time,e0,e1,e2,e3,e4,e5,e6,e7,e8,e9,e10,e11,e12,e13,e14,e15,e16,e17,e18,e19,e20,e21,e22,e23,e24,e25,e26,e27,e28,e29,r0,r1,r2,r3,r4,r5,r6,r7,r8,r9,r10,r11,r12,r13,r14,r15,r16,r17,r18,r19,r20,r21,r22,r23,r24,r25,r26,r27,r28,r29,minimum,maximum
0.00826388889,-3.34457212e-07,-3.34457212e-07,-3.34457212e-07,-3.34457212e-07,6.54559017e-09,6.54559017e-09,6.80626772e-09,6.72499466e-09,6.35171175e-09,6.35171175e-09,6.7692736e-09,6.78373989e-09,-2.69892351e-07,-2.74243124e-07,-2.74243124e-07,-2.74243124e-07,-2.7435553e-07,-2.69892351e-07,-8.42763567e-08,-8.42988451e-08,-8.43162362e-08,-8.51083868e-08,-8.42797139e-08,-8.62601071e-08,-6.96785419e-07,-6.97135556e-07,-6.96785419e-07,-6.98243367e-07,-3.92186815e-07,-3.90967937e-07,0,0,0,0,0,0,0,0,0,0,0,0,0,0,0,0,0,0,0,0,0,0,0,0,0,0,0,0,0,0,-6.98243367e-07,6.80626772e-09
0.0249305556,-4.60789569e-06,-4.60789569e-06,-4.60789569e-06,-4.60789569e-06,-1.09887009e-06,-1.09887009e-06,-1.09904932e-06,-1.09902438e-06,-1.09884478e-06,-1.09884478e-06,-1.09905941e-06,-1.09906681e-06,-5.02445893e-06,-4.99506854e-06,-4.99506854e-06,-4.99506854e-06,-4.99409318e-06,-5.02445893e-06,-1.27472026e-06,-1.27506245e-06,-1.27532708e-06,-1.28118407e-06,-1.27477136e-06,-1.28760781e-06,-6.1066094e-06,-6.12480171e-06,-6.1066094e-06,-6.1888905e-06,-5.85629209e-06,-5.87249126e-06,0,0,0,0,0,0,0,0,0,0,0,0,0,0,0,0,0,0,0,0,0,0,0,0,0,0,0,0,0,0,-6.1888905e-06,-1.09884478e-06
0.0415972222,-1.08146134e-05,-1.08146134e-05,-1.08146134e-05,-1.08146134e-05,-3.08164439e-06,-3.08164439e-06,-3.08630649e-06,-3.08494047e-06,-3.07837532e-06,-3.07837532e-06,-3.08573892e-06,-3.08598912e-06,-1.23987825e-05,-1.22329425e-05,-1.22329425e-05,-1.22329425e-05,-1.22277844e-05,-1.23987825e-05,-3.21093408e-06,-3.21177631e-06,-3.21242766e-06,-3.21243509e-06,-3.21105984e-06,-3.20103678e-06,-1.30748445e-05,-1.31453974e-05,-1.30748445e-05,-1.33956669e-05,-1.40614203e-05,-1.41737608e-05,0,0,0,0,0,0,0,0,0,0,0,0,0,0,0,0,0,0,0,0,0,0,0,0,0,0,0,0,0,0,-1.41737608e-05,-3.07837532e-06
0.0582638889,-1.66293261e-05,-1.66293261e-05,-1.66293261e-05,-1.66293261e-05,-5.31025014e-06,-5.31025014e-06,-5.32442559e-06,-5.32015667e-06,-5.29989633e-06,-5.29989633e-06,-5.32256664e-06,-5.32333676e-06,-1.95402872e-05,-1.91620895e-05,-1.91620895e-05,-1.91620895e-05,-1.91505196e-05,-1.95402872e-05,-5.34126574e-06,-5.34259337e-06,-5.34362018e-06,-5.31351628e-06,-5.34146399e-06,-5.24035315e-06,-1.88864032e-05,-1.90290006e-05,-1.88864032e-05,-1.95366243e-05,-2.14403222e-05,-2.17322234e-05,0,0,0,0,0,0,0,0,0,0,0,0,0,0,0,0,0,0,0,0,0,0,0,0,0,0,0,0,0,0,-2.17322234e-05,-5.24035315e-06
0.0749305556,-2.12487916e-05,-2.12487916e-05,-2.12487916e-05,-2.12487916e-05,-7.50519682e-06,-7.50519682e-06,-7.53240695e-06,-7.52413448e-06,-7.485038e-06,-7.485038e-06,-7.52874815e-06,-7.5302327e-06,-2.51895402e-05,-2.45877059e-05,-2.45877059e-05,-2.45877059e-05,-2.45694304e-05,-2.51895402e-05,-7.45755286e-06,-7.45927109e-06,-7.46060006e-06,-7.37831755e-06,-7.45780943e-06,-7.20397138e-06,-2.28685057e-05,-2.30810103e-05,-2.28685057e-05,-2.38387809e-05,-2.64168585e-05,-2.69174176e-05,0,0,0,0,0,0,0,0,0,0,0,0,0,0,0,0,0,0,0,0,0,0,0,0,0,0,0,0,0,0,-2.69174176e-05,-7.20397138e-06
0.0915972222,-2.4452219e-05,-2.4452219e-05,-2.4452219e-05,-2.4452219e-05,-9.5610028e-06,-9.5610028e-06,-9.60290314e-06,-9.59010408e-06,-9.52972739e-06,-9.52972739e-06,-9.59719822e-06,-9.59948892e-06,-2.88918834e-05,-2.81139326e-05,-2.81139326e-05,-2.81139326e-05,-2.80903885e-05,-2.88918834e-05,-9.4890234e-06,-9.49101483e-06,-9.49255518e-06,-9.34343585e-06,-9.48932076e-06,-9.04168312e-06,-2.51028001e-05,-2.5367338e-05,-2.51028001e-05,-2.63105711e-05,-2.85307983e-05,-2.92005502e-05,0,0,0,0,0,0,0,0,0,0,0,0,0,0,0,0,0,0,0,0,0,0,0,0,0,0,0,0,0,0,-2.92005502e-05,-9.04168312e-06
0.108263889,-2.62500294e-05,-2.62500294e-05,-2.62500294e-05,-2.62500294e-05,-1.14513767e-05,-1.14513767e-05,-1.1508096e-05,-1.14907218e-05,-1.14088325e-05,-1.14088325e-05,-1.15003153e-05,-1.15034197e-05,-3.06013935e-05,-2.97349068e-05,-2.97349068e-05,-2.97349068e-05,-2.9708697e-05,-3.06013935e-05,-1.14138529e-05,-1.14160017e-05,-1.1417664e-05,-1.11948655e-05,-1.14141737e-05,-1.07532973e-05,-2.58986181e-05,-2.61891124e-05,-2.58986181e-05,-2.72225583e-05,-2.7962233e-05,-2.87049442e-05,0,0,0,0,0,0,0,0,0,0,0,0,0,0,0,0,0,0,0,0,0,0,0,0,0,0,0,0,0,0,-3.06013935e-05,-1.07532973e-05
0.124930556,-2.67470467e-05,-2.67470467e-05,-2.67470467e-05,-2.67470467e-05,-1.31788802e-05,-1.31788802e-05,-1.32494509e-05,-1.32277944e-05,-1.31257505e-05,-1.31257505e-05,-1.32397213e-05,-1.32435863e-05,-3.04780893e-05,-2.96306905e-05,-2.96306905e-05,-2.96306905e-05,-2.96049943e-05,-3.04780893e-05,-1.32205348e-05,-1.32227341e-05,-1.32244355e-05,-1.29277592e-05,-1.32208632e-05,-1.23456927e-05,-2.5588859e-05,-2.58769043e-05,-2.5588859e-05,-2.68962071e-05,-2.52444109e-05,-2.59320208e-05,0,0,0,0,0,0,0,0,0,0,0,0,0,0,0,0,0,0,0,0,0,0,0,0,0,0,0,0,0,0,-3.04780893e-05,-1.23456927e-05
0.141597222,-2.60893286e-05,-2.60893286e-05,-2.60893286e-05,-2.60893286e-05,-1.47498838e-05,-1.47498838e-05,-1.48325781e-05,-1.4807169e-05,-1.46874335e-05,-1.46874335e-05,-1.48211351e-05,-1.48256657e-05,-2.87821523e-05,-2.80640833e-05,-2.80640833e-05,-2.80640833e-05,-2.80421487e-05,-2.87821523e-05,-1.48925873e-05,-1.48947387e-05,-1.48964031e-05,-1.45309275e-05,-1.48929085e-05,-1.381699e-05,-2.44607027e-05,-2.47194711e-05,-2.44607027e-05,-2.56257467e-05,-2.10741398e-05,-2.15758953e-05,0,0,0,0,0,0,0,0,0,0,0,0,0,0,0,0,0,0,0,0,0,0,0,0,0,0,0,0,0,0,-2.87821523e-05,-1.381699e-05
0.158263889,-2.44458087e-05,-2.44458087e-05,-2.44458087e-05,-2.44458087e-05,-1.61645094e-05,-1.61645094e-05,-1.62570595e-05,-1.62285959e-05,-1.60944171e-05,-1.60944171e-05,-1.62442161e-05,-1.62492875e-05,-2.58202352e-05,-2.53304876e-05,-2.53304876e-05,-2.53304876e-05,-2.53152312e-05,-2.58202352e-05,-1.64053524e-05,-1.64073642e-05,-1.64089208e-05,-1.59838818e-05,-1.64056528e-05,-1.51540507e-05,-2.27431876e-05,-2.29497859e-05,-2.27431876e-05,-2.36586242e-05,-1.61825797e-05,-1.63919109e-05,0,0,0,0,0,0,0,0,0,0,0,0,0,0,0,0,0,0,0,0,0,0,0,0,0,0,0,0,0,0,-2.58202352e-05,-1.51540507e-05
0.174930556,-2.20043271e-05,-2.20043271e-05,-2.20043271e-05,-2.20043271e-05,-1.74152e-05,-1.74152e-05,-1.75149357e-05,-1.74842409e-05,-1.73394539e-05,-1.73394539e-05,-1.75010623e-05,-1.75065274e-05,-2.1919369e-05,-2.17353766e-05,-2.17353766e-05,-2.17353766e-05,-2.17290879e-05,-2.1919369e-05,-1.77290474e-05,-1.77308335e-05,-1.77322156e-05,-1.72601649e-05,-1.7729314e-05,-1.63363262e-05,-2.06171485e-05,-2.07539011e-05,-2.06171485e-05,-2.1200414e-05,-1.12486268e-05,-1.11033194e-05,0,0,0,0,0,0,0,0,0,0,0,0,0,0,0,0,0,0,0,0,0,0,0,0,0,0,0,0,0,0,-2.20043271e-05,-1.11033194e-05
0.191597222,-1.89706408e-05,-1.89706408e-05,-1.89706408e-05,-1.89706408e-05,-1.84893267e-05,-1.84893267e-05,-1.85932709e-05,-1.85612639e-05,-1.8410152e-05,-1.8410152e-05,-1.8578782e-05,-1.85844771e-05,-1.74128587e-05,-1.7583476e-05,-1.7583476e-05,-1.7583476e-05,-1.7587617e-05,-1.74128587e-05,-1.88341076e-05,-1.88355882e-05,-1.88367342e-05,-1.83328534e-05,-1.88343286e-05,-1.73416683e-05,-1.82295697e-05,-1.82846086e-05,-1.82295697e-05,-1.84258568e-05,-6.84245013e-06,-6.33560637e-06,0,0,0,0,0,0,0,0,0,0,0,0,0,0,0,0,0,0,0,0,0,0,0,0,0,0,0,0,0,0,-1.89706408e-05,-6.33560637e-06
0.208263889,-1.55665596e-05,-1.55665596e-05,-1.55665596e-05,-1.55665596e-05,-1.93731271e-05,-1.93731271e-05,-1.94780768e-05,-1.9445747e-05,-1.92929259e-05,-1.92929259e-05,-1.94634196e-05,-1.94691682e-05,-1.2631113e-05,-1.31726934e-05,-1.31726934e-05,-1.31726934e-05,-1.31877869e-05,-1.2631113e-05,-1.96965533e-05,-1.96976572e-05,-1.96985119e-05,-1.91799911e-05,-1.9696718e-05,-1.81518863e-05,-1.57068604e-05,-1.56742512e-05,-1.57068604e-05,-1.54898717e-05,-3.39255769e-06,-2.57352198e-06,0,0,0,0,0,0,0,0,0,0,0,0,0,0,0,0,0,0,0,0,0,0,0,0,0,0,0,0,0,0,-1.96985119e-05,-2.57352198e-06
0.224930556,-1.20258318e-05,-1.20258318e-05,-1.20258318e-05,-1.20258318e-05,-2.00556911e-05,-2.00556911e-05,-2.01583012e-05,-2.01266824e-05,-1.99769804e-05,-1.99769804e-05,-2.01439436e-05,-2.01495616e-05,-7.89358175e-06,-8.7889295e-06,-8.7889295e-06,-8.7889295e-06,-8.8145295e-06,-7.89358175e-06,-2.03023445e-05,-2.03030125e-05,-2.030353e-05,-1.97889256e-05,-2.03024441e-05,-1.87570455e-05,-1.31644101e-05,-1.30439751e-05,-1.31644101e-05,-1.25355884e-05,-1.17222877e-06,-1.38318522e-07,0,0,0,0,0,0,0,0,0,0,0,0,0,0,0,0,0,0,0,0,0,0,0,0,0,0,0,0,0,0,-2.030353e-05,-1.38318522e-07
0.241597222,-8.58442233e-06,-8.58442233e-06,-8.58442233e-06,-8.58442233e-06,-2.05313905e-05,-2.05313905e-05,-2.06282698e-05,-2.05984106e-05,-2.04567306e-05,-2.04567306e-05,-2.06146873e-05,-2.0619988e-05,-3.49725085e-06,-4.69724406e-06,-4.69724406e-06,-4.69724406e-06,-4.73198139e-06,-3.49725085e-06,-2.06494515e-05,-2.06496398e-05,-2.06497864e-05,-2.01583057e-05,-2.06494795e-05,-1.91573219e-05,-1.07093158e-05,-1.05062291e-05,-1.07093158e-05,-9.69590299e-06,-2.98038027e-07,8.20829337e-07,0,0,0,0,0,0,0,0,0,0,0,0,0,0,0,0,0,0,0,0,0,0,0,0,0,0,0,0,0,0,-2.06497864e-05,8.20829337e-07
0.258263889,-5.47205026e-06,-5.47205026e-06,-5.47205026e-06,-5.47205026e-06,-2.08021866e-05,-2.08021866e-05,-2.08900027e-05,-2.08629341e-05,-2.07341028e-05,-2.07341028e-05,-2.08776635e-05,-2.08824638e-05,2.91378708e-07,-1.13625951e-06,-1.13625951e-06,-1.13625951e-06,-1.17795558e-06,2.91378708e-07,-2.07490699e-05,-2.07487539e-05,-2.07485103e-05,-2.02992547e-05,-2.07490227e-05,-1.93640712e-05,-8.4440248e-06,-8.16822486e-06,-8.4440248e-06,-7.09617468e-06,-7.45374724e-07,3.15577801e-07,0,0,0,0,0,0,0,0,0,0,0,0,0,0,0,0,0,0,0,0,0,0,0,0,0,0,0,0,0,0,-2.08900027e-05,3.15577801e-07
0.274930556,-2.89734701e-06,-2.89734701e-06,-2.89734701e-06,-2.89734701e-06,-2.08774598e-05,-2.08774598e-05,-2.09530517e-05,-2.0929752e-05,-2.08183585e-05,-2.08183585e-05,-2.09424011e-05,-2.0946527e-05,3.25042075e-06,1.69391407e-06,1.69391407e-06,1.69391407e-06,1.6480757e-06,3.25042075e-06,-2.06240344e-05,-2.06232104e-05,-2.06225738e-05,-2.02337455e-05,-2.06239113e-05,-1.93981065e-05,-6.46135203e-06,-6.12680158e-06,-6.46135203e-06,-4.8484452e-06,-2.36727307e-06,-1.49939358e-06,0,0,0,0,0,0,0,0,0,0,0,0,0,0,0,0,0,0,0,0,0,0,0,0,0,0,0,0,0,0,-2.09530517e-05,3.25042075e-06
0.291597222,-1.03810385e-06,-1.03810385e-06,-1.03810385e-06,-1.03810385e-06,-2.07744061e-05,-2.07744061e-05,-2.08348985e-05,-2.08162582e-05,-2.07264878e-05,-2.07264878e-05,-2.08263428e-05,-2.08296363e-05,5.20884434e-06,3.63635051e-06,3.63635051e-06,3.63635051e-06,3.58960832e-06,5.20884434e-06,-2.03075218e-05,-2.03062085e-05,-2.03051934e-05,-1.99933073e-05,-2.03073257e-05,-1.9288387e-05,-4.84534904e-06,-4.46916872e-06,-4.84534904e-06,-3.05166121e-06,-4.92673029e-06,-4.36074221e-06,0,0,0,0,0,0,0,0,0,0,0,0,0,0,0,0,0,0,0,0,0,0,0,0,0,0,0,0,0,0,-2.08348985e-05,5.20884434e-06
0.308263889,-2.76647127e-08,-2.76647127e-08,-2.76647127e-08,-2.76647127e-08,-2.05163718e-05,-2.05163718e-05,-2.05592837e-05,-2.05460719e-05,-2.04815497e-05,-2.04815497e-05,-2.05531749e-05,-2.05554998e-05,6.05725273e-06,4.58707337e-06,4.58707337e-06,4.58707337e-06,4.54284322e-06,6.05725273e-06,-1.98396422e-05,-1.98378804e-05,-1.98365182e-05,-1.96156758e-05,-1.98393791e-05,-1.90687481e-05,-3.66445687e-06,-3.26596172e-06,-3.66445687e-06,-1.7843344e-06,-8.12675462e-06,-7.93104448e-06,0,0,0,0,0,0,0,0,0,0,0,0,0,0,0,0,0,0,0,0,0,0,0,0,0,0,0,0,0,0,-2.05592837e-05,6.05725273e-06
0.324930556,5.41552123e-08,5.41552123e-08,5.41552123e-08,5.41552123e-08,-2.01312502e-05,-2.01312502e-05,-2.01545915e-05,-2.01474255e-05,-2.01110755e-05,-2.01110755e-05,-2.01512134e-05,-2.01524605e-05,5.752868e-06,4.49962571e-06,4.49962571e-06,4.49962571e-06,4.46124372e-06,5.752868e-06,-1.92642228e-05,-1.92620733e-05,-1.92604113e-05,-1.91416737e-05,-1.92639018e-05,-1.8774939e-05,-2.96843364e-06,-2.56809191e-06,-2.96843364e-06,-1.10109724e-06,-1.16436309e-05,-1.18382619e-05,0,0,0,0,0,0,0,0,0,0,0,0,0,0,0,0,0,0,0,0,0,0,0,0,0,0,0,0,0,0,-2.01545915e-05,5.752868e-06
0.341597222,-8.12671974e-07,-8.12671974e-07,-8.12671974e-07,-8.12671974e-07,-1.96495361e-05,-1.96495361e-05,-1.96518852e-05,-1.96512067e-05,-1.96451382e-05,-1.96451382e-05,-1.96514426e-05,-1.96515341e-05,4.32149929e-06,3.38728327e-06,3.38728327e-06,3.38728327e-06,3.35775443e-06,4.32149929e-06,-1.86254583e-05,-1.86229994e-05,-1.86210979e-05,-1.86120075e-05,-1.86250911e-05,-1.84416697e-05,-2.78522351e-06,-2.40358236e-06,-2.78522351e-06,-1.02943193e-06,-1.51580825e-05,-1.57137626e-05,0,0,0,0,0,0,0,0,0,0,0,0,0,0,0,0,0,0,0,0,0,0,0,0,0,0,0,0,0,0,-1.96518852e-05,4.32149929e-06
0.358263889,-2.58721684e-06,-2.58721684e-06,-2.58721684e-06,-2.58721684e-06,-1.91026436e-05,-1.91026436e-05,-1.90832025e-05,-1.90892601e-05,-1.91146873e-05,-1.91146873e-05,-1.90858129e-05,-1.90847054e-05,1.85404681e-06,1.32044544e-06,1.32044544e-06,1.32044544e-06,1.30221564e-06,1.85404681e-06,-1.79651446e-05,-1.79624679e-05,-1.79603978e-05,-1.80646807e-05,-1.79647449e-05,-1.81003362e-05,-3.12053158e-06,-2.77715748e-06,-3.12053158e-06,-1.56935188e-06,-1.83837563e-05,-1.9227359e-05,0,0,0,0,0,0,0,0,0,0,0,0,0,0,0,0,0,0,0,0,0,0,0,0,0,0,0,0,0,0,-1.9227359e-05,1.85404681e-06
0.374930556,-5.16813184e-06,-5.16813184e-06,-5.16813184e-06,-5.16813184e-06,-1.85207506e-05,-1.85207506e-05,-1.84793765e-05,-1.84922162e-05,-1.85494095e-05,-1.85494095e-05,-1.84850656e-05,-1.84827518e-05,-1.49764568e-06,-1.57602036e-06,-1.57602036e-06,-1.57602036e-06,-1.58125189e-06,-1.49764568e-06,-1.73198694e-05,-1.73170751e-05,-1.73149139e-05,-1.75323526e-05,-1.73194521e-05,-1.77766861e-05,-3.95519082e-06,-3.66767599e-06,-3.95519082e-06,-2.6911392e-06,-2.1086783e-05,-2.21123116e-05,0,0,0,0,0,0,0,0,0,0,0,0,0,0,0,0,0,0,0,0,0,0,0,0,0,0,0,0,0,0,-2.21123116e-05,-1.49764568e-06
0.391597222,-8.40060565e-06,-8.40060565e-06,-8.40060565e-06,-8.40060565e-06,-1.79313029e-05,-1.79313029e-05,-1.78685116e-05,-1.78879752e-05,-1.79762556e-05,-1.79762556e-05,-1.78772124e-05,-1.78737215e-05,-5.53071602e-06,-5.13081804e-06,-5.13081804e-06,-5.13081804e-06,-5.12223489e-06,-5.53071602e-06,-1.67192733e-05,-1.67164657e-05,-1.67142939e-05,-1.70408072e-05,-1.67188541e-05,-1.74896551e-05,-5.24680582e-06,-5.02986921e-06,-5.24680582e-06,-4.33750748e-06,-2.31007975e-05,-2.41839224e-05,0,0,0,0,0,0,0,0,0,0,0,0,0,0,0,0,0,0,0,0,0,0,0,0,0,0,0,0,0,0,-2.41839224e-05,-4.33750748e-06
0.408263889,-1.20862742e-05,-1.20862742e-05,-1.20862742e-05,-1.20862742e-05,-1.73578243e-05,-1.73578243e-05,-1.72747683e-05,-1.73005e-05,-1.74182681e-05,-1.74182681e-05,-1.72863239e-05,-1.72817199e-05,-1.00041842e-05,-9.13683723e-06,-9.13683723e-06,-9.13683723e-06,-9.11457927e-06,-1.00041842e-05,-1.61849442e-05,-1.61822262e-05,-1.61801236e-05,-1.66080167e-05,-1.61845384e-05,-1.72507412e-05,-6.93183912e-06,-6.79658613e-06,-6.93183912e-06,-6.42651811e-06,-2.43337308e-05,-2.53478474e-05,0,0,0,0,0,0,0,0,0,0,0,0,0,0,0,0,0,0,0,0,0,0,0,0,0,0,0,0,0,0,-2.53478474e-05,-6.42651811e-06
0.424930556,-1.59956853e-05,-1.59956853e-05,-1.59956853e-05,-1.59956853e-05,-1.68188612e-05,-1.68188612e-05,-1.67172834e-05,-1.67487444e-05,-1.68935453e-05,-1.68935453e-05,-1.67314535e-05,-1.67258332e-05,-1.46529138e-05,-1.33626889e-05,-1.33626889e-05,-1.33626889e-05,-1.33278586e-05,-1.46529138e-05,-1.57298657e-05,-1.57273346e-05,-1.57253765e-05,-1.62437486e-05,-1.57294877e-05,-1.7063899e-05,-8.92815815e-06,-8.88152197e-06,-8.92815815e-06,-8.85507347e-06,-2.47667155e-05,-2.55983412e-05,0,0,0,0,0,0,0,0,0,0,0,0,0,0,0,0,0,0,0,0,0,0,0,0,0,0,0,0,0,0,-2.55983412e-05,-8.85507347e-06
0.441597222,-1.98842398e-05,-1.98842398e-05,-1.98842398e-05,-1.98842398e-05,-1.63277564e-05,-1.63277564e-05,-1.62099234e-05,-1.62464119e-05,-1.64150302e-05,-1.64150302e-05,-1.62263931e-05,-1.62198822e-05,-1.9204553e-05,-1.75672101e-05,-1.75672101e-05,-1.75672101e-05,-1.75218107e-05,-1.9204553e-05,-1.5358886e-05,-1.53566295e-05,-1.53548837e-05,-1.59501573e-05,-1.53585491e-05,-1.69263573e-05,-1.11401046e-05,-1.1184504e-05,-1.11401046e-05,-1.15050928e-05,-2.44482388e-05,-2.5009864e-05,0,0,0,0,0,0,0,0,0,0,0,0,0,0,0,0,0,0,0,0,0,0,0,0,0,0,0,0,0,0,-2.5009864e-05,-1.11401046e-05
0.458263889,-2.35096762e-05,-2.35096762e-05,-2.35096762e-05,-2.35096762e-05,-1.58928907e-05,-1.58928907e-05,-1.57615087e-05,-1.58021864e-05,-1.59907659e-05,-1.59907659e-05,-1.57799005e-05,-1.57726486e-05,-2.33972392e-05,-2.1514898e-05,-2.1514898e-05,-2.1514898e-05,-2.14617079e-05,-2.33972392e-05,-1.50699087e-05,-1.50680016e-05,-1.5066526e-05,-1.5723073e-05,-1.5069624e-05,-1.68300818e-05,-1.34649226e-05,-1.35981585e-05,-1.34649226e-05,-1.42511437e-05,-2.348412e-05,-2.372308e-05,0,0,0,0,0,0,0,0,0,0,0,0,0,0,0,0,0,0,0,0,0,0,0,0,0,0,0,0,0,0,-2.372308e-05,-1.34649226e-05
0.474930556,-2.66468504e-05,-2.66468504e-05,-2.66468504e-05,-2.66468504e-05,-1.55177741e-05,-1.55177741e-05,-1.53758949e-05,-1.54198157e-05,-1.56239938e-05,-1.56239938e-05,-1.53957814e-05,-1.53879574e-05,-2.69940524e-05,-2.49883992e-05,-2.49883992e-05,-2.49883992e-05,-2.49307901e-05,-2.69940524e-05,-1.48549358e-05,-1.48534377e-05,-1.48522783e-05,-1.55530735e-05,-1.48547121e-05,-1.67629088e-05,-1.57962842e-05,-1.60116821e-05,-1.57962842e-05,-1.69651984e-05,-2.20207521e-05,-2.19233649e-05,0,0,0,0,0,0,0,0,0,0,0,0,0,0,0,0,0,0,0,0,0,0,0,0,0,0,0,0,0,0,-2.69940524e-05,-1.48522783e-05
0.491597222,-2.91022945e-05,-2.91022945e-05,-2.91022945e-05,-2.91022945e-05,-1.52014527e-05,-1.52014527e-05,-1.50523697e-05,-1.50985122e-05,-1.53135687e-05,-1.53135687e-05,-1.50732887e-05,-1.50650746e-05,-2.97965583e-05,-2.78006394e-05,-2.78006394e-05,-2.78006394e-05,-2.77423528e-05,-2.97965583e-05,-1.47014837e-05,-1.47004375e-05,-1.46996278e-05,-1.54269259e-05,-1.47013275e-05,-1.67100263e-05,-1.80295337e-05,-1.83163045e-05,-1.80295337e-05,-1.95229574e-05,-2.02274866e-05,-1.98182183e-05,0,0,0,0,0,0,0,0,0,0,0,0,0,0,0,0,0,0,0,0,0,0,0,0,0,0,0,0,0,0,-2.97965583e-05,-1.46996278e-05
0.508263889,-3.07280699e-05,-3.07280699e-05,-3.07280699e-05,-3.07280699e-05,-1.49396589e-05,-1.49396589e-05,-1.47868011e-05,-1.48341013e-05,-1.5055111e-05,-1.5055111e-05,-1.48082702e-05,-1.47998555e-05,-3.16577122e-05,-2.98068412e-05,-2.98068412e-05,-2.98068412e-05,-2.97517374e-05,-3.16577122e-05,-1.45946233e-05,-1.4594055e-05,-1.45936148e-05,-1.53296039e-05,-1.45945385e-05,-1.6655951e-05,-2.00685983e-05,-2.04124126e-05,-2.00685983e-05,-2.18117993e-05,-1.82811747e-05,-1.76173442e-05,0,0,0,0,0,0,0,0,0,0,0,0,0,0,0,0,0,0,0,0,0,0,0,0,0,0,0,0,0,0,-3.16577122e-05,-1.45936148e-05
0.524930556,-3.14303186e-05,-3.14303186e-05,-3.14303186e-05,-3.14303186e-05,-1.47256063e-05,-1.47256063e-05,-1.45724348e-05,-1.46198185e-05,-1.48417997e-05,-1.48417997e-05,-1.45939658e-05,-1.45855417e-05,-3.24887103e-05,-3.09111194e-05,-3.09111194e-05,-3.09111194e-05,-3.08629166e-05,-3.24887103e-05,-1.45185054e-05,-1.4518424e-05,-1.45183604e-05,-1.52457518e-05,-1.45184933e-05,-1.65858843e-05,-2.18292722e-05,-2.22130171e-05,-2.18292722e-05,-2.37349346e-05,-1.63497266e-05,-1.55127514e-05,0,0,0,0,0,0,0,0,0,0,0,0,0,0,0,0,0,0,0,0,0,0,0,0,0,0,0,0,0,0,-3.24887103e-05,-1.45183604e-05
0.541597222,-3.11751846e-05,-3.11751846e-05,-3.11751846e-05,-3.11751846e-05,-1.45510444e-05,-1.45510444e-05,-1.44009532e-05,-1.44473666e-05,-1.46654242e-05,-1.46654242e-05,-1.44220668e-05,-1.44138207e-05,-3.22640193e-05,-3.10719421e-05,-3.10719421e-05,-3.10719421e-05,-3.10339636e-05,-3.22640193e-05,-1.44579229e-05,-1.44583216e-05,-1.44586293e-05,-1.51611793e-05,-1.44579825e-05,-1.64870806e-05,-2.32438322e-05,-2.36485006e-05,-2.32438322e-05,-2.52166312e-05,-1.4579389e-05,-1.36638584e-05,0,0,0,0,0,0,0,0,0,0,0,0,0,0,0,0,0,0,0,0,0,0,0,0,0,0,0,0,0,0,-3.22640193e-05,-1.36638584e-05
0.558263889,-2.9989037e-05,-2.9989037e-05,-2.9989037e-05,-2.9989037e-05,-1.44068542e-05,-1.44068542e-05,-1.42630796e-05,-1.43075176e-05,-1.45169733e-05,-1.45169733e-05,-1.42833175e-05,-1.42754281e-05,-3.10203141e-05,-3.03021118e-05,-3.03021118e-05,-3.03021118e-05,-3.02770591e-05,-3.10203141e-05,-1.43992312e-05,-1.44000889e-05,-1.44007516e-05,-1.50636881e-05,-1.43993592e-05,-1.63495078e-05,-2.42624405e-05,-2.46681067e-05,-2.42624405e-05,-2.62039923e-05,-1.3083591e-05,-1.21856562e-05,0,0,0,0,0,0,0,0,0,0,0,0,0,0,0,0,0,0,0,0,0,0,0,0,0,0,0,0,0,0,-3.10203141e-05,-1.21856562e-05
0.574930556,-2.79554973e-05,-2.79554973e-05,-2.79554973e-05,-2.79554973e-05,-1.4283829e-05,-1.4283829e-05,-1.41493705e-05,-1.41909016e-05,-1.43874086e-05,-1.43874086e-05,-1.41683075e-05,-1.416094e-05,-2.88524006e-05,-2.8666295e-05,-2.8666295e-05,-2.8666295e-05,-2.86560617e-05,-2.88524006e-05,-1.43311888e-05,-1.43324722e-05,-1.43334641e-05,-1.49438102e-05,-1.43313804e-05,-1.61664061e-05,-2.48545133e-05,-2.52413378e-05,-2.48545133e-05,-2.66684024e-05,-1.19368416e-05,-1.11433446e-05,0,0,0,0,0,0,0,0,0,0,0,0,0,0,0,0,0,0,0,0,0,0,0,0,0,0,0,0,0,0,-2.88524006e-05,-1.11433446e-05
0.591597222,-2.52085832e-05,-2.52085832e-05,-2.52085832e-05,-2.52085832e-05,-1.41731892e-05,-1.41731892e-05,-1.40507399e-05,-1.40885277e-05,-1.42681707e-05,-1.42681707e-05,-1.40679934e-05,-1.40612961e-05,-2.59058879e-05,-2.62757533e-05,-2.62757533e-05,-2.62757533e-05,-2.62812946e-05,-2.59058879e-05,-1.42453424e-05,-1.42470077e-05,-1.42482949e-05,-1.47951041e-05,-1.4245591e-05,-1.59344267e-05,-2.50093508e-05,-2.53585573e-05,-2.50093508e-05,-2.66059538e-05,-1.11725202e-05,-1.05520452e-05,0,0,0,0,0,0,0,0,0,0,0,0,0,0,0,0,0,0,0,0,0,0,0,0,0,0,0,0,0,0,-2.66059538e-05,-1.05520452e-05
0.608263889,-2.19226029e-05,-2.19226029e-05,-2.19226029e-05,-2.19226029e-05,-1.40669931e-05,-1.40669931e-05,-1.39588842e-05,-1.39922049e-05,-1.41515814e-05,-1.41515814e-05,-1.39741223e-05,-1.39682234e-05,-2.2366306e-05,-2.32797904e-05,-2.32797904e-05,-2.32797904e-05,-2.3301054e-05,-2.2366306e-05,-1.41361301e-05,-1.41381255e-05,-1.41396681e-05,-1.46141657e-05,-1.4136428e-05,-1.56534831e-05,-2.47350447e-05,-2.50298261e-05,-2.47350447e-05,-2.60359307e-05,-1.07846574e-05,-1.03814071e-05,0,0,0,0,0,0,0,0,0,0,0,0,0,0,0,0,0,0,0,0,0,0,0,0,0,0,0,0,0,0,-2.60359307e-05,-1.03814071e-05
0.624930556,-1.82990233e-05,-1.82990233e-05,-1.82990233e-05,-1.82990233e-05,-1.39581491e-05,-1.39581491e-05,-1.38663054e-05,-1.38945615e-05,-1.4030846e-05,-1.4030846e-05,-1.38792532e-05,-1.38742584e-05,-1.84457554e-05,-1.98548892e-05,-1.98548892e-05,-1.98548892e-05,-1.98908155e-05,-1.84457554e-05,-1.40004577e-05,-1.40027254e-05,-1.40044787e-05,-1.44001236e-05,-1.40007962e-05,-1.5326112e-05,-2.40562901e-05,-2.42825874e-05,-2.40562901e-05,-2.49979241e-05,-1.07319603e-05,-1.05629043e-05,0,0,0,0,0,0,0,0,0,0,0,0,0,0,0,0,0,0,0,0,0,0,0,0,0,0,0,0,0,0,-2.49979241e-05,-1.05629043e-05
0.641597222,-1.45538532e-05,-1.45538532e-05,-1.45538532e-05,-1.45538532e-05,-1.38409466e-05,-1.38409466e-05,-1.37668564e-05,-1.37895865e-05,-1.39005751e-05,-1.39005751e-05,-1.37773008e-05,-1.37732915e-05,-1.43707337e-05,-1.61949306e-05,-1.61949306e-05,-1.61949306e-05,-1.62435181e-05,-1.43707337e-05,-1.38376709e-05,-1.38401494e-05,-1.38420656e-05,-1.41545393e-05,-1.3838041e-05,-1.49572571e-05,-2.30136238e-05,-2.31607558e-05,-2.30136238e-05,-2.35502656e-05,-1.09472501e-05,-1.10026121e-05,0,0,0,0,0,0,0,0,0,0,0,0,0,0,0,0,0,0,0,0,0,0,0,0,0,0,0,0,0,0,-2.35502656e-05,-1.09472501e-05
0.658263889,-1.09023815e-05,-1.09023815e-05,-1.09023815e-05,-1.09023815e-05,-1.37107227e-05,-1.37107227e-05,-1.36554181e-05,-1.36723029e-05,-1.37564423e-05,-1.37564423e-05,-1.36632104e-05,-1.36602426e-05,-1.0366928e-05,-1.24982059e-05,-1.24982059e-05,-1.24982059e-05,-1.25566403e-05,-1.0366928e-05,-1.36487022e-05,-1.36513276e-05,-1.36533574e-05,-1.38805026e-05,-1.36490942e-05,-1.45532854e-05,-2.16596225e-05,-2.17207268e-05,-2.16596225e-05,-2.1765237e-05,-1.13454277e-05,-1.15921297e-05,0,0,0,0,0,0,0,0,0,0,0,0,0,0,0,0,0,0,0,0,0,0,0,0,0,0,0,0,0,0,-2.1765237e-05,-1.0366928e-05
0.674930556,-7.54543885e-06,-7.54543885e-06,-7.54543885e-06,-7.54543885e-06,-1.35638619e-05,-1.35638619e-05,-1.35279124e-05,-1.35387769e-05,-1.35951749e-05,-1.35951749e-05,-1.35329696e-05,-1.35310737e-05,-6.64541004e-06,-8.95542726e-06,-8.95542726e-06,-8.95542726e-06,-9.02026298e-06,-6.64541004e-06,-1.34355261e-05,-1.34382343e-05,-1.34403282e-05,-1.35820357e-05,-1.34359305e-05,-1.41213179e-05,-2.00553221e-05,-2.00276014e-05,-2.00553221e-05,-1.97244789e-05,-1.1833553e-05,-1.22209908e-05,0,0,0,0,0,0,0,0,0,0,0,0,0,0,0,0,0,0,0,0,0,0,0,0,0,0,0,0,0,0,-2.00553221e-05,-6.64541004e-06
0.691597222,-4.65774294e-06,-4.65774294e-06,-4.65774294e-06,-4.65774294e-06,-1.33977501e-05,-1.33977501e-05,-1.33812648e-05,-1.33860774e-05,-1.34145006e-05,-1.34145006e-05,-1.33835691e-05,-1.33827498e-05,-3.39157347e-06,-5.74003614e-06,-5.74003614e-06,-5.74003614e-06,-5.80741869e-06,-3.39157347e-06,-1.32006597e-05,-1.32033878e-05,-1.32054969e-05,-1.32635714e-05,-1.32010671e-05,-1.3668683e-05,-1.82681114e-05,-1.815287e-05,-1.82681114e-05,-1.75158153e-05,-1.2320974e-05,-1.27882092e-05,0,0,0,0,0,0,0,0,0,0,0,0,0,0,0,0,0,0,0,0,0,0,0,0,0,0,0,0,0,0,-1.82681114e-05,-3.39157347e-06
0.708263889,-2.37657067e-06,-2.37657067e-06,-2.37657067e-06,-2.37657067e-06,-1.32103021e-05,-1.32103021e-05,-1.32129428e-05,-1.32118116e-05,-1.32126683e-05,-1.32126683e-05,-1.32125401e-05,-1.32127775e-05,-7.53369029e-07,-2.99720089e-06,-2.99720089e-06,-2.99720089e-06,-3.06311517e-06,-7.53369029e-07,-1.29463529e-05,-1.29490399e-05,-1.29511173e-05,-1.2929115e-05,-1.29467541e-05,-1.32020473e-05,-1.6366552e-05,-1.61690342e-05,-1.6366552e-05,-1.5227077e-05,-1.27262644e-05,-1.32097154e-05,0,0,0,0,0,0,0,0,0,0,0,0,0,0,0,0,0,0,0,0,0,0,0,0,0,0,0,0,0,0,-1.6366552e-05,-7.53369029e-07
0.724930556,-7.95212171e-07,-7.95212171e-07,-7.95212171e-07,-7.95212171e-07,-1.29999464e-05,-1.29999464e-05,-1.30209481e-05,-1.30141143e-05,-1.29884256e-05,-1.29884256e-05,-1.30179452e-05,-1.30191956e-05,1.16518768e-06,-8.3749556e-07,-8.3749556e-07,-8.3749556e-07,-8.98023456e-07,1.16518768e-06,-1.2674333e-05,-1.26769215e-05,-1.26789227e-05,-1.25819785e-05,-1.26747195e-05,-1.27271481e-05,-1.44183427e-05,-1.41473818e-05,-1.44183428e-05,-1.29431309e-05,-1.29845014e-05,-1.34251882e-05,0,0,0,0,0,0,0,0,0,0,0,0,0,0,0,0,0,0,0,0,0,0,0,0,0,0,0,0,0,0,-1.44183428e-05,1.16518768e-06
0.741597222,4.08712393e-08,4.08712393e-08,4.08712393e-08,4.08712393e-08,-1.2765586e-05,-1.2765586e-05,-1.28037866e-05,-1.27916152e-05,-1.27409747e-05,-1.27409747e-05,-1.27983468e-05,-1.28005446e-05,2.30765375e-06,6.67229532e-07,6.67229532e-07,6.67229532e-07,6.15659944e-07,2.30765375e-06,-1.23856508e-05,-1.23880878e-05,-1.23899718e-05,-1.22246161e-05,-1.23860148e-05,-1.22486256e-05,-1.24881047e-05,-1.21556165e-05,-1.24881047e-05,-1.07429101e-05,-1.30520663e-05,-1.34016501e-05,0,0,0,0,0,0,0,0,0,0,0,0,0,0,0,0,0,0,0,0,0,0,0,0,0,0,0,0,0,0,-1.34016501e-05,2.30765375e-06
0.758263889,1.33457473e-07,1.33457473e-07,1.33457473e-07,1.33457473e-07,-1.25069563e-05,-1.25069563e-05,-1.25608338e-05,-1.25438021e-05,-1.24703231e-05,-1.24703231e-05,-1.25531718e-05,-1.25562314e-05,2.66465658e-06,1.48444662e-06,1.48444662e-06,1.48444662e-06,1.44483733e-06,2.66465658e-06,-1.20810278e-05,-1.20832653e-05,-1.2084995e-05,-1.18589611e-05,-1.2081362e-05,-1.17703575e-05,-1.0636553e-05,-1.02569117e-05,-1.0636553e-05,-8.69803513e-06,-1.29105165e-05,-1.31355863e-05,0,0,0,0,0,0,0,0,0,0,0,0,0,0,0,0,0,0,0,0,0,0,0,0,0,0,0,0,0,0,-1.31355863e-05,2.66465658e-06
0.774930556,-4.68692988e-07,-4.68692988e-07,-4.68692988e-07,-4.68692988e-07,-1.22239916e-05,-1.22239916e-05,-1.22917077e-05,-1.22703917e-05,-1.21766462e-05,-1.21766462e-05,-1.22820836e-05,-1.22859019e-05,2.27471468e-06,1.62334231e-06,1.62334231e-06,1.62334231e-06,1.5979402e-06,2.27471468e-06,-1.17603448e-05,-1.17623409e-05,-1.17638839e-05,-1.14859083e-05,-1.17606429e-05,-1.12949382e-05,-8.91565285e-06,-8.50497309e-06,-8.91565286e-06,-6.86755298e-06,-1.25633391e-05,-1.26476206e-05,0,0,0,0,0,0,0,0,0,0,0,0,0,0,0,0,0,0,0,0,0,0,0,0,0,0,0,0,0,0,-1.26476206e-05,2.27471468e-06
0.791597222,-1.67652e-06,-1.67652e-06,-1.67652e-06,-1.67652e-06,-1.19171518e-05,-1.19171518e-05,-1.19966006e-05,-1.19716595e-05,-1.18606097e-05,-1.18606097e-05,-1.19853127e-05,-1.1989772e-05,1.21780939e-06,1.13034922e-06,1.13034922e-06,1.13034922e-06,1.1205111e-06,1.21780939e-06,-1.14231706e-05,-1.14248902e-05,-1.14262194e-05,-1.11058401e-05,-1.14234275e-05,-1.08242074e-05,-7.36926345e-06,-6.94462517e-06,-7.36926346e-06,-5.29836187e-06,-1.203487e-05,-1.19793039e-05,0,0,0,0,0,0,0,0,0,0,0,0,0,0,0,0,0,0,0,0,0,0,0,0,0,0,0,0,0,0,-1.203487e-05,1.21780939e-06
0.808263889,-3.36733387e-06,-3.36733387e-06,-3.36733387e-06,-3.36733387e-06,-1.15872628e-05,-1.15872628e-05,-1.16761256e-05,-1.16482849e-05,-1.15232058e-05,-1.15232058e-05,-1.16635029e-05,-1.16684736e-05,-3.90647909e-07,8.53590887e-08,8.53590887e-08,8.53590887e-08,9.14756778e-08,-3.90647909e-07,-1.10688573e-05,-1.10702724e-05,-1.10713661e-05,-1.07187023e-05,-1.10690687e-05,-1.03593018e-05,-6.0310233e-06,-5.60968539e-06,-6.0310233e-06,-4.02311213e-06,-1.13649592e-05,-1.11858864e-05,0,0,0,0,0,0,0,0,0,0,0,0,0,0,0,0,0,0,0,0,0,0,0,0,0,0,0,0,0,0,-1.16761256e-05,9.14756778e-08
0.824930556,-5.39576898e-06,-5.39576898e-06,-5.39576898e-06,-5.39576898e-06,-1.12359686e-05,-1.12359686e-05,-1.13317718e-05,-1.13018051e-05,-1.11662024e-05,-1.11662024e-05,-1.13181656e-05,-1.13235099e-05,-2.41043805e-06,-1.40656409e-06,-1.40656409e-06,-1.40656409e-06,-1.38508148e-06,-2.41043805e-06,-1.0697244e-05,-1.06983345e-05,-1.06991772e-05,-1.03247081e-05,-1.0697407e-05,-9.90135445e-06,-4.92588709e-06,-4.52452447e-06,-4.92588709e-06,-3.06193877e-06,-1.0605421e-05,-1.03312361e-05,0,0,0,0,0,0,0,0,0,0,0,0,0,0,0,0,0,0,0,0,0,0,0,0,0,0,0,0,0,0,-1.13317718e-05,-1.38508148e-06
0.841597222,-7.60304889e-06,-7.60304889e-06,-7.60304889e-06,-7.60304889e-06,-1.08654849e-05,-1.08654849e-05,-1.09656611e-05,-1.09343709e-05,-1.07918944e-05,-1.07918944e-05,-1.09514364e-05,-1.09570111e-05,-4.68480954e-06,-3.22117112e-06,-3.22117112e-06,-3.22117112e-06,-3.185841e-06,-4.68480954e-06,-1.03087074e-05,-1.03094614e-05,-1.0310044e-05,-9.92437904e-06,-1.03088201e-05,-9.45151892e-06,-4.0683618e-06,-3.70236243e-06,-4.0683618e-06,-2.42107773e-06,-9.8128465e-06,-9.47966979e-06,0,0,0,0,0,0,0,0,0,0,0,0,0,0,0,0,0,0,0,0,0,0,0,0,0,0,0,0,0,0,-1.09656611e-05,-2.42107773e-06
0.858263889,-9.82830569e-06,-9.82830569e-06,-9.82830569e-06,-9.82830569e-06,-1.04787462e-05,-1.04787462e-05,-1.05806964e-05,-1.05488947e-05,-1.040325e-05,-1.040325e-05,-1.05662229e-05,-1.05718836e-05,-7.05186506e-06,-5.22435363e-06,-5.22435363e-06,-5.22435363e-06,-5.17751673e-06,-7.05186506e-06,-9.90453277e-06,-9.90494684e-06,-9.9052667e-06,-9.5189118e-06,-9.90459464e-06,-9.01131823e-06,-3.46393465e-06,-3.1467813e-06,-3.46393466e-06,-2.09479588e-06,-9.0431297e-06,-8.690069e-06,0,0,0,0,0,0,0,0,0,0,0,0,0,0,0,0,0,0,0,0,0,0,0,0,0,0,0,0,0,0,-1.05806964e-05,-2.09479588e-06
0.874930556,-1.19182995e-05,-1.19182995e-05,-1.19182995e-05,-1.19182995e-05,-1.00793383e-05,-1.00793383e-05,-1.01804956e-05,-1.0148984e-05,-1.00038416e-05,-1.00038416e-05,-1.01661387e-05,-1.01717427e-05,-9.35370764e-06,-7.27953951e-06,-7.27953951e-06,-7.27953951e-06,-7.22420032e-06,-9.35370764e-06,-9.48703807e-06,-9.48711746e-06,-9.48717859e-06,-9.11029132e-06,-9.48704994e-06,-8.58273391e-06,-3.10860291e-06,-2.85136748e-06,-3.10860292e-06,-2.06555988e-06,-8.34576447e-06,-8.01035503e-06,0,0,0,0,0,0,0,0,0,0,0,0,0,0,0,0,0,0,0,0,0,0,0,0,0,0,0,0,0,0,-1.19182995e-05,-2.06555988e-06
0.891597222,-1.3735926e-05,-1.3735926e-05,-1.3735926e-05,-1.3735926e-05,-9.67111018e-06,-9.67111018e-06,-9.76899913e-06,-9.73855017e-06,-9.5974612e-06,-9.5974612e-06,-9.7551115e-06,-9.76052156e-06,-1.14447224e-05,-9.25474739e-06,-9.25474739e-06,-9.25474739e-06,-9.19437786e-06,-1.14447224e-05,-9.05933768e-06,-9.05909593e-06,-9.0589088e-06,-8.70107279e-06,-9.05930157e-06,-8.16800172e-06,-2.9890584e-06,-2.80001138e-06,-2.9890584e-06,-2.30486451e-06,-7.75840116e-06,-7.47265171e-06,0,0,0,0,0,0,0,0,0,0,0,0,0,0,0,0,0,0,0,0,0,0,0,0,0,0,0,0,0,0,-1.3735926e-05,-2.30486451e-06
0.904097222,-1.48516116e-05,-1.48516116e-05,-1.48516116e-05,-1.48516116e-05,-9.36170888e-06,-9.36170888e-06,-9.45560975e-06,-9.42643704e-06,-9.2905996e-06,-9.2905996e-06,-9.44229309e-06,-9.44747254e-06,-1.27987403e-05,-1.06112226e-05,-1.06112226e-05,-1.06112226e-05,-1.0549515e-05,-1.27987403e-05,-8.73430924e-06,-8.73384032e-06,-8.73347761e-06,-8.39574679e-06,-8.73423919e-06,-7.86764716e-06,-3.04201774e-06,-2.90770877e-06,-3.04201774e-06,-2.63877677e-06,-7.40508977e-06,-7.17258211e-06,0,0,0,0,0,0,0,0,0,0,0,0,0,0,0,0,0,0,0,0,0,0,0,0,0,0,0,0,0,0,-1.48516116e-05,-2.63877677e-06
0.908263889,-1.51687522e-05,-1.51687522e-05,-1.51687522e-05,-1.51687522e-05,-9.25836383e-06,-9.25836383e-06,-9.35065813e-06,-9.32199722e-06,-9.18831027e-06,-9.18831027e-06,-9.33757131e-06,-9.34265856e-06,-1.32005372e-05,-1.10307852e-05,-1.10307852e-05,-1.10307852e-05,-1.09691024e-05,-1.32005372e-05,-8.62557935e-06,-8.62503797e-06,-8.62461924e-06,-8.29461999e-06,-8.62549848e-06,-7.76984105e-06,-3.08491843e-06,-2.96927798e-06,-3.08491843e-06,-2.77621677e-06,-7.30523011e-06,-7.0926955e-06,0,0,0,0,0,0,0,0,0,0,0,0,0,0,0,0,0,0,0,0,0,0,0,0,0,0,0,0,0,0,-1.51687522e-05,-2.77621677e-06
0.912430556,-1.54565979e-05,-1.54565979e-05,-1.54565979e-05,-1.54565979e-05,-9.15503891e-06,-9.15503891e-06,-9.24559369e-06,-9.21748601e-06,-9.0861417e-06,-9.0861417e-06,-9.23275566e-06,-9.23774336e-06,-1.35752275e-05,-1.14315667e-05,-1.14315667e-05,-1.14315667e-05,-1.13701428e-05,-1.35752275e-05,-8.51679614e-06,-8.51618411e-06,-8.51571076e-06,-8.19393036e-06,-8.51670471e-06,-7.67327671e-06,-3.13971753e-06,-3.04287433e-06,-3.13971753e-06,-2.92557702e-06,-7.21449015e-06,-7.02276841e-06,0,0,0,0,0,0,0,0,0,0,0,0,0,0,0,0,0,0,0,0,0,0,0,0,0,0,0,0,0,0,-1.54565979e-05,-2.92557702e-06
0.916597222,-1.5714113e-05,-1.5714113e-05,-1.5714113e-05,-1.5714113e-05,-9.0517934e-06,-9.0517934e-06,-9.14047937e-06,-9.11296518e-06,-8.98415065e-06,-8.98415065e-06,-9.12790857e-06,-9.13278958e-06,-1.39215241e-05,-1.18121424e-05,-1.18121424e-05,-1.18121424e-05,-1.17512096e-05,-1.39215241e-05,-8.40803009e-06,-8.40734932e-06,-8.40682285e-06,-8.09373101e-06,-8.40792839e-06,-7.57798943e-06,-3.20587523e-06,-3.12790849e-06,-3.20587523e-06,-3.08606674e-06,-7.13280584e-06,-6.96256956e-06,0,0,0,0,0,0,0,0,0,0,0,0,0,0,0,0,0,0,0,0,0,0,0,0,0,0,0,0,0,0,-1.5714113e-05,-3.08606674e-06
0.920763889,-1.59404277e-05,-1.59404277e-05,-1.59404277e-05,-1.59404277e-05,-8.94869289e-06,-8.94869289e-06,-9.03538458e-06,-9.00850294e-06,-8.88239998e-06,-8.88239998e-06,-9.02309891e-06,-9.0278663e-06,-1.42383095e-05,-1.21712257e-05,-1.21712257e-05,-1.21712257e-05,-1.21110129e-05,-1.42383095e-05,-8.29936082e-06,-8.29861333e-06,-8.2980353e-06,-7.99408336e-06,-8.29924915e-06,-7.48402149e-06,-3.28287861e-06,-3.22381819e-06,-3.28287861e-06,-3.25692439e-06,-7.0600857e-06,-6.91183992e-06,0,0,0,0,0,0,0,0,0,0,0,0,0,0,0,0,0,0,0,0,0,0,0,0,0,0,0,0,0,0,-1.59404277e-05,-3.22381819e-06
0.924930556,-1.61348255e-05,-1.61348255e-05,-1.61348255e-05,-1.61348255e-05,-8.84580041e-06,-8.84580041e-06,-8.9303763e-06,-8.90416503e-06,-8.78094997e-06,-8.78094997e-06,-8.91839309e-06,-8.92304015e-06,-1.45245916e-05,-1.25076252e-05,-1.25076252e-05,-1.25076252e-05,-1.24483577e-05,-1.45245916e-05,-8.19086695e-06,-8.19005486e-06,-8.1894269e-06,-7.89504762e-06,-8.19074562e-06,-7.39141353e-06,-3.37020181e-06,-3.33002837e-06,-3.37020181e-06,-3.43737814e-06,-6.99617511e-06,-6.87025726e-06,0,0,0,0,0,0,0,0,0,0,0,0,0,0,0,0,0,0,0,0,0,0,0,0,0,0,0,0,0,0,-1.61348255e-05,-3.33002837e-06
0.929097222,-1.62967999e-05,-1.62967999e-05,-1.62967999e-05,-1.62967999e-05,-8.7432e-06,-8.7432e-06,-8.82554266e-06,-8.80003829e-06,-8.67988175e-06,-8.67988175e-06,-8.81387866e-06,-8.81839893e-06,-1.47795856e-05,-1.28203263e-05,-1.28203263e-05,-1.28203263e-05,-1.27622245e-05,-1.47795856e-05,-8.08264843e-06,-8.08177397e-06,-8.0810978e-06,-7.79670482e-06,-8.08251779e-06,-7.30022619e-06,-3.4673897e-06,-3.44603537e-06,-3.4673897e-06,-3.62673163e-06,-6.9409596e-06,-6.83754147e-06,0,0,0,0,0,0,0,0,0,0,0,0,0,0,0,0,0,0,0,0,0,0,0,0,0,0,0,0,0,0,-1.62967999e-05,-3.44603537e-06
0.933263889,-1.64259234e-05,-1.64259234e-05,-1.64259234e-05,-1.64259234e-05,-8.64096825e-06,-8.64096825e-06,-8.72096463e-06,-8.69620232e-06,-8.57926882e-06,-8.57926882e-06,-8.70963596e-06,-8.71402321e-06,-1.50025873e-05,-1.31083648e-05,-1.31083648e-05,-1.31083648e-05,-1.30516436e-05,-1.50025873e-05,-7.97479992e-06,-7.97386538e-06,-7.97314279e-06,-7.69912935e-06,-7.9746603e-06,-7.21051144e-06,-3.57391406e-06,-3.57126332e-06,-3.57391406e-06,-3.82422141e-06,-6.89423673e-06,-6.81332915e-06,0,0,0,0,0,0,0,0,0,0,0,0,0,0,0,0,0,0,0,0,0,0,0,0,0,0,0,0,0,0,-1.64259234e-05,-3.57126332e-06
0.937430556,-1.65218872e-05,-1.65218872e-05,-1.65218872e-05,-1.65218872e-05,-8.53917443e-06,-8.53917443e-06,-8.61671595e-06,-8.59272944e-06,-8.47917726e-06,-8.47917726e-06,-8.6057381e-06,-8.60998635e-06,-1.51930047e-05,-1.33708614e-05,-1.33708614e-05,-1.33708614e-05,-1.33157295e-05,-1.51930047e-05,-7.86741019e-06,-7.86641798e-06,-7.86565081e-06,-7.6023895e-06,-7.86726195e-06,-7.12231462e-06,-3.68921271e-06,-3.70510302e-06,-3.68921271e-06,-4.02905494e-06,-6.85572965e-06,-6.79718605e-06,0,0,0,0,0,0,0,0,0,0,0,0,0,0,0,0,0,0,0,0,0,0,0,0,0,0,0,0,0,0,-1.65218872e-05,-3.68921271e-06
0.941597222,-1.65845489e-05,-1.65845489e-05,-1.65845489e-05,-1.65845489e-05,-8.43789008e-06,-8.43789008e-06,-8.5128728e-06,-8.48969439e-06,-8.37967533e-06,-8.37967533e-06,-8.5022606e-06,-8.50636413e-06,-1.53503901e-05,-1.36070545e-05,-1.36070545e-05,-1.36070545e-05,-1.35537131e-05,-1.53503901e-05,-7.76057215e-06,-7.75952475e-06,-7.75871493e-06,-7.506557e-06,-7.76041567e-06,-7.03568345e-06,-3.81272524e-06,-3.84694794e-06,-3.81272524e-06,-4.2404476e-06,-6.82512813e-06,-6.78865005e-06,0,0,0,0,0,0,0,0,0,0,0,0,0,0,0,0,0,0,0,0,0,0,0,0,0,0,0,0,0,0,-1.65845489e-05,-3.81272524e-06
0.945763889,-1.6613857e-05,-1.6613857e-05,-1.6613857e-05,-1.6613857e-05,-8.3371748e-06,-8.3371748e-06,-8.40949952e-06,-8.38716001e-06,-8.28081925e-06,-8.28081925e-06,-8.39926712e-06,-8.4032205e-06,-1.54743943e-05,-1.38162564e-05,-1.38162564e-05,-1.38162564e-05,-1.37648991e-05,-1.54743943e-05,-7.65436808e-06,-7.65326805e-06,-7.65241755e-06,-7.41169266e-06,-7.65420373e-06,-6.95065413e-06,-3.94385063e-06,-3.99615175e-06,-3.94385063e-06,-4.4575797e-06,-6.8020336e-06,-6.78717641e-06,0,0,0,0,0,0,0,0,0,0,0,0,0,0,0,0,0,0,0,0,0,0,0,0,0,0,0,0,0,0,-1.6613857e-05,-3.94385063e-06
0.949930556,-1.6609912e-05,-1.6609912e-05,-1.6609912e-05,-1.6609912e-05,-8.23709508e-06,-8.23709508e-06,-8.30666738e-06,-8.28519606e-06,-8.18267205e-06,-8.18267205e-06,-8.29682826e-06,-8.30062629e-06,-1.55648366e-05,-1.3997925e-05,-1.3997925e-05,-1.3997925e-05,-1.39487368e-05,-1.55648366e-05,-7.54888811e-06,-7.54773808e-06,-7.54684893e-06,-7.31786509e-06,-7.54871629e-06,-6.8672704e-06,-4.08202614e-06,-4.15210741e-06,-4.08202614e-06,-4.67967667e-06,-6.78605294e-06,-6.79223211e-06,0,0,0,0,0,0,0,0,0,0,0,0,0,0,0,0,0,0,0,0,0,0,0,0,0,0,0,0,0,0,-1.6609912e-05,-4.08202614e-06
0.954097222,-1.65729365e-05,-1.65729365e-05,-1.65729365e-05,-1.65729365e-05,-8.13771421e-06,-8.13771421e-06,-8.20444464e-06,-8.18386925e-06,-8.08529351e-06,-8.08529351e-06,-8.19501155e-06,-8.19864934e-06,-1.56216567e-05,-1.41516157e-05,-1.41516157e-05,-1.41516157e-05,-1.41047723e-05,-1.56216567e-05,-7.4442198e-06,-7.44302245e-06,-7.44209674e-06,-7.22513961e-06,-7.44404089e-06,-6.78557156e-06,-4.22666239e-06,-4.3141826e-06,-4.22666238e-06,-4.90594539e-06,-6.77674364e-06,-6.80324311e-06,0,0,0,0,0,0,0,0,0,0,0,0,0,0,0,0,0,0,0,0,0,0,0,0,0,0,0,0,0,0,-1.65729365e-05,-4.22666238e-06
0.958263889,-1.65032902e-05,-1.65032902e-05,-1.65032902e-05,-1.65032902e-05,-8.03909039e-06,-8.03909039e-06,-8.10289451e-06,-8.0832412e-06,-7.98873822e-06,-7.98873822e-06,-8.09387949e-06,-8.09735242e-06,-1.56449103e-05,-1.42769806e-05,-1.42769806e-05,-1.42769806e-05,-1.42326478e-05,-1.56449103e-05,-7.34044532e-06,-7.33920342e-06,-7.33824329e-06,-7.13357619e-06,-7.34025975e-06,-6.70559138e-06,-4.37715165e-06,-4.48172781e-06,-4.37715165e-06,-5.13558191e-06,-6.77361412e-06,-6.8195941e-06,0,0,0,0,0,0,0,0,0,0,0,0,0,0,0,0,0,0,0,0,0,0,0,0,0,0,0,0,0,0,-1.65032902e-05,-4.37715165e-06
0.962430556,-1.64014007e-05,-1.64014007e-05,-1.64014007e-05,-1.64014007e-05,-7.94126728e-06,-7.94126728e-06,-8.0020658e-06,-7.98335912e-06,-7.89304612e-06,-7.89304612e-06,-7.99348017e-06,-7.9967839e-06,-1.5634724e-05,-1.43737231e-05,-1.43737231e-05,-1.43737231e-05,-1.43320564e-05,-1.5634724e-05,-7.23763337e-06,-7.23634974e-06,-7.23535735e-06,-7.04322053e-06,-7.23744156e-06,-6.62734807e-06,-4.53282282e-06,-4.65403165e-06,-4.53282282e-06,-5.36772772e-06,-6.77608191e-06,-6.84058891e-06,0,0,0,0,0,0,0,0,0,0,0,0,0,0,0,0,0,0,0,0,0,0,0,0,0,0,0,0,0,0,-1.64014007e-05,-4.53282282e-06
0.966597222,-1.62677847e-05,-1.62677847e-05,-1.62677847e-05,-1.62677847e-05,-7.84428477e-06,-7.84428477e-06,-7.9020037e-06,-7.88426651e-06,-7.7982533e-06,-7.7982533e-06,-7.893858e-06,-7.8969885e-06,-1.5591333e-05,-1.44416389e-05,-1.44416389e-05,-1.44416389e-05,-1.44027826e-05,-1.5591333e-05,-7.13584817e-06,-7.13452566e-06,-7.13350323e-06,-6.95411334e-06,-7.13565055e-06,-6.55085406e-06,-4.69298653e-06,-4.83036584e-06,-4.69298653e-06,-5.60151458e-06,-6.78352576e-06,-6.86550251e-06,0,0,0,0,0,0,0,0,0,0,0,0,0,0,0,0,0,0,0,0,0,0,0,0,0,0,0,0,0,0,-1.62677847e-05,-4.69298653e-06
0.970763889,-1.6103124e-05,-1.6103124e-05,-1.6103124e-05,-1.6103124e-05,-7.74818897e-06,-7.74818897e-06,-7.80275958e-06,-7.78601312e-06,-7.70440209e-06,-7.70440209e-06,-7.79506363e-06,-7.79801716e-06,-1.5515133e-05,-1.44806698e-05,-1.44806698e-05,-1.44806698e-05,-1.4444757e-05,-1.5515133e-05,-7.03516115e-06,-7.03380266e-06,-7.03275244e-06,-6.86630287e-06,-7.03495815e-06,-6.4761295e-06,-4.85701005e-06,-5.0100601e-06,-4.85701005e-06,-5.83613907e-06,-6.79535301e-06,-6.89364749e-06,0,0,0,0,0,0,0,0,0,0,0,0,0,0,0,0,0,0,0,0,0,0,0,0,0,0,0,0,0,0,-1.6103124e-05,-4.85701005e-06
0.974930556,-1.59082187e-05,-1.59082187e-05,-1.59082187e-05,-1.59082187e-05,-7.65302042e-06,-7.65302042e-06,-7.70437938e-06,-7.68864316e-06,-7.6115291e-06,-7.6115291e-06,-7.69714219e-06,-7.69991533e-06,-1.54066209e-05,-1.44908457e-05,-1.44908457e-05,-1.44908457e-05,-1.44579973e-05,-1.54066209e-05,-6.93563957e-06,-6.93424804e-06,-6.9331723e-06,-6.77983257e-06,-6.93543163e-06,-6.40318875e-06,-5.02424717e-06,-5.19243235e-06,-5.02424717e-06,-6.07079426e-06,-6.81093825e-06,-6.92431503e-06,0,0,0,0,0,0,0,0,0,0,0,0,0,0,0,0,0,0,0,0,0,0,0,0,0,0,0,0,0,0,-1.59082187e-05,-5.02424717e-06
0.979097222,-1.56839914e-05,-1.56839914e-05,-1.56839914e-05,-1.56839914e-05,-7.55882305e-06,-7.55882305e-06,-7.60691249e-06,-7.59220431e-06,-7.51967433e-06,-7.51967433e-06,-7.60014232e-06,-7.60273192e-06,-1.52664246e-05,-1.44723162e-05,-1.44723162e-05,-1.44723162e-05,-1.44426409e-05,-1.52664246e-05,-6.83735317e-06,-6.83593157e-06,-6.83483261e-06,-6.69474845e-06,-6.83714073e-06,-6.33204863e-06,-5.19407418e-06,-5.37682475e-06,-5.19407418e-06,-6.30470552e-06,-6.82967076e-06,-6.95682143e-06,0,0,0,0,0,0,0,0,0,0,0,0,0,0,0,0,0,0,0,0,0,0,0,0,0,0,0,0,0,0,-1.56839914e-05,-5.19407418e-06
0.983263889,-1.54315012e-05,-1.54315012e-05,-1.54315012e-05,-1.54315012e-05,-7.46565149e-06,-7.46565149e-06,-7.51041894e-06,-7.49675492e-06,-7.42888852e-06,-7.42888852e-06,-7.50412325e-06,-7.50652649e-06,-1.50953471e-05,-1.44253975e-05,-1.44253975e-05,-1.44253975e-05,-1.43989914e-05,-1.50953471e-05,-6.74038085e-06,-6.73893219e-06,-6.73781233e-06,-6.61110619e-06,-6.74016437e-06,-6.26273617e-06,-5.36594537e-06,-5.56265912e-06,-5.36594536e-06,-6.53718607e-06,-6.85099918e-06,-6.99055241e-06,0,0,0,0,0,0,0,0,0,0,0,0,0,0,0,0,0,0,0,0,0,0,0,0,0,0,0,0,0,0,-1.54315012e-05,-5.36594536e-06
0.987430556,-1.51518473e-05,-1.51518473e-05,-1.51518473e-05,-1.51518473e-05,-7.37354266e-06,-7.37354266e-06,-7.41494114e-06,-7.40233568e-06,-7.33920459e-06,-7.33920459e-06,-7.40912664e-06,-7.411341e-06,-1.48942374e-05,-1.43504444e-05,-1.43504444e-05,-1.43504444e-05,-1.43273905e-05,-1.48942374e-05,-6.64478414e-06,-6.64331144e-06,-6.64217303e-06,-6.52894367e-06,-6.64456406e-06,-6.19525975e-06,-5.53924828e-06,-5.74929259e-06,-5.53924827e-06,-6.76749361e-06,-6.87429907e-06,-7.02483256e-06,0,0,0,0,0,0,0,0,0,0,0,0,0,0,0,0,0,0,0,0,0,0,0,0,0,0,0,0,0,0,-1.51518473e-05,-5.53924827e-06
0.991597222,-1.48462322e-05,-1.48462322e-05,-1.48462322e-05,-1.48462322e-05,-7.28252854e-06,-7.28252854e-06,-7.32051659e-06,-7.30898233e-06,-7.25065051e-06,-7.25065051e-06,-7.31518917e-06,-7.31721244e-06,-1.4664031e-05,-1.42478927e-05,-1.42478927e-05,-1.42478927e-05,-1.42282611e-05,-1.4664031e-05,-6.55061971e-06,-6.54912602e-06,-6.5479714e-06,-6.44829395e-06,-6.55039649e-06,-6.12962287e-06,-5.71336257e-06,-5.93607632e-06,-5.71336257e-06,-6.99488879e-06,-6.89893879e-06,-7.05899044e-06,0,0,0,0,0,0,0,0,0,0,0,0,0,0,0,0,0,0,0,0,0,0,0,0,0,0,0,0,0,0,-1.48462322e-05,-5.71336257e-06
0.995763889,-0.000125200886,-0.000125200886,-0.000125200886,-0.000125200886,-3.05347405e-05,-3.05347405e-05,-3.04871987e-05,-3.05030452e-05,-3.05690988e-05,-3.05690988e-05,-3.04948355e-05,-3.04920553e-05,-7.47537199e-05,-7.49921766e-05,-7.49921766e-05,-7.49921766e-05,-7.49894324e-05,-7.47537199e-05,-5.27508867e-05,-5.27625633e-05,-5.2771594e-05,-5.37334683e-05,-5.27526302e-05,-5.48981773e-05,-7.3950968e-05,-7.40766384e-05,-7.3950968e-05,-7.47512368e-05,-0.000227638286,-0.000225933188,0,0,0,0,0,0,0,0,0,0,0,0,0,0,0,0,0,0,0,0,0,0,0,0,0,0,0,0,0,0,-0.000227638286,-3.04871987e-05
0.999930556,-0.000658216853,-0.000658216853,-0.000658216853,-0.000658216853,-0.000133294978,-0.000133294978,-0.000132310874,-0.0001326225,-0.000134033375,-0.000134033375,-0.000132455393,-0.000132400259,-0.000366518893,-0.000372988723,-0.000372988723,-0.000372988723,-0.000373146518,-0.000366518893,-0.000235711222,-0.000235784691,-0.00023584151,-0.000247413947,-0.000235722193,-0.000263249806,-0.000411667323,-0.000410453734,-0.000411667323,-0.000405939604,-0.00119940408,-0.00117742622,0,0,0,0,0,0,0,0,0,0,0,0,0,0,0,0,0,0,0,0,0,0,0,0,0,0,0,0,0,0,-0.00119940408,-0.000132310874
1.00409722,-0.00135959906,-0.00135959906,-0.00135959906,-0.00135959906,-0.000253773951,-0.000253773951,-0.000250354516,-0.000251431322,-0.000256321979,-0.000256321979,-0.000250850011,-0.000250658972,-0.000772869411,-0.000795409922,-0.000795409922,-0.000795409922,-0.000795982659,-0.000772869411,-0.000453493086,-0.000453660406,-0.000453789808,-0.000492187516,-0.000453518071,-0.000545000809,-0.000883352666,-0.000878474494,-0.000883352666,-0.00085983235,-0.00257329119,-0.0024987255,0.000402275327,0.000402275327,0.000402275327,0.000402275327,0.000163863904,0.000163863904,0.000168083571,0.000166794229,0.000160816366,0.000160816366,0.000167497502,0.00016773194,0.000199965535,0.000170896683,0.000170896683,0.000170896683,0.00017019341,0.000199965535,0.000246616348,0.000246616348,0.000246616348,0.000201372091,0.000246616348,0.000139483574,0.000178281112,0.000184962259,0.000178281112,0.000210397494,0.000422787612,0.000513510554,-0.00301223605,-0.000417138345
1.00826389,-0.00201812,-0.00201812,-0.00201812,-0.00201812,-0.000353323928,-0.000353323928,-0.000346144747,-0.000348400658,-0.000358650728,-0.000358650728,-0.00034717912,-0.000346778361,-0.00120184324,-0.00124943827,-0.00124943827,-0.00124943827,-0.00125065508,-0.00120184324,-0.000645751424,-0.000646026482,-0.000646239204,-0.000725763402,-0.000645792496,-0.000835042636,-0.00136541596,-0.00135506857,-0.00136541596,-0.00131518925,-0.00405557743,-0.00390043113,0.000755076999,0.000755076999,0.000755076999,0.000755076999,0.000332185727,0.000332185727,0.000340697604,0.000337979525,0.000325921023,0.000325921023,0.000339515401,0.000339988286,0.000404892324,0.0003453171,0.0003453171,0.0003453171,0.000343781213,0.000404892324,0.00050251279,0.00050251279,0.000502630013,0.000410660402,0.00050251279,0.000284998949,0.000353999594,0.000366890588,0.000353999594,0.0004167915,0.000863862398,0.00104686773,-0.00494729886,-0.000684571751
1.01243056,-0.00264175101,-0.00264175101,-0.00264175101,-0.00264175101,-0.000424306803,-0.000424306803,-0.000412291209,-0.000416062615,-0.000433197441,-0.000433197441,-0.000414016954,-0.000413346448,-0.00160283049,-0.00168341308,-0.00168341308,-0.00168341308,-0.00168547432,-0.00160283049,-0.000789098459,-0.00078948784,-0.000789788973,-0.000921796128,-0.000789156602,-0.00110283518,-0.00182007902,-0.00180298434,-0.00182007902,-0.00173658614,-0.00549057068,-0.00523281985,0.0010659262,0.0010659262,0.0010659262,0.0010659262,0.000500262006,0.000500262006,0.000513182299,0.000509151053,0.000490896129,0.000490896129,0.000511404132,0.000512115389,0.000607570274,0.000516893693,0.000516893693,0.000516893693,0.000514523399,0.000607570274,0.000761835123,0.000761952336,0.000761954323,0.000622906554,0.000761835123,0.000433238542,0.000521493185,0.00054023088,0.000521493185,0.000613278417,0.00131170412,0.00158650149,-0.00681932134,-0.00092409357
1.01659722,-0.003002984,-0.003002984,-0.003002984,-0.003002984,-0.000419774736,-0.000419774736,-0.000402538784,-0.000407944133,-0.000432498532,-0.000432498532,-0.000405008233,-0.000404046635,-0.00181172604,-0.00192837702,-0.00192837702,-0.00192837702,-0.0019313575,-0.00181172604,-0.000806053552,-0.000806535241,-0.000806907758,-0.000995119923,-0.000806125478,-0.0012527198,-0.00207480248,-0.00205064027,-0.00207480248,-0.00195613168,-0.00640982306,-0.00604229225,0.00134443637,0.00134443637,0.00134443637,0.00134443637,0.00066680991,0.00066680991,0.000684023348,0.000678680906,0.000654227608,0.000654227608,0.000681649169,0.000682598836,0.000803294288,0.000681389342,0.000681389342,0.000681389342,0.000678301919,0.000803294288,0.00102320644,0.00102320843,0.00102332564,0.000836725119,0.00102320644,0.000582929575,0.000678183241,0.000702292902,0.000678183241,0.000797058604,0.00176129774,0.00212705854,-0.0081711208,-0.00108656213
1.02076389,-0.00326968032,-0.00326968032,-0.00326968032,-0.00326968032,-0.000395132921,-0.000395132921,-0.000372878097,-0.000379854178,-0.000411536103,-0.000411536103,-0.000376062072,-0.000374820568,-0.00195226706,-0.00210396338,-0.00210396338,-0.00210396338,-0.00210783091,-0.00195226706,-0.000786461906,-0.000787028648,-0.000787466931,-0.00102976038,-0.000786546534,-0.00136071581,-0.00225242263,-0.00222186129,-0.00225242263,-0.00210141888,-0.00712517191,-0.00665334061,0.00159938122,0.00159938122,0.00159938122,0.00159938122,0.000831143866,0.000831143866,0.000852766793,0.000846112798,0.000815459633,0.000815459633,0.000849796422,0.000850984557,0.0009913272,0.000837950087,0.000837950087,0.000837950087,0.000833912808,0.0009913272,0.00128572822,0.00128572822,0.00128584742,0.00105144054,0.00128572822,0.000733383207,0.000823826926,0.000852950127,0.000823826926,0.000968594687,0.00220961862,0.00266506066,-0.00933479053,-0.00122564489
1.02493056,-0.00359160771,-0.00359160771,-0.00359160771,-0.00359160771,-0.000384871131,-0.000384871131,-0.000357640494,-0.000366174532,-0.000404923226,-0.000404923226,-0.000361533603,-0.000360014524,-0.00212061579,-0.00230770965,-0.00230770965,-0.00230770965,-0.00231247131,-0.00212061579,-0.000782346523,-0.000783006898,-0.000783517576,-0.0010794892,-0.000782445133,-0.00148304692,-0.0024641591,-0.00242742282,-0.0024641591,-0.0022816387,-0.00789311334,-0.00731885943,0.00183851753,0.00183851753,0.00183851753,0.00183851753,0.000993760692,0.000993760692,0.00101979399,0.00101171153,0.000974860032,0.000974860032,0.00101611041,0.00101753693,0.0011728567,0.000987893565,0.000987893565,0.000987893565,0.000983137085,0.0011728567,0.00154914497,0.00154914497,0.00154926417,0.00126670629,0.00154914497,0.000884517212,0.000960693938,0.000994589131,0.000960693938,0.00113015596,0.00265546688,0.00319914095,-0.0105485802,-0.00137743448
1.02909722,-0.00391477944,-0.00391477944,-0.00391477944,-0.00391477944,-0.000374338566,-0.000374338566,-0.000342020399,-0.000352147539,-0.000398121288,-0.000398121288,-0.000346638713,-0.000344835807,-0.00228786804,-0.00251141304,-0.00251141304,-0.00251141304,-0.0025170954,-0.00228786804,-0.000772296117,-0.000773054002,-0.00077364007,-0.00112460108,-0.000772409289,-0.00160241337,-0.00267711867,-0.00263406722,-0.00267711867,-0.00246229159,-0.00863958078,-0.00796139777,0.00206789951,0.00206789951,0.00206789951,0.00206789951,0.00115505974,0.00115505974,0.00118538628,0.00117599074,0.00113305794,0.00113305794,0.00118110476,0.00118288687,0.00134982464,0.00113315633,0.00113315633,0.00113315633,0.0011275675,0.00134982464,0.00181327963,0.00181327963,0.00181339892,0.00148256708,0.00181327963,0.00103624854,0.00109096935,0.0011293981,0.00109096935,0.00128440242,0.00309810931,0.00372835008,-0.0117376901,-0.00152740668
1.03326389,-0.00419661533,-0.00419661533,-0.00419661533,-0.00419661533,-0.000354599193,-0.000354599193,-0.000317141723,-0.00032887809,-0.00038214799,-0.00038214799,-0.000322492397,-0.000320402757,-0.00243181895,-0.00269211282,-0.00269211282,-0.00269211282,-0.00269872151,-0.00243181895,-0.00074385803,-0.000744711951,-0.000745372262,-0.00115201082,-0.000743985545,-0.00170482301,-0.00286070319,-0.00281139534,-0.00286070319,-0.0026137374,-0.00929637654,-0.00851472789,0.00229178204,0.00229178204,0.00229178204,0.00229178204,0.00131555445,0.00131555445,0.00135017316,0.00133934889,0.00129033554,0.00129033554,0.00134529544,0.00134731809,0.00152359363,0.00127544512,0.00127544512,0.00127544512,0.00126913889,0.00152359363,0.00207795762,0.00207807475,0.00207807673,0.00169895775,0.00207795762,0.0011884946,0.00121706308,0.00125978798,0.00121706308,0.00143340588,0.00353705105,0.00425185833,-0.0128334276,-0.00166731488
1.03743056,-0.00445583847,-0.00445583847,-0.00445583847,-0.00445583847,-0.000330229065,-0.000330229065,-0.000287632335,-0.000300977973,-0.000361541898,-0.000361541898,-0.000293715302,-0.000291338902,-0.00255878082,-0.00285580586,-0.00285580586,-0.00285580586,-0.00286333844,-0.00255878082,-0.000705514256,-0.000706464191,-0.000707198724,-0.00116959772,-0.000705656111,-0.00179730785,-0.00302688929,-0.00297149305,-0.00302688929,-0.00274846911,-0.00989046647,-0.00900741563,0.00251352821,0.00251352821,0.00251352821,0.00251352821,0.0014755291,0.0014755291,0.00151455619,0.00150241875,0.00144709174,0.00144709174,0.00150908253,0.00151122634,0.00169574446,0.00141624425,0.00141624425,0.00141624425,0.00140910566,0.00169574446,0.00234328539,0.00234328738,0.00234340469,0.00191577506,0.00234328539,0.00134153383,0.00134059602,0.00138737777,0.00134059602,0.00157923921,0.00397184164,0.0047694034,-0.0138623081,-0.00180218853
1.04159722,-0.00470729706,-0.00470729706,-0.00470729706,-0.00470729706,-0.000304193813,-0.000304193813,-0.00025644791,-0.000271406037,-0.00033927685,-0.00033927685,-0.00026326463,-0.000260600891,-0.00267369746,-0.00300747392,-0.00300747392,-0.00300747392,-0.00301592986,-0.00267369746,-0.000662862696,-0.000663910378,-0.000664720471,-0.00118311199,-0.00066301915,-0.00188585899,-0.00318677323,-0.00312536622,-0.00318677323,-0.00287719257,-0.0104485936,-0.00946590166,0.00273535688,0.00273535688,0.00273535688,0.00273535688,0.0016353779,0.0016353779,0.00167869823,0.00166524959,0.0016038394,0.0016038394,0.00167262861,0.00167500872,0.00186739998,0.00155666758,0.00155666758,0.00155666758,0.00154881176,0.00186739998,0.00260909298,0.00260921018,0.00260921218,0.00213306823,0.00260909298,0.0014952896,0.0014630321,0.00151398374,0.0014630321,0.0017234967,0.00440234333,0.00528028559,-0.0148509369,-0.00193514614
1.04576389,-0.00494327148,-0.00494327148,-0.00494327148,-0.00494327148,-0.000275678957,-0.000275678957,-0.000222765874,-0.000239342194,-0.000314544343,-0.000314544343,-0.000230318917,-0.000227366815,-0.00277845393,-0.0031489137,-0.0031489137,-0.0031489137,-0.00315829044,-0.00277845393,-0.000614517189,-0.000615663754,-0.000616550278,-0.00119131142,-0.000614688413,-0.00196945262,-0.00333759302,-0.00327020735,-0.00333759302,-0.00299696592,-0.0109671267,-0.00988640177,0.00295876398,0.00295876398,0.00295876398,0.00295876398,0.00179537976,0.00179537976,0.00184310949,0.0018281149,0.00176062405,0.00176062405,0.00183632645,0.0018389451,0.00203955714,0.00169793864,0.00169793864,0.00169793864,0.00168925019,0.00203955714,0.00287532282,0.00287544202,0.00287555924,0.00235088962,0.00287532282,0.00164979703,0.00158583077,0.00164060379,0.00158583077,0.00186729351,0.00482818599,0.00578402601,-0.0157953127,-0.00206587536
1.04993056,-0.00515876058,-0.00515876058,-0.00515876058,-0.00515876058,-0.00024419757,-0.00024419757,-0.00018610723,-0.000204304939,-0.000286851528,-0.000286851528,-0.000194398005,-0.00019115696,-0.00287444041,-0.00328141983,-0.00328141983,-0.00328141983,-0.00329171243,-0.00287444041,-0.000559747684,-0.000560993519,-0.000561956769,-0.00119334979,-0.000559933736,-0.00204707928,-0.00347655532,-0.00340325627,-0.00347655532,-0.00310516504,-0.0114407888,-0.010264204,0.00318472419,0.00318472419,0.00318472419,0.00318472419,0.00195569814,0.00195569814,0.00200772112,0.00199152849,0.0019179585,0.0019179585,0.00200045736,0.00200331439,0.00221261997,0.00184059757,0.00184059757,0.00184059757,0.00183119198,0.00221261997,0.00314208305,0.00314231946,0.00314232145,0.00256937175,0.00314220026,0.00180521829,0.00170966206,0.00176813227,0.00170966206,0.00201175236,0.00524880945,0.0062801427,-0.0166895982,-0.00219382835
1.05409722,-0.0053587453,-0.0053587453,-0.0053587453,-0.0053587453,-0.000210209472,-0.000210209472,-0.000146939055,-0.000166759081,-0.000256652992,-0.000256652992,-0.000155967945,-0.000152437784,-0.0029593349,-0.00340260535,-0.00340260535,-0.00340260535,-0.00341380734,-0.0029593349,-0.000500170648,-0.000501516294,-0.000502556685,-0.00119073448,-0.00050037161,-0.00212009716,-0.00360528062,-0.00352614885,-0.00360528062,-0.00320349121,-0.0118740586,-0.0106042468,0.00341389161,0.00341389161,0.00341389161,0.00341389161,0.00211660783,0.00211660783,0.00217292197,0.00215542023,0.00207565383,0.00207565383,0.00216506425,0.00216815966,0.00238745628,0.00198538962,0.00198538962,0.00198538962,0.0019752686,0.00238745628,0.00340943813,0.00340955932,0.00340967653,0.00278833378,0.00340944012,0.00196159249,0.00183538601,0.00189755133,0.00183538601,0.00215739464,0.00566418875,0.00676839687,-0.0175382473,-0.00231986103
1.05826389,-0.00554567131,-0.00554567131,-0.00554567131,-0.00554567131,-0.000174060675,-0.000174060675,-0.000105610183,-0.000127052571,-0.000224292797,-0.000224292797,-0.000115377176,-0.000111557883,-0.00303151215,-0.00351073196,-0.00351073196,-0.00351073196,-0.00352283397,-0.00303151215,-0.000436975574,-0.000438421796,-0.000439539915,-0.00118465566,-0.00043719156,-0.00218970742,-0.00372535576,-0.00364045748,-0.00372535576,-0.00329347602,-0.012272065,-0.0109117411,0.00364656662,0.00364656662,0.00364656662,0.00364656662,0.00227826887,0.00227826887,0.00233887518,0.00231994471,0.00223421279,0.00223421279,0.00233030405,0.00233363799,0.002564122,0.00213259606,0.00213259606,0.00213259606,0.0021216426,0.002564122,0.00367710078,0.00367733731,0.00367745641,0.00300794156,0.00367710078,0.00211895727,0.00196339886,0.00202902571,0.00196339886,0.00230496673,0.00607383434,0.00724819431,-0.0183458994,-0.00244448536
1.06243056,-0.00571631436,-0.00571631436,-0.00571631436,-0.00571631436,-0.000135798047,-0.000135798047,-6.21696545e-05,-8.52337639e-05,-0.00018981628,-0.00018981628,-7.26744271e-05,-6.85661093e-05,-0.00309422232,-0.0036089737,-0.0036089737,-0.0036089737,-0.00362196449,-0.00309422232,-0.000370146984,-0.000371694362,-0.000372890652,-0.00117510005,-0.000370378082,-0.00225590579,-0.00383691428,-0.00374630948,-0.00383691428,-0.00337523542,-0.0126357459,-0.0111877276,0.00388299646,0.00388299646,0.00388299646,0.00388299646,0.00244060776,0.00244060776,0.00250550534,0.0024852615,0.00239345252,0.00239345252,0.00249633608,0.00249990841,0.00274300402,0.00228250448,0.00228250448,0.00228250448,0.0022708339,0.00274300402,0.00394529141,0.00394553001,0.00394564901,0.00322809444,0.00394529141,0.00227735662,0.00209423324,0.00216319972,0.00209423324,0.00245476377,0.00647754316,0.0077192967,-0.0191132891,-0.002567675
1.06659722,-0.00587011754,-0.00587011754,-0.00587011754,-0.00587011754,-9.54713189e-05,-9.54713189e-05,-1.66700906e-05,-4.13543729e-05,-0.000153271106,-0.000153271106,-2.79119081e-05,-2.35148345e-05,-0.00314987219,-0.00369974152,-0.00369974152,-0.00369974152,-0.00371361025,-0.00314987219,-0.000299748304,-0.000301397201,-0.000302671941,-0.00116208366,-0.000299994568,-0.00231864249,-0.00393992836,-0.0038436837,-0.00393992836,-0.00344878069,-0.0129650088,-0.0114324187,0.00412312266,0.00412312266,0.00412312266,0.00412312266,0.00260389551,0.00260389551,0.00267296704,0.0026514121,0.00255364111,0.00255364111,0.00266320192,0.00266701253,0.00292414978,0.00243527087,0.00243527087,0.00243527087,0.00242288505,0.00292414978,0.00421395957,0.00421408087,0.00421431737,0.00344895974,0.00421395957,0.00243694509,0.00222792767,0.00230023177,0.00222792767,0.00260705946,0.00687494137,0.00818122972,-0.0198399502,-0.00268963713
1.07076389,-0.00601046142,-0.00601046142,-0.00601046142,-0.00601046142,-5.3229292e-05,-5.3229292e-05,3.07366333e-05,4.43469031e-06,-0.00011480387,-0.00011480387,1.87589425e-05,2.34443307e-05,-0.00319604528,-0.00378057765,-0.00378057765,-0.00378057765,-0.0037953125,-0.00319604528,-0.000226396855,-0.000228147658,-0.000229501142,-0.00114617947,-0.000226658345,-0.00237843033,-0.00403452186,-0.0039327092,-0.00403452186,-0.00351426594,-0.0132612813,-0.0116475131,0.00436688381,0.00436688381,0.00436688381,0.00436688381,0.00276805834,0.00276805834,0.00284130283,0.00281843638,0.00271482128,0.00271482128,0.00283094152,0.00283510788,0.00310772089,0.00259105178,0.00259105178,0.00259105178,0.00257806786,0.00310772089,0.00448305105,0.00448317025,0.00448340856,0.00367059234,0.00448305105,0.00259776361,0.00236474941,0.00244039194,0.00236474941,0.00276201172,0.00726588012,0.00863373998,-0.0205271614,-0.00281056619
1.07493056,-0.006137826,-0.006137826,-0.006137826,-0.006137826,-9.18384392e-06,-9.18384392e-06,7.99361254e-05,5.20198218e-05,-7.4524645e-05,-7.4524645e-05,6.72240901e-05,7.21972105e-05,-0.00323106025,-0.0038496959,-0.0038496959,-0.0038496959,-0.00386528219,-0.00323106025,-0.000150562836,-0.000152415973,-0.000153848528,-0.00112784638,-0.000150839616,-0.00243571608,-0.00412092224,-0.00401361503,-0.00412092224,-0.00357193067,-0.013526545,-0.0118350795,0.00461428199,0.00461428199,0.00461428199,0.00461428199,0.00293313487,0.00293313487,0.00301066855,0.00298637379,0.00287691774,0.00287691774,0.00299971129,0.0030040009,0.0032936338,0.00274989428,0.00274989428,0.00274989428,0.0027361971,0.0032936338,0.00475255486,0.00475267415,0.00475291245,0.00389277166,0.00475255486,0.00275961981,0.00250487349,0.00258361913,0.00250487349,0.00291966815,0.00765005397,0.00907649052,-0.0211765989,-0.00293073243
1.07909722,-0.00624961914,-0.00624961914,-0.00624961914,-0.00624961914,3.66648081e-05,3.66648081e-05,0.000130926064,0.00010139936,-3.24321243e-05,-3.24321243e-05,0.000117481513,0.000122741666,-0.00325756739,-0.00390970351,-0.00390970351,-0.00390970351,-0.00392612548,-0.00325756739,-7.22691745e-05,-7.4224963e-05,-7.57368317e-05,-0.00110709771,-7.25612917e-05,-0.00249049986,-0.0041996468,-0.00408691932,-0.0041996468,-0.00362230021,-0.0137618648,-0.0119962496,0.0048649054,0.0048649054,0.0048649054,0.0048649054,0.0030992814,0.0030992814,0.00318087193,0.00315538109,0.0030399672,0.0030399672,0.00316931861,0.00317384452,0.00348204681,0.00291183516,0.00291183516,0.00291183516,0.00289753995,0.00348204681,0.00502241711,0.00502265361,0.00502289201,0.00411578051,0.00502241711,0.00292289961,0.00264845158,0.00273017918,0.00264845158,0.00308029972,0.00802720002,0.00950935079,-0.0217890648,-0.00304994586
1.08326389,-0.00634616585,-0.00634616585,-0.00634616585,-0.00634616585,8.42922916e-05,8.42922916e-05,0.000183679659,0.000152547272,1.14510755e-05,1.14510755e-05,0.000169504765,0.000175051115,-0.00327751889,-0.00396257803,-0.00396257803,-0.00396257803,-0.00397982089,-0.00327751889,8.43176159e-06,6.37311915e-06,4.78178416e-06,-0.00108395756,8.12427551e-06,-0.0025427632,-0.00427104701,-0.00415297426,-0.00427104701,-0.00366573433,-0.0139675381,-0.0121315102,0.00511868969,0.00511868969,0.00511868969,0.00511868969,0.00326630568,0.00326630568,0.00335206717,0.00332538414,0.00320412585,0.00320412585,0.00334003507,0.00334479942,0.00367265622,0.00307691382,0.00307691382,0.00307691382,0.00306190529,0.00367265622,0.00529270078,0.0052930564,0.00529317778,0.00433944202,0.0052928178,0.00308741411,0.0027952864,0.00287999475,0.0027952864,0.00324383253,0.00839728351,0.00993206589,-0.0223648216,-0.00316838751
1.08743056,-0.00643044437,-0.00643044437,-0.00643044437,-0.00643044437,0.000133568183,0.000133568183,0.000238064086,0.000205331483,5.69962559e-05,5.69962559e-05,0.000223161361,0.000228992939,-0.00328899096,-0.00400636466,-0.00400636466,-0.00400636466,-0.00402441282,-0.00328899096,9.12257134e-05,8.90640116e-05,8.73930551e-05,-0.00105871411,9.0902827e-05,-0.00259275614,-0.00433491701,-0.00421157746,-0.00433491701,-0.003702047,-0.0141441037,-0.0122415895,0.00537528032,0.00537528032,0.00537528032,0.00537528032,0.00343447752,0.00343447752,0.00352429377,0.00349630143,0.00336931968,0.00336931968,0.00351166751,0.00351667023,0.00386560189,0.0032449368,0.0032449368,0.0032449368,0.00322933024,0.00386560189,0.00556339659,0.00556375429,0.00556399061,0.00456388212,0.00556351579,0.00325319985,0.00294554052,0.00303311174,0.00294554052,0.00341018862,0.00876001157,0.0103445471,-0.0229041153,-0.00328622969
1.09159722,-0.00650238798,-0.00650238798,-0.00650238798,-0.00650238798,0.000184410197,0.000184410197,0.00029399539,0.000259668559,0.000104122329,0.000104122329,0.000278367579,0.000284483323,-0.00329065914,-0.00403965439,-0.00403965439,-0.00403965439,-0.00405848991,-0.00329065914,0.000175873627,0.000173608647,0.000171857903,-0.00103159682,0.000175535307,-0.00264069415,-0.00439118363,-0.00426266163,-0.00439118363,-0.00373119395,-0.0142926594,-0.0123276337,0.00563449626,0.00563449626,0.00563449626,0.00563449626,0.003603606,0.003603606,0.00369747512,0.00366817148,0.0035355854,0.0035355854,0.00368425281,0.00368949401,0.00406081323,0.00341593866,0.00341593866,0.00341593866,0.00339985344,0.00406081323,0.00583445065,0.00583480864,0.00583504694,0.00478915588,0.00583457004,0.00342029603,0.0030992506,0.00318956539,0.0030992506,0.0035794046,0.00911535032,0.0107464278,-0.0234080098,-0.00340347973
1.09576389,-0.00652853347,-0.00652853347,-0.00652853347,-0.00652853347,0.000234529871,0.000234529871,0.0003487496,0.000312970475,0.000150867883,0.000150867883,0.000332461573,0.000338836267,-0.00327367153,-0.00405004004,-0.00405004004,-0.00405004004,-0.004069546,-0.00327367153,0.000264588252,0.000262235192,0.000260416429,-0.000994528601,0.000264236765,-0.00266926402,-0.00441940344,-0.00428696042,-0.00441940344,-0.00373812205,-0.0142661294,-0.0122644186,0.00589616117,0.00589616117,0.00589616117,0.00589616117,0.00377384548,0.00377384548,0.00387165103,0.0038411533,0.00370296345,0.00370296345,0.00385783261,0.00386331236,0.00425798435,0.0035899615,0.0035899615,0.0035899615,0.00357316487,0.00425798435,0.0061059268,0.0061062844,0.006106523,0.00501508275,0.00610592878,0.00358886037,0.00325633712,0.00334927682,0.00325633712,0.00375152174,0.00946314632,0.0111377915,-0.0237292757,-0.00352290143
1.09993056,-0.00648263787,-0.00648263787,-0.00648263787,-0.00648263787,0.00027176881,0.00027176881,0.00038934473,0.000352512135,0.000185689307,0.000185689307,0.000372578437,0.000379141163,-0.00322958535,-0.00402254144,-0.00402254144,-0.00402254144,-0.00404242243,-0.00322958535,0.000349660942,0.000347253721,0.000345393207,-0.000946061808,0.000349301347,-0.00266270977,-0.00439749139,-0.00426447039,-0.00439749139,-0.00371033902,-0.0138737438,-0.0118951452,0.00615991591,0.00615991591,0.00615991591,0.00615991591,0.00394500115,0.00394500115,0.00404685761,0.00401505046,0.00387125833,0.00387125833,0.00403244324,0.00403816127,0.0044572513,0.00376668998,0.00376668998,0.00376668998,0.00374941253,0.0044572513,0.00637769741,0.00637805501,0.00637829341,0.00524167036,0.00637769741,0.003758699,0.00341660794,0.00351217023,0.00341660794,0.00392634297,0.00980323204,0.0115184551,-0.0236769758,-0.00365751288
1.10409722,-0.00638159547,-0.00638159547,-0.00638159547,-0.00638159547,0.000292912289,0.000292912289,0.000412487035,0.000375024561,0.000205427677,0.000205427677,0.00039543558,0.000402110984,-0.00315146347,-0.00394961709,-0.00394961709,-0.00394961709,-0.0039695667,-0.00315146347,0.000424093647,0.000421665634,0.000419789209,-0.000892303614,0.000423730923,-0.00262599503,-0.00432856763,-0.00419816463,-0.00432856763,-0.00365045061,-0.0131196387,-0.0112256053,0.00642569748,0.00642569748,0.00642569748,0.00642569748,0.00411722699,0.00411722699,0.00422290162,0.00418990058,0.00404074041,0.00404074041,0.0042080086,0.00421384761,0.00465842891,0.00394615903,0.00394615903,0.00394615903,0.00392840471,0.00465842891,0.00664970718,0.00665006468,0.00665042068,0.00546908975,0.00664982448,0.00392996516,0.00358021362,0.0036781637,0.00358021362,0.00410402207,0.0101355706,0.0118883918,-0.0232552093,-0.00381041458
1.10826389,-0.00621158672,-0.00621158672,-0.00621158672,-0.00621158672,0.000296906897,0.000296906897,0.00041708086,0.000379425465,0.000209058336,0.000209058336,0.000399943371,0.000406653696,-0.00303958218,-0.00383105465,-0.00383105465,-0.00383105465,-0.00385075861,-0.00303958218,0.000484438033,0.000482022923,0.000480156683,-0.00083614727,0.000484077205,-0.00256145729,-0.00421276942,-0.00408797453,-0.00421276942,-0.003557807,-0.0120082741,-0.0102601358,0.00669298252,0.00669298252,0.00669298252,0.00669298252,0.00429056656,0.00429056656,0.00439993926,0.00436586306,0.00421122043,0.00421122043,0.00438456917,0.00439064481,0.00486132682,0.00412829523,0.00412829523,0.00412829523,0.00410994711,0.00486132682,0.00692213718,0.00692249458,0.00692285219,0.00569727987,0.00692213916,0.00410270246,0.00374707876,0.00384729618,0.00374707876,0.00428425286,0.010460239,0.0122475684,-0.0225077042,-0.0039828584
1.11243056,-0.00597564655,-0.00597564655,-0.00597564655,-0.00597564655,0.000285295917,0.000285295917,0.000405065017,0.000367530382,0.000197824739,0.000197824739,0.000387984213,0.000394673585,-0.00291225883,-0.00368876003,-0.00368876003,-0.00368876003,-0.00370800923,-0.00291225883,0.000526055476,0.000523672464,0.000521831278,-0.000787478153,0.000525699406,-0.00248760273,-0.00407234549,-0.00395477682,-0.00407234549,-0.0034485116,-0.0106924018,-0.00912897239,0.00696187059,0.00696187059,0.00696187059,0.00696187059,0.0044648213,0.0044648213,0.00457800653,0.00454262318,0.00438273179,0.00438273179,0.00456204236,0.00456835649,0.00506584688,0.00431301217,0.00431301217,0.00431301217,0.00429418512,0.00506584688,0.00719474391,0.0071951015,0.0071954592,0.00592613261,0.00719474391,0.00427671297,0.00391700702,0.00401948927,0.00391700702,0.00446717948,0.0107769654,0.01259593,-0.0217249024,-0.00417294151
1.11659722,-0.00570282378,-0.00570282378,-0.00570282378,-0.00570282378,0.000269544314,0.000269544314,0.000388687621,0.000351343344,0.000182604816,0.000182604816,0.000371694933,0.000378350881,-0.00277720488,-0.00353729062,-0.00353729062,-0.00353729062,-0.00355606783,-0.00277720488,0.000553692828,0.000551342962,0.000549527646,-0.00075006468,0.000553341674,-0.00242187888,-0.00392994905,-0.00381894499,-0.00392994905,-0.00333484649,-0.00936888873,-0.00799400846,0.00723184011,0.00723184011,0.00723184011,0.00723184011,0.00464002899,0.00464002899,0.00475702871,0.00472045137,0.00455531511,0.00455531511,0.00474046869,0.0047470211,0.00527203458,0.00450011597,0.00450011597,0.00450011597,0.00448092936,0.00527203458,0.0074675882,0.0074679457,0.0074683034,0.00615569932,0.0074675882,0.0044522686,0.00409003322,0.00419466309,0.00409003322,0.00465261291,0.0110859409,0.0129336808,-0.0209276892,-0.00436834109
1.12076389,-0.00539782609,-0.00539782609,-0.00539782609,-0.00539782609,0.000252008354,0.000252008354,0.000370346287,0.000333249132,0.00016572474,0.00016572474,0.000353467374,0.000360079722,-0.00263174314,-0.00337431421,-0.00337431421,-0.00337431421,-0.00339261067,-0.00263174314,0.000571314481,0.000568999477,0.000567211354,-0.000720306505,0.000570968501,-0.00236139609,-0.00378117716,-0.0036760752,-0.00378117716,-0.0032123694,-0.00804149847,-0.00685602398,0.00750282892,0.00750282892,0.00750282892,0.00750282892,0.00481623181,0.00481623181,0.0049369295,0.0048992772,0.00472889491,0.00472889491,0.00491989071,0.00492656423,0.00547970552,0.00468964861,0.00468964861,0.00468964861,0.00466998692,0.00547970552,0.00774061809,0.00774109291,0.00774145032,0.00638603558,0.00774061809,0.00462918064,0.00426608308,0.00437285889,0.00426608308,0.00484059332,0.0113871235,0.0132606664,-0.0201166904,-0.00456317017
1.12493056,-0.00506531227,-0.00506531227,-0.00506531227,-0.00506531227,0.000233159789,0.000233159789,0.000350520953,0.000313725132,0.00014765061,0.00014765061,0.000333780341,0.000340339372,-0.00247567053,-0.00319956472,-0.00319956472,-0.00319956472,-0.0032173686,-0.00247567053,0.000580598228,0.000578319883,0.000576560342,-0.000696632578,0.000580257691,-0.00230484969,-0.00362641967,-0.00352666704,-0.00362641967,-0.00308192456,-0.00671592713,-0.00571908489,0.00777470902,0.00777470902,0.00777470902,0.00777470902,0.00499346483,0.00499346483,0.00511774043,0.0050788981,0.00490350554,0.00490350554,0.00510022468,0.00510713481,0.00568875899,0.00488152147,0.00488152147,0.00488152147,0.00486138292,0.00568875899,0.00801382058,0.00801429757,0.00801465556,0.00661703385,0.00801393858,0.00480759767,0.00444518945,0.00455387656,0.00444518945,0.0050309163,0.0116804838,0.0135770784,-0.0192961633,-0.00475585493
1.12909722,-0.00470892208,-0.00470892208,-0.00470892208,-0.00470892208,0.000213513988,0.000213513988,0.00032972847,0.000293287736,0.000128897201,0.000128897201,0.000313150506,0.000319646592,-0.00230998593,-0.00301397786,-0.00301397786,-0.00301397786,-0.00303127408,-0.00230998593,0.000582937923,0.000580698075,0.000578968534,-0.000677755773,0.000582603108,-0.0022511928,-0.00346696627,-0.00337209794,-0.00346696627,-0.00294515468,-0.00539853419,-0.00458796942,0.00804707268,0.00804707268,0.00804707268,0.00804707268,0.00517165268,0.00517165268,0.0052995042,0.00525958706,0.0050790706,0.0050790706,0.00528139438,0.00528854279,0.00589912471,0.00507554279,0.00507554279,0.00507554279,0.00505504478,0.00589912471,0.00828726171,0.00828773772,0.00828809572,0.00684874639,0.00828726372,0.00498732903,0.0046271598,0.00473763686,0.0046271598,0.00522350544,0.0119660971,0.0138828828,-0.0184708522,-0.0049501734
1.13326389,-0.00433373298,-0.00433373298,-0.00433373298,-0.00433373298,0.000193213449,0.000193213449,0.000308109977,0.000272078497,0.000109608446,0.000109608446,0.00029171922,0.000298142664,-0.00213697292,-0.00281988565,-0.00281988565,-0.00281988565,-0.00283665932,-0.00213697292,0.000579749895,0.000577550589,0.000575852624,-0.000662347288,0.000579421109,-0.00219928119,-0.00330328702,-0.00321290472,-0.00330328702,-0.00280279124,-0.00409467311,-0.00346649694,0.00831986025,0.00831986025,0.00831986025,0.00831986025,0.00535071865,0.00535071865,0.00548203029,0.00544104009,0.00525563117,0.00525563117,0.00546355863,0.00547082825,0.00611061704,0.00527175587,0.00527175587,0.00527175587,0.00525078278,0.00611061704,0.00856077038,0.00856124688,0.00856160438,0.00708111136,0.00856077038,0.00516853145,0.00481203434,0.00492418265,0.00481203434,0.00541852234,0.0122439102,0.0141783845,-0.0176448814,-0.00514602273
1.13743056,-0.00394422859,-0.00394422859,-0.00394422859,-0.00394422859,0.000172219834,0.000172219834,0.000285628527,0.000250060018,8.97452984e-05,8.97452984e-05,0.00026944934,0.000275790527,-0.00195774893,-0.00261847396,-0.00261847396,-0.00261847396,-0.00263471108,-0.00195774893,0.000572259232,0.000570102743,0.000568438106,-0.000649239387,0.000571936819,-0.00214806424,-0.00313514957,-0.00304891838,-0.00313514957,-0.00265485395,-0.00280898331,-0.00235798973,0.00859282455,0.00859282455,0.00859282455,0.00859282455,0.00553081255,0.00553081255,0.00566558054,0.00562351772,0.00543322187,0.00543322187,0.00564651717,0.00565414051,0.00632336781,0.00546983516,0.00546983516,0.00546983516,0.00544861974,0.00632336781,0.00883433261,0.00883480961,0.00883528461,0.00731401876,0.00883433261,0.00535112243,0.00499960999,0.00511342718,0.00499960999,0.00561564406,0.0125141422,0.0144635619,-0.0168215516,-0.00534347657
1.14159722,-0.00354270269,-0.00354270269,-0.00354270269,-0.00354270269,0.000150703373,0.000150703373,0.00026245735,0.000227404581,6.94760847e-05,6.94760847e-05,0.00024651368,0.000252763167,-0.00177204418,-0.00240947363,-0.00240947363,-0.00240947363,-0.00242515914,-0.00177204418,0.000561363863,0.000559252581,0.000557623115,-0.000637586219,0.000561048183,-0.00209679268,-0.00296268189,-0.00288032828,-0.00296268189,-0.0025017168,-0.00154640731,-0.00126630743,0.00886579171,0.00886579171,0.00886579171,0.00886579171,0.00571186107,0.00571186107,0.00584996888,0.00580683285,0.0056118844,0.0056118844,0.00583054387,0.00583817287,0.00653707682,0.00567005489,0.00567005489,0.00567005489,0.00564848397,0.00653707682,0.00910789573,0.00910848974,0.00910896674,0.00754763845,0.00910801323,0.00553514287,0.00519004357,0.00530529512,0.00519004357,0.00581491035,0.0127768644,0.0147384888,-0.0160047962,-0.00554240831
1.14576389,-0.00313057694,-0.00313057694,-0.00313057694,-0.00313057694,0.000128979391,0.000128979391,0.000238912913,0.000204428299,4.91156228e-05,4.91156228e-05,0.000223228565,0.000229376977,-0.00158042514,-0.00219344628,-0.00219344628,-0.00219344628,-0.00220856389,-0.00158042514,0.00054786778,0.000545804197,0.000544211822,-0.00062664594,0.000547559209,-0.00204482628,-0.00278648633,-0.00270778527,-0.00278648633,-0.00234417066,-0.000312057363,-0.000195562689,0.00913858925,0.00913858925,0.00913858925,0.00913858925,0.00589378888,0.00589378888,0.00603523481,0.0059910261,0.00579142773,0.00579142773,0.00601533472,0.00602319876,0.00675167331,0.00587199894,0.00587199894,0.00587199894,0.0058501876,0.00675167331,0.00938164142,0.00938223742,0.00938271442,0.00778191102,0.0093816434,0.00572052043,0.00538303156,0.00549971354,0.00538303156,0.00601636936,0.0130320209,0.0150035788,-0.0151991415,-0.00574231211
1.14993056,-0.00270981017,-0.00270981017,-0.00270981017,-0.00270981017,0.000107231119,0.000107231119,0.000215178413,0.000181314373,2.88474672e-05,2.88474672e-05,0.000199777211,0.000205815175,-0.00138452,-0.00197208439,-0.00197208439,-0.00197208439,-0.00198661869,-0.00138452,0.000532617619,0.000530604403,0.000529051173,-0.000615630271,0.00053231656,-0.00199146105,-0.0026069452,-0.00253170558,-0.0026069452,-0.00218272182,0.000889457839,0.000850622365,0.00941108499,0.00941108499,0.00941108499,0.00941108499,0.00607662626,0.00607662626,0.00622129281,0.00617612821,0.00597199821,0.00597199821,0.00620091576,0.00620901809,0.00696728853,0.00607579981,0.00607579981,0.00607579981,0.00605363277,0.00696728853,0.00965520761,0.00965592063,0.00965639763,0.00801672528,0.00965532463,0.0059072835,0.0055787129,0.00569670805,0.0055787129,0.00621981057,0.0132799567,0.0152587115,-0.0144080892,-0.00594315074
1.15409722,-0.00228246042,-0.00228246042,-0.00228246042,-0.00228246042,8.55266538e-05,8.55266538e-05,0.000191323673,0.000158132078,8.73866445e-06,8.73866445e-06,0.000176229199,0.000182147442,-0.00118499668,-0.00174614921,-0.00174614921,-0.00174614921,-0.00176008647,-0.00118499668,0.000516349817,0.000514389795,0.000512877888,-0.000603850561,0.000516056697,-0.00193606839,-0.00242396631,-0.00235202483,-0.00242396631,-0.00201737785,0.00205408834,0.00186906282,0.00918530253,0.00918530253,0.00918530253,0.00918530253,0.00613558441,0.00613558441,0.00627901517,0.00623418648,0.00603185634,0.00603185634,0.00625886478,0.00626685378,0.00701600946,0.0061498763,0.0061498763,0.0061498763,0.00612840681,0.00701600946,0.00971895991,0.00971955791,0.00972003491,0.0080949524,0.00971907891,0.00601893592,0.00562733647,0.00573644548,0.00562733647,0.00622906219,0.0127864008,0.014586056,-0.0127169932,-0.00602311768
1.15826389,-0.00184991912,-0.00184991912,-0.00184991912,-0.00184991912,6.40389745e-05,6.40389745e-05,0.000167525351,0.00013505692,-1.10403198e-05,-1.10403198e-05,0.000152760673,0.00015855013,-0.000981364513,-0.00151520466,-0.00151520466,-0.00151520466,-0.00152853173,-0.000981364513,0.000499624598,0.000497720681,0.000496252341,-0.000590798062,0.000499339855,-0.00187820158,-0.00223743386,-0.00216865353,-0.00223743386,-0.00184811778,0.00317801334,0.00285659232,0.00902980003,0.00902980003,0.00902980003,0.00902980003,0.00619198719,0.00619198719,0.00633410635,0.00628975244,0.00608944742,0.00608944742,0.00631407737,0.00632194705,0.00707140794,0.00623279061,0.00623279061,0.00623279061,0.00621203635,0.00707140794,0.00976885334,0.00976956637,0.00977004337,0.00816327481,0.00976897234,0.00612500331,0.00568461479,0.00578583462,0.00568461479,0.0062506156,0.0122351418,0.0138447606,-0.0109881682,-0.00610048774
1.16243056,-0.0014130757,-0.0014130757,-0.0014130757,-0.0014130757,4.30660409e-05,4.30660409e-05,0.000144084956,0.0001123893,-3.01939349e-05,-3.01939349e-05,0.000129672652,0.000135324457,-0.00077385516,-0.00127952224,-0.00127952224,-0.00127952224,-0.00129222618,-0.00077385516,0.000482972022,0.000481127187,0.000479704708,-0.000576005486,0.000482696106,-0.0018174685,-0.00204758098,-0.00198184551,-0.00204758098,-0.00167524498,0.00425747655,0.00380999146,0.00893194066,0.00893194066,0.00893194066,0.00893194066,0.00624848632,0.00624848632,0.00638905965,0.0063451827,0.00614713845,0.00614713845,0.00636914976,0.00637701756,0.00713492642,0.0063256027,0.0063256027,0.0063256027,0.00630556348,0.00713492642,0.00980953354,0.00981024903,0.00981072554,0.0082250099,0.00980965303,0.00622745546,0.00575215028,0.00584655811,0.00575215028,0.0062861443,0.0116432717,0.0130557326,-0.0103450164,-0.00617733239
1.16659722,-0.000972800952,-0.000972800952,-0.000972800952,-0.000972800952,2.28549039e-05,2.28549039e-05,0.000121252485,9.03782957e-05,-4.84771151e-05,-4.84771151e-05,0.000107214727,0.000112720179,-0.000563650819,-0.00104036878,-0.00104036878,-0.00104036878,-0.00105243816,-0.000563650819,0.000466953319,0.000465170638,0.000463796386,-0.000558976038,0.000466686694,-0.00175344465,-0.00185473236,-0.00179193791,-0.00185473236,-0.00149911759,0.00528891097,0.00472622372,0.0088750012,0.0088750012,0.0088750012,0.0088750012,0.00630533842,0.00630533842,0.00644401075,0.00640072777,0.00620518285,0.00620518285,0.00642445446,0.00643220506,0.00720514304,0.00642713524,0.00642713524,0.00642713524,0.00640792827,0.00720514304,0.00984197403,0.00984268903,0.00984316603,0.00828124478,0.00984209303,0.00632691797,0.00582899845,0.00591731526,0.00582899845,0.00633374253,0.011016855,0.0122255935,-0.00984780215,-0.00572794404
1.17076389,-0.000530165997,-0.000530165997,-0.000530165997,-0.000530165997,3.55053775e-06,3.55053775e-06,9.91769606e-05,6.91716624e-05,-6.57477287e-05,-6.57477287e-05,8.55353497e-05,9.08859771e-05,-0.000351207338,-0.000798314647,-0.000798314647,-0.000798314647,-0.000809740313,-0.000351207338,0.000452050104,0.000450332715,0.000449009107,-0.000539290166,0.000451793242,-0.00168577579,-0.00165892845,-0.0015989794,-0.00165892845,-0.00131979145,0.00626920803,0.0056026294,0.00885026046,0.00885026046,0.00885026046,0.00885026046,0.00636396862,0.00636396862,0.00650073336,0.00645804647,0.00626523959,0.00626523959,0.00648141741,0.00648904869,0.00728451434,0.00653962177,0.00653962177,0.00653962177,0.0065211323,0.00728451434,0.0098681889,0.00986878688,0.00986926388,0.00833376686,0.00986819088,0.00642471277,0.00591739104,0.00600021331,0.00591739104,0.00639538662,0.0103663877,0.0113657364,-0.00942025477,-0.00409717969
1.17493056,-8.64439324e-05,-8.64439324e-05,-8.64439324e-05,-8.64439324e-05,-1.46637048e-05,-1.46637048e-05,7.80475767e-05,4.89567664e-05,-8.18266052e-05,-8.18266052e-05,6.48228891e-05,7.00105461e-05,-0.000136047667,-0.000552969842,-0.000552969842,-0.000552969842,-0.000563744118,-0.000136047667,0.000438636572,0.00043698762,0.000435717079,-0.000516642069,0.000438389948,-0.00161422979,-0.00146006128,-0.00140287034,-0.00146006128,-0.00113717562,0.00719580468,0.00643689326,0.00885091412,0.00885091412,0.00885091412,0.00885091412,0.00642554589,0.00642554589,0.00656028597,0.00651819514,0.00632836407,0.00632836407,0.00654132571,0.0065488377,0.00737421906,0.00666422266,0.00666422266,0.00666422266,0.00664656576,0.00737421906,0.0098897219,0.0098903184,0.00989079441,0.00838422165,0.00988983941,0.00652222251,0.00601838232,0.00609642479,0.00601838232,0.00647166957,0.00970195863,0.0104871837,-0.00945507733,-0.00250615395
1.17909722,0.000357353563,0.000357353563,0.000357353563,0.000357353563,-3.14993176e-05,-3.14993176e-05,5.81589922e-05,3.00263468e-05,-9.64296416e-05,-9.64296416e-05,4.537114e-05,5.03880246e-05,8.17162144e-05,-0.000304510836,-0.000304510836,-0.000304510836,-0.000314626981,8.17162144e-05,0.000427089533,0.000425512162,0.000424297109,-0.00049073216,0.000426853621,-0.00153859217,-0.00125823594,-0.00120372298,-0.00125823594,-0.000951387646,0.00806639479,0.00722682272,0.00887050663,0.00887050663,0.00887050663,0.00887050663,0.00649080559,0.00649080559,0.00662340202,0.00658202464,0.00639529113,0.00639529113,0.00660468242,0.00661207532,0.0074746452,0.00680098037,0.00680098037,0.00680098037,0.006784158,0.0074746452,0.00990766157,0.00990825758,0.00990873456,0.00843323656,0.00990778058,0.00662019673,0.00613189062,0.00620563349,0.00613189062,0.00656226159,0.00903155712,0.00959894667,-0.00948443745,-0.000965162333
1.18326389,0.000800802517,0.000800802517,0.000800802517,0.000800802517,-4.66840927e-05,-4.66840927e-05,3.97889693e-05,1.26564324e-05,-0.000109288598,-0.000109288598,2.74570842e-05,3.22957049e-05,0.000301160271,-5.395441e-05,-5.395441e-05,-5.395441e-05,-6.3407403e-05,0.000301160271,0.000417810251,0.000416307612,0.000415150477,-0.000461237656,0.000417585526,-0.00145862416,-0.00105373242,-0.00100182038,-0.00105373242,-0.00076270187,0.00887873556,0.00797027875,0.00890354726,0.00890354726,0.00890354726,0.00890354726,0.00656001102,0.00656001102,0.00669022716,0.006649565,0.00646604831,0.00646604831,0.00667186303,0.00667913661,0.00758500376,0.00694899314,0.00694899314,0.00694899314,0.0069330053,0.00758500376,0.00992296686,0.00992356286,0.00992392185,0.00848177012,0.00992308586,0.00671878822,0.00625688802,0.00632669078,0.00625688802,0.00666589151,0.00836207224,0.00870916884,-0.00950877138,0.000516663322
1.18743056,0.00124342451,0.00124342451,0.00124342451,0.00124342451,-6.00399721e-05,-6.00399721e-05,2.31216525e-05,-2.97073648e-06,-0.000120229803,-0.000120229803,1.12640048e-05,1.59172102e-05,0.000521924477,0.000198220013,0.000198220013,0.000198220013,0.000189432829,0.000521924477,0.000411135033,0.000409710263,0.00040861346,-0.000427899904,0.000410921969,-0.00137414788,-0.000846648941,-0.000797261329,-0.000846648941,-0.000571199813,0.00963103065,0.00866550002,0.00894665084,0.00894665084,0.00894665084,0.00894665084,0.00663348623,0.00663348623,0.00676120135,0.00672137154,0.00654130783,0.00654130783,0.00674319479,0.00675034927,0.00770570053,0.00710841236,0.00710841236,0.00710841236,0.00709337597,0.00770570053,0.00993623148,0.00993671047,0.00993718547,0.00853040243,0.00993635048,0.00681877349,0.00639330168,0.00645952239,0.00639330168,0.00678214053,0.00770073441,0.00782625952,-0.00952857201,0.00193029624
1.19159722,0.00168390795,0.00168390795,0.00168390795,0.00168390795,-7.13868885e-05,-7.13868885e-05,8.34466446e-06,-1.66699009e-05,-0.000129078669,-0.000129078669,-3.02154737e-06,1.43951355e-06,0.000744408316,0.000452314815,0.000452314815,0.000452314815,0.000444194359,0.000744408316,0.000407323031,0.000405979202,0.000404945097,-0.000390543127,0.000407122091,-0.00128507589,-0.00063690583,-0.000589967675,-0.00063690583,-0.000376790231,0.0103221997,0.00931125553,0.00899718761,0.00899718761,0.00899718761,0.00899718761,0.00671125248,0.00671125248,0.006836464,0.00679746843,0.00662086174,0.00662086174,0.00681881511,0.00682585041,0.00783618017,0.00727857003,0.00727857003,0.00727857003,0.00726437016,0.00783618017,0.00994793838,0.00994841538,0.00994889238,0.00857938756,0.00994805836,0.00692018864,0.00654068821,0.0066036846,0.00654068821,0.0069104371,0.00705383338,0.0069575317,-0.00954394728,0.00326836631
1.19576389,0.00212093813,0.00212093813,0.00212093813,0.00212093813,-8.04684249e-05,-8.04684249e-05,-4.27756356e-06,-2.81791348e-05,-0.000135584584,-0.000135584584,-1.51362752e-05,-1.08736407e-05,0.000968501653,0.00070814879,0.00070814879,0.00070814879,0.000700694865,0.000968501653,0.00040663515,0.000405375259,0.000404406162,-0.000348996665,0.000406446787,-0.00119133451,-0.000424606663,-0.000380045083,-0.000424606663,-0.000179568706,0.0109514221,0.00990645115,0.00905184528,0.00905184528,0.00905184528,0.00905184528,0.00679321141,0.00679321141,0.00691591914,0.00687764107,0.00670472637,0.00670472637,0.00689862801,0.00690542696,0.00797517813,0.00745785631,0.00745785631,0.00745785631,0.00744449087,0.00797517813,0.00995833394,0.00995881044,0.00995916993,0.00862897632,0.00995845295,0.00702317536,0.0066975535,0.00675756534,0.0066975535,0.00704904677,0.00642601362,0.00610911848,-0.00955476376,0.00452540849
1.19993056,0.00255429203,0.00255429203,0.00255429203,0.00255429203,-8.70403073e-05,-8.70403073e-05,-1.44933654e-05,-3.72490835e-05,-0.000139508624,-0.000139508624,-2.4829559e-05,-2.07712201e-05,0.00119338071,0.000964809648,0.000964809648,0.000964809648,0.00095802047,0.00119338071,0.000409340723,0.000408167697,0.00040726586,-0.000303081684,0.000409165378,-0.00109283992,-0.000210079574,-0.000167821757,-0.000210079574,2.01532622e-05,0.0115178043,0.0104499138,0.00910808229,0.00910808229,0.00910808229,0.00910808229,0.0068789722,0.0068789722,0.0069989423,0.00696149679,0.00679239442,0.00679239442,0.00698200874,0.00698880364,0.00812108334,0.00764475493,0.00764475493,0.00764475493,0.00763222402,0.00812108334,0.00996729701,0.009967774,0.009968132,0.00867891558,0.009967417,0.00712745407,0.0068619254,0.0069191915,0.0068619254,0.00719611847,0.00582116957,0.00528598115,-0.00956086614,0.00569663469
1.20409722,0.002983871,0.002983871,0.002983871,0.002983871,-9.09508095e-05,-9.09508095e-05,-2.21434661e-05,-4.37228369e-05,-0.000140704539,-0.000140704539,-3.1943198e-05,-2.80946016e-05,0.00141865349,0.00122179456,0.00122179456,0.00122179456,0.00121566624,0.00141865349,0.000415646759,0.000414563427,0.000413731027,-0.000252680517,0.000415484859,-0.000989565891,6.45795895e-06,4.64862082e-05,6.45795895e-06,0.000222181211,0.0120208665,0.0109408264,0.00916317275,0.00916317275,0.00916317275,0.00916317275,0.00696796084,0.00696796084,0.00708518935,0.00704869538,0.0068834074,0.0068834074,0.00706873057,0.00707517376,0.00827202582,0.00783705413,0.00783705413,0.00783705413,0.00782547417,0.00827202582,0.00997459623,0.00997495622,0.00997531324,0.0087287426,0.00997459824,0.00723257435,0.00703193003,0.00708657174,0.00703193003,0.00734919088,0.00524179124,0.00449245071,-0.00956158221,0.00677907525
1.20826389,0.0034082053,0.0034082053,0.0034082053,0.0034082053,-9.20672836e-05,-9.20672836e-05,-2.70865056e-05,-4.74617662e-05,-0.00013904602,-0.00013904602,-3.63370739e-05,-3.27031801e-05,0.00164454673,0.00147923887,0.00147923887,0.00147923887,0.00147376593,0.00164454673,0.000425695244,0.000424704301,0.000423943414,-0.0001977448,0.000425547197,-0.000881560343,0.000224957911,0.000262830847,0.000224957911,0.000426483295,0.012460879,0.0113789686,0.00921438761,0.00921438761,0.00921438761,0.00921438761,0.00705960322,0.00705960322,0.00717397229,0.00713831484,0.00697707661,0.00697707661,0.00715787306,0.00716419313,0.00842601893,0.00803276979,0.00803276979,0.00803276979,0.00802202792,0.00842601893,0.00997964194,0.00998011696,0.00998035694,0.00877822829,0.00997975896,0.00733808483,0.00720511625,0.0072573695,0.00720511625,0.00750603298,0.00469013345,0.00373170059,-0.00955641352,0.00777074551
1.21243056,0.00382562683,0.00382562683,0.00382562683,0.00382562683,-9.02000862e-05,-9.02000862e-05,-2.91237351e-05,-4.82699756e-05,-0.000134350033,-0.000134350033,-3.78137341e-05,-3.43989938e-05,0.00187085877,0.00173687694,0.00173687694,0.00173687694,0.00173205297,0.00187085877,0.00043962761,0.000438731607,0.000438044194,-0.000138231186,0.0004394938,-0.000768881108,0.000445226348,0.000481016956,0.000445226348,0.000632874387,0.0128383146,0.0117642324,0.00925966306,0.00925966306,0.00925966306,0.00925966306,0.00715302646,0.00715302646,0.00726441752,0.00722971173,0.00707252638,0.00707252638,0.00724879318,0.00725499416,0.00858049429,0.00822931798,0.00822931798,0.00822931798,0.00821952611,0.00858049429,0.00998218629,0.00998254627,0.00998278427,0.0088265244,0.00998218827,0.00744322556,0.0073793692,0.00742935565,0.0073793692,0.00766430721,0.00416743887,0.00300649502,-0.00954474008,0.00875773739
1.21659722,0.00423604115,0.00423604115,0.00423604115,0.00423604115,-8.51706814e-05,-8.51706814e-05,-2.80682348e-05,-4.59631739e-05,-0.000126444121,-0.000126444121,-3.61874529e-05,-3.29958482e-05,0.00209677669,0.00199382206,0.00199382206,0.00199382206,0.00198963944,0.00209677669,0.000457584966,0.000456786312,0.000456174227,-7.4094966e-05,0.000457465758,-0.000651580281,0.000666850408,0.000700631327,0.000666850408,0.000840953867,0.0131534839,0.0120963523,0.00929710418,0.00929710418,0.00929710418,0.00929710418,0.00724776832,0.00724776832,0.00735606232,0.00732230996,0.00716929469,0.00716929469,0.00734079753,0.00734687913,0.00873380489,0.00842482324,0.00842482324,0.00842482324,0.00841586826,0.00873380489,0.00998152497,0.00998188297,0.00998212097,0.00887327649,0.00998164198,0.00754742202,0.00755281853,0.00760054046,0.00755281853,0.00782201804,0.00367499681,0.00231938791,-0.00952594675,0.00977696443
1.22076389,0.00463964866,0.00463964866,0.00463964866,0.00463964866,-7.6887594e-05,-7.6887594e-05,-2.38202807e-05,-4.04442281e-05,-0.000115242792,-0.000115242792,-3.13596863e-05,-2.8394737e-05,0.00232183021,0.00224951218,0.00224951218,0.00224951218,0.00224596169,0.00232183021,0.000479649846,0.000478950786,0.000478415755,-5.34747518e-06,0.00047954558,-0.000529760451,0.000889494277,0.000921338669,0.000889494277,0.00105040181,0.0134070806,0.0123754057,0.00932562934,0.00932562934,0.00932562934,0.00932562934,0.0073430234,0.0073430234,0.00744821732,0.00741541909,0.00726681132,0.00726681132,0.00743342741,0.00743927276,0.00888431827,0.00861766023,0.00861766023,0.00861766023,0.0086096574,0.00888431827,0.00997741021,0.00997776723,0.00997800621,0.00891802041,0.00997741218,0.00765045485,0.00772406786,0.00776952424,0.00772406786,0.00797764672,0.00321412702,0.00167296499,-0.00949959046,0.0107024407
1.22493056,0.00503482293,0.00503482293,0.00503482293,0.00503482293,-6.52869401e-05,-6.52869401e-05,-1.63068751e-05,-3.16430052e-05,-0.000100688779,-0.000100688779,-2.32587421e-05,-2.05234575e-05,0.00254606312,0.00250391648,0.00250391648,0.00250391648,0.00250098771,0.00254606312,0.000505848661,0.000505251248,0.000504794848,6.79413971e-05,0.000505759646,-0.000403584617,0.00111298203,0.00114296225,0.00111298203,0.00126105115,0.0136005014,0.0126020667,0.00934391802,0.00934391802,0.00934391802,0.00934391802,0.00743838167,0.00743838167,0.00754047632,0.00750863163,0.00736443393,0.00736443393,0.00752604636,0.00753177035,0.00903041184,0.00880618708,0.00880618708,0.00880618708,0.00879913819,0.00903041184,0.0099693696,0.00996961007,0.00996984809,0.00896014171,0.0099693696,0.00775145129,0.00789160573,0.0079349145,0.00789160573,0.00812968601,0.00278566222,0.00106945955,-0.00946505324,0.0115326071
1.22909722,0.00541959837,0.00541959837,0.00541959837,0.00541959837,-5.02600258e-05,-5.02600258e-05,-5.40995535e-06,-1.9444387e-05,-8.26801736e-05,-8.26801736e-05,-1.17678985e-05,-9.26476286e-06,0.00276916571,0.00275667718,0.00275667718,0.00275667718,0.00275435918,0.00276916571,0.00053620687,0.00053571296,0.000535336617,0.000145698716,0.000536133389,-0.000273220387,0.00133702778,0.00136521386,0.00133702778,0.00147261658,0.0137352494,0.0127770703,0.00935101822,0.00935101822,0.00935101822,0.00935101822,0.00753327263,0.00753327263,0.00763203392,0.00760137696,0.00746159009,0.00746159009,0.00761819554,0.00762368294,0.00917057047,0.00898913283,0.00898913283,0.00898913283,0.00898291987,0.00917057047,0.0099569271,0.0099571656,0.00995728659,0.00899917174,0.0099569271,0.00785030316,0.00805451019,0.00809555612,0.00805451019,0.00827709469,0.00239043761,0.000510738506,-0.00942194998,0.0122663318
1.23326389,0.00579400386,0.00579400386,0.00579400386,0.00579400386,-3.17078047e-05,-3.17078047e-05,8.97807741e-06,-3.74346456e-06,-6.11241121e-05,-6.11241121e-05,3.21921833e-06,5.48820043e-06,0.00299031537,0.00300691858,0.00300691858,0.00300691858,0.0030051997,0.00299031537,0.000570746526,0.000570357781,0.00057006277,0.000227851845,0.00057068883,-0.000138828407,0.00156115285,0.00158761299,0.00156115285,0.00168462111,0.0138126074,0.0129009507,0.00934656212,0.00934656212,0.00934656212,0.00934656212,0.00762724015,0.00762724015,0.00772266302,0.0076929642,0.0075579401,0.0075579401,0.00770930361,0.00771467009,0.00930386402,0.00916511203,0.00916511203,0.00916511203,0.0091597332,0.00930386402,0.00993983578,0.00994007477,0.00994019377,0.0090348767,0.00993983578,0.00794633002,0.00821174803,0.00825064612,0.00821174803,0.00841871559,0.00202908512,-1.41243913e-06,-0.009370131,0.0129023631
1.23743056,0.00615849712,0.00615849712,0.00615849712,0.00615849712,-9.6096398e-06,-9.6096398e-06,2.68860605e-05,1.54860152e-05,-3.60058816e-05,-3.60058816e-05,2.17302662e-05,2.37635509e-05,0.00320897305,0.00325403417,0.00325403417,0.00325403417,0.00325290174,0.00320897305,0.000609437081,0.000609154953,0.000608942388,0.000314279626,0.000609395391,-6.10507722e-07,0.00178494147,0.00180974261,0.00178494147,0.00189665307,0.0138342065,0.0129745729,0.00932995711,0.00932995711,0.00932995711,0.00932995711,0.00771999768,0.00771999768,0.00781196599,0.00778333751,0.00765308164,0.00765308164,0.00779908304,0.00780421302,0.009429157,0.00933319579,0.00933319579,0.00933319579,0.00932876889,0.009429157,0.00991786552,0.00991798652,0.00991810552,0.00906688358,0.00991786552,0.00803923839,0.00836264088,0.00839939363,0.00836264088,0.00855399411,0.00170261424,-0.000465011223,-0.00930916313,0.0134395842
1.24159722,0.00651133311,0.00651133311,0.00651133311,0.00651133311,1.60263324e-05,1.60263324e-05,4.83146535e-05,3.82419379e-05,-7.33997224e-06,-7.33997224e-06,4.37646381e-05,4.5561176e-05,0.0034250335,0.00349786587,0.00349786587,0.00349786587,0.00349730655,0.0034250335,0.000652200656,0.00065202637,0.000651897188,0.000404812856,0.000652175159,0.000141183892,0.00200812862,0.00203133529,0.00200812862,0.00210844527,0.0138022801,0.012999353,0.00930119408,0.00930119408,0.00930119408,0.00930119408,0.00781109391,0.00781109391,0.0078996053,0.00787204983,0.00774667899,0.00774667899,0.0078871998,0.00789209081,0.00954587771,0.00949270908,0.00949270908,0.00949270908,0.00948911811,0.00954587771,0.00989077314,0.00989089214,0.00989101114,0.0090949609,0.00989089015,0.00812892987,0.0085068646,0.00854147153,0.0085068646,0.00868236809,0.00141153434,-0.000878516161,-0.00923911395,0.0138778692
1.24576389,0.00685033535,0.00685033535,0.00685033535,0.00685033535,4.52294597e-05,4.52294597e-05,7.33021083e-05,6.45597474e-05,2.48965471e-05,2.48965471e-05,6.93593044e-05,7.09185466e-05,0.00363810297,0.00373799111,0.00373799111,0.00373799111,0.00373799144,0.00363810297,0.00069896046,0.00069889501,0.000698849968,0.000499283293,0.000698951308,0.000286307086,0.00223036978,0.00225204278,0.00223036978,0.00231964348,0.0137190617,0.0129767036,0.00926026427,0.00926026427,0.00926026427,0.00926026427,0.00790042577,0.00790042577,0.00798524508,0.0079588798,0.00783839722,0.00783839722,0.0079734332,0.00797808615,0.00965322114,0.00964285518,0.00964285518,0.00964285518,0.00964021636,0.00965322114,0.00985854793,0.00985866693,0.00985866891,0.00911887648,0.00985854991,0.00821495515,0.00864397773,0.00867632081,0.00864397773,0.00880362375,0.0011564972,-0.00124040452,-0.00915981894,0.0142171081
1.24993056,0.0071756649,0.0071756649,0.0071756649,0.0071756649,7.8021779e-05,7.8021779e-05,0.000101878492,9.4466976e-05,6.07199435e-05,6.07199435e-05,9.85431756e-05,9.98650254e-05,0.00384736447,0.00397356162,0.00397356162,0.00397356162,0.00397410795,0.00384736447,0.000749636942,0.000749681097,0.000749720783,0.00059752528,0.000749644252,0.000434522016,0.00245115827,0.00247135493,0.00245115827,0.00252973169,0.0135865351,0.012907821,0.00920718305,0.00920718305,0.00920718305,0.00920718305,0.00798759675,0.00798759675,0.00806883785,0.00804366449,0.00792830405,0.00792830405,0.0080575054,0.00806191938,0.00975088691,0.00978319669,0.00978319669,0.00978319669,0.00978151179,0.00975088691,0.0098210868,0.00982108878,0.00982108878,0.00913849718,0.0098210868,0.00829738221,0.00877390552,0.00880398328,0.00877390552,0.0089172287,0.000938228476,-0.00154947178,-0.00907144986,0.0144572928
1.25409722,0.0074880031,0.0074880031,0.0074880031,0.0074880031,0.000114357069,0.000114357069,0.000134005121,0.000127922554,0.000100078589,0.000100078589,0.000131276476,0.000132361262,0.00405224455,0.00420396088,0.00420396088,0.00420396088,0.00420503909,0.00405224455,0.000804105316,0.000804259617,0.000804384439,0.000699333177,0.000804129174,0.000585559886,0.00267004413,0.00268881886,0.00267004413,0.00273825263,0.0134069938,0.0127942178,0.00914241393,0.00914241393,0.00914241393,0.00914241393,0.00807262171,0.00807262171,0.0081501696,0.00812607162,0.00801595379,0.00801595379,0.00813931362,0.00814360759,0.00983831179,0.00991329515,0.00991329515,0.00991329515,0.00991256417,0.00983831179,0.00977838163,0.00977826463,0.00977826463,0.00915370849,0.00977838163,0.0083759985,0.00889632891,0.00892414282,0.00889632891,0.00902320537,0.000757023001,-0.00180456531,-0.00897427632,0.0145987832
1.25826389,0.00778553268,0.00778553268,0.00778553268,0.00778553268,0.000154162872,0.000154162872,0.000169617442,0.000164859427,0.000142894355,0.000142894355,0.00016749351,0.000168342006,0.00425253879,0.00442895339,0.00442895339,0.00442895339,0.00443054917,0.00425253879,0.000862202354,0.000862467096,0.000862677271,0.000804463404,0.000862242806,0.000739115647,0.00288671793,0.00290412128,0.00288671793,0.00294488454,0.0131832078,0.0126378804,0.00906606361,0.00906606361,0.00906606361,0.00906606361,0.00815540355,0.00815540355,0.00822902179,0.00820623105,0.00810135904,0.00810135904,0.00821875991,0.00822281687,0.00991550447,0.0100328204,0.0100328204,0.0100328204,0.0100330426,0.00991550447,0.00973030394,0.00973030197,0.00973018396,0.00916463004,0.00973030394,0.00845070102,0.00901127156,0.00903670311,0.00901127156,0.00912145944,0.000613203499,-0.00200500948,-0.00886810159,0.0146428899
1.26243056,0.00806595551,0.00806595551,0.00806595551,0.00806595551,0.000197399667,0.000197399667,0.000208683834,0.000205243472,0.000189122075,0.000189122075,0.000207161509,0.000207774936,0.00444780784,0.0046480891,0.0046480891,0.0046480891,0.00465018841,0.00444780784,0.000923769437,0.000924144672,0.000924440233,0.00091267822,0.000923826494,0.000894891988,0.00310081385,0.00311689146,0.00310081385,0.00314924311,0.01291785,0.0124407282,0.00897875222,0.00897875222,0.00897875222,0.00897875222,0.00823566697,0.00823566697,0.00830535104,0.00828387169,0.00818436129,0.00818436129,0.0082956856,0.00829950359,0.00998207542,0.0101417062,0.0101417062,0.0101417062,0.0101427653,0.00998207542,0.00967710605,0.00967698903,0.00967698703,0.00917102271,0.00967710605,0.0085213344,0.00911879352,0.00914184076,0.00911879352,0.0092119421,0.000506969153,-0.00215033416,-0.00875333661,0.0145910624
1.26659722,0.0083295736,0.0083295736,0.0083295736,0.0083295736,0.000244023361,0.000244023361,0.000251167216,0.000249035383,0.000238712656,0.000238712656,0.000250242379,0.000250622353,0.00463726779,0.00486057196,0.00486057196,0.00486057196,0.00486316098,0.00463726779,0.000988647805,0.000989133355,0.000989514155,0.00102374605,0.000988721443,0.00105260617,0.00331183196,0.00332662481,0.00331183196,0.00335081033,0.0126133433,0.012204471,0.00888082787,0.00888082787,0.00888082787,0.00888082787,0.00831342747,0.00831342747,0.00837917735,0.00835889189,0.00826486355,0.00826486355,0.00837010738,0.00837368737,0.0100379208,0.0102393991,0.0102393991,0.0102393991,0.0102414091,0.0100379208,0.00961890114,0.00961866414,0.00961854714,0.00917300405,0.00961890114,0.00858803262,0.00921880818,0.0092392371,0.00921880818,0.00929467664,0.000438163086,-0.00224047485,-0.00863025333,0.0144449459
1.27076389,0.00857726187,0.00857726187,0.00857726187,0.00857726187,0.000293931898,0.000293931898,0.000296971987,0.000296137509,0.000291559461,0.000291559461,0.000296639575,0.00029678808,0.00482034975,0.005065811,0.005065811,0.005065811,0.00506887588,0.00482034975,0.00105664113,0.00105723659,0.0010577023,0.00113740355,0.00105673129,0.00121195185,0.00351932538,0.00353287028,0.00351932538,0.0035491232,0.0122723812,0.0119311158,0.00877250363,0.00877250363,0.00877250363,0.00877250363,0.00838858511,0.00838858511,0.00845028335,0.0084313071,0.00834287966,0.00834287966,0.00844169243,0.00844515141,0.0100825804,0.0103256732,0.0103256732,0.0103256732,0.0103285203,0.0100825804,0.00955555709,0.00955531908,0.00955520008,0.00917057354,0.00955555709,0.00865069477,0.00931086628,0.00932890682,0.00931086628,0.00936932901,0.000406189309,-0.00227584907,-0.00849891596,0.0142069649
1.27493056,0.00880718002,0.00880718002,0.00880718002,0.00880718002,0.000347001087,0.000347001087,0.000345980609,0.000346430193,0.000347533572,0.000347533572,0.000346234591,0.000346153986,0.00499679975,0.00526353941,0.00526353941,0.00526353941,0.00526706648,0.00499679975,0.00112752316,0.00112822787,0.00112877798,0.00125335856,0.00112762975,0.00137259574,0.00372297618,0.00373530508,0.00372297618,0.00374384396,0.0118980031,0.0116230497,0.00865418474,0.00865418474,0.00865418474,0.00865418474,0.0084609851,0.0084609851,0.00851851313,0.00850084828,0.00841814091,0.00841814091,0.00851063371,0.00851373867,0.0101159057,0.0104001303,0.0104001303,0.0104001303,0.0104039294,0.0101159057,0.00948733636,0.00948709836,0.00948686234,0.00916373322,0.00948733636,0.00870928954,0.0093950334,0.00941045511,0.0093950334,0.00943562439,0.000410475347,-0.00225743054,-0.00835981319,0.0138804803
1.27909722,0.00901699583,0.00901699583,0.00901699583,0.00901699583,0.000403136648,0.000403136648,0.000398105361,0.000399823628,0.000406536067,0.000406536067,0.000398938748,0.000398631765,0.00516617179,0.00545331482,0.00545331482,0.00545331482,0.00545729094,0.00516617179,0.00120107637,0.00120188943,0.00120252324,0.00137132955,0.00120119926,0.00153421728,0.00392242646,0.00393356566,0.00392242646,0.00393459015,0.011493077,0.0112825376,0.00852632292,0.00852632292,0.00852632292,0.00852632292,0.00853052622,0.00853052622,0.00858388209,0.00856752862,0.00849054281,0.00849054281,0.00857660011,0.0085794651,0.0101377907,0.010462553,0.010462553,0.010462553,0.010467423,0.0101377907,0.00941422966,0.00941399117,0.00941375267,0.00915259965,0.00941422966,0.00876371472,0.00947109843,0.00948378034,0.00947109843,0.00949357485,0.000450174815,-0.0021861947,-0.00821315329,0.0134687323
1.28326389,0.00920716344,0.00920716344,0.00920716344,0.00920716344,0.00046224238,0.00046224238,0.000453255771,0.000456225514,0.000468466715,0.000468466715,0.000454660735,0.000454130433,0.00532774297,0.00563441663,0.00563441663,0.00563441663,0.00563882915,0.00532774297,0.00127708646,0.00127800677,0.00127872341,0.00149104478,0.00127722547,0.0016965136,0.00411720794,0.00412717836,0.00411720794,0.00412086963,0.0110602427,0.0109116582,0.00838948026,0.00838948026,0.00838948026,0.00838948026,0.00859722252,0.00859722252,0.00864640573,0.00863124597,0.00856021808,0.00856021808,0.00863960282,0.00864222977,0.0101481189,0.0105130674,0.0105130674,0.0105130674,0.0105186586,0.0101481189,0.0093365684,0.00933621337,0.00933597438,0.00913705506,0.0093365684,0.00881409646,0.00953907475,0.00954901522,0.00953907475,0.00954307727,0.000524353804,-0.00206353499,-0.00819314996,0.0129751932
1.28743056,0.00937872956,0.00937872956,0.00937872956,0.00937872956,0.000524173773,0.000524173773,0.000511292481,0.000515494844,0.000533177389,0.000533177389,0.00051326044,0.00051251017,0.00548098417,0.00580630928,0.00580630928,0.00580630928,0.00581114583,0.00548098417,0.00135530881,0.00135633503,0.00135713347,0.00161220791,0.00135546376,0.00185916449,0.00430690228,0.00431571989,0.00430690228,0.00430224215,0.010602375,0.0105127645,0.00824443076,0.00824443076,0.00824443076,0.00824443076,0.00866092413,0.00866092413,0.00870581865,0.0086920858,0.00862690046,0.00862690046,0.00869972673,0.0087021157,0.0101471149,0.0105514133,0.0105514133,0.0105514133,0.0105579534,0.0101471149,0.00925439579,0.00925403781,0.00925379979,0.00911733679,0.00925439579,0.00886041318,0.0095990457,0.00960612738,0.0095990457,0.0095843376,0.000631914697,-0.00189110311,-0.00819452616,0.0124038676
1.29159722,0.00952988783,0.00952988783,0.00952988783,0.00952988783,0.000588768723,0.000588768723,0.000572058631,0.00057747308,0.000600502317,0.000600502317,0.000574580227,0.000573613642,0.00562563526,0.00596873296,0.00596873296,0.00596873296,0.00597398156,0.00562563526,0.00143547668,0.00143660727,0.00143748628,0.00173450166,0.00143564734,0.00202183022,0.00449120801,0.00449888335,0.00449120801,0.00447838169,0.0101225714,0.010088489,0.00809197814,0.00809197814,0.00809197814,0.00809197814,0.00872188094,0.00872188094,0.00876236681,0.00874994734,0.00869083704,0.00869083704,0.00875675582,0.00875902283,0.0101347876,0.0105777183,0.0105777183,0.0105777183,0.0105852129,0.0101347876,0.00916804525,0.00916768823,0.00916733224,0.00909368223,0.00916804525,0.00890291235,0.00965126565,0.00965536857,0.00965126565,0.00961749105,0.000771910822,-0.00167060944,-0.00819030817,0.0117590985
1.29576389,0.00965836438,0.00965836438,0.00965836438,0.00965836438,0.000655892885,0.000655892885,0.000635424972,0.00064202934,0.000670303593,0.000670303593,0.0006384901,0.000637311142,0.00576127871,0.00612128318,0.00612128318,0.00612128318,0.00612693252,0.00576127871,0.0015173363,0.00151856946,0.00151952767,0.00185762369,0.0015175224,0.00218418766,0.00466979531,0.00467633288,0.00466979531,0.00464893046,0.00962370649,0.00964129835,0.00793291909,0.00793291909,0.00793291909,0.00793291909,0.00877975886,0.00877975886,0.00881595006,0.00880495933,0.00875181244,0.00875181244,0.00881105118,0.00881296412,0.0101114831,0.0105922237,0.0105922237,0.0105922237,0.0106006714,0.0101114831,0.00907773701,0.009077262,0.009076904,0.00906608681,0.00907773701,0.00894160527,0.00969586536,0.00969698779,0.00969586536,0.00964277973,0.000942843509,-0.00140424592,-0.00818052508,0.0110455443
1.29993056,0.00976478589,0.00976478589,0.00976478589,0.00976478589,0.000725412366,0.000725412366,0.000701261973,0.000709032691,0.000742444311,0.000742444311,0.000704859881,0.000703472743,0.00588727797,0.00626333468,0.00626333468,0.00626333468,0.00626937404,0.00588727797,0.00160064061,0.00160197437,0.00160301025,0.00198128465,0.00160084186,0.00234593352,0.00484224391,0.0048476425,0.00484224391,0.00481344122,0.00910846387,0.00917350699,0.00776815986,0.00776815986,0.00776815986,0.00776815986,0.00883487516,0.00883487516,0.00886654065,0.00885697982,0.00881002751,0.00881002751,0.00886223923,0.0088640297,0.0100774502,0.0105951563,0.0105951563,0.0105951563,0.0106044414,0.0100774502,0.00898374947,0.00898315497,0.00898279746,0.00903479849,0.00898363147,0.0089765929,0.00973305915,0.00973108381,0.00973305915,0.00966054597,0.00114367633,-0.00109415712,-0.00816527868,0.0102676641
1.30409722,0.00985036259,0.00985036259,0.00985036259,0.00985036259,0.00079715365,0.00079715365,0.000769399941,0.000778312205,0.000816748322,0.000816748322,0.000773519309,0.000771928403,0.00600317416,0.00639443205,0.00639443205,0.00639443205,0.00640085112,0.00600317416,0.00168511884,0.00168655102,0.00168766287,0.00210517664,0.00168533491,0.0025067519,0.00500818082,0.00501243382,0.00500818082,0.00497151588,0.00857972776,0.00868767627,0.00759873529,0.00759873529,0.00759873529,0.00759873529,0.00888724868,0.00888724868,0.00891438552,0.00890625556,0.00886550077,0.00886550077,0.00891067955,0.00891223355,0.0100331596,0.0105867627,0.0105867627,0.0105867627,0.0105968818,0.0100331596,0.0088863009,0.0088857049,0.00888523039,0.0090001669,0.00888618189,0.00900811901,0.00976333196,0.00975825785,0.00976333196,0.00967092033,0.00137278422,-0.000742963819,-0.00814498558,0.00943064009
1.30826389,0.00991339407,0.00991339407,0.00991339407,0.00991339407,0.000870930195,0.000870930195,0.00083965617,0.000849683938,0.00089302645,0.00089302645,0.000844285107,0.000842495067,0.00610873899,0.00651435501,0.00651435501,0.00651435501,0.00652114396,0.00610873899,0.00177048519,0.00177201342,0.00177319938,0.00222897758,0.00177071574,0.00266631339,0.00516733845,0.00517043356,0.00516733845,0.00512285999,0.0080404945,0.00818654622,0.00742567647,0.00742567647,0.00742567647,0.00742567647,0.00893677629,0.00893677629,0.00895938244,0.00895268272,0.00891824589,0.00891824589,0.00895639056,0.0089575885,0.0099790748,0.0105673933,0.0105673933,0.0105673933,0.010578464,0.0099790748,0.00878572508,0.00878512908,0.00878465209,0.00896218886,0.00878560559,0.00903631229,0.00978693142,0.00977852279,0.00978693142,0.00967437462,0.00162867696,-0.000353254486,-0.00811972627,0.00853980071
1.31243056,0.00995177119,0.00995177119,0.00995177119,0.00995177119,0.000946581674,0.000946581674,0.000911874017,0.000922990054,0.000971115853,0.000971115853,0.00091700008,0.000915015753,0.00620361552,0.00662276406,0.00662276406,0.00662276406,0.0066299137,0.00620361552,0.001856471,0.0018580927,0.00185935079,0.00235238425,0.00185671563,0.00282430839,0.00531942975,0.00532134856,0.00531942975,0.00526715739,0.00749350434,0.00767265731,0.00725013586,0.00725013586,0.00725013586,0.00725013586,0.00898366574,0.00898366574,0.00900162472,0.00899647289,0.00896823609,0.00896823609,0.00899934781,0.00900030577,0.00991546086,0.0105374116,0.0105374116,0.0105374116,0.0105493187,0.00991546086,0.00868242345,0.00868171043,0.00868123343,0.00892123341,0.00868230444,0.00906127878,0.00980408391,0.00979233753,0.00980408391,0.00967126465,0.00190969149,7.20566247e-05,-0.00808975071,0.00760060068
1.31659722,0.00996632775,0.00996632775,0.00996632775,0.00996632775,0.00102395028,0.00102395028,0.000985898727,0.000998074805,0.00105085666,0.00105085666,0.000991509016,0.000989335425,0.00628727765,0.00671914824,0.00671914824,0.00671914824,0.00672664995,0.00628727765,0.00194281779,0.00194453022,0.00194585831,0.0024751092,0.0019430761,0.00298044863,0.00546409439,0.00546481265,0.00546409439,0.00540401983,0.00694134697,0.00714843488,0.00707314815,0.00707314815,0.00707314815,0.00707314815,0.00902793241,0.00902793241,0.00904136026,0.00903752331,0.00901571951,0.00901571951,0.00903968128,0.00904028328,0.00984313268,0.0104972907,0.0104972907,0.0104972907,0.0105100327,0.00984313268,0.00857661563,0.00857590063,0.00857530662,0.0088776506,0.00857649663,0.0090833787,0.00981515135,0.00980006823,0.00981515135,0.0096620687,0.00221421303,0.000530190928,-0.00805546153,0.00661824395
1.32076389,0.00995844429,0.00995844429,0.00995844429,0.00995844429,0.00110284628,0.00110284628,0.00106154317,0.00107475021,0.00113205742,0.00113205742,0.00106762439,0.00106526671,0.00635936496,0.00680315513,0.00680315513,0.00680315513,0.00681100067,0.00635936496,0.00202924927,0.00203104952,0.00203244535,0.00259685151,0.00202952083,0.00313443702,0.00560101734,0.00560050529,0.00560101734,0.00553310622,0.00638677887,0.00661651836,0.00689586019,0.00689586019,0.00689586019,0.00689586019,0.00906958682,0.00906958682,0.00907848397,0.00907607574,0.00906071044,0.00906071044,0.00907740108,0.00907776205,0.00976255284,0.0104474966,0.0104474966,0.0104474966,0.0104610723,0.00976255284,0.0084686317,0.0084679167,0.0084673202,0.00883143431,0.0084685127,0.00910273963,0.009820611,0.00980207136,0.009820611,0.00964690714,0.00254041695,0.00101770158,-0.0080169408,0.00559881678
1.32493056,0.00992661755,0.00992661755,0.00992661755,0.00992661755,0.00118307137,0.00118307137,0.0011386116,0.00115281969,0.00121451812,0.00121451812,0.00114515007,0.00114261363,0.00641971616,0.0068746342,0.0068746342,0.0068746342,0.00688281573,0.00641971616,0.00211548071,0.00211736568,0.00211882686,0.00271730219,0.00211576505,0.00328596816,0.00572997904,0.00572820119,0.00572997904,0.00565416998,0.00583257048,0.00607962793,0.00671943026,0.00671943026,0.00671943026,0.00671943026,0.0091089604,0.0091089604,0.00911309288,0.00911223304,0.00910330377,0.00910330377,0.00911272395,0.00911284691,0.00967435212,0.0103886424,0.0103886424,0.0103886424,0.0104029355,0.00967435212,0.00835887772,0.0083580457,0.0083574492,0.00878307459,0.00835875872,0.00911947087,0.00982081702,0.00979882063,0.00982081702,0.00962649171,0.00288636535,0.00153172876,-0.00797448128,0.00454789916
1.32909722,0.0098690283,0.0098690283,0.0098690283,0.0098690283,0.00126445247,0.00126445247,0.00121693335,0.00123211178,0.0012980641,0.0012980641,0.00122391502,0.00122120528,0.00646806648,0.00693333806,0.00693333806,0.00693333806,0.00694184825,0.00646806648,0.00220124863,0.0022032151,0.00220473911,0.00283617479,0.00220154528,0.0034347595,0.00585074809,0.005847663,0.00585074809,0.00576695147,0.00528121299,0.00554025667,0.00654500704,0.00654500704,0.00654500704,0.00654500704,0.00914595218,0.00914595218,0.00914543403,0.00914600608,0.00914363128,0.00914363128,0.00914566255,0.00914554705,0.00957922696,0.0103210818,0.0103210818,0.0103210818,0.0103362079,0.00957922696,0.00824768845,0.00824685347,0.00824625746,0.0087326864,0.00824756945,0.00913381446,0.00981624785,0.00979056023,0.00981624785,0.00960118418,0.00325022261,0.00206881714,-0.00792850068,0.00347143953
1.33326389,0.009786765,0.009786765,0.009786765,0.009786765,0.00134682086,0.00134682086,0.00129634162,0.00131245904,0.00138252538,0.00138252538,0.00130375213,0.00130087468,0.0065040253,0.00697889074,0.00697889074,0.00697889074,0.00698772266,0.0065040253,0.00228630312,0.00228834769,0.00228993192,0.00295320111,0.00228661157,0.00358055107,0.00596303515,0.0059585957,0.00596303515,0.0058711346,0.0047350825,0.00500081461,0.00637374184,0.00637374184,0.00637374184,0.00637374184,0.00918068552,0.00918068552,0.00917551764,0.00917751992,0.00918170314,0.00918170314,0.00917645928,0.00917610573,0.00947775091,0.0102456233,0.0102456233,0.0102456233,0.010261584,0.00947775091,0.00813527589,0.00813444187,0.00813384587,0.0086806122,0.00813515689,0.00914601178,0.00980702526,0.00977787661,0.00980702526,0.00957133339,0.00363005561,0.00262564167,-0.00787917602,0.00341302317
1.33743056,0.00968139596,0.00968139596,0.00968139596,0.00968139596,0.0014299827,0.0014299827,0.00137664412,0.00139366866,0.00146770719,0.00146770719,0.00138446889,0.00138142939,0.00652735904,0.00701106674,0.00701106674,0.00701106674,0.00702021367,0.00652735904,0.00237038179,0.00237250094,0.00237414265,0.00306810399,0.00237070151,0.00372307738,0.00606659512,0.00606074886,0.00606659512,0.00596644948,0.00419668651,0.00446388732,0.00620667331,0.00620667331,0.00620667331,0.00620667331,0.00921337966,0.00921337966,0.00920344612,0.00920699629,0.00921761801,0.00921761801,0.0092051032,0.00920439366,0.00937068252,0.0101627827,0.0101627827,0.0101627827,0.0101793428,0.00937068252,0.00802216733,0.00802133235,0.00802061933,0.00862711501,0.00802204833,0.00915629465,0.0097937425,0.00976090209,0.0097937425,0.0095375462,0.00402378108,0.00319884097,-0.007826802,0.00347472265
1.34159722,0.00955172354,0.00955172354,0.00955172354,0.00955172354,0.00151373992,0.00151373992,0.00145764424,0.00147554356,0.00155341053,0.00155341053,0.00146586845,0.00146267268,0.00653800818,0.007029816,0.007029816,0.007029816,0.00703927143,0.00653800818,0.00245321991,0.00245540999,0.00245710635,0.00318060383,0.00245355036,0.00386206956,0.00616127025,0.00615395931,0.00616127025,0.00605271348,0.0036684606,0.00393204807,0.00604494885,0.00604494885,0.00604494885,0.00604494885,0.00924393097,0.00924393097,0.00922934583,0.00923432887,0.00925150409,0.00925150409,0.00923160085,0.00923076884,0.00925883343,0.0100731381,0.0100731381,0.0100731381,0.0100904122,0.00925883343,0.00790857739,0.00790774337,0.00790702837,0.00857242225,0.00790845839,0.00916478728,0.00977664145,0.00974022333,0.00977664145,0.00949994181,0.00442945745,0.0037850872,-0.00777170159,0.00350677469
1.34576389,0.00939635823,0.00939635823,0.00939635823,0.00939635823,0.00159791916,0.00159791916,0.00153917002,0.00155791127,0.0016394612,0.0016394612,0.00154777862,0.00154443241,0.00653583237,0.00703501215,0.00703501215,0.00703501215,0.00704476981,0.00653583237,0.00253457815,0.00253683538,0.00253858346,0.00329044718,0.00253491877,0.00399728465,0.00624689816,0.0062380592,0.00624689816,0.00612973916,0.00315254183,0.0034076168,0.00588960644,0.00588960644,0.00588960644,0.00588960644,0.00927269441,0.00927269441,0.0092533425,0.00925987379,0.00928360701,0.00928360701,0.00925631163,0.00925512458,0.00914289221,0.00997749801,0.00997749801,0.00997749801,0.00999537013,0.00914289221,0.00779495365,0.00779400164,0.00779328664,0.00851687557,0.00779483435,0.00917172879,0.00975630717,0.00971619498,0.00975630717,0.00945933536,0.00484492408,0.00438094977,-0.00771417249,0.00350675179
1.34993056,0.00921669375,0.00921669375,0.00921669375,0.00921669375,0.00168235303,0.00168235303,0.00162105504,0.00164060505,0.00172569126,0.00172569126,0.00163003283,0.00162654209,0.00652060312,0.00702643764,0.00702643764,0.00702643764,0.00703649139,0.00652060312,0.00261423379,0.00261655428,0.00261835108,0.00339740111,0.00261458399,0.00412850353,0.00632327239,0.00631283697,0.00632327239,0.00619729697,0.00265097681,0.00289285143,0.00574179268,0.00574179268,0.00574179268,0.00574179268,0.009299664,0.009299664,0.0092756605,0.00928362416,0.00931379637,0.00931379637,0.00927922756,0.00927780053,0.00902362864,0.00987638817,0.00987638817,0.00987638817,0.00989485575,0.00902362864,0.00768147291,0.0076805193,0.007679804,0.00846074173,0.0076813537,0.00917735263,0.00973287637,0.00968906896,0.00973287637,0.00941587513,0.00526819287,0.00498304438,-0.00765460546,0.00347490107
1.35409722,0.00901450344,0.00901450344,0.00901450344,0.00901450344,0.00176685506,0.00176685506,0.00170311354,0.0017234389,0.0018119139,0.0018119139,0.0017124452,0.00170881589,0.00649224263,0.00700401958,0.00700401958,0.00700401958,0.00701436325,0.00649224263,0.0026919564,0.00269433617,0.0026961786,0.00350122766,0.00269231559,0.0042555045,0.00639023041,0.00637812536,0.00639023041,0.00625520356,0.00216590712,0.00239014178,0.00560230916,0.00560230916,0.00560230916,0.00560230916,0.00932496181,0.00932496181,0.00929619265,0.00930570371,0.00934242992,0.00934242992,0.00930047268,0.00929880767,0.00890184812,0.00977049863,0.00977049863,0.00977049863,0.00978956264,0.00890184812,0.0075686981,0.0075677444,0.0075669119,0.00840413019,0.0075685788,0.00918178314,0.00970681517,0.00965943005,0.00970681517,0.00937013955,0.00569721668,0.0055882893,-0.00759307912,0.00341219428
1.35826389,0.00878900936,0.00878900936,0.00878900936,0.00878900936,0.0018512387,0.0018512387,0.00178515959,0.00180622665,0.00189794225,0.00189794225,0.0017948297,0.0017910678,0.00645082723,0.00696783983,0.00696783983,0.00696783983,0.00697846713,0.00645082723,0.00276751883,0.00276995381,0.00277183871,0.00360169173,0.00276788641,0.00437806731,0.00644769072,0.00643383826,0.00644769072,0.00630335754,0.00169933007,0.0019017795,0.00547231031,0.00547231031,0.00547231031,0.00547231031,0.00934859693,0.00934859693,0.00931517655,0.00932611983,0.00936940307,0.00936940307,0.0093201712,0.00931826765,0.00877823877,0.00966063684,0.00966063684,0.00966063684,0.00968017944,0.00877823877,0.00745672897,0.00745577547,0.00745494097,0.00834749735,0.00745660997,0.00918513962,0.0096785937,0.009627515,0.0096785937,0.00932248103,0.00613007133,0.00619325965,-0.00753001696,0.00331669905
1.36243056,0.00853939059,0.00853939059,0.00853939059,0.00853939059,0.00193534198,0.00193534198,0.00186703176,0.00188880668,0.00198361409,0.00198361409,0.00187702479,0.00187313633,0.00639637289,0.00691792281,0.00691792281,0.00691792281,0.00692882739,0.00639637289,0.00284072316,0.00284320918,0.00284513333,0.00369858773,0.00284109849,0.00449600059,0.00649557403,0.00647989193,0.00649557403,0.0063416607,0.00125292681,0.0014297753,0.00535246511,0.00535246511,0.00535246511,0.00535246511,0.00937090949,0.00937090949,0.00933283997,0.00934521314,0.00939493585,0.00939493585,0.00933843254,0.00933617399,0.00865345603,0.00954733432,0.00954733432,0.00954733432,0.00956747138,0.00865345603,0.00734608962,0.00734501861,0.00734418421,0.00829087667,0.00734585311,0.00918777429,0.00964835061,0.00959369322,0.00964835061,0.00927339352,0.0065644111,0.00679503363,-0.00746580821,0.00318692548
1.36659722,0.00826738186,0.00826738186,0.00826738186,0.00826738186,0.00201901017,0.00201901017,0.00194857563,0.00197102442,0.00206877466,0.00206877466,0.00195887598,0.00195486701,0.00632883947,0.00685423381,0.00685423381,0.00685423381,0.0068654091,0.00632883947,0.00291139055,0.00291392339,0.00291588352,0.0037917324,0.00291177301,0.00460913787,0.00653376931,0.0065161714,0.00653376931,0.00636998567,0.00082830014,0.000976084823,0.00524368953,0.00524368953,0.00524368953,0.00524368953,0.00939179268,0.00939179268,0.00934907452,0.00936287856,0.00941903777,0.00941903777,0.00935538054,0.00935288154,0.00852853603,0.00943139729,0.00943139729,0.00943139729,0.00945189531,0.00852853603,0.00723687852,0.00723580582,0.00723508852,0.0082347262,0.00723675752,0.00918969307,0.00961654999,0.00955831687,0.00961654999,0.0092232284,0.00699854055,0.00739030728,-0.0074004989,0.00302369232
1.37076389,0.00797496205,0.00797496205,0.00797496205,0.00797496205,0.00210207472,0.00210207472,0.00202962269,0.00205271135,0.00215325551,0.00215325551,0.00204021475,0.00203609134,0.00624833197,0.00677687794,0.00677687794,0.00677687794,0.00678831699,0.00624833197,0.0029793384,0.00298191378,0.00298390657,0.00388094075,0.00297972735,0.00471731262,0.00656220936,0.00654260604,0.00656220936,0.00638825183,0.000427113517,0.000542749436,0.00514656149,0.00514656149,0.00514656149,0.00514656149,0.00941136866,0.00941136866,0.00936411732,0.00937935209,0.0094419493,0.0094419493,0.00937102192,0.00936828389,0.00840405461,0.00931351285,0.00931351285,0.00931351285,0.00933436793,0.00840405461,0.00712954184,0.00712846884,0.00712775354,0.00817915557,0.00712942244,0.00919113128,0.0095835438,0.00952185115,0.0095835438,0.00917233043,0.00743030671,0.00797623355,-0.00743348411,0.00282840056
1.37493056,0.00766187131,0.00766187131,0.00766187131,0.00766187131,0.00218437085,0.00218437085,0.00211000818,0.00213370266,0.00223689201,0.00223689201,0.00212087633,0.00211664454,0.0061550933,0.00668609843,0.00668609843,0.00668609843,0.00669779386,0.0061550933,0.00304439226,0.00304700584,0.00304902794,0.00396603528,0.00304478706,0.00482036413,0.00658090304,0.00655920158,0.00658090304,0.00639645663,5.08309118e-05,0.000131638153,0.00506196016,0.00506196016,0.00506196016,0.00506196016,0.00942986207,0.00942986207,0.00937796454,0.00939474672,0.00946366392,0.00946366392,0.00938558164,0.0093826056,0.00828078171,0.00919433417,0.00919433417,0.00919433417,0.00921554769,0.00828078171,0.00702437144,0.00702329864,0.00702246622,0.00812442888,0.00702425224,0.00919232763,0.00954958819,0.00948443782,0.00954958819,0.00912119728,0.00785782783,0.00855014219,-0.00841850404,0.00259991116
1.37909722,0.0073279692,0.0073279692,0.0073279692,0.0073279692,0.00226575833,0.00226575833,0.00218959178,0.00221385804,0.0023195441,0.0023195441,0.00220072039,0.00219638629,0.00604932343,0.00658209767,0.00658209767,0.00658209767,0.00659404165,0.00604932343,0.00310640992,0.00310905731,0.00311110533,0.00404687078,0.00310680991,0.00491816311,0.00658986745,0.0065659725,0.00658986745,0.00639460795,-0.000299414347,-0.000255689194,0.00499022572,0.00499022572,0.00499022572,0.00499022572,0.00944728355,0.00944728355,0.00939097141,0.00940906846,0.00948430365,0.00948430365,0.00939918643,0.00939597143,0.00815940463,0.00907454818,0.00907454818,0.00907454818,0.0090961192,0.00815940463,0.00692169873,0.00692062573,0.00691979143,0.00807077129,0.00692146232,0.00919328503,0.0095150299,0.00944642328,0.0095150299,0.00907006037,0.00827941744,0.00910919882,-0.00936488802,0.00233774348
1.38326389,0.00697533064,0.00697533064,0.00697533064,0.00697533064,0.00234610496,0.00234610496,0.00226824111,0.00229304513,0.00240107991,0.00240107991,0.00227961455,0.00227518419,0.00593119202,0.00646504493,0.00646504493,0.00646504493,0.00647722909,0.00593119202,0.00316526978,0.0031679466,0.00317001713,0.00412332527,0.00316567431,0.00501060549,0.00658909826,0.00656291244,0.00658909826,0.00638269554,-0.000622565141,-0.000617734021,0.00493205341,0.00493205341,0.00493205341,0.00493205341,0.0094637526,0.0094637526,0.00940291224,0.00942255553,0.00950387468,0.00950387468,0.00941184038,0.0094082703,0.00804060969,0.00895484151,0.00895484151,0.00895484151,0.00897665256,0.00804060969,0.00682162271,0.0068205498,0.00681971521,0.00801829114,0.00682150143,0.00919412215,0.00948010243,0.00940827233,0.00948010243,0.00901938048,0.00869303568,0.00965090572,-0.0102686397,0.00204327723
1.38743056,0.00660610549,0.00660610549,0.00660610549,0.00660610549,0.00242526909,0.00242526909,0.00234581411,0.00237112201,0.00248135819,0.00248135819,0.00235741683,0.00235289625,0.00580100722,0.00633524374,0.00633524374,0.00633524374,0.00634765897,0.00580100722,0.00322084922,0.00322355104,0.00322564065,0.00419527737,0.00322125761,0.00509758889,0.00657863455,0.00655005919,0.00657863455,0.00636075622,-0.000917531109,-0.000952955218,0.00488783708,0.00488783708,0.00488783708,0.00488783708,0.00947938175,0.00947938175,0.00941412826,0.0094350874,0.00952260309,0.00952260309,0.00942365532,0.00941996181,0.0079251681,0.00883586769,0.00883586769,0.00883586769,0.00885780069,0.0079251681,0.00672454415,0.00672358856,0.00672275415,0.00796736632,0.00672442514,0.00919519112,0.00944505909,0.00937012823,0.00944505909,0.0089694244,0.00909692717,0.0101730874,-0.0111260426,0.00171826841
1.39159722,0.00622060709,0.00622060709,0.00622060709,0.00622060709,0.00250311624,0.00250311624,0.00242217588,0.00244795384,0.0025602449,0.0025602449,0.00243399234,0.00242938757,0.00565920002,0.00619312077,0.00619312077,0.00619312077,0.00620575719,0.00565920002,0.00327303739,0.00327575978,0.00327786506,0.00426261671,0.00327344899,0.00517902013,0.00655858683,0.00652752253,0.00655858683,0.00632890135,-0.00118345445,-0.00126004018,0.00485780075,0.00485780075,0.00485780075,0.00485780075,0.00949417647,0.00949417647,0.00942463032,0.00944690037,0.00954049658,0.00954049658,0.00943475236,0.00943082285,0.00781365114,0.00871831325,0.00871831325,0.00871831325,0.00874036525,0.00781365114,0.00663079761,0.00662972671,0.00662889221,0.00791799242,0.00663067841,0.00919638104,0.00941024889,0.00933221879,0.00941024889,0.00892053444,0.00948963852,0.0106732589,-0.0119332991,0.00136280634
1.39576389,0.00581943019,0.00581943019,0.00581943019,0.00581943019,0.00257953609,0.00257953609,0.00249721563,0.00252343,0.00263763022,0.00263763022,0.00250923036,0.0025045474,0.00550617136,0.0060390745,0.0060390745,0.0060390745,0.00605192146,0.00550617136,0.00332175745,0.003324496,0.00332661352,0.00432526688,0.0033221716,0.00525483892,0.00652907856,0.0064954259,0.00652907856,0.00628725842,-0.00141981481,-0.00153800954,0.00484217881,0.00484217881,0.00484217881,0.00484217881,0.00950825764,0.00950825764,0.00943453587,0.00945811712,0.00955767723,0.00955767723,0.00944525496,0.00944096891,0.00770662791,0.00860263027,0.00860263027,0.00860263027,0.0086248013,0.00770662791,0.00654048405,0.00653952857,0.00653869407,0.0078705071,0.00654036504,0.00919780728,0.00937590354,0.00929500801,0.00937590354,0.00887294007,0.00986947732,0.0111496184,-0.0126876279,0.000977251381
1.39993056,0.00540493508,0.00540493508,0.00540493508,0.00540493508,0.00265442657,0.00265442657,0.00257083072,0.00259744798,0.00271341261,0.00271341261,0.00258302832,0.00257827314,0.00534231,0.00587348915,0.00587348915,0.00587348915,0.00588653512,0.00534231,0.00336695331,0.0033697036,0.00337182996,0.00438317435,0.00336736936,0.00532500941,0.00649021951,0.0064538799,0.00649021951,0.00623594526,-0.00162617072,-0.00178595924,0.00484110311,0.00484110311,0.00484110311,0.00484110311,0.00952173652,0.00952173652,0.00944384305,0.00946873618,0.00957413884,0.00957413884,0.00945515811,0.00945074959,0.00760474591,0.00848958437,0.00848958437,0.00848958437,0.00851175737,0.00760474591,0.00645388332,0.00645292982,0.00645209532,0.0078249414,0.00645376432,0.0091995892,0.00934216022,0.00925840292,0.00934216022,0.00882690384,0.0102350619,0.0116001454,-0.0133861046,0.000563831976
1.40826389,0.00454357576,0.00454357576,0.00454357576,0.00454357576,0.00279919623,0.00279919623,0.00271336102,0.00274068435,0.0028597479,0.0028597479,0.00272587854,0.00272099671,0.00498426547,0.00550984816,0.00550984816,0.00550984816,0.00552325351,0.00498426547,0.00344656215,0.00344932281,0.00345145669,0.00448456606,0.00344698001,0.00544828171,0.00638512243,0.0063431206,0.00638512243,0.00610503474,-0.00194727153,-0.00218840599,0.00488305515,0.00488305515,0.00488305515,0.00488305515,0.00954726435,0.00954726435,0.00946126259,0.00948866081,0.00960539286,0.00960539286,0.0094736507,0.00946876667,0.00741845669,0.00827357308,0.00827357308,0.00827357308,0.00829551003,0.00741845669,0.00629280996,0.00629185428,0.00629102176,0.00774046457,0.00629268878,0.00920481704,0.009277278,0.00918850654,0.009277278,0.00874076361,0.0109176315,0.012417579,-0.014605985,-0.000339479395
1.42493056,0.00273449539,0.00273449539,0.00273449539,0.00273449539,0.00306647045,0.00306647045,0.00297738068,0.0030057236,0.0031292994,0.0031292994,0.00299035759,0.00298529246,0.00416442088,0.00467005594,0.00467005594,0.00467005594,0.00468399593,0.00416442088,0.00356235196,0.00356508224,0.00356719159,0.00462947227,0.0035627658,0.00562681515,0.00607196121,0.00601758357,0.00607196121,0.00573722081,-0.00222446474,-0.00260929276,0.00513947815,0.00513947815,0.00513947815,0.00513947815,0.00959353826,0.00959353826,0.00949239134,0.00952455996,0.00966251853,0.00966251853,0.00950692689,0.00950120886,0.00712865978,0.00789512581,0.00789512581,0.00789512581,0.00791599327,0.00712865978,0.00602381426,0.00602297778,0.00602226228,0.00760117955,0.00602369297,0.00922265461,0.00916322107,0.00906633137,0.00916322107,0.00859706993,0.0120562974,0.0136822069,-0.0162914996,-0.00240498276
1.44159722,0.000915396745,0.000915396745,0.000915396745,0.000915396745,0.00330111921,0.00330111921,0.00321035988,0.00323921333,0.0033651265,0.0033651265,0.00322356219,0.00321840462,0.00324579892,0.00371954936,0.00371954936,0.00371954936,0.00373371825,0.00324579892,0.00362200636,0.00362464191,0.003626677,0.00469929589,0.00362240653,0.00571756216,0.00563753664,0.00556971355,0.00563753664,0.00524585409,-0.00203829242,-0.00252293457,0.00560831333,0.00560831333,0.00560831333,0.00560831333,0.00963587083,0.00963587083,0.00952160123,0.00955782626,0.00971451139,0.00971451139,0.00953804623,0.00953149124,0.00696598511,0.00760979934,0.00760979934,0.00760979934,0.00762852503,0.00696598511,0.00583357523,0.00583274273,0.00583226394,0.00750609988,0.00583345603,0.00925216827,0.00907560339,0.00897357835,0.00907560339,0.00849888237,0.0128473212,0.0144143732,-0.0169373078,-0.00220558693
1.45826389,-0.000784249929,-0.000784249929,-0.000784249929,-0.000784249929,0.00350160156,0.00350160156,0.00341069373,0.00343956855,0.00356573971,0.00356573971,0.0034238967,0.00341873403,0.00228411282,0.00271397382,0.00271397382,0.00271397382,0.00272799565,0.00228411282,0.00363085904,0.0036333419,0.00363525794,0.00469988627,0.00363123684,0.00572721656,0.00510662649,0.00502489355,0.00510662649,0.00465866834,-0.00144697847,-0.00197298277,0.00625437864,0.00625437864,0.00625437864,0.00625437864,0.00967581782,0.00967581782,0.00955045038,0.0095901355,0.00976257218,0.00976257218,0.00956832841,0.00956129689,0.00694025623,0.00743384299,0.00743384299,0.00743384299,0.00744971164,0.00694025623,0.00572700351,0.00572640751,0.00572604793,0.00745762126,0.0057268845,0.00929265906,0.00901742479,0.00891371476,0.00901742479,0.00844944455,0.0132619867,0.0146081648,-0.0165811475,-0.00209078999
1.47493056,-0.0022407631,-0.0022407631,-0.0022407631,-0.0022407631,0.00366842016,0.00366842016,0.00357881421,0.00360724366,0.00373169609,0.00373169609,0.00359180354,0.00358671921,0.00134097839,0.00171533682,0.00171533682,0.00171533682,0.00172877755,0.00134097839,0.00359718027,0.00359946039,0.00360121874,0.0046401926,0.00359752814,0.00566541218,0.00450915984,0.00441386067,0.00450915984,0.00400932221,-0.000536008944,-0.00104058103,0.0070311448,0.0070311448,0.0070311448,0.0070311448,0.009712905,0.009712905,0.00957882579,0.00962125484,0.00980634116,0.00980634116,0.00959801481,0.00959050481,0.00704819367,0.00737304682,0.00737304682,0.00737304682,0.0073853434,0.00704819367,0.00570484007,0.00570448227,0.00570424397,0.00745469539,0.00570472285,0.00934138542,0.00898727343,0.00888533553,0.00898727343,0.00844675539,0.0133009512,0.0143005725,-0.0153411535,-0.00210302523
1.49159722,-0.00334969044,-0.00334969044,-0.00334969044,-0.00334969044,0.00380375297,0.00380375297,0.00371682208,0.00374436433,0.00386523063,0.00386523063,0.00372939514,0.00372446819,0.000479338249,0.000787559308,0.000787559308,0.000787559308,0.000799948525,0.000479338249,0.00353120989,0.00353324623,0.00353481521,0.00453131029,0.00353152162,0.00554376658,0.0038785404,0.00377096008,0.0038785404,0.00333536053,0.000591676166,0.000165623958,0.00788538296,0.00788538296,0.00788538296,0.00788538296,0.00974570825,0.00974570825,0.0096054212,0.00964964221,0.00984403828,0.00984403828,0.00962544621,0.00961757821,0.00727494013,0.00742243371,0.00742243371,0.00742243371,0.00743079417,0.00727494013,0.00576304619,0.0057630442,0.0057630442,0.00749303592,0.00576304619,0.00939323641,0.008980155,0.00888285605,0.008980155,0.0084836774,0.0129918026,0.013564449,-0.013398825,-0.00222822899
1.50826389,-0.0040370636,-0.0040370636,-0.0040370636,-0.0040370636,0.00391101639,0.00391101639,0.00382804899,0.00385428987,0.00396981994,0.00396981994,0.00384001611,0.00383532071,-0.000241550027,-8.49894097e-06,-8.49894097e-06,-8.49894097e-06,2.36070924e-06,-0.000241550027,0.00344416486,0.00344592591,0.00344728128,0.00438550243,0.00344443566,0.00537492214,0.00324960526,0.00313200944,0.00324960526,0.00267572857,0.00182619133,0.00152186443,0.00876160199,0.00876160199,0.00876160199,0.00876160199,0.00977113702,0.00977113702,0.0096272629,0.00967255894,0.00987245514,0.00987245514,0.00964776493,0.00963965891,0.00759611217,0.00756786233,0.00756786233,0.00756786233,0.00757193313,0.00759611217,0.00589401432,0.00589425075,0.00589448737,0.00756574634,0.00589413135,0.00944190115,0.00898809256,0.00889829395,0.00898809256,0.00854962049,0.0123851939,0.0124997493,-0.0127986656,-0.00244720609
1.52493056,-0.0042663137,-0.0042663137,-0.0042663137,-0.0042663137,0.00399441495,0.00399441495,0.00391660548,0.0039411617,0.00404973326,0.00404973326,0.00392779145,0.00392339627,-0.000771038057,-0.00062000997,-0.00062000997,-0.00062000997,-0.000611132955,-0.000771038057,0.00334732633,0.00334879027,0.00334991527,0.00421529966,0.00334755282,0.00517168636,0.00265639924,0.00253196886,0.00265639924,0.00206808806,0.003060661,0.00290214895,0.00960568396,0.00960568396,0.00960568396,0.00960568396,0.00978525676,0.00978525676,0.00964053626,0.00968595724,0.00988789427,0.00988789427,0.00966104225,0.00965293425,0.0079802292,0.00778788539,0.00778788539,0.00778788539,0.00778790128,0.0079802292,0.00608665356,0.00608712838,0.00608748598,0.00766412026,0.00608665356,0.00948033893,0.00900155737,0.00892164267,0.00900155737,0.0086318274,0.0115496692,0.0112230158,-0.0138719977,-0.00273757071
1.54159722,-0.00403956466,-0.00403956466,-0.00403956466,-0.00403956466,0.00405851471,0.00405851471,0.00398695226,0.00400947531,0.00410960744,0.00410960744,0.00399719813,0.00399316569,-0.00107138654,-0.00100658735,-0.00100658735,-0.00100658735,-0.00100008789,-0.00107138654,0.00325126131,0.00325241581,0.00325330102,0.00403273244,0.00325144153,0.0049463213,0.00212996532,0.00200263192,0.00212996532,0.00154619893,0.00419972127,0.00419006788,0.0103671207,0.0103671207,0.0103671207,0.0103671207,0.00978378094,0.00978378094,0.00964071795,0.00968566194,0.00988582792,0.00988582792,0.00966098496,0.00965299796,0.0083922683,0.00805642024,0.00805642024,0.00805642024,0.00805250022,0.0083922683,0.00632762805,0.00632834305,0.00632893935,0.00777803434,0.00632763004,0.0095012841,0.00901077004,0.00894229413,0.00901077004,0.00871671267,0.0105653868,0.00985826806,-0.0144066854,-0.00307563832
1.55826389,-0.00339345502,-0.00339345502,-0.00339345502,-0.00339345502,0.00410784374,0.00410784374,0.00404349882,0.00406367931,0.00415404905,0.00415404905,0.00405266385,0.00404904968,-0.00112100147,-0.0011436687,-0.0011436687,-0.0011436687,-0.00113985313,-0.00112100147,0.00316518075,0.00316602244,0.00316666543,0.00384869545,0.00316531407,0.00470997549,0.00169629157,0.00157049101,0.00169629157,0.0011375558,0.00516595676,0.00528831394,0.0110011031,0.0110011031,0.0110011031,0.0110011031,0.00976241159,0.00976241159,0.00962351084,0.00966691124,0.00986220146,0.00986220146,0.00964318281,0.00963531679,0.00879625446,0.00834511662,0.00834511662,0.00834511662,0.00833762046,0.00879625446,0.00660265637,0.00660372739,0.00660455982,0.00789771512,0.0066028928,0.00949817438,0.00900630946,0.00895034904,0.00900630946,0.00879104668,0.00951762357,0.00852573616,-0.0143945581,-0.00323742222
1.57493056,-0.00239097846,-0.00239097846,-0.00239097846,-0.00239097846,0.00414653477,0.00414653477,0.00409024453,0.004107817,0.00418727852,0.00418727852,0.00409820835,0.00409506018,-0.000916166714,-0.00102440457,-0.00102440457,-0.00102440457,-0.00102346582,-0.000916166714,0.00309643912,0.00309697287,0.00309737757,0.00367244666,0.00309652613,0.00447225386,0.00137464694,0.00125501887,0.00137464694,0.00086154518,0.00590403981,0.00612530704,0.0114700832,0.0114700832,0.0114700832,0.0114700832,0.00971709846,0.00971709846,0.00958462567,0.00962588359,0.00981296133,0.00981296133,0.00960334563,0.00959595265,0.0091585085,0.00862592461,0.00862592461,0.00862592461,0.00861568254,0.0091585085,0.00689775138,0.00689906089,0.00689989539,0.00801361415,0.00689798799,0.00946587877,0.00898042102,0.00893756939,0.00898042102,0.00884336618,0.008491156,0.00733329021,-0.0138610616,-0.00120798317
1.59159722,-0.00111169145,-0.00111169145,-0.00111169145,-0.00111169145,0.00417802102,0.00417802102,0.00413047361,0.00414522147,0.00421282685,0.00421282685,0.0041371385,0.00413449528,-0.000471064575,-0.000659823531,-0.000659823531,-0.000659823531,-0.000661824077,-0.000471064575,0.00305018066,0.00305041863,0.00305059461,0.0035112429,0.00305022307,0.00424091962,0.00117647595,0.00106754265,0.00117647595,0.000728311704,0.00638254897,0.00665871032,0.0117453436,0.0117453436,0.0117453436,0.0117453436,0.00964461934,0.00964461934,0.0095208404,0.00955935639,0.00973512329,0.00973512329,0.00953824841,0.00953133441,0.00945018407,0.00887357183,0.00887357183,0.00887357183,0.00886130083,0.00945018407,0.0071994564,0.00720088481,0.00720195771,0.00811762379,0.00719969271,0.00940069338,0.00892784949,0.00889775459,0.00892784949,0.00886496306,0.00756367573,0.00636760711,-0.012857035,0.000291103213
1.60826389,0.000357457428,0.000357457428,0.000357457428,0.000357457428,0.0042048134,0.0042048134,0.00416653265,0.00417829304,0.00423331312,0.00423331312,0.00417182564,0.00416971673,0.000183928183,-7.72465091e-05,-7.72465091e-05,-7.72465091e-05,-8.21102369e-05,0.000183928183,0.00302915575,0.00302911631,0.00302907795,0.00337013237,0.00302915618,0.00402174077,0.00110502537,0.00101088499,0.00110502537,0.000738505196,0.00659367477,0.00687599363,0.0118090681,0.0118090681,0.0118090681,0.0118090681,0.00954328971,0.00954328971,0.00942999325,0.00946505707,0.00962700437,0.00962700437,0.00944585616,0.00943953618,0.00964873351,0.00906718897,0.00906718897,0.00906718897,0.00905384192,0.00964873351,0.00749621773,0.00749776535,0.00749895745,0.00820389766,0.00749645603,0.00930141173,0.00884607264,0.00882790517,0.00884607264,0.00885057366,0.00680005411,0.00568825709,-0.0114516107,0.00118773654
1.62493056,0.00192918659,0.00192918659,0.00192918659,0.00192918659,0.00422837903,0.00422837903,0.00419971046,0.00420837853,0.0042503224,0.0042503224,0.00420358526,0.00420202964,0.00100533307,0.000682717556,0.000682717556,0.000682717556,0.000675204864,0.00100533307,0.00303372378,0.00303343035,0.00303319592,0.00325191913,0.00303368562,0.00381848926,0.00115572043,0.00107978587,0.00115572043,0.000883903175,0.00655113977,0.00679241277,0.0116555944,0.0116555944,0.0116555944,0.0116555944,0.00941252104,0.00941252104,0.00931137839,0.00934251127,0.0094882548,0.0094882548,0.00932545236,0.00931984737,0.00974014837,0.0091918267,0.0091918267,0.0091918267,0.0091782367,0.00974014837,0.00777880771,0.00778047671,0.00778166871,0.00826848155,0.00777904601,0.00916898797,0.00873568263,0.00872848593,0.00873568263,0.00879827914,0.00624802501,0.00532359277,-0.00972640784,0.00146882
1.64159722,0.00352032769,0.00352032769,0.00352032769,0.00352032769,0.00424911729,0.00424911729,0.00423021688,0.00423574915,0.00426438028,0.00426438028,0.00423265536,0.00423166098,0.00194045654,0.00156999466,0.00156999466,0.00156999466,0.00156017739,0.00194045654,0.00306202998,0.00306150986,0.00306110063,0.00315728782,0.00306195723,0.00363307629,0.00131712669,0.00126193255,0.00131712669,0.00114870063,0.00628668805,0.00644686188,0.0112934535,0.0112934535,0.0112934535,0.0112934535,0.00925349565,0.00925349565,0.00916581676,0.00919265872,0.00932029057,0.00932029057,0.00917786674,0.00917309474,0.00971892449,0.00923900812,0.00923900812,0.00923900812,0.00922624614,0.00971892449,0.00804020701,0.00804187601,0.00804318701,0.00830994425,0.00804044501,0.00900674364,0.00860024185,0.00860235191,0.00860024185,0.00870997319,0.00593420904,0.00527070648,-0.00777846795,0.0011761554
1.65826389,0.00505410703,0.00505410703,0.00505410703,0.00505410703,0.0042664495,0.0042664495,0.00425727606,0.00425969268,0.00427504024,0.00427504024,0.0042582892,0.00425785264,0.00293157978,0.00252918285,0.00252918285,0.00252918285,0.00251752202,0.00293157978,0.00311035754,0.00310964078,0.00310908014,0.00308509274,0.00311025461,0.00346582709,0.00157242477,0.00153951218,0.00157242477,0.00151133994,0.00584569671,0.00589629217,0.0107449633,0.0107449633,0.0107449633,0.0107449633,0.00906869591,0.00906869591,0.00899555959,0.00901775237,0.00912571943,0.00912571943,0.00900558052,0.00900164256,0.00958858802,0.00920738263,0.00920738263,0.00920738263,0.00919616922,0.00958858802,0.00827588657,0.00827767259,0.00827898459,0.00832887149,0.00827624259,0.00881979285,0.00844580649,0.00845555381,0.00844580649,0.00859063991,0.00586275685,0.00549731282,-0.00707929997,0.000398979349
1.67493056,0.00646104528,0.00646104528,0.00646104528,0.00646104528,0.00427901961,0.00427901961,0.00427933187,0.00427871727,0.00428108128,0.00428108128,0.00427896003,0.00427906634,0.00391999557,0.00350352747,0.00350352747,0.00350352747,0.00349058307,0.00391999557,0.0031736302,0.00317274861,0.00317206127,0.00303279054,0.0031735018,0.00331587606,0.00190118059,0.00189105896,0.00190118059,0.00194661641,0.0052824071,0.00520935777,0.0100464901,0.0100464901,0.0100464901,0.0100464901,0.00886195701,0.00886195701,0.00880431147,0.0088215013,0.00890872873,0.00890872873,0.0088120694,0.00880896842,0.00936045068,0.00910122829,0.00910122829,0.00910122829,0.00909227736,0.00936045068,0.0084835435,0.00848521201,0.0084865235,0.00832775676,0.00848378152,0.00861505664,0.00828002329,0.00829561945,0.00828002329,0.00844779382,0.00601600617,0.00594804307,-0.00650117741,-0.000733599062
1.69159722,0.00767916711,0.00767916711,0.00767916711,0.00767916711,0.00428494536,0.00428494536,0.0042943043,0.00429080621,0.00428075558,0.00428075558,0.00429261671,0.00429323956,0.00484949168,0.0044383175,0.0044383175,0.0044383175,0.00442472783,0.00484949168,0.00324597629,0.00324496255,0.0032441739,0.00299693188,0.00324582726,0.0031816019,0.0022810446,0.00229321986,0.0022810446,0.00242765614,0.00465497073,0.00445965523,0.0092455234,0.0092455234,0.0092455234,0.0092455234,0.00863838618,0.00863838618,0.00859647829,0.00860877627,0.0086743141,0.0086743141,0.00860197129,0.00859982229,0.00905295435,0.00893053348,0.00893053348,0.00893053348,0.00892444249,0.00905295435,0.00866211733,0.00866366933,0.00866498033,0.00830993881,0.00866235734,0.00840003727,0.00811146465,0.00813111769,0.00811146465,0.00829013072,0.00635646989,0.00655154913,-0.00586247458,-0.00156635629
1.70826389,0.00865437553,0.00865437553,0.00865437553,0.00865437553,0.00428212905,0.00428212905,0.00429990569,0.00429373247,0.00427209537,0.00427209537,0.00429699921,0.00429810143,0.00566935581,0.00528376572,0.00528376572,0.00528376572,0.00527022383,0.00566935581,0.00332133948,0.00332022647,0.00331936201,0.00297370057,0.00332117473,0.00306109856,0.00268942623,0.00272248009,0.00268942623,0.00292779658,0.00402080638,0.0037192311,0.00839718294,0.00839718294,0.00839718294,0.00839718294,0.00840357282,0.00840357282,0.00837763758,0.00838481134,0.00842841381,0.00842841381,0.00838074846,0.00837955052,0.00868918918,0.00870922187,0.00870922187,0.00870922187,0.00870634702,0.00868918918,0.00881197152,0.00881351854,0.00881459352,0.00827982141,0.00881220754,0.0081825908,0.00794869955,0.00797050861,0.00794869955,0.00812729086,0.00683213872,0.00722957194,-0.0054952315,0.000257192597
1.72493056,0.00934138704,0.00934138704,0.00934138704,0.00934138704,0.00426857046,0.00426857046,0.00429395952,0.00428537562,0.00425322174,0.00425322174,0.0042899565,0.00429149084,0.00633681382,0.0059972807,0.0059972807,0.0059972807,0.00598450732,0.00633681382,0.0033940515,0.00339287171,0.00339195665,0.00295941931,0.00339387591,0.00295260626,0.00310487027,0.00315657514,0.00310487027,0.00342210125,0.00343237802,0.00305265175,0.00755914603,0.00755914603,0.00755914603,0.00755914603,0.00816314625,0.00816314625,0.00815294769,0.00815511554,0.00817701995,0.00817701995,0.00815391162,0.00815354966,0.0082948188,0.0084536376,0.0084536376,0.0084536376,0.00845410019,0.0082948188,0.00893403312,0.00893534412,0.00893641712,0.00824146487,0.00893415212,0.00797036915,0.0077990293,0.00782156,0.0077990293,0.00796788561,0.00738159635,0.0079045314,-0.00554446047,0.00178224101
1.74159722,0.00970550167,0.00970550167,0.00970550167,0.00970550167,0.00424262277,0.00424262277,0.00427466225,0.00426398181,0.0042225964,0.0042225964,0.00426970764,0.00427161794,0.00681890943,0.00654515484,0.00654515484,0.00654515484,0.00653386709,0.00681890943,0.0034592889,0.00345807408,0.00345713298,0.00295094895,0.00345910723,0.00285483557,0.00350803639,0.00357549209,0.00350803639,0.00388842015,0.00293347416,0.00251190424,0.00678668673,0.00678668673,0.00678668673,0.00678668673,0.0079229341,0.0079229341,0.00792811522,0.00792551317,0.007926078,0.007926078,0.00792681419,0.00792740621,0.00789628786,0.0081808188,0.0081808188,0.0081808188,0.00818438283,0.00789628786,0.00902903268,0.00903022517,0.00903106167,0.00819891965,0.00902915266,0.00776980504,0.00766829302,0.00769011401,0.00766829302,0.00781965336,0.00794121138,0.00850764048,-0.00599573624,0.00291881494
1.75826389,0.00972544672,0.00972544672,0.00972544672,0.00972544672,0.00420321676,0.00420321676,0.00424081212,0.00422839109,0.00417924276,0.00417924276,0.00423506982,0.00423729242,0.00709404159,0.00690391296,0.00690391296,0.00690391296,0.00689478836,0.00709404159,0.00351342687,0.00351220771,0.00351126431,0.00294599695,0.00351324378,0.00276720653,0.00388249519,0.00396227742,0.00388249519,0.00430822897,0.00255644529,0.00213276392,0.00612666242,0.00612666242,0.00612666242,0.00612666242,0.00768817212,0.00768817212,0.0077080188,0.00770076659,0.00768106114,0.00768106114,0.0077046907,0.00770599814,0.00751802012,0.00790720031,0.00790720031,0.00790720031,0.00791374543,0.00751802012,0.00909780778,0.00909876375,0.00909948072,0.00815481491,0.00909792678,0.00758613801,0.00755995132,0.00758022275,0.00755995132,0.00768784833,0.00845090649,0.00898390464,-0.00685114072,0.0035987843
1.77493056,0.00939672587,0.00939672587,0.00939672587,0.00939672587,0.00414997381,0.00414997381,0.00419192578,0.00417815295,0.00412285623,0.00412285623,0.00418557454,0.00418803988,0.00715287888,0.00706108749,0.00706108749,0.00706108749,0.00705472382,0.00715287888,0.00355419937,0.00355300525,0.00355208227,0.00294324533,0.00355401931,0.00268991627,0.0042150438,0.0043033583,0.0042150438,0.00466696672,0.002320285,0.00193263573,0.00561425278,0.00561425278,0.00561425278,0.00561425278,0.00746365585,0.00746365585,0.00749697872,0.0074855526,0.00744664859,0.00744664859,0.00749174148,0.00749376618,0.0071807046,0.00764713494,0.00764713494,0.00764713494,0.00765618471,0.0071807046,0.0091403564,0.00914119091,0.00914178691,0.00811106179,0.00914047589,0.00742309267,0.00747533438,0.0074929893,0.00747533438,0.00757582778,0.00885944209,0.00929564081,-0.00736300509,0.00378247309
1.79159722,0.00873482735,0.00873482735,0.00873482735,0.00873482735,0.00408321487,0.00408321487,0.00412825022,0.00411353731,0.00405381095,0.00405381095,0.0041214791,0.00412411351,0.00699867843,0.00701550504,0.00701550504,0.00701550504,0.00701237827,0.00699867843,0.00358068002,0.00357953878,0.00357865768,0.00294231175,0.00358050724,0.00262385216,0.00449574038,0.00458857825,0.00449574038,0.00495407765,0.00222978775,0.00191014136,0.00527009518,0.00527009518,0.00527009518,0.00527009518,0.00725271707,0.00725271707,0.00729832646,0.00728308143,0.0072268846,0.0072268846,0.00729141815,0.00729415795,0.00690007296,0.00741205852,0.00741205852,0.00741205852,0.00742290063,0.00690007296,0.00915644155,0.00915703804,0.00915751605,0.00806826265,0.00915656104,0.00728245245,0.00741289957,0.00742757653,0.00741289957,0.00748407433,0.0091292357,0.00942397045,-0.00751382909,0.00346473217
1.80826389,0.00777735608,0.00777735608,0.00777735608,0.00777735608,0.00400390611,0.00400390611,0.00405071041,0.00403548151,0.00397310402,0.00397310402,0.00404371397,0.00404644153,0.00664697362,0.00677709434,0.00677709434,0.00677709434,0.00677751817,0.00664697362,0.00359313952,0.00359207715,0.00359125797,0.00294360026,0.00359297799,0.00257040892,0.00471781531,0.00481110742,0.00471781531,0.00516292246,0.0022760572,0.0020466624,0.00509937803,0.00509937803,0.00509937803,0.00509937803,0.00705809016,0.00705809016,0.00711466927,0.00709596919,0.00702414729,0.00702414729,0.0071062113,0.00710954722,0.00668544215,0.00720949011,0.00720949011,0.00720949011,0.00722140715,0.00668544215,0.00914499495,0.00914535295,0.00914559292,0.00802534896,0.00914499495,0.00716421785,0.00736931495,0.00738065557,0.00736931495,0.00741068387,0.00923781713,0.00936833422,-0.00732167182,0.00267797805
1.82493056,0.00658383953,0.00658383953,0.00658383953,0.00658383953,0.00391350948,0.00391350948,0.00396076065,0.00394544146,0.00388220548,0.00388220548,0.00395373398,0.00395647847,0.00612440038,0.00636599633,0.00636599633,0.00636599633,0.00637008811,0.00612440038,0.00359275961,0.00359179989,0.00359106092,0.00294802135,0.003592613,0.00253118918,0.00487729355,0.00496706171,0.00487729355,0.00529039061,0.00243808155,0.00230938397,0.00509323677,0.00509323677,0.00509323677,0.00509323677,0.00688134825,0.00688134825,0.00694699679,0.00692555101,0.00684036806,0.00684036806,0.00693722745,0.00694115946,0.00653984365,0.00704304373,0.00704304373,0.00704304373,0.00705532223,0.00653984365,0.00910434953,0.00910447053,0.00910458953,0.0079806587,0.00910434953,0.00706686378,0.00733911195,0.00734711087,0.00733911195,0.00735186348,0.00917926261,0.00914429011,-0.00683490614,0.00149060276
1.84159722,0.00523265756,0.00523265756,0.00523265756,0.00523265756,0.00381379269,0.00381379269,0.00386019412,0.00384520132,0.00378286847,0.00378286847,0.00385332801,0.00385601481,0.00546683586,0.00581114311,0.00581114311,0.00581114311,0.00581880097,0.00546683586,0.00358128003,0.00358044414,0.00357980166,0.00295665702,0.00358115161,0.0025076632,0.00497257511,0.00505507705,0.00497257511,0.00533645345,0.00268535365,0.00265557153,0.00523119399,0.00523119399,0.00523119399,0.00523119399,0.00672260819,0.00672260819,0.00679565754,0.00677206013,0.00667578275,0.00667578275,0.00678493084,0.00678922024,0.00646018695,0.00691248606,0.00691248606,0.00691248606,0.00692428976,0.00646018695,0.00903260033,0.00903248333,0.00903248333,0.00793133059,0.00903260033,0.00698740241,0.00731608513,0.0073205118,0.00731608513,0.00730212622,0.00896305383,0.00878004872,-0.00627770018,1.46356498e-06
1.85826389,0.00381517812,0.00381517812,0.00381517812,0.00381517812,0.00370665429,0.00370665429,0.00375096662,0.00373669764,0.00367695522,0.00367695522,0.00374444285,0.00374700077,0.00471695884,0.00514837235,0.00514837235,0.00514837235,0.0051592678,0.00471695884,0.00356066207,0.00355996813,0.00355943603,0.00297045303,0.00356055465,0.0025008687,0.00500410106,0.00507596604,0.00500410106,0.00530378277,0.00298140925,0.00303769437,0.00548386154,0.00548386154,0.00548386154,0.00548386154,0.00658138926,0.00658138926,0.00666004571,0.00663477924,0.00653002588,0.00653002588,0.00664860556,0.00665313348,0.00643803084,0.0068141265,0.0068141265,0.0068141265,0.00682474184,0.00643803084,0.00892783347,0.00892747845,0.00892735647,0.00787390714,0.00892771447,0.00692202114,0.00729296954,0.0072941737,0.00729296954,0.00725515576,0.00861177041,0.00831297466,-0.00563036116,-0.00166547403
1.87493056,0.00242759937,0.00242759937,0.00242759937,0.00242759937,0.00359395421,0.00359395421,0.0036350249,0.00362184845,0.00356626924,0.00356626924,0.0036290119,0.00363137488,0.00392128865,0.0044180659,0.0044180659,0.0044180659,0.00443165455,0.00392128865,0.00353277125,0.00353223389,0.00353182335,0.00298993943,0.00353268714,0.0025111499,0.00497397962,0.0050323307,0.00497397962,0.00519730449,0.00328770559,0.00340859321,0.00581688694,0.00581688694,0.00581688694,0.00581688694,0.00645627765,0.00645627765,0.00653851825,0.00651229612,0.00640157059,0.00640157059,0.00652659933,0.00653136773,0.00646063501,0.0067415535,0.0067415535,0.0067415535,0.00675050214,0.00646063501,0.00878826972,0.00878779272,0.00878743522,0.00780458452,0.00878815072,0.00686608151,0.00726261134,0.00726059894,0.00726261134,0.00720428049,0.00815760444,0.00778447984,-0.00525561188,-0.002006976
1.89159722,0.00116171819,0.00116171819,0.00116171819,0.00116171819,0.00347737762,0.00347737762,0.00351416744,0.003502415,0.00345242109,0.00345242109,0.00350881644,0.00351092504,0.00312700684,0.00366254363,0.00366254363,0.00366254363,0.00367809458,0.00312700684,0.00349911951,0.00349874944,0.00349846861,0.00301501877,0.00349906043,0.00253797338,0.00488568142,0.00492823987,0.00488568142,0.00502379257,0.00356745661,0.00372615795,0.00619369407,0.00619369407,0.00619369407,0.00619369407,0.00634535756,0.00634535756,0.00642927716,0.00640257616,0.00628862014,0.00628862014,0.00641711956,0.00642200516,0.00651274998,0.0066867779,0.0066867779,0.0066867779,0.00669369998,0.00651274998,0.00861259049,0.00861199449,0.0086115175,0.00771978077,0.00861247348,0.00681469159,0.00721857259,0.00721369688,0.00721857259,0.00714317887,0.00763913845,0.00723673965,-0.00511347098,-0.0021193863
1.90826389,9.60809708e-05,9.60809708e-05,9.60809708e-05,9.60809708e-05,0.00335834247,0.00335834247,0.00338994841,0.00337990689,0.00333673853,0.00333673853,0.00338539002,0.00338719278,0.00237876952,0.00292335128,0.00292335128,0.00292335128,0.00293999352,0.00237876952,0.00346069284,0.00346049653,0.00346035025,0.00304484683,0.00346065985,0.0025798441,0.0047438078,0.004768975,0.0047438078,0.00479150764,0.00378906358,0.00395709387,0.00657830183,0.00657830183,0.00657830183,0.00657830183,0.00624612782,0.00624612782,0.00632981648,0.0063033503,0.00618866892,0.00618866892,0.0063178938,0.00632254497,0.00657781311,0.00664097592,0.00664097592,0.00664097592,0.0066455158,0.00657781311,0.00840066041,0.00839982591,0.00839922941,0.0076165018,0.00840054141,0.00676331814,0.00715559367,0.00714785713,0.00715559367,0.00706647866,0.00709722783,0.0067086039,-0.00648222086,-0.00227497102
1.92493056,-0.000711074405,-0.000711074405,-0.000711074405,-0.000711074405,0.00323795816,0.00323795816,0.00326363206,0.00325553785,0.0032202281,0.0032202281,0.00325997358,0.00326142808,0.00171577602,0.0022386519,0.0022386519,0.0022386519,0.00225543402,0.00171577602,0.00341787648,0.0034178559,0.00341784555,0.0030778169,0.00341786999,0.00263432993,0.00455393594,0.00456084873,0.00455393594,0.00450988863,0.00392884397,0.00407950091,0.00693750589,0.00693750589,0.00693750589,0.00693750589,0.00615621007,0.00615621007,0.00623788049,0.00621212722,0.0060993433,0.0060993433,0.00622619591,0.00623084501,0.006639719,0.00659556968,0.00659556968,0.00659556968,0.00659760631,0.006639719,0.0081528567,0.0081519047,0.00815118968,0.00749226029,0.00815273671,0.00670778939,0.00706950833,0.00705938527,0.00706950833,0.00697012538,0.00657092516,0.0062324701,-0.0076485803,-0.00215296919
1.94159722,-0.00122609752,-0.00122609752,-0.00122609752,-0.00122609752,0.00311701667,0.00311701667,0.00313617915,0.00313021367,0.0031035694,0.0031035694,0.00313350257,0.00313457621,0.00116933069,0.00164091936,0.00164091936,0.00164091936,0.00165687724,0.00116933069,0.00337045282,0.00337060536,0.0033707288,0.00311161995,0.00337047252,0.00269816445,0.00432247525,0.00431103138,0.00432247525,0.00418923785,0.00397272929,0.00408401867,0.00724222922,0.00724222922,0.00724222922,0.00724222922,0.00607321835,0.00607321835,0.00615107982,0.00612675333,0.00601813338,0.00601813338,0.00614010853,0.00614440232,0.00668403828,0.00654268355,0.00654268355,0.00654268355,0.00654233613,0.00668403828,0.00787107165,0.00787011566,0.00786928316,0.00734572916,0.00787095167,0.00664476687,0.00695851503,0.00694600602,0.00695851503,0.00685172928,0.0060943194,0.00583230406,-0.00846832674,-0.0017482854
1.95826389,-0.00144091861,-0.00144091861,-0.00144091861,-0.00144091861,0.00299600928,0.00299600928,0.00300825871,0.0030045456,0.00298713521,0.00298713521,0.00300661941,0.00300728992,0.000761089709,0.0011551076,0.0011551076,0.0011551076,0.00116933369,0.000761089709,0.00331766243,0.003317981,0.00331823259,0.00314336869,0.00331770735,0.0027674127,0.00405650916,0.00402736057,0.00405650916,0.00384038201,0.00391683603,0.00397355968,0.00746873605,0.00746873605,0.00746873605,0.00746873605,0.00599499589,0.00599499589,0.00606749912,0.00604484319,0.00594277053,0.00594277053,0.00605724515,0.00606130012,0.00669896007,0.0064763453,0.0064763453,0.0064763453,0.00647373249,0.00669896007,0.00755861382,0.00755742181,0.00755658721,0.00717665807,0.00755837531,0.00657185167,0.00682211815,0.00680746346,0.00682211815,0.00671079069,0.00569317619,0.00552255382,-0.00890965465,-0.00154899414
1.97493056,-0.00137091372,-0.00137091372,-0.00137091372,-0.00137091372,0.00287516237,0.00287516237,0.00288027876,0.00287888267,0.00287103075,0.00287103075,0.00287970497,0.00287996067,0.000502107039,0.00079741776,0.00079741776,0.00079741776,0.000809125443,0.000502107039,0.00325832084,0.00325879407,0.00325916489,0.00316977459,0.00325838934,0.00283768608,0.00376362433,0.00371813729,0.00376362433,0.00347432116,0.00376696882,0.00376182282,0.00759944916,0.00759944916,0.00759944916,0.00759944916,0.00591964722,0.00591964722,0.00598524411,0.00596496877,0.00587135153,0.00587135153,0.00597606103,0.00597975653,0.00667588092,0.00639226444,0.00639226444,0.00639226444,0.00638786139,0.00667588092,0.00721945356,0.00721826127,0.00721730776,0.00698577744,0.00721921725,0.0064873835,0.00666164357,0.00664507923,0.00666164357,0.00654816024,0.00538426838,0.00530758897,-0.00897036288,-0.00154576615
1.99159722,-0.00105037602,-0.00105037602,-0.00105037602,-0.00105037602,0.00275451002,0.00275451002,0.00275245395,0.00275338098,0.00275516945,0.00275516945,0.00275294702,0.00275278667,0.000392819301,0.000574836791,0.000574836791,0.000574836791,0.000583413625,0.000392819301,0.00319099769,0.00319161032,0.00319208846,0.00318738163,0.00319108757,0.00290440732,0.00345179519,0.00339197864,0.00345179519,0.0031019481,0.00353730506,0.0034709681,0.00762398286,0.00762398286,0.00762398286,0.00762398286,0.00584561771,0.00584561771,0.00590322975,0.00588557677,0.00580232275,0.00580232275,0.00589523875,0.00589845735,0.00660990634,0.00628863811,0.00628863811,0.00628863811,0.0062828007,0.00660990634,0.00685916868,0.00685785937,0.00685690567,0.00677509926,0.00685893208,0.0063907562,0.00648005379,0.00646182079,0.00648005379,0.0063666818,0.00517345811,0.00518277466,-0.00867435888,-0.00163615306
2.00826389,-0.000526954597,-0.000526954597,-0.000526954597,-0.000526954597,0.00263394843,0.00263394843,0.0026248557,0.00262805526,0.00263933038,0.00263933038,0.00262639094,0.00262582347,0.000423730645,0.000485264997,0.000485264997,0.000485264997,0.000490310468,0.000423730645,0.00311418759,0.00311492098,0.00311549192,0.00319278203,0.00311429609,0.00296304846,0.00312907756,0.00305748303,0.00312907756,0.00273360359,0.00324822014,0.00312852653,0.00753860605,0.00753860605,0.00753860605,0.00753860605,0.00577194353,0.00577194353,0.00582038208,0.00580570722,0.00573436682,0.00573436682,0.00581381955,0.00581644412,0.00650017207,0.00616544828,0.00616544828,0.00616544828,0.00615865734,0.00650017207,0.00648381767,0.0064826236,0.00648167217,0.00654734703,0.00648357917,0.00628220022,0.00628162443,0.00626196067,0.00628162443,0.00617039215,0.00505743862,0.00513610001,-0.00806556064,-0.00180921848
2.02493056,0.000143989009,0.000143989009,0.000143989009,0.000143989009,0.00251329937,0.00251329937,0.00249747179,0.00250283963,0.00252322408,0.00252322408,0.0024999999,0.00249904388,0.000576857125,0.000518365398,0.000518365398,0.000518365398,0.000519710678,0.000576857125,0.00302649325,0.00302732602,0.00302797315,0.00318283469,0.0030266172,0.00300936431,0.00280339024,0.00272298673,0.00280339024,0.00237874892,0.00292371943,0.002764094,0.00734651855,0.00734651855,0.00734651855,0.00734651855,0.00569791792,0.00569791792,0.00573634504,0.00572488902,0.00566665711,0.00566665711,0.00573121308,0.00573324366,0.00634906286,0.00602449788,0.00602449788,0.00602449788,0.00601746239,0.00634906286,0.00610035252,0.00609916023,0.00609832394,0.00630600243,0.00610023124,0.00616256195,0.00607114623,0.006050408,0.00607114623,0.00596407646,0.00502338811,0.00514959088,-0.00720252954,-0.00209966868
2.04159722,0.000904777473,0.000904777473,0.000904777473,0.000904777473,0.00239249814,0.00239249814,0.00237038999,0.00237777273,0.00240668348,0.00240668348,0.0023738392,0.00237252197,0.000828280678,0.000657554914,0.000657554914,0.000657554914,0.000655264418,0.000828280678,0.00292690172,0.00292781048,0.00292851565,0.00315497711,0.00292703765,0.00303972333,0.00248287347,0.002396905,0.00248287347,0.00204626266,0.00258934283,0.00240673054,0.00705770493,0.00705770493,0.00705770493,0.00705770493,0.00562270439,0.00562270439,0.00565064331,0.00564264234,0.00559835565,0.00559835565,0.00564706093,0.00564849332,0.00616192811,0.00586934203,0.00586934203,0.00586934203,0.00586230872,0.00616192811,0.00571590224,0.00571470995,0.00571387564,0.00605510597,0.00571566394,0.00603314095,0.00585409026,0.00583275395,0.00585409026,0.00575297291,0.00505236688,0.00520203389,-0.00615292746,-0.00246302405
2.05826389,0.00169889178,0.00169889178,0.00169889178,0.00169889178,0.00227159505,0.00227159505,0.00224379775,0.00225299796,0.00228966637,0.00228966637,0.00224807613,0.00224643298,0.00114995109,0.000881321058,0.000881321058,0.000881321058,0.000875677401,0.00114995109,0.00281486822,0.00281582836,0.00281657249,0.00310732268,0.00281501244,0.00305120177,0.00217519309,0.00208703018,0.00217519309,0.00174374691,0.00226926074,0.00208185184,0.00668761737,0.00668761737,0.00668761737,0.00668761737,0.00554629239,0.00554629239,0.00556338458,0.00555872352,0.00552909633,0.00552909633,0.00556135195,0.00556218852,0.00594625645,0.00570402612,0.00570402612,0.00570402612,0.00569758684,0.00594625645,0.00533736239,0.00533628939,0.00533557212,0.0057986925,0.00533724102,0.00589548082,0.00563568846,0.00561411176,0.00563568846,0.00554219474,0.00512090865,0.00527114231,-0.00498872558,-0.00251899963
2.07493056,0.00247366607,0.00247366607,0.00247366607,0.00247366607,0.00215081453,0.00215081453,0.00211803947,0.00212882136,0.00217231576,0.00217231576,0.0021230376,0.00212111067,0.00151190359,0.00116507561,0.00116507561,0.00116507561,0.00115655125,0.00151190359,0.00269044032,0.00269142678,0.00269219048,0.00303879509,0.00269058908,0.00304171638,0.00188736159,0.00180034989,0.00188736159,0.00147737466,0.00198412261,0.00180914441,0.00625619081,0.00625619081,0.00625619081,0.00625619081,0.0054681003,0.0054681003,0.00547422748,0.00547313888,0.0054582953,0.0054582953,0.00547386203,0.00547398322,0.00571124528,0.00553310118,0.00553310118,0.00553310118,0.00552761351,0.00571124528,0.00497157164,0.00497061795,0.00497001996,0.0055409668,0.00497145244,0.0057511469,0.00542097505,0.00539963436,0.00542097505,0.00533665233,0.00520421073,0.00533532901,-0.00437106227,-0.00227782947
2.09159722,0.00318215828,0.00318215828,0.00318215828,0.00318215828,0.00203061604,0.00203061604,0.00199367556,0.00200577127,0.00205502188,0.00205502188,0.00199926947,0.00199710667,0.00188442771,0.00148307743,0.00148307743,0.00148307743,0.00147229659,0.00188442771,0.00255434521,0.00255533329,0.00255609744,0.00294922276,0.00255449478,0.00301011845,0.0016256432,0.0015429582,0.0016256432,0.00125186791,0.00174953992,0.00160136486,0.00578639858,0.00578639858,0.00578639858,0.00578639858,0.00538788395,0.00538788395,0.00538328077,0.005385649,0.00538558712,0.00538558712,0.00538446488,0.00538398998,0.00546606473,0.00536096433,0.00536096433,0.00536096433,0.00535678804,0.00546606473,0.0046244728,0.00462375731,0.0046231613,0.00528572898,0.0046243535,0.00560156409,0.00521375538,0.00519336459,0.00521375538,0.00514003617,0.00527831183,0.00537610193,-0.00388816826,-0.00206706386
2.10826389,0.00378435668,0.00378435668,0.00378435668,0.00378435668,0.00191171023,0.00191171023,0.00187149739,0.00188461368,0.00193843917,0.00193843917,0.00187755162,0.00187520542,0.00223988059,0.00181010839,0.00181010839,0.00181010839,0.00179780284,0.00223988059,0.0024079951,0.00240896115,0.00240970749,0.00283934713,0.0024081419,0.0029562022,0.00139535882,0.00131987497,0.00139535882,0.00107041387,0.00157508279,0.00146384952,0.00530217325,0.00530217325,0.00530217325,0.00530217325,0.00530528066,0.00530528066,0.00529030159,0.00529589075,0.0053101384,0.0053101384,0.00529291667,0.00529184763,0.00522035283,0.00519154542,0.00519154542,0.00519154542,0.00518891688,0.00522035283,0.00430129561,0.00430069951,0.00430022271,0.00503630342,0.00430117829,0.00544803042,0.00501724298,0.00499816166,0.00501724298,0.00495520483,0.00532257436,0.00537890173,-0.00391505221,-0.00151781657
2.12493056,0.00424803948,0.00424803948,0.00424803948,0.00424803948,0.00179503024,0.00179503024,0.0017524975,0.00176632277,0.00182345824,0.00182345824,0.00175886836,0.00175639456,0.00255408861,0.00212283044,0.00212283044,0.00212283044,0.00210979234,0.00255408861,0.00225341744,0.00225433956,0.00225505118,0.00271075296,0.00225355815,0.00288063717,0.00120064345,0.00113482347,0.00120064345,0.000934558676,0.00146385571,0.00139472096,0.00482682393,0.00482682393,0.00482682393,0.00482682393,0.00521958456,0.00521958456,0.00519482691,0.00520351739,0.00523147576,0.00523147576,0.00519875683,0.00519720932,0.00498213347,0.00502784649,0.00502784649,0.00502784649,0.00502676753,0.00498213347,0.00400613737,0.00400566056,0.00400542008,0.00479546776,0.00400601807,0.00529140429,0.0048334896,0.00481607705,0.0048334896,0.00478408336,0.00532159011,0.0053342879,-0.00393956694,-0.000578784448
2.14159722,0.00454952857,0.00454952857,0.00454952857,0.00454952857,0.0016816743,0.0016816743,0.0016378116,0.00165202311,0.00171114897,0.00171114897,0.0016443505,0.00164180688,0.00280737894,0.00240084854,0.00240084854,0.00240084854,0.00238788298,0.00280737894,0.00209313262,0.00209399118,0.00209465294,0.00256574398,0.00209326424,0.00278484991,0.00104424634,0.000990055274,0.00104424634,0.000844158328,0.00141271612,0.00138576673,0.00438154987,0.00438154987,0.00438154987,0.00438154987,0.00513019527,0.00513019527,0.0050964952,0.00510792723,0.00514852772,0.00514852772,0.00510173422,0.00509959261,0.00475819527,0.00487177078,0.00487177078,0.00487177078,0.00487224179,0.00475819527,0.00374196069,0.00374172229,0.003741601,0.0045654679,0.00374184349,0.00513227302,0.00466296798,0.0046479377,0.00466296798,0.00462691079,0.00526568238,0.00523806437,-0.00385296626,0.000167978704
2.15826389,0.00467439289,0.00467439289,0.00467439289,0.00467439289,0.00157282419,0.00157282419,0.00152863647,0.00154290769,0.00160267933,0.00160267933,0.00153519331,0.00153263837,0.00298524311,0.0026274689,0.0026274689,0.0026274689,0.00261534829,0.00298524311,0.00192999023,0.00193076828,0.00193136717,0.0024071757,0.00193011014,0.00267086689,0.000927379256,0.000886226155,0.000927379256,0.000797382524,0.00141306426,0.00142383316,0.00398374861,0.00398374861,0.00398374861,0.00398374861,0.0050362745,0.0050362745,0.00499446394,0.00500840155,0.00506045047,0.00506045047,0.00500077818,0.00499827666,0.00455353875,0.00472391169,0.00472391169,0.00472391169,0.00472593028,0.00455353875,0.00351054644,0.00351054644,0.00351054644,0.00434749299,0.00351054644,0.00497086736,0.00450579033,0.00449326344,0.00450579033,0.00448308516,0.00515159702,0.0050909249,-0.00373853275,0.000690644286
2.17493056,0.00461802145,0.00461802145,0.00461802145,0.00461802145,0.00146964049,0.00146964049,0.00142612508,0.00144013306,0.0014992108,0.0014992108,0.00143255163,0.00143004322,0.00307862932,0.00279014337,0.00279014337,0.00279014337,0.00277956551,0.00307862932,0.00176697283,0.00176765646,0.00176818179,0.00223825373,0.00176707888,0.00254112702,0.000849598693,0.00082230698,0.000849598693,0.00079074695,0.00145205287,0.00149251174,0.00364600805,0.00364600805,0.00364600805,0.00364600805,0.00493664344,0.00493664344,0.00488803197,0.00490399802,0.0049661853,0.0049661853,0.0048952996,0.00489244059,0.00437105495,0.00458416717,0.00458416717,0.00458416717,0.0045873822,0.00437105495,0.00331252611,0.00331276253,0.00331288182,0.00414275921,0.00331252611,0.0048073232,0.00436078506,0.00435111715,0.00436078506,0.00435119443,0.00498218731,0.00489869918,-0.00356044748,0.000972013401
2.19159722,0.00438595274,0.00438595274,0.00438595274,0.00438595274,0.00137315156,0.00137315156,0.00133127579,0.00134470843,0.00140178744,0.00140178744,0.00133742902,0.00133502309,0.00308392691,0.00288066183,0.00288066183,0.00288066183,0.00287221316,0.00308392691,0.00160699289,0.00160757137,0.00160801493,0.00206232328,0.00160708338,0.0023982888,0.000808782402,0.000795587959,0.000808782402,0.000819225297,0.00151410464,0.00157395959,0.00337607346,0.00337607346,0.00337607346,0.00337607346,0.00483057713,0.00483057713,0.00477635909,0.0047939958,0.00486453576,0.00486453576,0.00478434409,0.0047811251,0.00421122609,0.00445122595,0.00445122595,0.00445122595,0.00445539596,0.00421122609,0.00314752558,0.00314788328,0.00314812168,0.00395125711,0.00314752758,0.00464151627,0.00422592425,0.00421923647,0.00422592425,0.00422897175,0.00476553114,0.00467007628,-0.00346274832,0.00100987929
2.20826389,0.00399378027,0.00399378027,0.00399378027,0.00399378027,0.00128415408,0.00128415408,0.00124483341,0.00125739656,0.0013112361,0.0013112361,0.00125057875,0.00124832801,0.00300269068,0.00289513842,0.00289513842,0.00289513842,0.00288926401,0.00300269068,0.00145270705,0.00145317291,0.00145352903,0.00188267329,0.00145278079,0.00224505449,0.000801219434,0.000801794246,0.000801219434,0.000876454725,0.00158260007,0.00165069931,0.00317645337,0.00317645337,0.00317645337,0.00317645337,0.00471700002,0.00471700002,0.00465836493,0.0046774324,0.00475465439,0.00475465439,0.00466706338,0.00466360835,0.00407332528,0.00432341056,0.00432341056,0.00432341056,0.00432829609,0.00407332528,0.00301399787,0.00301459397,0.00301506879,0.00377309587,0.00301411707,0.00447319605,0.00409940618,0.00409569901,0.00409940618,0.00411390439,0.00451339966,0.00441683027,-0.00344341829,0.0008173269
2.22493056,0.00346640192,0.00346640192,0.00346640192,0.00346640192,0.00120312281,0.00120312281,0.00116720013,0.00117862419,0.0012280757,0.0012280757,0.00117241449,0.00117036727,0.00284110754,0.00283378985,0.00283378985,0.00283378985,0.00283077148,0.00284110754,0.0013063495,0.00130669846,0.00130696392,0.0017023564,0.00130640576,0.00208401062,0.000821763047,0.000835260817,0.000821763047,0.000954979545,0.00164149942,0.00170717197,0.0030448138,0.0030448138,0.0030448138,0.0030448138,0.00459508689,0.00459508689,0.00453358483,0.00455336946,0.00463548896,0.00463548896,0.00454252344,0.00453894942,0.00395452185,0.00419847352,0.00419847352,0.00419847352,0.00420359952,0.00395452185,0.00291004969,0.00291076499,0.00291136099,0.003607585,0.00291016889,0.00430226519,0.00397851067,0.00397778345,0.00397851067,0.00400302992,0.00424012321,0.00415174153,-0.00340741326,0.000421588116
2.24159722,0.00283653157,0.00283653157,0.00283653157,0.00283653157,0.00113014399,0.00113014399,0.00109837045,0.0011084165,0.00115244963,0.00115244963,0.00110294498,0.00110114413,0.00260926833,0.00270055884,0.00270055884,0.00270055884,0.00270050243,0.00260926833,0.00116960338,0.0011698342,0.00117000817,0.00152404311,0.00116964188,0.0019175019,0.000864071486,0.000889190759,0.000864071486,0.00104655622,0.00167677779,0.00173095462,0.00297495022,0.00297495022,0.00297495022,0.00297495022,0.00446423553,0.00446423553,0.00440117792,0.00442132222,0.00450642964,0.00450642964,0.00441023792,0.00440666152,0.00385134821,0.00407414101,0.00407414101,0.00407414101,0.004079269,0.00385134821,0.00283281546,0.00283376906,0.00283436506,0.00345411791,0.00283293656,0.00412882911,0.00386120107,0.00386309649,0.00386120107,0.00389383253,0.00396094078,0.00388767441,-0.00335398,-0.000138418642
2.25826389,0.00214249919,0.00214249919,0.00214249919,0.00214249919,0.00106488273,0.00106488273,0.00103790076,0.00104636594,0.00108409204,0.00108409204,0.00104174332,0.00104022522,0.00232030481,0.00250262513,0.00250262513,0.00250262513,0.00250545832,0.00232030481,0.00104352331,0.0010436376,0.00104372143,0.00134992325,0.00104354421,0.00174754946,0.000920936961,0.000955997106,0.000920936961,0.00114252153,0.0016775772,0.00171359259,0.00295722678,0.00295722678,0.00295722678,0.00295722678,0.00432396054,0.00432396054,0.00426065826,0.00428080476,0.00436711028,0.00436711028,0.00426972024,0.00426614226,0.00375927711,0.00394849736,0.00394849736,0.00394849736,0.00395326962,0.00375927711,0.00277919487,0.00278015045,0.00278098287,0.0033119691,0.00277931605,0.00395299869,0.00374532116,0.00374960287,0.00374532116,0.0037840424,0.00369015025,0.00363618251,-0.00328301825,-0.000814727588
2.27493056,0.00142546235,0.00142546235,0.00142546235,0.00142546235,0.00100658202,0.00100658202,0.000984910929,0.000991632919,0.00102232504,0.00102232504,0.000987948104,0.000986741876,0.00198942281,0.00224981093,0.00224981093,0.00224981093,0.00225529126,0.00198942281,0.00092850695,0.000928508862,0.000928505887,0.00118165196,0.000928510809,0.00157580915,0.000984651515,0.00102767707,0.000984651515,0.0012341756,0.00163696326,0.00165098707,0.00298032369,0.00298032369,0.00298032369,0.00298032369,0.00417415671,0.00417415671,0.00411204076,0.00413159523,0.00421731071,0.00421731071,0.00412086444,0.00411740735,0.00367378395,0.00381988876,0.00381988876,0.00381988876,0.00382406513,0.00367378395,0.00274573965,0.00274681245,0.00274764695,0.00318032103,0.00274597607,0.00377538601,0.00362921753,0.00363540848,0.00362921753,0.00367188053,0.00344030649,0.00340708087,-0.00319498566,-0.00155486134
2.29159722,0.000726317521,0.000726317521,0.000726317521,0.000726317521,0.000954097099,0.000954097099,0.000938121836,0.000942982355,0.000966091314,0.000966091314,0.000940300504,0.000939427378,0.00163290969,0.00195393156,0.00195393156,0.00195393156,0.00196166491,0.00163290969,0.000824319608,0.000824215535,0.000824130793,0.00102034504,0.000824307312,0.00140357299,0.00104741351,0.00109622282,0.00104741351,0.00131318752,0.00155227221,0.00154337362,0.00303136587,0.00303136587,0.00303136587,0.00303136587,0.0040150537,0.0040150537,0.00395543673,0.00397415472,0.0040573767,0.0040573767,0.00396390072,0.00396056273,0.00359033713,0.00368722943,0.00368722943,0.00368722943,0.00369080772,0.00359033713,0.00272910421,0.00273029631,0.00273113071,0.00305833455,0.00272934261,0.00359681598,0.00351180466,0.00351942807,0.00351180466,0.00355591006,0.00322082645,0.0032073972,-0.00309128539,-0.00166402359
2.30826389,8.26529362e-05,8.26529362e-05,8.26529362e-05,8.26529362e-05,0.000905963213,0.000905963213,0.000895926531,0.000898853667,0.000914019509,0.000914019509,0.000897214909,0.000896687808,0.00126717317,0.00162811958,0.00162811958,0.00162811958,0.00163758788,0.00126717317,0.00073016794,0.000729966176,0.00072980618,0.000866620054,0.000730140675,0.00123180963,0.00110174621,0.00115404117,0.00110174621,0.00137199985,0.00142505753,0.0013949428,0.00309736863,0.00309736863,0.00309736863,0.00309736863,0.00384735338,0.00384735338,0.00379130916,0.00380871762,0.00388777517,0.00388777517,0.00379906172,0.00379596034,0.00350511293,0.00355038968,0.00355038968,0.00355038968,0.00355301426,0.00350511293,0.00272583565,0.00272702775,0.00272786225,0.00294552035,0.00272595485,0.00341823162,0.00339224303,0.00340094138,0.00339224303,0.00343575829,0.00303743945,0.00304106979,-0.00301471569,-0.00161238192
2.32493056,-0.000473922913,-0.000473922913,-0.000473922913,-0.000473922913,0.000860486469,0.000860486469,0.000856484824,0.000857454181,0.000864512722,0.000864512722,0.000856872955,0.000856696292,0.000907846733,0.00128613268,0.00128613268,0.00128613268,0.00129672907,0.000907846733,0.000644810194,0.000644520602,0.000644293063,0.000720671615,0.000644769392,0.00106123161,0.0011408845,0.00119433879,0.0011408845,0.00140419192,0.00126065675,0.00121315459,0.00316580137,0.00316580137,0.00316580137,0.00316580137,0.00367167391,0.00367167391,0.00362039206,0.00363625282,0.00370971353,0.00370971353,0.00362754853,0.00362468555,0.0034148991,0.00340962003,0.00340962003,0.00340962003,0.0034111738,0.0034148991,0.00273259278,0.00273378488,0.00273462127,0.00284129777,0.00273271407,0.00324096276,0.00327054057,0.00327960057,0.00327054057,0.00331120488,0.00289244254,0.00290896685,-0.00363972428,-0.00163178579
2.34159722,-0.000919786839,-0.000919786839,-0.000919786839,-0.000919786839,0.000815848924,0.000815848924,0.000817832174,0.000816866784,0.00081585102,0.00081585102,0.000817331862,0.00081750155,0.000569006353,0.000941671688,0.000941671688,0.000941671688,0.000952740837,0.000569006353,0.000566690761,0.000566324441,0.000566038016,0.000582369956,0.000566638051,0.000892378851,0.00115910861,0.00121145248,0.00115910861,0.00140478334,0.00106744585,0.00100783074,0.00322522213,0.00322522213,0.00322522213,0.00322522213,0.00348955153,0.00348955153,0.00344386858,0.00345782396,0.0035243747,0.0035243747,0.00345007337,0.00344768517,0.0033175389,0.00326574924,0.00326574924,0.00326574924,0.00326634934,0.0033175389,0.00274616052,0.00274735262,0.00274830433,0.00274530226,0.00274639693,0.00306654912,0.00314681181,0.0031558737,0.00314681181,0.00318283497,0.00278417454,0.00280882499,-0.00414500897,-0.00171672869
2.35826389,-0.00124045112,-0.00124045112,-0.00124045112,-0.00124045112,0.000770220407,0.000770220407,0.00077799531,0.000775164325,0.000766300699,0.000766300699,0.00077663949,0.000777143181,0.000262542083,0.000607743043,0.000607743043,0.000607743043,0.000618623687,0.000262542083,0.000494087219,0.000493656197,0.00049332025,0.000451372191,0.000494024379,0.000725708865,0.00115201444,0.00120111458,0.00115201444,0.00137046865,0.000855877332,0.00079012653,0.00326596548,0.00326596548,0.00326596548,0.00326596548,0.00330228443,0.00330228443,0.00326303684,0.00327484843,0.00333329465,0.00333329465,0.00326828798,0.00326625742,0.00321171267,0.00312042947,0.00312042947,0.00312042947,0.00312007582,0.00321171267,0.00276379225,0.00276486515,0.00276581687,0.00265693497,0.00276402867,0.00289629169,0.00302164111,0.00303034736,0.00302164111,0.00305159039,0.00270810993,0.00273635462,-0.0045064166,-0.00168112174
2.37493056,-0.001430809,-0.001430809,-0.001430809,-0.001430809,0.00072186827,0.00072186827,0.000735105626,0.000730521854,0.000714221529,0.000714221529,0.000732947211,0.000733764737,-2.29253794e-06,0.000296089557,0.000296089557,0.000296089557,0.000306156315,-2.29253794e-06,0.000425256777,0.000424773724,0.000424398097,0.000327234605,0.000425185697,0.000561683105,0.00111670606,0.00116063898,0.00111670606,0.00129976851,0.000637406036,0.000571479293,0.00328003367,0.00328003367,0.00328003367,0.00328003367,0.00311156504,0.00311156504,0.00307946784,0.00308889537,0.00313816851,0.00313816851,0.00308364421,0.00308197333,0.00309695399,0.00297523136,0.00297523136,0.00297523136,0.00297392592,0.00309695399,0.00278262492,0.00278369782,0.00278441312,0.00257608091,0.00278286143,0.00273187947,0.00289599689,0.00290386867,0.00289599689,0.00291856127,0.00265700017,0.00268478193,-0.00471084266,-0.00161879275
2.39159722,-0.00149456171,-0.00149456171,-0.00149456171,-0.00149456171,0.000669255223,0.000669255223,0.000687500409,0.000681316765,0.000658162228,0.000658162228,0.000684610639,0.000685714648,-0.000219151016,1.67034074e-05,1.67034074e-05,1.67034074e-05,2.54048395e-05,-0.000219151016,0.000358568533,0.000358046492,0.000357641304,0.000209513574,0.000358491169,0.000400838747,0.00105189521,0.00108901282,0.00105189521,0.00119308117,0.000423400046,0.000362616667,0.00326181715,0.00326181715,0.00326181715,0.00326181715,0.00291928826,0.00291928826,0.00289469923,0.0029016234,0.00294100642,0.00294100642,0.00289780272,0.00289660852,0.00297384699,0.00283181746,0.00283181746,0.00283181746,0.00282991216,0.00297384699,0.00280015833,0.00280111213,0.00280182723,0.00250214483,0.00280027753,0.00257473097,0.002770472,0.00277715379,0.002770472,0.00278504954,0.00262249376,0.00264671112,-0.00475637886,-0.00159196836
2.40826389,-0.00144299783,-0.00144299783,-0.00144299783,-0.00144299783,0.000611121917,0.000611121917,0.000633808465,0.000626213466,0.000596940903,0.000596940903,0.000630274825,0.000631631589,-0.00038467214,-0.000222545822,-0.000222545822,-0.000222545822,-0.000215655488,-0.00038467214,0.000292614671,0.000292066822,0.000291642278,9.78493087e-05,0.000292533011,0.000243841702,0.00095791987,0.000986905427,0.00095791987,0.00105264474,0.000224148965,0.000172715942,0.00320796442,0.00320796442,0.00320796442,0.00320796442,0.0027271115,0.0027271115,0.00271038858,0.00271481124,0.00274382255,0.00274382255,0.00271230181,0.00271158453,0.00284345485,0.00269219803,0.00269219803,0.00269219803,0.0026898159,0.00284345485,0.00281400506,0.00281483956,0.00281543556,0.00243464393,0.00281412426,0.00242591617,0.00264612598,0.00265149433,0.00264612598,0.00265247769,0.00259541417,0.00261391935,-0.00465096225,-0.00159983295
2.42493056,-0.00129336403,-0.00129336403,-0.00129336403,-0.00129336403,0.000546548756,0.000546548756,0.00057301456,0.000564226989,0.000529704989,0.000529704989,0.000568938318,0.000570508689,-0.000498386655,-0.000416161628,-0.000416161628,-0.000416161628,-0.000411399156,-0.000498386655,0.000226292716,0.000225732148,0.000225298371,-7.97470915e-06,0.000226208743,9.15152726e-05,0.000836674845,0.000856587386,0.000836674845,0.000882401921,4.804821e-05,8.76973177e-06,0.00311716397,0.00311716397,0.00311716397,0.00311716397,0.00253696432,0.00253696432,0.00252823033,0.00253014757,0.00254843027,0.00254843027,0.00252906871,0.00252870912,0.00270734025,0.00255747229,0.00255747229,0.00255747229,0.00255484969,0.00270734025,0.00282201965,0.00282261575,0.00282309453,0.00237299003,0.00282202163,0.0022864043,0.0025235712,0.00252739186,0.0025235712,0.00252169966,0.00256706273,0.00257900956,-0.00441052799,-0.00163929774
2.44159722,-0.001067072,-0.001067072,-0.001067072,-0.001067072,0.000474991156,0.000474991156,0.000504496832,0.000494759723,0.000455964949,0.000455964949,0.000499990269,0.000501730753,-0.000562488566,-0.000561155045,-0.000561155045,-0.000561155045,-0.000558694491,-0.000562488566,0.000158852297,0.000158291801,0.000157858667,-0.000108002588,0.00015876796,-5.51601766e-05,0.000691449056,0.000701754101,0.000691449056,0.000687761465,-9.89931197e-05,-0.000124818394,0.00299035588,0.00299035588,0.00299035588,0.00299035588,0.00235050882,0.00235050882,0.00234975959,0.00234917357,0.00235661048,0.00235661048,0.00234940598,0.00234964239,0.00256728608,0.00242894139,0.00242894139,0.00242894139,0.00242608039,0.00256728608,0.00282205547,0.00282253227,0.00282288997,0.00231611046,0.00282205547,0.0021569018,0.00240328145,0.00240543524,0.00240328145,0.00239389599,0.00252979876,0.00253506991,-0.00405742789,-0.00170368113
2.45826389,-0.000787922599,-0.000787922599,-0.000787922599,-0.000787922599,0.000396291601,0.000396291601,0.000428040479,0.000417614605,0.000375605127,0.000375605127,0.000423223891,0.000425087819,-0.000581483783,-0.000657045401,-0.000657045401,-0.000657045401,-0.000656914494,-0.000581483783,8.99096086e-05,8.93614805e-05,8.89384694e-05,-0.000202103703,8.98267915e-05,-0.000195071887,0.000526698106,0.000527282541,0.000526698106,0.000475286107,-0.000213867608,-0.000226376643,0.00283062124,0.00283062124,0.00283062124,0.00283062124,0.002169397,0.002169397,0.00217639866,0.00217330915,0.00217013405,0.00217013405,0.00217497211,0.00217556624,0.00242542552,0.00230683848,0.00230683848,0.00230683848,0.00230409668,0.00242542552,0.00281220445,0.00281256215,0.00281280253,0.00226304626,0.00281220643,0.00203752688,0.00228548821,0.00228620944,0.00228548821,0.00226942062,0.00247776994,0.00247695918,-0.00361854384,-0.00174835818
2.47493056,-0.000480491934,-0.000480491934,-0.000480491934,-0.000480491934,0.000310666524,0.000310666524,0.000343825727,0.000332982752,0.000288869796,0.000288869796,0.000338824278,0.000340763029,-0.000561762063,-0.000705746632,-0.000705746632,-0.000705746632,-0.000707832841,-0.000561762063,1.94290901e-05,1.89049388e-05,1.85009853e-05,-0.000289997562,1.9349578e-05,-0.000327023238,0.000347752368,0.000338921799,0.000347752368,0.000252310352,-0.000296313322,-0.000296868328,0.00264226585,0.00264226585,0.00264226585,0.00264226585,0.0019949674,0.0019949674,0.0020092427,0.00200388833,0.00199045935,0.00199045935,0.00200674337,0.00200769697,0.00228332874,0.00219141834,0.00219141834,0.00219141834,0.00218891295,0.00228332874,0.00279091598,0.00279103726,0.00279115627,0.00221273101,0.00279091797,0.00192817245,0.0021703243,0.00216949576,0.0021703243,0.00214864807,0.0024068058,0.00240122068,-0.00312275779,-0.00166541697
2.49159722,-0.000168740763,-0.000168740763,-0.000168740763,-0.000168740763,0.000218673184,0.000218673184,0.000252395228,0.000241410703,0.00019632959,0.00019632959,0.00024733573,0.000249299988,-0.000511115535,-0.000711341765,-0.000711341765,-0.000711341765,-0.000715406931,-0.000511115535,-5.23206197e-05,-5.28100574e-05,-5.31867034e-05,-0.000371298898,-5.23951666e-05,-0.000449798603,0.000160488847,0.000142946478,0.000160488847,2.65212493e-05,-0.000348694744,-0.000339575526,0.00243123406,0.00243123406,0.00243123406,0.00243123406,0.0018281631,0.0018281631,0.00184935445,0.00184185423,0.00181876556,0.00181876556,0.00184590134,0.00184721264,0.00214277589,0.00208184334,0.00208184334,0.00208184334,0.00207969754,0.00214277589,0.00275652288,0.00275652288,0.00275652288,0.00216349661,0.00275652288,0.00182835843,0.00205754461,0.0020552856,0.00205754461,0.00203145378,0.00231545961,0.00230629448,-0.00280970959,-0.00159695922
2.50826389,0.000125121945,0.000125121945,0.000125121945,0.000125121945,0.000121156854,0.000121156854,0.000154601201,0.000143747599,9.88286419e-05,9.88286419e-05,0.000149608919,0.000151549913,-0.000438250825,-0.000679779454,-0.000679779454,-0.000679779454,-0.000685481335,-0.000438250825,-0.000124833283,-0.000125278321,-0.000125620232,-0.000445580058,-0.000124901359,-0.000562241296,-2.90300153e-05,-5.42228795e-05,-2.90300153e-05,-0.000194488617,-0.000375578563,-0.000359625349,0.00220418712,0.00220418712,0.00220418712,0.00220418712,0.00167004764,0.00167004764,0.00169744201,0.00168803242,0.00165600072,0.00165600072,0.00169315249,0.00169482139,0.00200518899,0.00197727476,0.00197727476,0.00197727476,0.00197572121,0.00200518899,0.00270782605,0.00270758962,0.00270747042,0.00211402675,0.00270770882,0.00173748168,0.0019465505,0.00194321656,0.0019465505,0.00191747329,0.00220383772,0.00219263993,-0.00283309066,-0.00154284081
2.52493056,0.000381532117,0.000381532117,0.000381532117,0.000381532117,1.91814635e-05,1.91814635e-05,5.15354684e-05,4.10754241e-05,-2.58443185e-06,-2.58443185e-06,4.6731014e-05,4.86017357e-05,-0.000352325389,-0.000618517518,-0.000618517518,-0.000618517518,-0.000625436247,-0.000352325389,-0.000197448166,-0.000197840342,-0.000198141045,-0.000512444948,-0.000197508446,-0.000663338704,-0.000214931759,-0.000246412303,-0.000214931759,-0.000403670945,-0.000383168803,-0.000363421769,0.00196830234,0.00196830234,0.00196830234,0.00196830234,0.00152112043,0.00152112043,0.00155388108,0.00154291984,0.00150289733,0.00150289733,0.00154887835,0.00155090287,0.00187130171,0.00187641181,0.00187641181,0.00187641181,0.00187533693,0.00187130171,0.00264363884,0.00264340044,0.00264304473,0.00206289485,0.00264363884,0.00165424544,0.00183687603,0.00183270572,0.00183687603,0.00180624321,0.0020740926,0.00206205438,-0.00284124078,-0.00150184442
2.54159722,0.00058426317,0.00058426317,0.00058426317,0.00058426317,-8.60474812e-05,-8.60474812e-05,-5.55487822e-05,-6.53688451e-05,-0.000106732891,-0.000106732891,-6.00523734e-05,-5.82960363e-05,-0.000262503594,-0.000536110472,-0.000536110472,-0.000536110472,-0.000543777794,-0.000262503594,-0.000269438346,-0.000269770583,-0.000270024681,-0.000571603661,-0.000269489712,-0.000752303783,-0.000391873238,-0.000428048254,-0.000391873238,-0.000594917853,-0.000378651372,-0.000358026257,0.00173095531,0.00173095531,0.00173095531,0.00173095531,0.00138184492,0.00138184492,0.00141914145,0.00140674974,0.00135992639,0.00135992639,0.00141354065,0.00141580365,0.00174182508,0.00177770252,0.00177770252,0.00177770252,0.00177722372,0.00174182508,0.00256348031,0.00256300531,0.00256264781,0.00200843326,0.00256336301,0.00157756951,0.00172791893,0.00172303333,0.00172791893,0.00169704173,0.00192990591,0.00191798302,-0.00283291866,-0.00114669214
2.55826389,0.000721066702,0.000721066702,0.000721066702,0.000721066702,-0.000193224491,-0.000193224491,-0.000165280285,-0.000174235967,-0.000212352368,-0.000212352368,-0.000169380218,-0.000167778438,-0.000177375159,-0.000441591946,-0.000441591946,-0.000441591946,-0.000449521234,-0.000177375159,-0.000340061996,-0.000340328735,-0.000340532011,-0.000622905572,-0.00034010356,-0.000828610514,-0.000555159308,-0.000594286526,-0.000555159308,-0.000763212309,-0.000369350371,-0.000350378756,0.00149916967,0.00149916967,0.00149916967,0.00149916967,0.00125221959,0.00125221959,0.00129321374,0.0012797471,0.00122719755,0.00122719755,0.00128713612,0.00128952022,0.00161698822,0.00167958939,0.00167958939,0.00167958939,0.00167982591,0.00161698822,0.00246674816,0.00246615216,0.00246567714,0.00194920781,0.00246674816,0.00150614043,0.00161919389,0.00161371415,0.00161919389,0.00158914716,0.00177579613,0.00176470577,-0.00280685172,-0.000778102968
2.57493056,0.000784016919,0.000784016919,0.000784016919,0.000784016919,-0.000301014418,-0.000301014418,-0.000276242089,-0.00028413615,-0.000318159839,-0.000318159839,-0.000279848164,-0.000278436255,-0.000104610577,-0.000344037406,-0.000344037406,-0.000344037406,-0.000351752675,-0.000104610577,-0.000408636078,-0.00040883339,-0.000408982885,-0.0006663918,-0.000408667196,-0.000892045646,-0.000701008581,-0.000741283014,-0.000701008581,-0.000904897462,-0.000362086147,-0.00034673562,0.0012791752,0.0012791752,0.0012791752,0.0012791752,0.00113225775,0.00113225775,0.0011758804,0.00116169649,0.00110461108,0.00110461108,0.0011694431,0.00117206371,0.00149680968,0.00158077281,0.00158077281,0.00158077281,0.00158148603,0.00149680968,0.00235357085,0.00235285565,0.00235225955,0.00188402731,0.00235345165,0.00143841705,0.00150988493,0.00150428213,0.00150988493,0.0014818608,0.00161678782,0.00160676836,-0.00276220693,-0.000495158279
2.59159722,0.000769627344,0.000769627344,0.000769627344,0.000769627344,-0.000408139921,-0.000408139921,-0.000387061504,-0.000393728186,-0.000422939462,-0.000422939462,-0.000390098091,-0.000388905735,-5.07711234e-05,-0.000252232632,-0.000252232632,-0.000252232632,-0.000259294938,-5.07711234e-05,-0.000474616717,-0.000474742385,-0.000474836467,-0.000702352019,-0.000474637007,-0.000942761875,-0.000826814139,-0.000866455252,-0.000826814139,-0.00101791892,-0.000362745714,-0.000352325413,0.00107644384,0.00107644384,0.00107644384,0.00107644384,0.00102171315,0.00102171315,0.00106700866,0.00105246516,0.000992276433,0.000992276433,0.00106045216,0.00106307476,0.00138115909,0.00147993369,0.00147993369,0.00147993369,0.00148112379,0.00138115909,0.00222429493,0.00222346252,0.00222274732,0.0018118198,0.00222417582,0.00137308369,0.00139997822,0.00139425812,0.00139997822,0.00137469384,0.00145775784,0.00144916685,-0.00269891164,-0.000306816497
2.60826389,0.000678867067,0.000678867067,0.000678867067,0.000678867067,-0.000513437863,-0.000513437863,-0.000496469363,-0.00050177778,-0.000525597057,-0.000525597057,-0.000498876952,-0.000497927593,-2.10803954e-05,-0.000174268626,-0.000174268626,-0.000174268626,-0.00018029863,-2.10803954e-05,-0.00053764222,-0.000537695789,-0.000537734184,-0.000731341501,-0.000537651567,-0.000981288019,-0.000931205362,-0.000968540248,-0.000931205362,-0.001101845,-0.00037589044,-0.000371037802,0.000895143192,0.000895143192,0.000895143192,0.000895143192,0.000920107056,0.000920107056,0.000966239069,0.000951459086,0.000889474241,0.000889474241,0.000959563348,0.000962185959,0.00126955893,0.00137622947,0.00137622947,0.00137622947,0.00137777917,0.00126955893,0.00207951374,0.00207867925,0.00207796395,0.00173174178,0.00207939454,0.00130870818,0.00128899398,0.00128351038,0.00128899398,0.00126716484,0.00130323076,0.00129595302,-0.00261715596,-0.000216276125
2.62493056,0.000516983598,0.000516983598,0.000516983598,0.000516983598,-0.000615899213,-0.000615899213,-0.000603343017,-0.000607199539,-0.000625197947,-0.000625197947,-0.000605079301,-0.000604389719,-1.92484437e-05,-0.000117167697,-0.000117167697,-0.000117167697,-0.000121863547,-1.92484437e-05,-0.000597554267,-0.000597537041,-0.000597520834,-0.000754175136,-0.000597552824,-0.00100851403,-0.00101401955,-0.0010475572,-0.00101401955,-0.00115777497,-0.000404501331,-0.000405236852,0.000737925325,0.000737925325,0.000737925325,0.000737925325,0.00082709188,0.00082709188,0.000872870266,0.000858326725,0.000795859079,0.000795859079,0.000866313765,0.000868936366,0.00116177993,0.00126931467,0.00126931467,0.00126931467,0.00127121999,0.00116177993,0.00192066821,0.00191971451,0.00191899931,0.00164332384,0.00192054901,0.00124433829,0.00117706455,0.00117193657,0.00117706455,0.00115904607,0.0011568069,0.00115072124,-0.00251822248,-0.000220941728
2.64159722,0.000293103084,0.000293103084,0.000293103084,0.000293103084,-0.000714696764,-0.000714696764,-0.000706737266,-0.000709086853,-0.000720992533,-0.000720992533,-0.000707777744,-0.000707357813,-4.73749032e-05,-8.65779759e-05,-8.65779759e-05,-8.65779759e-05,-8.97279679e-05,-4.73749032e-05,-0.00065440217,-0.000654317173,-0.000654248771,-0.000771904324,-0.000654390355,-0.00102565757,-0.00107621319,-0.00110470597,-0.00107621319,-0.00118817145,-0.00044989318,-0.000455725027,0.000606569031,0.000606569031,0.000606569031,0.000606569031,0.000742063546,0.000742063546,0.000786536591,0.000772585138,0.000710947949,0.000710947949,0.000780216534,0.000782719905,0.00105734078,0.00115929861,0.00115929861,0.00115929861,0.00116120601,0.00105734078,0.00174906,0.0017481064,0.00174727389,0.0015460888,0.0017489408,0.00117878047,0.0010645332,0.0010597648,0.0010645332,0.00105045053,0.00102121886,0.00101632736,-0.00240346217,-0.000313465948
2.65826389,1.96133955e-05,1.96133955e-05,1.96133955e-05,1.96133955e-05,-0.000809199337,-0.000809199337,-0.000805901801,-0.000806728287,-0.000812428336,-0.000812428336,-0.000806239892,-0.000806092528,-0.000105926855,-8.65419922e-05,-8.65419922e-05,-8.65419922e-05,-8.80317411e-05,-0.000105926855,-0.000708430116,-0.000708281997,-0.000708165055,-0.000785777536,-0.000708408595,-0.00103421344,-0.00111971557,-0.00114220516,-0.00111971557,-0.0011966261,-0.000511781803,-0.000521840305,0.000500840076,0.000500840076,0.000500840076,0.000500840076,0.000664188991,0.000664188991,0.000706637389,0.000693401194,0.000633786666,0.000633786666,0.000700674971,0.000703059131,0.000955879734,0.00104641495,0.00104641495,0.00104641495,0.00104843957,0.000955879734,0.00156670447,0.00156575086,0.00156491636,0.00144037989,0.00156658526,0.0011113134,0.000951639591,0.000947582537,0.000951639591,0.000941727443,0.000897899953,0.000894081297,-0.00227513458,-0.00048122668
2.67493056,-0.000288653172,-0.000288653172,-0.000288653172,-0.000288653172,-0.000898973778,-0.000898973778,-0.000900286344,-0.0008996117,-0.000899149887,-0.000899149887,-0.000899933033,-0.000900054331,-0.000193790804,-0.000119347965,-0.000119347965,-0.000119347965,-0.000119162045,-0.000193790804,-0.000760050511,-0.000759845404,-0.000759684719,-0.000797188458,-0.000760020181,-0.00103589055,-0.00114723991,-0.00116308623,-0.00114723991,-0.00118758062,-0.000588484536,-0.000601667378,0.000419799473,0.000419799473,0.000419799473,0.000419799473,0.000593113879,0.000593113879,0.000632466846,0.000620303513,0.000564020849,0.000564020849,0.000626981239,0.000629246199,0.000857402866,0.000931743742,0.000931743742,0.000931743742,0.000933651073,0.000857402866,0.00137564927,0.00137469368,0.00137397839,0.00132633442,0.00137553007,0.00104111231,0.000839223426,0.000835645179,0.000839223426,0.000833127872,0.000787224326,0.000784476566,-0.00213569978,-0.000708452644
2.69159722,-0.000615388778,-0.000615388778,-0.000615388778,-0.000615388778,-0.000983774333,-0.000983774333,-0.000989533005,-0.000987415626,-0.000980986122,-0.000980986122,-0.00098851604,-0.000988895573,-0.000308389195,-0.000185463112,-0.000185463112,-0.000185463112,-0.000183681354,-0.000308389195,-0.00080980496,-0.000809550303,-0.000809351669,-0.000807613998,-0.000809766921,-0.00103253892,-0.00116206104,-0.00117095398,-0.00116206104,-0.0011660173,-0.000677213619,-0.000692325297,0.000361179323,0.000361179323,0.000361179323,0.000361179323,0.000527883798,0.000527883798,0.000563545364,0.000552691325,0.000500696114,0.000500696114,0.000558655768,0.000560682338,0.000761667744,0.00081647068,0.00081647068,0.00081647068,0.000818141577,0.000761667744,0.00117838381,0.00117743011,0.00117671282,0.00120465401,0.00117826261,0.000967696802,0.000727759018,0.000724895972,0.000727759018,0.000725241644,0.000688590448,0.000686798355,-0.00201226801,-0.000976568102
2.70826389,-0.000943869846,-0.000943869846,-0.000943869846,-0.000943869846,-0.00106352256,-0.00106352256,-0.00107345889,-0.00106999101,-0.00105792848,-0.00105792848,-0.00107182158,-0.00107244286,-0.000445858884,-0.000283554596,-0.000283554596,-0.000283554596,-0.000280343439,-0.000445858884,-0.000858317873,-0.000858022183,-0.000857792221,-0.000818547655,-0.000858273392,-0.00102607273,-0.00116778013,-0.00116973476,-0.00116778013,-0.00113714462,-0.000774430333,-0.000790303376,0.000321526672,0.000321526672,0.000321526672,0.000321526672,0.000467780097,0.000467780097,0.000499269165,0.000489845683,0.00044297468,0.00044297468,0.000494975638,0.000496646565,0.000668549747,0.000701900107,0.000701900107,0.000701900107,0.000703332624,0.000668549747,0.000977281802,0.000976445326,0.000975730095,0.00107628646,0.000977162602,0.000890817726,0.000618074223,0.000615926475,0.000618074223,0.000618777627,0.000600332363,0.000599493957,-0.00191689046,-0.000983676062
2.72493056,-0.00125802457,-0.00125802457,-0.00125802457,-0.00125802457,-0.00113827915,-0.00113827915,-0.00115203033,-0.00114733466,-0.00113010119,-0.00113010119,-0.00114982996,-0.00115067106,-0.000601281453,-0.000410595596,-0.000410595596,-0.000410595596,-0.000406195078,-0.000601281453,-0.000906245745,-0.000905918373,-0.000905664333,-0.000831431758,-0.000906196222,-0.00101839305,-0.00116809004,-0.00116342673,-0.00116809004,-0.00110609419,-0.000876217832,-0.000891807722,0.000297031793,0.000297031793,0.000297031793,0.000297031793,0.000412211793,0.000412211793,0.000438817326,0.00043106077,0.000390146173,0.000390146173,0.000435356273,0.000436786793,0.000578180893,0.000589477979,0.000589477979,0.000589477979,0.000590670079,0.000578180893,0.000775106685,0.000774272215,0.000773674159,0.000942081169,0.000774987445,0.000810368806,0.000511014439,0.000509581952,0.000511014439,0.000514580776,0.000520314726,0.000520547206,-0.00182876185,-0.000996865157
2.74159722,-0.00154342909,-0.00154342909,-0.00154342909,-0.00154342909,-0.00120821259,-0.00120821259,-0.00122533342,-0.00121955915,-0.00119772853,-0.00119772853,-0.00122263944,-0.00122367367,-0.000768962657,-0.000562059938,-0.000562059938,-0.000562059938,-0.000556767139,-0.000768962657,-0.000954228125,-0.000953878975,-0.000953608529,-0.000847594732,-0.00095417505,-0.00101131643,-0.00116656249,-0.0011558744,-0.00116656249,-0.0010776529,-0.000978646588,-0.000993096756,0.000283167973,0.000283167973,0.000283167973,0.000283167973,0.000360342857,0.000360342857,0.000381822495,0.000375617616,0.00034137662,0.00034137662,0.000379076683,0.000380151559,0.000490551908,0.000480743374,0.000480743374,0.000480743374,0.000481460621,0.000490551908,0.000574233107,0.000573517807,0.000573039011,0.000803342243,0.000574113907,0.000726341919,0.000407288487,0.000406454027,0.000407288487,0.000413240972,0.000446148158,0.00044733427,-0.00182659707,-0.00103822776
2.75826389,-0.00178815055,-0.00178815055,-0.00178815055,-0.00178815055,-0.00127356684,-0.00127356684,-0.00129354338,-0.00128686169,-0.00126110157,-0.00126110157,-0.00129043528,-0.001291632,-0.000942745742,-0.000732194562,-0.000732194562,-0.000732194562,-0.00072634444,-0.000942745742,-0.0010028434,-0.00100248265,-0.00100220367,-0.000868196592,-0.00100278831,-0.00100651262,-0.00116646486,-0.00115057504,-0.00116646486,-0.00105603871,-0.00107810032,-0.0010907775,0.000275518379,0.000275518379,0.000275518379,0.000275518379,0.00031145322,0.00031145322,0.000327450991,0.000323034318,0.000295942167,0.000295942167,0.000325539686,0.000326256914,0.000405778858,0.000376886147,0.000376886147,0.000376886147,0.000377362977,0.000405778858,0.000377390989,0.000376792961,0.000376316121,0.00066125118,0.000377271779,0.000638852784,0.000307371306,0.000307250108,0.000307371306,0.000315350415,0.000375325105,0.00037710929,-0.00206366893,-0.00110370742
2.77493056,-0.00198337073,-0.00198337073,-0.00198337073,-0.00198337073,-0.00133462982,-0.00133462982,-0.00135689406,-0.00134949324,-0.00132054585,-0.00132054585,-0.00135345913,-0.00135478467,-0.00111633917,-0.000914352612,-0.000914352612,-0.000914352612,-0.000908297365,-0.00111633917,-0.00105257164,-0.00105220946,-0.00105192979,-0.000894184746,-0.00105251607,-0.00100545314,-0.00117061032,-0.00115052141,-0.00117061032,-0.00104472434,-0.00117153582,-0.00118203898,0.00026920438,0.00026920438,0.00026920438,0.00026920438,0.000264718106,0.000264718106,0.00027511118,0.000272599843,0.000252900513,0.000252900513,0.000274036313,0.000274513153,0.000323752533,0.000279108653,0.000279108653,0.000279108653,0.000279110639,0.000323752533,0.000186749235,0.000186272395,0.000185912788,0.000517255019,0.000186747248,0.000547911696,0.000211985876,0.000212460729,0.000211985876,0.000221397446,0.000305350596,0.000307730812,-0.00225257511,-0.001187408
2.79159722,-0.00212375532,-0.00212375532,-0.00212375532,-0.00212375532,-0.00139170554,-0.00139170554,-0.00141565086,-0.00140773124,-0.00137639303,-0.00137639303,-0.00141198183,-0.00141340034,-0.00128364507,-0.00110137295,-0.00110137295,-0.00110137295,-0.0010954611,-0.00128364507,-0.00110376732,-0.00110341357,-0.00110314084,-0.000926262824,-0.00110371278,-0.00100937334,-0.00118125016,-0.00115808917,-0.00118125016,-0.00104631688,-0.00125666571,-0.0012648137,0.000260160583,0.000260160583,0.000260160583,0.000260160583,0.000219532743,0.000219532743,0.000224325057,0.000223601822,0.000211410533,0.000211410533,0.000223963445,0.000224084651,0.000244587207,0.000187887503,0.000187887503,0.000187887503,0.000187529873,0.000244587207,4.68048484e-06,4.32285695e-06,4.08443825e-06,0.000372657048,4.68048484e-06,0.00045399059,0.000121249513,0.000122320397,0.000121249513,0.000131735941,0.000234309266,0.000236812656,-0.0023839159,-0.00110722528
2.80826389,-0.00220755594,-0.00220755594,-0.00220755594,-0.00220755594,-0.00144509168,-0.00144509168,-0.00147008852,-0.00146185729,-0.00142895824,-0.00142895824,-0.00146628119,-0.00146775559,-0.00143907156,-0.00128598556,-0.00128598556,-0.00128598556,-0.00128054204,-0.00143907156,-0.001156643,-0.00115630701,-0.00115604838,-0.000964873216,-0.00115659092,-0.00101924837,-0.00120000762,-0.00117496874,-0.00120000762,-0.00106249249,-0.0013320569,-0.00133786099,0.000244221702,0.000244221702,0.000244221702,0.000244221702,0.000175063947,0.000175063947,0.000174253208,0.000175318188,0.000170756596,0.000170756596,0.000174845303,0.000174608861,0.000167922699,0.000103692624,0.000103692624,0.000103692624,0.000102979347,0.000167922699,-0.000166973732,-0.000167213131,-0.000167391951,0.000228761838,-0.000167033332,0.000357435251,3.52783574e-05,3.69433322e-05,3.52783574e-05,4.64800752e-05,0.000160646983,0.000162913931,-0.00245177765,-0.000988656434
2.82493056,-0.00223644049,-0.00223644049,-0.00223644049,-0.00223644049,-0.00149505736,-0.00149505736,-0.00152046888,-0.00151213495,-0.00147851796,-0.00147851796,-0.00151661972,-0.00151811262,-0.00157779283,-0.00146120019,-0.00146120019,-0.00146120019,-0.00145650849,-0.00157779283,-0.00121125777,-0.00121094807,-0.0012107101,-0.00101018695,-0.00121120945,-0.00103577659,-0.00122783061,-0.00120211833,-0.00122783061,-0.00109396199,-0.00139711819,-0.00140074524,0.000218399356,0.000218399356,0.000218399356,0.000218399356,0.00013071893,0.00013071893,0.000124543889,0.000127277753,0.000129989773,0.000129989773,0.000125851216,0.000125374376,9.3766026e-05,2.641874e-05,2.641874e-05,2.641874e-05,2.5584276e-05,9.3766026e-05,-0.000326703035,-0.000326763628,-0.000326882848,8.68955781e-05,-0.000326704028,0.000258386099,-4.5744604e-05,-4.37190394e-05,-4.5744604e-05,-3.4240908e-05,8.3299452e-05,8.52068e-05,-0.00245483985,-0.000883827256
2.84159722,-0.00221512971,-0.00221512971,-0.00221512971,-0.00221512971,-0.00154183108,-0.00154183108,-0.00156702832,-0.00155879733,-0.00152529814,-0.00152529814,-0.00156323218,-0.00156470676,-0.00169597504,-0.00162068689,-0.00162068689,-0.00162068689,-0.00161697448,-0.00169597504,-0.00126752012,-0.00126724424,-0.00126703272,-0.00106211035,-0.00126747673,-0.00105937967,-0.00126500548,-0.00123978045,-0.00126500548,-0.00114050867,-0.00145203576,-0.00145376744,0.000180068474,0.000180068474,0.000180068474,0.000180068474,8.56626988e-05,8.56626988e-05,7.4478987e-05,7.87625323e-05,8.85097455e-05,8.85097455e-05,7.65015496e-05,7.56690809e-05,2.16378928e-05,-4.42382155e-05,-4.42382155e-05,-4.42382155e-05,-4.53110985e-05,2.16378928e-05,-0.000473087225,-0.000473028623,-0.000473028623,-5.17579728e-05,-0.000473087225,0.00015754303,-0.000122293347,-0.000119850559,-0.000122293347,-0.000110670447,2.25269095e-06,3.21035775e-06,-0.00239519818,-0.000794004097
2.85826389,-0.00215087824,-0.00215087824,-0.00215087824,-0.00215087824,-0.00158559654,-0.00158559654,-0.00160997277,-0.00160204244,-0.00156947048,-0.00156947048,-0.00160632072,-0.00160774159,-0.00179094474,-0.00175911348,-0.00175911348,-0.00175911348,-0.00175654115,-0.00179094474,-0.00132520161,-0.00132496592,-0.00132478572,-0.00112030447,-0.00132516414,-0.00109021532,-0.00131120858,-0.0012875384,-0.00131120858,-0.00120107438,-0.00149766051,-0.00149785281,0.000127675997,0.000127675997,0.000127675997,0.000127675997,3.91772205e-05,3.91772205e-05,2.34593919e-05,2.91755051e-05,4.56006793e-05,4.56006793e-05,2.60800193e-05,2.51263453e-05,-4.88235196e-05,-0.000109173087,-0.000109173087,-0.000109173087,-0.000110365177,-4.88235196e-05,-0.000605236947,-0.000605058146,-0.000604880335,-0.000186191577,-0.000605177347,5.51442258e-05,-0.000194553906,-0.000191814074,-0.000194553906,-0.000183167449,-8.23742929e-05,-8.24895438e-05,-0.00227855424,-0.000719905384
2.87493056,-0.00205285537,-0.00205285537,-0.00205285537,-0.00205285537,-0.00162649559,-0.00162649559,-0.00164947975,-0.00164203546,-0.00161115614,-0.00161115614,-0.00164605706,-0.00164739103,-0.00186129587,-0.00187242383,-0.00187242383,-0.00187242383,-0.00187107955,-0.00186129587,-0.00138395876,-0.00138376834,-0.00138362333,-0.00118421443,-0.00138392801,-0.00112819977,-0.00136559126,-0.00134440807,-0.00136559126,-0.00127388793,-0.00153536036,-0.00153440678,6.06218727e-05,6.06218727e-05,6.06218727e-05,6.06218727e-05,-9.03508709e-06,-9.03508709e-06,-2.88665475e-05,-2.20159868e-05,4.31124854e-07,4.31124854e-07,-2.57094871e-05,-2.69601918e-05,-0.000117909931,-0.000169390461,-0.000169390461,-0.000169390461,-0.000170582551,-0.000117909931,-0.000722479861,-0.000722181821,-0.000721944414,-0.000315434775,-0.000722420251,-4.82062842e-05,-0.000263112811,-0.000260133574,-0.000263112811,-0.000252083964,-0.000169743134,-0.000171168677,-0.00211347725,-0.000661478903
2.89159722,-0.00193146304,-0.00193146304,-0.00193146304,-0.00193146304,-0.00166463259,-0.00166463259,-0.00168570133,-0.00167891222,-0.00165043071,-0.00165043071,-0.00168258567,-0.00168380245,-0.00190690585,-0.00195801554,-0.00195801554,-0.00195801554,-0.00195791294,-0.00190690585,-0.00144335676,-0.0014432153,-0.00144310829,-0.00125310215,-0.00144333333,-0.00117303335,-0.00142686591,-0.00140893242,-0.00142686591,-0.00135660154,-0.00156683458,-0.0015651348,-2.09751549e-05,-2.09751549e-05,-2.09751549e-05,-2.09751549e-05,-5.97456855e-05,-5.97456855e-05,-8.3156339e-05,-7.51733074e-05,-4.74185016e-05,-4.74185016e-05,-7.95224502e-05,-8.09519632e-05,-0.000186218472,-0.000226026673,-0.000226026673,-0.000226026673,-0.000227159163,-0.000186218472,-0.000824525068,-0.000824108816,-0.000823809768,-0.000438542762,-0.000824465468,-0.000152093119,-0.000328451131,-0.000325351681,-0.000328451131,-0.000318017317,-0.000258667512,-0.000261462924,-0.00191048789,-0.000618831697
2.90826389,-0.00179765254,-0.00179765254,-0.00179765254,-0.00179765254,-0.0017000817,-0.0017000817,-0.00171876997,-0.00171278551,-0.00168733256,-0.00168733256,-0.00171602984,-0.00171710267,-0.00192888152,-0.00201482741,-0.00201482741,-0.00201482741,-0.00201590884,-0.00192888152,-0.00150289558,-0.00150280536,-0.00150273804,-0.00132608274,-0.00150287984,-0.00122422996,-0.00149341058,-0.00147929552,-0.00149341058,-0.00144644999,-0.00159392226,-0.00159185703,-0.00011575712,-0.00011575712,-0.00011575712,-0.00011575712,-0.000113379026,-0.000113379026,-0.000139653799,-0.000130836264,-9.84877539e-05,-9.84877539e-05,-0.000135661278,-0.000137210998,-0.000254111801,-0.000280395201,-0.000280395201,-0.000280395201,-0.000281468081,-0.000254111801,-0.000911494679,-0.000910959208,-0.000910542007,-0.00055486583,-0.000911435069,-0.000255929452,-0.000391226212,-0.000388007572,-0.000391226212,-0.000381507695,-0.000347781907,-0.000351830083,-0.00173444076,-0.000591400905
2.92493056,-0.00166228105,-0.00166228105,-0.00166228105,-0.00166228105,-0.00173289874,-0.00173289874,-0.00174880876,-0.00174375589,-0.00172187566,-0.00172187566,-0.00174650218,-0.00174740832,-0.0019294513,-0.0020433443,-0.0020433443,-0.0020433443,-0.0020454879,-0.0019294513,-0.00156203872,-0.00156200059,-0.00156197357,-0.00140216464,-0.00156203084,-0.00128115039,-0.00156338986,-0.00155345367,-0.00156338986,-0.00154042825,-0.0016184323,-0.00161634442,-0.000221927004,-0.000221927004,-0.000221927004,-0.000221927004,-0.000170167307,-0.000170167307,-0.000198709981,-0.000189294437,-0.000153188927,-0.000153188927,-0.000194419444,-0.000196146981,-0.000321939601,-0.000333861524,-0.000333861524,-0.000333861524,-0.000334696987,-0.000321939601,-0.000983675367,-0.000983020661,-0.000982543861,-0.000663792128,-0.000983556167,-0.000359165701,-0.00045191052,-0.00044869186,-0.00045191052,-0.000443085057,-0.000435585804,-0.000440706837,-0.00171079092,-0.000578363355
2.94159722,-0.00153552758,-0.00153552758,-0.00153552758,-0.00153552758,-0.00176313351,-0.00176313351,-0.00177594191,-0.00177192275,-0.00175406304,-0.00175406304,-0.00177411537,-0.00177483653,-0.00191179725,-0.00204550749,-0.00204550749,-0.00204550749,-0.00204853772,-0.00191179725,-0.0016202405,-0.00162025393,-0.00162026674,-0.00148028927,-0.00162024043,-0.00134303565,-0.00163487342,-0.00162926433,-0.00163487342,-0.00163546623,-0.00164199753,-0.0016401784,-0.000336810617,-0.000336810617,-0.000336810617,-0.000336810617,-0.000230471072,-0.000230471072,-0.000260566432,-0.00025079226,-0.000211821809,-0.000211821809,-0.000256155682,-0.000257943822,-0.000390005744,-0.000387561251,-0.000387561251,-0.000387561251,-0.000388159298,-0.000390005744,-0.00104160902,-0.00104095332,-0.00104041692,-0.000764794211,-0.00104154842,-0.00046121278,-0.000511161319,-0.000508060872,-0.000511161319,-0.000503348119,-0.000520712469,-0.000526550735,-0.00166037842,-0.000578631481
2.95826389,-0.00142639662,-0.00142639662,-0.00142639662,-0.00142639662,-0.00179084419,-0.00179084419,-0.00180030731,-0.00179739751,-0.00178390235,-0.00178390235,-0.00179899503,-0.00179951766,-0.0018798501,-0.00202455137,-0.00202455137,-0.00202455137,-0.00202825189,-0.0018798501,-0.00167697321,-0.00167703635,-0.00167708751,-0.00155937112,-0.00167698071,-0.00140904157,-0.00170595678,-0.00170461705,-0.00170595678,-0.00172860231,-0.00166597532,-0.0016646564,-0.000457436234,-0.000457436234,-0.000457436234,-0.000457436234,-0.000294414429,-0.000294414429,-0.000325405882,-0.000315451902,-0.000274511413,-0.000274511413,-0.000320876921,-0.000322665061,-0.000458492175,-0.00044251291,-0.00044251291,-0.00044251291,-0.00044293014,-0.000458492175,-0.00108624877,-0.00108553347,-0.00108493747,-0.00085751885,-0.00108612957,-0.00056148067,-0.000569401321,-0.000566479693,-0.000569401321,-0.000562719658,-0.000601855441,-0.000607994741,-0.00158532176,-0.000590724439
2.97493056,-0.00134228827,-0.00134228827,-0.00134228827,-0.00134228827,-0.00181610434,-0.00181610434,-0.0018220616,-0.00182030932,-0.00181141409,-0.00181141409,-0.00182128508,-0.00182160053,-0.00183803227,-0.00198475201,-0.00198475201,-0.00198475201,-0.00198888025,-0.00183803227,-0.0017317437,-0.00173185351,-0.0017319406,-0.00163832786,-0.00173175834,-0.00147826414,-0.00177484135,-0.00177752288,-0.00177484135,-0.00181710985,-0.00169135519,-0.00169070343,-0.000580333708,-0.000580333708,-0.000580333708,-0.000580333708,-0.000361989957,-0.000361989957,-0.000393163187,-0.000383209207,-0.000341310127,-0.000341310127,-0.000388691834,-0.000390479984,-0.000527391835,-0.00049960317,-0.00049960317,-0.00049960317,-0.000499723374,-0.000527391835,-0.00111860239,-0.00111782749,-0.00111717288,-0.000941832868,-0.00111848418,-0.000659360507,-0.000627098514,-0.00062441532,-0.000627098514,-0.00062155129,-0.000677991934,-0.000684131214,-0.00148915688,-0.000613141316
2.99159722,-0.00128868322,-0.00128868322,-0.00128868322,-0.00128868322,-0.0018390096,-0.0018390096,-0.00184138487,-0.00184081047,-0.00183663954,-0.00183663954,-0.00184115274,-0.00184125738,-0.00179099285,-0.00193113519,-0.00193113519,-0.00193113519,-0.00193543737,-0.00179099285,-0.00178410812,-0.00178426046,-0.00178438025,-0.00171610879,-0.00178412931,-0.00154976467,-0.00183991547,-0.0018462033,-0.00183991547,-0.00189861557,-0.00171872022,-0.00171883662,-0.000702054912,-0.000702054912,-0.000702054912,-0.000702054912,-0.000433141558,-0.000433141558,-0.00046378233,-0.000454124374,-0.000412160718,-0.000412160718,-0.000459430202,-0.000461158732,-0.000596709653,-0.000559313884,-0.000559313884,-0.000559313884,-0.000559195682,-0.000596709653,-0.00113980734,-0.00113903154,-0.00113843544,-0.00101750548,-0.00113968814,-0.000754321747,-0.000684557218,-0.000682171062,-0.000684557218,-0.000680260698,-0.000748644907,-0.000754250742,-0.00142447882,-0.000586628306
3.00826389,-0.00126895223,-0.00126895223,-0.00126895223,-0.00126895223,-0.00185968651,-0.00185968651,-0.00185848765,-0.0018590839,-0.00185965082,-0.00185965082,-0.00185879582,-0.00185869093,-0.00174335518,-0.00186916865,-0.00186916865,-0.00186916865,-0.00187339454,-0.00174335518,-0.00183368704,-0.00183387686,-0.00183402541,-0.00179172371,-0.00183371403,-0.00162259674,-0.00189983346,-0.00190917582,-0.00189983346,-0.00197120629,-0.00174827132,-0.00174919235,-0.000819325698,-0.000819325698,-0.000819325698,-0.000819325698,-0.000507636361,-0.000507636361,-0.000537147583,-0.000527965486,-0.000486773733,-0.000486773733,-0.000533032865,-0.000534643194,-0.00066627001,-0.000621947901,-0.000621947901,-0.000621947901,-0.00062159125,-0.00066627001,-0.00115134928,-0.00115057349,-0.00114991878,-0.0010846587,-0.00115123008,-0.000845655523,-0.00074201735,-0.00073993121,-0.00074201735,-0.000739032166,-0.000813462546,-0.000818234901,-0.00137287709,-0.000449626528
3.02493056,-0.00128426137,-0.00128426137,-0.00128426137,-0.00128426137,-0.0018782943,-0.0018782943,-0.00187361078,-0.00187534375,-0.00188055388,-0.00188055388,-0.00187444284,-0.00187413449,-0.00169945917,-0.00180442697,-0.00180442697,-0.00180442697,-0.00180834352,-0.00169945917,-0.00188017174,-0.00188039325,-0.00188056603,-0.0018642626,-0.0018802037,-0.00169582518,-0.0019535514,-0.0019652943,-0.0019535514,-0.00203348101,-0.00177986358,-0.00178156535,-0.000929091414,-0.000929091414,-0.000929091414,-0.000929091414,-0.000585168601,-0.000585168601,-0.000612953341,-0.000604425867,-0.000564900071,-0.000564900071,-0.000609136654,-0.000610686354,-0.000735709091,-0.000687381661,-0.000687381661,-0.000687381661,-0.000686845201,-0.000735709091,-0.00115459961,-0.00115382471,-0.00115322871,-0.00114334325,-0.00115448041,-0.000932932895,-0.000799534714,-0.000797923427,-0.000799534714,-0.000797860847,-0.000872552401,-0.00087625386,-0.00131565381,-0.000355169953
3.04159722,-0.00133359754,-0.00133359754,-0.00133359754,-0.00133359754,-0.00189502407,-0.00189502407,-0.00188702284,-0.00188983335,-0.00189948878,-0.00189948878,-0.00188835076,-0.00188784954,-0.00166313645,-0.00174227387,-0.00174227387,-0.00174227387,-0.00174567705,-0.00166313645,-0.00192332643,-0.00192357325,-0.00192376532,-0.00193291062,-0.00192336239,-0.00176854228,-0.0020003499,-0.00201377424,-0.0020003499,-0.00208457805,-0.00181306753,-0.00181547241,-0.00102891236,-0.00102891236,-0.00102891236,-0.00102891236,-0.000665384946,-0.000665384946,-0.000690905697,-0.000683153095,-0.000646068055,-0.000646068055,-0.000687388029,-0.000688818529,-0.00080473188,-0.000755438849,-0.000755438849,-0.000755438849,-0.000754664978,-0.00080473188,-0.00115104925,-0.00115033396,-0.00114979656,-0.00119391988,-0.00115098965,-0.00101556324,-0.00085723086,-0.000856036764,-0.00085723086,-0.000856867271,-0.000926336615,-0.000928845005,-0.00125342072,-0.000304685178
3.05826389,-0.0014139219,-0.0014139219,-0.0014139219,-0.0014139219,-0.00191009894,-0.00191009894,-0.00189901873,-0.00190282433,-0.00191663095,-0.00191663095,-0.00190080378,-0.00190012444,-0.0016375395,-0.00168758881,-0.00168758881,-0.00168758881,-0.00169031326,-0.0016375395,-0.00196299016,-0.00196325554,-0.00196346165,-0.0019969621,-0.00196302912,-0.00183988421,-0.00203985244,-0.00205421174,-0.00203985244,-0.00212418702,-0.00184726108,-0.00185024681,-0.0011168258,-0.0011168258,-0.0011168258,-0.0011168258,-0.000747752809,-0.000747752809,-0.000770475033,-0.000763676148,-0.000729747264,-0.000729747264,-0.000767433215,-0.000768626275,-0.000872926241,-0.000825469076,-0.000825469076,-0.000825469076,-0.000824576015,-0.000872926241,-0.00114236552,-0.00114170992,-0.00114117342,-0.00123663028,-0.00114224632,-0.00109319335,-0.000915049611,-0.000914271803,-0.000915049611,-0.000915878177,-0.00097558988,-0.000976905194,-0.00120830884,-0.000297096106
3.07493056,-0.00152043415,-0.00152043415,-0.00152043415,-0.00152043415,-0.00192377237,-0.00192377237,-0.00190991649,-0.00191461391,-0.00193219044,-0.00193219044,-0.00191211039,-0.00191127143,-0.00162501568,-0.00164453478,-0.00164453478,-0.00164453478,-0.00164646075,-0.00162501568,-0.00199907638,-0.00199935337,-0.00199956814,-0.00205583086,-0.00199911731,-0.00190904549,-0.00207202427,-0.00208658105,-0.00207202427,-0.00215253126,-0.00188172843,-0.00188513955,-0.00119174225,-0.00119174225,-0.00119174225,-0.00119174225,-0.000831669601,-0.000831669601,-0.000851233828,-0.000845506801,-0.000815389584,-0.000815389584,-0.000848668841,-0.000849683114,-0.000939808314,-0.000896810507,-0.000896810507,-0.000896810507,-0.000895857831,-0.000939808314,-0.00112998192,-0.00112938483,-0.00112890803,-0.00127200482,-0.00112992123,-0.00116545556,-0.00097286405,-0.000972504434,-0.00097286405,-0.000974767447,-0.00102114084,-0.00102132361,-0.00117776382,-0.000328691901
3.09159722,-0.0016469409,-0.0016469409,-0.0016469409,-0.0016469409,-0.00193632618,-0.00193632618,-0.00192005414,-0.00192552209,-0.00194641079,-0.00194641079,-0.00192260037,-0.0019216235,-0.00162703551,-0.00161638195,-0.00161638195,-0.00161638195,-0.00161743954,-0.00162703551,-0.00203157217,-0.00203185381,-0.00203207185,-0.00210905902,-0.002031614,-0.0019752931,-0.00209715988,-0.00211121919,-0.00209715988,-0.00217033087,-0.00191576251,-0.00191942374,-0.00125318955,-0.00125318955,-0.00125318955,-0.00125318955,-0.000916601539,-0.000916601539,-0.00093265015,-0.00092811521,-0.000902287436,-0.000902287436,-0.000930680206,-0.000931456054,-0.00100508102,-0.000968631674,-0.000968631674,-0.000968631674,-0.000967678004,-0.00100508102,-0.00111556378,-0.00111502638,-0.00111466778,-0.00130058281,-0.00111550318,-0.00123205651,-0.00103050256,-0.00103055916,-0.00103050256,-0.00103341917,-0.00106400464,-0.00106323383,-0.00113691171,-0.000393751353
3.10826389,-0.001786263,-0.001786263,-0.001786263,-0.001786263,-0.0019480583,-0.0019480583,-0.00192977637,-0.00193587875,-0.00195955746,-0.00195955746,-0.00193261165,-0.00193152124,-0.00164414231,-0.00160535956,-0.00160535956,-0.00160535956,-0.00160553007,-0.00164414231,-0.00206052598,-0.00206080547,-0.00206102154,-0.00215631256,-0.00206056769,-0.00203796859,-0.00211581388,-0.0021287524,-0.00211581388,-0.00217870221,-0.00194870672,-0.00195243755,-0.00130146624,-0.00130146624,-0.00130146624,-0.00130146624,-0.00100189811,-0.00100189811,-0.00101419253,-0.00101090929,-0.000989789509,-0.000989789509,-0.00101275995,-0.00101329744,-0.00106821482,-0.00103998524,-0.00103998524,-0.00103998524,-0.00103909114,-0.00106821482,-0.00110054289,-0.00110012461,-0.00109976701,-0.00132313806,-0.00110048329,-0.00129287955,-0.00108778688,-0.0010882021,-0.00108778688,-0.00109159762,-0.00110507982,-0.00110371089,-0.00108710458,-0.000484796764
3.12493056,-0.00193070036,-0.00193070036,-0.00193070036,-0.00193070036,-0.00195926863,-0.00195926863,-0.00193941959,-0.00194600888,-0.00197190427,-0.00197190427,-0.00194247547,-0.00194129794,-0.00167595385,-0.00161257137,-0.00161257137,-0.00161257137,-0.00161188587,-0.00167595385,-0.00208603463,-0.00208630552,-0.00208651463,-0.00219737468,-0.00208607524,-0.00209648904,-0.00212873404,-0.00214002352,-0.00212873404,-0.00217905419,-0.00197998172,-0.00198361073,-0.00133763349,-0.00133763349,-0.00133763349,-0.00133763349,-0.00108683607,-0.00108683607,-0.00109525626,-0.00109322469,-0.00107717023,-0.00107717023,-0.00109436017,-0.00109471877,-0.00112907888,-0.00111008584,-0.00111008584,-0.00111008584,-0.00110925144,-0.00112907888,-0.00108635132,-0.00108605223,-0.00108581383,-0.00134038433,-0.00108635033,-0.00134785778,-0.00114459098,-0.00114530529,-0.00114459098,-0.0011490584,-0.00114543343,-0.00114376542,-0.00102999579,-0.000502485527
3.14159722,-0.00207254539,-0.00207254539,-0.00207254539,-0.00207254539,-0.00197025213,-0.00197025213,-0.00194930448,-0.00195622535,-0.00198372693,-0.00198372693,-0.00195250899,-0.00195127215,-0.0017212375,-0.00163799896,-0.00163799896,-0.00163799896,-0.00163653434,-0.0017212375,-0.00210823838,-0.00210849467,-0.00210869222,-0.00223214532,-0.00210827696,-0.00215035532,-0.00213682153,-0.00214604598,-0.00213682153,-0.00217301027,-0.002009137,-0.00201251456,-0.00136330378,-0.00136330378,-0.00136330378,-0.00136330378,-0.00117082236,-0.00117082236,-0.00117524904,-0.00117447014,-0.00116371839,-0.00116371839,-0.00117494904,-0.00117506924,-0.00118732345,-0.00117804373,-0.00117804373,-0.00117804373,-0.00117732853,-0.00118732345,-0.00107441861,-0.00107418021,-0.00107400141,-0.00135309769,-0.00107436001,-0.00139705448,-0.00120062124,-0.00120163345,-0.00120062124,-0.00120556745,-0.00118578392,-0.00118417362,-0.00103469081,-0.000459205802
3.15826389,-0.00220456799,-0.00220456799,-0.00220456799,-0.00220456799,-0.00198128929,-0.00198128929,-0.0019597261,-0.00196681906,-0.00199529372,-0.00199529372,-0.00196300547,-0.00196173786,-0.00177801637,-0.00168055352,-0.00168055352,-0.00168055352,-0.0016784262,-0.00177801637,-0.00212731307,-0.00212754938,-0.00212773122,-0.00226063605,-0.0021273488,-0.00219915616,-0.00214107253,-0.00214793885,-0.00214107253,-0.00216231189,-0.00203587227,-0.00203888082,-0.00138056109,-0.00138056109,-0.00138056109,-0.00138056109,-0.00125320713,-0.00125320713,-0.00125364015,-0.00125417171,-0.00124872585,-0.00124872585,-0.00125393617,-0.00125381796,-0.00124294766,-0.00124320611,-0.00124320611,-0.00124320611,-0.00124261001,-0.00124294766,-0.00106582036,-0.00106575869,-0.00106564048,-0.00136229018,-0.00106581937,-0.00144059145,-0.00125576168,-0.00125695378,-0.00125576168,-0.00126100589,-0.00122678955,-0.00122547726,-0.00106209074,-0.000435816186
3.17493056,-0.00232044887,-0.00232044887,-0.00232044887,-0.00232044887,-0.00199263669,-0.00199263669,-0.00197094443,-0.00197804954,-0.00200685622,-0.00200685622,-0.00197422477,-0.00197295504,-0.00184371224,-0.00173818417,-0.00173818417,-0.00173818417,-0.00173554199,-0.00184371224,-0.0021434622,-0.00214367385,-0.0021438364,-0.00228296302,-0.00214349435,-0.0022425705,-0.00214252005,-0.00214686226,-0.00214252005,-0.00214872419,-0.00206003884,-0.00206259998,-0.00139172877,-0.00139172877,-0.00139172877,-0.00139172877,-0.00133332411,-0.00133332411,-0.00132988301,-0.00133160654,-0.00133152509,-0.00133152509,-0.00133071542,-0.00133035881,-0.00129588645,-0.00130485199,-0.00130485199,-0.00130485199,-0.00130449339,-0.00129588645,-0.00106180604,-0.00106180505,-0.00106180505,-0.00136879686,-0.00106180604,-0.00147887871,-0.0013097674,-0.0013111383,-0.0013097674,-0.0013151318,-0.00126880609,-0.00126814641,-0.00108203135,-0.000431048599
3.19159722,-0.00241513675,-0.00241513675,-0.00241513675,-0.00241513675,-0.00200451942,-0.00200451942,-0.00198317697,-0.00199013745,-0.00201864163,-0.00201864163,-0.00198638596,-0.00198514218,-0.00191532173,-0.00180804062,-0.00180804062,-0.00180804062,-0.00180505333,-0.00191532173,-0.00215691052,-0.00215709363,-0.00215723392,-0.0022993394,-0.00215693848,-0.00228036961,-0.00214218552,-0.0021439628,-0.00214218552,-0.00213395493,-0.00208163074,-0.00208370844,-0.00139948815,-0.00139948815,-0.00139948815,-0.00139948815,-0.00141064181,-0.00141064181,-0.00140344558,-0.00140636119,-0.00141146523,-0.00141146523,-0.00140481448,-0.00140427908,-0.00134620269,-0.00136280245,-0.00136280245,-0.00136280245,-0.00136256405,-0.00134620269,-0.00106321273,-0.00106333093,-0.00106339053,-0.00137357104,-0.00106327133,-0.00151221595,-0.00136258102,-0.00136401152,-0.00136258102,-0.00136776861,-0.00131213185,-0.00131218845,-0.00109384339,-0.00044248928
3.20826389,-0.00248511022,-0.00248511022,-0.00248511022,-0.00248511022,-0.00201712674,-0.00201712674,-0.00199659477,-0.00200326045,-0.00203084822,-0.00203084822,-0.00199966324,-0.00199847229,-0.00198961572,-0.00188668036,-0.00188668036,-0.00188668036,-0.00188352922,-0.00198961572,-0.00216790026,-0.0021680518,-0.00216816754,-0.00231006905,-0.00216792355,-0.00231242006,-0.00214104292,-0.00214033223,-0.00214104292,-0.00211959074,-0.00210077352,-0.00210237365,-0.00140640154,-0.00140640154,-0.00140640154,-0.00140640154,-0.0014845703,-0.0014845703,-0.00147397455,-0.0014779631,-0.00148795693,-0.00148795693,-0.00147582027,-0.00147510507,-0.0013940771,-0.00141664446,-0.00141664446,-0.00141664446,-0.00141658486,-0.0013940771,-0.00107087517,-0.00107111258,-0.00107129039,-0.00137756678,-0.00107093378,-0.00154102498,-0.0014140278,-0.00141545929,-0.0014140278,-0.00141891737,-0.00135659461,-0.00135754336,-0.00109702509,-0.000466944359
3.22493056,-0.00252851266,-0.00252851266,-0.00252851266,-0.00252851266,-0.00203060662,-0.00203060662,-0.00201131765,-0.00201754824,-0.00204363952,-0.00204363952,-0.00201418108,-0.00201306809,-0.00206333468,-0.00197029221,-0.00197029221,-0.00197029221,-0.0019671594,-0.00206333468,-0.00217668517,-0.00217680302,-0.0021768926,-0.00231553611,-0.00217670344,-0.00233868238,-0.00213997571,-0.00213695964,-0.00213997571,-0.00210703187,-0.00211769093,-0.00211885716,-0.00141479577,-0.00141479577,-0.00141479577,-0.00141479577,-0.00155473952,-0.00155473952,-0.00154104234,-0.00154592696,-0.00156051218,-0.00156051218,-0.00154324675,-0.00154235364,-0.00143974225,-0.00146643125,-0.00146643125,-0.00146643125,-0.00146660806,-0.00143974225,-0.00108538868,-0.00108574529,-0.00108592508,-0.00138179563,-0.00108544828,-0.00156589446,-0.00146404208,-0.00146541298,-0.00146404208,-0.00146839517,-0.00140212778,-0.00140391191,-0.00111371689,-0.00047027531
3.24159722,-0.00254515842,-0.00254515842,-0.00254515842,-0.00254515842,-0.00204505797,-0.00204505797,-0.00202740731,-0.00203307528,-0.00205713607,-0.00205713607,-0.00203000717,-0.00202899495,-0.00213336615,-0.00205492079,-0.00205492079,-0.00205492079,-0.00205197916,-0.00213336615,-0.00218352132,-0.00218360427,-0.0021836668,-0.00231619013,-0.00218353437,-0.00235920453,-0.00213973109,-0.002134682,-0.00213973109,-0.00209742972,-0.00213264959,-0.00213345604,-0.00142693591,-0.00142693591,-0.00142693591,-0.00142693591,-0.00162073841,-0.00162073841,-0.00160423889,-0.001609958,-0.00162877603,-0.00162877603,-0.00160686049,-0.00160584729,-0.00148349814,-0.00151234185,-0.00151234185,-0.00151234185,-0.00151263885,-0.00148349814,-0.0011071727,-0.0011075889,-0.0011078869,-0.00138697515,-0.0011072323,-0.00158730606,-0.00151256528,-0.00151381798,-0.00151256528,-0.00151626378,-0.00144837707,-0.00145087748,-0.00111822251,-0.000423117286
3.25826389,-0.00253644786,-0.00253644786,-0.00253644786,-0.00253644786,-0.00206052903,-0.00206052903,-0.00204486663,-0.0020498599,-0.00207141317,-0.00207141317,-0.00204715158,-0.0020462602,-0.00219691834,-0.00213670238,-0.00213670238,-0.00213670238,-0.00213410609,-0.00219691834,-0.00218866349,-0.00218871123,-0.00218874651,-0.0023125355,-0.00218867124,-0.00237411913,-0.00214090327,-0.00213416451,-0.00214090327,-0.0020916597,-0.00214592891,-0.00214647036,-0.00144449514,-0.00144449514,-0.00144449514,-0.00144449514,-0.0016822131,-0.0016822131,-0.00166338591,-0.00166976163,-0.0016922774,-0.0016922774,-0.00166630562,-0.00166511451,-0.00152552805,-0.00155461713,-0.00155461713,-0.00155461713,-0.00155503433,-0.00152552805,-0.00113646751,-0.00113694431,-0.00113730191,-0.00139399978,-0.00113652711,-0.00160597403,-0.00155948287,-0.00156061537,-0.00155948287,-0.00156240654,-0.00149487048,-0.00149802662,-0.00109195272,-0.000378315929
3.27493056,-0.00250516746,-0.00250516746,-0.00250516746,-0.00250516746,-0.00207701206,-0.00207701206,-0.00206363566,-0.00206785972,-0.00208649494,-0.00208649494,-0.00206556257,-0.00206480893,-0.00225164385,-0.00221206186,-0.00221206186,-0.00221206186,-0.00220993856,-0.00225164385,-0.00219235689,-0.00219236998,-0.00219237849,-0.00230511525,-0.00219235939,-0.0023836341,-0.00214390087,-0.00213586623,-0.00214390087,-0.00209028417,-0.00215777234,-0.00215815313,-0.00146872505,-0.00146872505,-0.00146872505,-0.00146872505,-0.00173897543,-0.00173897543,-0.00171823999,-0.0017251522,-0.00175076919,-0.00175076919,-0.00172139809,-0.00172014639,-0.00156618263,-0.00159366927,-0.00159366927,-0.00159366927,-0.00159414706,-0.00156618263,-0.00117327171,-0.00117380821,-0.00117422441,-0.0014035255,-0.00117339001,-0.00162249204,-0.00160484715,-0.00160574225,-0.00160484715,-0.00160687763,-0.00154124299,-0.0015447587,-0.0010364424,-0.000335725751
3.29159722,-0.00245523009,-0.00245523009,-0.00245523009,-0.00245523009,-0.00209444244,-0.00209444244,-0.00208359188,-0.00208697162,-0.00210235251,-0.00210235251,-0.00208512661,-0.00208452416,-0.0022957442,-0.00227789708,-0.00227789708,-0.00227789708,-0.00227634186,-0.0022957442,-0.0021948323,-0.00219481212,-0.00219479498,-0.00229449763,-0.00219482974,-0.0023880251,-0.00214894375,-0.00214003608,-0.00214894375,-0.00209355054,-0.00216836227,-0.00216868471,-0.00150040218,-0.00150040218,-0.00150040218,-0.00150040218,-0.0017908504,-0.0017908504,-0.00176868239,-0.00177595319,-0.00180407761,-0.00180407761,-0.00177196069,-0.00177064939,-0.00160570461,-0.00162992008,-0.00162992008,-0.00162992008,-0.00163045658,-0.00160570461,-0.00121746667,-0.00121806267,-0.00121853957,-0.00141626671,-0.00121758587,-0.00163751712,-0.00164854344,-0.00164920004,-0.00164854344,-0.00164967994,-0.00158690326,-0.00159059876,-0.000977365624,-0.000298274902
3.30826389,-0.002391381,-0.002391381,-0.002391381,-0.002391381,-0.00211270471,-0.00211270471,-0.00210455776,-0.00210703876,-0.00211890932,-0.00211890932,-0.00210567577,-0.00210523422,-0.00232805953,-0.00233174865,-0.00233174865,-0.00233174865,-0.00233082021,-0.00232805953,-0.00219630653,-0.00219625524,-0.00219621413,-0.00228126738,-0.00219629921,-0.00238763171,-0.00215608866,-0.00214673882,-0.00215608866,-0.00210142406,-0.00217782849,-0.00217818234,-0.00153965237,-0.00153965237,-0.00153965237,-0.00153965237,-0.00183772232,-0.00183772232,-0.00181459868,-0.00182210888,-0.00185208306,-0.00185208306,-0.00181799618,-0.00181662627,-0.0016443329,-0.00166396367,-0.00166396367,-0.00166396367,-0.00166450007,-0.0016443329,-0.00126875943,-0.00126941503,-0.00126989193,-0.00143264264,-0.00126887863,-0.00165152775,-0.00169063295,-0.00169105114,-0.00169063295,-0.0016908753,-0.00163155387,-0.00163524927,-0.000927547104,-0.000266826255
3.32493056,-0.00231886354,-0.00231886354,-0.00231886354,-0.00231886354,-0.00213163708,-0.00213163708,-0.00212630665,-0.00212785597,-0.00213604461,-0.00213604461,-0.00212699334,-0.00212671859,-0.00234809979,-0.00237190685,-0.00237190685,-0.00237190685,-0.00237162589,-0.00234809979,-0.0021969805,-0.0021969009,-0.00219683804,-0.00226601442,-0.00219696882,-0.00238284963,-0.00216524202,-0.00215586901,-0.00216524202,-0.00211361291,-0.00218625117,-0.00218670531,-0.00158617297,-0.00158617297,-0.00158617297,-0.00158617297,-0.00187958482,-0.00187958482,-0.00185604191,-0.00186355311,-0.00189478203,-0.00189478203,-0.00185943941,-0.00185806951,-0.00168224375,-0.00169627469,-0.00169627469,-0.00169627469,-0.00169681209,-0.00168224375,-0.00132660769,-0.00132726329,-0.00132774118,-0.00145312842,-0.00132672689,-0.00166529619,-0.00173111061,-0.00173123081,-0.00173111061,-0.00173039939,-0.00167483189,-0.00167828999,-0.000870372813,-0.000241262578
3.34159722,-0.00224307683,-0.00224307683,-0.00224307683,-0.00224307683,-0.00215103674,-0.00215103674,-0.00214856963,-0.0021491762,-0.00215359784,-0.00215359784,-0.00214882053,-0.00214871453,-0.00235603658,-0.0023974705,-0.0023974705,-0.0023974705,-0.00239782039,-0.00235603658,-0.00219703686,-0.00219693235,-0.00219685039,-0.00224932188,-0.00219702132,-0.0023741211,-0.00217617663,-0.00216716985,-0.00217617663,-0.00212960105,-0.00219366586,-0.00219426318,-0.00163895774,-0.00163895774,-0.00163895774,-0.00163895774,-0.00191650028,-0.00191650028,-0.00189301498,-0.00190046658,-0.00193229348,-0.00193229348,-0.00189641248,-0.00189504158,-0.00171943929,-0.00172733305,-0.00172733305,-0.00172733305,-0.00172786955,-0.00171943929,-0.00139036052,-0.00139101612,-0.00139155262,-0.00147790561,-0.00139047972,-0.00167924141,-0.00176997801,-0.0017698598,-0.00176997801,-0.0017683727,-0.00171650073,-0.00171960212,-0.000806676337,-0.000221304354
3.35826389,-0.00216922762,-0.00216922762,-0.00216922762,-0.00216922762,-0.00217066058,-0.00217066058,-0.00217103779,-0.00217071212,-0.00217136839,-0.00217136839,-0.00217085838,-0.00217091923,-0.0023526407,-0.00240833907,-0.00240833907,-0.00240833907,-0.00240926864,-0.0023526407,-0.00219663203,-0.00219650648,-0.00219640843,-0.00223174882,-0.00219661319,-0.00236191883,-0.00218853205,-0.00218023603,-0.00218853205,-0.00214866716,-0.00220004545,-0.00220080095,-0.00169687679,-0.00169687679,-0.00169687679,-0.00169687679,-0.00194864832,-0.00194864832,-0.00192569756,-0.00193291064,-0.00196462143,-0.00196462143,-0.00192897576,-0.00192766446,-0.00175609961,-0.00175773462,-0.00175773462,-0.00175773462,-0.00175815281,-0.00175609961,-0.00145930582,-0.00145996053,-0.00146043831,-0.00150715376,-0.00145942413,-0.00169384211,-0.00180723932,-0.00180682311,-0.00180723932,-0.00180479958,-0.00175638575,-0.00175901131,-0.000737326215,-0.000206746955
3.37493056,-0.00210205221,-0.00210205221,-0.00210205221,-0.00210205221,-0.00219023535,-0.00219023535,-0.00219337376,-0.00219214737,-0.00218912481,-0.00218912481,-0.0021927792,-0.00219300124,-0.00233921625,-0.00240518632,-0.00240518632,-0.00240518632,-0.00240661452,-0.00233921625,-0.00219589843,-0.00219575605,-0.00219564519,-0.0022138235,-0.00219587692,-0.00234673946,-0.00220186168,-0.00219456387,-0.00220186168,-0.00216995237,-0.00220533325,-0.00220623516,-0.00175831515,-0.00175831515,-0.00175831515,-0.00175831515,-0.00197620293,-0.00197620293,-0.00195426445,-0.00196106035,-0.00199205872,-0.00199205872,-0.00195730525,-0.00195611215,-0.0017921031,-0.00178771614,-0.00178771614,-0.00178771614,-0.00178801513,-0.0017921031,-0.00153248209,-0.00153313779,-0.00153361459,-0.00154093009,-0.00153260139,-0.00170963205,-0.00184288918,-0.00184223457,-0.00184288918,-0.00183979177,-0.00179453895,-0.00179668763,-0.000672893403,-0.000197066092
3.39159722,-0.00204557018,-0.00204557018,-0.00204557018,-0.00204557018,-0.00220946668,-0.00220946668,-0.00221522222,-0.00221314648,-0.00220661294,-0.00220661294,-0.00221423683,-0.00221461084,-0.00231749292,-0.00238937517,-0.00238937517,-0.00238937517,-0.00239119713,-0.00231749292,-0.00219494538,-0.00219479064,-0.00219467044,-0.00219603592,-0.00219492186,-0.00232909508,-0.00221566046,-0.00220958258,-0.00221566046,-0.00219251028,-0.00220946897,-0.00221048296,-0.0018214313,-0.0018214313,-0.0018214313,-0.0018214313,-0.00199940757,-0.00199940757,-0.00197889659,-0.00198515718,-0.00201484617,-0.00201484617,-0.00198169898,-0.00198056648,-0.00182745088,-0.00181763714,-0.00181763714,-0.00181763714,-0.00181781694,-0.00182745088,-0.00160900102,-0.00160959712,-0.00161007392,-0.00157911802,-0.00160906062,-0.00172696874,-0.00187698937,-0.00187615487,-0.00187698937,-0.00187329586,-0.00183096459,-0.00183269508,-0.000616917902,-0.000191766774
3.40826389,-0.00200287524,-0.00200287524,-0.00200287524,-0.00200287524,-0.00222804383,-0.00222804383,-0.00223621593,-0.00223336048,-0.00222355972,-0.00222355972,-0.00223487241,-0.0022353859,-0.00228949152,-0.00236282921,-0.00236282921,-0.00236282921,-0.00236492338,-0.00228949152,-0.00219385533,-0.0021936928,-0.00219356682,-0.00217882622,-0.00219383049,-0.00230949947,-0.00222938,-0.00222467285,-0.00222938,-0.00221534371,-0.00221238807,-0.00221346368,-0.00188438023,-0.00188438023,-0.00188438023,-0.00188438023,-0.00201867554,-0.00201867554,-0.00199989223,-0.0020054979,-0.00203334229,-0.00203334229,-0.00200239751,-0.00200138332,-0.00186202591,-0.00184761941,-0.00184761941,-0.00184761941,-0.00184773861,-0.00186202591,-0.00168773383,-0.00168827132,-0.00168874713,-0.00162142206,-0.00168785313,-0.00174609464,-0.0019096003,-0.00190852839,-0.0019096003,-0.00190542899,-0.00186590021,-0.0018672721,-0.000563404827,-0.000118495011
3.42493056,-0.00197601392,-0.00197601392,-0.00197601392,-0.00197601392,-0.00224565127,-0.00224565127,-0.00225598852,-0.00225243939,-0.00223968402,-0.00223968402,-0.00225432709,-0.00225496463,-0.0022574066,-0.00232790527,-0.00232790527,-0.00232790527,-0.00233014109,-0.0022574066,-0.00219268738,-0.00219252167,-0.00219239346,-0.00216258135,-0.00219266192,-0.00228846184,-0.0022424738,-0.00223921568,-0.0022424738,-0.00223747077,-0.00221405109,-0.00221512943,-0.00194524627,-0.00194524627,-0.00194524627,-0.00194524627,-0.0020342469,-0.0020342469,-0.00201754866,-0.00202243924,-0.00204790137,-0.00204790137,-0.00201975505,-0.00201886095,-0.00189570583,-0.00187783735,-0.00187783735,-0.00187783735,-0.00187783735,-0.00189570583,-0.00176771785,-0.00176819564,-0.00176855324,-0.00166765853,-0.00176777844,-0.00176724591,-0.00194071826,-0.00193946855,-0.00194071826,-0.00193619035,-0.00189946193,-0.00190053582,-0.000521215923,-3.07676486e-05
3.44159722,-0.00196593806,-0.00196593806,-0.00196593806,-0.00196593806,-0.00226198325,-0.00226198325,-0.00227419016,-0.00227004742,-0.00225471053,-0.00225471053,-0.00227225745,-0.00227300112,-0.00222349597,-0.00228725825,-0.00228725825,-0.00228725825,-0.00228950393,-0.00222349597,-0.00219148447,-0.00219132006,-0.00219119308,-0.00214763624,-0.00219145905,-0.002266484,-0.00225444763,-0.00225264618,-0.00225444763,-0.00225799471,-0.00221448207,-0.00221550415,-0.00200242394,-0.00200242394,-0.00200242394,-0.00200242394,-0.00204659779,-0.00204659779,-0.00203222311,-0.0020363388,-0.00205906008,-0.00205906008,-0.00203407181,-0.00203335561,-0.00192825436,-0.00190829374,-0.00190829374,-0.00190829374,-0.00190811594,-0.00192825436,-0.00184776724,-0.00184818444,-0.00184848353,-0.0017172952,-0.00184782684,-0.0017906005,-0.00197040683,-0.00196909653,-0.00197040683,-0.00196569903,-0.00193189125,-0.00193284486,-0.000475883506,3.64858826e-05
3.45826389,-0.0019725017,-0.0019725017,-0.0019725017,-0.0019725017,-0.00227675322,-0.00227675322,-0.00229049778,-0.00228587302,-0.00226837845,-0.00226837845,-0.00228834569,-0.00228917549,-0.00218995229,-0.00224367613,-0.00224367613,-0.00224367613,-0.00224580598,-0.00218995229,-0.00219027572,-0.0021901169,-0.00218999445,-0.00213427119,-0.00219025102,-0.00224405293,-0.00226487572,-0.00226447305,-0.00226487572,-0.00227613712,-0.00221377398,-0.00221468876,-0.00205442504,-0.00205442504,-0.00205442504,-0.00205442504,-0.0020561458,-0.0020561458,-0.00204433323,-0.00204761449,-0.00206717864,-0.00206717864,-0.0020457657,-0.00204522832,-0.00195967314,-0.00193881253,-0.00193881253,-0.00193881253,-0.00193857413,-0.00195967314,-0.00192687168,-0.00192722929,-0.00192746867,-0.00176991622,-0.00192693129,-0.00181628224,-0.00199872611,-0.0019972966,-0.00199872611,-0.00199395771,-0.00196342627,-0.00196432037,-0.00042777069,8.192334e-05
3.47493056,-0.00199450175,-0.00199450175,-0.00199450175,-0.00199450175,-0.00228969614,-0.00228969614,-0.00230461817,-0.0022996317,-0.00228044339,-0.00228044339,-0.00230230254,-0.00230319691,-0.00215876729,-0.00219989922,-0.00219989922,-0.00219989922,-0.00220180037,-0.00215876729,-0.00218907267,-0.00218892341,-0.00218880857,-0.002122704,-0.00218904928,-0.00222162743,-0.00227339204,-0.00227427241,-0.00227339204,-0.00229124192,-0.00221205458,-0.00221282572,-0.0021000505,-0.0021000505,-0.0021000505,-0.0021000505,-0.00206330718,-0.00206330718,-0.00205429496,-0.00205662353,-0.00207279123,-0.00207279123,-0.00205531025,-0.00205489195,-0.00198977783,-0.00196932955,-0.00196932955,-0.00196932955,-0.00196903146,-0.00198977783,-0.00200400754,-0.00200424693,-0.00200448533,-0.00182497997,-0.00200406713,-0.00184428591,-0.00202573145,-0.00202430194,-0.00202573145,-0.00202102275,-0.00199418465,-0.00199519786,-0.000377341526,0.000105548754
3.49159722,-0.00202980964,-0.00202980964,-0.00202980964,-0.00202980964,-0.00230057686,-0.00230057686,-0.00231629684,-0.00231107473,-0.00229068535,-0.00229068535,-0.00231387609,-0.00231481245,-0.00213163816,-0.00215847612,-0.00215847612,-0.00215847612,-0.00216005407,-0.00213163816,-0.00218787359,-0.00218773749,-0.00218763302,-0.00211309163,-0.00218785207,-0.00219963394,-0.00227971412,-0.00228171355,-0.00227971412,-0.00230280788,-0.00220948567,-0.00221009588,-0.00213864379,-0.00213864379,-0.00213864379,-0.00213864379,-0.00206867844,-0.00206867844,-0.00206240806,-0.00206384245,-0.00207643402,-0.00207643402,-0.00206300606,-0.00206276756,-0.00201845322,-0.00199961004,-0.00199961004,-0.00199961004,-0.00199925144,-0.00201845322,-0.00207816918,-0.00207834798,-0.00207852678,-0.00188177715,-0.00207822778,-0.00187455555,-0.0020514861,-0.0020500556,-0.0020514861,-0.0020469552,-0.00202434604,-0.00202559674,-0.000325078389,0.000108834141
3.50826389,-0.00207555406,-0.00207555406,-0.00207555406,-0.00207555406,-0.00230919817,-0.00230919817,-0.00232532625,-0.0023199974,-0.00229891652,-0.00229891652,-0.00232286001,-0.00232381528,-0.00210989236,-0.00212163521,-0.00212163521,-0.00212163521,-0.00212281814,-0.00210989236,-0.00218666875,-0.00218654895,-0.00218645725,-0.00210553382,-0.00218664958,-0.00217846385,-0.0022836579,-0.00228657533,-0.0022836579,-0.00231050876,-0.00220626305,-0.00220671578,-0.00216979032,-0.00216979032,-0.00216979032,-0.00216979032,-0.00207267717,-0.00207267717,-0.0020692081,-0.00206974856,-0.00207858588,-0.00207858588,-0.00206944759,-0.00206932829,-0.00204563986,-0.00202941559,-0.00202941559,-0.00202941559,-0.00202899839,-0.00204563986,-0.00214852223,-0.00214864152,-0.00214870211,-0.00193977073,-0.00214858192,-0.00190703137,-0.00207616734,-0.00207473684,-0.00207616734,-0.00207187485,-0.00205391408,-0.0020554618,-0.000271432482,9.42362635e-05
3.52493056,-0.00212833811,-0.00212833811,-0.00212833811,-0.00212833811,-0.00231540738,-0.00231540738,-0.00233155257,-0.0023262456,-0.00230498776,-0.00230498776,-0.00232910027,-0.00233005142,-0.00209444136,-0.00209118553,-0.00209118553,-0.00209118553,-0.00209192713,-0.00209444136,-0.00218544458,-0.00218534372,-0.0021852668,-0.00210007671,-0.00218542818,-0.00215847069,-0.00228514606,-0.00228875535,-0.00228514606,-0.00231420308,-0.00220260836,-0.00220292698,-0.00219354229,-0.00219354229,-0.00219354229,-0.00219354229,-0.00207571988,-0.00207571988,-0.00207511186,-0.00207475813,-0.00207978093,-0.00207978093,-0.00207487545,-0.00207499365,-0.00207127531,-0.0020584464,-0.0020584464,-0.0020584464,-0.0020580292,-0.00207127531,-0.00221428479,-0.00221428578,-0.00221428578,-0.00199824073,-0.00221428479,-0.00194147429,-0.00209971465,-0.00209834475,-0.00209971465,-0.00209577976,-0.00208294291,-0.00208478872,-0.000256440714,6.52041798e-05
3.54159722,-0.0021844709,-0.0021844709,-0.0021844709,-0.0021844709,-0.00231909954,-0.00231909954,-0.00233487869,-0.00232971904,-0.00230879186,-0.00230879186,-0.00233249819,-0.00233342276,-0.00208575682,-0.00206844293,-0.00206844293,-0.00206844293,-0.00206872372,-0.00208575682,-0.00218418518,-0.00218410534,-0.00218404479,-0.00209671486,-0.00218417188,-0.00213996521,-0.00228420197,-0.00228826417,-0.00228420197,-0.00231392572,-0.00219874574,-0.00219897052,-0.00221031872,-0.00221031872,-0.00221031872,-0.00221031872,-0.00207840302,-0.00207840302,-0.00208041854,-0.00207922944,-0.00208055671,-0.00208055671,-0.00207982454,-0.00208006204,-0.00209536219,-0.00208652362,-0.00208652362,-0.00208652362,-0.00208610642,-0.00209536219,-0.00227468696,-0.00227462736,-0.00227456776,-0.00205653396,-0.00227468696,-0.00197764759,-0.00212224978,-0.00212099718,-0.00212224978,-0.00211873118,-0.00211125753,-0.00211346193,-0.000254460145,9.05229751e-05
3.55826389,-0.00224021996,-0.00224021996,-0.00224021996,-0.00224021996,-0.00232022167,-0.00232022167,-0.00233526808,-0.00233037521,-0.00231026793,-0.00231026793,-0.00233301441,-0.00233389103,-0.0020838807,-0.00205419591,-0.00205419591,-0.00205419591,-0.00205402301,-0.0020838807,-0.00218287636,-0.00218281904,-0.00218277598,-0.00209539684,-0.00218286641,-0.00212321441,-0.00228095224,-0.00228522755,-0.00228095224,-0.00230988476,-0.00219489259,-0.00219507582,-0.0022208931,-0.0022208931,-0.0022208931,-0.0022208931,-0.00208102473,-0.00208102473,-0.00208560435,-0.00208364041,-0.00208133065,-0.00208133065,-0.00208471124,-0.00208506894,-0.00211796003,-0.00211335174,-0.00211335174,-0.00211335174,-0.00211293553,-0.00211796003,-0.00232925215,-0.00232907444,-0.00232895514,-0.00211394048,-0.00232919255,-0.0020153718,-0.0021438315,-0.00214269801,-0.0021438315,-0.00214078962,-0.00213885958,-0.002141361,-0.000249663733,0.000146375797
3.57493056,-0.00229205725,-0.00229205725,-0.00229205725,-0.00229205725,-0.00231877686,-0.00231877686,-0.00233274842,-0.00232823313,-0.00230940578,-0.00230940578,-0.00233067253,-0.00233148137,-0.002088464,-0.00204870729,-0.00204870729,-0.00204870729,-0.00204811272,-0.002088464,-0.00218151014,-0.00218147625,-0.00218145136,-0.00209603235,-0.0021815037,-0.00210844203,-0.00227562553,-0.00227988442,-0.00227562553,-0.00230245199,-0.00219125594,-0.00219145604,-0.002226159,-0.002226159,-0.002226159,-0.002226159,-0.00208406249,-0.00208406249,-0.00209102725,-0.00208834714,-0.00208258034,-0.00208258034,-0.00208977665,-0.00209025345,-0.00213918388,-0.00213869019,-0.00213869019,-0.00213869019,-0.00213839209,-0.00213918388,-0.00237743858,-0.00237720117,-0.00237702228,-0.00216979684,-0.00237743858,-0.00205417079,-0.00216451687,-0.00216350357,-0.00216451687,-0.00216201159,-0.00216556494,-0.00216824714,-0.000241721168,0.00019593488
3.59159722,-0.00233684312,-0.00233684312,-0.00233684312,-0.00233684312,-0.00231481632,-0.00231481632,-0.00232740284,-0.00232336493,-0.0023062384,-0.0023062384,-0.00232555053,-0.00232627373,-0.00209878479,-0.00205170488,-0.00205170488,-0.00205170488,-0.00205074259,-0.00209878479,-0.00218007801,-0.00218006786,-0.00218006136,-0.00209848882,-0.00218007514,-0.00209581887,-0.0022685016,-0.00227253455,-0.0022685016,-0.00229210085,-0.00218798018,-0.00218825536,-0.0022274852,-0.0022274852,-0.0022274852,-0.0022274852,-0.00208787403,-0.00208787403,-0.00209698465,-0.00209364984,-0.00208472102,-0.00208472102,-0.00209543605,-0.00209609055,-0.00215903785,-0.00216247888,-0.00216247888,-0.00216247888,-0.00216224049,-0.00215903785,-0.00241901101,-0.00241871301,-0.00241847461,-0.00222350942,-0.00241901001,-0.00209386272,-0.00218436876,-0.00218353336,-0.00218436876,-0.00218239986,-0.0021910812,-0.0021939422,-0.000230418192,0.000238934868
3.60826389,-0.00237200409,-0.00237200409,-0.00237200409,-0.00237200409,-0.00230843578,-0.00230843578,-0.00231936546,-0.00231589164,-0.00230083884,-0.00230083884,-0.00231777641,-0.00231839848,-0.00211380675,-0.00206242319,-0.00206242319,-0.00206242319,-0.00206116504,-0.00211380675,-0.00217857053,-0.00217858386,-0.0021785955,-0.00210259539,-0.00217857121,-0.00208546107,-0.0022598954,-0.0022635209,-0.0022598954,-0.00227937736,-0.00218513399,-0.00218553584,-0.0022260636,-0.0022260636,-0.0022260636,-0.0022260636,-0.00209281655,-0.00209281655,-0.00210377584,-0.00209990351,-0.00208811269,-0.00208811269,-0.00210204734,-0.00210270402,-0.00217764015,-0.00218454041,-0.00218454041,-0.00218454041,-0.00218436161,-0.00217764015,-0.00245378971,-0.00245343211,-0.0024531351,-0.00227442584,-0.00245373011,-0.00213391858,-0.00220344589,-0.00220273078,-0.00220344589,-0.00220195391,-0.00221522791,-0.00221820811,-0.000215988126,0.000275219182
3.62493056,-0.00239566081,-0.00239566081,-0.00239566081,-0.00239566081,-0.00229977013,-0.00229977013,-0.00230881495,-0.00230597716,-0.00229331556,-0.00229331556,-0.00230752198,-0.00230803007,-0.00213224436,-0.00207966265,-0.00207966265,-0.00207966265,-0.00207819358,-0.00213224436,-0.00217697592,-0.00217701193,-0.00217704106,-0.0021081465,-0.00217698005,-0.00207742853,-0.00225013327,-0.0022532037,-0.00225013327,-0.00226486259,-0.00218270379,-0.00218327153,-0.00222326621,-0.00222326621,-0.00222326621,-0.00222326621,-0.00209912859,-0.00209912859,-0.00211163863,-0.00210734902,-0.00209299416,-0.00209299416,-0.00210973123,-0.00211050613,-0.00219516748,-0.00220475395,-0.00220475395,-0.00220475395,-0.00220469435,-0.00219516748,-0.00248165331,-0.00248123611,-0.00248093801,-0.00232206389,-0.00248159371,-0.00217397212,-0.0022216886,-0.00222115121,-0.0022216886,-0.00222073202,-0.00223788421,-0.00224086441,-0.000200641546,0.000304677385
3.64159722,-0.00240671498,-0.00240671498,-0.00240671498,-0.00240671498,-0.00228898995,-0.00228898995,-0.00229596997,-0.00229382401,-0.00228380958,-0.00228380958,-0.0022949984,-0.00229538254,-0.00215265413,-0.00210188546,-0.00210188546,-0.00210188546,-0.00210029815,-0.00215265413,-0.00217528095,-0.00217533831,-0.00217538389,-0.00211490834,-0.00217528835,-0.00207172691,-0.00223954692,-0.00224195245,-0.00223954692,-0.00224915288,-0.00218060775,-0.00218136369,-0.00222040318,-0.00222040318,-0.00222040318,-0.00222040318,-0.00210704787,-0.00210704787,-0.00212081158,-0.00211616437,-0.00209966186,-0.00209966186,-0.00211872638,-0.00211956088,-0.00221174133,-0.00222323904,-0.00222323904,-0.00222323904,-0.00222323804,-0.00221174133,-0.00250272115,-0.00250224535,-0.00250194635,-0.00236582974,-0.00250266155,-0.00221361131,-0.00223921414,-0.00223879684,-0.00223921414,-0.00223867664,-0.00225887156,-0.00226173366,-0.0001863118,0.000327440198
3.65826389,-0.0024048801,-0.0024048801,-0.0024048801,-0.0024048801,-0.00227629835,-0.00227629835,-0.00228108478,-0.0022796694,-0.00227249211,-0.00227249211,-0.00228045203,-0.00228070531,-0.0021735352,-0.00212733046,-0.00212733046,-0.00212733046,-0.00212571977,-0.0021735352,-0.00217347184,-0.00217354877,-0.00217360938,-0.00212262577,-0.00217348225,-0.00206831058,-0.00222846605,-0.00223013647,-0.00222846605,-0.00223283996,-0.00217871662,-0.00217966371,-0.00221866765,-0.00221866765,-0.00221866765,-0.00221866765,-0.00211669718,-0.00211669718,-0.00213135702,-0.00212652902,-0.00210829595,-0.00210829595,-0.00212921023,-0.00213004572,-0.00222736232,-0.00223999456,-0.00223999456,-0.00223999456,-0.00224005416,-0.00222736232,-0.00251711436,-0.00251669607,-0.00251627986,-0.00240542668,-0.00251705466,-0.0022523599,-0.00225590797,-0.00225560997,-0.00225590797,-0.00225578679,-0.00227801336,-0.00228075516,-0.000186212447,0.000343642515
3.67493056,-0.00239064381,-0.00239064381,-0.00239064381,-0.00239064381,-0.00226192291,-0.00226192291,-0.00226443993,-0.00226377631,-0.00225955726,-0.00225955726,-0.00226415527,-0.00226427395,-0.00219341294,-0.00215411974,-0.00215411974,-0.00215411974,-0.00215257733,-0.00219341294,-0.00217153075,-0.00217162504,-0.00217169898,-0.00213102486,-0.00217154385,-0.0020670819,-0.0022171943,-0.00221809893,-0.0022171943,-0.00221647513,-0.00217685686,-0.00217797854,-0.00221889703,-0.00221889703,-0.00221889703,-0.00221889703,-0.00212825135,-0.00212825135,-0.00214344955,-0.00213850235,-0.00211895702,-0.00211895702,-0.00214124425,-0.00214207865,-0.00224226611,-0.0022550225,-0.0022550225,-0.0022550225,-0.0022552004,-0.00224226611,-0.00252524616,-0.00252476827,-0.00252435216,-0.00244049233,-0.00252518557,-0.00228979783,-0.00227182603,-0.00227170584,-0.00227182603,-0.00227206245,-0.00229530537,-0.00229780976,-0.000171746772,0.000353715415
3.69159722,-0.00236519291,-0.00236519291,-0.00236519291,-0.00236519291,-0.00224610924,-0.00224610924,-0.00224633459,-0.00224642623,-0.00224521639,-0.00224521639,-0.00224639913,-0.0022463826,-0.00221092284,-0.00218037281,-0.00218037281,-0.00218037281,-0.00217898212,-0.00221092284,-0.00216943446,-0.0021695436,-0.00216962889,-0.00213981798,-0.00216944989,-0.00206789394,-0.00220599761,-0.00220614346,-0.00220599761,-0.00220054739,-0.00217482741,-0.00217608955,-0.00222204323,-0.00222204323,-0.00222204323,-0.00222204323,-0.00214165511,-0.00214165511,-0.00215709181,-0.00215214461,-0.00213176281,-0.00213176281,-0.00215482781,-0.00215572191,-0.00225651331,-0.0022686171,-0.0022686171,-0.0022686171,-0.0022687959,-0.00225651331,-0.0025274148,-0.0025268793,-0.0025265217,-0.00247067253,-0.0025272965,-0.00232556688,-0.00228702692,-0.00228690872,-0.00228702692,-0.00228750382,-0.00231063242,-0.00231295692,-0.000143149675,0.000357980339
3.70826389,-0.00233028449,-0.00233028449,-0.00233028449,-0.00233028449,-0.00222911061,-0.00222911061,-0.00222707488,-0.00222790793,-0.00222968856,-0.00222968856,-0.00222748171,-0.00222733249,-0.00222487303,-0.00220430445,-0.00220430445,-0.00220430445,-0.00220313643,-0.00222487303,-0.00216714894,-0.00216727012,-0.00216736456,-0.00214870452,-0.00216716628,-0.00207054963,-0.00219507973,-0.00219450795,-0.00219507973,-0.00218545037,-0.0021723978,-0.00217375232,-0.00222840726,-0.00222840726,-0.00222840726,-0.00222840726,-0.00215690675,-0.00215690675,-0.00217222604,-0.00216739804,-0.00214665574,-0.00214665574,-0.00217007925,-0.00217091474,-0.00227010663,-0.00228084156,-0.00228084156,-0.00228084156,-0.00228107996,-0.00227010663,-0.00252409975,-0.00252362276,-0.00252320555,-0.0024958476,-0.00252398144,-0.00235925384,-0.00230133666,-0.00230133666,-0.00230133666,-0.00230205087,-0.00232417011,-0.00232625729,-0.000101877229,0.000356950816
3.72493056,-0.00228810152,-0.00228810152,-0.00228810152,-0.00228810152,-0.00221117958,-0.00221117958,-0.00220696438,-0.00220850831,-0.00221319296,-0.00221319296,-0.0022076989,-0.0022074225,-0.00223429416,-0.00222431292,-0.00222431292,-0.00222431292,-0.0022234226,-0.00223429416,-0.00216462703,-0.00216475725,-0.00216485853,-0.00215737486,-0.00216464584,-0.00207480495,-0.00218457232,-0.00218335337,-0.00218457232,-0.00217146581,-0.00216932134,-0.00217071101,-0.00223834512,-0.00223834512,-0.00223834512,-0.00223834512,-0.00217400589,-0.00217400589,-0.00218884948,-0.00218425889,-0.00216357509,-0.00216357509,-0.00218682189,-0.00218759778,-0.00228322146,-0.0022918731,-0.0022918731,-0.0022918731,-0.00229211249,-0.00228322146,-0.00251589323,-0.00251541633,-0.00251505873,-0.00251589621,-0.00251583353,-0.00239043834,-0.00231486957,-0.00231493017,-0.00231486957,-0.00231570407,-0.00233597851,-0.00233782731,-4.97563961e-05,0.000358521342
3.74159722,-0.00224108672,-0.00224108672,-0.00224108672,-0.00224108672,-0.00219255865,-0.00219255865,-0.00218629356,-0.00218850225,-0.00219594025,-0.00219594025,-0.002187334,-0.0021869387,-0.00223846344,-0.00223904266,-0.00223904266,-0.00223904266,-0.00223846685,-0.00223846344,-0.00216180575,-0.00216194187,-0.00216204755,-0.00216551339,-0.00216182556,-0.00208037209,-0.00217452081,-0.00217274861,-0.00217452081,-0.00215874513,-0.00216534461,-0.00216670828,-0.00225174202,-0.00225174202,-0.00225174202,-0.00225174202,-0.00219277406,-0.00219277406,-0.00220684475,-0.00220255115,-0.00218240185,-0.00218240185,-0.00220493635,-0.00220571115,-0.0022957998,-0.00230200868,-0.00230200868,-0.00230200868,-0.00230224808,-0.0022957998,-0.00250339439,-0.00250297609,-0.00250261849,-0.0025308189,-0.00250333379,-0.00241893972,-0.0023275105,-0.0023276883,-0.0023275105,-0.0023284035,-0.00234617768,-0.00234784668,-1.35384005e-05,0.000365305517
3.75826389,-0.00219178107,-0.00219178107,-0.00219178107,-0.00219178107,-0.0021734743,-0.0021734743,-0.00216533283,-0.00216814597,-0.00217812739,-0.00217812739,-0.0021666509,-0.00216614753,-0.00223692966,-0.00224744613,-0.00224744613,-0.00224744613,-0.00224720227,-0.00223692966,-0.00215860641,-0.00215874526,-0.00215885288,-0.00217280412,-0.00215862674,-0.00208692596,-0.00216489209,-0.00216267737,-0.00216489209,-0.00214731497,-0.00216022828,-0.00216150607,-0.00226835944,-0.00226835944,-0.00226835944,-0.00226835944,-0.00221303447,-0.00221303447,-0.00222609282,-0.00222221555,-0.00220290069,-0.00220290069,-0.00222436323,-0.00222507853,-0.00230796156,-0.00231136994,-0.00231136994,-0.00231136994,-0.00231160943,-0.00230796156,-0.00248731339,-0.00248689619,-0.00248659819,-0.00254073358,-0.00248725379,-0.00244434514,-0.00233937524,-0.00233949454,-0.00233937524,-0.00234026934,-0.00235500449,-0.00235649459,2.47732972e-05,0.000367929456
3.77493056,-0.00214268215,-0.00214268215,-0.00214268215,-0.00214268215,-0.00215413689,-0.00215413689,-0.00214433152,-0.0021476763,-0.00215993806,-0.00215993806,-0.00214589319,-0.00214529482,-0.00222954145,-0.0022488444,-0.0022488444,-0.0022488444,-0.00224893051,-0.00222954145,-0.00215494029,-0.0021550787,-0.00215518582,-0.00217894125,-0.00215496066,-0.00209411626,-0.00215560386,-0.00215306749,-0.00215560386,-0.0021371075,-0.00215378753,-0.00215492559,-0.00228766107,-0.00228766107,-0.00228766107,-0.00228766107,-0.00223460492,-0.00223460492,-0.00224635407,-0.00224295359,-0.00222494803,-0.00222494803,-0.00224486189,-0.00224545898,-0.00231970453,-0.00232019424,-0.00232019424,-0.00232019424,-0.00232043264,-0.00231970453,-0.00246831075,-0.00246795315,-0.00246765614,-0.00254576109,-0.00246825214,-0.00246653159,-0.00235034629,-0.0023505241,-0.00235034629,-0.0023511797,-0.00236263771,-0.0023640096,6.50099714e-05,0.000372415332
3.79159722,-0.00209610188,-0.00209610188,-0.00209610188,-0.00209610188,-0.00213473914,-0.00213473914,-0.00212351559,-0.00212730866,-0.00214154174,-0.00214154174,-0.00212528202,-0.00212460358,-0.00221644771,-0.00224295371,-0.00224295371,-0.00224295371,-0.00224334955,-0.00221644771,-0.00215071216,-0.00215084708,-0.00215095133,-0.0021836368,-0.00215073211,-0.00210157714,-0.0021465377,-0.00214380411,-0.0021465377,-0.00212797675,-0.00214591283,-0.00214686771,-0.00230899217,-0.00230899217,-0.00230899217,-0.00230899217,-0.00225719168,-0.00225719168,-0.00226745067,-0.00226458668,-0.00224824699,-0.00224824699,-0.00226619697,-0.00226673337,-0.00233097249,-0.00232871857,-0.00232871857,-0.00232871857,-0.00232889737,-0.00233097249,-0.00244710083,-0.00244680283,-0.00244656443,-0.00254619619,-0.00244709983,-0.00248532164,-0.00236054048,-0.00236066068,-0.00236054048,-0.00236119708,-0.00236925765,-0.00237056905,8.55478176e-05,0.000383744497
3.80826389,-0.00205403292,-0.00205403292,-0.00205403292,-0.00205403292,-0.00211545208,-0.00211545208,-0.00210308299,-0.00210723257,-0.0021230901,-0.0021230901,-0.00210501151,-0.00210426946,-0.0021980712,-0.00222987825,-0.00222987825,-0.00222987825,-0.0022305473,-0.0021980712,-0.00214582116,-0.00214594968,-0.00214604883,-0.00218662484,-0.00214584024,-0.002108934,-0.00213754116,-0.00213473229,-0.00213754116,-0.00211970548,-0.00213656621,-0.00213730837,-0.00233157908,-0.00233157908,-0.00233157908,-0.00233157908,-0.00228055461,-0.00228055461,-0.00228920423,-0.00228681805,-0.00227244445,-0.00227244445,-0.00228813133,-0.00228854853,-0.00234182299,-0.00233706349,-0.00233706349,-0.00233706349,-0.00233718269,-0.00234182299,-0.00242451392,-0.00242421691,-0.00242403693,-0.00254233974,-0.00242445423,-0.00250059595,-0.00236990273,-0.00236996341,-0.00236990273,-0.00237038051,-0.00237510227,-0.00237641347,0.000106635392,0.000391661948
3.82493056,-0.00201803692,-0.00201803692,-0.00201803692,-0.00201803692,-0.00209642055,-0.00209642055,-0.00208319869,-0.00208760685,-0.00210471278,-0.00210471278,-0.00208524382,-0.00208445572,-0.00217506478,-0.00221007802,-0.00221007802,-0.00221007802,-0.0022109704,-0.00217506478,-0.00214016045,-0.00214027989,-0.00214037189,-0.00218766387,-0.00214017825,-0.00211580884,-0.00212842659,-0.0021256565,-0.00212842659,-0.00211200982,-0.00212576377,-0.0021262798,-0.00235452664,-0.00235452664,-0.00235452664,-0.00235452664,-0.00230439507,-0.00230439507,-0.00231119791,-0.00230946643,-0.0022972971,-0.0022972971,-0.00231048063,-0.00231077863,-0.00235231329,-0.00234534843,-0.00234534843,-0.00234534843,-0.00234540903,-0.00235231329,-0.00240109264,-0.00240091384,-0.00240079365,-0.00253460605,-0.00240109165,-0.00251241129,-0.00237848853,-0.00237854823,-0.00237848853,-0.00237872803,-0.00238035014,-0.00238172015,0.000134438622,0.000396602454
3.84159722,-0.00198918029,-0.00198918029,-0.00198918029,-0.00198918029,-0.00207776273,-0.00207776273,-0.00206399389,-0.00206855893,-0.00208651721,-0.00208651721,-0.00206610851,-0.00206529257,-0.00214826997,-0.0021843312,-0.0021843312,-0.0021843312,-0.00218538713,-0.00214826997,-0.00213362128,-0.00213372926,-0.00213381226,-0.00218654265,-0.00213363744,-0.00212182984,-0.0021189915,-0.00211636171,-0.0021189915,-0.00210456628,-0.00211357269,-0.00211386579,-0.00237705958,-0.00237705958,-0.00237705958,-0.00237705958,-0.00232841519,-0.00232841519,-0.00233331078,-0.00233223498,-0.0023223902,-0.0023223902,-0.00233289158,-0.00233307038,-0.00236227007,-0.00235369287,-0.00235369287,-0.00235369287,-0.00235375247,-0.00236227007,-0.00237772612,-0.00237760682,-0.00237748771,-0.0025234145,-0.00237766751,-0.00252071106,-0.00238630066,-0.00238630066,-0.00238630066,-0.00238636026,-0.00238523874,-0.00238660964,0.000168365334,0.000398881217
3.85826389,-0.00196799871,-0.00196799871,-0.00196799871,-0.00196799871,-0.00205956978,-0.00205956978,-0.00204556557,-0.00205018436,-0.00206858837,-0.00206858837,-0.00204770194,-0.00204687662,-0.002118654,-0.00215366712,-0.00215366712,-0.00215366712,-0.00215482077,-0.002118654,-0.00212609701,-0.00212619145,-0.00212626388,-0.00218308535,-0.0021261112,-0.00212664031,-0.00210902629,-0.00210662222,-0.00210902629,-0.00209702714,-0.00210010366,-0.00210019259,-0.00239834626,-0.00239834626,-0.00239834626,-0.00239834626,-0.00235231762,-0.00235231762,-0.00235524712,-0.00235476735,-0.00234748468,-0.00234748468,-0.00235506733,-0.00235512703,-0.00237186765,-0.0023622157,-0.0023622157,-0.0023622157,-0.00236215709,-0.00237186765,-0.00235495325,-0.00235489266,-0.00235483395,-0.00250923899,-0.00235489365,-0.00252561277,-0.00239351503,-0.00239339681,-0.00239351503,-0.00239327761,-0.0023897708,-0.00239131853,0.00020733632,0.000430347549
3.87493056,-0.00195448995,-0.00195448995,-0.00195448995,-0.00195448995,-0.00204190423,-0.00204190423,-0.00202797488,-0.00203254528,-0.00205098725,-0.00205098725,-0.00203008581,-0.0020292694,-0.00208724038,-0.0021192863,-0.0021192863,-0.0021192863,-0.00212046976,-0.00208724038,-0.0021174853,-0.0021175645,-0.00211762505,-0.00217715396,-0.00211749725,-0.00212990532,-0.00209831976,-0.00209620815,-0.00209831976,-0.0020890335,-0.00208549232,-0.00208540886,-0.00241766671,-0.00241766671,-0.00241766671,-0.00241766671,-0.00237574475,-0.00237574475,-0.00237670639,-0.00237688221,-0.00237216358,-0.00237216358,-0.0023768246,-0.00237676599,-0.00238093035,-0.00237085725,-0.00237085725,-0.00237085725,-0.00237073894,-0.00238093035,-0.00233337081,-0.00233337081,-0.00233342942,-0.00249267911,-0.00233337081,-0.00252729451,-0.00240001478,-0.00239989557,-0.00240001478,-0.00239953897,-0.00239418152,-0.00239579082,0.000215804367,0.00046317676
3.89159722,-0.0019481555,-0.0019481555,-0.0019481555,-0.0019481555,-0.00202480434,-0.00202480434,-0.00201125171,-0.00201567486,-0.00203375506,-0.00203375506,-0.00201329156,-0.00201250176,-0.00205506384,-0.0020824987,-0.0020824987,-0.0020824987,-0.00208364589,-0.00205506384,-0.00210769491,-0.00210775756,-0.00210780525,-0.00216865456,-0.00210770441,-0.00213132229,-0.00208668648,-0.00208491394,-0.00208668648,-0.00208025034,-0.00206990161,-0.00206968693,-0.00243436762,-0.00243436762,-0.00243436762,-0.00243436762,-0.00239839818,-0.00239839818,-0.00239745136,-0.00239822417,-0.00239618569,-0.00239618569,-0.00239780906,-0.00239768986,-0.00238963347,-0.00237961887,-0.00237961887,-0.00237961887,-0.00237949967,-0.00238963347,-0.00231363315,-0.00231369285,-0.00231375235,-0.00247426865,-0.00231363315,-0.00252593658,-0.00240603575,-0.00240579835,-0.00240603575,-0.00240532145,-0.00239847303,-0.00240020144,0.00020592874,0.000486212123
3.90826389,-0.00194807265,-0.00194807265,-0.00194807265,-0.00194807265,-0.00200828991,-0.00200828991,-0.00199540085,-0.0019995833,-0.00201691894,-0.00201691894,-0.00199732657,-0.00199658009,-0.00202313047,-0.0020446624,-0.0020446624,-0.0020446624,-0.00204571262,-0.00202313047,-0.00209665329,-0.00209669851,-0.00209673267,-0.00215754358,-0.00209666019,-0.00213063171,-0.0020739927,-0.00207258551,-0.0020739927,-0.00207040015,-0.00205352804,-0.00205322859,-0.00244809018,-0.00244809018,-0.00244809018,-0.00244809018,-0.0024200394,-0.0024200394,-0.00241718631,-0.00241855424,-0.00241908075,-0.00241908075,-0.00241784092,-0.00241754391,-0.00239780168,-0.00238850041,-0.00238850041,-0.00238850041,-0.00238832142,-0.00239780168,-0.00229609972,-0.00229627753,-0.00229639673,-0.00245460236,-0.00229615833,-0.00252183376,-0.00241146295,-0.00241122455,-0.00241146295,-0.00241056885,-0.002402705,-0.0024044932,0.000199446428,0.000500017529
3.92493056,-0.00195298377,-0.00195298377,-0.00195298377,-0.00195298377,-0.00199236747,-0.00199236747,-0.00198040769,-0.00198426343,-0.0020004968,-0.0020004968,-0.00198217972,-0.00198149195,-0.00199237702,-0.00200711822,-0.00200711822,-0.00200711822,-0.00200801924,-0.00199237702,-0.00208431253,-0.00208433986,-0.00208436017,-0.00214383174,-0.00208431676,-0.0021276252,-0.0020601697,-0.00205913462,-0.0020601697,-0.00205928322,-0.00203659945,-0.00203626303,-0.00245853465,-0.00245853465,-0.00245853465,-0.00245853465,-0.00244031055,-0.00244031055,-0.00243572791,-0.00243757372,-0.00244066319,-0.00244066319,-0.00243656241,-0.00243626341,-0.00240549351,-0.00239732165,-0.00239732165,-0.00239732165,-0.00239714285,-0.00240549351,-0.00228130621,-0.00228148501,-0.00228166282,-0.00243416033,-0.00228136482,-0.00251522759,-0.00241647163,-0.00241617363,-0.00241647163,-0.00241539873,-0.00240681871,-0.00240866641,0.000196993682,0.000505550888
3.94159722,-0.00196138248,-0.00196138248,-0.00196138248,-0.00196138248,-0.00197703059,-0.00197703059,-0.00196623919,-0.00196969139,-0.00198449731,-0.00198449731,-0.00196782226,-0.00196720692,-0.00196362098,-0.00197111384,-0.00197111384,-0.00197111384,-0.00197182434,-0.00196362098,-0.00207064934,-0.00207065876,-0.00207066522,-0.00212758123,-0.00207065087,-0.00212214688,-0.00204520252,-0.00204452873,-0.00204520252,-0.00204677207,-0.0020193452,-0.00201901755,-0.00246564135,-0.00246564135,-0.00246564135,-0.00246564135,-0.00245897434,-0.00245897434,-0.00245278143,-0.00245516364,-0.00246063735,-0.00246063735,-0.00245385334,-0.00245343613,-0.00241270746,-0.00240608337,-0.00240608337,-0.00240608337,-0.00240584597,-0.00241270746,-0.00226949171,-0.00226973021,-0.00226996762,-0.00241365674,-0.00226955041,-0.00250647492,-0.00242106304,-0.00242070544,-0.00242106304,-0.00241987103,-0.00241081303,-0.00241272043,0.000198842375,0.000504258864
3.95826389,-0.00197160702,-0.00197160702,-0.00197160702,-0.00197160702,-0.00196225804,-0.00196225804,-0.00195284273,-0.0019558253,-0.00196891762,-0.00196891762,-0.0019542066,-0.0019536755,-0.00193751337,-0.00193773108,-0.00193773108,-0.00193773108,-0.00193822234,-0.00193751337,-0.00205566224,-0.00205565415,-0.00205564708,-0.00210889979,-0.00205566112,-0.0021140915,-0.00202911325,-0.00202877476,-0.00202911325,-0.0020327983,-0.00200195905,-0.00200168086,-0.00246946912,-0.00246946912,-0.00246946912,-0.00246946912,-0.00247590976,-0.00247590976,-0.00246822669,-0.00247102612,-0.00247876582,-0.00247876582,-0.00246953691,-0.00246900149,-0.0024193854,-0.00241454959,-0.00241454959,-0.00241454959,-0.00241431109,-0.0024193854,-0.00226095306,-0.00226125106,-0.00226148947,-0.00239350657,-0.00226101266,-0.00249587177,-0.00242529619,-0.00242493859,-0.00242529619,-0.00242404449,-0.00241468758,-0.00241665448,0.000205290823,0.000515383968
3.97493056,-0.00198196277,-0.00198196277,-0.00198196277,-0.00198196277,-0.00194801784,-0.00194801784,-0.00194015098,-0.00194260979,-0.00195374687,-0.00195374687,-0.00194127096,-0.00194083377,-0.0019145236,-0.00190784686,-0.00190784686,-0.00190784686,-0.00190810369,-0.0019145236,-0.00203937466,-0.00203934985,-0.0020393299,-0.00208794026,-0.002039371,-0.002103408,-0.00201197275,-0.00201193133,-0.00201197275,-0.00201736649,-0.00198459838,-0.00198440269,-0.00247025599,-0.00247025599,-0.00247025599,-0.00247025599,-0.00249075989,-0.00249075989,-0.00248188376,-0.00248498217,-0.00249474843,-0.00249474843,-0.00248331337,-0.00248271826,-0.00242558617,-0.00242259802,-0.00242259802,-0.00242259802,-0.00242241922,-0.00242558617,-0.00225581329,-0.00225611129,-0.0022564083,-0.00237419107,-0.00225587289,-0.00248383785,-0.0024292311,-0.00242881381,-0.0024292311,-0.00242791971,-0.002418384,-0.0024203509,0.000216438636,0.000542742054
3.99159722,-0.00199082969,-0.00199082969,-0.00199082969,-0.00199082969,-0.00193426878,-0.00193426878,-0.00192808437,-0.00192997819,-0.00193896728,-0.00193896728,-0.00192894178,-0.00192860583,-0.00189491786,-0.0018820901,-0.0018820901,-0.0018820901,-0.00188211102,-0.00189491786,-0.00202183488,-0.00202179454,-0.00202176264,-0.00206489671,-0.00202182885,-0.00209009924,-0.00199389022,-0.00199409862,-0.00199389022,-0.00200054507,-0.00196737781,-0.0019672881,-0.00246835948,-0.00246835948,-0.00246835948,-0.00246835948,-0.00250352409,-0.00250352409,-0.00249357408,-0.00249697049,-0.0025085268,-0.0025085268,-0.00249512369,-0.00249452769,-0.00243113234,-0.00243016966,-0.00243016966,-0.00243016966,-0.00242999086,-0.00243113234,-0.0022541295,-0.002254487,-0.0022547265,-0.00235630306,-0.002254189,-0.00247078759,-0.00243280823,-0.00243233233,-0.00243280823,-0.00243149693,-0.00242178233,-0.00242374933,0.000232294616,0.000569559526
4.00826389,-0.00199675478,-0.00199675478,-0.00199675478,-0.00199675478,-0.00192096021,-0.00192096021,-0.00191655171,-0.00191785286,-0.00192455322,-0.00192455322,-0.00191713416,-0.00191690437,-0.00187874751,-0.00186081281,-0.00186081281,-0.00186081281,-0.00186060939,-0.00187874751,-0.00200311352,-0.00200305915,-0.00200301648,-0.00203999784,-0.00200310533,-0.00207421869,-0.00197500026,-0.00197540552,-0.00197500026,-0.00198245284,-0.00195035931,-0.00195038839,-0.00246425458,-0.00246425458,-0.00246425458,-0.00246425458,-0.00251396515,-0.00251396515,-0.00250323931,-0.00250681453,-0.00251986209,-0.00251986209,-0.00250484861,-0.00250419292,-0.00243614123,-0.0024369688,-0.0024369688,-0.0024369688,-0.00243684861,-0.00243614123,-0.00225584513,-0.00225626135,-0.00225655935,-0.00234014168,-0.00225590473,-0.00245696184,-0.00243602895,-0.00243561174,-0.00243602895,-0.00243483586,-0.00242494254,-0.00242685084,0.000252731616,0.000595308875
4.02493056,-0.00199853956,-0.00199853956,-0.00199853956,-0.00199853956,-0.00190803486,-0.00190803486,-0.00190545405,-0.00190614874,-0.00191047358,-0.00191047358,-0.00190575557,-0.00190563439,-0.00186586475,-0.00184409258,-0.00184409258,-0.00184409258,-0.00184368816,-0.00186586475,-0.00198330306,-0.00198323649,-0.00198318446,-0.00201350238,-0.00198329298,-0.00205586885,-0.00195546347,-0.00195601012,-0.00195546347,-0.00196325813,-0.00193356113,-0.00193371082,-0.00245853863,-0.00245853863,-0.00245853863,-0.00245853863,-0.00252208021,-0.00252208021,-0.00251075819,-0.00251445369,-0.00252869422,-0.00252869422,-0.00251242719,-0.00251177149,-0.00244043571,-0.00244293315,-0.00244293315,-0.00244293315,-0.00244281395,-0.00244043571,-0.00226095717,-0.00226137338,-0.00226167138,-0.00232600763,-0.00226101677,-0.00244283581,-0.00243901008,-0.00243853427,-0.00243901008,-0.00243787768,-0.00242774587,-0.00242965317,0.000277654111,0.000618220641
4.04159722,-0.00199530673,-0.00199530673,-0.00199530673,-0.00199530673,-0.00189543178,-0.00189543178,-0.00189468854,-0.00189477684,-0.00189669399,-0.00189669399,-0.00189470959,-0.00189469695,-0.00185594822,-0.00183174989,-0.00183174989,-0.00183174989,-0.00183117774,-0.00185594822,-0.00196251707,-0.00196244033,-0.00196238056,-0.00198569418,-0.0019625054,-0.00203519872,-0.00193546499,-0.00193609807,-0.00193546499,-0.001943175,-0.00191697125,-0.00191723293,-0.00245168814,-0.00245168814,-0.00245168814,-0.00245168814,-0.00252775344,-0.00252775344,-0.00251613154,-0.00251988663,-0.00253496254,-0.00253496254,-0.00251780044,-0.00251714484,-0.00244407453,-0.00244794384,-0.00244794384,-0.00244794384,-0.00244788324,-0.00244407453,-0.00226922808,-0.00226964537,-0.00226994337,-0.00231431442,-0.00226928768,-0.00242870979,-0.00244157502,-0.00244115782,-0.00244157502,-0.00244062042,-0.00243019062,-0.00243203832,0.00030671101,0.000638268555
4.05826389,-0.00198654912,-0.00198654912,-0.00198654912,-0.00198654912,-0.00188309071,-0.00188309071,-0.00188415377,-0.00188364928,-0.00188318064,-0.00188318064,-0.00188390105,-0.00188399448,-0.00184854253,-0.00182338418,-0.00182338418,-0.00182338418,-0.00182268512,-0.00184854253,-0.00194089043,-0.00194080578,-0.00194074,-0.00195687844,-0.0019408775,-0.00201240202,-0.00191521765,-0.00191588548,-0.00191521765,-0.00192246351,-0.00190057033,-0.0019009265,-0.00244429894,-0.00244429894,-0.00244429894,-0.00244429894,-0.00253098211,-0.00253098211,-0.00251929961,-0.00252299511,-0.00253861052,-0.00253861052,-0.00252096861,-0.0025202543,-0.00244699812,-0.00245188187,-0.00245188187,-0.00245188187,-0.00245182217,-0.00244699812,-0.00228036357,-0.00228078087,-0.00228107897,-0.00230518362,-0.00228042327,-0.00241493856,-0.0024438411,-0.0024434835,-0.0024438411,-0.0024430663,-0.00243221919,-0.00243406699,0.000339473148,0.000655429887
4.07493056,-0.00197213337,-0.00197213337,-0.00197213337,-0.00197213337,-0.00187095183,-0.00187095183,-0.00187375043,-0.00187267971,-0.0018698994,-0.0018698994,-0.00187323664,-0.00187343134,-0.00184308661,-0.00181840382,-0.00181840382,-0.00181840382,-0.0018176236,-0.00184308661,-0.00191857421,-0.00191848403,-0.00191841409,-0.0019273726,-0.00191856038,-0.0019877095,-0.00189494027,-0.00189559679,-0.00189494027,-0.00190140444,-0.00188432997,-0.00188475669,-0.0024369658,-0.0024369658,-0.0024369658,-0.0024369658,-0.0025318265,-0.0025318265,-0.00252026221,-0.002523899,-0.00253975301,-0.00253975301,-0.0025218725,-0.00252127551,-0.00244914695,-0.00245462857,-0.00245462857,-0.00245462857,-0.00245462956,-0.00244914695,-0.00229412221,-0.00229447981,-0.00229477781,-0.00229873555,-0.00229418181,-0.00240176324,-0.00244569085,-0.00244533325,-0.00244569085,-0.00244509376,-0.00243394875,-0.00243567824,0.000371362948,0.0006698536
4.09159722,-0.00195226664,-0.00195226664,-0.00195226664,-0.00195226664,-0.00185895077,-0.00185895077,-0.0018633772,-0.00186177884,-0.00185681036,-0.00185681036,-0.00186262056,-0.00186290959,-0.00183893281,-0.00181605179,-0.00181605179,-0.00181605179,-0.00181523831,-0.00183893281,-0.00189572571,-0.00189563245,-0.00189556025,-0.00189749276,-0.00189571134,-0.00196137621,-0.00187482412,-0.00187543067,-0.00187482412,-0.00188026112,-0.00186818986,-0.00186865954,-0.00243004975,-0.00243004975,-0.00243004975,-0.00243004975,-0.00253034638,-0.00253034638,-0.00251919729,-0.00252259678,-0.00253839198,-0.00253839198,-0.00252068938,-0.00252009238,-0.00245052081,-0.00245624281,-0.00245624281,-0.00245624281,-0.00245630241,-0.00245052081,-0.00231008693,-0.00231044463,-0.00231074263,-0.00229514748,-0.00231014653,-0.0023894809,-0.00244706371,-0.00244682431,-0.00244706371,-0.00244670501,-0.00243520341,-0.00243699051,0.000397654721,0.000681581627
4.10826389,-0.00192746681,-0.00192746681,-0.00192746681,-0.00192746681,-0.00184701896,-0.00184701896,-0.00185293178,-0.00185085525,-0.00184386752,-0.00184386752,-0.00185195553,-0.00185233,-0.00183538844,-0.00181545814,-0.00181545814,-0.00181545814,-0.00181465868,-0.00183538844,-0.00187250437,-0.0018724105,-0.00187233794,-0.00186754644,-0.00187248984,-0.00193367492,-0.00185503055,-0.00185555691,-0.00185503055,-0.00185927204,-0.00185206592,-0.00185254986,-0.00242402444,-0.00242402444,-0.00242402444,-0.00242402444,-0.00252660009,-0.00252660009,-0.00251604712,-0.0025192081,-0.00253458808,-0.00253458808,-0.00251747762,-0.00251688251,-0.00245100161,-0.0024566054,-0.0024566054,-0.0024566054,-0.0024567246,-0.00245100161,-0.00232784286,-0.00232820046,-0.00232843886,-0.00229430101,-0.00232790246,-0.00237832949,-0.00244801943,-0.00244778103,-0.00244801943,-0.00244784063,-0.00243615803,-0.00243788565,0.00042675457,0.000690720554
4.12493056,-0.00189852103,-0.00189852103,-0.00189852103,-0.00189852103,-0.00183508615,-0.00183508615,-0.00184231417,-0.00183981849,-0.00183102105,-0.00183102105,-0.00184114591,-0.00184159522,-0.0018317616,-0.00181569958,-0.00181569958,-0.00181569958,-0.00181495823,-0.0018317616,-0.00184907003,-0.00184897796,-0.00184890691,-0.00183782812,-0.00184905569,-0.00190489162,-0.00183569412,-0.00183611896,-0.00183569412,-0.00183864963,-0.00183587139,-0.00183634201,-0.00241907238,-0.00241907238,-0.00241907238,-0.00241907238,-0.00252076682,-0.00252076682,-0.00251098874,-0.00251385182,-0.00252857601,-0.00252857601,-0.00251224143,-0.00251176354,-0.00245070659,-0.00245583557,-0.00245583557,-0.00245583557,-0.00245595477,-0.00245070659,-0.00234697055,-0.00234726865,-0.00234750705,-0.00229613778,-0.00234703025,-0.00236854854,-0.00244843861,-0.00244825981,-0.00244843861,-0.00244849721,-0.00243669651,-0.00243842401,0.000458309659,0.000697554961
4.14159722,-0.00186641139,-0.00186641139,-0.00186641139,-0.00186641139,-0.00182307788,-0.00182307788,-0.00183142463,-0.00182857681,-0.00181821423,-0.00181821423,-0.00183009563,-0.00183060775,-0.00182738192,-0.00181583652,-0.00181583652,-0.00181583652,-0.00181519189,-0.00182738192,-0.00182557625,-0.0018254883,-0.00182542055,-0.00180861015,-0.00182556247,-0.00187531605,-0.00181690241,-0.00181721328,-0.00181690241,-0.0018185561,-0.0018195134,-0.00181994609,-0.00241537198,-0.00241537198,-0.00241537198,-0.00241537198,-0.00251290813,-0.00251290813,-0.00250414124,-0.00250664664,-0.00252041933,-0.00252041933,-0.00250521614,-0.00250479794,-0.00244951849,-0.00245387358,-0.00245387358,-0.00245387358,-0.00245405138,-0.00244951849,-0.00236699446,-0.00236723386,-0.00236747116,-0.00230059804,-0.00236705406,-0.00236019704,-0.0024483224,-0.0024482022,-0.0024483224,-0.0024485002,-0.002436936,-0.0024386644,0.000484880986,0.000702205101
4.15826389,-0.00183224413,-0.00183224413,-0.00183224413,-0.00183224413,-0.00181091593,-0.00181091593,-0.00182016463,-0.00181703802,-0.00180538366,-0.00180538366,-0.00181870904,-0.00181927082,-0.00182163544,-0.00181496543,-0.00181496543,-0.00181496543,-0.00181444882,-0.00182163544,-0.00180216668,-0.00180208499,-0.00180202219,-0.00178013722,-0.00180215377,-0.00184523518,-0.00179869718,-0.00179888983,-0.00179869718,-0.00179910078,-0.00180290173,-0.00180327607,-0.00241298271,-0.00241298271,-0.00241298271,-0.00241298271,-0.00250337703,-0.00250337703,-0.00249562447,-0.00249777215,-0.0025103537,-0.0025103537,-0.00249657906,-0.00249622057,-0.00244749589,-0.00245095684,-0.00245095684,-0.00245095684,-0.00245107604,-0.00244749589,-0.00238743866,-0.00238761845,-0.00238779626,-0.00230744296,-0.00238743965,-0.00235339591,-0.00244760906,-0.00244748995,-0.00244760906,-0.00244790617,-0.00243681769,-0.00243854619,0.000508160731,0.000704970038
4.17493056,-0.00179717887,-0.00179717887,-0.00179717887,-0.00179717887,-0.00179852059,-0.00179852059,-0.00180843942,-0.00180511189,-0.00179246121,-0.00179246121,-0.00180689342,-0.00180749089,-0.00181400031,-0.00181227221,-0.00181227221,-0.00181227221,-0.00181190625,-0.00181400031,-0.00177897308,-0.00177889961,-0.00177884325,-0.00175262311,-0.00177896135,-0.00181492851,-0.00178108132,-0.00178115876,-0.00178108132,-0.00178034439,-0.00178596286,-0.00178626341,-0.00241184528,-0.00241184528,-0.00241184528,-0.00241184528,-0.00249217847,-0.00249217847,-0.0024856767,-0.00248740709,-0.00249861766,-0.00249861766,-0.0024864525,-0.00248615341,-0.00244469741,-0.00244702589,-0.00244702589,-0.00244702589,-0.00244714618,-0.00244469741,-0.00240776536,-0.00240794317,-0.00240806247,-0.00231649377,-0.00240782397,-0.00234820347,-0.00244629976,-0.00244618155,-0.00244629976,-0.00244665746,-0.00243640149,-0.00243818959,0.000533274962,0.000706156454
4.19159722,-0.00176235818,-0.00176235818,-0.00176235818,-0.00176235818,-0.00178581275,-0.00178581275,-0.00179616034,-0.00179271249,-0.00177937601,-0.00177937601,-0.00179456131,-0.00179518004,-0.00180407463,-0.0018070765,-0.0018070765,-0.0018070765,-0.00180687433,-0.00180407463,-0.00175611379,-0.00175605023,-0.00175600163,-0.00172624817,-0.0017561035,-0.00178466377,-0.00176402579,-0.00176399701,-0.00176402579,-0.00176230409,-0.00176865096,-0.0017688676,-0.0024117817,-0.0024117817,-0.0024117817,-0.0024117817,-0.00247966769,-0.00247966769,-0.00247447611,-0.00247578841,-0.00248539179,-0.00248539179,-0.00247501361,-0.00247483381,-0.00244112417,-0.00244226166,-0.00244226166,-0.00244226166,-0.00244238096,-0.00244112417,-0.00242761536,-0.00242767595,-0.00242779416,-0.00232733469,-0.00242761536,-0.00234467998,-0.00244427728,-0.00244421768,-0.00244427728,-0.00244469348,-0.00243562859,-0.00243741669,0.000560016201,0.00070601578
4.20826389,-0.00172884834,-0.00172884834,-0.00172884834,-0.00172884834,-0.00177271798,-0.00177271798,-0.00178324899,-0.00177976226,-0.00176605839,-0.00176605839,-0.00178163466,-0.00178226006,-0.00179160148,-0.00179887142,-0.00179887142,-0.00179887142,-0.00179883649,-0.00179160148,-0.00173369456,-0.00173364233,-0.00173360255,-0.00170115969,-0.00173368593,-0.00175469501,-0.00174748327,-0.00174736187,-0.00174748327,-0.00174496619,-0.00175096364,-0.00175109172,-0.00241255365,-0.00241255365,-0.00241255365,-0.00241255365,-0.00246602174,-0.00246602174,-0.00246220111,-0.00246303748,-0.00247097181,-0.00247097181,-0.0024625597,-0.00246243941,-0.00243683549,-0.00243678073,-0.00243678073,-0.00243678073,-0.00243690003,-0.00243683549,-0.00244639646,-0.00244645705,-0.00244651576,-0.00233972691,-0.00244645606,-0.00234276653,-0.00244165657,-0.00244159687,-0.00244165657,-0.00244207386,-0.00243455664,-0.00243634583,0.000588071518,0.000712913207
4.22493056,-0.00169757256,-0.00169757256,-0.00169757256,-0.00169757256,-0.00175916709,-0.00175916709,-0.00176963776,-0.00176619259,-0.00175244038,-0.00175244038,-0.00176804533,-0.00176866299,-0.00177647266,-0.00178733942,-0.00178733942,-0.00178733942,-0.00178746579,-0.00177647266,-0.00171180572,-0.00171176592,-0.00171173582,-0.00167746909,-0.00171179893,-0.00172525708,-0.00173138351,-0.00173118634,-0.00173138351,-0.00172828135,-0.00173293353,-0.0017329739,-0.00241380334,-0.00241380334,-0.00241380334,-0.00241380334,-0.00245154099,-0.00245154099,-0.00244903262,-0.00244945091,-0.00245559717,-0.00245559717,-0.00244921152,-0.00244915182,-0.00243189135,-0.00243076283,-0.00243076283,-0.00243076283,-0.00243088203,-0.00243189135,-0.00246380767,-0.00246386627,-0.00246386727,-0.00235331159,-0.00246380767,-0.002342403,-0.0024383813,-0.0024383217,-0.0024383813,-0.0024387389,-0.00243306855,-0.00243491625,0.000617145923,0.000752131451
4.24159722,-0.00166924406,-0.00166924406,-0.00166924406,-0.00166924406,-0.00174509262,-0.00174509262,-0.00175526615,-0.00175194023,-0.00173845235,-0.00173845235,-0.00175373148,-0.0017543275,-0.00175871179,-0.00177234486,-0.00177234486,-0.00177234486,-0.00177261802,-0.00175871179,-0.00169051594,-0.00169048936,-0.00169046951,-0.0016552461,-0.00169051112,-0.00169655686,-0.00171561803,-0.00171536367,-0.00171561803,-0.00171214913,-0.00171459778,-0.00171455653,-0.00241523381,-0.00241523381,-0.00241523381,-0.00241523381,-0.00243634418,-0.00243634418,-0.00243526629,-0.00243520868,-0.00243950717,-0.00243950717,-0.00243520768,-0.00243526629,-0.00242635025,-0.00242426795,-0.00242426795,-0.00242426795,-0.00242438725,-0.00242635025,-0.00247943172,-0.00247943072,-0.00247937212,-0.00236767312,-0.00247943172,-0.00234352841,-0.00243444947,-0.00243438997,-0.00243444947,-0.00243468896,-0.00243122188,-0.00243312918,0.000646971552,0.000788941355
4.25826389,-0.00164433753,-0.00164433753,-0.00164433753,-0.00164433753,-0.00173043053,-0.00173043053,-0.00174008214,-0.00173694873,-0.00172402472,-0.00172402472,-0.001738639,-0.00173920028,-0.00173846788,-0.00175393361,-0.00175393361,-0.00175393361,-0.00175433171,-0.00173846788,-0.00166987232,-0.0016698594,-0.00166985012,-0.0016345197,-0.00166986953,-0.00166877133,-0.00170005309,-0.00169976043,-0.00170005309,-0.00169643135,-0.00169599556,-0.00169588313,-0.00241648754,-0.00241648754,-0.00241648754,-0.00241648754,-0.00242078767,-0.00242078767,-0.00242102222,-0.0024206059,-0.00242299802,-0.00242299802,-0.00242084233,-0.00242090292,-0.00242033191,-0.00241747387,-0.00241747387,-0.00241747387,-0.00241753347,-0.00242033191,-0.00249291288,-0.00249285229,-0.00249279259,-0.00238239599,-0.00249291189,-0.00234590774,-0.00242986277,-0.00242974446,-0.00242986277,-0.00242998296,-0.00242890018,-0.00243086609,0.00066320176,0.000823042359
4.27493056,-0.00162308235,-0.00162308235,-0.00162308235,-0.00162308235,-0.00171512421,-0.00171512421,-0.00172404588,-0.00172117228,-0.00170909228,-0.00170909228,-0.00172272522,-0.00172323972,-0.00171600895,-0.00173232908,-0.00173232908,-0.00173232908,-0.0017328246,-0.00171600895,-0.00164990316,-0.00164990398,-0.00164990534,-0.00161528227,-0.00164990243,-0.00164204852,-0.00168454888,-0.00168423577,-0.00168454888,-0.00168097273,-0.00167717708,-0.00167700705,-0.00241714621,-0.00241714621,-0.00241714621,-0.00241714621,-0.00240505336,-0.00240505336,-0.00240659809,-0.00240576459,-0.00240630903,-0.00240630903,-0.00240618189,-0.0024063596,-0.00241383711,-0.0024105012,-0.0024105012,-0.0024105012,-0.0024105012,-0.00241383711,-0.00250400799,-0.00250383028,-0.00250377058,-0.00239711901,-0.00250394938,-0.00234941941,-0.00242462055,-0.00242450135,-0.00242462055,-0.00242462055,-0.00242615942,-0.00242812632,0.000677676599,0.000854104831
4.29159722,-0.00160545826,-0.00160545826,-0.00160545826,-0.00160545826,-0.0016991251,-0.0016991251,-0.00170712973,-0.00170457595,-0.00169359501,-0.00169359501,-0.00170595908,-0.00170641608,-0.00169169442,-0.00170790342,-0.00170790342,-0.00170790342,-0.00170846493,-0.00169169442,-0.0016306178,-0.00163063214,-0.00163064394,-0.00159749099,-0.00163061911,-0.00161650566,-0.00166896014,-0.00166864234,-0.00166896014,-0.00166560346,-0.00165819607,-0.0016579838,-0.0024169117,-0.0024169117,-0.0024169117,-0.0024169117,-0.00238931807,-0.00238931807,-0.00239211448,-0.00239092338,-0.00238967967,-0.00238967967,-0.00239151948,-0.00239175688,-0.00240704335,-0.00240340844,-0.00240340844,-0.00240340844,-0.00240340844,-0.00240704335,-0.00251236446,-0.00251218566,-0.00251206646,-0.00241148541,-0.00251230586,-0.00235388664,-0.00241878245,-0.00241866325,-0.00241878245,-0.00241860365,-0.00242282457,-0.00242479157,0.000684984758,0.000881746656
4.30826389,-0.00159120839,-0.00159120839,-0.00159120839,-0.00159120839,-0.00168239345,-0.00168239345,-0.00168931854,-0.00168713611,-0.00167747918,-0.00167747918,-0.00168832147,-0.00168871178,-0.00166594772,-0.00168114598,-0.00168114598,-0.00168114598,-0.00168174012,-0.00166594772,-0.00161200717,-0.00161203447,-0.00161205626,-0.00158107022,-0.00161201045,-0.00159222819,-0.00165314176,-0.00165283212,-0.00165314176,-0.00165014693,-0.00163910326,-0.00163886447,-0.00241554571,-0.00241554571,-0.00241554571,-0.00241554571,-0.00237387788,-0.00237387788,-0.00237774833,-0.00237625912,-0.00237334534,-0.00237334534,-0.00237703392,-0.00237733103,-0.00239995107,-0.00239625566,-0.00239625566,-0.00239625566,-0.00239619597,-0.00239995107,-0.0025178612,-0.0025176824,-0.0025175036,-0.00242502022,-0.00251786021,-0.00235901085,-0.00241240649,-0.00241222769,-0.00241240649,-0.00241204888,-0.00241901181,-0.00242097871,0.000688429784,0.00090585403
4.32493056,-0.00157987095,-0.00157987095,-0.00157987095,-0.00157987095,-0.00166490054,-0.00166490054,-0.00167061121,-0.00166884222,-0.00166069992,-0.00166069992,-0.00166980689,-0.001670123,-0.001639234,-0.00165263405,-0.00165263405,-0.00165263405,-0.00165322747,-0.001639234,-0.00159404595,-0.00159408535,-0.00159411647,-0.00156591576,-0.00159405107,-0.00156927091,-0.0016369605,-0.00163666842,-0.0016369605,-0.0016344337,-0.00161994725,-0.00161969675,-0.00241269071,-0.00241269071,-0.00241269071,-0.00241269071,-0.00235891539,-0.00235891539,-0.00236373941,-0.00236195231,-0.00235748886,-0.00235748886,-0.00236290591,-0.00236326261,-0.00239262079,-0.0023891032,-0.0023891032,-0.0023891032,-0.0023890436,-0.00239262079,-0.00252043604,-0.00252019764,-0.00252001884,-0.00243742363,-0.00252037743,-0.00236467116,-0.0024054944,-0.0024053156,-0.0024054944,-0.002404958,-0.00241454447,-0.00241651137,0.000693099018,0.000926390092
4.34159722,-0.00157082217,-0.00157082217,-0.00157082217,-0.00157082217,-0.00164663082,-0.00164663082,-0.00165102213,-0.00164969856,-0.00164322382,-0.00164322382,-0.00165042502,-0.00165066125,-0.00161203795,-0.00162300145,-0.00162300145,-0.00162300145,-0.00162356267,-0.00161203795,-0.0015766952,-0.00157674558,-0.00157678514,-0.00155189979,-0.001576702,-0.00154765965,-0.00162030538,-0.00162003659,-0.00162030538,-0.00161831446,-0.00160077647,-0.00160052709,-0.00240834566,-0.00240834566,-0.00240834566,-0.00240834566,-0.00234454789,-0.00234454789,-0.00235020739,-0.00234818189,-0.00234234558,-0.00234234558,-0.00234931339,-0.0023496709,-0.00238517044,-0.00238195074,-0.00238195074,-0.00238195074,-0.00238189114,-0.00238517044,-0.00251991259,-0.00251967409,-0.00251949529,-0.00244833708,-0.00251991259,-0.00237057105,-0.00239804594,-0.00239786724,-0.00239804594,-0.00239733174,-0.00240942156,-0.00241138746,0.000697917068,0.000943217385
4.35826389,-0.00156332834,-0.00156332834,-0.00156332834,-0.00156332834,-0.00162758413,-0.00162758413,-0.00163058273,-0.00162972593,-0.00162503149,-0.00162503149,-0.00163020235,-0.0016303549,-0.00158484191,-0.00159290592,-0.00159290592,-0.00159290592,-0.00159340694,-0.00158484191,-0.00155990555,-0.00155996555,-0.00156001249,-0.00153887634,-0.00155991384,-0.00152739384,-0.00160309698,-0.00160285363,-0.00160309698,-0.00160167178,-0.00158164257,-0.00158140443,-0.00240227369,-0.00240227369,-0.00240227369,-0.00240227369,-0.00233089497,-0.00233089497,-0.0023372707,-0.00233506539,-0.00232797734,-0.00232797734,-0.00233631611,-0.0023366747,-0.00237760134,-0.00237485756,-0.00237485756,-0.00237485756,-0.00237479796,-0.00237760134,-0.00251634908,-0.00251611068,-0.00251587227,-0.00245740539,-0.00251634908,-0.00237641347,-0.00239023853,-0.00238994142,-0.00239023853,-0.00238928681,-0.00240370122,-0.00240560862,0.000702945852,0.000956443524
4.37493056,-0.00155660558,-0.00155660558,-0.00155660558,-0.00155660558,-0.00160777844,-0.00160777844,-0.00160934343,-0.00160896393,-0.00160612079,-0.00160612079,-0.00160918428,-0.00160925133,-0.00155810812,-0.00156299969,-0.00156299969,-0.00156299969,-0.00156341736,-0.00155810812,-0.00154362154,-0.00154368961,-0.00154374271,-0.0015266881,-0.00154363108,-0.00150845054,-0.00158529767,-0.00158507873,-0.00158529767,-0.00158443272,-0.00156260814,-0.00156238852,-0.00239465137,-0.00239465137,-0.00239465137,-0.00239465137,-0.00231819545,-0.00231819545,-0.00232504807,-0.00232278307,-0.00231462124,-0.00231462124,-0.00232403467,-0.00232445197,-0.00236991249,-0.00236782331,-0.00236782331,-0.00236782331,-0.0023677051,-0.00236991249,-0.00250980459,-0.00250950758,-0.00250932779,-0.00246438877,-0.00250974598,-0.00238201715,-0.00238195557,-0.00238165757,-0.00238195557,-0.00238088376,-0.00239726701,-0.00239911481,0.000708500452,0.000966183046
4.39159722,-0.00154986301,-0.00154986301,-0.00154986301,-0.00154986301,-0.00158724828,-0.00158724828,-0.00158737144,-0.00158746891,-0.00158650573,-0.00158650573,-0.001587433,-0.00158741463,-0.00153225032,-0.00153388951,-0.00153388951,-0.00153388951,-0.00153420651,-0.00153225032,-0.00152778146,-0.00152785589,-0.00152791384,-0.00151516866,-0.001527792,-0.00149078405,-0.00156690049,-0.00156670237,-0.00156690049,-0.0015665596,-0.0015437319,-0.00154353546,-0.00238547842,-0.00238547842,-0.00238547842,-0.00238547842,-0.00230639001,-0.00230639001,-0.00231365991,-0.00231127661,-0.0023022793,-0.0023022793,-0.00231258691,-0.00231300511,-0.00236216494,-0.00236073154,-0.00236073154,-0.00236073154,-0.00236061234,-0.00236216494,-0.00250033952,-0.00250004152,-0.00249980411,-0.00246910643,-0.00250027992,-0.00238702684,-0.00237325543,-0.00237295743,-0.00237325543,-0.00237212293,-0.00239011764,-0.00239196534,0.00071577357,0.000972558061
4.40826389,-0.00154233951,-0.00154233951,-0.00154233951,-0.00154233951,-0.00156604057,-0.00156604057,-0.00156474575,-0.00156530928,-0.00156621273,-0.00156621273,-0.0015650226,-0.00156492083,-0.00150760314,-0.00150609524,-0.00150609524,-0.00150609524,-0.00150630073,-0.00150760314,-0.00151231522,-0.00151239421,-0.0015124556,-0.00150414269,-0.00151232651,-0.00147432407,-0.00154791362,-0.00154773091,-0.00154791362,-0.00154803545,-0.00152504532,-0.00152487451,-0.00237487437,-0.00237487437,-0.00237487437,-0.00237487437,-0.00229565582,-0.00229565582,-0.00230310642,-0.00230072222,-0.0022911278,-0.0022911278,-0.00230203352,-0.00230245072,-0.00235435653,-0.00235357866,-0.00235357866,-0.00235357866,-0.00235351906,-0.00235435653,-0.00248807238,-0.00248777438,-0.00248759458,-0.00247126326,-0.00248801287,-0.00239132248,-0.00236431537,-0.00236395777,-0.00236431537,-0.00236306367,-0.00238231202,-0.00238410022,0.000724915065,0.000975757154
4.42493056,-0.00153335459,-0.00153335459,-0.00153335459,-0.00153335459,-0.0015442143,-0.0015442143,-0.00154155621,-0.00154256479,-0.00154528076,-0.00154528076,-0.00154203827,-0.0015418569,-0.00148441066,-0.00148002879,-0.00148002879,-0.00148002879,-0.00148011864,-0.00148441066,-0.00149714714,-0.00149722882,-0.0014972922,-0.00149343112,-0.00149715888,-0.00145897913,-0.00152836533,-0.00152819141,-0.00152836533,-0.00152886943,-0.00150655551,-0.00150641084,-0.00236307676,-0.00236307676,-0.00236307676,-0.00236307676,-0.00228599604,-0.00228599604,-0.00229344674,-0.00229106244,-0.00228110953,-0.00228110953,-0.00229237374,-0.00229279104,-0.00234642918,-0.0023463666,-0.0023463666,-0.0023463666,-0.00234624839,-0.00234642918,-0.00247324106,-0.00247300256,-0.00247276426,-0.00247085696,-0.00247318255,-0.00239460468,-0.00235501824,-0.00235466074,-0.00235501824,-0.00235370793,-0.00237390996,-0.00237563945,0.000735828775,0.000977425843
4.44159722,-0.00152235302,-0.00152235302,-0.00152235302,-0.00152235302,-0.00152184104,-0.00152184104,-0.00151790332,-0.00151932652,-0.00152376226,-0.00152376226,-0.00151857619,-0.00151832069,-0.00146282382,-0.0014559834,-0.0014559834,-0.0014559834,-0.00145596005,-0.00146282382,-0.00148219942,-0.00148228189,-0.0014823458,-0.00148285684,-0.00148221134,-0.00144464109,-0.00150830908,-0.00150813689,-0.00150830908,-0.00150910243,-0.00148825508,-0.00148813524,-0.0023503843,-0.0023503843,-0.0023503843,-0.0023503843,-0.00227734863,-0.00227734863,-0.00228468093,-0.00228241593,-0.00227228323,-0.00227228323,-0.00228366773,-0.00228408493,-0.00233844334,-0.00233891824,-0.00233891824,-0.00233891824,-0.00233885864,-0.00233844334,-0.00245608426,-0.00245584586,-0.00245566706,-0.00246765027,-0.00245602565,-0.00239669581,-0.00234548272,-0.00234512502,-0.00234548272,-0.00234417142,-0.00236485323,-0.00236652213,0.000748520973,0.000984793424
4.45826389,-0.00150893187,-0.00150893187,-0.00150893187,-0.00150893187,-0.00149900309,-0.00149900309,-0.00149389581,-0.00149569469,-0.00150172171,-0.00150172171,-0.00149474115,-0.00149441855,-0.00144289471,-0.00143412163,-0.00143412163,-0.00143412163,-0.00143399364,-0.00144289471,-0.0014673935,-0.00146747492,-0.00146753792,-0.00147224809,-0.00146740531,-0.00143118756,-0.00148781705,-0.00148763976,-0.00148781705,-0.00148880076,-0.00147012335,-0.00147002542,-0.00233697566,-0.00233697566,-0.00233697566,-0.00233697566,-0.00226977456,-0.00226977456,-0.00227675024,-0.00227466315,-0.00226458896,-0.00226458896,-0.00227585515,-0.00227621384,-0.00233027821,-0.00233128953,-0.00233128953,-0.00233128953,-0.00233122993,-0.00233027821,-0.00243684006,-0.00243660176,-0.00243642296,-0.00246176008,-0.00243678056,-0.0023973584,-0.00233570814,-0.00233529193,-0.00233570814,-0.00233439684,-0.00235519884,-0.00235686784,0.000762867251,0.000989511982
4.47493056,-0.00149285628,-0.00149285628,-0.00149285628,-0.00149285628,-0.0014757911,-0.0014757911,-0.00146964776,-0.00147177589,-0.00147923361,-0.00147923361,-0.00147064382,-0.00147026247,-0.00142457666,-0.00141447136,-0.00141447136,-0.00141447136,-0.00141425257,-0.00142457666,-0.00145265108,-0.00145272967,-0.00145279039,-0.00146144122,-0.00145266252,-0.0014184843,-0.00146697356,-0.0014667852,-0.00146697356,-0.00146804918,-0.00145212693,-0.00145204656,-0.00232314861,-0.00232314861,-0.00232314861,-0.00232314861,-0.00226315463,-0.00226315463,-0.00226977271,-0.00226780581,-0.00225802763,-0.00225802763,-0.00226887861,-0.00226923621,-0.00232205287,-0.00232336317,-0.00232336317,-0.00232336317,-0.00232336218,-0.00232205287,-0.00241580699,-0.0024156272,-0.00241544939,-0.00245306993,-0.00241574739,-0.00239652996,-0.00232569572,-0.00232533812,-0.00232569572,-0.00232450372,-0.00234506821,-0.00234661901,0.000778794019,0.000991628705
4.49159722,-0.00147406676,-0.00147406676,-0.00147406676,-0.00147406676,-0.00145230233,-0.00145230233,-0.00144527637,-0.00144768104,-0.00145638102,-0.00145638102,-0.00144639854,-0.0014459679,-0.00140773373,-0.00139693344,-0.00139693344,-0.00139693344,-0.00139664196,-0.00140773373,-0.00143789572,-0.00143796979,-0.00143802696,-0.00145028386,-0.00143790653,-0.00140638826,-0.00144587235,-0.00144566833,-0.00144587235,-0.00144694753,-0.00143422463,-0.00143415625,-0.00230920239,-0.00230920239,-0.00230920239,-0.00230920239,-0.00225748926,-0.00225748926,-0.00226351135,-0.00226178185,-0.00225242196,-0.00225242196,-0.00226273645,-0.00226303445,-0.00231353063,-0.00231513893,-0.00231513893,-0.00231513893,-0.00231513893,-0.00231353063,-0.00239328282,-0.00239310412,-0.00239298382,-0.0024417562,-0.00239328182,-0.00239397497,-0.00231556412,-0.00231520552,-0.00231556412,-0.00231443072,-0.00233440121,-0.00233595191,0.000796040936,0.000991472336
4.50826389,-0.00145267392,-0.00145267392,-0.00145267392,-0.00145267392,-0.00142863846,-0.00142863846,-0.00142089946,-0.00142352298,-0.00143325364,-0.00143325364,-0.00142212085,-0.00142165127,-0.00139215419,-0.00138129551,-0.00138129551,-0.00138129551,-0.00138095246,-0.00139215419,-0.00142305404,-0.00142312209,-0.00142317452,-0.00143863746,-0.00142306399,-0.00139475054,-0.00142461244,-0.00142438989,-0.00142461244,-0.00142560568,-0.00141637136,-0.00141630841,-0.00229543126,-0.00229543126,-0.00229543126,-0.00229543126,-0.00225265709,-0.00225265709,-0.00225796495,-0.00225653336,-0.0022478282,-0.0022478282,-0.00225730925,-0.00225760725,-0.0023048876,-0.00230649789,-0.00230649789,-0.00230649789,-0.00230649789,-0.0023048876,-0.00236962287,-0.00236950268,-0.00236938447,-0.00242787771,-0.00236962287,-0.00238969016,-0.00230519351,-0.00230489452,-0.00230519351,-0.00230418031,-0.00232337587,-0.00232486706,0.000814574556,0.000994939626
4.52493056,-0.00142894505,-0.00142894505,-0.00142894505,-0.00142894505,-0.00140490383,-0.00140490383,-0.00139663341,-0.00139941451,-0.00140994631,-0.00140994631,-0.00139792552,-0.00139742801,-0.00137756926,-0.00136725298,-0.00136725298,-0.00136725298,-0.00136688123,-0.00137756926,-0.00140805736,-0.00140811805,-0.00140816472,-0.00142637983,-0.00140806625,-0.00138341974,-0.00140329586,-0.00140305388,-0.00140329586,-0.00140414031,-0.00139852413,-0.0013984594,-0.00228201843,-0.00228201843,-0.00228201843,-0.00228201843,-0.00224848289,-0.00224848289,-0.00225307447,-0.00225188138,-0.0022440106,-0.0022440106,-0.00225253797,-0.00225271787,-0.00229594905,-0.00229755835,-0.00229755835,-0.00229755835,-0.00229755835,-0.00229594905,-0.00234512881,-0.00234500961,-0.00234495001,-0.00241161582,-0.00234512881,-0.00238361751,-0.00229476291,-0.00229440531,-0.00229476291,-0.00229386881,-0.00231193407,-0.00231342417,0.000834064289,0.00100019778
4.54159722,-0.00140328137,-0.00140328137,-0.00140328137,-0.00140328137,-0.00138120361,-0.00138120361,-0.00137259117,-0.00137546639,-0.00138655726,-0.00138655726,-0.00137392456,-0.00137341048,-0.00136367323,-0.00135443326,-0.00135443326,-0.00135443326,-0.00135405601,-0.00136367323,-0.00139284315,-0.00139289535,-0.00139293541,-0.00141340738,-0.00139285081,-0.00137224527,-0.00138202471,-0.00138176448,-0.00138202471,-0.00138267077,-0.00138064733,-0.00138057337,-0.0022690835,-0.0022690835,-0.0022690835,-0.0022690835,-0.00224496327,-0.00224496327,-0.00224860316,-0.00224776677,-0.00224084858,-0.00224084858,-0.00224824457,-0.00224842337,-0.00228671153,-0.00228814293,-0.00228814293,-0.00228814293,-0.00228820263,-0.00228671153,-0.002320156,-0.0023200964,-0.0023200368,-0.00239320635,-0.002320156,-0.00237563863,-0.00228415352,-0.00228385552,-0.00228415352,-0.00228343822,-0.00230025171,-0.00230174191,0.000854291322,0.00100339336
4.55826389,-0.00137619164,-0.00137619164,-0.00137619164,-0.00137619164,-0.0013576427,-0.0013576427,-0.00134888109,-0.00135178627,-0.00136318711,-0.00136318711,-0.00135022602,-0.00134970688,-0.00135014666,-0.00134242447,-0.00134242447,-0.00134242447,-0.00134206399,-0.00135014666,-0.0013773573,-0.00137740011,-0.00137743287,-0.00139963769,-0.00137736357,-0.00136108148,-0.0013609015,-0.00136062622,-0.0013609015,-0.0013613184,-0.00136272083,-0.00136263048,-0.00225686014,-0.00225686014,-0.00225686014,-0.00225686014,-0.00224180316,-0.00224180316,-0.00224460752,-0.00224401053,-0.00223816528,-0.00223816528,-0.00224436912,-0.00224442981,-0.00227723505,-0.00227836953,-0.00227836953,-0.00227836953,-0.00227842804,-0.00227723505,-0.00229500182,-0.00229494321,-0.00229494223,-0.00237277001,-0.00229500182,-0.00236581151,-0.0022734253,-0.0022731868,-0.0022734253,-0.0022728888,-0.00228827174,-0.00228976184,0.000874978168,0.00100473003
4.57493056,-0.00134825107,-0.00134825107,-0.00134825107,-0.00134825107,-0.00133432268,-0.00133432268,-0.00132560389,-0.00132847557,-0.0013399359,-0.0013399359,-0.00132693103,-0.00132641818,-0.00133667302,-0.00133079867,-0.00133079867,-0.00133079867,-0.00133047509,-0.00133667302,-0.00136155368,-0.00136158645,-0.00136161141,-0.00138500923,-0.00136155846,-0.00134978903,-0.00134001901,-0.00133973377,-0.00134001901,-0.00134019523,-0.00134473472,-0.00134462173,-0.00224535369,-0.00224535369,-0.00224535369,-0.00224535369,-0.00223899983,-0.00223899983,-0.00224079289,-0.00224055251,-0.00223589834,-0.00223589834,-0.0022407323,-0.00224073329,-0.00226746103,-0.00226823791,-0.00226823791,-0.00226823791,-0.00226829751,-0.00226746103,-0.0022699683,-0.0022699683,-0.00227002701,-0.00235072277,-0.0022699683,-0.00235425536,-0.00226257839,-0.0022623987,-0.00226257839,-0.0022622197,-0.00227611366,-0.00227760366,0.000895962445,0.00100446633
4.59159722,-0.00132005027,-0.00132005027,-0.00132005027,-0.00132005027,-0.00131133626,-0.00131133626,-0.00130284727,-0.00130562408,-0.00131689746,-0.00131689746,-0.00130412827,-0.0013036327,-0.00132294572,-0.00131912633,-0.00131912633,-0.00131912633,-0.00131885668,-0.00132294572,-0.00134539111,-0.00134541344,-0.0013454303,-0.001369478,-0.00134539435,-0.0013382336,-0.00131944321,-0.00131915465,-0.00131944321,-0.00131938552,-0.00132667105,-0.00132653059,-0.00223462202,-0.00223462202,-0.00223462202,-0.00223462202,-0.00223625798,-0.00223625798,-0.00223715607,-0.00223715507,-0.00223375268,-0.00223375268,-0.00223715607,-0.00223715607,-0.00225738892,-0.00225774962,-0.00225774962,-0.00225774962,-0.00225780921,-0.00225738892,-0.0022454088,-0.0022454098,-0.0022454684,-0.00232718531,-0.0022454088,-0.00234091109,-0.00225167091,-0.00225149211,-0.00225167091,-0.00225149112,-0.0022638353,-0.0022652669,0.000899996363,0.00100267749
4.60826389,-0.00129216086,-0.00129216086,-0.00129216086,-0.00129216086,-0.00128876539,-0.00128876539,-0.00128068413,-0.00128330808,-0.00129415748,-0.00129415748,-0.00128189228,-0.00128142436,-0.0013086855,-0.00130700144,-0.00130700144,-0.00130700144,-0.0013067988,-0.0013086855,-0.00132883409,-0.00132884583,-0.00132885449,-0.00135301789,-0.00132883575,-0.00132628853,-0.00129921566,-0.00129893147,-0.00129921566,-0.00129894685,-0.00130850564,-0.0013083344,-0.00222454653,-0.00222454653,-0.00222454653,-0.00222454653,-0.00223351707,-0.00223351707,-0.00223346043,-0.00223375853,-0.0022316664,-0.0022316664,-0.00223363933,-0.00223357973,-0.00224701951,-0.00224702049,-0.00224702049,-0.00224702049,-0.00224702148,-0.00224701951,-0.00222150339,-0.00222156289,-0.00222162259,-0.00230263024,-0.00222150339,-0.00232595667,-0.00224064467,-0.00224052448,-0.00224064467,-0.00224064368,-0.00225137941,-0.00225286862,0.000892667643,0.000999668147
4.62493056,-0.0012651072,-0.0012651072,-0.0012651072,-0.0012651072,-0.00126668102,-0.00126668102,-0.00125917268,-0.0012615904,-0.00127179309,-0.00127179309,-0.00126028343,-0.00125985271,-0.00129365976,-0.00129406808,-0.00129406808,-0.00129406808,-0.00129394114,-0.00129365976,-0.00131185466,-0.00131185591,-0.00131185647,-0.00133562185,-0.00131185475,-0.00131383843,-0.00127936062,-0.00127908897,-0.00127936062,-0.00127891639,-0.00129021707,-0.00129001316,-0.00221512614,-0.00221512614,-0.00221512614,-0.00221512614,-0.00223059751,-0.00223059751,-0.00222958819,-0.0022302419,-0.00222940243,-0.00222940243,-0.00222988529,-0.00222976709,-0.002236411,-0.00223593609,-0.00223593609,-0.00223593609,-0.00223599569,-0.002236411,-0.00219855207,-0.00219867037,-0.00219873087,-0.00227724209,-0.00219855207,-0.00230951213,-0.00222955839,-0.00222943919,-0.00222955839,-0.00222967669,-0.00223892235,-0.00224041145,0.000886697319,0.000995673699
4.64159722,-0.001239336,-0.001239336,-0.001239336,-0.001239336,-0.00124514177,-0.00124514177,-0.00123835544,-0.00124051921,-0.00124987137,-0.00124987137,-0.00123934691,-0.0012389619,-0.00127769122,-0.00128003573,-0.00128003573,-0.00128003573,-0.00127998852,-0.00127769122,-0.00129443267,-0.00129442377,-0.00129441649,-0.0013173012,-0.00129443123,-0.00130078097,-0.00125988317,-0.00125963214,-0.00125988317,-0.00125930869,-0.0012717881,-0.00127155084,-0.00220624323,-0.00220624323,-0.00220624323,-0.00220624323,-0.00222732137,-0.00222732137,-0.00222547657,-0.00222630997,-0.00222678198,-0.00222678198,-0.00222589287,-0.00222571497,-0.00222550451,-0.00222473071,-0.00222473071,-0.00222473071,-0.00222479031,-0.00222550451,-0.00217673223,-0.00217691003,-0.00217697063,-0.00225137619,-0.00217679083,-0.00229169665,-0.00221835291,-0.00221829341,-0.00221835291,-0.00221864992,-0.0022264056,-0.0022278947,0.000882299554,0.000990915683
4.65826389,-0.00121519268,-0.00121519268,-0.00121519268,-0.00121519268,-0.00122419264,-0.00122419264,-0.00121825837,-0.00122012711,-0.00122844785,-0.00122844785,-0.00121911179,-0.00121877982,-0.00126066399,-0.001264691,-0.001264691,-0.001264691,-0.00126472291,-0.00126066399,-0.0012765557,-0.00127653722,-0.00127652256,-0.00129808442,-0.00127655281,-0.0012870282,-0.0012407701,-0.00124054711,-0.0012407701,-0.00124011615,-0.00125320614,-0.00125293575,-0.0021976589,-0.0021976589,-0.0021976589,-0.0021976589,-0.00222356811,-0.00222356811,-0.00222088878,-0.00222202039,-0.00222368434,-0.00222368434,-0.00222142429,-0.00222118678,-0.00221441867,-0.00221328716,-0.00221328716,-0.00221328716,-0.00221334676,-0.00221441867,-0.00215628007,-0.00215645887,-0.00215657807,-0.00222538758,-0.00215628106,-0.00227274559,-0.00220708727,-0.00220702767,-0.00220708727,-0.00220750447,-0.00221388712,-0.00221531861,0.000879724367,0.0010026304
4.67493056,-0.00119290603,-0.00119290603,-0.00119290603,-0.00119290603,-0.00120386462,-0.00120386462,-0.001198891,-0.00120043097,-0.0012075658,-0.0012075658,-0.00119959102,-0.00119931809,-0.00124252762,-0.00124790611,-0.00124790611,-0.00124790611,-0.00124801218,-0.00124252762,-0.00125821925,-0.00125819196,-0.00125817052,-0.00127801602,-0.00125821502,-0.0012725079,-0.00122199255,-0.00122180388,-0.00122199255,-0.00122131172,-0.0012344649,-0.00123416214,-0.00218925377,-0.00218925377,-0.00218925377,-0.00218925377,-0.00221921897,-0.00221921897,-0.00221576585,-0.00221707625,-0.00221993229,-0.00221993229,-0.00221642055,-0.00221612355,-0.00220315458,-0.00220178467,-0.00220178467,-0.00220178467,-0.00220184328,-0.00220315458,-0.00213726059,-0.00213743949,-0.00213755869,-0.00219957828,-0.00213726158,-0.00225278243,-0.00219570398,-0.00219570299,-0.00219570398,-0.00219618078,-0.00220137035,-0.00220280195,0.000879041334,0.00101687485
4.69159722,-0.00117258014,-0.00117258014,-0.00117258014,-0.00117258014,-0.00118417446,-0.00118417446,-0.00118024664,-0.00118143208,-0.0011872557,-0.0011872557,-0.00118078163,-0.00118057232,-0.0012232964,-0.0012296412,-0.0012296412,-0.0012296412,-0.00122981264,-0.0012232964,-0.00123942674,-0.00123939159,-0.00123936412,-0.00125715512,-0.00123942131,-0.00125716452,-0.00120350844,-0.00120335877,-0.00120350844,-0.0012028515,-0.00121556471,-0.00121523068,-0.00218084964,-0.00218084964,-0.00218084964,-0.00218084964,-0.00221409706,-0.00221409706,-0.00221004595,-0.00221153505,-0.00221546496,-0.00221546496,-0.00221070165,-0.00221040455,-0.00219171071,-0.00219016191,-0.00219016191,-0.00219016191,-0.00219022161,-0.00219171071,-0.00211978987,-0.00211996966,-0.00212014747,-0.0021741842,-0.00211979087,-0.00223204333,-0.00218426011,-0.00218426011,-0.00218426011,-0.00218479651,-0.0021888537,-0.0021902852,0.000880363122,0.00103010297
4.70826389,-0.00115419466,-0.00115419466,-0.00115419466,-0.00115419466,-0.00116512481,-0.00116512481,-0.00116230318,-0.00116311668,-0.00116753512,-0.00116753512,-0.00116266539,-0.00116252278,-0.00120304598,-0.00120994244,-0.00120994244,-0.00120994244,-0.00121016732,-0.00120304598,-0.00122018944,-0.00122014754,-0.00122011491,-0.00123557378,-0.00122018297,-0.00124095983,-0.00118526592,-0.00118515806,-0.00118526592,-0.00118467864,-0.00119651309,-0.00119614903,-0.0021722076,-0.0021722076,-0.0021722076,-0.0021722076,-0.00220813941,-0.00220813941,-0.00220349317,-0.00220516109,-0.00221004572,-0.00221004572,-0.00220426709,-0.00220396899,-0.00218014795,-0.00217853865,-0.00217853865,-0.00217853865,-0.00217853865,-0.00218014795,-0.00210392838,-0.00210410728,-0.00210428608,-0.00214944535,-0.00210392838,-0.00221070599,-0.00217275596,-0.00217275596,-0.00217275596,-0.00217329345,-0.00217633721,-0.00217782642,0.000883738944,0.0010430146
4.72493056,-0.00113761356,-0.00113761356,-0.00113761356,-0.00113761356,-0.00114670503,-0.00114670503,-0.00114502439,-0.00114545711,-0.00114840908,-0.00114840908,-0.00114521005,-0.00114513568,-0.0011819076,-0.00118893641,-0.00118893641,-0.00118893641,-0.00118920048,-0.0011819076,-0.0012005265,-0.00120047909,-0.00120044225,-0.00121335555,-0.00120051917,-0.00122387354,-0.00116720821,-0.00116714284,-0.00116720821,-0.00116672866,-0.00117732559,-0.00117693279,-0.00216320955,-0.00216320955,-0.00216320955,-0.00216320955,-0.00220123029,-0.00220123029,-0.00219616489,-0.00219789349,-0.00220367211,-0.00220367211,-0.00219693979,-0.00219664179,-0.00216846567,-0.00216685637,-0.00216685637,-0.00216685637,-0.00216685637,-0.00216846567,-0.00208973582,-0.00208991462,-0.00209009352,-0.00212571815,-0.00208973582,-0.00218901239,-0.00216107467,-0.00216113328,-0.00216107467,-0.00216167067,-0.00216393865,-0.00216537015,0.000889209319,0.00105526303
4.74159722,-0.00112260118,-0.00112260118,-0.00112260118,-0.00112260118,-0.00112889248,-0.00112889248,-0.00112836184,-0.00112841351,-0.00112987107,-0.00112987107,-0.00112837115,-0.00112836501,-0.00116006049,-0.001166821,-0.001166821,-0.001166821,-0.00116710862,-0.00116006049,-0.00118046521,-0.00118041361,-0.00118037358,-0.00119059402,-0.00118045722,-0.00120590379,-0.00114927871,-0.00114925439,-0.00114927871,-0.00114893541,-0.00115802724,-0.00115760709,-0.00215373452,-0.00215373452,-0.00215373452,-0.00215373452,-0.00219336663,-0.00219336663,-0.00218794363,-0.00218973173,-0.00219622564,-0.00219622564,-0.00218877813,-0.00218842043,-0.00215666421,-0.00215517401,-0.00215517401,-0.00215517401,-0.00215517401,-0.00215666421,-0.00207709391,-0.0020773314,-0.0020775102,-0.00210318312,-0.00207715261,-0.00216719752,-0.0021493339,-0.00214939241,-0.0021493339,-0.00214992891,-0.0021515412,-0.0021530303,0.000896628699,0.00106635457
4.75826389,-0.00110884245,-0.00110884245,-0.00110884245,-0.00110884245,-0.00111165375,-0.00111165375,-0.00111225665,-0.00111193542,-0.00111190384,-0.00111190384,-0.00111209368,-0.00111215428,-0.00113771955,-0.00114385064,-0.00114385064,-0.00114385064,-0.00114414571,-0.00113771955,-0.00116004072,-0.00115998632,-0.00115994418,-0.00116739103,-0.00116003227,-0.00118706694,-0.00113142386,-0.00113143708,-0.00113142386,-0.00113123463,-0.00113865179,-0.00113820587,-0.00214360432,-0.00214360432,-0.00214360432,-0.00214360432,-0.00218437095,-0.00218437095,-0.00217876815,-0.00218061585,-0.00218764727,-0.00218764727,-0.00217960255,-0.00217930455,-0.00214480245,-0.00214343244,-0.00214343244,-0.00214343244,-0.00214343145,-0.00214480245,-0.00206611832,-0.00206629811,-0.00206647691,-0.00208195703,-0.00206611931,-0.00214538137,-0.00213753164,-0.00213753164,-0.00213753164,-0.00213806804,-0.00213920143,-0.00214063302,0.000906077601,0.00107574344
4.77493056,-0.00109597125,-0.00109597125,-0.00109597125,-0.00109597125,-0.00109494704,-0.00109494704,-0.00109664247,-0.00109596453,-0.00109448148,-0.00109448148,-0.00109631504,-0.00109643943,-0.00111512591,-0.00112032322,-0.00112032322,-0.00112032322,-0.00112061008,-0.00111512591,-0.00113929682,-0.00113924103,-0.00113919788,-0.00114385587,-0.00113928813,-0.00116739826,-0.00111360067,-0.00111364609,-0.00111360067,-0.00111357232,-0.00111924529,-0.0011187756,-0.00213275949,-0.00213275949,-0.00213275949,-0.00213275949,-0.00217436151,-0.00217436151,-0.00216863951,-0.0021704287,-0.00217793671,-0.00217793671,-0.00216947401,-0.00216911631,-0.00213282307,-0.00213174917,-0.00213174917,-0.00213174917,-0.00213168967,-0.00213282307,-0.00205657675,-0.00205675565,-0.00205693445,-0.00206228097,-0.00205657675,-0.0021238624,-0.00212555226,-0.00212555226,-0.00212555226,-0.00212602916,-0.00212686465,-0.00212835366,0.000917279924,0.00108345523
4.79159722,-0.00108359526,-0.00108359526,-0.00108359526,-0.00108359526,-0.0010787238,-0.0010787238,-0.00108144767,-0.00108043672,-0.00107757072,-0.00107757072,-0.00108096702,-0.00108115092,-0.00109253314,-0.00109656207,-0.00109656207,-0.00109656207,-0.00109682635,-0.00109253314,-0.00111828531,-0.00111822953,-0.00111818645,-0.00112010323,-0.00111827658,-0.00114695083,-0.00109577708,-0.00109584786,-0.00109577708,-0.00109590598,-0.00109986269,-0.00109937191,-0.0021211409,-0.0021211409,-0.0021211409,-0.0021211409,-0.00216316111,-0.00216316111,-0.00215749761,-0.00215928581,-0.00216703341,-0.00216703341,-0.00215827351,-0.00215797451,-0.0021207842,-0.0021199487,-0.0021199487,-0.0021199487,-0.00211994771,-0.0021207842,-0.00204840514,-0.00204864354,-0.00204876284,-0.00204415556,-0.00204846474,-0.00210270123,-0.0021135124,-0.0021135124,-0.0021135124,-0.00211387,-0.0021145863,-0.0021160754,0.000924052326,0.00108946269
4.80826389,-0.00107131265,-0.00107131265,-0.00107131265,-0.00107131265,-0.00106292792,-0.00106292792,-0.00106659494,-0.0010652815,-0.00106112976,-0.00106112976,-0.00106597547,-0.00106621337,-0.00107018526,-0.00107288929,-0.00107288929,-0.00107288929,-0.00107311861,-0.00107018526,-0.00109706256,-0.00109700816,-0.00109696621,-0.00109624843,-0.001097054,-0.00112579162,-0.00107792258,-0.00107801082,-0.00107792258,-0.00107819568,-0.00108055173,-0.0010800434,-0.0021087465,-0.0021087465,-0.0021087465,-0.0021087465,-0.00215094561,-0.00215094561,-0.00214540142,-0.00214707141,-0.00215493812,-0.00215493812,-0.00214611761,-0.00214581961,-0.00210868393,-0.00210808694,-0.00210808694,-0.00210808694,-0.00210808694,-0.00210868393,-0.00204148669,-0.00204166568,-0.0020418434,-0.00202775566,-0.0020415454,-0.00208213385,-0.00210129293,-0.00210129293,-0.00210129293,-0.00210159202,-0.00210236583,-0.00210385593,0.000931507228,0.00109380836
4.82493056,-0.00105873687,-0.00105873687,-0.00105873687,-0.00105873687,-0.00104749664,-0.00104749664,-0.00105200266,-0.00105042327,-0.00104510891,-0.00104510891,-0.00105126151,-0.00105154683,-0.00104830133,-0.0010496057,-0.0010496057,-0.0010496057,-0.00104979028,-0.00104830133,-0.00107568816,-0.00107563644,-0.00107559663,-0.00107240488,-0.00107567998,-0.00110399947,-0.00106000916,-0.00106010625,-0.00106000916,-0.00106040527,-0.00106134789,-0.00106082636,-0.00209569533,-0.00209569533,-0.00209569533,-0.00209569533,-0.00213759941,-0.00213759941,-0.00213229263,-0.00213390193,-0.00214165261,-0.00214165261,-0.00213300882,-0.00213271082,-0.00209640665,-0.00209616617,-0.00209616617,-0.00209616617,-0.00209616617,-0.00209640665,-0.00203564065,-0.00203581945,-0.00203593875,-0.00201302661,-0.00203570025,-0.00206234146,-0.00208895605,-0.00208895605,-0.00208895605,-0.00208919445,-0.00209014716,-0.00209163726,0.000940621727,0.0010965437
4.84159722,-0.00104552449,-0.00104552449,-0.00104552449,-0.00104552449,-0.00103236321,-0.00103236321,-0.00103758792,-0.00103578419,-0.001029453,-0.001029453,-0.00103674455,-0.00103706981,-0.0010270681,-0.00102697893,-0.00102697893,-0.00102697893,-0.00102711195,-0.0010270681,-0.00105422506,-0.00105417721,-0.00105414045,-0.00104868325,-0.00105421742,-0.00108166459,-0.00104201794,-0.00104211502,-0.00104201794,-0.00104250935,-0.00104227909,-0.00104174916,-0.00208192889,-0.00208192889,-0.00208192889,-0.00208192889,-0.00212323888,-0.00212323888,-0.00211828978,-0.00211972128,-0.00212735068,-0.00212735068,-0.00211894539,-0.00211864838,-0.0020840687,-0.0020841263,-0.0020841263,-0.0020841263,-0.0020840677,-0.0020840687,-0.00203069056,-0.00203086846,-0.00203092896,-0.0019999665,-0.00203074916,-0.00204332505,-0.0020764989,-0.0020764403,-0.0020764989,-0.0020766191,-0.0020779284,-0.0020794185,0.00095128325,0.00109789769
4.85826389,-0.00103139805,-0.00103139805,-0.00103139805,-0.00103139805,-0.00101745965,-0.00101745965,-0.0010232696,-0.00102128717,-0.00101410391,-0.00101410391,-0.0010223453,-0.0010227023,-0.00100663555,-0.00100523454,-0.00100523454,-0.00100523454,-0.00100531239,-0.00100663555,-0.00103273948,-0.00103269659,-0.00103266371,-0.00102519065,-0.00103273256,-0.00105888759,-0.00102394431,-0.00102403267,-0.00102394431,-0.00102449877,-0.00102337063,-0.00102283716,-0.00206756662,-0.00206756662,-0.00206756662,-0.00206756662,-0.00210792396,-0.00210792396,-0.00210339198,-0.00210464467,-0.00211191746,-0.00211191746,-0.00210392937,-0.00210374958,-0.00207161082,-0.00207184922,-0.00207184922,-0.00207184922,-0.00207184823,-0.00207161082,-0.00202645551,-0.00202657481,-0.00202663431,-0.00198857568,-0.00202645551,-0.00202526017,-0.00206386321,-0.00206380361,-0.00206386321,-0.0020638642,-0.00206571002,-0.00206719913,0.000963385035,0.00109781355
4.87493056,-0.00101615971,-0.00101615971,-0.00101615971,-0.00101615971,-0.00100271841,-0.00100271841,-0.00100897022,-0.00100685768,-0.00099900205,-0.00099900205,-0.00100798759,-0.00100836761,-0.000987109582,-0.000984544836,-0.000984544836,-0.000984544836,-0.000984567122,-0.000987109582,-0.00101129978,-0.0010112628,-0.00101123451,-0.00100202879,-0.00101129372,-0.00103577737,-0.00100579566,-0.00100586723,-0.00100579566,-0.00100637867,-0.00100464512,-0.00100411261,-0.00205272738,-0.00205272738,-0.00205272738,-0.00205272738,-0.00209171573,-0.00209171573,-0.00208766055,-0.00208879315,-0.00209559003,-0.00209559003,-0.00208813754,-0.00208795855,-0.00205891724,-0.00205939315,-0.00205939315,-0.00205939315,-0.00205939215,-0.00205891724,-0.0020226985,-0.0020227581,-0.00202281869,-0.00197879374,-0.0020226985,-0.00200826923,-0.00205110904,-0.00205098984,-0.00205110904,-0.00205098984,-0.00205349026,-0.00205498036,0.000972491862,0.00109658798
4.89159722,-0.000999698078,-0.000999698078,-0.000999698078,-0.000999698078,-0.000988073319,-0.000988073319,-0.00099461707,-0.00099242481,-0.000984087203,-0.000984087203,-0.000993599524,-0.000993993525,-0.000968546425,-0.000965020367,-0.000965020367,-0.000965020367,-0.000964989779,-0.000968546425,-0.000989974698,-0.000989944387,-0.000989921302,-0.000979291801,-0.000989969618,-0.00101244826,-0.000987588557,-0.000987636267,-0.000987588557,-0.000988165591,-0.000986120056,-0.000985592274,-0.00203752948,-0.00203752948,-0.00203752948,-0.00203752948,-0.00207473176,-0.00207473176,-0.00207121306,-0.00207210716,-0.00207836766,-0.00207836766,-0.00207162927,-0.00207145146,-0.0020461025,-0.0020466986,-0.0020466986,-0.0020466986,-0.0020466986,-0.0020461025,-0.00201918197,-0.00201924157,-0.00201930117,-0.00197044324,-0.00201918197,-0.00199229148,-0.0020381751,-0.0020380569,-0.0020381751,-0.00203793769,-0.0020412129,-0.0020427031,0.000979843217,0.00109428046
4.90826389,-0.000981992455,-0.000981992455,-0.000981992455,-0.000981992455,-0.000973461405,-0.000973461405,-0.000980144087,-0.000977923142,-0.000969300205,-0.000969300205,-0.000979115272,-0.000979514108,-0.000950953196,-0.000946708244,-0.000946708244,-0.000946708244,-0.000946630236,-0.000950953196,-0.000968832381,-0.000968809351,-0.000968791922,-0.000957065101,-0.000968828376,-0.000989018059,-0.000969348571,-0.000969366708,-0.000969348571,-0.000969887211,-0.000967809591,-0.000967289285,-0.00202209227,-0.00202209227,-0.00202209227,-0.00202209227,-0.00205703046,-0.00205703046,-0.00205416649,-0.00205482417,-0.00206036935,-0.00206036935,-0.00205440687,-0.00205434519,-0.00203304958,-0.00203376488,-0.00203376488,-0.00203376488,-0.00203376389,-0.00203304958,-0.00201578334,-0.00201584285,-0.00201584383,-0.0019634037,-0.00201578334,-0.00197744432,-0.00202506258,-0.00202494338,-0.00202506258,-0.00202476458,-0.00202893293,-0.00203036442,0.00098842626,0.00109106914
4.92493056,-0.000963107684,-0.000963107684,-0.000963107684,-0.000963107684,-0.000958823502,-0.000958823502,-0.000965492461,-0.000963293372,-0.000954583559,-0.000954583559,-0.00096447576,-0.000964870377,-0.000934288033,-0.000929591021,-0.000929591021,-0.000929591021,-0.000929473369,-0.000934288033,-0.000947938626,-0.000947923303,-0.000947911849,-0.000935423536,-0.000947935766,-0.000965605111,-0.000951106657,-0.000951091124,-0.000951106657,-0.000951578454,-0.000949722177,-0.000949210914,-0.00200659536,-0.00200659536,-0.00200659536,-0.00200659536,-0.00203873518,-0.00203873518,-0.0020364672,-0.00203694499,-0.00204171647,-0.00204171647,-0.0020367055,-0.0020365865,-0.00201975903,-0.00202053383,-0.00202053383,-0.00202053383,-0.00202053383,-0.00201975903,-0.0020122677,-0.0020122677,-0.0020122677,-0.00195749895,-0.0020122677,-0.00196373063,-0.00201177203,-0.00201165283,-0.00201177203,-0.00201141433,-0.00201653635,-0.00201802655,0.000998125516,0.00109106046
4.94159722,-0.000943187117,-0.000943187117,-0.000943187117,-0.000943187117,-0.000944105707,-0.000944105707,-0.000950612008,-0.000948483707,-0.000939882885,-0.000939882885,-0.000949630014,-0.000950011656,-0.000918466244,-0.000913592532,-0.000913592532,-0.000913592532,-0.000913444786,-0.000918466244,-0.00092735588,-0.000927348502,-0.000927343199,-0.000914430579,-0.000927354205,-0.000942326259,-0.000932898616,-0.000932847092,-0.000932898616,-0.000933280581,-0.00093186244,-0.000931360531,-0.00199109848,-0.00199109848,-0.00199109848,-0.00199109848,-0.00201996105,-0.00201996105,-0.00201834975,-0.00201864785,-0.00202258565,-0.00202258565,-0.00201846885,-0.00201840935,-0.00200622999,-0.00200700489,-0.00200700489,-0.00200700489,-0.00200700489,-0.00200622999,-0.00200839547,-0.00200833597,-0.00200833597,-0.00195254896,-0.00200839547,-0.0019510311,-0.00199836119,-0.00199818339,-0.00199836119,-0.00199788539,-0.0020040207,-0.0020055108,0.00100870484,0.00109356011
4.95826389,-0.00092244012,-0.00092244012,-0.00092244012,-0.00092244012,-0.000929260342,-0.000929260342,-0.000935461977,-0.000933450742,-0.000925147947,-0.000925147947,-0.000934536014,-0.000934896403,-0.000903367715,-0.000898585801,-0.000898585801,-0.000898585801,-0.000898418665,-0.000903367715,-0.00090714212,-0.000907142739,-0.00090714362,-0.000894137542,-0.000907141642,-0.000919294659,-0.00091476366,-0.000914675663,-0.00091476366,-0.00091503937,-0.000914231992,-0.00091373857,-0.00197571888,-0.00197571888,-0.00197571888,-0.00197571888,-0.00200082909,-0.00200082909,-0.00199993213,-0.00199993312,-0.00200303558,-0.00200303558,-0.00199993213,-0.00199993213,-0.00199246185,-0.00199317705,-0.00199317705,-0.00199317705,-0.00199317804,-0.00199246185,-0.00200398659,-0.00200392798,-0.00200392699,-0.00194837341,-0.00200398659,-0.00193940277,-0.00198471325,-0.00198453435,-0.00198471325,-0.00198417675,-0.00199144361,-0.00199293371,0.00102010811,0.00109684495
4.97493056,-0.000901125228,-0.000901125228,-0.000901125228,-0.000901125228,-0.000914246516,-0.000914246516,-0.000920011385,-0.000918159869,-0.000910333316,-0.000910333316,-0.000919161059,-0.000919492576,-0.000888844856,-0.000884402307,-0.000884402307,-0.000884402307,-0.000884226994,-0.000888844856,-0.000887349588,-0.000887358073,-0.000887365027,-0.000874582809,-0.000887350291,-0.00089661751,-0.00089674162,-0.000896618485,-0.00089674162,-0.000896901878,-0.000896829338,-0.000896342529,-0.00196051898,-0.00196051898,-0.00196051898,-0.00196051898,-0.00198145905,-0.00198145905,-0.00198121767,-0.00198103987,-0.00198318954,-0.00198318954,-0.00198109847,-0.00198115807,-0.00197845601,-0.001979053,-0.001979053,-0.001979053,-0.00197911161,-0.00197845601,-0.00199892325,-0.00199886365,-0.00199880504,-0.0019447356,-0.00199892325,-0.00192867121,-0.00197094481,-0.00197076601,-0.00197094481,-0.00197034871,-0.00197874805,-0.00198023815,0.0010320537,0.00111157367
4.99159722,-0.000879532028,-0.000879532028,-0.000879532028,-0.000879532028,-0.000899030784,-0.000899030784,-0.000904239388,-0.00090258576,-0.000895399169,-0.000895399169,-0.000903482194,-0.000903778028,-0.000874732637,-0.000870844024,-0.000870844024,-0.000870844024,-0.00087067161,-0.000874732637,-0.000868023869,-0.000868039915,-0.000868052701,-0.000855791564,-0.000868025714,-0.000874394172,-0.000878871301,-0.000878716053,-0.000878871301,-0.000878914331,-0.000879650718,-0.000879167905,-0.00194555748,-0.00194555748,-0.00194555748,-0.00194555748,-0.00196202735,-0.00196202735,-0.00196238285,-0.00196202635,-0.00196328204,-0.00196328204,-0.00196220415,-0.00196226385,-0.00196421178,-0.00196468958,-0.00196468958,-0.00196468958,-0.00196474819,-0.00196421178,-0.00199302645,-0.00199290825,-0.00199284865,-0.00194145548,-0.00199302645,-0.00191883262,-0.00195699859,-0.00195676019,-0.00195699859,-0.00195634289,-0.0019658747,-0.0019673649,0.00104443845,0.00112500258
5.00826389,-0.000857960879,-0.000857960879,-0.000857960879,-0.000857960879,-0.000883587229,-0.000883587229,-0.000888135027,-0.000886712221,-0.000880311559,-0.000880311559,-0.000887486008,-0.000887740289,-0.000860857554,-0.000857694907,-0.000857694907,-0.000857694907,-0.000857535732,-0.000860857554,-0.000849202824,-0.000849225963,-0.000849244211,-0.000837775477,-0.000849205743,-0.000852714216,-0.000861187693,-0.000861004847,-0.000861187693,-0.000861118882,-0.000862689661,-0.000862207788,-0.00193089322,-0.00193089322,-0.00193089322,-0.00193089322,-0.00194253589,-0.00194253589,-0.00194348752,-0.0019429521,-0.00194331366,-0.00194331366,-0.00194324912,-0.0019433097,-0.00194978782,-0.0019500869,-0.0019500869,-0.0019500869,-0.0019500869,-0.00194978782,-0.00198617566,-0.00198605647,-0.00198599686,-0.00193817804,-0.00198611705,-0.00190976939,-0.00194287174,-0.00194263433,-0.00194287174,-0.00194221703,-0.00195282178,-0.00195431188,0.00105535249,0.00113697284
5.02493056,-0.00083670467,-0.00083670467,-0.00083670467,-0.00083670467,-0.000867897863,-0.000867897863,-0.000871697242,-0.00087053235,-0.000865043028,-0.000865043028,-0.000871168709,-0.000871376618,-0.00084704865,-0.00084473481,-0.00084473481,-0.00084473481,-0.000844597947,-0.00084704865,-0.000830916102,-0.000830945719,-0.000830968946,-0.000820533094,-0.000830920008,-0.000831656151,-0.000843721656,-0.000843516941,-0.000843721656,-0.000843552878,-0.000845938549,-0.00084545442,-0.0019165277,-0.0019165277,-0.0019165277,-0.0019165277,-0.00192316476,-0.00192316476,-0.00192465287,-0.00192399717,-0.00192352435,-0.00192352435,-0.00192435487,-0.00192447407,-0.00193506679,-0.00193524658,-0.00193524658,-0.00193524658,-0.00193530519,-0.00193506679,-0.00197819476,-0.00197807546,-0.00197801487,-0.0019348413,-0.00197819376,-0.00190136237,-0.00192856889,-0.0019283891,-0.00192856889,-0.0019279122,-0.00193965033,-0.00194108093,0.00105295563,0.00114727866
5.04159722,-0.000816030871,-0.000816030871,-0.000816030871,-0.000816030871,-0.000851952611,-0.000851952611,-0.000854934437,-0.000854048235,-0.000849572833,-0.000849572833,-0.000854535757,-0.000854693611,-0.00083314624,-0.000831751252,-0.000831751252,-0.000831751252,-0.000831644075,-0.00083314624,-0.000813184662,-0.00081322001,-0.000813247634,-0.000804050281,-0.000813189445,-0.000811286215,-0.000826498261,-0.00082627829,-0.000826498261,-0.000826246864,-0.000829389135,-0.000828899711,-0.00190240069,-0.00190240069,-0.00190240069,-0.00190240069,-0.00190403105,-0.00190403105,-0.00190605455,-0.00190522115,-0.00190391384,-0.00190391384,-0.00190563835,-0.00190581715,-0.00192022648,-0.00192022648,-0.00192022648,-0.00192022648,-0.00192028608,-0.00192022648,-0.00196913892,-0.00196901972,-0.00196890052,-0.00193114687,-0.00196908032,-0.00189343304,-0.00191414488,-0.00191390638,-0.00191414488,-0.00191348918,-0.00192624059,-0.00192767109,0.0010511026,0.00115595426
5.05826389,-0.000796168413,-0.000796168413,-0.000796168413,-0.000796168413,-0.000835749771,-0.000835749771,-0.000837864491,-0.000837271125,-0.000833887661,-0.000833887661,-0.000837601947,-0.000837707253,-0.000819012377,-0.000818552946,-0.000818552946,-0.000818552946,-0.000818480816,-0.000819012377,-0.000796021056,-0.00079606128,-0.000796092635,-0.000788301505,-0.000796026592,-0.000791658056,-0.000809538504,-0.000809310422,-0.000809538504,-0.000809226058,-0.000813035711,-0.000812538362,-0.00188857095,-0.00188857095,-0.00188857095,-0.00188857095,-0.00188519422,-0.00188519422,-0.00188763604,-0.00188674194,-0.0018846588,-0.0018846588,-0.00188721884,-0.00188739764,-0.00190526519,-0.00190508728,-0.00190508728,-0.00190508728,-0.00190514599,-0.00190526519,-0.0019588319,-0.00195865408,-0.0019585935,-0.00192691779,-0.00195877329,-0.00188586205,-0.00189960072,-0.00189936232,-0.00189960072,-0.00189894512,-0.00191265016,-0.00191408076,0.00104944444,0.00116281084
5.07493056,-0.000777292843,-0.000777292843,-0.000777292843,-0.000777292843,-0.000819295241,-0.000819295241,-0.000820513536,-0.000820220358,-0.000817981142,-0.000817981142,-0.000820390257,-0.000820441741,-0.000804535466,-0.000804977276,-0.000804977276,-0.000804977276,-0.000804943347,-0.000804535466,-0.000779428733,-0.000779472889,-0.000779507242,-0.000773250125,-0.000779434881,-0.000772811482,-0.000792855369,-0.000792626491,-0.000792855369,-0.000792506263,-0.000796872327,-0.000796365051,-0.00187492072,-0.00187492072,-0.00187492072,-0.00187492072,-0.00186677479,-0.00186677479,-0.0018695742,-0.00186856189,-0.00186582208,-0.00186582208,-0.00186909829,-0.00186927719,-0.00189018548,-0.00188982887,-0.00188982887,-0.00188982887,-0.00188988847,-0.00189018548,-0.00194727377,-0.00194709596,-0.00194703537,-0.00192191505,-0.00194721516,-0.00187853079,-0.00188487969,-0.00188464129,-0.00188487969,-0.00188422399,-0.00189888281,-0.00190025471,0.00104747954,0.00116784504
5.09159722,-0.000759513973,-0.000759513973,-0.000759513973,-0.000759513973,-0.000802601032,-0.000802601032,-0.000802913998,-0.000802921558,-0.000801852639,-0.000801852639,-0.000802929962,-0.000802927568,-0.000789632065,-0.000790894756,-0.000790894756,-0.000790894756,-0.000790899923,-0.000789632065,-0.000763400926,-0.000763448007,-0.000763484577,-0.000758848287,-0.000763407538,-0.000754770931,-0.000776449753,-0.000776227185,-0.000776449753,-0.000776089589,-0.000780887071,-0.000780368592,-0.00186138969,-0.00186138969,-0.00186138969,-0.00186138969,-0.00184883116,-0.00184883116,-0.00185192956,-0.00185085666,-0.00184752185,-0.00184752185,-0.00185145276,-0.00185163156,-0.00187498758,-0.00187457038,-0.00187457038,-0.00187457038,-0.00187457038,-0.00187498758,-0.00193446499,-0.00193428619,-0.00193416699,-0.00191607685,-0.00193440539,-0.00187131774,-0.00187009798,-0.00186985958,-0.00187009798,-0.00186944238,-0.00188487699,-0.00188624789,0.00104566922,0.00117106407
5.10826389,-0.000742870821,-0.000742870821,-0.000742870821,-0.000742870821,-0.000785684198,-0.000785684198,-0.000785103071,-0.000785405258,-0.000785506467,-0.000785506467,-0.000785255177,-0.000785200042,-0.000774247917,-0.000776212302,-0.000776212302,-0.000776212302,-0.000776255271,-0.000774247917,-0.000747920473,-0.000747969431,-0.000748007406,-0.000745037739,-0.000747927392,-0.000737545016,-0.000760309795,-0.000760100045,-0.000760309796,-0.000759963646,-0.000765060606,-0.0007645303,-0.00184791857,-0.00184791857,-0.00184791857,-0.00184791857,-0.00183142389,-0.00183142389,-0.0018347012,-0.0018336283,-0.00182975598,-0.00182975598,-0.00183422431,-0.00183440419,-0.00185978778,-0.00185925138,-0.00185925138,-0.00185925138,-0.00185925237,-0.00185978778,-0.00192040272,-0.00192028253,-0.00192016432,-0.00190910785,-0.00192040272,-0.00186398715,-0.00185513769,-0.00185489919,-0.00185513769,-0.00185454159,-0.00187063193,-0.00187200283,0.00104424951,0.00117248224
5.12493056,-0.00072733524,-0.00072733524,-0.00072733524,-0.00072733524,-0.000768566955,-0.000768566955,-0.000767122397,-0.000767706731,-0.000768952302,-0.000768952302,-0.000767404602,-0.000767299004,-0.000758361679,-0.000760878632,-0.000760878632,-0.000760878632,-0.000760956111,-0.000758361679,-0.000732961029,-0.0007330108,-0.000733049358,-0.000731752011,-0.000732968097,-0.000721127599,-0.000744415621,-0.000744224247,-0.000744415621,-0.000744106345,-0.000749371102,-0.000748828779,-0.00183438962,-0.00183438962,-0.00183438962,-0.00183438962,-0.00181461274,-0.00181461274,-0.00181801024,-0.00181687873,-0.00181264773,-0.00181264773,-0.00181753334,-0.00181771214,-0.00184458788,-0.00184399287,-0.00184399287,-0.00184399287,-0.00184399287,-0.00184458788,-0.00190514926,-0.00190502996,-0.00190491076,-0.00190100666,-0.00190514926,-0.00185647809,-0.00184011857,-0.00183988017,-0.00184011857,-0.00183958108,-0.0018562674,-0.00185757969,0.00104369543,0.00117218823
5.14159722,-0.000712816047,-0.000712816047,-0.000712816047,-0.000712816047,-0.000751275911,-0.000751275911,-0.000749016876,-0.000749864931,-0.000752204672,-0.000752204672,-0.000749420403,-0.000749267682,-0.000741983526,-0.000744883916,-0.000744883916,-0.000744883916,-0.000744990908,-0.000741983526,-0.000718487677,-0.000718537206,-0.00071857553,-0.000718917895,-0.000718494735,-0.0007054983,-0.000728740179,-0.000728571504,-0.000728740179,-0.000728486968,-0.000733795562,-0.000733241231,-0.00182079999,-0.00182079999,-0.00182079999,-0.00182079999,-0.00179839857,-0.00179839857,-0.00180185567,-0.00180072317,-0.00179619427,-0.00179619427,-0.00180137787,-0.00180155767,-0.00182938908,-0.00182873438,-0.00182873438,-0.00182873438,-0.00182873438,-0.00182938908,-0.00188876326,-0.00188864307,-0.00188852486,-0.00189165492,-0.00188876227,-0.00184861243,-0.00182503888,-0.00182480048,-0.00182503888,-0.00182450148,-0.00184166558,-0.00184297788,0.0010439896,0.00117273703
5.15826389,-0.000699169884,-0.000699169884,-0.000699169884,-0.000699169884,-0.000733842072,-0.000733842072,-0.000730834302,-0.00073192225,-0.000735283221,-0.000735283221,-0.000731347891,-0.000731152353,-0.000725155673,-0.000728260737,-0.000728260737,-0.000728260737,-0.000728390904,-0.000725155673,-0.000704458413,-0.000704506675,-0.000704543977,-0.000706457744,-0.000704465307,-0.000690624007,-0.000713253805,-0.000713110715,-0.000713253805,-0.000713071051,-0.000718314518,-0.000717748146,-0.00180703175,-0.00180703175,-0.00180703175,-0.00180703175,-0.00178277957,-0.00178277957,-0.00178623568,-0.00178516377,-0.00178045497,-0.00178045497,-0.00178575987,-0.00178593867,-0.00181424889,-0.00181359418,-0.00181359418,-0.00181359418,-0.00181359418,-0.00181424889,-0.00187130236,-0.00187118316,-0.00187112257,-0.00188099027,-0.00187130236,-0.00184032801,-0.00180989868,-0.00180966028,-0.00180989868,-0.00180942089,-0.0018268841,-0.00182819639,0.00104517175,0.00117453253
5.17493056,-0.000686212175,-0.000686212175,-0.000686212175,-0.000686212175,-0.000716300197,-0.000716300197,-0.000712624383,-0.000713923648,-0.000718212293,-0.000718212293,-0.000713234602,-0.000713001397,-0.000707948279,-0.000711079794,-0.000711079794,-0.000711079794,-0.000711225882,-0.000707948279,-0.000690825192,-0.000690871217,-0.000690906749,-0.000694291197,-0.000690831775,-0.000676459973,-0.000697925189,-0.000697809029,-0.000697925189,-0.000697821754,-0.000702913105,-0.000702334499,-0.00179302591,-0.00179302591,-0.00179302591,-0.00179302591,-0.00176787579,-0.00176787579,-0.00177115498,-0.00177020029,-0.00176543199,-0.00176543199,-0.00177073679,-0.00177091559,-0.00179916918,-0.00179857318,-0.00179857318,-0.00179857318,-0.00179857318,-0.00179916918,-0.00185288887,-0.00185282828,-0.00185271007,-0.00186889665,-0.00185288887,-0.00183145005,-0.00179469977,-0.00179452097,-0.00179469977,-0.00179428158,-0.00181198418,-0.00181323588,0.00104721969,0.00117460545
5.19159722,-0.000673729114,-0.000673729114,-0.000673729114,-0.000673729114,-0.000698687712,-0.000698687712,-0.000694437366,-0.000695915362,-0.000701020049,-0.000701020049,-0.000695128954,-0.00069486395,-0.000690452596,-0.000693442374,-0.000693442374,-0.000693442374,-0.000693596657,-0.000690452596,-0.000677534721,-0.000677577612,-0.000677610686,-0.000682336561,-0.000677540857,-0.000662950767,-0.00068272106,-0.000682631612,-0.00068272106,-0.000682699905,-0.000687579996,-0.000686988773,-0.00177884129,-0.00177884129,-0.00177884129,-0.00177884129,-0.00175356789,-0.00175356789,-0.00175672799,-0.00175583289,-0.00175106449,-0.00175106449,-0.00175631078,-0.00175648959,-0.00178426728,-0.00178367128,-0.00178367128,-0.00178367128,-0.00178367128,-0.00178426728,-0.00183363994,-0.00183358034,-0.00183352074,-0.00185549089,-0.00183363994,-0.00182185692,-0.00177950098,-0.00177932218,-0.00177950098,-0.00177908368,-0.00179690448,-0.00179815718,0.00105004444,0.00117315433
5.20826389,-0.000661492521,-0.000661492521,-0.000661492521,-0.000661492521,-0.000681043974,-0.000681043974,-0.000676323072,-0.000677944019,-0.000683737904,-0.000683737904,-0.000677079324,-0.000676788953,-0.000672775027,-0.000675473278,-0.000675473278,-0.000675473278,-0.000675628009,-0.000672775027,-0.000664529719,-0.000664568673,-0.00066459867,-0.000670512528,-0.000664535285,-0.00065003177,-0.000667608241,-0.000667543784,-0.000667608241,-0.000667666396,-0.000672307469,-0.0006717031,-0.00176435782,-0.00176435782,-0.00176435782,-0.00176435782,-0.00173991497,-0.00173991497,-0.00174277795,-0.00174200206,-0.00173735197,-0.00173735197,-0.00174242035,-0.00174259816,-0.00176942521,-0.00176888871,-0.00176888871,-0.00176888871,-0.00176888871,-0.00176942521,-0.00181373316,-0.00181361495,-0.00181355535,-0.00184065468,-0.00181367455,-0.0018115489,-0.00176430118,-0.00176412139,-0.00176430118,-0.00176388388,-0.00178164608,-0.00178289877,0.00105361407,0.00117014216
5.22493056,-0.000649276288,-0.000649276288,-0.000649276288,-0.000649276288,-0.000663410016,-0.000663410016,-0.000658330469,-0.000660056255,-0.000666400419,-0.000666400419,-0.000659133634,-0.000658824742,-0.000655032722,-0.000657314883,-0.000657314883,-0.000657314883,-0.000657462721,-0.000655032722,-0.000651750727,-0.000651785048,-0.000651811437,-0.00065874035,-0.000651755617,-0.00063763132,-0.00065255736,-0.000652514804,-0.00065255736,-0.000652686257,-0.000657093635,-0.000656475554,-0.00174957808,-0.00174957808,-0.00174957808,-0.00174957808,-0.00172680024,-0.00172680024,-0.00172936523,-0.00172870853,-0.00172429684,-0.00172429684,-0.00172912573,-0.00172918633,-0.00175470309,-0.00175422529,-0.00175422529,-0.00175422529,-0.00175422529,-0.00175470309,-0.00179317292,-0.00179311332,-0.00179305372,-0.00182450813,-0.00179317292,-0.00180040598,-0.00174910128,-0.00174892248,-0.00174910128,-0.00174874467,-0.00176632897,-0.00176758067,0.00105789642,0.00116576778
5.24159722,-0.000636869402,-0.000636869402,-0.000636869402,-0.000636869402,-0.000645827615,-0.000645827615,-0.000640506621,-0.000642297696,-0.000649044464,-0.000649044464,-0.000641338319,-0.000641018003,-0.000637345602,-0.000639117349,-0.000639117349,-0.000639117349,-0.000639251735,-0.000637345602,-0.000639137231,-0.000639166344,-0.000639188685,-0.000646945159,-0.000639141356,-0.000625672179,-0.000637542478,-0.000637517577,-0.000637542478,-0.000637728647,-0.000641940507,-0.000641308281,-0.00173455908,-0.00173455908,-0.00173455908,-0.00173455908,-0.0017142219,-0.0017142219,-0.0017164879,-0.0017159514,-0.0017118377,-0.0017118377,-0.0017162494,-0.0017163686,-0.00174009928,-0.00173968208,-0.00173968208,-0.00173968208,-0.00173968208,-0.00174009928,-0.00177219353,-0.00177213493,-0.00177213393,-0.00180716746,-0.00177219353,-0.0017884297,-0.00173390338,-0.00173372458,-0.00173390338,-0.00173360438,-0.00175095128,-0.00175214338,0.00106279324,0.00116275752
5.25826389,-0.000624087267,-0.000624087267,-0.000624087267,-0.000624087267,-0.000628338241,-0.000628338241,-0.000622895591,-0.000624711874,-0.000631708243,-0.000631708243,-0.000623737233,-0.00062341268,-0.000619828265,-0.000621028593,-0.000621028593,-0.000621028593,-0.000621144069,-0.000619828265,-0.000626628743,-0.000626652203,-0.000626670159,-0.000635057139,-0.000626632033,-0.000614073029,-0.00062254067,-0.000622528276,-0.00062254067,-0.000622766657,-0.00062685163,-0.00062620514,-0.00171930067,-0.00171930067,-0.00171930067,-0.00171930067,-0.00170217924,-0.00170217924,-0.00170402803,-0.00170361083,-0.00169991335,-0.00169991335,-0.00170384923,-0.00170390982,-0.00172561482,-0.00172531573,-0.00172531573,-0.00172531573,-0.00172525712,-0.00172561482,-0.0017509148,-0.00175085619,-0.00175085619,-0.00178863471,-0.0017509148,-0.00177549897,-0.00171870358,-0.00171858339,-0.00171870358,-0.00171846419,-0.00173545347,-0.00173670517,0.00106820511,0.00116142594
5.27493056,-0.00061078318,-0.00061078318,-0.00061078318,-0.00061078318,-0.000610982658,-0.000610982658,-0.000605538041,-0.000607339814,-0.000614430922,-0.000614430922,-0.000606371246,-0.000606049571,-0.000602585613,-0.000603187963,-0.000603187963,-0.000603187963,-0.000603280407,-0.000602585613,-0.000614166403,-0.000614183904,-0.000614197243,-0.000623013108,-0.00061416881,-0.000602750579,-0.000607534603,-0.000607528956,-0.000607534603,-0.000607780066,-0.000611832519,-0.000611172079,-0.00170386337,-0.00170386337,-0.00170386337,-0.00170386337,-0.00169049597,-0.00169049597,-0.00169192747,-0.00169168807,-0.00168846749,-0.00168846749,-0.00169186687,-0.00169186787,-0.00171125029,-0.0017110109,-0.0017110109,-0.0017110109,-0.00171100991,-0.00171125029,-0.0017294586,-0.0017294586,-0.0017294586,-0.00176903004,-0.0017294586,-0.00176173351,-0.00170362298,-0.00170344507,-0.00170362298,-0.00170338448,-0.00171995657,-0.00172114867,0.00107403656,0.00115898293
5.29159722,-0.000596857142,-0.000596857142,-0.000596857142,-0.000596857142,-0.000593800605,-0.000593800605,-0.000588470989,-0.000590219763,-0.000597252304,-0.000597252304,-0.000589277981,-0.000588966073,-0.000585709207,-0.000585720656,-0.000585720656,-0.000585720656,-0.000585787437,-0.000585709207,-0.00060169461,-0.000601705985,-0.000601714585,-0.000610758009,-0.000601696105,-0.000591621711,-0.00059251467,-0.000592509711,-0.00059251467,-0.000592757635,-0.000596891406,-0.000596217826,-0.00168830688,-0.00168830688,-0.00168830688,-0.00168830688,-0.00167922891,-0.00167922891,-0.00168018461,-0.00168012401,-0.00167738021,-0.00167738021,-0.00168018361,-0.00168018461,-0.00169700409,-0.00169676569,-0.00169676569,-0.00169676569,-0.00169676569,-0.00169700409,-0.00170800133,-0.00170806093,-0.00170806093,-0.00174858913,-0.00170800133,-0.00174701638,-0.00168854328,-0.00168842408,-0.00168854328,-0.00168836448,-0.00170440107,-0.00170559218,0.00108012791,0.00115539467
5.30826389,-0.000582259752,-0.000582259752,-0.000582259752,-0.000582259752,-0.000576830217,-0.000576830217,-0.000571727348,-0.000573386682,-0.000580212211,-0.000580212211,-0.000572491334,-0.000572195709,-0.000569273048,-0.000568731722,-0.000568731722,-0.000568731722,-0.000568771756,-0.000569273048,-0.000589162188,-0.000589167412,-0.00058917126,-0.000598245815,-0.000589162763,-0.000580605179,-0.000577478307,-0.000577468012,-0.000577478307,-0.000577696539,-0.000582038124,-0.000581352741,-0.00167263116,-0.00167263116,-0.00167263116,-0.00167263116,-0.00166820068,-0.00166820068,-0.00166873906,-0.00166879767,-0.00166665,-0.00166665,-0.00166879767,-0.00166879767,-0.00168281664,-0.00168263784,-0.00168263784,-0.00168263784,-0.00168263784,-0.00168281664,-0.0016867206,-0.0016867802,-0.0016867802,-0.00172731239,-0.0016867206,-0.00173146195,-0.00167358189,-0.00167346171,-0.00167358189,-0.00167340211,-0.00168890227,-0.00169003477,0.00108643778,0.00115085677
5.32493056,-0.000566992794,-0.000566992794,-0.000566992794,-0.000566992794,-0.00056010724,-0.00056010724,-0.000555335312,-0.000556871568,-0.000563349616,-0.000563349616,-0.000556040832,-0.0005557675,-0.000553330252,-0.000552301266,-0.000552301266,-0.000552301266,-0.000552314989,-0.000553330252,-0.000576523255,-0.000576522441,-0.00057652163,-0.000585440059,-0.000576522925,-0.000569623051,-0.000562429507,-0.000562408198,-0.000562429507,-0.000562601828,-0.000567282237,-0.00056658685,-0.00165695546,-0.00165695546,-0.00165695546,-0.00165695546,-0.0016574115,-0.0016574115,-0.00165747309,-0.00165765189,-0.00165615871,-0.00165615871,-0.00165759229,-0.00165753269,-0.00166869061,-0.00166857141,-0.00166857141,-0.00166857141,-0.00166851181,-0.00166869061,-0.00166567961,-0.00166573921,-0.00166579782,-0.00170549949,-0.00166567961,-0.00171513353,-0.00165868009,-0.00165856079,-0.00165868009,-0.00165850119,-0.00167334577,-0.00167453787,0.00108915636,0.00114551048
5.34159722,-0.000551107528,-0.000551107528,-0.000551107528,-0.000551107528,-0.000543664656,-0.000543664656,-0.000539318212,-0.000540701228,-0.000546702164,-0.000546702164,-0.000539951445,-0.000539705785,-0.000537911885,-0.00053648209,-0.00053648209,-0.00053648209,-0.00053647135,-0.000537911885,-0.000563738269,-0.000563731663,-0.000563726388,-0.000572314445,-0.000563737068,-0.000558602334,-0.000547378584,-0.00054734122,-0.000547378584,-0.000547486116,-0.00055263285,-0.000551929601,-0.00164133838,-0.00164133838,-0.00164133838,-0.00164133838,-0.00164674241,-0.00164674241,-0.00164638581,-0.00164668381,-0.00164578672,-0.00164578672,-0.00164650601,-0.00164650501,-0.00165462419,-0.00165450499,-0.00165450499,-0.00165450499,-0.00165450499,-0.00165462419,-0.00164499524,-0.00164505484,-0.00164511444,-0.00168320982,-0.00164499524,-0.00169797076,-0.00164383878,-0.00164371958,-0.00164383878,-0.00164365998,-0.00165784888,-0.00165904098,0.00108125697,0.00113936843
5.35826389,-0.000534698934,-0.000534698934,-0.000534698934,-0.000534698934,-0.000527532016,-0.000527532016,-0.000523694105,-0.000524897776,-0.00053030537,-0.00053030537,-0.000524243135,-0.000524029798,-0.000523026118,-0.000521298032,-0.000521298032,-0.000521298032,-0.000521265906,-0.000523026118,-0.000550774603,-0.000550762575,-0.000550753127,-0.000558852925,-0.000550772584,-0.000547476123,-0.000532340947,-0.000532283365,-0.000532340947,-0.000532368175,-0.000538097112,-0.000537388313,-0.00162583958,-0.00162583958,-0.00162583958,-0.00162583958,-0.00163613141,-0.00163613141,-0.00163535848,-0.00163577578,-0.00163547472,-0.00163547472,-0.00163553729,-0.00163547768,-0.00164055694,-0.00164043774,-0.00164043774,-0.00164043774,-0.00164043774,-0.00164055694,-0.00162484606,-0.00162490566,-0.00162496526,-0.00166067934,-0.00162484606,-0.00168015125,-0.00162905621,-0.00162893701,-0.00162905621,-0.00162893701,-0.00164241067,-0.00164354317,0.00107407146,0.00113267513
5.37493056,-0.000517900392,-0.000517900392,-0.000517900392,-0.000517900392,-0.000511735613,-0.000511735613,-0.000508476242,-0.000509478999,-0.000514192627,-0.000514192627,-0.000508931277,-0.000508754094,-0.000508661958,-0.000506747251,-0.000506747251,-0.000506747251,-0.000506697805,-0.000508661958,-0.000537607667,-0.000537590698,-0.000537577453,-0.000545050277,-0.000537604899,-0.000536185336,-0.000517339049,-0.000517258162,-0.000517339049,-0.000517274693,-0.000523682645,-0.000522970562,-0.00161046187,-0.00161046187,-0.00161046187,-0.00161046187,-0.0016254634,-0.0016254634,-0.00162427329,-0.00162480869,-0.00162516331,-0.00162516331,-0.00162451169,-0.00162445109,-0.00162654911,-0.00162637131,-0.00162637131,-0.00162637131,-0.00162637131,-0.00162654911,-0.00160523356,-0.00160535276,-0.00160541236,-0.00163802997,-0.00160523455,-0.00166173578,-0.00161439279,-0.00161427459,-0.00161439279,-0.00161427459,-0.00162709157,-0.00162822407,0.00106762589,0.00112555044
5.39159722,-0.000500871567,-0.000500871567,-0.000500871567,-0.000500871567,-0.00049629747,-0.00049629747,-0.000493672381,-0.000494457562,-0.000498394018,-0.000498394018,-0.000494025918,-0.000493887841,-0.000494788108,-0.000492801006,-0.000492801006,-0.000492801006,-0.000492739016,-0.000494788108,-0.000524220629,-0.000524199299,-0.000524182709,-0.00053091123,-0.000524217197,-0.000524678989,-0.000502397582,-0.000502291517,-0.000502397582,-0.000502235232,-0.000509394228,-0.000508680886,-0.00159526298,-0.00159526298,-0.00159526298,-0.00159526298,-0.00161467611,-0.00161467611,-0.00161318601,-0.00161378311,-0.00161473372,-0.00161473372,-0.00161348401,-0.00161336481,-0.00161248379,-0.00161230589,-0.00161230589,-0.00161230589,-0.00161230489,-0.00161248379,-0.00158633625,-0.00158645545,-0.00158651505,-0.00161544032,-0.00158633625,-0.00164278385,-0.00159978998,-0.00159973038,-0.00159978998,-0.00159973038,-0.00161177348,-0.00161290598,0.00106211562,0.00111956587
5.40826389,-0.000483787871,-0.000483787871,-0.000483787871,-0.000483787871,-0.000481234996,-0.000481234996,-0.000479284782,-0.000479840881,-0.000482935765,-0.000482935765,-0.00047953172,-0.000479434774,-0.000481356139,-0.000479407153,-0.000479407153,-0.000479407153,-0.000479337802,-0.000481356139,-0.000510604577,-0.00051057955,-0.000510560132,-0.000516450017,-0.000510600579,-0.000512914915,-0.000487542969,-0.000487411129,-0.000487542969,-0.000487281386,-0.000495233717,-0.000494520701,-0.0015803593,-0.0015803593,-0.0015803593,-0.0015803593,-0.00160376808,-0.00160376808,-0.00160192127,-0.00160263657,-0.0016041247,-0.0016041247,-0.00160222036,-0.00160210106,-0.00159841654,-0.00159823764,-0.00159823764,-0.00159823764,-0.00159823764,-0.00159841654,-0.00156809455,-0.00156821276,-0.00156833196,-0.00159314526,-0.00156815316,-0.00162341358,-0.00158530542,-0.00158518622,-0.00158530542,-0.00158518622,-0.00159663229,-0.00159770618,0.00105748997,0.00112279569
5.42493056,-0.000466830326,-0.000466830326,-0.000466830326,-0.000466830326,-0.000466561101,-0.000466561101,-0.000465310677,-0.000465631474,-0.000467840148,-0.000467840148,-0.000465448371,-0.00046539363,-0.000468305743,-0.000466496001,-0.000466496001,-0.000466496001,-0.000466424571,-0.000468305743,-0.000496758793,-0.000496730799,-0.000496709118,-0.000501690036,-0.000496754336,-0.000500860577,-0.000472803596,-0.000472646656,-0.000472803596,-0.000472446727,-0.000481201824,-0.000480490127,-0.00156563719,-0.00156563719,-0.00156563719,-0.00156563719,-0.00159262319,-0.00159262319,-0.00159047838,-0.00159125328,-0.00159327789,-0.00159327789,-0.00159083608,-0.00159071688,-0.00158429051,-0.0015841126,-0.0015841126,-0.0015841126,-0.0015841126,-0.00158429051,-0.00155068632,-0.00155080552,-0.00155092383,-0.00157120919,-0.00155068632,-0.00160380405,-0.0015708804,-0.00157076219,-0.0015708804,-0.00157076219,-0.00158155258,-0.00158262548,0.00105392753,0.00112606209
5.44159722,-0.000450173772,-0.000450173772,-0.000450173772,-0.000450173772,-0.000452283846,-0.000452283846,-0.000451742271,-0.00045182685,-0.000453124929,-0.000453124929,-0.000451770534,-0.000451758124,-0.00045556829,-0.000453984742,-0.000453984742,-0.000453984742,-0.000453916319,-0.00045556829,-0.000482690361,-0.000482660178,-0.000482636839,-0.000486662848,-0.000482685562,-0.000488493183,-0.000458207903,-0.000458027754,-0.000458207903,-0.000457764634,-0.000467297805,-0.000466587731,-0.00155121119,-0.00155121119,-0.00155121119,-0.00155121119,-0.00158118031,-0.00158118031,-0.00157879711,-0.00157963161,-0.00158213301,-0.00158213301,-0.0015791558,-0.00157903551,-0.00157016449,-0.00156998559,-0.00156998559,-0.00156998559,-0.00156998559,-0.00157016449,-0.00153405397,-0.00153417317,-0.00153429147,-0.00154980963,-0.00153411257,-0.00158395704,-0.00155651599,-0.00155639679,-0.00155651599,-0.00155639778,-0.00156659118,-0.00156766508,0.00105136361,0.00112900808
5.45826389,-0.000433976212,-0.000433976212,-0.000433976212,-0.000433976212,-0.000438406243,-0.000438406243,-0.000438566896,-0.000438419538,-0.000438802942,-0.000438802942,-0.000438487947,-0.00043851706,-0.000443070344,-0.000441782032,-0.000441782032,-0.000441782032,-0.000441721236,-0.000443070344,-0.000468413673,-0.000468382109,-0.000468357735,-0.000471407097,-0.00046840865,-0.000475799626,-0.000443782453,-0.00044358207,-0.000443782453,-0.000443266088,-0.000453519373,-0.000452810522,-0.00153702374,-0.00153702374,-0.00153702374,-0.00153702374,-0.00156938014,-0.00156938014,-0.00156681813,-0.00156771124,-0.00157057125,-0.00157057125,-0.00156723434,-0.00156705653,-0.00155597893,-0.00155579914,-0.00155579914,-0.00155579914,-0.00155579914,-0.00155597893,-0.00151825417,-0.00151837337,-0.00151849257,-0.00152906334,-0.00151831377,-0.00156404837,-0.00154221033,-0.00154209113,-0.00154221033,-0.00154214974,-0.00155174901,-0.00155282191,0.0010498405,0.00113176831
5.47493056,-0.000418370741,-0.000418370741,-0.000418370741,-0.000418370741,-0.000424926468,-0.000424926468,-0.000425767562,-0.000425397532,-0.000424882087,-0.000424882087,-0.00042558592,-0.000425654858,-0.000430739006,-0.000429794555,-0.000429794555,-0.000429794555,-0.000429745311,-0.000430739006,-0.000453950078,-0.000453917951,-0.000453893175,-0.000455967609,-0.000453944955,-0.000462776557,-0.000429552032,-0.000429335308,-0.000429552032,-0.000428979542,-0.000439864267,-0.000439155588,-0.00152301591,-0.00152301591,-0.00152301591,-0.00152301591,-0.00155722196,-0.00155722196,-0.00155454075,-0.00155543485,-0.00155865256,-0.00155865256,-0.00155495805,-0.00155477925,-0.00154179231,-0.0015415549,-0.0015415549,-0.0015415549,-0.0015415549,-0.00154179231,-0.00150328969,-0.00150340899,-0.00150346959,-0.00150909225,-0.00150329069,-0.00154420035,-0.0015279651,-0.00152790451,-0.0015279651,-0.00152790451,-0.00153702599,-0.00153809989,0.00104933962,0.00113377047
5.49159722,-0.000403458504,-0.000403458504,-0.000403458504,-0.000403458504,-0.000411837945,-0.000411837945,-0.000413323359,-0.000412744585,-0.000411365206,-0.000411365206,-0.000413045689,-0.00041315192,-0.000418505859,-0.000417932196,-0.000417932196,-0.000417932196,-0.000417897563,-0.000418505859,-0.000439327225,-0.000439295347,-0.000439270795,-0.000440394225,-0.000439322124,-0.000449430059,-0.000415538615,-0.000415310144,-0.000415538615,-0.000414929727,-0.000426330807,-0.000425620734,-0.00150918789,-0.00150918789,-0.00150918789,-0.00150918789,-0.0015445891,-0.0015445891,-0.0015419059,-0.0015427413,-0.001546257,-0.001546257,-0.0015422645,-0.0015421443,-0.00152754709,-0.00152730869,-0.00152730869,-0.00152730869,-0.00152730969,-0.00152754709,-0.00148910109,-0.00148922029,-0.00148927989,-0.00148995555,-0.00148910109,-0.00152447064,-0.00151377948,-0.00151371889,-0.00151377948,-0.00151371889,-0.00152242308,-0.00152349598,0.00104956133,0.00113489179
5.50826389,-0.000389303292,-0.000389303292,-0.000389303292,-0.000389303292,-0.000399129323,-0.000399129323,-0.000401209727,-0.000400440387,-0.000398249869,-0.000398249869,-0.000400844646,-0.00040098488,-0.000406309661,-0.000406112008,-0.000406112008,-0.000406112008,-0.000406094054,-0.000406309661,-0.000424578047,-0.000424547202,-0.000424523479,-0.000424740337,-0.000424573085,-0.000435774939,-0.000401759627,-0.000401524469,-0.000401759627,-0.000401135776,-0.000412917399,-0.000412204027,-0.00149553686,-0.00149553686,-0.00149553686,-0.00149553686,-0.00153159568,-0.00153159568,-0.00152885388,-0.00152968937,-0.00153344249,-0.00153344249,-0.00152921257,-0.00152909238,-0.00151324243,-0.00151300403,-0.00151300403,-0.00151300403,-0.00151300403,-0.00151324243,-0.00147562797,-0.00147574618,-0.00147580677,-0.00147171286,-0.00147568658,-0.00150503779,-0.00149965164,-0.00149959204,-0.00149965164,-0.00149953333,-0.00150793763,-0.00150901152,0.00104697252,0.00113519263
5.52493056,-0.000375928818,-0.000375928818,-0.000375928818,-0.000375928818,-0.000386784662,-0.000386784662,-0.000389398907,-0.000388460929,-0.000385528375,-0.000385528375,-0.000388956749,-0.000389127024,-0.000394099228,-0.000394262248,-0.000394262248,-0.000394262248,-0.000394261997,-0.000394099228,-0.000409739789,-0.000409710719,-0.000409688396,-0.000409061525,-0.000409735079,-0.00042183396,-0.000388227249,-0.000387990668,-0.000388227249,-0.000387610446,-0.000399622292,-0.000398903597,-0.00148194732,-0.00148194732,-0.00148194732,-0.00148194732,-0.00151812732,-0.00151812732,-0.00151544512,-0.00151622091,-0.00152009333,-0.00152009333,-0.00151580272,-0.00151562392,-0.0014989376,-0.0014986992,-0.0014986992,-0.0014986992,-0.0014986992,-0.0014989376,-0.00146292845,-0.00146304765,-0.00146310725,-0.00145448343,-0.00146292945,-0.00148590407,-0.00148558521,-0.00148546601,-0.00148558521,-0.0014854073,-0.0014935732,-0.00149464709,0.0010454219,0.00113456495
5.54159722,-0.000363318132,-0.000363318132,-0.000363318132,-0.000363318132,-0.000374783505,-0.000374783505,-0.000377860235,-0.000376778731,-0.000373187668,-0.000373187668,-0.000377352782,-0.000377548574,-0.000381834454,-0.000382324449,-0.000382324449,-0.000382324449,-0.000382341886,-0.000381834454,-0.000394852808,-0.000394826197,-0.000394805798,-0.000393414039,-0.000394848454,-0.000407636818,-0.000374947117,-0.000374714313,-0.000374947117,-0.000374358779,-0.000386442855,-0.000385716892,-0.00146847589,-0.00146847589,-0.00146847589,-0.00146847589,-0.00150424169,-0.00150424169,-0.00150161809,-0.00150239299,-0.00150626829,-0.00150626829,-0.00150197569,-0.00150179789,-0.00148457319,-0.00148433578,-0.00148433578,-0.00148433578,-0.00148439438,-0.00148457319,-0.00145088561,-0.0014509462,-0.0014510058,-0.00143826737,-0.0014508866,-0.00146718655,-0.00147151879,-0.00147139959,-0.00147151879,-0.00147133989,-0.00147938659,-0.00148045949,0.00104485333,0.00113308062
5.55826389,-0.000351416049,-0.000351416049,-0.000351416049,-0.000351416049,-0.000363101131,-0.000363101131,-0.000366560576,-0.000365363217,-0.000361209447,-0.000361209447,-0.000366000769,-0.000366217096,-0.000369487289,-0.000370255272,-0.000370255272,-0.000370255272,-0.000370289404,-0.000369487289,-0.000379959433,-0.00037993589,-0.000379917884,-0.000377853426,-0.000379955526,-0.000393219122,-0.000361918274,-0.000361694118,-0.000361918274,-0.000361378059,-0.00037337545,-0.000372640491,-0.00145494616,-0.00145494616,-0.00145494616,-0.00145494616,-0.00148987842,-0.00148987842,-0.00148737502,-0.00148809032,-0.00149196363,-0.00149196363,-0.00148773163,-0.00148755382,-0.00147026753,-0.00147002903,-0.00147002903,-0.00147002903,-0.00147002903,-0.00147026753,-0.00143938046,-0.00143944006,-0.00143949966,-0.00142306261,-0.00143938046,-0.00144906306,-0.00145745154,-0.00145733234,-0.00145745154,-0.00145727274,-0.00146525974,-0.00146633264,0.00104520918,0.00113075418
5.57493056,-0.000340135249,-0.000340135249,-0.000340135249,-0.000340135249,-0.000351709394,-0.000351709394,-0.000355465309,-0.000354181661,-0.000349570896,-0.000349570896,-0.000354866936,-0.000355098485,-0.000357043551,-0.000358028949,-0.000358028949,-0.000358028949,-0.000358077922,-0.000357043551,-0.000365103303,-0.000365083355,-0.000365068144,-0.000362433708,-0.000365099925,-0.000378621773,-0.000349135008,-0.000348923798,-0.000349135008,-0.000348659771,-0.000360417519,-0.000359672166,-0.00144141612,-0.00144141612,-0.00144141612,-0.00144141612,-0.00147509868,-0.00147509868,-0.00147277319,-0.00147342879,-0.00147718488,-0.00147718488,-0.00147307119,-0.00147295199,-0.001455903,-0.0014557242,-0.0014557242,-0.0014557242,-0.0014557242,-0.001455903,-0.00142841139,-0.00142847099,-0.0014285296,-0.00140887301,-0.00142847,-0.00143141841,-0.00144344471,-0.00144332551,-0.00144344471,-0.00144320631,-0.00145125191,-0.00145232581,0.00104643931,0.00112761398
5.59159722,-0.000329363605,-0.000329363605,-0.000329363605,-0.000329363605,-0.000340577559,-0.000340577559,-0.000344539256,-0.000343200084,-0.000338245426,-0.000338245426,-0.000343916629,-0.000344157874,-0.000344503517,-0.000345638219,-0.000345638219,-0.000345638219,-0.000345699468,-0.000344503517,-0.000350328664,-0.000350312741,-0.000350300656,-0.000347206571,-0.000350325881,-0.000363890198,-0.000336588203,-0.000336393469,-0.000336588203,-0.000336191163,-0.000347569182,-0.000346812457,-0.00142782659,-0.00142782659,-0.00142782659,-0.00142782659,-0.00145990188,-0.00145990188,-0.00145787328,-0.00145840968,-0.00146198698,-0.00146198698,-0.00145805308,-0.00145799248,-0.00144159819,-0.00144141939,-0.00144141939,-0.00144141939,-0.00144141939,-0.00144159819,-0.00141791822,-0.00141791922,-0.00141797782,-0.0013956371,-0.00141791822,-0.00141442847,-0.00142943789,-0.00142931869,-0.00142943789,-0.00142919949,-0.00143736429,-0.00143843719,0.00104843053,0.00112374155
5.60826389,-0.000318970482,-0.000318970482,-0.000318970482,-0.000318970482,-0.000329672549,-0.000329672549,-0.00033374698,-0.000332383548,-0.000327202866,-0.000327202866,-0.00033311461,-0.000333359942,-0.000331879593,-0.000333092145,-0.000333092145,-0.000333092145,-0.000333162581,-0.000331879593,-0.000335679021,-0.000335667455,-0.000335658745,-0.000332220007,-0.000335676885,-0.000349072907,-0.000324264153,-0.000324088505,-0.000324264153,-0.00032395426,-0.000334831628,-0.000334063026,-0.00141411696,-0.00141411696,-0.00141411696,-0.00141411696,-0.00144440407,-0.00144440407,-0.00144255627,-0.00144303307,-0.00144637196,-0.00144637196,-0.00144273507,-0.00144267547,-0.00142723293,-0.00142711373,-0.00142711373,-0.00142711373,-0.00142711373,-0.00142723293,-0.00140766582,-0.00140772443,-0.00140772542,-0.00138335404,-0.00140766582,-0.00139809424,-0.00141543024,-0.00141531104,-0.00141543024,-0.00141513224,-0.00142353545,-0.00142460835,0.00104902133,0.00111916909
5.62493056,-0.000308816647,-0.000308816647,-0.000308816647,-0.000308816647,-0.000318959935,-0.000318959935,-0.000323053776,-0.000321697152,-0.000316410417,-0.000316410417,-0.000322426048,-0.000322669901,-0.000319195554,-0.000320415253,-0.000320415253,-0.000320415253,-0.000320491464,-0.000319195554,-0.000321196578,-0.00032118959,-0.000321184424,-0.000317517788,-0.000321195124,-0.00033422073,-0.000312146637,-0.000311991659,-0.000312146637,-0.000311928174,-0.000322208416,-0.00032142793,-0.00140028991,-0.00140028991,-0.00140028991,-0.00140028991,-0.00142849285,-0.00142849285,-0.00142694116,-0.00142729975,-0.00143040025,-0.00143040025,-0.00142711996,-0.00142706036,-0.0014129281,-0.00141286751,-0.00141286751,-0.00141286751,-0.00141286751,-0.0014129281,-0.00139771102,-0.00139776963,-0.00139776963,-0.00137190619,-0.00139771102,-0.00138247407,-0.00140142341,-0.00140130421,-0.00140142341,-0.00140112541,-0.00140976711,-0.00141089862,0.00104825334,0.00111398983
5.64159722,-0.000298763435,-0.000298763435,-0.000298763435,-0.000298763435,-0.000308404793,-0.000308404793,-0.000312426485,-0.000311106864,-0.0003058335,-0.0003058335,-0.000311817349,-0.000312054316,-0.000306485192,-0.000307645853,-0.000307645853,-0.000307645853,-0.000307724316,-0.000306485192,-0.000306921581,-0.000306919288,-0.000306917749,-0.000303138941,-0.000306920828,-0.00031938595,-0.000300218461,-0.000300084664,-0.000300218461,-0.000300090905,-0.00030970614,-0.000308914252,-0.00138628409,-0.00138628409,-0.00138628409,-0.00138628409,-0.00141239987,-0.00141239987,-0.00141108767,-0.00141138567,-0.00141412947,-0.00141412947,-0.00141120687,-0.00141120687,-0.00139868289,-0.00139862229,-0.00139862229,-0.00139862229,-0.00139862229,-0.00139868289,-0.00138793512,-0.00138793512,-0.00138793512,-0.00136123422,-0.00138793512,-0.00136751168,-0.00138741659,-0.00138729739,-0.00138741659,-0.00138705899,-0.00139611789,-0.00139719079,0.00104812573,0.00110829597
5.65826389,-0.000288680406,-0.000288680406,-0.000288680406,-0.000288680406,-0.000297972277,-0.000297972277,-0.000301833982,-0.000300580042,-0.000295436361,-0.000295436361,-0.000301256656,-0.000301481609,-0.000293788943,-0.000294832173,-0.000294832173,-0.000294832173,-0.000294909451,-0.000293788943,-0.000292891408,-0.000292893816,-0.000292895906,-0.000289116989,-0.00029289136,-0.00030462107,-0.000288461126,-0.000288347964,-0.000288461126,-0.000288419283,-0.000297332956,-0.000296530616,-0.00137221684,-0.00137221684,-0.00137221684,-0.00137221684,-0.00139600903,-0.00139600903,-0.00139505434,-0.00139523314,-0.00139761833,-0.00139761833,-0.00139511394,-0.00139511295,-0.00138443683,-0.00138437723,-0.00138437723,-0.00138437723,-0.00138437723,-0.00138443683,-0.00137815954,-0.00137815954,-0.00137815954,-0.00135121824,-0.00137815954,-0.00135326165,-0.00137340894,-0.00137328974,-0.00137340894,-0.00137305134,-0.00138252646,-0.00138359936,0.00104864058,0.00110218197
5.67493056,-0.000278453251,-0.000278453251,-0.000278453251,-0.000278453251,-0.000287628424,-0.000287628424,-0.000291247858,-0.00029008617,-0.000285182918,-0.000285182918,-0.000290714551,-0.000290922744,-0.00028115169,-0.000282029523,-0.000282029523,-0.000282029523,-0.000282102455,-0.00028115169,-0.000279140033,-0.000279147042,-0.00027915268,-0.000275479648,-0.000279140676,-0.000289977936,-0.000276856409,-0.000276762331,-0.000276856409,-0.000276890751,-0.000285098419,-0.000284286986,-0.0013579726,-0.0013579726,-0.0013579726,-0.0013579726,-0.00137944023,-0.00137944023,-0.00137884215,-0.00137884314,-0.00138087073,-0.00138087073,-0.00137884215,-0.00137884215,-0.00137025021,-0.0013701916,-0.0013701916,-0.0013701916,-0.00137019061,-0.00137025021,-0.00136844413,-0.00136838453,-0.00136838453,-0.00134179894,-0.00136838552,-0.00133967003,-0.00135946071,-0.00135928191,-0.00135946071,-0.00135898491,-0.00136899652,-0.00137006942,0.00104969209,0.00109568781
5.69159722,-0.00026799045,-0.00026799045,-0.00026799045,-0.00026799045,-0.000277341066,-0.000277341066,-0.000280643159,-0.000279597654,-0.000275037752,-0.000275037752,-0.000280164833,-0.000280351998,-0.000268620512,-0.000269297292,-0.000269297292,-0.000269297292,-0.000269363147,-0.000268620512,-0.000265697662,-0.000265709073,-0.000265718102,-0.000262248731,-0.000265698968,-0.000275506989,-0.000265387394,-0.000265309961,-0.000265387394,-0.000265484644,-0.000273013555,-0.000272194725,-0.00134360819,-0.00134360819,-0.00134360819,-0.00134360819,-0.00136281087,-0.00136281087,-0.00136245227,-0.00136245227,-0.00136400396,-0.00136400396,-0.00136245227,-0.00136245227,-0.00135606559,-0.00135606459,-0.00135606459,-0.00135606459,-0.00135606459,-0.00135606559,-0.00135855102,-0.00135849142,-0.00135849042,-0.00133285643,-0.00135855002,-0.0013266745,-0.00134545389,-0.00134527509,-0.00134545389,-0.00134497809,-0.00135546649,-0.00135653939,0.00105116751,0.00109285336
5.70826389,-0.000257225962,-0.000257225962,-0.000257225962,-0.000257225962,-0.000267079898,-0.000267079898,-0.000269998264,-0.000269089767,-0.000264966264,-0.000264966264,-0.000269584418,-0.000269746847,-0.000256239638,-0.000256693133,-0.000256693133,-0.000256693133,-0.000256749742,-0.000256239638,-0.00025258978,-0.000252605301,-0.00025261749,-0.000249439488,-0.000252591708,-0.000261255864,-0.000254037092,-0.000253973113,-0.000254037092,-0.000254180938,-0.000261087558,-0.000260263265,-0.00132918432,-0.00132918432,-0.00132918432,-0.00132918432,-0.00134612092,-0.00134612092,-0.00134606033,-0.00134594113,-0.0013470756,-0.0013470756,-0.00134600073,-0.00134600073,-0.00134193774,-0.00134193774,-0.00134193774,-0.00134193774,-0.00134193774,-0.00134193774,-0.00134847842,-0.00134841882,-0.00134841783,-0.001324272,-0.00134847743,-0.00131433283,-0.00133144635,-0.00133120884,-0.00133144635,-0.00133091084,-0.00134199536,-0.00134306727,0.00105307697,0.00109588864
5.72493056,-0.000246124812,-0.000246124812,-0.000246124812,-0.000246124812,-0.000256817884,-0.000256817884,-0.000259296067,-0.000258541915,-0.000254936209,-0.000254936209,-0.000258954564,-0.000259089178,-0.000244051325,-0.000244273043,-0.000244273043,-0.000244273043,-0.00024431888,-0.000244051325,-0.000239837574,-0.000239856826,-0.000239871881,-0.000237061373,-0.000239840068,-0.000247269395,-0.000242792536,-0.000242738246,-0.000242792536,-0.000242964481,-0.000249330736,-0.000248503029,-0.00131470059,-0.00131470059,-0.00131470059,-0.00131470059,-0.00132937233,-0.00132937233,-0.00132960974,-0.00132943094,-0.00133014813,-0.00133014813,-0.00132949054,-0.00132955014,-0.00132787131,-0.00132781171,-0.00132781171,-0.00132781171,-0.00132781171,-0.00132787131,-0.00133816801,-0.00133810841,-0.00133804881,-0.00131592647,-0.00133816801,-0.00130258798,-0.00131743951,-0.00131720201,-0.00131743951,-0.00131690401,-0.00132852492,-0.00132959683,0.00105531858,0.00109833043
5.74159722,-0.000234682257,-0.000234682257,-0.000234682257,-0.000234682257,-0.000246531415,-0.000246531415,-0.000248523885,-0.000247937631,-0.000244917978,-0.000244917978,-0.00024826082,-0.000248365222,-0.000232091909,-0.000232086635,-0.000232086635,-0.000232086635,-0.000232120867,-0.000232091909,-0.000227457314,-0.000227479847,-0.000227497417,-0.000225117769,-0.000227460308,-0.000233588519,-0.000231642966,-0.000231594225,-0.000231642966,-0.000231823298,-0.000237752112,-0.000236923037,-0.00130015738,-0.00130015738,-0.00130015738,-0.00130015738,-0.00131274297,-0.00131274297,-0.00131321877,-0.00131297937,-0.00131322077,-0.00131322077,-0.00131309957,-0.00131315917,-0.00131380489,-0.00131374529,-0.00131374529,-0.00131374529,-0.00131374529,-0.00131380489,-0.00132750091,-0.00132744131,-0.00132744031,-0.00130770024,-0.00132749992,-0.00129126231,-0.00130343269,-0.00130319519,-0.00130343269,-0.00130283759,-0.00131511319,-0.00131612749,0.00105767379,0.0011000436
5.75826389,-0.000222921852,-0.000222921852,-0.000222921852,-0.000222921852,-0.000236200468,-0.000236200468,-0.000237673359,-0.00023726456,-0.000234884911,-0.000234884911,-0.000237492963,-0.000237565474,-0.000220388726,-0.000220173403,-0.000220173403,-0.000220173403,-0.000220195893,-0.000220388726,-0.000215459969,-0.000215485272,-0.00021550496,-0.000213605959,-0.000215463388,-0.000220249406,-0.000220578988,-0.000220531482,-0.000220578988,-0.000220747734,-0.000226357561,-0.000225529043,-0.00128561332,-0.00128561332,-0.00128561332,-0.00128561332,-0.00129617222,-0.00129617222,-0.00129694514,-0.00129658843,-0.00129647022,-0.00129647022,-0.00129676624,-0.00129682594,-0.00129979724,-0.00129973764,-0.00129973764,-0.00129973764,-0.00129973764,-0.00129979724,-0.00131653427,-0.00131647467,-0.00131641507,-0.00129941591,-0.00131653427,-0.0012804119,-0.00128942604,-0.00128924625,-0.00128942604,-0.00128882994,-0.00130164296,-0.00130265626,0.00105926046,0.0011010743
5.77493056,-0.000210894329,-0.000210894329,-0.000210894329,-0.000210894329,-0.000225809368,-0.000225809368,-0.000226740941,-0.000226515043,-0.000224814215,-0.000224814215,-0.000226645534,-0.000226685213,-0.000208961319,-0.000208563355,-0.000208563355,-0.000208563355,-0.000208574631,-0.000208961319,-0.000203851572,-0.000203879083,-0.000203900455,-0.000202517861,-0.000203855332,-0.000207283378,-0.000209595368,-0.000209544814,-0.000209595368,-0.00020973322,-0.000215151527,-0.000214325236,-0.00127112959,-0.00127112959,-0.00127112959,-0.00127112959,-0.00127983885,-0.00127983885,-0.00128079155,-0.00128037535,-0.00127989944,-0.00127989944,-0.00128061275,-0.00128067335,-0.00128584901,-0.00128573081,-0.00128573081,-0.00128573081,-0.00128573081,-0.00128584901,-0.00130509237,-0.00130503277,-0.00130497317,-0.00129107137,-0.00130509237,-0.00126992071,-0.00127547781,-0.00127524041,-0.00127547781,-0.00127482311,-0.00128823123,-0.00128924453,0.0010538603,0.0011012408
5.79159722,-0.000198672546,-0.000198672546,-0.000198672546,-0.000198672546,-0.000215346918,-0.000215346918,-0.00021572775,-0.000215686067,-0.000214687261,-0.000214687261,-0.000215717735,-0.000215724382,-0.00019781986,-0.000197274975,-0.000197274975,-0.000197274975,-0.000197276159,-0.00019781986,-0.000192633129,-0.000192662255,-0.00019268485,-0.000191840285,-0.000192637143,-0.000194716354,-0.000198689696,-0.000198632035,-0.000198689696,-0.000198778912,-0.000204136263,-0.000203313517,-0.00125676419,-0.00125676419,-0.00125676419,-0.00125676419,-0.00126368537,-0.00126368537,-0.00126481787,-0.00126440057,-0.00126350757,-0.00126350757,-0.00126463797,-0.00126469857,-0.00127190179,-0.00127178359,-0.00127178359,-0.00127178359,-0.00127178359,-0.00127190179,-0.0012932919,-0.0012931737,-0.0012931727,-0.00128243083,-0.0012932333,-0.00125972752,-0.00126147199,-0.00126129219,-0.00126147199,-0.00126087489,-0.00127476079,-0.00127577409,0.00104833845,0.00110065878
5.80826389,-0.000186346229,-0.000186346229,-0.000186346229,-0.000186346229,-0.000204806579,-0.000204806579,-0.000204639477,-0.000204779256,-0.000204489926,-0.000204489926,-0.000204713374,-0.000204687519,-0.000186965158,-0.000186314924,-0.000186314924,-0.000186314924,-0.000186307637,-0.000186965158,-0.000181800796,-0.000181830922,-0.000181854266,-0.000181555445,-0.000181804972,-0.000182568573,-0.000187862437,-0.000187794012,-0.000187862437,-0.000187887624,-0.000193311884,-0.000192493586,-0.00124239893,-0.00124239893,-0.00124239893,-0.00124239893,-0.00124782886,-0.00124782886,-0.00124908056,-0.00124860376,-0.00124741265,-0.00124741265,-0.00124890077,-0.00124896136,-0.00125801335,-0.00125789415,-0.00125789415,-0.00125789415,-0.00125789415,-0.00125801335,-0.00128095621,-0.00128089562,-0.00128083602,-0.00127355037,-0.00128095522,-0.00124971253,-0.00124758255,-0.00124734415,-0.00124758255,-0.00124692695,-0.00126128967,-0.00126230297,0.00104292272,0.00109915541
5.82493056,-0.000174014111,-0.000174014111,-0.000174014111,-0.000174014111,-0.000194186003,-0.000194186003,-0.000193485655,-0.000193800236,-0.000194212301,-0.000194212301,-0.000193640182,-0.000193583052,-0.000176387288,-0.000175676535,-0.000175676535,-0.000175676535,-0.000175662775,-0.000176387288,-0.000171345638,-0.000171376143,-0.000171399756,-0.000171641036,-0.000171349883,-0.000170853947,-0.000177114863,-0.000177032563,-0.000177114863,-0.000177063591,-0.000182674481,-0.000181861072,-0.00122827191,-0.00122827191,-0.00122827191,-0.00122827191,-0.00123221177,-0.00123221177,-0.00123358267,-0.00123316447,-0.00123167636,-0.00123167636,-0.00123340287,-0.00123346347,-0.00124418541,-0.00124400651,-0.00124400651,-0.00124400651,-0.00124400651,-0.00124418541,-0.00126820204,-0.00126814244,-0.00126808284,-0.00126419463,-0.00126820204,-0.00123987693,-0.00123363631,-0.00123345651,-0.00123363631,-0.00123298071,-0.00124781923,-0.00124877392,0.00103746406,0.0010968564
5.84159722,-0.000161779337,-0.000161779337,-0.000161779337,-0.000161779337,-0.000183487492,-0.000183487492,-0.000182279865,-0.000182758913,-0.000183849307,-0.000183849307,-0.000182510046,-0.000182423528,-0.000166068961,-0.00016534319,-0.00016534319,-0.00016534319,-0.000165325203,-0.000166068961,-0.000161254403,-0.000161284676,-0.000161308086,-0.000162071302,-0.000161258625,-0.000159580467,-0.000166451291,-0.000166352665,-0.000166451291,-0.000166314539,-0.000172218771,-0.000171410207,-0.00121420549,-0.00121420549,-0.00121420549,-0.00121420549,-0.00121701088,-0.00121701088,-0.00121844138,-0.00121796458,-0.00121623708,-0.00121623708,-0.00121820398,-0.00121832218,-0.00123035739,-0.00123017859,-0.00123017859,-0.00123017859,-0.00123017859,-0.00123035739,-0.00125497209,-0.00125491249,-0.00125485289,-0.00125442162,-0.00125491349,-0.00123004232,-0.00121980739,-0.00121956889,-0.00121980739,-0.00121915169,-0.00123429029,-0.00123524389,0.00103238777,0.00109371769
5.85826389,-0.000149742531,-0.000149742531,-0.000149742531,-0.000149742531,-0.000172717728,-0.000172717728,-0.000171039233,-0.00017166906,-0.000173400583,-0.000173400583,-0.000171338555,-0.000171225132,-0.000155986551,-0.000155289455,-0.000155289455,-0.000155289455,-0.000155269592,-0.000155986551,-0.000151509796,-0.000151539246,-0.000151561999,-0.000152817556,-0.000151513907,-0.000148750128,-0.000155878143,-0.000155761478,-0.000155878143,-0.000155650594,-0.000161938181,-0.000161133962,-0.00120031605,-0.00120031605,-0.00120031605,-0.00120031605,-0.00120210821,-0.00120210821,-0.00120359831,-0.0012031215,-0.00120121509,-0.00120121509,-0.00120341852,-0.00120347911,-0.00121658815,-0.00121640935,-0.00121640935,-0.00121640935,-0.00121640935,-0.00121658815,-0.00124126445,-0.00124120485,-0.00124114525,-0.00124405201,-0.00124126445,-0.00122014863,-0.00120597855,-0.00120574015,-0.00120597855,-0.00120532285,-0.00122075946,-0.00122177177,0.00102781451,0.00109123445
5.87493056,-0.000137996309,-0.000137996309,-0.000137996309,-0.000137996309,-0.000161887711,-0.000161887711,-0.000159784164,-0.000160548097,-0.000162870564,-0.000162870564,-0.000160144748,-0.000160007437,-0.00014611249,-0.000145483708,-0.000145483708,-0.000145483708,-0.000145464292,-0.00014611249,-0.000142091094,-0.000142119165,-0.000142140832,-0.000143849007,-0.000142095009,-0.000138359242,-0.000145404066,-0.000145268439,-0.000145404066,-0.000145084246,-0.000151826114,-0.000151025362,-0.00118660632,-0.00118660632,-0.00118660632,-0.00118660632,-0.0011876226,-0.0011876226,-0.0011891127,-0.0011886358,-0.00118661029,-0.00118661029,-0.00118887519,-0.0011889934,-0.00120287931,-0.00120269952,-0.00120269952,-0.00120269952,-0.00120269952,-0.00120287931,-0.0012271404,-0.0012270808,-0.0012270212,-0.00123308799,-0.0012271404,-0.00121019482,-0.00119220912,-0.00119197171,-0.00119220912,-0.00119155441,-0.00120728813,-0.00120818312,0.00102373973,0.00108923898
5.89159722,-0.000126617036,-0.000126617036,-0.000126617036,-0.000126617036,-0.00015101152,-0.00015101152,-0.000148536918,-0.000149415743,-0.000152267374,-0.000152267374,-0.000148949728,-0.000148791997,-0.000136413311,-0.000135886575,-0.000135886575,-0.000135886575,-0.000135869771,-0.000136413311,-0.000132973755,-0.000132999936,-0.000133020127,-0.000135132552,-0.000132977397,-0.000128397801,-0.000135035487,-0.000134880764,-0.000135035487,-0.000134625666,-0.000141872403,-0.000141073944,-0.00117307529,-0.00117307529,-0.00117307529,-0.00117307529,-0.00117349549,-0.00117349549,-0.00117492609,-0.00117456739,-0.00117242269,-0.00117242269,-0.00117474719,-0.00117486539,-0.00118928879,-0.00118905039,-0.00118905039,-0.00118905039,-0.00118905039,-0.00118928879,-0.00121259918,-0.00121253958,-0.00121253858,-0.0012215279,-0.00121259918,-0.00120012182,-0.00117844169,-0.00117826189,-0.00117844169,-0.00117784469,-0.00119375809,-0.00119465319,0.00102015531,0.00108639535
5.90826389,-0.000115663888,-0.000115663888,-0.000115663888,-0.000115663888,-0.000140106707,-0.000140106707,-0.000137321857,-0.000138294296,-0.000141603337,-0.000141603337,-0.000137776926,-0.00013760261,-0.000126855626,-0.000126457342,-0.000126457342,-0.000126457342,-0.000126445046,-0.000126855626,-0.000124130777,-0.000124154614,-0.000124172979,-0.000126634251,-0.000124134077,-0.000118850638,-0.00012478076,-0.000124607563,-0.00012478076,-0.000124286673,-0.000132067588,-0.000131270063,-0.00115966377,-0.00115966377,-0.00115966377,-0.00115966377,-0.00115978396,-0.00115978396,-0.00116115585,-0.00116079726,-0.00115865146,-0.00115865146,-0.00116103566,-0.00116109526,-0.00117569836,-0.00117545996,-0.00117545996,-0.00117545996,-0.00117545996,-0.00117569836,-0.00119769839,-0.00119769839,-0.00119763879,-0.00120931042,-0.00119769839,-0.00118975221,-0.00116479175,-0.00116461186,-0.00116479175,-0.00116419466,-0.00118022737,-0.00118112236,0.00101704812,0.00108267617
5.92493056,-0.000105175129,-0.000105175129,-0.000105175129,-0.000105175129,-0.000129193674,-0.000129193674,-0.000126164706,-0.000127207931,-0.000130894443,-0.000130894443,-0.000126651375,-0.00012646458,-0.000117406866,-0.000117155143,-0.000117155143,-0.000117155143,-0.000117148896,-0.000117406866,-0.000115533065,-0.000115554167,-0.000115570407,-0.000118319789,-0.000115535963,-0.000109697659,-0.000114648,-0.000114457641,-0.000114648,-0.000114078461,-0.000122402677,-0.000121604649,-0.00114643073,-0.00114643073,-0.00114643073,-0.00114643073,-0.00114649033,-0.00114649033,-0.00114774303,-0.00114744503,-0.00114529923,-0.00114529923,-0.00114762383,-0.00114768343,-0.00116222703,-0.00116192992,-0.00116192992,-0.00116192992,-0.00116192992,-0.00116222703,-0.00118250057,-0.00118250057,-0.00118244187,-0.00119643903,-0.00118250057,-0.0011791438,-0.00115125973,-0.00115102232,-0.00115125973,-0.00115060512,-0.00116669733,-0.00116759242,0.00101440478,0.00107811924
5.94159722,-9.51659235e-05,-9.51659235e-05,-9.51659235e-05,-9.51659235e-05,-0.00011829488,-0.00011829488,-0.000115091679,-0.000116181851,-0.000120159636,-0.000120159636,-0.000115598847,-0.000115403857,-0.000108036359,-0.000107940555,-0.000107940555,-0.000107940555,-0.000107941472,-0.000108036359,-0.000107149803,-0.000107167851,-0.000107181723,-0.000110154886,-0.000107152251,-0.000100914118,-0.000104644077,-0.00010443847,-0.000104644077,-0.000104010447,-0.000112868363,-0.000112068437,-0.001133318,-0.001133318,-0.001133318,-0.001133318,-0.001133614,-0.001133614,-0.0011347475,-0.0011344495,-0.0011323633,-0.0011323633,-0.0011346283,-0.0011346879,-0.00114881619,-0.00114851919,-0.00114851919,-0.00114851919,-0.00114851919,-0.00114881619,-0.00116706418,-0.00116700557,-0.00116700458,-0.00118297169,-0.00116706418,-0.00116817871,-0.00113772979,-0.00113749229,-0.00113772979,-0.00113713369,-0.00115316739,-0.00115406139,0.00101220366,0.0010728168
5.95826389,-8.56280323e-05,-8.56280323e-05,-8.56280323e-05,-8.56280323e-05,-0.000107434153,-0.000107434153,-0.000104128745,-0.000105241559,-0.000109420177,-0.000109420177,-0.000104645122,-0.000104446301,-9.87163013e-05,-9.87770643e-05,-9.87770643e-05,-9.87770643e-05,-9.87858036e-05,-9.87163013e-05,-9.89489406e-05,-9.89636921e-05,-9.8975011e-05,-0.000102105772,-9.89509006e-05,-9.24710695e-05,-9.47737887e-05,-9.45553218e-05,-9.47737887e-05,-9.40893253e-05,-0.000103454773,-0.000102651688,-0.0011203227,-0.0011203227,-0.0011203227,-0.0011203227,-0.00112103602,-0.00112103602,-0.00112204922,-0.00112181181,-0.00111984392,-0.00111984392,-0.00112193101,-0.00112199061,-0.00113546427,-0.00113522587,-0.00113522587,-0.00113522587,-0.00113522587,-0.00113546427,-0.00115138856,-0.00115132896,-0.00115132896,-0.00116890643,-0.00115138856,-0.00115691406,-0.00112431817,-0.00112407977,-0.00112431817,-0.00112372217,-0.00113963756,-0.00114053166,0.00101042374,0.00106680066
5.97493056,-7.65324723e-05,-7.65324723e-05,-7.65324723e-05,-7.65324723e-05,-9.66364644e-05,-9.66364644e-05,-9.33013961e-05,-9.44126213e-05,-9.86994506e-05,-9.86994506e-05,-9.38157567e-05,-9.36174475e-05,-8.94245442e-05,-8.9634314e-05,-8.9634314e-05,-8.9634314e-05,-8.96510627e-05,-8.94245442e-05,-9.08981429e-05,-9.0909434e-05,-9.09180765e-05,-9.41400984e-05,-9.08995889e-05,-8.43363434e-05,-8.50412578e-05,-8.48126659e-05,-8.50412578e-05,-8.4320413e-05,-9.41533759e-05,-9.3346075e-05,-0.00110744834,-0.00110744834,-0.00110744834,-0.00110744834,-0.00110887487,-0.00110887487,-0.00110971036,-0.00110953156,-0.00110774237,-0.00110774237,-0.00110965076,-0.00110965076,-0.00112229093,-0.00112199383,-0.00112199383,-0.00112199383,-0.00112199383,-0.00112229093,-0.00113553505,-0.00113553505,-0.00113553505,-0.00115424589,-0.00113553505,-0.00114523267,-0.00111096703,-0.00111072863,-0.00111096703,-0.00111042953,-0.00112616722,-0.00112706023,0.00100904292,0.00106089633
5.99159722,-6.78317511e-05,-6.78317511e-05,-6.78317511e-05,-6.78317511e-05,-8.59272397e-05,-8.59272397e-05,-8.26339836e-05,-8.37199967e-05,-8.80222889e-05,-8.80222889e-05,-8.31354107e-05,-8.29418443e-05,-8.01453463e-05,-8.0489248e-05,-8.0489248e-05,-8.0489248e-05,-8.05137406e-05,-8.01453463e-05,-8.29652894e-05,-8.29730371e-05,-8.29789424e-05,-8.6227353e-05,-8.29662075e-05,-7.64751277e-05,-7.54493893e-05,-7.52136094e-05,-7.54493893e-05,-7.47070958e-05,-8.49567672e-05,-8.41444405e-05,-0.0010946326,-0.0010946326,-0.0010946326,-0.0010946326,-0.00109701281,-0.00109701281,-0.00109766941,-0.00109755021,-0.00109593991,-0.00109593991,-0.00109760981,-0.00109760981,-0.0011091781,-0.0011088801,-0.0011088801,-0.0011088801,-0.0011088801,-0.0011091781,-0.00111962087,-0.00111962087,-0.00111962087,-0.00113905008,-0.00111962087,-0.0011331352,-0.001097734,-0.00109749659,-0.001097734,-0.0010971976,-0.00111275539,-0.00111359089,0.00100791762,0.00105666007
6.00826389,-5.94630422e-05,-5.94630422e-05,-5.94630422e-05,-5.94630422e-05,-7.53316764e-05,-7.53316764e-05,-7.21490999e-05,-7.31873849e-05,-7.74142764e-05,-7.74142764e-05,-7.26272164e-05,-7.244242e-05,-7.08690469e-05,-7.13261043e-05,-7.13261043e-05,-7.13261043e-05,-7.1357663e-05,-7.08690469e-05,-7.51189589e-05,-7.5123161e-05,-7.51263302e-05,-7.833922e-05,-7.51193476e-05,-6.88505537e-05,-6.59988832e-05,-6.57589143e-05,-6.59988832e-05,-6.52498601e-05,-7.58581214e-05,-7.50402396e-05,-0.00108187671,-0.00108187671,-0.00108187671,-0.00108187671,-0.00108544806,-0.00108544806,-0.00108592486,-0.00108586625,-0.00108449436,-0.00108449436,-0.00108592486,-0.00108592486,-0.0010961828,-0.00109588578,-0.00109588578,-0.00109588578,-0.00109588578,-0.0010961828,-0.00110370585,-0.00110370585,-0.00110370585,-0.00112343396,-0.00110370585,-0.00112067931,-0.00108456088,-0.00108438208,-0.00108456088,-0.00108402448,-0.00109934387,-0.00110017926,0.00100708009,0.00105182875
6.02493056,-5.13530355e-05,-5.13530355e-05,-5.13530355e-05,-5.13530355e-05,-6.48742633e-05,-6.48742633e-05,-6.18671886e-05,-6.28368046e-05,-6.69012372e-05,-6.69012372e-05,-6.2312372e-05,-6.21400859e-05,-6.15928331e-05,-6.21374444e-05,-6.21374444e-05,-6.21374444e-05,-6.21750403e-05,-6.15928331e-05,-6.73290686e-05,-6.73298006e-05,-6.73302949e-05,-7.04500724e-05,-6.73289378e-05,-6.14245189e-05,-5.66890313e-05,-5.64477944e-05,-5.66890313e-05,-5.59471109e-05,-6.68516535e-05,-6.60279566e-05,-0.00106918115,-0.00106918115,-0.00106918115,-0.00106918115,-0.00107418199,-0.00107418199,-0.00107442138,-0.00107447999,-0.00107334649,-0.00107334649,-0.00107447999,-0.00107442138,-0.00108324884,-0.00108301044,-0.00108301044,-0.00108301044,-0.00108301044,-0.00108324884,-0.00108779175,-0.00108779175,-0.00108785036,-0.00110746125,-0.00108779175,-0.00110774733,-0.00107150773,-0.00107132794,-0.00107150773,-0.00107102994,-0.00108605223,-0.00108688673,0.00100644526,0.00104632282
6.04159722,-4.34229107e-05,-4.34229107e-05,-4.34229107e-05,-4.34229107e-05,-5.45783353e-05,-5.45783353e-05,-5.18062237e-05,-5.26882253e-05,-5.65087387e-05,-5.65087387e-05,-5.22097994e-05,-5.2053402e-05,-5.23205082e-05,-5.29240547e-05,-5.29240547e-05,-5.29240547e-05,-5.29663845e-05,-5.23205082e-05,-5.9567489e-05,-5.95649006e-05,-5.95628382e-05,-6.25374071e-05,-5.95668598e-05,-5.41584984e-05,-4.75177893e-05,-4.72780032e-05,-4.75177893e-05,-4.67953413e-05,-5.79329249e-05,-5.71034072e-05,-0.0010565452,-0.0010565452,-0.0010565452,-0.0010565452,-0.00106315431,-0.00106315431,-0.00106315531,-0.00106327461,-0.00106243811,-0.00106243811,-0.00106321491,-0.00106321491,-0.0010704937,-0.0010702553,-0.0010702553,-0.0010702553,-0.0010702553,-0.0010704937,-0.00107199577,-0.00107199577,-0.00107205537,-0.00109113187,-0.00107199577,-0.00109451639,-0.0010585728,-0.001058394,-0.0010585728,-0.0010580959,-0.00107276069,-0.00107359519,0.00100592938,0.00104035789
6.05826389,-3.55929218e-05,-3.55929218e-05,-3.55929218e-05,-3.55929218e-05,-4.44654788e-05,-4.44654788e-05,-4.1981262e-05,-4.27590674e-05,-4.62614268e-05,-4.62614268e-05,-4.23356707e-05,-4.2198113e-05,-4.30615982e-05,-4.36941203e-05,-4.36941203e-05,-4.36941203e-05,-4.37396943e-05,-4.30615982e-05,-5.18083861e-05,-5.18026956e-05,-5.17982477e-05,-5.45819928e-05,-5.180729e-05,-4.70141391e-05,-3.84815212e-05,-3.82455921e-05,-3.84815212e-05,-3.77889621e-05,-4.9098143e-05,-4.82630109e-05,-0.00104390851,-0.00104390851,-0.00104390851,-0.00104390851,-0.0010523049,-0.0010523049,-0.00105212708,-0.00105230588,-0.0010517089,-0.0010517089,-0.00105218668,-0.00105218668,-0.00105785601,-0.00105761761,-0.00105761761,-0.00105761761,-0.00105761761,-0.00105785601,-0.00105631916,-0.00105637777,-0.00105643737,-0.00107456212,-0.00105631916,-0.00108086835,-0.00104569769,-0.00104551889,-0.00104569769,-0.0010452208,-0.00105958658,-0.00106042098,0.00100451077,0.00103385421
6.07493056,-2.77880048e-05,-2.77880048e-05,-2.77880048e-05,-2.77880048e-05,-3.45553249e-05,-3.45553249e-05,-3.2404407e-05,-3.30641048e-05,-3.61827339e-05,-3.61827339e-05,-3.27033442e-05,-3.25870951e-05,-3.3831192e-05,-3.44630317e-05,-3.44630317e-05,-3.44630317e-05,-3.45102657e-05,-3.3831192e-05,-4.40288751e-05,-4.40203628e-05,-4.40137481e-05,-4.65683157e-05,-4.4027353e-05,-3.99541971e-05,-2.95761002e-05,-2.93460334e-05,-2.95761002e-05,-2.8921523e-05,-4.03451261e-05,-3.9504744e-05,-0.00103127265,-0.00103127265,-0.00103127265,-0.00103127265,-0.00104163491,-0.00104163491,-0.00104121959,-0.0010414571,-0.00104115801,-0.00104115801,-0.00104133879,-0.0010413378,-0.00104533835,-0.00104509985,-0.00104509985,-0.00104509985,-0.00104509985,-0.00104533835,-0.00104088087,-0.00104094047,-0.00104099907,-0.00105793273,-0.00104088087,-0.00106692211,-0.00103294254,-0.00103276374,-0.00103294254,-0.00103252435,-0.00104647373,-0.00104730823,0.000996851991,0.00102696791
6.09159722,-1.99419126e-05,-1.99419126e-05,-1.99419126e-05,-1.99419126e-05,-2.4865146e-05,-2.4865146e-05,-2.30845927e-05,-2.36151835e-05,-2.62943754e-05,-2.62943754e-05,-2.33231172e-05,-2.3230121e-05,-2.46488329e-05,-2.5252154e-05,-2.5252154e-05,-2.5252154e-05,-2.5299462e-05,-2.46488329e-05,-3.62093155e-05,-3.61983158e-05,-3.61897942e-05,-3.84846551e-05,-3.62074167e-05,-3.29431367e-05,-2.07969468e-05,-2.05742855e-05,-2.07969468e-05,-2.01858952e-05,-3.16728298e-05,-3.08276661e-05,-0.0010187549,-0.0010187549,-0.0010187549,-0.0010187549,-0.00103102542,-0.00103102542,-0.00103049001,-0.00103072841,-0.00103072742,-0.00103072742,-0.00103060921,-0.00103054961,-0.0010329408,-0.0010327024,-0.0010327024,-0.0010327024,-0.0010327024,-0.0010329408,-0.00102573958,-0.00102579918,-0.00102579918,-0.00104118417,-0.00102573958,-0.00105267789,-0.0010203642,-0.0010201854,-0.0010203642,-0.0010198884,-0.0010334802,-0.0010343137,0.000989530265,0.00101973475
6.10826389,-1.20005609e-05,-1.20005609e-05,-1.20005609e-05,-1.20005609e-05,-1.54095444e-05,-1.54095444e-05,-1.40274763e-05,-1.44210439e-05,-1.66159257e-05,-1.66159257e-05,-1.4202086e-05,-1.41337323e-05,-1.55368141e-05,-1.60869122e-05,-1.60869122e-05,-1.60869122e-05,-1.61327929e-05,-1.55368141e-05,-2.83336307e-05,-2.83205229e-05,-2.83103888e-05,-3.03231652e-05,-2.83314112e-05,-2.59477377e-05,-1.21388913e-05,-1.19246826e-05,-1.21388912e-05,-1.15742766e-05,-2.3080991e-05,-2.22315917e-05,-0.00100617881,-0.00100617881,-0.00100617881,-0.00100617881,-0.00102053461,-0.00102053461,-0.0010198204,-0.0010201184,-0.00102041442,-0.00102041442,-0.0010199396,-0.00101988,-0.00102060212,-0.00102042233,-0.00102042233,-0.00102042233,-0.00102042233,-0.00102060212,-0.0010108369,-0.00101089651,-0.00101095611,-0.00102449422,-0.0010108369,-0.00103813482,-0.00100784672,-0.00100766792,-0.00100784672,-0.00100736992,-0.0010206041,-0.00102137899,0.000982503273,0.00101218708
6.12493056,-3.92490825e-06,-3.92490825e-06,-3.92490825e-06,-3.92490825e-06,-6.20019313e-06,-6.20019313e-06,-5.23538486e-06,-5.48719677e-06,-7.16444107e-06,-7.16444107e-06,-5.34405945e-06,-5.30116561e-06,-6.51880814e-06,-6.99521204e-06,-6.99521204e-06,-6.99521204e-06,-7.0383266e-06,-6.51880814e-06,-2.03894882e-05,-2.03746873e-05,-2.03632618e-05,-2.20798538e-05,-2.03870097e-05,-1.89376572e-05,-3.59661237e-06,-3.39138997e-06,-3.59661235e-06,-3.07872287e-06,-1.45700128e-05,-1.37169423e-05,-0.000993720654,-0.000993720654,-0.000993720654,-0.000993720654,-0.00101010301,-0.00101010301,-0.00100920991,-0.00100956761,-0.00101010301,-0.00101010301,-0.00100938871,-0.00100932911,-0.00100844206,-0.00100820366,-0.00100820366,-0.00100820366,-0.00100820366,-0.00100844206,-0.000996292593,-0.000996352193,-0.0009964108,-0.00100798304,-0.000996292593,-0.00102341369,-0.000995389653,-0.000995210754,-0.000995389653,-0.000994972354,-0.00100778934,-0.00100862285,0.000975903105,0.00100447603
6.14159722,4.30599019e-06,4.30599019e-06,4.30599019e-06,4.30599019e-06,2.75388785e-06,2.75388785e-06,3.29219286e-06,3.18365736e-06,2.04539066e-06,2.04539066e-06,3.24998269e-06,3.26717564e-06,2.37989484e-06,1.99263874e-06,1.99263874e-06,1.99263874e-06,1.95340376e-06,2.37989484e-06,-1.23688584e-05,-1.23528045e-05,-1.23404281e-05,-1.37549212e-05,-1.23661864e-05,-1.18863149e-05,4.83353787e-06,5.02973431e-06,4.83353788e-06,5.30685513e-06,-6.1425748e-06,-5.28639e-06,-0.0009812636,-0.0009812636,-0.0009812636,-0.0009812636,-0.000999613816,-0.000999613816,-0.000998601514,-0.000999017718,-0.000999792616,-0.000999792616,-0.000998780314,-0.000998719716,-0.000996342504,-0.000996104102,-0.000996104102,-0.000996104102,-0.000996104102,-0.000996342504,-0.000982164588,-0.000982224188,-0.000982224188,-0.00099159117,-0.000982164588,-0.00100857348,-0.000983110302,-0.000982931502,-0.000983110302,-0.000982693102,-0.0009951524,-0.0009959273,0.00096979573,0.0010023677
6.15826389,1.26966926e-05,1.26966926e-05,1.26966926e-05,1.26966926e-05,1.14470081e-05,1.14470081e-05,1.15590706e-05,1.15921636e-05,1.10020566e-05,1.10020566e-05,1.15823869e-05,1.15742061e-05,1.11362894e-05,1.0848135e-05,1.0848135e-05,1.0848135e-05,1.08136199e-05,1.11362894e-05,-4.26751094e-06,-4.25065909e-06,-4.23768315e-06,-5.35205022e-06,-4.26471329e-06,-4.77072045e-06,1.31561441e-05,1.33437316e-05,1.31561441e-05,1.35892134e-05,2.19937448e-06,3.05813328e-06,-0.000968865318,-0.000968865318,-0.000968865318,-0.000968865318,-0.000989123007,-0.000989123007,-0.000987991496,-0.000988408696,-0.000989480607,-0.000989480607,-0.000988170296,-0.000988110696,-0.000984360539,-0.000984122139,-0.000984122139,-0.000984122139,-0.000984122139,-0.000984360539,-0.000968393421,-0.000968453021,-0.000968512632,-0.000975555849,-0.000968393421,-0.000993612095,-0.000970890879,-0.000970712069,-0.000970890879,-0.000970473629,-0.000982575406,-0.000983350207,0.00096412591,0.00100057002
6.17493056,2.12348829e-05,2.12348829e-05,2.12348829e-05,2.12348829e-05,1.9876644e-05,1.9876644e-05,1.95719959e-05,1.97420121e-05,1.96971835e-05,1.96971835e-05,1.9658489e-05,1.96258087e-05,1.97299247e-05,1.95451392e-05,1.95451392e-05,1.95451392e-05,1.95158811e-05,1.97299247e-05,3.91479004e-06,3.93198055e-06,3.94520164e-06,3.12157543e-06,3.91764465e-06,2.42797476e-06,2.1375206e-05,2.15550079e-05,2.1375206e-05,2.17741899e-05,1.04537597e-05,1.13145884e-05,-0.000956586,-0.000956586,-0.000956586,-0.000956586,-0.000978573205,-0.000978573205,-0.0009773821,-0.0009777993,-0.000979050007,-0.000979050007,-0.0009775609,-0.000977500307,-0.000972439866,-0.000972201427,-0.000972201427,-0.000972201427,-0.000972201427,-0.000972439866,-0.000955040234,-0.000955099834,-0.000955159434,-0.000959818567,-0.000955040234,-0.000978651582,-0.00095879136,-0.00095861256,-0.00095879136,-0.000958374159,-0.000970176853,-0.000970951713,0.000958955024,0.00099874719
6.19159722,2.98922121e-05,2.98922121e-05,2.98922121e-05,2.98922121e-05,2.80432095e-05,2.80432095e-05,2.73402255e-05,2.76395775e-05,2.81254356e-05,2.81254356e-05,2.74862185e-05,2.74304286e-05,2.81431659e-05,2.80604406e-05,2.80604406e-05,2.80604406e-05,2.80366617e-05,2.81431659e-05,1.21742146e-05,1.21912902e-05,1.22044069e-05,1.16553542e-05,1.21770581e-05,9.72405808e-06,2.94931868e-05,2.96663659e-05,2.94931868e-05,2.98656839e-05,1.86176077e-05,1.94800629e-05,-0.000944367302,-0.000944367302,-0.000944367302,-0.000944367302,-0.000967963717,-0.000967963717,-0.000966653415,-0.000967070674,-0.000968559816,-0.000968559816,-0.000966833253,-0.000966772644,-0.000960578755,-0.000960398947,-0.000960398947,-0.000960398947,-0.000960340335,-0.000960578755,-0.000942105298,-0.000942163899,-0.0009422235,-0.00094455808,-0.000942105298,-0.00096369118,-0.000946810104,-0.000946631265,-0.000946810104,-0.000946392855,-0.000957897543,-0.000958672403,0.000954279512,0.000996685252
6.20826389,3.86268731e-05,3.86268731e-05,3.86268731e-05,3.86268731e-05,3.59499249e-05,3.59499249e-05,3.4875209e-05,3.52936626e-05,3.62845048e-05,3.62845048e-05,3.50758106e-05,3.49987733e-05,3.63621223e-05,3.63749852e-05,3.63749852e-05,3.63749852e-05,3.63565994e-05,3.63621223e-05,2.05030484e-05,2.05195711e-05,2.05322465e-05,2.02355953e-05,2.05058151e-05,1.71271443e-05,3.75113688e-05,3.76793417e-05,3.75113688e-05,3.7865933e-05,2.66873241e-05,2.75510125e-05,-0.000932207469,-0.000932207469,-0.000932207469,-0.000932207469,-0.000957175896,-0.000957175896,-0.000955865585,-0.000956282785,-0.000957950746,-0.000957950746,-0.000956044385,-0.000955984785,-0.000948835191,-0.000948596751,-0.000948596751,-0.000948596751,-0.000948596751,-0.000948835191,-0.000929585858,-0.000929645458,-0.000929705058,-0.000929713956,-0.000929585858,-0.000948789424,-0.000934947302,-0.00093476948,-0.000934947302,-0.00093447144,-0.000945737729,-0.000946452979,0.000949949552,0.000994235251
6.22493056,4.73867802e-05,4.73867802e-05,4.73867802e-05,4.73867802e-05,4.36027134e-05,4.36027134e-05,4.21903219e-05,4.27152826e-05,4.41751215e-05,4.41751215e-05,4.24395617e-05,4.234356e-05,4.43772376e-05,4.44747048e-05,4.44747048e-05,4.44747048e-05,4.44613413e-05,4.43772376e-05,2.88899386e-05,2.89054953e-05,2.89174114e-05,2.88458736e-05,2.88925662e-05,2.46421217e-05,4.54297253e-05,4.55940734e-05,4.54297253e-05,4.57753781e-05,3.46588292e-05,3.55233954e-05,-0.000920226167,-0.000920226167,-0.000920226167,-0.000920226167,-0.00094632804,-0.00094632804,-0.00094501674,-0.000945375364,-0.0009471625,-0.0009471625,-0.00094519555,-0.000945077333,-0.000937152874,-0.000936914473,-0.000936914473,-0.000936914473,-0.000936914473,-0.000937152874,-0.000917543967,-0.00091754496,-0.000917603567,-0.000915407136,-0.000917543967,-0.000934066387,-0.000923145803,-0.000922966974,-0.000923145803,-0.000922668973,-0.000933696827,-0.000934471667,0.00094425301,0.000991337621
6.24159722,5.61132854e-05,5.61132854e-05,5.61132854e-05,5.61132854e-05,5.10100493e-05,5.10100493e-05,4.93005687e-05,4.99174145e-05,5.18010063e-05,5.18010063e-05,4.95915545e-05,4.94792318e-05,5.21838751e-05,5.23512845e-05,5.23512845e-05,5.23512845e-05,5.23423242e-05,5.21838751e-05,3.73202862e-05,3.73344968e-05,3.73453618e-05,3.74675062e-05,3.73227172e-05,3.22692772e-05,5.32473003e-05,5.34096795e-05,5.32473003e-05,5.35930547e-05,4.25280759e-05,4.339319e-05,-0.000908305504,-0.000908305504,-0.000908305504,-0.000908305504,-0.000935302412,-0.000935302412,-0.000933991112,-0.00093434971,-0.000936197461,-0.000936197461,-0.000934169912,-0.000934110312,-0.000925470607,-0.000925291806,-0.000925291806,-0.000925291806,-0.000925291806,-0.000925470607,-0.000905859708,-0.000905919308,-0.000905920306,-0.000901636751,-0.000905859708,-0.000919522134,-0.000911403907,-0.000911225107,-0.000911403907,-0.000910927106,-0.000921776105,-0.000922551004,0.000939104257,0.000987998467
6.25826389,6.47447253e-05,6.47447253e-05,6.47447253e-05,6.47447253e-05,5.81826442e-05,5.81826442e-05,5.62221505e-05,5.69145996e-05,5.91686468e-05,5.91686468e-05,5.65472408e-05,5.64215344e-05,5.97819238e-05,6.00019044e-05,6.00019044e-05,6.00019044e-05,5.99965285e-05,5.97819238e-05,4.57765467e-05,4.57890717e-05,4.57986249e-05,4.60799011e-05,4.57787297e-05,4.00043438e-05,6.09619183e-05,6.11239712e-05,6.09619183e-05,6.13163319e-05,5.02907472e-05,5.11561021e-05,-0.0008965033,-0.0008965033,-0.0008965033,-0.0008965033,-0.000924097273,-0.000924097273,-0.000922845573,-0.000923203214,-0.000925110573,-0.000925110573,-0.000923024374,-0.000922905174,-0.000913905863,-0.000913727062,-0.000913727062,-0.000913727062,-0.000913727062,-0.000913905863,-0.000894592973,-0.000894651585,-0.000894652574,-0.000888461614,-0.000894592973,-0.000905215468,-0.000899839163,-0.000899660362,-0.000899839163,-0.000899303751,-0.000910032551,-0.000910747821,0.000934541515,0.00098427922
6.27493056,7.32208173e-05,7.32208173e-05,7.32208173e-05,7.32208173e-05,6.51332911e-05,6.51332911e-05,6.2972212e-05,6.37227198e-05,6.62872215e-05,6.62872215e-05,6.33232016e-05,6.31872715e-05,6.71763105e-05,6.74298369e-05,6.74298369e-05,6.74298369e-05,6.74270836e-05,6.71763105e-05,5.4238786e-05,5.42493323e-05,5.42573497e-05,5.46611504e-05,5.42406764e-05,4.78388783e-05,6.85711309e-05,6.87344046e-05,6.85711309e-05,6.89419025e-05,5.79431524e-05,5.88084414e-05,-0.00088487863,-0.00088487863,-0.00088487863,-0.00088487863,-0.00091277358,-0.00091277358,-0.000911580517,-0.00091187954,-0.000913845486,-0.000913845486,-0.00091170072,-0.00091164112,-0.000902343773,-0.00090216398,-0.00090216398,-0.00090216398,-0.00090216398,-0.000902343773,-0.00088368356,-0.00088374316,-0.00088374316,-0.000875882303,-0.00088368356,-0.000891207646,-0.00088827608,-0.00088809728,-0.00088827608,-0.00088779928,-0.000898350273,-0.00089912414,0.000930543454,0.000980132708
6.29159722,8.14856829e-05,8.14856829e-05,8.14856829e-05,8.14856829e-05,7.1876424e-05,7.1876424e-05,6.95683346e-05,7.03585082e-05,7.31682215e-05,7.31682215e-05,6.99366483e-05,6.97938023e-05,7.43756212e-05,7.46430731e-05,7.46430731e-05,7.46430731e-05,7.46418982e-05,7.43756212e-05,6.26850223e-05,6.26933489e-05,6.26996463e-05,6.31883632e-05,6.26865831e-05,5.57604172e-05,7.60713525e-05,7.6237233e-05,7.60713525e-05,7.6465012e-05,6.54816255e-05,6.63465456e-05,-0.000873315559,-0.000873315559,-0.000873315559,-0.000873315559,-0.000901271107,-0.000901271107,-0.000900137649,-0.000900435669,-0.000902344007,-0.000902344007,-0.000900256859,-0.000900198257,-0.000890898909,-0.000890661507,-0.000890661507,-0.000890661507,-0.000890661507,-0.000890898909,-0.000873132756,-0.000873191358,-0.000873192356,-0.000863840405,-0.000873132756,-0.000877556491,-0.000876832209,-0.000876653409,-0.000876832209,-0.000876295808,-0.000886845808,-0.000887561069,0.000927028768,0.000975512229
6.30826389,8.9491118e-05,8.9491118e-05,8.9491118e-05,8.9491118e-05,7.84278131e-05,7.84278131e-05,7.60281924e-05,7.6839213e-05,7.98251923e-05,7.98251923e-05,7.64050813e-05,7.62586993e-05,8.13919226e-05,8.1654118e-05,8.1654118e-05,8.1654118e-05,8.16534567e-05,8.13919226e-05,7.10917512e-05,7.10976725e-05,7.11021089e-05,7.1638156e-05,7.10929539e-05,6.37528617e-05,8.34586212e-05,8.36282745e-05,8.34586211e-05,8.38802718e-05,7.29025657e-05,7.37668251e-05,-0.000861871023,-0.000861871023,-0.000861871023,-0.000861871023,-0.000889647752,-0.000889647752,-0.000888574891,-0.000888872911,-0.000890720651,-0.000890720651,-0.000888694102,-0.000888693113,-0.000879394763,-0.000879215963,-0.000879215963,-0.000879215963,-0.000879274574,-0.000879394763,-0.00086293797,-0.00086293797,-0.000862938958,-0.000852452474,-0.00086293797,-0.000864202524,-0.000865447302,-0.000865268463,-0.000865447302,-0.000864910862,-0.000875401263,-0.000876175173,0.00092409063,0.000970545844
6.32493056,9.71992819e-05,9.71992819e-05,9.71992819e-05,9.71992819e-05,8.48042609e-05,8.48042609e-05,8.23692353e-05,8.31822817e-05,8.6273461e-05,8.6273461e-05,8.27459732e-05,8.25994313e-05,8.82398529e-05,8.8478993e-05,8.8478993e-05,8.8478993e-05,8.84778183e-05,8.82398529e-05,7.94345009e-05,7.94378893e-05,7.94403686e-05,7.99871621e-05,7.94353255e-05,7.17969621e-05,9.07286517e-05,9.09029824e-05,9.07286517e-05,9.11818076e-05,8.02028097e-05,8.10661266e-05,-0.000850604986,-0.000850604986,-0.000850604986,-0.000850604986,-0.000877847267,-0.000877847267,-0.000876952203,-0.000877132017,-0.000878920166,-0.000878920166,-0.000877011813,-0.000877011813,-0.00086801052,-0.00086783168,-0.00086783168,-0.00086783168,-0.00086783168,-0.00086801052,-0.000852983197,-0.000852983197,-0.000852983197,-0.0008415431,-0.000852983197,-0.00085126757,-0.000854181247,-0.00085394382,-0.000854181247,-0.00085358618,-0.000864135226,-0.000864850486,0.000921530262,0.000965193627
6.34159722,0.000104585497,0.000104585497,0.000104585497,0.000104585497,9.10235388e-05,9.10235388e-05,8.86086428e-05,8.94053032e-05,9.25300863e-05,9.25300863e-05,8.89767171e-05,8.88333136e-05,9.49368124e-05,9.51372862e-05,9.51372862e-05,9.51372862e-05,9.5134662e-05,9.49368124e-05,8.76886396e-05,8.76894269e-05,8.76898983e-05,8.8212759e-05,8.76890748e-05,7.98710691e-05,9.78782166e-05,9.80578454e-05,9.78782166e-05,9.83647462e-05,8.73808504e-05,8.82429685e-05,-0.00083939951,-0.00083939951,-0.00083939951,-0.00083939951,-0.000865986204,-0.000865986204,-0.000865150707,-0.000865330505,-0.000866999465,-0.000866999465,-0.000865211305,-0.000865210307,-0.000856626259,-0.000856506051,-0.000856506051,-0.000856506051,-0.000856506051,-0.000856626259,-0.000843266824,-0.000843266824,-0.000843266824,-0.000831229718,-0.000843266824,-0.000838748861,-0.00084291621,-0.000842737381,-0.00084291621,-0.000842321149,-0.000852929771,-0.000853645011,0.00091861993,0.000959529551
6.35826389,0.00011163742,0.00011163742,0.00011163742,0.00011163742,9.71034998e-05,9.71034998e-05,9.4762479e-05,9.55251448e-05,9.86129672e-05,9.86129672e-05,9.51137721e-05,9.49766569e-05,0.000101500128,0.00010164916,0.00010164916,0.00010164916,0.000101644287,0.000101500128,9.582941e-05,9.58275867e-05,9.58260452e-05,9.62930058e-05,9.58294535e-05,8.79511594e-05,0.000104903281,0.000105088537,0.000104903281,0.00010542343,9.44344809e-05,9.52951827e-05,-0.000828253014,-0.000828253014,-0.000828253014,-0.000828253014,-0.00085394558,-0.00085394558,-0.000853230339,-0.00085340914,-0.00085495884,-0.00085495884,-0.000853289939,-0.000853289939,-0.000845300933,-0.000845180734,-0.000845180734,-0.000845180734,-0.000845181723,-0.000845300933,-0.000833729722,-0.000833729722,-0.000833729722,-0.000821391552,-0.000833729722,-0.000826588029,-0.000831769674,-0.000831531273,-0.000831769674,-0.000831173644,-0.000841841885,-0.000842558124,0.000914539188,0.000953571807
6.37493056,0.000118356869,0.000118356869,0.000118356869,0.000118356869,0.000103062199,0.000103062199,0.000100845881,0.000101558114,0.000104540945,0.000104540945,0.000101172839,0.000101044949,0.000107947647,0.000108035766,0.000108035766,0.000108035766,0.000108028014,0.000107947647,0.000103832875,0.000103828489,0.000103824974,0.000104207475,0.000103832533,9.60118125e-05,0.00011180093,0.000111991858,0.00011180093,0.000112353419,0.000101362687,0.000102221806,-0.000817225393,-0.000817225393,-0.000817225393,-0.000817225393,-0.00084184706,-0.00084184706,-0.000841309627,-0.000841369227,-0.000842742123,-0.000842742123,-0.000841309627,-0.000841309627,-0.000834034886,-0.000833915686,-0.000833915686,-0.000833915686,-0.000833915686,-0.000834034886,-0.00082437098,-0.00082437098,-0.00082437098,-0.000811973239,-0.00082437098,-0.000814903773,-0.000820682443,-0.000820445017,-0.000820682443,-0.000820027786,-0.000830874833,-0.000831590093,0.000910915585,0.000947283068
6.39159722,0.000124758411,0.000124758411,0.000124758411,0.000124758411,0.000108917376,0.000108917376,0.000106872635,0.000107519496,0.000110333248,0.000110333248,0.000107168419,0.000107052417,0.000114296132,0.000114317428,0.000114317428,0.000114317428,0.000114306363,0.000114296132,0.000111676251,0.000111669405,0.000111663998,0.000111937461,0.000111675538,0.000104026615,0.000118568679,0.000118765062,0.000118568679,0.000119150881,0.000108164862,0.000109022296,-0.000806258313,-0.000806258313,-0.000806258313,-0.000806258313,-0.000829687953,-0.000829687953,-0.000829269705,-0.000829270703,-0.000830522403,-0.000830522403,-0.000829269705,-0.000829269705,-0.000822829411,-0.00082271021,-0.00082271021,-0.00082271021,-0.00082271021,-0.000822829411,-0.000815191028,-0.000815132426,-0.000815132426,-0.000802972098,-0.000815191028,-0.000803636711,-0.00080959721,-0.000809417412,-0.00080959721,-0.000808941541,-0.000819967412,-0.000820682663,0.000907663326,0.000940855651
6.40826389,0.000130868577,0.000130868577,0.000130868577,0.000130868577,0.000114686293,0.000114686293,0.000112855122,0.000113423467,0.000116009285,0.000116009285,0.000113113743,0.000113011967,0.000120561197,0.000120513388,0.000120513388,0.000120513388,0.000120498781,0.000120561197,0.000119338503,0.000119329352,0.000119322172,0.000119466441,0.000119337442,0.00011196887,0.000125205319,0.000125406711,0.000125205319,0.000125813499,0.000114841356,0.000115697074,-0.000795408896,-0.000795408896,-0.000795408896,-0.000795408896,-0.000817468529,-0.000817468529,-0.000817170528,-0.000817170528,-0.000818243389,-0.000818243389,-0.000817170528,-0.000817170528,-0.000811681935,-0.000811562725,-0.000811562725,-0.000811562725,-0.000811563714,-0.000811681935,-0.000806012564,-0.000806011575,-0.000806011575,-0.000794327097,-0.000806012564,-0.000792786296,-0.000798628515,-0.000798390085,-0.000798628515,-0.000797972885,-0.000809177546,-0.000809834185,0.000904755166,0.000934252674
6.42493056,0.000136722795,0.000136722795,0.000136722795,0.000136722795,0.000120385133,0.000120385133,0.000118803845,0.000119282566,0.000121587975,0.000121587975,0.000119020273,0.000118934695,0.00012675536,0.000126639678,0.000126639678,0.000126639678,0.000126621503,0.00012675536,0.000126800482,0.000126789226,0.000126780429,0.000126780071,0.000126799102,0.000119811873,0.000131709688,0.000131915457,0.000131709688,0.000132339268,0.000121392059,0.0001222461,-0.00078456103,-0.00078456103,-0.00078456103,-0.00078456103,-0.00080524981,-0.00080524981,-0.00080507099,-0.00080501136,-0.00080590546,-0.00080590546,-0.00080507099,-0.00080507099,-0.000800537086,-0.000800417857,-0.000800417857,-0.000800417857,-0.000800476493,-0.000800537086,-0.000796951847,-0.000796892247,-0.000796892247,-0.000785981616,-0.000796951847,-0.000782295067,-0.0007877201,-0.000787482654,-0.0007877201,-0.000787005794,-0.0007983893,-0.00079910457,0.00090210694,0.000927493435
6.44159722,0.000142364252,0.000142364252,0.000142364252,0.000142364252,0.000126029071,0.000126029071,0.000124727651,0.000125107871,0.000127087751,0.000127087751,0.0001248979,0.000124830088,0.000132889041,0.000132709948,0.000132709948,0.000132709948,0.000132688373,0.000132889041,0.000134045603,0.000134032482,0.000134022256,0.000133866734,0.00013404394,0.000127529786,0.000138082374,0.000138291752,0.000138082374,0.000138728228,0.000127817903,0.000128670352,-0.000773714212,-0.000773714212,-0.000773714212,-0.000773714212,-0.000793031103,-0.000793031103,-0.000792971502,-0.000792911902,-0.000793568541,-0.000793568541,-0.000792970504,-0.000792971502,-0.000789509413,-0.000789390212,-0.000789390212,-0.000789390212,-0.000789390212,-0.000789509413,-0.000787832528,-0.000787832528,-0.000787773926,-0.000777874536,-0.000787832528,-0.00077222012,-0.000776813643,-0.000776633814,-0.000776813643,-0.000776098412,-0.000787778916,-0.000788435554,0.000899749905,0.000922398453
6.45826389,0.000147841321,0.000147841321,0.000147841321,0.000147841321,0.000131632214,0.000131632214,0.000130633817,0.00013090903,0.000132526412,0.000132526412,0.000130755012,0.000130706106,0.000138970866,0.000138735594,0.000138735594,0.000138735594,0.000138710959,0.000138970866,0.000141060298,0.000141045587,0.000141034145,0.00014071784,0.000141058392,0.000135098269,0.000144325987,0.000144538126,0.000144325987,0.000144982786,0.000134121334,0.000134972329,-0.000762983946,-0.000762983946,-0.000762983946,-0.000762983946,-0.000780871279,-0.000780871279,-0.000780930879,-0.00078087029,-0.000781289517,-0.000781289517,-0.000780871279,-0.00078092989,-0.000778541755,-0.000778422545,-0.000778422545,-0.000778422545,-0.000778422545,-0.000778541755,-0.000778712674,-0.000778712674,-0.000778654063,-0.000769887219,-0.000778712674,-0.000762502152,-0.000766023796,-0.000765785396,-0.000766023796,-0.000765308526,-0.000777168867,-0.000777884107,0.000897600421,0.000919772973
6.47493056,0.000153202817,0.000153202817,0.000153202817,0.000153202817,0.000137206834,0.000137206834,0.000136527445,0.000136693603,0.000137920266,0.000137920266,0.000136597855,0.000136568555,0.000145004937,0.000144722936,0.000144722936,0.000144722936,0.000144695721,0.000145004937,0.000147833758,0.000147817759,0.000147805334,0.000147327442,0.000147831654,0.000142494458,0.000150442614,0.000150656647,0.000150442614,0.000151105132,0.000140303881,0.0001411536,-0.0007522553,-0.0007522553,-0.0007522553,-0.0007522553,-0.000768770767,-0.000768770767,-0.000768949567,-0.000768830367,-0.00076906976,-0.00076906976,-0.000768889967,-0.00076889096,-0.0007676333,-0.000767515093,-0.000767515093,-0.000767515093,-0.000767515093,-0.0007676333,-0.0007695347,-0.000769533707,-0.0007694751,-0.00076201858,-0.0007695347,-0.00075308384,-0.00075523555,-0.00075499713,-0.00075523555,-0.0007545203,-0.000766619047,-0.000767334307,0.000895578297,0.000917368458
6.49159722,0.00015849647,0.00015849647,0.00015849647,0.00015849647,0.000142763518,0.000142763518,0.000142411783,0.000142467322,0.000143284188,0.000143284188,0.000142430832,0.000142421391,0.000150992782,0.000150675106,0.000150675106,0.000150675106,0.000150645898,0.000150992782,0.000154358388,0.000154341423,0.000154328264,0.000153692571,0.000154356135,0.000149697681,0.000156435829,0.000156650912,0.000156435829,0.000157099209,0.000146367461,0.000147216092,-0.000741526714,-0.000741526714,-0.000741526714,-0.000741526714,-0.000756731873,-0.000756731873,-0.000757028904,-0.000756909704,-0.000756970302,-0.000756970302,-0.000756969304,-0.000757027906,-0.000756785485,-0.000756667273,-0.000756667273,-0.000756667273,-0.000756667273,-0.000756785485,-0.000760296166,-0.000760236566,-0.000760236566,-0.000754210507,-0.000760296166,-0.000743903898,-0.000744566514,-0.000744328114,-0.000744566514,-0.000743791674,-0.000756188416,-0.000756844116,0.000893601578,0.000914654554
6.50826389,0.0001637661,0.0001637661,0.0001637661,0.0001637661,0.000148311077,0.000148311077,0.000148288294,0.00014823411,0.00014863143,0.00014863143,0.000148256545,0.000148266775,0.000156933451,0.000156592087,0.000156592087,0.000156592087,0.00015656154,0.000156933451,0.000160629928,0.000160612331,0.000160598695,0.000159813243,0.000160627575,0.000156689834,0.000162310193,0.000162525559,0.000162310193,0.000162970207,0.0001523144,0.000153162119,-0.000730857046,-0.000730857046,-0.000730857046,-0.000730857046,-0.00074486908,-0.00074486908,-0.00074522671,-0.000745106511,-0.00074498829,-0.00074498829,-0.0007451671,-0.000745225721,-0.000746056226,-0.000745936996,-0.000745936996,-0.000745936996,-0.000745936996,-0.000746056226,-0.000750937864,-0.000750879252,-0.000750878264,-0.00074640199,-0.000750937864,-0.000735021485,-0.000733896896,-0.000733658466,-0.000733896896,-0.000733121997,-0.000745757207,-0.000746412867,0.000891711319,0.000911567792
6.52493056,0.000169049273,0.000169049273,0.000169049273,0.000169049273,0.000153856438,0.000153856438,0.000154156708,0.000153996075,0.000153973406,0.000153973406,0.000154075824,0.00015410511,0.000162823702,0.000162470878,0.000162470878,0.000162470878,0.000162439675,0.000162823702,0.000166647485,0.000166629593,0.000166615743,0.000165692389,0.000166645081,0.000163455672,0.000168071066,0.000168286064,0.000168071066,0.000168724323,0.000158147322,0.000158994283,-0.0007202476,-0.0007202476,-0.0007202476,-0.0007202476,-0.000733126174,-0.000733126174,-0.000733603033,-0.000733424224,-0.000733127167,-0.000733127167,-0.00073354244,-0.000733543433,-0.0007353872,-0.000735267007,-0.000735267007,-0.000735267007,-0.000735267007,-0.0007353872,-0.000741402333,-0.000741402333,-0.000741402333,-0.000738475713,-0.000741402333,-0.00072637796,-0.00072328746,-0.00072304904,-0.00072328746,-0.0007225126,-0.000735386207,-0.000736041857,0.000886982612,0.000908049817
6.54159722,0.000174375274,0.000174375274,0.000174375274,0.000174375274,0.000159404507,0.000159404507,0.000160015042,0.000159753484,0.000159319468,0.000159319468,0.00015988772,0.000159935047,0.000168658355,0.000168305904,0.000168305904,0.000168305904,0.000168274713,0.000168658355,0.000172413421,0.000172395572,0.000172381765,0.000171335669,0.000172411019,0.000169982992,0.000173724303,0.000173938435,0.000173724303,0.0001743684,0.000163868878,0.000164715199,-0.000709696816,-0.000709696816,-0.000709696816,-0.000709696816,-0.000721621739,-0.000721621739,-0.000722098579,-0.000721919759,-0.000721502509,-0.000721502509,-0.000722038969,-0.000722038969,-0.000724836416,-0.000724657587,-0.000724657587,-0.000724657587,-0.000724657587,-0.000724836416,-0.000731807122,-0.000731747522,-0.000731747522,-0.000730488836,-0.000731806124,-0.000717853673,-0.000712796256,-0.000712557816,-0.000712796256,-0.000712021416,-0.000725074816,-0.000725730466,0.000880821977,0.000904220543
6.55826389,0.000179763587,0.000179763587,0.000179763587,0.000179763587,0.000164958063,0.000164958063,0.000165859635,0.000165504748,0.000164676699,0.000164676699,0.000165689524,0.000165753506,0.000174430127,0.000174088904,0.000174088904,0.000174088904,0.000174058347,0.000174430127,0.000177933146,0.000177915665,0.000177902153,0.000176751196,0.000177930794,0.000176262693,0.000179275459,0.000179488395,0.000179275459,0.000179909063,0.000169481241,0.000170326983,-0.000699146407,-0.000699146407,-0.000699146407,-0.000699146407,-0.000710235814,-0.000710235814,-0.000710772273,-0.000710593444,-0.000710056974,-0.000710056974,-0.000710712673,-0.000710712673,-0.000714344578,-0.000714166757,-0.000714166757,-0.000714166757,-0.000714166757,-0.000714344578,-0.000722031601,-0.00072197299,-0.000721972001,-0.000722264108,-0.000722031601,-0.000709449108,-0.000702305408,-0.000702067007,-0.000702305408,-0.000701530567,-0.000714821418,-0.000715477068,0.000874733673,0.000899964747
6.57493056,0.000185223996,0.000185223996,0.000185223996,0.000185223996,0.000170517978,0.000170517978,0.000171685495,0.000171246733,0.000170050044,0.000170050044,0.000171477093,0.000171556011,0.000180131285,0.000179810682,0.000179810682,0.000179810682,0.000179781303,0.000180131285,0.000183215138,0.000183198334,0.000183185353,0.000181949514,0.000183212883,0.000182289076,0.000184730744,0.000184942336,0.000184730744,0.000185353612,0.00017498709,0.000175832247,-0.000688656167,-0.000688656167,-0.000688656167,-0.000688656167,-0.000699088993,-0.000699088993,-0.000699626387,-0.000699447586,-0.000698791937,-0.000698791937,-0.000699565793,-0.000699566787,-0.000703914957,-0.000703794753,-0.000703794753,-0.000703794753,-0.000703794753,-0.000703914957,-0.00071207882,-0.00071207882,-0.00071207882,-0.000713919597,-0.00071207882,-0.000701163213,-0.000691934407,-0.000691695013,-0.000691934407,-0.000691158573,-0.000704629213,-0.00070528388,0.000868841981,0.00089586911
6.59159722,0.000190755538,0.000190755538,0.000190755538,0.000190755538,0.000176083009,0.000176083009,0.000177486207,0.000176974627,0.000175442023,0.000175442023,0.000177244741,0.000177336594,0.000185753116,0.000185460672,0.000185460672,0.000185460672,0.000185432912,0.000185753116,0.000188270454,0.000188254612,0.000188242383,0.000186943078,0.000188268337,0.000188059598,0.000190095579,0.000190305859,0.000190095579,0.000190708529,0.000180388345,0.000181232851,-0.000678225566,-0.000678225566,-0.000678225566,-0.000678225566,-0.000688180515,-0.000688180515,-0.000688716985,-0.000688539163,-0.000687822914,-0.000687822914,-0.000688657374,-0.000688658373,-0.000693662168,-0.000693483358,-0.000693483358,-0.000693483358,-0.000693483358,-0.000693662168,-0.000702006818,-0.000702006818,-0.00070200582,-0.000705279089,-0.000702006818,-0.000692879333,-0.000681622018,-0.000681383618,-0.000681622018,-0.000680787568,-0.000694437018,-0.000695092678,0.000863264937,0.000892222167
6.60826389,0.000196347824,0.000196347824,0.000196347824,0.000196347824,0.000181650057,0.000181650057,0.000183254289,0.00018268227,0.000180852912,0.000180852912,0.000182985581,0.000183088133,0.00019128729,0.00019102844,0.00019102844,0.00019102844,0.000191002619,0.00019128729,0.000193112596,0.000193097974,0.000193086693,0.000191746118,0.000193110658,0.000193575003,0.000195375361,0.000195584531,0.000195375361,0.000195980166,0.000185687055,0.000186530776,-0.000667912558,-0.000667912558,-0.000667912558,-0.000667912558,-0.000677451296,-0.000677451296,-0.000677987726,-0.000677867507,-0.000677034056,-0.000677034056,-0.000677928096,-0.000677986737,-0.000683409768,-0.000683230958,-0.000683230958,-0.000683230958,-0.000683230958,-0.000683409768,-0.000691814018,-0.000691814018,-0.000691814018,-0.000696457256,-0.000691814018,-0.000684593958,-0.000671369618,-0.000671131218,-0.000671369618,-0.000670535168,-0.00068436243,-0.000684958529,0.000857886968,0.000888203374
6.62493056,0.000201981449,0.000201981449,0.000201981449,0.000201981449,0.000187214085,0.000187214085,0.000188981183,0.000188362123,0.000186280605,0.000186280605,0.000188691511,0.000188802345,0.000196725248,0.000196503189,0.000196503189,0.000196503189,0.000196479499,0.000196725248,0.00019775699,0.000197743811,0.00019773365,0.000196374126,0.000197755265,0.000198839017,0.000200574152,0.000200782561,0.000200574152,0.000201173398,0.00019088456,0.000191727301,-0.000657660763,-0.000657660763,-0.000657660763,-0.000657660763,-0.000667018713,-0.000667018713,-0.000667496507,-0.000667377307,-0.000666542847,-0.000666542847,-0.000667495513,-0.000667495513,-0.00067333579,-0.000673098363,-0.000673098363,-0.000673098363,-0.000673098363,-0.00067333579,-0.000681444007,-0.000681444007,-0.000681444007,-0.00068728029,-0.000681444007,-0.000676309067,-0.000661177413,-0.000660939013,-0.000661177413,-0.00066040158,-0.00067428946,-0.00067488552,0.000852823452,0.000883654416
6.64159722,0.000207630271,0.000207630271,0.000207630271,0.000207630271,0.000192768408,0.000192768408,0.000194657602,0.000194005599,0.000191720848,0.000191720848,0.000194353547,0.000194470126,0.000202059787,0.000201875483,0.000201875483,0.000201875483,0.000201853984,0.000202059787,0.000202220772,0.000202209223,0.000202200324,0.000200843668,0.000202219288,0.000203858339,0.000205695936,0.000205904052,0.000205695936,0.000206292826,0.000195982335,0.000196823844,-0.00064752718,-0.00064752718,-0.00064752718,-0.00064752718,-0.00065682552,-0.00065682552,-0.000657243718,-0.00065718312,-0.000656290058,-0.000656290058,-0.00065724272,-0.000657243718,-0.00066332242,-0.00066308399,-0.00066308399,-0.00066308399,-0.00066308399,-0.00066332242,-0.000671013416,-0.000670954814,-0.000670953816,-0.000677863924,-0.000671013416,-0.000667964583,-0.00065110345,-0.00065086502,-0.00065110345,-0.000650269988,-0.00066421648,-0.00066487212,0.000848010906,0.000878707593
6.65826389,0.000213263365,0.000213263365,0.000213263365,0.000213263365,0.000198304974,0.000198304974,0.000200273844,0.000199603373,0.00019716748,0.00019716748,0.000199962144,0.000200081865,0.000207285152,0.00020713743,0.00020713743,0.00020713743,0.000207118059,0.000207285152,0.000206522453,0.00020651268,0.000206505154,0.000205172096,0.000206521232,0.00020864248,0.000210743946,0.000210952326,0.000210743946,0.000211342115,0.000200982357,0.000201822346,-0.000637453629,-0.000637453629,-0.000637453629,-0.000637453629,-0.000646870141,-0.000646870141,-0.000647228759,-0.00064716913,-0.000646333701,-0.000646333701,-0.000647228759,-0.000647228759,-0.000653426641,-0.000653188241,-0.000653188241,-0.000653188241,-0.000653188241,-0.000653426641,-0.000660404356,-0.000660404356,-0.000660404356,-0.000668208611,-0.000660404356,-0.000659501397,-0.00064108948,-0.00064085107,-0.00064108948,-0.00064025503,-0.00065426213,-0.00065485813,0.000843501181,0.000873380707
6.67493056,0.000218845985,0.000218845985,0.000218845985,0.000218845985,0.000203814158,0.000203814158,0.000205819598,0.000205145181,0.000202612203,0.000202612203,0.000205506991,0.000205627249,0.000212396115,0.000212281896,0.000212281896,0.000212281896,0.000212264476,0.000212396115,0.000210681137,0.000210673243,0.000210667168,0.00020937682,0.000210680195,0.000213203124,0.000215719619,0.000215928865,0.000215719619,0.000216322885,0.000205885443,0.000206723604,-0.00062749982,-0.00062749982,-0.00062749982,-0.00062749982,-0.000637153783,-0.000637153783,-0.000637452826,-0.000637451833,-0.000636617333,-0.000636617333,-0.000637452826,-0.000637452826,-0.000643592077,-0.000643353656,-0.000643353656,-0.000643353656,-0.000643353656,-0.000643592077,-0.0006497353,-0.0006497353,-0.0006497353,-0.00065825582,-0.0006497353,-0.000650919454,-0.000631194327,-0.00063089728,-0.000631194327,-0.00063036082,-0.000644366927,-0.000644962987,0.000839229536,0.00086763264
6.69159722,0.000224343737,0.000224343737,0.000224343737,0.000224343737,0.000209285561,0.000209285561,0.000211284733,0.000210620623,0.000208045362,0.000208045362,0.000210977813,0.000211096054,0.000217390664,0.00021730526,0.00021730526,0.00021730526,0.00021728952,0.000217390664,0.000214716646,0.00021471069,0.000214706112,0.000213475504,0.000214715993,0.000217554374,0.000220625096,0.000220835821,0.000220625096,0.000221237248,0.000210693885,0.000211529906,-0.000617664252,-0.000617664252,-0.000617664252,-0.000617664252,-0.000627675826,-0.000627675826,-0.000627915224,-0.000627915224,-0.000627139396,-0.000627139396,-0.000627915224,-0.000627915224,-0.000633875724,-0.000633637324,-0.000633637324,-0.000633637324,-0.000633637324,-0.000633875724,-0.000639006714,-0.000639006714,-0.000639007712,-0.000648006016,-0.000639006714,-0.000642275981,-0.000621359722,-0.00062106272,-0.000621359722,-0.000620525272,-0.00063447376,-0.000635068822,0.000835184758,0.000861481521
6.70826389,0.000229723234,0.000229723234,0.000229723234,0.000229723234,0.000214707854,0.000214707854,0.000216659116,0.000216018992,0.000213455796,0.000213455796,0.000216364191,0.000216477966,0.000222267985,0.000222205447,0.000222205447,0.000222205447,0.000222191043,0.000222267985,0.000218648743,0.000218644743,0.000218641671,0.000217485369,0.000218648381,0.000221712039,0.000225461005,0.000225673801,0.000225461005,0.00022608561,0.00021540973,0.000216243326,-0.00060794834,-0.00060794834,-0.00060794834,-0.00060794834,-0.000618435774,-0.000618435774,-0.000618615564,-0.000618615564,-0.000617899324,-0.000617899324,-0.000618615564,-0.000618615564,-0.000624219392,-0.000623980952,-0.000623980952,-0.000623980952,-0.000623980952,-0.000624219392,-0.000628277456,-0.000628277456,-0.000628277456,-0.000637574807,-0.000628277456,-0.000633395545,-0.000611584201,-0.00061134578,-0.000611584201,-0.000610809341,-0.00062469724,-0.000625293241,0.00083135512,0.000855107584
6.72493056,0.000234954487,0.000234954487,0.000234954487,0.000234954487,0.000220069154,0.000220069154,0.000221932936,0.000221329617,0.000218831214,0.000218831214,0.000221655897,0.000221762917,0.000227028952,0.000226982475,0.000226982475,0.000226982475,0.000226969013,0.000227028952,0.000222496855,0.000222494784,0.000222493198,0.000221422989,0.000222496781,0.000225693388,0.000230227246,0.000230442649,0.000230227246,0.000230867455,0.000220035202,0.000220866151,-0.000598410733,-0.000598410733,-0.000598410733,-0.000598410733,-0.000609376046,-0.000609376046,-0.000609495246,-0.000609553853,-0.000608899196,-0.000608899196,-0.000609495246,-0.000609495246,-0.000614682833,-0.000614444433,-0.000614444433,-0.000614444433,-0.000614444433,-0.000614682833,-0.0006174892,-0.0006174892,-0.0006174892,-0.00062690675,-0.0006174892,-0.000624396397,-0.000601928427,-0.000601690027,-0.000601928427,-0.000601152573,-0.000614980833,-0.000615518287,0.00082773041,0.000850089785
6.74159722,0.000240012662,0.000240012662,0.000240012662,0.000240012662,0.0002253573,0.0002253573,0.000227096913,0.000226542098,0.000224158504,0.000224158504,0.000226843115,0.000226941294,0.000231676006,0.00023163835,0.00023163835,0.00023163835,0.000231625412,0.000231676006,0.000226279703,0.000226279495,0.000226279342,0.000225304027,0.000226279909,0.000229516812,0.000234923042,0.0002351415,0.000234923042,0.000235581426,0.000224572884,0.000225401035,-0.000588932826,-0.000588932826,-0.000588932826,-0.000588932826,-0.00060055373,-0.00060055373,-0.000600554728,-0.00060067293,-0.000600135492,-0.000600135492,-0.00060061333,-0.00060061333,-0.000605264486,-0.000605026066,-0.000605026066,-0.000605026066,-0.000605026066,-0.000605264486,-0.000606701014,-0.000606760614,-0.000606760614,-0.000616059912,-0.000606701014,-0.000615218466,-0.000592390884,-0.000592152464,-0.000592390884,-0.000591616024,-0.000605325094,-0.000605861524,0.000824293996,0.000844735277
6.75826389,0.000244879183,0.000244879183,0.000244879183,0.000244879183,0.000230560059,0.000230560059,0.000232142419,0.000231646463,0.000229423967,0.000229423967,0.00023191658,0.000232004075,0.000236212739,0.000236176645,0.000236176645,0.000236176645,0.000236163814,0.000236212739,0.000230014931,0.00023001648,0.000230017678,0.000229142944,0.0002300154,0.0002332014,0.000239546953,0.000239768803,0.000239546953,0.000240225379,0.000229025405,0.000229850699,-0.000579574523,-0.000579574523,-0.000579574523,-0.000579574523,-0.000591909697,-0.000591909697,-0.000591850097,-0.000591969297,-0.000591552097,-0.000591552097,-0.000591909697,-0.000591909697,-0.000595906193,-0.000595667764,-0.000595667764,-0.000595667764,-0.000595667764,-0.000595906193,-0.000595971736,-0.000596031336,-0.000596031336,-0.000605092235,-0.000595971736,-0.000605919764,-0.000582913352,-0.000582674952,-0.000582913352,-0.000582197133,-0.000595728352,-0.000596264812,0.000820976064,0.000839121163
6.77493056,0.000249542371,0.000249542371,0.000249542371,0.000249542371,0.000235665331,0.000235665331,0.000237061591,0.000236633307,0.000234613571,0.000234613571,0.000236867699,0.000236942947,0.000240643542,0.000240602136,0.000240602136,0.000240602136,0.000240589021,0.000240643542,0.000233718704,0.00023372187,0.00023372431,0.000232952699,0.000233719416,0.000236766495,0.000244096793,0.000244322243,0.000244096793,0.000244796329,0.000233395066,0.000234217529,-0.000570334986,-0.000570334986,-0.000570334986,-0.000570334986,-0.00058344602,-0.00058344602,-0.000583325816,-0.000583445026,-0.000583147007,-0.000583147007,-0.000583385426,-0.00058332681,-0.00058666764,-0.00058642924,-0.00058642924,-0.00058642924,-0.00058642924,-0.00058666764,-0.000585361307,-0.0005853623,-0.0005853623,-0.000594006986,-0.000585361307,-0.000596443833,-0.00057361424,-0.00057337584,-0.00057361424,-0.00057283938,-0.000586191833,-0.000586728233,0.000817635709,0.000833210328
6.79159722,0.000253998138,0.000253998138,0.000253998138,0.000253998138,0.000240661515,0.000240661515,0.00024184759,0.000241494097,0.000239713367,0.000239713367,0.000241688837,0.000241750582,0.00024497354,0.000244920672,0.000244920672,0.000244920672,0.000244906926,0.00024497354,0.000237405571,0.000237410183,0.000237413733,0.000236744687,0.000237406501,0.000240231437,0.000248570094,0.000248799209,0.000248570094,0.000249290967,0.000237684262,0.000238504012,-0.000561215658,-0.000561215658,-0.000561215658,-0.000561215658,-0.000575160134,-0.000575160134,-0.000574921733,-0.000575040934,-0.000574920735,-0.000574920735,-0.000574981334,-0.000574981334,-0.000577488726,-0.000577308927,-0.000577308927,-0.000577308927,-0.000577308927,-0.000577488726,-0.000574752914,-0.000574811516,-0.000574811516,-0.000582861111,-0.000574811516,-0.000586789022,-0.000564316125,-0.000564077676,-0.000564316125,-0.000563599828,-0.000576773466,-0.000577309926,0.000812158486,0.000827020459
6.80826389,0.000258249888,0.000258249888,0.000258249888,0.000258249888,0.000245537726,0.000245537726,0.00024649469,0.0002462213,0.00024470977,0.00024470977,0.000246373423,0.000246420733,0.000249208277,0.000249138815,0.000249138815,0.000249138815,0.000249124152,0.000249208277,0.000241088208,0.000241094069,0.000241098575,0.000240528582,0.000241089326,0.000243615202,0.000252964278,0.000253196981,0.000252964278,0.00025370587,0.000241895451,0.000242712673,-0.000552155375,-0.000552155375,-0.000552155375,-0.000552155375,-0.000566993019,-0.000566993019,-0.000566694979,-0.000566815178,-0.000566814189,-0.000566814189,-0.000566754579,-0.000566695968,-0.000568427474,-0.000568248674,-0.000568248674,-0.000568248674,-0.000568248674,-0.000568427474,-0.000564320707,-0.000564379318,-0.000564380307,-0.000571713635,-0.000564320707,-0.000577013501,-0.000555195234,-0.000554956814,-0.000555195234,-0.000554420375,-0.000567415164,-0.000567951623,0.000805408915,0.000820628702
6.82493056,0.000262308156,0.000262308156,0.000262308156,0.000262308156,0.000250284054,0.000250284054,0.000250998429,0.000250808573,0.00024958988,0.00024958988,0.000250916116,0.000250948399,0.000253353721,0.000253263761,0.000253263761,0.000253263761,0.000253247969,0.000253353721,0.000244777277,0.000244784169,0.000244789463,0.000244312266,0.000244778551,0.000246936106,0.000257277121,0.000257513194,0.000257277121,0.000258038016,0.000246031226,0.000246846154,-0.000543214847,-0.000543214847,-0.000543214847,-0.000543214847,-0.00055894553,-0.00055894553,-0.000558529274,-0.000558708113,-0.00055882632,-0.00055882632,-0.000558588874,-0.000558588874,-0.000559485953,-0.000559248546,-0.000559248546,-0.000559248546,-0.000559248546,-0.000559485953,-0.000554066919,-0.000554067913,-0.000554067913,-0.000560567793,-0.000554067913,-0.000567178927,-0.000546135506,-0.000545897086,-0.000546135506,-0.000545360647,-0.000558175646,-0.00055865347,0.000798844196,0.000814115033
6.84159722,0.000266189586,0.000266189586,0.000266189586,0.000266189586,0.000254891774,0.000254891774,0.000255355684,0.000255250887,0.000254341771,0.000254341771,0.000255312908,0.000255329913,0.000257415447,0.000257302438,0.000257302438,0.000257302438,0.000257285384,0.000257415447,0.000248481322,0.000248489011,0.000248494913,0.000248101785,0.000248482718,0.00025021151,0.00026150634,0.000261745442,0.00026150634,0.000262284426,0.00025009427,0.000250907175,-0.000534392569,-0.000534392569,-0.000534392569,-0.000534392569,-0.000550958668,-0.000550958668,-0.000550482835,-0.000550661636,-0.000550958668,-0.000550958668,-0.000550601037,-0.000550542435,-0.00055060503,-0.000550426229,-0.000550426229,-0.000550426229,-0.000550426229,-0.00055060503,-0.000543875718,-0.00054393432,-0.000543935318,-0.000549481513,-0.00054393432,-0.00055716652,-0.00053719399,-0.000536955569,-0.00053719399,-0.000536420128,-0.000548996727,-0.000549474526,0.00079235704,0.000808020477
6.85826389,0.000269915218,0.000269915218,0.000269915218,0.000269915218,0.000259353384,0.000259353384,0.000259564587,0.000259544479,0.000258954591,0.000258954591,0.000259561052,0.000259562869,0.00026139818,0.00026126098,0.00026126098,0.00026126098,0.000261242614,0.00026139818,0.000252206533,0.000252214776,0.000252221097,0.000251901181,0.000252208014,0.000253457391,0.000265649486,0.000265891168,0.000265649486,0.000266442062,0.000254086564,0.000254897735,-0.000525630346,-0.000525630346,-0.000525630346,-0.000525630346,-0.000543030931,-0.000543030931,-0.00054255413,-0.00054273293,-0.000543149142,-0.000543149142,-0.00054267333,-0.00054261373,-0.000541783186,-0.000541604386,-0.000541604386,-0.000541604386,-0.000541604386,-0.000541783186,-0.000533978941,-0.000533978941,-0.00053397993,-0.000538513845,-0.000533978941,-0.00054715256,-0.000528312556,-0.000528074135,-0.000528312556,-0.000527597286,-0.000539936474,-0.000540413275,0.000786185474,0.000803181367
6.87493056,0.000273509645,0.000273509645,0.000273509645,0.000273509645,0.00026366288,0.00026366288,0.000263624679,0.000263687051,0.000263418929,0.000263418929,0.000263659237,0.000263646286,0.000265306242,0.000265145095,0.000265145095,0.000265145095,0.000265125446,0.000265306242,0.000255956859,0.000255965407,0.000255971955,0.000255712645,0.000255958388,0.000256688255,0.000269704826,0.000269948553,0.000269704826,0.000270508734,0.000258010039,0.000258819751,-0.00051698686,-0.00051698686,-0.00051698686,-0.00051698686,-0.00053522288,-0.00053522288,-0.00053468644,-0.00053486528,-0.00053534208,-0.00053534208,-0.00053474605,-0.00053474605,-0.000533081093,-0.000532902254,-0.000532902254,-0.000532902254,-0.000532902254,-0.000533081093,-0.000524202983,-0.000524203977,-0.000524262583,-0.0005277246,-0.000524203977,-0.00053707957,-0.000519550853,-0.000519312423,-0.000519550853,-0.00051883456,-0.000530936346,-0.000531471754,0.000780159842,0.00079888576
6.89159722,0.000276999268,0.000276999268,0.000276999268,0.000276999268,0.000267815864,0.000267815864,0.00026753689,0.00026767779,0.000267726981,0.000267726981,0.000267607593,0.000267580605,0.000269143166,0.000268959606,0.000268959606,0.000268959606,0.000268938776,0.000269143166,0.000259733992,0.000259742597,0.000259749182,0.000259536543,0.000259735531,0.000259916903,0.000273671032,0.00027391621,0.000273671032,0.000274482829,0.000261866441,0.000262674932,-0.000508402934,-0.000508402934,-0.000508402934,-0.000508402934,-0.000527414837,-0.000527414837,-0.000526818787,-0.000527056209,-0.000527652239,-0.000527652239,-0.000526937997,-0.000526878397,-0.000524497202,-0.000524318391,-0.000524318391,-0.000524318391,-0.000524318391,-0.000524497202,-0.000514665426,-0.000514666424,-0.000514725026,-0.000517055614,-0.000514666424,-0.00052700658,-0.000510907332,-0.000510668931,-0.000510907332,-0.000510133479,-0.000522055427,-0.00052259083,0.000774399418,0.00079537922
6.90826389,0.000280410446,0.000280410446,0.000280410446,0.000280410446,0.00027180954,0.00027180954,0.000271303438,0.000271517297,0.00027187263,0.00027187263,0.000271407593,0.000271367588,0.000272911244,0.000272707926,0.000272707926,0.000272707926,0.00027268608,0.000272911244,0.000263537395,0.000263545816,0.000263552253,0.000263371459,0.000263538909,0.000263154207,0.000277547072,0.000277793078,0.000277547072,0.000278363196,0.000265656955,0.000266464418,-0.000499820547,-0.000499820547,-0.000499820547,-0.000499820547,-0.000519664941,-0.000519664941,-0.000519010271,-0.000519247701,-0.000519904331,-0.000519904331,-0.00051912948,-0.00051906988,-0.000515972408,-0.000515793608,-0.000515793608,-0.000515793608,-0.000515793608,-0.000515972408,-0.000505365774,-0.000505366763,-0.000505366763,-0.000506682018,-0.000505365774,-0.00051693303,-0.000502323937,-0.000502085497,-0.000502323937,-0.000501608697,-0.000513292186,-0.000513827637,0.000768903169,0.00079177696
6.92493056,0.000283767637,0.000283767637,0.000283767637,0.000283767637,0.000275642662,0.000275642662,0.000274927667,0.000275207461,0.000275851458,0.000275851458,0.000275061918,0.000275010175,0.000276611286,0.000276391777,0.000276391777,0.000276391777,0.000276369129,0.000276611286,0.000267364302,0.00026737231,0.000267378422,0.000267214199,0.000267365756,0.000266408898,0.000281331908,0.000281578117,0.000281331908,0.000282148842,0.000269381827,0.000270188395,-0.00049135686,-0.00049135686,-0.00049135686,-0.00049135686,-0.00051185788,-0.00051185788,-0.000511260827,-0.00051144063,-0.000512214487,-0.000512214487,-0.00051132142,-0.000511320427,-0.000507508716,-0.000507329897,-0.000507329897,-0.000507329897,-0.000507329897,-0.000507508716,-0.000496246416,-0.000496246416,-0.000496306046,-0.00049654842,-0.000496246416,-0.00050691962,-0.000493859266,-0.000493620826,-0.000493859266,-0.00049308536,-0.00050464866,-0.000505125519,0.000763610718,0.000788065945
6.94159722,0.000287092798,0.000287092798,0.000287092798,0.000287092798,0.000279315752,0.000279315752,0.000278414174,0.000278751619,0.00027966103,0.00027966103,0.000278574594,0.000278512615,0.000280243497,0.00028001204,0.00028001204,0.00028001204,0.000279988837,0.000280243497,0.000271210034,0.000271217415,0.000271223038,0.00027106012,0.000271211396,0.000269687662,0.000285025459,0.00028527127,0.000285025459,0.000285839873,0.00027304127,0.000273846993,-0.000483011373,-0.000483011373,-0.000483011373,-0.000483011373,-0.000504108439,-0.000504108439,-0.000503453768,-0.000503632577,-0.000504525639,-0.000504525639,-0.000503513368,-0.000503513368,-0.000499164233,-0.000498985433,-0.000498985433,-0.000498985433,-0.000498985433,-0.000499164233,-0.000487423112,-0.00048742411,-0.00048742411,-0.000486653242,-0.000487423112,-0.00049696582,-0.000485455164,-0.000485216734,-0.000485455164,-0.000484739903,-0.000496065781,-0.000496542631,0.000757713362,0.00078418667
6.95826389,0.000290403844,0.000290403844,0.000290403844,0.000290403844,0.000282830991,0.000282830991,0.000281768634,0.00028215439,0.000283300842,0.000283300842,0.000281950817,0.000281880292,0.00028380729,0.000283568521,0.000283568521,0.000283568521,0.000283545028,0.00028380729,0.000275068123,0.000275074684,0.00027507967,0.000274903222,0.000275069363,0.000272995027,0.000288628123,0.000288872989,0.000288628123,0.000289437041,0.000276635175,0.00027744003,-0.000474666408,-0.000474666408,-0.000474666408,-0.000474666408,-0.00049630093,-0.00049630093,-0.000495645231,-0.000495824071,-0.000496776742,-0.000496776742,-0.000495763472,-0.000495704831,-0.000490877869,-0.000490699059,-0.000490699059,-0.000490699059,-0.000490699059,-0.000490877869,-0.000478780097,-0.000478780097,-0.000478838708,-0.000477114143,-0.000478780097,-0.000487129701,-0.000477169788,-0.000476931368,-0.000477169788,-0.000476394928,-0.000487660208,-0.000488137048,0.000752017365,0.000780077584
6.97493056,0.000293712695,0.000293712695,0.000293712695,0.000293712695,0.000286191788,0.000286191788,0.000284997297,0.000285421205,0.000286771941,0.000286771941,0.000285196474,0.000285119237,0.00028730004,0.000287058727,0.000287058727,0.000287058727,0.000287035211,0.00028730004,0.000278930156,0.000278935727,0.000278939946,0.000278735974,0.000278931249,0.000276333018,0.000292139444,0.000292382886,0.000292139444,0.000292940333,0.000280161595,0.000280965472,-0.000466381507,-0.000466381507,-0.000466381507,-0.000466381507,-0.00048849284,-0.00048849284,-0.00048783718,-0.00048801601,-0.00048896968,-0.00048896968,-0.000487955407,-0.0004878968,-0.000482652573,-0.000482473773,-0.000482473773,-0.000482473773,-0.000482473773,-0.000482652573,-0.000470375016,-0.000470434627,-0.000470434627,-0.000467874606,-0.000470375016,-0.000477414327,-0.000468944507,-0.000468706087,-0.000468944507,-0.000468169647,-0.000479314723,-0.000479732947,0.000746610581,0.00077574162
6.99159722,0.000297026862,0.000297026862,0.000297026862,0.000297026862,0.000289403243,0.000289403243,0.000288107411,0.000288558733,0.00029007743,0.00029007743,0.00028831856,0.000288236546,0.000290719635,0.000290480423,0.000290480423,0.000290480423,0.000290457138,0.000290719635,0.000282786539,0.000282790978,0.000282794322,0.000282550049,0.000282787463,0.000279701736,0.000295560669,0.000295802296,0.000295560669,0.000296351529,0.000283619419,0.000284422117,-0.000458214835,-0.000458214835,-0.000458214835,-0.000458214835,-0.000480625187,-0.000480625187,-0.000480029137,-0.000480206959,-0.000481161637,-0.000481161637,-0.000480088737,-0.000480088737,-0.000474486905,-0.000474308095,-0.000474308095,-0.000474308095,-0.000474308095,-0.000474486905,-0.000462266957,-0.000462267955,-0.000462267955,-0.00045893309,-0.000462267955,-0.000467876784,-0.000460837436,-0.000460599035,-0.000460837436,-0.000460062585,-0.000471030834,-0.000471507673,0.000741483139,0.000771239067
7.00826389,0.000300347417,0.000300347417,0.000300347417,0.000300347417,0.000292471568,0.000292471568,0.000291106614,0.000291574281,0.000293221927,0.000293221927,0.000291324577,0.000291239778,0.000294062694,0.000293829851,0.000293829851,0.000293829851,0.000293807024,0.000294062694,0.000286626306,0.0002866295,0.000286631882,0.000286336074,0.000286627044,0.000283098979,0.000298892286,0.000299131808,0.000298892286,0.000299671727,0.000287006383,0.000287807625,-0.000450048689,-0.000450048689,-0.000450048689,-0.000450048689,-0.000472698449,-0.000472698449,-0.00047216103,-0.00047228023,-0.00047329351,-0.00047329351,-0.00047222063,-0.00047222063,-0.000466439969,-0.000466261149,-0.000466261149,-0.000466261149,-0.000466261149,-0.000466439969,-0.000454339231,-0.000454339231,-0.000454339231,-0.000450348697,-0.000454339231,-0.000458517493,-0.00045278951,-0.000452552079,-0.00045278951,-0.00045201465,-0.000462923289,-0.000463340519,0.000736684771,0.000766515437
7.02493056,0.000303670504,0.000303670504,0.000303670504,0.000303670504,0.000295404248,0.000295404248,0.000294003078,0.000294475942,0.00029621174,0.00029621174,0.000294222676,0.000294137093,0.000297326222,0.000297103434,0.000297103434,0.000297103434,0.000297081257,0.000297326222,0.000290437691,0.000290439557,0.000290440914,0.000290084154,0.00029043823,0.000286520665,0.000302135779,0.000302373011,0.000302135779,0.000302903035,0.000290320632,0.000291120076,-0.000442002213,-0.000442002213,-0.000442002213,-0.000442002213,-0.000464771193,-0.000464771193,-0.00046429336,-0.00046441258,-0.00046536624,-0.00046536624,-0.00046435296,-0.00046429336,-0.0004584521,-0.00045827328,-0.00045827328,-0.00045827328,-0.00045827328,-0.0004584521,-0.000446589787,-0.000446589787,-0.000446589787,-0.000442121423,-0.000446589787,-0.000449337547,-0.00044480264,-0.00044456422,-0.00044480264,-0.00044402778,-0.00045487582,-0.000455294053,0.000732205577,0.00076157798
7.04159722,0.000306987798,0.000306987798,0.000306987798,0.000306987798,0.000298209825,0.000298209825,0.000296805299,0.00029727238,0.000299054676,0.000299054676,0.000297021449,0.000296937052,0.000300507554,0.000300297754,0.000300297754,0.000300297754,0.00030027637,0.000300507554,0.000294208376,0.000294208862,0.000294209157,0.000293784071,0.000294208708,0.000289960978,0.000305293179,0.000305528052,0.000305293179,0.000306048139,0.0002935609,0.00029435816,-0.000434015355,-0.000434015355,-0.000434015355,-0.000434015355,-0.000456842937,-0.000456842937,-0.000456366097,-0.000456426705,-0.000457380375,-0.000457380375,-0.000456367095,-0.000456366097,-0.000450524837,-0.000450346037,-0.000450346037,-0.000450346037,-0.000450346037,-0.000450524837,-0.000439078741,-0.000439078741,-0.000439078741,-0.000434133567,-0.000439078741,-0.00044039605,-0.000436934987,-0.000436696567,-0.000436934987,-0.000436100517,-0.000446889955,-0.000447365797,0.000727917638,0.000756435051
7.05826389,0.000310286794,0.000310286794,0.000310286794,0.000310286794,0.000300897622,0.000300897622,0.000299521844,0.000299972561,0.000301759765,0.000301759765,0.000299729665,0.000299648346,0.000303604093,0.00030340933,0.00030340933,0.00030340933,0.000303388832,0.000303604093,0.000297925669,0.000297924757,0.000297923976,0.000297425387,0.000297925791,0.000293412414,0.00030836647,0.000308599027,0.00030836647,0.000309109656,0.000296725835,0.000297520514,-0.00042608663,-0.00042608663,-0.00042608663,-0.00042608663,-0.00044885561,-0.00044885561,-0.000448379759,-0.00044849798,-0.000449393039,-0.000449393039,-0.000448438371,-0.000448438371,-0.00044265673,-0.00044247791,-0.00044247791,-0.00044247791,-0.00044247791,-0.00044265673,-0.000431746104,-0.000431746104,-0.000431746104,-0.000426561493,-0.000431746104,-0.000431692437,-0.000429066861,-0.000428828431,-0.000429066861,-0.000428292001,-0.000439079442,-0.00043949768,0.000723986879,0.000751152804
7.07493056,0.000313551709,0.000313551709,0.000313551709,0.000313551709,0.000303477523,0.000303477523,0.000302161159,0.000302585555,0.000304337032,0.000304337032,0.000302356073,0.000302279613,0.000306613256,0.000306434623,0.000306434623,0.000306434623,0.000306415052,0.000306613256,0.000301576788,0.000301574491,0.000301572644,0.00030099766,0.000301576702,0.000296865996,0.000311357311,0.000311587705,0.000311357311,0.00031208984,0.000299814108,0.000300605837,-0.00041827858,-0.00041827858,-0.00041827858,-0.00041827858,-0.00044080913,-0.00044080913,-0.000440392893,-0.0004405111,-0.000441346573,-0.000441346573,-0.0004404515,-0.0004404515,-0.00043484866,-0.00043466985,-0.00043466985,-0.00043466985,-0.00043466985,-0.00043484866,-0.000424592687,-0.000424592687,-0.000424592687,-0.00041922927,-0.000424592687,-0.00042316913,-0.00042131841,-0.00042107998,-0.00042131841,-0.000420542557,-0.000431330987,-0.00043174922,0.000720035126,0.000745683605
7.09159722,0.000316765537,0.000316765537,0.000316765537,0.000316765537,0.000305959954,0.000305959954,0.000304731603,0.000305120547,0.000306797473,0.000306797473,0.000304909431,0.000304839457,0.000309534145,0.00030937178,0.00030937178,0.00030937178,0.000309353123,0.000309534145,0.000305149278,0.000305145638,0.000305142758,0.000304490812,0.000305148989,0.000300311671,0.000314268533,0.00031449701,0.000314268533,0.000314992024,0.000302825237,0.000303613681,-0.000410529139,-0.000410529139,-0.000410529139,-0.000410529139,-0.000432762657,-0.000432762657,-0.000432406035,-0.000432465635,-0.000433300095,-0.000433300095,-0.000432464637,-0.000432406035,-0.000427100217,-0.000426980009,-0.000426980009,-0.000426980009,-0.000426980009,-0.000427100217,-0.000417559485,-0.000417559485,-0.000417559485,-0.000412195065,-0.000417559485,-0.000414941866,-0.000413688169,-0.000413391137,-0.000413688169,-0.000412795107,-0.000423642139,-0.000424060377,0.000715253537,0.000740097568
7.10826389,0.000319911364,0.000319911364,0.000319911364,0.000319911364,0.000308355858,0.000308355858,0.000307241479,0.000307586845,0.000309152993,0.000309152993,0.00030739852,0.000307336478,0.000312367634,0.00031222072,0.00031222072,0.00031222072,0.000312202916,0.000312367634,0.000308631428,0.000308626515,0.000308622658,0.000307895468,0.000308630946,0.000303738691,0.000317103665,0.000317330563,0.000317103665,0.000317820206,0.000305760142,0.000306545043,-0.000402839841,-0.000402839841,-0.000402839841,-0.000402839841,-0.000424657119,-0.000424657119,-0.000424418689,-0.000424418689,-0.000425193549,-0.000425193549,-0.000424418689,-0.000424418689,-0.000419469531,-0.000419290712,-0.000419290712,-0.000419290712,-0.000419290712,-0.000419469531,-0.000410645075,-0.000410645075,-0.000410645075,-0.000405458486,-0.000410645075,-0.000406953531,-0.000406058482,-0.000405819073,-0.000406058482,-0.000405223033,-0.000416071073,-0.000416489292,0.000710692222,0.000734346543
7.12493056,0.000322971223,0.000322971223,0.000322971223,0.000322971223,0.000310675771,0.000310675771,0.00030969819,0.000309993007,0.000311415467,0.000311415467,0.000309831292,0.000309778418,0.000315113663,0.000314980509,0.000314980509,0.000314980509,0.000314963451,0.000315113663,0.000312011878,0.000312005789,0.00031200103,0.000311202494,0.000312011219,0.000307135212,0.000319864285,0.000320090016,0.000319864285,0.000320576319,0.000308617916,0.000309399118,-0.000395210586,-0.000395210586,-0.000395210586,-0.000395210586,-0.000416610633,-0.000416610633,-0.000416372213,-0.00041643083,-0.000417087473,-0.000417087473,-0.00041643083,-0.00041643083,-0.000411840286,-0.000411661467,-0.000411661467,-0.000411661467,-0.000411661467,-0.000411840286,-0.000403908883,-0.000403908883,-0.000403908883,-0.0003989011,-0.000403908883,-0.000399263687,-0.000398488837,-0.000398250417,-0.000398488837,-0.000397653383,-0.000408561033,-0.000408979257,0.000706398899,0.00072850294
7.14159722,0.000325929376,0.000325929376,0.000325929376,0.000325929376,0.00031293022,0.00031293022,0.000312108711,0.000312347289,0.000313597087,0.000313597087,0.000312215324,0.000312172622,0.000317773783,0.000317651956,0.000317651956,0.000317651956,0.000317635504,0.000317773783,0.000315280375,0.00031527323,0.000315267661,0.000314403709,0.000315279556,0.000310489125,0.000322552639,0.000322777664,0.000322552639,0.000323262835,0.000311398486,0.000312175924,-0.000387699541,-0.000387699541,-0.000387699541,-0.000387699541,-0.000408563177,-0.000408563177,-0.000408385355,-0.000408385355,-0.000408981405,-0.000408981405,-0.000408385355,-0.000408385355,-0.000404270639,-0.000404150441,-0.000404150441,-0.000404150441,-0.000404150441,-0.000404270639,-0.000397233297,-0.000397233297,-0.000397233297,-0.00039258215,-0.000397233297,-0.000391752671,-0.000391037411,-0.000390740389,-0.000391037411,-0.000390143341,-0.000401170201,-0.000401587441,0.000702241796,0.000722578492
7.15826389,0.000328772161,0.000328772161,0.000328772161,0.000328772161,0.000315129241,0.000315129241,0.000314479196,0.000314657216,0.000315709841,0.000315709841,0.000314557412,0.00031452564,0.000320349957,0.000320236437,0.000320236437,0.000320236437,0.000320220427,0.000320349957,0.000318427707,0.000318419646,0.000318413375,0.00031749176,0.000318426749,0.000313788041,0.00032517041,0.00032539522,0.00032517041,0.000325881533,0.000314101295,0.000314874987,-0.000380248683,-0.000380248683,-0.000380248683,-0.000380248683,-0.000400516231,-0.000400516231,-0.000400398019,-0.00040039703,-0.000400874859,-0.000400874859,-0.00040039703,-0.00040039703,-0.000396818773,-0.000396639953,-0.000396639953,-0.000396639953,-0.000396639953,-0.000396818773,-0.000390616926,-0.000390616926,-0.000390616926,-0.00038644162,-0.000390616926,-0.000384539224,-0.000383586553,-0.000383348123,-0.000383586553,-0.000382692473,-0.000393837564,-0.000394254784,0.000698327265,0.000717168729
7.17493056,0.000331489333,0.000331489333,0.000331489333,0.000331489333,0.000317282304,0.000317282304,0.000316814995,0.000316929571,0.000317765392,0.000317765392,0.000316863578,0.000316843234,0.000322844988,0.000322736363,0.000322736363,0.000322736363,0.000322720615,0.000322844988,0.000321445985,0.000321437162,0.000321430309,0.000320460369,0.00032144491,0.000317019683,0.000327719302,0.000327944395,0.000327719302,0.000328434094,0.000316726028,0.00031749604,-0.000372857843,-0.000372857843,-0.000372857843,-0.000372857843,-0.000392470753,-0.000392470753,-0.00039246976,-0.000392411153,-0.000392828373,-0.000392828373,-0.000392411153,-0.000392411153,-0.000389368333,-0.000389189523,-0.000389189523,-0.000389189523,-0.000389189523,-0.000389368333,-0.00038411915,-0.00038411915,-0.00038411915,-0.000380421673,-0.00038411915,-0.000377505027,-0.000376255313,-0.000375957293,-0.000376255313,-0.00037536025,-0.00038656592,-0.00038698315,0.000694524709,0.000712213321
7.19159722,0.000334073599,0.000334073599,0.000334073599,0.000334073599,0.000319397935,0.000319397935,0.000319120375,0.000319170082,0.000319774644,0.000319774644,0.000319138768,0.000319130087,0.000325261186,0.000325153852,0.000325153852,0.000325153852,0.000325138183,0.000325261186,0.000324328535,0.000324319118,0.000324311813,0.000323304177,0.000324327369,0.000320171875,0.000330199725,0.000330425579,0.000330199724,0.000330920769,0.000319271374,0.000320037794,-0.000365586241,-0.000365586241,-0.000365586241,-0.000365586241,-0.000384542497,-0.000384542497,-0.000384542497,-0.000384482897,-0.000384781915,-0.000384781915,-0.000384483895,-0.000384542497,-0.000382036113,-0.000381858291,-0.000381858291,-0.000381858291,-0.000381858291,-0.000382036113,-0.000377622369,-0.000377622369,-0.000377622369,-0.000374520933,-0.000377622369,-0.000370709247,-0.000368982693,-0.000368685671,-0.000368982693,-0.000368030021,-0.000379353903,-0.000379771143,0.000690881121,0.000707297299
7.20826389,0.000336522699,0.000336522699,0.000336522699,0.000336522699,0.000321484047,0.000321484047,0.000321398943,0.000321383809,0.000321748014,0.000321748014,0.000321387265,0.000321390223,0.000327602592,0.000327492958,0.000327492958,0.000327492958,0.00032747719,0.000327602592,0.000327070465,0.000327060629,0.000327053007,0.000326019291,0.000327069234,0.000323233256,0.000332613272,0.000332840331,0.000332613272,0.00033334289,0.000321737419,0.000322500321,-0.000358372784,-0.000358372784,-0.000358372784,-0.000358372784,-0.00037661478,-0.00037661478,-0.00037667438,-0.00037661478,-0.000376853191,-0.000376853191,-0.00037661478,-0.00037667438,-0.000374705453,-0.000374526633,-0.000374526633,-0.000374526633,-0.000374526633,-0.000374705453,-0.000371184818,-0.000371184818,-0.000371125218,-0.000368738061,-0.000371184818,-0.000364092856,-0.000361710644,-0.000361472234,-0.000361710644,-0.000360816574,-0.000372201064,-0.000372618294,0.000687326112,0.000702308045
7.22493056,0.000338837512,0.000338837512,0.000338837512,0.000338837512,0.00032354728,0.00032354728,0.000323653085,0.000323574557,0.000323694724,0.000323694724,0.000323612109,0.000323626427,0.000329872284,0.000329756956,0.000329756956,0.000329756956,0.000329740929,0.000329872284,0.000329668232,0.000329658158,0.000329650357,0.00032860283,0.000329666963,0.000326192992,0.00033496012,0.00033518877,0.00033496012,0.000335700285,0.000324123359,0.000324882781,-0.00035122037,-0.00035122037,-0.00035122037,-0.00035122037,-0.00036880672,-0.00036880672,-0.00036886632,-0.00036880672,-0.00036898553,-0.00036898553,-0.000368865327,-0.000368865327,-0.00036749244,-0.00036731362,-0.00036731362,-0.00036731362,-0.00036731362,-0.00036749244,-0.00036474764,-0.00036468804,-0.00036468804,-0.00036295652,-0.00036474764,-0.000357713297,-0.00035455823,-0.0003542602,-0.00035455823,-0.00035360455,-0.000365166857,-0.000365584106,0.000683906289,0.000697364724
7.24159722,0.000341023416,0.000341023416,0.000341023416,0.000341023416,0.000325593347,0.000325593347,0.0003258844,0.000325745273,0.000325623078,0.000325623078,0.000325815521,0.000325840678,0.00033207412,0.000331950077,0.000331950077,0.000331950077,0.000331933653,0.00033207412,0.000332120092,0.000332109959,0.000332102117,0.000331053358,0.000332118812,0.000329041381,0.000337241104,0.000337471666,0.000337241104,0.00033799337,0.000326429442,0.000327185375,-0.000344127543,-0.000344127543,-0.000344127543,-0.000344127543,-0.000361057269,-0.000361057269,-0.000361176479,-0.000361116879,-0.000361177477,-0.000361177477,-0.000361117877,-0.000361117877,-0.000360280413,-0.000360161203,-0.000360161203,-0.000360161203,-0.000360161203,-0.000360280413,-0.000358310469,-0.000358250869,-0.000358250869,-0.000357234594,-0.000358310469,-0.00035145495,-0.000347464415,-0.000347167393,-0.000347464415,-0.000346511743,-0.000358134643,-0.000358550885,0.000680496331,0.000692354533
7.25826389,0.000343088982,0.000343088982,0.000343088982,0.000343088982,0.000327626715,0.000327626715,0.000328093466,0.000327897791,0.000327540095,0.000327540095,0.000327998656,0.000328033908,0.000334211687,0.000334076431,0.000334076431,0.000334076431,0.000334059503,0.000334211687,0.000334425842,0.000334415826,0.00033440808,0.000333370641,0.000334424577,0.000331769793,0.000339456633,0.000339689349,0.000339456633,0.000340222089,0.00032865602,0.000329408389,-0.000337152545,-0.000337152545,-0.000337152545,-0.000337152545,-0.000353427582,-0.000353427582,-0.000353546792,-0.000353487182,-0.000353487182,-0.000353487182,-0.000353487182,-0.000353545803,-0.000353187184,-0.000353066975,-0.000353066975,-0.000353066975,-0.000353066975,-0.000353187184,-0.000351813298,-0.000351813298,-0.000351813298,-0.000351512331,-0.000351813298,-0.000345315409,-0.000340430805,-0.000340132775,-0.000340430805,-0.000339477125,-0.000351219245,-0.000351636475,0.000677085202,0.000687398871
7.27493056,0.0003450457,0.0003450457,0.0003450457,0.0003450457,0.000329650668,0.000329650668,0.000330279988,0.000330032951,0.000329451522,0.000329451522,0.000330161737,0.000330206137,0.000336288392,0.000336140057,0.000336140057,0.000336140057,0.00033612255,0.000336288392,0.000336586897,0.000336577167,0.000336569646,0.000335555718,0.000336585673,0.000334370892,0.00034160708,0.000341842108,0.000341607079,0.00034238633,0.000330803826,0.000331552511,-0.000330178937,-0.000330178937,-0.000330178937,-0.000330178937,-0.000345916543,-0.000345916543,-0.000346035753,-0.000345976153,-0.000345916543,-0.000345916543,-0.000345977146,-0.000345977146,-0.00034615397,-0.000346033767,-0.000346033767,-0.000346033767,-0.000346033767,-0.00034615397,-0.00034537612,-0.00034537612,-0.000345317513,-0.00034573078,-0.00034537612,-0.000339354073,-0.00033339858,-0.000333159167,-0.00033339858,-0.0003324449,-0.000344305237,-0.000344722467,0.000673724966,0.000682442362
7.29159722,0.000346907069,0.000346907069,0.000346907069,0.000346907069,0.000331667264,0.000331667264,0.000332442819,0.000332150599,0.000331361728,0.000331361728,0.000332304068,0.000332356492,0.000338307329,0.000338144742,0.000338144742,0.000338144742,0.00033812662,0.000338307329,0.000338606228,0.000338596942,0.000338589766,0.000337610857,0.000338605069,0.000336838766,0.000343692787,0.000343930203,0.000343692787,0.00034448596,0.000332874052,0.000333618906,-0.000323324545,-0.000323324545,-0.000323324545,-0.000323324545,-0.000338466111,-0.000338466111,-0.000338585321,-0.000338585321,-0.000338466111,-0.000338466111,-0.000338585321,-0.000338585321,-0.000339238975,-0.000339060165,-0.000339060165,-0.000339060165,-0.000339060165,-0.000339238975,-0.000338879349,-0.000338879349,-0.000338820747,-0.000339949254,-0.000338879349,-0.000333453333,-0.000326483585,-0.000326245165,-0.000326483585,-0.000325529915,-0.000337509447,-0.000337868075,0.000669827839,0.000677560111
7.30826389,0.000348688323,0.000348688323,0.000348688323,0.000348688323,0.000333677468,0.000333677468,0.000334580156,0.000334249766,0.000333273802,0.000333273802,0.000334424222,0.0003344834,0.000340271656,0.000340094377,0.000340094377,0.000340094377,0.000340075637,0.000340271656,0.000340488373,0.000340479674,0.000340472953,0.000339539598,0.0003404873,0.000339169121,0.000345714639,0.000345954434,0.000345714639,0.000346521405,0.000334868849,0.000335609713,-0.000316469735,-0.000316469735,-0.000316469735,-0.000316469735,-0.000331193064,-0.000331193064,-0.000331313273,-0.000331312284,-0.000331133464,-0.000331133464,-0.000331312284,-0.000331312284,-0.000332324575,-0.000332204376,-0.000332204376,-0.000332204376,-0.000332204376,-0.000332324575,-0.000332323586,-0.000332322598,-0.000332322598,-0.00033404915,-0.000332323586,-0.000327670461,-0.000319628775,-0.000319390375,-0.000319628775,-0.000318675105,-0.000330715245,-0.000331131486,0.000664407266,0.000673588748
7.32493056,0.00035040432,0.00035040432,0.00035040432,0.00035040432,0.000335680869,0.000335680869,0.000336689305,0.000336328416,0.000335189223,0.000335189223,0.000336519797,0.000336584342,0.000342183296,0.000341991604,0.000341991604,0.000341991604,0.000341972278,0.000342183296,0.000342239033,0.000342231048,0.00034222488,0.000341346375,0.000342238065,0.000341359045,0.000347672733,0.000347914826,0.000347672733,0.000348492358,0.000336789829,0.000337526566,-0.000309733543,-0.000309733543,-0.000309733543,-0.000309733543,-0.00032404065,-0.00032404065,-0.00032415986,-0.00032415986,-0.00032392144,-0.00032392144,-0.00032415986,-0.00032415986,-0.000325529777,-0.000325350957,-0.000325350957,-0.000325350957,-0.000325350957,-0.000325529777,-0.000325767193,-0.000325767193,-0.000325767193,-0.000328088793,-0.000325767193,-0.00032188892,-0.000312892593,-0.000312594573,-0.000312892593,-0.000311880307,-0.000324038663,-0.000324396293,0.000659110663,0.000669435168
7.34159722,0.000352070279,0.000352070279,0.000352070279,0.000352070279,0.000337676175,0.000337676175,0.000338767215,0.000338383973,0.000337108328,0.000337108328,0.000338587949,0.000338656392,0.000344044597,0.000343839445,0.000343839445,0.000343839445,0.000343819595,0.000344044597,0.000343865334,0.00034385817,0.000343852637,0.000343036818,0.000343864488,0.000343407432,0.000349568252,0.000349812494,0.000349568252,0.00035039965,0.000338639875,0.000339372387,-0.000303057947,-0.000303057947,-0.000303057947,-0.000303057947,-0.000317066045,-0.000317066045,-0.000317185255,-0.000317126643,-0.000316888243,-0.000316888243,-0.000317185255,-0.000317185255,-0.000318793587,-0.000318615775,-0.000318615775,-0.000318615775,-0.000318615775,-0.000318793587,-0.000319151217,-0.000319151217,-0.000319151217,-0.000322068852,-0.000319151217,-0.000316225596,-0.000306157407,-0.000305859377,-0.000306157407,-0.000305203727,-0.000317363077,-0.000317720707,0.000653996571,0.00066510567
7.35826389,0.000353699479,0.000353699479,0.000353699479,0.000353699479,0.000339660918,0.000339660918,0.000340810207,0.000340413042,0.000339029979,0.000339029979,0.000340625119,0.000340695941,0.000345856602,0.000345639528,0.000345639528,0.000345639528,0.000345619241,0.000345856602,0.000345375323,0.000345369068,0.000345364237,0.000344617288,0.000345374612,0.000345314625,0.000351401571,0.000351647759,0.000351401571,0.000352243388,0.00034042138,0.000341149635,-0.000296440598,-0.000296440598,-0.000296440598,-0.000296440598,-0.000310210256,-0.000310210256,-0.000310270855,-0.000310270855,-0.000310032435,-0.000310032435,-0.000310270855,-0.000310270855,-0.000312176218,-0.000311998387,-0.000311998387,-0.000311998387,-0.000311998387,-0.000312176218,-0.000312534836,-0.000312534836,-0.000312534836,-0.000315870709,-0.000312534836,-0.000310504331,-0.000299481426,-0.000299243006,-0.000299481426,-0.000298527747,-0.000310746687,-0.000311104326,0.000649062414,0.000660487997
7.37493056,0.00035530337,0.00035530337,0.00035530337,0.00035530337,0.00034163168,0.00034163168,0.000342814212,0.000342411648,0.000340951774,0.000340951774,0.000342627265,0.000342698935,0.000347619908,0.00034739294,0.00034739294,0.00034739294,0.00034737232,0.000347619908,0.000346777954,0.000346772673,0.000346768593,0.000346094913,0.000346777388,0.00034708255,0.000353173501,0.00035342139,0.000353173501,0.000354024176,0.000342136947,0.000342860981,-0.000289825593,-0.000289825593,-0.000289825593,-0.000289825593,-0.000303475063,-0.000303475063,-0.00030359328,-0.000303594273,-0.000303296243,-0.000303296243,-0.000303594273,-0.000303594273,-0.000305561213,-0.000305382413,-0.000305382413,-0.000305382413,-0.000305382413,-0.000305561213,-0.000305859243,-0.00030591786,-0.000305918853,-0.00030961334,-0.000305859243,-0.000304840997,-0.00029292404,-0.000292627013,-0.00029292404,-0.00029197037,-0.00030418932,-0.00030454695,0.000644248017,0.000655708253
7.39159722,0.000356891404,0.000356891404,0.000356891404,0.000356891404,0.000343584412,0.000343584412,0.000344775093,0.000344375556,0.000342870353,0.000342870353,0.000344590191,0.000344661197,0.000349335283,0.000349100801,0.000349100801,0.000349100801,0.000349079966,0.000349335283,0.000348083035,0.00034807877,0.000348075474,0.000347477584,0.00034808262,0.000348714782,0.000354885466,0.000355134784,0.000354885466,0.000355743334,0.000343789924,0.000344509849,-0.000283328827,-0.000283328827,-0.000283328827,-0.000283328827,-0.000296918687,-0.000296918687,-0.000296978287,-0.000297036889,-0.000296738869,-0.000296738869,-0.000296978287,-0.000296978287,-0.000299063449,-0.000298885647,-0.000298885647,-0.000298885647,-0.000298884648,-0.000299063449,-0.000299183647,-0.000299184645,-0.000299243267,-0.000303294381,-0.000299183647,-0.000299120055,-0.000286427269,-0.000286129249,-0.000286427269,-0.000285414987,-0.000297692549,-0.000298050169,0.000639609222,0.000650771965
7.40826389,0.000358469478,0.000358469478,0.000358469478,0.000358469478,0.000345514135,0.000345514135,0.000346688326,0.000346299966,0.00034478109,0.00034478109,0.000346509232,0.000346578114,0.000351002225,0.000350762836,0.000350762836,0.000350762836,0.000350741908,0.000351002225,0.000349300672,0.000349297444,0.000349294945,0.000348773452,0.000349300411,0.000350216098,0.000356538255,0.000356788714,0.000356538255,0.000357401608,0.000345382676,0.000346098656,-0.000276948889,-0.000276948889,-0.000276948889,-0.000276948889,-0.000290539738,-0.000290539738,-0.000290539738,-0.000290599338,-0.000290359929,-0.000290359929,-0.000290598349,-0.000290598349,-0.000292685498,-0.000292505708,-0.000292505708,-0.000292505708,-0.000292505708,-0.000292685498,-0.000292507686,-0.000292507686,-0.000292507686,-0.000296798228,-0.000292507686,-0.000293397791,-0.000279989718,-0.000279691698,-0.000279989718,-0.000278976438,-0.000291254998,-0.000291612618,0.000635141019,0.00064557168
7.42493056,0.000360040942,0.000360040942,0.000360040942,0.000360040942,0.000347415494,0.000347415494,0.000348549541,0.000348180058,0.000346678648,0.000346678648,0.000348379794,0.000348445178,0.000352620434,0.000352378812,0.000352378812,0.000352378812,0.000352357911,0.000352620434,0.000350441444,0.00035043925,0.000350437546,0.000349991146,0.000350441338,0.000351592717,0.000358133256,0.000358384571,0.000358133256,0.000359000443,0.000346918118,0.00034763037,-0.000270571307,-0.000270571307,-0.000270571307,-0.000270571307,-0.000284280377,-0.000284280377,-0.000284280377,-0.000284339987,-0.000284101567,-0.000284101567,-0.000284280377,-0.000284280377,-0.000286366527,-0.00028612912,-0.00028612912,-0.00028612912,-0.00028612912,-0.000286366527,-0.000285773477,-0.000285832083,-0.000285832083,-0.000290242833,-0.000285773477,-0.00028761624,-0.000273611147,-0.00027331412,-0.000273611147,-0.000272657477,-0.000284876427,-0.00028517544,0.000630612248,0.000640233979
7.44159722,0.00036160542,0.00036160542,0.00036160542,0.00036160542,0.000349282514,0.000349282514,0.000350354234,0.000350010724,0.000348556747,0.000348556747,0.000350197083,0.000350257701,0.000354188533,0.000353947289,0.000353947289,0.000353947289,0.000353926527,0.000354188533,0.00035151585,0.000351514665,0.000351513737,0.000351139269,0.000351515895,0.00035285182,0.000359671168,0.000359923063,0.000359671168,0.000360540642,0.000348398131,0.000349106896,-0.000264254349,-0.000264254349,-0.000264254349,-0.000264254349,-0.000278199833,-0.000278199833,-0.000278140223,-0.000278199833,-0.000277962411,-0.000277962411,-0.000278141221,-0.000278141221,-0.000280108181,-0.000279869751,-0.000279869751,-0.000279869751,-0.000279869751,-0.000280108181,-0.000279096897,-0.000279096897,-0.000279096897,-0.000283567247,-0.000279096897,-0.000281834714,-0.000267293181,-0.000267054751,-0.000267293181,-0.000266339501,-0.000278499849,-0.000278857479,0.000625859769,0.000634706516
7.45826389,0.000363160096,0.000363160096,0.000363160096,0.000363160096,0.000351109024,0.000351109024,0.00035209815,0.000351786962,0.000350408597,0.000350408597,0.000351956486,0.000352011209,0.000355705395,0.000355466964,0.000355466964,0.000355466964,0.000355446439,0.000355705395,0.000352534349,0.000352534128,0.000352533941,0.000352226502,0.000352534539,0.000354001648,0.000361153296,0.000361405515,0.000361153296,0.000362023668,0.00034982478,0.000350530281,-0.000258054209,-0.000258054209,-0.000258054209,-0.000258054209,-0.000272238131,-0.000272238131,-0.00027211992,-0.00027217952,-0.000272059331,-0.000272059331,-0.00027217952,-0.000272178531,-0.000273909049,-0.00027372925,-0.00027372925,-0.00027372925,-0.00027372925,-0.000273909049,-0.000272420916,-0.000272420916,-0.000272420916,-0.000276832645,-0.000272420916,-0.00027593462,-0.000261094049,-0.000260796029,-0.000261094049,-0.000260140379,-0.000272241098,-0.000272597749,0.000621214305,0.000629936268
7.47493056,0.00036470016,0.00036470016,0.00036470016,0.00036470016,0.000352888905,0.000352888905,0.000353777479,0.000353504096,0.000352227172,0.000352227172,0.000353653781,0.000353701638,0.00035717055,0.000356937057,0.000356937057,0.000356937057,0.00035691685,0.00035717055,0.000353507293,0.000353507972,0.000353508476,0.000353261557,0.000353507617,0.000355051421,0.000362581679,0.000362833998,0.000362581679,0.000363451784,0.000351200704,0.000351903138,-0.000251914063,-0.000251914063,-0.000251914063,-0.000251914063,-0.000266397,-0.000266397,-0.00026627779,-0.00026633739,-0.00026621818,-0.00026621818,-0.000266278783,-0.000266278783,-0.000267828503,-0.000267591077,-0.000267591077,-0.000267591077,-0.000267591077,-0.000267828503,-0.000265745313,-0.000265745313,-0.000265745313,-0.000270037847,-0.000265745313,-0.000270033873,-0.000254953903,-0.000254656867,-0.000254953903,-0.000254000233,-0.000266041357,-0.000266398987,0.000616614223,0.000625085294
7.49159722,0.00036621762,0.00036621762,0.00036621762,0.00036621762,0.000354615743,0.000354615743,0.000355388448,0.00035515739,0.000354004889,0.000354004889,0.00035528474,0.000355324932,0.000358582004,0.000358355178,0.000358355178,0.000358355178,0.000358335349,0.000358582004,0.00035444425,0.000354445748,0.00035444688,0.000354252551,0.000354444697,0.000356010675,0.000363956702,0.000364208937,0.000363956702,0.000364825631,0.000352526906,0.000353226425,-0.000245834512,-0.000245834512,-0.000245834512,-0.000245834512,-0.000260675055,-0.000260675055,-0.000260496254,-0.000260615455,-0.000260554856,-0.000260554856,-0.000260555854,-0.000260555854,-0.000261808553,-0.000261571131,-0.000261571131,-0.000261571131,-0.000261570133,-0.000261808553,-0.000259069747,-0.000259069747,-0.000259128349,-0.000263243045,-0.000259069747,-0.000264073533,-0.000248874352,-0.000248577321,-0.000248874352,-0.000247920672,-0.000259902201,-0.000260200221,0.000612052133,0.000620390556
7.50826389,0.000367703088,0.000367703088,0.000367703088,0.000367703088,0.000356283239,0.000356283239,0.000356927664,0.000356742413,0.000355734048,0.000355734048,0.000356845482,0.0003568774,0.000359937989,0.000359719117,0.000359719117,0.000359719117,0.000359699705,0.000359937989,0.000355354114,0.000355356335,0.000355358021,0.000355207147,0.000355354669,0.000356889339,0.000365279098,0.000365531102,0.000365279098,0.000366146185,0.000353804012,0.000354500701,-0.00023987381,-0.00023987381,-0.00023987381,-0.00023987381,-0.000255071012,-0.000255071012,-0.000254892202,-0.000255011412,-0.000254951812,-0.000254951812,-0.000254951812,-0.000254951812,-0.00025584786,-0.00025566904,-0.00025566904,-0.00025566904,-0.000255668051,-0.00025584786,-0.000252453356,-0.000252511978,-0.000252512966,-0.000256388255,-0.000252511978,-0.00025805322,-0.00024285404,-0.00024261562,-0.00024285404,-0.000241901359,-0.0002538213,-0.000254120309,0.000607576898,0.000615785849
7.52493056,0.000369147543,0.000369147543,0.000369147543,0.000369147543,0.000357885743,0.000357885743,0.000358392579,0.000358255528,0.000357407405,0.000357407405,0.00035833295,0.000358356179,0.000361238436,0.000361028316,0.000361028316,0.000361028316,0.000361009335,0.000361238436,0.000356245314,0.00035624815,0.000356250306,0.000356132792,0.00035624596,0.000357697916,0.000366551014,0.000366802682,0.000366551014,0.000367415859,0.000355034168,0.000355728038,-0.000233913463,-0.000233913463,-0.000233913463,-0.000233913463,-0.000249587497,-0.000249587497,-0.000249408677,-0.000249468287,-0.000249527887,-0.000249527887,-0.000249408677,-0.000249408677,-0.00025000572,-0.000249768293,-0.000249768293,-0.000249768293,-0.000249768293,-0.00025000572,-0.00024595558,-0.00024595558,-0.000245956573,-0.000249533847,-0.00024595558,-0.000251973663,-0.000236953293,-0.00023671388,-0.000236953293,-0.000235999623,-0.000247801333,-0.000248099363,0.000602200894,0.000611244156
7.54159722,0.000370540874,0.000370540874,0.000370540874,0.000370540874,0.000359417765,0.000359417765,0.000359780925,0.000359693356,0.000359017717,0.000359017717,0.000359744357,0.000359758685,0.000362482573,0.000362281496,0.000362281496,0.000362281496,0.000362262941,0.000362482573,0.000357125086,0.00035712842,0.000357130957,0.000357036014,0.000357125807,0.000358446675,0.000367773377,0.00036802465,0.000367773377,0.000368635848,0.000356218206,0.000356909194,-0.000228130934,-0.000228130934,-0.000228130934,-0.000228130934,-0.000244222188,-0.000244222188,-0.000243983768,-0.000244102978,-0.000244162578,-0.000244162578,-0.000244043378,-0.000243984766,-0.000244224184,-0.000243985764,-0.000243985764,-0.000243985764,-0.000243985764,-0.000244224184,-0.000239458809,-0.000239518409,-0.000239518409,-0.000242679455,-0.000239458809,-0.000245835511,-0.000231111164,-0.000230872744,-0.000231111164,-0.000230158483,-0.000241840993,-0.000242139022,0.000596583895,0.000606706757
7.55826389,0.000371873639,0.000371873639,0.000371873639,0.000371873639,0.000360874397,0.000360874397,0.000361091072,0.000361053154,0.000360558214,0.000360558214,0.000361077556,0.000361082969,0.000363670139,0.000363477904,0.000363477904,0.000363477904,0.000363459748,0.000363670139,0.0003579997,0.000358003408,0.00035800623,0.000357922644,0.000358000477,0.000359145781,0.000368947278,0.00036919814,0.000368947278,0.000369807497,0.000357357027,0.000358045027,-0.000222349061,-0.000222349061,-0.000222349061,-0.000222349061,-0.000238917174,-0.000238917174,-0.000238678754,-0.000238739342,-0.000238917174,-0.000238917174,-0.000238679742,-0.000238678754,-0.000238501911,-0.000238263501,-0.000238263501,-0.000238263501,-0.000238263501,-0.000238501911,-0.000233080858,-0.000233080858,-0.000233139479,-0.000235884255,-0.000233080858,-0.000239695989,-0.000225329291,-0.000225090871,-0.000225329291,-0.000224435221,-0.000235998521,-0.000236296541,0.000591080558,0.00060217205
7.57493056,0.000373138111,0.000373138111,0.000373138111,0.000373138111,0.000362251545,0.000362251545,0.000362322178,0.000362332992,0.000362022865,0.000362022865,0.000362331203,0.000362327881,0.000364802008,0.000364617956,0.000364617956,0.000364617956,0.000364600155,0.000364802008,0.000358874503,0.000358878458,0.000358881466,0.000358797885,0.000358875318,0.000359805262,0.000370074613,0.000370325088,0.000370074613,0.000370932925,0.000358452396,0.000359137269,-0.00021668672,-0.00021668672,-0.00021668672,-0.00021668672,-0.00023373067,-0.00023373067,-0.000233433643,-0.00023355186,-0.000233731663,-0.000233731663,-0.00023349226,-0.000233433643,-0.00023283958,-0.000232659777,-0.000232659777,-0.000232659777,-0.000232659777,-0.00023283958,-0.000226821497,-0.000226821497,-0.000226821497,-0.000229148063,-0.000226821497,-0.000233497226,-0.00021966696,-0.00021936894,-0.00021966696,-0.00021871328,-0.000230158363,-0.000230456393,0.000585696,0.000597641588
7.59159722,0.000374326918,0.000374326918,0.000374326918,0.000374326918,0.00036354551,0.00036354551,0.000363473703,0.000363531289,0.000363406006,0.000363406006,0.000363504276,0.000363492587,0.000365877765,0.000365700841,0.000365700841,0.000365700841,0.000365683338,0.000365877765,0.000359753351,0.000359757424,0.000359760519,0.000359665732,0.000359754183,0.000360434326,0.000371155323,0.000371405471,0.000371155323,0.000372012266,0.000359504528,0.000360186123,-0.000211084004,-0.000211084004,-0.000211084004,-0.000211084004,-0.000228546168,-0.000228546168,-0.000228248138,-0.000228367358,-0.000228605768,-0.000228605768,-0.000228307748,-0.00022830675,-0.000227236855,-0.000227057046,-0.000227057046,-0.000227057046,-0.000227057046,-0.000227236855,-0.000220621742,-0.000220622741,-0.000220622741,-0.000222472477,-0.000220621742,-0.000227298461,-0.000214063236,-0.000213766214,-0.000214063236,-0.000213109556,-0.000224435444,-0.000224733464,0.000580375093,0.00059311462
7.60826389,0.000375433574,0.000375433574,0.000375433574,0.000375433574,0.000364753009,0.000364753009,0.000364545363,0.00036464679,0.000364702405,0.000364702405,0.000364596047,0.000364576533,0.000366895917,0.000366724785,0.000366724785,0.000366724785,0.000366707513,0.000366895917,0.00036063858,0.000360642643,0.00036064573,0.00036052894,0.00036063941,0.000361041199,0.000372188156,0.000372438056,0.000372188156,0.000373044366,0.000360512039,0.000361190201,-0.000205599162,-0.000205599162,-0.000205599162,-0.000205599162,-0.000223478575,-0.000223478575,-0.000223180555,-0.000223241154,-0.000223597785,-0.000223597785,-0.000223181544,-0.000223180555,-0.000221752022,-0.000221573202,-0.000221573202,-0.000221573202,-0.000221573202,-0.000221752022,-0.00021454184,-0.00021454184,-0.00021454184,-0.000215915706,-0.00021454184,-0.000221099339,-0.000208519792,-0.000208221762,-0.000208519792,-0.000207566112,-0.000218772781,-0.000219070801,0.000575180419,0.00058864794
7.62493056,0.000376454273,0.000376454273,0.000376454273,0.000376454273,0.00036587166,0.00036587166,0.000365537557,0.000365679011,0.000365907791,0.000365907791,0.00036560651,0.000365579868,0.000367855957,0.000367689115,0.000367689115,0.000367689115,0.000367672004,0.000367855957,0.000361531394,0.000361535327,0.00036153831,0.000361389402,0.000361532204,0.000361633418,0.000373172707,0.000373422439,0.000373172707,0.000374028835,0.000361474149,0.000362148709,-0.000200115637,-0.000200115637,-0.000200115637,-0.000200115637,-0.00021841228,-0.00021841228,-0.00021811426,-0.00021823346,-0.00021859109,-0.00021859109,-0.00021817386,-0.000218115253,-0.000216327113,-0.000216089687,-0.000216089687,-0.000216089687,-0.000216089687,-0.000216327113,-0.00020858049,-0.000208581483,-0.000208581483,-0.00020947754,-0.00020858049,-0.000214960177,-0.000203036267,-0.000202796853,-0.000203036267,-0.000202082597,-0.00021317005,-0.00021346807,0.000570111884,0.000584498881
7.64159722,0.000377387978,0.000377387978,0.000377387978,0.000377387978,0.000366900085,0.000366900085,0.000366451408,0.000366628301,0.000367018989,0.000367018989,0.000366536437,0.000366503504,0.000368758526,0.000368594394,0.000368594394,0.000368594394,0.000368577373,0.000368758526,0.000362431935,0.000362435623,0.000362438414,0.000362248196,0.000362432709,0.000362217741,0.000374109288,0.000374358933,0.000374109288,0.000374965974,0.000362390986,0.000363061773,-0.000194751326,-0.000194751326,-0.000194751326,-0.000194751326,-0.000213464192,-0.000213464192,-0.00021310756,-0.00021322677,-0.000213643012,-0.000213643012,-0.00021316717,-0.000213166172,-0.000210904186,-0.000210725376,-0.000210725376,-0.000210725376,-0.000210725376,-0.000210904186,-0.000202739354,-0.000202739354,-0.000202739354,-0.000203218181,-0.000202739354,-0.000208761421,-0.000197612356,-0.000197373936,-0.000197612356,-0.000196717288,-0.000207685536,-0.000207983556,0.00056517129,0.000580662001
7.65826389,0.000378234924,0.000378234924,0.000378234924,0.000378234924,0.000367837522,0.000367837522,0.000367288334,0.000367495421,0.000368033572,0.000368033572,0.000367386951,0.00036734868,0.000369603414,0.000369440416,0.000369440416,0.000369440416,0.00036942342,0.000369603414,0.00036333894,0.000363342276,0.000363344795,0.000363105203,0.00036333966,0.000362799658,0.000374996832,0.000375246467,0.000374996832,0.00037585467,0.000363261723,0.000363928585,-0.000189446302,-0.000189446302,-0.000189446302,-0.000189446302,-0.000208458205,-0.000208458205,-0.000208160185,-0.000208219785,-0.000208695636,-0.000208695636,-0.000208218796,-0.000208160185,-0.000205599162,-0.000205419354,-0.000205419354,-0.000205419354,-0.000205419354,-0.000205599162,-0.000197016092,-0.000197017081,-0.000197017081,-0.000197019059,-0.000197017081,-0.000202681499,-0.000192306334,-0.000192067924,-0.000192306334,-0.000191353652,-0.000202261302,-0.000202499722,0.000560124262,0.000576729208
7.67493056,0.000378998417,0.000378998417,0.000378998417,0.000378998417,0.000368684259,0.000368684259,0.00036805044,0.000368281953,0.00036895033,0.00036895033,0.000368159925,0.000368117358,0.000370391947,0.000370228608,0.000370228608,0.000370228608,0.000370211579,0.000370391947,0.000364250237,0.000364253127,0.000364255301,0.0003639596,0.000364250889,0.000363383793,0.000375835711,0.000376085397,0.000375835711,0.000376695197,0.000364086834,0.000364749632,-0.00018425882,-0.00018425882,-0.00018425882,-0.00018425882,-0.00020351112,-0.00020351112,-0.00020321309,-0.000203331307,-0.00020374954,-0.00020374954,-0.000203271707,-0.00020321309,-0.000200353063,-0.000200174253,-0.000200174253,-0.000200174253,-0.000200174253,-0.000200353063,-0.000191413357,-0.00019141435,-0.000191472967,-0.000191057723,-0.000191413357,-0.000196601947,-0.000187061233,-0.000186763203,-0.000187061233,-0.000186107553,-0.000196895993,-0.000197135407,0.000555017323,0.00057269987
7.69159722,0.000379683779,0.000379683779,0.000379683779,0.000379683779,0.000369441533,0.000369441533,0.000368740389,0.000368990173,0.000369769188,0.000369769188,0.000368857851,0.000368812101,0.000371125896,0.000370960887,0.000370960887,0.000370960887,0.000370943776,0.000371125896,0.000365162745,0.000365165108,0.000365166875,0.000364809792,0.000365163318,0.00036397371,0.00037662631,0.000376876098,0.00037662631,0.000377487857,0.000364867349,0.000365525988,-0.000179074308,-0.000179074308,-0.000179074308,-0.000179074308,-0.000198622642,-0.000198622642,-0.000198324612,-0.00019838522,-0.00019886206,-0.00019886206,-0.00019832561,-0.00019832561,-0.000195167558,-0.000194988758,-0.000194988758,-0.000194988758,-0.000194988758,-0.000195167558,-0.000185989446,-0.000185989446,-0.000185989446,-0.000185215584,-0.000185989446,-0.000190640603,-0.000181875728,-0.000181577708,-0.000181875728,-0.000180922058,-0.000191591288,-0.000191889308,0.000550025377,0.000568631248
7.70826389,0.000380297046,0.000380297046,0.000380297046,0.000380297046,0.000370111139,0.000370111139,0.000369360989,0.00036962265,0.000370490849,0.000370490849,0.00036948344,0.000369435659,0.000371806343,0.000371638542,0.000371638542,0.000371638542,0.000371621312,0.000371806343,0.000366072264,0.000366074033,0.000366075342,0.000365653186,0.000366072748,0.000364571617,0.000377368096,0.000377618024,0.000377368096,0.00037823201,0.000365603441,0.000366257877,-0.000173948104,-0.000173948104,-0.000173948104,-0.000173948104,-0.000193734876,-0.000193734876,-0.000193436846,-0.000193496456,-0.000193974275,-0.000193974275,-0.000193437835,-0.000193436846,-0.000190041364,-0.000189862554,-0.000189862554,-0.000189862554,-0.000189862554,-0.000190041364,-0.000180683434,-0.000180683434,-0.000180683434,-0.000179552921,-0.000180683434,-0.00018473952,-0.000176748535,-0.000176510115,-0.000176748535,-0.000175794865,-0.000186405474,-0.000186643894,0.000545206107,0.000564465124
7.72493056,0.000380845502,0.000380845502,0.000380845502,0.000380845502,0.000370695698,0.000370695698,0.000369915449,0.000370182498,0.000371117071,0.000371117071,0.000370039866,0.000369991221,0.000372434675,0.000372263207,0.000372263207,0.000372263207,0.000372245832,0.000372434675,0.000366973864,0.000366974987,0.000366975798,0.00036648652,0.000366974251,0.0003651786,0.000378060721,0.000378310809,0.000378060721,0.000378927184,0.000366295411,0.000366945659,-0.00016894042,-0.00016894042,-0.00016894042,-0.00016894042,-0.00018878877,-0.00018878877,-0.000188549357,-0.000188608967,-0.00018908679,-0.00018908679,-0.00018855035,-0.000188549357,-0.00018497407,-0.00018479526,-0.00018479526,-0.00018479526,-0.00018479526,-0.00018497407,-0.000175497923,-0.000175497923,-0.000175497923,-0.000174127023,-0.000175497923,-0.00017895698,-0.00017168224,-0.00017144382,-0.00017168224,-0.00017072856,-0.00018127858,-0.000181517993,0.000540613543,0.000560203861
7.74159722,0.000381336987,0.000381336987,0.000381336987,0.000381336987,0.000371198483,0.000371198483,0.000370407202,0.0003706732,0.000371650512,0.000371650512,0.0003705306,0.000370482247,0.000373012314,0.000372836582,0.000372836582,0.000372836582,0.00037281905,0.000373012314,0.000367861958,0.000367862398,0.000367862684,0.000367305915,0.000367862241,0.00036579462,0.000378703931,0.000378954182,0.000378703931,0.000379572995,0.000366943553,0.000367589672,-0.00016393373,-0.00016393373,-0.00016393373,-0.00016393373,-0.00018390129,-0.00018390129,-0.000183661872,-0.000183721482,-0.000184257922,-0.000184257922,-0.00018366287,-0.00018366287,-0.00017996738,-0.00017978857,-0.00017978857,-0.00017978857,-0.00017978857,-0.00017996738,-0.00017049024,-0.00017049024,-0.00017049024,-0.000168822308,-0.00017049024,-0.000173235054,-0.00016667555,-0.00016643713,-0.00016667555,-0.00016572187,-0.00017621229,-0.00017645071,0.000536128224,0.000555908433
7.75826389,0.000381778966,0.000381778966,0.000381778966,0.000381778966,0.00037162325,0.00037162325,0.000370839747,0.000371098445,0.000372094562,0.000372094562,0.000370959239,0.000370912298,0.000373540144,0.000373359837,0.000373359837,0.000373359837,0.000373342149,0.000373540144,0.000368730329,0.000368730067,0.000368729814,0.000368106849,0.000368730506,0.000366418418,0.000379296969,0.000379547362,0.000379296969,0.000380168548,0.000367547431,0.000368189516,-0.000158986355,-0.000158986355,-0.000158986355,-0.000158986355,-0.000179013515,-0.000179013515,-0.000178775095,-0.000178834695,-0.000179370156,-0.000179370156,-0.000178833706,-0.000178775095,-0.000175020005,-0.000174841185,-0.000174841185,-0.000174841185,-0.000174841185,-0.000175020005,-0.000165542865,-0.000165542865,-0.000165601476,-0.000163754725,-0.000165542865,-0.000167690612,-0.000161786776,-0.000161489745,-0.000161786776,-0.000160833106,-0.000171205305,-0.000171502336,0.000531861574,0.000551464718
7.77493056,0.000382179255,0.000382179255,0.000382179255,0.000382179255,0.00037197445,0.00037197445,0.000371216873,0.000371462343,0.00037245356,0.00037245356,0.000371329731,0.000371285262,0.000374019723,0.000373834815,0.000373834815,0.000373834815,0.000373816982,0.000374019723,0.00036957257,0.000369571603,0.000369570807,0.000368884559,0.00036957264,0.000367047891,0.000379839991,0.000380090489,0.000379839991,0.000380713875,0.000368107334,0.00036874549,-0.00015409886,-0.00015409886,-0.00015409886,-0.00015409886,-0.000174184637,-0.000174184637,-0.000173946217,-0.00017394721,-0.000174482667,-0.000174482667,-0.000173946217,-0.000173946217,-0.000170131527,-0.0001699537,-0.0001699537,-0.0001699537,-0.000169952707,-0.000170131527,-0.000160773597,-0.000160773597,-0.000160773597,-0.00015880763,-0.000160773597,-0.000162265693,-0.000156899297,-0.000156660867,-0.000156899297,-0.000155945617,-0.000166316827,-0.00016655624,0.000527692189,0.000546936227
7.79159722,0.000382544603,0.000382544603,0.000382544603,0.000382544603,0.000372256916,0.000372256916,0.000371542374,0.000371769132,0.000372732478,0.000372732478,0.000371646088,0.000371605069,0.000374452401,0.000374263117,0.000374263117,0.000374263117,0.000374245162,0.000374452401,0.00037038202,0.000370380359,0.000370379031,0.000369633938,0.000370381986,0.000367679936,0.000380332973,0.000380583526,0.000380332973,0.000381208857,0.000368623169,0.000369257502,-0.00014927099,-0.00014927099,-0.00014927099,-0.00014927099,-0.000169297152,-0.000169297152,-0.00016905973,-0.000169118342,-0.00016959617,-0.00016959617,-0.00016905973,-0.00016905973,-0.000165303642,-0.000165124832,-0.000165124832,-0.000165124832,-0.000165124832,-0.000165303642,-0.000156123524,-0.000156123524,-0.000156123524,-0.000154097962,-0.000156123524,-0.000156960988,-0.00015207241,-0.000151832992,-0.00015207241,-0.000151117732,-0.000161488942,-0.000161727362,0.0005237319,0.000542328648
7.80826389,0.000382879875,0.000382879875,0.000382879875,0.000382879875,0.00037247561,0.00037247561,0.000371819829,0.000372022941,0.000372936654,0.000372936654,0.000371912153,0.000371875462,0.0003748387,0.000374645491,0.000374645491,0.000374645491,0.000374627442,0.0003748387,0.000371151746,0.000371149418,0.000371147578,0.000370349479,0.000371151611,0.000368310394,0.000380775084,0.000381025627,0.000380775084,0.000381652571,0.000369093697,0.000369724289,-0.000144501436,-0.000144501436,-0.000144501436,-0.000144501436,-0.000164409386,-0.000164409386,-0.000164230576,-0.000164231565,-0.000164708395,-0.000164708395,-0.000164230576,-0.000164230576,-0.000160475476,-0.000160296666,-0.000160296666,-0.000160296666,-0.000160296666,-0.000160475476,-0.000151593397,-0.000151593397,-0.000151593397,-0.000149565849,-0.000151593397,-0.000151774195,-0.000147362456,-0.000147064436,-0.000147362456,-0.000146349176,-0.000156660776,-0.000156957817,0.000519915327,0.000537645049
7.82493056,0.000383188906,0.000383188906,0.000383188906,0.000383188906,0.000372635784,0.000372635784,0.000372052797,0.000372227976,0.000373071942,0.000373071942,0.000372131793,0.00037210019,0.000375179215,0.000374982713,0.000374982713,0.000374982713,0.000374964603,0.000375179215,0.000371874967,0.000371872014,0.000371869693,0.000371025671,0.000371874738,0.000368934433,0.000381165974,0.000381416431,0.000381165974,0.000382044596,0.00036951791,0.0003701448,-0.000139792757,-0.000139792757,-0.000139792757,-0.000139792757,-0.00015952289,-0.00015952289,-0.000159402687,-0.000159402687,-0.000159879527,-0.000159879527,-0.000159402687,-0.000159402687,-0.000155766807,-0.000155587987,-0.000155587987,-0.000155587987,-0.000155587987,-0.000155766807,-0.000147123133,-0.000147123133,-0.000147123133,-0.00014515519,-0.000147123133,-0.000146766507,-0.000142653777,-0.000142355757,-0.000142653777,-0.000141640507,-0.000151952107,-0.000152190527,0.00051570094,0.000532951469
7.84159722,0.000383473054,0.000383473054,0.000383473054,0.000383473054,0.000372742481,0.000372742481,0.000372244369,0.00037238805,0.000373144194,0.000373144194,0.000372308442,0.000372282555,0.000375473156,0.000375274145,0.000375274145,0.000375274145,0.000375256012,0.000375473156,0.000372544848,0.000372541321,0.000372538561,0.000371656765,0.000372544532,0.000369546336,0.000381504326,0.000381754608,0.000381504326,0.000382383542,0.000369893596,0.000370516754,-0.000135142694,-0.000135142694,-0.000135142694,-0.000135142694,-0.000154694012,-0.000154694012,-0.000154574802,-0.000154574802,-0.000154992042,-0.000154992042,-0.000154574802,-0.000154574802,-0.000151058132,-0.000150879322,-0.000150879322,-0.000150879322,-0.000150879322,-0.000151058132,-0.000142771086,-0.000142771086,-0.000142771086,-0.000140863746,-0.000142771086,-0.000141879012,-0.000138003714,-0.000137706692,-0.000138003714,-0.000136991432,-0.000147303042,-0.000147600064,0.000511425349,0.000528136236
7.85826389,0.000383733136,0.000383733136,0.000383733136,0.000383733136,0.000372800941,0.000372800941,0.000372397615,0.000372507019,0.000373159645,0.000373159645,0.000372445538,0.000372425855,0.000375720742,0.000375520121,0.000375520121,0.000375520121,0.000375502005,0.000375720742,0.000373155079,0.000373151043,0.000373147893,0.000372237343,0.000373154686,0.000370140097,0.000381790364,0.000382040371,0.000381790364,0.000382669574,0.000370219704,0.000370839001,-0.000130552957,-0.000130552957,-0.000130552957,-0.000130552957,-0.000149865856,-0.000149865856,-0.000149746646,-0.000149746646,-0.000150163876,-0.000150163876,-0.000149746646,-0.000149746646,-0.000146408786,-0.000146288587,-0.000146288587,-0.000146288587,-0.000146288587,-0.000146408786,-0.000138538998,-0.000138538998,-0.000138538998,-0.000136749869,-0.000138538998,-0.000137169077,-0.000133413987,-0.000133116946,-0.000133413987,-0.000132400707,-0.000142771907,-0.000143010327,0.000507309174,0.000523323521
7.87493056,0.000383969924,0.000383969924,0.000383969924,0.000383969924,0.00037281675,0.00037281675,0.000372515794,0.000372588964,0.00037312503,0.00037312503,0.000372546729,0.000372533588,0.00037592347,0.000375722171,0.000375722171,0.000375722171,0.000375704111,0.00037592347,0.000373700251,0.000373695779,0.000373692296,0.000372762657,0.000373699792,0.000370709775,0.000382025927,0.000382275563,0.000382025927,0.000382904554,0.000370497392,0.000371112629,-0.000125963483,-0.000125963483,-0.000125963483,-0.000125963483,-0.000145037967,-0.000145037967,-0.00014491975,-0.000144978367,-0.000145335987,-0.000145335987,-0.000144978367,-0.00014491975,-0.000141877923,-0.000141699113,-0.000141699113,-0.000141699113,-0.000141699113,-0.000141877923,-0.000134365757,-0.000134365757,-0.000134365757,-0.000132756427,-0.000134365757,-0.000132579603,-0.000128884113,-0.000128586093,-0.000128884113,-0.000127870833,-0.000138242043,-0.000138480463,0.000503289379,0.000518461017
7.89159722,0.00038418254,0.00038418254,0.00038418254,0.00038418254,0.000372795295,0.000372795295,0.000372601863,0.000372637687,0.000373047016,0.000373047016,0.000372615364,0.000372608951,0.000376082549,0.000375881448,0.000375881448,0.000375881448,0.000375863477,0.000376082549,0.000374175546,0.000374170717,0.000374166964,0.000373228307,0.000374175032,0.000371249206,0.000382212551,0.000382461739,0.000382212551,0.000383090113,0.000370727869,0.000371338831,-0.000121433624,-0.000121433624,-0.000121433624,-0.000121433624,-0.000140269692,-0.000140269692,-0.000140150482,-0.000140210082,-0.000140508112,-0.000140508112,-0.000140150482,-0.000140150482,-0.000137348064,-0.000137169254,-0.000137169254,-0.000137169254,-0.000137169254,-0.000137348064,-0.000130253118,-0.000130253118,-0.000130253118,-0.00012888121,-0.000130253118,-0.000128109344,-0.000124413864,-0.000124115834,-0.000124413864,-0.000123400574,-0.000133771784,-0.000134010204,0.00049935855,0.000513555128
7.90826389,0.000384369233,0.000384369233,0.000384369233,0.000384369233,0.000372741751,0.000372741751,0.000372658516,0.000372656731,0.000372932154,0.000372932154,0.000372654533,0.000372654881,0.000376199447,0.000375999316,0.000375999316,0.000375999316,0.000375981462,0.000376199447,0.000374576896,0.000374571799,0.00037456784,0.000373630401,0.000374576341,0.000371752225,0.000382352198,0.000382600886,0.000382352198,0.000383228342,0.000370912654,0.000371519137,-0.000117021718,-0.000117021718,-0.000117021718,-0.000117021718,-0.000135501136,-0.000135501136,-0.000135441526,-0.000135441526,-0.000135739556,-0.000135739556,-0.000135441526,-0.000135441526,-0.000132876549,-0.000132698727,-0.000132698727,-0.000132698727,-0.000132698727,-0.000132876549,-0.00012619984,-0.00012619984,-0.00012619984,-0.000125124982,-0.00012619984,-0.000123816648,-0.000120001948,-0.000119703928,-0.000120001948,-0.000118930053,-0.000129360867,-0.000129598298,0.000495568873,0.000509075996
7.92493056,0.000384528191,0.000384528191,0.000384528191,0.000384528191,0.000372661262,0.000372661262,0.000372688427,0.0003726496,0.00037278703,0.00037278703,0.000372667293,0.000372674288,0.000376276591,0.000376078026,0.000376078026,0.000376078026,0.000376060308,0.000376276591,0.000374901299,0.000374896021,0.000374891927,0.000373965858,0.000374900716,0.000372213023,0.000382447709,0.000382695881,0.000382447709,0.000383322265,0.000371054374,0.000371656237,-0.000112611054,-0.000112611054,-0.000112611054,-0.000112611054,-0.000130792457,-0.000130792457,-0.000130732857,-0.000130732857,-0.000130971267,-0.000130971267,-0.000130732857,-0.000130732857,-0.00012846589,-0.00012828708,-0.00012828708,-0.00012828708,-0.00012828708,-0.00012846589,-0.000122206407,-0.000122206407,-0.000122206407,-0.000121370953,-0.000122206407,-0.000119643407,-0.000115591286,-0.000115294253,-0.000115591286,-0.00011457801,-0.00012500882,-0.00012524724,0.000491856429,0.000504742481
7.94159722,0.000384656091,0.000384656091,0.000384656091,0.000384656091,0.000372558348,0.000372558348,0.000372693703,0.000372619199,0.000372617638,0.000372617638,0.000372656122,0.000372669504,0.000376315429,0.000376118819,0.000376118819,0.000376118819,0.000376101247,0.000376315429,0.000375146386,0.00037514102,0.00037513686,0.000374231989,0.000375145789,0.000372625792,0.000382500844,0.000382748522,0.000382500844,0.000383373845,0.000371154329,0.000371751521,-0.000108260001,-0.000108260001,-0.000108260001,-0.000108260001,-0.000126142394,-0.000126142394,-0.000126082784,-0.000126082784,-0.000126262602,-0.000126262602,-0.000126082784,-0.000126082784,-0.000124055236,-0.000123877414,-0.000123877414,-0.000123877414,-0.000123877414,-0.000124055236,-0.000118272583,-0.000118272583,-0.000118272583,-0.000117734141,-0.000118272583,-0.000115590374,-0.000111241234,-0.000111001816,-0.000111241234,-0.000110226956,-0.000120717372,-0.00012095579,0.000488216166,0.000500370664
7.95826389,0.000384749231,0.000384749231,0.000384749231,0.000384749231,0.000372437072,0.000372437072,0.000372676104,0.000372568036,0.000372429513,0.000372429513,0.000372623121,0.0003726425,0.000376317288,0.0003761228,0.0003761228,0.0003761228,0.000376105374,0.000376317288,0.000375310689,0.000375305325,0.000375301168,0.000374426771,0.000375310091,0.000372985075,0.000382513267,0.00038276051,0.000382513267,0.000383384936,0.000371213424,0.000371805987,-0.000103968298,-0.000103968298,-0.000103968298,-0.000103968298,-0.000121494042,-0.000121494042,-0.000121434436,-0.000121493053,-0.000121613251,-0.000121613251,-0.000121493053,-0.000121493053,-0.000119763528,-0.000119584718,-0.000119584718,-0.000119584718,-0.000119584718,-0.000119763528,-0.000114397131,-0.000114397131,-0.000114397131,-0.000114157727,-0.000114397131,-0.00011165631,-0.000107008138,-0.000106710112,-0.000107008138,-0.000105935252,-0.000116485274,-0.000116723692,0.000484641384,0.000496080816
7.97493056,0.000384803831,0.000384803831,0.000384803831,0.000384803831,0.000372300955,0.000372300955,0.000372637013,0.000372498174,0.000372227623,0.000372227623,0.000372569985,0.000372594847,0.00037628338,0.000376090969,0.000376090969,0.000376090969,0.000376073682,0.00037628338,0.000375393636,0.000375388361,0.000375384276,0.000374548865,0.000375393051,0.000373285862,0.000382486654,0.000382733552,0.000382486654,0.000383357381,0.00037123216,0.000371820211,-9.9676846e-05,-9.9676846e-05,-9.9676846e-05,-9.9676846e-05,-0.000116963183,-0.000116963183,-0.000116903583,-0.000116903583,-0.000117023787,-0.000117023787,-0.000116903583,-0.000116903583,-0.00011547208,-0.00011529326,-0.00011529326,-0.00011529326,-0.00011529326,-0.00011547208,-0.000110464297,-0.000110464297,-0.000110464297,-0.000110581516,-0.000110464297,-0.000107840693,-0.000102775297,-0.000102478264,-0.000102775297,-0.000101703404,-0.000112312037,-0.000112550457,0.000481126555,0.00049175546
7.99159722,0.000384816241,0.000384816241,0.000384816241,0.000384816241,0.000372152963,0.000372152963,0.000372577451,0.000372411236,0.000372016312,0.000372016312,0.000372498008,0.000372527733,0.000376214633,0.000376024056,0.000376024056,0.000376024056,0.000376006893,0.000376214633,0.000375395554,0.000375390453,0.000375386503,0.000374597636,0.000375394994,0.000373523693,0.000382422382,0.000382669051,0.000382422382,0.000383292702,0.000371210703,0.00037179441,-9.55046058e-05,-9.55046058e-05,-9.55046058e-05,-9.55046058e-05,-0.000112433324,-0.000112433324,-0.000112432326,-0.000112433324,-0.000112551536,-0.000112551536,-0.000112433324,-0.000112432326,-0.000111298838,-0.000111120028,-0.000111120028,-0.000111120028,-0.000111120028,-0.000111298838,-0.00010664868,-0.00010664868,-0.00010664868,-0.000107005311,-0.00010664868,-0.000104144285,-9.86030477e-05,-9.83050277e-05,-9.86030477e-05,-9.75311657e-05,-0.000108199398,-0.000108378212,0.000477667979,0.000487513471
8.00826389,0.000384783147,0.000384783147,0.000384783147,0.000384783147,0.000371995385,0.000371995385,0.000372498007,0.000372308324,0.000371799165,0.000371799165,0.000372408008,0.000372441885,0.000376111828,0.000375922687,0.000375922687,0.000375922687,0.000375905627,0.000376111828,0.000375317595,0.000375312744,0.00037530899,0.00037457311,0.000375317072,0.000373694689,0.000382321825,0.000382568398,0.000382321825,0.000383192376,0.000371148764,0.000371728301,-9.13907296e-05,-9.13907296e-05,-9.13907296e-05,-9.13907296e-05,-0.000108021414,-0.000108021414,-0.000107962797,-0.000108021414,-0.000108081018,-0.000108081018,-0.000108021414,-0.000107962797,-0.00010712636,-0.00010694754,-0.00010694754,-0.00010694754,-0.00010694754,-0.00010712636,-0.000102774231,-0.000102774231,-0.00010277522,-0.000103488492,-0.000102774231,-0.000100449651,-9.44315584e-05,-9.41921496e-05,-9.44315584e-05,-9.34172896e-05,-0.00010408652,-0.000104265334,0.00047414434,0.000483238188
8.02493056,0.000384702402,0.000384702402,0.000384702402,0.000384702402,0.000371830059,0.000371830059,0.000372399082,0.000372190254,0.000371579197,0.000371579197,0.000372300573,0.000372337818,0.000375976128,0.000375787906,0.000375787906,0.000375787906,0.000375770923,0.000375976128,0.000375161879,0.000375157349,0.000375153843,0.000374476144,0.000375161403,0.00037379581,0.000382186705,0.000382433329,0.000382186705,0.000383058196,0.000371046651,0.000371622161,-8.73376916e-05,-8.73376916e-05,-8.73376916e-05,-8.73376916e-05,-0.00010367036,-0.00010367036,-0.00010361075,-0.00010367036,-0.000103671353,-0.000103671353,-0.000103611743,-0.000103611743,-0.000103013713,-0.000102834897,-0.000102834897,-0.000102834897,-0.000102834897,-0.000103013713,-9.89596033e-05,-9.89596033e-05,-9.89596033e-05,-9.9912285e-05,-9.89596033e-05,-9.687245e-05,-9.03775266e-05,-9.00795066e-05,-9.03775266e-05,-8.93046466e-05,-0.000100033481,-0.000100212297,0.00047066826,0.00047898984
8.04159722,0.000384572526,0.000384572526,0.000384572526,0.000384572526,0.000371658194,0.000371658194,0.000372280744,0.0003720574,0.000371358658,0.000371358658,0.000372175903,0.000372215679,0.000375808453,0.000375620541,0.000375620541,0.000375620541,0.000375603608,0.000375808453,0.000374931299,0.000374927152,0.000374923942,0.00037430826,0.000374930881,0.000373824739,0.000382018406,0.000382265237,0.000382018406,0.000382891602,0.000370904543,0.00037147613,-8.32846577e-05,-8.32846577e-05,-8.32846577e-05,-8.32846577e-05,-9.93789059e-05,-9.93789059e-05,-9.93193057e-05,-9.93789059e-05,-9.93789059e-05,-9.93789059e-05,-9.93789059e-05,-9.93779077e-05,-9.89606777e-05,-9.87818676e-05,-9.87818676e-05,-9.87818676e-05,-9.87818676e-05,-9.89606777e-05,-9.51449797e-05,-9.51449797e-05,-9.51449797e-05,-9.63956815e-05,-9.51449797e-05,-9.33558454e-05,-8.63244937e-05,-8.60264677e-05,-8.63244937e-05,-8.53102195e-05,-9.60400477e-05,-9.62188676e-05,0.000466944591,0.00047476913
8.05826389,0.00038439268,0.00038439268,0.00038439268,0.00038439268,0.000371480277,0.000371480277,0.000372142651,0.00037190962,0.000371138921,0.000371138921,0.000372033739,0.000372075176,0.000375609253,0.000375421013,0.000375421013,0.000375421013,0.000375404103,0.000375609253,0.000374629363,0.00037462565,0.000374622775,0.00037407152,0.000374629009,0.000373779858,0.000381817868,0.00038206506,0.000381817868,0.000382693531,0.00037072233,0.000371290029,-7.93496009e-05,-7.93496009e-05,-7.93496009e-05,-7.93496009e-05,-9.52054296e-05,-9.52054296e-05,-9.51458196e-05,-9.52054296e-05,-9.52054296e-05,-9.52054296e-05,-9.51468085e-05,-9.51468085e-05,-9.49670096e-05,-9.47881946e-05,-9.47881946e-05,-9.47881946e-05,-9.47881946e-05,-9.49670096e-05,-9.13301368e-05,-9.13301368e-05,-9.13301368e-05,-9.2819262e-05,-9.13301368e-05,-8.9898636e-05,-8.23308236e-05,-8.20914168e-05,-8.23308236e-05,-8.13165558e-05,-9.21049968e-05,-9.22847996e-05,0.000462827327,0.000470576263
8.07493056,0.000384163194,0.000384163194,0.000384163194,0.000384163194,0.000371296243,0.000371296243,0.000371984226,0.000371746425,0.000370920637,0.000370920637,0.000371873537,0.000371915748,0.000375379089,0.000375189904,0.000375189904,0.000375189904,0.000375172991,0.000375379089,0.000374260222,0.000374256984,0.000374254475,0.000373768598,0.000374259938,0.000373660375,0.000381586089,0.000381833786,0.000381586089,0.000382464941,0.000370500247,0.000371064012,-7.54167626e-05,-7.54167626e-05,-7.54167626e-05,-7.54167626e-05,-9.10927866e-05,-9.10927866e-05,-9.10331766e-05,-9.10927866e-05,-9.10927866e-05,-9.10927866e-05,-9.10331766e-05,-9.10331766e-05,-9.10321834e-05,-9.08533732e-05,-9.08533732e-05,-9.08533732e-05,-9.08533732e-05,-9.10321834e-05,-8.75155132e-05,-8.75155132e-05,-8.75155132e-05,-8.918345e-05,-8.75155132e-05,-8.65002466e-05,-7.84556034e-05,-7.81575832e-05,-7.84556034e-05,-7.73827232e-05,-8.81721566e-05,-8.83509666e-05,0.000458672404,0.000466411272
8.09159722,0.000383884668,0.000383884668,0.000383884668,0.000383884668,0.000371105283,0.000371105283,0.000371804474,0.000371566796,0.00037070353,0.00037070353,0.000371694279,0.000371736387,0.000375117412,0.000374926726,0.000374926726,0.000374926726,0.000374909787,0.000375117412,0.000373828411,0.000373825678,0.000373823559,0.000373402544,0.000373828203,0.000373466136,0.000381322982,0.000381571313,0.000381322982,0.00038220567,0.000370237996,0.000370797723,-7.16011495e-05,-7.16011495e-05,-7.16011495e-05,-7.16011495e-05,-8.70983556e-05,-8.70983556e-05,-8.69801476e-05,-8.70397477e-05,-8.70397477e-05,-8.70397477e-05,-8.70397477e-05,-8.70387496e-05,-8.71579596e-05,-8.69791495e-05,-8.69791495e-05,-8.69791495e-05,-8.69791495e-05,-8.71579596e-05,-8.37008896e-05,-8.37008896e-05,-8.37008896e-05,-8.55486346e-05,-8.37008896e-05,-8.31028484e-05,-7.45813796e-05,-7.42833595e-05,-7.45813796e-05,-7.35084995e-05,-8.42979377e-05,-8.45353556e-05,0.000454535933,0.000462275372
8.10826389,0.00038355893,0.00038355893,0.00038355893,0.00038355893,0.000370906075,0.000370906075,0.000371602202,0.000371369414,0.000370486626,0.000370486626,0.000371494706,0.000371535855,0.00037482403,0.000374631421,0.000374631421,0.000374631421,0.000374614439,0.00037482403,0.000373338904,0.000373336695,0.000373334979,0.000372976888,0.000373338774,0.000373197814,0.000381028987,0.000381278052,0.000381028987,0.000381916014,0.000369935871,0.000370491382,-6.77863008e-05,-6.77863008e-05,-6.77863008e-05,-6.77863008e-05,-8.31643008e-05,-8.31643008e-05,-8.30460796e-05,-8.31056846e-05,-8.31046958e-05,-8.31046958e-05,-8.31046958e-05,-8.31046958e-05,-8.32835107e-05,-8.31046958e-05,-8.31046958e-05,-8.31046958e-05,-8.31046958e-05,-8.32835107e-05,-7.98860448e-05,-7.98860448e-05,-7.9944662e-05,-8.1911612e-05,-7.98860448e-05,-7.97648582e-05,-7.07069307e-05,-7.0467522e-05,-7.07069307e-05,-6.96936508e-05,-8.04820908e-05,-8.06609048e-05,0.000450417962,0.000458107541
8.12493056,0.000383189012,0.000383189012,0.000383189012,0.000383189012,0.000370696976,0.000370696976,0.000371376206,0.000371152843,0.000370268438,0.000370268438,0.000371273497,0.000371312876,0.000374499362,0.000374304549,0.000374304549,0.000374304549,0.000374287514,0.000374499362,0.000372797137,0.000372795459,0.000372794152,0.000372495686,0.000372797086,0.000372856974,0.000380704982,0.000380954853,0.000380704982,0.000381596716,0.000369595195,0.000370146276,-6.40312832e-05,-6.40312832e-05,-6.40312832e-05,-6.40312832e-05,-7.92900732e-05,-7.92900732e-05,-7.92304634e-05,-7.92900732e-05,-7.92900732e-05,-7.92900732e-05,-7.92304634e-05,-7.92304634e-05,-7.95284893e-05,-7.93496734e-05,-7.93496734e-05,-7.93496734e-05,-7.93496734e-05,-7.95284893e-05,-7.60714232e-05,-7.61310233e-05,-7.61310233e-05,-7.82161939e-05,-7.613003e-05,-7.63674566e-05,-6.69519093e-05,-6.66538834e-05,-6.69519093e-05,-6.58790234e-05,-7.67270732e-05,-7.69058833e-05,0.000446322268,0.000454027851
8.14159722,0.000382778336,0.000382778336,0.000382778336,0.000382778336,0.000370475916,0.000370475916,0.000371125145,0.00037091542,0.000370046865,0.000370046865,0.000371029151,0.000371066008,0.000374143664,0.000373946514,0.000373946514,0.000373946514,0.00037392942,0.000374143664,0.000372208746,0.000372207596,0.000372206693,0.000371963286,0.000372208774,0.00037244587,0.000380351459,0.000380602181,0.000380351459,0.000381248128,0.000369217481,0.000369763932,-6.03348715e-05,-6.03348715e-05,-6.03348715e-05,-6.03348715e-05,-7.55936615e-05,-7.55936615e-05,-7.54744515e-05,-7.55340565e-05,-7.55340565e-05,-7.55340565e-05,-7.54754496e-05,-7.54754496e-05,-7.58320815e-05,-7.56532655e-05,-7.56532655e-05,-7.56532655e-05,-7.56532655e-05,-7.58320815e-05,-7.23164036e-05,-7.23164036e-05,-7.23164036e-05,-7.44621696e-05,-7.23164036e-05,-7.30296634e-05,-6.32555015e-05,-6.29574765e-05,-6.32555015e-05,-6.21826165e-05,-7.29720546e-05,-7.31508695e-05,0.000442189535,0.000449975746
8.15826389,0.000382329498,0.000382329498,0.000382329498,0.000382329498,0.000370240059,0.000370240059,0.000370847177,0.000370654896,0.000369818856,0.000369818856,0.000370759631,0.000370793289,0.000373755649,0.000373556204,0.000373556204,0.000373556204,0.000373539053,0.000373755649,0.000371579099,0.000371578461,0.000371577951,0.000371383897,0.000371579204,0.000371967065,0.000379967359,0.000380218942,0.000379967359,0.00038086901,0.000368802892,0.000369344537,-5.6698849e-05,-5.6698849e-05,-5.6698849e-05,-5.6698849e-05,-7.1898032e-05,-7.1898032e-05,-7.17798109e-05,-7.18394207e-05,-7.18394207e-05,-7.18394207e-05,-7.1838432e-05,-7.1838432e-05,-7.2136452e-05,-7.1957638e-05,-7.1957638e-05,-7.1957638e-05,-7.1957638e-05,-7.2136452e-05,-6.85015607e-05,-6.85015607e-05,-6.85015607e-05,-7.07069307e-05,-6.85015607e-05,-6.96916732e-05,-5.9559872e-05,-5.92628378e-05,-5.9559872e-05,-5.84879778e-05,-6.9335032e-05,-6.9513848e-05,0.000438137924,0.000445892101
8.17493056,0.000381846559,0.000381846559,0.000381846559,0.000381846559,0.00036998662,0.00036998662,0.000370540747,0.000370369235,0.000369581237,0.000369581237,0.000370463152,0.000370493021,0.000373335412,0.000373133884,0.000373133884,0.000373133884,0.000373116685,0.000373335412,0.000370913876,0.000370913724,0.000370913588,0.00037076219,0.000370914052,0.000371424034,0.000379553097,0.000379805513,0.000379553097,0.000380459598,0.000368353308,0.000368890023,-5.31226399e-05,-5.31226399e-05,-5.31226399e-05,-5.31226399e-05,-6.832182e-05,-6.832182e-05,-6.820261e-05,-6.826222e-05,-6.83208267e-05,-6.83208267e-05,-6.826222e-05,-6.826222e-05,-6.856024e-05,-6.838143e-05,-6.838143e-05,-6.838143e-05,-6.83228134e-05,-6.856024e-05,-6.47465373e-05,-6.47465373e-05,-6.47465373e-05,-6.69519093e-05,-6.47465373e-05,-6.63538766e-05,-5.5924057e-05,-5.56856399e-05,-5.5924057e-05,-5.4910778e-05,-6.569922e-05,-6.58194232e-05,0.000434052528,0.000441895652
8.19159722,0.000381332871,0.000381332871,0.000381332871,0.000381332871,0.000369712396,0.000369712396,0.000370204088,0.000370056133,0.00036933026,0.00036933026,0.000370137691,0.00037016328,0.000372882404,0.000372679167,0.000372679167,0.000372679167,0.000372661934,0.000372882404,0.00037021846,0.000370218762,0.000370218973,0.000370102716,0.000370218704,0.000370820602,0.000379108265,0.000379361453,0.000379108265,0.000380019304,0.000367870048,0.000368401768,-4.95464315e-05,-4.95464315e-05,-4.95464315e-05,-4.95464315e-05,-6.48648215e-05,-6.48648215e-05,-6.47446174e-05,-6.48042234e-05,-6.48052215e-05,-6.48052215e-05,-6.47456155e-05,-6.47456155e-05,-6.49840315e-05,-6.48052215e-05,-6.48052215e-05,-6.48052215e-05,-6.48052215e-05,-6.49840315e-05,-6.09905215e-05,-6.09905215e-05,-6.09915196e-05,-6.31372895e-05,-6.09905215e-05,-6.29564784e-05,-5.24064564e-05,-5.21094315e-05,-5.24064564e-05,-5.13345715e-05,-6.20634065e-05,-6.22422215e-05,0.000429933454,0.000437866435
8.20826389,0.000380791871,0.000380791871,0.000380791871,0.000380791871,0.000369414115,0.000369414115,0.000369835532,0.000369713333,0.00036906196,0.00036906196,0.000369781302,0.000369802226,0.000372396481,0.00037219204,0.00037219204,0.00037219204,0.000372174792,0.000372396481,0.000369498093,0.000369498805,0.000369499331,0.000369410064,0.000369498398,0.000370161088,0.000378632817,0.000378886683,0.000378632817,0.000379547927,0.000367354744,0.000367881486,-4.60882332e-05,-4.60882332e-05,-4.60882332e-05,-4.60882332e-05,-6.14662332e-05,-6.14662332e-05,-6.13470232e-05,-6.14066272e-05,-6.14662332e-05,-6.14662332e-05,-6.13470232e-05,-6.13470232e-05,-6.1467222e-05,-6.1288407e-05,-6.1288407e-05,-6.1288407e-05,-6.1288407e-05,-6.1467222e-05,-5.7235292e-05,-5.72362808e-05,-5.72362808e-05,-5.93224408e-05,-5.7235292e-05,-5.96184882e-05,-4.88896532e-05,-4.8592617e-05,-4.88896532e-05,-4.7817757e-05,-5.8546592e-05,-5.8665802e-05,0.000425901336,0.000433863703
8.22493056,0.000380226745,0.000380226745,0.000380226745,0.000380226745,0.000369088515,0.000369088515,0.000369433549,0.000369338684,0.000368772256,0.000368772256,0.000369392163,0.000369408148,0.00037187768,0.000371672624,0.000371672624,0.000371672624,0.000371655385,0.00037187768,0.0003687578,0.000368758873,0.000368759675,0.000368688808,0.000368758159,0.000369450244,0.000378126755,0.000378381181,0.000378126755,0.000379045342,0.000366809433,0.000367331297,-4.26312267e-05,-4.26312267e-05,-4.26312267e-05,-4.26312267e-05,-5.81870463e-05,-5.81870463e-05,-5.80092266e-05,-5.80688307e-05,-5.81284366e-05,-5.81284366e-05,-5.80678373e-05,-5.80092266e-05,-5.801022e-05,-5.7831405e-05,-5.7831405e-05,-5.7831405e-05,-5.7831405e-05,-5.801022e-05,-5.34812593e-05,-5.34812593e-05,-5.353987e-05,-5.55078173e-05,-5.34812593e-05,-5.62210866e-05,-4.54326466e-05,-4.51346226e-05,-4.54326466e-05,-4.43597626e-05,-5.5029987e-05,-5.52078067e-05,0.00042183942,0.0004298879
8.24159722,0.000379639403,0.000379639403,0.000379639403,0.000379639403,0.000368732094,0.000368732094,0.000368996456,0.000368929868,0.000368456726,0.000368456726,0.000368968294,0.000368979182,0.00037132537,0.000371120352,0.000371120352,0.000371120352,0.000371103145,0.00037132537,0.000368001983,0.000368003361,0.000368004396,0.000367943102,0.000368002386,0.000368692842,0.000377589295,0.000377844138,0.000377589295,0.000378510646,0.000366234979,0.000366752129,-3.92338294e-05,-3.92338294e-05,-3.92338294e-05,-3.92338294e-05,-5.49098514e-05,-5.49098514e-05,-5.47896453e-05,-5.48492483e-05,-5.49098514e-05,-5.49098514e-05,-5.47906434e-05,-5.47896453e-05,-5.46714334e-05,-5.44340115e-05,-5.44340115e-05,-5.44340115e-05,-5.44340115e-05,-5.46714334e-05,-4.97858496e-05,-4.98444545e-05,-4.98444545e-05,-5.16931966e-05,-4.97858496e-05,-5.28236884e-05,-4.19766415e-05,-4.17372234e-05,-4.19766415e-05,-4.09623634e-05,-5.15719914e-05,-5.17508034e-05,0.000417787832,0.000425996803
8.25826389,0.000379032032,0.000379032032,0.000379032032,0.000379032032,0.000368341689,0.000368341689,0.000368522953,0.000368484941,0.000368111199,0.000368111199,0.000368508095,0.000368513844,0.000370740199,0.00037053589,0.00037053589,0.00037053589,0.00037051874,0.000370740199,0.000367234833,0.000367236457,0.00036723768,0.000367177101,0.000367235273,0.00036789406,0.00037702093,0.000377276031,0.00037702093,0.000377944252,0.000365633209,0.000366145855,-3.58958392e-05,-3.58958392e-05,-3.58958392e-05,-3.58958392e-05,-5.17496844e-05,-5.17496844e-05,-5.15718612e-05,-5.16900814e-05,-5.17506732e-05,-5.17506732e-05,-5.16304764e-05,-5.16304764e-05,-5.13324544e-05,-5.10950232e-05,-5.10950232e-05,-5.10950232e-05,-5.10950232e-05,-5.13324544e-05,-4.6148827e-05,-4.61498158e-05,-4.61498158e-05,-4.78783508e-05,-4.6148827e-05,-4.9367478e-05,-3.86376532e-05,-3.83992332e-05,-3.86376532e-05,-3.76243732e-05,-4.81743962e-05,-4.8294594e-05,0.00041338366,0.000422072653
8.27493056,0.00037840627,0.00037840627,0.00037840627,0.00037840627,0.000367914338,0.000367914338,0.000368011948,0.000368002179,0.000367731655,0.000367731655,0.000368010181,0.000368010861,0.000370123116,0.000369920151,0.000369920151,0.000369920151,0.000369903083,0.000370123116,0.000366460078,0.000366461885,0.000366463247,0.000366394702,0.000366460544,0.000367059198,0.000376422283,0.000376677477,0.000376422283,0.000377346755,0.000365006043,0.000365514416,-3.26176467e-05,-3.26176467e-05,-3.26176467e-05,-3.26176467e-05,-4.86503033e-05,-4.86503033e-05,-4.84714893e-05,-4.8589705e-05,-4.87099083e-05,-4.87099083e-05,-4.85310933e-05,-4.85310933e-05,-4.79956466e-05,-4.78168316e-05,-4.78168316e-05,-4.78168316e-05,-4.78168316e-05,-4.79956466e-05,-4.2572616e-05,-4.2572616e-05,-4.2572616e-05,-4.40637253e-05,-4.2572616e-05,-4.59690867e-05,-3.53594607e-05,-3.50614367e-05,-3.53594607e-05,-3.42865767e-05,-4.47769966e-05,-4.49558086e-05,0.000409032694,0.000418118762
8.29159722,0.000377763593,0.000377763593,0.000377763593,0.000377763593,0.000367447524,0.000367447524,0.000367462753,0.000367480287,0.000367314476,0.000367314476,0.000367473583,0.000367469374,0.000369475863,0.000369274784,0.000369274784,0.000369274784,0.000369257818,0.000369475863,0.000365681087,0.000365683014,0.000365684466,0.000365599633,0.000365681571,0.00036619371,0.000375794607,0.000376049734,0.000375794607,0.00037671944,0.000364355862,0.000364860217,-2.93980653e-05,-2.93980653e-05,-2.93980653e-05,-2.93980653e-05,-4.56691352e-05,-4.56691352e-05,-4.54317153e-05,-4.55499272e-05,-4.56701333e-05,-4.56701333e-05,-4.54913193e-05,-4.54903212e-05,-4.47770634e-05,-4.45982474e-05,-4.45982474e-05,-4.45982474e-05,-4.45982474e-05,-4.47770634e-05,-3.89964095e-05,-3.89964095e-05,-3.89964095e-05,-4.03673165e-05,-3.89964095e-05,-4.25716894e-05,-3.20812734e-05,-3.18418553e-05,-3.20812734e-05,-3.10679934e-05,-4.14988064e-05,-4.16180154e-05,0.000404677497,0.000414252927
8.30826389,0.000377104242,0.000377104242,0.000377104242,0.000377104242,0.000366938911,0.000366938911,0.00036687479,0.000366918114,0.00036685622,0.00036685622,0.000366897462,0.000366888646,0.000368799766,0.000368600977,0.000368600977,0.000368600977,0.000368584129,0.000368799766,0.000364900536,0.000364902518,0.000364904011,0.000364795113,0.000364901028,0.000365302825,0.000375138492,0.000375393408,0.000375138492,0.000376062971,0.000363684138,0.000364184727,-2.61792934e-05,-2.61792934e-05,-2.61792934e-05,-2.61792934e-05,-4.26887916e-05,-4.26887916e-05,-4.24513614e-05,-4.25695816e-05,-4.27483956e-05,-4.27483956e-05,-4.25099756e-05,-4.25099756e-05,-4.16168964e-05,-4.14380824e-05,-4.14380824e-05,-4.14380824e-05,-4.14380824e-05,-4.16168964e-05,-3.5479596e-05,-3.5479596e-05,-3.5479596e-05,-3.66130728e-05,-3.5479596e-05,-3.9115479e-05,-2.89211074e-05,-2.86230844e-05,-2.89211074e-05,-2.78492132e-05,-3.82204202e-05,-3.83982444e-05,0.000400380132,0.000410416663
8.32493056,0.000376428107,0.000376428107,0.000376428107,0.000376428107,0.000366386568,0.000366386568,0.000366247769,0.000366314846,0.00036635386,0.00036635386,0.000366281286,0.000366268239,0.000368096385,0.000367900139,0.000367900139,0.000367900139,0.000367883418,0.000368096385,0.000364120566,0.000364122541,0.000364124027,0.000363983992,0.000364121056,0.000364391648,0.000374454916,0.000374709494,0.000374454916,0.000375378422,0.000362992177,0.000363489229,-2.30799113e-05,-2.30799113e-05,-2.30799113e-05,-2.30799113e-05,-3.9768218e-05,-3.9768218e-05,-3.95307933e-05,-3.95903973e-05,-3.9827823e-05,-3.9827823e-05,-3.9589404e-05,-3.9589404e-05,-3.84579093e-05,-3.82790953e-05,-3.82790953e-05,-3.82790953e-05,-3.82790953e-05,-3.84579093e-05,-3.20216007e-05,-3.2022594e-05,-3.2022594e-05,-3.297627e-05,-3.20216007e-05,-3.57170886e-05,-2.57621203e-05,-2.54650896e-05,-2.57621203e-05,-2.47488413e-05,-3.50018326e-05,-3.51796533e-05,0.000396142167,0.000406554294
8.34159722,0.000375734786,0.000375734786,0.000375734786,0.000375734786,0.000365789059,0.000365789059,0.000365581754,0.000365670083,0.000365804906,0.000365804906,0.00036562491,0.000365608089,0.000367367498,0.000367173879,0.000367173879,0.000367173879,0.00036715729,0.000367367498,0.000363342794,0.000363344701,0.000363346133,0.000363168749,0.000363343273,0.000363465101,0.000373745024,0.000373999164,0.000373745024,0.000374667069,0.000362281247,0.000362774946,-1.99805313e-05,-1.99805313e-05,-1.99805313e-05,-1.99805313e-05,-3.68476472e-05,-3.68476472e-05,-3.66688342e-05,-3.67284372e-05,-3.69668572e-05,-3.69668572e-05,-3.67284372e-05,-3.66688342e-05,-3.54181353e-05,-3.52383222e-05,-3.52383222e-05,-3.52383222e-05,-3.51797153e-05,-3.54181353e-05,-2.86242034e-05,-2.86242034e-05,-2.86252015e-05,-2.94000615e-05,-2.86242034e-05,-3.23196904e-05,-2.26627403e-05,-2.24233232e-05,-2.26627403e-05,-2.16494613e-05,-3.18418553e-05,-3.20206693e-05,0.000391966997,0.000402785634
8.35826389,0.000375021723,0.000375021723,0.000375021723,0.000375021723,0.000365144932,0.000365144932,0.000364876618,0.000364983298,0.000365206906,0.000365206906,0.000364928026,0.000364907961,0.00036661274,0.000366421667,0.000366421667,0.000366421667,0.000366405208,0.00036661274,0.000362567823,0.000362569607,0.000362570943,0.000362350964,0.000362568283,0.00036252733,0.000373007876,0.000373261502,0.000373007876,0.0003739281,0.000361550139,0.000362040621,-1.69395856e-05,-1.69395856e-05,-1.69395856e-05,-1.69395856e-05,-3.40461176e-05,-3.40461176e-05,-3.38663168e-05,-3.39259198e-05,-3.41643368e-05,-3.41643368e-05,-3.38673056e-05,-3.38673056e-05,-3.23771876e-05,-3.21983736e-05,-3.21983736e-05,-3.21983736e-05,-3.21983736e-05,-3.23771876e-05,-2.52862132e-05,-2.53448284e-05,-2.53448284e-05,-2.5883248e-05,-2.52862132e-05,-2.89220962e-05,-1.96227824e-05,-1.93833756e-05,-1.96227824e-05,-1.86095044e-05,-2.87422934e-05,-2.88615024e-05,0.000387854036,0.000399371243
8.37493056,0.000374286067,0.000374286067,0.000374286067,0.000374286067,0.000364453103,0.000364453103,0.000364132403,0.000364254208,0.000364557858,0.000364557858,0.000364190532,0.000364167808,0.000365831316,0.000365642595,0.000365642595,0.000365642595,0.000365626259,0.000365831316,0.000361795598,0.000361797207,0.000361798407,0.000361531665,0.000361796031,0.00036158202,0.000372242651,0.0003724957,0.000372242651,0.000373160773,0.000360797139,0.000361284446,-1.3959407e-05,-1.3959407e-05,-1.3959407e-05,-1.3959407e-05,-3.1244754e-05,-3.1244754e-05,-3.10649466e-05,-3.11245516e-05,-3.13629696e-05,-3.13629696e-05,-3.106594e-05,-3.106594e-05,-2.939701e-05,-2.9218196e-05,-2.9218196e-05,-2.9218196e-05,-2.9218196e-05,-2.939701e-05,-2.20666323e-05,-2.20676256e-05,-2.20676256e-05,-2.2426246e-05,-2.20666323e-05,-2.55246946e-05,-1.66426093e-05,-1.63445863e-05,-1.66426093e-05,-1.5628337e-05,-2.5701522e-05,-2.58217243e-05,0.000383862231,0.000395920827
8.39159722,0.000373525925,0.000373525925,0.000373525925,0.000373525925,0.00036371323,0.00036371323,0.000363349672,0.000363483132,0.000363856597,0.000363856597,0.000363412886,0.000363388131,0.000365024019,0.000364837378,0.000364837378,0.000364837378,0.000364821157,0.000365024019,0.000361025747,0.000361027135,0.000361028165,0.00036071165,0.000361026146,0.00036063267,0.000371450333,0.000371702759,0.000371450333,0.000372366154,0.000360021907,0.000360505963,-1.09802303e-05,-1.09802303e-05,-1.09802303e-05,-1.09802303e-05,-2.84433932e-05,-2.84433932e-05,-2.82645792e-05,-2.83241832e-05,-2.86212091e-05,-2.86212091e-05,-2.83231851e-05,-2.83231851e-05,-2.64178333e-05,-2.62380212e-05,-2.62380212e-05,-2.62380212e-05,-2.62380212e-05,-2.64178333e-05,-1.89076473e-05,-1.89076473e-05,-1.89076473e-05,-1.90874594e-05,-1.89076473e-05,-2.21869014e-05,-1.37210452e-05,-1.34230222e-05,-1.37210452e-05,-1.26491603e-05,-2.26627403e-05,-2.27819493e-05,0.000379799109,0.000392477806
8.40826389,0.000372739326,0.000372739326,0.000372739326,0.000372739326,0.000362925492,0.000362925492,0.000362529282,0.000362670763,0.000363102591,0.000363102591,0.000362595876,0.000362569747,0.000364191487,0.000364006573,0.000364006573,0.000364006573,0.000363990454,0.000364191487,0.000360257375,0.000360258503,0.000360259333,0.000359891234,0.000360257734,0.000359682263,0.00037063165,0.000370883428,0.00037063165,0.000371545088,0.00035922417,0.000359704812,-8.11809759e-06,-8.11809759e-06,-8.11809759e-06,-8.11809759e-06,-2.57600838e-05,-2.57600838e-05,-2.55812698e-05,-2.55822586e-05,-2.58792928e-05,-2.58792928e-05,-2.55812698e-05,-2.55812698e-05,-2.35557006e-05,-2.33768856e-05,-2.33768856e-05,-2.33768856e-05,-2.33768856e-05,-2.35557006e-05,-1.58070956e-05,-1.58080844e-05,-1.58080844e-05,-1.58090732e-05,-1.58070956e-05,-1.89085152e-05,-1.08003066e-05,-1.05618876e-05,-1.08003066e-05,-9.7870276e-06,-1.97410026e-05,-1.98602126e-05,0.000375700307,0.000388981884
8.42493056,0.000371924025,0.000371924025,0.000371924025,0.000371924025,0.000362090393,0.000362090393,0.000361672174,0.000361817964,0.000362295758,0.000362295758,0.000361740413,0.000361713579,0.000363333814,0.000363150224,0.000363150224,0.000363150224,0.000363134193,0.000363333814,0.000359488964,0.000359489802,0.000359490407,0.000359070132,0.00035948928,0.000358733112,0.000369786869,0.000370037995,0.000369786869,0.000370697948,0.000358403282,0.000358880271,-5.25712868e-06,-5.25712868e-06,-5.25712868e-06,-5.25712868e-06,-2.30183196e-05,-2.30183196e-05,-2.2840499e-05,-2.28991106e-05,-2.31971336e-05,-2.31971336e-05,-2.28991106e-05,-2.28991106e-05,-2.0694732e-05,-2.0515918e-05,-2.0515918e-05,-2.0515918e-05,-2.0515918e-05,-2.0694732e-05,-1.2767314e-05,-1.27683073e-05,-1.27683073e-05,-1.26490983e-05,-1.2767314e-05,-1.56889353e-05,-7.93933797e-06,-7.70091898e-06,-7.93933797e-06,-6.92605897e-06,-1.682043e-05,-1.693964e-05,0.00037171923,0.000385492892
8.44159722,0.000371078383,0.000371078383,0.000371078383,0.000371078383,0.000361208946,0.000361208946,0.000360779552,0.000360925943,0.000361436654,0.000361436654,0.000360847712,0.00036082084,0.000362451466,0.00036226878,0.00036226878,0.00036226878,0.000362252821,0.000362451466,0.000358718618,0.00035871914,0.000358719503,0.00035824767,0.000358718886,0.000357787016,0.000368916786,0.000369167277,0.000368916786,0.000369825631,0.000357559065,0.000358032122,-2.45576759e-06,-2.45576759e-06,-2.45576759e-06,-2.45576759e-06,-2.03361631e-05,-2.03361631e-05,-2.01583472e-05,-2.02169541e-05,-2.05149771e-05,-2.05149771e-05,-2.02169541e-05,-2.02169541e-05,-1.78923721e-05,-1.77135591e-05,-1.77135591e-05,-1.77135591e-05,-1.77135591e-05,-1.78923721e-05,-9.8467432e-06,-9.8467432e-06,-9.8467432e-06,-9.5497183e-06,-9.8467432e-06,-1.24703463e-05,-5.13797669e-06,-4.89856009e-06,-5.13797669e-06,-4.12469769e-06,-1.39594642e-05,-1.40786732e-05,0.000367797389,0.000381951631
8.45826389,0.000370201156,0.000370201156,0.000370201156,0.000370201156,0.000360282626,0.000360282626,0.000359852843,0.000359996212,0.000360526439,0.000360526439,0.000359919248,0.000359892987,0.00036154496,0.000361362758,0.000361362758,0.000361362758,0.000361346855,0.00036154496,0.000357944053,0.000357944244,0.000357944352,0.000357422754,0.00035794427,0.000356845195,0.000368022079,0.000368271969,0.000368022079,0.000368928912,0.00035669158,0.00035716042,2.27541774e-07,2.27541774e-07,2.27541774e-07,2.27541774e-07,-1.76538518e-05,-1.76538518e-05,-1.75346428e-05,-1.75346428e-05,-1.78326658e-05,-1.78326658e-05,-1.75346428e-05,-1.75346428e-05,-1.50918406e-05,-1.49130266e-05,-1.49130266e-05,-1.49130266e-05,-1.49130266e-05,-1.50918406e-05,-6.98462021e-06,-6.985609e-06,-6.985609e-06,-6.62798121e-06,-6.98462021e-06,-9.3111794e-06,-2.39605141e-06,-2.15664401e-06,-2.39605141e-06,-1.38178361e-06,-1.11579346e-05,-1.12771436e-05,0.000364050736,0.000378359104
8.47493056,0.00036929151,0.00036929151,0.00036929151,0.00036929151,0.000359313263,0.000359313263,0.000358893598,0.000359030484,0.000359566768,0.000359566768,0.000358956652,0.000358931623,0.000360614706,0.000360432591,0.000360432591,0.000360432591,0.000360416728,0.000360614706,0.000357162667,0.000357162519,0.000357162366,0.000356593904,0.000357162833,0.000355908268,0.000367103464,0.000367352807,0.000367103464,0.000368008595,0.000355800961,0.000356265336,2.96831223e-06,2.96831223e-06,2.96831223e-06,2.96831223e-06,-1.50312972e-05,-1.50312972e-05,-1.48524836e-05,-1.49120876e-05,-1.52101107e-05,-1.52101107e-05,-1.49120876e-05,-1.4853477e-05,-1.24086926e-05,-1.22298786e-05,-1.22298786e-05,-1.22298786e-05,-1.22298786e-05,-1.24086926e-05,-4.18325164e-06,-4.18424498e-06,-4.18424498e-06,-3.76601924e-06,-4.18325164e-06,-6.27040767e-06,3.45707895e-07,5.85119806e-07,3.45707895e-07,1.30136889e-06,-8.41518164e-06,-8.53439064e-06,0.000360359923,0.000374776878
8.49159722,0.000368349224,0.000368349224,0.000368349224,0.000368349224,0.000358303077,0.000358303077,0.000357903529,0.000358030708,0.000358559827,0.000358559827,0.000357961757,0.000357938534,0.000359661118,0.000359478737,0.000359478737,0.000359478737,0.000359462901,0.000359661118,0.000356371616,0.000356371128,0.000356370715,0.000355759314,0.00035637173,0.000354976303,0.00036616155,0.000366410414,0.00036616155,0.000367065357,0.000354887602,0.000355347324,5.5928556e-06,5.5928556e-06,5.5928556e-06,5.5928556e-06,-1.24087451e-05,-1.24087451e-05,-1.22299311e-05,-1.22895361e-05,-1.25875591e-05,-1.25875591e-05,-1.22299311e-05,-1.22299311e-05,-9.72653609e-06,-9.54772209e-06,-9.54772209e-06,-9.54772209e-06,-9.54772209e-06,-9.72653609e-06,-1.50109519e-06,-1.50109519e-06,-1.50109519e-06,-9.65651491e-07,-1.50109519e-06,-3.23162609e-06,2.96825501e-06,3.20866981e-06,2.96825501e-06,4.0411388e-06,-5.67342039e-06,-5.79262959e-06,0.000356724966,0.000371147386
8.50826389,0.000367374356,0.000367374356,0.000367374356,0.000367374356,0.000357254491,0.000357254491,0.000356884356,0.0003569989,0.000357508147,0.000357508147,0.000356936424,0.000356915529,0.000358684321,0.000358501388,0.000358501388,0.000358501388,0.000358485568,0.000358684321,0.000355567806,0.000355566985,0.000355566318,0.000354916824,0.00035556787,0.00035404874,0.00036519673,0.000365445192,0.00036519673,0.000366099632,0.000353951597,0.000354406553,8.21555299e-06,8.21555299e-06,8.21555299e-06,8.21555299e-06,-9.7860388e-06,-9.7860388e-06,-9.6072248e-06,-9.66682882e-06,-9.9648528e-06,-9.9648528e-06,-9.66682882e-06,-9.66584001e-06,-7.0442248e-06,-6.86541081e-06,-6.86541081e-06,-6.86541081e-06,-6.86541081e-06,-7.0442248e-06,1.18022729e-06,1.18022729e-06,1.18022729e-06,1.65904199e-06,1.18022729e-06,-3.09888828e-07,5.590971e-06,5.831367e-06,5.590971e-06,6.6638544e-06,-3.05071371e-06,-3.11130711e-06,0.000353257782,0.000367473
8.52493056,0.000366367576,0.000366367576,0.000366367576,0.000366367576,0.000356170208,0.000356170208,0.000355837888,0.000355937225,0.00035641467,0.00035641467,0.000355882634,0.000355864523,0.000357684465,0.000357500775,0.000357500775,0.000357500775,0.000357484963,0.000357684465,0.000354748053,0.000354746914,0.000354746004,0.000354064056,0.000354748068,0.000353124521,0.000364209342,0.000364457485,0.000364209342,0.000365111783,0.000352993157,0.000353443318,1.08381117e-05,1.08381117e-05,1.08381117e-05,1.08381117e-05,-7.16348404e-06,-7.16348404e-06,-7.04427464e-06,-7.04427464e-06,-7.34229794e-06,-7.34229794e-06,-7.04427464e-06,-7.04427464e-06,-4.48028172e-06,-4.30246104e-06,-4.30246104e-06,-4.30246104e-06,-4.30246104e-06,-4.48028172e-06,3.68555469e-06,3.68555469e-06,3.68555469e-06,4.27961443e-06,3.68555469e-06,2.49346169e-06,8.21352102e-06,8.45392668e-06,8.21352102e-06,9.16918169e-06,-4.28159144e-07,-5.47368444e-07,0.000349784442,0.000363756968
8.54159722,0.000365329041,0.000365329041,0.000365329041,0.000365329041,0.000355052853,0.000355052853,0.000354765701,0.00035484766,0.000355282385,0.000355282385,0.000354802154,0.00035478721,0.000356660519,0.000356475963,0.000356475963,0.000356475963,0.000356460153,0.000356660519,0.000353908901,0.000353907466,0.000353906329,0.000353198216,0.000353908872,0.000352201858,0.000363198528,0.000363446433,0.000363198528,0.000364100932,0.000352011293,0.000352456713,1.3341459e-05,1.3341459e-05,1.3341459e-05,1.3341459e-05,-4.54093209e-06,-4.54093209e-06,-4.4217228e-06,-4.48132749e-06,-4.77835259e-06,-4.77835259e-06,-4.4803294e-06,-4.4803294e-06,-1.91732959e-06,-1.73851569e-06,-1.73851569e-06,-1.73851569e-06,-1.73851569e-06,-1.91732959e-06,6.18890201e-06,6.18890201e-06,6.18890201e-06,6.66573901e-06,6.18890201e-06,5.35244081e-06,1.0718855e-05,1.0957274e-05,1.0718855e-05,1.17897428e-05,2.13578621e-06,2.01657701e-06,0.000346532477,0.000360060737
8.55826389,0.000364259406,0.000364259406,0.000364259406,0.000364259406,0.000353905164,0.000353905164,0.000353669347,0.000353732198,0.000354114505,0.000354114505,0.000353696745,0.000353685271,0.000355611753,0.000355426339,0.000355426339,0.000355426339,0.00035541053,0.000355611753,0.000353046901,0.000353045196,0.000353043854,0.000352316366,0.00035304683,0.000351278524,0.000362163747,0.000362411483,0.000362163747,0.000363066471,0.000351005042,0.000351445817,1.5844948e-05,1.5844948e-05,1.5844948e-05,1.5844948e-05,-1.97783011e-06,-1.97783011e-06,-1.8586208e-06,-1.91723661e-06,-2.15664401e-06,-2.15664401e-06,-1.8586208e-06,-1.8586208e-06,5.86158444e-07,8.24576995e-07,8.24576995e-07,8.24576995e-07,8.24576995e-07,5.86158444e-07,8.57318099e-06,8.57318099e-06,8.57318099e-06,9.050018e-06,8.57318099e-06,7.977134e-06,1.3222343e-05,1.3460762e-05,1.3222343e-05,1.4295227e-05,4.6392743e-06,4.52006499e-06,0.000343266348,0.000356271149
8.57493056,0.000363160116,0.000363160116,0.000363160116,0.000363160116,0.000352730017,0.000352730017,0.000352550415,0.000352592893,0.000352914486,0.000352914486,0.000352568216,0.00035256043,0.000354537844,0.000354351694,0.000354351694,0.000354351694,0.000354335889,0.000354537844,0.000352158783,0.000352156841,0.000352155318,0.000351415597,0.000352158676,0.000350352007,0.000361104973,0.000361352592,0.000361104973,0.000362008291,0.00034997401,0.000350410245,1.83482967e-05,1.83482967e-05,1.83482967e-05,1.83482967e-05,5.85119806e-07,5.85119806e-07,7.03335765e-07,7.03335765e-07,3.47694557e-07,3.47694557e-07,7.03335765e-07,7.03335765e-07,3.08950819e-06,3.32792669e-06,3.32792669e-06,3.32792669e-06,3.32792669e-06,3.08950819e-06,1.09573217e-05,1.09573217e-05,1.09573217e-05,1.14341587e-05,1.09573217e-05,1.05996937e-05,1.56064837e-05,1.59641117e-05,1.56064837e-05,1.66793667e-05,7.14262409e-06,7.02341469e-06,0.000339752313,0.000352566791
8.59159722,0.000362033101,0.000362033101,0.000362033101,0.000362033101,0.000351530404,0.000351530404,0.000351410537,0.00035143186,0.000351685981,0.000351685981,0.000351418425,0.000351414459,0.000353438899,0.000353252225,0.000353252225,0.000353252225,0.000353236431,0.000353438899,0.00035124155,0.000351239408,0.000351237732,0.0003504931,0.000351241413,0.000349419583,0.000360022493,0.000360270033,0.000360022492,0.000360926596,0.000348918392,0.000349350197,2.0732435e-05,2.0732435e-05,2.0732435e-05,2.0732435e-05,3.08946051e-06,3.08946051e-06,3.20866981e-06,3.20866981e-06,2.96825501e-06,2.96825501e-06,3.20866981e-06,3.20866981e-06,5.5928556e-06,5.71206501e-06,5.71206501e-06,5.71206501e-06,5.71206501e-06,5.5928556e-06,1.322225e-05,1.322225e-05,1.322225e-05,1.35818742e-05,1.322225e-05,1.3103041e-05,1.8109831e-05,1.8348249e-05,1.8109831e-05,1.9182715e-05,9.52676201e-06,9.5247658e-06,0.000336316542,0.000348717726
8.60826389,0.00036088013,0.00036088013,0.00036088013,0.00036088013,0.00035030918,0.00035030918,0.000350251168,0.000350251038,0.000350432575,0.000350432575,0.000350249051,0.00035024895,0.000352314544,0.000352127629,0.000352127629,0.000352127629,0.000352111853,0.000352314544,0.000350292325,0.000350290022,0.000350288223,0.000349546024,0.000350292163,0.000348478183,0.000358915894,0.00035916338,0.000358915894,0.000359820898,0.000347838069,0.000348265532,2.3116714e-05,2.3116714e-05,2.3116714e-05,2.3116714e-05,5.59294859e-06,5.59294859e-06,5.71215799e-06,5.71215799e-06,5.4737393e-06,5.4737393e-06,5.71215799e-06,5.71215799e-06,7.977134e-06,8.21357539e-06,8.21357539e-06,8.21357539e-06,8.21357539e-06,7.977134e-06,1.548732e-05,1.53700876e-05,1.53700876e-05,1.57277156e-05,1.548732e-05,1.5606529e-05,2.049411e-05,2.0732528e-05,2.049411e-05,2.1566993e-05,1.1911041e-05,1.1911041e-05,0.000332871654,0.000344958836
8.62493056,0.000359702711,0.000359702711,0.000359702711,0.000359702711,0.000349068958,0.000349068958,0.00034907351,0.000349052111,0.000349157664,0.000349157664,0.000349061522,0.000349065243,0.000351164245,0.000350977426,0.000350977426,0.000350977426,0.000350961681,0.000351164245,0.000349308411,0.00034930599,0.000349304101,0.000348571533,0.000349308231,0.000347524466,0.000357784729,0.000358032165,0.000357784729,0.000358690645,0.000346732509,0.00034715569,2.55008547e-05,2.55008547e-05,2.55008547e-05,2.55008547e-05,8.09629868e-06,8.09629868e-06,8.21550769e-06,8.21550769e-06,7.97708869e-06,7.97708869e-06,8.21550769e-06,8.21550769e-06,1.03612747e-05,1.04804842e-05,1.04804842e-05,1.04804842e-05,1.04824708e-05,1.03612747e-05,1.76330417e-05,1.76330417e-05,1.76330417e-05,1.77542374e-05,1.76330417e-05,1.78734464e-05,2.27610274e-05,2.31166687e-05,2.27610274e-05,2.38339113e-05,1.42951817e-05,1.41759722e-05,0.000329651019,0.000341180575
8.64159722,0.000358503475,0.000358503475,0.000358503475,0.000358503475,0.000347812498,0.000347812498,0.000347878933,0.000347836912,0.000347864821,0.000347864821,0.000347857421,0.000347864839,0.000349988775,0.000349802421,0.000349802421,0.000349802421,0.000349786719,0.000349988775,0.000348287728,0.000348285232,0.000348283287,0.000347567258,0.000348287537,0.000346555292,0.000356629845,0.000356877219,0.000356629845,0.000357536599,0.000345602745,0.000346021659,2.7765783e-05,2.7765783e-05,2.7765783e-05,2.7765783e-05,1.0599646e-05,1.0599646e-05,1.0718855e-05,1.07168588e-05,1.04804365e-05,1.04804365e-05,1.0718855e-05,1.0718855e-05,1.2745413e-05,1.2864622e-05,1.2864622e-05,1.2864622e-05,1.2864622e-05,1.2745413e-05,1.9778761e-05,1.9778761e-05,1.9778761e-05,1.97807572e-05,1.9778761e-05,2.0255599e-05,2.5143179e-05,2.5381598e-05,2.5143179e-05,2.6216063e-05,1.65621062e-05,1.656011e-05,0.000326299693,0.000337384384
8.65826389,0.000357285544,0.000357285544,0.000357285544,0.000357285544,0.0003465426,0.0003465426,0.000346668903,0.000346607343,0.000346557677,0.000346557677,0.000346638414,0.000346649327,0.000348789867,0.000348604323,0.000348604323,0.000348604323,0.000348588676,0.000348789867,0.000347228778,0.000347226252,0.000347224285,0.000346531263,0.000347228582,0.000345567699,0.000355452804,0.000355700099,0.000355452804,0.000356360286,0.000344450743,0.000344865382,3.00328306e-05,3.00328306e-05,3.00328306e-05,3.00328306e-05,1.31011564e-05,1.31011564e-05,1.3103134e-05,1.3103134e-05,1.29819474e-05,1.29819474e-05,1.3103134e-05,1.3103134e-05,1.50104825e-05,1.51316696e-05,1.51316696e-05,1.51316696e-05,1.51316696e-05,1.50104825e-05,2.18073896e-05,2.18073896e-05,2.18073896e-05,2.18073896e-05,2.18073896e-05,2.2401458e-05,2.7408249e-05,2.76486446e-05,2.7408249e-05,2.8481132e-05,1.88271576e-05,1.882518e-05,0.000323166241,0.000333779384
8.67493056,0.000356051117,0.000356051117,0.000356051117,0.000356051117,0.0003452617,0.0003452617,0.0003454446,0.000345364985,0.00034523949,0.00034523949,0.000345405865,0.000345419997,0.000347568562,0.000347384105,0.000347384105,0.000347384105,0.000347368524,0.000347568562,0.000346130355,0.000346127842,0.000346125886,0.000345461757,0.000346130161,0.000344558636,0.000354254188,0.000354501387,0.000354254188,0.000355162284,0.000343277659,0.000343688026,3.22957837e-05,3.22957837e-05,3.22957837e-05,3.22957837e-05,1.54872747e-05,1.54872747e-05,1.56064837e-05,1.54872747e-05,1.53680647e-05,1.53680647e-05,1.5604497e-05,1.56064837e-05,1.72754137e-05,1.73966094e-05,1.73966094e-05,1.73966094e-05,1.73966094e-05,1.72754137e-05,2.38339113e-05,2.38339113e-05,2.38339113e-05,2.37147023e-05,2.38339113e-05,2.45471807e-05,2.96731797e-05,2.99115987e-05,2.96731797e-05,3.07460637e-05,2.10920974e-05,2.09728884e-05,0.000320011456,0.000330293148
8.69159722,0.000354801928,0.000354801928,0.000354801928,0.000354801928,0.000343971921,0.000343971921,0.000344206995,0.00034411117,0.000343913188,0.000343913188,0.000344160909,0.000344177922,0.000346325735,0.000346142561,0.000346142561,0.000346142561,0.000346127053,0.000346325735,0.000344991643,0.000344989184,0.000344987271,0.000344357221,0.000344991457,0.000343525137,0.000353034369,0.000353281457,0.000353034369,0.000353942953,0.000342084222,0.000342490332,3.4560713e-05,3.4560713e-05,3.4560713e-05,3.4560713e-05,1.7871412e-05,1.7871412e-05,1.7990622e-05,1.7871412e-05,1.7752203e-05,1.7752203e-05,1.7990622e-05,1.7990622e-05,1.9540342e-05,1.9659552e-05,1.9659552e-05,1.9659552e-05,1.96615482e-05,1.9540342e-05,2.58604312e-05,2.58604312e-05,2.58604312e-05,2.56220122e-05,2.58604312e-05,2.65756872e-05,3.18208952e-05,3.2176527e-05,3.18208952e-05,3.28937792e-05,2.3355039e-05,2.323583e-05,0.00031694945,0.000326785393
8.70826389,0.000353540306,0.000353540306,0.000353540306,0.000353540306,0.000342675381,0.000342675381,0.000342957181,0.000342847298,0.000342581652,0.000342581652,0.000342904776,0.000342924277,0.000345063595,0.000344881807,0.000344881807,0.000344881807,0.000344866378,0.000345063595,0.000343812514,0.000343810151,0.000343808312,0.000343216729,0.000343812342,0.000342464669,0.000351795024,0.000352041983,0.000351795024,0.000352703974,0.000340872042,0.000341273921,3.6706572e-05,3.6706572e-05,3.6706572e-05,3.6706572e-05,2.0255692e-05,2.0255692e-05,2.0255692e-05,2.0255692e-05,2.0136482e-05,2.0136482e-05,2.0255692e-05,2.0255692e-05,2.16881796e-05,2.1924622e-05,2.1924622e-05,2.1924622e-05,2.1924622e-05,2.16881796e-05,2.78870636e-05,2.7885086e-05,2.7885086e-05,2.74102266e-05,2.78870636e-05,2.8600342e-05,3.39667376e-05,3.4322387e-05,3.39667376e-05,3.50396196e-05,2.55009e-05,2.5381691e-05,0.000313864327,0.000323375416
8.72493056,0.000352267894,0.000352267894,0.000352267894,0.000352267894,0.000341373913,0.000341373913,0.000341696117,0.000341574581,0.000341247426,0.000341247426,0.000341638538,0.00034166009,0.000343784184,0.000343603754,0.000343603754,0.000343603754,0.000343588404,0.000343784184,0.000342593326,0.000342591095,0.000342589358,0.000342039743,0.000342593174,0.00034137495,0.000350537403,0.000350784228,0.000350537403,0.000351446643,0.000339642401,0.00034004011,3.88522967e-05,3.88522967e-05,3.88522967e-05,3.88522967e-05,2.25206227e-05,2.25206227e-05,2.26398317e-05,2.25226094e-05,2.24014127e-05,2.24014127e-05,2.26398317e-05,2.26398317e-05,2.38339113e-05,2.40703427e-05,2.40703427e-05,2.40703427e-05,2.40703427e-05,2.38339113e-05,2.97943754e-05,2.97943754e-05,2.97943754e-05,2.93175384e-05,2.97943754e-05,3.05096314e-05,3.61124684e-05,3.64681097e-05,3.61124684e-05,3.71853533e-05,2.75293994e-05,2.75274127e-05,0.000310865318,0.000319950273
8.74159722,0.00035098605,0.00035098605,0.00035098605,0.00035098605,0.00034006909,0.00034006909,0.000340424659,0.000340294067,0.000339912726,0.000339912726,0.000340363135,0.000340386266,0.000342489787,0.000342310563,0.000342310563,0.000342310563,0.00034229529,0.000342489787,0.000341334918,0.000341332852,0.000341331243,0.000340826152,0.00034133479,0.000340254045,0.000349262961,0.000349509658,0.000349262961,0.000350172466,0.000338396423,0.000338790045,4.08808012e-05,4.08808012e-05,4.08808012e-05,4.08808012e-05,2.4785551e-05,2.4785551e-05,2.4904761e-05,2.47875472e-05,2.46683382e-05,2.46683382e-05,2.4904761e-05,2.4904761e-05,2.59796402e-05,2.60988492e-05,2.60988492e-05,2.60988492e-05,2.60988492e-05,2.59796402e-05,3.17016852e-05,3.17016852e-05,3.17016852e-05,3.11056402e-05,3.17016852e-05,3.22977322e-05,3.8256201e-05,3.84966152e-05,3.8256201e-05,3.9329085e-05,2.96751282e-05,2.95559192e-05,0.000307956312,0.000316510147
8.75826389,0.000349694217,0.000349694217,0.000349694217,0.000349694217,0.000338761785,0.000338761785,0.000339143139,0.00033900622,0.00033857899,0.00033857899,0.000339078954,0.00033910317,0.000341180676,0.000341002396,0.000341002396,0.000341002396,0.000340987194,0.000341180676,0.000340038203,0.000340036331,0.000340034872,0.00033957587,0.000340038104,0.000339099976,0.000347971143,0.000348217724,0.000347971143,0.000348880926,0.000337133056,0.000337522696,4.29074336e-05,4.29074336e-05,4.29074336e-05,4.29074336e-05,2.69333896e-05,2.69333896e-05,2.70525986e-05,2.7050621e-05,2.6931412e-05,2.6931412e-05,2.70525986e-05,2.70525986e-05,2.8123504e-05,2.82446916e-05,2.82446916e-05,2.82446916e-05,2.82446916e-05,2.8123504e-05,3.36091096e-05,3.36091096e-05,3.36091096e-05,3.28938536e-05,3.36091096e-05,3.42051556e-05,4.02848296e-05,4.05232495e-05,4.02848296e-05,4.13577126e-05,3.17017596e-05,3.15825496e-05,0.000304894821,0.000313057172
8.77493056,0.000348392228,0.000348392228,0.000348392228,0.000348392228,0.000337452715,0.000337452715,0.000337851911,0.000337711461,0.000337247407,0.000337247407,0.000337786373,0.00033781117,0.0003398579,0.000339680236,0.000339680236,0.000339680236,0.000339665096,0.0003398579,0.000338704671,0.000338703018,0.000338701727,0.00033828938,0.000338704605,0.000337911339,0.000346662606,0.000346909083,0.000346662606,0.000347572682,0.000335851975,0.000336237715,4.49339554e-05,4.49339554e-05,4.49339554e-05,4.49339554e-05,2.91963427e-05,2.91963427e-05,2.93155517e-05,2.91983294e-05,2.90791204e-05,2.90791204e-05,2.91983294e-05,2.91983294e-05,3.01500167e-05,3.02712133e-05,3.02712133e-05,3.02712133e-05,3.02712133e-05,3.01500167e-05,3.55164233e-05,3.55164233e-05,3.55164233e-05,3.46819564e-05,3.55164233e-05,3.59932584e-05,4.23113513e-05,4.25497694e-05,4.23113513e-05,4.33842334e-05,3.37282833e-05,3.36090733e-05,0.000301918081,0.000309707883
8.79159722,0.000347080078,0.000347080078,0.000347080078,0.000347080078,0.000336142437,0.000336142437,0.000336551352,0.000336410174,0.000335918915,0.000335918915,0.000336485766,0.00033651064,0.000338522994,0.000338345574,0.000338345574,0.000338345574,0.000338330485,0.000338522994,0.000337336329,0.000337334914,0.000337333805,0.000336967685,0.000337336299,0.000336687274,0.000345338659,0.000345585046,0.000345338659,0.000346249062,0.00033455351,0.000334935397,4.69604752e-05,4.69604752e-05,4.69604752e-05,4.69604752e-05,3.1342062e-05,3.1342062e-05,3.13440582e-05,3.13440582e-05,3.12248492e-05,3.12248492e-05,3.13440582e-05,3.13440582e-05,3.2176527e-05,3.22977322e-05,3.22977322e-05,3.22977322e-05,3.22977322e-05,3.2176527e-05,3.74237322e-05,3.74237322e-05,3.74237322e-05,3.64700582e-05,3.74237322e-05,3.76621502e-05,4.43378712e-05,4.45762892e-05,4.43378712e-05,4.54107552e-05,3.57548022e-05,3.56355932e-05,0.000298798708,0.000306346467
8.80826389,0.00034575752,0.00034575752,0.00034575752,0.00034575752,0.000334831286,0.000334831286,0.000335241802,0.000335102638,0.000334594124,0.000334594124,0.000335177439,0.000335201898,0.000337177432,0.000336999849,0.000336999849,0.000336999849,0.0003369848,0.000337177432,0.000335935563,0.000335934399,0.000335933484,0.000335612198,0.00033593557,0.000335427382,0.000344000489,0.00034424681,0.000344000489,0.000344911293,0.000333238218,0.000333616264,4.88678995e-05,4.88678995e-05,4.88678995e-05,4.88678995e-05,3.33706896e-05,3.33706896e-05,3.34898996e-05,3.33706896e-05,3.3368712e-05,3.3368712e-05,3.3487922e-05,3.3487922e-05,3.40859466e-05,3.4322387e-05,3.4322387e-05,3.4322387e-05,3.43243646e-05,3.40859466e-05,3.93311556e-05,3.93311556e-05,3.93311556e-05,3.82602492e-05,3.93311556e-05,3.93331332e-05,4.62452936e-05,4.66029216e-05,4.62452936e-05,4.73181776e-05,3.76622246e-05,3.75430156e-05,0.000295575993,0.000303091486
8.82493056,0.000344422921,0.000344422921,0.000344422921,0.000344422921,0.000333518959,0.000333518959,0.000333923137,0.000333788616,0.000333272898,0.000333272898,0.000333861208,0.000333884781,0.000335821128,0.000335642984,0.000335642984,0.000335642984,0.00033562796,0.000335821128,0.000334504724,0.000334503819,0.000334503103,0.000334224341,0.00033450477,0.000334131365,0.000342647882,0.000342894161,0.000342647882,0.000343559179,0.000331905232,0.000332279413,5.08944204e-05,5.08944204e-05,5.08944204e-05,5.08944204e-05,3.53972133e-05,3.53972133e-05,3.55164233e-05,3.53972133e-05,3.53952267e-05,3.53952267e-05,3.55144367e-05,3.55164233e-05,3.59932584e-05,3.62316774e-05,3.62316774e-05,3.62316774e-05,3.62316774e-05,3.59932584e-05,4.1121245e-05,4.11192584e-05,4.11192584e-05,4.004836e-05,4.1121245e-05,4.1002036e-05,4.81526064e-05,4.85102334e-05,4.81526064e-05,4.92254904e-05,3.95695374e-05,3.95695374e-05,0.000292335695,0.00029982787
8.84159722,0.000343075116,0.000343075116,0.000343075116,0.000343075116,0.000332205,0.000332205,0.000332595252,0.00033246783,0.000331954847,0.000331954847,0.000332536884,0.000332559132,0.000334454377,0.000334275326,0.000334275326,0.000334275326,0.000334260318,0.000334454377,0.000333046487,0.000333045845,0.00033304533,0.000332805932,0.000333046572,0.00033279945,0.000341281336,0.000341527596,0.000341281336,0.000342193211,0.000330554347,0.000330924589,5.26825212e-05,5.26825212e-05,5.26825212e-05,5.26825212e-05,3.73045232e-05,3.73045232e-05,3.74237322e-05,3.74237322e-05,3.73045232e-05,3.73045232e-05,3.74237322e-05,3.74237322e-05,3.79005692e-05,3.81389882e-05,3.81389882e-05,3.81389882e-05,3.81389882e-05,3.79005692e-05,4.30265692e-05,4.30265692e-05,4.30265692e-05,4.19536852e-05,4.30265692e-05,4.26709374e-05,5.00599152e-05,5.04175452e-05,5.00599152e-05,5.11328002e-05,4.14768482e-05,4.14768482e-05,0.000289077499,0.000296553808
8.85826389,0.000341713015,0.000341713015,0.000341713015,0.000341713015,0.000330888746,0.000330888746,0.000331257986,0.000331139901,0.000330639264,0.000330639264,0.000331204197,0.000331224722,0.000333077322,0.000332897097,0.000332897097,0.000332897097,0.000332882094,0.000333077322,0.000331563742,0.000331563359,0.000331563044,0.000331359092,0.000331563865,0.000331432316,0.000339901404,0.000340147663,0.000339901404,0.000340813931,0.000329185828,0.000329552019,5.45899446e-05,5.45899446e-05,5.45899446e-05,5.45899446e-05,3.92119456e-05,3.92119456e-05,3.93311556e-05,3.93311556e-05,3.92119456e-05,3.92119456e-05,3.93311556e-05,3.93311556e-05,3.98079926e-05,3.99291792e-05,3.99291792e-05,3.99291792e-05,4.00464096e-05,3.98079926e-05,4.48167602e-05,4.48167602e-05,4.48167602e-05,4.37418996e-05,4.48167602e-05,4.43399232e-05,5.19673396e-05,5.22057595e-05,5.19673396e-05,5.30402236e-05,4.33842696e-05,4.32650616e-05,0.000285801558,0.000293269329
8.87493056,0.000340335433,0.000340335433,0.000340335433,0.000340335433,0.000329569256,0.000329569256,0.000329911047,0.000329804273,0.00032932507,0.00032932507,0.000329862729,0.000329881182,0.000331689789,0.000331508218,0.000331508218,0.000331508218,0.000331493214,0.000331689789,0.000330059449,0.000330059317,0.000330059196,0.000329886111,0.000330059609,0.000330030981,0.000338508452,0.000338754727,0.000338508452,0.000339421702,0.000327800002,0.000328162017,5.63780474e-05,5.63780474e-05,5.63780474e-05,5.63780474e-05,4.11192584e-05,4.11192584e-05,4.12384674e-05,4.12384674e-05,4.11192584e-05,4.11192584e-05,4.12384674e-05,4.12384674e-05,4.1598082e-05,4.18345134e-05,4.18345134e-05,4.18345134e-05,4.18345134e-05,4.1598082e-05,4.67220934e-05,4.67220934e-05,4.67220934e-05,4.55300033e-05,4.67220934e-05,4.60068394e-05,5.37554433e-05,5.3995848e-05,5.37554433e-05,5.48283264e-05,4.51723734e-05,4.505515e-05,0.000282627629,0.000290091707
8.89159722,0.000338941106,0.000338941106,0.000338941106,0.000338941106,0.000328245318,0.000328245318,0.000328553992,0.000328460202,0.000328010812,0.000328010812,0.000328511893,0.000328527977,0.000330291112,0.000330108149,0.000330108149,0.000330108149,0.000330093139,0.000330291112,0.000328536518,0.000328536626,0.000328536688,0.000328389349,0.000328536713,0.000328596734,0.00033710245,0.00033734875,0.00033710245,0.00033801646,0.00032639707,0.000326754773,5.81661482e-05,5.81661482e-05,5.81661482e-05,5.81661482e-05,4.29073592e-05,4.29073592e-05,4.30265692e-05,4.30265692e-05,4.29073592e-05,4.29073592e-05,4.30265692e-05,4.30265692e-05,4.33861914e-05,4.36226152e-05,4.36226152e-05,4.36226152e-05,4.36226152e-05,4.33861914e-05,4.85101952e-05,4.85101952e-05,4.85101952e-05,4.73181032e-05,4.85101952e-05,4.75585184e-05,5.55435452e-05,5.57839594e-05,5.55435452e-05,5.66164282e-05,4.69604752e-05,4.69604752e-05,0.000279436595,0.00028690492
8.90826389,0.000337529012,0.000337529012,0.000337529012,0.000337529012,0.000326915563,0.000326915563,0.000327186323,0.000327106864,0.000326694796,0.000326694796,0.000327151035,0.000327164515,0.000328880506,0.000328696232,0.000328696232,0.000328696232,0.000328681217,0.000328880506,0.000326997867,0.000326998198,0.000326998431,0.000326871294,0.000326998095,0.000327131191,0.000335683374,0.0003359297,0.000335683374,0.000336598152,0.000324977474,0.000325330745,5.98371302e-05,5.98371302e-05,5.98371302e-05,5.98371302e-05,4.46955736e-05,4.46955736e-05,4.48147826e-05,4.46975512e-05,4.46955736e-05,4.46955736e-05,4.48147826e-05,4.48147826e-05,4.51724096e-05,4.54108296e-05,4.54108296e-05,4.54108296e-05,4.54108296e-05,4.51724096e-05,5.03003872e-05,5.03003872e-05,5.02984096e-05,4.92255266e-05,5.03003872e-05,4.92255266e-05,5.73317595e-05,5.75701766e-05,5.73317595e-05,5.84046416e-05,4.87486896e-05,4.86314572e-05,0.000276228784,0.000283708096
8.92493056,0.000336098603,0.000336098603,0.000336098603,0.000336098603,0.000325578515,0.000325578515,0.000325807519,0.000325743385,0.000325375143,0.000325375143,0.000325779468,0.000325790172,0.000327457396,0.000327272027,0.000327272027,0.000327272027,0.000327257011,0.000327457396,0.00032544638,0.000325446913,0.0003254473,0.000325334535,0.000325446637,0.000325636298,0.000334251532,0.000334497875,0.000334251532,0.00033516704,0.000323542117,0.000323890862,6.16232534e-05,6.16232534e-05,6.16232534e-05,6.16232534e-05,4.6366454e-05,4.6366454e-05,4.6485663e-05,4.64836764e-05,4.63644673e-05,4.63644673e-05,4.64836764e-05,4.6485663e-05,4.69605134e-05,4.70797233e-05,4.70797233e-05,4.70797233e-05,4.70797233e-05,4.69605134e-05,5.20885e-05,5.20885e-05,5.20885e-05,5.10136294e-05,5.20885e-05,5.0777197e-05,5.90006533e-05,5.9241057e-05,5.90006533e-05,6.0075522e-05,5.05367933e-05,5.04175833e-05,0.000273005323,0.000280496882
8.94159722,0.000334650519,0.000334650519,0.000334650519,0.000334650519,0.000324232881,0.000324232881,0.000324417299,0.000324369125,0.000324050093,0.000324050093,0.000324396743,0.000324404564,0.000326022325,0.000325836185,0.000325836185,0.000325836185,0.000325821175,0.000326022325,0.000323885063,0.000323885774,0.000323886298,0.000323781919,0.000323885346,0.000324114486,0.000332808205,0.000333054551,0.000332808205,0.000333724386,0.00032209315,0.000322437324,6.32921453e-05,6.32921453e-05,6.32921453e-05,6.32921453e-05,4.80333592e-05,4.80333592e-05,4.81545644e-05,4.81525682e-05,4.80333592e-05,4.80333592e-05,4.81525682e-05,4.81525682e-05,4.86294052e-05,4.87506114e-05,4.87506114e-05,4.87506114e-05,4.87506114e-05,4.86294052e-05,5.38766114e-05,5.38766114e-05,5.38766114e-05,5.28017302e-05,5.38766114e-05,5.24441022e-05,6.06715414e-05,6.10271712e-05,6.06715414e-05,6.17444214e-05,5.22056852e-05,5.20884714e-05,0.000269887465,0.00027739292
8.95826389,0.000333184399,0.000333184399,0.000333184399,0.000333184399,0.000322876996,0.000322876996,0.000323015045,0.000322983097,0.000322717451,0.000322717451,0.00032300207,0.000323006967,0.000324574185,0.000324387671,0.000324387671,0.000324387671,0.000324372677,0.000324574185,0.000322316474,0.000322317337,0.000322317977,0.000322215973,0.000322316779,0.000322568071,0.000331352818,0.000331599152,0.000331352818,0.000332269607,0.000320631268,0.000320970901,6.48439173e-05,6.48439173e-05,6.48439173e-05,6.48439173e-05,4.95851312e-05,4.95851312e-05,4.97043412e-05,4.97043412e-05,4.95851312e-05,4.95851312e-05,4.97043412e-05,4.97043412e-05,5.02984096e-05,5.04195972e-05,5.04195972e-05,5.04195972e-05,5.04195972e-05,5.02984096e-05,5.56648072e-05,5.56648072e-05,5.56628295e-05,5.45899446e-05,5.56648072e-05,5.39958752e-05,6.23405272e-05,6.25789472e-05,6.23405272e-05,6.34134072e-05,5.38746895e-05,5.37574572e-05,0.000266651667,0.000274275775
8.97493056,0.000331700135,0.000331700135,0.000331700135,0.000331700135,0.000321509082,0.000321509082,0.000321600035,0.000321584219,0.000321374871,0.000321374871,0.000321594557,0.000321596555,0.000323111629,0.000322925222,0.000322925222,0.000322925222,0.000322910255,0.000323111629,0.000320742885,0.000320743871,0.000320744605,0.000320639075,0.000320743207,0.00032099946,0.000329884714,0.000330131009,0.000329884714,0.000330801993,0.0003191568,0.000319491976,6.65108335e-05,6.65108335e-05,6.65108335e-05,6.65108335e-05,5.1134825e-05,5.1134825e-05,5.1254035e-05,5.1254035e-05,5.1134825e-05,5.1134825e-05,5.1254035e-05,5.1254035e-05,5.185008e-05,5.20865133e-05,5.20865133e-05,5.20865133e-05,5.20865133e-05,5.185008e-05,5.74509313e-05,5.74509313e-05,5.74509313e-05,5.6380034e-05,5.74509313e-05,5.554557e-05,6.389022e-05,6.42458633e-05,6.389022e-05,6.49631001e-05,5.55435833e-05,5.542636e-05,0.000263291954,0.000271261549
8.99159722,0.000330199262,0.000330199262,0.000330199262,0.000330199262,0.000320127755,0.000320127755,0.000320171932,0.000320171802,0.000320020373,0.000320020373,0.000320173707,0.000320172892,0.000321635169,0.000321449393,0.000321449393,0.000321449393,0.00032143447,0.000321635169,0.000319166688,0.000319167768,0.000319168573,0.000319053856,0.000319167024,0.00031941153,0.000328405075,0.000328651295,0.000328405075,0.000329322692,0.000317671714,0.000318002562,6.80605193e-05,6.80605193e-05,6.80605193e-05,6.80605193e-05,5.26845174e-05,5.26845174e-05,5.28037264e-05,5.28037264e-05,5.26845174e-05,5.26845174e-05,5.28037264e-05,5.28037264e-05,5.33997714e-05,5.36381914e-05,5.36381914e-05,5.36381914e-05,5.36381914e-05,5.33997714e-05,5.91218194e-05,5.91218194e-05,5.91218194e-05,5.81681444e-05,5.91218194e-05,5.72124752e-05,6.55571252e-05,6.57975414e-05,6.55571252e-05,6.66300053e-05,5.70952614e-05,5.70932652e-05,0.000260044869,0.000268235398
9.00826389,0.000328682004,0.000328682004,0.000328682004,0.000328682004,0.000318731314,0.000318731314,0.000318730042,0.000318744821,0.00031865164,0.00031865164,0.000318738671,0.000318735192,0.000320143674,0.000319959054,0.000319959054,0.000319959054,0.000319944189,0.000320143674,0.000317589643,0.000317590786,0.000317591639,0.000317462429,0.000317589987,0.000317806834,0.000326912991,0.000327159099,0.00032691299,0.000327830778,0.000316176071,0.000316502763,6.94930832e-05,6.94930832e-05,6.94930832e-05,6.94930832e-05,5.41150842e-05,5.41150842e-05,5.42342942e-05,5.42342942e-05,5.41150842e-05,5.41150842e-05,5.42342942e-05,5.42342942e-05,5.49495492e-05,5.51879672e-05,5.51879672e-05,5.51879672e-05,5.51879672e-05,5.49495492e-05,6.09080366e-05,6.09080366e-05,6.09080366e-05,5.99563402e-05,6.09080366e-05,5.87642472e-05,6.71069195e-05,6.73473172e-05,6.71069195e-05,6.81797997e-05,5.86450372e-05,5.86450372e-05,0.000256681607,0.000265194124
9.02493056,0.000327149736,0.000327149736,0.000327149736,0.000327149736,0.000317318372,0.000317318372,0.000317273931,0.000317302536,0.000317266673,0.000317266673,0.000317288878,0.000317282935,0.0003186371,0.000318454152,0.000318454152,0.000318454152,0.000318439359,0.0003186371,0.000316013412,0.000316014587,0.000316015465,0.000315866921,0.000316013759,0.000316188142,0.0003254087,0.000325654651,0.0003254087,0.000326326452,0.000314670728,0.000314993446,7.104278e-05,7.104278e-05,7.104278e-05,7.104278e-05,5.554557e-05,5.554557e-05,5.566478e-05,5.566478e-05,5.554557e-05,5.554557e-05,5.566478e-05,5.566478e-05,5.6499243e-05,5.6618453e-05,5.6618453e-05,5.6618453e-05,5.67356754e-05,5.6499243e-05,6.25769333e-05,6.25769333e-05,6.25769333e-05,6.17424634e-05,6.25769333e-05,6.031394e-05,6.853938e-05,6.889701e-05,6.853938e-05,6.96122651e-05,6.019473e-05,6.019473e-05,0.000253436479,0.000262137857
9.04159722,0.000325603602,0.000325603602,0.000325603602,0.000325603602,0.000315887599,0.000315887599,0.000315803147,0.000315844222,0.000315863535,0.000315863535,0.00031582375,0.000315815592,0.000317115259,0.000316934438,0.000316934438,0.000316934438,0.000316919733,0.000317115259,0.000314439304,0.000314440481,0.000314441361,0.000314269202,0.000314439651,0.00031455813,0.000323892078,0.000324137821,0.000323892078,0.000324809573,0.000313156151,0.000313475078,7.24732614e-05,7.24732614e-05,7.24732614e-05,7.24732614e-05,5.69760514e-05,5.69760514e-05,5.70952614e-05,5.69780476e-05,5.68568414e-05,5.68568414e-05,5.70952614e-05,5.70952614e-05,5.79297264e-05,5.81681444e-05,5.81681444e-05,5.81681444e-05,5.81681444e-05,5.79297264e-05,6.41286114e-05,6.41286114e-05,6.41286114e-05,6.34133514e-05,6.41286114e-05,6.19808452e-05,7.00890714e-05,7.03274914e-05,7.00890714e-05,7.11619574e-05,6.17444214e-05,6.17444214e-05,0.000250310693,0.000259185533
9.05826389,0.00032404539,0.00032404539,0.00032404539,0.00032404539,0.000314437923,0.000314437923,0.000314317403,0.000314369354,0.000314440577,0.000314440577,0.000314342895,0.000314332814,0.000315578705,0.000315400389,0.000315400389,0.000315400389,0.000315385785,0.000315578705,0.000312868425,0.000312869576,0.000312870436,0.000312671025,0.000312868767,0.000312919515,0.00032236377,0.000322609254,0.00032236377,0.000323280773,0.000311633248,0.000311948536,7.39038272e-05,7.39038272e-05,7.39038272e-05,7.39038272e-05,5.82874102e-05,5.82874102e-05,5.84066192e-05,5.84066192e-05,5.81701778e-05,5.81701778e-05,5.84066192e-05,5.84066192e-05,5.93602932e-05,5.95987122e-05,5.95987122e-05,5.95987122e-05,5.95987122e-05,5.93602932e-05,6.57975972e-05,6.57975972e-05,6.57975972e-05,6.51995696e-05,6.57975972e-05,6.35326172e-05,7.15196412e-05,7.17580572e-05,7.15196412e-05,7.25925272e-05,6.32941972e-05,6.31749873e-05,0.000247070827,0.000256270399
9.07493056,0.000322477307,0.000322477307,0.000322477307,0.000322477307,0.000312968702,0.000312968702,0.000312816735,0.000312877773,0.000312996609,0.000312996609,0.00031284626,0.000312834582,0.000314028974,0.000313853411,0.000313853411,0.000313853411,0.000313838915,0.000314028974,0.000311301756,0.000311302855,0.000311303674,0.000311074077,0.00031130209,0.000311275064,0.000320824863,0.000321070044,0.000320824863,0.000321741181,0.000310103538,0.000310415325,7.533431e-05,7.533431e-05,7.533431e-05,7.533431e-05,5.9598685e-05,5.9598685e-05,5.9717894e-05,5.9717894e-05,5.94814617e-05,5.94814617e-05,5.9717894e-05,5.9717894e-05,6.0790778e-05,6.1029196e-05,6.1029196e-05,6.1029196e-05,6.1029196e-05,6.0790778e-05,6.734729e-05,6.734729e-05,6.734729e-05,6.675124e-05,6.734729e-05,6.508231e-05,7.29501251e-05,7.3188544e-05,7.29501251e-05,7.402301e-05,6.4724684e-05,6.47226974e-05,0.000243954466,0.000253515148
9.09159722,0.000320900485,0.000320900485,0.000320900485,0.000320900485,0.000311479172,0.000311479172,0.000311300937,0.000311369122,0.00031153037,0.00031153037,0.000311333575,0.000311320652,0.000312466496,0.000312293796,0.000312293796,0.000312293796,0.000312279414,0.000312466496,0.000309739672,0.000309740694,0.000309741454,0.00030947949,0.000309739993,0.000309627099,0.00031927526,0.0003195201,0.00031927526,0.000320190723,0.000308567,0.000308875386,7.66475777e-05,7.66475777e-05,7.66475777e-05,7.66475777e-05,6.09099584e-05,6.09099584e-05,6.10291674e-05,6.10291674e-05,6.07927456e-05,6.07927456e-05,6.10291674e-05,6.10291674e-05,6.22212614e-05,6.23424676e-05,6.23424676e-05,6.23424676e-05,6.24596814e-05,6.22212614e-05,6.88969814e-05,6.88969814e-05,6.88969814e-05,6.84201414e-05,6.88969814e-05,6.66320015e-05,7.42614014e-05,7.46190265e-05,7.42614014e-05,7.53342814e-05,6.61551674e-05,6.60359614e-05,0.00024084269,0.000250737625
9.10826389,0.000319316808,0.000319316808,0.000319316808,0.000319316808,0.000309969045,0.000309969045,0.000309770151,0.00030984344,0.00031004113,0.00031004113,0.000309804939,0.000309791142,0.000310892795,0.000310722924,0.000310722924,0.000310722924,0.000310708656,0.000310892795,0.000308182481,0.000308183406,0.00030818409,0.000307888361,0.000308182787,0.000307977979,0.000317715928,0.000317960398,0.000317715928,0.000318630408,0.000307024466,0.000307329513,7.80761522e-05,7.80761522e-05,7.80761522e-05,7.80761522e-05,6.21040848e-05,6.21040848e-05,6.22232948e-05,6.22213172e-05,6.21021072e-05,6.21021072e-05,6.22232948e-05,6.22232948e-05,6.35326172e-05,6.37710372e-05,6.37710372e-05,6.37710372e-05,6.37710372e-05,6.35326172e-05,7.04447795e-05,7.04447795e-05,7.04447795e-05,6.99699172e-05,7.04447795e-05,6.81817773e-05,7.55747348e-05,7.59303872e-05,7.55747348e-05,7.66476149e-05,6.74685048e-05,6.74665272e-05,0.000237737702,0.000247939022
9.12493056,0.000317727839,0.000317727839,0.000317727839,0.000317727839,0.00030843829,0.00030843829,0.000308224643,0.000308300935,0.000308528475,0.000308528475,0.000308260596,0.000308246304,0.000309309474,0.000309142245,0.000309142245,0.000309142245,0.000309128088,0.000309309474,0.000306630218,0.000306631026,0.000306631621,0.000306301522,0.000306630506,0.000306329844,0.000316147745,0.000316391829,0.000316147745,0.000317061175,0.000305476566,0.000305778305,7.938743e-05,7.938743e-05,7.938743e-05,7.938743e-05,6.341338e-05,6.341338e-05,6.353259e-05,6.34153667e-05,6.32941701e-05,6.32941701e-05,6.353259e-05,6.353259e-05,6.48458767e-05,6.508231e-05,6.508231e-05,6.508231e-05,6.508231e-05,6.48458767e-05,7.187724e-05,7.187724e-05,7.187724e-05,7.1519614e-05,7.187724e-05,6.96122651e-05,7.68860167e-05,7.724166e-05,7.68860167e-05,7.79589017e-05,6.889701e-05,6.87797867e-05,0.000234752978,0.000245234305
9.14159722,0.000316134793,0.000316134793,0.000316134793,0.000316134793,0.000306887107,0.000306887107,0.000306664774,0.00030674196,0.000306992299,0.000306992299,0.000306700908,0.0003066865,0.000307718078,0.000307553162,0.000307553162,0.000307553162,0.000307539108,0.000307718078,0.000305082628,0.000305083305,0.0003050838,0.000304719512,0.000305082896,0.000304684565,0.000314571401,0.000314815095,0.000314571401,0.000315483773,0.00030392365,0.000304222081,8.05814876e-05,8.05814876e-05,8.05814876e-05,8.05814876e-05,6.46054465e-05,6.46054465e-05,6.47246554e-05,6.47246554e-05,6.44882336e-05,6.44882336e-05,6.47246554e-05,6.47246554e-05,6.61571636e-05,6.63935855e-05,6.63935855e-05,6.63935855e-05,6.63935855e-05,6.61571636e-05,7.33077215e-05,7.33077215e-05,7.33077215e-05,7.29500965e-05,7.33077215e-05,7.11619574e-05,7.81973016e-05,7.85529314e-05,7.81973016e-05,7.92701876e-05,7.02082814e-05,7.02082814e-05,0.000231769416,0.000242504065
9.15826389,0.000314537824,0.000314537824,0.000314537824,0.000314537824,0.00030531571,0.00030531571,0.000305090779,0.000305166787,0.000305432578,0.000305432578,0.000305126132,0.000305111982,0.000306118843,0.000305955798,0.000305955798,0.000305955798,0.000305941836,0.000306118843,0.000303539018,0.000303539552,0.000303539938,0.000303142405,0.000303539263,0.00030304354,0.000312986478,0.00031322979,0.000312986478,0.000313897833,0.000302364892,0.000302659989,8.18908472e-05,8.18908472e-05,8.18908472e-05,8.18908472e-05,6.57975972e-05,6.57975972e-05,6.59168072e-05,6.59168072e-05,6.56803648e-05,6.56803648e-05,6.59168072e-05,6.59168072e-05,6.74665272e-05,6.75877148e-05,6.75877148e-05,6.75877148e-05,6.75877148e-05,6.74665272e-05,7.46190822e-05,7.46190822e-05,7.46190822e-05,7.43806672e-05,7.46190822e-05,7.25925272e-05,7.95066632e-05,7.97450822e-05,7.95066632e-05,8.05795472e-05,7.15196412e-05,7.14024088e-05,0.000228761737,0.000239752214
9.17493056,0.000312936916,0.000312936916,0.000312936916,0.000312936916,0.000303724547,0.000303724547,0.000303502997,0.000303575836,0.000303849606,0.000303849606,0.000303536651,0.000303523115,0.000304512122,0.000304350444,0.000304350444,0.000304350444,0.00030433656,0.000304512122,0.000301998473,0.000301998857,0.000301999128,0.000301570019,0.000301998696,0.000301407887,0.00031139291,0.00031163585,0.00031139291,0.000312303302,0.000300799447,0.000301091149,8.30829151e-05,8.30829151e-05,8.30829151e-05,8.30829151e-05,6.698966e-05,6.698966e-05,6.710887e-05,6.69916467e-05,6.687045e-05,6.687045e-05,6.69916467e-05,6.69916467e-05,6.86605767e-05,6.889701e-05,6.889701e-05,6.889701e-05,6.889701e-05,6.86605767e-05,7.593036e-05,7.593036e-05,7.593036e-05,7.56939267e-05,7.593036e-05,7.402301e-05,8.069873e-05,8.09391367e-05,8.069873e-05,8.17716101e-05,7.27136967e-05,7.271171e-05,0.000225876093,0.000236979156
9.19159722,0.000311331499,0.000311331499,0.000311331499,0.000311331499,0.00030211422,0.00030211422,0.00030190179,0.000301969594,0.000302243906,0.000302243906,0.000301932889,0.0003019203,0.000302897725,0.000302736888,0.000302736888,0.000302736888,0.000302723069,0.000302897725,0.000300459822,0.000300460053,0.000300460207,0.000300001863,0.000300460022,0.000299778364,0.000309790236,0.000310032816,0.000309790236,0.000310699728,0.000299226217,0.000299514429,8.42769776e-05,8.42769776e-05,8.42769776e-05,8.42769776e-05,6.80645116e-05,6.80645116e-05,6.81837177e-05,6.81837177e-05,6.79453027e-05,6.79453027e-05,6.81837177e-05,6.81837177e-05,6.98526516e-05,7.00890714e-05,7.00890714e-05,7.00890714e-05,7.00890714e-05,6.98526516e-05,7.72416314e-05,7.72416314e-05,7.72416314e-05,7.70052076e-05,7.72416314e-05,7.54534914e-05,8.18927876e-05,8.21312076e-05,8.18927876e-05,8.29636774e-05,7.40229814e-05,7.39057676e-05,0.000222996656,0.000234298603
9.20826389,0.000309720672,0.000309720672,0.000309720672,0.000309720672,0.000300485467,0.000300485467,0.000300287538,0.000300348602,0.000300616218,0.000300616218,0.000300315306,0.000300303967,0.000301275325,0.000301114831,0.000301114831,0.000301114831,0.000301101063,0.000301275325,0.00029892167,0.000298921747,0.000298921783,0.000298437156,0.000298921846,0.000298155369,0.000308178135,0.000308420361,0.000308178135,0.000309086765,0.000297644033,0.000297928624,8.54671272e-05,8.54671272e-05,8.54671272e-05,8.54671272e-05,6.92566448e-05,6.92566448e-05,6.93738772e-05,6.93738772e-05,6.91374348e-05,6.91374348e-05,6.93738772e-05,6.93738772e-05,7.10447848e-05,7.12812222e-05,7.12812222e-05,7.12812222e-05,7.12812222e-05,7.10447848e-05,7.84337772e-05,7.84337772e-05,7.84337772e-05,7.83145672e-05,7.84337772e-05,7.67648472e-05,8.30829422e-05,8.33233349e-05,8.30829422e-05,8.41558272e-05,7.52151272e-05,7.50978948e-05,0.000220122589,0.000231478783
9.22493056,0.000308104232,0.000308104232,0.000308104232,0.000308104232,0.000298839475,0.000298839475,0.000298660961,0.000298713777,0.000298967806,0.000298967806,0.000298684717,0.000298674896,0.000299645704,0.000299485105,0.000299485105,0.000299485105,0.000299471375,0.000299645704,0.000297382735,0.000297382662,0.000297382584,0.000296875156,0.000297382889,0.000296539248,0.000306557478,0.000306799358,0.000306557478,0.000307465284,0.000296053137,0.000296333956,8.65419707e-05,8.65419707e-05,8.65419707e-05,8.65419707e-05,7.03295067e-05,7.03295067e-05,7.04487167e-05,7.04487167e-05,7.02102967e-05,7.02102967e-05,7.04487167e-05,7.04487167e-05,7.22368567e-05,7.23560667e-05,7.23560667e-05,7.23560667e-05,7.23560667e-05,7.22368567e-05,7.96258451e-05,7.96258451e-05,7.96258451e-05,7.95086227e-05,7.96258451e-05,7.80781117e-05,8.41577867e-05,8.4513426e-05,8.41577867e-05,8.52306667e-05,7.62899717e-05,7.62899717e-05,0.000217366533,0.00022875751
9.24159722,0.000306481177,0.000306481177,0.000306481177,0.000306481177,0.000297177439,0.000297177439,0.000297022694,0.000297065975,0.000297300016,0.000297300016,0.000297041862,0.000297033787,0.000298008884,0.000297847803,0.000297847803,0.000297847803,0.000297834099,0.000298008884,0.000295841475,0.000295841259,0.000295841072,0.000295314769,0.000295841607,0.000294929879,0.000304928281,0.000305169823,0.000304928281,0.000305835304,0.000294453251,0.000294730145,8.76148376e-05,8.76148376e-05,8.76148376e-05,8.76148376e-05,7.15195854e-05,7.15195854e-05,7.15215816e-05,7.15215816e-05,7.14003755e-05,7.14003755e-05,7.15215816e-05,7.15215816e-05,7.33097176e-05,7.35481376e-05,7.35481376e-05,7.35481376e-05,7.35481376e-05,7.33097176e-05,8.07006976e-05,8.07006976e-05,8.07006976e-05,8.06987014e-05,8.07006976e-05,7.93874014e-05,8.53478614e-05,8.55882776e-05,8.53478614e-05,8.64207465e-05,7.74820476e-05,7.74800514e-05,0.000214616067,0.000225899641
9.25826389,0.000304851113,0.000304851113,0.000304851113,0.000304851113,0.000295500841,0.000295500841,0.000295373578,0.000295406282,0.000295614548,0.000295614548,0.000295387701,0.000295381553,0.000296365597,0.000296203745,0.000296203745,0.000296203745,0.000296190058,0.000296365597,0.000294296442,0.000294296093,0.000294295804,0.000293754903,0.000294296554,0.000293327022,0.000303291432,0.000303532646,0.000303291432,0.000304197716,0.000292845053,0.000293117886,8.88049872e-05,8.88049872e-05,8.88049872e-05,8.88049872e-05,7.25945048e-05,7.25945048e-05,7.27117372e-05,7.25945048e-05,7.24752948e-05,7.24752948e-05,7.25945048e-05,7.27117372e-05,7.44998732e-05,7.46210599e-05,7.46210599e-05,7.46210599e-05,7.46210599e-05,7.44998732e-05,8.17736148e-05,8.17736148e-05,8.17736148e-05,8.17716372e-05,8.17736148e-05,8.05815248e-05,8.64208022e-05,8.66611949e-05,8.64208022e-05,8.74936872e-05,7.85549648e-05,7.85549648e-05,0.000211983265,0.000223139253
9.27493056,0.000303213004,0.000303213004,0.000303213004,0.000303213004,0.000293811161,0.000293811161,0.000293714387,0.000293735734,0.000293913159,0.000293913159,0.000293723131,0.000293719046,0.00029471593,0.000294553114,0.000294553114,0.000294553114,0.000294539437,0.00029471593,0.000292746025,0.000292745556,0.000292745175,0.000292194197,0.000292746119,0.000291730018,0.000301646955,0.000301887853,0.000301646955,0.000302552563,0.000291228624,0.000291497305,8.97606217e-05,8.97606217e-05,8.97606217e-05,8.97606217e-05,7.36673667e-05,7.36673667e-05,7.378459e-05,7.36673667e-05,7.35481567e-05,7.35481567e-05,7.378459e-05,7.378459e-05,7.557273e-05,7.56939267e-05,7.56939267e-05,7.56939267e-05,7.56939267e-05,7.557273e-05,8.28464827e-05,8.28464827e-05,8.28464827e-05,8.27272767e-05,8.28464827e-05,8.17735967e-05,8.749366e-05,8.77340667e-05,8.749366e-05,8.84493167e-05,7.96278317e-05,7.96278317e-05,0.00020946692,0.000220365002
9.29159722,0.000301566001,0.000301566001,0.000301566001,0.000301566001,0.000292109937,0.000292109937,0.00029204591,0.000292055391,0.000292197717,0.000292197717,0.000292049067,0.000292047131,0.000293059834,0.000292895967,0.000292895967,0.000292895967,0.000292882296,0.000293059834,0.000291188656,0.000291188081,0.00029118762,0.000290631231,0.000291188734,0.000290138001,0.00029999505,0.000300235645,0.00029999505,0.00030090004,0.000289604279,0.000289868766,9.08334876e-05,9.08334876e-05,9.08334876e-05,9.08334876e-05,7.47402326e-05,7.47402326e-05,7.48574454e-05,7.47402326e-05,7.46210227e-05,7.46210227e-05,7.48574454e-05,7.48574454e-05,7.65283716e-05,7.67667876e-05,7.67667876e-05,7.67667876e-05,7.67667876e-05,7.65283716e-05,8.39193476e-05,8.39173514e-05,8.38001376e-05,8.38001376e-05,8.39173514e-05,8.29636774e-05,8.84492976e-05,8.86877176e-05,8.84492976e-05,8.95221876e-05,8.07006976e-05,8.07006976e-05,0.000206831093,0.000217576695
9.30826389,0.000299909207,0.000299909207,0.000299909207,0.000299909207,0.000290398695,0.000290398695,0.000290368891,0.000290366275,0.000290470128,0.000290470128,0.000290366386,0.000290366634,0.000291396884,0.000291231996,0.000291231996,0.000291231996,0.000291218328,0.000291396884,0.000289622747,0.000289622085,0.000289621556,0.000289064461,0.000289622813,0.000288549831,0.000298335562,0.000298575867,0.000298335562,0.00029923999,0.000287972079,0.000288232382,9.17871948e-05,9.17871948e-05,9.17871948e-05,9.17871948e-05,7.58131548e-05,7.58131548e-05,7.58131548e-05,7.58131548e-05,7.56939448e-05,7.56939448e-05,7.58131548e-05,7.58131548e-05,7.76012948e-05,7.78377332e-05,7.78377332e-05,7.78377332e-05,7.78377332e-05,7.76012948e-05,8.48730588e-05,8.48730588e-05,8.48730588e-05,8.47538498e-05,8.48730588e-05,8.40385948e-05,8.95202472e-05,8.97606399e-05,8.95202472e-05,9.05931272e-05,8.17736148e-05,8.17716372e-05,0.000204310611,0.000214776184
9.32493056,0.000298242445,0.000298242445,0.000298242445,0.000298242445,0.000288679158,0.000288679158,0.000288684264,0.000288669591,0.000288732525,0.000288732525,0.000288676146,0.000288678565,0.000289727439,0.000289561661,0.000289561661,0.000289561661,0.000289547999,0.000289727439,0.000288046977,0.000288046245,0.000288045662,0.000287492502,0.000288047032,0.000286964362,0.000296669198,0.000296909224,0.000296669198,0.00029757311,0.000286332879,0.000286589065,9.27408567e-05,9.27408567e-05,9.27408567e-05,9.27408567e-05,7.67668067e-05,7.67668067e-05,7.68860167e-05,7.68860167e-05,7.67648201e-05,7.67648201e-05,7.68860167e-05,7.68860167e-05,7.85549467e-05,7.87933667e-05,7.87933667e-05,7.87933667e-05,7.87933667e-05,7.85549467e-05,8.57075067e-05,8.57075067e-05,8.57075067e-05,8.55882967e-05,8.57075067e-05,8.51114567e-05,9.04758767e-05,9.07142967e-05,9.04758767e-05,9.15487607e-05,8.27272767e-05,8.27272767e-05,0.000201852905,0.000211967705
9.34159722,0.000296565533,0.000296565533,0.000296565533,0.000296565533,0.000286952985,0.000286952985,0.0002869929,0.000286966477,0.000286987003,0.000286987003,0.000286979343,0.000286983872,0.000288051675,0.000287885228,0.000287885228,0.000287885228,0.000287871576,0.000288051675,0.000286460067,0.000286459285,0.000286458665,0.00028591392,0.000286460114,0.000285380249,0.000294996299,0.000295236057,0.000294996299,0.000295899743,0.000284687276,0.00028493945,9.36945076e-05,9.36945076e-05,9.36945076e-05,9.36945076e-05,7.78396736e-05,7.78396736e-05,7.79588827e-05,7.79588827e-05,7.77204676e-05,7.77204676e-05,7.79588827e-05,7.79588827e-05,7.96278127e-05,7.97470226e-05,7.97470226e-05,7.97470226e-05,7.97470226e-05,7.96278127e-05,8.66611577e-05,8.66611577e-05,8.66611577e-05,8.64227426e-05,8.66611577e-05,8.60651176e-05,9.14295327e-05,9.16679516e-05,9.14295327e-05,9.25024176e-05,8.36809276e-05,8.36809276e-05,0.000199315132,0.000209266535
9.35826389,0.000294877966,0.000294877966,0.000294877966,0.000294877966,0.000285221637,0.000285221637,0.000285295501,0.000285257884,0.000285235475,0.000285235475,0.000285276793,0.000285283326,0.00028636918,0.000286202352,0.000286202352,0.000286202352,0.000286188717,0.00028636918,0.000284860749,0.000284859938,0.000284859295,0.00028432719,0.000284860792,0.000283795888,0.000293316606,0.000293556106,0.000293316606,0.000294219625,0.000283035011,0.000283283315,9.46482208e-05,9.46482208e-05,9.46482208e-05,9.46482208e-05,7.89106172e-05,7.89106172e-05,7.89125948e-05,7.89125948e-05,7.87933848e-05,7.87933848e-05,7.89125948e-05,7.89125948e-05,8.05815248e-05,8.07007348e-05,8.07007348e-05,8.07007348e-05,8.07007348e-05,8.05815248e-05,8.74956648e-05,8.74956648e-05,8.74956648e-05,8.72572448e-05,8.74956648e-05,8.70188248e-05,9.23832448e-05,9.26216648e-05,9.23832448e-05,9.34561248e-05,8.46346408e-05,8.46346408e-05,0.000196777063,0.000206442091
9.37493056,0.000293180037,0.000293180037,0.000293180037,0.000293180037,0.000283486651,0.000283486651,0.000283592881,0.00028354486,0.000283479938,0.000283479938,0.000283569418,0.000283577808,0.00028468,0.000284513134,0.000284513134,0.000284513134,0.000284499524,0.00028468,0.000283248059,0.000283247239,0.000283246589,0.000282731006,0.000283248101,0.000282209752,0.000291630413,0.000291869663,0.000291630413,0.000292533033,0.000281376438,0.000281621023,9.56018767e-05,9.56018767e-05,9.56018767e-05,9.56018767e-05,7.98662507e-05,7.98662507e-05,7.99854567e-05,7.98662507e-05,7.97470417e-05,7.97470417e-05,7.99854567e-05,7.99854567e-05,8.15351807e-05,8.16543867e-05,8.16543867e-05,8.16543867e-05,8.16543867e-05,8.15351807e-05,8.83301067e-05,8.83301067e-05,8.83301067e-05,8.79744694e-05,8.83301067e-05,8.79724827e-05,9.32176907e-05,9.34580934e-05,9.32176907e-05,9.42905767e-05,8.55882967e-05,8.55882967e-05,0.00019423727,0.000203732896
9.39159722,0.000291472257,0.000291472257,0.000291472257,0.000291472257,0.000281749493,0.000281749493,0.000281885839,0.000281828413,0.00028172231,0.00028172231,0.00028185811,0.000281868173,0.00028298441,0.000282817874,0.000282817874,0.000282817874,0.000282804297,0.00028298441,0.000281621222,0.000281620412,0.000281619771,0.000281124178,0.000281621265,0.000280620293,0.000289938066,0.00029017707,0.000289938066,0.000290840301,0.000279711893,0.000279952902,9.64363227e-05,9.64363227e-05,9.64363227e-05,9.64363227e-05,8.08199076e-05,8.08199076e-05,8.09391176e-05,8.09391176e-05,8.07006976e-05,8.07006976e-05,8.09391176e-05,8.09391176e-05,8.23696276e-05,8.26080476e-05,8.26080476e-05,8.26080476e-05,8.26080476e-05,8.23696276e-05,8.90473438e-05,8.90473438e-05,8.90473438e-05,8.88069276e-05,8.90473438e-05,8.88069276e-05,9.41713476e-05,9.44097676e-05,9.41713476e-05,9.52442276e-05,8.64227426e-05,8.64227426e-05,0.000191813365,0.000201021612
9.40826389,0.000289754555,0.000289754555,0.000289754555,0.000289754555,0.000280011263,0.000280011263,0.000280174873,0.000280109222,0.00027996413,0.00027996413,0.000280143449,0.000280154968,0.00028128177,0.000281115941,0.000281115941,0.000281115941,0.000281102408,0.00028128177,0.000279979413,0.000279978634,0.000279978016,0.000279505405,0.00027997946,0.000279025716,0.000288238912,0.000288477669,0.000288238912,0.000289140755,0.000278040501,0.000278278044,9.72708248e-05,9.72708248e-05,9.72708248e-05,9.72708248e-05,8.17736148e-05,8.17736148e-05,8.18928248e-05,8.18928248e-05,8.16544049e-05,8.16544049e-05,8.18928248e-05,8.18928248e-05,8.33233349e-05,8.34425448e-05,8.34425448e-05,8.34425448e-05,8.34425448e-05,8.33233349e-05,8.98798488e-05,8.98798488e-05,8.98798488e-05,8.95222248e-05,8.98798488e-05,8.96414308e-05,9.50058488e-05,9.52442648e-05,9.50058488e-05,9.60787348e-05,8.72592224e-05,8.72572448e-05,0.000189384286,0.000198309725
9.42493056,0.000288027758,0.000288027758,0.000288027758,0.000288027758,0.000278273114,0.000278273114,0.000278460615,0.00027838807,0.000278206967,0.000278206967,0.000278426135,0.000278438867,0.000279572186,0.000279407425,0.000279407425,0.000279407425,0.000279393946,0.000279572186,0.000278322223,0.000278321493,0.000278320912,0.000277873738,0.000278322278,0.000277424465,0.000286533213,0.00028677172,0.000286533213,0.000287434635,0.000276362242,0.000276596395,9.81052717e-05,9.81052717e-05,9.81052717e-05,9.81052717e-05,8.27272767e-05,8.27272767e-05,8.28464827e-05,8.28464827e-05,8.26080667e-05,8.26080667e-05,8.28464827e-05,8.28464827e-05,8.41577867e-05,8.42769967e-05,8.42769967e-05,8.42769967e-05,8.42789833e-05,8.41577867e-05,9.05950867e-05,9.05950867e-05,9.05950867e-05,9.02374567e-05,9.05950867e-05,9.03586533e-05,9.58402967e-05,9.60787167e-05,9.58402967e-05,9.69131767e-05,8.80936783e-05,8.80936783e-05,0.000187065812,0.000195614133
9.44159722,0.000286292498,0.000286292498,0.000286292498,0.000286292498,0.000276535943,0.000276535943,0.000276743528,0.000276665535,0.000276452102,0.000276452102,0.00027670668,0.000276720362,0.000277855399,0.000277692033,0.000277692033,0.000277692033,0.000277678617,0.000277855399,0.000276649346,0.000276648681,0.000276648151,0.000276228299,0.00027664941,0.000275814954,0.000284820797,0.000285059043,0.000284820797,0.000285721739,0.000274676736,0.000274907518,9.89397176e-05,9.89397176e-05,9.89397176e-05,9.89397176e-05,8.36809276e-05,8.36809276e-05,8.38001376e-05,8.36809276e-05,8.35617176e-05,8.35617176e-05,8.36829238e-05,8.38001376e-05,8.49922277e-05,8.51134338e-05,8.51134338e-05,8.51134338e-05,8.51134338e-05,8.49922277e-05,9.13103236e-05,9.13103236e-05,9.13103236e-05,9.08354838e-05,9.13103236e-05,9.10739038e-05,9.66747416e-05,9.69131576e-05,9.66747416e-05,9.77476276e-05,8.89261376e-05,8.89261376e-05,0.00018474105,0.000193023756
9.45826389,0.000284550517,0.000284550517,0.000284550517,0.000284550517,0.000274800781,0.000274800781,0.000275024304,0.000274942394,0.000274700913,0.000274700913,0.000274985811,0.000275000165,0.000276132508,0.000275970802,0.000275970802,0.000275970802,0.000275957457,0.000276132508,0.00027496097,0.000274960386,0.000274959918,0.000274568675,0.000274961046,0.000274195979,0.000283102762,0.000283340735,0.000283102762,0.000284003162,0.000272984958,0.000273212346,9.97742199e-05,9.97742199e-05,9.97742199e-05,9.97742199e-05,8.45154308e-05,8.45154308e-05,8.46346408e-05,8.46346408e-05,8.45154308e-05,8.45154308e-05,8.46346408e-05,8.46346408e-05,8.58267348e-05,8.59459448e-05,8.59459448e-05,8.59459448e-05,8.59479224e-05,8.58267348e-05,9.20256148e-05,9.20256148e-05,9.20256148e-05,9.15487788e-05,9.20256148e-05,9.17891725e-05,9.73920124e-05,9.77476648e-05,9.73920124e-05,9.84648925e-05,8.97606399e-05,8.97606399e-05,0.000182406807,0.000190389663
9.47493056,0.000282802424,0.000282802424,0.000282802424,0.000282802424,0.000273068149,0.000273068149,0.000273303225,0.000273218974,0.000272954221,0.000272954221,0.000273263828,0.000273278569,0.000274403215,0.00027424336,0.00027424336,0.00027424336,0.000274230093,0.000274403215,0.000273257158,0.000273256667,0.000273256272,0.000272894318,0.000273257248,0.000272566133,0.000281378662,0.000281616349,0.000281378662,0.000282278452,0.000271286389,0.000271510319,0.000100489457,0.000100489457,0.000100489457,0.000100489457,8.54690867e-05,8.54690867e-05,8.54710733e-05,8.54690867e-05,8.53498767e-05,8.53498767e-05,8.54690867e-05,8.54710733e-05,8.65439573e-05,8.67803867e-05,8.67803867e-05,8.67803867e-05,8.67803867e-05,8.65439573e-05,9.27408567e-05,9.26236333e-05,9.26236333e-05,9.21467933e-05,9.27408567e-05,9.25024367e-05,9.82244817e-05,9.84628967e-05,9.82244817e-05,9.92973667e-05,9.04778633e-05,9.04778633e-05,0.000180063696,0.000187859258
9.49159722,0.000281050096,0.000281050096,0.000281050096,0.000281050096,0.000271338728,0.000271338728,0.000271580832,0.000271495828,0.000271212955,0.000271212955,0.000271541273,0.000271556115,0.000272668762,0.000272510863,0.000272510863,0.000272510863,0.000272497678,0.000272668762,0.000271538493,0.000271538107,0.000271537792,0.000271205201,0.000271538598,0.000270924484,0.000279649636,0.000279887025,0.000279649636,0.000280548753,0.000269582048,0.000269802425,0.000101206694,0.000101206694,0.000101206694,0.000101206694,8.63035336e-05,8.63035336e-05,8.64227426e-05,8.63035336e-05,8.61843236e-05,8.61843236e-05,8.63055298e-05,8.63055298e-05,8.73764176e-05,8.74976238e-05,8.74976238e-05,8.74976238e-05,8.74976238e-05,8.73764176e-05,9.33388778e-05,9.33388778e-05,9.33388778e-05,9.27428338e-05,9.33388778e-05,9.31004588e-05,9.89397176e-05,9.91801338e-05,9.89397176e-05,0.000100012602,9.13103236e-05,9.13103236e-05,0.000177824025,0.000185292344
9.50826389,0.000279294049,0.000279294049,0.000279294049,0.000279294049,0.000269612717,0.000269612717,0.000269857294,0.000269773098,0.000269477512,0.000269477512,0.000269818299,0.000269832961,0.000270928996,0.00027077306,0.00027077306,0.00027077306,0.00027075996,0.000270928996,0.000269805459,0.000269805186,0.000269804958,0.000269501201,0.00026980558,0.000269269961,0.000277915188,0.000278152271,0.000277915188,0.000278813586,0.000267871476,0.000268088211,0.000101921962,0.000101921962,0.000101921962,0.000101921962,8.70208024e-05,8.70208024e-05,8.71400124e-05,8.71380348e-05,8.70188248e-05,8.70188248e-05,8.71400124e-05,8.71400124e-05,8.80936874e-05,8.83301249e-05,8.83301249e-05,8.83301249e-05,8.83301249e-05,8.80936874e-05,9.40521748e-05,9.40521748e-05,9.39349424e-05,9.33388964e-05,9.40521748e-05,9.36965224e-05,9.96569885e-05,9.98954074e-05,9.96569885e-05,0.000100729872,9.20256148e-05,9.20256148e-05,0.000175573439,0.000182835309
9.52493056,0.000277535374,0.000277535374,0.000277535374,0.000277535374,0.000267890283,0.000267890283,0.000268132842,0.000268050958,0.000267748193,0.000267748193,0.000268095104,0.000268109318,0.00026918454,0.000269030495,0.000269030495,0.000269030495,0.000269017479,0.00026918454,0.000268058847,0.000268058694,0.000268058558,0.000267782537,0.000268058986,0.000267601837,0.000276175773,0.000276412539,0.000276175773,0.000277073399,0.000266154955,0.000266367958,0.000102637213,0.000102637213,0.000102637213,0.000102637213,8.78532767e-05,8.78532767e-05,8.79724827e-05,8.79724827e-05,8.78532767e-05,8.78532767e-05,8.79724827e-05,8.79724827e-05,8.88089333e-05,8.90453667e-05,8.90453667e-05,8.90453667e-05,8.90453667e-05,8.88089333e-05,9.46501894e-05,9.46501894e-05,9.46501894e-05,9.39349333e-05,9.46501894e-05,9.42925633e-05,0.000100372233,0.000100610653,0.000100372233,0.000101443132,9.27408567e-05,9.27408567e-05,0.000173309273,0.000180375606
9.54159722,0.000275775277,0.000275775277,0.000275775277,0.000275775277,0.000266171513,0.000266171513,0.000266407729,0.00026632957,0.00026602517,0.00026602517,0.000266371897,0.000266385409,0.000267436339,0.000267284033,0.000267284033,0.000267284033,0.000267271098,0.000267436339,0.000266299696,0.000266299665,0.000266299624,0.000266049714,0.000266299852,0.00026591967,0.000274432108,0.00027466855,0.000274432108,0.000275328923,0.000264433222,0.000264642418,0.000103350462,0.000103350462,0.000103350462,0.000103350462,8.85705038e-05,8.85705038e-05,8.86897138e-05,8.86877176e-05,8.85685076e-05,8.85685076e-05,8.86897138e-05,8.86897138e-05,8.95241838e-05,8.97606027e-05,8.97606027e-05,8.97606027e-05,8.97606027e-05,8.95241838e-05,9.52462238e-05,9.52462238e-05,9.52462238e-05,9.46481836e-05,9.52462238e-05,9.48885978e-05,0.000101085488,0.0001013259,0.000101085488,0.000102158368,9.33388778e-05,9.33388778e-05,0.000171031072,0.000177912155
9.55826389,0.000274015117,0.000274015117,0.000274015117,0.000274015117,0.000264456438,0.000264456438,0.000264682237,0.000264609098,0.00026430849,0.00026430849,0.000264648901,0.000264661481,0.00026568573,0.00026553493,0.00026553493,0.00026553493,0.000265522072,0.00026568573,0.000264529292,0.000264529386,0.00026452944,0.000264303526,0.000264529466,0.000264223335,0.000272685359,0.000272921478,0.000272685359,0.00027358136,0.000262707464,0.000262912815,0.000103948522,0.000103948522,0.000103948522,0.000103948522,8.94030148e-05,8.94030148e-05,8.95222248e-05,8.94049924e-05,8.92857824e-05,8.92857824e-05,8.94049924e-05,8.94049924e-05,9.02374748e-05,9.03586624e-05,9.03586624e-05,9.03586624e-05,9.03586624e-05,9.02374748e-05,9.58422924e-05,9.58422924e-05,9.58422924e-05,9.52442648e-05,9.58422924e-05,9.53654524e-05,0.000101683546,0.000102039195,0.000101683546,0.000102756432,9.40541524e-05,9.40541524e-05,0.000168653312,0.000175448255
9.57493056,0.000272255425,0.000272255425,0.000272255425,0.000272255425,0.000262744838,0.000262744838,0.000262956483,0.000262889514,0.000262597897,0.000262597897,0.000262926163,0.000262937606,0.00026393319,0.000263783591,0.000263783591,0.000263783591,0.000263770803,0.00026393319,0.000262748938,0.000262749155,0.000262749304,0.00026254484,0.00026274913,0.00026251281,0.000270935637,0.000271171443,0.000270935637,0.000271830866,0.000260978258,0.00026117978,0.000104544563,0.000104544563,0.000104544563,0.000104544563,9.00010234e-05,9.00010234e-05,9.01202333e-05,9.01202333e-05,9.00010234e-05,9.00010234e-05,9.01202333e-05,9.01202333e-05,9.08354933e-05,9.10719267e-05,9.10719267e-05,9.10719267e-05,9.10719267e-05,9.08354933e-05,9.65555517e-05,9.65555517e-05,9.64383283e-05,9.58402967e-05,9.65555517e-05,9.59614933e-05,0.000102396807,0.000102637213,0.000102396807,0.000103469687,9.46501894e-05,9.47674117e-05,0.000166193387,0.000173097696
9.59159722,0.000270496039,0.000270496039,0.000270496039,0.000270496039,0.000261036148,0.000261036148,0.000261230312,0.000261170498,0.000260892737,0.000260892737,0.000261203447,0.00026121358,0.000262178525,0.000262029804,0.000262029804,0.000262029804,0.000262017077,0.000262178525,0.000260959827,0.000260960162,0.000260960403,0.000260774482,0.000260960035,0.000260788097,0.000269182642,0.000269418143,0.000269182642,0.000270077139,0.000259245204,0.000259442946,0.000105257808,0.000105257808,0.000105257808,0.000105257808,9.07162738e-05,9.07162738e-05,9.08354838e-05,9.08334876e-05,9.07142776e-05,9.07142776e-05,9.08334876e-05,9.08354838e-05,9.15487416e-05,9.16699478e-05,9.16699478e-05,9.16699478e-05,9.16699478e-05,9.15487416e-05,9.71515776e-05,9.71515776e-05,9.71515776e-05,9.63191099e-05,9.71515776e-05,9.64383188e-05,0.00010299483,0.000103233249,0.00010299483,0.000104065718,9.53634376e-05,9.53654338e-05,0.000163808249,0.000170629784
9.60826389,0.000268738145,0.000268738145,0.000268738145,0.000268738145,0.000259330171,0.000259330171,0.000259503997,0.000259452138,0.000259192665,0.000259192665,0.000259480939,0.000259489622,0.000260423429,0.000260275242,0.000260275242,0.000260275242,0.000260262568,0.000260423429,0.000259163686,0.000259164136,0.000259164464,0.000258993881,0.000259163911,0.00025904987,0.000267428051,0.000267663263,0.000267428051,0.000268321884,0.000257509949,0.000257703998,0.000105853895,0.000105853895,0.000105853895,0.000105853895,9.13123385e-05,9.13123385e-05,9.14315474e-05,9.14315474e-05,9.13123385e-05,9.13123385e-05,9.14315474e-05,9.14315474e-05,9.21448248e-05,9.22660124e-05,9.22660124e-05,9.22660124e-05,9.22660124e-05,9.21448248e-05,9.77476648e-05,9.77476648e-05,9.77476648e-05,9.69151724e-05,9.77476648e-05,9.69151724e-05,0.000103590892,0.000103829312,0.000103590892,0.000104663778,9.59615024e-05,9.59615024e-05,0.000161416021,0.000168278604
9.62493056,0.000266982006,0.000266982006,0.000266982006,0.000266982006,0.000257626457,0.000257626457,0.000257777608,0.000257734311,0.000257497043,0.000257497043,0.000257758616,0.000257765744,0.000258668643,0.000258520648,0.000258520648,0.000258520648,0.000258508016,0.000258668643,0.00025736213,0.000257362686,0.000257363096,0.000257204431,0.00025736237,0.000257298848,0.000265672452,0.000265907398,0.000265672452,0.000266565724,0.000255773341,0.000255963813,0.000106332699,0.000106332699,0.000106332699,0.000106332699,9.19083733e-05,9.19083733e-05,9.20275833e-05,9.20275833e-05,9.19083733e-05,9.19083733e-05,9.20275833e-05,9.20275833e-05,9.27428433e-05,9.28620533e-05,9.28620533e-05,9.28620533e-05,9.28620533e-05,9.27428433e-05,9.83436907e-05,9.83436907e-05,9.82264683e-05,9.75112133e-05,9.83436907e-05,9.73920033e-05,0.000104184947,0.000104425353,0.000104184947,0.000105257827,9.65575383e-05,9.65575383e-05,0.000159018439,0.0001659258
9.64159722,0.000265226708,0.000265226708,0.000265226708,0.000265226708,0.000255924198,0.000255924198,0.000256050896,0.000256016561,0.000255804828,0.000255804828,0.000256036133,0.000256041638,0.000256913499,0.000256765379,0.000256765379,0.000256765379,0.000256752781,0.000256913499,0.00025555652,0.000255557173,0.000255557658,0.000255407345,0.000255556774,0.00025553566,0.00026391508,0.000264149785,0.00026391508,0.000264807909,0.000254034745,0.000254221775,0.000106928734,0.000106928734,0.000106928734,0.000106928734,9.25044138e-05,9.25044138e-05,9.26236238e-05,9.26236238e-05,9.25044138e-05,9.25044138e-05,9.26236238e-05,9.26236238e-05,9.33368816e-05,9.34580839e-05,9.34580839e-05,9.34580839e-05,9.34580839e-05,9.33368816e-05,9.88225038e-05,9.88225038e-05,9.88225038e-05,9.81072488e-05,9.88225038e-05,9.78688338e-05,0.00010466376,0.000105019392,0.00010466376,0.000105736644,9.71515776e-05,9.71535738e-05,0.000156734016,0.000163576617
9.65826389,0.000263472042,0.000263472042,0.000263472042,0.000263472042,0.000254222733,0.000254222733,0.000254323781,0.000254298603,0.000254115092,0.000254115092,0.000254313312,0.000254317165,0.00025515835,0.00025500986,0.00025500986,0.00025500986,0.000254997288,0.00025515835,0.000253748415,0.000253749155,0.000253749706,0.000253604118,0.000253748682,0.000253761324,0.000262156532,0.000262391017,0.000262156532,0.000263049015,0.000252294443,0.000252478158,0.000107405592,0.000107405592,0.000107405592,0.000107405592,9.31004774e-05,9.31004774e-05,9.32196864e-05,9.32177088e-05,9.30984999e-05,9.30984999e-05,9.32196864e-05,9.32196864e-05,9.38157324e-05,9.40541524e-05,9.40541524e-05,9.40541524e-05,9.40541524e-05,9.38157324e-05,9.94185724e-05,9.94185724e-05,9.94185724e-05,9.87033124e-05,9.94185724e-05,9.83456864e-05,0.000105259822,0.000105498242,0.000105259822,0.000106332708,9.76304324e-05,9.76304324e-05,0.000154329843,0.000161342617
9.67493056,0.00026171865,0.00026171865,0.00026171865,0.00026171865,0.000252521704,0.000252521704,0.0002525965,0.000252580465,0.00025242718,0.00025242718,0.000252590293,0.0002525925,0.00025340485,0.000253255796,0.000253255796,0.000253255796,0.000253243243,0.00025340485,0.000251939653,0.000251940467,0.000251941076,0.0002517966,0.00025193993,0.000251977316,0.000260398575,0.000260632866,0.000260398575,0.000261290832,0.000250554098,0.000250734617,0.000107882423,0.000107882423,0.000107882423,0.000107882423,9.35773033e-05,9.35773033e-05,9.36965133e-05,9.36965133e-05,9.35773033e-05,9.35773033e-05,9.36965133e-05,9.36965133e-05,9.44097867e-05,9.45309833e-05,9.45309833e-05,9.45309833e-05,9.45309833e-05,9.44097867e-05,0.000100014607,0.000100014607,0.000100014607,9.92993533e-05,0.000100014607,9.88225133e-05,0.000105736653,0.000105975073,0.000105736653,0.000106809533,9.82264683e-05,9.82264683e-05,0.000151925046,0.000158995064
9.69159722,0.000259965391,0.000259965391,0.000259965391,0.000259965391,0.000250820279,0.000250820279,0.000250868808,0.000250861703,0.000250739941,0.000250739941,0.00025086674,0.000250867345,0.000251652405,0.000251502662,0.000251502662,0.000251502662,0.000251490123,0.000251652405,0.000250131561,0.000250132438,0.000250133094,0.00024998621,0.000250131847,0.000250184799,0.000258640568,0.000258874694,0.000258640568,0.000259532726,0.000248813251,0.000248990668,0.000108359248,0.000108359248,0.000108359248,0.000108359248,9.40541338e-05,9.40541338e-05,9.41733438e-05,9.41733438e-05,9.40541338e-05,9.40541338e-05,9.41733438e-05,9.41733438e-05,9.48885978e-05,9.50078078e-05,9.50078078e-05,9.50078078e-05,9.50078078e-05,9.48885978e-05,0.000100608648,0.000100608648,0.000100491434,9.98953888e-05,0.000100608648,9.92993438e-05,0.000106213484,0.000106571109,0.000106213484,0.000107286364,9.87032938e-05,9.87032938e-05,0.000149522914,0.000156766145
9.70826389,0.000258211491,0.000258211491,0.000258211491,0.000258211491,0.000249117677,0.000249117677,0.000249140497,0.00024914192,0.00024905226,0.00024905226,0.000249142357,0.000249141436,0.000249900571,0.000249750113,0.000249750113,0.000249750113,0.000249737585,0.000249900571,0.000248325436,0.000248326361,0.000248327055,0.000248174408,0.000248325727,0.00024838509,0.000256882382,0.000257116364,0.000256882382,0.000257774538,0.000247071562,0.000247245934,0.000108836102,0.000108836102,0.000108836102,0.000108836102,9.45309924e-05,9.45309924e-05,9.46501985e-05,9.46501985e-05,9.45309924e-05,9.45309924e-05,9.46501985e-05,9.46501985e-05,9.53654524e-05,9.54846624e-05,9.54846624e-05,9.54846624e-05,9.54846624e-05,9.53654524e-05,0.000101087502,0.000101087502,0.000101087502,0.000100372242,0.000101087502,9.97761974e-05,0.000106690336,0.000107047962,0.000106690336,0.000107763222,9.91801524e-05,9.91801524e-05,0.000147237933,0.000154586684
9.72493056,0.000256457121,0.000256457121,0.000256457121,0.000256457121,0.00024741344,0.00024741344,0.000247411658,0.000247421029,0.000247363341,0.000247363341,0.000247417154,0.000247414815,0.000248150071,0.000247998955,0.000247998955,0.000247998955,0.000247986437,0.000248150071,0.000246522766,0.000246523727,0.000246524448,0.000246362913,0.000246523062,0.000246579876,0.000255125111,0.000255358969,0.000255125111,0.000256017349,0.000245330058,0.00024550141,0.000109312933,0.000109312933,0.000109312933,0.000109312933,9.50078173e-05,9.50078173e-05,9.51270234e-05,9.5009804e-05,9.4890594e-05,9.4890594e-05,9.51270234e-05,9.51270234e-05,9.58422833e-05,9.59614933e-05,9.59614933e-05,9.59614933e-05,9.59614933e-05,9.58422833e-05,0.000101681551,0.000101564328,0.000101564328,0.000100968283,0.000101564328,0.000100253023,0.000107167163,0.000107405583,0.000107167163,0.000108240048,9.96569794e-05,9.96569794e-05,0.000144841215,0.000152472747
9.74159722,0.000254701131,0.000254701131,0.000254701131,0.000254701131,0.000245706803,0.000245706803,0.000245682032,0.00024569861,0.000245672078,0.000245672078,0.000245690798,0.000245687179,0.000246399881,0.000246248244,0.000246248244,0.000246248244,0.000246235738,0.000246399881,0.000244724587,0.000244725571,0.000244726308,0.000244553049,0.000244724886,0.000244770557,0.000253367973,0.000253601722,0.000253367973,0.000254260356,0.000243588185,0.000243756519,0.00010978976,0.00010978976,0.00010978976,0.00010978976,9.53654338e-05,9.53654338e-05,9.54846438e-05,9.54846438e-05,9.53654338e-05,9.53654338e-05,9.54846438e-05,9.54846438e-05,9.62019e-05,9.64383188e-05,9.64383188e-05,9.64383188e-05,9.64383188e-05,9.62019e-05,0.000102160364,0.000102160364,0.000102160364,0.000101562323,0.000102160364,0.00010061264,0.000107643994,0.000107882414,0.000107643994,0.000108716874,0.000100133804,0.000100133804,0.000142564224,0.000150341369
9.75826389,0.000252942961,0.000252942961,0.000252942961,0.000252942961,0.000243997118,0.000243997118,0.000243951428,0.000243974337,0.000243977495,0.000243977495,0.000243963038,0.0002439583,0.000244649504,0.000244497574,0.000244497574,0.000244497574,0.000244485083,0.000244649504,0.000242931852,0.000242932844,0.000242933588,0.000242746114,0.000242932151,0.000242958628,0.000251610928,0.000251844572,0.000251610928,0.000252503466,0.000241845774,0.000242011052,0.000110147402,0.000110147402,0.000110147402,0.000110147402,9.58422924e-05,9.58422924e-05,9.584427e-05,9.58422924e-05,9.57230824e-05,9.57230824e-05,9.58422924e-05,9.58422924e-05,9.66767564e-05,9.69151724e-05,9.69151724e-05,9.69151724e-05,9.69151724e-05,9.66767564e-05,0.000102637222,0.000102637222,0.000102637222,0.000102041172,0.000102637222,0.000101087502,0.000108001638,0.000108242035,0.000108001638,0.000109074522,0.000100610662,0.000100610662,0.00014029463,0.000148254412
9.77493056,0.000251182515,0.000251182515,0.000251182515,0.000251182515,0.00024228392,0.00024228392,0.00024221978,0.000242248028,0.00024227881,0.00024227881,0.000242233757,0.000242228082,0.000242898941,0.000242747018,0.000242747018,0.000242747018,0.000242734551,0.000242898941,0.000241145467,0.000241146456,0.000241147196,0.00024094341,0.000241145765,0.000241145683,0.000249854379,0.000250087915,0.000249854379,0.000250747042,0.000240103242,0.000240265398,0.000110505023,0.000110505023,0.000110505023,0.000110505023,9.61999133e-05,9.61999133e-05,9.62019e-05,9.61999133e-05,9.60807033e-05,9.60807033e-05,9.61999133e-05,9.62019e-05,9.703636e-05,9.72727933e-05,9.72727933e-05,9.72727933e-05,9.72727933e-05,9.703636e-05,0.000103114048,0.000103114048,0.000103114048,0.000102518003,0.000103114048,0.000101564328,0.000108361244,0.000108716883,0.000108361244,0.000109432143,0.000100968283,0.00010097027,0.000138031419,0.000146198106
9.79159722,0.000249419505,0.000249419505,0.000249419505,0.000249419505,0.000240566766,0.000240566766,0.000240486984,0.000240519486,0.000240575287,0.000240575287,0.000240502809,0.000240496395,0.000241147851,0.000240996274,0.000240996274,0.000240996274,0.000240983838,0.000241147851,0.000239366131,0.000239367104,0.000239367831,0.000239146054,0.000239366425,0.000239333219,0.000248098274,0.000248331692,0.000248098274,0.000248991007,0.000238360739,0.000238519709,0.000110862644,0.000110862644,0.000110862644,0.000110862644,9.6440315e-05,9.6440315e-05,9.65575288e-05,9.65575288e-05,9.64383188e-05,9.64383188e-05,9.65575288e-05,9.65575288e-05,9.75112038e-05,9.76304138e-05,9.76304138e-05,9.76304138e-05,9.76304138e-05,9.75112038e-05,0.000103590874,0.000103590874,0.000103590874,0.00010299483,0.000103590874,0.000102041154,0.000108836084,0.000109074504,0.000108836084,0.000109791756,0.000101445109,0.000101445109,0.000135775257,0.000144136968
9.80826389,0.00024765407,0.00024765407,0.00024765407,0.00024765407,0.000238845351,0.000238845351,0.000238752994,0.000238788605,0.000238866353,0.000238866353,0.000238770125,0.000238763179,0.000239396158,0.000239245293,0.000239245293,0.000239245293,0.000239232899,0.000239396158,0.000237594404,0.000237595351,0.000237596058,0.000237355063,0.000237594694,0.000237522724,0.000246342814,0.000246576097,0.000246342814,0.000247235523,0.000236618736,0.000236774449,0.000111220292,0.000111220292,0.000111220292,0.000111220292,9.67959625e-05,9.67959625e-05,9.69151724e-05,9.69151724e-05,9.67959625e-05,9.67959625e-05,9.69151724e-05,9.69151724e-05,9.78688524e-05,9.7990036e-05,9.7990036e-05,9.7990036e-05,9.7990036e-05,9.78688524e-05,0.000104067732,0.000104067732,0.0001039505,0.000103471682,0.000104067732,0.000102398802,0.000109193732,0.000109432152,0.000109193732,0.00011014938,0.000101802752,0.000101802752,0.000133526672,0.00014207039
9.82493056,0.000245886174,0.000245886174,0.000245886174,0.000245886174,0.000237119395,0.000237119395,0.000237017723,0.000237055257,0.000237151494,0.000237151494,0.000237035602,0.000237028339,0.000237643398,0.00023749361,0.00023749361,0.00023749361,0.000237481267,0.000237643398,0.000235830623,0.000235831533,0.000235832212,0.000235571234,0.000235830907,0.000235715531,0.000244587699,0.000244820825,0.000244587699,0.000245480268,0.000234877378,0.000235029787,0.000111577908,0.000111577908,0.000111577908,0.000111577908,9.71535833e-05,9.71535833e-05,9.715557e-05,9.71535833e-05,9.70343733e-05,9.70343733e-05,9.715557e-05,9.715557e-05,9.82264683e-05,9.8347664e-05,9.8347664e-05,9.8347664e-05,9.8347664e-05,9.82264683e-05,0.000104425353,0.000104425353,0.000104425353,0.000103948513,0.000104425353,0.000102875633,0.00010943413,0.000109789769,0.00010943413,0.000110505023,0.000102160373,0.000102160373,0.00013140527,0.00014011712
9.84159722,0.000244116556,0.000244116556,0.000244116556,0.000244116556,0.000235388896,0.000235388896,0.000235281282,0.000235319546,0.000235430509,0.000235430509,0.00023529935,0.000235291985,0.00023589018,0.00023574181,0.00023574181,0.00023574181,0.000235729528,0.00023589018,0.000234075122,0.000234075988,0.000234076633,0.000233795372,0.000234075398,0.000233913041,0.000242833644,0.000243066586,0.000242833644,0.000243725935,0.000233137576,0.000233286663,0.00011181831,0.00011181831,0.00011181831,0.00011181831,9.73919938e-05,9.73919938e-05,9.75112038e-05,9.739399e-05,9.727478e-05,9.727478e-05,9.75112038e-05,9.75112038e-05,9.846687e-05,9.87032938e-05,9.87032938e-05,9.87032938e-05,9.87032938e-05,9.846687e-05,0.000104784966,0.000104784966,0.000104784966,0.000104425344,0.000104784966,0.000103233249,0.00010978976,0.000110030174,0.00010978976,0.000110862644,0.000102517994,0.000102517994,0.000129290156,0.000138155729
9.85826389,0.000242345152,0.000242345152,0.000242345152,0.000242345152,0.000233653672,0.000233653672,0.000233543523,0.000233581339,0.000233703056,0.000233703056,0.000233561233,0.000233553978,0.000234135749,0.000233989099,0.000233989099,0.000233989099,0.000233976887,0.000234135749,0.000232327797,0.000232328612,0.000232329218,0.000232027841,0.000232328065,0.000232116268,0.000241079874,0.000241312601,0.000241079874,0.000241971731,0.000231399044,0.000231544811,0.000112173962,0.000112173962,0.000112173962,0.000112173962,9.763241e-05,9.763241e-05,9.77496424e-05,9.77496424e-05,9.76304324e-05,9.76304324e-05,9.77496424e-05,9.77496424e-05,9.88225224e-05,9.90609424e-05,9.90609424e-05,9.90609424e-05,9.90609424e-05,9.88225224e-05,0.000105259822,0.000105259822,0.000105259822,0.000104782988,0.000105259822,0.000103590892,0.000110030174,0.000110385822,0.000110030174,0.00011110306,0.000102875642,0.000102875642,0.000127067975,0.000136072624
9.87493056,0.000240572334,0.000240572334,0.000240572334,0.000240572334,0.000231913727,0.000231913727,0.000231804413,0.000231840646,0.000231969025,0.000231969025,0.00023182124,0.000231814298,0.000232379838,0.000232235156,0.000232235156,0.000232235156,0.000232223023,0.000232379838,0.000230588493,0.000230589251,0.000230589814,0.000230268931,0.000230588753,0.000230326174,0.000239326206,0.000239558682,0.000239326206,0.000240217451,0.000229661766,0.000229804249,0.000112412373,0.000112412373,0.000112412373,0.000112412373,9.787083e-05,9.787083e-05,9.79880494e-05,9.79880494e-05,9.78688433e-05,9.78688433e-05,9.79880494e-05,9.79880494e-05,9.91801433e-05,9.930134e-05,9.930134e-05,9.930134e-05,9.930134e-05,9.91801433e-05,0.000105617443,0.000105617443,0.000105617443,0.000105140603,0.000105617443,0.000104067723,0.000110385813,0.000110624233,0.000110385813,0.000111458699,0.000103114048,0.000103116035,0.00012497105,0.000134100182
9.89159722,0.000238798421,0.000238798421,0.000238798421,0.000238798421,0.000230169164,0.000230169164,0.00023006394,0.000230097521,0.000230228442,0.000230228442,0.000230079392,0.000230072955,0.000230622327,0.000230479793,0.000230479793,0.000230479793,0.000230467744,0.000230622327,0.00022885689,0.000228857588,0.000228858105,0.000228518744,0.00022885714,0.000228543556,0.000237572375,0.00023780456,0.000237572375,0.000238462816,0.000227925687,0.000228064946,0.00011265278,0.00011265278,0.00011265278,0.00011265278,9.8109245e-05,9.8109245e-05,9.82264588e-05,9.82264588e-05,9.81072488e-05,9.81072488e-05,9.82264588e-05,9.82264588e-05,9.94185538e-05,9.953976e-05,9.953976e-05,9.953976e-05,9.953976e-05,9.94185538e-05,0.00010585785,0.00010585785,0.00010585785,0.000105498224,0.00010585785,0.000104425344,0.000110624224,0.00011086464,0.000110624224,0.000111697108,0.000103471664,0.000103471664,0.00012299904,0.000132121193
9.90826389,0.000237024057,0.000237024057,0.000237024057,0.000237024057,0.000228420217,0.000228420217,0.000228322159,0.000228352107,0.000228481514,0.000228481514,0.00022833579,0.000228330032,0.000228863326,0.00022872305,0.00022872305,0.00022872305,0.000228711091,0.000228863326,0.000227132571,0.000227133207,0.000227133677,0.00022677726,0.000227132812,0.000226769098,0.000235818432,0.000236050281,0.000235818432,0.000236707856,0.000226190981,0.00022632708,0.0001128912,0.0001128912,0.0001128912,0.0001128912,9.8347664e-05,9.8347664e-05,9.84648925e-05,9.84648925e-05,9.83456864e-05,9.83456864e-05,9.84648925e-05,9.84648925e-05,9.9658966e-05,9.98954074e-05,9.98954074e-05,9.98954074e-05,9.98954074e-05,9.9658966e-05,0.000106213502,0.000106213502,0.000106213502,0.000105855872,0.000106213502,0.000104782988,0.00011086464,0.00011110306,0.00011086464,0.000111935542,0.000103710102,0.000103710102,0.000120919069,0.000130135827
9.92493056,0.000235250117,0.000235250117,0.000235250117,0.000235250117,0.00022666731,0.00022666731,0.000226579249,0.000226604689,0.000226728676,0.000226728676,0.000226590663,0.00022658574,0.000227103525,0.00022696553,0.00022696553,0.00022696553,0.000226953663,0.000227103525,0.000225415074,0.000225415648,0.00022541607,0.000225044369,0.000225415305,0.000225003388,0.00023406474,0.00023429621,0.00023406474,0.000234952947,0.000224458152,0.000224591161,0.000113127629,0.000113127629,0.000113127629,0.000113127629,9.858608e-05,9.858608e-05,9.87033033e-05,9.858608e-05,9.846687e-05,9.846687e-05,9.87033033e-05,9.87033033e-05,9.9897385e-05,0.000100133813,0.000100133813,0.000100133813,0.000100133813,9.9897385e-05,0.000106453896,0.000106453896,0.000106453896,0.00010609627,0.000106453896,0.000105023384,0.000111101073,0.00011134148,0.000111101073,0.000112173953,0.000103948513,0.0001039505,0.000118948099,0.000128261806
9.94159722,0.000233477267,0.000233477267,0.000233477267,0.000233477267,0.000224910896,0.000224910896,0.000224835363,0.000224855546,0.000224970436,0.000224970436,0.000224844226,0.00022484027,0.000225343223,0.000225207443,0.000225207443,0.000225207443,0.000225195668,0.000225343223,0.000223703799,0.000223704312,0.000223704687,0.000223319777,0.000223704021,0.0002232468,0.000232311291,0.000232542345,0.000232311291,0.000233198104,0.000222727414,0.00022285741,0.000113366038,0.000113366038,0.000113366038,0.000113366038,9.88225038e-05,9.88225038e-05,9.88245e-05,9.88245e-05,9.870529e-05,9.870529e-05,9.88245e-05,9.88245e-05,0.0001001358,0.000100372224,0.000100372224,0.000100372224,0.000100372224,0.0001001358,0.000106692314,0.000106692314,0.000106692314,0.000106334686,0.000106692314,0.000105379014,0.000111339484,0.000111577899,0.000111339484,0.00011229515,0.000104186924,0.00010418892,0.000116985091,0.000126265146
9.95826389,0.000231705991,0.000231705991,0.000231705991,0.000231705991,0.000223151441,0.000223151441,0.000223090623,0.000223104936,0.000223207356,0.000223207356,0.000223096666,0.000223093784,0.000223582664,0.00022344895,0.00022344895,0.00022344895,0.000223437264,0.000223582664,0.00022199802,0.000221998474,0.000221998805,0.000221603008,0.000221998233,0.000221499497,0.000230558043,0.000230788645,0.000230558043,0.000231443304,0.000220998723,0.000221125776,0.000113487244,0.000113487244,0.000113487244,0.000113487244,9.894371e-05,9.894371e-05,9.906292e-05,9.90609424e-05,9.89417324e-05,9.89417324e-05,9.90609424e-05,9.90609424e-05,0.000100372242,0.00010049343,0.00010049343,0.00010049343,0.00010049343,0.000100372242,0.00010693073,0.00010693073,0.00010693073,0.000106573105,0.00010693073,0.00010561943,0.000111460686,0.000111816332,0.000111460686,0.00011253357,0.000104425362,0.000104425362,0.000115029903,0.000124265624
9.97493056,0.000229937127,0.000229937127,0.000229937127,0.000229937127,0.000221389623,0.000221389623,0.000221345318,0.000221353296,0.000221440241,0.000221440241,0.000221348343,0.000221346615,0.000221822602,0.000221690733,0.000221690733,0.000221690733,0.000221679132,0.000221822602,0.000220297064,0.000220297463,0.000220297752,0.00021989359,0.000220297269,0.000219761596,0.000228805386,0.000229035506,0.000228805386,0.000229688969,0.000219272529,0.0002193967,0.000113723673,0.000113723673,0.000113723673,0.000113723673,9.91801433e-05,9.91801433e-05,9.918213e-05,9.918213e-05,9.906292e-05,9.906292e-05,9.918213e-05,9.918213e-05,0.00010049343,0.00010073185,0.00010073185,0.00010073185,0.00010073185,0.00010049343,0.000107167163,0.000107167163,0.000107167163,0.00010681152,0.000107167163,0.000105975073,0.000111697117,0.00011193752,0.000111697117,0.00011265278,0.00010454655,0.000104663769,0.00011308207,0.000122377321
9.99159722,0.000228171566,0.000228171566,0.000228171566,0.000228171566,0.000219626257,0.000219626257,0.000219599853,0.000219601183,0.00021967007,0.00021967007,0.000219599733,0.000219599211,0.000220064131,0.000219933815,0.000219933815,0.000219933815,0.000219922291,0.000220064131,0.000218600289,0.000218600639,0.000218600891,0.000218191013,0.000218600487,0.000218033119,0.000227053953,0.000227283574,0.000227053953,0.000227935784,0.000217549428,0.000217670776,0.000113842874,0.000113842874,0.000113842874,0.000113842874,9.930134e-05,9.930134e-05,9.942055e-05,9.94185538e-05,9.92993438e-05,9.92993438e-05,9.942055e-05,9.942055e-05,0.00010073185,0.000100968274,0.000100968274,0.000100968274,0.000100968274,0.00010073185,0.00010728836,0.00010728836,0.00010728836,0.00010693073,0.00010728836,0.000106213484,0.00011181831,0.00011205673,0.00011181831,0.000112889204,0.00010478297,0.000104784966,0.000111260283,0.000120370726
