t,Bus_2_Vm,Bus_3_Vm,GenClassical_genrou_2_1_speed,GenClassical_genrou_3_1_speed
4.167000000000e-03,1.059997558590e+00,9.699994325600e-01,9.999999404000e-01,9.999999404000e-01
8.333000000000e-03,1.059997558590e+00,9.699994325600e-01,9.999998808000e-01,9.999999404000e-01
1.250000000000e-02,1.059997558590e+00,9.699994325600e-01,9.999997616000e-01,9.999998808000e-01
1.666700000000e-02,1.059997558590e+00,9.699994325600e-01,9.999997020000e-01,9.999998808000e-01
2.083300000000e-02,1.059997558590e+00,9.699994325600e-01,9.999996424000e-01,9.999998212000e-01
2.500000000000e-02,1.059997439380e+00,9.699993729600e-01,9.999995828000e-01,9.999998212000e-01
2.916700000000e-02,1.059997439380e+00,9.699993729600e-01,9.999995232000e-01,9.999998212000e-01
3.333300000000e-02,1.059997439380e+00,9.699993729600e-01,9.999994636000e-01,9.999997616000e-01
3.750000000000e-02,1.059997320180e+00,9.699992537500e-01,9.999994040000e-01,9.999997616000e-01
4.166700000000e-02,1.059997320180e+00,9.699992537500e-01,9.999993443000e-01,9.999997020000e-01
4.583300000000e-02,1.059997200970e+00,9.699991941500e-01,9.999992847000e-01,9.999997020000e-01
5.000000000000e-02,1.059997200970e+00,9.699991941500e-01,9.999992251000e-01,9.999996424000e-01
5.416700000000e-02,1.059997081760e+00,9.699990749400e-01,9.999991655000e-01,9.999996424000e-01
5.833300000000e-02,1.059997081760e+00,9.699990749400e-01,9.999991059000e-01,9.999996424000e-01
6.250000000000e-02,1.059996962550e+00,9.699989557300e-01,9.999991059000e-01,9.999995828000e-01
6.666700000000e-02,1.059996962550e+00,9.699989557300e-01,9.999990463000e-01,9.999995828000e-01
7.083300000000e-02,1.059996843340e+00,9.699988365200e-01,9.999989867000e-01,9.999995828000e-01
7.500000000000e-02,1.059996843340e+00,9.699988365200e-01,9.999989867000e-01,9.999995828000e-01
7.916700000000e-02,1.059996724130e+00,9.699987173100e-01,9.999989271000e-01,9.999995232000e-01
8.333300000000e-02,1.059996604920e+00,9.699985981000e-01,9.999989271000e-01,9.999995232000e-01
8.750000000000e-02,1.059996604920e+00,9.699985384900e-01,9.999989271000e-01,9.999995232000e-01
9.166700000000e-02,1.059996485710e+00,9.699984788900e-01,9.999988675000e-01,9.999995232000e-01
9.583300000000e-02,1.059996366500e+00,9.699984192800e-01,9.999988675000e-01,9.999995232000e-01
1.000000000000e-01,1.059996366500e+00,9.699983000800e-01,9.999988675000e-01,9.999995232000e-01
1.041670000000e-01,1.059996247290e+00,9.699982404700e-01,9.999988675000e-01,9.999995232000e-01
1.083330000000e-01,1.059996128080e+00,9.699981808700e-01,9.999988675000e-01,9.999995232000e-01
1.125000000000e-01,1.059996128080e+00,9.699981212600e-01,9.999988675000e-01,9.999995232000e-01
1.166670000000e-01,1.059996008870e+00,9.699980020500e-01,9.999988675000e-01,9.999995232000e-01
1.208330000000e-01,1.059995889660e+00,9.699979424500e-01,9.999989271000e-01,9.999995232000e-01
1.250000000000e-01,1.059995889660e+00,9.699978828400e-01,9.999989271000e-01,9.999995232000e-01
1.291670000000e-01,1.059995770450e+00,9.699978232400e-01,9.999989867000e-01,9.999995232000e-01
1.333330000000e-01,1.059995770450e+00,9.699978232400e-01,9.999989867000e-01,9.999995828000e-01
1.375000000000e-01,1.059995651250e+00,9.699976444200e-01,9.999990463000e-01,9.999995828000e-01
1.416670000000e-01,1.059995651250e+00,9.699976444200e-01,9.999990463000e-01,9.999995828000e-01
1.458330000000e-01,1.059995532040e+00,9.699975252200e-01,9.999991059000e-01,9.999995828000e-01
1.500000000000e-01,1.059995532040e+00,9.699975252200e-01,9.999991655000e-01,9.999996424000e-01
1.541670000000e-01,1.059995412830e+00,9.699974060100e-01,9.999992251000e-01,9.999996424000e-01
1.583330000000e-01,1.059995412830e+00,9.699974060100e-01,9.999992847000e-01,9.999996424000e-01
1.625000000000e-01,1.059995293620e+00,9.699973464000e-01,9.999993443000e-01,9.999997020000e-01
1.666670000000e-01,1.059995293620e+00,9.699973464000e-01,9.999994040000e-01,9.999997020000e-01
1.708330000000e-01,1.059995174410e+00,9.699972271900e-01,9.999994636000e-01,9.999997616000e-01
1.750000000000e-01,1.059995174410e+00,9.699972271900e-01,9.999995232000e-01,9.999997616000e-01
1.791670000000e-01,1.059995174410e+00,9.699972271900e-01,9.999995828000e-01,9.999998212000e-01
1.833330000000e-01,1.059995055200e+00,9.699971675900e-01,9.999996424000e-01,9.999998212000e-01
1.875000000000e-01,1.059995055200e+00,9.699971675900e-01,9.999997020000e-01,9.999998808000e-01
1.916670000000e-01,1.059995055200e+00,9.699971675900e-01,9.999997616000e-01,9.999998808000e-01
1.958330000000e-01,1.059995055200e+00,9.699971675900e-01,9.999998212000e-01,9.999999404000e-01
2.000000000000e-01,1.059995055200e+00,9.699971675900e-01,9.999999404000e-01,9.999999404000e-01
2.041670000000e-01,1.059995055200e+00,9.699971675900e-01,1.000000000000e+00,1.000000000000e+00
2.083330000000e-01,1.059995055200e+00,9.699971675900e-01,1.000000119200e+00,1.000000000000e+00
2.125000000000e-01,1.059995055200e+00,9.699971675900e-01,1.000000119200e+00,1.000000000000e+00
2.166670000000e-01,1.059995055200e+00,9.699971675900e-01,1.000000238400e+00,1.000000119200e+00
2.208330000000e-01,1.059995055200e+00,9.699971675900e-01,1.000000238400e+00,1.000000119200e+00
2.250000000000e-01,1.059995055200e+00,9.699971675900e-01,1.000000357600e+00,1.000000119200e+00
2.291670000000e-01,1.059995055200e+00,9.699971675900e-01,1.000000476800e+00,1.000000119200e+00
2.333330000000e-01,1.059995055200e+00,9.699971675900e-01,1.000000476800e+00,1.000000238400e+00
2.375000000000e-01,1.059995174410e+00,9.699972271900e-01,1.000000596000e+00,1.000000238400e+00
2.416670000000e-01,1.059995174410e+00,9.699972271900e-01,1.000000596000e+00,1.000000238400e+00
2.458330000000e-01,1.059995293620e+00,9.699972868000e-01,1.000000715300e+00,1.000000238400e+00
2.500000000000e-01,1.059995293620e+00,9.699972868000e-01,1.000000715300e+00,1.000000357600e+00
2.541670000000e-01,1.059995412830e+00,9.699974060100e-01,1.000000715300e+00,1.000000357600e+00
2.583330000000e-01,1.059995412830e+00,9.699974060100e-01,1.000000834500e+00,1.000000357600e+00
2.625000000000e-01,1.059995532040e+00,9.699974656100e-01,1.000000834500e+00,1.000000357600e+00
2.666670000000e-01,1.059995532040e+00,9.699974656100e-01,1.000000834500e+00,1.000000357600e+00
2.708330000000e-01,1.059995651250e+00,9.699975848200e-01,1.000000953700e+00,1.000000357600e+00
2.750000000000e-01,1.059995651250e+00,9.699975848200e-01,1.000000953700e+00,1.000000357600e+00
2.791670000000e-01,1.059995770450e+00,9.699977636300e-01,1.000000953700e+00,1.000000476800e+00
2.833330000000e-01,1.059995770450e+00,9.699977636300e-01,1.000001072900e+00,1.000000476800e+00
2.875000000000e-01,1.059995889660e+00,9.699978828400e-01,1.000001072900e+00,1.000000476800e+00
2.916670000000e-01,1.059996008870e+00,9.699979424500e-01,1.000001072900e+00,1.000000476800e+00
2.958330000000e-01,1.059996008870e+00,9.699980020500e-01,1.000001072900e+00,1.000000476800e+00
3.000000000000e-01,1.059996128080e+00,9.699980616600e-01,1.000001072900e+00,1.000000476800e+00
3.041670000000e-01,1.059996128080e+00,9.699981808700e-01,1.000001072900e+00,1.000000476800e+00
3.083330000000e-01,1.059996247290e+00,9.699982404700e-01,1.000001072900e+00,1.000000476800e+00
3.125000000000e-01,1.059996366500e+00,9.699983000800e-01,1.000001072900e+00,1.000000476800e+00
3.166670000000e-01,1.059996366500e+00,9.699983596800e-01,1.000001072900e+00,1.000000476800e+00
3.208330000000e-01,1.059996485710e+00,9.699984788900e-01,1.000001072900e+00,1.000000476800e+00
3.250000000000e-01,1.059996604920e+00,9.699985384900e-01,1.000001072900e+00,1.000000476800e+00
3.291670000000e-01,1.059996604920e+00,9.699985981000e-01,1.000001072900e+00,1.000000476800e+00
3.333330000000e-01,1.059996604920e+00,9.699985981000e-01,1.000000953700e+00,1.000000476800e+00
3.375000000000e-01,1.059996724130e+00,9.699987173100e-01,1.000000953700e+00,1.000000476800e+00
3.416670000000e-01,1.059996724130e+00,9.699987173100e-01,1.000000953700e+00,1.000000357600e+00
3.458330000000e-01,1.059996962550e+00,9.699988365200e-01,1.000000834500e+00,1.000000357600e+00
3.500000000000e-01,1.059996962550e+00,9.699988365200e-01,1.000000834500e+00,1.000000357600e+00
3.541670000000e-01,1.059997081760e+00,9.699989557300e-01,1.000000834500e+00,1.000000357600e+00
3.583330000000e-01,1.059997081760e+00,9.699989557300e-01,1.000000715300e+00,1.000000357600e+00
3.625000000000e-01,1.059997081760e+00,9.699990749400e-01,1.000000715300e+00,1.000000357600e+00
3.666670000000e-01,1.059997081760e+00,9.699990749400e-01,1.000000596000e+00,1.000000238400e+00
3.708330000000e-01,1.059997200970e+00,9.699991941500e-01,1.000000596000e+00,1.000000238400e+00
3.750000000000e-01,1.059997200970e+00,9.699991941500e-01,1.000000476800e+00,1.000000238400e+00
3.791670000000e-01,1.059997320180e+00,9.699992537500e-01,1.000000476800e+00,1.000000238400e+00
3.833330000000e-01,1.059997320180e+00,9.699992537500e-01,1.000000357600e+00,1.000000238400e+00
3.875000000000e-01,1.059997320180e+00,9.699992537500e-01,1.000000357600e+00,1.000000119200e+00
3.916670000000e-01,1.059997439380e+00,9.699993133500e-01,1.000000238400e+00,1.000000119200e+00
3.958330000000e-01,1.059997439380e+00,9.699993133500e-01,1.000000238400e+00,1.000000119200e+00
4.000000000000e-01,1.059997439380e+00,9.699993133500e-01,1.000000119200e+00,1.000000119200e+00
4.041670000000e-01,1.059997439380e+00,9.699993133500e-01,1.000000119200e+00,1.000000000000e+00
4.083330000000e-01,1.059997439380e+00,9.699993133500e-01,1.000000000000e+00,1.000000000000e+00
4.125000000000e-01,1.059997439380e+00,9.699993133500e-01,9.999999404000e-01,1.000000000000e+00
4.166670000000e-01,1.059997439380e+00,9.699993133500e-01,9.999998808000e-01,9.999999404000e-01
4.208330000000e-01,1.059997439380e+00,9.699993133500e-01,9.999997616000e-01,9.999999404000e-01
4.250000000000e-01,1.059997439380e+00,9.699993133500e-01,9.999997020000e-01,9.999998808000e-01
4.291670000000e-01,1.059997439380e+00,9.699993133500e-01,9.999996424000e-01,9.999998808000e-01
4.333330000000e-01,1.059997439380e+00,9.699993133500e-01,9.999995828000e-01,9.999998212000e-01
4.375000000000e-01,1.059997320180e+00,9.699992537500e-01,9.999995232000e-01,9.999998212000e-01
4.416670000000e-01,1.059997320180e+00,9.699992537500e-01,9.999994636000e-01,9.999997616000e-01
4.458330000000e-01,1.059997200970e+00,9.699991941500e-01,9.999994040000e-01,9.999997616000e-01
4.500000000000e-01,1.059997200970e+00,9.699991941500e-01,9.999993443000e-01,9.999997616000e-01
4.541670000000e-01,1.059997200970e+00,9.699991345400e-01,9.999993443000e-01,9.999997020000e-01
4.583330000000e-01,1.059997200970e+00,9.699991345400e-01,9.999992847000e-01,9.999997020000e-01
4.625000000000e-01,1.059997081760e+00,9.699990153300e-01,9.999992251000e-01,9.999996424000e-01
4.666670000000e-01,1.059997081760e+00,9.699990153300e-01,9.999991655000e-01,9.999996424000e-01
4.708330000000e-01,1.059996962550e+00,9.699988961200e-01,9.999991655000e-01,9.999996424000e-01
4.750000000000e-01,1.059996962550e+00,9.699988961200e-01,9.999991059000e-01,9.999996424000e-01
4.791670000000e-01,1.059996843340e+00,9.699987769100e-01,9.999991059000e-01,9.999995828000e-01
4.833330000000e-01,1.059996843340e+00,9.699987769100e-01,9.999990463000e-01,9.999995828000e-01
4.875000000000e-01,1.059996724130e+00,9.699986577000e-01,9.999990463000e-01,9.999995828000e-01
4.916670000000e-01,1.059996724130e+00,9.699986577000e-01,9.999989867000e-01,9.999995828000e-01
4.958330000000e-01,1.059996485710e+00,9.699985384900e-01,9.999989867000e-01,9.999995828000e-01
5.000000000000e-01,1.059996485710e+00,9.699985384900e-01,9.999989867000e-01,9.999995828000e-01
5.041670000000e-01,1.059996366500e+00,9.699983596800e-01,9.999989867000e-01,9.999995828000e-01
5.083330000000e-01,1.059996366500e+00,9.699983000800e-01,9.999989867000e-01,9.999995232000e-01
5.125000000000e-01,1.059996366500e+00,9.699983000800e-01,9.999989867000e-01,9.999995232000e-01
5.166670000000e-01,1.059996128080e+00,9.699981808700e-01,9.999989867000e-01,9.999995828000e-01
5.208330000000e-01,1.059996128080e+00,9.699981808700e-01,9.999989867000e-01,9.999995828000e-01
5.250000000000e-01,1.059996008870e+00,9.699980616600e-01,9.999989867000e-01,9.999995828000e-01
5.291670000000e-01,1.059996008870e+00,9.699980616600e-01,9.999990463000e-01,9.999995828000e-01
5.333330000000e-01,1.059995889660e+00,9.699978828400e-01,9.999990463000e-01,9.999995828000e-01
5.375000000000e-01,1.059995889660e+00,9.699978828400e-01,9.999990463000e-01,9.999995828000e-01
5.416670000000e-01,1.059995770450e+00,9.699977636300e-01,9.999991059000e-01,9.999995828000e-01
5.458330000000e-01,1.059995770450e+00,9.699977636300e-01,9.999991059000e-01,9.999996424000e-01
5.500000000000e-01,1.059995651250e+00,9.699976444200e-01,9.999991655000e-01,9.999996424000e-01
5.541670000000e-01,1.059995651250e+00,9.699976444200e-01,9.999992251000e-01,9.999996424000e-01
5.583330000000e-01,1.059995532040e+00,9.699975252200e-01,9.999992251000e-01,9.999996424000e-01
5.625000000000e-01,1.059995532040e+00,9.699975252200e-01,9.999992847000e-01,9.999997020000e-01
5.666670000000e-01,1.059995412830e+00,9.699974656100e-01,9.999993443000e-01,9.999997020000e-01
5.708330000000e-01,1.059995412830e+00,9.699974656100e-01,9.999994040000e-01,9.999997020000e-01
5.750000000000e-01,1.059995293620e+00,9.699973464000e-01,9.999994636000e-01,9.999997616000e-01
5.791670000000e-01,1.059995293620e+00,9.699973464000e-01,9.999995232000e-01,9.999997616000e-01
5.833330000000e-01,1.059995293620e+00,9.699973464000e-01,9.999995828000e-01,9.999998212000e-01
5.875000000000e-01,1.059995174410e+00,9.699972868000e-01,9.999996424000e-01,9.999998212000e-01
5.916670000000e-01,1.059995174410e+00,9.699972868000e-01,9.999997020000e-01,9.999998212000e-01
5.958330000000e-01,1.059995174410e+00,9.699972868000e-01,9.999997616000e-01,9.999998808000e-01
6.000000000000e-01,1.059995174410e+00,9.699972868000e-01,9.999998212000e-01,9.999998808000e-01
6.041670000000e-01,1.059995174410e+00,9.699972868000e-01,9.999998808000e-01,9.999999404000e-01
6.083330000000e-01,1.059995174410e+00,9.699971675900e-01,9.999999404000e-01,9.999999404000e-01
6.125000000000e-01,1.059995174410e+00,9.699971675900e-01,1.000000000000e+00,1.000000000000e+00
6.166670000000e-01,1.059995174410e+00,9.699971675900e-01,1.000000119200e+00,1.000000000000e+00
6.208330000000e-01,1.059995174410e+00,9.699971675900e-01,1.000000119200e+00,1.000000000000e+00
6.250000000000e-01,1.059995174410e+00,9.699971675900e-01,1.000000238400e+00,1.000000119200e+00
6.291670000000e-01,1.059995174410e+00,9.699971675900e-01,1.000000238400e+00,1.000000119200e+00
6.333330000000e-01,1.059995174410e+00,9.699971675900e-01,1.000000357600e+00,1.000000119200e+00
6.375000000000e-01,1.059995174410e+00,9.699972271900e-01,1.000000357600e+00,1.000000119200e+00
6.416670000000e-01,1.059995174410e+00,9.699972271900e-01,1.000000476800e+00,1.000000119200e+00
6.458330000000e-01,1.059995174410e+00,9.699972271900e-01,1.000000476800e+00,1.000000238400e+00
6.500000000000e-01,1.059995293620e+00,9.699973464000e-01,1.000000476800e+00,1.000000238400e+00
6.541670000000e-01,1.059995293620e+00,9.699973464000e-01,1.000000596000e+00,1.000000238400e+00
6.583330000000e-01,1.059995412830e+00,9.699974060100e-01,1.000000596000e+00,1.000000238400e+00
6.625000000000e-01,1.059995412830e+00,9.699974060100e-01,1.000000715300e+00,1.000000238400e+00
6.666670000000e-01,1.059995532040e+00,9.699975252200e-01,1.000000715300e+00,1.000000357600e+00
6.708330000000e-01,1.059995532040e+00,9.699975252200e-01,1.000000715300e+00,1.000000357600e+00
6.750000000000e-01,1.059995651250e+00,9.699975848200e-01,1.000000834500e+00,1.000000357600e+00
6.791670000000e-01,1.059995651250e+00,9.699975848200e-01,1.000000834500e+00,1.000000357600e+00
6.833330000000e-01,1.059995770450e+00,9.699977040300e-01,1.000000834500e+00,1.000000357600e+00
6.875000000000e-01,1.059995770450e+00,9.699977040300e-01,1.000000834500e+00,1.000000357600e+00
6.916670000000e-01,1.059995889660e+00,9.699978232400e-01,1.000000953700e+00,1.000000357600e+00
6.958330000000e-01,1.059995889660e+00,9.699978232400e-01,1.000000953700e+00,1.000000357600e+00
7.000000000000e-01,1.059996008870e+00,9.699979424500e-01,1.000000953700e+00,1.000000357600e+00
7.041670000000e-01,1.059996008870e+00,9.699979424500e-01,1.000000953700e+00,1.000000357600e+00
7.083330000000e-01,1.059996128080e+00,9.699980616600e-01,1.000000953700e+00,1.000000357600e+00
7.125000000000e-01,1.059996128080e+00,9.699980616600e-01,1.000000953700e+00,1.000000476800e+00
7.166670000000e-01,1.059996247290e+00,9.699982404700e-01,1.000000953700e+00,1.000000476800e+00
7.208330000000e-01,1.059996247290e+00,9.699982404700e-01,1.000000953700e+00,1.000000476800e+00
7.250000000000e-01,1.059996366500e+00,9.699983596800e-01,1.000000953700e+00,1.000000357600e+00
7.291670000000e-01,1.059996366500e+00,9.699983596800e-01,1.000000953700e+00,1.000000357600e+00
7.333330000000e-01,1.059996485710e+00,9.699984788900e-01,1.000000953700e+00,1.000000357600e+00
7.375000000000e-01,1.059996485710e+00,9.699984788900e-01,1.000000953700e+00,1.000000357600e+00
7.416670000000e-01,1.059996604920e+00,9.699985981000e-01,1.000000834500e+00,1.000000357600e+00
7.458330000000e-01,1.059996604920e+00,9.699985981000e-01,1.000000834500e+00,1.000000357600e+00
7.500000000000e-01,1.059996724130e+00,9.699987173100e-01,1.000000834500e+00,1.000000357600e+00
7.541670000000e-01,1.059996724130e+00,9.699987173100e-01,1.000000834500e+00,1.000000357600e+00
7.583330000000e-01,1.059996843340e+00,9.699988365200e-01,1.000000715300e+00,1.000000357600e+00
7.625000000000e-01,1.059996843340e+00,9.699988365200e-01,1.000000715300e+00,1.000000357600e+00
7.666670000000e-01,1.059996962550e+00,9.699988961200e-01,1.000000715300e+00,1.000000357600e+00
7.708330000000e-01,1.059996962550e+00,9.699988961200e-01,1.000000596000e+00,1.000000238400e+00
7.750000000000e-01,1.059997081760e+00,9.699990153300e-01,1.000000596000e+00,1.000000238400e+00
7.791670000000e-01,1.059997081760e+00,9.699990153300e-01,1.000000476800e+00,1.000000238400e+00
7.833330000000e-01,1.059997200970e+00,9.699990749400e-01,1.000000476800e+00,1.000000238400e+00
7.875000000000e-01,1.059997200970e+00,9.699990749400e-01,1.000000476800e+00,1.000000238400e+00
7.916670000000e-01,1.059997200970e+00,9.699990749400e-01,1.000000357600e+00,1.000000119200e+00
7.958330000000e-01,1.059997200970e+00,9.699991941500e-01,1.000000357600e+00,1.000000119200e+00
8.000000000000e-01,1.059997200970e+00,9.699991941500e-01,1.000000238400e+00,1.000000119200e+00
8.041670000000e-01,1.059997200970e+00,9.699991941500e-01,1.000000238400e+00,1.000000119200e+00
8.083330000000e-01,1.059997200970e+00,9.699991941500e-01,1.000000119200e+00,1.000000119200e+00
8.125000000000e-01,1.059997200970e+00,9.699991941500e-01,1.000000119200e+00,1.000000000000e+00
8.166670000000e-01,1.059997200970e+00,9.699991941500e-01,1.000000000000e+00,1.000000000000e+00
8.208330000000e-01,1.059997200970e+00,9.699991941500e-01,9.999999404000e-01,1.000000000000e+00
8.250000000000e-01,1.059997200970e+00,9.699991941500e-01,9.999998808000e-01,9.999999404000e-01
8.291670000000e-01,1.059997200970e+00,9.699991941500e-01,9.999998212000e-01,9.999999404000e-01
8.333330000000e-01,1.059997200970e+00,9.699991941500e-01,9.999997616000e-01,9.999998808000e-01
8.375000000000e-01,1.059997200970e+00,9.699991941500e-01,9.999997020000e-01,9.999998808000e-01
8.416670000000e-01,1.059997200970e+00,9.699991941500e-01,9.999996424000e-01,9.999998808000e-01
8.458330000000e-01,1.059997200970e+00,9.699991941500e-01,9.999995828000e-01,9.999998212000e-01
8.500000000000e-01,1.059997200970e+00,9.699991345400e-01,9.999995232000e-01,9.999998212000e-01
8.541670000000e-01,1.059997200970e+00,9.699991345400e-01,9.999994636000e-01,9.999997616000e-01
8.583330000000e-01,1.059997081760e+00,9.699990749400e-01,9.999994636000e-01,9.999997616000e-01
8.625000000000e-01,1.059997081760e+00,9.699990749400e-01,9.999994040000e-01,9.999997616000e-01
8.666670000000e-01,1.059996962550e+00,9.699989557300e-01,9.999993443000e-01,9.999997020000e-01
8.708330000000e-01,1.059996962550e+00,9.699989557300e-01,9.999993443000e-01,9.999997020000e-01
8.750000000000e-01,1.059996843340e+00,9.699988961200e-01,9.999992847000e-01,9.999997020000e-01
8.791670000000e-01,1.059996843340e+00,9.699988961200e-01,9.999992251000e-01,9.999997020000e-01
8.833330000000e-01,1.059996843340e+00,9.699987769100e-01,9.999992251000e-01,9.999996424000e-01
8.875000000000e-01,1.059996843340e+00,9.699987769100e-01,9.999991655000e-01,9.999996424000e-01
8.916670000000e-01,1.059996724130e+00,9.699986577000e-01,9.999991655000e-01,9.999996424000e-01
8.958330000000e-01,1.059996724130e+00,9.699986577000e-01,9.999991655000e-01,9.999996424000e-01
9.000000000000e-01,1.059996604920e+00,9.699985384900e-01,9.999991059000e-01,9.999996424000e-01
9.041670000000e-01,1.059996604920e+00,9.699985384900e-01,9.999991059000e-01,9.999996424000e-01
9.083330000000e-01,1.059996485710e+00,9.699984192800e-01,9.999991059000e-01,9.999995828000e-01
9.125000000000e-01,1.059996485710e+00,9.699984192800e-01,9.999991059000e-01,9.999995828000e-01
9.166670000000e-01,1.059996247290e+00,9.699983000800e-01,9.999991059000e-01,9.999995828000e-01
9.208330000000e-01,1.059996247290e+00,9.699983000800e-01,9.999991059000e-01,9.999995828000e-01
9.250000000000e-01,1.059996128080e+00,9.699981808700e-01,9.999991059000e-01,9.999995828000e-01
9.291670000000e-01,1.059996128080e+00,9.699981808700e-01,9.999991059000e-01,9.999995828000e-01
9.333330000000e-01,1.059996008870e+00,9.699980616600e-01,9.999991059000e-01,9.999995828000e-01
9.375000000000e-01,1.059996008870e+00,9.699980616600e-01,9.999991655000e-01,9.999996424000e-01
9.416670000000e-01,1.059995889660e+00,9.699979424500e-01,9.999991655000e-01,9.999996424000e-01
9.458330000000e-01,1.059995889660e+00,9.699979424500e-01,9.999991655000e-01,9.999996424000e-01
9.500000000000e-01,1.059995770450e+00,9.699978232400e-01,9.999992251000e-01,9.999996424000e-01
9.541670000000e-01,1.059995770450e+00,9.699978232400e-01,9.999992251000e-01,9.999996424000e-01
9.583330000000e-01,1.059995651250e+00,9.699977040300e-01,9.999992847000e-01,9.999996424000e-01
9.625000000000e-01,1.059995651250e+00,9.699977040300e-01,9.999992847000e-01,9.999997020000e-01
9.666670000000e-01,1.059995651250e+00,9.699976444200e-01,9.999993443000e-01,9.999997020000e-01
9.708330000000e-01,1.059995651250e+00,9.699976444200e-01,9.999994040000e-01,9.999997020000e-01
9.750000000000e-01,1.059995532040e+00,9.699975252200e-01,9.999994040000e-01,9.999997616000e-01
9.791670000000e-01,1.059995532040e+00,9.699975252200e-01,9.999994636000e-01,9.999997616000e-01
9.833330000000e-01,1.059995412830e+00,9.699974656100e-01,9.999995232000e-01,9.999997616000e-01
9.875000000000e-01,1.059995412830e+00,9.699974656100e-01,9.999995828000e-01,9.999998212000e-01
9.916670000000e-01,1.059995412830e+00,9.699974656100e-01,9.999996424000e-01,9.999998212000e-01
9.958330000000e-01,1.059995293620e+00,9.699973464000e-01,9.999996424000e-01,9.999998212000e-01
1.000000000000e+00,1.059995293620e+00,9.699973464000e-01,9.999997020000e-01,9.999998808000e-01
1.004167000000e+00,1.361470300000e-04,7.217242121700e-01,1.000385522800e+00,9.999070764000e-01
1.008333000000e+00,1.361501300000e-04,7.217048406600e-01,1.000771045700e+00,9.998147488000e-01
1.012500000000e+00,1.361552600000e-04,7.216726541500e-01,1.001156568500e+00,9.997231960000e-01
1.016667000000e+00,1.361622700000e-04,7.216278314600e-01,1.001541972200e+00,9.996328354000e-01
1.020833000000e+00,1.361710700000e-04,7.215704321900e-01,1.001927018200e+00,9.995441437000e-01
1.025000000000e+00,1.361814800000e-04,7.215006351500e-01,1.002312183400e+00,9.994574189000e-01
1.029167000000e+00,1.361932800000e-04,7.214187979700e-01,1.002696991000e+00,9.993730783000e-01
1.033333000000e+00,1.362062300000e-04,7.213251590700e-01,1.003081679300e+00,9.992914200000e-01
1.037500000000e+00,1.362200300000e-04,7.212199568700e-01,1.003466367700e+00,9.992128611000e-01
1.041667000000e+00,1.362343800000e-04,7.211037278200e-01,1.003850817700e+00,9.991376996000e-01
1.045833000000e+00,1.362489000000e-04,7.209767699200e-01,1.004235029200e+00,9.990662932000e-01
1.050000000000e+00,1.362631900000e-04,7.208396196400e-01,1.004619121600e+00,9.989988804000e-01
1.054167000000e+00,1.362768500000e-04,7.206926941900e-01,1.005003213900e+00,9.989358187000e-01
1.058333000000e+00,1.362893800000e-04,7.205366492300e-01,1.005386948600e+00,9.988773465000e-01
1.062500000000e+00,1.363003000000e-04,7.203719615900e-01,1.005770683300e+00,9.988237023000e-01
1.066667000000e+00,1.363090600000e-04,7.201992869400e-01,1.006154179600e+00,9.987750649000e-01
1.070833000000e+00,1.363150800000e-04,7.200193405200e-01,1.006537556600e+00,9.987317920000e-01
1.075000000000e+00,1.363177600000e-04,7.198327183700e-01,1.006920814500e+00,9.986938834000e-01
1.079167000000e+00,1.363164800000e-04,7.196402549700e-01,1.007303953200e+00,9.986616373000e-01
1.083333000000e+00,1.363105300000e-04,7.194426655800e-01,1.007686853400e+00,9.986351728000e-01
1.087500000000e+00,1.362992300000e-04,7.192407846500e-01,1.008069634400e+00,9.986144900000e-01
1.091667000000e+00,1.362818100000e-04,7.190353870400e-01,1.008452296300e+00,9.985997677000e-01
1.095833000000e+00,1.362575400000e-04,7.188273668300e-01,1.008834719700e+00,9.985910654000e-01
1.100000000000e+00,1.362255900000e-04,7.186175584800e-01,1.009217023800e+00,9.985883832000e-01
1.104167000000e+00,1.060512781140e+00,9.640917182000e-01,1.008701086000e+00,9.988687038000e-01
1.108333000000e+00,1.060209274290e+00,9.636277556400e-01,1.008147597300e+00,9.991661906000e-01
1.112500000000e+00,1.059896826740e+00,9.632216692000e-01,1.007559180300e+00,9.994782805000e-01
1.116667000000e+00,1.059587359430e+00,9.628817439100e-01,1.006938695900e+00,9.998021722000e-01
1.120833000000e+00,1.059292316440e+00,9.626152515400e-01,1.006289243700e+00,1.000134944900e+00
1.125000000000e+00,1.059022307400e+00,9.624283909800e-01,1.005613327000e+00,1.000473737700e+00
1.129167000000e+00,1.058787107470e+00,9.623262882200e-01,1.004914403000e+00,1.000815630000e+00
1.133333000000e+00,1.058595418930e+00,9.623128175700e-01,1.004195809400e+00,1.001157283800e+00
1.137500000000e+00,1.058454513550e+00,9.623904228200e-01,1.003460407300e+00,1.001495957400e+00
1.141667000000e+00,1.058370351790e+00,9.625604152700e-01,1.002711534500e+00,1.001828432100e+00
1.145833000000e+00,1.058347105980e+00,9.628224372900e-01,1.001952886600e+00,1.002151608500e+00
1.150000000000e+00,1.058387756350e+00,9.631749987600e-01,1.001187443700e+00,1.002462744700e+00
1.154167000000e+00,1.058493137360e+00,9.636151194600e-01,1.000418543800e+00,1.002758741400e+00
1.158333000000e+00,1.058662772180e+00,9.641383886300e-01,9.996500015000e-01,1.003036856700e+00
1.162500000000e+00,1.058894276620e+00,9.647395014800e-01,9.988846779000e-01,1.003294467900e+00
1.166667000000e+00,1.059183716770e+00,9.654118418700e-01,9.981260896000e-01,1.003528952600e+00
1.170833000000e+00,1.059525728230e+00,9.661474227900e-01,9.973777533000e-01,1.003737688100e+00
1.175000000000e+00,1.059913516040e+00,9.669380784000e-01,9.966426492000e-01,1.003918767000e+00
1.179167000000e+00,1.060338735580e+00,9.677742719700e-01,9.959240556000e-01,1.004069924400e+00
1.183333000000e+00,1.060792207720e+00,9.686459302900e-01,9.952253699000e-01,1.004189372100e+00
1.187500000000e+00,1.061263799670e+00,9.695430994000e-01,9.945492744000e-01,1.004275560400e+00
1.191667000000e+00,1.061742544170e+00,9.704549312600e-01,9.938989282000e-01,1.004326939600e+00
1.195833000000e+00,1.062216877940e+00,9.713704586000e-01,9.932773709000e-01,1.004342556000e+00
1.200000000000e+00,1.062675476070e+00,9.722794294400e-01,9.926871061000e-01,1.004321456000e+00
1.204167000000e+00,1.063106417660e+00,9.731711745300e-01,9.921307564000e-01,1.004263162600e+00
1.208333000000e+00,1.063497900960e+00,9.740353822700e-01,9.916110039000e-01,1.004167437600e+00
1.212500000000e+00,1.063839316370e+00,9.748629331600e-01,9.911298156000e-01,1.004034042400e+00
1.216667000000e+00,1.064119935040e+00,9.756446480800e-01,9.906895161000e-01,1.003863573100e+00
1.220833000000e+00,1.064330220220e+00,9.763721823700e-01,9.902920723000e-01,1.003656506500e+00
1.225000000000e+00,1.064461588860e+00,9.770384430900e-01,9.899389744000e-01,1.003413677200e+00
1.229167000000e+00,1.064506888390e+00,9.776368141200e-01,9.896318913000e-01,1.003136515600e+00
1.233333000000e+00,1.064459919930e+00,9.781615734100e-01,9.893720746000e-01,1.002826452300e+00
1.237500000000e+00,1.064316511150e+00,9.786083698300e-01,9.891604781000e-01,1.002485156100e+00
1.241667000000e+00,1.064073443410e+00,9.789734482800e-01,9.889978766000e-01,1.002114892000e+00
1.245833000000e+00,1.063729763030e+00,9.792540669400e-01,9.888849258000e-01,1.001717925100e+00
1.250000000000e+00,1.063285470010e+00,9.794485569000e-01,9.888218045000e-01,1.001296758700e+00
1.254167000000e+00,1.062742829320e+00,9.795559048700e-01,9.888085127000e-01,1.000854253800e+00
1.258333000000e+00,1.062105298040e+00,9.795758724200e-01,9.888448715000e-01,1.000393390700e+00
1.262500000000e+00,1.061377644540e+00,9.795091152200e-01,9.889304638000e-01,9.999172688000e-01
1.266667000000e+00,1.060566663740e+00,9.793567657500e-01,9.890644550000e-01,9.994293451000e-01
1.270833000000e+00,1.059680104260e+00,9.791205525400e-01,9.892459512000e-01,9.989330769000e-01
1.275000000000e+00,1.058726429940e+00,9.788025617600e-01,9.894737601000e-01,9.984319210000e-01
1.279167000000e+00,1.057715654370e+00,9.784052968000e-01,9.897464514000e-01,9.979295731000e-01
1.283333000000e+00,1.056658625600e+00,9.779317975000e-01,9.900623560000e-01,9.974298477000e-01
1.287500000000e+00,1.055565953250e+00,9.773848056800e-01,9.904198050000e-01,9.969363213000e-01
1.291667000000e+00,1.054449558260e+00,9.767675995800e-01,9.908167124000e-01,9.964527488000e-01
1.295833000000e+00,1.053321361540e+00,9.760836362800e-01,9.912508726000e-01,9.959829450000e-01
1.300000000000e+00,1.052192807200e+00,9.753360748300e-01,9.917201400000e-01,9.955303073000e-01
1.304167000000e+00,1.051075816150e+00,9.745284915000e-01,9.922220111000e-01,9.950985312000e-01
1.308333000000e+00,1.049981832500e+00,9.736646413800e-01,9.927538037000e-01,9.946910739000e-01
1.312500000000e+00,1.048921346660e+00,9.727476239200e-01,9.933130741000e-01,9.943110943000e-01
1.316667000000e+00,1.047904729840e+00,9.717814922300e-01,9.938969612000e-01,9.939617515000e-01
1.320833000000e+00,1.046941757200e+00,9.707702398300e-01,9.945025444000e-01,9.936460853000e-01
1.325000000000e+00,1.046040654180e+00,9.697173833800e-01,9.951272011000e-01,9.933666587000e-01
1.329167000000e+00,1.045209407810e+00,9.686274528500e-01,9.957678914000e-01,9.931259751000e-01
1.333333000000e+00,1.044454693790e+00,9.675051569900e-01,9.964215755000e-01,9.929264784000e-01
1.337500000000e+00,1.043781876560e+00,9.663547873500e-01,9.970855117000e-01,9.927699566000e-01
1.341667000000e+00,1.043195843700e+00,9.651817679400e-01,9.977566600000e-01,9.926581383000e-01
1.345833000000e+00,1.042700171470e+00,9.639919400200e-01,9.984319210000e-01,9.925925136000e-01
1.350000000000e+00,1.042297005650e+00,9.627907872200e-01,9.991086721000e-01,9.925740957000e-01
1.354167000000e+00,1.041987776760e+00,9.615848064400e-01,9.997838736000e-01,9.926037788000e-01
1.358333000000e+00,1.041773080830e+00,9.603814482700e-01,1.000454545000e+00,9.926818609000e-01
1.362500000000e+00,1.041651964190e+00,9.591873288200e-01,1.001118183100e+00,9.928086996000e-01
1.366667000000e+00,1.041623234750e+00,9.580104947100e-01,1.001772046100e+00,9.929839969000e-01
1.370833000000e+00,1.041684389110e+00,9.568593502000e-01,1.002413153600e+00,9.932071567000e-01
1.375000000000e+00,1.041832327840e+00,9.557417035100e-01,1.003039360000e+00,9.934775829000e-01
1.379167000000e+00,1.042063355450e+00,9.546666741400e-01,1.003648161900e+00,9.937939644000e-01
1.383333000000e+00,1.042372941970e+00,9.536432623900e-01,1.004236817400e+00,9.941548109000e-01
1.387500000000e+00,1.042756319050e+00,9.526799321200e-01,1.004803538300e+00,9.945585132000e-01
1.391667000000e+00,1.043208241460e+00,9.517858624500e-01,1.005346059800e+00,9.950029850000e-01
1.395833000000e+00,1.043722629550e+00,9.509699940700e-01,1.005862116800e+00,9.954857230000e-01
1.400000000000e+00,1.044294118880e+00,9.502404332200e-01,1.006350040400e+00,9.960044622000e-01
1.404167000000e+00,1.044916272160e+00,9.496054053300e-01,1.006808161700e+00,9.965561032000e-01
1.408333000000e+00,1.045582771300e+00,9.490725994100e-01,1.007234692600e+00,9.971375465000e-01
1.412500000000e+00,1.046287655830e+00,9.486485719700e-01,1.007628321600e+00,9.977457523000e-01
1.416667000000e+00,1.047024607660e+00,9.483395814900e-01,1.007987618400e+00,9.983770251000e-01
1.420833000000e+00,1.047787308690e+00,9.481508135800e-01,1.008311510100e+00,9.990276098000e-01
1.425000000000e+00,1.048570275310e+00,9.480863213500e-01,1.008598923700e+00,9.996939898000e-01
1.429167000000e+00,1.049367547040e+00,9.481492638600e-01,1.008849144000e+00,1.000372052200e+00
1.433333000000e+00,1.050173521040e+00,9.483413696300e-01,1.009061336500e+00,1.001057386400e+00
1.437500000000e+00,1.050983309750e+00,9.486633539200e-01,1.009235143700e+00,1.001746416100e+00
1.441667000000e+00,1.051792025570e+00,9.491144418700e-01,1.009370088600e+00,1.002434611300e+00
1.445833000000e+00,1.052595019340e+00,9.496925473200e-01,1.009466052100e+00,1.003117442100e+00
1.450000000000e+00,1.053388476370e+00,9.503945112200e-01,1.009523034100e+00,1.003790855400e+00
1.454167000000e+00,1.054168581960e+00,9.512156248100e-01,1.009541273100e+00,1.004450678800e+00
1.458333000000e+00,1.054931759830e+00,9.521496892000e-01,1.009521007500e+00,1.005092144000e+00
1.462500000000e+00,1.055675745010e+00,9.531899690600e-01,1.009462595000e+00,1.005711436300e+00
1.466667000000e+00,1.056397795680e+00,9.543280601500e-01,1.009366750700e+00,1.006304383300e+00
1.470833000000e+00,1.057095527650e+00,9.555544257200e-01,1.009234309200e+00,1.006866574300e+00
1.475000000000e+00,1.057767748830e+00,9.568594694100e-01,1.009066224100e+00,1.007394433000e+00
1.479167000000e+00,1.058412909510e+00,9.582320451700e-01,1.008863329900e+00,1.007884144800e+00
1.483333000000e+00,1.059030056000e+00,9.596603512800e-01,1.008627057100e+00,1.008332014100e+00
1.487500000000e+00,1.059618592260e+00,9.611333012600e-01,1.008358597800e+00,1.008734941500e+00
1.491667000000e+00,1.060178399090e+00,9.626383185400e-01,1.008059382400e+00,1.009089589100e+00
1.495833000000e+00,1.060708999630e+00,9.641630649600e-01,1.007730960800e+00,1.009393334400e+00
1.500000000000e+00,1.061211228370e+00,9.656961560200e-01,1.007375001900e+00,1.009643435500e+00
1.504167000000e+00,1.061685323720e+00,9.672256112100e-01,1.006993055300e+00,1.009837985000e+00
1.508333000000e+00,1.062131762500e+00,9.687399268200e-01,1.006587266900e+00,1.009974837300e+00
1.512500000000e+00,1.062551856040e+00,9.702292084700e-01,1.006159186400e+00,1.010052681000e+00
1.516667000000e+00,1.062946438790e+00,9.716833233800e-01,1.005710840200e+00,1.010070323900e+00
1.520833000000e+00,1.063316702840e+00,9.730931520500e-01,1.005244255100e+00,1.010027051000e+00
1.525000000000e+00,1.063663959500e+00,9.744513630900e-01,1.004761338200e+00,1.009922623600e+00
1.529167000000e+00,1.063989520070e+00,9.757509231600e-01,1.004264235500e+00,1.009756922700e+00
1.533333000000e+00,1.064294695850e+00,9.769856929800e-01,1.003755211800e+00,1.009530663500e+00
1.537500000000e+00,1.064581036570e+00,9.781516194300e-01,1.003235936200e+00,1.009244561200e+00
1.541667000000e+00,1.064849734310e+00,9.792448878300e-01,1.002708673500e+00,1.008900046300e+00
1.545833000000e+00,1.065101742740e+00,9.802621603000e-01,1.002175569500e+00,1.008498907100e+00
1.550000000000e+00,1.065338611600e+00,9.812033176400e-01,1.001638650900e+00,1.008042931600e+00
1.554167000000e+00,1.065560936930e+00,9.820668697400e-01,1.001099824900e+00,1.007534861600e+00
1.558333000000e+00,1.065769672390e+00,9.828526973700e-01,1.000561356500e+00,1.006977438900e+00
1.562500000000e+00,1.065965294840e+00,9.835616350200e-01,1.000025034000e+00,1.006373763100e+00
1.566667000000e+00,1.066147923470e+00,9.841946363400e-01,9.994928837000e-01,1.005727410300e+00
1.570833000000e+00,1.066317319870e+00,9.847528338400e-01,9.989668131000e-01,1.005042195300e+00
1.575000000000e+00,1.066473484040e+00,9.852380156500e-01,9.984485507000e-01,1.004321932800e+00
1.579167000000e+00,1.066615343090e+00,9.856513738600e-01,9.979398847000e-01,1.003571033500e+00
1.583333000000e+00,1.066741824150e+00,9.859941601800e-01,9.974427819000e-01,1.002794146500e+00
1.587500000000e+00,1.066851496700e+00,9.862675070800e-01,9.969585538000e-01,1.001995682700e+00
1.591667000000e+00,1.066942453380e+00,9.864719510100e-01,9.964889884000e-01,1.001180529600e+00
1.595833000000e+00,1.067012429240e+00,9.866074919700e-01,9.960356355000e-01,1.000353813200e+00
1.600000000000e+00,1.067059040070e+00,9.866736531300e-01,9.955998063000e-01,9.995203018000e-01
1.604167000000e+00,1.067079305650e+00,9.866694212000e-01,9.951829314000e-01,9.986852407000e-01
1.608333000000e+00,1.067070126530e+00,9.865930676500e-01,9.947863221000e-01,9.978539944000e-01
1.612500000000e+00,1.067028284070e+00,9.864422678900e-01,9.944110513000e-01,9.970312119000e-01
1.616667000000e+00,1.066950321200e+00,9.862141609200e-01,9.940583110000e-01,9.962223172000e-01
1.620833000000e+00,1.066832542420e+00,9.859055876700e-01,9.937292337000e-01,9.954324365000e-01
1.625000000000e+00,1.066671490670e+00,9.855127334600e-01,9.934244752000e-01,9.946662188000e-01
1.629167000000e+00,1.066463828090e+00,9.850317239800e-01,9.931451082000e-01,9.939285517000e-01
1.633333000000e+00,1.066205978390e+00,9.844588041300e-01,9.928918481000e-01,9.932243824000e-01
1.637500000000e+00,1.065895080570e+00,9.837898612000e-01,9.926652312000e-01,9.925577044000e-01
1.641667000000e+00,1.065528392790e+00,9.830214977300e-01,9.924659133000e-01,9.919329882000e-01
1.645833000000e+00,1.065103650090e+00,9.821507930800e-01,9.922943711000e-01,9.913543463000e-01
1.650000000000e+00,1.064618825910e+00,9.811749458300e-01,9.921509624000e-01,9.908251762000e-01
1.654167000000e+00,1.064072966580e+00,9.800925850900e-01,9.920358658000e-01,9.903489947000e-01
1.658333000000e+00,1.063465476040e+00,9.789035320300e-01,9.919494390000e-01,9.899289012000e-01
1.662500000000e+00,1.062796473500e+00,9.776079058600e-01,9.918916821000e-01,9.895673990000e-01
1.666667000000e+00,1.062066912650e+00,9.762080907800e-01,9.918625355000e-01,9.892669320000e-01
1.670833000000e+00,1.061278939250e+00,9.747079014800e-01,9.918619990000e-01,9.890293479000e-01
1.675000000000e+00,1.060434579850e+00,9.731118083000e-01,9.918898940000e-01,9.888560772000e-01
1.679167000000e+00,1.059537649150e+00,9.714267849900e-01,9.919459224000e-01,9.887482524000e-01
1.683333000000e+00,1.058592677120e+00,9.696616530400e-01,9.920297265000e-01,9.887064695000e-01
1.687500000000e+00,1.057604312900e+00,9.678255319600e-01,9.921409488000e-01,9.887309074000e-01
1.691667000000e+00,1.056578874590e+00,9.659302830700e-01,9.922789931000e-01,9.888213277000e-01
1.695833000000e+00,1.055523157120e+00,9.639893770200e-01,9.924432635000e-01,9.889770150000e-01
1.700000000000e+00,1.054444193840e+00,9.620161652600e-01,9.926332235000e-01,9.891970754000e-01
1.704167000000e+00,1.053350090980e+00,9.600266218200e-01,9.928480387000e-01,9.894798398000e-01
1.708333000000e+00,1.052249550820e+00,9.580375552200e-01,9.930868745000e-01,9.898234606000e-01
1.712500000000e+00,1.051150918010e+00,9.560654163400e-01,9.933490157000e-01,9.902257919000e-01
1.716667000000e+00,1.050063848500e+00,9.541282653800e-01,9.936334491000e-01,9.906842709000e-01
1.720833000000e+00,1.048997640610e+00,9.522445797900e-01,9.939391613000e-01,9.911957383000e-01
1.725000000000e+00,1.047961235050e+00,9.504314065000e-01,9.942651987000e-01,9.917573333000e-01
1.729167000000e+00,1.046964287760e+00,9.487068653100e-01,9.946104884000e-01,9.923654199000e-01
1.733333000000e+00,1.046015977860e+00,9.470885992100e-01,9.949737191000e-01,9.930161238000e-01
1.737500000000e+00,1.045124888420e+00,9.455922246000e-01,9.953539371000e-01,9.937058687000e-01
1.741667000000e+00,1.044299364090e+00,9.442333579100e-01,9.957498312000e-01,9.944303036000e-01
1.745833000000e+00,1.043547511100e+00,9.430264234500e-01,9.961600900000e-01,9.951849580000e-01
1.750000000000e+00,1.042876005170e+00,9.419834613800e-01,9.965835214000e-01,9.959658384000e-01
1.754167000000e+00,1.042291760440e+00,9.411155581500e-01,9.970188141000e-01,9.967681170000e-01
1.758333000000e+00,1.041800141330e+00,9.404320120800e-01,9.974644184000e-01,9.975870252000e-01
1.762500000000e+00,1.041405797000e+00,9.399394989000e-01,9.979191422000e-01,9.984182119000e-01
1.766667000000e+00,1.041112542150e+00,9.396432638200e-01,9.983815551000e-01,9.992567301000e-01
1.770833000000e+00,1.040923237800e+00,9.395461678500e-01,9.988501072000e-01,1.000097632400e+00
1.775000000000e+00,1.040839433670e+00,9.396488070500e-01,9.993234873000e-01,1.000936508200e+00
1.779167000000e+00,1.040861845020e+00,9.399497509000e-01,9.998001456000e-01,1.001768350600e+00
1.783333000000e+00,1.040990114210e+00,9.404452443100e-01,1.000278472900e+00,1.002588391300e+00
1.787500000000e+00,1.041222691540e+00,9.411296248400e-01,1.000757217400e+00,1.003392338800e+00
1.791667000000e+00,1.041557312010e+00,9.419951438900e-01,1.001234889000e+00,1.004175305400e+00
1.795833000000e+00,1.041990280150e+00,9.430317878700e-01,1.001709580400e+00,1.004932761200e+00
1.800000000000e+00,1.042517423630e+00,9.442288279500e-01,1.002180099500e+00,1.005660772300e+00
1.804167000000e+00,1.043133378030e+00,9.455730319000e-01,1.002644896500e+00,1.006354808800e+00
1.808333000000e+00,1.043832063670e+00,9.470497965800e-01,1.003102183300e+00,1.007010936700e+00
1.812500000000e+00,1.044606804850e+00,9.486444592500e-01,1.003550887100e+00,1.007625460600e+00
1.816667000000e+00,1.045450210570e+00,9.503403306000e-01,1.003989100500e+00,1.008194685000e+00
1.820833000000e+00,1.046354055400e+00,9.521201849000e-01,1.004415392900e+00,1.008715271900e+00
1.825000000000e+00,1.047310590740e+00,9.539674520500e-01,1.004828333900e+00,1.009184360500e+00
1.829167000000e+00,1.048310637470e+00,9.558643698700e-01,1.005226492900e+00,1.009599089600e+00
1.833333000000e+00,1.049345374110e+00,9.577930569600e-01,1.005608201000e+00,1.009956836700e+00
1.837500000000e+00,1.050406336780e+00,9.597375989000e-01,1.005972266200e+00,1.010255694400e+00
1.841667000000e+00,1.051484227180e+00,9.616811275500e-01,1.006317138700e+00,1.010493874500e+00
1.845833000000e+00,1.052570104600e+00,9.636073708500e-01,1.006641387900e+00,1.010669946700e+00
1.850000000000e+00,1.053655743600e+00,9.655028581600e-01,1.006944060300e+00,1.010783076300e+00
1.854167000000e+00,1.054732918740e+00,9.673535823800e-01,1.007223486900e+00,1.010832548100e+00
1.858333000000e+00,1.055793285370e+00,9.691469669300e-01,1.007478594800e+00,1.010818123800e+00
1.862500000000e+00,1.056830167770e+00,9.708731174500e-01,1.007708311100e+00,1.010740280200e+00
1.866667000000e+00,1.057836532590e+00,9.725221991500e-01,1.007911443700e+00,1.010599374800e+00
1.870833000000e+00,1.058805704120e+00,9.740860462200e-01,1.008086919800e+00,1.010396719000e+00
1.875000000000e+00,1.059732913970e+00,9.755588769900e-01,1.008234024000e+00,1.010133743300e+00
1.879167000000e+00,1.060612797740e+00,9.769354462600e-01,1.008351802800e+00,1.009812116600e+00
1.883333000000e+00,1.061440944670e+00,9.782118201300e-01,1.008439421700e+00,1.009434342400e+00
1.887500000000e+00,1.062214612960e+00,9.793863296500e-01,1.008496403700e+00,1.009002804800e+00
1.891667000000e+00,1.062930464740e+00,9.804574847200e-01,1.008522033700e+00,1.008520603200e+00
1.895833000000e+00,1.063586473460e+00,9.814250469200e-01,1.008516073200e+00,1.007990956300e+00
1.900000000000e+00,1.064181447030e+00,9.822902679400e-01,1.008477926300e+00,1.007417321200e+00
1.904167000000e+00,1.064714550970e+00,9.830544591000e-01,1.008407592800e+00,1.006803512600e+00
1.908333000000e+00,1.065185427670e+00,9.837195277200e-01,1.008304834400e+00,1.006153941200e+00
1.912500000000e+00,1.065594911580e+00,9.842883348500e-01,1.008169889500e+00,1.005472421600e+00
1.916667000000e+00,1.065943479540e+00,9.847632646600e-01,1.008002638800e+00,1.004763603200e+00
1.920833000000e+00,1.066232800480e+00,9.851476550100e-01,1.007803678500e+00,1.004032254200e+00
1.925000000000e+00,1.066464662550e+00,9.854444265400e-01,1.007573247000e+00,1.003282785400e+00
1.929167000000e+00,1.066641330720e+00,9.856562018400e-01,1.007311940200e+00,1.002519965200e+00
1.933333000000e+00,1.066765308380e+00,9.857856035200e-01,1.007020592700e+00,1.001749038700e+00
1.937500000000e+00,1.066839456560e+00,9.858349561700e-01,1.006699681300e+00,1.000974535900e+00
1.941667000000e+00,1.066866636280e+00,9.858062267300e-01,1.006350278900e+00,1.000201225300e+00
1.945833000000e+00,1.066850185390e+00,9.857010841400e-01,1.005973696700e+00,9.994343519000e-01
1.950000000000e+00,1.066793322560e+00,9.855207800900e-01,1.005570888500e+00,9.986781478000e-01
1.954167000000e+00,1.066699385640e+00,9.852663874600e-01,1.005143046400e+00,9.979374409000e-01
1.958333000000e+00,1.066571950910e+00,9.849386215200e-01,1.004691958400e+00,9.972168803000e-01
1.962500000000e+00,1.066414356230e+00,9.845378994900e-01,1.004218816800e+00,9.965205789000e-01
1.966667000000e+00,1.066229820250e+00,9.840647578200e-01,1.003725409500e+00,9.958527088000e-01
1.970833000000e+00,1.066021680830e+00,9.835196733500e-01,1.003213524800e+00,9.952174425000e-01
1.975000000000e+00,1.065793156620e+00,9.829028844800e-01,1.002684950800e+00,9.946181178000e-01
1.979167000000e+00,1.065547227860e+00,9.822152257000e-01,1.002141594900e+00,9.940583110000e-01
1.983333000000e+00,1.065286874770e+00,9.814582467100e-01,1.001585602800e+00,9.935413003000e-01
1.987500000000e+00,1.065014362340e+00,9.806321859400e-01,1.001018881800e+00,9.930697083000e-01
1.991667000000e+00,1.064732193950e+00,9.797394275700e-01,1.000443697000e+00,9.926460981000e-01
1.995833000000e+00,1.064442753790e+00,9.787828326200e-01,9.998623729000e-01,9.922727942000e-01
2.000000000000e+00,1.064147710800e+00,9.777650833100e-01,9.992769957000e-01,9.919514060000e-01
2.004167000000e+00,1.063848495480e+00,9.766902923600e-01,9.986900091000e-01,9.916834831000e-01
2.008333000000e+00,1.063546657560e+00,9.755634069400e-01,9.981039166000e-01,9.914701581000e-01
2.012500000000e+00,1.063242912290e+00,9.743893146500e-01,9.975208640000e-01,9.913119674000e-01
2.016667000000e+00,1.062937974930e+00,9.731745719900e-01,9.969433546000e-01,9.912093878000e-01
2.020833000000e+00,1.062631964680e+00,9.719264507300e-01,9.963740110000e-01,9.911623001000e-01
2.025000000000e+00,1.062324762340e+00,9.706519246100e-01,9.958149195000e-01,9.911702871000e-01
2.029167000000e+00,1.062015771870e+00,9.693595767000e-01,9.952686429000e-01,9.912325740000e-01
2.033333000000e+00,1.061704516410e+00,9.680585861200e-01,9.947377443000e-01,9.913479686000e-01
2.037500000000e+00,1.061389565470e+00,9.667574763300e-01,9.942243099000e-01,9.915151000000e-01
2.041667000000e+00,1.061069369320e+00,9.654660821000e-01,9.937307835000e-01,9.917320609000e-01
2.045833000000e+00,1.060742616650e+00,9.641943574000e-01,9.932594895000e-01,9.919966459000e-01
2.050000000000e+00,1.060406804080e+00,9.629514217400e-01,9.928124547000e-01,9.923066497000e-01
2.054167000000e+00,1.060060143470e+00,9.617470502900e-01,9.923918247000e-01,9.926592708000e-01
2.058333000000e+00,1.059700250630e+00,9.605907797800e-01,9.919998646000e-01,9.930515289000e-01
2.062500000000e+00,1.059324741360e+00,9.594909548800e-01,9.916382432000e-01,9.934803843000e-01
2.066667000000e+00,1.058930993080e+00,9.584560990300e-01,9.913088679000e-01,9.939425588000e-01
2.070833000000e+00,1.058517098430e+00,9.574940800700e-01,9.910134673000e-01,9.944342971000e-01
2.075000000000e+00,1.058080315590e+00,9.566113352800e-01,9.907535911000e-01,9.949523211000e-01
2.079167000000e+00,1.057618975640e+00,9.558140039400e-01,9.905306697000e-01,9.954925776000e-01
2.083333000000e+00,1.057131409650e+00,9.551073312800e-01,9.903460741000e-01,9.960512519000e-01
2.087500000000e+00,1.056615948680e+00,9.544950127600e-01,9.902008176000e-01,9.966245890000e-01
2.091667000000e+00,1.056071758270e+00,9.539800882300e-01,9.900959134000e-01,9.972085953000e-01
2.095833000000e+00,1.055498600010e+00,9.535647034600e-01,9.900322556000e-01,9.977990985000e-01
2.100000000000e+00,1.054896235470e+00,9.532494545000e-01,9.900103211000e-01,9.983924627000e-01
2.104167000000e+00,1.054265499110e+00,9.530342817300e-01,9.900306463000e-01,9.989846349000e-01
2.108333000000e+00,1.053608059880e+00,9.529180526700e-01,9.900934100000e-01,9.995716810000e-01
2.112500000000e+00,1.052925586700e+00,9.528986811600e-01,9.901987314000e-01,1.000150084500e+00
2.116667000000e+00,1.052220940590e+00,9.529731273700e-01,9.903465509000e-01,1.000716090200e+00
2.120833000000e+00,1.051498055460e+00,9.531376957900e-01,9.905363917000e-01,1.001266002700e+00
2.125000000000e+00,1.050760507580e+00,9.533880353000e-01,9.907678366000e-01,1.001796722400e+00
2.129167000000e+00,1.050013661380e+00,9.537191391000e-01,9.910402298000e-01,1.002305030800e+00
2.133333000000e+00,1.049263000490e+00,9.541252851500e-01,9.913525581000e-01,1.002787709200e+00
2.137500000000e+00,1.048514604570e+00,9.546009898200e-01,9.917038083000e-01,1.003242254300e+00
2.141667000000e+00,1.047775387760e+00,9.551398754100e-01,9.920927882000e-01,1.003665924100e+00
2.145833000000e+00,1.047052502630e+00,9.557356238400e-01,9.925178885000e-01,1.004056453700e+00
2.150000000000e+00,1.046353459360e+00,9.563820958100e-01,9.929776788000e-01,1.004411816600e+00
2.154167000000e+00,1.045686125760e+00,9.570729732500e-01,9.934702516000e-01,1.004730224600e+00
2.158333000000e+00,1.045058608060e+00,9.578018188500e-01,9.939936399000e-01,1.005009889600e+00
2.162500000000e+00,1.044478893280e+00,9.585629701600e-01,9.945459366000e-01,1.005249857900e+00
2.166667000000e+00,1.043954849240e+00,9.593505263300e-01,9.951248169000e-01,1.005449175800e+00
2.170833000000e+00,1.043494343760e+00,9.601588249200e-01,9.957277775000e-01,1.005606889700e+00
2.175000000000e+00,1.043104648590e+00,9.609830975500e-01,9.963526130000e-01,1.005722999600e+00
2.179167000000e+00,1.042792558670e+00,9.618183970500e-01,9.969965816000e-01,1.005797147800e+00
2.183333000000e+00,1.042564392090e+00,9.626600742300e-01,9.976568222000e-01,1.005829691900e+00
2.187500000000e+00,1.042425394060e+00,9.635043740300e-01,9.983308911000e-01,1.005821108800e+00
2.191667000000e+00,1.042379975320e+00,9.643473029100e-01,9.990157485000e-01,1.005772113800e+00
2.195833000000e+00,1.042431831360e+00,9.651852250100e-01,9.997083545000e-01,1.005684018100e+00
2.200000000000e+00,1.042583227160e+00,9.660151004800e-01,1.000405907600e+00,1.005557894700e+00
2.204167000000e+00,1.042835235600e+00,9.668337702800e-01,1.001105308500e+00,1.005395412400e+00
2.208333000000e+00,1.043187618260e+00,9.676380753500e-01,1.001803278900e+00,1.005198478700e+00
2.212500000000e+00,1.043638944630e+00,9.684255123100e-01,1.002497077000e+00,1.004969120000e+00
2.216667000000e+00,1.044186592100e+00,9.691929817200e-01,1.003183364900e+00,1.004709482200e+00
2.220833000000e+00,1.044825911520e+00,9.699375629400e-01,1.003858923900e+00,1.004422307000e+00
2.225000000000e+00,1.045551776890e+00,9.706566929800e-01,1.004521012300e+00,1.004109978700e+00
2.229167000000e+00,1.046357154850e+00,9.713470935800e-01,1.005166411400e+00,1.003775239000e+00
2.233333000000e+00,1.047233939170e+00,9.720054864900e-01,1.005791902500e+00,1.003421425800e+00
2.237500000000e+00,1.048173069950e+00,9.726288318600e-01,1.006394743900e+00,1.003051161800e+00
2.241667000000e+00,1.049164414410e+00,9.732136130300e-01,1.006972193700e+00,1.002667665500e+00
2.245833000000e+00,1.050196528430e+00,9.737560153000e-01,1.007521033300e+00,1.002274394000e+00
2.250000000000e+00,1.051258206370e+00,9.742526412000e-01,1.008038878400e+00,1.001874327700e+00
2.254167000000e+00,1.052337050440e+00,9.746995568300e-01,1.008523225800e+00,1.001470685000e+00
2.258333000000e+00,1.053420066830e+00,9.750928878800e-01,1.008971333500e+00,1.001067042400e+00
2.262500000000e+00,1.054495096210e+00,9.754291772800e-01,1.009381175000e+00,1.000666260700e+00
2.266667000000e+00,1.055549383160e+00,9.757046699500e-01,1.009750604600e+00,1.000271558800e+00
2.270833000000e+00,1.056570529940e+00,9.759160280200e-01,1.010077595700e+00,9.998863339000e-01
2.275000000000e+00,1.057547211650e+00,9.760603308700e-01,1.010360479400e+00,9.995132089000e-01
2.279167000000e+00,1.058468341830e+00,9.761349558800e-01,1.010597705800e+00,9.991552234000e-01
2.283333000000e+00,1.059323787690e+00,9.761379361200e-01,1.010787963900e+00,9.988150597000e-01
2.287500000000e+00,1.060105085370e+00,9.760679006600e-01,1.010930061300e+00,9.984951615000e-01
2.291667000000e+00,1.060804486270e+00,9.759242534600e-01,1.011023402200e+00,9.981979728000e-01
2.295833000000e+00,1.061416029930e+00,9.757071733500e-01,1.011067271200e+00,9.979255795000e-01
2.300000000000e+00,1.061935424800e+00,9.754177928000e-01,1.011061191600e+00,9.976798296000e-01
2.304167000000e+00,1.062359571460e+00,9.750581979800e-01,1.011005282400e+00,9.974623919000e-01
2.308333000000e+00,1.062687516210e+00,9.746315479300e-01,1.010899663000e+00,9.972747564000e-01
2.312500000000e+00,1.062919855120e+00,9.741416573500e-01,1.010744690900e+00,9.971179366000e-01
2.316667000000e+00,1.063058733940e+00,9.735937714600e-01,1.010541081400e+00,9.969928265000e-01
2.320833000000e+00,1.063108205800e+00,9.729940891300e-01,1.010289788200e+00,9.969000816000e-01
2.325000000000e+00,1.063073635100e+00,9.723492264700e-01,1.009991884200e+00,9.968399405000e-01
2.329167000000e+00,1.062961936000e+00,9.716671705200e-01,1.009648919100e+00,9.968124032000e-01
2.333333000000e+00,1.062781095500e+00,9.709565639500e-01,1.009262323400e+00,9.968172908000e-01
2.337500000000e+00,1.062540292740e+00,9.702262878400e-01,1.008834004400e+00,9.968540072000e-01
2.341667000000e+00,1.062249660490e+00,9.694860577600e-01,1.008365988700e+00,9.969217777000e-01
2.345833000000e+00,1.061920046810e+00,9.687460660900e-01,1.007860541300e+00,9.970196486000e-01
2.350000000000e+00,1.061562299730e+00,9.680161476100e-01,1.007319808000e+00,9.971461892000e-01
2.354167000000e+00,1.061188101770e+00,9.673065543200e-01,1.006746411300e+00,9.973000884000e-01
2.358333000000e+00,1.060808658600e+00,9.666274786000e-01,1.006143093100e+00,9.974793792000e-01
2.362500000000e+00,1.060434937480e+00,9.659882783900e-01,1.005512356800e+00,9.976823330000e-01
2.366667000000e+00,1.060077548030e+00,9.653981924100e-01,1.004857301700e+00,9.979068041000e-01
2.370833000000e+00,1.059746503830e+00,9.648659229300e-01,1.004181027400e+00,9.981504679000e-01
2.375000000000e+00,1.059450507160e+00,9.643990397500e-01,1.003486156500e+00,9.984110594000e-01
2.379167000000e+00,1.059197425840e+00,9.640042781800e-01,1.002776026700e+00,9.986859560000e-01
2.383333000000e+00,1.058994054790e+00,9.636875987100e-01,1.002053976100e+00,9.989724755000e-01
2.387500000000e+00,1.058845520020e+00,9.634532928500e-01,1.001322865500e+00,9.992680550000e-01
2.391667000000e+00,1.058755517010e+00,9.633048176800e-01,1.000586152100e+00,9.995698333000e-01
2.395833000000e+00,1.058726191520e+00,9.632443189600e-01,9.998471141000e-01,9.998749495000e-01
2.400000000000e+00,1.058758378030e+00,9.632723927500e-01,9.991087914000e-01,1.000180721300e+00
2.404167000000e+00,1.058850884440e+00,9.633885026000e-01,9.983745813000e-01,1.000484228100e+00
2.408333000000e+00,1.059001088140e+00,9.635906815500e-01,9.976478815000e-01,1.000782489800e+00
2.412500000000e+00,1.059205055240e+00,9.638757109600e-01,9.969316125000e-01,1.001073002800e+00
2.416667000000e+00,1.059457063670e+00,9.642392396900e-01,9.962289929000e-01,1.001352906200e+00
2.420833000000e+00,1.059750199320e+00,9.646754264800e-01,9.955434799000e-01,1.001619577400e+00
2.425000000000e+00,1.060076475140e+00,9.651778340300e-01,9.948776960000e-01,1.001870393800e+00
2.429167000000e+00,1.060426831250e+00,9.657388329500e-01,9.942348599000e-01,1.002103090300e+00
2.433333000000e+00,1.060790896420e+00,9.663497805600e-01,9.936180115000e-01,1.002315282800e+00
2.437500000000e+00,1.061158537860e+00,9.670020341900e-01,9.930295944000e-01,1.002504825600e+00
2.441667000000e+00,1.061518311500e+00,9.676857590700e-01,9.924725294000e-01,1.002669811200e+00
2.445833000000e+00,1.061859011650e+00,9.683910012200e-01,9.919494987000e-01,1.002808451700e+00
2.450000000000e+00,1.062169551850e+00,9.691080451000e-01,9.914626479000e-01,1.002919197100e+00
2.454167000000e+00,1.062438964840e+00,9.698266387000e-01,9.910143018000e-01,1.003000736200e+00
2.458333000000e+00,1.062656521800e+00,9.705367088300e-01,9.906067252000e-01,1.003051996200e+00
2.462500000000e+00,1.062812805180e+00,9.712291955900e-01,9.902415872000e-01,1.003072142600e+00
2.466667000000e+00,1.062898755070e+00,9.718948006600e-01,9.899207354000e-01,1.003060460100e+00
2.470833000000e+00,1.062906861310e+00,9.725250005700e-01,9.896456599000e-01,1.003016829500e+00
2.475000000000e+00,1.062830805780e+00,9.731123447400e-01,9.894174933000e-01,1.002941131600e+00
2.479167000000e+00,1.062665581700e+00,9.736497998200e-01,9.892373681000e-01,1.002833485600e+00
2.483333000000e+00,1.062407851220e+00,9.741314053500e-01,9.891061187000e-01,1.002694606800e+00
2.487500000000e+00,1.062055826190e+00,9.745523333500e-01,9.890241623000e-01,1.002525210400e+00
2.491667000000e+00,1.061609506610e+00,9.749085307100e-01,9.889918566000e-01,1.002326250100e+00
2.495833000000e+00,1.061070680620e+00,9.751968979800e-01,9.890092611000e-01,1.002099156400e+00
2.500000000000e+00,1.060442447660e+00,9.754156470300e-01,9.890761375000e-01,1.001845479000e+00
2.504167000000e+00,1.059729814530e+00,9.755635857600e-01,9.891920686000e-01,1.001566886900e+00
2.508333000000e+00,1.058939576150e+00,9.756405949600e-01,9.893561602000e-01,1.001265764200e+00
2.512500000000e+00,1.058079123500e+00,9.756473898900e-01,9.895676970000e-01,1.000944018400e+00
2.516667000000e+00,1.057157754900e+00,9.755854010600e-01,9.898253083000e-01,1.000604152700e+00
2.520833000000e+00,1.056186079980e+00,9.754565954200e-01,9.901275635000e-01,1.000249028200e+00
2.525000000000e+00,1.055174469950e+00,9.752635955800e-01,9.904729128000e-01,9.998810887000e-01
2.529167000000e+00,1.054135203360e+00,9.750094413800e-01,9.908595681000e-01,9.995033145000e-01
2.533333000000e+00,1.053080677990e+00,9.746975898700e-01,9.912852645000e-01,9.991188645000e-01
2.537500000000e+00,1.052022933960e+00,9.743314385400e-01,9.917480946000e-01,9.987305999000e-01
2.541667000000e+00,1.050974726680e+00,9.739147424700e-01,9.922455549000e-01,9.983417392000e-01
2.545833000000e+00,1.049948692320e+00,9.734514355700e-01,9.927750826000e-01,9.979555607000e-01
2.550000000000e+00,1.048956394200e+00,9.729449749000e-01,9.933341742000e-01,9.975750446000e-01
2.554167000000e+00,1.048009276390e+00,9.723991155600e-01,9.939200878000e-01,9.972034693000e-01
2.558333000000e+00,1.047118425370e+00,9.718175530400e-01,9.945297837000e-01,9.968439937000e-01
2.562500000000e+00,1.046292901040e+00,9.712033271800e-01,9.951606989000e-01,9.964995384000e-01
2.566667000000e+00,1.045541644100e+00,9.705597758300e-01,9.958095551000e-01,9.961731434000e-01
2.570833000000e+00,1.044872403140e+00,9.698900580400e-01,9.964733124000e-01,9.958677888000e-01
2.575000000000e+00,1.044291019440e+00,9.691967368100e-01,9.971491694000e-01,9.955860376000e-01
2.579167000000e+00,1.043802499770e+00,9.684826135600e-01,9.978338480000e-01,9.953305721000e-01
2.583333000000e+00,1.043410658840e+00,9.677506089200e-01,9.985241294000e-01,9.951038361000e-01
2.587500000000e+00,1.043117284770e+00,9.670027494400e-01,9.992172122000e-01,9.949079752000e-01
2.591667000000e+00,1.042923450470e+00,9.662419557600e-01,9.999098778000e-01,9.947451353000e-01
2.595833000000e+00,1.042828679080e+00,9.654709100700e-01,1.000598907500e+00,9.946170449000e-01
2.600000000000e+00,1.042831063270e+00,9.646919965700e-01,1.001281619100e+00,9.945253134000e-01
2.604167000000e+00,1.042927861210e+00,9.639083743100e-01,1.001954913100e+00,9.944712520000e-01
2.608333000000e+00,1.043114900590e+00,9.631232023200e-01,1.002615690200e+00,9.944559932000e-01
2.612500000000e+00,1.043387413020e+00,9.623395800600e-01,1.003261447000e+00,9.944802523000e-01
2.616667000000e+00,1.043739318850e+00,9.615613222100e-01,1.003889322300e+00,9.945446253000e-01
2.620833000000e+00,1.044163942340e+00,9.607926011100e-01,1.004496693600e+00,9.946492910000e-01
2.625000000000e+00,1.044654488560e+00,9.600372910500e-01,1.005081176800e+00,9.947943091000e-01
2.629167000000e+00,1.045203208920e+00,9.593003392200e-01,1.005640149100e+00,9.949793220000e-01
2.633333000000e+00,1.045801997180e+00,9.585869312300e-01,1.006171345700e+00,9.952036142000e-01
2.637500000000e+00,1.046442985530e+00,9.579019546500e-01,1.006672978400e+00,9.954664111000e-01
2.641667000000e+00,1.047118067740e+00,9.572511315300e-01,1.007142663000e+00,9.957665205000e-01
2.645833000000e+00,1.047819137570e+00,9.566403627400e-01,1.007578730600e+00,9.961023331000e-01
2.650000000000e+00,1.048538565640e+00,9.560753107100e-01,1.007979631400e+00,9.964723587000e-01
2.654167000000e+00,1.049268960950e+00,9.555620551100e-01,1.008343577400e+00,9.968745112000e-01
2.658333000000e+00,1.050003170970e+00,9.551067352300e-01,1.008669495600e+00,9.973064065000e-01
2.662500000000e+00,1.050735116000e+00,9.547149539000e-01,1.008956193900e+00,9.977657795000e-01
2.666667000000e+00,1.051458716390e+00,9.543924331700e-01,1.009202718700e+00,9.982499480000e-01
2.670833000000e+00,1.052168726920e+00,9.541445970500e-01,1.009408235500e+00,9.987558126000e-01
2.675000000000e+00,1.052861094470e+00,9.539763331400e-01,1.009572267500e+00,9.992805123000e-01
2.679167000000e+00,1.053531765940e+00,9.538919329600e-01,1.009694337800e+00,9.998208284000e-01
2.683333000000e+00,1.054177641870e+00,9.538953304300e-01,1.009774327300e+00,1.000373005900e+00
2.687500000000e+00,1.054796934130e+00,9.539894461600e-01,1.009812235800e+00,1.000934124000e+00
2.691667000000e+00,1.055387735370e+00,9.541766643500e-01,1.009808182700e+00,1.001500129700e+00
2.695833000000e+00,1.055949330330e+00,9.544582366900e-01,1.009762764000e+00,1.002067208300e+00
2.700000000000e+00,1.056481719020e+00,9.548348188400e-01,1.009676218000e+00,1.002632021900e+00
2.704167000000e+00,1.056985139850e+00,9.553058147400e-01,1.009549498600e+00,1.003190517400e+00
2.708333000000e+00,1.057460427280e+00,9.558695554700e-01,1.009383559200e+00,1.003738880200e+00
2.712500000000e+00,1.057909250260e+00,9.565238952600e-01,1.009179353700e+00,1.004273414600e+00
2.716667000000e+00,1.058333396910e+00,9.572650790200e-01,1.008938193300e+00,1.004790306100e+00
2.720833000000e+00,1.058734655380e+00,9.580885767900e-01,1.008661389400e+00,1.005285620700e+00
2.725000000000e+00,1.059115648270e+00,9.589892625800e-01,1.008350491500e+00,1.005756259000e+00
2.729167000000e+00,1.059478759770e+00,9.599608182900e-01,1.008007168800e+00,1.006198287000e+00
2.733333000000e+00,1.059826493260e+00,9.609959721600e-01,1.007633209200e+00,1.006608367000e+00
2.737500000000e+00,1.060161590580e+00,9.620874524100e-01,1.007230520200e+00,1.006983637800e+00
2.741667000000e+00,1.060486316680e+00,9.632268548000e-01,1.006801009200e+00,1.007320761700e+00
2.745833000000e+00,1.060802936550e+00,9.644052386300e-01,1.006346941000e+00,1.007616996800e+00
2.750000000000e+00,1.061113715170e+00,9.656141996400e-01,1.005870223000e+00,1.007869958900e+00
2.754167000000e+00,1.061420440670e+00,9.668443203000e-01,1.005373120300e+00,1.008077263800e+00
2.758333000000e+00,1.061724662780e+00,9.680861234700e-01,1.004858136200e+00,1.008236765900e+00
2.762500000000e+00,1.062027812000e+00,9.693310856800e-01,1.004327416400e+00,1.008346796000e+00
2.766667000000e+00,1.062330484390e+00,9.705701470400e-01,1.003783345200e+00,1.008406043100e+00
2.770833000000e+00,1.062633395200e+00,9.717944860500e-01,1.003228306800e+00,1.008413434000e+00
2.775000000000e+00,1.062936663630e+00,9.729966521300e-01,1.002664685200e+00,1.008368015300e+00
2.779167000000e+00,1.063240051270e+00,9.741687774700e-01,1.002094984100e+00,1.008269667600e+00
2.783333000000e+00,1.063542962070e+00,9.753037095100e-01,1.001521587400e+00,1.008118152600e+00
2.787500000000e+00,1.063844442370e+00,9.763957858100e-01,1.000946641000e+00,1.007913947100e+00
2.791667000000e+00,1.064143180850e+00,9.774392247200e-01,1.000372767400e+00,1.007657527900e+00
2.795833000000e+00,1.064437389370e+00,9.784288406400e-01,9.998023510000e-01,1.007350325600e+00
2.800000000000e+00,1.064725279810e+00,9.793606996500e-01,9.992374182000e-01,1.006993293800e+00
2.804167000000e+00,1.065004706380e+00,9.802318215400e-01,9.986802340000e-01,1.006588339800e+00
2.808333000000e+00,1.065273165700e+00,9.810388684300e-01,9.981331825000e-01,1.006137847900e+00
2.812500000000e+00,1.065528035160e+00,9.817799925800e-01,9.975980520000e-01,1.005643844600e+00
2.816667000000e+00,1.065766334530e+00,9.824532270400e-01,9.970769882000e-01,1.005109190900e+00
2.820833000000e+00,1.065985202790e+00,9.830570817000e-01,9.965721369000e-01,1.004537105600e+00
2.825000000000e+00,1.066181421280e+00,9.835908412900e-01,9.960849881000e-01,1.003930449500e+00
2.829167000000e+00,1.066351771350e+00,9.840536117600e-01,9.956173897000e-01,1.003293037400e+00
2.833333000000e+00,1.066493153570e+00,9.844444990200e-01,9.951711893000e-01,1.002628922500e+00
2.837500000000e+00,1.066602110860e+00,9.847632050500e-01,9.947476983000e-01,1.001941442500e+00
2.841667000000e+00,1.066675543790e+00,9.850087761900e-01,9.943484068000e-01,1.001235127400e+00
2.845833000000e+00,1.066710233690e+00,9.851804971700e-01,9.939746857000e-01,1.000514507300e+00
2.850000000000e+00,1.066703200340e+00,9.852772951100e-01,9.936275482000e-01,9.997835159000e-01
2.854167000000e+00,1.066651225090e+00,9.852980375300e-01,9.933082461000e-01,9.990469813000e-01
2.858333000000e+00,1.066551804540e+00,9.852412343000e-01,9.930176139000e-01,9.983095527000e-01
2.862500000000e+00,1.066402435300e+00,9.851050972900e-01,9.927564859000e-01,9.975755811000e-01
2.866667000000e+00,1.066200613980e+00,9.848876595500e-01,9.925255179000e-01,9.968499541000e-01
2.870833000000e+00,1.065944671630e+00,9.845868349100e-01,9.923253655000e-01,9.961373210000e-01
2.875000000000e+00,1.065632700920e+00,9.842002391800e-01,9.921562672000e-01,9.954420328000e-01
2.879167000000e+00,1.065263748170e+00,9.837254881900e-01,9.920185804000e-01,9.947686791000e-01
2.883333000000e+00,1.064836978910e+00,9.831604957600e-01,9.919125438000e-01,9.941217899000e-01
2.887500000000e+00,1.064351916310e+00,9.825027585000e-01,9.918380976000e-01,9.935053587000e-01
2.891667000000e+00,1.063808918000e+00,9.817506074900e-01,9.917951822000e-01,9.929234982000e-01
2.895833000000e+00,1.063208818440e+00,9.809027314200e-01,9.917835593000e-01,9.923802614000e-01
2.900000000000e+00,1.062552571300e+00,9.799578785900e-01,9.918029308000e-01,9.918789864000e-01
2.904167000000e+00,1.061842322350e+00,9.789159297900e-01,9.918528795000e-01,9.914231300000e-01
2.908333000000e+00,1.061080694200e+00,9.777778983100e-01,9.919327497000e-01,9.910159111000e-01
2.912500000000e+00,1.060270428660e+00,9.765447378200e-01,9.920419455000e-01,9.906598926000e-01
2.916667000000e+00,1.059415459630e+00,9.752194285400e-01,9.921797514000e-01,9.903576970000e-01
2.920833000000e+00,1.058520436290e+00,9.738061428100e-01,9.923452735000e-01,9.901113510000e-01
2.925000000000e+00,1.057589888570e+00,9.723092913600e-01,9.925376177000e-01,9.899225235000e-01
2.929167000000e+00,1.056629419330e+00,9.707355499300e-01,9.927557111000e-01,9.897927046000e-01
2.933333000000e+00,1.055645465850e+00,9.690930247300e-01,9.929984808000e-01,9.897227883000e-01
2.937500000000e+00,1.054644107820e+00,9.673900604200e-01,9.932647943000e-01,9.897134304000e-01
2.941667000000e+00,1.053632497790e+00,9.656373262400e-01,9.935535192000e-01,9.897647500000e-01
2.945833000000e+00,1.052618384360e+00,9.638468027100e-01,9.938632250000e-01,9.898765683000e-01
2.950000000000e+00,1.051608920100e+00,9.620303511600e-01,9.941927195000e-01,9.900484085000e-01
2.954167000000e+00,1.050612211230e+00,9.602020382900e-01,9.945406914000e-01,9.902791977000e-01
2.958333000000e+00,1.049636602400e+00,9.583768844600e-01,9.949055314000e-01,9.905675054000e-01
2.962500000000e+00,1.048689842220e+00,9.565693736100e-01,9.952861071000e-01,9.909119010000e-01
2.966667000000e+00,1.047780156140e+00,9.547954201700e-01,9.956808090000e-01,9.913102388000e-01
2.970833000000e+00,1.046915769580e+00,9.530717730500e-01,9.960881472000e-01,9.917600155000e-01
2.975000000000e+00,1.046103954320e+00,9.514135122300e-01,9.965067506000e-01,9.922588468000e-01
2.979167000000e+00,1.045352220540e+00,9.498370885800e-01,9.969351292000e-01,9.928036332000e-01
2.983333000000e+00,1.044667720790e+00,9.483582973500e-01,9.973716736000e-01,9.933910370000e-01
2.987500000000e+00,1.044056534770e+00,9.469913244200e-01,9.978150725000e-01,9.940179586000e-01
2.991667000000e+00,1.043524622920e+00,9.457506537400e-01,9.982637167000e-01,9.946806431000e-01
2.995833000000e+00,1.043077349660e+00,9.446493983300e-01,9.987160563000e-01,9.953749776000e-01
3.000000000000e+00,1.042718648910e+00,9.436988830600e-01,9.991708398000e-01,9.960973263000e-01
3.004167000000e+00,1.042452335360e+00,9.429095387500e-01,9.996263981000e-01,9.968433976000e-01
3.008333000000e+00,1.042281150820e+00,9.422901868800e-01,1.000081300700e+00,9.976087213000e-01
3.012500000000e+00,1.042206645010e+00,9.418475031900e-01,1.000534176800e+00,9.983892441000e-01
3.016667000000e+00,1.042229890820e+00,9.415866732600e-01,1.000983595800e+00,9.991803765000e-01
3.020833000000e+00,1.042350649830e+00,9.415108561500e-01,1.001428008100e+00,9.999774694000e-01
3.025000000000e+00,1.042567968370e+00,9.416211247400e-01,1.001866340600e+00,1.000776171700e+00
3.029167000000e+00,1.042879700660e+00,9.419166445700e-01,1.002296924600e+00,1.001571893700e+00
3.033333000000e+00,1.043282985690e+00,9.423943758000e-01,1.002718567800e+00,1.002359867100e+00
3.037500000000e+00,1.043774127960e+00,9.430497884800e-01,1.003130078300e+00,1.003135919600e+00
3.041667000000e+00,1.044348239900e+00,9.438759684600e-01,1.003530025500e+00,1.003895402000e+00
3.045833000000e+00,1.044999957080e+00,9.448641538600e-01,1.003917217300e+00,1.004633665100e+00
3.050000000000e+00,1.045723438260e+00,9.460045695300e-01,1.004290580700e+00,1.005346655800e+00
3.054167000000e+00,1.046511530880e+00,9.472852945300e-01,1.004648804700e+00,1.006030201900e+00
3.058333000000e+00,1.047356963160e+00,9.486928582200e-01,1.004990816100e+00,1.006680011700e+00
3.062500000000e+00,1.048252224920e+00,9.502137303400e-01,1.005315542200e+00,1.007292509100e+00
3.066667000000e+00,1.049188971520e+00,9.518324136700e-01,1.005622029300e+00,1.007863760000e+00
3.070833000000e+00,1.050158858300e+00,9.535326361700e-01,1.005909204500e+00,1.008390188200e+00
3.075000000000e+00,1.051153540610e+00,9.552987813900e-01,1.006176233300e+00,1.008868932700e+00
3.079167000000e+00,1.052164554600e+00,9.571139812500e-01,1.006422162100e+00,1.009296655700e+00
3.083333000000e+00,1.053183197980e+00,9.589613080000e-01,1.006646275500e+00,1.009670734400e+00
3.087500000000e+00,1.054201722150e+00,9.608251452400e-01,1.006847739200e+00,1.009988904000e+00
3.091667000000e+00,1.055211901660e+00,9.626893401100e-01,1.007025837900e+00,1.010249018700e+00
3.095833000000e+00,1.056205987930e+00,9.645383954000e-01,1.007180094700e+00,1.010449409500e+00
3.100000000000e+00,1.057177662850e+00,9.663589596700e-01,1.007309794400e+00,1.010588765100e+00
3.104167000000e+00,1.058120012280e+00,9.681374430700e-01,1.007414460200e+00,1.010666132000e+00
3.108333000000e+00,1.059026956560e+00,9.698614478100e-01,1.007493734400e+00,1.010680913900e+00
3.112500000000e+00,1.059893965720e+00,9.715212583500e-01,1.007547140100e+00,1.010632991800e+00
3.116667000000e+00,1.060716390610e+00,9.731072783500e-01,1.007574558300e+00,1.010522604000e+00
3.120833000000e+00,1.061490297320e+00,9.746113419500e-01,1.007575750400e+00,1.010350585000e+00
3.125000000000e+00,1.062213182450e+00,9.760279655500e-01,1.007550597200e+00,1.010117650000e+00
3.129167000000e+00,1.062882661820e+00,9.773519039200e-01,1.007499098800e+00,1.009825587300e+00
3.133333000000e+00,1.063497304920e+00,9.785795211800e-01,1.007421135900e+00,1.009476184800e+00
3.137500000000e+00,1.064056754110e+00,9.797092676200e-01,1.007316947000e+00,1.009071588500e+00
3.141667000000e+00,1.064560770990e+00,9.807399511300e-01,1.007186651200e+00,1.008614301700e+00
3.145833000000e+00,1.065009951590e+00,9.816715121300e-01,1.007030725500e+00,1.008107662200e+00
3.150000000000e+00,1.065405607220e+00,9.825056195300e-01,1.006849288900e+00,1.007554292700e+00
3.154167000000e+00,1.065749406810e+00,9.832438826600e-01,1.006642937700e+00,1.006958246200e+00
3.158333000000e+00,1.066043376920e+00,9.838887453100e-01,1.006412267700e+00,1.006323099100e+00
3.162500000000e+00,1.066290140150e+00,9.844433665300e-01,1.006157636600e+00,1.005652904500e+00
3.166667000000e+00,1.066492319110e+00,9.849107861500e-01,1.005879998200e+00,1.004951715500e+00
3.170833000000e+00,1.066652655600e+00,9.852943420400e-01,1.005580186800e+00,1.004224419600e+00
3.175000000000e+00,1.066774368290e+00,9.855973124500e-01,1.005258679400e+00,1.003475189200e+00
3.179167000000e+00,1.066860437390e+00,9.858227968200e-01,1.004916787100e+00,1.002708673500e+00
3.183333000000e+00,1.066913843150e+00,9.859734773600e-01,1.004555463800e+00,1.001930117600e+00
3.187500000000e+00,1.066937446590e+00,9.860517978700e-01,1.004175543800e+00,1.001143813100e+00
3.191667000000e+00,1.066933870320e+00,9.860596060800e-01,1.003778457600e+00,1.000354886100e+00
3.195833000000e+00,1.066905856130e+00,9.859983921100e-01,1.003365397500e+00,9.995682240000e-01
3.200000000000e+00,1.066855430600e+00,9.858689904200e-01,1.002937436100e+00,9.987884760000e-01
3.204167000000e+00,1.066784620290e+00,9.856718182600e-01,1.002496242500e+00,9.980204105000e-01
3.208333000000e+00,1.066695213320e+00,9.854068756100e-01,1.002043128000e+00,9.972690344000e-01
3.212500000000e+00,1.066588401790e+00,9.850735664400e-01,1.001579523100e+00,9.965383410000e-01
3.216667000000e+00,1.066465258600e+00,9.846711158800e-01,1.001107096700e+00,9.958330393000e-01
3.220833000000e+00,1.066326498990e+00,9.841986894600e-01,1.000627398500e+00,9.951574802000e-01
3.225000000000e+00,1.066172480580e+00,9.836549162900e-01,1.000141978300e+00,9.945152998000e-01
3.229167000000e+00,1.066003322600e+00,9.830388426800e-01,9.996527433000e-01,9.939104319000e-01
3.233333000000e+00,1.065818786620e+00,9.823497533800e-01,9.991613030000e-01,9.933465123000e-01
3.237500000000e+00,1.065618515010e+00,9.815866947200e-01,9.986693859000e-01,9.928265214000e-01
3.241667000000e+00,1.065401911740e+00,9.807496070900e-01,9.981788397000e-01,9.923534989000e-01
3.245833000000e+00,1.065168261530e+00,9.798392653500e-01,9.976916313000e-01,9.919302464000e-01
3.250000000000e+00,1.064916491510e+00,9.788562655400e-01,9.972094297000e-01,9.915587306000e-01
3.254167000000e+00,1.064645648000e+00,9.778026342400e-01,9.967340827000e-01,9.912409782000e-01
3.258333000000e+00,1.064354896550e+00,9.766815900800e-01,9.962676764000e-01,9.909785986000e-01
3.262500000000e+00,1.064042925830e+00,9.754961729000e-01,9.958118200000e-01,9.907727242000e-01
3.266667000000e+00,1.063708662990e+00,9.742514491100e-01,9.953685403000e-01,9.906240702000e-01
3.270833000000e+00,1.063351392750e+00,9.729533791500e-01,9.949396253000e-01,9.905332327000e-01
3.275000000000e+00,1.062970042230e+00,9.716080427200e-01,9.945268631000e-01,9.905000329000e-01
3.279167000000e+00,1.062563776970e+00,9.702233672100e-01,9.941319823000e-01,9.905241728000e-01
3.283333000000e+00,1.062132239340e+00,9.688081741300e-01,9.937569499000e-01,9.906049371000e-01
3.287500000000e+00,1.061674714090e+00,9.673712253600e-01,9.934031367000e-01,9.907412529000e-01
3.291667000000e+00,1.061190962790e+00,9.659227728800e-01,9.930723906000e-01,9.909315705000e-01
3.295833000000e+00,1.060681104660e+00,9.644737243700e-01,9.927662015000e-01,9.911741614000e-01
3.300000000000e+00,1.060145258900e+00,9.630343914000e-01,9.924860001000e-01,9.914669991000e-01
3.304167000000e+00,1.059583663940e+00,9.616163969000e-01,9.922332168000e-01,9.918075204000e-01
3.308333000000e+00,1.058997511860e+00,9.602313041700e-01,9.920091629000e-01,9.921930432000e-01
3.312500000000e+00,1.058387279510e+00,9.588899016400e-01,9.918150306000e-01,9.926208258000e-01
3.316667000000e+00,1.057754397390e+00,9.576034545900e-01,9.916519523000e-01,9.930875301000e-01
3.320833000000e+00,1.057100653650e+00,9.563828706700e-01,9.915208220000e-01,9.935896993000e-01
3.325000000000e+00,1.056427598000e+00,9.552378058400e-01,9.914225340000e-01,9.941240549000e-01
3.329167000000e+00,1.055737495420e+00,9.541777968400e-01,9.913578033000e-01,9.946867228000e-01
3.333333000000e+00,1.055032968520e+00,9.532117843600e-01,9.913272858000e-01,9.952737689000e-01
3.337500000000e+00,1.054316639900e+00,9.523468017600e-01,9.913313389000e-01,9.958815575000e-01
3.341667000000e+00,1.053591609000e+00,9.515897631600e-01,9.913703799000e-01,9.965058565000e-01
3.345833000000e+00,1.052861571310e+00,9.509462118100e-01,9.914445281000e-01,9.971425533000e-01
3.350000000000e+00,1.052129745480e+00,9.504200816200e-01,9.915538430000e-01,9.977878928000e-01
3.354167000000e+00,1.051400303840e+00,9.500146508200e-01,9.916982055000e-01,9.984376431000e-01
3.358333000000e+00,1.050677537920e+00,9.497317075700e-01,9.918773174000e-01,9.990875125000e-01
3.362500000000e+00,1.049965500830e+00,9.495716691000e-01,9.920908809000e-01,9.997339249000e-01
3.366667000000e+00,1.049269199370e+00,9.495339989700e-01,9.923382401000e-01,1.000372767400e+00
3.370833000000e+00,1.048593282700e+00,9.496167898200e-01,9.926186204000e-01,1.000999927500e+00
3.375000000000e+00,1.047942519190e+00,9.498171210300e-01,9.929313660000e-01,1.001612186400e+00
3.379167000000e+00,1.047322034840e+00,9.501309990900e-01,9.932754040000e-01,1.002205729500e+00
3.383333000000e+00,1.046737074850e+00,9.505533576000e-01,9.936494827000e-01,1.002776861200e+00
3.387500000000e+00,1.046192407610e+00,9.510785341300e-01,9.940525889000e-01,1.003322720500e+00
3.391667000000e+00,1.045693039890e+00,9.516999125500e-01,9.944831133000e-01,1.003839969600e+00
3.395833000000e+00,1.045244216920e+00,9.524101018900e-01,9.949395061000e-01,1.004325747500e+00
3.400000000000e+00,1.044850230220e+00,9.532017707800e-01,9.954202771000e-01,1.004777669900e+00
3.404167000000e+00,1.044515728950e+00,9.540665149700e-01,9.959236383000e-01,1.005192995100e+00
3.408333000000e+00,1.044245243070e+00,9.549958705900e-01,9.964475036000e-01,1.005569577200e+00
3.412500000000e+00,1.044042229650e+00,9.559816122100e-01,9.969901443000e-01,1.005905747400e+00
3.416667000000e+00,1.043910384180e+00,9.570150375400e-01,9.975493550000e-01,1.006199836700e+00
3.420833000000e+00,1.043852686880e+00,9.580873251000e-01,9.981228113000e-01,1.006450295400e+00
3.425000000000e+00,1.043871521950e+00,9.591905474700e-01,9.987085462000e-01,1.006656289100e+00
3.429167000000e+00,1.043968796730e+00,9.603163600000e-01,9.993040562000e-01,1.006817102400e+00
3.433333000000e+00,1.044145703320e+00,9.614565968500e-01,9.999067187000e-01,1.006932020200e+00
3.437500000000e+00,1.044402718540e+00,9.626042842900e-01,1.000514388100e+00,1.007001280800e+00
3.441667000000e+00,1.044739723210e+00,9.637520909300e-01,1.001124382000e+00,1.007024765000e+00
3.445833000000e+00,1.045155406000e+00,9.648930430400e-01,1.001734018300e+00,1.007003068900e+00
3.450000000000e+00,1.045648217200e+00,9.660214185700e-01,1.002340912800e+00,1.006936907800e+00
3.454167000000e+00,1.046215176580e+00,9.671310782400e-01,1.002942323700e+00,1.006827473600e+00
3.458333000000e+00,1.046852588650e+00,9.682164192200e-01,1.003535389900e+00,1.006675958600e+00
3.462500000000e+00,1.047556400300e+00,9.692729711500e-01,1.004117846500e+00,1.006484150900e+00
3.466667000000e+00,1.048321247100e+00,9.702958464600e-01,1.004686832400e+00,1.006253838500e+00
3.470833000000e+00,1.049140572550e+00,9.712805151900e-01,1.005239605900e+00,1.005987167400e+00
3.475000000000e+00,1.050008177760e+00,9.722234010700e-01,1.005773782700e+00,1.005686521500e+00
3.479167000000e+00,1.050916314130e+00,9.731206297900e-01,1.006286859500e+00,1.005354404400e+00
3.483333000000e+00,1.051856398580e+00,9.739683866500e-01,1.006776094400e+00,1.004993796300e+00
3.487500000000e+00,1.052820205690e+00,9.747638702400e-01,1.007239460900e+00,1.004607439000e+00
3.491667000000e+00,1.053798437120e+00,9.755035638800e-01,1.007674336400e+00,1.004198312800e+00
3.495833000000e+00,1.054781317710e+00,9.761843085300e-01,1.008078575100e+00,1.003769993800e+00
3.500000000000e+00,1.055759787560e+00,9.768035411800e-01,1.008450150500e+00,1.003325581600e+00
3.504167000000e+00,1.056723713870e+00,9.773582816100e-01,1.008787035900e+00,1.002868413900e+00
3.508333000000e+00,1.057663321500e+00,9.778457880000e-01,1.009087324100e+00,1.002402067200e+00
3.512500000000e+00,1.058569788930e+00,9.782637357700e-01,1.009349584600e+00,1.001929998400e+00
3.516667000000e+00,1.059433817860e+00,9.786097407300e-01,1.009572148300e+00,1.001455545400e+00
3.520833000000e+00,1.060246825220e+00,9.788815975200e-01,1.009753704100e+00,1.000982523000e+00
3.525000000000e+00,1.061001420020e+00,9.790775775900e-01,1.009893059700e+00,1.000513911200e+00
3.529167000000e+00,1.061690688130e+00,9.791963100400e-01,1.009989380800e+00,1.000053167300e+00
3.533333000000e+00,1.062308192250e+00,9.792365431800e-01,1.010041952100e+00,9.996037483000e-01
3.537500000000e+00,1.062849640850e+00,9.791978597600e-01,1.010050177600e+00,9.991683960000e-01
3.541667000000e+00,1.063310980800e+00,9.790801405900e-01,1.010013818700e+00,9.987503290000e-01
3.545833000000e+00,1.063689708710e+00,9.788839817000e-01,1.009932756400e+00,9.983522892000e-01
3.550000000000e+00,1.063984870910e+00,9.786105155900e-01,1.009807109800e+00,9.979767799000e-01
3.554167000000e+00,1.064196228980e+00,9.782617688200e-01,1.009637236600e+00,9.976262450000e-01
3.558333000000e+00,1.064325332640e+00,9.778405427900e-01,1.009423971200e+00,9.973029494000e-01
3.562500000000e+00,1.064374923710e+00,9.773501157800e-01,1.009167909600e+00,9.970086217000e-01
3.566667000000e+00,1.064348816870e+00,9.767947793000e-01,1.008870005600e+00,9.967450500000e-01
3.570833000000e+00,1.064252138140e+00,9.761798977900e-01,1.008531808900e+00,9.965136647000e-01
3.575000000000e+00,1.064090967180e+00,9.755109548600e-01,1.008154511500e+00,9.963155389000e-01
3.579167000000e+00,1.063872456550e+00,9.747946858400e-01,1.007739663100e+00,9.961516261000e-01
3.583333000000e+00,1.063604593280e+00,9.740385413200e-01,1.007289409600e+00,9.960224628000e-01
3.587500000000e+00,1.063295722010e+00,9.732499718700e-01,1.006805419900e+00,9.959283471000e-01
3.591667000000e+00,1.062954902650e+00,9.724376201600e-01,1.006289959000e+00,9.958693385000e-01
3.595833000000e+00,1.062591552730e+00,9.716104865100e-01,1.005745410900e+00,9.958451986000e-01
3.600000000000e+00,1.062214970590e+00,9.707772731800e-01,1.005173802400e+00,9.958553314000e-01
3.604167000000e+00,1.061834454540e+00,9.699473381000e-01,1.004578113600e+00,9.958990812000e-01
3.608333000000e+00,1.061459183690e+00,9.691303372400e-01,1.003960847900e+00,9.959753752000e-01
3.612500000000e+00,1.061097502710e+00,9.683350324600e-01,1.003324508700e+00,9.960830212000e-01
3.616667000000e+00,1.060757637020e+00,9.675705432900e-01,1.002672076200e+00,9.962204099000e-01
3.620833000000e+00,1.060446858410e+00,9.668456912000e-01,1.002006650000e+00,9.963859320000e-01
3.625000000000e+00,1.060171127320e+00,9.661682248100e-01,1.001330852500e+00,9.965777397000e-01
3.629167000000e+00,1.059935688970e+00,9.655457139000e-01,1.000647664100e+00,9.967936873000e-01
3.633333000000e+00,1.059744834900e+00,9.649849534000e-01,9.999604225000e-01,9.970315099000e-01
3.637500000000e+00,1.059601068500e+00,9.644914865500e-01,9.992717505000e-01,9.972889423000e-01
3.641667000000e+00,1.059506058690e+00,9.640701413200e-01,9.985849261000e-01,9.975634813000e-01
3.645833000000e+00,1.059459924700e+00,9.637250304200e-01,9.979031086000e-01,9.978524446000e-01
3.650000000000e+00,1.059461355210e+00,9.634584784500e-01,9.972289801000e-01,9.981532097000e-01
3.654167000000e+00,1.059507966040e+00,9.632720947300e-01,9.965656996000e-01,9.984630942000e-01
3.658333000000e+00,1.059595823290e+00,9.631662368800e-01,9.959165454000e-01,9.987791181000e-01
3.662500000000e+00,1.059720039370e+00,9.631400704400e-01,9.952839613000e-01,9.990986586000e-01
3.666667000000e+00,1.059874534610e+00,9.631915688500e-01,9.946710467000e-01,9.994187355000e-01
3.670833000000e+00,1.060052156450e+00,9.633175730700e-01,9.940807223000e-01,9.997366071000e-01
3.675000000000e+00,1.060245037080e+00,9.635140895800e-01,9.935154915000e-01,1.000049591100e+00
3.679167000000e+00,1.060444712640e+00,9.637758731800e-01,9.929780960000e-01,1.000354766800e+00
3.683333000000e+00,1.060642004010e+00,9.640969038000e-01,9.924710989000e-01,1.000649571400e+00
3.687500000000e+00,1.060827612880e+00,9.644705057100e-01,9.919967651000e-01,1.000931620600e+00
3.691667000000e+00,1.060992002490e+00,9.648893475500e-01,9.915574193000e-01,1.001198291800e+00
3.695833000000e+00,1.061125874520e+00,9.653453230900e-01,9.911552668000e-01,1.001447320000e+00
3.700000000000e+00,1.061220169070e+00,9.658305645000e-01,9.907921553000e-01,1.001676678700e+00
3.704167000000e+00,1.061266541480e+00,9.663365483300e-01,9.904698730000e-01,1.001884341200e+00
3.708333000000e+00,1.061256885530e+00,9.668547511100e-01,9.901901484000e-01,1.002068519600e+00
3.712500000000e+00,1.061184406280e+00,9.673770666100e-01,9.899542332000e-01,1.002227783200e+00
3.716667000000e+00,1.061043381690e+00,9.678954482100e-01,9.897633791000e-01,1.002360463100e+00
3.720833000000e+00,1.060829162600e+00,9.684020280800e-01,9.896185994000e-01,1.002465724900e+00
3.725000000000e+00,1.060538411140e+00,9.688900113100e-01,9.895206094000e-01,1.002542614900e+00
3.729167000000e+00,1.060169100760e+00,9.693527817700e-01,9.894699454000e-01,1.002590537100e+00
3.733333000000e+00,1.059721231460e+00,9.697845578200e-01,9.894669056000e-01,1.002609014500e+00
3.737500000000e+00,1.059195637700e+00,9.701805114700e-01,9.895114899000e-01,1.002597928000e+00
3.741667000000e+00,1.058595299720e+00,9.705364704100e-01,9.896035790000e-01,1.002557516100e+00
3.745833000000e+00,1.057924389840e+00,9.708491563800e-01,9.897425771000e-01,1.002488017100e+00
3.750000000000e+00,1.057188391690e+00,9.711163044000e-01,9.899280071000e-01,1.002390265500e+00
3.754167000000e+00,1.056394338610e+00,9.713363051400e-01,9.901588559000e-01,1.002264976500e+00
3.758333000000e+00,1.055550932880e+00,9.715085029600e-01,9.904339314000e-01,1.002113461500e+00
3.762500000000e+00,1.054666996000e+00,9.716330170600e-01,9.907520413000e-01,1.001937031700e+00
3.766667000000e+00,1.053752899170e+00,9.717106223100e-01,9.911115170000e-01,1.001737117800e+00
3.770833000000e+00,1.052820086480e+00,9.717426896100e-01,9.915105104000e-01,1.001515626900e+00
3.775000000000e+00,1.051879525180e+00,9.717311859100e-01,9.919472337000e-01,1.001274585700e+00
3.779167000000e+00,1.050943255420e+00,9.716783762000e-01,9.924194813000e-01,1.001016020800e+00
3.783333000000e+00,1.050023436550e+00,9.715870022800e-01,9.929248095000e-01,1.000742316200e+00
3.787500000000e+00,1.049131631850e+00,9.714598655700e-01,9.934610724000e-01,1.000455737100e+00
3.791667000000e+00,1.048279404640e+00,9.713000655200e-01,9.940255880000e-01,1.000158906000e+00
3.795833000000e+00,1.047477960590e+00,9.711105227500e-01,9.946154356000e-01,9.998546243000e-01
3.800000000000e+00,1.046737313270e+00,9.708940982800e-01,9.952282310000e-01,9.995453358000e-01
3.804167000000e+00,1.046066880230e+00,9.706537127500e-01,9.958608747000e-01,9.992339015000e-01
3.808333000000e+00,1.045475125310e+00,9.703919887500e-01,9.965102673000e-01,9.989231825000e-01
3.812500000000e+00,1.044968843460e+00,9.701110124600e-01,9.971737266000e-01,9.986157417000e-01
3.816667000000e+00,1.044554114340e+00,9.698129892300e-01,9.978480339000e-01,9.983145595000e-01
3.820833000000e+00,1.044235348700e+00,9.694997072200e-01,9.985299110000e-01,9.980223179000e-01
3.825000000000e+00,1.044015407560e+00,9.691722989100e-01,9.992165565000e-01,9.977416396000e-01
3.829167000000e+00,1.043895959850e+00,9.688320756000e-01,9.999047518000e-01,9.974752069000e-01
3.833333000000e+00,1.043876886370e+00,9.684798121500e-01,1.000591278100e+00,9.972255826000e-01
3.837500000000e+00,1.043956995010e+00,9.681159257900e-01,1.001273155200e+00,9.969950318000e-01
3.841667000000e+00,1.044133305550e+00,9.677408933600e-01,1.001947403000e+00,9.967859387000e-01
3.845833000000e+00,1.044401645660e+00,9.673550725000e-01,1.002610683400e+00,9.966004491000e-01
3.850000000000e+00,1.044757008550e+00,9.669583439800e-01,1.003260493300e+00,9.964404106000e-01
3.854167000000e+00,1.045192599300e+00,9.665510654400e-01,1.003893613800e+00,9.963077307000e-01
3.858333000000e+00,1.045701026920e+00,9.661334753000e-01,1.004507303200e+00,9.962038994000e-01
3.862500000000e+00,1.046274304390e+00,9.657059311900e-01,1.005099058200e+00,9.961303473000e-01
3.866667000000e+00,1.046903491020e+00,9.652689695400e-01,1.005666256000e+00,9.960881472000e-01
3.870833000000e+00,1.047579169270e+00,9.648237824400e-01,1.006206035600e+00,9.960783124000e-01
3.875000000000e+00,1.048291683200e+00,9.643713831900e-01,1.006716489800e+00,9.961014986000e-01
3.879167000000e+00,1.049031496050e+00,9.639135599100e-01,1.007195353500e+00,9.961580634000e-01
3.883333000000e+00,1.049788594250e+00,9.634525179900e-01,1.007640361800e+00,9.962482452000e-01
3.887500000000e+00,1.050553798680e+00,9.629907012000e-01,1.008049726500e+00,9.963719249000e-01
3.891667000000e+00,1.051318049430e+00,9.625312686000e-01,1.008421897900e+00,9.965287447000e-01
3.895833000000e+00,1.052072525020e+00,9.620778560600e-01,1.008755207100e+00,9.967180490000e-01
3.900000000000e+00,1.052809953690e+00,9.616344571100e-01,1.009048342700e+00,9.969390631000e-01
3.904167000000e+00,1.053522825240e+00,9.612055420900e-01,1.009300231900e+00,9.971905947000e-01
3.908333000000e+00,1.054205179210e+00,9.607960581800e-01,1.009509801900e+00,9.974711537000e-01
3.912500000000e+00,1.054852008820e+00,9.604110121700e-01,1.009676456500e+00,9.977793097000e-01
3.916667000000e+00,1.055459022520e+00,9.600559473000e-01,1.009799599600e+00,9.981131554000e-01
3.920833000000e+00,1.056023120880e+00,9.597364664100e-01,1.009878993000e+00,9.984704852000e-01
3.925000000000e+00,1.056542515750e+00,9.594579935100e-01,1.009914517400e+00,9.988491535000e-01
3.929167000000e+00,1.057016134260e+00,9.592261910400e-01,1.009906172800e+00,9.992467165000e-01
3.933333000000e+00,1.057444095610e+00,9.590465426400e-01,1.009854555100e+00,9.996603131000e-01
3.937500000000e+00,1.057827591900e+00,9.589239954900e-01,1.009759903000e+00,1.000087380400e+00
3.941667000000e+00,1.058168411250e+00,9.588633775700e-01,1.009623050700e+00,1.000524997700e+00
3.945833000000e+00,1.058469414710e+00,9.588688612000e-01,1.009444952000e+00,1.000969886800e+00
3.950000000000e+00,1.058734178540e+00,9.589441418600e-01,1.009226679800e+00,1.001419067400e+00
3.954167000000e+00,1.058966636660e+00,9.590920805900e-01,1.008969426200e+00,1.001869320900e+00
3.958333000000e+00,1.059171438220e+00,9.593148231500e-01,1.008674740800e+00,1.002317309400e+00
3.962500000000e+00,1.059353232380e+00,9.596138596500e-01,1.008344173400e+00,1.002759814300e+00
3.966667000000e+00,1.059517383580e+00,9.599895477300e-01,1.007979512200e+00,1.003193497700e+00
3.970833000000e+00,1.059668898580e+00,9.604414105400e-01,1.007582664500e+00,1.003614902500e+00
3.975000000000e+00,1.059812903400e+00,9.609681367900e-01,1.007155418400e+00,1.004021167800e+00
3.979167000000e+00,1.059954404830e+00,9.615674018900e-01,1.006700038900e+00,1.004408717200e+00
3.983333000000e+00,1.060097932820e+00,9.622358083700e-01,1.006218910200e+00,1.004774689700e+00
3.987500000000e+00,1.060247898100e+00,9.629696607600e-01,1.005714058900e+00,1.005115985900e+00
3.991667000000e+00,1.060407876970e+00,9.637637734400e-01,1.005187988300e+00,1.005429863900e+00
3.995833000000e+00,1.060581088070e+00,9.646124243700e-01,1.004643201800e+00,1.005713343600e+00
4.000000000000e+00,1.060770273210e+00,9.655096530900e-01,1.004082083700e+00,1.005964279200e+00
4.004167000000e+00,1.060977101330e+00,9.664484858500e-01,1.003507256500e+00,1.006180167200e+00
4.008333000000e+00,1.061202764510e+00,9.674213528600e-01,1.002921462100e+00,1.006358742700e+00
4.012500000000e+00,1.061447620390e+00,9.684210419700e-01,1.002327084500e+00,1.006498217600e+00
4.016667000000e+00,1.061711549760e+00,9.694394469300e-01,1.001726746600e+00,1.006597042100e+00
4.020833000000e+00,1.061993122100e+00,9.704682827000e-01,1.001123309100e+00,1.006653666500e+00
4.025000000000e+00,1.062290906910e+00,9.715000391000e-01,1.000519156500e+00,1.006667137100e+00
4.029167000000e+00,1.062602281570e+00,9.725266099000e-01,9.999169111000e-01,1.006636500400e+00
4.033333000000e+00,1.062924027440e+00,9.735399484600e-01,9.993193746000e-01,1.006561398500e+00
4.037500000000e+00,1.063252925870e+00,9.745331406600e-01,9.987286925000e-01,1.006441474000e+00
4.041667000000e+00,1.063584685330e+00,9.754988551100e-01,9.981476068000e-01,1.006276845900e+00
4.045833000000e+00,1.063914656640e+00,9.764301776900e-01,9.975785613000e-01,1.006068110500e+00
4.050000000000e+00,1.064238190650e+00,9.773213863400e-01,9.970236421000e-01,1.005815744400e+00
4.054167000000e+00,1.064550399780e+00,9.781665802000e-01,9.964852929000e-01,1.005520939800e+00
4.058333000000e+00,1.064845800400e+00,9.789605140700e-01,9.959657192000e-01,1.005185127300e+00
4.062500000000e+00,1.065119385720e+00,9.796988368000e-01,9.954668283000e-01,1.004809856400e+00
4.066667000000e+00,1.065365910530e+00,9.803773760800e-01,9.949907064000e-01,1.004397034600e+00
4.070833000000e+00,1.065580248830e+00,9.809919595700e-01,9.945392013000e-01,1.003949046100e+00
4.075000000000e+00,1.065757632260e+00,9.815406203300e-01,9.941139221000e-01,1.003468155900e+00
4.079167000000e+00,1.065893411640e+00,9.820201396900e-01,9.937164783000e-01,1.002957463300e+00
4.083333000000e+00,1.065983414650e+00,9.824281930900e-01,9.933484793000e-01,1.002419829400e+00
4.087500000000e+00,1.066023826600e+00,9.827629327800e-01,9.930109978000e-01,1.001858234400e+00
4.091667000000e+00,1.066011190410e+00,9.830226898200e-01,9.927052855000e-01,1.001276373900e+00
4.095833000000e+00,1.065942764280e+00,9.832059741000e-01,9.924324155000e-01,1.000677824000e+00
4.100000000000e+00,1.065816044810e+00,9.833116531400e-01,9.921931028000e-01,1.000066161200e+00
4.104167000000e+00,1.065629363060e+00,9.833384752300e-01,9.919880033000e-01,9.994453192000e-01
4.108333000000e+00,1.065381526950e+00,9.832855463000e-01,9.918177724000e-01,9.988193512000e-01
4.112500000000e+00,1.065072178840e+00,9.831517934800e-01,9.916826487000e-01,9.981920719000e-01
4.116667000000e+00,1.064701080320e+00,9.829364419000e-01,9.915828705000e-01,9.975676537000e-01
4.120833000000e+00,1.064269304280e+00,9.826387763000e-01,9.915184379000e-01,9.969503880000e-01
4.125000000000e+00,1.063777804370e+00,9.822579026200e-01,9.914892316000e-01,9.963440299000e-01
4.129167000000e+00,1.063228487970e+00,9.817935228300e-01,9.914949536000e-01,9.957528114000e-01
4.133333000000e+00,1.062624096870e+00,9.812446832700e-01,9.915351868000e-01,9.951807857000e-01
4.137500000000e+00,1.061967134480e+00,9.806112051000e-01,9.916092753000e-01,9.946316481000e-01
4.141667000000e+00,1.061261415480e+00,9.798932075500e-01,9.917166233000e-01,9.941092730000e-01
4.145833000000e+00,1.060510993000e+00,9.790912270500e-01,9.918562174000e-01,9.936173558000e-01
4.150000000000e+00,1.059720158580e+00,9.782054424300e-01,9.920272231000e-01,9.931591749000e-01
4.154167000000e+00,1.058893799780e+00,9.772375822100e-01,9.922285080000e-01,9.927380085000e-01
4.158333000000e+00,1.058037400250e+00,9.761895537400e-01,9.924587011000e-01,9.923570156000e-01
4.162500000000e+00,1.057156085970e+00,9.750634431800e-01,9.927166700000e-01,9.920187593000e-01
4.166667000000e+00,1.056256055830e+00,9.738626480100e-01,9.930009842000e-01,9.917258024000e-01
4.170833000000e+00,1.055343508720e+00,9.725915193600e-01,9.933099747000e-01,9.914805293000e-01
4.175000000000e+00,1.054424405100e+00,9.712545275700e-01,9.936423898000e-01,9.912846088000e-01
4.179167000000e+00,1.053505420680e+00,9.698576927200e-01,9.939963818000e-01,9.911397099000e-01
4.183333000000e+00,1.052593350410e+00,9.684082269700e-01,9.943702221000e-01,9.910472035000e-01
4.187500000000e+00,1.051694393160e+00,9.669132232700e-01,9.947624207000e-01,9.910078645000e-01
4.191667000000e+00,1.050815224650e+00,9.653816819200e-01,9.951710105000e-01,9.910222888000e-01
4.195833000000e+00,1.049962878230e+00,9.638236165000e-01,9.955942631000e-01,9.910907745000e-01
4.200000000000e+00,1.049143195150e+00,9.622487425800e-01,9.960304499000e-01,9.912132025000e-01
4.204167000000e+00,1.048362731930e+00,9.606686830500e-01,9.964776635000e-01,9.913890362000e-01
4.208333000000e+00,1.047627806660e+00,9.590957164800e-01,9.969339967000e-01,9.916175008000e-01
4.212500000000e+00,1.046943783760e+00,9.575415253600e-01,9.973978400000e-01,9.918975234000e-01
4.216667000000e+00,1.046316266060e+00,9.560194015500e-01,9.978672862000e-01,9.922275543000e-01
4.220833000000e+00,1.045750617980e+00,9.545427560800e-01,9.983404279000e-01,9.926057458000e-01
4.225000000000e+00,1.045251011850e+00,9.531241059300e-01,9.988157153000e-01,9.930301905000e-01
4.229167000000e+00,1.044821858410e+00,9.517771005600e-01,9.992913008000e-01,9.934985042000e-01
4.233333000000e+00,1.044466853140e+00,9.505148530000e-01,9.997653365000e-01,9.940078855000e-01
4.237500000000e+00,1.044188737870e+00,9.493491649600e-01,1.000236392000e+00,9.945557117000e-01
4.241667000000e+00,1.043990135190e+00,9.482921361900e-01,1.000702619600e+00,9.951387644000e-01
4.245833000000e+00,1.043872833250e+00,9.473550915700e-01,1.001162409800e+00,9.957536459000e-01
4.250000000000e+00,1.043837666510e+00,9.465475678400e-01,1.001614451400e+00,9.963970780000e-01
4.254167000000e+00,1.043885231020e+00,9.458786845200e-01,1.002057075500e+00,9.970653057000e-01
4.258333000000e+00,1.044015169140e+00,9.453561902000e-01,1.002488732300e+00,9.977543354000e-01
4.262500000000e+00,1.044226408000e+00,9.449861049700e-01,1.002908229800e+00,9.984605312000e-01
4.266667000000e+00,1.044517278670e+00,9.447732567800e-01,1.003314256700e+00,9.991797209000e-01
4.270833000000e+00,1.044885039330e+00,9.447207450900e-01,1.003705263100e+00,9.999075532000e-01
4.275000000000e+00,1.045327067380e+00,9.448300004000e-01,1.004080414800e+00,1.000640153900e+00
4.279167000000e+00,1.045839190480e+00,9.451009035100e-01,1.004438281100e+00,1.001373171800e+00
4.283333000000e+00,1.046417117120e+00,9.455313682600e-01,1.004777908300e+00,1.002102136600e+00
4.287500000000e+00,1.047056078910e+00,9.461179971700e-01,1.005098342900e+00,1.002823114400e+00
4.291667000000e+00,1.047750473020e+00,9.468553662300e-01,1.005398511900e+00,1.003531575200e+00
4.295833000000e+00,1.048494458200e+00,9.477365016900e-01,1.005677580800e+00,1.004223227500e+00
4.300000000000e+00,1.049281954770e+00,9.487533569300e-01,1.005934834500e+00,1.004894256600e+00
4.304167000000e+00,1.050106287000e+00,9.498961567900e-01,1.006169557600e+00,1.005540370900e+00
4.308333000000e+00,1.050960421560e+00,9.511535763700e-01,1.006381154100e+00,1.006157517400e+00
4.312500000000e+00,1.051837801930e+00,9.525141716000e-01,1.006568908700e+00,1.006742000600e+00
4.316667000000e+00,1.052731394770e+00,9.539647698400e-01,1.006732583000e+00,1.007290244100e+00
4.320833000000e+00,1.053633928300e+00,9.554913640000e-01,1.006871700300e+00,1.007798433300e+00
4.325000000000e+00,1.054538846020e+00,9.570805430400e-01,1.006985902800e+00,1.008263588000e+00
4.329167000000e+00,1.055439472200e+00,9.587174058000e-01,1.007075071300e+00,1.008682608600e+00
4.333333000000e+00,1.056329131130e+00,9.603871703100e-01,1.007138848300e+00,1.009052515000e+00
4.337500000000e+00,1.057202219960e+00,9.620761275300e-01,1.007177472100e+00,1.009371042300e+00
4.341667000000e+00,1.058052897450e+00,9.637699127200e-01,1.007190823600e+00,1.009635806100e+00
4.345833000000e+00,1.058875679970e+00,9.654544591900e-01,1.007178902600e+00,1.009844899200e+00
4.350000000000e+00,1.059666633610e+00,9.671177864100e-01,1.007142067000e+00,1.009997010200e+00
4.354167000000e+00,1.060421347620e+00,9.687475562100e-01,1.007080435800e+00,1.010090708700e+00
4.358333000000e+00,1.061136364940e+00,9.703324437100e-01,1.006994485900e+00,1.010125160200e+00
4.362500000000e+00,1.061809301380e+00,9.718632698100e-01,1.006884455700e+00,1.010100007100e+00
4.366667000000e+00,1.062437653540e+00,9.733310937900e-01,1.006750941300e+00,1.010015249300e+00
4.370833000000e+00,1.063020110130e+00,9.747282266600e-01,1.006594538700e+00,1.009871125200e+00
4.375000000000e+00,1.063556075100e+00,9.760493040100e-01,1.006415605500e+00,1.009668231000e+00
4.379167000000e+00,1.064045190810e+00,9.772891402200e-01,1.006215095500e+00,1.009407877900e+00
4.383333000000e+00,1.064487695690e+00,9.784440398200e-01,1.005993485500e+00,1.009091377300e+00
4.387500000000e+00,1.064884901050e+00,9.795122146600e-01,1.005751729000e+00,1.008720755600e+00
4.391667000000e+00,1.065237879750e+00,9.804921150200e-01,1.005490660700e+00,1.008298039400e+00
4.395833000000e+00,1.065548539160e+00,9.813834428800e-01,1.005211114900e+00,1.007825851400e+00
4.400000000000e+00,1.065819144250e+00,9.821872711200e-01,1.004913926100e+00,1.007307052600e+00
4.404167000000e+00,1.066051959990e+00,9.829045534100e-01,1.004600167300e+00,1.006744742400e+00
4.408333000000e+00,1.066249728200e+00,9.835374355300e-01,1.004271030400e+00,1.006142616300e+00
4.412500000000e+00,1.066415071490e+00,9.840885400800e-01,1.003927230800e+00,1.005504012100e+00
4.416667000000e+00,1.066550731660e+00,9.845603108400e-01,1.003570199000e+00,1.004833102200e+00
4.420833000000e+00,1.066659331320e+00,9.849553108200e-01,1.003200888600e+00,1.004134059000e+00
4.425000000000e+00,1.066743493080e+00,9.852765798600e-01,1.002820372600e+00,1.003410935400e+00
4.429167000000e+00,1.066805481910e+00,9.855263233200e-01,1.002430081400e+00,1.002668261500e+00
4.433333000000e+00,1.066847443580e+00,9.857068657900e-01,1.002031207100e+00,1.001910805700e+00
4.437500000000e+00,1.066871166230e+00,9.858199954000e-01,1.001624703400e+00,1.001142978700e+00
4.441667000000e+00,1.066878080370e+00,9.858670830700e-01,1.001212120100e+00,1.000369429600e+00
4.445833000000e+00,1.066869258880e+00,9.858488440500e-01,1.000794768300e+00,9.995953441000e-01
4.450000000000e+00,1.066845297810e+00,9.857656359700e-01,1.000373721100e+00,9.988248944000e-01
4.454167000000e+00,1.066806435590e+00,9.856171608000e-01,9.999505281000e-01,9.980630279000e-01
4.458333000000e+00,1.066752552990e+00,9.854027032900e-01,9.995265007000e-01,9.973145723000e-01
4.462500000000e+00,1.066683053970e+00,9.851209521300e-01,9.991028905000e-01,9.965837002000e-01
4.466667000000e+00,1.066597104070e+00,9.847702980000e-01,9.986810684000e-01,9.958750010000e-01
4.470833000000e+00,1.066493272780e+00,9.843490719800e-01,9.982625842000e-01,9.951930046000e-01
4.475000000000e+00,1.066370248790e+00,9.838549494700e-01,9.978485703000e-01,9.945414066000e-01
4.479167000000e+00,1.066225886340e+00,9.832860827400e-01,9.974405766000e-01,9.939243197000e-01
4.483333000000e+00,1.066058635710e+00,9.826405644400e-01,9.970399737000e-01,9.933456182000e-01
4.487500000000e+00,1.065866112710e+00,9.819166064300e-01,9.966480136000e-01,9.928083420000e-01
4.491667000000e+00,1.065646290780e+00,9.811129570000e-01,9.962661266000e-01,9.923159480000e-01
4.495833000000e+00,1.065397024150e+00,9.802291989300e-01,9.958958030000e-01,9.918712974000e-01
4.500000000000e+00,1.065116286280e+00,9.792649745900e-01,9.955381155000e-01,9.914767146000e-01
4.504167000000e+00,1.064802169800e+00,9.782213568700e-01,9.951945543000e-01,9.911346436000e-01
4.508333000000e+00,1.064453125000e+00,9.771003723100e-01,9.948663712000e-01,9.908468723000e-01
4.512500000000e+00,1.064067602160e+00,9.759042859100e-01,9.945547581000e-01,9.906148314000e-01
4.516667000000e+00,1.063644647600e+00,9.746372699700e-01,9.942610264000e-01,9.904397130000e-01
4.520833000000e+00,1.063183546070e+00,9.733048081400e-01,9.939863682000e-01,9.903222919000e-01
4.525000000000e+00,1.062684059140e+00,9.719123244300e-01,9.937317371000e-01,9.902628660000e-01
4.529167000000e+00,1.062146425250e+00,9.704675674400e-01,9.934983850000e-01,9.902614951000e-01
4.533333000000e+00,1.061571359630e+00,9.689792990700e-01,9.932872653000e-01,9.903177023000e-01
4.537500000000e+00,1.060959815980e+00,9.674562215800e-01,9.930993319000e-01,9.904308319000e-01
4.541667000000e+00,1.060313582420e+00,9.659090638200e-01,9.929354787000e-01,9.905996919000e-01
4.545833000000e+00,1.059635043140e+00,9.643493890800e-01,9.927965403000e-01,9.908228517000e-01
4.550000000000e+00,1.058926463130e+00,9.627883434300e-01,9.926832318000e-01,9.910984635000e-01
4.554167000000e+00,1.058191180230e+00,9.612385630600e-01,9.925961494000e-01,9.914244413000e-01
4.558333000000e+00,1.057432889940e+00,9.597132206000e-01,9.925359488000e-01,9.917982817000e-01
4.562500000000e+00,1.056655168530e+00,9.582243561700e-01,9.925030470000e-01,9.922174215000e-01
4.566667000000e+00,1.055862426760e+00,9.567852020300e-01,9.924978614000e-01,9.926788807000e-01
4.570833000000e+00,1.055059671400e+00,9.554086923600e-01,9.925206304000e-01,9.931793213000e-01
4.575000000000e+00,1.054251432420e+00,9.541063904800e-01,9.925715327000e-01,9.937156439000e-01
4.579167000000e+00,1.053442955020e+00,9.528903365100e-01,9.926506281000e-01,9.942841530000e-01
4.583333000000e+00,1.052639842030e+00,9.517715573300e-01,9.927579165000e-01,9.948810339000e-01
4.587500000000e+00,1.051847100260e+00,9.507595300700e-01,9.928932786000e-01,9.955026507000e-01
4.591667000000e+00,1.051070451740e+00,9.498635530500e-01,9.930564761000e-01,9.961450100000e-01
4.595833000000e+00,1.050315499310e+00,9.490914344800e-01,9.932470918000e-01,9.968038797000e-01
4.600000000000e+00,1.049587488170e+00,9.484494328500e-01,9.934647679000e-01,9.974755645000e-01
4.604167000000e+00,1.048891901970e+00,9.479427933700e-01,9.937089086000e-01,9.981557131000e-01
4.608333000000e+00,1.048234105110e+00,9.475753307300e-01,9.939787984000e-01,9.988401532000e-01
4.612500000000e+00,1.047618746760e+00,9.473491907100e-01,9.942737818000e-01,9.995250106000e-01
4.616667000000e+00,1.047050833700e+00,9.472652673700e-01,9.945929050000e-01,1.000206112900e+00
4.620833000000e+00,1.046534895900e+00,9.473229050600e-01,9.949351549000e-01,1.000879287700e+00
4.625000000000e+00,1.046074867250e+00,9.475201368300e-01,9.952996373000e-01,1.001540899300e+00
4.629167000000e+00,1.045674443240e+00,9.478533864000e-01,9.956851006000e-01,1.002187132800e+00
4.633333000000e+00,1.045337080960e+00,9.483180046100e-01,9.960901737000e-01,1.002813816100e+00
4.637500000000e+00,1.045065641400e+00,9.489081502000e-01,9.965137839000e-01,1.003417849500e+00
4.641667000000e+00,1.044862508770e+00,9.496167302100e-01,9.969543219000e-01,1.003995657000e+00
4.645833000000e+00,1.044729709630e+00,9.504355788200e-01,9.974101782000e-01,1.004543900500e+00
4.650000000000e+00,1.044668555260e+00,9.513562321700e-01,9.978800416000e-01,1.005059599900e+00
4.654167000000e+00,1.044679999350e+00,9.523689746900e-01,9.983620644000e-01,1.005540013300e+00
4.658333000000e+00,1.044764399530e+00,9.534633755700e-01,9.988545179000e-01,1.005982279800e+00
4.662500000000e+00,1.044921755790e+00,9.546294212300e-01,9.993556738000e-01,1.006384253500e+00
4.666667000000e+00,1.045151233670e+00,9.558560848200e-01,9.998636246000e-01,1.006743669500e+00
4.670833000000e+00,1.045451521870e+00,9.571321010600e-01,1.000376343700e+00,1.007058739700e+00
4.675000000000e+00,1.045821070670e+00,9.584472775500e-01,1.000892162300e+00,1.007328033400e+00
4.679167000000e+00,1.046257615090e+00,9.597904682200e-01,1.001408815400e+00,1.007550120400e+00
4.683333000000e+00,1.046757936480e+00,9.611508846300e-01,1.001924157100e+00,1.007723927500e+00
4.687500000000e+00,1.047319293020e+00,9.625191092500e-01,1.002436399500e+00,1.007849097300e+00
4.691667000000e+00,1.047937631610e+00,9.638851881000e-01,1.002943277400e+00,1.007925152800e+00
4.695833000000e+00,1.048608422280e+00,9.652396440500e-01,1.003442525900e+00,1.007952094100e+00
4.700000000000e+00,1.049327373500e+00,9.665746688800e-01,1.003932237600e+00,1.007930159600e+00
4.704167000000e+00,1.050089240070e+00,9.678820371600e-01,1.004410266900e+00,1.007860064500e+00
4.708333000000e+00,1.050888180730e+00,9.691544175100e-01,1.004874348600e+00,1.007742762600e+00
4.712500000000e+00,1.051718711850e+00,9.703857898700e-01,1.005322456400e+00,1.007579445800e+00
4.716667000000e+00,1.052574515340e+00,9.715700745600e-01,1.005752563500e+00,1.007371544800e+00
4.720833000000e+00,1.053448915480e+00,9.727018475500e-01,1.006162524200e+00,1.007121086100e+00
4.725000000000e+00,1.054335474970e+00,9.737771153500e-01,1.006550431300e+00,1.006829977000e+00
4.729167000000e+00,1.055227398870e+00,9.747917056100e-01,1.006914377200e+00,1.006500721000e+00
4.733333000000e+00,1.056117296220e+00,9.757418632500e-01,1.007252454800e+00,1.006135821300e+00
4.737500000000e+00,1.056998729710e+00,9.766252636900e-01,1.007563114200e+00,1.005738139200e+00
4.741667000000e+00,1.057864546780e+00,9.774391055100e-01,1.007844448100e+00,1.005310535400e+00
4.745833000000e+00,1.058707833290e+00,9.781810641300e-01,1.008095026000e+00,1.004856467200e+00
4.750000000000e+00,1.059522151950e+00,9.788498282400e-01,1.008313298200e+00,1.004378914800e+00
4.754167000000e+00,1.060300946240e+00,9.794436693200e-01,1.008498191800e+00,1.003881454500e+00
4.758333000000e+00,1.061038255690e+00,9.799612164500e-01,1.008648276300e+00,1.003367900800e+00
4.762500000000e+00,1.061728596690e+00,9.804018139800e-01,1.008762717200e+00,1.002841472600e+00
4.766667000000e+00,1.062366843220e+00,9.807640910100e-01,1.008840560900e+00,1.002306103700e+00
4.770833000000e+00,1.062948584560e+00,9.810481071500e-01,1.008881092100e+00,1.001765608800e+00
4.775000000000e+00,1.063470005990e+00,9.812532663300e-01,1.008883833900e+00,1.001223206500e+00
4.779167000000e+00,1.063928008080e+00,9.813793301600e-01,1.008848428700e+00,1.000682950000e+00
4.783333000000e+00,1.064320087430e+00,9.814262986200e-01,1.008774757400e+00,1.000148534800e+00
4.787500000000e+00,1.064644932750e+00,9.813945889500e-01,1.008662581400e+00,9.996230602000e-01
4.791667000000e+00,1.064901828770e+00,9.812847971900e-01,1.008512377700e+00,9.991102815000e-01
4.795833000000e+00,1.065090894700e+00,9.810978174200e-01,1.008324265500e+00,9.986134768000e-01
4.800000000000e+00,1.065213203430e+00,9.808350205400e-01,1.008099079100e+00,9.981355667000e-01
4.804167000000e+00,1.065270781520e+00,9.804981350900e-01,1.007837295500e+00,9.976797104000e-01
4.808333000000e+00,1.065266132350e+00,9.800896048500e-01,1.007539987600e+00,9.972486496000e-01
4.812500000000e+00,1.065202951430e+00,9.796118140200e-01,1.007208228100e+00,9.968448877000e-01
4.816667000000e+00,1.065085411070e+00,9.790682196600e-01,1.006843209300e+00,9.964707494000e-01
4.820833000000e+00,1.064918518070e+00,9.784628152800e-01,1.006446600000e+00,9.961284399000e-01
4.825000000000e+00,1.064707756040e+00,9.778000116300e-01,1.006019592300e+00,9.958196282000e-01
4.829167000000e+00,1.064458966260e+00,9.770842194600e-01,1.005564212800e+00,9.955459833000e-01
4.833333000000e+00,1.064178586010e+00,9.763215780300e-01,1.005082368900e+00,9.953088164000e-01
4.837500000000e+00,1.063873052600e+00,9.755176901800e-01,1.004575848600e+00,9.951090217000e-01
4.841667000000e+00,1.063549399380e+00,9.746794700600e-01,1.004046917000e+00,9.949473739000e-01
4.845833000000e+00,1.063214302060e+00,9.738140106200e-01,1.003497958200e+00,9.948243499000e-01
4.850000000000e+00,1.062874197960e+00,9.729284048100e-01,1.002930879600e+00,9.947400689000e-01
4.854167000000e+00,1.062535762790e+00,9.720305204400e-01,1.002348542200e+00,9.946944118000e-01
4.858333000000e+00,1.062204957010e+00,9.711285829500e-01,1.001753330200e+00,9.946869612000e-01
4.862500000000e+00,1.061887264250e+00,9.702302217500e-01,1.001147508600e+00,9.947170615000e-01
4.866667000000e+00,1.061587572100e+00,9.693437218700e-01,1.000534057600e+00,9.947837591000e-01
4.870833000000e+00,1.061310410500e+00,9.684773683500e-01,9.999156594000e-01,9.948858023000e-01
4.875000000000e+00,1.061058998110e+00,9.676384329800e-01,9.992947578000e-01,9.950218797000e-01
4.879167000000e+00,1.060835957530e+00,9.668347239500e-01,9.986741543000e-01,9.951902628000e-01
4.883333000000e+00,1.060643196110e+00,9.660733938200e-01,9.980568290000e-01,9.953890443000e-01
4.887500000000e+00,1.060481429100e+00,9.653607010800e-01,9.974451661000e-01,9.956162572000e-01
4.891667000000e+00,1.060350298880e+00,9.647026658100e-01,9.968420863000e-01,9.958696365000e-01
4.895833000000e+00,1.060248732570e+00,9.641046524000e-01,9.962503314000e-01,9.961466789000e-01
4.900000000000e+00,1.060174584390e+00,9.635706543900e-01,9.956724048000e-01,9.964450598000e-01
4.904167000000e+00,1.060124993320e+00,9.631044864700e-01,9.951110482000e-01,9.967620373000e-01
4.908333000000e+00,1.060095906260e+00,9.627086520200e-01,9.945690036000e-01,9.970947504000e-01
4.912500000000e+00,1.060082674030e+00,9.623847007800e-01,9.940484166000e-01,9.974405169000e-01
4.916667000000e+00,1.060080170630e+00,9.621333479900e-01,9.935519695000e-01,9.977964163000e-01
4.920833000000e+00,1.060082435610e+00,9.619542956400e-01,9.930821061000e-01,9.981594086000e-01
4.925000000000e+00,1.060083270070e+00,9.618462920200e-01,9.926407933000e-01,9.985266924000e-01
4.929167000000e+00,1.060076117520e+00,9.618071317700e-01,9.922303557000e-01,9.988952875000e-01
4.933333000000e+00,1.060054183010e+00,9.618337750400e-01,9.918528795000e-01,9.992622137000e-01
4.937500000000e+00,1.060010790820e+00,9.619224667500e-01,9.915100336000e-01,9.996247292000e-01
4.941667000000e+00,1.059939503670e+00,9.620686173400e-01,9.912036657000e-01,9.999799728000e-01
4.945833000000e+00,1.059834003450e+00,9.622671604200e-01,9.909355044000e-01,1.000325083700e+00
4.950000000000e+00,1.059688806530e+00,9.625125527400e-01,9.907066822000e-01,1.000657796900e+00
4.954167000000e+00,1.059498548510e+00,9.627987146400e-01,9.905186296000e-01,1.000975370400e+00
4.958333000000e+00,1.059259176250e+00,9.631193280200e-01,9.903724194000e-01,1.001275539400e+00
4.962500000000e+00,1.058966994290e+00,9.634682536100e-01,9.902687669000e-01,1.001556158100e+00
4.966667000000e+00,1.058619856830e+00,9.638389349000e-01,9.902083874000e-01,1.001815319100e+00
4.970833000000e+00,1.058216333390e+00,9.642251133900e-01,9.901918173000e-01,1.002050995800e+00
4.975000000000e+00,1.057756066320e+00,9.646208882300e-01,9.902192354000e-01,1.002261757900e+00
4.979167000000e+00,1.057240366940e+00,9.650204181700e-01,9.902906418000e-01,1.002446293800e+00
4.983333000000e+00,1.056671261790e+00,9.654183387800e-01,9.904057980000e-01,1.002603292500e+00
4.987500000000e+00,1.056052327160e+00,9.658100605000e-01,9.905644059000e-01,1.002732038500e+00
4.991667000000e+00,1.055387973790e+00,9.661911130000e-01,9.907658100000e-01,1.002831697500e+00
4.995833000000e+00,1.054684400560e+00,9.665579199800e-01,9.910090566000e-01,1.002901911700e+00
5.000000000000e+00,1.053947925570e+00,9.669075012200e-01,9.912932515000e-01,1.002942562100e+00
5.004167000000e+00,1.053186297420e+00,9.672373533200e-01,9.916170835000e-01,1.002953767800e+00
5.008333000000e+00,1.052408456800e+00,9.675456881500e-01,9.919790030000e-01,1.002935648000e+00
5.012500000000e+00,1.051623225210e+00,9.678313732100e-01,9.923775792000e-01,1.002888917900e+00
5.016667000000e+00,1.050840258600e+00,9.680938124700e-01,9.928109050000e-01,1.002814292900e+00
5.020833000000e+00,1.050069928170e+00,9.683327078800e-01,9.932768941000e-01,1.002712965000e+00
5.025000000000e+00,1.049321889880e+00,9.685485959100e-01,9.937736392000e-01,1.002585887900e+00
5.029167000000e+00,1.048606514930e+00,9.687420129800e-01,9.942987561000e-01,1.002434730500e+00
5.033333000000e+00,1.047933936120e+00,9.689139723800e-01,9.948496222000e-01,1.002261042600e+00
5.037500000000e+00,1.047313094140e+00,9.690656662000e-01,9.954240918000e-01,1.002066493000e+00
5.041667000000e+00,1.046753168110e+00,9.691982865300e-01,9.960193634000e-01,1.001853227600e+00
5.045833000000e+00,1.046262264250e+00,9.693132042900e-01,9.966325760000e-01,1.001623272900e+00
5.050000000000e+00,1.045847535130e+00,9.694117307700e-01,9.972611666000e-01,1.001378774600e+00
5.054167000000e+00,1.045515060420e+00,9.694950580600e-01,9.979021549000e-01,1.001122236300e+00
5.058333000000e+00,1.045270085330e+00,9.695640206300e-01,9.985525012000e-01,1.000855922700e+00
5.062500000000e+00,1.045116066930e+00,9.696195125600e-01,9.992094636000e-01,1.000582456600e+00
5.066667000000e+00,1.045055508610e+00,9.696618914600e-01,9.998699427000e-01,1.000304341300e+00
5.070833000000e+00,1.045089364050e+00,9.696913957600e-01,1.000530839000e+00,1.000024080300e+00
5.075000000000e+00,1.045217514040e+00,9.697079062500e-01,1.001189351100e+00,9.997443557000e-01
5.079167000000e+00,1.045437932010e+00,9.697108864800e-01,1.001842379600e+00,9.994677305000e-01
5.083333000000e+00,1.045747399330e+00,9.696996808100e-01,1.002486705800e+00,9.991968274000e-01
5.087500000000e+00,1.046141862870e+00,9.696730971300e-01,1.003119945500e+00,9.989340305000e-01
5.091667000000e+00,1.046615362170e+00,9.696300029800e-01,1.003738760900e+00,9.986818433000e-01
5.095833000000e+00,1.047161102290e+00,9.695688486100e-01,1.004340291000e+00,9.984427691000e-01
5.100000000000e+00,1.047771573070e+00,9.694882035300e-01,1.004922151600e+00,9.982188940000e-01
5.104167000000e+00,1.048437953000e+00,9.693863391900e-01,1.005481362300e+00,9.980124235000e-01
5.108333000000e+00,1.049150943760e+00,9.692617654800e-01,1.006015420000e+00,9.978253841000e-01
5.112500000000e+00,1.049900889400e+00,9.691129922900e-01,1.006522059400e+00,9.976596236000e-01
5.116667000000e+00,1.050677537920e+00,9.689388871200e-01,1.006998777400e+00,9.975168109000e-01
5.120833000000e+00,1.051470398900e+00,9.687385559100e-01,1.007443428000e+00,9.973985553000e-01
5.125000000000e+00,1.052269697190e+00,9.685113430000e-01,1.007853984800e+00,9.973060489000e-01
5.129167000000e+00,1.053065180780e+00,9.682571888000e-01,1.008228540400e+00,9.972403646000e-01
5.133333000000e+00,1.053847074510e+00,9.679766297300e-01,1.008565425900e+00,9.972025156000e-01
5.137500000000e+00,1.054606795310e+00,9.676705002800e-01,1.008863329900e+00,9.971929789000e-01
5.141667000000e+00,1.055335760120e+00,9.673406481700e-01,1.009120583500e+00,9.972122908000e-01
5.145833000000e+00,1.056026458740e+00,9.669892787900e-01,1.009336233100e+00,9.972606301000e-01
5.150000000000e+00,1.056672930720e+00,9.666192531600e-01,1.009509444200e+00,9.973378181000e-01
5.154167000000e+00,1.057269692420e+00,9.662342071500e-01,1.009639501600e+00,9.974436164000e-01
5.158333000000e+00,1.057812452320e+00,9.658384919200e-01,1.009725689900e+00,9.975774288000e-01
5.162500000000e+00,1.058298587800e+00,9.654367566100e-01,1.009768128400e+00,9.977384806000e-01
5.166667000000e+00,1.058726429940e+00,9.650343656500e-01,1.009766459500e+00,9.979257584000e-01
5.170833000000e+00,1.059095263480e+00,9.646371603000e-01,1.009721040700e+00,9.981378913000e-01
5.175000000000e+00,1.059406280520e+00,9.642512202300e-01,1.009632110600e+00,9.983735085000e-01
5.179167000000e+00,1.059661149980e+00,9.638828635200e-01,1.009500384300e+00,9.986308217000e-01
5.183333000000e+00,1.059862971310e+00,9.635388255100e-01,1.009326696400e+00,9.989080429000e-01
5.187500000000e+00,1.060015797620e+00,9.632254838900e-01,1.009111881300e+00,9.992030859000e-01
5.191667000000e+00,1.060124397280e+00,9.629492759700e-01,1.008857250200e+00,9.995136857000e-01
5.195833000000e+00,1.060194373130e+00,9.627165198300e-01,1.008564114600e+00,9.998374581000e-01
5.200000000000e+00,1.060231804850e+00,9.625329971300e-01,1.008234143300e+00,1.000172019000e+00
5.204167000000e+00,1.060243368150e+00,9.624041318900e-01,1.007868766800e+00,1.000514626500e+00
5.208333000000e+00,1.060235738750e+00,9.623347520800e-01,1.007470250100e+00,1.000862598400e+00
5.212500000000e+00,1.060215950010e+00,9.623289704300e-01,1.007040143000e+00,1.001213312100e+00
5.216667000000e+00,1.060190796850e+00,9.623901248000e-01,1.006580710400e+00,1.001563906700e+00
5.220833000000e+00,1.060166954990e+00,9.625207185700e-01,1.006094455700e+00,1.001911282500e+00
5.225000000000e+00,1.060150742530e+00,9.627224206900e-01,1.005583286300e+00,1.002252936400e+00
5.229167000000e+00,1.060147881510e+00,9.629958868000e-01,1.005049824700e+00,1.002585887900e+00
5.233333000000e+00,1.060163617130e+00,9.633406400700e-01,1.004496812800e+00,1.002907156900e+00
5.237500000000e+00,1.060202479360e+00,9.637555480000e-01,1.003926277200e+00,1.003214240100e+00
5.241667000000e+00,1.060267925260e+00,9.642384052300e-01,1.003341198000e+00,1.003504395500e+00
5.245833000000e+00,1.060362696650e+00,9.647857546800e-01,1.002744317100e+00,1.003774881400e+00
5.250000000000e+00,1.060488700870e+00,9.653938412700e-01,1.002138018600e+00,1.004023432700e+00
5.254167000000e+00,1.060646772380e+00,9.660576582000e-01,1.001525163700e+00,1.004247546200e+00
5.258333000000e+00,1.060836553570e+00,9.667713642100e-01,1.000908732400e+00,1.004445076000e+00
5.262500000000e+00,1.061057090760e+00,9.675289988500e-01,1.000291109100e+00,1.004613995600e+00
5.266667000000e+00,1.061306118970e+00,9.683235287700e-01,9.996750355000e-01,1.004752516700e+00
5.270833000000e+00,1.061580657960e+00,9.691474437700e-01,9.990635514000e-01,1.004858970600e+00
5.275000000000e+00,1.061876773830e+00,9.699934124900e-01,9.984589815000e-01,1.004931807500e+00
5.279167000000e+00,1.062190055850e+00,9.708533287000e-01,9.978640676000e-01,1.004970073700e+00
5.283333000000e+00,1.062514901160e+00,9.717190861700e-01,9.972815514000e-01,1.004972577100e+00
5.287500000000e+00,1.062845826150e+00,9.725829362900e-01,9.967136979000e-01,1.004938721700e+00
5.291667000000e+00,1.063176274300e+00,9.734367132200e-01,9.961630106000e-01,1.004868149800e+00
5.295833000000e+00,1.063499689100e+00,9.742726087600e-01,9.956319928000e-01,1.004760503800e+00
5.300000000000e+00,1.063809394840e+00,9.750834107400e-01,9.951227307000e-01,1.004615902900e+00
5.304167000000e+00,1.064098358150e+00,9.758619666100e-01,9.946373701000e-01,1.004434824000e+00
5.308333000000e+00,1.064359903340e+00,9.766013622300e-01,9.941781759000e-01,1.004217863100e+00
5.312500000000e+00,1.064587593080e+00,9.772958755500e-01,9.937466979000e-01,1.003965854600e+00
5.316667000000e+00,1.064775109290e+00,9.779396057100e-01,9.933449626000e-01,1.003680110000e+00
5.320833000000e+00,1.064916491510e+00,9.785274267200e-01,9.929745793000e-01,1.003362178800e+00
5.325000000000e+00,1.065006852150e+00,9.790551662400e-01,9.926368594000e-01,1.003013491600e+00
5.329167000000e+00,1.065041303630e+00,9.795187711700e-01,9.923332334000e-01,1.002636194200e+00
5.333333000000e+00,1.065016031270e+00,9.799148440400e-01,9.920648932000e-01,1.002232551600e+00
5.337500000000e+00,1.064928054810e+00,9.802408814400e-01,9.918326139000e-01,1.001804828600e+00
5.341667000000e+00,1.064775109290e+00,9.804945588100e-01,9.916372895000e-01,1.001355648000e+00
5.345833000000e+00,1.064555764200e+00,9.806740880000e-01,9.914795160000e-01,1.000888109200e+00
5.350000000000e+00,1.064269423480e+00,9.807783961300e-01,9.913596511000e-01,1.000404834700e+00
5.354167000000e+00,1.063916563990e+00,9.808065891300e-01,9.912779927000e-01,9.999090433000e-01
5.358333000000e+00,1.063498497010e+00,9.807582497600e-01,9.912345409000e-01,9.994042516000e-01
5.362500000000e+00,1.063017249110e+00,9.806331396100e-01,9.912291765000e-01,9.988934994000e-01
5.366667000000e+00,1.062475681300e+00,9.804316163100e-01,9.912615418000e-01,9.983803630000e-01
5.370833000000e+00,1.061877727510e+00,9.801540374800e-01,9.913311005000e-01,9.978684783000e-01
5.375000000000e+00,1.061227202420e+00,9.798009991600e-01,9.914373159000e-01,9.973611236000e-01
5.379167000000e+00,1.060529470440e+00,9.793735146500e-01,9.915792346000e-01,9.968619943000e-01
5.383333000000e+00,1.059790134430e+00,9.788727760300e-01,9.917558432000e-01,9.963746667000e-01
5.387500000000e+00,1.059014558790e+00,9.782997965800e-01,9.919661283000e-01,9.959023595000e-01
5.391667000000e+00,1.058209538460e+00,9.776563048400e-01,9.922087193000e-01,9.954487085000e-01
5.395833000000e+00,1.057381749150e+00,9.769442081500e-01,9.924820662000e-01,9.950169921000e-01
5.400000000000e+00,1.056537508960e+00,9.761651754400e-01,9.927848577000e-01,9.946102500000e-01
5.404167000000e+00,1.055683970450e+00,9.753217101100e-01,9.931153655000e-01,9.942317009000e-01
5.408333000000e+00,1.054828286170e+00,9.744166731800e-01,9.934717417000e-01,9.938841462000e-01
5.412500000000e+00,1.053976893420e+00,9.734526872600e-01,9.938522577000e-01,9.935702085000e-01
5.416667000000e+00,1.053136825560e+00,9.724333882300e-01,9.942549467000e-01,9.932924509000e-01
5.420833000000e+00,1.052314639090e+00,9.713629484200e-01,9.946777821000e-01,9.930531979000e-01
5.425000000000e+00,1.051516532900e+00,9.702453613300e-01,9.951188564000e-01,9.928542972000e-01
5.429167000000e+00,1.050748467450e+00,9.690856933600e-01,9.955760837000e-01,9.926975965000e-01
5.433333000000e+00,1.050016522410e+00,9.678899049800e-01,9.960471392000e-01,9.925846457000e-01
5.437500000000e+00,1.049325585370e+00,9.666634202000e-01,9.965301156000e-01,9.925164580000e-01
5.441667000000e+00,1.048680543900e+00,9.654133319900e-01,9.970228076000e-01,9.924941063000e-01
5.445833000000e+00,1.048086166380e+00,9.641471505200e-01,9.975229502000e-01,9.925181866000e-01
5.450000000000e+00,1.047546029090e+00,9.628721475600e-01,9.980285764000e-01,9.925888777000e-01
5.454167000000e+00,1.047063827510e+00,9.615970253900e-01,9.985374808000e-01,9.927063584000e-01
5.458333000000e+00,1.046642541890e+00,9.603309035300e-01,9.990474582000e-01,9.928701520000e-01
5.462500000000e+00,1.046284675600e+00,9.590824842500e-01,9.995566607000e-01,9.930798411000e-01
5.466667000000e+00,1.045992016790e+00,9.578616023100e-01,1.000062942500e+00,9.933344126000e-01
5.470833000000e+00,1.045766234400e+00,9.566783905000e-01,1.000564217600e+00,9.936325550000e-01
5.475000000000e+00,1.045608162880e+00,9.555422067600e-01,1.001058697700e+00,9.939730763000e-01
5.479167000000e+00,1.045518398280e+00,9.544633030900e-01,1.001544475600e+00,9.943540096000e-01
5.483333000000e+00,1.045496821400e+00,9.534517526600e-01,1.002019643800e+00,9.947733283000e-01
5.487500000000e+00,1.045542836190e+00,9.525166750000e-01,1.002482652700e+00,9.952289462000e-01
5.491667000000e+00,1.045655608180e+00,9.516674876200e-01,1.002931714100e+00,9.957182407000e-01
5.495833000000e+00,1.045833468440e+00,9.509131908400e-01,1.003365159000e+00,9.962383509000e-01
5.500000000000e+00,1.046074748040e+00,9.502614140500e-01,1.003781676300e+00,9.967867136000e-01
5.504167000000e+00,1.046377182010e+00,9.497196078300e-01,1.004179716100e+00,9.973599911000e-01
5.508333000000e+00,1.046737790110e+00,9.492943882900e-01,1.004557967200e+00,9.979548454000e-01
5.512500000000e+00,1.047153711320e+00,9.489908218400e-01,1.004915237400e+00,9.985680580000e-01
5.516667000000e+00,1.047621488570e+00,9.488134980200e-01,1.005250453900e+00,9.991959929000e-01
5.520833000000e+00,1.048137307170e+00,9.487653970700e-01,1.005562305500e+00,9.998347759000e-01
5.525000000000e+00,1.048697352410e+00,9.488484859500e-01,1.005850076700e+00,1.000481009500e+00
5.529167000000e+00,1.049297332760e+00,9.490634203000e-01,1.006113052400e+00,1.001130580900e+00
5.533333000000e+00,1.049932599070e+00,9.494092464400e-01,1.006350159600e+00,1.001779675500e+00
5.537500000000e+00,1.050598740580e+00,9.498842358600e-01,1.006561040900e+00,1.002424478500e+00
5.541667000000e+00,1.051290988920e+00,9.504848718600e-01,1.006744980800e+00,1.003061056100e+00
5.545833000000e+00,1.052004337310e+00,9.512062668800e-01,1.006901741000e+00,1.003685116800e+00
5.550000000000e+00,1.052734255790e+00,9.520429372800e-01,1.007030963900e+00,1.004293322600e+00
5.554167000000e+00,1.053475737570e+00,9.529876112900e-01,1.007132411000e+00,1.004881501200e+00
5.558333000000e+00,1.054223656650e+00,9.540319442700e-01,1.007205963100e+00,1.005445957200e+00
5.562500000000e+00,1.054973959920e+00,9.551672339400e-01,1.007251739500e+00,1.005983233500e+00
5.566667000000e+00,1.055721640590e+00,9.563833475100e-01,1.007269859300e+00,1.006489515300e+00
5.570833000000e+00,1.056462407110e+00,9.576693773300e-01,1.007260441800e+00,1.006961584100e+00
5.575000000000e+00,1.057192206380e+00,9.590147733700e-01,1.007223844500e+00,1.007396340400e+00
5.579167000000e+00,1.057906985280e+00,9.604076147100e-01,1.007160544400e+00,1.007790565500e+00
5.583333000000e+00,1.058603286740e+00,9.618358612100e-01,1.007071018200e+00,1.008141636800e+00
5.587500000000e+00,1.059277772900e+00,9.632883667900e-01,1.006955862000e+00,1.008447051000e+00
5.591667000000e+00,1.059927701950e+00,9.647531509400e-01,1.006815910300e+00,1.008704423900e+00
5.595833000000e+00,1.060550212860e+00,9.662184119200e-01,1.006651759100e+00,1.008911728900e+00
5.600000000000e+00,1.061143517490e+00,9.676739573500e-01,1.006464242900e+00,1.009067535400e+00
5.604167000000e+00,1.061705827710e+00,9.691090583800e-01,1.006254434600e+00,1.009170293800e+00
5.608333000000e+00,1.062235593800e+00,9.705137610400e-01,1.006023287800e+00,1.009218931200e+00
5.612500000000e+00,1.062732219700e+00,9.718798399000e-01,1.005771875400e+00,1.009212851500e+00
5.616667000000e+00,1.063194990160e+00,9.731991291000e-01,1.005501151100e+00,1.009151816400e+00
5.620833000000e+00,1.063623905180e+00,9.744642376900e-01,1.005212545400e+00,1.009035706500e+00
5.625000000000e+00,1.064019322400e+00,9.756699800500e-01,1.004906892800e+00,1.008864879600e+00
5.629167000000e+00,1.064381599430e+00,9.768109917600e-01,1.004585743000e+00,1.008640170100e+00
5.633333000000e+00,1.064711809160e+00,9.778831601100e-01,1.004250288000e+00,1.008362770100e+00
5.637500000000e+00,1.065011024480e+00,9.788840413100e-01,1.003901839300e+00,1.008033990900e+00
5.641667000000e+00,1.065280675890e+00,9.798114299800e-01,1.003541588800e+00,1.007655620600e+00
5.645833000000e+00,1.065522074700e+00,9.806638360000e-01,1.003171205500e+00,1.007229924200e+00
5.650000000000e+00,1.065737009050e+00,9.814413189900e-01,1.002791643100e+00,1.006759166700e+00
5.654167000000e+00,1.065927028660e+00,9.821438789400e-01,1.002404451400e+00,1.006246328400e+00
5.658333000000e+00,1.066093921660e+00,9.827720522900e-01,1.002011060700e+00,1.005694270100e+00
5.662500000000e+00,1.066238999370e+00,9.833268523200e-01,1.001612663300e+00,1.005106329900e+00
5.666667000000e+00,1.066364049910e+00,9.838102459900e-01,1.001210689500e+00,1.004485964800e+00
5.670833000000e+00,1.066470146180e+00,9.842233061800e-01,1.000806689300e+00,1.003837108600e+00
5.675000000000e+00,1.066558361050e+00,9.845676422100e-01,1.000401616100e+00,1.003163337700e+00
5.679167000000e+00,1.066629529000e+00,9.848446846000e-01,9.999970794000e-01,1.002468943600e+00
5.683333000000e+00,1.066684126850e+00,9.850553870200e-01,9.995943904000e-01,1.001758337000e+00
5.687500000000e+00,1.066722273830e+00,9.852007627500e-01,9.991946816000e-01,1.001035571100e+00
5.691667000000e+00,1.066743969920e+00,9.852812886200e-01,9.987992644000e-01,1.000305056600e+00
5.695833000000e+00,1.066748619080e+00,9.852970242500e-01,9.984095693000e-01,9.995715022000e-01
5.700000000000e+00,1.066735506060e+00,9.852476120000e-01,9.980264902000e-01,9.988390803000e-01
5.704167000000e+00,1.066703319550e+00,9.851322174100e-01,9.976514578000e-01,9.981124401000e-01
5.708333000000e+00,1.066650748250e+00,9.849497079800e-01,9.972855449000e-01,9.973962307000e-01
5.712500000000e+00,1.066575884820e+00,9.846984148000e-01,9.969298840000e-01,9.966945052000e-01
5.716667000000e+00,1.066476941110e+00,9.843764305100e-01,9.965855479000e-01,9.960117340000e-01
5.720833000000e+00,1.066351771350e+00,9.839817285500e-01,9.962536693000e-01,9.953523278000e-01
5.725000000000e+00,1.066197991370e+00,9.835119843500e-01,9.959351420000e-01,9.947199225000e-01
5.729167000000e+00,1.066013455390e+00,9.829650521300e-01,9.956310391000e-01,9.941186905000e-01
5.733333000000e+00,1.065795779230e+00,9.823389649400e-01,9.953423142000e-01,9.935523868000e-01
5.737500000000e+00,1.065542697910e+00,9.816316366200e-01,9.950698018000e-01,9.930242300000e-01
5.741667000000e+00,1.065252184870e+00,9.808418750800e-01,9.948143363000e-01,9.925376177000e-01
5.745833000000e+00,1.064922451970e+00,9.799690842600e-01,9.945768118000e-01,9.920955896000e-01
5.750000000000e+00,1.064551711080e+00,9.790127277400e-01,9.943578839000e-01,9.917005897000e-01
5.754167000000e+00,1.064138889310e+00,9.779736399700e-01,9.941583276000e-01,9.913551807000e-01
5.758333000000e+00,1.063683152200e+00,9.768538475000e-01,9.939787984000e-01,9.910614491000e-01
5.762500000000e+00,1.063184142110e+00,9.756554365200e-01,9.938197732000e-01,9.908208847000e-01
5.766667000000e+00,1.062641978260e+00,9.743823409100e-01,9.936819077000e-01,9.906350374000e-01
5.770833000000e+00,1.062057495120e+00,9.730399847000e-01,9.935656786000e-01,9.905048609000e-01
5.775000000000e+00,1.061431884770e+00,9.716336131100e-01,9.934715033000e-01,9.904308915000e-01
5.779167000000e+00,1.060767054560e+00,9.701709747300e-01,9.933996201000e-01,9.904135466000e-01
5.783333000000e+00,1.060065627100e+00,9.686606526400e-01,9.933504462000e-01,9.904525876000e-01
5.787500000000e+00,1.059330344200e+00,9.671115875200e-01,9.933241606000e-01,9.905477166000e-01
5.791667000000e+00,1.058565020560e+00,9.655345082300e-01,9.933209419000e-01,9.906979799000e-01
5.795833000000e+00,1.057774186130e+00,9.639411568600e-01,9.933409095000e-01,9.909021854000e-01
5.800000000000e+00,1.056961894040e+00,9.623429179200e-01,9.933840036000e-01,9.911590219000e-01
5.804167000000e+00,1.056133627890e+00,9.607529044200e-01,9.934502244000e-01,9.914665222000e-01
5.808333000000e+00,1.055295109750e+00,9.591846466100e-01,9.935393929000e-01,9.918225408000e-01
5.812500000000e+00,1.054451823230e+00,9.576508998900e-01,9.936513901000e-01,9.922248125000e-01
5.816667000000e+00,1.053609967230e+00,9.561653137200e-01,9.937859774000e-01,9.926705956000e-01
5.820833000000e+00,1.052776217460e+00,9.547418952000e-01,9.939426780000e-01,9.931567907000e-01
5.825000000000e+00,1.051956653590e+00,9.533928632700e-01,9.941212535000e-01,9.936806560000e-01
5.829167000000e+00,1.051157832150e+00,9.521312117600e-01,9.943211079000e-01,9.942386150000e-01
5.833333000000e+00,1.050386428830e+00,9.509689807900e-01,9.945417047000e-01,9.948270917000e-01
5.837500000000e+00,1.049648404120e+00,9.499166607900e-01,9.947825670000e-01,9.954426885000e-01
5.841667000000e+00,1.048949956890e+00,9.489845037500e-01,9.950428605000e-01,9.960815310000e-01
5.845833000000e+00,1.048297166820e+00,9.481814503700e-01,9.953218699000e-01,9.967395663000e-01
5.850000000000e+00,1.047695159910e+00,9.475147128100e-01,9.956188202000e-01,9.974130988000e-01
5.854167000000e+00,1.047149062160e+00,9.469905495600e-01,9.959328771000e-01,9.980980158000e-01
5.858333000000e+00,1.046663880350e+00,9.466137290000e-01,9.962629676000e-01,9.987900853000e-01
5.862500000000e+00,1.046243190770e+00,9.463871121400e-01,9.966081977000e-01,9.994854927000e-01
5.866667000000e+00,1.045890808110e+00,9.463123083100e-01,9.969675541000e-01,1.000180125200e+00
5.870833000000e+00,1.045609712600e+00,9.463892579100e-01,9.973397255000e-01,1.000869751000e+00
5.875000000000e+00,1.045401930810e+00,9.466164112100e-01,9.977238178000e-01,1.001550555200e+00
5.879167000000e+00,1.045269250870e+00,9.469904899600e-01,9.981185198000e-01,1.002218723300e+00
5.883333000000e+00,1.045212626460e+00,9.475067853900e-01,9.985224009000e-01,1.002870082900e+00
5.887500000000e+00,1.045232295990e+00,9.481594562500e-01,9.989344478000e-01,1.003501176800e+00
5.891667000000e+00,1.045328140260e+00,9.489411711700e-01,9.993531108000e-01,1.004108309700e+00
5.895833000000e+00,1.045498847960e+00,9.498431086500e-01,9.997769594000e-01,1.004687905300e+00
5.900000000000e+00,1.045742988590e+00,9.508562684100e-01,1.000204801600e+00,1.005236864100e+00
5.904167000000e+00,1.046058297160e+00,9.519699811900e-01,1.000635027900e+00,1.005752086600e+00
5.908333000000e+00,1.046441793440e+00,9.531728029300e-01,1.001065969500e+00,1.006230354300e+00
5.912500000000e+00,1.046890258790e+00,9.544536471400e-01,1.001496315000e+00,1.006669282900e+00
5.916667000000e+00,1.047399878500e+00,9.558000564600e-01,1.001924634000e+00,1.007066369100e+00
5.920833000000e+00,1.047966241840e+00,9.571993947000e-01,1.002348899800e+00,1.007419347800e+00
5.925000000000e+00,1.048584818840e+00,9.586399793600e-01,1.002768039700e+00,1.007726311700e+00
5.929167000000e+00,1.049250483510e+00,9.601091146500e-01,1.003180265400e+00,1.007985591900e+00
5.933333000000e+00,1.049957752230e+00,9.615945220000e-01,1.003583669700e+00,1.008195877100e+00
5.937500000000e+00,1.050701379780e+00,9.630851745600e-01,1.003977179500e+00,1.008356213600e+00
5.941667000000e+00,1.051475644110e+00,9.645696878400e-01,1.004358887700e+00,1.008465766900e+00
5.945833000000e+00,1.052274227140e+00,9.660372138000e-01,1.004727125200e+00,1.008524179500e+00
5.950000000000e+00,1.053091764450e+00,9.674787521400e-01,1.005080580700e+00,1.008531332000e+00
5.954167000000e+00,1.053922176360e+00,9.688848853100e-01,1.005417585400e+00,1.008487582200e+00
5.958333000000e+00,1.054759144780e+00,9.702472686800e-01,1.005736470200e+00,1.008393526100e+00
5.962500000000e+00,1.055597424510e+00,9.715593457200e-01,1.006036162400e+00,1.008249998100e+00
5.966667000000e+00,1.056430935860e+00,9.728143811200e-01,1.006314873700e+00,1.008058190300e+00
5.970833000000e+00,1.057254076000e+00,9.740067124400e-01,1.006571292900e+00,1.007819771800e+00
5.975000000000e+00,1.058061957360e+00,9.751322865500e-01,1.006804347000e+00,1.007536530500e+00
5.979167000000e+00,1.058849096300e+00,9.761870503400e-01,1.007012486500e+00,1.007210612300e+00
5.983333000000e+00,1.059610486030e+00,9.771678447700e-01,1.007194757500e+00,1.006844401400e+00
5.987500000000e+00,1.060342073440e+00,9.780727624900e-01,1.007350206400e+00,1.006440401100e+00
5.991667000000e+00,1.061039566990e+00,9.788999557500e-01,1.007477521900e+00,1.006001710900e+00
5.995833000000e+00,1.061698794360e+00,9.796480536500e-01,1.007576108000e+00,1.005531311000e+00
6.000000000000e+00,1.062316894530e+00,9.803168773700e-01,1.007645249400e+00,1.005032420200e+00
6.004167000000e+00,1.062890410420e+00,9.809059500700e-01,1.007684111600e+00,1.004508614500e+00
6.008333000000e+00,1.063416838650e+00,9.814152121500e-01,1.007692217800e+00,1.003963351200e+00
6.012500000000e+00,1.063894152640e+00,9.818452596700e-01,1.007669210400e+00,1.003400325800e+00
6.016667000000e+00,1.064320564270e+00,9.821962118100e-01,1.007614731800e+00,1.002823352800e+00
6.020833000000e+00,1.064694881440e+00,9.824692010900e-01,1.007528901100e+00,1.002236247100e+00
6.025000000000e+00,1.065016627310e+00,9.826648831400e-01,1.007411479900e+00,1.001642823200e+00
6.029167000000e+00,1.065285205840e+00,9.827840328200e-01,1.007262706800e+00,1.001046896000e+00
6.033333000000e+00,1.065500855450e+00,9.828275442100e-01,1.007082939100e+00,1.000452637700e+00
6.037500000000e+00,1.065664529800e+00,9.827964305900e-01,1.006872415500e+00,9.998633862000e-01
6.041667000000e+00,1.065777301790e+00,9.826915860200e-01,1.006631970400e+00,9.992831349000e-01
6.045833000000e+00,1.065840721130e+00,9.825143218000e-01,1.006362080600e+00,9.987156391000e-01
6.050000000000e+00,1.065856814380e+00,9.822656512300e-01,1.006063818900e+00,9.981641769000e-01
6.054167000000e+00,1.065828084950e+00,9.819470048000e-01,1.005737900700e+00,9.976321459000e-01
6.058333000000e+00,1.065757274630e+00,9.815601110500e-01,1.005385756500e+00,9.971229434000e-01
6.062500000000e+00,1.065647482870e+00,9.811065793000e-01,1.005008459100e+00,9.966393709000e-01
6.066667000000e+00,1.065502285960e+00,9.805886149400e-01,1.004607439000e+00,9.961843491000e-01
6.070833000000e+00,1.065325379370e+00,9.800087213500e-01,1.004184246100e+00,9.957606196000e-01
6.075000000000e+00,1.065120339390e+00,9.793695807500e-01,1.003740310700e+00,9.953702092000e-01
6.079167000000e+00,1.064891457560e+00,9.786747694000e-01,1.003277540200e+00,9.950154424000e-01
6.083333000000e+00,1.064642667770e+00,9.779275655700e-01,1.002797842000e+00,9.946982265000e-01
6.087500000000e+00,1.064377784730e+00,9.771320223800e-01,1.002302765800e+00,9.944198728000e-01
6.091667000000e+00,1.064101099970e+00,9.762930274000e-01,1.001794695900e+00,9.941818714000e-01
6.095833000000e+00,1.063816428180e+00,9.754159450500e-01,1.001275539400e+00,9.939851165000e-01
6.100000000000e+00,1.063527345660e+00,9.745058417300e-01,1.000747323000e+00,9.938302636000e-01
6.104167000000e+00,1.063237309460e+00,9.735690355300e-01,1.000212431000e+00,9.937177300000e-01
6.108333000000e+00,1.062949538230e+00,9.726121425600e-01,9.996730685000e-01,9.936476946000e-01
6.112500000000e+00,1.062666535380e+00,9.716414213200e-01,9.991313815000e-01,9.936197996000e-01
6.116667000000e+00,1.062390685080e+00,9.706642627700e-01,9.985898733000e-01,9.936336875000e-01
6.120833000000e+00,1.062123894690e+00,9.696879386900e-01,9.980508685000e-01,9.936885238000e-01
6.125000000000e+00,1.061867356300e+00,9.687194824200e-01,9.975165725000e-01,9.937832952000e-01
6.129167000000e+00,1.061621904370e+00,9.677664041500e-01,9.969893694000e-01,9.939166903000e-01
6.133333000000e+00,1.061387896540e+00,9.668362736700e-01,9.964718223000e-01,9.940871000000e-01
6.137500000000e+00,1.061164855960e+00,9.659356474900e-01,9.959658980000e-01,9.942928553000e-01
6.141667000000e+00,1.060951828960e+00,9.650716781600e-01,9.954741001000e-01,9.945319295000e-01
6.145833000000e+00,1.060747742650e+00,9.642509818100e-01,9.949987531000e-01,9.948019981000e-01
6.150000000000e+00,1.060550332070e+00,9.634791612600e-01,9.945418239000e-01,9.951007962000e-01
6.154167000000e+00,1.060357570650e+00,9.627617597600e-01,9.941055775000e-01,9.954258204000e-01
6.158333000000e+00,1.060166597370e+00,9.621038436900e-01,9.936921597000e-01,9.957741499000e-01
6.162500000000e+00,1.059974193570e+00,9.615090489400e-01,9.933034778000e-01,9.961432219000e-01
6.166667000000e+00,1.059777140620e+00,9.609810113900e-01,9.929413795000e-01,9.965300560000e-01
6.170833000000e+00,1.059571981430e+00,9.605223536500e-01,9.926078320000e-01,9.969315529000e-01
6.175000000000e+00,1.059355020520e+00,9.601345658300e-01,9.923043847000e-01,9.973447919000e-01
6.179167000000e+00,1.059122562410e+00,9.598186612100e-01,9.920325875000e-01,9.977666736000e-01
6.183333000000e+00,1.058871388440e+00,9.595748782200e-01,9.917940497000e-01,9.981938601000e-01
6.187500000000e+00,1.058597922330e+00,9.594022631600e-01,9.915899634000e-01,9.986236095000e-01
6.191667000000e+00,1.058299303050e+00,9.592995047600e-01,9.914214015000e-01,9.990526438000e-01
6.195833000000e+00,1.057973027230e+00,9.592643976200e-01,9.912896156000e-01,9.994779229000e-01
6.200000000000e+00,1.057616829870e+00,9.592941403400e-01,9.911952019000e-01,9.998965859000e-01
6.204167000000e+00,1.057229280470e+00,9.593853354500e-01,9.911389351000e-01,1.000305652600e+00
6.208333000000e+00,1.056809663770e+00,9.595340490300e-01,9.911213517000e-01,1.000702381100e+00
6.212500000000e+00,1.056357383730e+00,9.597361087800e-01,9.911427498000e-01,1.001084327700e+00
6.216667000000e+00,1.055873274800e+00,9.599867463100e-01,9.912032485000e-01,1.001448750500e+00
6.220833000000e+00,1.055358886720e+00,9.602811932600e-01,9.913027883000e-01,1.001793384600e+00
6.225000000000e+00,1.054816007610e+00,9.606146216400e-01,9.914412498000e-01,1.002116203300e+00
6.229167000000e+00,1.054247856140e+00,9.609818458600e-01,9.916181564000e-01,1.002415061000e+00
6.233333000000e+00,1.053658246990e+00,9.613779783200e-01,9.918329120000e-01,1.002688288700e+00
6.237500000000e+00,1.053051590920e+00,9.617983102800e-01,9.920847416000e-01,1.002934336700e+00
6.241667000000e+00,1.052433133130e+00,9.622381329500e-01,9.923726916000e-01,1.003151893600e+00
6.245833000000e+00,1.051808953290e+00,9.626930356000e-01,9.926955700000e-01,1.003339648200e+00
6.250000000000e+00,1.051185250280e+00,9.631591439200e-01,9.930521846000e-01,1.003497004500e+00
6.254167000000e+00,1.050569057460e+00,9.636325836200e-01,9.934409857000e-01,1.003623366400e+00
6.258333000000e+00,1.049967885020e+00,9.641100168200e-01,9.938603044000e-01,1.003718018500e+00
6.262500000000e+00,1.049388766290e+00,9.645885825200e-01,9.943084717000e-01,1.003781080200e+00
6.266667000000e+00,1.048839569090e+00,9.650655984900e-01,9.947835207000e-01,1.003812670700e+00
6.270833000000e+00,1.048327922820e+00,9.655387401600e-01,9.952833056000e-01,1.003813028300e+00
6.275000000000e+00,1.047860980030e+00,9.660063386000e-01,9.958058596000e-01,1.003782868400e+00
6.279167000000e+00,1.047445893290e+00,9.664666652700e-01,9.963487387000e-01,1.003722786900e+00
6.283333000000e+00,1.047089457510e+00,9.669182896600e-01,9.969094992000e-01,1.003633856800e+00
6.287500000000e+00,1.046797513960e+00,9.673602581000e-01,9.974858761000e-01,1.003517389300e+00
6.291667000000e+00,1.046575427060e+00,9.677914977100e-01,9.980751872000e-01,1.003374815000e+00
6.295833000000e+00,1.046427726750e+00,9.682110548000e-01,9.986746311000e-01,1.003207802800e+00
6.300000000000e+00,1.046357989310e+00,9.686182737400e-01,9.992818832000e-01,1.003017902400e+00
6.304167000000e+00,1.046368718150e+00,9.690122008300e-01,9.998940229000e-01,1.002807259600e+00
6.308333000000e+00,1.046461343770e+00,9.693919420200e-01,1.000508189200e+00,1.002577900900e+00
6.312500000000e+00,1.046636223790e+00,9.697565436400e-01,1.001121759400e+00,1.002331972100e+00
6.316667000000e+00,1.046892523770e+00,9.701048731800e-01,1.001731991800e+00,1.002071857500e+00
6.320833000000e+00,1.047228217120e+00,9.704354405400e-01,1.002335786800e+00,1.001800060300e+00
6.325000000000e+00,1.047640085220e+00,9.707469344100e-01,1.002930760400e+00,1.001518845600e+00
6.329167000000e+00,1.048124074940e+00,9.710375666600e-01,1.003514051400e+00,1.001230955100e+00
6.333333000000e+00,1.048674345020e+00,9.713053107300e-01,1.004082679700e+00,1.000938773200e+00
6.337500000000e+00,1.049284935000e+00,9.715482592600e-01,1.004634261100e+00,1.000645041500e+00
6.341667000000e+00,1.049948453900e+00,9.717641472800e-01,1.005166292200e+00,1.000352144200e+00
6.345833000000e+00,1.050656676290e+00,9.719505310100e-01,1.005675792700e+00,1.000062942500e+00
6.350000000000e+00,1.051401376720e+00,9.721050858500e-01,1.006160974500e+00,9.997795820000e-01
6.354167000000e+00,1.052173018460e+00,9.722254276300e-01,1.006619095800e+00,9.995047450000e-01
6.358333000000e+00,1.052962064740e+00,9.723091721500e-01,1.007047891600e+00,9.992407560000e-01
6.362500000000e+00,1.053759098050e+00,9.723542928700e-01,1.007445693000e+00,9.989898205000e-01
6.366667000000e+00,1.054554462430e+00,9.723587036100e-01,1.007810354200e+00,9.987541437000e-01
6.370833000000e+00,1.055338263510e+00,9.723208546600e-01,1.008139967900e+00,9.985357523000e-01
6.375000000000e+00,1.056101918220e+00,9.722394347200e-01,1.008433103600e+00,9.983363748000e-01
6.379167000000e+00,1.056836485860e+00,9.721137881300e-01,1.008688330700e+00,9.981577396000e-01
6.383333000000e+00,1.057533860210e+00,9.719437360800e-01,1.008904337900e+00,9.980014563000e-01
6.387500000000e+00,1.058187246320e+00,9.717295169800e-01,1.009080171600e+00,9.978687167000e-01
6.391667000000e+00,1.058790326120e+00,9.714722037300e-01,1.009214758900e+00,9.977606535000e-01
6.395833000000e+00,1.059337854390e+00,9.711737036700e-01,1.009307622900e+00,9.976782203000e-01
6.400000000000e+00,1.059825897220e+00,9.708362817800e-01,1.009358286900e+00,9.976219535000e-01
6.404167000000e+00,1.060251712800e+00,9.704632163000e-01,1.009366631500e+00,9.975923300000e-01
6.408333000000e+00,1.060613274570e+00,9.700585007700e-01,1.009332418400e+00,9.975895882000e-01
6.412500000000e+00,1.060911536220e+00,9.696254730200e-01,1.009256005300e+00,9.976136684000e-01
6.416667000000e+00,1.061144590380e+00,9.691725969300e-01,1.009137749700e+00,9.976643324000e-01
6.420833000000e+00,1.061316967010e+00,9.687026739100e-01,1.008978366900e+00,9.977409840000e-01
6.425000000000e+00,1.061431050300e+00,9.682229161300e-01,1.008778452900e+00,9.978430271000e-01
6.429167000000e+00,1.061491012570e+00,9.677401185000e-01,1.008539199800e+00,9.979695082000e-01
6.433333000000e+00,1.061501741410e+00,9.672614932100e-01,1.008261799800e+00,9.981191754000e-01
6.437500000000e+00,1.061469435690e+00,9.667939543700e-01,1.007947564100e+00,9.982907772000e-01
6.441667000000e+00,1.061400294300e+00,9.663450717900e-01,1.007598042500e+00,9.984827638000e-01
6.445833000000e+00,1.061301589010e+00,9.659220576300e-01,1.007215142300e+00,9.986934066000e-01
6.450000000000e+00,1.061180591580e+00,9.655319452300e-01,1.006800413100e+00,9.989209175000e-01
6.454167000000e+00,1.061044812200e+00,9.651814699200e-01,1.006356000900e+00,9.991632104000e-01
6.458333000000e+00,1.060901761050e+00,9.648771882100e-01,1.005884170500e+00,9.994180799000e-01
6.462500000000e+00,1.060758948330e+00,9.646246433300e-01,1.005386829400e+00,9.996834993000e-01
6.466667000000e+00,1.060623168950e+00,9.644290804900e-01,1.004866600000e+00,9.999569654000e-01
6.470833000000e+00,1.060501217840e+00,9.642949104300e-01,1.004325866700e+00,1.000236034400e+00
6.475000000000e+00,1.060399055480e+00,9.642256498300e-01,1.003766894300e+00,1.000518441200e+00
6.479167000000e+00,1.060321807860e+00,9.642239809000e-01,1.003192424800e+00,1.000801444100e+00
6.483333000000e+00,1.060273885730e+00,9.642916321800e-01,1.002605319000e+00,1.001082658800e+00
6.487500000000e+00,1.060258865360e+00,9.644293785100e-01,1.002007842100e+00,1.001359581900e+00
6.491667000000e+00,1.060279130940e+00,9.646368026700e-01,1.001402735700e+00,1.001629710200e+00
6.495833000000e+00,1.060336232190e+00,9.649127125700e-01,1.000793099400e+00,1.001890420900e+00
6.500000000000e+00,1.060430288310e+00,9.652548432400e-01,1.000181317300e+00,1.002139449100e+00
6.504167000000e+00,1.060560703280e+00,9.656599760100e-01,9.995701313000e-01,1.002374410600e+00
6.508333000000e+00,1.060725688930e+00,9.661239385600e-01,9.989625216000e-01,1.002592921300e+00
6.512500000000e+00,1.060922503470e+00,9.666419625300e-01,9.983608723000e-01,1.002793073700e+00
6.516667000000e+00,1.061147212980e+00,9.672082662600e-01,9.977680445000e-01,1.002972841300e+00
6.520833000000e+00,1.061395287510e+00,9.678163528400e-01,9.971868396000e-01,1.003130197500e+00
6.525000000000e+00,1.061661243440e+00,9.684596657800e-01,9.966194630000e-01,1.003263473500e+00
6.529167000000e+00,1.061939001080e+00,9.691306948700e-01,9.960685968000e-01,1.003371119500e+00
6.533333000000e+00,1.062221646310e+00,9.698215723000e-01,9.955368638000e-01,1.003451705000e+00
6.537500000000e+00,1.062502503400e+00,9.705247879000e-01,9.950263500000e-01,1.003504276300e+00
6.541667000000e+00,1.062773942950e+00,9.712321758300e-01,9.945394397000e-01,1.003527760500e+00
6.545833000000e+00,1.063028573990e+00,9.719356894500e-01,9.940783978000e-01,1.003521323200e+00
6.550000000000e+00,1.063259005550e+00,9.726278185800e-01,9.936450720000e-01,1.003484606700e+00
6.554167000000e+00,1.063457965850e+00,9.733008146300e-01,9.932413697000e-01,1.003417253500e+00
6.558333000000e+00,1.063618421550e+00,9.739474058200e-01,9.928692579000e-01,1.003319382700e+00
6.562500000000e+00,1.063734173770e+00,9.745610952400e-01,9.925301671000e-01,1.003190994300e+00
6.566667000000e+00,1.063799381260e+00,9.751354455900e-01,9.922255874000e-01,1.003032684300e+00
6.570833000000e+00,1.063808798790e+00,9.756646752400e-01,9.919568896000e-01,1.002845168100e+00
6.575000000000e+00,1.063758254050e+00,9.761438965800e-01,9.917250276000e-01,1.002629280100e+00
6.579167000000e+00,1.063644528390e+00,9.765686392800e-01,9.915310740000e-01,1.002386331600e+00
6.583333000000e+00,1.063465118410e+00,9.769350290300e-01,9.913756847000e-01,1.002117633800e+00
6.587500000000e+00,1.063218593600e+00,9.772402048100e-01,9.912593961000e-01,1.001824975000e+00
6.591667000000e+00,1.062904953960e+00,9.774817228300e-01,9.911826253000e-01,1.001510024100e+00
6.595833000000e+00,1.062524914740e+00,9.776577949500e-01,9.911454320000e-01,1.001175046000e+00
6.600000000000e+00,1.062080144880e+00,9.777673482900e-01,9.911478162000e-01,1.000822067300e+00
6.604167000000e+00,1.061573505400e+00,9.778098464000e-01,9.911895394000e-01,1.000453591300e+00
6.608333000000e+00,1.061009049420e+00,9.777852296800e-01,9.912701249000e-01,1.000072121600e+00
6.612500000000e+00,1.060391187670e+00,9.776939749700e-01,9.913890362000e-01,9.996803403000e-01
6.616667000000e+00,1.059725522990e+00,9.775369763400e-01,9.915453792000e-01,9.992809892000e-01
6.620833000000e+00,1.059018254280e+00,9.773156046900e-01,9.917381406000e-01,9.988771081000e-01
6.625000000000e+00,1.058275938030e+00,9.770312309300e-01,9.919663072000e-01,9.984714389000e-01
6.629167000000e+00,1.057505965230e+00,9.766858220100e-01,9.922283888000e-01,9.980670810000e-01
6.633333000000e+00,1.056716084480e+00,9.762814045000e-01,9.925229549000e-01,9.976671338000e-01
6.637500000000e+00,1.055913805960e+00,9.758201837500e-01,9.928485155000e-01,9.972744584000e-01
6.641667000000e+00,1.055107116700e+00,9.753044843700e-01,9.932032824000e-01,9.968920946000e-01
6.645833000000e+00,1.054304122920e+00,9.747370481500e-01,9.935852289000e-01,9.965230823000e-01
6.650000000000e+00,1.053512096410e+00,9.741201400800e-01,9.939926267000e-01,9.961701632000e-01
6.654167000000e+00,1.052739024160e+00,9.734566807700e-01,9.944233298000e-01,9.958362579000e-01
6.658333000000e+00,1.051991939540e+00,9.727495908700e-01,9.948751330000e-01,9.955241084000e-01
6.662500000000e+00,1.051277399060e+00,9.720016121900e-01,9.953459501000e-01,9.952360988000e-01
6.666667000000e+00,1.050601601600e+00,9.712159633600e-01,9.958334565000e-01,9.949747920000e-01
6.670833000000e+00,1.049970507620e+00,9.703961014700e-01,9.963352084000e-01,9.947424531000e-01
6.675000000000e+00,1.049388766290e+00,9.695451259600e-01,9.968491197000e-01,9.945410490000e-01
6.679167000000e+00,1.048860907550e+00,9.686669111300e-01,9.973726273000e-01,9.943725467000e-01
6.683333000000e+00,1.048390507700e+00,9.677656292900e-01,9.979033470000e-01,9.942386150000e-01
6.687500000000e+00,1.047980308530e+00,9.668450355500e-01,9.984390736000e-01,9.941405654000e-01
6.691667000000e+00,1.047632813450e+00,9.659097790700e-01,9.989773035000e-01,9.940797687000e-01
6.695833000000e+00,1.047349333760e+00,9.649651050600e-01,9.995155334000e-01,9.940570593000e-01
6.700000000000e+00,1.047130584720e+00,9.640155434600e-01,1.000051856000e+00,9.940731525000e-01
6.704167000000e+00,1.046976923940e+00,9.630668759300e-01,1.000583648700e+00,9.941285849000e-01
6.708333000000e+00,1.046887755390e+00,9.621251225500e-01,1.001108646400e+00,9.942234159000e-01
6.712500000000e+00,1.046862125400e+00,9.611958265300e-01,1.001624941800e+00,9.943575859000e-01
6.716667000000e+00,1.046898245810e+00,9.602856636000e-01,1.002130389200e+00,9.945307970000e-01
6.720833000000e+00,1.046994209290e+00,9.594014287000e-01,1.002622604400e+00,9.947423339000e-01
6.725000000000e+00,1.047147631650e+00,9.585493803000e-01,1.003100037600e+00,9.949914217000e-01
6.729167000000e+00,1.047355294230e+00,9.577366709700e-01,1.003560662300e+00,9.952768683000e-01
6.733333000000e+00,1.047614336010e+00,9.569703340500e-01,1.004002571100e+00,9.955971837000e-01
6.737500000000e+00,1.047921180730e+00,9.562569260600e-01,1.004424333600e+00,9.959508777000e-01
6.741667000000e+00,1.048272252080e+00,9.556034207300e-01,1.004824280700e+00,9.963359833000e-01
6.745833000000e+00,1.048663735390e+00,9.550164938000e-01,1.005200862900e+00,9.967504144000e-01
6.750000000000e+00,1.049091815950e+00,9.545021057100e-01,1.005552768700e+00,9.971919656000e-01
6.754167000000e+00,1.049552440640e+00,9.540662169500e-01,1.005878925300e+00,9.976580143000e-01
6.758333000000e+00,1.050041675570e+00,9.537143111200e-01,1.006178021400e+00,9.981458783000e-01
6.762500000000e+00,1.050555944440e+00,9.534510374100e-01,1.006449222600e+00,9.986528754000e-01
6.766667000000e+00,1.051091074940e+00,9.532805085200e-01,1.006691694300e+00,9.991758466000e-01
6.770833000000e+00,1.051643490790e+00,9.532061219200e-01,1.006904602100e+00,9.997116327000e-01
6.775000000000e+00,1.052209615710e+00,9.532303810100e-01,1.007087469100e+00,1.000257134400e+00
6.779167000000e+00,1.052785992620e+00,9.533550143200e-01,1.007239699400e+00,1.000809073400e+00
6.783333000000e+00,1.053369402890e+00,9.535806775100e-01,1.007361173600e+00,1.001363635100e+00
6.787500000000e+00,1.053956866260e+00,9.539071917500e-01,1.007451653500e+00,1.001917839100e+00
6.791667000000e+00,1.054545402530e+00,9.543333649600e-01,1.007510900500e+00,1.002467870700e+00
6.795833000000e+00,1.055132389070e+00,9.548568725600e-01,1.007539272300e+00,1.003010153800e+00
6.800000000000e+00,1.055715441700e+00,9.554746747000e-01,1.007536768900e+00,1.003541469600e+00
6.804167000000e+00,1.056292414670e+00,9.561825990700e-01,1.007503867100e+00,1.004058122600e+00
6.808333000000e+00,1.056861162190e+00,9.569754600500e-01,1.007441043900e+00,1.004556655900e+00
6.812500000000e+00,1.057420134540e+00,9.578476548200e-01,1.007348656700e+00,1.005033850700e+00
6.816667000000e+00,1.057967543600e+00,9.587923288300e-01,1.007227659200e+00,1.005486249900e+00
6.820833000000e+00,1.058501839640e+00,9.598019719100e-01,1.007078766800e+00,1.005910635000e+00
6.825000000000e+00,1.059022307400e+00,9.608691334700e-01,1.006902813900e+00,1.006304264100e+00
6.829167000000e+00,1.059527516370e+00,9.619850516300e-01,1.006700873400e+00,1.006664156900e+00
6.833333000000e+00,1.060016751290e+00,9.631407856900e-01,1.006474137300e+00,1.006987571700e+00
6.837500000000e+00,1.060489296910e+00,9.643278718000e-01,1.006223678600e+00,1.007272124300e+00
6.841667000000e+00,1.060944557190e+00,9.655369520200e-01,1.005950808500e+00,1.007515430500e+00
6.845833000000e+00,1.061382055280e+00,9.667585492100e-01,1.005656957600e+00,1.007715582800e+00
6.850000000000e+00,1.061801671980e+00,9.679843783400e-01,1.005343318000e+00,1.007870793300e+00
6.854167000000e+00,1.062203049660e+00,9.692053794900e-01,1.005011558500e+00,1.007979750600e+00
6.858333000000e+00,1.062586069110e+00,9.704130291900e-01,1.004663229000e+00,1.008041024200e+00
6.862500000000e+00,1.062950849530e+00,9.715999960900e-01,1.004299759900e+00,1.008053898800e+00
6.866667000000e+00,1.063297390940e+00,9.727587699900e-01,1.003922820100e+00,1.008017778400e+00
6.870833000000e+00,1.063625574110e+00,9.738822579400e-01,1.003534078600e+00,1.007932543800e+00
6.875000000000e+00,1.063935875890e+00,9.749650955200e-01,1.003134965900e+00,1.007797956500e+00
6.879167000000e+00,1.064228296280e+00,9.760017395000e-01,1.002727389300e+00,1.007614731800e+00
6.883333000000e+00,1.064502954480e+00,9.769873023000e-01,1.002313017800e+00,1.007383465800e+00
6.887500000000e+00,1.064760208130e+00,9.779183864600e-01,1.001893281900e+00,1.007105231300e+00
6.891667000000e+00,1.065000057220e+00,9.787917137100e-01,1.001469969700e+00,1.006781458900e+00
6.895833000000e+00,1.065222501750e+00,9.796044230500e-01,1.001044988600e+00,1.006413817400e+00
6.900000000000e+00,1.065427899360e+00,9.803551435500e-01,1.000619411500e+00,1.006004214300e+00
6.904167000000e+00,1.065615892410e+00,9.810423255000e-01,1.000195264800e+00,1.005554914500e+00
6.908333000000e+00,1.065786361690e+00,9.816644191700e-01,9.997739792000e-01,1.005068779000e+00
6.912500000000e+00,1.065939307210e+00,9.822220206300e-01,9.993569851000e-01,1.004548192000e+00
6.916667000000e+00,1.066074132920e+00,9.827144146000e-01,9.989458323000e-01,1.003996372200e+00
6.920833000000e+00,1.066190123560e+00,9.831414222700e-01,9.985421300000e-01,1.003416657400e+00
6.925000000000e+00,1.066286921500e+00,9.835032820700e-01,9.981469512000e-01,1.002812385600e+00
6.929167000000e+00,1.066363334660e+00,9.837999343900e-01,9.977617860000e-01,1.002187132800e+00
6.933333000000e+00,1.066418409350e+00,9.840313792200e-01,9.973880649000e-01,1.001545071600e+00
6.937500000000e+00,1.066451072690e+00,9.841975569700e-01,9.970266819000e-01,1.000889539700e+00
6.941667000000e+00,1.066459774970e+00,9.842981100100e-01,9.966790080000e-01,1.000224828700e+00
6.945833000000e+00,1.066443085670e+00,9.843324422800e-01,9.963461161000e-01,9.995552301000e-01
6.950000000000e+00,1.066399455070e+00,9.842997789400e-01,9.960289001000e-01,9.988844991000e-01
6.954167000000e+00,1.066327095030e+00,9.841991066900e-01,9.957284331000e-01,9.982169271000e-01
6.958333000000e+00,1.066224217410e+00,9.840290546400e-01,9.954456091000e-01,9.975568056000e-01
6.962500000000e+00,1.066089034080e+00,9.837881326700e-01,9.951810837000e-01,9.969080091000e-01
6.966667000000e+00,1.065919756890e+00,9.834746718400e-01,9.949356914000e-01,9.962747693000e-01
6.970833000000e+00,1.065714597700e+00,9.830870032300e-01,9.947102070000e-01,9.956610799000e-01
6.975000000000e+00,1.065472006800e+00,9.826232194900e-01,9.945049882000e-01,9.950706959000e-01
6.979167000000e+00,1.065190315250e+00,9.820816516900e-01,9.943206906000e-01,9.945074320000e-01
6.983333000000e+00,1.064868330960e+00,9.814609885200e-01,9.941577315000e-01,9.939749241000e-01
6.987500000000e+00,1.064505100250e+00,9.807597398800e-01,9.940164089000e-01,9.934763908000e-01
6.991667000000e+00,1.064099788670e+00,9.799773097000e-01,9.938970804000e-01,9.930150509000e-01
6.995833000000e+00,1.063652038570e+00,9.791136384000e-01,9.937999249000e-01,9.925940633000e-01
7.000000000000e+00,1.063161849980e+00,9.781687855700e-01,9.937251210000e-01,9.922158122000e-01
7.004167000000e+00,1.062629818920e+00,9.771440625200e-01,9.936727285000e-01,9.918829203000e-01
7.008333000000e+00,1.062056779860e+00,9.760417938200e-01,9.936426878000e-01,9.915974736000e-01
7.012500000000e+00,1.061444163320e+00,9.748644828800e-01,9.936349988000e-01,9.913612604000e-01
7.016667000000e+00,1.060793995860e+00,9.736163020100e-01,9.936494827000e-01,9.911757708000e-01
7.020833000000e+00,1.060108780860e+00,9.723025560400e-01,9.936859608000e-01,9.910421968000e-01
7.025000000000e+00,1.059391498570e+00,9.709287881900e-01,9.937441349000e-01,9.909614325000e-01
7.029167000000e+00,1.058645606040e+00,9.695024490400e-01,9.938237071000e-01,9.909338951000e-01
7.033333000000e+00,1.057875394820e+00,9.680321216600e-01,9.939243197000e-01,9.909597635000e-01
7.037500000000e+00,1.057085275650e+00,9.665262699100e-01,9.940454364000e-01,9.910388589000e-01
7.041667000000e+00,1.056280136110e+00,9.649953842200e-01,9.941866398000e-01,9.911706448000e-01
7.045833000000e+00,1.055465698240e+00,9.634508490600e-01,9.943473339000e-01,9.913542271000e-01
7.050000000000e+00,1.054647326470e+00,9.619035720800e-01,9.945269227000e-01,9.915885329000e-01
7.054167000000e+00,1.053831219670e+00,9.603662490800e-01,9.947247505000e-01,9.918719530000e-01
7.058333000000e+00,1.053023695950e+00,9.588518738700e-01,9.949400425000e-01,9.922026396000e-01
7.062500000000e+00,1.052230715750e+00,9.573727250100e-01,9.951722026000e-01,9.925786853000e-01
7.066667000000e+00,1.051459074020e+00,9.559422731400e-01,9.954203367000e-01,9.929976463000e-01
7.070833000000e+00,1.050715208050e+00,9.545738101000e-01,9.956836104000e-01,9.934568405000e-01
7.075000000000e+00,1.050005078320e+00,9.532793760300e-01,9.959612489000e-01,9.939536452000e-01
7.079167000000e+00,1.049335002900e+00,9.520714879000e-01,9.962523580000e-01,9.944849610000e-01
7.083333000000e+00,1.048711061480e+00,9.509621262600e-01,9.965558052000e-01,9.950474501000e-01
7.087500000000e+00,1.048138380050e+00,9.499614834800e-01,9.968708754000e-01,9.956379533000e-01
7.091667000000e+00,1.047622323040e+00,9.490796923600e-01,9.971964359000e-01,9.962528348000e-01
7.095833000000e+00,1.047167420390e+00,9.483256340000e-01,9.975314736000e-01,9.968882799000e-01
7.100000000000e+00,1.046777963640e+00,9.477065205600e-01,9.978750348000e-01,9.975408912000e-01
7.104167000000e+00,1.046457171440e+00,9.472286701200e-01,9.982259870000e-01,9.982066751000e-01
7.108333000000e+00,1.046208381650e+00,9.468967914600e-01,9.985831976000e-01,9.988815188000e-01
7.112500000000e+00,1.046033382420e+00,9.467139840100e-01,9.989456534000e-01,9.995618463000e-01
7.116667000000e+00,1.045933961870e+00,9.466820359200e-01,9.993122816000e-01,1.000243544600e+00
7.120833000000e+00,1.045910835270e+00,9.468008875800e-01,9.996817112000e-01,1.000922560700e+00
7.125000000000e+00,1.045964121820e+00,9.470691680900e-01,1.000053048100e+00,1.001595258700e+00
7.129167000000e+00,1.046093344690e+00,9.474838972100e-01,1.000425100300e+00,1.002257466300e+00
7.133333000000e+00,1.046296954150e+00,9.480402469600e-01,1.000796556500e+00,1.002905368800e+00
7.137500000000e+00,1.046573042870e+00,9.487326145200e-01,1.001166343700e+00,1.003535389900e+00
7.141667000000e+00,1.046918988230e+00,9.495536685000e-01,1.001533269900e+00,1.004143834100e+00
7.145833000000e+00,1.047331333160e+00,9.504945874200e-01,1.001896143000e+00,1.004726886700e+00
7.150000000000e+00,1.047806501390e+00,9.515462517700e-01,1.002253890000e+00,1.005281567600e+00
7.154167000000e+00,1.048339843750e+00,9.526978731200e-01,1.002605080600e+00,1.005804419500e+00
7.158333000000e+00,1.048926472660e+00,9.539379477500e-01,1.002948761000e+00,1.006292343100e+00
7.162500000000e+00,1.049561500550e+00,9.552550911900e-01,1.003283739100e+00,1.006742596600e+00
7.166667000000e+00,1.050239086150e+00,9.566366076500e-01,1.003608822800e+00,1.007152557400e+00
7.170833000000e+00,1.050953269000e+00,9.580695033100e-01,1.003922820100e+00,1.007519602800e+00
7.175000000000e+00,1.051698327060e+00,9.595417380300e-01,1.004224777200e+00,1.007841825500e+00
7.179167000000e+00,1.052468061450e+00,9.610403776200e-01,1.004513382900e+00,1.008117318200e+00
7.183333000000e+00,1.053256034850e+00,9.625524878500e-01,1.004787683500e+00,1.008344292600e+00
7.187500000000e+00,1.054056406020e+00,9.640668034600e-01,1.005046606100e+00,1.008521556900e+00
7.191667000000e+00,1.054863214490e+00,9.655715823200e-01,1.005289197000e+00,1.008648157100e+00
7.195833000000e+00,1.055670261380e+00,9.670555591600e-01,1.005514264100e+00,1.008723378200e+00
7.200000000000e+00,1.056472301480e+00,9.685094356500e-01,1.005721211400e+00,1.008746981600e+00
7.204167000000e+00,1.057263851170e+00,9.699237346600e-01,1.005908727600e+00,1.008718729000e+00
7.208333000000e+00,1.058039546010e+00,9.712898731200e-01,1.006076216700e+00,1.008639216400e+00
7.212500000000e+00,1.058795332910e+00,9.726011753100e-01,1.006222963300e+00,1.008508801500e+00
7.216667000000e+00,1.059526562690e+00,9.738510847100e-01,1.006348013900e+00,1.008328676200e+00
7.220833000000e+00,1.060229301450e+00,9.750339984900e-01,1.006450772300e+00,1.008100032800e+00
7.225000000000e+00,1.060900449750e+00,9.761461615600e-01,1.006530642500e+00,1.007824540100e+00
7.229167000000e+00,1.061536908150e+00,9.771839380300e-01,1.006587028500e+00,1.007503986400e+00
7.233333000000e+00,1.062136054040e+00,9.781445264800e-01,1.006619572600e+00,1.007140636400e+00
7.237500000000e+00,1.062696099280e+00,9.790267348300e-01,1.006627798100e+00,1.006736993800e+00
7.241667000000e+00,1.063215374950e+00,9.798292517700e-01,1.006611347200e+00,1.006295681000e+00
7.245833000000e+00,1.063692331310e+00,9.805516600600e-01,1.006570220000e+00,1.005819797500e+00
7.250000000000e+00,1.064126729970e+00,9.811943769500e-01,1.006504058800e+00,1.005312204400e+00
7.254167000000e+00,1.064517736430e+00,9.817578196500e-01,1.006412982900e+00,1.004776597000e+00
7.258333000000e+00,1.064865469930e+00,9.822428822500e-01,1.006296992300e+00,1.004216313400e+00
7.262500000000e+00,1.065170288090e+00,9.826508760500e-01,1.006156206100e+00,1.003634929700e+00
7.266667000000e+00,1.065432548520e+00,9.829829931300e-01,1.005990862800e+00,1.003036260600e+00
7.270833000000e+00,1.065653204920e+00,9.832406044000e-01,1.005801439300e+00,1.002424240100e+00
7.275000000000e+00,1.065833449360e+00,9.834251403800e-01,1.005588293100e+00,1.001802682900e+00
7.279167000000e+00,1.065974235530e+00,9.835376143500e-01,1.005351901100e+00,1.001175522800e+00
7.283333000000e+00,1.066077232360e+00,9.835799336400e-01,1.005092978500e+00,1.000546932200e+00
7.287500000000e+00,1.066144108770e+00,9.835529327400e-01,1.004812359800e+00,9.999205470000e-01
7.291667000000e+00,1.066176414490e+00,9.834576249100e-01,1.004510641100e+00,9.993004203000e-01
7.295833000000e+00,1.066175937650e+00,9.832949638400e-01,1.004189133600e+00,9.986904860000e-01
7.300000000000e+00,1.066144704820e+00,9.830657839800e-01,1.003848552700e+00,9.980942011000e-01
7.304167000000e+00,1.066084384920e+00,9.827708005900e-01,1.003490090400e+00,9.975153804000e-01
7.308333000000e+00,1.065997242930e+00,9.824112653700e-01,1.003115057900e+00,9.969576001000e-01
7.312500000000e+00,1.065884709360e+00,9.819871783300e-01,1.002724647500e+00,9.964239597000e-01
7.316667000000e+00,1.065749049190e+00,9.814998507500e-01,1.002320289600e+00,9.959177375000e-01
7.320833000000e+00,1.065592169760e+00,9.809505939500e-01,1.001903414700e+00,9.954419732000e-01
7.325000000000e+00,1.065415620800e+00,9.803404212000e-01,1.001475572600e+00,9.949991703000e-01
7.329167000000e+00,1.065221428870e+00,9.796711802500e-01,1.001038312900e+00,9.945918322000e-01
7.333333000000e+00,1.065011143680e+00,9.789450764700e-01,1.000593423800e+00,9.942224026000e-01
7.337500000000e+00,1.064786314960e+00,9.781641960100e-01,1.000142455100e+00,9.938925505000e-01
7.341667000000e+00,1.064548492430e+00,9.773316979400e-01,9.996871948000e-01,9.936041832000e-01
7.345833000000e+00,1.064298987390e+00,9.764512777300e-01,9.992296100000e-01,9.933585525000e-01
7.350000000000e+00,1.064038872720e+00,9.755265116700e-01,9.987712502000e-01,9.931567907000e-01
7.354167000000e+00,1.063769459720e+00,9.745621085200e-01,9.983141422000e-01,9.929996729000e-01
7.358333000000e+00,1.063491582870e+00,9.735635519000e-01,9.978602529000e-01,9.928877354000e-01
7.362500000000e+00,1.063205957410e+00,9.725358486200e-01,9.974113107000e-01,9.928210378000e-01
7.366667000000e+00,1.062913060190e+00,9.714855551700e-01,9.969693422000e-01,9.927995801000e-01
7.370833000000e+00,1.062613606450e+00,9.704194068900e-01,9.965362549000e-01,9.928228259000e-01
7.375000000000e+00,1.062307357790e+00,9.693439006800e-01,9.961137772000e-01,9.928901196000e-01
7.379167000000e+00,1.061994671820e+00,9.682666659400e-01,9.957039356000e-01,9.930003881000e-01
7.383333000000e+00,1.061675429340e+00,9.671954512600e-01,9.953085780000e-01,9.931523800000e-01
7.387500000000e+00,1.061349153520e+00,9.661374092100e-01,9.949294329000e-01,9.933446050000e-01
7.391667000000e+00,1.061015605930e+00,9.651005268100e-01,9.945682287000e-01,9.935751557000e-01
7.395833000000e+00,1.060674190520e+00,9.640927314800e-01,9.942268133000e-01,9.938420653000e-01
7.400000000000e+00,1.060324311260e+00,9.631209969500e-01,9.939066172000e-01,9.941431880000e-01
7.404167000000e+00,1.059965133670e+00,9.621928334200e-01,9.936093688000e-01,9.944759607000e-01
7.408333000000e+00,1.059595942500e+00,9.613151550300e-01,9.933364987000e-01,9.948377609000e-01
7.412500000000e+00,1.059216022490e+00,9.604940414400e-01,9.930894375000e-01,9.952259660000e-01
7.416667000000e+00,1.058824539180e+00,9.597354531300e-01,9.928693771000e-01,9.956375957000e-01
7.420833000000e+00,1.058420896530e+00,9.590447545100e-01,9.926776886000e-01,9.960695505000e-01
7.425000000000e+00,1.058004498480e+00,9.584260582900e-01,9.925153255000e-01,9.965189099000e-01
7.429167000000e+00,1.057574868200e+00,9.578833580000e-01,9.923833013000e-01,9.969823956000e-01
7.433333000000e+00,1.057132124900e+00,9.574195742600e-01,9.922824502000e-01,9.974567294000e-01
7.437500000000e+00,1.056675791740e+00,9.570367336300e-01,9.922135472000e-01,9.979388118000e-01
7.441667000000e+00,1.056206583980e+00,9.567362666100e-01,9.921770692000e-01,9.984253645000e-01
7.445833000000e+00,1.055724978450e+00,9.565185904500e-01,9.921736121000e-01,9.989129305000e-01
7.450000000000e+00,1.055231928830e+00,9.563832879100e-01,9.922032952000e-01,9.993985891000e-01
7.454167000000e+00,1.054728746410e+00,9.563294053100e-01,9.922664762000e-01,9.998790622000e-01
7.458333000000e+00,1.054217338560e+00,9.563550949100e-01,9.923629761000e-01,1.000351190600e+00
7.462500000000e+00,1.053699612620e+00,9.564577937100e-01,9.924927950000e-01,1.000812292100e+00
7.466667000000e+00,1.053178071980e+00,9.566344022800e-01,9.926555753000e-01,1.001259207700e+00
7.470833000000e+00,1.052655816080e+00,9.568811655000e-01,9.928508401000e-01,1.001689195600e+00
7.475000000000e+00,1.052135944370e+00,9.571940898900e-01,9.930781126000e-01,1.002099871600e+00
7.479167000000e+00,1.051622271540e+00,9.575685858700e-01,9.933366179000e-01,1.002488732300e+00
7.483333000000e+00,1.051118731500e+00,9.579996466600e-01,9.936252832000e-01,1.002853393600e+00
7.487500000000e+00,1.050629615780e+00,9.584823846800e-01,9.939433932000e-01,1.003191947900e+00
7.491667000000e+00,1.050159454350e+00,9.590115547200e-01,9.942895770000e-01,1.003502488100e+00
7.495833000000e+00,1.049713134770e+00,9.595816135400e-01,9.946624637000e-01,1.003783345200e+00
7.500000000000e+00,1.049295306210e+00,9.601875543600e-01,9.950607419000e-01,1.004033207900e+00
7.504167000000e+00,1.048910737040e+00,9.608239531500e-01,9.954829216000e-01,1.004250645600e+00
7.508333000000e+00,1.048564672470e+00,9.614855051000e-01,9.959270358000e-01,1.004434943200e+00
7.512500000000e+00,1.048261523250e+00,9.621676206600e-01,9.963915348000e-01,1.004585266100e+00
7.516667000000e+00,1.048006057740e+00,9.628652334200e-01,9.968745112000e-01,1.004701137500e+00
7.520833000000e+00,1.047802567480e+00,9.635736942300e-01,9.973737001000e-01,1.004782319100e+00
7.525000000000e+00,1.047654747960e+00,9.642890691800e-01,9.978873730000e-01,1.004828929900e+00
7.529167000000e+00,1.047566294670e+00,9.650070071200e-01,9.984131455000e-01,1.004841208500e+00
7.533333000000e+00,1.047540068630e+00,9.657236337700e-01,9.989486337000e-01,1.004819512400e+00
7.537500000000e+00,1.047578334810e+00,9.664356708500e-01,9.994918704000e-01,1.004764676100e+00
7.541667000000e+00,1.047682881360e+00,9.671396613100e-01,1.000040292700e+00,1.004677772500e+00
7.545833000000e+00,1.047854542730e+00,9.678323268900e-01,1.000591397300e+00,1.004559755300e+00
7.550000000000e+00,1.048093318940e+00,9.685110449800e-01,1.001142978700e+00,1.004412174200e+00
7.554167000000e+00,1.048398733140e+00,9.691728353500e-01,1.001692414300e+00,1.004236578900e+00
7.558333000000e+00,1.048769116400e+00,9.698148965800e-01,1.002237200700e+00,1.004034757600e+00
7.562500000000e+00,1.049201965330e+00,9.704349637000e-01,1.002774953800e+00,1.003808617600e+00
7.566667000000e+00,1.049694180490e+00,9.710302949000e-01,1.003303170200e+00,1.003560304600e+00
7.570833000000e+00,1.050241470340e+00,9.715982675600e-01,1.003819346400e+00,1.003292083700e+00
7.575000000000e+00,1.050839185710e+00,9.721367359200e-01,1.004321098300e+00,1.003006100700e+00
7.579167000000e+00,1.051481485370e+00,9.726428985600e-01,1.004806160900e+00,1.002705097200e+00
7.583333000000e+00,1.052161931990e+00,9.731143117000e-01,1.005272030800e+00,1.002391576800e+00
7.587500000000e+00,1.052873849870e+00,9.735485911400e-01,1.005716562300e+00,1.002067923500e+00
7.591667000000e+00,1.053609848020e+00,9.739430546800e-01,1.006137609500e+00,1.001736998600e+00
7.595833000000e+00,1.054361701010e+00,9.742952585200e-01,1.006532907500e+00,1.001401543600e+00
7.600000000000e+00,1.055121779440e+00,9.746028184900e-01,1.006900787400e+00,1.001064062100e+00
7.604167000000e+00,1.055881738660e+00,9.748633503900e-01,1.007239222500e+00,1.000727295900e+00
7.608333000000e+00,1.056633234020e+00,9.750745296500e-01,1.007546424900e+00,1.000394105900e+00
7.612500000000e+00,1.057368397710e+00,9.752345085100e-01,1.007820963900e+00,1.000066757200e+00
7.616667000000e+00,1.058079361920e+00,9.753414988500e-01,1.008061289800e+00,9.997479320000e-01
7.620833000000e+00,1.058758497240e+00,9.753938913300e-01,1.008266091300e+00,9.994401336000e-01
7.625000000000e+00,1.059399247170e+00,9.753907322900e-01,1.008434295700e+00,9.991455078000e-01
7.629167000000e+00,1.059995412830e+00,9.753313660600e-01,1.008565068200e+00,9.988663197000e-01
7.633333000000e+00,1.060541391370e+00,9.752156138400e-01,1.008657455400e+00,9.986046553000e-01
7.637500000000e+00,1.061032772060e+00,9.750438928600e-01,1.008711099600e+00,9.983623028000e-01
7.641667000000e+00,1.061465978620e+00,9.748171567900e-01,1.008725404700e+00,9.981409907000e-01
7.645833000000e+00,1.061838150020e+00,9.745371937800e-01,1.008700490000e+00,9.979422688000e-01
7.650000000000e+00,1.062148213390e+00,9.742062091800e-01,1.008636117000e+00,9.977673292000e-01
7.654167000000e+00,1.062395453450e+00,9.738271236400e-01,1.008532524100e+00,9.976173639000e-01
7.658333000000e+00,1.062580466270e+00,9.734038114500e-01,1.008390307400e+00,9.974932075000e-01
7.662500000000e+00,1.062705039980e+00,9.729404449500e-01,1.008209824600e+00,9.973955750000e-01
7.666667000000e+00,1.062771916390e+00,9.724419713000e-01,1.007992148400e+00,9.973248243000e-01
7.670833000000e+00,1.062784671780e+00,9.719141721700e-01,1.007737994200e+00,9.972811937000e-01
7.675000000000e+00,1.062747836110e+00,9.713628292100e-01,1.007448673200e+00,9.972646832000e-01
7.679167000000e+00,1.062666654590e+00,9.707946181300e-01,1.007125496900e+00,9.972749949000e-01
7.683333000000e+00,1.062547087670e+00,9.702165722800e-01,1.006770014800e+00,9.973116517000e-01
7.687500000000e+00,1.062395572660e+00,9.696357250200e-01,1.006383657500e+00,9.973739982000e-01
7.691667000000e+00,1.062218904500e+00,9.690594077100e-01,1.005968332300e+00,9.974611998000e-01
7.695833000000e+00,1.062024116520e+00,9.684953093500e-01,1.005526065800e+00,9.975720644000e-01
7.700000000000e+00,1.061818361280e+00,9.679504632900e-01,1.005058646200e+00,9.977053404000e-01
7.704167000000e+00,1.061608552930e+00,9.674322009100e-01,1.004568457600e+00,9.978596568000e-01
7.708333000000e+00,1.061401724820e+00,9.669474959400e-01,1.004057765000e+00,9.980332851000e-01
7.712500000000e+00,1.061204195020e+00,9.665027260800e-01,1.003528595000e+00,9.982246161000e-01
7.716667000000e+00,1.061021804810e+00,9.661039114000e-01,1.002983570100e+00,9.984316230000e-01
7.720833000000e+00,1.060860157010e+00,9.657565951300e-01,1.002425193800e+00,9.986522794000e-01
7.725000000000e+00,1.060723662380e+00,9.654651880300e-01,1.001855850200e+00,9.988846779000e-01
7.729167000000e+00,1.060616254810e+00,9.652336835900e-01,1.001278162000e+00,9.991264343000e-01
7.733333000000e+00,1.060540676120e+00,9.650652408600e-01,1.000694990200e+00,9.993752837000e-01
7.737500000000e+00,1.060498833660e+00,9.649618864100e-01,1.000108599700e+00,9.996290803000e-01
7.741667000000e+00,1.060491681100e+00,9.649248123200e-01,9.995216727000e-01,9.998853207000e-01
7.745833000000e+00,1.060519099240e+00,9.649543762200e-01,9.989370704000e-01,1.000141739800e+00
7.750000000000e+00,1.060580134390e+00,9.650498032600e-01,9.983571768000e-01,1.000395894100e+00
7.754167000000e+00,1.060672402380e+00,9.652094841000e-01,9.977847338000e-01,1.000645518300e+00
7.758333000000e+00,1.060792922970e+00,9.654308557500e-01,9.972224236000e-01,1.000888347600e+00
7.762500000000e+00,1.060938000680e+00,9.657104611400e-01,9.966725111000e-01,1.001121997800e+00
7.766667000000e+00,1.061102628710e+00,9.660441875500e-01,9.961376190000e-01,1.001344442400e+00
7.770833000000e+00,1.061281323430e+00,9.664267897600e-01,9.956203699000e-01,1.001553535500e+00
7.775000000000e+00,1.061468243600e+00,9.668529629700e-01,9.951227903000e-01,1.001747250600e+00
7.779167000000e+00,1.061656832700e+00,9.673163890800e-01,9.946472645000e-01,1.001923799500e+00
7.783333000000e+00,1.061840176580e+00,9.678103923800e-01,9.941961765000e-01,1.002081394200e+00
7.787500000000e+00,1.062011480330e+00,9.683281779300e-01,9.937713146000e-01,1.002218484900e+00
7.791667000000e+00,1.062163472180e+00,9.688624739600e-01,9.933747649000e-01,1.002333641100e+00
7.795833000000e+00,1.062289357190e+00,9.694058895100e-01,9.930084348000e-01,1.002425670600e+00
7.800000000000e+00,1.062382459640e+00,9.699514508200e-01,9.926738739000e-01,1.002493500700e+00
7.804167000000e+00,1.062436461450e+00,9.704919457400e-01,9.923726320000e-01,1.002536177600e+00
7.808333000000e+00,1.062445998190e+00,9.710202813100e-01,9.921062589000e-01,1.002553224600e+00
7.812500000000e+00,1.062405705450e+00,9.715301990500e-01,9.918757677000e-01,1.002544164700e+00
7.816667000000e+00,1.062311649320e+00,9.720155000700e-01,9.916823506000e-01,1.002508759500e+00
7.820833000000e+00,1.062160372730e+00,9.724704027200e-01,9.915268421000e-01,1.002447009100e+00
7.825000000000e+00,1.061949610710e+00,9.728900790200e-01,9.914098978000e-01,1.002359151800e+00
7.829167000000e+00,1.061678051950e+00,9.732700586300e-01,9.913319945000e-01,1.002245545400e+00
7.833333000000e+00,1.061345458030e+00,9.736064672500e-01,9.912934303000e-01,1.002107143400e+00
7.837500000000e+00,1.060952663420e+00,9.738963246300e-01,9.912943244000e-01,1.001944541900e+00
7.841667000000e+00,1.060501575470e+00,9.741371870000e-01,9.913345575000e-01,1.001759052300e+00
7.845833000000e+00,1.059995293620e+00,9.743272662200e-01,9.914138317000e-01,1.001551866500e+00
7.850000000000e+00,1.059437632560e+00,9.744655489900e-01,9.915316105000e-01,1.001324534400e+00
7.854167000000e+00,1.058833599090e+00,9.745514988900e-01,9.916873574000e-01,1.001078724900e+00
7.858333000000e+00,1.058189034460e+00,9.745851159100e-01,9.918799996000e-01,1.000816345200e+00
7.862500000000e+00,1.057510137560e+00,9.745670557000e-01,9.921085835000e-01,1.000539183600e+00
7.866667000000e+00,1.056804180150e+00,9.744983315500e-01,9.923719764000e-01,1.000249624300e+00
7.870833000000e+00,1.056079030040e+00,9.743803143500e-01,9.926685691000e-01,9.999498725000e-01
7.875000000000e+00,1.055342197420e+00,9.742147922500e-01,9.929970503000e-01,9.996422529000e-01
7.879167000000e+00,1.054602026940e+00,9.740037322000e-01,9.933556318000e-01,9.993291497000e-01
7.883333000000e+00,1.053867101670e+00,9.737492799800e-01,9.937424064000e-01,9.990132451000e-01
7.887500000000e+00,1.053145051000e+00,9.734537601500e-01,9.941555858000e-01,9.986969829000e-01
7.891667000000e+00,1.052444219590e+00,9.731194973000e-01,9.945930839000e-01,9.983828664000e-01
7.895833000000e+00,1.051772356030e+00,9.727489948300e-01,9.950525761000e-01,9.980737567000e-01
7.900000000000e+00,1.051136374470e+00,9.723446369200e-01,9.955321550000e-01,9.977719188000e-01
7.904167000000e+00,1.050543069840e+00,9.719086885500e-01,9.960292578000e-01,9.974800944000e-01
7.908333000000e+00,1.049998521800e+00,9.714437723200e-01,9.965415001000e-01,9.972007871000e-01
7.912500000000e+00,1.049507856370e+00,9.709519147900e-01,9.970666170000e-01,9.969363213000e-01
7.916667000000e+00,1.049075484280e+00,9.704354405400e-01,9.976021051000e-01,9.966890812000e-01
7.920833000000e+00,1.048705101010e+00,9.698966741600e-01,9.981453419000e-01,9.964613318000e-01
7.925000000000e+00,1.048399448390e+00,9.693375825900e-01,9.986940026000e-01,9.962550998000e-01
7.929167000000e+00,1.048160314560e+00,9.687604308100e-01,9.992455244000e-01,9.960723519000e-01
7.933333000000e+00,1.047988653180e+00,9.681675434100e-01,9.997972846000e-01,9.959149957000e-01
7.937500000000e+00,1.047884464260e+00,9.675610661500e-01,1.000347018200e+00,9.957846403000e-01
7.941667000000e+00,1.047846913340e+00,9.669433832200e-01,1.000892281500e+00,9.956826568000e-01
7.945833000000e+00,1.047874569890e+00,9.663171768200e-01,1.001430392300e+00,9.956104159000e-01
7.950000000000e+00,1.047965049740e+00,9.656848311400e-01,1.001959323900e+00,9.955689311000e-01
7.954167000000e+00,1.048115253450e+00,9.650493860200e-01,1.002476573000e+00,9.955590367000e-01
7.958333000000e+00,1.048321723940e+00,9.644140601200e-01,1.002979993800e+00,9.955813885000e-01
7.962500000000e+00,1.048580408100e+00,9.637818932500e-01,1.003467440600e+00,9.956363440000e-01
7.966667000000e+00,1.048886656760e+00,9.631566405300e-01,1.003937006000e+00,9.957241416000e-01
7.970833000000e+00,1.049235701560e+00,9.625422954600e-01,1.004386305800e+00,9.958446026000e-01
7.975000000000e+00,1.049622654910e+00,9.619425535200e-01,1.004814028700e+00,9.959975481000e-01
7.979167000000e+00,1.050042271610e+00,9.613619446800e-01,1.005218029000e+00,9.961823225000e-01
7.983333000000e+00,1.050489068030e+00,9.608051180800e-01,1.005596876100e+00,9.963981509000e-01
7.987500000000e+00,1.050958395000e+00,9.602764248800e-01,1.005949139600e+00,9.966441393000e-01
7.991667000000e+00,1.051444768910e+00,9.597808718700e-01,1.006273269700e+00,9.969189167000e-01
7.995833000000e+00,1.051943540570e+00,9.593233466100e-01,1.006568193400e+00,9.972210526000e-01
8.000000000000e+00,1.052450180050e+00,9.589085578900e-01,1.006832718800e+00,9.975489378000e-01
8.004167000000e+00,1.052960515020e+00,9.585413932800e-01,1.007066130600e+00,9.979007244000e-01
8.008333000000e+00,1.053470373150e+00,9.582266807600e-01,1.007267355900e+00,9.982741475000e-01
8.012500000000e+00,1.053976774220e+00,9.579686522500e-01,1.007436037100e+00,9.986672997000e-01
8.016667000000e+00,1.054476380350e+00,9.577715992900e-01,1.007571458800e+00,9.990775585000e-01
8.020833000000e+00,1.054966807370e+00,9.576393365900e-01,1.007673502000e+00,9.995023608000e-01
8.025000000000e+00,1.055446028710e+00,9.575752019900e-01,1.007741928100e+00,9.999392629000e-01
8.029167000000e+00,1.055912375450e+00,9.575821161300e-01,1.007776618000e+00,1.000385284400e+00
8.033333000000e+00,1.056364536290e+00,9.576623439800e-01,1.007777929300e+00,1.000837445300e+00
8.037500000000e+00,1.056802034380e+00,9.578175544700e-01,1.007745981200e+00,1.001292944000e+00
8.041667000000e+00,1.057224392890e+00,9.580486416800e-01,1.007681250600e+00,1.001748800300e+00
8.045833000000e+00,1.057631492610e+00,9.583558440200e-01,1.007584452600e+00,1.002201676400e+00
8.050000000000e+00,1.058024048810e+00,9.587388038600e-01,1.007456064200e+00,1.002648830400e+00
8.054167000000e+00,1.058402419090e+00,9.591960907000e-01,1.007297158200e+00,1.003086924600e+00
8.058333000000e+00,1.058767437930e+00,9.597255587600e-01,1.007108569100e+00,1.003512859300e+00
8.062500000000e+00,1.059120297430e+00,9.603247046500e-01,1.006891369800e+00,1.003923773800e+00
8.066667000000e+00,1.059461951260e+00,9.609897136700e-01,1.006646871600e+00,1.004316568400e+00
8.070833000000e+00,1.059793591500e+00,9.617162942900e-01,1.006376385700e+00,1.004688262900e+00
8.075000000000e+00,1.060116648670e+00,9.624999165500e-01,1.006081223500e+00,1.005036354100e+00
8.079167000000e+00,1.060432195660e+00,9.633348584200e-01,1.005762934700e+00,1.005357980700e+00
8.083333000000e+00,1.060741186140e+00,9.642149210000e-01,1.005423307400e+00,1.005650401100e+00
8.087500000000e+00,1.061044931410e+00,9.651342034300e-01,1.005063653000e+00,1.005911707900e+00
8.091667000000e+00,1.061344265940e+00,9.660857319800e-01,1.004685878800e+00,1.006139397600e+00
8.095833000000e+00,1.061639666560e+00,9.670622348800e-01,1.004291892100e+00,1.006331443800e+00
8.100000000000e+00,1.061931729320e+00,9.680570960000e-01,1.003883242600e+00,1.006486415900e+00
8.104167000000e+00,1.062220811840e+00,9.690628647800e-01,1.003461957000e+00,1.006602406500e+00
8.108333000000e+00,1.062506794930e+00,9.700720906300e-01,1.003029942500e+00,1.006678223600e+00
8.112500000000e+00,1.062789559360e+00,9.710783362400e-01,1.002589106600e+00,1.006712913500e+00
8.116667000000e+00,1.063068747520e+00,9.720744490600e-01,1.002141356500e+00,1.006705641700e+00
8.120833000000e+00,1.063343524930e+00,9.730536341700e-01,1.001688718800e+00,1.006655812300e+00
8.125000000000e+00,1.063613057140e+00,9.740103483200e-01,1.001232862500e+00,1.006563425100e+00
8.129167000000e+00,1.063876271250e+00,9.749383926400e-01,1.000776052500e+00,1.006428360900e+00
8.133333000000e+00,1.064131855960e+00,9.758324027100e-01,1.000320076900e+00,1.006251096700e+00
8.137500000000e+00,1.064378261570e+00,9.766877889600e-01,9.998666644000e-01,1.006032109300e+00
8.141667000000e+00,1.064613819120e+00,9.775001406700e-01,9.994177222000e-01,1.005772590600e+00
8.145833000000e+00,1.064836859700e+00,9.782652854900e-01,9.989751577000e-01,1.005473613700e+00
8.150000000000e+00,1.065045356750e+00,9.789803028100e-01,9.985405803000e-01,1.005136609100e+00
8.154167000000e+00,1.065237283710e+00,9.796420335800e-01,9.981156588000e-01,1.004763484000e+00
8.158333000000e+00,1.065410733220e+00,9.802477955800e-01,9.977021813000e-01,1.004356265100e+00
8.162500000000e+00,1.065563559530e+00,9.807958006900e-01,9.973014593000e-01,1.003917098000e+00
8.166667000000e+00,1.065693497660e+00,9.812837243100e-01,9.969151616000e-01,1.003448605500e+00
8.170833000000e+00,1.065798521040e+00,9.817106723800e-01,9.965445995000e-01,1.002953648600e+00
8.175000000000e+00,1.065876722340e+00,9.820752739900e-01,9.961910844000e-01,1.002434730500e+00
8.179167000000e+00,1.065925836560e+00,9.823762178400e-01,9.958557487000e-01,1.001895308500e+00
8.183333000000e+00,1.065944075580e+00,9.826125502600e-01,9.955399632000e-01,1.001338601100e+00
8.187500000000e+00,1.065929532050e+00,9.827833175700e-01,9.952445030000e-01,1.000767827000e+00
8.191667000000e+00,1.065880417820e+00,9.828876853000e-01,9.949703813000e-01,1.000186562500e+00
8.195833000000e+00,1.065795183180e+00,9.829246997800e-01,9.947185516000e-01,9.995986819000e-01
8.200000000000e+00,1.065672397610e+00,9.828934669500e-01,9.944895506000e-01,9.990075231000e-01
8.204167000000e+00,1.065510749820e+00,9.827929139100e-01,9.942840934000e-01,9.984168410000e-01
8.208333000000e+00,1.065309405330e+00,9.826221466100e-01,9.941027164000e-01,9.978306890000e-01
8.212500000000e+00,1.065067291260e+00,9.823800325400e-01,9.939457774000e-01,9.972524047000e-01
8.216667000000e+00,1.064783930780e+00,9.820656180400e-01,9.938136339000e-01,9.966859221000e-01
8.220833000000e+00,1.064459204670e+00,9.816779494300e-01,9.937064648000e-01,9.961349964000e-01
8.225000000000e+00,1.064092755320e+00,9.812160730400e-01,9.936243296000e-01,9.956029058000e-01
8.229167000000e+00,1.063685297970e+00,9.806792736100e-01,9.935672879000e-01,9.950933456000e-01
8.233333000000e+00,1.063237190250e+00,9.800671935100e-01,9.935352802000e-01,9.946097732000e-01
8.237500000000e+00,1.062749505040e+00,9.793795347200e-01,9.935280085000e-01,9.941551089000e-01
8.241667000000e+00,1.062223553660e+00,9.786164760600e-01,9.935452938000e-01,9.937325120000e-01
8.245833000000e+00,1.061661243440e+00,9.777790308000e-01,9.935866594000e-01,9.933449626000e-01
8.250000000000e+00,1.061064243320e+00,9.768680334100e-01,9.936516881000e-01,9.929948449000e-01
8.254167000000e+00,1.060435295100e+00,9.758855700500e-01,9.937398434000e-01,9.926846623000e-01
8.258333000000e+00,1.059777259830e+00,9.748345613500e-01,9.938505292000e-01,9.924165606000e-01
8.262500000000e+00,1.059093236920e+00,9.737178087200e-01,9.939830303000e-01,9.921923280000e-01
8.266667000000e+00,1.058386802670e+00,9.725397825200e-01,9.941366315000e-01,9.920136333000e-01
8.270833000000e+00,1.057662248610e+00,9.713058471700e-01,9.943104386000e-01,9.918817282000e-01
8.275000000000e+00,1.056923270230e+00,9.700213074700e-01,9.945036769000e-01,9.917976260000e-01
8.279167000000e+00,1.056174755100e+00,9.686933755900e-01,9.947153330000e-01,9.917619824000e-01
8.283333000000e+00,1.055421710010e+00,9.673299789400e-01,9.949443936000e-01,9.917752147000e-01
8.287500000000e+00,1.054668784140e+00,9.659389257400e-01,9.951900244000e-01,9.918373227000e-01
8.291667000000e+00,1.053921461110e+00,9.645298719400e-01,9.954510927000e-01,9.919481277000e-01
8.295833000000e+00,1.053185462950e+00,9.631130695300e-01,9.957264066000e-01,9.921069741000e-01
8.300000000000e+00,1.052465677260e+00,9.616984129000e-01,9.960149527000e-01,9.923131466000e-01
8.304167000000e+00,1.051768064500e+00,9.602972269100e-01,9.963156581000e-01,9.925653338000e-01
8.308333000000e+00,1.051098108290e+00,9.589213132900e-01,9.966272116000e-01,9.928621054000e-01
8.312500000000e+00,1.050461053850e+00,9.575815200800e-01,9.969485998000e-01,9.932018518000e-01
8.316667000000e+00,1.049862146380e+00,9.562900066400e-01,9.972786307000e-01,9.935825467000e-01
8.320833000000e+00,1.049306750300e+00,9.550583958600e-01,9.976159930000e-01,9.940018654000e-01
8.325000000000e+00,1.048799395560e+00,9.538978338200e-01,9.979596138000e-01,9.944574833000e-01
8.329167000000e+00,1.048344492910e+00,9.528194665900e-01,9.983083010000e-01,9.949467182000e-01
8.333333000000e+00,1.047946214680e+00,9.518338441800e-01,9.986608028000e-01,9.954665303000e-01
8.337500000000e+00,1.047608017920e+00,9.509503245400e-01,9.990160465000e-01,9.960141778000e-01
8.341667000000e+00,1.047333121300e+00,9.501779675500e-01,9.993727803000e-01,9.965862632000e-01
8.345833000000e+00,1.047124147420e+00,9.495248198500e-01,9.997298121000e-01,9.971794486000e-01
8.350000000000e+00,1.046983003620e+00,9.489973783500e-01,1.000086188300e+00,9.977903962000e-01
8.354167000000e+00,1.046911001210e+00,9.486014246900e-01,1.000440478300e+00,9.984155297000e-01
8.358333000000e+00,1.046908974650e+00,9.483411908100e-01,1.000791788100e+00,9.990510345000e-01
8.362500000000e+00,1.046977162360e+00,9.482195377300e-01,1.001138925600e+00,9.996935129000e-01
8.366667000000e+00,1.047114968300e+00,9.482380747800e-01,1.001480937000e+00,1.000339031200e+00
8.370833000000e+00,1.047321081160e+00,9.483968615500e-01,1.001816630400e+00,1.000983715100e+00
8.375000000000e+00,1.047593832020e+00,9.486945271500e-01,1.002145052000e+00,1.001624107400e+00
8.379167000000e+00,1.047930955890e+00,9.491283297500e-01,1.002465128900e+00,1.002256393400e+00
8.383333000000e+00,1.048329234120e+00,9.496939182300e-01,1.002775907500e+00,1.002876520200e+00
8.387500000000e+00,1.048785448070e+00,9.503861069700e-01,1.003076553300e+00,1.003481268900e+00
8.391667000000e+00,1.049295306210e+00,9.511980414400e-01,1.003366112700e+00,1.004066944100e+00
8.395833000000e+00,1.049854278560e+00,9.521214962000e-01,1.003643512700e+00,1.004629731200e+00
8.400000000000e+00,1.050457835200e+00,9.531480073900e-01,1.003908276600e+00,1.005166769000e+00
8.404167000000e+00,1.051100611690e+00,9.542676210400e-01,1.004159212100e+00,1.005674481400e+00
8.408333000000e+00,1.051777005200e+00,9.554693102800e-01,1.004395842600e+00,1.006149649600e+00
8.412500000000e+00,1.052481651310e+00,9.567425251000e-01,1.004617333400e+00,1.006589889500e+00
8.416667000000e+00,1.053208589550e+00,9.580753445600e-01,1.004822969400e+00,1.006992101700e+00
8.420833000000e+00,1.053951859470e+00,9.594554305100e-01,1.005012035400e+00,1.007353782700e+00
8.425000000000e+00,1.054705977440e+00,9.608713984500e-01,1.005184173600e+00,1.007672905900e+00
8.429167000000e+00,1.055464982990e+00,9.623109102200e-01,1.005338668800e+00,1.007947444900e+00
8.433333000000e+00,1.056223392490e+00,9.637618660900e-01,1.005475044300e+00,1.008175373100e+00
8.437500000000e+00,1.056975841520e+00,9.652135372200e-01,1.005592823000e+00,1.008355498300e+00
8.441667000000e+00,1.057717442510e+00,9.666547179200e-01,1.005691647500e+00,1.008486509300e+00
8.445833000000e+00,1.058443188670e+00,9.680746197700e-01,1.005771040900e+00,1.008567571600e+00
8.450000000000e+00,1.059149146080e+00,9.694645404800e-01,1.005830884000e+00,1.008598327600e+00
8.454167000000e+00,1.059831023220e+00,9.708153605500e-01,1.005870819100e+00,1.008578300500e+00
8.458333000000e+00,1.060485482220e+00,9.721189141300e-01,1.005890727000e+00,1.008507728600e+00
8.462500000000e+00,1.061109662060e+00,9.733689427400e-01,1.005890369400e+00,1.008386969600e+00
8.466667000000e+00,1.061701059340e+00,9.745592474900e-01,1.005869746200e+00,1.008216738700e+00
8.470833000000e+00,1.062257289890e+00,9.756847024000e-01,1.005828857400e+00,1.007998228100e+00
8.475000000000e+00,1.062777400020e+00,9.767416715600e-01,1.005767703100e+00,1.007732749000e+00
8.479167000000e+00,1.063259840010e+00,9.777269959400e-01,1.005686402300e+00,1.007421970400e+00
8.483333000000e+00,1.063704133030e+00,9.786381721500e-01,1.005585074400e+00,1.007067918800e+00
8.487500000000e+00,1.064110159870e+00,9.794743061100e-01,1.005463957800e+00,1.006672740000e+00
8.491667000000e+00,1.064478039740e+00,9.802343845400e-01,1.005323290800e+00,1.006239056600e+00
8.495833000000e+00,1.064808130260e+00,9.809182882300e-01,1.005163550400e+00,1.005769729600e+00
8.500000000000e+00,1.065101504330e+00,9.815266728400e-01,1.004984974900e+00,1.005267381700e+00
8.504167000000e+00,1.065358996390e+00,9.820602536200e-01,1.004788160300e+00,1.004735469800e+00
8.508333000000e+00,1.065581798550e+00,9.825201034500e-01,1.004573702800e+00,1.004177451100e+00
8.512500000000e+00,1.065771460530e+00,9.829077124600e-01,1.004341840700e+00,1.003596544300e+00
8.516667000000e+00,1.065929412840e+00,9.832244515400e-01,1.004093647000e+00,1.002996563900e+00
8.520833000000e+00,1.066057085990e+00,9.834717512100e-01,1.003829479200e+00,1.002381444000e+00
8.525000000000e+00,1.066156268120e+00,9.836511015900e-01,1.003550291100e+00,1.001754641500e+00
8.529167000000e+00,1.066228270530e+00,9.837637543700e-01,1.003256917000e+00,1.001120328900e+00
8.533333000000e+00,1.066274642940e+00,9.838107824300e-01,1.002950191500e+00,1.000482559200e+00
8.537500000000e+00,1.066296696660e+00,9.837931394600e-01,1.002630949000e+00,9.998449683000e-01
8.541667000000e+00,1.066295742990e+00,9.837114810900e-01,1.002300262500e+00,9.992116094000e-01
8.545833000000e+00,1.066272854800e+00,9.835664033900e-01,1.001959323900e+00,9.985865355000e-01
8.550000000000e+00,1.066228985790e+00,9.833579659500e-01,1.001608967800e+00,9.979733229000e-01
8.554167000000e+00,1.066164970400e+00,9.830864667900e-01,1.001250386200e+00,9.973757863000e-01
8.558333000000e+00,1.066081285480e+00,9.827519059200e-01,1.000884890600e+00,9.967976809000e-01
8.562500000000e+00,1.065978527070e+00,9.823541045200e-01,1.000513553600e+00,9.962422848000e-01
8.566667000000e+00,1.065856933590e+00,9.818931222000e-01,1.000137805900e+00,9.957128763000e-01
8.570833000000e+00,1.065716743470e+00,9.813690781600e-01,9.997588396000e-01,9.952129126000e-01
8.575000000000e+00,1.065557837490e+00,9.807820320100e-01,9.993779063000e-01,9.947448969000e-01
8.579167000000e+00,1.065380334850e+00,9.801325798000e-01,9.989964962000e-01,9.943118095000e-01
8.583333000000e+00,1.065184116360e+00,9.794217348100e-01,9.986160398000e-01,9.939160943000e-01
8.587500000000e+00,1.064968705180e+00,9.786503911000e-01,9.982377887000e-01,9.935597777000e-01
8.591667000000e+00,1.064734220500e+00,9.778205156300e-01,9.978632331000e-01,9.932450056000e-01
8.595833000000e+00,1.064480185510e+00,9.769346714000e-01,9.974939227000e-01,9.929733872000e-01
8.600000000000e+00,1.064206361770e+00,9.759953618000e-01,9.971311092000e-01,9.927461743000e-01
8.604167000000e+00,1.063912630080e+00,9.750064015400e-01,9.967762828000e-01,9.925645590000e-01
8.608333000000e+00,1.063598871230e+00,9.739723205600e-01,9.964309931000e-01,9.924292564000e-01
8.612500000000e+00,1.063264966010e+00,9.728975296000e-01,9.960964918000e-01,9.923406839000e-01
8.616667000000e+00,1.062910914420e+00,9.717879891400e-01,9.957742691000e-01,9.922990799000e-01
8.620833000000e+00,1.062536954880e+00,9.706501960800e-01,9.954657555000e-01,9.923041463000e-01
8.625000000000e+00,1.062143087390e+00,9.694905281100e-01,9.951722026000e-01,9.923554659000e-01
8.629167000000e+00,1.061729907990e+00,9.683166742300e-01,9.948949218000e-01,9.924523234000e-01
8.633333000000e+00,1.061298131940e+00,9.671367406800e-01,9.946352839000e-01,9.925935864000e-01
8.637500000000e+00,1.060848116870e+00,9.659584760700e-01,9.943943620000e-01,9.927779436000e-01
8.641667000000e+00,1.060380816460e+00,9.647907614700e-01,9.941734076000e-01,9.930038452000e-01
8.645833000000e+00,1.059897542000e+00,9.636424183800e-01,9.939735532000e-01,9.932692647000e-01
8.650000000000e+00,1.059399008750e+00,9.625217914600e-01,9.937956929000e-01,9.935724139000e-01
8.654167000000e+00,1.058886766430e+00,9.614378213900e-01,9.936408401000e-01,9.939107299000e-01
8.658333000000e+00,1.058362364770e+00,9.603992700600e-01,9.935098886000e-01,9.942817688000e-01
8.662500000000e+00,1.057827472690e+00,9.594138264700e-01,9.934036136000e-01,9.946829677000e-01
8.666667000000e+00,1.057283759120e+00,9.584895372400e-01,9.933226705000e-01,9.951114655000e-01
8.670833000000e+00,1.056733608250e+00,9.576339125600e-01,9.932677746000e-01,9.955641031000e-01
8.675000000000e+00,1.056178569790e+00,9.568532109300e-01,9.932392240000e-01,9.960380793000e-01
8.679167000000e+00,1.055621385570e+00,9.561535120000e-01,9.932376146000e-01,9.965299964000e-01
8.683333000000e+00,1.055064439770e+00,9.555401802100e-01,9.932631254000e-01,9.970365763000e-01
8.687500000000e+00,1.054510116580e+00,9.550171494500e-01,9.933159351000e-01,9.975547791000e-01
8.691667000000e+00,1.053961157800e+00,9.545881152200e-01,9.933961630000e-01,9.980810285000e-01
8.695833000000e+00,1.053420543670e+00,9.542555213000e-01,9.935036898000e-01,9.986118674000e-01
8.700000000000e+00,1.052890896800e+00,9.540207982100e-01,9.936385155000e-01,9.991442561000e-01
8.704167000000e+00,1.052375197410e+00,9.538846015900e-01,9.938001633000e-01,9.996747375000e-01
8.708333000000e+00,1.051876902580e+00,9.538465738300e-01,9.939883947000e-01,1.000199914000e+00
8.712500000000e+00,1.051398634910e+00,9.539054632200e-01,9.942026138000e-01,1.000716805500e+00
8.716667000000e+00,1.050943613050e+00,9.540590643900e-01,9.944422841000e-01,1.001222252800e+00
8.720833000000e+00,1.050515294080e+00,9.543043375000e-01,9.947065711000e-01,1.001713037500e+00
8.725000000000e+00,1.050116419790e+00,9.546376466800e-01,9.949947596000e-01,1.002186536800e+00
8.729167000000e+00,1.049750328060e+00,9.550546407700e-01,9.953058362000e-01,1.002639889700e+00
8.733333000000e+00,1.049419999120e+00,9.555500149700e-01,9.956386089000e-01,1.003070354500e+00
8.737500000000e+00,1.049128293990e+00,9.561184644700e-01,9.959921837000e-01,1.003475666000e+00
8.741667000000e+00,1.048877954480e+00,9.567538499800e-01,9.963651299000e-01,1.003853559500e+00
8.745833000000e+00,1.048671841620e+00,9.574496150000e-01,9.967560172000e-01,1.004201889000e+00
8.750000000000e+00,1.048512101170e+00,9.581995010400e-01,9.971635342000e-01,1.004518866500e+00
8.754167000000e+00,1.048401117320e+00,9.589964747400e-01,9.975861311000e-01,1.004802942300e+00
8.758333000000e+00,1.048340797420e+00,9.598334431600e-01,9.980220199000e-01,1.005052447300e+00
8.762500000000e+00,1.048332691190e+00,9.607039690000e-01,9.984696507000e-01,1.005266547200e+00
8.766667000000e+00,1.048378109930e+00,9.616009593000e-01,9.989272356000e-01,1.005444049800e+00
8.770833000000e+00,1.048478007320e+00,9.625174999200e-01,9.993928075000e-01,1.005584359200e+00
8.775000000000e+00,1.048632860180e+00,9.634475708000e-01,9.998646975000e-01,1.005686998400e+00
8.779167000000e+00,1.048842668530e+00,9.643846154200e-01,1.000340700100e+00,1.005751967400e+00
8.783333000000e+00,1.049107074740e+00,9.653224349000e-01,1.000818967800e+00,1.005779027900e+00
8.787500000000e+00,1.049425125120e+00,9.662559032400e-01,1.001297354700e+00,1.005768895100e+00
8.791667000000e+00,1.049795508380e+00,9.671792984000e-01,1.001773953400e+00,1.005721807500e+00
8.795833000000e+00,1.050215959550e+00,9.680874347700e-01,1.002246499100e+00,1.005638837800e+00
8.800000000000e+00,1.050684452060e+00,9.689760804200e-01,1.002713084200e+00,1.005520820600e+00
8.804167000000e+00,1.051197767260e+00,9.698406457900e-01,1.003171563100e+00,1.005369186400e+00
8.808333000000e+00,1.051752090450e+00,9.706769585600e-01,1.003619670900e+00,1.005185484900e+00
8.812500000000e+00,1.052343964580e+00,9.714815616600e-01,1.004055619200e+00,1.004971265800e+00
8.816667000000e+00,1.052968382840e+00,9.722508788100e-01,1.004477143300e+00,1.004728436500e+00
8.820833000000e+00,1.053620457650e+00,9.729815125500e-01,1.004882216500e+00,1.004459261900e+00
8.825000000000e+00,1.054295182230e+00,9.736708402600e-01,1.005269050600e+00,1.004165768600e+00
8.829167000000e+00,1.054986476900e+00,9.743158817300e-01,1.005635738400e+00,1.003850460100e+00
8.833333000000e+00,1.055688381200e+00,9.749140143400e-01,1.005980253200e+00,1.003515958800e+00
8.837500000000e+00,1.056394934650e+00,9.754629731200e-01,1.006301164600e+00,1.003164649000e+00
8.841667000000e+00,1.057099699970e+00,9.759604930900e-01,1.006596565200e+00,1.002799272500e+00
8.845833000000e+00,1.057796120640e+00,9.764043688800e-01,1.006864786100e+00,1.002422928800e+00
8.850000000000e+00,1.058478355410e+00,9.767928719500e-01,1.007104754400e+00,1.002038002000e+00
8.854167000000e+00,1.059139847760e+00,9.771241545700e-01,1.007314920400e+00,1.001647710800e+00
8.858333000000e+00,1.059774637220e+00,9.773966670000e-01,1.007494092000e+00,1.001254677800e+00
8.862500000000e+00,1.060377359390e+00,9.776091575600e-01,1.007641196300e+00,1.000861883200e+00
8.866667000000e+00,1.060942649840e+00,9.777604341500e-01,1.007755398800e+00,1.000472068800e+00
8.870833000000e+00,1.061465620990e+00,9.778497219100e-01,1.007835865000e+00,1.000088214900e+00
8.875000000000e+00,1.061942577360e+00,9.778766036000e-01,1.007882118200e+00,9.997126460000e-01
8.879167000000e+00,1.062369704250e+00,9.778408408200e-01,1.007893562300e+00,9.993481636000e-01
8.883333000000e+00,1.062744140630e+00,9.777427911800e-01,1.007869958900e+00,9.989972711000e-01
8.887500000000e+00,1.063064336780e+00,9.775830507300e-01,1.007811307900e+00,9.986621141000e-01
8.891667000000e+00,1.063328742980e+00,9.773628115700e-01,1.007717490200e+00,9.983450770000e-01
8.895833000000e+00,1.063537120820e+00,9.770839214300e-01,1.007588982600e+00,9.980481267000e-01
8.900000000000e+00,1.063689827920e+00,9.767482876800e-01,1.007426023500e+00,9.977730513000e-01
8.904167000000e+00,1.063788294790e+00,9.763588309300e-01,1.007229328200e+00,9.975215793000e-01
8.908333000000e+00,1.063834428790e+00,9.759190082600e-01,1.006999611900e+00,9.972952604000e-01
8.912500000000e+00,1.063831210140e+00,9.754323959400e-01,1.006737709000e+00,9.970951080000e-01
8.916667000000e+00,1.063782095910e+00,9.749035239200e-01,1.006444811800e+00,9.969222546000e-01
8.920833000000e+00,1.063691377640e+00,9.743375182200e-01,1.006122112300e+00,9.967775941000e-01
8.925000000000e+00,1.063563466070e+00,9.737394452100e-01,1.005770921700e+00,9.966616035000e-01
8.929167000000e+00,1.063403844830e+00,9.731153249700e-01,1.005392789800e+00,9.965746999000e-01
8.933333000000e+00,1.063217878340e+00,9.724715352100e-01,1.004989504800e+00,9.965168834000e-01
8.937500000000e+00,1.063011288640e+00,9.718143343900e-01,1.004562616300e+00,9.964882135000e-01
8.941667000000e+00,1.062790036200e+00,9.711505770700e-01,1.004114151000e+00,9.964882135000e-01
8.945833000000e+00,1.062560081480e+00,9.704872965800e-01,1.003646135300e+00,9.965164065000e-01
8.950000000000e+00,1.062326908110e+00,9.698312282600e-01,1.003160476700e+00,9.965720177000e-01
8.954167000000e+00,1.062096118930e+00,9.691893458400e-01,1.002659320800e+00,9.966541529000e-01
8.958333000000e+00,1.061873197560e+00,9.685686826700e-01,1.002145171200e+00,9.967615008000e-01
8.962500000000e+00,1.061662435530e+00,9.679753184300e-01,1.001619935000e+00,9.968929291000e-01
8.966667000000e+00,1.061468362810e+00,9.674157500300e-01,1.001086235000e+00,9.970468283000e-01
8.970833000000e+00,1.061294317250e+00,9.668956995000e-01,1.000546455400e+00,9.972215891000e-01
8.975000000000e+00,1.061143159870e+00,9.664202928500e-01,1.000002861000e+00,9.974153638000e-01
8.979167000000e+00,1.061017036440e+00,9.659941196400e-01,9.994578958000e-01,9.976263046000e-01
8.983333000000e+00,1.060917258260e+00,9.656214714100e-01,9.989142418000e-01,9.978522658000e-01
8.987500000000e+00,1.060844063760e+00,9.653051495600e-01,9.983739853000e-01,9.980912209000e-01
8.991667000000e+00,1.060797333720e+00,9.650478959100e-01,9.978398085000e-01,9.983409643000e-01
8.995833000000e+00,1.060775518420e+00,9.648512005800e-01,9.973141551000e-01,9.985991716000e-01
9.000000000000e+00,1.060776829720e+00,9.647158980400e-01,9.967992902000e-01,9.988635778000e-01
9.004167000000e+00,1.060798287390e+00,9.646418690700e-01,9.962975383000e-01,9.991317987000e-01
9.008333000000e+00,1.060836434360e+00,9.646282792100e-01,9.958114624000e-01,9.994015098000e-01
9.012500000000e+00,1.060887098310e+00,9.646733403200e-01,9.953430295000e-01,9.996704459000e-01
9.016667000000e+00,1.060945749280e+00,9.647746682200e-01,9.948945045000e-01,9.999361634000e-01
9.020833000000e+00,1.061007022860e+00,9.649289250400e-01,9.944681525000e-01,1.000196456900e+00
9.025000000000e+00,1.061065673830e+00,9.651322960900e-01,9.940657020000e-01,1.000449061400e+00
9.029167000000e+00,1.061115980150e+00,9.653803110100e-01,9.936892390000e-01,1.000691890700e+00
9.033333000000e+00,1.061152219770e+00,9.656678438200e-01,9.933405519000e-01,1.000922918300e+00
9.037500000000e+00,1.061168670650e+00,9.659897089000e-01,9.930212498000e-01,1.001140117600e+00
9.041667000000e+00,1.061159968380e+00,9.663400650000e-01,9.927329421000e-01,1.001341700600e+00
9.045833000000e+00,1.061120748520e+00,9.667129516600e-01,9.924770594000e-01,1.001525998100e+00
9.050000000000e+00,1.061046242710e+00,9.671024680100e-01,9.922547340000e-01,1.001691460600e+00
9.054167000000e+00,1.060932517050e+00,9.675025343900e-01,9.920672178000e-01,1.001836895900e+00
9.058333000000e+00,1.060775756840e+00,9.679070711100e-01,9.919154048000e-01,1.001960754400e+00
9.062500000000e+00,1.060573339460e+00,9.683105945600e-01,9.918000102000e-01,1.002062320700e+00
9.066667000000e+00,1.060323119160e+00,9.687075018900e-01,9.917217493000e-01,1.002140760400e+00
9.070833000000e+00,1.060024261470e+00,9.690926671000e-01,9.916809201000e-01,1.002195358300e+00
9.075000000000e+00,1.059676408770e+00,9.694615006400e-01,9.916777611000e-01,1.002225637400e+00
9.079167000000e+00,1.059280514720e+00,9.698098301900e-01,9.917123914000e-01,1.002231597900e+00
9.083333000000e+00,1.058836817740e+00,9.701342582700e-01,9.917846322000e-01,1.002213120500e+00
9.087500000000e+00,1.058352828030e+00,9.704307317700e-01,9.918941259000e-01,1.002170443500e+00
9.091667000000e+00,1.057827353480e+00,9.706978201900e-01,9.920403957000e-01,1.002103924800e+00
9.095833000000e+00,1.057266712190e+00,9.709330201100e-01,9.922226667000e-01,1.002014279400e+00
9.100000000000e+00,1.056675910950e+00,9.711351394700e-01,9.924401641000e-01,1.001902341800e+00
9.104167000000e+00,1.056061148640e+00,9.713032841700e-01,9.926918149000e-01,1.001769185100e+00
9.108333000000e+00,1.055429220200e+00,9.714369773900e-01,9.929763079000e-01,1.001615881900e+00
9.112500000000e+00,1.054786920550e+00,9.715364575400e-01,9.932923913000e-01,1.001443743700e+00
9.116667000000e+00,1.054141640660e+00,9.716021418600e-01,9.936384559000e-01,1.001254439400e+00
9.120833000000e+00,1.053501367570e+00,9.716348648100e-01,9.940127730000e-01,1.001049637800e+00
9.125000000000e+00,1.052873492240e+00,9.716358184800e-01,9.944137931000e-01,1.000831127200e+00
9.129167000000e+00,1.052265882490e+00,9.716061949700e-01,9.948393703000e-01,1.000600814800e+00
9.133333000000e+00,1.051685929300e+00,9.715476632100e-01,9.952874184000e-01,1.000360846500e+00
9.137500000000e+00,1.051140666010e+00,9.714615941000e-01,9.957559705000e-01,1.000113129600e+00
9.141667000000e+00,1.050636887550e+00,9.713497161900e-01,9.962428212000e-01,9.998600483000e-01
9.145833000000e+00,1.050180912020e+00,9.712136387800e-01,9.967454672000e-01,9.996037483000e-01
9.150000000000e+00,1.049777626990e+00,9.710547924000e-01,9.972617626000e-01,9.993464947000e-01
9.154167000000e+00,1.049432158470e+00,9.708747267700e-01,9.977892637000e-01,9.990906119000e-01
9.158333000000e+00,1.049148201940e+00,9.706747531900e-01,9.983252883000e-01,9.988384843000e-01
9.162500000000e+00,1.048928618430e+00,9.704559445400e-01,9.988676310000e-01,9.985921979000e-01
9.166667000000e+00,1.048775553700e+00,9.702194333100e-01,9.994137287000e-01,9.983541369000e-01
9.170833000000e+00,1.048689842220e+00,9.699661731700e-01,9.999608397000e-01,9.981265068000e-01
9.175000000000e+00,1.048671841620e+00,9.696968197800e-01,1.000506758700e+00,9.979113340000e-01
9.179167000000e+00,1.048720479010e+00,9.694120883900e-01,1.001048922500e+00,9.977107048000e-01
9.183333000000e+00,1.048833966260e+00,9.691126942600e-01,1.001584649100e+00,9.975265861000e-01
9.187500000000e+00,1.049009919170e+00,9.687989950200e-01,1.002111792600e+00,9.973607063000e-01
9.191667000000e+00,1.049244642260e+00,9.684717059100e-01,1.002627968800e+00,9.972147942000e-01
9.195833000000e+00,1.049534082410e+00,9.681314230000e-01,1.003130555200e+00,9.970904589000e-01
9.200000000000e+00,1.049873471260e+00,9.677788019200e-01,1.003617525100e+00,9.969890118000e-01
9.204167000000e+00,1.050257563590e+00,9.674146771400e-01,1.004086852100e+00,9.969117045000e-01
9.208333000000e+00,1.050680398940e+00,9.670402407600e-01,1.004536032700e+00,9.968596101000e-01
9.212500000000e+00,1.051136255260e+00,9.666565656700e-01,1.004963517200e+00,9.968335032000e-01
9.216667000000e+00,1.051618695260e+00,9.662652015700e-01,1.005367279100e+00,9.968340993000e-01
9.220833000000e+00,1.052121400830e+00,9.658681750300e-01,1.005745530100e+00,9.968618155000e-01
9.225000000000e+00,1.052638173100e+00,9.654673934000e-01,1.006096720700e+00,9.969168901000e-01
9.229167000000e+00,1.053162932400e+00,9.650654196700e-01,1.006419301000e+00,9.969993830000e-01
9.233333000000e+00,1.053689479830e+00,9.646651744800e-01,1.006711840600e+00,9.971091151000e-01
9.237500000000e+00,1.054212808610e+00,9.642697572700e-01,1.006973385800e+00,9.972456098000e-01
9.241667000000e+00,1.054727673530e+00,9.638825655000e-01,1.007202744500e+00,9.974083900000e-01
9.245833000000e+00,1.055229306220e+00,9.635075926800e-01,1.007398963000e+00,9.975964427000e-01
9.250000000000e+00,1.055713891980e+00,9.631485939000e-01,1.007561445200e+00,9.978089333000e-01
9.254167000000e+00,1.056178212170e+00,9.628099203100e-01,1.007689595200e+00,9.980444908000e-01
9.258333000000e+00,1.056619405750e+00,9.624960422500e-01,1.007783055300e+00,9.983017445000e-01
9.262500000000e+00,1.057035565380e+00,9.622111916500e-01,1.007841467900e+00,9.985790849000e-01
9.266667000000e+00,1.057425260540e+00,9.619600176800e-01,1.007864952100e+00,9.988747835000e-01
9.270833000000e+00,1.057787895200e+00,9.617468714700e-01,1.007853508000e+00,9.991867542000e-01
9.275000000000e+00,1.058123469350e+00,9.615759849500e-01,1.007807374000e+00,9.995130897000e-01
9.279167000000e+00,1.058432698250e+00,9.614513516400e-01,1.007727146100e+00,9.998515248000e-01
9.283333000000e+00,1.058716535570e+00,9.613767266300e-01,1.007613301300e+00,1.000199556400e+00
9.287500000000e+00,1.058976888660e+00,9.613555073700e-01,1.007466554600e+00,1.000555038500e+00
9.291667000000e+00,1.059215664860e+00,9.613904357000e-01,1.007287859900e+00,1.000915169700e+00
9.295833000000e+00,1.059435367580e+00,9.614839553800e-01,1.007078409200e+00,1.001277446700e+00
9.300000000000e+00,1.059638738630e+00,9.616378545800e-01,1.006838917700e+00,1.001639366100e+00
9.304167000000e+00,1.059828877450e+00,9.618532657600e-01,1.006571054500e+00,1.001998186100e+00
9.308333000000e+00,1.060008525850e+00,9.621306061700e-01,1.006276249900e+00,1.002351045600e+00
9.312500000000e+00,1.060181021690e+00,9.624697566000e-01,1.005955696100e+00,1.002695560500e+00
9.316667000000e+00,1.060349106790e+00,9.628697037700e-01,1.005611300500e+00,1.003028869600e+00
9.320833000000e+00,1.060515880580e+00,9.633287787400e-01,1.005244731900e+00,1.003348350500e+00
9.325000000000e+00,1.060683846470e+00,9.638448357600e-01,1.004857659300e+00,1.003651619000e+00
9.329167000000e+00,1.060855388640e+00,9.644147157700e-01,1.004451990100e+00,1.003936052300e+00
9.333333000000e+00,1.061032652850e+00,9.650346636800e-01,1.004029750800e+00,1.004199385600e+00
9.337500000000e+00,1.061217069630e+00,9.657006859800e-01,1.003592848800e+00,1.004439473200e+00
9.341667000000e+00,1.061410069470e+00,9.664079546900e-01,1.003143310500e+00,1.004654049900e+00
9.345833000000e+00,1.061612248420e+00,9.671510458000e-01,1.002683281900e+00,1.004841089200e+00
9.350000000000e+00,1.061824083330e+00,9.679246544800e-01,1.002214670200e+00,1.004998922300e+00
9.354167000000e+00,1.062045097350e+00,9.687226414700e-01,1.001739740400e+00,1.005125999500e+00
9.358333000000e+00,1.062274813650e+00,9.695386290600e-01,1.001260757400e+00,1.005220770800e+00
9.362500000000e+00,1.062512159350e+00,9.703667163800e-01,1.000779509500e+00,1.005282044400e+00
9.366667000000e+00,1.062755346300e+00,9.712002277400e-01,1.000298261600e+00,1.005308985700e+00
9.370833000000e+00,1.063002347950e+00,9.720326662100e-01,9.998192787000e-01,1.005300641100e+00
9.375000000000e+00,1.063250899310e+00,9.728581309300e-01,9.993443489000e-01,1.005256652800e+00
9.379167000000e+00,1.063498258590e+00,9.736701250100e-01,9.988755584000e-01,1.005176663400e+00
9.383333000000e+00,1.063741326330e+00,9.744626879700e-01,9.984151125000e-01,1.005060672800e+00
9.387500000000e+00,1.063977122310e+00,9.752304554000e-01,9.979646802000e-01,1.004908919300e+00
9.391667000000e+00,1.064202070240e+00,9.759679436700e-01,9.975261688000e-01,1.004721999200e+00
9.395833000000e+00,1.064412593840e+00,9.766700267800e-01,9.971016049000e-01,1.004500508300e+00
9.400000000000e+00,1.064605355260e+00,9.773324132000e-01,9.966923594000e-01,1.004245519600e+00
9.404167000000e+00,1.064776897430e+00,9.779507517800e-01,9.963002801000e-01,1.003958106000e+00
9.408333000000e+00,1.064923524860e+00,9.785211086300e-01,9.959269762000e-01,1.003640055700e+00
9.412500000000e+00,1.065042138100e+00,9.790404439000e-01,9.955736995000e-01,1.003292918200e+00
9.416667000000e+00,1.065129637720e+00,9.795055985500e-01,9.952418804000e-01,1.002918481800e+00
9.420833000000e+00,1.065183043480e+00,9.799138307600e-01,9.949327707000e-01,1.002519249900e+00
9.425000000000e+00,1.065199851990e+00,9.802631139800e-01,9.946474433000e-01,1.002097129800e+00
9.429167000000e+00,1.065177679060e+00,9.805514216400e-01,9.943869114000e-01,1.001654982600e+00
9.433333000000e+00,1.065114855770e+00,9.807770252200e-01,9.941520691000e-01,1.001195550000e+00
9.437500000000e+00,1.065009593960e+00,9.809386134100e-01,9.939436316000e-01,1.000721216200e+00
9.441667000000e+00,1.064860820770e+00,9.810350537300e-01,9.937621951000e-01,1.000235438300e+00
9.445833000000e+00,1.064667940140e+00,9.810653328900e-01,9.936082959000e-01,9.997410774000e-01
9.450000000000e+00,1.064430475230e+00,9.810287356400e-01,9.934822917000e-01,9.992411733000e-01
9.454167000000e+00,1.064148545270e+00,9.809245467200e-01,9.933843613000e-01,9.987391829000e-01
9.458333000000e+00,1.063822746280e+00,9.807524681100e-01,9.933146238000e-01,9.982383251000e-01
9.462500000000e+00,1.063454031940e+00,9.805119633700e-01,9.932731390000e-01,9.977417588000e-01
9.466667000000e+00,1.063043832780e+00,9.802029728900e-01,9.932596087000e-01,9.972528815000e-01
9.470833000000e+00,1.062593817710e+00,9.798255562800e-01,9.932738543000e-01,9.967750311000e-01
9.475000000000e+00,1.062106132510e+00,9.793797135400e-01,9.933153987000e-01,9.963113070000e-01
9.479167000000e+00,1.061583161350e+00,9.788658618900e-01,9.933838248000e-01,9.958649278000e-01
9.483333000000e+00,1.061027884480e+00,9.782847762100e-01,9.934784770000e-01,9.954389930000e-01
9.487500000000e+00,1.060443162920e+00,9.776369333300e-01,9.935986400000e-01,9.950363636000e-01
9.491667000000e+00,1.059832572940e+00,9.769239425700e-01,9.937434196000e-01,9.946599603000e-01
9.495833000000e+00,1.059199810030e+00,9.761474132500e-01,9.939119816000e-01,9.943124652000e-01
9.500000000000e+00,1.058548450470e+00,9.753090739300e-01,9.941033125000e-01,9.939962029000e-01
9.504167000000e+00,1.057882785800e+00,9.744115471800e-01,9.943163395000e-01,9.937136769000e-01
9.508333000000e+00,1.057207107540e+00,9.734581112900e-01,9.945498109000e-01,9.934668541000e-01
9.512500000000e+00,1.056525349620e+00,9.724518060700e-01,9.948027134000e-01,9.932576418000e-01
9.516667000000e+00,1.055842280390e+00,9.713971018800e-01,9.950736165000e-01,9.930877090000e-01
9.520833000000e+00,1.055162549020e+00,9.702990055100e-01,9.953611493000e-01,9.929583669000e-01
9.525000000000e+00,1.054490208630e+00,9.691624045400e-01,9.956641197000e-01,9.928708076000e-01
9.529167000000e+00,1.053830146790e+00,9.679936766600e-01,9.959810376000e-01,9.928258061000e-01
9.533333000000e+00,1.053187012670e+00,9.667997956300e-01,9.963104725000e-01,9.928239584000e-01
9.537500000000e+00,1.052564859390e+00,9.655874371500e-01,9.966509938000e-01,9.928656220000e-01
9.541667000000e+00,1.051968455310e+00,9.643647074700e-01,9.970011711000e-01,9.929507971000e-01
9.545833000000e+00,1.051401972770e+00,9.631403684600e-01,9.973593950000e-01,9.930791259000e-01
9.550000000000e+00,1.050869226460e+00,9.619225859600e-01,9.977244139000e-01,9.932501912000e-01
9.554167000000e+00,1.050374388690e+00,9.607208371200e-01,9.980946779000e-01,9.934631586000e-01
9.558333000000e+00,1.049921154980e+00,9.595448970800e-01,9.984685779000e-01,9.937168956000e-01
9.562500000000e+00,1.049512624740e+00,9.584038257600e-01,9.988448620000e-01,9.940101504000e-01
9.566667000000e+00,1.049152255060e+00,9.573075771300e-01,9.992220402000e-01,9.943413138000e-01
9.570833000000e+00,1.048842549320e+00,9.562659859700e-01,9.995985627000e-01,9.947084188000e-01
9.575000000000e+00,1.048586130140e+00,9.552880525600e-01,9.999733567000e-01,9.951096773000e-01
9.579167000000e+00,1.048384904860e+00,9.543831348400e-01,1.000344872500e+00,9.955427051000e-01
9.583333000000e+00,1.048240542410e+00,9.535601139100e-01,1.000711798700e+00,9.960048795000e-01
9.587500000000e+00,1.048154115680e+00,9.528266787500e-01,1.001073002800e+00,9.964938164000e-01
9.591667000000e+00,1.048126578330e+00,9.521906375900e-01,1.001427292800e+00,9.970066547000e-01
9.595833000000e+00,1.048158168790e+00,9.516586661300e-01,1.001773119000e+00,9.975402355000e-01
9.600000000000e+00,1.048248767850e+00,9.512363672300e-01,1.002109766000e+00,9.980917573000e-01
9.604167000000e+00,1.048397541050e+00,9.509285092400e-01,1.002435922600e+00,9.986579418000e-01
9.608333000000e+00,1.048603534700e+00,9.507389664600e-01,1.002750635100e+00,9.992352128000e-01
9.612500000000e+00,1.048865079880e+00,9.506701827000e-01,1.003052949900e+00,9.998205900000e-01
9.616667000000e+00,1.049180269240e+00,9.507235884700e-01,1.003341913200e+00,1.000410437600e+00
9.620833000000e+00,1.049546480180e+00,9.508994221700e-01,1.003616452200e+00,1.001001238800e+00
9.625000000000e+00,1.049961090090e+00,9.511966705300e-01,1.003876209300e+00,1.001589655900e+00
9.629167000000e+00,1.050420641900e+00,9.516130685800e-01,1.004119992300e+00,1.002171993300e+00
9.633333000000e+00,1.050921440120e+00,9.521449804300e-01,1.004347324400e+00,1.002744674700e+00
9.637500000000e+00,1.051459908490e+00,9.527882337600e-01,1.004557609600e+00,1.003304600700e+00
9.641667000000e+00,1.052031755450e+00,9.535368681000e-01,1.004750251800e+00,1.003848075900e+00
9.645833000000e+00,1.052632331850e+00,9.543841481200e-01,1.004924774200e+00,1.004371762300e+00
9.650000000000e+00,1.053257346150e+00,9.553226828600e-01,1.005080580700e+00,1.004872560500e+00
9.654167000000e+00,1.053902149200e+00,9.563439488400e-01,1.005217552200e+00,1.005347251900e+00
9.658333000000e+00,1.054561734200e+00,9.574385285400e-01,1.005335092500e+00,1.005792737000e+00
9.662500000000e+00,1.055231690410e+00,9.585973024400e-01,1.005433201800e+00,1.006206393200e+00
9.666667000000e+00,1.055907011030e+00,9.598097801200e-01,1.005511760700e+00,1.006585478800e+00
9.670833000000e+00,1.056583046910e+00,9.610652923600e-01,1.005570411700e+00,1.006927371000e+00
9.675000000000e+00,1.057255744930e+00,9.623539447800e-01,1.005609273900e+00,1.007230043400e+00
9.679167000000e+00,1.057920455930e+00,9.636647701300e-01,1.005628228200e+00,1.007491231000e+00
9.683333000000e+00,1.058573126790e+00,9.649870991700e-01,1.005627512900e+00,1.007709145500e+00
9.687500000000e+00,1.059210181240e+00,9.663114547700e-01,1.005607247400e+00,1.007882475900e+00
9.691667000000e+00,1.059828400610e+00,9.676277637500e-01,1.005567550700e+00,1.008009791400e+00
9.695833000000e+00,1.060424208640e+00,9.689264297500e-01,1.005508780500e+00,1.008090138400e+00
9.700000000000e+00,1.060995459560e+00,9.701995253600e-01,1.005431175200e+00,1.008122801800e+00
9.704167000000e+00,1.061539530750e+00,9.714388847400e-01,1.005334973300e+00,1.008107423800e+00
9.708333000000e+00,1.062054634090e+00,9.726369977000e-01,1.005220890000e+00,1.008044004400e+00
9.712500000000e+00,1.062539458270e+00,9.737882018100e-01,1.005089163800e+00,1.007932663000e+00
9.716667000000e+00,1.062992691990e+00,9.748866558100e-01,1.004940271400e+00,1.007773995400e+00
9.720833000000e+00,1.063413858410e+00,9.759275317200e-01,1.004775047300e+00,1.007568836200e+00
9.725000000000e+00,1.063802599910e+00,9.769076108900e-01,1.004593849200e+00,1.007318377500e+00
9.729167000000e+00,1.064159035680e+00,9.778235554700e-01,1.004397392300e+00,1.007024049800e+00
9.733333000000e+00,1.064483284950e+00,9.786730408700e-01,1.004186391800e+00,1.006687641100e+00
9.737500000000e+00,1.064776301380e+00,9.794549942000e-01,1.003961443900e+00,1.006311059000e+00
9.741667000000e+00,1.065038800240e+00,9.801682233800e-01,1.003723382900e+00,1.005896568300e+00
9.745833000000e+00,1.065271735190e+00,9.808124303800e-01,1.003473043400e+00,1.005446910900e+00
9.750000000000e+00,1.065476417540e+00,9.813880324400e-01,1.003211021400e+00,1.004964590100e+00
9.754167000000e+00,1.065654158590e+00,9.818953275700e-01,1.002938509000e+00,1.004452586200e+00
9.758333000000e+00,1.065806031230e+00,9.823349714300e-01,1.002656102200e+00,1.003914356200e+00
9.762500000000e+00,1.065933704380e+00,9.827082157100e-01,1.002364754700e+00,1.003352642100e+00
9.766667000000e+00,1.066038250920e+00,9.830158352900e-01,1.002065420200e+00,1.002771377600e+00
9.770833000000e+00,1.066120862960e+00,9.832589030300e-01,1.001758933100e+00,1.002174139000e+00
9.775000000000e+00,1.066182613370e+00,9.834384322200e-01,1.001446366300e+00,1.001564145100e+00
9.779167000000e+00,1.066224336620e+00,9.835551381100e-01,1.001128554300e+00,1.000945687300e+00
9.783333000000e+00,1.066246867180e+00,9.836096763600e-01,1.000806689300e+00,1.000322341900e+00
9.787500000000e+00,1.066250562670e+00,9.836024642000e-01,1.000481605500e+00,9.996978045000e-01
9.791667000000e+00,1.066235899930e+00,9.835336208300e-01,1.000154256800e+00,9.990761280000e-01
9.795833000000e+00,1.066202878950e+00,9.834031462700e-01,9.998259544000e-01,9.984611273000e-01
9.800000000000e+00,1.066151261330e+00,9.832107424700e-01,9.994973540000e-01,9.978563786000e-01
9.804167000000e+00,1.066080808640e+00,9.829559922200e-01,9.991697669000e-01,9.972656965000e-01
9.808333000000e+00,1.065991044040e+00,9.826383590700e-01,9.988441467000e-01,9.966927767000e-01
9.812500000000e+00,1.065881252290e+00,9.822570681600e-01,9.985215068000e-01,9.961408973000e-01
9.816667000000e+00,1.065750718120e+00,9.818115830400e-01,9.982029200000e-01,9.956135154000e-01
9.820833000000e+00,1.065598368640e+00,9.813014268900e-01,9.978895187000e-01,9.951139092000e-01
9.825000000000e+00,1.065423130990e+00,9.807260036500e-01,9.975821972000e-01,9.946448207000e-01
9.829167000000e+00,1.065224289890e+00,9.800853729200e-01,9.972820878000e-01,9.942092299000e-01
9.833333000000e+00,1.065000653270e+00,9.793798327400e-01,9.969902635000e-01,9.938097596000e-01
9.837500000000e+00,1.064751267430e+00,9.786098003400e-01,9.967075586000e-01,9.934485555000e-01
9.841667000000e+00,1.064475297930e+00,9.777766466100e-01,9.964351654000e-01,9.931278229000e-01
9.845833000000e+00,1.064172148700e+00,9.768823981300e-01,9.961740375000e-01,9.928494692000e-01
9.850000000000e+00,1.063841223720e+00,9.759290218400e-01,9.959250689000e-01,9.926148057000e-01
9.854167000000e+00,1.063482165340e+00,9.749200344100e-01,9.956892133000e-01,9.924251437000e-01
9.858333000000e+00,1.063095092770e+00,9.738595485700e-01,9.954674244000e-01,9.922815561000e-01
9.862500000000e+00,1.062680006030e+00,9.727517366400e-01,9.952605367000e-01,9.921845794000e-01
9.866667000000e+00,1.062237501140e+00,9.716024398800e-01,9.950694442000e-01,9.921345115000e-01
9.870833000000e+00,1.061768531800e+00,9.704180955900e-01,9.948948622000e-01,9.921314716000e-01
9.875000000000e+00,1.061273932460e+00,9.692050814600e-01,9.947376251000e-01,9.921751618000e-01
9.879167000000e+00,1.060755372050e+00,9.679713249200e-01,9.945983887000e-01,9.922649860000e-01
9.883333000000e+00,1.060214638710e+00,9.667253494300e-01,9.944778681000e-01,9.924001098000e-01
9.887500000000e+00,1.059653878210e+00,9.654752612100e-01,9.943766594000e-01,9.925794005000e-01
9.891667000000e+00,1.059075355530e+00,9.642305374100e-01,9.942952394000e-01,9.928014874000e-01
9.895833000000e+00,1.058482050900e+00,9.630008935900e-01,9.942341447000e-01,9.930645227000e-01
9.900000000000e+00,1.057876586910e+00,9.617953300500e-01,9.941937327000e-01,9.933667779000e-01
9.904167000000e+00,1.057262301450e+00,9.606238603600e-01,9.941744208000e-01,9.937060475000e-01
9.908333000000e+00,1.056642889980e+00,9.594963789000e-01,9.941765070000e-01,9.940798283000e-01
9.912500000000e+00,1.056021571160e+00,9.584216475500e-01,9.942001104000e-01,9.944858551000e-01
9.916667000000e+00,1.055402278900e+00,9.574090242400e-01,9.942454100000e-01,9.949212670000e-01
9.920833000000e+00,1.054788947110e+00,9.564673900600e-01,9.943124652000e-01,9.953830242000e-01
9.925000000000e+00,1.054185152050e+00,9.556042552000e-01,9.944012761000e-01,9.958684444000e-01
9.929167000000e+00,1.053594946860e+00,9.548270702400e-01,9.945116639000e-01,9.963741899000e-01
9.933333000000e+00,1.053022503850e+00,9.541426897000e-01,9.946434498000e-01,9.968969822000e-01
9.937500000000e+00,1.052471399310e+00,9.535563588100e-01,9.947964549000e-01,9.974337816000e-01
9.941667000000e+00,1.051945447920e+00,9.530729055400e-01,9.949702621000e-01,9.979810715000e-01
9.945833000000e+00,1.051448583600e+00,9.526960849800e-01,9.951643944000e-01,9.985354543000e-01
9.950000000000e+00,1.050983786580e+00,9.524283409100e-01,9.953784347000e-01,9.990936518000e-01
9.954167000000e+00,1.050554752350e+00,9.522713422800e-01,9.956117868000e-01,9.996523261000e-01
9.958333000000e+00,1.050164461140e+00,9.522255063100e-01,9.958636761000e-01,1.000207781800e+00
9.962500000000e+00,1.049815535550e+00,9.522902369500e-01,9.961335063000e-01,1.000757217400e+00
9.966667000000e+00,1.049510836600e+00,9.524637460700e-01,9.964203835000e-01,1.001296997100e+00
9.970833000000e+00,1.049252390860e+00,9.527432918500e-01,9.967233539000e-01,1.001824021300e+00
9.975000000000e+00,1.049042344090e+00,9.531254172300e-01,9.970415235000e-01,1.002335310000e+00
9.979167000000e+00,1.048882126810e+00,9.536053538300e-01,9.973738194000e-01,1.002827882800e+00
9.983333000000e+00,1.048773050310e+00,9.541776180300e-01,9.977190495000e-01,1.003298759500e+00
9.987500000000e+00,1.048716068270e+00,9.548363089600e-01,9.980762005000e-01,1.003745555900e+00
9.991667000000e+00,1.048711895940e+00,9.555745720900e-01,9.984439015000e-01,1.004165530200e+00
9.995833000000e+00,1.048760533330e+00,9.563848376300e-01,9.988207817000e-01,1.004556298300e+00
1.000000000000e+01,1.048861861230e+00,9.572597742100e-01,9.992057085000e-01,1.004915833500e+00
