omega,Overhead_Tv_real_0_0,Overhead_Tv_imag_0_0,Overhead_Tv_real_0_1,Overhead_Tv_imag_0_1,Overhead_Tv_real_0_2,Overhead_Tv_imag_0_2,Overhead_Tv_real_0_3,Overhead_Tv_imag_0_3,Overhead_Tv_real_1_0,Overhead_Tv_imag_1_0,Overhead_Tv_real_1_1,Overhead_Tv_imag_1_1,Overhead_Tv_real_1_2,Overhead_Tv_imag_1_2,Overhead_Tv_real_1_3,Overhead_Tv_imag_1_3,Overhead_Tv_real_2_0,Overhead_Tv_imag_2_0,Overhead_Tv_real_2_1,Overhead_Tv_imag_2_1,Overhead_Tv_real_2_2,Overhead_Tv_imag_2_2,Overhead_Tv_real_2_3,Overhead_Tv_imag_2_3,Overhead_Tv_real_3_0,Overhead_Tv_imag_3_0,Overhead_Tv_real_3_1,Overhead_Tv_imag_3_1,Overhead_Tv_real_3_2,Overhead_Tv_imag_3_2,Overhead_Tv_real_3_3,Overhead_Tv_imag_3_3,Overhead_Ti_real_0_0,Overhead_Ti_imag_0_0,Overhead_Ti_real_0_1,Overhead_Ti_imag_0_1,Overhead_Ti_real_0_2,Overhead_Ti_imag_0_2,Overhead_Ti_real_0_3,Overhead_Ti_imag_0_3,Overhead_Ti_real_1_0,Overhead_Ti_imag_1_0,Overhead_Ti_real_1_1,Overhead_Ti_imag_1_1,Overhead_Ti_real_1_2,Overhead_Ti_imag_1_2,Overhead_Ti_real_1_3,Overhead_Ti_imag_1_3,Overhead_Ti_real_2_0,Overhead_Ti_imag_2_0,Overhead_Ti_real_2_1,Overhead_Ti_imag_2_1,Overhead_Ti_real_2_2,Overhead_Ti_imag_2_2,Overhead_Ti_real_2_3,Overhead_Ti_imag_2_3,Overhead_Ti_real_3_0,Overhead_Ti_imag_3_0,Overhead_Ti_real_3_1,Overhead_Ti_imag_3_1,Overhead_Ti_real_3_2,Overhead_Ti_imag_3_2,Overhead_Ti_real_3_3,Overhead_Ti_imag_3_3,Overhead_Tau_0,Overhead_Tau_1,Overhead_Tau_2,Overhead_Tau_3,Overhead_H_real_0,Overhead_H_imag_0,Overhead_H_real_1,Overhead_H_imag_1,Overhead_H_real_2,Overhead_H_imag_2,Overhead_H_real_3,Overhead_H_imag_3
6.2831853071795869e+01,-6.6965970895447924e-01,4.2926564103491327e-02,-4.9442607367543778e-01,1.3851814437902954e-03,5.4106884900132213e-01,1.6648424034133830e-02,-3.4247690068928201e-02,8.7209047867630313e-02,-1.2498707832168708e-01,2.2352478054554620e-02,8.0839013646523661e-01,-2.7755575615628914e-17,5.4564026743265448e-01,8.2602925276051564e-03,-5.7408682642456188e-02,9.0615290763198436e-02,7.2075745344039843e-01,0.0000000000000000e+00,-3.1937542834464644e-01,5.3441613047786607e-03,5.5233517847418978e-01,0.0000000000000000e+00,-8.9007617925555255e-02,9.4532443997751847e-02,1.1860124868019932e-01,5.8496492467322355e-03,3.9488790618104203e-03,1.2281171572857282e-03,3.1277788677372942e-01,-7.9193692338402705e-02,9.8125228708785861e-01,-2.7755575615628914e-17,-6.6584454356394940e-01,1.0246386522873248e-02,-4.9305127312330993e-01,2.2387184011182504e-03,5.7372898862793709e-01,-4.0909512393121766e-02,-1.0378086283756988e-01,-3.9097674579239516e-02,-1.1411864544824164e-01,-3.2265216151830482e-03,8.0984657791612802e-01,-2.6073392571070650e-03,5.9465710515544246e-01,-2.6708886574211839e-02,-1.8114817830207186e-01,-3.8745534908274468e-02,7.4191406030718798e-01,-3.3723865666355685e-02,-3.1798011662580633e-01,-2.6120767633293872e-03,6.1862735897362142e-01,-1.5576165495693479e-02,-2.8663605070671233e-01,-3.6850948065054810e-02,4.0018004637553513e-02,-1.1308098885657696e-03,1.6220696635134413e-03,2.1407110945045773e-05,1.1853250065574938e-01,1.6109920749901033e-01,9.8948833715454965e-01,-6.0540171513707254e-02,6.4751046168676484e-05,6.4766628295368352e-05,7.9222871818162389e-05,8.7782251441693429e-05,9.9781968035929591e-01,-4.0595801433903605e-03,9.9781647753117531e-01,-4.0605440451249222e-03,9.9896493735695391e-01,-4.9726086601429523e-03,9.9585230204506525e-01,-5.4927005054328532e-03
6.5415379968575820e+01,-6.7105433433148809e-01,4.1941292675307204e-02,-4.9375965436656588e-01,2.5899419126804435e-03,5.4032060111464930e-01,1.6896713781160255e-02,-3.5182394420238003e-02,9.0305607291268519e-02,-1.2494939173686634e-01,2.3671841343133115e-02,8.0847753555984769e-01,1.9166902457634638e-04,5.4528138573780105e-01,8.6777805183488599e-03,-5.8372962093622763e-02,9.3827334567424994e-02,7.1953471100192956e-01,-7.7118744228588110e-04,-3.2019913796466687e-01,3.9727325643974659e-03,5.5238039647073456e-01,6.2237106906132267e-04,-9.0006160094061927e-02,9.7873723021953102e-02,1.1827631308757033e-01,5.8498266103078605e-03,3.8052616173562047e-03,9.9151673615889991e-04,3.1392202069862207e-01,-8.1789551516197975e-02,9.8016102813905515e-01,3.3076175298366040e-04,-6.6668154641032729e-01,1.1341912519383181e-02,-4.9236866538265800e-01,1.0389777742780652e-03,5.7317874318665096e-01,-4.1288005127656513e-02,-1.0471556467979339e-01,-4.0490337311138810e-02,-1.1368116338529342e-01,-4.6494880358003794e-03,8.0993279556091291e-01,-2.8040099155110486e-03,5.9502969741852285e-01,-2.7746898900638039e-02,-1.8227137825178605e-01,-4.0114323738911731e-02,7.4116387504539794e-01,-3.3102654652708806e-02,-3.1877777230492210e-01,-1.2330141099485391e-03,6.1992760939481006e-01,-1.7465460263652144e-02,-2.8799251276866761e-01,-3.8133026974519348e-02,4.0065090746490228e-02,-1.1932470272518864e-03,1.5848622959880741e-03,9.4512392002789433e-05,1.2108509080725610e-01,1.6697429827298621e-01,9.9058047197811605e-01,-6.2863180663817367e-02,6.4183169199871418e-05,6.4198565253553963e-05,7.9056656324432136e-05,8.6497722652349374e-05,9.9779994869048871e-01,-4.1893539559055056e-03,9.9779666542417333e-01,-4.1903451081701454e-03,9.9894917788676918e-01,-5.1661329191814735e-03,9.9579275299415182e-01,-5.6345357384402859e-03
6.8105136602345354e+01,-6.7242537603105634e-01,4.0901453083719071e-02,-4.9310382945022385e-01,3.8224018120660008e-03,5.3955528736276204e-01,1.7131946106828194e-02,-3.6207800424741490e-02,9.3492187039849073e-02,-1.2491932127268443e-01,2.4988735843488007e-02,8.0856136192305283e-01,3.8902184589367783e-04,5.4489581958381528e-01,9.1018267597604841e-03,-5.9430950419479954e-02,9.7133156022040534e-02,7.1832581624923919e-01,-1.5907354481037844e-03,-3.2100117586965893e-01,2.5726910888037718e-03,5.5238765207840390e-01,1.2727722400605046e-03,-9.1101965766466855e-02,1.0131291176959756e-01,1.1795469234396659e-01,5.8389111559950481e-03,3.6659024761159947e-03,7.5020193739328510e-04,3.1516141325211633e-01,-8.4450200297330524e-02,9.7898775200659638e-01,6.5226349369719439e-04,-6.6750450360398383e-01,1.2465334364882947e-02,-4.9170506225291638e-01,-1.9144175590046601e-04,5.7266885300430237e-01,-4.1674212757681177e-02,-1.0573165081674425e-01,-4.1913579428847859e-02,-1.1325966969930600e-01,-6.0898889302824282e-03,8.1002516658520995e-01,-2.9990480073183549e-03,5.9541522598606011e-01,-2.8851716480580998e-02,-1.8348903711662556e-01,-4.1506112796486208e-02,7.4043200074338289e-01,-3.2444841829138336e-02,-3.1955941742942728e-01,1.7274044785653420e-04,6.2120585917933169e-01,-1.9489239325034477e-02,-2.8945909915336632e-01,-3.9425964101256497e-02,4.0111668856734166e-02,-1.2590700384962116e-03,1.5486502685059628e-03,1.6936201671722686e-04,1.2387751549468576e-01,1.7302818536018677e-01,9.9172196398682821e-01,-6.5336018389116041e-02,6.3640148021785442e-05,6.3655366702761594e-05,7.8896346301787456e-05,8.5248220585295466e-05,9.9778069155503490e-01,-4.3246290813056081e-03,9.9777732855559231e-01,-4.3256486912775557e-03,9.9893272315372927e-01,-5.3675633579227831e-03,9.9573334219355947e-01,-5.7811351248125810e-03
7.0905490938862883e+01,-6.7377172398675944e-01,3.9808905532966121e-02,-4.9245655435797447e-01,5.0818704696942302e-03,5.3877268616323903e-01,1.7354076744197117e-02,-3.7331010250312685e-02,9.6768408502086886e-02,-1.2489191977361472e-01,2.6303160065148767e-02,8.0864179158719052e-01,5.9201038671147233e-04,5.4448180169337668e-01,9.5316561977469572e-03,-6.0590009247079017e-02,1.0053240969100545e-01,7.1713223235792689e-01,-2.4570056411124287e-03,-3.2178376146891852e-01,1.1452456289481397e-03,5.5235346238269023e-01,1.9496230411917559e-03,-9.2302706088853353e-02,1.0484969061123633e-01,1.1763736209261984e-01,5.8174408919632742e-03,3.5304297982425041e-03,5.0439822066397253e-04,3.1650288902796109e-01,-8.7174059332305279e-02,9.7772705006215432e-01,9.6154822194558648e-04,-6.6831462061840397e-01,1.3615271428865733e-02,-4.9105879962686438e-01,-1.4517191506285328e-03,5.7220238439810123e-01,-4.2074903717746477e-02,-1.0683544702614224e-01,-4.3365081150996403e-02,-1.1285060684614069e-01,-7.5473456093847844e-03,8.1012460254066299e-01,-3.1924715857538852e-03,5.9581231804858015e-01,-3.0029032720836922e-02,-1.8480815199540995e-01,-4.2917458817075989e-02,7.3971931049062090e-01,-3.1751250329833926e-02,-3.2032762802641285e-01,1.6041717233602698e-03,6.2245549632246888e-01,-2.1652050067159870e-02,-2.9104353143260681e-01,-4.0724778720215855e-02,4.0157654934106717e-02,-1.3282638764194311e-03,1.5133295250542359e-03,2.4592316919633874e-04,1.2693087496910896e-01,1.7925982271351257e-01,9.9291146197612568e-01,-6.7970744797670402e-02,6.3121432591422855e-05,6.3136481303616130e-05,7.8741691429760761e-05,8.4033180986909514e-05,9.9776192096402638e-01,-4.4656691124743183e-03,9.9775847914119387e-01,-4.4667183738295495e-03,9.9891553092346386e-01,-5.5772214123785083e-03,9.9567413330566268e-01,-5.9327088577814848e-03
7.3820990546372755e+01,-6.7509255424313852e-01,3.8665621547817046e-02,-4.9181561375314559e-01,6.3677817499650513e-03,5.3797242215327767e-01,1.7563042225278797e-02,-3.8559537236318484e-02,1.0013337868086179e-01,-1.2486219742554786e-01,2.7615504243308560e-02,8.0871901818626668e-01,8.0061160302323520e-04,5.4403748586626355e-01,9.9663378524859070e-03,-6.1857930542767663e-02,1.0402422023287312e-01,7.1595516264478154e-01,-3.3681916676010296e-03,-3.2254930288380723e-01,-3.0857019361947569e-04,5.5227434283148735e-01,2.6510354383969259e-03,-9.3616505608968614e-02,1.0848319095806916e-01,1.1732523395861522e-01,5.7860469215519211e-03,3.3984400725945848e-03,2.5429860862018867e-04,3.1795362044490016e-01,-8.9958969200337829e-02,9.7637328829030201e-01,1.2552554677460886e-03,-6.6911331353112913e-01,1.4790370214400770e-02,-4.9042803213050223e-01,-2.7412006393119619e-03,5.7178178035135008e-01,-4.2497616853209193e-02,-1.0803363482666371e-01,-4.4841909133371424e-02,-1.1245029445649085e-01,-9.0217702225077832e-03,8.1023201779019349e-01,-3.3842819090879848e-03,5.9621903528786646e-01,-3.1285002596452914e-02,-1.8623605663882833e-01,-4.4344169963005761e-02,7.3902651127820740e-01,-3.1022724513251890e-02,-3.2108516351536215e-01,3.0604250496311458e-03,6.2366936328795530e-01,-2.3958540683176661e-02,-2.9275382656102378e-01,-4.2023569597183327e-02,4.0202976836658119e-02,-1.4008055443832405e-03,1.4787871538476157e-03,3.2417247455126993e-04,1.3026793366332828e-01,1.8566668844337156e-01,9.9414666015180242e-01,-7.0780322541941124e-02,6.2626456903005156e-05,6.2641341890284000e-05,7.8592463103970139e-05,8.2852045356325099e-05,9.9774364668386339e-01,-4.6127484932943523e-03,9.9774012714650995e-01,-4.6138285865796446e-03,9.9889755724865181e-01,-5.7954423788220558e-03,9.9561519232533591e-01,-6.0894775405656914e-03
7.6856369980520014e+01,-6.7638734181627513e-01,3.7473662641417577e-02,-4.9117863032640086e-01,7.6796868604336460e-03,5.3715396135725391e-01,1.7758729934233664e-02,-3.9901300760788759e-02,1.0358561064055802e-01,-1.2482515918864322e-01,2.8926516030185909e-02,8.0879325088125631e-01,1.0148271836777079e-03,5.4356095458968146e-01,1.0404765225495105e-02,-6.3242932229597981e-02,1.0760709987921738e-01,7.1479553116621142e-01,-4.3223423025514213e-03,-3.2330038166575853e-01,-1.7878906309546846e-03,5.5214682833867534e-01,3.3748045538095905e-03,-9.5051938826251570e-02,1.1221190916159118e-01,1.1701914631406390e-01,5.7454434638924664e-03,3.2695010301245766e-03,6.4825175932281889e-08,3.1952110773711462e-01,-9.2802107603768599e-02,9.7492062640943367e-01,1.5295795257216777e-03,-6.6990220814524470e-01,1.5989306703280005e-02,-4.8981074543929659e-01,-4.0593979958297877e-03,5.7140873120821889e-01,-4.2950640641409077e-02,-1.0933323251278045e-01,-4.6340420710784036e-02,-1.1205495254665598e-01,-1.0513344985272224e-02,8.1034833204772316e-01,-3.5744535736301625e-03,5.9663275676587391e-01,-3.2626236472749662e-02,-1.8778038711785164e-01,-4.5781198417261477e-02,7.3835413766693714e-01,-3.0260115098696156e-02,-3.2183495498604253e-01,4.5407946666767363e-03,6.2483965086775628e-01,-2.6413462432047875e-02,-2.9459824105662935e-01,-4.3315394339503765e-02,4.0247575479168331e-02,-1.4766655637153548e-03,1.4449020284626162e-03,4.0409571648624646e-04,1.3391317019092544e-01,1.9224447898479827e-01,9.9542409439158352e-01,-7.3778617287508286e-02,6.2154638968327279e-05,6.2169365459751593e-05,7.8448453097656987e-05,8.1704259878731981e-05,9.9772587609804619e-01,-4.7661527381758426e-03,9.9772228014688247e-01,-4.7672648327279242e-03,9.9887875646876279e-01,-6.0225760409308845e-03,9.9555658737822672e-01,-6.2516726208057842e-03
8.0016558472918234e+01,-6.7765587210965406e-01,3.6235152787929756e-02,-4.9054307237839917e-01,9.0172489904965375e-03,5.3631660895810296e-01,1.7940945339272069e-02,-4.1364620345887365e-02,1.0712294462764539e-01,-1.2477583777646360e-01,3.0237263313604143e-02,8.0886471233765533e-01,1.2346835282208424e-03,5.4305022800556013e-01,1.0845636363773850e-02,-6.4753653082890425e-02,1.1127886653362509e-01,7.1365396543223114e-01,-5.3173906125621867e-03,-3.2403973928493707e-01,-3.2920125862589203e-03,5.5196749445470639e-01,4.1184016689519293e-03,-9.6618026101221277e-02,1.1603362094155502e-01,1.1671985579982985e-01,5.6964159098055502e-03,3.1431541859374399e-03,-2.5817195237565449e-04,3.2121315535398604e-01,-9.5699906643694099e-02,9.7336304010167751e-01,1.7802249495649514e-03,-6.7068313858768858e-01,1.7210791621350297e-02,-4.8920476712213001e-01,-5.4059884137064654e-03,5.7108403454570655e-01,-4.3442978041813810e-02,-1.1074156789026912e-01,-4.7856160684478781e-02,-1.1166072136344686e-01,-1.2022501563522149e-02,8.1047447319550936e-01,-3.7629253143876551e-03,5.9705004643901727e-01,-3.4059782608048060e-02,-1.8944903624972695e-01,-4.7222525465212217e-02,7.3770254583507067e-01,-2.9464260633775732e-02,-3.2258009543368582e-01,6.0447143208864499e-03,6.2595777196206626e-01,-2.9021662975427662e-02,-2.9658520006249733e-01,-4.4592141422237885e-02,4.0291405578782948e-02,-1.5558096676212476e-03,1.4115453404930387e-03,4.8568769396383979e-04,1.3789281679433379e-01,1.9898677215078572e-01,9.9673890967583401e-01,-7.6980383081094478e-02,6.1705384418795630e-05,6.1719956780955201e-05,7.8309478636913536e-05,8.0589277368084864e-05,9.9770861416596202e-01,-4.9261789226375981e-03,9.9770494328464299e-01,-4.9273241802193094e-03,9.9885908131951562e-01,-6.2589878338481005e-03,9.9549838857294337e-01,-6.4195370698829123e-03
8.3306687935856900e+01,-6.7889824108152863e-01,3.4952264902402580e-02,-4.8990626173143381e-01,1.0380224647660110e-02,5.3545951994798557e-01,1.8109378524984662e-02,-4.2958182421958924e-02,1.1074243272578824e-01,-1.2470931659546283e-01,3.1549084726231809e-02,8.0893363689389786e-01,1.4602298747900463e-03,5.4250328153415239e-01,1.1287429969356305e-02,-6.6399119655351557e-02,1.1503652378641026e-01,7.1253079034264943e-01,-6.3511716383339023e-03,-3.2477026324381264e-01,-4.8203747184508254e-03,5.5173298297644857e-01,4.8789595766279836e-03,-9.8324200755615154e-02,1.1994525591794046e-01,1.1642803360855365e-01,5.6398106682990327e-03,3.0189175430970585e-03,-5.2030751195851304e-04,3.2303781701868156e-01,-9.8647941595551319e-02,9.7169436601388970e-01,2.0023602382767125e-03,-6.7145814177314755e-01,1.8453562201148015e-02,-4.8860777718781617e-01,-6.7808007369557916e-03,5.7080744799299676e-01,-4.3984293797960740e-02,-1.1226621948139454e-01,-4.9383736706661699e-02,-1.1126367605060911e-01,-1.3549885960731239e-02,8.1061137966091490e-01,-3.9495892526849319e-03,5.9746650353162334e-01,-3.5593076722705480e-02,-1.9125007049588946e-01,-4.8661026888414907e-02,7.3707191246474923e-01,-2.8635976958728031e-02,-3.2332382976649915e-01,7.5717325351453120e-03,6.2701420919813489e-01,-3.1788027785797326e-02,-2.9872318124029040e-01,-4.5844385909311766e-02,4.0334436259702358e-02,-1.6382002191175258e-03,1.3785811795999378e-03,5.6895122436971589e-04,1.4223481753445252e-01,2.0588458725101305e-01,9.9808458922959509e-01,-8.0401185107020601e-02,6.1278078981280451e-05,6.1292500867291837e-05,7.8175367928360701e-05,7.9506549904415983e-05,9.9769186317002501e-01,-5.0931352977634488e-03,9.9768811901475729e-01,-5.0943148773741160e-03,9.9883848283683507e-01,-6.5050585305082955e-03,9.9544066743343662e-01,-6.5933253499766090e-03
8.6732101296147491e+01,-6.8011486379640518e-01,3.3627183129530558e-02,-4.8926537752568072e-01,1.1768462583798029e-02,5.3458170366943780e-01,1.8263567937351222e-02,-4.4691028941959261e-02,1.1444026227678060e-01,-1.2462075118155934e-01,3.2863550431881959e-02,8.0900026891081045e-01,1.6915389207256826e-03,5.4191805885584399e-01,1.1728385576440646e-02,-6.8188735649517870e-02,1.1887618118338882e-01,7.1142601544701356e-01,-7.4214610803615411e-03,-3.2549497855441306e-01,-6.3725572151654662e-03,5.5144002433479311e-01,5.6532695333790274e-03,-1.0018029948203688e-01,1.2394281396223136e-01,1.1614425903620196e-01,5.5765203734561841e-03,2.8962871768773726e-03,-7.8626482429980165e-04,3.2500336025683402e-01,-1.0164085090531258e-01,9.6990833383924913e-01,2.1905688508021548e-03,-6.7222945582304128e-01,1.9716392463300078e-02,-4.8801731434936763e-01,-8.1838193625404804e-03,5.7057752627856817e-01,-4.4584842335210942e-02,-1.1391496228915823e-01,-5.0916702185698361e-02,-1.1085983780050922e-01,-1.5096340529051771e-02,8.1076000352872579e-01,-4.1342829345990331e-03,5.9787659872584875e-01,-3.7233888058145342e-02,-1.9319165001101871e-01,-5.0088345746298876e-02,7.3646222940827033e-01,-2.7776032186829776e-02,-3.2406955024045464e-01,9.1215084539020275e-03,6.2799834936909693e-01,-3.4717435555313453e-02,-3.0102059988794339e-01,-4.7061251929881968e-02,4.0376651039125792e-02,-1.7237981642644431e-03,1.3458667828600563e-03,6.5389733848743173e-04,1.4696881647528898e-01,2.1292597661267526e-01,9.9945266009384581e-01,-8.4057330309711450e-02,6.0872099654456442e-05,6.0886374155478084e-05,7.8045978015120268e-05,7.8455536055161530e-05,9.9767562291896283e-01,-5.2673423535792565e-03,9.9767180730704907e-01,-5.2685574180904938e-03,9.9881691072656320e-01,-6.7611864987449167e-03,9.9538349688003736e-01,-6.7733045221568186e-03
9.0298361171640849e+01,-6.8130646737283496e-01,3.2262115545162035e-02,-4.8861745507634252e-01,1.3181864082015542e-02,5.3368205671669033e-01,1.8402873016402553e-02,-4.6572453081437801e-02,1.1821160279457139e-01,-1.2450536779967375e-01,3.4182397515462981e-02,8.0906486288966095e-01,1.9287021424001689e-03,5.4129250779396154e-01,1.2166479393361587e-02,-7.0132175702354596e-02,1.2279289474129350e-01,7.1033933837518137e-01,-8.5259703627799943e-03,-3.2621704439241589e-01,-7.9482367863842433e-03,5.5108547794557527e-01,6.4377593873914535e-03,-1.0219645388081058e-01,1.2802119815784246e-01,1.1586902252048108e-01,5.5074778159313435e-03,2.7747382232804051e-03,-1.0559863058004606e-03,3.2711813709120968e-01,-1.0467220273894842e-01,9.6799865397493645e-01,2.3388138345187270e-03,-6.7299951671442326e-01,2.0998062157836683e-02,-4.8743077566493159e-01,-9.6151493803733664e-03,5.7039145961102200e-01,-4.5255368081251177e-02,-1.1569563285548959e-01,-5.2447412233424424e-02,-1.1044516977136612e-01,-1.6662848659670736e-02,8.1092131258837141e-01,-4.3167757206841097e-03,5.9827350442017990e-01,-3.8990191427949308e-02,-1.9528185782436039e-01,-5.1494746076002226e-02,7.3587330316128197e-01,-2.6885150370440994e-02,-3.2482079678654241e-01,1.0693763152510694e-02,6.2889830996297069e-01,-3.7814585723322761e-02,-3.0348559117485285e-01,-4.8230268469206694e-02,4.0418048837134353e-02,-1.8125634682485308e-03,1.3132525583948414e-03,7.4054308094482189e-04,1.5212589698321211e-01,2.2009544695726485e-01,1.0008323745300030e+00,-8.7965643850639971e-02,6.0486803370864167e-05,6.0500933155671136e-05,7.7921164598010529e-05,7.7435692211802207e-05,9.9765989011449896e-01,-5.4491320522599765e-03,9.9765600501147422e-01,-5.4503837758630132e-03,9.9879431290032150e-01,-7.0277860406412094e-03,9.9532695023137596e-01,-6.9597540886964264e-03
9.4011258904507542e+01,-6.8247407953252437e-01,3.0859189148587596e-02,-4.8795941487189270e-01,1.4620424174850131e-02,5.3275935712836497e-01,1.8526415106786098e-02,-4.8612096855543234e-02,1.2205056274232073e-01,-1.2435850927336756e-01,3.5507507428115564e-02,8.0912767630083815e-01,2.1718356732374107e-03,5.4062457754944426e-01,1.2599400029621718e-02,-7.2239487264377469e-02,1.2678062112095886e-01,7.0927014896644591e-01,-9.6624454232558388e-03,-3.2693971890548729e-01,-9.5472355790650679e-03,5.5066633220309658e-01,7.2285057251733342e-03,-1.0438319749393843e-01,1.3217416575603913e-01,1.1560271593992709e-01,5.4336267579293794e-03,2.6537305065914328e-03,-1.3294426798611107e-03,3.2939063778181316e-01,-1.0773443102602387e-01,9.6595902472914374e-01,2.4403470064608968e-03,-6.7377093347545358e-01,2.2297413977845848e-02,-4.8684544819488468e-01,-1.1075061818035083e-02,5.7024487386189626e-01,-4.6006975599344732e-02,-1.1761609988361652e-01,-5.3966887620523422e-02,-1.1001561622506419e-01,-1.8250552385046824e-02,8.1109629070856837e-01,-4.4967684331862004e-03,5.9864887262093947e-01,-4.0870094521940722e-02,-1.9752863764092768e-01,-5.2868961804096989e-02,7.3530476483048501e-01,-2.5963948738631261e-02,-3.2558122614059815e-01,1.2288324947556092e-02,6.2970068831451198e-01,-4.1083975057308472e-02,-3.0612590238736459e-01,-4.9337202224746260e-02,4.0458639703733167e-02,-1.9044588853147451e-03,1.2805836550108440e-03,8.2891419550408432e-04,1.5773872099821001e-01,2.2737349255817832e-01,1.0022102969128517e+00,-9.2143406003795836e-02,6.0121545914421391e-05,6.0135533367337675e-05,7.7800841190692088e-05,7.6446481045989290e-05,9.9764465973066407e-01,-5.6388496415836452e-03,9.9764070723792786e-01,-5.6401392190122629e-03,9.9877063740720851e-01,-7.3052935461443962e-03,9.9527110170146960e-01,-7.1529672860909423e-03
9.7876823965948702e+01,-6.8361907012080669e-01,2.9420642565039679e-02,-4.8728797225164167e-01,1.6084082114366807e-02,5.3181236749278538e-01,1.8633121222461663e-02,-5.0819437979550075e-02,1.2594993161824636e-01,-1.2417551801642318e-01,3.6840803476897901e-02,8.0918898778279769e-01,2.4210633442599758e-03,5.3991233321412768e-01,1.3024545223628586e-02,-7.4520563442352916e-02,1.3083194955041780e-01,7.0821749922984045e-01,-1.0828498723045393e-02,-3.2766645362832436e-01,-1.1169349064156221e-02,5.5017983625784517e-01,8.0211794517187074e-03,-1.0675092208381835e-01,1.3639404764065308e-01,1.1534565358958399e-01,5.3559575036671719e-03,2.5326941972654829e-03,-1.6066029315096346e-03,3.3182898681167938e-01,-1.1081867264703396e-01,9.6378337881467968e-01,2.4878048328547675e-03,-6.7454655427066657e-01,2.3613192755059357e-02,-4.8625841369267897e-01,-1.2563852141301814e-02,5.7013169689264243e-01,-4.6850964400544454e-02,-1.1968384342061537e-01,-5.5464701194105862e-02,-1.0956698303266878e-01,-1.9860609627623989e-02,8.1128594565249723e-01,-4.6738596587146287e-03,5.9899275056299139e-01,-4.2881487824115938e-02,-1.9993931973489229e-01,-5.4198121763806173e-02,7.3475602540592255e-01,-2.5013037112453833e-02,-3.2635470843666697e-01,1.3904952243184648e-02,6.3039055965693958e-01,-4.4529331375092969e-02,-3.0894835558657191e-01,-5.0366040580170836e-02,4.0498456249981010e-02,-1.9994463951714080e-03,1.2476951224146856e-03,9.1903664655187630e-04,1.6384026724124143e-01,2.3473586043277378e-01,1.0035701313634433e+00,-9.6607635936507660e-02,5.9775657602168150e-05,5.9789504937792451e-05,7.7684846787772494e-05,7.5487360711515173e-05,9.9762992187034283e-01,-5.8368516142410882e-03,9.9762590420900166e-01,-5.8381802698716997e-03,9.9874582809656809e-01,-7.5941562698766509e-03,9.9521602385766483e-01,-7.3532506883761638e-03
1.0190133374761122e+02,-6.8474304388865603e-01,2.7948480239728873e-02,-4.8659979881206739e-01,1.7572907649466847e-02,5.3083976979320235e-01,1.8721572070374795e-02,-5.3204360305539607e-02,1.2990124325547953e-01,-1.2395192799298659e-01,3.8184275928028776e-02,8.0924906319855994e-01,2.6765382493100232e-03,5.3915387456307107e-01,1.3438971837088157e-02,-7.6985731571481059e-02,1.3493816457982943e-01,7.0718018220015955e-01,-1.2021926851191966e-02,-3.2840071527582271e-01,-1.2814562903627962e-02,5.4962339698346707e-01,8.8111035656227993e-03,-1.0931048783216975e-01,1.4067181110060145e-01,1.1509804529312187e-01,5.2754208265929983e-03,2.4110576167366859e-03,-1.8874726853346396e-03,3.3444140658109373e-01,-1.1391473403854954e-01,9.6146575356579245e-01,2.4729438170840168e-03,-6.7532932984703453e-01,2.4944272040418027e-02,-4.8566671652001997e-01,-1.4082025002395884e-02,5.7004389015614643e-01,-4.7798603592059556e-02,-1.2190613993264746e-01,-5.6928789071123087e-02,-1.0909513353618638e-01,-2.1494326047285770e-02,8.1149129644958740e-01,-4.8475734378766542e-03,5.9929320938362873e-01,-4.5032048553873633e-02,-2.0252076859168763e-01,-5.5467513936268621e-02,7.3422636027639254e-01,-2.4032826912804738e-02,-3.2714515448285270e-01,1.5543549004963891e-02,6.3095096855180199e-01,-4.8153849148956554e-02,-3.1195893786831880e-01,-5.1298698775244081e-02,4.0537532462465005e-02,-2.0974955627615895e-03,1.2144205094203257e-03,1.0109475586708534e-03,1.7046483719162991e-01,2.4215304627673626e-01,1.0048920060883759e+00,-1.0137530080252605e-01,5.9448478246164063e-05,5.9462187625342394e-05,7.7573144739985362e-05,7.4557798489934706e-05,9.9761566666149837e-01,-6.0435091473727007e-03,9.9761158616051271e-01,-6.0448781464452735e-03,9.9871983218526927e-01,-7.8948518724607890e-03,9.9516178964709490e-01,-7.5609260943758274e-03
1.0609132375560732e+02,-6.8584792861007604e-01,2.6444782787547139e-02,-4.8589135832634961e-01,1.9086880245555243e-02,5.2984031508299378e-01,1.8790102562877942e-02,-5.5776353722956702e-02,1.3389448675307347e-01,-1.2368325742015451e-01,3.9539858070263861e-02,8.0930818865977283e-01,2.9384185996542272e-03,5.3834750515284091e-01,1.3839417319958948e-02,-7.9644930574119116e-02,1.3908894546457737e-01,7.0615666899275020e-01,-1.3240433655977490e-02,-3.2914616069406871e-01,-1.4482800700279647e-02,5.4899477656464701e-01,9.5931899049057461e-03,-1.1207237401369113e-01,1.4499674452046810e-01,1.1486002928917287e-01,5.1929921688544170e-03,2.2882203061376366e-03,-2.1720503442983841e-03,3.3723545192544907e-01,-1.1701095144988080e-01,9.5900064915859629e-01,2.3868474376412263e-03,-6.7612243697393948e-01,2.6289407972475039e-02,-4.8506718959573253e-01,-1.5630085519476582e-02,5.6997135325561898e-01,-4.8860869873380022e-02,-1.2428941400625780e-01,-5.8345401521572859e-02,-1.0859577630497207e-01,-2.3152958623606359e-02,8.1171338547334837e-01,-5.0173105756499518e-03,5.9953635270639527e-01,-4.7328688179781177e-02,-2.0527866935206004e-01,-5.6660613902577463e-02,7.3371482466504234e-01,-2.3023691389180232e-02,-3.2795669157888041e-01,1.7203904880591633e-02,6.3136309861322637e-01,-5.1959306953906839e-02,-3.1516201439383501e-01,-5.2115158504597449e-02,4.0575923273629542e-02,-2.1985776401844941e-03,1.1805830301028549e-03,1.1046828741100554e-03,1.7764598292061232e-01,2.4958954378623738e-01,1.0061524566342062e+00,-1.0646216835578128e-01,5.9139327704575618e-05,5.9152901322093694e-05,7.7465628376701087e-05,7.3657255220213117e-05,9.9760187966660596e-01,-6.2592054804412722e-03,9.9759773874686264e-01,-6.2606161395246367e-03,9.9869259359072982e-01,-8.2078710251089117e-03,9.9510846909692563e-01,-7.7763296396749504e-03
1.1045359822369301e+02,-6.8693586726684586e-01,2.4911528939997596e-02,-4.8515901510761478e-01,2.0625953692328072e-02,5.2881283369625121e-01,1.8836702430439362e-02,-5.8544763431664315e-02,1.3791803640879999e-01,-1.2336510492217055e-01,4.0909383505404372e-02,8.0936664996447372e-01,3.2068721045304116e-03,5.3749172074223117e-01,1.4222259961244321e-02,-8.2507967432604606e-02,1.4327229084894416e-01,7.0514519967776623e-01,-1.4481799706444698e-02,-3.2990651590221443e-01,-1.6174004660114673e-02,5.4829205606336129e-01,1.0361961666857600e-02,-1.1504694465088650e-01,1.4935637634701363e-01,1.1463167064241903e-01,5.1096136214889010e-03,2.1635720003615436e-03,-2.4603425365292706e-03,3.4021816771006463e-01,-1.2009409803596247e-01,9.5638306027222653e-01,2.2197495857292360e-03,-6.7692917070179548e-01,2.7647335664700616e-02,-4.8445656206142385e-01,-1.7208604301237392e-02,5.6990172291910302e-01,-5.0048104132786715e-02,-1.2683914853464645e-01,-5.9698941002927636e-02,-1.0806457733487011e-01,-2.4837738406764839e-02,8.1195326459968375e-01,-5.1823564660849700e-03,5.9970603712507720e-01,-4.9777297792194003e-02,-2.0821737875461901e-01,-5.7758919875028014e-02,7.3322032129435122e-01,-2.1985869973786668e-02,-3.2879354549311451e-01,1.8885772714613835e-02,6.3160590545734074e-01,-5.5945888209342168e-02,-3.1856010074590074e-01,-5.2793306508752212e-02,4.0613690470595896e-02,-2.3026660898954601e-03,1.1460010168294981e-03,1.2002815192874914e-03,1.8541655639271770e-01,2.5700314090942050e-01,1.0073238377040084e+00,-1.1188247397295870e-01,5.8847524878429593e-05,5.8860965041009028e-05,7.7362236160470501e-05,7.2785196763625916e-05,9.9758854398751362e-01,-6.4843379152457409e-03,9.9758434514983674e-01,-6.4857916135758831e-03,9.9866405859863072e-01,-8.5337295154555553e-03,9.9505612961512380e-01,-7.9998135412895476e-03
1.1499524116283990e+02,-6.8800932412582760e-01,2.3350648216151237e-02,-4.8439894511842557e-01,2.2190050056011656e-02,5.2775629777535005e-01,1.8859077950449693e-02,-6.1518283620562005e-02,1.4195863720426474e-01,-1.2299309063903227e-01,4.2294616313817389e-02,8.0942474424534705e-01,3.4820845322543204e-03,5.3658531265227716e-01,1.4583562201605421e-02,-8.5583999192957741e-02,1.4747449936315551e-01,7.0414368444507980e-01,-1.5743828128238657e-02,-3.3068567339179411e-01,-1.7888119798041387e-02,5.4751378712586440e-01,1.1111578673489525e-02,-1.1824391560015238e-01,1.5373644910018180e-01,1.1441294856584650e-01,5.0262274300932192e-03,2.0364771516126847e-03,-2.7523592880899402e-03,3.4339560990533302e-01,-1.2314945440766679e-01,9.5360868890822104e-01,1.9611995230997964e-03,-6.7775303510083573e-01,2.9016734693251986e-02,-4.8383136695082918e-01,-1.8818218929242798e-02,5.6982025596727726e-01,-5.1369617275997481e-02,-1.2955936989522462e-01,-6.0972048041018752e-02,-1.0749707162908918e-01,-2.6549880501891644e-02,8.1221200538109761e-01,-5.3418666958403478e-03,5.9978391804169806e-01,-5.2382229482186196e-02,-2.1133936375915599e-01,-5.8742112172721281e-02,7.3274153118717078e-01,-2.0919477296352622e-02,-3.2966014133057331e-01,2.0588847689547284e-02,6.3165637614823233e-01,-6.0111521986652539e-02,-3.2215324911993837e-01,-5.3309196564070148e-02,4.0650910444308214e-02,-2.4097457979922795e-03,1.1104834941372240e-03,1.2977847848615850e-03,1.9380706058555627e-01,2.6434466515663702e-01,1.0083743800250633e+00,-1.1764792178941778e-01,5.8572390116135503e-05,5.8585699306987496e-05,7.7262886256558640e-05,7.1941092513285804e-05,9.9757564075792959e-01,-6.7193183567678351e-03,9.9757138656587729e-01,-6.7208165479460619e-03,9.9863417111261032e-01,-8.8729625146254463e-03,9.9500483513608307e-01,-8.2317466632622922e-03
1.1972362786514542e+02,-6.8907092756761057e-01,2.1763993594184849e-02,-4.8360723326160249e-01,2.3779004494199785e-02,5.2666990871488117e-01,1.8854592830198136e-02,-6.4704964180473834e-02,1.4600118870386147e-01,-1.2256288818922306e-01,4.3697130341623022e-02,8.0948276668605379e-01,3.7642455059101465e-03,5.3562741601237396e-01,1.4919035342100762e-02,-8.8881537531902657e-02,1.5167994331128060e-01,7.0314984843381878e-01,-1.7024382140818584e-02,-3.3148758137184170e-01,-1.9625041637726104e-02,5.4665899922388672e-01,1.1835825498973052e-02,-1.2167235777461950e-01,1.5812068139130769e-01,1.1420378772221985e-01,4.9437367130194670e-03,1.9062931842967780e-03,-3.0481075514839115e-03,3.4677276341813451e-01,-1.2616064179244563e-01,9.5067413724601713e-01,1.5999474894682758e-03,-6.7859762290710079e-01,3.0396202831068399e-02,-4.8318803036861069e-01,-2.0459578730950008e-02,5.6970976042230570e-01,-5.2833198989703997e-02,-1.3245231010596306e-01,-6.2145489669433396e-02,-1.0688873434555253e-01,-2.8290492702675005e-02,8.1249067765883132e-01,-5.4948583338775159e-03,5.9974930269409976e-01,-5.5145772726567760e-02,-2.1464478602510767e-01,-5.9587986678571382e-02,7.3227699345519159e-01,-1.9824498650803872e-02,-3.3056099278858048e-01,2.2312710856270703e-02,6.3148931743461534e-01,-6.4451300166316547e-02,-3.2593853768075054e-01,-5.3637052143736492e-02,4.0687666002713230e-02,-2.5198037193244734e-03,1.0738349901503160e-03,1.3972339263639321e-03,2.0284480272777861e-01,2.7155714201601872e-01,1.0092677783760235e+00,-1.2376679607238190e-01,5.8313239626897727e-05,5.8326420532601455e-05,7.7167515861598909e-05,7.1124412865728834e-05,9.9756314884350850e-01,-6.9645729448114188e-03,9.9755884190987743e-01,-6.9661171658734478e-03,9.9860287882436205e-01,-9.2261297643164084e-03,9.9495464455510951e-01,-8.4725149416981192e-03
1.2464643688076109e+02,-6.9012361266779054e-01,2.0153434648982171e-02,-4.8277972714468015e-01,2.5392450925102422e-02,5.2555316358082527e-01,1.8820350087881910e-02,-6.8111652262126121e-02,1.5002889400751812e-01,-1.2207008922102362e-01,4.5118190018171980e-02,8.0954103540145761e-01,4.0535368502371549e-03,5.3461761354861126e-01,1.5224123423346392e-02,-9.2407873187995884e-02,1.5587121630750336e-01,7.0216112026140798e-01,-1.8321308708010187e-02,-3.3231640786239586e-01,-2.1384502829831994e-02,5.4572734797388645e-01,1.2528200705676673e-02,-1.2534010156234546e-01,1.6249091356727707e-01,1.1400404569651962e-01,4.8630199011202302e-03,1.7723422916607790e-03,-3.3475724368817517e-03,3.5035303527182410e-01,-1.2910986236001293e-01,9.4757711074632167e-01,1.1242004985498877e-03,-6.7946673292376347e-01,3.1784154817336686e-02,-4.8252270910849293e-01,-2.2133249036066741e-02,5.6955067098448031e-01,-5.4444558489234643e-02,-1.3551783209196494e-01,-6.3198462711318640e-02,-1.0623480658580271e-01,-3.0060455786221824e-02,8.1279035271907485e-01,-5.6401700413532419e-03,5.9957942328954050e-01,-5.8067530361162467e-02,-2.1813089595577420e-01,-6.0272868761438544e-02,7.3182499484637675e-01,-1.8700826899232727e-02,-3.3150086331237050e-01,2.4056699511384096e-02,6.3107789001502546e-01,-6.8956789232754334e-02,-3.2990943936227524e-01,-5.3749828907055347e-02,4.0724049643746450e-02,-2.6328327180619154e-03,1.0358462047194966e-03,1.4986640509894518e-03,2.1255183442023937e-01,2.7857611292226692e-01,1.0099636530711229e+00,-1.3024275283930672e-01,5.8069390686432833e-05,5.8082446310202937e-05,7.7076034719131899e-05,7.0334638844019509e-05,9.9755104215615031e-01,-7.2205428315982962e-03,9.9754668513481237e-01,-7.2221347239900613e-03,9.9857012580785154e-01,-9.5938111025818465e-03,9.9490561067698158e-01,-8.7225232740771926e-03
1.2977166248729000e+02,-6.9117043412994972e-01,1.8520671471842998e-02,-4.8191220786395561e-01,2.7030056693256449e-02,5.2440593189203588e-01,1.8753153341156764e-02,-7.1744001168309007e-02,1.5402303078296420e-01,-1.2151035185027925e-01,4.6558996388421606e-02,8.0959985696784909e-01,4.3501716551761771e-03,5.3355598840802643e-01,1.5493972165740000e-02,-9.6169087100147085e-02,1.6002889391137770e-01,7.0117476852354055e-01,-1.9632579858169463e-02,-3.3317633793003115e-01,-2.3166303201797939e-02,5.4471914355882112e-01,1.3181892192600186e-02,-1.2925374921778746e-01,1.6682685540020659e-01,1.1381353288368001e-01,4.7849229858373463e-03,1.6339477879308098e-03,-3.6507540561252784e-03,3.5413817774850775e-01,-1.3197774553463021e-01,9.4431666338704701e-01,5.2150224878508289e-04,-6.8036422515389461e-01,3.3178991611943515e-02,-4.8183147598335219e-01,-2.3839926950579831e-02,5.6932107553190592e-01,-5.6206745133873755e-02,-1.3875301484137809e-01,-6.4108606098961352e-02,-1.0553049493214704e-01,-3.1860673958558905e-02,8.1311209713494281e-01,-5.7765085937375778e-03,5.9924946697013992e-01,-6.1143760280374181e-02,-2.2179155300739622e-01,-6.0771703006778553e-02,7.3138370355972604e-01,-1.7548149945227746e-02,-3.3248457723246916e-01,2.5820149134885194e-02,6.3039367123513357e-01,-7.3615268169257786e-02,-3.3405526335246022e-01,-5.3619414821710516e-02,4.0760160161080181e-02,-2.7488353116341684e-03,9.9630587631453272e-04,1.6021173770405211e-03,2.2294374892838115e-01,2.8532903321589742e-01,1.0104174022708021e+00,-1.3707366763298093e-01,5.7840175623650722e-05,5.7853109163459437e-05,7.6988376828004065e-05,6.9571253022955698e-05,9.9753929642032246e-01,-7.4876862893713519e-03,9.9753489198874301e-01,-7.4893275928794830e-03,9.9853586327487598e-01,-9.9766135470902954e-03,9.9485777976164091e-01,-8.9821953146759451e-03
1.3510762767190218e+02,-6.9221457222222305e-01,1.6867537985176595e-02,-4.8100034492028132e-01,2.8691065651260575e-02,5.2322856824149000e-01,1.8649581719916514e-02,-7.5605935929663193e-02,1.5796307035479579e-01,-1.2087930436568731e-01,4.8020154810019929e-02,8.0965954775406201e-01,4.6543150209526762e-03,5.3244323603981902e-01,1.5723516511342822e-02,-1.0016949199482011e-01,1.6413165084608328e-01,7.0018793785931677e-01,-2.0956076774404364e-02,-3.3407165038650832e-01,-2.4969852282872497e-02,5.4363546629321335e-01,1.3789881048269503e-02,-1.3341809130580787e-01,1.7110620198779097e-01,1.1363203267328187e-01,4.7102384965005892e-03,1.4904173315860064e-03,-3.9575954723381828e-03,3.5812779129332262e-01,-1.3474358602099515e-01,9.4089346720579803e-01,-2.2100544050224213e-04,-6.8129400836112819e-01,3.4578765356930566e-02,-4.8111021977339935e-01,-2.5580003441207935e-02,5.6899709059461556e-01,-5.8119436891683959e-02,-1.4215154166611582e-01,-6.4852458723775222e-02,-1.0477084854439142e-01,-3.3691541735209218e-02,8.1345691821844268e-01,-5.9023667426325735e-03,5.9873309402419250e-01,-6.4366633952497032e-02,-2.2561659008006213e-01,-6.1058660683717951e-02,7.3095109602212494e-01,-1.6366152965895626e-02,-3.3351706756796007e-01,2.7601910130450286e-02,6.2940738511196903e-01,-7.8408966391137730e-02,-3.3836051362921726e-01,-5.3217436326516654e-02,4.0796099113006308e-02,-2.8678077536866613e-03,9.5499408622418732e-04,1.7076179598452090e-03,2.3402728295485134e-01,2.9173594242303064e-01,1.0105810331179250e+00,-1.4425018669237052e-01,5.7624914156985627e-05,5.7637729148000425e-05,7.6904460664207376e-05,6.8833751335128563e-05,9.9752788134309234e-01,-7.7664755273004179e-03,9.9752343219192119e-01,-7.7681681072571673e-03,9.9850004541555060e-01,-1.0375167511071755e-02,9.9481118922967371e-01,-9.2519758228713934e-03
1.4066299764724951e+02,-6.9325955515619775e-01,1.5195732773725990e-02,-4.8003950097687198e-01,3.0374727029614093e-02,5.2202192378694179e-01,1.8506131972117285e-02,-7.9699083377999663e-02,1.6182710446727075e-01,-1.2017242300660391e-01,4.9502192034543119e-02,8.0972044828060541e-01,4.9661762516551577e-03,5.3128074186447927e-01,1.5907630830406333e-02,-1.0441105042507462e-01,1.6815669301888769e-01,6.9919742326340284e-01,-2.2289760886900878e-02,-3.3500689653771754e-01,-2.6794605437767668e-02,5.4247831865370710e-01,1.4345106566261007e-02,-1.3783550643098405e-01,1.7530506992905642e-01,1.1345925764041866e-01,4.6397564273537723e-03,1.3410173078983725e-03,-4.2680503308753217e-03,3.6231887849562466e-01,-1.3738586813943360e-01,9.3730996115804643e-01,-1.1161758436923352e-03,-6.8226024518668194e-01,3.5981456389518662e-02,-4.8035448626277150e-01,-2.7354001414466318e-02,5.6855332649582102e-01,-6.0178338285500163e-02,-1.4570318913489383e-01,-6.5406224026675369e-02,-1.0395060924926393e-01,-3.5553463882680617e-02,8.1382583082691928e-01,-6.0160576296423834e-03,5.9800326131245940e-01,-6.7723641111196387e-02,-2.2959135340276676e-01,-6.1108063948309518e-02,7.3052485946058521e-01,-1.5154292032510291e-02,-3.3460358860922168e-01,2.9400780825509128e-02,6.2809016835427101e-01,-8.3314514862399061e-02,-3.4280451076350665e-01,-5.2516385454585354e-02,4.0831978968086095e-02,-2.9897683868637202e-03,9.1167478628798287e-04,1.8151961842754873e-03,2.4579796257364267e-01,2.9771119996872863e-01,1.0104046202654837e+00,-1.5175449705231076e-01,5.7422957139840679e-05,5.7435657366212505e-05,7.6824158187339294e-05,6.8121642545041581e-05,9.9751676638536757e-01,-8.0574027279535932e-03,9.9751227521168662e-01,-8.0591485746785985e-03,9.9846262215270232e-01,-1.0790123005049007e-02,9.9476586772045938e-01,-9.5323317215479462e-03
1.4644679392313063e+02,-6.9430885442710610e-01,1.3507063936059605e-02,-4.7902509239807339e-01,3.2079858764243643e-02,5.2078748032088118e-01,1.8319175239081803e-02,-8.4022822895606808e-02,1.6559162660509305e-01,-1.1938528178252357e-01,5.1005003852744736e-02,8.0978288276945920e-01,5.2859139461471638e-03,5.3007063558764134e-01,1.6041109068418075e-02,-1.0889341469180912e-01,1.7207953083955899e-01,6.9820004829579718e-01,-2.3631530606362861e-02,-3.3598654542104267e-01,-2.8639615186438663e-02,5.4125059524053043e-01,1.4840469394874989e-02,-1.4250599250303797e-01,1.7939776304405750e-01,1.1329491603961028e-01,4.5741976520872960e-03,1.1850275105265388e-03,-4.5820137306273679e-03,3.6670580744403758e-01,-1.3988215280687100e-01,9.3357066324370197e-01,-2.1769657678915033e-03,-6.8326697799682568e-01,3.7384688301232594e-02,-4.7955977400929473e-01,-2.9162114255536914e-02,5.6796348162191423e-01,-6.2374511347213800e-02,-1.4939348488908574e-01,-6.5746089549958031e-02,-1.0306451508511257e-01,-3.7446295934498934e-02,8.1421973621130905e-01,-6.1156863051825073e-03,5.9703274026134989e-01,-7.1196932936208476e-02,-2.3369633440521773e-01,-6.0894831859859631e-02,7.3010257210187135e-01,-1.3912021203221657e-02,-3.3574931906022359e-01,3.1215056525595291e-02,6.2641404504164433e-01,-8.8302303166730628e-02,-3.4736101183015322e-01,-5.1490234872611701e-02,4.0867906869641125e-02,-3.1147271353584660e-03,8.6611215049546531e-04,1.9248638064248557e-03,2.5823865082293396e-01,3.0316381657877928e-01,1.0098369533225275e+00,-1.5955912693717136e-01,5.7233646409161426e-05,5.7246235953058972e-05,7.6747358227286663e-05,6.7434448964707756e-05,9.9750591831469704e-01,-8.3609752109506802e-03,9.9750138780564279e-01,-8.3627764576551557e-03,9.9842355311954034e-01,-1.1222158777652751e-02,9.9472183330433084e-01,-9.8237533663965461e-03
1.5246840895675493e+02,-6.9536616268891838e-01,1.1803344592732523e-02,-4.7795228861829447e-01,3.3805054791095301e-02,5.1952736886467665e-01,1.8085156299210176e-02,-8.8573614109508023e-02,1.6923213789876634e-01,-1.1851328472322681e-01,5.2528137302064223e-02,8.0984720042296698e-01,5.6136929466709118e-03,5.2881586575807038e-01,1.6118870492532272e-02,-1.1361323386654940e-01,1.7587459784427556e-01,6.9719242158312777e-01,-2.4979260488989297e-02,-3.3701528165255196e-01,-3.0503751727410031e-02,5.3995622083799699e-01,1.5269052273841149e-02,-1.4742644716280415e-01,1.8335740397256114e-01,1.1313868592109080e-01,4.5142618363098186e-03,1.0216947324316781e-03,-4.8993567706301410e-03,3.7127982891376954e-01,-1.4220979755816945e-01,9.2968230826495224e-01,-3.4158591654521731e-03,-6.8431838511244603e-01,3.8785831513622790e-02,-4.7872124770133201e-01,-3.1004438268979868e-02,5.6720128734680664e-01,-6.4693901132326467e-02,-1.5320334244162689e-01,-6.5849360841465920e-02,-1.0210699550877314e-01,-3.9369623654042701e-02,8.1463947529404324e-01,-6.1991373509484261e-03,5.9579544754542213e-01,-7.4762928530722236e-02,-2.3790693113703659e-01,-6.0395805779741768e-02,7.2968153300648586e-01,-1.2638667451566259e-02,-3.3695968153781758e-01,3.3042728994189932e-02,6.2435373368937630e-01,-9.3336243500098642e-02,-3.5199816053072741e-01,-5.0115996785156776e-02,4.0903996213941252e-02,-3.2427029731370493e-03,8.1805521525115733e-04,2.0366269407856396e-03,2.7131712709794675e-01,3.0800049205137964e-01,1.0088279323292764e+00,-1.6762597149536707e-01,5.7056348166523143e-05,5.7068831355835298e-05,7.6673911289167502e-05,6.6771711547281790e-05,9.9749530168278189e-01,-8.6777204315299332e-03,9.9749073451304660e-01,-8.6795793592528980e-03,9.9838279863038848e-01,-1.1671975332736357e-02,9.9467909302535107e-01,-1.0126756583852247e-02
1.5873762140539807e+02,-6.9643530339232673e-01,1.0086403120066867e-02,-4.7681611451689893e-01,3.5548655278180852e-02,5.1824440631220203e-01,1.7800704189728456e-02,-9.3344698059239117e-02,1.7272354834366266e-01,-1.1755176533580670e-01,5.4070745487271935e-02,8.0991375760512585e-01,5.9496784415284387e-03,5.2752023316171948e-01,1.6136095526690208e-02,-1.1856383882303384e-01,1.7951566048731163e-01,6.9617100766342221e-01,-2.6330800258935361e-02,-3.3809790097919806e-01,-3.2385667674635008e-02,5.3860018165687995e-01,1.5624287657523245e-02,-1.5259033378329273e-01,1.8715635430184749e-01,1.1299021866713921e-01,4.4606212566483464e-03,8.5024913366236999e-04,-5.2199207319697941e-03,3.7602889381260607e-01,-1.4434644870955507e-01,9.2565398864483339e-01,-4.8445166332000689e-03,-6.8541868533748052e-01,4.0181981396331140e-02,-4.7783382091041199e-01,-3.2880930408558509e-02,5.6624159368277149e-01,-6.7117000335863305e-02,-1.5710897680895725e-01,-6.5695462703352442e-02,-1.0107227366568645e-01,-4.1322708162647166e-02,8.1508579185432029e-01,-6.2640773777941153e-03,5.9426772934411920e-01,-7.8392140119400877e-02,-2.4219349402517129e-01,-5.9590902589138219e-02,7.2925879964434570e-01,-1.1333450786332661e-02,-3.3824022990365393e-01,3.4881447442785526e-02,6.2188818612313557e-01,-9.8373832889489005e-02,-3.5667872456102112e-01,-4.8375058587052495e-02,4.0940361345246722e-02,-3.3737232705678098e-03,7.6724308005508282e-04,2.1504840194220055e-03,2.8498461161343969e-01,3.1212845466903399e-01,1.0073307955614514e+00,-1.7590577383199069e-01,5.6890447184333006e-05,5.6902828539042216e-05,7.6603629804468300e-05,6.6132991766120153e-05,9.9748487953672804e-01,-9.0081859653975433e-03,9.9748027836142494e-01,-9.0101050071355118e-03,9.9834032037282572e-01,-1.2140294855636297e-02,9.9463764220649264e-01,-1.0441884463759958e-02
1.6526461200621813e+02,-6.9752005464453504e-01,8.3583481499654999e-03,-4.7561164897013530e-01,3.7308317670381591e-02,5.1694211322575989e-01,1.7462708319123221e-02,-9.8326065080714564e-02,1.7604057365381437e-01,-1.1649614389659077e-01,5.5631071884933977e-02,8.0998290807737350e-01,6.2939527909197379e-03,5.2618837489265391e-01,1.6088333109865460e-02,-1.2373519667714530e-01,1.8297622788100731e-01,6.9513231421774357e-01,-2.7683803501477366e-02,-3.3923914250453263e-01,-3.4283365398786653e-02,5.3718847264570613e-01,1.5900102414016432e-02,-1.5798762235175948e-01,1.9076664082102018e-01,1.1284916491159946e-01,4.4138889629883188e-03,6.6992786566842980e-04,-5.5434487171015798e-03,3.8093771305849383e-01,-1.4627048720429897e-01,9.2149720325527107e-01,-6.4735471961620550e-03,-6.8657191282941532e-01,4.1569675758296648e-02,-4.7689227382023774e-01,-3.4790958662690691e-02,5.6506156651236361e-01,-6.9618783694950087e-02,-1.6108213618060271e-01,-6.5266891154041218e-02,-9.9954514851256032e-02,-4.3303948676669125e-02,8.1555920988956554e-01,-6.3079201389151865e-03,5.9242963996090581e-01,-8.2049333514490647e-02,-2.4652171391028346e-01,-5.8464176508452620e-02,7.2883121490491176e-01,-9.9957124730477818e-03,-3.3959642578998517e-01,3.6728072248123723e-02,6.1900197299050563e-01,-1.0336662676559150e-01,-3.6136070753723032e-01,-4.6254367289429027e-02,4.0977106171051499e-02,-3.5078098038856427e-03,7.1341188116996388e-04,2.2664004757951385e-03,2.9917527168674612e-01,3.1545850040033613e-01,1.0053043413202494e+00,-1.8433825760918993e-01,5.6735322973325714e-05,5.6747607312555996e-05,7.6536320297207079e-05,6.5517871427270651e-05,9.9747461176083985e-01,-9.3529363284132506e-03,9.9746997920057323e-01,-9.3549180989490020e-03,9.9829608467474140e-01,-1.2627866341858635e-02,9.9459746403431615e-01,-1.0769708986658643e-02
1.7205998010901936e+02,-6.9862437775523678e-01,6.6210787033441076e-03,-4.7433372339796004e-01,3.9081828184021811e-02,5.1562468577412279e-01,1.7068558387368607e-02,-1.0350391752538954e-01,1.7915851399066346e-01,-1.1534166688609485e-01,5.7207446058733930e-02,8.1005501237342814e-01,6.6466795602823092e-03,5.2482577837425215e-01,1.5971741158518016e-02,-1.2911335740979646e-01,1.8623035182023762e-01,6.9407262889841570e-01,-2.9036029187443857e-02,-3.4044392358663367e-01,-3.6195014996076871e-02,5.3572815761889392e-01,1.6091167682128732e-02,-1.6360421270958830e-01,1.9416077719721830e-01,1.1271515007469389e-01,4.3746868452658877e-03,4.7994420228678275e-04,-5.8697162337579016e-03,3.8598749892121359e-01,-1.4796188599290430e-01,9.1722588885449652e-01,-8.3117938955691861e-03,-6.8778222165161873e-01,4.2945403394237663e-02,-4.7589105594435366e-01,-3.6734123429513543e-02,5.6364212052997864e-01,-7.2169000096764011e-02,-1.6509043291132477e-01,-6.4550593303726381e-02,-9.8747595491597576e-02,-4.5311877121773377e-02,8.1606018914114953e-01,-6.3279007994881918e-03,5.9026669991091929e-01,-8.5694060880707135e-02,-2.5085322205244531e-01,-5.7005321981390300e-02,7.2839535551065770e-01,-8.6245101106998002e-03,-3.4103395899261874e-01,3.8579496003213830e-02,6.1568741535558036e-01,-1.0826114151056060e-01,-3.6599831238139496e-01,-4.3748056802325283e-02,4.1014343826766775e-02,-3.6450039101309319e-03,6.5628480232238163e-04,2.3843572130513098e-03,3.1380550169422367e-01,3.1790960430421727e-01,1.0027161810215837e+00,-1.9285269178149864e-01,5.6590406661693894e-05,5.6602598820748309e-05,7.6471722233621128e-05,6.4925956384487168e-05,9.9746445901494563e-01,-9.7125627684642134e-03,9.9745979765964066e-01,-9.7146100319619195e-03,9.9825005723645654e-01,-1.3135455781223533e-02,9.9455852967434466e-01,-1.1110833430369317e-02
1.7913476088881166e+02,-6.9975217823864644e-01,4.8771207500225011e-03,-4.7297721195050685e-01,4.0865742673758726e-02,5.1429694755895328e-01,1.6616140046163394e-02,-1.0886118787432959e-01,1.8205367549773344e-01,-1.1408359355512092e-01,5.8796661015463367e-02,8.1013046537226363e-01,7.0078543582682284e-03,5.2343865165795878e-01,1.5783133976260230e-02,-1.3468096705636956e-01,1.8925307092916288e-01,6.9298836147236909e-01,-3.0384779716241483e-02,-3.4171716060071289e-01,-3.8117607304461273e-02,5.3422714734452281e-01,1.6193004027182073e-02,-1.6942244868363826e-01,1.9731223856129182e-01,1.1258782605868523e-01,4.3435615867798913e-03,2.7950526180241480e-04,-6.1983179523541496e-03,3.9115654076853773e-01,-1.4940256533472168e-01,9.1285621354052604e-01,-1.0366342914642890e-02,-6.8905346758862895e-01,4.4304702701734873e-02,-4.7482435149183222e-01,-3.8708884378405736e-02,5.6196910692948421e-01,-7.4732818974227344e-02,-1.6909832040144690e-01,-6.3538647074818794e-02,-9.7445220607682306e-02,-4.7343504183978598e-02,8.1658881612326573e-01,-6.3209210367337135e-03,5.8777091122956882e-01,-8.9281690876005015e-02,-2.5514676987802531e-01,-5.5210330436553039e-02,7.2794744295310265e-01,-7.2192894426444040e-03,-3.4255840581244418e-01,4.0431239934519934e-02,6.1194537610708410e-01,-1.1300037266578634e-01,-3.7054339512502876e-01,-4.0858045198288243e-02,4.1052167838718942e-02,-3.7853289139971572e-03,5.9557533730158075e-04,2.5042713762346530e-03,3.2877595453484521e-01,3.1941202465108415e-01,9.9954456472212838e-01,-2.0136971147230578e-01,5.6455111242586588e-05,5.6467216372861197e-05,7.6409590513308777e-05,6.4356871474119233e-05,9.9745437538713788e-01,-1.0087672671596753e-02,9.9744968778870435e-01,-1.0089788404623282e-02,9.9820220754697553e-01,-1.3663859559749143e-02,9.9452079839689456e-01,-1.1465893490537005e-02
1.8650044326611896e+02,-7.0090733903806823e-01,3.1288521031434535e-03,-4.7153702847192464e-01,4.2656660003854818e-02,5.1296424830465226e-01,1.6104094507902192e-02,-1.1437713412251910e-01,1.8470434132792912e-01,-1.1271731616396469e-01,6.0395492078557260e-02,8.1020962821194409e-01,7.3775307166014104e-03,5.2203387107551935e-01,1.5520244466519575e-02,-1.4041685208544638e-01,1.9202140939856421e-01,6.9187586724724914e-01,-3.1727436154920630e-02,-3.4306367002133548e-01,-4.0048198160772680e-02,5.3269419838735554e-01,1.6202255947152133e-02,-1.7542068262332663e-01,2.0019649004686194e-01,1.1246682210813508e-01,4.3210625165710712e-03,6.7837427287429242e-05,-6.5288639151717155e-03,3.9642014871961950e-01,-1.5057735938288230e-01,9.0840640703546849e-01,-1.2641701045807086e-02,-6.9038936092926828e-01,4.5643025632285304e-02,-4.7368624369415435e-01,-4.0713780090308217e-02,5.6003465501277006e-01,-7.7271898622141469e-02,-1.7306803999091303e-01,-6.2229497505826507e-02,-9.6041113547384399e-02,-4.9395813327354342e-02,8.1714499551815889e-01,-6.2837520829116256e-03,5.8494233183841216e-01,-9.2764834498152718e-02,-2.5935951318515466e-01,-5.3082726118840996e-02,7.2748350945964668e-01,-5.7793269062146281e-03,-3.4417524574374153e-01,4.2278757473685910e-02,6.0778706070727551e-01,-1.1752572971128593e-01,-3.7494718376388569e-01,-3.7595225476982103e-02,4.1090671278866918e-02,-3.9288280747335558e-03,5.3099843515285719e-04,2.6260685829570165e-03,3.4397281010790848e-01,3.1991230745194194e-01,9.9578147747351908e-01,-2.0980345251491084e-01,5.6328889835475649e-05,5.6340913126034115e-05,7.6349615898400514e-05,6.3810262147475874e-05,9.9744431697038116e-01,-1.0478900041158295e-02,9.9743960563378864e-01,-1.0481087399666375e-02,9.9815250184256543e-01,-1.4213890906698196e-02,9.9448421847809154e-01,-1.1835559576659769e-02
1.9416898856413573e+02,-7.0209377726222844e-01,1.3790837495540886e-03,-4.7000803695800147e-01,4.4450305674582719e-02,5.1163234087534737e-01,1.5531864927730538e-02,-1.2002788644959025e-01,1.8709136001921889e-01,-1.1123818275045357e-01,6.1999643809022863e-02,8.1029289993189280e-01,7.7556751784133571e-03,5.2061880100769387e-01,1.5181795692295941e-02,-1.4629657123407541e-01,1.9451499853538429e-01,6.9073151508922459e-01,-3.3061024523496463e-02,-3.4448833315940902e-01,-4.1983023228878938e-02,5.3113866512575714e-01,1.6116793880993852e-02,-1.8157383704700164e-01,2.0279164796971952e-01,1.1235178339825685e-01,4.3077152681932560e-03,-1.5584618871876789e-04,-6.8608405019779939e-03,4.0175134047753364e-01,-1.5147446599040759e-01,9.0389636449125343e-01,-1.5139667888889652e-02,-6.9179337729109514e-01,4.6955092609053999e-02,-4.7247046798960174e-01,-4.2746530529351276e-02,5.5783802512510161e-01,-7.9745839471342242e-02,-1.7696108918809028e-01,-6.0628346060748593e-02,-9.4528772926380913e-02,-5.1464682400548321e-02,8.1772826052189551e-01,-6.2128914295448354e-03,5.8178969014164561e-01,-9.6095185720042803e-02,-2.6344872884137227e-01,-5.0633805055029596e-02,7.2699916866557435e-01,-4.3041574269844958e-03,-3.4588991612515252e-01,4.4116476942529265e-02,6.0323429120816729e-01,-1.2177937170781349e-01,-3.7916230589554173e-01,-3.3979469338207405e-02,4.1129938131885112e-02,-4.0755451943790180e-03,4.6225688080338756e-04,2.7496316136325760e-03,3.5927163361905839e-01,3.1937627047370210e-01,9.9143393805564939e-01,-2.1806479597038012e-01,5.6211212998679080e-05,5.6223159768864236e-05,7.6291465735044082e-05,6.3285790247498327e-05,9.9743423547089893e-01,-1.0886902709634213e-02,9.9742950285440501e-01,-1.0889165058787878e-02,9.9810090352868552e-01,-1.4786386172784265e-02,9.9444872808898055e-01,-1.2220538187993088e-02
2.0215284993303081e+02,-7.0331530432473754e-01,-3.6946815196392535e-04,-4.6838516660755319e-01,4.6242310645790347e-02,5.1030724617512446e-01,1.4899734736156064e-02,-1.2578692124545704e-01,1.8919864903024763e-01,-1.0964162955234651e-01,6.3604626752820068e-02,8.1038065122168956e-01,8.1422887631321661e-03,5.1920112816900044e-01,1.4767557384667090e-02,-1.5229289776214441e-01,1.9671660090722476e-01,6.8955172087671468e-01,-3.4382611583585132e-02,-3.4599591065710988e-01,-4.3918262329439947e-02,5.2957029476129114e-01,1.5935792508294605e-02,-1.8785389469993186e-01,2.0507902877724682e-01,1.1224235561297913e-01,4.3040194853758568e-03,-3.9231303749959331e-04,-7.1937334091149857e-03,4.0712146184552744e-01,-1.5208579450827586e-01,8.9934727969335504e-01,-1.7859187479994099e-02,-6.9326872857494315e-01,4.8235458081664351e-02,-4.7117063584172925e-01,-4.4804759045699444e-02,5.5538607314081800e-01,-8.2113797489266754e-02,-1.8073970431964889e-01,-5.8747254760851186e-02,-9.2901694983961045e-02,-5.3545764042624858e-02,8.1833787785878043e-01,-6.1047136793896117e-03,5.7833061615674242e-01,-9.9225485047601994e-02,-2.6737351080630956e-01,-4.7882527188623403e-02,7.2648981995121487e-01,-2.7932392681881304e-03,-3.4770769401291168e-01,4.5938610777363026e-02,5.9831938906809068e-01,-1.2570660685803253e-01,-3.8314473609022370e-01,-3.0039211967859469e-02,4.1170038658884474e-02,-4.2255311457805051e-03,3.8905290603272788e-04,2.8748442153162827e-03,3.7454160965105882e-01,3.1779116972945987e-01,9.8652464850821020e-01,-2.2606482255510274e-01,5.6101581824704908e-05,5.6113457320820457e-05,7.6234801541119260e-05,6.2783127076441680e-05,9.9742408291059692e-01,-1.1312365936697467e-02,9.9741933143386974e-01,-1.1314706825571546e-02,9.9804737343643324e-01,-1.5382208091668815e-02,9.9441425640513048e-01,-1.2621572700144809e-02
2.1046499257294212e+02,-7.0457549728798363e-01,-2.1131961958690271e-03,-4.6666377808890641e-01,4.8026800712350187e-02,5.0899506134616446e-01,1.4208920623383803e-02,-1.3162557424191920e-01,1.9101395504845187e-01,-1.0792357508343789e-01,6.5204180167858242e-02,8.1047327019773530e-01,8.5371655345972131e-03,5.1778864138916703e-01,1.4278445182574456e-02,-1.5837634188935173e-01,1.9861291578384987e-01,6.8833319296951812e-01,-3.5688597833533120e-02,-3.4759082034850552e-01,-4.5848621861816014e-02,5.2799896999220908e-01,1.5659841307138309e-02,-1.9423043473807888e-01,2.0704400844997867e-01,1.1213821520352477e-01,4.3104506850578581e-03,-6.4228236349513860e-04,-7.5267980535202476e-03,4.1250089931901796e-01,-1.5240750660602184e-01,8.9478101361632290e-01,-2.0796048999408789e-02,-6.9481790105247732e-01,4.9477574636624451e-02,-4.6978033182290851e-01,-4.6884511333913220e-02,5.5269339045107457e-01,-8.4336432004105885e-02,-1.8436850763339174e-01,-5.6605031663969220e-02,-9.1153636622502934e-02,-5.5632774251981501e-02,8.1897245357509640e-01,-5.9553758726435188e-03,5.7459147334380045e-01,-1.0211178474672772e-01,-2.7109662919355954e-01,-4.4855143193252747e-02,7.2595046157180365e-01,-1.2467708972050090e-03,-3.4963324657477068e-01,4.7737694653553264e-02,5.9308455952163353e-01,-1.2925855590066399e-01,-3.8685590111261797e-01,-2.5810706190822943e-02,4.1211025585400400e-02,-4.3788365814058624e-03,3.1109758308114292e-04,3.0015066025701701e-03,3.8965059844559036e-01,3.1516759736529204e-01,9.8109210990939499e-01,-2.3371883249175676e-01,5.5999491949756231e-05,5.6011301593024442e-05,7.6179257261910942e-05,6.2301948643152868e-05,9.9741380580473260e-01,-1.1755996286505607e-02,9.9740903781905899e-01,-1.1758419509817562e-02,9.9799186386545924e-01,-1.6002241431150699e-02,9.9438072534146604e-01,-1.3039444417171853e-02
2.1911891478850168e+02,-7.0587817689141796e-01,-3.8485763485968105e-03,-4.6483881186429959e-01,4.9797765392215310e-02,5.0770178983941139e-01,1.3461530583425571e-02,-1.3751377465724285e-01,1.9252908182286932e-01,-1.0607949240082631e-01,6.6791843908592594e-02,8.1057120497715074e-01,8.9401745011299383e-03,5.1638903555297311e-01,1.3716476466927571e-02,-1.6451591514746786e-01,2.0019481976136880e-01,6.8707243349529723e-01,-3.6975342612272200e-02,-3.4927784277465579e-01,-4.7768763193332231e-02,5.2643447675668353e-01,1.5290897126681566e-02,-2.0067142865727727e-01,2.0867627566291719e-01,1.1203904096088023e-01,4.3274932618758630e-03,-9.0653224011128875e-04,-7.8592936875479490e-03,4.1785987591981988e-01,-1.5244000874266248e-01,8.9021962710297520e-01,-2.3943004251887834e-02,-6.9644338110668069e-01,5.0674651580084898e-02,-4.6829249786052063e-01,-4.8981714016868225e-02,5.4978172077911747e-01,-8.6377634848117682e-02,-1.8781590274570384e-01,-5.4226454627801450e-02,-8.9277794494403678e-02,-5.7719180241471338e-02,8.1963030237937529e-01,-5.7608565536268405e-03,5.7060639393188939e-01,-1.0471534977572761e-01,-2.7458600496159929e-01,-4.1584088603160471e-02,7.2537555474208959e-01,3.3513878238797994e-04,-3.5167153152222813e-01,4.9505976791218098e-02,5.8758039060359468e-01,-1.3239423506398856e-01,-3.9026420838879183e-01,-2.1336471647744271e-02,4.1252943226933618e-02,-4.5355270741622190e-03,2.2807242557531241e-04,3.1294209403387465e-03,4.0447027832113069e-01,3.1153893164160212e-01,9.7518915097266035e-01,-2.4094987480702426e-01,5.5904489654831193e-05,5.5916238855114931e-05,7.6124462762281638e-05,6.1841927816494227e-05,9.9740334870543390e-01,-1.2218533985374475e-02,9.9739856653827097e-01,-1.2221043562309830e-02,9.9793431836541324e-01,-1.6647397438907596e-02,9.9434805071835819e-01,-1.3474972817614502e-02
2.2812866990908461e+02,-7.0722614686490060e-01,-5.5717984811367027e-03,-4.6290668006314928e-01,5.1548688748337845e-02,5.0643319905374118e-01,1.2660496040883942e-02,-1.4342083284936324e-01,1.9374006193615595e-01,-1.0410648747710491e-01,6.8360494470458319e-02,8.1067470662388252e-01,9.3510582206415283e-03,5.1500971283396679e-01,1.3084706262944612e-02,-1.7067992777408963e-01,2.0145755973612223e-01,6.8576675075060189e-01,-3.8239099386446068e-02,-3.5106031350344702e-01,-4.9672770131136426e-02,5.2488623821913694e-01,1.4832221759185665e-02,-2.0714405126774030e-01,2.0997005471738911e-01,1.1194453130649157e-01,4.3555788238526585e-03,-1.1856125729572549e-03,-8.1903910080153661e-03,4.2316924136113260e-01,-1.5218787131888420e-01,8.8568484512086776e-01,-2.7289929563067694e-02,-6.9814624118659097e-01,5.1819691779835329e-02,-4.6670122936614872e-01,-5.1091430019361381e-02,5.4667905166784980e-01,-8.8206077586637330e-02,-1.9105529060415560e-01,-5.1641177155824010e-02,-8.7268969550942002e-02,-5.9797512484404916e-02,8.2030907887298465e-01,-5.5173780828376220e-03,5.6641586265304089e-01,-1.0700430854953254e-01,-2.7781590693373109e-01,-3.8106570237661161e-02,7.2475987105134043e-01,1.9517861164179114e-03,-3.5382579438760997e-01,5.1235121525290049e-02,5.8186377138554657e-01,-1.3508228688588875e-01,-3.9334618055840942e-01,-1.6663463136067300e-02,4.1295804720971413e-02,-4.6956774447095943e-03,1.3973386016294609e-04,3.2583542093860833e-03,4.1888107935904351e-01,3.0695970034167475e-01,9.6888066970766351e-01,-2.4769190593162002e-01,5.5816120716240486e-05,5.5827814750682522e-05,7.6070059292213969e-05,6.1402727445530699e-05,9.9739265798959431e-01,-1.2700743844280188e-02,9.9738786387918987e-01,-1.2703344003894628e-02,9.9787467158159315e-01,-1.7318617556862481e-02,9.9431614365600018e-01,-1.3929015703492387e-02
2.3750888911037561e+02,-7.0862274145351578e-01,-7.2781592429024267e-03,-4.6086313387368655e-01,5.3271433428150772e-02,5.0519461924571174e-01,1.1809537788707386e-02,-1.4931619856888231e-01,1.9464733665525741e-01,-1.0200091791885049e-01,6.9901182317456123e-02,8.1078425118446340e-01,9.7694433540174708e-03,5.1365757184146021e-01,1.2387160156576357e-02,-1.7683679421435400e-01,2.0240096074951835e-01,6.8441321385745280e-01,-3.9475284277324857e-02,-3.5294231444776425e-01,-5.1553272095496525e-02,5.2336308617136051e-01,1.4288278977950541e-02,-2.1361554233849889e-01,2.1092434059147797e-01,1.1185442885102562e-01,4.3951703288866717e-03,-1.4802016445755414e-03,-8.5190396190577347e-03,4.2840125794792788e-01,-1.5165973744292885e-01,8.8119741896459158e-01,-3.0823982631007663e-02,-6.9992742946408970e-01,5.2904429652012426e-02,-4.6499945405035631e-01,-5.3207102136590106e-02,5.4341823524992894e-01,-8.9796615341224462e-02,-1.9406598645968082e-01,-4.8882463663736130e-02,-8.5120964802468405e-02,-6.1858309834215162e-02,8.2100575664632358e-01,-5.2208116272164096e-03,5.6206495299987458e-01,-1.0895498607200130e-01,-2.8076783482612411e-01,-3.4462982110770604e-02,7.2409710287155349e-01,3.6017751921381663e-03,-3.5609969172344674e-01,5.2914961610415402e-02,5.7599560127071225e-01,-1.3730219111230629e-01,-3.9608724296673942e-01,-1.1841065297305414e-02,4.1339614470988793e-02,-4.8593700962314794e-03,4.5781409402584344e-05,3.3879913408819259e-03,4.3277667516455709e-01,3.0150311712335570e-01,9.6224079506810301e-01,-2.5389241809664143e-01,5.5733962999388975e-05,5.5745607269416348e-05,7.6015686992450337e-05,6.0983993093076932e-05,9.9738166999798850e-01,-1.3203423192695690e-02,9.9737686614734689e-01,-1.3206118445462217e-02,9.9781284355384225e-01,-1.8016871216312270e-02,9.9428491190721791e-01,-1.4402468937110845e-02
2.4727480517431579e+02,-7.1007050837488273e-01,-8.9632053393647881e-03,-4.5870501933857344e-01,5.4958123972007306e-02,5.0399083259263999e-01,1.0912985164296438e-02,-1.5517029087187542e-01,1.9525547860934611e-01,-9.9760379798654097e-02,7.1405170883507812e-02,8.1090013232064173e-01,1.0194977272200256e-02,5.1233885848083416e-01,1.1628658109841220e-02,-1.8295588231078402e-01,2.0302913659566829e-01,6.8300945156707493e-01,-4.0679568680548922e-02,-3.5492679263185684e-01,-5.3403110420147698e-02,5.2187306460792782e-01,1.3664556629494173e-02,-2.2005407516976452e-01,2.1154260074987438e-01,1.1176847005881367e-01,4.4467001839053055e-03,-1.7907980168670409e-03,-8.8442295221763823e-03,4.3353028556652945e-01,-1.5086779525118726e-01,8.7677670970639998e-01,-3.4530089928217433e-02,-7.0178678341504486e-01,5.3920961336827944e-02,-4.6318102728709265e-01,-5.5322031125280072e-02,5.4003533545961724e-01,-9.1130951781160180e-02,-1.9683365702903835e-01,-4.5985618212709967e-02,-8.2828888164774517e-02,-6.3892070730742004e-02,8.2171681563555121e-01,-4.8674144930865582e-03,5.5760122374100840e-01,-1.1055246257945886e-01,-2.8343074893163650e-01,-3.0695046925572789e-02,7.2338121273969025e-01,5.2834577962909603e-03,-3.5849552589210210e-01,5.4535551301208809e-02,5.7003811459846443e-01,-1.3904461233937465e-01,-3.9848164334191744e-01,-6.9188902603663782e-03,4.1384347070967650e-02,-5.0267149283813187e-03,-5.4026344597763804e-05,3.5180275272735915e-03,4.4606724263849656e-01,2.9525691105682506e-01,9.5534924737461235e-01,-2.5951380480748332e-01,5.5657616165383818e-05,5.5669215905318477e-05,7.5961011580966695e-05,6.0585344888038068e-05,9.9737032409102511e-01,-1.3727401409605027e-02,9.9736551264426920e-01,-1.3730196495716914e-02,9.9774874015516490e-01,-1.8743162687720794e-02,9.9425426097421432e-01,-1.4896265561673293e-02
2.5744227722601380e+02,-7.1157172734660934e-01,-1.0621734174744268e-02,-4.5642969232873681e-01,5.6599606699873961e-02,5.0282598297650971e-01,9.9756859428461325e-03,-1.6095507980856033e-01,1.9557293126976039e-01,-9.7383014335547288e-02,7.2862273818074891e-02,8.1102268988768311e-01,1.0627158313730789e-02,5.1105905360337689e-01,1.0814678729618901e-02,-1.8900812788410548e-01,2.0335024499850635e-01,6.8155345646853083e-01,-4.1847015771739798e-02,-3.5701628302728833e-01,-5.5213910919859790e-02,5.2042329018196998e-01,1.2967377893954676e-02,-2.2642941295300031e-01,2.1183254609763191e-01,1.1168643994214644e-01,4.5106049387389005e-03,-2.1178431895415555e-03,-9.1647646000290878e-03,4.3853325768959489e-01,-1.4982733740727230e-01,8.7244031271855382e-01,-3.8391280237484060e-02,-7.0372316205205721e-01,5.4860625380131124e-02,-4.6123987382427706e-01,-5.7427912969477503e-02,5.3656799260280930e-01,-9.2198041694411634e-02,-1.9935033977436570e-01,-4.2986556610164858e-02,-8.0388307932128977e-02,-6.5887522197196929e-02,8.2243791843698832e-01,-4.4535564968725613e-03,5.5307275303568126e-01,-1.1179067748160201e-01,-2.8580089675081233e-01,-2.6844202757115410e-02,7.2260573488882485e-01,6.9942252970542663e-03,-3.6101473241850546e-01,5.6085564592000176e-02,5.6405250513925198e-01,-1.4031109055514024e-01,-4.0053199647814081e-01,-1.9449409689719643e-03,4.1429957796085347e-02,-5.1978372417137621e-03,-1.5991876860819759e-04,3.6480849582177528e-03,4.5868142987766292e-01,2.8831922894424866e-01,9.4828793682564783e-01,-2.6453383554758980e-01,5.5586696942622496e-05,5.5598257339666698e-05,7.5905717011357784e-05,6.0206374927543438e-05,9.9735855307410670e-01,-1.4273540128926513e-02,9.9735373611903644e-01,-1.4276440059202738e-02,9.9768225170822511e-01,-1.9498530725112345e-02,9.9422409425934233e-01,-1.5411375814478287e-02
2.6802781648779057e+02,-7.1312813626667826e-01,-1.2248228026917440e-02,-4.5403537903671054e-01,5.8186126990231873e-02,5.0170350572279354e-01,9.0028198408570043e-03,-1.6664474401251361e-01,1.9561150848537906e-01,-9.4867918754236655e-02,7.4261592561425921e-02,8.1115221516720304e-01,1.1065403505750859e-02,5.0982278541272774e-01,9.9511545134131490e-03,-1.9496672107135526e-01,2.0337597204925600e-01,6.8004373441134236e-01,-4.2972463478296058e-02,-3.5921250827538714e-01,-5.6976712117954922e-02,5.1901984224055076e-01,1.2203669934776284e-02,-2.3271362732486076e-01,2.1180559917074676e-01,1.1160815056092527e-01,4.5873124318374786e-03,-2.4616561390231923e-03,-9.4793621751390195e-03,4.4339012998762645e-01,-1.4855608371420670e-01,8.6820375724047250e-01,-4.2389272694120073e-02,-7.0573426745361190e-01,5.5714612241096743e-02,-4.5917049990476233e-01,-5.9515379181840022e-02,5.3305371565310145e-01,-9.2993894614834482e-02,-2.0161411491226239e-01,-3.9920367471651716e-02,-7.7795793967588123e-02,-6.7832344976000061e-02,8.2316401491678448e-01,-3.9759917264060099e-03,5.4852616155775580e-01,-1.1267193290529291e-01,-2.8788121424712176e-01,-2.2950014131794261e-02,7.2176413752512514e-01,8.7306727471076154e-03,-3.6365750315407347e-01,5.7553053475188229e-02,5.5809662765735357e-01,-1.4111310886412778e-01,-4.0224830745742579e-01,3.0361351087190430e-03,4.1476375184116655e-02,-5.3728904770491649e-03,-2.7208695627053964e-04,3.7777473122215131e-03,4.7056727097628032e-01,2.8079388326947541e-01,9.4113743023654139e-01,-2.6894515756476217e-01,5.5520843394053052e-05,5.5532369549139888e-05,7.5849523461818296e-05,5.9846642362595742e-05,9.9734628706010353e-01,-1.4842735823875170e-02,9.9734146662475343e-01,-1.4845745884695293e-02,9.9761325195900530e-01,-2.0284054631258173e-02,9.9419431377539547e-01,-1.5948806287969977e-02
2.7904861309218421e+02,-7.1474093885917933e-01,-1.3836824991209917e-02,-4.5152119928159062e-01,5.9707302968759507e-02,5.0062610039911581e-01,7.9997651649648671e-03,-1.7221605684921026e-01,1.9538589620238855e-01,-9.2215171491490264e-02,7.5591503668763396e-02,8.1128896537678863e-01,1.1509045298416232e-02,5.0863379590012192e-01,9.0443068119261949e-03,-2.0080751695065327e-01,2.0312102387807363e-01,6.7847931920699955e-01,-4.4050496712569276e-02,-3.6151637035918205e-01,-5.8681942978994400e-02,5.1766772117092907e-01,1.1380759191302617e-02,-2.3888153788782310e-01,2.1147637373371375e-01,1.1153344697579555e-01,4.6772498577272101e-03,-2.8224331330542252e-03,-9.7866494487120082e-03,4.4808408163115826e-01,-1.4707358058364270e-01,8.6408033133070516e-01,-4.6504917369467602e-02,-7.0781660574934591e-01,5.6474026960017937e-02,-4.5696805097763782e-01,-6.1573911951682381e-02,5.2952846023148914e-01,-9.3521050285228086e-02,-2.0362846449489297e-01,-3.6820196922645806e-02,-7.5048989194565499e-02,-6.9713136810061582e-02,8.2388933440505940e-01,-3.4319575233143287e-03,5.4400504824741458e-01,-1.1320601864179251e-01,-2.8968043459471143e-01,-1.9049004043942983e-02,7.2084984648710837e-01,1.0488486644808804e-02,-3.6642272331356635e-01,5.8925466221451235e-02,5.5222328210899418e-01,-1.4147074167410997e-01,-4.0364674144420287e-01,7.9842484439150568e-03,4.1523505070843694e-02,-5.5520611782692072e-03,-3.9068254420672075e-04,3.9065577002655319e-03,4.8169177627362414e-01,2.7278621349979354e-01,9.3397411564398258e-01,-2.7275401251412529e-01,5.5459714639842629e-05,5.5471211550377860e-05,7.5792183988273397e-05,5.9505672656599922e-05,9.9733345199022316e-01,-1.5435921419495310e-02,9.9732863004341343e-01,-1.5439047182565654e-02,9.9754159710054824e-01,-2.1100855633488475e-02,9.9416481999936490e-01,-1.6509599804269390e-02
2.9052256399745221e+02,-7.1641070049573663e-01,-1.5381349775246245e-02,-4.4888734711243605e-01,6.1152198449547779e-02,4.9959573532624746e-01,6.9719530772292052e-03,-1.7764868665313385e-01,1.9491306014906840e-01,-8.9426027926748849e-02,7.6839743499485136e-02,8.1143314940493716e-01,1.1957325544842246e-02,5.0749494151164942e-01,8.1004718431380920e-03,-2.0650935577484975e-01,2.0260251689452038e-01,6.7685986809890131e-01,-4.5075492365169417e-02,-3.6392778497516837e-01,-6.0319481480217305e-02,5.1637084474816608e-01,1.0506160965070677e-02,-2.4491105583167558e-01,2.1086204473828768e-01,1.1146220941832644e-01,4.7808429421833491e-03,-3.2002220286388066e-03,-1.0085172072835605e-02,4.5260160214101819e-01,-1.4540055304346605e-01,8.6008100588964220e-01,-5.0718688540498713e-02,-7.0996536600800453e-01,5.7130064949750987e-02,-4.5462855886375414e-01,-6.3591830160140986e-02,5.2602545241401988e-01,-9.3787733301591528e-02,-2.0540143022559695e-01,-3.3716357972842288e-02,-7.2146880366845564e-02,-7.1515477851791215e-02,8.2460740105639219e-01,-2.8193362342343875e-03,5.3954875184663964e-01,-1.1340901494766528e-01,-2.9121199857034191e-01,-1.5173773254724313e-02,7.1985639572197535e-01,1.2262341094959458e-02,-3.6930775677723388e-01,6.0189791820617934e-02,5.4647893215519106e-01,-1.4141098556940598e-01,-4.0474820829173785e-01,1.2864699505504229e-02,4.1571230940390884e-02,-5.7355757717967529e-03,-5.1580650491174420e-04,4.0340207310076339e-03,4.9203961831914000e-01,2.6439930779419968e-01,9.2686787941365656e-01,-2.7597836409718884e-01,5.5402988764840080e-05,5.5414461310187324e-05,7.5733486679919348e-05,5.9182955719429944e-05,9.9731996957111124e-01,-1.6054067494559204e-02,9.9731514802054877e-01,-1.6057314827158931e-02,9.9746712538245819e-01,-2.1950099830436224e-02,9.9413551178503112e-01,-1.7094834756576100e-02
3.0246830205090794e+02,-7.1813725552238061e-01,-1.6875322661936393e-02,-4.4613525794859765e-01,6.2509365743599221e-02,4.9861368660037769e-01,5.9247391537479224e-03,-1.8292533733547381e-01,1.9421162962050376e-01,-8.6503095085199128e-02,7.7993463097330656e-02,8.1158492196817500e-01,1.2409384676509261e-02,5.0640823297264670e-01,7.1259445533259219e-03,-2.1205421703614857e-01,2.0183934215666410e-01,6.7518575821234350e-01,-4.6041645528038397e-02,-3.6644553471273361e-01,-6.1878686212874900e-02,5.1513209004947846e-01,9.5873879188368219e-03,-2.5078335422670889e-01,2.0998169031803626e-01,1.1139435946998014e-01,4.8985133633758712e-03,-3.5949000486343958e-03,-1.0373398220480950e-02,4.5693242429439285e-01,-1.4355829100084597e-01,8.5621447494206726e-01,-5.5011132959286668e-02,-7.1217431780642448e-01,5.7674176329986337e-02,-4.5214918394773990e-01,-6.5556255510793915e-02,5.2257435268779417e-01,-9.3806818740739414e-02,-2.0694465263611855e-01,-3.0635737710008097e-02,-6.9090052954685774e-02,-7.3223976770997123e-02,8.2531106417503830e-01,-2.1368167356103709e-03,5.3519153827878319e-01,-1.1330192593215563e-01,-2.9249287696882403e-01,-1.1352479039275873e-02,7.1877758454787333e-01,1.4045780249211956e-02,-3.7230825000258322e-01,6.1332687467916494e-02,5.4090296147395267e-01,-1.4096595765857847e-01,-4.0557690880928055e-01,1.7648574341678006e-02,4.1619415893761919e-02,-5.9237047432469398e-03,-6.4749924488793735e-04,4.1596030800521043e-03,5.0161106181592485e-01,2.5573094772425425e-01,9.1988049682886375e-01,-2.7864565866009883e-01,5.5350359780831406e-05,5.5361812717790168e-05,7.5673256564999815e-05,5.8877947542332830e-05,9.9730575641501429e-01,-1.6698183159301612e-02,9.9730093710396095e-01,-1.6701558237308865e-02,9.9738965714683425e-01,-2.2833001416481889e-02,9.9410628526577272e-01,-1.7705625168959290e-02
3.1490522624728618e+02,-7.1991968927842198e-01,-1.8312118745589800e-02,-4.4326764917733796e-01,6.3767107929669775e-02,4.9768057777328450e-01,4.8632988414535130e-03,-1.8803179095313954e-01,1.9330135962981654e-01,-8.3450384361756905e-02,7.9039522914931451e-02,8.1174437165554825e-01,1.2864289717665733e-02,5.0537488553158050e-01,6.1268518801428640e-03,-2.1742727482848043e-01,2.0085160522798329e-01,6.7345808706591259e-01,-4.6943105683706909e-02,-3.6906722269045378e-01,-6.3348644062601919e-02,5.1395335669563769e-01,8.6317950204359561e-03,-2.5648293767941444e-01,2.0885570489293628e-01,1.1132985434782640e-01,5.0306847192897117e-03,-4.0061661328809148e-03,-1.0649757677159064e-02,4.6106938669983960e-01,-1.4156813729033380e-01,8.5248721141173067e-01,-5.9363241039262493e-02,-7.1443586778808654e-01,5.8098362758056840e-02,-4.4952839141429418e-01,-6.7453337898172705e-02,5.1920071850731164e-01,-9.3594757160025119e-02,-2.0827243449782445e-01,-2.7601492406980940e-02,-6.5880831762390776e-02,-7.4822599790874522e-02,8.2599263278189439e-01,-1.3840432960694135e-03,5.3096216183678357e-01,-1.1290932859799449e-01,-2.9354246602350320e-01,-7.6086300503939164e-03,7.1760765120220771e-01,1.5831261937543670e-02,-3.7541809747505051e-01,6.2340831018413118e-02,5.3552739292679064e-01,-1.4017119023051211e-01,-4.0615902092034117e-01,2.2312792595433853e-02,4.1667908203351110e-02,-6.1167743086402073e-03,-7.8573494179032407e-04,4.2827482669596049e-03,5.1041960917637219e-01,2.4687141024405584e-01,9.1306470451554433e-01,-2.8079055845890644e-01,5.5301543823010100e-05,5.5312981764856188e-05,7.5611355458175160e-05,5.8590075028731383e-05,9.9729072441733346e-01,-1.7369319744970042e-02,9.9728590912432047e-01,-1.7372829061091194e-02,9.9730899412529539e-01,-2.3750825607956553e-02,9.9407703411015103e-01,-1.8343121679602989e-02
3.2785353323127407e+02,-7.2175624425080909e-01,-1.9684951936953771e-02,-4.4028869516616026e-01,6.4913493638096231e-02,4.9679645926528349e-01,3.7925454220061536e-03,-1.9295679787947789e-01,1.9220258564406287e-01,-8.0273489449257773e-02,7.9964518557379627e-02,8.1191152028073854e-01,1.3321014883004634e-02,5.0439540605568389e-01,5.1090485562271318e-03,-2.2261679037858950e-01,1.9966006172344908e-01,6.7167877952040778e-01,-4.7773987642415874e-02,-3.7178912490445593e-01,-6.4718172376139096e-02,5.1283566520169943e-01,7.6464475544284621e-03,-2.6199753869643422e-01,2.0750521264784449e-01,1.1126869768179093e-01,5.1777773849733845e-03,-4.4335189295466749e-03,-1.0912640718735319e-02,4.6500816113766635e-01,-1.3945102741021806e-01,8.4890365607059715e-01,-6.3756754692468609e-02,-7.1674099165866079e-01,5.8395333276548445e-02,-4.4676622067080357e-01,-6.9268222314892464e-02,5.1592580759272400e-01,-9.3170492188932474e-02,-2.0940081565983429e-01,-2.4632982565797601e-02,-6.2523541568008115e-02,-7.6294715744713124e-02,8.2664394889960247e-01,-5.6176949006038479e-04,5.2688380551360647e-01,-1.1225805208073000e-01,-2.9438153312906506e-01,-3.9611618667687865e-03,7.1634147115639679e-01,1.7610041721297483e-02,-3.7862926219406778e-01,6.3201043442792731e-02,5.3037703813526793e-01,-1.3906401327849663e-01,-4.0652149528469622e-01,2.6839827686770082e-02,4.1716546756622730e-02,-6.3151677296372118e-03,-9.3041173774371445e-04,4.4028761576657034e-03,5.1848932018441019e-01,2.3790202022510806e-01,9.0646390814944233e-01,-2.8245265726735974e-01,5.5256272181277734e-05,5.5267699597662365e-05,7.5547678684906872e-05,5.8318739245847479e-05,9.9727477905304396e-01,-1.8068570736609862e-02,9.9726996948869928e-01,-1.8072221114637174e-02,9.9722491982041972e-01,-2.4704890817641861e-02,9.9404764772229748e-01,-1.9008512111128251e-02
3.4133425009536967e+02,-7.2364420561767373e-01,-2.0987004184395738e-02,-4.3720421548623689e-01,6.5936599022254294e-02,4.9596088611109895e-01,2.7170553186671859e-03,-1.9769193521248013e-01,1.9093572867822045e-01,-7.6979785042169013e-02,8.0755047310954883e-02,8.1208629990561532e-01,1.3778444718972105e-02,5.0346968183358920e-01,4.0780268192526156e-03,-2.2761397041441450e-01,1.9828559971107135e-01,6.6985068269818016e-01,-4.8528512631572554e-02,-3.7460601350376377e-01,-6.5976031135388261e-02,5.1177926063178070e-01,6.6380106679532827e-03,-2.6731797568976040e-01,2.0595152371401032e-01,1.1121093893944495e-01,5.3402032502113117e-03,-4.8762283262180975e-03,-1.1160429961537786e-02,4.6874696463308424e-01,-1.3722709127123855e-01,8.4546641615032492e-01,-6.8174457096483454e-02,-7.1907923594792178e-01,5.8558822536234609e-02,-4.4386462572309154e-01,-7.0985260899236097e-02,5.1276659203021124e-01,-9.2554452996266273e-02,-2.1034676459684740e-01,-2.1745871122811393e-02,-5.9024804916798096e-02,-7.7623419742861091e-02,8.2725655662196107e-01,3.2796793464524854e-04,5.2297425735482295e-01,-1.1137599196824789e-01,-2.9503131697530488e-01,-4.2467540513473068e-04,7.1497485221552670e-01,1.9372191776732155e-02,-3.8193162484283411e-01,6.3900656271180217e-02,5.2546990834993479e-01,-1.3768215145287332e-01,-4.0669105465841715e-01,3.1217268468113596e-02,4.1765165448655571e-02,-6.5193325258298069e-03,-1.0813383388277613e-03,4.5193951560049172e-03,5.2585225380532596e-01,2.2889430631515079e-01,9.0011232245825312e-01,-2.8367441863563320e-01,5.5214287441688700e-05,5.5225708650966854e-05,7.5482153669751830e-05,5.8063315020709018e-05,9.9725781993637630e-01,-1.8797072400168202e-02,9.9725301773652131e-01,-1.8800871007097174e-02,9.9713719965200764e-01,-2.5696571476817389e-02,9.9401801037223370e-01,-1.9703020851346228e-02
3.5536926852632291e+02,-7.2558021122343475e-01,-2.2211850572369810e-02,-4.3402115967051313e-01,6.6825129137627143e-02,4.9517294256440580e-01,1.6410469372400704e-03,-2.0223143880486200e-01,1.8952107300139101e-01,-7.3577903810200934e-02,8.1398397948596254e-02,8.1226855808699683e-01,1.4235493525754594e-02,5.0259703302341874e-01,3.0388871637116940e-03,-2.3241281093669133e-01,1.9674899471557344e-01,6.6797721730654491e-01,-4.9201302066886311e-02,-3.7751159180445293e-01,-6.7111545953903035e-02,5.1078369692715397e-01,5.6127105285627352e-03,-2.7243800808637914e-01,2.0421585896813110e-01,1.1115664617994198e-01,5.5183966657532182e-03,-5.3334024106368449e-03,-1.1391602741634706e-02,4.7228632686723654e-01,-1.3491548971903097e-01,8.4217631398069359e-01,-7.2600256913874839e-02,-7.2143932565624291e-01,5.8583983698197492e-02,-4.4082719224570954e-01,-7.2588788819617320e-02,5.0973590007866365e-01,-9.1767792728996059e-02,-2.1112760549872484e-01,-1.8952422021974447e-02,-5.5393063180567352e-02,-7.8792388534942123e-02,8.2782208933117707e-01,1.2818899963351130e-03,5.1924625348911879e-01,-1.1029125878917155e-01,-2.9551293338297929e-01,2.9901565499920596e-03,7.1350457690625391e-01,2.1107079881884670e-02,-3.8531361647469342e-01,6.4428183594468558e-02,5.2081782161432555e-01,-1.3606277277747744e-01,-4.0669358272757478e-01,3.5437264102722771e-02,4.1813611625769180e-02,-6.7298020458126332e-03,-1.2382551312375310e-03,4.6317454770759018e-03,5.3254644400020335e-01,2.1991002972510193e-01,8.9403553823262039e-01,-2.8449964130548727e-01,5.5175372274030117e-05,5.5186791392113073e-05,7.5414737210696643e-05,5.7823171282819171e-05,9.9723974153230743e-01,-1.9556015782061405e-02,9.9723494827149095e-01,-1.9559970125116958e-02,9.9704557811646255e-01,-2.6727300472559966e-02,9.9398800405874588e-01,-2.0427915384206338e-02
3.6998138035561561e+02,-7.2755909945529218e-01,-2.3351603080847314e-02,-4.3074980911264205e-01,6.7565835888580145e-02,4.9443154710063481e-01,5.6838696776006364e-04,-2.0657145749145564e-01,1.8797803213971773e-01,-7.0079944280005343e-02,8.1879783381723192e-02,8.1245816978899543e-01,1.4690583718513506e-02,5.0177648059020885e-01,1.9963039650733733e-03,-2.3700929425898454e-01,1.9507021563662980e-01,6.6606389211946215e-01,-4.9786080232023841e-02,-3.8049674944459966e-01,-6.8112035766917572e-02,5.0984807477267835e-01,4.5762529392142995e-03,-2.7735348691172795e-01,2.0231871396597045e-01,1.1110609703620096e-01,5.7127005539244248e-03,-5.8037297111401560e-03,-1.1604302238603426e-02,4.7562824088605599e-01,-1.3253405409997854e-01,8.3903331917311608e-01,-7.7019272805434746e-02,-7.2380717230648628e-01,5.8466273124840026e-02,-4.3766089936404451e-01,-7.4060089591971121e-02,5.0684322293596107e-01,-9.0831532328633335e-02,-2.1176011474835660e-01,-1.6261885277858462e-02,-5.1640862598106088e-02,-7.9782779462893916e-02,8.2833139275906520e-01,2.2949389977241011e-03,5.1570840411852725e-01,-1.0903112926047712e-01,-2.9584644011807815e-01,6.2759035465748264e-03,7.1192895221081587e-01,2.2801219411201952e-02,-3.8875974137799668e-01,6.4771083926627421e-02,5.1642754666789814e-01,-1.3424123335473362e-01,-4.0655320682201307e-01,3.9495451109683416e-02,4.1861752348577731e-02,-6.9471056006618209e-03,-1.4007498394998886e-03,4.7392275423668835e-03,5.3861241688716888e-01,2.1100150667712930e-01,8.8825170458463054e-01,-2.8497139287593182e-01,5.5139230801208090e-05,5.5150652002328076e-05,7.5345394315494852e-05,5.7597646121815384e-05,9.9722041323373412e-01,-2.0346606489904440e-02,9.9721563036383909e-01,-2.0350724524094498e-02,9.9694978973886472e-01,-2.7798565198199111e-02,9.9395748895151148e-01,-2.1184497219375358e-02
3.8519431457170947e+02,-7.2957659047884293e-01,-2.4403376198891727e-02,-4.2739820709559029e-01,6.8152963433711494e-02,4.9373491590807483e-01,-4.9765218055450311e-04,-2.1071138920873569e-01,1.8632566382193338e-01,-6.6495895428530294e-02,8.2192445013075918e-02,8.1265448003297958e-01,1.5143200158285686e-02,5.0100635246821323e-01,9.5437788665875961e-04,-2.4140284285407695e-01,1.9326871866932385e-01,6.6411430108586278e-01,-5.0280603783554922e-02,-3.8355376212671588e-01,-6.8971975525516677e-02,5.0897078508837490e-01,3.5337772741665038e-03,-2.8206387857702830e-01,2.0027986826941213e-01,1.1105916576276875e-01,5.9236311302546547e-03,-6.2860786235205517e-03,-1.1797842347688896e-02,4.7877736058488884e-01,-1.3009919462074720e-01,8.3603486474797650e-01,-8.1418517542578506e-02,-7.2617209723055032e-01,5.8206454921873735e-02,-4.3437262295104151e-01,-7.5388268785779075e-02,5.0409370455180813e-01,-8.9766110472632443e-02,-2.1226105892372582e-01,-1.3680524691083905e-02,-4.7779412676709015e-02,-8.0584776485789544e-02,8.2877827222254696e-01,3.3613080391869041e-03,5.1236445881847781e-01,-1.0762186375370211e-01,-2.9605132504095139e-01,9.4287370557041839e-03,7.1024789135526989e-01,2.4445399055498491e-02,-3.9225745365939602e-01,6.4924689363811891e-02,5.1230030124431192e-01,-1.3225116768145490e-01,-4.0629262205034616e-01,4.3391761635710721e-02,4.1909447021751998e-02,-7.1720477211246981e-03,-1.5684336835839457e-03,4.8416018916191241e-03,5.4409520592107319e-01,2.0221092741094471e-01,8.8277093622124470e-01,-2.8513230325389460e-01,5.5105795693832941e-05,5.5117222465879392e-05,7.5274164917723925e-05,5.7386092626131702e-05,9.9719974924548027e-01,-2.1170179435161435e-02,9.9719497821868319e-01,-2.1174469307885628e-02,9.9684952804227267e-01,-2.8911934597176444e-02,9.9392635449108102e-01,-2.1974119045885879e-02
4.0103277585416777e+02,-7.3162550897638134e-01,-2.5358851527789689e-02,-4.2398046077474938e-01,6.8572935486458236e-02,4.9308156340976034e-01,-1.5539153211643134e-03,-2.1465088946675129e-01,1.8458160051907946e-01,-6.2841902045775180e-02,8.2321347994029015e-02,8.1285735220205246e-01,1.5591463333011257e-02,5.0028510443622243e-01,-8.3060024128521481e-05,-2.4559314429658069e-01,1.9136272911959135e-01,6.6213619831496562e-01,-5.0678562364250293e-02,-3.8667021885539216e-01,-6.9678237298095608e-02,5.0815017005282070e-01,2.4899775614869168e-03,-2.8656899155122673e-01,1.9811811277427518e-01,1.1101635702822825e-01,6.1514994786641634e-03,-6.7786481395784443e-03,-1.1970282743469982e-02,4.8173825943881260e-01,-1.2762608915393256e-01,8.3317897544189923e-01,-8.5785564828984640e-02,-7.2851768519710669e-01,5.7802428428218047e-02,-4.3097428197441062e-01,-7.6553067756178400e-02,5.0149093088510233e-01,-8.8591074723208055e-02,-2.1264551268710585e-01,-1.1212757965947770e-02,-4.3826577733369058e-02,-8.1179270678962162e-02,8.2915395982706164e-01,4.4730417116172413e-03,5.0921610148294283e-01,-1.0608793646162758e-01,-2.9614503713306728e-01,1.2446388405381897e-02,7.0846275314115570e-01,2.6023509315023272e-02,-3.9578700610787726e-01,6.4877885905746349e-02,5.0843475292255902e-01,-1.3012330039149766e-01,-4.0593209781640677e-01,4.7127314026863862e-02,4.1956663396138218e-02,-7.4052578508024850e-03,-1.7407034483375322e-03,4.9381335028572731e-03,5.4903723677612659e-01,1.9357391954967329e-01,8.7759903339306411e-01,-2.8502190100137986e-01,5.5074758873122187e-05,5.5086194970379570e-05,7.5201036592624398e-05,5.7187851542648670e-05,9.9717758387598254e-01,-2.2028027401384050e-02,9.9717282599561785e-01,-2.2032497813877387e-02,9.9674449269466669e-01,-3.0069017175512115e-02,9.9389443730560134e-01,-2.2798173886161972e-02
4.1752248469222599e+02,-7.3369902731230840e-01,-2.6214176014501309e-02,-4.2050938956472922e-01,6.8819092522377473e-02,4.9246954735955473e-01,-2.5978274842358359e-03,-2.1839208377339284e-01,1.8276256061811968e-01,-5.9132924519351940e-02,8.2258864731668713e-02,8.1306613529764882e-01,1.6034325645140013e-02,4.9961074339187511e-01,-1.1127562936921118e-03,-2.4958249748943331e-01,1.8936939959957005e-01,6.6013607094069859e-01,-5.0977428964612471e-02,-3.8983432607312379e-01,-7.0224195886950141e-02,5.0738411329139399e-01,1.4489566092439621e-03,-2.9087137058179979e-01,1.9585096731837739e-01,1.1097784587115342e-01,6.3967188958652700e-03,-7.2797006061632325e-03,-1.2120738912114869e-02,4.8451732477407966e-01,-1.2512828287284089e-01,8.3046191832408245e-01,-9.0109922946728316e-02,-7.3083050787166226e-01,5.7257240050083279e-02,-4.2747863501245859e-01,-7.7541493201515266e-02,4.9903528009394205e-01,-8.7324586930201106e-02,-2.1292788599449505e-01,-8.8608054052709759e-03,-3.9799830673287240e-02,-8.1555642016029606e-02,8.2945274336265529e-01,5.6212911205119204e-03,5.0626154014727887e-01,-1.0445195875896146e-01,-2.9614384280030309e-01,1.5329140700983013e-02,7.0657713480158324e-01,2.7523264542753483e-02,-3.9933082964528527e-01,6.4627086247187049e-02,5.0482575116148465e-01,-1.2788577290065778e-01,-4.0548996152653849e-01,5.0706136781519043e-02,4.2003373654358155e-02,-7.6475916538526530e-03,-1.9169407622456592e-03,5.0285038239139910e-03,5.5348219417593592e-01,1.8511757213271038e-01,8.7273589881381208e-01,-2.8467756195946603e-01,5.5045975948610561e-05,5.5057424773738764e-05,7.5126056558349731e-05,5.7002265874415712e-05,9.9715378815418154e-01,-2.2921554335088398e-02,9.9714904465758014e-01,-2.2926214329525400e-02,9.9663434650119143e-01,-3.1271504406067643e-02,9.9386159143996800e-01,-2.3658102260462419e-02
4.3469021915296497e+02,-7.3578913319799266e-01,-2.6964719275600145e-02,-4.1700023113725393e-01,6.8883874498409881e-02,4.9189693069983603e-01,-3.6270883976848370e-03,-2.2193796587202311e-01,1.8088406297752357e-01,-5.5386423752443570e-02,8.1996488333548778e-02,8.1328027413091697e-01,1.6470431008223374e-02,4.9898121660136907e-01,-2.1318139227942262e-03,-2.5337414047160017e-01,1.8730471639950386e-01,6.5812190748955357e-01,-5.1174258420020463e-02,-3.9303231408979661e-01,-7.0602278443861771e-02,5.0667036742231808e-01,4.1436063769417081e-04,-2.9497460453267743e-01,1.9349482342143931e-01,1.1094401517668090e-01,6.6596547181405940e-03,-7.7872109186535787e-03,-1.2248158366539601e-02,4.8712138215647749e-01,-1.2261802793068510e-01,8.2787966101849231e-01,-9.4382127979371594e-02,-7.3309593152463493e-01,5.6574737896238736e-02,-4.2390135822172964e-01,-7.8339271097216528e-02,4.9672546732894485e-01,-8.5983471650819598e-02,-2.1312122830124716e-01,-6.6254827920616127e-03,-3.5719685503980275e-02,-8.1702539019022968e-02,8.2966926974327337e-01,6.7958656957081975e-03,5.0349710804595260e-01,-1.0273456340638909e-01,-2.9606232611695532e-01,1.8078593195629392e-02,7.0459651546038637e-01,2.8930784170507009e-02,-4.0286897611395128e-01,6.4168869781119520e-02,5.0146608237573320e-01,-1.2556391326037400e-01,-4.0498244999945709e-01,5.4133425558173492e-02,4.2049649047036342e-02,-7.8999101722630367e-03,-2.0964246707250271e-03,5.1123324617270757e-03,5.5747176862267622e-01,1.7686311880301903e-01,8.6817787287926684e-01,-2.8413356422681385e-01,5.5019259652141371e-05,5.5030724501056696e-05,7.5049265181878036e-05,5.6828691833188454e-05,9.9712820232724986e-01,-2.3852199084829565e-02,9.9712347434876547e-01,-2.3857058153505493e-02,9.9651873660646428e-01,-3.2521149576208434e-02,9.9382765037680698e-01,-2.4555396750361565e-02
4.5256385836690953e+02,-7.3788756349752271e-01,-2.7607827159618566e-02,-4.1346841830336595e-01,6.8762994575782860e-02,4.9136165409960475e-01,-4.6398070655884957e-03,-2.2529278962667881e-01,1.7896039230884858e-01,-5.1620077808029047e-02,8.1529253723811160e-02,8.1349900512862361e-01,1.6898693169698387e-02,4.9839432832195002e-01,-3.1377865802519264e-03,-2.5697265170805084e-01,1.8518335121748961e-01,6.5610163043513037e-01,-5.1267925667130107e-02,-3.9625006298574461e-01,-7.0807923146653490e-02,5.0600651379913453e-01,-6.1067365127035617e-04,-2.9888370592768404e-01,1.9106465780377452e-01,1.1091517949120999e-01,6.9406891683344600e-03,-8.2990910739107436e-03,-1.2351969777243468e-02,4.8955797031062909e-01,-1.2010609326199359e-01,8.2542748554092527e-01,-9.8594181449671220e-02,-7.3530079305081031e-01,5.5761622184010796e-02,-4.2025964411585071e-01,-7.8935708580037345e-02,4.9455844500592427e-01,-8.4582946493431413e-02,-2.1323743485312929e-01,-4.5062971943480024e-03,-3.1607388080814071e-02,-8.1612956394126093e-02,8.2980022935574160e-01,7.9858515961351295e-03,5.0091727049751400e-01,-1.0095425690906726e-01,-2.9591354517343504e-01,2.0697693464218112e-02,7.0252844292233341e-01,3.0233862945425315e-02,-4.0638206619171113e-01,6.3503830092492247e-02,4.9834657766422391e-01,-1.2318021563838723e-01,-4.0442376933215635e-01,5.7415711774709999e-02,4.2095616241051216e-02,-8.1631690702454671e-03,-2.2783964881672178e-03,5.1894350263077295e-03,5.6104605984875566e-01,1.6882583327877040e-01,8.6391789627303506e-01,-2.8342109071529947e-01,5.4994468120856459e-05,5.5005952023082248e-05,7.4970724801116622e-05,5.6666490677541481e-05,9.9710066881509929e-01,-2.4821473984181889e-02,9.9709595740809454e-01,-2.4826542018272651e-02,9.9639728322590626e-01,-3.3819782303304242e-02,9.9379244333328010e-01,-2.5491600248243148e-02
4.7117242780167385e+02,-7.3998542442354531e-01,-2.8141331358321166e-02,-4.0993061698648775e-01,6.8453205919832588e-02,4.9086166958453281e-01,-5.6343760157720538e-03,-2.2846147682948578e-01,1.7700462169474945e-01,-4.7852822336740215e-02,8.0853385315316481e-02,8.1372155587312534e-01,1.7317981786377279e-02,4.9784786198768177e-01,-4.1285730640991183e-03,-2.6038334205461033e-01,1.8301874868717696e-01,6.5408386315047562e-01,-5.1257911597355529e-02,-3.9947240169607795e-01,-7.0837465305959357e-02,5.0539007759521348e-01,-1.6234325247844947e-03,-3.0260450531400235e-01,1.8857419855058707e-01,1.1089175269326837e-01,7.2401821103045142e-03,-8.8130978497725776e-03,-1.2431732346129870e-02,4.9183487078782301e-01,-1.1760199892269561e-01,8.2310043223812279e-01,-1.0273915401213002e-01,-7.3743232460547881e-01,5.4826101498034061e-02,-4.1657272155055075e-01,-7.9321362652695265e-02,4.9253005069748845e-01,-8.3136735343132373e-02,-2.1328712627982732e-01,-2.5018663291040827e-03,-2.7485795806938624e-02,-8.1281655157605659e-02,8.2984364445628189e-01,9.1796251772940166e-03,4.9851533233661555e-01,-9.9127541293516239e-02,-2.9570902668059990e-01,2.3190179797704769e-02,7.0038241289344327e-01,3.1420562406366800e-02,-4.0985011194874188e-01,6.2634440875841704e-02,4.9545691132051362e-01,-1.2075450690229139e-01,-4.0382626933042798e-01,6.0560153785432738e-02,4.2141503193648178e-02,-8.4383492937894853e-03,-2.4620416359453744e-03,5.2596861454647535e-03,5.6424268069310535e-01,1.6101651399499109e-01,8.5994665403557358e-01,-2.8256816426319148e-01,5.4971452078660774e-05,5.4982957880212720e-05,7.4890498418131010e-05,5.6515040246053062e-05,9.9707101054798819e-01,-2.5830945288956523e-02,9.9706631667025603e-01,-2.5836232626409845e-02,9.9626958437407154e-01,-3.5169303198033644e-02,9.9375578381219365e-01,-2.6468311917904982e-02
4.9054614639717357e+02,-7.4207350631021030e-01,-2.8564124445629918e-02,-4.0640406405545915e-01,6.7953184710887488e-02,4.9039493485016744e-01,-6.6094685608470496e-03,-2.3144954507949600e-01,1.7502865499361608e-01,-4.4104152372922721e-02,7.9967233510604155e-02,8.1394709983899416e-01,1.7727245486326093e-02,4.9733958831221781e-01,-5.1024039721906042e-03,-2.6361217885699328e-01,1.8082314790885709e-01,6.5207749741783305e-01,-5.1144766233360645e-02,-4.0268363539064989e-01,-7.0688976618145882e-02,5.0481855082547655e-01,-2.6215999847872887e-03,-3.0614356510138568e-01,1.8603592115262840e-01,1.1087419412613754e-01,7.5584826759116826e-03,-9.3269094685468380e-03,-1.2487272361388238e-02,4.9396004985359482e-01,-1.1511407070554482e-01,8.2089330200301713e-01,-1.0681117294885478e-01,-7.3947893046239876e-01,5.3778106728110994e-02,-4.1286127053459515e-01,-7.9489209899672245e-02,4.9063521911367963e-01,-8.1657077719460444e-02,-2.1327974857487775e-01,-6.1012006283177322e-04,-2.3378544332556886e-02,-8.0706268968649464e-02,8.2979926514378222e-01,1.0365242534563373e-02,4.9628370710441100e-01,-9.7268992425212253e-02,-2.9545889605997527e-01,2.5560389216468624e-02,6.9816976813881260e-01,3.2480129662218145e-02,-4.1325344874549097e-01,6.1565752307151091e-02,4.9278593207719551e-01,-1.1830411351707910e-01,-4.0320061001762036e-01,6.3574356872076104e-02,4.2187636552554870e-02,-8.7264617067149882e-03,-2.6465181289996057e-03,5.3230738532741529e-03,5.6709675650956626e-01,1.5344210000309730e-01,8.5625308902383612e-01,-2.8159977692427224e-01,5.4950068843113353e-05,5.4961599212852993e-05,7.4808649949586738e-05,5.6373733737190334e-05,9.9703903594468257e-01,-2.6882241323472878e-02,9.9703436045565574e-01,-2.6887758767287977e-02,9.9613521224640489e-01,-3.6571686687911116e-02,9.9371747150255085e-01,-2.7487188516401466e-02
5.1071647563894692e+02,-7.4414259557361639e-01,-2.8876270911239128e-02,-4.0290602021961069e-01,6.7263662867604296e-02,4.8995941562864137e-01,-7.5640016186710388e-03,-2.3426296508285316e-01,1.7304333928225876e-01,-4.0393542653025812e-02,7.8871411253618878e-02,8.1417477724315923e-01,1.8125563170240888e-02,4.9686727793130436e-01,-6.0577991543654050e-03,-2.6666564622281530e-01,1.7860768909679492e-01,6.5009137012510543e-01,-5.0930156462939885e-02,-4.0586802918319953e-01,-7.0362413240704913e-02,5.0428941657895476e-01,-3.6032079716522628e-03,-3.0950804208070215e-01,1.8346114639345087e-01,1.1086299784133946e-01,7.8959477694184356e-03,-9.8382008239317163e-03,-1.2518709345610383e-02,4.9594157179047904e-01,-1.1264957476907692e-01,8.1880068471216538e-01,-1.1080528329897640e-01,-7.4143064677464721e-01,5.2629009410460711e-02,-4.0914676041195963e-01,-7.9435000617944299e-02,4.8886820732389719e-01,-8.0154826597044468e-02,-2.1322367539537948e-01,1.1714807506166339e-03,-1.9309279783984563e-02,-7.9887489853954025e-02,8.2966864190189860e-01,1.1530860454663564e-02,4.9421418758107999e-01,-9.5391420305657601e-02,-2.9517203173952622e-01,2.7813041391113166e-02,6.9590335683260884e-01,3.3403453011769321e-02,-4.1657342062759112e-01,6.0305306539268529e-02,4.9032198244490049e-01,-1.1584410757726284e-01,-4.0255598279090993e-01,6.6466166448751723e-02,4.2234449919875676e-02,-9.0285431851641861e-03,-2.8309884988492601e-03,5.3797112777778863e-03,5.6964096814764675e-01,1.4610642418905267e-01,8.5282492424488443e-01,-2.8053810254644068e-01,5.4930188556602086e-05,5.4941745986172684e-05,7.4725237919457559e-05,5.6241983557671152e-05,9.9700453750574913e-01,-2.7977058164397533e-02,9.9699988117128169e-01,-2.7982816998620746e-02,9.9599371009939708e-01,-3.8028980643712788e-02,9.9367729167501007e-01,-2.8549948156800911e-02
5.3171617064928171e+02,-7.4618290062435977e-01,-2.9079190151152099e-02,-3.9945460001900734e-01,6.6387963562368729e-02,4.8955321572566035e-01,-8.4972316310062829e-03,-2.3690799962590597e-01,1.7105795345515790e-01,-3.6741244490971804e-02,7.7569359502474108e-02,8.1440359489291858e-01,1.8512043332691408e-02,4.9642881272939787e-01,-6.9936655287092184e-03,-2.6955053305643256e-01,1.7638190757512781e-01,6.4813477691968224e-01,-5.0617227490108795e-02,-4.0900905533133969e-01,-6.9860002627522094e-02,5.0380024354739072e-01,-4.5667398595766046e-03,-3.1270542094895848e-01,1.8085955009682220e-01,1.1085870636757685e-01,8.2528411226986190e-03,-1.0344517165593758e-02,-1.2526505869342078e-02,4.9778732212786964e-01,-1.1021438190743021e-01,8.1681739280153332e-01,-1.1471790944291241e-01,-7.4327879601108193e-01,5.1391906432093487e-02,-4.0545223467149000e-01,-7.9157743399155239e-02,4.8722293761256347e-01,-7.8639215543148303e-02,-2.1312605535909743e-01,2.8459900857380482e-03,-1.5302445418101331e-02,-7.8829618090844031e-02,8.2945522834513519e-01,1.2664706827844582e-02,4.9229828819578125e-01,-9.3505609533462597e-02,-2.9485587163809168e-01,2.9953206369076051e-02,6.9359810277252010e-01,3.4183301580013550e-02,-4.1979177663000677e-01,5.8863632499983609e-02,4.8805326107451391e-01,-1.1338701031172278e-01,-4.0189988635632723e-01,6.9243531479434656e-02,4.2282463584121674e-02,-9.3455984204073375e-03,-3.0145737010123350e-03,5.4298457961091361e-03,5.7190480977726399e-01,1.3900996828248832e-01,8.4964899870413180e-01,-2.7940219107626729e-01,5.4911685405402847e-05,5.4923272195389955e-05,7.4640380146733703e-05,5.6119226081892630e-05,9.9696730016696256e-01,-2.9117158542202468e-02,9.9696266361990893e-01,-2.9123170539606398e-02,9.9584459724460950e-01,-3.9543343292437111e-02,9.9363501394962328e-01,-2.9658375077231083e-02
5.5357933337910868e+02,-7.4818612541283891e-01,-2.9175180163426715e-02,-3.9606553082154611e-01,6.5330547577365811e-02,4.8917434329465370e-01,-9.4084821199693566e-03,-2.3939116419986736e-01,1.6908144719482110e-01,-3.3164981799968941e-02,7.6065779967889532e-02,8.1463274548137043e-01,1.8886121102211217e-02,4.9602200887353237e-01,-7.9090114321740332e-03,-2.7227398891492161e-01,1.7415494400503828e-01,6.4621558847820293e-01,-5.0209604653061818e-02,-4.1209235014238305e-01,-6.9185213498123982e-02,5.0334856517684567e-01,-5.5108205526420359e-03,-3.1574366823247924e-01,1.7824031059316345e-01,1.1086185363525214e-01,8.6295955379547609e-03,-1.0843754685290752e-02,-1.2511332429356918e-02,4.9950532205218046e-01,-1.0781392586520669e-01,8.1493773846842699e-01,-1.1854566726461574e-01,-7.4501756904204708e-01,5.0079682449083798e-02,-4.0179857412364955e-01,-7.8658841950708491e-02,4.8569287725225530e-01,-7.7118614356315923e-02,-2.1299340303095088e-01,4.4164099704744539e-03,-1.1379423757794235e-02,-7.7538953727986595e-02,8.2916388792245788e-01,1.3756397338200374e-02,4.9052721388725834e-01,-9.1621268400625316e-02,-2.9451719580265978e-01,3.1985906463609999e-02,6.9126845766021472e-01,3.4814659922681852e-02,-4.2289361408890208e-01,5.7252128483318801e-02,4.8596784508018259e-01,-1.1094400703868690e-01,-4.0123910935668294e-01,7.1914351266154544e-02,4.2332310692057597e-02,-9.6786993984433120e-03,-3.1965420306303760e-03,5.4738263322830077e-03,5.7391626863350509e-01,1.3215205376816788e-01,8.4671181634678527e-01,-2.7820920256671461e-01,5.4894451016750368e-05,5.4906069311398098e-05,7.4554095925530653e-05,5.6004901705748867e-05,9.9692708214430215e-01,-3.0304381277478882e-02,9.9692246596603551e-01,-3.0310658736019833e-02,9.9568735489668259e-01,-4.1116965048044150e-02,9.9359040043220803e-01,-3.0814311829920258e-02
5.7634146798704728e+02,-7.5014347721521346e-01,-2.9167808963582946e-02,-3.9275521836029048e-01,6.4098382056122311e-02,4.8882099333301876e-01,-1.0297391645555015e-02,-2.4171901973998353e-01,1.6712120708816297e-01,-2.9683044874522717e-02,7.4368096326231467e-02,8.1486129192347301e-01,1.9247229930996701e-02,4.9564484433565886e-01,-8.8032017388020509e-03,-2.7484320861436740e-01,1.7193435076264399e-01,6.4434205098773034e-01,-4.9712346974048881e-02,-4.1510292440613700e-01,-6.8343682465198674e-02,5.0293205490306991e-01,-6.4344883109396581e-03,-3.1863080862452625e-01,1.7561099327803292e-01,1.1087304165622985e-01,9.0265236206743885e-03,-1.1333705384437988e-02,-1.2474184228532265e-02,5.0110322395555085e-01,-1.0545234268308229e-01,8.1315644657046204e-01,-1.2228649794562996e-01,-7.4664241755958105e-01,4.8706374261160743e-02,-3.9820770156382451e-01,-7.7942938433149922e-02,4.8427151755739301e-01,-7.5599915760319630e-02,-2.1283112001210647e-01,5.8860659425464951e-03,-7.5619362225398997e-03,-7.6025141390729828e-02,8.2880110158088671e-01,1.4796097511835981e-02,4.8889227692831411e-01,-8.9746292934956992e-02,-2.9416151561699228e-01,3.3916302514749377e-02,6.8893049224938463e-01,3.5294656629772748e-02,-4.2586466262222350e-01,5.5484697925221524e-02,4.8405408471135730e-01,-1.0852404126449422e-01,-4.0057900623505205e-01,7.4486400149456775e-02,4.2384713332705715e-02,-1.0028845744477786e-02,-3.3761366971834014e-03,5.5121219406425049e-03,5.7570015708071887e-01,1.2552944775282951e-01,8.4399963870094852e-01,-2.7697351436637546e-01,5.4878421816728552e-05,5.4890073605618546e-05,7.4466536496827773e-05,5.5898528563154073e-05,9.9688363047780393e-01,-3.1540661643403238e-02,9.9687903513688092e-01,-3.1547217403624581e-02,9.9552143344234967e-01,-4.2752193768725466e-02,9.9354319011504710e-01,-3.2019701933813177e-02
6.0003953849553216e+02,-7.5204641528808480e-01,-2.9061284201345006e-02,-3.8953987803556689e-01,6.2699794006478488e-02,4.8849135656720638e-01,-1.1163484977894357e-02,-2.4389786147782300e-01,1.6518462826711255e-01,-2.6313524314966481e-02,7.2485312227514184e-02,8.1508836548023333e-01,1.9594844245291620e-02,4.9529530664888333e-01,-9.6755144782411304e-03,-2.7726519077009798e-01,1.6972775062015122e-01,6.4252221043771851e-01,-4.9131156438542212e-02,-4.1802601119391181e-01,-6.7342265273313467e-02,5.0254841215211243e-01,-7.3367214315515281e-03,-3.2137477262003533e-01,1.7297931846476150e-01,1.1089301352735245e-01,9.4438908495386841e-03,-1.1812211675078146e-02,-1.2416228004295440e-02,5.0258848749188612e-01,-1.0313385960048865e-01,8.1146809000789555e-01,-1.2593778707469436e-01,-7.4815025376516819e-01,4.7286016463175040e-02,-3.9470133553993658e-01,-7.7016887113481869e-02,4.8295239769674025e-01,-7.4089595646290404e-02,-2.1264409226209222e-01,7.2579357427629970e-03,-3.8709884103688471e-03,-7.4299831454334983e-02,8.2837446758609889e-01,1.5775004016163073e-02,4.8738496476160392e-01,-8.7888067834587275e-02,-2.9379393644146656e-01,3.5749062187057881e-02,6.8660077554463839e-01,3.5622221896266466e-02,-4.2869191456876898e-01,5.3576326001845490e-02,4.8230067753875389e-01,-1.0613545620702515e-01,-3.9992469429705069e-01,7.6966769873550889e-02,4.2440578417353603e-02,-1.0396945141318821e-02,-3.5526494736267313e-03,5.5452633833789266e-03,5.7727978571694161e-01,1.1913951645598328e-01,8.4149922713804837e-01,-2.7570822549040269e-01,5.4863422641500187e-05,5.4875109805710503e-05,7.4377657031939566e-05,5.5799575973941676e-05,9.9683664674431971e-01,-3.2827944362182074e-02,9.9683207255706729e-01,-3.2834791852233126e-02,9.9534624116983772e-01,-4.4451356495902261e-02,9.9349307522582719e-01,-3.3276522986601567e-02
6.2471202881765078e+02,-7.5388826406961085e-01,-2.8861458882192423e-02,-3.8643191852060188e-01,6.1145241651522769e-02,4.8818385125213909e-01,-1.2006943405742779e-02,-2.4593436104183378e-01,1.6327664907306910e-01,-2.3070185177414160e-02,7.0428545917168600e-02,8.1531312696483860e-01,1.9928883358791893e-02,4.9497160121902811e-01,-1.0525925475959347e-02,-2.7954729348087209e-01,1.6754004704986819e-01,6.4076208816376368e-01,-4.8472920290186711e-02,-4.2085017687535653e-01,-6.6189986353098029e-02,5.0219554863969074e-01,-8.2172628511597082e-03,-3.2398379292346441e-01,1.7034992499039561e-01,1.1092228550182009e-01,9.8821513235144830e-03,-1.2277609187075099e-02,-1.2339004091092554e-02,5.0396821366288369e-01,-1.0086043179256921e-01,8.0986781529827989e-01,-1.2949979147143842e-01,-7.4954139338056935e-01,4.5832137820973673e-02,-3.9129727396761144e-01,-7.5891041037234652e-02,4.8172905508737707e-01,-7.2592056770379693e-02,-2.1243606659011482e-01,8.5355733860505989e-03,-3.2254192027768389e-04,-7.2377392271474494e-02,8.2789272048050955e-01,1.6686565534172883e-02,4.8599690103818161e-01,-8.6051480694402965e-02,-2.9341805814156657e-01,3.7489462251077937e-02,6.8429443528120615e-01,3.5799761666778049e-02,-4.3136714955324168e-01,5.1543035246018234e-02,4.8069668852637865e-01,-1.0378352174376666e-01,-3.9927927826611198e-01,7.9363173342591575e-02,4.2500683307442846e-02,-1.0784023637465412e-02,-3.7255495884682410e-03,5.5739362653951978e-03,5.7867493478910237e-01,1.1297509373503972e-01,8.3919686719694953e-01,-2.7442316407741291e-01,5.4849437193601603e-05,5.4861161424402913e-05,7.4287660746219622e-05,5.5707566384268208e-05,9.9678586372022004e-01,-3.4168343844287470e-02,9.9678131097371114e-01,-3.4175497056619347e-02,9.9516116416937628e-01,-4.6217017219882611e-02,9.9343979091597701e-01,-3.4586847853120460e-02
6.5039900525216967e+02,-7.5566172217941241e-01,-2.8574182446062281e-02,-3.8344540405233452e-01,5.9445990674836302e-02,4.8789681927084100e-01,-1.2827473375408981e-02,-2.4783452112577842e-01,1.6140330691088317e-01,-1.9968665831313639e-02,6.8210037055022571e-02,8.1553480170045711e-01,2.0249052875171869e-02,4.9467187621884406e-01,-1.1353950093345937e-02,-2.8169629148305120e-01,1.6537749587445838e-01,6.3906846687795160e-01,-4.7744813718160230e-02,-4.2356261870521955e-01,-6.4896427643359178e-02,5.0187134074653361e-01,-9.0753969996672235e-03,-3.2646567797308623e-01,1.6772915271094008e-01,1.1096171103242126e-01,1.0341520695416146e-02,-1.2728057355425594e-02,-1.2244086227556437e-02,5.0524930028182413e-01,-9.8635244405375855e-02,8.0835042436162485e-01,-1.3297063491764383e-01,-7.5081612223181393e-01,4.4358033927641795e-02,-3.8801464405443087e-01,-7.4576940960620272e-02,4.8059529529163519e-01,-7.1112199819644825e-02,-2.1221067005228580e-01,9.7217536526070028e-03,3.0660662226695188e-03,-7.0273312355720041e-02,8.2736510073977132e-01,1.7524866636818855e-02,4.8472008320561277e-01,-8.4242022992652946e-02,-2.9303772731276656e-01,3.9141730661606651e-02,6.8202755552641381e-01,3.5830546379562817e-02,-4.3388137736896282e-01,4.9401393770257304e-02,4.7923168052863041e-01,-1.0147430834247120e-01,-3.9864665549295736e-01,8.1681946797903526e-02,4.2566123546556742e-02,-1.1190843243055061e-02,-3.8942901202150492e-03,5.5988110411859960e-03,5.7990504363520223e-01,1.0703234693736358e-01,8.3708006443948524e-01,-2.7312816017195107e-01,5.4836289556525954e-05,5.4848052476065743e-05,7.4196482005171445e-05,5.5622025790105312e-05,9.9673092789330187e-01,-3.5563955892022492e-02,9.9672639669241558e-01,-3.5571429472436765e-02,9.9496552788446480e-01,-4.8051674171688437e-02,9.9338297133404052e-01,-3.5952814901671855e-02
6.7714218154824118e+02,-7.5736135794898563e-01,-2.8206325479280335e-02,-3.8059082083481310e-01,5.7614429142212154e-02,4.8762874902175024e-01,-1.3625290034311552e-02,-2.4960459117231468e-01,1.5956876634232409e-01,-1.7020621180634486e-02,6.5843050613853385e-02,8.1575271261266546e-01,2.0555416728133269e-02,4.9439442961251706e-01,-1.2159643731265470e-02,-2.8371924661378073e-01,1.6324426066372921e-01,6.3744618364817451e-01,-4.6954639874432991e-02,-4.2615371336817903e-01,-6.3472389353309511e-02,5.0157382163956077e-01,-9.9109988010767300e-03,-3.2882854915412230e-01,1.6512093451447579e-01,1.1101201555394388e-01,1.0822429413183598e-02,-1.3162195378914785e-02,-1.2133274257690500e-02,5.0643838564324195e-01,-9.6459736300306104e-02,8.0691103254083074e-01,-1.3635066976404298e-01,-7.5197737291011590e-01,4.2875780875246433e-02,-3.8486852711044750e-01,-7.3088318736138816e-02,4.7954496196196050e-01,-6.9653326293340839e-02,-2.1197066926444100e-01,1.0819586905585342e-02,6.2822507836468424e-03,-6.8004345900159621e-02,8.2680121631412462e-01,1.8286212274071331e-02,4.8354668274710028e-01,-8.2463276936027355e-02,-2.9265571483685282e-01,4.0710504935752193e-02,6.7981419833776158e-01,3.5720552173205827e-02,-4.3622975376716366e-01,4.7167815165819034e-02,4.7789559788230473e-01,-9.9211556748138280e-02,-3.9802933667547902e-01,8.3929924265426475e-02,4.2637932480367353e-02,-1.1618291928067006e-02,-4.0585025524335870e-03,5.6206528741563127e-03,5.8098695599303940e-01,1.0130413571767583e-01,8.3513616711678051e-01,-2.7183057280313844e-01,5.4823964809307689e-05,5.4835767951898409e-05,7.4104268431189027e-05,5.5542562109942547e-05,9.9667149994848359e-01,-3.7017059908485174e-02,9.9666699031067918e-01,-3.7024869175004194e-02,9.9475862168716733e-01,-4.9958055785441408e-02,9.9332228567544734e-01,-3.7376686545629603e-02
7.0498498664544456e+02,-7.5898229987100574e-01,-2.7765166306123940e-02,-3.7787772697140332e-01,5.5663798128982700e-02,4.8737820630030104e-01,-1.4400567544398529e-02,-2.5125041912307722e-01,1.5777692503701463e-01,-1.4236666122893343e-02,6.3341823967151559e-02,8.1596624651930771e-01,2.0848082875426388e-02,4.9413764445465336e-01,-1.2943040274414071e-02,-2.8562285081150651e-01,1.6114427878630963e-01,6.3589952774863900e-01,-4.6110578169667418e-02,-4.2861470247956851e-01,-6.1929447438190649e-02,5.0130112143342964e-01,-1.0723942741988880e-02,-3.3108021131180182e-01,1.6252903271428312e-01,1.1107402297810264e-01,1.1325250818780747e-02,-1.3578806873746588e-02,-1.2008471202866499e-02,5.0754173712389861e-01,-9.4335261159701533e-02,8.0554493113629100e-01,-1.3964006748928223e-01,-7.5302901436561875e-01,4.1396592111737504e-02,-3.8187256579884865e-01,-7.1440292215165610e-02,4.7857221968527980e-01,-6.8218364351394389e-02,-2.1171841500131180e-01,1.1831877408195843e-02,9.3150398180949882e-03,-6.5588143503086921e-02,8.2621076208039368e-01,1.8968289254709364e-02,4.8246930883864952e-01,-8.0718391783138083e-02,-2.9227446442291533e-01,4.2199983973009378e-02,6.7766766010814339e-01,3.5477324513840218e-02,-4.3840886200453982e-01,4.4858678559365067e-02,4.7667898464003899e-01,-9.6998521290467654e-02,-3.9742964637416361e-01,8.6113332777620621e-02,4.2717244389047754e-02,-1.2067145485152002e-02,-4.2178934530100977e-03,5.6402454242671001e-03,5.8193605689980277e-01,9.5783863011136061e-02,8.3335330008682962e-01,-2.7053679144729631e-01,5.4812388939078884e-05,5.4824233772787622e-05,7.4011082077441692e-05,5.5468771159115695e-05,9.9660719987398472e-01,-3.8529986536137290e-02,9.9660271168895675e-01,-3.8538147520381968e-02,9.9453968473723176e-01,-5.1938942026422345e-02,9.9325735585140751e-01,-3.8860792469841102e-02
7.3397263519917044e+02,-7.6052064712059220e-01,-2.7258343593718495e-02,-3.7531393044750255e-01,5.3607870689785120e-02,4.8714384367678631e-01,-1.5153552762974185e-02,-2.5277760801889060e-01,1.5603112543093633e-01,-1.1625468793490187e-02,6.0721153321750557e-02,8.1617487794431520e-01,2.1127274725611878e-02,4.9389999704866788e-01,-1.3704265404474947e-02,-2.8741356950517427e-01,1.5908090751805720e-01,6.3443182386701669e-01,-4.5221029478803243e-02,-4.3093841861876336e-01,-6.0279725467484752e-02,5.0105147367856728e-01,-1.1514219427813513e-02,-3.3322826980571391e-01,1.5995659062957923e-01,1.1114857612489575e-01,1.1850375752153910e-02,-1.3976925890805755e-02,-1.1871658939351819e-02,5.0856529199912492e-01,-9.2262769744168055e-02,8.0424760500987535e-01,-1.4283932533045815e-01,-7.5397600499640449e-01,3.9930489841072968e-02,-3.7903805668839397e-01,-6.9649025884722673e-02,4.7767150554456950e-01,-6.6809682710524718e-02,-2.1145584043491158e-01,1.2761262068267561e-02,1.2155975462247160e-02,-6.3042767963861115e-02,8.2560323237529121e-01,1.9570323577957682e-02,4.8148095344185965e-01,-7.9009862280380663e-02,-2.9189601316672897e-01,4.3614126353684703e-02,6.7559980704092260e-01,3.5109929201087568e-02,-4.4041728383566447e-01,4.2489845917710156e-02,4.7557292309707810e-01,-9.4837690451111942e-02,-3.9684952683533514e-01,8.8238068737167455e-02,4.2805219236640157e-02,-1.2538128942830448e-02,-4.3722737922916874e-03,5.6583849984311336e-03,5.8276623291567586e-01,9.0464726503515142e-02,8.3172018325294272e-01,-2.6925209254003690e-01,5.4801467880998586e-05,5.4813355817374485e-05,7.3916953372023459e-05,5.5400245428083670e-05,9.9653761964788556e-01,-4.0105141897761376e-02,9.9653315267868925e-01,-4.0113671383099556e-02,9.9430790686836479e-01,-5.3997196477145536e-02,9.9318777738720243e-01,-4.0407536393430789e-02
7.6415220100587658e+02,-7.6197318045193729e-01,-2.6693819442927064e-02,-3.7290603753399182e-01,5.1461072935583607e-02,4.8692442149234577e-01,-1.5884526873185499e-02,-2.5419135454172209e-01,1.5433419392954040e-01,-9.1943666713306949e-03,5.7996562723525699e-02,8.1637814012719523e-01,2.1393266266948152e-02,4.9368007696289845e-01,-1.4443496818701110e-02,-2.8909750852638816e-01,1.5705702608809086e-01,6.3304569640153585e-01,-4.4294667391091058e-02,-4.3311879119260704e-01,-5.8535946453598525e-02,5.0082323534241624e-01,-1.2281892262690559e-02,-3.3528004357689206e-01,1.5740632331556909e-01,1.1123663766551581e-01,1.2398135277337966e-02,-1.4355766263607626e-02,-1.1724900320682585e-02,5.0951458543623396e-01,-9.0242926932027914e-02,8.0301483926074690e-01,-1.4594910985323795e-01,-7.5482395803049052e-01,3.8486513881949402e-02,-3.7637451469145666e-01,-6.7731659888184331e-02,4.7683760332187414e-01,-6.5429206029647441e-02,-2.1118441014460632e-01,1.3610189724781480e-02,1.4798389304357468e-02,-6.0386763691250650e-02,8.2498780127724025e-01,2.0092828688346019e-02,4.8057506422089041e-01,-7.7339667139164306e-02,-2.9152202196502852e-01,4.4956589939810200e-02,6.7362130260542341e-01,3.4628733756300975e-02,-4.4225495615060106e-01,4.0076846150109320e-02,4.7456910591559176e-01,-9.2730960272421670e-02,-3.9629068787861532e-01,9.0309586402639488e-02,4.2903121639608945e-02,-1.3031859351498729e-02,-4.5215349575034470e-03,5.6758748593393575e-03,5.8348989181321975e-01,8.5340018647719562e-02,8.3022621876721237e-01,-2.6798080431078525e-01,5.4791119817017152e-05,5.4803052226953783e-05,7.3821934547364541e-05,5.5336617764043222e-05,9.9646231112017158e-01,-4.1745031937743295e-02,9.9645786495303368e-01,-4.1753947502498993e-02,9.9406241942397233e-01,-5.6135805941664042e-02,9.9311309702794281e-01,-4.2019429019865870e-02
7.9557269344744782e+02,-7.6333798239623218e-01,-2.6079487375585464e-02,-3.7065839388499916e-01,4.9237353436259373e-02,4.8671872069330857e-01,-1.6593905442426417e-02,-2.5549680346167869e-01,1.5268838900479684e-01,-6.9482717342077248e-03,5.5182961268503125e-02,8.1657571122877004e-01,2.1646480643591148e-02,4.9347651065516929e-01,-1.5161061345041603e-02,-2.9068078928203500e-01,1.5507485995787373e-01,6.3174250684960132e-01,-4.3339876414167783e-02,-4.3515180795624114e-01,-5.6710514769816422e-02,5.0061481934158192e-01,-1.3027194634007293e-02,-3.3724295033988239e-01,1.5488015048183210e-01,1.1133917645150374e-01,1.2969009750536768e-02,-1.4714866257372982e-02,-1.1570221871047899e-02,5.1039501305496726e-01,-8.8275876566081157e-02,8.0184236416800414e-01,-1.4897066923943772e-01,-7.5557927700084782e-01,3.7072050457057429e-02,-3.7388850272786589e-01,-6.5705165287394340e-02,4.7606541603433400e-01,-6.4078285838665094e-02,-2.1090528300270575e-01,1.4380994243098237e-02,1.7238509194798017e-02,-5.7637754840874904e-02,8.2437286991036418e-01,2.0537707730890104e-02,4.7974531293888911e-01,-7.5709120403458494e-02,-2.9115386224798706e-01,4.6230962592297024e-02,6.7174066703356572e-01,3.4044913266919941e-02,-4.4392381377386081e-01,3.7633678313953443e-02,4.7365958681104814e-01,-9.0679445312089726e-02,-3.9575455547938304e-01,9.2333351247667922e-02,4.3012226074092580e-02,-1.3549020170973890e-02,-4.6656916944174294e-03,5.6934986751288946e-03,5.8411846815501656e-01,8.0402411685702890e-02,8.2886121565276749e-01,-2.6672629737464931e-01,5.4781316730875044e-05,5.4793294985123197e-05,7.3726108929511792e-05,5.5277570391467219e-05,9.9638080107784466e-01,-4.3452301000192990e-02,9.9637637515409760e-01,-4.3461621087501151e-02,9.9380229405584730e-01,-5.8357895020177977e-02,9.9303285864690172e-01,-4.3699104384129578e-02
8.2828513707880984e+02,-7.6461375579630531e-01,-2.5423296079984517e-02,-3.6857423181748245e-01,4.6950817261717681e-02,4.8652562932221288e-01,-1.7282097637020342e-02,-2.5669864970694500e-01,1.5109562473679244e-01,-4.8908649840834935e-03,5.2295445352944364e-02,8.1676733022752868e-01,2.1887366008016551e-02,4.9328803501139995e-01,-1.5857292784639109e-02,-2.9216911329615852e-01,1.5313632573421088e-01,6.3052298997582357e-01,-4.2365047806924128e-02,-4.3703447686067176e-01,-5.4815990584964919e-02,5.0042475650545082e-01,-1.3750382053882619e-02,-3.3912403842706795e-01,1.5237972896591362e-01,1.1145726305592694e-01,1.3563430498543014e-02,-1.5053929651515266e-02,-1.1409657934867857e-02,5.1121156248093880e-01,-8.6361625445874002e-02,8.0072622667671423e-01,-1.5190525031628871e-01,-7.5624855570541505e-01,3.5693471369836804e-02,-3.7158491008551020e-01,-6.3586754368467308e-02,4.7535022758244666e-01,-6.2757992076319338e-02,-2.1061926947834830e-01,1.5075777668830760e-02,1.9474071387862758e-02,-5.4813190529026862e-02,8.2376617410321551e-01,2.0907824858839501e-02,4.7898584338481598e-01,-7.4119216606845645e-02,-2.9079264709325531e-01,4.7440499863416107e-02,6.6996508120320153e-01,3.3370341716902202e-02,-4.4542671205604772e-01,3.5173643117353541e-02,4.7283702061424715e-01,-8.8683907604605400e-02,-3.9524243525211311e-01,9.4314373225031320e-02,4.3133877217379629e-02,-1.4090203510054682e-02,-4.8048249118221361e-03,5.7120173161995663e-03,5.8466216772562618e-01,7.5644972426977597e-02,8.2761572006184148e-01,-2.6549127173376036e-01,5.4771993724443296e-05,5.4784019199769598e-05,7.3629523232214387e-05,5.5222776601452465e-05,9.9629257206393873e-01,-4.5229668142292540e-02,9.9628816563337552e-01,-4.5239412106625333e-02,9.9352653766173171e-01,-6.0666679233546600e-02,9.9294655265909915e-01,-4.5449279198701321e-02
8.6234265448802876e+02,-7.6580002387290214e-01,-2.4733088596775823e-02,-3.6665532348428903e-01,4.4615295074058703e-02,4.8634410737642125e-01,-1.7949549598559190e-02,-2.5780128089403748e-01,1.4955742486646795e-01,-3.0242502263556808e-03,4.9348793675647068e-02,8.1695282055731355e-01,2.2116427246533177e-02,4.9311346734945971e-01,-1.6532573980549602e-02,-2.9356791442912605e-01,1.5124295363525947e-01,6.2938706121002408e-01,-4.1378358293089085e-02,-4.3876513296762437e-01,-5.2864733794685925e-02,5.0025167026672857e-01,-1.4451774131303819e-02,-3.4093014780262049e-01,1.4990632194573311e-01,1.1159203538473211e-01,1.4181837790788847e-02,-1.5372872955257685e-02,-1.1245204542680550e-02,5.1196892217071954e-01,-8.4499944122879075e-02,7.9966265789751412e-01,-1.5475428056887297e-01,-7.5683856224901846e-01,3.4355976630856482e-02,-3.6946661132484376e-01,-6.1393398489866802e-02,4.7468760226205287e-01,-6.1469070986110513e-02,-2.1032688586143999e-01,1.5696473446282271e-02,2.1504615474443295e-02,-5.1929824074653221e-02,8.2317460403819764e-01,2.1206929752434229e-02,4.7829116917617326e-01,-7.2570580989689798e-02,-2.9043926584062729e-01,4.8588237409002394e-02,6.6830007700663796e-01,3.2617305557968788e-02,-4.4676756488374575e-01,3.2708954681554291e-02,4.7209455384615073e-01,-8.6744690323685522e-02,-3.9475550861062847e-01,9.6257392027063293e-02,4.3269462996384497e-02,-1.4655962002063348e-02,-4.9390939391826998e-03,5.7321585543075732e-03,5.8513019951874123e-01,7.1060840025817862e-02,8.2648087545382931e-01,-2.6427778268186158e-01,5.4763090674926000e-05,5.4775164767853458e-05,7.3532223196752909e-05,5.5171930511510025e-05,9.9619706612755687e-01,-4.7079960932504591e-02,9.9619267822518409e-01,-4.7090149096666367e-02,9.9323408884427644e-01,-6.3065494064363126e-02,9.9285363081580347e-01,-4.7272779401742612e-02
8.9780055256346361e+02,-7.6689681450055169e-01,-2.4016568740462013e-02,-3.6490262205446655e-01,4.2244471300643988e-02,4.8617317166216450e-01,-1.8596649466388174e-02,-2.5880868744037522e-01,1.4807517987528085e-01,-1.3496691420482893e-03,4.6357673949788215e-02,8.1713207274756194e-01,2.2334161994850443e-02,4.9295169022589524e-01,-1.7187237548683842e-02,-2.9488227450920917e-01,1.4939622698287780e-01,6.2833413806005456e-01,-4.0387806213197472e-02,-4.4034287230943414e-01,-5.0868980683174692e-02,5.0009426104035393e-01,-1.5131647653674755e-02,-3.4266784538232586e-01,1.4746126107975813e-01,1.1174476664624465e-01,1.4824573477937905e-02,-1.5671743124065364e-02,-1.1078810204635827e-02,5.1267149237453324e-01,-8.2690664368538780e-02,7.9864806100246988e-01,-1.5751893483847051e-01,-7.5735587892791445e-01,3.3063878726411783e-02,-3.6753518138340580e-01,-5.9141834776761590e-02,4.7407339061510906e-01,-6.0212172497775801e-02,-2.1002840002426154e-01,1.6244795150759453e-02,2.3330665728537557e-02,-4.9003900945275840e-02,8.2260422541661382e-01,2.1439375481744391e-02,4.7765616722480020e-01,-7.1063744898819142e-02,-2.9009450358919253e-01,4.9676875749441692e-02,6.6674993292408558e-01,3.1798293675966260e-02,-4.4795069606497800e-01,3.0251040525247325e-02,4.7142579831719311e-01,-8.4862060875166428e-02,-3.9429506900638206e-01,9.8166674141335092e-02,4.3420472218527004e-02,-1.5246722178052407e-02,-5.0687086692110389e-03,5.7546030690568259e-03,5.8553103922264138e-01,6.6643844593426732e-02,8.2544846938844330e-01,-2.6308752567460186e-01,5.4754511850806217e-05,5.4766635996236989e-05,7.3434200180672564e-05,5.5124724877165545e-05,9.9609367050624587e-01,-4.9006083105805405e-02,9.9608929988538064e-01,-4.9016736824827031e-02,9.9292381114158479e-01,-6.5557751028773120e-02,9.9275347951505510e-01,-4.9172524475382291e-02
9.3471641230806244e+02,-7.6790513072068900e-01,-2.3281038815199773e-02,-3.6331537714089612e-01,3.9850984027885644e-02,4.8601187838590504e-01,-1.9223923424739060e-02,-2.5972470662214558e-01,1.4664972251577699e-01,1.3341744317955234e-04,4.3335508194024923e-02,8.1730508830810100e-01,2.2541157061839900e-02,4.9280163804294641e-01,-1.7821765311993313e-02,-2.9611722248503630e-01,1.4759699089695794e-01,6.2736266712219024e-01,-3.9400825435470549e-02,-4.4176833472518762e-01,-4.8840101576266615e-02,4.9995129653717224e-01,-1.5790445099724881e-02,-3.4434377407789890e-01,1.4504509369847146e-01,1.1191680688599082e-01,1.5492145321349803e-02,-1.5950833087589354e-02,-1.0912309789632847e-02,5.1332350232858703e-01,-8.0933120233829869e-02,7.9767886903292218e-01,-1.6020100632688142e-01,-7.5780713064680605e-01,3.1820205437059719e-02,-3.6579000848732046e-01,-5.6847680810082388e-02,4.7350360356150234e-01,-5.8987479520409003e-02,-2.0972378869782429e-01,1.6722355402302866e-02,2.4954631553687188e-02,-4.6050067410338943e-02,8.2206004349359130e-01,2.1610118075033775e-02,4.7707595833348576e-01,-6.9598698099423317e-02,-2.8975891419281657e-01,5.0709095591817216e-02,6.6531702749367039e-01,3.0925619733686974e-02,-4.4898143227493376e-01,2.7809668022345350e-02,4.7082472003708803e-01,-8.3035647802903220e-02,-3.9386223553850408e-01,1.0004660869533048e-01,4.3588446770975231e-02,-1.5863024281988689e-02,-5.1939624108225868e-03,5.7799908553118279e-03,5.8587237187019325e-01,6.2387176888261453e-02,8.2451067594841265e-01,-2.6192148244978553e-01,5.4746239281409208e-05,5.4758414986968840e-05,7.3335524585747361e-05,5.5080920598222844e-05,9.9598173473433260e-01,-5.1011118454334953e-02,9.9597737987023038e-01,-5.1022260203081864e-02,9.9259448547632845e-01,-6.8147056132129485e-02,9.9264547109236512e-01,-5.1151596263976362e-02
9.7315018234664706e+02,-7.6882690656913077e-01,-2.2533496578182988e-02,-3.6189092343958107e-01,3.7446616153391066e-02,4.8585943378161750e-01,-1.9832056727770601e-02,-2.6055285091346569e-01,1.4528116762453175e-01,1.4276734378143134e-03,4.0294671789742102e-02,8.1747192120662726e-01,2.2738094078435966e-02,4.9266239391764405e-01,-1.8436813167996346e-02,-2.9727745945005468e-01,1.4584525464528972e-01,6.2647011483682191e-01,-3.8424388895927863e-02,-4.4304386282768210e-01,-4.6788771056138101e-02,4.9982169643898655e-01,-1.6428805007883050e-02,-3.4596422646858804e-01,1.4265734020477075e-01,1.1210945871237721e-01,1.6185217414225690e-02,-1.6210685447187522e-02,-1.0747454500885281e-02,5.1392873935852201e-01,-7.9226047908020486e-02,7.9675194663828308e-01,-1.6280307378144854e-01,-7.5819904573451191e-01,3.0626929970615707e-02,-3.6422818704858534e-01,-5.4525587357821891e-02,4.7297464533580402e-01,-5.7794662103061278e-02,-2.0941272560098595e-01,1.7130683123234743e-02,2.6381036148744850e-02,-4.3081613955991319e-02,8.2154606088994575e-01,2.1724596664020209e-02,4.7654613754238295e-01,-6.8174822073078817e-02,-2.8943268741803480e-01,5.1687536502254078e-02,6.6400189376525343e-01,3.0011437166383860e-02,-4.4986628289818764e-01,2.5393201418135409e-02,4.7028588169371571e-01,-8.1264348336961445e-02,-3.9345765105542546e-01,1.0190162105665665e-01,4.3774850889186784e-02,-1.6505519921325814e-02,-5.3152174970616016e-03,5.8089340266814738e-03,5.8616049755794686e-01,5.8283314774504484e-02,8.2366025229076301e-01,-2.6077984447562974e-01,5.4738282216022080e-05,5.4750511031818861e-05,7.3236331818917424e-05,5.5040284282151925e-05,9.9586057809037742e-01,-5.3098300599198650e-02,9.9585623719751393e-01,-5.3109954008075312e-02,9.9224481141183496e-01,-7.0837215383019445e-02,9.9252895949022057e-01,-5.3213193533295754e-02
1.0131642762780488e+03,-7.6966363940785887e-01,-2.1780747541225304e-02,-3.6062783764972522e-01,3.5043446191373340e-02,4.8571499283188130e-01,-2.0421390074351644e-02,-2.6129608586364816e-01,1.4397030927413138e-01,2.5342645128108698e-03,3.7248126798786522e-02,8.1763266276740854e-01,2.2925469832377199e-02,4.9253300570830377e-01,-1.9032686579375541e-02,-2.9836725869649594e-01,1.4414206907379618e-01,6.2565441986924231e-01,-3.7465421862604431e-02,-4.4417074429478126e-01,-4.4725832638807694e-02,4.9970436254690570e-01,-1.7046999040254297e-02,-3.4753529464533139e-01,1.4029907800870603e-01,1.1232443512381196e-01,1.6904026153879963e-02,-1.6451720994750105e-02,-1.0585928568335703e-02,5.1449089754452015e-01,-7.7569155689732910e-02,7.9586406672564647e-01,-1.6532611227969057e-01,-7.5853724403064815e-01,2.9485987924055060e-02,-3.6284780005550232e-01,-5.2190166694234291e-02,4.7248307362800007e-01,-5.6633971190907920e-02,-2.0909475440373837e-01,1.7470954497768469e-02,2.7612812518478795e-02,-4.0112040934795458e-02,8.2106569504990001e-01,2.1788088045755667e-02,4.7606249550631724e-01,-6.6792227103325191e-02,-2.8911631437873070e-01,5.2614188572488341e-02,6.6280513356810100e-01,2.9067618122187347e-02,-4.5061024318902260e-01,2.3010205143088609e-02,4.6980407926415202e-01,-7.9548009630454164e-02,-3.9308292210901430e-01,1.0373511347035204e-01,4.3981508157595293e-02,-1.7174464976275824e-02,-5.4328128055871928e-03,5.8419606300701638e-03,5.8640207378870268e-01,5.4327219384776360e-02,8.2289058706311347e-01,-2.5966328363832997e-01,5.4730528860081500e-05,5.4742812441393334e-05,7.3136558813245418e-05,5.5002558572652548e-05,9.9572941632919210e-01,-5.5270869309605335e-02,9.9572508715202801e-01,-5.5283059279438933e-02,9.9187339090160798e-01,-7.3631985639426162e-02,9.9240315570472071e-01,-5.5360599459432246e-02
1.0548236740301722e+03,-7.7041771614957300e-01,-2.1029198358977264e-02,-3.5952291291691318e-01,3.2652562791608469e-02,4.8557779441790050e-01,-2.0992382368594225e-02,-2.6195721936813454e-01,1.4271738854642690e-01,3.4563008155001681e-03,3.4207692578899551e-02,8.1778746049829443e-01,2.3103863221733467e-02,4.9241260775457085e-01,-1.9609819629531379e-02,-2.9939072093425978e-01,1.4248788574391025e-01,6.2491258742414846e-01,-3.6530268571935837e-02,-4.4515184498957716e-01,-4.2661326047936599e-02,4.9959828885972235e-01,-1.7645443698271809e-02,-3.4906287390692975e-01,1.3797069639385631e-01,1.1256339706990716e-01,1.7648864251153820e-02,-1.6674595691349270e-02,-1.0429295642402220e-02,5.1501340746645841e-01,-7.5961716437259713e-02,7.9501221837469893e-01,-1.6777166177119268e-01,-7.5882737972143155e-01,2.8398397598659208e-02,-3.6164486805676499e-01,-4.9854898829452807e-02,4.7202568900320341e-01,-5.5505282178316864e-02,-2.0876922148204552e-01,1.7744345686834417e-02,2.8654758929611699e-02,-3.7153457850749437e-02,8.2062141185555570e-01,2.1806132440385692e-02,4.7562112653218058e-01,-6.5450581251592768e-02,-2.8881005755014988e-01,5.3491028868182168e-02,6.6172563614602364e-01,2.8105618510712041e-02,-4.5121931649608749e-01,2.0667915308328774e-02,4.6937450060088087e-01,-7.7885947917396794e-02,-3.9273936932706754e-01,1.0555048113609559e-01,4.4210173730706175e-02,-1.7870141378068981e-02,-5.5471507378468121e-03,5.8795513393229866e-03,5.8660289307363522e-01,5.0513321822490222e-02,8.2219547498696255e-01,-2.5857190847706124e-01,5.4722898693355697e-05,5.4735238772919104e-05,7.3036192761163351e-05,5.4967501142641407e-05,9.9558742260273325e-01,-5.7532214078948214e-02,9.9558310241974146e-01,-5.7544966827632639e-02,9.9147872929188829e-01,-7.6535301496969840e-02,9.9226723732772248e-01,-5.7597225928219468e-02
1.0981960273825910e+03,-7.7109204819138655e-01,-2.0284681517990205e-02,-3.5857214904190937e-01,3.0283637457214477e-02,4.8544714760431840e-01,-2.1545691983974765e-02,-2.6253870339484947e-01,1.4152197961143959e-01,4.1976037350984000e-03,3.1183457458488065e-02,8.1793654557252193e-01,2.3273899533885756e-02,4.9230041513195494e-01,-2.0168856471403821e-02,-3.0035184022503497e-01,1.4088233316871299e-01,6.2424106817948299e-01,-3.5624634875955907e-02,-4.4599076881994443e-01,-4.0604032304644183e-02,4.9950256413097222e-01,-1.8224781544206866e-02,-3.5055307104700245e-01,1.3567147571892776e-01,1.1282828031813351e-01,1.8420379043050418e-02,-1.6880087827159409e-02,-1.0278987019593643e-02,5.1549947176813982e-01,-7.4402344723284608e-02,7.9419351107893266e-01,-1.7014217818303137e-01,-7.5907475428558191e-01,2.7364413199778309e-02,-3.6061438859789691e-01,-4.7531626291355863e-02,4.7159948988546707e-01,-5.4407947115486521e-02,-2.0843502488654231e-01,1.7951843397227475e-02,2.9512289287777022e-02,-3.4216051056493765e-02,8.2021477958560784e-01,2.1784190792465775e-02,4.7521840280372313e-01,-6.4148938128908720e-02,-2.8851388897898095e-01,5.4320098234362735e-02,6.6076108804141964e-01,2.7136111113793500e-02,-4.5169957826517615e-01,1.8372052322643675e-02,4.6899271946660098e-01,-7.6276743881218884e-02,-3.9242817764004739e-01,1.0735158602138752e-01,4.4462831818120635e-02,-1.8593153828712218e-02,-5.6586714140494290e-03,5.9221708122395118e-03,5.8676787363660299e-01,4.6834996944271040e-02,8.2156905042903550e-01,-2.5750510265536053e-01,5.4715423453673710e-05,5.4727821904555509e-05,7.2935354814561188e-05,5.4934956858129507e-05,9.9543371809022285e-01,-5.9885972836471263e-02,9.9542940366604626e-01,-5.9899316040494331e-02,9.9105922089335341e-01,-7.9551380054735360e-02,9.9212037160130695e-01,-5.9926699846942232e-02
1.1433517698280332e+03,-7.7169014169740702e-01,-1.9552784163813730e-02,-3.5777002854201978e-01,2.7946086831225639e-02,4.8532242857269736e-01,-2.2081824532971764e-02,-2.6304287092012207e-01,1.4038375014530358e-01,4.7637818938529950e-03,2.8185409256722957e-02,8.1808012182709755e-01,2.3436212692943770e-02,4.9219570851647454e-01,-2.0710290601961685e-02,-3.0125418993436093e-01,1.3932533977924666e-01,6.2363564650263870e-01,-3.4753810886450159e-02,-4.4669240799265975e-01,-3.8562579995963228e-02,4.9941634414425801e-01,-1.8785506441863463e-02,-3.5201119621265164e-01,1.3340130288261870e-01,1.1312070657546391e-01,1.9218785329744560e-02,-1.7069152807836160e-02,-1.0136330797344151e-02,5.1595199882259768e-01,-7.2890030806792044e-02,7.9340535220821196e-01,-1.7243946970792784e-01,-7.5928466744707135e-01,2.6383883971199767e-02,-3.5974973579833225e-01,-4.5231750673763532e-02,4.7120177444613970e-01,-5.3341531215481283e-02,-2.0809124828813319e-01,1.8094514107366400e-02,3.0192414280301269e-02,-3.1309702673858859e-02,8.1984669718034808e-01,2.1727772698826232e-02,4.7485102711776850e-01,-6.2886616125361755e-02,-2.8822784831208875e-01,5.5103108460949630e-02,6.5990796243793004e-01,2.6169408941539588e-02,-4.5205799198540358e-01,1.6127934515262288e-02,4.6865468694210055e-01,-7.4719318683439950e-02,-3.9215048997600699e-01,1.0914140737140623e-01,4.4741167888808005e-02,-1.9343685419569021e-02,-5.7678475184057727e-03,5.9701999765140725e-03,5.8690153929069810e-01,4.3286833835129032e-02,8.2100604579109748e-01,-2.5646239086573530e-01,5.4708035749447739e-05,5.4720494464701061e-05,7.2834057095883550e-05,5.4904705172268927e-05,9.9526735945495415e-01,-6.2335819265320981e-02,9.9526304701701751e-01,-6.2349782012426920e-02,9.9061315231770974e-01,-8.2684478404093154e-02,9.9196161932368854e-01,-6.2352706332045912e-02
1.1903642309511577e+03,-7.7221457448711983e-01,-1.8838768822269703e-02,-3.5711382687097792e-01,2.5648940238127180e-02,4.8520298795855160e-01,-2.2601270504706703e-02,-2.6347116276548455e-01,1.3930226970310386e-01,5.1569555273737284e-03,2.5223096929700928e-02,8.1821849583727890e-01,2.3591253136451884e-02,4.9209775959955243e-01,-2.1234600597570218e-02,-3.0210117753134968e-01,1.3781683580094956e-01,6.2309307280656356e-01,-3.3923041156949107e-02,-4.4725931592082824e-01,-3.6545076103339694e-02,4.9933879265964992e-01,-1.9328091334106651e-02,-3.5344340725927392e-01,1.3116014010072435e-01,1.1344346548836100e-01,2.0044524614745592e-02,-1.7242452869356110e-02,-1.0002595720163963e-02,5.1637386386707873e-01,-7.1423788248712414e-02,7.9264498097620228e-01,-1.7466519973223776e-01,-7.5946086733383733e-01,2.5456937936039772e-02,-3.5904693469083171e-01,-4.2965937222601336e-02,4.7082989290188060e-01,-5.2305552836504607e-02,-2.0773608255376497e-01,1.8172874893549081e-02,3.0698544327695095e-02,-2.8443690317759326e-02,8.1951766189782471e-01,2.1641700528802040e-02,4.7451580656709874e-01,-6.1662902188872257e-02,-2.8795189856674164e-01,5.5841533325240944e-02,6.5916360426565868e-01,2.5215141574155490e-02,-4.5229860891811524e-01,1.3940844899619886e-02,4.6835651105956277e-01,-7.3212599689912700e-02,-3.9190847169681814e-01,1.1092319115052490e-01,4.5047916269272285e-02,-2.0122169527903664e-02,-5.8750901113795448e-03,6.0240089803639176e-03,5.8700838203806849e-01,3.9863695502852833e-02,8.2050140645553982e-01,-2.5544304474177781e-01,5.4700693285851323e-05,5.4713214414961307e-05,7.2732300245078820e-05,5.4876579679065723e-05,9.9508728206085140e-01,-6.4885589791392376e-02,9.9508296695635368e-01,-6.4900202913189611e-02,9.9013867574052261e-01,-8.5938988369270206e-02,9.9178994610056304e-01,-6.4879119619969339e-02
1.2393097555103809e+03,-7.7266957039412609e-01,-1.8147384280663620e-02,-3.5659670486514961e-01,2.3400057766343033e-02,4.8508825863031713e-01,-2.3104532593122735e-02,-2.6382547492781633e-01,1.3827679237413912e-01,5.3840292815508523e-03,2.2304869774517639e-02,8.1835192442993632e-01,2.3739650398710566e-02,4.9200591999248000e-01,-2.1742285034076259e-02,-3.0289601250334053e-01,1.3635650943235539e-01,6.2260830122748245e-01,-3.3136601614707967e-02,-4.4769753439241750e-01,-3.4558796837752592e-02,4.9926915543323874e-01,-1.9853045874077213e-02,-3.5485479324300262e-01,1.2894780777132672e-01,1.1379837579647968e-01,2.0897631107464527e-02,-1.7401127442898665e-02,-9.8788754627969193e-03,5.1676766940604413e-01,-7.0002517852276402e-02,7.9190995025102984e-01,-1.7682116584752477e-01,-7.5960811812189677e-01,2.4582690955826440e-02,-3.5849786188288663e-01,-4.0743613906418993e-02,4.7048145422587312e-01,-5.1299428841963882e-02,-2.0736827885519798e-01,1.8187915279053890e-02,3.1038680738674447e-02,-2.5626002148545532e-02,8.1922734204307157e-01,2.1531072808567350e-02,4.7420984307408431e-01,-6.0476958248023641e-02,-2.8768598407494028e-01,5.6536828746719670e-02,6.5852280374746230e-01,2.4282289315878003e-02,-4.5242858573084299e-01,1.1814661015018723e-02,4.6809465729054728e-01,-7.1755346795088451e-02,-3.9170350206933463e-01,1.1269951112675455e-01,4.5384932557831270e-02,-2.0928616491471947e-02,-5.9809160581406756e-03,6.0838817914087764e-03,5.8709227550505039e-01,3.6560533346607756e-02,8.2005055854813336e-01,-2.5444623291972307e-01,5.4693358493263713e-05,5.4705944185274750e-05,7.2630117706687781e-05,5.4850411300350750e-05,9.9489239035707822e-01,-6.7539274551344050e-02,9.9488806722716683e-01,-6.7554570439080794e-02,9.8963382011891055e-01,-8.9319494113976133e-02,9.9160426490290177e-01,-6.7509951809714003e-02
1.2902678274161112e+03,-7.7305868757744167e-01,-1.7483126294275259e-02,-3.5621377568987089e-01,2.1206957618433303e-02,4.8497771277580171e-01,-2.3592130492688587e-02,-2.6410688167101376e-01,1.3730633367661127e-01,5.4494675920747160e-03,1.9438685449862863e-02,8.1848072102689307e-01,2.3881907949925452e-02,4.9191958880974085e-01,-2.2233861065403763e-02,-3.0364162658439908e-01,1.3494388368085741e-01,6.2217693908115579e-01,-3.2398698300585310e-02,-4.4801147278379239e-01,-3.2610586490060461e-02,4.9920673520445052e-01,-2.0360896133425722e-02,-3.5625091939977732e-01,1.2676400669981980e-01,1.1418814737250536e-01,2.1778303208303283e-02,-1.7546101018128684e-02,-9.7662162190955519e-03,5.1713583984925771e-01,-6.8625036506424472e-02,7.9119788914032108e-01,-1.7890921133561000e-01,-7.5973006114474306e-01,2.3760536590055618e-02,-3.5809627916121739e-01,-3.8573587254933948e-02,4.7015423482163621e-01,-5.0322474150266194e-02,-2.0698581856528855e-01,1.8140214360959805e-02,3.1218249345476515e-02,-2.2864154218722392e-02,8.1897509556521209e-01,2.1400368870330689e-02,4.7393045433776027e-01,-5.9327842293460303e-02,-2.8742989371456351e-01,5.7190263174724726e-02,6.5798094422343578e-01,2.3379240866500478e-02,-4.5245299669434935e-01,9.7532643877144606e-03,4.6786586475794034e-01,-7.0346226596227204e-02,-3.9153762452359425e-01,1.1447312188363866e-01,4.5754870863436145e-02,-2.1763223139172696e-02,-6.0857877196238939e-03,6.1500972843257749e-03,5.8715670672132869e-01,3.3372379822297245e-02,8.1964920547518971e-01,-2.5347083055700725e-01,5.4685996987219557e-05,5.4698649547521554e-05,7.2527533506286870e-05,5.4826044834294710e-05,9.9468147376765659e-01,-7.0301016435560137e-02,9.9467713623840581e-01,-7.0317029299887174e-02,9.8909646667516538e-01,-9.2830728654025751e-02,9.9140338805956563e-01,-7.0249374461147443e-02
1.3433211988067389e+03,-7.7338572598132616e-01,-1.6850121073069990e-02,-3.5595970849362529e-01,1.9076496806198343e-02,4.8487084949956283e-01,-2.4064560886006427e-02,-2.6431622060935045e-01,1.3638975546740151e-01,5.3581426555389128e-03,1.6631836934697605e-02,8.1860520928998870e-01,2.4018521832107564e-02,4.9183819720436206e-01,-2.2709825280447061e-02,-3.0434075438272234e-01,1.3357844877216438e-01,6.2179427797806830e-01,-3.1713075687646503e-02,-4.4820591850053482e-01,-3.0706716625976752e-02,4.9915087376174755e-01,-2.0852150846955585e-02,-3.5763723818482057e-01,1.2460853623099047e-01,1.1461561547285884e-01,2.2686603305923553e-02,-1.7678356242268659e-02,-9.6655587912139289e-03,5.1748065779568386e-01,-6.7290189899543495e-02,7.9050650757521579e-01,-1.8093107365748051e-01,-7.5983013376399744e-01,2.2989664873766004e-02,-3.5783548653618991e-01,-3.6463830920603429e-02,4.6984615498616566e-01,-4.9373995849413987e-02,-2.0658651198616423e-01,1.8030326207194441e-02,3.1242939482495846e-02,-2.0164947989969852e-02,8.1875985721191002e-01,2.1253775736861196e-02,4.7367513536392780e-01,-5.8214611314208138e-02,-2.8718338811551053e-01,5.7802963339996523e-02,6.5753282634876509e-01,2.2513747429512697e-02,-4.5237693420851799e-01,7.7600488888881804e-03,4.6766709338053380e-01,-6.8983916158634723e-02,-3.9141306050465202e-01,1.1624653222166198e-01,4.6160504837324125e-02,-2.2626061851345341e-02,-6.1901775167614278e-03,6.2228907338957862e-03,5.8720492131297897e-01,3.0294555304428129e-02,8.1929335122294500e-01,-2.5251561342705114e-01,5.4678574816454893e-05,5.4691296690868923e-05,7.2424566680194397e-05,5.4803336488074875e-05,9.9445322836405625e-01,-7.3175114774315861e-02,9.9444886891638740e-01,-7.3191880728328634e-02,9.8852434333810724e-01,-9.6477582027615666e-02,9.9118603201390343e-01,-7.3101723128662963e-02
1.3985560244319877e+03,-7.7365475492088065e-01,-1.6252189111378323e-02,-3.5582862194387688e-01,1.7015054621407261e-02,4.8476720312718263e-01,-2.4522307388970738e-02,-2.6445411503336913e-01,1.3552567048990072e-01,5.1154657230279383e-03,1.3891178711126091e-02,8.1872570604310912e-01,2.4149980690160749e-02,4.9176121543316254e-01,-2.3170663854337817e-02,-3.0499592739323744e-01,1.3225961742723574e-01,6.2145524110885375e-01,-3.1083071741964452e-02,-4.4828611684894443e-01,-2.8853041489822678e-02,4.9910095820412748e-01,-2.1327312019748825e-02,-3.5901904750777441e-01,1.2248131842867224e-01,1.1508372426081059e-01,2.3622363589075601e-02,-1.7798942178102076e-02,-9.5777613903852005e-03,5.1780424972940742e-01,-6.5996824080538474e-02,7.8983363039320609e-01,-1.8288843050940515e-01,-7.5991167868391396e-01,2.2269147745926102e-02,-3.5770824256062822e-01,-3.4421674914867612e-02,4.6955528717752626e-01,-4.8453278921079174e-02,-2.0616797290315952e-01,1.7858876682959601e-02,3.1118837960573621e-02,-1.7534719589419538e-02,8.1858021251188329e-01,2.1095182173406578e-02,4.7344156522859498e-01,-5.7136302485914926e-02,-2.8694617368102870e-01,5.8375943276660666e-02,6.5717266508963568e-01,2.1692998882377731e-02,-4.5220565882864699e-01,5.8381026608703077e-03,4.6749553100801078e-01,-6.7667077864572225e-02,-3.9133218586755780e-01,1.1802194328761492e-01,4.6604717557459679e-02,-2.3516995412979049e-02,-6.2945686040836637e-03,6.3024613589058708e-03,5.8723987943902700e-01,2.7322597186660066e-02,8.1897927471756871e-01,-2.5157925474394560e-01,5.4671059202472228e-05,5.4683852937492511e-05,7.2321238641971094e-05,5.4782151554468958e-05,9.9420625251914951e-01,-7.6166031676475676e-02,9.9420186233257657e-01,-7.6183588784865863e-02,9.8791501386661718e-01,-1.0026511431391416e-01,9.9095081034599841e-01,-7.6071500989838087e-02
1.4560620015618531e+03,-7.7386989967624464e-01,-1.5692782204327904e-02,-3.5581464136713681e-01,1.5028365451771775e-02,4.8466633154351207e-01,-2.4965832575885867e-02,-2.6452089037242582e-01,1.3471253015610915e-01,4.7267262442544705e-03,1.1222925394374431e-02,8.1884253963098230e-01,2.4276750201240982e-02,4.9168814243853354e-01,-2.3616843285146967e-02,-3.0560948407369121e-01,1.3098677893840449e-01,6.2115462673655497e-01,-3.0511584615142001e-02,-4.4825730601691444e-01,-2.7054840211522782e-02,4.9905641077094282e-01,-2.1786863377918464e-02,-3.6040163452135449e-01,1.2038240018056091e-01,1.1559565482535018e-01,2.4585289095585387e-02,-1.7908909425503338e-02,-9.5035834162879099e-03,5.1810861713963741e-01,-6.4743817224232891e-02,7.8917715181179848e-01,-1.8478285197061337e-01,-7.5997776459765476e-01,2.1597958521683627e-02,-3.5770732520883958e-01,-3.2453645941719539e-02,4.6927982751356828e-01,-4.7559608701397839e-02,-2.0572755603353210e-01,1.7626446746838928e-02,3.0851791308668424e-02,-1.4979158250776212e-02,8.1843446741532611e-01,2.0928092967728698e-02,4.7322757651870123e-01,-5.6091962219752045e-02,-2.8671791327575441e-01,5.8910078406206851e-02,6.5689440180191438e-01,2.0923521311524744e-02,-4.5194413726993066e-01,3.9901389010518658e-03,4.6734855625892907e-01,-6.6394397859829313e-02,-3.9129764376058462e-01,1.1980135637667515e-01,4.7090619928792696e-02,-2.4435775088466189e-02,-6.3994392051668668e-03,6.3889728743550820e-03,5.8726434086396273e-01,2.4452297936284784e-02,8.1870349177231228e-01,-2.5066032895492957e-01,5.4663419135475440e-05,5.4676287385392328e-05,7.2217564682779096e-05,5.4762366410169101e-05,9.9393903238844772e-01,-7.9278397780076296e-02,9.9393460115043719e-01,-7.9296786167606659e-02,9.8726586457222121e-01,-1.0419854771110072e-01,9.9069622270820934e-01,-7.9163387992052719e-02
1.5159325156483283e+03,-7.7403539072502814e-01,-1.5175116650532339e-02,-3.5591176197386426e-01,1.3121859177636599e-02,4.8456782964413792e-01,-2.5395593704163784e-02,-2.6451656716213190e-01,1.3394847720265171e-01,4.1972506822781589e-03,8.6330552043135927e-03,8.1895602952454083e-01,2.4399273802908905e-02,4.9161851719635635e-01,-2.4048826806746700e-02,-3.0618355335104336e-01,1.2975922527531317e-01,6.2088701885235065e-01,-3.0001199633837211e-02,-4.4812482204801113e-01,-2.5317104105093330e-02,4.9901669877637156e-01,-2.2231287789070707e-02,-3.6179024724234560e-01,1.1831197658741800e-01,1.1615484849231683e-01,2.5574835233951366e-02,-1.8009323162436551e-02,-9.4437295107858490e-03,5.1839561047350147e-01,-6.3530032273209136e-02,7.8853508195142052e-01,-1.8661587283320361e-01,-7.6003132570016441e-01,2.0975088032253786e-02,-3.5782541161732989e-01,-3.0565815094436306e-02,4.6901811545549194e-01,-4.6692243963718294e-02,-2.0526228214990228e-01,1.7333687766147562e-02,3.0447572361538045e-02,-1.2503724083957578e-02,8.1832072523493649e-01,2.0755659760019956e-02,4.7303117334746808e-01,-5.5080611166343038e-02,-2.8649818210572936e-01,5.9406139761787977e-02,6.5669166648043498e-01,2.0211360997053843e-02,-4.5159723381066580e-01,2.2187885725691563e-03,4.6722375808853056e-01,-6.5164540527450091e-02,-3.9131234253189806e-01,1.2158649942647692e-01,4.7621577579461970e-02,-2.5381929165123142e-02,-6.5052655993874248e-03,6.4825676959471574e-03,5.8728078516681470e-01,2.1679601535467850e-02,8.1846272967025280e-01,-2.4975729036341066e-01,5.4655621579164839e-05,5.4668567083132432e-05,7.2113559774995229e-05,5.4743860541736774e-05,9.9364993662814149e-01,-8.2517012341555507e-02,9.9364545229231216e-01,-8.2536274258069406e-02,9.8657409233016091e-01,-1.0828327735767021e-01,9.9042064772783611e-01,-8.2382236216599528e-02
1.5782647919764756e+03,-7.7415547703653165e-01,-1.4702090393862166e-02,-3.5611408033862657e-01,1.1300448792777751e-02,4.8447131348442035e-01,-2.5812027797547786e-02,-2.6444086001573819e-01,1.3323144328779879e-01,3.5321249081030647e-03,6.1270732363603655e-03,8.1906649988565672e-01,2.4517972338307742e-02,4.9155190435112994e-01,-2.4467058297191212e-02,-3.0672007877353319e-01,1.2857622728315132e-01,6.2064689577267229e-01,-2.9554097037666260e-02,-4.4789390604842855e-01,-2.3644357977882752e-02,4.9898132083986285e-01,-2.2661049551385194e-02,-3.6319016489076522e-01,1.1627043557262341e-01,1.1676503360345183e-01,2.6590261811415824e-02,-1.8101237423193535e-02,-9.3988245742804392e-03,5.1866696937701395e-01,-6.2354367787010964e-02,7.8790549425214296e-01,-1.8838891473235331e-01,-7.6007509376642979e-01,2.0399477342965829e-02,-3.5805531292221809e-01,-2.8763603460229024e-02,4.6876859831964413e-01,-4.5850452401813700e-02,-2.0476885360601360e-01,1.6981260654043769e-02,2.9911626057196793e-02,-1.0113423082152002e-02,8.1823692636098955e-01,2.0580652842167906e-02,4.7285049319998623e-01,-5.4101288203966397e-02,-2.8628649618934898e-01,5.9864771093830718e-02,6.5655791311940470e-01,1.9561976580581619e-02,-4.5116952431787660e-01,5.2644670715856941e-04,4.6711889044958593e-01,-6.3976203093432132e-02,-3.9137951203128357e-01,1.2337886587308104e-01,4.8201240145313351e-02,-2.6354809993749517e-02,-6.6125170702941915e-03,6.5833611159719502e-03,5.8729152446227129e-01,1.9000681239414625e-02,8.1825389112749303e-01,-2.4886850096157762e-01,5.4647636463512089e-05,5.4660662047746203e-05,7.2009235095450060e-05,5.4726524120174654e-05,9.9333720323994079e-01,-8.5886855313345847e-02,9.9333265177098273e-01,-8.5907035233666065e-02,9.8583668891331611e-01,-1.1252486901538249e-01,9.9012233060923094e-01,-8.5733086686447413e-02
1.6431600535510916e+03,-7.7423456582851546e-01,-1.4276312012211134e-02,-3.5641541370406887e-01,9.5686610170376968e-03,4.8437642337285353e-01,-2.6215553601352911e-02,-2.6429327983102596e-01,1.3255905695899817e-01,2.7366508634304033e-03,3.7101982999115115e-03,8.1917426293879503e-01,2.4633253911449882e-02,4.9148789615046157e-01,-2.4871964598018773e-02,-3.0722082833201897e-01,1.2743701523832948e-01,6.2042846883017511e-01,-2.9172038534144490e-02,-4.4757001697997312e-01,-2.2040781365470538e-02,4.9894980811797301e-01,-2.3076597722952275e-02,-3.6460659101099341e-01,1.1425844027591743e-01,1.1743011971549414e-01,2.7630479161585241e-02,-1.8185736759192422e-02,-9.3694277725960198e-03,5.1892432000184774e-01,-6.1215751826761457e-02,7.8728654750420002e-01,-1.9010329606928988e-01,-7.6011178469386043e-01,1.9870009558384340e-02,-3.5838961139838338e-01,-2.7051919624644701e-02,4.6852983204498416e-01,-4.5033510979225769e-02,-2.0424369596517239e-01,1.6569994808970354e-02,2.9249531045215053e-02,-7.8129999720649972e-03,8.1818088345308693e-01,2.0405506030333562e-02,4.7268380496353790e-01,-5.3153048379785212e-02,-2.8608230298501242e-01,6.0286520115320444e-02,6.5648625085775947e-01,1.8980289997092243e-02,-4.5066567337724456e-01,-1.0846410670763019e-03,4.6703186912608430e-01,-6.2828109184874026e-02,-3.9150263607121621e-01,1.2517957421792650e-01,4.8833451455131918e-02,-2.7353447084965017e-02,-6.7216656890655415e-03,6.6914433056812234e-03,5.8729869321721706e-01,1.6411916318887776e-02,8.1807402575469323e-01,-2.4799225351319962e-01,5.4639435673670632e-05,5.4652544209808061e-05,7.1904602308150615e-05,5.4710255188725033e-05,9.9299893533665817e-01,-8.9393092228235299e-02,9.9299430044044046e-01,-8.9414236882332146e-02,9.8505042708469415e-01,-1.1692906817102514e-01,9.8979937492158410e-01,-8.9221172515501657e-02
1.7107236854753774e+03,-7.7427717694943443e-01,-1.3900220329031376e-02,-3.5680943823422662e-01,7.9309451629974159e-03,4.8428283968216146e-01,-2.6606585536019134e-02,-2.6407305452710134e-01,1.3192850750084420e-01,1.8161838188045906e-03,1.3877279836308838e-03,8.1927961154134876e-01,2.4745505607725066e-02,4.9142612649486683e-01,-2.5263969714456203e-02,-3.0768735832278449e-01,1.2634070952264714e-01,6.2022571157252027e-01,-2.8856495689064926e-02,-4.4715871592420564e-01,-2.0510459622681249e-02,4.9892173693353226e-01,-2.3478380238806822e-02,-3.6604467580690503e-01,1.1227694985487466e-01,1.1815430085889678e-01,2.8693960459509681e-02,-1.8263916853853299e-02,-9.3560740115440234e-03,5.1916914006709869e-01,-6.0113100956387819e-02,7.8667653916111480e-01,-1.9176029308796344e-01,-7.6014410581996805e-01,1.9385629101200431e-02,-3.5882079580847465e-01,-2.5435466816936390e-02,4.6830050804590007e-01,-4.4240681359333109e-02,-2.0368282239936553e-01,1.6100951498186779e-02,2.8466847838621766e-02,-5.6073060359473547e-03,8.1815034560669830e-01,2.0232323285211941e-02,4.7252953591933927e-01,-5.2234932549926713e-02,-2.8588492474775540e-01,6.0671857000607905e-02,6.5646951404472076e-01,1.8470845080448873e-02,-4.5009037487583964e-01,-2.6121017664195289e-03,4.6696080124777428e-01,-6.1718972163206043e-02,-3.9168550375359079e-01,1.2698932545033553e-01,4.9522346140390451e-02,-2.8376467065480221e-02,-6.8331800464852656e-03,6.8068942507771794e-03,5.8730415219803522e-01,1.3909809260527921e-02,8.1792030420683604e-01,-2.4712674006043420e-01,5.4630993164674691e-05,5.4644187525206525e-05,7.1799681388995054e-05,5.4694956100372906e-05,9.9263308955967988e-01,-9.3041080217931768e-02,9.9262835232555002e-01,-9.3063238596332143e-02,9.8421184358401692e-01,-1.2150181628259508e-01,9.8944972897116812e-01,-9.2851919553657444e-02
1.7810654060885513e+03,-7.7428806512131965e-01,-1.3575608211501500e-02,-3.5728926557500806e-01,6.3906335619635796e-03,4.8419022092207792e-01,-2.6985471111648084e-02,-2.6377953925284647e-01,1.3133689449509384e-01,7.7666851068183417e-04,-8.3607546528244813e-04,8.1938284419385921e-01,2.4855119060372077e-02,4.9136621281536380e-01,-2.5643429971569466e-02,-3.0812116631611797e-01,1.2528660439749320e-01,6.2003232679217812e-01,-2.8608060217845399e-02,-4.4666601563642427e-01,-1.9056544406637954e-02,4.9889667225575823e-01,-2.3866777579897254e-02,-3.6750936905191800e-01,1.1032742925378548e-01,1.1894162912930140e-01,2.9778756178342431e-02,-1.8336941920682023e-02,-9.3591322558182182e-03,5.1940291512561687e-01,-5.9045514767720894e-02,7.8607372108279983e-01,-1.9336084267202344e-01,-7.6017481245656959e-01,1.8944863465177916e-02,-3.5934087700337164e-01,-2.3917735050677482e-02,4.6807932661480411e-01,-4.3471339995240540e-02,-2.0308229396740735e-01,1.5575468875033451e-02,2.7569671015520721e-02,-3.5001880231386147e-03,8.1814295841344342e-01,2.0062864830861928e-02,4.7238613196823565e-01,-5.1346124446030386e-02,-2.8569372851195607e-01,6.1021142423654362e-02,6.5650011939198849e-01,1.8037185111582307e-02,-4.4944865517648752e-01,-4.0543466961586987e-03,4.6690381942180442e-01,-6.0647682197686771e-02,-3.9193204128005815e-01,1.2880828287628129e-01,5.0271968831994793e-02,-2.9422085962413962e-02,-6.9475451926086750e-03,6.9297324712588758e-03,5.8730991534895094e-01,1.1491324657991589e-02,8.1778995405045229e-01,-2.4627023219636859e-01,5.4622271162536354e-05,5.4635554155141623e-05,7.1694456267536470e-05,5.4680531415869403e-05,9.9223747050311761e-01,-9.6836349971484575e-02,9.9223260922034373e-01,-9.6859573294152221e-02,9.8331722700011082e-01,-1.2624917788063039e-01,9.8907117882481133e-01,-9.6630948994765153e-02
1.8542994451403069e+03,-7.7427117814227531e-01,-1.3304694543641471e-02,-3.5785054101061464e-01,4.9519475043439121e-03,4.8409830818516364e-01,-2.7352639722041105e-02,-2.6341075818374737e-01,1.3078064916377233e-01,-3.7921316010322125e-04,-2.9559611980718085e-03,8.1948427566088211e-01,2.4962413050796717e-02,4.9130785946019184e-01,-2.6010785010713834e-02,-3.0852334955074712e-01,1.2427358588309384e-01,6.1984260319016449e-01,-2.8427856234723214e-02,-4.4609578462357707e-01,-1.7682816570618085e-02,4.9887427227088654e-01,-2.4242251254961881e-02,-3.6900651973316101e-01,1.0841117651134266e-01,1.1979771509632337e-01,3.0882972818145765e-02,-1.8405689023666353e-02,-9.3791227913256996e-03,5.1962687376234540e-01,-5.8011836658785843e-02,7.8547653976042842e-01,-1.9490619179220967e-01,-7.6020591904018930e-01,1.8546898723709227e-02,-3.5994436301842414e-01,-2.2503009709131327e-02,4.6786519553215333e-01,-4.2724677213799550e-02,-2.0243670205928960e-01,1.4994492374488862e-02,2.6560856869523867e-02,-1.4965266036945420e-03,8.1815656438311135e-01,1.9898474063906171e-02,4.7225229350554115e-01,-5.0485596612402893e-02,-2.8550770090457822e-01,6.1334589935331391e-02,6.5657143598379308e-01,1.7683273842293259e-02,-4.4874338404510533e-01,-5.4086883509726295e-03,4.6685937252597182e-01,-5.9612897520207729e-02,-3.9224725106411151e-01,1.3063692846100228e-01,5.1087826784243652e-02,-3.0488599958176221e-02,-7.0651805514684472e-03,7.0600575646927481e-03,5.8731737047342469e-01,9.1530536416269404e-03,8.1768026959874740e-01,-2.4542051952883695e-01,5.4613279963689059e-05,5.4626654513843211e-05,7.1588977406509169e-05,5.4666923043258304e-05,9.9180966937035264e-01,-1.0078471293835874e-01,9.9180465872569412e-01,-1.0080905499810083e-01,9.8236257720707498e-01,-1.3117751694003413e-01,9.8866131464537432e-01,-1.0056414556885158e-01
1.9305447292914844e+03,-7.7423162609772955e-01,-1.3088805840726025e-02,-3.5848572360128778e-01,3.6179738693802865e-03,4.8400682185627519e-01,-2.7708411443234382e-02,-2.6296576873308330e-01,1.3025585156287103e-01,-1.6449452373242144e-03,-4.9674669631387088e-03,8.1958416020841363e-01,2.5067751594439192e-02,4.9125074828120013e-01,-2.6366365555775192e-02,-3.0889504376905769e-01,1.2330078731993158e-01,6.1964965622593859e-01,-2.8315623437705828e-02,-4.4545453725710349e-01,-1.6392182123461954e-02,4.9885417196174264e-01,-2.4605158964091295e-02,-3.7054082256155180e-01,1.0653059388508225e-01,1.2072697169114793e-01,3.2003406905531120e-02,-1.8471391214385537e-02,-9.4163535143194175e-03,5.1984226528608435e-01,-5.7011208576635143e-02,7.8488349645244249e-01,-1.9639708187225113e-01,-7.6024037257082544e-01,1.8190162883080865e-02,-3.6062274454532417e-01,-2.1194315199228399e-02,4.6765702968945649e-01,-4.2000092141337875e-02,-2.0174136827225178e-01,1.4360200135546605e-02,2.5446983826269580e-02,3.9957693556297530e-04,8.1818882831134709e-01,1.9740335773774875e-02,4.7212671556219105e-01,-4.9652565578013848e-02,-2.8532594508518794e-01,6.1612452558916501e-02,6.5667518319587448e-01,1.7411767021025221e-02,-4.4798009302229919e-01,-6.6734125246840272e-03,4.6682589217293941e-01,-5.8613556130819325e-02,-3.9263560440912332e-01,1.3247421789484817e-01,5.1974381430967970e-02,-3.1573036899811911e-02,-7.1865814359090147e-03,7.1978619003023299e-03,5.8732813623347424e-01,6.8922771975131400e-03,8.1758853394123399e-01,-2.4457577035439207e-01,5.4603981020085444e-05,5.4617449835996661e-05,7.1483234948087278e-05,5.4654039184200889e-05,9.9134714154116932e-01,-1.0489210590286541e-01,9.9134195257672197e-01,-1.0491762254660554e-01,9.8134362099398476e-01,-1.3629328272874036e-01,9.8821754748293322e-01,-1.0465754194633027e-01
2.0099250752421622e+03,-7.7417401160593768e-01,-1.2929236269612843e-02,-3.5918886956405915e-01,2.3918352519072122e-03,4.8391551708729019e-01,-2.8053126357664167e-02,-2.6244287580680747e-01,1.2975809548175210e-01,-3.0160870478872829e-03,-6.8659638539265485e-03,8.1968277353322017e-01,2.5171460291108450e-02,4.9119460071717724e-01,-2.6710522187359365e-02,-3.0923712916497337e-01,1.2236717568392459e-01,6.1944698026050338e-01,-2.8270991419228619e-02,-4.4474742271041340e-01,-1.5187510100591273e-02,4.9883605101039608e-01,-2.4955875823868608e-02,-3.7211749201430350e-01,1.0468827731546128e-01,1.2173474685713510e-01,3.3136648301799479e-02,-1.8535106792874956e-02,-9.4711567766634919e-03,5.2005020946391123e-01,-5.6042704835083147e-02,7.8429317347893046e-01,-1.9783427564555173e-01,-7.6028060650033757e-01,1.7873238811024338e-02,-3.6136912627253387e-01,-1.9994643614517520e-02,4.6745385100642090e-01,-4.1296928805932942e-02,-2.0099068060850622e-01,1.3674707209190215e-02,2.4232581545146716e-02,2.1838191491862047e-03,8.1823757746272507e-01,1.9589268377450380e-02,4.7200822911835238e-01,-4.8846191340401565e-02,-2.8514732230118922e-01,6.1854855351956575e-02,6.5680363726141311e-01,1.7225140103302637e-02,-4.4716294061681694e-01,-7.8465055187637717e-03,4.6680197948856167e-01,-5.7648543781591358e-02,-3.9310233358148694e-01,1.3431902540494325e-01,5.2936997435356806e-02,-3.2672226362338082e-02,-7.3122080546454303e-03,7.3431655884557134e-03,5.8734356384350161e-01,4.7062371024016864e-03,8.1751199770589800e-01,-2.4373390033094788e-01,5.4594357950634173e-05,5.4607923618631366e-05,7.1377237738675010e-05,5.4641808740490830e-05,9.9084711603720610e-01,-1.0916471336924660e-01,9.9084171549041078e-01,-1.0919146264959310e-01,9.8025576360095612e-01,-1.4160314336286087e-01,9.8773706914686843e-01,-1.0891741724966175e-01
2.0925693908008179e+03,-7.7410322633869477e-01,-1.2826863373182007e-02,-3.5995333712448685e-01,1.2762890583851577e-03,4.8382416448729104e-01,-2.8387094069465314e-02,-2.6184053667133766e-01,1.2928239997522131e-01,-4.4874145998870128e-03,-8.6468847607796377e-03,8.1978037034175599e-01,2.5273862542807640e-02,4.9113915550916620e-01,-2.7043575197290878e-02,-3.0955036471131053e-01,1.2147168765592486e-01,6.1922772458823316e-01,-2.8292867927557919e-02,-4.4398014656389734e-01,-1.4071359809718326e-02,4.9881960924261132e-01,-2.5294747856862754e-02,-3.7374139667242973e-01,1.0288752544677300e-01,1.2282626761681903e-01,3.4278386064784352e-02,-1.8597974587044794e-02,-9.5437982559899767e-03,5.2025175205219365e-01,-5.5105474930234585e-02,7.8370426153241957e-01,-1.9921835054566467e-01,-7.6032923871910285e-01,1.7594446428940997e-02,-3.6217601126330912e-01,-1.8906523606957736e-02,4.6725474868062361e-01,-4.0614581855890529e-02,-2.0017885041202649e-01,1.2940857659237789e-02,2.2922933028752295e-02,3.8519423524043918e-03,8.1830069178755649e-01,1.9445846142671998e-02,4.7189574447591909e-01,-4.8065696639183503e-02,-2.8497057242298673e-01,6.2061917531751075e-02,6.5694857523565164e-01,1.7125176273115862e-02,-4.4629669330059668e-01,-8.9261420133452708e-03,4.6678633141718967e-01,-5.6716823309714129e-02,-3.9365277388166453e-01,1.3616931615169744e-01,5.3980980557367948e-02,-3.3782122406534290e-02,-7.4425403076921279e-03,7.4959602623087809e-03,5.8736492037411947e-01,2.5924130332067100e-03,8.1744782782242476e-01,-2.4289288051095620e-01,5.4584396287909590e-05,5.4598061144549047e-05,7.1270994790240079e-05,5.4630165927780756e-05,9.9030661504373152e-01,-1.1360894232654056e-01,9.9030096490747443e-01,-1.1363698423311830e-01,9.7909407539777038e-01,-1.4711395563026772e-01,9.8721684503377516e-01,-1.1335027815887025e-01
2.1786118842210713e+03,-7.7402414090404636e-01,-1.2782300902773658e-02,-3.6077267350864101e-01,2.7396064144882826e-04,4.8373255714659830e-01,-2.8710614817448226e-02,-2.6115706677421013e-01,1.2882313812033272e-01,-6.0540122335886425e-03,-1.0305494289738322e-02,8.1987720123754548e-01,2.5375268104451787e-02,4.9108417567119872e-01,-2.7365835725610847e-02,-3.0983534494933540e-01,1.2061315683892965e-01,6.1898498739408336e-01,-2.8379632185592585e-02,-4.4315822230546675e-01,-1.3046155416738106e-02,4.9880457309662440e-01,-2.5622111912486215e-02,-3.7541736655073549e-01,1.0113224744170890e-01,1.2400702823031723e-01,3.5423531895422092e-02,-1.8661121381516016e-02,-9.6345230912780709e-03,5.2044785039933272e-01,-5.4198684922676023e-02,7.8311555221948204e-01,-2.0054977503769453e-01,-7.6038879145879523e-01,1.7351975720813217e-02,-3.6303616121758847e-01,-1.7932273799367644e-02,4.6705889011862506e-01,-3.9952455887365262e-02,-1.9929959386472876e-01,1.2162063742112525e-02,2.1523014705621502e-02,5.3995064851622629e-03,8.1837618259232625e-01,1.9310386631129016e-02,4.7178826476037805e-01,-4.7310319395146835e-02,-2.8479423579386276e-01,6.2233732922805041e-02,6.5710166833700523e-01,1.7113165180566658e-02,-4.4538598566194398e-01,-9.9104491816157832e-03,4.6677775620426915e-01,-5.5817381011535244e-02,-3.9429261322473091e-01,1.3802233989266860e-01,5.5111934070253159e-02,-3.4897915770813859e-02,-7.5780628712391338e-03,7.6562340600890982e-03,5.8739332902755903e-01,5.4839662199482331e-04,8.1739305660252903e-01,-2.4205063962163226e-01,5.4574082231491340e-05,5.4587848304716847e-05,7.1164513282727517e-05,5.4619047067800991e-05,9.8972242434883650e-01,-1.1823142412746136e-01,9.8971648127928535e-01,-1.1826082038379224e-01,9.7785326629745384e-01,-1.5283276003809543e-01,9.8665359514923245e-01,-1.1796285826492116e-01
2.2681922821459616e+03,-7.7394167278137393e-01,-1.2795767406898029e-02,-3.6164032613401426e-01,-6.1284581768773772e-04,4.8364050461657876e-01,-2.9023963082374905e-02,-2.6039087755073226e-01,1.2837405205721114e-01,-7.7108585805252955e-03,-1.1837040870774578e-02,8.1997350870687791e-01,2.5475976682416190e-02,4.9102944372746549e-01,-2.7677588362939091e-02,-3.1009252809782017e-01,1.1979036107439897e-01,6.1871180763197597e-01,-2.8528946811823608e-02,-4.4228721537990490e-01,-1.2114042981852327e-02,4.9879069191845654e-01,-2.5938277403832928e-02,-3.7714995620001568e-01,9.9427091551396729e-02,1.2528249419496240e-01,3.6566070763511357e-02,-1.8725689758902396e-02,-9.7435199939669547e-03,5.2063938592842907e-01,-5.3321567842845807e-02,7.8252595616210552e-01,-2.0182883588545697e-01,-7.6046172492876452e-01,1.7143762077418481e-02,-3.6394232727996817e-01,-1.7073819094918348e-02,4.6686550541369293e-01,-3.9309998890021958e-02,-1.9834634992823527e-01,1.1342493605867213e-02,2.0037904535227066e-02,6.8220473615154160e-03,8.1846219297475320e-01,1.9182978615220676e-02,4.7168487086406580e-01,-4.6579354747306290e-02,-2.8461667469975360e-01,6.2370401448196500e-02,6.5725438813837744e-01,1.7189712281622350e-02,-4.4443557687293750e-01,-1.0797693816148139e-02,4.6677515752081356e-01,-5.4949278524023183e-02,-3.9502768959585177e-01,1.3987442380987844e-01,5.6335486445122679e-02,-3.6013877941453019e-02,-7.7192681978040236e-03,7.8239530304067446e-03,5.8742981529933136e-01,-1.4280098106765199e-03,8.1734454384421162e-01,-2.4120516299094183e-01,5.4563410880262430e-05,5.4577279800463414e-05,7.1057803908984026e-05,5.4608398779421719e-05,9.8909107486383785e-01,-1.2303903836790733e-01,9.8908478962224056e-01,-1.2306985211620561e-01,9.7652765505626082e-01,-1.5876678999900856e-01,9.8604376605653632e-01,-1.2276214052051690e-01
2.3614560565136667e+03,-7.7386075385352293e-01,-1.2867153429477529e-02,-3.6254974797805101e-01,-1.3819527500623235e-03,4.8354783950901775e-01,-2.9327405240888844e-02,-2.5954045755433564e-01,1.2792809339461320e-01,-9.4529543849016847e-03,-1.3236506601928013e-02,8.2006952956341284e-01,2.5576279011188613e-02,4.9097476586485311e-01,-2.7979110014207900e-02,-3.1032223368037709e-01,1.1900194237007977e-01,6.1840119663783311e-01,-2.8737799782486806e-02,-4.4137264618751115e-01,-1.1277046226247464e-02,4.9877773975477213e-01,-2.6243546576748232e-02,-3.7894348731720989e-01,9.7777470512724327e-02,1.2665817826621215e-01,3.7698956127400596e-02,-1.8792837622030521e-02,-9.8709554345051739e-03,5.2082715642749244e-01,-5.2473370490282875e-02,7.8193451212518938e-01,-2.0305570968633693e-01,-7.6055039555426940e-01,1.6967534226591408e-02,-3.6488735231856423e-01,-1.6332888025176611e-02,4.6667389902692269e-01,-3.8686670152639734e-02,-1.9731217299360868e-01,1.0487184932475108e-02,1.8472662238425204e-02,8.1148343222935890e-03,8.1855703116883549e-01,1.9063506466602646e-02,4.7158472904029725e-01,-4.5872112646588491e-02,-2.8443601645177113e-01,6.2472068396253466e-02,6.5739802569313588e-01,1.7354810859481509e-02,-4.4345027722184721e-01,-1.1586130338144034e-02,4.6677753898291879e-01,-5.4111597573744119e-02,-3.9586402497678669e-01,1.4172092397258221e-01,5.7657357375443793e-02,-3.7123251098788460e-02,-7.8666650528962725e-03,7.9990768530317276e-03,5.8747526539329953e-01,-3.3389100717588771e-03,8.1729891545265165e-01,-2.4035447753129677e-01,5.4552370949391635e-05,5.4566343848368322e-05,7.0950869054573385e-05,5.4598161962758798e-05,9.8840882722751411e-01,-1.2803888599613616e-01,9.8840214404748694e-01,-1.2807118137687529e-01,9.7511115025190387e-01,-1.6492344439732454e-01,9.8538352294945530e-01,-1.2775532932405001e-01
2.4585546607931824e+03,-7.7378662825255051e-01,-1.2995717379508165e-02,-3.6349336845573477e-01,-2.0316538778675092e-03,4.8345440601911510e-01,-2.9621171562645661e-02,-2.5860503537711443e-01,1.2747739840243169e-01,-1.1273921026561246e-02,-1.4498851323178697e-02,8.2016548478924534e-01,2.5676461200648010e-02,4.9091996175841374e-01,-2.8270641105460789e-02,-3.1052473572215378e-01,1.1824647668702244e-01,6.1804600270466026e-01,-2.9002090831884264e-02,-4.4042085905006340e-01,-1.0536804886937465e-02,4.9876550668761788e-01,-2.6538185989778473e-02,-3.8080139885953063e-01,9.6189841954113314e-02,1.2813883761322986e-01,3.8813694047804825e-02,-1.8863846852187061e-02,-1.0016901226128926e-02,5.2101190208808346e-01,-5.1653435511475179e-02,7.8134043719448176e-01,-2.0423035515354981e-01,-7.6065725858768118e-01,1.6820600251837348e-02,-3.6586319327019229e-01,-1.5710647682339006e-02,4.6648342247691571e-01,-3.8081996316079711e-02,-1.9619032571664660e-01,9.6025796703341285e-03,1.6833696151687217e-02,9.2731286912429590e-03,8.1865913883454788e-01,1.8951685727000525e-02,4.7148706213356101e-01,-4.5187985448117800e-02,-2.8425022186347071e-01,6.2539038164607347e-02,6.5752332296318494e-01,1.7607377609259775e-02,-4.4243584083865722e-01,-1.2274352373492600e-02,4.6678397330184818e-01,-5.3303519232809328e-02,-3.9680726046003995e-01,1.4355570155112521e-01,5.9082606105311061e-02,-3.8217833159191777e-02,-8.0207975469077479e-03,8.1815188309607954e-03,5.8753051409746282e-01,-5.1861514926963420e-03,8.1725251686421729e-01,-2.3949690091478379e-01,5.4540964495051523e-05,5.4555041797445905e-05,7.0843723120067351e-05,5.4588292394872996e-05,9.8767165908957011e-01,-1.3323834079471014e-01,9.8766451523038523e-01,-1.3327218220272519e-01,9.7359720934961080e-01,-1.7131032833203580e-01,9.8466871767123454e-01,-1.3294990084631980e-01
2.5596457759335390e+03,-7.7372406275361061e-01,-1.3180570441447326e-02,-3.6446488422863510e-01,-2.5601613276691193e-03,4.8336007621308652e-01,-2.9905500533992845e-02,-2.5758362748150226e-01,1.2701331413525474e-01,-1.3168890166958356e-02,-1.5618576653368476e-02,8.2026160777604062e-01,2.5776791909824071e-02,4.9086488146097812e-01,-2.8552429550413941e-02,-3.1070011984124185e-01,1.1752234564776715e-01,6.1763955714985930e-01,-2.9317256847951945e-02,-4.3943708718828395e-01,-9.8950028120677186e-03,4.9875381523215984e-01,-2.6822467025790490e-02,-3.8272719374621883e-01,9.4671309895052208e-02,1.2972963093342335e-01,3.9900957713984900e-02,-1.8939878923097574e-02,-1.0181446601069356e-02,5.2119426547579140e-01,-5.0861079081397108e-02,7.8074307339210125e-01,-2.0535266808612451e-01,-7.6078418111359802e-01,1.6700209354384418e-02,-3.6686312530654597e-01,-1.5208334149144130e-02,4.6629350703746292e-01,-3.7495484178409137e-02,-1.9497342188728595e-01,8.6957885339349825e-03,1.5125949133088500e-02,1.0291735837897572e-02,8.1876721502383842e-01,1.8847056852042972e-02,4.7139119057946688e-01,-4.4526348142425558e-02,-2.8405692858143700e-01,6.2571652046254561e-02,6.5762144698146141e-01,1.7945912291621333e-02,-4.4139700237987750e-01,-1.2860728028789167e-02,4.6679365005558104e-01,-5.2524214805719720e-02,-3.9786340908639367e-01,1.4537188431162223e-01,6.0616696125265691e-02,-3.9288554677082643e-02,-8.1822009692202411e-03,8.3712062135788672e-03,5.8759620520429823e-01,-6.9715763430617805e-03,8.1720137738157250e-01,-2.3863074909855084e-01,5.4529190364071531e-05,5.4543371793998511e-05,7.0736369379959462e-05,5.4578740924976339e-05,9.8687520784799654e-01,-1.3864501314929889e-01,9.8686753278299522e-01,-1.3868046484824295e-01,9.7197881349494109e-01,-1.7793519568279920e-01,9.8389486111394242e-01,-1.3835356200126953e-01
2.6648935664259998e+03,-7.7367796501229580e-01,-1.3420215510833111e-02,-3.6545726282178548e-01,-2.9660635725940743e-03,4.8326473819625398e-01,-3.0180605472289214e-02,-2.5647613063041852e-01,1.2652629618451972e-01,-1.5131863434604985e-02,-1.6590020322016792e-02,8.2035812072056169e-01,2.5877532723468016e-02,4.9080939210406910e-01,-2.8824697936983064e-02,-3.1084844124253352e-01,1.1682780267422903e-01,6.1717528890295392e-01,-2.9677643363611728e-02,-4.3842713280627171e-01,-9.3530212402841151e-03,4.9874250636328449e-01,-2.7096636377743982e-02,-3.8472336838618432e-01,9.3230035400196212e-02,1.3143480895126616e-01,4.0949889531830083e-02,-1.9022194195183004e-02,-1.0364599684393400e-02,5.2137482532021240e-01,-5.0095682912875500e-02,7.8014197191959889e-01,-2.0642237247047832e-01,-7.6093291723275502e-01,1.6603250014560630e-02,-3.6787983183868345e-01,-1.4826742270257532e-02,4.6610363656815929e-01,-3.6926689081533209e-02,-1.9365438913305577e-01,7.7754958363501284e-03,1.3355471573808933e-02,1.1165321001561104e-02,8.1888013715619734e-01,1.8749041113988098e-02,4.7129649600431589e-01,-4.3886634757007000e-02,-2.8385356316848953e-01,6.2570494540455157e-02,6.5768322007311752e-01,1.8367788162490080e-02,-4.4033919959020262e-01,-1.3343899609906198e-02,4.6680583119047858e-01,-5.1772926603039941e-02,-3.9903791934294258e-01,1.4716102910996606e-01,6.2264262515691338e-02,-4.0324792173098402e-02,-8.3514466167347069e-03,8.5680244433758053e-03,5.8767290079231427e-01,-8.6968407524038449e-03,8.1714116609341847e-01,-2.3775472700884684e-01,5.4517054137195439e-05,5.4531338515368748e-05,7.0628816547293284e-05,5.4569465413765197e-05,9.8601477427037931e-01,-1.4426678262521997e-01,9.8600648922073053e-01,-1.4430390779567276e-01,9.7024842898300478e-01,-1.8480598050164246e-01,9.8305710188554418e-01,-1.4397428295053555e-01
2.7744689468950514e+03,-7.7365320756495304e-01,-1.3712602249047745e-02,-3.6646310644548685e-01,-3.2482189270930523e-03,4.8316829770386360e-01,-3.0446682182226206e-02,-2.5528337676643725e-01,1.2600590309370080e-01,-1.7156073890446842e-02,-1.7407236678201134e-02,8.2045524208313325e-01,2.5978933186788206e-02,4.9075337978175970e-01,-2.9087650913340625e-02,-3.1096973499267205e-01,1.1616093754382568e-01,6.1664697330562213e-01,-3.0076569140520593e-02,-4.3739705939183043e-01,-8.9120292614730673e-03,4.9873144145666320e-01,-2.7360922515586708e-02,-3.8679137085265558e-01,9.1875202092150166e-02,1.3325765271402684e-01,4.1948116749293829e-02,-1.9112114797563348e-02,-1.0566299952976074e-02,5.2155409340890391e-01,-4.9356674373785707e-02,7.7953690880453719e-01,-2.0743905352105096e-01,-7.6110491557220450e-01,1.6526349727798290e-02,-3.6890575964051159e-01,-1.4566351930470268e-02,4.6591334897264097e-01,-3.6375200348316594e-02,-1.9222653322056299e-01,6.8519988368635071e-03,1.1529068030586721e-02,1.1888295014463554e-02,8.1899699405153470e-01,1.8656963256292968e-02,4.7120242406533264e-01,-4.3268322229702227e-02,-2.8363732217495102e-01,6.2536443876961528e-02,6.5769936096930459e-01,1.8869260515819539e-02,-4.3926826751169007e-01,-1.3722685032680679e-02,4.6681985469547316e-01,-5.1048951051619655e-02,-4.0033557548022880e-01,1.4891314617801818e-01,6.4029029868771847e-02,-4.1314368458075311e-02,-8.5291364311100067e-03,8.7718202842536359e-03,5.8776106384612647e-01,-1.0363459351768640e-02,8.1706716301867555e-01,-2.3686799333138767e-01,5.4504563683359726e-05,5.4518948747746363e-05,7.0521072174838803e-05,5.4560425666836854e-05,9.8508528883414581e-01,-1.5011179183712148e-01,9.8507630631602328e-01,-1.5015065152354234e-01,9.6839797258853821e-01,-1.9193077349322521e-01,9.8215019645588852e-01,-1.4982028831945732e-01
2.8885498596510947e+03,-7.7365449712444145e-01,-1.4055134514416701e-02,-3.6747482855488617e-01,-3.4057523773614456e-03,4.8307067996789943e-01,-3.0703913380291825e-02,-2.5400728358407537e-01,1.2544085253157672e-01,-1.9234093804804075e-02,-1.8064006899902903e-02,8.2055318987587145e-01,2.6081228617729352e-02,4.9069675144378572e-01,-2.9341479559069922e-02,-3.1106403934928972e-01,1.1551965554897953e-01,6.1604895578366925e-01,-3.0506350141024263e-02,-4.3635304243768086e-01,-8.5729908027341872e-03,4.9872050401082640e-01,-2.7615539700622985e-02,-3.8893145131934598e-01,9.0616944420019774e-02,1.3520026558783418e-01,4.2881795986651663e-02,-1.9211005799233134e-02,-1.0786415895974561e-02,5.2173251084753780e-01,-4.8643514770645983e-02,7.7892790944247636e-01,-2.0840218918744302e-01,-7.6130117945906461e-01,1.6465951421539025e-02,-3.6993329535491071e-01,-1.4427350001570371e-02,4.6572223850061722e-01,-3.5840633490912217e-02,-1.9068374160436666e-01,5.9372553690869093e-03,9.6541904562611192e-03,1.2454827554958655e-02,8.1911710366643675e-01,1.8570078717803626e-02,4.7110848744704092e-01,-4.2670921369700333e-02,-2.8340518201330867e-01,6.2470736023210655e-02,6.5766068473008754e-01,1.9445404496456101e-02,-4.3819028814617139e-01,-1.3996079573024723e-02,4.6683513792669329e-01,-5.0351628644061820e-02,-4.0176027383132379e-01,1.5061672622801955e-01,6.5913587774350246e-02,-4.2243581402648465e-02,-8.7158997725470620e-03,8.9823992895068441e-03,5.8786104344785228e-01,-1.1972831914180179e-02,8.1697426199339762e-01,-2.3597026564483667e-01,5.4491729838609514e-05,5.4506212078104315e-05,7.0413143031666892e-05,5.4551583441450717e-05,9.8408127713118454e-01,-1.5618845190339023e-01,9.8407150058682724e-01,-1.5622910383720648e-01,9.6641877139220289e-01,-1.9931781201990206e-01,9.8116847685403641e-01,-1.5590005910179031e-01
3.0073215636556101e+03,-7.7368624243074058e-01,-1.4444723658248337e-02,-3.6848485294012284e-01,-3.4379819006465223e-03,4.8297182894790286e-01,-3.0952474366323379e-02,-2.5265097640653389e-01,1.2481909215851769e-01,-2.1357983811249173e-02,-1.8553787358739329e-02,8.2065218339506596e-01,2.6184638633181545e-02,4.9063943493067691e-01,-2.9586366981475647e-02,-3.1113142277342054e-01,1.1490165638882904e-01,6.1537636232833171e-01,-3.0958381273566593e-02,-4.3530119862143674e-01,-8.3367304803323161e-03,4.9870960045266133e-01,-2.7860693129735825e-02,-3.9114255362341660e-01,8.9466254655431413e-02,1.3726340458630079e-01,4.3735692653156175e-02,-1.9320255251360077e-02,-1.1024752304211065e-02,5.2191044929031749e-01,-4.7955684431779569e-02,7.7831526088018743e-01,-2.0931118503206420e-01,-7.6152214182967981e-01,1.6418434952513189e-02,-3.7095495985243598e-01,-1.4409723513074121e-02,4.6552995287875371e-01,-3.5322619442543821e-02,-1.8902067121853042e-01,5.0448911181072975e-03,7.7387937561209895e-03,1.2858798547172973e-02,8.1924002809582019e-01,1.8487605182508804e-02,4.7101426517728229e-01,-4.2093964732160358e-02,-2.8315391664638823e-01,6.2375028170845698e-02,6.5755831752972715e-01,2.0090109521377405e-02,-4.3711141950060262e-01,-1.4163196284700735e-02,4.6685117897049355e-01,-4.9680330792676954e-02,-4.0331483044607830e-01,1.5225881749353629e-01,6.7919199606318689e-02,-4.3097271100940915e-02,-8.9123911471475914e-03,9.1995265373788077e-03,5.8797306978260633e-01,-1.3526278624550372e-02,8.1685698858731837e-01,-2.3506192517168059e-01,5.4478573089441173e-05,5.4493147598789448e-05,7.0305041982735714e-05,5.4542908901109236e-05,9.8299681797594629e-01,-1.6250546500540683e-01,9.8298614148950392e-01,-1.6254796232131469e-01,9.6430151509766571e-01,-2.0697548670654436e-01,9.8010581255173157e-01,-1.6222235257184117e-01
3.1309769353679908e+03,-7.7375236312293993e-01,-1.4877839613725352e-02,-3.6948589973073392e-01,-3.3444360906311754e-03,4.8287171257380024e-01,-3.1192537406160164e-02,-2.5121886778569791e-01,1.2412798805676271e-01,-2.3519531783052661e-02,-1.8869813553662389e-02,8.2075244059246388e-01,2.6289365388590002e-02,4.9058138291412368e-01,-2.9822492801325647e-02,-3.1117199809127377e-01,1.1430442822132959e-01,6.1462536001662404e-01,-3.1423256391354348e-02,-4.3424734545768368e-01,-8.2039240297450550e-03,4.9869866237841920e-01,-2.8096583166963569e-02,-3.9342221304998459e-01,8.8434771412246843e-02,1.3944631047878867e-01,4.4493420719271586e-02,-1.9441238349952161e-02,-1.1281046993734719e-02,5.2208820129903932e-01,-4.7292670553086447e-02,7.7769952999255931e-01,-2.1016541788743426e-01,-7.6176752691330918e-01,1.6380246364842498e-02,-3.7196368873683955e-01,-1.4513270083696520e-02,4.6533620379295265e-01,-3.4820797687772506e-02,-1.8723298623901832e-01,4.1900636992729529e-03,5.7910983375537087e-03,1.3093899784143685e-02,8.1936558349169997e-01,1.8408751417818767e-02,4.7091941110139574e-01,-4.1536997683529274e-02,-2.8288013881863094e-01,6.2251444925937233e-02,6.5738400472416292e-01,2.0796081908491706e-02,-4.3603764524790267e-01,-1.4223280393332602e-02,4.6686756241378724e-01,-4.9034449163540467e-02,-4.0500075710572470e-01,1.5382523902504186e-01,7.0045603381073351e-02,-4.3859045594437616e-02,-9.1192798195921000e-03,9.4229248348807592e-03,5.8809722759727712e-01,-1.5025065147767580e-02,8.1670957555064105e-01,-2.3414411668560137e-01,5.4465111830926824e-05,5.4479772202279582e-05,7.0196775507674140e-05,5.4534368254024208e-05,9.8182550530527468e-01,-1.6907179374106754e-01,9.8181381344804530e-01,-1.6911618364110295e-01,9.6203621752257074e-01,-2.1491229191481051e-01,9.7895557688705526e-01,-1.6879616772637082e-01
3.2597167819626447e+03,-7.7385672020029239e-01,-1.5350147953480664e-02,-3.7046933754191469e-01,-3.1251672490356652e-03,4.8277030956764283e-01,-3.1424249960938087e-02,-2.4971791416426106e-01,1.2335441248568252e-01,-2.5707889877149229e-02,-1.9005322605546063e-02,8.2085417630152302e-01,2.6395587739364873e-02,4.9052256004448413e-01,-3.0050011379544751e-02,-3.1118613762093572e-01,1.1372529523757581e-01,6.1379314132988516e-01,-3.1890364589307829e-02,-4.3319839978684654e-01,-8.1748704447680981e-03,4.9868763488158563e-01,-2.8323385423349050e-02,-3.9576534101968658e-01,8.7534955393280198e-02,1.4174515768978427e-01,4.5136972025460395e-02,-1.9575497895786120e-02,-1.1554880554151265e-02,5.2226601452152488e-01,-4.6654028207892606e-02,7.7708167197847833e-01,-2.1096421200870363e-01,-7.6203668847877282e-01,1.6347855426316400e-02,-3.7295125477772229e-01,-1.4737239665024604e-02,4.6514073639297621e-01,-3.4334858952089417e-02,-1.8531863211809119e-01,3.3902491333455062e-03,3.8218853056017498e-03,1.3153886855529257e-02,8.1949378804891981e-01,1.8332767544727780e-02,4.7082361917241805e-01,-4.0999627672205066e-02,-2.8258049146232023e-01,6.2102858634154545e-02,6.5712976867940931e-01,2.1554188111484924e-02,-4.3497620882436472e-01,-1.4176052665219860e-02,4.6688392163948278e-01,-4.8413449050087286e-02,-4.0681706133825446e-01,1.5529997631433040e-01,7.2289498374029246e-02,-4.4510835955404338e-02,-9.3372860848261463e-03,9.6522161884503906e-03,5.8823355162061353e-01,-1.6470286018408047e-02,8.1652605547387991e-01,-2.3321925325961357e-01,5.4451369385492785e-05,5.4466107430766035e-05,7.0088353014245003e-05,5.4525932625277702e-05,9.8056043491797229e-01,-1.7589668740676251e-01,9.8054760322709467e-01,-1.7594300919808795e-01,9.5961216821799611e-01,-2.2313683436216897e-01,9.7771061366870093e-01,-1.7563077058137166e-01
3.3937501674249902e+03,-7.7400243732358698e-01,-1.5856978330562932e-02,-3.7142698412847797e-01,-2.7804232956605418e-03,4.8266762201767266e-01,-3.1647764201162776e-02,-2.4815680407813281e-01,1.2248515432191791e-01,-2.7911837004838388e-02,-1.8953516251768034e-02,8.2095760466926182e-01,2.6503461850269944e-02,4.9046295570399967e-01,-3.0269081372655778e-02,-3.1117436691301537e-01,1.1316138011676335e-01,6.1287844215182985e-01,-3.2348592913873209e-02,-4.3216085526297970e-01,-8.2497493111634151e-03,4.9867648857971592e-01,-2.8541278060591153e-02,-3.9816499213639223e-01,8.6779417930965608e-02,1.4415390583375171e-01,4.5647693775183379e-02,-1.9724540443827217e-02,-1.1845753337462628e-02,5.2244405981206721e-01,-4.6039298684741589e-02,7.7646296228218536e-01,-2.1170697402631788e-01,-7.6232817366214800e-01,1.6318148361510701e-02,-3.7390999579471124e-01,-1.5080748355118143e-02,4.6494335683299537e-01,-3.3864488285854935e-02,-1.8327738935724089e-01,2.6642263385174905e-03,1.8422907731886432e-03,1.3032519296383110e-02,8.1962491944846783e-01,1.8258965223519635e-02,4.7072665664619306e-01,-4.0481458239256612e-02,-2.8225164383165963e-01,6.1932762861296273e-02,6.5678885300230683e-01,2.2354103227486908e-02,-4.3393404756978154e-01,-1.4021366025544980e-02,4.6689997626938845e-01,-4.7816797021968775e-02,-4.0876073553630404e-01,1.5666623427827558e-01,7.4645303615297351e-02,-4.5033851826369514e-02,-9.5671362105965441e-03,9.8869666974230070e-03,5.8838192525533795e-01,-1.7863030777441065e-02,8.1630044459771844e-01,-2.3229081779087937e-01,5.4437371997015657e-05,5.4452177692134322e-05,6.9979783311599708e-05,5.4517574132739845e-05,9.7919412703408293e-01,-1.8298967127892235e-01,9.7918002238001189e-01,-1.8303795485403909e-01,9.5701787709971986e-01,-2.3165780070558334e-01,9.7636318609815897e-01,-1.8273567854216607e-01
3.5332947520558969e+03,-7.7419219560603003e-01,-1.6393088916158760e-02,-3.7234983675353817e-01,-2.3109256058750222e-03,4.8256366559994440e-01,-3.1863220624632656e-02,-2.4654697076469279e-01,1.2150722494400970e-01,-3.0117912728631215e-02,-1.8707880366680755e-02,8.2106293778611250e-01,2.6613114770507817e-02,4.9040257424479816e-01,-3.0479849270141669e-02,-3.1113755634294321e-01,1.1260966973256450e-01,6.1188161076337355e-01,-3.2786157667711313e-02,-4.3114186563718709e-01,-8.4284191919191537e-03,4.9866521047967810e-01,-2.8750426624802372e-02,-4.0061136840594391e-01,8.6180826354613632e-02,1.4666297748671353e-01,4.6006203421900406e-02,-1.9889969670423849e-02,-1.2153006213632873e-02,5.2262245727144974e-01,-4.5448055606571613e-02,7.7584508157215737e-01,-2.1239320818206481e-01,-7.6264004729822132e-01,1.6288474325715490e-02,-3.7483159689055101e-01,-1.5542474720106792e-02,4.6474390973815771e-01,-3.3409397148156071e-02,-1.8111206478423725e-01,2.0324530974844615e-03,-1.3438853309722277e-04,1.2723902670483725e-02,8.1975946750029860e-01,1.8186768566075522e-02,4.7062833771714524e-01,-3.9982126193908743e-02,-2.8189052840235601e-01,6.1745486583625775e-02,6.5635562853218177e-01,2.3183887703544386e-02,-4.3291889768631714e-01,-1.3759502414980022e-02,4.6691550278424587e-01,-4.7244001372439622e-02,-4.1082570501726845e-01,1.5790622288849537e-01,7.7103855826970727e-02,-4.5408533160893660e-02,-9.8095852039191689e-03,1.0126635362736416e-02,5.8854215313301128e-01,-1.9204295836304439e-02,8.1602697059449891e-01,-2.3136377346563319e-01,5.4423149426210009e-05,5.4438010749535921e-05,6.9871076281505739e-05,5.4509267994744305e-05,9.7771850159985241e-01,-1.9036055164924309e-01,9.7770298323849736e-01,-1.9041081554485220e-01,9.5424102314568093e-01,-2.4048393885558070e-01,9.7490493764575892e-01,-1.9012066402008315e-01
3.6785771459359112e+03,-7.7442761388959036e-01,-1.6953126102230820e-02,-3.7322971516246384e-01,-1.7176956759438339e-03,4.8245847984824997e-01,-3.2070770412027730e-02,-2.4490167085589978e-01,1.2040848857690395e-01,-3.2312545529227396e-02,-1.8262424762883273e-02,8.2117037514257851e-01,2.6724645837771982e-02,4.9034144564887983e-01,-3.0682471819814407e-02,-3.1107680969084461e-01,1.1206703983549959e-01,6.1080498399666738e-01,-3.3191380277382332e-02,-4.3014785770000091e-01,-8.7105435697086148e-03,4.9865381418636129e-01,-2.8951004585691831e-02,-4.0309266891011308e-01,8.5751056299417330e-02,1.4926016670999259e-01,4.6193636332910903e-02,-2.0073288355537674e-02,-1.2475879759318170e-02,5.2280124914308379e-01,-4.4879843304008848e-02,7.7523001493290522e-01,-2.1302263989367862e-01,-7.6296963223032654e-01,1.6256986515280090e-02,-3.7570866718988166e-01,-1.6120916638327831e-02,4.6454230101003213e-01,-3.2969280651853866e-02,-1.7882807024360806e-01,1.5157529054058358e-03,-2.0947757760202347e-03,1.2222695857890710e-02,8.1989816659122183e-01,1.8115727636598199e-02,4.7052855161819374e-01,-3.9501252058162635e-02,-2.8149441082543764e-01,6.1545995632106484e-02,6.5582650765856720e-01,2.4030728681764594e-02,-4.3193785694482351e-01,-1.3390970898685035e-02,4.6693036646984065e-01,-4.6694558348006836e-02,-4.1300338542179171e-01,1.5900244494443211e-01,7.9653243987688332e-02,-4.5615794617608341e-02,-1.0065364998012015e-02,1.0370614983622479e-02,5.8871387888527216e-01,-2.0495109098155183e-02,8.1570038541340828e-01,-2.3044428530384961e-01,5.4408737705819288e-05,5.4423640714967888e-05,6.9762244688454259e-05,5.4500993733005243e-05,9.7612479134483088e-01,-1.9801941693633066e-01,9.7610771191402224e-01,-1.9807166702211057e-01,9.5126838814846415e-01,-2.4962403432443306e-01,9.7332682963171147e-01,-1.9779575078659645e-01
3.8298332769232675e+03,-7.7470993137937794e-01,-1.7531196677066596e-02,-3.7405681533506191e-01,-1.0024736264694634e-03,4.8235211334983652e-01,-3.2270548005139940e-02,-2.4323768179020511e-01,1.1917803029278726e-01,-3.4478595068239443e-02,-1.7612095243624858e-02,8.2128011259210276e-01,2.6838116639232357e-02,4.9027960919897851e-01,-3.0877088831328364e-02,-3.1099378813676526e-01,1.1153035875912663e-01,6.0965282059100900e-01,-3.3552326146010891e-02,-4.2918662162642141e-01,-9.0952951032052254e-03,4.9864232324557395e-01,-2.9143169086714618e-02,-4.0559343098328765e-01,8.5501171706542117e-02,1.5192848009913806e-01,4.6191304797158446e-02,-2.0276163040376501e-02,-1.2813381295601133e-02,5.2298044315517977e-01,-4.4334252090741356e-02,7.7462020578031943e-01,-2.1359523694392862e-01,-7.6331419710712534e-01,1.6222597842137507e-02,-3.7653238357655128e-01,-1.6813907939914875e-02,4.6433846418173685e-01,-3.2543871164558584e-02,-1.7643528477571552e-01,1.1360718216747029e-03,-4.0220736559357850e-03,1.1524568127602268e-02,8.2004191091149936e-01,1.8045595813695758e-02,4.7042721872972976e-01,-3.9038500511197810e-02,-2.8106126931585296e-01,6.1340218423271115e-02,6.5519953566464884e-01,2.4880277825176822e-02,-4.3099952309727474e-01,-1.2916970096795547e-02,4.6694446925881938e-01,-4.6168015343158411e-02,-4.1528104308214076e-01,1.5993714142574977e-01,8.2276716718193033e-02,-4.5636763569973086e-02,-1.0335234930196590e-02,1.0618142104594738e-02,5.8889670569547958e-01,-2.1736384714011368e-02,8.1531632395457010e-01,-2.2954030304914622e-01,5.4394168320907676e-05,5.4409097009126284e-05,6.9653296150694766e-05,5.4492727286708118e-05,9.7440354187016298e-01,-2.0597660402623924e-01,9.7438474953560306e-01,-2.0603083149173271e-01,9.4808581250334933e-01,-2.5908685185901204e-01,9.7161911319813909e-01,-2.0577118134851310e-01
3.9873087737832443e+03,-7.7503942570307482e-01,-1.8121362153398324e-02,-3.7482133683798635e-01,-1.6763480225423510e-04,4.8224463162787395e-01,-3.2462691656837218e-02,-2.4157419952715264e-01,1.1780700371649253e-01,-3.6597533645675327e-02,-1.6753225914170125e-02,8.2139233110039511e-01,2.6953551260146563e-02,4.9021712280062851e-01,-3.1063843533014411e-02,-3.1089059261685820e-01,1.1099656647214584e-01,6.0843157947606707e-01,-3.3857715777612596e-02,-4.2826594530595186e-01,-9.5814059671803370e-03,4.9863078112755616e-01,-2.9327079134058118e-02,-4.0809554431127520e-01,8.5440367763369315e-02,1.5464719641121705e-01,4.5982253237601550e-02,-2.0500218045612157e-02,-1.3164332282987811e-02,5.2315998883593562e-01,-4.3810862549038251e-02,7.7401842307554936e-01,-2.1411134640946888e-01,-7.6367083252710577e-01,1.6185255217827928e-02,-3.7729404746856010e-01,-1.7618790552226194e-02,4.6413237791021617e-01,-3.2132898272215681e-02,-1.7394756463896369e-01,9.1480944605860925e-04,-5.8982073928380268e-03,1.0626608033311556e-02,8.2019177164852708e-01,1.7976345971652131e-02,4.7032431549761416e-01,-3.8593535258940180e-02,-2.8058992850806980e-01,6.1134747565667905e-02,6.5447531103004597e-01,2.5717598251248509e-02,-4.3011256847663371e-01,-1.2339266767173705e-02,4.6695778061692855e-01,-4.5663923542249435e-02,-4.1764250435419242e-01,1.6069384388998714e-01,8.4953694979875732e-02,-4.5454347435167596e-02,-1.0619921559487410e-02,1.0868334024494700e-02,5.8909012366171676e-01,-2.2929035718705082e-02,8.1487174368337700e-01,-2.2866112249478004e-01,5.4379478493205821e-05,5.4394414916617152e-05,6.9544241960474413e-05,5.4484449781471998e-05,9.7254451212049553e-01,-2.1424271937291567e-01,9.7252385274098196e-01,-2.1429889959032133e-01,9.4467811592328277e-01,-2.6888112480699922e-01,9.6977125387002738e-01,-2.1405743323664475e-01
4.1512593650711487e+03,-7.7541530801036374e-01,-1.8717956536808578e-02,-3.7551390934462514e-01,7.8393045348082446e-04,4.8213611716062932e-01,-3.2647352526234505e-02,-2.3993221839924653e-01,1.1628918626727912e-01,-3.8650147468529884e-02,-1.5683754190083738e-02,8.2150718465225125e-01,2.7070937716618060e-02,4.9015406260398353e-01,-3.1242891945418821e-02,-3.1076972955730514e-01,1.1046275272032574e-01,6.0714981171627047e-01,-3.4097522615953335e-02,-4.2739325994562222e-01,-1.0167262420468698e-02,4.9861925047484423e-01,-2.9502904794116019e-02,-4.1057883818580965e-01,8.5575322420597844e-02,1.5739246134262919e-01,4.5552193781481759e-02,-2.0746973699719350e-02,-1.3527396196832332e-02,5.2333977935091180e-01,-4.3309219936980115e-02,7.7342766041044708e-01,-2.1457177615488415e-01,-7.6403668502698829e-01,1.6146049799402748e-02,-3.7798547657050952e-01,-1.8532565489584839e-02,4.6392406739414699e-01,-3.1736071280859104e-02,-1.7138248101844408e-01,8.7177309430155198e-04,-7.7045267240124895e-03,9.5275151346364863e-03,8.2034897653273653e-01,1.7908195034996924e-02,4.7021987516300506e-01,-3.8165997616911980e-02,-2.8008020732834299e-01,6.0936629006722615e-02,6.5365728357537889e-01,2.6527878453699905e-02,-4.2928536542195667e-01,-1.1660087362904414e-02,4.6697033758017387e-01,-4.5181812770581961e-02,-4.2006863008510553e-01,1.6125829754735418e-01,8.7660373906667546e-02,-4.5054207864059323e-02,-1.0920096500316978e-02,1.1120204627115153e-02,5.8929350440210582e-01,-2.4074031129699636e-02,8.1436528438980638e-01,-2.2781704392812865e-01,5.4364705896443528e-05,5.4379630424797966e-05,6.9435092789098347e-05,5.4476143085663447e-05,9.7053660414503862e-01,-2.2282860699533055e-01,9.7051392356685340e-01,-2.2288669891982654e-01,9.4102903099311574e-01,-2.7901549568379697e-01,9.6777187269808163e-01,-2.2266518874287530e-01
4.3219512944165399e+03,-7.7583624123217365e-01,-1.9315409333784006e-02,-3.7612397839715817e-01,1.8484687806587102e-03,4.8202665844024178e-01,-3.2824676664894852e-02,-2.3833533588565711e-01,1.1462156646420195e-01,-4.0614372879046748e-02,-1.4403753630628105e-02,8.2162481041586088e-01,2.7190222615522314e-02,4.9009051168613849e-01,-3.1414384885137085e-02,-3.1063431803381036e-01,1.0992630404416090e-01,6.0581797386084568e-01,-3.4262994912318101e-02,-4.2657703668472180e-01,-1.0850657565412924e-02,4.9860780227444584e-01,-2.9670810891219718e-02,-4.1302027691108095e-01,8.5909823670287572e-02,1.6013613789909092e-01,4.4889791885602645e-02,-2.1018006322853559e-02,-1.3900976763252016e-02,5.2351968169569318e-01,-4.2828883964348606e-02,7.7285119637570843e-01,-2.1497784450099533e-01,-7.6440960976054706e-01,1.6107063389863639e-02,-3.7859743464187573e-01,-1.9551520457818525e-02,4.6371357928217255e-01,-3.1353113602338584e-02,-1.6876239785734476e-01,1.0250905228953375e-03,-9.4197374088777607e-03,8.2281416083706971e-03,8.2051482901196360e-01,1.7841681928980575e-02,4.7011395732249589e-01,-3.7755545967823691e-02,-2.7953326477794843e-01,6.0753402942319928e-02,6.5275147781543585e-01,2.7296423059394233e-02,-4.2852739960328912e-01,-1.0882492492947508e-02,4.6698221037692983e-01,-4.4721233662113433e-02,-4.2253650004802085e-01,1.6161851214372316e-01,9.0368664266897811e-02,-4.4425108655244044e-02,-1.1236396611655725e-02,1.1372596711956399e-02,5.8950618350434036e-01,-2.5172299894719564e-02,8.1379770019455477e-01,-2.2701944658441228e-01,5.4349886489044014e-05,5.4364777966264593e-05,6.9325858354179649e-05,5.4467789580153408e-05,9.6836782963440249e-01,-2.3174533112325990e-01,9.6834297690674109e-01,-2.3180527662535133e-01,9.3712113913633477e-01,-2.8949846548281927e-01,9.6560869452826448e-01,-2.3160531811880974e-01
4.4996617528831903e+03,-7.7630027557216374e-01,-1.9908153173370691e-02,-3.7663975303400488e-01,3.0203495784589113e-03,4.8191635676830707e-01,-3.2994794266620171e-02,-2.3680945317727708e-01,1.1280574743166519e-01,-4.2465215501640230e-02,-1.2917181537887183e-02,8.2174532594798999e-01,2.7311293734170516e-02,4.9002656621213897e-01,-3.1578456940550392e-02,-3.1048811435691503e-01,1.0938517673812836e-01,6.0444850049266252e-01,-3.4347143431039173e-02,-4.2582689769413179e-01,-1.1627955178178800e-02,4.9859652049883746e-01,-2.9830945969075918e-02,-4.1539409053938486e-01,8.6443439530347360e-02,1.6284564243455360e-01,4.3988409924680970e-02,-2.1314880172446513e-02,-1.4283073265421737e-02,5.2369952016638310e-01,-4.2369459290884280e-02,7.7229254696010452e-01,-2.1533151976037704e-01,-7.6478847003307304e-01,1.6071075869653131e-02,-3.7911957669817536e-01,-2.0670279895908424e-02,4.6350099302342612e-01,-3.0983785340593560e-02,-1.6611500926613468e-01,1.3896019277379393e-03,-1.1019883039006733e-02,6.7331689049718764e-03,8.2069061419724243e-01,1.7777712613626040e-02,4.7000665894454619e-01,-3.7361882656973162e-02,-2.7895197001337191e-01,6.0592783317130736e-02,6.5176685924997979e-01,2.8009104727979302e-02,-4.2784929326813831e-01,-1.0011280860791564e-02,4.6699351136239303e-01,-4.4281789106414782e-02,-4.2501918552189538e-01,1.6176610463588506e-01,9.3046107844377238e-02,-4.3560655232291731e-02,-1.1569356354222309e-02,1.1624127613814228e-02,5.8972743456019727e-01,-2.6224659696037683e-02,8.1317248271122644e-01,-2.2628035448199543e-01,5.4335058405209238e-05,5.4349894463722373e-05,6.9216549354308418e-05,5.4459374097681423e-05,9.6602523932778095e-01,-2.4100417437869243e-01,9.6599807066203713e-01,-2.4106589856323465e-01,9.3293579375954849e-01,-3.0033834345987043e-01,9.6326847360688872e-01,-2.4088886467590837e-01
4.6846793291068643e+03,-7.7680423719146252e-01,-2.0492139034907264e-02,-3.7705199473906575e-01,4.2942439637039809e-03,4.8180532559776257e-01,-3.3157885357878183e-02,-2.3537868926885913e-01,1.1084697170220031e-01,-4.4180895300543616e-02,-1.1229627919510772e-02,8.2186877640723810e-01,2.7434018885790501e-02,4.8996233716496951e-01,-3.1735292823286257e-02,-3.1033490757713750e-01,1.0883769885882776e-01,6.0305469599478223e-01,-3.4346159166012913e-02,-4.2515032725263807e-01,-1.2495801059191333e-02,4.9858550664651896e-01,-2.9983505015822448e-02,-4.1767597064153716e-01,8.7171716594699161e-02,1.6548935734886505e-01,4.2846713524373289e-02,-2.1638775717798535e-02,-1.4671717180143807e-02,5.2387907442976422e-01,-4.1930413509799778e-02,7.7175494107878340e-01,-2.1563535944690815e-01,-7.6517283063575647e-01,1.6041840262290143e-02,-3.7954401780922914e-01,-2.1884034226036533e-02,4.6328643009091919e-01,-3.0627752299762084e-02,-1.6346866613968053e-01,1.9749732867137618e-03,-1.2484261991183821e-02,5.0487827655569641e-03,8.2087769697016888e-01,1.7717468520086026e-02,4.6989813344396353e-01,-3.6984600914664545e-02,-2.7834023495343602e-01,6.0461811240015803e-02,6.5071527924795458e-01,2.8654956077335404e-02,-4.2725950994442741e-01,-9.0509642761502519e-03,4.6700442469461328e-01,-4.3862963494878157e-02,-4.2749024689339771e-01,1.6169758855027511e-01,9.5661217303383533e-02,-4.2459870768465580e-02,-1.1919369175498708e-02,1.1873419930104070e-02,5.8995640129691918e-01,-2.7232210093885774e-02,8.1249535384663218e-01,-2.2561077339989313e-01,5.4320256863847922e-05,5.4335014616221022e-05,6.9107174932718811e-05,5.4450881885938945e-05,9.6349476466641670e-01,-2.5061657140240934e-01,9.6346514496486668e-01,-2.5067998441123518e-01,9.2845302703985055e-01,-3.1154316517730524e-01,9.6073690149230706e-01,-2.5052700482238410e-01
4.8773044779419133e+03,-7.7734483547813094e-01,-2.1063494583921205e-02,-3.7734987610049897e-01,5.6625507954844723e-03,4.8169368477638819e-01,-3.3314110449652365e-02,-2.3406802524848494e-01,1.0875580625388084e-01,-4.5736928873550728e-02,-9.3514557418313132e-03,8.2199517708931502e-01,2.7558210585154286e-02,4.8989794193676200e-01,-3.1885057639170364e-02,-3.1017900955628575e-01,1.0828302577632015e-01,6.0165078510624759e-01,-3.4258551200359977e-02,-4.2455631749744382e-01,-1.3449076888876532e-02,4.9857486877171597e-01,-3.0128664375606417e-02,-4.1984025740868647e-01,8.8085199872076955e-02,1.6803272583495812e-01,4.1469350890468271e-02,-2.1990838279175098e-02,-1.5064495753348065e-02,5.2405809990218544e-01,-4.1511268543433379e-02,7.7124162189471368e-01,-2.1589260988154521e-01,-7.6556389804118319e-01,1.6023085171474161e-02,-3.7986135594305936e-01,-2.3185938578508446e-02,4.6307003096790955e-01,-3.0284723450634807e-02,-1.6085585395440258e-01,2.7859249875303999e-03,-1.3789760982719165e-02,3.1857784050284737e-03,8.2107726525229507e-01,1.7662547136220341e-02,4.6978855494638516e-01,-3.6623344315231808e-02,-2.7770377478790981e-01,6.0367029654532084e-02,6.4961068085843920e-01,2.9224815605151083e-02,-4.2676793554285580e-01,-8.0081900175190020e-03,4.6701515798224141e-01,-4.3464298264411783e-02,-4.2992057574274989e-01,1.6141406572150949e-01,9.8179799653392089e-02,-4.1127856737702931e-02,-1.2286677829159803e-02,1.2118861827587955e-02,5.9019220810526518e-01,-2.8195926496365133e-02,8.1177496498360346e-01,-2.2502113410913394e-01,5.4305518888735211e-05,5.4320175349251593e-05,6.8997746892710240e-05,5.4442301953827629e-05,9.6076122743293613e-01,-2.6059412233668255e-01,9.6072903421843969e-01,-2.6065912106674904e-01,9.2365148235180650e-01,-3.2312064164661120e-01,9.5799855134152390e-01,-2.6053103760044910e-01
5.0778500083777244e+03,-7.7791889024872463e-01,-2.1618941299235361e-02,-3.7752149586950162e-01,7.1159837845630458e-03,4.8158155478981990e-01,-3.3463625163963132e-02,-2.3290190470469713e-01,1.0654778076681458e-01,-4.7107384695594168e-02,-7.2971491055212820e-03,8.2212451037737533e-01,2.7683641442859314e-02,4.8983349878985094e-01,-3.2027911760217374e-02,-3.1002508674679580e-01,1.0772114049117920e-01,6.0025113930656060e-01,-3.4085505707804109e-02,-4.2405494523440646e-01,-1.4481388850352786e-02,4.9856471671087166e-01,-3.0266596046152904e-02,-4.2186140968976837e-01,8.9169586901279602e-02,1.7044011781871024e-01,3.9867051472735782e-02,-2.2372111856452357e-02,-1.5458647248316134e-02,5.2423634389499463e-01,-4.1111559968874292e-02,7.7075567031919823e-01,-2.1610716585697107e-01,-7.6596457788114691e-01,1.6018217412031268e-02,-3.8006109336838878e-01,-2.4567715336167362e-02,4.6285194552454090e-01,-2.9954420601386728e-02,-1.5831145759709961e-01,3.8216694937809048e-03,-1.4912049359772831e-02,1.1588608958047542e-03,8.2129026886731671e-01,1.7614997033158147e-02,4.6967810816337596e-01,-3.6277770843934173e-02,-2.7704986219692901e-01,6.0314079876084212e-02,6.4846836951897169e-01,2.9712335211976873e-02,-4.2638543421678937e-01,-6.8912285671626043e-03,4.6702593244002483e-01,-4.3085351048402637e-02,-4.3227998660841765e-01,1.6092137684395913e-01,1.0056684581576253e-01,-3.9575824797851433e-02,-1.2671354476326689e-02,1.2358645044451669e-02,5.9043397979230938e-01,-2.9116753721174428e-02,8.1102257151055679e-01,-2.2452044745422764e-01,5.4290876513318751e-05,5.4305409091983165e-05,6.8888274814497190e-05,5.4433622377284257e-05,9.5780824876174764e-01,-2.7094852495403116e-01,9.5777337541302154e-01,-2.7101499551181563e-01,9.1850833296842094e-01,-3.3507805346759084e-01,9.5503679824897703e-01,-2.7091232677340982e-01
5.2866415915173739e+03,-7.7852245912208762e-01,-2.2156755078118040e-02,-3.7755838929262420e-01,8.6446601412844271e-03,4.8146906644839177e-01,-3.3606626297692913e-02,-2.3189954245243874e-01,1.0424228323031862e-01,-4.8272059192208595e-02,-5.0842251272827203e-03,8.2225664447702573e-01,2.7810054777405613e-02,4.8976913874911393e-01,-3.2164056749597145e-02,-3.0987734777986303e-01,1.0715273346737407e-01,5.9886909158027346e-01,-3.3831740550825051e-02,-4.2365350625958925e-01,-1.5585792506072615e-02,4.9855517499723317e-01,-3.0397509341040026e-02,-4.2371867747936925e-01,9.0406120718507621e-02,1.7268088807547766e-01,3.8057235549746667e-02,-2.2783026759249002e-02,-1.5851416027052864e-02,5.2441351520173674e-01,-4.0730711848170828e-02,7.7029940964915256e-01,-2.1628339008485920e-01,-7.6637858556014704e-01,1.6030154695288214e-02,-3.8013593240207305e-01,-2.6020782644111073e-02,4.6263236052058021e-01,-2.9636487912126221e-02,-1.5586744848246795e-01,5.0739731502848148e-03,-1.5832462018836611e-02,-1.0145811075045583e-03,8.2151746465416775e-01,1.7577067156703426e-02,4.6956702730349531e-01,-3.5947449477672068e-02,-2.7638638760385054e-01,6.0306701626568510e-02,6.4730468511247219e-01,3.0115815933403355e-02,-4.2611987424726383e-01,-5.7088645378105297e-03,4.6703703056585344e-01,-4.2725585044912910e-02,-4.3454203029641059e-01,1.6023131350311387e-01,1.0279248067699667e-01,-3.7821556076157122e-02,-1.3073186255749136e-02,1.2591009882306962e-02,5.9068073326805615e-01,-2.9995866017420054e-02,8.1025099314832461e-01,-2.2411453427824571e-01,5.4276360864974791e-05,5.4290748258173518e-05,6.8778767503799323e-05,5.4424833625894720e-05,9.5461805705271552e-01,-2.8169152255547997e-01,9.5458041280213568e-01,-2.8175934460313334e-01,9.1299917129662866e-01,-3.4742215285666705e-01,9.5183368837416782e-01,-2.8168226088464821e-01
5.5040182894434074e+03,-7.7915257746680833e-01,-2.2675363368288959e-02,-3.7744995766542855e-01,1.0236217212222967e-02,4.8135634718986764e-01,-3.3743292422448661e-02,-2.3107871093045923e-01,1.0186312369453439e-01,-4.9208597614939488e-02,-2.7349800404152594e-03,8.2239142994047443e-01,2.7937170807070144e-02,4.8970498830811710e-01,-3.2293676508608968e-02,-3.0974020561710425e-01,1.0657944894528311e-01,5.9751686742353116e-01,-3.3504003343199251e-02,-4.2336136569830407e-01,-1.6753400830605836e-02,4.9854636372196992e-01,-3.0521598623380455e-02,-4.2539236644505335e-01,9.1771712903394614e-02,1.7472452463261143e-01,3.6062974421868288e-02,-2.3223960524570982e-02,-1.6239612542721195e-02,5.2458932896194044e-01,-4.0368196597823841e-02,7.6987489864362524e-01,-2.1642617030346711e-01,-7.6681132684385922e-01,1.6060334621905262e-02,-3.8007635597909639e-01,-2.7534308224689705e-02,4.6241146160691643e-01,-2.9330608365977624e-02,-1.5355676929801157e-01,6.5292638499614558e-03,-1.6530360731131483e-02,-3.3126762272062513e-03,8.2175911480351893e-01,1.7551476374961173e-02,4.6945554094373954e-01,-3.5631991788946216e-02,-2.7572242711160311e-01,6.0347304619531562e-02,6.4613529873798536e-01,3.0436306192496133e-02,-4.2598097353554465e-01,-4.4722914894979402e-03,4.6704872794338054e-01,-4.2384506488810703e-02,-4.3668010704377841e-01,1.5935971108876323e-01,1.0482726414164613e-01,-3.5888310281467384e-02,-1.3491747613891983e-02,1.2813976956244581e-02,5.9093152843502805e-01,-3.0834337191013590e-02,8.0947479185821514e-01,-2.2380696185096238e-01,5.4261995013730915e-05,5.4276217573070380e-05,6.8669230430291984e-05,5.4415922785747297e-05,9.5117153409144617e-01,-2.9283485301824397e-01,9.5113104665529624e-01,-2.9290390301282609e-01,9.0709795280474625e-01,-3.6015905292871719e-01,9.4836991037448537e-01,-2.9285218855637218e-01
5.7303331058295689e+03,-7.7980651290729308e-01,-2.3173966443839511e-02,-3.7718736104859990e-01,1.1876687301791145e-02,4.8124352587421926e-01,-3.3873815384351191e-02,-2.3045195171508095e-01,9.9437141945486904e-02,-4.9898594698204020e-02,-2.7537149217930768e-04,8.2252863122519670e-01,2.8064687327706311e-02,4.8964117666027634e-01,-3.2416968270946755e-02,-3.0961757925185796e-01,1.0600373421053336e-01,5.9620465180403470e-01,-3.3111414363336644e-02,-4.2318664474908346e-01,-1.7973952899887180e-02,4.9853840701979218e-01,-3.0639070096235812e-02,-4.2686765694593060e-01,9.3239802068722594e-02,1.7654571220768808e-01,3.3912874125947970e-02,-2.3694776723977577e-02,-1.6619909238556402e-02,5.2476348878994594e-01,-4.0023451439467311e-02,7.6948345763292902e-01,-2.1654068185219655e-01,-7.6726879904716616e-01,1.6108602386347606e-02,-3.7987431669443505e-01,-2.9096090927579372e-02,4.6218944796258221e-01,-2.9036440906235736e-02,-1.5140877011828477e-01,8.1676373504020322e-03,-1.6988947750984803e-02,-5.7102708396391698e-03,8.2201498166176612e-01,1.7541157223265519e-02,4.6934389635478235e-01,-3.5330981832386990e-02,-2.7506728751420451e-01,6.0436261986441253e-02,6.4497472897859442e-01,3.0678616050968624e-02,-4.2597686527598405e-01,-3.1941990975739194e-03,4.6706132405516781e-01,-4.2061593400291926e-02,-4.3867140775685398e-01,1.5832694841279107e-01,1.0664708319426905e-01,-3.3804569274502323e-02,-1.3926280594654358e-02,1.3025554071611309e-02,5.9118540071051817e-01,-3.1633314664203924e-02,8.0870902420974655e-01,-2.2359781935001177e-01,5.4247802554668709e-05,5.4261842932379619e-05,6.8559671198435595e-05,5.4406881336794358e-05,9.4744801684307622e-01,-3.0439020690238511e-01,9.4740463195901392e-01,-3.0446036272122062e-01,9.0077687333436907e-01,-3.7329412478817214e-01,9.4462464266537971e-01,-3.0443338459095726e-01
5.9659535591926642e+03,-7.8048244186877436e-01,-2.3652226178815516e-02,-3.7676222412707316e-01,1.3550773694475993e-02,4.8113072910784038e-01,-3.3998402902614445e-02,-2.3002717166004230e-01,9.6992770596093431e-02,-5.0326065547685400e-02,2.2659969362296764e-03,8.2266796168718370e-01,2.8192321704296003e-02,4.8957783030295970e-01,-3.2534146126896014e-02,-3.0951290861471942e-01,1.0542865390975442e-01,5.9494006508977448e-01,-3.2664489259083107e-02,-4.2313729906303432e-01,-1.9236055622353629e-02,4.9853142731083383e-01,-3.0750148101777716e-02,-4.2813418484953736e-01,9.4781747368477942e-02,1.7812410519665547e-01,3.1639149104003117e-02,-2.4195018202817754e-02,-1.6988884995124756e-02,5.2493570086393548e-01,-3.9695866957407504e-02,7.6912578139159105e-01,-2.1663225432419711e-01,-7.6775747001030892e-01,1.6172931897088610e-02,-3.7952193424027575e-01,-3.0692759927842726e-02,4.6196652593407955e-01,-2.8753615300959830e-02,-1.4944889243685416e-01,9.9647530030165347e-03,-1.7193688828680640e-02,-8.1798667584739009e-03,8.2228424105271825e-01,1.7549270888243835e-02,4.6923234758187515e-01,-3.5043966375027227e-02,-2.7443013034780050e-01,6.0572163115326011e-02,6.4383501198648996e-01,3.0850477743719195e-02,-4.2611519482587551e-01,-1.8886147218721474e-03,4.6707512851850147e-01,-4.1756276369942932e-02,-4.4049676469363919e-01,1.5715624582492616e-01,1.0823284964183061e-01,-3.1602070045825652e-02,-1.4375769635506082e-02,1.3223748626094052e-02,5.9144138769103205e-01,-3.2394049122966957e-02,8.0796843576801347e-01,-2.2348405257994125e-01,5.4233794177961249e-05,5.4247637688037741e-05,6.8450089980423405e-05,5.4397693375311798e-05,9.4342525508703923e-01,-3.1636909774084515e-01,9.4337893576463228e-01,-3.1644024243606078e-01,8.9400630547825111e-01,-3.8683181664424821e-01,9.4057550439557835e-01,-3.1643692897843295e-01
6.2112622797153927e+03,-7.8117790993411385e-01,-2.4110282671675476e-02,-3.7617206081441362e-01,1.5241391157437154e-02,4.8101808415985864e-01,-3.4117267455082048e-02,-2.2980362279696079e-01,9.4559369022251677e-02,-5.0485162110749535e-02,4.8572327305382128e-03,8.2280896333775011e-01,2.8319726481373014e-02,4.8951508132073063e-01,-3.2645427370906144e-02,-3.0942837703224724e-01,1.0485794966798340e-01,5.9372795087754526e-01,-3.2175303301623326e-02,-4.2321664213099197e-01,-2.0526526626116579e-02,4.9852555532537901e-01,-3.0855053882057032e-02,-4.2918990174425531e-01,9.6367320067266116e-02,1.7944936299155584e-01,2.9278308069950104e-02,-2.4723111856007982e-02,-1.7343208166048604e-02,5.2510565366396700e-01,-3.9384829966660498e-02,7.6880138776200801e-01,-2.1670603267362548e-01,-7.6828244841930660e-01,1.6249495579936095e-02,-3.7901670253486458e-01,-3.2309271481379159e-02,4.6174291046285593e-01,-2.8481751636038249e-02,-1.4769442720600751e-01,1.1890124425002868e-02,-1.7139740535730946e-02,-1.0691086691517346e-02,8.2256540036278636e-01,1.7578634998633675e-02,4.6912117150796384e-01,-3.4770488305939012e-02,-2.7381909406252086e-01,6.0751104756121437e-02,6.4272614311705412e-01,3.0962565365783831e-02,-4.2639834649490299e-01,-5.7102095691478720e-04,4.6709048113330992e-01,-4.1467999377180036e-02,-4.4214430058822068e-01,1.5587492447227869e-01,1.0957529921552489e-01,-2.9316396469799777e-02,-1.4838623316532462e-02,1.3406790054114361e-02,5.9169849863265989e-01,-3.3117793862046170e-02,8.0726621736347659e-01,-2.2345858245717121e-01,5.4220012534167314e-05,5.4233647911478701e-05,6.8340513975385865e-05,5.4388375820864462e-05,9.3907907924567546e-01,-3.2878298686653168e-01,9.3902980107378931e-01,-3.2885501435555758e-01,8.8675458594296896e-01,-4.0077566865818925e-01,9.3619825131887213e-01,-3.2887381270615185e-01
6.4666576306095176e+03,-7.8189221669437503e-01,-2.4548225359717624e-02,-3.7541309600177375e-01,1.6931286906670381e-02,4.8090570765401919e-01,-3.4230640705719989e-02,-2.2977767868857896e-01,9.2164537052814466e-02,-5.0370099018673328e-02,7.4667490046450950e-03,8.2295118492854091e-01,2.8446658527633589e-02,4.8945304687320845e-01,-3.2751051000867559e-02,-3.0936575761480745e-01,1.0429544437404462e-01,5.9257022686970040e-01,-3.1655237406578329e-02,-4.2342923265158777e-01,-2.1832020685564099e-02,4.9852090608384292e-01,-3.0954035826774098e-02,-4.3003586887627798e-01,9.7967541516357642e-02,1.8051521754843022e-01,2.6865876020767829e-02,-2.5277493120543507e-02,-1.7679645578558296e-02,5.2527307099119191e-01,-3.9089664905132521e-02,7.6850946794265063e-01,-2.1676695955826553e-01,-7.6884876631718135e-01,1.6332723346178423e-02,-3.7835452854082624e-01,-3.3930370669799516e-02,4.6151880877977453e-01,-2.8220433630015036e-02,-1.4615850311085243e-01,1.3913362876770776e-02,-1.6822078937625828e-02,-1.3213900488712432e-02,8.2285632882198945e-01,1.7632194619905197e-02,4.6901062398307775e-01,-3.4510038213404030e-02,-2.7324140814642967e-01,6.0968272356458957e-02,6.4165389083872137e-01,3.1026300265435326e-02,-4.2682970413364846e-01,7.4269779730321700e-04,4.6710769625804072e-01,-4.1196129299724209e-02,-4.4360520529583680e-01,1.5450939324180848e-01,1.1066907837168419e-01,-2.6981858007102927e-02,-1.5313152495870593e-02,1.3572984873285454e-02,5.9195581052786028e-01,-3.3805950359959175e-02,8.0661371539791138e-01,-2.2351256406250519e-01,5.4206454810584331e-05,5.4219873977354365e-05,6.8230936470890067e-05,5.4378908785427994e-05,9.3438361672471892e-01,-3.4164282008971486e-01,9.3433136626235136e-01,-3.4171563634029961e-01,8.7898811135086807e-01,-4.1512784268937425e-01,9.3146695322315909e-01,-3.4175451307633148e-01
6.7325543550282082e+03,-7.8262590428707290e-01,-2.4964561335369062e-02,-3.7448048875712042e-01,1.8598338804495684e-02,4.8079371344808280e-01,-3.4338713141966112e-02,-2.2994328653109747e-01,8.9837665229061142e-02,-4.9974632778430512e-02,1.0056740131313944e-02,8.2309420250522802e-01,2.8572887505862093e-02,4.8939184146548503e-01,-3.2851213921178027e-02,-3.0932655205332527e-01,1.0374579702618873e-01,5.9146712342768160e-01,-3.1114852281641625e-02,-4.2378109179295192e-01,-2.3135112837393820e-02,4.9851759176133409e-01,-3.1047302701978703e-02,-4.3067539258699661e-01,9.9551704442035649e-02,1.8131751596798468e-01,2.4440313984094381e-02,-2.5856187194531002e-02,-1.7994432815108621e-02,5.2543767981445655e-01,-3.8809811518420792e-02,7.6824891772426129e-01,-2.1682005778500743e-01,-7.6946059940266898e-01,1.6414440376736870e-02,-3.7752986464232191e-01,-3.5535994336770543e-02,4.6129442046977903e-01,-2.7969327123081058e-02,-1.4485278554417608e-01,1.6001199800445981e-02,-1.6235118260662190e-02,-1.5712223393931753e-02,8.2315366067149676e-01,1.7712898169114099e-02,4.6890095073072663e-01,-3.4262204707238592e-02,-2.7270414778890006e-01,6.1217580032216487e-02,6.4062070581486008e-01,3.1052414128472539e-02,-4.2741331242435376e-01,2.0321701821317869e-03,4.6712707511899443e-01,-4.0940142389000615e-02,-4.4487131904736399e-01,1.5308792630173507e-01,1.1151074763194441e-01,-2.4635322014621784e-02,-1.5797175991816337e-02,1.3720506079980200e-02,5.9221245479679263e-01,-3.4459672518354904e-02,8.0602123194364650e-01,-2.2363535466612183e-01,5.4193135395315898e-05,5.4206333547161668e-05,6.8121365247983883e-05,5.4369289676560321e-05,9.2931106405872310e-01,-3.5495927865484633e-01,9.2925583839442605e-01,-3.5503280559787859e-01,8.7067112925068635e-01,-4.2988918598649983e-01,9.2635372757350065e-01,-3.5508917486902941e-01
7.0093842495782401e+03,-7.8337804067557082e-01,-2.5359319360232668e-02,-3.7337963272966890e-01,2.0225045495479502e-02,4.8068220658388050e-01,-3.4441749000338064e-02,-2.3028428594404027e-01,8.7600551916518471e-02,-4.9309047647066728e-02,1.2596489759883780e-02,8.2323736301380135e-01,2.8698208216322685e-02,4.8933157394480359e-01,-3.2946187927309439e-02,-3.0931021748239473e-01,1.0321278951143750e-01,5.9041538942017013e-01,-3.0564161288423042e-02,-4.2426945775407948e-01,-2.4421532946170416e-02,4.9851572219548596e-01,-3.1135131247018069e-02,-4.3112232573351694e-01,1.0109524762617225e-01,1.8186712795878152e-01,2.2035070305002596e-02,-2.6456081148634483e-02,-1.8285133209642306e-02,5.2559922071667742e-01,-3.8544508679892293e-02,7.6801734930483501e-01,-2.1686918343030415e-01,-7.7011881773676649e-01,1.6486986274056658e-02,-3.7654681033025073e-01,-3.7110279065557902e-02,4.6106995016977065e-01,-2.7727949995293110e-02,-1.4377444986122176e-01,1.8121562830757252e-02,-1.5388915796338082e-02,-1.8156979468197509e-02,8.2345400751273867e-01,1.7822464528401548e-02,4.6879241294775098e-01,-3.4026402990488001e-02,-2.7221095214276669e-01,6.1491648379609590e-02,6.3962620769481571e-01,3.1052747617941408e-02,-4.2814418984858787e-01,3.2814473226407178e-03,4.6714894283805264e-01,-4.0699329330701410e-02,-4.4594659503042677e-01,1.5163694613541256e-01,1.1211121949684826e-01,-2.2308581728239456e-02,-1.6288258946456271e-02,1.3848406864621939e-02,5.9246753763484250e-01,-3.5080552682706719e-02,8.0549416703697130e-01,-2.2381413331564484e-01,5.4180060595132854e-05,5.4193036334461611e-05,6.8011805490570006e-05,5.4359514787312969e-05,9.2383130183590600e-01,-3.6874240128223879e-01,9.2377309772413463e-01,-3.6881657751993202e-01,8.6176561438262234e-01,-4.4505889604643928e-01,9.2082850835250718e-01,-3.6888733634446808e-01
7.2975968655257384e+03,-7.8414829387889640e-01,-2.5731272463224264e-02,-3.7211652592280192e-01,2.1792019386355957e-02,4.8057128158047996e-01,-3.4539988163035003e-02,-2.3078293901995811e-01,8.5473070288508757e-02,-4.8385038253085259e-02,1.5053942036769342e-02,8.2338003681409300e-01,2.8822476256114435e-02,4.8927234169467954e-01,-3.3036220290884655e-02,-3.0931580696676336e-01,1.0270028331513560e-01,5.8941066479017090e-01,-3.0011191061570075e-02,-4.2489139402191234e-01,-2.5675233455590682e-02,4.9851539513727328e-01,-3.1217775812580142e-02,-4.3139229031583837e-01,1.0257547454518146e-01,1.8217750091579366e-01,1.9681883278568110e-02,-2.7073714678034114e-02,-1.8549353394323634e-02,5.2575746212819496e-01,-3.8293062560378635e-02,7.6781221390916865e-01,-2.1691782022241546e-01,-7.7082262243628885e-01,1.6541688109033330e-02,-3.7540974913677905e-01,-3.8635224802192399e-02,4.6084558326837638e-01,-2.7495866957143261e-02,-1.4291794171319205e-01,2.0243571739096917e-02,-1.4294775425459550e-02,-2.0517627228110250e-02,8.2375317173833251e-01,1.7962080584346538e-02,4.6868524560494534e-01,-3.3802102617605558e-02,-2.7176450316236211e-01,6.1782803842436063e-02,6.3866734018821592e-01,3.1036908537828201e-02,-4.2901659458867480e-01,4.4728810191077949e-03,4.6717359138566356e-01,-4.0473039215593198e-02,-4.4683652867985857e-01,1.5018167993241022e-01,1.1248362785823718e-01,-2.0031662991112725e-02,-1.6783660099075514e-02,1.3955919617965993e-02,5.9272025699608410e-01,-3.5670046790773624e-02,8.0503584134937911e-01,-2.2403593591260620e-01,5.4167236878846160e-05,5.4179991923247544e-05,6.7902262708527988e-05,5.4349582848117146e-05,9.1791199961537029e-01,-3.8300158380063737e-01,9.1785081077051889e-01,-3.8307636527217781e-01,8.5223122934239837e-01,-4.6063432734850168e-01,9.1485902122182772e-01,-3.8315785346478592e-01
7.5976602388341689e+03,-7.8493735561471234e-01,-2.6077754041270162e-02,-3.7069591612296682e-01,2.3277759058295898e-02,4.8046102787375689e-01,-3.4633655989953535e-02,-2.3142182882734630e-01,8.3473411941319201e-02,-4.7212806466208249e-02,1.7395535608864230e-02,8.2352168904990175e-01,2.8945683564483488e-02,4.8921423574933282e-01,-3.3121544166238900e-02,-3.0934225375096469e-01,1.0221216220283821e-01,5.8844794819968249e-01,-2.9461626789669404e-02,-4.2564533867882692e-01,-2.6878292411214866e-02,4.9851670241054946e-01,-3.1295481369199581e-02,-4.3150084757038981e-01,1.0397133188607763e-01,1.8226229853955636e-01,1.7410459177702259e-02,-2.7705554083905442e-02,-1.8784677301142156e-02,5.2591218535791073e-01,-3.8054815400301617e-02,7.6763109659613016e-01,-2.1696923932592171e-01,-7.7156993068734403e-01,1.6568933741899744e-02,-3.7412155969041755e-01,-4.0090454629707645e-02,4.6062149796496638e-01,-2.7272671794350098e-02,-1.4227702075558191e-01,2.2338395584092959e-02,-1.2962498131099573e-02,-2.2761895443280493e-02,8.2404608438256366e-01,1.8132512753142798e-02,4.6857967118276783e-01,-3.3588804715445932e-02,-2.7136685625282636e-01,6.2083458147347573e-02,6.3773847470594736e-01,3.1011697825299341e-02,-4.3002557780452788e-01,5.5868259597287011e-03,4.6720130001802729e-01,-4.0260645900128428e-02,-4.4754633566285396e-01,1.4874570315379265e-01,1.1264101647027165e-01,-1.7832583815188291e-02,-1.7280436186552780e-02,1.4042404240142437e-02,5.9296985900028842e-01,-3.6229537224662399e-02,8.0464801347660431e-01,-2.2428829688749599e-01,5.4154666790699028e-05,5.4167205533458510e-05,6.7792740564890150e-05,5.4339490684434507e-05,9.1151855034237372e-01,-3.9774542764218773e-01,9.1145436630483212e-01,-3.9782078759579864e-01,8.4202526545807144e-01,-4.7661072848395247e-01,9.0841071910418514e-01,-3.9790874401189058e-01
7.9100616502201183e+03,-7.8574399958432062e-01,-2.6397133023595643e-02,-3.6913134441451079e-01,2.4666435000898879e-02,4.8035151686381272e-01,-3.4723016422795287e-02,-2.3217812308027716e-01,8.1611462621519332e-02,-4.5815477641793445e-02,1.9596728650462053e-02,8.2366163933398095e-01,2.9067827962292667e-02,4.8915733020968050e-01,-3.3202432565422005e-02,-3.0938706779447478e-01,1.0175110570501275e-01,5.8752105955563905e-01,-2.8919640862796220e-02,-4.2652203739656802e-01,-2.8016764064937978e-02,4.9851971970159237e-01,-3.1368527756997354e-02,-4.3146958407104324e-01,1.0526926233712577e-01,1.8214495913956866e-01,1.5242753394819689e-02,-2.8347303756806268e-02,-1.8990148457178925e-02,5.2606321680099832e-01,-3.7829004943338525e-02,7.6747089181000361e-01,-2.1702546798465086e-01,-7.7235552660780760e-01,1.6561344520192239e-02,-3.7269365747989736e-01,-4.1460556863129917e-02,4.6039785158672730e-01,-2.7057877505767419e-02,-1.4183524048933369e-01,2.4381958664031499e-02,-1.1414276226010678e-02,-2.4866202075741351e-02,8.2432813879637024e-01,1.8332894932230899e-02,4.6847589109422061e-01,-3.3385913770651886e-02,-2.7101716899385087e-01,6.2386203319580433e-02,6.3683342102447205e-01,3.0982612238067010e-02,-4.3115849826849273e-01,6.6091140292709339e-03,4.6723232244547236e-01,-4.0061422668431705e-02,-4.4808967494894253e-01,1.4734846918434269e-01,1.1260567238761213e-01,-1.5731982119368236e-02,-1.7775614610926950e-02,1.4108166493202417e-02,5.9321566289959604e-01,-3.6760645674011827e-02,8.0432840506203418e-01,-2.2455922864778960e-01,5.4142349586573507e-05,5.4154678806390068e-05,6.7683244908632405e-05,5.4329237900569545e-05,9.0461361601085966e-01,-4.1298143306405632e-01,9.0454641259535462e-01,-4.1305735909994340e-01,8.3110247489501343e-01,-4.9298093646894614e-01,9.0144643013460923e-01,-4.1314695823464698e-01
8.2353084164611191e+03,-7.8656745165025366e-01,-2.6686154287131447e-02,-3.6743521614976976e-01,2.5939690447946244e-02,4.8024281186609952e-01,-3.4808307304140099e-02,-2.3303093024368998e-01,7.9896513097964098e-02,-4.4213950945213118e-02,2.1630678925277914e-02,8.2379935754878930e-01,2.9189036407650373e-02,4.8910169189865288e-01,-3.3279130470591667e-02,-3.0944790447545689e-01,1.0131988124724071e-01,5.8662457604799012e-01,-2.8387247072845012e-02,-4.2751352392325026e-01,-2.9074448193121626e-02,4.9852451663117914e-01,-3.1437169320089255e-02,-4.3131835774263111e-01,1.0645654609404198e-01,1.8184686443945772e-01,1.3199330229745079e-02,-2.8994626303256825e-02,-1.9164759814715351e-02,5.2621039952312565e-01,-3.7614943666862466e-02,7.6732880018053962e-01,-2.1708845963284412e-01,-7.7317301118824933e-01,1.6511291827702602e-02,-3.7113623391774375e-01,-4.2727270596431714e-02,4.6017478416209689e-01,-2.6851046325052197e-02,-1.4157774879990884e-01,2.6352105672573990e-02,-9.6702987073811666e-03,-2.6804463947944879e-02,8.2459407753184166e-01,1.8561692113331408e-02,4.6837408758876559e-01,-3.3192897254961246e-02,-2.7071450504798528e-01,6.2684061692607596e-02,6.3594520626882767e-01,3.0951746836354415e-02,-4.3240342475330118e-01,7.5233426802900003e-03,4.6726689282561262e-01,-3.9874710880460282e-02,-4.4847822032908496e-01,1.4600824660625958e-01,1.1239766808815665e-01,-1.3749274740021787e-02,-1.8266052329136168e-02,1.4153663989636422e-02,5.9345705523710268e-01,-3.7264836754821784e-02,8.0407412899588726e-01,-2.2483795991559538e-01,5.4130287344189382e-05,5.4142415798415993e-05,6.7573777734587884e-05,5.4318826530288985e-05,8.9715726248789318e-01,-4.2871596514755445e-01,8.9708700145205966e-01,-4.2879245865543503e-01,8.1941509566442927e-01,-5.0973505619595627e-01,8.9392639046268429e-01,-4.2887825277212638e-01
8.5739287142405592e+03,-7.8740567359595914e-01,-2.6942825685391747e-02,-3.6562470036116662e-01,2.7086083786260359e-02,4.8013496399636135e-01,-3.4889792994768999e-02,-2.3395833515798733e-01,7.8330145298725340e-02,-4.2435710312290972e-02,2.3481129991587548e-02,8.2393426675327242e-01,2.9309500681344247e-02,4.8904737171126017e-01,-3.3351913869184319e-02,-3.0952172506834907e-01,1.0091992077527019e-01,5.8575301530413637e-01,-2.7865003659621440e-02,-4.2860730777923095e-01,-3.0040357641058175e-02,4.9853114463029641e-01,-3.1501692855328826e-02,-4.3106871857104606e-01,1.0752772177215583e-01,1.8139369788034862e-01,1.1292004252750440e-02,-2.9643174270218176e-02,-1.9308926451556199e-02,5.2635361743958820e-01,-3.7411861029372218e-02,7.6720194286429810e-01,-2.1715912330423109e-01,-7.7401449421068835e-01,1.6414089165481864e-02,-3.6946437318831810e-01,-4.3878568670808131e-02,4.5995242470815462e-01,-2.6651687342299498e-02,-1.4148412607810801e-01,2.8233476063742789e-02,-7.7571444632798829e-03,-2.8560791319271320e-02,8.2483964127093212e-01,1.8816102847507069e-02,4.6827442047113860e-01,-3.3009146106745893e-02,-2.7045593365741194e-01,6.2971157341434575e-02,6.3506739538067702e-01,3.0919769289612330e-02,-4.3374437636905516e-01,8.3195534451714469e-03,4.6730521293275307e-01,-3.9699757011761941e-02,-4.4872826581380110e-01,1.4473774414144036e-01,1.1204116247106129e-01,-1.1895636867875387e-02,-1.8748972070506308e-02,1.4180169916179212e-02,5.9369349298214957e-01,-3.7743767144119866e-02,8.0387975232226305e-01,-2.2511556876269423e-01,5.4118472015063895e-05,5.4130409841688905e-05,6.7464346987879391e-05,5.4308255252384058e-05,8.8910661824671755e-01,-4.4495382622609897e-01,8.8903324116394000e-01,-4.4503089668748996e-01,8.0691270981836838e-01,-5.2686014451593388e-01,8.8580798763728752e-01,-4.4510686518368864e-01
8.9264724378675564e+03,-7.8825636991460313e-01,-2.7163851793167659e-02,-3.6371707214903159e-01,2.8091926239294969e-02,4.8002800851125527e-01,-3.4967713377211170e-02,-2.3494031859177880e-01,7.6914317210785843e-02,-4.0507317455214027e-02,2.5129343322144400e-02,8.2406596151628553e-01,2.9429499059454536e-02,4.8899440937748734e-01,-3.3421029276414826e-02,-3.0960567860286953e-01,1.0055281546865899e-01,5.8490242530153769e-01,-2.7352155581938792e-02,-4.2979109425461648e-01,-3.0901421453868594e-02,4.9853964758053415e-01,-3.1562353551748884e-02,-4.3074046779798875e-01,1.0847729689779259e-01,1.8080885305942049e-01,9.5323081322889816e-03,-3.0288488405512300e-02,-1.9423070934086639e-02,5.2649278358462870e-01,-3.7219066718757229e-02,7.6708766998994804e-01,-2.1723839806646700e-01,-7.7487106271337625e-01,1.6265404731481928e-02,-3.6769332051760739e-01,-4.4899876838401041e-02,4.5973086759556703e-01,-2.6459350970917318e-02,-1.4153607066787227e-01,3.0011586436230614e-02,-5.7007889355705811e-03,-3.0116765708299735e-02,8.2506030163196575e-01,1.9092479592647194e-02,4.6817702047505216e-01,-3.2834116118554961e-02,-2.7023871876731997e-01,6.3241993661370594e-02,6.3419434833870914e-01,3.0884524536442165e-02,-4.3516509028553091e-01,8.9859670035277121e-03,4.6734745764605368e-01,-3.9535891041975468e-02,-4.4885405467038558e-01,1.4354945267513947e-01,1.1155801233738090e-01,-1.0182163581420971e-02,-1.9221463510003079e-02,1.4189161944281384e-02,5.9392452724649525e-01,-3.8198927089060815e-02,8.0373990309060050e-01,-2.2538426068157502e-01,5.4106905235733947e-05,5.4118663741201513e-05,6.7354953268954041e-05,5.4297530598024168e-05,8.8041583402393808e-01,-4.6169822475158107e-01,8.8033926176245270e-01,-4.6177588924118107e-01,7.9354229019565381e-01,-5.4433975045015925e-01,8.7704565321118644e-01,-4.6183537867864533e-01
9.2935120922645674e+03,-7.8911622162356176e-01,-2.7347405145409343e-02,-3.6173233813605343e-01,2.8950528666994386e-02,4.7992196712810836e-01,-3.5042324174826681e-02,-2.3595776554076484e-01,7.5644903873666750e-02,-3.8458734160708455e-02,2.6566764144966518e-02,8.2419404829319087e-01,2.9549353534514017e-02,4.8894282724720639e-01,-3.3486743112894825e-02,-3.0969663816268322e-01,1.0021897166751757e-01,5.8406943361379893e-01,-2.6847221850382741e-02,-4.3104967764509133e-01,-3.1649993680003770e-02,4.9855004952338328e-01,-3.1619428496236598e-02,-4.3035308485681900e-01,1.0930568462165742e-01,1.8011710758329022e-01,7.9241381102534633e-03,-3.0926464804294528e-02,-1.9508869191375511e-02,5.2662785607840490e-01,-3.7035817360757131e-02,7.6698347314568183e-01,-2.1732642042004047e-01,-7.7573349033460048e-01,1.6064000614560571e-02,-3.6584142796222413e-01,-4.5783093074324148e-02,4.5951019028970924e-01,-2.6273554800211141e-02,-1.4171253394104485e-01,3.1678323769693678e-02,-3.5305836042966287e-03,-3.1463894938656686e-02,8.2525291791100586e-01,1.9386260922261520e-02,4.6808198854492783e-01,-3.2667211335955494e-02,-2.7005888132921624e-01,6.3492372818457571e-02,6.3332192507149354e-01,3.0843136010218881e-02,-4.3664715925040187e-01,9.5172748517100367e-03,4.6739376048340292e-01,-3.9382375894621124e-02,-4.4887229376445603e-01,1.4245070568625215e-01,1.1097148720703559e-01,-8.6127857270520292e-03,-1.9681176955684568e-02,1.4182775340611820e-02,5.9414979706349358e-01,-3.8631934970073972e-02,8.0364788241983698e-01,-2.2563829580408964e-01,5.4095579705499414e-05,5.4107170798813449e-05,6.7245602673016958e-05,5.4286656146089876e-05,8.7103582681667535e-01,-4.7895026125033574e-01,8.7095595554415906e-01,-4.7902853805788070e-01,7.7924809985161603e-01,-5.6215355700891867e-01,8.6759066664220241e-01,-4.7906431330534610e-01
9.6756437226731068e+03,-7.8998138193996581e-01,-2.7491885432952307e-02,-3.5969107562173369e-01,2.9657353995366675e-02,4.7981684797112484e-01,-3.5113876847508989e-02,-2.3699345238987377e-01,7.4516114598597721e-02,-3.6319938604038621e-02,2.7787974524369589e-02,8.2431826706982536e-01,2.9669435620865658e-02,4.8889263518594933e-01,-3.3549316406614002e-02,-3.0979157647159383e-01,9.9918424437266631e-02,5.8325189010120604e-01,-2.6348304752551316e-02,-4.3236715445937057e-01,-3.2279989728650496e-02,4.9856236294631723e-01,-3.1673188994644767e-02,-4.2992443929148533e-01,1.1001512710153119e-01,1.7934173898628741e-01,6.4686275675029312e-03,-3.1553295762193241e-02,-1.9568499466784604e-02,5.2675882562691501e-01,-3.6861384426352138e-02,7.6688706741132440e-01,-2.1742312190903523e-01,-7.7659254893641805e-01,1.5810253026482039e-02,-3.6392794460614897e-01,-4.6522007199192576e-02,4.5929044588824641e-01,-2.6093820222591942e-02,-1.4199332875892129e-01,3.3228329455847430e-02,-1.2760810667021361e-03,-3.2596806322844535e-02,8.2541512130268901e-01,1.9692273737774480e-02,4.6798939964505809e-01,-3.2507844094172150e-02,-2.6991229910127446e-01,6.3718854593139390e-02,6.3244757304808930e-01,3.0791654716347108e-02,-4.3817176997598167e-01,9.9102556595283171e-03,4.6744422577677786e-01,-3.9238485697510719e-02,-4.4879906425002719e-01,1.4144686980363461e-01,1.1030348445901506e-01,-7.1889279575449959e-03,-2.0126084262563196e-02,1.4163474785056852e-02,5.9436902226416433e-01,-3.9044385482600412e-02,8.0359701137149187e-01,-2.2587332623920503e-01,5.4084490547962737e-05,5.4095926451908587e-05,6.7136299622109989e-05,5.4275639016062915e-05,8.6091417106562751e-01,-4.9670872236868235e-01,8.6083087099791933e-01,-4.9678762756497985e-01,7.6397174416603653e-01,-5.8027687285434926e-01,8.5739102328736450e-01,-4.9679186984218360e-01
1.0073487882587067e+04,-7.9084813099288254e-01,-2.7595934732899424e-02,-3.5761208354858198e-01,3.0209533790230829e-02,4.7971264783085138e-01,-3.5182607756758168e-02,-2.3803333251484585e-01,7.3521548058127981e-02,-3.4117683718566660e-02,2.8789938378189578e-02,8.2443848508316309e-01,2.9790205755311307e-02,4.8884383073196896e-01,-3.3608995126251665e-02,-3.0988788568018721e-01,9.9650980362649091e-02,5.8244879600643995e-01,-2.5853212678678961e-02,-4.3372892072207125e-01,-3.2786722536750551e-02,4.9857658760377377e-01,-3.1723893196042699e-02,-4.2946944794624781e-01,1.1060878682918469e-01,1.7850253898514859e-01,5.1649005640612422e-03,-3.2165696381184911e-02,-1.9604383538722934e-02,5.2688571457412414e-01,-3.6695079997501871e-02,7.6679657986261718e-01,-2.1752836521326085e-01,-7.7743977230598171e-01,1.5505628819957557e-02,-3.6197071189385777e-01,-4.7111994634153199e-02,4.5907166521688758e-01,-2.5919695348299195e-02,-1.4236098351463194e-01,3.4658770991480653e-02,1.0361336025921941e-03,-3.3512509869458251e-02,8.2554523395397161e-01,2.0005222164215696e-02,4.6789929948929793e-01,-3.2355457165309701e-02,-2.6979518381353884e-01,6.3918813204929759e-02,6.3156995456579046e-01,3.0725506265485848e-02,-4.3972180168408292e-01,1.0163209098909465e-02,4.6749892231595652e-01,-3.9103525501144154e-02,-4.4864820954796242e-01,1.4054142873761299e-01,1.0957263652011749e-01,-5.9101619731882667e-03,-2.0554512783010064e-02,1.4133837245029290e-02,5.9458200889848023e-01,-3.9437793953065854e-02,8.0358122220424633e-01,-2.2608634976811026e-01,5.4073632339822352e-05,5.4084925282762017e-05,6.7027048725566246e-05,5.4264487310296290e-05,8.4999499571901294e-01,-5.1496971057074536e-01,8.4990811165961744e-01,-5.1504925458214412e-01,7.4765221026061657e-01,-5.9868014055234009e-01,8.4639131419728686e-01,-5.1501355687337425e-01
1.0487690641485688e+04,-7.9171207313625958e-01,-2.7659541042702462e-02,-3.5551517842005603e-01,3.0609449601056639e-02,4.7960934291160062e-01,-3.5248758296406252e-02,-2.3906472424702480e-01,7.2651765485737096e-02,-3.1879782114576455e-02,2.9576672063436799e-02,8.2455463888874347e-01,2.9912077758414785e-02,4.8879639091320792e-01,-3.3666030685537619e-02,-3.0998296165404299e-01,9.9415738660809841e-02,5.8165982725436360e-01,-2.5360140068324627e-02,-4.3511894635535375e-01,-3.3169671791857425e-02,4.9859270286043073e-01,-3.1771803320725649e-02,-4.2900202369590901e-01,1.1109294483005958e-01,1.7761894398756789e-01,4.0077914681221696e-03,-3.2760913264191796e-02,-1.9619698194103353e-02,5.2700860037920327e-01,-3.6536203045742073e-02,7.6671025038874252e-01,-2.1764160035674443e-01,-7.7826743662113929e-01,1.5153861778516176e-02,-3.5998904048916697e-01,-4.7553521963515234e-02,4.5885384304263832e-01,-2.5750712224362572e-02,-1.4279751388577167e-01,3.5970540456153006e-02,3.3784392120953400e-03,-3.4215081285470343e-02,8.2564304236713193e-01,2.0319557774785814e-02,4.6781169183577992e-01,-3.2209473711121928e-02,-2.6970331141457765e-01,6.4090539602122451e-02,6.3068957768651746e-01,3.0640642502321604e-02,-4.4127958095259712e-01,1.0279247862838098e-02,4.6755786843889563e-01,-3.8976781062519193e-02,-4.4843437670441461e-01,1.3973483262291420e-01,1.0879740805517996e-01,-4.7720160331995339e-03,-2.0965396810824374e-02,1.4096763628438362e-02,5.9478868303886245e-01,-3.9813719173840328e-02,8.0359428356684748e-01,-2.2627569948285839e-01,5.4062998115810371e-05,5.4074160056935747e-05,6.6917854931192324e-05,5.4253211163628640e-05,8.3821872137020115e-01,-5.3372614599804946e-01,8.3812807069898743e-01,-5.3380632812815565e-01,7.3022591248608404e-01,-6.1732835744646464e-01,8.3453249980269295e-01,-5.3372174276046624e-01
1.0918924634002584e+04,-7.9256799437172798e-01,-2.7684046270350066e-02,-3.5342183025840773e-01,3.0864461558198820e-02,4.7950689046733258e-01,-3.5312571586498233e-02,-2.4007554162933367e-01,7.1894827749517581e-02,-2.9636095232467113e-02,3.0158611855053537e-02,8.2466677381423814e-01,3.0035353392440449e-02,4.8875027414493327e-01,-3.3720676292088282e-02,-3.1007409783403317e-01,9.9211209019131427e-02,5.8088525687058667e-01,-2.4868109337208177e-02,-4.3651925440735184e-01,-3.3432202940750465e-02,4.9861066876576521e-01,-3.1817181152889701e-02,-4.2853576031148843e-01,1.1147648592604101e-01,1.7671075479850182e-01,2.9887283174492504e-03,-3.3336675428661165e-02,-1.9618334090068745e-02,5.2712761137736053e-01,-3.6384050021865802e-02,7.6662631072179621e-01,-2.1776191779222051e-01,-7.7906857139262620e-01,1.4760858682012205e-02,-3.5800430507264142e-01,-4.7851952381707183e-02,4.5863694031189750e-01,-2.5586393384704184e-02,-1.4328399675299339e-01,3.7167285875159911e-02,5.7212882296420143e-03,-3.4715122347996001e-02,8.2570985904145244e-01,2.0629563705624385e-02,4.6772654158406990e-01,-3.2069306131934219e-02,-2.6963202008450776e-01,6.4233016790498546e-02,6.2980893883623823e-01,3.0533964553605956e-02,-4.4282636159531436e-01,1.0266044034138387e-02,4.6762103310976388e-01,-3.8857531349603978e-02,-4.4817346025158589e-01,1.3902528586894097e-01,1.0799679087618559e-01,-3.7668015796236917e-03,-2.1358285472686776e-02,1.4055462107802012e-02,5.9498908457192967e-01,-4.0173738924231803e-02,8.0362982790619386e-01,-2.2644072071706409e-01,5.4052583254944854e-05,5.4063625731942783e-05,6.6808724913996806e-05,5.4241825483526381e-05,8.2552187400095189e-01,-5.5296730021194496e-01,8.2542724426625669e-01,-5.5304810317160891e-01,7.1162679512787308e-01,-6.3618046885088397e-01,8.2175173111686661e-01,-5.5290519422974727e-01
1.1367890152234633e+04,-7.9341250855433221e-01,-2.7670004712837509e-02,-3.5134627133361351e-01,3.0978646543970492e-02,4.7940525340295459e-01,-3.5374257345713124e-02,-2.4105877941215406e-01,7.1242679157369315e-02,-2.7405879350309324e-02,3.0541647488427508e-02,8.2477508654802101e-01,3.0160564018856896e-02,4.8870544313752917e-01,-3.3773151153120615e-02,-3.1015959484532152e-01,9.9036479068561528e-02,5.8012612625898730e-01,-2.4375818143318129e-02,-4.3791811707037603e-01,-3.3575522388418724e-02,4.9863045005211909e-01,-3.1860259805583324e-02,-4.2807905655723044e-01,1.1176494501718345e-01,1.7579012181036721e-01,2.1018681985278884e-03,-3.3891470766439495e-02,-1.9603400552165150e-02,5.2724286058457848e-01,-3.6238006627859337e-02,7.6654371156855483e-01,-2.1788897110907779e-01,-7.7983812297394983e-01,1.4331021967682510e-02,-3.5603086187783817e-01,-4.8009803911419929e-02,4.5842092326605066e-01,-2.5426328797099780e-02,-1.4380877162109990e-01,3.8252037550443999e-02,8.0453307918091424e-03,-3.5018782665452761e-02,8.2574668864864631e-01,2.0930569447024448e-02,4.6764381545540273e-01,-3.1934445980940765e-02,-2.6957827256332201e-01,6.4345518265571416e-02,6.2893008565538167e-01,3.0402093395381836e-02,-4.4434968422882720e-01,1.0127981069610131e-02,4.6768839029102954e-01,-3.8745134958923025e-02,-4.4787499160916727e-01,1.3841164929371433e-01,1.0718243519018120e-01,-2.8893373274516535e-03,-2.1732873987614820e-02,1.4012634031742197e-02,5.9518325108707937e-01,-4.0519232290314164e-02,8.0368357230587828e-01,-2.2658123128366875e-01,5.4042384593398397e-05,5.4053318586506554e-05,6.6699666207804397e-05,5.4230344792633532e-05,8.1183726896652231e-01,-5.7267846280128820e-01,8.1173842315976485e-01,-5.7275985171345845e-01,6.9178658080599320e-01,-6.5518876526279179e-01,8.0798246450254685e-01,-5.7254865107314878e-01
1.1835316282964517e+04,-7.9424311023210015e-01,-2.7618603943251496e-02,-3.4929869760758658e-01,3.0958061743522846e-02,4.7930437606602250e-01,-3.5434022015747767e-02,-2.4201079051943830e-01,7.0687000798247773e-02,-2.5202749042897772e-02,3.0734431563834520e-02,8.2487979297366099e-01,3.0288251568359219e-02,4.8866183927891260e-01,-3.3823672259326858e-02,-3.1023831725691975e-01,9.8890339564745536e-02,5.7938355169557765e-01,-2.3882010768678158e-02,-4.3930680246775322e-01,-3.3602895203963735e-02,4.9865198843874631e-01,-3.1901272669063029e-02,-4.2763720219572771e-01,1.1196438902012737e-01,1.7486527802765475e-01,1.3397196602611128e-03,-3.4424619380606918e-02,-1.9577832958737554e-02,5.2735451790017129e-01,-3.6097463534833625e-02,7.6646176868019933e-01,-2.1802240361451325e-01,-7.8057284702239060e-01,1.3868840915528934e-02,-3.5407934675041663e-01,-4.8031833101163629e-02,4.5820572418864608e-01,-2.5270110291513489e-02,-1.4436324152568997e-01,3.9230090487910325e-02,1.0336791891182784e-02,-3.5134921157324847e-02,8.2575515287228596e-01,2.1218801216832277e-02,4.6756343265789091e-01,-3.1804382477891385e-02,-2.6953951168050044e-01,6.4428082286055954e-02,6.2805516179059306e-01,3.0242463623674297e-02,-4.4584078722442949e-01,9.8710301780001713e-03,4.6775985393746716e-01,-3.8638940532016684e-02,-4.4754608418311603e-01,1.3789078184962986e-01,1.0636232484264116e-01,-2.1327730284063625e-03,-2.2089345924633842e-02,1.3970643807545821e-02,5.9537134841674000e-01,-4.0851583640018091e-02,8.0375209615733645e-01,-2.2669787338551492e-01,5.4032387655719923e-05,5.4043223383180040e-05,6.6590679439976813e-05,5.4218776178870622e-05,7.9709384759419966e-01,-5.9284016255640282e-01,7.9699052641888191e-01,-5.9292208073751118e-01,6.7063504012344899e-01,-6.7429809463852797e-01,7.9315432582362511e-01,-5.9263213916069180e-01
1.2321962091643712e+04,-7.9505429557714358e-01,-2.7534156691052636e-02,-3.4729926771075464e-01,3.0819987252231264e-02,4.7920416279748740e-01,-3.5492089084515462e-02,-2.4292284585567525e-01,7.0212625414370608e-02,-2.3054655091364815e-02,3.0759860280213783e-02,8.2498121031609006e-01,3.0418400044143014e-02,4.8861936914403925e-01,-3.3872472326018477e-02,-3.1030787884956890e-01,9.8770310581937235e-02,5.7865843733762889e-01,-2.3388056856987721e-02,-4.4066714537878127e-01,-3.3525913705019166e-02,4.9867519153460471e-01,-3.1940456136365966e-02,-4.2722095322069503e-01,1.1208754193855446e-01,1.7395341178491819e-01,6.8803823938340392e-04,-3.4935521019451986e-02,-1.9546356759230086e-02,5.2746285251057101e-01,-3.5961778556099229e-02,7.6637891425779747e-01,-2.1816077584580437e-01,-7.8126923186265040e-01,1.3383478500312830e-02,-3.5217067835568439e-01,-4.7933671050082734e-02,4.5799120164905532e-01,-2.5117281389329796e-02,-1.4492971518394021e-01,4.0110256615433028e-02,1.2568419189228547e-02,-3.5086840569244632e-02,8.2573972920183503e-01,2.1489697658946719e-02,4.6748524056391805e-01,-3.1678556292069747e-02,-2.6951097096918353e-01,6.4481232713819822e-02,6.2718980615737441e-01,3.0055508357023173e-02,-4.4728296648431320e-01,9.5115364452822999e-03,4.6783524877982563e-01,-3.8538274045512987e-02,-4.4720261329883343e-01,1.3745642361009103e-01,1.0555331149022824e-01,-1.4839047907745789e-03,-2.2428802487757939e-02,1.3932722393028988e-02,5.9555375025231294e-01,-4.1172274872114674e-02,8.0382981521002550e-01,-2.2679193820477370e-01,5.4022590588870450e-05,5.4033337589285054e-05,6.6481771599001519e-05,5.4207142946043875e-05,7.8121596775034297e-01,-6.1342736765921557e-01,7.8110788018460808e-01,-6.1350972665690817e-01,6.4810008273791553e-01,-6.9344507281146828e-01,7.7719250787599004e-01,-6.1313026272497329e-01
1.2828617855058625e+04,-7.9584436859466812e-01,-2.7418683671859678e-02,-3.4535442472406302e-01,3.0572396308734900e-02,4.7910453817256321e-01,-3.5548629889777042e-02,-2.4379408472335090e-01,6.9812295168765665e-02,-2.0970025648247369e-02,3.0628628425970889e-02,8.2507968641215135e-01,3.0551477421418918e-02,4.8857795539572685e-01,-3.3919732456341743e-02,-3.1036765438052527e-01,9.8675195355177492e-02,5.7795202243820876e-01,-2.2893770715721573e-02,-4.4199317375445013e-01,-3.3349782104808504e-02,4.9869998290903911e-01,-3.1978006687945024e-02,-4.2683284787997999e-01,1.1213995376783513e-01,1.7305900013913036e-01,1.3928301095351980e-04,-3.5424408760557059e-02,-1.9511685135920453e-02,5.2756808393425503e-01,-3.5830442581200182e-02,7.6629474068279246e-01,-2.1830376491170911e-01,-7.8192629888475373e-01,1.2879449099540176e-02,-3.5031201506536824e-01,-4.7722481013915422e-02,4.5777724313671886e-01,-2.4967495653560635e-02,-1.4550289582592835e-01,4.0898552929967184e-02,1.4731752906532175e-02,-3.4885569771860435e-02,8.2570292705243842e-01,2.1740807536479129e-02,4.6740910843922573e-01,-3.1556531595601484e-02,-2.6949080619156779e-01,6.4505486068863013e-02,6.2633671254206258e-01,2.9840540702550433e-02,-4.4867108234994035e-01,9.0568352049628167e-03,4.6791442988263204e-01,-3.8442576304177259e-02,-4.4684923927487419e-01,1.3710467625534295e-01,1.0475988752172091e-01,-9.3569066911634077e-04,-2.2752027901222160e-02,1.3900852781009386e-02,5.9573076548928106e-01,-4.1482485026722540e-02,8.0391452281945630e-01,-2.2686459759371388e-01,5.4012995799548062e-05,5.4023662832264371e-05,6.6372958620949867e-05,5.4195469399029790e-05,7.6412425634772274e-01,-6.3440930996202749e-01,7.6401109076898577e-01,-6.3449199145817581e-01,6.2410832883250167e-01,-7.1255749345027097e-01,7.6001843769453670e-01,-6.3401180523007616e-01
1.3356106344681619e+04,-7.9661099346964426e-01,-2.7275568697827879e-02,-3.4347260993083395e-01,3.0228041412113753e-02,4.7900540522457458e-01,-3.5603821148597212e-02,-2.4462268474634807e-01,6.9476171915328053e-02,-1.8960468027750109e-02,3.0357593569802763e-02,8.2517561459271271e-01,3.0687680449193733e-02,4.8853749923211820e-01,-3.3965638709429105e-02,-3.1041671530911452e-01,9.8603212715050223e-02,5.7726515717655302e-01,-2.2400032985676138e-02,-4.4327666559284706e-01,-3.3083520137392172e-02,4.9872626309084189e-01,-3.2014121240526057e-02,-4.2647660598487536e-01,1.1212979590485692e-01,1.7218873924519743e-01,-3.1703257768946058e-04,-3.5891896127559636e-02,-1.9476994594897493e-02,5.2767049167074309e-01,-3.5702936587154899e-02,7.6620858926160962e-01,-2.1845064454503771e-01,-7.8254370874517698e-01,1.2362720041627129e-02,-3.4851265454933045e-01,-4.7410229519647351e-02,4.5756369717524614e-01,-2.4820388505025222e-02,-1.4607497029494126e-01,4.1602897080228074e-02,1.6815543569546516e-02,-3.4548303358725399e-02,8.2564840750143742e-01,2.1969969820262076e-02,4.6733485973382799e-01,-3.1437853327388472e-02,-2.6947647798790447e-01,6.4501760600078312e-02,6.2549950921666775e-01,2.9598536302128005e-02,-4.4999854552741825e-01,8.5185218232767604e-03,4.6799719166932230e-01,-3.8351277114454727e-02,-4.4649324652994737e-01,1.3682987755701054e-01,1.0398878018561934e-01,-4.7825638100501729e-04,-2.3060348649030175e-02,1.3877085261948672e-02,5.9590283239450215e-01,-4.1783430455702431e-02,8.0400347544812556e-01,-2.2691741372863777e-01,5.4003591852648960e-05,5.4014186903387666e-05,6.6264240653265261e-05,5.4183768658208074e-05,7.4573519684554868e-01,-6.5574810135023021e-01,7.4561661888009245e-01,-6.5583095021202631e-01,5.9858569803188533e-01,-7.3155313788095855e-01,7.4154949041068197e-01,-6.5523852969654639e-01
1.3905284162791027e+04,-7.9735273135304463e-01,-2.7108139018311495e-02,-3.4165901326070253e-01,2.9799135230022138e-02,4.7890666071451365e-01,-3.5657829857990556e-02,-2.4540857435325109e-01,6.9195432166003351e-02,-1.7033271237439820e-02,2.9962929261886161e-02,8.2526941122776665e-01,3.0827195577052470e-02,4.8849789535829502e-01,-3.4010367596644449e-02,-3.1045446850286684e-01,9.8552643301724474e-02,5.7659839788560263e-01,-2.1907706414461686e-02,-4.4451200949366931e-01,-3.2736073407974353e-02,4.9875392643569078e-01,-3.2048988519608843e-02,-4.2615422196372937e-01,1.1206444168840093e-01,1.7134679394461549e-01,-6.9087199813670092e-04,-3.6339065517090749e-02,-1.9445007918934908e-02,5.2777037162225271e-01,-3.5578766941965365e-02,7.6611999379707985e-01,-2.1860081976522402e-01,-7.8312219152205520e-01,1.1838387516274317e-02,-3.4677865502154176e-01,-4.7008622494406994e-02,4.5735039875102868e-01,-2.4675612342164751e-02,-1.4664042422615303e-01,4.2231298991726229e-02,1.8812869522887191e-02,-3.4091481423076879e-02,8.2557970623654398e-01,2.2175904370400311e-02,4.6726230147082176e-01,-3.1322085516407444e-02,-2.6946591490395827e-01,6.4471151985493455e-02,6.2468115228713683e-01,2.9330980116087143e-02,-4.5126155796108774e-01,7.9074724340016875e-03,4.6808331027868405e-01,-3.8263825501727432e-02,-4.4614003012682718e-01,1.3662618671629581e-01,1.0324427757808441e-01,-1.0213745156534976e-04,-2.3355280817236562e-02,1.3863056459670540e-02,5.9607043435814078e-01,-4.2076276099067333e-02,8.0409462916629393e-01,-2.2695204305089819e-01,5.3994373454303802e-05,5.4004903732289497e-05,6.6155624866753819e-05,5.4172060281982377e-05,7.2596125916617082e-01,-6.7739820085959357e-01,7.2583691446408283e-01,-6.7748102107517927e-01,5.7145789235192879e-01,-7.5033909030039847e-01,7.2169908103092006e-01,-6.7676459390880561e-01
1.4477043133529785e+04,-7.9806875384553766e-01,-2.6919692134766610e-02,-3.3991659218723230e-01,2.9297449458511184e-02,4.7880820126569656e-01,-3.5710799842026575e-02,-2.4615275279346666e-01,6.8962200976502908e-02,-1.5192752723730761e-02,2.9460176914664953e-02,8.2536146863748383e-01,3.0970177489370095e-02,4.8845903706852845e-01,-3.4054072649726215e-02,-3.1048056970195431e-01,9.8521899263939908e-02,5.7595205558398010e-01,-2.1417772795746165e-02,-4.4569544428458052e-01,-3.2316290066848587e-02,4.9878286465838906e-01,-3.2082774475869748e-02,-4.2586653089082616e-01,1.1195057343730659e-01,1.7053562101424358e-01,-9.9156138293892554e-04,-3.6767239499952781e-02,-1.9418095831891510e-02,5.2786802265730026e-01,-3.5457503837379001e-02,7.6602862475520694e-01,-2.1875374593676980e-01,-7.8366319141230778e-01,1.1310880981200831e-02,-3.4511380181980766e-01,-4.6529131098706461e-02,4.5713717820781369e-01,-2.4532864718380926e-02,-1.4719534200037165e-01,4.2791548698720476e-02,2.0719804154760078e-02,-3.3530851149524837e-02,8.2550018562881000e-01,2.2358011350290960e-02,4.6719123131876300e-01,-3.1208843781974305e-02,-2.6945744252319087e-01,6.4414826440888501e-02,6.2388407328831597e-01,2.9039859733390211e-02,-4.5245827860927429e-01,7.2339733297501051e-03,4.6817254741028830e-01,-3.8179730898868891e-02,-4.4579364478875255e-01,1.3648779832501665e-01,1.0252901381693300e-01,2.0158635954846535e-04,-2.3638393166290544e-02,1.3860087281472979e-02,5.9623408216883822e-01,-4.2362048458906135e-02,8.0418644951374130e-01,-2.2697014951942165e-01,5.3985331647082259e-05,5.3995803613728080e-05,6.6047116288809690e-05,5.4160359499935398e-05,7.0471108292443174e-01,-6.9930532828173997e-01,7.0458059954918306e-01,-6.9938787848337713e-01,5.4265122664899801e-01,-7.6881069451895789e-01,7.0037684554893820e-01,-6.9853545232561587e-01
1.5072311751161988e+04,-7.9875810306741590e-01,-2.6713652239754304e-02,-3.3824878225871952e-01,2.8734971522657471e-02,4.7870989416899346e-01,-3.5762849348415664e-02,-2.4685589309730258e-01,6.8769023908390320e-02,-1.3443896172081039e-02,2.8864998098075779e-02,8.2545219718504137e-01,3.1116630446980272e-02,4.8842079178401954e-01,-3.4096879591555135e-02,-3.1049475248633113e-01,9.8509441145518739e-02,5.7532645453400044e-01,-2.0931687478700861e-02,-4.4682284042177972e-01,-3.1833282991982570e-02,4.9881294538537263e-01,-3.2115612938125586e-02,-4.2561470779171062e-01,1.1179479304002621e-01,1.6975798742074893e-01,-1.2280016926323328e-03,-3.7177679541788688e-02,-1.9398445797340184e-02,5.2796381615389376e-01,-3.5338796529871166e-02,7.6593399312192956e-01,-2.1890877327846087e-01,-7.8416817667612693e-01,1.0784587958375464e-02,-3.4352225850776386e-01,-4.5983549869379782e-02,4.5692380068900146e-01,-2.4391882886345612e-02,-1.4773567434652229e-01,4.3290878874637832e-02,2.2531884355284821e-02,-3.2882292874553472e-02,8.2541322990257671e-01,2.2515986223080285e-02,4.6712138000125153e-01,-3.1097798474221051e-02,-2.6944945567561990e-01,6.4333971577895610e-02,6.2311088805833947e-01,2.8727728525029028e-02,-4.5358655112630414e-01,6.5085200890810727e-03,4.6826458784593605e-01,-3.8098579894229739e-02,-4.4545844176709215e-01,1.3640918122024639e-01,1.0184591759102186e-01,4.4144093821934724e-04,-2.3911229144231147e-02,1.3869309997820697e-02,5.9639446786025996e-01,-4.2641622273994359e-02,8.0427742348916398e-01,-2.2697327769828166e-01,5.3976479310009556e-05,5.3986898802668666e-05,6.5938735454022137e-05,5.4148703948940261e-05,6.8188936296509239e-01,-7.2140558691350209e-01,6.8175235186365724e-01,-7.2148757510923534e-01,5.1209333044640515e-01,-7.8685066928322400e-01,6.7748851376990560e-01,-7.2048699317003884e-01
1.5692056687878789e+04,-7.9942097354822672e-01,-2.6493173919555885e-02,-3.3665500129545756e-01,2.8122621690164655e-02,4.7861162934260087e-01,-3.5814087508695643e-02,-2.4752053568263552e-01,6.8609369918444713e-02,-1.1786413508717175e-02,2.8191864697542503e-02,8.2554193872448745e-01,3.1266613355333456e-02,4.8838304581165265e-01,-3.4138906552383691e-02,-3.1049705025339563e-01,9.8513831673194815e-02,5.7472133594525465e-01,-2.0450471646533575e-02,-4.4789336856464307e-01,-3.1295677783020399e-02,4.9884405323509740e-01,-3.2147633386873833e-02,-4.2539793530586845e-01,1.1160286458384915e-01,1.6901389865721492e-01,-1.4086474985334635e-03,-3.7572068650461476e-02,-1.9387757827392500e-02,5.2805806863653348e-01,-3.5222313730614699e-02,7.6583594222462448e-01,-2.1906540662296817e-01,-7.8463959040555931e-01,1.0262709519048271e-02,-3.4200413707326899e-01,-4.5382803401746906e-02,4.5671007593031854e-01,-2.4252429088900899e-02,-1.4825978405980170e-01,4.3736786105822177e-02,2.4249843161339164e-02,-3.2160312316372106e-02,8.2532174178702755e-01,2.2650355541372732e-02,4.6705251975642653e-01,-3.0988642819683655e-02,-2.6944083250644807e-01,6.4229893452228293e-02,6.2236291051415116e-01,2.8397261443589200e-02,-4.5464754693164561e-01,5.7403455469736703e-03,4.6835916211438111e-01,-3.8019977078768405e-02,-4.4513658985003807e-01,1.3638448652974816e-01,1.0119522576308453e-01,6.2560792567939319e-04,-2.4175412199843191e-02,1.3891448564701734e-02,5.9655217229713142e-01,-4.2915813368578831e-02,8.0436672147659372e-01,-2.2696306991971049e-01,5.3967802487111877e-05,5.3978174659030834e-05,6.5830482158710525e-05,5.4137102851913666e-05,6.5739783026228205e-01,-7.4362397441561412e-01,6.5725389052596783e-01,-7.4370505294174361e-01,4.7971469453570997e-01,-8.0432786409962931e-01,6.5293692151028437e-01,-7.4254404763254966e-01
1.6337284363602530e+04,-8.0005814195481695e-01,-2.6260550553131617e-02,-3.3513246227885524e-01,2.7468418145501397e-02,4.7851328450821051e-01,-3.5864639931699895e-02,-2.4815043634102874e-01,6.8478229788021677e-02,-1.0216966931458790e-02,2.7451751044366722e-02,8.2563107172752037e-01,3.1420192560739857e-02,4.8834567197395973e-01,-3.4180288199181640e-02,-3.1048771690951488e-01,9.8533685569292956e-02,5.7413644780409778e-01,-1.9974398675815769e-02,-4.4890810033977563e-01,-3.0710123444903942e-02,4.9887605752346004e-01,-3.2178984890836121e-02,-4.2521435501736971e-01,1.1137911911578321e-01,1.6830138925224031e-01,-1.5404557670376101e-03,-3.7952257209295216e-02,-1.9386994843456136e-02,5.2815113368820876e-01,-3.5107675225811881e-02,7.6573435880437135e-01,-2.1922344606341168e-01,-7.8507993300422763e-01,9.7470568571050818e-03,-3.4055726195668529e-01,-4.4735088540359152e-02,4.5649579586867128e-01,-2.4114229677799564e-02,-1.4876812274725873e-01,4.4135977103016213e-02,2.5877320311781381e-02,-3.1375823575295052e-02,8.2522796927508335e-01,2.2762053623956578e-02,4.6698439817113618e-01,-3.0881027077709840e-02,-2.6943076054565873e-01,6.4103908711980587e-02,6.2164071637572937e-01,2.8050421045230881e-02,-4.5564400657460524e-01,4.9361523120155879e-03,4.6845596777577964e-01,-3.7943467058312301e-02,-4.4482856244060448e-01,1.3640854116549586e-01,1.0057522020027501e-01,7.6086830163500044e-04,-2.4432525897818528e-02,1.3926733556892324e-02,5.9670784363880314e-01,-4.3185553292863346e-02,8.0445405054786723e-01,-2.2694094375397950e-01,5.3959296143721832e-05,5.3969625550451863e-05,6.5722362659530084e-05,5.4125575395015123e-05,6.3113539910947736e-01,-7.6587356043518950e-01,6.3098412252074731e-01,-7.6595332262774030e-01,4.4544969842952198e-01,-8.2109647223865545e-01,6.2662214421966811e-01,-7.6461961841485115e-01
1.7009042580338239e+04,-8.0066833366111578e-01,-2.6020045237109907e-02,-3.3368641621201894e-01,2.6786359417634575e-02,4.7841472842673649e-01,-3.5914487760260495e-02,-2.4874412745994834e-01,6.8368975013679861e-02,-8.7431801967367325e-03,2.6662080154555717e-02,8.2571986912569673e-01,3.1577064719514492e-02,4.8830854128676215e-01,-3.4221010806892944e-02,-3.1046650747136401e-01,9.8568017852581902e-02,5.7357165575380253e-01,-1.9506840329208130e-02,-4.4986172209721875e-01,-3.0087216508852575e-02,4.9890882906118050e-01,-3.2209650646608648e-02,-4.2506649351375736e-01,1.1113026890585512e-01,1.6762531072208950e-01,-1.6312883269767389e-03,-3.8318967462251316e-02,-1.9398464541604040e-02,5.2824337383251896e-01,-3.4994925505025344e-02,7.6562859592150723e-01,-2.1938169576563787e-01,-7.8549070829121326e-01,9.2425507882173928e-03,-3.3918723560896602e-01,-4.4054301156415301e-02,4.5628069202505467e-01,-2.3977287632914384e-02,-1.4925497063770071e-01,4.4493917592900063e-02,2.7407601763794514e-02,-3.0546475499551008e-02,8.2513524237251823e-01,2.2851347732394573e-02,4.6691671106816962e-01,-3.0774940710089779e-02,-2.6941793525769808e-01,6.3956914373306167e-02,6.2094700554425486e-01,2.7691888353394284e-02,-4.5657273400416731e-01,4.1079066048558231e-03,4.6855464192369084e-01,-3.7869045810125346e-02,-4.4454008919089871e-01,1.3647663192280113e-01,9.9990811075798547e-02,8.5477336007428210e-04,-2.4683750620962196e-02,1.3976276436732762e-02,5.9686227349621657e-01,-4.3450854556617964e-02,8.0453769679965903e-01,-2.2690816682840023e-01,5.3950967927026348e-05,5.3961258736592339e-05,6.5614391376592768e-05,5.4114147156232570e-05,6.0299810667652654e-01,-7.8805346555464295e-01,6.0283907320956498e-01,-7.8813143341197800e-01,4.0923794105525807e-01,-8.3699471762425626e-01,5.9844142433896030e-01,-7.8661265928179525e-01
1.7708422223726546e+04,-8.0125588320990226e-01,-2.5771263859952293e-02,-3.3230050595552291e-01,2.6076001175011236e-02,4.7831586191845149e-01,-3.5963850432077726e-02,-2.4931311951188245e-01,6.8280175463984571e-02,-7.3433558790121315e-03,2.5824517369061401e-02,8.2580855635072115e-01,3.1737636920983525e-02,4.8827154416041857e-01,-3.4261306829251305e-02,-3.1043473476962458e-01,9.8615328969224134e-02,5.7302580106408074e-01,-1.9044213505572449e-02,-4.5076644599103810e-01,-2.9428301917687218e-02,4.9894225592243052e-01,-3.2239895097330662e-02,-4.2494525782116560e-01,1.1085679189927490e-01,1.6697283583874939e-01,-1.6859259942731269e-03,-3.8675398864168042e-02,-1.9420769876129056e-02,5.2833508547737462e-01,-3.4883399914923584e-02,7.6551949936008334e-01,-2.1954105325259207e-01,-7.8587630495711036e-01,8.7458897445815559e-03,-3.3787838461986203e-01,-4.3340672882153437e-02,4.5606463107709833e-01,-2.3841154482972388e-02,-1.4973060432609922e-01,4.4818312148275072e-02,2.8861896628218434e-02,-2.9673226225715055e-02,8.2504353218026172e-01,2.2920970028639676e-02,4.6684927956006278e-01,-3.0669814285068622e-02,-2.6940289579811394e-01,6.3790805013064916e-02,6.2027818273172897e-01,2.7320779407284286e-02,-4.5744694642246120e-01,3.2545308407119986e-03,4.6865498014391099e-01,-3.7795950162921178e-02,-4.4426306959290635e-01,1.3658293590311499e-01,9.9429693218729534e-02,9.1219606530582465e-04,-2.4930828435074576e-02,1.4038633491144417e-02,5.9701590549686512e-01,-4.3713246826137815e-02,8.0461977106669913e-01,-2.2686632042460428e-01,5.3942809371645164e-05,5.3953064966194652e-05,6.5506580157070814e-05,5.4102836103824249e-05,5.7288176464616236e-01,-8.1004900873924335e-01,5.7271456718504443e-01,-8.1012464031783460e-01,3.7102655929993050e-01,-8.5184453220853595e-01,5.6829187648343160e-01,-8.0840869265187409e-01
1.8436559034561269e+04,-8.0181921589409466e-01,-2.5518219069478654e-02,-3.3098121222631210e-01,2.5350158078512295e-02,4.7821655432624594e-01,-3.6012650047130057e-02,-2.4985481708334686e-01,6.8206565656647261e-02,-6.0266156434819699e-03,2.4954615176677328e-02,8.2589733960975986e-01,3.1901489416960943e-02,4.8823455121738341e-01,-3.4301101896230181e-02,-3.1039220358323821e-01,9.8675008332889683e-02,5.7249889783290364e-01,-1.8590358856035022e-02,-4.5161631287864251e-01,-2.8742991473882880e-02,4.9897620533515513e-01,-3.2269636431917645e-02,-4.2485392327206395e-01,1.1056451255556703e-01,1.6634962411813331e-01,-1.7104669658268845e-03,-3.9021746913166115e-02,-1.9455993625948253e-02,5.2842663384024835e-01,-3.4773313522373353e-02,7.6540629989932096e-01,-2.1970021844534993e-01,-7.8623760011687127e-01,8.2617712139084303e-03,-3.3663729492610361e-01,-4.2606930444811515e-02,4.5584733101121599e-01,-2.3705947307526728e-02,-1.5018898615902368e-01,4.5112761632569852e-02,3.0232022785663362e-02,-2.8771883984340135e-02,8.2495570571141474e-01,2.2971174315978272e-02,4.6678177945328247e-01,-3.0565775135452881e-02,-2.6938458445848534e-01,6.3606213024316335e-02,6.1963700255089715e-01,2.6941934657757450e-02,-4.5826247285061600e-01,2.3869904338022080e-03,4.6875658529731856e-01,-3.7724350505787117e-02,-4.4400343580998797e-01,1.3672402573306719e-01,9.8897506526163775e-02,9.3897773171008501e-04,-2.5174521214236037e-02,1.4114813410038134e-02,5.9716958833717670e-01,-4.3972371932793582e-02,8.0469854722510092e-01,-2.2681629218292451e-01,5.3934816349705556e-05,5.3945039912446848e-05,6.5398928321990554e-05,5.4091652372072400e-05,5.4068059460745188e-01,-8.3172768805004360e-01,5.4050482270427835e-01,-8.3180035703237576e-01,3.3077193125746768e-01,-8.6544948412584155e-01,5.3606906009362065e-01,-8.2987513807193447e-01
1.9194635453148407e+04,-8.0236010137393277e-01,-2.5262123276359988e-02,-3.2972212035100928e-01,2.4613053004385196e-02,4.7811669660700590e-01,-3.6060952504277370e-02,-2.5037430890194040e-01,6.8145858049224517e-02,-4.7846339532594366e-03,2.4058594969430896e-02,8.2598638016154868e-01,3.2068625315563967e-02,4.8819744959937583e-01,-3.4340469986321689e-02,-3.1033960135441074e-01,9.8746116093556394e-02,5.7199027179357820e-01,-1.8144904626610087e-02,-4.5241579254690550e-01,-2.8035386826693397e-02,4.9901056291818813e-01,-3.2298961741459971e-02,-4.2478887430225465e-01,1.1025563112296734e-01,1.6575087895420282e-01,-1.7092900051033158e-03,-3.9359689120773284e-02,-1.9504016073068474e-02,5.2851833006684634e-01,-3.4664454499113921e-02,7.6528913066697768e-01,-2.1985913312372379e-01,-7.8657716612032225e-01,7.7899957150021105e-03,-3.3545786092692020e-01,-4.1857642194311762e-02,4.5562859440865522e-01,-2.3571510907170429e-02,-1.5063350487059662e-01,4.5382288718963992e-02,3.1526403845765640e-02,-2.7848348848659322e-02,8.2487259572461824e-01,2.3003642586955295e-02,4.6671397337407688e-01,-3.0462615292845777e-02,-2.6936299182826989e-01,6.3404359989176262e-02,6.1902239294389549e-01,2.6556800350692210e-02,-4.5902489515948597e-01,1.5084964126551512e-03,4.6885917724709775e-01,-3.7653964266314469e-02,-4.4375896401903975e-01,1.3689574402486951e-01,9.8389711610533406e-02,9.3946790554584342e-04,-2.5415930155248748e-02,1.4204306938363741e-02,5.9732392990102601e-01,-4.4228780455116891e-02,8.0477455035522316e-01,-2.2675916776495908e-01,5.3926991283755457e-05,5.3937185560923488e-05,6.5291449660544336e-05,5.4080616818707551e-05,5.0629013720934135e-01,-8.5293979664385278e-01,5.0610539586206460e-01,-8.5300879365247495e-01,2.8844211507548861e-01,-8.7759499287702947e-01,5.0166996137159103e-01,-8.5086248205442827e-01
1.9983882539501730e+04,-8.0287993796857160e-01,-2.5004244973566986e-02,-3.2851807624758944e-01,2.3868884773408088e-02,4.7801618728466999e-01,-3.6108779832175218e-02,-2.5087581367222517e-01,6.8096276095349753e-02,-3.6106165237944285e-03,2.3142362580972398e-02,8.2607574166502507e-01,3.2238995888521527e-02,4.8816013372316264e-01,-3.4379440413403059e-02,-3.1027763143175580e-01,9.8827961556449948e-02,5.7149942223093764e-01,-1.7707925355202131e-02,-4.5316856233166469e-01,-2.7309443300425132e-02,4.9904522037981641e-01,-3.2327910165885668e-02,-4.2474703654850349e-01,1.0993210911640869e-01,1.6517258986584230e-01,-1.6860515125019446e-03,-3.9690466750678270e-02,-1.9564799128083996e-02,5.2861046601834216e-01,-3.4556737249658062e-02,7.6516808042453599e-01,-2.2001759877758528e-01,-7.8689715445003494e-01,7.3306400112305020e-03,-3.3433513354766525e-01,-4.1097291107506040e-02,4.5540822700040606e-01,-2.3437777420620785e-02,-1.5106699367456217e-01,4.5631002525493930e-02,3.2751943913669965e-02,-2.6908258741611867e-02,8.2479491522147619e-01,2.3019862036155688e-02,4.6664562608043608e-01,-3.0360231255918517e-02,-2.6933824785438581e-01,6.3186310358958428e-02,6.1843357561118550e-01,2.6167022731906429e-02,-4.5973889140464630e-01,6.2227415440137789e-04,4.6896247382355816e-01,-3.7584641445188152e-02,-4.4352778025611794e-01,1.3709451996558888e-01,9.7902521929335795e-02,9.1729694427708595e-04,-2.5655842919177295e-02,1.4306705800951964e-02,5.9747953352588401e-01,-4.4482743274051550e-02,8.0484819830968235e-01,-2.2669588783631991e-01,5.3919327197061454e-05,5.3929494575935359e-05,6.5184148140611423e-05,5.4069738021275386e-05,4.6960833520297252e-01,-8.7351570826233205e-01,4.6941425165674344e-01,-8.7358023355741554e-01,2.4401978760635362e-01,-8.8804713264402813e-01,4.6499404973911240e-01,-8.7120133322565596e-01
2.0805581972493168e+04,-8.0337986562330654e-01,-2.4745852975156024e-02,-3.2736501551993974e-01,2.3121824142735191e-02,4.7791493530834689e-01,-3.6156140439985135e-02,-2.5136265168415095e-01,6.8056140701197726e-02,-2.4992862012043968e-03,2.2211624739778366e-02,8.2616549118669236e-01,3.2412523094497936e-02,4.8812250902425469e-01,-3.4418028693696069e-02,-3.1020684773662699e-01,9.8919950362760592e-02,5.7102583967897047e-01,-1.7279740903699770e-02,-4.5387746075429192e-01,-2.6568961370434553e-02,4.9908008062828341e-01,-3.2356505728120835e-02,-4.2472606986076478e-01,1.0959585341330359e-01,1.6461175446392862e-01,-1.6440292116538871e-03,-4.0015142695808824e-02,-1.9638397256609472e-02,5.2870330318718883e-01,-3.4450115507742886e-02,7.6504317251593834e-01,-2.2017536821972480e-01,-7.8719940740083305e-01,6.8839558664552276e-03,-3.3326518852794285e-01,-4.0330281745906735e-02,4.5518605112495503e-01,-2.3304708084064599e-02,-1.5149148638174659e-01,4.5862416808946434e-02,3.3914074371768861e-02,-2.5957088325863666e-02,8.2472333799901976e-01,2.3021154388418463e-02,4.6657652326309518e-01,-3.0258554439784646e-02,-2.6931039243224458e-01,6.2952961966507487e-02,6.1786990797669905e-01,2.5774310685226221e-02,-4.6040820381946884e-01,-2.6846066504815878e-04,4.6906621757330680e-01,-3.7516277226490952e-02,-4.4330866729547136e-01,1.3731725631028810e-01,9.7433111337006453e-02,8.7571287559541936e-04,-2.5894962669707599e-02,1.4421699775673610e-02,5.9763694837087644e-01,-4.4734436574356669e-02,8.0491974909060815e-01,-2.2662725381752089e-01,5.3911819671793939e-05,5.3921962244225720e-05,6.5077029738177023e-05,5.4059024675213904e-05,4.3053727190247021e-01,-8.9326431375872772e-01,4.3033350428559591e-01,-8.9332346976718291e-01,1.9750520299313115e-01,-8.9655222577432714e-01,4.2594505325551529e-01,-8.9070092233107367e-01
2.1661068131204353e+04,-8.0386097215017460e-01,-2.4487682867911698e-02,-3.2625859459624135e-01,2.2373916964461449e-02,4.7781284073333763e-01,-3.6203021512915184e-02,-2.5183852040374904e-01,6.8025345168090848e-02,-1.4445476988510491e-03,2.1269256550036971e-02,8.2625558398001009e-01,3.2589163083334254e-02,4.8808447258481147e-01,-3.4456228128141309e-02,-3.1012810549122183e-01,9.9021746787149159e-02,5.7056948395702856e-01,-1.6860450483897921e-02,-4.5454592996209797e-01,-2.5816144949305682e-02,4.9911503818015884e-01,-3.2384749683276821e-02,-4.2472310345400544e-01,1.0924746982895162e-01,1.6406431780587544e-01,-1.5848213383620191e-03,-4.0334368710011337e-02,-1.9724517706305383e-02,5.2879712674973689e-01,-3.4344603943765088e-02,7.6491445053322105e-01,-2.2033230130212650e-01,-7.8748533572010104e-01,6.4496828848969491e-03,-3.3224375176516491e-01,-3.9558922724898339e-02,4.5496186539916472e-01,-2.3172302480740800e-02,-1.5191029754578170e-01,4.6078789139346668e-02,3.5018862304249970e-02,-2.4997527556976654e-02,8.2465806147282550e-01,2.3008718830189359e-02,4.6650642404718734e-01,-3.0157564110330996e-02,-2.6927991550286312e-01,6.2705158208033795e-02,6.1733080099553694e-01,2.5379825830187670e-02,-4.6103686127772864e-01,-1.1622266208781585e-03,4.6917011908395195e-01,-3.7448824987704223e-02,-4.4309917270334970e-01,1.3756178707865216e-01,9.6977625725854860e-02,8.1634340523236955e-04,-2.6133570533653255e-02,1.4548830012967912e-02,5.9779679227490423e-01,-4.4983910730638885e-02,8.0498976214614115e-01,-2.2655384939900167e-01,5.3904475555834306e-05,5.3914595191497412e-05,6.4970109274586785e-05,5.4048495886452027e-05,3.8898527509313902e-01,-9.1197142282436550e-01,3.8877152357153671e-01,-9.1202420899604442e-01,1.4891958547758202e-01,-9.0283665260661716e-01,3.8443301900061849e-01,-9.0914748302184190e-01
2.2551730261859699e+04,-8.0432411715846441e-01,-2.4231049271605798e-02,-3.2519599625870677e-01,2.1629300363254080e-02,4.7770983875785927e-01,-3.6249387269191566e-02,-2.5230550413788633e-01,6.8002646761729887e-02,-4.4278605607959726e-04,2.0320572809722586e-02,8.2634599792571817e-01,3.2768824642368716e-02,4.8804595650975169e-01,-3.4494011621983643e-02,-3.1004187505883374e-01,9.9133065551360408e-02,5.7012979782535345e-01,-1.6450841102589764e-02,-4.5517602309757677e-01,-2.5054542931730830e-02,4.9915002303656780e-01,-3.2412622815158817e-02,-4.2473655363785295e-01,1.0888857800038165e-01,1.6352843697744987e-01,-1.5109030407432500e-03,-4.0648785963969800e-02,-1.9823402887048935e-02,5.2889212437339017e-01,-3.4240276486784182e-02,7.6478193474599765e-01,-2.2048803484674973e-01,-7.8775640788374790e-01,6.0283489682803754e-03,-3.3126802892283369e-01,-3.8787493561041594e-02,4.5473553081738893e-01,-2.3040616338326460e-02,-1.5232454906057338e-01,4.6282582310642695e-02,3.6070110866110880e-02,-2.4034713440250724e-02,8.2459959924604331e-01,2.2983636897693335e-02,4.6643516094876292e-01,-3.0057297650198201e-02,-2.6924697052430413e-01,6.2443527919851763e-02,6.1681569670780989e-01,2.4985472827830094e-02,-4.6162767190250054e-01,-2.0558934658385895e-03,4.6927397726411058e-01,-3.7382307972042644e-02,-4.4289863120012002e-01,1.3782577661492534e-01,9.6534344922426296e-02,7.4164623819011162e-04,-2.6372072741473501e-02,1.4687987846594591e-02,5.9795948898589935e-01,-4.5231059778812047e-02,8.0505834794497544e-01,-2.2647629779310124e-01,5.3897302704030687e-05,5.3907401052669723e-05,6.4863408466048195e-05,5.4038167493213967e-05,3.4486964908249940e-01,-9.2939770930289278e-01,3.4464566831822102e-01,-9.2944301240074734e-01,9.8309069913287098e-02,-9.0660685224964255e-01,3.4037715586847589e-01,-9.2630225511216024e-01
2.3479014733859363e+04,-8.0477173102898703e-01,-2.3974943530986170e-02,-3.2416654222748276e-01,2.0885106616250520e-02,4.7760585947097978e-01,-3.6295320290363794e-02,-2.5277151548321580e-01,6.7989328283347181e-02,5.2084287553583013e-04,1.9363214687456141e-02,8.2643656224684536e-01,3.2951639055049609e-02,4.8800688317641577e-01,-3.4531468172056573e-02,-3.0994932542462916e-01,9.9253218715406155e-02,5.6970668121951906e-01,-1.6048439600069242e-02,-4.5577620329205626e-01,-2.4283154443306539e-02,4.9918495419268782e-01,-3.2440230899263907e-02,-4.2475979803934266e-01,1.0851798850579608e-01,1.6299440826265726e-01,-1.4231986196559868e-03,-4.0959726137295788e-02,-1.9933515616325146e-02,5.2898850565581823e-01,-3.4136874684131985e-02,7.6464618540981988e-01,-2.2064314564878507e-01,-7.8801452920614912e-01,5.6172348037229897e-03,-3.3032760921232668e-01,-3.8013483398437756e-02,4.5450693504946216e-01,-2.2909471311304577e-02,-1.5274263283713843e-01,4.6477061399107455e-02,3.7082051783103427e-02,-2.3065779502503606e-02,8.2454704930000466e-01,2.2947490158646625e-02,4.6636258359960514e-01,-2.9957522998366019e-02,-2.6921238504722556e-01,6.2169290878417258e-02,6.1632234080665027e-01,2.4590005354420762e-02,-4.6218929027258571e-01,-2.9521563428199123e-03,4.6937761205951456e-01,-3.7316404335363658e-02,-4.4270026581904642e-01,1.3810648759083313e-01,9.6093937905541493e-02,6.5262380259510037e-04,-2.6610871320940900e-02,1.4837877702005410e-02,5.9812541547092168e-01,-4.5476502709850444e-02,8.0512724722857643e-01,-2.2639532908910195e-01,5.3890271419636767e-05,5.3900349798534108e-05,6.4756906770863123e-05,5.4028022808300501e-05,2.9812102799438611e-01,-9.4527772177226199e-01,2.9788664949847704e-01,-9.4531432025704698e-01,4.5750141111083859e-02,-9.0755010751707177e-01,2.9371003177633320e-01,-9.4190072181948026e-01
2.4444427388576161e+04,-8.0520183043607763e-01,-2.3722084809840449e-02,-3.2317940304802434e-01,2.0147630714845439e-02,4.7750082736267141e-01,-3.6340625303048796e-02,-2.5323041963527526e-01,6.7985688788656434e-02,1.4341767008325037e-03,1.8402815872290798e-02,8.2652731642832311e-01,3.3137469021517804e-02,4.8796718422896723e-01,-3.4568399870204936e-02,-3.0985046754650858e-01,9.9383278724962734e-02,5.6930068142047963e-01,-1.5657958515329945e-02,-4.5633978714712015e-01,-2.3505799765394242e-02,4.9921976398935303e-01,-3.2467359920980945e-02,-4.2479804717273040e-01,1.0813651629504148e-01,1.6246960972498292e-01,-1.3201685300891844e-03,-4.1265626294254676e-02,-2.0056766867985368e-02,5.2908646845640162e-01,-3.4034957692409537e-02,7.6450633413374824e-01,-2.2079658148065917e-01,-7.8825875934525547e-01,5.2199356409827757e-03,-3.2943119641749929e-01,-3.7243121690796924e-02,4.5427586767219352e-01,-2.2779224595576731e-02,-1.5315846915542389e-01,4.6658610720901321e-02,3.8043301258182421e-02,-2.2097008295114282e-02,8.2450168752081343e-01,2.2899831559499699e-02,4.6628846582133798e-01,-2.9858669108779524e-02,-2.6917640540250859e-01,6.1881692940819188e-02,6.1585330022907192e-01,2.4197654661081643e-02,-4.6271544710862672e-01,-3.8459965134165219e-03,4.6948074979028531e-01,-3.7251667314677953e-02,-4.4250908652660642e-01,1.3840636661968686e-01,9.5663575665497602e-02,5.4778860540861561e-04,-2.6849255438962626e-02,1.4999904401031725e-02,5.9829515470756567e-01,-4.5719082959639216e-02,8.0519505744943043e-01,-2.2631038077203761e-01,5.3883381496449535e-05,5.3893441436738902e-05,6.4650595748350865e-05,5.4018059154672944e-05,2.4868483927157309e-01,-9.5931631716089349e-01,2.4843997052959318e-01,-9.5934285785198237e-01,-8.6466336519216980e-03,-9.0533490335180200e-01,2.4437931872620805e-01,-9.5564838578866440e-01
2.5449535984730541e+04,-8.0561806890278032e-01,-2.3470705209502118e-02,-3.2221833241794962e-01,1.9412718419425407e-02,4.7739471624111235e-01,-3.6385413074014356e-02,-2.5369366528080683e-01,6.7992817389695814e-02,2.3195460777181570e-03,1.7436313429344420e-02,8.2661784696522511e-01,3.3326471860497572e-02,4.8792681853291481e-01,-3.4604937137762991e-02,-3.0974676071406232e-01,9.9522196534281043e-02,5.6891116726128377e-01,-1.5275225852944829e-02,-4.5687954813073145e-01,-2.2720997355511231e-02,4.9925440531072962e-01,-3.2494175416460942e-02,-4.2484128623540440e-01,1.0774295038265547e-01,1.6193995599253627e-01,-1.2040049798025670e-03,-4.1568439507683345e-02,-2.0190928289630875e-02,5.2918611629373646e-01,-3.3934147496684754e-02,7.6436350922403107e-01,-2.2094918312442693e-01,-7.8849194901748754e-01,4.8324219896487171e-03,-3.2856299689108132e-01,-3.6472579064551272e-02,4.5404231297137704e-01,-2.2649663565077947e-02,-1.5358389046052670e-01,4.6832761018448660e-02,3.8975210231609811e-02,-2.1124439808353650e-02,8.2446199234770678e-01,2.2842716204027395e-02,4.6621275438985776e-01,-2.9760420403833084e-02,-2.6914010567136948e-01,6.1582483273950273e-02,6.1540477784585013e-01,2.3805989681505820e-02,-4.6321916861436191e-01,-4.7412743904150286e-03,4.6958332643992556e-01,-3.7187626792250295e-02,-4.4231526861511045e-01,1.3872078957075526e-01,9.5229709357102482e-02,4.2938300893204844e-04,-2.7087776186118989e-02,1.5172195616516804e-02,5.9846882037291194e-01,-4.5959650431721955e-02,8.0526430402076665e-01,-2.2622271714722370e-01,5.3876659209134881e-05,5.3886701731927807e-05,6.4544535911049706e-05,5.4008315671584408e-05,1.9652677896987084e-01,-9.7119106602128114e-01,1.9627144823605963e-01,-9.7120608139962628e-01,-6.4732598895549359e-02,-8.9961406279398570e-01,1.9235287384418215e-01,-9.6722432019661375e-01
2.6495972744314739e+04,-8.0601973927346149e-01,-2.3222049955479829e-02,-3.2128655874659234e-01,1.8682594483809444e-02,4.7728748709720792e-01,-3.6429579222498495e-02,-2.5415899440751188e-01,6.8011993935205031e-02,3.1729042346603344e-03,1.6465091758063474e-02,8.2670808702968757e-01,3.3518705613969836e-02,4.8788574717363470e-01,-3.4640977482090794e-02,-3.0963845676123369e-01,9.9670702223513985e-02,5.6853852938283767e-01,-1.4902628163905390e-02,-4.5739343960224688e-01,-2.1929925366956156e-02,4.9928883666220064e-01,-3.2520571838148091e-02,-4.2489127866387838e-01,1.0733663226408696e-01,1.6140771666200093e-01,-1.0728525018462720e-03,-4.1867327456718915e-02,-2.0336905360998553e-02,5.2928756057298765e-01,-3.3834730921584108e-02,7.6421733971996386e-01,-2.2110056041637041e-01,-7.8871378623464972e-01,4.4561463543001181e-03,-3.2772599611131142e-01,-3.5704095197112401e-02,4.5380616170294652e-01,-2.2520981241534586e-02,-1.5401732835130696e-01,4.6997099214560245e-02,3.9874001056195645e-02,-2.0149813366645068e-02,8.2442836626131888e-01,2.2776059004676347e-02,4.6613532252486273e-01,-2.9662996783147072e-02,-2.6910400108261201e-01,6.1271241197693956e-02,6.1497779771134087e-01,2.3417145181823848e-02,-4.6369855627397644e-01,-5.6364913000887754e-03,4.6968518339241827e-01,-3.7124551572141520e-02,-4.4211996303705681e-01,1.3905152113318658e-01,9.4794564027166128e-02,2.9564921011770474e-04,-2.7325927022970289e-02,1.5355478507248199e-02,5.9864673112212852e-01,-4.6197614124569769e-02,8.0533465132556448e-01,-2.2613197233247523e-01,5.3870089096782656e-05,5.3880115304339562e-05,6.4438711742430193e-05,5.3998775629899338e-05,1.4163822426307274e-01,-9.8054701990267445e-01,1.4137258557374641e-01,-9.8054891056615834e-01,-1.2231222168695891e-01,-8.9002580061425351e-01,1.3762455689801945e-01,-9.7627496189337182e-01
2.7585437003200535e+04,-8.0640754698267214e-01,-2.2976049484733085e-02,-3.2038067184724772e-01,1.7956277601792810e-02,4.7717909939289077e-01,-3.6473116427017310e-02,-2.5462889906524977e-01,6.8044896760440593e-02,3.9992815861305629e-03,1.5487678345489787e-02,8.2679784397994327e-01,3.3714302358491641e-02,4.8784392897081963e-01,-3.4676516092572995e-02,-3.0952623402079671e-01,9.9828922085894334e-02,5.6818297695465003e-01,-1.4540105252738467e-02,-4.5788450674128961e-01,-2.1132033833436856e-02,4.9932301791387534e-01,-3.2546549523426588e-02,-4.2494573850885164e-01,1.0691617767089084e-01,1.6086932625564387e-01,-9.2563166137620001e-04,-4.2162337480922046e-02,-2.0494417251634624e-02,5.2939091312653253e-01,-3.3736716989672080e-02,7.6406793491741731e-01,-2.2125088397608222e-01,-7.8892484471902369e-01,4.0904836027426915e-03,-3.2691680055490513e-01,-3.4936802404705279e-02,4.5356732969642788e-01,-2.2393180521066928e-02,-1.5446215499922875e-01,4.7151480740497943e-02,4.0744473582854435e-02,-1.9171627284808517e-02,8.2440043499413018e-01,2.2700361667138871e-02,4.6605607166481533e-01,-2.9566393350021473e-02,-2.6906883665877268e-01,6.0948248470421532e-02,6.1457180603649597e-01,2.3031285746223096e-02,-4.6415671390450808e-01,-6.5328037332800966e-03,4.6978620879346017e-01,-3.7062422514135475e-02,-4.4192026243356741e-01,1.3939860281423702e-01,9.4354740456537398e-02,1.4559754244815185e-04,-2.7563497593596609e-02,1.5549565217103713e-02,5.9882912712975089e-01,-4.6432984224484684e-02,8.0540683508679589e-01,-2.2603822419026257e-01,5.3863657359360036e-05,5.3873668258781215e-05,6.4333111056659334e-05,5.3989428279794842e-05,8.4041637927953827e-02,-9.8699855622866373e-01,8.3766003734334238e-02,-9.8698559713107714e-01,-1.8113866064992146e-01,-8.7619828503453256e-01,8.0219337670482560e-02,-9.8241660673079467e-01
2.8719697970734982e+04,-8.0678223677996053e-01,-2.2732449394412213e-02,-3.1949654496702756e-01,1.7231969279394150e-02,4.7706951718570156e-01,-3.6515997550014258e-02,-2.5510646132735071e-01,6.8094061863562982e-02,4.8050258113976957e-03,1.4501443377738439e-02,8.2688672715634881e-01,3.3913440721950482e-02,4.8780132774363749e-01,-3.4711527632619248e-02,-3.0941109699827030e-01,9.9997202452727349e-02,5.6784495437353444e-01,-1.4187516687883178e-02,-4.5835668245199951e-01,-2.0326148873795469e-02,4.9935691501208312e-01,-3.2572087394995036e-02,-4.2500152772972766e-01,1.0647948246773270e-01,1.6032006051119865e-01,-7.6051837838082836e-04,-4.2453175584327534e-02,-2.0663087530909716e-02,5.2949627155764178e-01,-3.3640171744322711e-02,7.6391552277408681e-01,-2.2140036131295909e-01,-7.8912565513513744e-01,3.7346433953398608e-03,-3.2613129482591852e-01,-3.4168988827647497e-02,4.5332573558141087e-01,-2.2266304147753917e-02,-1.5492283258286058e-01,4.7295339833606689e-02,4.1592600862548422e-02,-1.8187239514842985e-02,8.2437756292489439e-01,2.2616041727936437e-02,4.6597490749927079e-01,-2.9470654013822768e-02,-2.6903583294138184e-01,6.0613823380005399e-02,6.1418623956044394e-01,2.2648357751703912e-02,-4.6459755948599613e-01,-7.4320852994235447e-03,4.6988629840767532e-01,-3.7001281164498960e-02,-4.4171206641621535e-01,1.3976233099939664e-01,9.3905739382990933e-02,-2.2482296356536417e-05,-2.7799905371115988e-02,1.5754259972654405e-02,5.9901623360732936e-01,-4.6665643306738433e-02,8.0548186669957067e-01,-2.2594155825193937e-01,5.3857354038600821e-05,5.3867350536041116e-05,6.4227726249896925e-05,5.3980265500551355e-05,2.3796763771469862e-02,-9.9012867457540776e-01,2.3511634939646864e-02,-9.9009901908052678e-01,-2.4090749365103045e-01,-8.5775410226741822e-01,2.0199551204110926e-02,-9.8523451939780271e-01
2.9900597602805465e+04,-8.0714382866514589e-01,-2.2492165905296124e-02,-3.1863473965924582e-01,1.6511675423997632e-02,4.7695878585843315e-01,-3.6558145187177198e-02,-2.5559031733433468e-01,6.8159947829309522e-02,5.5891405553881689e-03,1.3507899658544266e-02,8.2697468614636294e-01,3.4116310895586602e-02,4.8775797236614937e-01,-3.4745958956074505e-02,-3.0929290877052312e-01,1.0017611202260596e-01,5.6752404407577606e-01,-1.3846380156825794e-02,-4.5880965094340570e-01,-1.9513254237001877e-02,4.9939054002034677e-01,-3.2597157095196533e-02,-4.2505951441275136e-01,1.0602608696606772e-01,1.5976121295368889e-01,-5.7659632362071223e-04,-4.2739712039946913e-02,-2.0843876462700205e-02,5.2960355745924026e-01,-3.3545240443654790e-02,7.6376007301699089e-01,-2.2154882828867337e-01,-7.8931660800199366e-01,3.3894975526689575e-03,-3.2536995054225559e-01,-3.3402601631595558e-02,4.5308145102964542e-01,-2.2140531800736354e-02,-1.5539836386155007e-01,4.7427543274763971e-02,4.2417573036996024e-02,-1.7198311661790585e-02,8.2436004639070848e-01,2.2523164233499593e-02,4.6589187386102560e-01,-2.9375907966770927e-02,-2.6900522923281056e-01,6.0267439082800724e-02,6.1382101280200452e-01,2.2269931583918462e-02,-4.6502100708513550e-01,-8.3333149213052644e-03,4.6998546983174883e-01,-3.6941210502611156e-02,-4.4149597965309090e-01,1.4014377079777965e-01,9.3448821630765580e-02,-2.0940464363339208e-04,-2.8035118752659547e-02,1.5970321752932431e-02,5.9920791958121156e-01,-4.6895258617938605e-02,8.0555965434500532e-01,-2.2584183381542211e-01,5.3851223587531190e-05,5.3861206556859607e-05,6.4122638689342469e-05,5.3971328426182485e-05,-3.8993609963035976e-02,-9.8948911766233172e-01,-3.9287512722389353e-02,-9.8944079595175727e-01,-3.0125232845445249e-01,-8.3431550072284244e-01,-4.2329228608826597e-02,-9.8428326086542151e-01
3.1130053593039782e+04,-8.0749336190424914e-01,-2.2254420886806348e-02,-3.1778917069953871e-01,1.5792256418367089e-02,4.7684688860013180e-01,-3.6599562098672607e-02,-2.5608497642906070e-01,6.8245456979018834e-02,6.3607554913561615e-03,1.2502977128998442e-02,8.2706122008498895e-01,3.4323160989391158e-02,4.8771384267450840e-01,-3.4779817197497974e-02,-3.0917277498660206e-01,1.0036590853275443e-01,5.6722075713574693e-01,-1.3515769060971489e-02,-4.5924889674925728e-01,-1.8691249514005873e-02,4.9942387323362453e-01,-3.2621775630948091e-02,-4.2511522203183172e-01,1.0555332728902098e-01,1.5918613604750670e-01,-3.7193462115706066e-04,-4.3021803755500299e-02,-2.1036133255921220e-02,5.2971282227401995e-01,-3.3451896559595351e-02,7.6360200695492875e-01,-2.2169673008409319e-01,-7.8949839079651063e-01,3.0536635196317594e-03,-3.2462680155627455e-01,-3.2634554896056510e-02,4.5283444241545751e-01,-2.2015855355289691e-02,-1.5589489158669345e-01,4.7547981078644566e-02,4.3227929056636076e-02,-1.6200675194461590e-02,8.2434697333499307e-01,2.2422132055378109e-02,4.6580692406963548e-01,-2.9282130350576235e-02,-2.6897839221337844e-01,5.9909530327082711e-02,6.1347519605009793e-01,2.1895138180341570e-02,-4.6543246878643169e-01,-9.2395140071265466e-03,4.7008367336292928e-01,-3.6882154808249148e-02,-4.4126641211702683e-01,1.4054298358435149e-01,9.2977641232899907e-02,-4.1698790007118703e-04,-2.8268547447999334e-02,1.6197394370280730e-02,5.9940428438387017e-01,-4.7121900971111130e-02,8.0564161427193082e-01,-2.2573925389952004e-01,5.3845255277429028e-05,5.3855225446286692e-05,6.4017845186117213e-05,5.3962608257399651e-05,-1.0417244959874432e-01,-9.8460272492799550e-01,-1.0447414540639710e-01,-9.8453366654863794e-01,-3.6173405402886666e-01,-8.0551311163035533e-01,-1.0720735893605070e-01,-9.7908903686820437e-01
3.2410062486998770e+04,-8.0782992499389528e-01,-2.2020001754197327e-02,-3.1696378938630787e-01,1.5073649786323817e-02,4.7673377464242422e-01,-3.6640213619413421e-02,-2.5658732534915113e-01,6.8352982783800059e-02,7.1147839214434731e-03,1.1484758533130484e-02,8.2714629820584062e-01,3.4534268336169863e-02,4.8766890047551792e-01,-3.4813052415526957e-02,-3.0905089932295765e-01,1.0056750088367435e-01,5.6693561541296800e-01,-1.3197938053790992e-02,-4.5967189181025486e-01,-1.7859263102944667e-02,4.9945688715233688e-01,-3.2645873929796523e-02,-4.2517121596180207e-01,1.0505902776155576e-01,1.5859764815483909e-01,-1.4277776776538964e-04,-4.3298431016538692e-02,-2.1240796768455760e-02,5.2982417294031037e-01,-3.3360280442422188e-02,7.6344076000149130e-01,-2.2184403841463612e-01,-7.8967034589429774e-01,2.7282727765608646e-03,-3.2390560557305170e-01,-3.1864805135982228e-02,4.5258459141704949e-01,-2.1892316500489714e-02,-1.5641075818540517e-01,4.7652539057224122e-02,4.4018804966001579e-02,-1.5192978797215279e-02,8.2433862399011426e-01,2.2312461227283982e-02,4.6571995152291090e-01,-2.9189421598532349e-02,-2.6895597149598593e-01,5.9539345293292384e-02,6.1314997639395252e-01,2.1525448737266955e-02,-4.6582928227394227e-01,-1.0151208016393840e-02,4.7018080321947836e-01,-3.6824287359785171e-02,-4.4102448833308422e-01,1.4096353943064319e-01,9.2494961615923355e-02,-6.4882586142316631e-04,-2.8499577555764079e-02,1.6436416788554741e-02,5.9960559242398670e-01,-4.7345290504532588e-02,8.0572751506853713e-01,-2.2563303577519461e-01,5.3839373674131979e-05,5.3849331907719793e-05,6.3913237519803558e-05,5.3954026433968023e-05,-1.7151885128813033e-01,-9.7496525066233553e-01,-1.7182706697810524e-01,-9.7487329096192787e-01,-4.2183378052471904e-01,-7.7099624231365160e-01,-1.7421125669464874e-01,-9.6915152097567692e-01
3.3742702924418336e+04,-8.0815426668510670e-01,-2.1788855242785177e-02,-3.1615475835798840e-01,1.4355166368828453e-02,4.7661949420746191e-01,-3.6680061383736369e-02,-2.5709931437798506e-01,6.8484121444877352e-02,7.8566309694151331e-03,1.0451823763425154e-02,8.2722955774235463e-01,3.4749937998898722e-02,4.8762318012353106e-01,-3.4845650321791523e-02,-3.0892770913428524e-01,1.0078139389042987e-01,5.6666841458260986e-01,-1.2892938658300601e-02,-4.6008203210442344e-01,-1.7016530759654185e-02,4.9948960324225677e-01,-3.2669466722024858e-02,-4.2522517214725314e-01,1.0454146720366647e-01,1.5799249101811297e-01,1.1218186733356894e-04,-4.3569572419024483e-02,-2.1458153400973394e-02,5.2993751203967743e-01,-3.3270425731609883e-02,7.6327668098199086e-01,-2.2199097212994412e-01,-7.8983328885032322e-01,2.4129482666723351e-03,-3.2320260972182713e-01,-3.1092582657298293e-02,4.5233198973266669e-01,-2.1770020339161495e-02,-1.5694893933138271e-01,4.7740916284592816e-02,4.4795342829010813e-02,-1.4173774792037346e-02,8.2433462787344625e-01,2.2194333265031563e-02,4.6563102587291383e-01,-2.9097824199382616e-02,-2.6893886378649473e-01,5.9156739569609318e-02,6.1284449772934158e-01,2.1160985037572751e-02,-4.6621497047432009e-01,-1.1069678838628158e-02,4.7027691994634552e-01,-3.6767577970867632e-02,-4.4076722264818413e-01,1.4140591068127284e-01,9.1997684627324314e-02,-9.0611335529159264e-04,-2.8727938947318444e-02,1.6687721736747426e-02,5.9981163927390324e-01,-4.7565331157491481e-02,8.0581819002227750e-01,-2.2552332332006600e-01,5.3833647612191722e-05,5.3843594644202876e-05,6.3808924849744175e-05,5.3945649833419279e-05,-2.4074484137549654e-01,-9.6005010821114478e-01,-2.4105795999324933e-01,-9.5993301769712680e-01,-4.8095526272229439e-01,-7.3044072984501496e-01,-2.4305045206500517e-01,-9.5394886649797273e-01
3.5130139014766937e+04,-8.0846643374428850e-01,-2.1561183949163620e-02,-3.1536134805211580e-01,1.3636041116197812e-02,4.7650405483964414e-01,-3.6719087433932339e-02,-2.5762086828804892e-01,6.8640881138386109e-02,8.5875112943662804e-03,9.4021053379445309e-03,8.2731075965854295e-01,3.4970497680898910e-02,4.8757668599284937e-01,-3.4877595891405287e-02,-3.0880355003576365e-01,1.0100825438827316e-01,5.6641926880196913e-01,-1.2601625326665256e-02,-4.6048034640541430e-01,-1.6161955325160314e-02,4.9952202368358378e-01,-3.2692543474457707e-02,-4.2527673751771899e-01,1.0399855337971575e-01,1.5736978919289543e-01,3.9539706437062561e-04,-4.3834800188008720e-02,-2.1688749375632609e-02,5.3005282624128436e-01,-3.3182371378755307e-02,7.6310972321722215e-01,-2.2213771728895398e-01,-7.8998742703444524e-01,2.1078682169977971e-03,-3.2251708258952988e-01,-3.0317072073100342e-02,4.5207664584967128e-01,-2.1649005699109151e-02,-1.5751063172354574e-01,4.7811171135929510e-02,4.5558673037521029e-02,-1.3141232030794011e-02,8.2433487094826674e-01,2.2067595880555395e-02,4.6554014893382389e-01,-2.9007372972119166e-02,-2.6892789571169429e-01,5.8761308282368821e-02,6.1255876126497799e-01,2.0802248028217327e-02,-4.6659056508065794e-01,-1.1996192449706646e-02,4.7037202208646101e-01,-3.6712055286051717e-02,-4.4049320370513184e-01,1.4187199386139462e-01,9.1485014160870889e-02,-1.1911711839891802e-03,-2.8953219070246582e-02,1.6951910523720689e-02,6.0002240254726424e-01,-4.7781933920073794e-02,8.0591409061481334e-01,-2.2540987000857007e-01,5.3828038047650595e-05,5.3837974584310402e-05,6.3704868924462546e-05,5.3937437099332181e-05,-3.1147706239456108e-01,-9.3931440641733510e-01,-3.1179308022999225e-01,-9.3916992283399126e-01,-5.3841074225950847e-01,-6.8356651671803836e-01,-3.1334937226371329e-01,-9.3294367441477066e-01
3.6574623851598997e+04,-8.0876651297603008e-01,-2.1337209922171696e-02,-3.1458270848773068e-01,1.2915620249217146e-02,4.7638746746138705e-01,-3.6757270065363119e-02,-2.5815184099634481e-01,6.8825190671781528e-02,9.3087045642035113e-03,8.3336314434513149e-03,8.2738965760542527e-01,3.5196310264674867e-02,4.8752942717524295e-01,-3.4908874650237037e-02,-3.0867871792667601e-01,1.0124880590951606e-01,5.6618817115201003e-01,-1.2324863054977264e-02,-4.6086791623534257e-01,-1.5294446495248923e-02,4.9955415742438342e-01,-3.2715098909477998e-02,-4.2532560706949241e-01,1.0342818978281412e-01,1.5672874361559325e-01,7.0928874744605186e-04,-4.4093732275771770e-02,-2.1933238947341775e-02,5.3017008848482938e-01,-3.3096154327161724e-02,7.6293984374377244e-01,-2.2228445937059504e-01,-7.9013305942870260e-01,1.8132482901203235e-03,-3.2184819347036292e-01,-2.9537540366361921e-02,4.5181857258045338e-01,-2.1529322310781009e-02,-1.5809693542121453e-01,4.7861400799753671e-02,4.6310007127224592e-02,-1.2093611356296052e-02,8.2433927082951597e-01,2.1932064401050562e-02,4.6544733350811318e-01,-2.8918102971671755e-02,-2.6892389932860616e-01,5.8352569242887738e-02,6.1229269379843154e-01,2.0449746292366837e-02,-4.6695718003315873e-01,-1.2932001617679748e-02,4.7046612835123242e-01,-3.6657736695318785e-02,-4.4020108532303548e-01,1.4236373881735878e-01,9.0956233016180832e-02,-1.5062838977822446e-03,-2.9175047311177975e-02,1.7229676887966863e-02,6.0023782897034406e-01,-4.7995011287830638e-02,8.0601567661096263e-01,-2.2529245065543260e-01,5.3822581184760420e-05,5.3832507905981042e-05,6.3601116275882372e-05,5.3929421851244547e-05,-3.8325144526816962e-01,-9.1220616425973733e-01,-3.8356792355806713e-01,-9.1203203502819052e-01,-5.9342297475874750e-01,-6.3015048489319825e-01,-3.8464212099224471e-01,-9.0559030008505059e-01
3.8078503171412194e+04,-8.0905437938660141e-01,-2.1117332088103402e-02,-3.1381908458019298e-01,1.2193533083839081e-02,4.7626975010684386e-01,-3.6794582995170313e-02,-2.5869113472421990e-01,6.9038953717213525e-02,1.0019908346002328e-02,7.2445594879713259e-03,8.2746604912152077e-01,3.5427764433215825e-02,4.8748141653453492e-01,-3.4939466616063647e-02,-3.0855340698680145e-01,1.0150388090218430e-01,5.6597507557976867e-01,-1.2063879066210259e-02,-4.6124495968879348e-01,-1.4412975806228762e-02,4.9958601244761441e-01,-3.2737120722551881e-02,-4.2537229394468895e-01,1.0282825701602671e-01,1.5606968818212322e-01,1.0565748868003877e-03,-4.4345887350709337e-02,-2.2192488094841714e-02,5.3028926289736378e-01,-3.3011827436599681e-02,7.6276689535675035e-01,-2.2243134071992515e-01,-7.9027038050417153e-01,1.5295749081333486e-03,-3.2119617768097924e-01,-2.8753533823717006e-02,4.5155779749133973e-01,-2.1411030835779398e-02,-1.5870801992314801e-01,4.7889166151337648e-02,4.7049070677307007e-02,-1.1029384785252089e-02,8.2434788544189375e-01,2.1787447517283513e-02,4.6535259888998248e-01,-2.8830063457758334e-02,-2.6892766995168566e-01,5.7929876652978912e-02,6.1204644163635635e-01,2.0104247219342120e-02,-4.6731506048025079e-01,-1.3878168461782765e-02,4.7055925209647576e-01,-3.6604658733163639e-02,-4.3989028514453793e-01,1.4288359491381422e-01,9.0411707542828193e-02,-1.8540166216425499e-03,-2.9393048413875352e-02,1.7521895819881020e-02,6.0045785138314778e-01,-4.8204439128762377e-02,8.0612325189296896e-01,-2.2517073013726799e-01,5.3817258890875734e-05,5.3827176470341037e-05,6.3497654842401745e-05,5.3921582906208464e-05,-4.5549748540378970e-01,-8.7817595573972951e-01,-4.5581150212466837e-01,-8.7796999293515032e-01,-6.4511998395846348e-01,-5.7004745026815207e-01,-4.5635693408948819e-01,-8.7134655191792032e-01
3.9644219162949994e+04,-8.0933020972799552e-01,-2.0901773306082061e-02,-3.1306925256595675e-01,1.1469371368969146e-02,4.7615092687558164e-01,-3.6831017823628506e-02,-2.5923866710299226e-01,6.9283701532227973e-02,1.0722730999392088e-02,6.1332937399098692e-03,8.2753968846806447e-01,3.5665243113202842e-02,4.8743267290848313e-01,-3.4969370680443146e-02,-3.0842782304096961e-01,1.0177416391444585e-01,5.6577976042294087e-01,-1.1819406146571620e-02,-4.6161273257785174e-01,-1.3516593889840440e-02,4.9961760399750232e-01,-3.2758617609388113e-02,-4.2541643895492631e-01,1.0219687892125734e-01,1.5539184703961134e-01,1.4392532212270520e-03,-4.4591046442071174e-02,-2.2467230600946745e-02,5.3041029538269568e-01,-3.2929390478171255e-02,7.6259085641513047e-01,-2.2257856328065995e-01,-7.9039988395478733e-01,1.2570664700528762e-03,-3.2055987501837940e-01,-2.7964525168782089e-02,4.5129436532939454e-01,-2.1294159458416364e-02,-1.5934485466567302e-01,4.7892973375422240e-02,4.7777424480763518e-02,-9.9471524593671198e-03,8.2436069179690730e-01,2.1633562235181945e-02,4.6525598476929286e-01,-2.8743262663067062e-02,-2.6893997578193762e-01,5.7492731675147055e-02,6.1181977572432034e-01,1.9766173521471204e-02,-4.6766556207077509e-01,-1.4835812714493659e-02,4.7065143520835412e-01,-3.6552804001453741e-02,-4.3955958386007632e-01,1.4343330423396611e-01,8.9850738633209443e-02,-2.2362478786626555e-03,-2.9606982580728910e-02,1.7829314155033409e-02,6.0068234838679346e-01,-4.8410203497769734e-02,8.0623730068932242e-01,-2.2504458916564954e-01,5.3812065939163159e-05,5.3821974991876878e-05,6.3394488781604936e-05,5.3913912602642643e-05,-5.2752899516851259e-01,-8.3669023410816146e-01,-5.2783709639548726e-01,-8.3645038655898885e-01,-6.9253764490944469e-01,-5.0321002281538230e-01,-5.2780717963943391e-01,-8.2968707960684773e-01
4.1274314433135420e+04,-8.0959419402484789e-01,-2.0690738751994231e-02,-3.1233183828586830e-01,1.0742777020303625e-02,4.7603102163493977e-01,-3.6866570387676371e-02,-2.5979445132825008e-01,6.9560853392181377e-02,1.1418944967111362e-02,4.9983346786634320e-03,8.2761032223735675e-01,3.5909128920333044e-02,4.8738321472436041e-01,-3.4998590024248884e-02,-3.0830216368564278e-01,1.0206031452950790e-01,5.6560196151233244e-01,-1.1592108991114125e-02,-4.6197257015621501e-01,-1.2604386058908868e-02,4.9964894679620381e-01,-3.2779602782087754e-02,-4.2545761183716269e-01,1.0153225407721372e-01,1.5469436415949633e-01,1.8591711221101342e-03,-4.4829036696621680e-02,-2.2758204353943611e-02,5.3053313282410197e-01,-3.2848831228002473e-02,7.6241170114144730e-01,-2.2272633134346065e-01,-7.9052211981223763e-01,9.9594418812987834e-04,-3.1993799391729344e-01,-2.7170019718514446e-02,4.5102832182719821e-01,-2.1178728147612926e-02,-1.6000844629452243e-01,4.7871489286984481e-02,4.8496793600510027e-02,-8.8455966655766344e-03,8.2437768204397932e-01,2.1470217356403795e-02,4.6515753147339883e-01,-2.8657698976812675e-02,-2.6896157567485773e-01,5.7040656286020390e-02,6.1161244280921034e-01,1.9435880503665442e-02,-4.6801014514578898e-01,-1.5806018927901639e-02,4.7074272011729024e-01,-3.6502142743999794e-02,-4.3920775412022789e-01,1.4401451672874005e-01,8.9272550807322687e-02,-2.6547147335216200e-03,-2.9816643763916659e-02,1.8152679655748485e-02,6.0091119748454103e-01,-4.8612316888313439e-02,8.0635833075965424e-01,-2.2491396114154105e-01,5.3806998741025103e-05,5.3816899816617058e-05,6.3291623917767888e-05,5.3906405216878324e-05,-5.9853261508198197e-01,-7.8724838431868605e-01,-5.9883077138090557e-01,-7.8697282480959219e-01,-7.3462340642380386e-01,-4.2971248907754994e-01,-5.9818008734907191e-01,-7.8012039362957186e-01
4.2971436136076627e+04,-8.0984655043550258e-01,-2.0484432226327065e-02,-3.1160531104118633e-01,1.0013551773711596e-02,4.7591006302561772e-01,-3.6901240415964522e-02,-2.6035855357579896e-01,6.9871616659864452e-02,1.2110457496170788e-02,3.8384205472795814e-03,8.2767769727154128e-01,3.6159809917923780e-02,4.8733306420660161e-01,-3.5027132144844861e-02,-3.0817657354213568e-01,1.0236297693860906e-01,5.6544132657638202e-01,-1.1382585563907810e-02,-4.6232586668434439e-01,-1.1675532356733154e-02,4.9968005845815083e-01,-3.2800094368581743e-02,-4.2549534744071382e-01,1.0083272031565388e-01,1.5397638216762133e-01,2.3179324861530154e-03,-4.5059762830223359e-02,-2.3066191931475348e-02,5.3065771150006036e-01,-3.2770125505066153e-02,7.6222941206735917e-01,-2.2287484478255665e-01,-7.9063771740597177e-01,7.4644800333743822e-04,-3.1932910606305009e-01,-2.6369656631257597e-02,4.5075972390003227e-01,-2.1064751143123478e-02,-1.6069974649445712e-01,4.7823616030283421e-02,4.9209047890178381e-02,-7.7236154680231667e-03,8.2439887920994182e-01,2.1297213413376100e-02,4.6505728959682624e-01,-2.8573362389365548e-02,-2.6899318874593253e-01,5.6573160366201948e-02,6.1142413312567545e-01,1.9113674718172553e-02,-4.6835036486657311e-01,-1.6789769985087286e-02,4.7083315930423109e-01,-3.6452633308526772e-02,-4.3883363784175966e-01,1.4462875369673597e-01,8.8676365161474160e-02,-3.1109229187633778e-03,-3.0021890359597406e-02,1.8492769680319650e-02,6.0114425024803197e-01,-4.8810815083791100e-02,8.0648685981632018e-01,-2.2477884361566472e-01,5.3802050062678623e-05,5.3811943634933841e-05,6.3189063484603324e-05,5.3899051449158444e-05,-6.6755755369601555e-01,-7.2940386091854204e-01,-6.6784112345480950e-01,-7.2909109192378874e-01,-7.7024455794324920e-01,-3.4977696776894074e-01,-6.6652675712906928e-01,-7.2220997588816727e-01
4.4738340271849280e+04,-8.1008749973030492e-01,-2.0283100540895438e-02,-3.1088814692672051e-01,9.2817909433355970e-03,4.7578808204349127e-01,-3.6935029260742880e-02,-2.6093099527101304e-01,7.0216935677913261e-02,1.2799102576425483e-02,2.6526933922980311e-03,8.2774155622527601e-01,3.6417660345652296e-02,4.8728224505473927e-01,-3.5055005388152267e-02,-3.0805117427191464e-01,1.0268277710527120e-01,5.6529741723022076e-01,-1.1191423704205672e-02,-4.6267397467792876e-01,-1.0729421535930473e-02,4.9971095699365170e-01,-3.2820110272629752e-02,-4.2552921311110253e-01,1.0009683762811955e-01,1.5323717666672296e-01,2.8168421472136440e-03,-4.5283161285302104e-02,-2.3392018794929616e-02,5.3078396383178394e-01,-3.2693247188595231e-02,7.6204396534907159e-01,-2.2302427161070382e-01,-7.9074736610811969e-01,5.0888682114083594e-04,-3.1873179155870407e-01,-2.5563345385181943e-02,4.5048863426368829e-01,-2.0952239914748597e-02,-1.6141951722275438e-01,4.7748487833514465e-02,4.9916010107235148e-02,-6.5804910255331068e-03,8.2442434197740955e-01,2.1114350602728767e-02,4.6495531346552799e-01,-2.8490241668267295e-02,-2.6903551095384332e-01,5.6089768370402512e-02,6.1125451118952789e-01,1.8799877979211566e-02,-4.6868777256193789e-01,-1.7787814468045081e-02,4.7092280643957973e-01,-3.6404235011287402e-02,-4.3843624555484645e-01,1.4527737210490310e-01,8.8061526672845739e-02,-3.6060951541751997e-03,-3.0222612652672575e-02,1.8850382456442310e-02,6.0138134975264723e-01,-4.9005737092267895e-02,8.0662338222511898e-01,-2.2463930391717110e-01,5.3797191341250780e-05,5.3807077799841231e-05,6.3086788703513712e-05,5.3891820782905885e-05,-7.3350677094552474e-01,-6.6279019772121461e-01,-7.3377047509714810e-01,-6.6243917738716040e-01,-7.9820170714437011e-01,-2.6380216101278969e-01,-7.3175364598136672e-01,-6.5560018994671831e-01
4.6577896162036755e+04,-8.1031613507328615e-01,-2.0087763953851312e-02,-3.1018478941188576e-01,8.5473482523238317e-03,4.7566506322162860e-01,-3.6967882081530866e-02,-2.6150693535221731e-01,7.0599408449509432e-02,1.3478452891423087e-02,1.4385290303967242e-03,8.2780186563252367e-01,3.6683251207505957e-02,4.8723074405169381e-01,-3.5082160373840307e-02,-3.0792598100481572e-01,1.0302112288826262e-01,5.6517006091852962e-01,-1.1021299285186414e-02,-4.6301387781611625e-01,-9.7645920284961940e-03,4.9974162869264427e-01,-3.2839605677526834e-02,-4.2556304663938194e-01,9.9321737207894029e-02,1.5248128928449867e-01,3.3607354340770001e-03,-4.5498268526643980e-02,-2.3737288067396632e-02,5.3091192932060494e-01,-3.2618331575174069e-02,7.6185462825405481e-01,-2.2317458639196214e-01,-7.9085090787675683e-01,2.8461312880057391e-04,-3.1815039810256635e-01,-2.4750900328053892e-02,4.5021500212336851e-01,-2.0841300219536407e-02,-1.6216468819963223e-01,4.7640762755952845e-02,5.0611680262517125e-02,-5.4142987460878197e-03,8.2445462971698646e-01,2.0920916947308962e-02,4.6485155254240773e-01,-2.8408444477379498e-02,-2.6908947146220435e-01,5.5589150595695108e-02,6.1110465722002250e-01,1.8496218050352321e-02,-4.6901929733260717e-01,-1.8801244299451084e-02,4.7101160170693662e-01,-3.6357063616560423e-02,-4.3801774255071613e-01,1.4596547241333768e-01,8.7432453129694249e-02,-4.1447901651107399e-03,-3.0418328105856887e-02,1.9227086970541148e-02,6.0162261303360676e-01,-4.9196801607742549e-02,8.0676774544405183e-01,-2.2449443831381724e-01,5.3792503487919342e-05,5.3802383361388320e-05,6.2984880364296862e-05,5.3884790582609287e-05,-7.9513483185903622e-01,-5.8714639880017350e-01,-7.9537274450510820e-01,-5.8675667539037546e-01,-8.1724996543540374e-01,-1.7238824546084944e-01,-7.9262050710365284e-01,-5.8004148504844488e-01
4.8493091109296103e+04,-8.1053313950597927e-01,-1.9898299333620639e-02,-3.0949113998572170e-01,7.8101948345726587e-03,4.7554105235893696e-01,-3.6999828475263070e-02,-2.6208833101340628e-01,7.1019375116056299e-02,1.4153795014363001e-02,1.9547061601273615e-04,8.2785826694883868e-01,3.6956902577721086e-02,4.8717859532078961e-01,-3.5108634643636449e-02,-3.0780118269577761e-01,1.0337834531513551e-01,5.6505863116754207e-01,-1.0871891032116721e-02,-4.6334878498716059e-01,-8.7805730051076537e-03,4.9977209909158382e-01,-3.2858630557623537e-02,-4.2559470661861848e-01,9.8506439136093082e-02,1.5170585101752349e-01,3.9496100616103896e-03,-4.5705428694791342e-02,-2.4102512312209036e-02,5.3104150965868036e-01,-3.2545270559289796e-02,7.6166160866823818e-01,-2.2332605263060629e-01,-7.9094950661465657e-01,7.3483757602098299e-05,-3.1758105436711753e-01,-2.3932033608306799e-02,4.4993893034947308e-01,-2.0731893885616498e-02,-1.6293760721356537e-01,4.7501294023379236e-02,5.1301175885103904e-02,-4.2245042820398893e-03,8.2448963321668700e-01,2.0716883653611733e-02,4.6474609537847944e-01,-2.8327896766653121e-02,-2.6915575075804710e-01,5.5071171635279206e-02,6.1097367828603100e-01,1.8202320560648348e-02,-4.6934847270383395e-01,-1.9830888116233930e-02,4.7109963313059883e-01,-3.6310995061016940e-02,-4.3757587900188344e-01,1.4669307272597459e-01,8.6786421757513943e-02,-4.7269987495400442e-03,-3.0609110053852622e-02,1.9623392210788244e-02,6.0186779509801669e-01,-4.9384217345662743e-02,8.0692080728413451e-01,-2.2434474802643065e-01,5.3787924847734839e-05,5.3797798486414806e-05,6.2883290882302783e-05,5.3877898598303378e-05,-8.5103993011092038e-01,-5.0236117847777451e-01,-8.5124549052857756e-01,-5.0193307680624011e-01,-8.2612439603922549e-01,-7.6374823133389488e-02,-8.4773331781270700e-01,-4.9543454137942000e-01
5.0487035248516630e+04,-8.1073877990881071e-01,-1.9714876746605658e-02,-3.0880522037012548e-01,7.0704007529884729e-03,4.7541607084637783e-01,-3.7030874098367278e-02,-2.6267546882952414e-01,7.1477643537655761e-02,1.4827477267296579e-02,-1.0773009042290890e-03,8.2791046566432702e-01,3.7238980259608173e-02,4.8712581449793113e-01,-3.5134441753965365e-02,-3.0767695672087281e-01,1.0375502846334708e-01,5.6496257949436923e-01,-1.0743606479904300e-02,-4.6368034707575306e-01,-7.7767476131393714e-03,4.9980238003060784e-01,-3.2877209341982988e-02,-4.2562352728121033e-01,9.7649614389886563e-02,1.5090984246255390e-01,4.5845246525109268e-03,-4.5904651669704422e-02,-2.4488474542240065e-02,5.3117265897656318e-01,-3.2474023068572257e-02,7.6146484413250692e-01,-2.2347882652616130e-01,-7.9104403629487441e-01,-1.2421260949053298e-04,-3.1702193498105635e-01,-2.3106589412186889e-02,4.4966046328418219e-01,-2.0624021709902362e-02,-1.6373923801649953e-01,4.7329503002315705e-02,5.1986841859466455e-02,-3.0103944352550174e-03,8.2452942645408944e-01,2.0502031648467017e-02,4.6463897994510994e-01,-2.8248572693179444e-02,-2.6923511555890739e-01,5.4535444914549383e-02,6.1086119585773779e-01,1.7918301301989532e-02,-4.6967720871491137e-01,-2.0877516475472133e-02,4.7118694035828307e-01,-3.6265968501875565e-02,-4.3710956671679652e-01,1.4746137353457150e-01,8.6122494032020491e-02,-5.3537167299685402e-03,-3.0794886290661065e-02,2.0040066711749564e-02,6.0211678166226679e-01,-4.9568062194451326e-02,8.0708318201222273e-01,-2.2419044987555958e-01,5.3783468786212821e-05,5.3793336446451873e-05,6.2782043842207476e-05,5.3871157206887732e-05,-8.9967378363424633e-01,-4.0850552921100519e-01,-8.9983984014543927e-01,-4.0804033672240392e-01,-8.2357855694926696e-01,2.3137611548211277e-02,-8.9555413089171587e-01,-4.0186238119032669e-01
5.2562966597448467e+04,-8.1093294996782017e-01,-1.9537892758445530e-02,-3.0812689519622588e-01,6.3278674041609192e-03,4.7529013928976793e-01,-3.7061010158417472e-02,-2.6326705650039217e-01,7.1975557903638576e-02,1.5499281097731962e-02,-2.3813110875491525e-03,8.2795822570101152e-01,3.7529945219534407e-02,4.8707241472968726e-01,-3.5159579711030065e-02,-3.0755341577631251e-01,1.0415204582634924e-01,5.6488143455155249e-01,-1.0637479973985453e-02,-4.6400886752110415e-01,-6.7521130762244639e-03,4.9983247696692418e-01,-3.2895348965464588e-02,-4.2565017118989013e-01,9.6749389440405231e-02,1.5009391423464885e-01,5.2677200486494630e-03,-4.6095669057541595e-02,-2.4896252361094641e-02,5.3130534084180403e-01,-3.2404591687133527e-02,7.6126406912006872e-01,-2.2363302147998926e-01,-7.9113514167725651e-01,-3.0788060733024508e-04,-3.1647300868978218e-01,-2.2274281128535120e-02,4.4937964065915503e-01,-2.0517712137974951e-02,-1.6456933451705855e-01,4.7123359430378896e-02,5.2668592819708787e-02,-1.7707297758586650e-03,8.2457425560769360e-01,2.0275950413771709e-02,4.6453023287400219e-01,-2.8170481327582923e-02,-2.6932844150555024e-01,5.3981257463222979e-02,6.1076729933419938e-01,1.7644673415408121e-02,-4.7000599434503326e-01,-2.1942133344589197e-02,4.7127353842817449e-01,-3.6221968270582175e-02,-4.3661868729392539e-01,1.4827285700704118e-01,8.5441331607417043e-02,-6.0270569580292491e-03,-3.0975472012539518e-02,2.0478176896263182e-02,6.0236949138756879e-01,-4.9748322327960615e-02,8.0725533912115111e-01,-2.2403146497391688e-01,5.3779124390736970e-05,5.3788986294851570e-05,6.2681136652095189e-05,5.3864553813235842e-05,-9.3935022294048931e-01,-3.0588136906703950e-01,-9.3946911614117545e-01,-3.0538154316696847e-01,-8.0843007861804339e-01,1.2475829786765466e-01,-9.3441005677614741e-01,-2.9963863269831087e-01
5.4724256315004342e+04,-8.1111563144251542e-01,-1.9367714721752638e-02,-3.0745561888873019e-01,5.5826248815100026e-03,4.7516327299820754e-01,-3.7090231038756874e-02,-2.6386205767476600e-01,7.2514252537697152e-02,1.6169480777972867e-02,-3.7178258761836171e-03,8.2800128438897158e-01,3.7830239288452576e-02,4.8701840606516644e-01,-3.5184049282232781e-02,-3.0743071192315818e-01,1.0457022542298812e-01,5.6481461734998151e-01,-1.0554407885093708e-02,-4.6433494068196701e-01,-5.7057989507686693e-03,4.9986239512658892e-01,-3.2913058613659042e-02,-4.2567506627164964e-01,9.5804080275961573e-02,1.4925846398342918e-01,6.0010956906276364e-03,-4.6278270628458192e-02,-2.5326885845267169e-02,5.3143952654721316e-01,-3.2336971398854310e-02,7.6105902660887637e-01,-2.2378873339423627e-01,-7.9122360715147499e-01,-4.7695729104170817e-04,-3.1593385415925229e-01,-2.1434926284531020e-02,4.4909649149767478e-01,-2.0412985396800844e-02,-1.6542778477406073e-01,4.6881188898689342e-02,5.3346839566526694e-02,-5.0448579455517344e-04,8.2462435725841643e-01,2.0038256304126666e-02,4.6441987487190728e-01,-2.8093624353299384e-02,-2.6943663404352813e-01,5.3407973634742860e-02,6.1069197333555303e-01,1.7381856706827438e-02,-4.7033565474658057e-01,-2.3025633610211600e-02,4.7135944268008662e-01,-3.6178972305094773e-02,-4.3610303138362255e-01,1.4912972952185832e-01,8.4743352644542635e-02,-6.7488122633117013e-03,-3.1150706430538060e-02,2.0938748415205311e-02,6.0262585713688588e-01,-4.9925002345522961e-02,8.0743780435366597e-01,-2.2386782535793737e-01,5.3774901279131212e-05,5.3784757601406745e-05,6.2580586198974928e-05,5.3858096656851636e-05,-9.6826724312605972e-01,-1.9506929679539164e-01,-9.6833093649126789e-01,-1.9453869081491948e-01,-7.7961818861940579e-01,2.2678753367040810e-01,-9.6251570396405650e-01,-1.8935472119378152e-01
5.6974414175771897e+04,-8.1128703256632284e-01,-1.9204452446705988e-02,-3.0678924305231714e-01,4.8346700630308558e-03,4.7503549662199701e-01,-3.7118538216534394e-02,-2.6446083064477982e-01,7.3094561754876691e-02,1.6840652327625320e-02,-5.0877881687070303e-03,8.2803926642254100e-01,3.8140232673421877e-02,4.8696380428894742e-01,-3.5207860919089062e-02,-3.0730912036856206e-01,1.0501019986578605e-01,5.6476156141223788e-01,-1.0494717778472773e-02,-4.6466039902845280e-01,-4.6370925642063281e-03,4.9989214265980442e-01,-3.2930360909959544e-02,-4.2569734398582487e-01,9.4812317952099184e-02,1.4840229302961869e-01,6.7856989467198064e-03,-4.6452386539640206e-02,-2.5781174504804917e-02,5.3157517073996507e-01,-3.2271129540267840e-02,7.6084962880169726e-01,-2.2394609753078593e-01,-7.9131043140739621e-01,-6.3110263485825074e-04,-3.1540250340058418e-01,-2.0588246000254121e-02,4.4881106726380943e-01,-2.0309852625091752e-02,-1.6631568533315066e-01,4.6602452268706171e-02,5.4024162621835549e-02,7.8918221338281796e-04,8.2467981272341828e-01,1.9788642376158443e-02,4.6430794312324108e-01,-2.8017983380760395e-02,-2.6956064970362775e-01,5.2815257185900244e-02,6.1063493201565733e-01,1.7129796067252800e-02,-4.7066833076779824e-01,-2.4128865258630131e-02,4.7144468218285163e-01,-3.6136923789267431e-02,-4.3556137262597722e-01,1.5003323538605257e-01,8.4027437354582929e-02,-7.5199810385979194e-03,-3.1320433226554423e-02,2.1422589610864004e-02,6.0288576892421064e-01,-5.0098163002506066e-02,8.0763134309036189e-01,-2.2369988890069098e-01,5.3770796897946315e-05,5.3780647712426659e-05,6.2480402088230521e-05,5.3851782572347734e-05,-9.8453918486725112e-01,-7.6982863615931971e-02,-9.8453945796183306e-01,-7.6426963695694503e-02,-7.3627254572992085e-01,3.2720343159895360e-01,-9.7800567021348228e-01,-7.1933384723541688e-02
5.9317094269627996e+04,-8.1144710029934264e-01,-1.9048114498034729e-02,-3.0612615849173153e-01,4.0830772330491989e-03,4.7490682011680974e-01,-3.7145958014578900e-02,-2.6506348124769491e-01,7.3718031777421075e-02,1.7514710722596746e-02,-6.4935393854828076e-03,8.2807182934103274e-01,3.8460368064451807e-02,4.8690861296918148e-01,-3.5231040407995087e-02,-3.0718891214614913e-01,1.0547261265420702e-01,5.6472198202498436e-01,-1.0458824949812540e-02,-4.6498664177780852e-01,-3.5445212968354517e-03,4.9992171721815765e-01,-3.2947284210541633e-02,-4.2571645683489640e-01,9.3772034376534669e-02,1.4752429966746042e-01,7.6235562881811630e-03,-4.6617887936664236e-02,-2.6259873740061997e-02,5.3171226169800567e-01,-3.2206991394835918e-02,7.6063565009110179e-01,-2.2410536515976615e-01,-7.9139645448043316e-01,-7.6999726226234175e-04,-3.1487757777660830e-01,-1.9733076074178811e-02,4.4852339772616379e-01,-2.0208265952053939e-02,-1.6723433334279528e-01,4.6285726835198736e-02,5.4702469081932062e-02,2.1123931679447221e-03,8.2474077371512688e-01,1.9526658781578006e-02,4.6419445292808537e-01,-2.7943500991088589e-02,-2.6970147586080884e-01,5.2202712457859998e-02,6.1059629021994366e-01,1.6888268945547701e-02,-4.7100567377425762e-01,-2.5253415985782769e-02,4.7152926087747793e-01,-3.6095745114258157e-02,-4.3499243480357314e-01,1.5098546012312003e-01,8.3292567188368472e-02,-8.3425118092233623e-03,-3.1484483647669391e-02,2.1930540337216274e-02,6.0314917835243431e-01,-5.0267962972872296e-02,8.0783682779590504e-01,-2.2352785141273063e-01,5.3766775984779729e-05,5.3776621296209048e-05,6.2380550913314909e-05,5.3845576240532487e-05,-9.8624413305084446e-01,4.7075866158170832e-02,-9.8617284873692446e-01,4.7649712184098372e-02,-6.7779454037569187e-01,4.2366028090735541e-01,-9.7898207722047503e-01,5.1316673225317910e-02
6.1756100935710325e+04,-8.1159718299945749e-01,-1.8898220464001469e-02,-3.0545846649141301e-01,3.3302183387917215e-03,4.7477731508830096e-01,-3.7172484533880057e-02,-2.6567518561460113e-01,7.4382523854055124e-02,1.8202210666525342e-02,-7.9313798610364580e-03,8.2809822932402444e-01,3.8790613198530853e-02,4.8685288685866163e-01,-3.5253608762239964e-02,-3.0707056286519430e-01,1.0595736948342907e-01,5.6469474000312814e-01,-1.0445084411943251e-02,-4.6531982074813538e-01,-2.4297688285854283e-03,4.9995116332885620e-01,-3.2963881816248763e-02,-4.2572706741108124e-01,9.2684762358517470e-02,1.4661843938926622e-01,8.5103822754160480e-03,-4.6775365579456038e-02,-2.6763251482192236e-02,5.3185064200320020e-01,-3.2144493778249801e-02,7.6041775163979874e-01,-2.2426654467114021e-01,-7.9148356466836567e-01,-8.9370600243884532e-04,-3.1435142349577211e-01,-1.8871160624925613e-02,4.4823362726105609e-01,-2.0108276942305606e-02,-1.6818780215221593e-01,4.5936356655021597e-02,5.5391979309603594e-02,3.4620597166338369e-03,8.2480678699747068e-01,1.9252421340415576e-02,4.6407953392732759e-01,-2.7870148214326769e-02,-2.6985990610855798e-01,5.1571042155840317e-02,6.1057414131413479e-01,1.6655975455375251e-02,-4.7135455465742326e-01,-2.6397978084391295e-02,4.7161331889125024e-01,-3.6055313490971103e-02,-4.3439235678295973e-01,1.5198263651975288e-01,8.2532930091471390e-02,-9.2123728776486967e-03,-3.1642867106281072e-02,2.2462752524426356e-02,6.0341572566783930e-01,-5.0434503131968740e-02,8.0805538728152038e-01,-2.2335354404974680e-01,5.3762875479082965e-05,5.3772714979587809e-05,6.2281106263800665e-05,5.3839514899655259e-05,-9.7148846796939903e-01,1.7536942453484025e-01,-9.7133791916914336e-01,1.7595178105067566e-01,-6.0394512514876619e-01,5.1351105114078222e-01,-9.6357919377781598e-01,1.7865491955113716e-01
6.4295394940382670e+04,-8.1173512416043847e-01,-1.8756187958454129e-02,-3.0479537563077391e-01,2.5726851449944400e-03,4.7464691866031755e-01,-3.7198084640287940e-02,-2.6628657885327633e-01,7.5093993659502908e-02,1.8889912324885703e-02,-9.4098419652401590e-03,8.2811855084974895e-01,3.9132065332516314e-02,4.8679656841789726e-01,-3.5275517109403971e-02,-3.0695423691236556e-01,1.0646671898766930e-01,5.6468007371248885e-01,-1.0457725809983276e-02,-4.6565345807302960e-01,-1.2882093553629298e-03,4.9998041921709252e-01,-3.2980087029390689e-02,-4.2573680772576467e-01,9.1544174514586379e-02,1.4569330750838938e-01,9.4567528390864797e-03,-4.6923060047826246e-02,-2.7293431876509927e-02,5.3199047912519071e-01,-3.2083770878246667e-02,7.6019432313105906e-01,-2.2442974394598814e-01,-7.9157135259940070e-01,-1.0005729086124578e-03,-3.1383325830449382e-01,-1.7999302683043138e-02,4.4794161941980970e-01,-2.0009921716773019e-02,-1.6917076288570640e-01,4.5542919668201731e-02,5.6080262050741292e-02,4.8453041924481303e-03,8.2487901849673162e-01,1.8964560209592845e-02,4.6396303513828602e-01,-2.7798016852712125e-02,-2.7003772523941283e-01,5.0918031910759852e-02,6.1057146810434271e-01,1.6435252538265964e-02,-4.7170821108684396e-01,-2.7566650292723448e-02,4.7169665827341689e-01,-3.6015782654825954e-02,-4.3376533251479016e-01,1.5303538375901071e-01,8.1756853028734019e-02,-1.0139567601742401e-02,-3.1794750107081736e-02,2.3021561629692790e-02,6.0368580513556414e-01,-5.0597535483782853e-02,8.0828718553263423e-01,-2.2317496904944809e-01,5.3759092859525440e-05,5.3768926556754943e-05,6.2182039529756538e-05,5.3833593080744554e-05,-9.3848802468200787e-01,3.0567028171099703e-01,-9.3825136385281394e-01,3.0624948652192019e-01,-5.1494810751611109e-01,5.9383546293736200e-01,-9.3004390444502705e-01,3.0785525234597638e-01
6.6939099909226425e+04,-8.1186176370226359e-01,-1.8621698665325204e-02,-3.0413117488347663e-01,1.8118143656272335e-03,4.7451569014110939e-01,-3.7222768690766898e-02,-2.6690078280224999e-01,7.5851427086789880e-02,1.9585211231098985e-02,-1.0927358279027057e-02,8.2813212688998106e-01,3.9484946346784643e-02,4.8673970500552510e-01,-3.5296789745157708e-02,-3.0684030315373678e-01,1.0700104355915233e-01,5.6467695810690111e-01,-1.0495830738462386e-02,-4.6599206302771923e-01,-1.2026412690903376e-04,5.0000952501548057e-01,-3.2995942104053898e-02,-4.2574211580546317e-01,9.0350457749680785e-02,1.4474483921209930e-01,1.0460562167170520e-02,-4.7061264304808559e-02,-2.7851128363341280e-02,5.3213163733785862e-01,-3.2024752119417500e-02,7.5996568709629164e-01,-2.2459505390010476e-01,-7.9166154495553442e-01,-1.0904308309596378e-03,-3.1331764386567135e-01,-1.7118259832850036e-02,4.4764749786131641e-01,-1.9913208350574679e-02,-1.7018603136557670e-01,4.5108406700883029e-02,5.6774560785585480e-02,6.2608751519162651e-03,8.2495730692400127e-01,1.8662832388442532e-02,4.6384507113354256e-01,-2.7727068624836822e-02,-2.7023599407932480e-01,5.0243799686073162e-02,6.1058709768065722e-01,1.6225088747164024e-02,-4.7207178097752039e-01,-2.8759242614499612e-02,4.7177940355776565e-01,-3.5977057179685724e-02,-4.3310855706077223e-01,1.5414225336615403e-01,8.0960427067288149e-02,-1.1122150586951101e-02,-3.1940051569310131e-02,2.3607631395512915e-02,6.0395910188092283e-01,-5.0757180100089692e-02,8.0853338921675411e-01,-2.2299349200573271e-01,5.3755421495065185e-05,5.3765249160282668e-05,6.2083365966125441e-05,5.3827803503667266e-05,-8.8567678329671751e-01,4.3522476741571831e-01,-8.8534857141163781e-01,4.3578679187765684e-01,-4.1159270429261341e-01,6.6151035850925777e-01,-8.7684477878519795e-01,4.3617170598123023e-01
6.9691509023503459e+04,-8.1197681914235065e-01,-1.8494790977927000e-02,-3.0346448671260756e-01,1.0465999898263438e-03,4.7438364426231711e-01,-3.7246524952753449e-02,-2.6751755576700953e-01,7.6656828341513564e-02,2.0289827829432162e-02,-1.2486654030714719e-02,8.2813838711691945e-01,3.9849712753277027e-02,4.8668229971051280e-01,-3.5317423663161193e-02,-3.0672939829640600e-01,1.0756122128518349e-01,5.6468513294488465e-01,-1.0559991057195073e-02,-4.6633716540098874e-01,1.0757157706446745e-03,5.0003847117576306e-01,-3.3011456270438014e-02,-4.2574225980174873e-01,8.9101208047320607e-02,1.4377193878396521e-01,1.1524368881298833e-02,-4.7189386303666897e-02,-2.8437210327642678e-02,5.3227410886391791e-01,-3.1967441278011086e-02,7.5973153898696633e-01,-2.2476262930775087e-01,-7.9175517237244675e-01,-1.1626897319854668e-03,-3.1280342881122258e-01,-1.6226703176061879e-02,4.4735129259165773e-01,-1.9818171232028909e-02,-1.7123492514451130e-01,4.4630827784063173e-02,5.7476646412406365e-02,7.7112319012886191e-03,8.2504180654096904e-01,1.8346560423918572e-02,4.6372564521702536e-01,-2.7657311733459956e-02,-2.7045631378376239e-01,4.9548054478519982e-02,6.1062149134259280e-01,1.6025204050389461e-02,-4.7244713332202243e-01,-2.9977441293481830e-02,4.7186153024893857e-01,-3.5939109764431980e-02,-4.3242050021664019e-01,1.5530582646991253e-01,8.0142623503810517e-02,-1.2162596426831434e-02,-3.2078191457947540e-02,2.4221966363142899e-02,6.0423559801240234e-01,-5.0913429948201597e-02,8.0879513280267301e-01,-2.2280951908083810e-01,5.3751862430797480e-05,5.3761683779426685e-05,6.1985098259058574e-05,5.3822147027198244e-05,-8.1183363252979646e-01,5.6073193870403670e-01,-8.1141047810363365e-01,5.6126038919360266e-01,-2.9533836966140897e-01,7.1330269530440449e-01,-8.0279731252826980e-01,5.6031858240372856e-01
7.2557091991964800e+04,-8.1208060003576810e-01,-1.8375092971147922e-02,-3.0279092660451723e-01,2.7728805958009313e-04,4.7425080529512109e-01,-3.7269379682348322e-02,-2.6813935121560761e-01,7.7510280161322387e-02,2.1009518481047058e-02,-1.4087894225147165e-02,8.2813669182573024e-01,4.0226597033185707e-02,4.8662436818553062e-01,-3.5337450534897091e-02,-3.0662202430267183e-01,1.0814753951567295e-01,5.6470403161637683e-01,-1.0649593696313131e-02,-4.6669229642831861e-01,2.3001081395977226e-03,5.0006726755421038e-01,-3.3026670396581907e-02,-4.2573434821619943e-01,8.7795802536270923e-02,1.4277103906148902e-01,1.2647513943871869e-02,-4.7307472377350113e-02,-2.9052219100267014e-02,5.3241784647822976e-01,-3.1911747172709531e-02,7.5949190779698750e-01,-2.2493263992817114e-01,-7.9185366503635779e-01,-1.2169902325212534e-03,-3.1228652777207849e-01,-1.5324365124795973e-02,4.4705306247681459e-01,-1.9724771069022737e-02,-1.7232027660835680e-01,4.4111675919199997e-02,5.8192163621798104e-02,9.1966536402700548e-03,8.2513248034568287e-01,1.8015284755899592e-02,4.6360480264934800e-01,-2.7588679808193059e-02,-2.7069982923043029e-01,4.8831055948796040e-02,6.1067424204567045e-01,1.5834454078883398e-02,-4.7283836806706475e-01,-3.1221753493812468e-02,4.7194308082328701e-01,-3.5901834933918318e-02,-4.3169853467382630e-01,1.5652586993831852e-01,7.9300011820467781e-02,-1.3260366925311032e-02,-3.2208948121344456e-02,2.4865170637955541e-02,6.0451516455451115e-01,-5.1066471596274199e-02,8.0907364837543605e-01,-2.2262424390302554e-01,5.3748409708304190e-05,5.3758224289300419e-05,6.1887240805330685e-05,5.3816618432151126e-05,-7.1623519335851737e-01,6.7834556173894811e-01,-7.1571649457157582e-01,6.7882180548177018e-01,-1.6841183424834424e-01,7.4600142224414900e-01,-7.0721568622380682e-01,6.7647406140337585e-01
7.5540502309326941e+04,-8.1217246980516933e-01,-1.8262921765253626e-02,-3.0211075997106340e-01,-4.9730197782442073e-04,4.7411719140591574e-01,-3.7291304702871661e-02,-2.6876416173256878e-01,7.8414398228475221e-02,2.1743617242794298e-02,-1.5734745306514059e-02,8.2812641194026082e-01,4.0616275031955341e-02,4.8656591925514120e-01,-3.5356848562843414e-02,-3.0651884296867049e-01,1.0876143286587368e-01,5.6473329666180438e-01,-1.0765883572334711e-02,-4.6705790129115665e-01,3.5551806549852065e-03,5.0009591140854248e-01,-3.3041571279758326e-02,-4.2571890639433363e-01,8.6430989602327951e-02,1.4174272072082611e-01,1.3833957986095442e-02,-4.7414511381790092e-02,-2.9697594050085794e-02,5.3256282830797419e-01,-3.1857726699541906e-02,7.5924627634071928e-01,-2.2510518826160408e-01,-7.9195808865100592e-01,-1.2524042875355045e-03,-3.1176741307700162e-01,-1.4409711257545548e-02,4.4675283815606143e-01,-1.9633074175859938e-02,-1.7344214208787104e-01,4.3547343843399561e-02,5.8920692093848294e-02,1.0720351282524802e-02,8.2522969494436149e-01,1.7667998625820653e-02,4.6348255321231707e-01,-2.7521226476075536e-02,-2.7096860799277872e-01,4.8092009164686519e-02,6.1074629235271982e-01,1.5652952214455226e-02,-4.7324627531199254e-01,-3.2494336358760055e-02,4.7202403973856144e-01,-3.5865269298912282e-02,-4.3094196576458604e-01,1.5780661910672561e-01,7.8433163288878338e-02,-1.4419270729387068e-02,-3.2331498972989391e-02,2.5538829809488458e-02,6.0479776732553137e-01,-5.1216179126043711e-02,8.0937011873320108e-01,-2.2243785760308796e-01,5.3745064753270930e-05,5.3754872109739677e-05,6.1789803074809344e-05,5.3811217211905021e-05,-5.9882808393974063e-01,7.8371098184420940e-01,-5.9821683431519601e-01,7.8411447014560953e-01,-3.3884717529760078e-02,7.5658959998369757e-01,-5.9008299569816602e-01,7.8031805063019388e-01
7.8646584813203095e+04,-8.1225219701444407e-01,-1.8158269649248382e-02,-3.0142207497972606e-01,-1.2775080205979974e-03,4.7398282096817496e-01,-3.7312302413893959e-02,-2.6939197605196608e-01,7.9370399775242823e-02,2.2494351255160652e-02,-1.7429024451086201e-02,8.2810689042563246e-01,4.1019212824952231e-02,4.8650696355632733e-01,-3.5375624661002053e-02,-3.0642043692546012e-01,1.0940377810672554e-01,5.6477236028664823e-01,-1.0909186960974593e-02,-4.6743582481735585e-01,4.8422283022733492e-03,5.0012440584177242e-01,-3.3056173004130079e-02,-4.2569490474928262e-01,8.5004908565508824e-02,1.4068576420733242e-01,1.5085271039816828e-02,-4.7510007478994712e-02,-3.0374406804371104e-02,5.3270902417730781e-01,-3.1805357637776713e-02,7.5899433037753194e-01,-2.2528038550604068e-01,-7.9206982147751348e-01,-1.2681784480893972e-03,-3.1124444525888340e-01,-1.3481930016420684e-02,4.4645065932510708e-01,-1.9543085736853295e-02,-1.7460171427635007e-01,4.2936766399129585e-02,5.9664601273523993e-02,1.2283971287130255e-02,8.2533370212863533e-01,1.7303885635057050e-02,4.6335892167850934e-01,-2.7454940404476928e-02,-2.7126432921716331e-01,4.7330648500462501e-02,6.1083800788910392e-01,1.5480130989493277e-02,-4.7367322592746774e-01,-3.3796446358692299e-02,4.7210441951286342e-01,-3.5829377476572902e-02,-4.3014936998204167e-01,1.5915019461559321e-01,7.7540892308536988e-02,-1.5640885012896937e-02,-3.2445322439486279e-02,2.6244122345488799e-02,6.0508333278515880e-01,-5.1362594802844122e-02,8.0968580707779525e-01,-2.2225115121340772e-01,5.3741829937602759e-05,5.3751629528920056e-05,6.1692794823784160e-05,5.3805945191862791e-05,-4.6042011813901307e-01,8.7204643107139901e-01,-4.5972376985779728e-01,8.7235524758422556e-01,1.0427927053157686e-01,7.4245801700449388e-01,-4.5224004936631945e-01,8.6711506661153526e-01
8.1880383551760475e+04,-8.1231944874285789e-01,-1.8060962080513165e-02,-3.0072244781236135e-01,-2.0640891443895748e-03,4.7384772024038552e-01,-3.7332370608051689e-02,-2.7002332391275458e-01,8.0379945015295620e-02,2.3264872909492914e-02,-1.9173174069899129e-02,8.2807732272178503e-01,4.1435893406957178e-02,4.8644751562710720e-01,-3.5393783794732590e-02,-3.0632757300454905e-01,1.1007549297473238e-01,5.6482086222445715e-01,-1.1079707396470545e-02,-4.6782845558620145e-01,6.1628916614639394e-03,5.0015275345583032e-01,-3.3070491330351642e-02,-4.2566062922910802e-01,8.3515315073632523e-02,1.3959804656817343e-01,1.6403322888856153e-02,-4.7593296696400583e-02,-3.1083697801268396e-02,5.3285639389477124e-01,-3.1754622275510722e-02,7.5873579174654693e-01,-2.2545840423707941e-01,-7.9219029495152471e-01,-1.2635276422733321e-03,-3.1071550885204968e-01,-1.2539725098593767e-02,4.4614658195631396e-01,-1.9454824463026973e-02,-1.7580103736265007e-01,4.2278809078203229e-02,6.0427114090651858e-02,1.3889775498558413e-02,8.2544468499396906e-01,1.6921985640573192e-02,4.6323394081411839e-01,-2.7389816193391578e-02,-2.7158895221626472e-01,4.6546837396948967e-02,6.1094992597318898e-01,1.5315107064294843e-02,-4.7412217997179001e-01,-3.5129690740932307e-02,4.7218423197514442e-01,-3.5794119981505397e-02,-4.2931849590808158e-01,1.6055884107690932e-01,7.6621138937840255e-02,-1.6927097517942351e-02,-3.2549701223226153e-02,2.6982253976291656e-02,6.0537176773148016e-01,-5.1505749483416241e-02,8.1002222773969390e-01,-2.2206509045242273e-01,5.3738698658530239e-05,5.3748489852381004e-05,6.1596221092335328e-05,5.3800795334903154e-05,-3.0288005908059151e-01,9.3828073109734567e-01,-3.0211137700530061e-01,9.3847243368199407e-01,2.4122432913682004e-01,7.0165870834362587e-01,-2.9558181684378976e-01,9.3185248956951794e-01
8.5247149974882064e+04,-8.1237405192468615e-01,-1.7970696650024542e-02,-3.0000856356461258e-01,-2.8570916887822873e-03,4.7371191143789643e-01,-3.7351512879108019e-02,-2.7065963505049229e-01,8.1443897499946946e-02,2.4059632578254053e-02,-2.0968380233103701e-02,8.2803679469059877e-01,4.1866652200383145e-02,4.8638758884143157e-01,-3.5411334195165442e-02,-3.0624115859851864e-01,1.1077726924882025e-01,5.6487833297291334e-01,-1.1277254215898314e-02,-4.6823891291186504e-01,7.5181191849638500e-03,5.0018095991171196e-01,-3.3084542065984969e-02,-4.2561348775332125e-01,8.1960813236383101e-02,1.3847661363396058e-01,1.7788616684364440e-02,-4.7663722732212234e-02,-3.1826352938619490e-02,5.3300489895042003e-01,-3.1705494665251438e-02,7.5847047546017887e-01,-2.2563936913503835e-01,-7.9232106733616148e-01,-1.2376017575023469e-03,-3.1017756876216296e-01,-1.1582412028118289e-02,4.4584065427021563e-01,-1.9368294689589928e-02,-1.7704257177775529e-01,4.1573687755482300e-02,6.1212729084826029e-02,1.5538913357835596e-02,8.2556270619854799e-01,1.6521368921362342e-02,4.6310764216692057e-01,-2.7325840673828844e-02,-2.7194444603415630e-01,4.5740813906225322e-02,6.1108232099837778e-01,1.5156669918858296e-02,-4.7459693474813758e-01,-3.6494954079584786e-02,4.7226349748333385e-01,-3.5759458102446885e-02,-4.2844666794263975e-01,1.6203362874922111e-01,7.5671016912870884e-02,-1.8278528525673788e-02,-3.2643842593394423e-02,2.7754256921277309e-02,6.0566297997496621e-01,-5.1645691572178513e-02,8.1038089507585798e-01,-2.2188106198355537e-01,5.3735670986524812e-05,5.3745453027042225e-05,6.1500091180200181e-05,5.3795767584429688e-05,-1.2933140030522178e-01,9.7726047151623463e-01,-1.2850923227155575e-01,9.7731326676230224e-01,3.7126865084121791e-01,6.3319151632723847e-01,-1.2324730623190661e-01,9.6944770834534832e-01
8.8752351462132210e+04,-8.1241534175407581e-01,-1.7887372595154494e-02,-2.9927879905566057e-01,-3.6576822085422518e-03,4.7357542602984820e-01,-3.7369723856216543e-02,-2.7130054063658171e-01,8.2564524114005278e-02,2.4880589428975523e-02,-2.2818136763467691e-02,8.2798443469238570e-01,4.2312145495677869e-02,4.8632720157945214e-01,-3.5428277898482866e-02,-3.0616194885745868e-01,1.1151032410330160e-01,5.6494442786745025e-01,-1.1502343149917382e-02,-4.6866901229555058e-01,8.9102078847701008e-03,5.0020902903407660e-01,-3.3098338399399282e-02,-4.2555237331159712e-01,8.0338398802679262e-02,1.3732005358014213e-01,1.9244108108421393e-02,-4.7720421780894445e-02,-3.2603780482681609e-02,5.3315449002770954e-01,-3.1657965188604698e-02,7.5819793066601016e-01,-2.2582347503918754e-01,-7.9246368351161678e-01,-1.1893614601651316e-03,-3.0962936063041802e-01,-1.0608227562871816e-02,4.4553294256888781e-01,-1.9283523388342660e-02,-1.7832798616539416e-01,4.0819158119477041e-02,6.2023607159944538e-02,1.7234568785614995e-02,8.2568815061676115e-01,1.6100754754556017e-02,4.6298006630597577e-01,-2.7263016760493627e-02,-2.7233309224528413e-01,4.4912170750608604e-02,6.1123620381244403e-01,1.5003940281892005e-02,-4.7509995520966797e-01,-3.7894401121333715e-02,4.7234223024750543e-01,-3.5725360310695703e-02,-4.2753189997729169e-01,1.6357806879547132e-01,7.4689119109554558e-02,-1.9698122522771967e-02,-3.2726918317484525e-02,2.8561746996150977e-02,6.0595685935360621e-01,-5.1782432467911241e-02,8.1076352157890386e-01,-2.2170000901692830e-01,5.3732738612093132e-05,5.3742510681245828e-05,6.1404408462145777e-05,5.3790852639046896e-05,5.5674910836656530e-02,9.8403508067318735e-01,5.6525059982716001e-02,9.8392937026607552e-01,4.8805404065963665e-01,5.3731093784552608e-01,6.0212131577217588e-02,9.7503208600640923e-01
9.2401680201376599e+04,-8.1244299427282296e-01,-1.7810720479777609e-02,-2.9853018814212612e-01,-4.4656585784960852e-03,4.7343827907655234e-01,-3.7387003592189084e-02,-2.7194709483933155e-01,8.3742586082223042e-02,2.5731683216636332e-02,-2.4723469131535801e-02,8.2791921497161303e-01,4.2772701604817942e-02,4.8626636286460029e-01,-3.5444617670130622e-02,-3.0609100676477108e-01,1.1227540331435465e-01,5.6501857295964575e-01,-1.1754844389465557e-02,-4.6912171771381278e-01,1.0340021030784179e-02,5.0023696472684709e-01,-3.3111887923733235e-02,-4.2547480027968798e-01,7.8646774123193597e-02,1.3612576308930319e-01,2.0770226607381509e-02,-4.7762509425600348e-02,-3.3416983215043543e-02,5.3330514084754266e-01,-3.1612023609080581e-02,7.5791786383835125e-01,-2.2601078999623636e-01,-7.9261984130999064e-01,-1.1176977131673906e-03,-3.0906817957223509e-01,-9.6166530005941143e-03,4.4522347850045535e-01,-1.9200518289136277e-02,-1.7965940458770860e-01,4.0015349724661989e-02,6.2863864525467231e-02,1.8977720945294683e-02,8.2582114495753645e-01,1.5659025776100712e-02,4.6285123306739773e-01,-2.7201342342894494e-02,-2.7275713919839356e-01,4.4061253462491290e-02,6.1141203980847325e-01,1.4855609800731520e-02,-4.7563499247268903e-01,-3.9328719532589693e-02,4.7242044240424236e-01,-3.5691809212501119e-02,-4.2657168187041078e-01,1.6519342208872428e-01,7.3672848422075637e-02,-2.1186465867752906e-02,-3.2797941050187171e-02,2.9405892545347926e-02,6.0625334398194575e-01,-5.1915989515278149e-02,8.1117168848576382e-01,-2.2152354498407123e-01,5.3729917767961163e-05,5.3739678936414591e-05,6.1309195508947199e-05,5.3786066451157344e-05,2.4604020441287161e-01,9.5422835329485611e-01,2.4688591409637653e-01,9.5394865169573229e-01,5.8480057914989048e-01,4.1583036964339853e-01,2.4871753012989464e-01,9.4431998703877962e-01
9.6201062432474180e+04,-8.1245577658347290e-01,-1.7740764740909742e-02,-2.9776229425027340e-01,-5.2834744175162783e-03,4.7330050975195864e-01,-3.7403341089036618e-02,-2.7259749040059089e-01,8.4981982789892524e-02,2.6613168579814522e-02,-2.6690525602878573e-02,8.2784012558812570e-01,4.3249332801697363e-02,4.8620509591517547e-01,-3.5460349961454314e-02,-3.0602917507484240e-01,1.1307432933164878e-01,5.6510058150011666e-01,-1.2035878666471628e-02,-4.6959808232883182e-01,1.1811410342310834e-02,5.0026477057169783e-01,-3.3125198834680611e-02,-4.2538055850081624e-01,7.6881061193828787e-02,1.3489319257363186e-01,2.2372493691751170e-02,-4.7788723713130782e-02,-3.4267947764886030e-02,5.3345679134566448e-01,-3.1567675315695910e-02,7.5762954566061869e-01,-2.2620160321920002e-01,-7.9279131066954789e-01,-1.0213029201358234e-03,-3.0849406941657748e-01,-8.6045886905465607e-03,4.4491234378970262e-01,-1.9119320343032431e-02,-1.8103828840523162e-01,3.9157578635953913e-02,6.3734121987689601e-02,2.0773945482620109e-02,8.2596238822692336e-01,1.5194387675306870e-02,4.6272119202296375e-01,-2.7140835190596926e-02,-2.7321958649048855e-01,4.3187136799096443e-02,6.1161174286731412e-01,1.4710879757490936e-02,-4.7620383791003895e-01,-4.0801555796733377e-02,4.7249814553561026e-01,-3.5658787421825482e-02,-4.2556407994657536e-01,1.6688576685708253e-01,7.2621604444338544e-02,-2.2748976737666307e-02,-3.2855831886259852e-02,3.0288996819943952e-02,6.0655230540364136e-01,-5.2046339483366073e-02,8.1160759705007335e-01,-2.2135241511680429e-01,5.3727185889800429e-05,5.3736935212857848e-05,6.1214441436246986e-05,5.3781384556437115e-05,4.3407060375398931e-01,8.8449756432840199e-01,4.3487278017038067e-01,8.8403477171322575e-01,6.5467653023431538e-01,2.7239771151571818e-01,4.3461963064087994e-01,8.7406369878099777e-01
1.0015666807105225e+05,-8.1245377630622106e-01,-1.7676755141167511e-02,-2.9696971120618021e-01,-6.1091569607380804e-03,4.7316213011606506e-01,-3.7418741368266333e-02,-2.7325546425128638e-01,8.6281453006720937e-02,2.7532693740455597e-02,-2.8716992956134359e-02,8.2774586520556581e-01,4.3741860291263659e-02,4.8614340729726635e-01,-3.5475483389245548e-02,-3.0597790505228473e-01,1.1390703675923364e-01,5.6518974355149121e-01,-1.2344184560158650e-02,-4.7010307970358717e-01,1.3323304371502233e-02,5.0029245081950013e-01,-3.3138285120904470e-02,-4.2526460288211954e-01,7.5042375797936101e-02,1.3361723713678039e-01,2.4047611442082270e-02,-4.7798213227560268e-02,-3.5157018456847940e-02,5.3360941969949349e-01,-3.1524894264377261e-02,7.5733297348911877e-01,-2.2639588635099595e-01,-7.9297994646989234e-01,-8.9887876310601120e-04,-3.0790177173601380e-01,-7.5730404663836345e-03,4.4459956516341587e-01,-1.9039926998190085e-02,-1.8246818546027013e-01,3.8249673840477713e-02,6.4642104364948230e-02,2.2621278049820004e-02,8.2611158985128863e-01,1.4705840740444301e-02,4.6258995959211280e-01,-2.7081478877697046e-02,-2.7372255259203460e-01,4.2291411741958926e-02,6.1183504906904851e-01,1.4567410533583659e-02,-4.7681249910127610e-01,-4.2311566089180741e-02,4.7257535549595880e-01,-3.5626260250409131e-02,-4.2450520724088026e-01,1.6865297038652266e-01,7.1530281050822805e-02,-2.4382782721237766e-02,-3.2899382113588262e-02,3.1211541218400970e-02,6.0685368698148523e-01,-5.2173535253386943e-02,8.1207273377210454e-01,-2.2118942143161696e-01,5.3724565538489400e-05,5.3734301879898606e-05,6.1120177876911210e-05,5.3776830705078376e-05,6.1056246380045287e-01,7.7306898799788193e-01,6.1127622862478126e-01,7.7242291946082298e-01,6.9130045282910835e-01,1.1269115453581566e-01,6.0878913085299446e-01,7.6258238912633425e-01
1.0427492072799284e+05,-8.1243515991293958e-01,-1.7618675434364794e-02,-2.9615241237885592e-01,-6.9467607698663579e-03,4.7302317699441676e-01,-3.7433213392872776e-02,-2.7391855013377975e-01,8.7646724345118124e-02,2.8489916437349661e-02,-3.0812101334722557e-02,8.2763523781303439e-01,4.4251690886883008e-02,4.8608131934659243e-01,-3.5490027819182715e-02,-3.0593811049495556e-01,1.1477584503885033e-01,5.6528615005709015e-01,-1.2681270172295284e-02,-4.7063749577822911e-01,1.4881370337157585e-02,5.0032000878602612e-01,-3.3151162289378991e-02,-4.2512703315495504e-01,7.3123749131426496e-02,1.3229723202918509e-01,2.5803655240539493e-02,-4.7789460219687704e-02,-3.6086729100881690e-02,5.3376296851834426e-01,-3.1483649003268208e-02,7.5702713410497036e-01,-2.2659412783481020e-01,-7.9318784446401802e-01,-7.4884076372424418e-04,-3.0729194764043055e-01,-6.5171929493668367e-03,4.4428522595380338e-01,-1.8962335580887869e-02,-1.8395128627934085e-01,3.7284774141257276e-02,6.5587949703245163e-02,2.4528118876382256e-02,8.2626977940730850e-01,1.4190979979301611e-02,4.6245758879749077e-01,-2.7023260634293784e-02,-2.7426973660960324e-01,4.1372740745289439e-02,6.1208484396996976e-01,1.4424103895236368e-02,-4.7746267835432099e-01,-4.3864164737097866e-02,4.7265208720270319e-01,-3.5594190041796731e-02,-4.2339250605600365e-01,1.7050364088260037e-01,7.0398138543167579e-02,-2.6095800112311239e-02,-3.2927339895628294e-02,3.2176521198009414e-02,6.0715735674665339e-01,-5.2297632640294384e-02,8.1256998048063489e-01,-2.2103528125312710e-01,5.3722019646640961e-05,5.3731741884131484e-05,6.1026372756907889e-05,5.3772365450610962e-05,7.6503587938645978e-01,6.2033453865465160e-01,7.6561236761643270e-01,6.1951655663400573e-01,6.8936076145684044e-01,-5.5499153043094586e-02,7.6085297978575983e-01,6.1035025272293464e-01
1.0856250814090163e+05,-8.1240184678826199e-01,-1.7563410645605348e-02,-2.9529412198257743e-01,-7.7890675432899167e-03,4.7288374248127629e-01,-3.7446851216240140e-02,-2.7460238114777380e-01,8.9069608668927575e-02,2.9508302183346363e-02,-3.2963031962257694e-02,8.2750676034817494e-01,4.4777362370021570e-02,4.8601889475600535e-01,-3.5504097257923813e-02,-3.0591028263723730e-01,1.1567781778141235e-01,5.6538920273937077e-01,-1.3041424024317849e-02,-4.7121350968523240e-01,1.6479130477355705e-02,5.0034748991659028e-01,-3.3163972326085214e-02,-4.2495372062163900e-01,7.1133805714595544e-02,1.3091724233651778e-01,2.7624462199019290e-02,-4.7763965729872668e-02,-3.7055788659641271e-02,5.3391725148017422e-01,-3.1443620887560642e-02,7.5671348577726050e-01,-2.2679659606547226e-01,-7.9341650513825779e-01,-5.6971390018517240e-04,-3.0664843418620569e-01,-5.4424237701263360e-03,4.4396955100620306e-01,-1.8886405749856824e-02,-1.8549855375539553e-01,3.6280887852115903e-02,6.6594261454730658e-02,2.6483294794047214e-02,8.2643542707939666e-01,1.3649323102582676e-02,4.6232426301414353e-01,-2.6965943411669052e-02,-2.7486028964678672e-01,4.0435451735926269e-02,6.1235743297586420e-01,1.4274354703864445e-02,-4.7816823759622457e-01,-4.5452476009488957e-02,4.7272852524350606e-01,-3.5562215391035136e-02,-4.2221652027977841e-01,1.7242384611516420e-01,6.9209389518561662e-02,-2.7873099831275006e-02,-3.2939743586479615e-02,3.3182510105061194e-02,6.0746283025888348e-01,-5.2419277437322338e-02,8.1310021533454202e-01,-2.2089623174632528e-01,5.3719478106686225e-05,5.3729184583991626e-05,6.0932996025127615e-05,5.3767925578882637e-05,8.8619266412939168e-01,4.2946225604634319e-01,8.8658181298195593e-01,4.2849777900124336e-01,6.4534318969268545e-01,-2.2238347064976499e-01,8.7965464908424607e-01,4.2059512746195055e-01
1.1302639303449888e+05,-8.1235132353374184e-01,-1.7513022375669818e-02,-2.9440381044511732e-01,-8.6388402737381936e-03,4.7274374594385327e-01,-3.7459510481893686e-02,-2.7529555362291236e-01,9.0556235938801175e-02,3.0574977090417354e-02,-3.5178269469768195e-02,8.2735896798926367e-01,4.5319966472482612e-02,4.8595607203057323e-01,-3.5517540042769004e-02,-3.0589745637557386e-01,1.1661610986479104e-01,5.6549781229234486e-01,-1.3428702332352854e-02,-4.7182691932163467e-01,1.8120884953458191e-02,5.0037484172944147e-01,-3.3176549930165146e-02,-4.2475060621613414e-01,6.9065959212786854e-02,1.2948626978961378e-01,2.9520865764617425e-02,-4.7717187856881532e-02,-3.8066616290180530e-02,5.3407245025508165e-01,-3.1405227731350585e-02,7.5639008472533731e-01,-2.2700266720293943e-01,-7.9366799809974264e-01,-3.5932275210495343e-04,-3.0598008179652175e-01,-4.3457571844458739e-03,4.4365232473675403e-01,-1.8812390162126304e-02,-1.8710350806468379e-01,3.5225464892240974e-02,6.7649799081181822e-02,2.8494088474644363e-02,8.2660958543176122e-01,1.3078628919087204e-02,4.6218978393778459e-01,-2.6909852296601658e-02,-2.7550033527006734e-01,3.9478676082195956e-02,6.1265677015061970e-01,1.4120359344128395e-02,-4.7892551883797713e-01,-4.7080134613152740e-02,4.7280445133790228e-01,-3.5530761441397177e-02,-4.2098034556596320e-01,1.7442512963205720e-01,6.7972498817669161e-02,-2.9725086503487510e-02,-3.2933069112402319e-02,3.4232429036774432e-02,6.0777060300851571e-01,-5.2537614863926344e-02,8.1366524591802736e-01,-2.2077198335199788e-01,5.3717119912414966e-05,5.3726809250046958e-05,6.0840206212255429e-05,5.3763684066512901e-05,9.6262269169950132e-01,2.0692041107511444e-01,9.6277723925079994e-01,2.0585078611558863e-01,5.5829829234479178e-01,-3.7653780692414957e-01,9.5395434908028565e-01,1.9981037325982401e-01
1.1767382442756946e+05,-8.1228040793778922e-01,-1.7467596876584390e-02,-2.9348257176184767e-01,-9.5038686707721101e-03,4.7260325026720640e-01,-3.7471220952873939e-02,-2.7599349744494495e-01,9.2116676819107471e-02,3.1687695024433832e-02,-3.7474285444937583e-02,8.2719034985814299e-01,4.5881924511431998e-02,4.8589289002911817e-01,-3.5530385941711762e-02,-3.0590045657923803e-01,1.1759431544781777e-01,5.6561253766286124e-01,-1.3845673207977360e-02,-4.7247756507181271e-01,1.9816583994975476e-02,5.0040207035577000e-01,-3.3188932557661921e-02,-4.2451905812629231e-01,6.6908191353220320e-02,1.2800404169827945e-01,3.1507296537583725e-02,-4.7647266251607409e-02,-3.9123166773162715e-02,5.3422846601495810e-01,-3.1368381689276081e-02,7.5605529493236023e-01,-2.2721322382518233e-01,-7.9394535080376216e-01,-1.1557430756109488e-04,-3.0528920430764617e-01,-3.2184502088111605e-03,4.4333369484332197e-01,-1.8740254390990113e-02,-1.8876956242906567e-01,3.4106116694258407e-02,6.8753116940590248e-02,3.0575557788749166e-02,8.2679420501195811e-01,1.2475194412616908e-02,4.6205424986499599e-01,-2.6854935759684236e-02,-2.7619506590736453e-01,3.8499802591920852e-02,6.1298798071216698e-01,1.3960702585223726e-02,-4.7973569775184921e-01,-4.8756821936913566e-02,4.7287989864848451e-01,-3.5499733770122513e-02,-4.1968051343486024e-01,1.7652236899978835e-01,6.6687036562500329e-02,-3.1665841827067741e-02,-3.2905923174460193e-02,3.5330988353236087e-02,6.0808044153218621e-01,-5.2652812683800662e-02,8.1426957403259081e-01,-2.2066294784291535e-01,5.3714846933288632e-05,5.3724517823376534e-05,6.0747910921826955e-05,5.3759539184920275e-05,9.8375435469798533e-01,-3.7052079307955260e-02,9.8363502475139541e-01,-3.8168608442945666e-02,4.3060840054835142e-01,-5.0552298028831766e-01,9.7337619447743984e-01,-4.1788612162068819e-02
1.2251234940483219e+05,-8.1218848086878570e-01,-1.7426095566257460e-02,-2.9252507070879075e-01,-1.0382359551879765e-02,4.7246229180947513e-01,-3.7481977377235624e-02,-2.7669955963512660e-01,9.3750472945029639e-02,3.2854199519500082e-02,-3.9850098420020047e-02,8.2699896832876607e-01,4.6463268659693149e-02,4.8582937505130080e-01,-3.5542636257716427e-02,-3.0592120303568793e-01,1.1861286597250752e-01,5.6573264953212032e-01,-1.4291150504179201e-02,-4.7317084382106889e-01,2.1566097272821230e-02,5.0042919333918445e-01,-3.3201130399490603e-02,-4.2425334900231737e-01,6.4660599161763088e-02,1.2646500836662625e-01,3.3581362341048616e-02,-4.7552489404252621e-02,-4.0226576079770496e-02,5.3438522548792533e-01,-3.1333076922855599e-02,7.5570884750865153e-01,-2.2742833740059926e-01,-7.9425097162538305e-01,1.6389089744052454e-04,-3.0457065172809650e-01,-2.0608404785439384e-03,4.4301373552158835e-01,-1.8670026278256632e-02,-1.9050093590128528e-01,3.2925900263967078e-02,6.9912438190640455e-02,3.2726953117878654e-02,8.2698917100621472e-01,1.1836852412947713e-02,4.6191771968516809e-01,-2.6801201876272954e-02,-2.7694794259634947e-01,3.7500609663607201e-02,6.1335167296187076e-01,1.3791968343061298e-02,-4.8060575220609636e-01,-5.0481705557920593e-02,4.7295491766380088e-01,-3.5469115199649126e-02,-4.1831186945567855e-01,1.7871510728671208e-01,6.5347179812911937e-02,-3.3693527964501403e-02,-3.2856254935891983e-02,3.6479629044511887e-02,6.0839218493418823e-01,-5.2764868327581149e-02,8.1491537472121811e-01,-2.2057303018696833e-01,5.3712673860534345e-05,5.3722324821728642e-05,6.0656138984217157e-05,5.3755505692163094e-05,9.4112029525542684e-01,-2.8832075420189712e-01,9.4070194475200530e-01,-2.8940967154777641e-01,2.6860432576785553e-01,-5.9689592562298932e-01,9.2965928945388521e-01,-2.9015439190509767e-01
1.2754982537284824e+05,-8.1207555228951112e-01,-1.7386286883764035e-02,-2.9152177822458231e-01,-1.1270699895562564e-02,4.7232090009098143e-01,-3.7491831180153569e-02,-2.7742236713791424e-01,9.5454595074546081e-02,3.4088510315975450e-02,-4.2300522033309571e-02,8.2678298648565873e-01,4.7063205815684045e-02,4.8576553977330128e-01,-3.5554349308392838e-02,-3.0596115160330362e-01,1.1967019938847645e-01,5.6585771335225066e-01,-1.4762090769548458e-02,-4.7391467643354562e-01,2.3366757708764507e-02,5.0045621137693563e-01,-3.3213213471613739e-02,-4.2394415464730484e-01,6.2326887764367206e-02,1.2485901905799228e-01,3.5735248396761586e-02,-4.7432340950325891e-02,-4.1376553600884436e-02,5.3454268749786393e-01,-3.1299149089213260e-02,7.5535094171500661e-01,-2.2764827087174638e-01,-7.9458662700859806e-01,4.8175865860774353e-04,-3.0381499815445856e-01,-8.7483668067242504e-04,4.4269252946380222e-01,-1.8601620693524057e-02,-1.9230533904550071e-01,3.1693689687425836e-02,7.1141880296527349e-02,3.4943744952138797e-02,8.2719373343314251e-01,1.1161773057407384e-02,4.6178024242063143e-01,-2.6748522942403243e-02,-2.7776044916545961e-01,3.6484787872493138e-02,6.1374700748527777e-01,1.3608601717035993e-02,-4.8154537164733613e-01,-5.2251282539216265e-02,4.7302954025854393e-01,-3.5438718703075259e-02,-4.1686697747269669e-01,1.8099754329357759e-01,6.3942502459138878e-02,-3.5801206145284085e-02,-3.2782692315775554e-02,3.7678306298726774e-02,6.0870570148445624e-01,-5.2874129740778708e-02,8.1560410417440776e-01,-2.2050762915452662e-01,5.3710583799736824e-05,5.3720213064395825e-05,6.0564891499625205e-05,5.3751570950179368e-05,8.2982629481037351e-01,-5.2907571415294929e-01,8.2910474173363591e-01,-5.3004905535868618e-01,8.2919686038213744e-02,-6.3951802788250922e-01,8.1810629703162230e-01,-5.2763909764699934e-01
1.3279443281986716e+05,-8.1193932812155822e-01,-1.7347936513913420e-02,-2.9047199400183787e-01,-1.2171266744053402e-02,4.7217910214653913e-01,-3.7500759087666154e-02,-2.7815986123698883e-01,9.7233895266559636e-02,3.5391631657791002e-02,-4.4832972038148108e-02,8.2654021918350484e-01,4.7682846037748000e-02,4.8570140171314635e-01,-3.5565503208630743e-02,-3.0602251555878413e-01,1.2076843364208684e-01,5.6598732694290266e-01,-1.5259464145119972e-02,-4.7471130878464174e-01,2.5223076934432029e-02,5.0048312750612189e-01,-3.3225163707224163e-02,-4.2358959271200880e-01,5.9901322559216985e-02,1.2318441219006852e-01,3.7975105825615404e-02,-4.7283912809565044e-02,-4.2575750417524830e-02,5.3470080956374755e-01,-3.1266655553977701e-02,7.5498035179243117e-01,-2.2787326197632146e-01,-7.9495526224810020e-01,8.4098344882528597e-04,-3.0302201198340045e-01,3.4330730153486408e-04,4.4237012770930284e-01,-1.8535095042822275e-02,-1.9418546075751791e-01,3.0404084602205977e-02,7.2443566887794283e-02,3.7232693399791447e-02,8.2740872310151548e-01,1.0446503981415285e-02,4.6164184852821916e-01,-2.6696957182066869e-02,-2.7863803243364749e-01,3.5452597160033537e-02,6.1417725214199892e-01,1.3408089315519843e-02,-4.8255852240307073e-01,-5.4069234031323549e-02,4.7310376558497830e-01,-3.5408597624832484e-02,-4.1534165968689735e-01,1.8337743047672722e-01,6.2470840564145161e-02,-3.7995171191195422e-02,-3.2682475488359466e-02,3.8930295783362871e-02,6.0902091419961268e-01,-5.2980465330308424e-02,8.1633906189772032e-01,-2.2046956152281019e-01,5.3708586744464079e-05,5.3718192543502216e-05,6.0474183186900474e-05,5.3747742260251661e-05,6.5014321727986690e-01,-7.3861222783377189e-01,6.4914195222981341e-01,-7.3937424141136987e-01,-1.1159826931291254e-01,-6.2515128111921314e-01,6.3914799831252445e-01,-7.3377879048368533e-01
1.3825468860033475e+05,-8.1177787673743484e-01,-1.7310166360763546e-02,-2.8937239389467473e-01,-1.3084932863036879e-02,4.7203693710569883e-01,-3.7508767650587860e-02,-2.7891276374070811e-01,9.9091427725509482e-02,3.6768282414041994e-02,-4.7452209392071031e-02,8.2626835921856745e-01,4.8323010508250733e-02,4.8563698835797536e-01,-3.5576106834738788e-02,-3.0610724079526253e-01,1.2190900948511559e-01,5.6612097724507604e-01,-1.5783170326064605e-02,-4.7556468046731148e-01,2.7138254097064995e-02,5.0050995520322539e-01,-3.3236995553111180e-02,-4.2318564205201481e-01,5.7380061178545438e-02,1.2143702692850544e-01,4.0303813227299562e-02,-4.7104845789686337e-02,-4.3826598693348401e-02,5.3485951856363190e-01,-3.1235569295781362e-02,7.5459610425438739e-01,-2.2810363893892943e-01,-7.9535983793886311e-01,1.2448699216622561e-03,-3.0218882559593901e-01,1.5961609283638226e-03,4.4204661568909231e-01,-1.8470452801318385e-02,-1.9614574306610741e-01,2.9055232425931349e-02,7.3823276237772031e-02,3.9598198639296651e-02,8.2763473920942476e-01,9.6874791036139357e-03,4.6150260291670220e-01,-2.6646496198443594e-02,-2.7958550262629089e-01,3.4405014343260362e-02,6.1464487611717133e-01,1.3186618617379860e-02,-4.8365118491490017e-01,-5.5937767030953857e-02,4.7317763586121792e-01,-3.5378721778347465e-02,-4.1373036964132709e-01,1.8585983992581678e-01,6.0927452718001401e-02,-4.0278685805073010e-02,-3.2553102034564727e-02,4.0238602720410209e-02,6.0933765839684517e-01,-5.3083917865472743e-02,8.1712340598787903e-01,-2.2046275336953422e-01,5.3706680329069404e-05,5.3716260812030893e-05,6.0384020046064523e-05,5.3744016019515520e-05,4.0904384866263599e-01,-8.9477574748680155e-01,4.0781957301310218e-01,-8.9523170854975964e-01,-2.9657941356998524e-01,-5.5019590535918017e-01,3.9984751805251650e-01,-8.8673549970382448e-01
1.4393945976563459e+05,-8.1159025810197827e-01,-1.7270890420764407e-02,-2.8821571705654375e-01,-1.4009086428378788e-02,4.7189442519689334e-01,-3.7515877653178750e-02,-2.7968723443811389e-01,1.0102615812883532e-01,3.8229581142955917e-02,-5.0155813598172366e-02,8.2596501343142248e-01,4.8983102176291787e-02,4.8557230426063785e-01,-3.5586186395230944e-02,-3.0621752241971056e-01,1.2309087180587867e-01,5.6625815949917757e-01,-1.6331013859025661e-02,-4.7648169967885956e-01,2.9110972091308959e-02,5.0053668461085143e-01,-3.3248744459457573e-02,-4.2272401914020208e-01,5.4765045382573013e-02,1.1960838184093874e-01,4.2716420335866950e-02,-4.6893292703639913e-02,-4.5129352996651460e-02,5.3501880018982295e-01,-3.1205814505520884e-02,7.5419786907981157e-01,-2.2833965978112586e-01,-7.9580235844859992e-01,1.6972345420435339e-03,-3.0130815203663885e-01,2.8830360022868290e-03,4.4172204792992942e-01,-1.8407665112057083e-02,-1.9819317938626729e-01,2.7652848276423749e-02,7.5292884183719905e-02,4.2038079108070704e-02,8.2787115547390311e-01,8.8817670887782543e-03,4.6136252413532652e-01,-2.6597082886793466e-02,-2.8060583511855530e-01,3.3346061485026279e-02,6.1515016686616442e-01,1.2938271662636123e-02,-4.8483239070678774e-01,-5.7854250464794837e-02,4.7325113908431277e-01,-3.5348993555475904e-02,-4.1202537266566980e-01,1.8844206708197009e-01,5.9303166607233192e-02,-4.2647583723305522e-02,-3.2392017066452776e-02,4.1603951188569542e-02,6.0965588389459724e-01,-5.3184651231272542e-02,8.1795885703432458e-01,-2.2049314852085694e-01,5.3704859040181863e-05,5.3714412160480341e-05,6.0294411225001631e-05,5.3740389403397260e-05,1.2140521914870221e-01,-9.7617278125248286e-01,1.2005077497557069e-01,-9.7624102958360659e-01,-4.5156937526694063e-01,-4.1734665889829664e-01,1.1506567277100725e-01,-9.6549013799113137e-01
1.4985797796352327e+05,-8.1137457697861159e-01,-1.7228614557672550e-02,-2.8699722706041864e-01,-1.4943326461735865e-02,4.7175160057808513e-01,-3.7522099331996399e-02,-2.8048590922717997e-01,1.0304006578773649e-01,3.9782737703916687e-02,-5.2946475753727192e-02,8.2562749982667949e-01,4.9663465929565498e-02,4.8550737058054283e-01,-3.5595754891696370e-02,-3.0635560194973604e-01,1.2431460101756550e-01,5.6639829900991168e-01,-1.6902133391849011e-02,-4.7746760944875177e-01,3.1143093729804783e-02,5.0056332235331957e-01,-3.3260429676647302e-02,-4.2219881659354475e-01,5.2054213698672858e-02,1.1769248237122096e-01,4.5213267057652468e-02,-4.6646629161464406e-02,-4.6485932966879612e-02,5.3517859783594857e-01,-3.1177352518643633e-02,7.5378475545034662e-01,-2.2858168178837934e-01,-7.9628547266938665e-01,2.2022771275631257e-03,-3.0037545636919788e-01,4.2055589955145231e-03,4.4139650203029401e-01,-1.8346726870694829e-02,-2.0033362747562211e-01,2.6197595335026143e-02,7.6860851188295484e-02,4.4554738961069165e-02,8.2811805351869938e-01,8.0253800916495616e-03,4.6122166417631399e-01,-2.6548696963812971e-02,-2.8170363607956678e-01,3.2278185109280794e-02,6.1569496034451510e-01,1.2657741845404089e-02,-4.8610975354783453e-01,-5.9819118574419447e-02,4.7332430113019425e-01,-3.5319366733518945e-02,-4.1021945725432724e-01,1.9112695999606752e-01,5.7591117092809077e-02,-4.5102734371022093e-02,-3.2196196174426525e-02,4.3028884825640677e-02,6.0997545906234119e-01,-5.3282737739392537e-02,8.1884808282920152e-01,-2.2056608569600245e-01,5.3703132923587214e-05,5.3712656525983795e-05,6.0205376923166653e-05,5.3736872261738616e-05,-1.8948017392310884e-01,-9.6512576077573875e-01,-1.9083722984387042e-01,-9.6475240585023869e-01,-5.5627523730589534e-01,-2.3684481428160192e-01,-1.9206075202449691e-01,-9.5276178592015348e-01
1.5601985442964343e+05,-8.1112872285886217e-01,-1.7181718304993099e-02,-2.8571222089616805e-01,-1.5887096118635369e-02,4.7160849647039510e-01,-3.7527442709757823e-02,-2.8131151442402474e-01,1.0513526598603906e-01,4.1435192155606412e-02,-5.5826877334716862e-02,8.2525286221193406e-01,5.0364330458024548e-02,4.8544220638842489e-01,-3.5604822540089953e-02,-3.0652405581948894e-01,1.2558060942529264e-01,5.6654080762154835e-01,-1.7495615016081600e-02,-4.7852791842463399e-01,3.3236343877479618e-02,5.0058987078676254e-01,-3.3272064385070216e-02,-4.2160365078311246e-01,4.9245622428911506e-02,1.1568303880406253e-01,4.7794554243261761e-02,-4.6361791973442298e-02,-4.7898179661423061e-02,5.3533886178057266e-01,-3.1150153032612649e-02,7.5335579017794563e-01,-2.2883007923381316e-01,-7.9681182534502837e-01,2.7646975628344214e-03,-2.9938611762118217e-01,5.5653408416628178e-03,4.4107005466084220e-01,-1.8287631564999872e-02,-2.0257330217890510e-01,2.4690219146641847e-02,7.8536084184050045e-02,4.7150502286476124e-02,8.2837535393808059e-01,7.1139690961642549e-03,4.6108006923836031e-01,-2.6501323886115986e-02,-2.8288387414351746e-01,3.1204434961277415e-02,6.1628118848794533e-01,1.2339205793813928e-02,-4.8749134327021221e-01,-6.1832431387455963e-02,4.7339713400144751e-01,-3.5289809747130134e-02,-4.0830469816314352e-01,1.9391732995457478e-01,5.5783955137763623e-02,-4.7644886845001989e-02,-3.1962118076772982e-02,4.4515938954769851e-02,6.1029626990684349e-01,-5.3378233016747129e-02,8.1979370433010401e-01,-2.2068748875612981e-01,5.3701437037934169e-05,5.3710928861743563e-05,6.0116861105929182e-05,5.3733399479935685e-05,-4.9247957056373759e-01,-8.5120987257419478e-01,-4.9368450254506413e-01,-8.5038471699374696e-01,-5.9354659169286395e-01,-2.6938210268891302e-02,-4.9071809368577846e-01,-8.3849098244791731e-01
1.6243509559545922e+05,-8.1084967915326667e-01,-1.7128937721167359e-02,-2.8435762827906652e-01,-1.6842106705803515e-02,4.7146512949838792e-01,-3.7531892906014400e-02,-2.8216424409173640e-01,1.0731671843053364e-01,4.3191864077216792e-02,-5.8804190186415431e-02,8.2483776917750717e-01,5.1086451591240617e-02,4.8537681994835113e-01,-3.5613377304332242e-02,-3.0672600074184253e-01,1.2689012291694873e-01,5.6668500533348398e-01,-1.8111373513855000e-02,-4.7966721869872087e-01,3.5394866223044316e-02,5.0061632535988709e-01,-3.3283642785188507e-02,-4.2093345301922103e-01,4.6334337505004458e-02,1.1357516402347922e-01,5.0464763947876523e-02,-4.6034908095954799e-02,-4.9368630432566271e-02,5.3549957419548078e-01,-3.1124245184988089e-02,7.5290944741354382e-01,-2.2908522381244306e-01,-7.9738494583323694e-01,3.3896022099595587e-03,-2.9833734429501951e-01,6.9663283007083618e-03,4.4074273854881041e-01,-1.8230417629661336e-02,-2.0491813307545836e-01,2.3127209975141616e-02,8.0325502384144792e-02,4.9831808532665223e-02,8.2864347793202153e-01,6.1423151424095657e-03,4.6093775261249570e-01,-2.6454995763819503e-02,-2.8415310883908379e-01,3.0127523213698111e-02,6.1691230471717973e-01,1.1976907134466887e-02,-4.8898465591671580e-01,-6.3896571883514192e-02,4.7346962169787266e-01,-3.5260339199436816e-02,-4.0627305589345031e-01,1.9682015025040139e-01,5.3875538034249534e-02,-5.0278918613410772e-02,-3.1685614143489908e-02,4.6068575600837894e-02,6.1061828534043350e-01,-5.3471073293392783e-02,8.2079925760120753e-01,-2.2086319635703697e-01,5.3699867517542938e-05,5.3709325264924543e-05,6.0028964992437664e-05,5.3730065619825121e-05,-7.5075719682772302e-01,-6.3497003611184077e-01,-7.5164313953398032e-01,-6.3374117153622145e-01,-5.5283664450337044e-01,1.8691302472995291e-01,-7.4455554992405171e-01,-6.2348592092510158e-01
1.6911411933796073e+05,-8.1053426672401852e-01,-1.7068493235874088e-02,-2.8292923552570742e-01,-1.7809548970716044e-02,4.7132151586360999e-01,-3.7535444290158114e-02,-2.8304588462194241e-01,1.0958912257663643e-01,4.5059941539941792e-02,-6.1884687339369776e-02,8.2437844323597409e-01,5.1830167711709146e-02,4.8531121631079599e-01,-3.5621411443977034e-02,-3.0696515613890629e-01,1.2824366674900714e-01,5.6683033247798964e-01,-1.8748798866176197e-02,-4.8089141662269630e-01,3.7622014544375165e-02,5.0064267495711778e-01,-3.3295157688462071e-02,-4.2018119941103271e-01,4.3316388999828676e-02,1.1136205254896737e-01,5.3226930422377153e-02,-4.5661579280404568e-02,-5.0899246664022499e-02,5.3566072649002383e-01,-3.1099647234432516e-02,7.5244424560101053e-01,-2.2934758257784021e-01,-7.9800829562148812e-01,4.0828774539584702e-03,-2.9722499481881187e-01,8.4122048576783619e-03,4.4041459054089449e-01,-1.8175102354144199e-02,-2.0737566431009014e-01,2.1506564455581328e-02,8.2238473684643085e-02,5.2604210864845541e-02,8.2892236449733880e-01,5.1047862404950406e-03,4.6079472181333136e-01,-2.6409733967988812e-02,-2.8551817724437506e-01,2.9051674162739613e-02,6.1759162927861777e-01,1.1563788670018759e-02,-4.9059878765867448e-01,-6.6012777097718661e-02,4.7354173053178722e-01,-3.5230972614107903e-02,-4.0411451008042643e-01,1.9984092503389572e-01,5.1857574055265247e-02,-5.3008375944876431e-02,-3.1361775434194154e-02,4.7689779487074292e-02,6.1094149231466677e-01,-5.3561219798365874e-02,8.2186810992689985e-01,-2.2110032170618368e-01,5.3698383898581510e-05,5.3707805200758289e-05,5.9941652195567132e-05,5.3726829253440946e-05,-9.2566219389865478e-01,-3.3121909226593033e-01,-9.2607322221356436e-01,-3.2970271025226983e-01,-4.3361798582983196e-01,3.7437030221859435e-01,-9.1554587415096644e-01,-3.2263964723307537e-01
1.7606777189752526e+05,-8.1017862983442357e-01,-1.6998492308352847e-02,-2.8142305073335394e-01,-1.8791840446997735e-02,4.7117765923245908e-01,-3.7538079535119652e-02,-2.8395763454229900e-01,1.1195882750813869e-01,4.7046499866888386e-02,-6.5077001552741306e-02,8.2387061955799401e-01,5.2595885889977018e-02,4.8524539098686204e-01,-3.5628905555349644e-02,-3.0724593139233725e-01,1.2964177190100690e-01,5.6697619191577431e-01,-1.9407401294163518e-02,-4.8220665655393968e-01,3.9922208931620878e-02,5.0066890076819670e-01,-3.3306590541185552e-02,-4.1933948173360336e-01,4.0186560421486356e-02,1.0903657187901974e-01,5.6085883309477461e-02,-4.5236656806653786e-02,-5.2492006583574204e-02,5.3582233744456165e-01,-3.1076408503962809e-02,7.5195837540785804e-01,-2.2961766574944875e-01,-7.9868595517904406e-01,4.8511295573975891e-03,-2.9604516885736393e-01,9.9080717191627719e-03,4.4008561743893831e-01,-1.8121721875459039e-02,-2.0995430996670805e-01,1.9824523774983199e-02,8.4284740565451197e-02,5.5475409937866829e-02,8.2921199274886115e-01,3.9949571475641765e-03,4.6065095822870472e-01,-2.6365582917795956e-02,-2.8698703338561582e-01,2.7981916326420574e-02,6.1832338255586583e-01,1.1091946044567988e-02,-4.9234348573692122e-01,-6.8183080796693232e-02,4.7361340055619017e-01,-3.5201754714924871e-02,-4.0181775366191347e-01,2.0298682853642894e-01,4.9721165806172751e-02,-5.5838579944492921e-02,-3.0984892252416206e-02,4.9382758154813709e-02,6.1126594416782742e-01,-5.3648573890816204e-02,8.2300410080691144e-01,-2.2140674139297048e-01,5.3697004813170361e-05,5.3706387249525643e-05,5.9854942946725950e-05,5.3723707504118510e-05,-9.8257332887008553e-01,2.9027794765067477e-02,-9.8239437139162034e-01,3.0646866161182704e-02,-2.4802405758296167e-01,5.0434221390247569e-01,-9.6976066096008362e-01,3.3213235232812305e-02
1.8330734549140959e+05,-8.0979079186183756e-01,-1.6909989689030097e-02,-2.7981238589534563e-01,-1.9755781403180017e-02,4.7103374938686554e-01,-3.7540049862876408e-02,-2.8493236854365095e-01,1.1439109212752357e-01,4.9191067836922772e-02,-6.8326841363254120e-02,8.2331354019615555e-01,5.3377427667806676e-02,4.8517947894442726e-01,-3.5636139715101163e-02,-3.0756230805319457e-01,1.3107439408028082e-01,5.6711874076978974e-01,-2.0074831457414066e-02,-4.8363031564756054e-01,4.2267648823400811e-02,5.0069511422739632e-01,-3.3318256867799836e-02,-4.1838656390342827e-01,3.6982231640835694e-02,1.0657706176613452e-01,5.8985355587817104e-02,-4.4766185527877402e-02,-5.4143834633424967e-02,5.3598400200567053e-01,-3.1053764576223511e-02,7.5145588691755671e-01,-2.2989606561303194e-01,-7.9940906813734081e-01,5.7021880134043232e-03,-2.9476773574204812e-01,1.1424889796164097e-02,4.3975630068255828e-01,-1.8069864859828581e-02,-2.1266490751740946e-01,1.8138189224002281e-02,8.6503342976082725e-02,5.8393579307226121e-02,8.2950534685291566e-01,2.8122287465142254e-03,4.6050687405212221e-01,-2.6321953124229039e-02,-2.8854472519132124e-01,2.6928097727918168e-02,6.1908687828282405e-01,1.0545689026636988e-02,-4.9423836585312730e-01,-7.0374745743274625e-02,4.7368507658294573e-01,-3.5171884874897238e-02,-3.9937235562229745e-01,2.0621127768390141e-01,4.7442174862281597e-02,-5.8715198469272332e-02,-3.0557197091703462e-02,5.1142666191552694e-02,6.1159057779549553e-01,-5.3734687815866503e-02,8.2419551632384458e-01,-2.2179682586952201e-01,5.3695542262844904e-05,5.3704882634189789e-05,5.9768723806892597e-05,5.3720529695517714e-05,-8.9824764840081261e-01,3.9898995669584192e-01,-8.9743772059173432e-01,4.0047132076649555e-01,-2.1777153906327135e-02,5.5064030035402367e-01,-8.8460629616783681e-01,3.9779183742403068e-01
1.9084459665147401e+05,-8.0935735661955976e-01,-1.6806364966689746e-02,-2.7811109070513651e-01,-2.0730408344160844e-02,4.7088966157313539e-01,-3.7541129325023612e-02,-2.8594645265841101e-01,1.1692436530650184e-01,5.1475723206923611e-02,-7.1691821302322975e-02,8.2269942204477409e-01,5.4180479743450916e-02,4.8511338121326908e-01,-3.5642863091033122e-02,-3.0792649772644592e-01,1.3255046454921784e-01,5.6725925413938627e-01,-2.0759777528247425e-02,-4.8516006212321100e-01,4.4688023822827938e-02,5.0072120609686666e-01,-3.3329881761393128e-02,-4.1732622798781061e-01,3.3664778112704241e-02,1.0398791680723271e-01,6.1977668957312798e-02,-4.4235410064348640e-02,-5.5861714281780078e-02,5.3614603161521279e-01,-3.1032393413552892e-02,7.5093016620616759e-01,-2.3018330301114454e-01,-8.0019060459626901e-01,6.6434327861596941e-03,-2.9340881861179391e-01,1.2993734146726624e-02,4.3942631181200237e-01,-1.8019920993311705e-02,-2.1551451570398053e-01,1.6397023575384091e-02,8.8882363727243813e-02,6.1411908033173195e-02,8.2980705417344891e-01,1.5440068812757751e-03,4.6036214844473422e-01,-2.6279383641051736e-02,-2.9021701488999280e-01,2.5891941010756175e-02,6.1990428179565848e-01,9.9216225933916012e-03,-4.9628638624579491e-01,-7.2615892452512001e-02,4.7375633756211721e-01,-3.5142060845265041e-02,-3.9676445677757227e-01,2.0956375400019328e-01,4.5022912850407687e-02,-6.1689344245257023e-02,-3.0065608887854711e-02,5.2980075686935177e-02,6.1191623543589335e-01,-5.3818178543968920e-02,8.2545707798054579e-01,-2.2227471115427944e-01,5.3694229957728367e-05,5.3703525625815494e-05,5.9683175215533201e-05,5.3717512528060913e-05,-6.6867069907562704e-01,7.2018983429143790e-01,-6.6729313638481635e-01,7.2126806917277353e-01,2.0761488429781561e-01,4.9849180613304062e-01,-6.5651442115620118e-01,7.1342837156608518e-01
1.9869176531592209e+05,-8.0887525186453146e-01,-1.6684013030509426e-02,-2.7631186430869437e-01,-2.1713114584596571e-02,4.7074541372476975e-01,-3.7541329558774060e-02,-2.8700565560929053e-01,1.1956022801037582e-01,5.3913215659058045e-02,-7.5172695400620174e-02,8.2202327767562233e-01,5.5004086862512958e-02,4.8504710365994141e-01,-3.5649086099278367e-02,-3.0834254512805298e-01,1.3406825768554692e-01,5.6739608796514696e-01,-2.1459701710850515e-02,-4.8680469888033762e-01,4.7183241590270875e-02,5.0074716734553182e-01,-3.3341476789539998e-02,-4.1614743971518808e-01,3.0235163561503769e-02,1.0125900874351729e-01,6.5059014643652435e-02,-4.3639067866745138e-02,-5.7646633049271867e-02,5.3630841287020703e-01,-3.1012264170828970e-02,7.5037976653662319e-01,-2.3048000335571589e-01,-8.0103280551271150e-01,7.6839798632232226e-03,-2.9196013061348308e-01,1.4615472665430739e-02,4.3909569707512330e-01,-1.7971874609052065e-02,-2.1851356403610725e-01,1.4605897127002554e-02,9.1438130863524397e-02,6.4530024914543016e-02,8.3011519454012628e-01,1.8278705201663081e-04,4.6021679780149422e-01,-2.6237854492423295e-02,-2.9200980861479842e-01,2.4881931361742216e-02,6.2077613910149831e-01,9.2079427569641964e-03,-4.9850072832348663e-01,-7.4902344040472552e-02,4.7382716412166648e-01,-3.5112250108670764e-02,-3.9397950583624286e-01,2.1304393288973467e-01,4.2450301670379748e-02,-6.4757652213742856e-02,-2.9503402807133691e-02,5.4897051894199481e-02,6.1224288131041915e-01,-5.3899112034856325e-02,8.2678974212047329e-01,-2.2285181751802058e-01,5.3693022532904629e-05,5.3702270722518989e-05,5.9598259093302390e-05,5.3714611199746692e-05,-3.1582005744679686e-01,9.3048709763855919e-01,-3.1406038477203407e-01,9.3091962510694670e-01,3.9593030380874561e-01,3.5055479100327874e-01,-3.0754379948915317e-01,9.1903713660794684e-01
2.0686159470605347e+05,-8.0834860883171922e-01,-1.6535604686186173e-02,-2.7439723413243783e-01,-2.2680760407740905e-02,4.7060110604097216e-01,-3.7540799361974561e-02,-2.8813126043793180e-01,1.2227708738216615e-01,5.6530748465209224e-02,-7.8734476408202997e-02,8.2128254770126796e-01,5.5843475274703652e-02,4.8498071097384648e-01,-3.5654974530595705e-02,-3.0880767527651359e-01,1.3562034159607228e-01,5.6752530603417406e-01,-2.2166613473758284e-02,-4.8857717276398011e-01,4.9734875296430781e-02,5.0077304452932481e-01,-3.3353229016444351e-02,-4.1483432444805279e-01,2.6718417787211457e-02,9.8375621604349650e-02,6.8192099337501269e-02,-4.2978325919797555e-02,-5.9496857502636558e-02,5.3647094871458745e-01,-3.0992923758186575e-02,7.4980642486084936e-01,-2.3078684525667870e-01,-8.0192874048172003e-01,8.8336275550910948e-03,-2.9040077162877731e-01,1.6270849603787964e-02,4.3876471963747371e-01,-1.7925478575868091e-02,-2.2167104819596661e-01,1.2802861972220379e-02,9.4199694458418665e-02,6.7712879098805273e-02,8.3042336024615104e-01,-1.2753265961749222e-03,4.6007103117422626e-01,-2.6197011431887990e-02,-2.9391459547026655e-01,2.3908301488876245e-02,6.2168719725170907e-01,8.3897862476359913e-03,-5.0089734434160216e-01,-7.7209744338523956e-02,4.7389776704323799e-01,-3.5081970161680139e-02,-3.9100586517522623e-01,2.1662160019639431e-01,3.9706104402698290e-02,-6.7883376584205304e-02,-2.8868523194984178e-02,5.6891067286062573e-02,6.1256997871006791e-01,-5.3978420260750344e-02,8.2818397611894412e-01,-2.2354178448744139e-01,5.3691839579679317e-05,5.3701037070813256e-05,5.9513937976583554e-05,5.3711756354295670e-05,1.0903439932233766e-01,9.7643363223776247e-01,1.1087349182271482e-01,9.7606173624536074e-01,5.0077660762913823e-01,1.3065882741510046e-01,1.1147164371489474e-01,9.6229561141629794e-01
2.1536735202031257e+05,-8.0776826627833298e-01,-1.6359754465924414e-02,-2.7236767171811516e-01,-2.3646359412339960e-02,4.7045670488977115e-01,-3.7539443198824109e-02,-2.8931707071906665e-01,1.2509578953762204e-01,5.9330916115456461e-02,-8.2407082385587874e-02,8.2046925584361963e-01,5.6700623643408110e-02,4.8491417107890644e-01,-3.5660418839175423e-02,-3.0933092004379481e-01,1.3720931617214294e-01,5.6764616577824623e-01,-2.2882325708946175e-02,-4.9048371828212289e-01,5.2357818621092483e-02,5.0079878686892199e-01,-3.3365018041122657e-02,-4.1337934923280339e-01,2.3096033349701395e-02,9.5330878217999571e-02,7.1399964276581046e-02,-4.2241701269610743e-02,-6.1416286003745539e-02,5.3663374938051134e-01,-3.0974665634982870e-02,7.4920582703178462e-01,-2.3110468862384165e-01,-8.0288602739859294e-01,1.0103418882814384e-02,-2.8873131515469447e-01,1.7976526155462216e-02,4.3843328436895851e-01,-1.7880903440381186e-02,-2.2500009041839419e-01,1.0967226918072906e-02,9.7175801624166364e-02,7.0986809990711844e-02,8.3073164759032025e-01,-2.8428014898327358e-03,4.5992473343464224e-01,-2.6157095277600975e-02,-2.9594813528012681e-01,2.2979457582953500e-02,6.2264809938493160e-01,7.4552601275585445e-03,-5.0348864044917518e-01,-7.9548546035157722e-02,4.7396795435591604e-01,-3.5051527384152140e-02,-3.8782344410523512e-01,2.2032012561861619e-01,3.6779772847762120e-02,-7.1088816447445746e-02,-2.8148840531526470e-02,5.8968590142066922e-02,6.1289784077827403e-01,-5.4055499849839581e-02,8.2964694220646906e-01,-2.2435601503403249e-01,5.3690751063437147e-05,5.3699894793676893e-05,5.9430265450952674e-05,5.3709009555935589e-05,5.2818921765434057e-01,8.2830737511804975e-01,5.2972563142577123e-01,8.2711930061936512e-01,4.9249864659766890e-01,-1.1685838737047612e-01,5.2384015144435703e-01,8.1440511438178576e-01
2.2422284997923739e+05,-8.0712679387929276e-01,-1.6152390418186002e-02,-2.7021675430562364e-01,-2.4614629059719076e-02,4.7031225287168266e-01,-3.7537219690228558e-02,-2.9056564872224566e-01,1.2802954904713632e-01,6.2327725667538428e-02,-8.6208042556755279e-02,8.1957441803656683e-01,5.7576102560774001e-02,4.8484751958576594e-01,-3.5665369725031509e-02,-3.0992046010274349e-01,1.3883636154347231e-01,5.6775718276946152e-01,-2.3605958388942805e-02,-4.9253623649067829e-01,5.5061010941985872e-02,5.0082441152210999e-01,-3.3376790163479046e-02,-4.1176798337179055e-01,1.9357322661206045e-02,9.2110943801486211e-02,7.4692577086214726e-02,-4.1417768491395029e-02,-6.3408995525547657e-02,5.3679673103658465e-01,-3.0957621694005299e-02,7.4857470982788887e-01,-2.3143495244213380e-01,-8.0390965769586387e-01,1.1507286884344551e-02,-2.8694425030010590e-01,1.9742289986593914e-02,4.3810146730485811e-01,-1.7838242468273195e-02,-2.2851789093383440e-01,9.0925528651799314e-03,1.0038673726439683e-01,7.4365832636592855e-02,8.3103764534817359e-01,-4.5333631755566373e-03,4.5977796698369672e-01,-2.6118235014195065e-02,-2.9812482669271712e-01,2.2106369130579041e-02,6.2366409037953674e-01,6.3877044046249422e-03,-5.0629341423913377e-01,-8.1921255530393602e-02,4.7403774890368477e-01,-3.5021078764635165e-02,-3.8440649165283913e-01,2.2415194785148163e-01,3.3652973666113938e-02,-7.4383359060039150e-02,-2.7331213432500456e-02,6.1135797975318512e-02,6.1322632225913931e-01,-5.4130047506749893e-02,8.3118267583243388e-01,-2.2531033299588799e-01,5.3689747891705089e-05,5.3698834760314142e-05,5.9347230619386915e-05,5.3706355236697585e-05,8.4854454621814368e-01,4.9478858756365657e-01,8.4939137448142277e-01,4.9296607688510885e-01,3.6512460079000114e-01,-3.3381657057723629e-01,8.3797029276881041e-01,4.8445040425229419e-01
2.3344246925629553e+05,-8.0643680879121638e-01,-1.5903446980248120e-02,-2.6792426575247169e-01,-2.5540983693099623e-02,4.7016782511166050e-01,-3.7534384455991804e-02,-2.9190699297868283e-01,1.3103196862759575e-01,6.5551450047017373e-02,-9.0063977038545281e-02,8.1859934858462169e-01,5.8460041690428621e-02,4.8478078709293482e-01,-3.5670112522025656e-02,-3.1056493449876660e-01,1.4048658251206414e-01,5.6784999129820013e-01,-2.4325921079297028e-02,-4.9474521451219244e-01,5.7804981805783667e-02,5.0084993861322114e-01,-3.3388862259106256e-02,-4.0998819958978694e-01,1.5554780506168403e-02,8.8707499702856185e-02,7.7999087688672156e-02,-4.0514877481409764e-02,-6.5468141059286972e-02,5.3695976961997138e-01,-3.0941015325025349e-02,7.4791756196648351e-01,-2.3177773349530159e-01,-8.0497972140293828e-01,1.3054815296541716e-02,-2.8501217830193687e-01,2.1526090720003197e-02,4.3776952005619613e-01,-1.7797036614603315e-02,-2.3222319120951090e-01,7.2481580462584252e-03,1.0386376941415966e-01,7.7775646269923407e-02,8.3132883398274637e-01,-6.3454444078830524e-03,4.5963090792919242e-01,-2.6079788043234402e-02,-3.0041708314872911e-01,2.1301409842791275e-02,6.2469969918951151e-01,5.1725439316166024e-03,-5.0932236773454009e-01,-8.4279572074905384e-02,4.7410734812526206e-01,-3.4989776596916884e-02,-3.8075446410815456e-01,2.2805470856014098e-01,3.0312536715859397e-02,-7.7694998161434936e-02,-2.6418852518878957e-02,6.3382731499907821e-02,6.1355496162529988e-01,-5.4203711523721276e-02,8.3276618524221901e-01,-2.2641725850055130e-01,5.3688758017290956e-05,5.3697784393217057e-05,5.9264818942594701e-05,5.3703744410366767e-05,9.8161164155650582e-01,3.2536992979987855e-02,9.8148209014888310e-01,3.0462448445764196e-02,1.4382897408376960e-01,-4.6129533446307064e-01,9.6710770348536679e-01,2.8669511572209493e-02
2.4304118183103399e+05,-8.0569127725995904e-01,-1.5609749341648535e-02,-2.6549082473627522e-01,-2.6434887015017672e-02,4.7002327867579469e-01,-3.7530809909797028e-02,-2.9333866850257095e-01,1.3411751765865057e-01,6.9006448147133873e-02,-9.3992885499525045e-02,8.1753709158680488e-01,5.9349930317247446e-02,4.8471382674239760e-01,-3.5674504251665587e-02,-3.1127292423016917e-01,1.4215423265562099e-01,5.6792179581826352e-01,-2.5040983382277109e-02,-4.9711619116872841e-01,6.0594604671696639e-02,5.0087519482166631e-01,-3.3401079725658520e-02,-4.0803176790441753e-01,1.1683795015543286e-02,8.5115118865733266e-02,8.1329875129474594e-02,-3.9522589749212772e-02,-6.7588901770739840e-02,5.3712329055302388e-01,-3.0925225181392593e-02,7.4723086469691158e-01,-2.3213327628034544e-01,-8.0609827794147160e-01,1.4757648093755005e-02,-2.8293329971835851e-01,2.3339300441673764e-02,4.3743712521043310e-01,-1.7757482137048392e-02,-2.3612738407519349e-01,5.4236895903149798e-03,1.0761833242873957e-01,8.1229224969517289e-02,8.3160028322932100e-01,-8.2887405941245579e-03,4.5948316464520289e-01,-2.6042026907482398e-02,-3.0283290831291920e-01,2.0582610810116704e-02,6.2575745461530263e-01,3.7950013198112115e-03,-5.1258570072627785e-01,-8.6621844696905856e-02,4.7417621133654492e-01,-3.4957964283345036e-02,-3.7684840794209329e-01,2.3203422541116214e-01,2.6748019843461365e-02,-8.1031789160654191e-02,-2.5399159623704180e-02,6.5706636170623819e-02,6.1388477279958087e-01,-5.4275785142440705e-02,8.3439568535630937e-01,-2.2768960371567759e-01,5.3687819883850328e-05,5.3696782292809120e-05,5.9183054870416654e-05,5.3701212613412010e-05,8.7016421915866127e-01,-4.5520973355390704e-01,8.6898608054174653e-01,-4.5700703241496721e-01,-1.1519371971652069e-01,-4.5732534908610145e-01,8.5549575785579968e-01,-4.5108895398197685e-01
2.5303457530246602e+05,-8.0485512002512694e-01,-1.5269610071402262e-02,-2.6291108925837808e-01,-2.7349922339862512e-02,4.6987894028417199e-01,-3.7526254032716519e-02,-2.9484249011420655e-01,1.3737247693945825e-01,7.2714315976312616e-02,-9.8123614071274123e-02,8.1635626513331871e-01,6.0262607640288401e-02,4.8464700418988427e-01,-3.5678256974483152e-02,-3.1207779176619960e-01,1.4386936116253446e-01,5.6797707145050802e-01,-2.5761558734773385e-02,-4.9968077312618492e-01,6.3504306687063639e-02,5.0090053346932817e-01,-3.3413114477881610e-02,-4.0586246954167771e-01,7.6472776010368393e-03,8.1292767861389531e-02,8.4789938570493106e-02,-3.8396146482211679e-02,-6.9804522249479722e-02,5.3728635919767365e-01,-3.0911043590723865e-02,7.4650065234011054e-01,-2.3250745886186533e-01,-8.0730013277263435e-01,1.6649479964383984e-02,-2.8070688997375015e-01,2.5251179429622392e-02,4.3710483303222597e-01,-1.7720140670991022e-02,-2.4028911149414245e-01,3.5340643988772472e-03,1.1168929230892545e-01,8.4844379716923934e-02,8.3185799289556539e-01,-1.0411814796063790e-02,4.5933546920360308e-01,-2.6005759071073276e-02,-3.0544944030805415e-01,1.9958381091688654e-02,6.2688735936153239e-01,2.2197774392491397e-03,-5.1613760133655773e-01,-8.9010225325655265e-02,4.7424515354993879e-01,-3.4926696880512295e-02,-3.7260180775905649e-01,2.3619979700406660e-01,2.2910332945705401e-02,-8.4496976692413212e-02,-2.4227431227169850e-02,6.8149173915255185e-02,6.1421394585437694e-01,-5.4344320912402655e-02,8.3611204035473785e-01,-2.2916310690136008e-01,5.3687025707329531e-05,5.3695920934244391e-05,5.9101971648010174e-05,5.3698801510523038e-05,5.1532463438138221e-01,-8.3583210154969778e-01,5.1332616019973010e-01,-8.3680097443895340e-01,-3.3557245066417596e-01,-3.1458006324960486e-01,5.0489989899375010e-01,-8.2441244425426752e-01
2.6343887820217875e+05,-8.0399193499117028e-01,-1.4866433159942974e-02,-2.6016352169454138e-01,-2.8143377839615180e-02,4.6973451091242230e-01,-3.7521421109412673e-02,-2.9648348935343355e-01,1.4061652489973328e-01,7.6692778843197668e-02,-1.0217842153147111e-01,8.1509410042865971e-01,6.1159358677458420e-02,4.8457989521184719e-01,-3.5682174506228272e-02,-3.1291752053356553e-01,1.4556993575566360e-01,5.6798983318901441e-01,-2.6459159158114379e-02,-5.0241513438504726e-01,6.6377743037651787e-02,5.0092551502359106e-01,-3.3425866501544409e-02,-4.0351148584938684e-01,3.6509220284461907e-03,7.7286838086956827e-02,8.8135988279372302e-02,-3.7199757642754808e-02,-7.2064128089008209e-02,5.3744999768360335e-01,-3.0896272131860407e-02,7.4574942369966590e-01,-2.3289375522055458e-01,-8.0850056747821575e-01,1.8712470056830129e-02,-2.7828979946086574e-01,2.7103843520658297e-02,4.3677233961163714e-01,-1.7683584234653160e-02,-2.4463010340483829e-01,1.7981544507097158e-03,1.1607965493392707e-01,8.8346127328810781e-02,8.3206616988924642e-01,-1.2658454536907671e-02,4.5918714699604740e-01,-2.5968970896947427e-02,-3.0812208299334437e-01,1.9442655389608404e-02,6.2795606199740628e-01,4.6200805760813687e-04,-5.1992805055573543e-01,-9.1280179927373334e-02,4.7431338368233916e-01,-3.4893333988443812e-02,-3.6811699509309315e-01,2.4031321055742833e-01,1.8843654595396522e-02,-8.7840990497865840e-02,-2.2956926725810817e-02,7.0643261221030748e-02,6.1454412897178778e-01,-5.4414329001025080e-02,8.3781316881162704e-01,-2.3081688245743290e-01,5.3686152144406707e-05,5.3694976087681884e-05,5.9021505039953803e-05,5.3696385413726828e-05,-5.7463166311933749e-03,-9.8180280122633923e-01,-8.0266369712291546e-03,-9.8155063826481337e-01,-4.4259764031907961e-01,-7.1155622856050579e-02,-8.2608332133330374e-03,-9.6631449471148345e-01
2.7427098634826823e+05,-8.0304387682152645e-01,-1.4400795290688856e-02,-2.5725634489310167e-01,-2.8927336897927647e-02,4.6959000953717300e-01,-3.7515568359140015e-02,-2.9822368818734046e-01,1.4399942960900486e-01,8.0957002556167001e-02,-1.0637671797033461e-01,8.1370658648830996e-01,6.2058645811394975e-02,4.8451260073454550e-01,-3.5685413261678997e-02,-3.1385515380691598e-01,1.4728419126677342e-01,5.6797068631722258e-01,-2.7146735908411625e-02,-5.0535765805844857e-01,6.9327264639000408e-02,5.0095020759766307e-01,-3.3438400699287725e-02,-4.0092647097335221e-01,-4.4905609196696505e-04,7.3041611320740801e-02,9.1544436395452983e-02,-3.5862289337746656e-02,-7.4390602905500702e-02,5.3761406893589958e-01,-3.0883196597448093e-02,7.4495548553941116e-01,-2.3329850684085227e-01,-8.0975696681321974e-01,2.0987902032263833e-02,-2.7569698447640489e-01,2.9024945235591362e-02,4.3643940999474851e-01,-1.7649225496446194e-02,-2.4923678055157894e-01,6.0174246565611322e-05,1.2083053025006284e-01,9.1938180109145534e-02,8.3223121989947035e-01,-1.5090871140624018e-02,4.5903811257286409e-01,-2.5933643195428374e-02,-3.1096574490992990e-01,1.9072610361276041e-02,6.2905155664756296e-01,-1.5283760861300281e-03,-5.2402333893248576e-01,-9.3530515919989732e-02,4.7438066697236220e-01,-3.4860447566715129e-02,-3.6326788456606551e-01,2.4453397983458619e-01,1.4482101734812736e-02,-9.1237198864555419e-02,-2.1517385893483711e-02,7.3226257743619044e-02,6.1487560571783983e-01,-5.4480841699365845e-02,8.3955809179465413e-01,-2.3269938862877956e-01,5.3685409025139440e-05,5.3694158291876173e-05,5.8941732926111299e-05,5.3694096853323387e-05,-5.4388581975211336e-01,-8.1727901180896523e-01,-5.4570555040339375e-01,-8.1576237807185781e-01,-3.9155865630101538e-01,1.9304426549729942e-01,-5.3707137163760832e-01,-8.0288462219444590e-01
2.8554849028289574e+05,-8.0199341231226251e-01,-1.3860798136707431e-02,-2.5415414630837363e-01,-2.9686333171087972e-02,4.6944617789402054e-01,-3.7509041094631088e-02,-3.0008242507504690e-01,1.4754727065970999e-01,8.5570403690833755e-02,-1.1075563646340267e-01,8.1216128183103697e-01,6.2973812346760416e-02,4.8444586150251079e-01,-3.5688328927012264e-02,-3.1490101669686649e-01,1.4904428817119855e-01,5.6791324655010855e-01,-2.7827883426676966e-02,-5.0855598882019037e-01,7.2389332958337299e-02,5.0097536745160931e-01,-3.3451085974313267e-02,-3.9806022404570374e-01,-4.7046022292352163e-03,6.8504415906251642e-02,9.5040192470194018e-02,-3.4349745803801443e-02,-7.6833771626665340e-02,5.3777653639652190e-01,-3.0870881159585733e-02,7.4411001233585394e-01,-2.3372998357261246e-01,-8.1107573296015301e-01,2.3522078928950925e-02,-2.7289024716554433e-01,3.1021415000026017e-02,4.3610761745883930e-01,-1.7616641431301955e-02,-2.5416576928763124e-01,-1.6750807209864466e-03,1.2602116840407956e-01,9.5641498657685481e-02,8.3234608620519690e-01,-1.7762374729257194e-02,4.5889020327879260e-01,-2.5899251472295812e-02,-3.1402889626822961e-01,1.8844555636652882e-02,6.3017405138070970e-01,-3.7963169350972888e-03,-5.2849620818614185e-01,-9.5771646018237289e-02,4.7444922986218929e-01,-3.4827384843965206e-02,-3.5796528928040505e-01,2.4891273547042780e-01,9.7610639206272658e-03,-9.4704332507301370e-02,-1.9869022641728254e-02,7.5950165055643337e-02,6.1520375990736265e-01,-5.4545360603658805e-02,8.4136211110147097e-01,-2.3485691279629123e-01,5.3684764901643018e-05,5.3693435651310243e-05,5.8862641034547350e-05,5.3691879690786237e-05,-9.1217332870685186e-01,-3.6259983152635655e-01,-9.1281891003261106e-01,-3.6024183360499556e-01,-1.9262799828985983e-01,3.7863162849541376e-01,-8.9799493779841333e-01,-3.5485278988832603e-01
2.9728970383802993e+05,-8.0094773931227736e-01,-1.3242094271702247e-02,-2.5089542287370148e-01,-3.0260870845306140e-02,4.6930157254828075e-01,-3.7502169883919453e-02,-3.0209537910028589e-01,1.5099868954210721e-01,9.0444073926826671e-02,-1.1491569420182111e-01,8.1054868782033140e-01,6.3833613276809975e-02,4.8437806691462082e-01,-3.5691350230048803e-02,-3.1595510198921634e-01,1.5072578265121339e-01,5.6778078122137832e-01,-2.8469966668076128e-02,-5.1190105038715727e-01,7.5315393867934066e-02,5.0099931336214631e-01,-3.3464443310601985e-02,-3.9504090190036867e-01,-8.7832597269319745e-03,6.3836875582243741e-02,9.8289965596395815e-02,-3.2787243037959907e-02,-7.9257578303207898e-02,5.3794166403552135e-01,-3.0858097928796378e-02,7.4325146778635631e-01,-2.3416807096981326e-01,-8.1232253855293013e-01,2.6229965155281629e-02,-2.6987829362583832e-01,3.2877773057194713e-02,4.3577430651404819e-01,-1.7584754383118018e-02,-2.5921873537077794e-01,-3.1437069895501185e-03,1.3152578196717080e-01,9.9064613310263727e-02,8.3236081920517302e-01,-2.0528690182757256e-02,4.5873987447786591e-01,-2.5864176899892066e-02,-3.1704597744447360e-01,1.8781436933578602e-02,6.3112764801203325e-01,-6.2528881995395254e-03,-5.3316558478612996e-01,-9.7768387288432998e-02,4.7451473011039191e-01,-3.4791967121885259e-02,-3.5247546695729109e-01,2.5307244163992865e-01,4.8533460669031225e-03,-9.7896065596701970e-02,-1.8128055862704207e-02,7.8652354535690680e-02,6.1553746184316216e-01,-5.4611627230524762e-02,8.4305427611666306e-01,-2.3718869454283317e-01,5.3684009059019719e-05,5.3692597600092181e-05,5.8784184766687761e-05,5.3689673283638267e-05,-9.5056607297682527e-01,2.4448186068579147e-01,-9.4966136896438735e-01,2.4683603190341163e-01,8.0917364790696125e-02,4.0505497772871052e-01,-9.3435460514356039e-01,2.4199051600977070e-01
3.0951369387575274e+05,-7.9975675537323876e-01,-1.2526901818743483e-02,-2.4741990833977134e-01,-3.0861560780140851e-02,4.6915761721201799e-01,-3.7494117392841753e-02,-3.0424083625255949e-01,1.5470462490568301e-01,9.5744004287365764e-02,-1.1937155527581182e-01,8.0872651417509278e-01,6.4703533021546911e-02,4.8431084640875188e-01,-3.5693464525421950e-02,-3.1717185534754289e-01,1.5244671177864641e-01,5.6760022394553422e-01,-2.9097342991563732e-02,-5.1556652510938050e-01,7.8402427445328549e-02,5.0102370075895364e-01,-3.3477302774477996e-02,-3.9165445920733510e-01,-1.3074157954510141e-02,5.8799898521284741e-02,1.0169379893309849e-01,-3.0974846873205779e-02,-8.1796133934229159e-02,5.3810523705463131e-01,-3.0847647317286540e-02,7.4232424799407448e-01,-2.3464136176137659e-01,-8.1364406310854120e-01,2.9263993501739406e-02,-2.6661782123582461e-01,3.4877582517426634e-02,4.3544191870451876e-01,-1.7555592715630813e-02,-2.6469019521183712e-01,-4.6515728506476978e-03,1.3758100199208370e-01,1.0268001409017145e-01,8.3228999915292090e-01,-2.3601302326672874e-02,4.5859049330435314e-01,-2.5831391724110392e-02,-3.2034927236262573e-01,1.8947472465842857e-02,6.3212105904255078e-01,-9.0766442795894731e-03,-5.3830382650377151e-01,-9.9760330743185632e-02,4.7458114887883168e-01,-3.4758128163647470e-02,-3.4637549547103658e-01,2.5742853733921534e-01,-5.1282713149303780e-04,-1.0120812344128162e-01,-1.6090929754690550e-02,8.1501134193648753e-02,6.1586834742282026e-01,-5.4672523221252795e-02,8.4480264204981770e-01,-2.3987445417891048e-01,5.3683487228424314e-05,5.3691989746637652e-05,5.8706467889087246e-05,5.3687624923923186e-05,-6.0401929770507468e-01,7.7349194173203140e-01,-6.0179400645501968e-01,7.7483722460029902e-01,3.1226553696564086e-01,2.5205269513701783e-01,-5.9282683874105946e-01,7.6116669058285769e-01
3.2224031125143322e+05,-7.9853096214345332e-01,-1.1714324914452262e-02,-2.4374563445912911e-01,-3.1278954279685425e-02,4.6901389459250198e-01,-3.7485929841428386e-02,-3.0655573118695451e-01,1.5839361016972686e-01,1.0140099885322384e-01,-1.2371514551326862e-01,8.0677191067963749e-01,6.5535484796272969e-02,4.8424359720618348e-01,-3.5695872463946274e-02,-3.1842992952275445e-01,1.5413989224940261e-01,5.6732967807151924e-01,-2.9699150691178886e-02,-5.1946034330032753e-01,8.1428940408730055e-02,5.0104790349950401e-01,-3.3491007706734119e-02,-3.8803316289059786e-01,-1.7297789746570397e-02,5.3548283171478486e-02,1.0493357655738544e-01,-2.9032714983146309e-02,-8.4387546089784909e-02,5.3826869768538066e-01,-3.0836259347941618e-02,7.4136406598700899e-01,-2.3513548044801821e-01,-8.1489884711358374e-01,3.2552452985314007e-02,-2.6310032677810369e-01,3.6770523127458335e-02,4.3511005637665173e-01,-1.7527045954362677e-02,-2.7038492647882512e-01,-5.9205138360650944e-03,1.4407605045779132e-01,1.0607683210366556e-01,8.3209032959327522e-01,-2.6863586942487139e-02,4.5844112446458762e-01,-2.5797898628764304e-02,-3.2369896461023062e-01,1.9292683896295793e-02,6.3294299713016111e-01,-1.2163090486946486e-02,-5.4375900860311366e-01,-1.0152757486759034e-01,4.7464738847222787e-01,-3.4721939853023201e-02,-3.3991862538146500e-01,2.6166289126207570e-01,-6.1692663419935199e-03,-1.0430409528466525e-01,-1.3869468378168048e-02,8.4403760102923178e-02,6.1619870340414762e-01,-5.4735475001387535e-02,8.4645758045683994e-01,-2.4281222349366388e-01,5.3682886490607604e-05,5.3691299197208104e-05,5.8629398815322486e-05,5.3685561373830646e-05,1.9654390432102611e-02,9.8109403701547027e-01,2.2306530489615329e-02,9.8070981993213580e-01,3.8918657426332787e-01,-1.6823249248845783e-02,2.0147466061446594e-02,9.6420339129793298e-01
3.3549022305004799e+05,-7.9722636963778137e-01,-1.0789623495647639e-02,-2.3986444137909185e-01,-3.1592196986423640e-02,4.6887023475660278e-01,-3.7476948197062904e-02,-3.0903977649215431e-01,1.6216810998987544e-01,1.0746702502364457e-01,-1.2808622253908550e-01,8.0464273241708917e-01,6.6325823751236856e-02,4.8417621298013408e-01,-3.5697823119106339e-02,-3.1978537893100950e-01,1.5579805231816407e-01,5.6696644941453478e-01,-3.0269060285543114e-02,-5.2363124700747821e-01,8.4453954436903927e-02,5.0107178164555555e-01,-3.3504726692356157e-02,-3.8410568748994067e-01,-2.1521177321366741e-02,4.8016830285854267e-02,1.0810028188782178e-01,-2.6894859171736993e-02,-8.7019850672380522e-02,5.3843245168932430e-01,-3.0825953635504291e-02,7.4035501688243510e-01,-2.3565718258818311e-01,-8.1611114294814524e-01,3.6141638849071102e-02,-2.5931144411657187e-01,3.8645219390976079e-02,4.3477814730217301e-01,-1.7500303863072081e-02,-2.7638678896038815e-01,-7.0234388261082442e-03,1.5108890845484740e-01,1.0936830061879770e-01,8.3173694809025689e-01,-3.0365906840279719e-02,4.5829124039033270e-01,-2.5765384161184166e-02,-3.2716055751269996e-01,1.9896282177250244e-02,6.3362669061198507e-01,-1.5581838145331914e-02,-5.4959813862768159e-01,-1.0309935892948163e-01,4.7471269398612570e-01,-3.4685596563361704e-02,-3.3297429386388278e-01,2.6582744539851472e-01,-1.2194143098535982e-02,-1.0726216785311307e-01,-1.1390260914875014e-02,8.7355972306315421e-02,6.1652991169481974e-01,-5.4796228965415347e-02,8.4802724960349685e-01,-2.4606027977472050e-01,5.3682368284762196e-05,5.3690687524417202e-05,5.8553036782387147e-05,5.3683590133891882e-05,6.5516494959073612e-01,7.3040313346499597e-01,6.5696608038276227e-01,7.2831131477565703e-01,2.6474088057852474e-01,-2.6955894520923823e-01,6.4400569454862067e-01,7.1737054284275525e-01
3.4928494614799798e+05,-7.9586834522833472e-01,-9.7497402151707942e-03,-2.3578336788291385e-01,-3.1749659546776790e-02,4.6872656083155156e-01,-3.7467380788136426e-02,-3.1169881098940277e-01,1.6596742592499611e-01,1.1392963076415993e-01,-1.3238938601800745e-01,8.0234949774074504e-01,6.7057928888535789e-02,4.8410857103594163e-01,-3.5699550539203082e-02,-3.2120923830191689e-01,1.5740268398326918e-01,5.6648916904796465e-01,-3.0807203267005027e-02,-5.2806071456720505e-01,8.7423339801739719e-02,5.0109519247543222e-01,-3.3518718886971569e-02,-3.7990342225607665e-01,-2.5677129178737323e-02,4.2248049014706440e-02,1.1111997689717658e-01,-2.4579428946614357e-02,-8.9674819532292185e-02,5.3859679925319737e-01,-3.0816091334514364e-02,7.3930339751781571e-01,-2.3620382358857575e-01,-8.1723181525013078e-01,4.0018681278775697e-02,-2.5524586427500984e-01,4.0436508132679488e-02,4.3444613099130081e-01,-1.7474946548995687e-02,-2.8264619418881493e-01,-7.8889507991566216e-03,1.5859816163990070e-01,1.1243992504670641e-01,8.3120036207955073e-01,-3.4084180059342287e-02,4.5814064668304993e-01,-2.5733263091972700e-02,-3.3066863131410257e-01,2.0755333572515161e-02,6.3409651439600712e-01,-1.9307894026003903e-02,-5.5578508528109838e-01,-1.0440642359724585e-01,4.7477679505416803e-01,-3.4648332664275208e-02,-3.2559440118465072e-01,2.6983177271408482e-01,-1.8541536459538363e-02,-1.0999124038689184e-01,-8.6655097457908614e-03,9.0328221671580361e-02,6.1686246047544013e-01,-5.4856241139693049e-02,8.4945804830926508e-01,-2.4959341360140780e-01,5.3681877130152754e-05,5.3690099487593669e-05,5.8477372100023654e-05,5.3681682019160626e-05,9.7625532271748017e-01,9.7246626572072434e-02,9.7615618685488714e-01,9.4406268404490609e-02,-1.7989679560354993e-03,-3.6612342278631249e-01,9.5890616497280268e-01,9.5584442067497652e-02
3.6364688215492363e+05,-7.9444518105821060e-01,-8.5794222616301773e-03,-2.3148217168109925e-01,-3.1733778450719632e-02,4.6858322522938273e-01,-3.7457282546819792e-02,-3.1455418040400157e-01,1.6981133734250139e-01,1.2084982458677387e-01,-1.3663682954430667e-01,7.9985849998177061e-01,6.7725311442870251e-02,4.8404102935088833e-01,-3.5701098268026289e-02,-3.2271671750085235e-01,1.5896288245643311e-01,5.6588179900741054e-01,-3.1318134539125117e-02,-5.3279348937887527e-01,9.0344990399684161e-02,5.0111849290428911e-01,-3.3533019411665373e-02,-3.7537883283503332e-01,-2.9784684025627228e-02,3.6201562136937350e-02,1.1399717284407181e-01,-2.2041939927916358e-02,-9.2367023148408389e-02,5.3876077675037937e-01,-3.0806567790411479e-02,7.3820175134839927e-01,-2.3678318840237292e-01,-8.1823692103521384e-01,4.4220251933479809e-02,-2.5086997126171195e-01,4.2135095271706391e-02,4.3411471818106151e-01,-1.7450979139120235e-02,-2.8920282142058468e-01,-8.4936150410893224e-03,1.6667167047006859e-01,1.1526789621067461e-01,8.3044029448629164e-01,-3.8053848530006235e-02,4.5799018275706421e-01,-2.5701577746438803e-02,-3.3424273802687360e-01,2.1896589016432183e-02,6.3431393274779857e-01,-2.3372413080065824e-02,-5.6237129274005271e-01,-1.0541585381578908e-01,4.7484068057502560e-01,-3.4610218581097710e-02,-3.1769601731125208e-01,2.7366583372862630e-01,-2.5256861543736416e-02,-1.1247427048929848e-01,-5.6408762916396833e-03,9.3330326721088833e-02,6.1719425405016493e-01,-5.4915493163256904e-02,8.5072776291616370e-01,-2.5344644443320746e-01,5.3681444249321252e-05,5.3689566281355684e-05,5.8402428496774773e-05,5.3679847980830864e-05,7.6798328327713294e-01,-6.1035771530479288e-01,7.6586166990872162e-01,-6.1237102462924387e-01,-2.5857223787663042e-01,-2.4247768157574828e-01,7.5447441392066816e-01,-5.9890723448306515e-01
3.7859935379226162e+05,-7.9296177350334951e-01,-7.2698361581370399e-03,-2.2696476826650264e-01,-3.1538114421489419e-02,4.6844003971533704e-01,-3.7446540536022213e-02,-3.1761170235699981e-01,1.7368879958250250e-01,1.2823747909100780e-01,-1.4080233773880221e-01,7.9716344550886764e-01,6.8309078543593527e-02,4.8397338879896096e-01,-3.5702332190186842e-02,-3.2430493786795023e-01,1.6045557313799735e-01,5.6512321464226001e-01,-3.1799049733445120e-02,-5.3783104084609390e-01,9.3193928409182697e-02,5.0114145031649138e-01,-3.3547478830887510e-02,-3.7053118914901051e-01,-3.3808243455761638e-02,2.9889549090909087e-02,1.1670395645357660e-01,-1.9273255690041034e-02,-9.5067644667381559e-02,5.3892494964135018e-01,-3.0797732008250842e-02,7.3704965841310566e-01,-2.3739579887664436e-01,-8.1909185712421129e-01,4.8745682613920455e-02,-2.4617552322710082e-01,4.3722030971813416e-02,4.3378351115059660e-01,-1.7428550674138024e-02,-2.9604298392907952e-01,-8.8050521894674910e-03,1.7531592649054023e-01,1.1779655696890834e-01,8.2941721848856331e-01,-4.2265323885161091e-02,4.5783934002737847e-01,-2.5670559925844619e-02,-3.3784447928174222e-01,2.3350931993755208e-02,6.3422332502451084e-01,-2.7773771044010642e-02,-5.6934346320305362e-01,-1.0607823109330557e-01,4.7490365167035403e-01,-3.4571556306515469e-02,-3.0927972179441043e-01,2.7726138819517543e-01,-3.2324585849696996e-02,-1.1466223851277399e-01,-2.3001414187472629e-03,9.6324191866110992e-02,6.1752659937310161e-01,-5.4973376647440064e-02,8.5178932457072742e-01,-2.5761243375435372e-01,5.3681062235290113e-05,5.3689080710087668e-05,5.8328194291633530e-05,5.3678081513415480e-05,9.4739785289744513e-02,-9.7629960792261117e-01,9.1734866559574510e-02,-9.7615019695872018e-01,-3.4143976011238775e-01,3.1455962419753632e-02,9.4085579882585507e-02,-9.5830739378850283e-01
3.9416664276761853e+05,-7.9145642728457066e-01,-5.8290649909306753e-03,-2.2225829507106723e-01,-3.1088446522862329e-02,4.6829703124288075e-01,-3.7435422393271675e-02,-3.2086372082920239e-01,1.7751905786505542e-01,1.3604979109527077e-01,-1.4475532596673554e-01,7.9428352530563240e-01,6.8789483168820498e-02,4.8390561532453302e-01,-3.5703563672426976e-02,-3.2593270752244902e-01,1.6187254021107217e-01,5.6419127537668357e-01,-3.2266692960746648e-02,-5.4313639418826443e-01,9.5899523758052996e-02,5.0116401272469258e-01,-3.3562445288633017e-02,-3.6541950028572023e-01,-3.7675767300770963e-02,2.3386372729472207e-02,1.1916055783370028e-01,-1.6298704175771714e-02,-9.7759593348479973e-02,5.3908936030246823e-01,-3.0788746360041561e-02,7.3585733212212601e-01,-2.3803722350586939e-01,-8.1973016425371747e-01,5.3551851648788014e-02,-2.4117878297564971e-01,4.5098054930969737e-02,4.3345267908170448e-01,-1.7407168403353476e-02,-3.0307630283442416e-01,-8.7480425924185007e-03,1.8445489948245145e-01,1.1987350159457782e-01,8.2809575521305212e-01,-4.6666993093898698e-02,4.5768815590370698e-01,-2.5639480247660787e-02,-3.4139381884652686e-01,2.5081206568292214e-02,6.3373281416938176e-01,-3.2430652385261369e-02,-5.7662747754963295e-01,-1.0631181901584144e-01,4.7496572493808170e-01,-3.4531380863198138e-02,-3.0044649084403552e-01,2.8051886429009326e-01,-3.9650154150976155e-02,-1.1645593309412564e-01,1.3329517820566978e-03,9.9273784405961032e-02,6.1785938268573171e-01,-5.5031711543675130e-02,8.5258666694124163e-01,-2.6203040675922573e-01,5.3680601897975072e-05,5.3688514298232899e-05,5.8254604825229784e-05,5.3676284940604171e-05,-6.6042883398876717e-01,-7.2510797092650503e-01,-6.6237084223212228e-01,-7.2269964982661916e-01,-1.8708006806962540e-01,2.7349942822112333e-01,-6.4693598143996345e-01,-7.1272607237267871e-01
4.1037402920646779e+05,-7.8987515890860527e-01,-4.2158320842891131e-03,-2.1730919068062712e-01,-3.0445912738863254e-02,4.6815436436873470e-01,-3.7423524935539958e-02,-3.2435849066170191e-01,1.8141078507936539e-01,1.4443657644581792e-01,-1.4863021917452887e-01,7.9114204544527666e-01,6.9151167734708918e-02,4.8383795585412087e-01,-3.5704291198721982e-02,-3.2766582271983818e-01,1.6320438854462552e-01,5.6305996451807605e-01,-3.2707582161881112e-02,-5.4881607272391597e-01,9.8520857889438263e-02,5.0118641741394321e-01,-3.3577340016898313e-02,-3.5990659161205690e-01,-4.1449685532220087e-02,1.6564933807646759e-02,1.2143264316344479e-01,-1.3014979649927247e-02,-1.0043560702339090e-01,5.3925344388096152e-01,-3.0780959512280923e-02,7.3460236765551157e-01,-2.3872507847322258e-01,-8.2014967571246167e-01,5.8721662787414877e-02,-2.3580841846746356e-01,4.6341315013832450e-02,4.3312238242709633e-01,-1.7387629055150025e-02,-3.1043763447794426e-01,-8.3382598981954908e-03,1.9426517184655373e-01,1.2156832441414719e-01,8.2640352690215757e-01,-5.1337564519958731e-02,4.5753701176981521e-01,-2.5609593176833562e-02,-3.4495324847391456e-01,2.7203137493763421e-02,6.3282146104145820e-01,-3.7456181593845415e-02,-5.8434851243730235e-01,-1.0610274683985539e-01,4.7502728762024726e-01,-3.4491371957003775e-02,-2.9097855090133595e-01,2.8344012526060103e-01,-4.7372928600991779e-02,-1.1788729242624831e-01,5.3785515104375591e-03,1.0216971511956090e-01,6.1819172702574909e-01,-5.5087443220978763e-02,8.5309224013297458e-01,-2.6679363926688471e-01,5.3680308163577170e-05,5.3688111288366033e-05,5.8181798227054859e-05,5.3674637892614688e-05,-9.7998488968861353e-01,3.7115818913040471e-02,-9.7935693490131215e-01,4.0233022562466664e-02,9.8919658074468370e-02,3.0424173317472269e-01,-9.6157474381033958e-01,3.4178020332219637e-02
4.2724783270520350e+05,-7.8831915697333899e-01,-2.4873861387565248e-03,-2.1222182183598196e-01,-2.9479746723034272e-02,4.6801165269935280e-01,-3.7411427588677708e-02,-3.2802107289815985e-01,1.8516603094079512e-01,1.5317308628628915e-01,-1.5214272528398803e-01,7.8784004884844516e-01,6.9373954279520922e-02,4.8376988695444645e-01,-3.5705208430701109e-02,-3.2938472447361028e-01,1.6444002722564538e-01,5.6171378554282436e-01,-3.3165192882092957e-02,-5.5470133565680713e-01,1.0090925648329230e-01,5.0120811836308110e-01,-3.3592945875313612e-02,-3.5422241698560730e-01,-4.4977320664297188e-02,9.6719411734643920e-03,1.2337529374196073e-01,-9.5566624044163134e-03,-1.0305617472086065e-01,5.3941848519844360e-01,-3.0772495689730103e-02,7.3331834818271358e-01,-2.3943395247783397e-01,-8.2026020895876728e-01,6.4086464625563139e-02,-2.3017638289534453e-01,4.7252430862177314e-02,4.3279211048785438e-01,-1.7368724377931896e-02,-3.1785213318856742e-01,-7.4885641423131366e-03,2.0443057042327029e-01,1.2261807372310608e-01,8.2434904207145721e-01,-5.6101254982291071e-02,4.5738496273876050e-01,-2.5579095253208187e-02,-3.4833686591730134e-01,2.9553276402762826e-02,6.3137952270490783e-01,-4.2589497350664682e-02,-5.9224709127078423e-01,-1.0535828978405791e-01,4.7508720730513376e-01,-3.4449157987579582e-02,-2.8125734135506447e-01,2.8588109693541386e-01,-5.5188608245771480e-02,-1.1881253879316223e-01,9.6839393860472696e-03,1.0494048584202402e-01,6.1852592992730593e-01,-5.5144944464269666e-02,8.5325166925928975e-01,-2.7169601858112252e-01,5.3679957010225771e-05,5.3687649606658344e-05,5.8109696739905451e-05,5.3673013874737289e-05,-5.7557012966816545e-01,7.9390417233885890e-01,-5.7263932548851082e-01,7.9534931792144226e-01,2.9428179610026112e-01,9.2808247871437294e-02,-5.6685984283948299e-01,7.7702881664486134e-01
4.4481545507221454e+05,-7.8671174154424461e-01,-5.6996521137244599e-04,-2.0690701930976330e-01,-2.8239183166325219e-02,4.6786957759241005e-01,-3.7398615576147362e-02,-3.3195475262506108e-01,1.8893011574574919e-01,1.6252860279579570e-01,-1.5544677241036156e-01,7.8424941904725887e-01,6.9422136221349240e-02,4.8370218959590117e-01,-3.5705680448050399e-02,-3.3119732124180223e-01,1.6557396830222748e-01,5.6011618172879707e-01,-3.3627827133010553e-02,-5.6098333901064323e-01,1.0313012933626636e-01,5.0122988175723182e-01,-3.3608536022082067e-02,-3.4812063063714438e-01,-4.8337443602788174e-02,2.4833271108900727e-03,1.2505171078738994e-01,-5.7422085761031361e-03,-1.0561413938092237e-01,5.3958250514846118e-01,-3.0765080174682970e-02,7.3197342176456637e-01,-2.4019882784446739e-01,-8.2003482310721187e-01,6.9780752046649561e-02,-2.2415928682145259e-01,4.7912472971739700e-02,4.3246299808691946e-01,-1.7351633861734508e-02,-3.2553517360905693e-01,-6.1743854036887119e-03,2.1524469789714640e-01,1.2307417188640359e-01,8.2180008347043587e-01,-6.1078196557532979e-02,4.5723356563994749e-01,-2.5549758733373354e-02,-3.5164791492834857e-01,3.2311889712905731e-02,6.2935428567287943e-01,-4.7999172391675504e-02,-6.0053182386388926e-01,-1.0401957585808214e-01,4.7514724415395188e-01,-3.4407066537048017e-02,-2.7091534138175721e-01,2.8781022190853733e-01,-6.3333614746347480e-02,-1.1924297216855047e-01,1.4455247069568343e-02,1.0757054296144045e-01,6.1885817402286214e-01,-5.5199995530165469e-02,8.5300905079644584e-01,-2.7689377938740473e-01,5.3679664494771774e-05,5.3687244141614622e-05,5.8038302453916115e-05,5.3671426825513005e-05,3.0433281493472625e-01,9.3207033486540602e-01,3.0728887783790437e-01,9.3047963743273676e-01,2.3051797876657193e-01,-1.8778473613847466e-01,2.9507390724977617e-01,9.1506382283820553e-01
4.6310542482639855e+05,-7.8512379912472063e-01,1.4769811725437662e-03,-2.0145647478128703e-01,-2.6673389975808870e-02,4.6772751868642037e-01,-3.7385419224825925e-02,-3.3607231776582558e-01,1.9257410296733807e-01,1.7228749047467026e-01,-1.5837400076711533e-01,7.8046003410862808e-01,6.9288471627946935e-02,4.8363415986236286e-01,-3.5706098088168235e-02,-3.3300657701173025e-01,1.6659438515665823e-01,5.5825529618754188e-01,-3.4129887425718652e-02,-5.6750206555493576e-01,1.0509394652528389e-01,5.0125097761952542e-01,-3.3624548759330034e-02,-3.4181230877039537e-01,-5.1435805608302188e-02,-4.7830188367370390e-03,1.2639791483729029e-01,-1.6981401034058680e-03,-1.0806871059344242e-01,5.3974733675211717e-01,-3.0757637938748028e-02,7.3059184580599301e-01,-2.4099336280343023e-01,-8.1943790678003625e-01,7.5640577447709814e-02,-2.1787259159161493e-01,4.8205923353880478e-02,4.3213397122566616e-01,-1.7335531607202137e-02,-3.3325751747933285e-01,-4.3911595833187045e-03,2.2641076697132545e-01,1.2280099313360637e-01,8.1878942144274236e-01,-6.6104605675344666e-02,4.5708134991573779e-01,-2.5520406888953989e-02,-3.5474092505217758e-01,3.5332277499151882e-02,6.2670277321742962e-01,-5.3449764511142382e-02,-6.0896480755363347e-01,-1.0206810723195960e-01,4.7520561049216214e-01,-3.4363573952831517e-02,-2.6030064271256054e-01,2.8915893597521569e-01,-7.1534329826560633e-02,-1.1912939624103779e-01,1.9541981761456620e-02,1.0999504295272036e-01,6.1919213097065540e-01,-5.5255375972424414e-02,8.5235271664790002e-01,-2.8219445929089421e-01,5.3679372821388194e-05,5.3686838659721463e-05,5.7967630154614127e-05,5.3669891529181768e-05,9.4395362077400413e-01,2.6484026954400292e-01,9.4424938338073416e-01,2.6140494747726822e-01,-4.0386187587275517e-02,-2.8333192021479642e-01,9.2422428050270933e-01,2.6368789703863610e-01
4.8214744352536264e+05,-7.8354773131473954e-01,3.6714575085742204e-03,-1.9586386687414858e-01,-2.4763857787301294e-02,4.6758576932030349e-01,-3.7371743074222141e-02,-3.4040381780834733e-01,1.9611089020494182e-01,1.8251768140897412e-01,-1.6090457894850602e-01,7.7643521390369563e-01,6.8938987146304254e-02,4.8356610599111566e-01,-3.5706333991037023e-02,-3.3483238607113541e-01,1.6749785192242267e-01,5.5610515951376094e-01,-3.4691625093971286e-02,-5.7430295495757111e-01,1.0678097348650381e-01,5.0127170330269233e-01,-3.3640832010829930e-02,-3.3523968053560793e-01,-5.4265592206528906e-02,-1.2163274262887533e-02,1.2740519246680326e-01,2.6334451819485724e-03,-1.1039418579305163e-01,5.3991217747206133e-01,-3.0750520406296170e-02,7.2916771125052826e-01,-2.4182959572876089e-01,-8.1842517984486318e-01,8.1661082535902041e-02,-2.1130046185838353e-01,4.8101872278789107e-02,4.3180557231806382e-01,-1.7320687992997380e-02,-3.4103321243924167e-01,-2.1028830393231140e-03,2.3795512376623848e-01,1.2173548022201811e-01,8.1524432755596221e-01,-7.1161339324508605e-02,4.5692897572207303e-01,-2.5491455942208710e-02,-3.5761004343384017e-01,3.8646283411190113e-02,6.2336716693751204e-01,-5.8908916441101640e-02,-6.1755181992727382e-01,-9.9442576210959824e-02,4.7526304881206249e-01,-3.4319232141556591e-02,-2.4935700512229089e-01,2.8985976922276546e-01,-7.9799565995182939e-02,-1.1844256076454851e-01,2.5001173155553606e-02,1.1216759161748840e-01,6.1952616795193982e-01,-5.5310126290698647e-02,8.5123973281336918e-01,-2.8759639015871763e-01,5.3679117277164162e-05,5.3686468559206843e-05,5.7897696497256718e-05,5.3668416132851032e-05,7.1827744940725291e-01,-6.6714567975533590e-01,7.1540429256290883e-01,-6.6921587083280487e-01,-2.5764119850295025e-01,-9.6714455632413099e-02,7.0730858749467074e-01,-6.5019233742346982e-01
5.0197243399855646e+05,-7.8199915984988499e-01,6.0019581518734461e-03,-1.9015852814079653e-01,-2.2490901856425466e-02,4.6744431307694051e-01,-3.7357612245368037e-02,-3.4493620151638638e-01,1.9951196913534791e-01,1.9318533763491844e-01,-1.6297812657596147e-01,7.7218267176803990e-01,6.8348785620958363e-02,4.8349799673137461e-01,-3.5706406140867189e-02,-3.3665742985331498e-01,1.6828015972681384e-01,5.5364818201310428e-01,-3.5341901497027990e-02,-5.8135843709090784e-01,1.0815294259747152e-01,5.0129200930616435e-01,-3.3657398027499133e-02,-3.2843646987084513e-01,-5.6798212643570808e-02,-1.9608295660615008e-02,1.2805858568067480e-01,7.2461984388248885e-03,-1.1255691748281269e-01,5.4007711486377230e-01,-3.0743676761798705e-02,7.2770501995926529e-01,-2.4270641946067245e-01,-8.1696900601256150e-01,8.7773386840573481e-02,-2.0448127156128867e-01,4.7549889237106679e-02,4.3147778693033922e-01,-1.7307044962640669e-02,-3.4879426668986596e-01,6.9939003283397971e-04,2.4978124721043390e-01,1.1981241069165667e-01,8.1113851630730294e-01,-7.6168613090184550e-02,4.5677637798064719e-01,-2.5462853490495443e-02,-3.6021011128113678e-01,4.2218834431956814e-02,6.1931726970020540e-01,-6.4263053468730610e-02,-6.2620845050626361e-01,-9.6114128705335353e-02,4.7531943190616605e-01,-3.4273987242651974e-02,-2.3817254264963042e-01,2.8986043528586825e-01,-8.8039427510875387e-02,-1.1716920713379268e-01,3.0811458066606449e-02,1.1403384785652629e-01,6.1986046371361292e-01,-5.5364377818771127e-02,8.4965193066320166e-01,-2.9302777359802645e-01,5.3678891920865293e-05,5.3686128467337693e-05,5.7828501918390296e-05,5.3666998183389187e-05,-2.3470073201139122e-01,-9.5170425135139225e-01,-2.3797462971727876e-01,-9.5012014434218983e-01,-1.9269265437965447e-01,1.8094962855775171e-01,-2.2438247618491006e-01,-9.3381105971155731e-01
5.2261259056365868e+05,-7.8049173824400686e-01,8.4528809302283486e-03,-1.8437222858638122e-01,-1.9841484647929022e-02,4.6730313276280788e-01,-3.7343048900687424e-02,-3.4965183705928710e-01,2.0275207571229453e-01,2.0424727462549952e-01,-1.6454090385851966e-01,7.6771362729001935e-01,6.7494985631006033e-02,4.8342979978456041e-01,-3.5706328600732716e-02,-3.3846456061885627e-01,1.6893984267838597e-01,5.5087146669158971e-01,-3.6112260919865385e-02,-5.8863509956344306e-01,1.0917601554646311e-01,5.0131184338270152e-01,-3.3674254549731469e-02,-3.2144077302564877e-01,-5.9011649506238065e-02,-2.7066846615894053e-02,1.2835285237535257e-01,1.2128490093891657e-02,-1.1452347846754031e-01,5.4024224066499171e-01,-3.0737066434684674e-02,7.2620801811650348e-01,-2.4362189655044322e-01,-8.1505597996415780e-01,9.3901001008008037e-02,-1.9746247908979242e-01,4.6507139518562779e-02,4.3115059853752119e-01,-1.7294549508315469e-02,-3.5647192687824597e-01,4.0101198500947233e-03,2.6178015062255017e-01,1.1698768151520693e-01,8.0646028816067761e-01,-8.1038251479931628e-02,4.5662348776141093e-01,-2.5434555723034442e-02,-3.6250350737288922e-01,4.6006511739672892e-02,6.1454572739271751e-01,-6.9390173882147341e-02,-6.3484437420494577e-01,-9.2072387504613259e-02,4.7537462319280899e-01,-3.4227796438717928e-02,-2.2684480510067717e-01,2.8912631830276592e-01,-9.6161593856684602e-02,-1.1531609237938419e-01,3.6940855483195228e-02,1.1554247296586399e-01,6.2019520871839873e-01,-5.5418240669351311e-02,8.4758584711579443e-01,-2.9841310179580155e-01,5.3678683499396672e-05,5.3685805674866061e-05,5.7760039834282868e-05,5.3665627458469658e-05,-9.5625035052600094e-01,-2.1501929566354069e-01,-9.5625301995500900e-01,-2.1128373894026781e-01,8.4818663874148881e-02,2.3902312620052768e-01,-9.3518870135501508e-01,-2.1699750381241828e-01
5.4410143130776740e+05,-7.7903844374158870e-01,1.1009025392364209e-02,-1.7854275696413702e-01,-1.6797746953634077e-02,4.6716227122366510e-01,-3.7328044446771874e-02,-3.5453648921948411e-01,2.0580453540777399e-01,2.1565986641197293e-01,-1.6553013366322331e-01,7.6304001183764314e-01,6.6349164240214253e-02,4.8336155547708221e-01,-3.5706090265905439e-02,-3.4024133352060548e-01,1.6947767765882599e-01,5.4776875037473949e-01,-3.7040922253263574e-02,-5.9610061674156201e-01,1.0981056050542559e-01,5.0133124364785597e-01,-3.3691388166986060e-02,-3.1428294497325182e-01,-6.0882155246888531e-02,-3.4493433958010841e-02,1.2828121688894087e-01,1.7273296363568350e-02,-1.1625565417179200e-01,5.4040744679295327e-01,-3.0730720854260957e-02,7.2468172448951007e-01,-2.4457619389333038e-01,-8.1267681654333190e-01,9.9962861410492029e-02,-1.9030016881891834e-01,4.4927914945798231e-02,4.3082409024588830e-01,-1.7283231951926072e-02,-3.6399863660281606e-01,7.8243484660843604e-03,2.7383571963655751e-01,1.1322037147103434e-01,8.0120324041542834e-01,-8.5672635361820737e-02,4.5647039326278538e-01,-2.5406604668368294e-02,-3.6446085214041873e-01,4.9966049471607071e-02,6.0906088420070381e-01,-7.4160322877986268e-02,-6.4336571653210084e-01,-8.7309769813570498e-02,4.7542872070921627e-01,-3.4180714822299091e-02,-2.1546702752739344e-01,2.8762338133370680e-01,-1.0407857702639409e-01,-1.1289635120463086e-01,4.3356908774672479e-02,1.1663891814379543e-01,6.2053017951100919e-01,-5.5471620942607623e-02,8.4504291161201228e-01,-3.0367838457530777e-01,5.3678587019368420e-05,5.3685595759783620e-05,5.7692405370280362e-05,5.3664398669592767e-05,-5.8412115594280734e-01,7.8694113483594386e-01,-5.8059550356360434e-01,7.8845617004995150e-01,2.4300090462267240e-01,6.1750578519097652e-03,-5.7791778940714089e-01,7.6615378032562054e-01
5.6647385251829308e+05,-7.7764313815940733e-01,1.3648157933016380e-02,-1.7269477342624340e-01,-1.3368173046915149e-02,4.6702172021415150e-01,-3.7312678747421765e-02,-3.5956468999844937e-01,2.0865944988560930e-01,2.2737058366926510e-01,-1.6592471775334997e-01,7.5817586388964286e-01,6.4899302908970863e-02,4.8329321745784659e-01,-3.5705745214086558e-02,-3.4197169205454414e-01,1.6989767846912524e-01,5.4433453424487765e-01,-3.8157760768389934e-02,-6.0371533610197625e-01,1.1004370618426559e-01,5.0135010926821477e-01,-3.3708830813882165e-02,-3.0700555419503472e-01,-6.2410476429540535e-02,-4.1841464509254009e-02,1.2786584824834304e-01,2.2657212441430111e-02,-1.1772881332393688e-01,5.4057287288612987e-01,-3.0724490759036847e-02,7.2312860493969000e-01,-2.4556496331342362e-01,-8.0985725005511133e-01,1.0588297061455314e-01,-1.8304777761941449e-01,4.2799564844554001e-02,4.3049829817122715e-01,-1.7272919685335442e-02,-3.7132107154103960e-01,1.2102092505476711e-02,2.8584083016071360e-01,1.0852874219577253e-01,7.9539363290061016e-01,-8.9984416784039206e-02,4.5631700859455887e-01,-2.5378860479091811e-02,-3.6606682962076015e-01,5.4043682372882429e-02,6.0290725077679241e-01,-7.8461217697247315e-02,-6.5169246902292521e-01,-8.1865055071830714e-02,4.7548147083946679e-01,-3.4132613951345092e-02,-2.0413809575900327e-01,2.8536768075100527e-01,-1.1171327850638178e-01,-1.0996388529030375e-01,5.0008414659256928e-02,1.1729181766907036e-01,6.2086564921179110e-01,-5.5524871621640645e-02,8.4205403744406571e-01,-3.0875532911503561e-01,5.3678293260218745e-05,5.3685189811233129e-05,5.7625306890012587e-05,5.3663005433507591e-05,5.2237780142361701e-01,8.2911113152117788e-01,5.2510310136734817e-01,8.2626183487415306e-01,7.8369865137557337e-02,-2.1911090508244577e-01,5.0433185226474309e-01,8.1605370938007393e-01
5.8976618535194790e+05,-7.7631537875582124e-01,1.6351031177262804e-02,-1.6687193678415740e-01,-9.5457959578212764e-03,4.6688149050808653e-01,-3.7296892282755616e-02,-3.6471715228246476e-01,2.1129248485868168e-01,2.3931827875651440e-01,-1.6566892187902652e-01,7.5314224012363418e-01,6.3118472525193065e-02,4.8322481500857922e-01,-3.5705237516417881e-02,-3.4364590203403705e-01,1.7020275068395652e-01,5.4057636007079068e-01,-3.9503539426276699e-02,-6.1143615655946015e-01,1.0984031828592282e-01,5.0136849124555272e-01,-3.3726530334728957e-02,-2.9964285939078705e-01,-6.3576975471925395e-02,-4.9065695462637643e-02,1.2710968923447891e-01,2.8262685578015388e-02,-1.1890168457863570e-01,5.4073843866877924e-01,-3.0718527057890084e-02,7.2155520699861764e-01,-2.4658793686467839e-01,-8.0661651642987486e-01,1.1157558488727298e-01,-1.7577621612732805e-01,4.0094467464786850e-02,4.3017321249396512e-01,-1.7263735245787948e-02,-3.7837485173776586e-01,1.6819533033608003e-02,2.9766920720338863e-01,1.0291211971889276e-01,7.8905937217322808e-01,-9.3867622895266178e-02,4.5616338001992690e-01,-2.5351462977234510e-02,-3.6730717561147264e-01,5.8190862285260075e-02,5.9614015577354440e-01,-8.2166177244600319e-02,-6.5972946060365067e-01,-7.5764456426603469e-02,4.7553298661315979e-01,-3.4083657748375636e-02,-1.9295857249495013e-01,2.8235099106355011e-01,-1.1898794624833785e-01,-1.0656057341493667e-01,5.6844033988804644e-02,1.1745472785908383e-01,6.2120147869216447e-01,-5.5577649502575016e-02,8.3864346772754306e-01,-3.1357297438716208e-01,5.3678138497708287e-05,5.3684924585640000e-05,5.7559067237743363e-05,5.3661782222231168e-05,9.5140112256333587e-01,-2.3446244916095024e-01,9.4945747417908499e-01,-2.3801816064005188e-01,-1.8223853394596393e-01,-1.2767608236457770e-01,9.3327269223698162e-01,-2.2046779207409062e-01
6.1401625483385567e+05,-7.7505666511535087e-01,1.9092146480374744e-02,-1.6110701545621303e-01,-5.3413575263323021e-03,4.6674159739330401e-01,-3.7280727561880785e-02,-3.6996570326139772e-01,2.1369274879082401e-01,2.5143390234125840e-01,-1.6474099539048059e-01,7.4796210629779358e-01,6.0995506407609951e-02,4.8315634054124906e-01,-3.5704595537528659e-02,-3.4525160387712034e-01,1.7040066323364228e-01,5.3650557870856352e-01,-4.1111771122021600e-02,-6.1921435687939519e-01,1.0918783363244783e-01,5.0138635161644007e-01,-3.3744502306908557e-02,-2.9223820734799122e-01,-6.4384768836601797e-02,-5.6122323299534926e-02,1.2603937524244346e-01,3.4058588649464858e-02,-1.1974909173564414e-01,5.4090417160754944e-01,-3.0712752756128114e-02,7.1996606223157866e-01,-2.4764093453420935e-01,-8.0300379881793438e-01,1.1696584769321147e-01,-1.6855232285561739e-01,3.6811607631672405e-02,4.2984889254400555e-01,-1.7255593199774343e-02,-3.8511158798568307e-01,2.1925626959251987e-02,3.0920933389219940e-01,9.6419486723637551e-02,7.8225955374936273e-01,-9.7232492357316444e-02,4.5600950072694407e-01,-2.5324345626630967e-02,-3.6818374772961154e-01,6.2351094214161906e-02,5.8884711955551938e-01,-8.5171790576318088e-02,-6.6740137302742264e-01,-6.9072840372375571e-02,4.7558317541085343e-01,-3.4033789487935021e-02,-1.8202631984670870e-01,2.7861151337995294e-01,-1.2584120118741243e-01,-1.0276051502057172e-01,6.3799214161669032e-02,1.1710824085487349e-01,6.2153771388188939e-01,-5.5630125774801836e-02,8.3486099332235897e-01,-3.1807175395879550e-01,5.3677990265636908e-05,5.3684667889883816e-05,5.7493564642795709e-05,5.3660598643791797e-05,2.7003604710391715e-02,-9.7941006351573534e-01,2.2961555503045499e-02,-9.7840102021119668e-01,-1.5629392633149097e-01,1.4399499528361584e-01,3.6650761066241294e-02,-9.5789667572615167e-01
6.3926344128259388e+05,-7.7386576628322667e-01,2.1847935891860223e-02,-1.5543137598970236e-01,-7.6946538186866559e-04,4.6660205442584624e-01,-3.7264194503029757e-02,-3.7528410981692850e-01,2.1585178929338200e-01,2.6364910578646639e-01,-1.6312432565409488e-01,7.4265969800448883e-01,5.8519776657605660e-02,4.8308779841178306e-01,-3.5703817091062830e-02,-3.4678016850985494e-01,1.7049895711961088e-01,5.3213937474363493e-01,-4.3013921221757588e-02,-6.2700229597942803e-01,1.0807655175722077e-01,5.0140367908310379e-01,-3.3762733902493069e-02,-2.8482967398854425e-01,-6.4837592325008825e-02,-6.2974667006613916e-02,1.2468250323930934e-01,4.0012907932716751e-02,-1.2024579400694918e-01,5.4107006662950818e-01,-3.0707173157115644e-02,7.1836596075007231e-01,-2.4872063082877555e-01,-7.9907782425050877e-01,1.2198785501619104e-01,-1.6144079707400311e-01,3.2959982805397789e-02,4.2952537524243062e-01,-1.7248472462317227e-02,-3.9149186993182006e-01,2.7367805838814541e-02,3.2036357324891235e-01,8.9113779209066199e-02,7.7506518111091760e-01,-9.9997409826072470e-02,4.5585538003395615e-01,-2.5297516385622089e-02,-3.6870615640454074e-01,6.6474514497274734e-02,5.8112907493944821e-01,-8.7392432236183107e-02,-6.7464612722151940e-01,-6.1864032504330688e-02,4.7563200290303875e-01,-3.3983040458800517e-02,-1.7142764657157700e-01,2.7419356202825551e-01,-1.3222828513680943e-01,-9.8641635981184556e-02,7.0809244178174746e-02,1.1623985875576277e-01,6.2187434835724797e-01,-5.5682286722665633e-02,8.3076049562521348e-01,-3.2220255165244288e-01,5.3677847331501690e-05,5.3684418670331635e-05,5.7428799511905912e-05,5.3659453290063615e-05,-9.5086231420956457e-01,-2.3595350907871429e-01,-9.5067895191450569e-01,-2.3167285508730306e-01,1.1174056982407216e-01,1.6914068613686573e-01,-9.2724788230998612e-01,-2.4170262577833349e-01
6.6554874426091893e+05,-7.7273817149145618e-01,2.4592629514328376e-02,-1.4987397413230283e-01,4.1493857061929880e-03,4.6646286119041641e-01,-3.7247317185547274e-02,-3.8064247555425301e-01,2.1776568693228765e-01,2.7588868399794758e-01,-1.6081603279959167e-01,7.3726243347704035e-01,5.5688510682804990e-02,4.8301917764439189e-01,-3.5702916115053135e-02,-3.4822342284414592e-01,1.7050769852008457e-01,5.2750193061524620e-01,-4.5236809806373006e-02,-6.3474859517524318e-01,1.0650601808511775e-01,5.0142044782984874e-01,-3.3781229506522417e-02,-2.7745850122032567e-01,-6.4947917036270592e-02,-6.9588369131973124e-02,1.2307461820934354e-01,4.6086654930702978e-02,-1.2037515403728982e-01,5.4123615719945672e-01,-3.0701750312531494e-02,7.1675969621195301e-01,-2.4982207665916756e-01,-7.9491134562798194e-01,1.2658718507844735e-01,-1.5450393883153471e-01,2.8561431899631309e-02,4.2920267513860028e-01,-1.7242320272844718e-02,-3.9748584474217430e-01,3.3084104855008359e-02,3.3104733622258747e-01,8.1080171976847887e-02,7.6756571927380923e-01,-1.0209564134606008e-01,4.5570099821241705e-01,-2.5270939975387648e-02,-3.6889429228286830e-01,7.0511543774949531e-02,5.7310384237787759e-01,-8.8763733910040291e-02,-6.8141774597492555e-01,-5.4228062346894632e-02,4.7567940309162809e-01,-3.3931388336255891e-02,-1.6124147488388307e-01,2.6916266962863750e-01,-1.3811941644773160e-01,-9.4291986020890478e-02,7.7805661439588641e-02,1.1485420174672058e-01,6.2221144750866053e-01,-5.5734221099819584e-02,8.2640640846602920e-01,-3.2592779090748625e-01,5.3677718391386893e-05,5.3684185718670006e-05,5.7364783406876542e-05,5.3658356347048163e-05,-3.8434727508916772e-01,9.0107362370708222e-01,-3.7996274143504399e-01,9.0152741771501443e-01,1.7131220753999016e-01,-8.9175609246452292e-02,-3.8713298337557867e-01,8.7614466814839953e-01
6.9291484915601776e+05,-7.7166798967057137e-01,2.7314723432144625e-02,-1.4445360003778535e-01,9.3926856367126717e-03,4.6632407230191258e-01,-3.7230040197136313e-02,-3.8602609159664630e-01,2.1942973832768231e-01,2.8810467734266204e-01,-1.5780674791074734e-01,7.3179123415506586e-01,5.2486865278848695e-02,4.8295053774033087e-01,-3.5701812033821029e-02,-3.4958159612825845e-01,1.7042856661154923e-01,5.2261261192126085e-01,-4.7804458418337879e-02,-6.4241888736815045e-01,1.0446968876445835e-01,5.0143670594417644e-01,-3.3799887896023777e-02,-2.7014290115752049e-01,-6.4711017182249628e-02,-7.5947374336845744e-02,1.2123503106043584e-01,5.2252319289710018e-02,-1.2010581122755830e-01,5.4140230191910577e-01,-3.0696700136510574e-02,7.1515205266969073e-01,-2.5094640194069179e-01,-7.9057028535256824e-01,1.3072285240773732e-01,-1.4778564704674921e-01,2.3642811183896363e-02,4.2888088191995322e-01,-1.7237251018151899e-02,-4.0307385679048435e-01,3.9033323250063076e-02,3.4121151195190685e-01,7.2388862082579220e-02,7.5983821924200234e-01,-1.0346855754621267e-01,4.5554646176612246e-01,-2.5244826827573463e-02,-3.6876301806114764e-01,7.4436765176139397e-02,5.6487191982322149e-01,-8.9244615775088992e-02,-6.8769099874423734e-01,-4.6238563400268773e-02,4.7572546310453490e-01,-3.3879131270852604e-02,-1.5152242541147004e-01,2.6355118816347384e-01,-1.4350680693973186e-01,-8.9776593715412495e-02,8.4734742786643599e-02,1.1294366904481905e-01,6.2254876382231006e-01,-5.5785427576790336e-02,8.2184547479812164e-01,-3.2921956979253553e-01,5.3677609613313966e-05,5.3683975095735412e-05,5.7301511687300494e-05,5.3657305526750117e-05,8.5722250268752598e-01,4.7399425462719136e-01,8.5808364942973958e-01,4.6954045169746567e-01,-7.7467875369046452e-02,-1.6664008198020633e-01,8.3132139506969693e-01,4.7506501840703685e-01
7.2140619649742485e+05,-7.7064224927076952e-01,2.9947958963612048e-02,-1.3922884518328341e-01,1.4940187032880180e-02,4.6618562056026946e-01,-3.7212619755892837e-02,-3.9135992790147367e-01,2.2085652622562990e-01,3.0012781335426120e-01,-1.5415104935590412e-01,7.2630283060938594e-01,4.8970207553191092e-02,4.8288173770494913e-01,-3.5700819346357181e-02,-3.5083185206783718e-01,1.7030454749034041e-01,5.1754704964020715e-01,-5.0733931522519593e-02,-6.4990717344979321e-01,1.0200988072651455e-01,5.0145228488279847e-01,-3.3819065088665348e-02,-2.6298230605883965e-01,-6.4213949175411261e-02,-8.1990406505874414e-02,1.1926057969192241e-01,5.8425554595526168e-02,-1.1949619744665910e-01,5.4156882753696833e-01,-3.0691185467007422e-02,7.1354841712831252e-01,-2.5206885206271512e-01,-7.8617649756889130e-01,1.3436682762304089e-01,-1.4138660650808277e-01,1.8246379531088468e-02,4.2855998255814198e-01,-1.7232768667741673e-02,-4.0824339069092608e-01,4.5086207855279697e-02,3.5074274202192490e-01,6.3217852500262392e-02,7.5206012876994777e-01,-1.0410461297247628e-01,4.5539156361342370e-01,-2.5218396128154970e-02,-3.6838587263889044e-01,7.8154021855963596e-02,5.5664312551532680e-01,-8.8808459111928320e-02,-6.9343901643484385e-01,-3.8057978434584902e-02,4.7576988665035436e-01,-3.3825229572868695e-02,-1.4235420326979070e-01,2.5757303719207514e-01,-1.4837623695382074e-01,-8.5253888318285398e-02,9.1498929606820864e-02,1.1061147852995176e-01,6.2288679766312149e-01,-5.5837792945954250e-02,8.1720893175241394e-01,-3.3207528169864270e-01,5.3677443697676210e-05,5.3683709963532212e-05,5.7238968290430465e-05,5.3656257708394829e-05,5.0916949129568367e-01,-8.3672098734388911e-01,5.0461045249513425e-01,-8.3773344188968901e-01,-1.5710358446785153e-01,7.6246893422334261e-02,5.0998728399511117e-01,-8.0992624444634509e-01
7.5106905412514985e+05,-7.6965657657622444e-01,3.2579236954917698e-02,-1.3410564147353979e-01,2.0740249857457635e-02,4.6604764689341771e-01,-3.7194537029630721e-02,-3.9672937864765745e-01,2.2203277523722911e-01,3.1213999532755293e-01,-1.4978992824606374e-01,7.2074841324766736e-01,4.5031736399310511e-02,4.8281306840410410e-01,-3.5699229982902869e-02,-3.5201511437619998e-01,1.7006694856412219e-01,5.1222036803618232e-01,-5.4030591285282634e-02,-6.5731664291879854e-01,9.9075580440357275e-02,5.0146748962257204e-01,-3.3837909581677872e-02,-2.5585580519737605e-01,-6.3318756168877222e-02,-8.7795382745826669e-02,1.1705515242017552e-01,6.4662614765032045e-02,-1.1839338255480740e-01,5.4173510016845161e-01,-3.0687084732132979e-02,7.1194957365101696e-01,-2.5323148646497484e-01,-7.8172702549877393e-01,1.3751447318349733e-01,-1.3519549792933344e-01,1.2413717566597787e-02,4.2824002247357501e-01,-1.7229841781590316e-02,-4.1300412642508688e-01,5.1337525811258111e-02,3.5980055726267512e-01,5.3492760307275886e-02,7.4415688172426464e-01,-1.0394062006501723e-01,4.5523671134913640e-01,-2.5193400041187683e-02,-3.6769480554241107e-01,8.1776735628084546e-02,5.4831996024389684e-01,-8.7482145420704135e-02,-6.9872773160477686e-01,-2.9630082690996262e-02,4.7581312451126834e-01,-3.3772128466192229e-02,-1.3370003076419990e-01,2.5099408751131347e-01,-1.5278513541141941e-01,-8.0629716263390924e-02,9.8132855275183672e-02,1.0771280993215625e-01,6.2322464833900304e-01,-5.5887100573059637e-02,8.1241148930001450e-01,-3.3446693158622098e-01,5.3677421527608088e-05,5.3683589563757915e-05,5.7177210716459836e-05,5.3655332849619266e-05,-8.4736134687845122e-01,-4.9109650913596548e-01,-8.4823747189276932e-01,-4.8636883342094295e-01,8.4141101012430899e-02,1.4277554702717374e-01,-8.1967812997976441e-01,-4.9339666773473956e-01
7.8195159232522745e+05,-7.6868149685091425e-01,3.5024512194624505e-02,-1.2925203700567245e-01,2.6782258890173449e-02,4.6590986674474261e-01,-3.7176600222349677e-02,-4.0193677988999066e-01,2.2301564239036231e-01,3.2370743288564185e-01,-1.4492469187757184e-01,7.1526401588568211e-01,4.0884021643072699e-02,4.8274398977667954e-01,-3.5698115631176044e-02,-3.5306778590297538e-01,1.6984706437228766e-01,5.0685016952608597e-01,-5.7687122683424658e-02,-6.6438754607048367e-01,9.5815001875121375e-02,5.0148172049284712e-01,-3.3857685580090301e-02,-2.4902255646813881e-01,-6.2317921077677481e-02,-9.3218197682330417e-02,1.1488185527788439e-01,7.0771702411029813e-02,-1.1705787488227926e-01,5.4190235718033797e-01,-3.0681554096353880e-02,7.1036288836321237e-01,-2.5435166880024473e-01,-7.7743875855330380e-01,1.4017811184932832e-01,-1.2945010925480810e-01,6.2162689795733413e-03,4.2792081946791416e-01,-1.7226922861773519e-02,-4.1737235619096780e-01,5.7480694810126853e-02,3.6813091936560932e-01,4.3614536559105896e-02,7.3650380814792027e-01,-1.0308482170482393e-01,4.5508105870064558e-01,-2.5167149363393100e-02,-3.6689289218652732e-01,8.5075548039362611e-02,5.4034098666193076e-01,-8.5290130876594733e-02,-7.0352112271941503e-01,-2.1285700732415438e-02,4.7585411285842605e-01,-3.3716133724056747e-02,-1.2566765854925946e-01,2.4440829572175019e-01,-1.5671929809156157e-01,-7.6247930084522270e-02,1.0446845364794594e-01,1.0458859507059097e-01,6.2356428218155724e-01,-5.5939800037366642e-02,8.0774530287644331e-01,-3.3646471101981323e-01,5.3677231374723005e-05,5.3683304072171997e-05,5.7116145657520970e-05,5.3654345408976728e-05,-4.1580353115652197e-01,8.8666054844531128e-01,-4.1086830216548703e-01,8.8707008903679985e-01,1.2215071618417611e-01,-9.8730874964241766e-02,-4.2147634568665321e-01,8.5845110348454257e-01
8.1410396205469768e+05,-7.6772747926865625e-01,3.7449850261281795e-02,-1.2452499241584583e-01,3.3042901675814126e-02,4.6577275374422999e-01,-3.7158020832808086e-02,-4.0714668990022951e-01,2.2374666387292622e-01,3.3516100547829480e-01,-1.3936695494932250e-01,7.0976092945981373e-01,3.6310685190768160e-02,4.8267522285751141e-01,-3.5696395231207149e-02,-3.5405643815661320e-01,1.6952859308868970e-01,5.0128118813926958e-01,-6.1739679050103899e-02,-6.7131062884201020e-01,9.2092053075364000e-02,5.0149573879919851e-01,-3.3877092555120093e-02,-2.4225996567851721e-01,-6.0932204705449224e-02,-9.8388631258711737e-02,1.1252127911486012e-01,7.6875723092869136e-02,-1.1521226770206180e-01,5.4206888806897924e-01,-3.0677469226990078e-02,7.0879030937864940e-01,-2.5551276059003292e-01,-7.7323268296606928e-01,1.4234226851687462e-01,-1.2396037982189023e-01,-3.5560270095444727e-04,4.2760294226752948e-01,-1.7225568923385805e-02,-4.2133125636545077e-01,6.3748057552342280e-02,3.7597976716094328e-01,3.3319483342160020e-02,7.2890279220983711e-01,-1.0141096641307626e-01,4.5492586444749278e-01,-2.5142428642142618e-02,-3.6583397698130515e-01,8.8248503272340434e-02,5.3245755163550446e-01,-8.2227638990017601e-02,-7.0789956781542651e-01,-1.2824868560404767e-02,4.7589434343993353e-01,-3.3661115143716093e-02,-1.1819728317457692e-01,2.3732759401943257e-01,-1.6024228954785527e-01,-7.1866218111053870e-02,1.1059820242315027e-01,1.0094922517828940e-01,6.2390273216094128e-01,-5.5989253249471890e-02,8.0301380738099326e-01,-3.3800447998180488e-01,5.3677181947401503e-05,5.3683159921235557e-05,5.7055866217193109e-05,5.3653470973769725e-05,9.4015232080745159e-01,2.7390155799073834e-01,9.3971609284010815e-01,2.6881997409150432e-01,-1.1609774659350450e-01,-9.2829106160665364e-02,9.1244529684221798e-01,2.8504800081375109e-01
8.4757837638304965e+05,-7.6676347678974555e-01,3.9735594330577412e-02,-1.1999994094121336e-01,3.9482802249056502e-02,4.6563598439957143e-01,-3.7139290799390608e-02,-4.1222990576029211e-01,2.2429129799625513e-01,3.4624115567166125e-01,-1.3331588262928867e-01,7.0431715564124964e-01,3.1480153536205147e-02,4.8260628546675488e-01,-3.5694712595811223e-02,-3.5494554843412268e-01,1.6919378555923106e-01,4.9565013670143393e-01,-6.6148983111583903e-02,-6.7793172085485875e-01,8.8041933282500484e-02,5.0150901512160451e-01,-3.3896884166775082e-02,-2.3573051682615753e-01,-5.9381361006565075e-02,-1.0323286284013500e-01,1.1016814790767096e-01,8.2845410642237299e-02,-1.1305443149913530e-01,5.4223586455779682e-01,-3.0673115502753034e-02,7.0723429492017187e-01,-2.5665476521117003e-01,-7.6926932397721726e-01,1.4405912846678953e-01,-1.1883720008899390e-01,-7.2148097737096475e-03,4.2728598759416053e-01,-1.7224782868613120e-02,-4.2493379612202736e-01,6.9920862393296521e-02,3.8326180781791075e-01,2.2913164164750487e-02,7.2160547141851195e-01,-9.9049766015632895e-02,4.5477025849897834e-01,-2.5117560683221844e-02,-3.6466458402544211e-01,9.1167923402025758e-02,5.2494600159907190e-01,-7.8386195421735277e-02,-7.1190764562358799e-01,-4.4836721368028409e-03,4.7593271549942567e-01,-3.3604791473733832e-02,-1.1131256825511987e-01,2.3017598191463928e-01,-1.6339057014173441e-01,-6.7716668720994230e-02,1.1643108578218052e-01,9.7054245988772825e-02,6.2424209722267221e-01,-5.6039452612145740e-02,7.9841279017141131e-01,-3.3916888503125531e-01,5.3677094091170681e-05,5.3682978720288745e-05,5.6996318581580334e-05,5.3652609130497629e-05,5.6319054961050725e-02,-9.7754354096876916e-01,5.1340395678387947e-02,-9.7586777884856668e-01,-5.2869415834128512e-02,1.3015641245872961e-01,7.4743343833774692e-02,-9.5259879007720405e-01
8.8242919528238312e+05,-7.6577831446789313e-01,4.1891581853613580e-02,-1.1565347384020788e-01,4.6074829070349335e-02,4.6549959927949214e-01,-3.7120337805303411e-02,-4.1718935729325185e-01,2.2466083180620453e-01,3.5695639945403645e-01,-1.2680088583048499e-01,6.9893382724100805e-01,2.6393000618450929e-02,4.8253723766891732e-01,-3.5692954787311576e-02,-3.5574549428010888e-01,1.6883740467256386e-01,4.8996263888590336e-01,-7.0904407488422819e-02,-6.8425445344868707e-01,8.3681403741945992e-02,5.0152160247485378e-01,-3.3916913751243200e-02,-2.2942316206608812e-01,-5.7664499752445628e-02,-1.0776977215983409e-01,1.0782943199898848e-01,8.8667655630983624e-02,-1.1057852965084515e-01,5.4240315369473369e-01,-3.0668793714573341e-02,7.0569680352784137e-01,-2.5778181581078735e-01,-7.6559035549904020e-01,1.4535991698281236e-01,-1.1404966164389262e-01,-1.4324910925962046e-02,4.2697000562758147e-01,-1.7224698738465966e-02,-4.2820459840773217e-01,7.5989102767662409e-02,3.9004867203627303e-01,1.2431313938151591e-02,7.1464913536953967e-01,-9.6030488996983326e-02,4.5461433757291136e-01,-2.5092830888171179e-02,-3.6339908370971802e-01,9.3856209852673650e-02,5.1782971119794752e-01,-7.3821702911480047e-02,-7.1561302087246292e-01,3.7131246701414544e-03,4.7596930984690317e-01,-3.3547584692484596e-02,-1.0498910919022138e-01,2.2296676234562279e-01,-1.6621391812630290e-01,-6.3806779702576200e-02,1.2197015451647619e-01,9.2921003315588946e-02,6.2458216772489006e-01,-5.6089713388360517e-02,7.9395410178810066e-01,-3.3998232019942032e-01,5.3677000881069497e-05,5.3682793008251322e-05,5.6937513389525235e-05,5.3651778868015878e-05,-9.5049862573594923e-01,2.3488383706371968e-01,-9.4727966930083185e-01,2.3923226748231172e-01,1.3254644080016689e-01,2.9374893129641760e-03,-9.3208954744971506e-01,2.0843944044807095e-01
9.1871301390398084e+05,-7.6476581071261374e-01,4.3936609845590668e-02,-1.1147379944964039e-01,5.2813193687798521e-02,4.6536375722047968e-01,-3.7101101438408134e-02,-4.2203578796212105e-01,2.2484900176710299e-01,3.6731455743376773e-01,-1.1980724639913763e-01,6.9361654253590932e-01,2.1024991055155207e-02,4.8246826102811191e-01,-3.5691016139297684e-02,-3.5646704295929255e-01,1.6845171801579836e-01,4.8422583762480748e-01,-7.6016433187469673e-02,-6.9028047327894537e-01,7.9001235629864719e-02,5.0153368072524485e-01,-3.3937039202490145e-02,-2.2332006620044978e-01,-5.5754528031433000e-02,-1.1201679818722257e-01,1.0549002641832195e-01,9.4333076439947802e-02,-1.0775594623287763e-01,5.4257029534152257e-01,-3.0664789034321377e-02,7.0418169413765486e-01,-2.5890482487306787e-01,-7.6222538347791502e-01,1.4626376984274925e-01,-1.0957741616692836e-01,-2.1676833134054621e-02,4.2665528124005975e-01,-1.7225465118683145e-02,-4.3114982744193658e-01,8.1965757454733348e-02,3.9639260357033396e-01,1.8647418929300975e-03,7.0806329971269832e-01,-9.2355946588378479e-02,4.5445848016786378e-01,-2.5068556755136563e-02,-3.6204047624044755e-01,9.6336138585834438e-02,5.1112574822824863e-01,-6.8558646905990325e-02,-7.1906580299796086e-01,1.1770233073660943e-02,4.7600455479362036e-01,-3.3489963279091213e-02,-9.9216985046647624e-02,2.1567456197201149e-01,-1.6875008230375815e-01,-6.0122583988131847e-02,1.2721853034212449e-01,8.8539746241602643e-02,6.2492202956940168e-01,-5.6139303633546335e-02,7.8963769794682603e-01,-3.4045412612376141e-01,5.3676927656338815e-05,5.3682627689555618e-05,5.6879453529122916e-05,5.3650988329620987e-05,5.6805037450962759e-01,7.9736525214981457e-01,5.7093592059264830e-01,7.9259961093330278e-01,-5.0899537784854301e-02,-1.1409604573006780e-01,5.3524868128107606e-01,7.9052871903125088e-01
9.5648875448464719e+05,-7.6370947955793900e-01,4.5848170250511328e-02,-1.0744945548167018e-01,5.9666912749859011e-02,4.6522835205351748e-01,-3.7081657531108168e-02,-4.2674158611433399e-01,2.2489023690777610e-01,3.7727599891134472e-01,-1.1242782730006728e-01,6.8837494093615981e-01,1.5433097285827702e-02,4.8239922268286600e-01,-3.5688983247688273e-02,-3.5711002764077626e-01,1.6805292198798050e-01,4.7846869926093538e-01,-8.1450901834319439e-02,-6.9598710182732060e-01,7.4059442507163120e-02,5.0154509884408871e-01,-3.3957351280046351e-02,-2.1744913735903176e-01,-5.3717974510254535e-02,-1.1597598071766634e-01,1.0320662152476381e-01,9.9808144578318131e-02,-1.0465047338768567e-01,5.4273763528792873e-01,-3.0660869387722292e-02,7.0268938764970712e-01,-2.6000869207528582e-01,-7.5923015151734263e-01,1.4682225703032242e-01,-1.0540433109158220e-01,-2.9225624718245601e-02,4.2634164470028962e-01,-1.7226902088876724e-02,-4.3381433340401987e-01,8.7792737462751944e-02,4.0235131093361143e-01,-8.6952495375093863e-03,7.0191296093984690e-01,-8.8103913113763824e-02,4.5430241357560319e-01,-2.5044486342394499e-02,-3.6063433972256248e-01,9.8601439511176878e-02,5.0488703343554520e-01,-6.2677851585270256e-02,-7.2234516101201629e-01,1.9627629326596757e-02,4.7603808225339439e-01,-3.3431612783216567e-02,-9.3960404084373866e-02,2.0841740717655463e-01,-1.7105026203153620e-01,-5.6715431422093301e-02,1.3217679621372139e-01,8.3996363009874189e-02,6.2526236972046867e-01,-5.6188807972405559e-02,7.8550921506954607e-01,-3.4063637189762835e-01,5.3676857469794393e-05,5.3682465588315018e-05,5.6822137043246210e-05,5.3650231820614737e-05,4.6500063414454440e-01,-8.6145228394988937e-01,4.5928147225793192e-01,-8.6188574233797288e-01,-6.9079538726785877e-02,9.5116263530747883e-02,4.7450943514436733e-01,-8.2791180903816963e-01
9.9581776203206077e+05,-7.6259980349376755e-01,4.7628732702210103e-02,-1.0356654075016453e-01,6.6624843877412548e-02,4.6509342453587965e-01,-3.7062013777054627e-02,-4.3130364070706106e-01,2.2479722876006988e-01,3.8683675935629580e-01,-1.0469480443007829e-01,6.8321147278615402e-01,9.6296425509371231e-03,4.8233016261019990e-01,-3.5686844989574834e-02,-3.5768058550829013e-01,1.6764345586366897e-01,4.7270302029824141e-01,-8.7196447364305221e-02,-7.0137121761283561e-01,6.8875951555067705e-02,5.0155588771277504e-01,-3.3977821490012938e-02,-2.1180894919280233e-01,-5.1569545256238011e-02,-1.1966004560416330e-01,1.0099242903549445e-01,1.0507927705119791e-01,-1.0127842410474598e-01,5.4290507491537721e-01,-3.0657066036352921e-02,7.0122154521006275e-01,-2.6109297479686744e-01,-7.5663413163701931e-01,1.4707137664232695e-01,-1.0150647330653571e-01,-3.6956802470607779e-02,4.2602918137911339e-01,-1.7228997989053384e-02,-4.3622264159949542e-01,9.3459238158311017e-02,4.0798353076779098e-01,-1.9230830037029772e-02,6.9622712521726160e-01,-8.3312513573604946e-02,4.5414622604270738e-01,-2.5020662281673305e-02,-3.5919827008618488e-01,1.0066564192660010e-01,4.9912853570953158e-01,-5.6224989929248362e-02,-7.2551473385623588e-01,2.7277812698921142e-02,4.7606996597259266e-01,-3.3372625312769022e-02,-8.9190419671569737e-02,2.0122488627894020e-01,-1.7315533649890041e-01,-5.3590348579869600e-02,1.3685729162218702e-01,7.9319222406457279e-02,6.2560298702475781e-01,-5.6238132007035993e-02,7.8157914432616760e-01,-3.4055928434588012e-01,5.3676790236718590e-05,5.3682306320724108e-05,5.6765559301460990e-05,5.3649505428773779e-05,-9.7786435947326167e-01,4.4255085865791154e-02,-9.7515874796201651e-01,4.9501559337523419e-02,1.1041803560568261e-01,2.2656035490865082e-03,-9.5365174534325237e-01,1.7220357938846579e-02
1.0367639039445297e+06,-7.6142770872904031e-01,4.9278640024865289e-02,-9.9810536432299896e-02,7.3676042315681534e-02,4.6495899192931045e-01,-3.7042185585836399e-02,-4.3571734083677627e-01,2.2458505445970756e-01,3.9599326589620537e-01,-9.6646363593009946e-02,6.7812693721735351e-01,3.6325403430869652e-03,4.8226109430009839e-01,-3.5684601946839270e-02,-3.5818406262170049e-01,1.6722676941381048e-01,4.6693928540671498e-01,-9.3237580494499719e-02,-7.0643033532534316e-01,6.3474311017613860e-02,5.0156605132258003e-01,-3.3998435533237503e-02,-2.0640020855667357e-01,-4.9329283983582786e-02,-1.2308042772170892e-01,9.8863235964070734e-02,1.1013394141350728e-01,-9.7663029844207910e-02,5.4307258384283819e-01,-3.0653378927979074e-02,6.9977954107376639e-01,-2.6215550085151867e-01,-7.5446376981750907e-01,1.4704796926657523e-01,-9.7858637962225020e-02,-4.4858420992185122e-02,4.2571793414784437e-01,-1.7231720018754761e-02,-4.3840057818634515e-01,9.8952746810742509e-02,4.1334771865039693e-01,-2.9725184037605039e-02,6.9102995546079504e-01,-7.8022946768325191e-02,4.5398994926423758e-01,-2.4997089556571518e-02,-3.5774991967759256e-01,1.0254117674815733e-01,4.9385992351910257e-01,-4.9244987283011049e-02,-7.2863810976381915e-01,3.4715460896333650e-02,4.7610021280599057e-01,-3.3313042050586550e-02,-8.4875767333105590e-02,1.9413131120591848e-01,-1.7510354130093378e-01,-5.0752835200361626e-02,1.4127544524653846e-01,7.4539605636385148e-02,6.2594381881467187e-01,-5.6287265877655347e-02,7.7785684943247335e-01,-3.4025485470518907e-01,5.3676725516808278e-05,5.3682149190713737e-05,5.6709717493700346e-05,5.3648806940078876e-05,6.0951559782823284e-01,7.6584427680502354e-01,6.1219261759597299e-01,7.6039301871090559e-01,-6.4747120920078532e-02,-8.0870375242113504e-02,5.7183835239570280e-01,7.6281026624724513e-01
1.0793936737269145e+06,-7.6018593593957773e-01,5.0801293163858674e-02,-9.6177060241423820e-02,8.0814245098658116e-02,4.6482511953991401e-01,-3.7022176558237543e-02,-4.3997988141327782e-01,2.2426327063288737e-01,4.0473627849526372e-01,-8.8309197285861021e-02,6.7312677106884145e-01,-2.5467863221532161e-03,4.8219207724574076e-01,-3.5682245505852556e-02,-3.5862612845820230e-01,1.6680572329365786e-01,4.6119360904649825e-01,-9.9563476952019711e-02,-7.1115783241292885e-01,5.7871711470455944e-02,5.0157564020603973e-01,-3.4019170900121583e-02,-2.0122203841388087e-01,-4.7009256954071620e-02,-1.2624791856767642e-01,9.6827857800836956e-02,1.1496023261211555e-01,-9.3821330993061142e-02,5.4324000717656939e-01,-3.0649836062594190e-02,6.9836559273307264e-01,-2.6319604853403777e-01,-7.5274023504616749e-01,1.4678437311325188e-01,-9.4445639817270000e-02,-5.2925912878140816e-02,4.2540803709331576e-01,-1.7235076157450784e-02,-4.4036645279097864e-01,1.0426801573803787e-01,4.1848898644326771e-01,-4.0174737487517112e-02,6.8634457633873713e-01,-7.2268458048363959e-02,4.5383371653331889e-01,-2.4973812298107318e-02,-3.5630283238204458e-01,1.0424052307574599e-01,4.8909284782217649e-01,-4.1773449184126267e-02,-7.3176741410142099e-01,4.1945378993252999e-02,4.7612895224403085e-01,-3.3252948460226570e-02,-8.0990411599284939e-02,1.8715807199424511e-01,-1.7692781715344344e-01,-4.8201252208614903e-02,1.4544575748340266e-01,6.9678761575509063e-02,6.2628454324123317e-01,-5.6336109722388998e-02,7.7434662049690006e-01,-3.3974971502844270e-01,5.3676644284761737e-05,5.3681975000354565e-05,5.6654592973523795e-05,5.3648115265182563e-05,1.7640601474414111e-01,-9.6268111500977960e-01,1.7038965706465428e-01,-9.6100536647008794e-01,-1.0501055489592371e-02,9.6450871174532868e-02,2.0052759571881931e-01,-9.3154543008746760e-01
1.1237762989711692e+06,-7.5886831112335384e-01,5.2201121739833045e-02,-9.2661508711627552e-02,8.8034065922653101e-02,4.6469185757438214e-01,-3.7001987011657078e-02,-4.4408913314972537e-01,2.2384053819017707e-01,4.1305849611081979e-01,-7.9708346658153253e-02,6.6821601414689002e-01,-8.8974375642334458e-03,4.8212316047294335e-01,-3.5679763202497862e-02,-3.5901215148120247e-01,1.6638241491086977e-01,4.5548038582159811e-01,-1.0616289176880347e-01,-7.1554809744191283e-01,5.2084517989485601e-02,5.0158469992083987e-01,-3.4040000883993858e-02,-1.9627343311599316e-01,-4.4619567896497042e-02,-1.2917274510258980e-01,9.4892823708320390e-02,1.1954718841338458e-01,-8.9769900625775875e-02,5.4340721729436481e-01,-3.0646475036902508e-02,6.9698197505866366e-01,-2.6421465219635104e-01,-7.5148229436463276e-01,1.4631140341331383e-01,-9.1252089207890505e-02,-6.1158463138282729e-02,4.2509959068420911e-01,-1.7239075356961099e-02,-4.4213641984390134e-01,1.0940187713739130e-01,4.2345028579042243e-01,-5.0582323931853683e-02,6.8219044846412047e-01,-6.6079438529101656e-02,4.5367763583148413e-01,-2.4950879358768441e-02,-3.5486783821150236e-01,1.0577623334809649e-01,4.8483504039735337e-01,-3.3841348931429656e-02,-7.3495211259505067e-01,4.8977353323888514e-02,4.7615629801087267e-01,-3.3192438444284024e-02,-7.7510336240545041e-02,1.8032220178084984e-01,-1.7865766721943682e-01,-4.5931172074837059e-02,1.4938338596444936e-01,6.4753994263021863e-02,6.2662489823663192e-01,-5.6384549636152068e-02,7.7105025392401427e-01,-3.3906834319469281e-01,5.3676578274911984e-05,5.3681815318581850e-05,5.6600214156011657e-05,5.3647459927406547e-05,-7.9064213251201465e-01,5.7671838744104775e-01,-7.8494018896170636e-01,5.7966732906607998e-01,6.4864149329077025e-02,-6.3418084334558991e-02,-7.8740513409269364e-01,5.3578894932522414e-01
1.1699838537768237e+06,-7.5744453181541249e-01,5.3420613088781183e-02,-8.9167767279252463e-02,9.5307145689814035e-02,4.6455869205772582e-01,-3.6981893676168845e-02,-4.4803287649340745e-01,2.2342237538851967e-01,4.2104942034325105e-01,-7.1045907309160120e-02,6.6330638844740031e-01,-1.5283607341979311e-02,4.8205376875731615e-01,-3.5677471290844420e-02,-3.5934088953477689e-01,1.6598157851118486e-01,4.4973808547907351e-01,-1.1293740892450971e-01,-7.1966652989297653e-01,4.6223308824476006e-02,5.0159260316543530e-01,-3.4061271757742088e-02,-1.9155224789675776e-01,-4.2332749215061964e-02,-1.3188623940730404e-01,9.3170274194161004e-02,1.2393762403521899e-01,-8.5671818423561891e-02,5.4357573051252039e-01,-3.0642432289978521e-02,6.9561005864185577e-01,-2.6517078543073491e-01,-7.5069866316187550e-01,1.4570977292160284e-01,-8.8160442537723288e-02,-6.9526269532384957e-02,4.2479170943960837e-01,-1.7243019527149385e-02,-4.4384559389354250e-01,1.1428129781568383e-01,4.2841492693637828e-01,-6.0833005792243891e-02,6.7850837846490775e-01,-5.9589652101749296e-02,4.5352050795999588e-01,-2.4927333949050424e-02,-3.5350183420824383e-01,1.0715793072797475e-01,4.8100199456678222e-01,-2.5553980701623506e-02,-7.3835045626333051e-01,5.5753149815335905e-02,4.7618070404601170e-01,-3.3130283876174088e-02,-7.4269307716669730e-02,1.7380760246867569e-01,-1.8036762688578381e-01,-4.4018547459477073e-02,1.5318377946653522e-01,5.9912885557007106e-02,6.2696792312137384e-01,-5.6434811757049105e-02,7.6797895048259368e-01,-3.3832194092263973e-01,5.3676450244358072e-05,5.3681592718844447e-05,5.6546536806752197e-05,5.3646794266145822e-05,9.7806976697238401e-01,3.0597109875665669e-02,9.7524862148983915e-01,2.4636454966261521e-02,-8.3231790684716950e-02,1.5583679288743921e-02,9.4984325629343314e-01,6.2752194185862448e-02
1.2180913757939884e+06,-7.5595854975835930e-01,5.4586299930689197e-02,-8.5768987750381526e-02,1.0268588173649662e-01,4.6442651636468324e-01,-3.6961424785487515e-02,-4.5184367828256666e-01,2.2284449573204407e-01,4.2862992335600519e-01,-6.2002013880849804e-02,6.5851172538837000e-01,-2.1940790744087474e-02,4.8198495367079064e-01,-3.5674725136836213e-02,-3.5962874265249622e-01,1.6554907959937493e-01,4.4401973559976060e-01,-1.2004044614501529e-01,-7.2344298426331466e-01,4.0114112634407034e-02,5.0160048682482561e-01,-3.4082203423656358e-02,-1.8704273051276213e-01,-3.9844238099655413e-02,-1.3435630514094479e-01,9.1456519405435491e-02,1.2805590714647080e-01,-8.1258789016740551e-02,5.4374282662051932e-01,-3.0639450422334610e-02,6.9428620433943611e-01,-2.6614359082368128e-01,-7.5042134906387548e-01,1.4489799495291977e-01,-8.5249492162392457e-02,-7.8122872229455853e-02,4.2448591900871241e-01,-1.7248047600002876e-02,-4.4529602318642242e-01,1.1904826752992169e-01,4.3324795598428467e-01,-7.1199372342917788e-02,6.7538606475452789e-01,-5.2592875444611421e-02,4.5336450693469926e-01,-2.4905083802606157e-02,-3.5210515646912421e-01,1.0841738130700868e-01,4.7766623611634584e-01,-1.6747158961934096e-02,-7.4185762955708878e-01,6.2432637804121560e-02,4.7620491306113000e-01,-3.3069119780515084e-02,-7.1502093404855221e-02,1.6728469113602668e-01,-1.8198356511731500e-01,-4.2300259482337010e-02,1.5674438911072444e-01,5.4903487878207258e-02,6.2730821427566286e-01,-5.6482468881708096e-02,7.6509488155161220e-01,-3.3736520255594138e-01,5.3676452372498638e-05,5.3681498874392666e-05,5.6493646089276510e-05,5.3646233950631404e-05,-8.1270633929058433e-01,-5.4488455428659810e-01,-8.1343358556923651e-01,-5.3815386378043217e-01,7.5370645161254801e-02,2.3365694782093171e-02,-7.7019952102246003e-01,-5.5853874139373993e-01
1.2681769880789472e+06,-7.5436370782010198e-01,5.5599642112750119e-02,-8.2426378950234053e-02,1.1013113269931944e-01,4.6429476309774204e-01,-3.6940980035155058e-02,-4.5549618673595449e-01,2.2225337925753330e-01,4.3584126313781041e-01,-5.2869628726975731e-02,6.5374945659917183e-01,-2.8659875759893358e-02,4.8191598973350702e-01,-3.5672069194459907e-02,-3.5987166346723909e-01,1.6513614867397006e-01,4.3831928753216060e-01,-1.2733191882576145e-01,-7.2691725775688665e-01,3.3919960198478316e-02,5.0160754025323273e-01,-3.4103442157568581e-02,-1.8274946005002243e-01,-3.7423285490661554e-02,-1.3662845976049307e-01,8.9926194373362370e-02,1.3195715722293286e-01,-7.6781055698761827e-02,5.4391036108439084e-01,-3.0636076311571798e-02,6.9298361438462641e-01,-2.6706729537888291e-01,-7.5064457143063223e-01,1.4398417182153872e-01,-8.2455623124252711e-02,-8.6892569487598242e-02,4.2418131186452113e-01,-1.7253256405886784e-02,-4.4667180915237009e-01,1.2359203930817372e-01,4.3810660633471316e-01,-8.1482550347836552e-02,6.7277958622375200e-01,-4.5291429590523305e-02,4.5320816804423969e-01,-2.4882582186103668e-02,-3.5077448436043740e-01,1.0954659156323790e-01,4.7478838984736410e-01,-7.5818284890187444e-03,-7.4562253587554483e-01,6.8917721067687121e-02,4.7622701231680442e-01,-3.3006827153258943e-02,-6.8968937741494846e-02,1.6103973011977932e-01,-1.8360925590405822e-01,-4.0899616123014550e-02,1.6018342210847242e-01,4.9949840152424679e-02,6.2764940022308346e-01,-5.6531112103136369e-02,7.6241859291626501e-01,-3.3635362857081924e-01,5.3676389627394441e-05,5.3681339236400598e-05,5.6441448873818056e-05,5.3645649043478975e-05,4.9199954924344308e-01,8.4566926489587613e-01,4.9563921305256786e-01,8.3975377648920979e-01,-5.7130426442993827e-02,-4.6093850947032125e-02,4.4577847939769955e-01,8.3991986142869368e-01
1.3203220259602196e+06,-7.5267254678100837e-01,5.6504721367087535e-02,-7.9123200324456758e-02,1.1766191843308724e-01,4.6416364896925288e-01,-3.6920430096125133e-02,-4.5900225147086099e-01,2.2160473430201250e-01,4.4269156207623839e-01,-4.3557691004354818e-02,6.4903483201144851e-01,-3.5511819235348373e-02,4.8184716631810792e-01,-3.5669283517971065e-02,-3.6007662923576095e-01,1.6472187008435574e-01,4.3262199173449717e-01,-1.3485397885843531e-01,-7.3008666879286588e-01,2.7590891465980486e-02,5.0161408147031539e-01,-3.4124698043738314e-02,-1.7866544035871937e-01,-3.4975455258090551e-02,-1.3869375734846187e-01,8.8514521591540635e-02,1.3562023761862968e-01,-7.2161205358858851e-02,5.4407760780400360e-01,-3.0632895422694973e-02,6.9171410589131854e-01,-2.6796786213206292e-01,-7.5139655509458225e-01,1.4295154593101342e-01,-7.9756405045369808e-02,-9.5885478391320222e-02,4.2387823937127034e-01,-1.7258925447631294e-02,-4.4792022679313148e-01,1.2795765190966690e-01,4.4300710224209133e-01,-9.1791909948011563e-02,6.7070537316606127e-01,-3.7615790227105692e-02,4.5305207657093777e-01,-2.4860454343157000e-02,-3.4947569097877168e-01,1.1056609059271531e-01,4.7235960648986958e-01,2.0052720458229312e-03,-7.4966552476195558e-01,7.5272833423032440e-02,4.7624773970694800e-01,-3.2944334660366045e-02,-6.6733511532324097e-02,1.5496997201846641e-01,-1.8522893738303534e-01,-3.9762717828738761e-02,1.6348729721686839e-01,4.4972965193423184e-02,6.2799006684685243e-01,-5.6579293699586794e-02,7.5993433346723693e-01,-3.3525206464808721e-01,5.3676357308395334e-05,5.3681208698229213e-05,5.6389987484118366e-05,5.3645104506743630e-05,-1.7922349083120240e-01,-9.6172884714089402e-01,-1.8473545068142622e-01,-9.5722120556226709e-01,3.9912973021873598e-02,5.5260609771724700e-02,-1.3541706524502514e-01,-9.4065309767909311e-01
1.3746111691211173e+06,-7.5086578187684461e-01,5.7267773761736585e-02,-7.5819323421724011e-02,1.2527487442942858e-01,4.6403294823512670e-01,-3.6899944204253951e-02,-4.6236541824165078e-01,2.2095725187797560e-01,4.4923798812170695e-01,-3.4166254250706615e-02,6.4430940036912521e-01,-4.2425534491561279e-02,4.8177820932007132e-01,-3.5666567717273667e-02,-3.6024573490152922e-01,1.6432053562685794e-01,4.2689300160770305e-01,-1.4255518777726356e-01,-7.3299034931411844e-01,2.1177844844621336e-02,5.0161980176891496e-01,-3.4146188384159434e-02,-1.7477495871125301e-01,-3.2597395010089229e-02,-1.4057634158507556e-01,8.7278591856182225e-02,1.3908682933084976e-01,-6.7487830446991623e-02,5.4424527908720743e-01,-3.0629373565087100e-02,6.9046589828795479e-01,-2.6882308654719345e-01,-7.5267838170562817e-01,1.4183410504002797e-01,-7.7090598751990883e-02,-1.0511133537775087e-01,4.2357633910191517e-01,-1.7264660180189378e-02,-4.4911826886623374e-01,1.3211916954435149e-01,4.4805916015593605e-01,-1.0208647549113867e-01,6.6911854089510703e-01,-2.9616243972527621e-02,4.5289567870424829e-01,-2.4838131006233534e-02,-3.4823599646421016e-01,1.1148544826100182e-01,4.7032429779345841e-01,1.1984230734348421e-02,-7.5408088545314789e-01,8.1480095368686695e-02,4.7626635649416715e-01,-3.2880911958087733e-02,-6.4685876474256498e-02,1.4915872709107800e-01,-1.8688650497698236e-01,-3.8928575792512646e-02,1.6672917047539335e-01,4.0042992294814131e-02,6.2833161287418515e-01,-5.6628335235895999e-02,7.5763021980868639e-01,-3.3412144594448923e-01,5.3676291458228048e-05,5.3681043433815880e-05,5.6339223691725608e-05,5.3644555551829241e-05,-4.2437828868073728e-02,9.7727017026010121e-01,-3.5922882002392013e-02,9.7398980480091735e-01,-2.8926770323236595e-02,-5.6178055622177023e-02,-8.2549292948606273e-02,9.4620534820273583e-01
1.4311325791132837e+06,-7.4895546323900475e-01,5.7934493728936082e-02,-7.2533137977362244e-02,1.3298747703020539e-01,4.6390295408564858e-01,-3.6879369254557204e-02,-4.6558769219319907e-01,2.2026004547383937e-01,4.5544139663972377e-01,-2.4604637519814385e-02,6.3961550940913614e-01,-4.9471820333125624e-02,4.8170947074861220e-01,-3.5663701496252670e-02,-3.6038451605281985e-01,1.6391666431559171e-01,4.2115420721248698e-01,-1.5048252882464630e-01,-7.3559488462613398e-01,1.4636571723414468e-02,5.0162508496249814e-01,-3.4167639851461894e-02,-1.7108399740381985e-01,-3.0194158173435140e-02,-1.4226139483118466e-01,8.6156209100929720e-02,1.4231686859016868e-01,-6.2686995136589291e-02,5.4441246840942514e-01,-3.0626104296445959e-02,6.8925367391412984e-01,-2.6965884490500136e-01,-7.5453011860534414e-01,1.4061877410980092e-01,-7.4475065974997187e-02,-1.1461887213676134e-01,4.2327610918087699e-01,-1.7270825233493700e-02,-4.5020117895535344e-01,1.3611515340248767e-01,4.5324022365623601e-01,-1.1247158604129007e-01,6.6807352235746187e-01,-2.1227133918682792e-02,4.5273970109113632e-01,-2.4816261677896450e-02,-3.4702783511263646e-01,1.1231613181464810e-01,4.6872078232543835e-01,2.2415905141362942e-02,-7.5887034522154484e-01,8.7603783111219524e-02,4.7628378486416911e-01,-3.2817474869629160e-02,-6.2906256277127176e-02,1.4351564162000280e-01,-1.8856515230743021e-01,-3.8347602416716239e-02,1.6987824067345772e-01,3.5083341213057506e-02,6.2867224113428288e-01,-5.6676733143535052e-02,7.5550155370526006e-01,-3.3292457656961422e-01,5.3676288595342454e-05,5.3680939723272763e-05,5.6289215830002785e-05,5.3644073257745197e-05,1.4726158961664906e-01,-9.6694316354786902e-01,1.4029281837426555e-01,-9.6426455171389192e-01,2.5257453579318100e-02,5.2728053224920649e-02,1.8601396616245583e-01,-9.3082713223949010e-01
1.4899780425245308e+06,-7.4690849621024102e-01,5.8441130957594983e-02,-6.9218484135840211e-02,1.4079661153146164e-01,4.6377328983827054e-01,-3.6859009106473620e-02,-4.6868343893835251e-01,2.1960748688225226e-01,4.6139786939279948e-01,-1.5022701478152656e-02,6.3485267577135229e-01,-5.6539691666737502e-02,4.8164047090620637e-01,-3.5661065210859530e-02,-3.6049441303148966e-01,1.6353469524645625e-01,4.1535016744674236e-01,-1.5855814247481370e-01,-7.3796620887307762e-01,8.0384147112711746e-03,5.0162938631129494e-01,-3.4189480902122468e-02,-1.6755562233789231e-01,-2.7926257455983389e-02,-1.4379176413531786e-01,8.5241653463491454e-02,1.4539637393397634e-01,-5.7893107229252574e-02,5.4458040818245601e-01,-3.0622075402844930e-02,6.8805355239224897e-01,-2.7043689467560050e-01,-7.5693442799472077e-01,1.3934004467582309e-01,-7.1830189651004128e-02,-1.2441829671520087e-01,4.2297696159454456e-01,-1.7276733511194829e-02,-4.5129488589605449e-01,1.3990913361917240e-01,4.5870405588677093e-01,-1.2286498693217560e-01,6.6748163457379905e-01,-1.2513219005264073e-02,4.5258318452194291e-01,-2.4793777267745759e-02,-3.4589253499445344e-01,1.1306646336710102e-01,4.6745783613916897e-01,3.3264401600752155e-02,-7.6415471083151287e-01,9.3599475120502360e-02,4.7629874017731183e-01,-3.2752613981634773e-02,-6.1210106234895506e-02,1.3816502926681251e-01,-1.9032956878943869e-01,-3.8091195423683763e-02,1.7305438572408011e-01,3.0202629267828796e-02,6.2901435110088189e-01,-5.6726965371700203e-02,7.5352159451035072e-01,-3.3174828681750546e-01,5.3676163413151933e-05,5.3680712689920054e-05,5.6239832545042714e-05,5.3643509416217998e-05,-1.3095700010902547e-01,9.6918161662485880e-01,-1.2389992722845679e-01,9.6626703431797634e-01,-2.7941162168235990e-02,-4.6202261725507184e-02,-1.7259945590920839e-01,9.3281491029525554e-01
1.5512431200334697e+06,-7.4476503954408180e-01,5.8901864823824535e-02,-6.5945809568888458e-02,1.4872097764202885e-01,4.6364466706988816e-01,-3.6838396810784671e-02,-4.7163359231508578e-01,2.1886154305169198e-01,4.6695386807159411e-01,-5.2060327675887696e-03,6.3017045364305879e-01,-6.3797305316402181e-02,4.8157207627477433e-01,-3.5658048733186870e-02,-3.6058135275237241e-01,1.6313899266679996e-01,4.0957311092644161e-01,-1.6689585373511626e-01,-7.3999078054098577e-01,1.2889041657064282e-03,5.0163366605544846e-01,-3.4210996475708785e-02,-1.6423954662683535e-01,-2.5550866552434947e-02,-1.4511142359339729e-01,8.4385449360294310e-02,1.4818757572185420e-01,-5.2922112970333890e-02,5.4474686644343862e-01,-3.0618922759835118e-02,6.8690643193003109e-01,-2.7121986469894771e-01,-7.5998366343411350e-01,1.3797004097470228e-01,-6.9249519066861859e-02,-1.3457472070728047e-01,4.2268006447155815e-01,-1.7283470023030781e-02,-4.5221418637289584e-01,1.4357002984527106e-01,4.6430312909263044e-01,-1.3347696802961423e-01,6.6751837169978701e-01,-3.3481876242938413e-03,4.5242789033625946e-01,-2.4772431633199449e-02,-3.4476845580564119e-01,1.1374325912877677e-01,4.6668714225484648e-01,4.4634331046880998e-02,-7.6986252778733733e-01,9.9596009241433164e-02,4.7631351002115169e-01,-3.2688705910667068e-02,-5.9851947151568094e-02,1.3291230412174621e-01,-1.9211454104900810e-01,-3.8042315068475392e-02,1.7611961442347002e-01,2.5223355725084034e-02,6.2935355713531804e-01,-5.6774964571758818e-02,7.5171432043028652e-01,-3.3048526855672428e-01,5.3676161656521610e-05,5.3680607445296457e-05,5.6191233951371897e-05,5.3643049610406306e-05,-1.2292791487582276e-02,-9.7780511524824609e-01,-1.8959102838288191e-02,-9.7375385820959792e-01,3.4734681926084893e-02,3.5644814416776416e-02,3.6769025724443238e-02,-9.4733430891230763e-01
1.6150273015929707e+06,-7.4247551679412460e-01,5.9203782762021873e-02,-6.2588556821079971e-02,1.5677008994263342e-01,4.6351634358462424e-01,-3.6818064532391538e-02,-4.7446989268225126e-01,2.1816776796220272e-01,4.7232188096800171e-01,4.6472999245704139e-03,6.2536713163485924e-01,-7.1083814854517702e-02,4.8150341938083258e-01,-3.5655266164135585e-02,-3.6064535527362646e-01,1.6275915193551485e-01,4.0366742866931310e-01,-1.7538656727080598e-01,-7.4181036516946375e-01,-5.5348274128222685e-03,5.0163696346745301e-01,-3.4232852725573623e-02,-1.6106955335595557e-01,-2.3308345210487802e-02,-1.4627819263454137e-01,8.3727605019283530e-02,1.5084956797374333e-01,-4.7958409541421207e-02,5.4491410253971240e-01,-3.0614996392651885e-02,6.8577183127576247e-01,-2.7194824433193987e-01,-7.6365641240058146e-01,1.3651654826750445e-01,-6.6547254352226165e-02,-1.4512695679377099e-01,4.2238420140055227e-01,-1.7289777083862798e-02,-4.5315616681945459e-01,1.4704495376668497e-01,4.7032748063954755e-01,-1.4418202092889942e-01,6.6799824924212670e-01,6.2287598150851664e-03,4.5227206117836838e-01,-2.4750464784273903e-02,-3.4370795613506255e-01,1.1435919383193172e-01,4.6620307642671194e-01,5.6530440050149885e-02,-7.7620824998304949e-01,1.0549779482512474e-01,4.7632579008178555e-01,-3.2623502489144619e-02,-5.8550592230235822e-02,1.2793129581548637e-01,-1.9400213446869671e-01,-3.8326518687829214e-02,1.7927400207795249e-01,2.0303730862194232e-02,6.2969430059352405e-01,-5.6824821226148126e-02,7.5003328714882600e-01,-3.2925506797680432e-01,5.3676105093257250e-05,5.3680446273913976e-05,5.6143299648448376e-05,5.3642566574216876e-05,2.8388063357230398e-01,9.3565090405028262e-01,2.8922346281834010e-01,9.2974755505145434e-01,-4.1556930800156024e-02,-1.9221344283990801e-02,2.2558480664802269e-01,9.2017980029009172e-01
1.6814341679945018e+06,-7.4005327347951133e-01,5.9405121829092439e-02,-5.9205274422587148e-02,1.6495166374723422e-01,4.6338872010613852e-01,-3.6797778869974700e-02,-4.7718204605140929e-01,2.1746360522145269e-01,4.7740430131509098e-01,1.4624844991809272e-02,6.2052460257001141e-01,-7.8474598515024585e-02,4.8143495321016283e-01,-3.5652438893964612e-02,-3.6069039287268767e-01,1.6238314821397504e-01,3.9770151830601186e-01,-1.8408104339882689e-01,-7.4335309234576230e-01,-1.2464065916082873e-02,5.0163977101335944e-01,-3.4254735076773180e-02,-1.5806868896225010e-01,-2.1092166672207605e-02,-1.4727017748903271e-01,8.3202148579147706e-02,1.5331238260729277e-01,-4.2927608842184738e-02,5.4508093319333217e-01,-3.0611052066904627e-02,6.8466920332078263e-01,-2.7265091434773536e-01,-7.6801617861524341e-01,1.3497650601373434e-01,-6.3785318458959087e-02,-1.5612321227967257e-01,4.2209005558300233e-01,-1.7296225467485847e-02,-4.5403552901779426e-01,1.5036694265292996e-01,4.7671144366348606e-01,-1.5509350084954412e-01,6.6903164535750614e-01,1.6278731592856477e-02,4.5211663068694802e-01,-2.4728698636115772e-02,-3.4268711633149412e-01,1.1491745312130237e-01,4.6610600580794548e-01,6.9010064771616461e-02,-7.8317741569710897e-01,1.1137941073751474e-01,4.7633677613203973e-01,-3.2558083297851037e-02,-5.7416586748403504e-02,1.2313762850148625e-01,-1.9597467670125090e-01,-3.8892084937230051e-02,1.8246097068881054e-01,1.5361028674835246e-02,6.3003423261785418e-01,-5.6874623305451871e-02,7.4848770705075462e-01,-3.2801446607034562e-01,5.3676067056748283e-05,5.3680302361904660e-05,5.6096077274277200e-05,5.3642110164766800e-05,-6.4272051446762857e-01,-7.3668672220812381e-01,-6.4516671778186452e-01,-7.2894585345445884e-01,4.1923718701775803e-02,-3.1114623095965721e-03,-5.8070681142117742e-01,-7.4779033157913744e-01
1.7505715590756596e+06,-7.3748594237611986e-01,5.9492831136221475e-02,-5.5773336698562159e-02,1.7327611992088049e-01,4.6326172358097328e-01,-3.6777623598696269e-02,-4.7977844207679815e-01,2.1676906915655386e-01,4.8223605510746409e-01,2.4706524210910574e-02,6.1560353112749999e-01,-8.5952186175674988e-02,4.8136659046691099e-01,-3.5649648397217931e-02,-3.6071861108950343e-01,1.6201423159675632e-01,3.9164335208723555e-01,-1.9296753734217109e-01,-7.4463706823902165e-01,-1.9493101853965522e-02,5.0164198903922441e-01,-3.4276716718058868e-02,-1.5522248014856024e-01,-1.8932572379577683e-02,-1.4809562241134161e-01,8.2823689711210680e-02,1.5560191211476310e-01,-3.7854139329591655e-02,5.4524758664064954e-01,-3.0606875126076235e-02,6.8359360360253574e-01,-2.7332144815666237e-01,-7.7310270988241858e-01,1.3333849861789734e-01,-6.0912874878095269e-02,-1.6762004461739199e-01,4.2179751958493344e-01,-1.7302622904832948e-02,-4.5487948879998930e-01,1.5353575914591541e-01,4.8354901740565032e-01,-1.6623345239277851e-01,6.7060680188998012e-01,2.6843936873066937e-02,4.5196143008673012e-01,-2.4706911111430214e-02,-3.4171031613369440e-01,1.1542482346838034e-01,4.6636461999070289e-01,8.2131490608819413e-02,-7.9086256499953966e-01,1.1724149234511255e-01,4.7634623316864472e-01,-3.2492203343167547e-02,-5.6404905413976240e-02,1.1854597515774756e-01,-1.9805253026775665e-01,-3.9763858150199421e-02,1.8573253431108461e-01,1.0405795153025754e-02,6.3037379183229714e-01,-5.6924883448098956e-02,7.4706314221995240e-01,-3.2678216533719440e-01,5.3676028788481025e-05,5.3680157068532742e-05,5.6049550279451913e-05,5.3641667062882277e-05,9.3835153777635605e-01,2.7394663688558696e-01,9.3614972155714971e-01,2.6597711872250418e-01,-2.8719998792911604e-02,2.5669792780724243e-02,8.9063713218007567e-01,3.1926911213192627e-01
1.8225517488440895e+06,-7.3476382470934820e-01,5.9460223943136131e-02,-5.2229051577562129e-02,1.8177546291737937e-01,4.6313526478616879e-01,-3.6757675681367119e-02,-4.8226583202333201e-01,2.1608740297432394e-01,4.8687333130772487e-01,3.4924262006479093e-02,6.1054754103294651e-01,-9.3530508905012216e-02,4.8129827515090495e-01,-3.5646917720348427e-02,-3.6073161977849910e-01,1.6164690331449497e-01,3.8541701825776459e-01,-2.0206320808564526e-01,-7.4568868791941856e-01,-2.6650884502593619e-02,5.0164356284707856e-01,-3.4298781765046998e-02,-1.5252367317161608e-01,-1.6824536457576100e-02,-1.4874439930619654e-01,8.2586587907560211e-02,1.5773583480192963e-01,-3.2727187148554972e-02,5.4541423749357154e-01,-3.0602391190554121e-02,6.8254455279037263e-01,-2.7396218029298536e-01,-7.7899878603652484e-01,1.3155511908271603e-01,-5.7829157368441908e-02,-1.7972109469879077e-01,4.2150643187214437e-01,-1.7308758933572622e-02,-4.5569274834428969e-01,1.5655856497846532e-01,4.9097974262569372e-01,-1.7766629253000540e-01,6.7271507129407138e-01,3.8039705132513216e-02,4.5180634482955212e-01,-2.4685030149680896e-02,-3.4076961137603029e-01,1.1589042328709748e-01,4.6692436973292356e-01,9.6029629911240769e-02,-7.9940292158134085e-01,1.2308558612598365e-01,4.7635401049420034e-01,-3.2425875861733344e-02,-5.5508768723624868e-02,1.1414350467842356e-01,-2.0023887223618203e-01,-4.0968602261648467e-02,1.8913871050606221e-01,5.4225509861689225e-03,6.3071333212910996e-01,-5.6975791189416758e-02,7.4575014476823487e-01,-3.2556038585088637e-01,5.3675994001761391e-05,5.3680013976170733e-05,5.6003699313584029e-05,5.3641232817984520e-05,-8.8516334986525080e-01,4.1445391391240599e-01,-8.7809896183435521e-01,4.1901726900997305e-01,1.1311847348536843e-03,-3.5204121495913322e-02,-8.7990730445798504e-01,3.4589809951369799e-01
1.8974916278021662e+06,-7.3187862803778814e-01,5.9322069393212745e-02,-4.8658356222800021e-02,1.9042827274926963e-01,4.6300955945681871e-01,-3.6737863177378163e-02,-4.8464521139137157e-01,2.1541890531631330e-01,4.9124249292322303e-01,4.5240382188852291e-02,6.0540413845912977e-01,-1.0119776693012569e-01,4.8123016806234631e-01,-3.5644236579480328e-02,-3.6073253018364049e-01,1.6129055316170432e-01,3.7910859098435368e-01,-2.1135054425131833e-01,-7.4645868942161098e-01,-3.3900500446657267e-02,5.0164464700460432e-01,-3.4320950496075003e-02,-1.4996643484436759e-01,-1.4779118044081609e-02,-1.4923462359178175e-01,8.2494470592667596e-02,1.5970089820675640e-01,-2.7569595222495288e-02,5.4558041998047058e-01,-3.0597660510573121e-02,6.8152250731518738e-01,-2.7457208807263006e-01,-7.8572933874370099e-01,1.2965524285601557e-01,-5.4605023438529396e-02,-1.9244004429950790e-01,4.2121721418303631e-01,-1.7314878144258906e-02,-4.5647560693885197e-01,1.5944135139863552e-01,4.9897750600750201e-01,-1.8941294143903728e-01,6.7542258071963446e-01,4.9850303026861650e-02,4.5165173294859068e-01,-2.4663138388512133e-02,-3.3987392664608995e-01,1.1631278898188721e-01,4.6786651534520629e-01,1.1069438966819235e-01,-8.0880582720049365e-01,1.2894414873516435e-01,4.7636053425615515e-01,-3.2359123014585038e-02,-5.4709972748958981e-02,1.0993416304505971e-01,-2.0256436746819526e-01,-4.2503223192678852e-02,1.9268842481207582e-01,4.0743365569109735e-04,6.3105187915825234e-01,-5.7027116014739990e-02,7.4454102688924539e-01,-3.2435732856972321e-01,5.3675949691490105e-05,5.3679860473245749e-05,5.5958541951404661e-05,5.3640806734088950e-05,2.4375871816285874e-01,-9.4635695692263500e-01,2.3562844666599320e-01,-9.4372998963925658e-01,2.5907083180947487e-02,1.9019911090607841e-02,2.9609427435563096e-01,-8.9715892038774669e-01
1.9755128927685209e+06,-7.2881360408376272e-01,5.9050129800802098e-02,-4.4933616761897707e-02,1.9928923498675377e-01,4.6288432909725757e-01,-3.6718349503792311e-02,-4.8692774815553375e-01,2.1477650725727288e-01,4.9545997551204357e-01,5.5707375460498032e-02,6.0005856849356676e-01,-1.0896736233245882e-01,4.8116204736605367e-01,-3.5641684137954627e-02,-3.6072183295572541e-01,1.6093646468640940e-01,3.7256567911075988e-01,-2.2085465722233161e-01,-7.4700742388330921e-01,-4.1298093117736689e-02,5.0164502188523474e-01,-3.4343246813275170e-02,-1.4753886015573889e-01,-1.2801220333328216e-02,-1.4954542850248714e-01,8.2547644447344901e-02,1.6153872432096672e-01,-2.2365507811420063e-02,5.4574676470302508e-01,-3.0592440969669239e-02,6.8052361099919068e-01,-2.7515025339693006e-01,-7.9342691367032747e-01,1.2753338861651839e-01,-5.1040519761740732e-02,-2.0594209721739123e-01,4.2092935301661000e-01,-1.7320520403881212e-02,-4.5724602131092923e-01,1.6218747113203652e-01,5.0779891136336375e-01,-2.0154586188920959e-01,6.7868325327321732e-01,6.2483730686435160e-02,4.5149712480529941e-01,-2.4640971045366004e-02,-3.3901243692302707e-01,1.1670336148135063e-01,4.6906377657080606e-01,1.2636231672995626e-01,-8.1931148813385735e-01,1.3477924464496757e-01,4.7636522598360709e-01,-3.2291769854264685e-02,-5.3989404875003116e-02,1.0591024033871725e-01,-2.0502620091868010e-01,-4.4431628322703233e-02,1.9647296697285571e-01,-4.6483626916546152e-03,6.3139071740997244e-01,-5.7079509523077554e-02,7.4342303233544804e-01,-3.2317786143229194e-01,5.3675916049839787e-05,5.3679716532588097e-05,5.5914059473012900e-05,5.3640397789879962e-05,6.9690266889548513e-01,6.8486423287069575e-01,6.9868808578911534e-01,6.7638244216906773e-01,-2.5635749811000183e-02,1.4111661643218802e-02,6.2527736169561488e-01,7.0727196446041740e-01
2.0567422445046713e+06,-7.2556391939671916e-01,5.8657293023291007e-02,-4.0969793980453167e-02,2.0840959584000288e-01,4.6275961340087274e-01,-3.6699123628936917e-02,-4.8910121801066392e-01,2.1412932413914743e-01,4.9954886212058314e-01,6.6420925011483875e-02,5.9447100818529863e-01,-1.1689224025621878e-01,4.8109406500338964e-01,-3.5639119395496431e-02,-3.6070032020265763e-01,1.6057071687304597e-01,3.6569880106181424e-01,-2.3062865036420124e-01,-7.4733107431571844e-01,-4.8905818684865432e-02,5.0164488172151367e-01,-3.4365437417274679e-02,-1.4526612471592099e-01,-1.0826948619150296e-02,-1.4963224899762417e-01,8.2707427190987975e-02,1.6321985565317523e-01,-1.7061826381642511e-02,5.4591293060898072e-01,-3.0587086569541389e-02,6.7956122135721742e-01,-2.7571367683500442e-01,-8.0227835340427567e-01,1.2508309381686905e-01,-4.6981551415467872e-02,-2.2040836158218763e-01,4.2064287398579653e-01,-1.7325652500943048e-02,-4.5795637100978281e-01,1.6480574121251559e-01,5.1763799280032363e-01,-2.1419167828320324e-01,6.8254818887520097e-01,7.6172723995905120e-02,4.5134282575059498e-01,-2.4618920212295420e-02,-3.3816605718292653e-01,1.1706912292210762e-01,4.7047633955355633e-01,1.4329050892375117e-01,-8.3114240107131543e-01,1.4058524949830684e-01,4.7636851536222524e-01,-3.2224528151119258e-02,-5.3423530636403774e-02,1.0203338476152901e-01,-2.0760193888090051e-01,-4.6786665767794250e-02,2.0052151214541489e-01,-9.7928792397302487e-03,6.3172919534506222e-01,-5.7132105990153559e-02,7.4240928984467502e-01,-3.2200172033477581e-01,5.3675982805025442e-05,5.3679671515613595e-05,5.5870284147070435e-05,5.3640069513731043e-05,-8.8307467761478065e-01,4.1780587551823672e-01,-8.7561862405958513e-01,4.2243778830594292e-01,-6.3877492109435238e-03,-2.5807160002966040e-02,-8.8011202388915555e-01,3.3939425562520964e-01
2.1413115934676831e+06,-7.2211556755744755e-01,5.8192185896962706e-02,-3.7181194803785483e-02,2.1762667243977152e-01,4.6263612858943082e-01,-3.6679936301721006e-02,-4.9118766678117426e-01,2.1351237004061976e-01,5.0322724865084711e-01,7.7116618055362504e-02,5.8887883702162391e-01,-1.2487149607712053e-01,4.8102657389785347e-01,-3.5636690285577852e-02,-3.6067454317870301e-01,1.6023993157063895e-01,3.5893760894500193e-01,-2.4054133260652666e-01,-7.4727285873138261e-01,-5.6501094823612763e-02,5.0164447367133591e-01,-3.4387911529638708e-02,-1.4309251538689882e-01,-8.9661093087634435e-03,-1.4962362368274110e-01,8.3033556201617370e-02,1.6473241679106804e-01,-1.1796046651785963e-02,5.4607777041015193e-01,-3.0581343099736626e-02,6.7861677097950734e-01,-2.7623830499088120e-01,-8.1209187803406446e-01,1.2256754245192641e-01,-4.2905578952898607e-02,-2.3560784714124894e-01,4.2035925554316117e-01,-1.7331209619309677e-02,-4.5866694268528546e-01,1.6730636624962733e-01,5.2809899651907044e-01,-2.2724910033139972e-01,6.8717960525399335e-01,9.0517857768810953e-02,4.5118966228731661e-01,-2.4596759167437390e-02,-3.3738694538405617e-01,1.1739148595824210e-01,4.7245368652050085e-01,1.6106018943003908e-01,-8.4397553085256527e-01,1.4649531220945389e-01,4.7637122943139271e-01,-3.2156494873848959e-02,-5.2864077255815781e-02,9.8355843499911139e-02,-2.1042467539369433e-01,-4.9498663007883179e-02,2.0479986936898445e-01,-1.4988503484963748e-02,6.3206483911853617e-01,-5.7185250167849505e-02,7.4146363538968330e-01,-3.2086986323648148e-01,5.3675856345137098e-05,5.3679433350988359e-05,5.5827109369116559e-05,5.3639602975014671e-05,-2.5921556906567944e-01,-9.4173487255542132e-01,-2.6510913840955430e-01,-9.3509425930700241e-01,2.3781500314487496e-02,-3.9041399461432215e-03,-1.7890489170254675e-01,-9.2539644321910741e-01
2.2293582740229913e+06,-7.1842780877121004e-01,5.7527006312098283e-02,-3.3007449200595285e-02,2.2717403164958139e-01,4.6251269049535337e-01,-3.6661343611671934e-02,-4.9319681879762028e-01,2.1294024844350820e-01,5.0694045226251283e-01,8.8090904739076506e-02,5.8284259157136731e-01,-1.3298304142732095e-01,4.8095875173936098e-01,-3.5634535896350752e-02,-3.6063975751979893e-01,1.5989958532557869e-01,3.5164085331532824e-01,-2.5072888977690361e-01,-7.4706600684168523e-01,-6.4374305347809690e-02,5.0164306388231639e-01,-3.4410553270572214e-02,-1.4102717523954447e-01,-7.1799898776467534e-03,-1.4938135602797611e-01,8.3501150131287116e-02,1.6619049539189934e-01,-6.4452508452378932e-03,5.4624367761433512e-01,-3.0574678098799761e-02,6.7769040319874851e-01,-2.7673080318447080e-01,-8.2335247753452223e-01,1.1946712252035591e-01,-3.7956407136287423e-02,-2.5210799788225779e-01,4.2007620661658995e-01,-1.7335481758714980e-02,-4.5939000276569564e-01,1.6968063877412842e-01,5.4013977286668591e-01,-2.4089099495972593e-01,6.9233329536558597e-01,1.0637223196413623e-01,4.5103584643429417e-01,-2.4573869006369001e-02,-3.3662486980925760e-01,1.1770104472779375e-01,4.7441359947051287e-01,1.8059358929241398e-01,-8.5866835902152194e-01,1.5222335832920783e-01,4.7637134862653085e-01,-3.2087599547057394e-02,-5.2348947959564698e-02,9.4847098235357086e-02,-2.1339400251307300e-01,-5.2820296488136124e-02,2.0958331544130560e-01,-2.0246332736681496e-02,6.3240259347514827e-01,-5.7240569487549159e-02,7.4058280502583362e-01,-3.1977044547930511e-01,5.3675833467077808e-05,5.3679297644063414e-05,5.5784633791299519e-05,5.3639229902646121e-05,9.3795866925957139e-01,-2.7189128108292232e-01,9.3116325836948721e-01,-2.7773464418564942e-01,5.8353104552832701e-03,2.1000746024584589e-02,9.2286906255406254e-01,-1.8759385749474555e-01
2.3210252674652506e+06,-7.1450088977081128e-01,5.6738852591526057e-02,-2.8717562257379495e-02,2.3695120454474483e-01,4.6239002704362725e-01,-3.6643032309346922e-02,-4.9512345573027255e-01,2.1239182525959249e-01,5.1044926799341039e-01,9.9226280777900397e-02,5.7656197417950705e-01,-1.4121184882595778e-01,4.8089115882957378e-01,-3.5632525433330002e-02,-3.6060035369273680e-01,1.5956950027553279e-01,3.4410453335310426e-01,-2.6114090302829696e-01,-7.4656471528293056e-01,-7.2394497388736934e-02,5.0164117597254065e-01,-3.4433330767441740e-02,-1.3906756870245798e-01,-5.4626040016479138e-03,-1.4895920276049684e-01,8.4104256346858683e-02,1.6752308930507445e-01,-1.0531648519992720e-03,5.4640906827415547e-01,-3.0567531360548430e-02,6.7678666131695064e-01,-2.7719599925551758e-01,-8.3605618264619952e-01,1.1591033025432980e-01,-3.2408425522887641e-02,-2.6984649493713242e-01,4.1979512234643934e-01,-1.7339423214698824e-02,-4.6009975893750193e-01,1.7194459254074027e-01,5.5354940055305046e-01,-2.5514819075589790e-01,6.9820576227898412e-01,1.2359250275739248e-01,4.5088259186676027e-01,-2.4550759376326687e-02,-3.3589851010169014e-01,1.1798604119789671e-01,4.7662728820473443e-01,2.0174248635164485e-01,-8.7509998999336103e-01,1.5788097302053261e-01,4.7637027070974491e-01,-3.2018191691312529e-02,-5.1880759916808322e-02,9.1499152532042313e-02,-2.1657683752152571e-01,-5.6697420826650399e-02,2.1482159815039839e-01,-2.5594488983966598e-02,6.3273920317497545e-01,-5.7296778509472061e-02,7.3976643125769070e-01,-3.1870205884899849e-01,5.3675769200987665e-05,5.3679120088821400e-05,5.5742800146721371e-05,5.3638832258810558e-05,4.5942585615077403e-01,8.6152841686405757e-01,4.6376569044518762e-01,8.5360979762811784e-01,-1.6503053897034096e-02,1.0698217529958276e-02,3.7003219037872609e-01,8.6512017936986951e-01
2.4164614342093812e+06,-7.1029565791078819e-01,5.5774305006528524e-02,-2.4050506995053039e-02,2.4709019213782937e-01,4.6226774922024716e-01,-3.6625238065357474e-02,-4.9696212522849254e-01,2.1185544465870271e-01,5.1391974262271423e-01,1.1070342383904298e-01,5.6982788873809198e-01,-1.4961642516694831e-01,4.8082359759301840e-01,-3.5630673113223509e-02,-3.6055506881817706e-01,1.5922930525876214e-01,3.3602248137908197e-01,-2.7186592310193430e-01,-7.4583218154251241e-01,-8.0721069505598153e-02,5.0163867102877480e-01,-3.4456117372972953e-02,-1.3723271443950347e-01,-3.7695024004228105e-03,-1.4827262928850421e-01,8.4815061249092771e-02,1.6875341220292348e-01,4.4569476553910914e-03,5.4657457107146423e-01,-3.0559794842541219e-02,6.7591286382319293e-01,-2.7764502662702928e-01,-8.5063421482383728e-01,1.1150088335907152e-01,-2.5711309542867097e-02,-2.8926176961014932e-01,4.1951523612070729e-01,-1.7342323888703545e-02,-4.6077438388837816e-01,1.7409868766719064e-01,5.6900244345612083e-01,-2.7016187353455978e-01,7.0473794589523986e-01,1.4283795167310653e-01,4.5072947329238278e-01,-2.4527333317081408e-02,-3.3518377455350434e-01,1.1825914686929291e-01,4.7879069580056027e-01,2.2521100269948577e-01,-8.9392654012813311e-01,1.6325559431190217e-01,4.7636757520881756e-01,-3.1948527562766629e-02,-5.1513385318965932e-02,8.8286764640440385e-02,-2.1992451991497172e-01,-6.1315121359809308e-02,2.2070258324095390e-01,-3.1049344981031075e-02,6.3307596582919567e-01,-5.7354212427724413e-02,7.3902303636536559e-01,-3.1765235253352270e-01,5.3675802603227813e-05,5.3679039253035981e-05,5.5701651240498371e-05,5.3638514089404717e-05,-6.0662640656688627e-01,7.6477211190431338e-01,-5.9758873647443944e-01,7.6560147575391480e-01,-1.5640942689861197e-02,-8.2943778640472057e-03,-6.4812240662575915e-01,6.8096243344648044e-01
2.5158217555288514e+06,-7.0587209444930610e-01,5.4836897672503659e-02,-1.9524893352812753e-02,2.5735532457573423e-01,4.6214734046217226e-01,-3.6607152171459226e-02,-4.9867577730211876e-01,2.1126975055483616e-01,5.1687346543261703e-01,1.2225898648620931e-01,5.6312529518669074e-01,-1.5816530820707667e-01,4.8075730303917141e-01,-3.5628439823214397e-02,-3.6050964423601778e-01,1.5890475856157740e-01,3.2802894655192616e-01,-2.8278717480290649e-01,-7.4460554547256552e-01,-8.9048268602179959e-02,5.0163673895291883e-01,-3.4478506730004223e-02,-1.3556147587058892e-01,-2.0428738666605599e-03,-1.4742383162581693e-01,8.5596143290655652e-02,1.6968745685935480e-01,9.9903527367324746e-03,5.4673678028817052e-01,-3.0553064500599369e-02,6.7509296698241050e-01,-2.7809716756732772e-01,-8.6690793514161424e-01,1.0671936098001908e-01,-1.8611151538004318e-02,-3.1005720766635364e-01,4.1923929294424306e-01,-1.7346412964737518e-02,-4.6132353379032642e-01,1.7615875006882895e-01,5.8574453411922589e-01,-2.8603016033105177e-01,7.1238109882870271e-01,1.6350446679291364e-01,4.5057907948662418e-01,-2.4505301122454581e-02,-3.3450533602100974e-01,1.1849991088097708e-01,4.8157843477481599e-01,2.5038500391854501e-01,-9.1459713635680773e-01,1.6875070837731171e-01,4.7636629137481457e-01,-3.1880297948649085e-02,-5.1333766844498460e-02,8.5193308503719617e-02,-2.2354458732902499e-01,-6.6429705913773646e-02,2.2695795970026811e-01,-3.6700386476289044e-02,6.3340603172168441e-01,-5.7408704285764597e-02,7.3838246846790934e-01,-3.1660825946085080e-01,5.3675721545582042e-05,5.3678843448756852e-05,5.5661100136965229e-05,5.3638093158479985e-05,-9.7470781573461973e-01,-4.8713601029242007e-02,-9.7012201073555893e-01,-4.0848736190298371e-02,-3.6636876539247899e-03,-1.5470515251400243e-02,-9.2943657604004137e-01,-1.3534342478968225e-01
2.6192675852338253e+06,-7.0097820001581135e-01,5.3351841649074971e-02,-1.4103787958255162e-02,2.6819666068094666e-01,4.6202533733885010e-01,-3.6590798853539629e-02,-5.0043330120539675e-01,2.1088118268857145e-01,5.2040759456244667e-01,1.3429778144764859e-01,5.5520975066382394e-01,-1.6677759467401740e-01,4.8068897490910761e-01,-3.5627659548846245e-02,-3.6045791842722008e-01,1.5858231001006604e-01,3.1870936226649249e-01,-2.9401660636537985e-01,-7.4345879985824626e-01,-9.7992720231362573e-02,5.0163203251409927e-01,-3.4502292209803186e-02,-1.3382123887544392e-01,-6.2741010850669854e-04,-1.4627492969107991e-01,8.6633758109372322e-02,1.7094089191837220e-01,1.5641362233742906e-02,5.4690451619562852e-01,-3.0542205633401057e-02,6.7421917709742119e-01,-2.7845531319046168e-01,-8.8582044974825869e-01,9.9780760642187355e-02,-8.7314889088643544e-03,-3.3340277000289981e-01,4.1896111259622659e-01,-1.7346438281262925e-02,-4.6213040915562814e-01,1.7810614788943460e-01,6.0662394610342363e-01,-3.0234648793602981e-01,7.1989533525683713e-01,1.8790825345070711e-01,4.5042459321673367e-01,-2.4479150643256647e-02,-3.3385624458459678e-01,1.1874800594143607e-01,4.8299253701948985e-01,2.7960147823510062e-01,-9.3940173911406843e-01,1.7283648063686835e-01,4.7635816630540145e-01,-3.1807034960153385e-02,-5.0822871363959660e-02,8.2320531059992097e-02,-2.2730694478337843e-01,-7.3038858899846237e-02,2.3476206673929062e-01,-4.2187520146619403e-02,6.3374694862704506e-01,-5.7473276922962654e-02,7.3767596399906266e-01,-3.1566302429187132e-01,5.3675718333530906e-05,5.3678726444567129e-05,5.5621229034827225e-05,5.3637786428905858e-05,-6.9320021621184991e-01,-6.8658012145027092e-01,-6.9507475888955383e-01,-6.7767159691985657e-01,5.5089014584454032e-03,-1.3133050634575394e-02,-5.9790116025309537e-01,-7.2319194630394068e-01
2.7269669116977938e+06,-6.9583212153589558e-01,5.1944947598663138e-02,-8.7360293951584678e-03,2.7921004393507748e-01,4.6190558649924823e-01,-3.6573979341979368e-02,-5.0203120501285814e-01,2.1038647621709289e-01,5.2337651026050636e-01,1.4651409548944272e-01,5.4729356692631581e-01,-1.7560070606355546e-01,4.8062242631541618e-01,-3.5626166532333588e-02,-3.6040708152402839e-01,1.5826272980376030e-01,3.0939026533085223e-01,-3.0549533996911249e-01,-7.4174159231179893e-01,-1.0697804722272064e-01,5.0162847408414524e-01,-3.4525225054094090e-02,-1.3230094715268301e-01,9.2551841929757600e-04,-1.4489143953208966e-01,8.7674175868675208e-02,1.7180828757474734e-01,2.1368124743024672e-02,5.4706767161114267e-01,-3.0533232349525517e-02,6.7342557829154892e-01,-2.7884661923992971e-01,-9.0714301048634083e-01,9.1877622240096227e-02,2.2340952526710006e-03,-3.5873913548536202e-01,4.1868751158109857e-01,-1.7348040496950743e-02,-4.6271946949055742e-01,1.7996909052326582e-01,6.2970481861013083e-01,-3.1971535919184935e-01,7.2860838284422125e-01,2.1469362354180599e-01,4.5027389053901656e-01,-2.4455367877937464e-02,-3.3322447671410799e-01,1.1896878969676933e-01,4.8476517401415131e-01,3.1152374365066937e-01,-9.6700965524621607e-01,1.7671835383981332e-01,4.7635281770801380e-01,-3.1736696213738536e-02,-5.0639673315258794e-02,7.9521602325119678e-02,-2.3129997065739302e-01,-8.0384983001837204e-02,2.4316704536263731e-01,-4.7905592453097980e-02,6.3407862894136091e-01,-5.7532688227623682e-02,7.3710718837185774e-01,-3.1469783638768217e-01,5.3675672506562330e-05,5.3678565980044010e-05,5.5581965058976771e-05,5.3637415976652797e-05,-2.7678709900069065e-01,-9.3529274449299316e-01,-2.8274593702801692e-01,-9.2844214342513354e-01,9.1026529891256869e-03,-8.8927107620189773e-03,-1.7096372926269326e-01,-9.2171430401504473e-01
2.8390946306582689e+06,-6.9019536472256193e-01,5.0097739764177557e-02,-2.5682358809893668e-03,2.9074717290049384e-01,4.6178532315293741e-01,-3.6558345572705507e-02,-5.0361254106193287e-01,2.0998658927365293e-01,5.2666426810509315e-01,1.5925754367468337e-01,5.3830831151174097e-01,-1.8452988465778092e-01,4.8055497769801814e-01,-3.5625512030821926e-02,-3.6035319092293239e-01,1.5794054835719376e-01,2.9888155031269870e-01,-3.1727752877726129e-01,-7.3989470141176161e-01,-1.1654877893158777e-01,5.0162333311352680e-01,-3.4548858397198443e-02,-1.3080125773049350e-01,2.3246401184865186e-03,-1.4314680947388220e-01,8.8860216200297770e-02,1.7280470177564750e-01,2.7260173091532544e-02,5.4723337347852652e-01,-3.0521828296495395e-02,6.7262153062527430e-01,-2.7918865548299893e-01,-9.3184969243750948e-01,8.0925775584098913e-02,1.6833128737399984e-02,-3.8714405857075973e-01,4.1841358789192862e-01,-1.7346982350423396e-02,-4.6340822452477393e-01,1.8173594301599255e-01,6.5795221103772139e-01,-3.3748954651890900e-01,7.3717645761851924e-01,2.4636068203698555e-01,4.5012145584569324e-01,-2.4429331021058782e-02,-3.3261042410568953e-01,1.1918971731710999e-01,4.8473188608403839e-01,3.4857239288021069e-01,-9.9976508796782393e-01,1.7852532746290412e-01,4.7634355173056919e-01,-3.1663765594063795e-02,-5.0344190775336015e-02,7.6879401764715999e-02,-2.3531859812390071e-01,-8.9500536020840210e-02,2.5334542519094516e-01,-5.3422145472061047e-02,6.3441521361320197e-01,-5.7597824679037617e-02,7.3653298105056697e-01,-3.1378723847911982e-01,5.3675698576159346e-05,5.3678478556300405e-05,5.5543359237749242e-05,5.3637127003314795e-05,-2.2565131346200740e-02,-9.7481745082465510e-01,-3.0111140005285052e-02,-9.6987162201976262e-01,9.2751509710705879e-03,-6.5271377167689035e-03,8.0778736586934005e-02,-9.3299762520835006e-01
2.9558328292345204e+06,-6.8421465674550797e-01,4.8220297689334890e-02,3.7118403584284754e-03,3.0247964096880153e-01,4.6166697398428591e-01,-3.6542478418825020e-02,-5.0507271427012590e-01,2.0953181389211548e-01,5.2955052809568426e-01,1.7218409832981776e-01,5.2906153822371904e-01,-1.9359784078579365e-01,4.8048889852262011e-01,-3.5624444217216243e-02,-3.6030150233707076e-01,1.5762939202184129e-01,2.8811836157133475e-01,-3.2924969859299608e-01,-7.3753424299776960e-01,-1.2622661141943131e-01,5.0161889372985824e-01,-3.4571978851454424e-02,-1.2946206453644682e-01,3.7773199410506934e-03,-1.4114907792920939e-01,9.0074215860662138e-02,1.7353199012993700e-01,3.3208210321958073e-02,5.4739554322100259e-01,-3.0511518599496534e-02,6.7187436984477644e-01,-2.7954232469712104e-01,-9.5974564809816432e-01,6.7629214029818335e-02,3.4045990182845064e-02,-4.1822125132798221e-01,4.1814369066328649e-01,-1.7346960197175111e-02,-4.6396088339936348e-01,1.8342266967459961e-01,6.9022420906869775e-01,-3.5594574619735098e-01,7.4634158574195308e-01,2.8205086807916191e-01,4.4997197588829724e-01,-2.4404805483318907e-02,-3.3202288756807818e-01,1.1938841145578595e-01,4.8389717240035812e-01,3.8988358741640322e-01,-1.0368567191678961e+00,1.7892527373613223e-01,4.7633600388106334e-01,-3.1592632121612119e-02,-5.0246742581189628e-02,7.4333799644686588e-02,-2.3944939794619596e-01,-9.9942092701042873e-02,2.6476808708830724e-01,-5.8933775661824409e-02,6.3474461682960381e-01,-5.7659751288966235e-02,7.3605392250789670e-01,-3.1288310230186994e-01,5.3675636231303715e-05,5.3678302949966352e-05,5.5505334815480128e-05,5.3636751653953346e-05,-5.6327573130968075e-03,-9.7473450198365330e-01,-1.3252929274378784e-02,-9.7006340092966314e-01,7.7000924319391515e-03,-6.5077491797426766e-03,1.0191709034019975e-01,-9.2995780042841958e-01
3.0773710816235850e+06,-6.7765253520140933e-01,4.5815190896448976e-02,1.0952778133193064e-02,3.1471621030886848e-01,4.6154827349864425e-01,-3.6527770332864543e-02,-5.0651862695183625e-01,2.0916135822419271e-01,5.3281136998687384e-01,1.8569808784479264e-01,5.1853747600747013e-01,-2.0269521820132105e-01,4.8042206362167156e-01,-3.5624197984765946e-02,-3.6024858484549943e-01,1.5731784361261256e-01,2.7594040218552696e-01,-3.4143678998636245e-01,-7.3501339309656877e-01,-1.3658548148043320e-01,5.0161301912444822e-01,-3.4595775623798522e-02,-1.2813954816677592e-01,5.0893968700357131e-03,-1.3872126486716962e-01,9.1381056903901636e-02,1.7440866707532551e-01,3.9352422804016497e-02,5.4755986176688931e-01,-3.0498846929610673e-02,6.7111839203814405e-01,-2.7985160009865928e-01,-9.9187622881771542e-01,4.8921012065366198e-02,5.7345476861086611e-02,-4.5294291955771432e-01,4.1787378528030295e-01,-1.7344386415484227e-02,-4.6460120800383686e-01,1.8502451286298932e-01,7.3019603081517848e-01,-3.7378024777930435e-01,7.5411447971510381e-01,3.2499057839974244e-01,4.4982108658178133e-01,-2.4378119436835294e-02,-3.3145274320740875e-01,1.1958681401921771e-01,4.7916773728947926e-01,4.3836573391709671e-01,-1.0810068444453362e+00,1.7499647953989944e-01,4.7632492955683359e-01,-3.1519040571737433e-02,-5.0044163904751839e-02,7.1928444392664423e-02,-2.4320212121302062e-01,-1.1293469519644046e-01,2.7874171964256861e-01,-6.3774928428091404e-02,6.3507809716731611e-01,-5.7727156823853168e-02,7.3556621639294273e-01,-3.1202826380842780e-01,5.3675621390934087e-05,5.3678177522574342e-05,5.5467947662234739e-05,5.3636436697646062e-05,-2.3746753962408051e-01,-9.4500066066887745e-01,-2.4379038910863871e-01,-9.3885475370591964e-01,4.4515119328332334e-03,-7.7505953244478426e-03,-1.1707280743069100e-01,-9.2716516514776626e-01
3.2039067569547356e+06,-6.7053393685612261e-01,4.3003854373211997e-02,1.9042142061461084e-02,3.2732343289033305e-01,4.6143024027198193e-01,-3.6513644492342574e-02,-5.0789323912647910e-01,2.0879826641864091e-01,5.3622866326849361e-01,1.9971618910123484e-01,5.0692940514238349e-01,-2.1179028271587969e-01,4.8035550523025466e-01,-3.5624174437045832e-02,-3.6019637564569007e-01,1.5700587147282102e-01,2.6254318037556146e-01,-3.5374245263683746e-01,-7.3219009425170800e-01,-1.4750094275183126e-01,5.0160678140222570e-01,-3.4619602953730663e-02,-1.2691446024908243e-01,6.3774117890934290e-03,-1.3584629731185188e-01,9.2683934319067657e-02,1.7526978254288417e-01,4.5671244236189006e-02,5.4772360735775460e-01,-3.0485468747053358e-02,6.7039035577498085e-01,-2.8015047415166588e-01,-1.0283007475536938e+00,2.3367579215161978e-02,8.8095029641607564e-02,-4.9109384579923226e-01,4.1760566820906192e-01,-1.7340727025005356e-02,-4.6520395602201886e-01,1.8654637575884347e-01,7.7888981375688415e-01,-3.8999981370887205e-01,7.5953855240704293e-01,3.7617098658707604e-01,4.4967091736827075e-01,-2.4351059095625453e-02,-3.3089687005534041e-01,1.1977848576375238e-01,4.6917041984164154e-01,4.9464845824687126e-01,-1.1327349269342073e+00,1.6518979811028209e-01,4.7631294556907006e-01,-3.1445246673274738e-02,-4.9911813591717230e-02,6.9631113831647828e-02,-2.4617097070749289e-01,-1.2871661024184988e-01,2.9543540179564992e-01,-6.7583053327452347e-02,6.3541025439626186e-01,-5.7795855581183643e-02,7.3512533811793301e-01,-3.1119769953829524e-01,5.3675630186731077e-05,5.3678078770064903e-05,5.5431175369123098e-05,5.3636141135390870e-05,-6.6738907118771928e-01,-7.0937059078889630e-01,-6.7009023094494180e-01,-7.0113810467811177e-01,-7.6008177509251178e-04,-7.8657781067451929e-03,-5.4875443825662129e-01,-7.5517363848133812e-01
3.3356453398023443e+06,-6.6278439392590038e-01,3.9551761450677514e-02,2.8178988135156097e-02,3.4016881269052912e-01,4.6131228637080562e-01,-3.6500472426817060e-02,-5.0927805295828099e-01,2.0852555689232866e-01,5.4007767197933521e-01,2.1416995708343964e-01,4.9388381460809838e-01,-2.2064649883040896e-01,4.8028840401508704e-01,-3.5625003353088651e-02,-3.6014577450701479e-01,1.5671023992791727e-01,2.4761107405427984e-01,-3.6591097693220354e-01,-7.2921971329769775e-01,-1.5907436928760585e-01,5.0159924998867578e-01,-3.4644270118990204e-02,-1.2566163483590378e-01,7.4947309782237466e-03,-1.3252284287322250e-01,9.3997085751050410e-02,1.7634973029640116e-01,5.2151233164622023e-02,5.4788882079280798e-01,-3.0469740229924248e-02,6.6964119752390105e-01,-2.8039887271694153e-01,-1.0683051901487310e+00,-1.2279399086453147e-02,1.2950889585691383e-01,-5.3168280733650486e-01,4.1733841522012655e-01,-1.7335181631958182e-02,-4.6591875953983175e-01,1.8800508003441188e-01,8.3865772041799769e-01,-4.0160499395716814e-01,7.5938613140170608e-01,4.3746216336331023e-01,4.4951981612025088e-01,-2.4321832310971805e-02,-3.3037326288107249e-01,1.1996175505783327e-01,4.4999155051692863e-01,5.5968642907400945e-01,-1.1927739999592890e+00,1.4558391440692614e-01,4.7629788330947648e-01,-3.1368637615651063e-02,-4.9608331153571911e-02,6.7461179853316386e-02,-2.4743623256431727e-01,-1.4806158070203376e-01,3.1564428243561532e-01,-6.9240432775100086e-02,6.3574506471308001e-01,-5.7869883767641565e-02,7.3465038187201281e-01,-3.1041686269203089e-01,5.3675535164451339e-05,5.3677882661773330e-05,5.5394972977540034e-05,5.3635791382746529e-05,-9.7312571564080264e-01,-2.7481094985644532e-02,-9.6955133529698678e-01,-1.9783631638290729e-02,-5.8433020676278823e-03,-3.7948878364111932e-03,-9.2041668737759552e-01,-1.4929543457362143e-01
3.4728007638776274e+06,-6.5450217255823251e-01,3.5709629253187353e-02,3.8360238183586269e-02,3.5313367709744597e-01,4.6119612664973320e-01,-3.6487230323008719e-02,-5.1050192397221894e-01,2.0815764887613486e-01,5.4404523385000436e-01,2.2905420943471647e-01,4.7975755465948788e-01,-2.2925303930411794e-01,4.8022286733662028e-01,-3.5625209403971028e-02,-3.6009741633944314e-01,1.5640469269132476e-01,2.3137130687111396e-01,-3.7785556040263246e-01,-7.2589965670324719e-01,-1.7116405062167775e-01,5.0159275046746288e-01,-3.4667954490686437e-02,-1.2463854845440654e-01,8.7578008237784305e-03,-1.2865407594271394e-01,9.5085770404283426e-02,1.7725300973034000e-01,5.8777186539778301e-02,5.4805014349413816e-01,-3.0455586589801836e-02,6.6897646648084996e-01,-2.8068598494317176e-01,-1.1106815063662039e+00,-6.0622897628886507e-02,1.8404963048404560e-01,-5.7301795404186484e-01,4.1707486743296746e-01,-1.7330113746937416e-02,-4.6641710621767679e-01,1.8937877436958939e-01,9.1031456063929117e-01,-4.0587859934084236e-01,7.5102401036529265e-01,5.0959501084884629e-01,4.4937206812732772e-01,-2.4294697704212425e-02,-3.2985062751721134e-01,1.2013744732262138e-01,4.1846187712698807e-01,6.3320670104288412e-01,-1.2605354708097463e+00,1.1291876905908696e-01,4.7628524617402457e-01,-3.1295215493368292e-02,-4.9642279665928088e-02,6.5365775831694783e-02,-2.4584217126869917e-01,-1.7090601334468933e-01,3.3907224085953253e-01,-6.7844264488051614e-02,6.3607202104829408e-01,-5.7939513317723672e-02,7.3430813272389184e-01,-3.0963230373350420e-01,5.3675522187437574e-05,5.3677774256868981e-05,5.5359385923385062e-05,5.3635476789480961e-05,-4.8377926245161929e-01,8.4421654463256768e-01,-4.7553275596696071e-01,8.4507908679229260e-01,-5.0034445750479573e-03,3.5341144203282237e-03,-5.7061988822379583e-01,7.3608903064633369e-01
3.6155957594411690e+06,-6.4555776098447915e-01,3.0856239210150183e-02,5.0322640469413565e-02,3.6601231152686065e-01,4.6108000066354882e-01,-3.6475052889897767e-02,-5.1169901548579211e-01,2.0783952064768135e-01,5.4891495945915758e-01,2.4443439897976738e-01,4.6364100043507728e-01,-2.3704181367685684e-01,4.8015698700560761e-01,-3.5626096453336836e-02,-3.6005050786045345e-01,1.5609953469452242e-01,2.1285980251764619e-01,-3.8901273253683433e-01,-7.2267658043062932e-01,-1.8421316120002779e-01,5.0158526412651872e-01,-3.4692116470005148e-02,-1.2365040653913287e-01,9.9319697424409270e-03,-1.2414204068469314e-01,9.5894805609466158e-02,1.7847009056149762e-01,6.5599687987469429e-02,5.4821252315735292e-01,-3.0439479387567456e-02,6.6831509669728062e-01,-2.8094533762218454e-01,-1.1504340422939856e+00,-1.2867369323078420e-01,2.5842399797969123e-01,-6.0952155295721488e-01,4.1681202196400302e-01,-1.7322779907060430e-02,-4.6695310212321761e-01,1.9068364334188326e-01,9.9641884868865827e-01,-3.9364831931833189e-01,7.2496505596408112e-01,5.9388015655683057e-01,4.4922380326997313e-01,-2.4265888031404559e-02,-3.2934196270086746e-01,1.2031231463097673e-01,3.6434220418141239e-01,7.1361453711563572e-01,-1.3337626617855518e+00,5.7364973544671766e-02,4.7627021654844709e-01,-3.1220075918612693e-02,-4.9631706016822028e-02,6.3379323652880945e-02,-2.3846590935132833e-01,-1.9794161847509573e-01,3.6632919862625452e-01,-6.0240248211850853e-02,6.3640082852664825e-01,-5.8013468120905541e-02,7.3396914146744940e-01,-3.0888358535031196e-01,5.3675531917830878e-05,5.3677702159893279e-05,5.5324399496404478e-05,5.3635197396348430e-05,7.3763533207618814e-01,6.3365830719503202e-01,7.4047096824231751e-01,6.2606368637950072e-01,2.7588168436086754e-03,4.6073049656852674e-03,6.1005382400306174e-01,7.0227005279778054e-01
3.7642622150003603e+06,-6.3611561797636984e-01,2.4799071669695388e-02,6.4218839993186144e-02,3.7821641767640762e-01,4.6096400987213759e-01,-3.6463895377560875e-02,-5.1288241906422138e-01,2.0757652544283517e-01,5.5492536120342661e-01,2.5996685873875686e-01,4.4551252007360587e-01,-2.4340729796404673e-01,4.8009078103713743e-01,-3.5627711466288250e-02,-3.6000586140325841e-01,1.5580045867807896e-01,1.9204816984276030e-01,-3.9863165779844562e-01,-7.1981754620869154e-01,-1.9814409408315059e-01,5.0157678002472750e-01,-3.4716855520968939e-02,-1.2267530172604660e-01,1.1002025900578909e-02,-1.1902547990663941e-01,9.6230137979303354e-02,1.8011864747144279e-01,7.2516582438676175e-02,5.4837586619346268e-01,-3.0421326970602767e-02,6.6765022323294088e-01,-2.8117345593142501e-01,-1.1771301195168598e+00,-2.1949946461639591e-01,3.5471963053641931e-01,-6.3034566877613674e-01,4.1655010002201387e-01,-1.7313346792788287e-02,-4.6754206774813112e-01,1.9192875396236808e-01,1.0920847963833966e+00,-3.5417015214014724e-01,6.7111557444500802e-01,6.8430078455818621e-01,4.4907507301877359e-01,-2.4235294188788749e-02,-3.2885215010406454e-01,1.2048368736273361e-01,2.7906677747062697e-01,7.9132373265900180e-01,-1.4023441264011529e+00,-2.8805349506652311e-02,4.7625280646359264e-01,-3.1142950578110125e-02,-4.9543767972605929e-02,6.1495810038244170e-02,-2.2196737886950133e-01,-2.2724549057398397e-01,3.9526630577452987e-01,-4.3211338592127196e-02,6.3673127546870201e-01,-5.8091934030295021e-02,7.3362084795057381e-01,-3.0817054086069845e-01,5.3675507404884843e-05,5.3677616424073272e-05,5.5289988286930149e-05,5.3634913459804754e-05,5.3584674251126163e-01,-8.1070919118474660e-01,5.2825496378498216e-01,-8.1318455749721097e-01,3.3339825601051676e-03,-3.3041140832406018e-03,6.2430864831987165e-01,-6.8807518795014933e-01
3.9190415538792149e+06,-6.2648558636796048e-01,1.7282921395768619e-02,8.0130970953892378e-02,3.8890824713906869e-01,4.6084780254115160e-01,-3.6454007049799363e-02,-5.1409120957868026e-01,2.0739942803492264e-01,5.6240620752154713e-01,2.7513332302804605e-01,4.2547604586589266e-01,-2.4751708372765530e-01,4.8002381437734748e-01,-3.5630399200385944e-02,-3.5996355290517246e-01,1.5551157295945450e-01,1.6905995371372357e-01,-4.0568838992666945e-01,-7.1775655474219491e-01,-2.1281565342990069e-01,5.0156681914505497e-01,-3.4742585249039989e-02,-1.2165575853346977e-01,1.1915162793656453e-02,-1.1342377166687875e-01,9.5857881010776469e-02,1.8239831581287033e-01,7.9377015734610881e-02,5.4854127092307892e-01,-3.0400219464114933e-02,6.6695948185799780e-01,-2.8135573854328216e-01,-1.1749356541345293e+00,-3.2893005147146648e-01,4.6728993284789649e-01,-6.1991851030209077e-01,4.1628853418608924e-01,-1.7301250519783404e-02,-4.6824559297848489e-01,1.9312659715564048e-01,1.1827891459219746e+00,-2.7740461565775004e-01,5.8102081113830040e-01,7.6528580242979460e-01,4.4892500968450244e-01,-2.4201941575504281e-02,-3.2838459901928474e-01,1.2065122179015213e-01,1.5891316883138476e-01,8.4737032607244056e-01,-1.4473231397045305e+00,-1.4768059977082010e-01,4.7623190222804390e-01,-3.1062496201647607e-02,-4.9280577124246688e-02,5.9710372384679369e-02,-1.9352484478912707e-01,-2.5379187802893616e-01,4.2071513966907592e-01,-1.4289384313511622e-02,6.3706549173615679e-01,-5.8177120615546085e-02,7.3322743697469561e-01,-3.0749629233005493e-01,5.3675403438159172e-05,5.3677481498101889e-05,5.5256133706018202e-05,5.3634603510225466e-05,-9.6281785273518727e-01,-1.2643572044601054e-01,-9.6253592632177931e-01,-1.1843296743339328e-01,-3.9929580186392304e-03,-8.8791085683180419e-04,-8.8903984946876113e-01,-2.6575395499838678e-01
4.0801851262719594e+06,-6.1725312566337298e-01,9.1032296923563849e-03,9.6999879357902719e-02,3.9752516317856562e-01,4.6073396961956459e-01,-3.6443743723568817e-02,-5.1511748960587367e-01,2.0710578279185116e-01,5.7050366137329833e-01,2.8917656254749774e-01,4.0520201567804781e-01,-2.4934671320624108e-01,4.7995899908319173e-01,-3.5632132292844843e-02,-3.5992566978668994e-01,1.5521828181169550e-01,1.4563390122494255e-01,-4.0995538740934412e-01,-7.1629932912135152e-01,-2.2725177141446418e-01,5.0155851457066003e-01,-3.4766945575000124e-02,-1.2089286606777727e-01,1.3004799150987834e-02,-1.0767461337182646e-01,9.4613544929491325e-02,1.8468381350109669e-01,8.5826008109902624e-02,5.4870123612475796e-01,-3.0381615519186656e-02,6.6636749333671841e-01,-2.8158856122620524e-01,-1.1375170736304718e+00,-4.3731151650361927e-01,5.7572717712253130e-01,-5.7347395331397633e-01,4.1603170235094439e-01,-1.7290408881784229e-02,-4.6869088180190116e-01,1.9424326165436492e-01,1.2476287476373571e+00,-1.7243666700594018e-01,4.6601897320627755e-01,8.1725832225271133e-01,4.4877951230848367e-01,-2.4171675584524578e-02,-3.2792176569444909e-01,1.2081185292170382e-01,2.1897518335406096e-02,8.6476805305725413e-01,-1.4533014499766224e+00,-2.8019401160268670e-01,4.7621494444940882e-01,-3.0986566647972481e-02,-4.9404487685823784e-02,5.7997323134035578e-02,-1.5662217721263819e-01,-2.7061748040104572e-01,4.3583614222866512e-01,2.2235560996725998e-02,6.3738878614343875e-01,-5.8255555851793192e-02,7.3298247093091073e-01,-3.0682344331763006e-01,5.3675335482090713e-05,5.3677409792479743e-05,5.5222852352764379e-05,5.3634292696816283e-05,5.9845882059772360e-01,7.6380012547028808e-01,6.0464242593188933e-01,7.5838242587549198e-01,2.2773594328931242e-03,2.7281251309613820e-03,4.4196720099616976e-01,8.1451687202650735e-01
4.2479546174171586e+06,-6.0869203019579943e-01,-4.0762494889143297e-04,1.1503170170159524e-01,4.0328596254730997e-01,4.6061940795943079e-01,-3.6435182763837920e-02,-5.1615860833364469e-01,2.0688936714101103e-01,5.7995185251342640e-01,3.0173847109022917e-01,3.8439602593502481e-01,-2.4791252007697226e-01,4.7989315157148860e-01,-3.5635097445675695e-02,-3.5988973063973373e-01,1.5492221031733183e-01,1.2156860641970539e-01,-4.1036047815950449e-01,-7.1616152216586659e-01,-2.4166919096493389e-01,5.0154856103107925e-01,-3.4792287390739383e-02,-1.2010998043842476e-01,1.3966134495210919e-02,-1.0194699227668710e-01,9.2389137413463648e-02,1.8757908096802184e-01,9.1814935282800894e-02,5.4886407877056109e-01,-3.0359546670001829e-02,6.6575693017801230e-01,-2.8178328719746915e-01,-1.0627744912174018e+00,-5.2561858067322031e-01,6.6087807896447692e-01,-4.9068457522027792e-01,4.1577425977728300e-01,-1.7275736567411472e-02,-4.6923073490849432e-01,1.9530743737967343e-01,1.2701785235492942e+00,-5.0605525064382095e-02,3.3899034014420426e-01,8.2460160864562027e-01,4.4863214957635394e-01,-2.4138193961366728e-02,-3.2746730398248325e-01,1.2097675582539191e-01,-1.1334254824059398e-01,8.3166581885055535e-01,-1.4104840350363692e+00,-4.0674137232395019e-01,4.7619403994239129e-01,-3.0907219717580030e-02,-4.9398791867518173e-02,5.6377126121508837e-02,-1.1564612018237565e-01,-2.7294840104588031e-01,4.3647874892382993e-01,6.1877296485922065e-02,6.3771744155709886e-01,-5.8341928306470253e-02,7.3270400832535032e-01,-3.0618547191818174e-01,5.3675306630640411e-05,5.3677417902580929e-05,5.5190158534840134e-05,5.3634050221362634e-05,-2.3497687996005620e-01,-9.4062468886758710e-01,-2.4353665262905813e-01,-9.3899328614920563e-01,-1.1889968528591907e-03,-2.8388286224795205e-03,-6.4307265430589775e-02,-9.2320905177095247e-01
4.4226224725551782e+06,-6.0115180059320983e-01,-1.0637120829894126e-02,1.3276385852909248e-01,4.0602018253841643e-01,4.6050387626725997e-01,-3.6428441242917081e-02,-5.1731380125599724e-01,2.0682222390731048e-01,5.8999456027348440e-01,3.1220751357045184e-01,3.6432266617484393e-01,-2.4365795214770830e-01,4.7982558621329729e-01,-3.5639921792994043e-02,-3.5985645123562038e-01,1.5464506405794387e-01,9.8519235221886076e-02,-4.0726956559592409e-01,-7.1717131585869143e-01,-2.5526491663453299e-01,5.0153607085288165e-01,-3.4819572266347118e-02,-1.1915262892075187e-01,1.4659199585829976e-02,-9.6711799823882616e-02,8.9490449922174142e-02,1.9101882360934314e-01,9.7149892322929948e-02,5.4903138371037952e-01,-3.0332459887097239e-02,6.6507062369731351e-01,-2.8190080130848844e-01,-9.7137266713896586e-01,-5.7794179843890769e-01,7.0844272198725677e-01,-3.9377137305349541e-01,4.1551597534540474e-01,-1.7257175813268140e-02,-4.7001913336772272e-01,1.9635567291585718e-01,1.2520807043326583e+00,6.0337953639333697e-02,2.2752832791764804e-01,7.9178903986946592e-01,4.4848155497539177e-01,-2.4099742337311075e-02,-3.2704237349625992e-01,1.2113581575352628e-01,-2.1939065500529073e-01,7.6180905299669166e-01,-1.3348352577872786e+00,-5.0159368232631718e-01,4.7616719471162550e-01,-3.0821471858517337e-02,-4.9003871304099167e-02,5.4836512206308141e-02,-7.9710337003889978e-02,-2.6239582267456679e-01,4.2506082430655251e-01,9.5893652051600317e-02,6.3805450755690807e-01,-5.8440007893501678e-02,7.3230146435969135e-01,-3.0558814690150193e-01,5.3675096872692116e-05,5.3677280792206531e-05,5.5157971330344588e-05,5.3633726410175663e-05,1.8717772060703322e-01,9.5046642383552282e-01,1.9665107634938411e-01,9.5007330101414633e-01,1.2020495503790225e-03,2.3696079801202533e-03,1.0607693071650553e-02,9.2410630982267161e-01
4.6044723393591009e+06,-5.9459776501538253e-01,-1.9867791619012920e-02,1.4900305581240261e-01,4.0720626303334828e-01,4.6039235299451231e-01,-3.6420325744872063e-02,-5.1813815634127136e-01,2.0651245437532845e-01,5.9888862199471571e-01,3.2093694484585600e-01,3.4674270940254703e-01,-2.3864655376798385e-01,4.7976215991385268e-01,-3.5642364636749087e-02,-3.5982932262275746e-01,1.5435266532978051e-01,7.8114087705935725e-02,-4.0296735643589754e-01,-7.1806702502154307e-01,-2.6712353674539568e-01,5.0152744708802555e-01,-3.4843717557576009e-02,-1.1866742888485177e-01,1.5744298397026943e-02,-9.2022218214309448e-02,8.6244274459386705e-02,1.9360027537227670e-01,1.0169641893866156e-01,5.4918819221671322e-01,-3.0311674790150178e-02,6.6457100480225173e-01,-2.8213313946354512e-01,-8.8871760399473498e-01,-6.0214396073156295e-01,7.2851543539660368e-01,-3.0741141649983528e-01,4.1526512603646865e-01,-1.7242169656868020e-02,-4.7029959898065693e-01,1.9729093480561832e-01,1.2169664815107968e+00,1.4438221442732246e-01,1.4525502269163548e-01,7.4474478893378160e-01,4.4833954743169990e-01,-2.4068477624112773e-02,-3.2660948986301436e-01,1.2129244825936901e-01,-2.9072660815478474e-01,6.8611423813710370e-01,-1.2567843978448687e+00,-5.6214815999883117e-01,4.7614950442569265e-01,-3.0746057062763784e-02,-4.9376637969273697e-02,5.3371397320990624e-02,-5.3241845355663453e-02,-2.4657504556056070e-01,4.0899723563649576e-01,1.1989674359372279e-01,6.3837076698213868e-01,-5.8521978079651399e-02,7.3217996126944818e-01,-3.0498383577785404e-01,5.3675058166545342e-05,5.3677321091741684e-05,5.5126369874816837e-05,5.3633456429742112e-05,-4.8956458544649217e-01,-8.3498348193059924e-01,-4.9947752793267680e-01,-8.3190163573213072e-01,-1.8323235151023536e-03,-1.3675508601300476e-03,-3.0666565109071348e-01,-8.7040919725341925e-01
4.7937995285575576e+06,-5.8887148534301448e-01,-2.9496453628420349e-02,1.6435472744317281e-01,4.0624606011052578e-01,4.6027840160882794e-01,-3.6415099835843297e-02,-5.1914062366698777e-01,2.0640676594042173e-01,6.0791886961018482e-01,3.2803617343806563e-01,3.3009570896304508e-01,-2.3181415806731581e-01,4.7969567833780469e-01,-3.5647611842052791e-02,-3.5980383351194534e-01,1.5407061290110052e-01,5.9070872561838544e-02,-3.9640042812662374e-01,-7.1971291315519026e-01,-2.7821585855128805e-01,5.0151496925383265e-01,-3.4870712149417449e-02,-1.1792520058955668e-01,1.6482653926782342e-02,-8.7884306839692478e-02,8.2709921220882207e-02,1.9666547210164745e-01,1.0574796464593066e-01,5.4935301133439707e-01,-3.0283253733861804e-02,6.6395888245864287e-01,-2.8226455507691239e-01,-8.1408920626650605e-01,-6.0395212907322482e-01,7.2670153900639756e-01,-2.3061853658982870e-01,4.1501088470117520e-01,-1.7220608366812194e-02,-4.7093362606371481e-01,1.9822150246362483e-01,1.1694893024019071e+00,2.0713356236312264e-01,8.6061576215261421e-02,6.8693698354122568e-01,4.4819163554800234e-01,-2.4029543828085576e-02,-3.2619745401570577e-01,1.2145057557966606e-01,-3.3453694788345550e-01,6.0681078561330437e-01,-1.1783465155769270e+00,-5.9564462626806414e-01,4.7612272727680860e-01,-3.0661137523766601e-02,-4.9216434873676239e-02,5.1978978678352696e-02,-3.4327731883103632e-02,-2.2761122256984534e-01,3.9072854693990405e-01,1.3666836380155750e-01,6.3870235190507352e-01,-5.8622025692972701e-02,7.3187951313532984e-01,-3.0442147513630846e-01,5.3674922339543277e-05,5.3677290222446513e-05,5.5095295781374931e-05,5.3633186009690960e-05,9.2283586426089792e-01,2.8929338121482590e-01,9.2923591527048266e-01,2.7975580939223005e-01,1.9127863046921147e-03,-4.3179512979641337e-04,8.0698066258251666e-01,4.4490426779123327e-01
4.9909114934975002e+06,-5.8378938764569099e-01,-3.8271197332273327e-02,1.7817940643667660e-01,4.0448555379630641e-01,4.6016626930776583e-01,-3.6409944468949143e-02,-5.2001063022042104e-01,2.0623107936864199e-01,6.1592368260692287e-01,3.3392434876733568e-01,3.1534415637527863e-01,-2.2489028105958969e-01,4.7963078409003096e-01,-3.5652350509714006e-02,-3.5978333127239664e-01,1.5378873566886478e-01,4.2206906447571024e-02,-3.8949479517894114e-01,-7.2115360744412171e-01,-2.8797164812182441e-01,5.0150358873172673e-01,-3.4896779944542967e-02,-1.1736685228825437e-01,1.7322651270547659e-02,-8.4238881638753010e-02,7.9208618395690128e-02,1.9924137550803944e-01,1.0926407941709870e-01,5.4951385129713093e-01,-3.0256137604651949e-02,6.6341732605840453e-01,-2.8242709661528087e-01,-7.5449729633417162e-01,-5.9578411884605087e-01,7.1603927833872405e-01,-1.6941174738756928e-01,4.1476043998329898e-01,-1.7199229508336633e-02,-4.7139353752015856e-01,1.9908554500130088e-01,1.1242533212117838e+00,2.5087011017840766e-01,4.6088647802299820e-02,6.3332651782349725e-01,4.4804717409651540e-01,-2.3992441392921737e-02,-3.2579353253386950e-01,1.2160592914071390e-01,-3.5979718588929888e-01,5.3790829056644140e-01,-1.1119866532507254e+00,-6.1217092659741157e-01,4.7609858721929915e-01,-3.0579267491466632e-02,-4.9311263371388928e-02,5.0660416301197955e-02,-2.1691360512559821e-02,-2.0987135996975631e-01,3.7409337259264608e-01,1.4735317017394325e-01,6.3902584657902595e-01,-5.8718210362386516e-02,7.3167918570818058e-01,-3.0387413151897913e-01,5.3674809871954365e-05,5.3677284030505924e-05,5.5064754807959428e-05,5.3632908229852183e-05,-6.3714102903024772e-01,7.2652293864135631e-01,-6.3084351355271451e-01,7.3751743100475020e-01,-1.1060715228915437e-04,1.6724272428823191e-03,-7.3706878311834934e-01,5.5075601133096896e-01
5.1961283294256916e+06,-5.7920313586753336e-01,-4.6575448696620725e-02,1.9079970555822473e-01,4.0198500270444482e-01,4.6005427898444540e-01,-3.6406024440651587e-02,-5.2086379677903649e-01,2.0608368715206665e-01,6.2326761782698736e-01,3.3884245804909974e-01,3.0189553623591220e-01,-2.1773504031622945e-01,4.7956569974346980e-01,-3.5657876911669342e-02,-3.5976668371271930e-01,1.5350891101716269e-01,2.6947148836124951e-02,-3.8216597283976461e-01,-7.2254742042593012e-01,-2.9679119226786133e-01,5.0149143892733183e-01,-3.4923355408485943e-02,-1.1682990871878242e-01,1.8104984209200470e-02,-8.1000490679920281e-02,7.5760550777386138e-02,2.0165036207401871e-01,1.1238955593112808e-01,5.4967531559625971e-01,-3.0226818721070671e-02,6.6287876677927737e-01,-2.8257404189370061e-01,-7.0637108464059839e-01,-5.8200070671319937e-01,7.0058068031822784e-01,-1.1993298648994505e-01,4.1451094519228376e-01,-1.7175236489724788e-02,-4.7187130833726670e-01,1.9990852368657280e-01,1.0823697342062621e+00,2.8169852025870190e-01,1.9059379674447596e-02,5.8430535333232869e-01,4.4790259911829161e-01,-2.3953470976625424e-02,-3.2540006483419398e-01,1.2176118979488661e-01,-3.7310967988165067e-01,4.7791842496904169e-01,-1.0556941147524639e+00,-6.1806024584749308e-01,4.7607267508361234e-01,-3.0495675470045940e-02,-4.9375739547758875e-02,4.9409595252197819e-02,-1.3270364057450246e-02,-1.9367890286173611e-01,3.5933931559552895e-01,1.5415740830359254e-01,6.3935022057267188e-01,-5.8819096652796499e-02,7.3147640423297189e-01,-3.0334917819195140e-01,5.3674695875751107e-05,5.3677281265590294e-05,5.5034741510405488e-05,5.3632638509551808e-05,-7.3777304591516013e-01,-6.2285472130593389e-01,-7.4996596380813474e-01,-6.1608502341237315e-01,-1.4227996269895822e-03,1.1786000406646455e-04,-5.5679614907706021e-01,-7.3072555323985222e-01
5.4097832932997001e+06,-5.7499195091383082e-01,-5.4765878213983404e-02,2.0245462190077590e-01,3.9868042444417628e-01,4.5994050125773323e-01,-3.6404736014351735e-02,-5.2182136015552993e-01,2.0605992994764372e-01,6.3026207686821867e-01,3.4294501038826286e-01,2.8923002963174155e-01,-2.1014224252529004e-01,4.7949841858569631e-01,-3.5665702363090412e-02,-3.5975259070248844e-01,1.5323047661475506e-01,1.2821989653960975e-02,-3.7422403980411523e-01,-7.2404319207568291e-01,-3.0500667402705989e-01,5.0147642704315754e-01,-3.4952090546531492e-02,-1.1614638652791495e-01,1.8676041991219115e-02,-7.8107869524588952e-02,7.2349945484731878e-02,2.0421105214154037e-01,1.1524974660597370e-01,5.4984260543545960e-01,-3.0191198745260061e-02,6.6227228655130266e-01,-2.8266041231985028e-01,-6.6686090387803354e-01,-5.6466726025111791e-01,6.8213378264134483e-01,-7.9202962808825911e-02,4.1425912988174585e-01,-1.7145279424944381e-02,-4.7256042100042567e-01,2.0072092819195403e-01,1.0435758787492901e+00,3.0352389085358544e-01,1.0656341876547903e-03,5.3908111688552096e-01,4.4775391288677480e-01,-2.3908343773152565e-02,-3.2501636780230553e-01,1.2191905842151231e-01,-3.7825652023048184e-01,4.2486608839185624e-01,-1.0072768115912949e+00,-6.1684420176258636e-01,4.7604007315127045e-01,-3.0404883637407881e-02,-4.9124537463319476e-02,4.8209467875502086e-02,-7.7707903362472242e-03,-1.7891250305098255e-01,3.4635800182991955e-01,1.5850262063840553e-01,6.3968557188390129e-01,-5.8934625754646919e-02,7.3116659830085884e-01,-3.0284668099024376e-01,5.3674570163122100e-05,5.3677276995877957e-05,5.5005256037272458e-05,5.3632405078628380e-05,2.1949481099017742e-01,-9.3943711550916953e-01,2.0696842021536427e-01,-9.4829228981385560e-01,-7.6761982348705880e-04,-9.3766641425069264e-04,4.0524782191993791e-01,-8.2283436466041338e-01
5.6322233449725499e+06,-5.7107777851952879e-01,-6.1946235570940561e-02,2.1295491737033376e-01,3.9557227934062972e-01,4.5982956243723050e-01,-3.6402832065309580e-02,-5.2258961028511242e-01,2.0591874508911068e-01,6.3622848362409523e-01,3.4652161208224774e-01,2.7801627770426929e-01,-2.0329559832225688e-01,4.7943379947020964e-01,-3.5672251920202729e-02,-3.5974454761981534e-01,1.5295441069841886e-01,2.5940292314977076e-04,-3.6699690905889037e-01,-7.2506129253159890e-01,-3.1220456931331342e-01,5.0146365889938405e-01,-3.4979031892890186e-02,-1.1572439613506749e-01,1.9424645044314896e-02,-7.5476665922366237e-02,6.9176572028988886e-02,2.0614641905598852e-01,1.1776547415095753e-01,5.5000312011789232e-01,-3.0158973566290707e-02,6.6177054929876755e-01,-2.8280145992122774e-01,-6.3578492299888711e-01,-5.4867386229709636e-01,6.6566025613070068e-01,-4.6725937646129062e-02,4.1401284920464132e-01,-1.7117156423737838e-02,-4.7298039655032503e-01,2.0145731590640989e-01,1.0115373059765005e+00,3.1928890195169629e-01,-1.1384497952303313e-02,5.0151237152572736e-01,4.4761083737409108e-01,-2.3867244083948559e-02,-3.2464186805823814e-01,1.2207348063018827e-01,-3.8015950276874322e-01,3.8140130005653189e-01,-9.6841716110331910e-01,-6.1347752713048143e-01,4.7601282465514372e-01,-3.0320028489902104e-02,-4.9264263522877917e-02,4.7087187956164511e-02,-4.0715381945034129e-03,-1.6647061534057467e-01,3.3560330063424243e-01,1.6110400781458895e-01,6.4000738339768848e-01,-5.9041173829467442e-02,7.3100552552622755e-01,-3.0236069062559240e-01,5.3674463815472928e-05,5.3677281865340450e-05,5.4976274340544887e-05,5.3632139332289295e-05,7.2870710243550318e-01,-6.3101383709489478e-01,7.2359048664520109e-01,-6.4696149649046442e-01,-1.9534616877015491e-04,-1.0060798694873003e-03,8.1421507136487925e-01,-4.1902923739009790e-01
5.8638097106298152e+06,-5.6740220796410068e-01,-6.8647007670105425e-02,2.2263312605521865e-01,3.9236022105408008e-01,4.5971918708696385e-01,-3.6401948504468082e-02,-5.2330764002328167e-01,2.0577429603134531e-01,6.4162685475999648e-01,3.4964013908139835e-01,2.6767371735877532e-01,-1.9668255908111523e-01,4.7936951148730811e-01,-3.5679252124365082e-02,-3.5974102964263299e-01,1.5267896516377449e-01,-1.1270139676065327e-02,-3.5995634453439590e-01,-7.2589035759209697e-01,-3.1877975585970919e-01,5.0145071903918714e-01,-3.5006042004543651e-02,-1.1537183766591691e-01,2.0168008729804673e-02,-7.3062443139331690e-02,6.6146568414151938e-02,2.0786176243708426e-01,1.2004517412750673e-01,5.5016292163639202e-01,-3.0125448514708823e-02,6.6129219235026460e-01,-2.8294311267159322e-01,-6.1028442718549691e-01,-5.3312987998314154e-01,6.5001513276038514e-01,-1.9720735304057574e-02,4.1376822451278600e-01,-1.7086919446613558e-02,-4.7335826671806552e-01,2.0214887391365693e-01,9.8362999601575329e-01,3.3092900896341931e-01,-1.9949478252637348e-02,4.6856926446782105e-01,4.4746871924438159e-01,-2.3825264565142508e-02,-3.2427547866426559e-01,1.2222865252187681e-01,-3.7953441945087651e-01,3.4396155208970891e-01,-9.3571844183942732e-01,-6.0834577236570209e-01,4.7598523365188627e-01,-3.0234908635570948e-02,-4.9462322326413538e-02,4.6029567325029996e-02,-1.6169521233565104e-03,-1.5553927332086936e-01,3.2637515557485736e-01,1.6263759090868504e-01,6.4032743953004956e-01,-5.9150155598299961e-02,7.3087224934290973e-01,-3.0189469866242213e-01,5.3674379257763224e-05,5.3677307163570371e-05,5.4947803711545627e-05,5.3631886816946803e-05,8.0717466193057319e-01,-5.2547421891776314e-01,8.0425142845196151e-01,-5.4345520985906870e-01,-1.6328255867985964e-04,-8.4801888836937478e-04,8.6546298925788245e-01,-2.9442624672162265e-01
6.1049184693942750e+06,-5.6390740499078551e-01,-7.5117295647202459e-02,2.3155482048917753e-01,3.8890979950393934e-01,4.5960787663355224e-01,-3.6403132388189770e-02,-5.2409558937676426e-01,2.0571444444242423e-01,6.4666395434514623e-01,3.5233558629275491e-01,2.5787341622324483e-01,-1.9012767171602585e-01,4.7930383465385390e-01,-3.5688031625097413e-02,-3.5974100572470769e-01,1.5240852608901140e-01,-2.2009120264105925e-02,-3.5290862105210458e-01,-7.2665994694940272e-01,-3.2492109051012497e-01,5.0143574439270211e-01,-3.5034683165289154e-02,-1.1491798258829315e-01,2.0757572990019547e-02,-7.0859519808418994e-02,6.3255257002646739e-02,2.0964080743039318e-01,1.2217463285134897e-01,5.5032639686962248e-01,-3.0087078670189230e-02,6.6076761960708819e-01,-2.8304162916309861e-01,-5.8895790947267523e-01,-5.1783058702281892e-01,6.3483353771280338e-01,3.1435068740351957e-03,4.1352277862996828e-01,-1.7052135845137213e-02,-4.7388038546382372e-01,2.0283085439690252e-01,9.5875866668067034e-01,3.3957254772962231e-01,-2.5669365295428348e-02,4.3892362958574804e-01,4.4732413080772426e-01,-2.3778638573936948e-02,-3.2392147689308465e-01,1.2238284756221422e-01,-3.7699377527620859e-01,3.1093766510744314e-01,-9.0762146812315314e-01,-6.0190529637746260e-01,4.7595295547576288e-01,-3.0144417179014026e-02,-4.9436091490649078e-02,4.5013335489156328e-02,-6.2017117383433851e-05,-1.4580663623185275e-01,3.1845706917146610e-01,1.6357059925508272e-01,6.4065425458412018e-01,-5.9270173948738077e-02,7.3066400935221243e-01,-3.0144517904053625e-01,5.3674239383994643e-05,5.3677280042503639e-05,5.4919819126757092e-05,5.3631620930174027e-05,5.5882359486476640e-01,-7.8346652837867936e-01,5.4888437100084653e-01,-8.0055896620704381e-01,-4.6781950118236575e-04,-5.5383879650138673e-04,7.0323077273261991e-01,-5.8162901978716097e-01
6.3559411640505400e+06,-5.6056113419786047e-01,-8.1273099392035947e-02,2.3985072413538808e-01,3.8539071911561484e-01,4.5949629506435358e-01,-3.6405995973289841e-02,-5.2488155130833458e-01,2.0568296468391642e-01,6.5130705834920477e-01,3.5471373852720062e-01,2.4862862795546042e-01,-1.8375274623641089e-01,4.7923764264083046e-01,-3.5697950872167372e-02,-3.5974514658938689e-01,1.5213771449672719e-01,-3.2037805432228922e-02,-3.4600989956915745e-01,-7.2729970214179973e-01,-3.3064046868207747e-01,5.0141973427139175e-01,-3.5064129458427226e-02,-1.1446777625660168e-01,2.1290564092523181e-02,-6.8811187617380309e-02,6.0489060734127915e-02,2.1133685757184129e-01,1.2414956193497559e-01,5.5049134300084213e-01,-3.0045542906931032e-02,6.6023846327537472e-01,-2.8312617710015159e-01,-5.7100070643130629e-01,-5.0331618647274656e-01,6.2064122877363104e-01,2.2729396209418135e-02,4.1327758458241176e-01,-1.7013665072636311e-02,-4.7443083966490462e-01,2.0348437707528266e-01,9.3678699419302669e-01,3.4612072311564424e-01,-2.9466577794745263e-02,4.1241564497059685e-01,4.4717884029470611e-01,-2.3729200805515816e-02,-3.2357410755720689e-01,1.2253866962444218e-01,-3.7347469994388438e-01,2.8180116937100236e-01,-8.8345652492642057e-01,-5.9498483444125683e-01,4.7591833669032263e-01,-3.0051242162616038e-02,-4.9364142397240462e-02,4.4046856365398374e-02,8.8978360836231007e-04,-1.3712753231943561e-01,3.1160990652872206e-01,1.6407150341816906e-01,6.4098352265683889e-01,-5.9397087143947008e-02,7.3044402517933671e-01,-3.0101116473541850e-01,5.3674118850331095e-05,5.3677272677311572e-05,5.4892334851852337e-05,5.3631379611202616e-05,-2.7194400480370501e-01,-9.2226825381419564e-01,-2.9312963599744080e-01,-9.2532609628639062e-01,-5.9695542095891685e-04,1.0595699011186511e-04,-1.3746386066170955e-02,-9.1086419845190292e-01
6.6172854368815832e+06,-5.5734018225829707e-01,-8.7080315700074684e-02,2.4751395657981917e-01,3.8189003989614206e-01,4.5938468594666909e-01,-3.6410333768330909e-02,-5.2567708906369093e-01,2.0568308223996604e-01,6.5555458646475717e-01,3.5682013045958133e-01,2.3990941705584926e-01,-1.7766567839454697e-01,4.7917104176487324e-01,-3.5708964416395012e-02,-3.5975346703554145e-01,1.5187137180087706e-01,-4.1385006913702449e-02,-3.3937681321879865e-01,-7.2779611448546466e-01,-3.3594543122302734e-01,5.0140274059271794e-01,-3.5094426846471079e-02,-1.1400079090182146e-01,2.1756090034400495e-02,-6.6909679825942536e-02,5.7881543858881550e-02,2.1296539637365844e-01,1.2599380930228177e-01,5.5065741824982428e-01,-3.0001019377699417e-02,6.5969871874250086e-01,-2.8319373193398223e-01,-5.5582001711173190e-01,-4.8982333231581093e-01,6.0761741112846868e-01,3.9592899935368547e-02,4.1303311385086261e-01,-1.6972072232113340e-02,-4.7502283801496825e-01,2.0411794204625139e-01,9.1749570482741338e-01,3.5118050758388319e-01,-3.1977697981499326e-02,3.8879339097936788e-01,4.4703306032483059e-01,-2.3677084210115443e-02,-3.2323770958842241e-01,1.2269285681809231e-01,-3.6953559160632732e-01,2.5610692422653497e-01,-8.6268377320591838e-01,-5.8806234035220417e-01,4.7588153198580341e-01,-2.9955297525707060e-02,-4.9219196039333196e-02,4.3122108746072634e-02,1.4429815288550391e-03,-1.2942854046613650e-01,3.0574736089728061e-01,1.6433113912878622e-01,6.4131457770577760e-01,-5.9530461810518645e-02,7.3020276763047165e-01,-3.0059042645822820e-01,5.3673954133827705e-05,5.3677219719387901e-05,5.4865320724735436e-05,5.3631113760314349e-05,-9.4587606476806552e-01,1.6812212832718096e-01,-9.5175938157506312e-01,1.9046959551216064e-01,1.0307688128257071e-04,4.9442001444686718e-04,-9.0404718385473204e-01,-9.7635994126174866e-02
6.8893756916496363e+06,-5.5423692479551045e-01,-9.2505131484418107e-02,2.5467862195242164e-01,3.7850675830826502e-01,4.5927364470932808e-01,-3.6415788008610284e-02,-5.2641920506171214e-01,2.0566927832024226e-01,6.5941127967981628e-01,3.5872280554085501e-01,2.3172848315870398e-01,-1.7190203183722536e-01,4.7910482711339863e-01,-3.5720470318587709e-02,-3.5976659432967573e-01,1.5160527555688244e-01,-5.0122847081438993e-02,-3.3307173690637748e-01,-7.2812251083376933e-01,-3.4085606625911391e-01,5.0138567909680432e-01,-3.5124792855431367e-02,-1.1360858600469344e-01,2.2233627793137659e-02,-6.5113390194328796e-02,5.5408569285013254e-02,2.1441090141070052e-01,1.2769397654676296e-01,5.5082262565241835e-01,-2.9955084524279009e-02,6.5918486601057324e-01,-2.8326820140807840e-01,-5.4286035643409725e-01,-4.7745116552168121e-01,5.9586257103790174e-01,5.4319198230204840e-02,4.1279031808029815e-01,-1.6928140694066549e-02,-4.7555843461724012e-01,2.0471293659185630e-01,9.0057283081269879e-01,3.5518893688087855e-01,-3.3624025185497036e-02,3.6774890099883684e-01,4.4688839126157681e-01,-2.3624007861704020e-02,-3.2290795231745073e-01,1.2284818212196059e-01,-3.6553881288588824e-01,2.3334635891164179e-01,-8.4472889841978005e-01,-5.8141571886858656e-01,4.7584467864742752e-01,-2.9859117544867430e-02,-4.9152321827192549e-02,4.2251373330005004e-02,1.7332427796490427e-03,-1.2254609467084261e-01,3.0063496671926238e-01,1.6437870142604430e-01,6.4164352781686174e-01,-5.9666432668129217e-02,7.2999443388120400e-01,-3.0018550464937949e-01,5.3673813027497430e-05,5.3677187349071879e-05,5.4838789476671353e-05,5.3630859259054079e-05,5.7470769510589503e-01,7.6879681607866657e-01,5.9905422544173148e-01,7.6368367441443963e-01,2.8774397600679678e-04,-3.0463526129696300e-04,3.0780158613833530e-01,8.5381008945144765e-01
7.1726537827965040e+06,-5.5125650653456615e-01,-9.7505463811124932e-02,2.6149496269751016e-01,3.7534644245777171e-01,4.5916399636037164e-01,-3.6421852836390559e-02,-5.2702436216577997e-01,2.0558499697736113e-01,6.6287490872854360e-01,3.6048116921486545e-01,2.2413513584307901e-01,-1.6648615283312210e-01,4.7904009972424610e-01,-3.5731616816687732e-02,-3.5978548001526922e-01,1.5133488740194107e-01,-5.8305647283936141e-02,-3.2715256213430660e-01,-7.2824989667283835e-01,-3.4537913789690983e-01,5.0136981852195062e-01,-3.5154120505373178e-02,-1.1341186336843874e-01,2.2821910384695693e-02,-6.3381553676933267e-02,5.3043018269608486e-02,2.1552045171475026e-01,1.2921883921398974e-01,5.5098420513596702e-01,-2.9909966159014673e-02,6.5874529511334934e-01,-2.8337931601744148e-01,-5.3169200480426426e-01,-4.6625582199657423e-01,5.8545627628548103e-01,6.7377763966267962e-02,4.1255051028332917e-01,-1.6882975394751608e-02,-4.7591148820033319e-01,2.0524242247142985e-01,8.8575551337502489e-01,3.5844897430627520e-01,-3.4686735712129491e-02,3.4904958088608878e-01,4.4674703920198788e-01,-2.3572398409061807e-02,-3.2258042392464509e-01,1.2300831077718428e-01,-3.6173158673388661e-01,2.1312099211466298e-01,-8.2913195205200430e-01,-5.7522133800988362e-01,4.7581072445729439e-01,-2.9766279131274578e-02,-4.9357419296436070e-02,4.1456443857163787e-02,1.8535018883211879e-03,-1.1633605721865371e-01,2.9603936940510778e-01,1.6418132398081201e-01,6.4196500281461211e-01,-5.9799562738960338e-02,7.2988944758159746e-01,-2.9980316369202142e-01,5.3673784107468820e-05,5.3677262181163954e-05,5.4812760076514812e-05,5.3630663344809244e-05,-1.3227539762677323e-01,-9.4984169542916919e-01,-1.5780788076764110e-01,-9.5765770976960529e-01,-3.1121719943548307e-04,1.5182298011764503e-04,1.5407393652067425e-01,-8.9264497655975228e-01
7.4675797329824818e+06,-5.4835202241016012e-01,-1.0230477821991540e-01,2.6779503132197968e-01,3.7218408544691589e-01,4.5905372070224165e-01,-3.6429831575507568e-02,-5.2769966927536371e-01,2.0556947701566006e-01,6.6609988738563353e-01,3.6204945616071837e-01,2.1682723496756146e-01,-1.6128898798975153e-01,4.7897421347435776e-01,-3.5744489766289127e-02,-3.5980809483098986e-01,1.5107214689078213e-01,-6.6030636732597819e-02,-3.2142870184655120e-01,-7.2831517005754964e-01,-3.4964226179415214e-01,5.0135215157533819e-01,-3.5185072328177538e-02,-1.1311130120375502e-01,2.3276894368480155e-02,-6.1768771032560191e-02,5.0824076555223571e-02,2.1671550143160673e-01,1.3068409826610791e-01,5.5114878401557288e-01,-2.9860204838084818e-02,6.5826089577413294e-01,-2.8345405856553085e-01,-5.2197711725301532e-01,-4.5574018250726023e-01,5.7575261008374723e-01,7.8953280405780785e-02,4.1231047183158537e-01,-1.6833709025869496e-02,-4.7639331143283248e-01,2.0577496939642256e-01,8.7245339068760153e-01,3.6107869428231898e-01,-3.5256087178684767e-02,3.3193894414164488e-01,4.4660372331053882e-01,-2.3516336735944863e-02,-3.2226664062595556e-01,1.2316455361172945e-01,-3.5788056809973678e-01,1.9479069629873141e-01,-8.1537916690531409e-01,-5.6922229173113392e-01,4.7577270653038195e-01,-2.9668190390285086e-02,-4.9354375158227597e-02,4.0682729959287095e-02,1.8295602392145588e-03,-1.1073113795442406e-01,2.9209585319297943e-01,1.6402032385582396e-01,6.4229187623051764e-01,-5.9943125274747718e-02,7.2971347742006742e-01,-2.9942814248766120e-01,5.3673647475153224e-05,5.3677229092056429e-05,5.4787161259759888e-05,5.3630408088128123e-05,2.4555941854881547e-01,9.2614177204417147e-01,2.7373461236834989e-01,9.3113342256932374e-01,2.1414706626340509e-04,-1.8799211266683544e-04,-5.7562571936844949e-02,9.0221797047759755e-01
7.7746324801291237e+06,-5.4550531736168117e-01,-1.0695458483980913e-01,2.7368445477062198e-01,3.6900309957921124e-01,4.5894249122922059e-01,-3.6440075489192467e-02,-5.2843094222735909e-01,2.0561165359462455e-01,6.6913271843845101e-01,3.6346242390302158e-01,2.0973595668167117e-01,-1.5624121977672198e-01,4.7890701946677583e-01,-3.5759241670737504e-02,-3.5983464331377479e-01,1.5081128390022494e-01,-7.3397250335486136e-02,-3.1583465623627427e-01,-7.2832807626932894e-01,-3.5370262093718252e-01,5.0133261465295009e-01,-3.5217688446327042e-02,-1.1273232893295519e-01,2.3622008255322929e-02,-6.0246427213671808e-02,4.8711585981948552e-02,2.1798260064129527e-01,1.3209578537180000e-01,5.5131680568789632e-01,-2.9805329306524735e-02,6.5773914858535554e-01,-2.8349992677239455e-01,-5.1342234673771159e-01,-4.4577020086484742e-01,5.6661898599002625e-01,8.9364029211538298e-02,4.1206960287214711e-01,-1.6779434598198389e-02,-4.7698048668412324e-01,2.0630571425281236e-01,8.6036506035971438e-01,3.6321681925953869e-01,-3.5429850763113571e-02,3.1607978023590833e-01,4.4645818666865550e-01,-2.3455421359422787e-02,-3.2196095683712217e-01,1.2332043542763491e-01,-3.5399967672132326e-01,1.7795028309771896e-01,-8.0309911024861669e-01,-5.6338892481130753e-01,4.7573048903513127e-01,-2.9564682220613713e-02,-4.9185791836245961e-02,3.9931223658801862e-02,1.6908414333724475e-03,-1.0559568788848051e-01,2.8866299884611213e-01,1.6389555087126059e-01,6.4262496523468637e-01,-6.0098167251077222e-02,7.2948038059382436e-01,-2.9905892973658171e-01,5.3673473626688730e-05,5.3677159944996010e-05,5.4762011468580265e-05,5.3630146255574959e-05,-8.2090960441314587e-01,-4.9240292299442834e-01,-8.4622006182973331e-01,-4.7515510928595694e-01,1.6031112465038977e-05,2.3295345503221890e-04,-5.7682917890633278e-01,-6.9372817371143936e-01
8.0943106551789818e+06,-5.4278481200948736e-01,-1.1116154189866340e-01,2.7941800945533407e-01,3.6616753449984074e-01,4.5883370838054127e-01,-3.6450251806900584e-02,-5.2894540206914631e-01,2.0552968105695543e-01,6.7181448287180223e-01,3.6480951190844252e-01,2.0324440125125612e-01,-1.5156388191888512e-01,4.7884260396631056e-01,-3.5772643110713154e-02,-3.5986787575039997e-01,1.5054533706319576e-01,-8.0311304868472377e-02,-3.1068780828424081e-01,-7.2814081654846952e-01,-3.5740897226726681e-01,5.0131574164360382e-01,-3.5248027540314551e-02,-1.1266110812453803e-01,2.4169390549463383e-02,-5.8743595868195365e-02,4.6684581155737849e-02,2.1878097033157776e-01,1.3331046683505743e-01,5.5147791927972012e-01,-2.9753892356497606e-02,6.5733845712305305e-01,-2.8361063694731492e-01,-5.0590637681166228e-01,-4.3689166141741470e-01,5.5874832806653651e-01,9.8860626091298559e-02,4.1183343925186561e-01,-1.6725463545459625e-02,-4.7726446898759922e-01,2.0674724996843546e-01,8.4978734830263802e-01,3.6506591863405558e-01,-3.5447372695317753e-02,3.0199454976066786e-01,4.4631854809941857e-01,-2.3398792399860074e-02,-3.2165624292748818e-01,1.2348344927564926e-01,-3.5058644413029250e-01,1.6286194862302444e-01,-7.9231593586934146e-01,-5.5815921501013355e-01,4.7569458261854319e-01,-2.9468543710411358e-02,-4.9469522141417616e-02,3.9277012815850672e-02,1.5235002923851479e-03,-1.0089311770198985e-01,2.8541457802733305e-01,1.6352869563112013e-01,6.4294420541652297e-01,-6.0243980718006414e-02,7.2941672543734959e-01,-2.9872149445268575e-01,5.3673465702142559e-05,5.3677248928422188e-05,5.4737355871968648e-05,5.3629962793404001e-05,5.8702387797701627e-01,-7.5500353995359315e-01,5.7193060959063802e-01,-7.8399850598363363e-01,-1.8962827014180965e-04,1.8375037141042662e-05,7.6386057216584347e-01,-4.7655687052494899e-01
8.4271333918353729e+06,-5.4010702336107563e-01,-1.1524981087638603e-01,2.8469370212089928e-01,3.6330230725167478e-01,4.5872378913222367e-01,-3.6462739886637549e-02,-5.2957468731057533e-01,2.0553891177066699e-01,6.7434683434253240e-01,3.6601491072194087e-01,1.9688780706769468e-01,-1.4706759964189398e-01,4.7877639926742022e-01,-3.5788336501877405e-02,-3.5990433428400570e-01,1.5028791103683525e-01,-8.6900376414469127e-02,-3.0568828834238859e-01,-7.2793701997955806e-01,-3.6094717519514602e-01,5.0129637347751643e-01,-3.5280682023519375e-02,-1.1242298727316413e-01,2.4543356514443268e-02,-5.7343194642416301e-02,4.4789167528954760e-02,2.1976591375671400e-01,1.3451771963036604e-01,5.5164359472608471e-01,-2.9696332618959362e-02,6.5686757514491778e-01,-2.8367323556272639e-01,-4.9923839347233068e-01,-4.2845557247384392e-01,5.5127866479356202e-01,1.0742763400781594e-01,4.1159624521041455e-01,-1.6666509683951260e-02,-4.7773694980911352e-01,2.0721161943431063e-01,8.4013315757206153e-01,3.6661744194212376e-01,-3.5279039974752097e-02,2.8883842727404374e-01,4.4617572634407221e-01,-2.3336136377265029e-02,-3.2136569032630818e-01,1.2364086582532359e-01,-3.4721890999921079e-01,1.4891713900441850e-01,-7.8264007730321794e-01,-5.5312595338108816e-01,4.7565306689923759e-01,-2.9364952586461088e-02,-4.9453831596709220e-02,3.8622054632300590e-02,1.3040760713899299e-03,-9.6599710592484442e-02,2.8266451459000941e-01,1.6331346128849009e-01,6.4327184432499762e-01,-6.0403734185162691e-02,7.2924763882783838e-01,-2.9838250492616158e-01,5.3673305290560599e-05,5.3677186130505080e-05,5.4713097082367112e-05,5.3629695290574597e-05,9.5260142228193256e-01,7.3724508804742059e-02,9.6942874714764060e-01,4.3201586080199812e-02,-1.1433032528800481e-04,-1.0430008131931798e-04,8.1100470933937907e-01,3.8651803388223516e-01
8.7736411695971135e+06,-5.3743513561061917e-01,-1.1935153992928124e-01,2.8971063127144481e-01,3.6032050279256267e-01,4.5861148364607801e-01,-3.6478807353340484e-02,-5.3028915685187106e-01,2.0562272470106741e-01,6.7681107202337676e-01,3.6711390950018191e-01,1.9053569311707061e-01,-1.4254558846309467e-01,4.7870771218211466e-01,-3.5806952438673101e-02,-3.5994519551361520e-01,1.5002372269038147e-01,-9.3342419891035686e-02,-3.0063460382827084e-01,-7.2772940997838054e-01,-3.6442534932273429e-01,5.0127407621713238e-01,-3.5315936449884067e-02,-1.1207569813577253e-01,2.4784747782354538e-02,-5.5995207598289548e-02,4.2934828772144044e-02,2.2090809833107272e-01,1.3571099059764372e-01,5.5181581738406138e-01,-2.9630743604065431e-02,6.5634079067676565e-01,-2.8370154163692463e-01,-4.9319372395996408e-01,-4.2016792821845478e-01,5.4395594312660445e-01,1.1538085349740804e-01,4.1135575104422312e-01,-1.6599324632421843e-02,-4.7835499677027327e-01,2.0768280985632470e-01,8.3103522765228044e-01,3.6788975278733160e-01,-3.4841523731396720e-02,2.7616439254073483e-01,4.4602845510978056e-01,-2.3265760592236420e-02,-3.2107543399552424e-01,1.2380297928506387e-01,-3.4372406682034312e-01,1.3562494862922375e-01,-7.7371219374513533e-01,-5.4808690222088130e-01,4.7560494948761312e-01,-2.9252841758281085e-02,-4.9224121249462641e-02,3.7978458977710169e-02,1.0058852337835253e-03,-9.2530300932648385e-02,2.8022595219127638e-01,1.6318944811618433e-01,6.4361160099788661e-01,-6.0581772342903628e-02,7.2900085769237866e-01,-2.9804268613814999e-01,5.3673201900201723e-05,5.3677185972206088e-05,5.4689305218243689e-05,5.3629505856320690e-05,9.0317002261006074e-01,3.0883771576086233e-01,9.2854898579791334e-01,2.8167733889655544e-01,-8.3591920942233003e-05,-9.3133392144918443e-05,6.7813255428385222e-01,5.8625209965173342e-01
9.1343966914571673e+06,-5.3495449156893315e-01,-1.2282233540762347e-01,2.9461316056680065e-01,3.5792394816728595e-01,4.5850460943729993e-01,-3.6492400188760071e-02,-5.3068232308868435e-01,2.0551173388947028e-01,6.7886052448573209e-01,3.6818435705732855e-01,1.8501222727963662e-01,-1.3861882078967494e-01,4.7864464150774139e-01,-3.5821904457732895e-02,-3.5999277807956798e-01,1.4976741929591209e-01,-9.9223000799462696e-02,-2.9630101367903183e-01,-7.2729180194746790e-01,-3.6744194406139580e-01,5.0125730816122493e-01,-3.5346522130062327e-02,-1.1216737080995401e-01,2.5338390715981561e-02,-5.4666086868258607e-02,4.1220841089437528e-02,2.2137560172994336e-01,1.3665550392202802e-01,5.5197371634554571e-01,-2.9574939088996451e-02,6.5599906802060226e-01,-2.8382704007995130e-01,-4.8790334506220900e-01,-4.1320947357064325e-01,5.3814432906775522e-01,1.2264948374307069e-01,4.1112504133253752e-01,-1.6538255378778472e-02,-4.7851297068989490e-01,2.0803848811207229e-01,8.2340003819353236e-01,3.6910443796352266e-01,-3.4548024665167404e-02,2.6537935175135241e-01,4.4589261973095046e-01,-2.3206135661750327e-02,-3.2079696847602623e-01,1.2396638023405902e-01,-3.4102694078201584e-01,1.2406596276169804e-01,-7.6604075832652530e-01,-5.4390902715829426e-01,4.7556978126175059e-01,-2.9155995075611292e-02,-4.9662007595931638e-02,3.7459050088144145e-02,7.8229979398432986e-04,-8.8881763216037579e-02,2.7781876352398494e-01,1.6276213030522688e-01,6.4392325635266279e-01,-6.0735458649165172e-02,7.2900614594662605e-01,-2.9775033674035456e-01,5.3673157155431320e-05,5.3677227618801155e-05,5.4665936747829607e-05,5.3629276156867967e-05,9.3756221174800025e-01,-1.7395658727820651e-01,9.4674644484550308e-01,-2.1234362848115473e-01,-9.9232437732625986e-05,-1.7328297714950604e-05,8.7334769798214773e-01,1.9288831732565168e-01
9.5099857976907790e+06,-5.3242469840681961e-01,-1.2645741846555347e-01,2.9909648148386708e-01,3.5523366435791676e-01,4.5839332983431280e-01,-3.6510964603058610e-02,-5.3134127231203232e-01,2.0558465807227905e-01,6.8094097956860233e-01,3.6913009765949695e-01,1.7923498629101148e-01,-1.3460638133109146e-01,4.7857650181867756e-01,-3.5841918543854684e-02,-3.6004300779315873e-01,1.4951055472893193e-01,-1.0503765467044458e-01,-2.9179067113306534e-01,-7.2693509850730753e-01,-3.7050216259580482e-01,5.0123469136292054e-01,-3.5382410472070747e-02,-1.1189272486186637e-01,2.5566440021495766e-02,-5.3425371617730366e-02,3.9570698705393169e-02,2.2234640197422936e-01,1.3770209825614538e-01,5.5214462593825953e-01,-2.9505502203176021e-02,6.5549734669003124e-01,-2.8386023148193901e-01,-4.8305564010898044e-01,-4.0610512038521773e-01,5.3206159183784030e-01,1.2936850502203648e-01,4.1088783112931515e-01,-1.6465885379758641e-02,-4.7907720410090299e-01,2.0846655577315287e-01,8.1599640218865677e-01,3.7010719839827577e-01,-3.4059527900713593e-02,2.5461456834519797e-01,4.4574723345132045e-01,-2.3132763036332361e-02,-3.2052490160677394e-01,1.2412692249760618e-01,-3.3806362603059592e-01,1.1279235935938831e-01,-7.5884530707293452e-01,-5.3957924872211649e-01,4.7552132475609954e-01,-2.9041950930945117e-02,-4.9487834215632617e-02,3.6887964778466065e-02,4.8973772977412705e-04,-8.5425383685356390e-02,2.7587499046349784e-01,1.6264987040698142e-01,6.4425953205929887e-01,-6.0920916555516048e-02,7.2878739905258683e-01,-2.9743271604086430e-01,5.3672988340423944e-05,5.3677154982520396e-05,5.4642969292995426e-05,5.3629028738959872e-05,7.5603562650803299e-02,-9.4959116033305269e-01,3.8627816631020218e-02,-9.6943424458771221e-01,-2.2281625354341101e-05,7.7567775823792645e-05,4.2584478978999540e-01,-7.8414823361148134e-01
9.9010184172166567e+06,-5.2993011378356325e-01,-1.2997862884924902e-01,3.0340507463268085e-01,3.5259396637550716e-01,4.5828125123939500e-01,-3.6531991395413715e-02,-5.3199286154600078e-01,2.0566646935801330e-01,6.8290400309646937e-01,3.7001372068275107e-01,1.7360580583766064e-01,-1.3070093102201852e-01,4.7850759526847514e-01,-3.5863549760523673e-02,-3.6009850391933024e-01,1.4924931012713771e-01,-1.1066869834376251e-01,-2.8739455663139979e-01,-7.2653137160058245e-01,-3.7344265129499110e-01,5.0121099360448085e-01,-3.5419408544715411e-02,-1.1163543442461349e-01,2.5769593508257103e-02,-5.2215849860645772e-02,3.7972525041176972e-02,2.2328895648242023e-01,1.3869369329243242e-01,5.5231764820044638e-01,-2.9431552979328868e-02,6.5499426160145835e-01,-2.8389185378934068e-01,-4.7864186675870546e-01,-3.9933290762605850e-01,5.2634159537347636e-01,1.3566703873041600e-01,4.1064998844087919e-01,-1.6387927436218617e-02,-4.7964479187791043e-01,2.0887676834014421e-01,8.0914310973458570e-01,3.7098736924704478e-01,-3.3493917281655003e-02,2.4442626834461270e-01,4.4560081736041190e-01,-2.3055371474996256e-02,-3.2025486021877103e-01,1.2429186253341319e-01,-3.3521270177013263e-01,1.0214976783261703e-01,-7.5224594818292634e-01,-5.3543086838515974e-01,4.7547060342366754e-01,-2.8924293663028743e-02,-4.9307383212659081e-02,3.6349202885196052e-02,1.8160145920758514e-04,-8.2158136619710442e-02,2.7409993812004013e-01,1.6255170470339084e-01,6.4459932924505214e-01,-6.1116119834989345e-02,7.2856791437566604e-01,-2.9712271358164349e-01,5.3672885431531965e-05,5.3677148903459544e-05,5.4620443385608402e-05,5.3628838587870201e-05,-8.4094059112380348e-01,4.4538632096106456e-01,-8.3738961671526579e-01,4.8983285774609392e-01,5.8106910583870651e-05,-2.7645745768565592e-05,-8.8902728976041090e-01,4.5344174526012547e-02
1.0308129558076436e+07,-5.2758162046316059e-01,-1.3308970513642621e-01,3.0765186607099337e-01,3.5034964572432370e-01,4.5817289250229870e-01,-3.6551918286221743e-02,-5.3241476251261965e-01,2.0561632309987357e-01,6.8460206095394982e-01,3.7086876905773664e-01,1.6855329603055230e-01,-1.2716571499727167e-01,4.7844260619730977e-01,-3.5882901652134536e-02,-3.6016003222014725e-01,1.4899315313057448e-01,-1.1591467308349054e-01,-2.8346352031631750e-01,-7.2599079168169534e-01,-3.7607159104880794e-01,5.0119111145143080e-01,-3.5453198631923227e-02,-1.1169305577058157e-01,2.6182213446392863e-02,-5.1022952525918978e-02,3.6469411028069450e-02,2.2376788587294191e-01,1.3949761439431035e-01,5.5248073833415878e-01,-2.9363618108323358e-02,6.5462253080309041e-01,-2.8399073048524826e-01,-4.7468954050734846e-01,-3.9338070564413519e-01,5.2156980219371707e-01,1.4154777479934288e-01,4.1041904309612870e-01,-1.6312794237433596e-02,-4.7989018937194483e-01,2.0919885788265785e-01,8.0317696664162530e-01,3.7182110540865737e-01,-3.2997535455302915e-02,2.3541974532445176e-01,4.4546251268659731e-01,-2.2984857154754585e-02,-3.1999412652699194e-01,1.2445952745305673e-01,-3.3284555950103650e-01,9.2586745266675541e-02,-7.4640782745894130e-01,-5.3180359354306284e-01,4.7542887239084908e-01,-2.8817100677522509e-02,-4.9593265136203130e-02,3.5911429595483900e-02,-7.8576252794941570e-05,-7.9150445386622220e-02,2.7230342469999325e-01,1.6223813739744819e-01,6.4491948301148883e-01,-6.1295973540681822e-02,7.2852550856229059e-01,-2.9685226038555490e-01,5.3672847157485211e-05,5.3677196047907618e-05,5.4598331582846407e-05,5.3628639900171793e-05,8.9414280137377655e-01,-3.2269929437554873e-01,8.9677545482882881e-01,-3.6986590222733029e-01,-4.5712436786835703e-05,2.2738801414578327e-05,8.8270579751727418e-01,9.6900553066449388e-02
1.0731980338640748e+07,-5.2525751254198105e-01,-1.3612546343774670e-01,3.1161957182556826e-01,3.4810032301629790e-01,4.5806339215841746e-01,-3.6574390117000338e-02,-5.3291487464437748e-01,2.0562436180207780e-01,6.8621947902472924e-01,3.7165313843219705e-01,1.6356326577373340e-01,-1.2375870808070186e-01,4.7837606090503354e-01,-3.5904511338664805e-02,-3.6022533608831253e-01,1.4873983703291599e-01,-1.2098047346820273e-01,-2.7963897130697080e-01,-7.2544728923878854e-01,-3.7860968148815288e-01,5.0116912937716496e-01,-3.5489105165215022e-02,-1.1164077638124353e-01,2.6479361808604440e-02,-4.9887399803468499e-02,3.5045586444429552e-02,2.2437871975308923e-01,1.4030458857900183e-01,5.5264780811299341e-01,-2.9289597679367521e-02,6.5420148921996779e-01,-2.8406006105279602e-01,-4.7108081029969556e-01,-3.8766454229410602e-01,5.1699214649743119e-01,1.4701516774570386e-01,4.1018703653616773e-01,-1.6232068250739431e-02,-4.8026059599161980e-01,2.0953739201611846e-01,7.9762884391932853e-01,3.7257283771307320e-01,-3.2491107590959120e-02,2.2682419474375892e-01,4.4532158991024701e-01,-2.2908489274013212e-02,-3.1974183603026868e-01,1.2462492028496171e-01,-3.3055968692857313e-01,8.3533015188273385e-02,-7.4104497116198298e-01,-5.2832075237475673e-01,4.7538255477817198e-01,-2.8703128369758347e-02,-4.9680919337874198e-02,3.5471997007893344e-02,-3.4062530389232515e-04,-7.6335951009974298e-02,2.7075891912455513e-01,1.6204719704121129e-01,6.4524681871969569e-01,-6.1489441403210249e-02,7.2841276469818428e-01,-2.9657736293832077e-01,5.3672723798404191e-05,5.3677158758926227e-05,5.4576598399907724e-05,5.3628399544134894e-05,-4.2804161435767130e-01,8.4761599556221634e-01,-3.9555361390053850e-01,8.8566047650827973e-01,7.6933615221821933e-06,-3.9565669294581831e-05,-7.1705416761749430e-01,5.2004556310630845e-01
1.1173259061216539e+07,-5.2290936431031410e-01,-1.3919907784514629e-01,3.1532823733592447e-01,3.4573018895150709e-01,4.5795082603864606e-01,-3.6601095724651381e-02,-5.3355182752943786e-01,2.0572560454969127e-01,6.8781576275354095e-01,3.7237118837126909e-01,1.5847121131627731e-01,-1.2036341998991656e-01,4.7830618593737551e-01,-3.5929946744587868e-02,-3.6029508161532237e-01,1.4848173190964892e-01,-1.2597679370061363e-01,-2.7577866135979090e-01,-7.2492306264414941e-01,-3.8114029555946444e-01,5.0114331315067506e-01,-3.5528717135438176e-02,-1.1140686654646346e-01,2.6605026991927579e-02,-4.8797313798016689e-02,3.3665822075075638e-02,2.2523829597173894e-01,1.4115452480765564e-01,5.5282346116538461e-01,-2.9205185694453593e-02,6.5369456992021624e-01,-2.8408474845978837e-01,-4.6774039497953979e-01,-3.8198315411895267e-01,5.1239108817041989e-01,1.5215967576306338e-01,4.0995072461034304e-01,-1.6141689748383117e-02,-4.8083951657335866e-01,2.0991073647749195e-01,7.9231695731481511e-01,3.7323996785726526e-01,-3.1932148758932188e-02,2.1835527201009269e-01,4.4517466043441745e-01,-2.2821936111292102e-02,-3.1949185628616256e-01,1.2479165859128100e-01,-3.2822734353616528e-01,7.4732318754602872e-02,-7.3601605583447050e-01,-5.2485053328681563e-01,4.7532772360472803e-01,-2.8577185362487705e-02,-4.9456036418723190e-02,3.5011681318083084e-02,-6.2458584398751571e-04,-7.3646374844362261e-02,2.6947590150651840e-01,1.6203340227359328e-01,6.4559011903425290e-01,-6.1706629285894744e-02,7.2818521686743942e-01,-2.9628696192686022e-01,5.3672580322274919e-05,5.3677107078028696e-05,5.4555267389836681e-05,5.3628187284751918e-05,-8.9212297896911108e-01,-3.2216918129749178e-01,-9.2772546003009959e-01,-2.8289155308278674e-01,3.1527247474691942e-05,-2.8820403621932198e-06,-5.8800882235531626e-01,-6.5939992083085819e-01
1.1632682329799091e+07,-5.2067825249748489e-01,-1.4198468608568410e-01,3.1903087949797410e-01,3.4365754880568644e-01,4.5784097837184218e-01,-3.6627609426490411e-02,-5.3399715607506604e-01,2.0572084113324021e-01,6.8922857704636542e-01,3.7306763530558273e-01,1.5381802948416509e-01,-1.1720593445033894e-01,4.7823935230345083e-01,-3.5953866884900619e-02,-3.6037082492357631e-01,1.4822551762681105e-01,-1.3069813644287381e-01,-2.7223855517366391e-01,-7.2430535935164220e-01,-3.8344582216913081e-01,5.0112050286583598e-01,-3.5565839891301840e-02,-1.1143889582238689e-01,2.6898840305240354e-02,-4.7715685259976284e-02,3.2348013091149166e-02,2.2572673725643597e-01,1.4184518946351091e-01,5.5299146875858851e-01,-2.9124667142315312e-02,6.5329620772503305e-01,-2.8416531659502325e-01,-4.6469887088752437e-01,-3.7684928311198429e-01,5.0844770083560265e-01,1.5704976247468627e-01,4.0971960305310962e-01,-1.6051929416017290e-02,-4.8115309044907772e-01,2.1020706176236928e-01,7.8758192774375269e-01,3.7386836141774565e-01,-3.1397138490830548e-02,2.1068638146510260e-01,4.4503416619431707e-01,-2.2740154603621443e-02,-3.1924838422966179e-01,1.2496317870694287e-01,-3.2621250356516973e-01,6.6648142797531715e-02,-7.3147613214029927e-01,-5.2171868859004733e-01,4.7528004281541447e-01,-2.8459337710299987e-02,-4.9617151228459215e-02,3.4643081334956270e-02,-8.7654824581586202e-04,-7.1119588252488791e-02,2.6812391344860920e-01,1.6183570475677872e-01,6.4591814110941370e-01,-6.1913447069323814e-02,7.2810429848484559e-01,-2.9603258341780853e-01,5.3672534761071325e-05,5.3677145073453089e-05,5.4534347130105107e-05,5.3628004580463452e-05,-6.4539681419281436e-01,-6.9361286778363962e-01,-6.9774653031014156e-01,-6.7355817161947962e-01,2.4135027010249416e-05,5.4218961758016319e-06,-2.0208439718214088e-01,-8.5767044383247459e-01
1.2110996213783888e+07,-5.1847298686818644e-01,-1.4469087507442546e-01,3.2252441083737782e-01,3.4160560015582270e-01,4.5773014177038057e-01,-3.6656699016108532e-02,-5.3449036748653811e-01,2.0575210247564704e-01,6.9057050101930684e-01,3.7371427363472942e-01,1.4923664501208134e-01,-1.1416799063170037e-01,4.7817127454518066e-01,-3.5979880997537184e-02,-3.6045091179060712e-01,1.4797003697980710e-01,-1.3527084272513695e-01,-2.6880620267682259e-01,-7.2368042745416727e-01,-3.8567029049816764e-01,5.0109601724099206e-01,-3.5604792737026152e-02,-1.1140598223636218e-01,2.7115261937293661e-02,-4.6675506357411523e-02,3.1092748012457112e-02,2.2629252138368439e-01,1.4252884890248813e-01,5.5316266338077258e-01,-2.9038460293363336e-02,6.5286573474131659e-01,-2.8422865764939120e-01,-4.6189637104709302e-01,-3.7192131037027742e-01,5.0468357245502449e-01,1.6164581789674748e-01,4.0948766285540905e-01,-1.5956461708738424e-02,-4.8154422199883529e-01,2.1051155559579529e-01,7.8316750753532072e-01,3.7445136895635883e-01,-3.0878456459202563e-02,2.0334574992078067e-01,4.4489173291627904e-01,-2.2653025068768456e-02,-3.1901140966078156e-01,1.2513425204186737e-01,-3.2429158115085877e-01,5.8953387213372718e-02,-7.2728138021577005e-01,-5.1872082777828654e-01,4.7522882328273408e-01,-2.8335654729578733e-02,-4.9653328140072797e-02,3.4279392199740875e-02,-1.1221056415707739e-03,-6.8734502520008026e-02,2.6694333710341694e-01,1.6172228516188691e-01,6.4625176344160062e-01,-6.2132780713321789e-02,7.2797953334389054e-01,-2.9577565671391148e-01,5.3672442447491056e-05,5.3677136459761264e-05,5.4513797817729712e-05,5.3627802043782354e-05,-9.0871437700182023e-01,-2.6419187799839139e-01,-9.4504263006566980e-01,-2.1737420726793338e-01,1.7035301235360073e-05,-8.9108481033615848e-06,-5.9721185250405240e-01,-6.4464091343595376e-01
1.2608977459528109e+07,-5.1631073960614382e-01,-1.4728514071434395e-01,3.2588091275161918e-01,3.3963088534014119e-01,4.5761905718052509e-01,-3.6687887946576667e-02,-5.3497297356552309e-01,2.0578417168066737e-01,6.9182772057012254e-01,3.7432297897091621e-01,1.4479667864408508e-01,-1.1125548008984253e-01,4.7810289883574147e-01,-3.6007230096334830e-02,-3.6053591427127313e-01,1.4771444342531836e-01,-1.3968752898929229e-01,-2.6551031058225760e-01,-7.2303190411256302e-01,-3.8779395378941867e-01,5.0107094027738797e-01,-3.5644605448317587e-02,-1.1139041765998851e-01,2.7315602564838032e-02,-4.5664143776011593e-02,2.9891054678332089e-02,2.2682918193993723e-01,1.4317077107794793e-01,5.5333466469057047e-01,-2.8948551822489101e-02,6.5243722576503738e-01,-2.8429349115019154e-01,-4.5930912745146951e-01,-3.6723757350971914e-01,5.0117157161959547e-01,1.6600068210465810e-01,4.0925609088303666e-01,-1.5856341150127202e-02,-4.8192854337808316e-01,2.1080363372396502e-01,7.7907696426694584e-01,3.7499614493869693e-01,-3.0373140066692214e-02,1.9638031422969923e-01,4.4474923820527529e-01,-2.2562698336733057e-02,-3.1877998272879993e-01,1.2530696567413388e-01,-3.2249562469632920e-01,5.1656027247323960e-02,-7.2340853711843534e-01,-5.1587742400731296e-01,4.7517656703209160e-01,-2.8209265097984080e-02,-4.9691727911052030e-02,3.3941526651539690e-02,-1.3568726644742346e-03,-6.6473295822878295e-02,2.6585482141299327e-01,1.6162431972668906e-01,6.4658637252068574e-01,-6.2359823030580741e-02,7.2785807048482776e-01,-2.9552525299452159e-01,5.3672354515025358e-05,5.3677130799581332e-05,5.4493627318659253e-05,5.3627604479037470e-05,-2.4273148655786522e-01,9.1352201028553259e-01,-1.9214521927207417e-01,9.5039805575462211e-01,-9.2388903651104551e-06,-1.1639417635051972e-05,-6.4307481011516721e-01,5.9529631343136225e-01
1.3127434751729246e+07,-5.1419003288019738e-01,-1.4977377450545135e-01,3.2910587287837489e-01,3.3772931265579992e-01,4.5750768000925862e-01,-3.6721237817815097e-02,-5.3544748579627832e-01,2.0581774365523939e-01,6.9300680691571326e-01,3.7489637517811908e-01,1.4048921452727353e-01,-1.0846336214646977e-01,4.7803418240746509e-01,-3.6035974007222499e-02,-3.6062581708464458e-01,1.4745871399910468e-01,-1.4395678066407724e-01,-2.6234472504645856e-01,-7.2236347020443048e-01,-3.8982323470040359e-01,5.0104523777235299e-01,-3.5685341332290940e-02,-1.1138880256353800e-01,2.7498321543188334e-02,-4.4680683817644735e-02,2.8740686118581639e-02,2.2734223595966829e-01,1.4377442691307565e-01,5.5350757015171403e-01,-2.8854780495439998e-02,6.5200922154600049e-01,-2.8435953661451258e-01,-4.5691484133346616e-01,-3.6277908217506483e-01,4.9788973082858312e-01,1.7013388437071020e-01,4.0902482321664380e-01,-1.5751427591640138e-02,-4.8230891253859848e-01,2.1108486931548759e-01,7.7528059972954289e-01,3.7550810568632381e-01,-2.9885087144463390e-02,1.8975818118685470e-01,4.4460661393289647e-01,-2.2469016282527995e-02,-3.1855408356388670e-01,1.2548124792002815e-01,-3.2081721306203642e-01,4.4723009324314209e-02,-7.1982653000345986e-01,-5.1317753532830124e-01,4.7512321754527037e-01,-2.8079975161203481e-02,-4.9727992578922839e-02,3.3627685295673865e-02,-1.5803012018579393e-03,-6.4326467783892213e-02,2.6485167308732538e-01,1.6154347084803544e-01,6.4692214792951164e-01,-6.2594927465599540e-02,7.2773827013888615e-01,-2.9528059902101739e-01,5.3672267438009113e-05,5.3677124605052365e-05,5.4473827948427467e-05,5.3627409482817141e-05,6.1420753247548043e-01,-7.1695887990897356e-01,5.8256985461730260e-01,-7.7498442113101218e-01,4.3354025553234752e-06,1.0568246266115688e-05,8.4131030023397901e-01,-2.3607120707311127e-01
1.3667210026669214e+07,-5.1210503026217735e-01,-1.5217065694821724e-01,3.3219822625245432e-01,3.3588591541328888e-01,4.5739577299714690e-01,-3.6756972005823077e-02,-5.3592505216683906e-01,2.0585838922132502e-01,6.9411759084769609e-01,3.7543622036620944e-01,1.3629083574843373e-01,-1.0578167567911188e-01,4.7796488107943835e-01,-3.6066353234766604e-02,-3.6072062977849806e-01,1.4720238978028477e-01,-1.4809294216253349e-01,-2.5929459679774908e-01,-7.2168058263500123e-01,-3.9177002526220095e-01,5.0101866495771052e-01,-3.5727266872220741e-02,-1.1138633494852238e-01,2.7653515180225810e-02,-4.3724667944242693e-02,2.7638553206546790e-02,2.2785270482544076e-01,1.4434875940098371e-01,5.5368198997025364e-01,-2.8756498757387096e-02,6.5157502968625280e-01,-2.8442414439815128e-01,-4.5469244577966134e-01,-3.5851640281528857e-01,4.9480177773267170e-01,1.7406211735186350e-01,4.0879348094143847e-01,-1.5641203713977033e-02,-4.8270032780120253e-01,2.1135993788916438e-01,7.7174402703435152e-01,3.7599150938488907e-01,-2.9416803274560172e-02,1.8343339102721326e-01,4.4446340639249743e-01,-2.2371320079550533e-02,-3.1833339882430201e-01,1.2565706999439946e-01,-3.1924158060327262e-01,3.8112246512938916e-02,-7.1650385865122557e-01,-5.1060384557643013e-01,4.7506824482213811e-01,-2.7946936768629312e-02,-4.9740181522200187e-02,3.3332798024081775e-02,-1.7932752348704881e-03,-6.2283901380917453e-02,2.6393662919119143e-01,1.6149059560852497e-01,6.4726025005079424e-01,-6.2839592342884124e-02,7.2761183966993914e-01,-2.9503925825980865e-01,5.3672178210092554e-05,5.3677115340696325e-05,5.4454393747924853e-05,5.3627217748078046e-05,-1.2212622730914849e-02,9.4283022882588419e-01,5.2831367734630499e-02,9.6798916514426547e-01,-8.2935401580085725e-06,-2.7283649262541540e-06,-5.1147723492403274e-01,7.0529538791687674e-01
1.4229179839456581e+07,-5.1006978631282085e-01,-1.5445404337859200e-01,3.3519273806854016e-01,3.3413674312349928e-01,4.5728396163392099e-01,-3.6794624718169369e-02,-5.3637246533810856e-01,2.0588666731538083e-01,6.9515223729068809e-01,3.7594770879370309e-01,1.3224892638487792e-01,-1.0321937373359687e-01,4.7789569397943193e-01,-3.6097780541666027e-02,-3.6082038917527309e-01,1.4694637003862149e-01,-1.5208366189568800e-01,-2.5638283473852885e-01,-7.2097721486822175e-01,-3.9361957244488049e-01,5.0099198542603751e-01,-3.5769688438990435e-02,-1.1142788927550445e-01,2.7814532494875505e-02,-4.2792126376468093e-02,2.6583539518427478e-02,2.2830133413895826e-01,1.4487386326239213e-01,5.5385614132529848e-01,-2.8655271491019603e-02,6.5115451079224318e-01,-2.8449718818535674e-01,-4.5262915450927382e-01,-3.5447484456801892e-01,4.9194913971978010e-01,1.7780810448301149e-01,4.0856308982376449e-01,-1.5526744589761846e-02,-4.8305545672715539e-01,2.1161727522709878e-01,7.6846944893516500e-01,3.7644978206092256e-01,-2.8968481700512576e-02,1.7744009954568535e-01,4.4432098236471163e-01,-2.2271255870100433e-02,-3.1811846104929387e-01,1.2583477051942485e-01,-3.1778709473092559e-01,3.1837668061773378e-02,-7.1342813308202380e-01,-5.0816977536442220e-01,4.7501339938979553e-01,-2.7812393553405791e-02,-4.9797801557034123e-02,3.3068964164653152e-02,-1.9922469402615973e-03,-6.0340529898197548e-02,2.6306740375355236e-01,1.6142780077549493e-01,6.4759724952043829e-01,-6.3090080162477941e-02,7.2750493633256963e-01,-2.9480715253196738e-01,5.3672097960571787e-05,5.3677112738017145e-05,5.4435319570221098e-05,5.3627028689723028e-05,-8.9884059839224151e-01,2.8092177621332642e-01,-9.0222187486548566e-01,3.5438387683872963e-01,-1.1051838932279475e-06,-6.5417558266742241e-06,-8.1935239407023153e-01,-2.8834196268470169e-01
1.4814256787487207e+07,-5.0806864095962712e-01,-1.5665494508945904e-01,3.3806852294096978e-01,3.3244119816801343e-01,4.5717157730920654e-01,-3.6834767870660673e-02,-5.3682328624461984e-01,2.0592082988778432e-01,6.9612829272789523e-01,3.7643025094388338e-01,1.2830570534414534e-01,-1.0075773775970329e-01,4.7782590373523220e-01,-3.6130914948036372e-02,-3.6092508575314036e-01,1.4668951388852067e-01,-1.5595494502538088e-01,-2.5357631363526978e-01,-7.2026402180073501e-01,-3.9539624929937400e-01,5.0096444840874943e-01,-3.5813358471696533e-02,-1.1146847500796683e-01,2.7949496014362973e-02,-4.1884733591944355e-02,2.5572013368854944e-02,2.2874939912116643e-01,1.4537298633493703e-01,5.5403183290308877e-01,-2.8549332683842875e-02,6.5072756238161888e-01,-2.8456964782265298e-01,-4.5070551198352282e-01,-3.5060121922761717e-01,4.8926032798920049e-01,1.8138010414852940e-01,4.0833257153396257e-01,-1.5406729371042795e-02,-4.8342086432075737e-01,2.1186971054932321e-01,7.6541085569784517e-01,3.7688585391475188e-01,-2.8542395692865409e-02,1.7169912507583038e-01,4.4417797716374247e-01,-2.2167001027343612e-02,-3.1790855313834060e-01,1.2601411765184997e-01,-3.1642308538873137e-01,2.5836859233867943e-02,-7.1056588261469078e-01,-5.0584451119287421e-01,4.7495700996464990e-01,-2.7673934687484282e-02,-4.9832583201214163e-02,3.2822513127944701e-02,-2.1807181548170740e-03,-5.8486151053239774e-02,2.6227187832640669e-01,1.6139060813720527e-01,6.4793660524782015e-01,-6.3350533275846083e-02,7.2739184965610493e-01,-2.9457763872776982e-01,5.3672014516308678e-05,5.3677106030675879e-05,5.4416597399211102e-05,5.3626841688227922e-05,-9.0174744512413252e-01,2.6719280625386560e-01,-9.0589066441225308e-01,3.4459510304083207e-01,-1.5904268987212418e-06,-4.7525613261045507e-06,-8.0378154510809996e-01,-3.2210157814037416e-01
1.5423390992434891e+07,-5.0609094601692262e-01,-1.5879250583141982e-01,3.4081347526565997e-01,3.3077320940337041e-01,4.5705812448456540e-01,-3.6877850728942639e-02,-5.3729934021048409e-01,2.0597204382626363e-01,6.9705703805555064e-01,3.7688449269063296e-01,1.2442279643612866e-01,-9.8385975569296957e-02,4.7775499168044083e-01,-3.6166256889796300e-02,-3.6103482505399359e-01,1.4643075450093623e-01,-1.5972524090120194e-01,-2.5085430857082325e-01,-7.1954731662347349e-01,-3.9711628308860625e-01,5.0093552052032120e-01,-3.5858841200254100e-02,-1.1147936580120549e-01,2.8038618398874261e-02,-4.1002698316974978e-02,2.4600840214426038e-02,2.2923587126634659e-01,1.4586177952855464e-01,5.5421036653973166e-01,-2.8437337497994958e-02,6.5028090761594604e-01,-2.8463617738255587e-01,-4.4890586978712516e-01,-3.4686151116890213e-01,4.8668954601700937e-01,1.8478664641039899e-01,4.0810113320555402e-01,-1.5280119616534232e-02,-4.8382621186098618e-01,2.1212600397575121e-01,7.6253714219585578e-01,3.7730294890614735e-01,-2.8142244698554565e-02,1.6615763283980678e-01,4.4403342042392963e-01,-2.2057179751918551e-02,-3.1770300411041663e-01,1.2619513023924026e-01,-3.1513160668921525e-01,2.0066655567007874e-02,-7.0789259776483171e-01,-5.0360882044429467e-01,4.7489791014927279e-01,-2.7529760536598336e-02,-4.9801380294548163e-02,3.2583977517488837e-02,-2.3606417579760848e-03,-5.6712475661906028e-02,2.6156686127683859e-01,1.6140143496911097e-01,6.4828079736129840e-01,-6.3624076090514653e-02,7.2725623384352189e-01,-2.9434590259778237e-01,5.3671921928537914e-05,5.3677090235280776e-05,5.4398220669067569e-05,5.3626657868199936e-05,-6.2244129038423251e-03,9.3923649508787943e-01,7.0764959917142309e-02,9.6652022139496163e-01,-3.6879875836934045e-06,7.4677877519846593e-07,-5.5919585245761250e-01,6.5753330319960779e-01
1.6057571643178672e+07,-5.0419461807794075e-01,-1.6077827968524558e-01,3.4354491697726652e-01,3.2927483655371359e-01,4.5694631126060753e-01,-3.6921694955795600e-02,-5.3766986542426998e-01,2.0596829607615574e-01,6.9789850788664820e-01,3.7732088415347687e-01,1.2079861622532734e-01,-9.6139656895805448e-02,4.7768591434106406e-01,-3.6201175828140322e-02,-3.6114928833908766e-01,1.4617493473950183e-01,-1.6332685288277971e-01,-2.4830984143612184e-01,-7.1880091247394784e-01,-3.9871083655219186e-01,5.0090836878786316e-01,-3.5903075086678296e-02,-1.1163503198835820e-01,2.8207147548109462e-02,-4.0136231028878366e-02,2.3672762536136677e-02,2.2952987163383171e-01,1.4625589831469751e-01,5.5438424801852704e-01,-2.8326312895465708e-02,6.4989347943512588e-01,-2.8473267929773782e-01,-4.4723326466183516e-01,-3.4338117095133525e-01,4.8442861408407645e-01,1.8806669622630706e-01,4.0787317302130716e-01,-1.5151940911936057e-02,-4.8408916644172456e-01,2.1233757314450785e-01,7.5991249444890052e-01,3.7769856717717282e-01,-2.7751519070696160e-02,1.6100544523197222e-01,4.4389299519351122e-01,-2.1949108110787548e-02,-3.1750473009346120e-01,1.2637856119810667e-01,-3.1398573078698683e-01,1.4647498360439909e-02,-7.0542663783364856e-01,-5.0152796841366942e-01,4.7484323417504026e-01,-2.7389712845937185e-02,-4.9970729147386803e-02,3.2405304758136744e-02,-2.5210541647821723e-03,-5.5023624535298833e-02,2.6080858079931474e-01,1.6131607749167920e-01,6.4861546772311107e-01,-6.3894121594786316e-02,7.2719881824701083e-01,-2.9413811739015550e-01,5.3671863192410699e-05,5.3677102758557076e-05,5.4380189248428985e-05,5.3626475520829864e-05,4.7207439418956143e-01,-8.1053527241215750e-01,4.1558770897505315e-01,-8.7534623357078756e-01,2.7766370852543665e-06,4.1673099644841153e-07,8.1812945675198234e-01,-2.6621201520150933e-01
1.6717828602172432e+07,-5.0227929265048676e-01,-1.6277085252622756e-01,3.4607470149552660e-01,3.2769887566769940e-01,4.5683142033417512e-01,-3.6970209787896391e-02,-5.3815941555110769e-01,2.0603106211688113e-01,6.9872968201073227e-01,3.7772657930872883e-01,1.1708446165921145e-01,-9.3950976737635541e-02,4.7761355394281430e-01,-3.6240321965170685e-02,-3.6126912746848844e-01,1.4591332206089858e-01,-1.6688810875877325e-01,-2.4577564422704024e-01,-7.1807363118106371e-01,-4.0030681028991494e-01,5.0087755414015867e-01,-3.5951444622258723e-02,-1.1163652321625929e-01,2.8242650248504801e-02,-3.9299669609018192e-02,2.2778330308524525e-02,2.3002807310952378e-01,1.4670376306829949e-01,5.5456640966178095e-01,-2.8203825993313697e-02,6.4942956583353606e-01,-2.8479895240745001e-01,-4.4565276521791902e-01,-3.3992229823693099e-01,4.8212300756281962e-01,1.9118156575990292e-01,4.0764106847764875e-01,-1.5013181510069661e-02,-4.8452095579016419e-01,2.1258949188559198e-01,7.5738831352092606e-01,3.7808286214372150e-01,-2.7402073902868959e-02,1.5587903027337163e-01,4.4374692970214913e-01,-2.1829890984902497e-02,-3.1730850297676721e-01,1.2656326267432594e-01,-3.1285061795467961e-01,9.3309022740288849e-03,-7.0309513712921656e-01,-4.9947581037328298e-01,4.7478081955744966e-01,-2.7236524278009492e-02,-4.9885895263777347e-02,3.2195206606566884e-02,-2.6806956488562989e-03,-5.3398537544730520e-02,2.6023030300653266e-01,1.6137869835061544e-01,6.4896536423105655e-01,-6.4189898344783627e-02,7.2704775680462952e-01,-2.9390817301505606e-01,5.3671762929289034e-05,5.3677077761146875e-05,5.4362486647834788e-05,5.3626295956726761e-05,3.2174468495400604e-01,8.7970024603767782e-01,4.1222850864082261e-01,8.7680315925924635e-01,-1.2900793054611382e-06,1.6339337135250198e-06,-3.4138266581189702e-01,7.8657605741265080e-01
1.7405234077865101e+07,-5.0043269794897505e-01,-1.6463895335147918e-01,3.4858492206484593e-01,3.2626078306906492e-01,4.5671762856828219e-01,-3.7020015495929370e-02,-5.3856625453040907e-01,2.0605070243723725e-01,6.9949003065084925e-01,3.7811574281414073e-01,1.1358296620549199e-01,-9.1867151632626876e-02,4.7754249091848366e-01,-3.6279581765632479e-02,-3.6139379535380678e-01,1.4565339009742298e-01,-1.7030649596293412e-01,-2.4338835801054945e-01,-7.1732518148481994e-01,-4.0179912866452394e-01,5.0084798879354064e-01,-3.5999144454046964e-02,-1.1175291551386497e-01,2.8336629893346343e-02,-3.8478216098845261e-02,2.1921300660104316e-02,2.3037606866945420e-01,1.4707379432000448e-01,5.5474526307951433e-01,-2.8080853491470235e-02,6.4901100781046606e-01,-2.8488970701025423e-01,-4.4417617548844984e-01,-3.3667341411121254e-01,4.8006594163702854e-01,1.9418751088107461e-01,4.0741157946039380e-01,-1.4871618604029149e-02,-4.8484148440378289e-01,2.1280578329871552e-01,7.5506555724782642e-01,3.7844843090967134e-01,-2.7061026946507007e-02,1.5106907200383246e-01,4.4360400617622830e-01,-2.1710958366332359e-02,-3.1711873308062649e-01,1.2675055886282827e-01,-3.1183257511651596e-01,4.3028352534976999e-03,-7.0093261567144272e-01,-4.9754838575220217e-01,4.7472169747135740e-01,-2.7085617218204853e-02,-4.9956473864637307e-02,3.2035395222543860e-02,-2.8242333873273670e-03,-5.1844751645307566e-02,2.5961190370166687e-01,1.6136760179764609e-01,6.4930829360966091e-01,-6.4485533769184367e-02,7.2695785543867719e-01,-2.9369737220199266e-01,5.3671695149491370e-05,5.3677080826994343e-05,5.4345120075119344e-05,5.3626123230675323e-05,-4.1139283978682251e-01,8.4004200746159363e-01,-3.4276869864089426e-01,9.0608363203637410e-01,-1.4780097244875930e-06,4.0928539985016011e-07,-8.1054000222279232e-01,2.7059330229437484e-01
1.8120904365888171e+07,-4.9864091524929932e-01,-1.6640840056616271e-01,3.5104631132870451e-01,3.2492220939941496e-01,4.5660436286381956e-01,-3.7071588371370590e-02,-5.3892547631487986e-01,2.0604618470887578e-01,7.0019387420617651e-01,3.7848679386378703e-01,1.1024110930338808e-01,-8.9877184226999168e-02,4.7747206069662318e-01,-3.6319566503053242e-02,-3.6152305808341023e-01,1.4539448828577103e-01,-1.7360112580287601e-01,-2.4112186695563120e-01,-7.1656584377014854e-01,-4.0320851453534767e-01,5.0081895317146130e-01,-3.6046904423220540e-02,-1.1193617236498463e-01,2.8455735677193797e-02,-3.7675235773387321e-02,2.1100669667882405e-02,2.3063696383638083e-01,1.4739033542606167e-01,5.5492246751618213e-01,-2.7955775145684224e-02,6.4861706428871313e-01,-2.8499524615802130e-01,-4.4279219334194203e-01,-3.3359340647836622e-01,4.7819535503804883e-01,1.9708134921242096e-01,4.0718380245220631e-01,-1.4726177487450615e-02,-4.8509944349210765e-01,2.1300008674166224e-01,7.5291212691988052e-01,3.7879771590735090e-01,-2.6733962276118295e-02,1.4651334126322357e-01,4.4346295728257379e-01,-2.1590617073641970e-02,-3.1693504270233491e-01,1.2693972500169590e-01,-3.1090750915963683e-01,-4.8086169307590132e-04,-6.9891876599601543e-01,-4.9572332331011326e-01,4.7466426775136972e-01,-2.6934665234802879e-02,-5.0110307379434338e-02,3.1911001869686421e-02,-2.9544453809181546e-03,-5.0358172948502464e-02,2.5898821006689754e-01,1.6132082690886129e-01,6.4964743777416933e-01,-6.4784840792001974e-02,7.2690208533553646e-01,-2.9349868603881235e-01,5.3671634787975319e-05,5.3677088062422285e-05,5.4328075506802043e-05,5.3625946230349319e-05,2.3617548132997507e-01,9.0366507787320294e-01,3.3618747304863372e-01,9.0841042788785609e-01,-4.5295561715675809e-07,1.0268546534118046e-06,-4.6113372222810339e-01,7.1583008029780881e-01
1.8866001661837000e+07,-4.9679497622320823e-01,-1.6823171999564199e-01,3.5325170810930268e-01,3.2342479132305357e-01,4.5648597156866277e-01,-3.7129753431157139e-02,-5.3947933930254610e-01,2.0614411161887866e-01,7.0091284953778932e-01,3.7882920355156657e-01,1.0668901111087553e-01,-8.7930856610349287e-02,4.7739622471917770e-01,-3.6365919431114134e-02,-3.6165889239187765e-01,1.4512460011618955e-01,-1.7690675869773059e-01,-2.3881453091439792e-01,-7.1583906728089530e-01,-4.0466492651458696e-01,5.0078407944565406e-01,-3.6101224723638775e-02,-1.1186854456840999e-01,2.8376254564024810e-02,-3.6901795678929011e-02,2.0305858830933037e-02,2.3122958245993036e-01,1.4781360437463259e-01,5.5511325089119756e-01,-2.7813481105212687e-02,6.4809936572945670e-01,-2.8505398218528294e-01,-4.4146936159112804e-01,-3.3045648973938058e-01,4.7616203464274731e-01,1.9981628242416971e-01,4.0694864015693694e-01,-1.4565726138120579e-02,-4.8562679543981691e-01,2.1326630935401661e-01,7.5079885624526799e-01,3.7914580450186874e-01,-2.6471324886384831e-02,1.4185185544987056e-01,4.4331236410915259e-01,-2.1453267430166127e-02,-3.1675048928469718e-01,1.2713101569582458e-01,-3.0995759039033860e-01,-5.2620817012222487e-03,-6.9699588551888880e-01,-4.9388732242573219e-01,4.7459443057435363e-01,-2.6762876875423038e-02,-4.9865259271030284e-02,3.1720976919889864e-02,-3.0885014418056411e-03,-4.8917853596669822e-02,2.5861404889800743e-01,1.6149922767759359e-01,6.5001187887250245e-01,-6.5123137381226728e-02,7.2669749493545932e-01,-2.9325902326639602e-01,5.3671520900927056e-05,5.3677049292473025e-05,5.4311345106640187e-05,5.3625783179989254e-05,5.2400864549790405e-01,-7.7151049232017577e-01,4.5778848813920692e-01,-8.5347109726037873e-01,7.2407897621369238e-07,-3.7578793725906819e-07,8.4315109336162219e-01,-9.4215186306369825e-02
1.9641735948590510e+07,-4.9516832185525195e-01,-1.6974158765726344e-01,3.5576530888207325e-01,3.2242021825372474e-01,4.5637691953882348e-01,-3.7182368480803217e-02,-5.3960082588293146e-01,2.0601685052597671e-01,7.0147856386221652e-01,3.7917416881025251e-01,1.0385723106411748e-01,-8.6123148821769815e-02,4.7733058046751697e-01,-3.6404161574662641e-02,-3.6179621416820856e-01,1.4487360691346504e-01,-1.7990388611951003e-01,-2.3685047293491579e-01,-7.1503715756034947e-01,-4.0585141350631931e-01,5.0075992772919820e-01,-3.6145293287714209e-02,-1.1237373734860442e-01,2.8677281996676740e-02,-3.6124809829995538e-02,1.9553617155231750e-02,2.3107471364975563e-01,1.4793139228914126e-01,5.5527827360801552e-01,-2.7692673574369941e-02,6.4784173117232813e-01,-2.8522621100186640e-01,-4.4025969020395983e-01,-3.2779511342200984e-01,4.7482131216808893e-01,2.0255245548311629e-01,4.0672938491885668e-01,-1.4418230085063967e-02,-4.8556427921947448e-01,2.1336135094448774e-01,7.4900258728534086e-01,3.7945458694703599e-01,-2.6127514696733918e-02,1.3794577680993500e-01,4.4318179374268002e-01,-2.1338992749273006e-02,-3.1658202750431264e-01,1.2732470392753645e-01,-3.0925484639217804e-01,-9.4865547043241349e-03,-6.9526227805367480e-01,-4.9229776585016283e-01,4.7454893777204071e-01,-2.6624038827019744e-02,-5.0470541511465503e-02,3.1727564684880964e-02,-3.1864825863285456e-03,-4.7556752686746945e-02,2.5781148479403532e-01,1.6122390059589092e-01,6.5032643960895586e-01,-6.5409832462008322e-02,7.2681810243552791e-01,-2.9311608676626738e-01,5.3671530526847952e-05,5.3677114325936028e-05,5.4294935002147191e-05,5.3625601986256202e-05,1.8290283531048548e-01,9.1309097102726033e-01,2.9297974794108861e-01,9.2297159159890541e-01,-7.2790193842186586e-08,5.8434285516765914e-07,-5.4739083424264834e-01,6.4408460027330050e-01
2.0449366961233869e+07,-4.9334478706256463e-01,-1.7149163785300472e-01,3.5772652697389629e-01,3.2091536597357145e-01,4.5625481208775864e-01,-3.7248420361151544e-02,-5.4024951139284438e-01,2.0616143009401999e-01,7.0214728570580032e-01,3.7947850311433362e-01,1.0032602372541845e-01,-8.4320837267785442e-02,4.7725100809646104e-01,-3.6456882727912039e-02,-3.6194352286106735e-01,1.4459457617870833e-01,-1.8308169538862162e-01,-2.3465120764551423e-01,-7.1432408819876825e-01,-4.0725315524648142e-01,5.0072093680957919e-01,-3.6205331383764486e-02,-1.1219360438545585e-01,2.8477362376703008e-02,-3.5392495794244326e-02,1.8816718107914368e-02,2.3181872453676802e-01,1.4837718376515774e-01,5.5547828562523605e-01,-2.7532966037384317e-02,6.4725583676095988e-01,-2.8526959481503922e-01,-4.3907008151302573e-01,-3.2480120745903257e-01,4.7286764232260592e-01,2.0505480143446944e-01,4.0649006624254092e-01,-1.4239992366597204e-02,-4.8622332388084549e-01,2.1366003256810787e-01,7.4709445709994182e-01,3.7978705855459965e-01,-2.5936763054705582e-02,1.3347861443113179e-01,4.4302566193736120e-01,-2.1185321069037703e-02,-3.1640340624248731e-01,1.2752091799961474e-01,-3.0839250411946839e-01,-1.4006382875969794e-02,-6.9355516794759253e-01,-4.9056628882923775e-01,4.7447125217675729e-01,-2.6434352673706037e-02,-5.0020623674568748e-02,3.1526180267008895e-02,-3.3076101345199393e-03,-4.6219449276505162e-02,2.5761270693202953e-01,1.6152984631314982e-01,6.5070716437264009e-01,-6.5786045772358415e-02,7.2654086155779329e-01,-2.9285645610687849e-01,5.3671391062992727e-05,5.3677052116116958e-05,5.4278821755073891e-05,5.3625450269391084e-05,-3.9659073836510828e-01,8.4096761102954276e-01,-3.0906646415091676e-01,9.1756778151123886e-01,-2.3323181714201252e-07,3.5178336469099155e-07,-8.2674704077821826e-01,1.5957855587723777e-01
2.1290206232775044e+07,-4.9170117803466290e-01,-1.7299066664562932e-01,3.5990849932061031e-01,3.1979919907214349e-01,4.5614021166562352e-01,-3.7310425451904120e-02,-5.4056432223640360e-01,2.0613313710704814e-01,7.0269555543382878e-01,3.7978056467927568e-01,9.7370326847222743e-02,-8.2637384499973834e-02,4.7717953906655991e-01,-3.6503408484749873e-02,-3.6209210416608906e-01,1.4433158025999598e-01,-1.8600032372699918e-01,-2.3273112166459248e-01,-7.1355970803096613e-01,-4.0843706914537242e-01,5.0069041419113780e-01,-3.6257402716993660e-02,-1.1245332321789478e-01,2.8565990437180291e-02,-3.4664455915357092e-02,1.8120152221868267e-02,2.3198871048634601e-01,1.4858454950584060e-01,5.5565775865605538e-01,-2.7389655896212596e-02,6.4687094767362607e-01,-2.8540017115473271e-01,-4.3797458727260330e-01,-3.2218764627654572e-01,4.7145507962713668e-01,2.0753831370949793e-01,4.0626374831269163e-01,-1.4071294198790000e-02,-4.8642826968606162e-01,2.1382608175554488e-01,7.4543950847651819e-01,3.8008650886697498e-01,-2.5685623688963537e-02,1.2961745504882236e-01,4.4288557794827921e-01,-2.1049406453742339e-02,-3.1623912237710883e-01,1.2771817732366661e-01,-3.0772437019531923e-01,-1.8069479225384794e-02,-6.9200339470419148e-01,-4.8903207624057360e-01,4.7441290622213000e-01,-2.6270319281274879e-02,-5.0221250432242931e-02,3.1479201558830154e-02,-3.3994999421678787e-03,-4.4954318826493034e-02,2.5708883674763877e-01,1.6148861022784469e-01,6.5104802662015204e-01,-6.6122610325238904e-02,7.2651350976781792e-01,-2.9267281611503637e-01,5.3671321287571819e-05,5.3677043411790033e-05,5.4263006458312115e-05,5.3625264218328940e-05,6.0128077295531368e-01,7.0728113430580530e-01,7.1201524267823957e-01,6.5590395960442283e-01,2.0146919448196728e-07,2.2273989031339520e-07,-2.2855242457999511e-01,8.0696923677995958e-01
2.2165619223977376e+07,-4.8992343474858241e-01,-1.7463853476947225e-01,3.6172810591689397e-01,3.1835599698481032e-01,4.5601532492436680e-01,-3.7384076729771350e-02,-5.4122734331475941e-01,2.0627857485269774e-01,7.0330245010421544e-01,3.8005675814756590e-01,9.3952191706943855e-02,-8.0967150004439353e-02,4.7709757639346767e-01,-3.6561590056944981e-02,-3.6225191498653941e-01,1.4404278203422827e-01,-1.8904138745745086e-01,-2.3066248697003527e-01,-7.1284325416930094e-01,-4.0976016164542917e-01,5.0064896621622068e-01,-3.6321851216962665e-02,-1.1227357786246102e-01,2.8323523033546238e-02,-3.3959906895432559e-02,1.7430725117086248e-02,2.3274327313639226e-01,1.4900072681230736e-01,5.5586355868496595e-01,-2.7214827761020979e-02,6.4626323171711930e-01,-2.8545331759341597e-01,-4.3690063530893880e-01,-3.1936799338530220e-01,4.6966240968970135e-01,2.0986708108644569e-01,4.0602184283052301e-01,-1.3875841803409263e-02,-4.8710544208273443e-01,2.1412762598862042e-01,7.4373393658712539e-01,3.8040046066141275e-01,-2.5540374040141055e-02,1.2539995249030642e-01,4.4272671079340947e-01,-2.0882076326777112e-02,-3.1606608951385756e-01,1.2792252475558000e-01,-3.0696692505135065e-01,-2.2317279249400829e-02,-6.9048800757118278e-01,-4.8741245538980710e-01,4.7433135922789560e-01,-2.6066997185986398e-02,-4.9735819005240892e-02,3.1300416854948200e-02,-3.5058510946840878e-03,-4.3701850418644148e-02,2.5696057275203465e-01,1.6182836236465373e-01,6.5143832430740423e-01,-6.6530929755159340e-02,7.2622704724034626e-01,-2.9240864100276659e-01,5.3671233242938067e-05,5.3677032807409670e-05,5.4247511345103227e-05,5.3625163511737389e-05,-4.9490273261678014e-01,-7.8362428597434086e-01,-6.1750572290108696e-01,-7.4537245842176625e-01,-1.4775593801306236e-07,-1.5222838692384836e-07,3.6922266797053860e-01,-7.4924730580379195e-01
2.3077027540766839e+07,-4.8844845692485317e-01,-1.7590127547122364e-01,3.6398751144218044e-01,3.1756529414047041e-01,4.5590584956564939e-01,-3.7446521014253616e-02,-5.4129978247649579e-01,2.0612575163139801e-01,7.0373432134798730e-01,3.8033702054709112e-01,9.1499680388933496e-02,-7.9436294161415719e-02,4.7703173734933207e-01,-3.6605680272731998e-02,-3.6240654656451921e-01,1.4379060829966872e-01,-1.9167735174029418e-01,-2.2901982915634864e-01,-7.1205150568837039e-01,-4.1073682885287716e-01,5.0062423879224716e-01,-3.6369447541431260e-02,-1.1285523813535606e-01,2.8597560527112258e-02,-3.3259579686008539e-02,1.6796220280477080e-02,2.3249914302385805e-01,1.4901381913838607e-01,5.5602859213827172e-01,-2.7077660034549561e-02,6.4602012515121610e-01,-2.8565074590169937e-01,-4.3593798027547970e-01,-3.1712377354166327e-01,4.6872276626892251e-01,2.1223108534531346e-01,4.0580565465928020e-01,-1.3706563131400559e-02,-4.8698436163601599e-01,2.1419383776427883e-01,7.4236174152803114e-01,3.8066200060017752e-01,-2.5259809638876023e-02,1.2212374755922573e-01,4.4259876524733838e-01,-2.0754190625687483e-02,-3.1591838063619010e-01,1.2812218145127130e-01,-3.0648405489698272e-01,-2.5887900404456460e-02,-6.8914677652590794e-01,-4.8607853166036008e-01,4.7428708254639679e-01,-2.5917657470063849e-02,-5.0392240881699440e-02,3.1383867424854932e-02,-3.5689244919431262e-03,-4.2544868973660797e-02,2.5623430489338733e-01,1.6155046192940217e-01,6.5175031846542497e-01,-6.6850436554075285e-02,7.2637915173276180e-01,-2.9228304052383258e-01,5.3671192375007195e-05,5.3677039430734300e-05,5.4232270548158406e-05,5.3624938063555904e-05,6.5514418092748894e-01,-6.5341806340012221e-01,5.8706058349007018e-01,-7.6938663206152502e-01,5.8602419761362687e-08,-1.3667116838502541e-07,7.9869930768352848e-01,2.3255435731406005e-01
2.4025911242814854e+07,-4.8686248987313296e-01,-1.7728641911024956e-01,3.6595037673759057e-01,3.1650676160592139e-01,4.5578737198258595e-01,-3.7519715737206728e-02,-5.4165829970443224e-01,2.0611389055178506e-01,7.0421336097386633e-01,3.8059620026369956e-01,8.8667076358897839e-02,-7.7915602140701173e-02,4.7695688214642762e-01,-3.6660154368530200e-02,-3.6257217360250998e-01,1.4351475722272133e-01,-1.9441472495692372e-01,-2.2725483197592578e-01,-7.1129734800974653e-01,-4.1182869108321407e-01,5.0059023181207118e-01,-3.6427851582947542e-02,-1.1308025555382106e-01,2.8597594901548368e-02,-3.2577695893102006e-02,1.6166815336909682e-02,2.3273378322647020e-01,1.4919550327154038e-01,5.5621620437586017e-01,-2.6912331005325134e-02,6.4559192418208566e-01,-2.8578730670197194e-01,-4.3499332597950569e-01,-3.1470957089415663e-01,4.6747282549767077e-01,2.1446948667765248e-01,4.0557597762986769e-01,-1.3512571549636122e-02,-4.8725021217533337e-01,2.1437136358146111e-01,7.4094875167359642e-01,3.8093512762255621e-01,-2.5065515931020584e-02,1.1855367389479152e-01,4.4245491076305798e-01,-2.0598466078527868e-02,-3.1576322439101701e-01,1.2832950511898872e-01,-3.0592838366880948e-01,-2.9611795526345491e-02,-6.8783603783241754e-01,-4.8467393325853841e-01,4.7422334535030342e-01,-2.5734076142727422e-02,-5.0487278070129586e-02,3.1362319616899559e-02,-3.6439761522395406e-03,-4.1397022914374124e-02,2.5583037682951715e-01,1.6158539970228297e-01,6.5210455036322257e-01,-6.7233720992182763e-02,7.2631960340357304e-01,-2.9209049135821902e-01,5.3671162624986064e-05,5.3677071188134226e-05,5.4217344996922157e-05,5.3624804324855627e-05,1.1534422267491878e-01,-9.1649967028194712e-01,-1.6220279012232018e-02,-9.6748464799667400e-01,-4.3210036377086316e-08,-9.3978160306152774e-08,7.8314182313353042e-01,-2.6982257122347320e-01
2.5013811247045714e+07,-4.8523113108073018e-01,-1.7870502491145079e-01,3.6766791975608121e-01,3.1530033653173167e-01,4.5566326150743103e-01,-3.7600487988400266e-02,-5.4220747772766420e-01,2.0619214778119155e-01,7.0470480435003768e-01,3.8083624575314168e-01,8.5641291345720433e-02,-7.6464800466811755e-02,4.7687613500873499e-01,-3.6722036195274498e-02,-3.6274592304217912e-01,1.4322515365137639e-01,-1.9716083828613967e-01,-2.2547011203520265e-01,-7.1057516514873398e-01,-4.1296583363120448e-01,5.0055000337107891e-01,-3.6494006682185158e-02,-1.1306500973643463e-01,2.8413127281469261e-02,-3.1920122044976969e-02,1.5559382440023811e-02,2.3328217632556120e-01,1.4948673254628561e-01,5.5641835772339210e-01,-2.6726992388697801e-02,6.4503976759880999e-01,-2.8588545950233385e-01,-4.3408073098795275e-01,-3.1225423845312417e-01,4.6606922431559439e-01,2.1657040569561337e-01,4.0533839036972502e-01,-1.3301402499123600e-02,-4.8777176031646591e-01,2.1462622563036826e-01,7.3956328119485948e-01,3.8121449277500336e-01,-2.4957090811034463e-02,1.1488572495870604e-01,4.4230100900229385e-01,-2.0423041851445591e-02,-3.1560652154457181e-01,1.2854046287258464e-01,-3.0536646970099612e-01,-3.3338299233552110e-02,-6.8658884567451606e-01,-4.8326810038454726e-01,4.7414692806700220e-01,-2.5526114629168369e-02,-5.0205144785786894e-02,3.1269441265725922e-02,-3.7193578262737642e-03,-4.0284422936526648e-02,2.5565966042956512e-01,1.6183114590040246e-01,6.5248580811657630e-01,-6.7661859702740218e-02,7.2611949801902997e-01,-2.9185183210550597e-01,5.3671070442324217e-05,5.3677047501405873e-05,5.4202692684521260e-05,5.3624675267674697e-05,-4.5244282294124261e-01,8.0350677766713718e-01,-3.4382018885179594e-01,9.0430544508685140e-01,1.5486448986178578e-08,6.9680819728319181e-08,-8.2033198163922838e-01,-8.4427618447118699e-02
2.6042331829971634e+07,-4.8366213723993684e-01,-1.8003463159808156e-01,3.6937008838838631e-01,3.1419543105631809e-01,4.5554029669922946e-01,-3.7682882875762644e-02,-5.4269646539369876e-01,2.0623655527348828e-01,7.0515484568329423e-01,3.8106551232441754e-01,8.2782996916244161e-02,-7.5090638930572440e-02,4.7679662827802677e-01,-3.6784400087621155e-02,-3.6292321918502934e-01,1.4293757710284083e-01,-1.9979417676622399e-01,-2.2379385687039843e-01,-7.0985184754211372e-01,-4.1402994317003106e-01,5.0051102836916495e-01,-3.6559932001382155e-02,-1.1313087194226099e-01,2.8268412087463245e-02,-3.1278924926877706e-02,1.4980412709131257e-02,2.3372573358124663e-01,1.4972368695510593e-01,5.5661712278440789e-01,-2.6540197255321904e-02,6.4452059934136563e-01,-2.8600369833752226e-01,-4.3321818535014001e-01,-3.0993635705110301e-01,4.6481747657399480e-01,2.1860149988404057e-01,4.0510374259963156e-01,-1.3086786490342756e-02,-4.8821122903787773e-01,2.1485758655200360e-01,7.3828469990986867e-01,3.8148091061697920e-01,-2.4855723064076476e-02,1.1142831891782359e-01,4.4215036437318761e-01,-2.0246996837326295e-02,-3.1545636027967672e-01,1.2875262514860406e-01,-3.0487489471873563e-01,-3.6874096321364014e-02,-6.8542544103152769e-01,-4.8193968505093771e-01,4.7407414410733772e-01,-2.5319198940961879e-02,-5.0032788250677286e-02,3.1212950050178143e-02,-3.7832560256159335e-03,-3.9219519096534497e-02,2.5544987755976017e-01,1.6202114977167947e-01,6.5285993915195828e-01,-6.8091807721995773e-02,7.2596442596339761e-01,-2.9162684646633402e-01,5.3670958353951569e-05,5.3676999279879444e-05,5.4188301662612001e-05,5.3624515149280723e-05,-8.8158585855623262e-01,-2.6482842528191913e-01,-9.5856059517278869e-01,-1.2971337310315886e-01,-3.9918837302387294e-08,2.8176135994929172e-08,-5.6995414409732839e-02,-8.1895547234416954e-01
2.7113143232919123e+07,-4.8217575719968908e-01,-1.8125888199028573e-01,3.7112680526872521e-01,3.1324699536816919e-01,4.5542012173730723e-01,-3.7765539928803118e-02,-5.4306192120355590e-01,2.0621700197288126e-01,7.0555593689405249e-01,3.8128659957481037e-01,8.0168337033770062e-02,-7.3775700519525311e-02,4.7672018414017248e-01,-3.6845465099534860e-02,-3.6310294212396099e-01,1.4265544655689688e-01,-2.0229815895473113e-01,-2.2224081556883060e-01,-7.0911859394771914e-01,-4.1499968943153770e-01,5.0047527492999067e-01,-3.6623471121886374e-02,-1.1335965773948575e-01,2.8218844719148997e-02,-3.0650184832510186e-02,1.4427290644212998e-02,2.3396133533842156e-01,1.4986516976915185e-01,5.5680795693769425e-01,-2.6356670564144272e-02,6.4407430242260721e-01,-2.8615651763210026e-01,-4.3240561070644068e-01,-3.0777978813801637e-01,4.6377826839844666e-01,2.2059296068334916e-01,4.0487463321870842e-01,-1.2871815025337949e-02,-4.8848429474489286e-01,2.1503882757794149e-01,7.3711666374329599e-01,3.8172940241445436e-01,-2.4731888183634698e-02,1.0823217157937808e-01,4.4200636582094882e-01,-2.0075262485628187e-02,-3.1531432079905480e-01,1.2896583279483648e-01,-3.0445903127228202e-01,-4.0196901799481113e-02,-6.8433884003310341e-01,-4.8069498752211037e-01,4.7400926121388059e-01,-2.5120173939686873e-02,-5.0092742080286246e-02,3.1221700152471391e-02,-3.8350282325446700e-03,-3.8198801796089907e-02,2.5512740143868889e-01,1.6208819795514301e-01,6.5321826571146890e-01,-6.8512616512240318e-02,7.2590127655449044e-01,-2.9143137469992225e-01,5.3670855866217273e-05,5.3676953637018805e-05,5.4174172373273336e-05,5.3624330410091323e-05,-7.4342216645546788e-01,5.3999765298366076e-01,-6.7827666574916501e-01,6.8940366330705238e-01,4.5472920300979862e-09,3.2855388586419627e-08,-6.5870667469857203e-01,-4.8355679921402478e-01
2.8227984374377307e+07,-4.8080274770420722e-01,-1.8235679499822832e-01,3.7313841833847972e-01,3.1258112224190276e-01,4.5530548730332798e-01,-3.7846711486178755e-02,-5.4314474185849115e-01,2.0605779620515893e-01,7.0589251225562433e-01,3.8150719397800525e-01,7.7954736300078417e-02,-7.2448132902529133e-02,4.7665047609931949e-01,-3.6901784269618161e-02,-3.6328504522871258e-01,1.4238195357961578e-01,-2.0466385717333446e-01,-2.2082066358294056e-01,-7.0834149018253711e-01,-4.1583381285754778e-01,5.0044703787056022e-01,-3.6679935130570683e-02,-1.1396679793978620e-01,2.8401539570394603e-02,-3.0015107706511158e-02,1.3884257762671624e-02,2.3372845796282071e-01,1.4980210684043088e-01,5.5698186373334624e-01,-2.6185296078122422e-02,6.4379728029619510e-01,-2.8638315701726702e-01,-4.3164235695914499e-01,-3.0581529377954347e-01,4.6309588439219196e-01,2.2264411734332512e-01,4.0465525293038662e-01,-1.2660162530132843e-02,-4.8837878262212592e-01,2.1510075507160897e-01,7.3606008882669349e-01,3.8194773803681237e-01,-2.4499253640778571e-02,1.0538425326393862e-01,4.4187594904864164e-01,-1.9917526766286969e-02,-3.1518163392023096e-01,1.2918394376945100e-01,-3.0412238386703916e-01,-4.3292408825654174e-02,-6.8330733228519447e-01,-4.7953197258459002e-01,4.7396165536674117e-01,-2.4943844489640193e-02,-5.0698910494920472e-02,3.1375105172986022e-02,-3.8757347512613470e-03,-3.7199851010536834e-02,2.5449851707073884e-01,1.6186302953054674e-01,6.5354339997799660e-01,-6.8903461820331996e-02,7.2604884472289044e-01,-2.9130499051442604e-01,5.3670936868140649e-05,5.3677081298970697e-05,5.4160351843871566e-05,5.3624218578078936e-05,6.5541306990187431e-01,-6.4154812821921259e-01,5.6390656754233903e-01,-7.8548705269445551e-01,-9.7654459657041670e-09,-2.0075401001371000e-08,6.9586545076411777e-01,4.2096728437072900e-01
2.9388665673872892e+07,-4.7929524993280687e-01,-1.8357725198884142e-01,3.7461496330152655e-01,3.1151279209889543e-01,4.5517831672025566e-01,-3.7941568341036791e-02,-5.4369787872706554e-01,2.0611870977559701e-01,7.0628810297114208e-01,3.8170270354594987e-01,7.5202020538761349e-02,-7.1247249258395373e-02,4.7656709621877247e-01,-3.6973509714420212e-02,-3.6347945402358017e-01,1.4207927004857773e-01,-2.0712625050283795e-01,-2.1929467940391559e-01,-7.0764258941922997e-01,-4.1682364618837031e-01,5.0040422647666427e-01,-3.6753863251299368e-02,-1.1397115665417895e-01,2.8158256227368110e-02,-2.9419609587489275e-02,1.3366531363857233e-02,2.3426667399838272e-01,1.5003677642951865e-01,5.5718944803016579e-01,-2.5972724631382754e-02,6.4322138563237896e-01,-2.8650968359833950e-01,-4.3088576740037615e-01,-3.0367331060370656e-01,4.6195292881001521e-01,2.2445292745265105e-01,4.0441735521828776e-01,-1.2417602566668157e-02,-4.8889952089416089e-01,2.1536017894728132e-01,7.3496819397282620e-01,3.8219575810692813e-01,-2.4474057384657379e-02,1.0217142340090700e-01,4.4172130824679540e-01,-1.9718085393236173e-02,-3.1504030089935492e-01,1.2940607883372299e-01,-3.0373052026975861e-01,-4.6535172052339077e-02,-6.8232676741881271e-01,-4.7831821982335065e-01,4.7388368228565370e-01,-2.4712518072787935e-02,-5.0389337142127566e-02,3.1326036579381718e-02,-3.9232629320480952e-03,-3.6236729903753678e-02,2.5441380019497295e-01,1.6214020771471510e-01,6.5393213744982959e-01,-6.9387905147025933e-02,7.2585139909985419e-01,-2.9106118239838502e-01,5.3670798470229455e-05,5.3677006396631171e-05,5.4146749683264414e-05,5.3624060874050070e-05,8.9053912754531939e-01,-2.1193658692239103e-01,8.8428057299938401e-01,-3.9074845038102107e-01,-1.2505080001666755e-09,-1.4844028384011123e-08,3.3801420207003907e-01,7.3531196806379284e-01
3.0597071991957538e+07,-4.7786616796760728e-01,-1.8470534604142519e-01,3.7619921887450775e-01,3.1061263350627705e-01,4.5505400406027219e-01,-3.8037172534605992e-02,-5.4409973726159810e-01,2.0610190267023609e-01,7.0663934902810344e-01,3.8189330018801421e-01,7.2700341443229205e-02,-7.0071246204510648e-02,4.7648720206581302e-01,-3.7043778947055003e-02,-3.6367698607764476e-01,1.4178027739566057e-01,-2.0947847297588679e-01,-2.1787231024171022e-01,-7.0692567403360096e-01,-4.1772313481587936e-01,5.0036533086550927e-01,-3.6824872273859485e-02,-1.1417915629973958e-01,2.8033314570627382e-02,-2.8829039103686394e-02,1.2865093326770077e-02,2.3455282709318395e-01,1.5015680393581485e-01,5.5738804177025680e-01,-2.5763674902528580e-02,6.4273404077401797e-01,-2.8667942154578485e-01,-4.3016960449637803e-01,-3.0167161948515137e-01,4.6102833391557074e-01,2.2625997826183486e-01,4.0418513887224472e-01,-1.2173453174615437e-02,-4.8921653454558117e-01,2.1555712879004041e-01,7.3396521105140611e-01,3.8242440395123606e-01,-2.4401817542785146e-02,9.9199199170140945e-02,4.4157428659516096e-01,-1.9523549277500690e-02,-3.1490608056951397e-01,1.2963156104961546e-01,-3.0340003660016834e-01,-4.9599300385835113e-02,-6.8140111596111652e-01,-4.7717051419342582e-01,4.7381532658603781e-01,-2.4490807376777172e-02,-5.0369063754036741e-02,3.1358137723134560e-02,-3.9614728850834897e-03,-3.5302812281381976e-02,2.5417413128136601e-01,1.6226342895707505e-01,6.5430292172987137e-01,-6.9862327384697123e-02,7.2576749324468670e-01,-2.9085359863187138e-01,5.3670734588452437e-05,5.3676999443104177e-05,5.4133416732617278e-05,5.3623923577986446e-05,-5.7815542088271299e-01,-7.0744374334857840e-01,-7.4303891148049073e-01,-6.1819665527473422e-01,-7.5049921757223740e-09,6.3821710844305208e-09,5.4715062907223055e-01,-5.9073812769384326e-01
3.1855165691081908e+07,-4.7649504975327800e-01,-1.8576376070184586e-01,3.7780844812422765e-01,3.0981520288595987e-01,4.5493128106724745e-01,-3.8134463924339161e-02,-5.4442419692217836e-01,2.0604362104050075e-01,7.0695911413691792e-01,3.8207612751129555e-01,7.0363149274386680e-02,-6.8936611575107609e-02,4.7640916887639873e-01,-3.7114133191788128e-02,-3.6387746559422496e-01,1.4148305195410116e-01,-2.1173727919813670e-01,-2.1653364589224050e-01,-7.0620619482974933e-01,-4.1855910373568683e-01,5.0032850242381599e-01,-3.6894963516107160e-02,-1.1449076346355602e-01,2.7961736551774675e-02,-2.8250511573683093e-02,1.2383452081478629e-02,2.3471061439997143e-01,1.5021352118727610e-01,5.5758163038348529e-01,-2.5554136338736780e-02,6.4229080456481236e-01,-2.8687381340698237e-01,-4.2948908528735202e-01,-2.9977717012254007e-01,4.6023997410078626e-01,2.2803118266182631e-01,4.0395667495696963e-01,-1.1925683224736146e-02,-4.8942931138183493e-01,2.1572275690120787e-01,7.3303531534514199e-01,3.8263979482600613e-01,-2.4314646395680404e-02,9.6402625842254952e-02,4.4143182625786437e-01,-1.9329622869998321e-02,-3.1477793734928933e-01,1.2985885784797338e-01,-3.0311706801106125e-01,-5.2515534465409894e-02,-6.8052842927540469e-01,-4.7607807439560151e-01,4.7375255520142662e-01,-2.4272388777912858e-02,-5.0491379847195088e-02,3.1435814700024892e-02,-3.9918808155243769e-03,-3.4402510596529087e-02,2.5386511929963451e-01,1.6231165482585652e-01,6.5466343776749580e-01,-7.0336120936751345e-02,7.2574178593055261e-01,-2.9066453801017733e-01,5.3670678111091706e-05,5.3676995207931051e-05,5.4120329127119266e-05,5.3623772540229431e-05,7.1925705955516972e-01,-5.6045864477880258e-01,6.2817898680127626e-01,-7.3436419485457072e-01,-4.8438603861450899e-09,-4.2682762824183581e-09,5.3927146781580371e-01,5.9232101991463038e-01
3.3164989822327122e+07,-4.7510517993934270e-01,-1.8682882942733819e-01,3.7926974223375953e-01,3.0893838161479936e-01,4.5480411360471068e-01,-3.8239221367207053e-02,-5.4485971154116108e-01,2.0603025153060392e-01,7.0728093599556208e-01,3.8224819265716603e-01,6.7929856897015362e-02,-6.7858723560478687e-02,4.7632679621896679e-01,-3.7191119622607717e-02,-3.6408676937259321e-01,1.4117187143621407e-01,-2.1398959581956747e-01,-2.1519759164063482e-01,-7.0550481726089131e-01,-4.1941681346519422e-01,5.0028738290697150e-01,-3.6971637065183693e-02,-1.1467209372981174e-01,2.7779924356800517e-02,-2.7686079255816350e-02,1.1915692412796559e-02,2.3504519874729751e-01,1.5032801176122199e-01,5.5778560696178592e-01,-2.5326532442105268e-02,6.4177004523572534e-01,-2.8705496518442375e-01,-4.2882774066668689e-01,-2.9787410847569085e-01,4.5937548209651591e-01,2.2971609891225830e-01,4.0372252704603467e-01,-1.1661010927611928e-02,-4.8978636628167588e-01,2.1593661600216971e-01,7.3213051338825141e-01,3.8285706990366658e-01,-2.4283708394244152e-02,9.3569138739370783e-02,4.4128275864074962e-01,-1.9118423772253736e-02,-3.1464877018105447e-01,1.3009249444781376e-01,-3.0284040130542783e-01,-5.5415620047609457e-02,-6.7969844344573449e-01,-4.7499233562868221e-01,4.7368202540225174e-01,-2.4033573563443190e-02,-5.0400890032009746e-02,3.1476760449385924e-02,-4.0212216192676131e-03,-3.3524245660402560e-02,2.5368812967483739e-01,1.6247973702772869e-01,6.5504292407001163e-01,-7.0849468587016740e-02,7.2563854404172645e-01,-2.9044518501879280e-01,5.3670613736874547e-05,5.3676987577998091e-05,5.4107493643933797e-05,5.3623647645835336e-05,-2.4545848274238602e-01,-8.7626153558656483e-01,-4.5002346878991462e-01,-8.5498125693665938e-01,-3.3990679324635234e-09,2.4527406366292224e-09,7.6431926239461234e-01,-2.2499497964408272e-01
3.4528671443168521e+07,-4.7382426621398827e-01,-1.8777974393020289e-01,3.8089511433797635e-01,3.0829258311082886e-01,4.5468306114906021e-01,-3.8341635968567302e-02,-5.4507799492534637e-01,2.0591171622497959e-01,7.0755220421976206e-01,3.8241573755142755e-01,6.5841411343904171e-02,-6.6795086200639897e-02,4.7625100320955605e-01,-3.7263350362517079e-02,-3.6429434586619264e-01,1.4087348099812275e-01,-2.1609666344945691e-01,-2.1399080943935303e-01,-7.0478534462892828e-01,-4.2015512131841715e-01,5.0025326094706768e-01,-3.7041707470146797e-02,-1.1513032533168110e-01,2.7771884832315213e-02,-2.7130443147297650e-02,1.1468176366405581e-02,2.3502747061673496e-01,1.5029071882752193e-01,5.5797281545551647e-01,-2.5111382860980191e-02,6.4138389348220670e-01,-2.8728917187100755e-01,-4.2820790312130597e-01,-2.9614614844304193e-01,4.5878976899706891e-01,2.3141529825037610e-01,4.0349929346148272e-01,-1.1401978656505340e-02,-4.8985531836542501e-01,2.1605975923920492e-01,7.3131846691202462e-01,3.8305071896381671e-01,-2.4178156231009995e-02,9.1044877959534504e-02,4.4114684969110324e-01,-1.8921146276135437e-02,-3.1453039210417399e-01,1.3032487968087270e-01,-3.0263038167556588e-01,-5.8094220286452877e-02,-6.7891586361697676e-01,-4.7398649255333519e-01,4.7362755022094177e-01,-2.3816049730350841e-02,-5.0716018332960737e-02,3.1625024327725564e-02,-4.0396415758193593e-03,-3.2681926220105954e-02,2.5328798923743784e-01,1.6242808844197312e-01,6.5538975965042678e-01,-7.1332491279363752e-02,7.2569431491088598e-01,-2.9028091305916159e-01,5.3670579466266921e-05,5.3676998897017448e-05,5.4094889848274941e-05,5.3623488578948307e-05,8.4800829208892214e-01,3.2487975829132315e-01,9.5595193579745386e-01,1.3881822804805219e-01,-3.9704462688411140e-10,-2.6659369152012125e-09,-3.2387207280491370e-01,7.2319807542823400e-01
3.5948425071659647e+07,-4.7245723862808919e-01,-1.8879997998392167e-01,3.8219730326777213e-01,3.0739556442376281e-01,4.5455161829435958e-01,-3.8457350788101065e-02,-5.4559053852390171e-01,2.0591940174427414e-01,7.0785420225223006e-01,3.8257022122795981e-01,6.3417141600579222e-02,-6.5818701490575171e-02,4.7616469050270699e-01,-3.7348979190600186e-02,-3.6451690801194747e-01,1.4054541484668509e-01,-2.1827072157893285e-01,-2.1272108875588963e-01,-7.0410538275785839e-01,-4.2099323196689498e-01,5.0020850583129628e-01,-3.7126210054790540e-02,-1.1523180324526883e-01,2.7496295748089462e-02,-2.6591826164238039e-02,1.1031078397524589e-02,2.3548011046529227e-01,1.5042865158432239e-01,5.5818560795469019e-01,-2.4860049104214049e-02,6.4080116789749952e-01,-2.8747525608239738e-01,-4.2759162994858052e-01,-2.9431246527264399e-01,4.5793116855217808e-01,2.3297173741470650e-01,4.0326124199807339e-01,-1.1112723769384530e-02,-4.9030829843700058e-01,2.1631050913669006e-01,7.3049296242628969e-01,3.8326073186242277e-01,-2.4205404051887442e-02,8.8296629695433504e-02,4.4099339105809182e-01,-1.8688158649546548e-02,-3.1440440154374477e-01,1.3056822516477190e-01,-3.0239561471434595e-01,-6.0866796373259702e-02,-6.7817088929621094e-01,-4.7294916054123670e-01,4.7355228116746356e-01,-2.3553454401717178e-02,-5.0475195334981272e-02,3.1654928500741697e-02,-4.0619961719586747e-03,-3.1853690749025165e-02,2.5321692333261320e-01,1.6268411673776767e-01,6.5578445467339985e-01,-7.1896266364226774e-02,7.2554186623003369e-01,-2.9003747987533979e-01,5.3670504101137094e-05,5.3676982035816584e-05,5.4082533046936081e-05,5.3623379284211485e-05,8.2285851432962509e-01,-3.7957940478129615e-01,7.5993163614718384e-01,-5.9599387878007348e-01,-1.5349691652520167e-09,-7.6809490619828425e-10,2.3955734243279150e-01,7.5059080724497917e-01
3.7426556282645695e+07,-4.7116704524566483e-01,-1.8973869452772316e-01,3.8359001297266421e-01,3.0665083102849688e-01,4.5442374529801488e-01,-3.8573350151095281e-02,-5.4596682626084192e-01,2.0585826110160774e-01,7.0812070377942082e-01,3.8271936350302971e-01,6.1226566555517822e-02,-6.4863627220149891e-02,4.7608232395081251e-01,-3.7432795141830677e-02,-3.6474017134130199e-01,1.4022308821541460e-01,-2.2033680985294279e-01,-2.1154579097560558e-01,-7.0341688053100659e-01,-4.2174908848173764e-01,5.0016807714781786e-01,-3.7207470049049306e-02,-1.1550949836136726e-01,2.7324363137306552e-02,-2.6062808182296501e-02,1.0611292388051637e-02,2.3571158064709630e-01,1.5046739343303112e-01,5.5838808059639611e-01,-2.4613274052536882e-02,6.4030070268868955e-01,-2.8769886861778282e-01,-4.2700787821763136e-01,-2.9260381182108125e-01,4.5725840324391348e-01,2.3452193627548606e-01,4.0303024167044604e-01,-1.0823117310428364e-02,-4.9057957135357633e-01,2.1650539234382918e-01,7.2973717165828822e-01,3.8345379248179284e-01,-2.4188981019154357e-02,8.5765580269408490e-02,4.4084846973239827e-01,-1.8461113025460912e-02,-3.1428607909398903e-01,1.3081234178518500e-01,-3.0220910312650145e-01,-6.3475678566742230e-02,-6.7746631889743258e-01,-4.7197032367498282e-01,4.7348763011795209e-01,-2.3301609098702006e-02,-5.0487519401791296e-02,3.1756264491254835e-02,-4.0764086660614717e-03,-3.1055734959264759e-02,2.5300852780035699e-01,1.6280359704367903e-01,6.5615874861023094e-01,-7.2447636867175438e-02,7.2549053594353230e-01,-2.8982779331541431e-01,5.3670447004482887e-05,5.3676976101165640e-05,5.4070401693011945e-05,5.3623248555882587e-05,-3.0877993105780749e-01,8.4987127835016518e-01,-1.0036544874653675e-01,9.6031643356428031e-01,9.5816400436392694e-10,-5.0281156506585566e-10,-6.7015719172347543e-01,-4.0552534131676410e-01
3.8965465451846629e+07,-4.6990420158868101e-01,-1.9064299996708189e-01,3.8495295981541594e-01,3.0593687616287490e-01,4.5429527543640275e-01,-3.8693707707323159e-02,-5.4633487977146533e-01,2.0578582196632797e-01,7.0837262105345922e-01,3.8286137803594006e-01,5.9097956304630196e-02,-6.3946680454877822e-02,4.7599960334372643e-01,-3.7519453778583768e-02,-3.6496840378197942e-01,1.3989547444613090e-01,-2.2234970790559802e-01,-2.1041527137163646e-01,-7.0273399316175889e-01,-4.2247866422611663e-01,5.0012757178230871e-01,-3.7290848734419721e-02,-1.1580517738530563e-01,2.7145575890539647e-02,-2.5545006524038221e-02,1.0205706869758354e-02,2.3592775792794271e-01,1.5048889101926974e-01,5.5859084520069702e-01,-2.4358573574095793e-02,6.3979942904412757e-01,-2.8793520849004262e-01,-4.2644606492580500e-01,-2.9094804791877910e-01,4.5663181790937768e-01,2.3602857241484876e-01,4.0279985097548643e-01,-1.0523831701916654e-02,-4.9083717584854292e-01,2.1669925788640351e-01,7.2902255837359731e-01,3.8364010692581618e-01,-2.4180257483537790e-02,8.3315573172065699e-02,4.4070443043957602e-01,-1.8227319435677972e-02,-3.1417067834799856e-01,1.3106051911795591e-01,-3.0204689461508327e-01,-6.6002823020825704e-02,-6.7679788535894370e-01,-4.7102092420400310e-01,4.7342448458924613e-01,-2.3043633583185473e-02,-5.0512696960176816e-02,3.1872651624399846e-02,-4.0867915362161368e-03,-3.0281554051219801e-02,2.5280017130389004e-01,1.6291830544625391e-01,6.5653280560311378e-01,-7.3015038995936851e-02,7.2544871792866161e-01,-2.8961808018343094e-01,5.3670392541695891e-05,5.3676971551786964e-05,5.4058497109098998e-05,5.3623119144647549e-05,4.8071280380052389e-01,7.6349546503185328e-01,7.0464921396955416e-01,6.5978223509997125e-01,1.5779698394993983e-11,-6.7500939442413735e-10,-7.4593835160940769e-01,2.2315153611453026e-01
4.0567651653889172e+07,-4.6866366834800566e-01,-1.9151816444863407e-01,3.8627499025836809e-01,3.0524083660982643e-01,4.5416578686625164e-01,-3.8818972498798621e-02,-5.4670764722084053e-01,2.0570744721556339e-01,7.0861253532273072e-01,3.8299638603326519e-01,5.7013571730386021e-02,-6.3069032581666462e-02,4.7591609446223132e-01,-3.7609534390038307e-02,-3.6520204201847895e-01,1.3956113395633934e-01,-2.2431570562507330e-01,-2.0932377102133259e-01,-7.0205822449085353e-01,-4.2318830358812903e-01,5.0008657194743567e-01,-3.7376992065928899e-02,-1.1610294526498195e-01,2.6948734024804293e-02,-2.5038342997359783e-02,9.8135722877851651e-03,2.3614949066427079e-01,1.5050162964016509e-01,5.5879491828175987e-01,-2.4094391329196829e-02,6.3928881161600737e-01,-2.8818230376362924e-01,-4.2590404939778420e-01,-2.8933693228986002e-01,4.5603601701606250e-01,2.3748912376530415e-01,4.0256949175657736e-01,-1.0213633378332993e-02,-4.9109790005627102e-01,2.1689798388580983e-01,7.2834459196939128e-01,3.8382083353483165e-01,-2.4184271721678880e-02,8.0931388762435094e-02,4.4056058308813600e-01,-1.7985240375926810e-02,-3.1405761353260608e-01,1.3131324736568167e-01,-3.0190583386049791e-01,-6.8458262439922840e-02,-6.7616354503084186e-01,-4.7009728398135797e-01,4.7336209310831306e-01,-2.2777538832647468e-02,-5.0526646101750547e-02,3.1998290766274869e-02,-4.0936632098854415e-03,-2.9529788729084003e-02,2.5260514480432750e-01,1.6304131062094041e-01,6.5690855547170701e-01,-7.3601932615804902e-02,7.2540743892775594e-01,-2.8940472035150849e-01,5.3670338526317343e-05,5.3676966808100489e-05,5.4046815253147255e-05,5.3622992810253316e-05,-8.8926609325675543e-01,1.3976035161483039e-01,-8.7931730148477683e-01,3.9773365612276751e-01,4.0073597375442721e-10,1.1492885215825384e-10,1.4918956539180939e-01,-7.5926764109696898e-01
4.2235716720619924e+07,-4.6744809370537249e-01,-1.9236264739784423e-01,3.8756541349727897e-01,3.0456950825847162e-01,4.5403558189328819e-01,-3.8949005841438719e-02,-5.4707690023340594e-01,2.0561917056931012e-01,7.0883999251566199e-01,3.8312479995156518e-01,5.4983055002798271e-02,-6.2227781279340470e-02,4.7583210807180115e-01,-3.7702811995155586e-02,-3.6544071890511803e-01,1.3922049931850389e-01,-2.2623286068422094e-01,-2.0827264910727095e-01,-7.0138875079138063e-01,-4.2387554359277502e-01,5.0004542585290657e-01,-3.7465608927349056e-02,-1.1641284028319779e-01,2.6740742308625415e-02,-2.4542443954438869e-02,9.4344620934182066e-03,2.3636393309283979e-01,1.5050072006341159e-01,5.5899947483839652e-01,-2.3821326077192048e-02,6.3877418459054924e-01,-2.8844216037132203e-01,-4.2538122053638350e-01,-2.8777286420253673e-01,4.5547765353793057e-01,2.3890791697821451e-01,4.0233971300448601e-01,-9.8928655258798265e-03,-4.9135090478947296e-01,2.1709826178661568e-01,7.2770250878471110e-01,3.8399552757622307e-01,-2.4196982485045739e-02,7.8618659169953697e-02,4.4041756501217127e-01,-1.7735536829457162e-02,-3.1394706432629171e-01,1.3157041802370234e-01,-3.0178586577886568e-01,-7.0840023124614085e-02,-6.7556125025446567e-01,-4.6919980577721665e-01,4.7330128989633230e-01,-2.2504287467686724e-02,-5.0544718466912053e-02,3.2136756749436488e-02,-4.0970321586451131e-03,-2.8799882623947511e-02,2.5241392313033989e-01,1.6316403699303389e-01,6.5728442962010292e-01,-7.4206873645625476e-02,7.2537280628787304e-01,-2.8918978919357952e-01,5.3670285553890185e-05,5.3676962073234174e-05,5.4035351257029255e-05,5.3622867720922217e-05,1.2877037779193576e-01,8.8881644889450884e-01,3.9858539628514017e-01,8.7866577772631294e-01,3.6862655244460916e-11,-2.5195771278875414e-10,-7.3717604575284423e-01,-2.1842011279976009e-01
4.3972369466287248e+07,-4.6625584112250612e-01,-1.9317858893641349e-01,3.8882315617607366e-01,3.0391924569695944e-01,4.5390457489243302e-01,-3.9084078998922286e-02,-5.4744551051755486e-01,2.0552177781554368e-01,7.0905609906810274e-01,3.8324689295760694e-01,5.3001409110633682e-02,-6.1422043745025426e-02,4.7574756391864537e-01,-3.7799518022435787e-02,-3.6568450625172511e-01,1.3887289025578894e-01,-2.2810389616484419e-01,-2.0725935965907227e-01,-7.0072572658958188e-01,-4.2454262766278222e-01,5.0000408853495604e-01,-3.7556927410367452e-02,-1.1673139327331226e-01,2.6519032980584840e-02,-2.4056974149543754e-02,9.0677004385614421e-03,2.3657581100074154e-01,1.5048829699602373e-01,5.5920464886802246e-01,-2.3538752292423248e-02,6.3825356687615331e-01,-2.8871487869741236e-01,-4.2487620878126020e-01,-2.8625247880530608e-01,4.5495190398331353e-01,2.4028596751518302e-01,4.0211047471869932e-01,-9.5609374575104725e-03,-4.9159975263837180e-01,2.1730168526225335e-01,7.2709367378922363e-01,3.8416459650884577e-01,-2.4219089135642483e-02,7.6371851286445080e-02,4.4027533825562509e-01,-1.7477638461271882e-02,-3.1383875080471213e-01,1.3183231405914445e-01,-3.0168536858678963e-01,-7.3152733244350288e-02,-6.7498905615496785e-01,-4.6832663877227387e-01,4.7324212278720984e-01,-2.2223220984363530e-02,-5.0561725731990567e-02,3.2286692676656160e-02,-4.0971800864747082e-03,-2.8090740434024368e-02,2.5222894506787513e-01,1.6328917556010852e-01,6.5766067111279547e-01,-7.4831184585378407e-02,7.2534311673327068e-01,-2.8897231417168506e-01,5.3670233998928774e-05,5.3676957894978092e-05,5.4024101079874644e-05,5.3622744896022220e-05,-7.0156793726771616e-01,5.5727857296688588e-01,-5.4771544396751881e-01,7.9400822280208982e-01,1.3320918529269945e-10,-7.6923968132829277e-11,-1.1705813935941377e-01,-7.5477725091078118e-01
4.5780430086455286e+07,-4.6508269958992893e-01,-1.9397012267800934e-01,3.9003773321709923e-01,3.0327868230799321e-01,4.5377235089726731e-01,-3.9224761627826760e-02,-5.4782518994071694e-01,2.0541994246602466e-01,7.0926288414695304e-01,3.8336278286786268e-01,5.1053262929634947e-02,-6.0653696839947167e-02,4.7566203394084566e-01,-3.7900252975058876e-02,-3.6593390490698552e-01,1.3851681872649466e-01,-2.2993395279911938e-01,-2.0627936292422117e-01,-7.0007046086805791e-01,-4.2519506982504413e-01,4.9996215502341601e-01,-3.7651617659903686e-02,-1.1704451313663078e-01,2.6273350124235560e-02,-2.3581826237196284e-02,8.7127026142440611e-03,2.3680384731145263e-01,1.5047172904979556e-01,5.5941142142360212e-01,-2.3245058417887807e-02,6.3771905737144530e-01,-2.8899891618520407e-01,-4.2438731709281569e-01,-2.8476923589966746e-01,4.5444559454233557e-01,2.4162047376679646e-01,4.0188123247628205e-01,-9.2165735298189999e-03,-4.9185956084444038e-01,2.1751365218880248e-01,7.2651468942921182e-01,3.8432901490681548e-01,-2.4255461516313286e-02,7.4178344381458858e-02,4.4013325202780390e-01,-1.7209957063437892e-02,-3.1373212831390601e-01,1.3209951213034296e-01,-3.0160202665046315e-01,-7.5404392589679417e-02,-6.7444570197485587e-01,-4.6747495370723097e-01,4.7318390556205497e-01,-2.1932285156077411e-02,-5.0556035643079880e-02,3.2443028225327915e-02,-4.0944916466240464e-03,-2.7401283508804337e-02,2.5206222044680249e-01,1.6342857488681919e-01,6.5803915543729741e-01,-7.5478425464148943e-02,7.2531037641395280e-01,-2.8874893957804804e-01,5.3670182001968373e-05,5.3676952962264810e-05,5.4013061054480000e-05,5.3622626060135506e-05,8.4882484215355358e-01,-2.7993544064177051e-01,7.8003946974228755e-01,-5.6699254105413566e-01,-8.7559199012208387e-11,2.7830262025038342e-11,-2.1531110651672394e-01,7.2742285925403671e-01
4.7662834737792917e+07,-4.6394093759715593e-01,-1.9472801677582260e-01,3.9124751558597887e-01,3.0268128519571347e-01,4.5364034679284154e-01,-3.9369826279327863e-02,-5.4817829400809814e-01,2.0529736539546101e-01,7.0945639475266620e-01,3.8347314785097186e-01,4.9184292051024273e-02,-5.9911824338653594e-02,4.7557698167084600e-01,-3.8003504061750612e-02,-3.6618706941849993e-01,1.3815568319978144e-01,-2.3171101737599525e-01,-2.0534207655606329e-01,-6.9941892599450917e-01,-4.2581866008912539e-01,4.9992114789483089e-01,-3.7747873285959688e-02,-1.1739730282360791e-01,2.6035520733772508e-02,-2.3116335561581748e-02,8.3693355932351887e-03,2.3698920541819404e-01,1.5042822559535388e-01,5.5961613981372216e-01,-2.2944296332046907e-02,6.3719575086405000e-01,-2.8930120490763517e-01,-4.2391596457771230e-01,-2.8333808528507298e-01,4.5399431208989532e-01,2.4292612505241223e-01,4.0165428602286601e-01,-8.8626144954054437e-03,-4.9208156976976097e-01,2.1771776448447980e-01,7.2596875650015558e-01,3.8448631568026476e-01,-2.4288475331707037e-02,7.2069931505658269e-02,4.3999395577220846e-01,-1.6936673523170458e-02,-3.1362842628985060e-01,1.3237076432816589e-01,-3.0153872654006098e-01,-7.7578763347626575e-02,-6.7392824723374323e-01,-4.6664972426013368e-01,4.7312984234303196e-01,-2.1637201490876962e-02,-5.0596830163703643e-02,3.2622190589665756e-02,-4.0884812990319274e-03,-2.6731887242886599e-02,2.5187286768548872e-01,1.6354398941614531e-01,6.5841293352736385e-01,-7.6139355386405955e-02,7.2530128287544582e-01,-2.8852997968512140e-01,5.3670133677108397e-05,5.3676949606730820e-05,5.4002224997233188e-05,5.3622504131932572e-05,6.1196310127732412e-01,-6.4838938666393486e-01,4.0332649813327931e-01,-8.7564495918952412e-01,-3.2220060071554492e-11,4.3633285504472684e-11,8.6387588954438710e-02,7.4834828309027002e-01
4.9622640306174919e+07,-4.6281374817130372e-01,-1.9546637915719539e-01,3.9240563580505272e-01,3.0208184375152430e-01,4.5350675794258494e-01,-3.9521269709283720e-02,-5.4855364163920917e-01,2.0517419371414214e-01,7.0964304599497696e-01,3.8357770915081951e-01,4.7333155963733192e-02,-5.9208118583508426e-02,4.7549056777682647e-01,-3.8111520584149711e-02,-3.6644625819919113e-01,1.3778412319531336e-01,-2.3345336583593798e-01,-2.0443250438411559e-01,-6.9877611824060726e-01,-4.2643377062513910e-01,4.9987923795619998e-01,-3.7848279054746858e-02,-1.1773119963460077e-01,2.5763729569212718e-02,-2.2660695643608782e-02,8.0366311625623375e-03,2.3720875296284979e-01,1.5038793525163796e-01,5.5982322226915582e-01,-2.2630438265956024e-02,6.3665089044001688e-01,-2.8961416798637490e-01,-4.2345817755534426e-01,-2.8193637051708231e-01,4.5354847131284376e-01,2.4418722009184538e-01,4.0142699140121352e-01,-8.4945328745537098e-03,-4.9232875523536501e-01,2.1793603625773916e-01,7.2544780955164589e-01,3.8464007231994424e-01,-2.4340056454498934e-02,7.0000698490044061e-02,4.3985438299115431e-01,-1.6651730218092943e-02,-3.1352567907971735e-01,1.3264812257186531e-01,-3.0148949008987069e-01,-7.9702116685275784e-02,-6.7343692470862238e-01,-4.6584225993610145e-01,4.7307643378908332e-01,-2.1329935819130556e-02,-5.0594388881480858e-02,3.2802790687170819e-02,-4.0801651409900636e-03,-2.6080310903986596e-02,2.5171277948158943e-01,1.6368476174583177e-01,6.5879041094738111e-01,-7.6827480316506810e-02,7.2528193854808098e-01,-2.8830167031872161e-01,5.3670083696799999e-05,5.3676944844653653e-05,5.3991591331382249e-05,5.3622388204189242e-05,6.0715473496403083e-01,6.4979889785961376e-01,8.5539156135840821e-01,4.4406947583989981e-01,-2.6584628657219450e-11,-1.7160831570161454e-11,-7.4713709834289388e-01,-3.3266102845783060e-02
5.1663029370838478e+07,-4.6170854594573285e-01,-1.9617985091690213e-01,3.9353651123944650e-01,3.0150094943777622e-01,4.5337249043551348e-01,-3.9678416532728751e-02,-5.4892773725322996e-01,2.0504011441369824e-01,7.0982056017406026e-01,3.8367695716896072e-01,4.5527877992384468e-02,-5.8535270045011183e-02,4.7540371511320734e-01,-3.8223420380263828e-02,-3.6671030138002736e-01,1.3740404693914590e-01,-2.3515402233160992e-01,-2.0355600447500180e-01,-6.9813941738014973e-01,-4.2703184089647817e-01,4.9983740382276420e-01,-3.7951756240500026e-02,-1.1807436188339748e-01,2.5477619758147170e-02,-2.2214357184506900e-02,7.7143207715645720e-03,2.3742593907805273e-01,1.5033665723783812e-01,5.6003032871210634e-01,-2.2305847424840763e-02,6.3610008366629733e-01,-2.8994239603548611e-01,-4.2301460463992246e-01,-2.8057284073356248e-01,4.5312980509593304e-01,2.4541342905747224e-01,4.0120085188518556e-01,-8.1139115277301631e-03,-4.9257069124496905e-01,2.1815832482332276e-01,7.2495333173673515e-01,3.8478879909728136e-01,-2.4399006301325622e-02,6.7989658287596830e-02,4.3971626026233096e-01,-1.6357600259655120e-02,-3.1342457336857826e-01,1.3293091330160728e-01,-3.0145577339114826e-01,-8.1765194193150370e-02,-6.7296946309543182e-01,-4.6505528142015495e-01,4.7302581255118792e-01,-2.1013936708305099e-02,-5.0591812313557555e-02,3.2995171273271402e-02,-4.0693008563086677e-03,-2.5446507078850419e-02,2.5155628647877815e-01,1.6382707031826158e-01,6.5916713942574501e-01,-7.7537365293313010e-02,7.2526912942932542e-01,-2.8807040561569791e-01,5.3670035074210700e-05,5.3676940597885718e-05,5.3981154880284843e-05,5.3622274204208597e-05,-2.6304300980554890e-01,-8.4710019089617616e-01,-5.8909640696597199e-01,-7.6243372806648368e-01,1.1273757641950456e-11,1.4332458435512405e-11,6.1448818913353687e-01,4.1643066920352562e-01
5.3787315372656353e+07,-4.6063890012541897e-01,-1.9685881748977863e-01,3.9468442173382906e-01,3.0097734665737164e-01,4.5323937787151070e-01,-3.9839606814900494e-02,-5.4925684787032214e-01,2.0487707718584816e-01,7.0998478203499871e-01,3.8377146671655671e-01,4.3820145728122685e-02,-5.7878994349609234e-02,4.7531825580373277e-01,-3.8337193337757466e-02,-3.6697661059702857e-01,1.3702001660829249e-01,-2.3679956953905595e-01,-2.0272251612971565e-01,-6.9750436796522530e-01,-4.2759631890509975e-01,4.9979751772831815e-01,-3.8055911543750626e-02,-1.1847796472777994e-01,2.5214015347458305e-02,-2.1776837934950454e-02,7.4023597871440711e-03,2.3757323540793393e-01,1.5024867196488620e-01,5.6023292951069981e-01,-2.1975917346171464e-02,6.3557311546656303e-01,-2.9029299136367409e-01,-4.2258715486216691e-01,-2.7926364941494997e-01,4.5277869385466535e-01,2.4662175893612082e-01,4.0097875506522890e-01,-7.7245828522168845e-03,-4.9275131831692182e-01,2.1836510603418999e-01,7.2448861113335195e-01,3.8492981141964400e-01,-2.4444239906403424e-02,6.6072221021694577e-02,4.3958281100202690e-01,-1.6059807102852378e-02,-3.1332658573046346e-01,1.3321721863834957e-01,-3.0144014004907116e-01,-8.3750134844341212e-02,-6.7252221650383237e-01,-4.6429418892018692e-01,4.7298178858648793e-01,-2.0696739579950472e-02,-5.0668298908443619e-02,3.3218144631149533e-02,-4.0554389793629551e-03,-2.4831148214461373e-02,2.5135659166026370e-01,1.6392701241070196e-01,6.5953450612414843e-01,-7.8256828641411230e-02,7.2529331958480048e-01,-2.8784859942512886e-01,5.3669990818252420e-05,5.3676937748012474e-05,5.3970908862077401e-05,5.3622152593423854e-05,-8.2826810849218402e-01,-3.1074773068996431e-01,-9.6310326961855852e-01,1.4187770179302714e-02,1.0304457638749252e-11,-1.2287489805864531e-12,7.2048398482265319e-01,-1.5324676557674893e-01
5.5998947994919732e+07,-4.5954983580342046e-01,-1.9754496454520223e-01,3.9567901354581142e-01,3.0035464095788111e-01,4.5310043150090007e-01,-4.0012278400567008e-02,-5.4971371715049000e-01,2.0475444690838743e-01,7.1015445132427768e-01,3.8386002393921936e-01,4.2002342258457608e-02,-5.7291595052469772e-02,4.7522716391060021e-01,-3.8461409973397934e-02,-3.6725483448860630e-01,1.3661195564464251e-01,-2.3844734778779189e-01,-2.0188799246365516e-01,-6.9688819510815470e-01,-4.2819600572211536e-01,4.9975259013684348e-01,-3.8170718455669245e-02,-1.1873891509683021e-01,2.4825654224738244e-02,-2.1348947863879759e-02,7.0990096949004695e-03,2.3791928040863747e-01,1.5022690999945340e-01,5.6044794584910351e-01,-2.1617679636213027e-02,6.3495206087497413e-01,-2.9064091778703272e-01,-4.2216466595478908e-01,-2.7793959407076885e-01,4.5232931401657706e-01,2.4775042142783801e-01,4.0075033180932340e-01,-7.3096245123864118e-03,-4.9309191152028570e-01,2.1863512259855644e-01,7.2403384536736459e-01,3.8507445167666421e-01,-2.4557495579408593e-02,6.4100674124188600e-02,4.3944234011154942e-01,-1.5735183461654745e-02,-3.1322504778703064e-01,1.3351546179425258e-01,-3.0142843353174392e-01,-8.5736157906910263e-02,-6.7210339797707808e-01,-4.6353393189251824e-01,4.7293103405264808e-01,-2.0347318114800925e-02,-5.0509961998650259e-02,3.3397207098942228e-02,-4.0410300390750428e-03,-2.4228686233676425e-02,2.5129711343835603e-01,1.6415811296735516e-01,6.5992473107866922e-01,-7.9037240452957472e-02,7.2523562690171794e-01,-2.8758653978288368e-01,5.3669936426368621e-05,5.3676930174752800e-05,5.3960859851039774e-05,5.3622058968426912e-05,-4.4341224192591472e-01,-7.6270696851318931e-01,-7.6506044914118332e-01,-5.8468435780194405e-01,5.2226809733119391e-12,2.5924394342793899e-12,6.0972839250187505e-01,4.0269413469900306e-01
5.8301518765368618e+07,-4.5856128036510702e-01,-1.9815040665971068e-01,3.9690847478164204e-01,2.9998134997140802e-01,4.5297171327094210e-01,-4.0180103635789347e-02,-5.4990976155410198e-01,2.0451606936144018e-01,7.1029012993836038e-01,3.8394589335412205e-01,4.0534184587548663e-02,-5.6647838896768075e-02,4.7514654694530462e-01,-3.8576887175348337e-02,-3.6752237803875709e-01,1.3622418892892862e-01,-2.3997499543247144e-01,-2.0114460039932686e-01,-6.9625139545537784e-01,-4.2867928576397063e-01,4.9971876045563646e-01,-3.8273636307197004e-02,-1.1931220519311678e-01,2.4642380520750566e-02,-2.0927881172703160e-02,6.8063107597986141e-03,2.3786203018280558e-01,1.5004190556186639e-01,5.6063634489387282e-01,-2.1282550283367369e-02,6.3450279210937122e-01,-2.9104340070080204e-01,-4.2176959041077111e-01,-2.7674811487797529e-01,4.5214798331782180e-01,2.4894437337819969e-01,4.0053979991393390e-01,-6.9063141730855634e-03,-4.9309531570489956e-01,2.1879154193748726e-01,7.2362707622071831e-01,3.8519815866167267e-01,-2.4552150271838231e-02,6.2395880709894429e-02,4.3932199502323932e-01,-1.5435826363705021e-02,-3.1313426751012119e-01,1.3380682598321661e-01,-3.0144778631948460e-01,-8.7556390143818497e-02,-6.7168889768279039e-01,-4.6282618815389776e-01,4.7290477206213000e-01,-2.0035986882825395e-02,-5.0820982791950818e-02,3.3699728872600671e-02,-4.0213748675118274e-03,-2.3648810456822968e-02,2.5096462922993462e-01,1.6413060846059874e-01,6.6026347857673318e-01,-7.9763431254046391e-02,7.2536378259013379e-01,-2.8739617097674108e-01,5.3669907395623094e-05,5.3676934662608939e-05,5.3950981300001689e-05,5.3621915595610228e-05,8.7972645959446472e-01,-9.5279737825482280e-03,8.7871608350246411e-01,-3.9296976042307091e-01,-2.4933715796050833e-12,2.0574606215758349e-12,-6.7972352562659788e-01,2.5153486919157780e-01
6.0698766888567187e+07,-4.5749857203515359e-01,-1.9880292557812129e-01,3.9780413535772258e-01,2.9934513575701271e-01,4.5282955110520173e-01,-4.0367903145180420e-02,-5.5041533156256339e-01,2.0438871213437398e-01,7.1044956723226749e-01,3.8402493726230630e-01,3.8743278311983181e-02,-5.6133834474602240e-02,4.7505267191207706e-01,-3.8712584905371633e-02,-3.6781279595061589e-01,1.3578955029309836e-01,-2.4156149428816021e-01,-2.0035789447130695e-01,-6.9565159381841757e-01,-4.2926975177999255e-01,4.9967240228040105e-01,-3.8398587977545667e-02,-1.1953129815250058e-01,2.4178893141621631e-02,-2.0517112966302604e-02,6.5207379463452647e-03,2.3828509732723585e-01,1.5002954115812439e-01,5.6085528336046930e-01,-2.0892933924537629e-02,6.3383387695386662e-01,-2.9141967780705774e-01,-4.2136772035521336e-01,-2.7547418298055876e-01,4.5169682879742545e-01,2.4999169566989754e-01,4.0031193584427616e-01,-6.4581378297846985e-03,-4.9349041039869113e-01,2.1909560275117901e-01,7.2321150053617278e-01,3.8533687808873485e-01,-2.4702901672834801e-02,6.0488413501278489e-02,4.3918234110244930e-01,-1.5083330075177859e-02,-3.1303281435691355e-01,1.3412015853802081e-01,-3.0145858016359961e-01,-8.9455330128038191e-02,-6.7131306573920091e-01,-4.6209512113299589e-01,4.7285808065947260e-01,-1.9657201761902218e-02,-5.0568639286409645e-02,3.3880551906197702e-02,-4.0033288721845074e-03,-2.3076422353343513e-02,2.5096449041849600e-01,1.6441624221565887e-01,6.6065967460767339e-01,-8.0608789591541524e-02,7.2528653744951410e-01,-2.8711220437321772e-01,5.3669849901523085e-05,5.3676924839846476e-05,5.3941302040489676e-05,5.3621835073954885e-05,-8.6894321238357131e-01,-1.2056932041540144e-01,-9.2163761904983810e-01,2.7660137365715060e-01,1.4279642753043539e-12,-1.0432797243237492e-12,7.1568777557999763e-01,-6.4065600543037476e-02
6.3194585318095274e+07,-4.5650580938332469e-01,-1.9939862332092884e-01,3.9883979279690568e-01,2.9887060543536648e-01,4.5269401342174470e-01,-4.0555042407000114e-02,-5.5075619535365594e-01,2.0418419386717282e-01,7.1058607940001761e-01,3.8410075597193316e-01,3.7185993610628978e-02,-5.5591845573531182e-02,4.7496557428156805e-01,-3.8844315454814746e-02,-3.6809720042161298e-01,1.3536393198744848e-01,-2.4306000100637257e-01,-1.9963703543611733e-01,-6.9504112613907743e-01,-4.2978244934582571e-01,4.9963349201874391e-01,-3.8517156073492487e-02,-1.1994800157593544e-01,2.3837944994001374e-02,-2.0113721594556089e-02,6.2446968199014082e-03,2.3845563763555244e-01,1.4991236627705434e-01,5.6105635379899177e-01,-2.0513687007785469e-02,6.3327165614342851e-01,-2.9183681062334821e-01,-4.2098640288525119e-01,-2.7429353644851800e-01,4.5141963844046656e-01,2.5107024714863097e-01,4.0009685348402435e-01,-6.0121950042306693e-03,-4.9367186100308513e-01,2.1933022372499064e-01,7.2283147250306135e-01,3.8546120689688373e-01,-2.4780346896012238e-02,5.8764290404135229e-02,4.3905685800394961e-01,-1.4743321516174680e-02,-3.1293817269802038e-01,1.3443109712156101e-01,-3.0149155256793020e-01,-9.1233650727971738e-02,-6.7094479606749446e-01,-4.6140218586214138e-01,4.7282918803585222e-01,-1.9299507549819010e-02,-5.0609485169014451e-02,3.4142710667470516e-02,-3.9815449113674191e-03,-2.2523357954505108e-02,2.5079403459249633e-01,1.6454029988275817e-01,6.6102108883764477e-01,-8.1428341005510274e-02,7.2532901046104159e-01,-2.8687234296394548e-01,5.3669803001451320e-05,5.3676916816084245e-05,5.3931788992030749e-05,5.3621719212929325e-05,2.5152857584472155e-01,8.3776365101142114e-01,6.4947583353866378e-01,7.0954042678860418e-01,-8.6679722110478389e-13,-3.9856877012017004e-13,-2.7383567339422188e-01,-6.5749878327498990e-01
6.5793027078417018e+07,-4.5548513720206796e-01,-2.0000753204342264e-01,3.9970073113650045e-01,2.9827024684899595e-01,4.5255099468208682e-01,-4.0756958127309062e-02,-5.5125179262036617e-01,2.0402568438051252e-01,7.1073077265047135e-01,3.8417160744394541e-01,3.5487286915558337e-02,-5.5128746057955709e-02,4.7487133918110125e-01,-3.8989696999405701e-02,-3.6839663788531130e-01,1.3490597043462660e-01,-2.4457215879908983e-01,-1.9890747810447587e-01,-6.9444965808334180e-01,-4.3034414234312068e-01,4.9958841630983081e-01,-3.8649803125119786e-02,-1.2019523277936200e-01,2.3346375586866003e-02,-1.9717838615803854e-02,5.9751895621415994e-03,2.3886603888867811e-01,1.4987416789948388e-01,5.6127282019628277e-01,-2.0097528331637166e-02,6.3259354492821429e-01,-2.9225457611646444e-01,-4.2060606313444460e-01,-2.7308678334574221e-01,4.5101822709976092e-01,2.5206365356922850e-01,3.9987384797267189e-01,-5.5333425532720706e-03,-4.9404580297887357e-01,2.1964346549980154e-01,7.2245634050885710e-01,3.8559070434900095e-01,-2.4939041761122299e-02,5.6961924985323473e-02,4.3892296051961810e-01,-1.4368298163924115e-02,-3.1283786581887063e-01,1.3475857996516105e-01,-3.0152637512955766e-01,-9.3028785373376985e-02,-6.7060445790105550e-01,-4.6070420418520752e-01,4.7279297826237804e-01,-1.8899439658477266e-02,-5.0369571493429209e-02,3.4351929246348736e-02,-3.9596241997020901e-03,-2.1979314026416931e-02,2.5078885332377077e-01,1.6482175254928896e-01,6.6141113215647818e-01,-8.2327246132082116e-02,7.2527475037183620e-01,-2.8658234352694123e-01,5.3669759847294172e-05,5.3676919768137852e-05,5.3922465728312743e-05,5.3621649851742331e-05,8.7081307109370787e-01,4.7226618813016132e-02,8.7919136630391070e-01,-3.8935100861607325e-01,-3.2948712915738350e-13,3.8593919424772000e-13,-7.0355426427523138e-01,-5.4910433948477687e-02
6.8498311846692652e+07,-4.5467106883137304e-01,-2.0046896008266057e-01,4.0118507186063840e-01,2.9826151995541583e-01,4.5243741537951443e-01,-4.0933870262179428e-02,-5.5109913923126685e-01,2.0360902654747948e-01,7.1081172560582762e-01,3.8424184927155830e-01,3.4567773172584901e-02,-5.4454445143169397e-02,4.7480613569334168e-01,-3.9102732981991087e-02,-3.6865418542673872e-01,1.3452252099740838e-01,-2.4585821614058784e-01,-1.9834005400967603e-01,-6.9380179352320859e-01,-4.3064017689710954e-01,4.9957249130428755e-01,-3.8742684437303346e-02,-1.2118593047486055e-01,2.3389737654771377e-02,-1.9328346756822823e-02,5.7168841169568749e-03,2.3828485371779037e-01,1.4946178149210612e-01,5.6141826943623452e-01,-1.9767910592718041e-02,6.3236393637381272e-01,-2.9276889923623051e-01,-4.2027259609486900e-01,-2.7213350197384750e-01,4.5122744027919293e-01,2.5327514915101240e-01,3.9969730155152716e-01,-5.1122471374219700e-03,-4.9359509203852420e-01,2.1966038382485781e-01,7.2215127909817467e-01,3.8567900250056358e-01,-2.4783504395759264e-02,5.5710421021044607e-02,4.3883906312116672e-01,-1.4082472387082212e-02,-3.1276216310593158e-01,1.3505216165562411e-01,-3.0160381714854578e-01,-9.4520776674519330e-02,-6.7023038312068761e-01,-4.6010032891787578e-01,4.7281410216628511e-01,-1.8623959586752989e-02,-5.1283277487585079e-02,3.4842880461286529e-02,-3.9303031616150612e-03,-2.1466112911567477e-02,2.5010825813115661e-01,1.6446149477726951e-01,6.6166489513212279e-01,-8.3031409400953854e-02,7.2566433425808208e-01,-2.8648180455985567e-01,5.3669741804995791e-05,5.3676915006473631e-05,5.3913261507987679e-05,5.3621425009114613e-05,7.0593806207799381e-01,-5.0750739817633150e-01,4.2339281525721528e-01,-8.6292604094987047e-01,6.7084788391172212e-15,2.6578222559861308e-13,-6.2808452058741249e-01,3.0749993777747153e-01
7.1314832805222020e+07,-4.5360504591383999e-01,-2.0109668692278201e-01,4.0173425148602365e-01,2.9743863693672823e-01,4.5228060643077139e-01,-4.1165537680067241e-02,-5.5187029379079444e-01,2.0352504700176968e-01,7.1096942503012162e-01,3.8430374572794795e-01,3.2627466474966192e-02,-5.4139028603278468e-02,4.7469888011506695e-01,-3.9275123856298819e-02,-3.6898269916744253e-01,1.3399998565530774e-01,-2.4738830341640344e-01,-1.9760050527875708e-01,-6.9324342709694475e-01,-4.3128890238976181e-01,4.9951665057574690e-01,-3.8902852553826570e-02,-1.2113679375861786e-01,2.2623063272180201e-02,-1.8946034461588820e-02,5.4596654205662058e-03,2.3912252501784198e-01,1.4955973370166520e-01,5.6166191288313361e-01,-1.9278716111814989e-02,6.3147537475782911e-01,-2.9319862024607168e-01,-4.1989483468221622e-01,-2.7088695030927956e-01,4.5060925846323513e-01,2.5411381553903084e-01,3.9946100253889610e-01,-4.5673497124210649e-03,-4.9430944382179870e-01,2.2011785138536680e-01,7.2178776828542934e-01,3.8581672245868348e-01,-2.5088457936404719e-02,5.3778940134304211e-02,4.3869142124219324e-01,-1.3638663750848243e-02,-3.1265119484265380e-01,1.3541343108272774e-01,-3.0164443091151161e-01,-9.6337060350109860e-02,-6.6994260815039375e-01,-4.5939570495391191e-01,4.7276762723384241e-01,-1.8141589232528888e-02,-5.0544840275648900e-02,3.4962731877095969e-02,-3.9077181350111751e-03,-2.0939338575692558e-02,2.5039558943553231e-01,1.6502348006169917e-01,6.6210540618332636e-01,-8.4086581683323780e-02,7.2544334227524643e-01,-2.8609996829140194e-01,5.3669717620187921e-05,5.3676950013409512e-05,5.3904308272554067e-05,5.3621448837909311e-05,4.7765939014193237e-01,-7.2319673034660248e-01,6.5219228489605333e-02,-9.5857920063418134e-01,5.8256117169726195e-14,1.2434969367224146e-13,-5.3549169421872878e-01,4.3872859974513501e-01
7.4247163775647581e+07,-4.5267438180449648e-01,-2.0162541727026334e-01,4.0262536199176813e-01,2.9696680930960057e-01,4.5214235469089187e-01,-4.1383841199318067e-02,-5.5226404429384246e-01,2.0328848551743955e-01,7.1108743970028399e-01,3.8436331253527117e-01,3.1165818582848455e-02,-5.3718374239592435e-02,4.7460950372819311e-01,-3.9429516892412364e-02,-3.6928448196939778e-01,1.3351971891160602e-01,-2.4876121119554534e-01,-1.9697273977112592e-01,-6.9265984696847260e-01,-4.3177408796174677e-01,4.9947883308919100e-01,-3.9040431320927355e-02,-1.2151230345088948e-01,2.2160675138048251e-02,-1.8574052349831068e-02,5.2150183897333585e-03,2.3938909821609061e-01,1.4944193885348811e-01,5.6186090281481826e-01,-1.8837910099799710e-02,6.3084905511921829e-01,-2.9368828256719426e-01,-4.1954914893810769e-01,-2.6980932889139114e-01,4.5035214434683557e-01,2.5505790940699402e-01,3.9925553360985511e-01,-4.0540524269668810e-03,-4.9454503328719535e-01,2.2040575257015299e-01,7.2147380456494581e-01,3.8592872454907917e-01,-2.5215924043001769e-02,5.2198809854791896e-02,4.3857594032383257e-01,-1.3245345260501432e-02,-3.1255485366733310e-01,1.3575434866800923e-01,-3.0171459113210852e-01,-9.7943882063277282e-02,-6.6964267560912916e-01,-4.5875774761631244e-01,4.7275830750682402e-01,-1.7730766435632376e-02,-5.0468051162394417e-02,3.5245456606137787e-02,-3.8798424660114478e-03,-2.0440951637341925e-02,2.5029762374644937e-01,1.6521572124472472e-01,6.6246025297520228e-01,-8.5031903189488001e-02,7.2548123545950183e-01,-2.8582810182903129e-01,5.3669644297940972e-05,5.3676914783105615e-05,5.3895463713652110e-05,5.3621330819373882e-05,2.4820890755120709e-01,-8.2750038151246108e-01,-2.3611845615675442e-01,-9.3091887842177123e-01,4.8456499280879285e-14,5.0265425360962568e-14,-4.6051855717935058e-01,5.0744431044384253e-01
7.7300066646502361e+07,-4.5175997796051398e-01,-2.0213831315549471e-01,4.0350579350568710e-01,2.9650898390917152e-01,4.5200400090128762e-01,-4.1610658351974139e-02,-5.5265277019681969e-01,2.0303431897158106e-01,7.1120049159809817e-01,3.8441952063858664e-01,2.9742117568150130e-02,-5.3315833445032837e-02,4.7452024745891747e-01,-3.9589646626439837e-02,-3.6959009720824609e-01,1.3302453990449892e-01,-2.5010507751554301e-01,-1.9636621485627567e-01,-6.9207799725062680e-01,-4.3224876902001286e-01,4.9944226086974325e-01,-3.9182404120714012e-02,-1.2190096955412200e-01,2.1680642399751836e-02,-1.8207585788717146e-02,4.9760681365578390e-03,2.3965214288013922e-01,1.4931250192238665e-01,5.6205730897287487e-01,-1.8381501763364866e-02,6.3021775362875243e-01,-2.9420281970156492e-01,-4.1921155947821021e-01,-2.6875661846226695e-01,4.5011395589653119e-01,2.5598223983523799e-01,3.9905394200375327e-01,-3.5224240947737753e-03,-4.9477030916825365e-01,2.2069979280810209e-01,7.2117413792391905e-01,3.8603709761893906e-01,-2.5344867925316768e-02,5.0659015534371271e-02,4.3846480530085880e-01,-1.2838947319854237e-02,-3.1245768625735143e-01,1.3610388215915559e-01,-3.0179269712848839e-01,-9.9511403093019091e-02,-6.6935538810210371e-01,-4.5813109701461691e-01,4.7275667431430879e-01,-1.7308125388986934e-02,-5.0395486855503706e-02,3.5543338719229128e-02,-3.8507322365806240e-03,-1.9953066336128304e-02,2.5019623601098590e-01,1.6540685677635922e-01,6.6280950706133990e-01,-8.6008741174277176e-02,7.2553250315783380e-01,-2.8555279514808890e-01,5.3669591811270743e-05,5.3676900083813335e-05,5.3886786321765749e-05,5.3621229692700698e-05,-1.6256045254138343e-01,-8.4560367269426240e-01,-6.5776262732654756e-01,-6.9922242022223424e-01,3.3384662486733255e-14,1.0315551127241243e-14,-2.6833745139359333e-01,6.2270268825937736e-01
8.0478499106164545e+07,-4.5087776930998646e-01,-2.0262482909806617e-01,4.0441513063972223e-01,2.9610647662287626e-01,4.5186858822173492e-01,-4.1842507364825518e-02,-5.5299095558036793e-01,2.0274784216124864e-01,7.1130485970430946e-01,3.8447242099293177e-01,2.8411162910752394e-02,-5.2916811658185132e-02,4.7443380277207109e-01,-3.9751946292829479e-02,-3.6989389666345357e-01,1.3252325886229083e-01,-2.5140181764800307e-01,-1.9579280546453112e-01,-6.9149657182915458e-01,-4.3269320275741957e-01,4.9940937967127608e-01,-3.9324778375168859e-02,-1.2234806329993864e-01,2.1222644348631255e-02,-1.7848355428362491e-02,4.7444127147993438e-03,2.3984461995537179e-01,1.4914964026825525e-01,5.6224466864138511e-01,-1.7919235349712931e-02,6.2961635122698700e-01,-2.9474430894952858e-01,-4.1888497586554646e-01,-2.6774767669939420e-01,4.4993454835415791e-01,2.5689969359954762e-01,3.9886079974329824e-01,-2.9805551149251069e-03,-4.9492944648090181e-01,2.2097822878979534e-01,7.2089254194028740e-01,3.8613942020470438e-01,-2.5453880857649297e-02,4.9198958269485837e-02,4.3836224908482657e-01,-1.2429064738122043e-02,-3.1236158024135163e-01,1.3645687529496781e-01,-3.0188066354559145e-01,-1.0101654762554865e-01,-6.6907702891545495e-01,-4.5752382265364511e-01,4.7276700315868520e-01,-1.6886066818207354e-02,-5.0403795839670293e-02,3.5871865879304791e-02,-3.8199354469495910e-03,-1.9479172490581696e-02,2.5004750467091080e-01,1.6555289959508065e-01,6.6314093984089417e-01,-8.6995714889550144e-02,7.2562590583792175e-01,-2.8528877777775113e-01,5.3669528407222672e-05,5.3676871011519433e-05,5.3878256138988127e-05,5.3621107326359355e-05,-7.7394655128532253e-01,-3.7081348284106186e-01,-9.4960489412416238e-01,1.3780965603406917e-01,1.3765718965241661e-14,-1.0320535557484004e-14,2.4174225392664236e-01,6.2562548542948859e-01
8.3787622693776637e+07,-4.5000463730017792e-01,-2.0310128970734442e-01,4.0530342568152244e-01,2.9570308899061371e-01,4.5173239919525471e-01,-4.2084823489235867e-02,-5.5333872993892008e-01,2.0244739337987053e-01,7.1140648784557381e-01,3.8452221570440159e-01,2.7097090563792656e-02,-5.2537714136436028e-02,4.7434685846910235e-01,-3.9921616711500935e-02,-3.7020271863978277e-01,1.3200247322524272e-01,-2.5267853362693005e-01,-1.9523397538714860e-01,-6.9091620492567607e-01,-4.3313485067224178e-01,4.9937737017964384e-01,-3.9473072332316117e-02,-1.2279252734544033e-01,2.0731959174578346e-02,-1.7493330655844633e-02,4.5170886411190431e-03,2.4005697418645525e-01,1.4898322260310715e-01,5.6243052842799768e-01,-1.7436999000005032e-02,6.2899872687833980e-01,-2.9531234264714090e-01,-4.1856449243204180e-01,-2.6675411834895124e-01,4.4975872702827535e-01,2.5779590438467781e-01,3.9867115734083963e-01,-2.4160814586916823e-03,-4.9509651826270623e-01,2.2127079907913177e-01,7.2062177317928999e-01,3.8623938461380586e-01,-2.5570455997601757e-02,4.7761625771982986e-02,4.3826369061430009e-01,-1.2002093807853276e-02,-3.1226323292214009e-01,1.3682090118378679e-01,-3.0197443666428153e-01,-1.0249476440534842e-01,-6.6881046996126214e-01,-4.5692324493943848e-01,4.7278522191096195e-01,-1.6447783974106542e-02,-5.0389883568747379e-02,3.6210863977228877e-02,-3.7882884223984521e-03,-1.9013287264374287e-02,2.4990975513518665e-01,1.6571275811137515e-01,6.6346885831335578e-01,-8.8023604814989317e-02,7.2572441428448031e-01,-2.8501644416499672e-01,5.3669501417498312e-05,5.3676879272472241e-05,5.3869893701684348e-05,5.3621018641807547e-05,-2.9321778949735922e-01,8.0340169586929566e-01,2.5418131300891250e-01,9.2480918283284186e-01,-5.5715081286372499e-15,-6.1947238159926417e-15,6.3348794587070967e-01,-1.9608835696884130e-01
8.7232811181203097e+07,-4.4914777876628498e-01,-2.0356211087683318e-01,4.0616131054191001e-01,2.9530158848849175e-01,4.5159674436371255e-01,-4.2335741154592640e-02,-5.5369478760780388e-01,2.0213547975144447e-01,7.1150464497003818e-01,3.8456868849521730e-01,2.5810208512224923e-02,-5.2185485630221400e-02,4.7426028397162107e-01,-4.0097439509865870e-02,-3.7051324996562573e-01,1.3146609711265406e-01,-2.5392437486535741e-01,-1.9469664815266274e-01,-6.9034168268228491e-01,-4.3356967484051562e-01,4.9934681134944198e-01,-3.9626276454071602e-02,-1.2322713357273926e-01,2.0210986548631481e-02,-1.7145520329318584e-02,4.2967475840980452e-03,2.4029091084003218e-01,1.4881682115572159e-01,5.6261270522772233e-01,-1.6938359388429830e-02,6.2836938204951442e-01,-2.9590274785538395e-01,-4.1825121969809986e-01,-2.6578534337082393e-01,4.4958719047457280e-01,2.5866222179854009e-01,3.9848709381235942e-01,-1.8335050768516770e-03,-4.9527223778729368e-01,2.2157677225680389e-01,7.2036405451119800e-01,3.8633663924708311e-01,-2.5696927825609853e-02,4.6359679398643591e-02,4.3817049290149390e-01,-1.1561233633416636e-02,-3.1216309216575383e-01,1.3719278401094764e-01,-3.0207517752586149e-01,-1.0393260749502256e-01,-6.6855714234063202e-01,-4.5633511679377092e-01,4.7281228886275373e-01,-1.5996484340462813e-02,-5.0349867112625832e-02,3.6555787567817737e-02,-3.7554059650154632e-03,-1.8559776632993793e-02,2.4978702076103859e-01,1.6588700281070334e-01,6.6378935546257067e-01,-8.9084767617510136e-02,7.2582650334651921e-01,-2.8473748744005045e-01,5.3669454658010870e-05,5.3676867101901713e-05,5.3861673887539424e-05,5.3620917684084544e-05,6.1516039821080937e-01,-5.8979519092181032e-01,1.5257457367510366e-01,-9.4641777508074920e-01,9.9437740683067585e-16,3.8395553630535090e-15,-6.2042365234784158e-01,-2.1117592963640303e-01
9.0819659299638242e+07,-4.4831648087109371e-01,-2.0400323670985648e-01,4.0706815604354601e-01,2.9495887758523642e-01,4.5146412409659975e-01,-4.2593921664569018e-02,-5.5399197413165913e-01,2.0178446518854465e-01,7.1159564772020412e-01,3.8461246080052663e-01,2.4612202973784060e-02,-5.1822771901284974e-02,4.7417678666135760e-01,-4.0276489799767445e-02,-3.7082240859367299e-01,1.3091924585128548e-01,-2.5513431439328182e-01,-1.9418405649166531e-01,-6.8976130122548729e-01,-4.3397576248547010e-01,4.9932066284199605e-01,-3.9780212460373249e-02,-1.2373325903320553e-01,1.9714424681945189e-02,-1.6801376335731873e-02,4.0803321708181555e-03,2.4044211753119432e-01,1.4861153949206721e-01,5.6278460841746558e-01,-1.6430968805230262e-02,6.2777344487446729e-01,-2.9652780398425321e-01,-4.1794696407301274e-01,-2.6485016692956054e-01,4.4947792659958358e-01,2.5953618051113353e-01,3.9831261488916142e-01,-1.2358341752497851e-03,-4.9537028986521364e-01,2.2186487769370813e-01,7.2011975783164273e-01,3.8642845098320799e-01,-2.5795736177093621e-02,4.5026133901345855e-02,4.3808732903819098e-01,-1.1114793733217242e-02,-3.1206256605474453e-01,1.3757096341977904e-01,-3.0218274987475413e-01,-1.0532334373584440e-01,-6.6830753208700855e-01,-4.5575968128789318e-01,4.7285400884914902e-01,-1.5545251604919631e-02,-5.0406595421979873e-02,3.6938746980005932e-02,-3.7214552985938201e-03,-1.8114897419190909e-02,2.4960517920036782e-01,1.6600791435427339e-01,6.6408955149516835e-01,-9.0162036648904445e-02,7.2597944195473685e-01,-2.8447132293386918e-01,5.3669448856715099e-05,5.3676893530679594e-05,5.3853610536855130e-05,5.3620835679095929e-05,5.0966980599099390e-02,8.4760987283945044e-01,6.4336463992255999e-01,7.1002911912179745e-01,-1.6340386592722258e-15,-8.7830624642487119e-16,6.0652332437800582e-01,-2.2650862282929635e-01
9.4553991825036108e+07,-4.4747901031975379e-01,-2.0444309311952630e-01,4.0786487260495430e-01,2.9454365153715562e-01,4.5132794659992054e-01,-4.2866812320668413e-02,-5.5437924855340892e-01,2.0144842007700781e-01,7.1168965378146964e-01,3.8465299946105103e-01,2.3351224801901750e-02,-5.1520514512569095e-02,4.7408976465036062e-01,-4.0468256004433309e-02,-3.7114011384365198e-01,1.3034095465546280e-01,-2.5633696492707064e-01,-1.9367705721268316e-01,-6.8919239241308405e-01,-4.3440867200718380e-01,4.9929255720285820e-01,-3.9946401210803617e-02,-1.2413963221006719e-01,1.9113332503037914e-02,-1.6463445292474507e-02,3.8699606609890382e-03,2.4074150937903954e-01,1.4844904009626037e-01,5.6296135029859795e-01,-1.5889674358048750e-02,6.2710531256874102e-01,-2.9717232953439310e-01,-4.1764480160065898e-01,-2.6391357673779431e-01,4.4929950394131585e-01,2.6034964884529749e-01,3.9813874028894264e-01,-6.0646826043439517e-04,-4.9557964453559300e-01,2.2220764975732143e-01,7.1988247716424136e-01,3.8652177174549218e-01,-2.5945905621588335e-02,4.3666929248183876e-02,4.3800460007341746e-01,-1.0637331227293642e-02,-3.1195618326042779e-01,1.3796520220199371e-01,-3.0229431240751103e-01,-1.0670471069081786e-01,-6.6807832241432297e-01,-4.5518631599931808e-01,4.7290024578715489e-01,-1.5058867671643418e-02,-5.0291616362309763e-02,3.7296235125961648e-02,-3.6867557460203764e-03,-1.7679208484057529e-02,2.4952245068152179e-01,1.6622538173991946e-01,6.6439884685903960e-01,-9.1310742216074881e-02,7.2608428944835057e-01,-2.8417257522804551e-01,5.3669430864153089e-05,5.3676911523638076e-05,5.3845693901564623e-05,5.3620769960410959e-05,-4.6645627512613397e-01,7.0578177755164884e-01,1.1779887803292337e-01,9.5037019830756952e-01,-3.1169530758943718e-16,-7.9323789522355177e-16,5.6912631370294287e-01,2.9103141266997851e-01
9.8441873037114292e+07,-4.4666149094093899e-01,-2.0486579471893440e-01,4.0865213952676344e-01,2.9414538321961708e-01,4.5119384709335075e-01,-4.3148276280448927e-02,-5.5475534039700725e-01,2.0109249882380542e-01,7.1177955062544085e-01,3.8469067462278089e-01,2.2135943548062059e-02,-5.1235507653688964e-02,4.7400447192067607e-01,-4.0665664601081439e-02,-3.7145668705416268e-01,1.2974750761019871e-01,-2.5750609189493040e-01,-1.9319267901484766e-01,-6.8862636025570534e-01,-4.3482863533373456e-01,4.9926742655365425e-01,-4.0116476745496329e-02,-1.2455508985462030e-01,1.8495247219344584e-02,-1.6131882695721834e-02,3.6658705745263778e-03,2.4103615954474000e-01,1.4827747231522956e-01,5.6313052579285838e-01,-1.5333587876292826e-02,6.2643957123020078e-01,-2.9784434214537386e-01,-4.1734988273374274e-01,-2.6300510165698360e-01,4.4913984639193000e-01,2.6114279913232091e-01,3.9797373855523160e-01,4.0506062736131443e-05,-4.9577399718133414e-01,2.2255626335544765e-01,7.1965748319137368e-01,3.8661175517077800e-01,-2.6095886543356050e-02,4.2353170801709153e-02,4.3793039534348466e-01,-1.0147973176217885e-02,-3.1184748398771284e-01,1.3836684480684797e-01,-3.0241213251683485e-01,-1.0804294479077703e-01,-6.6785881097345290e-01,-4.5462571317245976e-01,4.7295938330414605e-01,-1.4563204016044773e-02,-5.0181489192694620e-02,3.7667436602781837e-02,-3.6508682321123994e-03,-1.7255015278009232e-02,2.4943577047403537e-01,1.6643954211166556e-01,6.6469346286124686e-01,-9.2488982158599548e-02,7.2620686250443622e-01,-2.8387311694617429e-01,5.3669394860192859e-05,5.3676910009044037e-05,5.3837909152394434e-05,5.3620688466154696e-05,5.6058833854639600e-01,6.2931028553468737e-01,9.5201157172837603e-01,9.8677933968465095e-02,-3.8408404989431505e-16,1.4529433634663752e-17,5.0393885674759831e-01,-3.7941050416225947e-01
1.0248961656729746e+08,-4.4587371847832402e-01,-2.0526677253611844e-01,4.0949775857356202e-01,2.9381636297676061e-01,4.5106478196482624e-01,-4.3436031647179615e-02,-5.5505948623646773e-01,2.0069398687650236e-01,7.1186218023503856e-01,3.8472583810121241e-01,2.1023209836289285e-02,-5.0934800328958675e-02,4.7392380130861467e-01,-4.0865154174262397e-02,-3.7176760601035597e-01,1.2914604287092385e-01,-2.5863437802595596e-01,-1.9273531139828964e-01,-6.8805477344231192e-01,-4.3521409454078958e-01,4.9924817832007562e-01,-4.0285705089276605e-02,-1.2504861399962991e-01,1.7911013376911214e-02,-1.5804696859880382e-02,3.4662532731453491e-03,2.4123293936446591e-01,1.4806482011549971e-01,5.6328522414401438e-01,-1.4772204434309599e-02,6.2581938563981665e-01,-2.9855179349087702e-01,-4.1706421074685573e-01,-2.6213454658821966e-01,4.4905050269420943e-01,2.6194668354642470e-01,3.9782217910740969e-01,6.9985758112047630e-04,-4.9587645584382950e-01,2.2288168870211217e-01,7.1944552492509140e-01,3.8669609386295684e-01,-2.6212385953112351e-02,4.1116933929709089e-02,4.3786934662736793e-01,-9.6566246769324848e-03,-3.1173792192644911e-01,1.3877255975181446e-01,-3.0253605774227171e-01,-1.0932874837877446e-01,-6.6764040763734023e-01,-4.5407990281951782e-01,4.7303660300689082e-01,-1.4072973347913201e-02,-5.0184421081306267e-02,3.8078641356109846e-02,-3.6138908533801467e-03,-1.6840521077635794e-02,2.4928082487004524e-01,1.6658964509298058e-01,6.6495992263178016e-01,-9.3675850858511614e-02,7.2638816172177212e-01,-2.8359151066178817e-01,5.3669375037535116e-05,5.3676921088774689e-05,5.3830260485971664e-05,5.3620602620625653e-05,-7.8115211860427081e-01,-3.0754307173924750e-01,-8.8167777922549928e-01,3.7102726595953217e-01,1.5622777851018215e-16,-6.7170385376892467e-17,-3.8214521486841513e-01,4.9102391089962427e-01
1.0670379565158638e+08,-4.4508747891924805e-01,-2.0566172175474726e-01,4.1025202604170824e-01,2.9343282476860028e-01,4.5093434405068922e-01,-4.3737437591188325e-02,-5.5543151972142735e-01,2.0030246719699821e-01,7.1194638046672010e-01,3.8475819395651656e-01,1.9873319777852817e-02,-5.0687855897732600e-02,4.7384142164748816e-01,-4.1076226699714016e-02,-3.7208263610195935e-01,1.2851557810056943e-01,-2.5974715696730688e-01,-1.9228837384882835e-01,-6.8749340422032112e-01,-4.3561780674837863e-01,4.9922880265168712e-01,-4.0465669801645621e-02,-1.2546073966606086e-01,1.7238467701801041e-02,-1.5484112827364000e-02,3.2731968716776484e-03,2.4154919709977582e-01,1.4788568517686743e-01,5.6343975142231528e-01,-1.4180385303627002e-02,6.2514451083780909e-01,-2.9928211646326208e-01,-4.1678146724937926e-01,-2.6127122597716046e-01,4.4890908209686675e-01,2.6269638779672499e-01,3.9767551125148659e-01,1.3879343388347731e-03,-4.9606429482810505e-01,2.2325290390072636e-01,7.1924137173812619e-01,3.8678087753788809e-01,-2.6370321928224628e-02,3.9872868439537384e-02,4.3781265488835491e-01,-9.1378799080097176e-03,-3.1162222341656859e-01,1.3919241802531271e-01,-3.0266412834970485e-01,-1.1059522393913904e-01,-6.6743985907387271e-01,-4.5353933319432749e-01,4.7312294929254856e-01,-1.3552911336316219e-02,-5.0048749756873040e-02,3.8471091600585511e-02,-3.5759704963626016e-03,-1.6436297989353026e-02,2.4920549000709663e-01,1.6681693027094094e-01,6.6522625028756555e-01,-9.4926491651050035e-02,7.2653624878783896e-01,-2.8328472235819752e-01,5.3669320032422862e-05,5.3676899108253926e-05,5.3822738242108931e-05,5.3620508762581060e-05,-7.6910208779990896e-01,-3.2812159948870112e-01,-8.7847583258729212e-01,3.7708704374219909e-01,7.1327124234726743e-17,-1.8905222492376494e-17,-4.8014075660375727e-01,3.8163576677109728e-01
1.1109125380500712e+08,-4.4430301097937619e-01,-2.0605027851130456e-01,4.1091062702639602e-01,2.9299083869119436e-01,4.5080255619221360e-01,-4.4053105282443161e-02,-5.5587479377750459e-01,1.9991828165181991e-01,7.1203218619901565e-01,3.8478793180204601e-01,1.8684255769208295e-02,-5.0498050903081883e-02,4.7375733236081902e-01,-4.1299633146617512e-02,-3.7240152684624117e-01,1.2785429129600862e-01,-2.6084417409459837e-01,-1.9185199368217556e-01,-6.8694225159293987e-01,-4.3604157739006671e-01,4.9920941866085883e-01,-4.0657184012998948e-02,-1.2578664580422638e-01,1.6472762546846528e-02,-1.5170084061440896e-02,3.0868150055960789e-03,2.4199218904842865e-01,1.4774145215307560e-01,5.6359372420037868e-01,-1.3556302306416190e-02,6.2441221454926843e-01,-3.0003671684822147e-01,-4.1650142289012454e-01,-2.6041547467400988e-01,4.4871222557934620e-01,2.6338955580071727e-01,3.9753429933755230e-01,2.1058851995917338e-03,-4.9634229447871603e-01,2.2367266932669791e-01,7.1904494009774289e-01,3.8686609470522620e-01,-2.6572104812075299e-02,3.8620169810688797e-02,4.3776099348430120e-01,-8.5900053566461063e-03,-3.1149975723740425e-01,1.3962729151617775e-01,-3.0279636567074314e-01,-1.1184211218275246e-01,-6.6725786018508237e-01,-4.5300382188293942e-01,4.7321955704893542e-01,-1.3000859812704560e-02,-4.9766684554106495e-02,3.8843472910557654e-02,-3.5370366669197125e-03,-1.6042346949215931e-02,2.4921391246723970e-01,1.6712598918278979e-01,6.6549194831921188e-01,-9.6244829976328800e-02,7.2664965794480718e-01,-2.8295161753502390e-01,5.3669223846687176e-05,5.3676838124322995e-05,5.3815337386257467e-05,5.3620403057926321e-05,7.0490195398067479e-01,4.4340112916582108e-01,9.1700371210707732e-01,-2.6805343943178644e-01,-3.1363923598802453e-17,-1.1771888108148698e-18,5.7752395907850418e-01,-1.7746901366670184e-01
1.1565911593497311e+08,-4.4356248771957929e-01,-2.0641245998241137e-01,4.1177390290556115e-01,2.9272475378377660e-01,4.5068180690754978e-01,-4.4372471803495045e-02,-5.5612095813696527e-01,1.9944199812075003e-01,7.1210545833451055e-01,3.8481586834353998e-01,1.7706566520383812e-02,-5.0217812458790784e-02,4.7368377545349216e-01,-4.1518802021632911e-02,-3.7270623012591886e-01,1.2719596128122224e-01,-2.6189316043827532e-01,-1.9144631785971550e-01,-6.8636501434825681e-01,-4.3638806449165102e-01,4.9920213937246205e-01,-4.0838408043201824e-02,-1.2633505184948451e-01,1.5842197739676350e-02,-1.4854376012539937e-02,2.8994723862099669e-03,2.4214500605527964e-01,1.4749047600607537e-01,5.6371869801057506e-01,-1.2943747800552186e-02,6.2381290272191803e-01,-3.0084807562641647e-01,-4.1623372878559695e-01,-2.5961016339651560e-01,4.4869063778304669e-01,2.6416374047704261e-01,3.9741663286796902e-01,2.8300251729812265e-03,-4.9636899439083526e-01,2.2401062466330279e-01,7.1886101005734815e-01,3.8694162722606246e-01,-2.6669816735295945e-02,3.7500822371695171e-02,4.3773257846346619e-01,-8.0584667993712084e-03,-3.1137830464540361e-01,1.4006168343726838e-01,-3.0293316437484241e-01,-1.1302769740415575e-01,-6.6705713581990811e-01,-4.5248323491472692e-01,4.7334610603697796e-01,-1.2483962836355993e-02,-4.9821171927167715e-02,3.9312834282376065e-02,-3.4974844922154597e-03,-1.5651556071797548e-02,2.4902025869382496e-01,1.6724539823406159e-01,6.6570091436994094e-01,-9.7534660263994571e-02,7.2690842763637920e-01,-2.8267403628534532e-01,5.3669255193462964e-05,5.3676897935489119e-05,5.3808094754384417e-05,5.3620350213263925e-05,7.4726958686564082e-01,3.5956782788962777e-01,8.6565188244373159e-01,-4.0275996501214018e-01,-1.3011486082724274e-17,-1.2841806664343373e-18,5.8546676160014721e-01,-1.0557180483195208e-01
1.2041479991160761e+08,-4.4281718311594298e-01,-2.0677099300634022e-01,4.1247429392195745e-01,2.9235076304898761e-01,4.5055847074377520e-01,-4.4707722842051781e-02,-5.5649373513103495e-01,1.9899511194372113e-01,7.1218346925669229e-01,3.8484120238870939e-01,1.6639477350538598e-02,-5.0027694448317755e-02,4.7360687325561884e-01,-4.1753420238102593e-02,-3.7301526135452839e-01,1.2650064658592258e-01,-2.6292980521930653e-01,-1.9104848959759266e-01,-6.8580724122676806e-01,-4.3677384912936529e-01,4.9919313045764535e-01,-4.1035243356396744e-02,-1.2672551902694168e-01,1.5069797100899979e-02,-1.4547867300867330e-02,2.7213152629608313e-03,2.4251567009565331e-01,1.4730759700588547e-01,5.6384636188589432e-01,-1.2291173962833135e-02,6.2311955171072841e-01,-3.0167604762539929e-01,-4.1596674204203876e-01,-2.5880607915075488e-01,4.4856338955062691e-01,2.6484928168345040e-01,3.9730351218560334e-01,3.5871348827627367e-03,-4.9655879789541474e-01,2.2442501843952359e-01,7.1868375516693972e-01,3.8701978349313215e-01,-2.6843480185839878e-02,3.6346043796193037e-02,4.3770758179417329e-01,-7.4896790280765124e-03,-3.1124759133135282e-01,1.4051296413603898e-01,-3.0307369667474254e-01,-1.1419880439819421e-01,-6.6688252942718851e-01,-4.5196727097471201e-01,4.7348110667332399e-01,-1.1923091950569835e-02,-4.9622664846961297e-02,3.9734425379470278e-02,-3.4567205182487060e-03,-1.5273821396820332e-02,2.4897390038159758e-01,1.6750520093996771e-01,6.6591610715254579e-01,-9.8909482761519507e-02,7.2709440779139234e-01,-2.8235449014206598e-01,5.3669180464145672e-05,5.3676854974036053e-05,5.3800947752113219e-05,5.3620248176448649e-05,-7.8698343144018590e-01,2.4995825225502374e-01,-3.1740130559449353e-01,8.9976075921487331e-01,4.7640263826654564e-18,-2.3978706186902202e-18,-4.4821796952575021e-01,3.7642086364498190e-01
1.2536602861381596e+08,-4.4208958237867696e-01,-2.0711745362188835e-01,4.1323886204510019e-01,2.9203537285565773e-01,4.5044038201431830e-01,-4.5054835207176347e-02,-5.5680061550347382e-01,1.9850057417973072e-01,7.1225709362615586e-01,3.8486462449204861e-01,1.5653386986558146e-02,-4.9813726400262867e-02,4.7353475068401896e-01,-4.1993765995479285e-02,-3.7331887487282739e-01,1.2578568815724384e-01,-2.6394204862176679e-01,-1.9066599450045502e-01,-6.8523704175646327e-01,-4.3713257335926137e-01,4.9919099979053028e-01,-4.1233491127235664e-02,-1.2718815750431095e-01,1.4314128839242463e-02,-1.4241353349021267e-02,2.5440747893744455e-03,2.4280270000427467e-01,1.4708741216872337e-01,5.6395737063212226e-01,-1.1623968112658811e-02,6.2246413309083626e-01,-3.0255289829296061e-01,-4.1570608145010113e-01,-2.5802406771396363e-01,4.4849626101719625e-01,2.6555462699580823e-01,3.9720722158478172e-01,4.3682551240411607e-03,-4.9666402541258270e-01,2.2482432940254851e-01,7.1851423046040463e-01,3.8709384359988236e-01,-2.6983978338921809e-02,3.5244966450580624e-02,4.3769897467630547e-01,-6.9111543724779748e-03,-3.1111199097403242e-01,1.4097478875822023e-01,-3.0321715252004050e-01,-1.1533944213762506e-01,-6.6670527361055110e-01,-4.5145682223151046e-01,4.7363983760122713e-01,-1.1362279485942775e-02,-4.9522222176680661e-02,4.0198852508791995e-02,-3.4153639396501878e-03,-1.4899465290211286e-02,2.4886489753330857e-01,1.6770941464374944e-01,6.6609901977263319e-01,-1.0031306277949387e-01,7.2734115733628246e-01,-2.8204979360601157e-01,5.3669189230244725e-05,5.3676894318490309e-05,5.3793948541539793e-05,5.3620199200374706e-05,4.4532049711462096e-01,6.9103696029283390e-01,9.5291976489708496e-01,3.0880597658625272e-02,-1.0300597569901221e-18,-1.8630382520202094e-18,3.7684476146503265e-01,4.3494901309289147e-01
1.3052084247066948e+08,-4.4138213740633558e-01,-2.0744759030090001e-01,4.1398149947430685e-01,2.9172901819842495e-01,4.5032764133378417e-01,-4.5410263168543186e-02,-5.5710005641189797e-01,1.9799049744371128e-01,7.1232843084504238e-01,3.8488590383720689e-01,1.4705804351000870e-02,-4.9619959864116450e-02,4.7346650453689443e-01,-4.2239699145077927e-02,-3.7361333798324431e-01,1.2505514757821551e-01,-2.6491984080224745e-01,-1.9030453697898198e-01,-6.8467233796467397e-01,-4.3747950101081057e-01,4.9919381142464536e-01,-4.1434895626640475e-02,-1.2763577667731899e-01,1.3532524535179308e-02,-1.3941982425633628e-02,2.3740208068383358e-03,2.4310402102589782e-01,1.4687071770036636e-01,5.6405419063733098e-01,-1.0943419560312972e-02,6.2181476632768240e-01,-3.0345666821078898e-01,-4.1545140822802107e-01,-2.5726946604225298e-01,4.4843590069986206e-01,2.6623353065447675e-01,3.9712734535470795e-01,5.1648539727823656e-03,-4.9676513766313102e-01,2.2523432465586046e-01,7.1835442487143508e-01,3.8716551698496782e-01,-2.7128802188405587e-02,3.4184615916346688e-02,4.3770453557541161e-01,-6.3224328493699244e-03,-3.1097072486692756e-01,1.4144204055619519e-01,-3.0336444366450149e-01,-1.1643777424883306e-01,-6.6653578675247471e-01,-4.5095950500213183e-01,4.7381759990569727e-01,-1.0795995234625384e-02,-4.9402059868060427e-02,4.0667478696266440e-02,-3.3728102732608952e-03,-1.4537377535442824e-02,2.4876667836733751e-01,1.6792076002809353e-01,6.6625522828743700e-01,-1.0174373619772202e-01,7.2760154582493586e-01,-2.8174633099883040e-01,5.3669125259779678e-05,5.3676858465581898e-05,5.3787039426542108e-05,5.3620092338195431e-05,5.6299341222989696e-01,5.9397966444249761e-01,9.3425349173613292e-01,-1.8663213322845248e-01,-3.5461463281171222e-19,-7.5146230847868102e-19,3.3859083622501146e-01,4.5287906714192827e-01
1.3588761251846740e+08,-4.4065794192859875e-01,-2.0778314929859532e-01,4.1458896099406822e-01,2.9131270086938943e-01,4.5021071652492378e-01,-4.5790638645199055e-02,-5.5752100977390451e-01,1.9749235996636910e-01,7.1240547876528215e-01,3.8490537950318710e-01,1.3659898604169659e-02,-4.9503190852274233e-02,4.7339422098358164e-01,-4.2507445497541207e-02,-3.7391731192904082e-01,1.2426849557686928e-01,-2.6590435125494361e-01,-1.8993907352855255e-01,-6.8411232604160732e-01,-4.3787317017415434e-01,4.9919590269533748e-01,-4.1656776392614003e-02,-1.2794711599179517e-01,1.2594850148360842e-02,-1.3644584344538255e-02,2.2075747763830728e-03,2.4361781349996248e-01,1.4670895727488215e-01,5.6415295863512482e-01,-1.0205867488818715e-02,6.2106342253418512e-01,-3.0440336185999772e-01,-4.1519496916642373e-01,-2.5650044538227329e-01,4.4827416933861225e-01,2.6684373065292677e-01,3.9705330204139572e-01,6.0141830545419189e-03,-4.9701898107576048e-01,2.2572668902554793e-01,7.1819710590798325e-01,3.8724007922360243e-01,-2.7342656189442000e-02,3.3070301207454696e-02,4.3771690598772406e-01,-5.6818696961387916e-03,-3.1081619588931292e-01,1.4193869949139012e-01,-3.0351375466337482e-01,-1.1754543150146532e-01,-6.6638920079441388e-01,-4.5045427650831632e-01,4.7401179247123582e-01,-1.0172754749247150e-02,-4.9041846537947950e-02,4.1105825028815976e-02,-3.3294454180685697e-03,-1.4178895051895159e-02,2.4880188422307231e-01,1.6826930340158722e-01,6.6641649669497183e-01,-1.0329539268951882e-01,7.2780509436410801e-01,-2.8139803137858460e-01,5.3669089141959958e-05,5.3676857391697996e-05,5.3780268717477811e-05,5.3620044579717669e-05,-1.9597485232936290e-01,7.9069382134845145e-01,6.9121891146115666e-01,6.5453142820028565e-01,2.3676183817669781e-19,-2.1094798293605338e-19,-3.2442173773808408e-01,4.5030470964763342e-01
1.4147505399468037e+08,-4.3997392840680594e-01,-2.0809324607700888e-01,4.1531125033079402e-01,2.9101640768000009e-01,4.5010684008930529e-01,-4.6172675436566266e-02,-5.5780725619906790e-01,1.9693589652742710e-01,7.1247440180262944e-01,3.8492305153301454e-01,1.2768200499025027e-02,-4.9335565004397466e-02,4.7333271380387426e-01,-4.2771351316160916e-02,-3.7419935552119882e-01,1.2348615619665794e-01,-2.6683789933779245e-01,-1.8960406697025356e-01,-6.8354371456921437e-01,-4.3820670377184401e-01,4.9920925615175465e-01,-4.1869467805717514e-02,-1.2837926637025313e-01,1.1741145306469712e-02,-1.3351524306515757e-02,2.0456045415400471e-03,2.4395137186942717e-01,1.4649093520342713e-01,5.6422146049160382e-01,-9.4804987367928528e-03,6.2041338960450632e-01,-3.0538740088365629e-01,-4.1494901572583603e-01,-2.5577908627824947e-01,4.4822503640044775e-01,2.6748988590910450e-01,3.9700736992126462e-01,6.8635122986597935e-03,-4.9710944305348087e-01,2.2616712046226883e-01,7.1805126083863735e-01,3.8730801458150649e-01,-2.7491631938627289e-02,3.2062725437428254e-02,4.3775355293698454e-01,-5.0572172637894514e-03,-3.1065897962638950e-01,1.4243017461677790e-01,-3.0366625097123817e-01,-1.1859024341020744e-01,-6.6623151699207894e-01,-4.4996839706423131e-01,4.7423466996125846e-01,-9.5822413580798627e-03,-4.8883750300312778e-02,4.1598062038071523e-02,-3.2850705399578911e-03,-1.3830594491107056e-02,2.4871805987572179e-01,1.6849752131154580e-01,6.6651934165477933e-01,-1.0481897709368314e-01,7.2810436068480466e-01,-2.8109218852842904e-01,5.3669031889060237e-05,5.3676827808062006e-05,5.3773590441561971e-05,5.3619947047833821e-05,-7.4668232181836824e-01,-3.1592054139484810e-01,-7.2585506817122747e-01,6.1469809258159502e-01,2.9808354873735073e-20,1.1435049400868835e-19,-2.6551787087686352e-01,-4.7530529194805393e-01
1.4729224049085137e+08,-4.3932439075526886e-01,-2.0838384339704627e-01,4.1620231799019786e-01,2.9087012066158680e-01,4.5001712665034826e-01,-4.6559433341273437e-02,-5.5792281436945013e-01,1.9630138541533521e-01,7.1253528442310388e-01,3.8493901236666828e-01,1.2049175971601402e-02,-4.9084608866880701e-02,4.7328315945412791e-01,-4.3031412397156854e-02,-3.7445979129288515e-01,1.2270477313349006e-01,-2.6773119081424468e-01,-1.8929246948002906e-01,-6.8295537801385853e-01,-4.3847018936487536e-01,4.9923553418524846e-01,-4.2070866643864668e-02,-1.2898117154294766e-01,1.0995798750576595e-02,-1.3057608883608535e-02,1.8836195022588547e-03,2.4404534504785694e-01,1.4619656691400684e-01,5.6425633892133387e-01,-8.7670397640774722e-03,6.1988606993651096e-01,-3.0642374702550812e-01,-4.1471300189012522e-01,-2.5509688969306338e-01,4.4831854434870788e-01,2.6820304510194576e-01,3.9699262353509873e-01,7.7196167396765547e-03,-4.9698748354598504e-01,2.2654047480527575e-01,7.1791412203496074e-01,3.8736911807264623e-01,-2.7551926991957978e-02,3.1162169109520087e-02,4.3781714230137431e-01,-4.4497287068242727e-03,-3.1049812381638203e-01,1.4291954957846636e-01,-3.0382021187458691e-01,-1.1958589647359184e-01,-6.6605410813364418e-01,-4.4949553844896550e-01,4.7449004955076901e-01,-9.0313847568359099e-03,-4.8996356439862762e-02,4.2166574818359864e-02,-3.2402008859129007e-03,-1.3485806048840750e-02,2.4847256082546029e-01,1.6856682116739766e-01,6.6655638533250772e-01,-1.0631473903367061e-01,7.2852815007578919e-01,-2.8083804956152492e-01,5.3669064541133238e-05,5.3676882043037349e-05,5.3767041398608813e-05,5.3619880660334400e-05,5.6808771382671930e-01,-5.7293333564951010e-01,-3.4394715187688779e-01,-8.8597045351261561e-01,-3.7977885226416378e-20,-2.0115095838583169e-20,5.2594653087124277e-01,9.1134672333166244e-02
1.5334861868743697e+08,-4.3863010780328748e-01,-2.0869106406090165e-01,4.1671744944749711e-01,2.9042062395229351e-01,4.4991367273476518e-01,-4.6983571160289825e-02,-5.5837315275762789e-01,1.9575011123106500e-01,7.1261126121383411e-01,3.8495365436496531e-01,1.1042781889199219e-02,-4.9039961355738015e-02,4.7322057681211904e-01,-4.3331160994951060e-02,-3.7474254982584504e-01,1.2182862462013846e-01,-2.6865224584590985e-01,-1.8896404193507194e-01,-6.8239508558120221e-01,-4.3886301803128308e-01,4.9925331596072459e-01,-4.2314952017341895e-02,-1.2919910822443195e-01,9.8965466580405934e-03,-1.2771292334284302e-02,1.7316008529767151e-03,2.4469868167209810e-01,1.4606273116213955e-01,5.6431134308381647e-01,-7.9502641909424410e-03,6.1910049874739381e-01,-3.0749202437576617e-01,-4.1446767174522425e-01,-2.5437278708874483e-01,4.4812626292972108e-01,2.6873377156078321e-01,3.9697342439195421e-01,8.6549928274534602e-03,-4.9729322254999697e-01,2.2710841004774754e-01,7.1777678737111883e-01,3.8743975590556923e-01,-2.7802562502305520e-02,3.0103116526557578e-02,4.3787959301529134e-01,-3.7436892684097334e-03,-3.1031449633788771e-01,1.4345728821704906e-01,-3.0397686884303293e-01,-1.2061774134823203e-01,-6.6593284030056810e-01,-4.4900577987218920e-01,4.7475688410959899e-01,-8.3577561727188471e-03,-4.8474223008988425e-02,4.2616203515412343e-02,-3.1936621267461395e-03,-1.3149896332352650e-02,2.4859006349661636e-01,1.6899875926824173e-01,6.6663647375752899e-01,-1.0803270785027981e-01,7.2875930847077341e-01,-2.8047309010211413e-01,5.3668980012643318e-05,5.3676833128200067e-05,5.3760586855894765e-05,5.3619814235309205e-05,4.9348597552911894e-01,6.3323701522099773e-01,9.0835396107626820e-01,-2.7647786786873729e-01,1.2826243167743341e-20,-8.2685487823540105e-21,-2.9255808644341191e-01,4.3288349430162026e-01
1.5965402369451743e+08,-4.3800351347367317e-01,-2.0896294985098554e-01,4.1759905701511901e-01,2.9029417108767575e-01,4.4983795090714990e-01,-4.7397136623918257e-02,-5.5845896026512676e-01,1.9506557958539800e-01,7.1267080761868096e-01,3.8496657755865304e-01,1.0384682034182382e-02,-4.8803521738198921e-02,4.7318122031430943e-01,-4.3608220135846032e-02,-3.7498013204342107e-01,1.2099593272291317e-01,-2.6950191718305344e-01,-1.8867661731192326e-01,-6.8180209654007362e-01,-4.3910621439108433e-01,4.9929303823428051e-01,-4.2524507682019597e-02,-1.2978242578053625e-01,9.0850190225842606e-03,-1.2482926490190092e-02,1.5777090466916107e-03,2.4481210425991939e-01,1.4577161487107945e-01,5.6430800557329963e-01,-7.1964091755951920e-03,6.1859106543272524e-01,-3.0861298150353617e-01,-4.1423990864694388e-01,-2.5372246870837983e-01,4.4823611008579978e-01,2.6942019822803998e-01,3.9700413167921716e-01,9.5621040277541897e-03,-4.9714560912243344e-01,2.2750836131217461e-01,7.1765187673504816e-01,3.8749759849905335e-01,-2.7860280547313303e-02,2.9255609258178814e-02,4.3798233673832060e-01,-3.1055289565718527e-03,-3.1013339137565504e-01,1.4396869732392764e-01,-3.0413404837528296e-01,-1.2156214538440341e-01,-6.6576236470975036e-01,-4.4854421142383666e-01,4.7506499101863536e-01,-7.7944238850793171e-03,-4.8558120143985750e-02,4.3207657413790165e-02,-3.1468615956691034e-03,-1.2818171681521988e-02,2.4835373595424629e-01,1.6907461378202737e-01,6.6660108379269001e-01,-1.0961344752952806e-01,7.2923157769056390e-01,-2.8022596709711595e-01,5.3669008859179961e-05,5.3676882418181493e-05,5.3754246954940662e-05,5.3619746282645526e-05,-1.7489011471736149e-01,7.7934100646081295e-01,8.1633997299963812e-01,4.8325691684065686e-01,3.8648947186744294e-21,3.5955628562884049e-21,-4.9765191024022942e-01,-1.1743435284403325e-01
1.6621869502328777e+08,-4.3733216564703825e-01,-2.0925105651578635e-01,4.1809866771957238e-01,2.8985536217754404e-01,4.4974865042554846e-01,-4.7851417135940280e-02,-5.5888505974755787e-01,1.9446136954360793e-01,7.1274523037141047e-01,3.8497866315278234e-01,9.4363582249973807e-03,-4.8780572206555697e-02,4.7312923069737645e-01,-4.3928293951366104e-02,-3.7523910326796167e-01,1.2005976684425854e-01,-2.7037998599692020e-01,-1.8837189421526063e-01,-6.8123375363967664e-01,-4.3948381486518800e-01,4.9932535739381778e-01,-4.2779818636581368e-02,-1.2997309468032919e-01,7.9034807002722404e-03,-1.2201426303089310e-02,1.4337278788282260e-03,2.4550346418778851e-01,1.4564127997249499e-01,5.6432208994933331e-01,-6.3310934984036615e-03,6.1781659243604559e-01,-3.0977527543834615e-01,-4.1400251639907742e-01,-2.5303025228285958e-01,4.4805390494204045e-01,2.6992036385539397e-01,3.9703329359323403e-01,1.0554999104311902e-02,-4.9743502627085007e-01,2.2811116251851668e-01,7.1752671319916239e-01,3.8756473379084505e-01,-2.8112957787338765e-02,2.8247516874406929e-02,4.3808812714381390e-01,-2.3615124253255765e-03,-3.0992679650226818e-01,1.4453325916701293e-01,-3.0429400240729060e-01,-1.2254345827027531e-01,-6.6565012941742507e-01,-4.4806355299280626e-01,4.7539125151888056e-01,-7.1006155608966184e-03,-4.7989411002782437e-02,4.3680857551680656e-02,-3.0981730004777698e-03,-1.2494626917941246e-02,2.4848849818061211e-01,1.6952477673348110e-01,6.6660455800416052e-01,-1.1143429761408109e-01,7.2951216660152984e-01,-2.7986617023542643e-01,5.3668924896582026e-05,5.3676833553454686e-05,5.3747998630585240e-05,5.3619684290805629e-05,1.7829054104668801e-01,7.7428526991787017e-01,9.4725219114060988e-01,2.8340724585248400e-02,1.2818796201403513e-21,1.2363356449459002e-21,-4.9674261507437800e-01,-5.2053112614487439e-02
1.7305329321426633e+08,-4.3670870093276498e-01,-2.0951341672520502e-01,4.1883978732562643e-01,2.8963568435002657e-01,4.4968234984520511e-01,-4.8302685154961778e-02,-5.5906069930929181e-01,1.9376155906843928e-01,7.1280917270891309e-01,3.8498930739060372e-01,8.7272819660774541e-03,-4.8629393239571578e-02,4.7309572763553237e-01,-4.4235374528477950e-02,-3.7545966213878867e-01,1.1914527578037432e-01,-2.7120410657134825e-01,-1.8809718293159006e-01,-6.8064404322101435e-01,-4.3975656207288993e-01,4.9937531275557068e-01,-4.3011936000782264e-02,-1.3039676526181915e-01,6.9032135305497899e-03,-1.1919447663685934e-02,1.2901000407723839e-03,2.4583869167882921e-01,1.4541186259028280e-01,5.6428740711214476e-01,-5.5037736363198198e-03,6.1723476713678727e-01,-3.1098602793505170e-01,-4.1377788767073420e-01,-2.5239111427662236e-01,4.4807398446537139e-01,2.7051990424957090e-01,3.9710794583640507e-01,1.1535587333679535e-02,-4.9741737944332137e-01,2.2860622803668715e-01,7.1741115751049644e-01,3.8762318949225244e-01,-2.8236326801122369e-02,2.7386633436303681e-02,4.3822998213137404e-01,-1.6605709893809523e-03,-3.0971667732818625e-01,1.4508235794326904e-01,-3.0445404508640250e-01,-1.2345965878031337e-01,-6.6550476541022752e-01,-4.4760371220104173e-01,4.7575540484527301e-01,-6.4838025229455865e-03,-4.7815830106044580e-02,4.4248981052800319e-02,-3.0489272713993829e-03,-1.2176010723860427e-02,2.4839180570864422e-01,1.6973822394007662e-01,6.6651197552978414e-01,-1.1317287749965918e-01,7.2996135979080745e-01,-2.7958933452870288e-01,5.3668906378095653e-05,5.3676839618271060e-05,5.3741852182159338e-05,5.3619613546820083e-05,4.0474689082462206e-01,-6.7877322809371532e-01,-7.0191960902787343e-01,-6.3528923254439706e-01,2.7028689186954532e-22,-5.1847950357201020e-22,1.7032663226764086e-01,4.5693741972625490e-01
1.8016891714922383e+08,-4.3609050127966720e-01,-2.0976978191345846e-01,4.1954788000636989e-01,2.8939880444975652e-01,4.4962385260113447e-01,-4.8771826260954693e-02,-5.5924610106870287e-01,1.9304194451195139e-01,7.1287419069556923e-01,3.8499899024337719e-01,8.0208131377072049e-03,-4.8499696572793155e-02,4.7306762653036516e-01,-4.4555262515459215e-02,-3.7566640738563351e-01,1.1819377046210774e-01,-2.7201293881691690e-01,-1.8782981765958956e-01,-6.8005166631156078e-01,-4.4003088959058556e-01,4.9943254742013576e-01,-4.3251681528674674e-02,-1.3077404424385608e-01,5.8358382965019440e-03,-1.1639404789133593e-02,1.1506570516429952e-03,2.4623374357883701e-01,1.4519932930392093e-01,5.6423079082543004e-01,-4.6461546762657513e-03,6.1664387345600802e-01,-3.1224672097089323e-01,-4.1355576962526841e-01,-2.5176095744594340e-01,4.4807651015844036e-01,2.7109373560358235e-01,3.9721046356172574e-01,1.2549983251939671e-02,-4.9742172603302376e-01,2.2913304674674959e-01,7.1730025294757627e-01,3.8768106278279885e-01,-2.8373694487269934e-02,2.6533668689756078e-02,4.3839593302896390e-01,-9.3521054325666070e-04,-3.0949141387146339e-01,1.4564794967958730e-01,-3.0461492305299809e-01,-1.2435890188686709e-01,-6.6536612628787928e-01,-4.4714551556164450e-01,4.7615175778549029e-01,-5.8521708600037456e-03,-4.7570245661996413e-02,4.4818383389473422e-02,-2.9984906959014323e-03,-1.1862764988913942e-02,2.4833141191290969e-01,1.6998664610381839e-01,6.6637836523237892e-01,-1.1497702214528474e-01,7.3042193001356837e-01,-2.7930998805592921e-01,5.3668886891605914e-05,5.3676845772819028e-05,5.3735804226016301e-05,5.3619551132601642e-05,7.3640050010193991e-01,2.7462352565455700e-01,4.4825147467814958e-01,-8.3273864659414820e-01,1.2091241458837369e-22,1.4242198700025158e-22,-4.6794198132744047e-01,8.4694798952156619e-02
1.8757712207494614e+08,-4.3547870826144408e-01,-2.1001947419015571e-01,4.2022513215206619e-01,2.8914738939734663e-01,4.4957439346500672e-01,-4.9258559297720869e-02,-5.5943667092714833e-01,1.9230184042120918e-01,7.1294013020494984e-01,3.8500787610167586e-01,7.3203971787629864e-03,-4.8390048857654425e-02,4.7304581633097698e-01,-4.4887678571279038e-02,-3.7585666683735997e-01,1.1720576175776101e-01,-2.7280525170786712e-01,-1.8757025963925261e-01,-6.7945652747776175e-01,-4.4030500640247999e-01,4.9949773458936003e-01,-4.3498402942040604e-02,-1.3110459323385620e-01,4.7033263008583945e-03,-1.1361422533195243e-02,1.0156831952199586e-03,2.4668537033122678e-01,1.4500378318683910e-01,5.6414978427058315e-01,-3.7595252053200523e-03,6.1604876295887323e-01,-3.1355792895220014e-01,-4.1333631870425069e-01,-2.5114100824409474e-01,4.4806350480635099e-01,2.7164241385899662e-01,3.9734358352418403e-01,1.3596953358169517e-02,-4.9744406529900825e-01,2.2969049505977360e-01,7.1719407604391439e-01,3.8773821815474113e-01,-2.8523612824477535e-02,2.5690950478277789e-02,4.3858811969716260e-01,-1.8684430732666263e-04,-3.0925006377398023e-01,1.4622936741958270e-01,-3.0477647231810684e-01,-1.2523979093412455e-01,-6.6523364838951471e-01,-4.4668945773361274e-01,4.7658218957188181e-01,-5.2083463318229328e-03,-4.7255481384089956e-02,4.5388932372725052e-02,-2.9467767323606009e-03,-1.1555159846299349e-02,2.4830562674508924e-01,1.7026752621226182e-01,6.6619904021605680e-01,-1.1684455440464936e-01,7.3089633699520173e-01,-2.7903088603525600e-01,5.3668858799147805e-05,5.3676844046344081e-05,5.3729848971522897e-05,5.3619490145939050e-05,1.4266499154168502e-01,-7.6837796256461099e-01,-9.1374927400707628e-01,-2.3968157378948526e-01,5.6090468868464532e-23,-1.4993781572561723e-23,-8.9067604940189331e-03,4.6307042880559385e-01
1.9528993836810002e+08,-4.3487747836152557e-01,-2.1026081643262551e-01,4.2090418492550447e-01,2.8890929120077991e-01,4.4953695250622738e-01,-4.9760799522200902e-02,-5.5960006476606594e-01,1.9153207021639398e-01,7.1300591054147711e-01,3.8501605962002761e-01,6.6522669168809952e-03,-4.8281259236334834e-02,4.7303257665058757e-01,-4.5229693434428231e-02,-3.7602522137892502e-01,1.1618745812043804e-01,-2.7357754065837092e-01,-1.8732016620981784e-01,-6.7885624929141886e-01,-4.4056588309156497e-01,4.9957257435056868e-01,-4.3748010130880116e-02,-1.3141812484549620e-01,3.5337556717380397e-03,-1.1084906822359519e-02,8.8468851961166122e-04,2.4714513984891884e-01,1.4481343592455453e-01,5.6403906502653034e-01,-2.8522117365044619e-03,6.1547570201702095e-01,-3.1492092708246694e-01,-4.1312056002455411e-01,-2.5053534695116869e-01,4.4806017870241360e-01,2.7218123150997769e-01,3.9751232761078070e-01,1.4671221338494751e-02,-4.9744489357804028e-01,2.3026270047796185e-01,7.1709284841758991e-01,3.8779384125808242e-01,-2.8668921929414094e-02,2.4873095542067240e-02,4.3880991771323757e-01,5.7601553437589686e-04,-3.0899260157307729e-01,1.4682287998384996e-01,-3.0493823764889810e-01,-1.2609819281265733e-01,-6.6510198685077770e-01,-4.4623734727697384e-01,4.7704887985749717e-01,-4.5652569799837020e-03,-4.6924377338873807e-02,4.5970836464893645e-02,-2.8938115694327931e-03,-1.1252784822869930e-02,2.4828394138463342e-01,1.7054885806705300e-01,6.6596319361494605e-01,-1.1875813888723125e-01,7.3140396538389463e-01,-2.7876392136564049e-01,5.3668832262366339e-05,5.3676843339760052e-05,5.3723984905238902e-05,5.3619430653620128e-05,6.2789836996544590e-01,-4.5766804791566584e-01,-5.5095604035270451e-01,-7.6599853187610289e-01,6.9101554434113317e-24,1.6117348604414046e-23,-4.1373103754011081e-01,1.7834337151519614e-01
2.0331989107167485e+08,-4.3428507978462305e-01,-2.1049466759128388e-01,4.2157506588486621e-01,2.8867575977582072e-01,4.4951205376490877e-01,-5.0279684622439813e-02,-5.5974405775928393e-01,1.9073496939495385e-01,7.1307203047968437e-01,3.8502372098832183e-01,6.0074340846470939e-03,-4.8178206004664402e-02,4.7302816041033724e-01,-4.5582489701561146e-02,-3.7617073386934974e-01,1.1513579421415178e-01,-2.7433152393992366e-01,-1.8707823817591140e-01,-6.7825114808447973e-01,-4.4081706578414559e-01,4.9965721605350089e-01,-4.4001412394061218e-02,-1.3170150215995674e-01,2.3165346155711933e-03,-1.0809782427569298e-02,7.5788762355295585e-04,2.4762939468110060e-01,1.4463373835079946e-01,5.6389743070072285e-01,-1.9216471729444073e-03,6.1491956260380087e-01,-3.1633742846410734e-01,-4.1290805663009739e-01,-2.4994207651714048e-01,4.4805805664376891e-01,2.7270565339619313e-01,3.9771883077000325e-01,1.5774626339652896e-02,-4.9743559314051483e-01,2.3085550850107170e-01,7.1699623841082449e-01,3.8784824149383440e-01,-2.8814769646554966e-02,2.4074434389677331e-02,4.3906301395712466e-01,1.3556235173882020e-03,-3.0871726195403987e-01,1.4742985209148424e-01,-3.0510002207358433e-01,-1.2693638518053871e-01,-6.6497230311235656e-01,-4.4578819808279202e-01,4.7755348334271119e-01,-3.9209760409867553e-03,-4.6557606544280455e-02,4.6560069961516112e-02,-2.8395033331572788e-03,-1.0955505833022419e-02,2.4827710668291900e-01,1.7084095744138467e-01,6.6566856988183465e-01,-1.2072401057454241e-01,7.3194015841038418e-01,-2.7850774980207926e-01,5.3668804722019247e-05,5.3676841548929886e-05,5.3718209490111439e-05,5.3619373335223619e-05,-2.9118733594838897e-01,7.1539481012148876e-01,8.9358544106872206e-01,2.9940277231566242e-01,-1.1911056232464839e-24,-5.0048934568682105e-24,3.7113327164002136e-01,-2.3197820522982715e-01
2.1168002023472562e+08,-4.3370179169093248e-01,-2.1072100967473140e-01,4.2224197555209814e-01,2.8845050306981923e-01,4.4950118468014499e-01,-5.0815107399383760e-02,-5.5986271057507209e-01,1.8990929182601834e-01,7.1313845478561610e-01,3.8503101601404505e-01,5.3886601253548896e-03,-4.8077562648534057e-02,4.7303356784101575e-01,-4.5945735665944482e-02,-3.7629030838261096e-01,1.1405117296821529e-01,-2.7506711123871341e-01,-1.8684418526415839e-01,-6.7764085327995482e-01,-4.4105637175310847e-01,4.9975229249836572e-01,-4.4257685368982363e-02,-1.3195566861925617e-01,1.0544762888163445e-03,-1.0535849107039084e-02,6.3530328874699272e-04,2.4813238311952276e-01,1.4446453897716413e-01,5.6372218930887530e-01,-9.6933485755859583e-04,6.1438621422566797e-01,-3.1780860484892509e-01,-4.1269887753979445e-01,-2.4936134682631156e-01,4.4806000898240711e-01,2.7321774728969622e-01,3.9796643024605582e-01,1.6906183604240656e-02,-4.9741027440113306e-01,2.3146727236664305e-01,7.1690411803311782e-01,3.8790135236066636e-01,-2.8958777762286468e-02,2.3296132442418849e-02,4.3934970996065692e-01,2.1502166572394191e-03,-3.0842280649473952e-01,1.4804970915876919e-01,-3.0526153707539089e-01,-1.2775442438822585e-01,-6.6484353685584752e-01,-4.4534207854061536e-01,4.7809760662365530e-01,-3.2790749559818630e-03,-4.6160133281985392e-02,4.7157111823376792e-02,-2.7837955494762387e-03,-1.0663151709873210e-02,2.4828201316398441e-01,1.7113971266735722e-01,6.6530974323872838e-01,-1.2273971862222810e-01,7.3250815281365922e-01,-2.7826579967184367e-01,5.3668777202929789e-05,5.3676839549893153e-05,5.3712520393575830e-05,5.3619318106811552e-05,6.2975976082656282e-01,-4.3903538692687588e-01,-6.3787222731203053e-01,-6.9209551865045826e-01,-1.3233018714474539e-24,6.2879886009822365e-25,-3.8487489488338977e-01,-1.7927489146932934e-01
2.2038390208844849e+08,-4.3312809131797153e-01,-2.1093975720954083e-01,4.2291106369643794e-01,2.8823907331508075e-01,4.4950607151332450e-01,-5.1366678405578375e-02,-5.5994802849504977e-01,1.8905348576596323e-01,7.1320509225006878e-01,3.8503809733271771e-01,4.8001060523928836e-03,-4.7974664245189549e-02,4.7304994620594132e-01,-4.6318782681179865e-02,-3.7638066596424452e-01,1.1293473987681041e-01,-2.7578404634173698e-01,-1.8661779352311730e-01,-6.7702506273076635e-01,-4.4128071061979401e-01,4.9985846152330021e-01,-4.4515521116269191e-02,-1.3218331365089689e-01,-2.4738293339821721e-04,-1.0262895854698214e-02,5.1693637923387408e-04,2.4864491855255230e-01,1.4430510294977300e-01,5.6351039174584105e-01,2.3410210436003442e-06,6.1388338603122450e-01,-3.1933528221965396e-01,-4.1249315482564758e-01,-2.4879349670395862e-01,4.4807048412225736e-01,2.7372056734868710e-01,3.9825879575064904e-01,1.8064222392590638e-02,-4.9736047063809113e-01,2.3209514949405646e-01,7.1681637607449622e-01,3.8795306953782882e-01,-2.9097477037205329e-02,2.2540153453207579e-02,4.3967238577210388e-01,2.9571586381063816e-03,-3.0810801664770027e-01,1.4868143292220562e-01,-3.0542246906147424e-01,-1.2855216793268068e-01,-6.6471425303170684e-01,-4.4489925163420191e-01,4.7868260935569251e-01,-2.6443001808576921e-03,-4.5740399503132148e-02,4.7762837799987398e-02,-2.7266385598333285e-03,-1.0375544587411091e-02,2.4829360424170596e-01,1.7143877282866521e-01,6.6488064551800929e-01,-1.2480099225040928e-01,7.3311211676160759e-01,-2.7804236809923699e-01,5.3668751180859169e-05,5.3676838587069162e-05,5.3706915192055322e-05,5.3619264686628527e-05,-7.1195660333199118e-01,-2.7412493269072202e-01,-1.4603786095547844e-01,9.2854892757160412e-01,7.6129431801328192e-26,3.9752663894409998e-25,-1.1286660498185698e-01,3.9550011846727534e-01
2.2944567109297279e+08,-4.3256256922730957e-01,-2.1115158421711056e-01,4.2357341626019185e-01,2.8803384078423727e-01,4.4952754442041598e-01,-5.1935305390183373e-02,-5.6000616989716168e-01,1.8816978309378121e-01,7.1327232671834784e-01,3.8504516505099806e-01,4.2339193469171123e-03,-4.7873774312280216e-02,4.7307774990656409e-01,-4.6702626016244447e-02,-3.7643989481513163e-01,1.1178388669097566e-01,-2.7648377447739386e-01,-1.8639791582532056e-01,-6.7640411446403048e-01,-4.4149307997308290e-01,4.9997589304853385e-01,-4.4775589575986846e-02,-1.3237204501203595e-01,-1.5983888715414979e-03,-9.9908947133646904e-03,4.0304373754892890e-04,2.4918138994625280e-01,1.4416037055056805e-01,5.6326040194952609e-01,9.9532507798194558e-04,6.1340743296843192e-01,-3.2091899087901948e-01,-4.1229053829792850e-01,-2.4823696646999116e-01,4.4808203825599824e-01,2.7421000019385000e-01,3.9859867337808313e-01,1.9249881889113377e-02,-4.9729584110350533e-01,2.3274429691991100e-01,7.1673275748776166e-01,3.8800363097042712e-01,-2.9235384016856582e-02,2.1801597317301830e-02,4.4003309789280642e-01,3.7780317620258741e-03,-3.0777095145568106e-01,1.4932610934886273e-01,-3.0558263324352120e-01,-1.2933152083149901e-01,-6.6458548827510477e-01,-4.4445889572238811e-01,4.7931008273730991e-01,-2.0156229052553237e-03,-4.5280941758387809e-02,4.8373392360545525e-02,-2.6679326767923995e-03,-1.0092610593437083e-02,2.4832143785431829e-01,1.7174719482604944e-01,6.6437800850222173e-01,-1.2691298070724066e-01,7.3374801130476530e-01,-2.7783710679303875e-01,5.3668724314042773e-05,5.3676836709213950e-05,5.3701391699063660e-05,5.3619213693177936e-05,4.1799166209562427e-01,6.3237366261929917e-01,6.0195385230627074e-01,-7.2023437312242111e-01,1.0566868776388705e-25,-2.4237191408684711e-26,3.8824206511847764e-01,-8.6670845655408238e-02
2.3888004289068297e+08,-4.3200722385552670e-01,-2.1135580226697748e-01,4.2424765375076490e-01,2.8785167593982247e-01,4.4956837575275094e-01,-5.2519161303219652e-02,-5.6001679748601452e-01,1.8725404387246972e-01,7.1333966707642305e-01,3.8505234208414951e-01,3.7039326125630628e-03,-4.7762429416520161e-02,4.7311883186297199e-01,-4.7094955451786880e-02,-3.7646308377648524e-01,1.1060364735833980e-01,-2.7716469290636420e-01,-1.8618505344351016e-01,-6.7577761885088683e-01,-4.4168505110247197e-01,5.0010551184785201e-01,-4.5034622612210085e-02,-1.3253664124556178e-01,-2.9804848204524337e-03,-9.7195360344487607e-03,2.9345385555619094e-04,2.4971194190139465e-01,1.4402514964306448e-01,5.6296802585730510e-01,2.0027417590500196e-03,6.1297652648671441e-01,-3.2255917712151505e-01,-4.1209156999769503e-01,-2.4769360958755174e-01,4.4810914297910370e-01,2.7469516266288313e-01,3.9899098667090932e-01,2.0458174656078069e-02,-4.9719223613466351e-01,2.3340473433968262e-01,7.1665328068281409e-01,3.8805265344015388e-01,-2.9362257505749924e-02,2.1088013047455556e-02,4.4043451500352498e-01,4.6057938890134223e-03,-3.0741084073272279e-01,1.4998048041197901e-01,-3.0574159979927723e-01,-1.3009070906832515e-01,-6.6445364866149859e-01,-4.4402235979727139e-01,4.7998049410626131e-01,-1.4036499249091214e-03,-4.4812166035348371e-02,4.8993017281233148e-02,-2.6076702948443185e-03,-9.8141263258242246e-03,2.4834807695258629e-01,1.7204516968596287e-01,6.6379282605327494e-01,-1.2906188349328898e-01,7.3442640106810386e-01,-2.7765887813085904e-01,5.3668701051148782e-05,5.3676837596457164e-05,5.3695947332024465e-05,5.3619163867622680e-05,-6.7545241591068417e-01,-3.3297988048059923e-01,-7.9714543166252524e-02,9.3392063599437680e-01,-2.7377917730191311e-26,-6.4855718497616708e-27,-3.6973123805023522e-01,1.0428553791281482e-01
2.4870233820332998e+08,-4.3145157812027346e-01,-2.1155666806724308e-01,4.2484884039282667e-01,2.8761652737466203e-01,4.4962448626942692e-01,-5.3127168083756310e-02,-5.6005841923190891e-01,1.8632542728126800e-01,7.1340969895279194e-01,3.8506007484694554e-01,3.1432743869581788e-03,-4.7691818181323828e-02,4.7317028775631365e-01,-4.7506349481401866e-02,-3.7645535595738328e-01,1.0936893531623505e-01,-2.7783653745865200e-01,-1.8597359997300614e-01,-6.7514685150636933e-01,-4.4189146018288528e-01,5.0024584864696564e-01,-4.5304512598457108e-02,-1.3258792042737097e-01,-4.4809339003653165e-03,-9.4495901391248287e-03,1.8959175383475907e-04,2.5037561497167921e-01,1.4393235928215103e-01,5.6263720933076056e-01,3.0518237334213605e-03,6.1252736485106718e-01,-3.2426500744211428e-01,-4.1189355449392223e-01,-2.4715275165619841e-01,4.4808354340784001e-01,2.7513502893590991e-01,3.9943391949071361e-01,2.1707649933746458e-02,-4.9715266938411673e-01,2.3412459306202435e-01,7.1657703765834213e-01,3.8810195738432685e-01,-2.9523628909162086e-02,2.0360554592346466e-02,4.4087876786994712e-01,5.4663278089455841e-03,-3.0702145990909985e-01,1.5065826561805531e-01,-3.0589989835133907e-01,-1.3084153890144648e-01,-6.6433284394125569e-01,-4.4358238491576790e-01,4.8070040086940008e-01,-7.7494375328873710e-04,-4.4182071992695589e-02,4.9595414919085486e-02,-2.5455054051877436e-03,-9.5404157777039360e-03,2.4845856059345334e-01,1.7242277439075707e-01,6.6313457456478964e-01,-1.3130769271894308e-01,7.3510365703024527e-01,-2.7748294350839997e-01,5.3668658910403414e-05,5.3676822487770083e-05,5.3690578080614799e-05,5.3619119338051169e-05,-3.3513857001098829e-01,-6.6873354355417858e-01,-5.6393279852625600e-01,7.4688743187044593e-01,2.5401002953972198e-27,-6.6024455619640869e-27,-2.4142341763455202e-01,-2.8068935537322004e-01
2.5892850771175063e+08,-4.3092126569195865e-01,-2.1174414929595922e-01,4.2559394189973743e-01,2.8752467476440313e-01,4.4971203527400677e-01,-5.3735596892789284e-02,-5.5992056933652334e-01,1.8533707972700872e-01,7.1347612960852091e-01,3.8506787538005222e-01,2.7191475504701572e-03,-4.7526327416908848e-02,4.7324288686253713e-01,-4.7908776915042584e-02,-3.7639265950601480e-01,1.0814548230935052e-01,-2.7847619357807712e-01,-1.8577559941175900e-01,-6.7451015851551710e-01,-4.4202039483712952e-01,5.0040153242672769e-01,-4.5552081576486741e-02,-1.3274085820676576e-01,-5.8754699612435166e-03,-9.1787969832743850e-03,8.8328451759596080e-05,2.5081418629943358e-01,1.4380359180868879e-01,5.6224928570309773e-01,4.0675570297903640e-03,6.1223571039869162e-01,-3.2601383677088092e-01,-4.1170318142666312e-01,-2.4663996916121445e-01,4.4817895192407142e-01,2.7563534233176956e-01,3.9994513529928499e-01,2.2945233484447485e-02,-4.9690778222819509e-01,2.3478038657619082e-01,7.1650579239087953e-01,3.8814701677296776e-01,-2.9601876686783549e-02,1.9715219409467577e-02,4.4136796908438686e-01,6.2870553659332348e-03,-3.0661306835278584e-01,1.5132210658270567e-01,-3.0605523841986448e-01,-1.3155648782816698e-01,-6.6418526374500320e-01,-4.4315760022205425e-01,4.8145495331505056e-01,-2.2680270008005460e-04,-4.3773874288375821e-02,5.0242375592971442e-02,-2.4820754454009898e-03,-9.2703130467903343e-03,2.4843729450589377e-01,1.7264709262212430e-01,6.6236035485914979e-01,-1.3348942951161796e-01,7.3589247192132701e-01,-2.7738348931805323e-01,5.3668656879537704e-05,5.3676840847842491e-05,5.3685288914252424e-05,5.3619071541048472e-05,-3.4952530675435539e-01,6.5550341988075655e-01,9.3287881915598514e-01,-5.4542079672917292e-02,-1.0750866932129950e-27,-1.3430104800816287e-27,-2.4622184247537554e-01,2.5773659295236878e-01
2.6957515795859307e+08,-4.3038499020987203e-01,-2.1193071833607724e-01,4.2622116595271797e-01,2.8733984644982963e-01,4.4981550213302829e-01,-5.4372950233636058e-02,-5.5985036615438344e-01,1.8434609582585862e-01,7.1354656896883473e-01,3.8507674849690432e-01,2.2284918668969908e-03,-4.7427225548986061e-02,4.7332624158946479e-01,-4.8335829736462277e-02,-3.7629594742587913e-01,1.0685358791691513e-01,-2.7911247007992485e-01,-1.8557523590770861e-01,-6.7386938045587685e-01,-4.4218111627109691e-01,5.0056809898742094e-01,-4.5815916939129397e-02,-1.3272610448192107e-01,-7.4361407676043871e-03,-8.9097324220543291e-03,-6.2695244913455817e-06,2.5146075754862618e-01,1.4373735891252931e-01,5.6181989444408931e-01,5.1380101362523967e-03,6.1189893372479798e-01,-3.2783522549705096e-01,-4.1151236124371271e-01,-2.4612366163047594e-01,4.4818498259568074e-01,2.7606870470853467e-01,4.0051269244193410e-01,2.4232050675272676e-02,-4.9677888811246734e-01,2.3552185677170751e-01,7.1643714343894715e-01,3.8819326574357760e-01,-2.9738374042639799e-02,1.9034606124465499e-02,4.4190602986685984e-01,7.1520148549897716e-03,-3.0616878103837641e-01,1.5201614884690134e-01,-3.0620982994859114e-01,-1.3227011227226085e-01,-6.6405560025856702e-01,-4.4272517360007280e-01,4.8226541114473920e-01,3.5106308279499177e-04,-4.3119537131505167e-02,5.0855769931551435e-02,-2.4164740368063744e-03,-9.0050153360640307e-03,2.4854663319987094e-01,1.7299881768279471e-01,6.6150713438045095e-01,-1.3579880858438498e-01,7.3665838635601555e-01,-2.7727856749167451e-01,5.3668622889980313e-05,5.3676832198999097e-05,5.3680067298585108e-05,5.3619030053512972e-05,-5.6733124796985668e-01,4.7141731798802888e-01,9.0724419797345301e-01,2.1744952274201057e-01,3.2561809744870820e-28,-2.4085081830684997e-28,-3.4029592231471478e-01,-3.7344169712899340e-02
2.8065957831611317e+08,-4.2985834511666288e-01,-2.1211024851418642e-01,4.2686182200112999e-01,2.8718167761857250e-01,4.4994517687891955e-01,-5.5024040874114888e-02,-5.5971904521869986e-01,1.8332532854764258e-01,7.1361719406646384e-01,3.8508648824678959e-01,1.7721434245173695e-03,-4.7311795790169836e-02,4.7342696576330801e-01,-4.8769999323677926e-02,-3.7614997271480266e-01,1.0553471970405010e-01,-2.7973136765285422e-01,-1.8537968136846786e-01,-6.7322454203779936e-01,-4.4231767669967037e-01,5.0074785337468319e-01,-4.6075431928650656e-02,-1.3267387637499087e-01,-9.0248938428829049e-03,-8.6411221155642606e-03,-9.5951287006778630e-05,2.5209586234930403e-01,1.4368572478925057e-01,5.6133776907871180e-01,6.2160198172025449e-03,6.1162499732864273e-01,-3.2971365115430595e-01,-4.1132514145747945e-01,-2.4561935149446884e-01,4.4820732473767222e-01,2.7649932059565785e-01,4.0114816372004891e-01,2.5533732308462925e-02,-4.9660162048326228e-01,2.3627309332940927e-01,7.1637213797309063e-01,3.8823796047681491e-01,-2.9861535175836951e-02,1.8376804568677872e-02,4.4249400201071276e-01,8.0156251917230803e-03,-3.0569477227132547e-01,1.5271694308221759e-01,-3.0636220538657477e-01,-1.3296575724151297e-01,-6.6392086725004107e-01,-4.4229680459362025e-01,4.8312094409354472e-01,8.9802603528500030e-04,-4.2452590336051380e-02,5.1472483935014912e-02,-2.3490561600719938e-03,-8.7439113438283513e-03,2.4865484134126689e-01,1.7333559812844440e-01,6.6054858589912291e-01,-1.3813523675494924e-01,7.3746897745652285e-01,-2.7721471322408292e-01,5.3668594053430100e-05,5.3676827742544089e-05,5.3674919353280070e-05,5.3618991465798412e-05,-1.7335823045069601e-01,-7.1149000390751571e-01,-5.1951264362887917e-01,7.7300932829839597e-01,-8.3290193297927738e-29,3.9563816044442543e-29,2.9483553743622853e-01,-1.4414348275279143e-01
2.9219976906283617e+08,-4.2934952058563647e-01,-2.1227993050302138e-01,4.2759945663124088e-01,2.8712747342467837e-01,4.5010934403139496e-01,-5.5678034458583853e-02,-5.5944277089869543e-01,1.8225957612940352e-01,7.1368601055852299e-01,3.8509697384929059e-01,1.4100851546738624e-03,-4.7124277353113163e-02,4.7355009341656062e-01,-4.9198779206382492e-02,-3.7594214275725507e-01,1.0421830102014634e-01,-2.8032575265828696e-01,-1.8519224945043467e-01,-6.7257783242286151e-01,-4.4239284284632041e-01,5.0094207851015427e-01,-4.6315813571814829e-02,-1.3266261319186029e-01,-1.0549212678589916e-02,-8.3719398793071151e-03,-1.8195165610575880e-04,2.5257503938849885e-01,1.4362212311077324e-01,5.6079442415263603e-01,7.2675494250436512e-03,6.1148803192851542e-01,-3.3163687372039563e-01,-4.1114382395525551e-01,-2.4513495249780271e-01,4.4831272817432583e-01,2.7696950269211557e-01,4.0186154783839856e-01,2.6825070083622740e-02,-4.9626862071373945e-01,2.3698381859362758e-01,7.1631112826258414e-01,3.8827963877568644e-01,-2.9925311025177675e-02,1.7775768486472120e-02,4.4313266694041531e-01,8.8447648996479722e-03,-3.0519362429952634e-01,1.5340696126581335e-01,-3.0651122253230301e-01,-1.3363517356123797e-01,-6.6376520959417307e-01,-4.4188038735145913e-01,4.8401202258358539e-01,1.3700141902110025e-03,-4.1922368772567165e-02,5.2111993709520063e-02,-2.2800715725773912e-03,-8.4862681803635747e-03,2.4867854675729806e-01,1.7356347366298910e-01,6.5946373047847529e-01,-1.4042601175238434e-01,7.3836480348292888e-01,-2.7722354092405310e-01,5.3668591767566774e-05,5.3676845332272306e-05,5.3669840239833708e-05,5.3618949874130734e-05,4.6291077568732947e-01,5.6043009212687300e-01,3.6730047074844292e-02,-9.2908637187683063e-01,1.7643584271639478e-29,9.9992896808055771e-30,-2.9802063728379802e-01,9.9491433275465890e-02
3.0421447061467671e+08,-4.2882303634913432e-01,-2.1245305779064425e-01,4.2809628769300634e-01,2.8686747119829470e-01,4.5028590929041057e-01,-5.6375871048488596e-02,-5.5934148712258047e-01,1.8121571405671613e-01,7.1376132883646837e-01,3.8510957250064809e-01,8.9253372584717147e-04,-4.7081463077202651e-02,4.7368238760679571e-01,-4.9669917320029705e-02,-3.7570080418184926e-01,1.0278994586849963e-01,-2.8092843171072518e-01,-1.8499547427491833e-01,-6.7192279315862247e-01,-4.4255166663307682e-01,5.0114742549240399e-01,-4.6591530967249384e-02,-1.3234697768459913e-01,-1.2378745823293510e-02,-8.1060550638945988e-03,-2.5881138459567840e-04,2.5347762718420824e-01,1.4366640721158586e-01,5.6020699673731689e-01,8.4180765973225213e-03,6.1121754851532761e-01,-3.3365438864847141e-01,-4.1095892151504859e-01,-2.4463491920388530e-01,4.4822940232027564e-01,2.7731023977824015e-01,4.0263704460463995e-01,2.8194035047846740e-02,-4.9620098450163530e-01,2.3785552828627105e-01,7.1625183414109606e-01,3.8832435754006406e-01,-3.0113959830522542e-02,1.7087820384287113e-02,4.4383354878945808e-01,9.7581754343941673e-03,-3.0464270990895903e-01,1.5415078302581109e-01,-3.0666011657520764e-01,-1.3431704217212623e-01,-6.6364946189242568e-01,-4.4144389954792762e-01,4.8497962658410410e-01,1.9215426853876894e-03,-4.0913993658660296e-02,5.2681523544726161e-02,-2.2083382224049519e-03,-8.2343487480874347e-03,2.4895953114836278e-01,1.7405712720577277e-01,6.5829736917761794e-01,-1.4294566932188654e-01,7.3918052545256963e-01,-2.7719869579343182e-01,5.3668525692668522e-05,5.3676809435502131e-05,5.3664826486978628e-05,5.3618923592210795e-05,-7.1663147492852841e-01,-8.2696841666280857e-02,6.8752429609640942e-01,6.2330587732863696e-01,-1.4016182274506814e-30,-4.0846094821133412e-30,2.6251739510652644e-01,-1.4457435615358855e-01
3.1672319395798820e+08,-4.2832907474227205e-01,-2.1261116170628563e-01,4.2883871707901167e-01,2.8685046913946655e-01,4.5051161685675989e-01,-5.7055392199931831e-02,-5.5894537378744646e-01,1.8010255186574592e-01,7.1383127891417664e-01,3.8512277464099332e-01,5.7517738891577422e-04,-4.6866758131169826e-02,4.7384541938005387e-01,-5.0112205890470024e-02,-3.7537621598872106e-01,1.0142057599022726e-01,-2.8149376399043846e-01,-1.8481278781590604e-01,-6.7127239414815532e-01,-4.4258280902787145e-01,5.0136800248507840e-01,-4.6821151812276751e-02,-1.3221498735545628e-01,-1.3973099167713558e-02,-7.8379903429902850e-03,-3.3398577465505117e-04,2.5396074215094616e-01,1.4364926277389589e-01,5.5954563722855721e-01,9.4782032545392414e-03,6.1121662969517021e-01,-3.3569016126657747e-01,-4.1078397247940412e-01,-2.4416904722146088e-01,4.4834925423313010e-01,2.7776638832018757e-01,4.0350707259234275e-01,2.9503324709804261e-02,-4.9578466154837209e-01,2.3859426332605335e-01,7.1619719221609168e-01,3.8836347324101561e-01,-3.0160698896621815e-02,1.6517282533834193e-02,4.4458364581090754e-01,1.0575440880943331e-02,-3.0407056609367433e-01,1.5485081902054637e-01,-3.0680363956853179e-01,-1.3495778495891386e-01,-6.6348468415168005e-01,-4.4103452434868817e-01,4.8596016494020750e-01,2.3182393818292485e-03,-4.0313564788248463e-02,5.3308063917759704e-02,-2.1354595032663094e-03,-7.9848117247485056e-03,2.4900420135108775e-01,1.7427154247203869e-01,6.5697130002056092e-01,-1.4528329593958239e-01,7.4015127701120909e-01,-2.7730379600651461e-01,5.3668526902103256e-05,5.3676829705178652e-05,5.3659880011711684e-05,5.3618887020565757e-05,-3.3066868797126214e-01,-6.3484021862566231e-01,-2.9360133714466739e-02,9.2590211929235688e-01,6.8521977901305695e-31,5.6285905026456033e-31,1.2840599114561349e-01,2.5526763431316701e-01
3.2974625233396053e+08,-4.2784267799372705e-01,-2.1276355566746369e-01,4.2958745579601681e-01,2.8685827071133341e-01,4.5077136602631995e-01,-5.7743944443781364e-02,-5.5847949665812902e-01,1.7896931329276469e-01,7.1390168296098167e-01,3.8513760528379409e-01,2.8077040924774990e-04,-4.6632966659917494e-02,4.7402995099483614e-01,-5.0558292306335767e-02,-3.7498760930292108e-01,1.0003209469853319e-01,-2.8204490825767792e-01,-1.8463183879627326e-01,-6.7062341684743143e-01,-4.4258856511866085e-01,5.0160084926294379e-01,-4.7042416039372204e-02,-1.3202196221562273e-01,-1.5589682201104130e-02,-7.5706906387548291e-03,-4.0348545625468679e-04,2.5443074385999909e-01,1.4365524465403107e-01,5.5882279292686077e-01,1.0533864771969964e-02,6.1129651494576454e-01,-3.3777543387326225e-01,-4.1061226385492117e-01,-2.4371230913765912e-01,4.4848049165392745e-01,2.7821865073609220e-01,4.0446073595765097e-01,3.0811450104429081e-02,-4.9531604395826467e-01,2.3934013075458230e-01,7.1614558928098015e-01,3.8840126823830673e-01,-3.0195561548131251e-02,1.5962582519744660e-02,4.4539025867151716e-01,1.1377894630108264e-02,-3.0346133986781182e-01,1.5555074551084330e-01,-3.0694405995810192e-01,-1.3558465401154715e-01,-6.6331373087715173e-01,-4.4063036364957320e-01,4.8697976929223091e-01,2.6673421774480316e-03,-3.9688409257238613e-02,5.3924354505709343e-02,-2.0606088022681939e-03,-7.7394272161908804e-03,2.4905299581761575e-01,1.7446996955079633e-01,6.5551705936213644e-01,-1.4762681558148447e-01,7.4115825223555376e-01,-2.7746470835190545e-01,5.3668527739874270e-05,5.3676848790241630e-05,5.3654996784368734e-05,5.3618849757227475e-05,-6.5282067589149295e-01,2.7945661179172165e-01,9.2467643390378662e-01,-6.2096229007347972e-03,1.0714674192847955e-31,1.3946836113093389e-31,2.6213674824840516e-01,7.2179614748338547e-02
3.4330479422582114e+08,-4.2732788686293427e-01,-2.1292380617679846e-01,4.2997384308665298e-01,2.8654383619885809e-01,4.5104177423890690e-01,-5.8495118384742362e-02,-5.5829249430552119e-01,1.7787729428027382e-01,7.1398046389567360e-01,3.8515546166078762e-01,-2.5317786668093908e-04,-4.6624215226467737e-02,4.7422472879805511e-01,-5.1067324157725386e-02,-3.7455975229215405e-01,9.8478397876706494e-02,-2.8261589642683688e-01,-1.8443462665661850e-01,-6.6995392822961208e-01,-4.4273043630775311e-01,5.0184852030716776e-01,-4.7320003415652012e-02,-1.3137818841007082e-01,-1.7666432349812473e-02,-7.3080515403718595e-03,-4.6190930005845967e-04,2.5555704190078887e-01,1.4381702195705964e-01,5.5804456284073356e-01,1.1739669607721298e-02,6.1115590161419120e-01,-3.3998865980557108e-01,-4.1043437473610328e-01,-2.4322841660797884e-01,4.4832139286562450e-01,2.7847730728004605e-01,4.0548924159729410e-01,3.2231709950509106e-02,-4.9526363039021459e-01,2.4032994717462181e-01,7.1609486948806556e-01,3.8844357836696775e-01,-3.0422759797071472e-02,1.5270431732466359e-02,4.4628264701922643e-01,1.2308286224283586e-02,-3.0278282035577075e-01,1.5633258455058630e-01,-3.0708483706935402e-01,-1.3623744832342102e-01,-6.6320505977026400e-01,-4.4019030435584777e-01,4.8811019735172073e-01,3.1473917208573871e-03,-3.8338043823418856e-02,5.4434781899325477e-02,-1.9826061071134453e-03,-7.5002491727852658e-03,2.4949298963590830e-01,1.7508129500801617e-01,6.5396090721773170e-01,-1.5031765169703634e-01,7.4203322544219474e-01,-2.7756823371051115e-01,5.3668441689886619e-05,5.3676797419271510e-05,5.3650174880330292e-05,5.3618843930773714e-05,-4.8688832647806213e-01,-5.0898477251170382e-01,4.3435141917709674e-01,8.1396628630340961e-01,-2.3664896565453101e-32,-2.4146969463257997e-32,-1.3582454107331104e-01,2.1859531006230720e-01
3.5742083770240682e+08,-4.2686750890165998e-01,-2.1306130122148503e-01,4.3085443574792848e-01,2.8671387338658105e-01,4.5138446435542090e-01,-5.9181358178458515e-02,-5.5756109250045249e-01,1.7668988125743007e-01,7.1404889437006103e-01,3.8517364771994544e-01,-4.2042150551835009e-04,-4.6269819846925679e-02,4.7446040420835978e-01,-5.1499945956840681e-02,-3.7402024571726311e-01,9.7103472325351353e-02,-2.8312998985068988e-01,-1.8426070874074746e-01,-6.6931614246845728e-01,-4.4263145746592991e-01,5.0210533434406746e-01,-4.7501298166557682e-02,-1.3117156209846945e-01,-1.9182253755721083e-02,-7.0411152157852305e-03,-5.2160802086349009e-04,2.5578235017805273e-01,1.4383052753574715e-01,5.5718630505326272e-01,1.2727684173562043e-02,6.1151277715144026e-01,-3.4214656401157484e-01,-4.1027228684075356e-01,-2.4280007204443352e-01,4.4857208192992237e-01,2.7898403932404070e-01,4.0662852625303736e-01,3.3487448103448308e-02,-4.9452978937016617e-01,2.4101204373815668e-01,7.1604964060587939e-01,3.8847670170514448e-01,-3.0366975146998869e-02,1.4793846080528215e-02,4.4720173821882064e-01,1.3023537247168197e-02,-3.0210156535429261e-01,1.5700150716381039e-01,-3.0721718937775933e-01,-1.3682653246565696e-01,-6.6299875036306044e-01,-4.3980945998455445e-01,4.8918345053246015e-01,3.3299977666875757e-03,-3.7882927658711256e-02,5.5052209792557059e-02,-1.9041968371030699e-03,-7.2621453912913182e-03,2.4942640511903555e-01,1.7510702270776154e-01,6.5221520868310490e-01,-1.5254902893855438e-01,7.4316345942340190e-01,-2.7789394801944850e-01,5.3668478654545648e-05,5.3676845801703502e-05,5.3645415692735536e-05,5.3618802467412067e-05,6.6034463600186355e-01,2.2776743118345721e-01,-8.1558358962015831e-01,-4.2786599554414539e-01,-4.1263929131085678e-33,4.6920097683832702e-33,1.7656126427693650e-01,-1.6852261432402077e-01
3.7211730617387849e+08,-4.2638312870703027e-01,-2.1320509282287578e-01,4.3139982794159015e-01,2.8658858977008872e-01,4.5174393970613269e-01,-5.9922956275844430e-02,-5.5707308949186685e-01,1.7554376563036184e-01,7.1412437246911520e-01,3.8519505084169969e-01,-8.0553201074093361e-04,-4.6121329151055705e-02,4.7471033674438118e-01,-5.1989038733468079e-02,-3.7342944527433314e-01,9.5578266654521501e-02,-2.8366077670477968e-01,-1.8407185766948961e-01,-6.6865897476886849e-01,-4.4265497410842580e-01,5.0237744513057914e-01,-4.7732228054124498e-02,-1.3053158671870649e-01,-2.1122314461635969e-02,-6.7793185996019422e-03,-5.7027512240744862e-04,2.5661509173635305e-01,1.4399231518499739e-01,5.5626492939679206e-01,1.3847513921076582e-02,6.1168460879267395e-01,-3.4442197334716373e-01,-4.1010516644851447e-01,-2.4234856040626654e-01,4.4855491771323458e-01,2.7931050821979542e-01,4.0785224860160790e-01,3.4835866777726564e-02,-4.9417195102777550e-01,2.4191802312107405e-01,7.1600544601349725e-01,3.8851356297337453e-01,-3.0487632442198979e-02,1.4192645571652915e-02,4.4821084012051821e-01,1.3847277422463729e-02,-3.0134862556578929e-01,1.5774214889721214e-01,-3.0734926329802270e-01,-1.3743757484613547e-01,-6.6284913387173394e-01,-4.3939602880511158e-01,4.9036284166978156e-01,3.6209376588073466e-03,-3.6750228846402576e-02,5.5564097680597800e-02,-1.8228115533651060e-03,-7.0305894096901866e-03,2.4972359607063019e-01,1.7551354979954953e-01,6.5034749010760717e-01,-1.5509083627798115e-01,7.4417168314055682e-01,-2.7818185742300233e-01,5.3668424501297451e-05,5.3676817925826026e-05,5.3640710976234051e-05,5.3618781451968849e-05,-6.8430784869501982e-01,-1.0688812759783138e-01,9.0524126771657609e-01,1.5837553110112179e-01,5.6389402454951617e-34,9.6696272382661071e-34,-2.2463612492236304e-01,5.0603748332450071e-02
3.8741806561764312e+08,-4.2590838862772484e-01,-2.1334337774826653e-01,4.3198374873010081e-01,2.8651840196407008e-01,4.5214861122755090e-01,-6.0665028545814945e-02,-5.5646812297706205e-01,1.7437908868331561e-01,7.1419918037605545e-01,3.8521857617359523e-01,-1.1492889186039829e-03,-4.5928267396394523e-02,4.7498840056712016e-01,-5.2474334990432331e-02,-3.7275373763274722e-01,9.4051600045123307e-02,-2.8417756878438011e-01,-1.8388332146677816e-01,-6.6800576008758061e-01,-4.4263748571452088e-01,5.0266182332053078e-01,-4.7946501874877090e-02,-1.2984252828145820e-01,-2.3043047267473204e-02,-6.5179629996210643e-03,-6.1370427269477959e-04,2.5737499535742758e-01,1.4417001093464821e-01,5.5526831451333603e-01,1.4939022795831869e-02,6.1198559067030744e-01,-3.4673863612835776e-01,-4.0994231482607257e-01,-2.4190709794488852e-01,4.4857413862067164e-01,2.7965082631303911e-01,4.0917979473900257e-01,3.6156126243777210e-02,-4.9370957195777759e-01,2.4280837829241234e-01,7.1596394991471268e-01,3.8854840217138409e-01,-3.0577515929838386e-02,1.3616448756219542e-02,4.4928507865270795e-01,1.4629420659629251e-02,-3.0055072996861187e-01,1.5847013015894246e-01,-3.0747694252592378e-01,-1.3803513928491179e-01,-6.6268638490118414e-01,-4.3899052854754239e-01,4.9157315210053859e-01,3.8325447503938515e-03,-3.5644383879768968e-02,5.6062579427788847e-02,-1.7396377098629775e-03,-6.8023789911743791e-03,2.4999295160900539e-01,1.7586508229320547e-01,6.4831500797773911e-01,-1.5759242705055726e-01,7.4522572382561580e-01,-2.7855612592451129e-01,5.3668396431576709e-05,5.3676814480422931e-05,5.3636070871516391e-05,5.3618773091218715e-05,3.4393026396241561e-01,-5.9426460699522110e-01,-3.6125212642298504e-01,8.4281890398418691e-01,8.9774066709950713e-35,-1.7169187415961380e-34,1.6980998882415088e-01,-1.3473352088334345e-01
4.0334796333493531e+08,-4.2544767186505900e-01,-2.1347454935848753e-01,4.3265633076668414e-01,2.8655377214826028e-01,4.5260344419004567e-01,-6.1394574844204158e-02,-5.5569438628089973e-01,1.7319520861593668e-01,7.1427227005276539e-01,3.8524421785738572e-01,-1.4196083103288244e-03,-4.5654620510385054e-02,4.7529632063269744e-01,-5.2943858722534265e-02,-3.7198725325125487e-01,9.2554576913463513e-02,-2.8467660379536996e-01,-1.8369694631578876e-01,-6.6736529431016389e-01,-4.4255594171815726e-01,5.0295566840114603e-01,-4.8132857604937934e-02,-1.2915688233377742e-01,-2.4868466709458935e-02,-6.2569732771535084e-03,-6.5235964775724057e-04,2.5795637911117059e-01,1.4434467198178141e-01,5.5419757503293565e-01,1.5970453129117518e-02,6.1246545784846740e-01,-3.4907366633869663e-01,-4.0978481803708577e-01,-2.4147994475698217e-01,4.4867274842800609e-01,2.8003286383684584e-01,4.1061261614594902e-01,3.7418852448885848e-02,-4.9307239140644255e-01,2.4364226326378322e-01,7.1592530611361960e-01,3.8858053743461723e-01,-3.0607533113689640e-02,1.3085005656786301e-02,4.5041611320013886e-01,1.5340595611640695e-02,-2.9971285101010581e-01,1.5916717145354975e-01,-3.0759967350173811e-01,-1.3861474962386677e-01,-6.6250058597098005e-01,-4.3860098632280148e-01,4.9279267216431533e-01,3.9334438969907543e-03,-3.4670850307901943e-02,5.6554613748846697e-02,-1.6548760885729819e-03,-6.5774960916498331e-03,2.5017624602993394e-01,1.7609539555016449e-01,6.4611464498079052e-01,-1.5998357258690610e-01,7.4634084597395034e-01,-2.7903627822975541e-01,5.3668400259055014e-05,5.3676838540250277e-05,5.3631491989413004e-05,5.3618767064954232e-05,7.0811971681231198e-02,-6.7685686778755572e-01,1.4373335351239522e-01,9.0368509915560491e-01,2.1279449293873324e-35,2.4416841883299023e-35,1.9485695371148695e-01,-5.9564991012335394e-02
4.1993286830099589e+08,-4.2499731779889677e-01,-2.1359948178939950e-01,4.3335311707324031e-01,2.8663862369330140e-01,4.5310437607293325e-01,-6.2113218635271888e-02,-5.5480900326994598e-01,1.7201319350529776e-01,7.1434432540472692e-01,3.8527225826078781e-01,-1.6595618037399222e-03,-4.5342248547555739e-02,4.7563189576967541e-01,-5.3402760609757016e-02,-3.7113329035243742e-01,9.1076367387172744e-02,-2.8516161745949842e-01,-1.8351134450409584e-01,-6.6673837546156633e-01,-4.4243652334370975e-01,5.0325748160251416e-01,-4.8299820957866418e-02,-1.2840861992016572e-01,-2.6654751390174394e-02,-5.9985445010428112e-03,-6.8472607133824659e-04,2.5846353594022320e-01,1.4453775897344875e-01,5.5305727717489939e-01,1.6955825268811758e-02,6.1307997910057555e-01,-3.5142182207571115e-01,-4.0963125511304482e-01,-2.4106349823030646e-01,4.4880129525672963e-01,2.8042368523465255e-01,4.1214446527445542e-01,3.8626738430643563e-02,-4.9233738044215031e-01,2.4445006597488625e-01,7.1588933949322753e-01,3.8861078046574143e-01,-3.0611907120150758e-02,1.2575617420487722e-02,4.5160332323382030e-01,1.5994071439653375e-02,-2.9883232711039692e-01,1.5983863383912678e-01,-3.0771830779222964e-01,-1.3918008464348230e-01,-6.6230333247254736e-01,-4.3822339264952026e-01,4.9402313701831685e-01,3.9479557274774563e-03,-3.3720150490530329e-02,5.7016825273900257e-02,-1.5684886704265847e-03,-6.3576498988957824e-03,2.5033557626009717e-01,1.7627230910534375e-01,6.4375546193369515e-01,-1.6229490882468495e-01,7.4747877905035121e-01,-2.7960569357113246e-01,5.3668384462290998e-05,5.3676840257378114e-05,5.3626959173810010e-05,5.3618737520368311e-05,5.2985105181116365e-01,4.1725782505107206e-01,-8.8296214119504313e-01,-2.3280713293847574e-01,3.6965039898240494e-36,-3.7057199366434085e-36,-1.6995070998834019e-01,8.7549959214719267e-02
4.3719971317437381e+08,-4.2454072640264978e-01,-2.1372547912581893e-01,4.3390521152458195e-01,2.8660541920420618e-01,4.5364416566827609e-01,-6.2854884934198510e-02,-5.5396810097986582e-01,1.7084908196517493e-01,7.1441859075946679e-01,3.8530325938546439e-01,-1.9852885296773003e-03,-4.5106442042671890e-02,4.7599420697307965e-01,-5.3884882855792904e-02,-3.7019301777738400e-01,8.9527818177258606e-02,-2.8564924332407121e-01,-1.8331690586026639e-01,-6.6610129422229103e-01,-4.4235563865312055e-01,5.0357402624276471e-01,-4.8481048361354390e-02,-1.2740074579907978e-01,-2.8638395426160670e-02,-5.7432945643760974e-03,-7.0926997341946765e-04,2.5923761224212144e-01,1.4481534378813682e-01,5.5183475358289225e-01,1.7982255261025565e-02,6.1368894452249756e-01,-3.5384545397366229e-01,-4.0947806206494580e-01,-2.4064028572630908e-01,4.4881517390790510e-01,2.8073288090329118e-01,4.1378622552920763e-01,3.9847778312027196e-02,-4.9172493045757765e-01,2.4535755064515066e-01,7.1585493043382742e-01,3.8864142141719216e-01,-3.0686568095535542e-02,1.2016423252432951e-02,4.5287857931487480e-01,1.6665409550580733e-02,-2.9788372661570373e-01,1.6053308825808194e-01,-3.0783371712067331e-01,-1.3975101341272450e-01,-6.6212674437263719e-01,-4.3783234017094075e-01,4.9532176450770582e-01,3.9623439556511902e-03,-3.2438855570186900e-02,5.7408544642572064e-02,-1.4800497547106505e-03,-6.1424165868913146e-03,2.5066305379551929e-01,1.7661050538079004e-01,6.4121797093158917e-01,-1.6472259391689692e-01,7.4857349620716862e-01,-2.8021946660831848e-01,5.3668351871767734e-05,5.3676832218859383e-05,5.3622488613387729e-05,5.3618737578212557e-05,-4.8090032500424656e-01,-4.6397264626148427e-01,8.9257472680795813e-01,1.8230223545309140e-01,3.1841153168383717e-37,-7.5619884584078554e-37,1.5943953178150161e-01,8.0527272345687961e-02
4.5517653803357083e+08,-4.2409621024514399e-01,-2.1384552837716311e-01,4.3452189478249248e-01,2.8665853272936209e-01,4.5423639229575807e-01,-6.3576040217663582e-02,-5.5297055360984326e-01,1.6968623315250272e-01,7.1449103216324339e-01,3.8533669841985885e-01,-2.2580812423954183e-03,-4.4802947006106458e-02,4.7638719271013441e-01,-5.4347721095394486e-02,-3.6915503397123178e-01,8.8019854837130013e-02,-2.8612252612724542e-01,-1.8312268963613210e-01,-6.6548204196403549e-01,-4.4222035014738054e-01,5.0389678993872011e-01,-4.8635104091403758e-02,-1.2636410933061418e-01,-3.0528467589826080e-02,-5.4898102948536575e-03,-7.2857662868284654e-04,2.5985965398946276e-01,1.4509644910932573e-01,5.5053877276463459e-01,1.8938486744002364e-02,6.1447485905208521e-01,-3.5626954304249087e-01,-4.0932973085735397e-01,-2.4022873719306265e-01,4.4889110884015992e-01,2.8107372381552093e-01,4.1553391241094012e-01,4.0988579989807969e-02,-4.9095709649593289e-01,2.4620868104575108e-01,7.1582297930154792e-01,3.8866962716754933e-01,-3.0712860470060468e-02,1.1491294984406007e-02,4.5420741704113654e-01,1.7254383186027580e-02,-2.9689181246779478e-01,1.6118811501769012e-01,-3.0794413534789455e-01,-1.4030753587227512e-01,-6.6193121244542197e-01,-4.3745729222820806e-01,4.9661548668198902e-01,3.8652778632596446e-03,-3.1256402873220693e-02,5.7773878921464947e-02,-1.3902872566183546e-03,-5.9310987023353332e-03,2.5092264740756254e-01,1.7684630676067878e-01,6.3850635912521325e-01,-1.6701768874803824e-01,7.4970141137021440e-01,-2.8094315286065802e-01,5.3668336951909918e-05,5.3676838072734101e-05,5.3618073947531767e-05,5.3618733771064804e-05,5.9415436541278110e-01,2.9190443120392207e-01,-8.7571034765725564e-01,2.4354788034865513e-01,-2.7989529609831839e-38,-1.2131719401621476e-37,-8.3819873015434684e-02,-1.4401934286649734e-01
4.7389253591205418e+08,-4.2365684783232715e-01,-2.1396245410352183e-01,4.3511425492949962e-01,2.8671291365626939e-01,4.5487650874721441e-01,-6.4288735542513131e-02,-5.5189708859376652e-01,1.6854098073066864e-01,7.1456289339751256e-01,3.8537282966733033e-01,-2.5371058791967584e-03,-4.4492063094303536e-02,4.7680972684782619e-01,-5.4805196534943201e-02,-3.6802047890659301e-01,8.6516729525378436e-02,-2.8658863181641442e-01,-1.8292498756011050e-01,-6.6487148643863614e-01,-4.4206960762787428e-01,5.0422780055678373e-01,-4.8777860331048806e-02,-1.2519778663216033e-01,-3.2433969744097339e-02,-5.2394889616588728e-03,-7.4151702225070206e-04,2.6050014370129204e-01,1.4541441943449446e-01,5.4916644390383218e-01,1.9860953289569605e-02,6.1536853977511474e-01,-3.5871219120313347e-01,-4.0918453143019762e-01,-2.3982157987356290e-01,4.4895529080486174e-01,2.8139883313858488e-01,4.1738770590312835e-01,4.2072572816569294e-02,-4.9014723060468596e-01,2.4706116916242671e-01,7.1579303348195200e-01,3.8869648520722377e-01,-3.0740310661842463e-02,1.0965338201470540e-02,4.5560095452381649e-01,1.7792570964183019e-02,-2.9584624751354988e-01,1.6182251324218630e-01,-3.0805024307484596e-01,-1.4085775323554398e-01,-6.6173343035537080e-01,-4.3708716764867706e-01,4.9792586429648894e-01,3.6983068586856627e-03,-2.9997103231619235e-02,5.8086674681306169e-02,-1.2991314761035752e-03,-5.7244190715571366e-03,2.5121141976409472e-01,1.7708766349581107e-01,6.3561624912569248e-01,-1.6926148243530581e-01,7.5082047481303216e-01,-2.8175378527047401e-01,5.3668314785125594e-05,5.3676837067985001e-05,5.3613713332176303e-05,5.3618731203467289e-05,1.6251594208713666e-01,6.3523291092895018e-01,-8.2681761384976449e-01,-3.7248987115815957e-01,-8.6590477630995266e-39,1.6155556429533904e-38,1.4741979268528807e-01,-4.8056253606561565e-02
4.9337810020558321e+08,-4.2321983861795837e-01,-2.1407770161735493e-01,4.3564235700785564e-01,2.8672952907584837e-01,4.5556348344518277e-01,-6.4997879412658568e-02,-5.5078170381253932e-01,1.6742205072636951e-01,7.1463452326684118e-01,3.8541172356665621e-01,-2.8480993720314679e-03,-4.4200923348340936e-02,4.7726227189136872e-01,-5.5263281730066144e-02,-3.6678656986424446e-01,8.5002526035857826e-02,-2.8705085934387142e-01,-1.8272198050802010e-01,-6.6426385557395129e-01,-4.4192074449165458e-01,5.0456853651815847e-01,-4.8916468889733361e-02,-1.2385166121106231e-01,-3.4405298992769610e-02,-4.9930127622644892e-03,-7.4778051691169072e-04,2.6123981581595845e-01,1.4578554468848526e-01,5.4771385734159783e-01,2.0764952394168840e-02,6.1634130769709017e-01,-3.6118137860830746e-01,-4.0904192068458467e-01,-2.3941562096588773e-01,4.4897374979490973e-01,2.8168640241298215e-01,4.1934965685594372e-01,4.3107497812986770e-02,-4.8934574515174184e-01,2.4794122640101185e-01,7.1576483616314812e-01,3.8872238794820990e-01,-3.0791234794809479e-02,1.0422888247281771e-02,4.5706621525913288e-01,1.8291824375887528e-02,-2.9474044899567636e-01,1.6244393076741451e-01,-3.0815216670483148e-01,-1.4140538283265636e-01,-6.6154083446348177e-01,-4.3671620129083882e-01,4.9926384212244718e-01,3.4783969506848866e-03,-2.8578139330994370e-02,5.8332737760253432e-02,-1.2066703491371853e-03,-5.5226019042524917e-03,2.5157507690570435e-01,1.7738502027714342e-01,6.3253865980855550e-01,-1.7148862388376340e-01,7.5191002636945226e-01,-2.8264414441834801e-01,5.3668277860398727e-05,5.3676823750101028e-05,5.3609407387379366e-05,5.3618735622289381e-05,1.0390816446304575e-01,-6.4098618697595311e-01,7.1646225573773270e-01,5.5232005359083469e-01,-2.1058221765475465e-39,1.5646694262656459e-39,-7.2580260334838234e-02,-1.2416562655944079e-01
5.1366487402883691e+08,-4.2279631873972473e-01,-2.1418700437996888e-01,4.3625928400319769e-01,2.8685859476834086e-01,4.5630462870198596e-01,-6.5667290483468782e-02,-5.4948155047664105e-01,1.6632259502744717e-01,7.1470348018914742e-01,3.8545306733159795e-01,-3.0962806921475249e-03,-4.3823470302749919e-02,4.7774469269101361e-01,-5.5688393427861249e-02,-3.6545214051337660e-01,8.3567899089873457e-02,-2.8749900922381738e-01,-1.8251923744364451e-01,-6.6368608986005684e-01,-4.4170848598760554e-01,5.0490912337323146e-01,-4.9020647774843523e-02,-1.2250569891951908e-01,-3.6213640667294086e-02,-4.7491488781928196e-03,-7.4936526655151273e-04,2.6175604216884285e-01,1.4614397745360097e-01,5.4619728000478007e-01,2.1563598268490664e-02,6.1752357911936717e-01,-3.6361176342148999e-01,-4.0890451744489509e-01,-2.3902211406368432e-01,4.4907761234113841e-01,2.8202251218273633e-01,4.2140677731314524e-01,4.4017635023601120e-02,-4.8834819309817074e-01,2.4872579101497552e-01,7.1573884975915547e-01,3.8874560230317651e-01,-3.0778562502769960e-02,9.9222427714789983e-03,4.5856599997221192e-01,1.8676651282305418e-02,-2.9359839414270383e-01,1.6300200101488804e-01,-3.0824885946568215e-01,-1.4193842584322758e-01,-6.6132532564711610e-01,-4.3636802571929584e-01,5.0056096812720108e-01,3.1287557560993745e-03,-2.7329905727201349e-02,5.8544503097820222e-02,-1.1134432827136498e-03,-5.3247997484164996e-03,2.5183224786900915e-01,1.7753846148442440e-01,6.2929664170983435e-01,-1.7349999796749771e-01,7.5301861265590364e-01,-2.8365516259293233e-01,5.3668260179521694e-05,5.3676824222983320e-05,5.3605155657674425e-05,5.3618728534406265e-05,-6.4278468349543216e-01,1.5795890646548821e-02,2.5703754727764488e-01,-8.6522680813117214e-01,-2.0488587437643390e-40,-3.0160157991286702e-40,-1.2791959057328744e-01,-3.7526746104753088e-02
5.3478580160148370e+08,-4.2238143173839454e-01,-2.1429245834642954e-01,4.3690059422938177e-01,2.8703790951062275e-01,4.5709557630426284e-01,-6.6304487112640559e-02,-5.4805627653146605e-01,1.6525614226476376e-01,7.1477055967530101e-01,3.8549696649525617e-01,-3.3241977497209651e-03,-4.3404061722561581e-02,4.7825560540642065e-01,-5.6089961839605323e-02,-3.6401922858073776e-01,8.2188817209704626e-02,-2.8793828616330303e-01,-1.8231418091661977e-01,-6.6313115678073586e-01,-4.4146184265133065e-01,5.0525082344379968e-01,-4.9102186808531095e-02,-1.2108808810072672e-01,-3.7935715824411104e-02,-4.5090025128342532e-03,-7.4562541596495061e-04,2.6217297272934109e-01,1.4651276108545888e-01,5.4461630717552578e-01,2.2282275656883593e-02,6.1886402788701733e-01,-3.6601310921857011e-01,-4.0877113103389429e-01,-2.3863588043029754e-01,4.4921330568778023e-01,2.8237283758729409e-01,4.2355552232340316e-01,4.4817872862154363e-02,-4.8723807778899619e-01,2.4945462841577909e-01,7.1571472597837493e-01,3.8876689106804591e-01,-3.0738311142868395e-02,9.4383154895626240e-03,4.6010598098985256e-01,1.8969342650738338e-02,-2.9241401437750653e-01,1.6350898211849868e-01,-3.0834083400849521e-01,-1.4246268684783286e-01,-6.6109931563482438e-01,-4.3603450175007685e-01,5.0183133107163336e-01,2.6814372246206780e-03,-2.6126799525132877e-02,5.8702488276477213e-02,-1.0195080085019809e-03,-5.1315189899088839e-03,2.5205292164417892e-01,1.7762684518102453e-01,6.2589050506546129e-01,-1.7535052214339128e-01,7.5411343592666413e-01,-2.8476812879500196e-01,5.3668243780620658e-05,5.3676823550641818e-05,5.3600957443848015e-05,5.3618713656975624e-05,5.3396232008344413e-01,3.4657229711963389e-01,-5.8003954150807402e-01,6.8897962286535841e-01,2.0618502235503657e-41,-4.4818613709938543e-41,-4.3489472452631114e-02,1.1547603506412603e-01
5.5677518174716723e+08,-4.2196500962540817e-01,-2.1439915034121482e-01,4.3743852145127776e-01,2.8713885641042924e-01,4.5793372694783668e-01,-6.6938203534329763e-02,-5.4661840182999877e-01,1.6423162714897074e-01,7.1483760296504051e-01,3.8554362464694786e-01,-3.6122126012606351e-03,-4.3030548830653326e-02,4.7879780196864713e-01,-5.6495307286449858e-02,-3.6247892931693365e-01,8.0789396398403046e-02,-2.8837910701934372e-01,-1.8210035465161348e-01,-6.6257274420173518e-01,-4.4123617278040428e-01,5.0560288247394025e-01,-4.9186824357283859e-02,-1.1943413892996758e-01,-3.9766580779974268e-02,-4.2731870309802881e-03,-7.3566919443650075e-04,2.6276963316028035e-01,1.4694985279741485e-01,5.4295002253974300e-01,2.2990830425275777e-02,6.2026107640487527e-01,-3.6844090063922497e-01,-4.0864008298943943e-01,-2.3824581094694910e-01,4.4926844919612657e-01,2.8266539897821719e-01,4.2581297074241597e-01,4.5562996975993947e-02,-4.8618383357956468e-01,2.5023007775765727e-01,7.1569178121980570e-01,3.8878759882983682e-01,-3.0743373400164222e-02,8.9196525733870637e-03,4.6172172789428195e-01,1.9226648844073074e-02,-2.9116138790519530e-01,1.6400403972774838e-01,-3.0842821169187523e-01,-1.4299075218416160e-01,-6.6088622471604985e-01,-4.3569357406895920e-01,5.0313288462002004e-01,2.1974142388750534e-03,-2.4682547046406590e-02,5.8772346143460760e-02,-9.2472893546905886e-04,-4.9425713209447462e-03,2.5239346621180453e-01,1.7782200332926423e-01,6.2228059999925323e-01,-1.7719965461831344e-01,7.5514792434943756e-01,-2.8595629163691400e-01,5.3668233122569678e-05,5.3676833974394208e-05,5.3596826565600294e-05,5.3618734917195128e-05,-7.4356649131217270e-02,6.2574837992587284e-01,-8.9769607075600066e-01,-3.7655180942338884e-02,-5.3677193098658960e-42,-3.7178577639627184e-42,-6.3935718455812834e-02,-9.4122028461088664e-02
5.7966872359225166e+08,-4.2155822799510817e-01,-2.1450217871400565e-01,4.3801392345193474e-01,2.8730257402270465e-01,4.5882062174332977e-01,-6.7528411634205504e-02,-5.4504251931096792e-01,1.6325226545069185e-01,7.1490219534967625e-01,3.8559266861142827e-01,-3.8736180402805867e-03,-4.2606208877478173e-02,4.7936713980535006e-01,-5.6869353991001237e-02,-3.6084044844449259e-01,7.9468243911294228e-02,-2.8881108846609582e-01,-1.8188436379362888e-01,-6.6204201450671341e-01,-4.4097230501632934e-01,5.0595281214242471e-01,-4.9245827932898029e-02,-1.1772540838700872e-01,-4.1472706978365775e-02,-4.0415598781492470e-03,-7.2105066891830724e-04,2.6323257019969099e-01,1.4738775760924211e-01,5.4122657496338233e-01,2.3600156916687126e-02,6.2183026011175857e-01,-3.7081557322979875e-01,-4.0851344131102274e-01,-2.3786356438077486e-01,4.4936733153325514e-01,2.8298082900333404e-01,4.2814999449006169e-01,4.6172920551677279e-02,-4.8499847901993043e-01,2.5092711931791367e-01,7.1567054815644138e-01,3.8880620561888013e-01,-3.0712987651935066e-02,8.4221816252006577e-03,4.6336404380506230e-01,1.9374897785179687e-02,-2.8987231385757173e-01,1.6443403819093744e-01,-3.0851067164806395e-01,-1.4350980329242852e-01,-6.6066104870477815e-01,-4.3537016281221558e-01,5.0438788017478020e-01,1.6098834324604905e-03,-2.3322786115703837e-02,5.8783692062529397e-02,-8.2972522743528666e-04,-4.7580771442964839e-03,2.5267778742260100e-01,1.7793213973295763e-01,6.1851680823125732e-01,-1.7883953765310207e-01,7.5615785377060174e-01,-2.8724857738682008e-01,5.3668228868861202e-05,5.3676847658121204e-05,5.3592751475204747e-05,5.3618748021539452e-05,-1.0704179056071926e-01,-6.1446055092274654e-01,8.0480211238940647e-01,-3.9486379019421280e-01,-3.3114756095823483e-43,-7.7697737331285516e-43,-2.4478796744119978e-02,1.0192893431799702e-01
6.0350360455480158e+08,-4.2115257405683793e-01,-2.1460583283508344e-01,4.3849599876993317e-01,2.8739900155270232e-01,4.5975227834239757e-01,-6.8102670412347882e-02,-5.4344494858694936e-01,1.6233028868223442e-01,7.1496582875349968e-01,3.8564413104942763e-01,-4.1869090966598979e-03,-4.2221142250446222e-02,4.7996605347039317e-01,-5.7238530940307855e-02,-3.5909577033605333e-01,7.8151482154857344e-02,-2.8924300575412359e-01,-1.8166108275717829e-01,-6.6151160072978388e-01,-4.4072510438868029e-01,5.0631029133077166e-01,-4.9304502147662910e-02,-1.1579422709381729e-01,-4.3249402130914674e-02,-3.8154075934215470e-03,-7.0077037551428923e-04,2.6384828480725336e-01,1.4788774450348732e-01,5.3942613671008577e-01,2.4178604758859829e-02,6.2346751694675795e-01,-3.7318692406719439e-01,-4.0838976302085228e-01,-2.3747980452398509e-01,4.4939547292542764e-01,2.8324434674919224e-01,4.3057976471822551e-01,4.6700789860182751e-02,-4.8385593872937843e-01,2.5164832088625744e-01,7.1565045505848368e-01,3.8882395121661356e-01,-3.0721453633656783e-02,7.8962404437869487e-03,4.6506728551891990e-01,1.9469463497167175e-02,-2.8852225941757115e-01,1.6483674219238997e-01,-3.0858849962534102e-01,-1.4403017401245327e-01,-6.6044715120279374e-01,-4.3504235248360001e-01,5.0565514244951770e-01,9.7920782953614394e-04,-2.1756673720581755e-02,5.8699107028570570e-02,-7.3448221031288089e-04,-4.5784961708706809e-03,2.5306702488705340e-01,1.7813282900727581e-01,6.1456169308968722e-01,-1.8042598099828955e-01,7.5709308405976639e-01,-2.8861646231900223e-01,5.3668212195280819e-05,5.3676853027955285e-05,5.3588737550202196e-05,5.3618778424255170e-05,4.0238348233385374e-01,4.6809919094610586e-01,-3.1365379818523881e-01,8.3744595111394349e-01,1.3840164215496903e-44,-1.0644424389415296e-43,7.2254516163347562e-02,-6.3592184830603693e-02
6.2831853071795905e+08,-4.2075370974974724e-01,-2.1470785764636721e-01,4.3896754356728779e-01,2.8750978607243494e-01,4.6072849705906871e-01,-6.8637003586871359e-02,-5.4175366832864180e-01,1.6146874300811834e-01,7.1502724083114644e-01,3.8569776352607071e-01,-4.5029532215729974e-03,-4.1818789170886050e-02,4.8059125896831412e-01,-5.7582166133299167e-02,-3.5725204221971912e-01,7.6898140564387540e-02,-2.8966975082658830e-01,-1.8143370885374330e-01,-6.6099990902327166e-01,-4.4046121482922351e-01,5.0666749119469523e-01,-4.9346730349355966e-02,-1.1374920001827868e-01,-4.4958040449547272e-02,-3.5943591056484172e-03,-6.7602320574088200e-04,2.6443238098495936e-01,1.4840850811414361e-01,5.3756739484221550e-01,2.4673857740754757e-02,6.2523805731927073e-01,-3.7550729415709200e-01,-4.0827019968816702e-01,-2.3710033450971127e-01,4.4942549422409939e-01,2.8350394117923661e-01,4.3308150385270594e-01,4.7099098338180032e-02,-4.8264789322145241e-01,2.5231889789029727e-01,7.1563170801733966e-01,3.8884002441630394e-01,-3.0721521073026732e-02,7.3732168504696705e-03,4.6679952919590423e-01,1.9467979396755083e-02,-2.8713138021434226e-01,1.6518047053732263e-01,-3.0866140488410848e-01,-1.4454564872416142e-01,-6.6023036575435934e-01,-4.3472435265165543e-01,5.0688680806494746e-01,2.6959582057131670e-04,-2.0177423796781956e-02,5.8536427539540636e-02,-6.3943172627101076e-04,-4.4035069713170933e-03,2.5345693894552962e-01,1.7831180330836702e-01,6.1044957353837404e-01,-1.8183476038212010e-01,7.5797268961033215e-01,-2.9007404663362518e-01,5.3668195825670954e-05,5.3676858192574343e-05,5.3584783604776546e-05,5.3618810294432789e-05,2.5863423574725403e-01,5.5338853495051021e-01,-3.5006853311734343e-01,8.2052309568320703e-01,-1.3290772371037159e-44,-1.8183000891382368e-45,6.4715962252116815e-02,5.9989351077663518e-02
