omega,re_0,im_0,re_1,im_1,re_2,im_2,re_3,im_3,re_4,im_4,re_5,im_5,re_6,im_6,re_7,im_7,re_8,im_8,re_9,im_9,re_10,im_10,re_11,im_11,re_12,im_12,re_13,im_13,re_14,im_14,re_15,im_15
62.83185307179587,0.0,5.085539105528358e-10,0.0,-1.1274232209495576e-10,0.0,-1.0821852511823227e-10,0.0,-4.7474738983571683e-11,0.0,-1.1274232209495578e-10,0.0,5.177918118530568e-10,0.0,-1.007815349717098e-10,0.0,-6.947006141833133e-11,0.0,-1.082185251182323e-10,0.0,-1.007815349717098e-10,0.0,5.33539848465983e-10,0.0,-9.96768313847399e-11,0.0,-4.747473898357167e-11,0.0,-6.947006141833133e-11,0.0,-9.967683138473989e-11,0.0,4.724646925729957e-10
65.41537996857582,0.0,5.294646849792168e-10,0.0,-1.1737807302856128e-10,0.0,-1.1266826608088284e-10,0.0,-4.942681041048814e-11,0.0,-1.1737807302856134e-10,0.0,5.390824312993147e-10,0.0,-1.0492548097312189e-10,0.0,-7.232653888033026e-11,0.0,-1.1266826608088272e-10,0.0,-1.0492548097312188e-10,0.0,5.554779973765473e-10,0.0,-1.0377535406517113e-10,0.0,-4.942681041048811e-11,0.0,-7.23265388803302e-11,0.0,-1.0377535406517104e-10,0.0,4.918915466504402e-10
68.10513660234535,0.0,5.512352708789502e-10,0.0,-1.222044372679699e-10,0.0,-1.1730097197133162e-10,0.0,-5.145914732042497e-11,0.0,-1.2220443726796991e-10,0.0,5.612484807273312e-10,0.0,-1.092398181922054e-10,0.0,-7.530046929003531e-11,0.0,-1.173009719713316e-10,0.0,-1.0923981819220535e-10,0.0,5.783182014550732e-10,0.0,-1.0804240024227293e-10,0.0,-5.145914732042497e-11,0.0,-7.530046929003533e-11,0.0,-1.0804240024227294e-10,0.0,5.121171962046236e-10
70.90549093886288,0.0,5.739010220727322e-10,0.0,-1.2722925247160407e-10,0.0,-1.2212416596117121e-10,0.0,-5.357505007815153e-11,0.0,-1.2722925247160404e-10,0.0,5.84325956161314e-10,0.0,-1.137315527933866e-10,0.0,-7.839668209039105e-11,0.0,-1.2212416596117126e-10,0.0,-1.1373155279338658e-10,0.0,6.020975515030396e-10,0.0,-1.1248489928331873e-10,0.0,-5.357505007815153e-11,0.0,-7.839668209039105e-11,0.0,-1.124848992833187e-10,0.0,5.331744861939289e-10
73.82099054637276,0.0,5.97498746063463e-10,0.0,-1.3246067856756837e-10,0.0,-1.2714568056057325e-10,0.0,-5.577795475319078e-11,0.0,-1.3246067856756837e-10,0.0,6.08352333713865e-10,0.0,-1.1840797902131462e-10,0.0,-8.162020530189635e-11,0.0,-1.2714568056057315e-10,0.0,-1.1840797902131454e-10,0.0,6.268546634254912e-10,0.0,-1.1711006547805066e-10,0.0,-5.577795475319071e-11,0.0,-8.162020530189639e-11,0.0,-1.1711006547805076e-10,0.0,5.550976120992688e-10
76.85636998052001,0.0,6.220667638089108e-10,0.0,-1.3790721100477032e-10,0.0,-1.323736703377055e-10,0.0,-5.807143869974215e-11,0.0,-1.3790721100477034e-10,0.0,6.333666304444223e-10,0.0,-1.23276691046175e-10,0.0,-8.497627368773889e-11,0.0,-1.3237367033770565e-10,0.0,-1.2327669104617508e-10,0.0,6.526297409404118e-10,0.0,-1.2192540975415348e-10,0.0,-5.8071438699742217e-11,0.0,-8.497627368773889e-11,0.0,-1.2192540975415343e-10,0.0,5.779221754550259e-10
80.01655847291823,0.0,6.47644971952108e-10,0.0,-1.4357769454889897e-10,0.0,-1.3781662516114787e-10,0.0,-6.045922636604036e-11,0.0,-1.4357769454889892e-10,0.0,6.594094677200675e-10,0.0,-1.2834559529606086e-10,0.0,-8.847033725466163e-11,0.0,-1.3781662516114777e-10,0.0,-1.283455952960609e-10,0.0,6.79464640866592e-10,0.0,-1.2693875187444454e-10,0.0,-6.045922636604036e-11,0.0,-8.847033725466163e-11,0.0,-1.2693875187444454e-10,0.0,6.016852416632996e-10
83.3066879358569,0.0,6.742749076105494e-10,0.0,-1.4948133764567152e-10,0.0,-1.4348338398680923e-10,0.0,-6.294519534258301e-11,0.0,-1.4948133764567154e-10,0.0,6.8652313718163e-10,0.0,-1.3362292329642585e-10,0.0,-9.210807010337201e-11,0.0,-1.4348338398680925e-10,0.0,-1.3362292329642582e-10,0.0,7.074029410959982e-10,0.0,-1.321582331355903e-10,0.0,-6.294519534258301e-11,0.0,-9.210807010337195e-11,0.0,-1.321582331355903e-10,0.0,6.264254001853861e-10
86.73210129614749,0.0,7.019998158293977e-10,0.0,-1.5562772737466714e-10,0.0,-1.4938314921174005e-10,0.0,-6.553338265905153e-11,0.0,-1.556277273746671e-10,0.0,7.147516694221775e-10,0.0,-1.391172450374736e-10,0.0,-9.589537964286055e-11,0.0,-1.4938314921173994e-10,0.0,-1.3911724503747365e-10,0.0,7.364900113610509e-10,0.0,-1.3759232958897e-10,0.0,-6.553338265905153e-11,0.0,-9.589537964286057e-11,0.0,-1.3759232958897003e-10,0.0,6.521828272082029e-10
90.29836117164085,0.0,7.308647198082352e-10,0.0,-1.6202684501803444e-10,0.0,-1.5552550161814161e-10,0.0,-6.822799134014789e-11,0.0,-1.620268450180344e-10,0.0,7.441409054894401e-10,0.0,-1.4483748289118689e-10,0.0,-9.983841618359667e-11,0.0,-1.5552550161814161e-10,0.0,-1.448374828911869e-10,0.0,7.66773086911709e-10,0.0,-1.4324986580515524e-10,0.0,-6.822799134014789e-11,0.0,-9.98384161835967e-11,0.0,-1.4324986580515524e-10,0.0,6.789993508874436e-10
94.01125890450754,0.0,7.609164940154119e-10,0.0,-1.6868908226935608e-10,0.0,-1.6192041593185022e-10,0.0,-7.103339723099635e-11,0.0,-1.6868908226935603e-10,0.0,7.747385713282839e-10,0.0,-1.507929261006004e-10,0.0,-1.0394358292517754e-10,0.0,-1.6192041593185022e-10,0.0,-1.5079292610060034e-10,0.0,7.983013452220246e-10,0.0,-1.4914002920436053e-10,0.0,-7.103339723099635e-11,0.0,-1.039435829251776e-10,0.0,-1.4914002920436055e-10,0.0,7.069185192734111e-10
97.8768239659487,0.0,7.922039403087117e-10,0.0,-1.756252581089898e-10,0.0,-1.685782770205519e-10,0.0,-7.39541561031919e-11,0.0,-1.7562525810898987e-10,0.0,8.065943552841123e-10,0.0,-1.5699324586484302e-10,0.0,-1.0821754635465049e-10,0.0,-1.6857827702055193e-10,0.0,-1.5699324586484307e-10,0.0,8.311259858507205e-10,0.0,-1.5527238497613338e-10,0.0,-7.395415610319188e-11,0.0,-1.0821754635465053e-10,0.0,-1.552723849761334e-10,0.0,7.35985671029827e-10
101.90133374761122,0.0,8.247778671859587e-10,0.0,-1.8284663637329194e-10,0.0,-1.7550989675804011e-10,0.0,-7.699501105303615e-11,0.0,-1.8284663637329192e-10,0.0,8.397599887930624e-10,0.0,-1.6344851104445107e-10,0.0,-1.1266724707239479e-10,0.0,-1.755098967580401e-10,0.0,-1.6344851104445097e-10,0.0,8.653003135854843e-10,0.0,-1.6165689161251464e-10,0.0,-7.699501105303617e-11,0.0,-1.1266724707239475e-10,0.0,-1.616568916125146e-10,0.0,7.662480090604671e-10
106.09132375560732,0.0,8.586911722942597e-10,0.0,-1.9036494404625453e-10,0.0,-1.8272653158189834e-10,0.0,-8.016090020397511e-11,0.0,-1.9036494404625463e-10,0.0,8.742893303900296e-10,0.0,-1.7016920451245136e-10,0.0,-1.1729991106314286e-10,0.0,-1.8272653158189842e-10,0.0,-1.7016920451245136e-10,0.0,9.008798250060014e-10,0.0,-1.6830391707989252e-10,0.0,-8.016090020397513e-11,0.0,-1.1729991106314279e-10,0.0,-1.6830391707989255e-10,0.0,7.977546771631847e-10
110.453598223693,0.0,8.939989283318669e-10,0.0,-1.9819239030325965e-10,0.0,-1.902399007731225e-10,0.0,-8.345696472574597e-11,0.0,-1.9819239030325962e-10,0.0,9.10238453170945e-10,0.0,-1.771662401777725e-10,0.0,-1.2212306143044537e-10,0.0,-1.9023990077312253e-10,0.0,-1.7716624017777253e-10,0.0,9.379222986062945e-10,0.0,-1.7522425565581321e-10,0.0,-8.345696472574601e-11,0.0,-1.2212306143044547e-10,0.0,-1.7522425565581327e-10,0.0,8.305568398358035e-10
114.9952411628399,0.0,9.307584724821666e-10,0.0,-2.0634168633787587e-10,0.0,-1.9806220548736514e-10,0.0,-8.688855718325651e-11,0.0,-2.0634168633787592e-10,0.0,9.476657358513302e-10,0.0,-1.8445098070862455e-10,0.0,-1.2714453061363404e-10,0.0,-1.9806220548736508e-10,0.0,-1.8445098070862455e-10,0.0,9.764878886227173e-10,0.0,-1.8242914545808854e-10,0.0,-8.688855718325642e-11,0.0,-1.2714453061363402e-10,0.0,-1.8242914545808857e-10,0.0,8.647077653634725e-10
119.72362786514542,0.0,9.690294995250233e-10,0.0,-2.148260660038981e-10,0.0,-2.0620614856871059e-10,0.0,-9.046125022875427e-11,0.0,-2.1482606600389805e-10,0.0,9.866319575690162e-10,0.0,-1.9203525598463232e-10,0.0,-1.3237247310712452e-10,0.0,-2.062061485687106e-10,0.0,-1.9203525598463224e-10,0.0,1.016639222719994e-09,0.0,-1.89930286694668e-10,0.0,-9.046125022875427e-11,0.0,-1.3237247310712455e-10,0.0,-1.89930286694668e-10,0.0,9.002629123224253e-10
124.64643688076109,0.0,1.0088741587766838e-09,0.0,-2.2365930730614482e-10,0.0,-2.1468495517815315e-10,0.0,-9.418084565140199e-11,0.0,-2.2365930730614497e-10,0.0,1.0272003965849648e-09,0.0,-1.999313823076838e-10,0.0,-1.3781537870271085e-10,0.0,-2.1468495517815312e-10,0.0,-1.9993138230768385e-10,0.0,1.0584415036939026e-09,0.0,-1.977398606639111e-10,0.0,-9.418084565140199e-11,0.0,-1.378153787027108e-10,0.0,-1.9773986066391109e-10,0.0,9.372800196405995e-10
129.77166248729,0.0,1.05035715501567e-09,0.0,-2.328557547749206e-10,0.0,-2.2351239427028022e-10,0.0,-9.805338379895347e-11,0.0,-2.328557547749205e-10,0.0,1.0694369330424823e-09,0.0,-2.0815218240269425e-10,0.0,-1.4348208627636017e-10,0.0,-2.2351239427028027e-10,0.0,-2.0815218240269428e-10,0.0,1.1019626153557976e-09,0.0,-2.0587054953611388e-10,0.0,-9.80533837989535e-11,0.0,-1.4348208627636017e-10,0.0,-2.0587054953611386e-10,0.0,9.758192003613871e-10
135.10762767190218,0.0,1.0935458535585497e-09,0.0,-2.424303427604698e-10,0.0,-2.3270280095303609e-10,0.0,-1.0208515338683151e-10,0.0,-2.424303427604699e-10,0.0,1.1134101559516981e-09,0.0,-2.1671100624076133e-10,0.0,-1.4938179814189293e-10,0.0,-2.327028009530361e-10,0.0,-2.1671100624076133e-10,0.0,1.147273232770895e-09,0.0,-2.1433555694841603e-10,0.0,-1.0208515338683155e-10,0.0,-1.493817981418929e-10,0.0,-2.14335556948416e-10,0.0,1.015943039262769e-09
140.6629976472495,0.0,1.1385103896562265e-09,0.0,-2.5239861968525796e-10,0.0,-2.422710997668755e-10,0.0,-1.0628270171053633e-10,0.0,-2.523986196852578e-10,0.0,1.1591914745730396e-09,0.0,-2.2562175271853118e-10,0.0,-1.5552409499485922e-10,0.0,-2.4227109976687555e-10,0.0,-2.256217527185313e-10,0.0,1.1944469370293452e-09,0.0,-2.2314862944652937e-10,0.0,-1.0628270171053637e-10,0.0,-1.5552409499485924e-10,0.0,-2.2314862944652942e-10,0.0,1.0577166944903575e-09
146.44679392313063,0.0,1.1853237823884008e-09,0.0,-2.6277677329345857e-10,0.0,-2.5223282892111464e-10,0.0,-1.1065284527796948e-10,0.0,-2.627767732934586e-10,0.0,1.2068552343805903e-09,0.0,-2.348988922289781e-10,0.0,-1.6191895147088028e-10,0.0,-2.522328289211147e-10,0.0,-2.3489889222897816e-10,0.0,1.2435603347364852e-09,0.0,-2.3232407880811241e-10,0.0,-1.1065284527796948e-10,0.0,-1.6191895147088028e-10,0.0,-2.323240788081124e-10,0.0,1.1012080033694147e-09
152.46840895675493,0.0,1.234062053241151e-09,0.0,-2.735816569386529e-10,0.0,-2.6260416552683247e-10,0.0,-1.1520268087893774e-10,0.0,-2.7358165693865284e-10,0.0,1.2564788377936421e-09,0.0,-2.445574901602525e-10,0.0,-1.6857675234371827e-10,0.0,-2.6260416552683247e-10,0.0,-2.445574901602525e-10,0.0,1.2946931824162966e-09,0.0,-2.4187680528403757e-10,0.0,-1.1520268087893771e-10,0.0,-1.6857675234371824e-10,0.0,-2.4187680528403757e-10,0.0,1.1464875925676417e-09
158.73762140539807,0.0,1.2848043495601995e-09,0.0,-2.848308169524279e-10,0.0,-2.7340195186730177e-10,0.0,-1.1993959710981507e-10,0.0,-2.848308169524279e-10,0.0,1.3081428698724897e-09,0.0,-2.546132313607554e-10,0.0,-1.7550830938938023e-10,0.0,-2.7340195186730187e-10,0.0,-2.546132313607553e-10,0.0,1.3479285160300932e-09,0.0,-2.518223217952961e-10,0.0,-1.1993959710981505e-10,0.0,-1.7550830938938023e-10,0.0,-2.51822321795296e-10,0.0,1.1936289927876603e-09
165.26461200621813,0.0,1.3376330730803504e-09,0.0,-2.9654252113832144e-10,0.0,-2.846437227486127e-10,0.0,-1.248712863720764e-10,0.0,-2.9654252113832155e-10,0.0,1.3619312291826103e-09,0.0,-2.650824456101732e-10,0.0,-1.827248789436431e-10,0.0,-2.846437227486127e-10,0.0,-2.650824456101731e-10,0.0,1.403352785820787e-09,0.0,-2.6217677912483427e-10,0.0,-1.2487128637207647e-10,0.0,-1.827248789436431e-10,0.0,-2.621767791248343e-10,0.0,1.2427087581754416e-09
172.05998010901936,0.0,1.3926340137398075e-09,0.0,-3.0873578843738357e-10,0.0,-2.963477339748982e-10,0.0,-1.3000575736418842e-10,0.0,-3.087357884373837e-10,0.0,1.4179312640397294e-09,0.0,-2.7598213413783054e-10,0.0,-1.9023818018150965e-10,0.0,-2.963477339748984e-10,0.0,-2.759821341378305e-10,0.0,1.46105599670168e-09,0.0,-2.7295699214522994e-10,0.0,-1.3000575736418842e-10,0.0,-1.9023818018150958e-10,0.0,-2.7295699214522994e-10,0.0,1.2938065906385671e-09
179.13476088881166,0.0,1.449896488996684e-09,0.0,-3.214304198135285e-10,0.0,-3.085329919944111e-10,0.0,-1.3535134808714286e-10,0.0,-3.214304198135285e-10,0.0,1.4762339143570122e-09,0.0,-2.873299972314287e-10,0.0,-1.9806041414828105e-10,0.0,-3.08532991994411e-10,0.0,-2.8732999723142874e-10,0.0,1.5211318544177856e-09,0.0,-2.8418046712480045e-10,0.0,-1.3535134808714291e-10,0.0,-1.9806041414828113e-10,0.0,-2.8418046712480045e-10,0.0,1.3470054692762298e-09
186.50044326611896,0.0,1.5095134888739517e-09,0.0,-3.3464703040883627e-10,0.0,-3.2121928476458804e-10,0.0,-1.4091673938475404e-10,0.0,-3.346470304088363e-10,0.0,1.5369338593247673e-09,0.0,-2.991444629810045e-10,0.0,-2.0620428357315326e-10,0.0,-3.212192847645881e-10,0.0,-2.991444629810044e-10,0.0,1.5836779177170257e-09,0.0,-2.958654301564888e-10,0.0,-1.4091673938475412e-10,0.0,-2.062042835731534e-10,0.0,-2.958654301564888e-10,0.0,1.4023917851311565e-09
194.16898856413573,0.0,1.5715818269683534e-09,0.0,-3.4840708302101777e-10,0.0,-3.3442721388623047e-10,0.0,-1.467109690407064e-10,0.0,-3.484070830210178e-10,0.0,1.6001296711624374e-09,0.0,-3.1144471720478336e-10,0.0,-2.146830134975079e-10,0.0,-3.3442721388623047e-10,0.0,-3.114447172047834e-10,0.0,1.64879575677842e-09,0.0,-3.0803085675568894e-10,0.0,-1.4671096904070642e-10,0.0,-2.1468301349750789e-10,0.0,-3.08030856755689e-10,0.0,1.4600554814822658e-09
202.1528499330308,0.0,1.6362022976685219e-09,0.0,-3.6273292295740967e-10,0.0,-3.4817822805897794e-10,0.0,-1.5274344645524657e-10,0.0,-3.6273292295740967e-10,0.0,1.6659239751925927e-09,0.0,-3.2425073460553014e-10,0.0,-2.2351037275140114e-10,0.0,-3.4817822805897805e-10,0.0,-3.242507346055301e-10,0.0,1.7165911181545404e-09,0.0,-3.206965026750788e-10,0.0,-1.5274344645524657e-10,0.0,-2.2351037275140117e-10,0.0,-3.2069650267507874e-10,0.0,1.5200901999059005e-09
210.46499257294212,0.0,1.7034798398376134e-09,0.0,-3.7764781432210126e-10,0.0,-3.6249465791241103e-10,0.0,-1.5902396792535336e-10,0.0,-3.776478143221013e-10,0.0,1.734423616496865e-09,0.0,-3.375833112079877e-10,0.0,-2.3270069631312627e-10,0.0,-3.624946579124111e-10,0.0,-3.375833112079875e-10,0.0,1.7871740964960888e-09,0.0,-3.338829359865014e-10,0.0,-1.5902396792535339e-10,0.0,-2.327006963131262e-10,0.0,-3.338829359865016e-10,0.0,1.5825934323428156e-09
219.11891478850168,0.0,1.7735237072262451e-09,0.0,-3.931759777951163e-10,0.0,-3.773997522693392e-10,0.0,-1.6556273255319848e-10,0.0,-3.9317597779511633e-10,0.0,1.8057398334244445e-09,0.0,-3.514640981300808e-10,0.0,-2.4226890858815535e-10,0.0,-3.773997522693391e-10,0.0,-3.514640981300808e-10,0.0,1.8606593133374594e-09,0.0,-3.476115704819911e-10,0.0,-1.655627325531985e-10,0.0,-2.422689085881554e-10,0.0,-3.47611570481991e-10,0.0,1.647666679417878e-09
228.1286699090846,0.0,1.8464476458925166e-09,0.0,-4.0934262996500756e-10,0.0,-3.9291771590017137e-10,0.0,-1.72370358808735e-10,0.0,-4.0934262996500756e-10,0.0,1.879988438234942e-09,0.0,-3.6591563674273333e-10,0.0,-2.5223054764527207e-10,0.0,-3.9291771590017137e-10,0.0,-3.6591563674273333e-10,0.0,1.937166103233637e-09,0.0,-3.619047004481875e-10,0.0,-1.7237035880873506e-10,0.0,-2.52230547645272e-10,0.0,-3.619047004481875e-10,0.0,1.7154156152695722e-09
237.5088891103756,0.0,1.9223700789171877e-09,0.0,-4.2617402427872955e-10,0.0,-4.0907374882967124e-10,0.0,-1.7945790177330628e-10,0.0,-4.261740242787295e-10,0.0,1.95729000516892e-09,0.0,-3.809613952753838e-10,0.0,-2.626017904492442e-10,0.0,-4.0907374882967134e-10,0.0,-3.809613952753838e-10,0.0,2.0168187075506834e-09,0.0,-3.767855368706084e-10,0.0,-1.7945790177330628e-10,0.0,-2.626017904492442e-10,0.0,-3.767855368706085e-10,0.0,1.7859502591569834e-09
247.2748051743158,0.0,2.0014142987139915e-09,0.0,-4.436974936752937e-10,0.0,-4.258940872599324e-10,0.0,-1.868368710922797e-10,0.0,-4.436974936752939e-10,0.0,2.037770066251541e-09,0.0,-3.966258069266545e-10,0.0,-2.7339947913101757e-10,0.0,-4.258940872599325e-10,0.0,-3.9662580692665454e-10,0.0,2.0997464762245164e-09,0.0,-3.9227824512657187e-10,0.0,-1.8683687109227968e-10,0.0,-2.7339947913101773e-10,0.0,-3.9227824512657177e-10,0.0,1.859385154122931e-09
257.4422772260138,0.0,2.0837086672474052e-09,0.0,-4.6194149497244067e-10,0.0,-4.434060461760307e-10,0.0,-1.9451924966586022e-10,0.0,-4.6194149497244113e-10,0.0,2.1215593151472938e-09,0.0,-4.1293430954205897e-10,0.0,-2.8464114833809216e-10,0.0,-4.4340604617603073e-10,0.0,-4.1293430954205886e-10,0.0,2.186084077815645e-09,0.0,-4.084079842279812e-10,0.0,-1.9451924966586022e-10,0.0,-2.8464114833809216e-10,0.0,-4.0840798422798123e-10,0.0,1.9358395530033986e-09
268.0278164877906,0.0,2.16938682448297e-09,0.0,-4.809356550784042e-10,0.0,-4.616380637035362e-10,0.0,-2.0251751310843223e-10,0.0,-4.809356550784039e-10,0.0,2.208793819396818e-09,0.0,-4.299133869231786e-10,0.0,-2.9634505370948855e-10,0.0,-4.616380637035362e-10,0.0,-4.299133869231785e-10,0.0,2.2759717182009378e-09,0.0,-4.2520094767769837e-10,0.0,-2.0251751310843223e-10,0.0,-2.9634505370948886e-10,0.0,-4.252009476776985e-10,0.0,2.0154376120853096e-09
279.0486130921842,0.0,2.258587905408715e-09,0.0,-5.00710819103819e-10,0.0,-4.80619747289928e-10,0.0,-2.108446500080358e-10,0.0,-5.007108191038191e-10,0.0,2.2996152413805428e-09,0.0,-4.475906118354002e-10,0.0,-3.0853020152155974e-10,0.0,-4.806197472899282e-10,0.0,-4.475906118354002e-10,0.0,2.3695553682576004e-09,0.0,-4.426844060058558e-10,0.0,-2.1084465000803588e-10,0.0,-3.085302015215598e-10,0.0,-4.4268440600585596e-10,0.0,2.09830859272716e-09
290.5225639974522,0.0,2.3514567659800817e-09,0.0,-5.212991004519002e-10,0.0,-5.003819217848973e-10,0.0,-2.1951418301887152e-10,0.0,-5.212991004519003e-10,0.0,2.3941710683678993e-09,0.0,-4.659946907840443e-10,0.0,-3.212163795527738e-10,0.0,-5.003819217848975e-10,0.0,-4.659946907840443e-10,0.0,2.4669870009090767e-09,0.0,-4.6088675105517873e-10,0.0,-2.1951418301887152e-10,0.0,-3.212163795527738e-10,0.0,-4.608867510551786e-10,0.0,2.1845870712698924e-09
302.46830205090794,0.0,2.448144218355281e-09,0.0,-5.427339329682316e-10,0.0,-5.209566794976224e-10,0.0,-2.2854019082109082e-10,0.0,-5.427339329682313e-10,0.0,2.492614852025736e-09,0.0,-4.851555106316075e-10,0.0,-3.344241892176042e-10,0.0,-5.209566794976223e-10,0.0,-4.851555106316075e-10,0.0,2.5684248379178356e-09,0.0,-4.798375420872368e-10,0.0,-2.285401908210908e-10,0.0,-3.344241892176042e-10,0.0,-4.798375420872368e-10,0.0,2.2744131575789236e-09
314.9052262472862,0.0,2.548807275803072e-09,0.0,-5.650501252348579e-10,0.0,-5.423774323123037e-10,0.0,-2.379373309835312e-10,0.0,-5.650501252348579e-10,0.0,2.595106457774867e-09,0.0,-5.051041871318146e-10,0.0,-3.4817507902170185e-10,0.0,-5.423774323123034e-10,0.0,-5.051041871318146e-10,0.0,2.6740336068258022e-09,0.0,-4.995675537844989e-10,0.0,-2.3793733098353125e-10,0.0,-3.4817507902170185e-10,0.0,-4.995675537844991e-10,0.0,2.3679327225721953e-09
327.85353323127407,0.0,2.6536094076806914e-09,0.0,-5.882839170968459e-10,0.0,-5.64678965946591e-10,0.0,-2.477208637665221e-10,0.0,-5.882839170968461e-10,0.0,2.7018123243996767e-09,0.0,-5.258731154592998e-10,0.0,-3.624913793926809e-10,0.0,-5.64678965946591e-10,0.0,-5.258731154592999e-10,0.0,2.7839848084596915e-09,0.0,-5.20108826226138e-10,0.0,-2.47720863766522e-10,0.0,-3.6249137939268084e-10,0.0,-5.201088262261381e-10,0.0,2.4652976351037455e-09
341.33425009536967,0.0,2.7627208048960134e-09,0.0,-6.124730385131143e-10,0.0,-5.878974964410192e-10,0.0,-2.579066769034206e-10,0.0,-6.12473038513114e-10,0.0,2.812905734332408e-09,0.0,-5.474960228169762e-10,0.0,-3.7739633894308206e-10,0.0,-5.878974964410195e-10,0.0,-5.474960228169761e-10,0.0,2.8984569954356784e-09,0.0,-5.414947169187531e-10,0.0,-2.5790667690342067e-10,0.0,-3.773963389430819e-10,0.0,-5.414947169187533e-10,0.0,2.5666660085875043e-09
355.3692685263229,0.0,2.8763186562849657e-09,0.0,-6.376567708270898e-10,0.0,-6.120707289711728e-10,0.0,-2.685113114011133e-10,0.0,-6.376567708270899e-10,0.0,2.9285670950509956e-09,0.0,-5.700080232065148e-10,0.0,-3.929141622243975e-10,0.0,-6.120707289711729e-10,0.0,-5.700080232065146e-10,0.0,3.0176360621156234e-09,0.0,-5.637599549664885e-10,0.0,-2.685113114011134e-10,0.0,-3.929141622243978e-10,0.0,-5.637599549664883e-10,0.0,2.6722024577617727e-09
369.9813803556156,0.0,2.9945874363531094e-09,0.0,-6.638760105567091e-10,0.0,-6.372379190781052e-10,0.0,-2.7955198840138827e-10,0.0,-6.638760105567091e-10,0.0,3.048984232047472e-09,0.0,-5.93445674450887e-10,0.0,-4.0907004903347485e-10,0.0,-6.372379190781049e-10,0.0,-5.93445674450887e-10,0.0,3.141715546485764e-09,0.0,-5.869406974685293e-10,0.0,-2.7955198840138827e-10,0.0,-4.090700490334747e-10,0.0,-5.869406974685293e-10,0.0,2.782078366011373e-09
385.19431457170947,0.0,3.1177192048485767e-09,0.0,-6.911733358073331e-10,0.0,-6.634399364164314e-10,0.0,-2.91046637146795e-10,0.0,-6.911733358073331e-10,0.0,3.174352693842665e-09,0.0,-6.178470375615639e-10,0.0,-4.25890235335118e-10,0.0,-6.634399364164315e-10,0.0,-6.178470375615638e-10,0.0,3.2708969444480835e-09,0.0,-6.11074588235558e-10,0.0,-2.9104663714679507e-10,0.0,-4.25890235335118e-10,0.0,-6.11074588235558e-10,0.0,2.896472163681593e-09
401.03277585416777,0.0,3.2459139186528947e-09,0.0,-7.19593075415442e-10,0.0,-6.907193311236242e-10,0.0,-3.0301392409640815e-10,0.0,-7.195930754154419e-10,0.0,3.3048760695425285e-09,0.0,-6.43251738546782e-10,0.0,-4.4340203586735694e-10,0.0,-6.907193311236241e-10,0.0,-6.43251738546782e-10,0.0,3.405390037034755e-09,0.0,-6.362008189205161e-10,0.0,-3.0301392409640815e-10,0.0,-4.434020358673569e-10,0.0,-6.36200818920516e-10,0.0,3.015569617835862e-09
417.522484692226,0.0,3.3793797564961607e-09,0.0,-7.491813809353838e-10,0.0,-7.191204029182861e-10,0.0,-3.1547328323877454e-10,0.0,-7.491813809353843e-10,0.0,3.440766319451776e-09,0.0,-6.697010327612489e-10,0.0,-4.616338884985588e-10,0.0,-7.191204029182864e-10,0.0,-6.697010327612489e-10,0.0,3.5454132310769964e-09,0.0,-6.623601926629464e-10,0.0,-3.1547328323877464e-10,0.0,-4.616338884985588e-10,0.0,-6.623601926629462e-10,0.0,3.139564133927708e-09
434.69021915296497,0.0,3.5183334570239033e-09,0.0,-7.799863015860872e-10,0.0,-7.486892730396198e-10,0.0,-3.284449476512747e-10,0.0,-7.799863015860868e-10,0.0,3.5822441192817557e-09,0.0,-6.972378719017874e-10,0.0,-4.806154004084231e-10,0.0,-7.486892730396196e-10,0.0,-6.972378719017874e-10,0.0,3.691193913881632e-09,0.0,-6.895951903502773e-10,0.0,-3.2844494765127486e-10,0.0,-4.806154004084231e-10,0.0,-6.895951903502773e-10,0.0,3.268657069876925e-09
452.5638583669095,0.0,3.6630006707646075e-09,0.0,-8.120578622794341e-10,0.0,-7.794739591449024e-10,0.0,-3.41949982357142e-10,0.0,-8.120578622794342e-10,0.0,3.729539218511457e-09,0.0,-7.259069737577132e-10,0.0,-5.003773961678509e-10,0.0,-7.794739591449026e-10,0.0,-7.259069737577132e-10,0.0,3.842968822491233e-09,0.0,-7.17950039603637e-10,0.0,-3.419499823571421e-10,0.0,-5.00377396167851e-10,0.0,-7.179500396036371e-10,0.0,3.403058063059912e-09
471.17242780167385,0.0,3.813616326569471e-09,0.0,-8.454481448570191e-10,0.0,-8.115244532866129e-10,0.0,-3.56010318533502e-10,0.0,-8.454481448570186e-10,0.0,3.8828908134836775e-09,0.0,-7.557548948292154e-10,0.0,-5.20951967795767e-10,0.0,-8.115244532866128e-10,0.0,-7.557548948292154e-10,0.0,4.000984428127564e-09,0.0,-7.474707866002403e-10,0.0,-3.5601031853350196e-10,0.0,-5.209519677957671e-10,0.0,-7.474707866002402e-10,0.0,3.5429853707452834e-09
490.5461463971736,0.0,3.970425013119481e-09,0.0,-8.802113726672029e-10,0.0,-8.448928030958245e-10,0.0,-3.70648789125982e-10,0.0,-8.802113726672028e-10,0.0,4.042547935842176e-09,0.0,-7.868301059316693e-10,0.0,-5.423725268741842e-10,0.0,-8.448928030958241e-10,0.0,-7.868301059316693e-10,0.0,4.1654973364426216e-09,0.0,-7.782053708489718e-10,0.0,-3.7064878912598204e-10,0.0,-5.423725268741842e-10,0.0,-7.782053708489716e-10,0.0,3.6886662245275077e-09
510.7164756389469,0.0,4.133681376119327e-09,0.0,-9.164039986198204e-10,0.0,-8.796331963037029e-10,0.0,-3.858891659277247e-10,0.0,-9.164039986198205e-10,0.0,4.208769856940645e-09,0.0,-8.191830709086511e-10,0.0,-5.646738588061394e-10,0.0,-8.796331963037031e-10,0.0,-8.191830709086512e-10,0.0,4.336774704227202e-09,0.0,-8.102037030406003e-10,0.0,-3.858891659277246e-10,0.0,-5.646738588061394e-10,0.0,-8.102037030406003e-10,0.0,3.840337199334207e-09
531.7161706492817,0.0,4.303650531823196e-09,0.0,-9.540847968615286e-10,0.0,-9.158020487383809e-10,0.0,-4.017561981830215e-10,0.0,-9.540847968615289e-10,0.0,4.381826508880196e-09,0.0,-8.528663285814908e-10,0.0,-5.878921793046165e-10,0.0,-9.158020487383808e-10,0.0,-8.528663285814906e-10,0.0,4.515094673253794e-09,0.0,-8.435177460990518e-10,0.0,-4.017561981830215e-10,0.0,-5.878921793046167e-10,0.0,-8.435177460990518e-10,0.0,3.998244597606344e-09
553.5793333791087,0.0,4.480608497563943e-09,0.0,-9.93314958220673e-10,0.0,-9.534580959400805e-10,0.0,-4.1827565277825446e-10,0.0,-9.93314958220673e-10,0.0,4.561998922859133e-09,0.0,-8.879345780684265e-10,0.0,-6.120651932041834e-10,0.0,-9.534580959400802e-10,0.0,-8.879345780684269e-10,0.0,4.700746821958208e-09,0.0,-8.782015995653492e-10,0.0,-4.1827565277825456e-10,0.0,-6.120651932041835e-10,0.0,-8.782015995653492e-10,0.0,4.162644849275157e-09
576.3414679870473,0.0,4.664842639984824e-09,0.0,-1.0341581895766629e-09,0.0,-9.926624885432879e-10,0.0,-4.3547435608541333e-10,0.0,-1.034158189576663e-09,0.0,4.749579685546809e-09,0.0,-9.244447676119286e-10,0.0,-6.372321556908527e-10,0.0,-9.926624885432885e-10,0.0,-9.244447676119284e-10,0.0,4.894032635693555e-09,0.0,-9.143115874512661e-10,0.0,-4.354743560854133e-10,0.0,-6.372321556908524e-10,0.0,-9.143115874512658e-10,0.0,4.333804928185391e-09
600.0395384955322,0.0,4.856652141701665e-09,0.0,-1.0766808173152343e-09,0.0,-1.0334788915808634e-09,0.0,-4.533802375261378e-10,0.0,-1.0766808173152343e-09,0.0,4.944873414222753e-09,0.0,-9.624561870584289e-10,0.0,-6.63433936049602e-10,0.0,-1.0334788915808634e-09,0.0,-9.624561870584289e-10,0.0,5.0952659963201405e-09,0.0,-9.519063497053535e-10,0.0,-4.5338023752613784e-10,0.0,-6.634339360496018e-10,0.0,-9.519063497053535e-10,0.0,4.512002785641077e-09
624.7120288176508,0.0,5.05634848715328e-09,0.0,-1.1209518950375881e-09,0.0,-1.0759735878713357e-09,0.0,-4.720223749270331e-10,0.0,-1.120951895037588e-09,0.0,5.148197251452558e-09,0.0,-1.0020305641406469e-09,0.0,-6.907130840330656e-10,0.0,-1.0759735878713357e-09,0.0,-1.002030564140647e-09,0.0,5.3047736919263764e-09,0.0,-9.91046937439879e-10,0.0,-4.72022374927033e-10,0.0,-6.907130840330656e-10,0.0,-9.91046937439879e-10,0.0,4.697527801777877e-09
650.3990052521697,0.0,5.264255968429158e-09,0.0,-1.1670433156983296e-09,0.0,-1.1202155856572996e-09,0.0,-4.91431041739907e-10,0.0,-1.1670433156983296e-09,0.0,5.359881380103964e-09,0.0,-1.0432321647188576e-09,0.0,-7.191138989591859e-10,0.0,-1.1202155856573e-09,0.0,-1.0432321647188576e-09,0.0,5.522895947508465e-09,0.0,-1.0317969120733127e-09,0.0,-4.914310417399072e-10,0.0,-7.191138989591858e-10,0.0,-1.0317969120733129e-09,0.0,4.890681255495009e-09
677.1421815482412,0.0,5.480712211895834e-09,0.0,-1.2150299283543124e-09,0.0,-1.1662767306696984e-09,0.0,-5.116377562036185e-10,0.0,-1.2150299283543128e-09,0.0,5.580269559539407e-09,0.0,-1.0861278971438965e-09,0.0,-7.486825016500282e-10,0.0,-1.1662767306696984e-09,0.0,-1.086127897143896e-09,0.0,5.749986977470623e-09,0.0,-1.0742224485493725e-09,0.0,-5.116377562036182e-10,0.0,-7.486825016500289e-10,0.0,-1.0742224485493725e-09,0.0,5.091776813709902e-09
704.9849866454446,0.0,5.706068726477115e-09,0.0,-1.264989659713963e-09,0.0,-1.2142318227999717e-09,0.0,-5.326753325273627e-10,0.0,-1.2649896597139642e-09,0.0,5.809719683855792e-09,0.0,-1.13078742091137e-09,0.0,-7.794669093285848e-10,0.0,-1.2142318227999721e-09,0.0,-1.1307874209113697e-09,0.0,5.986415560843055e-09,0.0,-1.1183924428002328e-09,0.0,-5.326753325273624e-10,0.0,-7.794669093285853e-10,0.0,-1.1183924428002326e-09,0.0,5.301141040730049e-09
733.9726351991704,0.0,5.9406914744785715e-09,0.0,-1.3170036406844936e-09,0.0,-1.264158737569545e-09,0.0,-5.545779341785207e-10,0.0,-1.3170036406844928e-09,0.0,6.048604363078011e-09,0.0,-1.1772832597835226e-09,0.0,-8.115171135951899e-10,0.0,-1.2641587375695439e-09,0.0,-1.1772832597835226e-09,0.0,6.232565640151834e-09,0.0,-1.164378623628422e-09,0.0,-5.545779341785209e-10,0.0,-8.115171135951902e-10,0.0,-1.164378623628422e-09,0.0,5.519113928569288e-09
764.1522010058766,0.0,6.184961465883244e-09,0.0,-1.3711563381224897e-09,0.0,-1.316138552593915e-09,0.0,-5.773811293616029e-10,0.0,-1.37115633812249e-09,0.0,6.2973115282500585e-09,0.0,-1.2256909195624584e-09,0.0,-8.448851616101796e-10,0.0,-1.3161385525939155e-09,0.0,-1.2256909195624584e-09,0.0,6.488836944913131e-09,0.0,-1.2122556691890924e-09,0.0,-5.77381129361603e-10,0.0,-8.448851616101794e-10,0.0,-1.2122556691890924e-09,0.0,5.7460494490696764e-09
795.5726934474478,0.0,6.439275377083638e-09,0.0,-1.4275356920018332e-09,0.0,-1.370255679246698e-09,0.0,-6.011219487783786e-10,0.0,-1.427535692001834e-09,0.0,6.55624506140634e-09,0.0,-1.2760890107059774e-09,0.0,-8.796252406146292e-10,0.0,-1.3702556792466978e-09,0.0,-1.2760890107059774e-09,0.0,6.755645640764371e-09,0.0,-1.2621013282618126e-09,0.0,-6.011219487783786e-10,0.0,-8.796252406146293e-10,0.0,-1.262101328261812e-09,0.0,5.9823161287255525e-09
828.2851370788098,0.0,6.704046195054878e-09,0.0,-1.4862332582217234e-09,0.0,-1.426597999737455e-09,0.0,-6.258389457629992e-10,0.0,-1.4862332582217232e-09,0.0,6.8258254514462335e-09,0.0,-1.3285593759851465e-09,0.0,-9.157937659264275e-10,0.0,-1.426597999737455e-09,0.0,-1.328559375985146e-09,0.0,7.033425005286464e-09,0.0,-1.3139965465088414e-09,0.0,-6.25838945762999e-10,0.0,-9.157937659264273e-10,0.0,-1.3139965465088414e-09,0.0,6.228297647143327e-09
862.3426544880288,0.0,6.979703888014986e-09,0.0,-1.5473443572866705e-09,0.0,-1.4852570098259004e-09,0.0,-6.515722588897593e-10,0.0,-1.5473443572866707e-09,0.0,7.1064904769769274e-09,0.0,-1.3831872233908996e-09,0.0,-9.534494725545736e-10,0.0,-1.4852570098259008e-09,0.0,-1.3831872233909004e-09,0.0,7.3226261316145175e-09,0.0,-1.368025597924888e-09,0.0,-6.515722588897596e-10,0.0,-9.534494725545734e-10,0.0,-1.368025597924888e-09,0.0,6.484393460108758e-09
897.8005525634636,0.0,7.266696103661428e-09,0.0,-1.6109682290999502e-09,0.0,-1.5463279674042407e-09,0.0,-6.783636771551708e-10,0.0,-1.6109682290999506e-09,0.0,7.398695917233502e-09,0.0,-1.4400612645055156e-09,0.0,-9.926535105804885e-10,0.0,-1.5463279674042415e-09,0.0,-1.4400612645055144e-09,0.0,7.623718660979722e-09,0.0,-1.4242762216918464e-09,0.0,-6.783636771551708e-10,0.0,-9.926535105804885e-10,0.0,-1.4242762216918469e-09,0.0,6.75101944827359e-09
934.7164123080624,0.0,7.565488896117881e-09,0.0,-1.6772081941218642e-09,0.0,-1.6099100471889496e-09,0.0,-7.062567078402022e-10,0.0,-1.6772081941218638e-09,0.0,7.702916292230677e-09,0.0,-1.499273858563656e-09,0.0,-1.033469544461223e-09,0.0,-1.6099100471889492e-09,0.0,-1.4992738585636562e-09,0.0,7.937191545371952e-09,0.0,-1.4828397646607363e-09,0.0,-7.062567078402018e-10,0.0,-1.0334695444612237e-09,0.0,-1.4828397646607365e-09,0.0,7.028608592514963e-09
973.1501823466471,0.0,7.876567482771639e-09,0.0,-1.7461718211545136e-09,0.0,-1.6761065017731595e-09,0.0,-7.352966471628806e-10,0.0,-1.7461718211545142e-09,0.0,8.019645633348191e-09,0.0,-1.5609211624369364e-09,0.0,-1.0759638564158236e-09,0.0,-1.6761065017731607e-09,0.0,-1.560921162436936e-09,0.0,8.263553841561618e-09,0.0,-1.5438113296922239e-09,0.0,-7.352966471628807e-10,0.0,-1.0759638564158234e-09,0.0,-1.5438113296922239e-09,0.0,7.317611677064323e-09
1013.1642762780488,0.0,8.200437032230736e-09,0.0,-1.817971102025587e-09,0.0,-1.7450248293012481e-09,0.0,-7.655306538360051e-10,0.0,-1.8179711020255875e-09,0.0,8.349398285601248e-09,0.0,-1.6251032867855659e-09,0.0,-1.1202054540627528e-09,0.0,-1.745024829301248e-09,0.0,-1.6251032867855659e-09,0.0,8.603335537770205e-09,0.0,-1.6072899300966393e-09,0.0,-7.655306538360047e-10,0.0,-1.1202054540627528e-09,0.0,-1.6072899300966393e-09,0.0,7.61849802154766e-09
1054.8236740301722,0.0,8.537623484680417e-09,0.0,-1.8927226334547963e-09,0.0,-1.816776948037856e-09,0.0,-7.970078256493988e-10,0.0,-1.8927226334547963e-09,0.0,8.692709742898724e-09,0.0,-1.691924458630657e-09,0.0,-1.1662661824831566e-09,0.0,-1.8167769480378561e-09,0.0,-1.691924458630657e-09,0.0,8.957088414331942e-09,0.0,-1.673378650424262e-09,0.0,-7.97007825649399e-10,0.0,-1.1662661824831566e-09,0.0,-1.6733786504242626e-09,0.0,7.931756243125852e-09
1098.196027382591,0.0,8.888674405971053e-09,0.0,-1.97054780639832e-09,0.0,-1.891479378114878e-09,0.0,-8.297792792010944e-10,0.0,-1.9705478063983207e-09,0.0,9.050137517645682e-09,0.0,-1.7614931906111926e-09,0.0,-1.21422084089196e-09,0.0,-1.891479378114878e-09,0.0,-1.7614931906111924e-09,0.0,9.325386939744205e-09,0.0,-1.7421848138670055e-09,0.0,-8.297792792010943e-10,0.0,-1.2142208408919602e-09,0.0,-1.7421848138670055e-09,0.0,8.257895049972795e-09
1143.3517698280332,0.0,9.254159876824602e-09,0.0,-2.0515730031787437e-09,0.0,-1.9692534307515347e-09,0.0,-8.638982329069027e-10,0.0,-2.0515730031787437e-09,0.0,9.422262046102269e-09,0.0,-1.8339224572005247e-09,0.0,-1.2641473041062583e-09,0.0,-1.9692534307515343e-09,0.0,-1.8339224572005247e-09,0.0,9.708829203561902e-09,0.0,-1.8138201565433383e-09,0.0,-8.638982329069031e-10,0.0,-1.2641473041062588e-09,0.0,-1.8138201565433383e-09,0.0,8.597444067379827e-09
1190.3642309511577,0.0,9.634673418603464e-09,0.0,-2.135929802720585e-09,0.0,-2.0502254052548063e-09,0.0,-8.994200934231815e-10,0.0,-2.135929802720585e-09,0.0,9.809687630969208e-09,0.0,-1.909329878168555e-09,0.0,-1.3161266490082537e-09,0.0,-2.0502254052548063e-09,0.0,-1.909329878168555e-09,0.0,1.010803788765058e-08,0.0,-1.888401008949469e-09,0.0,-8.994200934231815e-10,0.0,-1.3161266490082543e-09,0.0,-1.888401008949469e-09,0.0,8.950954697827988e-09
1239.309755510381,0.0,1.003083295714533e-08,0.0,-2.2237551942247485e-09,0.0,-2.1345267941201776e-09,0.0,-9.364025456231497e-10,0.0,-2.2237551942247477e-09,0.0,1.0213043422730739e-08,0.0,-1.9878379095875467e-09,0.0,-1.37024328620812e-09,0.0,-2.134526794120178e-09,0.0,-1.9878379095875467e-09,0.0,1.0523661277375788e-08,0.0,-1.9660484848714756e-09,0.0,-9.364025456231497e-10,0.0,-1.3702432862081203e-09,0.0,-1.966048484871476e-09,0.0,9.319001016424916e-09
1290.2678274161112,0.0,1.0443281826228973e-08,0.0,-2.31519179962884e-09,0.0,-2.222294496565713e-09,0.0,-9.749056462728515e-10,0.0,-2.315191799628841e-09,0.0,1.0632984441348418e-08,0.0,-2.0695740426917215e-09,0.0,-1.426585097120584e-09,0.0,-2.222294496565713e-09,0.0,-2.069574042691722e-09,0.0,1.0956374314370492e-08,0.0,-2.046888678065125e-09,0.0,-9.749056462728515e-10,0.0,-1.426585097120583e-09,0.0,-2.046888678065125e-09,0.0,9.702180703160283e-09
1343.321198806739,0.0,1.0872689812300718e-08,0.0,-2.410388105214652e-09,0.0,-2.3136710408462567e-09,0.0,-1.0149919215588995e-09,0.0,-2.4103881052146523e-09,0.0,1.1070192639965075e-08,0.0,-2.154671010913589e-09,0.0,-1.48524357667784e-09,0.0,-2.313671040846256e-09,0.0,-2.154671010913589e-09,0.0,1.1406879692590368e-08,0.0,-2.1310528670228014e-09,0.0,-1.0149919215588997e-09,0.0,-1.4852435766778395e-09,0.0,-2.131052867022801e-09,0.0,1.0101116013493913e-08
1398.5560244319877,0.0,1.1319754242158085e-08,0.0,-2.5094987027388852e-09,0.0,-2.408804815708776e-09,0.0,-1.0567264686263784e-09,0.0,-2.5094987027388857e-09,0.0,1.1525378012346257e-08,0.0,-2.2432670054332235e-09,0.0,-1.5463139819105525e-09,0.0,-2.4088048157087774e-09,0.0,-2.243267005433223e-09,0.0,1.1875908999436783e-08,0.0,-2.2186777281600704e-09,0.0,-1.0567264686263784e-09,0.0,-1.5463139819105525e-09,0.0,-2.2186777281600704e-09,0.0,1.051645478885259e-08
1456.062001561853,0.0,1.1785201115356901e-08,0.0,-2.6126845404787354e-09,0.0,-2.5078503113647096e-09,0.0,-1.1001770612917897e-09,0.0,-2.6126845404787354e-09,0.0,1.199927974585759e-08,0.0,-2.335505899590514e-09,0.0,-1.6098954866382267e-09,0.0,-2.5078503113647096e-09,0.0,-2.3355058995905144e-09,0.0,1.236422390380062e-08,0.0,-2.309905557768065e-09,0.0,-1.1001770612917901e-09,0.0,-1.6098954866382267e-09,0.0,-2.309905557768064e-09,0.0,1.0948871508676625e-08
1515.9325156483283,0.0,1.2269786283180845e-08,0.0,-2.720113184599975e-09,0.0,-2.6109683703706287e-09,0.0,-1.1454142601027156e-09,0.0,-2.720113184599975e-09,0.0,1.2492667421850321e-08,0.0,-2.431537482524822e-09,0.0,-1.6760913425201457e-09,0.0,-2.610968370370629e-09,0.0,-2.431537482524821e-09,0.0,1.287261739295616e-08,0.0,-2.4048845030921213e-09,0.0,-1.1454142601027154e-09,0.0,-1.6760913425201463e-09,0.0,-2.4048845030921213e-09,0.0,1.1399068385724504e-08
1578.2647919764756,0.0,1.2774296676088046e-08,0.0,-2.8319590912720207e-09,0.0,-2.718326448824664e-09,0.0,-1.1925115269229262e-09,0.0,-2.8319590912720215e-09,0.0,1.3006342265404546e-08,0.0,-2.5315177024214613e-09,0.0,-1.7450090467284364e-09,0.0,-2.7183264488246646e-09,0.0,-2.531517702421461e-09,0.0,1.3401915060313804e-08,0.0,-2.503768802911964e-09,0.0,-1.1925115269229262e-09,0.0,-1.7450090467284364e-09,0.0,-2.5037688029119644e-09,0.0,1.1867776506414532e-08
1643.1600535510916,0.0,1.3299551581627903e-08,0.0,-2.9484038899718374e-09,0.0,-2.830098888302806e-09,0.0,-1.2415453442290151e-09,0.0,-2.9484038899718383e-09,0.0,1.3541138446459438e-08,0.0,-2.635608919760015e-09,0.0,-1.816760516515517e-09,0.0,-2.8300988883028063e-09,0.0,-2.635608919760015e-09,0.0,1.3952976446122631e-08,0.0,-2.606719038014057e-09,0.0,-1.241545344229016e-09,0.0,-1.8167605165155164e-09,0.0,-2.6067190380140574e-09,0.0,1.2355757018055019e-08
1710.7236854753774,0.0,1.3846403974903426e-08,0.0,-3.0696366784367724e-09,0.0,-2.9464671989767337e-09,0.0,-1.2925953393122804e-09,0.0,-3.0696366784367716e-09,0.0,1.4097924434443494e-08,0.0,-2.74398017097574e-09,0.0,-1.891462270959435e-09,0.0,-2.9464671989767337e-09,0.0,-2.7439801709757398e-09,0.0,1.4526696433300226e-08,0.0,-2.713902391962927e-09,0.0,-1.29259533931228e-09,0.0,-1.891462270959435e-09,0.0,-2.713902391962927e-09,0.0,1.2863802364891236e-08
1781.0654060885513,0.0,1.4415741903739758e-08,0.0,-3.1958543297452883e-09,0.0,-3.0676203543729014e-09,0.0,-1.3457444135875507e-09,0.0,-3.1958543297452887e-09,0.0,1.4677604408604657e-08,0.0,-2.856807442962233e-09,0.0,-1.9692356201822333e-09,0.0,-3.067620354372901e-09,0.0,-2.856807442962232e-09,0.0,1.5124006700656256e-08,0.0,-2.825492922594899e-09,0.0,-1.345744413587551e-09,0.0,-1.969235620182233e-09,0.0,-2.8254929225948996e-09,0.0,1.3392737574976213e-08
1854.299445140307,0.0,1.5008489930808008e-08,0.0,-3.3272618120242705e-09,0.0,-3.1937550982515516e-09,0.0,-1.4010788772189512e-09,0.0,-3.32726181202427e-09,0.0,1.5281119726330472e-08,0.0,-2.9742739588611098e-09,0.0,-2.0502068623485996e-09,0.0,-3.193755098251552e-09,0.0,-2.97427395886111e-09,0.0,1.5745877235869948e-08,0.0,-2.9416718446751398e-09,0.0,-1.401078877218951e-09,0.0,-2.0502068623486e-09,0.0,-2.9416718446751398e-09,0.0,1.3943421599955223e-08
1930.5447292914844,0.0,1.5625610635046788e-08,0.0,-3.464072521302111e-09,0.0,-3.325076264104048e-09,0.0,-1.4586885892812272e-09,0.0,-3.4640725213021122e-09,0.0,1.5909450451842855e-08,0.0,-3.0965704756028574e-09,0.0,-2.134507488764758e-09,0.0,-3.3250762641040485e-09,0.0,-3.096570475602857e-09,0.0,1.6393317910678333e-08,0.0,-3.06262782417704e-09,0.0,-1.458688589281228e-09,0.0,-2.1345074887647576e-09,0.0,-3.0626278241770396e-09,0.0,1.4516748709939777e-08
2009.9250752421622,0.0,1.6268106174819025e-08,0.0,-3.6065086280480635e-09,0.0,-3.4617971077872893e-09,0.0,-1.51866710368423e-09,0.0,-3.6065086280480635e-09,0.0,1.6563616947749915e-08,0.0,-3.223895593681951e-09,0.0,-2.2222743974106114e-09,0.0,-3.4617971077872897e-09,0.0,-3.2238955936819505e-09,0.0,1.706738012083322e-08,0.0,-3.188557284661784e-09,0.0,-1.5186671036842304e-09,0.0,-2.222274397410611e-09,0.0,-3.188557284661785e-09,0.0,1.5113649945736055e-08
2092.569390800818,0.0,1.6937019915343148e-08,0.0,-3.754801437960646e-09,0.0,-3.604139653835452e-09,0.0,-1.5811118210975433e-09,0.0,-3.754801437960645e-09,0.0,1.7244681532039272e-08,0.0,-3.3564560796693736e-09,0.0,-2.3136501152519323e-09,0.0,-3.6041396538354523e-09,0.0,-3.3564560796693748e-09,0.0,1.7769158493490086e-08,0.0,-3.3196647262556915e-09,0.0,-1.5811118210975431e-09,0.0,-2.3136501152519323e-09,0.0,-3.31966472625569e-09,0.0,1.5735094630786308e-08
2178.6118842210713,0.0,1.763343812304087e-08,0.0,-3.9091917675909804e-09,0.0,-3.752335056011403e-09,0.0,-1.6461241471219665e-09,0.0,-3.909191767590981e-09,0.0,1.795375020320386e-08,0.0,-3.4944672019862312e-09,0.0,-2.408783029693613e-09,0.0,-3.7523350560114015e-09,0.0,-3.494467201986229e-09,0.0,1.849979266480158e-08,0.0,-3.4561630577432736e-09,0.0,-1.6461241471219671e-09,0.0,-2.408783029693612e-09,0.0,-3.4561630577432753e-09,0.0,1.638209194527841e-08
2268.1922821459616,0.0,1.8358491729553573e-08,0.0,-4.069930335411062e-09,0.0,-3.906623972683312e-09,0.0,-1.7138096569647059e-09,0.0,-4.069930335411063e-09,0.0,1.869197443630177e-08,0.0,-3.638153080483734e-09,0.0,-2.5078276295498305e-09,0.0,-3.906623972683313e-09,0.0,-3.6381530804837327e-09,0.0,1.9260469130602378e-08,0.0,-3.598273942315376e-09,0.0,-1.713809656964706e-09,0.0,-2.507827629549829e-09,0.0,-3.598273942315376e-09,0.0,1.705569256497982e-08
2361.4560565136667,0.0,1.911335816829154e-08,0.0,-4.237278168961988e-09,0.0,-4.067256957636022e-09,0.0,-1.7842782668856986e-09,0.0,-4.2372781689619876e-09,0.0,1.9460553052866335e-08,0.0,-3.787747050397247e-09,0.0,-2.610944755922443e-09,0.0,-4.067256957636023e-09,0.0,-3.787747050397249e-09,0.0,2.005242317319049e-08,0.0,-3.746228157533757e-09,0.0,-1.7842782668856984e-09,0.0,-2.610944755922445e-09,0.0,-3.746228157533755e-09,0.0,1.7756990367457244e-08
2458.5546607931824,0.0,1.9899263286498786e-08,0.0,-4.411507028743393e-09,0.0,-4.234494866951878e-09,0.0,-1.8576444126934903e-09,0.0,-4.411507028743395e-09,0.0,2.02607341677038e-08,0.0,-3.943492041265468e-09,0.0,-2.7183018633950566e-09,0.0,-4.234494866951876e-09,0.0,-3.943492041265468e-09,0.0,2.087694086733448e-08,0.0,-3.900265970096815e-09,0.0,-1.8576444126934912e-09,0.0,-2.7183018633950566e-09,0.0,-3.900265970096814e-09,0.0,1.848712420845296e-08
2559.645775933539,0.0,2.0717483335938208e-08,0.0,-4.592899849532382e-09,0.0,-4.408609282621682e-09,0.0,-1.934027235580517e-09,0.0,-4.592899849532382e-09,0.0,2.109381721573931e-08,0.0,-4.105640971430003e-09,0.0,-2.830073291966859e-09,0.0,-4.408609282621683e-09,0.0,-4.105640971430003e-09,0.0,2.1735361168763634e-08,0.0,-4.060637526014903e-09,0.0,-1.934027235580516e-09,0.0,-2.830073291966858e-09,0.0,-4.060637526014904e-09,0.0,1.9247279771302166e-08
2664.893566426,0.0,2.156934704543005e-08,0.0,-4.7817511998486734e-09,0.0,-4.589882953573772e-09,0.0,-2.0135507755995854e-09,0.0,-4.7817511998486734e-09,0.0,2.1961155062203125e-08,0.0,-4.274457158756053e-09,0.0,-2.9464405501678893e-09,0.0,-4.589882953573772e-09,0.0,-4.274457158756053e-09,0.0,2.2629078088533004e-08,0.0,-4.227603256828954e-09,0.0,-2.013550775599587e-09,0.0,-2.9464405501678906e-09,0.0,-4.227603256828954e-09,0.0,2.0038691492395088e-08
2774.4689468950514,0.0,2.2456237778609224e-08,0.0,-4.9783677603120866e-09,0.0,-4.778610254837353e-09,0.0,-2.096344173095749e-09,0.0,-4.978367760312088e-09,0.0,2.2864156199583656e-08,0.0,-4.450214748241142e-09,0.0,-3.0675926098154676e-09,0.0,-4.778610254837354e-09,0.0,-4.450214748241142e-09,0.0,2.355954295679427e-08,0.0,-4.401434302532032e-09,0.0,-2.09634417309575e-09,0.0,-3.0675926098154676e-09,0.0,-4.401434302532031e-09,0.0,2.08626445658103e-08
2888.5498596510947,0.0,2.3379595780405374e-08,0.0,-5.183068821669162e-09,0.0,-4.975097665585748e-09,0.0,-2.1825418784206606e-09,0.0,-5.183068821669164e-09,0.0,2.3804287034914984e-08,0.0,-4.633199157206293e-09,0.0,-3.19372621289042e-09,0.0,-4.975097665585749e-09,0.0,-4.633199157206292e-09,0.0,2.4528266779648427e-08,0.0,-4.582412951880601e-09,0.0,-2.1825418784206615e-09,0.0,-3.1937262128904195e-09,0.0,-4.5824129518805995e-09,0.0,2.1720477030374765e-08
3007.32156365561,0.0,2.434092051589425e-08,0.0,-5.396186803297729e-09,0.0,-5.1796642668359275e-09,0.0,-2.2722838702700066e-09,0.0,-5.39618680329773e-09,0.0,2.4783074271113476e-08,0.0,-4.8237075387926665e-09,0.0,-3.325046191031527e-09,0.0,-5.1796642668359275e-09,0.0,-4.8237075387926665e-09,0.0,2.5536822692907975e-08,0.0,-4.7708331008106104e-09,0.0,-2.2722838702700066e-09,0.0,-3.325046191031528e-09,0.0,-4.7708331008106104e-09,0.0,2.2613581942539984e-08
3130.976935367991,0.0,2.534177310531794e-08,0.0,-5.6180677930313685e-09,0.0,-5.3926422596124525e-09,0.0,-2.3657158829985465e-09,0.0,-5.61806779303137e-09,0.0,2.580210738623033e-08,0.0,-5.022049264516257e-09,0.0,-3.461765798166937e-09,0.0,-5.392642259612452e-09,0.0,-5.022049264516256e-09,0.0,2.6586848516753115e-08,0.0,-4.967000729702731e-09,0.0,-2.3657158829985486e-09,0.0,-3.4617657981669364e-09,0.0,-4.967000729702732e-09,0.0,2.3543409638602553e-08
3259.7167819626447,0.0,2.6383778859228645e-08,0.0,-5.8490721091804506e-09,0.0,-5.614377504417365e-09,0.0,-2.4629896432819243e-09,0.0,-5.84907210918045e-09,0.0,2.6863041214646312e-08,0.0,-5.228546426664348e-09,0.0,-3.6041070568227587e-09,0.0,-5.614377504417364e-09,0.0,-5.2285464266643476e-09,0.0,2.7680049415430382e-08,0.0,-5.171234400271854e-09,0.0,-2.4629896432819247e-09,0.0,-3.60410705682276e-09,0.0,-5.171234400271853e-09,0.0,2.4511470089942966e-08
3393.75016742499,0.0,2.74686299178728e-08,0.0,-6.0895748856624e-09,0.0,-5.845230082882053e-09,0.0,-2.5642631165095628e-09,0.0,-6.089574885662402e-09,0.0,2.7967598634400338e-08,0.0,-5.443534361349558e-09,0.0,-3.752301118671236e-09,0.0,-5.845230082882056e-09,0.0,-5.4435343613495585e-09,0.0,2.8818200666313407e-08,0.0,-5.383865772887746e-09,0.0,-2.5642631165095615e-09,0.0,-3.752301118671236e-09,0.0,-5.3838657728877466e-09,0.0,2.551933535510753e-08
3533.294752055897,0.0,2.8598087999101573e-08,0.0,-6.3399666811914566e-09,0.0,-6.085574882513177e-09,0.0,-2.66970076330876e-09,0.0,-6.339966681191457e-09,0.0,2.9117573365015964e-08,0.0,-5.667362193070877e-09,0.0,-3.906588639903934e-09,0.0,-6.085574882513179e-09,0.0,-5.667362193070876e-09,0.0,3.0003150542821874e-08,0.0,-5.6052401451669566e-09,0.0,-2.6697007633087597e-09,0.0,-3.906588639903937e-09,0.0,-5.605240145166957e-09,0.0,2.65686421327149e-08
3678.577145935911,0.0,2.977398725927036e-08,0.0,-6.600654113517071e-09,0.0,-6.3358022054822465e-09,0.0,-2.7794738066166004e-09,0.0,-6.600654113517071e-09,0.0,3.0314832880369176e-08,0.0,-5.900393401666009e-09,0.0,-4.06722017203962e-09,0.0,-6.335802205482245e-09,0.0,-5.900393401666008e-09,0.0,3.123682331588088e-08,0.0,-5.835717012710594e-09,0.0,-2.7794738066166013e-09,0.0,-4.06722017203962e-09,0.0,-5.835717012710594e-09,0.0,2.766109441933386e-08
3829.8332769232675,0.0,3.0998237271773026e-08,0.0,-6.872060519741116e-09,0.0,-6.59631840244747e-09,0.0,-2.8937605097333196e-09,0.0,-6.872060519741113e-09,0.0,3.1561321441327783e-08,0.0,-6.1430064125757645e-09,0.0,-4.2344565688013695e-09,0.0,-6.596318402447467e-09,0.0,-6.143006412575764e-09,0.0,3.252122237879455e-08,0.0,-6.075670652898592e-09,0.0,-2.89376050973332e-09,0.0,-4.2344565688013695e-09,0.0,-6.0756706528985924e-09,0.0,2.879846627664744e-08
3987.3087737832443,0.0,3.227282612804758e-08,0.0,-7.15462664378593e-09,0.0,-6.8675465324371135e-09,0.0,-3.012746465808705e-09,0.0,-7.154626643785932e-09,0.0,3.2859063253087105e-08,0.0,-6.395595211378917e-09,0.0,-4.4085694097237e-09,0.0,-6.867546532437116e-09,0.0,-6.395595211378916e-09,0.0,3.385843350060837e-08,0.0,-6.3254907326884395e-09,0.0,-3.0127464658087033e-09,0.0,-4.408569409723701e-09,0.0,-6.3254907326884395e-09,0.0,2.998260471239774e-08
4151.259365071149,0.0,3.359982366608997e-08,0.0,-7.448811352129932e-09,0.0,-7.149927049866153e-09,0.0,-3.1366248992316627e-09,0.0,-7.448811352129932e-09,0.0,3.421016575232968e-08,0.0,-6.658569983595709e-09,0.0,-4.589841441177681e-09,0.0,-7.149927049866155e-09,0.0,-6.65856998359571e-09,0.0,3.5250628213244075e-08,0.0,-6.585582941405559e-09,0.0,-3.1366248992316623e-09,0.0,-4.58984144117768e-09,0.0,-6.5855829414055575e-09,0.0,3.1215432679790154e-08
4321.95129441654,0.0,3.49813848317175e-08,0.0,-7.755092378972765e-09,0.0,-7.443918519801578e-09,0.0,-3.265596979412314e-09,0.0,-7.755092378972758e-09,0.0,3.5616823029546224e-08,0.0,-6.9323577807987346e-09,0.0,-4.778567035530087e-09,0.0,-7.443918519801577e-09,0.0,-6.932357780798735e-09,0.0,3.670006733790656e-08,0.0,-6.8563696495527e-09,0.0,-3.2655969794123165e-09,0.0,-4.778567035530085e-09,0.0,-6.856369649552702e-09,0.0,3.249895220022686e-08
4499.66175288319,0.0,3.641975317804149e-08,0.0,-8.073967102040303e-09,0.0,-7.749998362638147e-09,0.0,-3.3998721474662437e-09,0.0,-8.073967102040305e-09,0.0,3.7081319392076535e-08,0.0,-7.217403214113111e-09,0.0,-4.975052669182353e-09,0.0,-7.749998362638147e-09,0.0,-7.2174032141131105e-09,0.0,3.82091046564904e-08,0.0,-7.138290594708405e-09,0.0,-3.3998721474662432e-09,0.0,-4.9750526691823566e-09,0.0,-7.138290594708407e-09,0.0,3.3835247614441546e-08
4684.679329106864,0.0,3.791726450883166e-08,0.0,-8.405953350289295e-09,0.0,-8.068663629393806e-09,0.0,-3.5396684563313537e-09,0.0,-8.405953350289298e-09,0.0,3.860603307365537e-08,0.0,-7.514169176232047e-09,0.0,-5.179617420265576e-09,0.0,-8.068663629393806e-09,0.0,-7.514169176232047e-09,0.0,3.97801907339474e-08,0.0,-7.431803595628296e-09,0.0,-3.5396684563313533e-09,0.0,-5.179617420265576e-09,0.0,-7.431803595628297e-09,0.0,3.522648896731448e-08
4877.304477941913,0.0,3.9476350671688427e-08,0.0,-8.751590244823263e-09,0.0,-8.400431808883746e-09,0.0,-3.6852129248697253e-09,0.0,-8.751590244823264e-09,0.0,4.019344009648811e-08,0.0,-7.823137593120338e-09,0.0,-5.39259348679978e-09,0.0,-8.400431808883746e-09,0.0,-7.823137593120336e-09,0.0,4.141587689782283e-08,0.0,-7.737385295708859e-09,0.0,-3.685212924869726e-09,0.0,-5.39259348679978e-09,0.0,-7.737385295708862e-09,0.0,3.6674935531864897e-08
5077.850008377724,0.0,4.1099543507183596e-08,0.0,-9.111439074385273e-09,0.0,-8.745841668083951e-09,0.0,-3.83674190652944e-09,0.0,-9.111439074385273e-09,0.0,4.184611829212777e-08,0.0,-8.144810206626451e-09,0.0,-5.614326726158932e-09,0.0,-8.745841668083951e-09,0.0,-8.144810206626451e-09,0.0,4.3118819381422485e-08,0.0,-8.05553193702106e-09,0.0,-3.8367419065294415e-09,0.0,-5.614326726158933e-09,0.0,-8.055531937021061e-09,0.0,3.818293947814317e-08
5286.641591517374,0.0,4.278947896038208e-08,0.0,-9.486084206849343e-09,0.0,-9.10545412704891e-09,0.0,-3.994501473165093e-09,0.0,-9.486084206849342e-09,0.0,4.3566751487682454e-08,0.0,-8.47970938927419e-09,0.0,-5.845177216717726e-09,0.0,-9.105454127048909e-09,0.0,-8.47970938927419e-09,0.0,4.489178363733914e-08,0.0,-8.386760166170742e-09,0.0,-3.994501473165093e-09,0.0,-5.845177216717725e-09,0.0,-8.386760166170739e-09,0.0,3.9752949692980894e-08
5504.018289443407,0.0,4.4548901361421695e-08,0.0,-9.876134038190638e-09,0.0,-9.479853169804287e-09,0.0,-4.158747814640284e-09,0.0,-9.876134038190638e-09,0.0,4.5358133864152285e-08,0.0,-8.828378992557009e-09,0.0,-6.085519842592216e-09,0.0,-9.479853169804285e-09,0.0,-8.828378992557009e-09,0.0,4.673764882834292e-08,0.0,-8.731607873294485e-09,0.0,-4.158747814640283e-09,0.0,-6.085519842592217e-09,0.0,-8.731607873294485e-09,0.0,4.138751575680209e-08
5730.333105829569,0.0,4.638066788210215e-08,0.0,-1.0282221980475482e-08,0.0,-9.869646792693753e-09,0.0,-4.329747654860989e-09,0.0,-1.0282221980475482e-08,0.0,4.7223174493972305e-08,0.0,-9.191385230112595e-09,0.0,-6.335744902423889e-09,0.0,-9.869646792693755e-09,0.0,-9.191385230112592e-09,0.0,4.865941250292855e-08,0.0,-9.090635065553401e-09,0.0,-4.32974765486099e-09,0.0,-6.3357449024238875e-09,0.0,-9.090635065553403e-09,0.0,4.308929208395293e-08
5965.953559192664,0.0,4.828775317572087e-08,0.0,-1.0705007490475756e-08,0.0,-1.0275467991720099e-08,0.0,-4.507778684915473e-09,0.0,-1.070500749047576e-08,0.0,4.916490206513129e-08,0.0,-9.569317597211951e-09,0.0,-6.59625874319579e-09,0.0,-1.0275467991720099e-08,0.0,-9.569317597211951e-09,0.0,5.066019546311252e-08,0.0,-9.464424776543348e-09,0.0,-4.507778684915474e-09,0.0,-6.596258743195789e-09,0.0,-9.464424776543348e-09,0.0,4.4861042233274476e-08
6211.262279715393,0.0,5.0273254207689406e-08,0.0,-1.1145177140577793e-08,0.0,-1.069797579048383e-08,0.0,-4.693130014024023e-09,0.0,-1.1145177140577792e-08,0.0,5.118646979953629e-08,0.0,-9.96278982805603e-09,0.0,-6.867484420109907e-09,0.0,-1.0697975790483823e-08,0.0,-9.962789828056026e-09,0.0,5.27432468323842e-08,0.0,-9.853584013098254e-09,0.0,-4.693130014024024e-09,0.0,-6.867484420109905e-09,0.0,-9.853584013098256e-09,0.0,4.670564339591746e-08
6466.657630609518,0.0,5.2340395284776673e-08,0.0,-1.160344573372525e-08,0.0,-1.1137856310388818e-08,0.0,-4.886102639030986e-09,0.0,-1.1603445733725255e-08,0.0,5.3291160573612434e-08,0.0,-1.0372440892434742e-08,0.0,-7.149862383597598e-09,0.0,-1.1137856310388823e-08,0.0,-1.0372440892434748e-08,0.0,5.4911949332042516e-08,0.0,-1.0258744741024443e-08,0.0,-4.886102639030984e-09,0.0,-7.149862383597591e-09,0.0,-1.0258744741024445e-08,0.0,4.862609106768807e-08
6732.554355028208,0.0,5.449253329114425e-08,0.0,-1.2080557464206145e-08,0.0,-1.1595823884852677e-08,0.0,-5.087009933201344e-09,0.0,-1.2080557464206145e-08,0.0,5.548239224945088e-08,0.0,-1.0798936033366602e-08,0.0,-7.443851194578426e-09,0.0,-1.1595823884852674e-08,0.0,-1.0798936033366602e-08,0.0,5.7169824774484786e-08,0.0,-1.0680564911366254e-08,0.0,-5.087009933201343e-09,0.0,-7.443851194578423e-09,0.0,-1.0680564911366254e-08,0.0,5.062550391351156e-08
7009.38424957824,0.0,5.67331631396779e-08,0.0,-1.2577287126169306e-08,0.0,-1.2072622219331335e-08,0.0,-5.296178155115714e-09,0.0,-1.2577287126169306e-08,0.0,5.776372322516413e-08,0.0,-1.124296784740413e-08,0.0,-7.749928269129223e-09,0.0,-1.207262221933134e-08,0.0,-1.1242967847404128e-08,0.0,5.952053978236951e-08,0.0,-1.1119729528869875e-08,0.0,-5.296178155115714e-09,0.0,-7.74992826912922e-09,0.0,-1.1119729528869875e-08,0.0,5.2707128831913136e-08
7297.596865525738,0.0,5.9065923447467667e-08,0.0,-1.3094441371832778e-08,0.0,-1.256902559904172e-08,0.0,-5.5139469784901395e-09,0.0,-1.3094441371832778e-08,0.0,6.013885821346122e-08,0.0,-1.1705257409359435e-08,0.0,-8.068590653772439e-09,0.0,-1.2569025599041718e-08,0.0,-1.1705257409359437e-08,0.0,6.196791174294023e-08,0.0,-1.157695176438037e-08,0.0,-5.513946978490141e-09,0.0,-8.068590653772437e-09,0.0,-1.157695176438037e-08,0.0,5.4874346227740945e-08
7597.660238834169,0.0,6.149460244465257e-08,0.0,-1.3632860021427307e-08,0.0,-1.308584014634362e-08,0.0,-5.740670043781084e-09,0.0,-1.3632860021427307e-08,0.0,6.261165425782706e-08,0.0,-1.2186555443276367e-08,0.0,-8.400355832642924e-09,0.0,-1.3085840146343627e-08,0.0,-1.2186555443276368e-08,0.0,6.451591500718004e-08,0.0,-1.205297411297837e-08,0.0,-5.7406700437810856e-09,0.0,-8.400355832642923e-09,0.0,-1.2052974112978368e-08,0.0,5.7130675501693594e-08
7910.061650220118,0.0,6.402314412622625e-08,0.0,-1.4193417427002275e-08,0.0,-1.3623905129822794e-08,0.0,-5.976715532471355e-09,0.0,-1.4193417427002275e-08,0.0,6.51861269960757e-08,0.0,-1.2687643541550794e-08,0.0,-8.745762567843881e-09,0.0,-1.3623905129822796e-08,0.0,-1.2687643541550797e-08,0.0,6.716868734386348e-08,0.0,-1.254856959973714e-08,0.0,-5.976715532471356e-09,0.0,-8.745762567843881e-09,0.0,-1.2548569599737137e-08,0.0,5.94797807655663e-08
8235.30841646112,0.0,6.665565465679299e-08,0.0,-1.4777023892308729e-08,0.0,-1.4184094327201016e-08,0.0,-6.222466764969597e-09,0.0,-1.4777023892308736e-08,0.0,6.786645718144899e-08,0.0,-1.3209335434178855e-08,0.0,-9.10537177435666e-09,0.0,-1.4184094327201014e-08,0.0,-1.320933543417884e-08,0.0,6.993053665898691e-08,0.0,-1.3064543035058091e-08,0.0,-6.222466764969596e-09,0.0,-9.105371774356654e-09,0.0,-1.3064543035058106e-08,0.0,6.192547679249746e-08
8573.92871424056,0.0,6.939640903867515e-08,0.0,-1.538462715106534e-08,0.0,-1.4767317444286462e-08,0.0,-6.478322823094269e-09,0.0,-1.5384627151065344e-08,0.0,7.065699747185058e-08,0.0,-1.3752478310194199e-08,0.0,-9.479767430925173e-09,0.0,-1.4767317444286464e-08,0.0,-1.3752478310194204e-08,0.0,7.2805947991489e-08,0.0,-1.3601732321623365e-08,0.0,-6.478322823094269e-09,0.0,-9.479767430925171e-09,0.0,-1.360173232162336e-08,0.0,6.447173521187799e-08
8926.472437867556,0.0,7.224985805420078e-08,0.0,-1.601721390600782e-08,0.0,-1.5374521592268674e-08,0.0,-6.744699198153005e-09,0.0,-1.601721390600782e-08,0.0,7.356227949824028e-08,0.0,-1.431795419344043e-08,0.0,-9.869557528394195e-09,0.0,-1.5374521592268677e-08,0.0,-1.4317954193440431e-08,0.0,7.579959079662239e-08,0.0,-1.4161009815087746e-08,0.0,-6.744699198153008e-09,0.0,-9.869557528394193e-09,0.0,-1.4161009815087746e-08,0.0,6.712269095898356e-08
9293.512092264567,0.0,7.522063549344441e-08,0.0,-1.6675811431221098e-08,0.0,-1.6006692825756932e-08,0.0,-7.022028465669712e-09,0.0,-1.66758114312211e-08,0.0,7.658702122366709e-08,0.0,-1.490668137491236e-08,0.0,-1.0275375057041447e-08,0.0,-1.6006692825756932e-08,0.0,-1.4906681374912357e-08,0.0,7.891632652880301e-08,0.0,-1.474328374071969e-08,0.0,-7.022028465669708e-09,0.0,-1.027537505704145e-08,0.0,-1.4743283740719692e-08,0.0,6.988264898980317e-08
9675.643722673107,0.0,7.831356567915982e-08,0.0,-1.7361489240356563e-08,0.0,-1.666485774406014e-08,0.0,-7.310760987855271e-09,0.0,-1.736148924035656e-08,0.0,7.97361346048928e-08,0.0,-1.551961590399283e-08,0.0,-1.0697879034507054e-08,0.0,-1.666485774406014e-08,0.0,-1.5519615903992835e-08,0.0,8.216121653625294e-08,0.0,-1.534949966829203e-08,0.0,-7.310760987855266e-09,0.0,-1.0697879034507057e-08,0.0,-1.534949966829203e-08,0.0,7.275609127196994e-08
10073.487882587067,0.0,8.153367130112296e-08,0.0,-1.8075360823442984e-08,0.0,-1.7350085158308043e-08,0.0,-7.611365644962413e-09,0.0,-1.8075360823442984e-08,0.0,8.301473356904587e-08,0.0,-1.6157753141006096e-08,0.0,-1.1137755575989379e-08,0.0,-1.735008515830805e-08,0.0,-1.6157753141006096e-08,0.0,8.553953028025504e-08,0.0,-1.5980642047617272e-08,0.0,-7.61136564496242e-09,0.0,-1.1137755575989374e-08,0.0,-1.5980642047617275e-08,0.0,7.574768406314428e-08
10487.690641485688,0.0,8.488618157260854e-08,0.0,-1.8818585455112005e-08,0.0,-1.8063487827121457e-08,0.0,-7.92433059671257e-09,0.0,-1.8818585455112005e-08,0.0,8.64281423182607e-08,0.0,-1.6822129373609337e-08,0.0,-1.1595719008445358e-08,0.0,-1.8063487827121453e-08,0.0,-1.6822129373609337e-08,0.0,8.905675389236847e-08,0.0,-1.663773580722127e-08,0.0,-7.92433059671256e-09,0.0,-1.1595719008445362e-08,0.0,-1.6637735807221265e-08,0.0,7.886228548867138e-08
10918.924634002584,0.0,8.837654072224538e-08,0.0,-1.9592370077174323e-08,0.0,-1.8806224263649912e-08,0.0,-8.25016407503111e-09,0.0,-1.9592370077174323e-08,0.0,8.998190397578828e-08,0.0,-1.7513823499647143e-08,0.0,-1.2072513030604622e-08,0.0,-1.8806224263649915e-08,0.0,-1.7513823499647147e-08,0.0,9.271859908350014e-08,0.0,-1.7321848018751267e-08,0.0,-8.25016407503111e-09,0.0,-1.2072513030604629e-08,0.0,-1.732184801875127e-08,0.0,8.210495343081708e-08
11367.890152234633,0.0,9.201041683504108e-08,0.0,-2.0397971258603856e-08,0.0,-1.9579500616911327e-08,0.0,-8.589395209378445e-09,0.0,-2.0397971258603866e-08,0.0,9.368178958761773e-08,0.0,-1.8233958779201807e-08,0.0,-1.2568911920681185e-08,0.0,-1.9579500616911347e-08,0.0,-1.8233958779201797e-08,0.0,9.653101241930073e-08,0.0,-1.803408962982141e-08,0.0,-8.589395209378465e-09,0.0,-1.2568911920681171e-08,0.0,-1.803408962982142e-08,0.0,8.548095374239468e-08
11835.316282964517,0.0,9.57937110569326e-08,0.0,-2.1236697236112915e-08,0.0,-2.038457263048873e-08,0.0,-8.942574886017074e-09,0.0,-2.1236697236112915e-08,0.0,9.753380749422842e-08,0.0,-1.898370465868456e-08,0.0,-1.3085721793744028e-08,0.0,-2.038457263048873e-08,0.0,-1.8983704658684555e-08,0.0,1.0050018497694747e-07,0.0,-1.877561726810936e-08,0.0,-8.942574886017069e-09,0.0,-1.3085721793744033e-08,0.0,-1.8775617268109363e-08,0.0,8.899576879812016e-08
12321.962091643712,0.0,9.973256717781065e-08,0.0,-2.2109910038631672e-08,0.0,-2.1222747681764947e-08,0.0,-9.310276642610094e-09,0.0,-2.2109910038631682e-08,0.0,1.0154421308769014e-07,0.0,-1.9764278669930038e-08,0.0,-1.3623781910788272e-08,0.0,-2.1222747681764947e-08,0.0,-1.9764278669930038e-08,0.0,1.046325623989951e-07,0.0,-1.9547635119634106e-08,0.0,-9.310276642610088e-09,0.0,-1.3623781910788268e-08,0.0,-1.9547635119634113e-08,0.0,9.265510639758308e-08
12828.617855058625,0.0,1.0383338160857975e-07,0.0,-2.3019027699142495e-08,0.0,-2.209538690500673e-08,0.0,-9.693097599603998e-09,0.0,-2.301902769914248e-08,0.0,1.0571951896995712e-07,0.0,-2.0576948407377888e-08,0.0,-1.4183966041632962e-08,0.0,-2.2095386905006722e-08,0.0,-2.057694840737789e-08,0.0,1.0893485536062275e-07,0.0,-2.035139688426499e-08,0.0,-9.693097599603991e-09,0.0,-1.4183966041632965e-08,0.0,-2.035139688426499e-08,0.0,9.646490903429084e-08
13356.106344681619,0.0,1.081028137684566e-07,0.0,-2.396552655746046e-08,0.0,-2.3003907401746118e-08,0.0,-1.0091659429908046e-08,0.0,-2.3965526557460456e-08,0.0,1.1006650552885145e-07,0.0,-2.1423033586552356e-08,0.0,-1.476718388385862e-08,0.0,-2.3003907401746118e-08,0.0,-2.1423033586552353e-08,0.0,1.1341405046727373e-07,0.0,-2.1188207811637496e-08,0.0,-1.0091659429908043e-08,0.0,-1.476718388385862e-08,0.0,-2.118820781163749e-08,0.0,1.0043136354583846e-07
13905.284162791027,0.0,1.1254779689937402e-07,0.0,-2.4950943657700154e-08,0.0,-2.3949784542048484e-08,0.0,-1.050660936844511e-08,0.0,-2.4950943657700157e-08,0.0,1.1459223194891184e-07,0.0,-2.2303908187182667e-08,0.0,-1.5374382540088783e-08,0.0,-2.3949784542048484e-08,0.0,-2.2303908187182667e-08,0.0,1.1807742160038615e-07,0.0,-2.2059426820782125e-08,0.0,-1.0506609368445112e-08,0.0,-1.5374382540088793e-08,0.0,-2.205942682078212e-08,0.0,1.0456091116087515e-07
14477.043133529785,0.0,1.1717554932505228e-07,0.0,-2.597687924432135e-08,0.0,-2.493455436040423e-08,0.0,-1.0938621263213221e-08,0.0,-2.597687924432135e-08,0.0,1.193040476749859e-07,0.0,-2.322100268444433e-08,0.0,-1.6006548056014547e-08,0.0,-2.4934554360404232e-08,0.0,-2.3221002684444325e-08,0.0,1.2293254172963723e-07,0.0,-2.2966468706908216e-08,0.0,-1.0938621263213221e-08,0.0,-1.600654805601455e-08,0.0,-2.2966468706908223e-08,0.0,1.0886025795918243e-07
15072.311751161988,0.0,1.2199358617302364e-07,0.0,-2.7044999360807843e-08,0.0,-2.595981605013533e-08,0.0,-1.1388396669564971e-08,0.0,-2.7044999360807843e-08,0.0,1.2420960434718593e-07,0.0,-2.4175806371945156e-08,0.0,-1.666470702165991e-08,0.0,-2.5959816050135337e-08,0.0,-2.4175806371945156e-08,0.0,1.2798729521088707e-07,0.0,-2.3910806438926924e-08,0.0,-1.138839666956497e-08,0.0,-1.6664707021659906e-08,0.0,-2.3910806438926927e-08,0.0,1.1333638576185258e-07
15692.056687878789,0.0,1.2700973157864312e-07,0.0,-2.8157038555198685e-08,0.0,-2.7027234560366888e-08,0.0,-1.1856665989481417e-08,0.0,-2.815703855519869e-08,0.0,1.2931686822658596e-07,0.0,-2.5169869780227817e-08,0.0,-1.7349928238487943e-08,0.0,-2.7027234560366888e-08,0.0,-2.516986978022781e-08,0.0,1.332498905897885e-07,0.0,-2.4893973551443554e-08,0.0,-1.1856665989481423e-08,0.0,-1.7349928238487936e-08,0.0,-2.489397355144356e-08,0.0,1.1799656346924875e-07
16337.28436360253,0.0,1.322321313909052e-07,0.0,-2.9314802696865862e-08,0.0,-2.8138543299781303e-08,0.0,-1.2344189657690907e-08,0.0,-2.9314802696865852e-08,0.0,1.3463413313183988e-07,0.0,-2.620480719471665e-08,0.0,-1.80633244550553e-08,0.0,-2.8138543299781287e-08,0.0,-2.6204807194716662e-08,0.0,1.387288739318576e-07,0.0,-2.5917566635104376e-08,0.0,-1.2344189657690902e-08,0.0,-1.8063324455055304e-08,0.0,-2.591756663510438e-08,0.0,1.228483588651615e-07
17009.04258033824,0.0,1.376692664007e-07,0.0,-3.052017190911254e-08,0.0,-2.9295546951545673e-08,0.0,-1.285175937655875e-08,0.0,-3.052017190911255e-08,0.0,1.4017003390772988e-07,0.0,-2.7282299277197877e-08,0.0,-1.8806054174033567e-08,0.0,-2.92955469515457e-08,0.0,-2.7282299277197873e-08,0.0,1.4443314270065236e-07,0.0,-2.6983247929341667e-08,0.0,-1.2851759376558753e-08,0.0,-1.880605417403355e-08,0.0,-2.698324792934166e-08,0.0,1.2789965090632983e-07
17708.422223726546,0.0,1.433299661129902e-07,0.0,-3.1775103622354257e-08,0.0,-3.050012440398394e-08,0.0,-1.3380199401753359e-08,0.0,-3.177510362235425e-08,0.0,1.4593356044751502e-07,0.0,-2.8404095795089844e-08,0.0,-1.957932353353181e-08,0.0,-3.050012440398394e-08,0.0,-2.840409579508984e-08,0.0,1.5037196020659491e-07,0.0,-2.809274802172758e-08,0.0,-1.3380199401753357e-08,0.0,-1.9579323533531823e-08,0.0,-2.8092748021727587e-08,0.0,1.3315864251728385e-07
18436.55903456127,0.0,1.4922342308527368e-07,0.0,-3.3081635752840975e-08,0.0,-3.1754231801752186e-08,0.0,-1.3930367880776388e-08,0.0,-3.3081635752840975e-08,0.0,1.5193407229185308e-07,0.0,-2.957201846293598e-08,0.0,-2.0384388265775765e-08,0.0,-3.175423180175219e-08,0.0,-2.9572018462935995e-08,0.0,1.5655497064990221e-07,0.0,-2.9247868658320342e-08,0.0,-1.3930367880776393e-08,0.0,-2.0384388265775768e-08,0.0,-2.9247868658320335e-08,0.0,1.3863387391128726e-07
19194.635453148407,0.0,1.5535920785561704e-07,0.0,-3.44418900120824e-08,0.0,-3.30599057224731e-08,0.0,-1.4503158246530867e-08,0.0,-3.444189001208239e-08,0.0,1.5818131382800168e-07,0.0,-3.078796390073437e-08,0.0,-2.1222555736323866e-08,0.0,-3.30599057224731e-08,0.0,-3.078796390073436e-08,0.0,1.6299221478205357e-07,0.0,-3.0450485669566426e-08,0.0,-1.4503158246530865e-08,0.0,-2.1222555736323873e-08,0.0,-3.0450485669566446e-08,0.0,1.4433423645901203e-07
19983.88253950173,0.0,1.617472844845011e-07,0.0,-3.585807535235041e-08,0.0,-3.44192664839872e-08,0.0,-1.509950066819004e-08,0.0,-3.585807535235043e-08,0.0,1.6468543011398268e-07,0.0,-3.205390671390825e-08,0.0,-2.2095187067132354e-08,0.0,-3.4419266483987205e-08,0.0,-3.2053906713908247e-08,0.0,1.6969414621122853e-07,0.0,-3.1702552016510636e-08,0.0,-1.5099500668190046e-08,0.0,-2.2095187067132348e-08,0.0,-3.170255201651063e-08,0.0,1.5026898712746622e-07
20805.581972493168,0.0,1.6839802673571793e-07,0.0,-3.733249155385424e-08,0.0,-3.5834521587592234e-08,0.0,-1.5720363561723393e-08,0.0,-3.733249155385424e-08,0.0,1.714569833534056e-07,0.0,-3.3371902699919264e-08,0.0,-2.3003699346916553e-08,0.0,-3.583452158759225e-08,0.0,-3.337190269991926e-08,0.0,1.7667164837819278e-07,0.0,-3.300610096226008e-08,0.0,-1.5720363561723386e-08,0.0,-2.3003699346916557e-08,0.0,-3.3006100962260083e-08,0.0,1.5644776351262385e-07
21661.068131204353,0.0,1.7532223492259516e-07,0.0,-3.886753295941302e-08,0.0,-3.730796930286174e-08,0.0,-1.6366755162532356e-08,0.0,-3.886753295941302e-08,0.0,1.7850697004770412e-07,0.0,-3.474409218673016e-08,0.0,-2.394956793239801e-08,0.0,-3.7307969302861745e-08,0.0,-3.4744092186730147e-08,0.0,1.839360522302001e-07,0.0,-3.43632493738531e-08,0.0,-1.6366755162532356e-08,0.0,-2.3949567932398e-08,0.0,-3.436324937385309e-08,0.0,1.628805994901666e-07
22551.7302618597,0.0,1.8253115344690687e-07,0.0,-4.0465692362691846e-08,0.0,-3.8842002399865056e-08,0.0,-1.703972516275021e-08,0.0,-4.046569236269186e-08,0.0,1.8584683885364174e-07,0.0,-3.617270350853935e-08,0.0,-2.4934328844174825e-08,0.0,-3.884200239986504e-08,0.0,-3.617270350853934e-08,0.0,1.9149915462161367e-07,0.0,-3.577620115989484e-08,0.0,-1.703972516275021e-08,0.0,-2.4934328844174822e-08,0.0,-3.577620115989484e-08,0.0,1.6957794150975733e-07
23479.014733859363,0.0,1.9003648905894896e-07,0.0,-4.2129565056313984e-08,0.0,-4.04391120348487e-08,0.0,-1.7740366415864285e-08,0.0,-4.212956505631395e-08,0.0,1.9348850917508326e-07,0.0,-3.766005662443062e-08,0.0,-2.5959581261105335e-08,0.0,-4.04391120348487e-08,0.0,-3.766005662443062e-08,0.0,1.9937323747112365e-07,0.0,-3.724725084954163e-08,0.0,-1.7740366415864288e-08,0.0,-2.595958126110534e-08,0.0,-3.7247250849541623e-08,0.0,1.7655066555929986e-07
24444.42738857616,0.0,1.978504298684364e-07,0.0,-4.386185304642396e-08,0.0,-4.210189179568988e-08,0.0,-1.8469816711429272e-08,0.0,-4.386185304642397e-08,0.0,2.014443905192238e-07,0.0,-3.9208566885815004e-08,0.0,-2.702699011725629e-08,0.0,-4.210189179568989e-08,0.0,-3.9208566885815004e-08,0.0,2.075710877066749e-07,0.0,-3.877878731864659e-08,0.0,-1.8469816711429272e-08,0.0,-2.7026990117256297e-08,0.0,-3.87787873186466e-08,0.0,1.838100948267394e-07
25449.53598473054,0.0,2.0598566513709073e-07,0.0,-4.5665369440545906e-08,0.0,-4.383304191369125e-08,0.0,-1.922926062275317e-08,0.0,-4.566536944054591e-08,0.0,2.097274026487112e-07,0.0,-4.082074895878284e-08,0.0,-2.813828880563256e-08,0.0,-4.3833041913691247e-08,0.0,-4.082074895878284e-08,0.0,2.1610601803049152e-07,0.0,-4.0373297669117295e-08,0.0,-1.922926062275317e-08,0.0,-2.813828880563256e-08,0.0,-4.0373297669117295e-08,0.0,1.9136801808808143e-07
26495.97274431474,0.0,2.144554058850628e-07,0.0,-4.754304301586183e-08,0.0,-4.563537364855677e-08,0.0,-2.001993143055678e-08,0.0,-4.7543043015861825e-08,0.0,2.1835099656238433e-07,0.0,-4.2499220907735404e-08,0.0,-2.9295281993079164e-08,0.0,-4.563537364855676e-08,0.0,-4.2499220907735404e-08,0.0,2.2499188853792063e-07,0.0,-4.203337126778518e-08,0.0,-2.001993143055678e-08,0.0,-2.929528199307917e-08,0.0,-4.2033371267785184e-08,0.0,1.992367088514923e-07
27585.437003200535,0.0,2.2327340634465173e-07,0.0,-4.9497922975329076e-08,0.0,-4.7511813853669396e-08,0.0,-2.0843113125730285e-08,0.0,-4.949792297532908e-08,0.0,2.2732917633869985e-07,0.0,-4.424670844692773e-08,0.0,-3.049984855092667e-08,0.0,-4.7511813853669416e-08,0.0,-4.424670844692773e-08,0.0,2.342431292252012e-07,0.0,-4.376170395134574e-08,0.0,-2.0843113125730288e-08,0.0,-3.049984855092667e-08,0.0,-4.3761703951345736e-08,0.0,2.0742894528856788e-07
28719.697970734982,0.0,2.3245398629616065e-07,0.0,-5.1533183899360424e-08,0.0,-4.9465409729084656e-08,0.0,-2.17001424944395e-08,0.0,-5.153318389936042e-08,0.0,2.3667652187731967e-07,0.0,-4.606604936682703e-08,0.0,-3.175394460613922e-08,0.0,-4.946540972908465e-08,0.0,-4.6066049366827036e-08,0.0,2.438747634227108e-07,0.0,-4.556110240419788e-08,0.0,-2.17001424944395e-08,0.0,-3.175394460613922e-08,0.0,-4.5561102404197895e-08,0.0,2.1595803098513898e-07
29900.597602805465,0.0,2.420120543221605e-07,0.0,-5.365213090110766e-08,0.0,-5.1499333769957734e-08,0.0,-2.2592411288967666e-08,0.0,-5.365213090110766e-08,0.0,2.464082125757888e-07,0.0,-4.796019814247428e-08,0.0,-3.3059606717920006e-08,0.0,-5.149933376995774e-08,0.0,-4.796019814247428e-08,0.0,2.539024321917422e-07,0.0,-4.743448871629169e-08,0.0,-2.2592411288967666e-08,0.0,-3.305960671792002e-08,0.0,-4.743448871629169e-08,0.0,2.2483781654531037e-07
31130.053593039782,0.0,2.5196313201792445e-07,0.0,-5.58582049937209e-08,0.0,-5.361688891844113e-08,0.0,-2.3521368487818187e-08,0.0,-5.5858204993720904e-08,0.0,2.565400519797549e-07,0.0,-4.9932230731333224e-08,0.0,-3.4418955184932724e-08,0.0,-5.3616888918441134e-08,0.0,-4.993223073133322e-08,0.0,2.6434241972442994e-07,0.0,-4.9384905128386234e-08,0.0,-2.3521368487818187e-08,0.0,-3.4418955184932724e-08,0.0,-4.938490512838624e-08,0.0,2.3408272208381708e-07
32410.06248699877,0.0,2.6232337919735165e-07,0.0,-5.815498867829937e-08,0.0,-5.582151392741832e-08,0.0,-2.448852264874855e-08,0.0,-5.8154988678299375e-08,0.0,2.670884934467559e-07,0.0,-5.198534956841768e-08,0.0,-3.5834197488509744e-08,0.0,-5.5821513927418335e-08,0.0,-5.198534956841767e-08,0.0,2.752116797880735e-07,0.0,-5.141551897242373e-08,0.0,-2.4488522648748568e-08,0.0,-3.583419748850974e-08,0.0,-5.141551897242373e-08,0.0,2.437077606432241e-07
33742.702924418336,0.0,2.731096201353064e-07,0.0,-6.054621176160776e-08,0.0,-5.811678894478363e-08,0.0,-2.5495444358556386e-08,0.0,-6.054621176160777e-08,0.0,2.7807066686525515e-07,0.0,-5.41228887668088e-08,0.0,-3.7307631877438284e-08,0.0,-5.811678894478365e-08,0.0,-5.41228887668088e-08,0.0,2.865278632567995e-07,0.0,-5.352962781504168e-08,0.0,-2.5495444358556386e-08,0.0,-3.7307631877438284e-08,0.0,-5.3529627815041685e-08,0.0,2.5372856257399527e-07
35130.13901476694,0.0,2.8433937088899926e-07,0.0,-6.303575741300706e-08,0.0,-6.050644132733817e-08,0.0,-2.654376878359636e-08,0.0,-6.303575741300705e-08,0.0,2.8950440647231445e-07,0.0,-5.6348319532008466e-08,0.0,-3.8841651100146706e-08,0.0,-6.050644132733816e-08,0.0,-5.634831953200847e-08,0.0,2.9830934677527807e-07,0.0,-5.573066481257789e-08,0.0,-2.6543768783596375e-08,0.0,-3.884165110014671e-08,0.0,-5.5730664812577874e-08,0.0,2.641614009170279e-07
36574.623851599,0.0,2.9603086774276563e-07,0.0,-6.562766847043377e-08,0.0,-6.29943516937409e-08,0.0,-2.763519832516931e-08,0.0,-6.562766847043376e-08,0.0,3.01408279815074e-07,0.0,-5.866525579891991e-08,0.0,-4.043874629035075e-08,0.0,-6.299435169374091e-08,0.0,-5.8665255798919876e-08,0.0,3.1057526260103196e-07,0.0,-5.802220428626169e-08,0.0,-2.7635198325169304e-08,0.0,-4.043874629035073e-08,0.0,-5.80222042862617e-08,0.0,2.7502321782986645e-07
38078.503171412194,0.0,3.082030968224431e-07,0.0,-6.83261540056699e-08,0.0,-6.558456022634664e-08,0.0,-2.8771505384095956e-08,0.0,-6.832615400566987e-08,0.0,3.138016179030758e-07,0.0,-6.107746010061061e-08,0.0,-4.210151101247029e-08,0.0,-6.558456022634663e-08,0.0,-6.107746010061061e-08,0.0,3.2334552967380796e-07,0.0,-6.040796752664757e-08,0.0,-2.8771505384095936e-08,0.0,-4.2101511012470285e-08,0.0,-6.040796752664759e-08,0.0,2.863316520995119e-07
39644.219162949994,0.0,3.208758249274349e-07,0.0,-7.113559615956392e-08,0.0,-6.828127323216293e-08,0.0,-2.995453523896469e-08,0.0,-7.11355961595639e-08,0.0,3.267045466003926e-07,0.0,-6.358884967838776e-08,0.0,-4.383264547338627e-08,0.0,-6.828127323216293e-08,0.0,-6.358884967838774e-08,0.0,3.3664088596246137e-07,0.0,-6.289182883671548e-08,0.0,-2.9954535238964703e-08,0.0,-4.383264547338626e-08,0.0,-6.289182883671547e-08,0.0,2.9810506778650833e-07
41274.31443313542,0.0,3.34069631630529e-07,0.0,-7.406055725830325e-08,0.0,-7.108886997358164e-08,0.0,-3.118620904272755e-08,0.0,-7.406055725830325e-08,0.0,3.4013801930854174e-07,0.0,-6.620350284310804e-08,0.0,-4.563496090737664e-08,0.0,-7.108886997358164e-08,0.0,-6.620350284310802e-08,0.0,3.5048292214188205e-07,0.0,-6.547782182345217e-08,0.0,-3.1186209042727554e-08,0.0,-4.563496090737664e-08,0.0,-6.547782182345217e-08,0.0,3.103625840468167e-07
42971.43613607663,0.0,3.478059426976023e-07,0.0,-7.710578722229462e-08,0.0,-7.401190977997698e-08,0.0,-3.2468526942510374e-08,0.0,-7.710578722229466e-08,0.0,3.541238509932597e-07,0.0,-6.892566559805297e-08,0.0,-4.751138414135302e-08,0.0,-7.401190977997694e-08,0.0,-6.892566559805298e-08,0.0,3.648941166546544e-07,0.0,-6.817014594813067e-08,0.0,-3.246852694251037e-08,0.0,-4.751138414135303e-08,0.0,-6.817014594813073e-08,0.0,3.2312410617991135e-07
44738.34027184928,0.0,3.6210706488147934e-07,0.0,-8.027623127968324e-08,0.0,-7.705513945171892e-08,0.0,-3.380357132770382e-08,0.0,-8.027623127968325e-08,0.0,3.68684753610392e-07,0.0,-7.175975853412403e-08,0.0,-4.946496234781097e-08,0.0,-7.705513945171892e-08,0.0,-7.175975853412403e-08,0.0,3.798978722143838e-07,0.0,-7.097317334592468e-08,0.0,-3.380357132770382e-08,0.0,-4.9464962347811006e-08,0.0,-7.09731733459247e-08,0.0,3.364103579535123e-07
46577.896162036755,0.0,3.7699622214644766e-07,0.0,-8.357703799703734e-08,0.0,-8.022350096862612e-08,0.0,-3.519351021160958e-08,0.0,-8.357703799703736e-08,0.0,3.8384437298842853e-07,0.0,-7.4710384008555e-08,0.0,-5.149886799321269e-08,0.0,-8.022350096862613e-08,0.0,-7.4710384008555e-08,0.0,3.9551855380997253e-07,0.0,-7.389145592593234e-08,0.0,-3.5193510211609576e-08,0.0,-5.149886799321271e-08,0.0,-7.389145592593236e-08,0.0,3.5024291525745104e-07
48493.0911092961,0.0,3.924975933822576e-07,0.0,-8.701356764023944e-08,0.0,-8.352213951537515e-08,0.0,-3.664060075213363e-08,0.0,-8.701356764023944e-08,0.0,3.9962732722758e-07,0.0,-7.778233361879975e-08,0.0,-5.361640398983777e-08,0.0,-8.352213951537516e-08,0.0,-7.778233361879977e-08,0.0,4.117815282725585e-07,0.0,-7.692973276314009e-08,0.0,-3.6640600752133634e-08,0.0,-5.3616403989837773e-08,0.0,-7.692973276314007e-08,0.0,3.6464424114131897e-07
50487.03524851663,0.0,4.086363516688516e-07,0.0,-9.05914008791617e-08,0.0,-8.695641183690003e-08,0.0,-3.814719291724373e-08,0.0,-9.059140087916168e-08,0.0,4.160592466777516e-07,0.0,-8.098059598373218e-08,0.0,-5.5821009059468456e-08,0.0,-8.695641183690006e-08,0.0,-8.09805959837322e-08,0.0,4.2871320546937337e-07,0.0,-8.009293779432973e-08,0.0,-3.814719291724372e-08,0.0,-5.582100905946846e-08,0.0,-8.009293779432971e-08,0.0,3.7963772229279925e-07
52562.96659744847,0.0,4.2543870515558014e-07,0.0,-9.431634785026014e-08,0.0,-9.053189493734915e-08,0.0,-3.971573330114325e-08,0.0,-9.431634785026013e-08,0.0,4.3316681556033294e-07,0.0,-8.431036484479349e-08,0.0,-5.8116263317619095e-08,0.0,-9.053189493734912e-08,0.0,-8.431036484479346e-08,0.0,4.4634108119141e-07,0.0,-8.33862078304264e-08,0.0,-3.9715733301143255e-08,0.0,-5.811626331761911e-08,0.0,-8.33862078304264e-08,0.0,3.9524770701591404e-07
54724.25631500434,0.0,4.429319396213015e-07,0.0,-9.819445759180744e-08,0.0,-9.425439513672791e-08,0.0,-4.1348769097359507e-08,0.0,-9.819445759180743e-08,0.0,4.5097781530140195e-07,0.0,-8.777704750024468e-08,0.0,-6.050589408737927e-08,0.0,-9.425439513672791e-08,0.0,-8.777704750024468e-08,0.0,4.64693781804556e-07,0.0,-8.68148908983e-08,0.0,-4.13487690973595e-08,0.0,-6.050589408737928e-08,0.0,-8.681489089830002e-08,0.0,4.114995447708725e-07
56974.4141757719,0.0,4.611444627844645e-07,0.0,-1.022320278670828e-07,0.0,-9.812995749993264e-08,0.0,-4.304895223519732e-08,0.0,-1.022320278670828e-07,0.0,4.6952116964670345e-07,0.0,-9.13862735862187e-08,0.0,-6.299378195231051e-08,0.0,-9.812995749993263e-08,0.0,-9.138627358621872e-08,0.0,4.838011107366921e-07,0.0,-9.038455492556482e-08,0.0,-4.3048952235197334e-08,0.0,-6.29937819523105e-08,0.0,-9.038455492556477e-08,0.0,4.284196273397164e-07
59317.094269627996,0.0,4.801058504351431e-07,0.0,-1.0643561539147375e-07,0.0,-1.021648756534886e-07,0.0,-4.481904368627616e-08,0.0,-1.0643561539147378e-07,0.0,4.888269916316727e-07,0.0,-9.514390421883277e-08,0.0,-6.558396705822679e-08,0.0,-1.0216487565348859e-07,0.0,-9.514390421883279e-08,0.0,5.036940968762546e-07,0.0,-9.410099678248179e-08,0.0,-4.481904368627618e-08,0.0,-6.558396705822678e-08,0.0,-9.410099678248179e-08,0.0,4.460354316846217e-07
61756.100935710325,0.0,4.998468944639303e-07,0.0,-1.1081204648009675e-07,0.0,-1.0636570200593383e-07,0.0,-4.6661917948143615e-08,0.0,-1.1081204648009673e-07,0.0,5.089266324827773e-07,0.0,-9.905604151220745e-08,0.0,-6.828065567409252e-08,0.0,-1.0636570200593384e-07,0.0,-9.905604151220747e-08,0.0,5.244050449608533e-07,0.0,-9.797025169564739e-08,0.0,-4.666191794814364e-08,0.0,-6.82806556740925e-08,0.0,-9.797025169564739e-08,0.0,4.6437556456845263e-07
64295.39494038267,0.0,5.203996528656902e-07,0.0,-1.1536842813322785e-07,0.0,-1.1073925838844583e-07,0.0,-4.858056771224682e-08,0.0,-1.1536842813322784e-07,0.0,5.298527325295875e-07,0.0,-1.0312903848784836e-07,0.0,-7.1088227022692e-08,0.0,-1.1073925838844586e-07,0.0,-1.0312903848784838e-07,0.0,5.459675880377757e-07,0.0,-1.0199860304875466e-07,0.0,-4.858056771224682e-08,0.0,-7.108822702269201e-08,0.0,-1.0199860304875466e-07,0.0,4.834698090100273e-07
66939.09990922642,0.0,5.417975017993701e-07,0.0,-1.2011215957754537e-07,0.0,-1.1529264713299075e-07,0.0,-5.05781087238419e-08,0.0,-1.201121595775454e-07,0.0,5.516392742102596e-07,0.0,-1.0736950939148322e-07,0.0,-7.401124039216344e-08,0.0,-1.1529264713299075e-07,0.0,-1.073695093914832e-07,0.0,5.68416742081568e-07,0.0,-1.061925925863436e-07,0.0,-5.057810872384192e-08,0.0,-7.401124039216341e-08,0.0,-1.0619259258634362e-07,0.0,5.033491726495368e-07
69691.50902350346,0.0,5.640751897884127e-07,0.0,-1.250509442819266e-07,0.0,-1.2003326260598473e-07,0.0,-5.2657784841733795e-08,0.0,-1.250509442819265e-07,0.0,5.743216372564979e-07,0.0,-1.1178434043410733e-07,0.0,-7.705444253994525e-08,0.0,-1.200332626059847e-07,0.0,-1.1178434043410734e-07,0.0,5.917889628573857e-07,0.0,-1.105590310371103e-07,0.0,-5.2657784841733795e-08,0.0,-7.705444253994524e-08,0.0,-1.1055903103711028e-07,0.0,5.240459381026592e-07
72557.0919919648,0.0,5.872688941497885e-07,0.0,-1.3019280246731107e-07,0.0,-1.2496880321619808e-07,0.0,-5.482297330606283e-08,0.0,-1.3019280246731112e-07,0.0,5.979366561476229e-07,0.0,-1.16380700974681e-07,0.0,-8.022277540115917e-08,0.0,-1.2496880321619813e-07,0.0,-1.1638070097468094e-07,0.0,6.161222051224598e-07,0.0,-1.1510500917402631e-07,0.0,-5.4822973306062864e-08,0.0,-8.02227754011591e-08,0.0,-1.151050091740263e-07,0.0,5.45593715385138e-07
75540.50230932694,0.0,6.114162797432788e-07,0.0,-1.3554608413094608e-07,0.0,-1.3010728391640173e-07,0.0,-5.7077190222693005e-08,0.0,-1.3554608413094613e-07,0.0,6.225226799270404e-07,0.0,-1.211660551626376e-07,0.0,-8.352138411394695e-08,0.0,-1.3010728391640173e-07,0.0,-1.2116605516263758e-07,0.0,6.414559842618147e-07,0.0,-1.1983790932922938e-07,0.0,-5.7077190222693005e-08,0.0,-8.352138411394695e-08,0.0,-1.1983790932922943e-07,0.0,5.680274964929619e-07
78646.5848132031,0.0,6.365565601364256e-07,0.0,-1.411194826061648e-07,0.0,-1.3545704921905692e-07,0.0,-5.942409627310761e-08,0.0,-1.4111948260616476e-07,0.0,6.481196344782512e-07,0.0,-1.2614817405911056e-07,0.0,-8.695562537479465e-08,0.0,-1.3545704921905695e-07,0.0,-1.2614817405911059e-07,0.0,6.67831440458328e-07,0.0,-1.2476541738238484e-07,0.0,-5.9424096273107596e-08,0.0,-8.695562537479463e-08,0.0,-1.2476541738238484e-07,0.0,5.913837122267766e-07
81880.38355176047,0.0,6.627305612844579e-07,0.0,-1.4692204867971505e-07,0.0,-1.4102678674718608e-07,0.0,-6.186750265908494e-08,0.0,-1.4692204867971505e-07,0.0,6.747690873615275e-07,0.0,-1.313351482565609e-07,0.0,-9.053107613741024e-08,0.0,-1.4102678674718605e-07,0.0,-1.3133514825656087e-07,0.0,6.952914055013433e-07,0.0,-1.298955352419846e-07,0.0,-6.186750265908493e-08,0.0,-9.053107613741025e-08,0.0,-1.298955352419846e-07,0.0,6.157002913528073e-07
85247.14997488206,0.0,6.899807878286285e-07,0.0,-1.5296320528956909e-07,0.0,-1.468255413424306e-07,0.0,-6.441137729180845e-08,0.0,-1.5296320528956909e-07,0.0,7.025143153165614e-07,0.0,-1.3673540101730137e-07,0.0,-9.425354266928501e-08,0.0,-1.4682554134243062e-07,0.0,-1.3673540101730137e-07,0.0,7.238804723423304e-07,0.0,-1.352365938398558e-07,0.0,-6.44113772918084e-08,0.0,-9.425354266928503e-08,0.0,-1.352365938398558e-07,0.0,6.410167221963732e-07
88752.35146213221,0.0,7.183514921206024e-07,0.0,-1.5925276282707655e-07,0.0,-1.5286272975320373e-07,0.0,-6.70598512354605e-08,0.0,-1.5925276282707657e-07,0.0,7.314003745406841e-07,0.0,-1.423577019522512e-07,0.0,-9.812906998064172e-08,0.0,-1.5286272975320373e-07,0.0,-1.4235770195225123e-07,0.0,7.536450675105361e-07,0.0,-1.407972666599768e-07,0.0,-6.705985123546052e-08,0.0,-9.812906998064169e-08,0.0,-1.4079726665997678e-07,0.0,6.673741167680039e-07
92401.6802013766,0.0,7.478887460850041e-07,0.0,-1.658009350683144e-07,0.0,-1.591481559267934e-07,0.0,-6.981722541576529e-08,0.0,-1.6580093506831442e-07,0.0,7.614741738567988e-07,0.0,-1.4821118126213515e-07,0.0,-1.021639516410839e-07,0.0,-1.591481559267934e-07,0.0,-1.4821118126213515e-07,0.0,7.846335265062331e-07,0.0,-1.4658658382357374e-07,0.0,-6.981722541576529e-08,0.0,-1.0216395164108392e-07,0.0,-1.4658658382357374e-07,0.0,6.948152775263017e-07
96201.06243247418,0.0,7.786405160368111e-07,0.0,-1.726183557605036e-07,0.0,-1.6569202693024728e-07,0.0,-7.268797760437366e-08,0.0,-1.726183557605036e-07,0.0,7.927845508898357e-07,0.0,-1.543053445642538e-07,0.0,-1.0636473999988763e-07,0.0,-1.6569202693024722e-07,0.0,-1.5430534456425384e-07,0.0,8.168961722939966e-07,0.0,-1.5261394675336908e-07,0.0,-7.268797760437366e-08,0.0,-1.0636473999988759e-07,0.0,-1.5261394675336908e-07,0.0,7.233847668859686e-07
100156.66807105225,0.0,8.106567405751049e-07,0.0,-1.797160958904279e-07,0.0,-1.725049695258944e-07,0.0,-7.567676969043318e-08,0.0,-1.7971609589042787e-07,0.0,8.253823513754449e-07,0.0,-1.6065008832890326e-07,0.0,-1.1073825682653153e-07,0.0,-1.7250496952589437e-07,0.0,-1.6065008832890332e-07,0.0,8.504853970234752e-07,0.0,-1.5888914344079672e-07,0.0,-7.567676969043318e-08,0.0,-1.107382568265315e-07,0.0,-1.588891434407967e-07,0.0,7.531289795838699e-07
104274.92072799284,0.0,8.439894116796582e-07,0.0,-1.8710568166289684e-07,0.0,-1.7959804742842096e-07,0.0,-7.878845525115107e-08,0.0,-1.8710568166289692e-07,0.0,8.593205117297053e-07,0.0,-1.6725571595051014e-07,0.0,-1.1529160438874583e-07,0.0,-1.7959804742842104e-07,0.0,-1.6725571595051014e-07,0.0,8.854557471103648e-07,0.0,-1.6542236434097556e-07,0.0,-7.878845525115109e-08,0.0,-1.1529160438874581e-07,0.0,-1.6542236434097556e-07,0.0,7.840962180206553e-07
108562.50814090163,0.0,8.786926591420614e-07,0.0,-1.9479911321845018e-07,0.0,-1.869827792715244e-07,0.0,-8.202808743364458e-08,0.0,-1.9479911321845015e-07,0.0,8.946541450139505e-07,0.0,-1.7413295447958188e-07,0.0,-1.2003217698606975e-07,0.0,-1.8698277927152442e-07,0.0,-1.741329544795819e-07,0.0,9.218640118157533e-07,0.0,-1.7222421892125505e-07,0.0,-8.202808743364458e-08,0.0,-1.2003217698606978e-07,0.0,-1.7222421892125507e-07,0.0,8.163367707002817e-07
113026.39303449888,0.0,9.148228384685026e-07,0.0,-2.0280888412069738e-07,0.0,-1.946711573133221e-07,0.0,-8.540092716087785e-08,0.0,-2.0280888412069743e-07,0.0,9.314406304343004e-07,0.0,-1.8129297204264336e-07,0.0,-1.2496767295764662e-07,0.0,-1.946711573133221e-07,0.0,-1.8129297204264336e-07,0.0,9.597693154676766e-07,0.0,-1.793057528902048e-07,0.0,-8.540092716087785e-08,0.0,-1.2496767295764665e-07,0.0,-1.7930575289020477e-07,0.0,8.499029938948253e-07
117673.82442756946,0.0,9.524386223969409e-07,0.0,-2.1114800164494204e-07,0.0,-2.0267566691089162e-07,0.0,-8.891245167501197e-08,0.0,-2.11148001644942e-07,0.0,9.69739706521251e-07,0.0,-1.8874739597844817e-07,0.0,-1.301061071837577e-07,0.0,-2.0267566691089162e-07,0.0,-1.8874739597844817e-07,0.0,9.992332134746576e-07,0.0,-1.8667846613502843e-07,0.0,-8.891245167501193e-08,0.0,-1.301061071837577e-07,0.0,-1.8667846613502848e-07,0.0,8.848493966671927e-07
122512.34940483219,0.0,9.916010961772835e-07,0.0,-2.1983000790103178e-07,0.0,-2.1100930679556572e-07,0.0,-9.256836343204004e-08,0.0,-2.1983000790103178e-07,0.0,1.0096135681406171e-06,0.0,-1.965083317199151e-07,0.0,-1.3545582410139317e-07,0.0,-2.1100930679556572e-07,0.0,-1.9650833171991507e-07,0.0,1.0403197922871234e-06,0.0,-1.9435433139652842e-07,0.0,-9.256836343204008e-08,0.0,-1.3545582410139314e-07,0.0,-1.9435433139652842e-07,0.0,9.212327293898014e-07
127549.82537284824,0.0,1.0323738567693222e-06,0.0,-2.2886900182474594e-07,0.0,-2.1968561018191207e-07,0.0,-9.637459936215504e-08,0.0,-2.2886900182474594e-07,0.0,1.0511269674934065e-06,0.0,-2.045883824524574e-07,0.0,-1.4102551125500237e-07,0.0,-2.1968561018191204e-07,0.0,-2.0458838245245738e-07,0.0,1.0830957734690753e-06,0.0,-2.0234581371195307e-07,0.0,-9.637459936215505e-08,0.0,-1.4102551125500237e-07,0.0,-2.0234581371195307e-07,0.0,9.591120759029938e-07
132794.43281986716,0.0,1.0748231161194853e-06,0.0,-2.3827966207342214e-07,0.0,-2.2871866674467093e-07,0.0,-1.0033734051088436e-07,0.0,-2.3827966207342212e-07,0.0,1.0943473192685953e-06,0.0,-2.1300066958062248e-07,0.0,-1.4682421340442202e-07,0.0,-2.2871866674467093e-07,0.0,-2.1300066958062246e-07,0.0,1.1276306220489608e-06,0.0,-2.1066589065729332e-07,0.0,-1.0033734051088438e-07,0.0,-1.4682421340442202e-07,0.0,-2.1066589065729332e-07,0.0,9.985489494628172e-07
138254.68860033475,0.0,1.1190178086841386e-06,0.0,-2.4807727086301e-07,0.0,-2.381231454993449e-07,0.0,-1.0446302207665055e-07,0.0,-2.480772708630099e-07,0.0,1.139344810119594e-06,0.0,-2.2175885403628178e-07,0.0,-1.5286134721289717e-07,0.0,-2.381231454993449e-07,0.0,-2.217588540362818e-07,0.0,1.1739966593257428e-06,0.0,-2.1932807342190655e-07,0.0,-1.0446302207665051e-07,0.0,-1.528613472128972e-07,0.0,-2.193280734219065e-07,0.0,1.0396073926340021e-06
143939.4597656346,0.0,1.1650297033740467e-06,0.0,-2.5827773878525953e-07,0.0,-2.4791431862359507e-07,0.0,-1.0875834386105754e-07,0.0,-2.582777387852595e-07,0.0,1.1861925126421845e-06,0.0,-2.3087715846297402e-07,0.0,-1.5914671653904567e-07,0.0,-2.4791431862359507e-07,0.0,-2.3087715846297407e-07,0.0,1.2222691803133397e-06,0.0,-2.283464287496882e-07,0.0,-1.0875834386105755e-07,0.0,-1.5914671653904572e-07,0.0,-2.2834642874968815e-07,0.0,1.0823540812903461e-06
149857.97796352327,0.0,1.2129335201017682e-06,0.0,-2.688976306453445e-07,0.0,-2.5810808625812685e-07,0.0,-1.1323028114887261e-07,0.0,-2.688976306453445e-07,0.0,1.2349665040390049e-06,0.0,-2.4037039031242536e-07,0.0,-1.656905283575992e-07,0.0,-2.581080862581269e-07,0.0,-2.4037039031242547e-07,0.0,1.2725265760141545e-06,0.0,-2.37735601782423e-07,0.0,-1.132302811488727e-07,0.0,-1.6569052835759924e-07,0.0,-2.3773560178242298e-07,0.0,1.1268584328914026e-06
156019.85442964343,0.0,1.262807051121268e-06,0.0,-2.7995419236188077e-07,0.0,-2.687210023273427e-07,0.0,-1.1788609603537292e-07,0.0,-2.799541923618808e-07,0.0,1.2857459896632997e-06,0.0,-2.5025396589075577e-07,0.0,-1.7250340933477497e-07,0.0,-2.687210023273428e-07,0.0,-2.502539658907557e-07,0.0,1.324850460720264e-06,0.0,-2.4751083984241206e-07,0.0,-1.1788609603537299e-07,0.0,-1.72503409334775e-07,0.0,-2.4751083984241206e-07,0.0,1.173192719211299e-06
162435.09559545922,0.0,1.3147312873567842e-06,0.0,-2.9146537897302165e-07,0.0,-2.7977030142169e-07,0.0,-1.227333492194507e-07,0.0,-2.914653789730216e-07,0.0,1.3386134316425523e-06,0.0,-2.605439353934194e-07,0.0,-1.795964230851952e-07,0.0,-2.7977030142169006e-07,0.0,-2.605439353934193e-07,0.0,1.3793258045489903e-06,0.0,-2.5768801719299543e-07,0.0,-1.2273334921945077e-07,0.0,-1.795964230851952e-07,0.0,-2.576880171929955e-07,0.0,1.2214321837027475e-06
169114.11933796073,0.0,1.368790549926092e-06,0.0,-3.0344988379411174e-07,0.0,-2.9127392678536115e-07,0.0,-1.27779912281629e-07,0.0,-3.034498837941117e-07,0.0,1.3936546827908787e-06,0.0,-2.7125700896953435e-07,0.0,-1.8698108813837903e-07,0.0,-2.912739267853612e-07,0.0,-2.712570089695343e-07,0.0,1.4360410714280844e-06,0.0,-2.682836608171819e-07,0.0,-1.2777991228162903e-07,0.0,-1.8698108813837903e-07,0.0,-2.682836608171819e-07,0.0,1.2716551636868475e-06
176067.77189752526,0.0,1.4250726270717628e-06,0.0,-3.159271687742479e-07,0.0,-3.032505594547943e-07,0.0,-1.3303398046692589e-07,0.0,-3.1592716877424777e-07,0.0,1.4509591260276454e-06,0.0,-2.8241058385792875e-07,0.0,-1.9466939664398199e-07,0.0,-3.032505594547942e-07,0.0,-2.8241058385792886e-07,0.0,1.4950883627545999e-06,0.0,-2.793149772562463e-07,0.0,-1.3303398046692589e-07,0.0,-1.94669396643982e-07,0.0,-2.7931497725624624e-07,0.0,1.3239432175670986e-06
183307.3454914096,0.0,1.483668916722777e-06,0.0,-3.289174961010447e-07,0.0,-3.1571964859529493e-07,0.0,-1.3850408599332647e-07,0.0,-3.289174961010448e-07,0.0,1.5106198195287188e-06,0.0,-2.940227726389697e-07,0.0,-2.0267383384616011e-07,0.0,-3.15719648595295e-07,0.0,-2.940227726389697e-07,0.0,1.5565635669607486e-06,0.0,-2.907998805518797e-07,0.0,-1.3850408599332641e-07,0.0,-2.026738338461602e-07,0.0,-2.9079988055187974e-07,0.0,1.3783812572742154e-06
190844.596651474,0.0,1.5446745749179877e-06,0.0,-3.424419611049269e-07,0.0,-3.287014430850391e-07,0.0,-1.4419911190747225e-07,0.0,-3.4244196110492685e-07,0.0,1.5727336478460501e-06,0.0,-3.0611243264805153e-07,0.0,-2.1100739835868136e-07,0.0,-3.287014430850392e-07,0.0,-3.061124326480515e-07,0.0,1.62056651522961e-06,0.0,-3.027570213372662e-07,0.0,-1.441991119074723e-07,0.0,-2.1100739835868136e-07,0.0,-3.0275702133726606e-07,0.0,1.4350576861568102e-06
198691.7653159221,0.0,1.6081886703325014e-06,0.0,-3.565225265163866e-07,0.0,-3.4221702439775673e-07,0.0,-1.5012830651007364e-07,0.0,-3.565225265163866e-07,0.0,1.6374014792410302e-06,0.0,-3.186991965985162e-07,0.0,-2.1968362327371444e-07,0.0,-3.4221702439775673e-07,0.0,-3.1869919659851624e-07,0.0,1.687201143613601e-06,0.0,-3.1520581712433347e-07,0.0,-1.5012830651007366e-07,0.0,-2.196836232737145e-07,0.0,-3.152058171243334e-07,0.0,1.494064542541906e-06
206861.59470605347,0.0,1.674314345157868e-06,0.0,-3.711820581318322e-07,0.0,-3.562883408374826e-07,0.0,-1.5630129837446452e-07,0.0,-3.711820581318322e-07,0.0,1.7047283294870788e-06,0.0,-3.318035044637258e-07,0.0,-2.2871659813856823e-07,0.0,-3.5628834083748263e-07,0.0,-3.318035044637258e-07,0.0,1.7565756618189262e-06,0.0,-3.2816648383635436e-07,0.0,-1.563012983744646e-07,0.0,-2.287165981385681e-07,0.0,-3.2816648383635446e-07,0.0,1.5554976491983593e-06
215367.35202031257,0.0,1.74315898259737e-06,0.0,-3.864443619459495e-07,0.0,-3.7093824318097917e-07,0.0,-1.627281119826934e-07,0.0,-3.864443619459494e-07,0.0,1.7748235324074838e-06,0.0,-3.454466366700665e-07,0.0,-2.3812099183607391e-07,0.0,-3.7093824318097917e-07,0.0,-3.454466366700664e-07,0.0,1.828802728930135e-06,0.0,-3.4166006863711053e-07,0.0,-1.627281119826934e-07,0.0,-2.3812099183607391e-07,0.0,-3.4166006863711043e-07,0.0,1.6194567689459486e-06
224222.8499792374,0.0,1.8148343812483995e-06,0.0,-4.023342228108757e-07,0.0,-3.8619052178570716e-07,0.0,-1.6941918400454067e-07,0.0,-4.023342228108757e-07,0.0,1.8478009174254494e-06,0.0,-3.596507486547868e-07,0.0,-2.479120764057658e-07,0.0,-3.861905217857071e-07,0.0,-3.5965074865478684e-07,0.0,1.9039996363601413e-06,0.0,-3.5570848410992863e-07,0.0,-1.6941918400454052e-07,0.0,-2.479120764057658e-07,0.0,-3.5570848410992874e-07,0.0,1.6860457666628137e-06
233442.46925629553,0.0,1.8894569366551075e-06,0.0,-4.188774446849659e-07,0.0,-4.020699452236054e-07,0.0,-1.763853802458976e-07,0.0,-4.188774446849658e-07,0.0,1.923778994414654e-06,0.0,-3.7443890684478896e-07,0.0,-2.581057518445437e-07,0.0,-4.0206994522360533e-07,0.0,-3.74438906844789e-07,0.0,1.9822884983227963e-06,0.0,-3.7033454384209567e-07,0.0,-1.7638538024589772e-07,0.0,-2.581057518445437e-07,0.0,-3.703345438420956e-07,0.0,1.7553727779543313e-06
243041.181831034,0.0,1.9671478303261567e-06,0.0,-4.361008925365117e-07,0.0,-4.1860230050341977e-07,0.0,-1.836380132940321e-07,0.0,-4.361008925365117e-07,0.0,2.002881146150516e-06,0.0,-3.8983512611479843e-07,0.0,-2.6871857192709047e-07,0.0,-4.1860230050341977e-07,0.0,-3.898351261147986e-07,0.0,2.0637964501373405e-06,0.0,-3.855619994724353e-07,0.0,-1.8363801329403215e-07,0.0,-2.687185719270905e-07,0.0,-3.855619994724351e-07,0.0,1.827550384757337e-06
253034.57530246602,0.0,2.0480332265245266e-06,0.0,-4.5403253597046236e-07,0.0,-4.358144349468969e-07,0.0,-1.9118886088839245e-07,0.0,-4.540325359704623e-07,0.0,2.0852358286746904e-06,0.0,-4.0586440878574483e-07,0.0,-2.7976777108797865e-07,0.0,-4.3581443494689683e-07,0.0,-4.058644087857448e-07,0.0,2.148655854686755e-06,0.0,-4.0141557926221266e-07,0.0,-1.9118886088839238e-07,0.0,-2.7976777108797876e-07,0.0,-4.014155792622127e-07,0.0,1.9026957981648646e-06
263438.87820217875,0.0,2.1322444771489363e-06,0.0,-4.727014946489935e-07,0.0,-4.5373429978684803e-07,0.0,-1.9905018504678484e-07,0.0,-4.7270149464899353e-07,0.0,2.170976779898179e-06,0.0,-4.2255278522668e-07,0.0,-2.912712924091159e-07,0.0,-4.537342997868481e-07,0.0,-4.225527852266801e-07,0.0,2.2370045173652814e-06,0.0,-4.1792102825200146e-07,0.0,-1.9905018504678484e-07,0.0,-2.91271292409116e-07,0.0,-4.179210282520014e-07,0.0,1.9809310487682834e-06
274270.9863482682,0.0,2.2199183350396228e-06,0.0,-4.921380855796849e-07,0.0,-4.7239099555788514e-07,0.0,-2.0723475197798465e-07,0.0,-4.92138085579685e-07,0.0,2.260243236781807e-06,0.0,-4.399273561261732e-07,0.0,-3.0324781675798367e-07,0.0,-4.723909955578852e-07,0.0,-4.3992735612617333e-07,0.0,2.328985909864208e-06,0.0,-4.3510515006972465e-07,0.0,-2.0723475197798462e-07,0.0,-3.032478167579836e-07,0.0,-4.351051500697246e-07,0.0,2.0623831848259553e-06
285548.49028289574,0.0,2.3111971760548055e-06,0.0,-5.123738723480946e-07,0.0,-4.918148193535307e-07,0.0,-2.1575585281311143e-07,0.0,-5.123738723480948e-07,0.0,2.3531801614467253e-06,0.0,-4.5801633650182045e-07,0.0,-3.157167931239811e-07,0.0,-4.918148193535307e-07,0.0,-4.580163365018203e-07,0.0,2.424749403159245e-06,0.0,-4.5299585045776077e-07,0.0,-2.1575585281311135e-07,0.0,-3.1571679312398104e-07,0.0,-4.529958504577609e-07,0.0,2.147184478580194e-06
297289.70383802993,0.0,2.406229230278585e-06,0.0,-5.334417163746907e-07,0.0,-5.120373140264623e-07,0.0,-2.2462732518944626e-07,0.0,-5.334417163746906e-07,0.0,2.4499384765821995e-06,0.0,-4.768491015193499e-07,0.0,-3.286984702021485e-07,0.0,-5.120373140264622e-07,0.0,-4.768491015193498e-07,0.0,2.524450510077975e-06,0.0,-4.7162218258980917e-07,0.0,-2.2462732518944628e-07,0.0,-3.286984702021485e-07,0.0,-4.716221825898091e-07,0.0,2.2354726410576183e-06
309513.69387575274,0.0,2.5051688227356044e-06,0.0,-5.553758302793641e-07,0.0,-5.330913194117682e-07,0.0,-2.3386357572172882e-07,0.0,-5.553758302793643e-07,0.0,2.5506753105328655e-06,0.0,-4.964562341957152e-07,0.0,-3.4221392927554734e-07,0.0,-5.330913194117679e-07,0.0,-4.964562341957151e-07,0.0,2.6282511378411545e-06,0.0,-4.91014394251091e-07,0.0,-2.3386357572172877e-07,0.0,-3.4221392927554744e-07,0.0,-4.910143942510911e-07,0.0,2.3273910457016562e-06
322240.3112514332,0.0,2.608176624003481e-06,0.0,-5.782118334401925e-07,0.0,-5.55011025656409e-07,0.0,-2.4347960339743373e-07,0.0,-5.782118334401926e-07,0.0,2.655554252463551e-06,0.0,-5.168695750636521e-07,0.0,-3.562851184497052e-07,0.0,-5.550110256564091e-07,0.0,-5.168695750636522e-07,0.0,2.736319850988072e-06,0.0,-5.112039769585161e-07,0.0,-2.434796033974338e-07,0.0,-3.5628511844970525e-07,0.0,-5.112039769585163e-07,0.0,2.4230889612004137e-06
335490.223050048,0.0,2.7154199111299342e-06,0.0,-6.019868098366747e-07,0.0,-5.778320287414891e-07,0.0,-2.534910239340174e-07,0.0,-6.019868098366745e-07,0.0,2.7647456180159637e-06,0.0,-5.381222738783494e-07,0.0,-3.7093488829471447e-07,0.0,-5.778320287414891e-07,0.0,-5.381222738783493e-07,0.0,2.848832145112878e-06,0.0,-5.322237171005755e-07,0.0,-2.5349102393401734e-07,0.0,-3.709348882947144e-07,0.0,-5.322237171005754e-07,0.0,2.522721793887977e-06
349284.946147998,0.0,2.8270728392783344e-06,0.0,-6.267393682713697e-07,0.0,-6.01591388287494e-07,0.0,-2.639140951376868e-07,0.0,-6.267393682713698e-07,0.0,2.8784267258886995e-06,0.0,-5.602488434501951e-07,0.0,-3.8618702895286777e-07,0.0,-6.015913882874943e-07,0.0,-5.602488434501951e-07,0.0,2.965970731856459e-06,0.0,-5.541077491800106e-07,0.0,-2.639140951376869e-07,0.0,-3.86187028952868e-07,0.0,-5.541077491800108e-07,0.0,2.6264513401128073e-06
363646.88215492363,0.0,2.9433167245428e-06,0.0,-6.525097050677357e-07,0.0,-6.263276877363734e-07,0.0,-2.7476574330487456e-07,0.0,-6.525097050677357e-07,0.0,2.996782185789688e-06,0.0,-5.832852156910316e-07,0.0,-4.0206630877208943e-07,0.0,-6.263276877363736e-07,0.0,-5.832852156910317e-07,0.0,3.0879258356166064e-06,0.0,-5.768916112457207e-07,0.0,-2.7476574330487446e-07,0.0,-4.020663087720896e-07,0.0,-5.768916112457207e-07,0.0,2.7344460489830294e-06
378599.3537922616,0.0,3.0643403383921263e-06,0.0,-6.79339669345984e-07,0.0,-6.520810970081949e-07,0.0,-2.8606359070929116e-07,0.0,-6.793396693459844e-07,0.0,3.1200041982286938e-06,0.0,-6.072687999649183e-07,0.0,-4.1859851452789927e-07,0.0,-6.52081097008195e-07,0.0,-6.072687999649183e-07,0.0,3.214895502458381e-06,0.0,-6.006123026039239e-07,0.0,-2.860635907092912e-07,0.0,-4.185985145278991e-07,0.0,-6.00612302603924e-07,0.0,2.846881295915328e-06
394166.6427676185,0.0,3.1903402142206713e-06,0.0,-7.072728309829561e-07,0.0,-6.788934377341231e-07,0.0,-2.978259842191946e-07,0.0,-7.072728309829559e-07,0.0,3.248292866636733e-06,0.0,-6.322385438381719e-07,0.0,-4.358104932992271e-07,0.0,-6.788934377341231e-07,0.0,-6.32238543838172e-07,0.0,3.347085921726253e-06,0.0,-6.253083439022935e-07,0.0,-2.9782598421919466e-07,0.0,-4.358104932992271e-07,0.0,-6.253083439022935e-07,0.0,2.9639396674316456e-06
410374.0292064678,0.0,3.321520966504066e-06,0.0,-7.363545513663772e-07,0.0,-7.068082511716536e-07,0.0,-3.100720250913464e-07,0.0,-7.363545513663772e-07,0.0,3.381856522319226e-06,0.0,-6.582349963273335e-07,0.0,-4.537301960660854e-07,0.0,-7.068082511716537e-07,0.0,-6.582349963273331e-07,0.0,3.4847117608803588e-06,0.0,-6.510198396846402e-07,0.0,-3.1007202509134637e-07,0.0,-4.537301960660854e-07,0.0,-6.510198396846404e-07,0.0,3.085811257666185e-06
427247.8327052035,0.0,3.4580956230779633e-06,0.0,-7.666320570583969e-07,0.0,-7.358708689123953e-07,0.0,-3.2282159999003975e-07,0.0,-7.666320570583969e-07,0.0,3.520912062770647e-06,0.0,-6.853003737477702e-07,0.0,-4.723867230998906e-07,0.0,-7.358708689123952e-07,0.0,-6.8530037374777e-07,0.0,3.6279965141005603e-06,0.0,-6.777885435177235e-07,0.0,-3.228215999900397e-07,0.0,-4.723867230998903e-07,0.0,-6.777885435177237e-07,0.0,3.212693977064221e-06
444815.45507221454,0.0,3.6002859710794827e-06,0.0,-7.981545164880261e-07,0.0,-7.661284864972154e-07,0.0,-3.3609541328156877e-07,0.0,-7.981545164880263e-07,0.0,3.665685303899964e-06,0.0,-7.134786282698455e-07,0.0,-4.918103712201483e-07,0.0,-7.661284864972154e-07,0.0,-7.134786282698455e-07,0.0,3.777172865224446e-06,0.0,-7.056579257959518e-07,0.0,-3.360954132815689e-07,0.0,-4.918103712201483e-07,0.0,-7.056579257959518e-07,0.0,3.344793873774002e-06
463105.42482639855,0.0,3.748322917113126e-06,0.0,-8.309731197970352e-07,0.0,-7.976302400583137e-07,0.0,-3.499150206565911e-07,0.0,-8.30973119797035e-07,0.0,3.816411346739017e-06,0.0,-7.428155192939977e-07,0.0,-5.12032682994253e-07,0.0,-7.976302400583136e-07,0.0,-7.428155192939979e-07,0.0,3.932483065608702e-06,0.0,-7.346732443340921e-07,0.0,-3.4991502065659113e-07,0.0,-5.12032682994253e-07,0.0,-7.346732443340923e-07,0.0,3.4823254682537276e-06
482147.44352536264,0.0,3.902446862226013e-06,0.0,-8.651411619689518e-07,0.0,-8.304272861126615e-07,0.0,-3.6430286413497185e-07,0.0,-8.651411619689516e-07,0.0,3.973334959229166e-06,0.0,-7.73358687760615e-07,0.0,-5.330864979602776e-07,0.0,-8.304272861126613e-07,0.0,-7.73358687760615e-07,0.0,4.09417932752736e-06,0.0,-7.648816178626091e-07,0.0,-3.643028641349718e-07,0.0,-5.330864979602778e-07,0.0,-7.648816178626092e-07,0.0,3.6255121016368794e-06
501972.43399855646,0.0,4.0629080923013834e-06,0.0,-9.007141293761721e-07,0.0,-8.645728846363991e-07,0.0,-3.7928230850996434e-07,0.0,-9.007141293761718e-07,0.0,4.136710973706326e-06,0.0,-8.051577335154002e-07,0.0,-5.550060059559574e-07,0.0,-8.645728846363993e-07,0.0,-8.051577335154005e-07,0.0,4.262524233745883e-06,0.0,-7.96332102544998e-07,0.0,-3.7928230850996423e-07,0.0,-5.550060059559575e-07,0.0,-7.963321025449978e-07,0.0,3.774586298421706e-06
522612.5905636587,0.0,4.2299671845043706e-06,0.0,-9.377497898857237e-07,0.0,-9.001224855551e-07,0.0,-3.9487767929090563e-07,0.0,-9.377497898857237e-07,0.0,4.306804700729831e-06,0.0,-8.382642958558504e-07,0.0,-5.778268026404542e-07,0.0,-9.001224855550999e-07,0.0,-8.382642958558506e-07,0.0,4.437791163936136e-06,0.0,-8.290757716413631e-07,0.0,-3.9487767929090563e-07,0.0,-5.778268026404543e-07,0.0,-8.290757716413631e-07,0.0,3.92979014407379e-06
544101.4313077674,0.0,4.40389543044e-06,0.0,-9.763082866700124e-07,0.0,-9.371338187903427e-07,0.0,-4.111143022060437e-07,0.0,-9.76308286670006e-07,0.0,4.48389235992716e-06,0.0,-8.727321373896578e-07,0.0,-6.015859472990742e-07,0.0,-9.371338187903395e-07,0.0,-8.727321373896569e-07,0.0,4.620264738624768e-06,0.0,-8.631657984476141e-07,0.0,-4.111143022060426e-07,0.0,-6.015859472990759e-07,0.0,-8.63165798447618e-07,0.0,4.091375678154961e-06
566473.8525182931,0.0,4.584975276710782e-06,0.0,-1.0164522358748635e-06,0.0,-9.756669880088343e-07,0.0,-4.280185443296457e-07,0.0,-1.0164522358748647e-06,0.0,4.668261528554096e-06,0.0,-9.086172313411884e-07,0.0,-6.263220230248064e-07,0.0,-9.756669880088351e-07,0.0,-9.086172313411883e-07,0.0,4.8102412813958586e-06,0.0,-8.986575426449707e-07,0.0,-4.280185443296459e-07,0.0,-6.263220230248062e-07,0.0,-8.986575426449702e-07,0.0,4.259605303616842e-06
589766.1853519479,0.0,4.7735007835889235e-06,0.0,-1.0582468283035511e-06,0.0,-1.0157845682263215e-06,0.0,-4.45617856900177e-07,0.0,-1.0582468283035505e-06,0.0,4.8602116084990805e-06,0.0,-9.459778524478965e-07,0.0,-6.520751993744079e-07,0.0,-1.015784568226321e-06,0.0,-9.459778524478971e-07,0.0,5.0080293000985245e-06,0.0,-9.35608640199972e-07,0.0,-4.45617856900177e-07,0.0,-6.520751993744077e-07,0.0,-9.356086401999722e-07,0.0,4.4347522129239064e-06
614016.2548338557,0.0,4.9697781025486264e-06,0.0,-1.101759935281793e-06,0.0,-1.0575517074247784e-06,0.0,-4.639408198990804e-07,0.0,-1.101759935281794e-06,0.0,5.060054312489546e-06,0.0,-9.848746715941443e-07,0.0,-6.788872976007955e-07,0.0,-1.057551707424778e-06,0.0,-9.848746715941439e-07,0.0,5.21394998784081e-06,0.0,-9.740790969610407e-07,0.0,-4.639408198990804e-07,0.0,-6.788872976007953e-07,0.0,-9.740790969610407e-07,0.0,4.617100831697754e-06
639263.4412825939,0.0,5.174125973433339e-06,0.0,-1.1470622188757937e-06,0.0,-1.1010362323479165e-06,0.0,-4.830171884625512e-07,0.0,-1.1470622188757941e-06,0.0,5.268114170290434e-06,0.0,-1.0253708543362536e-06,0.0,-7.068018585676631e-07,0.0,-1.1010362323479176e-06,0.0,-1.0253708543362533e-06,0.0,5.42833774458356e-06,0.0,-1.0141313861035302e-06,0.0,-4.830171884625511e-07,0.0,-7.068018585676629e-07,0.0,-1.0141313861035298e-06,0.0,4.806947280603313e-06
665548.7442609189,0.0,5.38687624206569e-06,0.0,-1.1942272466421976e-06,0.0,-1.1463087586467962e-06,0.0,-5.028779412016774e-07,0.0,-1.1942272466421965e-06,0.0,5.48472905571649e-06,0.0,-1.0675321634786895e-06,0.0,-7.358642134566254e-07,0.0,-1.1463087586467947e-06,0.0,-1.067532163478689e-06,0.0,5.651540720181191e-06,0.0,-1.0558305495815422e-06,0.0,-5.028779412016778e-07,0.0,-7.358642134566256e-07,0.0,-1.0558305495815435e-06,0.0,5.004599856226887e-06
692914.8491560178,0.0,5.608374399140571e-06,0.0,-1.2433316110963528e-06,0.0,-1.1934428055544108e-06,0.0,-5.235553305094126e-07,0.0,-1.243331611096357e-06,0.0,5.710250735314279e-06,0.0,-1.1114270658679797e-06,0.0,-7.661215573816999e-07,0.0,-1.1934428055544153e-06,0.0,-1.11142706586798e-06,0.0,5.883921379751278e-06,0.0,-1.0992443037512478e-06,0.0,-5.235553305094124e-07,0.0,-7.661215573816983e-07,0.0,-1.099244303751245e-06,0.0,5.2103795317269725e-06
721406.1964974249,0.0,5.838980141276396e-06,0.0,-1.2944550540929168e-06,0.0,-1.2425149152754987e-06,0.0,-5.4508293493607e-07,0.0,-1.2944550540929139e-06,0.0,5.945045439605212e-06,0.0,-1.1571268435778355e-06,0.0,-7.976230260306796e-07,0.0,-1.2425149152754947e-06,0.0,-1.157126843577835e-06,0.0,6.12585709229117e-06,0.0,-1.144443149337232e-06,0.0,-5.450829349360706e-07,0.0,-7.976230260306808e-07,0.0,-1.1444431493372345e-06,0.0,5.424620478070967e-06
751069.0541251499,0.0,6.0790679551359495e-06,0.0,-1.3476805963206824e-06,0.0,-1.2936047772854002e-06,0.0,-5.67495713718418e-07,0.0,-1.3476805963206834e-06,0.0,6.189494457816523e-06,0.0,-1.2047057096659216e-06,0.0,-8.304197754578634e-07,0.0,-1.293604777285401e-06,0.0,-1.2047057096659216e-06,0.0,6.377740743497187e-06,0.0,-1.191500485920475e-06,0.0,-5.674957137184181e-07,0.0,-8.30419775457863e-07,0.0,-1.1915004859204744e-06,0.0,5.647670606704059e-06
781951.5923252275,0.0,6.329027725564821e-06,0.0,-1.4030946721220834e-06,0.0,-1.3467953577398875e-06,0.0,-5.908300635508755e-07,0.0,-1.4030946721220832e-06,0.0,6.44399475706709e-06,0.0,-1.254240928690417e-06,0.0,-8.645650651576889e-07,0.0,-1.3467953577398877e-06,0.0,-1.2542409286904168e-06,0.0,6.639981373782065e-06,0.0,-1.2404927311338139e-06,0.0,-5.908300635508757e-07,0.0,-8.645650651576889e-07,0.0,-1.2404927311338139e-06,0.0,5.879892134531687e-06
814103.9620546977,0.0,6.589265368735693e-06,0.0,-1.4607872698561332e-06,0.0,-1.40217303420605e-06,0.0,-6.151238776910647e-07,0.0,-1.4607872698561334e-06,0.0,6.708959627012409e-06,0.0,-1.3058129421819063e-06,0.0,-9.00114344554222e-07,0.0,-1.40217303420605e-06,0.0,-1.3058129421819065e-06,0.0,6.913004842526204e-06,0.0,-1.291499444758544e-06,0.0,-6.151238776910649e-07,0.0,-9.00114344554222e-07,0.0,-1.2914994447585442e-06,0.0,6.1216621721329865e-06
847578.3763830496,0.0,6.8602034913261086e-06,0.0,-1.5208520780328817e-06,0.0,-1.4598277359330787e-06,0.0,-6.404166074956519e-07,0.0,-1.5208520780328815e-06,0.0,6.984819350996542e-06,0.0,-1.3595054992744912e-06,0.0,-9.37125343046914e-07,0.0,-1.4598277359330783e-06,0.0,-1.3595054992744912e-06,0.0,7.1972545196418625e-06,0.0,-1.3446034579236087e-06,0.0,-6.404166074956519e-07,0.0,-9.371253430469142e-07,0.0,-1.344603457923609e-06,0.0,6.373373336160476e-06
882429.1952823831,0.0,7.142282076800468e-06,0.0,-1.5833866374566154e-06,0.0,-1.51985308989071e-06,0.0,-6.667493264864319e-07,0.0,-1.5833866374566156e-06,0.0,7.272021904800407e-06,0.0,-1.4154057927081823e-06,0.0,-9.756581637588754e-07,0.0,-1.5198530898907109e-06,0.0,-1.4154057927081817e-06,0.0,7.4931920055730595e-06,0.0,-1.3998910076172266e-06,0.0,-6.667493264864314e-07,0.0,-9.75658163758876e-07,0.0,-1.3998910076172255e-06,0.0,6.635434386920437e-06
918713.0139039808,0.0,7.435959199910594e-06,0.0,-1.6484924996249155e-06,0.0,-1.5823465728125018e-06,0.0,-6.941647970506901e-07,0.0,-1.6484924996249157e-06,0.0,7.571033684121268e-06,0.0,-1.4736046004234546e-06,0.0,-1.015775381139903e-06,0.0,-1.5823465728125018e-06,0.0,-1.473604600423455e-06,0.0,7.801297880900561e-06,0.0,-1.4574518767293756e-06,0.0,-6.941647970506902e-07,0.0,-1.015775381139903e-06,0.0,-1.4574518767293762e-06,0.0,6.908270892169445e-06
956488.7544846472,0.0,7.741711770575279e-06,0.0,-1.7162753916407605e-06,0.0,-1.647409669490828e-06,0.0,-7.227075398841539e-07,0.0,-1.7162753916407599e-06,0.0,7.882340261964893e-06,0.0,-1.534196432977914e-06,0.0,-1.0575421425827517e-06,0.0,-1.6474096694908284e-06,0.0,-1.5341964329779144e-06,0.0,8.122072486769158e-06,0.0,-1.5173795398525724e-06,0.0,-7.227075398841534e-07,0.0,-1.0575421425827521e-06,0.0,-1.5173795398525722e-06,0.0,7.192325918204847e-06
995817.7620320608,0.0,8.060036308346665e-06,0.0,-1.786845387905534e-06,0.0,-1.715148037580682e-06,0.0,-7.524239062893092e-07,0.0,-1.7868453879055337e-06,0.0,8.206447177180146e-06,0.0,-1.5972796870244433e-06,0.0,-1.1010262742176866e-06,0.0,-1.7151480375806821e-06,0.0,-1.5972796870244435e-06,0.0,8.456036737404695e-06,0.0,-1.579771315077684e-06,0.0,-7.524239062893094e-07,0.0,-1.1010262742176866e-06,0.0,-1.5797713150776834e-06,0.0,7.488060749371731e-06
1036763.9039445297,0.0,8.391449748721302e-06,0.0,-1.8603170888717042e-06,0.0,-1.7856716791798871e-06,0.0,-7.833621534464878e-07,0.0,-1.8603170888717042e-06,0.0,8.543880755416701e-06,0.0,-1.6629568051000912e-06,0.0,-1.1462983910570954e-06,0.0,-1.7856716791798865e-06,0.0,-1.6629568051000912e-06,0.0,8.80373296604023e-06,0.0,-1.644728522031315e-06,0.0,-7.83362153446488e-07,0.0,-1.1462983910570957e-06,0.0,-1.6447285220313153e-06,0.0,7.79595563715451e-06
1079393.6737269145,0.0,8.736490282605071e-06,0.0,-1.9368098071454677e-06,0.0,-1.859095119464355e-06,0.0,-8.155725227799514e-07,0.0,-1.936809807145469e-06,0.0,8.895188963838904e-06,0.0,-1.7313344419851613e-06,0.0,-1.1934320116690424e-06,0.0,-1.8590951194643552e-06,0.0,-1.731334441985161e-06,0.0,9.165725805625014e-06,0.0,-1.7123566464113742e-06,0.0,-8.155725227799518e-07,0.0,-1.1934320116690415e-06,0.0,-1.7123566464113747e-06,0.0,8.11651058006981e-06
1123776.2989711692,0.0,9.095718230295478e-06,0.0,-2.0164477612416147e-06,0.0,-1.9355375926685143e-06,0.0,-8.491073215462557e-07,0.0,-2.0164477612416143e-06,0.0,9.260942300983974e-06,0.0,-1.8025236379027008e-06,0.0,-1.2425036775659881e-06,0.0,-1.9355375926685148e-06,0.0,-1.8025236379027008e-06,0.0,9.54260310574672e-06,0.0,-1.782765511288058e-06,0.0,-8.491073215462559e-07,0.0,-1.2425036775659877e-06,0.0,-1.7827655112880573e-06,0.0,8.450246135627097e-06
1169983.8537768237,0.0,9.469716951400338e-06,0.0,-2.09936027730519e-06,0.0,-2.0151232357128783e-06,0.0,-8.840210077773602e-07,0.0,-2.0993602773051893e-06,0.0,9.641734723209367e-06,0.0,-1.8766399988395983e-06,0.0,-1.2935930775025408e-06,0.0,-2.0151232357128774e-06,0.0,-1.876639998839598e-06,0.0,9.934976887255625e-06,0.0,-1.8560694554483781e-06,0.0,-8.840210077773604e-07,0.0,-1.293593077502542e-06,0.0,-1.856069455448378e-06,0.0,8.797704265675514e-06
1218091.3757939884,0.0,9.859093792170579e-06,0.0,-2.1856819991275874e-06,0.0,-2.0979812897932115e-06,0.0,-9.203702787164426e-07,0.0,-2.185681999127588e-06,0.0,1.0038184609233978e-05,0.0,-1.9538038842821475e-06,0.0,-1.346783176884097e-06,0.0,-2.097981289793212e-06,0.0,-1.953803884282147e-06,0.0,1.0343484336141191e-05,0.0,-1.932387519073897e-06,0.0,-9.203702787164426e-07,0.0,-1.3467831768840975e-06,0.0,-1.932387519073897e-06,0.0,9.15944921650987e-06
1268176.9880789472,0.0,1.0264481071785647e-05,0.0,-2.2755531067981107e-06,0.0,-2.184246310258681e-06,0.0,-9.582141628900278e-07,0.0,-2.275553106798111e-06,0.0,1.0450935764339409e-05,0.0,-2.034140602670959e-06,0.0,-1.4021603524965206e-06,0.0,-2.1842463102586816e-06,0.0,-2.0341406026709588e-06,0.0,1.076878883827497e-05,0.0,-2.0118436370531756e-06,0.0,-9.582141628900282e-07,0.0,-1.4021603524965204e-06,0.0,-2.011843637053175e-06,0.0,9.536068435164838e-06
1320322.0259602196,0.0,1.068653710919306e-05,0.0,-2.36911954434606e-06,0.0,-2.27405838511978e-06,0.0,-9.976141159659482e-07,0.0,-2.36911954434606e-06,0.0,1.0880658465862123e-05,0.0,-2.117780614892588e-06,0.0,-1.4598145327756524e-06,0.0,-2.2740583851197794e-06,0.0,-2.117780614892588e-06,0.0,1.1211581056700173e-05,0.0,-2.0945668402428577e-06,0.0,-9.976141159659482e-07,0.0,-1.459814532775652e-06,0.0,-2.0945668402428577e-06,0.0,9.928173523385474e-06
1374611.1691211173,0.0,1.1125947292169671e-05,0.0,-2.4665332567430384e-06,0.0,-2.3675633625408922e-06,0.0,-1.038634120552798e-06,0.0,-2.466533256743038e-06,0.0,1.132805055167424e-05,0.0,-2.2048597461383634e-06,0.0,-1.5198393438444363e-06,0.0,-2.3675633625408927e-06,0.0,-2.204859746138363e-06,0.0,1.1672580053217365e-05,0.0,-2.1806914650042415e-06,0.0,-1.0386341205527989e-06,0.0,-1.519839343844436e-06,0.0,-2.180691465004242e-06,0.0,1.0336401230823227e-05
1431132.5791132837,0.0,1.15834251903407e-05,0.0,-2.5679524366503435e-06,0.0,-2.464913087686924e-06,0.0,-1.0813407901029612e-06,0.0,-2.5679524366503435e-06,0.0,1.179383855342061e-05,0.0,-2.2955194064744483e-06,0.0,-1.5823322615548169e-06,0.0,-2.464913087686922e-06,0.0,-2.295519406474449e-06,0.0,1.2152534456087598e-05,0.0,-2.2703573713555835e-06,0.0,-1.0813407901029605e-06,0.0,-1.5823322615548169e-06,0.0,-2.2703573713555835e-06,0.0,1.0761414489070232e-05
1489978.0425245308,0.0,1.2059713713964029e-05,0.0,-2.6735417813121487e-06,0.0,-2.566265649308612e-06,0.0,-1.1258034770879206e-06,0.0,-2.6735417813121487e-06,0.0,1.2278778876352447e-05,0.0,-2.3899068204813307e-06,0.0,-1.64739476978131e-06,0.0,-2.566265649308612e-06,0.0,-2.3899068204813294e-06,0.0,1.2652223675749352e-05,0.0,-2.3637101700944244e-06,0.0,-1.125803477087921e-06,0.0,-1.6473947697813098e-06,0.0,-2.3637101700944244e-06,0.0,1.1203903488211184e-05
1551243.1200334697,0.0,1.2555586320361485e-05,0.0,-2.783472760011641e-06,0.0,-2.671785636466967e-06,0.0,-1.172094385621554e-06,0.0,-2.783472760011641e-06,0.0,1.2783659027673516e-05,0.0,-2.4881752663356385e-06,0.0,-1.7151325252233071e-06,0.0,-2.6717856364669675e-06,0.0,-2.488175266335638e-06,0.0,1.3172459170523396e-05,0.0,-2.4609014592587524e-06,0.0,-1.1720943856215543e-06,0.0,-1.7151325252233071e-06,0.0,-2.460901459258753e-06,0.0,1.1664586797640982e-05
1615027.3015929707,0.0,1.307184826995624e-05,0.0,-2.897923892524433e-06,0.0,-2.7816444058137075e-06,0.0,-1.2202886887142532e-06,0.0,-2.8979238925244338e-06,0.0,1.330929889539347e-05,0.0,-2.590484324722558e-06,0.0,-1.7856555289837292e-06,0.0,-2.7816444058137084e-06,0.0,-2.590484324722558e-06,0.0,1.3714085764361023e-05,0.0,-2.562089070310987e-06,0.0,-1.220288688714253e-06,0.0,-1.785655528983729e-06,0.0,-2.562089070310987e-06,0.0,1.2144212532968166e-05
1681434.1679945018,0.0,1.360933793395626e-05,0.0,-3.0170810390214996e-06,0.0,-2.896020359861816e-06,0.0,-1.2704646503483491e-06,0.0,-3.0170810390214996e-06,0.0,1.3856552079765446e-05,0.0,-2.6970001379830734e-06,0.0,-1.8590783052026927e-06,0.0,-2.896020359861816e-06,0.0,-2.6970001379830738e-06,0.0,1.4277983018775723e-05,0.0,-2.667437324444616e-06,0.0,-1.2704646503483493e-06,0.0,-1.8590783052026927e-06,0.0,-2.667437324444616e-06,0.0,1.2643559570899456e-05
1750571.5590756596,0.0,1.4168928155807063e-05,0.0,-3.1411377018923214e-06,0.0,-3.0150992366979953e-06,0.0,-1.3227037525730209e-06,0.0,-3.1411377018923206e-06,0.0,1.442630727946965e-05,0.0,-2.807895679916822e-06,0.0,-1.9355200870362327e-06,0.0,-3.0150992366979953e-06,0.0,-2.8078956799168225e-06,0.0,1.4865066661185951e-05,0.0,-2.7771172994296408e-06,0.0,-1.3227037525730207e-06,0.0,-1.9355200870362323e-06,0.0,-2.777117299429641e-06,0.0,1.3163438814077801e-05
1822551.7488440895,0.0,1.4751527668624903e-05,0.0,-3.27029533997846e-06,0.0,-3.1390744116075926e-06,0.0,-1.377090827825113e-06,0.0,-3.2702953399784603e-06,0.0,1.5019489734794252e-05,0.0,-2.9233510366787517e-06,0.0,-2.0151050102821227e-06,0.0,-3.139074411607592e-06,0.0,-2.923351036678752e-06,0.0,1.547629007198871e-05,0.0,-2.891307107430228e-06,0.0,-1.3770908278251128e-06,0.0,-2.015105010282123e-06,0.0,-2.8913071074302273e-06,0.0,1.3704694507928294e-05
1897491.6278021662,0.0,1.5358082570912094e-05,0.0,-3.404763695727797e-06,0.0,-3.2681472111017443e-06,0.0,-1.4337141966907392e-06,0.0,-3.404763695727798e-06,0.0,1.5637062730157155e-05,0.0,-3.04355369922571e-06,0.0,-2.0979623149672336e-06,0.0,-3.2681472111017447e-06,0.0,-3.0435536992257087e-06,0.0,1.6112645832778764e-05,0.0,-3.0101921842456684e-06,0.0,-1.4337141966907403e-06,0.0,-2.0979623149672332e-06,0.0,-3.0101921842456692e-06,0.0,1.4268205611650276e-05
1975512.8927685209,0.0,1.5989577862950987e-05,0.0,-3.5447611358007723e-06,0.0,-3.402527239856741e-06,0.0,-1.4926658113313789e-06,0.0,-3.5447611358007727e-06,0.0,1.6280029158408666e-05,0.0,-3.1686988677878843e-06,0.0,-2.1842265552237667e-06,0.0,-3.4025272398567415e-06,0.0,-3.168698867787884e-06,0.0,1.6775167338227708e-05,0.0,-3.133965590444417e-06,0.0,-1.4926658113313789e-06,0.0,-2.1842265552237667e-06,0.0,-3.1339655904444173e-06,0.0,1.4854887225582048e-05
2056742.2445046713,0.0,1.6647039046371576e-05,0.0,-3.690515005681657e-06,0.0,-3.5424327210965153e-06,0.0,-1.5540414048073811e-06,0.0,-3.6905150056816597e-06,0.0,1.694943314945521e-05,0.0,-3.298989768859541e-06,0.0,-2.274037817795212e-06,0.0,-3.5424327210965166e-06,0.0,-3.2989897688595396e-06,0.0,1.7464930474240484e-05,0.0,-3.2628283248801534e-06,0.0,-1.5540414048073818e-06,0.0,-2.274037817795212e-06,0.0,-3.262828324880154e-06,0.0,1.5465692077256094e-05
2141311.593467683,0.0,1.7331533789490213e-05,0.0,-3.842261998870827e-06,0.0,-3.688090850971e-06,0.0,-1.617940646541377e-06,0.0,-3.842261998870827e-06,0.0,1.7646361765849113e-05,0.0,-3.4346379852238024e-06,0.0,-2.367541949526862e-06,0.0,-3.6880908509709996e-06,0.0,-3.4346379852238024e-06,0.0,1.818305536511444e-05,0.0,-3.396989651099055e-06,0.0,-1.6179406465413767e-06,0.0,-2.3675419495268615e-06,0.0,-3.3969896510990555e-06,0.0,1.6101612068558143e-05
2229358.2740229913,0.0,1.8044173661124006e-05,0.0,-4.000248541257464e-06,0.0,-3.839738167505879e-06,0.0,-1.6844673041740408e-06,0.0,-4.000248541257463e-06,0.0,1.8371946768097674e-05,0.0,-3.5758637995474433e-06,0.0,-2.4648907942102765e-06,0.0,-3.839738167505879e-06,0.0,-3.5758637995474433e-06,0.0,1.893070819253835e-05,0.0,-3.5366674371683155e-06,0.0,-1.6844673041740415e-06,0.0,-2.464890794210277e-06,0.0,-3.536667437168316e-06,0.0,1.6763679886502375e-05
2321025.2674652506,0.0,1.8786115935696325e-05,0.0,-4.164731191296993e-06,0.0,-3.997620934722829e-06,0.0,-1.7537294120750647e-06,0.0,-4.164731191296993e-06,0.0,1.9127366452558573e-05,0.0,-3.7228965521036385e-06,0.0,-2.5662424391663933e-06,0.0,-3.997620934722827e-06,0.0,-3.7228965521036385e-06,0.0,1.9709103089385177e-05,0.0,-3.682088509477762e-06,0.0,-1.7537294120750645e-06,0.0,-2.5662424391663924e-06,0.0,-3.6820885094777626e-06,0.0,1.745297068023879e-05
2416461.434209381,0.0,1.9558565472564862e-05,0.0,-4.33597705664303e-06,0.0,-4.161995542554084e-06,0.0,-1.8258394467829868e-06,0.0,-4.335977056643031e-06,0.0,1.9913847564905962e-05,0.0,-3.875975013203602e-06,0.0,-2.671761471967622e-06,0.0,-4.161995542554085e-06,0.0,-3.875975013203601e-06,0.0,2.051950411137404e-05,0.0,-3.833489021089137e-06,0.0,-1.8258394467829866e-06,0.0,-2.6717614719676226e-06,0.0,-3.833489021089136e-06,0.0,1.8170603807015865e-05
2515821.7555288514,0.0,2.0362776672623902e-05,0.0,-4.514264227910407e-06,0.0,-4.333128923200682e-06,0.0,-1.9009145096587474e-06,0.0,-4.514264227910407e-06,0.0,2.0732667292274545e-05,0.0,-4.035347770941882e-06,0.0,-2.781619247715879e-06,0.0,-4.333128923200679e-06,0.0,-4.0353477709418816e-06,0.0,2.1363227289803076e-05,0.0,-3.991114835231169e-06,0.0,-1.900914509658747e-06,0.0,-2.781619247715878e-06,0.0,-3.99111483523117e-06,0.0,1.8917744649933802e-05
2619267.5852338253,0.0,2.1200055515358885e-05,0.0,-4.69988223027382e-06,0.0,-4.511298984610652e-06,0.0,-1.9790765170496637e-06,0.0,-4.69988223027382e-06,0.0,2.1585155337317178e-05,0.0,-4.201273634885073e-06,0.0,-2.8959941673106116e-06,0.0,-4.511298984610652e-06,0.0,-4.201273634885073e-06,0.0,2.2241642768687064e-05,0.0,-4.155221924563312e-06,0.0,-1.9790765170496637e-06,0.0,-2.8959941673106116e-06,0.0,-4.155221924563312e-06,0.0,1.9695606510440633e-05
2726966.9116977938,0.0,2.207176167966018e-05,0.0,-4.893132493635238e-06,0.0,-4.696795061780934e-06,0.0,-2.060452398272534e-06,0.0,-4.893132493635239e-06,0.0,2.2472696077543483e-05,0.0,-4.374022056359375e-06,0.0,-3.0150719671586537e-06,0.0,-4.696795061780934e-06,0.0,-4.374022056359375e-06,0.0,2.3156177029769797e-05,0.0,-4.326076786856364e-06,0.0,-2.060452398272535e-06,0.0,-3.0150719671586537e-06,0.0,-4.326076786856365e-06,0.0,2.0505452578643874e-05
2839094.630658269,0.0,2.2979310751841144e-05,0.0,-5.09432884212379e-06,0.0,-4.889918386616011e-06,0.0,-2.1451743017374723e-06,0.0,-5.094328842123791e-06,0.0,2.339673081344651e-05,0.0,-4.55387356601962e-06,0.0,-3.139046020796396e-06,0.0,-4.889918386616012e-06,0.0,-4.55387356601962e-06,0.0,2.4108315209024975e-05,0.0,-4.503956877765154e-06,0.0,-2.1451743017374723e-06,0.0,-3.1390460207963965e-06,0.0,-4.503956877765155e-06,0.0,2.1348597984637833e-05
2955832.8292345204,0.0,2.3924176524445506e-05,0.0,-5.303798003722919e-06,0.0,-5.090982577106234e-06,0.0,-2.233379809547136e-06,0.0,-5.303798003722919e-06,0.0,2.43587601090681e-05,0.0,-4.741120229410294e-06,0.0,-3.2681176529141164e-06,0.0,-5.090982577106235e-06,0.0,-4.741120229410294e-06,0.0,2.5099603508407045e-05,0.0,-4.689151061395981e-06,0.0,-2.2333798095471363e-06,0.0,-3.2681176529141177e-06,0.0,-4.689151061395981e-06,0.0,2.222641193417758e-05
3077371.081623585,0.0,2.490789338957742e-05,0.0,-5.52188014085245e-06,0.0,-5.300314146620233e-06,0.0,-2.325212160919888e-06,0.0,-5.52188014085245e-06,0.0,2.5360346228803864e-05,0.0,-4.9360661212583775e-06,0.0,-3.4024964662923747e-06,0.0,-5.300314146620234e-06,0.0,-4.9360661212583775e-06,0.0,2.613165170676887e-05,0.0,-4.8819600794005565e-06,0.0,-2.3252121609198878e-06,0.0,-3.4024964662923756e-06,0.0,-4.881960079400557e-06,0.0,2.3140319932167766e-05
3203906.7569547356,0.0,2.593205883064073e-05,0.0,-5.7489294027672e-06,0.0,-5.51825303413847e-06,0.0,-2.4208204847996893e-06,0.0,-5.748929402767202e-06,0.0,2.640311567440497e-05,0.0,-5.139027819268197e-06,0.0,-3.5424006821814157e-06,0.0,-5.518253034138473e-06,0.0,-5.139027819268198e-06,0.0,2.7206135774023406e-05,0.0,-5.082697039358195e-06,0.0,-2.4208204847996893e-06,0.0,-3.5424006821814157e-06,0.0,-5.082697039358196e-06,0.0,2.4091806097577147e-05
3335645.3398023443,0.0,2.6998336016533782e-05,0.0,-5.985314500669161e-06,0.0,-5.745153156288996e-06,0.0,-2.5203600420304662e-06,0.0,-5.98531450066916e-06,0.0,2.7488761826296632e-05,0.0,-5.350334918220206e-06,0.0,-3.6880574946763423e-06,0.0,-5.745153156288995e-06,0.0,-5.350334918220206e-06,0.0,2.8324800592794894e-05,0.0,-5.2916879232393554e-06,0.0,-2.520360042030467e-06,0.0,-3.688057494676342e-06,0.0,-5.291687923239355e-06,0.0,2.508241557353794e-05
3472800.7638776274,0.0,2.810845650251269e-05,0.0,-6.23141930646721e-06,0.0,-5.981382982081854e-06,0.0,-2.6239924774882394e-06,0.0,-6.23141930646721e-06,0.0,2.861904769350264e-05,0.0,-5.570330565208493e-06,0.0,-3.8397034396635065e-06,0.0,-5.981382982081857e-06,0.0,-5.570330565208493e-06,0.0,2.9489462791979054e-05,0.0,-5.5092721167762345e-06,0.0,-2.6239924774882394e-06,0.0,-3.839703439663508e-06,0.0,-5.5092721167762345e-06,0.0,2.6113757036543996e-05
3615595.759441169,0.0,2.9264223042109016e-05,0.0,-6.487643476156696e-06,0.0,-6.2273261312755175e-06,0.0,-2.7318860825804397e-06,0.0,-6.487643476156695e-06,0.0,2.9795808776641608e-05,0.0,-5.799372016886323e-06,0.0,-3.997584778937305e-06,0.0,-6.227326131275519e-06,0.0,-5.799372016886322e-06,0.0,3.070201369681417e-05,0.0,-5.735802960600112e-06,0.0,-2.7318860825804392e-06,0.0,-3.997584778937305e-06,0.0,-5.735802960600113e-06,0.0,2.7187505308822392e-05
3764262.2150003603,0.0,3.0467512514667866e-05,0.0,-6.754403098831161e-06,0.0,-6.483381997346938e-06,0.0,-2.8442160685386846e-06,0.0,-6.754403098831163e-06,0.0,3.1020956048644004e-05,0.0,-6.037831219624437e-06,0.0,-4.161957900111072e-06,0.0,-6.483381997346942e-06,0.0,-6.037831219624436e-06,0.0,3.1964422400253014e-05,0.0,-5.971648324040336e-06,0.0,-2.844216068538685e-06,0.0,-4.161957900111072e-06,0.0,-5.971648324040336e-06,0.0,2.830540407812067e-05
3919041.553879215,0.0,3.1720278973261404e-05,0.0,-7.032131372380316e-06,0.0,-6.74996639607707e-06,0.0,-2.9611648509488885e-06,0.0,-7.032131372380318e-06,0.0,3.229647905803103e-05,0.0,-6.28609541352451e-06,0.0,-4.333089732971646e-06,0.0,-6.749966396077071e-06,0.0,-6.286095413524511e-06,0.0,3.327873896062449e-05,0.0,-6.217191202516961e-06,0.0,-2.961164850948888e-06,0.0,-4.3330897329716456e-06,0.0,-6.2171912025169624e-06,0.0,2.9469268729326937e-05
4080185.1262719594,0.0,3.302455681792632e-05,0.0,-7.321279306971312e-06,0.0,-7.027512240804891e-06,0.0,-3.082922345980655e-06,0.0,-7.321279306971313e-06,0.0,3.362444915979406e-05,0.0,-6.544567761268393e-06,0.0,-4.511258182953562e-06,0.0,-7.027512240804891e-06,0.0,-6.544567761268392e-06,0.0,3.464709773077647e-05,0.0,-6.472830339496931e-06,0.0,-3.082922345980655e-06,0.0,-4.511258182953562e-06,0.0,-6.472830339496931e-06,0.0,3.068098929252051e-05
4247954.617417159,0.0,3.43824640993789e-05,0.0,-7.622316457455885e-06,0.0,-7.316470245446641e-06,0.0,-3.209686278797086e-06,0.0,-7.622316457455889e-06,0.0,3.500702287912199e-05,0.0,-6.813668002824464e-06,0.0,-4.696752582436916e-06,0.0,-7.316470245446642e-06,0.0,-6.813668002824463e-06,0.0,3.607172082410689e-05,0.0,-6.738980874023981e-06,0.0,-3.209686278797085e-06,0.0,-4.696752582436916e-06,0.0,-6.738980874023984e-06,0.0,3.194253351224089e-05
4422622.472555178,0.0,3.579620595857276e-05,0.0,-7.935731685892709e-06,0.0,-7.617309656421876e-06,0.0,-3.3416625046458195e-06,0.0,-7.935731685892709e-06,0.0,3.6446445413438435e-05,0.0,-7.0938331370743026e-06,0.0,-4.889874160601754e-06,0.0,-7.617309656421876e-06,0.0,-7.0938331370743026e-06,0.0,3.7554921723111566e-05,0.0,-7.016075014873725e-06,0.0,-3.3416625046458195e-06,0.0,-4.889874160601755e-06,0.0,-7.016075014873727e-06,0.0,3.325595004295933e-05
4604472.339359101,0.0,3.726807820768459e-05,0.0,-8.262033955423186e-06,0.0,-7.930519014674934e-06,0.0,-3.4790653431527235e-06,0.0,-8.26203395542319e-06,0.0,3.794505427843634e-05,0.0,-7.385518131466535e-06,0.0,-5.090936532601964e-06,0.0,-7.930519014674934e-06,0.0,-7.385518131466533e-06,0.0,3.909910903630855e-05,0.0,-7.304562742428725e-06,0.0,-3.479065343152725e-06,0.0,-5.090936532601962e-06,0.0,-7.3045627424287275e-06,0.0,3.462337177594213e-05
4793799.528557558,0.0,3.880047105834317e-05,0.0,-8.601753156789962e-06,0.0,-8.256606949029273e-06,0.0,-3.622117926361107e-06,0.0,-8.601753156789964e-06,0.0,3.9505283104030557e-05,0.0,-7.6891966608503e-06,0.0,-5.300266208853081e-06,0.0,-8.256606949029278e-06,0.0,-7.6891966608503e-06,0.0,4.070679040964016e-05,0.0,-7.604912539413346e-06,0.0,-3.6221179263611075e-06,0.0,-5.300266208853079e-06,0.0,-7.604912539413345e-06,0.0,3.604701930290822e-05
4990911.4934975,0.0,4.039587300315639e-05,0.0,-8.955440968840251e-06,0.0,-8.59610300216307e-06,0.0,-3.771052561081649e-06,0.0,-8.955440968840246e-06,0.0,4.1129665586392566e-05,0.0,-8.00536187668816e-06,0.0,-5.51820312526105e-06,0.0,-8.596103002163068e-06,0.0,-8.005361876688162e-06,0.0,4.2380576598704456e-05,0.0,-7.917612151675025e-06,0.0,-3.7710525610816493e-06,0.0,-5.51820312526105e-06,0.0,-7.917612151675025e-06,0.0,3.752920452210579e-05
5196128.329425692,0.0,4.205687485683892e-05,0.0,-9.323671754411486e-06,0.0,-8.949558490547324e-06,0.0,-3.926111106141474e-06,0.0,-9.323671754411484e-06,0.0,4.282083960248581e-05,0.0,-8.334527207897605e-06,0.0,-5.74510119525298e-06,0.0,-8.949558490547322e-06,0.0,-8.334527207897603e-06,0.0,4.4123185708429175e-05,0.0,-8.243169380247457e-06,0.0,-3.926111106141473e-06,0.0,-5.745101195252981e-06,0.0,-8.243169380247459e-06,0.0,3.907233439266403e-05
5409783.2932997,0.0,4.378617396350374e-05,0.0,-9.707043493054068e-06,0.0,-9.317547399743019e-06,0.0,-4.087545365144987e-06,0.0,-9.707043493054068e-06,0.0,4.458155149378257e-05,0.0,-8.677227194621589e-06,0.0,-5.981328884506368e-06,0.0,-9.317547399743019e-06,0.0,-8.677227194621587e-06,0.0,4.5937447607072945e-05,0.0,-8.582112905981888e-06,0.0,-4.087545365144989e-06,0.0,-5.981328884506369e-06,0.0,-8.582112905981888e-06,0.0,4.06789148433167e-05
5632223.34497255,0.0,4.5586578576949426e-05,0.0,-1.0106178752105917e-05,0.0,-9.700667316511233e-06,0.0,-4.255617495384309e-06,0.0,-1.0106178752105919e-05,0.0,4.641466052611945e-05,0.0,-9.034018356282222e-06,0.0,-6.227269809310098e-06,0.0,-9.700667316511237e-06,0.0,-9.03401835628222e-06,0.0,4.782630852172219e-05,0.0,-8.934993148085714e-06,0.0,-4.255617495384309e-06,0.0,-6.227269809310102e-06,0.0,-8.934993148085717e-06,0.0,4.235155484184493e-05
5863809.710629815,0.0,4.7461012421056254e-05,0.0,-1.0521725697695714e-05,0.0,-1.0099540399249754e-05,0.0,-4.430600433563285e-06,0.0,-1.0521725697695714e-05,0.0,4.8323143532933184e-05,0.0,-9.405480095327057e-06,0.0,-6.483323359528884e-06,0.0,-1.0099540399249755e-05,0.0,-9.405480095327057e-06,0.0,4.979283582274537e-05,0.0,-9.302383157962506e-06,0.0,-4.430600433563287e-06,0.0,-6.4833233595288865e-06,0.0,-9.302383157962505e-06,0.0,4.409297063184766e-05
6104918.469394275,0.0,4.9412519437697886e-05,0.0,-1.095435914731682e-05,0.0,-1.0514814388332371e-05,0.0,-4.612778339026557e-06,0.0,-1.0954359147316823e-05,0.0,5.031009974941841e-05,0.0,-9.792215638135893e-06,0.0,-6.749905347182906e-06,0.0,-1.0514814388332371e-05,0.0,-9.792215638135891e-06,0.0,5.184022300497629e-05,0.0,-9.684879549805148e-06,0.0,-4.612778339026556e-06,0.0,-6.7499053471829045e-06,0.0,-9.684879549805148e-06,0.0,4.590599014372072e-05
6355941.16405054,0.0,5.144426872987749e-05,0.0,-1.1404781665680902e-05,0.0,-1.0947163657991258e-05,0.0,-4.802447055213258e-06,0.0,-1.1404781665680906e-05,0.0,5.2378755845455905e-05,0.0,-1.019485301461571e-05,0.0,-7.027448681695724e-06,0.0,-1.0947163657991258e-05,0.0,-1.0194853014615707e-05,0.0,5.39717948737128e-05,0.0,-1.0083103469453112e-05,0.0,-4.8024470552132576e-06,0.0,-7.027448681695723e-06,0.0,-1.0083103469453112e-05,0.0,4.779355758700618e-05
6617285.436881583,0.0,5.355955970811659e-05,0.0,-1.1873724705631061e-05,0.0,-1.1397290311450848e-05,0.0,-4.999914590084905e-06,0.0,-1.1873724705631061e-05,0.0,5.453247116548601e-05,0.0,-1.0614046078074806e-05,0.0,-7.316404072907186e-06,0.0,-1.1397290311450851e-05,0.0,-1.06140460780748e-05,0.0,5.6191012943954934e-05,0.0,-1.0497701603087352e-05,0.0,-4.999914590084905e-06,0.0,-7.316404072907184e-06,0.0,-1.0497701603087352e-05,0.0,4.9758738231570973e-05
6889375.691649636,0.0,5.576182744845357e-05,0.0,-1.2361949795967103e-05,0.0,-1.1865925321091528e-05,0.0,-5.2055016163075216e-06,0.0,-1.2361949795967101e-05,0.0,5.6774743183835106e-05,0.0,-1.1050475567032168e-05,0.0,-7.617240762992821e-06,0.0,-1.1865925321091528e-05,0.0,-1.105047556703217e-05,0.0,5.8501481061648925e-05,0.0,-1.0929347227400798e-05,0.0,-5.2055016163075216e-06,0.0,-7.617240762992821e-06,0.0,-1.0929347227400798e-05,0.0,5.1804723385378285e-05
7172653.782796504,0.0,5.8054648270753203e-05,0.0,-1.2870249778111996e-05,0.0,-1.2353829715494676e-05,0.0,-5.419541992000319e-06,0.0,-1.2870249778111997e-05,0.0,5.9109213184355476e-05,0.0,-1.1504850210686475e-05,0.0,-7.930447288478447e-06,0.0,-1.2353829715494676e-05,0.0,-1.1504850210686473e-05,0.0,6.090695125606652e-05,0.0,-1.1378741302949911e-05,0.0,-5.419541992000323e-06,0.0,-7.930447288478444e-06,0.0,-1.1378741302949913e-05,0.0,5.393483557693558e-05
7467579.732982482,0.0,6.0441745546385126e-05,0.0,-1.3399450093627665e-05,0.0,-1.2861795815296795e-05,0.0,-5.642383302896597e-06,0.0,-1.3399450093627657e-05,0.0,6.153967217360074e-05,0.0,-1.197790787983988e-05,0.0,-8.25653227358732e-06,0.0,-1.2861795815296795e-05,0.0,-1.197790787983988e-05,0.0,6.341132983282298e-05,0.0,-1.1846613612462743e-05,0.0,-5.642383302896597e-06,0.0,-8.256532273587323e-06,0.0,-1.1846613612462746e-05,0.0,5.615253395083513e-05
7774632.480129124,0.0,6.292699574470388e-05,0.0,-1.395041012467101e-05,0.0,-1.3390648519859586e-05,0.0,-5.874387426797233e-06,0.0,-1.3950410124671012e-05,0.0,6.407006703713987e-05,0.0,-1.247041678514558e-05,0.0,-8.59602525620826e-06,0.0,-1.3390648519859586e-05,0.0,-1.2470416785145585e-05,0.0,6.601868371742807e-05,0.0,-1.2333723945952102e-05,0.0,-5.874387426797233e-06,0.0,-8.59602525620826e-06,0.0,-1.2333723945952102e-05,0.0,5.846141988514878e-05
8094310.655178982,0.0,6.551443472814803e-05,0.0,-1.4524024589566955e-05,0.0,-1.3941246646845477e-05,0.0,-6.115931121233471e-06,0.0,-1.4524024589566955e-05,0.0,6.670450694900754e-05,0.0,-1.2983176724625093e-05,0.0,-8.949477547825974e-06,0.0,-1.394124664684548e-05,0.0,-1.2983176724625095e-05,0.0,6.873324705967245e-05,0.0,-1.2840863334558314e-05,0.0,-6.1159311212334735e-06,0.0,-8.949477547825974e-06,0.0,-1.2840863334558319e-05,0.0,6.0865242839799567e-05
8427133.391835373,0.0,6.820826430618224e-05,0.0,-1.5121224995764797e-05,0.0,-1.451448432687399e-05,0.0,-6.367406635293279e-06,0.0,-1.5121224995764797e-05,0.0,6.944727004469867e-05,0.0,-1.351702038248106e-05,0.0,-9.317463128810139e-06,0.0,-1.451448432687399e-05,0.0,-1.3517020382481064e-05,0.0,7.155942810957363e-05,0.0,-1.3368855335125272e-05,0.0,-6.367406635293279e-06,0.0,-9.317463128810139e-06,0.0,-1.3368855335125277e-05,0.0,6.336790644540712e-05
8773641.169597114,0.0,7.101285905872517e-05,0.0,-1.574298115253741e-05,0.0,-1.5111292455523694e-05,0.0,-6.629222346604845e-06,0.0,-1.5742981152537413e-05,0.0,7.230281036854378e-05,0.0,-1.407281468131481e-05,0.0,-9.700579580517074e-06,0.0,-1.5111292455523698e-05,0.0,-1.4072814681314815e-05,0.0,7.450181637604784e-05,0.0,-1.3918557367595843e-05,0.0,-6.629222346604847e-06,0.0,-9.70057958051707e-06,0.0,-1.3918557367595841e-05,0.0,6.597347484249517e-05
9134396.691457167,0.0,7.393277344014283e-05,0.0,-1.6390302745879643e-05,0.0,-1.573264020503767e-05,0.0,-6.9018034245115895e-06,0.0,-1.6390302745879643e-05,0.0,7.527576510674745e-05,0.0,-1.465146218994443e-05,0.0,-1.0099449055717535e-05,0.0,-1.573264020503767e-05,0.0,-1.4651462189944426e-05,0.0,7.756519007993245e-05,0.0,-1.4490862107398267e-05,0.0,-6.90180342451159e-06,0.0,-1.0099449055717537e-05,0.0,-1.4490862107398267e-05,0.0,6.868617928135456e-05
9509985.797690779,0.0,7.697274917534662e-05,0.0,-1.706424097816384e-05,0.0,-1.637953659818769e-05,0.0,-7.185592520515788e-06,0.0,-1.706424097816384e-05,0.0,7.83709621178359e-05,0.0,-1.525390258910985e-05,0.0,-1.0514719288926965e-05,0.0,-1.637953659818769e-05,0.0,-1.5253902589109851e-05,0.0,8.075452391346389e-05,0.0,-1.5086698935085234e-05,0.0,-7.18559252051579e-06,0.0,-1.0514719288926963e-05,0.0,-1.5086698935085241e-05,0.0,7.151042499328129e-05
9901018.417216657,0.0,8.013772296000281e-05,0.0,-1.776589027521458e-05,0.0,-1.7053032146852394e-05,0.0,-7.48105048711182e-06,0.0,-1.776589027521458e-05,0.0,8.159342777274174e-05,0.0,-1.5881114197444804e-05,0.0,-1.0947064648278268e-05,0.0,-1.7053032146852398e-05,0.0,-1.58811141974448e-05,0.0,8.407499711880923e-05,0.0,-1.570703544557899e-05,0.0,-7.481050487111821e-06,0.0,-1.0947064648278266e-05,0.0,-1.5707035445578995e-05,0.0,7.445079834434574e-05
10308129.558076436,0.0,8.343283447736157e-05,0.0,-1.8496390063575285e-05,0.0,-1.7754220557970938e-05,0.0,-7.788657126176518e-06,0.0,-1.849639006357529e-05,0.0,8.494839511725848e-05,0.0,-1.6534115560193882e-05,0.0,-1.1397187230645822e-05,0.0,-1.7754220557970938e-05,0.0,-1.6534115560193882e-05,0.0,8.753200189877236e-05,0.0,-1.635287901947391e-05,0.0,-7.78865712617652e-06,0.0,-1.1397187230645829e-05,0.0,-1.6352879019473914e-05,0.0,7.751207428331213e-05
10731980.338640748,0.0,8.686343474472198e-05,0.0,-1.925692662085264e-05,0.0,-1.848424050964209e-05,0.0,-8.108911968131933e-06,0.0,-1.9256926620852643e-05,0.0,8.844131237011987e-05,0.0,-1.7213967103254666e-05,0.0,-1.1865818001798868e-05,0.0,-1.848424050964209e-05,0.0,-1.721396710325466e-05,0.0,9.113115217333243e-05,0.0,-1.7025278458948086e-05,0.0,-8.108911968131936e-06,0.0,-1.1865818001798871e-05,0.0,-1.7025278458948093e-05,0.0,8.069922409580159e-05
11173259.061216539,0.0,9.043509480308836e-05,0.0,-2.0048735002143602e-05,0.0,-1.924427750025324e-05,0.0,-8.442335083145767e-06,0.0,-2.0048735002143606e-05,0.0,9.207785177050381e-05,0.0,-1.792177285523091e-05,0.0,-1.2353717983435792e-05,0.0,-1.9244277500253242e-05,0.0,-1.792177285523091e-05,0.0,9.487829269623442e-05,0.0,-1.7725325690940438e-05,0.0,-8.442335083145768e-06,0.0,-1.2353717983435789e-05,0.0,-1.7725325690940438e-05,0.0,8.401742347729275e-05
11632682.329799091,0.0,9.415361476412862e-05,0.0,-2.0873101045673556e-05,0.0,-2.0035565773642058e-05,0.0,-8.789467925686847e-06,0.0,-2.0873101045673556e-05,0.0,9.586391878932927e-05,0.0,-1.8658682240293336e-05,0.0,-1.2861679489027086e-05,0.0,-2.0035565773642065e-05,0.0,-1.8658682240293336e-05,0.0,9.877950854643687e-05,0.0,-1.8454157540359264e-05,0.0,-8.789467925686847e-06,0.0,-1.2861679489027086e-05,0.0,-1.8454157540359267e-05,0.0,8.747206093806775e-05
12110996.213783888,0.0,9.802503322912652e-05,0.0,-2.17313634609024e-05,0.0,-2.0859390323417164e-05,0.0,-9.150874213807131e-06,0.0,-2.17313634609024e-05,0.0,9.9805661719304e-05,0.0,-1.9425891944759403e-05,0.0,-1.3390527410473795e-05,0.0,-2.085939032341717e-05,0.0,-1.9425891944759406e-05,0.0,0.00010284113500982983,0.0,-1.9212957576201816e-05,0.0,-9.150874213807131e-06,0.0,-1.3390527410473796e-05,0.0,-1.921295757620182e-05,0.0,9.10687465537545e-05
12608977.459528109,0.0,0.00010205563709522313,0.0,-2.262491600248968e-05,0.0,-2.1717088979692686e-05,0.0,-9.527140844578088e-06,0.0,-2.2624916002489685e-05,0.0,0.00010390948165929692,0.0,-2.0224647860423388e-05,0.0,-1.3941120557670933e-05,0.0,-2.171708897969268e-05,0.0,-2.022464786042338e-05,0.0,0.00010706976786727038,0.0,-2.000295803358274e-05,0.0,-9.52714084457809e-06,0.0,-1.3941120557670932e-05,0.0,-2.0002958033582742e-05,0.0,9.481332107567439e-05
13127434.751729246,0.0,0.00010625197176487305,0.0,-2.3555209733649062e-05,0.0,-2.2610054581625334e-05,0.0,-9.918878847168163e-06,0.0,-2.3555209733649082e-05,0.0,0.00010818204290924929,0.0,-2.1056247107792422e-05,0.0,-1.45143530531512e-05,0.0,-2.2610054581625317e-05,0.0,-2.105624710779241e-05,0.0,0.00011147227410564277,0.0,-2.0825441814792726e-05,0.0,-9.918878847168173e-06,0.0,-1.4514353053151188e-05,0.0,-2.0825441814792743e-05,0.0,9.871186541579023e-05
13667210.026669214,0.0,0.00011062085177509298,0.0,-2.452375538256758e-05,0.0,-2.3539737239282158e-05,0.0,-1.0326724375108886e-05,0.0,-2.4523755382567578e-05,0.0,0.00011263028379250451,0.0,-2.1922040142514253e-05,0.0,-1.5111155784073807e-05,0.0,-2.3539737239282158e-05,0.0,-2.192204014251425e-05,0.0,0.00011605580306933697,0.0,-2.1681744572636976e-05,0.0,-1.0326724375108882e-05,0.0,-1.5111155784073815e-05,0.0,-2.168174457263697e-05,0.0,0.00010277071052165725
14229179.83945658,0.0,0.00011516937186376678,0.0,-2.553212579571644e-05,0.0,-2.4507646688512095e-05,0.0,-1.0751339739361177e-05,0.0,-2.5532125795716436e-05,0.0,0.00011726142792313196,0.0,-2.2823432948417312e-05,0.0,-1.5732497913916404e-05,0.0,-2.4507646688512095e-05,0.0,-2.2823432948417312e-05,0.0,0.00012082779807025504,0.0,-2.257325687943641e-05,0.0,-1.0751339739361175e-05,0.0,-1.5732497913916404e-05,0.0,-2.2573256879436412e-05,0.0,0.00010699644765741379
14814256.787487207,0.0,0.00011990491849097353,0.0,-2.658195849203735e-05,0.0,-2.551535474264512e-05,0.0,-1.1193414483859314e-05,0.0,-2.6581958492037345e-05,0.0,0.0001220829959365418,0.0,-2.3761889320724408e-05,0.0,-1.637938845632478e-05,0.0,-2.551535474264512e-05,0.0,-2.37618893207244e-05,0.0,0.0001257960084751989,0.0,-2.350142648521437e-05,0.0,-1.1193414483859314e-05,0.0,-1.637938845632478e-05,0.0,-2.3501426485214363e-05,0.0,0.0001113959391075064
15423390.992434891,0.0,0.00012483518183405308,0.0,-2.7674958322152082e-05,0.0,-2.656449784500087e-05,0.0,-1.165366650527929e-05,0.0,-2.7674958322152082e-05,0.0,0.0001271028177024402,0.0,-2.473893324314783e-05,0.0,-1.7052877913676423e-05,0.0,-2.656449784500087e-05,0.0,-2.4738933243147822e-05,0.0,0.00013096850229026862,0.0,-2.446776066873541e-05,0.0,-1.1653666505279287e-05,0.0,-1.7052877913676423e-05,0.0,-2.4467760668735406e-05,0.0,0.00011597632932053177
16057571.643178672,0.0,0.0001299681682758849,0.0,-2.8812900236913753e-05,0.0,-2.765677972635159e-05,0.0,-1.2132843218849869e-05,0.0,-2.8812900236913763e-05,0.0,0.00013232904503995884,0.0,-2.575615136272619e-05,0.0,-1.7754059983018637e-05,0.0,-2.7656779726351594e-05,0.0,-2.575615136272619e-05,0.0,0.00013635367926270744,0.0,-2.547382868521458e-05,0.0,-1.2132843218849877e-05,0.0,-1.7754059983018637e-05,0.0,-2.5473828685214577e-05,0.0,0.00012074505651129324
16717828.602172432,0.0,0.00013531221340666146,0.0,-2.9997632169795825e-05,0.0,-2.8793974171654803e-05,0.0,-1.2631722772099681e-05,0.0,-2.999763216979583e-05,0.0,0.00013777016495560606,0.0,-2.6815195566421875e-05,0.0,-1.8484073332151682e-05,0.0,-2.879397417165481e-05,0.0,-2.6815195566421882e-05,0.0,0.0001419602845214703,0.0,-2.6521264314671826e-05,0.0,-1.2631722772099681e-05,0.0,-1.8484073332151693e-05,0.0,-2.6521264314671836e-05,0.0,0.00012570986473991116
17405234.0778651,0.0,0.00014087599556026885,0.0,-3.123107803779883e-05,0.0,-2.997792790054856e-05,0.0,-1.315111530851107e-05,0.0,-3.1231078037798845e-05,0.0,0.00014343501342553585,0.0,-2.7917785663662906e-05,0.0,-1.9244103448740802e-05,0.0,-2.9977927900548564e-05,0.0,-2.7917785663662896e-05,0.0,0.00014779742277866393,0.0,-2.7611768515069542e-05,0.0,-1.3151115308511073e-05,0.0,-1.924410344874079e-05,0.0,-2.7611768515069535e-05,0.0,0.00013087881648760232
18120904.36588817,0.0,0.00014666854990726103,0.0,-3.251524086574996e-05,0.0,-3.1210563566288025e-05,0.0,-1.3691864283133365e-05,0.0,-3.251524086574996e-05,0.0,0.00014933278974452218,0.0,-2.9065712179186718e-05,0.0,-2.0035384565460792e-05,0.0,-3.121056356628803e-05,0.0,-2.9065712179186718e-05,0.0,0.00015387457311492924,0.0,-2.8747112184542896e-05,0.0,-1.3691864283133368e-05,0.0,-2.0035384565460802e-05,0.0,-2.8747112184542906e-05,0.0,0.00013626030574955482
18866001.661837,0.0,0.00015269928312730696,0.0,-3.385220603906666e-05,0.0,-3.2493882877991725e-05,0.0,-1.4254847832291402e-05,0.0,-3.385220603906667e-05,0.0,0.00015547307146493094,0.0,-3.026083926071952e-05,0.0,-2.0859201664298407e-05,0.0,-3.249388287799173e-05,0.0,-3.026083926071952e-05,0.0,0.0001602016043727643,0.0,-2.9929139037207143e-05,0.0,-1.4254847832291404e-05,0.0,-2.0859201664298407e-05,0.0,-2.992913903720715e-05,0.0,0.00014186307166615418
19641735.94859051,0.0,0.00015897798868494222,0.0,-3.5244144690268464e-05,0.0,-3.3829969851269164e-05,0.0,-1.4840980199613886e-05,0.0,-3.5244144690268464e-05,0.0,0.00016186582994995706,0.0,-3.1505107706214353e-05,0.0,-2.1716892563267962e-05,0.0,-3.382996985126917e-05,0.0,-3.150510770621435e-05,0.0,0.00016678879118279519,0.0,-3.1159768597212904e-05,0.0,-1.4840980199613884e-05,0.0,-2.171689256326796e-05,0.0,-3.115976859721291e-05,0.0,0.00014769621271470057
20449366.96123387,0.0,0.00016551486273343175,0.0,-3.669331722473547e-05,0.0,-3.522099419250798e-05,0.0,-1.5451213220697444e-05,0.0,-3.669331722473548e-05,0.0,0.00016852144656638062,0.0,-3.28005381155634e-05,0.0,-2.2609850088928913e-05,0.0,-3.522099419250799e-05,0.0,-3.280053811556338e-05,0.0,0.00017364683064901605,0.0,-3.244099931591146e-05,0.0,-1.5451213220697458e-05,0.0,-2.2609850088928913e-05,0.0,-3.244099931591147e-05,0.0,0.00015376920148466326
21290206.232775044,0.0,0.0001723205206725672,0.0,-3.8202076991439474e-05,0.0,-3.666921482231655e-05,0.0,-1.6086537868817256e-05,0.0,-3.820207699143946e-05,0.0,0.00017545072954313785,0.0,-3.414923417190254e-05,0.0,-2.3539524338233062e-05,0.0,-3.6669214822316536e-05,0.0,-3.414923417190256e-05,0.0,0.0001807868597200941,0.0,-3.377491181719178e-05,0.0,-1.608653786881726e-05,0.0,-2.353952433823306e-05,0.0,-3.377491181719179e-05,0.0,0.00016009190006046454
22165619.223977376,0.0,0.00017940601438729182,0.0,-3.977287410460857e-05,0.0,-3.817698354384389e-05,0.0,-1.6747985864194203e-05,0.0,-3.977287410460859e-05,0.0,0.00018266493152308601,0.0,-3.555338605783747e-05,0.0,-2.450742503337475e-05,0.0,-3.817698354384389e-05,0.0,-3.555338605783746e-05,0.0,0.0001882204732749505,0.0,-3.516367227625987e-05,0.0,-1.6747985864194213e-05,0.0,-2.4507425033374752e-05,0.0,-3.516367227625986e-05,0.0,0.00016667457603677566
23077027.54076684,0.0,0.00018678285019514264,0.0,-4.14082594225314e-05,0.0,-3.974674886193413e-05,0.0,-1.7436631349432312e-05,0.0,-4.140825942253139e-05,0.0,0.00019017576783646217,0.0,-3.7015274012137765e-05,0.0,-2.5515123973467968e-05,0.0,-3.974674886193413e-05,0.0,-3.701527401213775e-05,0.0,0.00019595974295198574,0.0,-3.660953593734696e-05,0.0,-1.7436631349432312e-05,0.0,-2.5515123973467968e-05,0.0,-3.6609535937346966e-05,0.0,0.0001735279191923302
24025911.242814854,0.0,0.00019446300753166068,0.0,-4.31108886899622e-05,0.0,-4.1381059959316973e-05,0.0,-1.8153592633846762e-05,0.0,-4.3110888689962195e-05,0.0,0.00019799543552571311,0.0,-3.853727203267623e-05,0.0,-2.6564257587031862e-05,0.0,-4.1381059959316973e-05,0.0,-3.853727203267623e-05,0.0,0.00020401723675252738,0.0,-3.8114850776059304e-05,0.0,-1.8153592633846765e-05,0.0,-2.656425758703187e-05,0.0,-3.811485077605931e-05,0.0,0.00018066305884933457
25013811.247045714,0.0,0.00020245895840410568,0.0,-4.488352685085387e-05,0.0,-4.3082570836292025e-05,0.0,-1.8900034009515533e-05,0.0,-4.488352685085387e-05,0.0,0.00020613663315258924,0.0,-4.0121851731625723e-05,0.0,-2.7656529589429558e-05,0.0,-4.3082570836292025e-05,0.0,-4.01218517316257e-05,0.0,0.0002124060394503342,0.0,-3.968206131231683e-05,0.0,-1.8900034009515533e-05,0.0,-2.7656529589429558e-05,0.0,-3.968206131231683e-05,0.0,0.0001880915819466632
26042331.829971634,0.0,0.00021078368764507495,0.0,-4.672905253842231e-05,0.0,-4.4854044620628814e-05,0.0,-1.9677167642003566e-05,0.0,-4.672905253842231e-05,0.0,0.00021461258141967026,0.0,-4.177158634917436e-05,0.0,-2.8793713749575783e-05,0.0,-4.4854044620628814e-05,0.0,-4.177158634917436e-05,0.0,0.0002211397738403002,0.0,-4.1313712580072614e-05,0.0,-1.967716764200357e-05,0.0,-2.8793713749575783e-05,0.0,-4.1313712580072614e-05,0.0,0.0001958255518561902
27113143.232919123,0.0,0.0002194507139989095,0.0,-4.8650462749833844e-05,0.0,-4.6698358054681904e-05,0.0,-2.048625553882996e-05,0.0,-4.8650462749833844e-05,0.0,0.00022343704463980687,0.0,-4.348915493227733e-05,0.0,-2.9977656770406473e-05,0.0,-4.66983580546819e-05,0.0,-4.348915493227734e-05,0.0,0.00023023262286086662,0.0,-4.3012454260259746e-05,0.0,-2.0486255538829965e-05,0.0,-2.9977656770406466e-05,0.0,-4.301245426025975e-05,0.0,0.0002038775279728129
28227984.374377307,0.0,0.00022847411207513527,0.0,-5.065087771310677e-05,0.0,-4.861850616700755e-05,0.0,-2.13286115988748e-05,0.0,-5.0650877713106776e-05,0.0,0.0002326243530883473,0.0,-4.527734668523078e-05,0.0,-3.1210281287787565e-05,0.0,-4.8618506167007553e-05,0.0,-4.5277346685230776e-05,0.0,0.0002396993526260634,0.0,-4.4781044983677065e-05,0.0,-2.13286115988748e-05,0.0,-3.1210281287787565e-05,0.0,-4.478104498367707e-05,0.0,0.0002122605861099794
29388665.67387289,0.0,0.00023786853520458756,0.0,-5.27335459541309e-05,0.0,-5.061760713606854e-05,0.0,-2.2205603746053736e-05,0.0,-5.273354595413089e-05,0.0,0.0002421894262744437,0.0,-4.713906549913334e-05,0.0,-3.249358899273351e-05,0.0,-5.0617607136068545e-05,0.0,-4.7139065499133356e-05,0.0,0.0002495553364045867,0.0,-4.66223568108015e-05,0.0,-2.220560374605374e-05,0.0,-3.249358899273351e-05,0.0,-4.66223568108015e-05,0.0,0.0002209883397338426
30597071.991957538,0.0,0.0002476492392353359,0.0,-5.490184957203315e-05,0.0,-5.269890735392532e-05,0.0,-2.31186561507252e-05,0.0,-5.490184957203317e-05,0.0,0.000252147797169231,0.0,-4.907733466759035e-05,0.0,-3.382966388200528e-05,0.0,-5.269890735392532e-05,0.0,-4.907733466759036e-05,0.0,0.00025981657958484903,0.0,-4.853937989580178e-05,0.0,-2.3118656150725202e-05,0.0,-3.382966388200527e-05,0.0,-4.853937989580178e-05,0.0,0.0002300749620705219
31855165.691081908,0.0,0.0002578321073070525,0.0,-5.715930973145638e-05,0.0,-5.4865786698136414e-05,0.0,-2.4069251542437703e-05,0.0,-5.7159309731456424e-05,0.0,0.00026251563743022335,0.0,-5.1095301796318965e-05,0.0,-3.522067564236697e-05,0.0,-5.4865786698136394e-05,0.0,-5.109530179631899e-05,0.0,0.0002704997456665468,0.0,-5.05352273423275e-05,0.0,-2.40692515424377e-05,0.0,-3.522067564236696e-05,0.0,-5.053522734232748e-05,0.0,0.0002395352091223733
33164989.822327122,0.0,0.0002684336756440563,0.0,-5.950959238067023e-05,0.0,-5.712176402042956e-05,0.0,-2.5058933617772874e-05,0.0,-5.950959238067022e-05,0.0,0.00027330978366288893,0.0,-5.319624391462702e-05,0.0,-3.6668883173996536e-05,0.0,-5.712176402042957e-05,0.0,-5.3196243914627025e-05,0.0,0.0002816221833209498,0.0,-5.2613140258959245e-05,0.0,-2.5058933617772884e-05,0.0,-3.666888317399654e-05,0.0,-5.261314025895924e-05,0.0,0.00024938444363064606
34528671.44316852,0.0,0.0002794711604089172,0.0,-6.195651420479967e-05,0.0,-5.947050286105657e-05,0.0,-2.6089309547194576e-05,0.0,-6.195651420479963e-05,0.0,0.00028454776476205117,0.0,-5.5383572797066046e-05,0.0,-3.817663825877258e-05,0.0,-5.947050286105657e-05,0.0,-5.538357279706609e-05,0.0,0.00029320195456386045,0.0,-5.477649302252898e-05,0.0,-2.6089309547194582e-05,0.0,-3.817663825877259e-05,0.0,-5.477649302252897e-05,0.0,0.00025963866002343757
35948425.07165965,0.0,0.00029096248566023053,0.0,-6.450404882383957e-05,0.0,-6.19158173981116e-05,0.0,-2.7162052584974734e-05,0.0,-6.450404882383956e-05,0.0,0.0002962478303775177,0.0,-5.766084050390088e-05,0.0,-3.9746389379394086e-05,0.0,-6.19158173981116e-05,0.0,-5.766084050390088e-05,0.0,0.00030525786408699073,0.0,-5.7028798757858416e-05,0.0,-2.7162052584974744e-05,0.0,-3.97463893793941e-05,0.0,-5.7028798757858416e-05,0.0,0.0002703145103894609
37426556.282645695,0.0,0.0003029263124599623,0.0,-6.715633324551933e-05,0.0,-6.446167864147418e-05,0.0,-2.8278904786434515e-05,0.0,-6.715633324551932e-05,0.0,0.0003084289805501613,0.0,-6.003174514939247e-05,0.0,-4.138068569553518e-05,0.0,-6.446167864147416e-05,0.0,-6.0031745149392474e-05,0.0,0.00031780948979539023,0.0,-5.9373715042813793e-05,0.0,-2.8278904786434525e-05,0.0,-4.138068569553516e-05,0.0,-5.9373715042813793e-05,0.0,0.00028142933151980497
38965465.45184663,0.0,0.00031538206917763347,0.0,-6.99176745834977e-05,0.0,-6.711222088143568e-05,0.0,-2.9441679836913413e-05,0.0,-6.991767458349768e-05,0.0,0.0003211109965665809,0.0,-6.250013690726229e-05,0.0,-4.3082181183491914e-05,0.0,-6.711222088143564e-05,0.0,-6.250013690726232e-05,0.0,0.00033087721460051676,0.0,-6.181504984794193e-05,0.0,-2.9441679836913413e-05,0.0,-4.308218118349193e-05,0.0,-6.181504984794193e-05,0.0,0.00029300117306160176
40567651.65388917,0.0,0.0003283499830405508,0.0,-7.279255705179556e-05,0.0,-6.987174840247988e-05,0.0,-3.065226599705951e-05,0.0,-7.279255705179558e-05,0.0,0.0003343144730824433,0.0,-6.507002426308857e-05,0.0,-4.485363894604295e-05,0.0,-6.987174840247986e-05,0.0,-6.507002426308854e-05,0.0,0.00034448225952057177,0.0,-6.435676772033168e-05,0.0,-3.0652265997059534e-05,0.0,-4.485363894604294e-05,0.0,-6.43567677203317e-05,0.0,0.0003050488268293135
42235716.720619924,0.0,0.00034185111298133355,0.0,-7.57856492468294e-05,0.0,-7.274474247312395e-05,0.0,-3.191262916922584e-05,0.0,-7.57856492468293e-05,0.0,0.0003480608515666874,0.0,-6.774558052379155e-05,0.0,-4.669793569952476e-05,0.0,-7.274474247312384e-05,0.0,-6.774558052379156e-05,0.0,0.0003586467181418697,0.0,-6.700299622174651e-05,0.0,-3.191262916922584e-05,0.0,-4.6697935699524715e-05,0.0,-6.700299622174656e-05,0.0,0.00031759185732125434
43972369.46628725,0.0,0.00035590738383605873,0.0,-7.890181172886511e-05,0.0,-7.573586862316595e-05,0.0,-3.322481608994979e-05,0.0,-7.890181172886516e-05,0.0,0.00036237245512087715,0.0,-7.05311505947744e-05,0.0,-4.861806644540559e-05,0.0,-7.573586862316597e-05,0.0,-7.053115059477438e-05,0.0,0.0003733935924971844,0.0,-6.97580326314785e-05,0.0,-3.3224816089949794e-05,0.0,-4.861806644540557e-05,0.0,-6.975803263147851e-05,0.0,0.0003306506334908862
45780430.086455286,0.0,0.00037054162194857077,0.0,-8.214610491520911e-05,0.0,-7.884998422016034e-05,0.0,-3.4590957653702004e-05,0.0,-8.214610491520902e-05,0.0,0.00037727252473027144,0.0,-7.343125803572826e-05,0.0,-5.061714933394643e-05,0.0,-7.88499842201603e-05,0.0,-7.343125803572832e-05,0.0,0.00038874683041934904,0.0,-7.262635092481206e-05,0.0,-3.4590957653702e-05,0.0,-5.0617149333946406e-05,0.0,-7.262635092481207e-05,0.0,0.0003442463618244898
47662834.73779292,0.0,0.00038577759223877887,0.0,-8.552379729795074e-05,0.0,-8.209214635742354e-05,0.0,-3.6013272373301284e-05,0.0,-8.552379729795078e-05,0.0,0.00039278525700545933,0.0,-7.645061240655856e-05,0.0,-5.269843072784626e-05,0.0,-8.209214635742354e-05,0.0,-7.645061240655853e-05,0.0,0.0004047313644307638,0.0,-7.561260903842888e-05,0.0,-3.6013272373301263e-05,0.0,-5.2698430727846276e-05,0.0,-7.561260903842887e-05,0.0,0.0003584011207789322
49622640.30617492,0.0,0.0004016400367951256,0.0,-8.904037399960458e-05,0.0,-8.546762006637897e-05,0.0,-3.749406998261532e-05,0.0,-8.904037399960453e-05,0.0,0.00040893584347587094,0.0,-7.959411691536163e-05,0.0,-5.4865290474094977e-05,0.0,-8.546762006637897e-05,0.0,-7.959411691536164e-05,0.0,0.00042137315223196906,0.0,-7.87216564345525e-05,0.0,-3.749406998261533e-05,0.0,-5.4865290474094936e-05,0.0,-7.872165643455249e-05,0.0,0.0003731378966354457
51663029.37083848,0.0,0.00041815471505390954,0.0,-9.270154568054265e-05,0.0,-8.898188686657902e-05,0.0,-3.903575518739752e-05,0.0,-9.270154568054267e-05,0.0,0.00042575051149895286,0.0,-8.28668763808721e-05,0.0,-5.712124739259456e-05,0.0,-8.898188686657902e-05,0.0,-8.28668763808721e-05,0.0,0.00043869921885502874,0.0,-8.195854197611595e-05,0.0,-3.903575518739753e-05,0.0,-5.7121247392594546e-05,0.0,-8.195854197611597e-05,0.0,0.0003884806208276484
53787315.37265635,0.0,0.00043534844563070314,0.0,-9.65132578126852e-05,0.0,-9.264065366728682e-05,0.0,-4.064083157035125e-05,0.0,-9.65132578126852e-05,0.0,0.00044325656685145857,0.0,-8.627420552231085e-05,0.0,-5.9469964990462615e-05,0.0,-9.264065366728686e-05,0.0,-8.627420552231081e-05,0.0,0.0004567377005501849,0.0,-8.532852212574185e-05,0.0,-4.064083157035128e-05,0.0,-5.946996499046266e-05,0.0,-8.532852212574183e-05,0.0,0.00040445420880442135
55998947.99491973,0.0,0.0004532491498717998,0.0,-0.00010048170033450618,0.0,-9.644986203507483e-05,0.0,-4.2311905656762965e-05,0.0,-0.00010048170033450622,0.0,0.0004614824380720087,0.0,-8.98216375900952e-05,0.0,-6.191525741129675e-05,0.0,-9.644986203507484e-05,0.0,-8.982163759009519e-05,0.0,0.00047551789047704384,0.0,-8.883706948184861e-05,0.0,-4.231190565676295e-05,0.0,-6.191525741129668e-05,0.0,-8.883706948184864e-05,0.0,0.00042108460049075403
58301518.76536862,0.0,0.00047188589719641554,0.0,-0.00010461331770303662,0.0,-0.00010041569784248927,0.0,-4.4051691147306333e-05,0.0,-0.00010461331770303659,0.0,0.0004804577226269347,0.0,-9.351493335142939e-05,0.0,-6.446109562906113e-05,0.0,-0.00010041569784248929,0.0,-9.351493335142937e-05,0.0,0.0004950702862745021,0.0,-9.248988166574531e-05,0.0,-4.4051691147306333e-05,0.0,-6.446109562906118e-05,0.0,-9.248988166574531e-05,0.0,0.00043839880241226386
60698766.88856719,0.0,0.0004912889523032739,0.0,-0.00010891481935918461,0.0,-0.00010454460131344947,0.0,-4.5863013324891345e-05,0.0,-0.00010891481935918466,0.0,0.0005002132349743734,0.0,-9.736009044536284e-05,0.0,-6.711161389665527e-05,0.0,-0.00010454460131344951,0.0,-9.736009044536283e-05,0.0,0.0005154266395866546,0.0,-9.629289057414737e-05,0.0,-4.586301332489138e-05,0.0,-6.711161389665527e-05,0.0,-9.629289057414735e-05,0.0,0.0004564249315517943
63194585.318095274,0.0,0.0005114898243182372,0.0,-0.00011339319062337213,0.0,-0.00010884327748169498,0.0,-4.7748813642714914e-05,0.0,-0.00011339319062337213,0.0,0.0005207810566046684,0.0,-0.0001013633531225133,0.0,-6.987111645963394e-05,0.0,-0.00010884327748169497,0.0,-0.00010136335312251328,0.0,0.0005366200076251148,0.0,-0.00010025227201213757,0.0,-4.774881364271487e-05,0.0,-6.987111645963392e-05,0.0,-0.0001002522720121376,0.0,0.00047519226100931636
65793027.07841702,0.0,0.0005325213179627977,0.0,-0.0001180557040391778,0.0,-0.0001133187070792643,0.0,-4.971215450096278e-05,0.0,-0.0001180557040391778,0.0,0.0005421945881383354,0.0,-0.0001055312223852674,0.0,-7.274408454598406e-05,0.0,-0.0001133187070792643,0.0,-0.00010553122238526738,0.0,0.0005586848068514813,0.0,-0.00010437445572221698,0.0,-4.9712154500962846e-05,0.0,-7.274408454598406e-05,0.0,-0.00010437445572221695,0.0,0.0004947312675392752
68498311.84669265,0.0,0.0005544175868265142,0.0,-0.0001229099311834098,0.0,-0.00011797815787268721,0.0,-5.175622421992154e-05,0.0,-0.00012290993118340977,0.0,0.0005644886035661999,0.0,-0.00010987046654492731,0.0,-7.57351836433071e-05,0.0,-0.0001179781578726872,0.0,-0.00010987046654492736,0.0,0.0005816568688671252,0.0,-0.00010866613582573048,0.0,-5.175622421992143e-05,0.0,-7.573518364330712e-05,0.0,-0.00010866613582573057,0.0,0.0005150736810425865
71314832.80522202,0.0,0.000577214188829919,0.0,-0.0001279637549617865,0.0,-0.0001228291964652997,0.0,-5.388434221757389e-05,0.0,-0.00012796375496178648,0.0,0.0005876993067197837,0.0,-0.00011438813221294814,0.0,-7.884927107522598e-05,0.0,-0.00012282919646529962,0.0,-0.00011438813221294815,0.0,0.0006055734986010581,0.0,-0.00011313428169362534,0.0,-5.38843422175739e-05,0.0,-7.884927107522599e-05,0.0,-0.00011313428169362533,0.0,0.0005362525360936447
74247163.77564758,0.0,0.0006009481439679463,0.0,-0.00013322538241019184,0.0,-0.0001278797005848481,0.0,-5.6099964400088955e-05,0.0,-0.00013322538241019184,0.0,0.0006118643900636494,0.0,-0.00011909155574411292,0.0,-8.209140388931899e-05,0.0,-0.00012787970058484812,0.0,-0.00011909155574411292,0.0,0.0006304735348903784,0.0,-0.00011778614926419299,0.0,-5.609996440008897e-05,0.0,-8.209140388931899e-05,0.0,-0.00011778614926419302,0.0,0.0005583022255860321
77300066.64650236,0.0,0.0006256579944276661,0.0,-0.00013870335802229465,0.0,-0.00013313787187633632,0.0,-5.8406688773957326e-05,0.0,-0.00013870335802229465,0.0,0.0006370230959051751,0.0,-0.0001239883751502303,0.0,-8.546684706939101e-05,0.0,-0.0001331378718763363,0.0,-0.0001239883751502303,0.0,0.0006563974135516682,0.0,-0.00012262929282617682,0.0,-5.840668877395734e-05,0.0,-8.546684706939103e-05,0.0,-0.0001226292928261768,0.0,0.0005812585565840285
80478499.10616454,0.0,0.0006513838671779456,0.0,-0.0001444065776251739,0.0,-0.00013861224922088986,0.0,-6.080826128888774e-05,0.0,-0.0001444065776251739,0.0,0.000663216280121157,0.0,-0.00012908654250370043,0.0,-8.898108208541775e-05,0.0,-0.00013861224922088992,0.0,-0.00012908654250370043,0.0,0.0006833872330457674,0.0,-0.00012767157728637755,0.0,-6.080826128888777e-05,0.0,-8.898108208541772e-05,0.0,-0.00012767157728637752,0.0,0.0006051588084706373
83787622.69377664,0.0,0.0006781675391326754,0.0,-0.0001503443028254839,0.0,-0.00014431172260226754,0.0,-6.330858192095241e-05,0.0,-0.00015034430282548396,0.0,0.0006904864785047297,0.0,-0.00013439433685109235,0.0,-9.26398157950471e-05,0.0,-0.00014431172260226757,0.0,-0.00013439433685109238,0.0,0.0007114868228425593,0.0,-0.00013292119094168028,0.0,-6.330858192095241e-05,0.0,-9.263981579504713e-05,0.0,-0.0001329211909416803,0.0,0.0006300417934865447
87232811.1812031,0.0,0.0007060525049933879,0.0,-0.0001565261760496181,0.0,-0.0001502455475435371,0.0,-6.591171100585911e-05,0.0,-0.0001565261760496181,0.0,0.0007188779758403478,0.0,-0.00013992037765770288,0.0,-9.644898971111419e-05,0.0,-0.0001502455475435371,0.0,-0.00013992037765770288,0.0,0.0007407418145967874,0.0,-0.0001383866587762427,0.0,-6.591171100585911e-05,0.0,-9.644898971111419e-05,0.0,-0.00013838665877624273,0.0,0.0006559479197583264
90819659.29963824,0.0,0.0007350840478814344,0.0,-0.00016296223620229606,0.0,-0.00015642336013735978,0.0,-6.86218758326365e-05,0.0,-0.00016296223620229603,0.0,0.0007484368778189992,0.0,-0.0001456736388049306,0.0,-0.00010041478965021813,0.0,-0.00015642336013735976,0.0,-0.0001456736388049306,0.0,0.0007711997162504859,0.0,-0.0001440768563054386,0.0,-6.862187583263648e-05,0.0,-0.00010041478965021816,0.0,-0.00014407685630543862,0.0,0.0006829192569182546
94553991.82503611,0.0,0.0007653093128744257,0.0,-0.00016966293496900272,0.0,-0.00016285519269429268,0.0,-7.144347750843848e-05,0.0,-0.00016966293496900272,0.0,0.00077921118591044,0.0,-0.00015166346316319575,0.0,-0.00010454365577803113,0.0,-0.0001628551926942927,0.0,-0.0001516634631631958,0.0,0.0008029099891823649,0.0,-0.00015000102398903857,0.0,-7.144347750843848e-05,0.0,-0.00010454365577803115,0.0,-0.00015000102398903857,0.0,0.0007109996044222729
98441873.03711429,0.0,0.0007967773835663403,0.0,-0.00017663915378874977,0.0,-0.0001695514900345163,0.0,-7.438109810561608e-05,0.0,-0.00017663915378874977,0.0,0.0008112508753140151,0.0,-0.00015789957776406839,0.0,-0.00010884229306764957,0.0,-0.00016955149003451626,0.0,-0.00015789957776406836,0.0,0.0008359241285294197,0.0,-0.00015616878223703097,0.0,-7.43810981056161e-05,0.0,-0.0001088422930676496,0.0,-0.000156168782237031,0.0,0.0007402345626770596
102489616.56729746,0.0,0.0008295393617756637,0.0,-0.00018390222152473115,0.0,-0.00017652312644945303,0.0,-7.743950810266497e-05,0.0,-0.00018390222152473118,0.0,0.0008446079761147048,0.0,-0.00016439210959625115,0.0,-0.00011331768218797625,0.0,-0.00017652312644945306,0.0,-0.00016439210959625118,0.0,0.0008702957468112384,0.0,-0.00016259014703245902,0.0,-7.743950810266498e-05,0.0,-0.00011331768218797622,0.0,-0.00016259014703245904,0.0,0.0007706716070917302
106703795.65158638,0.0,0.0008636484505309519,0.0,-0.00019146393286155624,0.0,-0.00018378142336081,0.0,-8.062367413112881e-05,0.0,-0.0001914639328615563,0.0,0.0008793366577761202,0.0,-0.00017115160205105764,0.0,-0.0001179770908398088,0.0,-0.00018378142336081,0.0,-0.00017115160205105764,0.0,0.0009060806609927575,0.0,-0.00016927554619663423,0.0,-8.062367413112881e-05,0.0,-0.00011797709083980878,0.0,-0.00016927554619663432,0.0,0.0008023601651743797
111091253.80500712,0.0,0.000899160040468614,0.0,-0.00019933656745894555,0.0,-0.00019133816770573026,0.0,-8.39387670410416e-05,0.0,-0.00019933656745894557,0.0,0.0009154933171077064,0.0,-0.00017818903204409994,0.0,-0.0001228280855580485,0.0,-0.0001913381677057303,0.0,-0.00017818903204409994,0.0,0.0009433369831268839,0.0,-0.00017623583632314703,0.0,-8.393876704104161e-05,0.0,-0.00012282808555804859,0.0,-0.000176235836323147,0.0,0.0008353516967987004
115659115.9349731,0.0,0.0009361317997832083,0.0,-0.00020753290989298945,0.0,-0.00019920563107790707,0.0,-8.739017029800554e-05,0.0,-0.0002075329098929895,0.0,0.000953136669848989,0.0,-0.00018551582784098785,0.0,-0.00012787854399919313,0.0,-0.00019920563107790707,0.0,-0.00018551582784098795,0.0,0.0009821252147241715,0.0,-0.00018348232040817138,0.0,-8.739017029800554e-05,0.0,-0.0001278785439991931,0.0,-0.0001834823204081714,0.0,0.0008696997777710087
120414799.91160761,0.0,0.0009746237678763244,0.0,-0.00021606627041735428,0.0,-0.0002073965896557437,0.0,-9.098348872554085e-05,0.0,-0.00021606627041735423,0.0,0.0009923278460195909,0.0,-0.00019314388761598655,0.0,-0.00013313666773406786,0.0,-0.00020739658965574366,0.0,-0.00019314388761598655,0.0,0.001022508345002795,0.0,-0.00019102676620569463,0.0,-9.098348872554092e-05,0.0,-0.00013313666773406792,0.0,-0.00019102676620569463,0.0,0.0009054601868333913
125366028.61381596,0.0,0.0010146984528561277,0.0,-0.0002249505065781485,0.0,-0.00021592434494992208,0.0,-9.472455760690459e-05,0.0,-0.0002249505065781486,0.0,0.0010331304891898609,0.0,-0.00020108559877377087,0.0,-0.00013861099556657002,0.0,-0.00021592434494992213,0.0,-0.00020108559877377084,0.0,0.0010645519531783827,0.0,-0.00019888142533747884,0.0,-9.472455760690458e-05,0.0,-0.00013861099556657005,0.0,-0.00019888142533747887,0.0,0.0009426909962442554
130520842.47066948,0.0,0.0010564209330459018,0.0,-0.00023420004571755358,0.0,-0.000224802745404072,0.0,-9.861945216115849e-05,0.0,-0.00023420004571755355,0.0,0.0010756108598333227,0.0,-0.00020935385806565438,0.0,-0.0001443104174000545,0.0,-0.00022480274540407204,0.0,-0.00020935385806565446,0.0,0.0011083243149598073,0.0,-0.0002070590531887884,0.0,-9.861945216115848e-05,0.0,-0.0001443104174000545,0.0,-0.0002070590531887884,0.0,0.00098145266608338
135887612.5184674,0.0,0.0010998589626664322,0.0,-0.0002438299084027589,0.0,-0.00023404620888361878,0.0,-0.00010267449740887577,0.0,-0.00024382990840275895,0.0,0.0011198379429287822,0.0,-0.0002179620925329593,0.0,-0.00015024418867387894,0.0,-0.0002340462088836188,0.0,-0.00021796209253295928,0.0,0.0011538965134238889,0.0,-0.00021557292962219178,0.0,-0.00010267449740887578,0.0,-0.00015024418867387894,0.0,-0.00021557292962219178,0.0,0.0010218081424346094
141475053.99468037,0.0,0.001145083081863845,0.0,-0.0002538557328182526,0.0,-0.00024366974608933,0.0,-0.00010689627844350621,0.0,-0.0002538557328182526,0.0,0.0011658835599868268,0.0,-0.00022692428131153774,0.0,-0.00015642194539355273,0.0,-0.00024366974608933006,0.0,-0.00022692428131153771,0.0,0.0012013425544490483,0.0,-0.0002244368805430756,0.0,-0.00010689627844350622,0.0,-0.00015642194539355284,0.0,-0.0002244368805430756,0.0,0.0010638229596056405
147292240.49085137,0.0,0.0011921667312615875,0.0,-0.00026429380016107507,0.0,-0.00025368898493358284,0.0,-0.00011129165112508073,0.0,-0.0002642938001610751,0.0,0.0012138224856826467,0.0,-0.00023625497833285449,0.0,-0.00016285371977889696,0.0,-0.00025368898493358284,0.0,-0.00023625497833285443,0.0,0.0012507394868953813,0.0,-0.00023366530035189234,0.0,-0.00011129165112508072,0.0,-0.00016285371977889696,0.0,-0.00023366530035189237,0.0,0.0011075653465508844
153348618.68743697,0.0,0.0012411863712225657,0.0,-0.00027516106108027946,0.0,-0.00026412019591893755,0.0,-0.00011586775321362093,0.0,-0.0002751610610802795,0.0,0.0012637325692845748,0.0,-0.00024596933595849444,0.0,-0.00016954995655562682,0.0,-0.00026412019591893766,0.0,-0.00024596933595849444,0.0,0.0013021675277263057,0.0,-0.0002432731753196013,0.0,-0.00011586775321362092,0.0,-0.0001695499565556268,0.0,-0.00024327317531960133,0.0,0.0011531063376702447
159654023.69451743,0.0,0.0012922216060151175,0.0,-0.0002864751632035307,0.0,-0.0002749803185602299,0.0,-0.0001206320159603331,0.0,-0.0002864751632035307,0.0,0.0013156948610755375,0.0,-0.0002560831295864771,0.0,-0.0001765215299168136,0.0,-0.00027498031856023,0.0,-0.0002560831295864772,0.0,0.0013557101922749737,0.0,-0.00025327610792426423,0.0,-0.00012063201596033312,0.0,-0.00017652152991681362,0.0,-0.00025327610792426423,0.0,0.0012005198881637244
166218695.02328777,0.0,0.0013453553130844513,0.0,-0.0002982544797955472,0.0,-0.00028628698889308966,0.0,-0.0001255921761754105,0.0,-0.0002982544797955472,0.0,0.0013697937439727155,0.0,-0.00026661278326933546,0.0,-0.00018377976118176965,0.0,-0.00028628698889308966,0.0,-0.00026661278326933546,0.0,0.0014114544298669946,0.0,-0.0002636903421883146,0.0,-0.0001255921761754105,0.0,-0.00018377976118176965,0.0,-0.00026369034218831465,0.0,0.0012498829941291999
173053293.21426633,0.0,0.0014006737776394891,0.0,-0.0003105181395949235,0.0,-0.0002980585681135574,0.0,-0.00013075628879204038,0.0,-0.0003105181395949236,0.0,0.0014261170705591629,0.0,-0.000277575396385562,0.0,-0.00019133643718103322,0.0,-0.00029805856811355736,0.0,-0.000277575396385562,0.0,0.0014694907650197042,0.0,-0.00027453279005764893,0.0,-0.00013075628879204038,0.0,-0.00019133643718103322,0.0,-0.0002745327900576489,0.0,0.001301275817598386
180168917.14922383,0.0,0.0014582668327736588,0.0,-0.00032328605787778676,0.0,-0.0003103141723953091,0.0,-0.00013613273994701996,0.0,-0.0003232860578777867,0.0,0.001484756305749896,0.0,-0.0002889887714077347,0.0,-0.00019920382939730933,0.0,-0.0003103141723953089,0.0,-0.0002889887714077347,0.0,0.0015299134444472877,0.0,-0.00028582105886537494,0.0,-0.0001361327399470199,0.0,-0.00019920382939730928,0.0,-0.00028582105886537494,0.0,0.0013547818167140451
187577122.07494614,0.0,0.0015182280053471925,0.0,-0.0003365789687987306,0.0,-0.00032307370393290687,0.0,-0.00014173026059922155,0.0,-0.0003365789687987307,0.0,0.001545806675324152,0.0,-0.0003008714428124144,0.0,-0.00020739471389344917,0.0,-0.0003230737039329069,0.0,-0.0003008714428124146,0.0,0.0015928205901104655,0.0,-0.00029757347992481823,0.0,-0.00014173026059922158,0.0,-0.00020739471389344923,0.0,-0.00029757347992481823,0.0,0.0014104878812598368
195289938.36810002,0.0,0.0015806546678678258,0.0,-0.0003504184590615494,0.0,-0.00033635788326149104,0.0,-0.00014755794070802435,0.0,-0.0003504184590615495,0.0,0.0016093673205650064,0.0,-0.00031324270717876475,0.0,-0.00021592239205983163,0.0,-0.000336357883261491,0.0,-0.0003132427071787647,0.0,0.0016583143585592985,0.0,-0.00030980913829821845,0.0,-0.0001475579407080243,0.0,-0.00021592239205983169,0.0,-0.0003098091382982185,0.0,0.0014684844737628947
203319891.07167485,0.0,0.0016456481966165492,0.0,-0.00036482700297444705,0.0,-0.00035018828290539565,0.0,-0.00015362524399473518,0.0,-0.00036482700297444705,0.0,0.0016755414592574838,0.0,-0.00032612265452476737,0.0,-0.00022480071221483663,0.0,-0.0003501882829053956,0.0,-0.0003261226545247673,0.0,0.0017265011068278682,0.0,-0.00032254790378945865,0.0,-0.00015362524399473515,0.0,-0.00022480071221483674,0.0,-0.00032254790378945865,0.0,0.0015288657763982798
211680020.23472562,0.0,0.0017133141362751826,0.0,-0.0003798279989466506,0.0,-0.0003645873624103321,0.0,-0.00015994202331097242,0.0,-0.00037982799894665067,0.0,0.0017444365533066002,0.0,-0.00033953220093192586,0.0,-0.00023404409209348972,0.0,-0.00036458736241033203,0.0,-0.000339532200931926,0.0,0.001797491565150231,0.0,-0.0003358104632111562,0.0,-0.00015994202331097242,0.0,-0.00023404409209348966,0.0,-0.0003358104632111562,0.0,0.001591729843933865
220383902.0884485,0.0,0.0017837623713231404,0.0,-0.000395445807485698,0.0,-0.00037957850481603076,0.0,-0.00016651853663896815,0.0,-0.00039544580748569806,0.0,0.0018161644832475545,0.0,-0.00035349312251143527,0.0,-0.00024366754226079747,0.0,-0.0003795785048160308,0.0,-0.00035349312251143527,0.0,0.0018714010167781299,0.0,-0.0003496183539785172,0.0,-0.00016651853663896826,0.0,-0.00024366754226079742,0.0,-0.0003496183539785171,0.0,0.0016571787629640242
229445671.0929728,0.0,0.0018571073044816682,0.0,-0.00041170579075709327,0.0,-0.0003951860546285626,0.0,-0.00017336546374977028,0.0,-0.00041170579075709327,0.0,0.0018908417299314138,0.0,-0.0003680280907669707,0.0,-0.0002536866904877915,0.0,-0.00039518605462856264,0.0,-0.00036802809076697077,0.0,0.0019483494851924392,0.0,-0.0003639939990845005,0.0,-0.00017336546374977033,0.0,-0.00025368669048779144,0.0,-0.00036399399908450047,0.0,0.0017253188176906912
238880042.89068297,0.0,0.0019334680424954354,0.0,-0.0004286343537705955,0.0,-0.00041143535735402266,0.0,-0.00018049392354640352,0.0,-0.0004286343537705955,0.0,0.0019685895636814346,0.0,-0.00038316070941153923,0.0,-0.0002641178071298773,0.0,-0.00041143535735402276,0.0,-0.0003831607094115392,0.0,0.0020284619290124603,0.0,-0.0003789607435131067,0.0,-0.00018049392354640352,0.0,-0.0002641178071298772,0.0,-0.00037896074351310673,0.0,0.0017962606625210693
248702338.20332998,0.0,0.0020129685895530496,0.0,-0.0004462589872599953,0.0,-0.0004283528006577526,0.0,-0.00018791549212014344,0.0,-0.0004462589872599954,0.0,0.0020495342412270704,0.0,-0.00039891555269815776,0.0,-0.0002749778315486839,0.0,-0.00042835280065775256,0.0,-0.0003989155526981579,0.0,0.0021118684449194405,0.0,-0.0003945428921498994,0.0,-0.00018791549212014328,0.0,-0.0002749778315486839,0.0,-0.00039454289214989926,0.0,0.0018701195017621819
258928507.71175063,0.0,0.002095738048660693,0.0,-0.0004646083123260342,0.0,-0.00044596585721595684,0.0,-0.00019564222154923216,0.0,-0.00046460831232603416,0.0,0.002133807210735564,0.0,-0.00041531820532662465,0.0,-0.00028628439962033523,0.0,-0.0004459658572159568,0.0,-0.00041531820532662465,0.0,0.0021987044789239726,0.0,-0.0004107657492513425,0.0,-0.0001956422215492321,0.0,-0.00028628439962033523,0.0,-0.0004107657492513424,0.0,0.001947015276704145
269575157.9585931,0.0,0.002181910831295852,0.0,-0.00048371212691495415,0.0,-0.0004643031293292973,0.0,-0.00020368665947056267,0.0,-0.00048371212691495426,0.0,0.0022215453252740474,0.0,-0.000432395303991177,0.0,-0.00029805587237480724,0.0,-0.00046430312932929744,0.0,-0.0004323953039911769,0.0,0.002289111046320287,0.0,-0.00042765565953704074,0.0,-0.0002036866594705627,0.0,-0.0002980558723748072,0.0,-0.000427655659537041,0.0,0.0020270728603959524
280659578.3161132,0.0,0.0022716268756816037,0.0,-0.0005036014542081575,0.0,-0.00048339439537091255,0.0,-0.00021206186945611175,0.0,-0.0005036014542081576,0.0,0.0023128910650487915,0.0,-0.00045017458063651274,0.0,-0.0003103113658128828,0.0,-0.0004833943953709126,0.0,-0.00045017458063651263,0.0,0.0023832349606846587,0.0,-0.00044524005097161485,0.0,-0.00021206186945611175,0.0,-0.0003103113658128828,0.0,-0.00044524005097161496,0.0,0.0021104222604300628
292199769.06283617,0.0,0.002365031874035951,0.0,-0.0005243085930015589,0.0,-0.0005032706581442929,0.0,-0.00022078145222721469,0.0,-0.0005243085930015589,0.0,0.002407992768782528,0.0,-0.00046868490749241636,0.0,-0.0003230707819491223,0.0,-0.0005032706581442928,0.0,-0.0004686849074924164,0.0,0.0024812290722897967,0.0,-0.000463547479305687,0.0,-0.00022078145222721474,0.0,-0.0003230707819491224,0.0,-0.000463547479305687,0.0,0.002197198830065118
304214470.6146767,0.0,0.002462277509165188,0.0,-0.0005458671701564385,0.0,-0.0005239641952295386,0.0,-0.00022985956774113038,0.0,-0.0005458671701564385,0.0,0.0025070048746055496,0.0,-0.0004879563439601245,0.0,-0.00033635484113126265,0.0,-0.0005239641952295387,0.0,-0.00048795634396012444,0.0,0.0025832525163223654,0.0,-0.0004826076744483057,0.0,-0.00022985956774113046,0.0,-0.00033635484113126276,0.0,-0.0004826076744483059,0.0,0.0022875434880296097
316723193.9579882,0.0,0.0025635217007855702,0.0,-0.0005683121952069786,0.0,-0.0005455086113997632,0.0,-0.00023931095818576452,0.0,-0.0005683121952069787,0.0,0.0026100881708518175,0.0,-0.0005080201854265681,0.0,-0.00035018511568852916,0.0,-0.0005455086113997632,0.0,-0.0005080201854265678,0.0,0.002689470971306772,0.0,-0.0005024515887461209,0.0,-0.00023931095818576444,0.0,-0.0003501851156885289,0.0,-0.0005024515887461207,0.0,0.0023816029473634802
329746252.33396053,0.0,0.002668928861973237,0.0,-0.0005916801172131553,0.0,-0.0005679388931927571,0.0,-0.0002491509719198912,0.0,-0.0005916801172131553,0.0,0.0027174100571673077,0.0,-0.0005289090140857663,0.0,-0.00036458406496350175,0.0,-0.000567938893192757,0.0,-0.0005289090140857664,0.0,0.00280005692815481,0.0,-0.0005231114472477015,0.0,-0.00024915097191989115,0.0,-0.0003645840649635018,0.0,-0.0005231114472477017,0.0,0.002479529953669234
343304794.22582114,0.0,0.0027786701661588887,0.0,-0.0006160088839513159,0.0,-0.0005912914657265368,0.0,-0.0002593955883977528,0.0,-0.0006160088839513159,0.0,0.0028291448163546584,0.0,-0.0005506567518498992,0.0,-0.0003795750717844254,0.0,-0.0005912914657265367,0.0,-0.0005506567518498992,0.0,0.0029151899702781563,0.0,-0.0005446208000346332,0.0,-0.0002593955883977529,0.0,-0.00037957507178442557,0.0,-0.0005446208000346332,0.0,0.0025814835331594986
357420837.7024068,0.0,0.002892923825100773,0.0,-0.0006413380035385593,0.0,-0.0006156042518510428,0.0,-0.00027006144411851116,0.0,-0.0006413380035385594,0.0,0.0029454738973955417,0.0,-0.000573298715435982,0.0,-0.00039518248043719426,0.0,-0.0006156042518510429,0.0,-0.0005732987154359819,0.0,0.003035057065218533,0.0,-0.0005670145767043666,0.0,-0.00027006144411851116,0.0,-0.0003951824804371943,0.0,-0.0005670145767043667,0.0,0.0026876292509038294
372117306.1738785,0.0,0.003011875378287388,0.0,-0.0006677086085909952,0.0,-0.0006409167337320393,0.0,-0.0002811658596426905,0.0,-0.0006677086085909956,0.0,0.0030665862101103883,0.0,-0.0005968716737176008,0.0,-0.00041143163619866886,0.0,-0.0006409167337320394,0.0,-0.0005968716737176009,0.0,0.0031598528682691652,0.0,-0.0005903291430932988,0.0,-0.0002811658596426906,0.0,-0.00041143163619866897,0.0,-0.000590329143093299,0.0,0.002798139479694129
387418065.6176431,0.0,0.0031357179942398962,0.0,-0.0006951635230200701,0.0,-0.0006672700169672324,0.0,-0.00029272686771948734,0.0,-0.0006951635230200701,0.0,0.003192678431933955,0.0,-0.0006214139074348439,0.0,-0.00042834892649553237,0.0,-0.0006672700169672325,0.0,-0.0006214139074348438,0.0,0.0032897800385805736,0.0,-0.0006146023603322029,0.0,-0.0002927268677194875,0.0,-0.0004283489264955324,0.0,-0.0006146023603322029,0.0,0.002913193679965306
403347963.3349353,0.0,0.003264652784203493,0.0,-0.0007237473315754289,0.0,-0.0006947068973387185,0.0,-0.0003047632425706202,0.0,-0.0007237473315754292,0.0,0.003323955327304929,0.0,-0.0006469652713593895,0.0,-0.00044596182375551745,0.0,-0.0006947068973387185,0.0,-0.0006469652713593893,0.0,0.003425049568264044,0.0,-0.0006398736463299008,0.0,-0.00030476324257062027,0.0,-0.0004459618237555176,0.0,-0.0006398736463299008,0.0,0.0030329786912257515
419932868.3009959,0.0,0.003398889128737206,0.0,-0.000753506452247252,0.0,-0.0007232719303101683,0.0,-0.0003172945303782768,0.0,-0.0007535064522472522,0.0,0.0034606300801882247,0.0,-0.0006735672590157078,0.0,-0.00046429893002059773,0.0,-0.0007232719303101681,0.0,-0.0006735672590157078,0.0,0.003565881125027197,0.0,-0.000666184039785032,0.0,-0.0003172945303782768,0.0,-0.00046429893002059773,0.0,-0.0006661840397850323,0.0,0.0031576890354708667
437199713.1743738,0.0,0.0035386450177324206,0.0,-0.0007844892116456351,0.0,-0.0007530115033816017,0.0,-0.0003303410810266678,0.0,-0.0007844892116456351,0.0,0.0036029246402699703,0.0,-0.0007012630700634733,0.0,-0.00048339002339458585,0.0,-0.0007530115033816016,0.0,-0.0007012630700634734,0.0,0.003712503408898098,0.0,-0.0006935762668298641,0.0,-0.0003303410810266678,0.0,-0.00048339002339458585,0.0,-0.000693576266829864,0.0,0.003287527233072396
455176538.0335708,0.0,0.0036841474044123365,0.0,-0.0008167459234794292,0.0,-0.0007839739114192592,0.0,-0.0003439240811487326,0.0,-0.0008167459234794291,0.0,0.003751070083387373,0.0,-0.0007300976804506166,0.0,-0.0005032661064005731,0.0,-0.000783973911419259,0.0,-0.0007300976804506168,0.0,0.003865154523617185,0.0,-0.0007220948104143686,0.0,-0.0003439240811487326,0.0,-0.000503266106400573,0.0,-0.0007220948104143684,0.0,0.003422704131656527
473892535.9120542,0.0,0.0038356325738872093,0.0,-0.0008503289702619798,0.0,-0.0008162094350828865,0.0,-0.00035806558853166423,0.0,-0.0008503289702619799,0.0,0.0039053069867787827,0.0,-0.0007601179154509354,0.0,-0.0005239594563267306,0.0,-0.0008162094350828865,0.0,-0.0007601179154509355,0.0,0.004024082363300112,0.0,-0.0007517859825432411,0.0,-0.0003580655885316643,0.0,-0.0005239594563267306,0.0,-0.0007517859825432413,0.0,0.0035634392485048272
493378100.2055832,0.0,0.00399334652686389,0.0,-0.0008852928883764554,0.0,-0.0008497704224778098,0.0,-0.0003727885679371236,0.0,-0.0008852928883764554,0.0,0.004065885819763332,0.0,-0.0007913725257048754,0.0,-0.0005455036776422394,0.0,-0.0008497704224778098,0.0,-0.0007913725257048754,0.0,0.004189545014999469,0.0,-0.0007826979994831722,0.0,-0.0003727885679371236,0.0,-0.0005455036776422397,0.0,-0.0007826979994831721,0.0,0.00370996112703408
513664874.0288369,0.0,0.004157545379132782,0.0,-0.0009216944566388987,0.0,-0.0008847113741643859,0.0,-0.00038811692839431404,0.0,-0.0009216944566388987,0.0,0.004233067350484584,0.0,-0.0008239122663869652,0.0,-0.0005679337565684626,0.0,-0.000884711374164386,0.0,-0.0008239122663869651,0.0,0.0043618111778190565,0.0,-0.0008148810600624963,0.0,-0.0003881169283943141,0.0,-0.0005679337565684626,0.0,-0.0008148810600624963,0.0,0.003862507707933886
534785801.6014837,0.0,0.00432849577748088,0.0,-0.000959592788502812,0.0,-0.0009210890316628695,0.0,-0.00040407556202647126,0.0,-0.0009595927885028122,0.0,0.004407123069378654,0.0,-0.0008577899796284538,0.0,-0.0005912861178939721,0.0,-0.0009210890316628699,0.0,-0.000857789979628454,0.0,0.004541160599261305,0.0,-0.000848387427190367,0.0,-0.0004040755620264713,0.0,-0.0005912861178939719,0.0,-0.000848387427190367,0.0,0.00402132671556469
556775181.7471672,0.0,0.004506475332706509,0.0,-0.000999049428055051,0.0,-0.0009589624695974609,0.0,-0.0004206903844738371,0.0,-0.000999049428055051,0.0,0.004588335630054666,0.0,-0.0008930606803290386,0.0,-0.0006155986841257227,0.0,-0.0009589624695974608,0.0,-0.0008930606803290386,0.0,0.004727884529516601,0.0,-0.0008832715127278684,0.0,-0.0004206903844738372,0.0,-0.0006155986841257228,0.0,-0.0008832715127278684,0.0,0.004186676060243888
579668723.5922517,0.0,0.00469177307043866,0.0,-0.0010401284499588542,0.0,-0.0009983931916291127,0.0,-0.00043798837697873647,0.0,-0.0010401284499588544,0.0,0.004776999308303258,0.0,-0.0009297816454969809,0.0,-0.0006409109370723902,0.0,-0.0009983931916291125,0.0,-0.0009297816454969808,0.0,0.004922286194431985,0.0,-0.0009195899658488426,0.0,-0.0004379883769787366,0.0,-0.0006409109370723906,0.0,-0.0009195899658488428,0.0,0.004358824257073055
603503604.5548016,0.0,0.004884689900493242,0.0,-0.0010828965635063595,0.0,-0.001039445230332928,0.0,-0.00045599763020111995,0.0,-0.0010828965635063597,0.0,0.004973420479978687,0.0,-0.0009680125072627314,0.0,-0.0006672639819599083,0.0,-0.001039445230332928,0.0,-0.000968012507262731,0.0,0.005124681287927518,0.0,-0.0009574017650339584,0.0,-0.00045599763020112005,0.0,-0.0006672639819599083,0.0,-0.0009574017650339584,0.0,0.004538050861986607
628318530.717959,0.0,0.005085539105528361,0.0,-0.0011274232209495584,0.0,-0.0010821852511823237,0.0,-0.0004747473898357171,0.0,-0.0011274232209495584,0.0,0.005177918118530571,0.0,-0.0010078153497170986,0.0,-0.0006947006141833137,0.0,-0.001082185251182324,0.0,-0.0010078153497170984,0.0,0.005335398484659832,0.0,-0.0009967683138473993,0.0,-0.00047474738983571723,0.0,-0.0006947006141833137,0.0,-0.0009967683138473998,0.0,0.00472464692572996
