omega,Overhead_Yc_real_0_0,Overhead_Yc_imag_0_0,Overhead_Yc_real_0_1,Overhead_Yc_imag_0_1,Overhead_Yc_real_0_2,Overhead_Yc_imag_0_2,Overhead_Yc_real_1_0,Overhead_Yc_imag_1_0,Overhead_Yc_real_1_1,Overhead_Yc_imag_1_1,Overhead_Yc_real_1_2,Overhead_Yc_imag_1_2,Overhead_Yc_real_2_0,Overhead_Yc_imag_2_0,Overhead_Yc_real_2_1,Overhead_Yc_imag_2_1,Overhead_Yc_real_2_2,Overhead_Yc_imag_2_2,Overhead_Zc_real_0_0,Overhead_Zc_imag_0_0,Overhead_Zc_real_0_1,Overhead_Zc_imag_0_1,Overhead_Zc_real_0_2,Overhead_Zc_imag_0_2,Overhead_Zc_real_1_0,Overhead_Zc_imag_1_0,Overhead_Zc_real_1_1,Overhead_Zc_imag_1_1,Overhead_Zc_real_1_2,Overhead_Zc_imag_1_2,Overhead_Zc_real_2_0,Overhead_Zc_imag_2_0,Overhead_Zc_real_2_1,Overhead_Zc_imag_2_1,Overhead_Zc_real_2_2,Overhead_Zc_imag_2_2,Overhead_Alpha_0,Overhead_Alpha_1,Overhead_Alpha_2,Overhead_Beta_0,Overhead_Beta_1,Overhead_Beta_2,Overhead_Tau_0,Overhead_Tau_1,Overhead_Tau_2,Overhead_H_real_0,Overhead_H_imag_0,Overhead_H_real_1,Overhead_H_imag_1,Overhead_H_real_2,Overhead_H_imag_2
6.2831853071795869e+01,1.7032837709576086e-03,6.0537765527471799e-04,-3.5247528559459462e-04,-2.0865254256802814e-04,-3.6981389769555470e-04,-2.2231687100472379e-04,-3.5247528559459478e-04,-2.0865254256802860e-04,1.7032837709576080e-03,6.0537765527471734e-04,-3.6981389769555486e-04,-2.2231687100472385e-04,-3.6981389769555453e-04,-2.2231687100472390e-04,-3.6981389769555470e-04,-2.2231687100472409e-04,1.7298025958438741e-03,6.2198162511251640e-04,6.0790527207062496e+02,-1.6952596951581563e+02,1.8740063545321769e+02,-3.0164403720883604e+00,1.9099872054090957e+02,-3.3508764968498652e+00,1.8740063545321755e+02,-3.0164403720883217e+00,6.0790527207062541e+02,-1.6952596951581569e+02,1.9099872054090972e+02,-3.3508764968499376e+00,1.9099872054090946e+02,-3.3508764968498745e+00,1.9099872054090989e+02,-3.3508764968500371e+00,6.0017122570125707e+02,-1.6814022627155404e+02,9.2480342846031994e-08,9.4729959500484133e-08,5.7311106828690320e-08,2.3355067522385631e-07,2.3556500295327111e-07,3.2139694671134419e-07,5.9000259085167556e-05,5.9509124485809189e-05,8.1192242784036925e-05,9.9852629667687764e-01,-3.7016494076434182e-03,9.9849052343457656e-01,-3.7334419283907802e-03,9.9907772717215004e-01,-5.0967983467006678e-03
6.5415379968575820e+01,1.7227324769410037e-03,5.9542160129272292e-04,-3.6022520157954504e-04,-2.0531233417130969e-04,-3.7815406602838584e-04,-2.1894084831587156e-04,-3.6022520157954498e-04,-2.0531233417130960e-04,1.7227324769410034e-03,5.9542160129272270e-04,-3.7815406602838562e-04,-2.1894084831587134e-04,-3.7815406602840373e-04,-2.1894084831622026e-04,-3.7815406602840351e-04,-2.1894084831622024e-04,1.7497560218813753e-03,6.1212218243094849e-04,6.0573111404218901e+02,-1.6431898016476731e+02,1.8745707266917915e+02,-3.5254015203983271e+00,1.9107091784867538e+02,-3.8682468473346945e+00,1.8745707266917933e+02,-3.5254015203983315e+00,6.0573111404218969e+02,-1.6431898016476728e+02,1.9107091784867546e+02,-3.8682468473347029e+00,1.9107091784876081e+02,-3.8682468472083142e+00,1.9107091784876087e+02,-3.8682468472083040e+00,5.9801936811010000e+02,-1.6306276194295680e+02,9.2977751640267610e-08,9.5255627859174225e-08,5.8262948217643627e-08,2.4186401100379880e-07,2.4391422715667304e-07,3.3392217896305113e-07,5.8687288209396231e-05,5.9184764562971630e-05,8.1024816693403689e-05,9.9851791594609307e-01,-3.8333802934320711e-03,9.9848168871287024e-01,-3.8657348924046892e-03,9.9906159983907983e-01,-5.2953449846497806e-03
6.8105136602345354e+01,1.7416386925359047e-03,5.8507612599967512e-04,-3.6775372193360807e-04,-2.0173694949742802e-04,-3.8627310265759729e-04,-2.1530352552071554e-04,-3.6775372193360802e-04,-2.0173694949742805e-04,1.7416386925359049e-03,5.8507612599967480e-04,-3.8627310265759729e-04,-2.1530352552071548e-04,-3.8627310265750448e-04,-2.1530352551979315e-04,-3.8627310265750453e-04,-2.1530352551979312e-04,1.7691681561646411e-03,6.0186177787257460e-04,6.0365264229524257e+02,-1.5927271165238537e+02,1.8748490801548130e+02,-4.0402329751399071e+00,1.9111395011920524e+02,-4.3935207170645088e+00,1.8748490801548124e+02,-4.0402329751399186e+00,6.0365264229524269e+02,-1.5927271165238534e+02,1.9111395011920519e+02,-4.3935207170645167e+00,1.9111395011898250e+02,-4.3935207173858366e+00,1.9111395011898256e+02,-4.3935207173858313e+00,5.9596075109485412e+02,-1.5814504595009279e+02,9.3452932058074592e-08,9.5758564595638211e-08,5.9258045647927303e-08,2.5054096558423846e-07,2.5262859535594552e-07,3.4694705727615184e-07,5.8391756337176588e-05,5.8878304988681514e-05,8.0860421301273973e-05,9.9850984729728065e-01,-3.9708734673378210e-03,9.9847317360702215e-01,-4.0038140197966084e-03,9.9904470373793519e-01,-5.5018048304916892e-03
7.0905490938862883e+01,1.7599791614911243e-03,5.7437619433245760e-04,-3.7504733558627767e-04,-1.9794384213055042e-04,-3.9415544530616519e-04,-2.1142228366814305e-04,-3.7504733558627772e-04,-1.9794384213055036e-04,1.7599791614911243e-03,5.7437619433245771e-04,-3.9415544530616519e-04,-2.1142228366814305e-04,-3.9415544530588931e-04,-2.1142228366496739e-04,-3.9415544530588926e-04,-2.1142228366496739e-04,1.7880143763501363e-03,5.9123544120423012e-04,6.0166564311370405e+02,-1.5438455961358670e+02,1.8748473763123332e+02,-4.5596232906814445e+00,1.9112834012735354e+02,-4.9253461465533519e+00,1.8748473763123334e+02,-4.5596232906814498e+00,6.0166564311370405e+02,-1.5438455961358670e+02,1.9112834012735357e+02,-4.9253461465533581e+00,1.9112834012657132e+02,-4.9253461476716405e+00,1.9112834012657132e+02,-4.9253461476716440e+00,5.9399121461857430e+02,-1.5338454961486570e+02,9.3906237625066779e-08,9.6239112973054392e-08,6.0298957697687306e-08,2.5959744583386499e-07,2.6172414565076143e-07,3.6049088533815181e-07,5.8112988067104401e-05,5.8589067023446320e-05,8.0698800601307965e-05,9.9850208169983912e-01,-4.1143810173376030e-03,9.9846496921134986e-01,-4.1479334650113891e-03,9.9902699166973374e-01,-5.7164829209570642e-03
7.3820990546372755e+01,1.7777340384071165e-03,5.6335833542722335e-04,-3.8209433129449366e-04,-1.9395125480468735e-04,-4.0178734486882102e-04,-2.0731550063825618e-04,-3.8209433129449361e-04,-1.9395125480468735e-04,1.7777340384071165e-03,5.6335833542722291e-04,-4.0178734486882097e-04,-2.0731550063825613e-04,-4.0178734486883029e-04,-2.0731550063838461e-04,-4.0178734486883018e-04,-2.0731550063838455e-04,1.8062734690373573e-03,5.8027993719492708e-04,5.9976594671806959e+02,-1.4965187876154482e+02,1.8745720764665109e+02,-5.0823533207584664e+00,1.9111466500584925e+02,-5.4624616881419437e+00,1.8745720764665111e+02,-5.0823533207584575e+00,5.9976594671806936e+02,-1.4965187876154482e+02,1.9111466500584928e+02,-5.4624616881419499e+00,1.9111466500588128e+02,-5.4624616880964343e+00,1.9111466500588125e+02,-5.4624616880964334e+00,5.9210663940379504e+02,-1.4877870892974485e+02,9.4338093193075827e-08,9.6697693887874409e-08,6.1388381517439761e-08,2.6904992683197592e-07,2.7121748932125303e-07,3.7457369438451543e-07,5.7850307238165143e-05,5.8316370014836752e-05,8.0539710821075228e-05,9.9849460870412565e-01,-4.2641640323074440e-03,9.9845706509786358e-01,-4.2983564612437113e-03,9.9900841371316573e-01,-5.9396957218498872e-03
7.6856369980520014e+01,1.7948870537379566e-03,5.5206025471190873e-04,-3.8888486697120120e-04,-1.8977801583731463e-04,-4.0915696208635474e-04,-2.0300234537364505e-04,-3.8888486697120109e-04,-1.8977801583731444e-04,1.7948870537379557e-03,5.5206025471190852e-04,-4.0915696208635501e-04,-2.0300234537364543e-04,-4.0915696208658974e-04,-2.0300234537214837e-04,-4.0915696208658969e-04,-2.0300234537214829e-04,1.8239278180153078e-03,5.6903337795328752e-04,5.9794943486877889e+02,-1.4507198001529642e+02,1.8740300596261497e+02,-5.6072986055751119e+00,1.9107354817432309e+02,-6.0036993415438937e+00,1.8740300596261500e+02,-5.6072986055751421e+00,5.9794943486878049e+02,-1.4507198001529636e+02,1.9107354817432321e+02,-6.0036993415439426e+00,1.9107354817383040e+02,-6.0036993421182423e+00,1.9107354817383046e+02,-6.0036993421183213e+00,5.9030295384032956e+02,-1.4432492159899957e+02,9.4748987086197967e-08,9.7134798307203508e-08,6.2529159642503936e-08,2.7891547977485316e-07,2.8112583830789231e-07,3.8921628042373659e-07,5.7603040773095685e-05,5.8059535238030337e-05,8.0382922055452448e-05,9.9848741654143935e-01,-4.4204930439729435e-03,9.9844944941135971e-01,-4.4553557555251280e-03,9.9898891707449311e-01,-6.1717717077756883e-03
8.0016558472918234e+01,1.8114254811547284e-03,5.4052035621138966e-04,-3.9541093616105673e-04,-1.8544329338815747e-04,-4.1625436058367632e-04,-1.9850251592918612e-04,-3.9541093616105694e-04,-1.8544329338815796e-04,1.8114254811547293e-03,5.4052035621138955e-04,-4.1625436058367616e-04,-1.9850251592918550e-04,-4.1625436058072144e-04,-1.9850251592903490e-04,-4.1625436058072117e-04,-1.9850251592903520e-04,1.8409633958955188e-03,5.5753473726872593e-04,5.9621204845419606e+02,-1.4064213017138056e+02,1.8732285299535363e+02,-6.1334265668190859e+00,1.9100564988682507e+02,-6.5479824608162227e+00,1.8732285299535357e+02,-6.1334265668190495e+00,5.9621204845419390e+02,-1.4064213017138076e+02,1.9100564988682501e+02,-6.5479824608161188e+00,1.9100564988662083e+02,-6.5479824603596928e+00,1.9100564988662063e+02,-6.5479824603595329e+00,5.8857614084905595e+02,-1.4002054636281721e+02,9.5139469839746674e-08,9.7550986095204783e-08,6.3724290875941138e-08,2.8921177554796749e-07,2.9146700831473622e-07,4.0444020199356793e-07,5.7370516953886024e-05,5.7817884179635126e-05,8.0228211390572275e-05,9.9848049211928758e-01,-4.5836480826925725e-03,9.9844210886303220e-01,-4.6192136569830379e-03,9.9896844587361777e-01,-6.4130513146264815e-03
8.3306687935856900e+01,1.8273402395887275e-03,5.2877742582896207e-04,-4.0166640838621575e-04,-1.8096643339384142e-04,-4.2307156823643969e-04,-1.9383607218220438e-04,-4.0166640838621532e-04,-1.8096643339384074e-04,1.8273402395887260e-03,5.2877742582896239e-04,-4.2307156823643991e-04,-1.9383607218220535e-04,-4.2307156823766793e-04,-1.9383607217484194e-04,-4.2307156823766820e-04,-1.9383607217484175e-04,1.8573698850812604e-03,5.4582352891108059e-04,5.9454979319582742e+02,-1.3635955079572787e+02,1.8721749405604766e+02,-6.6597992766971617e+00,1.9091165967816261e+02,-7.0943289148080719e+00,1.8721749405604771e+02,-6.6597992766972220e+00,5.9454979319583072e+02,-1.3635955079572724e+02,1.9091165967816264e+02,-7.0943289148082682e+00,1.9091165967558987e+02,-7.0943289175343738e+00,1.9091165967559027e+02,-7.0943289175346136e+00,5.8692224302924126e+02,-1.3586290174501914e+02,9.5510138261276521e-08,9.7946870337408906e-08,6.4976933920480083e-08,2.9995713108379741e-07,3.0225946473073053e-07,4.2026784730633393e-07,5.7152072354858173e-05,5.7590745503581505e-05,8.0075370540072185e-05,9.9847382124429795e-01,-4.7539194123275771e-03,9.9843502894888592e-01,-4.7902227646572449e-03,9.9894694103518489e-01,-6.6638879919726189e-03
8.6732101296147491e+01,1.8426257188275238e-03,5.1687005868728236e-04,-4.0764692339425614e-04,-1.7636667144191659e-04,-4.2960249895981255e-04,-1.8902311986907557e-04,-4.0764692339425679e-04,-1.7636667144191781e-04,1.8426257188275264e-03,5.1687005868728214e-04,-4.2960249895981228e-04,-1.8902311986907405e-04,-4.2960249895022858e-04,-1.8902311986500870e-04,-4.2960249895022804e-04,-1.8902311986500916e-04,1.8731405287347029e-03,5.3393921947282477e-04,5.9295875153471138e+02,-1.3222141944742705e+02,1.8708769100422862e+02,-7.1855668143071600e+00,1.9079228758187625e+02,-7.6418453373487951e+00,1.8708769100422862e+02,-7.1855668143070721e+00,5.9295875153470570e+02,-1.3222141944742839e+02,1.9079228758187608e+02,-7.6418453373484150e+00,1.9079228758051849e+02,-7.6418453375976858e+00,1.9079228758051784e+02,-7.6418453375972843e+00,5.8533737368045558e+02,-1.3184926674329975e+02,9.5861650702519944e-08,9.8323132487603955e-08,6.6290430367328402e-08,3.1117050324591058e-07,3.1352231625686100e-07,4.3672239353950515e-07,5.6947047679166132e-05,5.7377450966977875e-05,7.9924191747054990e-05,9.9846738835200688e-01,-4.9316074311403675e-03,9.9842819368120006e-01,-4.9686858642190032e-03,9.9892433988016216e-01,-6.9246475420579809e-03
9.0298361171640849e+01,1.8572798569976541e-03,5.0483657921777112e-04,-4.1334992716390975e-04,-1.7166309409418558e-04,-4.3584299380156137e-04,-1.8408377086387808e-04,-4.1334992716390877e-04,-1.7166309409418404e-04,1.8572798569976505e-03,5.0483657921777166e-04,-4.3584299380156164e-04,-1.8408377086388003e-04,-4.3584299380910920e-04,-1.8408377084786997e-04,-4.3584299380910980e-04,-1.8408377084786921e-04,1.8882722152340455e-03,5.2192113853841572e-04,5.9143508089135310e+02,-1.2822487131676331e+02,1.8693421482967065e+02,-7.7099738790273555e+00,1.9064825681675396e+02,-8.1897336436273864e+00,1.8693421482967076e+02,-7.7099738790274630e+00,5.9143508089136071e+02,-1.2822487131676195e+02,1.9064825681675396e+02,-8.1897336436279531e+00,1.9064825681282295e+02,-8.1897336511694494e+00,1.9064825681282372e+02,-8.1897336511700978e+00,5.8381771495133250e+02,-1.2797688236585071e+02,9.6194680013431110e-08,9.8680475677250537e-08,6.7668289365272619e-08,3.2287156758224319e-07,3.2527539295289383e-07,4.5382795160412567e-07,5.6754799502274849e-05,5.7177347167191193e-05,7.9774489264246954e-05,9.9846117721553695e-01,-5.1170239223962011e-03,9.9842158629118893e-01,-5.1549171672005487e-03,9.9890057630179907e-01,-7.1957104024698336e-03
9.4011258904507542e+01,1.8713037075471291e-03,4.9271425304939491e-04,-4.1877443409553118e-04,-1.6687424752117534e-04,-4.4179061554145733e-04,-1.7903770299222807e-04,-4.1877443409553292e-04,-1.6687424752117455e-04,1.8713037075471276e-03,4.9271425304939112e-04,-4.4179061554145549e-04,-1.7903770299222766e-04,-4.4179061549006165e-04,-1.7903770304152864e-04,-4.4179061549006366e-04,-1.7903770304152964e-04,1.9027650759173523e-03,5.0980766706141666e-04,5.8997503275225847e+02,-1.2436700339264678e+02,1.8675783830491184e+02,-8.2323449991526356e+00,1.9048029552823090e+02,-8.7372776124210585e+00,1.8675783830491176e+02,-8.2323449991525290e+00,5.8997503275225847e+02,-1.2436700339263848e+02,1.9048029552823346e+02,-8.7372776124210105e+00,1.9048029551454417e+02,-8.7372775719738343e+00,1.9048029551454678e+02,-8.7372775719728306e+00,5.8235953576661473e+02,-1.2424295488746117e+02,9.6509964469452047e-08,9.9019675329217257e-08,6.9114224292672235e-08,3.3508067259228436e-07,3.3753920073748157e-07,4.7160944686475269e-07,5.6574688320307711e-05,5.6989783773188332e-05,7.9626071115569528e-05,9.9845517010851914e-01,-5.3104913244680571e-03,9.9841518839654764e-01,-5.3492415846711208e-03,9.9887558014134359e-01,-7.4774697351111339e-03
9.7876823965948702e+01,1.8847017069098262e-03,4.8053940292770123e-04,-4.2392115073474859e-04,-1.6201819488170500e-04,-4.4744476917856055e-04,-1.7390423497476123e-04,-4.2392115073474891e-04,-1.6201819488170899e-04,1.8847017069098346e-03,4.8053940292770296e-04,-4.4744476917856190e-04,-1.7390423497475730e-04,-4.4744476914188107e-04,-1.7390423495010173e-04,-4.4744476914187808e-04,-1.7390423495010300e-04,1.9166227450806866e-03,4.9763635682750166e-04,5.8857494743771633e+02,-1.2064486849676872e+02,1.8655932985166530e+02,-8.7520903815904880e+00,1.9028913112008286e+02,-9.2838481368364114e+00,1.8655932985166530e+02,-8.7520903815904312e+00,5.8857494743770144e+02,-1.2064486849677834e+02,1.9028913112008090e+02,-9.2838481368342016e+00,1.9028913111599195e+02,-9.2838481447683208e+00,1.9028913111598831e+02,-9.2838481447668215e+00,5.8095918646333394e+02,-1.2064465007328711e+02,9.6808266832793226e-08,9.9341537559156550e-08,7.0632183626124963e-08,3.4781896380568498e-07,3.5033504475430446e-07,4.9009270059245748e-07,5.6406096811557098e-05,5.6814131796253424e-05,7.9478749559209027e-05,9.9844934840763722e-01,-5.5123446991272706e-03,9.9840898061399930e-01,-5.5519966840825259e-03,9.9884927663072443e-01,-7.7703326964844045e-03
1.0190133374761122e+02,1.8974808032096483e-03,4.6834699260074429e-04,-4.2879205954988661e-04,-1.5711232561053162e-04,-4.5280628208613927e-04,-1.6870206533313925e-04,-4.2879205954988602e-04,-1.5711232561052958e-04,1.8974808032096442e-03,4.6834699260074380e-04,-4.5280628208613899e-04,-1.6870206533314139e-04,-4.5280628210054815e-04,-1.6870206533734720e-04,-4.5280628210054945e-04,-1.6870206533734657e-04,1.9298515086035514e-03,4.8544345020571679e-04,5.8723125725734440e+02,-1.1705550309374004e+02,1.8633944407855691e+02,-9.2687048231828690e+00,1.9007547924387168e+02,-9.8289029408749862e+00,1.8633944407855697e+02,-9.2687048231829348e+00,5.8723125725735235e+02,-1.1705550309373616e+02,1.9007547924387237e+02,-9.8289029408758779e+00,1.9007547924372437e+02,-9.8289029401431058e+00,1.9007547924372597e+02,-9.8289029401437880e+00,5.7961310215397373e+02,-1.1717911970858628e+02,9.7090310164575965e-08,9.9646837245754602e-08,7.2226248589032456e-08,3.6110834944606510e-07,3.6368499411451313e-07,5.0930467378103494e-07,5.6248419214483650e-05,5.6649772962465260e-05,7.9332374459567241e-05,9.9844369357313922e-01,-5.7229311919155196e-03,9.9840294350364489e-01,-5.7635321347304534e-03,9.9882158792066389e-01,-8.0747242967126546e-03
1.0609132375560732e+02,1.9096507520367156e-03,4.5617004586738931e-04,-4.3339051802210185e-04,-1.5217305534629899e-04,-4.5787754361627437e-04,-1.6344898064279926e-04,-4.3339051802210484e-04,-1.5217305534629720e-04,1.9096507520367124e-03,4.5617004586738383e-04,-4.5787754361627025e-04,-1.6344898064279913e-04,-4.5787754360983806e-04,-1.6344898072843752e-04,-4.5787754360984147e-04,-1.6344898072843774e-04,1.9424606119438212e-03,4.7326333486378549e-04,5.8594051047160974e+02,-1.1359590298183861e+02,1.8609892207039226e+02,-9.7817462967362658e+00,1.8984004443109473e+02,-1.0371966013269311e+01,1.8609892207039226e+02,-9.7817462967359674e+00,5.8594051047161213e+02,-1.1359590298182530e+02,1.8984004443109887e+02,-1.0371966013271367e+01,1.8984004443661706e+02,-1.0371965965074804e+01,1.8984004443662158e+02,-1.0371965965075196e+01,5.7831782467356754e+02,-1.1384347722975365e+02,9.7356929457727258e-08,9.9936466309343670e-08,7.3900811150486319e-08,3.7497152985115547e-07,3.7761191315624561e-07,5.2927305314077141e-07,5.6101062465568969e-05,5.6496101280357679e-05,7.9186760198512508e-05,9.9843818470093770e-01,-5.9426104837821620e-03,9.9839705517367017e-01,-5.9842101885225017e-03,9.9879243024026176e-01,-8.3910807932246964e-03
1.1045359822369301e+02,1.9212236983607509e-03,4.4403995183151451e-04,-4.3772107343211539e-04,-1.4721599455305926e-04,-4.6266228568891802e-04,-1.5816200022472090e-04,-4.3772107343212070e-04,-1.4721599455306153e-04,1.9212236983607498e-03,4.4403995183150128e-04,-4.6266228568891450e-04,-1.5816200022471347e-04,-4.6266228569574931e-04,-1.5816200046695955e-04,-4.6266228569575733e-04,-1.5816200046696625e-04,1.9544618346639827e-03,4.6112879978290504e-04,5.8469935161141200e+02,-1.1026304697673048e+02,1.8583847971098638e+02,-1.0290851164282262e+01,1.8958350769592030e+02,-1.0912642016223773e+01,1.8583847971098524e+02,-1.0290851164282042e+01,5.8469935161140256e+02,-1.1026304697670805e+02,1.8958350769593457e+02,-1.0912642016219360e+01,1.8958350771063786e+02,-1.0912641887832647e+01,1.8958350771065045e+02,-1.0912641887825011e+01,5.7706998396297604e+02,-1.1063482067007426e+02,9.7608929705388397e-08,1.0021129461994580e-07,7.5660470834218942e-08,3.8943209492453825e-07,3.9213955786687819e-07,5.5002667787170260e-07,5.5963456785938013e-05,5.6352533565556109e-05,7.9041749818156882e-05,9.9843280071702656e-01,-6.1717563462919799e-03,9.9839129342918920e-01,-6.2144072184279024e-03,9.9876171540651981e-01,-8.7198564465293203e-03
1.1499524116283990e+02,1.9322139847548173e-03,4.3198585684007325e-04,-4.4178937960146972e-04,-1.4225563181660618e-04,-4.6716552733826449e-04,-1.5285704959856406e-04,-4.4178937960146912e-04,-1.4225563181662155e-04,1.9322139847548498e-03,4.3198585684003753e-04,-4.6716552733828433e-04,-1.5285704959854506e-04,-4.6716552597461907e-04,-1.5285705090002367e-04,-4.6716552597461728e-04,-1.5285705090006731e-04,1.9658693178863278e-03,4.4907044911422479e-04,5.8350454473439561e+02,-1.0705390149684995e+02,1.8555880729076446e+02,-1.0795727272049424e+01,1.8930652629089838e+02,-1.1450611192416744e+01,1.8555880729076131e+02,-1.0795727272053739e+01,5.8350454473432876e+02,-1.0705390149681487e+02,1.8930652629091603e+02,-1.1450611192352650e+01,1.8930652589866003e+02,-1.1450610299701189e+01,1.8930652589866594e+02,-1.1450610299635690e+01,5.7586631949545256e+02,-1.0755023715385587e+02,9.7847180688716461e-08,1.0047225905345481e-07,7.7509951377266362e-08,4.0451453612589689e-07,4.0729259112163723e-07,5.7159557277487007e-07,5.5835051880386702e-05,5.6218506196514056e-05,7.8897210384922510e-05,9.9842751882376268e-01,-6.4107568211684649e-03,9.9838563430853333e-01,-6.4545139497514869e-03,9.9872935205777746e-01,-9.0615240326930163e-03
1.1972362786514542e+02,1.9426373848596063e-03,4.2003622833969913e-04,-4.4560174211742259e-04,-1.3730617479742969e-04,-4.7139295304778024e-04,-1.4754973219337087e-04,-4.4560174211742264e-04,-1.3730617479742967e-04,1.9426373848596061e-03,4.2003622833969940e-04,-4.7139295304778013e-04,-1.4754973219337098e-04,-4.7139295305832481e-04,-1.4754973218455321e-04,-4.7139295305832470e-04,-1.4754973218455292e-04,1.9766986217904731e-03,4.3711810642830981e-04,5.8235292155351169e+02,-1.0396538663970321e+02,1.8526057447455406e+02,-1.1296106162762355e+01,1.8900973558743115e+02,-1.1985574139910987e+01,1.8526057447455403e+02,-1.1296106162762328e+01,5.8235292155351203e+02,-1.0396538663970335e+02,1.8900973558743121e+02,-1.1985574139911394e+01,1.8900973559043499e+02,-1.1985574145844446e+01,1.8900973559043507e+02,-1.1985574145844838e+01,5.7470363376815260e+02,-1.0458676887769361e+02,9.8072247255713770e-08,1.0072000597140045e-07,7.9454766246945551e-08,4.2024432353864479e-07,4.2309663281453497e-07,5.9400999888852666e-07,5.5715322335068323e-05,5.6093476950857945e-05,7.8752898503540268e-05,9.9842232029698652e-01,-6.6600154779423654e-03,9.9838005768894356e-01,-6.7049362896442711e-03,9.9869523515626002e-01,-9.4165596704557011e-03
1.2464643688076109e+02,1.9525114280027182e-03,4.0821483636923819e-04,-4.4916539469600479e-04,-1.3237946549595273e-04,-4.7535155509802749e-04,-1.4225327494547230e-04,-4.4916539469600490e-04,-1.3237946549595273e-04,1.9525114280027191e-03,4.0821483636923830e-04,-4.7535155509802754e-04,-1.4225327494547232e-04,-4.7535155509474133e-04,-1.4225327494243176e-04,-4.7535155509474138e-04,-1.4225327494243179e-04,1.9869674833981662e-03,4.2529702957344671e-04,5.8124149396667156e+02,-1.0099448520608438e+02,1.8494439698512247e+02,-1.1791828942088745e+01,1.8869371880675726e+02,-1.2517354264031843e+01,1.8494439698512247e+02,-1.1791828942088744e+01,5.8124149396667156e+02,-1.0099448520608439e+02,1.8869371880675720e+02,-1.2517354264031923e+01,1.8869371880565203e+02,-1.2517354264803691e+01,1.8869371880565197e+02,-1.2517354264803780e+01,5.7357889294976746e+02,-1.0174151794899211e+02,9.8285199606822374e-08,1.0095568695342102e-07,8.1499890326975437e-08,4.3664775301087149e-07,4.3957816914270154e-07,6.1730267261998519e-07,5.5603742203057757e-05,5.5976908220788080e-05,7.8608760569450631e-05,9.9841717760230064e-01,-6.9199489069856146e-03,9.9837453462711545e-01,-6.9660938056324249e-03,9.9865926663347815e-01,-9.7854781615116307e-03
1.2977166248729000e+02,1.9618549101488693e-03,3.9654501950766560e-04,-4.5248814791795081e-04,-1.2748718226810346e-04,-4.7904887205976699e-04,-1.3698070861588001e-04,-4.5248814791795075e-04,-1.2748718226810344e-04,1.9618549101488685e-03,3.9654501950766560e-04,-4.7904887205976699e-04,-1.3698070861587996e-04,-4.7904887206010890e-04,-1.3698070861361256e-04,-4.7904887206010890e-04,-1.3698070861361251e-04,1.9966948357527936e-03,4.1363194423793244e-04,5.8016733971335623e+02,-9.8138127650825794e+01,1.8461086813121605e+02,-1.2282748742204376e+01,1.8835903553804573e+02,-1.3045782524064219e+01,1.8461086813121608e+02,-1.2282748742204372e+01,5.8016733971335657e+02,-9.8138127650825865e+01,1.8835903553804576e+02,-1.3045782524064233e+01,1.8835903553774500e+02,-1.3045782525034408e+01,1.8835903553774500e+02,-1.3045782525034413e+01,5.7248912386527604e+02,-9.9011535853419772e+01,9.8486759474881597e-08,1.0118011389900505e-07,8.3651153085900561e-08,4.5375229989172428e-07,4.5676484046132718e-07,6.4150649001804101e-07,5.5499827186969961e-05,5.5868300208586812e-05,7.8464614600998742e-05,9.9841206782580583e-01,-7.1909924105709863e-03,9.9836904065384013e-01,-7.2384243717937193e-03,9.9862133353484017e-01,-1.0168796680795050e-02
1.3510762767190218e+02,1.9706875806030769e-03,3.8504746547679411e-04,-4.5557828820045693e-04,-1.2263970645164611e-04,-4.8249308049842121e-04,-1.3174371186984918e-04,-4.5557828820045687e-04,-1.2263970645164614e-04,1.9706875806030769e-03,3.8504746547679384e-04,-4.8249308049842121e-04,-1.3174371186984912e-04,-4.8249308048351586e-04,-1.3174371184980819e-04,-4.8249308048351581e-04,-1.3174371184980813e-04,2.0059007424163642e-03,4.0214491111866468e-04,5.7912765770010719e+02,-9.5393264299594449e+01,1.8426053847578214e+02,-1.2768771539923975e+01,1.8800620181723460e+02,-1.3570747222215310e+01,1.8426053847578217e+02,-1.2768771539923977e+01,5.7912765770010731e+02,-9.5393264299594449e+01,1.8800620181723465e+02,-1.3570747222215292e+01,1.8800620180939569e+02,-1.3570747227482798e+01,1.8800620180939569e+02,-1.3570747227482782e+01,5.7143146364112874e+02,-9.6393892089108334e+01,9.8677727468837905e-08,1.0139418353832609e-07,8.5914530648614832e-08,4.7158645332173461e-07,4.7468530963529626e-07,6.6665574424358781e-07,5.5403105990474797e-05,5.5767167051983652e-05,7.8320313480862439e-05,9.9840696584940691e-01,-7.4735973312941573e-03,9.9836354899040791e-01,-7.5223820367068478e-03,9.9858131896176927e-01,-1.0567054142738192e-02
1.4066299764724951e+02,1.9790299432847335e-03,3.7374062481742242e-04,-4.5844446952611912e-04,-1.1784633895631135e-04,-4.8569283486740456e-04,-1.2655281852697582e-04,-4.5844446952611917e-04,-1.1784633895631131e-04,1.9790299432847344e-03,3.7374062481742291e-04,-4.8569283486740462e-04,-1.2655281852697603e-04,-4.8569283483059612e-04,-1.2655281847992404e-04,-4.8569283483059617e-04,-1.2655281847992407e-04,2.0146061420562955e-03,3.9085571005819926e-04,5.7811975946147925e+02,-9.2756856462416806e+01,1.8389391702119386e+02,-1.3249841876093379e+01,1.8763569052132536e+02,-1.4092177698961619e+01,1.8389391702119386e+02,-1.3249841876093374e+01,5.7811975946147902e+02,-9.2756856462416835e+01,1.8763569052132530e+02,-1.4092177698961743e+01,1.8763569050293782e+02,-1.4092177711571175e+01,1.8763569050293776e+02,-1.4092177711571317e+01,5.7040315157657710e+02,-9.3885665200855868e+01,9.8858898939734562e-08,1.0159879413802666e-07,8.8296325054958766e-08,4.9017984581753855e-07,4.9336938490742504e-07,6.9278594168966946e-07,5.5313130998847001e-05,5.5673046640034954e-05,7.8175714227761870e-05,9.9840184559506207e-01,-7.7682331120419983e-03,9.9835803177932936e-01,-7.8184389764751391e-03,9.9853909914295436e-01,-1.0980808220792596e-02
1.4644679392313063e+02,1.9869030016687128e-03,3.6264085797690481e-04,-4.6109558790082000e-04,-1.1311537431620472e-04,-4.8865712519559909e-04,-1.2141748726994209e-04,-4.6109558790081962e-04,-1.1311537431620506e-04,1.9869030016687107e-03,3.6264085797690215e-04,-4.8865712519559888e-04,-1.2141748726994109e-04,-4.8865712515729369e-04,-1.2141748723435682e-04,-4.8865712515729423e-04,-1.2141748723435670e-04,2.0228325803027507e-03,3.7978198139873294e-04,5.7714106195124623e+02,-9.0225880731336815e+01,1.8351147158198089e+02,-1.3725935872788343e+01,1.8724793140132209e+02,-1.4610037018935230e+01,1.8351147158198083e+02,-1.3725935872788369e+01,5.7714106195124668e+02,-9.0225880731336360e+01,1.8724793140132249e+02,-1.4610037018934518e+01,1.8724793138151151e+02,-1.4610037024937460e+01,1.8724793138151179e+02,-1.4610037024936640e+01,5.6940152229560090e+02,-9.1483946513134441e+01,9.9031064974649130e-08,1.0179484620398686e-07,9.0803155195000910e-08,5.0956324488420534e-07,5.1284801181738825e-07,7.1993377444807905e-07,5.5229471326565507e-05,5.5585493749634708e-05,7.8030670681402461e-05,9.9839667992893177e-01,-8.0753871604886934e-03,9.9835245999225752e-01,-8.1270853636923254e-03,9.9849454346250077e-01,-1.1410634869873499e-02
1.5246840895675493e+02,1.9943281182467358e-03,3.5176242865242501e-04,-4.6354071422353077e-04,-1.0845410062480553e-04,-4.9139519861247536e-04,-1.1634609355487236e-04,-4.6354071422353093e-04,-1.0845410062480546e-04,1.9943281182467358e-03,3.5176242865242533e-04,-4.9139519861247515e-04,-1.1634609355487245e-04,-4.9139519862022567e-04,-1.1634609356267403e-04,-4.9139519862022578e-04,-1.1634609356267410e-04,2.0306020616361487e-03,3.6893920923599294e-04,5.7618909004670070e+02,-8.7797332621931616e+01,1.8311362557124215e+02,-1.4197058552485535e+01,1.8684330740547333e+02,-1.5124318965603241e+01,1.8311362557124221e+02,-1.4197058552485535e+01,5.7618909004670081e+02,-8.7797332621931687e+01,1.8684330740547335e+02,-1.5124318965603326e+01,1.8684330740931287e+02,-1.5124318963979423e+01,1.8684330740931281e+02,-1.5124318963979519e+01,5.6842400759841280e+02,-8.9185843193179565e+01,9.9194997506660220e-08,1.0198322811512308e-07,9.3441987585983471e-08,5.2976867181191079e-07,5.3315339124641379e-07,7.4813721651420267e-07,5.5151720352702212e-05,5.5504087545510367e-05,7.7885040671656910e-05,9.9839144079498632e-01,-8.3955667309484720e-03,9.9834680355441818e-01,-8.4488312367722446e-03,9.9844751382714825e-01,-1.1857129799524834e-02
1.5873762140539807e+02,2.0013267616776930e-03,3.4111746810184813e-04,-4.6578896568573246e-04,-1.0386878443378154e-04,-4.9391642641558194e-04,-1.1134590601504565e-04,-4.6578896568573225e-04,-1.0386878443378169e-04,2.0013267616776922e-03,3.4111746810184607e-04,-4.9391642641558216e-04,-1.1134590601504496e-04,-4.9391642641453146e-04,-1.1134590601944444e-04,-4.9391642641453178e-04,-1.1134590601944434e-04,2.0379367954712307e-03,3.5834067733306031e-04,5.7526147758800300e+02,-8.5468234469424999e+01,1.8270075467166780e+02,-1.4663238683816481e+01,1.8642215099515863e+02,-1.5635042906441056e+01,1.8270075467166774e+02,-1.4663238683816505e+01,5.7526147758800334e+02,-8.5468234469424672e+01,1.8642215099515883e+02,-1.5635042906440566e+01,1.8642215099237873e+02,-1.5635042902656142e+01,1.8642215099237882e+02,-1.5635042902655595e+01,5.6746813738057926e+02,-8.6988485171108110e+01,9.9351454640298588e-08,1.0216482130022119e-07,9.6220136096627667e-08,5.5082949498655847e-07,5.5431907454023611e-07,7.7743559993642343e-07,5.5079498668682240e-05,5.5428434762574119e-05,7.7738689524476775e-05,9.9838609902215436e-01,-8.7293003996730852e-03,9.9834103115286754e-01,-8.7842080033908258e-03,9.9839786451780177e-01,-1.2320909630047189e-02
1.6526461200621813e+02,2.0079203599211843e-03,3.3071638540590196e-04,-4.6784944336011164e-04,-9.9364873632575197e-05,-4.9623020959294929e-04,-1.0642329656329802e-04,-4.6784944336011132e-04,-9.9364873632575441e-05,2.0079203599211830e-03,3.3071638540589957e-04,-4.9623020959294961e-04,-1.0642329656329717e-04,-4.9623020953763644e-04,-1.0642329655055880e-04,-4.9623020953763676e-04,-1.0642329655055863e-04,2.0448590261585640e-03,3.4799788411107836e-04,5.7435595234324944e+02,-8.3235633236915007e+01,1.8227319496454561e+02,-1.5124519793699841e+01,1.8598475172588772e+02,-1.6142243742997813e+01,1.8227319496454552e+02,-1.5124519793699854e+01,5.7435595234324967e+02,-8.3235633236914609e+01,1.8598475172588803e+02,-1.6142243742997227e+01,1.8598475170467896e+02,-1.6142243740689974e+01,1.8598475170467918e+02,-1.6142243740689299e+01,5.6653152485082126e+02,-8.4889022568013928e+01,9.9501194766703388e-08,1.0234051521522423e-07,9.9145274595852401e-08,5.7278033600376609e-07,5.7637986809012063e-07,8.0786948517734528e-07,5.5012437910416290e-05,5.5358153401958285e-05,7.7591472855217678e-05,9.9838062400949634e-01,-9.0771365718704308e-03,9.9833510990728935e-01,-9.1337669225698640e-03,9.9834544186622931e-01,-1.2802609780722134e-02
1.7205998010901936e+02,2.0141301772844539e-03,3.2056784518627520e-04,-4.6973116877946515e-04,-9.4946987667377945e-05,-4.9834591236982929e-04,-1.0158372723038577e-04,-4.6973116877946667e-04,-9.4946987667377051e-05,2.0141301772844595e-03,3.2056784518628485e-04,-4.9834591236982842e-04,-1.0158372723038905e-04,-4.9834591232017034e-04,-1.0158372728279049e-04,-4.9834591232016817e-04,-1.0158372728279106e-04,2.0513909094095647e-03,3.3792051531479628e-04,5.7347033709057621e+02,-8.1096604439946248e+01,1.8183123978352799e+02,-1.5580957372621208e+01,1.8553135285386443e+02,-1.6645968957709066e+01,1.8183123978352836e+02,-1.5580957372621075e+01,5.7347033709057496e+02,-8.1096604439947924e+01,1.8553135285386367e+02,-1.6645968957711496e+01,1.8553135286252268e+02,-1.6645968948821512e+01,1.8553135286252223e+02,-1.6645968948824198e+01,5.6561186727840004e+02,-8.2884628785174414e+01,9.9644970695067799e-08,1.0251120158944108e-07,1.0222544375630796e-07,5.9565716612784747e-07,5.9937193055130713e-07,8.3948074131991755e-07,5.4950185456685417e-05,5.5292877537977687e-05,7.7443242599962794e-05,9.9837498369553102e-01,-9.4396450073493156e-03,9.9832900533625413e-01,-9.4980806416259268e-03,9.9829008397723140e-01,-1.3302885680286078e-02
1.7913476088881166e+02,2.0199773094894307e-03,3.1067836495474692e-04,-4.7144306735825623e-04,-9.0618719624576121e-05,-5.0027286848065844e-04,-9.6831543687269002e-05,-4.7144306735825606e-04,-9.0618719624576311e-05,2.0199773094894294e-03,3.1067836495474616e-04,-5.0027286848065822e-04,-9.6831543687268690e-05,-5.0027286848891095e-04,-9.6831543681307855e-05,-5.0027286848891095e-04,-9.6831543681307787e-05,2.0575545254746526e-03,3.2811602842913734e-04,5.7260256575587448e+02,-7.9048258983412438e+01,1.8137512507059600e+02,-1.6032623460645805e+01,1.8506213680357322e+02,-1.7146283610087078e+01,1.8137512507059597e+02,-1.6032623460645809e+01,5.7260256575587448e+02,-7.9048258983412325e+01,1.8506213680357342e+02,-1.7146283610086872e+01,1.8506213680648440e+02,-1.7146283615213168e+01,1.8506213680648449e+02,-1.7146283615212919e+01,5.6470696099776251e+02,-8.0972506024610738e+01,9.9783486462649876e-08,1.0267773082605054e-07,1.0546906159379371e-07,6.1949762677320336e-07,6.2333309500850528e-07,8.7231285844213844e-07,5.4892427696080526e-05,5.5232280753926057e-05,7.7293872391098604e-05,9.9836914507327856e-01,-9.8174219017870389e-03,9.9832268187701234e-01,-9.8777483032793673e-03,9.9823162032783597e-01,-1.3822417650020033e-02
1.8650044326611896e+02,2.0254820410601547e-03,3.0105366507933575e-04,-4.7299368884289213e-04,-8.6383306037783199e-05,-5.0201999698934929e-04,-9.2170660097418451e-05,-4.7299368884289164e-04,-8.6383306037783375e-05,2.0254820410601539e-03,3.0105366507933245e-04,-5.0201999698934994e-04,-9.2170660097417489e-05,-5.0201999701202267e-04,-9.2170660130054020e-05,-5.0201999701202354e-04,-9.2170660130053925e-05,2.0633711589585044e-03,3.1859101525096381e-04,5.7175063527065015e+02,-7.7087744155672993e+01,1.8090506157537581e+02,-1.6479575380651912e+01,1.8457725570548405e+02,-1.7643236363873573e+01,1.8090506157537567e+02,-1.6479575380651990e+01,5.7175063527065060e+02,-7.7087744155672425e+01,1.8457725570548416e+02,-1.7643236363872816e+01,1.8457725571199052e+02,-1.7643236352346545e+01,1.8457725571199049e+02,-1.7643236352345742e+01,5.6381465527175249e+02,-7.9149886067590330e+01,9.9917488018474918e-08,1.0284100537215603e-07,1.0888494840009191e-07,6.4434065972047904e-07,6.4830249576859510e-07,9.0641045462964801e-07,5.4838848752029222e-05,5.5176034562897068e-05,7.7143208454758165e-05,9.9836307267558655e-01,-1.0211084008814967e-02,9.9831610132793225e-01,-1.0273389612466353e-02,9.9816987129636747e-01,-1.4361903016455537e-02
1.9416898856413573e+02,2.0306644539014387e-03,2.9169751741972636e-04,-4.7439146925473344e-04,-8.2243055873561384e-05,-5.0359615787781361e-04,-8.7603982794711479e-05,-4.7439146925473187e-04,-8.2243055873562062e-05,2.0306644539014340e-03,2.9169751741971742e-04,-5.0359615787781491e-04,-8.7603982794708511e-05,-5.0359615781905127e-04,-8.7603982789186968e-05,-5.0359615781905343e-04,-8.7603982789186453e-05,2.0688619802701901e-03,3.0935004175595710e-04,5.7091264644413434e+02,-7.5212241243535317e+01,1.8042120510662485e+02,-1.6921880568241228e+01,1.8407680305429173e+02,-1.8136886005766364e+01,1.8042120510662451e+02,-1.6921880568241399e+01,5.7091264644413525e+02,-7.5212241243533867e+01,1.8407680305429216e+02,-1.8136886005764211e+01,1.8407680301063172e+02,-1.8136885989342375e+01,1.8407680301063178e+02,-1.8136885989340080e+01,5.6293289104382836e+02,-7.7414026533764414e+01,1.0004768065095418e-07,1.0300189557817412e-07,1.1248230798715925e-07,6.7022694959047332e-07,6.7432101443300413e-07,9.4181977406131690e-07,5.4789164554073459e-05,5.5123842818636721e-05,7.6991112656475073e-05,9.9835672967375921e-01,-1.0621275659256173e-02,9.9830922396963906e-01,-1.0685651911686465e-02,9.9810464816372990e-01,-1.4922063932012055e-02
2.0215284993303081e+02,2.0355440409958007e-03,2.8261245916288020e-04,-4.7564456508343296e-04,-7.8199707413497790e-05,-5.0500992833507727e-04,-8.3133774865172370e-05,-4.7564456508343046e-04,-7.8199707413499254e-05,2.0355440409957895e-03,2.8261245916286513e-04,-5.0500992833507835e-04,-8.3133774865167003e-05,-5.0500992823607617e-04,-8.3133774783571683e-05,-5.0500992823607909e-04,-8.3133774783570544e-05,2.0740476159669314e-03,3.0039636462072817e-04,5.7008678059187332e+02,-7.3418965233097111e+01,1.7992367566329457e+02,-1.7359598494974577e+01,1.8356083190995665e+02,-1.8627281659357404e+01,1.7992367566329406e+02,-1.7359598494974804e+01,5.7008678059187446e+02,-7.3418965233094809e+01,1.8356083190995770e+02,-1.8627281659353692e+01,1.8356083182420380e+02,-1.8627281653838690e+01,1.8356083182420417e+02,-1.8627281653834672e+01,5.6205967862299497e+02,-7.5762209816992964e+01,1.0017478560419135e-07,1.0316129817885024e-07,1.1627072616259509e-07,6.9719872740318367e-07,7.0143108171362648e-07,9.7858845924707803e-07,5.4743098762264847e-05,5.5075417484182828e-05,7.6837438977704525e-05,9.9835007685566035e-01,-1.1048665633703620e-02,9.9830200751264198e-01,-1.1115207024753678e-02,9.9803575298294400e-01,-1.5503643685129402e-02
2.1046499257294212e+02,2.0401395529464445e-03,2.7380002337367711e-04,-4.7676077625633738e-04,-7.4254540371004857e-05,-5.0626950804802157e-04,-7.8761774913078855e-05,-4.7676077625633613e-04,-7.4254540371005277e-05,2.0401395529464419e-03,2.7380002337367034e-04,-5.0626950804802287e-04,-7.8761774913076497e-05,-5.0626950810078058e-04,-7.8761774930959842e-05,-5.0626950810078177e-04,-7.8761774930959219e-05,2.0789479833708212e-03,2.9173216231938000e-04,5.6927129060694608e+02,-7.1705168325846756e+01,1.7941255765906857e+02,-1.7792773290648025e+01,1.8302935481292238e+02,-1.9114454580037499e+01,1.7941255765906840e+02,-1.7792773290648174e+01,5.6927129060694654e+02,-7.1705168325845960e+01,1.8302935481292246e+02,-1.9114454580035947e+01,1.8302935480328452e+02,-1.9114454548413807e+01,1.8302935480328424e+02,-1.9114454548412255e+01,5.6119308874423325e+02,-7.4191745323288657e+01,1.0029952460884866e-07,1.0332012144387626e-07,1.2026018009184430e-07,7.2529990880262116e-07,7.2967681532847794e-07,1.0167656142657728e-06,5.4700388944439245e-05,5.5030484793662605e-05,7.6682037169268242e-05,9.9834307268222822e-01,-1.1493949348777805e-02,9.9829440714244888e-01,-1.1562753436515123e-02,9.9796297820221003e-01,-1.6107407612710678e-02
2.1911891478850168e+02,2.0444690681005739e-03,2.6526033976335988e-04,-4.7774753683475335e-04,-7.0408164794939096e-05,-5.0738274193732941e-04,-7.4488985037673373e-05,-4.7774753683474744e-04,-7.0408164794942592e-05,2.0444690681005497e-03,2.6526033976332584e-04,-5.0738274193733201e-04,-7.4488985037661053e-05,-5.0738274135089215e-04,-7.4488984437618008e-05,-5.0738274135089844e-04,-7.4488984437615338e-05,2.0835823874326368e-03,2.8335813409705783e-04,5.6846450819525751e+02,-7.0068155956307720e+01,1.7888786938299873e+02,-1.8221440891762768e+01,1.8248231360799485e+02,-1.9598426231658820e+01,1.7888786938299751e+02,-1.8221440891763272e+01,5.6846450819525865e+02,-7.0068155956302775e+01,1.8248231360799727e+02,-1.9598426231650336e+01,1.8248231320663874e+02,-1.9598426253856470e+01,1.8248231320663936e+02,-1.9598426253847354e+01,5.6033125828072014e+02,-7.2699984659133534e+01,1.0042248806546575e-07,1.0347915169948485e-07,1.2446110127584813e-07,7.5457676027097020e-07,7.5910468802490523e-07,1.0564022615888039e-06,5.4660829378130425e-05,5.4988828197369791e-05,7.6524784244138096e-05,9.9833567507037091e-01,-1.1957859431997802e-02,9.9828637732601500e-01,-1.2029026895085223e-02,9.9788610531842803e-01,-1.6734150225092930e-02
2.2812866990908461e+02,2.0485503072485848e-03,2.5699284264677364e-04,-4.7861220493997277e-04,-6.6660932924472350e-05,-5.0835736668818597e-04,-7.0316094219499182e-05,-4.7861220493997239e-04,-6.6660932924472485e-05,2.0485503072485835e-03,2.5699284264677223e-04,-5.0835736668818586e-04,-7.0316094219498627e-05,-5.0835736666100307e-04,-7.0316094192503538e-05,-5.0835736666100307e-04,-7.0316094192503361e-05,2.0879698039053029e-03,2.7527421141009336e-04,5.6766485231881154e+02,-6.8505219515424415e+01,1.7834966450290889e+02,-1.8645611762749887e+01,1.8191968044745093e+02,-2.0079187085510402e+01,1.7834966450290884e+02,-1.8645611762749905e+01,5.6766485231881154e+02,-6.8505219515424187e+01,1.8191968044745110e+02,-2.0079187085510064e+01,1.8191968042973679e+02,-2.0079187087093402e+01,1.8191968042973676e+02,-2.0079187087093015e+01,5.5947240218683487e+02,-7.1284252964346635e+01,1.0054469718975803e-07,1.0363962504727723e-07,1.2888415995464316e-07,7.8507598492192879e-07,7.8976161236141988e-07,1.0975500517696851e-06,5.4624123864562918e-05,5.4950141089078335e-05,7.6365487069874713e-05,9.9832783264578706e-01,-1.2441135274468194e-02,9.9827786291387666e-01,-1.2514769946158228e-02,9.9780490838411662e-01,-1.7384674722676029e-02
2.3750888911037561e+02,2.0523997780006673e-03,2.4899592893512599e-04,-4.7936143054817131e-04,-6.3012667642554427e-05,-5.0920039135445776e-04,-6.6243212764250224e-05,-4.7936143054817495e-04,-6.3012667642552245e-05,2.0523997780006820e-03,2.4899592893514664e-04,-5.0920039135445645e-04,-6.6243212764257665e-05,-5.0920039175174922e-04,-6.6243213154227229e-05,-5.0920039175174532e-04,-6.6243213154228747e-05,2.0921280323496299e-03,2.6747921081027092e-04,5.6687078286399492e+02,-6.7013744595917586e+01,1.7779787781676751e+02,-1.9065277475780615e+01,1.8134130399286420e+02,-2.0556706541195087e+01,1.7779787781676825e+02,-1.9065277475780320e+01,5.6687078286399424e+02,-6.7013744595920613e+01,1.8134130399286269e+02,-2.0556706541200256e+01,1.8134130425232175e+02,-2.0556706521466559e+01,1.8134130425232124e+02,-2.0556706521472140e+01,5.5861476321046837e+02,-6.9941955464434443e+01,1.0066661031950271e-07,1.0380221992987915e-07,1.3354055217209680e-07,8.1684794680752397e-07,8.2169816230610808e-07,1.1402633565819586e-06,5.4590115513486055e-05,5.4914256408211710e-05,7.6204033559592094e-05,9.9831949967009137e-01,-1.2944574302858985e-02,9.9826881427934644e-01,-1.3020783161708238e-02,9.9771914864911992e-01,-1.8059825966982822e-02
2.4727480517431579e+02,2.0560333230110832e-03,2.4126726872828019e-04,-4.8000155950800891e-04,-5.9462887847008973e-05,-5.0991849087582257e-04,-6.2270100380470997e-05,-4.8000155950800864e-04,-5.9462887847009699e-05,2.0560333230110772e-03,2.4126726872827632e-04,-5.0991849087582192e-04,-6.2270100380469452e-05,-5.0991849058980234e-04,-6.2270100007951720e-05,-5.0991849058980277e-04,-6.2270100007951490e-05,2.0960742397310625e-03,2.5997114691191488e-04,5.6608082921807875e+02,-6.5591138957153390e+01,1.7723242936476802e+02,-1.9480399745115815e+01,1.8074701330075365e+02,-2.1030918660502966e+01,1.7723242936476788e+02,-1.9480399745115811e+01,5.6608082921807897e+02,-6.5591138957152694e+01,1.8074701330075436e+02,-2.1030918660501865e+01,1.8074701317831827e+02,-2.1030918779074565e+01,1.8074701317831887e+02,-2.1030918779073264e+01,5.5775664326539243e+02,-6.8670504453954564e+01,1.0078883742144251e-07,1.0396778283646171e-07,1.3844181306680337e-07,8.4994472386700157e-07,8.5496662927292930e-07,1.1845979250416605e-06,5.4558632189907129e-05,5.4880992317855154e-05,7.6040289056948567e-05,9.9831062483613520e-01,-1.3469000985078373e-02,9.9825917593651714e-01,-1.3547894191483816e-02,9.9762857758161028e-01,-1.8760469122619947e-02
2.5744227722601380e+02,2.0594664790885772e-03,2.3380394533561424e-04,-4.8053889642662312e-04,-5.6010919733256224e-05,-5.1051826617154288e-04,-5.8396280951230218e-05,-4.8053889642662951e-04,-5.6010919733253371e-05,2.0594664790885950e-03,2.3380394533564861e-04,-5.1051826617153767e-04,-5.8396280951242436e-05,-5.1051826620492351e-04,-5.8396280952259133e-05,-5.1051826620491614e-04,-5.8396280952261911e-05,2.0998253202966022e-03,2.5274737270555923e-04,5.6529361174360736e+02,-6.4234789197804574e+01,1.7665328705679713e+02,-1.9890906360215595e+01,1.8013668036809136e+02,-2.1501716279778019e+01,1.7665328705679829e+02,-1.9890906360214949e+01,5.6529361174360622e+02,-6.4234789197809036e+01,1.8013668036809017e+02,-2.1501716279786358e+01,1.8013668060244169e+02,-2.1501716498315655e+01,1.8013668060244203e+02,-2.1501716498324278e+01,5.5689642645379979e+02,-6.7467274982409279e+01,1.0091248782840419e-07,1.0413768221200004e-07,1.4359967687259384e-07,8.8441899636828605e-07,8.8961991070112224e-07,1.2306102232955101e-06,5.4529416904844739e-05,5.4850082592834446e-05,7.5874057645751425e-05,9.9830114576667084e-01,-1.4015249122694201e-02,9.9824888094080066e-01,-1.4096940054678169e-02,9.9753293900705620e-01,-1.9487479127621797e-02
2.6802781648779057e+02,2.0627131500586325e-03,2.2660208125863037e-04,-4.8097875870975595e-04,-5.2655540771339143e-05,-5.1100530176919961e-04,-5.4620705681055998e-05,-4.8097875870974001e-04,-5.2655540771345966e-05,2.0627131500585922e-03,2.2660208125854244e-04,-5.1100530176921533e-04,-5.4620705681025315e-05,-5.1100530172803473e-04,-5.4620706955121209e-05,-5.1100530172805457e-04,-5.4620706955114168e-05,2.1033965666160232e-03,2.4580419730530043e-04,5.6450776818568272e+02,-6.2942224259684814e+01,1.7606023120799185e+02,-2.0296711075247760e+01,1.7950998533269822e+02,-2.1968976805036228e+01,1.7606023120798912e+02,-2.0296711075249558e+01,5.6450776818568545e+02,-6.2942224259673566e+01,1.7950998533270032e+02,-2.1968976805015096e+01,1.7950998486576373e+02,-2.1968975766574346e+01,1.7950998486576182e+02,-2.1968975766552770e+01,5.5603249978214114e+02,-6.6329766279364520e+01,1.0103721230832751e-07,1.0431182564559161e-07,1.4902637271665046e-07,9.2032883253284893e-07,9.2571628146763669e-07,1.2783609981039958e-06,5.4502424196819260e-05,5.4821472146642152e-05,7.5705303292066965e-05,9.9829101872765436e-01,-1.4584238102042910e-02,9.9823788098983501e-01,-1.4668843167736008e-02,9.9743196302172266e-01,-2.0241796899957493e-02
2.7904861309218421e+02,2.0657881553853646e-03,2.1965813418146774e-04,-4.8132719832428395e-04,-4.9395976955649595e-05,-5.1138587362740365e-04,-5.0942739168924359e-05,-4.8132719832429089e-04,-4.9395976955646790e-05,2.0657881553853810e-03,2.1965813418150460e-04,-5.1138587362739693e-04,-5.0942739168937329e-05,-5.1138587354951966e-04,-5.0942738546538102e-05,-5.1138587354951175e-04,-5.0942738546541165e-05,2.1068042087904254e-03,2.3913819945393138e-04,5.6372205230772806e+02,-6.1710790061848101e+01,1.7545331402226350e+02,-2.0697628704210000e+01,1.7886687697090466e+02,-2.2432458571213179e+01,1.7545331402226466e+02,-2.0697628704209237e+01,5.6372205230772715e+02,-6.1710790061852741e+01,1.7886687697090386e+02,-2.2432458571222021e+01,1.7886687713558061e+02,-2.2432459038955869e+01,1.7886687713558149e+02,-2.2432459038964879e+01,5.5516336797860026e+02,-6.5255272609488259e+01,1.0116599904460464e-07,1.0449351476639483e-07,1.5473420742167012e-07,9.5772899602095633e-07,9.6331074832878259e-07,1.3279072407806787e-06,5.4477281534081530e-05,5.4794781258106078e-05,7.5533660260581191e-05,9.9828014428734557e-01,-1.5176834052542155e-02,9.9822607115134321e-01,-1.5264473231771505e-02,9.9732537479018679e-01,-2.1024302092499322e-02
2.9052256399745221e+02,2.0687035058592506e-03,2.1296691433765144e-04,-4.8158855192104410e-04,-4.6230385306683541e-05,-5.1166451224991328e-04,-4.7360667283536553e-05,-4.8158855192104226e-04,-4.6230385306684571e-05,2.0687035058592450e-03,2.1296691433764033e-04,-5.1166451224991469e-04,-4.7360667283532236e-05,-5.1166451241296254e-04,-4.7360667313146439e-05,-5.1166451241296460e-04,-4.7360667313145341e-05,2.1100617098023778e-03,2.3274421281189452e-04,5.6293520993360630e+02,-6.0538127282991503e+01,1.7483218768594239e+02,-2.1093519932743661e+01,1.7820689837185731e+02,-2.2891975703461011e+01,1.7483218768594205e+02,-2.1093519932743845e+01,5.6293520993360698e+02,-6.0538127282990182e+01,1.7820689837185773e+02,-2.2891975703458300e+01,1.7820689834022932e+02,-2.2891975620276913e+01,1.7820689834022920e+02,-2.2891975620274092e+01,5.5428750385356409e+02,-6.4241365659917378e+01,1.0129726277805270e-07,1.0468144505459266e-07,1.6073591577792027e-07,9.9668381463599307e-07,1.0024678300126080e-06,1.3793151870329381e-06,5.4454051435628615e-05,5.4770062457577127e-05,7.5359205234075768e-05,9.9826848939118173e-01,-1.5794055568231293e-02,9.9821341334784464e-01,-1.5884851567796038e-02,9.9721288448479495e-01,-2.1836018653496988e-02
3.0246830205090794e+02,2.0714721471908094e-03,2.0652376412809081e-04,-4.8176788820153042e-04,-4.3157480089138576e-05,-5.1184643709825792e-04,-4.3873312333475562e-05,-4.8176788820152846e-04,-4.3157480089138637e-05,2.0714721471908090e-03,2.0652376412808116e-04,-5.1184643709826225e-04,-4.3873312333473068e-05,-5.1184643705577259e-04,-4.3873313486548547e-05,-5.1184643705577551e-04,-4.3873313486548052e-05,2.1131834800825790e-03,2.2661753042728532e-04,5.6214609556577591e+02,-5.9421687796019462e+01,1.7419678685391330e+02,-2.1484134035363400e+01,1.7752987366215183e+02,-2.3347207815857324e+01,1.7419678685391312e+02,-2.1484134035363745e+01,5.6214609556577636e+02,-5.9421687796018333e+01,1.7752987366215103e+02,-2.3347207815855228e+01,1.7752987370042649e+02,-2.3347207329355864e+01,1.7752987370042533e+02,-2.3347207329353996e+01,5.5340349418540586e+02,-6.3285402393948644e+01,1.0143299657427859e-07,1.0487795192839061e-07,1.6704424794956630e-07,1.0372545108134819e-06,1.0432489791574729e-06,1.4326472009179579e-06,5.4432480252161996e-05,5.4747054714220110e-05,7.5181683626637555e-05,9.9825596080099599e-01,-1.6436871031731311e-02,9.9819980830151966e-01,-1.6530949864161176e-02,9.9709419768016860e-01,-2.2677907159401180e-02
3.1490522624728618e+02,2.0741056579752629e-03,2.0032340578954064e-04,-4.8186948044392570e-04,-4.0175640032136225e-05,-5.1193603262241654e-04,-4.0479160906430788e-05,-4.8186948044392748e-04,-4.0175640032136137e-05,2.0741056579752634e-03,2.0032340578954883e-04,-5.1193603262241264e-04,-4.0479160906433004e-05,-5.1193603259700577e-04,-4.0479159964720001e-05,-5.1193603259700306e-04,-4.0479159964720455e-05,2.1161825944708886e-03,2.2075273090639758e-04,5.6135359779760086e+02,-5.8359026045511634e+01,1.7354691982143521e+02,-2.1869186407343740e+01,1.7683549721125908e+02,-2.3797794303185647e+01,1.7354691982143544e+02,-2.1869186407343463e+01,5.6135359779760063e+02,-5.8359026045512600e+01,1.7683549721125971e+02,-2.3797794303187473e+01,1.7683549716799857e+02,-2.3797794700040303e+01,1.7683549716799951e+02,-2.3797794700041951e+01,5.5250994970390684e+02,-6.2384816400525082e+01,1.0157401967610463e-07,1.0508419943056756e-07,1.7367220657610697e-07,1.0795073694870579e-06,1.0857207005963944e-06,1.4879693637402417e-06,5.4412465274565065e-05,5.4725647632353685e-05,7.5000952862974647e-05,9.9824247808655053e-01,-1.7106329128825815e-02,9.9818516945691604e-01,-1.7203819915705864e-02,9.9696900873759109e-01,-2.3550984721464659e-02
3.2785353323127407e+02,2.0766150452431217e-03,1.9436011298709576e-04,-4.8189737112561457e-04,-3.7283072811210222e-05,-5.1193741811288238e-04,-3.7176521644988311e-05,-4.8189737112561381e-04,-3.7283072811210358e-05,2.0766150452431217e-03,1.9436011298709107e-04,-5.1193741811288423e-04,-3.7176521644986881e-05,-5.1193741823892609e-04,-3.7176522088765996e-05,-5.1193741823892728e-04,-3.7176522088765501e-05,2.1190715794759804e-03,2.1514385632457844e-04,5.6055666760323675e+02,-5.7347711301548557e+01,1.7288238094498047e+02,-2.2248364767078947e+01,1.7612344701708273e+02,-2.4243340104566034e+01,1.7288238094498041e+02,-2.2248364767079099e+01,5.6055666760323686e+02,-5.7347711301548081e+01,1.7612344701708250e+02,-2.4243340104565025e+01,1.7612344705770070e+02,-2.4243339918137327e+01,1.7612344705770019e+02,-2.4243339918136396e+01,5.5160553677209907e+02,-6.1537033547539536e+01,1.0172066582917596e-07,1.0530089317669844e-07,1.8063271040081777e-07,1.1235110337633315e-06,1.1299518395720351e-06,1.5453506014503051e-06,5.4393891846935921e-05,5.4705718330199060e-05,7.4816918530229656e-05,9.9822796294917915e-01,-1.7803515840171917e-02,9.9816941191853814e-01,-1.7904550489050566e-02,9.9683700591676594e-01,-2.4456311116373392e-02
3.4133425009536967e+02,2.0790108050825493e-03,1.8862820004363488e-04,-4.8185535538151707e-04,-3.4478113055887810e-05,-5.1185442373215045e-04,-3.3963841080435476e-05,-4.8185535538151491e-04,-3.4478113055888183e-05,2.0790108050825480e-03,1.8862820004362504e-04,-5.1185442373215370e-04,-3.3963841080431884e-05,-5.1185442398017807e-04,-3.3963841671172841e-05,-5.1185442398018002e-04,-3.3963841671171554e-05,2.1218624695965986e-03,2.0978489126160772e-04,5.5975431628731496e+02,-5.6385302015914512e+01,1.7220300798140732e+02,-2.2621274015691561e+01,1.7539344400629417e+02,-2.4683350175348682e+01,1.7220300798140704e+02,-2.2621274015691839e+01,5.5975431628731565e+02,-5.6385302015913652e+01,1.7539344400629378e+02,-2.4683350175346497e+01,1.7539344402388684e+02,-2.4683349856507476e+01,1.7539344402388588e+02,-2.4683349856505465e+01,5.5068898287842694e+02,-6.0739436479325967e+01,1.0187419477998536e-07,1.0552969021126847e-07,1.8793877614833403e-07,1.1693366664714871e-06,1.1760137755544086e-06,1.6048603219265740e-06,5.4376638866258238e-05,5.4687138621960102e-05,7.4629413973239294e-05,9.9821231638805652e-01,-1.8529556589380880e-02,9.9815242963278716e-01,-1.8634269975719972e-02,9.9669786892573697e-01,-2.5394951161047674e-02
3.5536926852632291e+02,2.0813028500964986e-03,1.8312168236921518e-04,-4.8174697301642749e-04,-3.1759010857778949e-05,-5.1169059428326016e-04,-3.0839490453595895e-05,-4.8174697301642944e-04,-3.1759010857777200e-05,2.0813028500965064e-03,1.8312168236922640e-04,-5.1169059428326103e-04,-3.0839490453603803e-05,-5.1169059218091973e-04,-3.0839492748363414e-05,-5.1169059218092179e-04,-3.0839492748367392e-05,2.1245667291460296e-03,2.0466941728691627e-04,5.5894561230862041e+02,-5.5469370307535129e+01,1.7150863108349918e+02,-2.2987477297813872e+01,1.7464520138474410e+02,-2.5117277602430235e+01,1.7150863108349978e+02,-2.2987477297813829e+01,5.5894561230861882e+02,-5.5469370307535200e+01,1.7464520138474313e+02,-2.5117277602432925e+01,1.7464520129996390e+02,-2.5117276973506364e+01,1.7464520129996404e+02,-2.5117276973509124e+01,5.4975907118004284e+02,-5.9989393545148921e+01,1.0203566848276598e-07,1.0577208264559706e-07,1.9560317867309597e-07,1.2170582321098192e-06,1.2239806787658078e-06,1.6665708229616258e-06,5.4360588508616529e-05,5.4669783470871290e-05,7.4438320482358473e-05,9.9819543596182192e-01,-1.9285620973682520e-02,9.9813411253437712e-01,-1.9394150714480567e-02,9.9655127291569101e-01,-2.6368012774016736e-02
3.6998138035561561e+02,2.0835000836226490e-03,1.7783425667776604e-04,-4.8157519651633449e-04,-2.9123903489764380e-05,-5.1144885147394079e-04,-2.7801747237740834e-05,-4.8157519651632289e-04,-2.9123903489769963e-05,2.0835000836226269e-03,1.7783425667771045e-04,-5.1144885147394806e-04,-2.7801747237707129e-05,-5.1144886061394368e-04,-2.7801741592403284e-05,-5.1144886061394346e-04,-2.7801741592385540e-05,2.1271948533064444e-03,1.9979059267092445e-04,5.5812970705075577e+02,-5.4597528604461601e+01,1.7079905351678465e+02,-2.3346470617448155e+01,1.7387840407235484e+02,-2.5544494159570100e+01,1.7079905351678204e+02,-2.3346470617449050e+01,5.5812970705076316e+02,-5.4597528604459832e+01,1.7387840407235612e+02,-2.5544494159557487e+01,1.7387840466140693e+02,-2.5544495382577651e+01,1.7387840466140338e+02,-2.5544495382565707e+01,5.4881466653689085e+02,-5.9284276847939857e+01,1.0220516620230404e-07,1.0602856360388398e-07,2.0363870519733242e-07,1.2667543749164206e-06,1.2739313736958445e-06,1.7305557068672661e-06,5.4345702167908868e-05,5.4653606404001801e-05,7.4243489418845444e-05,9.9817722711901391e-01,-2.0072952749415205e-02,9.9811435865353870e-01,-2.0185438756010914e-02,9.9639688456496300e-01,-2.7376621609405363e-02
3.8519431457170947e+02,2.0856117946742108e-03,1.7275978461736631e-04,-4.8134341560621146e-04,-2.6571156174488689e-05,-5.1113254992877859e-04,-2.4849132166104804e-05,-4.8134341560620040e-04,-2.6571156174490719e-05,2.0856117946742069e-03,1.7275978461731817e-04,-5.1113254992879583e-04,-2.4849132166078316e-05,-5.1113255887451998e-04,-2.4849129970030522e-05,-5.1113255887452616e-04,-2.4849129970013703e-05,2.1297576772470422e-03,1.9514162498623783e-04,5.5730577770797049e+02,-5.3767324791370356e+01,1.7007417774188701e+02,-2.3697720354192160e+01,1.7309284293643987e+02,-2.5964331532336860e+01,1.7007417774188514e+02,-2.3697720354193667e+01,5.5730577770797731e+02,-5.3767324791367919e+01,1.7309284293643793e+02,-2.5964331532326845e+01,1.7309284370619935e+02,-2.5964331651925633e+01,1.7309284370619380e+02,-2.5964331651917551e+01,5.4785466880878755e+02,-5.8621373064728324e+01,1.0238478898914954e-07,1.0630177202849209e-07,2.1205732206986561e-07,1.3185034191632861e-06,1.3259443873360830e-06,1.7968929246471222e-06,5.4331794810875947e-05,5.4638416052871057e-05,7.4044872588192889e-05,9.9815755658997585e-01,-2.0892789648363899e-02,9.9809302527864230e-01,-2.1009374388762346e-02,9.9623437339680565e-01,-2.8421969377204006e-02
4.0103277585416777e+02,2.0876459603186648e-03,1.6789208320899148e-04,-4.8105422398594510e-04,-2.4099156051447711e-05,-5.1074418053890841e-04,-2.1980233395474571e-05,-4.8105422398594532e-04,-2.4099156051449134e-05,2.0876459603186587e-03,1.6789208320899078e-04,-5.1074418053890342e-04,-2.1980233395471694e-05,-5.1074418019099921e-04,-2.1980232352627332e-05,-5.1074418019099574e-04,-2.1980232352626600e-05,2.1322647693854308e-03,1.9071554992039017e-04,5.5647308872845406e+02,-5.2976372432322904e+01,1.6933387893291203e+02,-2.4040589865002186e+01,1.7228828186783107e+02,-2.6375996643033222e+01,1.6933387893291180e+02,-2.4040589865001891e+01,5.5647308872845406e+02,-5.2976372432323757e+01,1.7228828186783230e+02,-2.6375996643032767e+01,1.7228828169807943e+02,-2.6375996877277576e+01,1.7228828169808025e+02,-2.6375996877276616e+01,5.4687807196505798e+02,-5.7997986168087174e+01,1.0257587968753289e-07,1.0659353529656964e-07,2.2087098470262986e-07,1.3723901853790198e-06,1.3801047380942779e-06,1.8656605886494540e-06,5.4318828521083965e-05,5.4624168409492776e-05,7.3842336292580347e-05,9.9813629370555290e-01,-2.1746472161897880e-02,9.9806997307525047e-01,-2.1867300537361946e-02,9.9606340015449613e-01,-2.9505247087430308e-02
4.1752248469222599e+02,2.0896102296657660e-03,1.6322434604124688e-04,-4.8071013363747329e-04,-2.1706069526875209e-05,-5.1028613152919974e-04,-1.9193433212327780e-05,-4.8071013363747383e-04,-2.1706069526875097e-05,2.0896102296657660e-03,1.6322434604124908e-04,-5.1028613152919887e-04,-1.9193433212329027e-05,-5.1028613106055367e-04,-1.9193433409288785e-05,-5.1028613106055313e-04,-1.9193433409289564e-05,2.1347253789242623e-03,1.8650467593109792e-04,5.5563101306414262e+02,-5.2222255787561089e+01,1.6857806014373094e+02,-2.4374419167373453e+01,1.7146451582051577e+02,-2.6778665655601500e+01,1.6857806014373105e+02,-2.4374419167373389e+01,5.5563101306414251e+02,-5.2222255787561181e+01,1.7146451582051589e+02,-2.6778665655601962e+01,1.7146451577417901e+02,-2.6778665615414692e+01,1.7146451577417926e+02,-2.6778665615415068e+01,5.4588398146889335e+02,-5.7411362332300939e+01,1.0277841128000058e-07,1.0690435915193681e-07,2.3009093866552287e-07,1.4285016169003468e-06,1.4364994876143662e-06,1.9369396215522575e-06,5.4306714323588790e-05,5.4610765838074090e-05,7.3635777128431954e-05,9.9811332078852166e-01,-2.2635374470921087e-02,9.9804507489856842e-01,-2.2760592476349092e-02,9.9588362611191306e-01,-3.0627687068068711e-02
4.3469021915296497e+02,2.0915118018484404e-03,1.5875023445591205e-04,-4.8031349198888828e-04,-1.9390405165463533e-05,-5.0976061226376958e-04,-1.6487502978950580e-05,-4.8031349198888817e-04,-1.9390405165463025e-05,2.0915118018484430e-03,1.5875023445591235e-04,-5.0976061226377131e-04,-1.6487502978951630e-05,-5.0976061209880019e-04,-1.6487503253124496e-05,-5.0976061209880160e-04,-1.6487503253124818e-05,2.1371482690080972e-03,1.8250161898027145e-04,5.5477895850299410e+02,-5.1502579994510093e+01,1.6780667686670805e+02,-2.4698469843592285e+01,1.7062140162631260e+02,-2.7171415353758448e+01,1.6780667686670810e+02,-2.4698469843592385e+01,5.5477895850299399e+02,-5.1502579994509766e+01,1.7062140162631215e+02,-2.7171415353758597e+01,1.7062140158518139e+02,-2.7171415288027259e+01,1.7062140158518110e+02,-2.7171415288027582e+01,5.4487155949725252e+02,-5.6858728517594244e+01,1.0299397751603732e-07,1.0723641434462565e-07,2.3972763296688523e-07,1.4869288793150918e-06,1.4952199638029745e-06,2.0108143424655115e-06,5.4295393874996740e-05,5.4598143861349701e-05,7.3425137040815974e-05,9.9808848436744646e-01,-2.3560936639065579e-02,9.9801816702527524e-01,-2.3690691966123424e-02,9.9569471342950711e-01,-3.1790572092250537e-02
4.5256385836690953e+02,2.0933574456963311e-03,1.5446322942124600e-04,-4.7986650205402895e-04,-1.7150683056598073e-05,-5.0916967276786091e-04,-1.3861266916238830e-05,-4.7986650205402901e-04,-1.7150683056598594e-05,2.0933574456963281e-03,1.5446322942124516e-04,-5.0916967276785983e-04,-1.3861266916237541e-05,-5.0916967250754191e-04,-1.3861266911575724e-05,-5.0916967250754094e-04,-1.3861266911575239e-05,2.1395417589231002e-03,1.7869868195776245e-04,5.5391643238306631e+02,-5.0814941162537345e+01,1.6701973978488709e+02,-2.5011953511864956e+01,1.6975885883294214e+02,-2.7553258473641236e+01,1.6701973978488698e+02,-2.5011953511864878e+01,5.5391643238306642e+02,-5.0814941162537600e+01,1.6975885883294254e+02,-2.7553258473640977e+01,1.6975885872447176e+02,-2.7553258411738703e+01,1.6975885872447193e+02,-2.7553258411738302e+01,5.4384008387577001e+02,-5.6337266854731510e+01,1.0322385829877249e-07,1.0759159054111539e-07,2.4979058755415286e-07,1.5477664634354870e-06,1.5563607841884185e-06,2.0873716522859280e-06,5.4284797708569031e-05,5.4586226234472022e-05,7.3210365106005622e-05,9.9806162535991361e-01,-2.4524650980529920e-02,9.9798907954247418e-01,-2.4659092359173521e-02,9.9549632685623679e-01,-3.2995222386412108e-02
4.7117242780167385e+02,2.0951536854802205e-03,1.5035673906122629e-04,-4.7937132311146670e-04,-1.4985494372142547e-05,-5.0851531944222210e-04,-1.1313671072913093e-05,-4.7937132311146654e-04,-1.4985494372141490e-05,2.0951536854802253e-03,1.5035673906122699e-04,-5.0851531944222535e-04,-1.1313671072915493e-05,-5.0851531921044472e-04,-1.1313671230584519e-05,-5.0851531921044732e-04,-1.1313671230585301e-05,2.1419138877062528e-03,1.7508795986088211e-04,5.5304303056991080e+02,-5.0156913053503168e+01,1.6621733207904356e+02,-2.5314032841551118e+01,1.6887689043823946e+02,-2.7923143815244263e+01,1.6621733207904379e+02,-2.5314032841551331e+01,5.5304303056991091e+02,-5.0156913053502471e+01,1.6887689043823855e+02,-2.7923143815244600e+01,1.6887689035616731e+02,-2.7923143827690460e+01,1.6887689035616680e+02,-2.7923143827691149e+01,5.4278894338444081e+02,-5.5844102781600405e+01,1.0346955969193546e-07,1.0797204726158545e-07,2.6028822602404693e-07,1.6111115977613534e-06,1.6200192794276859e-06,2.1667008236603681e-06,5.4274822960193430e-05,5.4574903256367654e-05,7.2991407780363397e-05,9.9803256995120881e-01,-2.5528052493975856e-02,9.9795762704957758e-01,-2.5667329194947044e-02,9.9528813569637731e-01,-3.4242992231752617e-02
4.9054614639717357e+02,2.0969062796120149e-03,1.4642423933157716e-04,-4.7882977783825578e-04,-1.2893554654766821e-05,-5.0779919814519716e-04,-8.8438305160745051e-06,-4.7882977783825562e-04,-1.2893554654764727e-05,2.0969062796120236e-03,1.4642423933157933e-04,-5.0779919814520301e-04,-8.8438305160796449e-06,-5.0779919732998771e-04,-8.8438300415485520e-06,-5.0779919732999248e-04,-8.8438300415505070e-06,2.1442718975552516e-03,1.7166144627751848e-04,5.5215844293850364e+02,-4.9526117991555111e+01,1.6539957049326020e+02,-2.5603810253102932e+01,1.6797554420923217e+02,-2.8279942486623899e+01,1.6539957049326065e+02,-2.5603810253103280e+01,5.5215844293850387e+02,-4.9526117991553775e+01,1.6797554420923055e+02,-2.8279942486624712e+01,1.6797554389751392e+02,-2.8279942750889429e+01,1.6797554389751318e+02,-2.8279942750890836e+01,5.4171764696131595e+02,-5.5376367606208909e+01,1.0373231766396424e-07,1.0837969612065200e-07,2.7122781818066795e-07,1.6770675470262321e-06,1.6862987882008071e-06,2.2488951920622219e-06,5.4265442218153782e-05,5.4564140613128395e-05,7.2768262862120422e-05,9.9800113525611989e-01,-2.6572771237137270e-02,9.9792361465269119e-01,-2.6717032512020181e-02,9.9506981294694941e-01,-3.5535296549691633e-02
5.1071647563894692e+02,2.0986205448102306e-03,1.4265915539193774e-04,-4.7824358879774054e-04,-1.0873667551434798e-05,-5.0702285897098374e-04,-6.4509951791359565e-06,-4.7824358879774092e-04,-1.0873667551438383e-05,2.0986205448102180e-03,1.4265915539193408e-04,-5.0702285897097333e-04,-6.4509951791271610e-06,-5.0702286059035764e-04,-6.4509962798252815e-06,-5.0702286059034962e-04,-6.4509962798219611e-06,2.1466225327507996e-03,1.6841092441731003e-04,5.5126246929474746e+02,-4.8920185445777406e+01,1.6456664740539139e+02,-2.5880347634266467e+01,1.6705495615891090e+02,-2.8622471298346184e+01,1.6456664740539054e+02,-2.5880347634265885e+01,5.5126246929474701e+02,-4.8920185445779715e+01,1.6705495615891365e+02,-2.8622471298344809e+01,1.6705495680629295e+02,-2.8622470778131078e+01,1.6705495680629429e+02,-2.8622470778128701e+01,5.4062584372546735e+02,-5.4931164588095697e+01,1.0401325171512716e-07,1.0881635960666657e-07,2.8261512503229506e-07,1.7457414109325379e-06,1.7553064551637884e-06,2.3340517612841491e-06,5.4256616287277203e-05,5.4553892236267018e-05,7.2540955959216443e-05,9.9796712670780729e-01,-2.7660497327461103e-02,9.9788683527523148e-01,-2.7809891826172110e-02,9.9484104009330754e-01,-3.6873604694778635e-02
5.3171617064928171e+02,2.1003021830811337e-03,1.3905494754556781e-04,-4.7761477467197393e-04,-8.9247668507861333e-06,-5.0618819117058942e-04,-4.1346329739156175e-06,-4.7761477467197334e-04,-8.9247668507853015e-06,2.1003021830811376e-03,1.3905494754556683e-04,-5.0618819117059354e-04,-4.1346329739162976e-06,-5.0618819054005181e-04,-4.1346339419006861e-06,-5.0618819054005398e-04,-4.1346339419002948e-06,2.1489728266352185e-03,1.6532808885253694e-04,5.5035499681912211e+02,-4.8336674568193118e+01,1.6371889990206577e+02,-2.6142671622849345e+01,1.6611543108491909e+02,-2.8949495958254644e+01,1.6371889990206591e+02,-2.6142671622849605e+01,5.5035499681912233e+02,-4.8336674568192706e+01,1.6611543108491816e+02,-2.8949495958254651e+01,1.6611543106606001e+02,-2.8949495697010853e+01,1.6611543106605930e+02,-2.8949495697011326e+01,5.3951331155567493e+02,-5.4505498595650174e+01,1.0431481821531366e-07,1.0928529652854373e-07,2.9445435709981311e-07,1.8172417719099973e-06,1.8271508658532110e-06,2.4222692688589490e-06,5.4248221253374149e-05,5.4544027088877777e-05,7.2309475416800601e-05,9.9793031507871222e-01,-2.8792942940984223e-02,9.9784704554908932e-01,-2.8947617880860012e-02,9.9460150787213297e-01,-3.8259409792250607e-02
5.5357933337910868e+02,2.1019553141482621e-03,1.3560513130467811e-04,-4.7694466366633096e-04,-7.0458962125120026e-06,-5.0529635323651179e-04,-1.8943345233298001e-06,-4.7694466366633178e-04,-7.0458962125156372e-06,2.1019553141482469e-03,1.3560513130467616e-04,-5.0529635323649964e-04,-1.8943345233222975e-06,-5.0529635533181131e-04,-1.8943348328532704e-06,-5.0529635533180274e-04,-1.8943348328511882e-06,2.1513281784078151e-03,1.6240446369449361e-04,5.4943604595633894e+02,-4.7773292066396216e+01,1.6285665775625381e+02,-2.6389766027680572e+01,1.6515727470827002e+02,-2.9259725775620385e+01,1.6285665775625307e+02,-2.6389766027679833e+01,5.4943604595633849e+02,-4.7773292066398440e+01,1.6515727470827323e+02,-2.9259725775619277e+01,1.6515727521464552e+02,-2.9259725425479363e+01,1.6515727521464740e+02,-2.9259725425476983e+01,5.3837999717681885e+02,-5.4096477386102521e+01,1.0463782211792135e-07,1.0978805594877908e-07,3.0674789803871350e-07,1.8916863620836404e-06,1.9019497354378644e-06,2.5136531459148137e-06,5.4240280198283428e-05,5.4534561669922062e-05,7.2073919698580462e-05,9.9789047928790531e-01,-2.9971964958577808e-02,9.9780401108875127e-01,-3.0132065692135841e-02,9.9435091659281249e-01,-3.9694307088065602e-02
5.7634146798704728e+02,2.1035848758624441e-03,1.3230317094045275e-04,-4.7623516923914308e-04,-5.2362009096470601e-06,-5.0434917898788611e-04,2.7010663591981404e-07,-4.7623516923914352e-04,-5.2362009096472159e-06,2.1035848758624433e-03,1.3230317094045372e-04,-5.0434917898788470e-04,2.7010663591933467e-07,-5.0434917940070357e-04,2.7010727922101509e-07,-5.0434917940070270e-04,2.7010727922036844e-07,2.1536946569551893e-03,1.5963141933426588e-04,5.4850574295385775e+02,-4.7227640694338938e+01,1.6198044359509703e+02,-2.6620604262699715e+01,1.6418101714992730e+02,-2.9551848197486819e+01,1.6198044359509706e+02,-2.6620604262699601e+01,5.4850574295385752e+02,-4.7227640694338973e+01,1.6418101714992767e+02,-2.9551848197486937e+01,1.6418101707544341e+02,-2.9551848363937825e+01,1.6418101707544372e+02,-2.9551848363937740e+01,5.3722600497378869e+02,-5.3701086350466035e+01,1.0498468821771630e-07,1.1032794395132564e-07,3.1949616827048244e-07,1.9691929873158393e-06,1.9798207739743148e-06,2.6083113245688678e-06,5.4232680705474875e-05,5.4525375918268957e-05,7.1834358621514609e-05,9.9784735740471531e-01,-3.1199419621315682e-02,9.9775745445201225e-01,-3.1365088174061306e-02,9.9408897947834074e-01,-4.1179927709604748e-02
6.0003953849553216e+02,2.1051942470965419e-03,1.2914254601121116e-04,-4.7548755862980292e-04,-3.4949064260150323e-06,-5.0334782885471860e-04,2.3588136630739780e-06,-4.7548755862980146e-04,-3.4949064260234446e-06,2.1051942470965189e-03,1.2914254601119357e-04,-5.0334782885470104e-04,2.3588136631012182e-06,-5.0334783057433665e-04,2.3588049333167600e-06,-5.0334783057432006e-04,2.3588049333303566e-06,2.1560767013877489e-03,1.5700013066948250e-04,5.4756434994926667e+02,-4.6697481986498367e+01,1.6109077762417633e+02,-2.6834138072981979e+01,1.6318719564410526e+02,-2.9824520629581468e+01,1.6109077762417391e+02,-2.6834138072981361e+01,5.4756434994926678e+02,-4.6697481986504393e+01,1.6318719564411029e+02,-2.9824520629576739e+01,1.6318719773168948e+02,-2.9824517532129203e+01,1.6318719773169039e+02,-2.9824517532123384e+01,5.3605161440620702e+02,-5.3316433808184840e+01,1.0535591501144572e-07,1.1090628071124168e-07,3.3269754812201383e-07,2.0498888584306431e-06,2.0608910588068709e-06,2.7063593492731633e-06,5.4225442722373935e-05,5.4516482494538929e-05,7.1590971030753781e-05,9.9780069711563180e-01,-3.2477311875594529e-02,9.9770710867870471e-01,-3.2648686208936011e-02,9.9381541926039585e-01,-4.2718019274471331e-02
6.2471202881765078e+02,2.1067881965521691e-03,1.2611717884602498e-04,-4.7470389624190251e-04,-1.8215281150562026e-06,-5.0229436195139846e-04,4.3714563259468942e-06,-4.7470389624190370e-04,-1.8215281150521860e-06,2.1067881965521782e-03,1.2611717884603504e-04,-5.0229436195140540e-04,4.3714563259324396e-06,-5.0229436167351332e-04,4.3714615663450288e-06,-5.0229436167352059e-04,4.3714615663372260e-06,2.1584798903904073e-03,1.5450209832363533e-04,5.4661221470265821e+02,-4.6180447966230510e+01,1.6018846648036450e+02,-2.7029313525390453e+01,1.6217668495532871e+02,-3.0076373918066142e+01,1.6018846648036578e+02,-2.7029313525390599e+01,5.4661221470265775e+02,-4.6180447966227476e+01,1.6217668495532666e+02,-3.0076373918068729e+01,1.6217668373107017e+02,-3.0076375687642770e+01,1.6217668373107020e+02,-3.0076375687645598e+01,5.3485727871139670e+02,-5.2939485499089649e+01,1.0575645251186448e-07,1.1152900004188928e-07,3.4634810127681473e-07,2.1339001336085021e-06,2.1452866125737409e-06,2.8079106084096135e-06,5.4218423076638063e-05,5.4507732273524700e-05,7.1343772339846318e-05,9.9775015841126891e-01,-3.3807626370390621e-02,9.9765261648455583e-01,-3.3984840079597727e-02,9.9352997754999017e-01,-4.4310291864334231e-02
6.5039900525216967e+02,2.1083688770222020e-03,1.2322035123163484e-04,-4.7388526212435565e-04,-2.1538133468806727e-07,-5.0118984692416174e-04,6.3079995101349414e-06,-4.7388526212435657e-04,-2.1538133468591773e-07,2.1083688770222072e-03,1.2322035123164119e-04,-5.0118984692416435e-04,6.3079995101265295e-06,-5.0118984702370354e-04,6.3080026116393479e-06,-5.0118984702370722e-04,6.3080026116345131e-06,2.1609071557476787e-03,1.5212798475974719e-04,5.4564988232422127e+02,-4.5674439987739639e+01,1.5927419021765797e+02,-2.7205097180574970e+01,1.6115022419292183e+02,-3.0306072800049581e+01,1.5927419021765866e+02,-2.7205097180574960e+01,5.4564988232422081e+02,-4.5674439987737948e+01,1.6115022419292097e+02,-3.0306072800051115e+01,1.6115022343895421e+02,-3.0306073803665811e+01,1.6115022343895441e+02,-3.0306073803667328e+01,5.3364366082475385e+02,-5.2567448320442637e+01,1.0618493279281443e-07,1.1219559867417985e-07,3.6044151784592552e-07,2.2213660248677688e-06,2.2331463354934830e-06,2.9130958440561022e-06,5.4211686313965138e-05,5.4499180809322024e-05,7.1093118528219878e-05,9.9769547535394631e-01,-3.5192556251967648e-02,9.9759369652439822e-01,-3.5375735640275630e-02,9.9323240078080632e-01,-4.5958725732862762e-02
6.7714218154824118e+02,2.1099397588016347e-03,1.2044585092579878e-04,-4.7303350174198090e-04,1.3239315876048839e-06,-5.0003622571694777e-04,8.1679645225855880e-06,-4.7303350174198009e-04,1.3239315876037660e-06,2.1099397588016330e-03,1.2044585092579431e-04,-5.0003622571694745e-04,8.1679645225909362e-06,-5.0003622488463666e-04,8.1679623559240489e-06,-5.0003622488463515e-04,8.1679623559275014e-06,2.1633624520528056e-03,1.4986884869992487e-04,5.4467798086311950e+02,-4.5177257658386999e+01,1.5834892124603013e+02,-2.7360473372362168e+01,1.6010889964215701e+02,-3.0512282291296611e+01,1.5834892124602976e+02,-2.7360473372362261e+01,5.4467798086312007e+02,-4.5177257658387987e+01,1.6010889964215727e+02,-3.0512282291295634e+01,1.6010890011970400e+02,-3.0512281610237906e+01,1.6010890011970369e+02,-3.0512281610237093e+01,5.3241160560785522e+02,-5.2197425036611932e+01,1.0664463279784887e-07,1.1291035933851068e-07,3.7496896036200977e-07,2.3124253247338503e-06,2.3246087183036844e-06,3.0220438017924239e-06,5.4205144745043527e-05,5.4490733475142170e-05,7.0839183410549176e-05,9.9763628772849255e-01,-3.6634283916417439e-02,9.9752997088325057e-01,-3.6823547854597315e-02,9.9292245390470424e-01,-4.7665266097005832e-02
7.0498498664544456e+02,2.1115036858079081e-03,1.1778773697529606e-04,-4.7215032780931833e-04,2.7966602933542513e-06,-4.9883534727722628e-04,9.9506831701917496e-06,-4.7215032780931909e-04,2.7966602933551085e-06,2.1115036858079094e-03,1.1778773697529985e-04,-4.9883534727722606e-04,9.9506831701873569e-06,-4.9883534794378803e-04,9.9506856612458401e-06,-4.9883534794378890e-04,9.9506856612429145e-06,2.1658489168891247e-03,1.4771588029740968e-04,5.4369727090175081e+02,-4.4686826622719110e+01,1.5741372668599536e+02,-2.7494453174070017e+01,1.5905392018399198e+02,-3.0693691789956983e+01,1.5741372668599570e+02,-2.7494453174069900e+01,5.4369727090175036e+02,-4.4686826622718364e+01,1.5905392018399189e+02,-3.0693691789957779e+01,1.5905391964451920e+02,-3.0693692565029718e+01,1.5905391964451960e+02,-3.0693692565030322e+01,5.3116215616393424e+02,-5.1826634438371187e+01,1.0713882938050299e-07,1.1367757705148532e-07,3.8991922722461666e-07,2.4072242183431788e-06,2.4198195773540495e-06,3.1348897110620175e-06,5.4198758133100730e-05,5.4482343189876038e-05,7.0582178398295766e-05,9.9757220870954255e-01,-3.8135106821204086e-02,9.9746103479956560e-01,-3.8330565433349999e-02,9.9259991021751304e-01,-4.9431956748472811e-02
7.3397263519917044e+02,2.1130627706941736e-03,1.1523963685191162e-04,-4.7123741923895356e-04,4.2031847088527808e-06,-4.9758913121448426e-04,1.1655624784520148e-05,-4.7123741923895356e-04,4.2031847088528485e-06,2.1130627706941732e-03,1.1523963685191197e-04,-4.9758913121448437e-04,1.1655624784519730e-05,-4.9758913126034894e-04,1.1655625011186033e-05,-4.9758913126034927e-04,1.1655625011185748e-05,2.1683687358908942e-03,1.4565972469611464e-04,5.4270866118012384e+02,-4.4201172420315551e+01,1.5646972959862609e+02,-2.7606119228787541e+01,1.5798657151788174e+02,-3.0849074896238378e+01,1.5646972959862612e+02,-2.7606119228787538e+01,5.4270866118012350e+02,-4.4201172420315501e+01,1.5798657151788174e+02,-3.0849074896238466e+01,1.5798657146966357e+02,-3.0849074967525976e+01,1.5798657146966352e+02,-3.0849074967526033e+01,5.2989655793612030e+02,-5.1452401430715533e+01,1.0766859772008151e-07,1.1449934751782629e-07,4.0527831622422955e-07,2.5059152803000059e-06,2.5189309708843842e-06,3.2517814177335040e-06,5.4192498698129103e-05,5.4473973814464530e-05,7.0322473242601460e-05,9.9750285816835138e-01,-3.9697422742171029e-02,9.9738649018766179e-01,-3.9899174810360982e-02,9.9226455105587630e-01,-5.1261036906731124e-02
7.6415220100587658e+02,2.1146191495067528e-03,1.1279567433103496e-04,-4.7029662330235302e-04,5.5436799988229802e-06,-4.9629973417669379e-04,1.3281984060379092e-05,-4.7029662330235307e-04,5.5436799988230988e-06,2.1146191495067528e-03,1.1279567433103546e-04,-4.9629973417669379e-04,1.3281984060378549e-05,-4.9629973426120551e-04,1.3281984351002127e-05,-4.9629973426120562e-04,1.3281984351001784e-05,2.1709238449981595e-03,1.4369142877453895e-04,5.4171317616957765e+02,-4.3718407897991810e+01,1.5551822706816219e+02,-2.7694606684603915e+01,1.5690835470186252e+02,-3.0977255435154927e+01,1.5551822706816219e+02,-2.7694606684603897e+01,5.4171317616957765e+02,-4.3718407897991703e+01,1.5690835470186249e+02,-3.0977255435155016e+01,1.5690835464470314e+02,-3.0977255525727301e+01,1.5690835464470317e+02,-3.0977255525727376e+01,5.2861625920717620e+02,-5.1072146100115170e+01,1.0823705667490156e-07,1.1537984495323710e-07,4.2102980747946283e-07,2.6086566866706179e-06,2.6221005213877301e-06,3.3728701927772389e-06,5.4186327668407638e-05,5.4465579452217906e-05,7.0060368764772357e-05,9.9742779375175095e-01,-4.1323714527318242e-02,9.9730587615893396e-01,-4.1531846590711539e-02,9.9191616425822460e-01,-5.3154795993144072e-02
7.9557269344744782e+02,2.1161745108184463e-03,1.1044992272333582e-04,-4.6932984516855362e-04,6.8183488562360331e-06,-4.9496947386265121e-04,1.4828976070501033e-05,-4.6932984516855368e-04,6.8183488562361551e-06,2.1161745108184472e-03,1.1044992272333620e-04,-4.9496947386265121e-04,1.4828976070500566e-05,-4.9496947387077156e-04,1.4828976236119605e-05,-4.9496947387077199e-04,1.4828976236119305e-05,2.1735154637838833e-03,1.4180192132700971e-04,5.4071196162265494e+02,-4.3236766659651501e+01,1.5456059928888033e+02,-2.7759139756746436e+01,1.5582088183547293e+02,-3.1077159827513466e+01,1.5456059928888041e+02,-2.7759139756746400e+01,5.4071196162265494e+02,-4.3236766659651416e+01,1.5582088183547293e+02,-3.1077159827513551e+01,1.5582088182823216e+02,-3.1077159879637051e+01,1.5582088182823225e+02,-3.1077159879637126e+01,5.2732289531724246e+02,-5.0683429478069762e+01,1.0884657427956330e-07,1.1632250436355069e-07,4.3715473657535676e-07,2.7156131889775894e-06,2.7294923031859102e-06,3.4983179205826530e-06,5.4180212091947472e-05,5.4457119478650183e-05,6.9796246266423982e-05,9.9734655220756729e-01,-4.3016566876964965e-02,9.9721871077363378e-01,-4.3231150959617444e-02,9.9155453779925873e-01,-5.5115686882222348e-02
8.2828513707880984e+02,2.1177302561515561e-03,1.0819662374094086e-04,-4.6833909417247306e-04,8.0273630726370436e-06,-4.9360087128535253e-04,1.6295769456887050e-05,-4.6833909417247295e-04,8.0273630726370318e-06,2.1177302561515552e-03,1.0819662374094085e-04,-4.9360087128535253e-04,1.6295769456887074e-05,-4.9360087128614411e-04,1.6295769453289789e-05,-4.9360087128614422e-04,1.6295769453289793e-05,2.1761442303847799e-03,1.3998225676722183e-04,5.3970627782750728e+02,-4.2754611513266561e+01,1.5359833711973812e+02,-2.7799039266154651e+01,1.5472590858590249e+02,-3.1147824008949787e+01,1.5359833711973815e+02,-2.7799039266154651e+01,5.3970627782750739e+02,-4.2754611513266575e+01,1.5472590858590249e+02,-3.1147824008949780e+01,1.5472590858536023e+02,-3.1147824007804708e+01,1.5472590858536020e+02,-3.1147824007804704e+01,5.2601829032985017e+02,-5.0283968995293876e+01,1.0949981169821698e-07,1.1733106169832325e-07,4.5363178187977752e-07,2.8269561492621701e-06,2.8412769004150062e-06,3.6282952070293807e-06,5.4174119754862073e-05,5.4448554180785454e-05,6.9530508671987527e-05,9.9725863028533568e-01,-4.4778665929494373e-02,9.9712447200755061e-01,-4.4999757606080444e-02,9.9117945521006623e-01,-5.7146295793305761e-02
8.6234265448802876e+02,2.1192874961704147e-03,1.0603016069844296e-04,-4.6732649289626808e-04,9.1708994945997322e-06,-4.9219666869155328e-04,1.7681537280061416e-05,-4.6732649289626818e-04,9.1708994945997135e-06,2.1192874961704143e-03,1.0603016069844289e-04,-4.9219666869155338e-04,1.7681537280061477e-05,-4.9219666869448680e-04,1.7681537261923968e-05,-4.9219666869448680e-04,1.7681537261924012e-05,2.1788101820938571e-03,1.3822362032302532e-04,5.3869748649431619e+02,-4.2270445190671651e+01,1.5263302603483319e+02,-2.7813738935996849e+01,1.5362531629806224e+02,-3.1188414674766172e+01,1.5263302603483319e+02,-2.7813738935996856e+01,5.3869748649431642e+02,-4.2270445190671651e+01,1.5362531629806222e+02,-3.1188414674766165e+01,1.5362531629529599e+02,-3.1188414668933163e+01,1.5362531629529596e+02,-3.1188414668933156e+01,5.2470444077398770e+02,-4.9871659083794064e+01,1.1019951668714648e-07,1.1840933900602555e-07,4.7043735917069956e-07,2.9428638021568311e-06,2.9576316564496448e-06,3.7629826671434634e-06,5.4168019187328220e-05,5.4439844684010229e-05,6.9263591867901184e-05,9.9716348509091046e-01,-4.6612803158076560e-02,9.9702259826617556e-01,-4.6840439400259802e-02,9.9079068960978567e-01,-5.9249362300570846e-02
8.9780055256346361e+02,2.1208470384818179e-03,1.0394507666010645e-04,-4.6629427091885784e-04,1.0249162346323321e-05,-4.9075982581922161e-04,1.8985493012886072e-05,-4.6629427091885795e-04,1.0249162346323301e-05,2.1208470384818175e-03,1.0394507666010630e-04,-4.9075982581922161e-04,1.8985493012886160e-05,-4.9075982600474822e-04,1.8985492971154236e-05,-4.9075982600474812e-04,1.8985492971154297e-05,2.1815127353034627e-03,1.3651737908373454e-04,5.3768704238062412e+02,-4.1782925805670061e+01,1.5166633460610024e+02,-2.7802799077914436e+01,1.5252109905481919e+02,-3.1198246873470502e+01,1.5166633460610021e+02,-2.7802799077914450e+01,5.3768704238062412e+02,-4.1782925805670075e+01,1.5252109905481913e+02,-3.1198246873470485e+01,1.5252109910962642e+02,-3.1198246869449498e+01,1.5252109910962639e+02,-3.1198246869449488e+01,5.2338350439182034e+02,-4.9444595001917428e+01,1.1094849821351669e-07,1.1956120817287075e-07,4.8754587575253516e-07,3.0635215768886886e-06,3.0787409887086492e-06,3.9025714601772949e-06,5.4161880545722721e-05,5.4430953879884137e-05,6.8995959043297237e-05,9.9706053129593231e-01,-4.8521880065171184e-02,9.9691248579512115e-01,-4.8756076956159557e-02,9.9038799547771295e-01,-6.1427787285367609e-02
9.3471641230806244e+02,2.1224094147324853e-03,1.0193608995584000e-04,-4.6524476875238892e-04,1.1262408035468222e-05,-4.8929352495052545e-04,2.0206929837250256e-05,-4.6524476875238902e-04,1.1262408035468203e-05,2.1224094147324845e-03,1.0193608995583992e-04,-4.8929352495052523e-04,2.0206929837250303e-05,-4.8929352526159726e-04,2.0206929857687111e-05,-4.8929352526159704e-04,2.0206929857687142e-05,2.1842507090555087e-03,1.3485513741845663e-04,5.3667647616458373e+02,-4.1290874691213759e+01,1.5070000014530106e+02,-2.7765919017330475e+01,1.5141534706109019e+02,-3.1176800364227773e+01,1.5070000014530109e+02,-2.7765919017330475e+01,5.3667647616458373e+02,-4.1290874691213773e+01,1.5141534706109019e+02,-3.1176800364227763e+01,1.5141534715348334e+02,-3.1176800385642441e+01,1.5141534715348334e+02,-3.1176800385642437e+01,5.2205777806058495e+02,-4.9001090086124314e+01,1.1174965343583402e-07,1.2079060843290802e-07,5.0493004299794463e-07,3.1891223439209632e-06,3.2047966304158314e-06,4.0472638390147578e-06,5.4155674824134058e-05,5.4421845723514718e-05,6.8728095305268014e-05,9.9694913732058221e-01,-5.0508911596117201e-02,9.9679348504435983e-01,-5.0749661949480128e-02,9.8997109912841796e-01,-6.3684640969869352e-02
9.7315018234664706e+02,2.1239748962273881e-03,9.9998096640771720e-05,-4.6418043629946874e-04,1.2210971625219870e-05,-4.8780116946156316e-04,2.1345261352834475e-05,-4.6418043629946890e-04,1.2210971625219888e-05,2.1239748962273881e-03,9.9998096640771788e-05,-4.8780116946156322e-04,2.1345261352834427e-05,-4.8780116969907814e-04,2.1345261432575701e-05,-4.8780116969907803e-04,2.1345261432575678e-05,2.1870223404202838e-03,1.3322877486371840e-04,5.3566737837234461e+02,-4.0793282509069670e+01,1.4973581337787192e+02,-2.7702946885450338e+01,1.5031022870345657e+02,-3.1123732802805939e+01,1.4973581337787192e+02,-2.7702946885450338e+01,5.3566737837234439e+02,-4.0793282509069662e+01,1.5031022870345657e+02,-3.1123732802805950e+01,1.5031022878205886e+02,-3.1123732839643289e+01,1.5031022878205897e+02,-3.1123732839643292e+01,5.2072967634889119e+02,-4.8539689499432136e+01,1.1260590310024242e-07,1.2210146837493841e-07,5.2256114451080466e-07,3.3198667069955588e-06,3.3359979157937602e-06,4.1972738133778244e-06,5.4149373791014091e-05,5.4412485214455908e-05,6.8460504195819500e-05,9.9682862266508732e-01,-5.2577030286243200e-02,9.9666489824883631e-01,-5.2824301141923657e-02,9.8953968936998982e-01,-6.6023172675982900e-02
1.0131642762780488e+03,2.1255434956961561e-03,9.8126198954901086e-05,-4.6310382645174577e-04,1.3095283532467648e-05,-4.8628637729089926e-04,2.2400051624772998e-05,-4.6310382645174555e-04,1.3095283532467621e-05,2.1255434956961548e-03,9.8126198954900937e-05,-4.8628637729089915e-04,2.2400051624773154e-05,-4.8628637776723156e-04,2.2400051635554951e-05,-4.8628637776723156e-04,2.2400051635555023e-05,2.1898252839044380e-03,1.3163051111418552e-04,5.3466138642447538e+02,-4.0289320175444949e+01,1.4877560403553167e+02,-2.7613888854647655e+01,1.4920797368366573e+02,-3.1038892204399318e+01,1.4877560403553161e+02,-2.7613888854647659e+01,5.3466138642447527e+02,-4.0289320175444978e+01,1.4920797368366570e+02,-3.1038892204399282e+01,1.4920797382513194e+02,-3.1038892232637803e+01,1.4920797382513194e+02,-3.1038892232637782e+01,5.1940171347906698e+02,-4.8059188574775689e+01,1.1352017922686686e-07,1.2349767743308972e-07,5.4040932482910580e-07,3.4559633337529529e-06,3.4725521070066098e-06,4.3528278519123464e-06,5.4142950360587370e-05,5.4402838860573403e-05,6.8193704491171375e-05,9.9669825408925994e-01,-5.4729490922492019e-02,9.9652597590381409e-01,-5.4983220973970903e-02,9.8909340734280093e-01,-6.8446821055657192e-02
1.0548236740301722e+03,2.1271149817569941e-03,9.6315757214568434e-05,-4.6201757988846473e-04,1.3915884444353211e-05,-4.8475296066800312e-04,2.3371047266667922e-05,-4.6201757988846511e-04,1.3915884444353372e-05,2.1271149817569976e-03,9.6315757214569139e-05,-4.8475296066800394e-04,2.3371047266667353e-05,-4.8475296100492659e-04,2.3371047845573922e-05,-4.8475296100492703e-04,2.3371047845573603e-05,2.1926566359728589e-03,1.3005301034679965e-04,5.3366016424244879e+02,-3.9778349820388456e+01,1.4782121884105490e+02,-2.7498917424363558e+01,1.4811084692420073e+02,-3.0922329037337168e+01,1.4782121884105504e+02,-2.7498917424363515e+01,5.3366016424244879e+02,-3.9778349820388328e+01,1.4811084692420081e+02,-3.0922329037337274e+01,1.4811084701231476e+02,-3.0922329234790094e+01,1.4811084701231499e+02,-3.0922329234790162e+01,5.1807647358594568e+02,-4.7558653047641457e+01,1.1449555214015466e-07,1.2498320199560315e-07,5.5844415897130423e-07,3.5976292979420348e-06,3.6146747381002641e-06,4.5141653894198849e-06,5.4136378867594095e-05,5.4392875112746046e-05,6.7928223714547041e-05,9.9655723925762019e-01,-5.6969675194704264e-02,9.9637591062274666e-01,-5.7229772229993980e-02,9.8863183166931745e-01,-7.0959220809515527e-02
1.0981960273825910e+03,2.1286888905291258e-03,9.4562341423155719e-05,-4.6092440107564707e-04,1.4673462600537666e-05,-4.8320489039298806e-04,2.4258230817969674e-05,-4.6092440107564544e-04,1.4673462600537260e-05,2.1286888905291167e-03,9.4562341423153347e-05,-4.8320489039298557e-04,2.4258230817971616e-05,-4.8320489094906424e-04,2.4258230413992570e-05,-4.8320489094906338e-04,2.4258230413993644e-05,2.1955129811155345e-03,1.2848936198272881e-04,5.3266538169175726e+02,-3.9259915523060883e+01,1.4687449822239273e+02,-2.7358368175913402e+01,1.4702111969179893e+02,-3.0774294216374987e+01,1.4687449822239230e+02,-2.7358368175913530e+01,5.3266538169175658e+02,-3.9259915523061295e+01,1.4702111969179870e+02,-3.0774294216374653e+01,1.4702111985878921e+02,-3.0774294104979610e+01,1.4702111985878867e+02,-3.0774294104979418e+01,5.1675657860845763e+02,-4.7037411141317790e+01,1.1553502393876200e-07,1.2656186371961177e-07,5.7663508910318897e-07,3.7450904783089687e-06,3.7625900035892254e-06,4.6815392764002389e-06,5.4129635904539152e-05,5.4382565156157742e-05,6.7664591275446988e-05,9.9640472526301282e-01,-5.9301097450482836e-02,9.9621383595507196e-01,-5.9567435623675793e-02,9.8815446527280182e-01,-7.3564208440305090e-02
1.1433517698280332e+03,2.1302646647928304e-03,9.2861790759732479e-05,-4.5982711337534964e-04,1.5368848227999127e-05,-4.8164635716184910e-04,2.5061812641475023e-05,-4.5982711337535864e-04,1.5368848228001282e-05,2.1302646647928759e-03,9.2861790759747264e-05,-4.8164635716186320e-04,2.5061812641463103e-05,-4.8164635648639744e-04,2.5061816188391008e-05,-4.8164635648640438e-04,2.5061816188384107e-05,2.1983905049368976e-03,1.2693316286313620e-04,5.3167869398881066e+02,-3.8733732960098109e+01,1.4593728289604985e+02,-2.7192748116130797e+01,1.4594107795372508e+02,-3.0595247764311271e+01,1.4593728289605210e+02,-2.7192748116129977e+01,5.3167869398881521e+02,-3.8733732960095644e+01,1.4594107795372634e+02,-3.0595247764313200e+01,1.4594107763109383e+02,-3.0595248835883584e+01,1.4594107763109690e+02,-3.0595248835884636e+01,5.1544467022566653e+02,-4.6495050549158833e+01,1.1664183174455227e-07,1.2823761222493519e-07,5.9495142177170460e-07,3.8985814430236296e-06,3.9165306600868755e-06,4.8552161883084551e-06,5.4122693620087142e-05,5.4371876557530423e-05,6.7403331714240946e-05,9.9623978920654088e-01,-6.1727401771287119e-02,9.9603881748767742e-01,-6.1999819157604205e-02,9.8766072862152543e-01,-7.6265827700887398e-02
1.1903642309511577e+03,2.1318413767734802e-03,9.1209902354856553e-05,-4.5872846002820616e-04,1.6003189547219936e-05,-4.8008153094596036e-04,2.5782478465050269e-05,-4.5872846002820161e-04,1.6003189547218805e-05,2.1318413767734547e-03,9.1209902354847310e-05,-4.8008153094595223e-04,2.5782478465057587e-05,-4.8008153144284658e-04,2.5782476493838382e-05,-4.8008153144284187e-04,2.5782476493842753e-05,2.2012848655530537e-03,1.2537829391598597e-04,5.3070171646662959e+02,-3.8199704481635862e+01,1.4501131794250514e+02,-2.7002738453394688e+01,1.4487290594491813e+02,-3.0385871869820658e+01,1.4501131794250395e+02,-2.7002738453395210e+01,5.3070171646662754e+02,-3.8199704481637347e+01,1.4487290594491756e+02,-3.0385871869819528e+01,1.4487290623459776e+02,-3.0385871303080272e+01,1.4487290623459603e+02,-3.0385871303079718e+01,5.1414334296333641e+02,-4.5931439697185638e+01,1.1781758059565168e-07,1.3001264227186643e-07,6.1336359073693336e-07,4.0583468699140767e-06,4.0767393972064066e-06,5.0354776922715235e-06,5.4115534865931547e-05,5.4360787793752807e-05,6.7144967484878757e-05,9.9606146124149653e-01,-6.4252385381339844e-02,9.9584987623155818e-01,-6.4530680760745349e-02,9.8714993175479271e-01,-7.9068343642843347e-02
1.2393097555103809e+03,2.1334181663266931e-03,8.9603532728339539e-05,-4.5763132594747361e-04,1.6577499733814436e-05,-4.7851481174875554e-04,2.6420837331868760e-05,-4.5763132594748017e-04,1.6577499733815768e-05,2.1334181663267286e-03,8.9603532728355084e-05,-4.7851481174876747e-04,2.6420837331856894e-05,-4.7851481118744451e-04,2.6420840128965078e-05,-4.7851481118745269e-04,2.6420840128957614e-05,2.2041914348762282e-03,1.2382001373551451e-04,5.2973602722058104e+02,-3.7657956847448290e+01,1.4409835564319394e+02,-2.6789168995382433e+01,1.4381881027780105e+02,-3.0147029888483321e+01,1.4409835564319570e+02,-2.6789168995381583e+01,5.2973602722058399e+02,-3.7657956847445980e+01,1.4381881027780173e+02,-3.0147029888484983e+01,1.4381880972233404e+02,-3.0147030649807604e+01,1.4381880972233634e+02,-3.0147030649808286e+01,5.1285518682635075e+02,-4.5346764013978436e+01,1.1906717925188809e-07,1.3189234350325335e-07,6.3184333298134187e-07,4.2246408347383551e-06,4.2434682680637771e-06,5.2226193379833992e-06,5.4108137385169631e-05,5.4349274416418623e-05,6.6889995079913315e-05,9.9586864162651212e-01,-6.6879981467371702e-02,9.9564590539385978e-01,-6.7163913315381560e-02,9.8662126517516313e-01,-8.1976226627072754e-02
1.2902678274161112e+03,2.1349937471588395e-03,8.8038923113687418e-05,-4.5653846017717207e-04,1.7093327435296945e-05,-4.7695050084041723e-04,2.6978230975902604e-05,-4.5653846017716844e-04,1.7093327435296186e-05,2.1349937471588209e-03,8.8038923113677891e-05,-4.7695050084041023e-04,2.6978230975909783e-05,-4.7695050095582366e-04,2.6978229348487398e-05,-4.7695050095581846e-04,2.6978229348492033e-05,2.2071051260882293e-03,1.2225330068021031e-04,5.2878314078967060e+02,-3.7108731451497881e+01,1.4320000203112019e+02,-2.6553030931903301e+01,1.4278083117378088e+02,-2.9879795591217988e+01,1.4320000203111928e+02,-2.6553030931903812e+01,5.2878314078966912e+02,-3.7108731451499267e+01,1.4278083117378051e+02,-2.9879795591217007e+01,1.4278083147636457e+02,-2.9879795142228826e+01,1.4278083147636318e+02,-2.9879795142228449e+01,5.1158269224533723e+02,-4.4741409891327557e+01,1.2039194061816801e-07,1.3387833597671359e-07,6.5036367269571071e-07,4.3977280813216929e-06,4.4169797603015205e-06,5.4169537604944724e-06,5.4100485716701601e-05,5.4337318273060493e-05,6.6638915396421717e-05,9.9566020252797638e-01,-6.9614285048443580e-02,9.9542577344683036e-01,-6.9903567469085867e-02,9.8607378805710599e-01,-8.4994199225557579e-02
1.3433211988067389e+03,2.1365672395512606e-03,8.6512830074751422e-05,-4.5545272265920420e-04,1.7552337447225535e-05,-4.7539304055278092e-04,2.7456221017397885e-05,-4.5545272265920040e-04,1.7552337447224827e-05,2.1365672395512402e-03,8.6512830074740132e-05,-4.7539304055277328e-04,2.7456221017406365e-05,-4.7539304027440822e-04,2.7456219510601562e-05,-4.7539304027440220e-04,2.7456219510607156e-05,2.2100210844346263e-03,1.2067400585652950e-04,5.2784442230190632e+02,-3.6552372186027071e+01,1.4231780913175263e+02,-2.6295460103058783e+01,1.4176095516520650e+02,-2.9585421470013038e+01,1.4231780913175160e+02,-2.6295460103059391e+01,5.2784442230190473e+02,-3.6552372186028620e+01,1.4176095516520618e+02,-2.9585421470011934e+01,1.4176095546383735e+02,-2.9585421063517625e+01,1.4176095546383590e+02,-2.9585421063517249e+01,5.1032819921923345e+02,-4.4115963228260711e+01,1.2179391467375303e-07,1.3597276081115721e-07,6.6889948747108521e-07,4.5778830532859923e-06,4.5975460203271623e-06,5.6188055355504805e-06,5.4092553775909301e-05,5.4324892629848560e-05,6.6392159225207181e-05,9.9543491405538898e-01,-7.2459532187161224e-02,9.9518825072371364e-01,-7.2753833930521289e-02,9.8550641740164913e-01,-8.8127152955733853e-02
1.3985560244319877e+03,2.1381370843336278e-03,8.5022485755136513e-05,-4.5437673820458724e-04,1.7956316039922282e-05,-4.7384666630921406e-04,2.7856656853221184e-05,-4.5437673820456582e-04,1.7956316039918105e-05,2.1381370843335142e-03,8.5022485755074226e-05,-4.7384666630917026e-04,2.7856656853267953e-05,-4.7384666570722105e-04,2.7856647524835487e-05,-4.7384666570718712e-04,2.7856647524866045e-05,2.2129336834113282e-03,1.1907888559404188e-04,5.2692122344331551e+02,-3.5989485332075617e+01,1.4145317821230796e+02,-2.6017715921786305e+01,1.4076099625439329e+02,-2.9265328083751346e+01,1.4145317821230230e+02,-2.6017715921789687e+01,5.2692122344330642e+02,-3.5989485332084342e+01,1.4076099625439119e+02,-2.9265328083745160e+01,1.4076099802393901e+02,-2.9265325538337862e+01,1.4076099802393102e+02,-2.9265325538335691e+01,5.0909399302000799e+02,-4.3471355882358445e+01,1.2327578413655715e-07,1.3817827021719429e-07,6.8742899135352826e-07,4.7653926882720796e-06,4.7854515659372298e-06,5.8285188854252774e-06,5.4084333940038049e-05,5.4311990107970291e-05,6.6150175315239616e-05,9.9519143580487357e-01,-7.5420142695091952e-02,9.9493199961809220e-01,-7.5719084782897794e-02,9.8491788516418377e-01,-9.1380264479944961e-02
1.4560620015618531e+03,2.1397018661139275e-03,8.3566421246356488e-05,-4.5331307350402069e-04,1.8306866443572939e-05,-4.7231554736461431e-04,2.8181294903609650e-05,-4.5331307350401250e-04,1.8306866443571831e-05,2.1397018661138828e-03,8.3566421246318432e-05,-4.7231554736459517e-04,2.8181294903638032e-05,-4.7231554336100366e-04,2.8181291134468682e-05,-4.7231554336098436e-04,2.8181291134489851e-05,2.2158373011632840e-03,1.1746642043781236e-04,5.2601478202232590e+02,-3.5420890354486517e+01,1.4060743049793280e+02,-2.5721159079014228e+01,1.3978268241265241e+02,-2.8921066422671124e+01,1.4060743049793055e+02,-2.5721159079016303e+01,5.2601478202232386e+02,-3.5420890354490908e+01,1.3978268241265175e+02,-2.8921066422667877e+01,1.3978268330624869e+02,-2.8921065388688220e+01,1.3978268330624533e+02,-2.8921065388687644e+01,5.0788222958776208e+02,-4.2808819140034949e+01,1.2484489816078631e-07,1.4050204434637924e-07,7.0593496947565473e-07,4.9605556520905199e-06,4.9809926863220565e-06,6.0464498187480304e-06,5.4075820507498926e-05,5.4298607927360735e-05,6.5913328674868250e-05,9.9492824623517651e-01,-7.8500701241910012e-02,9.9465550412751569e-01,-7.8803857219331142e-02,9.8430671971561290e-01,-9.4758867823994883e-02
1.5159325156483283e+03,2.1412608836683640e-03,8.2140263956913574e-05,-4.5226438423989675e-04,1.8606971506718786e-05,-4.7080389817401904e-04,2.8433529605650893e-05,-4.5226438423989605e-04,1.8606971506718925e-05,2.1412608836683619e-03,8.2140263956905889e-05,-4.7080389817401753e-04,2.8433529605656835e-05,-4.7080389613437748e-04,2.8433529425445646e-05,-4.7080389613437439e-04,2.8433529425450962e-05,2.2187273641759730e-03,1.1583240376994274e-04,5.2512601812707862e+02,-3.4847033993709651e+01,1.3978168532498870e+02,-2.5407295618778154e+01,1.3882749666831407e+02,-2.8554373666141561e+01,1.3978168532498859e+02,-2.5407295618778591e+01,5.2512601812707885e+02,-3.4847033993710255e+01,1.3882749666831396e+02,-2.8554373666140997e+01,1.3882749678592850e+02,-2.8554373593990924e+01,1.3882749678592822e+02,-2.8554373593990984e+01,5.0669465987961541e+02,-4.2129286105566067e+01,1.2649382654045681e-07,1.4293590430931650e-07,7.2439789060683597e-07,5.1636798477114353e-06,5.1844746081827409e-06,6.2729710553874308e-06,5.4066978421584421e-05,5.4284712653535770e-05,6.5681955638898361e-05,9.9464394477623597e-01,-8.1705940258840856e-02,9.9435737935402069e-01,-8.2012831721683874e-02,9.8367133604919776e-01,-9.8268538599049118e-02
1.5782647919764756e+03,2.1428119751351685e-03,8.0743564137435939e-05,-4.5123276466380339e-04,1.8858412353976907e-05,-4.6931537224474722e-04,2.8615600760963860e-05,-4.5123276466380486e-04,1.8858412353977025e-05,2.1428119751351763e-03,8.0743564137444098e-05,-4.6931537224475058e-04,2.8615600760957738e-05,-4.6931537345983938e-04,2.8615601406015116e-05,-4.6931537345984328e-04,2.8615601406010285e-05,2.2215975443385157e-03,1.1417720117869702e-04,5.2425601999547894e+02,-3.4269110347905176e+01,1.3897693508758803e+02,-2.5077655021801778e+01,1.3789678163845957e+02,-2.8167040120378218e+01,1.3897693508758843e+02,-2.5077655021801331e+01,5.2425601999547894e+02,-3.4269110347904309e+01,1.3789678163845969e+02,-2.8167040120378896e+01,1.3789678146483635e+02,-2.8167040302532595e+01,1.3789678146483698e+02,-2.8167040302532662e+01,5.0553317230927485e+02,-4.1434508760701355e+01,1.2823176528745469e-07,1.4548852824222405e-07,7.4280889019896091e-07,5.3750904974342892e-06,5.3962200956440168e-06,6.5084756061608434e-06,5.4057825514853125e-05,5.4270328008302425e-05,6.5456393497646771e-05,9.9433673678776568e-01,-8.5040826972507033e-02,9.9403584320469518e-01,-8.5350926117027159e-02,9.8300981535963228e-01,-1.0191512678886398e-01
1.6431600535510916e+03,2.1443542876091503e-03,7.9373437141151660e-05,-4.5022053221165917e-04,1.9064128127446630e-05,-4.6785377659613094e-04,2.8731096362614130e-05,-4.5022053221165889e-04,1.9064128127446572e-05,2.1443542876091490e-03,7.9373437141150901e-05,-4.6785377659613062e-04,2.8731096362614665e-05,-4.6785377655301510e-04,2.8731096273039636e-05,-4.6785377655301461e-04,2.8731096273040019e-05,2.2244431586640094e-03,1.1249891747142506e-04,5.2340549007605421e+02,-3.3687875577458257e+01,1.3819401631131717e+02,-2.4733869461730539e+01,1.3699168916729752e+02,-2.7760983584596360e+01,1.3819401631131714e+02,-2.4733869461730581e+01,5.2340549007605398e+02,-3.3687875577458342e+01,1.3699168916729749e+02,-2.7760983584596293e+01,1.3699168918612423e+02,-2.7760983561082046e+01,1.3699168918612409e+02,-2.7760983561082028e+01,5.0439919354649027e+02,-4.0725863839326912e+01,1.3005514284544817e-07,1.4815520308036920e-07,7.6115693063052513e-07,5.5951218797064173e-06,5.6165607945812311e-06,6.7533699984040917e-06,5.4048337873565980e-05,5.4255435724105981e-05,6.5236903021333379e-05,9.9400489849539464e-01,-8.8510467581973840e-02,9.9368919529789101e-01,-8.8823194866412630e-02,9.8232010332860498e-01,-1.0570466627371346e-01
1.7107236854753774e+03,2.1458863001777768e-03,7.8028771792071840e-05,-4.4922954151284996e-04,1.9226630131578923e-05,-4.6642236531650505e-04,2.8783275453244095e-05,-4.4922954151285039e-04,1.9226630131579025e-05,2.1458863001777794e-03,7.8028771792072925e-05,-4.6642236531650586e-04,2.8783275453243397e-05,-4.6642236519055057e-04,2.8783275669166824e-05,-4.6642236519055133e-04,2.8783275669166478e-05,2.2272589111617695e-03,1.1079789505984141e-04,5.2257512017485237e+02,-3.3104421600636186e+01,1.3743360676731959e+02,-2.4377587838477432e+01,1.3611318370932239e+02,-2.7338161052374581e+01,1.3743360676731967e+02,-2.4377587838477389e+01,5.2257512017485249e+02,-3.3104421600636030e+01,1.3611318370932236e+02,-2.7338161052374673e+01,1.3611318367142124e+02,-2.7338161104755631e+01,1.3611318367142135e+02,-2.7338161104755677e+01,5.0329407796817452e+02,-4.0005115609819491e+01,1.3196747195354810e-07,1.5093825291376018e-07,7.7943903516254694e-07,5.8241247837035825e-06,5.8458450198680681e-06,7.0080759978929692e-06,5.4038522078957404e-05,5.4240050979028184e-05,6.5023687439322024e-05,9.9364644339930408e-01,-9.2120196886117556e-02,9.9331547396420083e-01,-9.2434923129352767e-02,9.8159983483477076e-01,-1.0964338111573575e-01
1.7810654060885513e+03,2.1474066919514412e-03,7.6708148849801461e-05,-4.4826150752808540e-04,1.9348736355496897e-05,-4.6502417858207591e-04,2.8775835054215596e-05,-4.4826150752808692e-04,1.9348736355497114e-05,2.1474066919514468e-03,7.6708148849807125e-05,-4.6502417858207922e-04,2.8775835054211588e-05,-4.6502417887594652e-04,2.8775835806915548e-05,-4.6502417887594967e-04,2.8775835806912885e-05,2.2300399257670551e-03,1.0907447311506344e-04,5.2176542885477693e+02,-3.2519796851677150e+01,1.3669621613335343e+02,-2.4010490282295809e+01,1.3526202554212273e+02,-2.6900580454144485e+01,1.3669621613335380e+02,-2.4010490282295521e+01,5.2176542885477727e+02,-3.2519796851676396e+01,1.3526202554212287e+02,-2.6900580454144965e+01,1.3526202539084395e+02,-2.6900580635627218e+01,1.3526202539084449e+02,-2.6900580635627342e+01,5.0221892772341255e+02,-3.9274029568749889e+01,1.3396942860278003e-07,1.5383684279913984e-07,7.9765490400671305e-07,6.0624636260394048e-06,6.0844347295276878e-06,7.2730335949974094e-06,5.4028378965665603e-05,5.4224184364061752e-05,6.4816919249254269e-05,9.9325927124860747e-01,-9.5875543022758705e-02,9.9291260978743678e-01,-9.6191589747146602e-02,9.8084639875160207e-01,-1.1373773530934506e-01
1.8542994451403069e+03,2.1489145460508816e-03,7.5409738282167750e-05,-4.4731803257285456e-04,1.9433576210517666e-05,-4.6366204679529566e-04,2.8712899694631914e-05,-4.4731803257285174e-04,1.9433576210517307e-05,2.1489145460508712e-03,7.5409738282158413e-05,-4.6366204679529008e-04,2.8712899694638518e-05,-4.6366204635768824e-04,2.8712898444117062e-05,-4.6366204635768304e-04,2.8712898444121318e-05,2.2327820166122103e-03,1.0732882845738676e-04,5.2097672954627058e+02,-3.1934959590675039e+01,1.3598219225839554e+02,-2.3634266606175469e+01,1.3443877597086185e+02,-2.6450272741157061e+01,1.3598219225839486e+02,-2.3634266606175949e+01,5.2097672954627001e+02,-3.1934959590676311e+01,1.3443877597086166e+02,-2.6450272741156269e+01,1.3443877621022119e+02,-2.6450272444720991e+01,1.3443877621022014e+02,-2.6450272444720778e+01,5.0117455828942900e+02,-3.8534312977861070e+01,1.3605738590310283e-07,1.5684545780742621e-07,8.1580637021231390e-07,6.3105162119152272e-06,6.3327052936227505e-06,7.5486994890908455e-06,5.4017897731714929e-05,5.4207835845521605e-05,6.4616722834692200e-05,9.9284117947904749e-01,-9.9782223701113573e-02,9.9247843796386204e-01,-1.0009886379730622e-01,9.8005693340671141e-01,-1.1799440465038298e-01
1.9305447292914844e+03,2.1504079580862740e-03,7.4133676383462046e-05,-4.4640011823659885e-04,1.9483687481840576e-05,-4.6233808172851731e-04,2.8598061361020075e-05,-4.4640011823658942e-04,1.9483687481839563e-05,2.1504079580862388e-03,7.4133676383426810e-05,-4.6233808172849731e-04,2.8598061361045337e-05,-4.6233807861299775e-04,2.8598056814585408e-05,-4.6233807861297780e-04,2.8598056814602156e-05,2.2354801102703031e-03,1.0556352267532856e-04,5.2020939877519652e+02,-3.1351201502205257e+01,1.3529172700959055e+02,-2.3250570306367397e+01,1.3364380960927821e+02,-2.5989244214178747e+01,1.3529172700958836e+02,-2.3250570306369241e+01,5.2020939877519481e+02,-3.1351201502209960e+01,1.3364380960927747e+02,-2.5989244214175823e+01,1.3364381042779848e+02,-2.5989243166796257e+01,1.3364381042779493e+02,-2.5989243166795610e+01,5.0016177959612025e+02,-3.7788035302029328e+01,1.3823845998644633e-07,1.5996941326899735e-07,8.3390482506506569e-07,6.5686809740510330e-06,6.5910530529119816e-06,7.8355491562734305e-06,5.4007112864538245e-05,5.4191054114361568e-05,6.4423190791303739e-05,9.9238960146621169e-01,-1.0384623332012087e-01,9.9201042884451718e-01,-1.0416269599638830e-01,9.7922819073545919e-01,-1.2242028852658426e-01
2.0099250752421622e+03,2.1518870013547695e-03,7.2877702017157649e-05,-4.4550900610083232e-04,1.9502617259563260e-05,-4.6105445249803266e-04,2.8436032587462480e-05,-4.4550900610086950e-04,1.9502617259567069e-05,2.1518870013549074e-03,7.2877702017295871e-05,-4.6105445249811056e-04,2.8436032587363069e-05,-4.6105446529764294e-04,2.8436050452989883e-05,-4.6105446529772138e-04,2.8436050452923909e-05,2.2381316703848353e-03,1.0377873350206279e-04,5.1946334308152871e+02,-3.0769234114438998e+01,1.3462489761471289e+02,-2.2861072875948132e+01,1.3287735232132528e+02,-2.5519519561049787e+01,1.3462489761472176e+02,-2.2861072875940888e+01,5.1946334308153484e+02,-3.0769234114420552e+01,1.3287735232132835e+02,-2.5519519561061248e+01,1.3287734912995387e+02,-2.5519523659429225e+01,1.3287734912996774e+02,-2.5519523659431730e+01,4.9918085485246394e+02,-3.7036710668111269e+01,1.4050654799130553e-07,1.6320017924115665e-07,8.5196168679503623e-07,6.8373676300085360e-06,6.8598856723244736e-06,8.1340598518579926e-06,5.3996016712884524e-05,5.4173846055261316e-05,6.4236246384777014e-05,9.9190198432257581e-01,-1.0807372930739553e-01,9.9150607739041052e-01,-1.0838920164168275e-01,9.7835670084609472e-01,-1.2702225572903778e-01
2.0925693908008179e+03,2.1533495239950840e-03,7.1641535209275635e-05,-4.4464537752912463e-04,1.9493137297374510e-05,-4.5981285743899712e-04,2.8230810723916320e-05,-4.4464537752912729e-04,1.9493137297374717e-05,2.1533495239950936e-03,7.1641535209287344e-05,-4.5981285743900314e-04,2.8230810723907697e-05,-4.5981285915684087e-04,2.8230812089685289e-05,-4.5981285915684743e-04,2.8230812089679376e-05,2.2407319382528146e-03,1.0197695431919709e-04,5.1873873219191103e+02,-3.0190380701388246e+01,1.3398153014815708e+02,-2.2467325102745992e+01,1.3213932294712558e+02,-2.5043013887017381e+01,1.3398153014815773e+02,-2.2467325102745374e+01,5.1873873219191159e+02,-3.0190380701386729e+01,1.3213932294712583e+02,-2.5043013887018333e+01,1.3213932272392930e+02,-2.5043014190411885e+01,1.3213932272393041e+02,-2.5043014190412048e+01,4.9823219167654207e+02,-3.6282427142029064e+01,1.4285655174934925e-07,1.6653006437681938e-07,8.6998638624439451e-07,7.1170023428170624e-06,7.1396271565772538e-06,8.4447677872997406e-06,5.3984601554218043e-05,5.4156217565742197e-05,6.4056101467408258e-05,9.9137554159786234e-01,-1.1247108807306808e-01,9.9096264900961906e-01,-1.1278471360642456e-01,9.7743867057394929e-01,-1.3180803006288216e-01
2.1786118842210713e+03,2.1547950858289825e-03,7.0424766969882558e-05,-4.4380962774860216e-04,1.9458226936907541e-05,-4.5861430332670391e-04,2.7986608311311872e-05,-4.4380962774860308e-04,1.9458226936907579e-05,2.1547950858289856e-03,7.0424766969886488e-05,-4.5861430332670586e-04,2.7986608311308975e-05,-4.5861430411875810e-04,2.7986608721208526e-05,-4.5861430411876027e-04,2.7986608721206456e-05,2.2432783736522320e-03,1.0016069062112920e-04,5.1803537893371197e+02,-2.9615510078596774e+01,1.3336145395908372e+02,-2.2070886288806772e+01,1.3142964103520438e+02,-2.4561638773504949e+01,1.3336145395908400e+02,-2.2070886288806555e+01,5.1803537893371163e+02,-2.9615510078596284e+01,1.3142964103520444e+02,-2.4561638773505255e+01,1.3142964097926009e+02,-2.4561638863923140e+01,1.3142964097926040e+02,-2.4561638863923172e+01,4.9731582645244458e+02,-3.5526875411297731e+01,1.4529417354078315e-07,1.6996232545868503e-07,8.8800585505234809e-07,7.4080361436607827e-06,7.4307272380490938e-06,8.7681780796216019e-06,5.3972916216634982e-05,5.4138237296680199e-05,6.3882536705617634e-05,9.9080706715630085e-01,-1.1704501407659733e-01,9.9037698686971209e-01,-1.1735590600521408e-01,9.7646984063356246e-01,-1.3678474245706587e-01
2.2681922821459616e+03,2.1562227406834479e-03,6.9226681646000039e-05,-4.4300204671606023e-04,1.9400895978806800e-05,-4.5745972235322320e-04,2.7707728288884523e-05,-4.4300204671606039e-04,1.9400895978806783e-05,2.1562227406834492e-03,6.9226681646000784e-05,-4.5745972235322342e-04,2.7707728288883886e-05,-4.5745972263391745e-04,2.7707728365612440e-05,-4.5745972263391789e-04,2.7707728365611952e-05,2.2457681932302668e-03,9.8332205094910530e-05,5.1735307077405196e+02,-2.9045579976934128e+01,1.3276430007768349e+02,-2.1673213829768763e+01,1.3074797595164173e+02,-2.4077203318153060e+01,1.3276430007768354e+02,-2.1673213829768716e+01,5.1735307077405196e+02,-2.9045579976934043e+01,1.3074797595164176e+02,-2.4077203318153128e+01,1.3074797595987505e+02,-2.4077203339988959e+01,1.3074797595987511e+02,-2.4077203339988969e+01,4.9643165908669255e+02,-3.4771789533325787e+01,1.4781462230311697e-07,1.7348925854841438e-07,9.0604105517201327e-07,7.7109332237080552e-06,7.7336486398719576e-06,9.1048418539603064e-06,5.3960968231177382e-05,5.4119930293799014e-05,6.3715515071622624e-05,9.9019327232186727e-01,-1.2180238705339785e-01,9.8974586042327495e-01,-1.2210962659581222e-01,9.7544567432785079e-01,-1.4196016580855056e-01
2.3614560565136667e+03,2.1576316792478768e-03,6.8046838022255300e-05,-4.4222264103759099e-04,1.9324032284148784e-05,-4.5634960154368633e-04,2.7398356293228669e-05,-4.4222264103759088e-04,1.9324032284148801e-05,2.1576316792478764e-03,6.8046838022255111e-05,-4.5634960154368616e-04,2.7398356293228849e-05,-4.5634960160957535e-04,2.7398356298619766e-05,-4.5634960160957530e-04,2.7398356298619881e-05,2.2481990741148551e-03,9.6494118773874309e-05,5.1669150176987546e+02,-2.8481483003163209e+01,1.3218960641807152e+02,-2.1275690275612973e+01,1.3009387776967151e+02,-2.3591432002804673e+01,1.3218960641807149e+02,-2.1275690275612980e+01,5.1669150176987557e+02,-2.8481483003163245e+01,1.3009387776967154e+02,-2.3591432002804652e+01,1.3009387780241485e+02,-2.3591432013591156e+01,1.3009387780241485e+02,-2.3591432013591145e+01,4.9557943576456489e+02,-3.4018828399483780e+01,1.5041535539362805e-07,1.7710536223741549e-07,9.2411856407837762e-07,8.0261787834468693e-06,8.0488754742673980e-06,9.4553237987140158e-06,5.3948779127398340e-05,5.4101337249144256e-05,6.3554923078325699e-05,9.8953055190634343e-01,-1.2675035749249067e-01,9.8906572389506831e-01,-1.2705300016451068e-01,9.7436121961046607e-01,-1.4734217653010853e-01
2.4585546607931824e+03,2.1590211391535256e-03,6.6884919067409666e-05,-4.4147118305856936e-04,1.9230415374485801e-05,-4.5528406585910086e-04,2.7062567465978680e-05,-4.4147118305856991e-04,1.9230415374485852e-05,2.1590211391535287e-03,6.6884919067414532e-05,-4.5528406585910254e-04,2.7062567465974973e-05,-4.5528406725759790e-04,2.7062567871675782e-05,-4.5528406725760045e-04,2.7062567871672892e-05,2.2505690521449394e-03,9.4649210264748112e-05,5.1605029383217345e+02,-2.7924057118015035e+01,1.3163681597926754e+02,-2.0879610722335833e+01,1.2946677376322663e+02,-2.3105950421238330e+01,1.3163681597926760e+02,-2.0879610722335567e+01,5.1605029383217345e+02,-2.7924057118014495e+01,1.2946677376322660e+02,-2.3105950421238724e+01,1.2946677370930854e+02,-2.3105950514268283e+01,1.2946677370930891e+02,-2.3105950514268297e+01,4.9475876736172950e+02,-3.3269573136199377e+01,1.5309381798168848e-07,1.8080504737848317e-07,9.4226845132562146e-07,8.3542785535853407e-06,8.3769126934139632e-06,9.8202077387023872e-06,5.3936373575435052e-05,5.4082502701190768e-05,6.3400614402032055e-05,9.8881499902459358e-01,-1.3189633581524488e-01,9.8833273164985069e-01,-1.3219341676273413e-01,9.7321110635480856e-01,-1.5293883285539575e-01
2.5596457759335390e+03,2.1603904683669831e-03,6.5740651865244472e-05,-4.4074727185715345e-04,1.9122716550184518e-05,-4.5426295743097677e-04,2.6704314939706462e-05,-4.4074727185715491e-04,1.9122716550184114e-05,2.1603904683669762e-03,6.5740651865240312e-05,-4.5426295743097574e-04,2.6704314939708499e-05,-4.5426295566770272e-04,2.6704313845958947e-05,-4.5426295566769850e-04,2.6704313845960366e-05,2.2528765825502429e-03,9.2800296614308980e-05,5.1542899378091909e+02,-2.7374077567052360e+01,1.3110528543615402e+02,-2.0486175785919855e+01,1.2886597784820546e+02,-2.2622276086988439e+01,1.3110528543615462e+02,-2.0486175785920171e+01,5.1542899378091829e+02,-2.7374077567052826e+01,1.2886597784820549e+02,-2.2622276086988201e+01,1.2886597750260341e+02,-2.2622275707885112e+01,1.2886597750260319e+02,-2.2622275707885034e+01,4.9396912742561085e+02,-3.2525511593421527e+01,1.5584664204514183e-07,1.8458184011456055e-07,9.6052283024477830e-07,8.6957589038896348e-06,8.7182861697194064e-06,1.0200099716975083e-05,5.3923774221657385e-05,5.4063469354636808e-05,6.3252429173321146e-05,9.8804239441111485e-01,-1.3724798781179012e-01,9.8754272746833516e-01,-1.3753852679528825e-01,9.7198953504742214e-01,-1.5875841211376432e-01
2.6648935664259998e+03,2.1617391831162836e-03,6.4613880677062471e-05,-4.4005030120961307e-04,1.9003462502543541e-05,-4.5328577509874218e-04,2.6327375812800466e-05,-4.4005030120961160e-04,1.9003462502544185e-05,2.1617391831162923e-03,6.4613880677069464e-05,-4.5328577509874403e-04,2.6327375812796597e-05,-4.5328577886200391e-04,2.6327377388937385e-05,-4.5328577886200982e-04,2.6327377388934400e-05,2.2551205943359019e-03,9.0950273409724590e-05,5.1482706272096084e+02,-2.6832238698741708e+01,1.3059429463676221e+02,-2.0096485632874973e+01,1.2829070418895947e+02,-2.2141808569832257e+01,1.3059429463676162e+02,-2.0096485632874540e+01,5.1482706272096198e+02,-2.6832238698740905e+01,1.2829070418895944e+02,-2.2141808569832712e+01,1.2829070487229561e+02,-2.2141809163903396e+01,1.2829070487229589e+02,-2.2141809163903456e+01,4.9320985486907466e+02,-3.1788018802428709e+01,1.5867048823355459e-07,1.8842931789842867e-07,9.7891710356939456e-07,9.0511709592848555e-06,9.0735468171135595e-06,1.0595626008019654e-05,5.3911021327791603e-05,5.4044297492174883e-05,6.3110179033098700e-05,9.8720815931297112e-01,-1.4281328860468026e-01,9.8669119590940657e-01,-1.4309629493060505e-01,9.7069023382670305e-01,-1.6480936177288538e-01
2.7744689468950514e+03,2.1630665366482839e-03,6.3504576392816648e-05,-4.3937946015391453e-04,1.8874999166989901e-05,-4.5235174028376173e-04,2.5935315997810063e-05,-4.3937946015391475e-04,1.8874999166989783e-05,2.1630665366482817e-03,6.3504576392815889e-05,-4.5235174028376152e-04,2.5935315997810406e-05,-4.5235173966270720e-04,2.5935316017672905e-05,-4.5235173966270644e-04,2.5935316017673264e-05,2.2572999852710921e-03,8.9102117749778354e-05,5.1424400595431530e+02,-2.6299217580288364e+01,1.3010308745060303e+02,-1.9711550655241648e+01,1.2774011239395205e+02,-2.1665844889734586e+01,1.3010308745060314e+02,-1.9711550655241666e+01,5.1424400595431530e+02,-2.6299217580288470e+01,1.2774011239395206e+02,-2.1665844889734533e+01,1.2774011217789588e+02,-2.1665844833419609e+01,1.2774011217789591e+02,-2.1665844833419619e+01,4.9248028237203499e+02,-3.1058416230633114e+01,1.6156301799569476e-07,1.9234210105936146e-07,9.9749011475163873e-07,9.4210846701257352e-06,9.4432648283683608e-06,1.1007433116647924e-05,5.3898130111772584e-05,5.4025023043607873e-05,6.2973647206357838e-05,9.8630732628415829e-01,-1.4860041719165029e-01,9.8577323240344761e-01,-1.4887489733778606e-01,9.6930642663167477e-01,-1.7110028183914180e-01
2.8885498596510947e+03,2.1643722042530861e-03,6.2412695267330943e-05,-4.3873384369561529e-04,1.8739542969532571e-05,-4.5145984992358136e-04,2.5531517663542566e-05,-4.3873384369561534e-04,1.8739542969532489e-05,2.1643722042530857e-03,6.2412695267330441e-05,-4.5145984992358103e-04,2.5531517663542813e-05,-4.5145984949248886e-04,2.5531517790424086e-05,-4.5145984949248864e-04,2.5531517790424357e-05,2.2594143796932325e-03,8.7258681950556081e-05,5.1367919031941733e+02,-2.5775572203882206e+01,1.2963083329856158e+02,-1.9332268602862829e+01,1.2721326542215853e+02,-2.1195546345396394e+01,1.2963083329856161e+02,-1.9332268602862850e+01,5.1367919031941733e+02,-2.5775572203882280e+01,1.2721326542215851e+02,-2.1195546345396362e+01,1.2721326522878694e+02,-2.1195546317327899e+01,1.2721326522878697e+02,-2.1195546317327913e+01,4.9177956206081507e+02,-3.0337864911422457e+01,1.6452014649731487e-07,1.9631313035092203e-07,1.0162811417058963e-06,9.8060985945602460e-06,9.8280391172857314e-06,1.1436193868001605e-05,5.3885143906393864e-05,5.4005708493119528e-05,6.2842622514578222e-05,9.8533453124046211e-01,-1.5461790458802147e-01,9.8478353556427833e-01,-1.5488286445187111e-01,9.6783083111675861e-01,-1.7764000775230196e-01
3.0073215636556101e+03,2.1656558738816175e-03,6.1338234582234295e-05,-4.3811244110162034e-04,1.8599143762797307e-05,-4.5060892677040686e-04,2.5119147142176977e-05,-4.3811244110162045e-04,1.8599143762797232e-05,2.1656558738816162e-03,6.1338234582233753e-05,-4.5060892677040659e-04,2.5119147142177201e-05,-4.5060892641928793e-04,2.5119147332143587e-05,-4.5060892641928760e-04,2.5119147332143855e-05,2.2614636366004265e-03,8.5422757755156443e-05,5.1313198404527850e+02,-2.5261812069956072e+01,1.2917668470464901e+02,-1.8959446132919769e+01,1.2670919625671030e+02,-2.0731966741779434e+01,1.2917668470464898e+02,-1.8959446132919787e+01,5.1313198404527850e+02,-2.5261812069956143e+01,1.2670919625671033e+02,-2.0731966741779402e+01,1.2670919605989876e+02,-2.0731966722407094e+01,1.2670919605989883e+02,-2.0731966722407105e+01,4.9110681154871833e+02,-2.9627436867956501e+01,1.6753823998606305e-07,2.0033590530099070e-07,1.0353322839923376e-06,1.0206833020410386e-05,1.0228490686620772e-05,1.1882602708854940e-05,5.3872087132331530e-05,5.3986397190979083e-05,6.2716868906372486e-05,9.8428396314323674e-01,-1.6087450836168704e-01,9.8371635567351268e-01,-1.6112895937906874e-01,9.6625559942982542e-01,-1.8443751096834887e-01
3.1309769353679908e+03,2.1669171633295426e-03,6.0281305470584199e-05,-4.3751408422363562e-04,1.8455651392158277e-05,-4.4979755071329630e-04,2.4701108635760411e-05,-4.3751408422363567e-04,1.8455651392158205e-05,2.1669171633295404e-03,6.0281305470583711e-05,-4.4979755071329597e-04,2.4701108635760604e-05,-4.4979755051267683e-04,2.4701108810197407e-05,-4.4979755051267656e-04,2.4701108810197634e-05,2.2634477435673770e-03,8.3597127640540260e-05,5.1260175467109991e+02,-2.4758390807329796e+01,1.2873976458628545e+02,-1.8593789979088321e+01,1.2622689483585040e+02,-2.0276040164175960e+01,1.2873976458628547e+02,-1.8593789979088335e+01,5.1260175467109980e+02,-2.4758390807329857e+01,1.2622689483585044e+02,-2.0276040164175935e+01,1.2622689467619205e+02,-2.0276040144236323e+01,1.2622689467619209e+02,-2.0276040144236326e+01,4.9046111758101972e+02,-2.8928105837549438e+01,1.7061426976531972e-07,2.0440470844090686e-07,1.0546875457095373e-06,1.0623936082578003e-05,1.0645268666306152e-05,1.2347380190501582e-05,5.3858994428533325e-05,5.3967141870237611e-05,6.2596148519545168e-05,9.8314931330142907e-01,-1.6737929325204198e-01,9.8256544296735515e-01,-1.6762225709278808e-01,9.6457228313081556e-01,-1.9150194704800427e-01
3.2597167819626447e+03,2.1681559219497311e-03,5.9242152591021530e-05,-4.3693758127397159e-04,1.8310704687392968e-05,-4.4902420967931375e-04,2.4280028476701494e-05,-4.3693758127397148e-04,1.8310704687392978e-05,2.1681559219497320e-03,5.9242152591021558e-05,-4.4902420967931370e-04,2.4280028476701484e-05,-4.4902420982242871e-04,2.4280028506943443e-05,-4.4902420982242876e-04,2.4280028506943423e-05,2.2653671285268462e-03,8.1784575611000557e-05,5.1208782276676845e+02,-2.4265715142591844e+01,1.2831918252084367e+02,-1.8235910041765109e+01,1.2576532645048923e+02,-1.9828584167719278e+01,1.2831918252084364e+02,-1.8235910041765109e+01,5.1208782276676834e+02,-2.4265715142591830e+01,1.2576532645048918e+02,-1.9828584167719278e+01,1.2576532646829595e+02,-1.9828584172614889e+01,1.2576532646829594e+02,-1.9828584172614889e+01,4.8984149344830797e+02,-2.8240755273231716e+01,1.7374555526488308e-07,2.0851436416185138e-07,1.0743926571662611e-06,1.1058082378734989e-05,1.1079048838949400e-05,1.2831273105044000e-05,5.3845896547953272e-05,5.3947990004035040e-05,6.2480218588475796e-05,9.8192374601605414e-01,-1.7414159349812344e-01,9.8132401821415016e-01,-1.7437210534747613e-01,9.6277179549105785e-01,-1.9884263233761193e-01
3.3937501674249902e+03,2.1693718786599020e-03,5.8220826214010661e-05,-4.3638161436769659e-04,1.8165847228626092e-05,-4.4828720395269052e-04,2.3858372842582442e-05,-4.3638161436769632e-04,1.8165847228626302e-05,2.1693718786599046e-03,5.8220826214012003e-05,-4.4828720395269145e-04,2.3858372842581903e-05,-4.4828720464957708e-04,2.3858372393950286e-05,-4.4828720464957795e-04,2.3858372393949645e-05,2.2672222478207940e-03,7.9987515391176546e-05,5.1158953780771623e+02,-2.3784090854967044e+01,1.2791404162104510e+02,-1.7886329103303250e+01,1.2532344207339504e+02,-1.9390309553327615e+01,1.2791404162104506e+02,-1.7886329103303204e+01,5.1158953780771645e+02,-2.3784090854966866e+01,1.2532344207339503e+02,-1.9390309553327686e+01,1.2532344252063169e+02,-1.9390309609130512e+01,1.2532344252063159e+02,-1.9390309609130494e+01,4.8924696212945457e+02,-2.7566124320988454e+01,1.7692820304733371e-07,2.1265864720038919e-07,1.0944940393347228e-06,1.1509975593605512e-05,1.1530536324184860e-05,1.3335055783316228e-05,5.3832827881073431e-05,5.3928991618466765e-05,6.2368834488805703e-05,9.8059987657221381e-01,-1.8117103962638206e-01,9.7998475094550341e-01,-1.8138815248915327e-01,9.6084438083812329e-01,-2.0646903843485093e-01
3.5332947520558969e+03,2.1705651915893639e-03,5.7217794427766197e-05,-4.3584495763969021e-04,1.8022313809112354e-05,-4.4758487937671777e-04,2.3438225340484867e-05,-4.3584495763968956e-04,1.8022313809113004e-05,2.1705651915893743e-03,5.7217794427771245e-05,-4.4758487937672129e-04,2.3438225340483030e-05,-4.4758487968211150e-04,2.3438222943589566e-05,-4.4758487968211432e-04,2.3438222943587428e-05,2.2690141696943278e-03,7.8208665805559171e-05,5.1110617399457942e+02,-2.3313836835977202e+01,1.2752345009631381e+02,-1.7545478798117053e+01,1.2490018993673549e+02,-1.8961817500474375e+01,1.2752345009631375e+02,-1.7545478798116921e+01,5.1110617399458039e+02,-2.3313836835976584e+01,1.2490018993673527e+02,-1.8961817500474613e+01,1.2490019139246947e+02,-1.8961817571462667e+01,1.2490019139246918e+02,-1.8961817571462632e+01,4.8867645317998074e+02,-2.6904924037278263e+01,1.8016164130522087e-07,2.1683498696761499e-07,1.1150408409536626e-06,1.1980346268779538e-05,1.2000463163141266e-05,1.3859530675948350e-05,5.3819810242448920e-05,5.3910182207743201e-05,6.2261748892248689e-05,9.7916966466412447e-01,-1.8847749007472486e-01,9.7853965076445926e-01,-1.8868027572465043e-01,9.5877953627715495e-01,-2.1439076268832738e-01
3.6785771459359112e+03,2.1717357139415311e-03,5.6233079459926555e-05,-4.3532618869295578e-04,1.7881347201244254e-05,-4.4691533159078769e-04,2.3021612257109403e-05,-4.3532618869295594e-04,1.7881347201244142e-05,2.1717357139415302e-03,5.6233079459925695e-05,-4.4691533159078709e-04,2.3021612257109719e-05,-4.4691533175122500e-04,2.3021612757753167e-05,-4.4691533175122457e-04,2.3021612757753495e-05,2.2707437595386342e-03,7.6450098359129911e-05,5.1063708821362724e+02,-2.2855140686429497e+01,1.2714652318648187e+02,-1.7213721974570085e+01,1.2449452468092896e+02,-1.8543622410297807e+01,1.2714652318648190e+02,-1.7213721974570106e+01,5.1063708821362718e+02,-2.2855140686429603e+01,1.2449452468092900e+02,-1.8543622410297779e+01,1.2449452446296129e+02,-1.8543622427058388e+01,1.2449452446296129e+02,-1.8543622427058391e+01,4.8812897097144310e+02,-2.6257694460492004e+01,1.8344197341707777e-07,2.2103767061736956e-07,1.1360836472198433e-06,1.2469959047260405e-05,1.2489595857988030e-05,1.4405526589706097e-05,5.3806881063354117e-05,5.3891612339157064e-05,6.2158700997305271e-05,9.7762445150901245e-01,-1.9607113926937028e-01,9.7698010581631900e-01,-1.9625869413904937e-01,9.5656598995833220e-01,-2.2261746972781440e-01
3.8298332769232675e+03,2.1728836270719248e-03,5.5267216718918654e-05,-4.3482405518509174e-04,1.7743830475022172e-05,-4.4627681259237388e-04,2.2610123098745260e-05,-4.3482405518509184e-04,1.7743830475022033e-05,2.1728836270719209e-03,5.5267216718917414e-05,-4.4627681259237285e-04,2.2610123098745717e-05,-4.4627681253366070e-04,2.2610123773675634e-05,-4.4627681253365983e-04,2.2610123773676142e-05,2.2724123017096426e-03,7.4714257903610458e-05,5.1018157316217400e+02,-2.2408216819410800e+01,1.2678239272035728e+02,-1.6891326954335621e+01,1.2410540900727632e+02,-1.8136124696617220e+01,1.2678239272035729e+02,-1.6891326954335664e+01,5.1018157316217378e+02,-2.2408216819410971e+01,1.2410540900727636e+02,-1.8136124696617173e+01,1.2410540864216834e+02,-1.8136124698037264e+01,1.2410540864216840e+02,-1.8136124698037271e+01,4.8760344549904011e+02,-2.5624958712263378e+01,1.8676902744369435e-07,2.2526496199834677e-07,1.1576718293422773e-06,1.2979606838501818e-05,1.2998728958725385e-05,1.4973912795571855e-05,5.3794060750808328e-05,5.3873312496241744e-05,6.2059474113876546e-05,9.7595481824177677e-01,-2.0396237964097017e-01,9.7529674189901816e-01,-2.0413382155706725e-01,9.5419164062665085e-01,-2.3115907588914686e-01
3.9873087737832443e+03,2.1740091113023902e-03,5.4320269950616197e-05,-4.3433723780378797e-04,1.7610688143258392e-05,-4.4566747047067112e-04,2.2205328752046163e-05,-4.3433723780378797e-04,1.7610688143258419e-05,2.1740091113023915e-03,5.4320269950616692e-05,-4.4566747047067144e-04,2.2205328752046021e-05,-4.4566747035250728e-04,2.2205328389194362e-05,-4.4566747035250755e-04,2.2205328389194189e-05,2.2740211849862301e-03,7.3002930260796268e-05,5.0973895805918153e+02,-2.1973154595863889e+01,1.2643021343075600e+02,-1.6578509254298879e+01,1.2373183093270552e+02,-1.7739656312315066e+01,1.2643021343075600e+02,-1.6578509254298869e+01,5.0973895805918158e+02,-2.1973154595863839e+01,1.2373183093270552e+02,-1.7739656312315081e+01,1.2373183104914787e+02,-1.7739656277972450e+01,1.2373183104914786e+02,-1.7739656277972450e+01,4.8709884060278301e+02,-2.5007080095223809e+01,1.9013988827499602e-07,2.2951261503543653e-07,1.1798570529276527e-06,1.3510115487789898e-05,1.3528690211351015e-05,1.5565583522170525e-05,5.3781369007142082e-05,5.3855311680907448e-05,6.1963821995002775e-05,9.7415062053728518e-01,-2.1216186407407059e-01,9.7347945586891138e-01,-2.1231633644421727e-01,9.5164350232454198e-01,-2.4002545750890139e-01
4.1512593650711487e+03,2.1751124465671915e-03,5.3392798461647148e-05,-4.3386442518056285e-04,1.7482510982244327e-05,-4.4508543763177366e-04,2.1808384407687904e-05,-4.3386442518056264e-04,1.7482510982244174e-05,2.1751124465671889e-03,5.3392798461646078e-05,-4.4508543763177263e-04,2.1808384407688266e-05,-4.4508543759602236e-04,2.1808385334691112e-05,-4.4508543759602150e-04,2.1808385334691464e-05,2.2755719772851388e-03,7.1318270534054194e-05,5.0930857029882202e+02,-2.1550086819524989e+01,1.2608915750879319e+02,-1.6275406037364764e+01,1.2337279597631296e+02,-1.7354454038584624e+01,1.2608915750879315e+02,-1.6275406037364789e+01,5.0930857029882202e+02,-2.1550086819525134e+01,1.2337279597631303e+02,-1.7354454038584581e+01,1.2337279563725407e+02,-1.7354454130562967e+01,1.2337279563725409e+02,-1.7354454130562988e+01,4.8661411645663878e+02,-2.4404427539292037e+01,1.9355566646853362e-07,2.3378081016089798e-07,1.2026938589365627e-06,1.4062349145323439e-05,1.4080345655774694e-05,1.6181470003524815e-05,5.3768840111292854e-05,5.3837651622301066e-05,6.1871516941716190e-05,9.7220080893681393e-01,-2.2068053347728611e-01,9.7151723427274772e-01,-2.2081720458661103e-01,9.4890759542073733e-01,-2.4922658182110827e-01
4.3219512944165399e+03,2.1761940568314959e-03,5.2484889108495413e-05,-4.3340444803010631e-04,1.7359948894465997e-05,-4.4452899425129341e-04,2.1420460355391406e-05,-4.3340444803010637e-04,1.7359948894466065e-05,2.1761940568314963e-03,5.2484889108495806e-05,-4.4452899425129379e-04,2.1420460355391199e-05,-4.4452899403002298e-04,2.1420459259673844e-05,-4.4452899403002330e-04,2.1420459259673685e-05,2.2770664162295464e-03,6.9661775535549174e-05,5.0888974207562114e+02,-2.1139023355555555e+01,1.2575844357373536e+02,-1.5982113780999180e+01,1.2302735596657915e+02,-1.6980700253151916e+01,1.2575844357373542e+02,-1.5982113780999175e+01,5.0888974207562114e+02,-2.1139023355555494e+01,1.2302735596657909e+02,-1.6980700253151930e+01,1.2302735611083432e+02,-1.6980700027112917e+01,1.2302735611083429e+02,-1.6980700027112910e+01,4.8614824129984913e+02,-2.3817215524742405e+01,1.9701537514626949e-07,2.3806772256568498e-07,1.2262353769931438e-06,1.4637197945015062e-05,1.4654587279495438e-05,1.6822536539344613e-05,5.3756469401106856e-05,5.3820333347636207e-05,6.1782328429483437e-05,9.7009350575662356e-01,-2.2952940839541491e-01,9.6939823514376799e-01,-2.2964747146005118e-01,9.4596896377711714e-01,-2.5877240886013730e-01
4.4996617528831903e+03,2.1772543092591651e-03,5.1597016927894580e-05,-4.3295603062059050e-04,1.7243355490576365e-05,-4.4399628604892586e-04,2.1042343680083425e-05,-4.3295603062059050e-04,1.7243355490576355e-05,2.1772543092591651e-03,5.1597016927894485e-05,-4.4399628604892570e-04,2.1042343680083452e-05,-4.4399628611776869e-04,2.1042343913761503e-05,-4.4399628611776852e-04,2.1042343913761530e-05,2.2785062447478583e-03,6.8035190091828842e-05,5.0848182887038871e+02,-2.0740001616141502e+01,1.2543729182994454e+02,-1.5698652177625826e+01,1.2269456789083091e+02,-1.6618483824066015e+01,1.2543729182994454e+02,-1.5698652177625828e+01,5.0848182887038888e+02,-2.0740001616141523e+01,1.2269456789083092e+02,-1.6618483824066015e+01,1.2269456786976778e+02,-1.6618483875256160e+01,1.2269456786976778e+02,-1.6618483875256164e+01,4.8570020901780669e+02,-2.3245650084231187e+01,2.0051971910429497e-07,2.4237357910582526e-07,1.2505370061185420e-06,1.5235601905078277e-05,1.5252356909593587e-05,1.7489790422505698e-05,5.3744299645433404e-05,5.3803403708984136e-05,6.1696055269707973e-05,9.6781579849562738e-01,-2.3871990259498202e-01,9.6710957737355052e-01,-2.3881857447943175e-01,9.4281151330169399e-01,-2.6867296596360291e-01
4.6846793291068643e+03,2.1782937562824529e-03,5.0729363913759392e-05,-4.3251808218675963e-04,1.7133102299514542e-05,-4.4348566171739271e-04,2.0674800108081960e-05,-4.3251808218675963e-04,1.7133102299514546e-05,2.1782937562824537e-03,5.0729363913759392e-05,-4.4348566171739260e-04,2.0674800108081971e-05,-4.4348566173046375e-04,2.0674800165524879e-05,-4.4348566173046375e-04,2.0674800165524879e-05,2.2798933941237261e-03,6.6439813440003756e-05,5.0808419405580037e+02,-2.0352982356289786e+01,1.2512498421911997e+02,-1.5425014116093303e+01,1.2237355308758997e+02,-1.6267856122881867e+01,1.2512498421911995e+02,-1.5425014116093307e+01,5.0808419405580031e+02,-2.0352982356289793e+01,1.2237355308758997e+02,-1.6267856122881870e+01,1.2237355308163849e+02,-1.6267856135438219e+01,1.2237355308163849e+02,-1.6267856135438219e+01,4.8526902951724384e+02,-2.2689834263584963e+01,2.0406955775802406e-07,2.4669893162043929e-07,1.2756548740556771e-06,1.5858527537553961e-05,1.5874622828976518e-05,1.8184271633771134e-05,5.3732327383465931e-05,5.3786861921177649e-05,6.1612481634368055e-05,9.6535377768313424e-01,-2.4826341953201606e-01,9.6463738158325041e-01,-2.4834194046038691e-01,9.3941800698369049e-01,-2.7893813070217582e-01
4.8773044779419133e+03,2.1793129899231492e-03,4.9882166507263213e-05,-4.3208951534073832e-04,1.7029423487838529e-05,-4.4299546802184368e-04,2.0318394330928731e-05,-4.3208951534073837e-04,1.7029423487838532e-05,2.1793129899231488e-03,4.9882166507263199e-05,-4.4299546802184362e-04,2.0318394330928727e-05,-4.4299546804501497e-04,2.0318394385895426e-05,-4.4299546804501486e-04,2.0318394385895426e-05,2.2812298587210774e-03,6.4876858856267687e-05,5.0769621295264830e+02,-1.9977903500467601e+01,1.2482082162024562e+02,-1.5161140542140984e+01,1.2206345586093754e+02,-1.5928803176385811e+01,1.2482082162024564e+02,-1.5161140542140986e+01,5.0769621295264852e+02,-1.9977903500467605e+01,1.2206345586093757e+02,-1.5928803176385813e+01,1.2206345585884405e+02,-1.5928803189289768e+01,1.2206345585884407e+02,-1.5928803189289768e+01,4.8485373153751169e+02,-2.2149819353104903e+01,2.0766609873520592e-07,2.5104490599659272e-07,1.3016459441997496e-06,1.6506986488355143e-05,1.6522398327081966e-05,1.8907064146177662e-05,5.3720566936333492e-05,5.3770723439128253e-05,6.1531413123213784e-05,9.6269239317413868e-01,-2.5817158501552884e-01,9.6196662598624416e-01,-2.5822921650130254e-01,9.3576994309020900e-01,-2.8957772463463705e-01
5.0778500083777244e+03,2.1803126449868302e-03,4.9055640604431864e-05,-4.3166930998795818e-04,1.6932464594039645e-05,-4.4252412884891490e-04,1.9973551370876256e-05,-4.3166930998795824e-04,1.6932464594039631e-05,2.1803126449868311e-03,4.9055640604431877e-05,-4.4252412884891496e-04,1.9973551370876256e-05,-4.4252412884459528e-04,1.9973551373464881e-05,-4.4252412884459528e-04,1.9973551373464881e-05,2.2825176694529774e-03,6.3347386655417158e-05,5.0731728344993815e+02,-1.9614676334812888e+01,1.2452414411190233e+02,-1.4906936542881796e+01,1.2176346438219410e+02,-1.5601264274964032e+01,1.2452414411190232e+02,-1.4906936542881796e+01,5.0731728344993820e+02,-1.9614676334812891e+01,1.2176346438219410e+02,-1.5601264274964036e+01,1.2176346438186657e+02,-1.5601264276037762e+01,1.2176346438186656e+02,-1.5601264276037766e+01,4.8445337626772061e+02,-2.1625604778211375e+01,2.1131133319041954e-07,2.5541361674114856e-07,1.3285684207757309e-06,1.7182030899337379e-05,1.7196737090470310e-05,1.9659293828254675e-05,5.3709027312234495e-05,5.3754997152810681e-05,6.1452662688535456e-05,9.5981538516004983e-01,-2.6845611316932277e-01,9.5908107778257756e-01,-2.6849213650688336e-01,9.3184747915676081e-01,-3.0060139541330433e-01
5.2866415915173739e+03,2.1812934120541234e-03,4.8249952175468204e-05,-4.3125650876054122e-04,1.6842303464815196e-05,-4.4207014119830882e-04,1.9640581873831272e-05,-4.3125650876054116e-04,1.6842303464815209e-05,2.1812934120541243e-03,4.8249952175468224e-05,-4.4207014119830872e-04,1.9640581873831275e-05,-4.4207014117607081e-04,1.9640581887567334e-05,-4.4207014117607102e-04,1.9640581887567334e-05,2.2837589043974713e-03,6.1852284024008499e-05,5.0694682023310764e+02,-1.9263182519749101e+01,1.2423432606891413e+02,-1.4662275399733559e+01,1.2147280598556014e+02,-1.5285136978189600e+01,1.2423432606891411e+02,-1.4662275399733558e+01,5.0694682023310747e+02,-1.9263182519749098e+01,1.2147280598556014e+02,-1.5285136978189596e+01,1.2147280598009051e+02,-1.5285136981701870e+01,1.2147280598009051e+02,-1.5285136981701871e+01,4.8406705188662124e+02,-2.1117137810649393e+01,2.1500761780107794e-07,2.5980771613287757e-07,1.3564815072838524e-06,1.7884754712983708e-05,1.7898734475139738e-05,2.0442129702536893e-05,5.3697711810501808e-05,5.3739685058191301e-05,6.1376049444102055e-05,9.5670520247742374e-01,-2.7912875998958514e-01,9.5596321226488923e-01,-2.7914247438467749e-01,9.2762934866582258e-01,-3.1201854271351998e-01
5.5040182894434074e+03,2.1822560787584364e-03,4.7465088298912263e-05,-4.3085023914616157e-04,1.6758999434929030e-05,-4.4163210181310809e-04,1.9319733642386210e-05,-4.3085023914616152e-04,1.6758999434929034e-05,2.1822560787584364e-03,4.7465088298912263e-05,-4.4163210181310815e-04,1.9319733642386210e-05,-4.4163210179633949e-04,1.9319733679740309e-05,-4.4163210179633928e-04,1.9319733679740312e-05,2.2849557259229827e-03,6.0392123110357595e-05,5.0658424993714181e+02,-1.8923251722309384e+01,1.2395077999168197e+02,-1.4427002467512528e+01,1.2119075165437602e+02,-1.4980281087226402e+01,1.2395077999168198e+02,-1.4427002467512532e+01,5.0658424993714181e+02,-1.8923251722309388e+01,1.2119075165437604e+02,-1.4980281087226404e+01,1.2119075164831165e+02,-1.4980281097144598e+01,1.2119075164831166e+02,-1.4980281097144594e+01,4.8369387023722953e+02,-2.0624291345899508e+01,2.1875636290852324e-07,2.6422902162378500e-07,1.3854449595128302e-06,1.8616297961197005e-05,1.8629531766031759e-05,2.1256788846912747e-05,5.3686626227681819e-05,5.3724790546668034e-05,6.1301408045984142e-05,9.5334291553548500e-01,-2.9020131826759976e-01,9.5259412697939372e-01,-2.9019203878939620e-01,9.2309275838039551e-01,-3.2383828836403977e-01
5.7303331058295689e+03,2.1832014187905553e-03,4.6701085778731793e-05,-4.3044967179724572e-04,1.6682528306563316e-05,-4.4120866476565719e-04,1.9011132418900689e-05,-4.3044967179724572e-04,1.6682528306563319e-05,2.1832014187905553e-03,4.6701085778731780e-05,-4.4120866476565719e-04,1.9011132418900682e-05,-4.4120866474435473e-04,1.9011132418871757e-05,-4.4120866474435457e-04,1.9011132418871774e-05,2.2861102529347882e-03,5.8967434349555237e-05,5.0622902639438956e+02,-1.8594709798483073e+01,1.2367295035233049e+02,-1.4200939875900742e+01,1.2091660964190150e+02,-1.4686525765620670e+01,1.2367295035233053e+02,-1.4200939875900740e+01,5.0622902639438968e+02,-1.8594709798483073e+01,1.2091660964190157e+02,-1.4686525765620669e+01,1.2091660963685710e+02,-1.4686525765149723e+01,1.2091660963685712e+02,-1.4686525765149725e+01,4.8333298165360787e+02,-2.0146917342337066e+01,2.2256027395572468e-07,2.6868081224329817e-07,1.4155200474439300e-06,1.9377843803741768e-05,1.9390313245600796e-05,2.2104532683672813e-05,5.3675764953600575e-05,5.3710304752615700e-05,6.1228571803685432e-05,9.4970810159392405e-01,-3.0168547734073708e-01,9.4895342628388069e-01,-3.0165253320182522e-01,9.1821330334043072e-01,-3.3606930071233021e-01
5.9659535591926642e+03,2.1841302276364698e-03,4.5957920509203970e-05,-4.3005403970357986e-04,1.6612816573776373e-05,-4.4079856554714341e-04,1.8714813435427307e-05,-4.3005403970357991e-04,1.6612816573776380e-05,2.1841302276364703e-03,4.5957920509203970e-05,-4.4079856554714341e-04,1.8714813435427307e-05,-4.4079856554592059e-04,1.8714813426233587e-05,-4.4079856554592054e-04,1.8714813426233597e-05,2.2872245906089949e-03,5.7578573433459120e-05,5.0588062783881321e+02,-1.8277357718971015e+01,1.2340031838871539e+02,-1.3983886620062114e+01,1.2064973141551408e+02,-1.4403668737966367e+01,1.2340031838871539e+02,-1.3983886620062119e+01,5.0588062783881304e+02,-1.8277357718971011e+01,1.2064973141551407e+02,-1.4403668737966369e+01,1.2064973141578616e+02,-1.4403668735549832e+01,1.2064973141578615e+02,-1.4403668735549831e+01,4.8298357468616672e+02,-1.9684823820778718e+01,2.2642193513925647e-07,2.7316634762369380e-07,1.4467690025084449e-06,2.0170628055607770e-05,2.0182315668846711e-05,2.2986677032659441e-05,5.3665133322003830e-05,5.3696228899243895e-05,6.1157396001090586e-05,9.4577872300303578e-01,-3.1359287720071377e-01,9.4501910103673170e-01,-3.1353560951783876e-01,9.1296483073740975e-01,-3.4871981515567030e-01
6.2112622797153927e+03,2.1850432518591553e-03,4.5235731310427244e-05,-4.2966261477561619e-04,1.6549681340565273e-05,-4.4040059566240024e-04,1.8430668646788269e-05,-4.2966261477561641e-04,1.6549681340565283e-05,2.1850432518591557e-03,4.5235731310427251e-05,-4.4040059566240029e-04,1.8430668646788269e-05,-4.4040059562180559e-04,1.8430668675308027e-05,-4.4040059562180554e-04,1.8430668675308068e-05,2.2883007523575422e-03,5.6225993844504867e-05,5.0553856581738620e+02,-1.7971018074742101e+01,1.2313239774568528e+02,-1.3775623793809441e+01,1.2038950662283990e+02,-1.4131484089589980e+01,1.2313239774568532e+02,-1.3775623793809443e+01,5.0553856581738620e+02,-1.7971018074742105e+01,1.2038950662283993e+02,-1.4131484089589989e+01,1.2038950661098923e+02,-1.4131484096565988e+01,1.2038950661098919e+02,-1.4131484096565995e+01,4.8264488368420297e+02,-1.9237826909656938e+01,2.3034791574819074e-07,2.7769309074940687e-07,1.4792572243596396e-06,2.0995935772355808e-05,2.1006824900554167e-05,2.3904588432508564e-05,5.3654731646135019e-05,5.3682558615014989e-05,6.1087740568642414e-05,9.4153097482616677e-01,-3.2593492746983455e-01,9.4076737455059534e-01,-3.2585268738848688e-01,9.0731932933147785e-01,-3.6179742306945151e-01
6.4666576306095176e+03,2.1859414408349721e-03,4.4533888865640145e-05,-4.2927478388913692e-04,1.6493163450350828e-05,-4.4001368456269961e-04,1.8158793734379124e-05,-4.2927478388913692e-04,1.6493163450350811e-05,2.1859414408349725e-03,4.4533888865640151e-05,-4.4001368456269955e-04,1.8158793734379128e-05,-4.4001368455342870e-04,1.8158793741824890e-05,-4.4001368455342865e-04,1.8158793741824903e-05,2.2893409354269915e-03,5.4909222206766244e-05,5.0520234124378175e+02,-1.7675362775722288e+01,1.2286873562428283e+02,-1.3575926656637625e+01,1.2013536402906874e+02,-1.3869733069431987e+01,1.2286873562428282e+02,-1.3575926656637625e+01,5.0520234124378163e+02,-1.7675362775722281e+01,1.2013536402906875e+02,-1.3869733069431991e+01,1.2013536402628537e+02,-1.3869733071161873e+01,1.2013536402628539e+02,-1.3869733071161875e+01,4.8231614440843748e+02,-1.8805576480707632e+01,2.3433326396093237e-07,2.8225667252605737e-07,1.5130455315404706e-06,2.1855100567435442e-05,2.1865175141859333e-05,2.4859685393617431e-05,5.3644549288270918e-05,5.3669277886639674e-05,6.1019468397042791e-05,9.3693941139013537e-01,-3.3872275624958592e-01,9.3617283760229064e-01,-3.3861490458651811e-01,9.0124693685524160e-01,-3.7530897446818701e-01
6.7325543550282082e+03,2.1868254903356643e-03,4.3852584473865200e-05,-4.2888991098826871e-04,1.6442969248775765e-05,-4.3963675577580509e-04,1.7898910291527110e-05,-4.2888991098826866e-04,1.6442969248775762e-05,2.1868254903356647e-03,4.3852584473865159e-05,-4.3963675577580503e-04,1.7898910291527117e-05,-4.3963675581120895e-04,1.7898910276861900e-05,-4.3963675581120906e-04,1.7898910276861894e-05,2.2903470088461615e-03,5.3628615698217273e-05,5.0487152356606259e+02,-1.7390211120659519e+01,1.2260890987191692e+02,-1.3384549280192019e+01,1.1988676976751903e+02,-1.3618151959613362e+01,1.2260890987191692e+02,-1.3384549280192015e+01,5.0487152356606265e+02,-1.7390211120659515e+01,1.1988676976751904e+02,-1.3618151959613362e+01,1.1988676977749786e+02,-1.3618151956580840e+01,1.1988676977749789e+02,-1.3618151956580840e+01,4.8199667577680572e+02,-1.8387860128812122e+01,2.3838765660842040e-07,2.8686789137153507e-07,1.5482034332624810e-06,2.2749516581433122e-05,2.2758761029536462e-05,2.5853447196027579e-05,5.3634589868266538e-05,5.3656384713040771e-05,6.0952461652372941e-05,9.3197637660471278e-01,-3.5196711911975215e-01,9.3120786601446914e-01,-3.5183302369958258e-01,8.9471559623763941e-01,-3.8926045079159871e-01
7.0093842495782401e+03,2.1876962785046818e-03,4.3191464529131775e-05,-4.2850746627016517e-04,1.6398962897263711e-05,-4.3926886147232439e-04,1.7650881142035921e-05,-4.2850746627016507e-04,1.6398962897263708e-05,2.1876962785046814e-03,4.3191464529131775e-05,-4.3926886147232445e-04,1.7650881142035925e-05,-4.3926886147085920e-04,1.7650881139085655e-05,-4.3926886147085915e-04,1.7650881139085665e-05,2.2913210014820825e-03,5.2383867111850357e-05,5.0454567160194409e+02,-1.7115276390146050e+01,1.2235252809375275e+02,-1.3201242391926995e+01,1.1964322497876289e+02,-1.3376468510174995e+01,1.2235252809375278e+02,-1.3201242391926991e+01,5.0454567160194404e+02,-1.7115276390146054e+01,1.1964322497876289e+02,-1.3376468510174993e+01,1.1964322497852412e+02,-1.3376468509406548e+01,1.1964322497852410e+02,-1.3376468509406543e+01,4.8168579751344208e+02,-1.7984347802568795e+01,2.4251302755369118e-07,2.9152958687995553e-07,1.5847978522638888e-06,2.3680629254353258e-05,2.3689028250973619e-05,2.6887407878242600e-05,5.3624842547949812e-05,5.3643862096226594e-05,6.0886600542010929e-05,9.2661226506297989e-01,-3.6567822395353911e-01,9.2584289390660113e-01,-3.6551725882896291e-01,8.8769114998138343e-01,-4.0365674481241859e-01
7.2975968655257384e+03,2.1885545544886031e-03,4.2550093923093008e-05,-4.2812693086897779e-04,1.6361002999485945e-05,-4.3890908632538062e-04,1.7414542844753045e-05,-4.2812693086897768e-04,1.6361002999485939e-05,2.1885545544886031e-03,4.2550093923093015e-05,-4.3890908632538051e-04,1.7414542844753035e-05,-4.3890908630346451e-04,1.7414542855853402e-05,-4.3890908630346451e-04,1.7414542855853398e-05,2.2922647468144224e-03,5.1174519370856260e-05,5.0422439099046386e+02,-1.6850255653081430e+01,1.2209922778317710e+02,-1.3025750936322334e+01,1.1940426703896463e+02,-1.3144400809353826e+01,1.2209922778317708e+02,-1.3025750936322337e+01,5.0422439099046386e+02,-1.6850255653081422e+01,1.1940426703896462e+02,-1.3144400809353824e+01,1.1940426703263280e+02,-1.3144400811842907e+01,1.1940426703263279e+02,-1.3144400811842910e+01,4.8138289004585010e+02,-1.7594684007335641e+01,2.4670917133133136e-07,2.9624241888945987e-07,1.6228962046806983e-06,2.4649947691925210e-05,2.4657486082801754e-05,2.7963166691277372e-05,5.3615306562149690e-05,5.3631703073123363e-05,6.0821782396416696e-05,9.2081524241082691e-01,-3.7986571858235862e-01,9.2004613087512521e-01,-3.7967726519263084e-01,8.8013712747418371e-01,-4.1850157399942500e-01
7.5976602388341689e+03,2.1894010967723472e-03,4.1928138904209724e-05,-4.2774784672658053e-04,1.6328889530426420e-05,-4.3855659629730276e-04,1.7189653119739627e-05,-4.2774784672658069e-04,1.6328889530426426e-05,2.1894010967723481e-03,4.1928138904209697e-05,-4.3855659629730309e-04,1.7189653119739644e-05,-4.3855659630588661e-04,1.7189653093938533e-05,-4.3855659630588666e-04,1.7189653093938546e-05,2.2931800652083029e-03,5.0000176645210262e-05,5.0390730174252064e+02,-1.6594863429391712e+01,1.2184867384150594e+02,-1.2857814321040568e+01,1.1916946624217323e+02,-1.2921658448081198e+01,1.2184867384150606e+02,-1.2857814321040555e+01,5.0390730174252042e+02,-1.6594863429391722e+01,1.1916946624217321e+02,-1.2921658448081203e+01,1.1916946624556168e+02,-1.2921658441577154e+01,1.1916946624556165e+02,-1.2921658441577145e+01,4.8108736030409239e+02,-1.7218523520119415e+01,2.5098019732304986e-07,3.0101151805334330e-07,1.6625697634171562e-06,2.5659041265667708e-05,2.5665703863863260e-05,2.9082385929298302e-05,5.3605977126593409e-05,5.3619896395157520e-05,6.0757909805409804e-05,9.1455103609797073e-01,-3.9453841136935208e-01,9.1378335097667718e-01,-3.9432185710734019e-01,8.7201460577253531e-01,-4.3379718339339257e-01
7.9100616502201183e+03,2.1902366496423238e-03,4.1325126701779908e-05,-4.2736978399725371e-04,1.6302448970234126e-05,-4.3821060318894608e-04,1.6975983618996941e-05,-4.2736978399725376e-04,1.6302448970234123e-05,2.1902366496423242e-03,4.1325126701779902e-05,-4.3821060318894602e-04,1.6975983618996944e-05,-4.3821060318882074e-04,1.6975983621201907e-05,-4.3821060318882074e-04,1.6975983621201900e-05,2.2940686978874356e-03,4.8860249943349339e-05,5.0359404701530019e+02,-1.6348788026743222e+01,1.2160055331265544e+02,-1.2697169518683982e+01,1.1893841978656282e+02,-1.2707945964702461e+01,1.2160055331265542e+02,-1.2697169518683980e+01,5.0359404701530013e+02,-1.6348788026743222e+01,1.1893841978656282e+02,-1.2707945964702461e+01,1.1893841978643603e+02,-1.2707945965268868e+01,1.1893841978643603e+02,-1.2707945965268872e+01,4.8079864879562592e+02,-1.6855488765316565e+01,2.5532640218403365e-07,3.0583808829918209e-07,1.7038892233257757e-06,2.6709535337411456e-05,2.6715306800401694e-05,3.0246785645787438e-05,5.3596832500026997e-05,5.3608413837225873e-05,6.0694874824378037e-05,9.0778294911215951e-01,-4.0970404531339166e-01,9.0701791017089339e-01,-4.0945878534411057e-01,8.6328220993215021e-01,-4.4954403340320132e-01
8.2353084164611191e+03,2.1910618427331652e-03,4.0740715857115006e-05,-4.2699233349879348e-04,1.6281439589993098e-05,-4.3787036490421452e-04,1.6773217407676623e-05,-4.2699233349879348e-04,1.6281439589993098e-05,2.1910618427331643e-03,4.0740715857115000e-05,-4.3787036490421441e-04,1.6773217407676626e-05,-4.3787036490421289e-04,1.6773217409525614e-05,-4.3787036490421289e-04,1.6773217409525611e-05,2.2949321964647060e-03,4.7754242297303000e-05,5.0328431371547714e+02,-1.6111744743314340e+01,1.2135458375050976e+02,-1.2543550901391754e+01,1.1871076251577833e+02,-1.2502962713010845e+01,1.2135458375050975e+02,-1.2543550901391756e+01,5.0328431371547725e+02,-1.6111744743314340e+01,1.1871076251577833e+02,-1.2502962713010847e+01,1.1871076251569710e+02,-1.2502962713486504e+01,1.1871076251569710e+02,-1.2502962713486502e+01,4.8051625546195822e+02,-1.6505222587340761e+01,2.5975193789218533e-07,3.1072730671353409e-07,1.7469294137879287e-06,2.7803139796087973e-05,2.7808004477178009e-05,3.1458172741974136e-05,5.3587887244063450e-05,5.3597263450622973e-05,6.0632612941016713e-05,9.0047142772896382e-01,-4.2536942558269081e-01,8.9971031137522606e-01,-4.2509486305163446e-01,8.5389574678125546e-01,-4.6574087055454405e-01
8.5739287142405592e+03,2.1918773455259955e-03,4.0174372799943197e-05,-4.2661513696883540e-04,1.6265676879232363e-05,-4.3753520716058168e-04,1.6581088477769351e-05,-4.2661513696883551e-04,1.6265676879232363e-05,2.1918773455259946e-03,4.0174372799943190e-05,-4.3753520716058168e-04,1.6581088477769347e-05,-4.3753520716046073e-04,1.6581088477263428e-05,-4.3753520716046068e-04,1.6581088477263411e-05,2.2957721189466969e-03,4.6681419500263129e-05,5.0297779631665719e+02,-1.5883414637984499e+01,1.2111050292008572e+02,-1.2396695040407131e+01,1.1848615349439005e+02,-1.2306408644261122e+01,1.2111050292008569e+02,-1.2396695040407129e+01,5.0297779631665725e+02,-1.5883414637984499e+01,1.1848615349439005e+02,-1.2306408644261126e+01,1.1848615349437709e+02,-1.2306408644127833e+01,1.1848615349437709e+02,-1.2306408644127833e+01,4.8023969673427160e+02,-1.6167329822257607e+01,2.6425752928472859e-07,3.1568080504030526e-07,1.7917652417992632e-06,2.8941625189288668e-05,2.8945567001056107e-05,3.2718417567646483e-05,5.3579136042404592e-05,5.3586433451156171e-05,6.0571047219488146e-05,8.9257417186659660e-01,-4.4153985144931684e-01,8.9181831832519554e-01,-4.4123540022109431e-01,8.4380832625104529e-01,-4.8238409943884802e-01
8.9264724378675564e+03,2.1926837329363327e-03,3.9625657510487646e-05,-4.2623784186066781e-04,1.6254932316905664e-05,-4.3720447829936735e-04,1.6399275899367836e-05,-4.2623784186066787e-04,1.6254932316905661e-05,2.1926837329363327e-03,3.9625657510487626e-05,-4.3720447829936741e-04,1.6399275899367822e-05,-4.3720447826351078e-04,1.6399275898713249e-05,-4.3720447826351057e-04,1.6399275898713235e-05,2.2965898756587126e-03,4.5641122207875518e-05,5.0267422062308401e+02,-1.5663499071828440e+01,1.2086806736534201e+02,-1.2256338327109590e+01,1.1826427530959899e+02,-1.2117982382310606e+01,1.2086806736534203e+02,-1.2256338327109589e+01,5.0267422062308412e+02,-1.5663499071828443e+01,1.1826427530959900e+02,-1.2117982382310608e+01,1.1826427529988430e+02,-1.2117982381498289e+01,1.1826427529988430e+02,-1.2117982381498290e+01,4.7996853080820409e+02,-1.5841432541365412e+01,2.6884555193376259e-07,3.2070190409252229e-07,1.8384740902997585e-06,3.0126828618851102e-05,3.0129830922395745e-05,3.4029458457275597e-05,5.3570562730259773e-05,5.3575901330362974e-05,6.0510094242763064e-05,8.8404588876584234e-01,-4.5821887486234442e-01,8.8329670720045173e-01,-4.5788396223691680e-01,8.3297022029791679e-01,-4.9946746844077444e-01
9.2935120922645674e+03,2.1934815009629362e-03,3.9094165272824210e-05,-4.2586011796386612e-04,1.6248954131148168e-05,-4.3687757041257087e-04,1.6227424533981214e-05,-4.2586011796386612e-04,1.6248954131148162e-05,2.1934815009629354e-03,3.9094165272824190e-05,-4.3687757041257092e-04,1.6227424533981214e-05,-4.3687757028871866e-04,1.6227424523567787e-05,-4.3687757028871844e-04,1.6227424523567797e-05,2.2973867364338763e-03,4.4632698688527270e-05,5.0237334485711216e+02,-1.5451710098440500e+01,1.2062705800463858e+02,-1.2122218956725362e+01,1.1804484061799643e+02,-1.1937383095250715e+01,1.2062705800463863e+02,-1.2122218956725362e+01,5.0237334485711227e+02,-1.5451710098440502e+01,1.1804484061799643e+02,-1.1937383095250715e+01,1.1804484058464072e+02,-1.1937383090284793e+01,1.1804484058464072e+02,-1.1937383090284792e+01,4.7970236091504120e+02,-1.5527160139676079e+01,2.7351924685279631e-07,3.2579479297344729e-07,1.8871362054377187e-06,3.1360675670513461e-05,3.1362721159369054e-05,3.5393324781333980e-05,5.3562174811656219e-05,5.3565668385353723e-05,6.0449700415287520e-05,8.7483800726975491e-01,-4.7540828202041863e-01,8.7409698185412898e-01,-4.7504235205404022e-01,8.2132860704174404e-01,-5.1698197133420010e-01
9.6756437226731068e+03,2.1942712864530139e-03,3.8579149298301286e-05,-4.2548171669719011e-04,1.6247612603357123e-05,-4.3655397029415319e-04,1.6065303549303304e-05,-4.2548171669719038e-04,1.6247612603357106e-05,2.1942712864530156e-03,3.8579149298301286e-05,-4.3655397029415319e-04,1.6065303549303287e-05,-4.3655397025094800e-04,1.6065303493696401e-05,-4.3655397025094779e-04,1.6065303493696377e-05,2.2981641014680862e-03,4.3655111820511917e-05,5.0207491381067854e+02,-1.5247698905740387e+01,1.2038727354829815e+02,-1.1994082499823470e+01,1.1782758209183359e+02,-1.1764316657323914e+01,1.2038727354829813e+02,-1.1994082499823467e+01,5.0207491381067837e+02,-1.5247698905740391e+01,1.1782758209183356e+02,-1.1764316657323910e+01,1.1782758208149062e+02,-1.1764316641826976e+01,1.1782758208149059e+02,-1.1764316641826976e+01,4.7944078210870418e+02,-1.5224079663203517e+01,2.7827722275469647e-07,3.3095886190954699e-07,1.9378319792405997e-06,3.2645150573584366e-05,3.2646221175046545e-05,3.6812109076401807e-05,5.3553944924302636e-05,5.3555701232076804e-05,6.0389786151584729e-05,8.6489883253723687e-01,-4.9310734704814135e-01,8.6416753078082398e-01,-4.9270986657239890e-01,8.0882776812355273e-01,-5.3491505718385868e-01
1.0073487882587067e+04,2.1950539498046492e-03,3.8079344694720811e-05,-4.2510249133721322e-04,1.6250951118988275e-05,-4.3623329053615634e-04,1.5912852382825658e-05,-4.2510249133721328e-04,1.6250951118988278e-05,2.1950539498046483e-03,3.8079344694720811e-05,-4.3623329053615634e-04,1.5912852382825651e-05,-4.3623329053607812e-04,1.5912852380366559e-05,-4.3623329053607795e-04,1.5912852380366549e-05,2.2989235702733229e-03,4.2706724548881851e-05,5.0177864542581108e+02,-1.5051022524662999e+01,1.2014853190209185e+02,-1.1871680946764272e+01,1.1761225639392293e+02,-1.1598493136014032e+01,1.2014853190209185e+02,-1.1871680946764274e+01,5.0177864542581113e+02,-1.5051022524663006e+01,1.1761225639392295e+02,-1.1598493136014033e+01,1.1761225639396285e+02,-1.1598493135361382e+01,1.1761225639396287e+02,-1.1598493135361378e+01,4.7918337303328627e+02,-1.4931659107266192e+01,2.8310501240619429e-07,3.3617997917204972e-07,1.9906372207750847e-06,3.3982317294334545e-05,3.3982393800409336e-05,3.8287987902141047e-05,5.3545845692187018e-05,5.3545966242602683e-05,6.0330279254209844e-05,8.5417338225983586e-01,-5.1131279868722013e-01,8.5345346941150713e-01,-5.1088326274500018e-01,7.9540895131697942e-01,-5.5325047009439565e-01
1.0487690641485688e+04,2.1958292656970814e-03,3.7595450176827770e-05,-4.2472198924217253e-04,1.6258315804566663e-05,-4.3591484935868297e-04,1.5769281842083337e-05,-4.2472198924217253e-04,1.6258315804566663e-05,2.1958292656970818e-03,3.7595450176827749e-05,-4.3591484935868292e-04,1.5769281842083330e-05,-4.3591484934734530e-04,1.5769281844538536e-05,-4.3591484934734530e-04,1.5769281844538550e-05,2.2996654711004458e-03,4.1788044632641543e-05,5.0148446838932256e+02,-1.4861616464724905e+01,1.1991066534006480e+02,-1.1754754289922698e+01,1.1739864313922006e+02,-1.1439614202217788e+01,1.1991066534006481e+02,-1.1754754289922698e+01,5.0148446838932256e+02,-1.4861616464724907e+01,1.1739864313922004e+02,-1.1439614202217790e+01,1.1739864313609260e+02,-1.1439614202665368e+01,1.1739864313609260e+02,-1.1439614202665371e+01,4.7892994180271393e+02,-1.4649750588597488e+01,2.8802621505133554e-07,3.4148324635816834e-07,2.0456490447961262e-06,3.5374381491552416e-05,3.5373443947329658e-05,3.9823272047438038e-05,5.3537938764548620e-05,5.3536519822843621e-05,6.0271185258429026e-05,8.4260205057490067e-01,-5.3001878558682369e-01,8.4189527732234981e-01,-5.2955672100155704e-01,7.8100957367853940e-01,-5.7196811530616720e-01
1.0918924634002584e+04,2.1965977830865849e-03,3.7126660374384580e-05,-4.2434003646791348e-04,1.6269591299855060e-05,-4.3559825839794544e-04,1.5634362123631523e-05,-4.2434003646791353e-04,1.6269591299855064e-05,2.1965977830865854e-03,3.7126660374384574e-05,-4.3559825839794533e-04,1.5634362123631526e-05,-4.3559825840608119e-04,1.5634362114891295e-05,-4.3559825840608124e-04,1.5634362114891288e-05,2.3003909837879442e-03,4.0897923358036920e-05,5.0119218097644318e+02,-1.4679135104050969e+01,1.1967352416460953e+02,-1.1643061252219436e+01,1.1718653912027669e+02,-1.1287397827824268e+01,1.1967352416460955e+02,-1.1643061252219436e+01,5.0119218097644324e+02,-1.4679135104050967e+01,1.1718653912027672e+02,-1.1287397827824266e+01,1.1718653912261350e+02,-1.1287397825631214e+01,1.1718653912261351e+02,-1.1287397825631212e+01,4.7868016482295559e+02,-1.4377920918509993e+01,2.9303773212994085e-07,3.4686619715113302e-07,2.1029543202455870e-06,3.6823589341505322e-05,3.6821616663793250e-05,4.1420323585585776e-05,5.3530205442751594e-05,5.3527337774360535e-05,6.0212447257077103e-05,8.3012218422929041e-01,-5.4921549072459130e-01,8.2943040703178927e-01,-5.4872046699245836e-01,7.6556435214488605e-01,-5.9104267954638778e-01
1.1367890152234633e+04,2.1973601139528864e-03,3.6671968300741619e-05,-4.2395649975141583e-04,1.6284732806158750e-05,-4.3528318691269009e-04,1.5507933945594854e-05,-4.2395649975141578e-04,1.6284732806158747e-05,2.1973601139528864e-03,3.6671968300741612e-05,-4.3528318691269020e-04,1.5507933945594854e-05,-4.3528318690637418e-04,1.5507933942885436e-05,-4.3528318690637423e-04,1.5507933942885436e-05,2.3011013192273870e-03,4.0034978986514864e-05,5.0090157869337565e+02,-1.4503200082664396e+01,1.1943697070759407e+02,-1.1536367002891501e+01,1.1697575686194834e+02,-1.1141568071367729e+01,1.1943697070759411e+02,-1.1536367002891501e+01,5.0090157869337588e+02,-1.4503200082664398e+01,1.1697575686194835e+02,-1.1141568071367729e+01,1.1697575686031483e+02,-1.1141568070550527e+01,1.1697575686031482e+02,-1.1141568070550527e+01,4.7843372387489978e+02,-1.4115703217216867e+01,2.9812832414919330e-07,3.5231792909117508e-07,2.1626378909015093e-06,3.8332274149107975e-05,3.8329243901963647e-05,4.3081594624885060e-05,5.3522621540324396e-05,5.3518390464170428e-05,6.0154006920955298e-05,8.1666737598472372e-01,-5.6888909177435454e-01,8.1599256872176551e-01,-5.6836073117017805e-01,7.4900492917748229e-01,-6.1044343872340134e-01
1.1835316282964517e+04,2.1981164298152198e-03,3.6231157277609081e-05,-4.2357114208942923e-04,1.6303419417095194e-05,-4.3496921049535639e-04,1.5389549735432124e-05,-4.2357114208942912e-04,1.6303419417095180e-05,2.1981164298152194e-03,3.6231157277609081e-05,-4.3496921049535634e-04,1.5389549735432124e-05,-4.3496921048966070e-04,1.5389549730090592e-05,-4.3496921048966064e-04,1.5389549730090589e-05,2.3017971596491060e-03,3.9198693043983841e-05,5.0061254843189135e+02,-1.4333588062107623e+01,1.1920088179340560e+02,-1.1434435567694193e+01,1.1676612808531429e+02,-1.1001849657204252e+01,1.1920088179340560e+02,-1.1434435567694194e+01,5.0061254843189135e+02,-1.4333588062107623e+01,1.1676612808531428e+02,-1.1001849657204255e+01,1.1676612808397070e+02,-1.1001849655704092e+01,1.1676612808397067e+02,-1.1001849655704092e+01,4.7819040259966948e+02,-1.3862788581388640e+01,3.0330497803618554e-07,3.5784630793367594e-07,2.2247967104296680e-06,3.9902884477847745e-05,3.9898773031057904e-05,4.4809651320393206e-05,5.3515191318571349e-05,5.3509677309636069e-05,6.0095832537133349e-05,8.0216679624568454e-01,-5.8902127163667195e-01,8.0151104801225093e-01,-5.8845925832140678e-01,7.3125956899360944e-01,-6.3013371362739079e-01
1.2321962091643712e+04,2.1988669956747079e-03,3.5803865985132849e-05,-4.2318378535945194e-04,1.6325388675152664e-05,-4.3465597691103090e-04,1.5278822305374328e-05,-4.2318378535945210e-04,1.6325388675152668e-05,2.1988669956747079e-03,3.5803865985132835e-05,-4.3465597691103101e-04,1.5278822305374321e-05,-4.3465597691237564e-04,1.5278822306323404e-05,-4.3465597691237553e-04,1.5278822306323404e-05,2.3024792619468857e-03,3.8388385118286801e-05,5.0032496923383519e+02,-1.4170053506590701e+01,1.1896514793758774e+02,-1.1337038767333308e+01,1.1655750085130541e+02,-1.0867975365962934e+01,1.1896514793758774e+02,-1.1337038767333310e+01,5.0032496923383530e+02,-1.4170053506590703e+01,1.1655750085130541e+02,-1.0867975365962938e+01,1.1655750085164962e+02,-1.0867975366233987e+01,1.1655750085164964e+02,-1.0867975366233987e+01,4.7794998283207121e+02,-1.3618846379996766e+01,3.0857442931383697e-07,3.6345890472030469e-07,2.2895308750018738e-06,4.1537970514072995e-05,4.1532752894461492e-05,4.6607165280605150e-05,5.3507919525292546e-05,5.3501198350260860e-05,6.0037898295770520e-05,7.8654550758269792e-01,-6.0958849004881666e-01,7.8591103055438460e-01,-6.0899258145185720e-01,7.1225349068915333e-01,-6.5007007207654255e-01
1.2828617855058625e+04,2.1996121816337919e-03,3.5389301437344584e-05,-4.2279429723828503e-04,1.6350529760526399e-05,-4.3434319562641731e-04,1.5175522213453384e-05,-4.2279429723828514e-04,1.6350529760526402e-05,2.1996121816337923e-03,3.5389301437344584e-05,-4.3434319562641731e-04,1.5175522213453396e-05,-4.3434319563424173e-04,1.5175522214011300e-05,-4.3434319563424146e-04,1.5175522214011301e-05,2.3031484643685910e-03,3.7602895468598771e-05,5.0003870775797196e+02,-1.4012276032321518e+01,1.1872966870759453e+02,-1.1243957714473529e+01,1.1634973525352443e+02,-1.0739686997318575e+01,1.1872966870759453e+02,-1.1243957714473527e+01,5.0003870775797196e+02,-1.4012276032321513e+01,1.1634973525352436e+02,-1.0739686997318570e+01,1.1634973525556012e+02,-1.0739686997595919e+01,1.1634973525556011e+02,-1.0739686997595912e+01,4.7771224061666311e+02,-1.3383470579082445e+01,3.1392425064713731e-07,3.6914348264732827e-07,2.3569328403182311e-06,4.3240175568270567e-05,4.3233825242564725e-05,4.8476904681171510e-05,5.3500795574548283e-05,5.3492938356742042e-05,5.9980167364014044e-05,7.6972477877299594e-01,-6.3056130908669361e-01,7.6911392365251385e-01,-6.2993135419371049e-01,6.9190929707658411e-01,-6.7020151893713131e-01
1.3356106344681619e+04,2.2003522175369629e-03,3.4987191985501622e-05,-4.2240253707013294e-04,1.6378561548645177e-05,-4.3403057406583563e-04,1.5079243138668379e-05,-4.2240253707013289e-04,1.6378561548645174e-05,2.2003522175369633e-03,3.4987191985501616e-05,-4.3403057406583557e-04,1.5079243138668369e-05,-4.3403057405582091e-04,1.5079243134971828e-05,-4.3403057405582112e-04,1.5079243134971829e-05,2.3038054290412287e-03,3.6841639073509114e-05,4.9975366465576275e+02,-1.3860037218753170e+01,1.1849435669326989e+02,-1.1154975537252737e+01,1.1614270680440873e+02,-1.0616729949903107e+01,1.1849435669326992e+02,-1.1154975537252737e+01,4.9975366465576258e+02,-1.3860037218753169e+01,1.1614270680440876e+02,-1.0616729949903110e+01,1.1614270680182234e+02,-1.0616729948739756e+01,1.1614270680182236e+02,-1.0616729948739762e+01,4.7747699155206448e+02,-1.3156360023095973e+01,3.1936630562976473e-07,3.7491282545941298e-07,2.4271113163147248e-06,4.5012257044481608e-05,4.5004745954079781e-05,5.0421753546350851e-05,5.3493816275223491e-05,5.3484889886804780e-05,5.9922612141347113e-05,7.5162138960924896e-01,-6.5190340788627954e-01,7.5103664162716799e-01,-6.5123935764117880e-01,6.7014680523220926e-01,-6.9046858562310176e-01
1.3905284162791027e+04,2.2010873243083701e-03,3.4596853181008046e-05,-4.2200837805309185e-04,1.6409346575618480e-05,-4.3371784625240037e-04,1.4989730857829890e-05,-4.2200837805309076e-04,1.6409346575618520e-05,2.2010873243083740e-03,3.4596853181008094e-05,-4.3371784625240026e-04,1.4989730857829855e-05,-4.3371784632753921e-04,1.4989730900011289e-05,-4.3371784632754084e-04,1.4989730900011289e-05,2.3044507768621341e-03,3.6103578548921644e-05,4.9946975029890530e+02,-1.3713048699794147e+01,1.1825913480741863e+02,-1.1069885312060386e+01,1.1593630387001600e+02,-1.0498859786031463e+01,1.1825913480741848e+02,-1.1069885312060386e+01,4.9946975029890399e+02,-1.3713048699794163e+01,1.1593630387001603e+02,-1.0498859786031490e+01,1.1593630388966636e+02,-1.0498859798684535e+01,1.1593630388966645e+02,-1.0498859798684592e+01,4.7724406668224964e+02,-1.2937144123744392e+01,3.2488894604914229e-07,3.8075544622169449e-07,2.5001657698845819e-06,4.6857086359283503e-05,4.6848384870466147e-05,5.2444712681403510e-05,5.3486979293352948e-05,5.3477046615323705e-05,5.9865208855016991e-05,7.3214832022692145e-01,-6.7357113079614239e-01,7.3159231309093498e-01,-6.7287306361192500e-01,6.4688370226278458e-01,-7.1080264433157236e-01
1.4477043133529785e+04,2.2018177494293532e-03,3.4218155070099566e-05,-4.2161171528807705e-04,1.6442570945259284e-05,-4.3340478295344202e-04,1.4906547206975691e-05,-4.2161171528807753e-04,1.6442570945259257e-05,2.2018177494293515e-03,3.4218155070099539e-05,-4.3340478295344202e-04,1.4906547206975703e-05,-4.3340478290555617e-04,1.4906547181339602e-05,-4.3340478290555562e-04,1.4906547181339597e-05,2.3050851210528450e-03,3.5388286079819543e-05,4.9918687266028650e+02,-1.3571130641956756e+01,1.1802393099532313e+02,-1.0988482974312525e+01,1.1573042401120829e+02,-1.0385836660137214e+01,1.1802393099532321e+02,-1.0988482974312523e+01,4.9918687266028689e+02,-1.3571130641956749e+01,1.1573042401120829e+02,-1.0385836660137208e+01,1.1573042399859142e+02,-1.0385836652303604e+01,1.1573042399859135e+02,-1.0385836652303579e+01,4.7701330369964296e+02,-1.2725563985469133e+01,3.3050279898924167e-07,3.8668274911402158e-07,2.5762102842727764e-06,4.8777669122935916e-05,4.8767745624024074e-05,5.4548919682541711e-05,5.3480300014693416e-05,5.3469419796172446e-05,5.9807953978842237e-05,7.1121415312595160e-01,-6.9551224936467104e-01,7.1068966992711802e-01,-6.9478038125101305e-01,6.2203555024942003e-01,-7.3112482494998565e-01
1.5072311751161988e+04,2.2025436132181320e-03,3.3850499408726087e-05,-4.2121243413710676e-04,1.6478081350213458e-05,-4.3309114457142003e-04,1.4829424897513713e-05,-4.2121243413710801e-04,1.6478081350213374e-05,2.2025436132181268e-03,3.3850499408725965e-05,-4.3309114457142024e-04,1.4829424897513749e-05,-4.3309114432188927e-04,1.4829424791947270e-05,-4.3309114432188737e-04,1.4829424791947262e-05,2.3057089324141516e-03,3.4694825051314930e-05,4.9890497325007277e+02,-1.3434020680494253e+01,1.1778868666764065e+02,-1.0910572736813476e+01,1.1552497775685936e+02,-1.0277429034459910e+01,1.1778868666764079e+02,-1.0910572736813467e+01,4.9890497325007425e+02,-1.3434020680494218e+01,1.1552497775685931e+02,-1.0277429034459880e+01,1.1552497768955192e+02,-1.0277429000452491e+01,1.1552497768955178e+02,-1.0277429000452415e+01,4.7678457323755009e+02,-1.2521278532233305e+01,3.3620313582392446e-07,3.9269032785853325e-07,2.6553546089192028e-06,5.0777110600107393e-05,5.0765931882751113e-05,5.6737613409306702e-05,5.3473766564548452e-05,5.3461994171134646e-05,5.9750818016660521e-05,6.8872415375733109e-01,-7.1766485584732753e-01,6.8823413034547587e-01,-7.1689957308322838e-01,5.9551700911915073e-01,-7.5134476435348485e-01
1.5692056687878789e+04,2.2032652553497399e-03,3.3493274622553701e-05,-4.2081051030002471e-04,1.6515741794891107e-05,-4.3277679279099123e-04,1.4758114780442626e-05,-4.2081051030002579e-04,1.6515741794890996e-05,2.2032652553497347e-03,3.3493274622553477e-05,-4.3277679279099144e-04,1.4758114780442631e-05,-4.3277679231180103e-04,1.4758114705457438e-05,-4.3277679231179945e-04,1.4758114705457423e-05,2.3063229049443239e-03,3.4022244631219498e-05,4.9862395834494498e+02,-1.3301457258071741e+01,1.1755335232135080e+02,-1.0835964913816637e+01,1.1531988629574633e+02,-1.0173412017345743e+01,1.1755335232135087e+02,-1.0835964913816628e+01,4.9862395834494635e+02,-1.3301457258071693e+01,1.1531988629574630e+02,-1.0173412017345706e+01,1.1531988616071042e+02,-1.0173411984362430e+01,1.1531988616071031e+02,-1.0173411984362355e+01,4.7655771438845755e+02,-1.2323948570393128e+01,3.4198981321078522e-07,3.9877844993848462e-07,2.7377143265027311e-06,5.2858621482215552e-05,5.2846152383651001e-05,5.9014144133504551e-05,5.3467345646232239e-05,5.3454732952519221e-05,5.9693755794677263e-05,6.6458037952168214e-01,-7.3995607313584189e-01,6.6412790792215459e-01,-7.3915795342845292e-01,5.6724241508681739e-01,-7.7135948368156149e-01
1.6337284363602530e+04,2.2039826950790761e-03,3.3146223173113972e-05,-4.2040582195486317e-04,1.6555307834075704e-05,-4.3246150204843335e-04,1.4692261525642738e-05,-4.2040582195486257e-04,1.6555307834075772e-05,2.2039826950790800e-03,3.3146223173114094e-05,-4.3246150204843308e-04,1.4692261525642743e-05,-4.3246150244620588e-04,1.4692261594964253e-05,-4.3246150244620663e-04,1.4692261594964265e-05,2.3069273396774965e-03,3.3369997206002173e-05,4.9834379626957661e+02,-1.3173257332956576e+01,1.1731788123020598e+02,-1.0764479689141504e+01,1.1511507741025652e+02,-1.0073573253857910e+01,1.1731788123020594e+02,-1.0764479689141510e+01,4.9834379626957588e+02,-1.3173257332956606e+01,1.1511507741025655e+02,-1.0073573253857933e+01,1.1511507752254954e+02,-1.0073573283264427e+01,1.1511507752254960e+02,-1.0073573283264468e+01,4.7633263684269275e+02,-1.2133318783115499e+01,3.4786369780594069e-07,4.0494842373220321e-07,2.8234102660005528e-06,5.5025600771715574e-05,5.5011804488287496e-05,6.1382047456639248e-05,5.3461062330104825e-05,5.3447658315283937e-05,5.9636776682239061e-05,6.3868126124821201e-01,-7.6230169789744096e-01,6.3826958529063837e-01,-7.6147154147245444e-01,5.3712583404787595e-01,-7.9105286030760702e-01
1.7009042580338239e+04,2.2046961815363020e-03,3.2809110012959467e-05,-4.1999832631069004e-04,1.6596518161420911e-05,-4.3214514381799369e-04,1.4631487493698217e-05,-4.1999832631069080e-04,1.6596518161420850e-05,2.2046961815362989e-03,3.2809110012959365e-05,-4.3214514381799385e-04,1.4631487493698212e-05,-4.3214514344818149e-04,1.4631487342356345e-05,-4.3214514344818057e-04,1.4631487342356351e-05,2.3075227558407626e-03,3.2737546433307404e-05,4.9806441370824984e+02,-1.3049237831322539e+01,1.1708222933315518e+02,-1.0695932061416903e+01,1.1491048627367914e+02,-9.9776947886018448e+00,1.1708222933315524e+02,-1.0695932061416901e+01,4.9806441370825070e+02,-1.3049237831322515e+01,1.1491048627367915e+02,-9.9776947886018252e+00,1.1491048617457011e+02,-9.9776947391406150e+00,1.1491048617457004e+02,-9.9776947391405795e+00,4.7610921803154241e+02,-1.1949132557466761e+01,3.5382448190584994e-07,4.1120014955563126e-07,2.9125622357845416e-06,5.7281588720698699e-05,5.7266425440633999e-05,6.3845008557187344e-05,5.3454939981635843e-05,5.3440789671843713e-05,5.9579896032427075e-05,6.1092276516391630e-01,-7.8460427904103169e-01,6.1055529607417469e-01,-7.8374312913378386e-01,5.0508263678026777e-01,-8.1029404234935742e-01
1.7708422223726546e+04,2.2054058470327162e-03,3.2481295785664722e-05,-4.1958799021195412e-04,1.6639278011585640e-05,-4.3182758323424933e-04,1.4575598593935072e-05,-4.1958799021195439e-04,1.6639278011585600e-05,2.2054058470327149e-03,3.2481295785664621e-05,-4.3182758323424944e-04,1.4575598593935043e-05,-4.3182758282573870e-04,1.4575598789669053e-05,-4.3182758282573816e-04,1.4575598789669058e-05,2.3081095790600322e-03,3.2123938247230211e-05,4.9778577253014151e+02,-1.2929152207038534e+01,1.1684637178318783e+02,-1.0630156780141983e+01,1.1470606122528636e+02,-9.8855797702115371e+00,1.1684637178318793e+02,-1.0630156780141979e+01,4.9778577253014186e+02,-1.2929152207038504e+01,1.1470606122528635e+02,-9.8855797702115247e+00,1.1470606109425833e+02,-9.8855798076470922e+00,1.1470606109425829e+02,-9.8855798076470673e+00,4.7588735937066997e+02,-1.1771073481667264e+01,3.5987167587896042e-07,4.1753357592642085e-07,3.0052992147114147e-06,5.9630199237182393e-05,5.9613627765822656e-05,6.6406783926806093e-05,5.3448934491460092e-05,5.3434080818347068e-05,5.9523058606170046e-05,5.8120007018868369e-01,-8.0675099574268261e-01,5.8088035751035105e-01,-8.0586018746058474e-01,4.7103179314053578e-01,-8.2893541069449816e-01
1.8436559034561269e+04,2.2061118107974767e-03,3.2162548124959288e-05,-4.1917476120578316e-04,1.6683353150548029e-05,-4.3150868906118722e-04,1.4524254889304686e-05,-4.1917476120578332e-04,1.6683353150548002e-05,2.2061118107974758e-03,3.2162548124959227e-05,-4.3150868906118717e-04,1.4524254889304662e-05,-4.3150868877848731e-04,1.4524255062201373e-05,-4.3150868877848693e-04,1.4524255062201373e-05,2.3086881621674086e-03,3.1528660990944027e-05,4.9750783248946368e+02,-1.2812832538345125e+01,1.1661027759351522e+02,-1.0566987216097182e+01,1.1450175177616597e+02,-9.7970313403166447e+00,1.1661027759351528e+02,-1.0566987216097179e+01,4.9750783248946396e+02,-1.2812832538345104e+01,1.1450175177616597e+02,-9.7970313403166340e+00,1.1450175168158202e+02,-9.7970313750931375e+00,1.1450175168158196e+02,-9.7970313750931233e+00,4.7566697508779777e+02,-1.1598905814475492e+01,3.6600733434349372e-07,4.2395104746719550e-07,3.1017519249346735e-06,6.2075260109083175e-05,6.2057236793731073e-05,6.9071349628733805e-05,5.3443062814839908e-05,5.3427545825095498e-05,5.9466274815883493e-05,5.4940685940188561e-01,-8.2861344734137865e-01,5.4913859659033304e-01,-8.2769463581332703e-01,4.3489567594789746e-01,-8.4681258382173574e-01
1.9194635453148407e+04,2.2068142211134614e-03,3.1852452270083065e-05,-4.1875862223686265e-04,1.6728578043782981e-05,-4.3118836590607626e-04,1.4477191084047789e-05,-4.1875862223686271e-04,1.6728578043782971e-05,2.2068142211134614e-03,3.1852452270083071e-05,-4.3118836590607610e-04,1.4477191084047792e-05,-4.3118836574121362e-04,1.4477191148422825e-05,-4.3118836574121346e-04,1.4477191148422832e-05,2.3092588900574880e-03,3.0951010390438315e-05,4.9723055555191843e+02,-1.2700080929171731e+01,1.1637392704447409e+02,-1.0506263381292896e+01,1.1429751798579916e+02,-9.7118598411277119e+00,1.1637392704447413e+02,-1.0506263381292893e+01,4.9723055555191860e+02,-1.2700080929171724e+01,1.1429751798579915e+02,-9.7118598411277119e+00,1.1429751793200785e+02,-9.7118598518307060e+00,1.1429751793200781e+02,-9.7118598518306989e+00,4.7544798053309353e+02,-1.1432365393563133e+01,3.7222945449165357e-07,4.3045076326529930e-07,3.2020537334609223e-06,6.4620732941957453e-05,6.4601211707092219e-05,7.1842817347751093e-05,5.3437320234437312e-05,5.3421177389387842e-05,5.9409534098046280e-05,5.1543762991693831e-01,-8.5004527435888833e-01,5.1522464049345196e-01,-8.4910047737868266e-01,3.9660301527818326e-01,-8.6374237682390642e-01
1.9983882539501730e+04,2.2075131914687809e-03,3.1550675117656211e-05,-4.1833955262585864e-04,1.6774767745694742e-05,-4.3086652069104591e-04,1.4434124551786259e-05,-4.1833955262585891e-04,1.6774767745694712e-05,2.2075131914687809e-03,3.1550675117656191e-05,-4.3086652069104580e-04,1.4434124551786244e-05,-4.3086652041393381e-04,1.4434124614384271e-05,-4.3086652041393348e-04,1.4434124614384273e-05,2.3098220925499634e-03,3.0390378467353108e-05,4.9695391204269129e+02,-1.2590719479047454e+01,1.1613730335530126e+02,-1.0447830475641219e+01,1.1409332451881257e+02,-9.6298819365068979e+00,1.1613730335530130e+02,-1.0447830475641215e+01,4.9695391204269140e+02,-1.2590719479047442e+01,1.1409332451881259e+02,-9.6298819365068962e+00,1.1409332443248499e+02,-9.6298819434415819e+00,1.1409332443248489e+02,-9.6298819434415801e+00,4.7523030312658659e+02,-1.1271210376603605e+01,3.7853832351523723e-07,4.3703323915365055e-07,3.3063429737838379e-06,6.7270745889719440e-05,6.7249678111855668e-05,7.4725467161377643e-05,5.3431705238424547e-05,5.3414971556019854e-05,5.9352829857361279e-05,4.7918878191716074e-01,-8.7088066011367593e-01,4.7903500190033910e-01,-8.6991230085367455e-01,3.5609069336380461e-01,-8.7952173866008732e-01
2.0805581972493168e+04,2.2082088484780267e-03,3.1256826390493532e-05,-4.1791754482895622e-04,1.6821770421731606e-05,-4.3054307790630643e-04,1.4394811321839340e-05,-4.1791754482895616e-04,1.6821770421731599e-05,2.2082088484780254e-03,3.1256826390493498e-05,-4.3054307790630654e-04,1.4394811321839338e-05,-4.3054307794585493e-04,1.4394811357331613e-05,-4.3054307794585499e-04,1.4394811357331608e-05,2.3103781030295151e-03,2.9846103755910736e-05,4.9667787286728685e+02,-1.2484565775821544e+01,1.1590039405689973e+02,-1.0391542298527153e+01,1.1388914095672287e+02,-9.5509240025383129e+00,1.1590039405689974e+02,-1.0391542298527154e+01,4.9667787286728696e+02,-1.2484565775821546e+01,1.1388914095672288e+02,-9.5509240025383129e+00,1.1388914096658337e+02,-9.5509240128961839e+00,1.1388914096658338e+02,-9.5509240128961821e+00,4.7501387256875205e+02,-1.1115196728856656e+01,3.8493244895379307e-07,4.4369717724700356e-07,3.4147622735012107e-06,7.0029590444938469e-05,7.0006925095578179e-05,7.7723744088181845e-05,5.3426211366644551e-05,5.3408919765509538e-05,5.9296151148094030e-05,4.4056058024432065e-01,-8.9093257212947718e-01,4.4047003124905132e-01,-8.8994352760707229e-01,3.1330639789845710e-01,-8.9392651644689303e-01
2.1661068131204353e+04,2.2089012657316360e-03,3.0970644021888488e-05,-4.1749258757320552e-04,1.6869390396574525e-05,-4.3021796348702664e-04,1.4358963277911388e-05,-4.1749258757320552e-04,1.6869390396574532e-05,2.2089012657316360e-03,3.0970644021888488e-05,-4.3021796348702664e-04,1.4358963277911389e-05,-4.3021796351641617e-04,1.4358963297985770e-05,-4.3021796351641622e-04,1.4358963297985767e-05,2.3109271810936617e-03,2.9317669233935739e-05,4.9640242087107987e+02,-1.2381463290587300e+01,1.1566319060642422e+02,-1.0337253347336786e+01,1.1368494273559450e+02,-9.4748140015009579e+00,1.1566319060642421e+02,-1.0337253347336787e+01,4.9640242087107981e+02,-1.2381463290587300e+01,1.1368494273559449e+02,-9.4748140015009543e+00,1.1368494274325714e+02,-9.4748140075385070e+00,1.1368494274325715e+02,-9.4748140075385070e+00,4.7479863450243715e+02,-1.0964108141782033e+01,3.9141367419671284e-07,4.5044458511662755e-07,3.5274583526057596e-06,7.2901753042227464e-05,7.2877436190080258e-05,8.0842292912050202e-05,5.3420846225772676e-05,5.3403027356334818e-05,5.9239504099331769e-05,3.9945893047097769e-01,-9.0999110198839672e-01,3.9943569497640075e-01,-9.0898474950121344e-01,2.6821113632913690e-01,-9.0671052860070778e-01
2.2551730261859699e+04,2.2095905604993960e-03,3.0691751884699285e-05,-4.1706469281617236e-04,1.6917483629683272e-05,-4.2989112998026950e-04,1.4326350078089303e-05,-4.1706469281617246e-04,1.6917483629683265e-05,2.2095905604993969e-03,3.0691751884699292e-05,-4.2989112998026945e-04,1.4326350078089306e-05,-4.2989112991007419e-04,1.4326350018817183e-05,-4.2989112991007413e-04,1.4326350018817191e-05,2.3114696275049634e-03,2.8804441428523974e-05,4.9612753427604127e+02,-1.2281239927219435e+01,1.1542568937012062e+02,-1.0284826662080670e+01,1.1348071026831867e+02,-9.4013893518611287e+00,1.1542568937012065e+02,-1.0284826662080670e+01,4.9612753427604127e+02,-1.2281239927219438e+01,1.1348071026831870e+02,-9.4013893518611287e+00,1.1348071025059465e+02,-9.4013893345018786e+00,1.1348071025059465e+02,-9.4013893345018769e+00,4.7458453052348284e+02,-1.0817714694777942e+01,3.9797928369760047e-07,4.5727281744274668e-07,3.6445811171444295e-06,7.5891885947960375e-05,7.5865860895708040e-05,8.4085925494952951e-05,5.3415603179430810e-05,5.3397285755288949e-05,5.9182880661227025e-05,3.5579852288399244e-01,-9.2782154558087826e-01,3.5584670229784443e-01,-9.2680181732033451e-01,2.2078314613787967e-01,-9.1760445718461059e-01
2.3479014733859363e+04,2.2102768079826306e-03,3.0419845572769364e-05,-4.1663386715516502e-04,1.6965888155611598e-05,-4.2956252795481325e-04,1.4296725365353294e-05,-4.1663386715516524e-04,1.6965888155611570e-05,2.2102768079826311e-03,3.0419845572769414e-05,-4.2956252795481331e-04,1.4296725365353293e-05,-4.2956252772664350e-04,1.4296725204800500e-05,-4.2956252772664318e-04,1.4296725204800518e-05,2.3120056860608433e-03,2.8305872123205800e-05,4.9585320086244252e+02,-1.2183740709621087e+01,1.1518788951804709e+02,-1.0234129306862387e+01,1.1327642784970101e+02,-9.3304924783536283e+00,1.1518788951804711e+02,-1.0234129306862382e+01,4.9585320086244235e+02,-1.2183740709621091e+01,1.1327642784970101e+02,-9.3304924783536300e+00,1.1327642779017215e+02,-9.3304924302361822e+00,1.1327642779017205e+02,-9.3304924302361822e+00,4.7437151419710347e+02,-1.0675805663001684e+01,4.0462971639580475e-07,4.6418244006167033e-07,3.7662862807679307e-06,7.9004837516499909e-05,7.8977044658639470e-05,8.7459651108568907e-05,5.3410479355613117e-05,5.3391690254747265e-05,5.9126276780301806e-05,3.0950551982732161e-01,-9.4416274737458705e-01,3.0962918620586771e-01,-9.4313418259267234e-01,1.7102139028871649e-01,-9.2631527567821814e-01
2.4444427388576161e+04,2.2109600932595612e-03,3.0154609160541467e-05,-4.1620012903091354e-04,1.7014452263593777e-05,-4.2923212398273655e-04,1.4269856337453379e-05,-4.1620012903091381e-04,1.7014452263593739e-05,2.2109600932595625e-03,3.0154609160541579e-05,-4.2923212398273661e-04,1.4269856337453384e-05,-4.2923212333150835e-04,1.4269855972324064e-05,-4.2923212333150786e-04,1.4269855972324118e-05,2.3125356011342232e-03,2.7821406852081512e-05,4.9557940860201097e+02,-1.2088812196801806e+01,1.1494979355871857e+02,-1.0185032935970463e+01,1.1307208403319535e+02,-9.2619712670126209e+00,1.1494979355871870e+02,-1.0185032935970451e+01,4.9557940860201052e+02,-1.2088812196801811e+01,1.1307208403319532e+02,-9.2619712670126244e+00,1.1307208385703456e+02,-9.2619711533926790e+00,1.1307208385703449e+02,-9.2619711533926825e+00,4.7415954137124169e+02,-1.0538173682586780e+01,4.1136306620620366e-07,4.7117154237582136e-07,3.8927323730169420e-06,8.2245660176356273e-05,8.2216036755740582e-05,9.0968686715122782e-05,5.3405475046011691e-05,5.3386239345950726e-05,5.9069693378539778e-05,2.6052117093847504e-01,-9.5872554817952726e-01,2.6072431041279986e-01,-9.5769334874304080e-01,1.1894986785922387e-01,-9.3252594096788333e-01
2.5449535984730541e+04,2.2116404878952012e-03,2.9895706211216853e-05,-4.1576349724436031e-04,1.7063043267753806e-05,-4.2889988583690698e-04,1.4245533012145207e-05,-4.1576349724436036e-04,1.7063043267753796e-05,2.2116404878952021e-03,2.9895706211216893e-05,-4.2889988583690698e-04,1.4245533012145214e-05,-4.2889988551048975e-04,1.4245532940608863e-05,-4.2889988551048959e-04,1.4245532940608892e-05,2.3130595988240616e-03,2.7350476535733973e-05,4.9530615017402522e+02,-1.1996302073802301e+01,1.1471140676755924e+02,-1.0137416200201281e+01,1.1286767000169125e+02,-9.1956813844428762e+00,1.1471140676755927e+02,-1.0137416200201278e+01,4.9530615017402511e+02,-1.1996302073802307e+01,1.1286767000169125e+02,-9.1956813844428797e+00,1.1286766990448068e+02,-9.1956813554355019e+00,1.1286766990448066e+02,-9.1956813554355037e+00,4.7394857270380328e+02,-1.0404614361213714e+01,4.1817922146095669e-07,4.7824014452108595e-07,4.0240851219963401e-06,8.5619594977767610e-05,8.5588075378813212e-05,9.4618435015887551e-05,5.3400578344943243e-05,5.3380919704724230e-05,5.9013116719996473e-05,2.0880633519448352e-01,-9.7119118590796050e-01,2.0909276906967850e-01,-9.7016127004046671e-01,6.4622932682398354e-02,-9.3589535666834278e-01
2.6495972744314739e+04,2.2123180937067420e-03,2.9642824239553520e-05,-4.1532401085914774e-04,1.7111520756558995e-05,-4.2856580759351599e-04,1.4223539351611766e-05,-4.1532401085914774e-04,1.7111520756559012e-05,2.2123180937067412e-03,2.9642824239553497e-05,-4.2856580759351593e-04,1.4223539351611769e-05,-4.2856580784337965e-04,1.4223539566551616e-05,-4.2856580784337987e-04,1.4223539566551584e-05,2.3135779247318309e-03,2.6892541525212146e-05,4.9503341347424868e+02,-1.1906064125609802e+01,1.1447273699135246e+02,-1.0091158982899730e+01,1.1266318118985708e+02,-9.1314804940724912e+00,1.1447273699135242e+02,-1.0091158982899735e+01,4.9503341347424902e+02,-1.1906064125609799e+01,1.1266318118985711e+02,-9.1314804940724876e+00,1.1266318125090257e+02,-9.1314805561415699e+00,1.1266318125090258e+02,-9.1314805561415682e+00,4.7373856752696628e+02,-1.0274930741945870e+01,4.2507467737451181e-07,4.8538454626732126e-07,4.1605103687850138e-06,8.9132116588255678e-05,8.9098631650102116e-05,9.8414543402123398e-05,5.3395789365892779e-05,5.3375729764785849e-05,5.8956551590885241e-05,1.5434579248358754e-01,-9.8121037092476826e-01,1.5471910152217339e-01,-9.8018942831072620e-01,8.1300123997634418e-03,-9.3605922413955278e-01
2.7585437003200535e+04,2.2129928412309968e-03,2.9395855344129443e-05,-4.1488166123291285e-04,1.7159682621466734e-05,-4.2822983652182205e-04,1.4203600192160147e-05,-4.1488166123291274e-04,1.7159682621466754e-05,2.2129928412309955e-03,2.9395855344129382e-05,-4.2822983652182194e-04,1.4203600192160140e-05,-4.2822983690168632e-04,1.4203600283192749e-05,-4.2822983690168648e-04,1.4203600283192715e-05,2.3140906258628160e-03,2.6447300251531601e-05,4.9476121943085212e+02,-1.1817995550230247e+01,1.1423379378718826e+02,-1.0046145669640413e+01,1.1245861592015511e+02,-9.0692325724439407e+00,1.1423379378718819e+02,-1.0046145669640421e+01,4.9476121943085235e+02,-1.1817995550230242e+01,1.1245861592015514e+02,-9.0692325724439407e+00,1.1245861603429731e+02,-9.0692326087391137e+00,1.1245861603429734e+02,-9.0692326087391120e+00,4.7352952082336071e+02,-1.0148973124197871e+01,4.3205446108653224e-07,4.9260986799357723e-07,4.3021836876268551e-06,9.2788956564518059e-05,9.2753433582638906e-05,1.0236291327035441e-04,5.3391126300668089e-05,5.3370686238808277e-05,5.8900018205525475e-05,9.7153528463002278e-02,-9.8840225857046005e-01,9.7616948912578522e-02,-9.8739779647230352e-01,-5.0398382136885238e-02,-9.3263110970639829e-01
2.8719697970734982e+04,2.2136649754120738e-03,2.9154296598315585e-05,-4.1443655080167246e-04,1.7207464737122469e-05,-4.2789203600935877e-04,1.4185582697666931e-05,-4.1443655080167306e-04,1.7207464737122449e-05,2.2136649754120751e-03,2.9154296598315663e-05,-4.2789203600935845e-04,1.4185582697666962e-05,-4.2789203533901468e-04,1.4185581880527796e-05,-4.2789203533901430e-04,1.4185581880527857e-05,2.3145980964190370e-03,2.6014011466766906e-05,4.9448953424515219e+02,-1.1731920230792301e+01,1.1399459288746633e+02,-1.0002265036671471e+01,1.1225397781146270e+02,-9.0088049749232546e+00,1.1399459288746633e+02,-1.0002265036671460e+01,4.9448953424515156e+02,-1.1731920230792312e+01,1.1225397781146256e+02,-9.0088049749232546e+00,1.1225397769041071e+02,-9.0088047562254783e+00,1.1225397769041057e+02,-9.0088047562254658e+00,4.7332137113813172e+02,-1.0026516382639979e+01,4.3910426932627691e-07,4.9990112132782389e-07,4.4492738800890037e-06,9.6596032310700700e-05,9.6558394418207248e-05,1.0646964221205755e-04,5.3386577446953670e-05,5.3365775782387591e-05,5.8843512137442025e-05,3.7280378822049966e-02,-9.9235441229353838e-01,3.7836691477451508e-02,-9.9137481061857502e-01,-1.1078305445748775e-01,-9.2520486177959027e-01
2.9900597602805465e+04,2.2143343613441591e-03,2.8917995318107055e-05,-4.1398865331963738e-04,1.7254702905589556e-05,-4.2755233259556436e-04,1.4169254398594893e-05,-4.1398865331963738e-04,1.7254702905589543e-05,2.2143343613441582e-03,2.8917995318107058e-05,-4.2755233259556441e-04,1.4169254398594892e-05,-4.2755233238480939e-04,1.4169254560103332e-05,-4.2755233238480944e-04,1.4169254560103326e-05,2.3151003141801459e-03,2.5592335460566550e-05,4.9421839555945348e+02,-1.1647735515235233e+01,1.1375514844915880e+02,-9.9594140947196994e+00,1.1204926850161944e+02,-8.9500750410136423e+00,1.1375514844915880e+02,-9.9594140947197030e+00,4.9421839555945382e+02,-1.1647735515235240e+01,1.1204926850161948e+02,-8.9500750410136440e+00,1.1204926842339849e+02,-8.9500750743070920e+00,1.1204926842339853e+02,-8.9500750743070974e+00,4.7311412821176430e+02,-9.9074132800174866e+00,4.4623710155165691e-07,5.0727197111143710e-07,4.6019753509079819e-06,1.0055948573328287e-04,1.0051965311411285e-04,1.1074101980654548e-04,5.3382122209392100e-05,5.3360977016286258e-05,5.8787001641846325e-05,-2.5179331274802430e-02,-9.9262270362199589e-01,-2.4527962682461730e-02,-9.9167723016002529e-01,-1.7278875884323089e-01,-9.1335759764290492e-01
3.1130053593039782e+04,2.2150011405654008e-03,2.8686647807039324e-05,-4.1353804659825723e-04,1.7301280423740353e-05,-4.2721077226512302e-04,1.4154436420484065e-05,-4.1353804659825691e-04,1.7301280423740363e-05,2.2150011405653999e-03,2.8686647807039246e-05,-4.2721077226512324e-04,1.4154436420484031e-05,-4.2721077304811518e-04,1.4154436943650311e-05,-4.2721077304811540e-04,1.4154436943650258e-05,2.3155975356179783e-03,2.5181769568049116e-05,4.9394778729525558e+02,-1.1565310689131282e+01,1.1351547578734458e+02,-9.9174898994745053e+00,1.1184449378821023e+02,-8.8929212035312943e+00,1.1351547578734461e+02,-9.9174898994745142e+00,4.9394778729525586e+02,-1.1565310689131266e+01,1.1184449378821031e+02,-8.8929212035312926e+00,1.1184449396846802e+02,-8.8929213530442741e+00,1.1184449396846810e+02,-8.8929213530442830e+00,4.7290775423547825e+02,-9.7914896196653078e+00,4.5344035574052224e-07,5.1470893767004493e-07,4.7604660031808915e-06,1.0468578275518969e-04,1.0464367141391082e-04,1.1518371253821204e-04,5.3377778628628499e-05,5.3356306659910500e-05,5.8730522404041251e-05,-9.0081146426057038e-02,-9.8873342649577922e-01,-8.9333314575760672e-02,-9.8783228185665917e-01,-2.3611919633912390e-01,-8.9665445025079438e-01
3.2410062486998770e+04,2.2156652270158735e-03,2.8460184583827012e-05,-4.1308475519060523e-04,1.7346997196188172e-05,-4.2686734094091248e-04,1.4140862200941905e-05,-4.1308475519060545e-04,1.7346997196188142e-05,2.2156652270158739e-03,2.8460184583827036e-05,-4.2686734094091254e-04,1.4140862200941912e-05,-4.2686734044499564e-04,1.4140861990870796e-05,-4.2686734044499564e-04,1.4140861990870823e-05,2.3160897758820404e-03,2.4782068328276730e-05,4.9367774172681851e+02,-1.1484558984490089e+01,1.1327559814297364e+02,-9.8763876836236673e+00,1.1163966689821781e+02,-8.8372203713785495e+00,1.1327559814297359e+02,-9.8763876836236655e+00,4.9367774172681834e+02,-1.1484558984490103e+01,1.1163966689821775e+02,-8.8372203713785531e+00,1.1163966677418978e+02,-8.8372203065136201e+00,1.1163966677418975e+02,-8.8372203065136183e+00,4.7270225820686807e+02,-9.6786158830525650e+00,4.6072700510284125e-07,5.2222491815269688e-07,4.9249415194232137e-06,1.0898163252713693e-04,1.0893715373527966e-04,1.1980460507814890e-04,5.3373551362690136e-05,5.3351767957297002e-05,5.8674081992973935e-05,-1.5722018753980524e-01,-9.8018479275007253e-01,-1.5637541729984669e-01,-9.7933910529995361e-01,-3.0040645035036773e-01,-8.7465428544349155e-01
3.3742702924418336e+04,2.2163268382477345e-03,2.8238007620479415e-05,-4.1262886640727417e-04,1.7391867681513692e-05,-4.2652209190265924e-04,1.4128492158741113e-05,-4.1262886640727411e-04,1.7391867681513729e-05,2.2163268382477327e-03,2.8238007620479307e-05,-4.2652209190265929e-04,1.4128492158741079e-05,-4.2652209307002703e-04,1.4128492778842843e-05,-4.2652209307002730e-04,1.4128492778842763e-05,2.3165773788214271e-03,2.4392417703055331e-05,4.9340823229598078e+02,-1.1405305374858237e+01,1.1303553238095398e+02,-9.8360224672427918e+00,1.1143479304152720e+02,-8.7828690058860435e+00,1.1303553238095408e+02,-9.8360224672427936e+00,4.9340823229598163e+02,-1.1405305374858221e+01,1.1143479304152731e+02,-8.7828690058860328e+00,1.1143479332708682e+02,-8.7828691905692295e+00,1.1143479332708696e+02,-8.7828691905692278e+00,4.7249758850003093e+02,-9.5685752193492455e+00,4.6807278693370822e-07,5.2979503103868936e-07,5.0955927072691548e-06,1.1345395474270033e-04,1.1340701620660001e-04,1.2461078367927166e-04,5.3369413540543955e-05,5.3347333374631648e-05,5.8617652076321336e-05,-2.2632088399515835e-01,-9.6645201106852530e-01,-2.2537985802798044e-01,-9.6567382496637211e-01,-3.6520252126593250e-01,-8.4691822578486864e-01
3.5130139014766937e+04,2.2169858923881190e-03,2.8020076365645035e-05,-4.1217041687788351e-04,1.7435692489061507e-05,-4.2617502895037995e-04,1.4117066029284525e-05,-4.1217041687788384e-04,1.7435692489061578e-05,2.2169858923881138e-03,2.8020076365644696e-05,-4.2617502895037995e-04,1.4117066029284412e-05,-4.2617503147343117e-04,1.4117066965957968e-05,-4.2617503147343144e-04,1.4117066965957797e-05,2.3170603492838416e-03,2.4012615198113362e-05,4.9313929050776289e+02,-1.1327474279728174e+01,1.1279530343309779e+02,-9.7962962245930338e+00,1.1122988858310570e+02,-8.7297523298783197e+00,1.1279530343309796e+02,-9.7962962245930445e+00,4.9313929050776449e+02,-1.1327474279728136e+01,1.1122988858310597e+02,-8.7297523298783055e+00,1.1122988926312250e+02,-8.7297526367360039e+00,1.1122988926312276e+02,-8.7297526367359932e+00,4.7229375672137672e+02,-9.4612522666665875e+00,4.7548515884906820e-07,5.3742609372847028e-07,5.2726196309107573e-06,1.1811004313418191e-04,1.1806054756893993e-04,1.2960973699809722e-04,5.3365381643109430e-05,5.3343018178846030e-05,5.8561261142785602e-05,-2.9702878172569641e-01,-9.4699140613148325e-01,-2.9599354746927448e-01,-9.4629364017992168e-01,-4.2997370211733754e-01,-8.1301840559369709e-01
3.6574623851598997e+04,2.2176423001221105e-03,2.7806331554420547e-05,-4.1170945043173890e-04,1.7478282407235375e-05,-4.2582616352081134e-04,1.4106335624792793e-05,-4.1170945043173879e-04,1.7478282407235368e-05,2.2176423001221105e-03,2.7806331554420591e-05,-4.2582616352081139e-04,1.4106335624792808e-05,-4.2582616324999124e-04,1.4106335537277545e-05,-4.2582616324999119e-04,1.4106335537277571e-05,2.3175386817720334e-03,2.3642442966622704e-05,4.9287095332381682e+02,-1.1250988784237713e+01,1.1255494160133351e+02,-9.7571139103353719e+00,1.1102497545494809e+02,-8.6777590589415325e+00,1.1255494160133351e+02,-9.7571139103353719e+00,4.9287095332381659e+02,-1.1250988784237716e+01,1.1102497545494809e+02,-8.6777590589415325e+00,1.1102497538024529e+02,-8.6777590289937603e+00,1.1102497538024529e+02,-8.6777590289937621e+00,4.7209078025003203e+02,-9.3565317379612623e+00,4.8297432069833832e-07,5.4512795992223356e-07,5.4562309204358746e-06,1.2295748041006609e-04,1.2290532468884493e-04,1.3480922575660463e-04,5.3361465297783165e-05,5.3338830597570198e-05,5.8504922173430934e-05,-3.6889791241694037e-01,-9.2124860531563468e-01,-3.6777212051457708e-01,-9.2064497309086102e-01,-4.9409060637019442e-01,-7.7255074271456881e-01
3.8078503171412194e+04,2.2182962149495254e-03,2.7596281594784171e-05,-4.1124604130307748e-04,1.7519639109213329e-05,-4.2547553771640312e-04,1.4096253524136543e-05,-4.1124604130307748e-04,1.7519639109213349e-05,2.2182962149495246e-03,2.7596281594784144e-05,-4.2547553771640322e-04,1.4096253524136529e-05,-4.2547553787906727e-04,1.4096253569345515e-05,-4.2547553787906722e-04,1.4096253569345504e-05,2.3180126398452592e-03,2.3281216776376529e-05,4.9260320603429477e+02,-1.1175703089570838e+01,1.1231446455357769e+02,-9.7184024318343809e+00,1.1082006016552504e+02,-8.6267991513302480e+00,1.1231446455357774e+02,-9.7184024318343827e+00,4.9260320603429477e+02,-1.1175703089570835e+01,1.1082006016552499e+02,-8.6267991513302480e+00,1.1082006021208669e+02,-8.6267991677573299e+00,1.1082006021208666e+02,-8.6267991677573264e+00,4.7188862123354403e+02,-9.2542293464179810e+00,4.9052341550526905e-07,5.5288296546734277e-07,5.6466356421656227e-06,1.2800407760377557e-04,1.2794915545548164e-04,1.4021724117835573e-04,5.3357637960081468e-05,5.3334744032329198e-05,5.8448612970868799e-05,-4.4137843700920470e-01,-8.8866965881708460e-01,-4.4016765509989741e-01,-8.8817453306883432e-01,-5.5682044289724142e-01,-7.2515054977681093e-01
3.9644219162949994e+04,2.2189475929339769e-03,2.7389818336817972e-05,-4.1078025730798863e-04,1.7559599072411448e-05,-4.2512319111855448e-04,1.4086601824277083e-05,-4.1078025730798852e-04,1.7559599072411435e-05,2.2189475929339777e-03,2.7389818336818029e-05,-4.2512319111855443e-04,1.4086601824277108e-05,-4.2512319092609223e-04,1.4086601781067637e-05,-4.2512319092609244e-04,1.4086601781067655e-05,2.3184822588830311e-03,2.2928671849025325e-05,4.9233607842095068e+02,-1.1101535989650356e+01,1.1207390542914899e+02,-9.6800730905691932e+00,1.1061516815118755e+02,-8.5767685194034815e+00,1.1207390542914898e+02,-9.6800730905691914e+00,4.9233607842095046e+02,-1.1101535989650358e+01,1.1061516815118758e+02,-8.5767685194034762e+00,1.1061516809307754e+02,-8.5767685019855158e+00,1.1061516809307756e+02,-8.5767685019855158e+00,4.7168729154944663e+02,-9.1542271493097029e+00,4.9813329926588653e-07,5.6069090756094189e-07,5.8440451903841177e-06,1.3325805505291953e-04,1.3320025386245638e-04,1.4584219280912723e-04,5.3353911223475326e-05,5.3330768760654919e-05,5.8392353127809430e-05,-5.1380729844337836e-01,-8.4871251248219293e-01,-5.1251925330455461e-01,-8.4834076653402923e-01,-6.1732321030725901e-01,-6.7050900776775235e-01
4.1274314433135420e+04,2.2195964419780326e-03,2.7186704481515645e-05,-4.1031216219245665e-04,1.7598068571233107e-05,-4.2476915831409602e-04,1.4077237066505457e-05,-4.1031216219245681e-04,1.7598068571233124e-05,2.2195964419780313e-03,2.7186704481515573e-05,-4.2476915831409607e-04,1.4077237066505420e-05,-4.2476915860966259e-04,1.4077237106049449e-05,-4.2476915860966238e-04,1.4077237106049424e-05,2.3189476315223344e-03,2.2584408472166979e-05,4.9206958744938242e+02,-1.1028389302756986e+01,1.1183329128944351e+02,-9.6420493588070428e+00,1.1041031758313540e+02,-8.5275752829355902e+00,1.1183329128944352e+02,-9.6420493588070428e+00,4.9206958744938265e+02,-1.1028389302756983e+01,1.1041031758313534e+02,-8.5275752829355955e+00,1.1041031768078365e+02,-8.5275753045552634e+00,1.1041031768078362e+02,-8.5275753045552598e+00,4.7148678899603715e+02,-9.0563910200209339e+00,5.0580204794962113e-07,5.6854889691370192e-07,6.0486799897808233e-06,1.3872793004516447e-04,1.3866713239951036e-04,1.5169278825409403e-04,5.3350279344270110e-05,5.3326898534233763e-05,5.8336144893334817e-05,-5.8539511909663056e-01,-8.0086442263661806e-01,-5.8404001706287922e-01,-8.0063117289940400e-01,-6.7464580693113574e-01,-6.0839507384716363e-01
4.2971436136076627e+04,2.2202427532124654e-03,2.6986761771721216e-05,-4.0984183339485712e-04,1.7634925392378314e-05,-4.2441349012673651e-04,1.4067986971605812e-05,-4.0984183339485718e-04,1.7634925392378321e-05,2.2202427532124654e-03,2.6986761771721205e-05,-4.2441349012673646e-04,1.4067986971605805e-05,-4.2441349016767723e-04,1.4067986975746361e-05,-4.2441349016767728e-04,1.4067986975746361e-05,2.3194088263264819e-03,2.2248091873354144e-05,4.9180375727475786e+02,-1.0956175176796920e+01,1.1159265603129955e+02,-9.6042521182102227e+00,1.1020553452782539e+02,-8.4791254610752809e+00,1.1159265603129957e+02,-9.6042521182102227e+00,4.9180375727475786e+02,-1.0956175176796920e+01,1.1020553452782539e+02,-8.4791254610752809e+00,1.1020553454144023e+02,-8.4791254637417790e+00,1.1020553454144023e+02,-8.4791254637417772e+00,4.7128712023853859e+02,-8.9605978025032496e+00,5.1352595403055593e-07,5.7645185725613627e-07,6.2607610524520615e-06,1.4442259900748248e-04,1.4435868102895272e-04,1.5777810757452754e-04,5.3346747708460557e-05,5.3323137717378169e-05,5.8279998812793774e-05,-6.5521668765770069e-01,-7.4466173319571094e-01,-6.5380749557161555e-01,-7.4458203714226834e-01,-7.2772130157987025e-01,-5.3867942283763059e-01
4.4738340271849280e+04,2.2208865164004780e-03,2.6789783039693200e-05,-4.0936934241539820e-04,1.7670073544454203e-05,-4.2405623136631512e-04,1.4058708831834832e-05,-4.0936934241539826e-04,1.7670073544454193e-05,2.2208865164004780e-03,2.6789783039693213e-05,-4.2405623136631507e-04,1.4058708831834833e-05,-4.2405623136600103e-04,1.4058708830054939e-05,-4.2405623136600098e-04,1.4058708830054941e-05,2.3198659083285000e-03,2.1919362196257434e-05,4.9153861044934183e+02,-1.0884805271399252e+01,1.1135203084749450e+02,-9.5666098767664085e+00,1.1000084204078715e+02,-8.4313331402330896e+00,1.1135203084749452e+02,-9.5666098767664085e+00,4.9153861044934195e+02,-1.0884805271399253e+01,1.1000084204078718e+02,-8.4313331402330878e+00,1.1000084204076944e+02,-8.4313331397790012e+00,1.1000084204076946e+02,-8.4313331397790030e+00,4.7108829042576571e+02,-8.8667250641742648e+00,5.2130289403902154e-07,5.8439626787580695e-07,6.4805163460005572e-06,1.5035127567866521e-04,1.5028410809880298e-04,1.6410755958072004e-04,5.3343303644916178e-05,5.3319473181280178e-05,5.8223911580570084e-05,-7.2220112852081153e-01,-6.7971514150392498e-01,-7.2075387745362862e-01,-6.7980357774400313e-01,-7.7537041660224082e-01,-4.6136279102433941e-01
4.6577896162036755e+04,2.2215277106209523e-03,2.6595587070020661e-05,-4.0889476684011824e-04,1.7703407500393251e-05,-4.2369743444236913e-04,1.4049250834684533e-05,-4.0889476684011824e-04,1.7703407500393238e-05,2.2215277106209515e-03,2.6595587070020654e-05,-4.2369743444236918e-04,1.4049250834684533e-05,-4.2369743444364599e-04,1.4049250822576962e-05,-4.2369743444364583e-04,1.4049250822576964e-05,2.3203189266146913e-03,2.1597889175947251e-05,4.9127417361858153e+02,-1.0814196951600794e+01,1.1111145039551464e+02,-9.5290516116413766e+00,1.0979626720943232e+02,-8.3841132027685674e+00,1.1111145039551462e+02,-9.5290516116413801e+00,4.9127417361858159e+02,-1.0814196951600794e+01,1.0979626720943237e+02,-8.3841132027685639e+00,1.0979626721029523e+02,-8.3841131997527842e+00,1.0979626721029527e+02,-8.3841131997527807e+00,4.7089030987814471e+02,-8.7746566069503231e+00,5.2913051005923944e-07,5.9237809916524480e-07,6.7081784544879219e-06,1.5652361223107925e-04,1.5645305954876102e-04,1.7069098843074999e-04,5.3339956042788839e-05,5.3315913172068480e-05,5.8167899973807060e-05,-7.8512692620927793e-01,-6.0573795516913698e-01,-7.8366096501651816e-01,-6.0600812667100368e-01,-8.1630914140176158e-01,-3.7660605405885289e-01
4.8493091109296103e+04,2.2221663286492669e-03,2.6403985387350260e-05,-4.0841819037250326e-04,1.7734829849242501e-05,-4.2333715966883423e-04,1.4039470740163820e-05,-4.0841819037250332e-04,1.7734829849242501e-05,2.2221663286492665e-03,2.6403985387350249e-05,-4.2333715966883423e-04,1.4039470740163816e-05,-4.2333715966929951e-04,1.4039470730627974e-05,-4.2333715966929940e-04,1.4039470730627972e-05,2.3207679407208082e-03,2.1283337112512743e-05,4.9101047106083888e+02,-1.0744268491722229e+01,1.1087094982271918e+02,-9.4915094150534927e+00,1.0959183799449339e+02,-8.3373839456881029e+00,1.1087094982271917e+02,-9.4915094150534944e+00,4.9101047106083894e+02,-1.0744268491722233e+01,1.0959183799449342e+02,-8.3373839456881047e+00,1.0959183799472909e+02,-8.3373839431937693e+00,1.0959183799472913e+02,-8.3373839431937711e+00,4.7069318751028965e+02,-8.6842777807630984e+00,5.3700452568748932e-07,6.0039105753333150e-07,6.9439821793977410e-06,1.6294962735112289e-04,1.6287554760386716e-04,1.7753860684905273e-04,5.3336702606708598e-05,5.3312454809933686e-05,5.8111970114008561e-05,-8.4261840003637800e-01,-5.2258130670003955e-01,-8.4115660999726416e-01,-5.2304522764486139e-01,-8.4916085491966997e-01,-2.8476527775531768e-01
5.0487035248516630e+04,2.2228023586371216e-03,2.6214807617373507e-05,-4.0793968860435183e-04,1.7764241810543863e-05,-4.2297546180163743e-04,1.4029225507857571e-05,-4.0793968860435280e-04,1.7764241810544076e-05,2.2228023586371177e-03,2.6214807617373182e-05,-4.2297546180163661e-04,1.4029225507857470e-05,-4.2297546183874240e-04,1.4029225444037449e-05,-4.2297546183874723e-04,1.4029225444037483e-05,2.3212129976694579e-03,2.0975391866306882e-05,4.9074752562783374e+02,-1.0674943144310175e+01,1.1063056102036087e+02,-9.4539175154413897e+00,1.0938758004304862e+02,-8.2910660391992810e+00,1.1063056102036224e+02,-9.4539175154413169e+00,4.9074752562783385e+02,-1.0674943144310220e+01,1.0938758004304816e+02,-8.2910660391993165e+00,1.0938758005017303e+02,-8.2910660220415853e+00,1.0938758005017297e+02,-8.2910660220416350e+00,4.7049693282417644e+02,-8.5954794162884181e+00,5.4492203319956949e-07,6.0842994086999119e-07,7.1881669757457119e-06,1.6963980875380386e-04,1.6956205323355775e-04,1.8466109947581975e-04,5.3333559019344039e-05,5.3309113232364024e-05,5.8056146843243573e-05,-8.9314919999761910e-01,-4.3027250756645707e-01,-8.9171813323430282e-01,-4.3093987378082210e-01,-8.7247705293020217e-01,-1.8642704859149592e-01
5.2562966597448467e+04,2.2234357439996689e-03,2.6027864209167865e-05,-4.0745938547864010e-04,1.7791556606902522e-05,-4.2261243624579627e-04,1.4018387959644127e-05,-4.0745938547864026e-04,1.7791556606902560e-05,2.2234357439996685e-03,2.6027864209167807e-05,-4.2261243624579605e-04,1.4018387959644103e-05,-4.2261243625357650e-04,1.4018387946719388e-05,-4.2261243625357721e-04,1.4018387946719393e-05,2.3216541122052818e-03,2.0673724382702073e-05,4.9048538406733337e+02,-1.0606144759628954e+01,1.1039034030299986e+02,-9.4162152680607321e+00,1.0918354049160232e+02,-8.2450859827286305e+00,1.1039034030300013e+02,-9.4162152680607214e+00,4.9048538406733354e+02,-1.0606144759628961e+01,1.0918354049160220e+02,-8.2450859827286376e+00,1.0918354049318303e+02,-8.2450859792571158e+00,1.0918354049318305e+02,-8.2450859792571229e+00,4.7030157393941181e+02,-8.5081542506445977e+00,5.5288068775762276e-07,6.1649008083826167e-07,7.4409808475067867e-06,1.7660484461298699e-04,1.7652325824580068e-04,1.9206935201056423e-04,5.3330469181911603e-05,5.3305832036478661e-05,5.8000383175422124e-05,-9.3505014834223732e-01,-3.2906360619556579e-01,-9.3368005378704599e-01,-3.2994092579953832e-01,-8.8476580850045483e-01,-8.2450271518229562e-02
5.4724256315004342e+04,2.2240664619743327e-03,2.5843028504938742e-05,-4.0697733669024924e-04,1.7816672375742499e-05,-4.2224812448603857e-04,1.4006814468498900e-05,-4.0697733669024918e-04,1.7816672375742486e-05,2.2240664619743323e-03,2.5843028504938755e-05,-4.2224812448603862e-04,1.4006814468498905e-05,-4.2224812448534398e-04,1.4006814475855764e-05,-4.2224812448534360e-04,1.4006814475855757e-05,2.3220913002865778e-03,2.0378075870242740e-05,4.9022406632540077e+02,-1.0537808836494136e+01,1.1015031224527185e+02,-9.3783422769062295e+00,1.0897973999236952e+02,-8.1993707139929839e+00,1.1015031224527178e+02,-9.3783422769062330e+00,4.9022406632540077e+02,-1.0537808836494134e+01,1.0897973999236956e+02,-8.1993707139929803e+00,1.0897973999229400e+02,-8.1993707159484224e+00,1.0897973999229400e+02,-8.1993707159484188e+00,4.7010712241262371e+02,-8.4222073510181765e+00,5.6087827168043613e-07,6.2456631061073415e-07,7.7026705368383668e-06,1.8385618291618815e-04,1.8377060330404871e-04,1.9977501135493822e-04,5.3327476242240244e-05,5.3302653880213584e-05,5.7944731598611498e-05,-9.6653188970624038e-01,-2.1947278721814018e-01,-9.6525659293708521e-01,-2.2056242654457597e-01,-8.8453372332966484e-01,2.6003659732361021e-02
5.6974414175771897e+04,2.2246944858937989e-03,2.5660133791458806e-05,-4.0649364584021747e-04,1.7839504050852479e-05,-4.2188261018737317e-04,1.3994380230065534e-05,-4.0649364584021758e-04,1.7839504050852479e-05,2.2246944858937989e-03,2.5660133791458789e-05,-4.2188261018737312e-04,1.3994380230065531e-05,-4.2188261019002372e-04,1.3994380237411503e-05,-4.2188261019002361e-04,1.3994380237411503e-05,2.3225245873361887e-03,2.0088144634168369e-05,4.8996360510270290e+02,-1.0469866056983481e+01,1.0991052050368084e+02,-9.3402416046114318e+00,1.0877621591515201e+02,-8.1538507719856508e+00,1.0991052050368087e+02,-9.3402416046114336e+00,4.8996360510270296e+02,-1.0469866056983482e+01,1.0877621591515202e+02,-8.1538507719856508e+00,1.0877621591577105e+02,-8.1538507739107366e+00,1.0877621591577106e+02,-8.1538507739107366e+00,4.6991359827914482e+02,-8.3375390643382392e+00,5.6891118725366201e-07,6.3265177393935040e-07,7.9734893238116434e-06,1.9140558910667239e-04,1.9131584664869216e-04,2.0779004650763264e-04,5.3324575479545812e-05,5.3299573709761439e-05,5.7889197857850493e-05,-9.8571169858252805e-01,-1.0234338528104862e-01,-9.8456828367578364e-01,-1.0364247677714326e-01,-8.7033661710534505e-01,1.3742924663165465e-01
5.9317094269627996e+04,2.2253198069566403e-03,2.5479003475288821e-05,-4.0600842932677126e-04,1.7859974184478423e-05,-4.2151599077554350e-04,1.3980968723930469e-05,-4.0600842932677131e-04,1.7859974184478417e-05,2.2253198069566399e-03,2.5479003475288814e-05,-4.2151599077554350e-04,1.3980968723930467e-05,-4.2151599077473679e-04,1.3980968720344892e-05,-4.2151599077473679e-04,1.3980968720344895e-05,2.3229540160034402e-03,1.9803618350420750e-05,4.8970403121695961e+02,-1.0402246960020117e+01,1.0967101126864581e+02,-9.3018586968445884e+00,1.0857300825731676e+02,-8.1084591515656399e+00,1.0967101126864581e+02,-9.3018586968445902e+00,4.8970403121695966e+02,-1.0402246960020115e+01,1.0857300825731680e+02,-8.1084591515656399e+00,1.0857300825714684e+02,-8.1084591506309298e+00,1.0857300825714684e+02,-8.1084591506309263e+00,4.6972102008839516e+02,-8.2540496788901621e+00,5.7697410703772445e-07,6.4073734399985516e-07,8.2536935480447125e-06,1.9926531108436233e-04,1.9917122869231546e-04,2.1612691278330277e-04,5.3321762117117393e-05,5.3296586441025887e-05,5.7833788369011478e-05,-9.9065887790878882e-01,2.1103568221238482e-02,-9.8968711978727231e-01,1.9604295300467308e-02,-8.4084654044166474e-01,2.4994865330753488e-01
6.1756100935710325e+04,2.2259423237006538e-03,2.5299548712974325e-05,-4.0552176568738616e-04,1.7877986957660697e-05,-4.2114832912008333e-04,1.3966449528056887e-05,-4.0552176568738621e-04,1.7877986957660701e-05,2.2259423237006534e-03,2.5299548712974329e-05,-4.2114832912008322e-04,1.3966449528056892e-05,-4.2114832912115057e-04,1.3966449531731072e-05,-4.2114832912115051e-04,1.3966449531731068e-05,2.3233795128359122e-03,1.9524296339414963e-05,4.8944539008840235e+02,-1.0334902642367839e+01,1.0943182657033168e+02,-9.2631440957356368e+00,1.0837015458242469e+02,-8.0631356057988945e+00,1.0943182657033167e+02,-9.2631440957356403e+00,4.8944539008840241e+02,-1.0334902642367840e+01,1.0837015458242469e+02,-8.0631356057988981e+00,1.0837015458266040e+02,-8.0631356067592996e+00,1.0837015458266038e+02,-8.0631356067592996e+00,4.6952942482652645e+02,-8.1716638588876815e+00,5.8506925211424905e-07,6.4882162726818559e-07,8.5435486157849957e-06,2.0744811380835128e-04,2.0734950720395297e-04,2.2479857689745896e-04,5.3319035153876191e-05,5.3293690941726962e-05,5.7778511474971197e-05,-9.7945534807515389e-01,1.4921563583964334e-01,-9.7869682393695789e-01,1.4753308141758834e-01,-7.9493291860160042e-01,3.6129040468811252e-01
6.4295394940382670e+04,2.2265620073675103e-03,2.5121621883666107e-05,-4.0503376754927241e-04,1.7893467167389662e-05,-4.2077972245340952e-04,1.3950711638332274e-05,-4.0503376754927236e-04,1.7893467167389652e-05,2.2265620073675108e-03,2.5121621883666107e-05,-4.2077972245340957e-04,1.3950711638332283e-05,-4.2077972245811013e-04,1.3950711657257782e-05,-4.2077972245811008e-04,1.3950711657257775e-05,2.3238010863331489e-03,1.9249906564514317e-05,4.8918771593998730e+02,-1.0267773443418136e+01,1.0919301259989558e+02,-9.2240491272163005e+00,1.0816769613193145e+02,-8.0178199709918090e+00,1.0919301259989561e+02,-9.2240491272163005e+00,4.8918771593998730e+02,-1.0267773443418136e+01,1.0816769613193145e+02,-8.0178199709918054e+00,1.0816769613294224e+02,-8.0178199759154296e+00,1.0816769613294225e+02,-8.0178199759154296e+00,4.6933883744581846e+02,-8.0902938242692191e+00,5.9319308117063287e-07,6.5689655121945766e-07,8.8433213201162391e-06,2.1596733607723927e-04,2.1586401327844130e-04,2.3381858932192045e-04,5.3316405566059369e-05,5.3290898003920613e-05,5.7723389858885317e-05,-9.5027551476286165e-01,2.7985963267202241e-01,-9.4977236326551240e-01,2.7801952559077397e-01,-7.3175890416977463e-01,4.6878205843473669e-01
6.6939099909226425e+04,2.2271787895903699e-03,2.4945113640490568e-05,-4.0454453624248402e-04,1.7906336182200151e-05,-4.2041025828668129e-04,1.3933643862985506e-05,-4.0454453624248418e-04,1.7906336182200141e-05,2.2271787895903690e-03,2.4945113640490575e-05,-4.2041025828668145e-04,1.3933643862985508e-05,-4.2041025829778168e-04,1.3933643903019088e-05,-4.2041025829778162e-04,1.3933643903019075e-05,2.3242186942627110e-03,1.8980228695868579e-05,4.8893105017479348e+02,-1.0200810222115523e+01,1.0895461541354378e+02,-9.1845295488039973e+00,1.0796567474850450e+02,-7.9724575636461674e+00,1.0895461541354378e+02,-9.1845295488039973e+00,4.8893105017479348e+02,-1.0200810222115519e+01,1.0796567474850450e+02,-7.9724575636461665e+00,1.0796567475094213e+02,-7.9724575740540429e+00,1.0796567475094216e+02,-7.9724575740540438e+00,4.6914929187382961e+02,-8.0098647150366347e+00,6.0134537323881566e-07,6.6495722736292232e-07,9.1532820400919244e-06,2.2483668594043354e-04,2.2472844747647107e-04,2.4320086726154763e-04,5.3313840302434056e-05,5.3288174525703102e-05,5.7668401152428987e-05,-9.0148854679900037e-01,4.1037717996179696e-01,-9.0128178169947815e-01,4.0841519457162001e-01,-6.5089463955868310e-01,5.6935839387234510e-01
6.9691509023503459e+04,2.2277928007840469e-03,2.4769773920748518e-05,-4.0405425483153092e-04,1.7916556477493144e-05,-4.2004010515578192e-04,1.3915170065465440e-05,-4.0405425483153098e-04,1.7916556477493144e-05,2.2277928007840469e-03,2.4769773920748518e-05,-4.2004010515578187e-04,1.3915170065465445e-05,-4.2004010515577525e-04,1.3915170066412579e-05,-4.2004010515577531e-04,1.3915170066412573e-05,2.3246325237819411e-03,1.8714864260913589e-05,4.8867540144850096e+02,-1.0133934847495993e+01,1.0871668868121573e+02,-9.1445385717423981e+00,1.0776413821942764e+02,-7.9269886996509022e+00,1.0871668868121573e+02,-9.1445385717423981e+00,4.8867540144850096e+02,-1.0133934847495993e+01,1.0776413821942764e+02,-7.9269886996509040e+00,1.0776413821941654e+02,-7.9269886998885415e+00,1.0776413821941655e+02,-7.9269886998885433e+00,4.6896078588130757e+02,-7.9302669173086349e+00,6.0950976936600147e-07,6.7298060967142483e-07,9.4736952022489368e-06,2.3407053543564202e-04,2.3395717304190914e-04,2.5296001692022259e-04,5.3311332793116142e-05,5.3285513651517352e-05,5.7613554906803591e-05,-8.3178273240907774e-01,5.3756326755019457e-01,-8.3191012645162965e-01,5.3552591742560429e-01,-5.5244019548675027e-01,6.5960175642262997e-01
7.2557091991964800e+04,2.2284037634502413e-03,2.4595660107758674e-05,-4.0356295072027876e-04,1.7924016185973727e-05,-4.1966928177542733e-04,1.3895156791868583e-05,-4.0356295072027892e-04,1.7924016185973724e-05,2.2284037634502422e-03,2.4595660107758681e-05,-4.1966928177542733e-04,1.3895156791868590e-05,-4.1966928177437435e-04,1.3895156799340608e-05,-4.1966928177437451e-04,1.3895156799340606e-05,2.3250422764656237e-03,1.8453811676100549e-05,4.8842084725825856e+02,-1.0067138176874190e+01,1.0847927383875732e+02,-9.1040428326826994e+00,1.0756312678908513e+02,-7.8813733446885914e+00,1.0847927383875731e+02,-9.1040428326827065e+00,4.8842084725825799e+02,-1.0067138176874186e+01,1.0756312678908510e+02,-7.8813733446885967e+00,1.0756312678873591e+02,-7.8813733465869458e+00,1.0756312678873590e+02,-7.8813733465869422e+00,4.6877339646744741e+02,-7.8514742591663484e+00,6.1770285693146785e-07,6.8097912920309226e-07,9.8048590619526939e-06,2.4368407770578241e-04,2.4356537662281944e-04,2.6311142931407307e-04,5.3308927456732702e-05,5.3282960116230676e-05,5.7558902618479729e-05,-7.4031058015678464e-01,6.5766400914208767e-01,-7.4080396511957325e-01,6.5560920786983845e-01,-4.3715718949237731e-01,7.3581017956954353e-01
7.5540502309326941e+04,2.2290116979803770e-03,2.4422614692271741e-05,-4.0307077136056028e-04,1.7928666248214664e-05,-4.1929792431267892e-04,1.3873524189316603e-05,-4.0307077136056039e-04,1.7928666248214664e-05,2.2290116979803765e-03,2.4422614692271744e-05,-4.1929792431267887e-04,1.3873524189316601e-05,-4.1929792431260552e-04,1.3873524188143068e-05,-4.1929792431260547e-04,1.3873524188143066e-05,2.3254480020886174e-03,1.8196798155333099e-05,4.8816741545824129e+02,-1.0000366354807914e+01,1.0824242280711736e+02,-9.0630046483354612e+00,1.0736268826104524e+02,-7.8355634551720366e+00,1.0824242280711735e+02,-9.0630046483354629e+00,4.8816741545824135e+02,-1.0000366354807914e+01,1.0736268826104524e+02,-7.8355634551720366e+00,1.0736268826103395e+02,-7.8355634548793738e+00,1.0736268826103397e+02,-7.8355634548793729e+00,4.6858714484673987e+02,-7.7734072623862600e+00,6.2591816540814129e-07,6.8893954281804225e-07,1.0147054159086835e-05,2.5369284166420141e-04,2.5356857903035109e-04,2.7367086255653401e-04,5.3306602623424172e-05,5.3280492234182815e-05,5.7504436562781704e-05,-6.2686421445098151e-01,7.6639889020798924e-01,-6.2774636935341921e-01,7.6439595238003266e-01,-3.0661063298202290e-01,7.9410231998340453e-01
7.8646584813203095e+04,2.2296165457300504e-03,2.4250543594796444e-05,-4.0257783797214387e-04,1.7930447358735616e-05,-4.1892614454316142e-04,1.3850187326683004e-05,-4.0257783797214381e-04,1.7930447358735620e-05,2.2296165457300495e-03,2.4250543594796434e-05,-4.1892614454316153e-04,1.3850187326682999e-05,-4.1892614454376467e-04,1.3850187318518455e-05,-4.1892614454376456e-04,1.3850187318518450e-05,2.3258496533795775e-03,1.7943636892058129e-05,4.8791514777116214e+02,-9.9335814925410126e+00,1.0800618623568792e+02,-9.0213915670506744e+00,1.0716287027327579e+02,-7.7895179103272918e+00,1.0800618623568796e+02,-9.0213915670506761e+00,4.8791514777116237e+02,-9.9335814925410144e+00,1.0716287027327579e+02,-7.7895179103272918e+00,1.0716287027352475e+02,-7.7895179082239103e+00,1.0716287027352480e+02,-7.7895179082239148e+00,4.6840206874806097e+02,-7.6960063555478575e+00,6.3415524350118099e-07,6.9685470714559975e-07,1.0500572559864654e-05,2.6411307167796007e-04,2.6398301705001935e-04,2.8465478730156234e-04,5.3304354394359267e-05,5.3278106250205181e-05,5.7450165438515982e-05,-4.9206141607184611e-01,8.5903739889856656e-01,-4.9334247462858860e-01,8.5716630507876534e-01,-1.6329595570233216e-01,8.3057597618106471e-01
8.1880383551760475e+04,2.2302182588088584e-03,2.4079354621637185e-05,-4.0208427739152043e-04,1.7929306167538015e-05,-4.1855406080440222e-04,1.3825068954426266e-05,-4.0208427739152049e-04,1.7929306167538015e-05,2.2302182588088588e-03,2.4079354621637171e-05,-4.1855406080440222e-04,1.3825068954426262e-05,-4.1855406080453590e-04,1.3825068942095924e-05,-4.1855406080453585e-04,1.3825068942095926e-05,2.3262471917043412e-03,1.7694147480448583e-05,4.8766408393882034e+02,-9.8667480735752164e+00,1.0777061515071856e+02,-8.9791740926449624e+00,1.0696372107012779e+02,-7.7431989858528505e+00,1.0777061515071857e+02,-8.9791740926449624e+00,4.8766408393882034e+02,-9.8667480735752182e+00,1.0696372107012780e+02,-7.7431989858528505e+00,1.0696372107027885e+02,-7.7431989827124257e+00,1.0696372107027881e+02,-7.7431989827124239e+00,4.6821820460604005e+02,-7.6192153772980822e+00,6.4241387034147721e-07,7.0471717019516468e-07,1.0865711678919247e-05,2.7496169870384641e-04,2.7482561408383253e-04,2.9608036487494991e-04,5.3302182719888264e-05,5.3275802291939420e-05,5.7396102012498218e-05,-3.3754552143557315e-01,9.3052447319827758e-01,-3.3921907366652598e-01,9.2887414930732159e-01,-1.0750219476137734e-02,8.4151578391311299e-01
8.5247149974882064e+04,2.2308168041262765e-03,2.3908955845436318e-05,-4.0159022170301403e-04,1.7925195605510388e-05,-4.1818179777668683e-04,1.3798099960089298e-05,-4.0159022170301381e-04,1.7925195605510432e-05,2.2308168041262669e-03,2.3908955845436237e-05,-4.1818179777668700e-04,1.3798099960089257e-05,-4.1818179778071025e-04,1.3798099937969119e-05,-4.1818179778070987e-04,1.3798099937969088e-05,2.3266405913164117e-03,1.7448154657401512e-05,4.8741426051361651e+02,-9.7998325328598632e+00,1.0753576027795660e+02,-8.9363255414569895e+00,1.0676528887160082e+02,-7.6965722475893310e+00,1.0753576027795661e+02,-8.9363255414569895e+00,4.8741426051361753e+02,-9.7998325328598916e+00,1.0676528887160087e+02,-7.6965722475893239e+00,1.0676528887294472e+02,-7.6965722418897142e+00,1.0676528887294509e+02,-7.6965722418897355e+00,4.6803558642640917e+02,-7.5429812683228032e+00,6.5069287270669881e-07,7.1251798675925056e-07,1.1242773306507952e-05,2.8625632403643850e-04,2.8611396389492108e-04,3.0796543275153285e-04,5.3300082531323004e-05,5.3273575493207460e-05,5.7342254490635597e-05,-1.6618437587150467e-01,9.7567312435440523e-01,-1.6822346425369669e-01,9.7433849291266372e-01,1.4637293763361844e-01,8.2365766101067461e-01
8.8752351462132210e+04,2.2314121566790876e-03,2.3739254654690863e-05,-4.0109581257782840e-04,1.7918076342994813e-05,-4.1780948943667288e-04,1.3769221298457784e-05,-4.0109581257782856e-04,1.7918076342994796e-05,2.2314121566790906e-03,2.3739254654690880e-05,-4.1780948943667283e-04,1.3769221298457791e-05,-4.1780948943567227e-04,1.3769221304976340e-05,-4.1780948943567227e-04,1.3769221304976340e-05,2.3270298351306417e-03,1.7205488303629206e-05,4.8716571378182869e+02,-9.7328035667869912e+00,1.0730167462234631e+02,-8.8928227083322682e+00,1.0656762397889050e+02,-7.6496073072485764e+00,1.0730167462234630e+02,-8.8928227083322664e+00,4.8716571378182857e+02,-9.7328035667869877e+00,1.0656762397889050e+02,-7.6496073072485800e+00,1.0656762397854729e+02,-7.6496073089233017e+00,1.0656762397854723e+02,-7.6496073089232990e+00,4.6785424779642250e+02,-7.4672545925020026e+00,6.5899146156375030e-07,7.2024813029582287e-07,1.1632066285564733e-05,2.9801526592857522e-04,2.9786637741532933e-04,3.2032854806591442e-04,5.3298047929371203e-05,5.3271420209175770e-05,5.7288630012849139e-05,1.7750494742763880e-02,9.8943528801454705e-01,1.5397163724448158e-02,9.8851286301263297e-01,3.0228658834375338e-01,7.7450901583350118e-01
9.2401680201376599e+04,2.2320041537077437e-03,2.3570250821766148e-05,-4.0060114084667666e-04,1.7907890793194220e-05,-4.1743721966716591e-04,1.3738362211745677e-05,-4.0060114084667687e-04,1.7907890793194213e-05,2.2320041537077437e-03,2.3570250821766155e-05,-4.1743721966716591e-04,1.3738362211745677e-05,-4.1743721966697606e-04,1.3738362214308655e-05,-4.1743721966697601e-04,1.3738362214308651e-05,2.3274147443340756e-03,1.6966101729962937e-05,4.8691850267084033e+02,-9.6656516475302592e+00,1.0706840668421027e+02,-8.8486480476333504e+00,1.0637077354830099e+02,-7.6022816784878948e+00,1.0706840668421032e+02,-8.8486480476333540e+00,4.8691850267084038e+02,-9.6656516475302556e+00,1.0637077354830097e+02,-7.6022816784878957e+00,1.0637077354822577e+02,-7.6022816791444123e+00,1.0637077354822578e+02,-7.6022816791444123e+00,4.6767424806257009e+02,-7.3920129641816139e+00,6.6732014529645144e-07,7.2791039288801140e-07,1.2033915615361733e-05,3.1025770739874801e-04,3.1010203132604710e-04,3.3318912915352843e-04,5.3296092675689110e-05,5.3269350628029379e-05,5.7235254056319564e-05,2.0844957880041307e-01,9.6725754161137800e-01,2.0586076293905425e-01,9.6683937865517733e-01,4.5013700102707754e-01,6.9271637220252658e-01
9.6201062432474180e+04,2.2325927882889136e-03,2.3401853232401160e-05,-4.0010635532826714e-04,1.7894612403075972e-05,-4.1706512982914184e-04,1.3705480518463822e-05,-4.0010635532826709e-04,1.7894612403075972e-05,2.2325927882889127e-03,2.3401853232401160e-05,-4.1706512982914200e-04,1.3705480518463818e-05,-4.1706512982971425e-04,1.3705480512496998e-05,-4.1706512982971419e-04,1.3705480512496993e-05,2.3277953195029442e-03,1.6729837807923974e-05,4.8667265909735625e+02,-9.5983495218898511e+00,1.0683600873009810e+02,-8.8037840260707370e+00,1.0617478722179685e+02,-7.5545717019200023e+00,1.0683600873009811e+02,-8.8037840260707370e+00,4.8667265909735636e+02,-9.5983495218898494e+00,1.0617478722179685e+02,-7.5545717019200014e+00,1.0617478722201074e+02,-7.5545717003871120e+00,1.0617478722201075e+02,-7.5545717003871129e+00,4.6749561692059638e+02,-7.3172136231065821e+00,6.7567881689208173e-07,7.3549560448017094e-07,1.2448643120023870e-05,3.2300348704910248e-04,3.2284075729453445e-04,3.4656726316185802e-04,5.3294206748803158e-05,5.3267357028809847e-05,5.7182129964148495e-05,3.9849982696631125e-01,9.0552554505681848e-01,3.9578359512743672e-01,9.0569151254496538e-01,5.8217529478714380e-01,5.7846759578586027e-01
1.0015666807105225e+05,2.2331780494007558e-03,2.3233991798941744e-05,-3.9961160059939413e-04,1.7878216360876569e-05,-4.1669335797743360e-04,1.3670539012201077e-05,-3.9961160059939408e-04,1.7878216360876576e-05,2.2331780494007558e-03,2.3233991798941737e-05,-4.1669335797743376e-04,1.3670539012201077e-05,-4.1669335797786940e-04,1.3670539007851827e-05,-4.1669335797786940e-04,1.3670539007851825e-05,2.3281715527086063e-03,1.6496572350005182e-05,4.8642821440325048e+02,-9.5308765184380722e+00,1.0660453125844344e+02,-8.7582168621614169e+00,1.0597971325904106e+02,-7.5064584432393238e+00,1.0660453125844342e+02,-8.7582168621614187e+00,4.8642821440325048e+02,-9.5308765184380757e+00,1.0597971325904109e+02,-7.5064584432393247e+00,1.0597971325919012e+02,-7.5064584421436562e+00,1.0597971325919011e+02,-7.5064584421436562e+00,4.6731838446615365e+02,-7.2428227433574444e+00,6.8406723477323804e-07,7.4299400944045618e-07,1.2876577101485730e-05,3.3627329616866294e-04,3.3610323982936262e-04,3.6048389508995754e-04,5.3292386926218981e-05,5.3265436501262536e-05,5.7129267880280798e-05,5.7893819869356289e-01,8.0209013082241754e-01,5.7623181899220577e-01,8.0289858712474438e-01,6.9007036192110105e-01,4.3389790315044208e-01
1.0427492072799284e+05,2.2337598932209851e-03,2.3066620816934402e-05,-3.9911701100269007e-04,1.7858678516933124e-05,-4.1632203120731538e-04,1.3633504823401814e-05,-3.9911701100268996e-04,1.7858678516933131e-05,2.2337598932209864e-03,2.3066620816934402e-05,-4.1632203120731538e-04,1.3633504823401816e-05,-4.1632203120407568e-04,1.3633504862757025e-05,-4.1632203120407568e-04,1.3633504862757032e-05,2.3285433989187541e-03,1.6266219393996104e-05,4.8618520525214512e+02,-9.4632192606281986e+00,1.0637402389453500e+02,-8.7119366067672903e+00,1.0578559913134134e+02,-7.4579278910744371e+00,1.0637402389453501e+02,-8.7119366067672903e+00,4.8618520525214501e+02,-9.4632192606282004e+00,1.0578559913134134e+02,-7.4579278910744380e+00,1.0578559913012414e+02,-7.4579279011072712e+00,1.0578559913012413e+02,-7.4579279011072712e+00,4.6714258647493904e+02,-7.1688164614509287e+00,6.9248873471643396e-07,7.5039942026198492e-07,1.3318056989839717e-05,3.5008869176147414e-04,3.4991102972735806e-04,3.7496083718619816e-04,5.3290632435696884e-05,5.3263588653990537e-05,5.7076679774293130e-05,7.3945810158945635e-01,6.5685475175730057e-01,7.3692514607054238e-01,6.5833198149974304e-01,7.6537912758906357e-01,2.6346111508012893e-01
1.0856250814090163e+05,2.2343381719247364e-03,2.2899739458573873e-05,-3.9862268973233213e-04,1.7835968245305281e-05,-4.1595124220824789e-04,1.3594342747456333e-05,-3.9862268973233229e-04,1.7835968245305288e-05,2.2343381719247368e-03,2.2899739458573894e-05,-4.1595124220824783e-04,1.3594342747456338e-05,-4.1595124219981512e-04,1.3594342842514397e-05,-4.1595124219981523e-04,1.3594342842514399e-05,2.3289107010960913e-03,1.6038756108410103e-05,4.8594368679739875e+02,-9.3953755642382593e+00,1.0614453528551101e+02,-8.6649370404608579e+00,1.0559249121363007e+02,-7.4089710648398146e+00,1.0614453528551103e+02,-8.6649370404608561e+00,4.8594368679739858e+02,-9.3953755642382557e+00,1.0559249121363005e+02,-7.4089710648398146e+00,1.0559249121062260e+02,-7.4089710888254263e+00,1.0559249121062263e+02,-7.4089710888254254e+00,4.6696827711633375e+02,-7.0951852804454338e+00,7.0095908845502702e-07,7.5771891057506343e-07,1.3773441828356508e-05,3.6447213327240832e-04,3.6428658145569497e-04,3.9002079723803572e-04,5.3288944751106348e-05,5.3261815487695936e-05,5.7024378048310825e-05,8.6881726120488845e-01,4.7238755460531889e-01,8.6664106982264799e-01,4.7451665929766046e-01,8.0019115383167128e-01,7.4209980993514155e-02
1.1302639303449888e+05,2.2349127735930858e-03,2.2733333542299253e-05,-3.9812874872960531e-04,1.7810062522152824e-05,-4.1558109088168558e-04,1.3553024618565670e-05,-3.9812874872960531e-04,1.7810062522152830e-05,2.2349127735930853e-03,2.2733333542299260e-05,-4.1558109088168536e-04,1.3553024618565669e-05,-4.1558109088843484e-04,1.3553024553172926e-05,-4.1558109088843490e-04,1.3553024553172926e-05,2.3292733470594339e-03,1.5814143143992229e-05,4.8570370624425351e+02,-9.3273410494594309e+00,1.0591611255544750e+02,-8.6172127881043643e+00,1.0540043378449211e+02,-7.3595795967581328e+00,1.0591611255544748e+02,-8.6172127881043625e+00,4.8570370624425362e+02,-9.3273410494594344e+00,1.0540043378449212e+02,-7.3595795967581328e+00,1.0540043378694668e+02,-7.3595795798564936e+00,1.0540043378694669e+02,-7.3595795798564936e+00,4.6679550131123176e+02,-7.0219170399207300e+00,7.0949429867910073e-07,7.6495918372500604e-07,1.4243095496739049e-05,3.7944699965578596e-04,3.7925326879148714e-04,4.0568740641134789e-04,5.3287324419094541e-05,5.3260117985982023e-05,5.6972374159746266e-05,9.5548873304891802e-01,2.5449903731464557e-01,9.5386148926972414e-01,2.5720945819170965e-01,7.8794580254875657e-01,-1.2408525619101481e-01
1.1767382442756946e+05,2.2354838512879459e-03,2.2567294784936813e-05,-3.9763537914472280e-04,1.7780971398703371e-05,-4.1521176092673993e-04,1.3509551889476912e-05,-3.9763537914472286e-04,1.7780971398703371e-05,2.2354838512879454e-03,2.2567294784936813e-05,-4.1521176092673999e-04,1.3509551889476905e-05,-4.1521176096018437e-04,1.3509551584088135e-05,-4.1521176096018415e-04,1.3509551584088133e-05,2.3296315160879679e-03,1.5592224683336158e-05,4.8546526111456501e+02,-9.2590929102970954e+00,1.0568880272345181e+02,-8.5687584929860474e+00,1.0520947050604735e+02,-7.3097437682453714e+00,1.0568880272345181e+02,-8.5687584929860474e+00,4.8546526111456501e+02,-9.2590929102970971e+00,1.0520947050604737e+02,-7.3097437682453723e+00,1.0520947051701731e+02,-7.3097436918920637e+00,1.0520947051701728e+02,-7.3097436918920637e+00,4.6662425313585902e+02,-6.9489781329237834e+00,7.1808290472222866e-07,7.7209624170656143e-07,1.4727360519130597e-05,3.9503756510323281e-04,3.9483535870189692e-04,4.2198522172504137e-04,5.3285762806179112e-05,5.3258487622016161e-05,5.6920673928003217e-05,9.8858517634668042e-01,1.2699876141322092e-02,9.8769217108182161e-01,1.5859141253271383e-02,7.2439477508805838e-01,-3.1906336341370800e-01
1.2251234940483219e+05,2.2360516796799726e-03,2.2401481002524660e-05,-3.9714281272934526e-04,1.7748730149558402e-05,-4.1484348088073760e-04,1.3463957853042059e-05,-3.9714281272934510e-04,1.7748730149558412e-05,2.2360516796799739e-03,2.2401481002524687e-05,-4.1484348088073782e-04,1.3463957853042062e-05,-4.1484348085486702e-04,1.3463958085236628e-05,-4.1484348085486707e-04,1.3463958085236636e-05,2.3299855131544899e-03,1.5372825926071131e-05,4.8522832672256345e+02,-9.1906060855797218e+00,1.0546265398091802e+02,-8.5195750946310920e+00,1.0501964654588298e+02,-7.2594617673197179e+00,1.0546265398091796e+02,-8.5195750946310884e+00,4.8522832672256322e+02,-9.1906060855797183e+00,1.0501964654588298e+02,-7.2594617673197179e+00,1.0501964653667908e+02,-7.2594618278895675e+00,1.0501964653667902e+02,-7.2594618278895640e+00,4.6645450559706018e+02,-6.8763368894790018e+00,7.2669393579996681e-07,7.7908580971164846e-07,1.5226581296852119e-05,4.1126906761961712e-04,4.1105808226269157e-04,4.3893979011920472e-04,5.3284247647238626e-05,5.3256912267815529e-05,5.6869281743723919e-05,9.5906102509086533e-01,-2.3957613334685784e-01,9.5906007725029330e-01,-2.3616649705731324e-01,6.0864672408906983e-01,-4.9623289088742811e-01
1.2754982537284824e+05,2.2366155490471419e-03,2.2236120577535476e-05,-3.9665097130019107e-04,1.7713270960988609e-05,-4.1447614327776920e-04,1.3416192680862190e-05,-3.9665097130019080e-04,1.7713270960988609e-05,2.2366155490471423e-03,2.2236120577535480e-05,-4.1447614327776915e-04,1.3416192680862190e-05,-4.1447614327292450e-04,1.3416192719970861e-05,-4.1447614327292439e-04,1.3416192719970865e-05,2.3303345815136045e-03,1.5156250543560711e-05,4.8499305581360773e+02,-9.1219339907376398e+00,1.0523770549317975e+02,-8.4696732581448959e+00,1.0483099789160828e+02,-7.2087485580166337e+00,1.0523770549317973e+02,-8.4696732581448924e+00,4.8499305581360784e+02,-9.1219339907376433e+00,1.0483099789160829e+02,-7.2087485580166346e+00,1.0483099789006326e+02,-7.2087485678634389e+00,1.0483099789006324e+02,-7.2087485678634389e+00,4.6628640887667586e+02,-6.8040564451829590e+00,7.3541282374254044e-07,7.8601241604935842e-07,1.5741231214485174e-05,4.2816803240711956e-04,4.2794796596925535e-04,4.5657782806230205e-04,5.3282798998908935e-05,5.3255413124935104e-05,5.6818218079555828e-05,8.6115193578871885e-01,-4.8512027460189755e-01,8.6214851704599427e-01,-4.8172220949194894e-01,4.4418601631794141e-01,-6.3984611362551347e-01
1.3279443281986716e+05,2.2371757443092580e-03,2.2071078522731065e-05,-3.9616008148602003e-04,1.7674619157989545e-05,-4.1410996562841519e-04,1.3366267629119419e-05,-3.9616008148601986e-04,1.7674619157989541e-05,2.2371757443092589e-03,2.2071078522731075e-05,-4.1410996562841524e-04,1.3366267629119419e-05,-4.1410996562134554e-04,1.3366267687388047e-05,-4.1410996562134570e-04,1.3366267687388056e-05,2.3306790554582109e-03,1.4942299155801626e-05,4.8475941886603488e+02,-9.0530490772152064e+00,1.0501400134376338e+02,-8.4190489273656315e+00,1.0464356409432665e+02,-7.1575941519030506e+00,1.0501400134376338e+02,-8.4190489273656279e+00,4.8475941886603493e+02,-9.0530490772152081e+00,1.0464356409432663e+02,-7.1575941519030488e+00,1.0464356409201963e+02,-7.1575941667001786e+00,1.0464356409201963e+02,-7.1575941667001759e+00,4.6611992727584902e+02,-6.7320952433405825e+00,7.4421648966198790e-07,7.9283556260788981e-07,1.6271644404259063e-05,4.4576183243730103e-04,4.4553237449874972e-04,4.7492702012865665e-04,5.3281405387117762e-05,5.3253978540417146e-05,5.6767487136373557e-05,6.9397134947442474e-01,-7.0360153043558893e-01,6.9599203328904724e-01,-7.0052851371136338e-01,2.3971917062456047e-01,-7.3424020227425713e-01
1.3825468860033475e+05,2.2377321893668999e-03,2.1906349725011202e-05,-3.9567025743799625e-04,1.7632785760614144e-05,-4.1374504351453776e-04,1.3314202491380717e-05,-3.9567025743799631e-04,1.7632785760614140e-05,2.2377321893669003e-03,2.1906349725011205e-05,-4.1374504351453771e-04,1.3314202491380719e-05,-4.1374504351624435e-04,1.3314202479174838e-05,-4.1374504351624413e-04,1.3314202479174843e-05,2.3310188763365084e-03,1.4730985518096498e-05,4.8452745070707329e+02,-8.9839581970015256e+00,1.0479158175790315e+02,-8.3677115147184136e+00,1.0445738086567646e+02,-7.1060087015311444e+00,1.0479158175790316e+02,-8.3677115147184171e+00,4.8452745070707329e+02,-8.9839581970015274e+00,1.0445738086567650e+02,-7.1060087015311435e+00,1.0445738086620158e+02,-7.1060086984937376e+00,1.0445738086620158e+02,-7.1060086984937358e+00,4.6595509000788195e+02,-6.6604620909768215e+00,7.5312164618751245e-07,7.9956360975544895e-07,1.6818241990067925e-05,4.6407905061469868e-04,4.6383988744055498e-04,4.9401621795307888e-04,5.3280066170129331e-05,5.3252608283963263e-05,5.6717097543604154e-05,4.6308169226863671e-01,-8.7288638121426487e-01,4.6604830272372511e-01,-8.7048023175619482e-01,9.6300587974821952e-03,-7.6564922864145779e-01
1.4393945976563459e+05,2.2382849179094109e-03,2.1741898685794741e-05,-3.9518164338031786e-04,1.7587788769034533e-05,-4.1338150356435313e-04,1.3260017557013186e-05,-3.9518164338031786e-04,1.7587788769034530e-05,2.2382849179094118e-03,2.1741898685794744e-05,-4.1338150356435318e-04,1.3260017557013189e-05,-4.1338150356167537e-04,1.3260017572576202e-05,-4.1338150356167548e-04,1.3260017572576205e-05,2.3313541096215916e-03,1.4522271423152480e-05,4.8429716491694614e+02,-8.9146605963293144e+00,1.0457048586211837e+02,-8.3156682273712761e+00,1.0427248239298595e+02,-7.0539983076729698e+00,1.0457048586211837e+02,-8.3156682273712796e+00,4.8429716491694609e+02,-8.9146605963293108e+00,1.0427248239298594e+02,-7.0539983076729680e+00,1.0427248239221302e+02,-7.0539983114677556e+00,1.0427248239221305e+02,-7.0539983114677547e+00,4.6579190388082873e+02,-6.5891539951743274e+00,7.6213367685189656e-07,8.0619022480093362e-07,1.7381427313634250e-05,4.8314941870169267e-04,4.8290023188765901e-04,5.1387543951743569e-04,5.3278777700829259e-05,5.3251298895397686e-05,5.6667056293965201e-05,1.8179603658540833e-01,-9.7110565663878401e-01,1.8550583412389532e-01,-9.6970065917485460e-01,-2.2618491373384583e-01,-7.2440497931897097e-01
1.4985797796352327e+05,2.2388338323804341e-03,2.1577729359405981e-05,-3.9469434230593600e-04,1.7539639041484662e-05,-4.1301942493197045e-04,1.3203729005916608e-05,-3.9469434230593605e-04,1.7539639041484666e-05,2.2388338323804332e-03,2.1577729359405971e-05,-4.1301942493197040e-04,1.3203729005916606e-05,-4.1301942493403293e-04,1.3203728991906649e-05,-4.1301942493403299e-04,1.3203728991906654e-05,2.3316846863651796e-03,1.4316173118537204e-05,4.8406859803734051e+02,-8.8451646742885632e+00,1.0435075089617183e+02,-8.2629286553641119e+00,1.0408890025732198e+02,-7.0015724203934253e+00,1.0435075089617183e+02,-8.2629286553641119e+00,4.8406859803734056e+02,-8.8451646742885632e+00,1.0408890025732200e+02,-7.0015724203934253e+00,1.0408890025796900e+02,-7.0015724168823192e+00,1.0408890025796900e+02,-7.0015724168823192e+00,4.6563039705751760e+02,-6.5181795516335503e+00,7.7127538647518104e-07,8.1272855942789766e-07,1.7961632486653593e-05,5.0300392144009645e-04,5.0274438939340333e-04,5.3453593871473012e-04,5.3277539822420094e-05,5.3250050515948487e-05,5.6617371252005880e-05,-1.2813785814011430e-01,-9.7948632168272654e-01,-1.2402016712052609e-01,-9.7936126319815897e-01,-4.4335482298782219e-01,-6.0732850991432485e-01
1.5601985442964343e+05,2.2393789806624841e-03,2.1413807869618685e-05,-3.9420849874371555e-04,1.7488362083695843e-05,-4.1265893019577484e-04,1.3145364855689678e-05,-3.9420849874371533e-04,1.7488362083695874e-05,2.2393789806624850e-03,2.1413807869618722e-05,-4.1265893019577424e-04,1.3145364855689683e-05,-4.1265893018001991e-04,1.3145364981437575e-05,-4.1265893018001986e-04,1.3145364981437594e-05,2.3320106995547308e-03,1.4112656952662959e-05,4.8384175887004199e+02,-8.7754712942183364e+00,1.0413241329626041e+02,-8.2095024610133063e+00,1.0390666479638928e+02,-6.9487396677774926e+00,1.0413241329626041e+02,-8.2095024610132850e+00,4.8384175887004170e+02,-8.7754712942183488e+00,1.0390666479638914e+02,-6.9487396677774935e+00,1.0390666479102715e+02,-6.9487396998206776e+00,1.0390666479102703e+02,-6.9487396998206714e+00,4.6547056888777502e+02,-6.4475379479702859e+00,7.8055497392922947e-07,8.1917487956585058e-07,1.8559279910752454e-05,5.2367474383995503e-04,5.2340454044970733e-04,5.5603019034905130e-04,5.3276344737117470e-05,5.3248855443166772e-05,5.6568044294178396e-05,-4.3687549531311931e-01,-8.8581326966814722e-01,-4.3280695189862317e-01,-8.8713483696023165e-01,-6.1514567999487724e-01,-4.1997736493663973e-01
1.6243509559545922e+05,2.2399204839897145e-03,2.1250084861145991e-05,-3.9372427076980005e-04,1.7433995438906472e-05,-4.1230015500325328e-04,1.3084967552201496e-05,-3.9372427076979995e-04,1.7433995438906516e-05,2.2399204839897158e-03,2.1250084861146046e-05,-4.1230015500325241e-04,1.3084967552201519e-05,-4.1230015499933367e-04,1.3084967637845641e-05,-4.1230015499933346e-04,1.3084967637845664e-05,2.3323323273593674e-03,1.3911679190249431e-05,4.8361663997150237e+02,-8.7055795244992389e+00,1.0391550576802709e+02,-8.1554014884795922e+00,1.0372580212364642e+02,-6.8955114620325233e+00,1.0391550576802712e+02,-8.1554014884795656e+00,4.8361663997150208e+02,-8.7055795244992620e+00,1.0372580212364623e+02,-6.8955114620325260e+00,1.0372580212100559e+02,-6.8955114849381820e+00,1.0372580212100536e+02,-6.8955114849381705e+00,4.6531240124813604e+02,-6.3772281389252452e+00,7.8997406413038441e-07,8.2551997638351483e-07,1.9174805617306833e-05,5.4519544181673885e-04,5.4491423562517960e-04,5.7839205020600304e-04,5.3275190057093030e-05,5.3247711262973574e-05,5.6519082954098247e-05,-7.0826516734716161e-01,-6.8818176934472286e-01,-7.0478864628267779e-01,-6.9094630945864988e-01,-7.1573225744764901e-01,-1.7826145910379951e-01
1.6911411933796073e+05,2.2404578326265944e-03,2.1086689100640808e-05,-3.9324162939936424e-04,1.7376518375846010e-05,-4.1194303509536521e-04,1.3022524910881064e-05,-3.9324162939936456e-04,1.7376518375845888e-05,2.2404578326265887e-03,2.1086689100640595e-05,-4.1194303509536781e-04,1.3022524910880997e-05,-4.1194303511986048e-04,1.3022524543955787e-05,-4.1194303511986070e-04,1.3022524543955723e-05,2.3326490574097753e-03,1.3713409683928191e-05,4.8339335031798061e+02,-8.6355245630750161e+00,1.0370005960428198e+02,-8.1006393387836084e+00,1.0354633795186164e+02,-6.8419027231731029e+00,1.0370005960428183e+02,-8.1006393387836919e+00,4.8339335031798151e+02,-8.6355245630749575e+00,1.0354633795186220e+02,-6.8419027231730967e+00,1.0354633796369987e+02,-6.8419026284421989e+00,1.0354633796370044e+02,-6.8419026284422308e+00,4.6515599479707896e+02,-6.3072892848875188e+00,7.9959693704334187e-07,8.3181921634264066e-07,1.9808686282705859e-05,5.6760117584549121e-04,5.6730863722430933e-04,6.0165692527178617e-04,5.3274094653156608e-05,5.3246637468679614e-05,5.6470510192145021e-05,-9.0342533100117983e-01,-3.9844509556520324e-01,-9.0110446539363420e-01,-4.0242986990236773e-01,-7.2449923569644725e-01,9.1171464525796123e-02
1.7606777189752526e+05,2.2409916410686482e-03,2.0923416348401095e-05,-3.9276088190246065e-04,1.7316026741946265e-05,-4.1158785945561111e-04,1.2958130405632572e-05,-3.9276088190246048e-04,1.7316026741946299e-05,2.2409916410686495e-03,2.0923416348401166e-05,-4.1158785945561046e-04,1.2958130405632588e-05,-4.1158785943672837e-04,1.2958130576425234e-05,-4.1158785943672837e-04,1.2958130576425249e-05,2.3329616244608074e-03,1.3517612007996620e-05,4.8317179219790211e+02,-8.5652754555064661e+00,1.0348610978665732e+02,-8.0452288011868127e+00,1.0336829811647446e+02,-6.7879231010130949e+00,1.0348610978665732e+02,-8.0452288011867950e+00,4.8317179219790199e+02,-8.5652754555064874e+00,1.0336829811647429e+02,-6.7879231010130967e+00,1.0336829810953499e+02,-6.7879231447577801e+00,1.0336829810953485e+02,-6.7879231447577730e+00,4.6500123520267232e+02,-6.2376849594785657e+00,8.0937965558886221e-07,8.3801516988184932e-07,2.0461351314762457e-05,5.9092798419639364e-04,5.9062377340816290e-04,6.2586115780351647e-04,5.3273023844447402e-05,5.3245598796034447e-05,5.6422300643489592e-05,-9.8623054024141754e-01,-4.4524348543651268e-02,-9.8555598882700146e-01,-4.9263593385675437e-02,-6.3094346725848971e-01,3.5240270924341915e-01
1.8330734549140959e+05,2.2415215765815176e-03,2.0760353365506667e-05,-3.9228204644916378e-04,1.7252522168760613e-05,-4.1123461153132874e-04,1.2891794730924940e-05,-3.9228204644916378e-04,1.7252522168760708e-05,2.2415215765815236e-03,2.0760353365506894e-05,-4.1123461153132754e-04,1.2891794730925023e-05,-4.1123461147802486e-04,1.2891795417001225e-05,-4.1123461147802529e-04,1.2891795417001295e-05,2.3332697171083048e-03,1.3324411060096511e-05,4.8295203872676075e+02,-8.4948600776291254e+00,1.0327368403814751e+02,-7.9891854797852329e+00,1.0319170397287652e+02,-6.7335895505804642e+00,1.0327368403814751e+02,-7.9891854797851893e+00,4.8295203872675995e+02,-8.4948600776291663e+00,1.0319170397287613e+02,-6.7335895505804793e+00,1.0319170394958256e+02,-6.7335897248303755e+00,1.0319170394958222e+02,-6.7335897248303578e+00,4.6484818538997234e+02,-6.1684472979359599e+00,8.1936995321437398e-07,8.4414643570143104e-07,2.1133287997749047e-05,6.1521391530491344e-04,6.1489769295390421e-04,6.5104309373602883e-04,5.3271992602414330e-05,5.3244610590524478e-05,5.6374477251817905e-05,-9.3045117304320890e-01,3.2952186180981463e-01,-9.3172692880219798e-01,3.2471976658664087e-01,-4.3936131780450882e-01,5.6410659371499350e-01
1.9084459665147401e+05,2.2420467899217284e-03,2.0597630467339010e-05,-3.9180499494499048e-04,1.7185977910370620e-05,-4.1088310690039789e-04,1.2823481406201046e-05,-3.9180499494499043e-04,1.7185977910371301e-05,2.2420467899217666e-03,2.0597630467340792e-05,-4.1088310690039079e-04,1.2823481406201712e-05,-4.1088310657174900e-04,1.2823487111089971e-05,-4.1088310657175144e-04,1.2823487111090503e-05,2.3335724961816456e-03,1.3133935043578531e-05,4.8273426489893978e+02,-8.4243117511466430e+00,1.0306281647590899e+02,-7.9325200090876624e+00,1.0301658005521389e+02,-6.6789087245403094e+00,1.0306281647590880e+02,-7.9325200090873889e+00,4.8273426489893467e+02,-8.4243117511469467e+00,1.0301658005521118e+02,-6.6789087245404568e+00,1.0301657987818255e+02,-6.6789101853831951e+00,1.0301657987818014e+02,-6.6789101853830886e+00,4.6469700220172581e+02,-6.0996028827066944e+00,8.2968627045108817e-07,8.5032170339427911e-07,2.1825028583903960e-05,6.4049842819410537e-04,6.4016986134838780e-04,6.7724220232429750e-04,5.3271001277657273e-05,5.3243673989895827e-05,5.6327023825837866e-05,-7.2767157603940869e-01,6.6670764528580351e-01,-7.3089928251192138e-01,6.6268650252860362e-01,-1.7213313994670071e-01,6.8594474013701467e-01
1.9869176531592209e+05,2.2425696125607441e-03,2.0434847903310909e-05,-3.9133048252802091e-04,1.7116574200302493e-05,-4.1053413362915120e-04,1.2753385483173376e-05,-3.9133048252802097e-04,1.7116574200302537e-05,2.2425696125607463e-03,2.0434847903311021e-05,-4.1053413362915082e-04,1.2753385483173415e-05,-4.1053413360849926e-04,1.2753385852882944e-05,-4.1053413360849937e-04,1.2753385852882980e-05,2.3338725196270700e-03,1.2945758733623378e-05,4.8251802758394604e+02,-8.3535583097339021e+00,1.0285350853436336e+02,-7.8752444983271355e+00,1.0284292361735983e+02,-6.6238948447826314e+00,1.0285350853436336e+02,-7.8752444983271195e+00,4.8251802758394564e+02,-8.3535583097339181e+00,1.0284292361735966e+02,-6.6238948447826402e+00,1.0284292360603605e+02,-6.6238949391898361e+00,1.0284292360603592e+02,-6.6238949391898290e+00,4.6454723690160540e+02,-6.0310823664567828e+00,8.4008411742244423e-07,8.5627405190615559e-07,2.2536849597031798e-05,6.6682284424077144e-04,6.6648156330472721e-04,7.0450087833525126e-04,5.3270069222672404e-05,5.3242805521009402e-05,5.6280031316386214e-05,-3.9446045360842630e-01,9.0448024068943589e-01,-3.9925166499864695e-01,9.0209830908070632e-01,1.2986787665297178e-01,6.8710197153513342e-01
2.0686159470605347e+05,2.2430877890286952e-03,2.0272337153432531e-05,-3.9085800735960604e-04,1.7044231528571673e-05,-4.1018709381626477e-04,1.2681419532616490e-05,-3.9085800735960609e-04,1.7044231528571673e-05,2.2430877890286952e-03,2.0272337153432521e-05,-4.1018709381626477e-04,1.2681419532616486e-05,-4.1018709381640089e-04,1.2681419531948216e-05,-4.1018709381640089e-04,1.2681419531948213e-05,2.3341674440434737e-03,1.2760258042639690e-05,4.8230377889531286e+02,-8.2826818891632428e+00,1.0264581504014491e+02,-7.8173814992212769e+00,1.0267077721598096e+02,-6.5685669104181228e+00,1.0264581504014492e+02,-7.8173814992212778e+00,4.8230377889531292e+02,-8.2826818891632410e+00,1.0267077721598098e+02,-6.5685669104181237e+00,1.0267077721605176e+02,-6.5685669102367417e+00,1.0267077721605175e+02,-6.5685669102367417e+00,4.6439931791397254e+02,-5.9629656416855319e+00,8.5083204096133331e-07,8.6227273960833810e-07,2.3269459538290935e-05,6.9422941864627486e-04,6.9387508449948103e-04,7.3286089795796070e-04,5.3269154656464719e-05,5.3241966122013913e-05,5.6233399891238811e-05,2.3446955168539754e-02,9.8630706819367842e-01,1.7896112487976169e-02,9.8624422596814443e-01,4.1108209263011930e-01,5.5564861828959156e-01
2.1536735202031257e+05,2.2436019775288296e-03,2.0109984615323014e-05,-3.9038784297583314e-04,1.6969028179017204e-05,-4.0984224805855953e-04,1.2607664305360903e-05,-3.9038784297583320e-04,1.6969028179017204e-05,2.2436019775288296e-03,2.0109984615323014e-05,-4.0984224805855942e-04,1.2607664305360901e-05,-4.0984224806069530e-04,1.2607664305178029e-05,-4.0984224806069530e-04,1.2607664305178027e-05,2.3344580381147086e-03,1.2577311260238389e-05,4.8209139690645179e+02,-8.2116687179314010e+00,1.0243974820629232e+02,-7.7589451458100385e+00,1.0250014656753045e+02,-6.5129382398188458e+00,1.0243974820629232e+02,-7.7589451458100376e+00,4.8209139690645179e+02,-8.2116687179314027e+00,1.0250014656753044e+02,-6.5129382398188458e+00,1.0250014656807215e+02,-6.5129382397818461e+00,1.0250014656807217e+02,-6.5129382397818461e+00,4.6425311188996068e+02,-5.8952378025303833e+00,8.6187375022407402e-07,8.6824608133574891e-07,2.4023291994570392e-05,7.2276293389417104e-04,7.2239519386618908e-04,7.6236755194547577e-04,5.3268278743135574e-05,5.3241175972092781e-05,5.6187174739234376e-05,4.5259219793189004e-01,8.7645340473235223e-01,4.4742335509408077e-01,8.7899135165971964e-01,6.1029672368202892e-01,3.0655331115945539e-01
2.2422284997923739e+05,2.2441126202620352e-03,1.9947678659485513e-05,-3.8992025429906676e-04,1.6891036229325148e-05,-4.0949982782639675e-04,1.2532178360475387e-05,-3.8992025429906665e-04,1.6891036229325151e-05,2.2441126202620348e-03,1.9947678659485509e-05,-4.0949982782639675e-04,1.2532178360475387e-05,-4.0949982782820010e-04,1.2532178352113764e-05,-4.0949982782820005e-04,1.2532178352113764e-05,2.3347448794301118e-03,1.2396759014633794e-05,4.8188081320672291e+02,-8.1405038785879036e+00,1.0223534141655610e+02,-7.6999473242171685e+00,1.0233105355774542e+02,-6.4570152334730961e+00,1.0223534141655611e+02,-7.6999473242171677e+00,4.8188081320672302e+02,-8.1405038785879018e+00,1.0233105355774543e+02,-6.4570152334730953e+00,1.0233105355828084e+02,-6.4570152313679365e+00,1.0233105355828084e+02,-6.4570152313679383e+00,4.6410852829435726e+02,-5.8278730752115218e+00,8.7319743382599939e-07,8.7416480545592697e-07,2.4798823350075116e-05,7.5246891019420262e-04,7.5208740135615851e-04,7.9306677942406006e-04,5.3267381987617336e-05,5.3240374922298846e-05,5.6141310968406763e-05,8.0117956814912983e-01,5.7512768713535856e-01,7.9766990763527368e-01,5.7995983110704097e-01,6.7444613022531819e-01,-1.4701296059912080e-02
2.3344246925629553e+05,2.2446191294935450e-03,1.9785525229788831e-05,-3.8945513732989765e-04,1.6810266291568477e-05,-4.0915969044356954e-04,1.2454980199281711e-05,-3.8945513732989770e-04,1.6810266291568471e-05,2.2446191294935446e-03,1.9785525229788818e-05,-4.0915969044356954e-04,1.2454980199281713e-05,-4.0915969044375493e-04,1.2454980198792899e-05,-4.0915969044375488e-04,1.2454980198792900e-05,2.3350273787843294e-03,1.2218751147033524e-05,4.8167213890418714e+02,-8.0692218084083702e+00,1.0203260604796992e+02,-7.6404085773460055e+00,1.0216350425771044e+02,-6.4008195691244838e+00,1.0203260604796995e+02,-7.6404085773460055e+00,4.8167213890418725e+02,-8.0692218084083702e+00,1.0216350425771046e+02,-6.4008195691244847e+00,1.0216350425780880e+02,-6.4008195689295633e+00,1.0216350425780878e+02,-6.4008195689295624e+00,4.6396566912412015e+02,-5.7609108422505253e+00,8.8486948281658300e-07,8.8008810341583980e-07,2.5596607507315355e-05,7.8339676550530769e-04,7.8300113003149736e-04,8.2500815405821845e-04,5.3266549578992966e-05,5.3239648604277637e-05,5.6095888668712942e-05,9.7751426193814672e-01,1.2948392251037572e-01,9.7675598241071726e-01,1.3563024543555471e-01,5.7513731697569215e-01,-3.3605023705619858e-01
2.4304118183103399e+05,2.2451220888651162e-03,1.9623404943360441e-05,-3.8899277883322090e-04,1.6726800014795318e-05,-4.0882209635429665e-04,1.2376136235530413e-05,-3.8899277883322101e-04,1.6726800014795322e-05,2.2451220888651167e-03,1.9623404943360455e-05,-4.0882209635429665e-04,1.2376136235530416e-05,-4.0882209632192459e-04,1.2376136376702144e-05,-4.0882209632192470e-04,1.2376136376702150e-05,2.3353062585213156e-03,1.2043116772173848e-05,4.8146527576877850e+02,-7.9978065981913922e+00,1.0183156918814834e+02,-7.5803422966515885e+00,1.0199751534551156e+02,-6.3443588292377218e+00,1.0183156918814835e+02,-7.5803422966515921e+00,4.8146527576877844e+02,-7.9978065981913931e+00,1.0199751534551152e+02,-6.3443588292377227e+00,1.0199751533645497e+02,-6.3443588640112738e+00,1.0199751533645495e+02,-6.3443588640112738e+00,4.6382441597184993e+02,-5.6943239347135197e+00,8.9686423563396457e-07,8.8597098815414737e-07,2.6417120443925386e-05,8.1559600778839745e-04,8.1518587545739512e-04,8.5824161220978009e-04,5.3265729936300950e-05,5.3238944618848807e-05,5.6050870160612877e-05,9.1575902570509193e-01,-3.6512390153103880e-01,9.1827529890460546e-01,-3.5921678026386533e-01,3.2355317535934275e-01,-5.7237889852737012e-01
2.5303457530246602e+05,2.2456205294164766e-03,1.9461437960983925e-05,-3.8853298617250902e-04,1.6640640650314913e-05,-4.0848679612056526e-04,1.2295652907993885e-05,-3.8853298617250908e-04,1.6640640650314909e-05,2.2456205294164758e-03,1.9461437960983921e-05,-4.0848679612056526e-04,1.2295652907993883e-05,-4.0848679612258762e-04,1.2295652899446038e-05,-4.0848679612258762e-04,1.2295652899446045e-05,2.3355805407817933e-03,1.1870009341141408e-05,4.8126040928090731e+02,-7.9262949417310171e+00,1.0163224890553869e+02,-7.5197681086439898e+00,1.0183309729105402e+02,-6.2876523242490370e+00,1.0163224890553870e+02,-7.5197681086439889e+00,4.8126040928090731e+02,-7.9262949417310171e+00,1.0183309729105403e+02,-6.2876523242490370e+00,1.0183309729159467e+02,-6.2876523222019767e+00,1.0183309729159467e+02,-6.2876523222019784e+00,4.6368494023657968e+02,-5.6281507138303128e+00,9.0928493924993774e-07,8.9191204968365900e-07,2.7260970682412846e-05,8.4911963013985909e-04,8.4869464242193595e-04,8.9282024461180185e-04,5.3264968268379765e-05,5.3238308942053859e-05,5.6006292058966643e-05,6.0377704846226843e-01,-7.7910215894352486e-01,6.0918684875336160e-01,-7.7522528910695054e-01,-2.2287579199547321e-02,-6.4836755882631547e-01
2.6343887820217875e+05,2.2461152787449498e-03,1.9299492493262436e-05,-3.8807610230805754e-04,1.6551884030412883e-05,-4.0815411761253937e-04,1.2213611059985550e-05,-3.8807610230805754e-04,1.6551884030412883e-05,2.2461152787449489e-03,1.9299492493262436e-05,-4.0815411761253937e-04,1.2213611059985546e-05,-4.0815411761297620e-04,1.2213611060173969e-05,-4.0815411761297609e-04,1.2213611060173974e-05,2.3358511984069058e-03,1.1699246388834382e-05,4.8105739322172479e+02,-7.8546697217927122e+00,1.0143466754233437e+02,-7.4587020553784340e+00,1.0167026350468063e+02,-6.2307105454225953e+00,1.0143466754233438e+02,-7.4587020553784358e+00,4.8105739322172485e+02,-7.8546697217927131e+00,1.0167026350468063e+02,-6.2307105454225962e+00,1.0167026350478743e+02,-6.2307105454730642e+00,1.0167026350478746e+02,-6.2307105454730660e+00,4.6354707854032654e+02,-5.5623637058823281e+00,9.2208301034094804e-07,8.9784139861708609e-07,2.8128627676666728e-05,8.8402114831345475e-04,8.8358093134660110e-04,9.2879804608781704e-04,5.3264204622347200e-05,5.3237680588792733e-05,5.5962110492537853e-05,1.0358292399106978e-01,-9.8001165029029658e-01,1.1047063227307584e-01,-9.7964082534660724e-01,-3.6416339571919526e-01,-5.2614418928328410e-01
2.7427098634826823e+05,2.2466061106854126e-03,1.9137575306525282e-05,-3.8762216159480347e-04,1.6460575394301434e-05,-4.0782405170013684e-04,1.2130045315572193e-05,-3.8762216159480347e-04,1.6460575394301431e-05,2.2466061106854130e-03,1.9137575306525279e-05,-4.0782405170013678e-04,1.2130045315572196e-05,-4.0782405170004425e-04,1.2130045317134293e-05,-4.0782405170004419e-04,1.2130045317134291e-05,2.3361180712967869e-03,1.1530815251158277e-05,4.8085627628330548e+02,-7.7829425805761652e+00,1.0123884608950813e+02,-7.3971613499015767e+00,1.0150902583648757e+02,-6.1735464776559033e+00,1.0123884608950813e+02,-7.3971613499015767e+00,4.8085627628330553e+02,-7.7829425805761661e+00,1.0150902583648760e+02,-6.1735464776559024e+00,1.0150902583645254e+02,-6.1735464780443108e+00,1.0150902583645254e+02,-6.1735464780443117e+00,4.6341086188348731e+02,-5.4969672903600744e+00,9.3530204510362778e-07,9.0378848990076109e-07,2.9020666458583873e-05,9.2035880051833253e-04,9.1990298037556242e-04,9.6623352967571696e-04,5.3263531881882323e-05,5.3237152397388707e-05,5.5918420494530941e-05,-4.4750721920804110e-01,-8.7777109293271738e-01,-4.4136549533748126e-01,-8.8142664791043746e-01,-5.8792174483109061e-01,-2.2882010587460686e-01
2.8554849028289574e+05,2.2470928929646055e-03,1.8975693602615190e-05,-3.8717120349034183e-04,1.6366762673375082e-05,-4.0749660490252930e-04,1.2044996670894357e-05,-3.8717120349034188e-04,1.6366762673375082e-05,2.2470928929646055e-03,1.8975693602615190e-05,-4.0749660490252925e-04,1.2044996670894353e-05,-4.0749660490241123e-04,1.2044996674718317e-05,-4.0749660490241112e-04,1.2044996674718316e-05,2.3363810803004670e-03,1.1364714356720075e-05,4.8065708661189399e+02,-7.7111258134676808e+00,1.0104479925918687e+02,-7.3351641772354279e+00,1.0134939211062076e+02,-6.1161753011080755e+00,1.0104479925918689e+02,-7.3351641772354279e+00,4.8065708661189404e+02,-7.7111258134676808e+00,1.0134939211062076e+02,-6.1161753011080755e+00,1.0134939211056196e+02,-6.1161753020596894e+00,1.0134939211056195e+02,-6.1161753020596885e+00,4.6327630535888875e+02,-5.4319693359675600e+00,9.4897320280425665e-07,9.0977165886540907e-07,2.9937622385865815e-05,9.5818912008646022e-04,9.5771732286238143e-04,1.0051834841500386e-03,5.3262804101843405e-05,5.3236578336391557e-05,5.5875077143289779e-05,-8.6500528278168132e-01,-4.7126367723754148e-01,-8.6198808935912852e-01,-4.7802554398099034e-01,-6.0288242661079572e-01,1.5206777374888442e-01
2.9728970383802993e+05,2.2475757719987964e-03,1.8813805278503958e-05,-3.8672337300725546e-04,1.6270514083504236e-05,-4.0717188779738862e-04,1.1958517855314951e-05,-3.8672337300725540e-04,1.6270514083504236e-05,2.2475757719987964e-03,1.8813805278503958e-05,-4.0717188779738851e-04,1.1958517855314950e-05,-4.0717188779793170e-04,1.1958517856539654e-05,-4.0717188779793175e-04,1.1958517856539654e-05,2.3366404692799626e-03,1.1200863121280680e-05,4.8045980403114237e+02,-7.6392211215896983e+00,1.0085254879484488e+02,-7.2727282728518734e+00,1.0119137479936053e+02,-6.0586092233665889e+00,1.0085254879484485e+02,-7.2727282728518716e+00,4.8045980403114248e+02,-7.6392211215897010e+00,1.0119137479936053e+02,-6.0586092233665889e+00,1.0119137479948546e+02,-6.0586092236775952e+00,1.0119137479948547e+02,-6.0586092236775961e+00,4.6314337069460453e+02,-5.3673614409471870e+00,9.6310909240651577e-07,9.1578569517508359e-07,3.0880058883545611e-05,9.9757428030215495e-04,9.9708612696757198e-04,1.0457104511860337e-03,5.3262069265619478e-05,5.3236005986691594e-05,5.5832135593935687e-05,-9.7698445162728309e-01,1.2405497827143160e-01,-9.7865117635803800e-01,1.1656884622010281e-01,-3.8536644121649022e-01,4.7611944623152358e-01
3.0951369387575274e+05,2.2480546193541051e-03,1.8651910760759247e-05,-3.8627872123364994e-04,1.6171886250279678e-05,-4.0684991519594554e-04,1.1870654341515640e-05,-3.8627872123364989e-04,1.6171886250279681e-05,2.2480546193541051e-03,1.8651910760759237e-05,-4.0684991519594548e-04,1.1870654341515640e-05,-4.0684991519504169e-04,1.1870654346304639e-05,-4.0684991519504169e-04,1.1870654346304639e-05,2.3368961721684108e-03,1.1039241926849636e-05,4.8026445717177501e+02,-7.5672400488663678e+00,1.0066211212518746e+02,-7.2098733090044913e+00,1.0103498358758273e+02,-6.0008637168739183e+00,1.0066211212518749e+02,-7.2098733090044922e+00,4.8026445717177506e+02,-7.5672400488663669e+00,1.0103498358758273e+02,-6.0008637168739183e+00,1.0103498358732084e+02,-6.0008637180589668e+00,1.0103498358732084e+02,-6.0008637180589677e+00,4.6301207163150201e+02,-5.3031482267942955e+00,9.7774272220415627e-07,9.2184866382604425e-07,3.1848560471125677e-05,1.0385786354688206e-03,1.0380737476222727e-03,1.0878790760250430e-03,5.3261350717316310e-05,5.3235458591530616e-05,5.5789621534092603e-05,-7.0193348026813229e-01,6.9045433327918626e-01,-7.0807207766316815e-01,6.8541477555707986e-01,-6.6999364381512940e-03,6.0315172694673924e-01
3.2224031125143322e+05,2.2485290428731798e-03,1.8490051187140790e-05,-3.8583719218822506e-04,1.6070922111328870e-05,-4.0653059692953575e-04,1.1781442548421485e-05,-3.8583719218822506e-04,1.6070922111328870e-05,2.2485290428731798e-03,1.8490051187140790e-05,-4.0653059692953575e-04,1.1781442548421487e-05,-4.0653059692797086e-04,1.1781442561567498e-05,-4.0653059692797086e-04,1.1781442561567506e-05,2.3371478160231027e-03,1.0879890822648104e-05,4.8007111834036533e+02,-7.4952028302970932e+00,1.0047349693956760e+02,-7.1466196994099311e+00,1.0088022107835873e+02,-5.9429564683397524e+00,1.0047349693956761e+02,-7.1466196994099329e+00,4.8007111834036544e+02,-7.4952028302970923e+00,1.0088022107835873e+02,-5.9429564683397524e+00,1.0088022107787577e+02,-5.9429564715872374e+00,1.0088022107787577e+02,-5.9429564715872365e+00,4.6288247100082191e+02,-5.2393464465286099e+00,9.9292630734161313e-07,9.2800041060056314e-07,3.2843719486654178e-05,1.0812696261668492e-03,1.0807476320537513e-03,1.1317569794777533e-03,5.3260690793723068e-05,5.3234978643505358e-05,5.5747574035989024e-05,-1.1394782056451880e-01,9.7774563365583977e-01,-1.2217075827684459e-01,9.7777510085017438e-01,3.7580432973640049e-01,4.5966660072937976e-01
3.3549022305004799e+05,2.2490004150134300e-03,1.8328032521643559e-05,-3.8539933503435630e-04,1.5967747300754408e-05,-4.0621446064753039e-04,1.1690967583448388e-05,-3.8539933503435630e-04,1.5967747300754408e-05,2.2490004150134309e-03,1.8328032521643562e-05,-4.0621446064753044e-04,1.1690967583448386e-05,-4.0621446064645865e-04,1.1690967585978094e-05,-4.0621446064645876e-04,1.1690967585978098e-05,2.3373970185720044e-03,1.0722487713923553e-05,4.7987954759235754e+02,-7.4230762104080812e+00,1.0028674006197107e+02,-7.0829807886179790e+00,1.0072710937986940e+02,-5.8848883846830500e+00,1.0028674006197107e+02,-7.0829807886179772e+00,4.7987954759235760e+02,-7.4230762104080812e+00,1.0072710937986939e+02,-5.8848883846830473e+00,1.0072710937958088e+02,-5.8848883853094618e+00,1.0072710937958090e+02,-5.8848883853094618e+00,4.6275429876405252e+02,-5.1758967112340626e+00,1.0085818831042365e-06,9.3412902689741894e-07,3.3866051499494838e-05,1.1257146062070315e-03,1.1251751029244395e-03,1.1774123066189621e-03,5.3259991481253089e-05,5.3234466414707345e-05,5.5705921442859551e-05,5.4707272468658186e-01,8.1804682646817795e-01,5.4068607159828674e-01,8.2367440422022498e-01,5.7664610555649587e-01,9.3510872194005237e-02
3.4928494614799798e+05,2.2494670380219942e-03,1.8166062168435762e-05,-3.8496466118534834e-04,1.5862352979570260e-05,-4.0590097113295297e-04,1.1599235703793497e-05,-3.8496466118534861e-04,1.5862352979570254e-05,2.2494670380219938e-03,1.8166062168435756e-05,-4.0590097113295297e-04,1.1599235703793494e-05,-4.0590097113491294e-04,1.1599235697063583e-05,-4.0590097113491288e-04,1.1599235697063582e-05,2.3376419425304704e-03,1.0567323008170101e-05,4.7969005103935342e+02,-7.3509192019795266e+00,1.0010183259478197e+02,-7.0189839073171205e+00,1.0057564074148705e+02,-5.8266902918475223e+00,1.0010183259478195e+02,-7.0189839073171232e+00,4.7969005103935342e+02,-7.3509192019795258e+00,1.0057564074148708e+02,-5.8266902918475241e+00,1.0057564074202024e+02,-5.8266902901949633e+00,1.0057564074202021e+02,-5.8266902901949633e+00,4.6262786492723279e+02,-5.1128692829305802e+00,1.0248587886664859e-06,9.4038652506602258e-07,3.4916241906737394e-05,1.1719877315538260e-03,1.1714303527188006e-03,1.2249189782781603e-03,5.3259349409244803e-05,5.3234020104740408e-05,5.5664736162074301e-05,9.5403624251330943e-01,2.4042403539320958e-01,9.5314900111724898e-01,2.4918890359515553e-01,4.7633654148775245e-01,-3.2121440260753548e-01
3.6364688215492363e+05,2.2499297442399300e-03,1.8004026465829053e-05,-3.8453352507623640e-04,1.5754841998225339e-05,-4.0559046044513428e-04,1.1506318809122434e-05,-3.8453352507623645e-04,1.5754841998225346e-05,2.2499297442399296e-03,1.8004026465829053e-05,-4.0559046044513422e-04,1.1506318809122435e-05,-4.0559046044382141e-04,1.1506318813392552e-05,-4.0559046044382136e-04,1.1506318813392554e-05,2.3378835893636514e-03,1.0414193755922721e-05,4.7950248270342979e+02,-7.2787170592567358e+00,9.9918799471717492e+01,-6.9546458382407117e+00,1.0042582923503832e+02,-5.7683694455563721e+00,9.9918799471717520e+01,-6.9546458382407117e+00,4.7950248270342979e+02,-7.2787170592567367e+00,1.0042582923503831e+02,-5.7683694455563712e+00,1.0042582923468692e+02,-5.7683694465982960e+00,1.0042582923468692e+02,-5.7683694465982960e+00,4.6250300147529174e+02,-5.0502302145299245e+00,1.0417189575024184e-06,9.4670661189118954e-07,3.5994849454885313e-05,1.2201630605306133e-03,1.2195874212460370e-03,1.2743516632761594e-03,5.3258712629179948e-05,5.3233586637230984e-05,5.5623982743279941e-05,8.5465662673675946e-01,-4.8686030462695329e-01,8.6036587435152245e-01,-4.7975407897016442e-01,1.0824985904047328e-01,-5.5429809014693476e-01
3.7859935379226162e+05,2.2503882791358601e-03,1.7841942913893372e-05,-3.8410592336559621e-04,1.5645272990563386e-05,-4.0528289065173832e-04,1.1412261370631855e-05,-3.8410592336559621e-04,1.5645272990563379e-05,2.2503882791358597e-03,1.7841942913893365e-05,-4.0528289065173826e-04,1.1412261370631857e-05,-4.0528289065158262e-04,1.1412261371113721e-05,-4.0528289065158268e-04,1.1412261371113726e-05,2.3381217464900068e-03,1.0263093313630240e-05,4.7931689139913129e+02,-7.2064850755678309e+00,9.9737652313817463e+01,-6.8899877768029452e+00,1.0027768031026878e+02,-5.7099422979296470e+00,9.9737652313817478e+01,-6.8899877768029443e+00,4.7931689139913141e+02,-7.2064850755678309e+00,1.0027768031026879e+02,-5.7099422979296470e+00,1.0027768031022752e+02,-5.7099422980471877e+00,1.0027768031022748e+02,-5.7099422980471877e+00,4.6237974520841658e+02,-4.9879868428410603e+00,1.0592056934709594e-06,9.5311646599151246e-07,3.7102505049029424e-05,1.2703190042555057e-03,1.2697247256895476e-03,1.3257890317553824e-03,5.3258089946231565e-05,5.3233174833403299e-05,5.5583669351099042e-05,2.4982252838106014e-01,-9.5106397847175206e-01,2.5921865934932259e-01,-9.5026399542171058e-01,-3.2405074884239837e-01,-4.5048266689658711e-01
3.9416664276761853e+05,2.2508427196627542e-03,1.7679801172036446e-05,-3.8368195057440812e-04,1.5533717984356327e-05,-4.0497832923517201e-04,1.1317117498299083e-05,-3.8368195057440812e-04,1.5533717984356321e-05,2.2508427196627533e-03,1.7679801172036446e-05,-4.0497832923517212e-04,1.1317117498299080e-05,-4.0497832923344819e-04,1.1317117503477404e-05,-4.0497832923344808e-04,1.1317117503477401e-05,2.3383565620012435e-03,1.0113973506582419e-05,4.7913326474044470e+02,-7.1342324142796061e+00,9.9558403389506410e+01,-6.8250308171984999e+00,1.0013119973332394e+02,-5.6514242688470002e+00,9.9558403389506438e+01,-6.8250308171985008e+00,4.7913326474044464e+02,-7.1342324142796052e+00,1.0013119973332392e+02,-5.6514242688469993e+00,1.0013119973286889e+02,-5.6514242701045125e+00,1.0013119973286891e+02,-5.6514242701045116e+00,4.6225807092006147e+02,-4.9261382624764494e+00,1.0773371030438262e-06,9.5961452301945354e-07,3.8239829274394350e-05,1.3225369342951946e-03,1.3219236367676770e-03,1.3793128243111284e-03,5.3257478519400836e-05,5.3232781530567646e-05,5.5543797082258114e-05,-5.3211140311396576e-01,-8.2658033055449809e-01,-5.2501990933902576e-01,-8.3327663689302234e-01,-5.4240302417175867e-01,-5.3127287790030030e-02
4.1037402920646779e+05,2.2512929006920927e-03,1.7517608154554702e-05,-3.8326162802825470e-04,1.5420242382327203e-05,-4.0467676504123959e-04,1.1220935256328980e-05,-3.8326162802825470e-04,1.5420242382327203e-05,2.2512929006920927e-03,1.7517608154554695e-05,-4.0467676504123964e-04,1.1220935256328982e-05,-4.0467676504302044e-04,1.1220935250873556e-05,-4.0467676504302044e-04,1.1220935250873556e-05,2.3385879213274111e-03,9.9668074829847459e-06,4.7895163461345953e+02,-7.0619719345949230e+00,9.9381063830641750e+01,-6.7597962495162678e+00,9.9986392446000821e+01,-5.5928311215652329e+00,9.9381063830641736e+01,-6.7597962495162687e+00,4.7895163461345965e+02,-7.0619719345949230e+00,9.9986392446000806e+01,-5.5928311215652329e+00,9.9986392446476898e+01,-5.5928311202324261e+00,9.9986392446476913e+01,-5.5928311202324243e+00,4.6213799824349985e+02,-4.8646876249336550e+00,1.0961502444888614e-06,9.6621966383208665e-07,3.9407467833248423e-05,1.3769016781285434e-03,1.3762689878520945e-03,1.4350081549058175e-03,5.3256880074829886e-05,5.3232408385447422e-05,5.5504367832637141e-05,-9.7368930150569533e-01,-1.3315311413957046e-01,-9.7431033457475180e-01,-1.4321962053608228e-01,-3.7791555453035375e-01,3.7867541991617487e-01
4.2724783270520350e+05,2.2517389790721420e-03,1.7355351522711956e-05,-3.8284506853614338e-04,1.5304922343310277e-05,-4.0437828669383544e-04,1.1123770563815245e-05,-3.8284506853614343e-04,1.5304922343310277e-05,2.2517389790721420e-03,1.7355351522711963e-05,-4.0437828669383539e-04,1.1123770563815245e-05,-4.0437828669300207e-04,1.1123770566634624e-05,-4.0437828669300223e-04,1.1123770566634626e-05,2.3388160578299874e-03,9.8215390254442945e-06,4.7877197298188980e+02,-6.9897121815798071e+00,9.9205644401350710e+01,-6.6943054460604623e+00,9.9843262943027085e+01,-5.5341780556560112e+00,9.9205644401350696e+01,-6.6943054460604632e+00,4.7877197298189003e+02,-6.9897121815798089e+00,9.9843262943027113e+01,-5.5341780556560121e+00,9.9843262942784733e+01,-5.5341780563661933e+00,9.9843262942784733e+01,-5.5341780563661906e+00,4.6201948660010925e+02,-4.8036323121440709e+00,1.1156575016750349e-06,9.7292256462373149e-07,4.0606055266948011e-05,1.4335012804854849e-03,1.4328488214641905e-03,1.4929634770985002e-03,5.3256286063212241e-05,5.3232046430673645e-05,5.5465377743756283e-05,-7.1042959380250270e-01,6.7859597357304402e-01,-7.1904636095283225e-01,6.7272466962119315e-01,7.0916831854949833e-02,5.2009633410696399e-01
4.4481545507221454e+05,2.2521809595758943e-03,1.7193030079771335e-05,-3.8243233774657299e-04,1.5187830869120340e-05,-4.0408293266969738e-04,1.1025676709177813e-05,-3.8243233774657310e-04,1.5187830869120337e-05,2.2521809595758961e-03,1.7193030079771352e-05,-4.0408293266969722e-04,1.1025676709177823e-05,-4.0408293266161764e-04,1.1025676734749018e-05,-4.0408293266161829e-04,1.1025676734749007e-05,2.3390410388888826e-03,9.6781262965617415e-06,4.7859427941404368e+02,-6.9174642216835300e+00,9.9032154776897045e+01,-6.6285802039404720e+00,9.9701814957052747e+01,-5.4754808571024780e+00,9.9032154776897002e+01,-6.6285802039404684e+00,4.7859427941404425e+02,-6.9174642216835291e+00,9.9701814957052790e+01,-5.4754808571024807e+00,9.9701814954850491e+01,-5.4754808633954992e+00,9.9701814954850519e+01,-5.4754808633954903e+00,4.6190252362524183e+02,-4.7429726402837016e+00,1.1358833185494472e-06,9.7972727981740064e-07,4.1836251446568046e-05,1.4924279634303597e-03,1.4917553625932764e-03,1.5532713688836798e-03,5.3255708804686207e-05,5.3231707757266015e-05,5.5426841189568421e-05,1.2441272626331230e-01,9.7422001560391125e-01,1.1428795159382833e-01,9.7791358908155313e-01,4.5705674652528200e-01,2.3680290026821257e-01
4.6310542482639855e+05,2.2526187238375095e-03,1.7030655405334122e-05,-3.8202346061637094e-04,1.5069036254455883e-05,-4.0379069894999587e-04,1.0926703044401724e-05,-3.8202346061637089e-04,1.5069036254455876e-05,2.2526187238375082e-03,1.7030655405334118e-05,-4.0379069894999576e-04,1.0926703044401728e-05,-4.0379069895111601e-04,1.0926703041066402e-05,-4.0379069895111591e-04,1.0926703041066398e-05,2.3392627958403280e-03,9.5365441013125787e-06,4.7841857547539763e+02,-6.8452417641881977e+00,9.8860603031154554e+01,-6.5626424068311060e+00,9.9562051046652300e+01,-5.4167556463336641e+00,9.8860603031154554e+01,-6.5626424068311042e+00,4.7841857547539763e+02,-6.8452417641881986e+00,9.9562051046652329e+01,-5.4167556463336624e+00,9.9562051046951154e+01,-5.4167556455171821e+00,9.9562051046951154e+01,-5.4167556455171821e+00,4.6178711978891920e+02,-4.6827121241304219e+00,1.1568617701917961e-06,9.8664812318663331e-07,4.3098728531290104e-05,1.5537765324524482e-03,1.5530834226676693e-03,1.6160269516455759e-03,5.3255117752437003e-05,5.3231361670122195e-05,5.5388727917752102e-05,8.7534292896490673e-01,4.4465239263577744e-01,8.7275296817270698e-01,4.5548438586412177e-01,4.3833551366100199e-01,-2.4985740793977487e-01
4.8214744352536264e+05,2.2530520035074085e-03,1.6868260343137285e-05,-3.8161840762208595e-04,1.4948603958128904e-05,-4.0350152898250587e-04,1.0826900340071519e-05,-3.8161840762208606e-04,1.4948603958128895e-05,2.2530520035074090e-03,1.6868260343137289e-05,-4.0350152898250576e-04,1.0826900340071524e-05,-4.0350152898547593e-04,1.0826900332841794e-05,-4.0350152898547604e-04,1.0826900332841793e-05,2.3394810828050497e-03,9.3968040317863416e-06,4.7824490905955940e+02,-6.7730641687341926e+00,9.8690994118161711e+01,-6.4965160653060687e+00,9.9423972320182656e+01,-5.3580219610313886e+00,9.8690994118161711e+01,-6.4965160653060678e+00,4.7824490905955957e+02,-6.7730641687341917e+00,9.9423972320182685e+01,-5.3580219610313904e+00,9.9423972320917898e+01,-5.3580219593067557e+00,9.9423972320917926e+01,-5.3580219593067540e+00,4.6167331551331654e+02,-4.6228630603243870e+00,1.1786377294120743e-06,9.9371285595905671e-07,4.4394192069562351e-05,1.6176487062165761e-03,1.6169347335058567e-03,1.6813322001822384e-03,5.3254585192336600e-05,5.3231080509025640e-05,5.5351108400191817e-05,8.3987744454408386e-01,-5.0781959366650375e-01,8.4806401439945400e-01,-4.9973379223865050e-01,7.9783479804936656e-03,-4.9421284846107927e-01
5.0197243399855646e+05,2.2534811676764412e-03,1.6705812936023179e-05,-3.8121735510616219e-04,1.4826620598638754e-05,-4.0321557652164705e-04,1.0726326984634953e-05,-3.8121735510616230e-04,1.4826620598638751e-05,2.2534811676764421e-03,1.6705812936023192e-05,-4.0321557652164694e-04,1.0726326984634956e-05,-4.0321557652382619e-04,1.0726326980334122e-05,-4.0321557652382646e-04,1.0726326980334122e-05,2.3396963751417996e-03,9.2588061703552968e-06,4.7807321276961102e+02,-6.7009346772129375e+00,9.8523339175200746e+01,-6.4302216453357328e+00,9.9287582549336022e+01,-5.2992920593316946e+00,9.8523339175200746e+01,-6.4302216453357328e+00,4.7807321276961125e+02,-6.7009346772129357e+00,9.9287582549336037e+01,-5.2992920593316972e+00,9.9287582549845027e+01,-5.2992920583363174e+00,9.9287582549845041e+01,-5.2992920583363112e+00,4.6156102799328045e+02,-4.5634128453088820e+00,1.2012092181781291e-06,1.0008926313647858e-06,4.5723306843602179e-05,1.6841450416915853e-03,1.6834098453349718e-03,1.7492881856181095e-03,5.3254005958684889e-05,5.3230758465038758e-05,5.5313883991129256e-05,-2.7963297638065605e-02,-9.8071552142496543e-01,-1.6569695576685056e-02,-9.8409910988399452e-01,-4.2277605699596765e-01,-2.3553462537363651e-01
5.2261259056365868e+05,2.2539064179243245e-03,1.6543304798882654e-05,-3.8082041571706643e-04,1.4703166847435881e-05,-4.0293293309741856e-04,1.0625038970969180e-05,-3.8082041571706649e-04,1.4703166847435885e-05,2.2539064179243245e-03,1.6543304798882637e-05,-4.0293293309741856e-04,1.0625038970969178e-05,-4.0293293309619476e-04,1.0625038973780994e-05,-4.0293293309619455e-04,1.0625038973780994e-05,2.3399089527083115e-03,9.1224876589334610e-06,4.7790344802241873e+02,-6.6288619939111255e+00,9.8357644850770868e+01,-6.3637807627930103e+00,9.9152882694753387e+01,-5.2405804698506850e+00,9.8357644850770910e+01,-6.3637807627930103e+00,4.7790344802241850e+02,-6.6288619939111264e+00,9.9152882694753401e+01,-5.2405804698506824e+00,9.9152882694439469e+01,-5.2405804705281360e+00,9.9152882694439441e+01,-5.2405804705281360e+00,4.6145020675088631e+02,-4.5043569710219202e+00,1.2245868998766691e-06,1.0081731637798504e-06,4.7086765687874280e-05,1.7533738342880223e-03,1.7526170529746355e-03,1.8200036517059615e-03,5.3253396561104856e-05,5.3230411630792952e-05,5.5277074581367056e-05,-8.8589371286177176e-01,-4.2078866979732954e-01,-8.8380605787879862e-01,-4.3288404300611022e-01,-3.8705097816102835e-01,2.7292162556407867e-01
5.4410143130776740e+05,2.2543270205856629e-03,1.6380819684237304e-05,-3.8042739771655437e-04,1.4578291902312704e-05,-4.0265337822833266e-04,1.0523078195610898e-05,-3.8042739771655459e-04,1.4578291902312704e-05,2.2543270205856621e-03,1.6380819684237290e-05,-4.0265337822833266e-04,1.0523078195610894e-05,-4.0265337822267377e-04,1.0523078211539617e-05,-4.0265337822267366e-04,1.0523078211539615e-05,2.3401180413459674e-03,8.9879387921189455e-06,4.7773574479981454e+02,-6.5568769869634371e+00,9.8193907799257587e+01,-6.2972191166735847e+00,9.9019868605819411e+01,-5.1819106414645040e+00,9.8193907799257587e+01,-6.2972191166735838e+00,4.7773574479981465e+02,-6.5568769869634380e+00,9.9019868605819426e+01,-5.1819106414645058e+00,9.9019868604283516e+01,-5.1819106453809063e+00,9.9019868604283502e+01,-5.1819106453809063e+00,4.6134098067053986e+02,-4.4457244015399668e+00,1.2488511781207536e-06,1.0156230220020339e-06,4.8485333962839487e-05,1.8254503651437728e-03,1.8246716663944884e-03,1.8935939502855599e-03,5.3252845693018575e-05,5.3230129148581759e-05,5.5240760507803942e-05,-7.4944122249326162e-01,6.3203481090830127e-01,-7.6000410950465014e-01,6.2503317739429443e-01,9.7213882587852657e-02,4.5288371875359407e-01
5.6647385251829308e+05,2.2547433181599038e-03,1.6218324661123875e-05,-3.8003846661875792e-04,1.4452085198787178e-05,-4.0237705394626948e-04,1.0420502764677708e-05,-3.8003846661875798e-04,1.4452085198787171e-05,2.2547433181599043e-03,1.6218324661123865e-05,-4.0237705394626942e-04,1.0420502764677708e-05,-4.0237705395107948e-04,1.0420502751984363e-05,-4.0237705395107954e-04,1.0420502751984363e-05,2.3403240903654269e-03,8.8550504635008765e-06,4.7757003997697154e+02,-6.4849822357011915e+00,9.8032138052870721e+01,-6.2305570603277989e+00,9.8888542935402782e+01,-5.1232939896918719e+00,9.8032138052870721e+01,-6.2305570603277980e+00,4.7757003997697154e+02,-6.4849822357011915e+00,9.8888542935402768e+01,-5.1232939896918746e+00,9.8888542936671286e+01,-5.1232939865950105e+00,9.8888542936671314e+01,-5.1232939865950122e+00,4.6123327083468058e+02,-4.3875002027698633e+00,1.2740033736674813e-06,1.0232156586653103e-06,4.9919730341886016e-05,1.9004898535703995e-03,1.8996889030883249e-03,1.9701748100352601e-03,5.3252297163453449e-05,5.3229854290104493e-05,5.5204890597466016e-05,3.0910983894523347e-01,9.2995383134758169e-01,2.9844806374555577e-01,9.3753299443951277e-01,4.4809982026428191e-01,6.4884372114098351e-02
5.8976618535194790e+05,2.2551552553952601e-03,1.6055852770347452e-05,-3.7965363572870008e-04,1.4324616972103395e-05,-4.0210395624041667e-04,1.0317365306020235e-05,-3.7965363572870013e-04,1.4324616972103392e-05,2.2551552553952605e-03,1.6055852770347458e-05,-4.0210395624041672e-04,1.0317365306020234e-05,-4.0210395624014936e-04,1.0317365306748953e-05,-4.0210395624014930e-04,1.0317365306748950e-05,2.3405270754954942e-03,8.7238270840441573e-06,4.7740633920012556e+02,-6.4131962121884145e+00,9.7872335182327319e+01,-6.1638184070837525e+00,9.8758902517152407e+01,-5.0647494305337624e+00,9.7872335182327348e+01,-6.1638184070837534e+00,4.7740633920012556e+02,-6.4131962121884136e+00,9.8758902517152407e+01,-5.0647494305337615e+00,9.8758902517068861e+01,-5.0647494307241603e+00,9.8758902517068847e+01,-5.0647494307241594e+00,4.6112707727593090e+02,-4.3296947624495461e+00,1.3000732340400102e-06,1.0309593058098321e-06,5.1390695929739069e-05,1.9786142304968730e-03,1.9777907028862732e-03,2.0498685174116494e-03,5.3251754330781109e-05,5.3229590187145460e-05,5.5169468114153526e-05,9.7952825192168058e-01,9.6413386626757400e-03,9.8351073075573092e-01,2.2540290376665630e-02,1.9225075751728976e-01,-3.9835937192880727e-01
6.1401625483385567e+05,2.2555627948854730e-03,1.5893414950767210e-05,-3.7927293798439908e-04,1.4195962998070857e-05,-4.0183409417272984e-04,1.0213717735309273e-05,-3.7927293798439913e-04,1.4195962998070857e-05,2.2555627948854730e-03,1.5893414950767206e-05,-4.0183409417272984e-04,1.0213717735309274e-05,-4.0183409417408151e-04,1.0213717731403478e-05,-4.0183409417408151e-04,1.0213717731403475e-05,2.3407270116442076e-03,8.5942303924270460e-06,4.7724464651472192e+02,-6.3415316776206572e+00,9.7714502572525575e+01,-6.0970252844307407e+00,9.8630946096206287e+01,-5.0062923665932626e+00,9.7714502572525589e+01,-6.0970252844307407e+00,4.7724464651472186e+02,-6.3415316776206563e+00,9.8630946096206273e+01,-5.0062923665932626e+00,9.8630946096610700e+01,-5.0062923655994025e+00,9.8630946096610700e+01,-5.0062923655994016e+00,4.6102239409948959e+02,-4.2723084724336902e+00,1.3270908199482521e-06,1.0388614010483505e-06,5.2899003793890078e-05,2.0599502897471174e-03,2.0591038713650028e-03,2.1328022275423791e-03,5.3251216283421459e-05,5.3229335751373388e-05,5.5134491969980912e-05,2.7962625169518690e-01,-9.3837894997539595e-01,2.9354767284350514e-01,-9.3882289990673662e-01,-3.2917677609690665e-01,-2.7954568774289401e-01
6.3926344128259388e+05,2.2559660235304570e-03,1.5731027048328054e-05,-3.7889642788806351e-04,1.4066197157652018e-05,-4.0156750442808060e-04,1.0109609093922151e-05,-3.7889642788806351e-04,1.4066197157652013e-05,2.2559660235304570e-03,1.5731027048328054e-05,-4.0156750442808050e-04,1.0109609093922152e-05,-4.0156750443082006e-04,1.0109609088250093e-05,-4.0156750443081995e-04,1.0109609088250093e-05,2.3409240416185787e-03,8.4662248003352172e-06,4.7708494087312988e+02,-6.2700016137069925e+00,9.7558639516915605e+01,-6.0301990651554522e+00,9.8504669046671978e+01,-4.9479373654455081e+00,9.7558639516915619e+01,-6.0301990651554522e+00,4.7708494087312994e+02,-6.2700016137069943e+00,9.8504669046671978e+01,-4.9479373654455081e+00,9.8504669047272259e+01,-4.9479373641433364e+00,9.8504669047272259e+01,-4.9479373641433373e+00,4.6091919158621272e+02,-4.2153416511267974e+00,1.3550772401026369e-06,1.0469151871603334e-06,5.4445401274653742e-05,2.1446299560080335e-03,2.1437603368134857e-03,2.2191082679511634e-03,5.3250680172526307e-05,5.3229087723222405e-05,5.5099959931937821e-05,-8.5114327078913732e-01,-4.8316623777365542e-01,-8.4853349821436030e-01,-4.9729491273201853e-01,-3.3137141397214115e-01,2.6031050710325454e-01
6.6554874426091893e+05,2.2563648653025929e-03,1.5568714327640401e-05,-3.7852411711268764e-04,1.3935392548043731e-05,-4.0130417955401771e-04,1.0005092305113421e-05,-3.7852411711268764e-04,1.3935392548043729e-05,2.2563648653025920e-03,1.5568714327640385e-05,-4.0130417955401760e-04,1.0005092305113414e-05,-4.0130417955342622e-04,1.0005092301864892e-05,-4.0130417955342601e-04,1.0005092301864880e-05,2.3411181233726633e-03,8.3397988404520524e-06,4.7692723235283688e+02,-6.1986222002017346e+00,9.7404746804833252e+01,-5.9633628196818744e+00,9.8380069104609206e+01,-4.8897019557665002e+00,9.7404746804833195e+01,-5.9633628196818727e+00,4.7692723235283700e+02,-6.1986222002017337e+00,9.8380069104609220e+01,-4.8897019557664985e+00,9.8380069104743797e+01,-4.8897019548689116e+00,9.8380069104743825e+01,-4.8897019548689142e+00,4.6081747334708308e+02,-4.1588008541368406e+00,1.3840650725663967e-06,1.0551324437225997e-06,5.6030697092549555e-05,2.2327907950263877e-03,2.2318976818357346e-03,2.3089245936997777e-03,5.3250148662756849e-05,5.3228848677876543e-05,5.5065874572523731e-05,-6.2100338302074298e-01,7.5588901113492424e-01,-6.3496278936787187e-01,7.5092029060757315e-01,2.0442934097451679e-01,3.5645761464883013e-01
6.9291484915601776e+05,2.2567592145131257e-03,1.5406501121702062e-05,-3.7815600480792884e-04,1.3803627071584614e-05,-4.0104409755230356e-04,9.9002225724915534e-06,-3.7815600480792862e-04,1.3803627071584589e-05,2.2567592145131274e-03,1.5406501121702129e-05,-4.0104409755230361e-04,9.9002225724915788e-06,-4.0104409752341716e-04,9.9002226613353281e-06,-4.0104409752341743e-04,9.9002226613353450e-06,2.3413091880730976e-03,8.2149334438169415e-06,4.7677153605733275e+02,-6.1274101807093979e+00,9.7252824180770560e+01,-5.8965410135500864e+00,9.8257142542334677e+01,-4.8316043033913969e+00,9.7252824180770688e+01,-5.8965410135500935e+00,4.7677153605733258e+02,-6.1274101807094050e+00,9.8257142542334634e+01,-4.8316043033914031e+00,9.8257142533953029e+01,-4.8316043251349212e+00,9.8257142533952944e+01,-4.8316043251349132e+00,4.6071724679409817e+02,-4.1026915918779681e+00,1.4140906159658404e-06,1.0635285345165309e-06,5.7655732275903945e-05,2.3245758221714856e-03,2.3236589392007559e-03,2.4023944495459304e-03,5.3249619389451991e-05,5.3228616129953913e-05,5.5032229468063167e-05,6.8007773454768039e-01,7.0256380873562052e-01,6.7351864691398677e-01,7.1636159512659936e-01,3.6340633378573145e-01,-1.6822410350012915e-01
7.2140619649742485e+05,2.2571491024995214e-03,1.5244414542823677e-05,-3.7779210989806163e-04,1.3670951166922695e-05,-4.0078726271561152e-04,9.7950271677991775e-06,-3.7779210989806239e-04,1.3670951166922749e-05,2.2571491024995119e-03,1.5244414542823455e-05,-4.0078726271561120e-04,9.7950271677990894e-06,-4.0078726285311167e-04,9.7950267659422460e-06,-4.0078726285311064e-04,9.7950267659421698e-06,2.3414973073098513e-03,8.0916076815224668e-06,4.7661783715152166e+02,-6.0563756128287585e+00,9.7102864022629916e+01,-5.8297470465960872e+00,9.8135879401693970e+01,-4.7736518971793309e+00,9.7102864022629490e+01,-5.8297470465960606e+00,4.7661783715152245e+02,-6.0563756128287407e+00,9.8135879401694098e+01,-4.7736518971793140e+00,9.8135879440518465e+01,-4.7736517991099063e+00,9.8135879440518764e+01,-4.7736517991099330e+00,4.6061849151414987e+02,-4.0470124432724131e+00,1.4451781601610649e-06,1.0720964056699233e-06,5.9321232824308671e-05,2.4201347111265639e-03,2.4191937874465802e-03,2.4996681914525340e-03,5.3249107393028326e-05,5.3228404683442063e-05,5.4999045863704402e-05,7.3788974875782898e-01,-6.4084104632684391e-01,7.5181708450629769e-01,-6.3348989575846104e-01,-1.5429486226660827e-01,-3.5818721666091180e-01
7.5106905412514985e+05,2.2575352486267769e-03,1.5082428506440923e-05,-3.7743269218333726e-04,1.3537495160122666e-05,-4.0053392659420258e-04,9.6895982716504583e-06,-3.7743269218333710e-04,1.3537495160122653e-05,2.2575352486267791e-03,1.5082428506440997e-05,-4.0053392659420269e-04,9.6895982716504871e-06,-4.0053392657096948e-04,9.6895983601517099e-06,-4.0053392657096954e-04,9.6895983601517319e-06,2.3416833280343343e-03,7.9697067587600650e-06,4.7646600373739597e+02,-5.9855298123103609e+00,9.6954875449535550e+01,-5.7630150075852100e+00,9.8016282119416374e+01,-4.7158681547793373e+00,9.6954875449535677e+01,-5.7630150075852145e+00,4.7646600373739574e+02,-5.9855298123103680e+00,9.8016282119416331e+01,-4.7158681547793417e+00,9.8016282111875839e+01,-4.7158681763516350e+00,9.8016282111875782e+01,-4.7158681763516279e+00,4.6052106066233119e+02,-3.9917545251417721e+00,1.4773079785792343e-06,1.0807808820069084e-06,6.1028104933476607e-05,2.5196188576084048e-03,2.5186536141122489e-03,2.6008974171025435e-03,5.3248532284584969e-05,5.3228133247122489e-05,5.4966238113861170e-05,-6.4660798627840832e-01,-7.3217682002676310e-01,-6.3932606214813925e-01,-7.4668208185715679e-01,-3.4298370895809260e-01,1.6261790692636649e-01
7.8195159232522745e+05,2.2579167526931817e-03,1.4920639788733966e-05,-3.7707747471432348e-04,1.3403268285906390e-05,-4.0028379059352926e-04,9.5839442905248235e-06,-3.7707747471432375e-04,1.3403268285906391e-05,2.2579167526931791e-03,1.4920639788733890e-05,-4.0028379059352904e-04,9.5839442905247964e-06,-4.0028379063403456e-04,9.5839441585497567e-06,-4.0028379063403418e-04,9.5839441585497296e-06,2.3418662680188742e-03,7.8493486779549092e-06,4.7631618895037531e+02,-5.9148968131064255e+00,9.6808842026289426e+01,-5.6963560479552422e+00,9.7898337275011912e+01,-4.6582646100116172e+00,9.6808842026289312e+01,-5.6963560479552351e+00,4.7631618895037559e+02,-5.9148968131064183e+00,9.7898337275011968e+01,-4.6582646100116136e+00,9.7898337287228870e+01,-4.6582645777437355e+00,9.7898337287228941e+01,-4.6582645777437426e+00,4.6042511398625345e+02,-3.9369443746979362e+00,1.5105700330265469e-06,1.0896647944765078e-06,6.2777168399655899e-05,2.6231949243700711e-03,2.6222051291111314e-03,2.7062493615968922e-03,5.3248006693034943e-05,5.3227914924755312e-05,5.4933921524698486e-05,-6.8253651516668301e-01,6.9808429038401287e-01,-6.9806748297873322e-01,6.9188240353572283e-01,1.9113091767823454e-01,3.1586272549189048e-01
8.1410396205469768e+05,2.2582929689906796e-03,1.4759078164604547e-05,-3.7672630809208415e-04,1.3268360948027300e-05,-4.0003666714428636e-04,9.4781264078237833e-06,-3.7672630809208399e-04,1.3268360948027298e-05,2.2582929689906809e-03,1.4759078164604613e-05,-4.0003666714428626e-04,9.4781264078238087e-06,-4.0003666711900472e-04,9.4781265083838414e-06,-4.0003666711900483e-04,9.4781265083838685e-06,2.3420454881552697e-03,7.7305043762888803e-06,4.7616850992744298e+02,-5.8444985226724500e+00,9.6664766398913187e+01,-5.6298007660785032e+00,9.7782043116218063e+01,-4.6008633119245648e+00,9.6664766398913287e+01,-5.6298007660785059e+00,4.7616850992744281e+02,-5.8444985226724562e+00,9.7782043116218105e+01,-4.6008633119245710e+00,9.7782043107653834e+01,-4.6008633365542266e+00,9.7782043107653791e+01,-4.6008633365542231e+00,4.6033075842466167e+02,-3.8825881615423290e+00,1.5450448189364686e-06,1.0988068777511376e-06,6.4569428037662333e-05,2.7310295346988540e-03,2.7300150093962196e-03,2.8158901082173571e-03,5.3247495848431501e-05,5.3227715420884383e-05,5.4902041498235414e-05,7.8655108512326943e-01,5.7747082593925392e-01,7.8267442661603770e-01,5.9425575388943985e-01,2.7126518995988164e-01,-2.3489785187016402e-01
8.4757837638304965e+05,2.2586651406750298e-03,1.4597734438340842e-05,-3.7637953561993250e-04,1.3132839721931964e-05,-3.9979292057075466e-04,9.3721811650670935e-06,-3.7637953561993240e-04,1.3132839721931964e-05,2.2586651406750315e-03,1.4597734438340894e-05,-3.9979292057075471e-04,9.3721811650670986e-06,-3.9979292055168240e-04,9.3721812203441756e-06,-3.9979292055168273e-04,9.3721812203441909e-06,2.3422223588362339e-03,7.6130921374729220e-06,4.7602272464379809e+02,-5.7743338690104418e+00,9.6522634972410785e+01,-5.5633592027859686e+00,9.7667384279163457e+01,-4.5436672874684891e+00,9.6522634972410742e+01,-5.5633592027859686e+00,4.7602272464379820e+02,-5.7743338690104489e+00,9.7667384279163443e+01,-4.5436672874684936e+00,9.7667384273967357e+01,-4.5436673006974386e+00,9.7667384273967329e+01,-4.5436673006974369e+00,4.6023774700768752e+02,-3.8286703546635814e+00,1.5806691821628783e-06,1.1080925222796755e-06,6.6405541938497169e-05,2.8432976202376068e-03,2.8422581350245522e-03,2.9299960629719651e-03,5.3246996191978387e-05,5.3227529547056240e-05,5.4870615055254836e-05,3.9951818216664214e-01,-8.8963150328466878e-01,4.1725981555963715e-01,-8.8956662193150593e-01,-2.8431663144777725e-01,-2.0158145542653794e-01
8.8242919528238312e+05,2.2590339418195322e-03,1.4436607555569272e-05,-3.7603740442462299e-04,1.2996819462787450e-05,-3.9955279519221688e-04,9.2661975784640070e-06,-3.7603740442462315e-04,1.2996819462787441e-05,2.2590339418195309e-03,1.4436607555569257e-05,-3.9955279519221677e-04,9.2661975784640053e-06,-3.9955279517561037e-04,9.2661976306042652e-06,-3.9955279517561021e-04,9.2661976306042602e-06,2.3423976573104647e-03,7.4970586872258558e-06,4.7587870949478031e+02,-5.7044176405031610e+00,9.6382456811853530e+01,-5.4970630331838679e+00,9.7554365202001961e+01,-4.4867013773327837e+00,9.6382456811853586e+01,-5.4970630331838679e+00,4.7587870949478031e+02,-5.7044176405031610e+00,9.7554365202001946e+01,-4.4867013773327837e+00,9.7554365196999257e+01,-4.4867013899809187e+00,9.7554365196999299e+01,-4.4867013899809205e+00,4.6014594625327351e+02,-3.7751939231784091e+00,1.6174255252307853e-06,1.1174939954614881e-06,6.8286608373828070e-05,2.9601778458565636e-03,2.9591131800952050e-03,3.0487465566387058e-03,5.3246442319513737e-05,5.3227291556619170e-05,5.4839579284772794e-05,-9.6543137938816692e-01,-1.3376152447480569e-01,-9.7070552851376157e-01,-1.5125214006310689e-01,-1.0081987127718621e-01,3.2290093932441993e-01
9.1871301390398084e+05,2.2593968070410697e-03,1.4275820862437852e-05,-3.7569913579954967e-04,1.2860290963439705e-05,-3.9931544592632377e-04,9.1601557395110197e-06,-3.7569913579954967e-04,1.2860290963439708e-05,2.2593968070410697e-03,1.4275820862437835e-05,-3.9931544592632377e-04,9.1601557395110180e-06,-3.9931544592527156e-04,9.1601557446491605e-06,-3.9931544592527145e-04,9.1601557446491520e-06,2.3425686185883986e-03,7.3825233479342080e-06,4.7573692221713225e+02,-5.6347812637208294e+00,9.6244208056072907e+01,-5.4309240679275730e+00,9.7442965057054693e+01,-4.4299740542233410e+00,9.6244208056072935e+01,-5.4309240679275730e+00,4.7573692221713225e+02,-5.6347812637208268e+00,9.7442965057054693e+01,-4.4299740542233437e+00,9.7442965056803175e+01,-4.4299740552118312e+00,9.7442965056803203e+01,-4.4299740552118303e+00,4.6005581900850723e+02,-3.7221843966277213e+00,1.6555319376639466e-06,1.1272028442081763e-06,7.0213485752289426e-05,3.0818663534919583e-03,3.0807764068501459e-03,3.1723365171132888e-03,5.3245951585223890e-05,5.3227120383781737e-05,5.4809020647784138e-05,2.1547990172062376e-01,9.4993149124596066e-01,2.0069017363788813e-01,9.6154691134166248e-01,3.2680751200446095e-01,-2.8925120381720165e-02
9.5648875448464719e+05,2.2597555685721481e-03,1.4115341995981688e-05,-3.7536528001123442e-04,1.2723371120023134e-05,-3.9908145262113087e-04,9.0541381456091150e-06,-3.7536528001123448e-04,1.2723371120023123e-05,2.2597555685721473e-03,1.4115341995981698e-05,-3.9908145262113081e-04,9.0541381456091133e-06,-3.9908145263385658e-04,9.0541381222083170e-06,-3.9908145263385653e-04,9.0541381222083221e-06,2.3427372661097966e-03,7.2693714737347600e-06,4.7559702019484536e+02,-5.5654266958652636e+00,9.6107889177759134e+01,-5.3649661350607234e+00,9.7333179886256232e+01,-4.3735007834614255e+00,9.6107889177759176e+01,-5.3649661350607234e+00,4.7559702019484536e+02,-5.5654266958652663e+00,9.7333179886256218e+01,-4.3735007834614255e+00,9.7333179889289042e+01,-4.3735007776528150e+00,9.7333179889288999e+01,-4.3735007776528168e+00,4.5996701240531371e+02,-3.6696275524154851e+00,1.6948863847521509e-06,1.1370804763723777e-06,7.2187114368470456e-05,3.2085567232430969e-03,3.2074413388224034e-03,3.3009610424609552e-03,5.3245451373048770e-05,5.3226941758896068e-05,5.4778885284293785e-05,7.6711312665502551e-01,-5.9929479639454564e-01,7.8451781250930863e-01,-5.9082849405886051e-01,-1.6865929957510620e-01,-2.6954911611709248e-01
9.9581776203206077e+05,2.2601111024902103e-03,1.3955182615016465e-05,-3.7503609049025622e-04,1.2586141932080625e-05,-3.9885108187025134e-04,8.9482001388620784e-06,-3.7503609049025622e-04,1.2586141932080620e-05,2.2601111024902094e-03,1.3955182615016463e-05,-3.9885108187025123e-04,8.9482001388620784e-06,-3.9885108187444010e-04,8.9482001314568319e-06,-3.9885108187444015e-04,8.9482001314568352e-06,2.3429045701554977e-03,7.1575573532464244e-06,4.7545883424314178e+02,-5.4963636210472506e+00,9.5973493604513564e+01,-5.2992092035772727e+00,9.7225001457260618e+01,-4.3172951069659300e+00,9.5973493604513564e+01,-5.2992092035772744e+00,4.7545883424314184e+02,-5.4963636210472524e+00,9.7225001457260618e+01,-4.3172951069659300e+00,9.7225001458251711e+01,-4.3172951051029003e+00,9.7225001458251654e+01,-4.3172951051029003e+00,4.5987935290811885e+02,-3.6175208920086881e+00,1.7354566949699169e-06,1.1470580005632766e-06,7.4208424182030909e-05,3.3404526961138214e-03,3.3393116909926340e-03,3.4348250552412463e-03,5.3244912496122039e-05,5.3226725524665772e-05,5.4749154124700741e-05,-9.0167323706951352e-01,-3.6521569064735643e-01,-9.0330852817136109e-01,-3.8506460056191821e-01,-1.3606615902062180e-01,2.7623347964995887e-01
1.0367639039445297e+06,2.2604607398900621e-03,1.3795438308097520e-05,-3.7471079238217343e-04,1.2448620014653107e-05,-3.9862348351692666e-04,8.8423476107849299e-06,-3.7471079238217349e-04,1.2448620014653114e-05,2.2604607398900617e-03,1.3795438308097517e-05,-3.9862348351692666e-04,8.8423476107849316e-06,-3.9862348352681269e-04,8.8423475899343940e-06,-3.9862348352681269e-04,8.8423475899343940e-06,2.3430676693700307e-03,7.0471707113492802e-06,4.7532284613570346e+02,-5.4276216481920141e+00,9.5841007276712517e+01,-5.2336710585272010e+00,9.7118417162206796e+01,-4.2613711573219311e+00,9.5841007276712531e+01,-5.2336710585272002e+00,4.7532284613570323e+02,-5.4276216481920150e+00,9.7118417162206825e+01,-4.2613711573219302e+00,9.7118417164723851e+01,-4.2613711522912743e+00,9.7118417164723851e+01,-4.2613711522912743e+00,4.5979332439929101e+02,-3.5658879761250959e+00,1.7774701334769042e-06,1.1573574855495653e-06,7.6278513580715354e-05,3.4777739511800505e-03,3.4766073226139903e-03,3.5741463604224573e-03,5.3244425052860944e-05,5.3226564068184510e-05,5.4719878487472439e-05,2.1597712172832115e-01,9.4788691549234894e-01,2.0035084329392761e-01,9.6113753645275946e-01,2.9300182679061804e-01,-5.4203917714659287e-02
1.0793936737269145e+06,2.2608070188486779e-03,1.3636092701980596e-05,-3.7439010683637514e-04,1.2310913751733985e-05,-3.9839943633143812e-04,8.7366552585569384e-06,-3.7439010683637519e-04,1.2310913751733980e-05,2.2608070188486775e-03,1.3636092701980598e-05,-3.9839943633143801e-04,8.7366552585569435e-06,-3.9839943633154736e-04,8.7366552573257438e-06,-3.9839943633154725e-04,8.7366552573257421e-06,2.3432293244220739e-03,6.9381159941869943e-06,4.7518858002767331e+02,-5.3592031550721888e+00,9.5710423573106340e+01,-5.1683724626882883e+00,9.7013417913472637e+01,-4.2057421916820212e+00,9.5710423573106340e+01,-5.1683724626882874e+00,4.7518858002767325e+02,-5.3592031550721915e+00,9.7013417913472651e+01,-4.2057421916820221e+00,9.7013417913580867e+01,-4.2057421913302875e+00,9.7013417913580867e+01,-4.2057421913302875e+00,4.5970844475806757e+02,-3.5147165349799065e+00,1.8207749932052304e-06,1.1677754318357407e-06,7.8398301345694130e-05,3.6207380330792360e-03,3.6195456477753894e-03,3.7191451773167668e-03,5.3243904461335578e-05,5.3226370122032627e-05,5.4691007382957332e-05,5.8665433892793839e-01,-7.7438620140415027e-01,6.0746861929165918e-01,-7.7109594796025394e-01,-2.2811355990434151e-01,-1.7599446041213807e-01
1.1237762989711692e+06,2.2611472269734928e-03,1.3477226618939748e-05,-3.7407324737255717e-04,1.2173039472116512e-05,-3.9817807479368894e-04,8.6311254871792322e-06,-3.7407324737255706e-04,1.2173039472116512e-05,2.2611472269734923e-03,1.3477226618939744e-05,-3.9817807479368888e-04,8.6311254871792322e-06,-3.9817807480441809e-04,8.6311254635278125e-06,-3.9817807480441804e-04,8.6311254635278159e-06,2.3433866354743973e-03,6.8304560612456944e-06,4.7505652516709404e+02,-5.2911332412776657e+00,9.5581727984476103e+01,-5.1033287960637157e+00,9.6909990080707573e+01,-4.1504190442943667e+00,9.5581727984476075e+01,-5.1033287960637148e+00,4.7505652516709409e+02,-5.2911332412776675e+00,9.6909990080707558e+01,-4.1504190442943658e+00,9.6909990083472437e+01,-4.1504190386265103e+00,9.6909990083472408e+01,-4.1504190386265094e+00,4.5962520379927804e+02,-3.4640232892887273e+00,1.8656026062813972e-06,1.1785314407576739e-06,8.0568892007478276e-05,3.7695830952577760e-03,3.7683650196715687e-03,3.8700574630753056e-03,5.3243440698639662e-05,5.3226236001567920e-05,5.4662589954523120e-05,-9.6084937267914594e-01,1.3879332773915268e-01,-9.7391664144111334e-01,1.2150920692561855e-01,4.6397807819545930e-02,2.7446272447407088e-01
1.1699838537768237e+06,2.2614859299009502e-03,1.3318791493682895e-05,-3.7376151254379903e-04,1.2035139305177847e-05,-3.9796081137766318e-04,8.5258616075492375e-06,-3.7376151254379903e-04,1.2035139305177844e-05,2.2614859299009507e-03,1.3318791493682896e-05,-3.9796081137766334e-04,8.5258616075492375e-06,-3.9796081137811155e-04,8.5258616046819818e-06,-3.9796081137811150e-04,8.5258616046819801e-06,2.3435445397386014e-03,6.7240469490816627e-06,4.7492583303781595e+02,-5.2234067566328202e+00,9.5454916308231972e+01,-5.0385631147892989e+00,9.6808126556049800e+01,-4.0954168707112188e+00,9.5454916308232001e+01,-5.0385631147892997e+00,4.7492583303781595e+02,-5.2234067566328211e+00,9.6808126556049828e+01,-4.0954168707112188e+00,9.6808126556279021e+01,-4.0954168699883837e+00,9.6808126556279007e+01,-4.0954168699883837e+00,4.5954274600988037e+02,-3.4137876942330716e+00,1.9116548218564352e-06,1.1892651053478031e-06,8.2791232278190091e-05,3.9245401525712150e-03,3.9232961954588910e-03,4.0271189519818949e-03,5.3242883569117187e-05,5.3226007231732013e-05,5.4634534784637159e-05,8.3280172864309676e-01,4.9755352420890686e-01,8.3230478677707764e-01,5.1982562131192089e-01,1.2435251288801562e-01,-2.3820373353207436e-01
1.2180913757939884e+06,2.2618157772532317e-03,1.3160950426058350e-05,-3.7345278185405196e-04,1.1897149510122412e-05,-3.9774532718773504e-04,8.4208035554785984e-06,-3.7345278185405191e-04,1.1897149510122402e-05,2.2618157772532317e-03,1.3160950426058362e-05,-3.9774532718773510e-04,8.4208035554785798e-06,-3.9774532717287177e-04,8.4208035987155324e-06,-3.9774532717287209e-04,8.4208035987155307e-06,2.3436951338713040e-03,6.6190876461000991e-06,4.7479784500629199e+02,-5.1560680888753732e+00,9.5329966312110486e+01,-4.9740859619604647e+00,9.6707809366994326e+01,-4.0407443582459530e+00,9.5329966312110585e+01,-4.9740859619604700e+00,4.7479784500629245e+02,-5.1560680888753652e+00,9.6707809366994312e+01,-4.0407443582459459e+00,9.6707809362525083e+01,-4.0407443688630398e+00,9.6707809362525154e+01,-4.0407443688630416e+00,4.5946242024843718e+02,-3.3640514406509845e+00,1.9595014946724249e-06,1.2005666413053124e-06,8.5066593962379608e-05,4.0858781747129449e-03,4.0846086572712773e-03,4.1905917900792655e-03,5.3242471244001452e-05,5.3225928350897084e-05,5.4606978803111057e-05,-4.2299380005318210e-01,-8.7221905347010875e-01,-4.1024557416368052e-01,-8.9123682866891307e-01,-2.2191885926365831e-01,1.3388418484411591e-01
1.2681769880789472e+06,2.2621437746269272e-03,1.3003614040389553e-05,-3.7314903860837802e-04,1.1759241441442198e-05,-3.9753378316943164e-04,8.3160727211432853e-06,-3.7314903860837802e-04,1.1759241441442189e-05,2.2621437746269263e-03,1.3003614040389557e-05,-3.9753378316943159e-04,8.3160727211432853e-06,-3.9753378316400803e-04,8.3160727230215724e-06,-3.9753378316400814e-04,8.3160727230215690e-06,2.3438459877437798e-03,6.5153575901589457e-06,4.7467126186178956e+02,-5.0890994951796893e+00,9.5206872955556037e+01,-4.9099182580656739e+00,9.6609028946154993e+01,-3.9864127225995141e+00,9.5206872955555994e+01,-4.9099182580656731e+00,4.7467126186178962e+02,-5.0890994951796911e+00,9.6609028946155021e+01,-3.9864127225995163e+00,9.6609028945208706e+01,-3.9864127230932200e+00,9.6609028945208749e+01,-3.9864127230932209e+00,4.5938291644975413e+02,-3.3147769128773104e+00,2.0086686056280168e-06,1.2118679188657317e-06,8.7395830102886005e-05,4.2538426431612810e-03,4.2525474466535819e-03,4.3607287825017807e-03,5.3241981734141105e-05,5.3225770784515145e-05,5.4579790947076769e-05,-2.3231102938712021e-02,9.6834115375659180e-01,-4.3681268081440822e-02,9.7997508934973898e-01,2.4847726013253418e-01,-2.5381852990860647e-02
1.3203220259602196e+06,2.2624688861507670e-03,1.2846843820179348e-05,-3.7284997675936097e-04,1.1621467346007762e-05,-3.9732584807117207e-04,8.2117104738627978e-06,-3.7284997675936097e-04,1.1621467346007763e-05,2.2624688861507666e-03,1.2846843820179345e-05,-3.9732584807117207e-04,8.2117104738627995e-06,-3.9732584807980774e-04,8.2117104558013940e-06,-3.9732584807980774e-04,8.2117104558013990e-06,2.3439959794249840e-03,6.4129097760033178e-06,4.7454626656354424e+02,-5.0225243370332873e+00,9.5085626003511138e+01,-4.8460818749779166e+00,9.6511777459224703e+01,-3.9324409805237659e+00,9.5085626003511166e+01,-4.8460818749779193e+00,4.7454626656354418e+02,-5.0225243370332882e+00,9.6511777459224717e+01,-3.9324409805237659e+00,9.6511777461423549e+01,-3.9324409761954882e+00,9.6511777461423534e+01,-3.9324409761954877e+00,4.5930442226015629e+02,-3.2659835357342355e+00,2.0592679642309827e-06,1.2232841215389420e-06,8.9780281234042657e-05,4.4287082320274120e-03,4.4273873647204271e-03,4.5378039967926111e-03,5.3241448313836779e-05,5.3225568990844647e-05,5.4552985723097495e-05,3.6794249975719084e-01,-8.9517413260561962e-01,3.9179282617032024e-01,-8.9911564204626315e-01,-2.3420862222318042e-01,-5.4621628989141031e-02
1.3746111691211173e+06,2.2627888342002913e-03,1.2690702364091258e-05,-3.7255491546229146e-04,1.1483837620756886e-05,-3.9712077172785999e-04,8.1077056028131543e-06,-3.7255491546229146e-04,1.1483837620756884e-05,2.2627888342002908e-03,1.2690702364091257e-05,-3.9712077172786005e-04,8.1077056028131509e-06,-3.9712077172202672e-04,8.1077056147090086e-06,-3.9712077172202672e-04,8.1077056147090070e-06,2.3441426869388843e-03,6.3117619377949834e-06,4.7442326503739361e+02,-4.9563592476926690e+00,9.4966205425276740e+01,-4.7825855688328840e+00,9.6416035034440895e+01,-3.8788315847357069e+00,9.4966205425276740e+01,-4.7825855688328849e+00,4.7442326503739372e+02,-4.9563592476926699e+00,9.6416035034440867e+01,-3.8788315847357078e+00,9.6416035032973056e+01,-3.8788315875785777e+00,9.6416035032973028e+01,-3.8788315875785777e+00,4.5922734167748769e+02,-3.2176747176808571e+00,2.1115018549503796e-06,1.2349711411394522e-06,9.2220994597363895e-05,4.6107645826263446e-03,4.6094182259682369e-03,4.7221050158982548e-03,5.3240943115460299e-05,5.3225396605339708e-05,5.4526601831721177e-05,-5.7893217116047180e-01,7.7459923789776775e-01,-6.0369322542359327e-01,7.7272778717999746e-01,2.0878874317561005e-01,9.9661157484497526e-02
1.4311325791132837e+06,2.2631010327816845e-03,1.2535262475977528e-05,-3.7226309318209210e-04,1.1346369039793226e-05,-3.9691772304453640e-04,8.0040643194464956e-06,-3.7226309318209210e-04,1.1346369039793227e-05,2.2631010327816845e-03,1.2535262475977540e-05,-3.9691772304453635e-04,8.0040643194464939e-06,-3.9691772304189913e-04,8.0040643245923936e-06,-3.9691772304189908e-04,8.0040643245923936e-06,2.3442833309508643e-03,6.2119759067378653e-06,4.7430272215294161e+02,-4.8906269150411950e+00,9.4848594140643655e+01,-4.7194435647164923e+00,9.6321787088625499e+01,-3.8255953351583685e+00,9.4848594140643669e+01,-4.7194435647164923e+00,4.7430272215294161e+02,-4.8906269150411958e+00,9.6321787088625499e+01,-3.8255953351583680e+00,9.6321787087977839e+01,-3.8255953363817747e+00,9.6321787087977853e+01,-3.8255953363817752e+00,4.5915214362038171e+02,-3.1698670535279843e+00,2.1655963198322954e-06,1.2471474186593171e-06,9.4719260465594160e-05,4.8003143179381480e-03,4.7989428940405981e-03,4.9139319025993588e-03,5.3240541851994119e-05,5.3225331316479493e-05,5.4500680536803387e-05,6.7589739009959116e-01,-6.9045246940191796e-01,7.0091001513963602e-01,-6.8549783709865819e-01,-1.9047781833491897e-01,-1.1472683515855722e-01
1.4899780425245308e+06,2.2634136983221958e-03,1.2380440726342586e-05,-3.7197683396953432e-04,1.1209249942122201e-05,-3.9671924559352644e-04,7.9009291064032744e-06,-3.7197683396953437e-04,1.1209249942122201e-05,2.2634136983221954e-03,1.2380440726342582e-05,-3.9671924559352644e-04,7.9009291064032778e-06,-3.9671924559458001e-04,7.9009291043148741e-06,-3.9671924559457990e-04,7.9009291043148690e-06,2.3444267576337987e-03,6.1133515607406662e-06,4.7418311827569465e+02,-4.8253124893224832e+00,9.4732790038574976e+01,-4.6566814150251616e+00,9.6229028519319712e+01,-3.7727498292970569e+00,9.4732790038574947e+01,-4.6566814150251616e+00,4.7418311827569471e+02,-4.8253124893224832e+00,9.6229028519319726e+01,-3.7727498292970565e+00,9.6229028519581092e+01,-3.7727498287998125e+00,9.6229028519581092e+01,-3.7727498287998125e+00,4.5907730159152857e+02,-3.1225302107286388e+00,2.2209925010752896e-06,1.2591710099939465e-06,9.7276181342200596e-05,4.9976434072830844e-03,4.9962467906907631e-03,5.1135800498379224e-03,5.3240001196190843e-05,5.3225123010016642e-05,5.4475076707842338e-05,-6.8178110244944246e-01,6.8344430709630899e-01,-7.0748198963378783e-01,6.7844274599823451e-01,1.8584890753641442e-01,1.0511604322850698e-01
1.5512431200334697e+06,2.2637196360194688e-03,1.2226373232252478e-05,-3.7169405007724741e-04,1.1072414526060733e-05,-3.9652305646949984e-04,7.7982340469271370e-06,-3.7169405007724741e-04,1.1072414526060745e-05,2.2637196360194688e-03,1.2226373232252483e-05,-3.9652305646949957e-04,7.7982340469271370e-06,-3.9652305646890244e-04,7.7982340481903918e-06,-3.9652305646890233e-04,7.7982340481903935e-06,2.3445652367310907e-03,6.0160438061585175e-06,4.7406576336767830e+02,-4.7604513513026214e+00,9.4618766658297531e+01,-4.5943043131821719e+00,9.6137736999254315e+01,-3.7202975423626103e+00,9.4618766658297488e+01,-4.5943043131821710e+00,4.7406576336767830e+02,-4.7604513513026214e+00,9.6137736999254287e+01,-3.7202975423626112e+00,9.6137736999103851e+01,-3.7202975426650862e+00,9.6137736999103822e+01,-3.7202975426650853e+00,4.5900413213100506e+02,-3.0756941974314294e+00,2.2782525032589524e-06,1.2716055837844610e-06,9.9893085765871578e-05,5.2030911998673110e-03,5.2016698240762950e-03,5.3213811929489156e-03,5.3239532077471997e-05,5.3224988149811858e-05,5.4449909454918817e-05,5.9495189859096109e-01,-7.5911881131041736e-01,6.2178168819817359e-01,-7.5751149031942255e-01,-1.9184603434916309e-01,-7.1763657977647138e-02
1.6150273015929707e+06,2.2640214590822173e-03,1.2073048581484238e-05,-3.7141546161774110e-04,1.0935961151645030e-05,-3.9632994553481099e-04,7.6960497513121234e-06,-3.7141546161774115e-04,1.0935961151645013e-05,2.2640214590822160e-03,1.2073048581484233e-05,-3.9632994553481142e-04,7.6960497513121268e-06,-3.9632994553636617e-04,7.6960497480678195e-06,-3.9632994553636633e-04,7.6960497480678161e-06,2.3447015846377642e-03,5.9199765455984745e-06,4.7395016635798390e+02,-4.6960453132565725e+00,9.4506512825686301e+01,-4.5323303012601865e+00,9.6047901332967527e+01,-3.6682508905109228e+00,9.4506512825686372e+01,-4.5323303012601883e+00,4.7395016635798373e+02,-4.6960453132565751e+00,9.6047901332967555e+01,-3.6682508905109206e+00,9.6047901333361153e+01,-3.6682508897327266e+00,9.6047901333361210e+01,-3.6682508897327266e+00,4.5893214307008293e+02,-3.0293499373035950e+00,2.3372260146945776e-06,1.2842527503996944e-06,1.0257121827381145e-04,5.4169856147391069e-03,5.4155398079380399e-03,5.5376659605681378e-03,5.3239071636822244e-05,5.3224861997489695e-05,5.4425138950581884e-05,-3.8519140622400688e-01,8.8324221853847573e-01,-4.1218960667089588e-01,8.8890400199503694e-01,1.9587031932651988e-01,1.3046381861629833e-02
1.6814341679945018e+06,2.2643191258369410e-03,1.1920513553502405e-05,-3.7114101898496889e-04,1.0799932526526209e-05,-3.9613986399797310e-04,7.5943992763210992e-06,-3.7114101898496889e-04,1.0799932526526199e-05,2.2643191258369410e-03,1.1920513553502407e-05,-3.9613986399797348e-04,7.5943992763211009e-06,-3.9613986399973119e-04,7.5943992728085569e-06,-3.9613986399973113e-04,7.5943992728085510e-06,2.3448357564156514e-03,5.8251578293362644e-06,4.7383632378891986e+02,-4.6321083332810886e+00,9.4396011940185844e+01,-4.4707727105904871e+00,9.5959506402930103e+01,-3.6166185528943795e+00,9.4396011940185886e+01,-4.4707727105904880e+00,4.7383632378891969e+02,-4.6321083332810913e+00,9.5959506402930131e+01,-3.6166185528943782e+00,9.5959506403377887e+01,-3.6166185520499421e+00,9.5959506403377915e+01,-3.6166185520499425e+00,4.5886133267759192e+02,-2.9835022671134386e+00,2.3979578509962437e-06,1.2971175789385124e-06,1.0531190925081171e-04,5.6396719228017454e-03,5.6382020166118292e-03,5.7627806818081597e-03,5.3238600679660310e-05,5.3224724739755877e-05,5.4400749498000610e-05,1.7508141843817149e-02,-9.6249380833649889e-01,4.0662076442299674e-02,-9.7877739384629736e-01,-1.7556025194853592e-01,6.7103958745867540e-02
1.7505715590756596e+06,2.2646124169470403e-03,1.1768799544902616e-05,-3.7087062685719439e-04,1.0664375873541723e-05,-3.9595271142444939e-04,7.4933109907497285e-06,-3.7087062685719439e-04,1.0664375873541737e-05,2.2646124169470412e-03,1.1768799544902621e-05,-3.9595271142444884e-04,7.4933109907497268e-06,-3.9595271142241288e-04,7.4933109948353665e-06,-3.9595271142241282e-04,7.4933109948353699e-06,2.3449675186619887e-03,5.7315801927508071e-06,4.7372426448838490e+02,-4.5686513554951267e+00,9.4287247529661371e+01,-4.4096447409457760e+00,9.5872537285442633e+01,-3.5654092184666171e+00,9.4287247529661329e+01,-4.4096447409457742e+00,4.7372426448838502e+02,-4.5686513554951240e+00,9.5872537285442590e+01,-3.5654092184666180e+00,9.5872537284922984e+01,-3.5654092194489051e+00,9.5872537284922956e+01,-3.5654092194489042e+00,4.5879173165851728e+02,-2.9381532990363999e+00,2.4605055446816123e-06,1.3102220910192899e-06,1.0811651232732619e-04,5.8715133426926512e-03,5.8700197588025717e-03,5.9970883420735989e-03,5.3238136283576195e-05,5.3224593672319093e-05,5.4376748859356703e-05,4.7800204412889896e-01,8.3449186396102637e-01,4.6652665763780893e-01,8.6116916141715150e-01,1.0564356291621035e-01,-1.4544645099300410e-01
1.8225517488440895e+06,2.2649014637389775e-03,1.1617926522460376e-05,-3.7060428904612006e-04,1.0529344756971305e-05,-3.9576849581662247e-04,7.3928187634022705e-06,-3.7060428904612006e-04,1.0529344756971295e-05,2.2649014637389771e-03,1.1617926522460373e-05,-3.9576849581662290e-04,7.3928187634022722e-06,-3.9576849581890661e-04,7.3928187590173410e-06,-3.9576849581890667e-04,7.3928187590173343e-06,2.3450970157713183e-03,5.6392209029896783e-06,4.7361395241712614e+02,-4.5056825307477979e+00,9.4180202998308630e+01,-4.3489594241376777e+00,9.5786978809117713e+01,-3.5146313450459505e+00,9.4180202998308644e+01,-4.3489594241376794e+00,4.7361395241712597e+02,-4.5056825307478015e+00,9.5786978809117741e+01,-3.5146313450459501e+00,9.5786978809697047e+01,-3.5146313439923902e+00,9.5786978809697061e+01,-3.5146313439923911e+00,4.5872330556172130e+02,-2.8933021586955046e+00,2.5249011212278119e-06,1.3235594789903716e-06,1.1098637611078673e-04,6.1128872716175028e-03,6.1113705185805271e-03,6.2409661157844850e-03,5.3237686993699171e-05,5.3224477454599021e-05,5.4353137207861608e-05,-8.9881433813803147e-01,-3.3927374073945438e-01,-9.0752797357279613e-01,-3.6775855822512238e-01,1.7358659726085267e-02,1.7087992288753720e-01
1.8974916278021662e+06,2.2651864773806439e-03,1.1467941740155083e-05,-3.7034202296043397e-04,1.0394879552147563e-05,-3.9558724324290670e-04,7.2929429138489873e-06,-3.7034202296043391e-04,1.0394879552147587e-05,2.2651864773806461e-03,1.1467941740155092e-05,-3.9558724324290545e-04,7.2929429138489864e-06,-3.9558724323428089e-04,7.2929429310117349e-06,-3.9558724323428089e-04,7.2929429310117510e-06,2.3452244729009878e-03,5.5480866361088239e-06,4.7350533762436311e+02,-4.4432149256700662e+00,9.4074861311802636e+01,-4.2887288216014667e+00,9.5702815413737838e+01,-3.4642923748678678e+00,9.4074861311802550e+01,-4.2887288216014587e+00,4.7350533762436339e+02,-4.4432149256700582e+00,9.5702815413737724e+01,-3.4642923748678682e+00,9.5702815411515658e+01,-3.4642923789938527e+00,9.5702815411515616e+01,-3.4642923789938482e+00,4.5865600605942308e+02,-2.8489526743397340e+00,2.5911752053707252e-06,1.3371141126889358e-06,1.1392296383048879e-04,6.3641809827677592e-03,6.3626415393596217e-03,6.4948029467778879e-03,5.3237213146007556e-05,5.3224335498896768e-05,5.4329883099672681e-05,8.4848904251426227e-01,-4.4844221598664341e-01,8.7646638318199810e-01,-4.3617376597374874e-01,-1.3694192671509225e-01,-9.0123618199467070e-02
1.9755128927685209e+06,2.2654674088004589e-03,1.1318861709045355e-05,-3.7008377472136632e-04,1.0261028295384985e-05,-3.9540890028425847e-04,7.1937133813833336e-06,-3.7008377472136616e-04,1.0261028295385028e-05,2.2654674088004633e-03,1.1318861709045389e-05,-3.9540890028425668e-04,7.1937133813833362e-06,-3.9540890026892427e-04,7.1937134124806745e-06,-3.9540890026892433e-04,7.1937134124807024e-06,2.3453498380007222e-03,5.4581539925786231e-06,4.7339841620420992e+02,-4.3812552617305194e+00,9.3971203728932281e+01,-4.2289642177746334e+00,9.5620030203789241e+01,-3.4143993859538133e+00,9.3971203728932110e+01,-4.2289642177746236e+00,4.7339841620421049e+02,-4.3812552617305061e+00,9.5620030203789014e+01,-3.4143993859538151e+00,9.5620030199788999e+01,-3.4143993934334333e+00,9.5620030199788928e+01,-3.4143993934334276e+00,4.5858983160331417e+02,-2.8051031690257324e+00,2.6593745903297942e-06,1.3508917464757377e-06,1.1692766477773735e-04,6.6258064646452196e-03,6.6242449280918972e-03,6.7590100646445668e-03,5.3236750370419890e-05,5.3224203802371596e-05,5.4307009038469619e-05,-7.0367201282991232e-02,9.5608086878718701e-01,-9.6014066629746861e-02,9.7406522591859024e-01,1.3935057135974446e-01,-7.0793455108383710e-02
2.0567422445046713e+06,2.2657437353656778e-03,1.1170696347042094e-05,-3.6982938023660496e-04,1.0127847235504441e-05,-3.9523329157268683e-04,7.0951723017173036e-06,-3.6982938023660540e-04,1.0127847235504323e-05,2.2657437353656678e-03,1.1170696347041987e-05,-3.9523329157269149e-04,7.0951723017172942e-06,-3.9523329158513293e-04,7.0951722674801751e-06,-3.9523329158513266e-04,7.0951722674800980e-06,2.3454725430182006e-03,5.3694037952645260e-06,4.7329327489716513e+02,-4.3198115851293322e+00,9.3869218123268837e+01,-4.1696803336096515e+00,9.5538613628816577e+01,-3.3649637101241852e+00,9.3869218123269320e+01,-4.1696803336096728e+00,4.7329327489716388e+02,-4.3198115851293686e+00,9.5538613628817146e+01,-3.3649637101241798e+00,9.5538613632419370e+01,-3.3649637018914054e+00,9.5538613632419640e+01,-3.3649637018914227e+00,4.5852487367832248e+02,-2.7617554507132738e+00,2.7295759651164527e-06,1.3649531087174574e-06,1.2000200581409535e-04,6.8981927705851920e-03,6.8966100084838595e-03,7.0340141885385545e-03,5.3236331179870484e-05,5.3224116321543412e-05,5.4284523688829813e-05,-8.5706563527677837e-01,-4.2712385656332402e-01,-8.6459174208611778e-01,-4.5833975747951544e-01,1.8224060062065575e-02,1.4773801400534151e-01
2.1413115934676831e+06,2.2660162340337564e-03,1.1023549158161012e-05,-3.6957895866951797e-04,9.9953362480570807e-06,-3.9506056980098155e-04,6.9972994343205632e-06,-3.6957895866951787e-04,9.9953362480570926e-06,2.2660162340337581e-03,1.1023549158161003e-05,-3.9506056980098111e-04,6.9972994343205556e-06,-3.9506056980884310e-04,6.9972994191954948e-06,-3.9506056980884310e-04,6.9972994191954973e-06,2.3455934020243717e-03,5.2819036465240221e-06,4.7318975540317717e+02,-4.2589036477369602e+00,9.3768875230940253e+01,-4.1108818804375895e+00,9.5458538995710398e+01,-3.3159858152958432e+00,9.3768875230940210e+01,-4.1108818804375833e+00,4.7318975540317746e+02,-4.2589036477369593e+00,9.5458538995710356e+01,-3.3159858152958441e+00,9.5458538997636950e+01,-3.3159858117444627e+00,9.5458538997636950e+01,-3.3159858117444618e+00,4.5846097700934729e+02,-2.7189201836404160e+00,2.8017852461803804e-06,1.3792263850137494e-06,1.2314764096690552e-04,7.1817710524813205e-03,7.1801675447487638e-03,7.3202531180547436e-03,5.3235868995580675e-05,5.3223982773232452e-05,5.4262386416872882e-05,5.9663110211694526e-01,-7.4761485834471630e-01,6.2951941302678149e-01,-7.4890968913938205e-01,-1.4145638288698392e-01,-6.5471766850277915e-03
2.2293582740229913e+06,2.2662852638504639e-03,1.0877378003744435e-05,-3.6933260730174301e-04,9.8635719198968683e-06,-3.9489083580279921e-04,6.9001510299537902e-06,-3.6933260730174296e-04,9.8635719198969446e-06,2.2662852638504678e-03,1.0877378003744548e-05,-3.9489083580279645e-04,6.9001510299538232e-06,-3.9489083577024805e-04,6.9001511013321978e-06,-3.9489083577024810e-04,6.9001511013322554e-06,2.3457128207549777e-03,5.1955575959675381e-06,4.7308778108460325e+02,-4.1985263296076729e+00,9.3670164065447011e+01,-4.0525810500500130e+00,9.5379795599397923e+01,-3.2674732064248517e+00,9.3670164065446684e+01,-4.0525810500500059e+00,4.7308778108460388e+02,-4.1985263296076463e+00,9.5379795599397610e+01,-3.2674732064248548e+00,9.5379795590874409e+01,-3.2674732234143691e+00,9.5379795590874195e+01,-3.2674732234143553e+00,4.5839806433062671e+02,-2.6765827489523635e+00,2.8760156106316665e-06,1.3936782947043968e-06,1.2636593784276444e-04,7.4770063043771212e-03,7.4753828321569337e-03,7.6181886817861290e-03,5.3235402051180184e-05,5.3223843120661423e-05,5.4240603908440903e-05,7.3087381315344135e-01,6.1527775663612505e-01,7.3179509963320488e-01,6.4899716272443031e-01,3.9793146590526365e-03,-1.3449682733610130e-01
2.3210252674652506e+06,2.2665488215124624e-03,1.0732226042928077e-05,-3.6908973136944278e-04,9.7325921282847327e-06,-3.9472345074707945e-04,6.8037586784943024e-06,-3.6908973136944283e-04,9.7325921282846954e-06,2.2665488215124607e-03,1.0732226042928016e-05,-3.9472345074708032e-04,6.8037586784942838e-06,-3.9472345076915750e-04,6.8037586329193177e-06,-3.9472345076915728e-04,6.8037586329192915e-06,2.3458286184849814e-03,5.1104046613384075e-06,4.7298771097901243e+02,-4.1386976280745840e+00,9.3573069677668443e+01,-3.9947948507472613e+00,9.5302373483942247e+01,-3.2194408955706537e+00,9.3573069677668556e+01,-3.9947948507472644e+00,4.7298771097901226e+02,-4.1386976280745937e+00,9.5302373483942361e+01,-3.2194408955706537e+00,9.5302373489590323e+01,-3.2194408847499738e+00,9.5302373489590366e+01,-3.2194408847499787e+00,4.5833650485963648e+02,-2.6347581972603180e+00,2.9524517426608362e-06,1.4085148822795020e-06,1.2965873536843449e-04,7.7843876415315373e-03,7.7827454118212062e-03,7.9283054203535177e-03,5.3234998481261612e-05,5.3223767784620944e-05,5.4219207270677357e-05,-4.8496602515474968e-01,8.2179018673578763e-01,-5.1877920311057324e-01,8.2893848879541665e-01,1.2563026275621306e-01,-2.2918500058884010e-02
2.4164614342093812e+06,2.2668092156455468e-03,1.0588131390818807e-05,-3.6885089466971195e-04,9.6024143877189552e-06,-3.9455904259618114e-04,6.7081119478000214e-06,-3.6885089466971212e-04,9.6024143877189518e-06,2.2668092156455442e-03,1.0588131390818801e-05,-3.9455904259618120e-04,6.7081119478000197e-06,-3.9455904259065832e-04,6.7081119594656098e-06,-3.9455904259065832e-04,6.7081119594656115e-06,2.3459432876990981e-03,5.0264151791606609e-06,4.7288910369230683e+02,-4.0794183675361193e+00,9.3477564167307904e+01,-3.9375213171380872e+00,9.5226244194237978e+01,-3.1718812885338492e+00,9.3477564167307960e+01,-3.9375213171380885e+00,4.7288910369230672e+02,-4.0794183675361211e+00,9.5226244194237978e+01,-3.1718812885338501e+00,9.5226244192834585e+01,-3.1718812912988237e+00,9.5226244192834557e+01,-3.1718812912988232e+00,4.5827585290500519e+02,-2.5934344481895546e+00,3.0309907380324629e-06,1.4234986797485480e-06,1.3302747931578674e-04,8.1044003311272934e-03,8.1027400958804362e-03,8.2510960163147528e-03,5.3234561017580481e-05,5.3223655596952026e-05,5.4198146241046527e-05,-9.3992250832513824e-01,-1.5751022033363651e-01,-9.5962118359659065e-01,-1.8693128107767329e-01,6.7514395816741749e-02,1.0047886660442405e-01
2.5158217555288514e+06,2.2670671747589883e-03,1.0445111536819210e-05,-3.6861627937518910e-04,9.4731109104396888e-06,-3.9439782823523799e-04,6.6132723417536063e-06,-3.6861627937518910e-04,9.4731109104396871e-06,2.2670671747589896e-03,1.0445111536819205e-05,-3.9439782823523793e-04,6.6132723417536054e-06,-3.9439782825686777e-04,6.6132723013728716e-06,-3.9439782825686777e-04,6.6132723013728733e-06,2.3460575711526294e-03,4.9435895783421959e-06,4.7279181796036454e+02,-4.0206999794942275e+00,9.3383637333946908e+01,-3.8807799075137712e+00,9.5151402332803855e+01,-3.1248119077859422e+00,9.3383637333946893e+01,-3.8807799075137708e+00,4.7279181796036454e+02,-4.0206999794942293e+00,9.5151402332803869e+01,-3.1248119077859426e+00,9.5151402338198992e+01,-3.1248118981827600e+00,9.5151402338199034e+01,-3.1248118981827617e+00,4.5821597762654733e+02,-2.5526203139089834e+00,3.1116289744244900e-06,1.4386359341152035e-06,1.3647415109633958e-04,8.4375623206650770e-03,8.4358849966071434e-03,8.5870784277946813e-03,5.3234083945918209e-05,5.3223501409598942e-05,5.4177407704097804e-05,-3.7920707859859537e-01,-8.7300841235672211e-01,-3.6540838282000637e-01,-9.0655040447101942e-01,-4.0221647231504294e-02,1.0732013504191022e-01
2.6192675852338253e+06,2.2673178625237890e-03,1.0303209741456707e-05,-3.6838446380041856e-04,9.3446495159672274e-06,-3.9423825106918550e-04,6.5192019419561100e-06,-3.6838446380041840e-04,9.3446495159672223e-06,2.2673178625237890e-03,1.0303209741456700e-05,-3.9423825106918540e-04,6.5192019419561091e-06,-3.9423825109874015e-04,6.5192018924355400e-06,-3.9423825109874015e-04,6.5192018924355290e-06,2.3461662869007712e-03,4.8619597224098517e-06,4.7269672655234626e+02,-3.9625526076494086e+00,9.3291261172889861e+01,-3.8245692808777738e+00,9.5077822693818064e+01,-3.0782284125094024e+00,9.3291261172889890e+01,-3.8245692808777747e+00,4.7269672655234615e+02,-3.9625526076494126e+00,9.5077822693818106e+01,-3.0782284125094028e+00,9.5077822701030570e+01,-3.0782284007479799e+00,9.5077822701030541e+01,-3.0782284007479812e+00,4.5815775506024983e+02,-2.5123190453147788e+00,3.1947593632667184e-06,1.4542813162794253e-06,1.4000034452938044e-04,8.7844370663455098e-03,8.7827442178217210e-03,8.9368070293409652e-03,5.3233709135383983e-05,5.3223450469376707e-05,5.4157071466949271e-05,3.4155787266755028e-01,-8.8706948485013326e-01,3.7549906751748563e-01,-9.0215463867412204e-01,-9.6115070872566183e-02,5.0062054366993007e-02
2.7269669116977938e+06,2.2675668154391684e-03,1.0162423336794390e-05,-3.6815695312967779e-04,9.2171243448690012e-06,-3.9408197264226871e-04,6.4259617907333320e-06,-3.6815695312967769e-04,9.2171243448690046e-06,2.2675668154391688e-03,1.0162423336794387e-05,-3.9408197264226866e-04,6.4259617907333337e-06,-3.9408197264227869e-04,6.4259617907199988e-06,-3.9408197264227869e-04,6.4259617907200014e-06,2.3462753813068417e-03,4.7814418573881217e-06,4.7260279996439976e+02,-3.9049739084785391e+00,9.3200419754396563e+01,-3.7689017252624093e+00,9.5005488575297747e+01,-3.0321373159997123e+00,9.3200419754396549e+01,-3.7689017252624089e+00,4.7260279996439965e+02,-3.9049739084785391e+00,9.5005488575297733e+01,-3.0321373159997123e+00,9.5005488575300177e+01,-3.0321373159965357e+00,9.5005488575300191e+01,-3.0321373159965357e+00,4.5810015238294528e+02,-2.4725161749761497e+00,3.2800441726310892e-06,1.4699779749190160e-06,1.4360775512148354e-04,9.1455619948357103e-03,9.1438545509125880e-03,9.3008298013686104e-03,5.3233275494408004e-05,5.3223337031052543e-05,5.4137037770061005e-05,7.5447851483618578e-01,-5.7608440140249928e-01,7.9225057980708180e-01,-5.7161688416074619e-01,-1.0230838250967193e-01,-2.5525120046910143e-03
2.8390946306582689e+06,2.2678114722871259e-03,1.0022793831517820e-05,-3.6793298453171740e-04,9.0905436220690447e-06,-3.9392817586074376e-04,6.3335605457453341e-06,-3.6793298453171740e-04,9.0905436220690498e-06,2.2678114722871263e-03,1.0022793831517830e-05,-3.9392817586074371e-04,6.3335605457453324e-06,-3.9392817586068272e-04,6.3335605458414783e-06,-3.9392817586068261e-04,6.3335605458414842e-06,2.3463820599937770e-03,4.7020881013830014e-06,4.7251049910114574e+02,-3.8479776236913370e+00,9.3111095523755566e+01,-3.7137858691047705e+00,9.4934388947831820e+01,-2.9865469457687288e+00,9.3111095523755566e+01,-3.7137858691047718e+00,4.7251049910114568e+02,-3.8479776236913361e+00,9.4934388947831849e+01,-2.9865469457687293e+00,9.4934388947816700e+01,-2.9865469457916936e+00,9.4934388947816714e+01,-2.9865469457916931e+00,4.5804364406821327e+02,-2.4332256230222558e+00,3.3677215969611359e-06,1.4859879352650148e-06,1.4729853282211697e-04,9.5215353243643143e-03,9.5198147203598669e-03,9.6797401318895783e-03,5.3232856896395665e-05,5.3223237369331603e-05,5.4117345961700521e-05,8.9473040283573202e-01,-3.1315162110774775e-01,9.3032443707199641e-01,-2.9735220903240339e-01,-9.2382082416835126e-02,-2.7948089665771711e-02
2.9558328292345204e+06,2.2680523014123621e-03,9.8843393817374692e-06,-3.6771263222247415e-04,8.9649388760759267e-06,-3.9377695138956791e-04,6.2420122252007310e-06,-3.6771263222247410e-04,8.9649388760759301e-06,2.2680523014123621e-03,9.8843393817374658e-06,-3.9377695138956796e-04,6.2420122252007361e-06,-3.9377695138960304e-04,6.2420122251479118e-06,-3.9377695138960304e-04,6.2420122251479143e-06,2.3464868249289872e-03,4.6238750907695387e-06,4.7241972430301780e+02,-3.7915673486280812e+00,9.3023266915733558e+01,-3.6592272865636586e+00,9.4864503824467008e+01,-2.9414590375208038e+00,9.3023266915733544e+01,-3.6592272865636586e+00,4.7241972430301774e+02,-3.7915673486280812e+00,9.4864503824466993e+01,-2.9414590375208043e+00,9.4864503824475690e+01,-2.9414590375081926e+00,9.4864503824475690e+01,-2.9414590375081922e+00,4.5798813185542696e+02,-2.3944426986918343e+00,3.4578142542714258e-06,1.5022596392999577e-06,1.5107449052258523e-04,9.9129660306109240e-03,9.9112337218456460e-03,1.0074147748507616e-02,5.3232444439069356e-05,5.3223141973004786e-05,5.4097987286289276e-05,9.1315929190831546e-01,-2.4935950126214415e-01,9.4866404325000298e-01,-2.3122673416099657e-01,-8.6383854916741942e-02,-2.8302871658988087e-02
3.0773710816235850e+06,2.2682893377452746e-03,9.7470819591976260e-06,-3.6749585327792913e-04,8.8403387410680647e-06,-3.9362826486537153e-04,6.1513324590845212e-06,-3.6749585327792929e-04,8.8403387410680630e-06,2.2682893377452742e-03,9.7470819591976294e-06,-3.9362826486537159e-04,6.1513324590845186e-06,-3.9362826486551860e-04,6.1513324588576485e-06,-3.9362826486551844e-04,6.1513324588576485e-06,2.3465896993913643e-03,4.5467962203347293e-06,4.7233045700430154e+02,-3.7357486589618287e+00,9.2936914214436129e+01,-3.6052325140622590e+00,9.4795816349374093e+01,-2.8968773157242147e+00,9.2936914214436129e+01,-3.6052325140622581e+00,4.7233045700430159e+02,-3.7357486589618287e+00,9.4795816349374135e+01,-2.8968773157242147e+00,9.4795816349410472e+01,-2.8968773156700429e+00,9.4795816349410472e+01,-2.8968773156700434e+00,4.5793360184267243e+02,-2.3561671297132372e+00,3.5503778387243176e-06,1.5187983035612883e-06,1.5493762486674408e-04,1.0320488842573567e-02,1.0318746397651896e-02,1.0484687315891415e-02,5.3232033910835634e-05,5.3223046556789418e-05,5.4078952969912244e-05,8.5032210738887404e-01,-4.1275081515201878e-01,8.8964154393984485e-01,-4.0182925036592315e-01,-8.5198527137598207e-02,-7.1224761175652899e-03
3.2039067569547356e+06,2.2685226104632791e-03,9.6110424173012388e-06,-3.6728260100384882e-04,8.7167699407855417e-06,-3.9348207871296021e-04,6.0615356718418006e-06,-3.6728260100384876e-04,8.7167699407855434e-06,2.2685226104632800e-03,9.6110424173012371e-06,-3.9348207871296026e-04,6.0615356718418032e-06,-3.9348207871286171e-04,6.0615356720144522e-06,-3.9348207871286176e-04,6.0615356720144531e-06,2.3466906985880817e-03,4.4708452149594312e-06,4.7224267950989872e+02,-3.6805266306742919e+00,9.2852017203229678e+01,-3.5518074728246485e+00,9.4728309344177688e+01,-2.8528050722866718e+00,9.2852017203229650e+01,-3.5518074728246494e+00,4.7224267950989866e+02,-3.6805266306742919e+00,9.4728309344177646e+01,-2.8528050722866714e+00,9.4728309344153146e+01,-2.8528050723279761e+00,9.4728309344153161e+01,-2.8528050723279752e+00,4.5788004138483245e+02,-2.3183984954084593e+00,3.6454699732193497e-06,1.5356102191321766e-06,1.5888998383218269e-04,1.0744766520647939e-02,1.0743015627961868e-02,1.0912021464539116e-02,5.3231631170338778e-05,5.3222956912642752e-05,5.4060244194876980e-05,5.8430864935220606e-01,-7.4114870695596469e-01,6.2527115765632268e-01,-7.4930391499594062e-01,-7.3436104914697292e-02,3.2476708904007674e-02
3.3356453398023443e+06,2.2687522101211420e-03,9.4762402953924847e-06,-3.6707284561044508e-04,8.5942584591530032e-06,-3.9333837340148879e-04,5.9726354590189034e-06,-3.6707284561044503e-04,8.5942584591530049e-06,2.2687522101211433e-03,9.4762402953924915e-06,-3.9333837340148895e-04,5.9726354590189068e-06,-3.9333837340183969e-04,5.9726354584894951e-06,-3.9333837340183991e-04,5.9726354584894977e-06,2.3467899053995042e-03,4.3960137954475435e-06,4.7215636283648058e+02,-3.6259057753897732e+00,9.2768555644935688e+01,-3.4989576099793114e+00,9.4661965406308013e+01,-2.8092451172271686e+00,9.2768555644935688e+01,-3.4989576099793109e+00,4.7215636283648053e+02,-3.6259057753897732e+00,9.4661965406307999e+01,-2.8092451172271686e+00,9.4661965406394032e+01,-2.8092451171007777e+00,9.4661965406394017e+01,-2.8092451171007777e+00,4.5782742606156796e+02,-2.2811357348790313e+00,3.7431457013349679e-06,1.5526956395785444e-06,1.6293367564720667e-04,1.1186486760385772e-02,1.1184729219953277e-02,1.1356837851527015e-02,5.3231230376288127e-05,5.3222867067801577e-05,5.4041851116438978e-05,-5.6994760019379503e-02,-9.4059128654636714e-01,-3.1823732172750696e-02,-9.7513649734612373e-01,-2.7731265836973783e-02,7.0013027707844053e-02
3.4728007638776274e+06,2.2689781865509791e-03,9.3426946443029244e-06,-3.6686654592540317e-04,8.4728288876443209e-06,-3.9319711749213838e-04,5.8846447492778463e-06,-3.6686654592540323e-04,8.4728288876443209e-06,2.2689781865509787e-03,9.3426946443029295e-06,-3.9319711749213838e-04,5.8846447492778463e-06,-3.9319711749302651e-04,5.8846447478828355e-06,-3.9319711749302651e-04,5.8846447478828364e-06,2.3468873571264219e-03,4.3222948720727950e-06,4.7207148567434831e+02,-3.5718904495155215e+00,9.2686509476975331e+01,-3.4466880826341941e+00,9.4596767468516703e+01,-2.7662001407051551e+00,9.2686509476975303e+01,-3.4466880826341946e+00,4.7207148567434831e+02,-3.5718904495155210e+00,9.4596767468516745e+01,-2.7662001407051542e+00,9.4596767468738221e+01,-2.7662001403710907e+00,9.4596767468738236e+01,-2.7662001403710899e+00,4.5777573953306825e+02,-2.2443779831754544e+00,3.8434646571704024e-06,1.5700601138666647e-06,1.6707088762125280e-04,1.1646366845294184e-02,1.1644604586052648e-02,1.1819853577133943e-02,5.3230832361368412e-05,5.3222777787138562e-05,5.4023770044180223e-05,-8.2838469606779652e-01,-4.4599977102775579e-01,-8.4555487407500252e-01,-4.8622659951247438e-01,4.4834832578247677e-02,5.4430915314884962e-02
3.6155957594411690e+06,2.2692004706193897e-03,9.2104244258971611e-06,-3.6666362548498535e-04,8.3525031548715040e-06,-3.9305824288177486e-04,5.7975754431933075e-06,-3.6666362548498546e-04,8.3525031548715057e-06,2.2692004706193884e-03,9.2104244258971493e-06,-3.9305824288177475e-04,5.7975754431933049e-06,-3.9305824287887267e-04,5.7975754477203504e-06,-3.9305824287887267e-04,5.7975754477203488e-06,2.3469829577169574e-03,4.2496854502671801e-06,4.7198804858942515e+02,-3.5184850168053119e+00,9.2605858308384853e+01,-3.3950036690013050e+00,9.4532698689113261e+01,-2.7236728365014597e+00,9.2605858308384768e+01,-3.3950036690013046e+00,4.7198804858942520e+02,-3.5184850168053106e+00,9.4532698689113289e+01,-2.7236728365014602e+00,9.4532698688391179e+01,-2.7236728375851320e+00,9.4532698688391179e+01,-2.7236728375851325e+00,4.5772498863772154e+02,-2.2081252190811265e+00,3.9464960978054673e-06,1.5877223290480472e-06,1.7130386340601537e-04,1.2125154355114130e-02,1.2123389464378534e-02,1.2301815706639775e-02,5.3230441400076561e-05,5.3222693382185218e-05,5.4005999503885597e-05,-6.3900455918175603e-01,6.8841833760568094e-01,-6.8314054441121153e-01,6.9581970523725856e-01,5.8328540976845249e-02,-3.0746944492583500e-02
3.7642622150003603e+06,2.2694190978443923e-03,9.0794458139722311e-06,-3.6646403788134692e-04,8.2333028215428867e-06,-3.9292171269589580e-04,5.7114382193741123e-06,-3.6646403788134698e-04,8.2333028215428935e-06,2.2694190978443914e-03,9.0794458139722006e-06,-3.9292171269589570e-04,5.7114382193740954e-06,-3.9292171269768007e-04,5.7114382168316227e-06,-3.9292171269767975e-04,5.7114382168316125e-06,2.3470767285762016e-03,4.1781766703909569e-06,4.7190603285411447e+02,-3.4656927157848663e+00,9.2526581848416313e+01,-3.3439083864341694e+00,9.4469741809424292e+01,-2.6816649443917044e+00,9.2526581848416285e+01,-3.3439083864341694e+00,4.7190603285411459e+02,-3.4656927157848663e+00,9.4469741809424377e+01,-2.6816649443917044e+00,9.4469741809818487e+01,-2.6816649437716222e+00,9.4469741809818501e+01,-2.6816649437716240e+00,4.5767515970063886e+02,-2.1723757657258735e+00,4.0523044664625910e-06,1.6056919317865944e-06,1.7563494514395884e-04,1.2623626768982245e-02,1.2621861487668319e-02,1.2803501302186011e-02,5.3230057731510711e-05,5.3222614068293142e-05,5.3988534828630790e-05,7.2317944831339542e-01,5.9690843076725753e-01,7.3413577073687530e-01,6.4136454209222649e-01,-3.4465573693807379e-02,-5.1002250013122759e-02
3.9190415538792149e+06,2.2696347028106950e-03,8.9497708851123314e-06,-3.6626789717774798e-04,8.1152491163331962e-06,-3.9278766370549857e-04,5.6262415518950081e-06,-3.6626789717774755e-04,8.1152491163331894e-06,2.2696347028107002e-03,8.9497708851124178e-06,-3.9278766370549884e-04,5.6262415518950488e-06,-3.9278766371105353e-04,5.6262415425174039e-06,-3.9278766371105407e-04,5.6262415425174318e-06,2.3471693461109013e-03,4.1077495274390861e-06,4.7182530830188563e+02,-3.4135144335966223e+00,9.2448657669722508e+01,-3.2934045022561302e+00,9.4407876135799086e+01,-2.6401761751649460e+00,9.2448657669722493e+01,-3.2934045022561285e+00,4.7182530830188529e+02,-3.4135144335966241e+00,9.4407876135798887e+01,-2.6401761751649451e+00,9.4407876137282756e+01,-2.6401761729758788e+00,9.4407876137282756e+01,-2.6401761729758761e+00,4.5762612429632060e+02,-2.1371247986512656e+00,4.1609136872255806e-06,1.6239074444638172e-06,1.8006635690065101e-04,1.3142589207389383e-02,1.3140825746311988e-02,1.3325716866704215e-02,5.3229664032412811e-05,5.3222521722841795e-05,5.3971361397106369e-05,2.8257050440935139e-01,-8.9242123400032602e-01,3.2006922405976757e-01,-9.2049450436764235e-01,-2.9572000126820056e-02,4.9166610297052930e-02
4.0801851262719594e+06,2.2698457732150956e-03,8.8214269796678877e-06,-3.6607473946913521e-04,7.9983589664114699e-06,-3.9265561233198584e-04,5.5420007215576543e-06,-3.6607473946913537e-04,7.9983589664114784e-06,2.2698457732150939e-03,8.8214269796678436e-06,-3.9265561233198584e-04,5.5420007215576391e-06,-3.9265561234247458e-04,5.5420007060066173e-06,-3.9265561234247409e-04,5.5420007060066071e-06,2.3472591253328157e-03,4.0384335043702226e-06,4.7174614505635952e+02,-3.3619597305091911e+00,9.2372071493030305e+01,-3.2434999154454789e+00,9.4347094901942711e+01,-2.5992139947433959e+00,9.2372071493030290e+01,-3.2434999154454798e+00,4.7174614505635969e+02,-3.3619597305091888e+00,9.4347094901942796e+01,-2.5992139947433954e+00,9.4347094904412486e+01,-2.5992139910084240e+00,9.4347094904412458e+01,-2.5992139910084244e+00,4.5757816892671707e+02,-2.1023815175555178e+00,4.2724998767524102e-06,1.6425645270670265e-06,1.8460099624882098e-04,1.3682895078954604e-02,1.3681136279654272e-02,1.3869310864741687e-02,5.3229304087389480e-05,5.3222461992770923e-05,5.3954500216651072e-05,-8.5491731641248558e-01,3.7719966171783198e-01,-9.0199106916719052e-01,3.6824475389758077e-01,5.1949142153953416e-02,-1.2320565719247101e-02
4.2479546174171586e+06,2.2700545581204718e-03,8.6944123195797920e-06,-3.6588511095216476e-04,7.8826546935187821e-06,-3.9252615784696518e-04,5.4587165336606074e-06,-3.6588511095216476e-04,7.8826546935187855e-06,2.2700545581204722e-03,8.6944123195797869e-06,-3.9252615784696529e-04,5.4587165336606049e-06,-3.9252615784522618e-04,5.4587165363669353e-06,-3.9252615784522612e-04,5.4587165363669378e-06,2.3473485232364320e-03,3.9701686665997698e-06,4.7166811149966412e+02,-3.3110220403375470e+00,9.2296793977571042e+01,-3.1941917631611974e+00,9.4287365708966121e+01,-2.5587712414037358e+00,9.2296793977571028e+01,-3.1941917631611987e+00,4.7166811149966423e+02,-3.3110220403375483e+00,9.4287365708966149e+01,-2.5587712414037367e+00,9.4287365708542154e+01,-2.5587712420423649e+00,9.4287365708542140e+01,-2.5587712420423645e+00,4.5753085157078016e+02,-2.0681291721639030e+00,4.3869793351601923e-06,1.6614055942665067e-06,1.8924081483460609e-04,1.4245405888972685e-02,1.4243654079497965e-02,1.4435150522624826e-02,5.3228915699492895e-05,5.3222369945754592e-05,5.3937909264703931e-05,9.2970357911228652e-01,7.5146236996602986e-02,9.6825060196383017e-01,1.0542911661502866e-01,-4.8504901608620164e-02,-1.0362440676796082e-02
4.4226224725551782e+06,2.2702590479416413e-03,8.5687502117646454e-06,-3.6569840849114788e-04,7.7681440467274684e-06,-3.9239866525538438e-04,5.3763986624432628e-06,-3.6569840849114778e-04,7.7681440467274633e-06,2.2702590479416413e-03,8.5687502117646589e-06,-3.9239866525538438e-04,5.3763986624432679e-06,-3.9239866525783354e-04,5.3763986585991063e-06,-3.9239866525783376e-04,5.3763986585991097e-06,2.3474353155816721e-03,3.9029885184794086e-06,4.7159156924575723e+02,-3.2607095689020165e+00,9.2222810731552968e+01,-3.1454857974304500e+00,9.4228682380259983e+01,-2.5188539857843248e+00,9.2222810731552954e+01,-3.1454857974304491e+00,4.7159156924575700e+02,-3.2607095689020160e+00,9.4228682380259912e+01,-2.5188539857843244e+00,9.4228682380866331e+01,-2.5188539848867717e+00,9.4228682380866346e+01,-2.5188539848867717e+00,4.5748455189866388e+02,-2.0343771269343449e+00,4.5045657993256564e-06,1.6806764814616575e-06,1.9398885524734273e-04,1.4831050569844092e-02,1.4829308850393651e-02,1.5024158121351423e-02,5.3228558768214349e-05,5.3222307746704510e-05,5.3921620706449110e-05,-9.1061518035426181e-01,-1.9373742465303553e-01,-9.4639541912733616e-01,-2.2886694831874191e-01,4.4129415852978034e-02,1.2980138397665143e-02
4.6044723393591009e+06,2.2704613850093864e-03,8.4444504043265967e-06,-3.6551516515032680e-04,7.6548575760694478e-06,-3.9227373413052975e-04,5.2950623921275635e-06,-3.6551516515032707e-04,7.6548575760694512e-06,2.2704613850093851e-03,8.4444504043265882e-06,-3.9227373413052981e-04,5.2950623921275601e-06,-3.9227373413033064e-04,5.2950623925000157e-06,-3.9227373413033064e-04,5.2950623925000106e-06,2.3475217928943682e-03,3.8368651161260730e-06,4.7151611206086847e+02,-3.2110217526155158e+00,9.2150100541171469e+01,-3.0973846655164836e+00,9.4171024978863699e+01,-2.4794621875167588e+00,9.2150100541171497e+01,-3.0973846655164836e+00,4.7151611206086858e+02,-3.2110217526155149e+00,9.4171024978863741e+01,-2.4794621875167584e+00,9.4171024978807338e+01,-2.4794621875923273e+00,9.4171024978807338e+01,-2.4794621875923277e+00,4.5743886457076093e+02,-2.0011187987390082e+00,4.6251886038420927e-06,1.7001933047250296e-06,1.9884774234005121e-04,1.5440761947646745e-02,1.5439033064886868e-02,1.5637272970142436e-02,5.3228168002783315e-05,5.3222208111534949e-05,5.3905590642628719e-05,9.2834055936455573e-01,-4.0315540693302690e-02,9.7325017822210436e-01,-1.5532551131451234e-02,-4.2575166378931918e-02,8.9341843240056283e-04
4.7937995285575576e+06,2.2706591214728083e-03,8.3215221737341876e-06,-3.6533463738437107e-04,7.5427878061948608e-06,-3.9215055784457161e-04,5.2146972593159930e-06,-3.6533463738437112e-04,7.5427878061948634e-06,2.2706591214728079e-03,8.3215221737341842e-06,-3.9215055784457144e-04,5.2146972593159930e-06,-3.9215055784182549e-04,5.2146972633996743e-06,-3.9215055784182538e-04,5.2146972633996718e-06,2.3476053200583743e-03,3.7717996663126829e-06,4.7144217577775726e+02,-3.1619601846334846e+00,9.2078639971075347e+01,-3.0498873006516800e+00,9.4114373498151835e+01,-2.4405935821992575e+00,9.2078639971075333e+01,-3.0498873006516800e+00,4.7144217577775737e+02,-3.1619601846334850e+00,9.4114373498151849e+01,-2.4405935821992575e+00,9.4114373497484209e+01,-2.4405935831685364e+00,9.4114373497484181e+01,-2.4405935831685359e+00,4.5739423097074581e+02,-1.9683528466328515e+00,4.7490956185197462e-06,1.7201663571478222e-06,2.0382013338155700e-04,1.6075553105281998e-02,1.6073840572029666e-02,1.6275497825880315e-02,5.3227824462806217e-05,5.3222154087501256e-05,5.3889862180611104e-05,-7.1257320441903338e-01,5.9354131597838822e-01,-7.6431919193123710e-01,6.0222320830867804e-01,2.9413756869117780e-02,-2.6143243932858183e-02
4.9909114934975002e+06,2.2708539106173460e-03,8.1999788211868847e-06,-3.6515723309211306e-04,7.4319629477498534e-06,-3.9202961010517348e-04,5.1353229163629201e-06,-3.6515723309211322e-04,7.4319629477498509e-06,2.2708539106173452e-03,8.1999788211868813e-06,-3.9202961010517342e-04,5.1353229163629201e-06,-3.9202961010993692e-04,5.1353229093322544e-06,-3.9202961010993670e-04,5.1353229093322544e-06,2.3476876215772491e-03,3.7077868143021652e-06,4.7136944800166458e+02,-3.1135267904331565e+00,9.2008413246349519e+01,-3.0029979363196211e+00,9.4058717111959211e+01,-2.4022513123045752e+00,9.2008413246349534e+01,-3.0029979363196211e+00,4.7136944800166458e+02,-3.1135267904331574e+00,9.4058717111959226e+01,-2.4022513123045743e+00,9.4058717113115591e+01,-2.4022513106370562e+00,9.4058717113115591e+01,-2.4022513106370558e+00,4.5735034901679529e+02,-1.9360789612014864e+00,4.8762544125933970e-06,1.7405059745378921e-06,2.0890916471477032e-04,1.6736439466300979e-02,1.6734746691832395e-02,1.6939853827490241e-02,5.3227474747924733e-05,5.3222091158992213e-05,5.3874400445314996e-05,-1.7391667494593227e-01,-9.0903248650265356e-01,-1.5705791898216717e-01,-9.5998867150502698e-01,9.8985201620684204e-03,3.4923238818070974e-02
5.1961283294256916e+06,2.2710463026410946e-03,8.0798260150260032e-06,-3.6498303301787878e-04,7.3223943732739188e-06,-3.9191098516681822e-04,5.0569382843335753e-06,-3.6498303301787878e-04,7.3223943732739205e-06,2.2710463026410954e-03,8.0798260150260202e-06,-3.9191098516681822e-04,5.0569382843335770e-06,-3.9191098516163118e-04,5.0569382919630349e-06,-3.9191098516163123e-04,5.0569382919630391e-06,2.3477693051155283e-03,3.6447992253462991e-06,4.7129781212982925e+02,-3.0657196552929102e+00,9.1939394556672426e+01,-2.9567155273911574e+00,9.4004029787889337e+01,-2.3644317091710945e+00,9.1939394556672369e+01,-2.9567155273911570e+00,4.7129781212982891e+02,-3.0657196552929107e+00,9.4004029787889280e+01,-2.3644317091710949e+00,9.4004029786628848e+01,-2.3644317109819584e+00,9.4004029786628848e+01,-2.3644317109819584e+00,4.5730709881098073e+02,-1.9042890180697156e+00,5.0067122239572199e-06,1.7611315593084676e-06,2.1411750665462334e-04,1.7424488813025558e-02,1.7422819103279030e-02,1.7631409204026803e-02,5.3227103987794819e-05,5.3222003475793485e-05,5.3859189857699075e-05,9.1753552239864533e-01,-1.0571403468712857e-01,9.6865256651952902e-01,-8.5663727202745940e-02,-3.2316809058713786e-02,8.5110698749114484e-03
5.4097832932997001e+06,2.2712342658459893e-03,7.9610744998536489e-06,-3.6481142514891189e-04,7.2140807074608839e-06,-3.9179403542928439e-04,4.9795440387676950e-06,-3.6481142514891199e-04,7.2140807074608839e-06,2.2712342658459893e-03,7.9610744998536523e-06,-3.9179403542928434e-04,4.9795440387676950e-06,-3.9179403542720652e-04,4.9795440418288111e-06,-3.9179403542720657e-04,4.9795440418288119e-06,2.3478481320767012e-03,3.5828545404976927e-06,4.7122763277787806e+02,-3.0185420546687505e+00,9.1871568084130786e+01,-2.9110414068506985e+00,9.3950303161043422e+01,-2.3271364379276269e+00,9.1871568084130800e+01,-2.9110414068506989e+00,4.7122763277787806e+02,-3.0185420546687509e+00,9.3950303161043450e+01,-2.3271364379276269e+00,9.3950303160538652e+01,-2.3271364386539011e+00,9.3950303160538638e+01,-2.3271364386539020e+00,4.5726486108978412e+02,-1.8729870524199965e+00,5.1406947832817350e-06,1.7822859063184119e-06,2.1944850524508485e-04,1.8140839503137361e-02,1.8139197117204006e-02,1.8351293244595279e-02,5.3226777376574010e-05,5.3221958475528889e-05,5.3844266685308061e-05,4.3342646938835572e-01,8.1336817466931222e-01,4.3464049913641212e-01,8.6952796248949360e-01,-1.9510641846093052e-02,-2.3712288172439474e-02
5.6322233449725499e+06,2.2714192242606177e-03,7.8437305474922336e-06,-3.6464273934353625e-04,7.1070398666434988e-06,-3.9167913690249122e-04,4.9031468662839941e-06,-3.6464273934353625e-04,7.1070398666434997e-06,2.2714192242606172e-03,7.8437305474922336e-06,-3.9167913690249111e-04,4.9031468662839924e-06,-3.9167913690249208e-04,4.9031468662892144e-06,-3.9167913690249214e-04,4.9031468662892136e-06,2.3479256227421988e-03,3.5219302667558587e-06,4.7115863551722515e+02,-2.9719923768562513e+00,9.1804911788729854e+01,-2.8659757733321034e+00,9.3897516643364540e+01,-2.2903637255346960e+00,9.1804911788729868e+01,-2.8659757733321038e+00,4.7115863551722521e+02,-2.9719923768562517e+00,9.3897516643364554e+01,-2.2903637255346969e+00,9.3897516643364739e+01,-2.2903637255359532e+00,9.3897516643364739e+01,-2.2903637255359546e+00,4.5722336264550898e+02,-1.8421668331546668e+00,5.2781941469943619e-06,1.8038450923482575e-06,2.2490522801374435e-04,1.8886640802954390e-02,1.8885029779732641e-02,1.9100659331469528e-02,5.3226451334754761e-05,5.3221911138856181e-05,5.3829599714161905e-05,-2.1756006103371670e-01,8.9352910086275872e-01,-2.5396139892431369e-01,9.3800229781009548e-01,-4.6847147059054134e-04,-2.8155661159420853e-02
5.8638097106298152e+06,2.2716024127017588e-03,7.7278015104530996e-06,-3.6447725845308997e-04,7.0012886436642921e-06,-3.9156661937549592e-04,4.8277551149164992e-06,-3.6447725845309003e-04,7.0012886436642904e-06,2.2716024127017584e-03,7.7278015104531013e-06,-3.9156661937549592e-04,4.8277551149165000e-06,-3.9156661937704839e-04,4.8277551126461214e-06,-3.9156661937704833e-04,4.8277551126461205e-06,2.3480030749772774e-03,3.4620127852697514e-06,4.7109058264829622e+02,-2.9260699101871652e+00,9.1739406360545615e+01,-2.8215193867603565e+00,9.3845654076412728e+01,-2.2541130240601333e+00,9.1739406360545630e+01,-2.8215193867603574e+00,4.7109058264829633e+02,-2.9260699101871652e+00,9.3845654076412714e+01,-2.2541130240601333e+00,9.3845654076789501e+01,-2.2541130235215281e+00,9.3845654076789529e+01,-2.2541130235215281e+00,4.5718237138554628e+02,-1.8118245906611654e+00,5.4192181813381062e-06,1.8257247492681279e-06,2.3049100824032109e-04,1.9663090370253614e-02,1.9661514642302789e-02,1.9880709195298732e-02,5.3226090337000137e-05,5.3221824993319262e-05,5.3815163520450793e-05,-4.2437223175959599e-01,8.1354599511445980e-01,-4.7068082335312150e-01,8.4979325063502853e-01,4.3137398540015089e-03,-2.5406754610863974e-02
6.1049184693942750e+06,2.2717815755815872e-03,7.6132901968106851e-06,-3.6431429418785709e-04,6.8968169450829115e-06,-3.9145573738394256e-04,4.7533574354434878e-06,-3.6431429418785704e-04,6.8968169450829115e-06,2.2717815755815872e-03,7.6132901968106893e-06,-3.9145573738394251e-04,4.7533574354434869e-06,-3.9145573738353252e-04,4.7533574360367691e-06,-3.9145573738353241e-04,4.7533574360367717e-06,2.3480780579420461e-03,3.4031000241370590e-06,4.7102387523756227e+02,-2.8807742047350620e+00,9.1675029253195333e+01,-2.7776697256480989e+00,9.3794696378622490e+01,-2.2183811223069925e+00,9.1675029253195333e+01,-2.7776697256480980e+00,4.7102387523756238e+02,-2.8807742047350615e+00,9.3794696378622504e+01,-2.2183811223069925e+00,9.3794696378524023e+01,-2.2183811224473189e+00,9.3794696378524009e+01,-2.2183811224473193e+00,4.5714229416872217e+02,-1.7819579545727291e+00,5.5640169673703675e-06,1.8481313604410136e-06,2.3620909176423122e-04,2.0471474584727374e-02,2.0469938974998329e-02,2.0692717034513440e-02,5.3225765723313837e-05,5.3221773143133917e-05,5.3800995355728801e-05,-1.9609991629207638e-01,8.9422166298621319e-01,-2.3107031479464840e-01,9.4319907723376817e-01,-3.6159871649255461e-03,-2.3254949728651955e-02
6.3559411640505400e+06,2.2719577350401926e-03,7.5002026698889620e-06,-3.6415407287577209e-04,6.7936385614891785e-06,-3.9134676093629330e-04,4.6799611970378207e-06,-3.6415407287577204e-04,6.7936385614891828e-06,2.2719577350401934e-03,7.5002026698889670e-06,-3.9134676093629324e-04,4.6799611970378232e-06,-3.9134676093511444e-04,4.6799611987141946e-06,-3.9134676093511450e-04,4.6799611987141946e-06,2.3481516325000130e-03,3.3451820853598390e-06,4.7095831558262381e+02,-2.8361044179232264e+00,9.1611762406246001e+01,-2.7344271520048835e+00,9.3744629456473433e+01,-2.1831675166002786e+00,9.1611762406246015e+01,-2.7344271520048835e+00,4.7095831558262364e+02,-2.8361044179232247e+00,9.3744629456473362e+01,-2.1831675166002786e+00,9.3744629456188093e+01,-2.1831675169982332e+00,9.3744629456188079e+01,-2.1831675169982336e+00,4.5710294100223808e+02,-1.7525639951819461e+00,5.7126188563235293e-06,1.8710113443857365e-06,2.4206309172096510e-04,2.1313094945668451e-02,2.1311604291730419e-02,2.1537987402570423e-02,5.3225446231604787e-05,5.3221723603744738e-05,5.3787072846755875e-05,4.9791356244868951e-01,7.6565352587831570e-01,5.0981823971440898e-01,8.2608634636010403e-01,-1.8100180643096705e-02,-1.1503035018493011e-02
6.6172854368815832e+06,2.2721314260838797e-03,7.3885429142216297e-06,-3.6399668197279746e-04,6.6917614562641599e-06,-3.9123980369439553e-04,4.6075683542321742e-06,-3.6399668197279741e-04,6.6917614562641599e-06,2.2721314260838793e-03,7.3885429142216305e-06,-3.9123980369439542e-04,4.6075683542321742e-06,-3.9123980369345384e-04,4.6075683555780519e-06,-3.9123980369345390e-04,4.6075683555780502e-06,2.3482243484572230e-03,3.2882470613382936e-06,4.7089379423418285e+02,-2.7920589891393828e+00,9.1549585941092801e+01,-2.6917907219108232e+00,9.3695436623737592e+01,-2.1484702995194294e+00,9.1549585941092786e+01,-2.6917907219108228e+00,4.7089379423418285e+02,-2.7920589891393837e+00,9.3695436623737578e+01,-2.1484702995194294e+00,9.3695436623509437e+01,-2.1484702998384870e+00,9.3695436623509423e+01,-2.1484702998384870e+00,4.5706420806074340e+02,-1.7236387269914348e+00,5.8650890482931683e-06,1.8943386693259050e-06,2.4805663017828697e-04,2.2189311416294120e-02,2.2187870651021378e-02,2.2417881114884467e-02,5.3225116026226183e-05,5.3221660087582132e-05,5.3773382193630424e-05,8.5667575292312625e-01,-3.1019701335201599e-01,9.1972325209654460e-01,-3.0942665214825937e-01,-1.3104535480385234e-02,1.4440144248234386e-02
6.8893756916496363e+06,2.2723022626704578e-03,7.2783128383376710e-06,-3.6384195449846828e-04,6.5911867946309767e-06,-3.9113469803063629e-04,4.5361763482623626e-06,-3.6384195449846860e-04,6.5911867946309598e-06,2.2723022626704569e-03,7.2783128383376151e-06,-3.9113469803063667e-04,4.5361763482623405e-06,-3.9113469803163186e-04,4.5361763467745179e-06,-3.9113469803163186e-04,4.5361763467745145e-06,2.3482957694897126e-03,3.2322861734760961e-06,4.7083037060852899e+02,-2.7486362701486526e+00,9.1488479708896321e+01,-2.6497586439295384e+00,9.3647101202567953e+01,-2.1142869942121805e+00,9.1488479708896421e+01,-2.6497586439295375e+00,4.7083037060853047e+02,-2.7486362701486469e+00,9.3647101202568280e+01,-2.1142869942121827e+00,9.3647101202814980e+01,-2.1142869938570130e+00,9.3647101202815392e+01,-2.1142869938570095e+00,4.5702616097403632e+02,-1.6951786410671055e+00,6.0215587106906762e-06,1.9181708322091186e-06,2.5419340730384088e-04,2.3101552420276353e-02,2.3100166913057760e-02,2.3333822151059905e-02,5.3224790038413254e-05,5.3221597900955787e-05,5.3759927566330322e-05,-5.7853614957589528e-01,-7.0092675752255063e-01,-6.0087159191724104e-01,-7.6149649017607113e-01,1.6703203098163887e-02,5.8258821304777138e-03
7.1726537827965040e+06,2.2724693813817340e-03,7.1695129995080588e-06,-3.6368959134725051e-04,6.4919129622530348e-06,-3.9103112836219166e-04,4.4657804853372190e-06,-3.6368959134725366e-04,6.4919129622528646e-06,2.2724693813817283e-03,7.1695129995074464e-06,-3.9103112836219567e-04,4.4657804853369835e-06,-3.9103112837975671e-04,4.4657804578292989e-06,-3.9103112837975709e-04,4.4657804578292794e-06,2.3483649539073185e-03,3.1772904659579397e-06,4.7076819119747807e+02,-2.7058345091366789e+00,9.1428422983410783e+01,-2.6083287820327703e+00,9.3599605598345448e+01,-2.0806147852577932e+00,9.1428422983411394e+01,-2.6083287820327614e+00,4.7076819119749365e+02,-2.7058345091365399e+00,9.3599605598348631e+01,-2.0806147852577799e+00,9.3599605602741065e+01,-2.0806147787296307e+00,9.3599605602745299e+01,-2.0806147787295703e+00,4.5698895154593339e+02,-1.6671801007054146e+00,6.1821936165212831e-06,1.9426058750075014e-06,2.6047715815139092e-04,2.4051313374607967e-02,2.4049989149725615e-02,2.4287297372498289e-02,5.3224499777466174e-05,5.3221569325982792e-05,5.3746721996584545e-05,5.2008430862976567e-02,9.0503927534563944e-01,3.5270620971755595e-02,9.6899430499186445e-01,-9.8358003409900144e-03,-1.2633364981417299e-02
7.4675797329824818e+06,2.2726336834949660e-03,7.0621431951745013e-06,-3.6353977856076698e-04,6.3939417716402602e-06,-3.9092932141564463e-04,4.3963785889485293e-06,-3.6353977856076671e-04,6.3939417716402696e-06,2.2726336834949668e-03,7.0621431951745267e-06,-3.9092932141564441e-04,4.3963785889485395e-06,-3.9092932141215360e-04,4.3963785941316061e-06,-3.9092932141215360e-04,4.3963785941316069e-06,2.3484328325878816e-03,3.1232482012523187e-06,4.7070708027268006e+02,-2.6636501244806570e+00,9.1369396283112692e+01,-2.5674978993740440e+00,9.3552934272706310e+01,-2.0474500591680798e+00,9.1369396283112692e+01,-2.5674978993740440e+00,4.7070708027267932e+02,-2.6636501244806672e+00,9.3552934272706167e+01,-2.0474500591680820e+00,9.3552934271850333e+01,-2.0474500603956693e+00,9.3552934271850148e+01,-2.0474500603956747e+00,4.5695241156552339e+02,-1.6396382788356982e+00,6.3470491457613829e-06,1.9675887333315906e-06,2.6691200984231789e-04,2.5040119790138114e-02,2.5038862717036928e-02,2.5279838424579464e-02,5.3224206288417999e-05,5.3221534307667986e-05,5.3733741951889916e-05,-4.0252254535403327e-02,-9.0326691617435506e-01,-2.3822071275259336e-02,-9.6895878237347222e-01,9.4004209723708761e-03,1.0982423360382928e-02
7.7746324801291237e+06,2.2727976262100682e-03,6.9562105109764789e-06,-3.6339314427196134e-04,6.2972965151930430e-06,-3.9082999068134358e-04,4.3279852552619664e-06,-3.6339314427196151e-04,6.2972965151930413e-06,2.2727976262100673e-03,6.9562105109764721e-06,-3.9082999068134353e-04,4.3279852552619647e-06,-3.9082999068250661e-04,4.3279852534952107e-06,-3.9082999068250666e-04,4.3279852534952098e-06,2.3485020020161144e-03,3.0701450696169254e-06,4.7064657807683375e+02,-2.6220821722748786e+00,9.1311384010776706e+01,-2.5272676138544385e+00,9.3507075078780574e+01,-2.0147934100650517e+00,9.1311384010776706e+01,-2.5272676138544372e+00,4.7064657807683386e+02,-2.6220821722748764e+00,9.3507075078780588e+01,-2.0147934100650513e+00,9.3507075079066738e+01,-2.0147934096473898e+00,9.3507075079066766e+01,-2.0147934096473894e+00,4.5691608815084948e+02,-1.6125498333191166e+00,6.5160684040934187e-06,1.9929436589386512e-06,2.7350220505910756e-04,2.6069547063879431e-02,2.6068362689464730e-02,2.6313028966295286e-02,5.3223848870505228e-05,5.3221430839816024e-05,5.3720943965603371e-05,5.6450175175481543e-01,7.0318876589901835e-01,5.9221039946386544e-01,7.6679827366376097e-01,-1.2830007439068484e-02,-2.2185694577479200e-03
8.0943106551789818e+06,2.2729592151580400e-03,6.8517083820054982e-06,-3.6324906951511508e-04,6.2019602047246953e-06,-3.9073246442526021e-04,4.2605835114469263e-06,-3.6324906951511508e-04,6.2019602047246944e-06,2.2729592151580391e-03,6.8517083820054982e-06,-3.9073246442526021e-04,4.2605835114469246e-06,-3.9073246442610459e-04,4.2605835102501678e-06,-3.9073246442610464e-04,4.2605835102501678e-06,2.3485703208124408e-03,3.0179707422002836e-06,4.7058703713436785e+02,-2.5811266065619121e+00,9.1254362581289769e+01,-2.4876321946425550e+00,9.3462006920662674e+01,-1.9826387853739336e+00,9.1254362581289783e+01,-2.4876321946425568e+00,4.7058703713436779e+02,-2.5811266065619138e+00,9.3462006920662702e+01,-1.9826387853739340e+00,9.3462006920867211e+01,-1.9826387850903056e+00,9.3462006920867196e+01,-1.9826387850903060e+00,4.5688033722270808e+02,-1.5859093767764449e+00,6.6895088181759767e-06,2.0188501585089166e-06,2.8025173576294181e-04,2.7141292937534388e-02,2.7140187698157851e-02,2.7388553373871666e-02,5.3223486936248764e-05,5.3221319585796667e-05,5.3708359290470654e-05,-8.2500256877555467e-01,3.5783045637172955e-01,-8.9511295929688073e-01,3.6972132956599635e-01,4.3219057580177276e-03,-1.0869922744140640e-02
8.4271333918353729e+06,2.2731153903281310e-03,6.7486297119581204e-06,-3.6310665026630877e-04,6.1079133583683077e-06,-3.9063575972757069e-04,4.1941572112333020e-06,-3.6310665026630877e-04,6.1079133583683102e-06,2.2731153903281314e-03,6.7486297119581247e-06,-3.9063575972757064e-04,4.1941572112333045e-06,-3.9063575972665980e-04,4.1941572125214477e-06,-3.9063575972665975e-04,4.1941572125214511e-06,2.3486344902080426e-03,2.9667231474996073e-06,4.7052900716353895e+02,-2.5407805861628510e+00,9.1198311358583780e+01,-2.4485867609858962e+00,9.3417713423626225e+01,-1.9509815551371377e+00,9.1198311358583808e+01,-2.4485867609858976e+00,4.7052900716353912e+02,-2.5407805861628514e+00,9.3417713423626211e+01,-1.9509815551371374e+00,9.3417713423406113e+01,-1.9509815554423402e+00,9.3417713423406099e+01,-1.9509815554423400e+00,4.5684571643341189e+02,-1.5597140933767628e+00,6.8677006061938259e-06,2.0456218685844884e-06,2.8716479251731617e-04,2.8257146200109776e-02,2.8256128163004584e-02,2.8508177513247454e-02,5.3223213181078552e-05,5.3221295676547412e-05,5.3696038462146773e-05,-6.6903142945844896e-01,-5.9708227618309229e-01,-7.1173998558171980e-01,-6.5616345563224387e-01,1.0413515379409490e-02,-1.1958617756978494e-03
8.7736411695971135e+06,2.2732686021591656e-03,6.6469761269207554e-06,-3.6296650758436310e-04,6.0151697593431895e-06,-3.9054058424305664e-04,4.1287136225308394e-06,-3.6296650758436315e-04,6.0151697593431870e-06,2.2732686021591660e-03,6.6469761269207554e-06,-3.9054058424305659e-04,4.1287136225308369e-06,-3.9054058424175663e-04,4.1287136243635756e-06,-3.9054058424175647e-04,4.1287136243635773e-06,2.3486970959328470e-03,2.9163867841033220e-06,4.7047202971125722e+02,-2.5010407618273258e+00,9.1143213834199301e+01,-2.4101299188766130e+00,9.3374181759597022e+01,-1.9198197933564689e+00,9.1143213834199301e+01,-2.4101299188766139e+00,4.7047202971125716e+02,-2.5010407618273267e+00,9.3374181759597050e+01,-1.9198197933564691e+00,9.3374181759282564e+01,-1.9198197937908177e+00,9.3374181759282521e+01,-1.9198197937908184e+00,4.5681177467638020e+02,-1.5339591487916664e+00,7.0506044419949861e-06,2.0730777231223974e-06,2.9424608852729006e-04,2.9418883277740591e-02,2.9417960027518890e-02,2.9673689228886097e-02,5.3222953929223556e-05,5.3221283637950059e-05,5.3683934221054365e-05,-3.7483780021960661e-01,-8.1175826467518808e-01,-3.9273695078190041e-01,-8.8434469108563918e-01,9.1094079647821378e-03,2.1841156884659461e-03
9.1343966914571673e+06,2.2734211549894140e-03,6.5467481422816061e-06,-3.6282921956883957e-04,5.9237401628557239e-06,-3.9044759673863630e-04,4.0642572714062293e-06,-3.6282921956883989e-04,5.9237401628557230e-06,2.2734211549894131e-03,6.5467481422816027e-06,-3.9044759673863630e-04,4.0642572714062276e-06,-3.9044759673892486e-04,4.0642572710087159e-06,-3.9044759673892486e-04,4.0642572710087142e-06,2.3487605727073512e-03,2.8669452948686558e-06,4.7041567263931245e+02,-2.4619033554361978e+00,9.1089052591981044e+01,-2.3722595494971297e+00,9.3331397734946862e+01,-1.8891508348547399e+00,9.1089052591981044e+01,-2.3722595494971297e+00,4.7041567263931233e+02,-2.4619033554361973e+00,9.3331397734946890e+01,-1.8891508348547397e+00,9.3331397735016452e+01,-1.8891508347605783e+00,9.3331397735016452e+01,-1.8891508347605781e+00,4.5677808595507651e+02,-1.5086391879227830e+00,7.2381957592323775e-06,2.1010360533990632e-06,3.0150043366835157e-04,3.0628353123254948e-02,3.0627531697141566e-02,3.0886949269561745e-02,5.3222642946208724e-05,5.3221215560656419e-05,5.3672003390329450e-05,-6.2737192421105481e-01,-6.3333448538818837e-01,-6.7165520355152342e-01,-6.9595723958358469e-01,8.2242230229362910e-03,-1.4364468780635154e-03
9.5099857976907790e+06,2.2735697027665143e-03,6.4479337034785547e-06,-3.6269379915568984e-04,5.8336001180148207e-06,-3.9035571660779128e-04,4.0007671337965455e-06,-3.6269379915568984e-04,5.8336001180148258e-06,2.2735697027665138e-03,6.4479337034785547e-06,-3.9035571660779112e-04,4.0007671337965472e-06,-3.9035571660654645e-04,4.0007671355123310e-06,-3.9035571660654651e-04,4.0007671355123319e-06,2.3488213350142287e-03,2.8183905315015621e-06,4.7036053638123508e+02,-2.4233637647315982e+00,9.1035804644339407e+01,-2.3349689941455649e+00,9.3289341054143506e+01,-1.8589681839285370e+00,9.1035804644339393e+01,-2.3349689941455654e+00,4.7036053638123491e+02,-2.4233637647315964e+00,9.3289341054143463e+01,-1.8589681839285366e+00,9.3289341053843529e+01,-1.8589681843349464e+00,9.3289341053843501e+01,-1.8589681843349464e+00,4.5674525459842818e+02,-1.4837492965996926e+00,7.4308360969270442e-06,2.1298237978251708e-06,3.0893221976462977e-04,3.1887578096595141e-02,3.1886867333156411e-02,3.2149951663602613e-02,5.3222384330355572e-05,5.3221198021229511e-05,5.3660302405510014e-05,-8.3555843158180565e-01,3.0282837614537134e-01,-9.1256473844161690e-01,3.1913674868996489e-01,1.4747497407927553e-03,-7.2717167870327811e-03
9.9010184172166567e+06,2.2737175792704820e-03,6.3505353917655049e-06,-3.6256111340948689e-04,5.7447645028030946e-06,-3.9026592896091968e-04,3.9382520860547379e-06,-3.6256111340948684e-04,5.7447645028030929e-06,2.2737175792704825e-03,6.3505353917655041e-06,-3.9026592896091963e-04,3.9382520860547379e-06,-3.9026592896122532e-04,3.9382520856340454e-06,-3.9026592896122532e-04,3.9382520856340446e-06,2.3488828966967989e-03,2.7707096390119503e-06,4.7030600261317659e+02,-2.3854185214302137e+00,9.0983456028684529e+01,-2.2982568102038607e+00,9.3248002478267310e+01,-1.8292701889885699e+00,9.0983456028684529e+01,-2.2982568102038607e+00,4.7030600261317670e+02,-2.3854185214302128e+00,9.3248002478267324e+01,-1.8292701889885703e+00,9.3248002478340993e+01,-1.8292701888889005e+00,9.3248002478341007e+01,-1.8292701888889005e+00,4.5671267250545969e+02,-1.4592852532445046e+00,7.6284408462823811e-06,2.1591774475465019e-06,3.1654683692569391e-04,3.3198539754360282e-02,3.3197947482970946e-02,3.3464700314645851e-02,5.3222071380015647e-05,5.3221121883128350e-05,5.3648765338330571e-05,5.9472998675192734e-01,6.5667328654599111e-01,6.4190541529433454e-01,7.2229466566931810e-01,-6.3734678139393333e-03,1.6155734359866762e-03
1.0308129558076436e+07,2.2738620265386638e-03,6.2545398048848148e-06,-3.6243033863689409e-04,5.6572115970068155e-06,-3.9017733269609150e-04,3.8766930620544203e-06,-3.6243033863689382e-04,5.6572115970068104e-06,2.2738620265386582e-03,6.2545398048848047e-06,-3.9017733269609194e-04,3.8766930620544245e-06,-3.9017733269544781e-04,3.8766930629480214e-06,-3.9017733269544657e-04,3.8766930629480248e-06,2.3489423046703069e-03,2.7238911034096504e-06,4.7025256392618826e+02,-2.3480622335386463e+00,9.0931984055089160e+01,-2.2621161950267035e+00,9.3207361579497430e+01,-1.8000502100183386e+00,9.0931984055089060e+01,-2.2621161950267017e+00,4.7025256392618792e+02,-2.3480622335386556e+00,9.3207361579497132e+01,-1.8000502100183393e+00,9.3207361579340414e+01,-1.8000502102303344e+00,9.3207361579340557e+01,-1.8000502102303348e+00,4.5668083520827861e+02,-1.4352413497723353e+00,7.8313395739897362e-06,2.1893771705764874e-06,3.2434894360297513e-04,3.4563422163501271e-02,3.4562957935739873e-02,3.4833351432298397e-02,5.3221796179407407e-05,5.3221081347549008e-05,5.3637441379666182e-05,-3.5141036019598532e-01,-8.1018193947073447e-01,-3.7779299960720070e-01,-8.8889247410903049e-01,5.8081763091316551e-03,1.0811499642375009e-04
1.0731980338640748e+07,2.2740033019615761e-03,6.1599408967547506e-06,-3.6230149291615493e-04,5.5709372597402476e-06,-3.9008996992470244e-04,3.8160856322239108e-06,-3.6230149291615498e-04,5.5709372597402433e-06,2.2740033019615731e-03,6.1599408967547354e-06,-3.9008996992470255e-04,3.8160856322239091e-06,-3.9008996992558666e-04,3.8160856310216957e-06,-3.9008996992558628e-04,3.8160856310216949e-06,2.3489997918896889e-03,2.6779257690020486e-06,4.7020016461164090e+02,-2.3112905100636874e+00,9.0881372644930977e+01,-2.2265430511882651e+00,9.3167407006277401e+01,-1.7713044765585066e+00,9.0881372644930948e+01,-2.2265430511882647e+00,4.7020016461164090e+02,-2.3112905100636896e+00,9.3167407006277315e+01,-1.7713044765585075e+00,9.3167407006488688e+01,-1.7713044762735803e+00,9.3167407006488745e+01,-1.7713044762735808e+00,4.5664969681539776e+02,-1.4116134629521153e+00,8.0396631033748222e-06,2.2204542904205245e-06,3.3234391551671547e-04,3.5984438872943739e-02,3.5984112784008419e-02,3.6258115399783887e-02,5.3221550954300253e-05,5.3221068663637118e-05,5.3626322841105199e-05,7.2783295596860220e-01,4.9497735492726558e-01,7.9544275288317967e-01,5.4699939871402337e-01,-4.2080699657415285e-03,2.9110518087026509e-03
1.1173259061216539e+07,2.2741446826429427e-03,6.0667367969852627e-06,-3.6217541538673711e-04,5.4859502785261336e-06,-3.9000478402862778e-04,3.7564315534257308e-06,-3.6217541538673733e-04,5.4859502785261327e-06,2.2741446826429414e-03,6.0667367969852577e-06,-3.9000478402862772e-04,3.7564315534257303e-06,-3.9000478402858224e-04,3.7564315534900549e-06,-3.9000478402858213e-04,3.7564315534900545e-06,2.3490588500155204e-03,2.6327921385872853e-06,4.7014819318864380e+02,-2.2750978386435761e+00,9.0831602523464269e+01,-2.1915336414411000e+00,9.3128120878916889e+01,-1.7430286607811403e+00,9.0831602523464241e+01,-2.1915336414411000e+00,4.7014819318864369e+02,-2.2750978386435765e+00,9.3128120878916889e+01,-1.7430286607811405e+00,9.3128120878905733e+01,-1.7430286607963466e+00,9.3128120878905733e+01,-1.7430286607963472e+00,4.5661864747006183e+02,-1.3883942906801683e+00,8.2533457262866498e-06,2.2520939751723452e-06,3.4053724015006809e-04,3.7463828067453311e-02,3.7463648787170366e-02,3.7741252727800649e-02,5.3221234392999846e-05,5.3220979706854490e-05,5.3615344755885346e-05,-5.4965289862002364e-01,6.8365738610340787e-01,-6.0672316548981720e-01,7.5025924200081551e-01,-2.4799592712599714e-03,-3.7463961801481715e-03
1.1632682329799091e+07,2.2742817181360892e-03,5.9749091573712802e-06,-3.6205082737145004e-04,5.4022197156056279e-06,-3.8992037749017956e-04,3.6977080809440464e-06,-3.6205082737145026e-04,5.4022197156056304e-06,2.2742817181360883e-03,5.9749091573712785e-06,-3.8992037749017950e-04,3.6977080809440452e-06,-3.8992037748918648e-04,3.6977080823159628e-06,-3.8992037748918627e-04,3.6977080823159620e-06,2.3491146879151843e-03,2.5884873135923021e-06,4.7009745524600385e+02,-2.2394788266304935e+00,9.0782655025876409e+01,-2.1570804277512514e+00,9.3089489600943452e+01,-1.7152163508222815e+00,9.0782655025876466e+01,-2.1570804277512514e+00,4.7009745524600385e+02,-2.2394788266304944e+00,9.3089489600943409e+01,-1.7152163508222824e+00,9.3089489600703260e+01,-1.7152163511471310e+00,9.3089489600703232e+01,-1.7152163511471303e+00,4.5658850282768583e+02,-1.3655802732213747e+00,8.4728428465388250e-06,2.2847953585538766e-06,3.4893413868225461e-04,3.9004087998936537e-02,3.9004067287754525e-02,3.9285217215749242e-02,5.3220986350555765e-05,5.3220958090196618e-05,5.3604586505778965e-05,-8.5512749848479130e-01,1.8143696587702432e-01,-9.4344843827556890e-01,1.9985239832728507e-01,1.6123683386085717e-04,-3.9289153193750939e-03
1.2110996213783888e+07,2.2744187467829795e-03,5.8844581868211814e-06,-3.6192886862698894e-04,5.3197593438247389e-06,-3.8983803490705678e-04,3.6399223715264056e-06,-3.6192886862698899e-04,5.3197593438247389e-06,2.2744187467829786e-03,5.8844581868211780e-06,-3.8983803490705684e-04,3.6399223715264052e-06,-3.8983803490772920e-04,3.6399223706027458e-06,-3.8983803490772926e-04,3.6399223706027433e-06,2.3491719029859865e-03,2.5449939413026467e-06,4.7004714799119154e+02,-2.2044283688538790e+00,9.0734515499602367e+01,-2.1231805750908088e+00,9.3051502046373585e+01,-1.6878645329158990e+00,9.0734515499602395e+01,-2.1231805750908084e+00,4.7004714799119165e+02,-2.2044283688538804e+00,9.3051502046373628e+01,-1.6878645329158988e+00,9.3051502046535830e+01,-1.6878645326972421e+00,9.3051502046535873e+01,-1.6878645326972419e+00,4.5655846745558762e+02,-1.3431655282937076e+00,8.6980266631759959e-06,2.3181649549709952e-06,3.5754075879297295e-04,4.0607625223822101e-02,4.0607773071579652e-02,4.0892448269108525e-02,5.3220675653639403e-05,5.3220869424082948e-05,5.3593966995556592e-05,-7.5202438726671117e-01,4.3952080065161464e-01,-8.3102473365000495e-01,4.8831253336964503e-01,-1.1356442046372291e-03,-3.2366654524939699e-03
1.2608977459528109e+07,2.2745497996175309e-03,5.7953582860249613e-06,-3.6180783394767265e-04,5.2385276589162026e-06,-3.8975587522223923e-04,3.5830422999442673e-06,-3.6180783394767276e-04,5.2385276589162017e-06,2.2745497996175305e-03,5.7953582860249596e-06,-3.8975587522223907e-04,3.5830422999442665e-06,-3.8975587522145308e-04,3.5830423010175864e-06,-3.8975587522145297e-04,3.5830423010175851e-06,2.3492241178445280e-03,2.5023029028467436e-06,4.6999835162834120e+02,-2.1699392082906264e+00,9.0687160067948426e+01,-2.0898240997825828e+00,9.3014136640228358e+01,-1.6609642015404920e+00,9.0687160067948440e+01,-2.0898240997825837e+00,4.6999835162834125e+02,-2.1699392082906268e+00,9.3014136640228344e+01,-1.6609642015404924e+00,9.3014136640038970e+01,-1.6609642017947799e+00,9.3014136640038942e+01,-1.6609642017947799e+00,4.5652962428619969e+02,-1.3211441226069813e+00,8.9294629331758600e-06,2.3528350324284218e-06,3.6636210416436069e-04,4.2277180764547874e-02,4.2277511028264964e-02,4.2565623425540045e-02,5.3220482844226999e-05,5.3220898595565466e-05,5.3583587890809241e-05,2.7780072447946164e-01,8.2218734872450772e-01,3.1314788908497809e-01,9.1102561309623553e-01,-2.9272432241336899e-03,5.6852812662410378e-04
1.3127434751729246e+07,2.2746817487224254e-03,5.7076144864175047e-06,-3.6168956395299108e-04,5.1585496600462539e-06,-3.8967596472272941e-04,3.5270835165413476e-06,-3.6168956395299102e-04,5.1585496600462522e-06,2.2746817487224254e-03,5.7076144864174996e-06,-3.8967596472272946e-04,3.5270835165413460e-06,-3.8967596472259708e-04,3.5270835167224196e-06,-3.8967596472259686e-04,3.5270835167224166e-06,2.3492786213593166e-03,2.4603961791735321e-06,4.6994980131358210e+02,-2.1360063621574561e+00,9.0640577370360560e+01,-2.0570093894739419e+00,9.2977386320013011e+01,-1.6345135521785576e+00,9.0640577370360589e+01,-2.0570093894739419e+00,4.6994980131358227e+02,-2.1360063621574561e+00,9.2977386320013025e+01,-1.6345135521785576e+00,9.2977386319981179e+01,-1.6345135522214567e+00,9.2977386319981150e+01,-1.6345135522214571e+00,4.5650071823632061e+02,-1.2995103672174713e+00,9.1668647881753994e-06,2.3881562811993259e-06,3.7540502021883511e-04,4.4015307838377676e-02,4.4015831177856825e-02,4.4307354240771306e-02,5.3220204025197746e-05,5.3220836810363247e-05,5.3573325924907882e-05,3.0425575660744020e-01,-8.0928292786087019e-01,3.3132095268196693e-01,-9.0399982627521369e-01,2.3411078355294219e-03,1.0919090340483814e-03
1.3667210026669214e+07,2.2748107335486254e-03,5.6212046440349155e-06,-3.6157293762614101e-04,5.0797936570158237e-06,-3.8959707316665090e-04,3.4720213574564650e-06,-3.6157293762614095e-04,5.0797936570158245e-06,2.2748107335486254e-03,5.6212046440349164e-06,-3.8959707316665079e-04,3.4720213574564655e-06,-3.8959707316641644e-04,3.4720213577752929e-06,-3.8959707316641638e-04,3.4720213577752925e-06,2.3493312775382715e-03,2.4192633068798630e-06,4.6990219263866169e+02,-2.1026224977191008e+00,9.0594746328601445e+01,-2.0247274566987934e+00,9.2941232830357279e+01,-1.6085045683600461e+00,9.0594746328601445e+01,-2.0247274566987943e+00,4.6990219263866192e+02,-2.1026224977191008e+00,9.2941232830357308e+01,-1.6085045683600465e+00,9.2941232830300962e+01,-1.6085045684355161e+00,9.2941232830300976e+01,-1.6085045684355159e+00,4.5647244933967141e+02,-1.2782583237139284e+00,9.4106660205875033e-06,2.4245622043218638e-06,3.8467508641902933e-04,4.5824920488561967e-02,4.5825650420300762e-02,4.6120509221297387e-02,5.3219956054510685e-05,5.3220803779605396e-05,5.3563245670699192e-05,7.7079752115617933e-02,8.5779136929584110e-01,9.7216802737878166e-02,9.5732305235226889e-01,-2.2244547778773531e-03,1.5382084374373494e-04
1.4229179839456581e+07,2.2749380959080816e-03,5.5361186010254299e-06,-3.6145827027401806e-04,5.0022537793746627e-06,-3.8951956984303220e-04,3.4178497217327398e-06,-3.6145827027401811e-04,5.0022537793746610e-06,2.2749380959080816e-03,5.5361186010254299e-06,-3.8951956984303220e-04,3.4178497217327398e-06,-3.8951956984303220e-04,3.4178497217328283e-06,-3.8951956984303214e-04,3.4178497217328296e-06,2.3493834854940248e-03,2.3788905318592631e-06,4.6985527138146193e+02,-2.0697810663983027e+00,9.0549651094564737e+01,-1.9929724612834159e+00,9.2905664054327247e+01,-1.5829319661360868e+00,9.0549651094564723e+01,-1.9929724612834159e+00,4.6985527138146188e+02,-2.0697810663983014e+00,9.2905664054327275e+01,-1.5829319661360866e+00,9.2905664054327275e+01,-1.5829319661361123e+00,9.2905664054327275e+01,-1.5829319661361123e+00,4.5644457092622952e+02,-1.2573821344650833e+00,9.6609584190498110e-06,2.4619575784685879e-06,3.9417874488483423e-04,4.7708923374827322e-02,4.7709873305889619e-02,4.8007999062903491e-02,5.3219698231308885e-05,5.3220757887257918e-05,5.3553319632544127e-05,-8.4834990382757325e-01,1.2719842055113656e-01,-9.4878677333064099e-01,1.5691925584715785e-01,-3.5008271852048176e-04,-1.8853209252777535e-03
1.4814256787487207e+07,2.2750632469646956e-03,5.4523401854648651e-06,-3.6134534429573960e-04,4.9259136934782527e-06,-3.8944322920173545e-04,3.3645549875739587e-06,-3.6134534429573955e-04,4.9259136934782519e-06,2.2750632469646956e-03,5.4523401854648651e-06,-3.8944322920173540e-04,3.3645549875739595e-06,-3.8944322920173577e-04,3.3645549875735076e-06,-3.8944322920173577e-04,3.3645549875735059e-06,2.3494345942366148e-03,2.3392641702026569e-06,4.6980913553694376e+02,-2.0374746899767824e+00,9.0505273668057768e+01,-1.9617369602015937e+00,9.2870665043098285e+01,-1.5577890816782716e+00,9.0505273668057811e+01,-1.9617369602015942e+00,4.6980913553694381e+02,-2.0374746899767833e+00,9.2870665043098285e+01,-1.5577890816782716e+00,9.2870665043098342e+01,-1.5577890816781648e+00,9.2870665043098342e+01,-1.5577890816781645e+00,4.5641718654479405e+02,-1.2368755095006494e+00,9.9179660810290022e-06,2.5004508978167224e-06,4.0392223396745671e-04,4.9670393813792367e-02,4.9671578270035335e-02,4.9972884855858234e-02,5.3219451575566098e-05,5.3220720663785980e-05,5.3543556261057770e-05,-8.4678009153944789e-01,-1.1340631870130012e-01,-9.5481328920331010e-01,-1.0964554411312702e-01,7.2510648784765070e-05,-1.6411815256925652e-03
1.5423390992434891e+07,2.2751864708924117e-03,5.3698546461344852e-06,-3.6123418390507708e-04,4.8507604111414112e-06,-3.8936809585784360e-04,3.3121261284719311e-06,-3.6123418390507660e-04,4.8507604111414078e-06,2.2751864708924104e-03,5.3698546461344809e-06,-3.8936809585784354e-04,3.3121261284719307e-06,-3.8936809585784734e-04,3.3121261284665232e-06,-3.8936809585784766e-04,3.3121261284665181e-06,2.3494848785775048e-03,2.3003705157589186e-06,4.6976372412444482e+02,-2.0056959637771570e+00,9.0461597427849895e+01,-1.9310138196260147e+00,9.2836222606404817e+01,-1.5330695934265157e+00,9.0461597427850009e+01,-1.9310138196260147e+00,4.6976372412444499e+02,-2.0056959637771601e+00,9.2836222606404888e+01,-1.5330695934265153e+00,9.2836222606405627e+01,-1.5330695934252327e+00,9.2836222606405698e+01,-1.5330695934252336e+00,4.5639024189831594e+02,-1.2167322363463009e+00,1.0181859782435919e-05,2.5400593149527956e-06,4.1391208428005944e-04,5.1712509839478359e-02,5.1713943939444257e-02,5.2018338277010273e-02,5.3219208109924746e-05,5.3220683993898903e-05,5.3533947180092995e-05,-5.5186096006227403e-01,6.4750124400741405e-01,-6.0622885753521494e-01,7.4499424501658440e-01,-1.1848726151872792e-03,-7.4925736533796976e-04
1.6057571643178672e+07,2.2753077955893651e-03,5.2886455367409934e-06,-3.6112474289507114e-04,4.7767787657549796e-06,-3.8929413555350970e-04,3.2605506168245601e-06,-3.6112474289507092e-04,4.7767787657549788e-06,2.2753077955893638e-03,5.2886455367409875e-06,-3.8929413555350960e-04,3.2605506168245592e-06,-3.8929413555349805e-04,3.2605506168399295e-06,-3.8929413555349827e-04,3.2605506168399253e-06,2.3495343418200219e-03,2.2621955847270259e-06,4.6971902296241541e+02,-1.9744370785986969e+00,9.0418605558700932e+01,-1.9007954143894443e+00,9.2802323203677702e+01,-1.5087667864029162e+00,9.0418605558700975e+01,-1.9007954143894443e+00,4.6971902296241564e+02,-1.9744370785986993e+00,9.2802323203677730e+01,-1.5087667864029159e+00,9.2802323203674817e+01,-1.5087667864065510e+00,9.2802323203674845e+01,-1.5087667864065508e+00,4.5636372907777564e+02,-1.1969458927256942e+00,1.0452831272786944e-05,2.5808286714594352e-06,4.2415488515055381e-04,5.3838587813820213e-02,5.3840287468297485e-02,5.4147665602856783e-02,5.3218968330920484e-05,5.3220648424352957e-05,5.3524488994341483e-05,8.4587420064510688e-01,-4.5887063483591700e-02,9.5670225233690065e-01,-7.7829594713747105e-02,2.9216459634994981e-04,1.1551615279205183e-03
1.6717828602172432e+07,2.2754273035358527e-03,5.2086955759465588e-06,-3.6101699084114457e-04,4.7039529192661456e-06,-3.8922133177161624e-04,3.2098155785198797e-06,-3.6101699084114511e-04,4.7039529192661464e-06,2.2754273035358540e-03,5.2086955759465614e-06,-3.8922133177161634e-04,3.2098155785198793e-06,-3.8922133177163169e-04,3.2098155784992812e-06,-3.8922133177163141e-04,3.2098155784992867e-06,2.3495830444543544e-03,2.2247252998061260e-06,4.6967500811138416e+02,-1.9436899331606983e+00,9.0376281609896921e+01,-1.8710738542211454e+00,9.2768953723938722e+01,-1.4848737708008020e+00,9.0376281609896878e+01,-1.8710738542211460e+00,4.6967500811138416e+02,-1.9436899331606960e+00,9.2768953723938736e+01,-1.4848737708008031e+00,9.2768953723942531e+01,-1.4848737707959312e+00,9.2768953723942531e+01,-1.4848737707959314e+00,4.5633763062143555e+02,-1.1775099576974328e+00,1.0731072489965840e-05,2.6228003323934795e-06,4.3465734209418319e-04,5.6052078637451298e-02,5.6054060556375893e-02,5.6364307804013317e-02,5.3218730944888219e-05,5.3220612680812492e-05,5.3515177399905291e-05,-6.8103005497198799e-01,4.9748988286012374e-01,-7.5638914615251185e-01,5.8990280700511333e-01,-7.7377313518059865e-04,-6.4691759449600993e-04
1.7405234077865101e+07,2.2755449971217133e-03,5.1299861795834312e-06,-3.6091087534215823e-04,4.6322656782999681e-06,-3.8914964288251240e-04,3.1599072099547393e-06,-3.6091087534215888e-04,4.6322656782999707e-06,2.2755449971217146e-03,5.1299861795834405e-06,-3.8914964288251262e-04,3.1599072099547389e-06,-3.8914964288246459e-04,3.1599072100174168e-06,-3.8914964288246410e-04,3.1599072100174304e-06,2.3496309635975252e-03,2.1879451671386986e-06,4.6963167020802274e+02,-1.9134460368130422e+00,9.0334609025354084e+01,-1.8418408468927630e+00,9.2736100766766427e+01,-1.4613833362916036e+00,9.0334609025353970e+01,-1.8418408468927638e+00,4.6963167020802257e+02,-1.9134460368130384e+00,9.2736100766766356e+01,-1.4613833362916042e+00,9.2736100766755044e+01,-1.4613833363064770e+00,9.2736100766754987e+01,-1.4613833363064768e+00,4.5631194318549859e+02,-1.1584176864438072e+00,1.1016784079062947e-05,2.6660261550105821e-06,4.4542621187882922e-04,5.8356577844114861e-02,5.8358859620281513e-02,5.8671848494408846e-02,5.3218497306669184e-05,5.3220578180895626e-05,5.3506009543907649e-05,-7.4100427133053004e-01,-3.9470043951433514e-01,-8.6179408093010867e-01,-4.1971310511836324e-01,1.6689129722443968e-04,-8.3356550491164600e-04
1.8120904365888171e+07,2.2756609097291996e-03,5.0524975300476961e-06,-3.6080635341044514e-04,4.5616987640991012e-06,-3.8907903826486211e-04,3.1108111198929003e-06,-3.6080635341044113e-04,4.5616987640990944e-06,2.2756609097291909e-03,5.0524975300476503e-06,-3.8907903826486043e-04,3.1108111198928970e-06,-3.8907903826507830e-04,3.1108111196119154e-06,-3.8907903826508085e-04,3.1108111196118446e-06,2.3496781072795620e-03,2.1518405778784367e-06,4.6958899450429772e+02,-1.8836964786848958e+00,9.0293571681945451e+01,-1.8130877031784376e+00,9.2703751529022099e+01,-1.4382880056395828e+00,9.0293571681946020e+01,-1.8130877031784305e+00,4.6958899450429914e+02,-1.8836964786849151e+00,9.2703751529022441e+01,-1.4382880056395781e+00,9.2703751529073728e+01,-1.4382880055728680e+00,9.2703751529073955e+01,-1.4382880055728686e+00,4.5628665849392451e+02,-1.1396621890175993e+00,1.1310167395878572e-05,2.7105569453547102e-06,4.5646832452720163e-04,6.0755828404304463e-02,6.0758428557538685e-02,6.1074018558609854e-02,5.3218268259579322e-05,5.3220545829583207e-05,5.3496982737418316e-05,-8.3099589703916521e-01,-8.8244687198275301e-02,-9.5589508127487999e-01,-6.1763311822042907e-02,-1.6429665111595545e-04,-6.9426200323206258e-04
1.8866001661837000e+07,2.2757752561926837e-03,4.9762097636284085e-06,-3.6070343279232794e-04,4.4922342166208874e-06,-3.8900954294230462e-04,3.0625131342891397e-06,-3.6070343279232220e-04,4.4922342166208900e-06,2.2757752561926711e-03,4.9762097636283246e-06,-3.8900954294230228e-04,3.0625131342891316e-06,-3.8900954294290602e-04,3.0625131335140092e-06,-3.8900954294290944e-04,3.0625131335138983e-06,2.3497246788826247e-03,2.1163966805004419e-06,4.6954693322134716e+02,-1.8544322460423901e+00,9.0253153809310348e+01,-1.7848056957961211e+00,9.2671893361204866e+01,-1.4155802729506670e+00,9.0253153809311115e+01,-1.7848056957961103e+00,4.6954693322134909e+02,-1.8544322460424134e+00,9.2671893361205335e+01,-1.4155802729506586e+00,9.2671893361349504e+01,-1.4155802727668638e+00,9.2671893361349859e+01,-1.4155802727668645e+00,4.5626173480668939e+02,-1.1212365012501349e+00,1.1611415220549575e-05,2.7564213069324024e-06,4.6779061404426286e-04,6.3253718369815096e-02,6.3256656214703083e-02,6.3574695781556168e-02,5.3218037121306813e-05,5.3220508854863907e-05,5.3488089036883823e-05,2.2401825342173529e-01,8.0094352561942628e-01,3.0051487457168263e-01,9.0879367995872495e-01,-4.7267289536965883e-04,3.6317281511913325e-04
1.9641735948590510e+07,2.2758876417678753e-03,4.9011038537437016e-06,-3.6060195697043486e-04,4.4238539591461213e-06,-3.8894099751828743e-04,3.0149990081826183e-06,-3.6060195697046988e-04,4.4238539591461044e-06,2.2758876417679546e-03,4.9011038537442259e-06,-3.8894099751830141e-04,3.0149990081826666e-06,-3.8894099751434857e-04,3.0149990132241301e-06,-3.8894099751432716e-04,3.0149990132248166e-06,2.3497702358435601e-03,2.0815997011468926e-06,4.6950555038082035e+02,-1.8256451784906915e+00,9.0213340075069880e+01,-1.7569867758088591e+00,9.2640513691423124e+01,-1.3932531616923629e+00,9.0213340075065261e+01,-1.7569867758089253e+00,4.6950555038080853e+02,-1.8256451784905583e+00,9.2640513691420139e+01,-1.3932531616924149e+00,9.2640513690474720e+01,-1.3932531628872522e+00,9.2640513690472488e+01,-1.3932531628872507e+00,4.5623724130531724e+02,-1.1031342249865335e+00,1.1920764524481853e-05,2.8037291159741542e-06,4.7940005677468169e-04,6.5854313899336506e-02,6.5857610165305988e-02,6.6177925237538612e-02,5.3217812732221423e-05,5.3220476491885637e-05,5.3479327682036081e-05,-5.3988213462863111e-01,-6.2726587280310653e-01,-6.6100389507751411e-01,-6.9131327438198353e-01,2.0932997369670873e-04,-4.4940546992194158e-04
2.0449366961233869e+07,2.2759986323421201e-03,4.8271483007801912e-06,-3.6050202442682630e-04,4.3565293872069180e-06,-3.8887353357520916e-04,2.9682478630821519e-06,-3.6050202442682277e-04,4.3565293872068468e-06,2.2759986323421110e-03,4.8271483007802658e-06,-3.8887353357520786e-04,2.9682478630821617e-06,-3.8887353357408252e-04,2.9682478643883868e-06,-3.8887353357408458e-04,2.9682478643883847e-06,2.3498153408762624e-03,2.0474313568839724e-06,4.6946473365595904e+02,-1.7973216916675969e+00,9.0174113887949488e+01,-1.7296178059587217e+00,9.2609600391041241e+01,-1.3712958579825716e+00,9.0174113887949972e+01,-1.7296178059587224e+00,4.6946473365596029e+02,-1.7973216916676302e+00,9.2609600391041567e+01,-1.3712958579825778e+00,9.2609600390763163e+01,-1.3712958582896264e+00,9.2609600390763362e+01,-1.3712958582896322e+00,4.5621307494845701e+02,-1.0853460456443367e+00,1.2238379544008148e-05,2.8524658518978622e-06,4.9130322277703554e-04,6.8561836965291945e-02,6.8565512958784533e-02,6.8887924371102360e-02,5.3217594076782846e-05,5.3220447377367779e-05,5.3470702627604707e-05,2.3999507731370359e-01,-7.8769673884069069e-01,2.2476231056004881e-01,-9.2892829326385562e-01,4.0465209561368058e-04,-6.8535287962765050e-05
2.1290206232775044e+07,2.2761080851528000e-03,4.7543243219909853e-06,-3.6040354961354307e-04,4.2902433167310835e-06,-3.8880706465458075e-04,2.9222455882559652e-06,-3.6040354961353028e-04,4.2902433167311462e-06,2.2761080851527709e-03,4.7543243219906923e-06,-3.8880706465457566e-04,2.9222455882559348e-06,-3.8880706465705555e-04,2.9222455851923021e-06,-3.8880706465706331e-04,2.9222455851919947e-06,2.3498598375328514e-03,2.0138763026980044e-06,4.6942450069399791e+02,-1.7694535537762386e+00,9.0135459907749393e+01,-1.7026907758602106e+00,9.2579139289442608e+01,-1.3497012681793745e+00,9.0135459907751127e+01,-1.7026907758601808e+00,4.6942450069400235e+02,-1.7694535537762719e+00,9.2579139289443759e+01,-1.3497012681793468e+00,9.2579139290043912e+01,-1.3497012674549547e+00,9.2579139290044708e+01,-1.3497012674549511e+00,4.5618925468285875e+02,-1.0678651663785692e+00,1.2564485892933627e-05,2.9027085164335226e-06,5.0350713903871255e-04,7.1380673707910236e-02,7.1384751840999780e-02,7.1709059197591699e-02,5.3217373210683809e-05,5.3220413634924085e-05,5.3462198767148327e-05,-3.6712543858479885e-01,-7.3232459344680689e-01,-4.8230046668817395e-01,-8.2423078994648202e-01,1.9262664055500189e-04,-2.7790887032976154e-04
2.2165619223977376e+07,2.2762153928614984e-03,4.6826134214894200e-06,-3.6030632628089262e-04,4.2249780420914118e-06,-3.8874138220472361e-04,2.8769793512864414e-06,-3.6030632628091360e-04,4.2249780420912762e-06,2.2762153928615443e-03,4.6826134214899410e-06,-3.8874138220473196e-04,2.8769793512864957e-06,-3.8874138219958064e-04,2.8769793576212793e-06,-3.8874138219956796e-04,2.8769793576218062e-06,2.3499030335778727e-03,1.9809243451283777e-06,4.6938495693221375e+02,-1.7420333493972988e+00,9.0097366514533064e+01,-1.6761983467796253e+00,9.2549123432393287e+01,-1.3284633290870806e+00,9.0097366514530265e+01,-1.6761983467796764e+00,4.6938495693220682e+02,-1.7420333493972533e+00,9.2549123432391511e+01,-1.3284633290871302e+00,9.2549123431141140e+01,-1.3284633305825353e+00,9.2549123431139819e+01,-1.3284633305825431e+00,4.5616589612060687e+02,-1.0506864586963744e+00,1.2899336143693438e-05,2.9546153545492090e-06,5.1601888687903986e-04,7.4315425303770305e-02,7.4319930218059771e-02,7.4645903330384747e-02,5.3217167956869985e-05,5.3220393919439577e-05,5.3453822790997713e-05,-6.2324434689045076e-02,8.1246554310368113e-01,-4.8232448383375521e-03,9.5417260240376300e-01,-2.4882711365249526e-04,1.2224512555947354e-04
2.3077027540766839e+07,2.2763227152818575e-03,4.6119758748644086e-06,-3.6021088247143254e-04,4.1606996037006946e-06,-3.8867708630553881e-04,2.8324234727009115e-06,-3.6021088247142956e-04,4.1606996037007599e-06,2.2763227152818506e-03,4.6119758748642561e-06,-3.8867708630553740e-04,2.8324234727008954e-06,-3.8867708630754155e-04,2.8324234703598831e-06,-3.8867708630754334e-04,2.8324234703597666e-06,2.3499472228365108e-03,1.9485491390892621e-06,4.6934569622010963e+02,-1.7150430660554816e+00,9.0059814350323578e+01,-1.6501234590733629e+00,9.2519535083832736e+01,-1.3075677950412388e+00,9.0059814350323933e+01,-1.6501234590733516e+00,4.6934569622011060e+02,-1.7150430660554759e+00,9.2519535083832977e+01,-1.3075677950412246e+00,9.2519535084327302e+01,-1.3075677944929649e+00,9.2519535084327529e+01,-1.3075677944929596e+00,4.5614259532347853e+02,-1.0337970777181462e+00,1.3242987764332102e-05,3.0079314762885620e-06,5.2884465311025348e-04,7.7370784529212158e-02,7.7375739336292673e-02,7.7703169861632046e-02,5.3216926925034334e-05,5.3220334924680907e-05,5.3445547147175983e-05,-7.8013564222944043e-01,-2.1947361068240573e-01,-9.3519923639101976e-01,-1.8528706892938721e-01,-6.4510280261714895e-05,-2.1677364418672300e-04
2.4025911242814854e+07,2.2764266296504861e-03,4.5423915746684158e-06,-3.6011625054721400e-04,4.0973850664282986e-06,-3.8861311927628124e-04,2.7885619130837475e-06,-3.6011625054721596e-04,4.0973850664282884e-06,2.2764266296504917e-03,4.5423915746684607e-06,-3.8861311927628205e-04,2.7885619130837526e-06,-3.8861311927595972e-04,2.7885619134888897e-06,-3.8861311927595858e-04,2.7885619134889359e-06,2.3499887135730972e-03,1.9167435743508310e-06,4.6930734022611614e+02,-1.6884769723243203e+00,9.0022793397766904e+01,-1.6244597745851888e+00,9.2490368755567104e+01,-1.2870094492408692e+00,9.0022793397766662e+01,-1.6244597745851930e+00,4.6930734022611551e+02,-1.6884769723243152e+00,9.2490368755566948e+01,-1.2870094492408732e+00,9.2490368755489257e+01,-1.2870094493370874e+00,9.2490368755489158e+01,-1.2870094493370876e+00,4.5611998375999968e+02,-1.0171933005104123e+00,1.3595875545925301e-05,3.0632326292937983e-06,5.4199101155611503e-04,8.0551846785906683e-02,8.0557280156507552e-02,8.0885873821010895e-02,5.3216743271373330e-05,5.3220332838837047e-05,5.3437418919196570e-05,-8.0498567153816503e-01,-3.8232960498012204e-02,-9.5182485929243599e-01,3.6933226489516434e-02,-9.4709639518288902e-05,-1.5725514352197051e-04
2.5013811247045714e+07,2.2765302855439896e-03,4.4738308953149796e-06,-3.6002323376857373e-04,4.0350114697677307e-06,-3.8855038231390746e-04,2.7453763776975488e-06,-3.6002323376857351e-04,4.0350114697677171e-06,2.2765302855439883e-03,4.4738308953149957e-06,-3.8855038231390746e-04,2.7453763776975492e-06,-3.8855038231327803e-04,2.7453763784665873e-06,-3.8855038231327792e-04,2.7453763784665941e-06,2.3500308683805414e-03,1.8854842565709634e-06,4.6926930227501009e+02,-1.6623203379037401e+00,8.9986285649848952e+01,-1.5991937017062110e+00,9.2461606718421123e+01,-1.2667767702095278e+00,8.9986285649849023e+01,-1.5991937017062123e+00,4.6926930227501038e+02,-1.6623203379037452e+00,9.2461606718421123e+01,-1.2667767702095292e+00,9.2461606718267248e+01,-1.2667767703901518e+00,9.2461606718267205e+01,-1.2667767703901525e+00,4.5609747388075476e+02,-1.0008641416695103e+00,1.3957993912782528e-05,3.1201154718233405e-06,5.5546427618740723e-04,8.3863645502846904e-02,8.3869583304227072e-02,8.4199083733253383e-02,5.3216527020597946e-05,5.3220294912700606e-05,5.3429382752603564e-05,5.0612091923130686e-01,6.2119405449087051e-01,6.6789111362477516e-01,6.7795215274683751e-01,-4.0276519485984400e-05,1.4265166142735257e-04
2.6042331829971634e+07,2.2766315867304003e-03,4.4062612254095090e-06,-3.5993123129301812e-04,3.9735463248255387e-06,-3.8848823479433077e-04,2.7028449800954076e-06,-3.5993123129301867e-04,3.9735463248254870e-06,2.2766315867303994e-03,4.4062612254095945e-06,-3.8848823479433131e-04,2.7028449800954156e-06,-3.8848823479407241e-04,2.7028449801360740e-06,-3.8848823479407203e-04,2.7028449801361325e-06,2.3500713801526056e-03,1.8547590965307213e-06,4.6923196336636101e+02,-1.6365617954223706e+00,8.9950284120396987e+01,-1.5743137718735576e+00,9.2433248995891972e+01,-1.2468607071563866e+00,8.9950284120396887e+01,-1.5743137718735636e+00,4.6923196336636124e+02,-1.6365617954223826e+00,9.2433248995891944e+01,-1.2468607071563957e+00,9.2433248995815404e+01,-1.2468607071581379e+00,9.2433248995815333e+01,-1.2468607071581403e+00,4.5607546296563311e+02,-9.8480284564889708e-01,1.4329672649990910e-05,3.1789789903928621e-06,5.6927055023921593e-04,8.7311658024635280e-02,8.7318131206064700e-02,8.7648218535995304e-02,5.3216343025320117e-05,5.3220288421057716e-05,5.3421476223183096e-05,-7.2227536082931176e-01,3.3589839699845264e-01,-8.1645440923526391e-01,4.8724634789886884e-01,-1.0415422604972181e-04,-5.7677737939408612e-05
2.7113143232919123e+07,2.2767325827573941e-03,4.3396520339697834e-06,-3.5984073887885886e-04,3.9129640723320113e-06,-3.8842722299566506e-04,2.6609467801043359e-06,-3.5984073887885886e-04,3.9129640723320028e-06,2.2767325827573945e-03,4.3396520339697944e-06,-3.8842722299566517e-04,2.6609467801043368e-06,-3.8842722299528218e-04,2.6609467805714797e-06,-3.8842722299528212e-04,2.6609467805714886e-06,2.3501124811411535e-03,1.8245435099296649e-06,4.6919493508333670e+02,-1.6111870831922501e+00,8.9914766542185120e+01,-1.5498065500023281e+00,9.2405269978402870e+01,-1.2272495750039332e+00,8.9914766542185063e+01,-1.5498065500023284e+00,4.6919493508333676e+02,-1.6111870831922523e+00,9.2405269978402870e+01,-1.2272495750039343e+00,9.2405269978308965e+01,-1.2272495751132266e+00,9.2405269978308937e+01,-1.2272495751132277e+00,4.5605355237810642e+02,-9.6899822607393704e-01,1.4710966737911160e-05,3.2395656564943138e-06,5.8341502688639567e-04,9.0901383367827479e-02,9.0908420259447731e-02,9.1238790024372782e-02,5.3216129456707127e-05,5.3220249043467661e-05,5.3413656443085469e-05,-5.1325505107608282e-01,6.0286369277580820e-01,-5.3130500031823902e-01,7.8739110136605439e-01,-9.4932888327276449e-05,-5.9025001281358737e-06
2.8227984374377307e+07,2.2768332720898977e-03,4.2739728937362841e-06,-3.5975173112528255e-04,3.8532368420230480e-06,-3.8836734756557645e-04,2.6196631302167299e-06,-3.5975173112528283e-04,3.8532368420230480e-06,2.2768332720898969e-03,4.2739728937362850e-06,-3.8836734756557639e-04,2.6196631302167290e-06,-3.8836734756541740e-04,2.6196631304180234e-06,-3.8836734756541707e-04,2.6196631304180230e-06,2.3501540930534119e-03,1.7948248144394887e-06,4.6915821638230557e+02,-1.5861842801324839e+00,8.9879727982406763e+01,-1.5256604792158353e+00,9.2377671904376967e+01,-1.2079343254110999e+00,8.9879727982406820e+01,-1.5256604792158353e+00,4.6915821638230557e+02,-1.5861842801324841e+00,9.2377671904376982e+01,-1.2079343254111010e+00,9.2377671904338868e+01,-1.2079343254587076e+00,9.2377671904338840e+01,-1.2079343254587076e+00,4.5603175810711309e+02,-9.5344319908570829e-01,1.5102055943674977e-05,3.3019242657916746e-06,5.9790360445730875e-04,9.4638643982142168e-02,9.4646275549382153e-02,9.4976603947666202e-02,5.3215886399833122e-05,5.3220177676611896e-05,5.3405923348549456e-05,6.9206301047939023e-01,-3.7441876901389104e-01,7.7394125556400828e-01,-5.4909043851140238e-01,6.8916917015803586e-05,3.1016757616626169e-05
2.9388665673872892e+07,2.2769310367212773e-03,4.2091816597462571e-06,-3.5966345244328182e-04,3.7943232082065678e-06,-3.8830777795010349e-04,2.5789646661738058e-06,-3.5966345244328198e-04,3.7943232082065678e-06,2.2769310367212769e-03,4.2091816597462546e-06,-3.8830777795010349e-04,2.5789646661738058e-06,-3.8830777795021326e-04,2.5789646660210214e-06,-3.8830777795021337e-04,2.5789646660210235e-06,2.3501934125355899e-03,1.7655835674623503e-06,4.6912227871289292e+02,-1.5615385884784596e+00,8.9845154617749216e+01,-1.5018607241408179e+00,9.2350442898250421e+01,-1.1889027923403803e+00,8.9845154617749245e+01,-1.5018607241408177e+00,4.6912227871289298e+02,-1.5615385884784596e+00,9.2350442898250435e+01,-1.1889027923403808e+00,9.2350442898276668e+01,-1.1889027923042477e+00,9.2350442898276697e+01,-1.1889027923042472e+00,4.5601055481703366e+02,-9.3812799726329665e-01,1.5503270174999933e-05,3.3665995024125861e-06,6.1274011247351224e-04,9.8529654855798482e-02,9.8537917198964875e-02,9.8867790248748366e-02,5.3215696784869370e-05,5.3220159262174495e-05,5.3398323127870258e-05,6.5620724106381545e-01,4.2508451332372965e-01,8.5618410734402706e-01,4.0692409140355285e-01,4.7684842544039704e-06,5.9527051352011362e-05
3.0597071991957538e+07,2.2770275115159091e-03,4.1452457003030886e-06,-3.5957630686244329e-04,3.7361952339141585e-06,-3.8824897239166171e-04,2.5388306779190658e-06,-3.5957630686244335e-04,3.7361952339141581e-06,2.2770275115159091e-03,4.1452457003030878e-06,-3.8824897239166171e-04,2.5388306779190650e-06,-3.8824897239169418e-04,2.5388306778742252e-06,-3.8824897239169413e-04,2.5388306778742256e-06,2.3502321764022082e-03,1.7367996308977532e-06,4.6908681575980427e+02,-1.5372357816280098e+00,8.9811033426580678e+01,-1.4783938197948938e+00,9.2323570995433329e+01,-1.1701438284060939e+00,8.9811033426580664e+01,-1.4783938197948940e+00,4.6908681575980427e+02,-1.5372357816280102e+00,9.2323570995433315e+01,-1.1701438284060939e+00,9.2323570995441074e+01,-1.1701438283954981e+00,9.2323570995441074e+01,-1.1701438283954984e+00,4.5598963760919213e+02,-9.2304274799159236e-01,1.5914657501916245e-05,3.4333831089089275e-06,6.2792885986993462e-04,1.0258064574536596e-01,1.0258957412009637e-01,1.0291858701575476e-01,5.3215508958398868e-05,5.3220140709369017e-05,5.3390821918958982e-05,4.8663351362322504e-01,-6.0544285524640962e-01,4.8305553740049589e-01,-8.1448917805884913e-01,4.6909494565386807e-05,1.1897814204075005e-06
3.1855165691081908e+07,2.2771224609575962e-03,4.0821269030757096e-06,-3.5949019742586972e-04,3.6788181515296875e-06,-3.8819083675735059e-04,2.4992366776372255e-06,-3.5949019742586972e-04,3.6788181515296863e-06,2.2771224609575958e-03,4.0821269030757054e-06,-3.8819083675735075e-04,2.4992366776372260e-06,-3.8819083675733113e-04,2.4992366776679703e-06,-3.8819083675733102e-04,2.4992366776679720e-06,2.3502701069248277e-03,1.7084541631293789e-06,4.6905186562280670e+02,-1.5132610629494976e+00,8.9777354663219171e+01,-1.4552454401272421e+00,9.2297049355265074e+01,-1.1516458270926075e+00,8.9777354663219199e+01,-1.4552454401272423e+00,4.6905186562280670e+02,-1.5132610629494980e+00,9.2297049355265059e+01,-1.1516458270926071e+00,9.2297049355260356e+01,-1.1516458270998928e+00,9.2297049355260384e+01,-1.1516458270998933e+00,4.5596905070921582e+02,-9.0817785335609380e-01,1.6336365474988320e-05,3.5024160577567255e-06,6.4347317002281254e-04,1.0679821892403696e-01,1.0680785119225410e-01,1.0713555973223685e-01,5.3215335132112875e-05,5.3220134691379139e-05,5.3383425052927595e-05,2.2365334099322481e-01,7.3846372486070699e-01,4.0886342059881364e-01,8.5299645012930037e-01,-2.1735943827075595e-05,2.9526905790854785e-05
3.3164989822327122e+07,2.2772164318335705e-03,4.0197874566204841e-06,-3.5940523910639769e-04,3.6221580315530068e-06,-3.8813350969424431e-04,2.4601584597676536e-06,-3.5940523910639785e-04,3.6221580315530076e-06,2.2772164318335701e-03,4.0197874566204883e-06,-3.8813350969424431e-04,2.4601584597676515e-06,-3.8813350969424740e-04,2.4601584597691131e-06,-3.8813350969424745e-04,2.4601584597691122e-06,2.3503077706266140e-03,1.6805273794046392e-06,4.6901732281064687e+02,-1.4895992368330062e+00,8.9744108042393364e+01,-1.4324009739701740e+00,9.2270869611113653e+01,-1.1333968891205726e+00,8.9744108042393364e+01,-1.4324009739701746e+00,4.6901732281064676e+02,-1.4895992368330064e+00,9.2270869611113696e+01,-1.1333968891205732e+00,9.2270869611114406e+01,-1.1333968891208799e+00,9.2270869611114335e+01,-1.1333968891208801e+00,4.5594869234324636e+02,-8.9352330051744044e-01,1.6768473991202248e-05,3.5736629862938230e-06,6.5937573121173344e-04,1.1118918671698631e-01,1.1119956166577022e-01,1.1152550603864178e-01,5.3215156678046288e-05,5.3220122129646073e-05,5.3376119141431365e-05,5.8859960932812894e-01,4.9070258996080657e-01,8.1510204275388431e-01,4.7786966503773765e-01,-1.9642826613858422e-06,2.8417624251147257e-05
3.4528671443168521e+07,2.2773102317623171e-03,3.9581887661079660e-06,-3.5932161953001768e-04,3.5661804055675170e-06,-3.8807720957990857e-04,2.4215714298168869e-06,-3.5932161953001796e-04,3.5661804055675187e-06,2.2773102317623171e-03,3.9581887661079702e-06,-3.8807720957990868e-04,2.4215714298168856e-06,-3.8807720957989545e-04,2.4215714298190303e-06,-3.8807720957989567e-04,2.4215714298190282e-06,2.3503460148909215e-03,1.6529990497328746e-06,4.6898303439081695e+02,-1.4662346944733251e+00,8.9711283798756469e+01,-1.4098454435293295e+00,9.2245023607013763e+01,-1.1153848254046628e+00,8.9711283798756483e+01,-1.4098454435293302e+00,4.6898303439081684e+02,-1.4662346944733251e+00,9.2245023607013792e+01,-1.1153848254046630e+00,9.2245023607011134e+01,-1.1153848254051886e+00,9.2245023607011106e+01,-1.1153848254051884e+00,4.5592841260930413e+02,-8.7906882683956855e-01,1.7211024274109309e-05,3.6470134789967947e-06,6.7563841167130186e-04,1.1576061969658406e-01,1.1577177649188691e-01,1.1609548969735514e-01,5.3214947071126474e-05,5.3220075829706733e-05,5.3368886203565895e-05,-7.0372951617729007e-01,-2.8950107222617399e-01,-9.2238976183379651e-01,-1.9967845953094379e-01,-4.6440335334648605e-06,-2.1509128910923379e-05
3.5948425071659647e+07,2.2774031881775173e-03,3.8972875506542253e-06,-3.5923912985079539e-04,3.5108454193377011e-06,-3.8802171546786036e-04,2.3834478531769322e-06,-3.5923912985079566e-04,3.5108454193377040e-06,2.2774031881775164e-03,3.8972875506542320e-06,-3.8802171546786031e-04,2.3834478531769310e-06,-3.8802171546792493e-04,2.3834478530656054e-06,-3.8802171546792504e-04,2.3834478530656041e-06,2.3503840994928867e-03,1.6258491542454206e-06,4.6894911957058412e+02,-1.4431511801831738e+00,8.9678874342680643e+01,-1.3875630520832842e+00,9.2219506269146365e+01,-1.0975969191240622e+00,8.9678874342680615e+01,-1.3875630520832845e+00,4.6894911957058400e+02,-1.4431511801831727e+00,9.2219506269146365e+01,-1.0975969191240629e+00,9.2219506269162295e+01,-1.0975969190977528e+00,9.2219506269162252e+01,-1.0975969190977521e+00,4.5590833607365965e+02,-8.6480412848840726e-01,1.7664122025292217e-05,3.7226813102818232e-06,6.9226168573534514e-04,1.2051998785783770e-01,1.2053196914883231e-01,1.2085293068360363e-01,5.3214730954489613e-05,5.3220021207070105e-05,5.3361739456658238e-05,-7.3309065286314323e-01,-1.8263326894078352e-01,-9.4124956929041403e-01,-5.0859344200154505e-02,-5.4476598085668406e-06,-1.5999477718226421e-05
3.7426556282645695e+07,2.2774941679738537e-03,3.8370380972909951e-06,-3.5915743738329552e-04,3.4561106561013728e-06,-3.8796666616789397e-04,2.3457582536395528e-06,-3.5915743738329557e-04,3.4561106561013724e-06,2.2774941679738524e-03,3.8370380972909968e-06,-3.8796666616789402e-04,2.3457582536395515e-06,-3.8796666616823148e-04,2.3457582531827729e-06,-3.8796666616823159e-04,2.3457582531827742e-06,2.3504207997207737e-03,1.5990569590235061e-06,4.6891578173086992e+02,-1.4203318685116100e+00,8.9646872214945375e+01,-1.3655373921413836e+00,9.2194312103158239e+01,-1.0800199574081861e+00,8.9646872214945333e+01,-1.3655373921413836e+00,4.6891578173086998e+02,-1.4203318685116089e+00,9.2194312103158268e+01,-1.0800199574081861e+00,9.2194312103239085e+01,-1.0800199573001004e+00,9.2194312103239071e+01,-1.0800199573001001e+00,4.5588867010961127e+02,-8.5071856534943557e-01,1.8127870580832533e-05,3.8010023335520982e-06,7.0924462095620425e-04,1.2547510031156164e-01,1.2548795305128285e-01,1.2580557237648349e-01,5.3214543764226086e-05,5.3219994667861043e-05,5.3354698425333915e-05,7.4337095332927727e-01,9.9171809779923834e-02,9.3905390910516229e-01,-6.7146972275178032e-02,5.0324037238697202e-06,1.1886439316779450e-05
3.8965465451846629e+07,2.2775820145837827e-03,3.7773933624607100e-06,-3.5907620089835942e-04,3.4019325678400619e-06,-3.8791168454368135e-04,2.3084720310631864e-06,-3.5907620089835947e-04,3.4019325678400607e-06,2.2775820145837823e-03,3.7773933624607036e-06,-3.8791168454368129e-04,2.3084720310631860e-06,-3.8791168454377719e-04,2.3084720309662304e-06,-3.8791168454377698e-04,2.3084720309662291e-06,2.3504548866462864e-03,1.5726002734439385e-06,4.6888322724532702e+02,-1.3977594087894705e+00,8.9615268344375878e+01,-1.3437515599326364e+00,9.2169432208677904e+01,-1.0626402223576445e+00,8.9615268344375863e+01,-1.3437515599326362e+00,4.6888322724532708e+02,-1.3977594087894700e+00,9.2169432208677890e+01,-1.0626402223576445e+00,9.2169432208700456e+01,-1.0626402223346065e+00,9.2169432208700442e+01,-1.0626402223346070e+00,4.5586962053110494e+02,-8.3680094447484732e-01,1.8602340972935050e-05,3.8823695964273185e-06,7.2658471594169694e-04,1.3063409131214612e-01,1.3064786646882523e-01,1.3096147642798650e-01,5.3214418430098393e-05,5.3220029805690314e-05,5.3347780314175704e-05,7.4232423539709103e-01,-5.4608176450426218e-02,9.0041421355389162e-01,-2.7073737020276706e-01,5.1863993336221847e-06,8.3176379529665106e-06
4.0567651653889172e+07,2.2776729382702784e-03,3.7183233932757042e-06,-3.5899708845887765e-04,3.3482893774117301e-06,-3.8785863315494594e-04,2.2715727112578252e-06,-3.5899708845887830e-04,3.3482893774117293e-06,2.2776729382702784e-03,3.7183233932757292e-06,-3.8785863315494643e-04,2.2715727112578222e-06,-3.8785863315458902e-04,2.2715727115763079e-06,-3.8785863315458983e-04,2.2715727115763028e-06,2.3504929756009920e-03,1.5464580554914251e-06,4.6885031711103738e+02,-1.3754179735400089e+00,8.9584056952956686e+01,-1.3221912067668196e+00,9.2144860997121043e+01,-1.0454460022292467e+00,8.9584056952956843e+01,-1.3221912067668176e+00,4.6885031711103665e+02,-1.3754179735400098e+00,9.2144860997121071e+01,-1.0454460022292476e+00,9.2144860997037497e+01,-1.0454460023051608e+00,9.2144860997037426e+01,-1.0454460023051626e+00,4.5585004865480778e+02,-8.2304054539264693e-01,1.9087106861188652e-05,3.9653837815600342e-06,7.4428063433930824e-04,1.3600489670298299e-01,1.3601963624997623e-01,1.3632872048518024e-01,5.3214175361578580e-05,5.3219942454216149e-05,5.3340876796231527e-05,-6.4821269864056275e-01,3.5410009667566356e-01,-6.9724896619648025e-01,6.2893694210777096e-01,-5.9226087862970631e-06,-4.4394439907557346e-06
4.2235716720619924e+07,2.2777592588411775e-03,3.6597621164198462e-06,-3.5891800326954578e-04,3.2951145886651195e-06,-3.8780519104503701e-04,2.2350160853602668e-06,-3.5891800326954567e-04,3.2951145886651237e-06,2.2777592588411762e-03,3.6597621164198364e-06,-3.8780519104503696e-04,2.2350160853602677e-06,-3.8780519104481009e-04,2.2350160857002235e-06,-3.8780519104480982e-04,2.2350160857002235e-06,2.3505268397327741e-03,1.5206092893819714e-06,4.6881845573170557e+02,-1.3532878493453837e+00,8.9553236114065825e+01,-1.3008361795733321e+00,9.2120600853470904e+01,-1.0284214552178392e+00,8.9553236114065797e+01,-1.3008361795733323e+00,4.6881845573170563e+02,-1.3532878493453837e+00,9.2120600853470933e+01,-1.0284214552178386e+00,9.2120600853416192e+01,-1.0284214552979269e+00,9.2120600853416164e+01,-1.0284214552979267e+00,4.5583136870535981e+02,-8.0942612158828708e-01,1.9582571249528624e-05,4.0519020172923552e-06,7.6232543691508387e-04,1.4159677219097247e-01,1.4161253493398951e-01,1.4191631130210125e-01,5.3214029360921615e-05,5.3219953218201257e-05,5.3334116587335490e-05,-2.0032149616162392e-01,7.0492830417970853e-01,-2.5011034260327969e-02,9.3737605643384125e-01,-5.5393206120618261e-06,4.5918866137319153e-07
4.3972369466287248e+07,2.2778459365985402e-03,3.6016775143724778e-06,-3.5884027959219610e-04,3.2423839052000044e-06,-3.8775284194592969e-04,2.1987839434528966e-06,-3.5884027959219599e-04,3.2423839052000027e-06,2.2778459365985410e-03,3.6016775143724799e-06,-3.8775284194592958e-04,2.1987839434528978e-06,-3.8775284194570152e-04,2.1987839437733867e-06,-3.8775284194570131e-04,2.1987839437733871e-06,2.3505617807195291e-03,1.4950325632060286e-06,4.6878673280880838e+02,-1.3313532918486195e+00,8.9522800949655306e+01,-1.2796720921775546e+00,9.2096645486894758e+01,-1.0115547935131102e+00,8.9522800949655291e+01,-1.2796720921775555e+00,4.6878673280880832e+02,-1.3313532918486202e+00,9.2096645486894758e+01,-1.0115547935131104e+00,9.2096645486840458e+01,-1.0115547935889591e+00,9.2096645486840401e+01,-1.0115547935889586e+00,4.5581266677840659e+02,-7.9594696862030490e-01,2.0088288953876693e-05,4.1408646603721191e-06,7.8071378728400366e-04,1.4741846366387948e-01,1.4743530209681902e-01,1.4773308713978842e-01,5.3213848931115807e-05,5.3219927123795413e-05,5.3327419007082509e-05,-6.2071565004733409e-01,-3.7843301390934286e-01,-8.9986017260287676e-01,-2.5898128871883735e-01,1.0910485494092044e-06,-4.0053614280410430e-06
4.5780430086455286e+07,2.2779312546895129e-03,3.5440171313813337e-06,-3.5876344602484277e-04,3.1900484367075659e-06,-3.8770106817335710e-04,2.1628430148844581e-06,-3.5876344602484272e-04,3.1900484367075659e-06,2.2779312546895125e-03,3.5440171313813349e-06,-3.8770106817335716e-04,2.1628430148844593e-06,-3.8770106817343560e-04,2.1628430147806284e-06,-3.8770106817343587e-04,2.1628430147806309e-06,2.3505959481808021e-03,1.4697063949693254e-06,4.6875546227975570e+02,-1.3095956614081699e+00,8.9492750641533632e+01,-1.2586807323127673e+00,9.2072996088141650e+01,-9.9483154551205288e-01,8.9492750641533632e+01,-1.2586807323127673e+00,4.6875546227975559e+02,-1.3095956614081699e+00,9.2072996088141636e+01,-9.9483154551205277e-01,9.2072996088160352e+01,-9.9483154548751351e-01,9.2072996088160394e+01,-9.9483154548751318e-01,4.5579426151503026e+02,-7.8259179549698021e-01,2.0604191320935316e-05,4.2327274468272920e-06,7.9943691249716035e-04,1.5347954291134702e-01,1.5349751565122016e-01,1.5378853510058066e-01,5.3213679384945660e-05,5.3219910805753524e-05,5.3320811651425165e-05,-1.1485812392012225e-01,7.1184409644779056e-01,1.1685472046206678e-01,9.2769139620277419e-01,-3.0824222094898052e-06,9.9282517627873467e-08
4.7662834737792917e+07,2.2780162083441478e-03,3.4867354162517583e-06,-3.5868775973754870e-04,3.1380677409839918e-06,-3.8765014847365000e-04,2.1271645063175589e-06,-3.5868775973754892e-04,3.1380677409839913e-06,2.2780162083441465e-03,3.4867354162517578e-06,-3.8765014847365000e-04,2.1271645063175581e-06,-3.8765014847362111e-04,2.1271645063533169e-06,-3.8765014847362095e-04,2.1271645063533173e-06,2.3506304332722460e-03,1.4446075330317485e-06,4.6872445859145347e+02,-1.2879969580477972e+00,8.9463079750265976e+01,-1.2378448786552698e+00,9.2049644651864142e+01,-9.7823770201010407e-01,8.9463079750265990e+01,-1.2378448786552696e+00,4.6872445859145353e+02,-1.2879969580477972e+00,9.2049644651864156e+01,-9.7823770201010418e-01,9.2049644651857292e+01,-9.7823770201855131e-01,9.2049644651857278e+01,-9.7823770201855131e-01,4.5577596058785059e+02,-7.6934886541585357e-01,2.1129984896458311e-05,4.3273071630392311e-06,8.1848436263704384e-04,1.5978975978836996e-01,1.5980892470357258e-01,1.6009239659839472e-01,5.3213489067464525e-05,5.3219871403898129e-05,5.3314273752309122e-05,-3.6169089757129241e-01,6.1683703162556247e-01,-2.0932678619744782e-01,9.0985032568159341e-01,-2.0631956988201450e-06,-9.6888808917278270e-07
4.9622640306174919e+07,2.2780994824175556e-03,3.4297826778435439e-06,-3.5861287198299006e-04,3.0863963429495911e-06,-3.8759970058818596e-04,2.0917176864468516e-06,-3.5861287198299001e-04,3.0863963429495911e-06,2.2780994824175564e-03,3.4297826778435456e-06,-3.8759970058818591e-04,2.0917176864468525e-06,-3.8759970058812644e-04,2.0917176865205244e-06,-3.8759970058812655e-04,2.0917176865205244e-06,2.3506638109948566e-03,1.4197156587330759e-06,4.6869396453626695e+02,-1.2665393591317060e+00,8.9433791777220520e+01,-1.2171472582854088e+00,9.2026596761466990e+01,-9.6175960592494336e-01,8.9433791777220492e+01,-1.2171472582854090e+00,4.6869396453626695e+02,-1.2665393591317060e+00,9.2026596761466976e+01,-9.6175960592494336e-01,9.2026596761452836e+01,-9.6175960594234544e-01,9.2026596761452836e+01,-9.6175960594234555e-01,4.5575801211861784e+02,-7.5620749253352604e-01,2.1665453656719571e-05,4.4250443761633749e-06,8.3784329237385777e-04,1.6635948590319588e-01,1.6637990782531342e-01,1.6665495428784735e-01,5.3213320680095380e-05,5.3219853029511136e-05,5.3307831995863917e-05,-5.4430884048319743e-02,-7.0691397441650072e-01,-3.6386223912930077e-01,-8.5822450983006593e-01,1.6738736348192548e-06,-9.1078667073786616e-08
5.1663029370838478e+07,2.2781811358592590e-03,3.3731123412213307e-06,-3.5853880574864005e-04,3.0349924614595978e-06,-3.8754974957501284e-04,2.0564737840029319e-06,-3.5853880574864005e-04,3.0349924614595982e-06,2.2781811358592577e-03,3.3731123412213298e-06,-3.8754974957501284e-04,2.0564737840029323e-06,-3.8754974957516539e-04,2.0564737838161823e-06,-3.8754974957516534e-04,2.0564737838161836e-06,2.3506961427330777e-03,1.3950098172738857e-06,4.6866397062015085e+02,-1.2452052941927700e+00,8.9404889002874469e+01,-1.1965709942717857e+00,9.2003854746084755e+01,-9.4538378127036815e-01,8.9404889002874484e+01,-1.1965709942717864e+00,4.6866397062015102e+02,-1.2452052941927700e+00,9.2003854746084755e+01,-9.4538378127036815e-01,9.2003854746121135e+01,-9.4538378122625122e-01,9.2003854746121121e+01,-9.4538378122625111e-01,4.5574040693013791e+02,-7.4315680529955408e-01,2.2210236864330530e-05,4.5259872252956578e-06,8.5749899348315354e-04,1.7319938837036639e-01,1.7322113534006273e-01,1.7348683396495357e-01,5.3213171738494635e-05,5.3219853201080221e-05,5.3301485513353537e-05,-6.7926244043295247e-01,1.8075848440843809e-01,-7.6534468650584431e-01,5.2953988021152754e-01,-1.3501130927162306e-07,-1.2196187177867420e-06
5.3787315372656353e+07,2.2782635712517291e-03,3.3166831920749086e-06,-3.5846621266261028e-04,2.9838203789881691e-06,-3.8750100903688745e-04,2.0214072273506470e-06,-3.5846621266261033e-04,2.9838203789881700e-06,2.2782635712517291e-03,3.3166831920749077e-06,-3.8750100903688751e-04,2.0214072273506478e-06,-3.8750100903677242e-04,2.0214072274890411e-06,-3.8750100903677253e-04,2.0214072274890416e-06,2.3507300281455489e-03,1.3704682331071096e-06,4.6863403604592298e+02,-1.2239776877380877e+00,8.9376369907815416e+01,-1.1760999028753492e+00,9.1981413434425676e+01,-9.2909708107880917e-01,8.9376369907815416e+01,-1.1760999028753489e+00,4.6863403604592304e+02,-1.2239776877380877e+00,9.1981413434425676e+01,-9.2909708107880928e-01,9.1981413434398291e+01,-9.2909708111149703e-01,9.1981413434398277e+01,-9.2909708111149714e-01,4.5572269524891470e+02,-7.3018568411872620e-01,2.2763769302708886e-05,4.6294131150410349e-06,8.7743505840570169e-04,1.8032032287825997e-01,1.8034345813063279e-01,1.8059894374953181e-01,5.3212966175033200e-05,5.3219793444318853e-05,5.3295187872299441e-05,-6.8399174215752401e-01,1.3274154048966674e-01,-7.8776899652119170e-01,4.9269235560002655e-01,8.7687000086171490e-08,-8.8990239574242538e-07
5.5998947994919732e+07,2.2783425543452568e-03,3.2604416264283765e-06,-3.5839397184931916e-04,2.9328297293205442e-06,-3.8745223557912656e-04,1.9864846989883254e-06,-3.5839397184931921e-04,2.9328297293205451e-06,2.2783425543452559e-03,3.2604416264283778e-06,-3.8745223557912656e-04,1.9864846989883245e-06,-3.8745223557906341e-04,1.9864846990696541e-06,-3.8745223557906341e-04,1.9864846990696537e-06,2.3507609237337977e-03,1.3460718227235637e-06,4.6860494093075715e+02,-1.2028391559772320e+00,8.9348244399431877e+01,-1.1557168899119834e+00,9.1959285494404327e+01,-9.1288613296669718e-01,8.9348244399431863e+01,-1.1557168899119834e+00,4.6860494093075710e+02,-1.2028391559772320e+00,9.1959285494404384e+01,-9.1288613296669729e-01,9.1959285494389277e+01,-9.1288613298591326e-01,9.1959285494389292e+01,-9.1288613298591348e-01,4.5570566460295345e+02,-7.1728412985326162e-01,2.3325806117454765e-05,4.7368110883225320e-06,8.9763032609253281e-04,1.8773429597268482e-01,1.8775889905741122e-01,1.8800307417119100e-01,5.3212836540736331e-05,5.3219810226173839e-05,5.3289021077337491e-05,-4.2949010810553009e-02,-6.8922817166315720e-01,-4.0575930789786036e-01,-8.3411433092111342e-01,6.0173292731718589e-07,2.4306581343049054e-07
5.8301518765368618e+07,2.2784215733090145e-03,3.2043518278621229e-06,-3.5832304454709124e-04,2.8819903320498383e-06,-3.8740449017721234e-04,1.9516846409782024e-06,-3.5832304454709124e-04,2.8819903320498388e-06,2.2784215733090145e-03,3.2043518278621216e-06,-3.8740449017721240e-04,1.9516846409782016e-06,-3.8740449017732673e-04,1.9516846408413846e-06,-3.8740449017732689e-04,1.9516846408413858e-06,2.3507925717407272e-03,1.3218013262055742e-06,4.6857604941308693e+02,-1.1817741227144458e+00,8.9320516561013690e+01,-1.1354073360672459e+00,9.1937472299779600e+01,-8.9673913561507002e-01,8.9320516561013662e+01,-1.1354073360672463e+00,4.6857604941308699e+02,-1.1817741227144458e+00,9.1937472299779571e+01,-8.9673913561506979e-01,9.1937472299806871e+01,-8.9673913558275253e-01,9.1937472299806842e+01,-8.9673913558275231e-01,4.5568867307593678e+02,-7.0444212132196893e-01,2.3895575451590337e-05,4.8469611627309868e-06,9.1806441549516964e-04,1.9545297512347257e-01,1.9547911879077870e-01,1.9571099677755860e-01,5.3212673233648108e-05,5.3219790927428985e-05,5.3282920422044255e-05,3.8933188879773803e-02,6.8323949353503655e-01,4.2091305895731851e-01,8.2475220797514082e-01,-3.9755005444002212e-07,-2.4921587772402913e-07
6.0698766888567187e+07,2.2785008386342616e-03,3.1483726947098302e-06,-3.5825350544615086e-04,2.8312654273206392e-06,-3.8735784113078082e-04,1.9169813719009151e-06,-3.5825350544615092e-04,2.8312654273206375e-06,2.2785008386342607e-03,3.1483726947098302e-06,-3.8735784113078076e-04,1.9169813719009130e-06,-3.8735784113067044e-04,1.9169813720306086e-06,-3.8735784113067055e-04,1.9169813720306078e-06,2.3508252344052074e-03,1.2976374028480109e-06,4.6854732459528458e+02,-1.1607670347956052e+00,8.9293190512318660e+01,-1.1151563203183610e+00,9.1915974384694167e+01,-8.8064406229459236e-01,8.9293190512318660e+01,-1.1151563203183610e+00,4.6854732459528464e+02,-1.1607670347956045e+00,9.1915974384694195e+01,-8.8064406229459213e-01,9.1915974384667905e+01,-8.8064406232522430e-01,9.1915974384667933e+01,-8.8064406232522452e-01,4.5567167533823613e+02,-6.9164981163097383e-01,2.4472425203636358e-05,4.9598372897804930e-06,9.3871256524228740e-04,2.0348885783247864e-01,2.0351661614742139e-01,2.0373517531876884e-01,5.3212470895570358e-05,5.3219729713285172e-05,5.3276883081131287e-05,6.3120560866342723e-01,-2.4781695361927569e-01,6.3413165000219462e-01,-6.7245392465741249e-01,-1.4048621050008108e-07,3.0751512923822304e-07
6.3194585318095274e+07,2.2785769361955057e-03,3.0924587420050099e-06,-3.5818447024745556e-04,2.7806126588842953e-06,-3.8731130294472182e-04,1.8823469132263945e-06,-3.5818447024745566e-04,2.7806126588842940e-06,2.2785769361955057e-03,3.0924587420050094e-06,-3.8731130294472182e-04,1.8823469132263956e-06,-3.8731130294472008e-04,1.8823469132282000e-06,-3.8731130294472014e-04,1.8823469132282002e-06,2.3508552532927923e-03,1.2735637362646120e-06,4.6851939865985986e+02,-1.1398030447778384e+00,8.9266280212878172e+01,-1.0949493083356481e+00,9.1894807251136385e+01,-8.6458955629362222e-01,8.9266280212878200e+01,-1.0949493083356483e+00,4.6851939865985975e+02,-1.1398030447778387e+00,9.1894807251136413e+01,-8.6458955629362222e-01,9.1894807251136001e+01,-8.6458955629405054e-01,9.1894807251135973e+01,-8.6458955629405054e-01,4.5565530843126612e+02,-6.7889867350958177e-01,2.5055837841307461e-05,5.0767410208957146e-06,9.5954632882049083e-04,2.1185537708586982e-01,2.1188483927164461e-01,2.1208885108544620e-01,5.3212330865892448e-05,5.3219730968731683e-05,5.3270973209008461e-05,2.2643202225269621e-01,-6.3255372787293340e-01,-1.1400952026610657e-01,-9.1550773766459115e-01,5.3132216911581548e-08,2.3700772707991784e-07
6.5793027078417018e+07,2.2786527226556657e-03,3.0365802222663697e-06,-3.5811674015894229e-04,2.7300069312486190e-06,-3.8726575069462579e-04,1.8477631863658680e-06,-3.5811674015894229e-04,2.7300069312486194e-06,2.2786527226556653e-03,3.0365802222663697e-06,-3.8726575069462574e-04,1.8477631863658676e-06,-3.8726575069463598e-04,1.8477631863527282e-06,-3.8726575069463598e-04,1.8477631863527278e-06,2.3508857156382935e-03,1.2495640269090112e-06,4.6849175249590257e+02,-1.1188692881908220e+00,8.9239792630417639e+01,-1.0747742214112428e+00,9.1873973469784460e+01,-8.4856581474187087e-01,8.9239792630417654e+01,-1.0747742214112428e+00,4.6849175249590274e+02,-1.1188692881908213e+00,9.1873973469784474e+01,-8.4856581474187076e-01,9.1873973469786890e+01,-8.4856581473876713e-01,9.1873973469786876e+01,-8.4856581473876702e-01,4.5563904326471072e+02,-6.6618032981704511e-01,2.5644855277110853e-05,5.1965830709965522e-06,9.8053744148066395e-04,2.2056579054968270e-01,2.2059703986622881e-01,2.2078536694442363e-01,5.3212167119786615e-05,5.3219706112348815e-05,5.3265140592161433e-05,2.0650745397157327e-01,-6.3276241492255203e-01,-1.6535599138303189e-01,-9.0585758757601031e-01,4.9135620944441765e-09,1.7399459600646959e-07
6.8498311846692652e+07,2.2787267073985976e-03,2.9807020600865680e-06,-3.5804995166507355e-04,2.6794162988451010e-06,-3.8722076715494522e-04,1.8132085272554325e-06,-3.5804995166507366e-04,2.6794162988451002e-06,2.2787267073985993e-03,2.9807020600865705e-06,-3.8722076715494506e-04,1.8132085272554331e-06,-3.8722076715494528e-04,1.8132085272556961e-06,-3.8722076715494539e-04,1.8132085272556972e-06,2.3509150508898699e-03,1.2256237840053251e-06,4.6846466493178042e+02,-1.0979535431755354e+00,8.9213739945411092e+01,-1.0546192313112432e+00,9.1853483263114555e+01,-8.3256344136918259e-01,8.9213739945411092e+01,-1.0546192313112432e+00,4.6846466493178019e+02,-1.0979535431755356e+00,9.1853483263114569e+01,-8.3256344136918270e-01,9.1853483263114612e+01,-8.3256344136924554e-01,9.1853483263114626e+01,-8.3256344136924565e-01,4.5562315488018902e+02,-6.5348737932121392e-01,2.6238697800959893e-05,5.3200368790592139e-06,1.0016530507175260e-03,2.2963442437974024e-01,2.2966755268327943e-01,2.2983893410237921e-01,5.3212024821252629e-05,5.3219701475634801e-05,5.3259414825894337e-05,5.1004222484971673e-01,-4.1787170472923812e-01,3.2251489280822193e-01,-8.6057430150017533e-01,-8.7542008152775051e-08,8.8516773778823377e-08
7.1314832805222020e+07,2.2788007735793782e-03,2.9248001327545640e-06,-3.5798465772774195e-04,2.6288200997663445e-06,-3.8717695525670743e-04,1.7786684443888285e-06,-3.5798465772774233e-04,2.6288200997663385e-06,2.2788007735793864e-03,2.9248001327545700e-06,-3.8717695525670732e-04,1.7786684443888312e-06,-3.8717695525676852e-04,1.7786684443138015e-06,-3.8717695525676869e-04,1.7786684443138146e-06,2.3509452873138946e-03,1.2017309446998990e-06,4.6843779857333885e+02,-1.0770457932153352e+00,8.9188135163280549e+01,-1.0344748899785114e+00,9.1833346976995941e+01,-8.1657486467779927e-01,8.9188135163280151e+01,-1.0344748899785117e+00,4.6843779857333578e+02,-1.0770457932153288e+00,9.1833346976995628e+01,-8.1657486467779872e-01,9.1833346977010549e+01,-8.1657486466008211e-01,9.1833346977010464e+01,-8.1657486466008466e-01,4.5560730067635836e+02,-6.4081351982712143e-01,2.6836320453597071e-05,5.4460958044348971e-06,1.0228603253302799e-03,2.3907573762836473e-01,2.3911083381615789e-01,2.3926407899341573e-01,5.3211842372013936e-05,5.3219653841430420e-05,5.3253762104767423e-05,6.3278778346495823e-01,1.6176836646637310e-01,8.7436095807108594e-01,-2.7699045177007109e-01,-8.1810369568567045e-08,-3.4818367327460657e-08
7.4247163775647581e+07,2.2788723947526216e-03,2.8688456900773848e-06,-3.5792021953047422e-04,2.5781917651669047e-06,-3.8713358487559848e-04,1.7441249141664410e-06,-3.5792021953047411e-04,2.5781917651669047e-06,2.2788723947526220e-03,2.8688456900773874e-06,-3.8713358487559848e-04,1.7441249141664417e-06,-3.8713358487561952e-04,1.7441249141409312e-06,-3.8713358487561962e-04,1.7441249141409305e-06,2.3509737666515367e-03,1.1778738586647525e-06,4.6841162183358551e+02,-1.0561366606977007e+00,8.9162991331418382e+01,-1.0143320413730383e+00,9.1813574354713310e+01,-8.0059277060024403e-01,8.9162991331418425e+01,-1.0143320413730383e+00,4.6841162183358574e+02,-1.0561366606977012e+00,9.1813574354713310e+01,-8.0059277060024436e-01,9.1813574354718327e+01,-8.0059277059421952e-01,9.1813574354718355e+01,-8.0059277059421929e-01,4.5559194197049140e+02,-6.2815301405403434e-01,2.7436861955833209e-05,5.5760795821725234e-06,1.0441209194424509e-03,2.4890540304135117e-01,2.4894256832287540e-01,2.4907629518968397e-01,5.3211697748592461e-05,5.3219643047099625e-05,5.3248231553136592e-05,1.6936240217781978e-01,6.2437975196150330e-01,6.9053046775151850e-01,6.0077813035335914e-01,1.0370059146072584e-08,-6.2592007237321209e-08
7.7300066646502361e+07,2.2789427397026350e-03,2.8128230127614920e-06,-3.5785700433659732e-04,2.5275179597065720e-06,-3.8709104973563190e-04,1.7095685317338787e-06,-3.5785700433659716e-04,2.5275179597065720e-06,2.2789427397026372e-03,2.8128230127614941e-06,-3.8709104973563184e-04,1.7095685317338795e-06,-3.8709104973562951e-04,1.7095685317343871e-06,-3.8709104973562962e-04,1.7095685317343877e-06,2.3510017588563394e-03,1.1540444052158974e-06,4.6838592895403724e+02,-1.0352196007075052e+00,8.9138323759482063e+01,-9.9418453006314034e-01,9.1794177770730116e+01,-7.8461220860668168e-01,8.9138323759482006e+01,-9.9418453006314034e-01,4.6838592895403713e+02,-1.0352196007075052e+00,9.1794177770730059e+01,-7.8461220860668168e-01,9.1794177770729547e+01,-7.8461220860680181e-01,9.1794177770729490e+01,-7.8461220860680170e-01,4.5557686728654471e+02,-6.1550169224836992e-01,2.8039186442321570e-05,5.7093745919849034e-06,1.0653974106355545e-03,2.5913922901002689e-01,2.5917856485078927e-01,2.5929141562563418e-01,5.3211555410931930e-05,5.3219632618224549e-05,5.3242805355450659e-05,-3.9226917189957905e-01,5.0668707367347865e-01,-3.1442268864075654e-02,9.1282009984589574e-01,4.4480755869004483e-08,-8.3713763489008748e-09
8.0478499106164545e+07,2.2790105385737123e-03,2.7567167075608213e-06,-3.5779472251696231e-04,2.4767846878483266e-06,-3.8704901005972989e-04,1.6749897578408929e-06,-3.5779472251696204e-04,2.4767846878483257e-06,2.2790105385737110e-03,2.7567167075608213e-06,-3.8704901005973000e-04,1.6749897578408929e-06,-3.8704901005975721e-04,1.6749897578166381e-06,-3.8704901005975705e-04,1.6749897578166379e-06,2.3510279372365795e-03,1.1302359927022419e-06,4.6836096049725353e+02,-1.0142894812140413e+00,8.9114148658192136e+01,-9.7402738221191854e-01,9.1775170550647644e+01,-7.6862919358593484e-01,8.9114148658192093e+01,-9.7402738221191842e-01,4.6836096049725370e+02,-1.0142894812140411e+00,9.1775170550647672e+01,-7.6862919358593518e-01,9.1775170550654110e+01,-7.6862919358021109e-01,9.1775170550654110e+01,-7.6862919358021131e-01,4.5556231150283810e+02,-6.0285636257507491e-01,2.8642240600466357e-05,5.8466703779645171e-06,1.0866488781119720e-03,2.6979402228509136e-01,2.6983563943392697e-01,2.6992613569635554e-01,5.3211452568784365e-05,5.3219660715586721e-05,5.3237509285896345e-05,-5.8773187453567055e-01,2.3956654998406637e-01,-4.5534483736136511e-01,7.8946952510373558e-01,2.5567344352150530e-08,1.9742190681004372e-08
8.3787622693776637e+07,2.2790804702193497e-03,2.7005282248249691e-06,-3.5773468969462060e-04,2.4259950566080019e-06,-3.8700891212933581e-04,1.6403897008247453e-06,-3.5773468969462066e-04,2.4259950566080019e-06,2.2790804702193493e-03,2.7005282248249687e-06,-3.8700891212933581e-04,1.6403897008247445e-06,-3.8700891212937186e-04,1.6403897007814168e-06,-3.8700891212937175e-04,1.6403897007814164e-06,2.3510573282026397e-03,1.1064453975714433e-06,4.6833586860019398e+02,-9.9334436166532114e-01,8.9090480303344236e+01,-9.5385905572209317e-01,9.1756562235030401e+01,-7.5264231432001338e-01,8.9090480303344251e+01,-9.5385905572209329e-01,4.6833586860019409e+02,-9.9334436166532136e-01,9.1756562235030415e+01,-7.5264231432001349e-01,9.1756562235038956e+01,-7.5264231430978112e-01,9.1756562235038970e+01,-7.5264231430978101e-01,4.5554741673111516e+02,-5.9021530235674813e-01,2.9244589449702607e-05,5.9849836593640382e-06,1.1078378003931326e-03,2.8088631925405561e-01,2.8093031182974293e-01,2.8099726384946450e-01,5.3211239888598111e-05,5.3219573863369232e-05,5.3232257286299519e-05,-5.4450940564080008e-01,3.1416695857593718e-01,-3.1113645858425820e-01,8.5449173420539626e-01,1.5103480467536422e-08,1.7447311633788909e-08
8.7232811181203097e+07,2.2791447227650851e-03,2.6442420236762068e-06,-3.5767485131188919e-04,2.3751327891290600e-06,-3.8696844533440988e-04,1.6057580554706769e-06,-3.5767485131188919e-04,2.3751327891290600e-06,2.2791447227650842e-03,2.6442420236762051e-06,-3.8696844533440977e-04,1.6057580554706773e-06,-3.8696844533434895e-04,1.6057580555363603e-06,-3.8696844533434889e-04,1.6057580555363600e-06,2.3510816400653224e-03,1.0826692582339330e-06,4.6831208971350918e+02,-9.7238223784516142e-01,8.9067336146536121e+01,-9.3367717853234400e-01,9.1738367543347934e+01,-7.3664971626386855e-01,8.9067336146536121e+01,-9.3367717853234411e-01,4.6831208971350929e+02,-9.7238223784516187e-01,9.1738367543347948e+01,-7.3664971626386822e-01,9.1738367543333425e+01,-7.3664971627937548e-01,9.1738367543333439e+01,-7.3664971627937537e-01,4.5553361378690227e+02,-5.7757749612827525e-01,2.9845456633537890e-05,6.1292846162315975e-06,1.1289150348496007e-03,2.9243540258546374e-01,2.9248190241812144e-01,2.9252353768643619e-01,5.3211161541991022e-05,5.3219622590432313e-05,5.3227198489138663e-05,3.4890046899895111e-02,6.2169709605747203e-01,6.4713936517498016e-01,6.3591908743733938e-01,1.6404266717412661e-08,1.9079264436430626e-09
9.0819659299638242e+07,2.2792099807708963e-03,2.5878758788943293e-06,-3.5761707241205689e-04,2.3242162504179193e-06,-3.8692967404990112e-04,1.5711062282664685e-06,-3.5761707241205689e-04,2.3242162504179197e-06,2.2792099807708954e-03,2.5878758788943272e-06,-3.8692967404990112e-04,1.5711062282664683e-06,-3.8692967404987217e-04,1.5711062282950724e-06,-3.8692967404987217e-04,1.5711062282950720e-06,2.3511080165264956e-03,1.0589105686905935e-06,4.6828841154280082e+02,-9.5140623895067167e-01,8.9044733499205648e+01,-9.1348519075723977e-01,9.1720600486745369e+01,-7.2065396476903210e-01,8.9044733499205620e+01,-9.1348519075724000e-01,4.6828841154280099e+02,-9.5140623895067222e-01,9.1720600486745369e+01,-7.2065396476903198e-01,9.1720600486738434e+01,-7.2065396477578436e-01,9.1720600486738448e+01,-7.2065396477578425e-01,4.5551968429514500e+02,-5.6494427884508502e-01,3.0443228278730964e-05,6.2749995409038219e-06,1.1498437421715081e-03,3.0445891413445292e-01,3.0450802881266392e-01,3.0452302148761767e-01,5.3211007950734258e-05,5.3219591839763138e-05,5.3222212145193956e-05,4.1347052474458107e-01,-4.5768810888119360e-01,-4.0631004598991362e-02,-9.0428562020844017e-01,-3.3066864708944317e-09,-1.1376028591473083e-08
9.4553991825036108e+07,2.2792732600895476e-03,2.5314358636034959e-06,-3.5756059968313831e-04,2.2732500921304042e-06,-3.8689173622861924e-04,1.5364373037694942e-06,-3.5756059968313804e-04,2.2732500921304047e-06,2.2792732600895481e-03,2.5314358636034896e-06,-3.8689173622861951e-04,1.5364373037694923e-06,-3.8689173622856845e-04,1.5364373038197436e-06,-3.8689173622856834e-04,1.5364373038197470e-06,2.3511333202914284e-03,1.0351719297295584e-06,4.6826538705799203e+02,-9.3041985862758081e-01,8.9022687810623211e+01,-8.9328628275721078e-01,9.1703272439530835e+01,-7.0465748083327573e-01,8.9022687810623211e+01,-8.9328628275721089e-01,4.6826538705799226e+02,-9.3041985862758103e-01,9.1703272439530735e+01,-7.0465748083327551e-01,9.1703272439518457e+01,-7.0465748084512159e-01,9.1703272439518528e+01,-7.0465748084512092e-01,4.5550617240874686e+02,-5.5231754269511113e-01,3.1036812266738360e-05,6.4240507781082821e-06,1.1705778273310838e-03,3.1697686194906327e-01,3.1702871557045176e-01,3.1701549786907940e-01,5.3210869192231387e-05,5.3219573853662770e-05,5.3217354999660543e-05,2.4101727832320279e-02,6.1053558669962604e-01,6.8585694391836560e-01,5.8746547692220541e-01,5.1773759768975243e-09,6.7722638827120732e-09
9.8441873037114292e+07,2.2793347726695742e-03,2.4749428992318296e-06,-3.5750554572916811e-04,2.2222534786761012e-06,-3.8685473849929238e-04,1.5017638832812138e-06,-3.5750554572917028e-04,2.2222534786760791e-06,2.2793347726695811e-03,2.4749428992319368e-06,-3.8685473849928842e-04,1.5017638832812420e-06,-3.8685473850039962e-04,1.5017638821909096e-06,-3.8685473850040027e-04,1.5017638821908620e-06,2.3511578094857293e-03,1.0114604924193832e-06,4.6824298554877618e+02,-9.0943037545336969e-01,8.9001215263148765e+01,-8.7308749774100469e-01,9.1686396065214936e+01,-6.8866571844086744e-01,8.9001215263148708e+01,-8.7308749774100380e-01,4.6824298554877402e+02,-9.0943037545336947e-01,9.1686396065216542e+01,-6.8866571844087288e-01,9.1686396065483962e+01,-6.8866571818437172e-01,9.1686396065482924e+01,-6.8866571818438149e-01,4.5549304025481234e+02,-5.3970132311386032e-01,3.1624920042743076e-05,6.5764928096971591e-06,1.1910739652398966e-03,3.3000960684982711e-01,3.3006432880637265e-01,3.3002128691899618e-01,5.3210749258215767e-05,5.3219572626530584e-05,5.3212632552577434e-05,-2.5779572812188867e-01,5.4769566331381947e-01,3.7445289368938606e-01,8.1936770179017138e-01,-1.5503429783672494e-09,5.9588424720442624e-09
1.0248961656729746e+08,2.2793946402645628e-03,2.4184153598395341e-06,-3.5745199333741417e-04,2.1712425977287544e-06,-3.8681875671462042e-04,1.4670965261278768e-06,-3.5745199333741423e-04,2.1712425977287553e-06,2.2793946402645624e-03,2.4184153598395320e-06,-3.8681875671462058e-04,1.4670965261278764e-06,-3.8681875671460101e-04,1.4670965261468452e-06,-3.8681875671460090e-04,1.4670965261468454e-06,2.3511816418949373e-03,9.8778272125854240e-07,4.6822119317980469e+02,-8.8844451146605952e-01,8.8980330826159445e+01,-8.5289522674341012e-01,9.1669983184547775e+01,-6.7268359512420528e-01,8.8980330826159474e+01,-8.5289522674341001e-01,4.6822119317980486e+02,-8.8844451146605963e-01,9.1669983184547760e+01,-6.7268359512420539e-01,9.1669983184543057e+01,-6.7268359512867049e-01,9.1669983184543071e+01,-6.7268359512867038e-01,4.5548026759367502e+02,-5.2709931414898192e-01,3.2206327660617995e-05,6.7312869709345122e-06,1.2112911236503072e-03,3.4357809121698818e-01,3.4363580994884779e-01,3.4356140327119827e-01,5.3210612016257166e-05,5.3219551029324539e-05,5.3208027521402945e-05,5.7810418159623134e-01,1.5976090320613193e-01,7.1729488385574758e-01,-5.4137613300874332e-01,3.8439645865851404e-09,2.2755817686013153e-09
1.0670379565158638e+08,2.2794527965609526e-03,2.3618903251039252e-06,-3.5739997598926775e-04,2.1202511769930138e-06,-3.8678381016624233e-04,1.4324576677259010e-06,-3.5739997598926792e-04,2.1202511769930146e-06,2.2794527965609521e-03,2.3618903251039260e-06,-3.8678381016624239e-04,1.4324576677259008e-06,-3.8678381016624407e-04,1.4324576677242370e-06,-3.8678381016624407e-04,1.4324576677242374e-06,2.3512047778996414e-03,9.6415223602615360e-07,4.6820002887105960e+02,-8.6747540348184216e-01,8.8960049297247764e+01,-8.3272214516298337e-01,9.1654045318413637e+01,-6.5672100493635777e-01,8.8960049297247764e+01,-8.3272214516298337e-01,4.6820002887105960e+02,-8.6747540348184238e-01,9.1654045318413665e+01,-6.5672100493635788e-01,9.1654045318414077e+01,-6.5672100493596330e-01,9.1654045318414063e+01,-6.5672100493596341e-01,4.5546786663203852e+02,-5.1451900671167949e-01,3.2779767376113532e-05,6.8891082167609693e-06,1.2311866934220819e-03,3.5770454060729046e-01,3.5776539406735858e-01,3.5765796886341494e-01,5.3210488319972024e-05,5.3219540601837628e-05,5.3203560520762873e-05,-3.6797993394201883e-01,4.6672203921091709e-01,2.6342208872741329e-01,8.5683885110563274e-01,-3.2137202291969593e-09,5.3157810015119595e-10
1.1109125380500712e+08,2.2795092035709638e-03,2.3054023628849346e-06,-3.5734952759485981e-04,2.0693100672357945e-06,-3.8674992146738648e-04,1.3978677434926854e-06,-3.5734952759485970e-04,2.0693100672357949e-06,2.2795092035709646e-03,2.3054023628849350e-06,-3.8674992146738642e-04,1.3978677434926860e-06,-3.8674992146738642e-04,1.3978677434926329e-06,-3.8674992146738642e-04,1.3978677434926324e-06,2.3512272035283882e-03,9.4058186823341340e-07,4.6817950639417836e+02,-8.4653554892851268e-01,8.8940383659623649e+01,-8.1258020884258686e-01,9.1638592589123419e+01,-6.4078724861651171e-01,8.8940383659623635e+01,-8.1258020884258697e-01,4.6817950639417825e+02,-8.4653554892851279e-01,9.1638592589123405e+01,-6.4078724861651171e-01,9.1638592589123363e+01,-6.4078724861649650e-01,9.1638592589123391e+01,-6.4078724861649650e-01,4.5545584525093233e+02,-5.0196748704551553e-01,3.3344055772321783e-05,7.0495553397665649e-06,1.2507212740254106e-03,3.7241183328092287e-01,3.7247596265816851e-01,3.7233386990714240e-01,5.3210368139741992e-05,5.3219530973644854e-05,5.3199228698270089e-05,1.7403605348309975e-01,5.6274212201192175e-01,8.6568408743934910e-01,2.2376895055730217e-01,-1.9257796262801255e-09,1.4136820468584752e-09
1.1565911593497311e+08,2.2795638417210623e-03,2.2489936494645439e-06,-3.5730068311870517e-04,2.0184570329374281e-06,-3.8671711562975638e-04,1.3633518374625639e-06,-3.5730068311870533e-04,2.0184570329374281e-06,2.2795638417210597e-03,2.2489936494645295e-06,-3.8671711562975617e-04,1.3633518374625605e-06,-3.8671711562975308e-04,1.3633518374642016e-06,-3.8671711562975275e-04,1.3633518374641936e-06,2.3512489223522785e-03,9.1708739772558176e-07,4.6815963522791003e+02,-8.2564010688122824e-01,8.8921345612420694e+01,-7.9248394316598747e-01,9.1623634095386535e+01,-6.2489365085812110e-01,8.8921345612420851e+01,-7.9248394316598791e-01,4.6815963522791168e+02,-8.2564010688122935e-01,9.1623634095386734e+01,-6.2489365085812087e-01,9.1623634095385640e+01,-6.2489365085846837e-01,9.1623634095385825e+01,-6.2489365085846804e-01,4.5544420756239941e+02,-4.8945340136963700e-01,3.3898041417413085e-05,7.2124646121742575e-06,1.2698569501654092e-03,3.8772385178726720e-01,3.8779140316287553e-01,3.8761297207196338e-01,5.3210251304697071e-05,5.3219521886466876e-05,5.3195034449998262e-05,-5.7900203995998256e-01,-7.5334325759478973e-02,-5.2393957512001732e-01,7.2169581199145394e-01,5.5222053602247319e-10,-1.6744765176346911e-09
1.2041479991160761e+08,2.2796167209649669e-03,2.1927112969525492e-06,-3.5725347985332686e-04,1.9677341986061872e-06,-3.8668542217651337e-04,1.3289379474580748e-06,-3.5725347985332713e-04,1.9677341986061842e-06,2.2796167209649604e-03,2.1927112969525208e-06,-3.8668542217651288e-04,1.3289379474580655e-06,-3.8668542217650903e-04,1.3289379474583829e-06,-3.8668542217650909e-04,1.3289379474583643e-06,2.3512699662214627e-03,8.9368654038309299e-07,4.6814041857885337e+02,-8.0480600126768331e-01,8.8902945155255807e+01,-7.7244955590012776e-01,9.1609177592798702e+01,-6.0905285514676810e-01,8.8902945155255992e+01,-7.7244955590012843e-01,4.6814041857885638e+02,-8.0480600126768520e-01,9.1609177592799043e+01,-6.0905285514676744e-01,9.1609177592797479e+01,-6.0905285514676177e-01,9.1609177592797934e+01,-6.0905285514676133e-01,4.5543295212083200e+02,-4.7698642116304757e-01,3.4440632998187438e-05,7.3776139808719922e-06,1.2885582639721985e-03,4.0366545230277512e-01,4.0373657653956202e-01,4.0352011981354707e-01,5.3210136550991306e-05,5.3219511964046664e-05,5.3190979197908437e-05,5.6318241652740823e-03,5.7884792068092239e-01,8.0772787586580086e-01,3.7252415888472690e-01,-9.7964864761824572e-10,-8.7020466863290182e-10
1.2536602861381596e+08,2.2796676346854947e-03,2.1366060708331799e-06,-3.5720789067193021e-04,1.9171868704095485e-06,-3.8665480089214574e-04,1.2946562169528814e-06,-3.5720789067193482e-04,1.9171868704095219e-06,2.2796676346854353e-03,2.1366060708329178e-06,-3.8665480089214628e-04,1.2946562169527957e-06,-3.8665480089223193e-04,1.2946562168690482e-06,-3.8665480089223090e-04,1.2946562168689284e-06,2.3512901324943499e-03,8.7039850781337625e-07,4.6812189826385281e+02,-7.8405152707490233e-01,8.8885190517167402e+01,-7.5249455337866911e-01,9.1595229508391256e+01,-5.9327852534814629e-01,8.8885190517169391e+01,-7.5249455337866988e-01,4.6812189826387470e+02,-7.8405152707487225e-01,9.1595229508394311e+01,-5.9327852534812564e-01,9.1595229508410910e+01,-5.9327852532795644e-01,9.1595229508413126e+01,-5.9327852532794101e-01,4.5542211699579758e+02,-4.6457702080718422e-01,3.4970816522237145e-05,7.5450285146720915e-06,1.3067919406537852e-03,4.2026257618886076e-01,4.2033743083887448e-01,4.2008121798436104e-01,5.3210030751278613e-05,5.3219508202888090e-05,5.3187068736135752e-05,-2.4541439226871614e-01,5.1891772849897377e-01,6.0235583889535338e-01,6.5128504771848572e-01,1.7450262064066749e-10,-9.6539840929471846e-10
1.3052084247066948e+08,2.2797167580471131e-03,2.0807347542153407e-06,-3.5716398442581584e-04,1.8668657067866069e-06,-3.8662532089394014e-04,1.2605403333900220e-06,-3.5716398442581985e-04,1.8668657067865838e-06,2.2797167580470624e-03,2.0807347542151094e-06,-3.8662532089394112e-04,1.2605403333899461e-06,-3.8662532089402173e-04,1.2605403333125968e-06,-3.8662532089402102e-04,1.2605403333124962e-06,2.3513096218341595e-03,8.4724478180156193e-07,4.6810404534113621e+02,-7.6339704540755826e-01,8.8868087781685631e+01,-7.3263841883984104e-01,9.1581794474327253e+01,-5.7758586972411574e-01,8.8868087781687322e+01,-7.3263841883984104e-01,4.6810404534115418e+02,-7.6339704540752495e-01,9.1581794474329854e+01,-5.7758586972409565e-01,9.1581794474346026e+01,-5.7758586970550241e-01,9.1581794474347731e+01,-5.7758586970548687e-01,4.5541167017721108e+02,-4.5223686264557389e-01,3.5487658422541662e-05,7.7142018956788041e-06,1.3245290333154004e-03,4.3754210986356529e-01,4.3762085601883360e-01,4.3732316683315997e-01,5.3209925173113526e-05,5.3219501570299176e-05,5.3183299296420942e-05,-2.7977296676993901e-01,-4.9585151150455775e-01,-8.6835679998690796e-01,1.6954633112035686e-01,1.3258351444839349e-10,7.2834880170935478e-10
1.3588761251846740e+08,2.2797640548845640e-03,2.0251548514976801e-06,-3.5712176608732195e-04,1.8168219470800709e-06,-3.8659698242187395e-04,1.2266243771269212e-06,-3.5712176608732185e-04,1.8168219470800719e-06,2.2797640548845644e-03,2.0251548514976898e-06,-3.8659698242187379e-04,1.2266243771269248e-06,-3.8659698242186793e-04,1.2266243771313306e-06,-3.8659698242186788e-04,1.2266243771313346e-06,2.3513284055511024e-03,8.2424713568806548e-07,4.6808686831802601e+02,-7.4286318792005457e-01,8.8851640987769898e+01,-7.1290088316835987e-01,9.1568875572482952e+01,-5.6199029042350979e-01,8.8851640987769841e+01,-7.1290088316835998e-01,4.6808686831802538e+02,-7.4286318792005712e-01,9.1568875572482909e+01,-5.6199029042351112e-01,9.1568875572481573e+01,-5.6199029042455273e-01,9.1568875572481545e+01,-5.6199029042455373e-01,4.5540161811605515e+02,-4.3997776253723786e-01,3.5990306832596622e-05,7.8849391793735564e-06,1.3417427473942872e-03,4.5553212536707022e-01,4.5561492993567809e-01,4.5527402038578646e-01,5.3209821440598205e-05,5.3219493681181763e-05,5.3179672699812968e-05,1.0117652851983167e-01,5.5567410892323066e-01,8.7978869615612298e-01,6.7305159831524491e-02,3.9422208457181300e-10,-4.0239266799431071e-10
1.4147505399468037e+08,2.2798094541476611e-03,1.9699265966261766e-06,-3.5708122368019197e-04,1.7671092280160500e-06,-3.8656976940108778e-04,1.1929440321959821e-06,-3.5708122368019002e-04,1.7671092280160638e-06,2.2798094541476815e-03,1.9699265966263185e-06,-3.8656976940108724e-04,1.1929440321960292e-06,-3.8656976940101037e-04,1.1929440322583742e-06,-3.8656976940101097e-04,1.1929440322584267e-06,2.3513464133578434e-03,8.0142841127986202e-07,4.6807038087446909e+02,-7.2247155845355537e-01,8.8835851918838742e+01,-6.9330260153393586e-01,9.1556474128474434e+01,-5.4650791436080925e-01,8.8835851918838102e+01,-6.9330260153393830e-01,4.6807038087446233e+02,-7.2247155845358824e-01,9.1556474128473454e+01,-5.4650791436082535e-01,9.1556474128456259e+01,-5.4650791437559687e-01,9.1556474128455648e+01,-5.4650791437560964e-01,4.5539197344941874e+02,-4.2781209997204750e-01,3.6478011542622861e-05,8.0571035838029723e-06,1.3584098095253765e-03,4.7426186710168688e-01,4.7434890351838777e-01,4.7396299679634357e-01,5.3209723020824220e-05,5.3219488055600640e-05,5.3176191321841854e-05,4.6494251236164919e-01,-3.1295022214641649e-01,-3.4522211825162019e-01,-8.0940487957042018e-01,-2.3001306749481097e-10,-3.6611995415634942e-10
1.4729224049085137e+08,2.2798529520487451e-03,1.9151104399867688e-06,-3.5704235558388082e-04,1.7177813036251215e-06,-3.8654367995701386e-04,1.1595350304661221e-06,-3.5704235558388229e-04,1.7177813036251098e-06,2.2798529520487313e-03,1.9151104399866557e-06,-3.8654367995701408e-04,1.1595350304660842e-06,-3.8654367995708054e-04,1.1595350304139381e-06,-3.8654367995708038e-04,1.1595350304138972e-06,2.3513636422243340e-03,7.7881147352031399e-07,4.6805458324027836e+02,-7.0224379047904451e-01,8.8820720035968776e+01,-6.7386424512009813e-01,9.1544589627486246e+01,-5.3115487376023951e-01,8.8820720035969316e+01,-6.7386424512009591e-01,4.6805458324028336e+02,-7.0224379047901653e-01,9.1544589627486971e+01,-5.3115487376022630e-01,9.1544589627501992e+01,-5.3115487374790205e-01,9.1544589627502432e+01,-5.3115487374789139e-01,4.5538273633400627e+02,-4.1575225347973371e-01,3.6950119069409914e-05,8.2304412902418894e-06,1.3745106089311330e-03,4.9376175789101689e-01,4.9385320573006303e-01,4.9342050155861905e-01,5.3209630375898079e-05,5.3219485140137224e-05,5.3172855305694425e-05,-3.4228764225935709e-01,-4.3849287310795426e-01,-7.5106945651526547e-01,4.5382829744400988e-01,-3.3457879556913201e-10,-1.3891028558797136e-11
1.5334861868743697e+08,2.2798945520118136e-03,1.8607716929923623e-06,-3.5700515468979675e-04,1.6688962080371240e-06,-3.8651870866837976e-04,1.1264359798700444e-06,-3.5700515468979643e-04,1.6688962080371297e-06,2.2798945520118162e-03,1.8607716929924167e-06,-3.8651870866837970e-04,1.1264359798700632e-06,-3.8651870866833422e-04,1.1264359799011208e-06,-3.8651870866833422e-04,1.1264359799011373e-06,2.3513800924527691e-03,7.5642115891569604e-07,4.6803947326634977e+02,-6.8220331287874070e-01,8.8806242602527391e+01,-6.5460819447785090e-01,9.1533219833658151e+01,-5.1594864372840299e-01,8.8806242602527291e+01,-6.5460819447785257e-01,4.6803947326634886e+02,-6.8220331287875735e-01,9.1533219833658023e+01,-5.1594864372841021e-01,9.1533219833647294e+01,-5.1594864373566263e-01,9.1533219833647209e+01,-5.1594864373566851e-01,4.5537390551253912e+02,-4.0381165532482205e-01,3.7406108828892615e-05,8.4045741394917944e-06,1.3900302499178939e-03,5.1406344939245263e-01,5.1415949396254945e-01,5.1367817785187808e-01,5.3209541607686378e-05,5.3219482963281292e-05,5.3169663024424546e-05,-3.4605755764092960e-01,4.3038815646009287e-01,6.5588195708611718e-01,5.7934374826127066e-01,-1.2763274348456436e-10,2.2852461235318971e-10
1.5965402369451743e+08,2.2799342549988627e-03,1.8069696453107013e-06,-3.5696960550431509e-04,1.6205065630132512e-06,-3.8649484336209167e-04,1.0936818220972503e-06,-3.5696960550431542e-04,1.6205065630132488e-06,2.2799342549988610e-03,1.8069696453106816e-06,-3.8649484336209167e-04,1.0936818220972440e-06,-3.8649484336210067e-04,1.0936818220899847e-06,-3.8649484336210067e-04,1.0936818220899796e-06,2.3513957572800447e-03,7.3427979858795086e-07,4.6802504794408952e+02,-6.6237126900047150e-01,8.8792414561074182e+01,-6.3555463563735881e-01,9.1522360690132359e+01,-5.0090496864455236e-01,8.8792414561074281e+01,-6.3555463563735815e-01,4.6802504794409032e+02,-6.6237126900046572e-01,9.1522360690132473e+01,-5.0090496864454959e-01,9.1522360690134505e+01,-5.0090496864285250e-01,9.1522360690134548e+01,-5.0090496864285061e-01,4.5536547988383182e+02,-3.9200237680118843e-01,3.7845528329020447e-05,8.5792574295373821e-06,1.4049560531353483e-03,5.3519992834494956e-01,5.3530076185265174e-01,5.3476898752938773e-01,5.3209458365012285e-05,5.3219483210020153e-05,5.3166614324553744e-05,5.3301394109162770e-01,-1.2907744120087372e-01,-2.3050323338355194e-01,-8.4169682302908544e-01,1.9608824153479882e-10,6.4861214290089448e-11
1.6621869502328777e+08,2.2799722342736798e-03,1.7537670955089561e-06,-3.5693573163463808e-04,1.5726681020162492e-06,-3.8647211801370955e-04,1.0613095790349285e-06,-3.5693573163463819e-04,1.5726681020162485e-06,2.2799722342736785e-03,1.7537670955089575e-06,-3.8647211801370965e-04,1.0613095790349289e-06,-3.8647211801370271e-04,1.0613095790390785e-06,-3.8647211801370266e-04,1.0613095790390787e-06,2.3514108093000566e-03,7.1241110899857858e-07,4.6801127171681895e+02,-6.4277005168602330e-01,8.8779228653067946e+01,-6.1672494848060855e-01,9.1512006382200212e+01,-4.8604052997505132e-01,8.8779228653068017e+01,-6.1672494848060866e-01,4.6801127171681901e+02,-6.4277005168602397e-01,9.1512006382200269e+01,-4.8604052997505165e-01,9.1512006382198649e+01,-4.8604052997602937e-01,9.1512006382198621e+01,-4.8604052997602953e-01,4.5535742669319336e+02,-3.8033721947679133e-01,3.8268053848787842e-05,8.7539283479666532e-06,1.4192803922063325e-03,5.5720546674686722e-01,5.5731128655144624e-01,5.5672720458021319e-01,5.3209375300016994e-05,5.3219480379798230e-05,5.3163704479043418e-05,-3.7576303482633916e-01,3.9441054224606115e-01,6.9157858810017503e-01,5.2829255029088429e-01,-1.4450553852121296e-10,-7.8672527253090322e-11
1.7305329321426633e+08,2.2800087150509078e-03,1.7012229982703868e-06,-3.5690356366839955e-04,1.5254330809266771e-06,-3.8645057687192766e-04,1.0293539201019103e-06,-3.5690356366839971e-04,1.5254330809266779e-06,2.2800087150509078e-03,1.7012229982703866e-06,-3.8645057687192760e-04,1.0293539201019103e-06,-3.8645057687192988e-04,1.0293539201001049e-06,-3.8645057687192988e-04,1.0293539201001057e-06,2.3514254721174999e-03,6.9083723472656473e-07,4.6799809845609565e+02,-6.2342061286938089e-01,8.8766675541705425e+01,-5.9813912569933003e-01,9.1502149482873691e+01,-4.7137091577613183e-01,8.8766675541705411e+01,-5.9813912569932992e-01,4.6799809845609542e+02,-6.2342061286938066e-01,9.1502149482873676e+01,-4.7137091577613188e-01,9.1502149482874202e+01,-4.7137091577570506e-01,9.1502149482874188e+01,-4.7137091577570484e-01,4.5534970357169857e+02,-3.6882813028880967e-01,3.8673449048050989e-05,8.9279285679996942e-06,1.4329987756667012e-03,5.8011572701525016e-01,5.8022673529349367e-01,5.7958849929852907e-01,5.3209285955450967e-05,5.3219467839763735e-05,5.3160927655483848e-05,-5.4094586463160887e-01,1.8451510931490004e-02,1.9388900541392826e-01,8.4593677039620074e-01,6.1168166359533816e-11,-1.1735409640555717e-10
1.8016891714922383e+08,2.2800428358942422e-03,1.6493944072888477e-06,-3.5687283298597923e-04,1.4788518767764781e-06,-3.8642993236089453e-04,9.9784832468817823e-07,-3.5687283298597929e-04,1.4788518767764781e-06,2.2800428358942426e-03,1.6493944072888482e-06,-3.8642993236089464e-04,9.9784832468817908e-07,-3.8642993236089529e-04,9.9784832468790295e-07,-3.8642993236089523e-04,9.9784832468790295e-07,2.3514388081963922e-03,6.6957983584340810e-07,4.6798567961607682e+02,-6.0434350753549537e-01,8.8754744164198428e+01,-5.7981674542221151e-01,9.1492781357073241e+01,-4.5691139530516228e-01,8.8754744164198428e+01,-5.7981674542221162e-01,4.6798567961607688e+02,-6.0434350753549537e-01,9.1492781357073241e+01,-4.5691139530516228e-01,9.1492781357073397e+01,-4.5691139530509806e-01,9.1492781357073369e+01,-4.5691139530509794e-01,4.5534246677732233e+02,-3.5748684905796890e-01,3.9061648331810802e-05,9.1022005564905707e-06,1.4461086301613014e-03,6.0396823256828724e-01,6.0408464785598315e-01,6.0339024135010266e-01,5.3209219410089772e-05,5.3219475523328308e-05,5.3158298749222045e-05,4.1627392423132167e-02,5.3632252087074539e-01,8.1166038660452489e-01,-3.0042287785157146e-01,-3.4615400411365636e-11,-1.0174984710967853e-10
1.8757712207494614e+08,2.2800754490220148e-03,1.5983365687104562e-06,-3.5684372615933402e-04,1.4329734581992630e-06,-3.8641040723152303e-04,9.6682520133445884e-07,-3.5684372615933413e-04,1.4329734581992630e-06,2.2800754490220156e-03,1.5983365687104566e-06,-3.8641040723152314e-04,9.6682520133445863e-07,-3.8641040723152217e-04,9.6682520133487579e-07,-3.8641040723152211e-04,9.6682520133487643e-07,2.3514517016701613e-03,6.4865941536924621e-07,4.6797385251443882e+02,-5.8555814124215366e-01,8.8743421229620722e+01,-5.6177632639936448e-01,9.1483891371789838e+01,-4.4267639229164940e-01,8.8743421229620736e+01,-5.6177632639936459e-01,4.6797385251443882e+02,-5.8555814124215377e-01,9.1483891371789866e+01,-4.4267639229164951e-01,9.1483891371789653e+01,-4.4267639229174699e-01,9.1483891371789682e+01,-4.4267639229174705e-01,4.5533555890231014e+02,-3.4632439601819714e-01,3.9432591276275491e-05,9.2751712708200413e-06,1.4586135176799021e-03,6.2880142736014433e-01,6.2892346740441674e-01,6.2817096347399126e-01,5.3209148668148686e-05,5.3219475691238346e-05,5.3155798842291817e-05,-5.3466094928069419e-01,-1.1168138353239748e-02,2.9224879305013102e-01,8.1211781986772824e-01,7.2569672122766986e-11,5.0001452455882991e-11
1.9528993836810002e+08,2.2801064083534787e-03,1.5481005764412540e-06,-3.5681615559901320e-04,1.3878429210431201e-06,-3.8639192005690911e-04,9.3631442683992154e-07,-3.5681615559901320e-04,1.3878429210431204e-06,2.2801064083534800e-03,1.5481005764412561e-06,-3.8639192005690922e-04,9.3631442683992228e-07,-3.8639192005690402e-04,9.3631442684186230e-07,-3.8639192005690396e-04,9.3631442684186357e-07,2.3514639699994118e-03,6.2809508278128638e-07,4.6796263611515974e+02,-5.6708268242373217e-01,8.8732692097440648e+01,-5.4403517130515811e-01,9.1475468003090327e+01,-4.2867938228465047e-01,8.8732692097440648e+01,-5.4403517130515799e-01,4.6796263611515968e+02,-5.6708268242373239e-01,9.1475468003090342e+01,-4.2867938228465041e-01,9.1475468003089119e+01,-4.2867938228510422e-01,9.1475468003089162e+01,-4.2867938228510405e-01,4.5532900512628521e+02,-3.3535109234294486e-01,3.9786361103322925e-05,9.4467334581200709e-06,1.4705182491258698e-03,6.5465570764625380e-01,6.5478359999851110e-01,6.5397100249797879e-01,5.3209080030716807e-05,5.3219474860131861e-05,5.3153428593470506e-05,1.9737666253977618e-01,4.9379719441240649e-01,5.7486304102102892e-01,-6.4064889415535020e-01,6.3752970434010147e-11,-3.5465728936962282e-11
2.0331989107167485e+08,2.2801355135431455e-03,1.4987314745182939e-06,-3.5679001446991702e-04,1.3434999247901283e-06,-3.8637436943740616e-04,9.0634222406749283e-07,-3.5679001446991686e-04,1.3434999247901291e-06,2.2801355135431455e-03,1.4987314745182937e-06,-3.8637436943740627e-04,9.0634222406749304e-07,-3.8637436943740378e-04,9.0634222406886565e-07,-3.8637436943740383e-04,9.0634222406886629e-07,2.3514753703697479e-03,6.0790354597196171e-07,4.6795205859461959e+02,-5.4893309781497557e-01,8.8722540767812689e+01,-5.2660846868895506e-01,9.1467498647358639e+01,-4.1493217892059397e-01,8.8722540767812660e+01,-5.2660846868895517e-01,4.6795205859461959e+02,-5.4893309781497568e-01,9.1467498647358681e+01,-4.1493217892059403e-01,9.1467498647358099e+01,-4.1493217892091727e-01,9.1467498647358113e+01,-4.1493217892091733e-01,4.5532284040220293e+02,-3.2457596802384603e-01,4.0123109720445588e-05,9.6168902660998561e-06,1.4818295475516753e-03,6.8157315649607908e-01,6.8170713978750574e-01,6.8083236480303511e-01,5.3209021089927078e-05,5.3219480891213664e-05,5.3151188998914195e-05,1.9524900274482329e-01,4.9159333825834101e-01,5.1047224617418396e-01,-6.9016322094671068e-01,5.6506667889751277e-11,2.2882667079420468e-11
2.1168002023472562e+08,2.2801635178175874e-03,1.4502750001489315e-06,-3.5676544787892263e-04,1.2999848709218245e-06,-3.8635793714611932e-04,8.7693526831857656e-07,-3.5676544787892269e-04,1.2999848709218253e-06,2.2801635178175870e-03,1.4502750001489311e-06,-3.8635793714611932e-04,8.7693526831857698e-07,-3.8635793714612339e-04,8.7693526831622795e-07,-3.8635793714612328e-04,8.7693526831622858e-07,2.3514866720933374e-03,5.8810161194589509e-07,4.6794197315684880e+02,-5.3112537756440847e-01,8.8712949636552267e+01,-5.0951145387613805e-01,9.1459969376205237e+01,-4.0144663072738934e-01,8.8712949636552267e+01,-5.0951145387613828e-01,4.6794197315684869e+02,-5.3112537756440870e-01,9.1459969376205237e+01,-4.0144663072738956e-01,9.1459969376206203e+01,-4.0144663072683573e-01,9.1459969376206161e+01,-4.0144663072683584e-01,4.5531692531264321e+02,-3.1400805524635089e-01,4.0443053815556475e-05,9.7841510732346054e-06,1.4925598072865341e-03,7.0959720496950229e-01,7.0973751825871112e-01,7.0879855464442454e-01,5.3208949859797001e-05,5.3219471212922251e-05,5.3149063286393150e-05,-4.1512801271264665e-01,3.2346184892663638e-01,8.2900629638076129e-01,2.1390020589684733e-01,-4.3793784000508921e-11,2.6940628924161549e-11
2.2038390208844849e+08,2.2801893434924933e-03,1.4027689165625114e-06,-3.5674210443588871e-04,1.2573307958210079e-06,-3.8634225132127664e-04,8.4811539654687679e-07,-3.5674210443588866e-04,1.2573307958210072e-06,2.2801893434924942e-03,1.4027689165625117e-06,-3.8634225132127675e-04,8.4811539654687711e-07,-3.8634225132127653e-04,8.4811539654696044e-07,-3.8634225132127653e-04,8.4811539654696033e-07,2.3514966938748458e-03,5.6870332154187719e-07,4.6793256701542708e+02,-5.1367306292630033e-01,8.8703900397559963e+01,-4.9275696966693938e-01,9.1452865822851891e+01,-3.8823271628851486e-01,8.8703900397559963e+01,-4.9275696966693905e-01,4.6793256701542720e+02,-5.1367306292630055e-01,9.1452865822851905e+01,-3.8823271628851469e-01,9.1452865822851820e+01,-3.8823271628853440e-01,9.1452865822851862e+01,-3.8823271628853440e-01,4.5531145491804949e+02,-3.0365499007729135e-01,4.0746556391278102e-05,9.9499537681262490e-06,1.5027194439614611e-03,7.3877382548071668e-01,7.3892073025972604e-01,7.3791531020525325e-01,5.3208901335424113e-05,5.3219481896919944e-05,5.3147068264176136e-05,-1.9946972823405237e-01,-4.8426750744179631e-01,-3.4747552603381043e-01,7.8001119559815180e-01,2.7171186878742119e-11,-3.4301664602977009e-11
2.2944567109297279e+08,2.2802139531882021e-03,1.3562479048732473e-06,-3.5672017961928363e-04,1.2155682273545471e-06,-3.8632755222443974e-04,8.1990265128066305e-07,-3.5672017961928363e-04,1.2155682273545467e-06,2.2802139531882021e-03,1.3562479048732484e-06,-3.8632755222443963e-04,8.1990265128066337e-07,-3.8632755222444006e-04,8.1990265128048814e-07,-3.8632755222444006e-04,8.1990265128048804e-07,2.3515064239345573e-03,5.4972108490441735e-07,4.6792365424703411e+02,-4.9658808078078220e-01,8.8695373679356308e+01,-4.7635636116918695e-01,9.1446172700714200e+01,-3.7529922976235036e-01,8.8695373679356308e+01,-4.7635636116918684e-01,4.6792365424703405e+02,-4.9658808078078243e-01,9.1446172700714172e+01,-3.7529922976235025e-01,9.1446172700714314e+01,-3.7529922976230912e-01,9.1446172700714285e+01,-3.7529922976230901e-01,4.5530625153681621e+02,-2.9352342959244532e-01,4.1033931617600167e-05,1.0112459146118364e-05,1.5123245790560535e-03,7.6915002167549440e-01,7.6930377789559801e-01,7.6822973734961941e-01,5.3208846997536625e-05,5.3219483662634276e-05,5.3145182866340153e-05,4.9641643417806203e-01,-1.5931999243523542e-01,-7.8758941217589529e-01,-3.2420321085896886e-01,-5.9760524306409202e-12,3.7093133236968146e-11
2.3888004289068297e+08,2.2802371079674744e-03,1.3107414928502779e-06,-3.5669954277404048e-04,1.1747229494189195e-06,-3.8631371643617926e-04,7.9231396608719587e-07,-3.5669954277404021e-04,1.1747229494189206e-06,2.2802371079674770e-03,1.3107414928502766e-06,-3.8631371643617997e-04,7.9231396608719618e-07,-3.8631371643617845e-04,7.9231396608784935e-07,-3.8631371643617839e-04,7.9231396608784914e-07,2.3515155705687509e-03,5.3116554352076744e-07,4.6791526806430136e+02,-4.7988078456096217e-01,8.8687349541665853e+01,-4.6031943886852372e-01,9.1439874315538319e+01,-3.6265376791422871e-01,8.8687349541665839e+01,-4.6031943886852406e-01,4.6791526806430142e+02,-4.7988078456096112e-01,9.1439874315538418e+01,-3.6265376791422871e-01,9.1439874315537935e+01,-3.6265376791438236e-01,9.1439874315537992e+01,-3.6265376791438231e-01,4.5530135689210277e+02,-2.8361913940744760e-01,4.1305614952093620e-05,1.0271802602040711e-05,1.5213908329440894e-03,8.0077524524497190e-01,8.0093612627135546e-01,7.9979118096405766e-01,5.3208795846922749e-05,5.3219485844820802e-05,5.3143408117051807e-05,4.8501868607666543e-01,1.8502644055373871e-01,-4.9250674949885420e-01,-6.9222955142345544e-01,-3.1301638296004475e-11,-8.8757562145807470e-12
2.4870233820332998e+08,2.2802588646349603e-03,1.2662755300464375e-06,-3.5668014117154370e-04,1.1348175071905405e-06,-3.8630070827935521e-04,7.6536409349431423e-07,-3.5668014117154359e-04,1.1348175071905418e-06,2.2802588646349607e-03,1.2662755300464354e-06,-3.8630070827935586e-04,7.6536409349431434e-07,-3.8630070827935336e-04,7.6536409349503008e-07,-3.8630070827935364e-04,7.6536409349502976e-07,2.3515241555814603e-03,5.1304584645898214e-07,4.6790738740526717e+02,-4.6356012547870268e-01,8.8679807506256083e+01,-4.4465467946334075e-01,9.1433954555476362e+01,-3.5030288152387912e-01,8.8679807506256040e+01,-4.4465467946334086e-01,4.6790738740526689e+02,-4.6356012547870196e-01,9.1433954555476433e+01,-3.5030288152387917e-01,9.1433954555475864e+01,-3.5030288152404726e-01,9.1433954555475964e+01,-3.5030288152404737e-01,4.5529675870129256e+02,-2.7394706703726640e-01,4.1562075117455516e-05,1.0427694166662410e-05,1.5299358947467221e-03,8.3370086578702707e-01,8.3386915561390662e-01,8.3265094417503294e-01,5.3208748479631792e-05,5.3219489131870003e-05,5.3141740015003192e-05,3.7761462176949306e-01,-3.5312896895209006e-01,-8.1409161554512899e-01,2.3544957258341542e-01,-2.7812379003305778e-11,-5.7913535520603425e-12
2.5892850771175063e+08,2.2802792958541485e-03,1.2228698852783451e-06,-3.5666192560668161e-04,1.0958691070199434e-06,-3.8628849627418493e-04,7.3906421063256953e-07,-3.5666192560668167e-04,1.0958691070199438e-06,2.2802792958541481e-03,1.2228698852783440e-06,-3.8628849627418476e-04,7.3906421063256889e-07,-3.8628849627418520e-04,7.3906421063240605e-07,-3.8628849627418520e-04,7.3906421063240573e-07,2.3515322171855976e-03,4.9536879941387465e-07,4.6789998821492998e+02,-4.4763289282976165e-01,8.8672726893306077e+01,-4.2936848977720776e-01,9.1428397151193906e+01,-3.3825149790789977e-01,8.8672726893306120e+01,-4.2936848977720776e-01,4.6789998821493003e+02,-4.4763289282976171e-01,9.1428397151193920e+01,-3.3825149790789977e-01,9.1428397151194034e+01,-3.3825149790786163e-01,9.1428397151193991e+01,-3.3825149790786169e-01,4.5529244178357288e+02,-2.6451090183964765e-01,4.1803805215448598e-05,1.0579790366726761e-05,1.5379781500684188e-03,8.6798033980516587e-01,8.6815633290765404e-01,8.6686241972285261e-01,5.3208703857669437e-05,5.3219492540824851e-05,5.3140173413063175e-05,-1.0448651367752285e-01,5.0431351762238086e-01,4.4360777535670082e-01,-7.1967666968577515e-01,1.9598647986720543e-11,1.5527791292336164e-11
2.6957515795859307e+08,2.2802984589557927e-03,1.1805414754846870e-06,-3.5664484189096372e-04,1.0578923349604039e-06,-3.8627704367661850e-04,7.1342375062206882e-07,-3.5664484189096356e-04,1.0578923349604037e-06,2.2802984589557927e-03,1.1805414754846872e-06,-3.8627704367661845e-04,7.1342375062206872e-07,-3.8627704367661856e-04,7.1342375062206024e-07,-3.8627704367661850e-04,7.1342375062206035e-07,2.3515397767243352e-03,4.7814008010731319e-07,4.6789304911961966e+02,-4.3210482211677909e-01,8.8666086781995347e+01,-4.1446627032201677e-01,9.1423185649141075e+01,-3.2650375805603321e-01,8.8666086781995318e+01,-4.1446627032201683e-01,4.6789304911961955e+02,-4.3210482211677903e-01,9.1423185649141089e+01,-3.2650375805603316e-01,9.1423185649141075e+01,-3.2650375805603127e-01,9.1423185649141075e+01,-3.2650375805603132e-01,4.5528839375903414e+02,-2.5531372754744852e-01,4.2031342362599626e-05,1.0727812471378257e-05,1.5455372975627575e-03,9.0366933601707689e-01,9.0385333810448343e-01,9.0248120333754456e-01,5.3208661886631708e-05,5.3219496054025723e-05,5.3138703830623820e-05,3.6531390273044356e-01,3.6039733236556470e-01,-4.5599471502382538e-01,-7.0953545082805036e-01,1.5640486037958110e-11,1.5722763029644231e-11
2.8065957831611317e+08,2.2803164136435132e-03,1.1393022248752413e-06,-3.5662883666005596e-04,1.0208973328012638e-06,-3.8626631461132887e-04,6.8844917340697341e-07,-3.5662883666005596e-04,1.0208973328012634e-06,2.2803164136435132e-03,1.1393022248752411e-06,-3.8626631461132876e-04,6.8844917340697341e-07,-3.8626631461132876e-04,6.8844917340697479e-07,-3.8626631461132876e-04,6.8844917340697500e-07,2.3515468581167915e-03,4.6136341610329652e-07,4.6788654835894778e+02,-4.1697984362636881e-01,8.8659866322731148e+01,-3.9995169548675774e-01,9.1418303655352062e+01,-3.1506245021947693e-01,8.8659866322731176e+01,-3.9995169548675774e-01,4.6788654835894778e+02,-4.1697984362636881e-01,9.1418303655352076e+01,-3.1506245021947688e-01,9.1418303655352076e+01,-3.1506245021947721e-01,9.1418303655352076e+01,-3.1506245021947721e-01,4.5528460184289003e+02,-2.4635758008243666e-01,4.2245237702968053e-05,1.0871524085785637e-05,1.5526333281017705e-03,9.4082581377970720e-01,9.4101814245785231e-01,9.3956517348687618e-01,5.3208622566514105e-05,5.3219499759607931e-05,5.3137326761753062e-05,-2.6125929244427366e-02,5.1076005850681561e-01,1.1735212457806773e-01,-8.3328397632662099e-01,-1.8548898345537570e-11,6.9690535400411171e-12
2.9219976906283617e+08,2.2803332191635673e-03,1.0991600488052261e-06,-3.5661385687826131e-04,9.8489067869246018e-07,-3.8625627342527864e-04,6.6414456025608716e-07,-3.5661385687826136e-04,9.8489067869245933e-07,2.2803332191635652e-03,1.0991600488052244e-06,-3.8625627342527864e-04,6.6414456025608664e-07,-3.8625627342527886e-04,6.6414456025599685e-07,-3.8625627342527902e-04,6.6414456025599643e-07,2.3515534850025565e-03,4.4504098445388604e-07,4.6788046433985699e+02,-4.0226044773676917e-01,8.8654044815652753e+01,-3.8582706366030961e-01,9.1413734896967270e+01,-3.0392928560386484e-01,8.8654044815652753e+01,-3.8582706366030961e-01,4.6788046433985738e+02,-4.0226044773676906e-01,9.1413734896967270e+01,-3.0392928560386484e-01,9.1413734896967242e+01,-3.0392928560384375e-01,9.1413734896967313e+01,-3.0392928560384364e-01,4.5528105336467030e+02,-2.3764366313936319e-01,4.2446058635732235e-05,1.1010711247667590e-05,1.5592866342608474e-03,9.7951011288430501e-01,9.7971109811456547e-01,9.7817458422041859e-01,5.3208585738556124e-05,5.3219503583829821e-05,5.3136037644887696e-05,-4.9906543829145239e-01,-1.0406687773458947e-01,8.2932553695983180e-01,1.3126623177198443e-01,1.4844194044484628e-11,-9.8753895310127639e-12
3.0421447061467671e+08,2.2803489344485404e-03,1.0601194562005116e-06,-3.5659985003965724e-04,9.4987592826975546e-07,-3.8624688485235239e-04,6.4051197734984079e-07,-3.5659985003965729e-04,9.4987592826975536e-07,2.2803489344485400e-03,1.0601194562005116e-06,-3.8624688485235250e-04,6.4051197734984058e-07,-3.8624688485235239e-04,6.4051197734985063e-07,-3.8624688485235244e-04,6.4051197734985074e-07,2.3515596810049617e-03,4.2917365075235195e-07,4.6787477563287354e+02,-3.8794790335638774e-01,8.8648601755460220e+01,-3.7209350696570165e-01,9.1409463256012941e+01,-2.9310506325054775e-01,8.8648601755460206e+01,-3.7209350696570170e-01,4.6787477563287365e+02,-3.8794790335638779e-01,9.1409463256012970e+01,-2.9310506325054775e-01,9.1409463256012941e+01,-2.9310506325055002e-01,9.1409463256012955e+01,-2.9310506325055002e-01,4.5527773574106311e+02,-2.2917247631342633e-01,4.2634389428049255e-05,1.1145194977412150e-05,1.5655180502304998e-03,1.0197850542386957e+00,1.0199950389062358e+00,1.0183721645904256e+00,5.3208551256043271e-05,5.3219507466765671e-05,5.3134831984558914e-05,1.2323443262277285e-01,-4.9311287285830807e-01,-4.4762174523098656e-02,8.3666274968777798e-01,-1.0157682367409696e-11,1.2555568259253738e-11
3.1672319395798820e+08,2.2803636170194829e-03,1.0221806889716090e-06,-3.5658676486517629e-04,9.1585284486139781e-07,-3.8623811445669874e-04,6.1755095825951184e-07,-3.5658676486517629e-04,9.1585284486139770e-07,2.2803636170194833e-03,1.0221806889716096e-06,-3.8623811445669874e-04,6.1755095825951216e-07,-3.8623811445669847e-04,6.1755095825956870e-07,-3.8623811445669847e-04,6.1755095825956891e-07,2.3515654691190022e-03,4.1376062616937436e-07,4.6786946132951465e+02,-3.7404194449329470e-01,8.8643517131276298e+01,-3.5875069087027922e-01,9.1405473006314864e+01,-2.8258943387483404e-01,8.8643517131276298e+01,-3.5875069087027911e-01,4.6786946132951459e+02,-3.7404194449329481e-01,9.1405473006314878e+01,-2.8258943387483410e-01,9.1405473006314779e+01,-2.8258943387484736e-01,9.1405473006314779e+01,-2.8258943387484736e-01,4.5527463670679089e+02,-2.2094363124385538e-01,4.2810806720328572e-05,1.1274828553812702e-05,1.5713479838928028e-03,1.0617160427858960e+00,1.0619353832900582e+00,1.0602232215049101e+00,5.3208519028432513e-05,5.3219511405790572e-05,5.3133705418828407e-05,3.2718404558432501e-01,-3.8711085298946274e-01,-2.9591814801030325e-01,7.8202150195556230e-01,-9.8818960587273143e-12,-1.0913354179954886e-11
3.2974625233396053e+08,2.2803773221657629e-03,9.8534091834510674e-07,-3.5657455082246313e-04,8.8281847054255385e-07,-3.8622992819744933e-04,5.9525922404947608e-07,-3.5657455082246307e-04,8.8281847054255448e-07,2.2803773221657620e-03,9.8534091834510717e-07,-3.8622992819744938e-04,5.9525922404947587e-07,-3.8622992819744933e-04,5.9525922404948032e-07,-3.8622992819744933e-04,5.9525922404948000e-07,2.3515708706542014e-03,3.9879994429097991e-07,4.6786450114931148e+02,-3.6054120650722016e-01,8.8638771346666346e+01,-3.4579723241823468e-01,9.1401748754387825e+01,-2.7238122865847147e-01,8.8638771346666388e+01,-3.4579723241823451e-01,4.6786450114931154e+02,-3.6054120650722016e-01,9.1401748754387810e+01,-2.7238122865847142e-01,9.1401748754387796e+01,-2.7238122865847242e-01,9.1401748754387810e+01,-2.7238122865847242e-01,4.5527174446477665e+02,-2.1295610752495212e-01,4.2975891633600179e-05,1.1399500459667823e-05,1.5767968734713240e-03,1.1053711724963469e+00,1.1056002394035487e+00,1.1037957443099751e+00,5.3208488952758195e-05,5.3219515388316273e-05,5.3132653653868397e-05,-4.4481626059041457e-01,-2.4020796839991701e-01,8.3448379683878593e-01,6.7812317228918984e-04,-1.2594749850234009e-11,-4.8678071213805573e-12
3.4330479422582114e+08,2.2803901054434844e-03,9.4959446295312341e-07,-3.5656315911380466e-04,8.5076732130922029e-07,-3.8622229338319158e-04,5.7363281384560890e-07,-3.5656315911380455e-04,8.5076732130922114e-07,2.2803901054434857e-03,9.4959446295312362e-07,-3.8622229338319174e-04,5.7363281384560942e-07,-3.8622229338319136e-04,5.7363281384560773e-07,-3.8622229338319185e-04,5.7363281384560847e-07,2.3515759082047331e-03,3.8428854637466822e-07,4.6785987502613364e+02,-3.4744330491688052e-01,8.8634345307348852e+01,-3.3323077576658511e-01,9.1398275495728512e+01,-2.6247851845505982e-01,8.8634345307348880e+01,-3.3323077576658505e-01,4.6785987502613358e+02,-3.4744330491688069e-01,9.1398275495728512e+01,-2.6247851845505971e-01,9.1398275495728470e+01,-2.6247851845505948e-01,9.1398275495728427e+01,-2.6247851845505937e-01,4.5526904720333164e+02,-2.0520829853146436e-01,4.3130223380004397e-05,1.1519132718780054e-05,1.5818849807526297e-03,1.1508213362336812e+00,1.1510605148659763e+00,1.1491605154283067e+00,5.3208460883498733e-05,5.3219519356695176e-05,5.3131672492394965e-05,3.5658903849917940e-02,-5.0303160484543585e-01,4.5927766035678008e-01,6.9482952602315484e-01,1.2000695291047471e-11,-3.3335042707128234e-12
3.5742083770240682e+08,2.2804020199522425e-03,9.1493263222022340e-07,-3.5655254235188345e-04,8.1969124634548015e-07,-3.8621517820409447e-04,5.5266599004949870e-07,-3.5655254235188318e-04,8.1969124634548057e-07,2.2804020199522429e-03,9.1493263222022340e-07,-3.8621517820409452e-04,5.5266599004949880e-07,-3.8621517820409447e-04,5.5266599004949785e-07,-3.8621517820409479e-04,5.5266599004949806e-07,2.3515806028800040e-03,3.7022221843928525e-07,4.6785556367376302e+02,-3.3474477815744669e-01,8.8630220548505946e+01,-3.2104793720532221e-01,9.1395038725287478e+01,-2.5287857051376161e-01,8.8630220548505974e+01,-3.2104793720532210e-01,4.6785556367376290e+02,-3.3474477815744674e-01,9.1395038725287492e+01,-2.5287857051376167e-01,9.1395038725287463e+01,-2.5287857051376145e-01,9.1395038725287463e+01,-2.5287857051376150e-01,4.5526653363205554e+02,-1.9769797767819905e-01,4.3274369721657450e-05,1.1633679671668293e-05,1.5866320582552033e-03,1.1981403421682824e+00,1.1983900332968507e+00,1.1963912258925857e+00,5.3208434698782981e-05,5.3219523278010068e-05,5.3130757872571159e-05,8.6200687023447603e-02,4.9570224831707155e-01,-6.9682259353627507e-01,-4.5348017296944360e-01,-7.2918718457758757e-12,-8.9585760906733279e-12
3.7211730617387849e+08,2.2804131167746427e-03,8.8134425940974083e-07,-3.5654265474195944e-04,7.8957990447204763e-07,-3.8620855190508660e-04,5.3235155816454432e-07,-3.5654265474195971e-04,7.8957990447204636e-07,2.2804131167746414e-03,8.8134425940973881e-07,-3.8620855190508633e-04,5.3235155816454368e-07,-3.8620855190508627e-04,5.3235155816455893e-07,-3.8620855190508584e-04,5.3235155816455819e-07,2.3515849748372113e-03,3.5659580243478341e-07,4.6785154851272017e+02,-3.2244128132617800e-01,8.8626379251018577e+01,-3.0924449076580413e-01,9.1392024447609430e+01,-2.4357799425880286e-01,8.8626379251018463e+01,-3.0924449076580446e-01,4.6785154851272017e+02,-3.2244128132617772e-01,9.1392024447609472e+01,-2.4357799425880289e-01,9.1392024447609415e+01,-2.4357799425880614e-01,9.1392024447609487e+01,-2.4357799425880602e-01,4.5526419289491298e+02,-1.9042241172401211e-01,4.3408887252056962e-05,1.1743127110782966e-05,1.5910573778568906e-03,1.2474050336752882e+00,1.2476656542169040e+00,1.2455645954754890e+00,5.3208410298677754e-05,5.3219527140710775e-05,5.3129905892954982e-05,5.8804073647923137e-02,-4.9861269891230414e-01,6.3849719356920198e-01,5.3021686356857900e-01,-9.3715084478670815e-12,5.3023545384630189e-12
3.8741806561764312e+08,2.2804234447677753e-03,8.4881592782489224e-07,-3.5653345215074872e-04,7.6042096573416537e-07,-3.8620238482071646e-04,5.1268100167186642e-07,-3.5653345215074905e-04,7.6042096573416187e-07,2.2804234447677723e-03,8.4881592782488727e-07,-3.8620238482071575e-04,5.1268100167186387e-07,-3.8620238482071570e-04,5.1268100167191247e-07,-3.8620238482071472e-04,5.1268100167191014e-07,2.3515890431303672e-03,3.4340328469074803e-07,4.6784781172703504e+02,-3.1052766785439501e-01,8.8622804278155712e+01,-2.9781544635666851e-01,9.1389219205848732e+01,-2.3457280253710280e-01,8.8622804278155442e+01,-2.9781544635666940e-01,4.6784781172703492e+02,-3.1052766785439495e-01,9.1389219205848846e+01,-2.3457280253710297e-01,9.1389219205848704e+01,-2.3457280253711327e-01,9.1389219205848917e+01,-2.3457280253711296e-01,4.5526201461135889e+02,-1.8337840822302451e-01,4.3534318728254415e-05,1.1847490270523362e-05,1.5951796495272516e-03,1.2986954139003022e+00,1.2989673976537768e+00,1.2967604970021605e+00,5.3208387592765577e-05,5.3219530942329239e-05,5.3129112801175361e-05,1.6255739847469505e-01,4.7396825371563156e-01,-8.2682930640311159e-01,-5.3699121306842186e-02,8.6662155019809171e-12,5.1590034453678222e-12
4.0334796333493531e+08,2.2804330517702462e-03,8.1733182947077386e-07,-3.5652489288872676e-04,7.3219998428642387e-07,-3.8619664906930167e-04,4.9364439591272483e-07,-3.5652489288872676e-04,7.3219998428642493e-07,2.2804330517702458e-03,8.1733182947077534e-07,-3.8619664906930200e-04,4.9364439591272546e-07,-3.8619664906930205e-04,4.9364439591270418e-07,-3.8619664906930227e-04,4.9364439591270534e-07,2.3515928273303102e-03,3.3063773784069629e-07,4.6784433611224574e+02,-2.9899793721371720e-01,8.8619479309661287e+01,-2.8675499952695072e-01,9.1386610180013605e+01,-2.2585837194478475e-01,8.8619479309661344e+01,-2.8675499952695044e-01,4.6784433611224597e+02,-2.9899793721371720e-01,9.1386610180013605e+01,-2.2585837194478475e-01,9.1386610180013619e+01,-2.2585837194478012e-01,9.1386610180013605e+01,-2.2585837194478020e-01,4.5525998864884014e+02,-1.7656228440184929e-01,4.3651180640610054e-05,1.1946809158937948e-05,1.5990165919545665e-03,1.3520947747908829e+00,1.3523785731407507e+00,1.3500620857795789e+00,5.3208366464066649e-05,5.3219534650560085e-05,5.3128374984299495e-05,-1.4969623514641359e-01,4.7721289019766550e-01,-7.2130794095759732e-01,-4.0507280558144526e-01,-8.6712521088320415e-12,3.8552475873716040e-12
4.1993286830099589e+08,2.2804419816227764e-03,7.8687525888915819e-07,-3.5651693583981496e-04,7.0490173304264531e-07,-3.8619131688292813e-04,4.7523130465008208e-07,-3.5651693583981463e-04,7.0490173304264637e-07,2.2804419816227759e-03,7.8687525888915840e-07,-3.8619131688292862e-04,4.7523130465008245e-07,-3.8619131688292824e-04,4.7523130465005921e-07,-3.8619131688292884e-04,4.7523130465005995e-07,2.3515963435769326e-03,3.1829191439462718e-07,4.6784110545599196e+02,-2.8784577843795883e-01,8.8616388524913788e+01,-2.7605705206814096e-01,9.1384184954368592e+01,-2.1742985190020619e-01,8.8616388524913788e+01,-2.7605705206814091e-01,4.6784110545599248e+02,-2.8784577843795894e-01,9.1384184954368649e+01,-2.1742985190020622e-01,9.1384184954368621e+01,-2.1742985190020103e-01,9.1384184954368664e+01,-2.1742985190020114e-01,4.5525810567987151e+02,-1.6997018541499900e-01,4.3759992992791006e-05,1.2041153235563670e-05,1.6025860068809399e-03,1.4076898342202877e+00,1.4079859170110691e+00,1.4055559354741671e+00,5.3208346845311569e-05,5.3219538284962441e-05,5.3127689003039621e-05,2.9978214849972196e-01,-3.9926081133501706e-01,6.5418523730448819e-01,5.0434529582650234e-01,3.8187464198837694e-13,8.9588161433196447e-12
4.3719971317437381e+08,2.2804502807281827e-03,7.5742736739491239e-07,-3.5650954356809101e-04,6.7850908911685750e-07,-3.8618636350901017e-04,4.5743002972053412e-07,-3.5650954356809106e-04,6.7850908911685750e-07,2.2804502807281827e-03,7.5742736739491228e-07,-3.8618636350901017e-04,4.5743002972053412e-07,-3.8618636350901022e-04,4.5743002972053613e-07,-3.8618636350901022e-04,4.5743002972053619e-07,2.3515996126719564e-03,3.0635774746734554e-07,4.6783810353769292e+02,-2.7706411485928550e-01,8.8613516992769235e+01,-2.6571477567939666e-01,9.1381931790125080e+01,-2.0928182134444107e-01,8.8613516992769249e+01,-2.6571477567939666e-01,4.6783810353769292e+02,-2.7706411485928550e-01,9.1381931790125080e+01,-2.0928182134444104e-01,9.1381931790125108e+01,-2.0928182134444154e-01,9.1381931790125108e+01,-2.0928182134444154e-01,4.5525635593103465e+02,-1.6359781667600409e-01,4.3861240479942165e-05,1.2130609227031378e-05,1.6059044117998546e-03,1.4655708723913663e+00,1.4658797285498488e+00,1.4633321766006886e+00,5.3208328549768388e-05,5.3219541736564563e-05,5.3127051510631414e-05,-3.3728429006885552e-01,-3.6703937926823876e-01,4.9101519367156721e-01,-6.6279080535938883e-01,-1.9691967166650687e-12,8.2758089499173307e-12
4.5517653803357083e+08,2.2804579867845725e-03,7.2896800949508443e-07,-3.5650267880771644e-04,6.5300378895763588e-07,-3.8618176362098885e-04,4.4022811910526547e-07,-3.5650267880771655e-04,6.5300378895763577e-07,2.2804579867845721e-03,7.2896800949508411e-07,-3.8618176362098891e-04,4.4022811910526531e-07,-3.8618176362098896e-04,4.4022811910526669e-07,-3.8618176362098885e-04,4.4022811910526653e-07,2.3516026472896272e-03,2.9482668909461438e-07,4.6783531613195561e+02,-2.6664541304091949e-01,8.8610850549903461e+01,-2.5572090767646805e-01,9.1379839581343148e+01,-2.0140852130486175e-01,8.8610850549903461e+01,-2.5572090767646782e-01,4.6783531613195555e+02,-2.6664541304091938e-01,9.1379839581343134e+01,-2.0140852130486173e-01,9.1379839581343148e+01,-2.0140852130486200e-01,9.1379839581343134e+01,-2.0140852130486206e-01,4.5525473136487358e+02,-1.5744062514475754e-01,4.3955388197316328e-05,1.2215285684547444e-05,1.6089875910789376e-03,1.5258318861397073e+00,1.5261540247532603e+00,1.5234846473513870e+00,5.3208311563347986e-05,5.3219545075946733e-05,5.3126459418365952e-05,-4.0003405663635150e-01,2.9615842919208557e-01,-7.0962200832156996e-01,-4.1832724500365326e-01,-3.8235919043577573e-12,7.1413890883360429e-12
4.7389253591205418e+08,2.2804651394846176e-03,7.0147612875128878e-07,-3.5649630710475638e-04,6.2836677292264657e-07,-3.8617749419737630e-04,4.2361259657654305e-07,-3.5649630710475632e-04,6.2836677292264689e-07,2.2804651394846176e-03,7.0147612875128836e-07,-3.8617749419737630e-04,4.2361259657654289e-07,-3.8617749419737619e-04,4.2361259657653595e-07,-3.8617749419737630e-04,4.2361259657653601e-07,2.3516054637086822e-03,2.8368985888295216e-07,4.6783272899600530e+02,-2.5658182091738330e-01,8.8608375706833826e+01,-2.4606788328619969e-01,9.1377897734059559e+01,-1.9380395836849920e-01,8.8608375706833812e+01,-2.4606788328619969e-01,4.6783272899600524e+02,-2.5658182091738346e-01,9.1377897734059559e+01,-1.9380395836849931e-01,9.1377897734059545e+01,-1.9380395836849759e-01,9.1377897734059559e+01,-1.9380395836849768e-01,4.5525322359248401e+02,-1.5149387912252624e-01,4.4042883927262964e-05,1.2295307105626711e-05,1.6118507081533623e-03,1.5885707357432772e+00,1.5889066867902051e+00,1.5861110432566863e+00,5.3208295817413401e-05,5.3219548311421325e-05,5.3125909781650783e-05,4.1256906863645965e-01,-2.7719427458141122e-01,7.7022129647603876e-01,2.8913432250839499e-01,5.6562867119586527e-12,5.2843653486568669e-12
4.9337810020558321e+08,2.2804717753363074e-03,6.7492981493087612e-07,-3.5649039549875364e-04,6.0457823490264609e-07,-3.8617353309742099e-04,4.0756999495709161e-07,-3.5649039549875370e-04,6.0457823490264598e-07,2.2804717753363078e-03,6.7492981493087601e-07,-3.8617353309742099e-04,4.0756999495709151e-07,-3.8617353309742115e-04,4.0756999495707944e-07,-3.8617353309742104e-04,4.0756999495707959e-07,2.3516080761115973e-03,2.7293806644935773e-07,4.6783032883721910e+02,-2.4686518846403419e-01,8.8606079681019096e+01,-2.3674785519051125e-01,9.1376096215039851e+01,-1.8646192001101772e-01,8.8606079681019139e+01,-2.3674785519051131e-01,4.6783032883721916e+02,-2.4686518846403419e-01,9.1376096215039908e+01,-1.8646192001101775e-01,9.1376096215039908e+01,-1.8646192001101500e-01,9.1376096215039908e+01,-1.8646192001101500e-01,4.5525182488241336e+02,-1.4575268020264545e-01,4.4124156197742382e-05,1.2370812745734693e-05,1.6145082329454357e-03,1.6538893038321942e+00,1.6542396191334361e+00,1.6513130743978359e+00,5.3208281198934353e-05,5.3219551406084001e-05,5.3125399751029293e-05,3.9443012782967651e-01,-3.0139376482132163e-01,8.1969140391476447e-01,5.7663552076262517e-02,-6.1193511954458417e-12,4.1980986437867040e-12
5.1366487402883691e+08,2.2804779299449010e-03,6.4930649361256482e-07,-3.5648491309262447e-04,5.8161779089812896e-07,-3.8616985967995505e-04,3.9208646858375214e-07,-3.5648491309262420e-04,5.8161779089812896e-07,2.2804779299449010e-03,6.4930649361256493e-07,-3.8616985967995505e-04,3.9208646858375230e-07,-3.8616985967995478e-04,3.9208646858376871e-07,-3.8616985967995494e-04,3.9208646858376898e-07,2.3516104990914076e-03,2.6256188472307443e-07,4.6782810288471364e+02,-2.3748713570425384e-01,8.8603950378571383e+01,-2.2775275852459573e-01,9.1374425527312866e+01,-1.7937602546136586e-01,8.8603950378571355e+01,-2.2775275852459562e-01,4.6782810288471347e+02,-2.3748713570425392e-01,9.1374425527312852e+01,-1.7937602546136583e-01,9.1374425527312837e+01,-1.7937602546136969e-01,9.1374425527312837e+01,-1.7937602546136977e-01,4.5525052771531438e+02,-1.4021200256936611e-01,4.4199613431513493e-05,1.2441953395069824e-05,1.6169739225613308e-03,1.7218936636241962e+00,1.7222589177260643e+00,1.7191966343332066e+00,5.3208267645745677e-05,5.3219554369439168e-05,5.3124926694213656e-05,3.9827876474949159e-01,2.9529272463541850e-01,3.5495617830585424e-01,7.4006891677837394e-01,6.1390228125121470e-12,-3.6382216382560661e-12
5.3478580160148370e+08,2.2804836348641407e-03,6.2458250952652033e-07,-3.5647983083821402e-04,5.5946410547993238e-07,-3.8616645438597065e-04,3.7714754194503957e-07,-3.5647983083821397e-04,5.5946410547993228e-07,2.2804836348641411e-03,6.2458250952652065e-07,-3.8616645438597060e-04,3.7714754194503978e-07,-3.8616645438597060e-04,3.7714754194503999e-07,-3.8616645438597049e-04,3.7714754194503989e-07,2.3516127445414496e-03,2.5255148316636188e-07,4.6782603956945218e+02,-2.2843890058606228e-01,8.8601976590698428e+01,-2.1907416494352450e-01,9.1372876876418673e+01,-1.7253961090771161e-01,8.8601976590698428e+01,-2.1907416494352452e-01,4.6782603956945235e+02,-2.2843890058606217e-01,9.1372876876418658e+01,-1.7253961090771164e-01,9.1372876876418658e+01,-1.7253961090771169e-01,9.1372876876418658e+01,-1.7253961090771167e-01,4.5524932540839859e+02,-1.3486660355924515e-01,4.4269627233974171e-05,1.2508885701065134e-05,1.6192602269618139e-03,1.7926942497398135e+00,1.7930750409775098e+00,1.7898719693817571e+00,5.3208255094967363e-05,5.3219557210381751e-05,5.3124488098301429e-05,2.1731214730926474e-02,4.9477849034986821e-01,-1.5893832859872839e-01,8.0436592868014878e-01,-4.7966375339406873e-12,4.9347126917919224e-12
5.5677518174716723e+08,2.2804889232108465e-03,6.0073463387372071e-07,-3.5647512126411890e-04,5.3809623816486818e-07,-3.8616329898251482e-04,3.6273901325050438e-07,-3.5647512126411895e-04,5.3809623816486829e-07,2.2804889232108474e-03,6.0073463387372082e-07,-3.8616329898251477e-04,3.6273901325050433e-07,-3.8616329898251466e-04,3.6273901325050793e-07,-3.8616329898251477e-04,3.6273901325050798e-07,2.3516148268071919e-03,2.4289722454505826e-07,4.6782412720871412e+02,-2.1971188623106228e-01,8.8600147446466252e+01,-2.1070380674574066e-01,9.1371441721223661e+01,-1.6594614111505254e-01,8.8600147446466252e+01,-2.1070380674574068e-01,4.6782412720871412e+02,-2.1971188623106222e-01,9.1371441721223633e+01,-1.6594614111505251e-01,9.1371441721223647e+01,-1.6594614111505335e-01,9.1371441721223590e+01,-1.6594614111505337e-01,4.5524821098888464e+02,-1.2971134358637607e-01,4.4334574437694866e-05,1.2571777610290794e-05,1.6213798004372510e-03,1.8664060354025760e+00,1.8668029867695410e+00,1.8634538575167012e+00,5.3208243422666778e-05,5.3219559869656231e-05,5.3124081564743534e-05,4.8590518834561175e-01,9.3107244208555942e-02,8.0704333339569656e-01,1.4002190002568976e-01,-6.6352467910039991e-12,5.0081286504736015e-13
5.7966872359225166e+08,2.2804938214934446e-03,5.7773879731708468e-07,-3.5647075809944418e-04,5.1749250989644425e-07,-3.8616037561747883e-04,3.4884619297255736e-07,-3.5647075809944439e-04,5.1749250989644457e-07,2.2804938214934446e-03,5.7773879731708479e-07,-3.8616037561747888e-04,3.4884619297255715e-07,-3.8616037561747877e-04,3.4884619297255895e-07,-3.8616037561747888e-04,3.4884619297255879e-07,2.3516167547216645e-03,2.3358916126520712e-07,4.6782235579945632e+02,-2.1129720000431004e-01,8.8598452976912910e+01,-2.0263313510799999e-01,9.1370112247582142e+01,-1.5958886228123345e-01,8.8598452976912952e+01,-2.0263313510800010e-01,4.6782235579945626e+02,-2.1129720000431002e-01,9.1370112247582128e+01,-1.5958886228123345e-01,9.1370112247582156e+01,-1.5958886228123384e-01,9.1370112247582142e+01,-1.5958886228123381e-01,4.5524717881852564e+02,-1.2474091609809586e-01,4.4394792870122735e-05,1.2630799508479516e-05,1.6233439163374221e-03,1.9431487251820991e+00,1.9435624855948395e+00,1.9400617981948469e+00,5.3208232621564802e-05,5.3219562408114518e-05,5.3123704902664586e-05,2.6355995112696673e-01,4.1814051007648767e-01,6.1303877414115238e-01,5.4208173992526754e-01,6.2347086523575793e-12,-1.6520456690705116e-12
6.0350360455480158e+08,2.2804983573858017e-03,5.5557096217350616e-07,-3.5646671721922536e-04,4.9763128176154740e-07,-3.8615766816760212e-04,3.3545442594461386e-07,-3.5646671721922541e-04,4.9763128176154771e-07,2.2804983573858017e-03,5.5557096217350606e-07,-3.8615766816760212e-04,3.3545442594461402e-07,-3.8615766816760207e-04,3.3545442594461364e-07,-3.8615766816760212e-04,3.3545442594461375e-07,2.3516185395387182e-03,2.2461737939244996e-07,4.6782071540420469e+02,-2.0318596952816972e-01,8.8596883754857032e+01,-1.9485362268680423e-01,9.1368881054434894e+01,-1.5346103954902743e-01,8.8596883754857060e+01,-1.9485362268680420e-01,4.6782071540420469e+02,-2.0318596952816978e-01,9.1368881054434894e+01,-1.5346103954902743e-01,9.1368881054434894e+01,-1.5346103954902740e-01,9.1368881054434866e+01,-1.5346103954902743e-01,4.5524622305915761e+02,-1.1995003199702289e-01,4.4450605089350644e-05,1.2686124974291294e-05,1.6251633294593374e-03,2.0230469459710414e+00,2.0234781911945849e+00,2.0198202060480570e+00,5.3208222689736181e-05,5.3219564884208677e-05,5.3123356099405225e-05,-2.0816243086523728e-01,4.4781833612686717e-01,1.0335256437101142e-01,8.1105626603217307e-01,-6.1606506305313539e-12,1.1456493631619966e-12
6.2831853071795905e+08,2.2805025583482628e-03,5.3420708150295828e-07,-3.5646297623943097e-04,4.7849091763496526e-07,-3.8615516181826371e-04,3.2254906565206929e-07,-3.5646297623943097e-04,4.7849091763496516e-07,2.2805025583482632e-03,5.3420708150295849e-07,-3.8615516181826371e-04,3.2254906565206940e-07,-3.8615516181826371e-04,3.2254906565206950e-07,-3.8615516181826371e-04,3.2254906565206945e-07,2.3516201933814910e-03,2.1597198073019759e-07,4.6781919640049870e+02,-1.9536932703586496e-01,8.8595430887793100e+01,-1.8735674849265993e-01,9.1367741154540852e+01,-1.4755594495309454e-01,8.8595430887793086e+01,-1.8735674849265990e-01,4.6781919640049870e+02,-1.9536932703586496e-01,9.1367741154540838e+01,-1.4755594495309449e-01,9.1367741154540838e+01,-1.4755594495309454e-01,9.1367741154540852e+01,-1.4755594495309454e-01,4.5524533794070908e+02,-1.1533341004506301e-01,4.4502318576409185e-05,1.2737927893711220e-05,1.6268482834011539e-03,2.1062304379057895e+00,2.1066798716604280e+00,2.1028585998358991e+00,5.3208213339737718e-05,5.3219567067548551e-05,5.3123032973838076e-05,2.1382682987747059e-01,4.4469193352571340e-01,7.8690405810085728e-01,2.1949391787081104e-01,-2.0050809835199643e-12,-5.7619985975551803e-12
