omega,re_0,im_0,re_1,im_1,re_2,im_2,re_3,im_3,re_4,im_4,re_5,im_5,re_6,im_6,re_7,im_7,re_8,im_8,re_9,im_9,re_10,im_10,re_11,im_11,re_12,im_12,re_13,im_13,re_14,im_14,re_15,im_15
62.83185307179587,0.0,4.801439457566964e-10,0.0,-7.526176178214839e-11,0.0,-8.153064260645906e-11,0.0,-4.676063878349015e-11,0.0,-7.526176178214839e-11,0.0,4.801439457566963e-10,0.0,-8.153064260645906e-11,0.0,-4.676063878349014e-11,0.0,-8.153064260645904e-11,0.0,-8.153064260645904e-11,0.0,4.952682465608687e-10,0.0,-1.097844927718455e-10,0.0,-4.6760638783490156e-11,0.0,-4.676063878349014e-11,0.0,-1.0978449277184549e-10,0.0,4.224220026042807e-10
65.41537996857582,0.0,4.998865561930151e-10,0.0,-7.835638300302893e-11,0.0,-8.488302834375151e-11,0.0,-4.868334776152579e-11,0.0,-7.835638300302889e-11,0.0,4.99886556193015e-10,0.0,-8.488302834375145e-11,0.0,-4.868334776152577e-11,0.0,-8.488302834375155e-11,0.0,-8.488302834375146e-11,0.0,5.156327396253816e-10,0.0,-1.14298623361012e-10,0.0,-4.868334776152583e-11,0.0,-4.8683347761525775e-11,0.0,-1.1429862336101205e-10,0.0,4.397911959698303e-10
68.10513660234535,0.0,5.204409454100198e-10,0.0,-8.157824919232302e-11,0.0,-8.83732578385848e-11,0.0,-5.0685114894248674e-11,0.0,-8.157824919232302e-11,0.0,5.204409454100198e-10,0.0,-8.837325783858477e-11,0.0,-5.0685114894248687e-11,0.0,-8.837325783858477e-11,0.0,-8.837325783858482e-11,0.0,5.368345821074148e-10,0.0,-1.1899836645756962e-10,0.0,-5.068511489424868e-11,0.0,-5.068511489424868e-11,0.0,-1.1899836645756962e-10,0.0,4.578745776975147e-10
70.90549093886288,0.0,5.418404922149821e-10,0.0,-8.493259242233661e-11,0.0,-9.20069989654169e-11,0.0,-5.2769190903371766e-11,0.0,-8.493259242233665e-11,0.0,5.418404922149819e-10,0.0,-9.20069989654169e-11,0.0,-5.2769190903371766e-11,0.0,-9.200699896541692e-11,0.0,-9.20069989654169e-11,0.0,5.589082042304385e-10,0.0,-1.2389135409657366e-10,0.0,-5.276919090337177e-11,0.0,-5.2769190903371754e-11,0.0,-1.238913540965736e-10,0.0,4.767015138612727e-10
73.82099054637276,0.0,5.641199478885608e-10,0.0,-8.842485989828746e-11,0.0,-9.579015265097741e-11,0.0,-5.493896017413312e-11,0.0,-8.842485989828748e-11,0.0,5.641199478885608e-10,0.0,-9.57901526509774e-11,0.0,-5.4938960174133126e-11,0.0,-9.579015265097743e-11,0.0,-9.579015265097739e-11,0.0,5.81889451923553e-10,0.0,-1.289855321279178e-10,0.0,-5.493896017413313e-11,0.0,-5.4938960174133126e-11,0.0,-1.289855321279178e-10,0.0,4.963025780124292e-10
76.85636998052001,0.0,5.873154926183153e-10,0.0,-9.206072280416394e-11,0.0,-9.972886245693637e-11,0.0,-5.719794625128749e-11,0.0,-9.206072280416398e-11,0.0,5.873154926183151e-10,0.0,-9.972886245693638e-11,0.0,-5.7197946251287496e-11,0.0,-9.972886245693641e-11,0.0,-9.972886245693638e-11,0.0,6.058156450326314e-10,0.0,-1.3428917311980723e-10,0.0,-5.719794625128751e-11,0.0,-5.719794625128749e-11,0.0,-1.3428917311980718e-10,0.0,5.167096008288851e-10
80.01655847291823,0.0,6.114647942526497e-10,0.0,-9.584608551230801e-11,0.0,-1.0382952455659394e-10,0.0,-5.954981756108193e-11,0.0,-9.584608551230791e-11,0.0,6.114647942526497e-10,0.0,-1.0382952455659393e-10,0.0,-5.954981756108192e-11,0.0,-1.0382952455659393e-10,0.0,-1.0382952455659393e-10,0.0,6.30725637924986e-10,0.0,-1.398108897927967e-10,0.0,-5.95498175610819e-11,0.0,-5.954981756108192e-11,0.0,-1.398108897927967e-10,0.0,5.3795572180578e-10
83.3066879358569,0.0,6.366070694706132e-10,0.0,-9.978709517167886e-11,0.0,-1.0809879812179203e-10,0.0,-6.19983933685087e-11,0.0,-9.978709517167888e-11,0.0,6.366070694706132e-10,0.0,-1.0809879812179205e-10,0.0,-6.199839336850868e-11,0.0,-1.0809879812179208e-10,0.0,-1.0809879812179208e-10,0.0,6.566598825859845e-10,0.0,-1.4555964900621172e-10,0.0,-6.199839336850873e-11,0.0,-6.199839336850871e-11,0.0,-1.4555964900621172e-10,0.0,5.600754430715811e-10
86.73210129614749,0.0,6.62783147466885e-10,0.0,-1.0389015169036845e-10,0.0,-1.125436161369177e-10,0.0,-6.45476499795092e-11,0.0,-1.0389015169036843e-10,0.0,6.627831474668851e-10,0.0,-1.1254361613691765e-10,0.0,-6.45476499795092e-11,0.0,-1.1254361613691761e-10,0.0,-1.1254361613691767e-10,0.0,6.836604943100851e-10,0.0,-1.515447863196648e-10,0.0,-6.454764997950922e-11,0.0,-6.454764997950922e-11,0.0,-1.5154478631966486e-10,0.0,5.831046854169883e-10
90.29836117164085,0.0,6.900355362553639e-10,0.0,-1.0816191812857809e-10,0.0,-1.1717119665755522e-10,0.0,-6.720172719820033e-11,0.0,-1.0816191812857807e-10,0.0,6.900355362553641e-10,0.0,-1.1717119665755522e-10,0.0,-6.720172719820031e-11,0.0,-1.1717119665755527e-10,0.0,-1.1717119665755525e-10,0.0,7.117713200929528e-10,0.0,-1.5777602115331272e-10,0.0,-6.720172719820031e-11,0.0,-6.720172719820033e-11,0.0,-1.5777602115331267e-10,0.0,6.070808466276375e-10
94.01125890450754,0.0,7.184084916990407e-10,0.0,-1.1260933151893575e-10,0.0,-1.21989054532076e-10,0.0,-6.996493504961022e-11,0.0,-1.1260933151893572e-10,0.0,7.184084916990407e-10,0.0,-1.2198905453207604e-10,0.0,-6.99649350496102e-11,0.0,-1.21989054532076e-10,0.0,-1.2198905453207604e-10,0.0,7.410380098357411e-10,0.0,-1.642634725714769e-10,0.0,-6.996493504961019e-11,0.0,-6.996493504961026e-11,0.0,-1.6426347257147693e-10,0.0,6.320428622153407e-10
97.8768239659487,0.0,7.479480893782428e-10,0.0,-1.1723961413172365e-10,0.0,-1.2700501360519537e-10,0.0,-7.284176077884002e-11,0.0,-1.1723961413172365e-10,0.0,7.479480893782425e-10,0.0,-1.2700501360519537e-10,0.0,-7.284176077884002e-11,0.0,-1.270050136051954e-10,0.0,-1.2700501360519534e-10,0.0,7.715080904771523e-10,0.0,-1.7101767571525434e-10,0.0,-7.284176077884003e-11,0.0,-7.284176077884002e-11,0.0,-1.7101767571525434e-10,0.0,6.580312686464746e-10
101.90133374761122,0.0,7.787022994139685e-10,0.0,-1.2206028520331062e-10,0.0,-1.3222721942331743e-10,0.0,-7.583687613801792e-11,0.0,-1.2206028520331062e-10,0.0,7.787022994139683e-10,0.0,-1.322272194233174e-10,0.0,-7.58368761380179e-11,0.0,-1.322272194233175e-10,0.0,-1.3222721942331748e-10,0.0,8.032310431736688e-10,0.0,-1.780495989108075e-10,0.0,-7.583687613801792e-11,0.0,-7.58368761380179e-11,0.0,-1.780495989108075e-10,0.0,6.850882691702026e-10
106.09132375560732,0.0,8.107210643678138e-10,0.0,-1.2707917314683588e-10,0.0,-1.3766415246230037e-10,0.0,-7.895514497287879e-11,0.0,-1.2707917314683588e-10,0.0,8.107210643678137e-10,0.0,-1.3766415246230035e-10,0.0,-7.895514497287879e-11,0.0,-1.3766415246230035e-10,0.0,-1.3766415246230027e-10,0.0,8.362583836532919e-10,0.0,-1.8537066148111455e-10,0.0,-7.895514497287882e-11,0.0,-7.895514497287876e-11,0.0,-1.8537066148111468e-10,0.0,7.132578023534305e-10
110.453598223693,0.0,8.440563803449983e-10,0.0,-1.323044282649726e-10,0.0,-1.4332464189912094e-10,0.0,-8.220163112129003e-11,0.0,-1.3230442826497252e-10,0.0,8.440563803449982e-10,0.0,-1.4332464189912101e-10,0.0,-8.220163112129009e-11,0.0,-1.4332464189912104e-10,0.0,-1.4332464189912114e-10,0.0,8.706437458732655e-10,0.0,-1.9299275229010453e-10,0.0,-8.220163112129006e-11,0.0,-8.220163112129012e-11,0.0,-1.9299275229010437e-10,0.0,7.425856134337853e-10
114.9952411628399,0.0,8.787623814321907e-10,0.0,-1.3774453598541597e-10,0.0,-1.492178799498059e-10,0.0,-8.558160663654934e-11,0.0,-1.3774453598541607e-10,0.0,8.787623814321908e-10,0.0,-1.492178799498058e-10,0.0,-8.558160663654923e-11,0.0,-1.4921787994980587e-10,0.0,-1.4921787994980574e-10,0.0,9.064429691176746e-10,0.0,-2.0092824904929398e-10,0.0,-8.558160663654928e-11,0.0,-8.55816066365492e-11,0.0,-2.0092824904929424e-10,0.0,7.731193286065002e-10
119.72362786514542,0.0,9.148954276072612e-10,0.0,-1.4340833064059131e-10,0.0,-1.553534367969084e-10,0.0,-8.910056034880924e-11,0.0,-1.4340833064059134e-10,0.0,9.148954276072611e-10,0.0,-1.553534367969084e-10,0.0,-8.910056034880924e-11,0.0,-1.5535343679690844e-10,0.0,-1.553534367969084e-10,0.0,9.437141886762714e-10,0.0,-2.0919003841827172e-10,0.0,-8.910056034880921e-11,0.0,-8.910056034880921e-11,0.0,-2.0919003841827172e-10,0.0,8.049085323658257e-10
124.64643688076109,0.0,9.525141962637173e-10,0.0,-1.4930500981395462e-10,0.0,-1.6174127613077926e-10,0.0,-9.276420677853143e-11,0.0,-1.493050098139546e-10,0.0,9.525141962637176e-10,0.0,-1.6174127613077929e-10,0.0,-9.27642067785314e-11,0.0,-1.6174127613077929e-10,0.0,-1.6174127613077929e-10,0.0,9.825179302519345e-10,0.0,-2.1779153693168469e-10,0.0,-9.276420677853139e-11,0.0,-9.27642067785314e-11,0.0,-2.1779153693168469e-10,0.0,8.380048480265878e-10
129.77166248729,0.0,9.916797774984475e-10,0.0,-1.5544414927618852e-10,0.0,-1.6839177132986096e-10,0.0,-9.657849541644472e-11,0.0,-1.5544414927618854e-10,0.0,9.916797774984475e-10,0.0,-1.6839177132986093e-10,0.0,-9.657849541644476e-11,0.0,-1.6839177132986099e-10,0.0,-1.6839177132986093e-10,0.0,1.0229172082498945e-09,0.0,-2.267467127866942e-10,0.0,-9.657849541644475e-11,0.0,-9.657849541644473e-11,0.0,-2.2674671278669421e-10,0.0,8.724620215566251e-10
135.10762767190218,0.0,1.0324557733175193e-09,0.0,-1.6183571853554542e-10,0.0,-1.7531572230628711e-10,0.0,-1.0054962038507842e-10,0.0,-1.6183571853554545e-10,0.0,1.0324557733175188e-09,0.0,-1.7531572230628706e-10,0.0,-1.0054962038507839e-10,0.0,-1.7531572230628714e-10,0.0,-1.7531572230628706e-10,0.0,1.0649776281084805e-09,0.0,-2.3607010852629607e-10,0.0,-1.0054962038507842e-10,0.0,-1.0054962038507839e-10,0.0,-2.360701085262961e-10,0.0,9.083360088562673e-10
140.6629976472495,0.0,1.0749084009211267e-09,0.0,-1.6849009702759038e-10,0.0,-1.8252437304414047e-10,0.0,-1.04684030497558e-10,0.0,-1.684900970275904e-10,0.0,1.0749084009211267e-09,0.0,-1.8252437304414044e-10,0.0,-1.0468403049755799e-10,0.0,-1.8252437304414044e-10,0.0,-1.8252437304414044e-10,0.0,1.1087674928374934e-09,0.0,-2.457768646553338e-10,0.0,-1.0468403049755796e-10,0.0,-1.0468403049755796e-10,0.0,-2.4577686465533374e-10,0.0,9.456850666265739e-10
146.44679392313063,0.0,1.1191066002354328e-09,0.0,-1.7541809097063774e-10,0.0,-1.9002942985885193e-10,0.0,-1.0898843973000144e-10,0.0,-1.7541809097063766e-10,0.0,1.1191066002354326e-09,0.0,-1.900294298588518e-10,0.0,-1.0898843973000148e-10,0.0,-1.900294298588519e-10,0.0,-1.900294298588518e-10,0.0,1.1543579139372456e-09,0.0,-2.558827442275586e-10,0.0,-1.089884397300015e-10,0.0,-1.0898843973000148e-10,0.0,-2.558827442275585e-10,0.0,9.8456984697391e-10
152.46840895675493,0.0,1.165122145865903e-09,0.0,-1.826309509142492e-10,0.0,-1.978430804073901e-10,0.0,-1.1346983812451951e-10,0.0,-1.8263095091424917e-10,0.0,1.1651221458659034e-09,0.0,-1.9784308040739e-10,0.0,-1.1346983812451958e-10,0.0,-1.9784308040739008e-10,0.0,-1.9784308040739002e-10,0.0,1.2018229268783708e-09,0.0,-2.6640415844366283e-10,0.0,-1.1346983812451956e-10,0.0,-1.1346983812451954e-10,0.0,-2.6640415844366294e-10,0.0,1.0250534959044782e-09
158.73762140539807,0.0,1.2130297636539534e-09,0.0,-1.9014039000929405e-10,0.0,-2.0597801348011406e-10,0.0,-1.181355031405264e-10,0.0,-1.9014039000929405e-10,0.0,1.2130297636539536e-09,0.0,-2.059780134801141e-10,0.0,-1.1813550314052642e-10,0.0,-2.0597801348011412e-10,0.0,-2.059780134801141e-10,0.0,1.251239611329952e-09,0.0,-2.7735819330185444e-10,0.0,-1.181355031405264e-10,0.0,-1.1813550314052642e-10,0.0,-2.7735819330185454e-10,0.0,1.0672017558687587e-09
165.26461200621813,0.0,1.2629072520261906e-09,0.0,-1.979586030292399e-10,0.0,-2.1444743960643097e-10,0.0,-1.2299301147279593e-10,0.0,-1.979586030292398e-10,0.0,1.26290725202619e-09,0.0,-2.1444743960643102e-10,0.0,-1.2299301147279588e-10,0.0,-2.1444743960643102e-10,0.0,-2.14447439606431e-10,0.0,1.3026882163312026e-09,0.0,-2.8876263734425503e-10,0.0,-1.229930114727959e-10,0.0,-1.2299301147279588e-10,0.0,-2.88762637344255e-10,0.0,1.111083072522387e-09
172.05998010901936,0.0,1.3148356083333002e-09,0.0,-2.0609828617356224e-10,0.0,-2.2326511250771797e-10,0.0,-1.2805025135545306e-10,0.0,-2.0609828617356232e-10,0.0,1.3148356083333e-09,0.0,-2.2326511250771797e-10,0.0,-1.2805025135545306e-10,0.0,-2.2326511250771807e-10,0.0,-2.2326511250771805e-10,0.0,1.3562522906099659e-09,0.0,-3.006360105441757e-10,0.0,-1.280502513554531e-10,0.0,-1.2805025135545306e-10,0.0,-3.0063601054417567e-10,0.0,1.156768705876834e-09
179.13476088881166,0.0,1.3688991603837476e-09,0.0,-2.1457265768543258e-10,0.0,-2.3244535143234732e-10,0.0,-1.3331543537188222e-10,0.0,-2.1457265768543269e-10,0.0,1.3688991603837476e-09,0.0,-2.3244535143234737e-10,0.0,-1.3331543537188222e-10,0.0,-2.3244535143234737e-10,0.0,-2.3244535143234737e-10,0.0,1.4120188182596672e-09,0.0,-3.129975943811825e-10,0.0,-1.3331543537188225e-10,0.0,-1.3331543537188222e-10,0.0,-3.1299759438118256e-10,0.0,1.2043328460203886e-09
186.50044326611896,0.0,1.4251857033859052e-09,0.0,-2.2339547931716822e-10,0.0,-2.4200306440908755e-10,0.0,-1.3879711379135558e-10,0.0,-2.2339547931716822e-10,0.0,1.4251857033859052e-09,0.0,-2.4200306440908755e-10,0.0,-1.3879711379135558e-10,0.0,-2.420030644090876e-10,0.0,-2.420030644090875e-10,0.0,1.4700783599950486e-09,0.0,-3.2586746315279434e-10,0.0,-1.387971137913556e-10,0.0,-1.387971137913556e-10,0.0,-3.2586746315279434e-10,0.0,1.2538527335973774e-09
194.16898856413573,0.0,1.4837866425209717e-09,0.0,-2.32581078678299e-10,0.0,-2.5195377245663826e-10,0.0,-1.4450418845403745e-10,0.0,-2.32581078678299e-10,0.0,1.483786642520971e-09,0.0,-2.519537724566382e-10,0.0,-1.4450418845403745e-10,0.0,-2.519537724566383e-10,0.0,-2.519537724566383e-10,0.0,1.530525200216067e-09,0.0,-3.392665165736555e-10,0.0,-1.4450418845403748e-10,0.0,-1.4450418845403748e-10,0.0,-3.3926651657365543e-10,0.0,1.3054087852412526e-09
202.1528499330308,0.0,1.5447971413782224e-09,0.0,-2.4214437250254564e-10,0.0,-2.6231363478861674e-10,0.0,-1.5044592722691386e-10,0.0,-2.4214437250254564e-10,0.0,1.5447971413782218e-09,0.0,-2.6231363478861654e-10,0.0,-1.5044592722691393e-10,0.0,-2.6231363478861674e-10,0.0,-2.6231363478861674e-10,0.0,1.5934575001187842e-09,0.0,-3.532165137151265e-10,0.0,-1.5044592722691396e-10,0.0,-1.5044592722691388e-10,0.0,-3.532165137151263e-10,0.0,1.3590847241652551e-09
210.46499257294212,0.0,1.6083162764936406e-09,0.0,-2.5210089087149146e-10,0.0,-2.730994750549246e-10,0.0,-1.5663197905412332e-10,0.0,-2.521008908714915e-10,0.0,1.6083162764936402e-09,0.0,-2.7309947505492464e-10,0.0,-1.5663197905412332e-10,0.0,-2.730994750549247e-10,0.0,-2.730994750549246e-10,0.0,1.6589774571018872e-09,0.0,-3.677401083404061e-10,0.0,-1.5663197905412335e-10,0.0,-1.566319790541233e-10,0.0,-3.677401083404062e-10,0.0,1.41496771612272e-09
219.11891478850168,0.0,1.6744471982428743e-09,0.0,-2.624668024342852e-10,0.0,-2.8432880866211044e-10,0.0,-1.630723896261274e-10,0.0,-2.6246680243428526e-10,0.0,1.6744471982428745e-09,0.0,-2.843288086621105e-10,0.0,-1.630723896261274e-10,0.0,-2.8432880866211054e-10,0.0,-2.8432880866211044e-10,0.0,1.7271914707276965e-09,0.0,-3.828608856925654e-10,0.0,-1.630723896261274e-10,0.0,-1.630723896261274e-10,0.0,-3.828608856925655e-10,0.0,1.4731485109578048e-09
228.1286699090846,0.0,1.7432972983498232e-09,0.0,-2.732589406643319e-10,0.0,-2.96019871217095e-10,0.0,-1.6977761769316965e-10,0.0,-2.7325894066433194e-10,0.0,1.7432972983498236e-09,0.0,-2.96019871217095e-10,0.0,-1.6977761769316967e-10,0.0,-2.9601987121709506e-10,0.0,-2.96019871217095e-10,0.0,1.7982103155071916e-09,0.0,-3.986034007952393e-10,0.0,-1.6977761769316965e-10,0.0,-1.6977761769316965e-10,0.0,-3.986034007952393e-10,0.0,1.5337215899765296e-09
237.5088891103756,0.0,1.8149783842828487e-09,0.0,-2.844948311956076e-10,0.0,-3.0819164814044665e-10,0.0,-1.7675855204951153e-10,0.0,-2.844948311956076e-10,0.0,1.8149783842828477e-09,0.0,-3.081916481404466e-10,0.0,-1.7675855204951158e-10,0.0,-3.081916481404466e-10,0.0,-3.081916481404466e-10,0.0,1.872149320789615e-09,0.0,-4.149932183281669e-10,0.0,-1.7675855204951155e-10,0.0,-1.7675855204951158e-10,0.0,-4.149932183281669e-10,0.0,1.5967853193774238e-09
247.2748051743158,0.0,1.8896068608218256e-09,0.0,-2.9619272028299235e-10,0.0,-3.208639054972997e-10,0.0,-1.840265292160289e-10,0.0,-2.961927202829924e-10,0.0,1.889606860821825e-09,0.0,-3.2086390549729973e-10,0.0,-1.8402652921602896e-10,0.0,-3.208639054972997e-10,0.0,-3.2086390549729973e-10,0.0,1.949128558048804e-09,0.0,-4.320569541423405e-10,0.0,-1.8402652921602896e-10,0.0,-1.84026529216029e-10,0.0,-4.320569541423405e-10,0.0,1.662442109990953e-09
257.4422772260138,0.0,1.9673039190908997e-09,0.0,-3.083716044328383e-10,0.0,-3.3405722209598293e-10,0.0,-1.915933518498834e-10,0.0,-3.0837160443283845e-10,0.0,1.9673039190909005e-09,0.0,-3.3405722209598293e-10,0.0,-1.9159335184988334e-10,0.0,-3.340572220959829e-10,0.0,-3.3405722209598293e-10,0.0,2.0292730358703805e-09,0.0,-4.498223184821779e-10,0.0,-1.915933518498835e-10,0.0,-1.9159335184988342e-10,0.0,-4.4982231848217786e-10,0.0,1.7307985835871338e-09
268.0278164877906,0.0,2.0481957333638956e-09,0.0,-3.210512612518895e-10,0.0,-3.477930229064794e-10,0.0,-1.994713079111633e-10,0.0,-3.2105126125188954e-10,0.0,2.0481957333638952e-09,0.0,-3.4779302290647936e-10,0.0,-1.9947130791116327e-10,0.0,-3.477930229064794e-10,0.0,-3.477930229064793e-10,0.0,2.11271290295644e-09,0.0,-4.68318160984908e-10,0.0,-1.9947130791116327e-10,0.0,-1.994713079111632e-10,0.0,-4.68318160984908e-10,0.0,1.8019657460213924e-09
279.0486130921842,0.0,2.132413665962017e-09,0.0,-3.342522815646536e-10,0.0,-3.620936138529946e-10,0.0,-2.076731906176227e-10,0.0,-3.342522815646537e-10,0.0,2.1324136659620166e-09,0.0,-3.620936138529946e-10,0.0,-2.0767319061762274e-10,0.0,-3.6209361385299467e-10,0.0,-3.620936138529945e-10,0.0,2.199583659477421e-09,0.0,-4.875745175302499e-10,0.0,-2.0767319061762274e-10,0.0,-2.0767319061762276e-10,0.0,-4.875745175302498e-10,0.0,1.8760591674998715e-09
290.5225639974522,0.0,2.220094480576523e-09,0.0,-3.479961028513758e-10,0.0,-3.7698221803712583e-10,0.0,-2.1621231921992039e-10,0.0,-3.479961028513759e-10,0.0,2.220094480576523e-09,0.0,-3.7698221803712583e-10,0.0,-2.1621231921992033e-10,0.0,-3.769822180371259e-10,0.0,-3.7698221803712583e-10,0.0,2.290026377114352e-09,0.0,-5.076226590164564e-10,0.0,-2.1621231921992046e-10,0.0,-2.1621231921992046e-10,0.0,-5.076226590164564e-10,0.0,1.9531991702568835e-09
302.46830205090794,0.0,2.3113805643628495e-09,0.0,-3.6230504406092136e-10,0.0,-3.9248301345046155e-10,0.0,-2.251025606310969e-10,0.0,-3.6230504406092125e-10,0.0,2.311380564362849e-09,0.0,-3.9248301345046155e-10,0.0,-2.251025606310969e-10,0.0,-3.924830134504616e-10,0.0,-3.9248301345046155e-10,0.0,2.3841879281488247e-09,0.0,-5.284951421419407e-10,0.0,-2.251025606310969e-10,0.0,-2.2510256063109691e-10,0.0,-5.284951421419407e-10,0.0,2.033511023949323e-09
314.9052262472862,0.0,2.406420159166819e-09,0.0,-3.7720234185509736e-10,0.0,-4.086211722378505e-10,0.0,-2.3435835194541573e-10,0.0,-3.7720234185509736e-10,0.0,2.4064201591668185e-09,0.0,-4.086211722378505e-10,0.0,-2.3435835194541584e-10,0.0,-4.0862117223785063e-10,0.0,-4.086211722378505e-10,0.0,2.4822212239727175e-09,0.0,-5.502258622749456e-10,0.0,-2.3435835194541584e-10,0.0,-2.3435835194541584e-10,0.0,-5.502258622749456e-10,0.0,2.11712514908532e-09
327.85353323127407,0.0,2.5053676022584132e-09,0.0,-3.927121883432708e-10,0.0,-4.2542290157510146e-10,0.0,-2.4399472388313594e-10,0.0,-3.927121883432709e-10,0.0,2.505367602258413e-09,0.0,-4.2542290157510146e-10,0.0,-2.4399472388313583e-10,0.0,-4.254229015751017e-10,0.0,-4.254229015751015e-10,0.0,2.5842854634049637e-09,0.0,-5.728501084971114e-10,0.0,-2.4399472388313583e-10,0.0,-2.4399472388313583e-10,0.0,-5.728501084971115e-10,0.0,2.2041773288174887e-09
341.33425009536967,0.0,2.6083835769641006e-09,0.0,-4.0885977036856643e-10,0.0,-4.429154862274998e-10,0.0,-2.5402732519928945e-10,0.0,-4.088597703685663e-10,0.0,2.6083835769641e-09,0.0,-4.4291548622749984e-10,0.0,-2.5402732519928955e-10,0.0,-4.429154862275e-10,0.0,-4.429154862274998e-10,0.0,2.6905463912186805e-09,0.0,-5.964046209103373e-10,0.0,-2.5402732519928955e-10,0.0,-2.540273251992895e-10,0.0,-5.964046209103373e-10,0.0,2.2948089294447305e-09
355.3692685263229,0.0,2.7156353736046614e-09,0.0,-4.256713104094351e-10,0.0,-4.6112733285824603e-10,0.0,-2.6447244809610286e-10,0.0,-4.256713104094349e-10,0.0,2.7156353736046626e-09,0.0,-4.611273328582459e-10,0.0,-2.644724480961029e-10,0.0,-4.611273328582457e-10,0.0,-4.6112733285824587e-10,0.0,2.8011765672983994e-09,0.0,-6.209276502999855e-10,0.0,-2.644724480961029e-10,0.0,-2.6447244809610286e-10,0.0,-6.209276502999855e-10,0.0,2.3891671299806388e-09
369.9813803556156,0.0,2.8272971611622886e-09,0.0,-4.4317410916301827e-10,0.0,-4.800880161587747e-10,0.0,-2.7534705468032695e-10,0.0,-4.431741091630184e-10,0.0,2.8272971611622894e-09,0.0,-4.800880161587746e-10,0.0,-2.753470546803266e-10,0.0,-4.800880161587747e-10,0.0,-4.800880161587748e-10,0.0,2.91635564686455e-09,0.0,-6.464590202513274e-10,0.0,-2.753470546803266e-10,0.0,-2.753470546803268e-10,0.0,-6.464590202513275e-10,0.0,2.4874051611613282e-09
385.19431457170947,0.0,2.943550270118119e-09,0.0,-4.6139658987946064e-10,0.0,-4.998283268758665e-10,0.0,-2.8666880450844157e-10,0.0,-4.6139658987946064e-10,0.0,2.9435502701181173e-09,0.0,-4.998283268758665e-10,0.0,-2.866688045084417e-10,0.0,-4.998283268758668e-10,0.0,-4.998283268758665e-10,0.0,3.03627067222026e-09,0.0,-6.730401918201002e-10,0.0,-2.866688045084417e-10,0.0,-2.866688045084417e-10,0.0,-6.730401918201e-10,0.0,2.5896825542808082e-09
401.03277585416777,0.0,3.0645834869195478e-09,0.0,-4.803683445191664e-10,0.0,-5.203803218135426e-10,0.0,-2.984560832644741e-10,0.0,-4.803683445191664e-10,0.0,3.0645834869195478e-09,0.0,-5.203803218135426e-10,0.0,-2.9845608326447406e-10,0.0,-5.203803218135427e-10,0.0,-5.203803218135425e-10,0.0,3.1611163764942038e-09,0.0,-7.007143308621924e-10,0.0,-2.984560832644742e-10,0.0,-2.9845608326447416e-10,0.0,-7.007143308621926e-10,0.0,2.6961654002580133e-09
417.522484692226,0.0,3.1905933605554145e-09,0.0,-5.001201818079509e-10,0.0,-5.417773758909396e-10,0.0,-3.107280326169831e-10,0.0,-5.001201818079509e-10,0.0,3.1905933605554145e-09,0.0,-5.417773758909396e-10,0.0,-3.107280326169831e-10,0.0,-5.417773758909398e-10,0.0,-5.417773758909398e-10,0.0,3.2910954998727934e-09,0.0,-7.295263781318005e-10,0.0,-3.107280326169831e-10,0.0,-3.107280326169831e-10,0.0,-7.295263781318004e-10,0.0,2.8070266193561472e-09
434.69021915296497,0.0,3.321784521737044e-09,0.0,-5.206841772681343e-10,0.0,-5.640542363407138e-10,0.0,-3.235045813037167e-10,0.0,-5.206841772681343e-10,0.0,3.321784521737044e-09,0.0,-5.640542363407139e-10,0.0,-3.235045813037168e-10,0.0,-5.640542363407138e-10,0.0,-5.64054236340714e-10,0.0,3.4264191188352503e-09,0.0,-7.595231222618886e-10,0.0,-3.2350458130371673e-10,0.0,-3.235045813037168e-10,0.0,-7.595231222618886e-10,0.0,2.9224462419924107e-09
452.5638583669095,0.0,3.458370015203371e-09,0.0,-5.420937253068152e-10,0.0,-5.872470791359716e-10,0.0,-3.368064774944063e-10,0.0,-5.420937253068153e-10,0.0,3.4583700152033703e-09,0.0,-5.872470791359715e-10,0.0,-3.3680647749440627e-10,0.0,-5.872470791359718e-10,0.0,-5.872470791359714e-10,0.0,3.567306988926185e-09,0.0,-7.907532757454677e-10,0.0,-3.3680647749440627e-10,0.0,-3.3680647749440627e-10,0.0,-7.907532757454677e-10,0.0,3.0426117010940785e-09
471.17242780167385,0.0,3.6005716456898334e-09,0.0,-5.643835934459179e-10,0.0,-6.113935677373763e-10,0.0,-3.5065532248425907e-10,0.0,-5.643835934459179e-10,0.0,3.6005716456898325e-09,0.0,-6.113935677373763e-10,0.0,-3.5065532248425917e-10,0.0,-6.113935677373763e-10,0.0,-6.113935677373764e-10,0.0,3.713987901622344e-09,0.0,-8.232675540410778e-10,0.0,-3.50655322484259e-10,0.0,-3.506553224842593e-10,0.0,-8.232675540410779e-10,0.0,3.1677181364756968e-09
490.5461463971736,0.0,3.748620338122854e-09,0.0,-5.875899787820746e-10,0.0,-6.365329142558197e-10,0.0,-3.6507360577286405e-10,0.0,-5.875899787820746e-10,0.0,3.748620338122853e-09,0.0,-6.365329142558196e-10,0.0,-3.6507360577286395e-10,0.0,-6.365329142558196e-10,0.0,-6.365329142558197e-10,0.0,3.866700055873033e-09,0.0,-8.571187579309433e-10,0.0,-3.650736057728639e-10,0.0,-3.6507360577286384e-10,0.0,-8.571187579309431e-10,0.0,3.297968711731712e-09
510.7164756389469,0.0,3.902756512624829e-09,0.0,-6.117505667680316e-10,0.0,-6.627059431299881e-10,0.0,-3.8008474158547307e-10,0.0,-6.117505667680316e-10,0.0,3.90275651262483e-09,0.0,-6.627059431299882e-10,0.0,-3.800847415854732e-10,0.0,-6.627059431299881e-10,0.0,-6.627059431299884e-10,0.0,4.025691444917594e-09,0.0,-8.923618592655306e-10,0.0,-3.80084741585473e-10,0.0,-3.800847415854734e-10,0.0,-8.923618592655302e-10,0.0,3.433574944159101e-09
531.7161706492817,0.0,4.063230474938624e-09,0.0,-6.369045924110385e-10,0.0,-6.899551574222338e-10,0.0,-3.957131068959737e-10,0.0,-6.369045924110384e-10,0.0,4.063230474938624e-09,0.0,-6.899551574222337e-10,0.0,-3.9571310689597365e-10,0.0,-6.899551574222338e-10,0.0,-6.899551574222338e-10,0.0,4.191220259008072e-09,0.0,-9.290540902337738e-10,0.0,-3.9571310689597375e-10,0.0,-3.957131068959736e-10,0.0,-9.290540902337738e-10,0.0,3.5747570482458366e-09
553.5793333791087,0.0,4.2303028229055835e-09,0.0,-6.630929039875943e-10,0.0,-7.183248078403992e-10,0.0,-4.1198408101328833e-10,0.0,-6.630929039875945e-10,0.0,4.230302822905583e-09,0.0,-7.183248078403992e-10,0.0,-4.119840810132884e-10,0.0,-7.183248078403993e-10,0.0,-7.183248078403991e-10,0.0,4.363555304691085e-09,0.0,-9.672550363039098e-10,0.0,-4.119840810132884e-10,0.0,-4.119840810132883e-10,0.0,-9.672550363039098e-10,0.0,3.7217442932829e-09
576.3414679870473,0.0,4.404244869657131e-09,0.0,-6.903580293780288e-10,0.0,-7.478609645976952e-10,0.0,-4.2892408679549515e-10,0.0,-6.903580293780291e-10,0.0,4.40424486965713e-09,0.0,-7.478609645976952e-10,0.0,-4.2892408679549525e-10,0.0,-7.478609645976952e-10,0.0,-7.478609645976952e-10,0.0,4.542976441329767e-09,0.0,-1.0070267329858706e-09,0.0,-4.2892408679549525e-10,0.0,-4.289240867954952e-10,0.0,-1.0070267329858706e-09,0.0,3.8747753756806546e-09
600.0395384955322,0.0,4.585339084207233e-09,0.0,-7.187442451286314e-10,0.0,-7.786115922273177e-10,0.0,-4.4656063355859507e-10,0.0,-7.187442451286313e-10,0.0,4.585339084207233e-09,0.0,-7.786115922273175e-10,0.0,-4.4656063355859497e-10,0.0,-7.786115922273177e-10,0.0,-7.786115922273177e-10,0.0,4.729775035574658e-09,0.0,-1.0484337665723638e-09,0.0,-4.465606335585951e-10,0.0,-4.46560633558595e-10,0.0,-1.0484337665723638e-09,0.0,4.0340988065941564e-09
624.7120288176508,0.0,4.773879550161175e-09,0.0,-7.482976483534866e-10,0.0,-8.106266274733009e-10,0.0,-4.6492236174960415e-10,0.0,-7.482976483534869e-10,0.0,4.7738795501611736e-09,0.0,-8.106266274733008e-10,0.0,-4.649223617496043e-10,0.0,-8.106266274733009e-10,0.0,-8.106266274733007e-10,0.0,4.924254434521607e-09,0.0,-1.0915433790222298e-09,0.0,-4.6492236174960435e-10,0.0,-4.649223617496042e-10,0.0,-1.09154337902223e-09,0.0,4.199973315486883e-09
650.3990052521697,0.0,4.970172443285561e-09,0.0,-7.790662315927773e-10,0.0,-8.439580603840928e-10,0.0,-4.840390894565215e-10,0.0,-7.790662315927774e-10,0.0,4.9701724432855595e-09,0.0,-8.439580603840927e-10,0.0,-4.840390894565217e-10,0.0,-8.439580603840928e-10,0.0,-8.439580603840926e-10,0.0,5.126730458324971e-09,0.0,-1.1364255771564094e-09,0.0,-4.840390894565217e-10,0.0,-4.840390894565215e-10,0.0,-1.1364255771564096e-09,0.0,4.372668270288227e-09
677.1421815482412,0.0,5.174536528715132e-09,0.0,-8.110999607491183e-10,0.0,-8.786600187405503e-10,0.0,-5.03941860830698e-10,0.0,-8.110999607491184e-10,0.0,5.174536528715131e-09,0.0,-8.786600187405503e-10,0.0,-5.03941860830698e-10,0.0,-8.786600187405506e-10,0.0,-8.786600187405505e-10,0.0,5.337531913066229e-09,0.0,-1.183153246343842e-09,0.0,-5.03941860830698e-10,0.0,-5.03941860830698e-10,0.0,-1.1831532463438425e-09,0.0,4.552464114827099e-09
704.9849866454446,0.0,5.387303678603741e-09,0.0,-8.444508562284869e-10,0.0,-9.147888559554499e-10,0.0,-5.246629965002407e-10,0.0,-8.444508562284871e-10,0.0,5.38730367860374e-09,0.0,-9.147888559554497e-10,0.0,-5.246629965002405e-10,0.0,-9.147888559554499e-10,0.0,-9.147888559554498e-10,0.0,5.5570011247106966e-09,0.0,-1.2318022688619118e-09,0.0,-5.246629965002407e-10,0.0,-5.246629965002407e-10,0.0,-1.2318022688619118e-09,0.0,4.739652824251951e-09
733.9726351991704,0.0,5.608819411060183e-09,0.0,-8.791730774175108e-10,0.0,-9.524032425872575e-10,0.0,-5.462361460563212e-10,0.0,-8.791730774175108e-10,0.0,5.608819411060183e-09,0.0,-9.524032425872573e-10,0.0,-5.462361460563212e-10,0.0,-9.524032425872575e-10,0.0,-9.524032425872575e-10,0.0,5.785494495019567e-09,0.0,-1.2824516471236494e-09,0.0,-5.462361460563213e-10,0.0,-5.462361460563212e-10,0.0,-1.2824516471236494e-09,0.0,4.934538379176806e-09
764.1522010058766,0.0,5.839443451244034e-09,0.0,-9.153230106343076e-10,0.0,-9.915642616167785e-10,0.0,-5.686963426976236e-10,0.0,-9.153230106343075e-10,0.0,5.839443451244035e-09,0.0,-9.915642616167785e-10,0.0,-5.686963426976236e-10,0.0,-9.915642616167783e-10,0.0,-9.915642616167787e-10,0.0,6.023383080320023e-09,0.0,-1.3351836319718095e-09,0.0,-5.686963426976237e-10,0.0,-5.686963426976238e-10,0.0,-1.3351836319718095e-09,0.0,5.137437259323301e-09
795.5726934474478,0.0,6.079550315532691e-09,0.0,-9.529593606956875e-10,0.0,-1.0323355076413944e-09,0.0,-5.920800601216643e-10,0.0,-9.529593606956877e-10,0.0,6.07955031553269e-09,0.0,-1.0323355076413942e-09,0.0,-5.92080060121664e-10,0.0,-1.0323355076413942e-09,0.0,-1.0323355076413936e-09,0.0,6.271053194073226e-09,0.0,-1.3900838562481476e-09,0.0,-5.92080060121664e-10,0.0,-5.920800601216637e-10,0.0,-1.3900838562481476e-09,0.0,5.3486789574603095e-09
828.2851370788098,0.0,6.3295299197082706e-09,0.0,-9.921432462494418e-10,0.0,-1.0747831901479878e-09,0.0,-6.164252717553794e-10,0.0,-9.921432462494418e-10,0.0,6.329529919708268e-09,0.0,-1.0747831901479874e-09,0.0,-6.164252717553794e-10,0.0,-1.0747831901479878e-09,0.0,-1.0747831901479876e-09,0.0,6.528907034218813e-09,0.0,-1.447241473854825e-09,0.0,-6.164252717553797e-10,0.0,-6.164252717553798e-10,0.0,-1.4472414738548256e-09,0.0,5.568606514475853e-09
862.3426544880288,0.0,6.589788212151981e-09,0.0,-1.0329382990264955e-09,0.0,-1.1189762410322484e-09,0.0,-6.417715124211635e-10,0.0,-1.0329382990264953e-09,0.0,6.589788212151979e-09,0.0,-1.1189762410322486e-09,0.0,-6.417715124211636e-10,0.0,-1.1189762410322486e-09,0.0,-1.1189762410322484e-09,0.0,6.797363336314601e-09,0.0,-1.5067493045337484e-09,0.0,-6.417715124211636e-10,0.0,-6.417715124211636e-10,0.0,-1.5067493045337484e-09,0.0,5.7975770764501e-09
897.8005525634636,0.0,6.860747833074259e-09,0.0,-1.0754107671741356e-09,0.0,-1.1649864265389718e-09,0.0,-6.681599425384907e-10,0.0,-1.0754107671741356e-09,0.0,6.8607478330742585e-09,0.0,-1.164986426538972e-09,0.0,-6.681599425384904e-10,0.0,-1.1649864265389718e-09,0.0,-1.1649864265389714e-09,0.0,7.076858053532124e-09,0.0,-1.5687039845989589e-09,0.0,-6.681599425384903e-10,0.0,-6.6815994253849e-10,0.0,-1.5687039845989583e-09,0.0,6.035962474634179e-09
934.7164123080624,0.0,7.142848800851204e-09,0.0,-1.1196296228381003e-09,0.0,-1.212888463805132e-09,0.0,-6.956334149653929e-10,0.0,-1.1196296228381009e-09,0.0,7.142848800851202e-09,0.0,-1.212888463805132e-09,0.0,-6.956334149653926e-10,0.0,-1.212888463805132e-09,0.0,-1.2128884638051318e-09,0.0,7.367845064612359e-09,0.0,-1.6332061238668612e-09,0.0,-6.956334149653926e-10,0.0,-6.956334149653925e-10,0.0,-1.633206123866861e-09,0.0,6.284149829276631e-09
973.1501823466471,0.0,7.4365492265818445e-09,0.0,-1.1656666741682365e-09,0.0,-1.262760142194979e-09,0.0,-7.242365445883303e-10,0.0,-1.165666674168237e-09,0.0,7.4365492265818445e-09,0.0,-1.2627601421949787e-09,0.0,-7.242365445883307e-10,0.0,-1.262760142194979e-09,0.0,-1.2627601421949787e-09,0.0,7.670796910931181e-09,0.0,-1.7003604690391161e-09,0.0,-7.242365445883308e-10,0.0,-7.24236544588331e-10,0.0,-1.7003604690391163e-09,0.0,6.542542178278019e-09
1013.1642762780488,0.0,7.742326058026697e-09,0.0,-1.2135966819296264e-09,0.0,-1.3146824496242145e-09,0.0,-7.540157807734693e-10,0.0,-1.2135966819296264e-09,0.0,7.742326058026699e-09,0.0,-1.3146824496242148e-09,0.0,-7.540157807734692e-10,0.0,-1.3146824496242148e-09,0.0,-1.3146824496242141e-09,0.0,7.986205563871627e-09,0.0,-1.770276073803538e-09,0.0,-7.540157807734693e-10,0.0,-7.540157807734694e-10,0.0,-1.7702760738035374e-09,0.0,6.811559131694691e-09
1054.8236740301722,0.0,8.060675854135624e-09,0.0,-1.2634974809085363e-09,0.0,-1.368739704078378e-09,0.0,-7.850194827970094e-10,0.0,-1.2634974809085365e-09,0.0,8.060675854135625e-09,0.0,-1.3687397040783783e-09,0.0,-7.850194827970091e-10,0.0,-1.3687397040783775e-09,0.0,-1.3687397040783781e-09,0.0,8.31458322374901e-09,0.0,-1.8430664759292144e-09,0.0,-7.85019482797009e-10,0.0,-7.850194827970088e-10,0.0,-1.8430664759292138e-09,0.0,7.091637553154451e-09
1098.196027382591,0.0,8.392115591422826e-09,0.0,-1.3154501063103517e-09,0.0,-1.4250196905390111e-09,0.0,-8.172979983770743e-10,0.0,-1.3154501063103517e-09,0.0,8.392115591422822e-09,0.0,-1.4250196905390107e-09,0.0,-8.172979983770747e-10,0.0,-1.4250196905390115e-09,0.0,-1.4250196905390113e-09,0.0,8.656463151586337e-09,0.0,-1.9188498816434397e-09,0.0,-8.172979983770746e-10,0.0,-8.172979983770744e-10,0.0,-1.9188498816434405e-09,0.0,7.38323226929077e-09
1143.3517698280332,0.0,8.737183503498464e-09,0.0,-1.3695389253547557e-09,0.0,-1.4836138035399732e-09,0.0,-8.509037454346835e-10,0.0,-1.3695389253547555e-09,0.0,8.737183503498459e-09,0.0,-1.4836138035399732e-09,0.0,-8.509037454346838e-10,0.0,-1.483613803539974e-09,0.0,-1.4836138035399738e-09,0.0,9.012400535090744e-09,0.0,-1.997749357589889e-09,0.0,-8.509037454346838e-10,0.0,-8.509037454346839e-10,0.0,-1.9977493575898894e-09,0.0,7.68681680834759e-09
1190.3642309511577,0.0,9.096439955120178e-09,0.0,-1.4258517742818444e-09,0.0,-1.5446171955854015e-09,0.0,-8.858912972165693e-10,0.0,-1.4258517742818446e-09,0.0,9.096439955120175e-09,0.0,-1.5446171955854013e-09,0.0,-8.858912972165694e-10,0.0,-1.544617195585402e-09,0.0,-1.5446171955854013e-09,0.0,9.382973390237244e-09,0.0,-2.079893030679727e-09,0.0,-8.858912972165695e-10,0.0,-8.858912972165693e-10,0.0,-2.0798930306797274e-09,0.0,8.002884169154117e-09
1239.309755510381,0.0,9.470468352184052e-09,0.0,-1.4844801009916943e-09,0.0,-1.6081289316703425e-09,0.0,-9.223174709180998e-10,0.0,-1.4844801009916947e-09,0.0,9.470468352184049e-09,0.0,-1.6081289316703425e-09,0.0,-9.223174709181001e-10,0.0,-1.6081289316703429e-09,0.0,-1.6081289316703425e-09,0.0,9.768783499923949e-09,0.0,-2.1654142961602495e-09,0.0,-9.223174709181002e-10,0.0,-9.223174709180998e-10,0.0,-2.16541429616025e-09,0.0,8.331947621718515e-09
1290.2678274161112,0.0,9.859876089132586e-09,0.0,-1.5455191135489769e-09,0.0,-1.6742521501549695e-09,0.0,-9.602414199501968e-10,0.0,-1.545519113548977e-09,0.0,9.859876089132583e-09,0.0,-1.6742521501549698e-09,0.0,-9.602414199501968e-10,0.0,-1.67425215015497e-09,0.0,-1.674252150154969e-09,0.0,1.0170457391222923e-08,0.0,-2.254452034238885e-09,0.0,-9.60241419950197e-10,0.0,-9.602414199501966e-10,0.0,-2.254452034238885e-09,0.0,8.674541540740365e-09
1343.321198806739,0.0,1.0265295535318329e-08,0.0,-1.6090679347938113e-09,0.0,-1.7430942302536486e-09,0.0,-9.997247300000967e-10,0.0,-1.609067934793811e-09,0.0,1.026529553531833e-08,0.0,-1.7430942302536484e-09,0.0,-9.997247300000971e-10,0.0,-1.74309423025365e-09,0.0,-1.7430942302536496e-09,0.0,1.0588647352813818e-08,0.0,-2.3471508356143745e-09,0.0,-9.997247300000971e-10,0.0,-9.997247300000971e-10,0.0,-2.3471508356143754e-09,0.0,9.031222273395654e-09
1398.5560244319877,0.0,1.0687385061924931e-08,0.0,-1.6752297633099272e-09,0.0,-1.81476696641084e-09,0.0,-1.0408315190419544e-09,0.0,-1.6752297633099276e-09,0.0,1.068738506192494e-08,0.0,-1.8147669664108392e-09,0.0,-1.040831519041955e-09,0.0,-1.8147669664108413e-09,0.0,-1.8147669664108423e-09,0.0,1.1024032494252407e-08,0.0,-2.4436612362813777e-09,0.0,-1.0408315190419548e-09,0.0,-1.0408315190419544e-09,0.0,-2.4436612362813777e-09,0.0,9.402569042803433e-09
1456.062001561853,0.0,1.112683011111324e-08,0.0,-1.7441120410115284e-09,0.0,-1.889386749847004e-09,0.0,-1.0836285414596868e-09,0.0,-1.7441120410115286e-09,0.0,1.1126830111113239e-08,0.0,-1.8893867498470043e-09,0.0,-1.0836285414596866e-09,0.0,-1.8893867498470043e-09,0.0,-1.8893867498470035e-09,0.0,1.1477319848794268e-08,0.0,-2.54413996198978e-09,0.0,-1.0836285414596866e-09,0.0,-1.0836285414596864e-09,0.0,-2.54413996198978e-09,0.0,9.789184888641315e-09
1515.9325156483283,0.0,1.1584344309128605e-08,0.0,-1.8158266276210019e-09,0.0,-1.9670747575693244e-09,0.0,-1.1281852964511484e-09,0.0,-1.8158266276210025e-09,0.0,1.1584344309128605e-08,0.0,-1.967074757569324e-09,0.0,-1.1281852964511482e-09,0.0,-1.967074757569325e-09,0.0,-1.967074757569324e-09,0.0,1.1949245521564483e-08,0.0,-2.6487501827557145e-09,0.0,-1.1281852964511486e-09,0.0,-1.1281852964511482e-09,0.0,-2.648750182755715e-09,0.0,1.0191697646437234e-08
1578.2647919764756,0.0,1.2060670625177173e-08,0.0,-1.890489982320848e-09,0.0,-2.047957149154214e-09,0.0,-1.174574140889695e-09,0.0,-1.8904899823208476e-09,0.0,1.2060670625177173e-08,0.0,-2.047957149154213e-09,0.0,-1.1745741408896957e-09,0.0,-2.047957149154214e-09,0.0,-2.0479571491542136e-09,0.0,1.2440575884937876e-08,0.0,-2.7576617778376033e-09,0.0,-1.1745741408896955e-09,0.0,-1.1745741408896957e-09,0.0,-2.7576617778376037e-09,0.0,1.0610760967127973e-08
1643.1600535510916,0.0,1.2556582577952855e-08,0.0,-1.968223352874761e-09,0.0,-2.1321652716211238e-09,0.0,-1.2228704068263891e-09,0.0,-1.968223352874762e-09,0.0,1.2556582577952855e-08,0.0,-2.1321652716211238e-09,0.0,-1.2228704068263893e-09,0.0,-2.1321652716211246e-09,0.0,-2.1321652716211238e-09,0.0,1.2952108823071069e-08,0.0,-2.871051611607499e-09,0.0,-1.2228704068263895e-09,0.0,-1.2228704068263893e-09,0.0,-2.8710516116074992e-09,0.0,1.104705537853987e-08
1710.7236854753774,0.0,1.307288549177447e-08,0.0,-2.0491529725250357e-09,0.0,-2.219835872730387e-09,0.0,-1.2731525238236738e-09,0.0,-2.049152972525035e-09,0.0,1.3072885491774469e-08,0.0,-2.2198358727303876e-09,0.0,-1.2731525238236731e-09,0.0,-2.2198358727303876e-09,0.0,-2.2198358727303876e-09,0.0,1.3484675027607309e-08,0.0,-2.989103820765739e-09,0.0,-1.2731525238236738e-09,0.0,-1.2731525238236733e-09,0.0,-2.989103820765739e-09,0.0,1.1501289390515662e-08
1781.0654060885513,0.0,1.3610417804372854e-08,0.0,-2.1334102649860076e-09,0.0,-2.311111323051467e-09,0.0,-1.3255021463191828e-09,0.0,-2.1334102649860076e-09,0.0,1.3610417804372854e-08,0.0,-2.3111113230514668e-09,0.0,-1.3255021463191833e-09,0.0,-2.3111113230514676e-09,0.0,-2.311111323051467e-09,0.0,1.4039139346658238e-08,0.0,-3.1120101133653212e-09,0.0,-1.3255021463191828e-09,0.0,-1.3255021463191828e-09,0.0,-3.1120101133653216e-09,0.0,1.1974200645482069e-08
1854.299445140307,0.0,1.4170052428451672e-08,0.0,-2.2211320578664396e-09,0.0,-2.4061398471622147e-09,0.0,-1.3800042862265022e-09,0.0,-2.221132057866439e-09,0.0,1.4170052428451675e-08,0.0,-2.4061398471622155e-09,0.0,-1.3800042862265016e-09,0.0,-2.4061398471622155e-09,0.0,-2.4061398471622164e-09,0.0,1.461640218925318e-08,0.0,-3.2399700801315973e-09,0.0,-1.3800042862265024e-09,0.0,-1.380004286226502e-09,0.0,-3.2399700801315977e-09,0.0,1.2466557116326459e-08
1930.5447292914844,0.0,1.4752698169233108e-08,0.0,-2.3124608048674396e-09,0.0,-2.5050757643546364e-09,0.0,-1.4367474509882331e-09,0.0,-2.312460804867441e-09,0.0,1.4752698169233104e-08,0.0,-2.5050757643546364e-09,0.0,-1.4367474509882333e-09,0.0,-2.505075764354636e-09,0.0,-2.505075764354636e-09,0.0,1.5217400987536918e-08,0.0,-3.373191518582848e-09,0.0,-1.4367474509882331e-09,0.0,-1.436747450988233e-09,0.0,-3.3731915185828475e-09,0.0,1.2979158353528079e-08
2009.9250752421622,0.0,1.535930120029028e-08,0.0,-2.4075448171167335e-09,0.0,-2.60807973923799e-09,0.0,-1.4958237873055258e-09,0.0,-2.407544817116734e-09,0.0,1.535930120029028e-08,0.0,-2.60807973923799e-09,0.0,-1.4958237873055254e-09,0.0,-2.6080797392379905e-09,0.0,-2.6080797392379897e-09,0.0,1.5843111719089955e-08,0.0,-3.5118907704780726e-09,0.0,-1.4958237873055262e-09,0.0,-1.4958237873055256e-09,0.0,-3.511890770478073e-09,0.0,1.3512836783568807e-08
2092.569390800818,0.0,1.59908466000631e-08,0.0,-2.5065385040149526e-09,0.0,-2.7153190426462285e-09,0.0,-1.5573292307775052e-09,0.0,-2.5065385040149534e-09,0.0,1.59908466000631e-08,0.0,-2.715319042646228e-09,0.0,-1.5573292307775052e-09,0.0,-2.7153190426462285e-09,0.0,-2.715319042646228e-09,0.0,1.6494550491844096e-08,0.0,-3.6562930731400022e-09,0.0,-1.5573292307775056e-09,0.0,-1.557329230777505e-09,0.0,-3.6562930731400027e-09,0.0,1.4068459060732209e-08
2178.6118842210713,0.0,1.6648359951552803e-08,0.0,-2.609602623985083e-09,0.0,-2.826967823273458e-09,0.0,-1.621363661693587e-09,0.0,-2.609602623985083e-09,0.0,1.66483599515528e-08,0.0,-2.826967823273458e-09,0.0,-1.6213636616935866e-09,0.0,-2.8269678232734585e-09,0.0,-2.8269678232734585e-09,0.0,1.717277519416634e-08,0.0,-3.806632925223843e-09,0.0,-1.621363661693587e-09,0.0,-1.621363661693587e-09,0.0,-3.806632925223843e-09,0.0,1.4646927474485939e-08
2268.1922821459616,0.0,1.7332909007792857e-08,0.0,-2.716904545532253e-09,0.0,-2.9432073904785364e-09,0.0,-1.6880310672316771e-09,0.0,-2.7169045455322538e-09,0.0,1.7332909007792857e-08,0.0,-2.9432073904785368e-09,0.0,-1.6880310672316774e-09,0.0,-2.9432073904785368e-09,0.0,-2.9432073904785364e-09,0.0,1.78788872127915e-08,0.0,-3.963154467525747e-09,0.0,-1.6880310672316774e-09,0.0,-1.6880310672316771e-09,0.0,-3.963154467525748e-09,0.0,1.524918141473311e-08
2361.4560565136667,0.0,1.8045605425800834e-08,0.0,-2.8286185190377877e-09,0.0,-3.0642265087180403e-09,0.0,-1.7574397103256495e-09,0.0,-2.8286185190377885e-09,0.0,1.804560542580083e-08,0.0,-3.0642265087180403e-09,0.0,-1.757439710325649e-09,0.0,-3.064226508718041e-09,0.0,-3.0642265087180407e-09,0.0,1.861403322139261e-08,0.0,-4.126111879449389e-09,0.0,-1.7574397103256495e-09,0.0,-1.757439710325649e-09,0.0,-4.126111879449389e-09,0.0,1.5876198897311933e-08
2458.5546607931824,0.0,1.878760657182723e-08,0.0,-2.9449259597289547e-09,0.0,-3.1902217040858e-09,0.0,-1.8297023054763492e-09,0.0,-2.9449259597289543e-09,0.0,1.878760657182723e-08,0.0,-3.190221704085799e-09,0.0,-1.82970230547635e-09,0.0,-3.190221704085799e-09,0.0,-3.1902217040857973e-09,0.0,1.9379407042694247e-08,0.0,-4.295769791774528e-09,0.0,-1.8297023054763498e-09,0.0,-1.8297023054763498e-09,0.0,-4.295769791774529e-09,0.0,1.6528998152221143e-08
2559.645775933539,0.0,1.956011740083257e-08,0.0,-3.0660157422838554e-09,0.0,-3.3213975834567105e-09,0.0,-1.9049362017915986e-09,0.0,-3.0660157422838558e-09,0.0,1.956011740083257e-08,0.0,-3.3213975834567118e-09,0.0,-1.9049362017915974e-09,0.0,-3.321397583456712e-09,0.0,-3.3213975834567118e-09,0.0,2.0176251587152246e-08,0.0,-4.4724037163978026e-09,0.0,-1.9049362017915982e-09,0.0,-1.9049362017915986e-09,0.0,-4.4724037163978026e-09,0.0,1.7208639277150153e-08
2664.893566426,0.0,2.0364392413245162e-08,0.0,-3.192084507549936e-09,0.0,-3.4579671667531848e-09,0.0,-1.9832635735524603e-09,0.0,-3.1920845075499357e-09,0.0,2.0364392413245166e-08,0.0,-3.457967166753183e-09,0.0,-1.9832635735524607e-09,0.0,-3.4579671667531848e-09,0.0,-3.4579671667531836e-09,0.0,2.1005860871348346e-08,0.0,-4.656300493743669e-09,0.0,-1.9832635735524607e-09,0.0,-1.9832635735524603e-09,0.0,-4.65630049374367e-09,0.0,1.7916225958999237e-08
2774.4689468950514,0.0,2.1201737692176914e-08,0.0,-3.3233369818741704e-09,0.0,-3.6001522328737185e-09,0.0,-2.064811618615241e-09,0.0,-3.323336981874172e-09,0.0,2.120173769217691e-08,0.0,-3.6001522328737177e-09,0.0,-2.064811618615241e-09,0.0,-3.6001522328737185e-09,0.0,-3.6001522328737185e-09,0.0,2.186958211937736e-08,0.0,-4.847758758572036e-09,0.0,-2.064811618615241e-09,0.0,-2.064811618615241e-09,0.0,-4.847758758572036e-09,0.0,1.8652907266185452e-08
2888.5498596510947,0.0,2.2073513024405646e-08,0.0,-3.4599863095634973e-09,0.0,-3.748183679845425e-09,0.0,-2.1497127649713835e-09,0.0,-3.459986309563497e-09,0.0,2.2073513024405653e-08,0.0,-3.748183679845424e-09,0.0,-2.1497127649713835e-09,0.0,-3.748183679845424e-09,0.0,-3.748183679845425e-09,0.0,2.276881795063937e-08,0.0,-5.047089424938986e-09,0.0,-2.1497127649713835e-09,0.0,-2.1497127649713835e-09,0.0,-5.047089424938986e-09,0.0,1.9419879514644628e-08
3007.32156365561,0.0,2.298113410856834e-08,0.0,-3.602254399015409e-09,0.0,-3.902301899785353e-09,0.0,-2.238104885800744e-09,0.0,-3.6022543990154088e-09,0.0,2.2981134108568334e-08,0.0,-3.902301899785353e-09,0.0,-2.238104885800743e-09,0.0,-3.9023018997853535e-09,0.0,-3.902301899785351e-09,0.0,2.370502865758998e-08,0.0,-5.254616191098244e-09,0.0,-2.238104885800743e-09,0.0,-2.2381048858007436e-09,0.0,-5.254616191098245e-09,0.0,2.021838821056007e-08
3130.976935367991,0.0,2.3926074854150855e-08,0.0,-3.7503722830807725e-09,0.0,-4.062757169279487e-09,0.0,-2.33013152336742e-09,0.0,-3.7503722830807725e-09,0.0,2.392607485415085e-08,0.0,-4.062757169279489e-09,0.0,-2.33013152336742e-09,0.0,-4.062757169279487e-09,0.0,-4.06275716927949e-09,0.0,2.4679734577147115e-08,0.0,-5.4706760651631636e-09,0.0,-2.3301315233674207e-09,0.0,-2.33013152336742e-09,0.0,-5.470676065163165e-09,0.0,2.104973007297233e-08
3259.7167819626447,0.0,2.490986977500789e-08,0.0,-3.904580494244076e-09,0.0,-4.2298100558134166e-09,0.0,-2.425942122121777e-09,0.0,-3.904580494244075e-09,0.0,2.49098697750079e-08,0.0,-4.229810055813415e-09,0.0,-2.4259421221217773e-09,0.0,-4.229810055813415e-09,0.0,-4.229810055813416e-09,0.0,2.5694518559605692e-08,0.0,-5.695619912382969e-09,0.0,-2.425942122121776e-09,0.0,-2.4259421221217778e-09,0.0,-5.695619912382968e-09,0.0,2.1915255139555054e-08
3393.75016742499,0.0,2.593411648130004e-08,0.0,-4.0651294552303964e-09,0.0,-4.403731840914633e-09,0.0,-2.5256922713871726e-09,0.0,-4.065129455230396e-09,0.0,2.5934116481300042e-08,0.0,-4.403731840914635e-09,0.0,-2.5256922713871713e-09,0.0,-4.403731840914634e-09,0.0,-4.403731840914636e-09,0.0,2.6751028539069448e-08,0.0,-5.929813024921966e-09,0.0,-2.5256922713871738e-09,0.0,-2.525692271387173e-09,0.0,-5.929813024921967e-09,0.0,2.2816368958976215e-08
3533.294752055897,0.0,2.7000478273894357e-08,0.0,-4.232279885673365e-09,0.0,-4.5848049606936884e-09,0.0,-2.629543958025507e-09,0.0,-4.232279885673366e-09,0.0,2.700047827389435e-08,0.0,-4.5848049606936884e-09,0.0,-2.629543958025507e-09,0.0,-4.58480496069369e-09,0.0,-4.5848049606936884e-09,0.0,2.7850980209573927e-08,0.0,-6.1736357150669866e-09,0.0,-2.629543958025507e-09,0.0,-2.629543958025507e-09,0.0,-6.173635715066988e-09,0.0,2.375453487340522e-08
3678.577145935911,0.0,2.811068684544198e-08,0.0,-4.406303225504577e-09,0.0,-4.773323464499513e-09,0.0,-2.7376658294919014e-09,0.0,-4.406303225504578e-09,0.0,2.8110686845441973e-08,0.0,-4.773323464499512e-09,0.0,-2.7376658294919014e-09,0.0,-4.773323464499513e-09,0.0,-4.773323464499512e-09,0.0,2.899615981124668e-08,0.0,-6.427483932826402e-09,0.0,-2.7376658294919014e-09,0.0,-2.737665829491901e-09,0.0,-6.4274839328264035e-09,0.0,2.4731276394872265e-08
3829.8332769232675,0.0,2.9266545092518905e-08,0.0,-4.5874820757519496e-09,0.0,-4.969593492433823e-09,0.0,-2.8502334677056933e-09,0.0,-4.58748207575195e-09,0.0,2.92665450925189e-08,0.0,-4.969593492433823e-09,0.0,-2.8502334677056933e-09,0.0,-4.969593492433824e-09,0.0,-4.969593492433824e-09,0.0,3.0188427031029126e-08,0.0,-6.691769908923656e-09,0.0,-2.850233467705693e-09,0.0,-2.8502334677056933e-09,0.0,-6.691769908923657e-09,0.0,2.5748179679339218e-08
3987.3087737832443,0.0,3.046993004339641e-08,0.0,-4.776110657462858e-09,0.0,-5.173933772499964e-09,0.0,-2.9674296741824596e-09,0.0,-4.776110657462859e-09,0.0,3.04699300433964e-08,0.0,-5.173933772499964e-09,0.0,-2.9674296741824588e-09,0.0,-5.173933772499964e-09,0.0,-5.173933772499964e-09,0.0,3.14297180226703e-08,0.0,-6.966922824229401e-09,0.0,-2.9674296741824596e-09,0.0,-2.9674296741824588e-09,0.0,-6.966922824229402e-09,0.0,2.6806896102499364e-08
4151.259365071149,0.0,3.17227959061964e-08,0.0,-4.972495289497395e-09,0.0,-5.386676138193645e-09,0.0,-3.089444766890184e-09,0.0,-4.972495289497395e-09,0.0,3.17227959061964e-08,0.0,-5.386676138193646e-09,0.0,-3.0894447668901847e-09,0.0,-5.386676138193647e-09,0.0,-5.386676138193645e-09,0.0,3.2722048550897665e-08,0.0,-7.253389506719566e-09,0.0,-3.0894447668901847e-09,0.0,-3.089444766890184e-09,0.0,-7.253389506719565e-09,0.0,2.7909144941489606e-08
4321.95129441654,0.0,3.302717724238061e-08,0.0,-5.176954885967497e-09,0.0,-5.608166067375968e-09,0.0,-3.2164768893115372e-09,0.0,-5.176954885967496e-09,0.0,3.302717724238061e-08,0.0,-5.608166067375968e-09,0.0,-3.216476889311537e-09,0.0,-5.608166067375968e-09,0.0,-5.608166067375968e-09,0.0,3.406751726486962e-08,0.0,-7.551635157090861e-09,0.0,-3.216476889311537e-09,0.0,-3.2164768893115372e-09,0.0,-7.551635157090861e-09,0.0,2.9056716166869156e-08
4499.66175288319,0.0,3.4385192270727924e-08,0.0,-5.38982147412988e-09,0.0,-5.838763243303891e-09,0.0,-3.348732332214233e-09,0.0,-5.389821474129881e-09,0.0,3.438519227072791e-08,0.0,-5.838763243303892e-09,0.0,-3.3487323322142336e-09,0.0,-5.838763243303892e-09,0.0,-5.83876324330389e-09,0.0,3.54683091062265e-08,0.0,-7.862144104212317e-09,0.0,-3.3487323322142336e-09,0.0,-3.348732332214233e-09,0.0,-7.862144104212315e-09,0.0,3.025147334939931e-08
4684.679329106864,0.0,3.579904630716492e-08,0.0,-5.611440733573739e-09,0.0,-6.078842138729257e-09,0.0,-3.4864258686519735e-09,0.0,-5.6114407335737395e-09,0.0,3.579904630716493e-08,0.0,-6.0788421387292575e-09,0.0,-3.4864258686519726e-09,0.0,-6.078842138729259e-09,0.0,-6.078842138729258e-09,0.0,3.692669885727417e-08,0.0,-8.18542059163952e-09,0.0,-3.4864258686519747e-09,0.0,-3.4864258686519743e-09,0.0,-8.18542059163952e-09,0.0,3.1495356686344484e-08
4877.304477941913,0.0,3.7271035346035847e-08,0.0,-5.8421725575788115e-09,0.0,-6.32879262401482e-09,0.0,-3.6297811027399996e-09,0.0,-5.842172557578814e-09,0.0,3.7271035346035847e-08,0.0,-6.328792624014818e-09,0.0,-3.62978110274e-09,0.0,-6.328792624014821e-09,0.0,-6.3287926240148176e-09,0.0,3.844505483506222e-08,0.0,-8.521989596468852e-09,0.0,-3.62978110274e-09,0.0,-3.62978110274e-09,0.0,-8.521989596468852e-09,0.0,3.2790386152209056e-08
5077.850008377724,0.0,3.8803549788627425e-08,0.0,-6.082391637555458e-09,0.0,-6.589020600254856e-09,0.0,-3.779030832771628e-09,0.0,-6.082391637555459e-09,0.0,3.880354978862744e-08,0.0,-6.589020600254858e-09,0.0,-3.779030832771627e-09,0.0,-6.589020600254858e-09,0.0,-6.589020600254856e-09,0.0,4.0025842737355495e-08,0.0,-8.872397681861436e-09,0.0,-3.779030832771627e-09,0.0,-3.779030832771627e-09,0.0,-8.872397681861437e-09,0.0,3.413866477902645e-08
5286.641591517374,0.0,4.0399078325003804e-08,0.0,-6.332488071515764e-09,0.0,-6.859948658428536e-09,0.0,-3.934417429265447e-09,0.0,-6.332488071515761e-09,0.0,4.0399078325003824e-08,0.0,-6.859948658428535e-09,0.0,-3.934417429265448e-09,0.0,-6.859948658428535e-09,0.0,-6.859948658428539e-09,0.0,4.167162964674492e-08,0.0,-9.237213884621282e-09,0.0,-3.934417429265447e-09,0.0,-3.93441742926545e-09,0.0,-9.23721388462128e-09,0.0,3.554238207152756e-08
5504.018289443407,0.0,4.206021197545504e-08,0.0,-6.5928679975638604e-09,0.0,-7.142016765656382e-09,0.0,-4.096193228557128e-09,0.0,-6.592867997563861e-09,0.0,4.206021197545503e-08,0.0,-7.142016765656382e-09,0.0,-4.096193228557127e-09,0.0,-7.142016765656382e-09,0.0,-7.142016765656381e-09,0.0,4.338508819939973e-08,0.0,-9.617030639268943e-09,0.0,-4.096193228557127e-09,0.0,-4.096193228557126e-09,0.0,-9.617030639268945e-09,0.0,3.700381756273448e-08
5730.333105829569,0.0,4.378964829812226e-08,0.0,-6.863954253434159e-09,0.0,-7.4356829796743354e-09,0.0,-4.264620942574933e-09,0.0,-6.8639542534341625e-09,0.0,4.378964829812227e-08,0.0,-7.435682979674335e-09,0.0,-4.264620942574933e-09,0.0,-7.435682979674338e-09,0.0,-7.435682979674335e-09,0.0,4.5169000925230724e-08,0.0,-1.0012464740111354e-08,0.0,-4.264620942574935e-09,0.0,-4.264620942574933e-09,0.0,-1.0012464740111356e-08,0.0,3.8525344515753405e-08
5965.953559192664,0.0,4.5590195769632724e-08,0.0,-7.146187063148555e-09,0.0,-7.741424192685631e-09,0.0,-4.439974085464483e-09,0.0,-7.146187063148558e-09,0.0,4.5590195769632704e-08,0.0,-7.741424192685631e-09,0.0,-4.439974085464483e-09,0.0,-7.74142419268563e-09,0.0,-7.74142419268563e-09,0.0,4.702626476651314e-08,0.0,-1.0424158342870161e-08,0.0,-4.439974085464481e-09,0.0,-4.439974085464483e-09,0.0,-1.0424158342870163e-08,0.0,4.0109433777778456e-08
6211.262279715393,0.0,4.746477834585758e-08,0.0,-7.440024751907615e-09,0.0,-8.059736905798402e-09,0.0,-4.62253741775545e-09,0.0,-7.440024751907617e-09,0.0,4.746477834585759e-08,0.0,-8.0597369057984e-09,0.0,-4.622537417755449e-09,0.0,-8.059736905798407e-09,0.0,-8.059736905798403e-09,0.0,4.8959895782306295e-08,0.0,-1.085278000749503e-08,0.0,-4.6225374177554526e-09,0.0,-4.62253741775545e-09,0.0,-1.0852780007495028e-08,0.0,4.1758657792564345e-08
6466.657630609518,0.0,4.9416440210200495e-08,0.0,-7.745944490376858e-09,0.0,-8.39113803530682e-09,0.0,-4.81260740879163e-09,0.0,-7.74594449037686e-09,0.0,4.9416440210200495e-08,0.0,-8.39113803530682e-09,0.0,-4.812607408791631e-09,0.0,-8.39113803530682e-09,0.0,-8.39113803530682e-09,0.0,5.0973034046310627e-08,0.0,-1.1299025783855635e-08,0.0,-4.81260740879163e-09,0.0,-4.812607408791631e-09,0.0,-1.1299025783855634e-08,0.0,4.34756947778852e-08
6732.554355028208,0.0,5.144835071712583e-08,0.0,-8.064443069576589e-09,0.0,-8.73616575212486e-09,0.0,-5.010492718175205e-09,0.0,-8.064443069576589e-09,0.0,5.144835071712583e-08,0.0,-8.736165752124862e-09,0.0,-5.010492718175204e-09,0.0,-8.736165752124867e-09,0.0,-8.73616575212486e-09,0.0,5.306894874611496e-08,0.0,-1.1763620342075098e-08,0.0,-5.010492718175205e-09,0.0,-5.010492718175206e-09,0.0,-1.1763620342075096e-08,0.0,4.526333307476174e-08
7009.38424957824,0.0,5.356380953895592e-08,0.0,-8.396037707633732e-09,0.0,-9.095380355736063e-09,0.0,-5.216514697007092e-09,0.0,-8.396037707633732e-09,0.0,5.3563809538955905e-08,0.0,-9.09538035573606e-09,0.0,-5.216514697007092e-09,0.0,-9.09538035573606e-09,0.0,-9.095380355736059e-09,0.0,5.5251043492115204e-08,0.0,-1.2247318149340644e-08,0.0,-5.2165146970070914e-09,0.0,-5.216514697007091e-09,0.0,-1.2247318149340644e-08,0.0,4.7124475675520854e-08
7297.596865525738,0.0,5.5766252024294776e-08,0.0,-8.741266889705831e-09,0.0,-9.469365184078425e-09,0.0,-5.431007909737361e-09,0.0,-8.74126688970583e-09,0.0,5.5766252024294776e-08,0.0,-9.469365184078424e-09,0.0,-5.431007909737359e-09,0.0,-9.469365184078425e-09,0.0,-9.469365184078428e-09,0.0,5.752286184472578e-08,0.0,-1.2750904695102509e-08,0.0,-5.431007909737361e-09,0.0,-5.431007909737362e-09,0.0,-1.275090469510251e-08,0.0,4.9062144938040357e-08
7597.660238834169,0.0,5.805925477678e-08,0.0,-9.100691242441088e-09,0.0,-9.858727560842064e-09,0.0,-5.65432067747315e-09,0.0,-9.100691242441091e-09,0.0,5.805925477677999e-08,0.0,-9.858727560842067e-09,0.0,-5.654320677473151e-09,0.0,-9.858727560842067e-09,0.0,-9.85872756084206e-09,0.0,5.988809306885976e-08,0.0,-1.3275197766650675e-08,0.0,-5.6543206774731515e-09,0.0,-5.654320677473149e-09,0.0,-1.3275197766650678e-08,0.0,5.107948749383458e-08
7910.061650220118,0.0,6.044654146322252e-08,0.0,-9.474894444394562e-09,0.0,-1.026409978171795e-08,0.0,-5.886815643626363e-09,0.0,-9.474894444394563e-09,0.0,6.04465414632225e-08,0.0,-1.026409978171795e-08,0.0,-5.8868156436263625e-09,0.0,-1.0264099781717952e-08,0.0,-1.0264099781717949e-08,0.0,6.235057812502164e-08,0.0,-1.3821048777140934e-08,0.0,-5.886815643626361e-09,0.0,-5.8868156436263625e-09,0.0,-1.3821048777140934e-08,0.0,5.317977935795108e-08
8235.30841646112,0.0,6.293198886056593e-08,0.0,-9.864484173878957e-09,0.0,-1.0686140141199324e-08,0.0,-6.12887036281975e-09,0.0,-9.86448417387896e-09,0.0,6.293198886056592e-08,0.0,-1.0686140141199322e-08,0.0,-6.128870362819749e-09,0.0,-1.0686140141199326e-08,0.0,-1.068614014119932e-08,0.0,6.491431590674373e-08,0.0,-1.438934414822684e-08,0.0,-6.128870362819751e-09,0.0,-6.128870362819749e-09,0.0,-1.4389344148226841e-08,0.0,5.5366431248976755e-08
8573.92871424056,0.0,6.551963315148548e-08,0.0,-1.0270093095789237e-08,0.0,-1.1125534001603243e-08,0.0,-6.380877914007666e-09,0.0,-1.027009309578924e-08,0.0,6.551963315148546e-08,0.0,-1.1125534001603242e-08,0.0,-6.380877914007665e-09,0.0,-1.1125534001603243e-08,0.0,-1.1125534001603242e-08,0.0,6.758346973449265e-08,0.0,-1.4981006749542895e-08,0.0,-6.3808779140076685e-09,0.0,-6.380877914007666e-09,0.0,-1.4981006749542898e-08,0.0,5.7642994127792384e-08
8926.472437867556,0.0,6.821367647885007e-08,0.0,-1.0692379889003632e-08,0.0,-1.1582994906048305e-08,0.0,-6.643247538807232e-09,0.0,-1.0692379889003636e-08,0.0,6.821367647885007e-08,0.0,-1.1582994906048305e-08,0.0,-6.643247538807233e-09,0.0,-1.1582994906048307e-08,0.0,-1.1582994906048305e-08,0.0,7.036237411659435e-08,0.0,-1.55969973973766e-08,0.0,-6.643247538807234e-09,0.0,-6.643247538807233e-09,0.0,-1.5596997397376603e-08,0.0,6.001316496407057e-08
9293.512092264567,0.0,7.101849376969109e-08,0.0,-1.1132030316029316e-08,0.0,-1.2059265737195792e-08,0.0,-6.916405306076395e-09,0.0,-1.1132030316029317e-08,0.0,7.101849376969109e-08,0.0,-1.205926573719579e-08,0.0,-6.916405306076394e-09,0.0,-1.2059265737195792e-08,0.0,-1.205926573719579e-08,0.0,7.325554178815415e-08,0.0,-1.6238316414962875e-08,0.0,-6.916405306076394e-09,0.0,-6.916405306076394e-09,0.0,-1.6238316414962878e-08,0.0,6.248079273988045e-08
9675.643722673107,0.0,7.39386398397607e-08,0.0,-1.1589758336630084e-08,0.0,-1.2555119923636255e-08,0.0,-7.200794803818278e-09,0.0,-1.1589758336630084e-08,0.0,7.393863983976068e-08,0.0,-1.2555119923636252e-08,0.0,-7.200794803818277e-09,0.0,-1.2555119923636255e-08,0.0,-1.2555119923636257e-08,0.0,7.626767103940548e-08,0.0,-1.6906005256935157e-08,0.0,-7.200794803818277e-09,0.0,-7.200794803818278e-09,0.0,-1.6906005256935157e-08,0.0,6.50498847001504e-08
10073.487882587067,0.0,7.697885679021531e-08,0.0,-1.2066307267244131e-08,0.0,-1.3071362695880262e-08,0.0,-7.49687785953526e-09,0.0,-1.2066307267244136e-08,0.0,7.697885679021527e-08,0.0,-1.3071362695880262e-08,0.0,-7.49687785953526e-09,0.0,-1.3071362695880267e-08,0.0,-1.3071362695880263e-08,0.0,7.940365334538519e-08,0.0,-1.7601148200570554e-08,0.0,-7.49687785953526e-09,0.0,-7.496877859535259e-09,0.0,-1.7601148200570557e-08,0.0,6.772461286013701e-08
10487.690641485688,0.0,8.014408170843699e-08,0.0,-1.2562450988074959e-08,0.0,-1.3608832393993172e-08,0.0,-7.805135290202659e-09,0.0,-1.2562450988074962e-08,0.0,8.014408170843699e-08,0.0,-1.360883239399317e-08,0.0,-7.805135290202662e-09,0.0,-1.3608832393993174e-08,0.0,-1.360883239399317e-08,0.0,8.266858130932707e-08,0.0,-1.8324874106575962e-08,0.0,-7.80513529020266e-09,0.0,-7.805135290202659e-09,0.0,-1.8324874106575965e-08,0.0,7.050932078046911e-08
10918.924634002584,0.0,8.343945468549821e-08,0.0,-1.3078995199815555e-08,0.0,-1.4168401828997366e-08,0.0,-8.126067683079937e-09,0.0,-1.3078995199815555e-08,0.0,8.343945468549821e-08,0.0,-1.416840182899737e-08,0.0,-8.126067683079934e-09,0.0,-1.416840182899737e-08,0.0,-1.416840182899737e-08,0.0,8.606775693267274e-08,0.0,-1.9078358252274293e-08,0.0,-8.12606768307994e-09,0.0,-8.126067683079939e-09,0.0,-1.9078358252274293e-08,0.0,7.340853062076899e-08
11367.890152234633,0.0,8.68703271632893e-08,0.0,-1.3616778732046702e-08,0.0,-1.47509797002528e-08,0.0,-8.460196208627359e-09,0.0,-1.3616778732046708e-08,0.0,8.687032716328926e-08,0.0,-1.4750979700252799e-08,0.0,-8.460196208627359e-09,0.0,-1.47509797002528e-08,0.0,-1.4750979700252799e-08,0.0,8.960670022512982e-08,0.0,-1.986282424016793e-08,0.0,-8.46019620862736e-09,0.0,-8.460196208627355e-09,0.0,-1.9862824240167934e-08,0.0,7.642695048330497e-08
11835.316282964517,0.0,9.044227062486409e-08,0.0,-1.41766749054342e-08,0.0,-1.5357512071117493e-08,0.0,-8.808063466848264e-09,0.0,-1.41766749054342e-08,0.0,9.044227062486408e-08,0.0,-1.535751207111749e-08,0.0,-8.80806346684827e-09,0.0,-1.5357512071117493e-08,0.0,-1.5357512071117486e-08,0.0,9.329115816875901e-08,0.0,-2.0679545984978633e-08,0.0,-8.808063466848261e-09,0.0,-8.80806346684826e-09,0.0,-2.0679545984978636e-08,0.0,7.956948205860114e-08
12321.962091643712,0.0,9.416108564211646e-08,0.0,-1.4759592949936937e-08,0.0,-1.598898390528443e-08,0.0,-9.170234368431336e-09,0.0,-1.4759592949936942e-08,0.0,9.416108564211642e-08,0.0,-1.598898390528443e-08,0.0,-9.170234368431336e-09,0.0,-1.5988983905284432e-08,0.0,-1.598898390528443e-08,0.0,9.712711405064801e-08,0.0,-2.1529849782390784e-08,0.0,-9.170234368431337e-09,0.0,-9.170234368431336e-09,0.0,-2.152984978239078e-08,0.0,8.284122858542007e-08
12828.617855058625,0.0,9.803281129547941e-08,0.0,-1.5366479481329123e-08,0.0,-1.6646420666289755e-08,0.0,-9.547297052123739e-09,0.0,-1.5366479481329117e-08,0.0,9.803281129547944e-08,0.0,-1.6646420666289755e-08,0.0,-9.547297052123744e-09,0.0,-1.6646420666289752e-08,0.0,-1.6646420666289752e-08,0.0,1.0112079717932688e-07,0.0,-2.241511646285745e-08,0.0,-9.547297052123739e-09,0.0,-9.547297052123739e-09,0.0,-2.2415116462857458e-08,0.0,8.624750313804501e-08
13356.106344681619,0.0,1.0206373498094549e-07,0.0,-1.5998320038434254e-08,0.0,-1.7330889982789633e-08,0.0,-9.939863839824961e-09,0.0,-1.5998320038434257e-08,0.0,1.020637349809455e-07,0.0,-1.733088998278964e-08,0.0,-9.93986383982495e-09,0.0,-1.7330889982789633e-08,0.0,-1.7330889982789637e-08,0.0,1.0527869300070434e-07,0.0,-2.3336783633966908e-08,0.0,-9.939863839824954e-09,0.0,-9.939863839824956e-09,0.0,-2.3336783633966908e-08,0.0,8.979383725431945e-08
13905.284162791027,0.0,1.0626040262033219e-07,0.0,-1.665614068356725e-08,0.0,-1.8043503382310266e-08,0.0,-1.0348572230952235e-08,0.0,-1.665614068356725e-08,0.0,1.0626040262033219e-07,0.0,-1.804350338231027e-08,0.0,-1.0348572230952233e-08,0.0,-1.8043503382310263e-08,0.0,-1.8043503382310266e-08,0.0,1.09607553629952e-07,0.0,-2.4296348015010995e-08,0.0,-1.0348572230952236e-08,0.0,-1.034857223095224e-08,0.0,-2.4296348015010992e-08,0.0,9.348598991845534e-08
14477.043133529785,0.0,1.1062962929137438e-07,0.0,-1.7341009668783647e-08,0.0,-1.8785418096286192e-08,0.0,-1.0774085937692427e-08,0.0,-1.7341009668783657e-08,0.0,1.1062962929137437e-07,0.0,-1.878541809628619e-08,0.0,-1.0774085937692429e-08,0.0,-1.8785418096286192e-08,0.0,-1.878541809628619e-08,0.0,1.1411440881643928e-07,0.0,-2.529536786754632e-08,0.0,-1.077408593769243e-08,0.0,-1.0774085937692427e-08,0.0,-2.5295367867546325e-08,0.0,9.73299569131968e-08
15072.311751161988,0.0,1.1517851029490722e-07,0.0,-1.8054039170642063e-08,0.0,-1.9557838939318702e-08,0.0,-1.1217095962821571e-08,0.0,-1.805403917064206e-08,0.0,1.1517851029490724e-07,0.0,-1.9557838939318706e-08,0.0,-1.1217095962821575e-08,0.0,-1.9557838939318706e-08,0.0,-1.9557838939318716e-08,0.0,1.1880657735952737e-07,0.0,-2.6335465525896046e-08,0.0,-1.1217095962821573e-08,0.0,-1.1217095962821573e-08,0.0,-2.6335465525896046e-08,0.0,1.0133198055652862e-07
15692.056687878789,0.0,1.1991443267710917e-07,0.0,-1.87963870962965e-08,0.0,-2.0362020265705554e-08,0.0,-1.1678321721842196e-08,0.0,-1.8796387096296505e-08,0.0,1.199144326771091e-07,0.0,-2.036202026570555e-08,0.0,-1.1678321721842196e-08,0.0,-2.036202026570556e-08,0.0,-2.036202026570555e-08,0.0,1.2369167899375704e-07,0.0,-2.7418330031700586e-08,0.0,-1.1678321721842196e-08,0.0,-1.1678321721842196e-08,0.0,-2.7418330031700582e-08,0.0,1.054985598387381e-07
16337.28436360253,0.0,1.248450872255182e-07,0.0,-1.956925896385197e-08,0.0,-2.1199268006419454e-08,0.0,-1.2158512211260884e-08,0.0,-1.956925896385197e-08,0.0,1.2484508722551818e-07,0.0,-2.119926800641945e-08,0.0,-1.2158512211260883e-08,0.0,-2.1199268006419454e-08,0.0,-2.1199268006419447e-08,0.0,1.287776467627339e-07,0.0,-2.8545719876796285e-08,0.0,-1.2158512211260883e-08,0.0,-1.2158512211260886e-08,0.0,-2.8545719876796288e-08,0.0,1.0983646097629463e-07
17009.04258033824,0.0,1.2997848095830223e-07,0.0,-2.037390986003663e-08,0.0,-2.207094178984342e-08,0.0,-1.2658447224903194e-08,0.0,-2.0373909860036642e-08,0.0,1.299784809583022e-07,0.0,-2.207094178984342e-08,0.0,-1.2658447224903199e-08,0.0,-2.207094178984343e-08,0.0,-2.207094178984342e-08,0.0,1.3407273990180434e-07,0.0,-2.9719465858876085e-08,0.0,-1.2658447224903197e-08,0.0,-1.2658447224903197e-08,0.0,-2.971946585887609e-08,0.0,1.143527283996846e-07
17708.422223726546,0.0,1.3532295012706387e-07,0.0,-2.1211646478369832e-08,0.0,-2.2978457149706664e-08,0.0,-1.3178938620241125e-08,0.0,-2.121164647836984e-08,0.0,1.3532295012706384e-07,0.0,-2.2978457149706657e-08,0.0,-1.3178938620241125e-08,0.0,-2.2978457149706664e-08,0.0,-2.297845714970666e-08,0.0,1.395855572504427e-07,0.0,-3.094147405456951e-08,0.0,-1.3178938620241127e-08,0.0,-1.3178938620241127e-08,0.0,-3.094147405456952e-08,0.0,1.1905469619304533e-07
18436.55903456127,0.0,1.408871737542963e-07,0.0,-2.2083829241135668e-08,0.0,-2.392328782380659e-08,0.0,-1.372083163678958e-08,0.0,-2.2083829241135675e-08,0.0,1.4088717375429624e-07,0.0,-2.392328782380659e-08,0.0,-1.3720831636789583e-08,0.0,-2.3923287823806593e-08,0.0,-2.3923287823806587e-08,0.0,1.453250512161302e-07,0.0,-3.2213728914770065e-08,0.0,-1.3720831636789584e-08,0.0,-1.3720831636789586e-08,0.0,-3.2213728914770065e-08,0.0,1.2395000000417494e-07
19194.635453148407,0.0,1.466801877274735e-07,0.0,-2.299187450860813e-08,0.0,-2.490696814724999e-08,0.0,-1.4285006268712819e-08,0.0,-2.299187450860814e-08,0.0,1.466801877274735e-07,0.0,-2.490696814724999e-08,0.0,-1.4285006268712819e-08,0.0,-2.4906968147249997e-08,0.0,-2.4906968147249987e-08,0.0,1.5130054231240234e-07,0.0,-3.3538296487236665e-08,0.0,-1.4285006268712817e-08,0.0,-1.4285006268712815e-08,0.0,-3.3538296487236665e-08,0.0,1.290465894442595e-07
19983.88253950173,0.0,1.527113994726634e-07,0.0,-2.3937256879115396e-08,0.0,-2.59310955440997e-08,0.0,-1.4872378693869825e-08,0.0,-2.3937256879115405e-08,0.0,1.5271139947266338e-07,0.0,-2.59310955440997e-08,0.0,-1.4872378693869826e-08,0.0,-2.5931095544099713e-08,0.0,-2.5931095544099696e-08,0.0,1.575217342946733e-07,0.0,-3.491732777170231e-08,0.0,-1.4872378693869826e-08,0.0,-1.487237869386983e-08,0.0,-3.4917327771702326e-08,0.0,1.3435274099745347e-07
20805.581972493168,0.0,1.589906032314914e-07,0.0,-2.4921511583678422e-08,0.0,-2.699733312147314e-08,0.0,-1.5483902761619455e-08,0.0,-2.492151158367842e-08,0.0,1.5899060323149134e-07,0.0,-2.699733312147313e-08,0.0,-1.5483902761619452e-08,0.0,-2.699733312147314e-08,0.0,-2.6997333121473134e-08,0.0,1.6399872991841705e-07,0.0,-3.635306221293865e-08,0.0,-1.5483902761619455e-08,0.0,-1.5483902761619452e-08,0.0,-3.635306221293866e-08,0.0,1.3987707146127762e-07
21661.068131204353,0.0,1.6552799596626348e-07,0.0,-2.594623697911242e-08,0.0,-2.810741237030501e-08,0.0,-1.6120571541801046e-08,0.0,-2.594623697911242e-08,0.0,1.655279959662635e-07,0.0,-2.8107412370305014e-08,0.0,-1.6120571541801043e-08,0.0,-2.810741237030501e-08,0.0,-2.8107412370305004e-08,0.0,1.7074204734529345e-07,0.0,-3.7847831337448217e-08,0.0,-1.6120571541801043e-08,0.0,-1.6120571541801043e-08,0.0,-3.7847831337448217e-08,0.0,1.4562855193965997e-07
22551.7302618597,0.0,1.7233419391907998e-07,0.0,-2.7013097143640227e-08,0.0,-2.9263135977160788e-08,0.0,-1.6783418937406555e-08,0.0,-2.7013097143640224e-08,0.0,1.7233419391907998e-07,0.0,-2.9263135977160788e-08,0.0,-1.6783418937406548e-08,0.0,-2.9263135977160785e-08,0.0,-2.9263135977160798e-08,0.0,1.7776263722386655e-07,0.0,-3.9404062539691416e-08,0.0,-1.6783418937406558e-08,0.0,-1.678341893740656e-08,0.0,-3.9404062539691416e-08,0.0,1.5161652241134597e-07
23479.014733859363,0.0,1.7942024985182613e-07,0.0,-2.8123824579232143e-08,0.0,-3.04663807516661e-08,0.0,-1.747352136356243e-08,0.0,-2.8123824579232153e-08,0.0,1.7942024985182618e-07,0.0,-3.04663807516661e-08,0.0,-1.747352136356243e-08,0.0,-3.046638075166611e-08,0.0,-3.04663807516661e-08,0.0,1.8507190047264612e-07,0.0,-4.102428302399523e-08,0.0,-1.7473521363562437e-08,0.0,-1.7473521363562434e-08,0.0,-4.102428302399524e-08,0.0,1.5785070689733214e-07
24444.42738857616,0.0,1.8679767099504e-07,0.0,-2.928022302506093e-08,0.0,-3.1719100674306736e-08,0.0,-1.819199949554811e-08,0.0,-2.928022302506093e-08,0.0,1.8679767099503996e-07,0.0,-3.1719100674306736e-08,0.0,-1.8191999495548114e-08,0.0,-3.171910067430674e-08,0.0,-3.1719100674306736e-08,0.0,1.9268170679433627e-07,0.0,-4.271112390854621e-08,0.0,-1.8191999495548114e-08,0.0,-1.819199949554811e-08,0.0,-4.27111239085462e-08,0.0,1.6434122925195682e-07
25449.53598473054,0.0,1.9447843773480317e-07,0.0,-3.048417038664076e-08,0.0,-3.3023330069548416e-08,0.0,-1.8940020088689798e-08,0.0,-3.0484170386640767e-08,0.0,1.9447843773480315e-07,0.0,-3.3023330069548416e-08,0.0,-1.8940020088689795e-08,0.0,-3.3023330069548416e-08,0.0,-3.3023330069548416e-08,0.0,2.0060441395135456e-07,0.0,-4.4467324498131594e-08,0.0,-1.8940020088689798e-08,0.0,-1.8940020088689795e-08,0.0,-4.446732449813159e-08,0.0,1.7109862960329069e-07
26495.97274431474,0.0,2.0247502306800173e-07,0.0,-3.173762178540687e-08,0.0,-3.438118690942917e-08,0.0,-1.9718797873084747e-08,0.0,-3.173762178540687e-08,0.0,2.0247502306800173e-07,0.0,-3.4381186909429174e-08,0.0,-1.9718797873084743e-08,0.0,-3.438118690942918e-08,0.0,-3.4381186909429174e-08,0.0,2.0885288783392332e-07,0.0,-4.6295736732567716e-08,0.0,-1.971879787308475e-08,0.0,-1.971879787308475e-08,0.0,-4.629573673256772e-08,0.0,1.7813388146952465e-07
27585.437003200535,0.0,2.1080041285754991e-07,0.0,-3.304261273368807e-08,0.0,-3.579487625298922e-08,0.0,-2.052959752623312e-08,0.0,-3.3042612733688076e-08,0.0,2.1080041285754986e-07,0.0,-3.579487625298922e-08,0.0,-2.0529597526233125e-08,0.0,-3.579487625298922e-08,0.0,-3.579487625298922e-08,0.0,2.1744052335332369e-07,0.0,-4.8199329818039224e-08,0.0,-2.0529597526233125e-08,0.0,-2.0529597526233125e-08,0.0,-4.819932981803922e-08,0.0,1.8545840957915176e-07
28719.697970734982,0.0,2.1946812692047097e-07,0.0,-3.440126244022817e-08,0.0,-3.7266693827123746e-08,0.0,-2.1373735726780618e-08,0.0,-3.440126244022818e-08,0.0,2.1946812692047102e-07,0.0,-3.7266693827123746e-08,0.0,-2.1373735726780614e-08,0.0,-3.726669382712376e-08,0.0,-3.726669382712375e-08,0.0,2.263812661942409e-07,0.0,-5.018119504887017e-08,0.0,-2.1373735726780624e-08,0.0,-2.1373735726780608e-08,0.0,-5.018119504887019e-08,0.0,1.9308410842388062e-07
29900.597602805465,0.0,2.2849224098307965e-07,0.0,-3.581577725162422e-08,0.0,-3.879902975467346e-08,0.0,-2.2252583292707194e-08,0.0,-3.5815777251624226e-08,0.0,2.2849224098307965e-07,0.0,-3.8799029754673456e-08,0.0,-2.2252583292707194e-08,0.0,-3.8799029754673475e-08,0.0,-3.879902975467345e-08,0.0,2.3568963546152357e-07,0.0,-5.224455082755741e-08,0.0,-2.22525832927072e-08,0.0,-2.2252583292707194e-08,0.0,-5.224455082755741e-08,0.0,2.010233615744103e-07
31130.053593039782,0.0,2.378874095389198e-07,0.0,-3.728845423527005e-08,0.0,-4.039437243580726e-08,0.0,-2.3167567407434055e-08,0.0,-3.728845423527005e-08,0.0,2.378874095389198e-07,0.0,-4.039437243580725e-08,0.0,-2.3167567407434055e-08,0.0,-4.039437243580727e-08,0.0,-4.0394372435807256e-08,0.0,2.4538074725813604e-07,0.0,-5.439274789121794e-08,0.0,-2.3167567407434048e-08,0.0,-2.3167567407434055e-08,0.0,-5.439274789121793e-08,0.0,2.0928906179043235e-07
32410.06248699877,0.0,2.4766888964657904e-07,0.0,-3.8821684909623924e-08,0.0,-4.2055312589000125e-08,0.0,-2.412017393746393e-08,0.0,-3.882168490962393e-08,0.0,2.47668889646579e-07,0.0,-4.205531258900011e-08,0.0,-2.412017393746394e-08,0.0,-4.205531258900013e-08,0.0,-4.205531258900011e-08,0.0,2.5547033923259203e-07,0.0,-5.662927475293829e-08,0.0,-2.4120173937463934e-08,0.0,-2.4120173937463937e-08,0.0,-5.66292747529383e-08,0.0,2.1789463195751944e-07
33742.702924418336,0.0,2.5785256570601994e-07,0.0,-4.0417959127857197e-08,0.0,-4.37845474581678e-08,0.0,-2.5111949845318242e-08,0.0,-4.041795912785721e-08,0.0,2.5785256570602e-07,0.0,-4.37845474581678e-08,0.0,-2.5111949845318245e-08,0.0,-4.37845474581678e-08,0.0,-4.378454745816779e-08,0.0,2.659747961357288e-07,0.0,-5.895776336686127e-08,0.0,-2.5111949845318242e-08,0.0,-2.5111949845318242e-08,0.0,-5.895776336686127e-08,0.0,2.2685404688489663e-07
35130.13901476694,0.0,2.684549752536744e-07,0.0,-4.207986912119216e-08,0.0,-4.558488519279194e-08,0.0,-2.614450570168994e-08,0.0,-4.207986912119218e-08,0.0,2.6845497525367424e-07,0.0,-4.558488519279195e-08,0.0,-2.6144505701689936e-08,0.0,-4.558488519279196e-08,0.0,-4.558488519279194e-08,0.0,2.7691117642833327e-07,0.0,-6.138199502621124e-08,0.0,-2.614450570168995e-08,0.0,-2.614450570168994e-08,0.0,-6.138199502621124e-08,0.0,2.361818559994999e-07
36574.623851599,0.0,2.794933358181757e-07,0.0,-4.381011370849338e-08,0.0,-4.745924940814673e-08,0.0,-2.721951830089103e-08,0.0,-4.381011370849338e-08,0.0,2.7949333581817586e-07,0.0,-4.7459249408146735e-08,0.0,-2.7219518300891037e-08,0.0,-4.7459249408146735e-08,0.0,-4.745924940814674e-08,0.0,2.882972399828191e-07,0.0,-6.390590650383427e-08,0.0,-2.7219518300891037e-08,0.0,-2.7219518300891037e-08,0.0,-6.390590650383427e-08,0.0,2.4589320697316735e-07
38078.503171412194,0.0,2.909855728803536e-07,0.0,-4.5611502678949945e-08,0.0,-4.941068393303382e-08,0.0,-2.8338733383842523e-08,0.0,-4.561150267894995e-08,0.0,2.909855728803536e-07,0.0,-4.941068393303382e-08,0.0,-2.8338733383842526e-08,0.0,-4.941068393303382e-08,0.0,-4.941068393303381e-08,0.0,3.0015147692394434e-07,0.0,-6.653359644522599e-08,0.0,-2.8338733383842526e-08,0.0,-2.8338733383842526e-08,0.0,-6.653359644522599e-08,0.0,2.5600387032133807e-07
39644.219162949994,0.0,3.02950348982887e-07,0.0,-4.7486961354965235e-08,0.0,-5.144235775273511e-08,0.0,-2.9503968473028485e-08,0.0,-4.748696135496522e-08,0.0,3.0295034898288707e-07,0.0,-5.144235775273511e-08,0.0,-2.9503968473028478e-08,0.0,-5.144235775273509e-08,0.0,-5.1442357752735095e-08,0.0,3.124931376554074e-07,0.0,-6.926933202442863e-08,0.0,-2.9503968473028478e-08,0.0,-2.950396847302849e-08,0.0,-6.926933202442864e-08,0.0,2.6653026501320233e-07
41274.31443313542,0.0,3.154070940368936e-07,0.0,-4.9439535342664054e-08,0.0,-5.3557570155210394e-08,0.0,-3.071711582401807e-08,0.0,-4.9439535342664054e-08,0.0,3.154070940368936e-07,0.0,-5.355757015521039e-08,0.0,-3.0717115824018086e-08,0.0,-5.355757015521039e-08,0.0,-5.355757015521036e-08,0.0,3.2534226412107736e-07,0.0,-7.21175558736059e-08,0.0,-3.071711582401808e-08,0.0,-3.071711582401807e-08,0.0,-7.21175558736059e-08,0.0,2.774894851348923e-07
42971.43613607663,0.0,3.2837603687466734e-07,0.0,-5.1472395477731594e-08,0.0,-5.575975608889689e-08,0.0,-3.1980145498348634e-08,0.0,-5.14723954777316e-08,0.0,3.2837603687466734e-07,0.0,-5.575975608889687e-08,0.0,-3.1980145498348634e-08,0.0,-5.575975608889689e-08,0.0,-5.575975608889687e-08,0.0,3.387197223516287e-07,0.0,-7.508289329754901e-08,0.0,-3.1980145498348634e-08,0.0,-3.198014549834863e-08,0.0,-7.508289329754902e-08,0.0,2.8889932764901384e-07
44738.34027184928,0.0,3.418782380998056e-07,0.0,-5.3588842974616054e-08,0.0,-5.805249174081129e-08,0.0,-3.3295108562759786e-08,0.0,-5.3588842974616074e-08,0.0,3.418782380998054e-07,0.0,-5.805249174081129e-08,0.0,-3.329510856275978e-08,0.0,-5.8052491740811294e-08,0.0,-5.8052491740811274e-08,0.0,3.526472363494306e-07,0.0,-7.817015978482933e-08,0.0,-3.329510856275978e-08,0.0,-3.3295108562759786e-08,0.0,-7.817015978482933e-08,0.0,3.0077832129559636e-07
46577.896162036755,0.0,3.5593562428807093e-07,0.0,-5.579231478745652e-08,0.0,-6.043950034401296e-08,0.0,-3.4664140419974106e-08,0.0,-5.579231478745655e-08,0.0,3.559356242880708e-07,0.0,-6.043950034401297e-08,0.0,-3.4664140419974106e-08,0.0,-6.043950034401296e-08,0.0,-6.043950034401299e-08,0.0,3.6714742336671966e-07,0.0,-8.138436882779558e-08,0.0,-3.4664140419974106e-08,0.0,-3.466414041997409e-08,0.0,-8.138436882779558e-08,0.0,3.13145756681396e-07
48493.0911092961,0.0,3.7057102359452837e-07,0.0,-5.80863891914424e-08,0.0,-6.292465822385894e-08,0.0,-3.6089464276433155e-08,0.0,-5.808638919144241e-08,0.0,3.705710235945282e-07,0.0,-6.292465822385896e-08,0.0,-3.608946427643315e-08,0.0,-6.292465822385894e-08,0.0,-6.292465822385897e-08,0.0,3.8224383063434423e-07,0.0,-8.473074006411441e-08,0.0,-3.608946427643315e-08,0.0,-3.6089464276433135e-08,0.0,-8.473074006411441e-08,0.0,3.2602171760641374e-07
50487.03524851663,0.0,3.8580820282477983e-07,0.0,-6.047479159366743e-08,0.0,-6.551200109286955e-08,0.0,-3.7573394752620254e-08,0.0,-6.04747915936674e-08,0.0,3.8580820282478004e-07,0.0,-6.551200109286953e-08,0.0,-3.757339475262024e-08,0.0,-6.551200109286955e-08,0.0,-6.551200109286955e-08,0.0,3.979609736007251e-07,0.0,-8.821470775307602e-08,0.0,-3.757339475262024e-08,0.0,-3.757339475262027e-08,0.0,-8.821470775307602e-08,0.0,3.3942711367850063e-07
52562.96659744847,0.0,4.0167190603049636e-07,0.0,-6.296140058291486e-08,0.0,-6.820573060442651e-08,0.0,-3.911834164183271e-08,0.0,-6.296140058291486e-08,0.0,4.016719060304962e-07,0.0,-6.82057306044265e-08,0.0,-3.9118341641832704e-08,0.0,-6.820573060442652e-08,0.0,-6.820573060442648e-08,0.0,4.1432437574312885e-07,0.0,-9.184192960042843e-08,0.0,-3.911834164183271e-08,0.0,-3.9118341641832704e-08,0.0,-9.184192960042844e-08,0.0,3.533837142690127e-07
54724.25631500434,0.0,4.1818789469193015e-07,0.0,-6.555025422819933e-08,0.0,-7.101022117594778e-08,0.0,-4.072681382350814e-08,0.0,-6.555025422819934e-08,0.0,4.1818789469193004e-07,0.0,-7.10102211759478e-08,0.0,-4.0726813823508144e-08,0.0,-7.10102211759478e-08,0.0,-7.101022117594778e-08,0.0,4.313606100159077e-07,0.0,-9.561829594607401e-08,0.0,-4.0726813823508144e-08,0.0,-4.072681382350814e-08,0.0,-9.561829594607401e-08,0.0,3.6791418386466134e-07
56974.4141757719,0.0,4.3538298955265063e-07,0.0,-6.824555663629168e-08,0.0,-7.393002709261755e-08,0.0,-4.240142333745885e-08,0.0,-6.824555663629168e-08,0.0,4.353829895526505e-07,0.0,-7.393002709261754e-08,0.0,-4.240142333745885e-08,0.0,-7.393002709261755e-08,0.0,-7.393002709261754e-08,0.0,4.490973420030111e-07,0.0,-9.954993932954499e-08,0.0,-4.240142333745885e-08,0.0,-4.240142333745885e-08,0.0,-9.9549939329545e-08,0.0,3.830421188729616e-07
59317.094269627996,0.0,4.532851141744476e-07,0.0,-7.10516847788774e-08,0.0,-7.69698899032082e-08,0.0,-4.4144889625631244e-08,0.0,-7.105168477887745e-08,0.0,4.532851141744476e-07,0.0,-7.696988990320819e-08,0.0,-4.414488962563125e-08,0.0,-7.696988990320821e-08,0.0,-7.696988990320819e-08,0.0,4.6756337484484654e-07,0.0,-1.0364324444879412e-07,0.0,-4.414488962563126e-08,0.0,-4.414488962563126e-08,0.0,-1.0364324444879412e-07,0.0,3.9879208594105194e-07
61756.100935710325,0.0,4.7192334028313024e-07,0.0,-7.397319560043487e-08,0.0,-8.013474612000488e-08,0.0,-4.596004394827839e-08,0.0,-7.397319560043488e-08,0.0,4.7192334028313034e-07,0.0,-8.013474612000488e-08,0.0,-4.59600439482784e-08,0.0,-8.013474612000489e-08,0.0,-8.013474612000488e-08,0.0,4.867886960124488e-07,0.0,-1.079048585284717e-07,0.0,-4.59600439482784e-08,0.0,-4.5960043948278385e-08,0.0,-1.079048585284717e-07,0.0,4.151896618501121e-07
64295.39494038267,0.0,4.913279349788579e-07,0.0,-7.701483341837589e-08,0.0,-8.34297352353362e-08,0.0,-4.784983398171711e-08,0.0,-7.701483341837589e-08,0.0,4.913279349788578e-07,0.0,-8.34297352353362e-08,0.0,-4.7849833981717107e-08,0.0,-8.342973523533624e-08,0.0,-8.342973523533622e-08,0.0,5.068045260049136e-07,0.0,-1.1234170211452662e-07,0.0,-4.7849833981717107e-08,0.0,-4.7849833981717107e-08,0.0,-1.1234170211452662e-07,0.0,4.322614750501629e-07
66939.09990922642,0.0,5.115304098876716e-07,0.0,-8.018153762746622e-08,0.0,-8.686020806772945e-08,0.0,-4.9817328605136266e-08,0.0,-8.018153762746623e-08,0.0,5.115304098876714e-07,0.0,-8.686020806772945e-08,0.0,-4.981732860513627e-08,0.0,-8.686020806772944e-08,0.0,-8.686020806772945e-08,0.0,5.27643369049179e-07,0.0,-1.1696098031266084e-07,0.0,-4.9817328605136266e-08,0.0,-4.981732860513627e-08,0.0,-1.1696098031266083e-07,0.0,4.500352489026989e-07
69691.50902350346,0.0,5.325635723340437e-07,0.0,-8.34784507210372e-08,0.0,-9.043173545124398e-08,0.0,-5.1865722884229526e-08,0.0,-8.347845072103721e-08,0.0,5.325635723340435e-07,0.0,-9.043173545124398e-08,0.0,-5.186572288422952e-08,0.0,-9.0431735451244e-08,0.0,-9.043173545124398e-08,0.0,5.493390658844844e-07,0.0,-1.217701944888881e-07,0.0,-5.186572288422952e-08,0.0,-5.186572288422952e-08,0.0,-1.217701944888881e-07,0.0,4.6853984670137627e-07
72557.0919919648,0.0,5.544615786175448e-07,0.0,-8.691092664201446e-08,0.0,-9.415011728209362e-08,0.0,-5.399834325974555e-08,0.0,-8.691092664201439e-08,0.0,5.544615786175448e-07,0.0,-9.415011728209364e-08,0.0,-5.399834325974557e-08,0.0,-9.415011728209353e-08,0.0,-9.415011728209361e-08,0.0,5.719268487172275e-07,0.0,-1.2677715445119714e-07,0.0,-5.399834325974555e-08,0.0,-5.3998343259745557e-08,0.0,-1.2677715445119722e-07,0.0,4.878053185438664e-07
75540.50230932694,0.0,5.772599894801477e-07,0.0,-9.048453947732493e-08,0.0,-9.802139193724876e-08,0.0,-5.621865294938181e-08,0.0,-9.048453947732493e-08,0.0,5.772599894801476e-07,0.0,-9.802139193724876e-08,0.0,-5.62186529493818e-08,0.0,-9.80213919372488e-08,0.0,-9.802139193724875e-08,0.0,5.954433984354597e-07,0.0,-1.319899911321022e-07,0.0,-5.621865294938182e-08,0.0,-5.621865294938181e-08,0.0,-1.3198999113210217e-07,0.0,5.078629501309905e-07
78646.5848132031,0.0,6.009958278542411e-07,0.0,-9.420509250980204e-08,0.0,-1.0205184608031426e-07,0.0,-5.853025757179375e-08,0.0,-9.420509250980206e-08,0.0,6.009958278542411e-07,0.0,-1.0205184608031426e-07,0.0,-5.853025757179376e-08,0.0,-1.0205184608031425e-07,0.0,-1.0205184608031425e-07,0.0,6.199269041759371e-07,0.0,-1.3741716979267582e-07,0.0,-5.8530257571793755e-08,0.0,-5.8530257571793755e-08,0.0,-1.3741716979267582e-07,0.0,5.287453135723841e-07
81880.38355176047,0.0,6.257076389851301e-07,0.0,-9.807862764228671e-08,0.0,-1.0624802487060505e-07,0.0,-6.093691100185255e-08,0.0,-9.807862764228676e-08,0.0,6.257076389851298e-07,0.0,-1.0624802487060509e-07,0.0,-6.093691100185253e-08,0.0,-1.0624802487060509e-07,0.0,-1.0624802487060505e-07,0.0,6.454171253404468e-07,0.0,-1.4306750376950579e-07,0.0,-6.093691100185257e-08,0.0,-6.093691100185253e-08,0.0,-1.4306750376950576e-07,0.0,5.504863202811897e-07
85247.14997488206,0.0,6.514355530256663e-07,0.0,-1.0211143520923177e-07,0.0,-1.1061674259200198e-07,0.0,-6.344252146666056e-08,0.0,-1.0211143520923177e-07,0.0,6.514355530256654e-07,0.0,-1.1061674259200191e-07,0.0,-6.34425214666606e-08,0.0,-1.1061674259200188e-07,0.0,-1.1061674259200183e-07,0.0,6.71955456162142e-07,0.0,-1.4895016878690284e-07,0.0,-6.344252146666063e-08,0.0,-6.344252146666059e-08,0.0,-1.4895016878690276e-07,0.0,5.731212760436877e-07
88752.35146213221,0.0,6.782213502046448e-07,0.0,-1.063100641917385e-07,0.0,-1.1516509371884299e-07,0.0,-6.605115789222274e-08,0.0,-1.0631006419173854e-07,0.0,6.78221350204645e-07,0.0,-1.15165093718843e-07,0.0,-6.605115789222275e-08,0.0,-1.1516509371884305e-07,0.0,-1.1516509371884303e-07,0.0,6.995849929267065e-07,0.0,-1.5507471785759723e-07,0.0,-6.605115789222271e-08,0.0,-6.605115789222272e-08,0.0,-1.5507471785759728e-07,0.0,5.966869383532776e-07
92401.6802013766,0.0,7.06108528674806e-07,0.0,-1.1068133285261854e-07,0.0,-1.1990046443682635e-07,0.0,-6.876705651108132e-08,0.0,-1.1068133285261858e-07,0.0,7.06108528674806e-07,0.0,-1.1990046443682638e-07,0.0,-6.876705651108132e-08,0.0,-1.1990046443682638e-07,0.0,-1.1990046443682638e-07,0.0,7.283506039575401e-07,0.0,-1.6145109679612488e-07,0.0,-6.876705651108134e-08,0.0,-6.876705651108132e-08,0.0,-1.6145109679612496e-07,0.0,6.212215761019286e-07
96201.06243247418,0.0,7.351423751506147e-07,0.0,-1.1523233980874717e-07,0.0,-1.2483054463762817e-07,0.0,-7.159462774164423e-08,0.0,-1.1523233980874721e-07,0.0,7.351423751506146e-07,0.0,-1.2483054463762814e-07,0.0,-7.159462774164423e-08,0.0,-1.2483054463762817e-07,0.0,-1.2483054463762817e-07,0.0,7.5829900247859e-07,0.0,-1.680896603700941e-07,0.0,-7.159462774164424e-08,0.0,-7.159462774164423e-08,0.0,-1.680896603700941e-07,0.0,6.46765031726028e-07
100156.66807105225,0.0,7.653700384505349e-07,0.0,-1.1997047555869246e-07,0.0,-1.2996334040671822e-07,0.0,-7.453846335037805e-08,0.0,-1.1997047555869246e-07,0.0,7.653700384505349e-07,0.0,-1.2996334040671822e-07,0.0,-7.453846335037808e-08,0.0,-1.2996334040671827e-07,0.0,-1.2996334040671822e-07,0.0,7.894788224731758e-07,0.0,-1.7500118911556223e-07,0.0,-7.453846335037808e-08,0.0,-7.453846335037808e-08,0.0,-1.750011891155622e-07,0.0,6.733587859075514e-07
104274.92072799284,0.0,7.968406060632227e-07,0.0,-1.2490343448433792e-07,0.0,-1.3530718702465032e-07,0.0,-7.760334390849723e-08,0.0,-1.2490343448433792e-07,0.0,7.96840606063223e-07,0.0,-1.3530718702465038e-07,0.0,-7.760334390849722e-08,0.0,-1.353071870246503e-07,0.0,-1.353071870246503e-07,0.0,8.219406976619753e-07,0.0,-1.821969068438282e-07,0.0,-7.760334390849724e-08,0.0,-7.760334390849724e-08,0.0,-1.8219690684382828e-07,0.0,7.010460249356192e-07
108562.50814090163,0.0,8.296051838619775e-07,0.0,-1.3003922734598969e-07,0.0,-1.4087076250294122e-07,0.0,-8.079424655525786e-08,0.0,-1.3003922734598966e-07,0.0,8.296051838619776e-07,0.0,-1.4087076250294125e-07,0.0,-8.079424655525783e-08,0.0,-1.4087076250294111e-07,0.0,-1.4087076250294122e-07,0.0,8.557373437284427e-07,0.0,-1.896884988680723e-07,0.0,-8.079424655525783e-08,0.0,-8.079424655525786e-08,0.0,-1.8968849886807238e-07,0.0,7.298717108378361e-07
113026.39303449888,0.0,8.637169790968954e-07,0.0,-1.3538619429125803e-07,0.0,-1.46663101676519e-07,0.0,-8.411635308046358e-08,0.0,-1.35386194291258e-07,0.0,8.63716979096895e-07,0.0,-1.4666310167651893e-07,0.0,-8.411635308046357e-08,0.0,-1.466631016765191e-07,0.0,-1.466631016765191e-07,0.0,8.90923643925179e-07,0.0,-1.9748813097943941e-07,0.0,-8.411635308046354e-08,0.0,-8.411635308046358e-08,0.0,-1.9748813097943936e-07,0.0,7.598826543952971e-07
117673.82442756946,0.0,8.992313867995086e-07,0.0,-1.4095301839884054e-07,0.0,-1.526936108756271e-07,0.0,-8.757505833930896e-08,0.0,-1.409530183988405e-07,0.0,8.992313867995085e-07,0.0,-1.5269361087562708e-07,0.0,-8.757505833930905e-08,0.0,-1.5269361087562737e-07,0.0,-1.5269361087562718e-07,0.0,9.275567382002737e-07,0.0,-2.0560846920338447e-07,0.0,-8.757505833930902e-08,0.0,-8.757505833930904e-08,0.0,-2.0560846920338431e-07,0.0,7.911275911598332e-07
122512.34940483219,0.0,9.362060797402135e-07,0.0,-1.4674873977919846e-07,0.0,-1.5897208320100742e-07,0.0,-9.117597901322488e-08,0.0,-1.4674873977919846e-07,0.0,9.362060797402146e-07,0.0,-1.5897208320100763e-07,0.0,-9.117597901322491e-08,0.0,-1.5897208320100734e-07,0.0,-1.589720832010074e-07,0.0,9.65696115988347e-07,0.0,-2.1406270036835928e-07,0.0,-9.117597901322492e-08,0.0,-9.117597901322494e-08,0.0,-2.1406270036835938e-07,0.0,8.236572605969364e-07
127549.82537284824,0.0,9.747011020845978e-07,0.0,-1.5278277025502906e-07,0.0,-1.65508714427173e-07,0.0,-9.492496273095406e-08,0.0,-1.5278277025502909e-07,0.0,9.747011020845976e-07,0.0,-1.6550871442717295e-07,0.0,-9.492496273095408e-08,0.0,-1.6550871442717303e-07,0.0,-1.6550871442717295e-07,0.0,1.0054037128169964e-06,0.0,-2.228645535202481e-07,0.0,-9.492496273095406e-08,0.0,-9.492496273095405e-08,0.0,-2.228645535202482e-07,0.0,8.575244884829059e-07
132794.43281986716,0.0,1.0147789669006994e-06,0.0,-1.5906490864536728e-07,0.0,-1.7231411955959004e-07,0.0,-9.88280975646669e-08,0.0,-1.5906490864536725e-07,0.0,1.0147789669006994e-06,0.0,-1.7231411955959e-07,0.0,-9.882809756466692e-08,0.0,-1.7231411955959e-07,0.0,-1.7231411955959004e-07,0.0,1.0467440108855105e-06,0.0,-2.3202832221732115e-07,0.0,-9.882809756466692e-08,0.0,-9.882809756466689e-08,0.0,-2.3202832221732117e-07,0.0,8.927842726899952e-07
138254.68860033475,0.0,1.0565047576756237e-06,0.0,-1.656053566781441e-07,0.0,-1.7939935007266222e-07,0.0,-1.0289172191654076e-07,0.0,-1.6560535667814419e-07,0.0,1.0565047576756235e-06,0.0,-1.7939935007266217e-07,0.0,-1.0289172191654075e-07,0.0,-1.7939935007266222e-07,0.0,-1.7939935007266217e-07,0.0,1.0897841437791866e-06,0.0,-2.4156888774191584e-07,0.0,-1.0289172191654077e-07,0.0,-1.0289172191654075e-07,0.0,-2.4156888774191584e-07,0.0,9.294938724988871e-07
143939.4597656346,0.0,1.0999462340062996e-06,0.0,-1.7241473555703755e-07,0.0,-1.8677591185650704e-07,0.0,-1.0712243481185579e-07,0.0,-1.7241473555703752e-07,0.0,1.0999462340063e-06,0.0,-1.86775911856507e-07,0.0,-1.0712243481185579e-07,0.0,-1.86775911856507e-07,0.0,-1.8677591185650706e-07,0.0,1.1345940054893081e-06,0.0,-2.5150174326653826e-07,0.0,-1.0712243481185575e-07,0.0,-1.0712243481185581e-07,0.0,-2.5150174326653836e-07,0.0,9.67712901583531e-07
149857.97796352327,0.0,1.1451739416360583e-06,0.0,-1.7950410320952138e-07,0.0,-1.944557839016702e-07,0.0,-1.1152710661532385e-07,0.0,-1.7950410320952145e-07,0.0,1.1451739416360577e-06,0.0,-1.9445578390167024e-07,0.0,-1.1152710661532385e-07,0.0,-1.9445578390167024e-07,0.0,-1.9445578390167024e-07,0.0,1.181246363915813e-06,0.0,-2.618430190136293e-07,0.0,-1.1152710661532386e-07,0.0,-1.1152710661532383e-07,0.0,-2.6184301901362925e-07,0.0,1.0075034248193367e-06
156019.85442964343,0.0,1.1922613270156928e-06,0.0,-1.868849722441215e-07,0.0,-2.0245143775211996e-07,0.0,-1.1611289018805235e-07,0.0,-1.868849722441215e-07,0.0,1.192261327015693e-06,0.0,-2.024514377521199e-07,0.0,-1.1611289018805234e-07,0.0,-2.0245143775211996e-07,0.0,-2.024514377521199e-07,0.0,1.2298169790369816e-06,0.0,-2.7260950844985175e-07,0.0,-1.1611289018805237e-07,0.0,-1.1611289018805234e-07,0.0,-2.7260950844985186e-07,0.0,1.0489300590719407e-06
162435.09559545922,0.0,1.2412848565750695e-06,0.0,-1.9456932864604e-07,0.0,-2.1077585775811131e-07,0.0,-1.2088723250326164e-07,0.0,-1.9456932864604007e-07,0.0,1.2412848565750689e-06,0.0,-2.1077585775811137e-07,0.0,-1.2088723250326162e-07,0.0,-2.1077585775811137e-07,0.0,-2.1077585775811126e-07,0.0,1.2803847259380344e-06,0.0,-2.8381869555743846e-07,0.0,-1.208872325032617e-07,0.0,-1.2088723250326164e-07,0.0,-2.8381869555743835e-07,0.0,1.0920600781302166e-06
169114.11933796073,0.0,1.2923241408989434e-06,0.0,-2.0256965124150897e-07,0.0,-2.1944256216181107e-07,0.0,-1.2585788673961842e-07,0.0,-2.025696512415087e-07,0.0,1.2923241408989446e-06,0.0,-2.19442562161811e-07,0.0,-1.2585788673961842e-07,0.0,-2.1944256216181092e-07,0.0,-2.1944256216181107e-07,0.0,1.3330317228984342e-06,0.0,-2.954887832268848e-07,0.0,-1.2585788673961834e-07,0.0,-1.2585788673961842e-07,0.0,-2.9548878322688496e-07,0.0,1.1369635219539272e-06
176067.77189752526,0.0,1.3454620640086667e-06,0.0,-2.1089893196247952e-07,0.0,-2.2846562504992173e-07,0.0,-1.310329248718241e-07,0.0,-2.1089893196247952e-07,0.0,1.345462064008667e-06,0.0,-2.2846562504992173e-07,0.0,-1.3103292487182411e-07,0.0,-2.2846562504992173e-07,0.0,-2.2846562504992173e-07,0.0,1.3878434647458974e-06,0.0,-3.0763872281709763e-07,0.0,-1.3103292487182411e-07,0.0,-1.3103292487182411e-07,0.0,-3.076387228170976e-07,0.0,1.1837133104134397e-06
183307.3454914096,0.0,1.4007849179596979e-06,0.0,-2.1957069694456046e-07,0.0,-2.3785969920895827e-07,0.0,-1.3642075077890494e-07,0.0,-2.1957069694456046e-07,0.0,1.4007849179596975e-06,0.0,-2.3785969920895832e-07,0.0,-1.3642075077890494e-07,0.0,-2.3785969920895832e-07,0.0,-2.3785969920895832e-07,0.0,1.44490896169367e-06,0.0,-3.2028824493099827e-07,0.0,-1.3642075077890494e-07,0.0,-1.3642075077890494e-07,0.0,-3.202882449309983e-07,0.0,1.232385361706201e-06
190844.596651474,0.0,1.4583825429735156e-06,0.0,-2.2859902849245851e-07,0.0,-2.4764003992028737e-07,0.0,-1.4203011389148867e-07,0.0,-2.2859902849245857e-07,0.0,1.4583825429735152e-06,0.0,-2.4764003992028737e-07,0.0,-1.4203011389148873e-07,0.0,-2.476400399202874e-07,0.0,-2.476400399202874e-07,0.0,1.5043208838865178e-06,0.0,-3.334578914565615e-07,0.0,-1.4203011389148875e-07,0.0,-1.420301138914887e-07,0.0,-3.3345789145656145e-07,0.0,1.2830587156422643e-06
198691.7653159221,0.0,1.5183484733314998e-06,0.0,-2.3799858794860223e-07,0.0,-2.578225297335778e-07,0.0,-1.478701234002341e-07,0.0,-2.3799858794860223e-07,0.0,1.5183484733314994e-06,0.0,-2.5782252973357773e-07,0.0,-1.4787012340023406e-07,0.0,-2.5782252973357784e-07,0.0,-2.578225297335778e-07,0.0,1.5661757118902e-06,0.0,-3.471690489253241e-07,0.0,-1.478701234002341e-07,0.0,-1.4787012340023411e-07,0.0,-3.4716904892532414e-07,0.0,1.3358156619991064e-06
206861.59470605347,0.0,1.5807800892676773e-06,0.0,-2.477846395020756e-07,0.0,-2.6842370425888467e-07,0.0,-1.5395026304848136e-07,0.0,-2.4778463950207566e-07,0.0,1.5807800892676767e-06,0.0,-2.6842370425888467e-07,0.0,-1.5395026304848133e-07,0.0,-2.684237042588847e-07,0.0,-2.684237042588846e-07,0.0,1.6305738933687615e-06,0.0,-3.6144398324252796e-07,0.0,-1.5395026304848139e-07,0.0,-1.5395026304848133e-07,0.0,-3.61443983242528e-07,0.0,1.390741874154128e-06
215367.35202031257,0.0,1.6457787751070175e-06,0.0,-2.579730749765323e-07,0.0,-2.794607790192569e-07,0.0,-1.6028040653315022e-07,0.0,-2.579730749765324e-07,0.0,1.6457787751070175e-06,0.0,-2.794607790192569e-07,0.0,-1.6028040653315022e-07,0.0,-2.794607790192569e-07,0.0,-2.794607790192569e-07,0.0,1.697620006204106e-06,0.0,-3.7630587584530275e-07,0.0,-1.6028040653315024e-07,0.0,-1.6028040653315022e-07,0.0,-3.763058758453027e-07,0.0,1.4479265482118822e-06
224222.8499792374,0.0,1.7134500839060757e-06,0.0,-2.685804396373411e-07,0.0,-2.9095167740747297e-07,0.0,-1.6687083353889288e-07,0.0,-2.6858043963734114e-07,0.0,1.7134500839060752e-06,0.0,-2.9095167740747297e-07,0.0,-1.6687083353889288e-07,0.0,-2.90951677407473e-07,0.0,-2.909516774074729e-07,0.0,1.76742292832274e-06,0.0,-3.9177886134760483e-07,0.0,-1.6687083353889286e-07,0.0,-1.6687083353889283e-07,0.0,-3.917788613476049e-07,0.0,1.5074625478519484e-06
233442.46925629553,0.0,1.7839039088633449e-06,0.0,-2.7962395905987313e-07,0.0,-3.0291505979230455e-07,0.0,-1.737322464315414e-07,0.0,-2.7962395905987313e-07,0.0,1.7839039088633449e-06,0.0,-3.029150597923045e-07,0.0,-1.7373224643154137e-07,0.0,-3.0291505979230465e-07,0.0,-3.029150597923045e-07,0.0,1.840096014505472e-06,0.0,-4.07888066733045e-07,0.0,-1.7373224643154143e-07,0.0,-1.7373224643154143e-07,0.0,-4.0788806673304487e-07,0.0,1.5694465551326784e-06
243041.181831034,0.0,1.8572546617776838e-06,0.0,-2.911215671025613e-07,0.0,-3.153703538215748e-07,0.0,-1.8087578763795812e-07,0.0,-2.911215671025613e-07,0.0,1.8572546617776842e-06,0.0,-3.1537035382157474e-07,0.0,-1.808757876379581e-07,0.0,-3.1537035382157474e-07,0.0,-3.1537035382157485e-07,0.0,1.915757280467186e-06,0.0,-4.2465965215925e-07,0.0,-1.8087578763795804e-07,0.0,-1.80875787637958e-07,0.0,-4.2465965215925003e-07,0.0,1.6339792274957032e-06
253034.57530246602,0.0,1.9336214588446076e-06,0.0,-3.0309193503015954e-07,0.0,-3.2833778597122084e-07,0.0,-1.8831305774051185e-07,0.0,-3.030919350301596e-07,0.0,1.933621458844607e-06,0.0,-3.2833778597122084e-07,0.0,-1.8831305774051185e-07,0.0,-3.2833778597122095e-07,0.0,-3.283377859712208e-07,0.0,1.9945295945056318e-06,0.0,-4.4212085344002405e-07,0.0,-1.8831305774051188e-07,0.0,-1.8831305774051185e-07,0.0,-4.421208534400241e-07,0.0,1.7011653612261721e-06
263438.87820217875,0.0,2.013128314092178e-06,0.0,-3.1555450183449576e-07,0.0,-3.4183841439159446e-07,0.0,-1.960561343155663e-07,0.0,-3.155545018344958e-07,0.0,2.0131283140921778e-06,0.0,-3.4183841439159446e-07,0.0,-1.9605613431556636e-07,0.0,-3.4183841439159457e-07,0.0,-3.418384143915944e-07,0.0,2.0765408770304494e-06,0.0,-4.6030002627429346e-07,0.0,-1.960561343155663e-07,0.0,-1.9605613431556628e-07,0.0,-4.603000262742935e-07,0.0,1.7711140616341665e-06
274270.9863482682,0.0,2.095904340770616e-06,0.0,-3.285295058019564e-07,0.0,-3.5589416310434033e-07,0.0,-2.0411759154656998e-07,0.0,-3.2852950580195644e-07,0.0,2.0959043407706155e-06,0.0,-3.5589416310434033e-07,0.0,-2.0411759154656998e-07,0.0,-3.558941631043404e-07,0.0,-3.5589416310434033e-07,0.0,2.1619243082964553e-06,0.0,-4.792266922936667e-07,0.0,-2.0411759154657006e-07,0.0,-2.0411759154657006e-07,0.0,-4.792266922936668e-07,0.0,1.8439389202336534e-06
285548.49028289574,0.0,2.1820839610226463e-06,0.0,-3.420380173789637e-07,0.0,-3.705278576053829e-07,0.0,-2.1251052064359868e-07,0.0,-3.420380173789638e-07,0.0,2.182083961022646e-06,0.0,-3.705278576053829e-07,0.0,-2.1251052064359868e-07,0.0,-3.7052785760538295e-07,0.0,-3.705278576053829e-07,0.0,2.250818544678502e-06,0.0,-4.989315870033746e-07,0.0,-2.1251052064359874e-07,0.0,-2.1251052064359874e-07,0.0,-4.989315870033746e-07,0.0,1.919758199206685e-06
297289.70383802993,0.0,2.271807124175138e-06,0.0,-3.5610197338882563e-07,0.0,-3.8576326193184647e-07,0.0,-2.2124855110251408e-07,0.0,-3.5610197338882563e-07,0.0,2.2718071241751376e-06,0.0,-3.857632619318464e-07,0.0,-2.212485511025141e-07,0.0,-3.857632619318464e-07,0.0,-3.857632619318463e-07,0.0,2.343367943839201e-06,0.0,-5.194467096944629e-07,0.0,-2.2124855110251408e-07,0.0,-2.2124855110251408e-07,0.0,-5.194467096944629e-07,0.0,1.9986950234524535e-06
309513.69387575274,0.0,2.36521953400644e-06,0.0,-3.7074421265551083e-07,0.0,-4.016251172530906e-07,0.0,-2.3034587283825517e-07,0.0,-3.707442126555109e-07,0.0,2.36521953400644e-06,0.0,-4.0162511725309053e-07,0.0,-2.3034587283825517e-07,0.0,-4.016251172530907e-07,0.0,-4.0162511725309053e-07,0.0,2.4397227991550645e-06,0.0,-5.408053754082693e-07,0.0,-2.3034587283825517e-07,0.0,-2.3034587283825515e-07,0.0,-5.408053754082693e-07,0.0,2.080877580533004e-06
322240.3112514332,0.0,2.4624728853585414e-06,0.0,-3.8598851309221037e-07,0.0,-4.181391820485394e-07,0.0,-2.398172592282105e-07,0.0,-3.859885130922103e-07,0.0,2.462472885358541e-06,0.0,-4.1813918204853934e-07,0.0,-2.398172592282106e-07,0.0,-4.1813918204853934e-07,0.0,-4.1813918204853934e-07,0.0,2.5400395837818363e-06,0.0,-5.630422690375869e-07,0.0,-2.398172592282105e-07,0.0,-2.398172592282106e-07,0.0,-5.630422690375868e-07,0.0,2.1664393288403546e-06
335490.223050048,0.0,2.563725110478269e-06,0.0,-4.018596303149085e-07,0.0,-4.3533227393754615e-07,0.0,-2.496780911030904e-07,0.0,-4.018596303149086e-07,0.0,2.563725110478269e-06,0.0,-4.353322739375462e-07,0.0,-2.496780911030904e-07,0.0,-4.3533227393754637e-07,0.0,-4.353322739375462e-07,0.0,2.6444812047553203e-06,0.0,-5.861935016523636e-07,0.0,-2.4967809110309043e-07,0.0,-2.496780911030904e-07,0.0,-5.861935016523637e-07,0.0,2.255519214323047e-06
349284.946147998,0.0,2.669140635487572e-06,0.0,-4.1838333784367224e-07,0.0,-4.5323231322922333e-07,0.0,-2.599443817242572e-07,0.0,-4.183833378436724e-07,0.0,2.669140635487571e-06,0.0,-4.532323132292232e-07,0.0,-2.599443817242572e-07,0.0,-4.532323132292235e-07,0.0,-4.532323132292232e-07,0.0,2.753217267540347e-06,0.0,-6.102966691414076e-07,0.0,-2.599443817242572e-07,0.0,-2.599443817242571e-07,0.0,-6.102966691414077e-07,0.0,2.3482618961240915e-06
363646.88215492363,0.0,2.7788906473993784e-06,0.0,-4.355864689569403e-07,0.0,-4.718683682629577e-07,0.0,-2.7063280278807753e-07,0.0,-4.3558646895694045e-07,0.0,2.7788906473993784e-06,0.0,-4.718683682629574e-07,0.0,-2.7063280278807753e-07,0.0,-4.718683682629575e-07,0.0,-4.718683682629575e-07,0.0,2.8664243514575085e-06,0.0,-6.353909132653296e-07,0.0,-2.7063280278807764e-07,0.0,-2.706328027880776e-07,0.0,-6.353909132653294e-07,0.0,2.4448179814967088e-06
378599.3537922616,0.0,2.8931533721126367e-06,0.0,-4.534969602667822e-07,0.0,-4.912707026132434e-07,0.0,-2.817607114995237e-07,0.0,-4.5349696026678225e-07,0.0,2.8931533721126367e-06,0.0,-4.912707026132433e-07,0.0,-2.8176071149952375e-07,0.0,-4.912707026132435e-07,0.0,-4.912707026132434e-07,0.0,2.9842862964348983e-06,0.0,-6.615169852198653e-07,0.0,-2.8176071149952375e-07,0.0,-2.8176071149952375e-07,0.0,-6.615169852198652e-07,0.0,2.545344270379366e-06
394166.6427676185,0.0,3.0121143638379905e-06,0.0,-4.7214389708588887e-07,0.0,-5.114708242354883e-07,0.0,-2.933461787589899e-07,0.0,-4.721438970858889e-07,0.0,3.012114363837991e-06,0.0,-5.114708242354882e-07,0.0,-2.9334617875898977e-07,0.0,-5.114708242354881e-07,0.0,-5.114708242354881e-07,0.0,3.1069945015505654e-06,0.0,-6.887173118128025e-07,0.0,-2.933461787589897e-07,0.0,-2.933461787589898e-07,0.0,-6.887173118128026e-07,0.0,2.6500040100272744e-06
410374.0292064678,0.0,3.1359668064240876e-06,0.0,-4.915575606599693e-07,0.0,-5.325015366326011e-07,0.0,-3.054080185080971e-07,0.0,-4.915575606599694e-07,0.0,3.1359668064240876e-06,0.0,-5.325015366326009e-07,0.0,-3.0540801850809726e-07,0.0,-5.325015366326011e-07,0.0,-5.32501536632601e-07,0.0,3.2347482358504442e-06,0.0,-7.170360643619784e-07,0.0,-3.054080185080973e-07,0.0,-3.0540801850809726e-07,0.0,-7.170360643619784e-07,0.0,2.758967160113856e-06
427247.8327052035,0.0,3.264911827073859e-06,0.0,-5.117694773422531e-07,0.0,-5.543969921254548e-07,0.0,-3.179658182821445e-07,0.0,-5.11769477342253e-07,0.0,3.264911827073859e-06,0.0,-5.543969921254548e-07,0.0,-3.179658182821446e-07,0.0,-5.543969921254549e-07,0.0,-5.543969921254548e-07,0.0,3.367754961946556e-06,0.0,-7.465192304262312e-07,0.0,-3.1796581828214467e-07,0.0,-3.1796581828214467e-07,0.0,-7.465192304262311e-07,0.0,2.8724106687326818e-06
444815.45507221454,0.0,3.399158822960195e-06,0.0,-5.32812469789952e-07,0.0,-5.77192747313725e-07,0.0,-3.310399710188128e-07,0.0,-5.328124697899518e-07,0.0,3.3991588229601948e-06,0.0,-5.77192747313725e-07,0.0,-3.31039971018813e-07,0.0,-5.771927473137249e-07,0.0,-5.771927473137249e-07,0.0,3.50623067292091e-06,0.0,-7.772146884857894e-07,0.0,-3.31039971018813e-07,0.0,-3.310399710188131e-07,0.0,-7.772146884857891e-07,0.0,2.9905187597480597e-06
463105.42482639855,0.0,3.538925801271497e-06,0.0,-5.547207102658323e-07,0.0,-6.009258208171818e-07,0.0,-3.446517081747916e-07,0.0,-5.547207102658325e-07,0.0,3.5389258012714957e-06,0.0,-6.009258208171818e-07,0.0,-3.4465170817479166e-07,0.0,-6.009258208171818e-07,0.0,-6.009258208171818e-07,0.0,3.650400243082326e-06,0.0,-8.091722856933883e-07,0.0,-3.446517081747917e-07,0.0,-3.4465170817479177e-07,0.0,-8.091722856933883e-07,0.0,3.1134832319609976e-06
482147.44352536264,0.0,3.684439733239189e-06,0.0,-5.775297761314381e-07,0.0,-6.256347533911861e-07,0.0,-3.588231342040905e-07,0.0,-5.775297761314381e-07,0.0,3.6844397332391897e-06,0.0,-6.25634753391186e-07,0.0,-3.588231342040905e-07,0.0,-6.256347533911862e-07,0.0,-6.256347533911861e-07,0.0,3.800497793145649e-06,0.0,-8.424439188223525e-07,0.0,-3.5882313420409044e-07,0.0,-3.5882313420409044e-07,0.0,-8.424439188223528e-07,0.0,3.241503770576232e-06
501972.43399855646,0.0,3.835936922722226e-06,0.0,-6.012767076220936e-07,0.0,-6.513596705140262e-07,0.0,-3.7357726245403826e-07,0.0,-6.012767076220937e-07,0.0,3.835936922722227e-06,0.0,-6.513596705140263e-07,0.0,-3.735772624540382e-07,0.0,-6.513596705140263e-07,0.0,-6.513596705140262e-07,0.0,3.956767070426475e-06,0.0,-8.770836185431177e-07,0.0,-3.7357726245403815e-07,0.0,-3.735772624540382e-07,0.0,-8.770836185431179e-07,0.0,3.3747882714762453e-06
522612.5905636587,0.0,3.99366338994706e-06,0.0,-6.260000679975061e-07,0.0,-6.781423475477247e-07,0.0,-3.8893805253725586e-07,0.0,-6.260000679975063e-07,0.0,3.99366338994706e-06,0.0,-6.781423475477249e-07,0.0,-3.889380525372558e-07,0.0,-6.781423475477251e-07,0.0,-6.781423475477249e-07,0.0,4.119461844668757e-06,0.0,-9.131476371650415e-07,0.0,-3.889380525372558e-07,0.0,-3.889380525372558e-07,0.0,-9.131476371650416e-07,0.0,3.513553178828788e-06
544101.4313077674,0.0,4.157875271026295e-06,0.0,-6.517400061656452e-07,0.0,-7.060262775781362e-07,0.0,-4.0493044924029467e-07,0.0,-6.517400061656453e-07,0.0,4.157875271026294e-06,0.0,-7.060262775781361e-07,0.0,-4.049304492402947e-07,0.0,-7.060262775781364e-07,0.0,-7.060262775781362e-07,0.0,4.288846320148087e-06,0.0,-9.506945399859919e-07,0.0,-4.049304492402948e-07,0.0,-4.049304492402947e-07,0.0,-9.506945399859919e-07,0.0,3.658023836576197e-06
566473.8525182931,0.0,4.328839233904774e-06,0.0,-6.785383218816001e-07,0.0,-7.350567420444996e-07,0.0,-4.215804230321242e-07,0.0,-6.785383218816002e-07,0.0,4.328839233904773e-06,0.0,-7.350567420444995e-07,0.0,-4.2158042303212425e-07,0.0,-7.350567420444996e-07,0.0,-7.350567420444996e-07,0.0,4.465195564719897e-06,0.0,-9.897853003980566e-07,0.0,-4.215804230321242e-07,0.0,-4.215804230321242e-07,0.0,-9.89785300398057e-07,0.0,3.808434854377277e-06
589766.1853519479,0.0,4.506832911408605e-06,0.0,-7.064385336272878e-07,0.0,-7.652808842731464e-07,0.0,-4.3891501223825224e-07,0.0,-7.064385336272877e-07,0.0,4.506832911408604e-06,0.0,-7.652808842731467e-07,0.0,-4.3891501223825197e-07,0.0,-7.652808842731465e-07,0.0,-7.652808842731462e-07,0.0,4.648795956509308e-06,0.0,-1.0304833989038234e-06,0.0,-4.389150122382519e-07,0.0,-4.38915012238252e-07,0.0,-1.0304833989038234e-06,0.0,3.965030488596039e-06
614016.2548338557,0.0,4.692145352100312e-06,0.0,-7.354859492822488e-07,0.0,-7.967477860347741e-07,0.0,-4.569623669489639e-07,0.0,-7.354859492822488e-07,0.0,4.692145352100311e-06,0.0,-7.967477860347741e-07,0.0,-4.569623669489639e-07,0.0,-7.967477860347742e-07,0.0,-7.967477860347741e-07,0.0,4.839945648968002e-06,0.0,-1.0728549262040154e-06,0.0,-4.5696236694896404e-07,0.0,-4.5696236694896393e-07,0.0,-1.0728549262040154e-06,0.0,4.128065038955953e-06
639263.4412825939,0.0,4.885077489672323e-06,0.0,-7.657277397002901e-07,0.0,-8.295085472496093e-07,0.0,-4.7575179473298727e-07,0.0,-7.657277397002904e-07,0.0,4.885077489672324e-06,0.0,-8.295085472496092e-07,0.0,-4.7575179473298727e-07,0.0,-8.295085472496094e-07,0.0,-8.29508547249609e-07,0.0,5.0389550550533805e-06,0.0,-1.1169686905239017e-06,0.0,-4.7575179473298727e-07,0.0,-4.757517947329872e-07,0.0,-1.1169686905239017e-06,0.0,4.297803261503888e-06
665548.7442609189,0.0,5.08594263164103e-06,0.0,-7.972130153114642e-07,0.0,-8.636163689698996e-07,0.0,-4.95313808230816e-07,0.0,-7.972130153114642e-07,0.0,5.08594263164103e-06,0.0,-8.636163689698998e-07,0.0,-4.953138082308158e-07,0.0,-8.636163689698999e-07,0.0,-8.636163689698998e-07,0.0,5.246147351316245e-06,0.0,-1.1628963293527658e-06,0.0,-4.953138082308159e-07,0.0,-4.95313808230816e-07,0.0,-1.1628963293527658e-06,0.0,4.474520798554351e-06
692914.8491560178,0.0,5.295066968134977e-06,0.0,-8.299929058737679e-07,0.0,-8.991266397744818e-07,0.0,-5.156801747049765e-07,0.0,-8.29992905873768e-07,0.0,5.2950669681349755e-06,0.0,-8.991266397744815e-07,0.0,-5.156801747049766e-07,0.0,-8.991266397744819e-07,0.0,-8.991266397744818e-07,0.0,5.461859002715562e-06,0.0,-1.210712425777879e-06,0.0,-5.156801747049767e-07,0.0,-5.156801747049766e-07,0.0,-1.210712425777879e-06,0.0,4.658504626312179e-06
721406.1964974249,0.0,5.51279010160354e-06,0.0,-8.641206435040937e-07,0.0,-9.360970257157404e-07,0.0,-5.368839676277184e-07,0.0,-8.641206435040941e-07,0.0,5.51279010160354e-06,0.0,-9.360970257157405e-07,0.0,-5.368839676277183e-07,0.0,-9.360970257157409e-07,0.0,-9.360970257157404e-07,0.0,5.6864403090127266e-06,0.0,-1.2604946296019282e-06,0.0,-5.368839676277184e-07,0.0,-5.368839676277184e-07,0.0,-1.2604946296019282e-06,0.0,4.850053520900708e-06
751069.0541251499,0.0,5.739465598306154e-06,0.0,-8.996516491232442e-07,0.0,-9.745875639650082e-07,0.0,-5.589596203898804e-07,0.0,-8.996516491232445e-07,0.0,5.739465598306152e-06,0.0,-9.74587563965008e-07,0.0,-5.589596203898803e-07,0.0,-9.745875639650086e-07,0.0,-9.74587563965008e-07,0.0,5.9202559736324085e-06,0.0,-1.3123237834405417e-06,0.0,-5.589596203898802e-07,0.0,-5.589596203898802e-07,0.0,-1.312323783440542e-06,0.0,5.04947854355206e-06
781951.5923252275,0.0,5.97546156247776e-06,0.0,-9.366436224554087e-07,0.0,-1.0146607603084896e-06,0.0,-5.819429822181722e-07,0.0,-9.366436224554089e-07,0.0,5.9754615624777595e-06,0.0,-1.0146607603084896e-06,0.0,-5.819429822181722e-07,0.0,-1.0146607603084898e-06,0.0,-1.0146607603084896e-06,0.0,6.163685695913943e-06,0.0,-1.3662840540047177e-06,0.0,-5.819429822181722e-07,0.0,-5.819429822181723e-07,0.0,-1.3662840540047177e-06,0.0,5.257103545747576e-06
814103.9620546977,0.0,6.221161234102848e-06,0.0,-9.751566357282443e-07,0.0,-1.0563816906520333e-06,0.0,-6.05871376391666e-07,0.0,-9.751566357282445e-07,0.0,6.221161234102847e-06,0.0,-1.0563816906520333e-06,0.0,-6.05871376391666e-07,0.0,-1.0563816906520337e-06,0.0,-1.056381690652033e-06,0.0,6.417124787714968e-06,0.0,-1.4224630687813364e-06,0.0,-6.058713763916662e-07,0.0,-6.058713763916659e-07,0.0,-1.4224630687813362e-06,0.0,5.473265695128664e-06
847578.3763830496,0.0,6.476963611268834e-06,0.0,-1.0152532312257319e-06,0.0,-1.099818106699589e-06,0.0,-6.307836608520394e-07,0.0,-1.0152532312257319e-06,0.0,6.4769636112688315e-06,0.0,-1.0998181066995885e-06,0.0,-6.307836608520392e-07,0.0,-1.0998181066995887e-06,0.0,-1.0998181066995885e-06,0.0,6.680984815368631e-06,0.0,-1.4809520583337126e-06,0.0,-6.307836608520392e-07,0.0,-6.307836608520393e-07,0.0,-1.4809520583337124e-06,0.0,5.698316023032095e-06
882429.1952823831,0.0,6.74328409810944e-06,0.0,-1.0569985228522146e-06,0.0,-1.1450405459769596e-06,0.0,-6.567202913059974e-07,0.0,-1.0569985228522144e-06,0.0,6.743284098109438e-06,0.0,-1.1450405459769596e-06,0.0,-6.567202913059976e-07,0.0,-1.1450405459769598e-06,0.0,-1.1450405459769596e-06,0.0,6.955694268036855e-06,0.0,-1.541846004453284e-06,0.0,-6.567202913059976e-07,0.0,-6.567202913059974e-07,0.0,-1.5418460044532842e-06,0.0,5.932619994538927e-06
918713.0139039808,0.0,7.020555179390255e-06,0.0,-1.1004603018725623e-06,0.0,-1.1921224463795276e-06,0.0,-6.837233869223483e-07,0.0,-1.100460301872563e-06,0.0,7.020555179390255e-06,0.0,-1.1921224463795276e-06,0.0,-6.837233869223482e-07,0.0,-1.1921224463795274e-06,0.0,-1.1921224463795272e-06,0.0,7.241699253545038e-06,0.0,-1.6052437944030095e-06,0.0,-6.837233869223483e-07,0.0,-6.837233869223482e-07,0.0,-1.60524379440301e-06,0.0,6.1765581019627536e-06
956488.7544846472,0.0,7.3092271228320195e-06,0.0,-1.1457091470001712e-06,0.0,-1.2411402654299598e-06,0.0,-7.118367987304154e-07,0.0,-1.1457091470001712e-06,0.0,7.309227122832016e-06,0.0,-1.2411402654299596e-06,0.0,-7.118367987304153e-07,0.0,-1.2411402654299598e-06,0.0,-1.2411402654299593e-06,0.0,7.539464222828161e-06,0.0,-1.6712483815029703e-06,0.0,-7.118367987304154e-07,0.0,-7.118367987304154e-07,0.0,-1.6712483815029707e-06,0.0,6.430526482741067e-06
995817.7620320608,0.0,7.609768710312054e-06,0.0,-1.1928185390115684e-06,0.0,-1.2921736044395684e-06,0.0,-7.411061808308661e-07,0.0,-1.1928185390115684e-06,0.0,7.609768710312054e-06,0.0,-1.2921736044395684e-06,0.0,-7.411061808308659e-07,0.0,-1.2921736044395682e-06,0.0,-1.2921736044395684e-06,0.0,7.849472724164725e-06,0.0,-1.7399669523189412e-06,0.0,-7.411061808308661e-07,0.0,-7.411061808308661e-07,0.0,-1.7399669523189414e-06,0.0,6.694937562733147e-06
1036763.9039445297,0.0,7.9226679991314e-06,0.0,-1.2418649800737625e-06,0.0,-1.3453053377749551e-06,0.0,-7.715790645345928e-07,0.0,-1.2418649800737625e-06,0.0,7.922667999131399e-06,0.0,-1.3453053377749551e-06,0.0,-7.715790645345928e-07,0.0,-1.3453053377749554e-06,0.0,-1.345305337774955e-06,0.0,8.17222818842341e-06,0.0,-1.8115111007254483e-06,0.0,-7.715790645345927e-07,0.0,-7.715790645345929e-07,0.0,-1.8115111007254483e-06,0.0,6.9702207259691585e-06
1079393.6737269145,0.0,8.248433114583674e-06,0.0,-1.292928117978092e-06,0.0,-1.4006217474398386e-06,0.0,-8.033049355500421e-07,0.0,-1.2929281179780922e-06,0.0,8.248433114583672e-06,0.0,-1.4006217474398384e-06,0.0,-8.03304935550042e-07,0.0,-1.400621747439839e-06,0.0,-1.400621747439839e-06,0.0,8.50825474659749e-06,0.0,-1.8859970091259518e-06,0.0,-8.033049355500418e-07,0.0,-8.033049355500418e-07,0.0,-1.8859970091259518e-06,0.0,7.256823011937989e-06
1123776.2989711692,0.0,8.587593075113037e-06,0.0,-1.3460908754823566e-06,0.0,-1.4582126631906597e-06,0.0,-8.36335314344348e-07,0.0,-1.3460908754823566e-06,0.0,8.587593075113038e-06,0.0,-1.4582126631906594e-06,0.0,-8.36335314344348e-07,0.0,-1.458212663190659e-06,0.0,-1.4582126631906592e-06,0.0,8.858098080954874e-06,0.0,-1.963545637124488e-06,0.0,-8.363353143443481e-07,0.0,-8.363353143443481e-07,0.0,-1.963545637124488e-06,0.0,7.55520984154638e-06
1169983.8537768237,0.0,8.94069865140098e-06,0.0,-1.4014395849712354e-06,0.0,-1.5181716084134493e-06,0.0,-8.707238398087577e-07,0.0,-1.4014395849712354e-06,0.0,8.94069865140098e-06,0.0,-1.5181716084134493e-06,0.0,-8.707238398087581e-07,0.0,-1.5181716084134504e-06,0.0,-1.51817160841345e-06,0.0,9.222326311185672e-06,0.0,-2.0442829179551108e-06,0.0,-8.707238398087582e-07,0.0,-8.707238398087579e-07,0.0,-2.044282917955111e-06,0.0,7.865865772927994e-06
1218091.3757939884,0.0,9.30832326077713e-06,0.0,-1.4590641286536899e-06,0.0,-1.580595951998892e-06,0.0,-9.065263563642225e-07,0.0,-1.4590641286536905e-06,0.0,9.308323260777126e-06,0.0,-1.5805959519988915e-06,0.0,-9.065263563642221e-07,0.0,-1.5805959519988907e-06,0.0,-1.5805959519988911e-06,0.0,9.601530916986556e-06,0.0,-2.1283399629881443e-06,0.0,-9.065263563642223e-07,0.0,-9.065263563642223e-07,0.0,-2.1283399629881435e-06,0.0,8.189295288329993e-06
1268176.9880789472,0.0,9.691063898406598e-06,0.0,-1.5190580845250266e-06,0.0,-1.6455870664621967e-06,0.0,-9.438010046485994e-07,0.0,-1.5190580845250266e-06,0.0,9.691063898406597e-06,0.0,-1.6455870664621967e-06,0.0,-9.438010046485998e-07,0.0,-1.6455870664621971e-06,0.0,-1.6455870664621967e-06,0.0,9.996327698580032e-06,0.0,-2.215853274645344e-06,0.0,-9.438010046485997e-07,0.0,-9.438010046485995e-07,0.0,-2.2158532746453446e-06,0.0,8.526023613354845e-06
1320322.0259602196,0.0,1.0089542106765939e-05,0.0,-1.5815188783306303e-06,0.0,-1.7132504925645648e-06,0.0,-9.826083159327566e-07,0.0,-1.5815188783306305e-06,0.0,1.0089542106765937e-05,0.0,-1.7132504925645648e-06,0.0,-9.826083159327566e-07,0.0,-1.713250492564565e-06,0.0,-1.7132504925645648e-06,0.0,1.0407357776728412e-05,0.0,-2.3069649680697405e-06,0.0,-9.826083159327568e-07,0.0,-9.826083159327568e-07,0.0,-2.30696496806974e-06,0.0,8.876597569887906e-06
1374611.1691211173,0.0,1.0504404984982154e-05,0.0,-1.6465479417781721e-06,0.0,-1.7836961107035733e-06,0.0,-1.0230113104188679e-06,0.0,-1.6465479417781725e-06,0.0,1.0504404984982153e-05,0.0,-1.7836961107035733e-06,0.0,-1.023011310418868e-06,0.0,-1.783696110703574e-06,0.0,-1.7836961107035733e-06,0.0,1.083528863386653e-05,0.0,-2.4018230019101055e-06,0.0,-1.023011310418868e-06,0.0,-1.0230113104188679e-06,0.0,-2.401823001910106e-06,0.0,9.24158646409563e-06
1431132.5791132837,0.0,1.093632623967379e-05,0.0,-1.714250877255195e-06,0.0,-1.857038319350815e-06,0.0,-1.0650755995805645e-06,0.0,-1.714250877255195e-06,0.0,1.093632623967379e-05,0.0,-1.8570383193508145e-06,0.0,-1.0650755995805645e-06,0.0,-1.857038319350815e-06,0.0,-1.8570383193508145e-06,0.0,1.1280815198043799e-05,0.0,-2.5005814185948572e-06,0.0,-1.065075599580564e-06,0.0,-1.065075599580564e-06,0.0,-2.5005814185948572e-06,0.0,9.621583010936708e-06
1489978.0425245308,0.0,1.1386007279000647e-05,0.0,-1.784737629319578e-06,0.0,-1.933396220826547e-06,0.0,-1.1088694927111104e-06,0.0,-1.784737629319578e-06,0.0,1.1386007279000647e-05,0.0,-1.933396220826547e-06,0.0,-1.1088694927111106e-06,0.0,-1.9333962208265473e-06,0.0,-1.9333962208265464e-06,0.0,1.1744660971435963e-05,0.0,-2.6034005944855627e-06,0.0,-1.1088694927111106e-06,0.0,-1.1088694927111106e-06,0.0,-2.6034005944855635e-06,0.0,1.0017204296687299e-05
1551243.1200334697,0.0,1.185417835169874e-05,0.0,-1.8581226632413671e-06,0.0,-2.0128938147130535e-06,0.0,-1.1544641078526457e-06,0.0,-1.8581226632413671e-06,0.0,1.1854178351698743e-05,0.0,-2.012893814713054e-06,0.0,-1.154464107852646e-06,0.0,-2.0128938147130535e-06,0.0,-2.0128938147130535e-06,0.0,1.2227579205259125e-05,0.0,-2.7104475003162913e-06,0.0,-1.1544641078526459e-06,0.0,-1.1544641078526459e-06,0.0,-2.710447500316291e-06,0.0,1.0429092781043483e-05
1615027.3015929707,0.0,1.2341599732950157e-05,0.0,-1.9345251508858917e-06,0.0,-2.0956601992207794e-06,0.0,-1.2019334872866134e-06,0.0,-1.9345251508858917e-06,0.0,1.2341599732950153e-05,0.0,-2.0956601992207785e-06,0.0,-1.2019334872866134e-06,0.0,-2.0956601992207802e-06,0.0,-2.0956601992207802e-06,0.0,1.2730354122993878e-05,0.0,-2.8218959723417065e-06,0.0,-1.2019334872866134e-06,0.0,-1.2019334872866134e-06,0.0,-2.8218959723417073e-06,0.0,1.085791734042822e-05
1681434.1679945018,0.0,1.2849062959013767e-05,0.0,-2.014069164240074e-06,0.0,-2.1818297808342877e-06,0.0,-1.2513547177729597e-06,0.0,-2.0140691642400744e-06,0.0,1.284906295901377e-05,0.0,-2.1818297808342877e-06,0.0,-1.2513547177729599e-06,0.0,-2.1818297808342873e-06,0.0,-2.1818297808342877e-06,0.0,1.3253802193906357e-05,0.0,-2.9379269946343215e-06,0.0,-1.25135471777296e-06,0.0,-1.2513547177729599e-06,0.0,-2.9379269946343207e-06,0.0,1.130437435419727e-05
1750571.5590756596,0.0,1.3377392112621561e-05,0.0,-2.096883876896147e-06,0.0,-2.271542492578438e-06,0.0,-1.302808055733322e-06,0.0,-2.0968838768961466e-06,0.0,1.3377392112621563e-05,0.0,-2.2715424925784385e-06,0.0,-1.302808055733322e-06,0.0,-2.271542492578439e-06,0.0,-2.2715424925784394e-06,0.0,1.3798773458933849e-05,0.0,-3.058728992989209e-06,0.0,-1.3028080557333213e-06,0.0,-1.3028080557333217e-06,0.0,-3.0587289929892084e-06,0.0,1.1769188835507671e-05
1822551.7488440895,0.0,1.3927445161227947e-05,0.0,-2.1831037738200074e-06,0.0,-2.3649440212592674e-06,0.0,-1.3563770575815181e-06,0.0,-2.1831037738200074e-06,0.0,1.3927445161227947e-05,0.0,-2.364944021259268e-06,0.0,-1.3563770575815181e-06,0.0,-2.364944021259268e-06,0.0,-2.364944021259268e-06,0.0,1.436615291108837e-05,0.0,-3.184498140913567e-06,0.0,-1.3563770575815183e-06,0.0,-1.3563770575815183e-06,0.0,-3.1844981409135676e-06,0.0,1.2253115608685478e-05
1897491.6278021662,0.0,1.4500115350285476e-05,0.0,-2.2728688697448566e-06,0.0,-2.4621860440485796e-06,0.0,-1.4121487154129834e-06,0.0,-2.2728688697448574e-06,0.0,1.4500115350285469e-05,0.0,-2.462186044048579e-06,0.0,-1.4121487154129834e-06,0.0,-2.46218604404858e-06,0.0,-2.462186044048579e-06,0.0,1.4956861932619854e-05,0.0,-3.3154386781979766e-06,0.0,-1.412148715412983e-06,0.0,-1.4121487154129832e-06,0.0,-3.315438678197976e-06,0.0,1.2756940535004628e-05
1975512.8927685209,0.0,1.5096332653809349e-05,0.0,-2.3663249365447637e-06,0.0,-2.563426474796453e-06,0.0,-1.4702135982734948e-06,0.0,-2.3663249365447637e-06,0.0,1.5096332653809345e-05,0.0,-2.563426474796452e-06,0.0,-1.4702135982734946e-06,0.0,-2.5634264747964524e-06,0.0,-2.5634264747964524e-06,0.0,1.5571859791272738e-05,0.0,-3.4517632425867016e-06,0.0,-1.4702135982734952e-06,0.0,-1.4702135982734948e-06,0.0,-3.451763242586702e-06,0.0,1.3281481788867486e-05
2056742.2445046713,0.0,1.571706528458641e-05,0.0,-2.4636237399574024e-06,0.0,-2.6688297204716495e-06,0.0,-1.5306659992366009e-06,0.0,-2.463623739957403e-06,0.0,1.5717065284586407e-05,0.0,-2.6688297204716504e-06,0.0,-1.5306659992366013e-06,0.0,-2.66882972047165e-06,0.0,-2.66882972047165e-06,0.0,1.621214519806584e-05,0.0,-3.593693215085669e-06,0.0,-1.5306659992366009e-06,0.0,-1.5306659992366013e-06,0.0,-3.593693215085668e-06,0.0,1.3827591186459562e-05
2141311.593467683,0.0,1.636332126648109e-05,0.0,-2.5649232860403838e-06,0.0,-2.778566948146371e-06,0.0,-1.5936040885285988e-06,0.0,-2.5649232860403854e-06,0.0,1.6363321266481082e-05,0.0,-2.7785669481463706e-06,0.0,-1.5936040885285982e-06,0.0,-2.7785669481463723e-06,0.0,-2.77856694814637e-06,0.0,1.6878757929125118e-05,0.0,-3.7414590794688264e-06,0.0,-1.5936040885285984e-06,0.0,-1.593604088528598e-06,0.0,-3.7414590794688272e-06,0.0,1.4396155569035944e-05
2229358.2740229913,0.0,1.7036150071391533e-05,0.0,-2.670388077761403e-06,0.0,-2.8928163629589064e-06,0.0,-1.65913007294971e-06,0.0,-2.6703880777614027e-06,0.0,1.703615007139153e-05,0.0,-2.892816362958907e-06,0.0,-1.6591300729497104e-06,0.0,-2.8928163629589064e-06,0.0,-2.8928163629589073e-06,0.0,1.7572780514203176e-05,0.0,-3.895300796566744e-06,0.0,-1.6591300729497104e-06,0.0,-1.6591300729497102e-06,0.0,-3.8953007965667435e-06,0.0,1.4988098243085899e-05
2321025.2674652506,0.0,1.773664432351437e-05,0.0,-2.780189382138878e-06,0.0,-3.0117634975056077e-06,0.0,-1.7273503618503756e-06,0.0,-2.7801893821388786e-06,0.0,1.773664432351437e-05,0.0,-3.0117634975056077e-06,0.0,-1.7273503618503751e-06,0.0,-3.0117634975056077e-06,0.0,-3.0117634975056073e-06,0.0,1.8295339994627497e-05,0.0,-4.055468193945256e-06,0.0,-1.7273503618503758e-06,0.0,-1.7273503618503751e-06,0.0,-4.0554681939452546e-06,0.0,1.560438047971429e-05
2416461.434209381,0.0,1.8465941573685564e-05,0.0,-2.894505508366935e-06,0.0,-3.1356015131320948e-06,0.0,-1.7983757399321568e-06,0.0,-2.894505508366936e-06,0.0,1.8465941573685557e-05,0.0,-3.1356015131320943e-06,0.0,-1.7983757399321568e-06,0.0,-3.135601513132095e-06,0.0,-3.1356015131320943e-06,0.0,1.904760975353223e-05,0.0,-4.222221371606934e-06,0.0,-1.7983757399321566e-06,0.0,-1.7983757399321566e-06,0.0,-4.222221371606935e-06,0.0,1.6246003075674738e-05
2515821.7555288514,0.0,1.9225226146678654e-05,0.0,-3.0135220973763156e-06,0.0,-3.2645315136129644e-06,0.0,-1.8723215471538896e-06,0.0,-3.0135220973763156e-06,0.0,1.9225226146678654e-05,0.0,-3.2645315136129652e-06,0.0,-1.8723215471538893e-06,0.0,-3.2645315136129652e-06,0.0,-3.264531513612965e-06,0.0,1.9830811421345325e-05,0.0,-4.395831124374231e-06,0.0,-1.8723215471538898e-06,0.0,-1.8723215471538896e-06,0.0,-4.395831124374231e-06,0.0,1.6914007978589446e-05
2619267.5852338253,0.0,2.0015731064460824e-05,0.0,-3.137432423301546e-06,0.0,-3.398762871729485e-06,0.0,-1.9493078660352604e-06,0.0,-3.137432423301546e-06,0.0,2.0015731064460824e-05,0.0,-3.3987628717294856e-06,0.0,-1.94930786603526e-06,0.0,-3.398762871729487e-06,0.0,-3.3987628717294864e-06,0.0,2.064621685962636e-05,0.0,-4.576579381640276e-06,0.0,-1.9493078660352604e-06,0.0,-1.9493078660352604e-06,0.0,-4.576579381640275e-06,0.0,1.7609479978995097e-05
2726966.9116977938,0.0,2.083874004852914e-05,0.0,-3.2664377073438126e-06,0.0,-3.5385135692754683e-06,0.0,-2.0294597166619205e-06,0.0,-3.2664377073438126e-06,0.0,2.083874004852914e-05,0.0,-3.5385135692754683e-06,0.0,-2.02945971666192e-06,0.0,-3.538513569275467e-06,0.0,-3.538513569275468e-06,0.0,2.149515022647527e-05,0.0,-4.764759665201316e-06,0.0,-2.02945971666192e-06,0.0,-2.02945971666192e-06,0.0,-4.764759665201317e-06,0.0,1.8333548471962463e-05
2839094.630658269,0.0,2.1695589604579354e-05,0.0,-3.4007474445393093e-06,0.0,-3.6840105510435846e-06,0.0,-2.1129072597088564e-06,0.0,-3.40074744453931e-06,0.0,2.1695589604579354e-05,0.0,-3.6840105510435833e-06,0.0,-2.112907259708857e-06,0.0,-3.684010551043583e-06,0.0,-3.6840105510435837e-06,0.0,2.2378990126867324e-05,0.0,-4.960677565914409e-06,0.0,-2.1129072597088564e-06,0.0,-2.112907259708857e-06,0.0,-4.960677565914411e-06,0.0,1.9087389291150323e-05
2955832.8292345204,0.0,2.2587671192892256e-05,0.0,-3.5405797439636735e-06,0.0,-3.835490093366912e-06,0.0,-2.199786007811701e-06,0.0,-3.540579743963673e-06,0.0,2.258767119289225e-05,0.0,-3.835490093366913e-06,0.0,-2.1997860078117005e-06,0.0,-3.835490093366911e-06,0.0,-3.835490093366911e-06,0.0,2.3299171851405507e-05,0.0,-5.164651239954363e-06,0.0,-2.1997860078117018e-06,0.0,-2.1997860078117005e-06,0.0,-5.1646512399543644e-06,0.0,1.987222661827242e-05
3077371.081623585,0.0,2.3516433487962187e-05,0.0,-3.686161682924986e-06,0.0,-3.993198187814221e-06,0.0,-2.2902370456292177e-06,0.0,-3.6861616829249876e-06,0.0,2.3516433487962197e-05,0.0,-3.993198187814222e-06,0.0,-2.2902370456292177e-06,0.0,-3.993198187814226e-06,0.0,-3.9931981878142244e-06,0.0,2.4257189707126258e-05,0.0,-5.37701192547582e-06,0.0,-2.2902370456292164e-06,0.0,-2.290237045629218e-06,0.0,-5.377011925475819e-06,0.0,2.0689334971077926e-05
3203906.7569547356,0.0,2.448338473103732e-05,0.0,-3.837729675720526e-06,0.0,-4.1573909406620926e-06,0.0,-2.3844072589543582e-06,0.0,-3.837729675720525e-06,0.0,2.4483384731037328e-05,0.0,-4.157390940662092e-06,0.0,-2.3844072589543582e-06,0.0,-4.1573909406620926e-06,0.0,-4.157390940662094e-06,0.0,2.5254599444143645e-05,0.0,-5.598104480519514e-06,0.0,-2.384407258954359e-06,0.0,-2.3844072589543586e-06,0.0,-5.598104480519513e-06,0.0,2.1540041273074033e-05
3335645.3398023443,0.0,2.549009517939173e-05,0.0,-3.995529857556086e-06,0.0,-4.328334988792533e-06,0.0,-2.4824495732459156e-06,0.0,-3.995529857556085e-06,0.0,2.549009517939173e-05,0.0,-4.3283349887925315e-06,0.0,-2.4824495732459156e-06,0.0,-4.3283349887925315e-06,0.0,-4.328334988792531e-06,0.0,2.6293020782072268e-05,0.0,-5.828287943036213e-06,0.0,-2.482449573245915e-06,0.0,-2.482449573245915e-06,0.0,-5.828287943036214e-06,0.0,2.2425727008351455e-05
3472800.7638776274,0.0,2.6538199656307128e-05,0.0,-4.159818484251343e-06,0.0,-4.506307932691569e-06,0.0,-2.5845232019681538e-06,0.0,-4.159818484251341e-06,0.0,2.6538199656307128e-05,0.0,-4.506307932691569e-06,0.0,-2.5845232019681533e-06,0.0,-4.5063079326915684e-06,0.0,-4.506307932691569e-06,0.0,2.7374140040332218e-05,0.0,-6.0679361139377874e-06,0.0,-2.5845232019681555e-06,0.0,-2.5845232019681533e-06,0.0,-6.067936113937787e-06,0.0,2.3347830465012485e-05
3615595.759441169,0.0,2.762940020590487e-05,0.0,-4.330862348380353e-06,0.0,-4.691598787251896e-06,0.0,-2.6907939051417035e-06,0.0,-4.330862348380352e-06,0.0,2.7629400205904873e-05,0.0,-4.691598787251896e-06,0.0,-2.690793905141703e-06,0.0,-4.691598787251892e-06,0.0,-4.691598787251896e-06,0.0,2.8499712876607008e-05,0.0,-6.3174381641222385e-06,0.0,-2.6907939051416992e-06,0.0,-2.690793905141702e-06,0.0,-6.317438164122241e-06,0.0,2.4307849070844384e-05
3764262.2150003603,0.0,2.876546885713961e-05,0.0,-4.508939212522924e-06,0.0,-4.88450845111165e-06,0.0,-2.801434258525544e-06,0.0,-4.508939212522923e-06,0.0,2.87654688571396e-05,0.0,-4.884508451111649e-06,0.0,-2.8014342585255437e-06,0.0,-4.884508451111654e-06,0.0,-4.884508451111649e-06,0.0,2.9671567137901594e-05,0.0,-6.577199266458409e-06,0.0,-2.8014342585255466e-06,0.0,-2.801434258525544e-06,0.0,-6.577199266458408e-06,0.0,2.530734182503126e-05
3919041.553879215,0.0,2.994825050144326e-05,0.0,-4.69433826033054e-06,0.0,-5.0853501952915686e-06,0.0,-2.91662393386731e-06,0.0,-4.694338260330534e-06,0.0,2.9948250501443273e-05,0.0,-5.08535019529157e-06,0.0,-2.916623933867308e-06,0.0,-5.085350195291558e-06,0.0,-5.085350195291568e-06,0.0,3.089160582883099e-05,0.0,-6.847641253756795e-06,0.0,-2.9166239338673063e-06,0.0,-2.9166239338673067e-06,0.0,-6.847641253756794e-06,0.0,2.6347931829853534e-05
4080185.1262719594,0.0,3.117966588869235e-05,0.0,-4.887360566139167e-06,0.0,-5.294450171923936e-06,0.0,-3.0365499906768707e-06,0.0,-4.887360566139168e-06,0.0,3.1179665888692345e-05,0.0,-5.294450171923936e-06,0.0,-3.036549990676871e-06,0.0,-5.294450171923939e-06,0.0,-5.294450171923937e-06,0.0,3.216181020195862e-05,0.0,-7.129203303794784e-06,0.0,-3.0365499906768716e-06,0.0,-3.036549990676871e-06,0.0,-7.129203303794786e-06,0.0,2.743130892648585e-05
4247954.617417159,0.0,3.246171474636336e-05,0.0,-5.088319583891743e-06,0.0,-5.512147943899513e-06,0.0,-3.1614071799971727e-06,0.0,-5.088319583891743e-06,0.0,3.246171474636335e-05,0.0,-5.512147943899513e-06,0.0,-3.1614071799971727e-06,0.0,-5.512147943899513e-06,0.0,-5.512147943899513e-06,0.0,3.348424297520418e-05,0.0,-7.422342652508885e-06,0.0,-3.1614071799971723e-06,0.0,-3.1614071799971723e-06,0.0,-7.422342652508886e-06,0.0,2.8559232439174166e-05
4422622.472555178,0.0,3.379647902694247e-05,0.0,-5.297541656164148e-06,0.0,-5.738797036292541e-06,0.0,-3.2913982606654943e-06,0.0,-5.297541656164145e-06,0.0,3.379647902694248e-05,0.0,-5.738797036292542e-06,0.0,-3.2913982606654943e-06,0.0,-5.73879703629254e-06,0.0,-5.7387970362925405e-06,0.0,3.486105168154467e-05,0.0,-7.727535336512047e-06,0.0,-3.291398260665494e-06,0.0,-3.291398260665495e-06,0.0,-7.727535336512045e-06,0.0,2.97335340322481e-05
4604472.339359101,0.0,3.518612628886222e-05,0.0,-5.515366544121427e-06,0.0,-5.974765510459314e-06,0.0,-3.4267343285788087e-06,0.0,-5.515366544121433e-06,0.0,3.518612628886222e-05,0.0,-5.974765510459317e-06,0.0,-3.426734328578811e-06,0.0,-5.974765510459318e-06,0.0,-5.974765510459318e-06,0.0,3.629447215644921e-05,0.0,-8.045276966141909e-06,0.0,-3.42673432857881e-06,0.0,-3.42673432857881e-06,0.0,-8.045276966141907e-06,0.0,3.095612068460829e-05
4793799.528557558,0.0,3.663291321645607e-05,0.0,-5.742147979264778e-06,0.0,-6.2204365617426e-06,0.0,-3.5676351594979043e-06,0.0,-5.742147979264778e-06,0.0,3.663291321645606e-05,0.0,-6.2204365617426e-06,0.0,-3.5676351594979047e-06,0.0,-6.220436561742601e-06,0.0,-6.2204365617425994e-06,0.0,3.778683216871039e-05,0.0,-8.376083530295301e-06,0.0,-3.5676351594979043e-06,0.0,-3.5676351594979043e-06,0.0,-8.376083530295303e-06,0.0,3.22289777865191e-05
4990911.4934975,0.0,3.813918928464677e-05,0.0,-5.978254237865327e-06,0.0,-6.476209141752486e-06,0.0,-3.714329565946948e-06,0.0,-5.9782542378653305e-06,0.0,3.813918928464675e-05,0.0,-6.476209141752486e-06,0.0,-3.7143295659469483e-06,0.0,-6.476209141752488e-06,0.0,-6.476209141752487e-06,0.0,3.934055520056846e-05,0.0,-8.720492234356065e-06,0.0,-3.714329565946951e-06,0.0,-3.7143295659469487e-06,0.0,-8.720492234356065e-06,0.0,3.35541723637354e-05
5196128.329425692,0.0,3.970740057431976e-05,0.0,-6.2240687390175595e-06,0.0,-6.742498606234321e-06,0.0,-3.867055768788104e-06,0.0,-6.2240687390175595e-06,0.0,3.9707400574319765e-05,0.0,-6.7424986062343194e-06,0.0,-3.867055768788106e-06,0.0,-6.742498606234321e-06,0.0,-6.7424986062343194e-06,0.0,4.095816438326738e-05,0.0,-9.079062372576812e-06,0.0,-3.867055768788107e-06,0.0,-3.867055768788108e-06,0.0,-9.079062372576812e-06,0.0,3.493385643419955e-05
5409783.2932997,0.0,4.134009374457771e-05,0.0,-6.479990667283544e-06,0.0,-7.01973738957568e-06,0.0,-4.026061784074592e-06,0.0,-6.479990667283546e-06,0.0,4.134009374457769e-05,0.0,-7.019737389575678e-06,0.0,-4.026061784074592e-06,0.0,-7.01973738957568e-06,0.0,-7.019737389575678e-06,0.0,4.2642286594432996e-05,0.0,-9.452376236331437e-06,0.0,-4.026061784074592e-06,0.0,-4.026061784074591e-06,0.0,-9.452376236331439e-06,0.0,3.6370270502759256e-05
5632223.34497255,0.0,4.303992016832626e-05,0.0,-6.746435620939154e-06,0.0,-7.308375707047845e-06,0.0,-4.19160582581039e-06,0.0,-6.7464356209391575e-06,0.0,4.3039920168326245e-05,0.0,-7.3083757070478415e-06,0.0,-4.19160582581039e-06,0.0,-7.308375707047845e-06,0.0,-7.308375707047843e-06,0.0,4.4395656723928254e-05,0.0,-9.841040059713225e-06,0.0,-4.191605825810392e-06,0.0,-4.191605825810391e-06,0.0,-9.841040059713225e-06,0.0,3.786574719958174e-05
5863809.710629815,0.0,4.480964023790743e-05,0.0,-7.0238362868748615e-06,0.0,-7.608882285922035e-06,0.0,-4.3639567252706775e-06,0.0,-7.0238362868748615e-06,0.0,4.4809640237907426e-05,0.0,-7.608882285922034e-06,0.0,-4.36395672527068e-06,0.0,-7.608882285922037e-06,0.0,-7.6088822859220344e-06,0.0,4.6221122115111544e-05,0.0,-1.0245685004014106e-05,0.0,-4.363956725270678e-06,0.0,-4.363956725270679e-06,0.0,-1.0245685004014108e-05,0.0,3.94227150681723e-05
6104918.469394275,0.0,4.665212784777282e-05,0.0,-7.312643143247299e-06,0.0,-7.9217451266479e-06,0.0,-4.5433943675639545e-06,0.0,-7.3126431432473e-06,0.0,4.665212784777282e-05,0.0,-7.921745126647898e-06,0.0,-4.5433943675639545e-06,0.0,-7.921745126647896e-06,0.0,-7.921745126647898e-06,0.0,4.8121647188712224e-05,0.0,-1.0666968182683994e-05,0.0,-4.5433943675639545e-06,0.0,-4.5433943675639545e-06,0.0,-1.0666968182683994e-05,0.0,4.104370250914965e-05
6355941.16405054,0.0,4.857037506147532e-05,0.0,-7.613325191022413e-06,0.0,-8.24747229533007e-06,0.0,-4.7302101461447226e-06,0.0,-7.613325191022413e-06,0.0,4.857037506147532e-05,0.0,-8.247472295330069e-06,0.0,-4.730210146144722e-06,0.0,-8.247472295330067e-06,0.0,-8.247472295330067e-06,0.0,5.010031825683006e-05,0.0,-1.1105573728434328e-05,0.0,-4.730210146144724e-06,0.0,-4.730210146144722e-06,0.0,-1.110557372843433e-05,0.0,4.2731341886181185e-05
6617285.436881583,0.0,5.056749697055903e-05,0.0,-7.926370715598356e-06,0.0,-8.586592748789961e-06,0.0,-4.924707436014913e-06,0.0,-7.926370715598356e-06,0.0,5.056749697055903e-05,0.0,-8.586592748789961e-06,0.0,-4.924707436014914e-06,0.0,-8.58659274878996e-06,0.0,-8.586592748789961e-06,0.0,5.216034853487795e-05,0.0,-1.1562213904219023e-05,0.0,-4.924707436014914e-06,0.0,-4.924707436014914e-06,0.0,-1.1562213904219023e-05,0.0,4.44883738007469e-05
6889375.691649636,0.0,5.264673675323738e-05,0.0,-8.252288079744816e-06,0.0,-8.939657193552491e-06,0.0,-5.1272020863824345e-06,0.0,-8.252288079744814e-06,0.0,5.2646736753237374e-05,0.0,-8.939657193552493e-06,0.0,-5.127202086382434e-06,0.0,-8.939657193552493e-06,0.0,-8.939657193552493e-06,0.0,5.430508335960595e-05,0.0,-1.2037630259896771e-05,0.0,-5.1272020863824345e-06,0.0,-5.127202086382434e-06,0.0,-1.2037630259896771e-05,0.0,4.631765154267336e-05
7172653.782796504,0.0,5.481147094107458e-05,0.0,-8.591606549146561e-06,0.0,-9.307238980152742e-06,0.0,-5.338022933576916e-06,0.0,-8.591606549146561e-06,0.0,5.4811470941074604e-05,0.0,-9.307238980152744e-06,0.0,-5.338022933576916e-06,0.0,-9.307238980152739e-06,0.0,-9.307238980152742e-06,0.0,5.653800562168063e-05,0.0,-1.2532594836453172e-05,0.0,-5.338022933576917e-06,0.0,-5.338022933576916e-06,0.0,-1.2532594836453175e-05,0.0,4.8222145723665326e-05
7467579.732982482,0.0,5.706521490222324e-05,0.0,-8.944877151891756e-06,0.0,-9.689935034214802e-06,0.0,-5.557512335055585e-06,0.0,-8.944877151891757e-06,0.0,5.706521490222324e-05,0.0,-9.6899350342148e-06,0.0,-5.5575123350555875e-06,0.0,-9.689935034214804e-06,0.0,-9.6899350342148e-06,0.0,5.886274142164186e-05,0.0,-1.3047911419738157e-05,0.0,-5.557512335055583e-06,0.0,-5.557512335055586e-06,0.0,-1.304791141973816e-05,0.0,5.020494910135934e-05
7774632.480129124,0.0,5.941162855012183e-05,0.0,-9.31267357330079e-06,0.0,-1.0088366825814816e-05,0.0,-5.786026725366439e-06,0.0,-9.312673573300794e-06,0.0,5.941162855012183e-05,0.0,-1.0088366825814814e-05,0.0,-5.786026725366438e-06,0.0,-1.0088366825814813e-05,0.0,-1.0088366825814813e-05,0.0,6.128306595842175e-05,0.0,-1.3584416845754753e-05,0.0,-5.786026725366438e-06,0.0,-5.786026725366435e-06,0.0,-1.3584416845754753e-05,0.0,5.2269281601733316e-05
8094310.655178982,0.0,6.185452228692362e-05,0.0,-9.6955930875488e-06,0.0,-1.0503181378702392e-05,0.0,-6.0239371949715714e-06,0.0,-9.695593087548802e-06,0.0,6.185452228692358e-05,0.0,-1.050318137870239e-05,0.0,-6.023937194971573e-06,0.0,-1.0503181378702396e-05,0.0,-1.0503181378702389e-05,0.0,6.380290965998832e-05,0.0,-1.4142982359618799e-05,0.0,-6.023937194971575e-06,0.0,-6.023937194971572e-06,0.0,-1.4142982359618799e-05,0.0,5.4418495548028013e-05
8427133.391835373,0.0,6.439786319130756e-05,0.0,-1.0094257527594736e-05,0.0,-1.093505232101933e-05,0.0,-6.271630092870648e-06,0.0,-1.0094257527594737e-05,0.0,6.439786319130755e-05,0.0,-1.093505232101933e-05,0.0,-6.271630092870649e-06,0.0,-1.0935052321019333e-05,0.0,-1.0935052321019327e-05,0.0,6.642636456606992e-05,0.0,-1.4724515030396593e-05,0.0,-6.271630092870649e-06,0.0,-6.27163009287065e-06,0.0,-1.4724515030396596e-05,0.0,5.665608110467204e-05
8773641.169597114,0.0,6.704578146072097e-05,0.0,-1.05093142949921e-05,0.0,-1.1384680979221873e-05,0.0,-6.52950765400309e-06,0.0,-1.0509314294992102e-05,0.0,6.704578146072097e-05,0.0,-1.1384680979221873e-05,0.0,-6.5295076540030925e-06,0.0,-1.1384680979221875e-05,0.0,-1.1384680979221873e-05,0.0,6.915769097332488e-05,0.0,-1.5329959224117947e-05,0.0,-6.52950765400309e-06,0.0,-6.5295076540030925e-06,0.0,-1.532995922411795e-05,0.0,5.8985671945050706e-05
9134396.691457167,0.0,6.980257711851378e-05,0.0,-1.0941437411221085e-05,0.0,-1.1852797516982896e-05,0.0,-6.797988652447805e-06,0.0,-1.0941437411221083e-05,0.0,6.980257711851375e-05,0.0,-1.18527975169829e-05,0.0,-6.797988652447806e-06,0.0,-1.1852797516982898e-05,0.0,-1.1852797516982898e-05,0.0,7.200132435374767e-05,0.0,-1.596029813735663e-05,0.0,-6.797988652447809e-06,0.0,-6.797988652447807e-06,0.0,-1.5960298137356623e-05,0.0,6.141105115232227e-05
9509985.797690779,0.0,7.267272699685925e-05,0.0,-1.1391328612249708e-05,0.0,-1.2340162120923852e-05,0.0,-7.077509081481397e-06,0.0,-1.1391328612249706e-05,0.0,7.267272699685928e-05,0.0,-1.2340162120923852e-05,0.0,-7.077509081481396e-06,0.0,-1.2340162120923845e-05,0.0,-1.2340162120923854e-05,0.0,7.496188255754806e-05,0.0,-1.6616555393869043e-05,0.0,-7.077509081481393e-06,0.0,-7.0775090814813974e-06,0.0,-1.6616555393869046e-05,0.0,6.393615736286587e-05
9901018.417216657,0.0,7.566089200679767e-05,0.0,-1.1859718488101012e-05,0.0,-1.2847566235101456e-05,0.0,-7.368522861598908e-06,0.0,-1.1859718488101013e-05,0.0,7.566089200679765e-05,0.0,-1.2847566235101454e-05,0.0,-7.368522861598909e-06,0.0,-1.2847566235101461e-05,0.0,-1.2847566235101456e-05,0.0,7.804417331219744e-05,0.0,-1.7299796706883332e-05,0.0,-7.368522861598908e-06,0.0,-7.368522861598909e-06,0.0,-1.7299796706883336e-05,0.0,6.656509116233495e-05
10308129.558076436,0.0,7.877192470721105e-05,0.0,-1.2347367669277255e-05,0.0,-1.3375833846254334e-05,0.0,-7.67150257764717e-06,0.0,-1.2347367669277255e-05,0.0,7.877192470721101e-05,0.0,-1.3375833846254333e-05,0.0,-7.671502577647171e-06,0.0,-1.3375833846254333e-05,0.0,-1.3375833846254334e-05,0.0,8.12532020298229e-05,0.0,-1.8011131609738855e-05,0.0,-7.671502577647171e-06,0.0,-7.67150257764717e-06,0.0,-1.8011131609738855e-05,0.0,6.930212174470523e-05
10731980.338640748,0.0,8.201087718501975e-05,0.0,-1.2855068061967537e-05,0.0,-1.3925822821896524e-05,0.0,-7.986940246267593e-06,0.0,-1.285506806196754e-05,0.0,8.201087718501971e-05,0.0,-1.3925822821896524e-05,0.0,-7.98694024626759e-06,0.0,-1.392582282189653e-05,0.0,-1.3925822821896524e-05,0.0,8.45941799356261e-05,0.0,-1.8751715257686216e-05,0.0,-7.986940246267593e-06,0.0,-7.98694024626759e-06,0.0,-1.8751715257686223e-05,0.0,7.215169384512978e-05
11173259.061216539,0.0,8.538300925939782e-05,0.0,-1.3383644134044872e-05,0.0,-1.4498426303430823e-05,0.0,-8.315348114894803e-06,0.0,-1.3383644134044875e-05,0.0,8.538300925939779e-05,0.0,-1.4498426303430818e-05,0.0,-8.315348114894801e-06,0.0,-1.4498426303430825e-05,0.0,-1.4498426303430821e-05,0.0,8.807253253052729e-05,0.0,-1.952275030377398e-05,0.0,-8.315348114894801e-06,0.0,-8.315348114894803e-06,0.0,-1.9522750303773976e-05,0.0,7.511843495786005e-05
11632682.329799091,0.0,8.889379702333033e-05,0.0,-1.3933954253941001e-05,0.0,-1.509457415654434e-05,0.0,-8.657259493608576e-06,0.0,-1.3933954253941003e-05,0.0,8.889379702333031e-05,0.0,-1.5094574156544343e-05,0.0,-8.657259493608576e-06,0.0,-1.509457415654435e-05,0.0,-1.5094574156544343e-05,0.0,9.169390840177758e-05,0.0,-2.0325488851868134e-05,0.0,-8.657259493608578e-06,0.0,-8.657259493608578e-06,0.0,-2.0325488851868134e-05,0.0,7.820716285095416e-05
12110996.213783888,0.0,9.254894173638291e-05,0.0,-1.4506892084573234e-05,0.0,-1.571523448124161e-05,0.0,-9.01322962118995e-06,0.0,-1.450689208457324e-05,0.0,9.254894173638288e-05,0.0,-1.571523448124161e-05,0.0,-9.013229621189952e-06,0.0,-1.5715234481241614e-05,0.0,-1.5715234481241608e-05,0.0,9.546418839584652e-05,0.0,-2.1161234489976233e-05,0.0,-9.013229621189952e-06,0.0,-9.01322962118995e-06,0.0,-2.1161234489976237e-05,0.0,8.142289338997571e-05
12608977.459528109,0.0,9.635437908312565e-05,0.0,-1.5103388034586888e-05,0.0,-1.6361415183967316e-05,0.0,-9.383836566787907e-06,0.0,-1.5103388034586888e-05,0.0,9.635437908312564e-05,0.0,-1.6361415183967313e-05,0.0,-9.383836566787909e-06,0.0,-1.636141518396732e-05,0.0,-1.6361415183967316e-05,0.0,9.938949516848164e-05,0.0,-2.2031344407177795e-05,0.0,-9.38383656678791e-06,0.0,-9.383836566787909e-06,0.0,-2.2031344407177805e-05,0.0,8.477084868338841e-05
13127434.751729246,0.0,0.00010031628881224564,0.0,-1.5724410769270083e-05,0.0,-1.7034165614371826e-05,0.0,-9.769682168660922e-06,0.0,-1.5724410769270083e-05,0.0,0.00010031628881224562,0.0,-1.7034165614371822e-05,0.0,-9.76968216866092e-06,0.0,-1.7034165614371826e-05,0.0,-1.7034165614371822e-05,0.0,0.00010347620312744864,0.0,-2.2937231597598986e-05,0.0,-9.769682168660926e-06,0.0,-9.769682168660919e-06,0.0,-2.2937231597598986e-05,0.0,8.825646556287378e-05
13667210.026669214,0.0,0.00010444110477200154,0.0,-1.6370968783594525e-05,0.0,-1.7734578269377353e-05,0.0,-1.017139301151774e-05,0.0,-1.637096878359453e-05,0.0,0.00010444110477200154,0.0,-1.773457826937735e-05,0.0,-1.0171393011517739e-05,0.0,-1.7734578269377356e-05,0.0,-1.773457826937734e-05,0.0,0.0001077309487840976,0.0,-2.388036715501052e-05,0.0,-1.017139301151774e-05,0.0,-1.017139301151774e-05,0.0,-2.3880367155010525e-05,0.0,9.188540441234358e-05
14229179.83945658,0.0,0.00010873552535831716,0.0,-1.7044112039936686e-05,0.0,-1.846379056731214e-05,0.0,-1.0589621444044609e-05,0.0,-1.70441120399367e-05,0.0,0.00010873552535831716,0.0,-1.8463790567312145e-05,0.0,-1.0589621444044612e-05,0.0,-1.846379056731215e-05,0.0,-1.846379056731213e-05,0.0,0.00011216064153056662,0.0,-2.4862282661775103e-05,0.0,-1.0589621444044605e-05,0.0,-1.0589621444044607e-05,0.0,-2.4862282661775103e-05,0.0,9.566355835998438e-05
14814256.787487207,0.0,0.00011320652439248079,0.0,-1.7744933673139066e-05,0.0,-1.922298669499368e-05,0.0,-1.1025046638271258e-05,0.0,-1.7744933673139072e-05,0.0,0.00011320652439248081,0.0,-1.9222986694993674e-05,0.0,-1.102504663827126e-05,0.0,-1.922298669499368e-05,0.0,-1.922298669499368e-05,0.0,0.0001167724748601232,0.0,-2.5884572676023856e-05,0.0,-1.1025046638271257e-05,0.0,-1.1025046638271258e-05,0.0,-2.5884572676023856e-05,0.0,9.959706284826182e-05
15423390.992434891,0.0,0.00011786136244611493,0.0,-1.8474571765680215e-05,0.0,-2.001339953076045e-05,0.0,-1.1478375692496031e-05,0.0,-1.847457176568022e-05,0.0,0.00011786136244611498,0.0,-2.0013399530760465e-05,0.0,-1.1478375692496035e-05,0.0,-2.0013399530760444e-05,0.0,-2.0013399530760455e-05,0.0,0.00012157393804886555,0.0,-2.6948897321100745e-05,0.0,-1.147837569249603e-05,0.0,-1.147837569249604e-05,0.0,-2.6948897321100772e-05,0.0,0.0001036923055974252
16057571.643178672,0.0,0.00012270759863180778,0.0,-1.9234211195836565e-05,0.0,-2.0836312646575148e-05,0.0,-1.1950344779561205e-05,0.0,-1.923421119583657e-05,0.0,0.00012270759863180776,0.0,-2.0836312646575145e-05,0.0,-1.1950344779561205e-05,0.0,-2.0836312646575148e-05,0.0,-2.0836312646575148e-05,0.0,0.00012657282831775185,0.0,-2.8056984981480094e-05,0.0,-1.1950344779561208e-05,0.0,-1.1950344779561206e-05,0.0,-2.8056984981480097e-05,0.0,0.00010795593697869224
16717828.602172432,0.0,0.00012775310287855247,0.0,-2.0025085561837077e-05,0.0,-2.1693062392450646e-05,0.0,-1.2441720342343261e-05,0.0,-2.0025085561837084e-05,0.0,0.00012775310287855242,0.0,-2.1693062392450646e-05,0.0,-1.2441720342343256e-05,0.0,-2.1693062392450646e-05,0.0,-2.1693062392450643e-05,0.0,0.0001317772634947121,0.0,-2.9210635109535113e-05,0.0,-1.2441720342343256e-05,0.0,-1.2441720342343254e-05,0.0,-2.921063510953511e-05,0.0,0.00011239488081396102
17405234.0778651,0.0,0.00013300606871192826,0.0,-2.084847918513528e-05,0.0,-2.2585040066583248e-05,0.0,-1.2953300338399219e-05,0.0,-2.0848479185135274e-05,0.0,0.00013300606871192828,0.0,-2.2585040066583245e-05,0.0,-1.295330033839922e-05,0.0,-2.2585040066583245e-05,0.0,-2.2585040066583248e-05,0.0,0.0001371956951973968,0.0,-3.041172114771507e-05,0.0,-1.2953300338399215e-05,0.0,-1.2953300338399217e-05,0.0,-3.0411721147715068e-05,0.0,0.00011701634561958182
18120904.36588817,0.0,0.00013847502655978266,0.0,-2.1705729196052617e-05,0.0,-2.3513694174718453e-05,0.0,-1.3485915535790953e-05,0.0,-2.170572919605262e-05,0.0,0.0001384750265597826,0.0,-2.351369417471845e-05,0.0,-1.3485915535790952e-05,0.0,-2.3513694174718453e-05,0.0,-2.351369417471845e-05,0.0,0.0001428369225579823,0.0,-3.166219357087781e-05,0.0,-1.3485915535790953e-05,0.0,-1.3485915535790953e-05,0.0,-3.166219357087782e-05,0.0,0.00012182783631245764
18866001.661837,0.0,0.0001441688576050125,0.0,-2.2598227705178968e-05,0.0,-2.4480532782416806e-05,0.0,-1.4040430862190867e-05,0.0,-2.259822770517896e-05,0.0,0.00014416885760501255,0.0,-2.4480532782416803e-05,0.0,-1.4040430862190872e-05,0.0,-2.4480532782416817e-05,0.0,-2.4480532782416813e-05,0.0,0.0001487101065123079,0.0,-3.296408305371615e-05,0.0,-1.4040430862190872e-05,0.0,-1.4040430862190867e-05,0.0,-3.2964083053716145e-05,0.0,0.00012683716639747184
19641735.94859051,0.0,0.0001500968082079493,0.0,-2.352742406405724e-05,0.0,-2.5487125964040907e-05,0.0,-1.4617746809460493e-05,0.0,-2.3527424064057267e-05,0.0,0.0001500968082079493,0.0,-2.5487125964040903e-05,0.0,-1.4617746809460485e-05,0.0,-2.5487125964040903e-05,0.0,-2.5487125964040907e-05,0.0,0.00015482478467655918,0.0,-3.431950376842355e-05,0.0,-1.4617746809460488e-05,0.0,-1.4617746809460488e-05,0.0,-3.431950376842357e-05,0.0,0.00013205247065604245
20449366.96123387,0.0,0.00015626850492176357,0.0,-2.4494827218823097e-05,0.0,-2.6535108352439948e-05,0.0,-1.5218800895982603e-05,0.0,-2.449482721882309e-05,0.0,0.00015626850492176351,0.0,-2.6535108352439945e-05,0.0,-1.5218800895982614e-05,0.0,-2.653510835243995e-05,0.0,-2.6535108352439948e-05,0.0,0.00016119088683565037,0.0,-3.5730656817953194e-05,0.0,-1.5218800895982613e-05,0.0,-1.521880089598261e-05,0.0,-3.5730656817953174e-05,0.0,0.00013748221835640554
21290206.232775044,0.0,0.00016269397012527492,0.0,-2.5502008160621763e-05,0.0,-2.762618179347255e-05,0.0,-1.5844569189121796e-05,0.0,-2.5502008160621773e-05,0.0,0.0001626939701252749,0.0,-2.762618179347255e-05,0.0,-1.5844569189121796e-05,0.0,-2.7626181793472555e-05,0.0,-2.7626181793472545e-05,0.0,0.00016781875106846016,0.0,-3.71998338104464e-05,0.0,-1.58445691891218e-05,0.0,-1.5844569189121796e-05,0.0,-3.71998338104464e-05,0.0,0.00014313522700707966
22165619.223977376,0.0,0.0001693836382985545,0.0,-2.6550602476781495e-05,0.0,-2.876211810967849e-05,0.0,-1.6496067890285552e-05,0.0,-2.6550602476781495e-05,0.0,0.00016938363829855429,0.0,-2.876211810967849e-05,0.0,-1.6496067890285552e-05,0.0,-2.8762118109678494e-05,0.0,-2.8762118109678484e-05,0.0,0.00017471914053610746,0.0,-3.8729420580634665e-05,0.0,-1.6496067890285552e-05,0.0,-1.6496067890285542e-05,0.0,-3.8729420580634685e-05,0.0,0.0001490206766758478
23077027.54076684,0.0,0.00017634837296774705,0.0,-2.764231300688629e-05,0.0,-2.9944761977587455e-05,0.0,-1.7174354985160233e-05,0.0,-2.7642313006886293e-05,0.0,0.00017634837296774705,0.0,-2.9944761977587445e-05,0.0,-1.717435498516023e-05,0.0,-2.9944761977587448e-05,0.0,-2.994476197758744e-05,0.0,0.00018190326096052852,0.0,-4.032190106425878e-05,0.0,-1.717435498516023e-05,0.0,-1.7174354985160223e-05,0.0,-4.032190106425878e-05,0.0,0.00015514812489750821
24025911.242814854,0.0,0.0001835994843466357,0.0,-2.8778912608061476e-05,0.0,-3.117603392333717e-05,0.0,-1.7880531961801477e-05,0.0,-2.877891260806148e-05,0.0,0.0001835994843466357,0.0,-3.117603392333717e-05,0.0,-1.7880531961801477e-05,0.0,-3.117603392333716e-05,0.0,-3.117603392333717e-05,0.0,0.00018938277882173988,0.0,-4.1979861331796616e-05,0.0,-1.788053196180148e-05,0.0,-1.7880531961801484e-05,0.0,-4.197986133179661e-05,0.0,0.00016152752219460322
25013811.247045714,0.0,0.00019114874770359018,0.0,-2.9962247033962414e-05,0.0,-3.2457933441465823e-05,0.0,-1.861574559936939e-05,0.0,-2.9962247033962414e-05,0.0,0.0001911487477035902,0.0,-3.245793344146582e-05,0.0,-1.8615745599369392e-05,0.0,-3.2457933441465823e-05,0.0,-3.245793344146582e-05,0.0,0.00019716984030333922,0.0,-4.3705993788050295e-05,0.0,-1.861574559936939e-05,0.0,-1.861574559936939e-05,0.0,-4.3705993788050295e-05,0.0,0.00016816922823633228
26042331.829971634,0.0,0.00019900842248373314,0.0,-3.119423793214198e-05,0.0,-3.3792542241943185e-05,0.0,-1.9381189830412982e-05,0.0,-3.119423793214199e-05,0.0,0.00019900842248373295,0.0,-3.37925422419432e-05,0.0,-1.938118983041296e-05,0.0,-3.379254224194319e-05,0.0,-3.37925422419432e-05,0.0,0.00020527709101700865,0.0,-4.5503101544412345e-05,0.0,-1.9381189830412975e-05,0.0,-1.938118983041297e-05,0.0,-4.550310154441233e-05,0.0,0.00017508402866188766
27113143.232919123,0.0,0.00020719127221737003,0.0,-3.247688596466384e-05,0.0,-3.518202763071367e-05,0.0,-2.017810767972826e-05,0.0,-3.247688596466384e-05,0.0,0.0002071912722173701,0.0,-3.518202763071366e-05,0.0,-2.0178107679728258e-05,0.0,-3.518202763071366e-05,0.0,-3.518202763071365e-05,0.0,0.00021371769653805197,0.0,-4.737410297091122e-05,0.0,-2.0178107679728258e-05,0.0,-2.0178107679728258e-05,0.0,-4.7374102970911214e-05,0.0,0.00018228315259553502
28227984.374377307,0.0,0.00021571058524702053,0.0,-3.381227405702979e-05,0.0,-3.662864602924065e-05,0.0,-2.100779328293865e-05,0.0,-3.3812274057029804e-05,0.0,0.00021571058524702053,0.0,-3.6628646029240644e-05,0.0,-2.100779328293864e-05,0.0,-3.662864602924065e-05,0.0,-3.6628646029240644e-05,0.0,0.00022250536378531582,0.0,-4.932203643542831e-05,0.0,-2.1007793282938657e-05,0.0,-2.100779328293865e-05,0.0,-4.9322036435428316e-05,0.0,0.0001897782908818797
29388665.67387289,0.0,0.00022458019630670098,0.0,-3.52025707806966e-05,0.0,-3.813474663876815e-05,0.0,-2.187159398807539e-05,0.0,-3.52025707806966e-05,0.0,0.00022458019630670098,0.0,-3.813474663876815e-05,0.0,-2.1871593988075378e-05,0.0,-3.8134746638768164e-05,0.0,-3.813474663876815e-05,0.0,0.00023165436328021066,0.0,-5.135006523778252e-05,0.0,-2.187159398807539e-05,0.0,-2.1871593988075388e-05,0.0,-5.135006523778252e-05,0.0,0.00019758161507093432
30597071.991957538,0.0,0.0002338145089885106,0.0,-3.66500338746755e-05,0.0,-3.970277525524979e-05,0.0,-2.2770912543571056e-05,0.0,-3.6650033874675495e-05,0.0,0.0002338145089885106,0.0,-3.9702775255249794e-05,0.0,-2.2770912543571053e-05,0.0,-3.9702775255249794e-05,0.0,-3.97027752552498e-05,0.0,0.00024117955232098246,0.0,-5.3461482746695146e-05,0.0,-2.2770912543571053e-05,0.0,-2.2770912543571056e-05,0.0,-5.3461482746695146e-05,0.0,0.00020570579718381422
31855165.691081908,0.0,0.0002434285191329984,0.0,-3.8157013911933435e-05,0.0,-4.133527824114041e-05,0.0,-2.370720937621926e-05,0.0,-3.8157013911933435e-05,0.0,0.0002434285191329984,0.0,-4.133527824114041e-05,0.0,-2.370720937621926e-05,0.0,-4.133527824114041e-05,0.0,-4.133527824114041e-05,0.0,0.00025109639910986524,0.0,-5.565971774797705e-05,0.0,-2.370720937621927e-05,0.0,-2.3707209376219262e-05,0.0,-5.565971774797705e-05,0.0,0.00021416403029116308
33164989.822327122,0.0,0.0002534378391812992,0.0,-3.972595811654957e-05,0.0,-4.303490666050031e-05,0.0,-2.468200496279968e-05,0.0,-3.9725958116549576e-05,0.0,0.0002534378391812991,0.0,-4.3034906660500314e-05,0.0,-2.4682004962799677e-05,0.0,-4.303490666050032e-05,0.0,-4.303490666050029e-05,0.0,0.0002614210078722979,0.0,-5.794834001262307e-05,0.0,-2.4682004962799684e-05,0.0,-2.4682004962799674e-05,0.0,-5.7948340012623066e-05,0.0,0.00022297004993772324
34528671.44316852,0.0,0.00026385872352858243,0.0,-4.135941433782613e-05,0.0,-4.480442058412712e-05,0.0,-2.5696882299219862e-05,0.0,-4.135941433782614e-05,0.0,0.0002638587235285823,0.0,-4.4804420584127116e-05,0.0,-2.5696882299219873e-05,0.0,-4.480442058412713e-05,0.0,-4.4804420584127116e-05,0.0,0.0002721701450089929,0.0,-6.033106609385597e-05,0.0,-2.5696882299219873e-05,0.0,-2.569688229921987e-05,0.0,-6.033106609385597e-05,0.0,0.0002321381564478439
35948425.07165965,0.0,0.00027470809491998764,0.0,-4.3060035187807154e-05,0.0,-4.6646693571706625e-05,0.0,-2.6753489471183477e-05,0.0,-4.306003518780714e-05,0.0,0.00027470809491998753,0.0,-4.6646693571706625e-05,0.0,-2.6753489471183484e-05,0.0,-4.664669357170663e-05,0.0,-4.664669357170662e-05,0.0,0.0002833612663233326,0.0,-6.281176536253393e-05,0.0,-2.6753489471183477e-05,0.0,-2.6753489471183477e-05,0.0,-6.281176536253395e-05,0.0,0.0002416832381481499
37426556.282645695,0.0,0.00028600357193191026,0.0,-4.483058234892418e-05,0.0,-4.856471733826099e-05,0.0,-2.7853542330559458e-05,0.0,-4.483058234892418e-05,0.0,0.0002860035719319101,0.0,-4.8564717338260974e-05,0.0,-2.7853542330559475e-05,0.0,-4.856471733826099e-05,0.0,-4.8564717338260974e-05,0.0,0.00029501254536830096,0.0,-6.539446629072252e-05,0.0,-2.785354233055947e-05,0.0,-2.7853542330559468e-05,0.0,-6.539446629072255e-05,0.0,0.00025162079554508264
38965465.45184663,0.0,0.000297763497583267,0.0,-4.6673931058764387e-05,0.0,-5.056160661247284e-05,0.0,-2.8998827281798762e-05,0.0,-4.66739310587644e-05,0.0,0.00029776349758326695,0.0,-5.056160661247284e-05,0.0,-2.899882728179876e-05,0.0,-5.056160661247284e-05,0.0,-5.056160661247284e-05,0.0,0.00030714290295899116,0.0,-6.808336299363555e-05,0.0,-2.8998827281798766e-05,0.0,-2.899882728179876e-05,0.0,-6.808336299363555e-05,0.0,0.0002619669664965766
40567651.65388917,0.0,0.00031000696912319775,0.0,-4.8593074779242986e-05,0.0,-5.264060419477344e-05,0.0,-3.0191204182922393e-05,0.0,-4.859307477924298e-05,0.0,0.0003100069691231977,0.0,-5.2640604194773434e-05,0.0,-3.019120418292239e-05,0.0,-5.2640604194773434e-05,0.0,-5.2640604194773434e-05,0.0,0.00031977203789860387,0.0,-7.088282204056674e-05,0.0,-3.019120418292239e-05,0.0,-3.0191204182922404e-05,0.0,-7.088282204056674e-05,0.0,0.00027273855241874255
42235716.720619924,0.0,0.0003227538690435905,0.0,-5.059113005776487e-05,0.0,-5.480508622341174e-05,0.0,-3.1432609365794e-05,0.0,-5.059113005776488e-05,0.0,0.0003227538690435905,0.0,-5.480508622341173e-05,0.0,-3.1432609365794e-05,0.0,-5.480508622341176e-05,0.0,-5.480508622341173e-05,0.0,0.00033292045896785315,0.0,-7.379738954587678e-05,0.0,-3.143260936579401e-05,0.0,-3.143260936579402e-05,0.0,-7.379738954587678e-05,0.0,0.00028395304557013017
43972369.46628725,0.0,0.0003360248973667741,0.0,-5.267134158826639e-05,0.0,-5.705856765705238e-05,0.0,-3.27250587805791e-05,0.0,-5.267134158826642e-05,0.0,0.0003360248973667741,0.0,-5.705856765705237e-05,0.0,-3.27250587805791e-05,0.0,-5.705856765705239e-05,0.0,-5.705856765705237e-05,0.0,0.0003466095182297048,0.0,-7.683179855154563e-05,0.0,-3.2725058780579114e-05,0.0,-3.2725058780579114e-05,0.0,-7.683179855154563e-05,0.0,0.0002956286574578578
45780430.086455286,0.0,0.0003498416052608227,0.0,-5.4837087480358424e-05,0.0,-5.9404707982808625e-05,0.0,-3.407065126949907e-05,0.0,-5.483708748035842e-05,0.0,0.00034984160526082257,0.0,-5.9404707982808625e-05,0.0,-3.4070651269499055e-05,0.0,-5.940470798280862e-05,0.0,-5.940470798280863e-05,0.0,0.0003608614457035476,0.0,-7.999097671328281e-05,0.0,-3.407065126949907e-05,0.0,-3.4070651269499075e-05,0.0,-7.99909767132828e-05,0.0,0.0003077843484117533
47662834.73779292,0.0,0.000364226430037059,0.0,-5.7091884745126255e-05,0.0,-6.18473171589788e-05,0.0,-3.5471571975195587e-05,0.0,-5.7091884745126275e-05,0.0,0.00036422643003705885,0.0,-6.18473171589788e-05,0.0,-3.54715719751956e-05,0.0,-6.184731715897883e-05,0.0,-6.184731715897881e-05,0.0,0.00037569938546510006,0.0,-8.32800543026756e-05,0.0,-3.547157197519559e-05,0.0,-3.5471571975195587e-05,0.0,-8.328005430267561e-05,0.0,0.0003204398583745271
49622640.30617492,0.0,0.00037920273158658746,0.0,-5.943939500649565e-05,0.0,-6.439036180213648e-05,0.0,-3.693009588924071e-05,0.0,-5.943939500649565e-05,0.0,0.00037920273158658746,0.0,-6.439036180213648e-05,0.0,-3.6930095889240715e-05,0.0,-6.439036180213651e-05,0.0,-6.439036180213648e-05,0.0,0.0003911474332306764,0.0,-8.670437253837054e-05,0.0,-3.693009588924072e-05,0.0,-3.6930095889240715e-05,0.0,-8.670437253837056e-05,0.0,0.0003336157389579785
51663029.37083848,0.0,0.00039479483031502904,0.0,-6.188343044743891e-05,0.0,-6.70379716286225e-05,0.0,-3.844859154655475e-05,0.0,-6.188343044743891e-05,0.0,0.0003947948303150289,0.0,-6.70379716286225e-05,0.0,-3.844859154655476e-05,0.0,-6.703797162862252e-05,0.0,-6.703797162862248e-05,0.0,0.0004072306754868483,0.0,-9.026949225981738e-05,0.0,-3.844859154655476e-05,0.0,-3.844859154655474e-05,0.0,-9.026949225981742e-05,0.0,0.00034733338681729257
53787315.37265635,0.0,0.0004110280466370602,0.0,-6.442796000067814e-05,0.0,-6.979444616089857e-05,0.0,-4.00295248717318e-05,0.0,-6.442796000067814e-05,0.0,0.0004110280466370602,0.0,-6.979444616089857e-05,0.0,-4.00295248717318e-05,0.0,-6.979444616089855e-05,0.0,-6.979444616089857e-05,0.0,0.00042397523022904166,0.0,-9.398120295766075e-05,0.0,-4.0029524871731804e-05,0.0,-4.00295248717318e-05,0.0,-9.398120295766076e-05,0.0,0.00036161507839762495
55998947.99491973,0.0,0.00042792874209489394,0.0,-6.707711579393822e-05,0.0,-7.266426170965377e-05,0.0,-4.1675463183518805e-05,0.0,-6.707711579393825e-05,0.0,0.0004279287420948939,0.0,-7.266426170965377e-05,0.0,-4.1675463183518805e-05,0.0,-7.266426170965379e-05,0.0,-7.266426170965377e-05,0.0,0.0004414082893752296,0.0,-9.784553217544477e-05,0.0,-4.167546318351882e-05,0.0,-4.1675463183518805e-05,0.0,-9.784553217544475e-05,0.0,0.00037648400610940086
58301518.76536862,0.0,0.000445524362167472,0.0,-6.983519986021655e-05,0.0,-7.56520786430018e-05,0.0,-4.338907936395124e-05,0.0,-6.983519986021656e-05,0.0,0.0004455243621674718,0.0,-7.565207864300179e-05,0.0,-4.338907936395125e-05,0.0,-7.565207864300183e-05,0.0,-7.565207864300179e-05,0.0,0.00045955816292359426,0.0,-0.00010186875529789758,0.0,-4.338907936395125e-05,0.0,-4.338907936395125e-05,0.0,-0.00010186875529789758,0.0,0.00039196431599107306
60698766.88856719,0.0,0.00046384348083989375,0.0,-7.270669112396637e-05,0.0,-7.87627489545741e-05,0.0,-4.517315619891582e-05,0.0,-7.270669112396637e-05,0.0,0.00046384348083989375,0.0,-7.876274895457407e-05,0.0,-4.517315619891581e-05,0.0,-7.876274895457409e-05,0.0,-7.876274895457409e-05,0.0,0.00047845432492587083,0.0,-0.00010605740574169216,0.0,-4.517315619891582e-05,0.0,-4.517315619891582e-05,0.0,-0.00010605740574169217,0.0,0.00040808114692050254
63194585.318095274,0.0,0.0004829158470054527,0.0,-7.56962526745385e-05,0.0,-8.20013241427983e-05,0.0,-4.7030590897188745e-05,0.0,-7.56962526745385e-05,0.0,0.0004829158470054527,0.0,-8.200132414279829e-05,0.0,-4.703059089718875e-05,0.0,-8.20013241427983e-05,0.0,-8.200132414279831e-05,0.0,0.0004981274613510248,0.0,-0.0001104182855652312,0.0,-4.7030590897188745e-05,0.0,-4.703059089718874e-05,0.0,-0.0001104182855652312,0.0,0.0004248606714386355
65793027.07841702,0.0,0.0005027724327756392,0.0,-7.880873933869366e-05,0.0,-8.537306341415825e-05,0.0,-4.8964399795288605e-05,0.0,-7.880873933869366e-05,0.0,0.0005027724327756391,0.0,-8.537306341415824e-05,0.0,-4.8964399795288605e-05,0.0,-8.537306341415825e-05,0.0,-8.537306341415824e-05,0.0,0.0005186095199169972,0.0,-0.00011495847651468702,0.0,-4.89643997952886e-05,0.0,-4.89643997952886e-05,0.0,-0.00011495847651468702,0.0,0.0004423301382517736
68498311.84669265,0.0,0.000523445483776556,0.0,-8.204920556448178e-05,0.0,-8.888344222375579e-05,0.0,-5.097772325578348e-05,0.0,-8.204920556448176e-05,0.0,0.0005234454837765559,0.0,-8.888344222375577e-05,0.0,-5.0977723255783494e-05,0.0,-8.888344222375574e-05,0.0,-8.88834422237558e-05,0.0,0.0005399337619714327,0.0,-0.0001196853515242331,0.0,-5.097772325578349e-05,0.0,-5.097772325578349e-05,0.0,-0.00011968535152423307,0.0,0.0004605179164814566
71314832.80522202,0.0,0.0005449685715134336,0.0,-8.542291362929166e-05,0.0,-9.253816116704499e-05,0.0,-5.307383076700747e-05,0.0,-8.542291362929185e-05,0.0,0.000544968571513431,0.0,-9.253816116704531e-05,0.0,-5.307383076700764e-05,0.0,-9.253816116704495e-05,0.0,-9.253816116704518e-05,0.0,0.0005621348165056495,0.0,-0.0001246065866891439,0.0,-5.307383076700783e-05,0.0,-5.3073830767007574e-05,0.0,-0.00012460658668914364,0.0,0.0004794535417338177
74247163.77564758,0.0,0.0005673766478882573,0.0,-8.893534218540004e-05,0.0,-9.634315523717746e-05,0.0,-5.525612625246835e-05,0.0,-8.893534218539997e-05,0.0,0.0005673766478882579,0.0,-9.63431552371774e-05,0.0,-5.525612625246829e-05,0.0,-9.634315523717746e-05,0.0,-9.634315523717746e-05,0.0,0.0005852487363895535,0.0,-0.00012973017373120476,0.0,-5.525612625246825e-05,0.0,-5.525612625246832e-05,0.0,-0.00012973017373120484,0.0,0.0004991677640632193
77300066.64650236,0.0,0.0005907061019590964,0.0,-9.25921951568978e-05,0.0,-0.00010030460346299181,0.0,-5.752815359856613e-05,0.0,-9.259219515689779e-05,0.0,0.0005907061019590969,0.0,-0.00010030460346299177,0.0,-5.752815359856613e-05,0.0,-0.00010030460346299177,0.0,-0.00010030460346299181,0.0,0.0006093130569188424,0.0,-0.00013506443297667896,0.0,-5.752815359856611e-05,0.0,-5.752815359856614e-05,0.0,-0.000135064432976679,0.0,0.0005196925979080723
80478499.10616454,0.0,0.0006149948190332145,0.0,-9.63994110024404e-05,0.0,-0.00010442893894329946,0.0,-5.989360240960398e-05,0.0,-9.639941100244042e-05,0.0,0.0006149948190332142,0.0,-0.00010442893894329948,0.0,-5.989360240960397e-05,0.0,-0.00010442893894329956,0.0,-0.0001044289389432995,0.0,0.0006343668567695374,0.0,-0.0001406180268678994,0.0,-5.989360240960396e-05,0.0,-5.989360240960397e-05,0.0,-0.0001406180268678994,0.0,0.0005410613740799095
83787622.69377664,0.0,0.0006402822421900182,0.0,-0.00010036317235886525,0.0,-0.00010872285929376128,0.0,-6.235631399943157e-05,0.0,-0.00010036317235886527,0.0,0.0006402822421900179,0.0,-0.00010872285929376122,0.0,-6.235631399943157e-05,0.0,-0.00010872285929376126,0.0,-0.00010872285929376121,0.0,0.0006604508214588669,0.0,-0.00014639997403043532,0.0,-6.235631399943158e-05,0.0,-6.235631399943156e-05,0.0,-0.00014639997403043532,0.0,0.0005633087938901591
87232811.1812031,0.0,0.0006666094363337004,0.0,-0.00010448991608133684,0.0,-0.0001131933375233193,0.0,-6.492028762945494e-05,0.0,-0.00010448991608133685,0.0,0.0006666094363337004,0.0,-0.00011319333752331928,0.0,-6.492028762945494e-05,0.0,-0.00011319333752331931,0.0,-0.00011319333752331926,0.0,0.0006876073094155354,0.0,-0.00015241966391867282,0.0,-6.492028762945494e-05,0.0,-6.492028762945493e-05,0.0,-0.00015241966391867285,0.0,0.000586470985502508
90819659.29963824,0.0,0.000694019154879603,0.0,-0.00010878634369632296,0.0,-0.00011784763335784809,0.0,-6.758968700314099e-05,0.0,-0.00010878634369632297,0.0,0.000694019154879603,0.0,-0.00011784763335784809,0.0,-6.758968700314101e-05,0.0,-0.00011784763335784811,0.0,-0.00011784763335784809,0.0,0.0007158804207666783,0.0,-0.00015868687206359403,0.0,-6.758968700314104e-05,0.0,-6.758968700314101e-05,0.0,-0.00015868687206359403,0.0,0.000610585562602366
94553991.82503611,0.0,0.000722555909182604,0.0,-0.00011325943228437835,0.0,-0.00012269330502941235,0.0,-7.036884702756423e-05,0.0,-0.00011325943228437835,0.0,0.0007225559091826037,0.0,-0.00012269330502941232,0.0,-7.03688470275642e-05,0.0,-0.00012269330502941237,0.0,-0.00012269330502941235,0.0,0.0007453160689532065,0.0,-0.00016521177594751651,0.0,-7.036884702756422e-05,0.0,-7.036884702756423e-05,0.0,-0.00016521177594751654,0.0,0.0006356916854787095
98441873.03711429,0.0,0.000752266040820254,0.0,-0.00011791644581040572,0.0,-0.0001277382215502749,0.0,-7.326228085297394e-05,0.0,-0.00011791644581040571,0.0,0.0007522660408202542,0.0,-0.00012773822155027494,0.0,-7.326228085297395e-05,0.0,-0.0001277382215502749,0.0,-0.000127738221550275,0.0,0.0007759620552898286,0.0,-0.00017200497153156954,0.0,-7.326228085297392e-05,0.0,-7.326228085297392e-05,0.0,-0.00017200497153156956,0.0,0.0006618301246174852
102489616.56729746,0.0,0.0007831977968480849,0.0,-0.00012276494691979963,0.0,-0.00013299057549159309,0.0,-7.627468720181781e-05,0.0,-0.00012276494691979966,0.0,0.0007831977968480847,0.0,-0.00013299057549159309,0.0,-7.62746872018178e-05,0.0,-0.0001329905754915931,0.0,-0.00013299057549159309,0.0,0.0008078681465908634,0.0,-0.00017907749046275405,0.0,-7.627468720181781e-05,0.0,-7.627468720181781e-05,0.0,-0.00017907749046275402,0.0,0.000689043326909875
106703795.65158638,0.0,0.0008154014081492464,0.0,-0.0001278128092196215,0.0,-0.00013845889628754626,0.0,-7.941095799911869e-05,0.0,-0.0001278128092196215,0.0,0.0008154014081492464,0.0,-0.00013845889628754624,0.0,-7.941095799911869e-05,0.0,-0.0001384588962875463,0.0,-0.00013845889628754626,0.0,0.0008410861559878545,0.0,-0.0001864408179885191,0.0,-7.94109579991187e-05,0.0,-7.94109579991187e-05,0.0,-0.0001864408179885191,0.0,0.000717375484582899
111091253.80500712,0.0,0.0008489291710057487,0.0,-0.00013306823006475525,0.0,-0.00014415206408650638,0.0,-8.267618631659896e-05,0.0,-0.00013306823006475514,0.0,0.0008489291710057497,0.0,-0.00014415206408650632,0.0,-8.267618631659896e-05,0.0,-0.00014415206408650635,0.0,-0.00014415206408650635,0.0,0.0008756700270702634,0.0,-0.00019410691160795442,0.0,-8.267618631659889e-05,0.0,-8.267618631659893e-05,0.0,-0.00019410691160795442,0.0,0.0007468726069643237
115659115.9349731,0.0,0.0008838355320237547,0.0,-0.00013853974386980513,0.0,-0.00015007932417174184,0.0,-8.60756746434521e-05,0.0,-0.0001385397438698049,0.0,0.0008838355320237566,0.0,-0.0001500793241717417,0.0,-8.607567464345208e-05,0.0,-0.00015007932417174187,0.0,-0.00015007932417174184,0.0,0.000911675921485871,0.0,-0.0002020882204898843,0.0,-8.607567464345203e-05,0.0,-8.607567464345207e-05,0.0,-0.0002020882204898843,0.0,0.0007775825951984066
120414799.91160761,0.0,0.0009201771765508364,0.0,-0.00014423623596835372,0.0,-0.00015625030197507364,0.0,-8.961494349719321e-05,0.0,-0.00014423623596835313,0.0,0.0009201771765508406,0.0,-0.00015625030197507326,0.0,-8.961494349719315e-05,0.0,-0.00015625030197507315,0.0,-0.00015625030197507348,0.0,0.0009491623101431329,0.0,-0.00021039770568939648,0.0,-8.961494349719278e-05,0.0,-8.961494349719301e-05,0.0,-0.00021039770568939654,0.0,0.0008095553200338097
125366028.61381596,0.0,0.0009580131207287942,0.0,-0.00015016695704208577,0.0,-0.00016267501870786396,0.0,-9.329974038857023e-05,0.0,-0.00015016695704208517,0.0,0.0009580131207287983,0.0,-0.00016267501870786356,0.0,-9.329974038857016e-05,0.0,-0.00016267501870786366,0.0,-0.00016267501870786377,0.0,0.0009881900681636161,0.0,-0.00021904886119563678,0.0,-9.32997403885699e-05,0.0,-9.329974038857009e-05,0.0,-0.00021904886119563676,0.0,0.0008428427028100067
130520842.47066948,0.0,0.000997404807331496,0.0,-0.00015634153814321166,0.0,-0.00016936390763472257,0.0,-9.713604915509703e-05,0.0,-0.00015634153814321158,0.0,0.000997404807331496,0.0,-0.00016936390763472252,0.0,-9.713604915509701e-05,0.0,-0.00016936390763472252,0.0,-0.00016936390763472255,0.0,0.0010288225737386835,0.0,-0.0002280557358450489,0.0,-9.713604915509696e-05,0.0,-9.713604915509704e-05,0.0,-0.0002280557358450489,0.0,0.0008774987997736957
135887612.5184674,0.0,0.0010384162055433884,0.0,-0.00016277000633458264,0.0,-0.0001763278310163564,0.0,-0.00010113009967836226,0.0,-0.0001627700063345826,0.0,0.0010384162055433889,0.0,-0.00017632783101635642,0.0,-0.00010113009967836229,0.0,-0.00017632783101635642,0.0,-0.0001763278310163564,0.0,0.0010711258110509916,0.0,-0.00023743295613564547,0.0,-0.00010113009967836226,0.0,-0.00010113009967836229,0.0,-0.00023743295613564547,0.0,0.0009135798898621415
141475053.99468037,0.0,0.0010811139148407414,0.0,-0.00016946280097289963,0.0,-0.00018357809774907698,0.0,-0.00010528837800089618,0.0,-0.0001694628009728996,0.0,0.0010811139148407412,0.0,-0.00018357809774907692,0.0,-0.00010528837800089623,0.0,-0.00018357809774907692,0.0,-0.00018357809774907692,0.0,0.0011151684774279233,0.0,-0.00024719574997935853,0.0,-0.0001052883780008962,0.0,-0.00010528837800089621,0.0,-0.0002471957499793586,0.0,0.0009511445660960118
147292240.49085137,0.0,0.001125567273144253,0.0,-0.00017643079066145584,0.0,-0.0001911264817296114,0.0,-0.00010961763685902387,0.0,-0.00017643079066145584,0.0,0.0011255672731442525,0.0,-0.00019112648172961143,0.0,-0.00010961763685902388,0.0,-0.00019112648172961143,0.0,-0.0001911264817296114,0.0,0.0011610220949009598,0.0,-0.00025735997143104186,0.0,-0.0001096176368590239,0.0,-0.0001096176368590239,0.0,-0.00025735997143104197,0.0,0.0009902538307301019
153348618.68743697,0.0,0.0011718484694187067,0.0,-0.00018368529089994438,0.0,-0.0001989852409750398,0.0,-0.00011412490664880935,0.0,-0.00018368529089994443,0.0,0.001171848469418706,0.0,-0.00019898524097503975,0.0,-0.00011412490664880934,0.0,-0.0001989852409750397,0.0,-0.00019898524097503967,0.0,0.0012087611263521727,0.0,-0.0002679421264342829,0.0,-0.00011412490664880935,0.0,-0.00011412490664880933,0.0,-0.0002679421264342831,0.0,0.0010309711943164862
159654023.69451743,0.0,0.0012200326609025103,0.0,-0.00019123808245999262,0.0,-0.00020716713752890747,0.0,-0.00011881750684289865,0.0,-0.00019123808245999276,0.0,0.0012200326609025103,0.0,-0.00020716713752890755,0.0,-0.00011881750684289865,0.0,-0.0002071671375289074,0.0,-0.0002071671375289073,0.0,0.00125846309643643,0.0,-0.0002789593996258342,0.0,-0.00011881750684289881,0.0,-0.00011881750684289858,0.0,-0.00027895939962583444,0.0,0.0010733627788409542
166218695.02328777,0.0,0.00127019809515749,0.0,-0.00019910143051626365,0.0,-0.0002156854581858402,0.0,-0.00012370305787680187,0.0,-0.00019910143051626376,0.0,0.0012701980951574893,0.0,-0.0002156854581858403,0.0,-0.00012370305787680184,0.0,-0.00021568545818584044,0.0,-0.00021568545818584028,0.0,0.0013102087174757045,0.0,-0.00029042968224219154,0.0,-0.0001237030578768019,0.0,-0.00012370305787680184,0.0,-0.00029042968224219143,0.0,0.001117497425100223
173053293.21426633,0.0,0.0013224262371371348,0.0,-0.00020728810456419232,0.0,-0.00022455403606831494,0.0,-0.00012878949352391634,0.0,-0.00020728810456419232,0.0,0.0013224262371371355,0.0,-0.00022455403606831497,0.0,-0.00012878949352391637,0.0,-0.0002245540360683149,0.0,-0.00022455403606831494,0.0,0.001364082020529907,0.0,-0.00030237160117363795,0.0,-0.00012878949352391632,0.0,-0.00012878949352391634,0.0,-0.00030237160117363806,0.0,0.0011634468044942987
180168917.14922383,0.0,0.0013768019014796676,0.0,-0.0002158113991567007,0.0,-0.00023378727309062718,0.0,-0.0001340850737793881,0.0,-0.00021581139915670075,0.0,0.0013768019014796674,0.0,-0.00023378727309062713,0.0,-0.00013408507377938808,0.0,-0.0002337872730906272,0.0,-0.0002337872730906271,0.0,0.0014201704918571183,0.0,-0.0003148045492129372,0.0,-0.00013408507377938808,0.0,-0.00013408507377938805,0.0,-0.0003148045492129372,0.0,0.0012112855354155256
187577122.07494614,0.0,0.0014334133902407272,0.0,-0.00022468515549356938,0.0,-0.0002434001633465346,0.0,-0.00013959839827373235,0.0,-0.00022468515549356948,0.0,0.0014334133902407266,0.0,-0.0002434001633465346,0.0,-0.00013959839827373238,0.0,-0.00024340016334653468,0.0,-0.00024340016334653458,0.0,0.00147856521498479,0.0,-0.0003277487165477916,0.0,-0.0001395983982737324,0.0,-0.00013959839827373235,0.0,-0.0003277487165477916,0.0,0.0012610913044233355
195289938.36810002,0.0,0.0014923526362893807,0.0,-0.00023392378389852075,0.0,-0.0002534083174585558,0.0,-0.00014533842023799746,0.0,-0.00023392378389852075,0.0,0.001492352636289381,0.0,-0.00025340831745855575,0.0,-0.00014533842023799746,0.0,-0.00025340831745855575,0.0,-0.0002534083174585557,0.0,0.00153936101862266,0.0,-0.000341225123548215,0.0,-0.00014533842023799751,0.0,-0.0001453384202379975,0.0,-0.00034122512354821497,0.0,0.0013129449924014715
203319891.07167485,0.0,0.0015537153526003016,0.0,-0.00024354228722051893,0.0,-0.000263827987928466,0.0,-0.0001513144610431496,0.0,-0.0002435422872205189,0.0,0.0015537153526003018,0.0,-0.000263827987928466,0.0,-0.0001513144610431495,0.0,-0.000263827987928466,0.0,-0.000263827987928466,0.0,0.0016026566306575599,0.0,-0.0003552556549020577,0.0,-0.00015131446104314962,0.0,-0.00015131446104314967,0.0,-0.00035525565490205773,0.0,0.0013669308059025595
211680020.23472562,0.0,0.0016176011876845558,0.0,-0.00025355628519728636,0.0,-0.0002746760955301578,0.0,-0.00015753622533728936,0.0,-0.00025355628519728636,0.0,0.0016176011876845556,0.0,-0.00027467609553015763,0.0,-0.00015753622533728928,0.0,-0.0002746760955301579,0.0,-0.00027467609553015774,0.0,0.0016685548384801961,0.0,-0.00036986309515412027,0.0,-0.00015753622533728933,0.0,-0.00015753622533728947,0.0,-0.00036986309515412054,0.0,0.0014231364138933185
220383902.0884485,0.0,0.0016841138874114162,0.0,-0.0002639820398206035,0.0,-0.00028597025678772636,0.0,-0.00016401381680528334,0.0,-0.0002639820398206035,0.0,0.0016841138874114166,0.0,-0.00028597025678772636,0.0,-0.00016401381680528328,0.0,-0.00028597025678772636,0.0,-0.00028597025678772636,0.0,0.0017371626559042747,0.0,-0.00038507116570657033,0.0,-0.00016401381680528326,0.0,-0.00016401381680528326,0.0,-0.00038507116570657033,0.0,0.0014816530901224827
229445671.0929728,0.0,0.0017533614634839595,0.0,-0.0002748364817445757,0.0,-0.000297728812583398,0.0,-0.00017075775457639755,0.0,-0.00027483648174457564,0.0,0.0017533614634839597,0.0,-0.00029772881258339806,0.0,-0.0001707577545763975,0.0,-0.0002977288125833983,0.0,-0.0002977288125833982,0.0,0.0018085914969489924,0.0,-0.0004009045633407378,0.0,-0.0001707577545763976,0.0,-0.00017075775457639757,0.0,-0.00040090456334073777,0.0,0.0015425758613425923
238880042.89068297,0.0,0.0018254563688421086,0.0,-0.0002861372377797691,0.0,-0.00030997085794177135,0.0,-0.00017777899030658963,0.0,-0.0002861372377797691,0.0,0.001825456368842109,0.0,-0.00030997085794177135,0.0,-0.00017777899030658957,0.0,-0.00030997085794177135,0.0,-0.0003099708579417712,0.0,0.0018829573567671976,0.0,-0.0004173890003228701,0.0,-0.00017777899030658954,0.0,-0.0001777789903065897,0.0,-0.0004173890003228701,0.0,0.0016060036616264422
248702338.20332998,0.0,0.0019005156802778692,0.0,-0.00029790265951784274,0.0,-0.00032271627303871985,0.0,-0.0001850889259631846,0.0,-0.0002979026595178427,0.0,0.0019005156802778692,0.0,-0.00032271627303871974,0.0,-0.00018508892596318455,0.0,-0.00032271627303871985,0.0,-0.00032271627303871985,0.0,0.001960381000012909,0.0,-0.0004345512461589439,0.0,-0.00018508892596318457,0.0,-0.00018508892596318466,0.0,-0.00043455124615894385,0.0,0.0016720394930286756
258928507.71175063,0.0,0.0019786612885593783,0.0,-0.0003101518531331763,0.0,-0.00033598575548532893,0.0,-0.00019269943234082704,0.0,-0.00031015185313317635,0.0,0.001978661288559378,0.0,-0.0003359857554853289,0.0,-0.0001926994323408271,0.0,-0.000335985755485329,0.0,-0.0003359857554853288,0.0,0.0020409881569541906,0.0,-0.00045241917106636357,0.0,-0.0001926994323408271,0.0,-0.0001926994323408271,0.0,-0.0004524191710663637,0.0,0.0017407905928535023
269575157.9585931,0.0,0.002060020096372498,0.0,-0.00032290471040988445,0.0,-0.0003498008539392837,0.0,-0.00020062286833877365,0.0,-0.0003229047104098844,0.0,0.0020600200963724986,0.0,-0.00034980085393928364,0.0,-0.00020062286833877365,0.0,-0.0003498008539392837,0.0,-0.0003498008539392837,0.0,0.0021249097276497936,0.0,-0.0004710217912331324,0.0,-0.0002006228683387736,0.0,-0.00020062286833877365,0.0,-0.00047102179123313236,0.0,0.0018123686078001494
280659578.3161132,0.0,0.0021447242244013835,0.0,-0.0003361819410446013,0.0,-0.0003641840030982951,0.0,-0.00020887210103083032,0.0,-0.00033618194104460125,0.0,0.0021447242244013844,0.0,-0.00036418400309829515,0.0,-0.00020887210103083032,0.0,-0.00036418400309829504,0.0,-0.0003641840030982951,0.0,0.002212281994521179,0.0,-0.0004903893159379943,0.0,-0.00020887210103083032,0.0,-0.00020887210103083035,0.0,-0.0004903893159379943,0.0,0.0018868897752688373
292199769.06283617,0.0,0.0022329112258827034,0.0,-0.00035000510627749626,0.0,-0.00037915856013238936,0.0,-0.00021746052656052906,0.0,-0.00035000510627749626,0.0,0.0022329112258827034,0.0,-0.00037915856013238936,0.0,-0.00021746052656052906,0.0,-0.00037915856013238936,0.0,-0.00037915856013238936,0.0,0.0023032468436650767,0.0,-0.0005105531966080685,0.0,-0.00021746052656052903,0.0,-0.00021746052656052903,0.0,-0.0005105531966080685,0.0,0.00196447511212172
304214470.6146767,0.0,0.0023247243099819115,0.0,-0.00036439665390613265,0.0,-0.0003947488426142232,0.0,-0.00022640209189547287,0.0,-0.0003643966539061328,0.0,0.0023247243099819106,0.0,-0.0003947488426142232,0.0,-0.0002264020918954729,0.0,-0.0003947488426142233,0.0,-0.00039474884261422324,0.0,0.002397951995266012,0.0,-0.0005315461778936391,0.0,-0.00022640209189547298,0.0,-0.00022640209189547284,0.0,-0.0005315461778936389,0.0,0.0020452506112053127
316723193.9579882,0.0,0.00242031257435434,0.0,-0.00037937995473902986,0.0,-0.0004109801680090236,0.0,-0.00023571131747618013,0.0,-0.0003793799547390298,0.0,0.0024203125743543405,0.0,-0.00041098016800902366,0.0,-0.00023571131747618013,0.0,-0.0004109801680090235,0.0,-0.0004109801680090236,0.0,0.002496551243482962,0.0,-0.0005534023508430442,0.0,-0.00023571131747618008,0.0,-0.00023571131747618008,0.0,-0.0005534023508430442,0.0,0.0021293474459535533
329746252.33396053,0.0,0.0025198312472687633,0.0,-0.0003949793405481268,0.0,-0.0004278788947882767,0.0,-0.00024540332079620475,0.0,-0.0003949793405481268,0.0,0.0025198312472687633,0.0,-0.0004278788947882767,0.0,-0.00024540332079620475,0.0,-0.0004278788947882765,0.0,-0.00042787889478827665,0.0,0.0025992047061996772,0.0,-0.0005761572082640177,0.0,-0.0002454033207962048,0.0,-0.0002454033207962047,0.0,-0.0005761572082640179,0.0,0.0022169021834037538
343304794.22582114,0.0,0.0026234419396866135,0.0,-0.00041122014358178026,0.0,-0.0004454724652339366,0.0,-0.0002554938409518281,0.0,-0.0004112201435817801,0.0,0.0026234419396866143,0.0,-0.0004454724652339367,0.0,-0.000255493840951828,0.0,-0.0004454724652339364,0.0,-0.0004454724652339365,0.0,0.002706079085044285,0.0,-0.00059984770236138,0.0,-0.000255493840951828,0.0,-0.00025549384095182806,0.0,-0.0005998477023613805,0.0,0.0023080570059713654
357420837.7024068,0.0,0.0027313129077062293,0.0,-0.00042812873770246124,0.0,-0.00046378945000265985,0.0,-0.0002659992642011857,0.0,-0.00042812873770246086,0.0,0.00273131290770623,0.0,-0.00046378945000265985,0.0,-0.0002659992642011856,0.0,-0.0004637894500026594,0.0,-0.0004637894500026598,0.0,0.0028173479361004033,0.0,-0.0006245123047446883,0.0,-0.0002659992642011856,0.0,-0.0002659992642011856,0.0,-0.0006245123047446883,0.0,0.0024029599423436984
372117306.1738785,0.0,0.00284361932579831,0.0,-0.0004457325812159551,0.0,-0.0004828595945224387,0.0,-0.000276936650574339,0.0,-0.00044573258121595515,0.0,0.00284361932579831,0.0,-0.0004828595945224386,0.0,-0.000276936650574339,0.0,-0.0004828595945224386,0.0,-0.0004828595945224385,0.0,0.0029331919517493732,0.0,-0.00065019106890328,0.0,-0.0002769366505743391,0.0,-0.000276936650574339,0.0,-0.00065019106890328,0.0,0.00250176510786756
387418065.6176431,0.0,0.002960543571276293,0.0,-0.00046406026146162175,0.0,-0.000502713867296974,0.0,-0.00028832376157750185,0.0,-0.0004640602614616217,0.0,0.0029605435712762936,0.0,-0.0005027138672969742,0.0,-0.00028832376157750185,0.0,-0.0005027138672969738,0.0,-0.0005027138672969742,0.0,0.0030537992541013158,0.0,-0.0006769256952501791,0.0,-0.00028832376157750185,0.0,-0.0002883237615775018,0.0,-0.000676925695250179,0.0,0.0026046329548211735
403347963.3349353,0.0,0.0030822755204636177,0.0,-0.00048314154123611563,0.0,-0.0005233845101962363,0.0,-0.00030017908903641157,0.0,-0.00048314154123611563,0.0,0.0030822755204636164,0.0,-0.0005233845101962362,0.0,-0.00030017908903641157,0.0,-0.0005233845101962362,0.0,-0.0005233845101962363,0.0,0.003179365700491526,0.0,-0.0007047595988404797,0.0,-0.00030017908903641157,0.0,-0.00030017908903641157,0.0,-0.0007047595988404797,0.0,0.0027117305329768062
419932868.3009959,0.0,0.003209012857038827,0.0,-0.0005030074071259687,0.0,-0.0005449050908148737,0.0,-0.0003125218851256871,0.0,-0.000503007407125968,0.0,0.003209012857038823,0.0,-0.0005449050908148741,0.0,-0.00031252188512568646,0.0,-0.0005449050908148732,0.0,-0.0005449050908148738,0.0,0.0033100952015382894,0.0,-0.0007337379798741839,0.0,-0.00031252188512568706,0.0,-0.0003125218851256865,0.0,-0.0007337379798741839,0.0,0.0028232317608772417
437199713.1743738,0.0,0.003340961393059226,0.0,-0.0005236901198275107,0.0,-0.000567310556983505,0.0,-0.0003253721936329335,0.0,-0.0005236901198275107,0.0,0.003340961393059226,0.0,-0.0005673105569835052,0.0,-0.0003253721936329335,0.0,-0.0005673105569835051,0.0,-0.0005673105569835053,0.0,0.003446200052278641,0.0,-0.0007639078970979822,0.0,-0.0003253721936329335,0.0,-0.00032537219363293357,0.0,-0.0007639078970979822,0.0,0.002939317708266622
455176538.0335708,0.0,0.003478335403184457,0.0,-0.0005452232665358577,0.0,-0.0005906372935214097,0.0,-0.0003387508825083745,0.0,-0.0005452232665358579,0.0,0.003478335403184458,0.0,-0.0005906372935214096,0.0,-0.0003387508825083745,0.0,-0.0005906372935214097,0.0,-0.0005906372935214096,0.0,0.0035879012769197928,0.0,-0.000795318344225176,0.0,-0.0003387508825083746,0.0,-0.0003387508825083745,0.0,-0.0007953183442251762,0.0,0.0030601768901343165
473892535.9120542,0.0,0.0036213579726426665,0.0,-0.0005676418154880278,0.0,-0.000614923181322781,0.0,-0.0003526796777528551,0.0,-0.0005676418154880277,0.0,0.0036213579726426678,0.0,-0.0006149231813227808,0.0,-0.000352679677752855,0.0,-0.0006149231813227807,0.0,-0.0006149231813227808,0.0,0.0037354289877660958,0.0,-0.0008280203294978428,0.0,-0.000352679677752855,0.0,-0.00035267967775285503,0.0,-0.0008280203294978428,0.0,0.003186005572849314
493378100.2055832,0.0,0.0037702613595044275,0.0,-0.0005909821727487721,0.0,-0.0006402076588724972,0.0,-0.0003671811986992616,0.0,-0.0005909821727487724,0.0,0.0037702613595044267,0.0,-0.000640207658872497,0.0,-0.00036718119869926153,0.0,-0.0006402076588724973,0.0,-0.0006402076588724972,0.0,0.0038890227589044044,0.0,-0.0008620669585204479,0.0,-0.0003671811986992617,0.0,-0.00036718119869926164,0.0,-0.0008620669585204479,0.0,0.0033170080928822923
513664874.0288369,0.0,0.00392528737185266,0.0,-0.0006152822413313335,0.0,-0.0006665317862913048,0.0,-0.00038227899474464587,0.0,-0.000615282241331333,0.0,0.003925287371852661,0.0,-0.0006665317862913048,0.0,-0.00038227899474464587,0.0,-0.0006665317862913045,0.0,-0.0006665317862913051,0.0,0.004048932015254666,0.0,-0.0008975135204994198,0.0,-0.0003822789947446457,0.0,-0.0003822789947446459,0.0,-0.0008975135204994198,0.0,0.003453397188632926
534785801.6014837,0.0,0.004086687760461034,0.0,-0.0006405814827491246,0.0,-0.0006939383120144075,0.0,-0.00039799758359269823,0.0,-0.0006405814827491244,0.0,0.004086687760461034,0.0,-0.0006939383120144074,0.0,-0.00039799758359269823,0.0,-0.0006939383120144076,0.0,-0.0006939383120144074,0.0,0.004215416437617493,0.0,-0.0009344175780287171,0.0,-0.0003979975835926981,0.0,-0.00039799758359269834,0.0,-0.0009344175780287171,0.0,0.0035953943459012725
556775181.7471672,0.0,0.004254724627618653,0.0,-0.0006669209810983212,0.0,-0.0007224717422117741,0.0,-0.00041436249106869183,0.0,-0.0006669209810983211,0.0,0.004254724627618653,0.0,-0.0007224717422117741,0.0,-0.00041436249106869167,0.0,-0.000722471742211774,0.0,-0.0007224717422117741,0.0,0.004388746384376641,0.0,-0.0009728390605672421,0.0,-0.0004143624910686917,0.0,-0.0004143624910686918,0.0,-0.000972839060567242,0.0,0.0037432301575643866
579668723.5922517,0.0,0.0044296708527647504,0.0,-0.0006943435097753851,0.0,-0.0007521784130628596,0.0,-0.0004314002925715293,0.0,-0.0006943435097753853,0.0,0.0044296708527647504,0.0,-0.0007521784130628594,0.0,-0.00043140029257152936,0.0,-0.0007521784130628596,0.0,-0.0007521784130628594,0.0,0.004569203330540982,0.0,-0.0010128403617598344,0.0,-0.00043140029257152915,0.0,-0.0004314002925715293,0.0,-0.001012840361759834,0.0,0.0038971446980420486
603503604.5548016,0.0,0.004611810535624699,0.0,-0.0007228936009378965,0.0,-0.0007831065660031308,0.0,-0.0004491386562302254,0.0,-0.0007228936009378966,0.0,0.0046118105356247,0.0,-0.0007831065660031306,0.0,-0.0004491386562302255,0.0,-0.0007831065660031306,0.0,-0.0007831065660031304,0.0,0.004757080324839087,0.0,-0.0010544864407599369,0.0,-0.0004491386562302254,0.0,-0.0004491386562302254,0.0,-0.0010544864407599369,0.0,0.004057387913159868
628318530.717959,0.0,0.004801439457566967,0.0,-0.0007526176178214843,0.0,-0.0008153064260645913,0.0,-0.0004676063878349018,0.0,-0.0007526176178214843,0.0,0.004801439457566966,0.0,-0.0008153064260645909,0.0,-0.00046760638783490186,0.0,-0.0008153064260645913,0.0,-0.000815306426064591,0.0,0.00495268246560869,0.0,-0.0010978449277184558,0.0,-0.00046760638783490175,0.0,-0.00046760638783490186,0.0,-0.001097844927718456,0.0,0.00422422002604281
