omega,re_0,im_0,re_1,im_1,re_2,im_2,re_3,im_3,re_4,im_4,re_5,im_5,re_6,im_6,re_7,im_7,re_8,im_8,re_9,im_9,re_10,im_10,re_11,im_11,re_12,im_12,re_13,im_13,re_14,im_14,re_15,im_15
62.83185307179587,8.751358699131547e-05,0.00015742886581123397,9.736761065867608e-06,7.461858233681928e-05,9.71942859535132e-06,7.59409790527207e-05,9.705956190541742e-06,7.020831742153716e-05,9.736761065867608e-06,7.461858233681928e-05,8.751358699131547e-05,0.00015742886581123397,9.71942859535132e-06,7.59409790527207e-05,9.705956190541742e-06,7.020831742153716e-05,9.71942859535132e-06,7.59409790527207e-05,9.71942859535132e-06,7.59409790527207e-05,8.74789054596013e-05,0.00015746438618641643,9.688688825849381e-06,8.144114370571414e-05,9.705956190541742e-06,7.020831742153716e-05,9.705956190541742e-06,7.020831742153716e-05,9.688688825849381e-06,8.144114370571414e-05,0.0026880297424550013,0.00016843920084339808
65.41537996857582,8.791469296026075e-05,0.00016364121984827824,1.013433317689704e-05,7.742600791594852e-05,1.0115930014540538e-05,7.880315517410196e-05,1.0101625548783768e-05,7.283506984392351e-05,1.013433317689704e-05,7.742600791594852e-05,8.791469296026075e-05,0.00016364121984827824,1.0115930014540538e-05,7.880315517410196e-05,1.0101625548783768e-05,7.283506984392351e-05,1.0115930014540538e-05,7.880315517410196e-05,1.0115930014540538e-05,7.880315517410196e-05,8.787786865583719e-05,0.00016367895294773754,1.0083292915241173e-05,8.45301446652725e-05,1.0101625548783768e-05,7.283506984392351e-05,1.0101625548783768e-05,7.283506984392351e-05,1.0083292915241173e-05,8.45301446652725e-05,0.00268842362265474,0.00017510568959640472
68.10513660234535,8.833227040171292e-05,0.00017009834333825917,1.0548080459282962e-05,8.033820819413325e-05,1.0528540663754173e-05,8.177238065207884e-05,1.0513352907400108e-05,7.55592096588072e-05,1.0548080459282962e-05,8.033820819413325e-05,8.833227040171292e-05,0.00017009834333825917,1.0528540663754173e-05,8.177238065207884e-05,1.0513352907400108e-05,7.55592096588072e-05,1.0528540663754173e-05,8.177238065207884e-05,1.0528540663754173e-05,8.177238065207884e-05,8.829317132569647e-05,0.00017013842698381152,1.0493889514456878e-05,8.773556320927163e-05,1.0513352907400108e-05,7.55592096588072e-05,1.0513352907400108e-05,7.55592096588072e-05,1.0493889514456878e-05,8.773556320927163e-05,0.002688833453208631,0.00018203571365433825
70.90549093886288,8.876699851716078e-05,0.00017680986491693763,1.0978657302737642e-05,8.335905670170519e-05,1.0957910888947213e-05,8.485262400421891e-05,1.0941785472004073e-05,7.838430923559815e-05,1.0978657302737642e-05,8.335905670170519e-05,8.876699851716078e-05,0.00017680986491693763,1.0957910888947213e-05,8.485262400421891e-05,1.0941785472004073e-05,7.838430923559815e-05,1.0957910888947213e-05,8.485262400421891e-05,1.0957910888947213e-05,8.485262400421891e-05,8.87254845734396e-05,0.00017685244551273168,1.0921121822715223e-05,9.106175564897013e-05,1.0941785472004073e-05,7.838430923559815e-05,1.0941785472004073e-05,7.838430923559815e-05,1.0921121822715223e-05,9.106175564897013e-05,0.0026892598749364443,0.00018923967966190923
73.82099054637276,8.921958494548377e-05,0.000183785791450518,1.1426744453642146e-05,8.649256871624864e-05,1.1404717145283881e-05,8.804799949155749e-05,1.138759636534692e-05,8.131407046869647e-05,1.1426744453642146e-05,8.649256871624864e-05,8.921958494548377e-05,0.000183785791450518,1.1404717145283881e-05,8.804799949155749e-05,1.138759636534692e-05,8.131407046869647e-05,1.1404717145283881e-05,8.804799949155749e-05,1.1404717145283881e-05,8.804799949155749e-05,8.91755074449848e-05,0.00018383102451697536,1.1365658712011124e-05,9.451324014521099e-05,1.138759636534692e-05,8.131407046869647e-05,1.138759636534692e-05,8.131407046869647e-05,1.1365658712011124e-05,9.451324014521099e-05,0.0026897035542026966,0.00019672840496179103
76.85636998052001,8.969076690475941e-05,0.00019103652237467477,1.189304998532821e-05,8.974290589759368e-05,1.186966295255759e-05,9.13627719241952e-05,1.1851485571210724e-05,8.435232892110476e-05,1.189304998532821e-05,8.974290589759368e-05,8.969076690475941e-05,0.00019103652237467477,1.186966295255759e-05,9.13627719241952e-05,1.1851485571210724e-05,8.435232892110476e-05,1.186966295255759e-05,9.13627719241952e-05,1.186966295255759e-05,9.13627719241952e-05,8.964396803992434e-05,0.00019108457311696158,1.1828195656398072e-05,9.809470218743417e-05,1.1851485571210724e-05,8.435232892110476e-05,1.1851485571210724e-05,8.435232892110476e-05,1.1828195656398072e-05,9.809470218743417e-05,0.002690165183839645,0.00020451313331066432
80.01655847291823,9.018131232297054e-05,0.00019857286611889174,1.2378310257354617e-05,9.311438261178929e-05,1.2353479840676113e-05,9.48013631612288e-05,1.2334180869199396e-05,8.75030596338633e-05,1.2378310257354617e-05,9.311438261178929e-05,9.018131232297054e-05,0.00019857286611889174,1.2353479840676113e-05,9.48013631612288e-05,1.2334180869199396e-05,8.75030596338633e-05,1.2353479840676113e-05,9.48013631612288e-05,1.2353479840676113e-05,9.48013631612288e-05,9.013162461458162e-05,0.0001986239100280199,1.2309455653241453e-05,0.00010181100179175882,1.2334180869199396e-05,8.75030596338633e-05,1.2334180869199396e-05,8.75030596338633e-05,1.2309455653241453e-05,0.00010181100179175882,0.0026906454840632966,0.00021260555273396365
83.3066879358569,9.06920212945715e-05,0.00020640605398440556,1.2883291157069056e-05,9.661146929645298e-05,1.2856928572410663e-05,9.836835566355298e-05,1.2836439042895693e-05,9.077037996327448e-05,1.2883291157069056e-05,9.661146929645298e-05,9.06920212945715e-05,0.00020640605398440556,1.2856928572410663e-05,9.836835566355298e-05,1.2836439042895693e-05,9.077037996327448e-05,1.2856928572410663e-05,9.836835566355298e-05,1.2856928572410663e-05,9.836835566355298e-05,9.063926700086826e-05,0.00020646027748082006,1.2810190412876363e-05,0.00010566717778820946,1.2836439042895693e-05,9.077037996327448e-05,1.2836439042895693e-05,9.077037996327448e-05,1.2810190412876363e-05,0.00010566717778820946,0.002691145203655071,0.00022101781091125517
86.73210129614749,9.12237274395666e-05,0.00021454776134948556,1.3408789242821655e-05,0.00010023880272429492,1.3380800270224992e-05,0.00010206850294515243,1.3359046993988266e-05,9.415855928144695e-05,1.3408789242821655e-05,0.00010023880272429492,9.12237274395666e-05,0.00021454776134948556,1.3380800270224992e-05,0.00010206850294515243,1.3359046993988266e-05,9.415855928144695e-05,1.3380800270224992e-05,0.00010206850294515243,1.3380800270224992e-05,0.00010206850294515243,9.116771793250671e-05,0.00021460536245610567,1.333118145667427e-05,0.00010966845902349111,1.3359046993988266e-05,9.415855928144695e-05,1.3359046993988266e-05,9.415855928144695e-05,1.333118145667427e-05,0.00010966845902349111,0.00269166512105393,0.0002297625379277475
90.29836117164085,9.17772993342324e-05,0.0002230101162335378,1.395563293837528e-05,0.000104001183179173,1.3925917590204836e-05,0.00010590672696017747,1.3902822900313936e-05,9.76720155938326e-05,1.395563293837528e-05,0.000104001183179173,9.17772993342324e-05,0.0002230101162335378,1.3925917590204836e-05,0.00010590672696017747,1.3902822900313936e-05,9.76720155938326e-05,1.3925917590204836e-05,0.00010590672696017747,1.3925917590204836e-05,0.00010590672696017747,9.171783443470233e-05,0.00022307130531052407,1.3873241254936397e-05,0.00011382026255805546,1.3902822900313936e-05,9.76720155938326e-05,1.3902822900313936e-05,9.76720155938326e-05,1.3873241254936397e-05,0.00011382026255805546,0.0026922060454857284,0.00023885285650702818
94.01125890450754,9.23536420413957e-05,0.00023180572891202977,1.4524683806718706e-05,0.00010790359221883574,1.4493135978122127e-05,0.00010988813606280409,1.4468617458167437e-05,0.00010131533268034433,1.4524683806718706e-05,0.00010790359221883574,9.23536420413957e-05,0.00023180572891202977,1.4493135978122127e-05,0.00010988813606280409,1.4468617458167437e-05,0.00010131533268034433,1.4493135978122127e-05,0.00010988813606280409,1.4493135978122127e-05,0.00010988813606280409,9.229050931881715e-05,0.00023187072941065618,1.4437214451848666e-05,0.00011812821242911338,1.4468617458167437e-05,0.00010131533268034433,1.4468617458167437e-05,0.00010131533268034433,1.4437214451848666e-05,0.00011812821242911338,0.0026927688181824397,0.00024830241328706434
97.8768239659487,9.295369862931732e-05,0.00024094770589592609,1.5116837804795052e-05,0.00011195119431956588,1.5083344901510624e-05,0.00011401802687592133,1.50573150968107e-05,0.00010509326112627434,1.5116837804795052e-05,0.00011195119431956588,9.295369862931732e-05,0.00024094770589592609,1.5083344901510624e-05,0.00011401802687592133,1.50573150968107e-05,0.00010509326112627434,1.5083344901510624e-05,0.00011401802687592133,1.5083344901510624e-05,0.00011401802687592133,9.288667265583804e-05,0.0002410167551699862,1.5023979057749317e-05,0.00012259814238895582,1.50573150968107e-05,0.00010509326112627434,1.50573150968107e-05,0.00010509326112627434,1.5023979057749317e-05,0.00012259814238895582,0.002693354313565308,0.0002581253946006533
101.90133374761122,9.357845204031174e-05,0.00025044965185880665,1.5733026801318794e-05,0.00011614932596634009,1.5697469343195685e-05,0.00011830187362981192,1.5669835453162948e-05,0.00010901070680063007,1.5733026801318794e-05,0.00011614932596634009,9.357845204031174e-05,0.00025044965185880665,1.5697469343195685e-05,0.00011830187362981192,1.5669835453162948e-05,0.00010901070680063007,1.5697469343195685e-05,0.00011830187362981192,1.5697469343195685e-05,0.00011830187362981192,9.350729359631536e-05,0.00025052300206645,1.5634447899926705e-05,0.00012723608617615996,1.5669835453162948e-05,0.00010901070680063007,1.5669835453162948e-05,0.00010901070680063007,1.5634447899926705e-05,0.00012723608617615996,0.002693963440687162,0.00026833653033688984
106.09132375560732,9.422892642870744e-05,0.0002603257279190185,1.63742196836356e-05,0.00012050354057574322,1.633647089068477e-05,0.00012274537328088605,1.6307134447671246e-05,0.00011307277503021018,1.63742196836356e-05,0.00012050354057574322,9.422892642870744e-05,0.0002603257279190185,1.633647089068477e-05,0.00012274537328088605,1.6307134447671246e-05,0.00011307277503021018,1.633647089068477e-05,0.00012274537328088605,1.633647089068477e-05,0.00012274537328088605,9.415338167324191e-05,0.0002604036468928931,1.626956968154952e-05,0.00013204832349333355,1.6307134447671246e-05,0.00011307277503021018,1.6307134447671246e-05,0.00011307277503021018,1.626956968154952e-05,0.00013204832349333355,0.002694597144286089,0.0002789511540190365
110.453598223693,9.490618953284725e-05,0.0002705906363210944,1.7041424257088023e-05,0.00012501957927757058,1.7001349600788577e-05,0.00012735441658192573,1.697020612197848e-05,0.0001172847407522799,1.7041424257088023e-05,0.00012501957927757058,9.490618953284725e-05,0.0002705906363210944,1.7001349600788577e-05,0.00012735441658192573,1.697020612197848e-05,0.0001172847407522799,1.7001349600788577e-05,0.00012735441658192573,1.7001349600788577e-05,0.00012735441658192573,9.482598910441627e-05,0.0002706734085750376,1.6930330785139892e-05,0.00013704135212238642,1.697020612197848e-05,0.0001172847407522799,1.697020612197848e-05,0.0001172847407522799,1.6930330785139892e-05,0.00013704135212238642,0.0026952564065759886,0.00028998518966560585
114.9952411628399,9.561135381359862e-05,0.0002812596465552511,1.7735688169231752e-05,0.00012970338256557712,1.7693144909093434e-05,0.00013213509998987846,1.7660083536967637e-05,0.00012165205943326054,1.7735688169231752e-05,0.00012970338256557712,9.561135381359862e-05,0.0002812596465552511,1.7693144909093434e-05,0.00013213509998987846,1.7660083536967637e-05,0.00012165205943326054,1.7693144909093434e-05,0.00013213509998987846,1.7693144909093434e-05,0.00013213509998987846,9.552621190137961e-05,0.0002813475743462093,1.7617756156187074e-05,0.00014222190084304905,1.7660083536967637e-05,0.00012165205943326054,1.7660083536967637e-05,0.00012165205943326054,1.7617756156187074e-05,0.00014222190084304905,0.00269594224812632,0.00030145518002720533
119.72362786514542,9.634557922844357e-05,0.00029234869035151673,1.8458101082034465e-05,0.00013456117024237285,1.841293776370967e-05,0.0001370938057968352,1.8377840876752692e-05,0.00012618044610652026,1.8458101082034465e-05,0.00013456117024237285,9.634557922844357e-05,0.00029234869035151673,1.841293776370967e-05,0.0001370938057968352,1.8377840876752692e-05,0.00012618044610652026,1.841293776370967e-05,0.0001370938057968352,1.841293776370967e-05,0.0001370938057968352,9.625519256629228e-05,0.0002924420946359044,1.8332911369847076e-05,0.00014759701047118494,1.8377840876752692e-05,0.00012618044610652026,1.8377840876752692e-05,0.00012618044610652026,1.8332911369847076e-05,0.00014759701047118494,0.002696655729917258,0.0003133783835095984
124.64643688076109,9.711007475227876e-05,0.0003038742186934652,1.9209795919549606e-05,0.00013959928276961696,1.9161851847065358e-05,0.00014223704395467567,1.912459465031864e-05,0.00013087571627721367,1.9209795919549606e-05,0.00013959928276961696,9.711007475227876e-05,0.0003038742186934652,1.9161851847065358e-05,0.00014223704395467567,1.912459465031864e-05,0.00013087571627721367,1.9161851847065358e-05,0.00014223704395467567,1.9161851847065358e-05,0.00014223704395467567,9.701412156102259e-05,0.00030397344053505643,1.9076903806514616e-05,0.00015317387712711946,1.912459465031864e-05,0.00013087571627721367,1.912459465031864e-05,0.00013087571627721367,1.9076903806514616e-05,0.00015317387712711946,0.0026973979545044575,0.0003257726341982626
129.77166248729,9.790610131015088e-05,0.000315853403593703,1.9991951160856046e-05,0.00014482436675240424,1.9941055832675432e-05,0.00014757163765168494,1.9901505920358285e-05,0.00013574397022882026,1.9991951160856046e-05,0.00014482436675240424,9.790610131015088e-05,0.000315853403593703,1.9941055832675432e-05,0.00014757163765168494,1.9901505920358285e-05,0.00013574397022882026,1.9941055832675432e-05,0.00014757163765168494,1.9941055832675432e-05,0.00014757163765168494,9.780424016711723e-05,0.00031595880523816377,1.9850884846058442e-05,0.00015896003860112166,1.9901505920358285e-05,0.00013574397022882026,1.9901505920358285e-05,0.00013574397022882026,1.9850884846058442e-05,0.00015896003860112166,0.002698170068205682,0.00033865654535661165
135.10762767190218,9.873497203595472e-05,0.00032830406940155185,2.0805790850959825e-05,0.0001502432892810758,2.0751763381844152e-05,0.0001531046380697718,2.0709780288932833e-05,0.00014079150670646875,2.0805790850959825e-05,0.0001502432892810758,9.873497203595472e-05,0.00032830406940155185,2.0751763381844152e-05,0.0001531046380697718,2.0709780288932833e-05,0.00014079150670646875,2.0751763381844152e-05,0.0001531046380697718,2.0751763381844152e-05,0.0001531046380697718,9.862684071609273e-05,0.0003284160356426775,2.0656049839301255e-05,0.0001649632904997107,2.0709780288932833e-05,0.00014079150670646875,2.0709780288932833e-05,0.00014079150670646875,2.0656049839301255e-05,0.0001649632904997107,0.0026989732610686098,0.0003520494436579151
140.6629976472495,9.95980579168595e-05,0.0003412447401613248,2.1652589307574234e-05,0.00015586316767409003,2.1595237780865197e-05,0.00015884335442493868,2.1550672480744798e-05,0.0001460248517344401,2.1652589307574234e-05,0.00015586316767409003,9.95980579168595e-05,0.0003412447401613248,2.1595237780865197e-05,0.00015884335442493868,2.1550672480744798e-05,0.0001460248517344401,2.1595237780865197e-05,0.00015884335442493868,2.1595237780865197e-05,0.00015884335442493868,9.948327209429662e-05,0.0003413636797411978,2.14936426232098e-05,0.00017119171749251257,2.1550672480744798e-05,0.0001460248517344401,2.1550672480744798e-05,0.0001460248517344401,2.14936426232098e-05,0.00017119171749251257,0.002699808771363474,0.0003659714191564492
146.44679392313063,0.00010049678682989817,0.0003546946661426412,2.2533669992225127e-05,0.00016169137764103286,2.24727908122443e-05,0.0001647953624663286,2.242548521448191e-05,0.00015145076586234283,2.2533669992225127e-05,0.00016169137764103286,0.00010049678682989817,0.0003546946661426412,2.24727908122443e-05,0.0001647953624663286,2.242548521448191e-05,0.00015145076586234283,2.24727908122443e-05,0.0001647953624663286,2.24727908122443e-05,0.0001647953624663286,0.00010037493877966278,0.0003548210132395052,2.236495439259425e-05,0.00017765370311388585,2.242548521448191e-05,0.00015145076586234283,2.242548521448191e-05,0.00015145076586234283,2.236495439259425e-05,0.00017765370311388585,0.0027006778844601057,0.00038044335460372844
152.46840895675493,0.00010143264945992214,0.00036867385218146865,2.3450410390279225e-05,0.00016773556256174924,2.3385787558686835e-05,0.00017096851410614814,2.3335573947862553e-05,0.0001570762524913744,2.3450410390279225e-05,0.00016773556256174924,0.00010143264945992214,0.00036867385218146865,2.3385787558686835e-05,0.00017096851410614814,2.3335573947862553e-05,0.0001570762524913744,2.3385787558686835e-05,0.00017096851410614814,2.3385787558686835e-05,0.00017096851410614814,0.00010130330660715659,0.0003688080679908069,2.327132837068976e-05,0.0001843579407506284,2.3335573947862553e-05,0.0001570762524913744,2.3335573947862553e-05,0.0001570762524913744,2.327132837068976e-05,0.0001843579407506284,0.002701581937473984,0.0003954869567538808
158.73762140539807,0.00010240719951483255,0.00038320308364294954,2.4404241590728134e-05,0.0001740036395590499,2.4335645963296525e-05,0.00017737094386535262,2.428234642268317e-05,0.00016290856296877652,2.4404241590728134e-05,0.0001740036395590499,0.00010240719951483255,0.00038320308364294954,2.4335645963296525e-05,0.00017737094386535262,2.428234642268317e-05,0.00016290856296877652,2.4335645963296525e-05,0.00017737094386535262,2.4335645963296525e-05,0.00017737094386535262,0.00010226990294465574,0.00038334565807111886,2.421415933526426e-05,0.00019131344151507141,2.428234642268317e-05,0.00016290856296877652,2.428234642268317e-05,0.00016290856296877652,2.421415933526426e-05,0.00019131344151507141,0.0027025223187901776,0.00041112478539587953
165.26461200621813,0.00010342205751027421,0.0003983039645036872,2.53966515834695e-05,0.0001805038169742578,2.5323840081907045e-05,0.00018401108671626452,2.5267265882335406e-05,0.0001689552130071444,2.53966515834695e-05,0.0001805038169742578,0.00010342205751027421,0.0003983039645036872,2.5323840081907045e-05,0.00018401108671626452,2.5267265882335406e-05,0.0001689552130071444,2.5323840081907045e-05,0.00018401108671626452,2.5323840081907045e-05,0.00018401108671626452,0.00010327632038742834,0.0003984554179362573,2.519489679233834e-05,0.00019852955353603745,2.5267265882335406e-05,0.0001689552130071444,2.5267265882335406e-05,0.0001689552130071444,2.519489679233834e-05,0.00019852955353603745,0.0027035004712296366,0.000427380294657109
172.05998010901936,0.00010447891329644831,0.00041399894654924963,2.6429187056000705e-05,0.0001872446020913824,2.6351901836229198e-05,0.00019089768620966937,2.6291852791222116e-05,0.00017522398934583034,2.6429187056000705e-05,0.0001872446020913824,0.00010447891329644831,0.00041399894654924963,2.6351901836229198e-05,0.00019089768620966937,2.6291852791222116e-05,0.00017522398934583034,2.6351901836229198e-05,0.00019089768620966937,2.6351901836229198e-05,0.00019089768620966937,0.00010432421919755254,0.0004141598317386325,2.621504665314554e-05,0.00020601597163071066,2.6291852791222116e-05,0.00017522398934583034,2.6291852791222116e-05,0.00017522398934583034,2.621504665314554e-05,0.00020601597163071066,0.0027045178937163484,0.0004442778656090674
179.13476088881166,0.0001055795303638715,0.000430311346214208,2.7503456369824727e-05,0.00019423479564803422,2.742142391140507e-05,0.00019803978943074555,2.7357687671212602e-05,0.00018172294320076336,2.7503456369824727e-05,0.00019423479564803422,0.0001055795303638715,0.000430311346214208,2.742142391140507e-05,0.00019803978943074555,2.7357687671212602e-05,0.00018172294320076336,2.742142391140507e-05,0.00019803978943074555,2.742142391140507e-05,0.00019803978943074555,0.00010541533145147321,0.00043048225034253386,2.7276173993549485e-05,0.00021378273391420784,2.7357687671212602e-05,0.00018172294320076336,2.7357687671212602e-05,0.00018172294320076336,2.7276173993549485e-05,0.00021378273391420784,0.00270557614401436,0.00046184282677354835
186.50044326611896,0.00010672574878940795,0.00044726541330850116,2.8621131439103714e-05,0.00020148353730043182,2.853406161145496e-05,0.00020544679284058737,2.846641293917867e-05,0.00018846043447042946,2.8621131439103714e-05,0.00020148353730043182,0.00010672574878940795,0.00044726541330850116,2.853406161145496e-05,0.00020544679284058737,2.846641293917867e-05,0.00018846043447042946,2.853406161145496e-05,0.00020544679284058737,2.853406161145496e-05,0.00020544679284058737,0.00010655146393931413,0.0004474469600593525,2.8379904869470633e-05,0.00022184026920845916,2.846641293917867e-05,0.00018846043447042946,2.846641293917867e-05,0.00018846043447042946,2.8379904869470633e-05,0.00022184026920845916,0.0027066768405496593,0.00048010152634323124
194.16898856413573,0.0001079194876889454,0.000464886331977061,2.9783949843307546e-05,0.0002090002824979494,2.9691534908521933e-05,0.00021312841966134548,2.9619734907090392e-05,0.00019544510751045384,2.9783949843307546e-05,0.0002090002824979494,0.0001079194876889454,0.000464886331977061,2.9691534908521933e-05,0.00021312841966134548,2.9619734907090392e-05,0.00019544510751045384,2.9691534908521933e-05,0.00021312841966134548,2.9691534908521933e-05,0.00021312841966134548,0.00010773450049038555,0.0004650791838536253,2.9527928254883343e-05,0.00023019937626994283,2.9619734907090392e-05,0.00019544510751045384,2.9619734907090392e-05,0.00019544510751045384,2.9527928254883343e-05,0.00023019937626994283,0.002707821664329513,0.0004990813373334918
202.1528499330308,0.00010916274934032611,0.0004832002792281039,3.0993717951877975e-05,0.00021679483596705643,3.0895631507597905e-05,0.0002210947537968267,3.081942680036949e-05,0.00020268592330358647,3.0993717951877975e-05,0.00021679483596705643,0.00010916274934032611,0.0004832002792281039,3.0895631507597905e-05,0.0002210947537968267,3.081942680036949e-05,0.00020268592330358647,3.0895631507597905e-05,0.0002210947537968267,3.0895631507597905e-05,0.0002210947537968267,0.00010896640597569879,0.0004834051399380193,3.072199900217306e-05,0.00023887125945988675,3.081942680036949e-05,0.00020268592330358647,3.081942680036949e-05,0.00020268592330358647,3.072199900217306e-05,0.00023887125945988675,0.0027090123618994056,0.0005188107201687521
210.46499257294212,0.00011045762398009832,0.000502234460921524,3.225231414819152e-05,0.00022487736162516228,3.2148209992246246e-05,0.00022935625024534797,3.206733184303059e-05,0.000210192168084485,3.225231414819152e-05,0.00022487736162516228,0.00011045762398009832,0.000502234460921524,3.2148209992246246e-05,0.00022935625024534797,3.206733184303059e-05,0.000210192168084485,3.2148209992246246e-05,0.00022935625024534797,3.2148209992246246e-05,0.00022935625024534797,0.00011024923094763864,0.0005024520779199523,3.196394085118758e-05,0.00024786754105755757,3.206733184303059e-05,0.000210192168084485,3.206733184303059e-05,0.000210192168084485,3.196394085118758e-05,0.00024786754105755757,0.002710250748339684,0.00053931926305311
219.11891478850168,0.00011180629157746463,0.0005220171002032403,3.35616883138491e-05,0.0002332583435380117,3.345119928446923e-05,0.00023792369666656286,3.336536269856837e-05,0.00021797341311487244,3.35616883138491e-05,0.0002332583435380117,0.00011180629157746463,0.0005220171002032403,3.345119928446923e-05,0.00023792369666656286,3.336536269856837e-05,0.00021797341311487244,3.345119928446923e-05,0.00023792369666656286,3.345119928446923e-05,0.00023792369666656286,0.00011158511336503541,0.0005222482675804835,3.3255645845819654e-05,0.000257200224965476,3.336536269856837e-05,0.00021797341311487244,3.336536269856837e-05,0.00021797341311487244,3.3255645845819654e-05,0.000257200224965476,0.0027115387066650224,0.0005606376749565119
228.1286699090846,0.00011321102984050284,0.0005425776570995423,3.49238707394865e-05,0.00024194877807640013,3.480660743475938e-05,0.00024680840576158427,3.471551016680472e-05,0.0002260397048785935,3.49238707394865e-05,0.00024194877807640013,0.00011321102984050284,0.0005425776570995423,3.480660743475938e-05,0.00024680840576158427,3.471551016680472e-05,0.0002260397048785935,3.480660743475938e-05,0.00024680840576158427,3.480660743475938e-05,0.00024680840576158427,0.00011297628635626864,0.0005428232180052041,3.4599082915791e-05,0.00026688189058507585,3.471551016680472e-05,0.0002260397048785935,3.471551016680472e-05,0.0002260397048785935,3.4599082915791e-05,0.00026688189058507585,0.0027128781964374936,0.0005827980096553829
237.5088891103756,0.0001146742139467526,0.0005639465766974625,3.6340968861120896e-05,0.00025095989215869407,3.621651830595068e-05,0.0002560219345931001,3.611983982667006e-05,0.0002344012827840203,3.6340968861120896e-05,0.00025095989215869407,0.0001146742139467526,0.0005639465766974625,3.621651830595068e-05,0.0002560219345931001,3.611983982667006e-05,0.0002344012827840203,3.621651830595068e-05,0.0002560219345931001,3.621651830595068e-05,0.0002560219345931001,0.00011442507784540497,0.0005642074269721077,3.5996294465031906e-05,0.00027692541519591695,3.611983982667006e-05,0.0002344012827840203,3.611983982667006e-05,0.0002344012827840203,3.5996294465031906e-05,0.00027692541519591695,0.0027142712502846974,0.000605833420174436
247.2748051743158,0.00011619832342538187,0.0005861555205568002,3.7815172973968194e-05,0.00026030334449534195,3.7683097214940374e-05,0.00026557628609115517,3.758049762243133e-05,0.00024306877831624358,3.7815172973968194e-05,0.00026030334449534195,0.00011619832342538187,0.0005861555205568002,3.7683097214940374e-05,0.00026557628609115517,3.758049762243133e-05,0.00024306877831624358,3.7683097214940374e-05,0.00026557628609115517,3.7683097214940374e-05,0.00026557628609115517,0.00011593391728887595,0.0005864326118994957,3.744940189041533e-05,0.00028734417711645494,3.758049762243133e-05,0.00024306877831624358,3.758049762243133e-05,0.00024306877831624358,3.744940189041533e-05,0.00028734417711645494,0.002715719979451557,0.000629778394658859
257.4422772260138,0.00011778594876088843,0.0006092375566233287,3.9348761311336e-05,0.0002699913841272089,3.920859593243776e-05,0.0002754840679646217,3.90997148023568e-05,0.0002520533715768241,3.9348761311336e-05,0.0002699913841272089,0.00011778594876088843,0.0006092375566233287,3.920859593243776e-05,0.0002754840679646217,3.90997148023568e-05,0.0002520533715768241,3.920859593243776e-05,0.0002754840679646217,3.920859593243776e-05,0.0002754840679646217,0.00011750534211983108,0.0006095318994782292,3.896061044502548e-05,0.00029815221651829135,3.90997148023568e-05,0.0002520533715768241,3.90997148023568e-05,0.0002520533715768241,3.896061044502548e-05,0.00029815221651829135,0.0027172265786884853,0.0006546689513235568
268.0278164877906,0.00011943979249774116,0.0006332266722879384,4.094410063735162e-05,0.0002800363306321805,4.07953531410817e-05,0.0002857579745074234,4.0679808271883595e-05,0.00026136627156274784,4.094410063735162e-05,0.0002800363306321805,0.00011943979249774116,0.0006332266722879384,4.07953531410817e-05,0.0002857579745074234,4.0679808271883595e-05,0.00026136627156274784,4.07953531410817e-05,0.0002857579745074234,4.07953531410817e-05,0.0002857579745074234,0.0001191419985841278,0.0006335393408606501,4.0532209454708465e-05,0.0003093637213663511,4.0679808271883595e-05,0.00026136627156274784,4.0679808271883595e-05,0.00026136627156274784,4.0532209454708465e-05,0.0003093637213663511,0.0027187933263910775,0.0006805421608737245
279.0486130921842,0.00012116267696751737,0.0006581588743615935,4.26036486403043e-05,0.00029045163938022753,4.2445796837847975e-05,0.0002964118505392879,4.2323183004852796e-05,0.00027101977619959006,4.26036486403043e-05,0.00029045163938022753,0.00012116267696751737,0.0006581588743615935,4.2445796837847975e-05,0.0002964118505392879,4.2323183004852796e-05,0.00027101977619959006,4.2445796837847975e-05,0.0002964118505392879,4.2445796837847975e-05,0.0002964118505392879,0.00012084664948161396,0.0006584910078934881,4.216657475246836e-05,0.0003209940903665382,4.2323183004852796e-05,0.00027101977619959006,4.2323183004852796e-05,0.00027101977619959006,4.216657475246836e-05,0.0003209940903665382,0.0027204225871064504,0.0007074372451154855
290.5225639974522,0.0001229575508215581,0.0006840706539909098,4.432996160202566e-05,0.00030125033202696623,4.416245176620603e-05,0.00030745912566217457,4.403233928928273e-05,0.0002810257065205976,4.432996160202566e-05,0.00030125033202696623,0.0001229575508215581,0.0006840706539909098,4.416245176620603e-05,0.00030745912566217457,4.403233928928273e-05,0.0002810257065205976,4.416245176620603e-05,0.00030745912566217457,4.416245176620603e-05,0.00030745912566217457,0.00012262218022852911,0.0006844234643999514,4.386617567214385e-05,0.0003330583753101074,4.403233928928273e-05,0.0002810257065205976,4.403233928928273e-05,0.0002810257065205976,4.386617567214385e-05,0.0003330583753101074,0.002722116818455544,0.0007353940604199558
302.46830205090794,0.00012482749060425155,0.00071100065205715,4.612569496240651e-05,0.00031244662500120034,4.594793999713727e-05,0.00031891444036560965,4.580987332405736e-05,0.00029139702779168756,4.612569496240651e-05,0.00031244662500120034,0.00012482749060425155,0.00071100065205715,4.594793999713727e-05,0.00031891444036560965,4.580987332405736e-05,0.00029139702779168756,4.594793999713727e-05,0.00031891444036560965,4.594793999713727e-05,0.00031891444036560965,0.00012447160045742648,0.0007113754256074476,4.5633575684095915e-05,0.000345572904400099,4.580987332405736e-05,0.00029139702779168756,4.580987332405736e-05,0.00029139702779168756,4.5633575684095915e-05,0.000345572904400099,0.0027238785718437927,0.0007644547589606987
314.9052262472862,0.0001267757113692322,0.0007389887235554011,4.799360743162623e-05,0.00032405495520207434,4.7804984869454624e-05,0.00033079267438269514,4.7658481024562254e-05,0.0003021468766793028,4.799360743162623e-05,0.00032405495520207434,0.0001267757113692322,0.0007389887235554011,4.7804984869454624e-05,0.00033079267438269514,4.7658481024562254e-05,0.0003021468766793028,4.7804984869454624e-05,0.00033079267438269514,4.7804984869454624e-05,0.00033079267438269514,0.00012639805429172406,0.000739386826587975,4.7471436021204446e-05,0.00035855431684991563,4.7658481024562254e-05,0.0003021468766793028,4.7658481024562254e-05,0.0003021468766793028,4.7471436021204446e-05,0.00035855431684991563,0.002725710496036446,0.0007946628667785885
327.85353323127407,0.00012880557070275243,0.0007680762455090995,4.993656599161347e-05,0.00033609024904399315,4.9736415880571706e-05,0.00034310921607686546,4.9580962828260015e-05,0.00031328882751302886,4.993656599161347e-05,0.00033609024904399315,0.00012880557070275243,0.0007680762455090995,4.9736415880571706e-05,0.00034310921607686546,4.9580962828260015e-05,0.00031328882751302886,4.9736415880571706e-05,0.00034310921607686546,4.9736415880571706e-05,0.00034310921607686546,0.00012840482414565543,0.0007684991295481754,4.938252038090272e-05,0.0003720198344559387,4.9580962828260015e-05,0.00031328882751302886,4.9580962828260015e-05,0.00031328882751302886,4.938252038090272e-05,0.0003720198344559387,0.002727615341887402,0.0008260635987207524
341.33425009536967,0.00013092057378205692,0.0007983063239390349,5.195754894544725e-05,0.00034856808832401623,5.174517164168062e-05,0.00035588012884549025,5.158022657726709e-05,0.0003248370555768238,5.195754894544725e-05,0.00034856808832401623,0.00013092057378205692,0.0007983063239390349,5.174517164168062e-05,0.00035588012884549025,5.158022657726709e-05,0.0003248370555768238,5.174517164168062e-05,0.00035588012884549025,5.174517164168062e-05,0.00035588012884549025,0.00013049533559263775,0.0007987555305088153,5.13696977189727e-05,0.00038598743059734697,5.158022657726709e-05,0.0003248370555768238,5.158022657726709e-05,0.0003248370555768238,5.13696977189727e-05,0.00038598743059734697,0.0027295959651489976,0.0008587040727299434
355.3692685263229,0.00013312438518656443,0.000829723694637676,5.405965071372798e-05,0.00036150456788757097,5.3834304507947306e-05,0.00036912200995825047,5.365929201984075e-05,0.0003368061931849106,5.405965071372798e-05,0.00036150456788757097,0.00013312438518656443,0.000829723694637676,5.3834304507947306e-05,0.00036912200995825047,5.365929201984075e-05,0.0003368061931849106,5.3834304507947306e-05,0.00036912200995825047,5.3834304507947306e-05,0.00036912200995825047,0.00013267316884285212,0.0008302008610065157,5.343594658916524e-05,0.0004004756928696301,5.365929201984075e-05,0.0003368061931849106,5.365929201984075e-05,0.0003368061931849106,5.343594658916524e-05,0.0004004756928696301,0.0027316553308136134,0.0008926332201072848
369.9813803556156,0.00013542082971468203,0.0008623747409008378,5.6246087233242646e-05,0.00037491627069808736,5.600698582406692e-05,0.00038285196665038454,5.582129593746256e-05,0.0003492113027455146,5.6246087233242646e-05,0.00037491627069808736,0.00013542082971468203,0.0008623747409008378,5.600698582406692e-05,0.00038285196665038454,5.582129593746256e-05,0.0003492113027455146,5.600698582406692e-05,0.00038285196665038454,5.600698582406692e-05,0.00038285196665038454,0.0001349420592524191,0.0008628816063964186,5.5584360122069665e-05,0.0004155038027782991,5.582129593746256e-05,0.0003492113027455146,5.582129593746256e-05,0.0003492113027455146,5.5584360122069665e-05,0.0004155038027782991,0.0027337965181138263,0.000927901814639957
385.19431457170947,0.0001378139012179454,0.0008963078332585613,5.852019975109265e-05,0.0003888205610647977,5.826650962612568e-05,0.0003970879097597894,5.806949577578778e-05,0.00036206816673335087,5.852019975109265e-05,0.0003888205610647977,0.0001378139012179454,0.0008963078332585613,5.826650962612568e-05,0.0003970879097597894,5.806949577578778e-05,0.00036206816673335087,5.826650962612568e-05,0.0003970879097597894,5.826650962612568e-05,0.0003970879097597894,0.00013730590597105867,0.0008968462448647473,5.781814957056904e-05,0.0004310918319575381,5.806949577578778e-05,0.00036206816673335087,5.806949577578778e-05,0.00036206816673335087,5.781814957056904e-05,0.0004310918319575381,0.0027360227240928433,0.0009645628197758555
401.03277585416777,0.0001403077755154919,0.0009315730851003909,6.0885452729136756e-05,0.00040323529046228866,6.0616290477286725e-05,0.00041184826113758186,6.040726742693907e-05,0.000375392992190896,6.0885452729136756e-05,0.00040323529046228866,0.0001403077755154919,0.0009315730851003909,6.0616290477286725e-05,0.00041184826113758186,6.040726742693907e-05,0.000375392992190896,6.0616290477286725e-05,0.00041184826113758186,6.0616290477286725e-05,0.00041184826113758186,0.00013976878471878582,0.0009321450046359945,6.0140642024107526e-05,0.00044726045433924835,6.040726742693907e-05,0.000375392992190896,6.040726742693907e-05,0.000375392992190896,6.0140642024107526e-05,0.00044726045433924835,0.002738337261338003,0.0010026711547495978
417.522484692226,0.00014290680766956747,0.0009682225731847845,6.334545188369021e-05,0.0004181789743186311,6.305988110766843e-05,0.0004271521312088595,6.283812256027842e-05,0.0003892025845728141,6.334545188369021e-05,0.0004181789743186311,0.00014290680766956747,0.0009682225731847845,6.305988110766843e-05,0.0004271521312088595,6.283812256027842e-05,0.0003892025845728141,6.305988110766843e-05,0.0004271521312088595,6.305988110766843e-05,0.0004271521312088595,0.00014233494425750726,0.0009688300843617263,6.25552973544972e-05,0.0004640311270965806,6.283812256027842e-05,0.0003892025845728141,6.283812256027842e-05,0.0003892025845728141,6.25552973544972e-05,0.0004640311270965806,0.002740743574962216,0.0010422839310128384
434.69021915296497,0.00014561555732128172,0.0010063103653070002,6.590394145211219e-05,0.00043367076370132265,6.560096964900575e-05,0.00044301929182303173,6.536570583256054e-05,0.00040351431700713257,6.590394145211219e-05,0.00043367076370132265,0.00014561555732128172,0.0010063103653070002,6.560096964900575e-05,0.00044301929182303173,6.536570583256054e-05,0.00040351431700713257,6.560096964900575e-05,0.00044301929182303173,6.560096964900575e-05,0.00044301929182303173,0.00014500883166211433,0.0010069556813828585,6.50657053967712e-05,0.0004814260676561352,6.536570583256054e-05,0.00040351431700713257,6.536570583256054e-05,0.00040351431700713257,6.50657053967712e-05,0.0004814260676561352,0.0027432452398130154,0.0010834604872954922
452.5638583669095,0.00014843877791322058,0.0010458926565515727,6.856481145177513e-05,0.0004497305328843009,6.824338669396426e-05,0.00045947026484800937,6.799380179301243e-05,0.00041834621500873705,6.856481145177513e-05,0.0004497305328843009,0.00014843877791322058,0.0010458926565515727,6.824338669396426e-05,0.00045947026484800937,6.799380179301243e-05,0.00041834621500873705,6.824338669396426e-05,0.00045947026484800937,6.824338669396426e-05,0.00045947026484800937,0.00014779508114131187,0.0010465781282308067,6.767559266303897e-05,0.0004994683462960131,6.799380179301243e-05,0.00041834621500873705,6.799380179301243e-05,0.00041834621500873705,6.767559266303897e-05,0.0004994683462960131,0.002745845967248692,0.0011262625424946868
471.17242780167385,0.00015138142278156227,0.001087027872085682,7.133209500731694e-05,0.00046637892595219273,7.099110261325703e-05,0.00047652636985627176,7.072633219307196e-05,0.0004337170001348173,7.133209500731694e-05,0.00046637892595219273,0.00015138142278156227,0.001087027872085682,7.099110261325703e-05,0.00047652636985627176,7.072633219307196e-05,0.0004337170001348173,7.099110261325703e-05,0.00047652636985627176,7.099110261325703e-05,0.00047652636985627176,0.00015069852010819246,0.00108775599570457,7.038881964619253e-05,0.0005181819380224192,7.072633219307196e-05,0.0004337170001348173,7.072633219307196e-05,0.0004337170001348173,7.038881964619253e-05,0.0005181819380224192,0.0027485496024977876,0.0011707543103312112
490.5461463971736,0.0001544486811133175,0.0011297765685185713,7.420999103051981e-05,0.00048363720123188834,7.384824959970377e-05,0.000494209570275472,7.356737753819263e-05,0.0004496459324000514,7.420999103051981e-05,0.00048363720123188834,0.0001544486811133175,0.0011297765685185713,7.384824959970377e-05,0.000494209570275472,7.356737753819263e-05,0.0004496459324000514,7.384824959970377e-05,0.000494209570275472,7.384824959970377e-05,0.000494209570275472,0.0001537242038606145,0.0011305499957110418,7.320940175400327e-05,0.0005375915741361918,7.356737753819263e-05,0.0004496459324000514,7.356737753819263e-05,0.0004496459324000514,7.320940175400327e-05,0.0005375915741361918,0.002751360145606761,0.0012170024167353585
510.7164756389469,0.00015764599603694095,0.001174201662762421,7.720285343113517e-05,0.0005015273948700568,7.681911109254579e-05,0.0005125426379159945,7.652116667808642e-05,0.00046615297026216006,7.720285343113517e-05,0.0005015273948700568,0.00015764599603694095,0.001174201662762421,7.681911109254579e-05,0.0005125426379159945,7.652116667808642e-05,0.00046615297026216006,7.681911109254579e-05,0.0005125426379159945,7.681911109254579e-05,0.0005125426379159945,0.00015687743409887513,0.0011750232099882803,7.61414991120377e-05,0.0005577229109069248,7.652116667808642e-05,0.00046615297026216006,7.652116667808642e-05,0.00046615297026216006,7.61414991120377e-05,0.0005577229109069248,0.002754281741368426,0.0012650761363961086
531.7161706492817,0.00016097896172696504,0.0012203686804827336,8.031520492407392e-05,0.0005200725338251242,7.990813515473987e-05,0.0005315493668466886,7.959208985225421e-05,0.00048325897968684155,8.031520492407392e-05,0.0005200725338251242,0.00016097896172696504,0.0012203686804827336,7.990813515473987e-05,0.0005315493668466886,7.959208985225421e-05,0.00048325897968684155,7.990813515473987e-05,0.0005315493668466886,7.990813515473987e-05,0.0005315493668466886,0.00016016365516445248,0.001221241338202002,7.91894292001049e-05,0.0005786027475777057,7.959208985225421e-05,0.00048325897968684155,7.959208985225421e-05,0.00048325897968684155,7.91894292001049e-05,0.0005786027475777057,0.0027573186920058423,0.0013150476813468279
553.5793333791087,0.0001644535135574849,0.0012683453459533679,8.355174254579135e-05,0.000539296125530203,8.311993983067982e-05,0.0005512540658139678,8.27847039239152e-05,0.0005009852229863403,8.355174254579135e-05,0.000539296125530203,0.0001644535135574849,0.0012683453459533679,8.311993983067982e-05,0.0005512540658139678,8.27847039239152e-05,0.0005009852229863403,8.311993983067982e-05,0.0005512540658139678,8.311993983067982e-05,0.0005512540658139678,0.0001635886438769427,0.0012692722911042751,8.235767192451577e-05,0.0006002585263473341,8.27847039239152e-05,0.0005009852229863403,8.27847039239152e-05,0.0005009852229863403,8.235767192451577e-05,0.0006002585263473341,0.002760475462369454,0.0013669917758587305
576.3414679870473,0.00016807579666612907,0.0013182023183659218,8.691734406348161e-05,0.000559222860118445,8.645931917983997e-05,0.0005716822603023115,8.610373812529873e-05,0.0005193540547920815,8.691734406348161e-05,0.000559222860118445,0.00016807579666612907,0.0013182023183659218,8.645931917983997e-05,0.0005716822603023115,8.610373812529873e-05,0.0005193540547920815,8.645931917983997e-05,0.0005716822603023115,8.645931917983997e-05,0.0005716822603023115,0.00016715837733807427,0.0013191869242138402,8.565087501784253e-05,0.0006227190369099278,8.610373812529873e-05,0.0005193540547920815,8.610373812529873e-05,0.0005193540547920815,8.565087501784253e-05,0.0006227190369099278,0.0027637566853896105,0.0014209864366102225
600.0395384955322,0.00017185223133461285,0.0013700126242357745,9.041706606155108e-05,0.0005798779563622625,8.993124139409244e-05,0.0005928600417259018,8.955409219747889e-05,0.0005383882675713021,9.041706606155108e-05,0.0005798779563622625,0.00017185223133461285,0.0013700126242357745,8.993124139409244e-05,0.0005928600417259018,8.955409219747889e-05,0.0005383882675713021,8.993124139409244e-05,0.0005928600417259018,8.993124139409244e-05,0.0005928600417259018,0.00017087909837721282,0.0013710584743329391,8.907385219794751e-05,0.0006460137743152055,8.955409219747889e-05,0.0005383882675713021,8.955409219747889e-05,0.0005383882675713021,8.907385219794751e-05,0.0006460137743152055,0.002767167160352769,0.0014771124119506204
624.7120288176508,0.00017578944965114675,0.0014238525813500456,9.405618283922054e-05,0.0006012880540024331,9.354088675635376e-05,0.0006148149590906424,9.314087362587765e-05,0.0005581119763103693,9.405618283922054e-05,0.0006012880540024331,0.00017578944965114675,0.0014238525813500456,9.354088675635376e-05,0.0006148149590906424,9.314087362587765e-05,0.0005581119763103693,9.354088675635376e-05,0.0006148149590906424,9.354088675635376e-05,0.0006148149590906424,0.0001747572503188319,0.001424963479668832,9.263161952197489e-05,0.0006701738324491484,9.314087362587765e-05,0.0005581119763103693,9.314087362587765e-05,0.0005581119763103693,9.263161952197489e-05,0.0006701738324491484,0.002770711889608423,0.0015354541569721706
650.3990052521697,0.0001798944905660502,0.0014798007820496083,9.784013401915557e-05,0.0006234800442385616,9.72935960120371e-05,0.0006375748545132582,9.686934659836978e-05,0.0005785494512195195,9.784013401915557e-05,0.0006234800442385616,0.0001798944905660502,0.0014798007820496083,9.72935960120371e-05,0.0006375748545132582,9.686934659836978e-05,0.0005785494512195195,9.72935960120371e-05,0.0006375748545132582,9.72935960120371e-05,0.0006375748545132582,0.00017879967357935675,0.0014809807705781551,9.632934505404318e-05,0.0006952307516208001,9.686934659836978e-05,0.0005785494512195195,9.686934659836978e-05,0.0005785494512195195,9.632934505404318e-05,0.0006952307516208001,0.0027743960278897857,0.0015960987705040137
677.1421815482412,0.00018417456334310315,0.0015379393010937275,0.00010177459460144582,0.0006464822992135671,0.00010119493904748896,0.0006611690911182234,0.00010074499962443414,0.0005997263373930072,0.00010177459460144582,0.0006464822992135671,0.00018417456334310315,0.0015379393010937275,0.00010119493904748896,0.0006611690911182234,0.00010074499962443414,0.0005997263373930072,0.00010119493904748896,0.0006611690911182234,0.00010119493904748896,0.0006611690911182234,0.00018301336634209952,0.0015391926715550514,0.00010017241519390724,0.0007212177468935811,0.00010074499962443414,0.0005997263373930072,0.00010074499962443414,0.0005997263373930072,0.00010017241519390724,0.0007212177468935811,0.0027782249493709115,0.001659137311204314
704.9849866454446,0.00018863724672856183,0.0015983532786281052,0.00010586544623358294,0.0006703241108810165,0.00010525068644049731,0.0006856279954476781,0.00010477351730132136,0.0006216690926843295,0.00010586544623358294,0.0006703241108810165,0.00018863724672856183,0.0015983532786281052,0.00010525068644049731,0.0006856279954476781,0.00010477351730132136,0.0006216690926843295,0.00010525068644049731,0.0006856279954476781,0.00010525068644049731,0.0006856279954476781,0.00018740568429307527,0.0015996845884718028,0.00010416640670354655,0.0007481691601830044,0.00010477351730132136,0.0006216690926843295,0.00010477351730132136,0.0006216690926843295,0.00010416640670354655,0.0007481691601830044,0.0027822042195680867,0.0017246643450779884
733.9726351991704,0.00019329038692626906,0.001661130925771078,0.00011011879107247913,0.0006950356456662984,0.00010946682290681318,0.0007109828142624538,0.00010896079343980617,0.0006444049385817931,0.00011011879107247913,0.0006950356456662984,0.00019329038692626906,0.001661130925771078,0.00010946682290681318,0.0007109828142624538,0.00010896079343980617,0.0006444049385817931,0.00010946682290681318,0.0007109828142624538,0.00010946682290681318,0.0007109828142624538,0.0001919842377591618,0.0016625450155165796,0.00010831709943682767,0.0007761204243911055,0.00010896079343980617,0.0006444049385817931,0.00010896079343980617,0.0006444049385817931,0.00010831709943682767,0.0007761204243911055,0.002786339608321039,0.0017927780077437558
764.1522010058766,0.00019814216311264232,0.0017263639889441738,0.00011454096964075806,0.0007206483162786906,0.00011384956454114917,0.0007372660874730504,0.00011331294783128308,0.0006679622261078267,0.00011454096964075806,0.0007206483162786906,0.00019814216311264232,0.0017263639889441738,0.00011384956454114917,0.0007372660874730504,0.00011331294783128308,0.0006679622261078267,0.00011384956454114917,0.0007372660874730504,0.00011384956454114917,0.0007372660874730504,0.00019675695598102413,0.0017278659987133653,0.00011263049252899115,0.0008051084420003675,0.00011331294783128308,0.0006679622261078267,0.00011331294783128308,0.0006679622261078267,0.00011263049252899115,0.0008051084420003675,0.0027906371063221207,0.0018635804843293803
795.5726934474478,0.00020320105306383885,0.0017941476166547948,0.00011913855787512892,0.0007471945664151178,0.00011840535576664672,0.0007645114356481476,0.00011783632312088648,0.0006923702172821193,0.00011913855787512892,0.0007471945664151178,0.00020320105306383885,0.0017941476166547948,0.00011840535576664672,0.0007645114356481476,0.00011783632312088648,0.0006923702172821193,0.00011840535576664672,0.0007645114356481476,0.00011840535576664672,0.0007645114356481476,0.00020173205254066478,0.0017957430051402982,0.00011711280117582157,0.000835171381393299,0.00011783632312088648,0.0006923702172821193,0.00011783632312088648,0.0006923702172821193,0.00011711280117582157,0.000835171381393299,0.0027951029220705855,0.0019371779125349742
828.2851370788098,0.000208475875356103,0.0018645806038804665,0.0001239183814716882,0.000774708019286255,0.00012314088315528059,0.0007927537104900152,0.00012253749822320516,0.0007176592285479627,0.0001239183814716882,0.000774708019286255,0.000208475875356103,0.0018645806038804665,0.00012314088315528059,0.0007927537104900152,0.00012253749822320516,0.0007176592285479627,0.00012314088315528059,0.0007927537104900152,0.00012314088315528059,0.0007927537104900152,0.00020691806650303724,0.0018662751679082974,0.00012177046955340299,0.000866348834774756,0.00012253749822320516,0.0007176592285479628,0.00012253749822320516,0.0007176592285479628,0.00012177046955340299,0.000866348834774756,0.002799743495134986,0.0020136806509272387
862.3426544880288,0.00021397575935120343,0.0019377654908769029,0.00012888752405290863,0.0008032234890391717,0.00012806308313824033,0.0008220290086210905,0.00012742329568092765,0.000743860637479999,0.00012888752405290863,0.0008032234890391717,0.00021397575935120343,0.0019377654908769029,0.00012806308313824033,0.0008220290086210905,0.00012742329568092765,0.000743860637479999,0.00012806308313824033,0.0008220290086210905,0.00012806308313824033,0.0008220290086210905,0.00021232383147950617,0.001939565386256944,0.00012661017774795493,0.0008986818403057391,0.00012742329568092765,0.000743860637479999,0.00012742329568092765,0.000743860637479999,0.00012661017774795493,0.0008986818403057391,0.002804565503416077,0.0020932034162410287
897.8005525634636,0.00021971017364650892,0.0020138087126109756,0.00013405333557925793,0.0008327770262614292,0.0001331791500394479,0.0008523747195404761,0.00013250078940695237,0.0007710069233640064,0.00013405333557925793,0.0008327770262614292,0.00021971017364650892,0.0020138087126109756,0.0001331791500394479,0.0008523747195404761,0.00013250078940695237,0.0007710069233640064,0.0001331791500394479,0.0008523747195404761,0.0001331791500394479,0.0008523747195404761,0.00021795850331476668,0.0020157204763107893,0.0001316388491417132,0.0009322129387346308,0.00013250078940695237,0.0007710069233640063,0.00013250078940695237,0.0007710069233640063,0.0001316388491417132,0.0009322129387346308,0.0028095758708835193,0.002175865459904545
934.7164123080624,0.00022568892035738347,0.0020928207462095963,0.00013942344326574915,0.0008634059660729707,0.00013849654645557217,0.0008838295762377232,0.00013777731465113293,0.0007991317101061846,0.00013942344326574915,0.0008634059660729707,0.00022568892035738347,0.0020928207462095963,0.00013849654645557217,0.0008838295762377232,0.00013777731465113293,0.0007991317101061846,0.00013849654645557217,0.0008838295762377232,0.00013849654645557217,0.0008838295762377232,0.00022383155328565562,0.00209485131984339,0.00013686365987619517,0.0009669862329859612,0.00013777731465113293,0.0007991317101061847,0.00013777731465113293,0.0007991317101061847,0.00013686365987619517,0.0009669862329859612,0.002814781777508427,0.0022617907524218888
973.1501823466471,0.00023192210656042457,0.002174916249141901,0.0001450057611437742,0.0008951489668013767,0.00014402301231923966,0.0009164336965338572,0.00014326047667947717,0.0008282697995840706,0.0001450057611437742,0.0008951489668013767,0.00023192210656042457,0.002174916249141901,0.00014402301231923966,0.0009164336965338572,0.00014326047667947717,0.0008282697995840706,0.00014402301231923966,0.0009164336965338572,0.00014402301231923966,0.0009164336965338572,0.00022995273853716102,0.0021770730039091524,0.00014229204706399422,0.0010030474389163368,0.00014326047667947717,0.0008282697995840709,0.00014326047667947717,0.0008282697995840709,0.00014229204706399422,0.0010030474389163368,0.0028201906679219714,0.002351108164081713
1013.1642762780488,0.00023842014910389718,0.0022602142244488132,0.00015080849834017335,0.0009280460575025977,0.00014976657273717416,0.0009502286333962827,0.0001489581582727416,0.0008584572136573549,0.00015080849834017335,0.0009280460575025977,0.00023842014910389718,0.0022602142244488132,0.00014976657273717416,0.0009502286333962827,0.0001489581582727416,0.0008584572136573549,0.00014976657273717416,0.0009502286333962827,0.00014976657273717416,0.0009502286333962827,0.00023633210600196858,0.00226250498761981,0.0001479317158744199,0.0010404439454643098,0.0001489581582727416,0.0008584572136573548,0.0001489581582727416,0.0008584572136573548,0.0001479317158744199,0.0010404439454643098,0.0028258102589369728,0.0024439516604141476
1054.8236740301722,0.00024519385055704347,0.0023488382196177895,0.00015684017125795917,0.0009621386965665329,0.00015573554955747684,0.00098525743643697,0.00015487853082140363,0.000889731247007638,0.00015684017125795917,0.0009621386965665329,0.00024519385055704347,0.0023488382196177895,0.00015573554955747684,0.00098525743643697,0.00015487853082140363,0.000889731247007638,0.00015573554955747684,0.00098525743643697,0.00015573554955747684,0.00098525743643697,0.00024298006711008578,0.002351271302596903,0.00015379065005464025,0.0010792248863579074,0.00015487853082140363,0.0008897312470076379,0.00015487853082140363,0.0008897312470076379,0.00015379065005464025,0.0010792248863579074,0.0028316485507061525,0.0025404605147482293
1098.196027382591,0.00025225436534283274,0.002440916457536676,0.0001631096155251963,0.0009974697993178877,0.00016193857268403133,0.001021564682613365,0.00016103006515162983,0.0009221304888936275,0.0001631096155251963,0.0009974697993178877,0.00025225436534283274,0.002440916457536676,0.00016193857268403133,0.001021564682613365,0.00016103006515162983,0.0009221304888936275,0.00016193857268403133,0.001021564682613365,0.00016193857268403133,0.001021564682613365,0.00024990736263913693,0.002443500685745341,0.00015987712216273975,0.0011194411816012081,0.00016103006515162983,0.0009221304888936274,0.00016103006515162983,0.0009221304888936274,0.00015987712216273975,0.0011194411816012081,0.0028377138376213464,0.002640779496402258
1143.3517698280332,0.0002596129932568629,0.0025365820318729456,0.0001696259947875381,0.0010340838415588552,0.00016838458835834497,0.001059196582775361,0.00016742153941442934,0.0009556949202108743,0.0001696259947875381,0.0010340838415588552,0.0002596129932568629,0.0025365820318729456,0.00016838458835834497,0.001059196582775361,0.00016742153941442934,0.0009556949202108743,0.00016838458835834497,0.001059196582775361,0.00016838458835834497,0.001059196582775361,0.000257124855199609,0.0025393267760808157,0.00016619970098355396,0.0011611456548530402,0.00016742153941442934,0.0009556949202108744,0.00016742153941442934,0.0009556949202108744,0.00016619970098355396,0.0011611456548530402,0.002844014716327657,0.0027450591406205003
1190.3642309511577,0.0002672811352701493,0.002635972963123888,0.0001763988148980799,0.0010720267761555086,0.00017508287258647634,0.0010982009021139486,0.00017406205192476064,0.0009904658246341754,0.0001763988148980799,0.0010720267761555086,0.0002672811352701493,0.002635972963123888,0.00017508287258647634,0.0010982009021139486,0.00017406205192476064,0.0009904658246341754,0.00017508287258647634,0.0010982009021139486,0.00017508287258647634,0.0010982009021139486,0.0002646434834965167,0.0026388881737567063,0.00017276726365099212,0.0012043929664572602,0.00017406205192476064,0.0009904658246341754,0.00017406205192476064,0.0009904658246341754,0.00017276726365099212,0.0012043929664572602,0.0028505600987564364,0.0028534558409931904
1239.309755510381,0.00027527135813765555,0.0027392329389718307,0.00018343793011050898,0.0011113463443423654,0.00018204303687790026,0.0011386272740338103,0.00018096102655214803,0.0010264860916710452,0.00018343793011050898,0.0011113463443423654,0.00027527135813765555,0.0027392329389718307,0.00018204303687790026,0.0011386272740338103,0.00018096102655214803,0.0010264860916710452,0.00018204303687790026,0.0011386272740338103,0.00018204303687790026,0.0011386272740338103,0.00027247532601572895,0.002742329180612512,0.00017958900062628046,0.0012492399378304447,0.00018096102655214803,0.001026486091671045,0.00018096102655214803,0.001026486091671045,0.00017958900062628046,0.0012492399378304447,0.002857359217587195,0.0029661323386577583
1290.2678274161112,0.0002835958583078703,0.0028465107425546155,0.0001907535645786672,0.0011520918038775065,0.00018927504870714022,0.0011805269331168372,0.00018812823238258656,0.0010637999400214765,0.0001907535645786672,0.0011520918038775065,0.0002835958583078703,0.0028465107425546155,0.00018927504870714022,0.0011805269331168372,0.00018812823238258656,0.0010637999400214765,0.00018927504870714022,0.0011805269331168372,0.00018927504870714022,0.0011805269331168372,0.0002806320628363433,0.0028497992329151183,0.00018667443438499483,0.0012957452991668797,0.00018812823238258656,0.0010637999400214765,0.00018812823238258656,0.0010637999400214765,0.00018667443438499483,0.0012957452991668797,0.002864421646424561,0.003083257643227456
1343.321198806739,0.0002922660097553888,0.0029579608032763586,0.00019835631745607858,0.0011943143036005379,0.00019678923612971748,0.0012239530924014318,0.00019557378796411553,0.0011024532830814517,0.00019835631745607858,0.0011943143036005379,0.0002922660097553888,0.0029579608032763586,0.00019678923612971748,0.0012239530924014318,0.00019557378796411553,0.0011024532830814517,0.00019678923612971748,0.0012239530924014318,0.00019678923612971748,0.0012239530924014318,0.00028912452248038337,0.002961453452254907,0.0001940334232266307,0.0013439700780026216,0.00019557378796411553,0.0011024532830814515,0.00019557378796411553,0.0011024532830814515,0.0001940334232266307,0.0013439700780026216,0.0028717573042033903,0.00320500759993198
1398.5560244319877,0.0003012954966459727,0.0030737438478330176,0.00020625717871996165,0.0012380666893907434,0.00020459630270777302,0.001268960754284309,0.0002033081755404243,0.0011424935292259695,0.00020625717871996165,0.0012380666893907434,0.0003012954966459727,0.0030737438478330176,0.00020459630270777302,0.001268960754284309,0.0002033081755404243,0.0011424935292259695,0.00020459630270777302,0.001268960754284309,0.00020459630270777302,0.001268960754284309,0.0002979658127619149,0.0030774533008810596,0.00020167617466612295,0.0013939774256164104,0.0002033081755404243,0.0011424935292259687,0.0002033081755404243,0.0011424935292259687,0.00020167617466612295,0.0013939774256164104,0.0028793764698435385,0.003331564903555125
1456.062001561853,0.0003107001109153244,0.0031940273783750846,0.00021446754388145615,0.0012834038180118607,0.0002127073413646172,0.0013156070275901672,0.0002113422542491759,0.0011839698863283284,0.00021446754388145615,0.0012834038180118607,0.0003107001109153244,0.0031940273783750846,0.0002127073413646172,0.0013156070275901672,0.0002113422542491759,0.0011839698863283284,0.0002127073413646172,0.0013156070275901672,0.0002127073413646172,0.0013156070275901672,0.00030717111662821193,0.003197967060507516,0.0002096132578541256,0.0014458329468179658,0.0002113422542491759,0.0011839698863283286,0.0002113422542491759,0.0011839698863283286,0.0002096132578541256,0.0014458329468179658,0.002887289796042924,0.0034631196219621126
1515.9325156483283,0.00032048662555726753,0.0033189830576934357,0.00022299922444915215,0.0013303823506005802,0.00022113384408309645,0.0013639509265503216,0.0002196872692307007,0.0012269331493307886,0.00022299922444915215,0.0013303823506005802,0.00032048662555726753,0.0033189830576934357,0.00022113384408309645,0.0013639509265503216,0.0002196872692307007,0.0012269331493307886,0.00022113384408309645,0.0013639509265503216,0.00022113384408309645,0.0013639509265503216,0.00031674656390169977,0.003323167222433851,0.0002178556119664503,0.0014996045159575112,0.0002196872692307007,0.0012269331493307886,0.0002196872692307007,0.0012269331493307886,0.0002178556119664503,0.0014996045159575112,0.0028955083187546635,0.003599869215464356
1578.2647919764756,0.00033067444217720586,0.0034487922922502006,0.00023186446532771717,0.0013790609897025776,0.0002298877182805609,0.0014140536117382234,0.0002283548672176034,0.001271435927890132,0.00023186446532771717,0.0013790609897025776,0.00033067444217720586,0.0034487922922502006,0.0002298877182805609,0.0014140536117382234,0.0002283548672176034,0.001271435927890132,0.0002298877182805609,0.0014140536117382234,0.0002298877182805609,0.0014140536117382234,0.0003267108767550277,0.0034532360720816897,0.00022641456086069887,0.0015553625323621724,0.0002283548672176034,0.001271435927890132,0.0002283548672176034,0.001271435927890132,0.00022641456086069887,0.0015553625323621724,0.0029040434735873965,0.003742019002531832
1643.1600535510916,0.0003412734307732305,0.003583641166409416,0.00024107595815246627,0.0014295005323844616,0.0002389812992509704,0.0014659784480931127,0.0002373571082911836,0.0013175326912273,0.00024107595815246627,0.0014295005323844616,0.0003412734307732305,0.003583641166409416,0.0002389812992509704,0.0014659784480931127,0.0002373571082911836,0.0013175326912273,0.0002389812992509704,0.0014659784480931127,0.0002389812992509704,0.0014659784480931127,0.00033707320768242396,0.0035883606264968254,0.00023530182401148222,0.0016131799949694763,0.0002373571082911836,0.0013175326912273,0.0002373571082911836,0.0013175326912273,0.00023530182401148222,0.0016131799949694763,0.0029129071082973457,0.003889782453997831
1710.7236854753774,0.0003522991512725615,0.0037237245188996666,0.0002506468570578649,0.0014817639392396024,0.0002484273648789827,0.001519791078959545,0.000246706479785874,0.0013652798283887181,0.0002506468570578649,0.0014817639392396024,0.0003522991512725615,0.0037237245188996666,0.0002484273648789827,0.001519791078959545,0.000246706479785874,0.0013652798283887181,0.0002484273648789827,0.001519791078959545,0.0002484273648789827,0.001519791078959545,0.0003478483588964893,0.003728736714058169,0.0002445295294486406,0.001673132593515394,0.000246706479785874,0.0013652798283887177,0.000246706479785874,0.0013652798283887177,0.0002445295294486406,0.001673132593515394,0.0029221114975997867,0.004043381512757446
1781.0654060885513,0.00036376575356967384,0.0038692444621182256,0.00026059079401300714,0.001535916376015042,0.0002582391499409162,0.001575559473139823,0.00025641590979572185,0.001414735681097553,0.00026059079401300714,0.001535916376015042,0.00036376575356967384,0.0038692444621182256,0.0002582391499409162,0.001575559473139823,0.00025641590979572185,0.001414735681097553,0.0002582391499409162,0.001575559473139823,0.0002582391499409162,0.001575559473139823,0.0003590496802669771,0.0038745674975317317,0.0002541102263151019,0.0017352987737671445,0.00025641590979572185,0.0014147356810975532,0.00025641590979572185,0.0014147356810975532,0.0002541102263151019,0.0017352987737671445,0.002931669357673357,0.004203046897026709
1854.299445140307,0.0003756846718242327,0.004020410252112015,0.0002709218945249248,0.0015920253096094244,0.00026843036070598483,0.0016333540263728736,0.0002664987809296913,0.0014659606303168177,0.0002709218945249248,0.0015920253096094244,0.0003756846718242327,0.004020410252112015,0.00026843036070598483,0.0016333540263728736,0.0002664987809296913,0.0014659606303168177,0.00026843036070598483,0.0016333540263728736,0.00026843036070598483,0.0016333540263728736,0.0003706877613807831,0.004026063347620686,0.00026405689761541194,0.0017997598576296593,0.0002664987809296913,0.0014659606303168175,0.0002664987809296913,0.0014659606303168175,0.00026405689761541194,0.0017997598576296593,0.00294159386106578,0.004369018468103446
1930.5447292914844,0.0003880759137593222,0.004177442073912684,0.00028165479476692447,0.0016501606020680119,0.00027901519088012163,0.0016932476610150237,0.0002769689453468353,0.0015190171803847667,0.00028165479476692447,0.0016501606020680119,0.0003880759137593222,0.004177442073912684,0.00027901519088012163,0.0016932476610150237,0.0002769689453468353,0.0015190171803847667,0.00027901519088012163,0.0016932476610150237,0.00027901519088012163,0.0016932476610150237,0.00038278171843270564,0.004183445631975542,0.00027438297417391037,0.001866600162180944,0.0002769689453468353,0.001519017180384767,0.0002769689453468353,0.001519017180384767,0.00027438297417391037,0.001866600162180944,0.002951898653097643,0.00454154560718881
2009.9250752421622,0.0004009482558356151,0.004340565491948496,0.0002928046617259545,0.00171039467903052,0.0002900083404289466,0.0017553160001451634,0.0002878407425636137,0.0015739701167312714,0.0002928046617259545,0.00171039467903052,0.0004009482558356151,0.004340565491948496,0.0002900083404289466,0.0017553160001451634,0.0002878407425636137,0.0015739701167312714,0.0002900083404289466,0.0017553160001451634,0.0002900083404289466,0.0017553160001451634,0.0003953393867066374,0.004346941168908431,0.0002851023512406702,0.0019359071934589964,0.0002878407425636137,0.0015739701167312712,0.0002878407425636137,0.0015739701167312712,0.0002851023512406702,0.0019359071934589964,0.0029625978713002303,0.004720887677315907
2092.569390800818,0.0004143172857938797,0.004510016817971328,0.0003043871947522769,0.0017728021973833449,0.00030142501637849494,0.0018196370436875467,0.00029912899967753624,0.0016308861669446088,0.0003043871947522769,0.0017728021973833449,0.0004143172857938797,0.004510016817971328,0.00030142501637849494,0.0018196370436875467,0.00029912899967753624,0.0016308861669446088,0.00030142501637849494,0.0018196370436875467,0.00030142501637849494,0.0018196370436875467,0.0004083753616014525,0.004516787603919464,0.00029622938801401123,0.002007771347659926,0.00029912899967753624,0.0016308861669446088,0.00029912899967753624,0.0016308861669446088,0.00029622938801401123,0.002007771347659926,0.0029737061467679463,0.0049073140057108965
2178.6118842210713,0.00042820040753575796,0.004686043020447092,0.0003164186730309309,0.0018374608773955763,0.0003132809779347801,0.0018862920034177692,0.0003108490746876049,0.0016898348154753178,0.0003164186730309309,0.0018374608773955763,0.00042820040753575796,0.004686043020447092,0.0003132809779347801,0.0018862920034177692,0.0003108490746876049,0.0016898348154753178,0.0003132809779347801,0.0018862920034177692,0.0003132809779347801,0.0018862920034177692,0.0004219059987172569,0.0046932333161440664,0.0003077789488647124,0.0020822867616723906,0.0003108490746876049,0.0016898348154753176,0.0003108490746876049,0.0016898348154753176,0.0003077789488647124,0.0020822867616723906,0.002985238650396432,0.005101105022305611
2268.1922821459616,0.00044261163309569,0.004868899500321876,0.0003289159485112482,0.0019044509372471547,0.00032559252887123916,0.0019553647478080176,0.0003230168484624749,0.0017508877330442774,0.0003289159485112482,0.0019044509372471547,0.00044261163309569,0.004868899500321876,0.00032559252887123916,0.0019553647478080176,0.0003230168484624749,0.0017508877330442774,0.00032559252887123916,0.0019553647478080176,0.00032559252887123916,0.0019553647478080176,0.0004359442047315913,0.0048765352057124015,0.0003197663947852295,0.0021595507871149423,0.0003230168484624749,0.0017508877330442774,0.0003230168484624749,0.0017508877330442774,0.0003197663947852295,0.0021595507871149423,0.002997211086185454,0.005302552039328457
2361.4560565136667,0.0004575664571621204,0.0050588525281614624,0.0003418964745058475,0.0019738554805740363,0.00033837654435180125,0.0020269421953796486,0.0003356487502041962,0.001814119150085672,0.0003418964745058475,0.0019738554805740363,0.0004575664571621204,0.0050588525281614624,0.00033837654435180125,0.0020269421953796486,0.0003356487502041962,0.001814119150085672,0.00033837654435180125,0.0020269421953796486,0.00033837654435180125,0.0020269421953796486,0.00045050430829988205,0.005066961133092702,0.00033220760726581175,0.0022396644053069253,0.0003356487502041962,0.0018141191500856719,0.0003356487502041962,0.0018141191500856719,0.00033220760726581175,0.0022396644053069253,0.0030096397194541,0.005511957980442542
2458.5546607931824,0.000473080947678217,0.005256179359511041,0.0003553783210696832,0.0020457605581355276,0.00035165048496052753,0.002101114384197652,0.0003487617704440355,0.0018796059068978456,0.0003553783210696832,0.0020457605581355276,0.000473080947678217,0.005256179359511041,0.00035165048496052753,0.002101114384197652,0.0003487617704440355,0.0018796059068978456,0.00035165048496052753,0.002101114384197652,0.00035165048496052753,0.002101114384197652,0.0004656011479053492,0.005264790040307576,0.0003451190000777526,0.002322732322432312,0.0003487617704440355,0.0018796059068978462,0.0003487617704440355,0.0018796059068978462,0.0003451190000777526,0.002322732322432312,0.0030225413924049836,0.005729637804338186
2559.645775933539,0.0004891713167428851,0.005461168315774452,0.00036938020580142125,0.002120255296636373,0.0003654324253308643,0.0021779746085565667,0.00036237348800646107,0.001947427569967727,0.00036938020580142125,0.002120255296636373,0.0004891713167428851,0.005461168315774452,0.0003654324253308643,0.0021779746085565667,0.00036237348800646107,0.001947427569967727,0.0003654324253308643,0.0021779746085565667,0.0003654324253308643,0.0021779746085565667,0.00048124963833784564,0.005470312037341681,0.00035851754427409594,0.002408863132437236,0.00036237348800646107,0.001947427569967726,0.00036237348800646107,0.001947427569967726,0.00035851754427409594,0.002408863132437236,0.003035933554499446,0.005955919009227594
2664.893566426,0.0005058543131240903,0.005674119165563918,0.000383921501433121,0.002197431654223116,0.00037974106053890246,0.00225761918475995,0.00037650207548431186,0.002017666178181254,0.000383921501433121,0.002197431654223116,0.0005058543131240903,0.005674119165563918,0.00037974106053890246,0.00225761918475995,0.00037650207548431186,0.002017666178181254,0.00037974106053890246,0.00225761918475995,0.00037974106053890246,0.00225761918475995,0.0004974651607698672,0.005683828793439194,0.0003724207725792673,0.0024981691138214273,0.00037650207548431186,0.0020176661781812545,0.00037650207548431186,0.0020176661781812545,0.0003724207725792673,0.0024981691138214273,0.003049834270600205,0.0061911417868812406
2774.4689468950514,0.000523148189381189,0.005895345362341401,0.0003990222654437517,0.0022773855548687137,0.0003945957340463127,0.0023401485887169123,0.0003911663259127665,0.0020904073542179474,0.0003990222654437517,0.0022773855548687137,0.000523148189381189,0.005895345362341401,0.0003945957340463127,0.0023401485887169123,0.0003911663259127665,0.0020904073542179474,0.0003945957340463127,0.0023401485887169123,0.0003945957340463127,0.0023401485887169123,0.0005142645264373034,0.005905655770115657,0.00038684680465676254,0.002590767386200737,0.0003911663259127665,0.0020904073542179474,0.0003911663259127665,0.0020904073542179474,0.00038684680465676254,0.002590767386200737,0.0030642622525659095,0.0064356605451719095
2888.5498596510947,0.0005410706290558061,0.006125171473007673,0.0004147032530248173,0.0023602155225070877,0.0004100164484700652,0.002425666107329299,0.00040638566184276657,0.0021657389394736794,0.0004147032530248173,0.0023602155225070877,0.0005410706290558061,0.006125171473007673,0.0004100164484700652,0.002425666107329299,0.00040638566184276657,0.0021657389394736794,0.0004100164484700652,0.002425666107329299,0.0004100164484700652,0.002425666107329299,0.0005316638993954495,0.006136119672744878,0.0004018143540914027,0.002686778606145166,0.00040638566184276657,0.002165738939473679,0.00040638566184276657,0.002165738939473679,0.0004018143540914027,0.002686778606145166,0.0030792368708931323,0.006689842995660039
3007.32156365561,0.0005596403339170913,0.006363935691140508,0.00043098595162283933,0.0024460240018593037,0.00042602389823130285,0.002514279162393204,0.0004221801665526222,0.002243752289244018,0.00043098595162283933,0.0024460240018593037,0.0005596403339170913,0.006363935691140508,0.00042602389823130285,0.002514279162393204,0.0004221801665526222,0.002243752289244018,0.00042602389823130285,0.002514279162393204,0.00042602389823130285,0.002514279162393204,0.0005496803798569009,0.00637556095796912,0.00041734275801857056,0.002786328310905434,0.0004221801665526222,0.002243752289244018,0.0004221801665526222,0.002243752289244018,0.00041734275801857056,0.002786328310905434,0.003094778192096892,0.006954071893447208
3130.976935367991,0.0005788772556830085,0.00661199042631114,0.0004478925964109595,0.0025349169518326287,0.0004426394831197268,0.0026060989169310665,0.000438570596148787,0.0023245418567238297,0.0004478925964109595,0.0025349169518326287,0.0005788772556830085,0.00661199042631114,0.0004426394831197268,0.0026060989169310665,0.000438570596148787,0.0023245418567238297,0.0004426394831197268,0.0026060989169310665,0.0004426394831197268,0.0026060989169310665,0.0005683322320258948,0.006624334436411092,0.0004334519874952577,0.002889546562668457,0.000438570596148787,0.0023245418567238297,0.000438570596148787,0.0023245418567238297,0.0004334519874952577,0.002889546562668457,0.003110906995150672,0.007228745101322818
3259.7167819626447,0.0005988023832089464,0.006869701660631916,0.0004654461913081165,0.0026270040653070584,0.00045988532711641056,0.0027012405051759203,0.00045557839670901736,0.002408205397199012,0.0004654461913081165,0.0026270040653070584,0.0005988023832089464,0.006869701660631916,0.00045988532711641056,0.0027012405051759203,0.00045557839670901736,0.002408205397199012,0.00045988532711641056,0.0027012405051759203,0.00045988532711641056,0.0027012405051759203,0.0005876386667927056,0.006882808636635732,0.00045016266270114715,0.0029965682122098025,0.00045557839670901736,0.002408205397199012,0.00045557839670901736,0.002408205397199012,0.00045016266270114715,0.0029965682122098025,0.003127644794618719,0.0075142762879017505
3393.75016742499,0.0006194365907021857,0.007137451034203575,0.00048367053822575656,0.002722398924138123,0.00047778430559056005,0.0027998231983163194,0.0004732257299129337,0.0024948441070356104,0.00048367053822575656,0.002722398924138123,0.0006194365907021857,0.007137451034203575,0.00047778430559056005,0.0027998231983163194,0.0004732257299129337,0.0024948441070356104,0.00047778430559056005,0.0027998231983163194,0.00047778430559056005,0.0027998231983163194,0.0006076186857440762,0.007151367898567512,0.00046749607677286955,0.003107533099912817,0.0004732257299129337,0.0024948441070356104,0.0004732257299129337,0.0024948441070356104,0.00046749607677286955,0.003107533099912817,0.0031450138721281578,0.007811095580820367
3533.294752055897,0.0006408041035564815,0.0074156338117628085,0.0005025902613727737,0.0028212191114205345,0.000496360066971466,0.0029019705286383343,0.0004915354926995016,0.0025845627205039914,0.0005025902613727737,0.0028212191114205345,0.0006408041035564815,0.0074156338117628085,0.000496360066971466,0.0029019705286383343,0.0004915354926995016,0.0025845627205039914,0.000496360066971466,0.0029019705286383343,0.000496360066971466,0.0029019705286383343,0.0006282945416102977,0.007430410349827443,0.0004854742131275843,0.003222586217853109,0.0004915354926995016,0.0025845627205039914,0.0004915354926995016,0.0025845627205039914,0.0004854742131275843,0.003222586217853109,0.0031630373038059,0.008119650200047781
3678.577145935911,0.000662927349012365,0.007704663094921865,0.0005222308236917354,0.0029235863872333523,0.0005156370474608366,0.00300781047712171,0.0005105313306648404,0.002677469668532786,0.0005222308236917354,0.0029235863872333523,0.000662927349012365,0.007704663094921865,0.0005156370474608366,0.00300781047712171,0.0005105313306648404,0.002677469668532786,0.0005156370474608366,0.00300781047712171,0.0005156370474608366,0.00300781047712171,0.0006496865853752592,0.007720352127029827,0.0005041197573773139,0.0033418779359799494,0.0005105313306648404,0.0026774696685327856,0.0005105313306648404,0.0026774696685327856,0.0005041197573773139,0.0033418779359799494,0.0031817389800303784,0.008440405174037479
3829.8332769232675,0.0006858327398987394,0.008004966763238693,0.0005426185643239683,0.003029626743883109,0.0005356405050485635,0.003117475542100885,0.0005302376694378435,0.0027736771181790824,0.0005426185643239683,0.003029626743883109,0.0006858327398987394,0.008004966763238693,0.0005356405050485635,0.003117475542100885,0.0005302376694378435,0.0027736771181790824,0.0005356405050485635,0.003117475542100885,0.0005356405050485635,0.003117475542100885,0.0006718190429619664,0.008021624328444851,0.0005234561256389061,0.0034655641128486714,0.0005302376694378435,0.0027736771181790824,0.0005302376694378435,0.0027736771181790824,0.0005234561256389061,0.0034655641128486714,0.0032011436464923918,0.008773843961095266
3987.3087737832443,0.0007095452896721217,0.00831699050490257,0.0005637807258575408,0.0031394707847183603,0.0005563965448574914,0.003231103129599134,0.0005506797385778699,0.0028733013306670003,0.0005637807258575408,0.0031394707847183603,0.0007095452896721217,0.00831699050490257,0.0005563965448574914,0.003231103129599134,0.0005506797385778699,0.0028733013306670003,0.0005563965448574914,0.003231103129599134,0.0005563965448574914,0.003231103129599134,0.0006947146263314601,0.00833467605185357,0.0005435074868355645,0.0035938065254084777,0.0005506797385778699,0.002873301330667001,0.0005506797385778699,0.002873301330667001,0.0005435074868355645,0.0035938065254084777,0.003221276936900117,0.009120469408624682
4151.259365071149,0.0007340940478598512,0.008641197152302138,0.0005857454592412744,0.0032532533831513715,0.0005779321209542656,0.0033488352303149326,0.000571883571005615,0.002976462309389328,0.0005857454592412744,0.0032532533831513715,0.0007340940478598512,0.008641197152302138,0.0005779321209542656,0.0033488352303149326,0.000571883571005615,0.002976462309389328,0.0005779321209542656,0.0033488352303149326,0.0005779321209542656,0.0033488352303149326,0.0007183999625899142,0.008659973749528005,0.0005642987593311992,0.0037267725976354352,0.000571883571005615,0.0029764623093893284,0.000571883571005615,0.0029764623093893284,0.0005642987593311992,0.0037267725976354352,0.0032421653818000833,0.009480804037632802
4321.95129441654,0.000759507386226623,0.008978067894416332,0.0006085418959324182,0.00337111491484587,0.0006002751058283282,0.00347081965803516,0.000593876070464393,0.003083284998445818,0.0006085418959324182,0.00337111491484587,0.000759507386226623,0.008978067894416332,0.0006002751058283282,0.00347081965803516,0.000593876070464393,0.003083284998445818,0.0006002751058283282,0.00347081965803516,0.0006002751058283282,0.00347081965803516,0.0007429008745847778,0.008998002435876366,0.0005858556762582304,0.0038646366705825234,0.000593876070464393,0.0030832849984458186,0.000593876070464393,0.0030832849984458186,0.0005858556762582304,0.0038646366705825234,0.00326383648975349,0.009855391880710742
4499.66175288319,0.0007858160827613563,0.009328102687276105,0.0006322001118601464,0.003493199568950847,0.0006234542514396381,0.003597208390445499,0.0006166849703104188,0.0031938975998880978,0.0006322001118601464,0.003493199568950847,0.0007858160827613563,0.009328102687276105,0.0006234542514396381,0.003597208390445499,0.0006166849703104188,0.0031938975998880978,0.0006234542514396381,0.003597208390445499,0.0006234542514396381,0.003597208390445499,0.0007682454590109638,0.00934926613915993,0.0006082047414942158,0.0040075784170789264,0.0006166849703104188,0.003193897599888098,0.0006166849703104188,0.003193897599888098,0.0006082047414942158,0.0040075784170789264,0.0032863187133510075,0.010244797506802425
4684.679329106864,0.0008130518530353179,0.00969182121616708,0.0006567512183510298,0.003619657744030113,0.0006474992770737064,0.003728159964270427,0.0006403389190633288,0.0033084339197748435,0.0006567512183510298,0.003619657744030113,0.0008130518530353179,0.00969182121616708,0.0006474992770737064,0.003728159964270427,0.0006403389190633288,0.0033084339197748435,0.0006474992770737064,0.003728159964270427,0.0006474992770737064,0.003728159964270427,0.0007944626112907912,0.009714288843484672,0.0006313733129150233,0.004155785257751114,0.0006403389190633288,0.003308433919774844,0.0006403389190633288,0.003308433919774844,0.0006313733129150233,0.004155785257751114,0.0033096415541976347,0.01064960904601725
4877.304477941913,0.0008412478357159892,0.010069763147080196,0.0006822273569485509,0.00375064456815477,0.0006724408607201854,0.0038638380246469174,0.000664867469130378,0.0034270318898411956,0.0006822273569485509,0.00375064456815477,0.0008412478357159892,0.010069763147080196,0.0006724408607201854,0.0038638380246469174,0.000664867469130378,0.0034270318898411956,0.0006724408607201854,0.0038638380246469174,0.0006724408607201854,0.0038638380246469174,0.0008215825041030127,0.010093614779420002,0.0006553895878922947,0.004309450985540523,0.000664867469130378,0.003427031889841195,0.000664867469130378,0.003427031889841195,0.0006553895878922947,0.004309450985540523,0.003333835561747571,0.011070437471870545
5077.850008377724,0.0008704387946888444,0.010462489367048994,0.0007086617363126936,0.0038863207970628,0.000698310672877071,0.004004412235636113,0.0006903011082634586,0.0035498344350688624,0.0007086617363126936,0.0038863207970628,0.0008704387946888444,0.010462489367048994,0.000698310672877071,0.004004412235636113,0.0006903011082634586,0.0035498344350688624,0.000698310672877071,0.004004412235636113,0.000698310672877071,0.004004412235636113,0.0008496367830566025,0.010487809668853371,0.0006802826322238274,0.004468776722249469,0.0006903011082634586,0.0035498344350688624,0.0006903011082634586,0.0035498344350688624,0.0006802826322238274,0.004468776722249469,0.0033589323832887335,0.011507918227693918
5286.641591517374,0.0009006608463384887,0.010870582573012212,0.0007360886383760693,0.00402685286505371,0.0007251413811006392,0.004150058350561266,0.0007166712628882182,0.0036769895044344468,0.0007360886383760693,0.00402685286505371,0.0009006608463384887,0.010870582573012212,0.0007251413811006392,0.004150058350561266,0.0007166712628882182,0.0036769895044344468,0.0007251413811006392,0.004150058350561266,0.0007251413811006392,0.004150058350561266,0.00087865829061438,0.010897461331723141,0.000706082382142899,0.004633971048489291,0.0007166712628882182,0.0036769895044344468,0.0007166712628882182,0.0036769895044344468,0.000706082382142899,0.004633971048489291,0.0033849647792585295,0.011962712058739122
5504.018289443407,0.0009319505871972123,0.01129464780683665,0.0007645435676911875,0.0041724131429108635,0.0007529667878296355,0.004300958488600618,0.0007440104271171599,0.0038086503050555093,0.0007645435676911875,0.0041724131429108635,0.0009319505871972123,0.01129464780683665,0.0007529667878296355,0.004300958488600618,0.0007440104271171599,0.0038086503050555093,0.0007529667878296355,0.004300958488600618,0.0007529667878296355,0.004300958488600618,0.0009086801700923675,0.011323180236521124,0.0007328197632034481,0.004805250339479379,0.0007440104271171599,0.0038086503050555093,0.0007440104271171599,0.0038086503050555093,0.0007328197632034481,0.004805250339479379,0.0034119667877336593,0.012435506074768071
5730.333105829569,0.0009643466472805982,0.011735313971148296,0.0007940630745193727,0.004323180105217709,0.0007818216637869877,0.00445730132293784,0.0007723520040635418,0.003944975447242553,0.0007940630745193727,0.004323180105217709,0.0009643466472805982,0.011735313971148296,0.0007818216637869877,0.00445730132293784,0.0007723520040635418,0.003944975447242553,0.0007818216637869877,0.00445730132293784,0.0007818216637869877,0.00445730132293784,0.000939737439962986,0.011765601035006663,0.000760526540972836,0.004982839017394215,0.0007723520040635418,0.003944975447242553,0.0007723520040635418,0.003944975447242553,0.000760526540972836,0.004982839017394215,0.0034399735568417457,0.012927014764904505
5965.953559192664,0.0009978888399520013,0.012193234391282814,0.0008246849758048836,0.004479338479780664,0.0008117419513803925,0.0046192822520441015,0.0008017304957960397,0.004086129071023903,0.0008246849758048836,0.004479338479780664,0.0009978888399520013,0.012193234391282814,0.0008117419513803925,0.0046192822520441015,0.0008017304957960397,0.004086129071023903,0.0008117419513803925,0.0046192822520441015,0.0008117419513803925,0.0046192822520441015,0.0009718661076969576,0.012225383144199312,0.0007892354954555798,0.0051669697896225796,0.0008017304957960397,0.004086129071023904,0.0008017304957960397,0.004086129071023904,0.0007892354954555798,0.0051669697896225796,0.0034690215897742603,0.013437981022851942
6211.262279715393,0.0010326212144127556,0.01266908835350117,0.000856448283855639,0.004641079563679732,0.0008427646977326833,0.004787103736857027,0.00083218143971955,0.004232281135472437,0.000856448283855639,0.004641079563679732,0.0010326212144127556,0.01266908835350117,0.0008427646977326833,0.004787103736857027,0.00083218143971955,0.004232281135472437,0.0008427646977326833,0.004787103736857027,0.0008427646977326833,0.004787103736857027,0.0010051062309926497,0.01270321230217298,0.0008189803615918448,0.005357884052892797,0.00083218143971955,0.004232281135472438,0.00083218143971955,0.004232281135472438,0.0008189803615918448,0.005357884052892797,0.0034991486860994955,0.013969177372355463
6466.657630609518,0.001068580250920825,0.013163580367416147,0.0008893932860190182,0.004808601571210874,0.0008749281268827101,0.004960975670886918,0.0008637414750727687,0.004383607739111015,0.0008893932860190182,0.004808601571210874,0.001068580250920825,0.013163580367416147,0.0008749281268827101,0.004960975670886918,0.0008637414750727687,0.004383607739111015,0.0008749281268827101,0.004960975670886918,0.0008749281268827101,0.004960975670886918,0.0010394900975479338,0.013199799849144048,0.0008497958893425938,0.005555832333278803,0.0008637414750727687,0.004383607739111014,0.0008637414750727687,0.004383607739111014,0.0008497958893425938,0.005555832333278803,0.003530394035364733,0.014521407258111114
6732.554355028208,0.0011058149551296183,0.0136774441539863,0.0009235615803201726,0.004982109571787208,0.0009082716704148282,0.00514111534530851,0.0008964483697335436,0.004540291036457063,0.0009235615803201726,0.004982109571787208,0.0011058149551296183,0.0136774441539863,0.0009082716704148282,0.00514111534530851,0.0008964483697335436,0.004540291036457063,0.0009082716704148282,0.00514111534530851,0.0009082716704148282,0.00514111534530851,0.0010750623090244344,0.01371588674312774,0.0008817178662018395,0.0057610743313531425,0.0008964483697335436,0.004540291036457062,0.0008964483697335436,0.004540291036457062,0.0008817178662018395,0.0057610743313531425,0.003562798287153286,0.01509550598192609
7009.38424957824,0.0011443696728538977,0.014211440733260373,0.0009589960393313582,0.005161815979234217,0.0009428359325267704,0.005327747961618311,0.0009303409862271742,0.00470251969629307,0.0009589960393313582,0.005161815979234217,0.0011443696728538977,0.014211440733260373,0.0009428359325267704,0.005327747961618311,0.0009303409862271742,0.00470251969629307,0.0009428359325267704,0.005327747961618311,0.0009428359325267704,0.005327747961618311,0.0011118625980835214,0.014252241666587248,0.0009147830845516382,0.005973879509433351,0.0009303409862271742,0.004702519696293069,0.0009303409862271742,0.004702519696293069,0.0009147830845516382,0.005973879509433351,0.0035964035196935566,0.015692342211406744
7297.596865525738,0.0011842885529515022,0.014766361998335155,0.0009957409824408495,0.005347940827747916,0.000978662847223893,0.005521106933915564,0.0009654594274083624,0.004870489148867175,0.0009957409824408495,0.005347940827747916,0.0011842885529515022,0.014766361998335155,0.000978662847223893,0.005521106933915564,0.0009654594274083624,0.004870489148867175,0.000978662847223893,0.005521106933915564,0.000978662847223893,0.005521106933915564,0.0011499302601580231,0.0148096646241122,0.000949029474316674,0.006194527474954636,0.0009654594274083624,0.004870489148867175,0.0009654594274083624,0.004870489148867175,0.000949029474316674,0.006194527474954636,0.003631253463542082,0.016312819319825592
7597.660238834169,0.0012256204237630543,0.01534303042014037,0.0010338421227379176,0.005540711940492756,0.0010157956272737244,0.005721434086335682,0.0010018449870165317,0.005044401727099938,0.0010338421227379176,0.005540711940492756,0.0012256204237630543,0.01534303042014037,0.0010157956272737244,0.005721434086335682,0.0010018449870165317,0.005044401727099938,0.0010157956272737244,0.005721434086335682,0.0010157956272737244,0.005721434086335682,0.0011893090339422548,0.015388986674737487,0.0009844960556032692,0.006423308264930987,0.0010018449870165317,0.005044401727099936,0.0010018449870165317,0.005044401727099936,0.0009844960556032692,0.006423308264930987,0.0036673934554282217,0.016957876668885614
7910.061650220118,0.0012684124840270244,0.015942300947516697,0.0010733464355887528,0.005740365252216002,0.001054278642585912,0.005928980004512514,0.001039540035565449,0.0052244669585982915,0.0010733464355887528,0.005740365252216002,0.0012684124840270244,0.015942300947516697,0.001054278642585912,0.005928980004512514,0.001039540035565449,0.0052244669585982915,0.001054278642585912,0.005928980004512514,0.001054278642585912,0.005928980004512514,0.0012300408123080474,0.015991071858329178,0.0010212228333789485,0.006660522785966377,0.001039540035565449,0.005224466958598293,0.001039540035565449,0.005224466958598293,0.0010212228333789485,0.006660522785966377,0.003704870308126457,0.017628491091028327
8235.30841646112,0.001312716618048464,0.01656506287703148,0.0011143026433878646,0.005947145005613439,0.0010941578596004003,0.006144004264194002,0.0010785884250733594,0.005410901734056622,0.0011143026433878646,0.005947145005613439,0.001312716618048464,0.01656506287703148,0.0010941578596004003,0.006144004264194002,0.0010785884250733594,0.005410901734056622,0.0010941578596004003,0.006144004264194002,0.0010941578596004003,0.006144004264194002,0.0012721718639643904,0.016616819097366578,0.0010592511628265662,0.006906483138571496,0.0010785884250733594,0.005410901734056622,0.0010785884250733594,0.005410901734056622,0.0010592511628265662,0.006906483138571496,0.0037437329386171914,0.01832567828159217
8573.92871424056,0.0013585835110630554,0.01721224005880377,0.001156760896058644,0.006161304260205236,0.0011354805504060956,0.00636677596871764,0.001119035220087899,0.005603930778231441,0.001156760896058644,0.006161304260205236,0.0013585835110630554,0.01721224005880377,0.0011354805504060956,0.00636677596871764,0.001119035220087899,0.005603930778231441,0.0011354805504060956,0.00636677596871764,0.0011354805504060956,0.00636677596871764,0.0013157470073393393,0.017267162425925776,0.0010986235058334781,0.007161513245981609,0.001119035220087899,0.0056039307782314385,0.001119035220087899,0.0056039307782314385,0.0010986235058334781,0.007161513245981609,0.0037840319747586364,0.019050494547394898
8926.472437867556,0.0014060664322975366,0.017884793410163913,0.0012007726475118045,0.006383104977318471,0.0011782951746360261,0.006597573871413953,0.0011609265837374666,0.005803786709015463,0.0012007726475118045,0.006383104977318471,0.0014060664322975366,0.017884793410163913,0.0011782951746360261,0.006597573871413953,0.0011609265837374666,0.005803786709015463,0.0011782951746360261,0.006597573871413953,0.0011782951746360261,0.006597573871413953,0.0013608134047756633,0.017943073542815026,0.0011393833218340465,0.007425949084903141,0.0011609265837374666,0.005803786709015463,0.0011609265837374666,0.005803786709015463,0.0011393833218340465,0.007425949084903141,0.0038258196881743437,0.019804038220777108
9293.512092264567,0.0014552211494446654,0.018583722337376245,0.001246391186502405,0.006612818452152096,0.0012226518635895767,0.006836686840890399,0.0012043102261697896,0.006010710432300452,0.001246391186502405,0.006612818452152096,0.0014552211494446654,0.018583722337376245,0.0012226518635895767,0.006836686840890399,0.0012043102261697896,0.006010710432300452,0.0012226518635895767,0.006836686840890399,0.0012226518635895767,0.006836686840890399,0.001407420380387266,0.018645563263057212,0.0011815754760377132,0.007700139253129025,0.0012043102261697896,0.006010710432300455,0.0012043102261697896,0.006010710432300455,0.0011815754760377132,0.007700139253129025,0.0038691506515600247,0.02058745141180135
9675.643722673107,0.0015061014410285968,0.019310064443268708,0.0012936714408398736,0.006850726266200468,0.0012686022473364401,0.007084414840475764,0.0012492352491922697,0.006224952042285847,0.0012936714408398736,0.006850726266200468,0.0015061014410285968,0.019310064443268708,0.0012686022473364401,0.007084414840475764,0.0012492352491922697,0.006224952042285847,0.0012686022473364401,0.007084414840475764,0.0012686022473364401,0.007084414840475764,0.0014556149790901523,0.01937568124119545,0.001225246104627853,0.007984446042662567,0.0012492352491922697,0.006224952042285848,0.0012492352491922697,0.006224952042285848,0.001225246104627853,0.007984446042662567,0.003914081386633855,0.021401922310960653
10073.487882587067,0.001558752885630001,0.020064894752959764,0.0013426700881162322,0.0070971197015542884,0.0013161995463134722,0.00734106839311182,0.0012957522232441997,0.006446770221369937,0.0013426700881162322,0.0070971197015542884,0.001558752885630001,0.020064894752959764,0.0013161995463134722,0.00734106839311182,0.0012957522232441997,0.006446770221369937,0.0013161995463134722,0.00734106839311182,0.0013161995463134722,0.00734106839311182,0.0015054357162099913,0.02013451525841266,0.001270442675223221,0.008279245041386567,0.0012957522232441997,0.006446770221369938,0.0012957522232441997,0.006446770221369938,0.001270442675223221,0.008279245041386567,0.003960670468183399,0.02224868608263906
10487.690641485688,0.0016132516749039543,0.020849342982065068,0.001393445156104284,0.007352299512637072,0.0013654981772072004,0.007606968410505926,0.0013439127974758244,0.006676432005266503,0.001393445156104284,0.007352299512637072,0.0016132516749039543,0.020849342982065068,0.0013654981772072004,0.007606968410505926,0.0013439127974758244,0.006676432005266503,0.0013654981772072004,0.007606968410505926,0.0013654981772072004,0.007606968410505926,0.0015569514017963024,0.020923208564178605,0.001317213601767377,0.008584925112640971,0.0013439127974758244,0.006676432005266503,0.0013439127974758244,0.006676432005266503,0.001317213601767377,0.008584925112640971,0.004008979141063872,0.023129026409436287
10918.924634002584,0.0016696555356696314,0.021664575119726977,0.0014460568083108007,0.007616578450116471,0.0014165545178074746,0.00788244871647556,0.001393770448876149,0.0069142151929662155,0.0014460568083108007,0.007616578450116471,0.0016696555356696314,0.021664575119726977,0.0014165545178074746,0.00788244871647556,0.001393770448876149,0.0069142151929662155,0.0014165545178074746,0.00788244871647556,0.0014165545178074746,0.00788244871647556,0.0016102120188327296,0.02174294141491346,0.0013656089771735506,0.008901890969600318,0.001393770448876149,0.006914215192966218,0.001393770448876149,0.006914215192966218,0.0013656089771735506,0.008901890969600318,0.004059070793270275,0.024044279151147808
11367.890152234633,0.0017280175924513483,0.022511801679895804,0.001500566779297153,0.007890280128253676,0.0014694263612676007,0.008167854985458866,0.0014453799509746496,0.007160407222787729,0.001500566779297153,0.007890280128253676,0.0017280175924513483,0.022511801679895804,0.0014694263612676007,0.008167854985458866,0.0014453799509746496,0.007160407222787729,0.0014694263612676007,0.008167854985458866,0.0014694263612676007,0.008167854985458866,0.0016652626248789516,0.022594939422699696,0.0014156800582530397,0.009230562292777992,0.0014453799509746496,0.007160407222787726,0.0014453799509746496,0.007160407222787726,0.0014156800582530397,0.009230562292777992,0.004111010987455957,0.02499583307517862
11835.316282964517,0.0017884067418125283,0.023392286755214677,0.0015570386191630895,0.008173739691714383,0.0015241731343165713,0.008463545453485342,0.001498797572013367,0.007415305795081,0.0015570386191630895,0.008173739691714383,0.0017884067418125283,0.023392286755214677,0.0015241731343165713,0.008463545453485342,0.001498797572013367,0.007415305795081,0.0015241731343165713,0.008463545453485342,0.0015241731343165713,0.008463545453485342,0.0017221636718218307,0.023480482650858215,0.001467479441613146,0.00957137457434631,0.001498797572013367,0.007415305795081,0.001498797572013367,0.007415305795081,0.001467479441613146,0.00957137457434631,0.0041648680661101126,0.025985132251966737
12321.962091643712,0.001850893747252625,0.024307343305009478,0.0016155379718557979,0.008467304482854309,0.0015808561554162335,0.008769891626624405,0.0015540813177610463,0.007679219485085246,0.0016155379718557979,0.008467304482854309,0.001850893747252625,0.024307343305009478,0.0015808561554162335,0.008769891626624405,0.0015540813177610463,0.007679219485085246,0.0015808561554162335,0.008769891626624405,0.0015808561554162335,0.008769891626624405,0.001780977058108326,0.02440090093568627,0.0015210612901897557,0.0099247799572392,0.0015540813177610463,0.0076792194850852456,0.0015540813177610463,0.0076792194850852456,0.0015210612901897557,0.0099247799572392,0.004220713213376948,0.02701367836706949
12828.617855058625,0.0019155363464120646,0.02525833439581895,0.0016761320347859847,0.00877133401918246,0.0016395381334899282,0.009087278318771708,0.0016112904600955958,0.007952467694735198,0.0016761320347859847,0.00877133401918246,0.0019155363464120646,0.02525833439581895,0.0016395381334899282,0.009087278318771708,0.0016112904600955958,0.007952467694735198,0.0016395381334899282,0.009087278318771708,0.0016395381334899282,0.009087278318771708,0.0018417513168844755,0.025357575196934733,0.001576480895366592,0.010291247439778004,0.0016112904600955958,0.007952467694735198,0.0016112904600955958,0.007952467694735198,0.001576480895366592,0.010291247439778004,0.004278620074646702,0.028083032664513313
13356.106344681619,0.001982413038164642,0.026246679268006345,0.0017388902854280346,0.009086201065742623,0.0017002838363259312,0.00941610476330041,0.0016704861610239267,0.008235381656518156,0.0017388902854280346,0.009086201065742623,0.001982413038164642,0.026246679268006345,0.0017002838363259312,0.00941610476330041,0.0016704861610239267,0.008235381656518156,0.0017002838363259312,0.00941610476330041,0.0017002838363259312,0.00941610476330041,0.0019045552814720816,0.02635194353047943,0.0016337952522667016,0.010671264119157258,0.0016704861610239267,0.008235381656518156,0.0016704861610239267,0.008235381656518156,0.0016337952522667016,0.010671264119157258,0.004338665207328476,0.029194818694268102
13905.284162791027,0.002051586261282886,0.027273853960993157,0.001803884060689844,0.009412292138697242,0.00176315969239989,0.009756785176355767,0.0017317310916726756,0.008528304899129795,0.001803884060689844,0.009412292138697242,0.002051586261282886,0.027273853960993157,0.00176315969239989,0.009756785176355767,0.0017317310916726756,0.008528304899129795,0.00176315969239989,0.009756785176355767,0.00176315969239989,0.009756785176355767,0.00196944131006024,0.027385501898192288,0.0016930626985268077,0.011065335925165282,0.0017317310916726756,0.008528304899129794,0.0017317310916726756,0.008528304899129794,0.0016930626985268077,0.011065335925165282,0.004400928653344176,0.030350725045272364
14477.043133529785,0.0021231375943616786,0.028341390674157793,0.0018711867363464746,0.009750005898523808,0.0018282339494535066,0.010109747235780038,0.0017950895748805615,0.008831591643055737,0.0018711867363464746,0.009750005898523808,0.0021231375943616786,0.028341390674157793,0.0018282339494535066,0.010109747235780038,0.0017950895748805615,0.008831591643055737,0.0018282339494535066,0.010109747235780038,0.0018282339494535066,0.010109747235780038,0.0020364804422084303,0.02845980360335464,0.0017543430388191497,0.011473986318241026,0.0017950895748805615,0.008831591643055735,0.0017950895748805615,0.008831591643055735,0.0017543430388191497,0.011473986318241026,0.004465492890027927,0.03155250560389466
15072.311751161988,0.002197138882617999,0.029450886972868545,0.001940873801971742,0.01009975768922187,0.0018955767586951078,0.010475436620373152,0.0018606276766364458,0.0091456111838426,0.001940873801971742,0.01009975768922187,0.002197138882617999,0.029450886972868545,0.0018955767586951078,0.010475436620373152,0.0018606276766364458,0.0091456111838426,0.0018955767586951078,0.010475436620373152,0.0018955767586951078,0.010475436620373152,0.0021057335430353778,0.029576468437457728,0.0018176976466340187,0.011897760899501302,0.0018606276766364458,0.0091456111838426,0.0018606276766364458,0.0091456111838426,0.0018176976466340187,0.011897760899501302,0.004532444487673673,0.032801986280967005
15692.056687878789,0.002273667519959496,0.03060399963630906,0.0020130228633715636,0.01046197795062124,0.001965260169305855,0.010854315513944005,0.0019284131944564266,0.009470746304887733,0.0020130228633715636,0.01046197795062124,0.002273667519959496,0.03060399963630906,0.001965260169305855,0.010854315513944005,0.0019284131944564266,0.009470746304887733,0.001965260169305855,0.010854315513944005,0.001965260169305855,0.010854315513944005,0.002177266568739281,0.030737176649819915,0.0018831894455149688,0.012337226150157764,0.0019284131944564266,0.009470746304887733,0.0019284131944564266,0.009470746304887733,0.0018831894455149688,0.012337226150157764,0.004601872008022183,0.0341010652869577
16337.28436360253,0.002352803760417152,0.031802457201054346,0.0020877137294849795,0.01083711230730479,0.002037358167371041,0.011246862777962037,0.0019985156597528485,0.009807393345787768,0.0020877137294849795,0.01083711230730479,0.002352803760417152,0.031802457201054346,0.002037358167371041,0.011246862777962037,0.0019985156597528485,0.009807393345787768,0.002037358167371041,0.011246862777962037,0.002037358167371041,0.011246862777962037,0.0022511477771581198,0.03194368159484592,0.001950882871908059,0.012792969827056707,0.0019985156597528485,0.009807393345787766,0.0019985156597528485,0.009807393345787766,0.001950882871908059,0.012792969827056709,0.004673869582593172,0.03545171625516364
17009.04258033824,0.002434630082912484,0.033048047067473996,0.002165028322047916,0.01122561740580542,0.002111946621603254,0.011653569915064485,0.0020710063108478564,0.010155958087886342,0.002165028322047916,0.01122561740580542,0.002434630082912484,0.033048047067473996,0.002111946621603254,0.011653569915064485,0.0020710063108478564,0.010155958087886342,0.002111946621603254,0.011653569915064485,0.002111946621603254,0.011653569915064485,0.0023274471685043488,0.033197797023857924,0.0020208438766318973,0.01326559722975434,0.0020710063108478564,0.010155958087886344,0.0020710063108478564,0.010155958087886344,0.0020208438766318973,0.013265597229754338,0.004748533084870998,0.03685598585756474
17708.422223726546,0.002519229659750558,0.034342639645794405,0.002245050937967321,0.011627976103054634,0.0021891035404272324,0.012074956116572982,0.0021459583465870684,0.010516870509010198,0.002245050937967321,0.011627976103054634,0.002519229659750558,0.034342639645794405,0.0021891035404272324,0.012074956116572982,0.0021459583465870684,0.010516870509010198,0.0021891035404272324,0.012074956116572982,0.0021891035404272324,0.012074956116572982,0.0024062349372122893,0.03450142088004298,0.0020931401818779236,0.013755746081323612,0.0021459583465870684,0.010516870509010196,0.0021459583465870684,0.010516870509010196,0.0020931401818779236,0.013755746081323612,0.004825963177985738,0.038316011222471406
18436.55903456127,0.0026066908027658027,0.03568817306431529,0.0023278681041043266,0.012044681635909063,0.002268908884868062,0.01251155275418625,0.002223446706662119,0.01089056933422322,0.0023278681041043266,0.012044681635909063,0.0026066908027658027,0.03568817306431529,0.002268908884868062,0.01251155275418625,0.002223446706662119,0.01089056933422322,0.002268908884868062,0.01251155275418625,0.002268908884868062,0.01251155275418625,0.0024875858347408225,0.035856520578857125,0.0021678410194682684,0.014264071674124676,0.002223446706662119,0.01089056933422322,0.002223446706662119,0.01089056933422322,0.0021678410194682684,0.014264071674124676,0.004906264129783678,0.039834007303622646
19194.635453148407,0.00269710091543256,0.037086664330202974,0.0024135687329151284,0.012476247745280084,0.0023514447383721562,0.012963913438592798,0.0023035482525852477,0.01127751184485801,0.0024135687329151284,0.012476247745280084,0.00269710091543256,0.037086664330202974,0.0023514447383721562,0.012963913438592798,0.0023035482525852477,0.01127751184485801,0.0023514447383721562,0.012963913438592798,0.0023514447383721562,0.012963913438592798,0.0025715731471157967,0.037265143962581314,0.002245017329083775,0.01479125690228452,0.0023035482525852477,0.011277511844858009,0.0023035482525852477,0.011277511844858009,0.002245017329083775,0.014791256902284524,0.004989544216167491,0.0414122791357727
19983.88253950173,0.0027905515414659923,0.0385402109909612,0.0025022440666935225,0.012923206245229127,0.0024367952428110923,0.013432611717944458,0.0023863416972849513,0.011678171470429238,0.0025022440666935225,0.012923206245229127,0.0027905515414659923,0.0385402109909612,0.0024367952428110923,0.013432611717944458,0.0023863416972849513,0.011678171470429238,0.0024367952428110923,0.013432611717944458,0.0024367952428110923,0.013432611717944458,0.0026582737262912425,0.03872942114237731,0.0023247416802570156,0.01533801028123379,0.0023863416972849513,0.011678171470429242,0.0023863416972849513,0.011678171470429242,0.0023247416802570156,0.01533801028123379,0.005075915766553121,0.04305322232500846
20805.581972493168,0.002887135019373528,0.04005099497519643,0.002593987825071156,0.013386109389657537,0.0025250467319845845,0.013918243503307316,0.002471907727970806,0.012093040044229994,0.002593987825071156,0.013386109389657537,0.002887135019373528,0.04005099497519643,0.0025250467319845845,0.013918243503307316,0.002471907727970806,0.012093040044229994,0.0025250467319845845,0.013918243503307316,0.0025250467319845845,0.013918243503307316,0.0027477646133661072,0.04025156837531228,0.002407088385426085,0.015905068573424674,0.002471907727970806,0.01209304004423,0.002471907727970806,0.01209304004423,0.002407088385426085,0.015905068573424677,0.005165495375795947,0.04475932811436566
21661.068131204353,0.002986949260229171,0.041621284521106805,0.0026888961896107217,0.013865527684249196,0.002616287703643802,0.014421425015904718,0.002560328968450713,0.012522625631222603,0.0026888961896107217,0.013865527684249196,0.002986949260229171,0.041621284521106805,0.002616287703643802,0.014421425015904718,0.002560328968450713,0.012522625631222603,0.002616287703643802,0.014421425015904718,0.002616287703643802,0.014421425015904718,0.0028401277895553417,0.04183389017890447,0.002492133451474383,0.01649319507459837,0.002560328968450713,0.012522625631222603,0.002560328968450713,0.012522625631222603,0.002492133451474383,0.016493195074598368,0.005258404042368646,0.04653318432082139
22551.7302618597,0.003090090783229526,0.0432534390181709,0.0027870678499281746,0.014362054258759558,0.0027106088707372026,0.014942797196521784,0.0026516900343589557,0.012967456732709137,0.0027870678499281746,0.014362054258759558,0.003090090783229526,0.0432534390181709,0.0027106088707372026,0.014942797196521784,0.0026516900343589557,0.012967456732709137,0.0027106088707372026,0.014942797196521784,0.0027106088707372026,0.014942797196521784,0.0029354432201558612,0.04347878415898807,0.0025799546415549743,0.01710318419333636,0.0026516900343589557,0.012967456732709139,0.0026516900343589557,0.012967456732709139,0.0025799546415549743,0.017103184193336365,0.0053547668282814855,0.0483774824519308
23479.014733859363,0.003196661157353415,0.04494991280524585,0.002888604055039292,0.014876303587937924,0.0028081031960045123,0.015483024552773887,0.0027460775548828966,0.013428080988479514,0.002888604055039292,0.014876303587937924,0.003196661157353415,0.04494991280524585,0.0028081031960045123,0.015483024552773887,0.0027460775548828966,0.013428080988479514,0.0028081031960045123,0.015483024552773887,0.0028081031960045123,0.015483024552773887,0.0030337952597351385,0.04518874496906746,0.0026706314834599753,0.0177358606298756,0.0027460775548828966,0.013428080988479512,0.0027460775548828966,0.013428080988479512,0.0026706314834599753,0.017735860629875592,0.005454713379966558,0.05029501976955294
24444.42738857616,0.0033067628859305533,0.046713257591086056,0.0029936086681141205,0.01540891233701361,0.002908865935503482,0.01604279610963757,0.0028435802076573627,0.01390506595567251,0.0029936086681141205,0.01540891233701361,0.0033067628859305533,0.046713257591086056,0.002908865935503482,0.01604279610963757,0.0028435802076573627,0.01390506595567251,0.002908865935503482,0.01604279610963757,0.002908865935503482,0.01604279610963757,0.0031352685116789554,0.046966366845761026,0.0027642452959928863,0.018392080624879455,0.0028435802076573627,0.013905065955672508,0.0028435802076573627,0.013905065955672508,0.0027642452959928863,0.018392080624879452,0.005558377705885817,0.05228870335385058
25449.53598473054,0.0034205020034809496,0.04854612970150903,0.0031021882361564244,0.015960542657107335,0.0030129947105188327,0.016622828762242203,0.002944288792403939,0.014399002242585408,0.0031021882361564244,0.015960542657107335,0.0034205020034809496,0.04854612970150903,0.0030129947105188327,0.016622828762242203,0.002944288792403939,0.014399002242585408,0.0030129947105188327,0.016622828762242203,0.0030129947105188327,0.016622828762242203,0.00323995042660492,0.048814350871660514,0.002860879267166854,0.019072735531602193,0.002944288792403939,0.014399002242585415,0.002944288792403939,0.014399002242585415,0.002860879267166854,0.019072735531602193,0.0056658983433476836,0.054361556640537816
26495.97274431474,0.00353798522612301,0.05045128760986863,0.0032144519256007086,0.016531878205477527,0.0031205894249989614,0.017223863499028578,0.0030482961342667226,0.01491049961475806,0.0032144519256007086,0.016531878205477527,0.00353798522612301,0.05045128760986863,0.0031205894249989614,0.017223863499028578,0.0030482961342667226,0.01491049961475806,0.0031205894249989614,0.017223863499028578,0.0031205894249989614,0.017223863499028578,0.0033479284154593145,0.05073550280869876,0.002960618340390517,0.019778748518576826,0.0030482961342667226,0.01491049961475806,0.0030482961342667226,0.01491049961475806,0.002960618340390517,0.01977874851857683,0.00577741688798368,0.05651671892237592
27585.437003200535,0.003659328552100207,0.052431605592055605,0.0033305115696709254,0.017123627488687787,0.003231752296699298,0.017846668821745307,0.0031556971026244257,0.015440190188849236,0.0033305115696709254,0.017123627488687787,0.003659328552100207,0.052431605592055605,0.003231752296699298,0.017846668821745307,0.0031556971026244257,0.015440190188849236,0.003231752296699298,0.017846668821745307,0.003231752296699298,0.017846668821745307,0.0034592984121103922,0.05273274679998364,0.003063549223225938,0.020511078251976636,0.0031556971026244257,0.01544019018884923,0.0031556971026244257,0.01544019018884923,0.003063549223225938,0.020511078251976636,0.005893083825185315,0.05875745396785868
28719.697970734982,0.0037846360541805416,0.05449006334208475,0.0034504819600917926,0.017736526504068508,0.003346588156077549,0.018492043461421574,0.0032665889153445193,0.01598873090917973,0.0034504819600917926,0.017736526504068508,0.0037846360541805416,0.05449006334208475,0.003346588156077549,0.018492043461421574,0.0032665889153445193,0.01598873090917973,0.003346588156077549,0.018492043461421574,0.003346588156077549,0.018492043461421574,0.0035741436780172874,0.054809115022543715,0.0031697606992139066,0.021270721877244787,0.0032665889153445193,0.015988730909179735,0.0032665889153445193,0.015988730909179735,0.0031697606992139066,0.02127072187724478,0.0060130450071222774,0.061087152350775234
29900.597602805465,0.003914034334510183,0.0566297791433644,0.003574480639220398,0.01837134364520097,0.0034652042514473074,0.019160821336541047,0.0033810709539517886,0.016556808237127674,0.003574480639220398,0.01837134364520097,0.003914034334510183,0.0566297791433644,0.0034652042514473074,0.019160821336541047,0.0033810709539517886,0.016556808237127674,0.0034652042514473074,0.019160821336541047,0.0034652042514473074,0.019160821336541047,0.0036925692804384708,0.05696778084824815,0.003279343457597061,0.02205872020801582,0.0033810709539517886,0.016556808237127678,0.0033810709539517886,0.016556808237127678,0.003279343457597061,0.02205872020801582,0.0061374613112129585,0.06350934545110824
31130.053593039782,0.00404763439004789,0.05885397664818814,0.0037026278624565493,0.01902886676785471,0.0035877101411806037,0.019853859033165302,0.00349924460168068,0.01714512562977343,0.0037026278624565493,0.01902886676785471,0.00404763439004789,0.05885397664818814,0.0035877101411806037,0.019853859033165302,0.00349924460168068,0.01714512562977343,0.0035877101411806037,0.019853859033165302,0.0035877101411806037,0.019853859033165302,0.003814663814583888,0.059212026331690405,0.00339238986636593,0.02287614607670009,0.00349924460168068,0.017145125629773425,0.00349924460168068,0.017145125629773425,0.00339238986636593,0.02287614607670009,0.0062664894674526956,0.06602769324471985
32410.06248699877,0.004185570111074732,0.06116602046053174,0.003835046910256634,0.019709916243002525,0.003714218042419526,0.020572048746762692,0.003621213620388143,0.017754416060233324,0.003835046910256634,0.019709916243002525,0.004185570111074732,0.06116602046053174,0.003714218042419526,0.020572048746762692,0.003621213620388143,0.017754416060233324,0.003714218042419526,0.020572048746762692,0.003714218042419526,0.020572048746762692,0.003940537970143364,0.06154527744479601,0.0035089943882102162,0.023724117232826848,0.003621213620388143,0.01775441606023332,0.003621213620388143,0.01775441606023332,0.0035089943882102162,0.023724117232826844,0.006400289858757336,0.06864600207300844
33742.702924418336,0.004327947939440885,0.06356940507367777,0.003971864030381037,0.02041534864515676,0.003844842779604043,0.02131632206230108,0.0037470841037906665,0.018385445519528993,0.003971864030381037,0.02041534864515676,0.004327947939440885,0.06356940507367777,0.003844842779604043,0.02131632206230108,0.0037470841037906665,0.018385445519528993,0.003844842779604043,0.02131632206230108,0.003844842779604043,0.02131632206230108,0.0040702741995821716,0.06397109306757262,0.0036292535411033278,0.024603800440555563,0.0037470841037906665,0.018385445519528996,0.0037470841037906665,0.018385445519528996,0.0036292535411033278,0.02460380044055556,0.006539032926917609,0.07136823480421292
35130.13901476694,0.00447490341292284,0.0660677677839308,0.004113208296573693,0.021146044278655168,0.003979701584710472,0.022087637909403234,0.003876964232559113,0.01903900094019167,0.004113208296573693,0.021146044278655168,0.00447490341292284,0.0660677677839308,0.003979701584710472,0.022087637909403234,0.003876964232559113,0.01903900094019167,0.003979701584710472,0.022087637909403234,0.003979701584710472,0.022087637909403234,0.004203983142820597,0.06649317862460771,0.0037532655992569062,0.025516400347945296,0.003876964232559113,0.019039000940191675,0.003876964232559113,0.019039000940191675,0.0037532655992569062,0.025516400347945306,0.006682880412899974,0.07419849992150573
36574.623851599,0.0046265777500639075,0.06866489371926882,0.0042592119344136365,0.021902917401019944,0.004118914438597633,0.022886992751073643,0.004010964627474455,0.019715899979706197,0.0042592119344136365,0.021902917401019944,0.0046265777500639075,0.06866489371926882,0.004118914438597633,0.022886992751073643,0.004010964627474455,0.019715899979706197,0.004118914438597633,0.022886992751073643,0.004118914438597633,0.022886992751073643,0.00434178023629857,0.06911539090311124,0.003881130965914037,0.02646316978554244,0.004010964627474455,0.0197158999797062,0.004010964627474455,0.0197158999797062,0.003881130965914037,0.026463169785542428,0.006832011194759204,0.07714107115928882
38078.503171412194,0.004783091202919586,0.07136471990145865,0.004410010188415292,0.02268692491073343,0.00426260397477779,0.02371542927994401,0.004149198281222258,0.020416999329172004,0.004410010188415292,0.02268692491073343,0.004783091202919586,0.07136471990145865,0.00426260397477779,0.02371542927994401,0.004149198281222258,0.020416999329172004,0.00426260397477779,0.02371542927994401,0.00426260397477779,0.02371542927994401,0.004483759138027893,0.0718417419850932,0.004012952139749272,0.02744541865403734,0.004149198281222258,0.020416999329172004,0.004149198281222258,0.020416999329172004,0.004012952139749272,0.027445418654037337,0.006986591844734316,0.08020039602402136
39644.219162949994,0.004944583922331104,0.0741713392181271,0.004565741355381012,0.02349905045706221,0.004410895425607585,0.024574021056328874,0.00429178043730842,0.021143179350037275,0.004565741355381012,0.02349905045706221,0.004944583922331104,0.0741713392181271,0.004410895425607585,0.024574021056328874,0.00429178043730842,0.021143179350037275,0.004410895425607585,0.024574021056328874,0.004410895425607585,0.024574021056328874,0.004630032412450351,0.07467640412422182,0.004148833514932645,0.028464499671057172,0.00429178043730842,0.02114317935003727,0.00429178043730842,0.02114317935003727,0.004148833514932645,0.028464499671057172,0.00714679709742809,0.08338108988677348
41274.31443313542,0.005111195396746763,0.07708901241203195,0.004726546913419005,0.024340318938652558,0.004563916803217983,0.025463886897457207,0.004438828810676383,0.02189535795160058,0.004726546913419005,0.024340318938652558,0.005111195396746763,0.07708901241203195,0.004563916803217983,0.025463886897457207,0.004438828810676383,0.02189535795160058,0.004563916803217983,0.025463886897457207,0.004563916803217983,0.025463886897457207,0.004780711069073948,0.0776237213571548,0.004288881652901174,0.029521822761303856,0.004438828810676383,0.02189535795160058,0.004438828810676383,0.02189535795160058,0.004288881652901174,0.029521822761303853,0.007312800498788061,0.08668795414104667
42971.43613607663,0.005283068109162548,0.08012216978836924,0.004892571586253825,0.025211791751609876,0.004721798914322747,0.02638618645125915,0.004590463564277156,0.022674485972128757,0.004892571586253825,0.025211791751609876,0.005283068109162548,0.08012216978836924,0.004721798914322747,0.02638618645125915,0.004590463564277156,0.022674485972128757,0.004721798914322747,0.02638618645125915,0.004721798914322747,0.02638618645125915,0.004935908114665613,0.08068821169798995,0.0044332052158943805,0.030618851398704232,0.004590463564277156,0.02267448597212875,0.004590463564277156,0.02267448597212875,0.0044332052158943805,0.030618851398704232,0.007484774767568788,0.0901259781406946
44738.34027184928,0.005460347559281402,0.08327542249047544,0.005063962833123627,0.02611457196657863,0.004884674924639509,0.02734212547032827,0.00474680693019344,0.02348155206504863,0.005063962833123627,0.02611457196657863,0.005460347559281402,0.08327542249047544,0.004884674924639509,0.02734212547032827,0.00474680693019344,0.02348155206504863,0.004884674924639509,0.02734212547032827,0.004884674924639509,0.02734212547032827,0.0050957387267287916,0.08387457843515672,0.004581914653423587,0.031757108259603414,0.00474680693019344,0.023481552065048632,0.00474680693019344,0.023481552065048632,0.004581914653423587,0.03175710825960341,0.007662891439371777,0.0937003511116994
46577.896162036755,0.005643183502253814,0.08655356713801267,0.00524087212212377,0.027049803592346308,0.005052681486601945,0.028332955328366206,0.004907984225581664,0.024317581928981893,0.00524087212212377,0.027049803592346308,0.005643183502253814,0.08655356713801267,0.005052681486601945,0.028332955328366206,0.004907984225581664,0.024317581928981893,0.005052681486601945,0.028332955328366206,0.005052681486601945,0.028332955328366206,0.005260321180933819,0.08718771509871567,0.004735123098122268,0.03293817539537702,0.004907984225581664,0.024317581928981893,0.004907984225581664,0.024317581928981893,0.004735123098122268,0.032938175395377016,0.007847321239693339,0.09741646807419382
48493.0911092961,0.005831726897278196,0.08996159268367056,0.005423453601419515,0.028018673492507556,0.005225957537785509,0.029359975139872724,0.005074122748083259,0.02518364008287327,0.005423453601419515,0.028018673492507556,0.005831726897278196,0.08996159268367056,0.005225957537785509,0.029359975139872724,0.005074122748083259,0.02518364008287327,0.005225957537785509,0.029359975139872724,0.005225957537785509,0.029359975139872724,0.0054297740658091715,0.09063271253617282,0.004892945367393657,0.03416369693386687,0.005074122748083259,0.025183640082873264,0.005074122748083259,0.025183640082873264,0.004892945367393657,0.034163696933866866,0.00803822871952605,0.10127993893596679
50487.03524851663,0.006026133408763142,0.09350468647200302,0.005611864774423915,0.029022409864369336,0.0054046448809573905,0.030424530539065815,0.0052453522826579335,0.026080828354566436,0.005611864774423915,0.029022409864369336,0.006026133408763142,0.09350468647200302,0.0054046448809573905,0.030424530539065815,0.0052453522826579335,0.026080828354566436,0.0054046448809573905,0.030424530539065815,0.0054046448809573905,0.030424530539065815,0.0056042195791313806,0.09421486537975023,0.005055498391875046,0.03543537861519226,0.0052453522826579335,0.02608082835456644,0.0052453522826579335,0.02608082835456644,0.005055498391875046,0.03543537861519227,0.008235775397820486,0.10529659491182607
52562.96659744847,0.006226561959533463,0.09718826302751589,0.005806267458242651,0.030062305267061922,0.005588889253148579,0.031528036323815296,0.005421806254597913,0.027010307685037455,0.005806267458242651,0.030062305267061922,0.006226561959533463,0.09718826302751589,0.005588889253148579,0.031528036323815296,0.005421806254597913,0.027010307685037455,0.005588889253148579,0.031528036323815296,0.005588889253148579,0.031528036323815296,0.005783782296196175,0.09793969986155072,0.005222902471921748,0.036755010020250854,0.005421806254597913,0.027010307685037455,0.005421806254597913,0.027010307685037455,0.005222902471921748,0.03675501002025085,0.00844011780607912,0.10947251807080172
54724.25631500434,0.006433175167260336,0.10101793190945682,0.006006824961980495,0.03113967586984369,0.005778837345626965,0.03267193715861358,0.005603618628480352,0.027973259388111103,0.006006824961980495,0.03113967586984369,0.006433175167260336,0.10101793190945682,0.005778837345626965,0.03267193715861358,0.005603618628480352,0.027973259388111103,0.005778837345626965,0.03267193715861358,0.005778837345626965,0.03267193715861358,0.005968589296529302,0.10181294437639643,0.005395278025509453,0.03812442804694867,0.005603618628480352,0.02797325938811111,0.005603618628480352,0.02797325938811111,0.005395278025509453,0.03812442804694867,0.008651409198144295,0.11381401512998088
56974.4141757719,0.006646138375113536,0.10499954076587081,0.006213705456545045,0.03225590139407663,0.005974640241827313,0.03385774665774842,0.005790927397133838,0.028970922982232045,0.006213705456545045,0.03225590139407663,0.006646138375113536,0.10499954076587081,0.005974640241827313,0.03385774665774842,0.005790927397133838,0.028970922982232045,0.005974640241827313,0.03385774665774842,0.005974640241827313,0.03385774665774842,0.006158769306476933,0.10584057059538408,0.00557274915398149,0.03954555477777218,0.005790927397133838,0.028970922982232052,0.005790927397133838,0.028970922982232052,0.00557274915398149,0.03954555477777218,0.0088697915822425,0.1183276589146171
59317.094269627996,0.006865619375330441,0.10913917316956923,0.00642708095626245,0.033412415408238756,0.006176452369267432,0.035087038265303266,0.005983873510362858,0.03000458690888201,0.00642708095626245,0.033412415408238756,0.006865619375330441,0.10913917316956923,0.006176452369267432,0.035087038265303266,0.005983873510362858,0.03000458690888201,0.006176452369267432,0.035087038265303266,0.006176452369267432,0.035087038265303266,0.006354452362345127,0.11002879224785468,0.005755442541803816,0.041020389652160226,0.005983873510362858,0.03000458690888201,0.005983873510362858,0.03000458690888201,0.005755442541803816,0.041020389652160226,0.009095393138964021,0.12302028976404683
61756.100935710325,0.0070917936716477946,0.11344316213065711,0.006647125159073468,0.03461070205068858,0.006384429470233433,0.0363614424210655,0.006182598945315237,0.03107558540195489,0.006647125159073468,0.03461070205068858,0.0070917936716477946,0.11344316213065711,0.006384429470233433,0.0363614424210655,0.006182598945315237,0.03107558540195489,0.006384429470233433,0.0363614424210655,0.006384429470233433,0.0363614424210655,0.0065557753507671105,0.11438407928547037,0.005943485633034439,0.042551007689462454,0.006182598945315237,0.031075585401954882,0.006182598945315237,0.031075585401954882,0.005943485633034439,0.042551007689462454,0.009328354245244705,0.12789903281264767
64295.39494038267,0.007324837718958,0.11791809315336811,0.006874017212845898,0.03585230435282147,0.006598732102156379,0.03768265493309426,0.006387250002108825,0.032185306234430354,0.006874017212845898,0.03585230435282147,0.007324837718958,0.11791809315336811,0.006598732102156379,0.03768265493309426,0.006387250002108825,0.032185306234430354,0.006598732102156379,0.03768265493309426,0.006598732102156379,0.03768265493309426,0.0067628746695239834,0.11891316079503039,0.006137009712593021,0.044139568251321794,0.006387250002108825,0.032185306234430354,0.006387250002108825,0.032185306234430354,0.006137009712593021,0.0441395682513218,0.009568790758814762,0.13297130248285288
66939.09990922642,0.007564931350748512,0.12257082096999791,0.007107937090952061,0.03713882386915079,0.006819521432087152,0.03905243700644591,0.006597973419079807,0.033335190362696526,0.007107937090952061,0.03713882386915079,0.007564931350748512,0.12257082096999791,0.006819521432087152,0.03905243700644591,0.006597973419079807,0.033335190362696526,0.006819521432087152,0.03905243700644591,0.006819521432087152,0.03905243700644591,0.006975889552723666,0.12362304227059805,0.006336146361384791,0.045788316078540114,0.006597973419079807,0.03333519036269652,0.006597973419079807,0.03333519036269652,0.006336146361384791,0.04578831607854012,0.009816816070332652,0.1382448223324141
69691.50902350346,0.007812250273912615,0.12740846458139243,0.007349073180093974,0.0384719287981898,0.00704696618278682,0.040472623392320925,0.006814922825356725,0.034526739378415376,0.007349073180093974,0.0384719287981898,0.007812250273912615,0.12740846458139243,0.00704696618278682,0.040472623392320925,0.006814922825356725,0.034526739378415376,0.00704696618278682,0.040472623392320925,0.00704696618278682,0.040472623392320925,0.007194953174328155,0.12852100045186776,0.006541033390215741,0.047499589819680714,0.006814922825356725,0.034526739378415376,0.006814922825356725,0.034526739378415376,0.006541033390215741,0.04749958981968072,0.010072480532254374,0.14372762314327586
72557.0919919648,0.008066994585189103,0.13243845792604497,0.007597612604119168,0.03985334051757511,0.007281233527067433,0.041945109899104,0.007038250073549857,0.035761503020563926,0.007597612604119168,0.03985334051757511,0.008066994585189103,0.13243845792604497,0.007281233527067433,0.041945109899104,0.007038250073549857,0.035761503020563926,0.007281233527067433,0.041945109899104,0.007281233527067433,0.041945109899104,0.007420222391901753,0.1336146356744008,0.006751806639838442,0.04927581155629306,0.007038250073549857,0.03576150302056393,0.007038250073549857,0.03576150302056393,0.006751806639838442,0.049275811556293056,0.010335936045200878,0.14942810184667654
75540.50230932694,0.008329352402774111,0.13766851697589233,0.007853748493333071,0.041284855116927886,0.007522496136898224,0.04347187446741299,0.007268112117538285,0.03704109911945294,0.007853748493333071,0.041284855116927886,0.008329352402774111,0.13766851697589233,0.007522496136898224,0.04347187446741299,0.007268112117538285,0.03704109911945294,0.007522496136898224,0.04347187446741299,0.007522496136898224,0.04347187446741299,0.007651840896045517,0.13891183775156868,0.006968606673682226,0.051119507467958576,0.007268112117538285,0.037041099119452935,0.007268112117538285,0.037041099119452935,0.006968606673682226,0.05111950746795858,0.01060724338698648,0.15535498369232412
78646.5848132031,0.00859951976451892,0.1431066761665191,0.008117677228768399,0.04276833639273067,0.007770929428623306,0.04505497088863293,0.007504668258593768,0.03836720705974728,0.008117677228768399,0.04276833639273067,0.00859951976451892,0.1431066761665191,0.007770929428623306,0.04505497088863293,0.007504668258593768,0.03836720705974728,0.007770929428623306,0.04505497088863293,0.007770929428623306,0.04505497088863293,0.007889959106179744,0.14442082356327246,0.007191576029822466,0.05303330315945911,0.007504668258593768,0.03836720705974726,0.007504668258593768,0.03836720705974726,0.007191576029822466,0.05303330315945914,0.010886476865935784,0.16151736825275495
81880.38355176047,0.008877696752124839,0.14876129466882387,0.008389599068399213,0.044305720172841435,0.008026712178207454,0.046696533400809925,0.007748080750767304,0.03974157174037476,0.008389599068399213,0.044305720172841435,0.008877696752124839,0.14876129466882387,0.008026712178207454,0.046696533400809925,0.007748080750767304,0.03974157174037476,0.008026712178207454,0.046696533400809925,0.008026712178207454,0.046696533400809925,0.008134730260851241,0.15015014355894957,0.007420859818321404,0.05501992911766298,0.007748080750767304,0.03974157174037476,0.007748080750767304,0.03974157174037476,0.007420859818321404,0.05501992911766296,0.011173700010006022,0.16792473744183992
85247.14997488206,0.00916408635983735,0.15464106840765332,0.008669717833012923,0.04589901645496909,0.00829002624071656,0.048398779219100886,0.007998514546113627,0.041166005526473155,0.008669717833012923,0.04589901645496909,0.00916408635983735,0.15464106840765332,0.00829002624071656,0.048398779219100886,0.007998514546113627,0.041166005526473155,0.00829002624071656,0.048398779219100886,0.00829002624071656,0.048398779219100886,0.008386309362232681,0.15610869423871798,0.007656605490804107,0.05708222432048542,0.007998514546113627,0.04116600552647314,0.007998514546113627,0.04116600552647314,0.007656605490804107,0.05708222432048544,0.01146896769748233,0.17458697168018616
88752.35146213221,0.009458895820118416,0.160755047472235,0.00895824151963285,0.04755031608947005,0.008561057135021663,0.05016401544779444,0.00825613785527,0.04264239442227288,0.00895824151963285,0.04755031608947005,0.009458895820118416,0.160755047472235,0.008561057135021663,0.05016401544779444,0.00825613785527,0.04264239442227288,0.008561057135021663,0.05016401544779444,0.008561057135021663,0.05016401544779444,0.008644854419751727,0.16230573568563453,0.00789896338337344,0.05922314397090701,0.00825613785527,0.04264239442227291,0.00825613785527,0.04264239442227291,0.00789896338337344,0.05922314397090701,0.011772327421404416,0.18151437033388754
92401.6802013766,0.009762344526266245,0.16711266058727103,0.00925538128324954,0.04926178589099245,0.008839993016418423,0.051994634888954235,0.008521121113516368,0.04417269346196008,0.00925538128324954,0.04926178589099245,0.009762344526266245,0.16711266058727103,0.008839993016418423,0.051994634888954235,0.008521121113516368,0.04417269346196008,0.008839993016418423,0.051994634888954235,0.008839993016418423,0.051994634888954235,0.008910534361231424,0.16875091708778744,0.008148085671257748,0.06144575693727282,0.008521121113516368,0.04417269346196007,0.008521121113516368,0.04417269346196007,0.008148085671257748,0.06144575693727282,0.012083860199488,0.18871767694935362
96201.06243247418,0.010074647949195818,0.17372370614924248,0.00956135278894905,0.051035681871383104,0.00912702607304421,0.053893129284167736,0.008793638408991408,0.04575893896610159,0.00956135278894905,0.051035681871383104,0.010074647949195818,0.17372370614924248,0.00912702607304421,0.053893129284167736,0.008793638408991408,0.04575893896610159,0.00912702607304421,0.053893129284167736,0.00912702607304421,0.053893129284167736,0.009183513029660636,0.17545426742156278,0.008404127833972933,0.0637532594802887,0.008793638408991408,0.04575893896610158,0.008793638408991408,0.04575893896610158,0.008404127833972933,0.06375325948028872,0.012403608495786062,0.1962080767363297
100156.66807105225,0.010396025265419107,0.18059837909205895,0.009876375392081275,0.05287434624292095,0.00942235166547413,0.055862086988857064,0.009073866590998009,0.04740324569853343,0.009876375392081275,0.05287434624292095,0.010396025265419107,0.18059837909205895,0.00942235166547413,0.055862086988857064,0.009073866590998009,0.04740324569853343,0.00942235166547413,0.055862086988857064,0.00942235166547413,0.055862086988857064,0.009463956722371625,0.1824262232881309,0.008667247731416316,0.06614897455282126,0.009073866590998009,0.047403245698533436,0.009073866590998009,0.047403245698533436,0.008667247731416316,0.06614897455282126,0.012731613370008395,0.20399722936458473
104274.92072799284,0.01072670229029987,0.18774729231877824,0.010200672354437933,0.05478021252505661,0.00972616855439656,0.057904198452197284,0.009361985505172409,0.04910781155759844,0.010200672354437933,0.05478021252505661,0.01072670229029987,0.18774729231877824,0.00972616855439656,0.057904198452197284,0.009361985505172409,0.04910781155759844,0.00972616855439656,0.057904198452197284,0.00972616855439656,0.057904198452197284,0.009752037140903431,0.18967765069756853,0.008937605848264923,0.06863635842156754,0.009361985505172409,0.049107811557598455,0.009361985505172409,0.049107811557598455,0.008937605848264923,0.06863635842156751,0.013067931287015765,0.21209728923890434
108562.50814090163,0.011066918368133553,0.19518150489845698,0.010534471021556741,0.056755809994280475,0.010038679083060418,0.060022261085516636,0.009658178178632895,0.050874921646567414,0.010534471021556741,0.056755809994280475,0.011066918368133553,0.19518150489845698,0.010038679083060418,0.060022261085516636,0.009658178178632895,0.050874921646567414,0.010038679083060418,0.060022261085516636,0.010038679083060418,0.060022261085516636,0.01004793828546493,0.19721987369304309,0.009215365482497628,0.07121900677563903,0.009658178178632895,0.05087492164656739,0.009658178178632895,0.05087492164656739,0.009215365482497628,0.071219006775639,0.013412663075459763,0.22052092360102693
113026.39303449888,0.011416917127140143,0.20291252220350567,0.010878002852570694,0.05880376674409452,0.010360089200988536,0.062219182821825855,0.00996263083791795,0.052706951051442935,0.010878002852570694,0.05880376674409452,0.011416917127140143,0.20291252220350567,0.010360089200988536,0.062219182821825855,0.00996263083791795,0.052706951051442935,0.010360089200988536,0.062219182821825855,0.010360089200988536,0.062219182821825855,0.010351847191321786,0.20506467506221865,0.009500692757480044,0.07390065968545585,0.00996263083791795,0.052706951051442935,0.00996263083791795,0.052706951051442935,0.009500692757480044,0.07390065968545588,0.013765896995434608,0.22928131662780604
117673.82442756946,0.011776925217597638,0.21095227932915683,0.011231503247540176,0.060926813570616745,0.010690608292130307,0.06449798649928176,0.010275532737584223,0.054606368393493046,0.011231503247540176,0.060926813570616745,0.011776925217597638,0.21095227932915683,0.010690608292130307,0.06449798649928176,0.010275532737584223,0.054606368393493046,0.010690608292130307,0.06449798649928176,0.010690608292130307,0.06449798649928176,0.010663932666611975,0.2132242803123591,0.009793756452089951,0.07668520740328479,0.010275532737584223,0.05460636839349307,0.010275532737584223,0.05460636839349307,0.009793756452089951,0.0766852074032848,0.014127616875053303,0.23839219556531924
122512.34940483219,0.012147158487591965,0.21931317522835128,0.011595211651564767,0.06312778949361333,0.011030449289160141,0.06686181583778596,0.010597076280720001,0.056575740892623516,0.011595211651564767,0.06312778949361333,0.012147158487591965,0.21931317522835128,0.011030449289160141,0.06686181583778596,0.010597076280720001,0.056575740892623516,0.011030449289160141,0.06686181583778596,0.011030449289160141,0.06686181583778596,0.01098435148035058,0.22171139225469452,0.010094728129378954,0.0795766977110092,0.010597076280720001,0.05657574089262348,0.010597076280720001,0.05657574089262348,0.010094728129378954,0.07957669771100918,0.014497826374023344,0.24786789393096983
127549.82537284824,0.012527926047451076,0.2280082660906908,0.011969372136957382,0.06540964443397684,0.011379829243062254,0.06931393868982251,0.010927457576325756,0.058617736743715544,0.011969372136957382,0.06540964443397684,0.012527926047451076,0.2280082660906908,0.011379829243062254,0.06931393868982251,0.010927457576325756,0.058617736743715544,0.011379829243062254,0.06931393868982251,0.011379829243062254,0.06931393868982251,0.011313352391156828,0.23053938504543547,0.010403782678115989,0.08257934077227488,0.010927457576325756,0.05861773674371556,0.010927457576325756,0.05861773674371556,0.010403782678115989,0.08257934077227487,0.014877006890475995,0.25772332321914876
132794.43281986716,0.012919458010529296,0.23705098554718884,0.012354232404726566,0.06777544413508292,0.011738968331437801,0.07185775253177422,0.011266875454779314,0.060735129676491445,0.012354232404726566,0.06777544413508292,0.012919458010529296,0.23705098554718884,0.011738968331437801,0.07185775253177422,0.011266875454779314,0.060735129676491445,0.011738968331437801,0.07185775253177422,0.011738968331437801,0.07185775253177422,0.011651103906369524,0.23972202504248338,0.010721097340632136,0.0856975162299412,0.011266875454779314,0.06073512967649144,0.011266875454779314,0.06073512967649144,0.010721097340632136,0.08569751622994122,0.01526496922216982,0.2679739831471279
138254.68860033475,0.013322019495715036,0.24645537186769165,0.012750044891556043,0.07022837609669391,0.012108090970346473,0.07449679088513725,0.01161553257944794,0.06293080432592409,0.012750044891556043,0.07022837609669391,0.013322019495715036,0.24645537186769165,0.012108090970346473,0.07449679088513725,0.01161553257944794,0.06293080432592409,0.012108090970346473,0.07449679088513725,0.012108090970346473,0.07449679088513725,0.011997808280492017,0.2492736984467139,0.011046852820435472,0.08893578113873502,0.01161553257944794,0.06293080432592409,0.01161553257944794,0.06293080432592409,0.011046852820435472,0.088935781138735,0.015661960398897865,0.27863603493530403
143939.4597656346,0.013735871011119519,0.2562360155133299,0.013157066013666747,0.07277175277606425,0.012487425059588483,0.07723472720706866,0.011973634694060934,0.06520775916830447,0.013157066013666747,0.07277175277606425,0.013735871011119519,0.2562360155133299,0.012487425059588483,0.07723472720706866,0.011973634694060934,0.06520775916830447,0.012487425059588483,0.07723472720706866,0.012487425059588483,0.07723472720706866,0.012353661905055971,0.25920935970094056,0.01138123253347826,0.09229887572257126,0.011973634694060934,0.06520775916830447,0.011973634694060934,0.06520775916830447,0.01138123253347826,0.09229887572257128,0.016068090435306236,0.2897262968368289
149857.97796352327,0.014161291160080988,0.2664081261508226,0.013575557081714769,0.0754090189716108,0.012877202887169257,0.08007538276835167,0.012341391516152007,0.06756911323449821,0.013575557081714769,0.0754090189716108,0.014161291160080988,0.2664081261508226,0.012877202887169257,0.08007538276835167,0.012341391516152007,0.06756911323449821,0.012877202887169257,0.08007538276835167,0.012877202887169257,0.08007538276835167,0.01271887797787935,0.26954459892174687,0.011724423489671952,0.09579173283161863,0.012341391516152007,0.06756911323449821,0.012341391516152007,0.06756911323449821,0.011724423489671952,0.09579173283161863,0.01648356834188055,0.3012622667148405
156019.85442964343,0.014598551515172553,0.27698750639165404,0.014005783527990891,0.07814375581826133,0.013277660386838109,0.08302273137321353,0.01271901601890739,0.07001810977748128,0.014005783527990891,0.07814375581826133,0.014598551515172553,0.27698750639165404,0.013277660386838109,0.08302273137321353,0.01271901601890739,0.07001810977748128,0.013277660386838109,0.08302273137321353,0.013277660386838109,0.08302273137321353,0.013093661449831377,0.28029561650829743,0.012076615598827346,0.09941948464721699,0.01271901601890739,0.0700181097774813,0.01271901601890739,0.0700181097774813,0.012076615598827346,0.09941948464721699,0.016908529764815203,0.3132621566683279
162435.09559545922,0.015047923423386506,0.2879905839768303,0.01444801543119692,0.08097968305805124,0.013689037598914357,0.08608090242685999,0.013106724840173823,0.07255811827786263,0.01444801543119692,0.08097968305805124,0.015047923423386506,0.2879905839768303,0.013689037598914357,0.08608090242685999,0.013106724840173823,0.07255811827786263,0.013689037598914357,0.08608090242685999,0.013689037598914357,0.08608090242685999,0.013478215677330197,0.29147925630957583,0.0124380020265023,0.10318746790039385,0.013106724840173823,0.07255811827786261,0.013106724840173823,0.07255811827786261,0.0124380020265023,0.10318746790039382,0.01734320124895037,0.32574490388410465
169114.11933796073,0.015509730188720844,0.29943458561796016,0.014902526714625433,0.083920667444432,0.014111577939829542,0.08925418995815582,0.013504737607540666,0.07519264219791857,0.014902526714625433,0.083920667444432,0.015509730188720844,0.29943458561796016,0.014111577939829542,0.08925418995815582,0.013504737607540666,0.07519264219791857,0.014111577939829542,0.08925418995815582,0.014111577939829542,0.08925418995815582,0.013872794762702813,0.30311318007252147,0.012808778577792166,0.10710123476313327,0.013504737607540666,0.07519264219791857,0.013504737607540666,0.07519264219791857,0.012808778577792166,0.10710123476313325,0.01778783424762884,0.33873026835742076
176067.77189752526,0.015984217292581794,0.3113372179387887,0.015369597643550814,0.08697074291421725,0.014545530736040448,0.09254707279756381,0.013913279495825073,0.07792533735116822,0.015369597643550814,0.08697074291421725,0.015984217292581794,0.3113372179387887,0.014545530736040448,0.09254707279756381,0.013913279495825073,0.07792533735116822,0.014545530736040448,0.09254707279756381,0.014545530736040448,0.09254707279756381,0.014277573836133548,0.31521554770392707,0.013189146275599932,0.11116657392529615,0.013913279495825073,0.07792533735116822,0.013913279495825073,0.07792533735116822,0.013189146275599932,0.11116657392529614,0.018242613364989477,0.3522387226834512
183307.3454914096,0.01647170526614675,0.3237170936000608,0.015849511561919338,0.09013408613021355,0.014991147806617313,0.09596419234218814,0.014332577695599128,0.08075998948216238,0.015849511561919338,0.09013408613021355,0.01647170526614675,0.3237170936000608,0.014991147806617313,0.09596419234218814,0.014332577695599128,0.08075998948216238,0.014991147806617313,0.09596419234218814,0.014991147806617313,0.09596419234218814,0.014692801617190963,0.32780544720010424,0.013579307709722554,0.11538949298942851,0.014332577695599128,0.08075998948216237,0.014332577695599128,0.08075998948216237,0.013579307709722554,0.11538949298942852,0.018707855101140057,0.3662916534842768
190844.596651474,0.016972573180845163,0.3365937543394118,0.01634256056239874,0.0934150791398642,0.015448689362713142,0.09951041331682409,0.014762867479054285,0.08370057160832796,0.01634256056239874,0.0934150791398642,0.016972573180845163,0.3365937543394118,0.015448689362713142,0.09951041331682409,0.014762867479054285,0.08370057160832796,0.015448689362713142,0.09951041331682409,0.015448689362713142,0.09951041331682409,0.015118784349787414,0.34090291309170184,0.01397947327877556,0.11977627701338496,0.014762867479054285,0.08370057160832796,0.014762867479054285,0.08370057160832796,0.01397947327877556,0.11977627701338497,0.019183673789168368,0.38091123096809076
198691.7653159221,0.017486929217388283,0.3499866390414275,0.016849029129101623,0.09681813547862325,0.0159184069100323,0.10319065933298709,0.015204374556552503,0.08675108477675343,0.016849029129101623,0.09681813547862325,0.017486929217388283,0.3499866390414275,0.0159184069100323,0.10319065933298709,0.015204374556552503,0.08675108477675343,0.0159184069100323,0.10319065933298709,0.0159184069100323,0.10319065933298709,0.0155555548929831,0.3545279129353749,0.014389842970278103,0.12433334088064434,0.015204374556552503,0.08675108477675346,0.015204374556552503,0.08675108477675346,0.014389842970278103,0.12433334088064435,0.01967037854747792,0.39612052789189356
206861.59470605347,0.018015275166174818,0.36391730733554517,0.01736922478273328,0.10034807324714606,0.016400575613651294,0.10701026938902426,0.015657348719906698,0.0899158997326054,0.01736922478273328,0.10034807324714606,0.018015275166174818,0.36391730733554517,0.016400575613651294,0.10701026938902426,0.015657348719906698,0.0899158997326054,0.016400575613651294,0.10701026938902426,0.016400575613651294,0.10701026938902426,0.01600354072642517,0.36870253646764284,0.014810641340139985,0.12906755908834147,0.015657348719906698,0.08991589973260539,0.015657348719906698,0.08991589973260539,0.014810641340139985,0.12906755908834147,0.02016830476271388,0.4119436601658672
215367.35202031257,0.018557869312346834,0.3784073356178253,0.01790344548542328,0.10400974020658255,0.016895459901109144,0.11097464207456258,0.01612202810216977,0.09319941354710017,0.01790344548542328,0.10400974020658255,0.018557869312346834,0.3784073356178253,0.016895459901109144,0.11097464207456258,0.01612202810216977,0.09319941354710017,0.016895459901109144,0.11097464207456258,0.016895459901109144,0.11097464207456258,0.016462923133949633,0.38344892957800275,0.015242080377675094,0.13398594300707709,0.01612202810216977,0.09319941354710018,0.01612202810216977,0.09319941354710018,0.015242080377675094,0.1339859430070771,0.020677737102195153,0.4284056236531858
224222.8499792374,0.019115019547127066,0.3934792731598754,0.018452008651614265,0.10780824228896593,0.017403342978086742,0.11508945405157574,0.016598669053240714,0.09660625810793379,0.018452008651614265,0.10780824228896593,0.019115019547127066,0.3934792731598754,0.017403342978086742,0.11508945405157574,0.016598669053240714,0.09660625810793379,0.017403342978086742,0.11508945405157574,0.017403342978086742,0.11508945405157574,0.016933931319529017,0.3987902291374247,0.015684389711551176,0.1390958437619899,0.016598669053240714,0.09660625810793377,0.016598669053240714,0.09660625810793377,0.015684389711551176,0.13909584376198994,0.021198756187284475,0.4455323924154019
233442.46925629553,0.019687082900101363,0.4091568432054242,0.019015220029901605,0.11174884423152462,0.017924496253879818,0.11936056775098915,0.017087515998464337,0.10014121081603018,0.019015220029901605,0.11174884423152462,0.019687082900101363,0.4091568432054242,0.017924496253879818,0.11936056775098915,0.017087515998464337,0.10014121081603018,0.017924496253879818,0.11936056775098915,0.017924496253879818,0.11936056775098915,0.017416843076438853,0.4147507776527441,0.016137787022687294,0.1444048727645152,0.017087515998464337,0.10014121081603018,0.017087515998464337,0.10014121081603018,0.016137787022687294,0.1444048727645152,0.02173186181663984,0.4633511085385771
243041.181831034,0.020274362251772142,0.4254644253109119,0.01959340245667713,0.11583705543376181,0.018459207573106554,0.12379411348557431,0.017588829260080346,0.1038092713325855,0.01959340245667713,0.11583705543376181,0.020274362251772142,0.4254644253109119,0.018459207573106554,0.12379411348557431,0.017588829260080346,0.1038092713325855,0.018459207573106554,0.12379411348557431,0.018459207573106554,0.12379411348557431,0.017911880473378453,0.4313555969151319,0.016602505310207412,0.14992097893519757,0.017588829260080346,0.1038092713325855,0.017588829260080346,0.1038092713325855,0.016602505310207412,0.14992097893519757,0.022277106025964718,0.4818899114360452
253034.57530246602,0.020877262280730828,0.44242785968216847,0.02018688193277161,0.12007859698526473,0.01900776736471233,0.12839646002236982,0.01810287126071752,0.10761563225947479,0.02018688193277161,0.12007859698526473,0.020877262280730828,0.44242785968216847,0.01900776736471233,0.12839646002236982,0.01810287126071752,0.10761563225947479,0.01900776736471233,0.12839646002236982,0.01900776736471233,0.12839646002236982,0.018419365857089674,0.4486311986315847,0.017078779232825716,0.1556524263918223,0.01810287126071752,0.10761563225947476,0.01810287126071752,0.10761563225947476,0.017078779232825716,0.15565242639182225,0.022835086129984913,0.5011781627983133
263438.87820217875,0.021496071866417527,0.46007348189600616,0.020795984450858618,0.12447941662852283,0.019570466073862466,0.13317423042679336,0.018629904433543346,0.11156569294177857,0.020795984450858618,0.12447941662852283,0.021496071866417527,0.46007348189600616,0.019570466073862466,0.13317423042679336,0.018629904433543346,0.11156569294177857,0.019570466073862466,0.13317423042679336,0.019570466073862466,0.13317423042679336,0.01893950568997548,0.4666046198999946,0.017566843473145532,0.161607813072341,0.018629904433543346,0.11156569294177857,0.018629904433543346,0.11156569294177857,0.017566843473145532,0.16160781307234104,0.023405837645778627,0.5212463867651237
274270.9863482682,0.022131172804756422,0.4784290385316187,0.021421058817971364,0.1290457086096601,0.020147614902238393,0.13813432178031837,0.019170210319536248,0.11566507627240662,0.021421058817971364,0.1290457086096601,0.022131172804756422,0.4784290385316187,0.020147614902238393,0.13813432178031837,0.019170210319536248,0.11566507627240662,0.020147614902238393,0.13813432178031837,0.020147614902238393,0.13813432178031837,0.01947259446016214,0.4853043374667302,0.018066950180793677,0.1677960917170749,0.019170210319536248,0.11566507627240662,0.019170210319536248,0.11566507627240662,0.018066950180793677,0.16779609171707494,0.023989652133201412,0.5421263340139194
285548.49028289574,0.02278291150982068,0.49752337520759177,0.02206242754631209,0.13378390072423535,0.020739501228153392,0.14328389614795503,0.01972404856063063,0.11991961969294324,0.02206242754631209,0.13378390072423535,0.02278291150982068,0.49752337520759177,0.020739501228153392,0.14328389614795503,0.01972404856063063,0.11991961969294324,0.020739501228153392,0.14328389614795503,0.020739501228153392,0.14328389614795503,0.020018896843752097,0.504759962689939,0.018579331554251732,0.1742265685737401,0.01972404856063063,0.11991961969294324,0.01972404856063063,0.11991961969294324,0.018579331554251732,0.17422656857374005,0.024586858151809214,0.5638511062447104
297289.70383802993,0.023451655966314974,0.5173864294782532,0.022720449358290935,0.13870069753849412,0.021346445435419296,0.1486304212923462,0.020291709250062344,0.12433541096341047,0.022720449358290935,0.13870069753849412,0.023451655966314974,0.5173864294782532,0.021346445435419296,0.1486304212923462,0.020291709250062344,0.12433541096341047,0.021346445435419296,0.1486304212923462,0.021346445435419296,0.1486304212923462,0.02057869155501875,0.5250022280859444,0.019104247684967858,0.18090894172872052,0.020291709250062344,0.12433541096341048,0.020291709250062344,0.12433541096341048,0.019104247684967858,0.18090894172872052,0.025197654453617067,0.5864551061614294
309513.69387575274,0.024137787580081994,0.5380494558558865,0.023395480624352455,0.1438030644615265,0.021968765663132946,0.15418165861244726,0.020873480293760287,0.1289187758533548,0.023395480624352455,0.1438030644615265,0.024137787580081994,0.5380494558558865,0.021968765663132946,0.15418165861244726,0.020873480293760287,0.1289187758533548,0.021968765663132946,0.15418165861244726,0.021968765663132946,0.15418165861244726,0.021152270818958475,0.5460632190722213,0.01964195655999972,0.18785329686148372,0.020873480293760287,0.12891877585335476,0.020873480293760287,0.12891877585335476,0.01964195655999972,0.18785329686148372,0.025822358148316234,0.6099741890712637
322240.3112514332,0.02484169526217168,0.5595450768117975,0.024087869843706127,0.14909821733336803,0.022606772293561048,0.15994565546688988,0.021469641904156574,0.1336762692407525,0.024087869843706127,0.14909821733336803,0.02484169526217168,0.5595450768117975,0.022606772293561048,0.15994565546688988,0.021469641904156574,0.1336762692407525,0.022606772293561048,0.15994565546688988,0.022606772293561048,0.15994565546688988,0.02173993442916571,0.5679764293375539,0.02019270859850255,0.19507010568997277,0.021469641904156574,0.13367626924075246,0.021469641904156574,0.13367626924075246,0.02019270859850255,0.1950701056899728,0.026461398062676333,0.634445724818585
335490.223050048,0.025563720225082555,0.5819065941256872,0.024798019454286814,0.15459375732684805,0.02326082705624686,0.16593087265371037,0.02208052357851277,0.13861479346884234,0.024798019454286814,0.15459375732684805,0.025563720225082555,0.5819065941256872,0.02326082705624686,0.16593087265371037,0.02208052357851277,0.13861479346884234,0.02326082705624686,0.16593087265371037,0.02326082705624686,0.16593087265371037,0.022341928647741503,0.5907760553821257,0.020756801240503588,0.20257034318917577,0.02208052357851277,0.13861479346884234,0.02208052357851277,0.13861479346884234,0.020756801240503588,0.20257034318917574,0.027114392139428005,0.6599083242271534
349284.946147998,0.026304310148389708,0.6051698409458376,0.025526261504842492,0.16029744877351748,0.02393122435155616,0.1721459805951666,0.022706389859867344,0.14374140496197582,0.025526261504842492,0.16029744877351748,0.026304310148389708,0.6051698409458376,0.02393122435155616,0.1721459805951666,0.022706389859867344,0.14374140496197582,0.02393122435155616,0.1721459805951666,0.02393122435155616,0.1721459805951666,0.022958612704204375,0.614498885358802,0.021334469671288166,0.21036531528651684,0.022706389859867344,0.1437414049619758,0.022706389859867344,0.1437414049619758,0.021334469671288166,0.21036531528651684,0.02778237414745152,0.6864027016906278
363646.88215492363,0.02706383391795695,0.6293711310691145,0.026272994878922644,0.16621747887654695,0.024618321987052175,0.17860010244962166,0.023347565980061318,0.14906354091471705,0.026272994878922644,0.16621747887654695,0.02706383391795695,0.6293711310691145,0.024618321987052175,0.17860010244962166,0.023347565980061318,0.14906354091471705,0.024618321987052175,0.17860010244962166,0.024618321987052175,0.17860010244962166,0.023590259341967453,0.6391822122870776,0.021926006799254702,0.21846687706075515,0.023347565980061318,0.14906354091471707,0.023347565980061318,0.14906354091471707,0.021926006799254702,0.21846687706075515,0.028465219855048355,0.7139708244424958
378599.3537922616,0.027842709785316052,0.6545487050576624,0.027038604802733648,0.17236232594537224,0.025322464516823885,0.18530269451042233,0.024004364207205392,0.15458890508591347,0.027038604802733648,0.17236232594537224,0.027842709785316052,0.6545487050576624,0.025322464516823885,0.18530269451042233,0.024004364207205392,0.15458890508591347,0.025322464516823885,0.18530269451042233,0.025322464516823885,0.18530269451042233,0.02423719136820745,0.6648653039428991,0.022531692943190174,0.22688733477279097,0.024004364207205392,0.1545889050859135,0.024004364207205392,0.1545889050859135,0.022531692943190174,0.226887334772791,0.029163275786587162,0.7426565433892575
394166.6427676185,0.02864134557362598,0.6807422195507314,0.02782348539488489,0.17874081259747757,0.02604400469940392,0.19226359808443674,0.024677104447382792,0.16032551461084874,0.02782348539488489,0.17874081259747757,0.02864134557362598,0.6807422195507314,0.02604400469940392,0.19226359808443674,0.024677104447382792,0.16032551461084874,0.02604400469940392,0.19226359808443674,0.02604400469940392,0.19226359808443674,0.02489971947363522,0.691588887795069,0.023151815483592873,0.23563949767397735,0.024677104447382792,0.16032551461084874,0.024677104447382792,0.16032551461084874,0.023151815483592873,0.23563949767397735,0.02987678595700016,0.7725054905923835
410374.0292064678,0.029460171381696917,0.7079930736693959,0.02862803859465399,0.18536211870511599,0.026783302512651177,0.1994930542222498,0.02536611332828684,0.1662817118699042,0.02862803859465399,0.18536211870511599,0.029460171381696917,0.7079930736693959,0.026783302512651177,0.1994930542222498,0.02536611332828684,0.1662817118699042,0.026783302512651177,0.1994930542222498,0.026783302512651177,0.1994930542222498,0.025578175140230655,0.7193954794313396,0.02378666801439528,0.244736697765751,0.02536611332828684,0.16628171186990423,0.02536611332828684,0.16628171186990423,0.02378666801439528,0.244736697765751,0.030606051459941334,0.8035651751028825
427247.8327052035,0.030299605921808845,0.7363441975406135,0.029452673820114697,0.19223579391669837,0.027540724798141545,0.20700171812474447,0.026071723833043965,0.17246617593842486,0.029452673820114697,0.19223579391669837,0.030299605921808845,0.7363441975406135,0.027540724798141545,0.20700171812474447,0.026071723833043965,0.17246617593842486,0.027540724798141545,0.20700171812474447,0.027540724798141545,0.20700171812474447,0.026272876946756757,0.7483291732474275,0.024436549968075826,0.25419280949212897,0.026071723833043965,0.17246617593842486,0.026071723833043965,0.17246617593842486,0.024436549968075826,0.25419280949212897,0.031351273006114164,0.8358850380959643
444815.45507221454,0.03116008633200769,0.7658403525366038,0.03029780971968413,0.19937177425732364,0.028316646909110923,0.21480067749607296,0.02679427686484537,0.17888793769786726,0.03029780971968413,0.19937177425732364,0.03116008633200769,0.7658403525366038,0.028316646909110923,0.21480067749607296,0.02679427686484537,0.17888793769786726,0.028316646909110923,0.21480067749607296,0.028316646909110923,0.21480067749607296,0.026984160145169654,0.7784359444816848,0.02510176808870074,0.26402227325500216,0.02679427686484537,0.17888793769786723,0.02679427686484537,0.17888793769786723,0.02510176808870074,0.2640222732550021,0.03211271752070478,0.8695165569820209
463105.42482639855,0.03204206126512541,0.7965282004482526,0.03116386903338598,0.20678039472686346,0.029111447896680163,0.22290146714457346,0.02753411670054264,0.18555639121070777,0.03116386903338598,0.20678039472686346,0.03204206126512541,0.7965282004482526,0.029111447896680163,0.22290146714457346,0.02753411670054264,0.18555639121070777,0.029111447896680163,0.22290146714457346,0.029111447896680163,0.22290146714457346,0.02771237053335734,0.8097637207351147,0.025782632167372584,0.27424011567214013,0.02753411670054264,0.1855563912107078,0.02753411670054264,0.1855563912107078,0.025782632167372584,0.2742401156721402,0.03289067998120404,0.9045133292685702
482147.44352536264,0.032945995623207894,0.8284564014591919,0.03205128226644498,0.21447239485606673,0.029925513686914207,0.23131607751043215,0.02829159375214864,0.1924812995404901,0.03205128226644498,0.21447239485606673,0.032945995623207894,0.8284564014591919,0.029925513686914207,0.23131607751043215,0.02829159375214864,0.1924812995404901,0.029925513686914207,0.23131607751043215,0.029925513686914207,0.23131607751043215,0.028457867913435866,0.8423624840148524,0.026479457404065723,0.28486196544146836,0.02829159375214864,0.19248129954049012,0.02829159375214864,0.19248129954049012,0.026479457404065723,0.28486196544146836,0.03368560994029139,0.9409312750173655
501972.43399855646,0.03387233424921588,0.8616752532570766,0.03296049639080696,0.22245898451295973,0.030759246111751244,0.24005701876454638,0.029067073902680273,0.1996728523939905,0.03296049639080696,0.22245898451295973,0.03387233424921588,0.8616752532570766,0.030759246111751244,0.24005701876454638,0.029067073902680273,0.1996728523939905,0.030759246111751244,0.24005701876454638,0.030759246111751244,0.24005701876454638,0.029220990909689354,0.8762839043461168,0.02719257392152364,0.2959041172971239,0.029067073902680273,0.19967285239399052,0.029067073902680273,0.19967285239399052,0.02719257392152364,0.29590411729712385,0.034497553916201046,0.9788283376107756
522612.5905636587,0.034821539908402636,0.89623718257378,0.03389196633564448,0.23075181058301988,0.03161305397665508,0.24913729358410497,0.029860929195856853,0.20714163815781308,0.03389196633564448,0.23075181058301988,0.034821539908402636,0.89623718257378,0.03161305397665508,0.24913729358410497,0.029860929195856853,0.20714163815781308,0.03161305397665508,0.24913729358410497,0.03161305397665508,0.24913729358410497,0.030002093611705912,0.9115818417051555,0.02792231720417625,0.3073835173847854,0.029860929195856853,0.20714163815781308,0.029860929195856853,0.20714163815781308,0.02792231720417625,0.3073835173847855,0.035326676065303014,1.0182649117794
544101.4313077674,0.03579411870919071,0.9321973442816214,0.03484613609392122,0.23936293962036828,0.032487335003110684,0.25857038437539187,0.03067352044679375,0.2148986290401016,0.03484613609392122,0.23936293962036828,0.03579411870919071,0.9321973442816214,0.032487335003110684,0.25857038437539187,0.03067352044679375,0.2148986290401016,0.032487335003110684,0.25857038437539187,0.032487335003110684,0.25857038437539187,0.030801572837127787,0.9483129526049104,0.028669011480824246,0.31931776071291323,0.03067352044679375,0.21489862904010157,0.03067352044679375,0.21489862904010157,0.028669011480824246,0.3193177607129133,0.036173693197110265,1.0593042453740604
566473.8525182931,0.03679055365860053,0.9696125087232974,0.03582348851330717,0.24830500820459575,0.033382524270173804,0.2683703967317475,0.03150524465477063,0.2229553133903224,0.03582348851330717,0.24830500820459575,0.03679055365860053,0.9696125087232974,0.033382524270173804,0.2683703967317475,0.03150524465477063,0.2229553133903224,0.033382524270173804,0.2683703967317475,0.033382524270173804,0.2683703967317475,0.031619799192000475,0.9865355604399982,0.029433015741513486,0.3317252264284851,0.03150524465477063,0.2229553133903224,0.03150524465477063,0.2229553133903224,0.029433015741513486,0.3317252264284852,0.0370386705565986,1.1020116718283042
589766.1853519479,0.03781133518259966,1.0085419925436478,0.03682449110647555,0.25759110431123705,0.03429904154255082,0.27855195294537255,0.032356483492303544,0.2313235924600788,0.03682449110647555,0.25759110431123705,0.03781133518259966,1.0085419925436478,0.03429904154255082,0.27855195294537255,0.032356483492303544,0.2313235924600788,0.03429904154255082,0.27855195294537255,0.03429904154255082,0.27855195294537255,0.032457150436458554,1.0263106094976109,0.03021467378340229,0.3446249940396303,0.032356483492303544,0.2313235924600788,0.032356483492303544,0.2313235924600788,0.03021467378340229,0.3446249940396303,0.03792198225919711,1.1464555423584166
614016.2548338557,0.038856979541588905,1.0490475561644437,0.03784963750413333,0.26723487863843354,0.03523733127271461,0.2891302996205744,0.033227642183569064,0.24001587881748138,0.03784963750413333,0.26723487863843354,0.038856979541588905,1.0490475561644437,0.03523733127271461,0.2891302996205744,0.033227642183569064,0.24001587881748138,0.03523733127271461,0.2891302996205744,0.03523733127271461,0.2891302996205744,0.03331402700157435,1.0677015518464141,0.031014351680579633,0.35803694824422955,0.033227642183569064,0.24001587881748138,0.033227642183569064,0.24001587881748138,0.031014351680579633,0.35803694824422955,0.03882395912033333,1.1927068507172032
639263.4412825939,0.03992799859400533,1.0911933821215136,0.03889942357381244,0.2772505158324922,0.036197839602903625,0.3001212849668681,0.03411912719639395,0.24904507172322446,0.03889942357381244,0.2772505158324922,0.03992799859400533,1.0911933821215136,0.036197839602903625,0.3001212849668681,0.03411912719639395,0.24904507172322446,0.036197839602903625,0.3001212849668681,0.036197839602903625,0.3001212849668681,0.03419082356465399,1.1107743358826936,0.03183241632380202,0.37198176937278843,0.03411912719639395,0.2490450717232245,0.03411912719639395,0.2490450717232245,0.03183241632380202,0.3719817693727885,0.039744718205548125,1.2408394617956522
665548.7442609189,0.04102492524173201,1.1350464122292576,0.0399743573588583,0.2876527827468952,0.037181023966209446,0.31154140805725755,0.03503135557972676,0.2584246002904074,0.0399743573588583,0.2876527827468952,0.04102492524173201,1.1350464122292576,0.037181023966209446,0.31154140805725755,0.03503135557972676,0.2584246002904074,0.037181023966209446,0.31154140805725755,0.037181023966209446,0.31154140805725755,0.03508795381018832,1.1555977427479749,0.032669244428357024,0.38648098774212253,0.03503135557972676,0.25842460029040737,0.03503135557972676,0.25842460029040737,0.032669244428357024,0.38648098774212264,0.04068473804756898,1.2909304701143196
692914.8491560178,0.04214830697491428,1.1806763730359529,0.04107495936416384,0.29845705301551567,0.038187353366908164,0.32340784612134477,0.035964755242858304,0.2681684457235912,0.04107495936416384,0.29845705301551567,0.04214830697491428,1.1806763730359529,0.038187353366908164,0.32340784612134477,0.035964755242858304,0.2681684457235912,0.038187353366908164,0.32340784612134477,0.038187353366908164,0.32340784612134477,0.036005843984151374,1.2022434145850263,0.03352522280644488,0.4015570189764709,0.035964755242858304,0.2681684457235912,0.035964755242858304,0.2681684457235912,0.03352522280644488,0.4015570189764709,0.04164447989744187,1.3430600221397881
721406.1964974249,0.04329868781093033,1.2281556911108116,0.0422017531208621,0.3096792663997154,0.03921729880723568,0.3357384214959289,0.03691975527388002,0.2782911066616075,0.0422017531208621,0.3096792663997154,0.04329868781093033,1.2281556911108116,0.03921729880723568,0.3357384214959289,0.03691975527388002,0.2782911066616075,0.03921729880723568,0.3357384214959289,0.03921729880723568,0.3357384214959289,0.03694491441590713,1.2507857827492075,0.034400738659517906,0.4172331470227754,0.03691975527388002,0.2782911066616075,0.03691975527388002,0.2782911066616075,0.034400738659517906,0.4172331470227755,0.04262400586199173,1.397311457909878
751069.0541251499,0.04447660863511457,1.2775592330794,0.04335529927734961,0.3213361587844115,0.04027136744147535,0.34855182013436503,0.03789682015450123,0.28880780114868615,0.04335529927734961,0.3213361587844115,0.04447660863511457,1.2775592330794,0.04027136744147535,0.34855182013436503,0.03789682015450123,0.28880780114868615,0.04027136744147535,0.34855182013436503,0.04027136744147535,0.34855182013436503,0.03790558040676573,1.3013017805835945,0.035296213568383125,0.4335337280269699,0.03789682015450123,0.2888078011486861,0.03789682015450123,0.2888078011486861,0.035296213568383125,0.4335337280269699,0.04362317016484082,1.453771368674664
781951.5923252275,0.04568266970021763,1.3289662491829963,0.044536124466391956,0.3334449180894725,0.04135003189954349,0.361867277374221,0.03889637940441238,0.2997341672266379,0.044536124466391956,0.3334449180894725,0.04568266970021763,1.3289662491829963,0.04135003189954349,0.361867277374221,0.03889637940441238,0.2997341672266379,0.04135003189954349,0.361867277374221,0.04135003189954349,0.361867277374221,0.038888314874934445,1.3538728464480252,0.036212034046849285,0.4504839284143951,0.03889637940441238,0.2997341672266379,0.03889637940441238,0.2997341672266379,0.036212034046849285,0.4504839284143951,0.04464320501319137,1.5125307372793562
814103.9620546977,0.046917510258135765,1.3824592487360927,0.04574481005520624,0.3460236345029191,0.04245381799524898,0.37570500095744197,0.039918914532448724,0.31108665670669366,0.04574481005520624,0.3460236345029191,0.046917510258135765,1.3824592487360927,0.04245381799524898,0.37570500095744197,0.039918914532448724,0.31108665670669366,0.04245381799524898,0.37570500095744197,0.04245381799524898,0.37570500095744197,0.039893626781495745,1.4085837384812832,0.03714863700802313,0.46811010825111526,0.039918914532448724,0.3110866567066937,0.039918914532448724,0.3110866567066937,0.03714863700802313,0.46811010825111543,0.04568444327596563,1.5736835936809295
847578.3763830496,0.04818164710385651,1.4381220805077173,0.04698191868500129,0.3590909613551703,0.04358323203306441,0.390085862004087,0.04096488689803968,0.3228822404816331,0.04698191868500129,0.3590909613551703,0.04818164710385651,1.4381220805077173,0.04358323203306441,0.390085862004087,0.04096488689803968,0.3228822404816331,0.04358323203306441,0.390085862004087,0.04358323203306441,0.390085862004087,0.04092190046181528,1.4655206747423497,0.03810643878690082,0.4864395652439979,0.04096488689803968,0.32288224048163316,0.04096488689803968,0.32288224048163316,0.03810643878690082,0.4864395652439976,0.046746316990330807,1.637327653709001
882429.1952823831,0.049475680626262473,1.4960426440579648,0.048248067030380135,0.37266651185723776,0.044738832563579446,0.4050317689429446,0.04203480872424405,0.33513875587179665,0.048248067030380135,0.37266651185723776,0.049475680626262473,1.4960426440579648,0.044738832563579446,0.4050317689429446,0.04203480872424405,0.33513875587179665,0.044738832563579446,0.4050317689429446,0.044738832563579446,0.4050317689429446,0.04197360031534692,1.5247739927820319,0.03908590482333397,0.5055008764684509,0.04203480872424405,0.3351387558717966,0.04203480872424405,0.3351387558717966,0.03908590482333397,0.505500876468451,0.0478300928042388,1.7035650960434845
918713.0139039808,0.050800355900486864,1.556315898718852,0.049543831270421355,0.38677046475016374,0.04592113781103609,0.4205653076362568,0.043129151996825314,0.34787456373854103,0.049543831270421355,0.38677046475016374,0.050800355900486864,1.556315898718852,0.04592113781103609,0.4205653076362568,0.043129151996825314,0.34787456373854103,0.04592113781103609,0.4205653076362568,0.04592113781103609,0.4205653076362568,0.04304933515905517,1.5864412274900146,0.04008746077647091,0.5253235989685517,0.043129151996825314,0.34787456373854103,0.043129151996825314,0.34787456373854103,0.04008746077647091,0.5253235989685519,0.04893571471015534,1.7725022937164994
956488.7544846472,0.05215622440994986,1.6190359290731664,0.05086984242997227,0.40142398201650303,0.04713071852475391,0.4367101352039211,0.04424843943391451,0.3611089141030849,0.05086984242997227,0.40142398201650303,0.05215622440994986,1.6190359290731664,0.04713071852475391,0.4367101352039211,0.04424843943391451,0.3611089141030849,0.04713071852475391,0.4367101352039211,0.04713071852475391,0.4367101352039211,0.04414951549467168,1.6506191219978494,0.0411115808789011,0.5459386300284489,0.04424843943391451,0.3611089141030849,0.04424843943391451,0.3611089141030849,0.0411115808789011,0.5459386300284488,0.050063463715853226,1.844249588913708
995817.7620320608,0.05354389376087459,1.6843015683364477,0.05222673303399302,0.4166490338058051,0.04836814607813808,0.4534908241324742,0.04539319367881256,0.3748617947232731,0.05222673303399302,0.4166490338058051,0.05354389376087459,1.6843015683364477,0.04836814607813808,0.4534908241324742,0.04539319367881256,0.3748617947232731,0.04836814607813808,0.4534908241324742,0.04836814607813808,0.4534908241324742,0.04527460583585159,1.71740928740058,0.0421587386334222,0.5673780874687452,0.04539319367881256,0.3748617947232731,0.04539319367881256,0.3748617947232731,0.0421587386334222,0.5673780874687451,0.051213517059412565,1.918922101882236
1036763.9039445297,0.05496418155140686,1.752220128579034,0.05361514625694452,0.4324684662375223,0.049634001368773974,0.47093293198142294,0.04656394601150967,0.38915399157107805,0.05361514625694452,0.4324684662375223,0.05496418155140686,1.752220128579034,0.049634001368773974,0.47093293198142294,0.04656394601150967,0.38915399157107805,0.049634001368773974,0.47093293198142294,0.049634001368773974,0.47093293198142294,0.04642527812618637,1.786921932575104,0.04322941526600962,0.5896753878592997,0.04656394601150967,0.38915399157107816,0.04656394601150967,0.38915399157107816,0.04322941526600962,0.5896753878592997,0.05238682117816905,1.9966399770685268
1079393.6737269145,0.05641763286522062,1.8228967618523,0.05503574420387933,0.44890606328316995,0.050928882720501015,0.48906306595387294,0.047761243960969244,0.4040071443367913,0.05503574420387933,0.44890606328316995,0.05641763286522062,1.8228967618523,0.050928882720501015,0.48906306595387294,0.047761243960969244,0.4040071443367913,0.050928882720501015,0.48906306595387294,0.050928882720501015,0.48906306595387294,0.047601928467947176,1.8592652263910707,0.04432410699387759,0.6128653210736388,0.047761243960969244,0.4040071443367912,0.047761243960969244,0.4040071443367912,0.04432410699387759,0.6128653210736387,0.053583267420011294,2.0775277992315093
1123776.2989711692,0.05790510317155711,1.896447859635802,0.0564892047638962,0.4659865785845885,0.052253402900008114,0.5079089197315879,0.04898564844796947,0.41944377553265555,0.0564892047638962,0.4659865785845885,0.05790510317155711,1.896447859635802,0.052253402900008114,0.5079089197315879,0.04898564844796947,0.41944377553265555,0.052253402900008114,0.5079089197315879,0.052253402900008114,0.5079089197315879,0.04880526036219575,1.9345587029828626,0.04544332231460961,0.636984101120783,0.04898564844796947,0.4194437755326555,0.04898564844796947,0.4194437755326555,0.04544332231460961,0.6369841011207827,0.05480348396440396,2.161715557607841
1169983.8537768237,0.05942705769785916,1.9729844640210261,0.057976222960202314,0.4837357686455852,0.05360819030274887,0.5274993119577605,0.05023773484486096,0.4354873209729453,0.057976222960202314,0.4837357686455852,0.05942705769785916,1.9729844640210261,0.05360819030274887,0.5274993119577605,0.05023773484486096,0.4354873209729453,0.05360819030274887,0.5274993119577605,0.05360819030274887,0.5274993119577605,0.05003558372333309,2.0129166791159436,0.046587582935391496,0.6620694192977294,0.05023773484486096,0.43548732097294524,0.05023773484486096,0.43548732097294524,0.046587582935391496,0.6620694192977296,0.05604742919649431,2.2493383238136504
1218091.3757939884,0.060984642907970475,2.0526394053926427,0.05949750708699092,0.5021804370167368,0.05499388536270354,0.5478642352696462,0.05151808959332933,0.45216216997512143,0.05949750708699092,0.5021804370167368,0.060984642907970475,2.0526394053926427,0.05499388536270354,0.5478642352696462,0.05151808959332933,0.45216216997512143,0.05499388536270354,0.5478642352696462,0.05499388536270354,0.5478642352696462,0.05129388692123243,2.0944753969675665,0.04775742062442811,0.688160507425611,0.05151808959332933,0.45216216997512154,0.05151808959332933,0.45216216997512154,0.04775742062442811,0.688160507425611,0.05731622208974426,2.3405373308184285
1268176.9880789472,0.06257822120649394,2.1355296838634383,0.06105378469429758,0.5213484555308665,0.05641114588527444,0.5690348844468048,0.052827315035869495,0.46949368573307126,0.06105378469429758,0.5213484555308665,0.06257822120649394,2.1355296838634383,0.05641114588527444,0.5690348844468048,0.052827315035869495,0.46949368573307126,0.05641114588527444,0.5690348844468048,0.05641114588527444,0.5690348844468048,0.05258037006746179,2.1793554147394016,0.04895338151895114,0.7152981837817592,0.052827315035869495,0.4694936857330712,0.052827315035869495,0.4694936857330712,0.04895338151895114,0.7152981837817592,0.05860895727213146,2.4354584362360487
1320322.0259602196,0.06420862537394592,2.2217889800557593,0.06264580309869658,0.5412688635813667,0.0578606480699044,0.5910437568615418,0.05416603083766172,0.48750829306214505,0.06264580309869658,0.5412688635813667,0.06420862537394592,2.2217889800557593,0.0578606480699044,0.5910437568615418,0.05416603083766172,0.48750829306214505,0.0578606480699044,0.5910437568615418,0.0578606480699044,0.5910437568615418,0.05389570065237783,2.2676941142860887,0.05017602791313031,0.7435249624082642,0.05416603083766172,0.48750829306214516,0.05416603083766172,0.48750829306214516,0.05017602791313031,0.743524962408264,0.059927568891084484,2.534255142533734
1374611.1691211173,0.06587677465213103,2.3115587682384007,0.06427432612252021,0.561971855319483,0.05934308285221299,0.6139246500006524,0.055534870015823405,0.5062334696717523,0.06427432612252021,0.561971855319483,0.06587677465213103,2.3115587682384007,0.05934308285221299,0.6139246500006524,0.055534870015823405,0.5062334696717523,0.05934308285221299,0.6139246500006524,0.05934308285221299,0.6139246500006524,0.05524062864379451,2.3596368302567607,0.05142593403150219,0.7728850744480938,0.055534870015823405,0.5062334696717522,0.055534870015823405,0.5062334696717522,0.05142593403150219,0.772885074448094,0.06127123502160976,2.637085673368287
1431132.5791132837,0.0675836262187488,2.404987337654424,0.06594013720822736,0.5834888559494223,0.06085915907093734,0.6377127414910443,0.056934482150069986,0.5256978143017804,0.06594013720822736,0.5834888559494223,0.0675836262187488,2.404987337654424,0.06085915907093734,0.6377127414910443,0.056934482150069986,0.5256978143017804,0.06085915907093734,0.6377127414910443,0.06085915907093734,0.6377127414910443,0.056615938133763984,2.455335873196672,0.052703689250818996,0.8034245617129079,0.056934482150069986,0.5256978143017804,0.056934482150069986,0.5256978143017804,0.052703689250818996,0.8034245617129079,0.06264097783432684,2.744115793002767
1489978.0425245308,0.06932955241877463,2.502209653115031,0.0676440397614704,0.6058525692613724,0.062409603740632924,0.6624446430056695,0.058365533600719464,0.5459310901599361,0.0676440397614704,0.6058525692613724,0.06932955241877463,2.502209653115031,0.062409603740632924,0.6624446430056695,0.058365533600719464,0.5459310901599361,0.062409603740632924,0.6624446430056695,0.062409603740632924,0.6624446430056695,0.05802182440837637,2.5549303972691435,0.054009898265437076,0.8351913486797163,0.058365533600719464,0.545931090159936,0.058365533600719464,0.545931090159936,0.054009898265437076,0.8351913486797163,0.06403703446670979,2.8555176398736917
1551243.1200334697,0.07111580963398736,2.6033940675340785,0.06938685756097127,0.6290970262653497,0.0639951623797811,0.6881584556076312,0.05982870777298418,0.5669642694247385,0.06938685756097127,0.6290970262653497,0.07111580963398736,2.6033940675340785,0.0639951623797811,0.6881584556076312,0.05982870777298418,0.5669642694247385,0.0639951623797811,0.6881584556076312,0.0639951623797811,0.6881584556076312,0.05945936262820633,2.6585931203739412,0.05534518129032549,0.8682353167889599,0.05982870777298418,0.5669642694247384,0.05982870777298418,0.5669642694247384,0.05534518129032549,0.8682353167889602,0.06545974836131835,2.971470493621875
1615027.3015929707,0.072943127278806,2.7086978318718167,0.07116943597325526,0.6532576409657266,0.06561660012937691,0.7148938321159561,0.061324706161097024,0.5888295840210552,0.07116943597325526,0.6532576409657266,0.072943127278806,2.7086978318718167,0.06561660012937691,0.7148938321159561,0.061324706161097024,0.5888295840210552,0.06561660012937691,0.7148938321159561,0.06561660012937691,0.7148938321159561,0.0609290966137331,2.766485841147348,0.056710175026351964,0.9026083859091351,0.061324706161097024,0.5888295840210555,0.061324706161097024,0.5888295840210555,0.056710175026351964,0.9026083859091346,0.06690959836300572,3.0921610572588585
1681434.1679945018,0.07481240520641923,2.8182895870241236,0.07299264131885641,0.678371265793495,0.06727470115013008,0.742692039564155,0.06285424776908052,0.6115605761391197,0.07299264131885641,0.678371265793495,0.07481240520641923,2.8182895870241236,0.06727470115013008,0.742692039564155,0.06285424776908052,0.6115605761391197,0.06727470115013008,0.742692039564155,0.06727470115013008,0.742692039564155,0.062431736311755935,2.8787819385472986,0.05810553211013153,0.9383645969496778,0.06285424776908052,0.6115605761391196,0.06285424776908052,0.6115605761391196,0.05810553211013153,0.9383645969496778,0.06838700983897102,3.2177836913821234
1750571.5590756596,0.0767245782351139,2.9323452852345433,0.07485736456578808,0.7044762527923168,0.06897027201939564,0.7715960275357785,0.06441807227793148,0.6351921540091708,0.07485736456578808,0.7044762527923168,0.0767245782351139,2.9323452852345433,0.06897027201939564,0.7715960275357785,0.06441807227793148,0.6351921540091708,0.06897027201939564,0.7715960275357785,0.06897027201939564,0.7715960275357785,0.06396802167517278,2.9956623009251513,0.05953192403618101,0.9755602008956278,0.06441807227793148,0.6351921540091708,0.06441807227793148,0.6351921540091708,0.05953192403618101,0.9755602008956278,0.06989245380607133,3.348540767228861
1822551.7488440895,0.07868058376583113,3.0510473624370125,0.07676451816693787,0.731612508092116,0.07070413875276076,0.8016504906542972,0.06601693720840685,0.6597606417594469,0.07676451816693787,0.731612508092116,0.07868058376583113,3.0510473624370125,0.07070413875276076,0.8016504906542972,0.06601693720840685,0.6597606417594469,0.07070413875276076,0.8016504906542972,0.07070413875276076,0.8016504906542972,0.0655386906601864,3.1173145075689512,0.06099003848190707,1.0142537437928139,0.06601693720840685,0.6597606417594468,0.06601693720840685,0.6597606417594468,0.06099003848190707,1.014253743792814,0.07142633204942757,3.4846428995491157
1897491.6278021662,0.08068138626015116,3.1745855537503136,0.07871504501558929,0.7598215772525747,0.07247715526154187,0.8329019600482388,0.06765162599929488,0.6853038560103147,0.07871504501558929,0.7598215772525747,0.08068138626015116,3.1745855537503136,0.07247715526154187,0.8329019600482388,0.06765162599929488,0.6853038560103147,0.07247715526154187,0.8329019600482388,0.07247715526154187,0.8329019600482388,0.0671445026922559,3.243933648972957,0.06248058694681375,1.0545061780561893,0.06765162599929488,0.6853038560103148,0.06765162599929488,0.6853038560103148,0.06248058694681375,1.0545061780561895,0.07298901605754302,3.6263092881576164
1975512.8927685209,0.08272797984294322,3.303157919990233,0.08070990250373722,0.7891466579593369,0.07429018805357795,0.8653988288073484,0.06932293318513946,0.7118611207799994,0.08070990250373722,0.7891466579593369,0.08272797984294322,3.303157919990233,0.07429018805357795,0.8653988288073484,0.06932293318513946,0.7118611207799994,0.07429018805357795,0.8653988288073484,0.07429018805357795,0.8653988288073484,0.0687862424443106,3.375723372169639,0.064004290541959,1.0963809187793916,0.06932293318513946,0.7118611207799993,0.06932293318513946,0.7118611207799993,0.064004290541959,1.0963809187793918,0.07458081758825982,3.773768101023486
2056742.2445046713,0.0848214296767635,3.4369719111943953,0.08275009392153168,0.8196327889891132,0.07614414640978924,0.8991915393321267,0.07103169366408622,0.7394734323495421,0.08275009392153168,0.8196327889891132,0.0848214296767635,3.4369719111943953,0.07614414640978924,0.8991915393321267,0.07103169366408622,0.7394734323495421,0.07614414640978924,0.8991915393321267,0.07614414640978924,0.8991915393321267,0.0704647589773889,3.5128969315524285,0.06556190808564862,1.1399440394484364,0.07103169366408622,0.739473432349542,0.07103169366408622,0.739473432349542,0.06556190808564862,1.139944039448436,0.07620308329502293,3.9272580443859013
2141311.593467683,0.08696271603084245,3.5762401838226605,0.08483660442080779,0.8513266455464681,0.07803992061744686,0.9343324107631487,0.0727787226070721,0.7681832893473781,0.08483660442080779,0.8513266455464681,0.08696271603084245,3.5762401838226605,0.07803992061744686,0.9343324107631487,0.0727787226070721,0.7681832893473781,0.07803992061744686,0.9343324107631487,0.07803992061744686,0.9343324107631487,0.07218081381620176,3.6556730659821883,0.0671541782478308,1.185264161969248,0.0727787226070721,0.7681832893473778,0.0727787226070721,0.7681832893473778,0.0671541782478308,1.1852641619692479,0.0778555463851403,4.087025489765425
2229358.2740229913,0.08915292404628246,3.721185070630167,0.08697050391363355,0.8842770296642248,0.07997848084389284,0.9708761038631426,0.07456491133545773,0.7980351149135686,0.08697050391363355,0.8842770296642248,0.08915292404628246,3.721185070630167,0.07997848084389284,0.9708761038631426,0.07456491133545773,0.7980351149135686,0.07997848084389284,0.9708761038631426,0.07997848084389284,0.9708761038631426,0.07393526333082287,3.8042804034508975,0.06878191157130452,1.2324128926506093,0.07456491133545773,0.7980351149135687,0.07456491133545773,0.7980351149135687,0.06878191157130452,1.2324128926506093,0.07953814844216088,4.253327977579656
2321025.2674652506,0.09139328151842384,3.872044692327549,0.08915287394058123,0.9185346774849983,0.08196080698982275,1.0088794606002853,0.07639115940026772,0.8290750972515079,0.08915287394058123,0.9185346774849983,0.09139328151842384,3.872044692327549,0.08196080698982275,1.0088794606002853,0.07639115940026772,0.8290750972515079,0.08196080698982275,1.0088794606002853,0.08196080698982275,1.0088794606002853,0.07572910205548429,3.958963632336706,0.07044592538122298,1.2814647256862393,0.07639115940026772,0.8290750972515076,0.07639115940026772,0.8290750972515076,0.07044592538122298,1.281464725686239,0.08125383242733969,4.426435762007911
2416461.434209381,0.09368478424112082,4.029054733728665,0.09138479855859809,0.9541522403022328,0.08398787953743712,1.048401503559273,0.07825836537984589,0.8613511782604532,0.09138479855859809,0.9541522403022328,0.09368478424112082,4.029054733728665,0.08398787953743712,1.048401503559273,0.07825836537984589,0.8613511782604532,0.08398787953743712,1.048401503559273,0.08398787953743712,1.048401503559273,0.07756308770814334,4.119965306497925,0.07214703464600726,1.3324970847295432,0.07825836537984589,0.8613511782604534,0.07825836537984589,0.8613511782604534,0.07214703464600726,1.3324970847295428,0.0829999660163251,4.606625174641008
2515821.7555288514,0.09602857855746619,4.192464659307785,0.09366742354811082,0.9911846637403596,0.08606073667963592,1.0895038009530962,0.08016748247373882,0.894913381634122,0.09366742354811082,0.9911846637403596,0.09602857855746619,4.192464659307785,0.08606073667963592,1.0895038009530962,0.08016748247373882,0.894913381634122,0.08606073667963592,1.0895038009530962,0.08606073667963592,1.0895038009530962,0.07943812007356262,4.287542018935139,0.07388610551983187,1.3855906786448067,0.08016748247373882,0.8949133816341219,0.08016748247373882,0.8949133816341219,0.07388610551983187,1.385590678644807,0.0847800191202348,4.794189698956353
2619267.5852338253,0.09842613441926086,4.362551948829474,0.09600191597948085,1.0296890696063026,0.08818043521950465,1.1322503765663436,0.0821194803799007,0.9298137174385135,0.09600191597948085,1.0296890696063026,0.09842613441926086,4.362551948829474,0.08818043521950465,1.1322503765663436,0.0821194803799007,0.9298137174385135,0.08818043521950465,1.1322503765663436,0.08818043521950465,1.1322503765663436,0.08135541634033057,4.461978686533368,0.0756640185615,1.440829470213712,0.0821194803799007,0.9298137174385134,0.0821194803799007,0.9298137174385134,0.0756640185615,1.440829470213712,0.08659316173995305,4.989430715890453
2726966.9116977938,0.10087839057690899,4.539572383976168,0.09838947743734586,1.069724908964706,0.09034806327090322,1.1767078690324275,0.08411535760315268,0.9661063180175441,0.09838947743734586,1.069724908964706,0.10087839057690899,4.539572383976168,0.09034806327090322,1.1767078690324275,0.08411535760315268,0.9661063180175441,0.09034806327090322,1.1767078690324275,0.09034806327090322,1.1767078690324275,0.0833156553135676,4.643538837946833,0.07748168054343285,1.4983008597955094,0.08411535760315268,0.966106318017544,0.08411535760315268,0.966106318017544,0.07748168054343285,1.4983008597955094,0.08843869022328661,5.192661757573756
2839094.630658269,0.10338676917612005,4.723818423173369,0.10083134605451745,1.111354057941774,0.0925647421316893,1.222945639383022,0.08615614320527627,1.0038475252902657,0.10083134605451745,1.111354057941774,0.10338676917612005,4.723818423173369,0.0925647421316893,1.222945639383022,0.08615614320527627,1.0038475252902657,0.0925647421316893,1.222945639383022,0.0925647421316893,1.222945639383022,0.08531999166960115,4.832523001168024,0.07934002606864467,1.5580958267078628,0.08615614320527627,1.0038475252902657,0.08615614320527627,1.0038475252902657,0.07934002606864467,1.5580958267078628,0.09031985625844624,5.404213727825422
2955832.8292345204,0.10595255789292789,4.915584563379621,0.1033287929246204,1.1546408978866929,0.0948316227747531,1.2710358650786047,0.0882428933453224,1.043095964965246,0.1033287929246204,1.1546408978866929,0.10595255789292789,4.915584563379621,0.0948316227747531,1.2710358650786047,0.0882428933453224,1.043095964965246,0.0948316227747531,1.2710358650786047,0.0948316227747531,1.2710358650786047,0.0873694381591591,5.029234082153223,0.08124001420345842,1.6203090611009296,0.0882428933453224,1.0430959649652458,0.0882428933453224,1.0430959649652458,0.08124001420345842,1.6203090611009296,0.09223634738424716,5.624427084726691
3077371.081623585,0.10857711164688169,5.115178847215924,0.10588313078240619,1.1996524426511461,0.09714989404980745,1.3210536780450899,0.09037669912114354,1.0839126610990983,0.10588313078240619,1.1996524426511461,0.10857711164688169,5.115178847215924,0.09714989404980745,1.3210536780450899,0.09037669912114354,1.0839126610990983,0.09714989404980745,1.3210536780450899,0.09714989404980745,1.3210536780450899,0.08946506637470922,5.233988881473691,0.08318263589538602,1.6850391355131094,0.09037669912114354,1.0839126610990986,0.09037669912114354,1.0839126610990986,0.08318263589538602,1.6850391355131091,0.0941889343467073,5.853657447511069
3203906.7569547356,0.11126182250535298,5.322921973935984,0.10849570793704502,1.2464584205463525,0.09952077683004248,1.3730772621847875,0.09255868086724958,1.1263611125354542,0.10849570793704502,1.2464584205463525,0.11126182250535298,5.322921973935984,0.09952077683004248,1.3730772621847875,0.09255868086724958,1.1263611125354542,0.09952077683004248,1.3730772621847875,0.09952077683004248,1.3730772621847875,0.09160797699076799,5.447117224715909,0.08516890848347392,1.7523886442210157,0.09255868086724958,1.126361112535454,0.09255868086724958,1.126361112535454,0.08516890848347392,1.7523886442210164,0.09617843146032207,6.092275067160748
3335645.3398023443,0.11400812441272716,5.539147561678953,0.11116791668399248,1.2951314054797805,0.10194553192369553,1.4271879966368843,0.09478999568655067,1.1705074110712124,0.11116791668399248,1.2951314054797805,0.11400812441272716,5.539147561678953,0.10194553192369553,1.4271879966368843,0.09478999568655067,1.1705074110712124,0.10194553192369553,1.4271879966368843,0.10194553192369553,1.4271879966368843,0.09379930347709725,5.668962236014831,0.08719988279375047,1.8224643835865466,0.09478999568655067,1.1705074110712124,0.09478999568655067,1.1705074110712124,0.08719988279375047,1.8224643835865462,0.09820559962755032,6.340665203804378
3472800.7638776274,0.11681749856390299,5.764203068795623,0.11390119307435147,1.345746927860126,0.10442545975976077,1.4834705816733267,0.0970718370648047,1.2164203430667422,0.11390119307435147,1.345746927860126,0.11681749856390299,5.764203068795623,0.10442545975976077,1.4834705816733267,0.0970718370648047,1.2164203430667422,0.10442545975976077,1.4834705816733267,0.10442545975976077,1.4834705816733267,0.0960402172343431,5.899881276373499,0.08927664269821788,1.8953775203203762,0.0970718370648047,1.2164203430667417,0.0970718370648047,1.2164203430667417,0.08927664269821788,1.8953775203203769,0.10027131686157767,6.599229070205839
3615595.759441169,0.11969146220089413,5.998450719367227,0.11669700157240098,1.3983835691970161,0.10696188614233475,1.5420131504770844,0.09940542146695444,1.2641714771532475,0.11669700157240098,1.3983835691970161,0.11969146220089413,5.998450719367227,0.10696188614233475,1.5420131504770844,0.09940542146695444,1.2641714771532475,0.10696188614233475,1.5420131504770844,0.10696188614233475,1.5420131504770844,0.09833191871225025,6.140246890243586,0.09140029263632359,1.971243749906304,0.09940542146695444,1.2641714771532477,0.09940542146695444,1.2641714771532477,0.09140029263632359,1.9712437499063036,0.10237666631765831,6.868384763772678
3764262.2150003603,0.12263159703254121,6.242267189731305,0.11955687502847359,1.4531231290168796,0.1095561991018433,1.6029074485623154,0.10179202277585933,1.3138353144273915,0.11955687502847359,1.4531231290168796,0.12263159703254121,6.242267189731305,0.1095561991018433,1.6029074485623154,0.10179202277585933,1.3138353144273915,0.1095561991018433,1.6029074485623154,0.1095561991018433,1.6029074485623154,0.10067565907566678,6.39044650232165,0.09357198946063,2.050183515935805,0.10179202277585933,1.3138353144273913,0.10179202277585933,1.3138353144273913,0.09357198946063,2.0501835159358057,0.10452268499002935,7.148567095991734
3919041.553879215,0.12563947706621087,6.496041728760812,0.12248236983546697,1.5100507216097556,0.1122098076582662,1.6662489492837964,0.10423293384374113,1.3654893779783006,0.12248236983546697,1.5100507216097556,0.12563947706621087,6.496041728760812,0.1122098076582662,1.6662489492837964,0.10423293384374113,1.3654893779783006,0.1122098076582662,1.6662489492837964,0.1122098076582662,1.6662489492837964,0.10307267586152506,6.650880560897912,0.09579290697075411,2.132322176451551,0.10423293384374113,1.3654893779782997,0.10423293384374113,1.3654893779782997,0.09579290697075411,2.132322176451551,0.10670928668080731,7.440226904170476
4080185.1262719594,0.12871686531425208,6.76018996904564,0.12547511403586079,1.5692549567418392,0.11492418607585875,1.7321370481862235,0.10672950776629196,1.4192143756231879,0.12547511403586079,1.5692549567418392,0.12871686531425208,6.76018996904564,0.11492418607585875,1.7321370481862235,0.10672950776629196,1.4192143756231879,0.11492418607585875,1.7321370481862235,0.11492418607585875,1.7321370481862235,0.10552438131414912,6.92197636036348,0.0980642740002801,2.2177902416862683,0.10672950776629196,1.4192143756231885,0.10672950776629196,1.4192143756231885,0.0980642740002801,2.2177902416862687,0.10894064997536919,7.743841245964963
4247954.617417159,0.1318653533408418,7.035125925116221,0.1285367650981192,1.6308279959645025,0.11770083458666487,1.800675144208296,0.1092831208652341,1.475094256485339,0.1285367650981192,1.6308279959645025,0.1318653533408418,7.035125925116221,0.11770083458666487,1.800675144208296,0.1092831208652341,1.475094256485339,0.11770083458666487,1.800675144208296,0.11770083458666487,1.800675144208296,0.10803200813805718,7.204160074516422,0.10038733989503743,2.3067235175883547,0.1092831208652341,1.475094256485339,0.1092831208652341,1.475094256485339,0.10038733989503743,2.306723517588354,0.11121334243505376,8.059892212108194
4422622.472555178,0.13508682885407863,7.321302331516164,0.13166904569399426,1.6948657897756316,0.12054131280381597,1.8719708875938523,0.11189520429263514,1.5332164215090995,0.13166904569399426,1.6948657897756316,0.13508682885407863,7.321302331516164,0.12054131280381597,1.8719708875938523,0.11189520429263514,1.5332164215090995,0.12054131280381597,1.8719708875938523,0.12054131280381597,1.8719708875938523,0.1105970721552135,7.4978970979684165,0.10276340409583869,2.399263394395468,0.11189520429263514,1.5332164215090989,0.11189520429263514,1.5332164215090989,0.10276340409583869,2.3992633943954678,0.11353206796925092,8.388897177129715
4604472.339359101,0.13838300693212435,7.61916833192046,0.13487372837648395,1.7614681836625836,0.12344722530755248,1.946136309241381,0.11456723030372308,1.5936718232676579,0.13487372837648395,1.7614681836625836,0.13838300693212435,7.61916833192046,0.12344722530755248,1.946136309241381,0.11456723030372308,1.5936718232676579,0.12344722530755248,1.946136309241381,0.12344722530755248,1.946136309241381,0.11322090535757363,7.8036497652801975,0.10519380320473819,2.4955570376444722,0.11456723030372308,1.5936718232676579,0.11456723030372308,1.5936718232676579,0.10519380320473819,2.4955570376444722,0.11589686792025568,8.731385684673493
4793799.528557558,0.14175590846494257,7.929217190961288,0.13815264105381603,1.8307390799221694,0.12642022665878394,2.023288002397645,0.11730071691177818,1.6565551134951706,0.13815264105381603,1.8307390799221694,0.14175590846494257,7.929217190961288,0.12642022665878394,2.023288002397645,0.11730071691177818,1.6565551134951706,0.12642022665878394,2.023288002397645,0.12642022665878394,2.023288002397645,0.1159051333302317,8.121925084417363,0.1076799152619562,2.5957576270511935,0.11730071691177818,1.656555113495171,0.11730071691177818,1.656555113495171,0.1076799152619562,2.595757627051193,0.11830859830851938,9.087910388651977
4990911.4934975,0.1452073919852047,8.251938899513089,0.14150767008518278,1.902786611712386,0.12946202425443773,2.1035473168989327,0.1200972305553008,1.7219648013758224,0.14150767008518278,1.902786611712386,0.1452073919852047,8.251938899513089,0.12946202425443773,2.1035473168989327,0.1200972305553008,1.7219648013758224,0.12946202425443773,2.1035473168989327,0.12946202425443773,2.1035473168989327,0.11865120654787026,8.453227363467976,0.11022316221351003,2.700024609494912,0.1200972305553008,1.721964801375822,0.1200972305553008,1.721964801375822,0.11022316221351003,2.7000246094949127,0.12077023422675041,9.459051063287264
5196128.329425692,0.1487394411069744,8.587849538370564,0.14494076432957426,1.9777233143962611,0.13257438200017435,2.1870405523609833,0.12295838947566845,1.7900034099408928,0.14494076432957426,1.9777233143962611,0.1487394411069744,8.587849538370564,0.13257438200017435,2.1870405523609833,0.12295838947566845,1.7900034099408928,0.13257438200017435,2.1870405523609833,0.13257438200017435,2.1870405523609833,0.12146068696367461,8.79808759842365,0.11282501298446833,2.8085239546850342,0.12295838947566845,1.7900034099408921,0.12295838947566845,1.7900034099408921,0.11282501298446833,2.8085239546850347,0.12328041707470294,9.84540145143827
5409783.2932997,0.1523542398663331,8.937503052569909,0.1484539323296311,2.0556662983928926,0.13575911767018567,2.2738991542617186,0.12588586120876222,1.860777634225627,0.1484539323296311,2.0556662983928926,0.1523542398663331,8.937503052569909,0.13575911767018567,2.2738991542617186,0.12588586120876222,1.860777634225627,0.13575911767018567,2.2738991542617186,0.13575911767018567,2.2738991542617186,0.12433532369835018,9.15707527367614,0.11548698112287642,2.921428417067778,0.12588586120876222,1.860777634225627,0.12588586120876222,1.860777634225627,0.11548698112287642,2.921428417067778,0.12584346420027834,10.247592701213005
5632223.34497255,0.15605385166706964,9.30145388411835,0.15204924631628494,2.136737436191743,0.13901810653858543,2.36425992456948,0.12888136592283359,1.9343985119686433,0.15204924631628494,2.136737436191743,0.15605385166706964,9.30145388411835,0.13901810653858543,2.36425992456948,0.12888136592283359,1.9343985119686433,0.13901810653858543,2.36425992456948,0.13901810653858543,2.36425992456948,0.12727673113788246,9.530761020753467,0.11821062783586184,3.038917814066633,0.12888136592283359,1.9343985119686435,0.12888136592283359,1.9343985119686435,0.11821062783586184,3.038917814066633,0.12845961598774205,10.666272039816281
5863809.710629815,0.15984042048723654,9.680279425804654,0.15572884689695424,2.221063561148794,0.14235328566578828,2.4582652447398012,0.13194668039055502,2.0109816047388893,0.15572884689695424,2.221063561148794,0.15984042048723654,9.680279425804654,0.14235328566578828,2.4582652447398012,0.13194668039055502,2.0109816047388893,0.14235328566578828,2.4582652447398012,0.14235328566578828,2.4582652447398012,0.13028658924227418,9.919739098350783,0.12099756563274945,3.1611793188618256,0.13194668039055502,2.0109816047388893,0.13194668039055502,2.0109816047388893,0.12099756563274945,3.1611793188618256,0.1311304843206359,11.10211635833812
6104918.469394275,0.1637163498447263,10.074605976811988,0.15949494290145688,2.30877666522121,0.14576665370395106,2.5560632994456727,0.1350836377584356,2.09064717869559,0.15949494290145688,2.30877666522121,0.1637163498447263,10.074605976811988,0.14576665370395106,2.5560632994456727,0.1350836377584356,2.09064717869559,0.14576665370395106,2.5560632994456727,0.14576665370395106,2.5560632994456727,0.13336682238645656,10.324653377001361,0.12384945806804162,3.288407758048707,0.1350836377584356,2.09064717869559,0.1350836377584356,2.09064717869559,0.12384945806804162,3.2884077580487054,0.13385731920339541,11.55582928185461
6355941.16405054,0.16768393890032257,10.485061908260933,0.1633498141533024,2.4000141088740077,0.14926027339630776,2.6578083132134336,0.13829412983095554,2.173520396227357,0.1633498141533024,2.4000141088740077,0.16768393890032257,10.485061908260933,0.14926027339630776,2.6578083132134336,0.13829412983095554,2.173520396227357,0.14926027339630776,2.6578083132134336,0.14926027339630776,2.6578083132134336,0.13651923483576017,10.746150534141846,0.1267680218072095,3.420805924705413,0.13829412983095554,2.1735203962273575,0.13829412983095554,2.1735203962273575,0.1267680218072095,3.420805924705413,0.13664244328838945,12.028145987667909
6617285.436881583,0.17174558892572883,10.912304457671032,0.16729581364887888,2.494918838981187,0.15283627353325704,2.7636607962034403,0.14158010884926953,2.259731514925769,0.16729581364887888,2.494918838981187,0.17174558892572883,10.912304457671032,0.15283627353325704,2.7636607962034403,0.14158010884926953,2.259731514925769,0.15283627353325704,2.7636607962034403,0.15283627353325704,2.7636607962034403,0.13974571669287358,11.184906879422506,0.1297550282272675,3.5585849038304116,0.14158010884926953,2.259731514925768,0.14158010884926953,2.259731514925768,0.1297550282272675,3.5585849038304107,0.1394875120899169,12.51982987327238
6889375.691649636,0.1759038300510871,11.357025150833374,0.17133537092087128,2.593639618670968,0.15649685201098315,2.873787802812068,0.14494359031001397,2.349416097246074,0.17133537092087128,2.593639618670968,0.1759038300510871,11.357025150833374,0.15649685201098315,2.873787802812068,0.14494359031001397,2.349416097246074,0.15649685201098315,2.873787802812068,0.15649685201098315,2.873787802812068,0.14304826995369285,11.641633808099073,0.13281230598805735,3.7019644134483607,0.14494359031001397,2.349416097246075,0.14494359031001397,2.349416097246075,0.13281230598805735,3.701964413448362,0.14239431078695702,13.031675873101571
7172653.782796504,0.1801613023065923,11.819948543004571,0.1754709969824438,2.696331273195138,0.16024428037471541,2.9883632068803174,0.14838665719617164,2.4427152342947775,0.1754709969824438,2.696331273195138,0.1801613023065923,11.819948543004571,0.16024428037471541,2.9883632068803174,0.14838665719617164,2.4427152342947775,0.16024428037471541,2.9883632068803174,0.16024428037471541,2.9883632068803174,0.14642898866424553,12.117076573707875,0.13594174493190828,3.8511731647605822,0.14838665719617164,2.4427152342947775,0.14838665719617164,2.4427152342947775,0.13594174493190828,3.8511731647605822,0.14536438332638696,13.56451055502878
7467579.732982482,0.18452061142604473,12.301813636691467,0.1797052612249446,2.803154849797566,0.16408088210900584,3.1075679008649493,0.1519114393143659,2.5397756982906547,0.1797052612249446,2.803154849797566,0.18452061142604473,12.301813636691467,0.16408088210900584,3.1075679008649493,0.1519114393143659,2.5397756982906547,0.16408088210900584,3.1075679008649493,0.16408088210900584,3.1075679008649493,0.14988991749190128,12.611995758120518,0.13914527663503592,4.006449163685653,0.1519114393143659,2.539775698290655,0.1519114393143659,2.539775698290655,0.13914527663503592,4.006449163685654,0.14840000292060818,14.119196482772281
7774632.480129124,0.18898439976319925,12.803373923667788,0.18404085153807584,2.9142780672194473,0.16800908881522786,3.2315902604785256,0.15552016647415046,2.6407503384787736,0.18404085153807584,2.9142780672194473,0.18898439976319925,12.803373923667788,0.16800908881522786,3.2315902604785256,0.15552016647415046,2.6407503384787736,0.16800908881522786,3.2315902604785256,0.16800908881522786,3.2315902604785256,0.15343311453411076,13.127167310586367,0.14242492420621675,4.168040241048635,0.15552016647415046,2.6407503384787736,0.15552016647415046,2.6407503384787736,0.14242492420621675,4.168040241048635,0.15150381263118975,14.696632770653144
8094310.655178982,0.19355561250308137,13.325455389438286,0.18848051429779353,3.0298753730005457,0.17203138395877393,3.360626255162267,0.1592151150766094,2.74579814921185,0.18848051429779353,3.0298753730005457,0.19355561250308137,13.325455389438286,0.17203138395877393,3.360626255162267,0.1592151150766094,2.74579814921185,0.17203138395877393,3.360626255162267,0.17203138395877393,3.360626255162267,0.15706092512132838,13.663440632386553,0.1457827521276066,4.336204290835431,0.1592151150766094,2.7457981492118506,0.1592151150766094,2.7457981492118506,0.1457827521276066,4.336204290835429,0.15467661284154147,15.297749129565533
8427133.391835373,0.19823734902593007,13.868931305685585,0.1930270898888639,3.1501283322329443,0.1761503360290807,3.4948798622173687,0.16299863947431087,2.8550846165811707,0.1930270898888639,3.1501283322329443,0.19823734902593007,13.868931305685585,0.1761503360290807,3.4948798622173687,0.16299863947431087,2.8550846165811707,0.1761503360290807,3.4948798622173687,0.1761503360290807,3.4948798622173687,0.1607758282953928,14.221713386033533,0.1492208955943278,4.511209769652837,0.16299863947431087,2.855084616581171,0.16299863947431087,2.855084616581171,0.1492208955943278,4.511209769652836,0.15792076414545497,15.923518158276703
8773641.169597114,0.20303250175937052,14.434655163169392,0.19768350684785865,3.2752258886584165,0.18036859297332017,3.6345633674116344,0.16687316661661983,2.968781958948262,0.19768350684785865,3.2752258886584165,0.20303250175937052,14.434655163169392,0.18036859297332017,3.6345633674116344,0.16687316661661983,2.968781958948262,0.18036859297332017,3.6345633674116344,0.18036859297332017,3.6345633674116344,0.16458007618450832,14.802864474747633,0.15274155542428416,4.693336106999431,0.16687316661661983,2.968781958948263,0.16687316661661983,2.968781958948263,0.15274155542428416,4.69333610699943,0.16123903293130945,16.574953882085357
9134396.691457167,0.2079440645421398,15.02351406241771,0.20245278397988967,3.405364664760018,0.18468888409533415,3.7798977036328165,0.17084119777482742,3.0870694010488613,0.20245278397988967,3.405364664760018,0.2079440645421398,15.02351406241771,0.18468888409533415,3.7798977036328165,0.17084119777482742,3.0870694010488613,0.18468888409533415,3.7798977036328165,0.18468888409533415,3.7798977036328165,0.1684760018545804,15.407807475917986,0.1563469996094183,4.8828741539995715,0.17084119777482742,3.0870694010488617,0.17084119777482742,3.0870694010488617,0.1563469996094183,4.88287415399957,0.1646338056301041,17.253110517329215
9509985.797690779,0.21297543217141887,15.636494578531849,0.2073380320979534,3.540749273295309,0.1891140216056718,3.931112802652397,0.17490530994028916,3.2101334586182584,0.2073380320979534,3.540749273295309,0.21297543217141887,15.636494578531849,0.1891140216056718,3.931112802652397,0.17490530994028916,3.2101334586182584,0.1891140216056718,3.931112802652397,0.1891140216056718,3.931112802652397,0.17246631840494844,16.037556550622643,0.1600395645637799,5.080126649906673,0.17490530994028916,3.2101334586182575,0.17490530994028916,3.2101334586182575,0.1600395645637799,5.080126649906674,0.16810624056534826,17.959080328338338
9901018.417216657,0.21812973455644938,16.27454703484825,0.21234245543998734,3.681592640881504,0.19364690187388633,4.088447960667141,0.17906815694366568,3.338168234090029,0.21234245543998734,3.681592640881504,0.21812973455644938,16.27454703484825,0.19364690187388633,4.088447960667141,0.17906815694366568,3.338168234090029,0.19364690187388633,4.088447960667141,0.19364690187388633,4.088447960667141,0.17655345272265463,16.69309076400623,0.1638216561131761,5.285408707216167,0.17906815694366568,3.338168234090029,0.17906815694366568,3.338168234090029,0.1638216561131761,5.285408707216166,0.17166027254726213,18.69401129252564
10308129.558076436,0.22341052946588136,16.938733259384577,0.21746935300930037,3.8281163453221345,0.198290506615796,4.25215221926829,0.18333247051843993,3.4713757248203443,0.21746935300930037,3.8281163453221345,0.22341052946588136,16.938733259384577,0.198290506615796,4.25215221926829,0.18333247051843993,3.4713757248203443,0.198290506615796,4.25215221926829,0.198290506615796,4.25215221926829,0.1807402378586234,17.37550189027682,0.16769575043794327,5.4990483170606455,0.18333247051843993,3.4713757248203443,0.18333247051843993,3.4713757248203443,0.16769575043794327,5.499048317060645,0.17529693597225599,19.459086333504253
10731980.338640748,0.22882130918077823,17.630122978975223,0.22272211834426475,3.980550962541213,0.20304790262312797,4.422484758211845,0.18770105999327702,3.60996614043455,0.22272211834426475,3.980550962541213,0.22882130918077823,17.630122978975223,0.20304790262312797,4.422484758211845,0.18770105999327702,3.60996614043455,0.20304790262312797,4.422484758211845,0.20304790262312797,4.422484758211845,0.18502941954679245,18.085890858286227,0.1716643937399023,5.72138687215723,0.18770105999327702,3.60996614043455,0.18770105999327702,3.60996614043455,0.1716643937399023,5.72138687215723,0.17901987244874332,20.255547760909305
11173259.061216539,0.2343655039221296,18.34978810662427,0.22810424217610442,4.1391364374195465,0.2079222441883459,4.599715313082785,0.192176814533191,3.7541582412688728,0.22810424217610442,4.1391364374195465,0.2343655039221296,18.34978810662427,0.2079222441883459,4.599715313082785,0.192176814533191,3.7541582412688728,0.2079222441883459,4.599715313082785,0.2079222441883459,4.599715313082785,0.18942365910229242,18.825362090443264,0.17573020429324118,5.95277971858103,0.192176814533191,3.7541582412688723,0.192176814533191,3.7541582412688723,0.17573020429324118,5.952779718581031,0.1828303123876663,21.084677884912356
11632682.329799091,0.2400470593891158,19.09894958025163,0.23361931006827114,4.304122456368137,0.2129167708752079,4.784124597876724,0.19676270100517468,3.9041796794530264,0.23361931006827114,4.304122456368137,0.2400470593891158,19.09894958025163,0.2129167708752079,4.784124597876724,0.19676270100517468,3.9041796794530264,0.2129167708752079,4.784124597876724,0.2129167708752079,4.784124597876724,0.1939261111972307,19.59517039795494,0.17989587042636745,6.1935967199669975,0.19676270100517468,3.904179679453027,0.19676270100517468,3.904179679453027,0.17989587042636745,6.193596719966996,0.18673170539752537,21.947821380404964
12110996.213783888,0.24586954633793182,19.878755232074248,0.2392710039548577,4.4757688465632,0.2180348089113741,4.976004755256271,0.20146176525426418,4.0602673635019375,0.2392710039548577,4.4757688465632,0.24586954633793182,19.878755232074248,0.2180348089113741,4.976004755256271,0.20146176525426418,4.0602673635019375,0.2180348089113741,4.976004755256271,0.2180348089113741,4.976004755256271,0.19853953309724792,20.396498906692873,0.18416415168015626,6.444222853549614,0.20146176525426418,4.060267363501938,0.20146176525426418,4.060267363501938,0.18416415168015626,6.444222853549616,0.19072738645704854,22.84637784417299
12608977.459528109,0.25183719022136525,20.690552202804593,0.24506309964320236,4.654345983321234,0.22327976886181664,5.175659817805673,0.20627712990469244,4.222667830977529,0.24506309964320236,4.654345983321234,0.25183719022136525,20.690552202804593,0.22327976886181664,5.175659817805673,0.20627712990469244,4.222667830977529,0.22327976886181664,5.175659817805673,0.22327976886181664,5.175659817805673,0.20326731464154119,21.230731531902475,0.1885378767542259,6.705058824405769,0.20627712990469244,4.222667830977529,0.20627712990469244,4.222667830977529,0.1885378767542259,6.705058824405767,0.1948183864886237,23.781791980368503
13127434.751729246,0.25795361786159265,21.535546699185502,0.2509994651074504,4.840135216285582,0.22865514403645215,5.383406190134105,0.21121199285185496,4.391637638217907,0.2509994651074504,4.840135216285582,0.25795361786159265,21.535546699185502,0.22865514403645215,5.383406190134105,0.21121199285185496,4.391637638217907,0.22865514403645215,5.383406190134105,0.22865514403645215,5.383406190134105,0.20811222513685446,22.099112798343846,0.19301994209617918,6.976521706552518,0.21121199285185496,4.391637638217907,0.21121199285185496,4.391637638217907,0.19301994209617918,6.976521706552518,0.19900914311216653,24.755585470533394
13667210.026669214,0.2642231309596405,22.415161627877904,0.25708405944381846,5.033429318642085,0.23416450953362541,5.599573155795713,0.2162696263721618,4.5674437706855295,0.25708405944381846,5.033429318642085,0.2642231309596405,22.415161627877904,0.23416450953362541,5.599573155795713,0.2162696263721618,4.5674437706855295,0.23416450953362541,5.599573155795713,0.23416450953362541,5.599573155795713,0.21307768704865682,23.003105538214523,0.19761331108364683,7.259045614585709,0.2162696263721618,4.5674437706855295,0.2162696263721618,4.5674437706855295,0.19761331108364683,7.259045614585709,0.2033015503260334,25.769328370551364
14229179.83945658,0.2706498392622007,23.330794978676703,0.2633209276124291,5.234532943745843,0.23981151739205644,5.824503395023932,0.22145337258904615,4.750364060964774,0.2633209276124291,5.234532943745843,0.2706498392622007,23.330794978676703,0.23981151739205644,5.824503395023932,0.22145337258904615,4.750364060964774,0.23981151739205644,5.824503395023932,0.23981151739205644,5.824503395023932,0.21816691003830752,23.944149343347547,0.20232100983102838,7.553082394545394,0.22145337258904615,4.750364060964773,0.22145337258904615,4.750364060964773,0.20232100983102838,7.553082394545396,0.20769898669376363,26.824663216602247
14814256.787487207,0.2772380423522079,24.283934531844807,0.2697141966789985,5.443763108671449,0.2455998931572931,6.058553531149723,0.2267666402901299,4.940687630754948,0.2697141966789985,5.443763108671449,0.2772380423522079,24.283934531844807,0.2455998931572931,6.058553531149723,0.2267666402901299,4.940687630754948,0.2455998931572931,6.058553531149723,0.2455998931572931,6.058553531149723,0.22338327346037043,24.923775342680823,0.20714612427203627,7.859102349387246,0.2267666402901299,4.940687630754949,0.2267666402901299,4.940687630754949,0.20714612427203627,7.859102349387248,0.2122040886356822,27.923295305627732
15423390.992434891,0.2839920725869533,25.27611387552191,0.2762680704483955,5.661449695142056,0.25153343097469943,6.302094697223297,0.23221290037552028,5.138715348961043,0.2762680704483955,5.661449695142056,0.2839920725869533,25.27611387552191,0.25153343097469943,6.302094697223297,0.23221290037552028,5.138715348961043,0.25153343097469943,6.302094697223297,0.25153343097469943,6.302094697223297,0.22873017030343185,25.94356229322734,0.2120917959840446,8.177594992400879,0.23221290037552028,5.138715348961043,0.23221290037552028,5.138715348961043,0.2120917959840446,8.177594992400877,0.21681998028607033,29.067002588507236
16057571.643178672,0.29091634880508493,26.308933992792813,0.2829868222679358,5.887935969986592,0.25761598701582467,6.555513124968623,0.23779567976726831,5.344760307736251,0.2829868222679358,5.887935969986592,0.29091634880508493,26.308933992792813,0.25761598701582467,6.555513124968623,0.23779567976726831,5.344760307736251,0.25761598701582467,6.555513124968623,0.25761598701582467,6.555513124968623,0.23421106226511723,27.005158243966875,0.21716121660673676,8.509069830806594,0.23779567976726831,5.34476030773625,0.23779567976726831,5.34476030773625,0.21716121660673676,8.509069830806595,0.22154968387981636,30.257635103516996
16717828.602172432,0.29801535000707335,27.38406040875107,0.28987478575483333,6.1235791268255495,0.2638514710285322,6.819210757791462,0.24351855359965127,5.55914831794167,0.28987478575483333,6.1235791268255495,0.29801535000707335,27.38406040875107,0.2638514710285322,6.819210757791462,0.24351855359965127,5.55914831794167,0.2638514710285322,6.819210757791462,0.2638514710285322,6.819210757791462,0.23982945525545316,28.110277762907455,0.22235762070227733,8.854057181423105,0.24351855359965127,5.559148317941668,0.24351855359965127,5.559148317941668,0.22235762070227733,8.854057181423105,0.22639632925733863,31.497119386615463
17405234.0778651,0.30529361296909985,28.503228547500278,0.29693634533312563,6.3687508506897546,0.27024383771345284,7.093605889624725,0.24938513724886535,5.782218425590153,0.29693634533312563,6.3687508506897546,0.30529361296909985,28.503228547500278,0.27024383771345284,7.093605889624725,0.24938513724886535,5.782218425590153,0.27024383771345284,7.093605889624725,0.27024383771345284,7.093605889624725,0.24558889887077237,29.260707377329794,0.22768427846865286,9.213109020458905,0.24938513724886535,5.782218425590153,0.24938513724886535,5.782218425590153,0.22768427846865286,9.213109020458903,0.23136294746690808,32.787460038269224
18120904.36588817,0.3127557083304888,29.66824436697295,0.30417591875637096,6.6238378920622,0.27679707075384163,7.379133817529476,0.255399071533853,6.014323438015522,0.30417591875637096,6.6238378920622,0.3127557083304888,29.66824436697295,0.27679707075384163,7.379133817529476,0.255399071533853,6.014323438015522,0.27679707075384163,7.379133817529476,0.27679707075384163,7.379133817529476,0.2514929658029917,30.45830629815313,0.23314448217324996,9.58679985777221,0.255399071533853,6.014323438015522,0.255399071533853,6.014323438015522,0.23314448217324996,9.58679985777221,0.23645271514543056,34.130745042237216
18866001.661837,0.3204062381034759,30.880983709642994,0.31159796280904956,6.889242730347626,0.2835151882751817,7.676247580775855,0.2615640280058476,6.255830526483553,0.31159796280904956,6.889242730347626,0.3204062381034759,30.880983709642994,0.2835151882751817,7.676247580775855,0.2615640280058476,6.255830526483553,0.2835151882751817,7.676247580775855,0.2835151882751817,7.676247580775855,0.2575452489616974,31.705005849950048,0.23874155121299254,9.975727696893346,0.2615640280058476,6.255830526483553,0.2615640280058476,6.255830526483553,0.23874155121299254,9.975727696893342,0.24166878423809326,35.529147515979744
19641735.94859051,0.32824989331877835,32.143413641081914,0.3192069883507175,7.16538431269623,0.2904022570199639,7.98541877383798,0.2678837224796595,6.507121893538357,0.3192069883507175,7.16538431269623,0.32824989331877835,32.143413641081914,0.2904022570199639,7.98541877383798,0.2678837224796595,6.507121893538357,0.2904022570199639,7.98541877383798,0.2904022570199639,7.98541877383798,0.26374941746077296,33.00283088178311,0.24447884488044622,10.38051507080755,0.2678837224796595,6.507121893538356,0.2678837224796595,6.507121893538356,0.24447884488044622,10.380515070807553,0.24701409789221054,36.98492822321147
20449366.96123387,0.33629107717829776,33.4575584927551,0.3270072722712392,7.452697946999477,0.2974621266253644,8.307137599176517,0.27436166647841315,6.768594738857199,0.3270072722712392,7.452697946999477,0.33629107717829776,33.4575584927551,0.2974621266253644,8.307137599176517,0.27436166647841315,6.768594738857199,0.2974621266253644,8.307137599176517,0.2974621266253644,8.307137599176517,0.2701088875253079,34.35386607162182,0.2503595323861823,10.801809458070418,0.27436166647841315,6.7685947388572,0.27436166647841315,6.7685947388572,0.2503595323861823,10.801809458070418,0.2524923062846983,38.500448142542616
21290206.232775044,0.34453451541571495,34.82554330243252,0.3350033710747157,7.751637497097382,0.3046989041590142,8.641915011529989,0.2810016118022127,7.0406631427643935,0.3350033710747157,7.751637497097382,0.34453451541571495,34.82554330243252,0.3046989041590142,8.641915011529989,0.2810016118022127,7.0406631427643935,0.3046989041590142,8.641915011529989,0.3046989041590142,8.641915011529989,0.27662734982182485,35.76029914876392,0.2563870048242736,11.24028545963104,0.2810016118022127,7.040663142764393,0.2810016118022127,7.040663142764393,0.2563870048242736,11.240285459631037,0.2581055672961301,40.078148911531
22165619.223977376,0.3529847845136991,36.249592996009056,0.3431996694220825,8.062674960706286,0.3121165378115254,8.990282497994562,0.2878071612690081,7.323757774785565,0.3431996694220825,8.062674960706286,0.3529847845136991,36.249592996009056,0.3121165378115254,8.990282497994562,0.2878071612690081,7.323757774785565,0.3121165378115254,8.990282497994562,0.3121165378115254,8.990282497994562,0.28330837299612915,37.22442042463552,0.262564515143714,11.696645018805622,0.2878071612690081,7.323757774785572,0.2878071612690081,7.323757774785572,0.262564515143714,11.696645018805624,0.2638580764733853,41.72059631681906
23077027.54076684,0.3616460368512304,37.731947277631306,0.35160028002997995,8.38630087448756,0.31971872475480184,9.352792613596645,0.2947816827117522,7.618326292070617,0.35160028002997995,8.38630087448756,0.3616460368512304,37.731947277631306,0.31971872475480184,9.352792613596645,0.2947816827117522,7.618326292070617,0.31971872475480184,9.352792613596645,0.31971872475480184,9.352792613596645,0.29015514598846887,38.74853786561309,0.26889509874121037,12.171618287620367,0.2947816827117522,7.6183262920706145,0.2947816827117522,7.6183262920706145,0.26889509874121037,12.171618287620367,0.26975175884903574,43.430434151922086
24025911.242814854,0.37052289751538636,39.275095441767974,0.36020948641150663,8.72302664738689,0.32750932064248656,9.730021271158087,0.301928693009089,7.924835345951056,0.36020948641150663,8.72302664738689,0.37052289751538636,39.275095441767974,0.32750932064248656,9.730021271158087,0.301928693009089,7.924835345951056,0.32750932064248656,9.730021271158087,0.32750932064248656,9.730021271158087,0.29717130447682705,40.33521169082785,0.27538192967830777,12.665965975613059,0.301928693009089,7.924835345951059,0.301928693009089,7.924835345951059,0.27538192967830777,12.665965975613059,0.27579042448973384,45.21044385416102
25013811.247045714,0.37961928777828274,40.881439252602675,0.3690312276611041,9.07338383765832,0.3354918644342104,10.12256726925954,0.30925141371343706,8.243770047049361,0.3690312276611041,9.07338383765832,0.37961928777828274,40.881439252602675,0.3354918644342104,10.12256726925954,0.30925141371343706,8.243770047049361,0.3354918644342104,10.12256726925954,0.3354918644342104,10.12256726925954,0.304359840097835,41.986917696715196,0.28202790961615093,13.1804794105466,0.30925141371343706,8.243770047049361,0.30925141371343706,8.243770047049361,0.28202790961615093,13.180479410546605,0.28197542692393857,47.063484026679774
26042331.829971634,0.38893928656961374,42.55363479396787,0.3780693222503815,9.437925846032734,0.3436697857424007,10.531054016743482,0.3167529658292795,8.575635444166434,0.3780693222503815,9.437925846032734,0.38893928656961374,42.55363479396787,0.3436697857424007,10.531054016743482,0.3167529658292795,8.575635444166434,0.3436697857424007,10.531054016743482,0.3436697857424007,10.531054016743482,0.31172392736942267,43.70638905162912,0.28883584877931995,13.715982451657814,0.3167529658292795,8.575635444166432,0.3167529658292795,8.575635444166432,0.28883584877931995,13.715982451657805,0.2883120818830287,48.99259057290326
27113143.232919123,0.39848648151768346,44.29431813540124,0.38732732549281607,9.817228528115166,0.3520462741208923,10.956130286015702,0.32443624826305295,8.920957106740474,0.38732732549281607,9.817228528115166,0.39848648151768346,44.29431813540124,0.3520462741208923,10.956130286015702,0.32443624826305295,8.920957106740474,0.3520462741208923,10.956130286015702,0.3520462741208923,10.956130286015702,0.31926630056611854,45.49634214875176,0.29580835413731177,14.273332611791325,0.32443624826305295,8.920957106740472,0.32443624826305295,8.920957106740472,0.29580835413731177,14.27333261179132,0.2947988823101636,51.00082986738651
28227984.374377307,0.4082642903540581,46.10629549854838,0.39680852100492986,10.21189119641981,0.36062427194074137,11.398471327269466,0.33230393186104495,9.280282034127154,0.39680852100492986,10.21189119641981,0.4082642903540581,46.10629549854838,0.36062427194074137,11.398471327269466,0.33230393186104495,9.280282034127154,0.36062427194074137,11.398471327269466,0.36062427194074137,11.398471327269466,0.32698957871991313,47.35966688893109,0.3029478245148379,14.853422500698606,0.33230393186104495,9.28028203412715,0.33230393186104495,9.28028203412715,0.3029478245148379,14.853422500698597,0.30144136268833766,53.09149526401341
29388665.67387289,0.41827591611403925,47.99258302832771,0.4065158450197855,10.622537570385088,0.36940640563228166,11.858779944337254,0.3403583960748251,9.654179525196593,0.4065158450197855,10.622537570385088,0.41827591611403925,47.99258302832771,0.36940640563228166,11.858779944337254,0.3403583960748251,9.654179525196593,0.36940640563228166,11.858779944337254,0.36940640563228166,11.858779944337254,0.3348962363910397,49.29946659370738,0.310256392875035,15.45718125787737,0.3403583960748251,9.654179525196593,0.3403583960748251,9.654179525196593,0.310256392875035,15.457181257877362,0.3082406605665452,55.26796344153564
30597071.991957538,0.4285239236233957,49.95617255765595,0.41645183565793265,11.049816801001414,0.3783949399248586,12.337787646826799,0.34860168712069717,10.04324211296699,0.41645183565793265,11.049816801001414,0.4285239236233957,49.95617255765595,0.3783949399248586,12.337787646826799,0.34860168712069717,10.04324211296699,0.3783949399248586,12.337787646826799,0.3783949399248586,12.337787646826799,0.34298819154798094,51.3188239096764,0.3177358884695374,16.08557607079706,0.34860168712069717,10.04324211296699,0.34860168712069717,10.04324211296699,0.3177358884695374,16.08557607079706,0.31519783822792036,57.533744201248055
31855165.691081908,0.4390105033147252,52.000244480267895,0.42661856911152146,11.49440453415339,0.38759172016308835,12.836255846579249,0.357035465123593,10.448086534908361,0.42661856911152146,11.49440453415339,0.4390105033147252,52.000244480267895,0.38759172016308835,12.836255846579249,0.357035465123593,10.448086534908361,0.38759172016308835,12.836255846579249,0.38759172016308835,12.836255846579249,0.35126708337024154,53.4210138275496,0.3253877889203993,16.73961375308012,0.357035465123593,10.448086534908363,0.357035465123593,10.448086534908363,0.3253877889203993,16.73961375308012,0.3223147178412611,59.8925112789163
33164989.822327122,0.44973725788923247,54.128079238836996,0.4370175910853131,11.957004023702847,0.396998110362313,13.354977108773095,0.36566094738270866,10.869354748146678,0.4370175910853131,11.957004023702847,0.44973725788923247,54.128079238836996,0.396998110362313,13.354977108773095,0.36566094738270866,10.869354748146678,0.396998110362313,13.354977108773095,0.396998110362313,13.354977108773095,0.3597340740169693,55.60941532124087,0.33321316880924595,17.420342392119416,0.36566094738270866,10.86935474814668,0.36566094738270866,10.86935474814668,0.33321316880924595,17.420342392119423,0.3295922606736313,62.34808053361579
34528671.44316852,0.4607051538266406,56.343078359542595,0.447649842741861,12.438347295487484,0.4066149263204094,13.894776459126195,0.37447884713103313,11.307714990678631,0.447649842741861,12.438347295487484,0.4607051538266406,56.343078359542595,0.4066149263204094,13.894776459126195,0.37447884713103313,11.307714990678631,0.4066149263204094,13.894776459126195,0.4066149263204094,13.894776459126195,0.36838981652305336,57.88753253848422,0.3412126442023626,18.128853068313212,0.37447884713103313,11.307714990678635,0.37447884713103313,11.307714990678635,0.3412126442023626,18.128853068313212,0.33703092100321536,64.90442258050182
35948425.07165965,0.4719145357376596,58.648844063652504,0.45851558401622355,12.93919636739295,0.416442366396747,14.456512752272793,0.38348931020103394,11.763862893028074,0.45851558401622355,12.93919636739295,0.4719145357376596,58.648844063652504,0.416442366396747,14.456512752272793,0.38348931020103394,11.763862893028074,0.416442366396747,14.456512752272793,0.416442366396747,14.456512752272793,0.3772344862504185,60.259074573092754,0.34938631531668096,18.866281651164464,0.38348931020103394,11.763862893028076,0.38348931020103394,11.763862893028076,0.34938631531668096,18.86628165116446,0.34463120508986345,67.5656835992674
37426556.282645695,0.4833649866473027,61.04915126730599,0.46961431140619686,13.460344526871955,0.4264799373273456,15.041080102985637,0.3926918471714564,12.238522641640577,0.46961431140619686,13.460344526871955,0.4833649866473027,61.04915126730599,0.4264799373273456,15.041080102985637,0.3926918471714564,12.238522641640577,0.4264799373273456,15.041080102985637,0.4264799373273456,15.041080102985637,0.3862676595736921,62.72792763042793,0.35773370511515823,19.63381067469767,0.3926918471714564,12.238522641640575,0.3926918471714564,12.238522641640575,0.35773370511515823,19.63381067469767,0.3523927373569222,70.33617575997047
38965465.45184663,0.4950552256541346,63.54793776572724,0.48094468173125204,14.002617685658933,0.4367263855821724,15.64940939852979,0.4020852707341234,12.732448210521039,0.48094468173125204,14.002617685658933,0.4950552256541346,63.54793776572724,0.4367263855821724,15.64940939852979,0.4020852707341234,12.732448210521039,0.4367263855821724,15.64940939852979,0.4367263855821724,15.64940939852979,0.39548822907003567,65.29814537867647,0.3662537027623285,20.43267130847777,0.4020852707341234,12.732448210521035,0.4020852707341234,12.732448210521035,0.3662537027623285,20.43267130847777,0.3603133869070556,73.2203663114835
40567651.65388917,0.506982598943655,66.14894359410359,0.49250440513928784,14.566875755361652,0.4471796006720047,16.282469841729235,0.41166760711699757,13.246424614678116,0.49250440513928784,14.566875755361652,0.506982598943655,66.14894359410359,0.4471796006720047,16.282469841729235,0.41166760711699757,13.246424614678116,0.4471796006720047,16.282469841729235,0.4471796006720047,16.282469841729235,0.4048939180695763,67.97358849128881,0.3749444833402718,21.264145383537652,0.41166760711699757,13.246424614678117,0.41166760711699757,13.246424614678117,0.3749444833402718,21.264145383537663,0.36839173435839323,76.22291483613829
42235716.720619924,0.5191440792570191,68.8567441865378,0.5042901037867107,15.154013975269418,0.45783648689554013,16.94127046320799,0.4214359780822633,13.781269128754424,0.5042901037867107,15.154013975269418,0.5191440792570191,68.8567441865378,0.45783648689554013,16.94127046320799,0.4214359780822633,13.781269128754424,0.45783648689554013,16.94127046320799,0.45783648689554013,16.94127046320799,0.414482309639999,70.7589580178832,0.3838034004274337,22.129567423360154,0.4214359780822633,13.781269128754426,0.4214359780822633,13.781269128754426,0.3838034004274337,22.12956742336015,0.37662641477013387,79.34872231918136
43972369.46628725,0.5315349715010077,71.67547017859569,0.5162974447452824,15.764964975135326,0.4686930867846431,17.626862310510987,0.431386717212407,14.3378331188026,0.5162974447452824,15.764964975135326,0.5315349715010077,71.67547017859569,0.4686930867846431,17.626862310510987,0.431386717212407,14.3378331188026,0.4686930867846431,17.626862310510987,0.4686930867846431,17.626862310510987,0.42424953278932226,73.65851525787785,0.3928270943959149,23.03032726855283,0.431386717212407,14.337833118802607,0.431386717212407,14.337833118802607,0.3928270943959149,23.03032726855283,0.3850136441018048,82.60282628859702
45780430.086455286,0.5441495406139405,74.60976452068607,0.5285207373986754,16.40069967499496,0.4797442134336518,18.340339599754575,0.4415150294330057,14.917002916506776,0.5285207373986754,16.40069967499496,0.5441495406139405,74.60976452068607,0.4797442134336518,18.340339599754575,0.4415150294330057,14.917002916506776,0.4797442134336518,18.340339599754575,0.4797442134336518,18.340339599754575,0.43419096765956844,76.67703922174428,0.4020111804862195,23.967871873399478,0.4415150294330057,14.917002916506771,0.4415150294330057,14.917002916506771,0.4020111804862195,23.96787187339948,0.39355013663364363,85.99051848355147
47662834.73779292,0.5569806312745467,77.66431499373647,0.5409530571322004,17.06222945557203,0.4909835654709141,19.082842029320165,0.4518150994015405,15.519701750528853,0.5409530571322004,17.06222945557203,0.5569806312745467,77.66431499373647,0.4909835654709141,19.082842029320165,0.4518150994015405,15.519701750528853,0.4909835654709141,19.082842029320165,0.4909835654709141,19.082842029320165,0.4443008474511133,79.81935923817059,0.4113503498222856,24.943708101755167,0.4518150994015405,15.519701750528847,0.4518150994015405,15.519701750528847,0.4113503498222856,24.943708101755178,0.4022290142696201,89.51724029901564
49622640.30617492,0.5700197885114039,80.84413514833975,0.5535861012498478,17.750607789362146,0.5024035964852921,19.855556620592854,0.4622799715552043,16.14689123672853,0.5535861012498478,17.750607789362146,0.5700197885114039,80.84413514833975,0.5024035964852921,19.855556620592854,0.4622799715552043,16.14689123672853,0.5024035964852921,19.855556620592854,0.5024035964852921,19.855556620592854,0.45457240971035723,83.09063612605179,0.4208382603773147,25.959405166054154,0.4622799715552043,16.14689123672853,0.4622799715552043,16.14689123672853,0.4208382603773147,25.95940516605415,0.41104578142886444,93.18873916434475
51663029.37083848,0.5832569884248394,84.15436797194182,0.5664101198617357,18.466932103163252,0.5139954531452803,20.659719782875243,0.47290149398976566,16.79957306564021,0.5664101198617357,18.466932103163252,0.5832569884248394,84.15436797194182,0.5139954531452803,20.659719782875243,0.47290149398976566,16.79957306564021,0.5139954531452803,20.659719782875243,0.5139954531452803,20.659719782875243,0.46499764401751825,86.49616606786643,0.43046748661186673,27.01659728980004,0.47290149398976566,16.79957306564021,0.47290149398976566,16.79957306564021,0.43046748661186673,27.01659728980005,0.41999384618373753,97.0109721471428
53787315.37265635,0.5966805114546309,87.60021420219132,0.5794138439866234,19.21234571868246,0.5257489107514728,21.4966194645379,0.48367025994057805,17.47879076053603,0.5794138439866234,19.21234571868246,0.5966805114546309,87.60021420219132,0.5257489107514728,21.4966194645379,0.48367025994057805,17.47879076053603,0.5257489107514728,21.4966194645379,0.5257489107514728,21.4966194645379,0.47556718269285847,90.04130913730154,0.44022946689558534,28.11698648060489,0.48367025994057805,17.478790760536025,0.48367025994057805,17.478790760536025,0.44022946689558534,28.116986480604897,0.4290633512597516,100.99007754419186
55998947.99491973,0.6102773872762021,91.18752409660632,0.5925844505262743,19.988039900970524,0.5376523423357034,22.36759741781996,0.49457558021374987,18.18563153073106,0.5925844505262743,19.988039900970524,0.6102773872762021,91.18752409660632,0.5376523423357034,22.36759741781996,0.49457558021374987,18.18563153073106,0.5376523423357034,22.36759741781996,0.5376523423357034,22.36759741781996,0.48627075570296524,93.7320812854401,0.4501144791772998,29.262345437937036,0.49457558021374987,18.18563153073106,0.49457558021374987,18.18563153073106,0.4501144791772998,29.262345437937036,0.4382474221746895,105.13257206433511
58301518.76536862,0.624032559027773,94.92187335362549,0.6059075002197069,20.795255957462295,0.5496926630708439,23.27405152634979,0.505605432740694,18.92122817321608,0.6059075002197069,20.795255957462295,0.624032559027773,94.92187335362549,0.5496926630708439,23.27405152634979,0.505605432740694,18.92122817321608,0.5496926630708439,23.27405152634979,0.5496926630708439,23.27405152634979,0.4970963700452918,97.57423049454073,0.4601115956852874,30.454520555145375,0.505605432740694,18.92122817321608,0.505605432740694,18.92122817321608,0.4601115956852874,30.454520555145383,0.44753535141536605,109.44514681997278
60698766.88856719,0.6379294766496815,98.80928187699087,0.6193669403060613,21.63528747825495,0.5618553335304745,24.217438277876298,0.5167464664031259,19.686761097707755,0.6193669403060613,21.63528747825495,0.6379294766496815,98.80928187699087,0.5618553335304745,24.217438277876298,0.5167464664031259,19.686761097707755,0.5618553335304745,24.217438277876298,0.5618553335304745,24.217438277876298,0.5080309051267478,101.57395577225562,0.4702086871401265,31.69543508579682,0.5167464664031259,19.686761097707763,0.5167464664031259,19.686761097707763,0.4702086871401265,31.695435085796838,0.45691437912413296,113.9347495706194
63194585.318095274,0.6519501077444966,102.85629534478892,0.6329450986462802,22.50948263972247,0.574124355040459,25.199275312560257,0.5279839974328641,20.483460410937077,0.6329450986462802,22.50948263972247,0.6519501077444966,102.85629534478892,0.574124355040459,25.199275312560257,0.5279839974328641,20.483460410937077,0.574124355040459,25.199275312560257,0.574124355040459,25.199275312560257,0.5190601269888994,105.73798896594866,0.4803924200732837,32.98709241833697,0.5279839974328641,20.483460410937074,0.5279839974328641,20.483460410937074,0.4803924200732837,32.987092418336964,0.46637421505157883,118.60873240464089
65793027.07841702,0.6660744274554281,107.06925715617118,0.6466227045454092,23.419246605651125,0.5864822891634126,26.22114407853111,0.5393020279230232,21.312608088867663,0.6466227045454092,23.419246605651125,0.6660744274554281,107.06925715617118,0.5864822891634126,26.22114407853111,0.5393020279230232,21.312608088867663,0.5864822891634126,26.22114407853111,0.5864822891634126,26.22114407853111,0.5301681756943744,110.07286696400607,0.4906482741896655,34.33157948737688,0.5393020279230232,21.31260808886766,0.5393020279230232,21.31260808886766,0.4906482741896655,34.33157948737687,0.475900127081041,123.47462982987318
68498311.84669265,0.6802810466644813,111.45510947434327,0.6603789457093344,24.366044036806517,0.598910309916221,27.2846926052419,0.5506832944008819,22.1755402459598,0.6603789457093344,24.366044036806517,0.6802810466644813,111.45510947434327,0.598910309916221,27.2846926052419,0.5506832944008819,22.1755402459598,0.598910309916221,27.2846926052419,0.598910309916221,27.2846926052419,0.5413381833228769,114.58573300126753,0.5009605870449181,35.731070332109574,0.5506832944008819,22.1755402459598,0.5506832944008819,22.1755402459598,0.5009605870449181,35.73107033210957,0.4854777482931591,128.54034551502758
71314832.80522202,0.694546877270636,116.02080150190619,0.6741915467715285,25.351401690477804,0.6113882753994072,28.39163837883811,0.5621093341053764,23.073649486647664,0.6741915467715285,25.351401690477804,0.694546877270636,116.02080150190619,0.6113882753994072,28.39163837883811,0.5621093341053764,23.073649486647664,0.6113882753994072,28.39163837883811,0.6113882753994072,28.39163837883811,0.5525519240646554,119.28374521024146,0.5113126146989648,37.187829790914506,0.5621093341053764,23.07364948664769,0.5621093341053764,23.07364948664769,0.5113126146989648,37.18782979091447,0.4950918640414662,133.8141026012411
74247163.77564758,0.7088476339357127,120.7739509045485,0.6880368499588975,26.37691109247813,0.6238948011170998,29.543771304654967,0.5735605525786522,24.00838732502391,0.6880368499588975,26.37691109247813,0.7088476339357127,120.7739509045485,0.6238948011170998,29.543771304654967,0.5735605525786522,24.00838732502391,0.6238948011170998,29.543771304654967,0.6238948011170998,29.543771304654967,0.5637902995866105,124.17473833960607,0.5216865933493843,38.70421732207627,0.5735605525786522,24.00838732502391,0.5735605525786522,24.00838732502391,0.5216865933493843,38.704217322076275,0.5047253742801289,139.3044487520751
77300066.64650236,0.7231576115866885,125.72216747843163,0.7018900233777317,27.444231378414234,0.6364074491648728,30.742956844771765,0.5850163979181819,24.981266752373692,0.7018900233777317,27.444231378414234,0.7231576115866885,125.72216747843163,0.6364074491648728,30.742956844771765,0.5850163979181819,24.981266752373692,0.6364074491648728,30.742956844771765,0.6364074491648728,30.742956844771765,0.5750330736865035,129.2665477141779,0.5320638981044091,40.282691025049594,0.5850163979181819,24.98126675237369,0.5850163979181819,24.98126675237369,0.5320638981044091,40.282691025049594,0.5143613637266365,145.02030380980662
80478499.10616454,0.7374501083444641,130.87360293112167,0.7157251506520721,28.55509212168205,0.6489028091832616,31.99113916745059,0.5964554348999896,25.993864803407703,0.7157251506520721,28.55509212168205,0.7374501083444641,130.87360293112167,0.6489028091832616,31.99113916745059,0.5964554348999896,25.993864803407703,0.6489028091832616,31.99113916745059,0.6489028091832616,31.99113916745059,0.586259275440585,134.56755935033908,0.5424251101224187,41.92581173059788,0.5964554348999896,25.993864803407703,0.5964554348999896,25.993864803407703,0.5424251101224187,41.925811730597886,0.5239820064035076,150.97096084917084
83787622.69377664,0.7516972073110445,136.23615102691355,0.729515457005877,29.711296335739966,0.6613567031644321,33.290344478059104,0.6078555330869254,27.04782527522733,0.729515457005877,29.711296335739966,0.7516972073110445,136.23615102691355,0.6613567031644321,33.290344478059104,0.6078555330869254,27.04782527522733,0.6613567031644321,33.290344478059104,0.6613567031644321,33.290344478059104,0.5974469328263621,140.08591043560858,0.5527501875390975,43.6362473015291,0.6078555330869254,27.04782527522733,0.6078555330869254,27.04782527522733,0.5527501875390975,43.636247301529124,0.5335683766946573,157.16605015372173
87232811.1812031,0.7658710084623456,141.8193074788498,0.7432335422936254,30.914723540726715,0.673744396216194,34.64268443361477,0.619194060080691,28.144861509291278,0.7432335422936254,30.914723540726715,0.7658710084623456,141.8193074788498,0.673744396216194,34.64268443361477,0.619194060080691,28.144861509291278,0.673744396216194,34.64268443361477,0.673744396216194,34.64268443361477,0.6085742539495076,145.83134958184084,0.5630186407758199,45.41677706610528,0.619194060080691,28.144861509291285,0.619194060080691,28.144861509291285,0.5630186407758199,45.41677706610527,0.543101066001537,163.6156516410275
90819659.29963824,0.7799424158960014,147.63144862842324,0.756851612238848,32.16733292718286,0.686040805501067,36.050359671544065,0.630448072900013,29.28675926379712,0.756851612238848,32.16733292718286,0.7799424158960014,147.63144862842324,0.686040805501067,36.050359671544065,0.630448072900013,29.28675926379712,0.686040805501067,36.050359671544065,0.686040805501067,36.050359671544065,0.6196183633873609,151.8125158873685,0.5732097059700111,47.27029641202747,0.630448072900013,29.28675926379712,0.630448072900013,29.28675926379712,0.5732097059700111,47.27029641202746,0.5525619492112438,170.33025883524746
94553991.82503611,0.793882706757329,153.68232778289368,0.7703417385398673,33.471166605868056,0.6982207350774615,37.51566344386698,0.6415945329037268,30.475379667907532,0.7703417385398673,33.471166605868056,0.793882706757329,153.68232778289368,0.6982207350774615,37.51566344386698,0.6415945329037268,30.475379667907532,0.6982207350774615,37.51566344386698,0.6982207350774615,37.51566344386698,0.6305568132873419,158.03943568239814,0.5833025395833167,49.19982153652304,0.6415945329037268,30.475379667907532,0.6415945329037268,30.475379667907532,0.5833025395833167,49.19982153652303,0.5619309124469811,177.32076325445152
98441873.03711429,0.8076633765461179,159.98175654615105,0.7836763804648755,34.82835305670252,0.7102593480255547,39.040985459038836,0.6526107390227949,31.7126623498641,0.7836763804648755,34.82835305670252,0.8076633765461179,159.98175654615105,0.7102593480255547,39.040985459038836,0.6526107390227949,31.7126623498641,0.7102593480255547,39.040985459038836,0.7102593480255547,39.040985459038836,0.6413673162404064,164.52220426749733,0.5932766117237815,51.20849443841555,0.6526107390227949,31.712662349864114,0.6526107390227949,31.712662349864114,0.5932766117237815,51.208494438415535,0.5711889680299292,184.5985254364257
102489616.56729746,0.8212554718462654,166.53996094357265,0.7968275611466337,36.24111011306874,0.7221314165100353,40.62881533914653,0.6634736353897608,33.00062820187399,0.7968275611466337,36.24111011306874,0.8212554718462654,166.53996094357265,0.7221314165100353,40.62881533914653,0.6634736353897608,33.00062820187399,0.7221314165100353,40.62881533914653,0.7221314165100353,40.62881533914653,0.6520272425138587,171.27134261220792,0.6031110737774118,53.29958767440261,0.6634736353897608,33.000628201873994,0.6634736353897608,33.000628201873994,0.6031110737774118,53.299587674402595,0.5803168722262897,192.17537685580595
106703795.65158638,0.8346320982681016,173.3676109302087,0.8097693016200319,37.711749426006094,0.7338135305544478,42.28174743294508,0.6741618435450838,34.341383358213406,0.8097693016200319,37.711749426006094,0.8346320982681016,173.3676109302087,0.7338135305544478,42.28174743294508,0.6741618435450838,34.341383358213406,0.7338135305544478,42.28174743294508,0.7338135305544478,42.28174743294508,0.6625156199858965,178.2978271244733,0.6127866082514957,55.47651029632513,0.6741618435450838,34.341383358213406,0.6741618435450838,34.341383358213406,0.6127866082514957,55.47651029632515,0.5892967173497604,200.0636339401505
111091253.80500712,0.84776654611596,180.47581488144334,0.8224758051892316,39.242679205210635,0.7452824467692573,44.00248412078559,0.6846541396074958,35.737121790527134,0.8224758051892316,39.242679205210635,0.84776654611596,180.47581488144334,0.7452824467692573,44.00248412078559,0.6846541396074958,35.737121790527134,0.7452824467692573,44.00248412078559,0.7452824467692573,44.00248412078559,0.672811627659321,185.61308488299252,0.622284039424182,57.74281264590556,0.6846541396074958,35.737121790527134,0.6846541396074958,35.737121790527134,0.622284039424182,57.74281264590557,0.5981107343728597,208.2761207716448
115659115.9349731,0.8606335994492218,187.8761374229327,0.8349227289723246,40.83640846117644,0.7565162411949191,45.79384049788928,0.6949305139590292,37.190129136230226,0.8349227289723246,40.83640846117644,0.8606335994492218,187.8761374229327,0.7565162411949191,45.79384049788928,0.6949305139590292,37.190129136230226,0.7565162411949191,45.79384049788928,0.7565162411949191,45.79384049788928,0.6828956362005114,193.22901189793456,0.6315852970500292,60.10219235685881,0.6949305139590292,37.190129136230226,0.6949305139590292,37.190129136230226,0.6315852970500292,60.10219235685884,0.6067421853850944,216.82618980320194
120414799.91160761,0.8732096498192831,195.58061624693383,0.8470872925765552,42.49555076791903,0.7674944056455874,47.65874866395616,0.7049722576745949,38.70278615176414,0.8470872925765552,42.49555076791903,0.8732096498192831,195.58061624693383,0.7674944056455874,47.65874866395616,0.7049722576745949,38.70278615176414,0.7674944056455874,47.65874866395616,0.7674944056455874,47.65874866395616,0.6927492920798319,201.1579905332284,0.6406734930654429,62.558500125155625,0.7049722576745949,38.702786151764116,0.7049722576745949,38.702786151764116,0.6406734930654429,62.55850012515571,0.6151754351510952,225.72774329443286
125366028.61381596,0.8854727986208931,203.60181845960562,0.8589483627790732,44.22282831097749,0.7781979226646834,49.60026230771154,0.7147620296393217,40.27757241700663,0.8589483627790732,44.22282831097749,0.8854727986208931,203.60181845960562,0.7781979226646834,49.60026230771154,0.7147620296393217,40.27757241700663,0.7781979226646834,49.60026230771154,0.7781979226646834,49.60026230771154,0.7023555964557199,209.41294645777046,0.6495329810467566,65.11574581598403,0.7147620296393217,40.27757241700662,0.7147620296393217,40.27757241700662,0.6495329810467566,65.11574581598413,0.6233959890270082,234.9952579212818
130520842.47066948,0.8974035353836738,211.95277228507007,0.8704871419751185,46.021076083285834,0.7886098882049214,51.621561460035494,0.7242844274489997,41.91707017072964,0.8704871419751185,46.021076083285834,0.8974035353836738,211.95277228507007,0.7886098882049214,51.621561460035494,0.7242844274489997,41.91707017072964,0.7886098882049214,51.621561460035494,0.7886098882049214,51.621561460035494,0.7116994335100597,218.00728097303187,0.6581498741007256,67.7781047998085,0.7242844274489997,41.917070170729644,0.7242844274489997,41.917070170729644,0.6581498741007256,67.77810479980855,0.6313910119276792,244.6438028071476
135887612.5184674,0.9089841001199392,220.647074541046,0.8816865158046008,47.8932462107937,0.7987149181625435,53.725957410835896,0.7335254399346826,43.62396828144661,0.8816865158046008,47.8932462107937,0.9089841001199392,220.647074541046,0.7987149181625435,53.725957410835896,0.7335254399346826,43.62396828144661,0.7987149181625435,53.725957410835896,0.7987149181625435,53.725957410835896,0.7207670643603044,226.95497916798442,0.666511545242297,70.54992453479163,0.7335254399346826,43.623968281446615,0.7335254399346826,43.623968281446615,0.666511545242297,70.54992453479161,0.6391488214553952,254.68906875800582
141475053.99468037,0.9201991700161811,229.69888882639987,0.8925317278308581,49.84241235249449,0.8084997586382234,55.91689772744365,0.7424730067096289,45.40106628243092,0.8925317278308581,49.84241235249449,0.9201991700161811,229.69888882639987,0.8084997586382234,55.91689772744365,0.7424730067096289,45.40106628243092,0.8084997586382234,55.91689772744365,0.8084997586382234,55.91689772744365,0.7295466668940526,236.27060881538802,0.6746071350156556,73.4357313238184,0.7424730067096289,45.40106628243091,0.7424730067096289,45.40106628243091,0.6746071350156556,73.43573132381835,0.6466593759129193,265.1473924230422
147292240.49085137,0.9310357739228471,239.12295146806798,0.9030103004126061,51.87177443372368,0.8179532129362179,58.197971621118484,0.751116949819954,47.25127870646168,0.9030103004126061,51.87177443372368,0.9310357739228471,239.12295146806798,0.8179532129362179,58.197971621118484,0.751116949819954,47.25127870646168,0.8179532129362179,58.197971621118484,0.8179532129362179,58.197971621118484,0.7380282630213445,245.9693270352764,0.6824274882383261,76.44023747419878,0.751116949819954,47.251278706461704,0.751116949819954,47.251278706461704,0.6824274882383261,76.44023747419878,0.6539142186041169,276.03578146387105
153348618.68743697,0.9414838730603613,248.93460444852656,0.9131125944441145,53.984663632364615,0.827066647959058,60.57291558451593,0.7594494381418662,49.17763964259578,0.9131125944441145,53.984663632364615,0.9414838730603613,248.93460444852656,0.827066647959058,60.57291558451593,0.7594494381418662,49.17763964259578,0.827066647959058,60.57291558451593,0.827066647959058,60.57291558451593,0.7462041777798616,256.06691394858655,0.6899655753855904,79.56834878938855,0.7594494381418662,49.1776396425958,0.7594494381418662,49.1776396425958,0.6899655753855904,79.56834878938857,0.6609068672466507,287.37194269707055
159654023.69451743,0.9515351647754815,259.149821498206,0.9228306458828052,56.18454730582347,0.8358329383851566,63.04561902820271,0.7674640159090146,51.183307272946564,0.9228306458828052,56.18454730582347,0.9515351647754815,259.149821498206,0.8358329383851566,63.04561902820271,0.7674640159090146,51.183307272946564,0.8358329383851566,63.04561902820271,0.8358329383851566,63.04561902820271,0.7540680856903748,266.57979960178454,0.6972156082654449,82.82517218609067,0.7674640159090146,51.18330727294658,0.7674640159090146,51.18330727294658,0.6972156082654449,82.82517218609065,0.6676319872475355,299.174310436494
166218695.02328777,0.9611843356240939,269.78519878357787,0.9321593911615641,58.47503440145585,0.8442475769293593,65.62013039365479,0.7751566225152001,53.27156881139417,0.9321593911615641,58.47503440145585,0.9611843356240939,269.78519878357787,0.8442475769293593,65.62013039365479,0.7751566225152001,53.27156881139417,0.8442475769293593,65.62013039365479,0.8442475769293593,65.62013039365479,0.7616160027377591,277.52505543251135,0.7041739667964251,86.21602381184928,0.7751566225152001,53.27156881139419,0.7751566225152001,53.27156881139419,0.7041739667964251,86.2160238118493,0.6740862730972106,311.4620749500293
173053293.21426633,0.9704281303998032,280.85800001408626,0.9410957562351534,60.85988100753386,0.852307848103215,68.30066345218667,0.7825248326942329,55.44584559376249,0.9410957562351534,60.85988100753386,0.9704281303998032,280.85800001408626,0.852307848103215,68.30066345218667,0.7825248326942329,55.44584559376249,0.852307848103215,68.30066345218667,0.852307848103215,68.30066345218667,0.768845546617239,288.92044022975296,0.7108385077177701,89.74643745715773,0.7825248326942329,55.44584559376247,0.7825248326942329,55.44584559376247,0.7108385077177701,89.74643745715768,0.6802678028914416,324.25521531372726
180168917.14922383,0.9792658960137609,292.38643273020347,0.9496391251043168,63.34299615442948,0.860013252726566,71.09160387630166,0.7895682464513594,57.70969838337106,0.9496391251043168,63.34299615442948,0.9792658960137609,292.38643273020347,0.860013252726566,71.09160387630166,0.7895682464513594,57.70969838337106,0.860013252726566,71.09160387630166,0.860013252726566,71.09160387630166,0.7757563807869505,300.7846772862212,0.7172089189625109,93.42217331335763,0.7895682464513594,57.709698383371055,0.7895682464513594,57.709698383371055,0.7172089189625109,93.42217331335763,0.6861762076587399,337.57453687349584
187577122.07494614,0.9876989375626917,304.38908314651286,0.9577908603956471,65.92844787791802,0.8673650731954875,73.99751610737434,0.7962880893743046,60.06683292333468,0.9577908603956471,65.92844787791802,0.9876989375626917,304.38908314651286,0.8673650731954875,73.99751610737434,0.7962880893743046,60.06683292333468,0.8673650731954875,73.99751610737434,0.8673650731954875,73.99751610737434,0.7823496714561039,313.13689015046873,0.7232863561066885,97.24922712075906,0.7962880893743046,60.066832923334665,0.7962880893743046,60.066832923334665,0.7232863561066885,97.24922712075907,0.6918126916650714,351.4416887878566
195289938.36810002,0.9957306214847096,316.8855170950886,0.965554262490455,68.62046968690746,0.8743663369374675,77.0231506429787,0.8026871795264332,62.52110584008142,0.965554262490455,68.62046968690746,0.9957306214847096,316.8855170950886,0.8743663369374675,77.0231506429787,0.8026871795264332,62.52110584008142,0.8743663369374675,77.0231506429787,0.8743663369374675,77.0231506429787,0.7886282008547844,325.9972044738747,0.7290734127009559,101.23383980177866,0.8026871795264332,62.5211058400814,0.8026871795264332,62.5211058400814,0.7290734127009559,101.23383980177864,0.6971796723109196,365.87921606230867
203319891.07167485,1.003365649500269,329.8961228500817,0.9729339144278847,71.42346740571566,0.8810212233620253,80.17345172504588,0.8087693831698403,65.07653088524614,0.9729339144278847,71.42346740571566,1.003365649500269,329.8961228500817,0.8810212233620253,80.17345172504588,0.8087693831698403,65.07653088524614,0.8810212233620253,80.17345172504588,0.8810212233620253,80.17345172504588,0.7945957821214799,339.38659176117534,0.7345736260603632,105.3825075795007,0.8087693831698403,65.07653088524614,0.8087693831698403,65.07653088524614,0.7345736260603632,105.3825075795007,0.7022804199868455,380.9105885984569
211680020.23472562,1.0106112567866583,343.44188598214106,0.9799368970823112,74.3420255318603,0.887336164350213,83.4535646439343,0.8145406251228388,67.73728478491765,0.9799368970823112,74.3420255318603,1.0106112567866583,343.44188598214106,0.887336164350213,83.4535646439343,0.8145406251228388,67.73728478491765,0.887336164350213,83.4535646439343,0.887336164350213,83.4535646439343,0.8002581971270024,353.3266453330315,0.7397923950293877,109.70199191671715,0.8145406251228388,67.73728478491769,0.8145406251228388,67.73728478491769,0.7397923950293877,109.70199191671719,0.707120082304478,396.5602369316304
220383902.0884485,1.0174757787658295,357.54512535421253,0.9865712542477025,77.38091516306979,0.8933184551849412,86.86884453593183,0.8200076143998029,70.5077144332232,0.9865712542477025,77.38091516306979,1.0174757787658295,357.54512535421253,0.8933184551849412,86.86884453593183,0.8200076143998029,70.5077144332232,0.8933184551849412,86.86884453593183,0.8933184551849412,86.86884453593183,0.8056220950201631,367.8403172214952,0.7447358232573532,114.19933087388982,0.8200076143998029,70.50771443322321,0.8200076143998029,70.50771443322321,0.7447358232573532,114.19933087388982,0.7117041545345298,412.85359858284045
229445671.0929728,1.0239686055171333,372.2285400073808,0.9928461507493468,80.54510147406754,0.8989763981693681,90.42486483426177,0.8251779764827677,73.39234372633018,0.9928461507493468,80.54510147406754,1.0239686055171333,372.2285400073808,0.8989763981693681,90.42486483426177,0.8251779764827677,73.39234372633018,0.8989763981693681,90.42486483426177,0.8989763981693681,90.42486483426177,0.8106949140559051,382.9509661428705,0.7494108397205071,118.88185033420508,0.8251779764827677,73.39234372633017,0.8251779764827677,73.39234372633017,0.7494108397205071,118.88185033420505,0.7160392448163551,429.8171530476744
238880042.89068297,1.0301004080765708,387.5160813737868,0.9987719236682355,83.83975160135255,0.9043193497157361,94.12742615827118,0.8300602972346959,76.39588076034123,0.9987719236682355,83.83975160135255,1.0301004080765708,387.5160813737868,0.9043193497157361,94.12742615827118,0.8300602972346959,76.39588076034123,0.9043193497157361,94.12742615827118,0.9043193497157361,94.12742615827118,0.8154850990433571,398.683230819641,0.7538252392182785,123.75717576514786,0.8300602972346959,76.39588076034123,0.8300602972346959,76.39588076034123,0.7538252392182785,123.75717576514792,0.7201325477089751,447.47846750243986
248702338.20332998,1.0358828987854996,403.4326041295582,1.004359928509407,87.27024291293115,0.9093575816183302,97.98256562428242,0.8346639961046387,79.52322537781797,1.004359928509407,87.27024291293115,1.0358828987854996,403.4326041295582,0.9093575816183302,97.98256562428242,0.8346639961046387,79.52322537781797,0.9093575816183302,97.98256562428242,0.9093575816183302,97.98256562428242,0.8200018964287281,415.06268197841763,0.7579875677073382,128.83324451252005,0.8346639961046387,79.52322537781794,0.8346639961046387,79.52322537781794,0.7579875677073382,128.83324451252008,0.7239920088223246,465.8662415271591
258928507.71175063,1.041328147905783,420.00397829280683,1.0096218627131592,90.8421720641773,0.9141016695760389,101.99656694414597,0.83899876586586,82.77947739713721,1.0096218627131592,90.8421720641773,1.041328147905783,420.00397829280683,0.9141016695760389,101.99656694414597,0.83899876586586,82.77947739713721,0.9141016695760389,101.99656694414597,0.9141016695760389,101.99656694414597,0.824254819383992,432.1159355470481,0.7619066143958364,134.1183189391115,0.83899876586586,82.7794773971372,0.83899876586586,82.7794773971372,0.7619066143958364,134.11831893911148,0.7276257976857912,485.010353267131
269575157.9585931,1.0464491640288023,437.2571400595376,1.0145703274524132,94.56136356901115,0.9185630021827006,106.17597015955656,0.8430750401338849,86.16994446138102,1.0145703274524132,94.56136356901115,1.0464491640288023,437.2571400595376,0.9185630021827006,106.17597015955656,0.8430750401338849,86.16994446138102,0.9185630021827006,106.17597015955656,0.9185630021827006,106.17597015955656,0.8282541085343766,449.8707048084881,0.7655918366048865,139.62099944776395,0.8430750401338849,86.16994446138102,0.8430750401338849,86.16994446138102,0.7655918366048865,139.62099944776395,0.7310426996993756,504.9419079057693
280659578.3161132,1.051259165072795,455.22013059239555,1.019218122417385,98.43387965937102,0.922753143444464,110.52758262746573,0.8469034092409896,89.70015099430753,1.019218122417385,98.43387965937102,1.051259165072795,455.22013059239555,0.922753143444464,110.52758262746573,0.8469034092409896,89.70015099430753,0.922753143444464,110.52758262746573,0.922753143444464,110.52758262746573,0.8320101576248093,468.355840371094,0.7690528301954132,145.3502387552561,0.8469034092409896,89.70015099430755,0.8469034092409896,89.70015099430755,0.7690528301954132,145.3502387552561,0.7342516267830008,525.6932883575295
292199769.06283617,1.0557716356014333,473.92214220472215,1.0235783019163296,102.46603002242152,0.9266838841747231,115.0584899771676,0.8504946680008416,93.37584708177087,1.0235783019163296,102.46603002242152,1.0557716356014333,473.92214220472215,0.9266838841747231,115.0584899771676,0.8504946680008416,93.37584708177087,0.9266838841747231,115.0584899771676,0.9266838841747231,115.0584899771676,0.8355335606371117,487.60137768936585,0.7722993734685905,151.3153563490029,0.8504946680008416,93.37584708177087,0.8504946680008416,93.37584708177087,0.7722993734685905,151.31535634900285,0.737261658325791,547.2982078108649
304214470.6146767,1.0600003707865686,493.3935654925275,1.0276642180278912,106.66438187591012,0.9303672815263577,119.77606746173973,0.8538598524490941,97.20301766691664,1.0276642180278912,106.66438187591012,1.0600003707865686,493.3935654925275,0.9303672815263577,119.77606746173973,0.8538598524490941,97.20301766691664,0.9303672815263577,119.77606746173973,0.9303672815263577,119.77606746173973,0.8388351479110233,507.6385856014165,0.7753414609339733,157.52605349163875,0.8538598524490941,97.20301766691665,0.8538598524490941,97.20301766691665,0.7753414609339733,157.52605349163875,0.7400820725382763,569.791764284843
316723193.9579882,1.0639588925020695,513.6660393588494,1.0314889552970377,111.03577120836937,0.9338151483029866,124.68799245697306,0.8570097722152807,101.18789274942658,1.0314889552970377,111.03577120836937,1.0639588925020695,513.6660393588494,0.9338151483029866,124.68799245697306,0.8570097722152807,101.18789274942658,0.9338151483029866,124.68799245697306,0.9338151483029866,124.68799245697306,0.8419255272133939,528.5000176588192,0.7781888796343629,163.9924294120334,0.8570097722152807,101.18789274942658,0.8570097722152807,101.18789274942658,0.7781888796343629,163.99242941203346,0.7427219534658698,593.2104981125439
329746252.33396053,1.067660758517713,534.7725023953036,1.0350656307802644,115.58731347223622,0.9370393247357665,129.8022565586402,0.8599552600952537,105.33695716199604,1.0350656307802644,115.58731347223622,1.067660758517713,534.7725023953036,0.9370393247357665,129.8022565586402,0.8599552600952537,105.33695716199604,0.9370393247357665,129.8022565586402,0.9370393247357665,129.8022565586402,0.8448153288333936,550.2195650788032,0.7808514358913535,170.72499739570785,0.8599552600952537,105.33695716199608,0.8599552600952537,105.33695716199608,0.7808514358913535,170.72499739570787,0.745190403901929,617.592451413034
343304794.22582114,1.0711194266713409,556.7472454181649,1.0384072630503065,120.32641525782219,0.9400515604812949,135.12717866799503,0.8627070643326883,109.65696120011174,1.0384072630503065,120.32641525782219,1.0711194266713409,556.7472454181649,0.9400515604812949,135.12717866799503,0.8627070643326883,109.65696120011174,0.9400515604812949,135.12717866799503,0.9400515604812949,135.12717866799503,0.8475150997632224,572.83251080176,0.7833388580072576,177.73470194743263,0.8627070643326883,109.6569612001117,0.8627070643326883,109.6569612001117,0.7833388580072576,177.73470194743257,0.7474964501026554,642.977228875931
357420837.7024068,1.0743480291147784,579.6259682880763,1.0415265537012288,125.26078654923762,0.9428633174051706,140.6714187078682,0.8652756682003261,114.15493177408445,1.0415265537012288,125.26078654923762,1.0743480291147784,579.6259682880763,0.9428633174051706,140.6714187078682,0.8652756682003261,114.15493177408445,0.9428633174051706,140.6714187078682,0.9428633174051706,140.6714187078682,0.8500351267810069,596.3755878737529,0.7856606329527792,185.03293673708671,0.8652756682003261,114.15493177408443,0.8652756682003261,114.15493177408443,0.7856606329527792,185.03293673708674,0.7496488946217568,669.4060631365577
372117306.1738785,1.0773593945805278,603.4458376988878,1.044435909355669,130.39845322942443,0.9454857898604883,146.44399167140847,0.8676713089623509,118.83818380671072,1.044435909355669,130.39845322942443,1.0773593945805278,603.4458376988878,0.9454857898604883,146.44399167140847,0.8676713089623509,118.83818380671072,0.9454857898604883,146.44399167140847,0.9454857898604883,146.44399167140847,0.8523854550904567,620.8870389153543,0.7878260238956446,192.63156308952637,0.8676713089623509,118.83818380671072,0.8676713089623509,118.83818380671072,0.7878260238956446,192.6315630895264,0.7516563319040546,696.9218815530306
387418065.6176431,1.080165992438433,628.2455476688539,1.0471473877754458,135.74777018207106,0.9479298562592848,152.4542823236041,0.8699039337821951,123.71433216877499,1.0471473877754458,135.74777018207106,1.080165992438433,628.2455476688539,0.9479298562592848,152.4542823236041,0.8699039337821951,123.71433216877499,0.9479298562592848,152.4542823236041,0.9479298562592848,152.4542823236041,0.8545758450886896,646.4066783448852,0.7898440304760801,200.54292929777054,0.8699039337821951,123.71433216877496,0.8699039337821951,123.71433216877496,0.7898440304760801,200.5429292977706,0.7535271117319612,725.5693760292055
403347963.3349353,1.0827796453900556,654.0653821311536,1.0496724199245853,141.3174353598771,0.9502058281019421,158.71206089478926,0.8719829700275797,128.79130446127616,1.0496724199245853,141.3174353598771,1.0827796453900556,654.0653821311536,0.9502058281019421,158.71206089478926,0.8719829700275797,128.79130446127616,0.9502058281019421,158.71206089478926,0.9502058281019421,158.71206089478926,0.8566155468669447,672.9759566812138,0.7917231808016469,208.7798910538374,0.8719829700275797,128.79130446127616,0.8719829700275797,128.79130446127616,0.7917231808016469,208.77989105383742,0.7552691431713779,755.3950751814523
419932868.3009959,1.085212246126856,680.947280980552,1.0520225042195275,147.11650270123803,0.9523240777504659,165.22749785161383,0.8739179007023127,134.0773528828029,1.0520225042195275,147.11650270123803,1.085212246126856,680.947280980552,0.9523240777504659,165.22749785161383,0.8739179007023127,134.0773528828029,0.9523240777504659,165.22749785161383,0.9523240777504659,165.22749785161383,0.8585138652493995,700.63802874064,0.7934720533165025,217.35583141030946,0.8739179007023127,134.07735288280284,0.8739179007023127,134.07735288280284,0.7934720533165025,217.35583141030943,0.7568903867554824,786.4474209179659
437199713.1743738,1.087474844410213,708.9349059473815,1.0542083228369412,153.15439841520248,0.9542942398482412,172.01118184648783,0.8757175329412898,139.58106894706347,1.0542083228369412,153.15439841520248,1.087474844410213,708.9349059473815,0.9542942398482412,172.01118184648783,0.8757175329412898,139.58106894706347,0.9542942398482412,172.01118184648783,0.9542942398482412,172.01118184648783,0.860279441421271,729.4378211467215,0.7950986138207021,226.28468370988887,0.8757175329412898,139.5810689470635,0.8757175329412898,139.5810689470635,0.7950986138207021,226.28468370988887,0.7583982243932917,818.776844355812
455176538.0335708,1.0895780104069186,738.0737168779468,1.056240093211453,159.44093572210315,0.9561255291826025,179.07413639887065,0.8773902893935386,145.31139696252,1.056240093211453,159.44093572210315,1.0895780104069186,738.0737168779468,0.9561255291826025,179.07413639887065,0.8773902893935386,145.31139696252,0.9561255291826025,179.07413639887065,0.9561255291826025,179.07413639887065,0.8619205395734638,759.4221107845427,0.7966104797501357,235.58095378256849,0.8773902893935386,145.31139696251998,0.8773902893935386,145.31139696251998,0.7966104797501357,235.58095378256832,0.7597997265923365,852.4358532771705
473892535.9120542,1.0915319123153417,768.4110401062055,1.0581276439662408,165.98633071395358,0.9578268094949972,186.4278377277749,0.8789442714444716,151.27764849360057,1.0581276439662408,165.98633071395358,1.0915319123153417,768.4110401062055,0.9578268094949972,186.4278377277749,0.8789442714444716,151.27764849360057,0.9578268094949972,186.4278377277749,0.9578268094949972,186.4278377277749,0.8634451084171934,790.6395953259729,0.7980149776455228,245.25974344377914,0.8789442714444716,151.27764849360057,0.8789442714444716,151.27764849360057,0.7980149776455228,245.2597434437792,0.7611016865243322,887.4791119699348
493378100.2055832,1.0933462645394063,799.9961480646941,1.0598803645366872,172.80121904986956,0.9594065480248684,194.08423348351158,0.8803872176467724,157.48951756931342,1.0598803645366872,172.80121904986956,1.0933462645394063,799.9961480646941,0.9594065480248684,194.08423348351158,0.8803872176467724,157.48951756931342,0.9594065480248684,194.08423348351158,0.9594065480248684,194.08423348351158,0.8648607406689699,823.1409750446901,0.7993191055375196,255.33677509785812,0.8803872176467724,157.48951756931345,0.8803872176467724,157.48951756931345,0.7993191055375196,255.33677509785812,0.7623105945931883,923.9635327196847
513664874.0288369,1.0950303151773577,832.8803381072304,1.061507193281569,179.89667330812722,0.9608728048650229,202.05576222244235,0.8817264940690399,163.95709649205776,1.061507193281569,179.89667330812722,1.0950303151773577,832.8803381072304,0.9608728048650229,202.05576222244235,0.8817264940690399,163.95709649205776,0.9608728048650229,202.05576222244235,0.9608728048650229,202.05576222244235,0.8661746634713001,856.9790339394777,0.8005295242866114,265.82841733016136,0.8817264940690399,163.95709649205776,0.8817264940690399,163.95709649205776,0.8005295242866114,265.8284173301614,0.7634326262961271,961.9483670116684
534785801.6014837,1.0965924407876462,867.117018438234,1.0630162249551531,187.2842219907715,0.9622328782804572,210.35537453317886,0.8829687694463155,170.69089307770378,1.0630162249551531,187.2842219907715,1.0965924407876462,867.117018438234,0.9622328782804572,210.35537453317886,0.8829687694463155,170.69089307770378,0.9622328782804572,210.35537453317886,0.9622328782804572,210.35537453317886,0.8673934197050561,892.2087278582264,0.8016522632000546,276.7517122613336,0.8829687694463155,170.69089307770375,0.8829687694463155,170.69089307770375,0.8016522632000546,276.7517122613336,0.7644733736293414,1001.4953040409642
556775181.7471672,1.0980411660808531,902.7617898599543,1.064415698537773,194.97586592164978,0.9634941975009277,218.9965519626024,0.8841208330900154,177.70184578649523,1.064415698537773,194.97586592164978,1.0980411660808531,902.7617898599543,0.9634941975009277,218.9965519626024,0.8841208330900154,177.70184578649523,0.9634941975009277,218.9965519626024,0.9634941975009277,218.9965519626024,0.8685236705467682,928.8872692543353,0.8026934614152641,288.1244014660169,0.8841208330900154,177.70184578649528,0.8841208330900154,177.70184578649528,0.8026934614152641,288.12440146601693,0.7654385262286076,1042.6685666660926
579668723.5922517,1.0993840943209632,939.8725431407038,1.0657129610819354,202.98410038707635,0.9646633863840717,227.99333131105178,0.88518873721593,185.00134369193216,1.0657129610819354,202.98410038707635,1.0993840943209632,939.8725431407038,0.9646633863840717,227.99333131105178,0.88518873721593,185.00134369193216,0.9646633863840717,227.99333131105178,0.9646633863840717,227.99333131105178,0.8695713540386784,967.0742266045271,0.8036585905888266,299.96495678757253,0.88518873721593,185.00134369193216,0.88518873721593,185.00134369193216,0.8036585905888266,299.9649567875726,0.7663331616072526,1085.53502191238
603503604.5548016,1.1006284890982134,978.5095471792267,1.0669150315078757,211.32193407344303,0.9657467729345917,237.36032620047587,0.8861782636949082,192.6012438491613,1.0669150315078757,211.32193407344303,1.1006284890982134,978.5095471792267,0.9657467729345917,237.36032620047587,0.8861782636949082,192.6012438491613,0.9657467729345917,237.36032620047587,0.9657467729345917,237.36032620047587,0.8705421428337374,1006.8316155861959,0.8045528779465813,312.2926093111503,0.8861782636949082,192.60124384916136,0.8861782636949082,192.60124384916136,0.8045528779465813,312.2926093111503,0.7671621255431409,1130.1642841511718
628318530.717959,1.1017812693788638,1018.7355476180901,1.06802859573122,220.00291023834325,0.9667503848937551,247.1127508475572,0.8870949200060684,200.51389058826564,1.06802859573122,220.00291023834325,1.1017812693788638,1018.7355476180901,0.9667503848937551,247.1127508475572,0.8870949200060684,200.51389058826564,0.9667503848937551,247.1127508475572,0.9667503848937551,247.1127508475572,0.8714414402983155,1048.2240005177046,0.8053813026095673,325.1273806283815,0.8870949200060684,200.5138905882656,0.8870949200060684,200.5138905882656,0.8053813026095673,325.1273806283815,0.767930031281177,1176.6288288780365
