t sa_top sb_top sc_top sa_bottom sb_bottom sc_bottom
-0.0001500000 0.0000000000 0.0000000000 0.9996196742 0.4255853535 0.2725392755 0.7987369196
-0.0001358583 0.0000000000 0.0000000000 0.9919938106 0.4270418508 0.2713952036 0.7984441946
-0.0001217167 0.0000000000 0.0000000000 0.8538225331 0.4284998430 0.2702586381 0.7981425215
-0.0001075750 0.0000000001 0.0000000001 0.2159039244 0.4299592981 0.2691337210 0.7978318975
-0.0000934333 0.0000000017 0.0000000017 0.0128142813 0.4314201838 0.2680237518 0.7975123199
-0.0000792917 0.0000000365 0.0000000365 0.0006115889 0.4328824680 0.2669213772 0.7971837865
-0.0000651500 0.0000007735 0.0000007735 0.0000296198 0.4343461185 0.2658266266 0.7968462953
-0.0000510083 0.0000164068 0.0000164068 0.0000177667 0.4358111032 0.2647395292 0.7964998444
-0.0000368667 0.0003479165 0.0003479165 0.0003479806 0.4372773896 0.2636601140 0.7961444325
-0.0000227250 0.0073287105 0.0073287105 0.0073287135 0.4387449457 0.2625884093 0.7957800583
-0.0000085833 0.1354039349 0.1354039349 0.1354039350 0.4402137391 0.2615244432 0.7954067209
0.0000055583 0.7686315030 0.7686315030 0.7686315030 0.4416837376 0.2604682433 0.7950244199
0.0000197000 0.9860082934 0.9860082934 0.9860082934 0.4431549088 0.2594198369 0.7946331548
0.0000338417 0.9993314964 0.9993314964 0.9993314964 0.4446272204 0.2583792509 0.7942329256
0.0000479833 0.9999684656 0.9999684656 0.9999684656 0.4461006402 0.2573465117 0.7938237328
0.0000621250 0.9999985134 0.9999985133 0.9999985134 0.4475751357 0.2563216455 0.7934055767
0.0000762667 0.9999999299 0.9999999285 0.9999999299 0.4490506746 0.2553046779 0.7929784585
0.0000904083 0.9999999967 0.9999999670 0.9999999967 0.4505272246 0.2542956343 0.7925423791
0.0001045500 0.9999999998 0.9999993706 0.9999999998 0.4520047532 0.2532945396 0.7920973401
0.0001186917 1.0000000000 0.9999866524 1.0000000000 0.4534832281 0.2523014184 0.7916433433
0.0001328333 1.0000000000 0.9997169379 1.0000000000 0.4549626170 0.2513162948 0.7911803909
0.0001469750 1.0000000000 0.9940296485 1.0000000000 0.4564428873 0.2503391925 0.7907084851
0.0001611167 1.0000000000 0.8869903848 1.0000000000 0.4579240068 0.2493701350 0.7902276287
0.0001752583 1.0000000000 0.2700756560 1.0000000000 0.4594059429 0.2484091453 0.7897378247
0.0001894000 1.0000000000 0.0171435888 1.0000000000 0.4608886634 0.2474562459 0.7892390764
0.0002035417 1.0000000000 0.0008215969 1.0000000000 0.4623721356 0.2465114591 0.7887313876
0.0002176833 1.0000000000 0.0000387617 1.0000000000 0.4638563273 0.2455748068 0.7882147620
0.0002318250 1.0000000000 0.0000018274 1.0000000000 0.4653412060 0.2446463104 0.7876892040
0.0002459667 1.0000000000 0.0000000861 1.0000000000 0.4668267393 0.2437259909 0.7871547182
0.0002601083 1.0000000000 0.0000000041 1.0000000000 0.4683128947 0.2428138690 0.7866113095
0.0002742500 1.0000000000 0.0000000002 1.0000000000 0.4697996398 0.2419099652 0.7860589830
0.0002883917 1.0000000000 0.0000000000 1.0000000000 0.4712869421 0.2410142992 0.7854977443
0.0003025333 1.0000000000 0.0000000000 1.0000000000 0.4727747692 0.2401268906 0.7849275992
0.0003166750 1.0000000000 0.0000000000 1.0000000000 0.4742630887 0.2392477586 0.7843485540
0.0003308167 1.0000000000 0.0000000000 1.0000000000 0.4757518680 0.2383769219 0.7837606150
0.0003449583 1.0000000000 0.0000000000 1.0000000000 0.4772410747 0.2375143990 0.7831637892
0.0003591000 1.0000000000 0.0000000000 1.0000000000 0.4787306764 0.2366602079 0.7825580836
0.0003732417 1.0000000000 0.0000000000 1.0000000000 0.4802206405 0.2358143662 0.7819435057
0.0003873833 1.0000000000 0.0000000000 1.0000000000 0.4817109347 0.2349768911 0.7813200633
0.0004015250 1.0000000000 0.0000000000 1.0000000000 0.4832015263 0.2341477997 0.7806877645
0.0004156667 1.0000000000 0.0000000000 1.0000000000 0.4846923830 0.2333271082 0.7800466178
0.0004298083 1.0000000000 0.0000000000 1.0000000000 0.4861834722 0.2325148330 0.7793966320
0.0004439500 1.0000000000 0.0000000000 1.0000000000 0.4876747615 0.2317109896 0.7787378161
0.0004580917 0.9999999993 0.0000000000 1.0000000000 0.4891662182 0.2309155936 0.7780701796
0.0004722333 0.9999999847 0.0000000000 1.0000000000 0.4906578100 0.2301286600 0.7773937322
0.0004863750 0.9999996762 0.0000000000 1.0000000000 0.4921495043 0.2293502032 0.7767084841
0.0005005167 0.9999931304 0.0000000000 1.0000000000 0.4936412684 0.2285802377 0.7760144457
0.0005146583 0.9998542978 0.0000000000 1.0000000000 0.4951330700 0.2278187773 0.7753116277
0.0005288000 0.9969183386 0.0000000000 1.0000000000 0.4966248764 0.2270658354 0.7746000414
0.0005429417 0.9384627222 0.0000000000 1.0000000000 0.4981166551 0.2263214253 0.7738796981
0.0005570833 0.4182406232 0.0000000000 1.0000000000 0.4996083734 0.2255855597 0.7731506096
0.0005712250 0.0327802347 0.0000000000 1.0000000000 0.5010999989 0.2248582510 0.7724127880
0.0005853667 0.0015951358 0.0000000000 1.0000000000 0.5025914988 0.2241395113 0.7716662458
0.0005995083 0.0000753117 0.0000000000 1.0000000000 0.5040828405 0.2234293522 0.7709109959
0.0006136500 0.0000035506 0.0000000000 1.0000000000 0.5055739914 0.2227277850 0.7701470513
0.0006277917 0.0000001674 0.0000000000 1.0000000000 0.5070649189 0.2220348206 0.7693744256
0.0006419333 0.0000000079 0.0000000000 1.0000000000 0.5085555903 0.2213504696 0.7685931325
0.0006560750 0.0000000004 0.0000000000 1.0000000000 0.5100459728 0.2206747423 0.7678031863
0.0006702167 0.0000000000 0.0000000000 1.0000000000 0.5115360337 0.2200076485 0.7670050103
0.0006843583 0.0000000000 0.0000000000 1.0000000000 0.5130257404 0.2193491975 0.7662006547
0.0006985000 0.0000000000 0.0000000000 1.0000000000 0.5145150600 0.2186993987 0.7653876910
0.0007126417 0.0000000000 0.0000000000 1.0000000000 0.5160039598 0.2180582606 0.7645661354
0.0007267833 0.0000000000 0.0000000000 1.0000000000 0.5174924070 0.2174257918 0.7637360041
0.0007409250 0.0000000000 0.0000000000 1.0000000000 0.5189803688 0.2168020002 0.7628973139
0.0007550667 0.0000000000 0.0000000000 1.0000000000 0.5204678122 0.2161868936 0.7620500818
0.0007692083 0.0000000000 0.0000000000 1.0000000000 0.5219547045 0.2155804792 0.7611943252
0.0007833500 0.0000000000 0.0000000000 1.0000000000 0.5234410128 0.2149827641 0.7603300619
0.0007974917 0.0000000000 0.0000000000 1.0000000000 0.5249310251 0.2143937548 0.7594573100
0.0008116333 0.0000000000 0.0000000000 1.0000000000 0.5264219650 0.2138134576 0.7585760879
0.0008257750 0.0000000000 0.0000000000 1.0000000000 0.5279122237 0.2132418784 0.7576864145
0.0008399167 0.0000000000 0.0000000000 0.9999999996 0.5294017691 0.2126790229 0.7567883090
0.0008540583 0.0000000000 0.0000000000 0.9999999921 0.5308905691 0.2121248961 0.7558817908
0.0008682000 0.0000000000 0.0000000000 0.9999998333 0.5323785917 0.2115795029 0.7549668798
0.0008823417 0.0000000000 0.0000000000 0.9999964645 0.5338658048 0.2110428480 0.7540435963
0.0008964833 0.0000000000 0.0000000000 0.9999250068 0.5353521761 0.2105149353 0.7531119608
0.0009106250 0.0000000000 0.0000000000 0.9984116006 0.5368376736 0.2099957688 0.7521719942
0.0009247667 0.0000000000 0.0000000000 0.9673538923 0.5383222650 0.2094853519 0.7512237179
0.0009389083 0.0000000000 0.0000000000 0.5827903744 0.5398059181 0.2089836878 0.7502671535
0.0009530500 0.0000000000 0.0000000000 0.0617825237 0.5412886006 0.2084907792 0.7493023229
0.0009671917 0.0000000000 0.0000000000 0.0030947110 0.5427702804 0.2080066286 0.7483292486
0.0009813333 0.0000000000 0.0000000000 0.0001463210 0.5442509251 0.2075312380 0.7473479533
0.0009954750 0.0000000000 0.0000000000 0.0000068988 0.5457305023 0.2070646094 0.7463584600
0.0010096167 0.0000000003 0.0000000003 0.0000003255 0.5472089799 0.2066067440 0.7453607922
0.0010237583 0.0000000064 0.0000000064 0.0000000217 0.5486863253 0.2061576431 0.7443549736
0.0010379000 0.0000001356 0.0000001356 0.0000001363 0.5501625063 0.2057173073 0.7433410284
0.0010520417 0.0000028763 0.0000028763 0.0000028763 0.5516374904 0.2052923846 0.7423189811
0.0010661833 0.0000610107 0.0000610107 0.0000610107 0.5531112453 0.2048823496 0.7412888565
0.0010803250 0.0012926079 0.0012926079 0.0012926079 0.5545837384 0.2044810832 0.7402506800
0.0010944667 0.0267215464 0.0267215464 0.0267215464 0.5560549374 0.2040885868 0.7392044769
0.0011086083 0.3680480180 0.3680480180 0.3680480180 0.5575248097 0.2037048617 0.7381502734
0.0011227500 0.9251174627 0.9251174624 0.9251174627 0.5589933230 0.2033299085 0.7370880957
0.0011368917 0.9961986863 0.9961986804 0.9961986863 0.5604604446 0.2029637279 0.7360179704
0.0011510333 0.9998201486 0.9998200246 0.9998201486 0.5619261421 0.2026063201 0.7349399245
0.0011651750 0.9999915201 0.9999888890 0.9999915201 0.5633903830 0.2022576848 0.7338539856
0.0011793167 0.9999996002 0.9999437900 0.9999996002 0.5648531348 0.2019178216 0.7327601811
0.0011934583 0.9999999812 0.9988174301 0.9999999812 0.5663143648 0.2015867298 0.7316585394
0.0012076000 0.9999999991 0.9755005011 0.9999999991 0.5677740406 0.2012644083 0.7305490887
0.0012217417 1.0000000000 0.6524209915 1.0000000000 0.5692321296 0.2009508557 0.7294318580
0.0012358833 1.0000000000 0.0812934018 1.0000000000 0.5706885991 0.2006460701 0.7283068763
0.0012500250 1.0000000000 0.0041540784 1.0000000000 0.5721434168 0.2003500497 0.7271741733
0.0012641667 1.0000000000 0.0001966080 1.0000000000 0.5735965499 0.2000627920 0.7260337788
0.0012783083 1.0000000000 0.0000092701 1.0000000000 0.5750479659 0.1997842945 0.7248857231
0.0012924500 1.0000000000 0.0000004370 1.0000000000 0.5764976322 0.1995145541 0.7237300367
0.0013065917 1.0000000000 0.0000000206 1.0000000000 0.5779455162 0.1992535676 0.7225667506
0.0013207333 1.0000000000 0.0000000010 1.0000000000 0.5793915854 0.1990013314 0.7213958962
0.0013348750 1.0000000000 0.0000000000 1.0000000000 0.5808358071 0.1987578417 0.7202175051
0.0013490167 1.0000000000 0.0000000000 1.0000000000 0.5822781489 0.1985230943 0.7190316093
0.0013631583 1.0000000000 0.0000000000 1.0000000000 0.5837185780 0.1982970847 0.7178382413
0.0013773000 1.0000000000 0.0000000000 1.0000000000 0.5851570619 0.1980798082 0.7166374337
0.0013914417 1.0000000000 0.0000000000 1.0000000000 0.5865935681 0.1978712597 0.7154292197
0.0014055833 1.0000000000 0.0000000000 1.0000000000 0.5880280640 0.1976714339 0.7142136327
0.0014197250 1.0000000000 0.0000000000 1.0000000000 0.5894605170 0.1974803250 0.7129907065
0.0014338667 1.0000000000 0.0000000000 1.0000000000 0.5908908946 0.1972979273 0.7117604754
0.0014480083 1.0000000000 0.0000000000 1.0000000000 0.5923191643 0.1971242344 0.7105229737
0.0014621500 1.0000000000 0.0000000000 1.0000000000 0.5937452934 0.1969592399 0.7092782363
0.0014762917 1.0000000000 0.0000000000 1.0000000000 0.5951692495 0.1968029369 0.7080262986
0.0014904333 1.0000000000 0.0000000000 1.0000000000 0.5965910001 0.1966553184 0.7067671959
0.0015045750 1.0000000000 0.0000000000 1.0000000000 0.5980105126 0.1965163771 0.7055009643
0.0015187167 1.0000000000 0.0000000000 1.0000000000 0.5994277546 0.1963861053 0.7042276400
0.0015328583 1.0000000000 0.0000000000 1.0000000000 0.6008426935 0.1962644950 0.7029472596
0.0015470000 1.0000000000 0.0000000000 1.0000000000 0.6022552969 0.1961515382 0.7016598600
0.0015611417 1.0000000000 0.0000000000 1.0000000000 0.6036655324 0.1960472263 0.7003654786
0.0015752833 1.0000000000 0.0000000000 1.0000000000 0.6050733674 0.1959515506 0.6990641529
0.0015894250 1.0000000000 0.0000000000 1.0000000000 0.6064787695 0.1958645020 0.6977559210
0.0016035667 1.0000000000 0.0000000000 1.0000000000 0.6078817063 0.1957860714 0.6964408213
0.0016177083 1.0000000000 0.0000000000 1.0000000000 0.6092821454 0.1957162491 0.6951188922
0.0016318500 1.0000000000 0.0000000000 1.0000000000 0.6106800544 0.1956550254 0.6937901730
0.0016459917 1.0000000000 0.0000000000 1.0000000000 0.6120754009 0.1956023901 0.6924547028
0.0016601333 1.0000000000 0.0000000000 1.0000000000 0.6134681525 0.1955583329 0.6911125214
0.0016742750 1.0000000000 0.0000000000 1.0000000000 0.6148582768 0.1955228433 0.6897636688
0.0016884167 1.0000000000 0.0000000000 1.0000000000 0.6162457415 0.1954959103 0.6884081854
0.0017025583 1.0000000000 0.0000000000 1.0000000000 0.6176305142 0.1954775228 0.6870461117
0.0017167000 1.0000000000 0.0000000000 1.0000000000 0.6190125626 0.1954676695 0.6856774889
0.0017308417 1.0000000000 0.0000000000 1.0000000000 0.6203918544 0.1954663388 0.6843023583
0.0017449833 0.9999999998 0.0000000000 1.0000000000 0.6217683572 0.1954735186 0.6829207615
0.0017591250 0.9999999948 0.0000000000 1.0000000000 0.6231420388 0.1954891970 0.6815327405
0.0017732667 0.9999998898 0.0000000000 1.0000000000 0.6245128669 0.1955133615 0.6801383377
0.0017874083 0.9999976627 0.0000000000 1.0000000000 0.6258808091 0.1955459995 0.6787375957
0.0018015500 0.9999504222 0.0000000000 1.0000000000 0.6272458332 0.1955870980 0.6773305575
0.0018156917 0.9989493738 0.0000000000 1.0000000000 0.6286083994 0.1956366441 0.6759172662
0.0018298333 0.9781768198 0.0000000000 0.9999999994 0.6299712225 0.1956946242 0.6744977657
0.0018439750 0.6787684249 0.0000000000 0.9999999866 0.6313310314 0.1957610248 0.6730720996
0.0018581167 0.0905875237 0.0000000000 0.9999997160 0.6326877945 0.1958358321 0.6716416786
0.0018722583 0.0046738736 0.0000000000 0.9999939750 0.6340414801 0.1959190318 0.6702085756
0.0018864000 0.0002213194 0.0000000000 0.9998722087 0.6353920565 0.1960106098 0.6687694419
0.0019005417 0.0000104355 0.0000000000 0.9972961854 0.6367394922 0.1961105515 0.6673243233
0.0019146833 0.0000004920 0.0000000000 0.9456169075 0.6380837555 0.1962188420 0.6658732660
0.0019288250 0.0000000232 0.0000000000 0.4504591340 0.6394248149 0.1963354662 0.6644163166
0.0019429667 0.0000000011 0.0000000000 0.0372043399 0.6407626387 0.1964604091 0.6629535220
0.0019571083 0.0000000001 0.0000000000 0.0018183318 0.6420971953 0.1965936549 0.6614849292
0.0019712500 0.0000000000 0.0000000000 0.0000858678 0.6434284531 0.1967351881 0.6600105858
0.0019853917 0.0000000000 0.0000000000 0.0000040483 0.6447563805 0.1968849927 0.6585305395
0.0019995333 0.0000000000 0.0000000000 0.0000001908 0.6460809459 0.1970430525 0.6570448384
0.0020136750 0.0000000000 0.0000000000 0.0000000090 0.6474021177 0.1972093510 0.6555535307
0.0020278167 0.0000000000 0.0000000000 0.0000000004 0.6487198644 0.1973838718 0.6540566652
0.0020419583 0.0000000000 0.0000000000 0.0000000000 0.6500341543 0.1975665978 0.6525542907
0.0020561000 0.0000000000 0.0000000000 0.0000000000 0.6513449559 0.1977575121 0.6510464564
0.0020702417 0.0000000000 0.0000000000 0.0000000000 0.6526522376 0.1979565975 0.6495332119
0.0020843833 0.0000000000 0.0000000000 0.0000000000 0.6539559678 0.1981638362 0.6480146069
0.0020985250 0.0000000000 0.0000000000 0.0000000000 0.6552561149 0.1983792108 0.6464906915
0.0021126667 0.0000000001 0.0000000001 0.0000000001 0.6565526475 0.1986027032 0.6449615161
0.0021268083 0.0000000011 0.0000000011 0.0000000011 0.6578455338 0.1988342952 0.6434271312
0.0021409500 0.0000000238 0.0000000238 0.0000000238 0.6591347424 0.1990739686 0.6418875877
0.0021550917 0.0000005042 0.0000005042 0.0000005042 0.6604202417 0.1993217048 0.6403429369
0.0021692333 0.0000106963 0.0000106963 0.0000106963 0.6617020001 0.1995809734 0.6387932301
0.0021833750 0.0002268488 0.0002268488 0.0002268488 0.6629799861 0.1998578163 0.6372385191
0.0021975167 0.0047901114 0.0047901114 0.0047901114 0.6642541681 0.2001426676 0.6356788559
0.0022116583 0.0926415358 0.0926415358 0.0926415358 0.6655245146 0.2004355101 0.6341142927
0.0022258000 0.6841262785 0.6841262785 0.6841262785 0.6667909940 0.2007363263 0.6325448819
0.0022399417 0.9786975382 0.9786975382 0.9786975382 0.6680535748 0.2010450984 0.6309706764
0.0022540833 0.9989749620 0.9989749616 0.9989749620 0.6693122256 0.2013618086 0.6293917292
0.0022682250 0.9999516309 0.9999516237 0.9999516309 0.6705669147 0.2016864387 0.6278080936
0.0022823667 0.9999977197 0.9999975689 0.9999977197 0.6718176107 0.2020189705 0.6262198230
0.0022965083 0.9999998925 0.9999966938 0.9999998925 0.6730642820 0.2023593854 0.6246269712
0.0023106500 0.9999999949 0.9999321470 0.9999999949 0.6743068971 0.2027076647 0.6230295923
0.0023247917 0.9999999998 0.9985627340 0.9999999998 0.6755454247 0.2030637896 0.6214277406
0.0023389333 1.0000000000 0.9703724253 1.0000000000 0.6767798331 0.2034277409 0.6198214705
0.0023530750 1.0000000000 0.6069177581 1.0000000000 0.6780100910 0.2037994995 0.6182108367
0.0023672167 1.0000000000 0.0678480264 1.0000000000 0.6792361668 0.2041790458 0.6165958944
0.0023813583 1.0000000000 0.0034195341 1.0000000000 0.6804580292 0.2045663602 0.6149766986
0.0023955000 1.0000000000 0.0001617292 1.0000000000 0.6816756467 0.2049614228 0.6133533048
0.0024096417 1.0000000000 0.0000076253 1.0000000000 0.6828889879 0.2053642137 0.6117257688
0.0024237833 1.0000000000 0.0000003595 1.0000000000 0.6840980214 0.2057747126 0.6100941463
0.0024379250 1.0000000000 0.0000000169 1.0000000000 0.6853027159 0.2061928992 0.6084584936
0.0024520667 1.0000000000 0.0000000008 1.0000000000 0.6865030400 0.2066187530 0.6068188669
0.0024662083 1.0000000000 0.0000000000 1.0000000000 0.6876989622 0.2070522530 0.6051753229
0.0024803500 1.0000000000 0.0000000000 1.0000000000 0.6888904515 0.2074933786 0.6035279182
0.0024944917 1.0000000000 0.0000000000 1.0000000000 0.6900774763 0.2079421085 0.6018767099
0.0025086333 1.0000000000 0.0000000000 1.0000000000 0.6912600055 0.2083984214 0.6002217552
0.0025227750 1.0000000000 0.0000000000 1.0000000000 0.6924380078 0.2088622960 0.5985631113
0.0025369167 1.0000000000 0.0000000000 1.0000000000 0.6936114520 0.2093337107 0.5969008361
0.0025510583 1.0000000000 0.0000000000 1.0000000000 0.6947803069 0.2098126436 0.5952349871
0.0025652000 1.0000000000 0.0000000000 1.0000000000 0.6959445413 0.2102990728 0.5935656225
0.0025793417 1.0000000000 0.0000000000 1.0000000000 0.6971041241 0.2107929762 0.5918928003
0.0025934833 1.0000000000 0.0000000000 1.0000000000 0.6982590242 0.2112943315 0.5902165790
0.0026076250 1.0000000000 0.0000000000 1.0000000000 0.6994092104 0.2118031163 0.5885370171
0.0026217667 1.0000000000 0.0000000000 1.0000000000 0.7005546518 0.2123193080 0.5868541733
0.0026359083 1.0000000000 0.0000000000 1.0000000000 0.7016953173 0.2128428837 0.5851681066
0.0026500500 1.0000000000 0.0000000000 1.0000000000 0.7028311759 0.2133738205 0.5834788759
0.0026641917 1.0000000000 0.0000000000 1.0000000000 0.7039621967 0.2139120954 0.5817865407
0.0026783333 1.0000000000 0.0000000000 1.0000000000 0.7050883488 0.2144576852 0.5800911602
0.0026924750 1.0000000000 0.0000000000 1.0000000000 0.7062096014 0.2150105663 0.5783927941
0.0027066167 1.0000000000 0.0000000000 1.0000000000 0.7073259235 0.2155707153 0.5766915021
0.0027207583 1.0000000000 0.0000000000 1.0000000000 0.7084372844 0.2161381085 0.5749873441
0.0027349000 1.0000000000 0.0000000000 1.0000000000 0.7095436533 0.2167127220 0.5732803802
0.0027490417 1.0000000000 0.0000000000 1.0000000000 0.7106449995 0.2172945317 0.5715706706
0.0027631833 1.0000000000 0.0000000000 0.9999999999 0.7117412924 0.2178835136 0.5698582756
0.0027773250 1.0000000000 0.0000000000 0.9999999981 0.7128325013 0.2184796433 0.5681432558
0.0027914667 1.0000000000 0.0000000000 0.9999999587 0.7139185956 0.2190828964 0.5664256717
0.0028056083 1.0000000000 0.0000000000 0.9999991242 0.7149995449 0.2196932483 0.5647055841
0.0028197500 1.0000000000 0.0000000000 0.9999814222 0.7160753185 0.2203106742 0.5629830540
0.0028338917 1.0000000000 0.0000000000 0.9996060617 0.7171458861 0.2209351494 0.5612581423
0.0028480333 1.0000000000 0.0000000000 0.9917095195 0.7182112173 0.2215666487 0.5595309103
0.0028621750 1.0000000000 0.0000000000 0.8493768983 0.7192712817 0.2222051470 0.5578014191
0.0028763167 1.0000000000 0.0000000000 0.2100079191 0.7203280666 0.2228506191 0.5560697302
0.0028904583 1.0000000000 0.0000000000 0.0123767977 0.7213796666 0.2235030395 0.5543359051
0.0029046000 1.0000000000 0.0000000000 0.0005904248 0.7224259097 0.2241623826 0.5526000054
0.0029187417 1.0000000000 0.0000000000 0.0000278492 0.7234667661 0.2248286228 0.5508620927
0.0029328833 1.0000000000 0.0000000000 0.0000013129 0.7245022061 0.2255017343 0.5491222290
0.0029470250 1.0000000000 0.0000000000 0.0000000619 0.7255322000 0.2261816910 0.5473804761
0.0029611667 1.0000000000 0.0000000000 0.0000000029 0.7265567181 0.2268684671 0.5456368960
0.0029753083 1.0000000000 0.0000000000 0.0000000001 0.7275757308 0.2275620361 0.5438915509
0.0029894500 1.0000000000 0.0000000000 0.0000000000 0.7285892085 0.2282623718 0.5421445028
0.0030035917 0.9999999998 0.0000000000 0.0000000000 0.7295971219 0.2289694479 0.5403958141
0.0030177333 0.9999999966 0.0000000000 0.0000000000 0.7305994414 0.2296832376 0.5386455472
0.0030318750 0.9999999287 0.0000000000 0.0000000000 0.7315961376 0.2304037142 0.5368937643
0.0030460167 0.9999984883 0.0000000000 0.0000000000 0.7325871814 0.2311308511 0.5351405281
0.0030601583 0.9999679347 0.0000000000 0.0000000000 0.7335725433 0.2318646212 0.5333882109
0.0030743000 0.9993202485 0.0000000000 0.0000000000 0.7345521941 0.2326049975 0.5316393527
0.0030884417 0.9857760670 0.0000000000 0.0000000000 0.7355261048 0.2333519529 0.5298892305
0.0031025833 0.7656488918 0.0000000000 0.0000000000 0.7364942462 0.2341054600 0.5281379082
0.0031167250 0.1334611229 0.0000000000 0.0000000000 0.7374565893 0.2348654915 0.5263854495
0.0031308667 0.0072082354 0.0000000000 0.0000000000 0.7384131050 0.2356320198 0.5246319186
0.0031450083 0.0003421576 0.0000000000 0.0000000000 0.7393637646 0.2364050173 0.5228773794
0.0031591500 0.0000161351 0.0000000000 0.0000000000 0.7403085390 0.2371844564 0.5211218959
0.0031732917 0.0000007606 0.0000000000 0.0000000000 0.7412473996 0.2379703091 0.5193655323
0.0031874333 0.0000000359 0.0000000000 0.0000000000 0.7421803175 0.2387625476 0.5176083526
0.0032015750 0.0000000017 0.0000000000 0.0000000000 0.7431072641 0.2395611437 0.5158504211
0.0032157167 0.0000000001 0.0000000000 0.0000000000 0.7440282108 0.2403660693 0.5140918018
0.0032298583 0.0000000002 0.0000000002 0.0000000002 0.7449431290 0.2411772962 0.5123325589
0.0032440000 0.0000000042 0.0000000042 0.0000000042 0.7458519902 0.2419947959 0.5105727567
0.0032581417 0.0000000884 0.0000000884 0.0000000884 0.7467547659 0.2428273172 0.5088124594
0.0032722833 0.0000018752 0.0000018752 0.0000018752 0.7476514278 0.2436695244 0.5070517311
0.0032864250 0.0000397763 0.0000397763 0.0000397763 0.7485419476 0.2445179221 0.5052906362
0.0033005667 0.0008430844 0.0008430844 0.0008430844 0.7494262971 0.2453724835 0.5035292389
0.0033147083 0.0175844396 0.0175844396 0.0175844396 0.7503044480 0.2462331816 0.5017676034
0.0033288500 0.2751995310 0.2751995310 0.2751995310 0.7511763723 0.2470999895 0.5000057939
0.0033429917 0.8895546386 0.8895546386 0.8895546386 0.7520420419 0.2479728800 0.4982438746
0.0033571333 0.9941810529 0.9941810529 0.9941810529 0.7529014288 0.2488518260 0.4964819098
0.0033712750 0.9997241562 0.9997241562 0.9997241562 0.7537545051 0.2497368000 0.4947199637
0.0033854167 0.9999869929 0.9999869929 0.9999869929 0.7546012429 0.2506277748 0.4929581003
0.0033995583 0.9999993868 0.9999993868 0.9999993868 0.7554416146 0.2515247228 0.4911963839
0.0034137000 0.9999999711 0.9999999711 0.9999999711 0.7562755923 0.2524276164 0.4894348786
0.0034278417 0.9999999986 0.9999999986 0.9999999986 0.7571031485 0.2533364280 0.4876736484
0.0034419833 0.9999999999 0.9999999999 0.9999999999 0.7579242556 0.2542511296 0.4859127574
0.0034561250 1.0000000000 0.9999999998 1.0000000000 0.7587388860 0.2551716936 0.4841522696
0.0034702667 1.0000000000 0.9999999948 1.0000000000 0.7595470125 0.2560980918 0.4823922489
0.0034844083 1.0000000000 0.9999998903 1.0000000000 0.7603486075 0.2570302963 0.4806327593
0.0034985500 1.0000000000 0.9999976739 1.0000000000 0.7611436439 0.2579682788 0.4788738647
0.0035126917 1.0000000000 0.9999506586 1.0000000000 0.7619320946 0.2589120113 0.4771156288
0.0035268333 1.0000000000 0.9989543775 1.0000000000 0.7627139322 0.2598614652 0.4753581154
0.0035409750 1.0000000000 0.9782786044 1.0000000000 0.7634891299 0.2608166122 0.4736013883
0.0035551167 1.0000000000 0.6798095595 1.0000000000 0.7642576607 0.2617774238 0.4718455109
0.0035692583 1.0000000000 0.0909819971 1.0000000000 0.7650194977 0.2627438714 0.4700905469
0.0035834000 1.0000000000 0.0046961584 1.0000000000 0.7657746141 0.2637159264 0.4683365597
0.0035975417 1.0000000000 0.0002223794 1.0000000000 0.7665229832 0.2646935598 0.4665836128
0.0036116833 1.0000000000 0.0000104855 1.0000000000 0.7672645783 0.2656767430 0.4648317695
0.0036258250 1.0000000000 0.0000004943 1.0000000000 0.7679993730 0.2666654468 0.4630810929
0.0036399667 1.0000000000 0.0000000233 1.0000000000 0.7687273408 0.2676596424 0.4613316463
0.0036541083 1.0000000000 0.0000000011 1.0000000000 0.7694484553 0.2686593006 0.4595834927
0.0036682500 1.0000000000 0.0000000001 1.0000000000 0.7701626903 0.2696643922 0.4578366951
0.0036823917 1.0000000000 0.0000000000 1.0000000000 0.7708700195 0.2706748879 0.4560913162
0.0036965333 1.0000000000 0.0000000000 0.9999999996 0.7715704170 0.2716907583 0.4543474189
0.0037106750 1.0000000000 0.0000000000 0.9999999911 0.7722638566 0.2727119740 0.4526050658
0.0037248167 1.0000000000 0.0000000000 0.9999998107 0.7729503124 0.2737385055 0.4508643194
0.0037389583 1.0000000000 0.0000000000 0.9999959850 0.7736297588 0.2747703231 0.4491252422
0.0037531000 1.0000000000 0.0000000000 0.9999148386 0.7743021699 0.2758073972 0.4473878964
0.0037672417 1.0000000000 0.0000000000 0.9981966022 0.7749675202 0.2768496980 0.4456523442
0.0037813833 1.0000000000 0.0000000000 0.9630904740 0.7756257841 0.2778971955 0.4439186476
0.0037955250 1.0000000000 0.0000000000 0.5515852158 0.7762769363 0.2789498600 0.4421868686
0.0038096667 1.0000000000 0.0000000000 0.0548095331 0.7769209514 0.2800076613 0.4404570689
0.0038238083 1.0000000000 0.0000000000 0.0027261846 0.7775578043 0.2810705694 0.4387293102
0.0038379500 1.0000000000 0.0000000000 0.0001288513 0.7781874698 0.2821385540 0.4370036539
0.0038520917 1.0000000000 0.0000000000 0.0000060750 0.7788099231 0.2832115850 0.4352801614
0.0038662333 1.0000000000 0.0000000000 0.0000002864 0.7794251391 0.2842896320 0.4335588939
0.0038803750 1.0000000000 0.0000000000 0.0000000135 0.7800330931 0.2853726646 0.4318399125
0.0038945167 1.0000000000 0.0000000000 0.0000000006 0.7806337606 0.2864606524 0.4301232779
0.0039086583 1.0000000000 0.0000000000 0.0000000000 0.7812271169 0.2875535647 0.4284090511
0.0039228000 1.0000000000 0.0000000000 0.0000000000 0.7818131377 0.2886513710 0.4266972924
0.0039369417 1.0000000000 0.0000000000 0.0000000000 0.7823917986 0.2897540406 0.4249880623
0.0039510833 1.0000000000 0.0000000000 0.0000000000 0.7829636260 0.2908615426 0.4232814210
0.0039652250 1.0000000000 0.0000000000 0.0000000000 0.7835289310 0.2919738463 0.4215774286
0.0039793667 1.0000000000 0.0000000000 0.0000000000 0.7840868042 0.2930909207 0.4198761448
0.0039935083 1.0000000000 0.0000000000 0.0000000000 0.7846372221 0.2942127349 0.4181776295
0.0040076500 1.0000000000 0.0000000000 0.0000000000 0.7851801612 0.2953392578 0.4164819420
0.0040217917 1.0000000000 0.0000000000 0.0000000000 0.7857155982 0.2964704583 0.4147891417
0.0040359333 1.0000000000 0.0000000000 0.0000000000 0.7862435099 0.2976063052 0.4130992876
0.0040500750 1.0000000000 0.0000000000 0.0000000000 0.7867638731 0.2987467673 0.4114124387
0.0040642167 1.0000000000 0.0000000000 0.0000000000 0.7872766649 0.2998918132 0.4097286537
0.0040783583 1.0000000000 0.0000000000 0.0000000000 0.7877818625 0.3010414117 0.4080479911
0.0040925000 1.0000000000 0.0000000000 0.0000000000 0.7882794432 0.3021955312 0.4063705092
0.0041066417 1.0000000000 0.0000000000 0.0000000000 0.7887693844 0.3033541403 0.4046962660
0.0041207833 1.0000000000 0.0000000000 0.0000000000 0.7892516638 0.3045172074 0.4030253194
0.0041349250 1.0000000000 0.0000000000 0.0000000000 0.7897262590 0.3056847009 0.4013577270
0.0041490667 1.0000000000 0.0000000000 0.0000000000 0.7901931478 0.3068565891 0.3996935464
0.0041632083 1.0000000000 0.0000000000 0.0000000000 0.7906523084 0.3080328403 0.3980328346
0.0041773500 1.0000000000 0.0000000000 0.0000000000 0.7911037188 0.3092134228 0.3963756487
0.0041914917 1.0000000000 0.0000000000 0.0000000000 0.7915473574 0.3103983046 0.3947220453
0.0042056333 0.9999999999 0.0000000000 0.0000000000 0.7919832024 0.3115874540 0.3930720811
0.0042197750 0.9999999976 0.0000000000 0.0000000000 0.7924112326 0.3127808389 0.3914258122
0.0042339167 0.9999999482 0.0000000000 0.0000000000 0.7928314266 0.3139784274 0.3897832947
0.0042480583 0.9999989007 0.0000000000 0.0000000000 0.7932437633 0.3151801874 0.3881445843
0.0042622000 0.9999766812 0.0000000000 0.0000000000 0.7936482216 0.3163860868 0.3865131871
0.0042763417 0.9995055775 0.0000000000 0.0000000000 0.7940447809 0.3175960935 0.3848917374
0.0042904833 0.9896157404 0.0000000000 0.0000000000 0.7944334203 0.3188101753 0.3832742629
0.0043046250 0.8179359619 0.0000000000 0.0000000000 0.7948141194 0.3200337801 0.3816608197
0.0043187667 0.1747724340 0.0000000000 0.0000000000 0.7951868578 0.3212664754 0.3800514639
0.0043329083 0.0098852761 0.0000000000 0.0000000000 0.7955516153 0.3225031516 0.3784462513
0.0043470500 0.0004704394 0.0000000007 0.0000000007 0.7959083718 0.3237437780 0.3768452375
0.0043611917 0.0000222027 0.0000000155 0.0000000155 0.7962571074 0.3249883238 0.3752484775
0.0043753333 0.0000013747 0.0000003287 0.0000003287 0.7965978024 0.3262367584 0.3736560265
0.0043894750 0.0000070227 0.0000069734 0.0000069734 0.7969304372 0.3274890509 0.3720679391
0.0044036167 0.0001479062 0.0001479039 0.0001479039 0.7972549924 0.3287451704 0.3704842698
0.0044177583 0.0031280891 0.0031280890 0.0031280890 0.7975714488 0.3300050862 0.3689050727
0.0044319000 0.0624092530 0.0624092530 0.0624092530 0.7978797872 0.3312687673 0.3673304016
0.0044460417 0.5854045691 0.5854045691 0.5854045691 0.7981799888 0.3325361827 0.3657603103
0.0044601833 0.9676920320 0.9676920320 0.9676920320 0.7984720347 0.3338073015 0.3641948519
0.0044743250 0.9984285754 0.9984285754 0.9984285754 0.7987559066 0.3350820927 0.3626340795
0.0044884667 0.9999258095 0.9999258095 0.9999258095 0.7990315858 0.3363605252 0.3610780458
0.0045026083 0.9999965023 0.9999965023 0.9999965023 0.7992990543 0.3376425680 0.3595268033
0.0045167500 0.9999998351 0.9999998351 0.9999998351 0.7995582939 0.3389281898 0.3579804040
0.0045308917 0.9999999922 0.9999999922 0.9999999922 0.7998092867 0.3402173596 0.3564388999
0.0045450333 0.9999999996 0.9999999996 0.9999999996 0.8000520152 0.3415100462 0.3549023426
0.0045591750 1.0000000000 1.0000000000 1.0000000000 0.8002864616 0.3428062183 0.3533707831
0.0045733167 1.0000000000 1.0000000000 1.0000000000 0.8005126088 0.3441058447 0.3518442726
0.0045874583 1.0000000000 1.0000000000 1.0000000000 0.8007304395 0.3454088942 0.3503228616
0.0046016000 1.0000000000 1.0000000000 1.0000000000 0.8009399368 0.3467153353 0.3488066004
0.0046157417 1.0000000000 1.0000000000 1.0000000000 0.8011410838 0.3480251368 0.3472955392
0.0046298833 1.0000000000 1.0000000000 0.9999999999 0.8013338640 0.3493382672 0.3457897275
0.0046440250 1.0000000000 1.0000000000 0.9999999987 0.8015182609 0.3506546953 0.3442892149
0.0046581667 1.0000000000 1.0000000000 0.9999999725 0.8016942583 0.3519743894 0.3427940503
0.0046723083 1.0000000000 1.0000000000 0.9999994164 0.8018618401 0.3532973182 0.3413042826
0.0046864500 1.0000000000 1.0000000000 0.9999876200 0.8020209906 0.3546234502 0.3398199601
0.0047005917 1.0000000000 1.0000000000 0.9997374525 0.8021716940 0.3559527537 0.3383411311
0.0047147333 1.0000000000 0.9999999998 0.9944600573 0.8023139349 0.3572851973 0.3368678432
0.0047288750 1.0000000000 0.9999999967 0.8943169555 0.8024476980 0.3586207493 0.3354001441
0.0047430167 1.0000000000 0.9999999291 0.2851649117 0.8025729683 0.3599593781 0.3339380807
0.0047571583 1.0000000000 0.9999984956 0.0184587737 0.8026897308 0.3613010520 0.3324817000
0.0047713000 1.0000000000 0.9999680875 0.0008857548 0.8027979710 0.3626457394 0.3310310485
0.0047854417 1.0000000000 0.9993234871 0.0000417911 0.8028976742 0.3639934084 0.3295861722
0.0047995833 1.0000000000 0.9858429212 0.0000019702 0.8029888264 0.3653440274 0.3281471170
0.0048137250 1.0000000000 0.7665053055 0.0000000929 0.8030714134 0.3666975645 0.3267139283
0.0048278667 1.0000000000 0.1340147816 0.0000000044 0.8031454214 0.3680539878 0.3252866514
0.0048420083 1.0000000000 0.0072425161 0.0000000002 0.8032108368 0.3694132656 0.3238653310
0.0048561500 1.0000000000 0.0003437962 0.0000000000 0.8032676460 0.3707753658 0.3224500115
0.0048702917 1.0000000000 0.0000162124 0.0000000000 0.8033158359 0.3721402566 0.3210407370
0.0048844333 1.0000000000 0.0000007643 0.0000000000 0.8033553936 0.3735079060 0.3196375515
0.0048985750 1.0000000000 0.0000000360 0.0000000000 0.8033863061 0.3748782819 0.3182404981
0.0049127167 1.0000000000 0.0000000017 0.0000000000 0.8034085610 0.3762513522 0.3168496201
0.0049268583 1.0000000000 0.0000000001 0.0000000000 0.8034221459 0.3776270850 0.3154649601
0.0049410000 1.0000000000 0.0000000000 0.0000000000 0.8034270486 0.3790054480 0.3140865605
0.0049551417 1.0000000000 0.0000000000 0.0000000000 0.8034232572 0.3803864090 0.3127144633
0.0049692833 1.0000000000 0.0000000000 0.0000000000 0.8034107601 0.3817699360 0.3113487102
0.0049834250 1.0000000000 0.0000000000 0.0000000000 0.8033895458 0.3831559965 0.3099893424
0.0049975667 1.0000000000 0.0000000000 0.0000000000 0.8033596030 0.3845445584 0.3086364009
0.0050117083 1.0000000000 0.0000000000 0.0000000000 0.8033209208 0.3859355892 0.3072899262
0.0050258500 1.0000000000 0.0000000000 0.0000000000 0.8032734883 0.3873290567 0.3059499587
0.0050399917 1.0000000000 0.0000000000 0.0000000000 0.8032172951 0.3887249284 0.3046165381
0.0050541333 1.0000000000 0.0000000000 0.0000000000 0.8031523308 0.3901231718 0.3032897039
0.0050682750 1.0000000000 0.0000000000 0.0000000000 0.8030788043 0.3915237545 0.3019694953
0.0050824167 1.0000000000 0.0000000000 0.0000000000 0.8029979487 0.3929266440 0.3006559510
0.0050965583 1.0000000000 0.0000000000 0.0000000000 0.8029082927 0.3943318075 0.2993491093
0.0051107000 1.0000000000 0.0000000000 0.0000000000 0.8028098273 0.3957392126 0.2980490084
0.0051248417 1.0000000000 0.0000000000 0.0000000000 0.8027025437 0.3971488266 0.2967556858
0.0051389833 1.0000000000 0.0000000000 0.0000000000 0.8025864333 0.3985606168 0.2954691788
0.0051531250 1.0000000000 0.0000000000 0.0000000000 0.8024614876 0.3999745504 0.2941895244
0.0051672667 1.0000000000 0.0000000000 0.0000000000 0.8023276985 0.4013905947 0.2929167590
0.0051814083 1.0000000000 0.0000000000 0.0000000000 0.8021850583 0.4028087169 0.2916509189
0.0051955500 1.0000000000 0.0000000000 0.0000000000 0.8020335592 0.4042288840 0.2903920397
0.0052096917 1.0000000000 0.0000000000 0.0000000000 0.8018731940 0.4056510632 0.2891401569
0.0052238333 1.0000000000 0.0000000000 0.0000000000 0.8017039554 0.4070752216 0.2878953055
0.0052379750 1.0000000000 0.0000000000 0.0000000000 0.8015258367 0.4085013262 0.2866575201
0.0052521167 1.0000000000 0.0000000000 0.0000000000 0.8013388312 0.4099293439 0.2854268350
0.0052662583 1.0000000000 0.0000000000 0.0000000000 0.8011429326 0.4113592418 0.2842032841
0.0052804000 1.0000000000 0.0000000000 0.0000000000 0.8009381348 0.4127909867 0.2829869009
0.0052945417 1.0000000000 0.0000000000 0.0000000000 0.8007244320 0.4142245455 0.2817777184
0.0053086833 1.0000000000 0.0000000000 0.0000000000 0.8005018187 0.4156598851 0.2805757695
0.0053228250 1.0000000000 0.0000000000 0.0000000000 0.8002702894 0.4170969722 0.2793810864
0.0053369667 0.9999999999 0.0000000000 0.0000000000 0.8000298393 0.4185434030 0.2781937011
0.0053511083 0.9999999970 0.0000000000 0.0000000000 0.7997804635 0.4199921948 0.2770136453
0.0053652500 0.9999999370 0.0000000000 0.0000000000 0.7995221576 0.4214426370 0.2758409500
0.0053793917 0.9999986636 0.0000000000 0.0000000000 0.7992549173 0.4228946976 0.2746756461
0.0053935333 0.9999716513 0.0000000000 0.0000000000 0.7989787387 0.4243483444 0.2735177640
0.0054076750 0.9993989925 0.0000000000 0.0000000000 0.7986936182 0.4258035456 0.2723673338
0.0054218167 0.9874040246 0.0000000000 0.0000000000 0.7983995522 0.4272602690 0.2712243850
0.0054359583 0.7870278041 0.0000000000 0.0000000000 0.7980965378 0.4287184826 0.2700889470
0.0054501000 0.1483630458 0.0000000001 0.0000000001 0.7977845721 0.4301781541 0.2689668847
0.0054642417 0.0081456057 0.0000000027 0.0000000027 0.7974636524 0.4316392514 0.2678580518
0.0054783833 0.0003870579 0.0000000576 0.0000000576 0.7971337766 0.4331017425 0.2667568179
0.0054925250 0.0000194730 0.0000012225 0.0000012225 0.7967949427 0.4345655950 0.2656632125
0.0055066667 0.0000267926 0.0000259322 0.0000259322 0.7964471489 0.4360307768 0.2645772647
0.0055208083 0.0005498439 0.0005498033 0.0005498033 0.7960903938 0.4374972556 0.2634990032
0.0055349500 0.0115346296 0.0115346277 0.0115346277 0.7957246763 0.4389649991 0.2624284566
0.0055490917 0.1984198066 0.1984198065 0.1984198065 0.7953499956 0.4404339752 0.2613656526
0.0055632333 0.8400231052 0.8400231052 0.8400231052 0.7949663511 0.4419041515 0.2603106191
0.0055773750 0.9911020800 0.9911020800 0.9911020800 0.7945737425 0.4433754957 0.2592633830
0.0055915167 0.9995769513 0.9995769513 0.9995769513 0.7941721700 0.4448479754 0.2582239713
0.0056056583 0.9999800488 0.9999800488 0.9999800488 0.7937616337 0.4463215585 0.2571924105
0.0056198000 0.9999990594 0.9999990594 0.9999990593 0.7933421345 0.4477962124 0.2561687264
0.0056339417 0.9999999557 0.9999999557 0.9999999535 0.7929136731 0.4492719049 0.2551529448
0.0056480833 0.9999999979 0.9999999979 0.9999999510 0.7924762508 0.4507486037 0.2541450909
0.0056622250 0.9999999999 0.9999999999 0.9999990053 0.7920298692 0.4522262762 0.2531451897
0.0056763667 1.0000000000 1.0000000000 0.9999789031 0.7915745300 0.4537048902 0.2521532655
0.0056905083 1.0000000000 1.0000000000 0.9995526676 0.7911102355 0.4551844132 0.2511693426
0.0057046500 1.0000000000 1.0000000000 0.9905959030 0.7906369881 0.4566648128 0.2501934445
0.0057187917 1.0000000000 1.0000000000 0.8323760489 0.7901547905 0.4581460568 0.2492255947
0.0057329333 1.0000000000 1.0000000000 0.1896879967 0.7896636458 0.4596281125 0.2482658161
0.0057470750 1.0000000000 1.0000000000 0.0109150380 0.7891635574 0.4611109477 0.2473141312
0.0057612167 1.0000000000 1.0000000000 0.0005199599 0.7886545289 0.4625945299 0.2463705621
0.0057753583 1.0000000000 1.0000000000 0.0000245239 0.7881365643 0.4640788266 0.2454351308
0.0057895000 1.0000000000 1.0000000000 0.0000011561 0.7876096680 0.4655638055 0.2445078585
0.0058036417 1.0000000000 1.0000000000 0.0000000545 0.7870738446 0.4670494340 0.2435887663
0.0058177833 1.0000000000 1.0000000000 0.0000000026 0.7865290990 0.4685356799 0.2426778748
0.0058319250 1.0000000000 1.0000000000 0.0000000001 0.7859754365 0.4700225105 0.2417752043
0.0058460667 1.0000000000 1.0000000000 0.0000000000 0.7854128626 0.4715098936 0.2408807747
0.0058602083 1.0000000000 1.0000000000 0.0000000000 0.7848413832 0.4729977965 0.2399946053
0.0058743500 1.0000000000 1.0000000000 0.0000000000 0.7842610046 0.4744861870 0.2391167154
0.0058884917 1.0000000000 1.0000000000 0.0000000000 0.7836717333 0.4759750324 0.2382471235
0.0059026333 1.0000000000 1.0000000000 0.0000000000 0.7830735762 0.4774643004 0.2373858482
0.0059167750 1.0000000000 1.0000000000 0.0000000000 0.7824665404 0.4789539585 0.2365329073
0.0059309167 1.0000000000 1.0000000000 0.0000000000 0.7818506334 0.4804439741 0.2356883184
0.0059450583 1.0000000000 1.0000000000 0.0000000000 0.7812258632 0.4819343149 0.2348520988
0.0059592000 1.0000000000 1.0000000000 0.0000000000 0.7805922378 0.4834249484 0.2340242652
0.0059733417 1.0000000000 1.0000000000 0.0000000000 0.7799497658 0.4849158420 0.2332048341
0.0059874833 1.0000000000 1.0000000000 0.0000000000 0.7792984560 0.4864069633 0.2323938216
0.0060016250 1.0000000000 0.9999999999 0.0000000000 0.7786383175 0.4878982797 0.2315912433
0.0060157667 1.0000000000 0.9999999989 0.0000000000 0.7779693599 0.4893897588 0.2307971146
0.0060299083 1.0000000000 0.9999999759 0.0000000000 0.7772915929 0.4908813680 0.2300114505
0.0060440500 1.0000000000 0.9999994881 0.0000000000 0.7766050267 0.4923730748 0.2292342654
0.0060581917 1.0000000000 0.9999891420 0.0000000000 0.7759096718 0.4938648466 0.2284655737
0.0060723333 1.0000000000 0.9997697236 0.0000000000 0.7752055390 0.4953566510 0.2277053891
0.0060864750 1.0000000000 0.9951378474 0.0000000000 0.7744926394 0.4968484553 0.2269537251
0.0061006167 1.0000000000 0.9060898501 0.0000000000 0.7737709847 0.4983402270 0.2262105948
0.0061147583 1.0000000000 0.3126412472 0.0000000000 0.7730405866 0.4998319335 0.2254760108
0.0061289000 1.0000000000 0.0209919671 0.0000000000 0.7723014572 0.5013235422 0.2247499856
0.0061430417 1.0000000000 0.0010097926 0.0000000000 0.7715536092 0.5028150205 0.2240325312
0.0061571833 1.0000000000 0.0000476491 0.0000000000 0.7707970553 0.5043063357 0.2233236590
0.0061713250 1.0000000000 0.0000022464 0.0000000000 0.7700318088 0.5057974552 0.2226233805
0.0061854667 1.0000000000 0.0000001059 0.0000000000 0.7692578832 0.5072883464 0.2219317064
0.0061996083 1.0000000000 0.0000000050 0.0000000000 0.7684752923 0.5087789766 0.2212486472
0.0062137500 1.0000000000 0.0000000002 0.0000000000 0.7676840505 0.5102693130 0.2205742132
0.0062278917 1.0000000000 0.0000000000 0.0000000000 0.7668850086 0.5117593229 0.2199084141
0.0062420333 1.0000000000 0.0000000000 0.0000000000 0.7660793619 0.5132489736 0.2192512593
0.0062561750 1.0000000000 0.0000000000 0.0000000000 0.7652651095 0.5147382324 0.2186027579
0.0062703167 1.0000000000 0.0000000000 0.0000000000 0.7644422676 0.5162270665 0.2179629186
0.0062844583 1.0000000000 0.0000000000 0.0000000000 0.7636108525 0.5177154430 0.2173317497
0.0062986000 1.0000000000 0.0000000000 0.0000000000 0.7627708810 0.5192033292 0.2167092593
0.0063127417 1.0000000000 0.0000000000 0.0000000000 0.7619223701 0.5206906921 0.2160954549
0.0063268833 1.0000000000 0.0000000000 0.0000000000 0.7610653375 0.5221774990 0.2154903439
0.0063410250 1.0000000000 0.0000000000 0.0000000000 0.7601998008 0.5236637169 0.2148939331
0.0063551667 1.0000000000 0.0000000000 0.0000000000 0.7593257783 0.5251545179 0.2143062291
0.0063693083 1.0000000000 0.0000000000 0.0000000000 0.7584432884 0.5266453577 0.2137272382
0.0063834500 1.0000000000 0.0000000000 0.0000000000 0.7575523501 0.5281355116 0.2131569661
0.0063975917 0.9999999994 0.0000000000 0.0000000000 0.7566529824 0.5296249473 0.2125954184
0.0064117333 0.9999999876 0.0000000000 0.0000000000 0.7557452051 0.5311136329 0.2120426002
0.0064258750 0.9999997366 0.0000000000 0.0000000000 0.7548290380 0.5326015362 0.2114985164
0.0064400167 0.9999944117 0.0000000000 0.0000000000 0.7539045014 0.5340886251 0.2109631714
0.0064541583 0.9998814715 0.0000000000 0.0000000000 0.7529716160 0.5355748675 0.2104365693
0.0064683000 0.9974917004 0.0000000000 0.0000000000 0.7520304027 0.5370602312 0.2099187140
0.0064824417 0.9493596379 0.0000000000 0.0000000000 0.7510808828 0.5385446841 0.2094096087
0.0064965833 0.4691489321 0.0000000000 0.0000000000 0.7501230781 0.5400281938 0.2089092566
0.0065107250 0.0399958758 0.0000000000 0.0000000000 0.7491570106 0.5415107281 0.2084176604
0.0065248667 0.0019601715 0.0000000000 0.0000000000 0.7481827028 0.5429922548 0.2079348226
0.0065390083 0.0000925785 0.0000000000 0.0000000000 0.7472001773 0.5444727415 0.2074607451
0.0065531500 0.0000043647 0.0000000000 0.0000000000 0.7462094574 0.5459521560 0.2069954298
0.0065672917 0.0000002062 0.0000000005 0.0000000005 0.7452105665 0.5474304660 0.2065388779
0.0065814333 0.0000000198 0.0000000101 0.0000000101 0.7442035284 0.5489076390 0.2060910905
0.0065955750 0.0000002148 0.0000002143 0.0000002143 0.7431883673 0.5503836426 0.2056520684
0.0066097167 0.0000045463 0.0000045463 0.0000045463 0.7421651079 0.5518584446 0.2052303732
0.0066238583 0.0000964297 0.0000964297 0.0000964297 0.7411337749 0.5533320124 0.2048216522
0.0066380000 0.0020415547 0.0020415547 0.0020415547 0.7400943938 0.5548043136 0.2044217001
0.0066521417 0.0415906341 0.0415906341 0.0415906341 0.7390469900 0.5562753159 0.2040305182
0.0066662833 0.4793118182 0.4793118182 0.4793118182 0.7379915897 0.5577449866 0.2036481077
0.0066804250 0.9512837621 0.9512837621 0.9512837617 0.7369282192 0.5592132933 0.2032744693
0.0066945667 0.9975916448 0.9975916448 0.9975916356 0.7358569051 0.5606802036 0.2029096035
0.0067087083 0.9998862052 0.9998862052 0.9998860092 0.7347776745 0.5621456849 0.2025535104
0.0067228500 0.9999946350 0.9999946350 0.9999904762 0.7336905549 0.5636097047 0.2022061899
0.0067369917 0.9999997471 0.9999997471 0.9999115367 0.7325955741 0.5650722305 0.2018676414
0.0067511333 0.9999999881 0.9999999881 0.9981321388 0.7314927602 0.5665332296 0.2015378641
0.0067652750 0.9999999994 0.9999999994 0.9618193583 0.7303821417 0.5679926697 0.2012168569
0.0067794167 1.0000000000 1.0000000000 0.5428690020 0.7292637474 0.5694505180 0.2009046183
0.0067935583 1.0000000000 1.0000000000 0.0530153216 0.7281376067 0.5709067421 0.2006011465
0.0068077000 1.0000000000 1.0000000000 0.0026321938 0.7270037490 0.5723613093 0.2003064396
0.0068218417 1.0000000000 1.0000000000 0.0001243978 0.7258622044 0.5738141872 0.2000204950
0.0068359833 1.0000000000 1.0000000000 0.0000058650 0.7247130030 0.5752653430 0.1997433101
0.0068501250 1.0000000000 1.0000000000 0.0000002765 0.7235561757 0.5767147443 0.1994748819
0.0068642667 1.0000000000 1.0000000000 0.0000000130 0.7223917533 0.5781623584 0.1992152070
0.0068784083 1.0000000000 1.0000000000 0.0000000006 0.7212197673 0.5796081528 0.1989642820
0.0068925500 1.0000000000 1.0000000000 0.0000000000 0.7200402494 0.5810520948 0.1987221028
0.0069066917 1.0000000000 1.0000000000 0.0000000000 0.7188532317 0.5824941519 0.1984886652
0.0069208333 1.0000000000 1.0000000000 0.0000000000 0.7176587466 0.5839342916 0.1982639648
0.0069349750 1.0000000000 1.0000000000 0.0000000000 0.7164568269 0.5853724812 0.1980479967
0.0069491167 1.0000000000 1.0000000000 0.0000000000 0.7152475057 0.5868086882 0.1978407558
0.0069632583 1.0000000000 1.0000000000 0.0000000000 0.7140308166 0.5882428800 0.1976422368
0.0069774000 1.0000000000 1.0000000000 0.0000000000 0.7128067935 0.5896750241 0.1974524339
0.0069915417 1.0000000000 1.0000000000 0.0000000000 0.7115754704 0.5911050878 0.1972713411
0.0070056833 1.0000000000 1.0000000000 0.0000000000 0.7103368821 0.5925330387 0.1970989523
0.0070198250 1.0000000000 1.0000000000 0.0000000000 0.7090910634 0.5939588443 0.1969352609
0.0070339667 1.0000000000 1.0000000000 0.0000000000 0.7078380495 0.5953824719 0.1967802599
0.0070481083 1.0000000000 1.0000000000 0.0000000000 0.7065778761 0.5968038891 0.1966339424
0.0070622500 1.0000000000 1.0000000000 0.0000000000 0.7053105792 0.5982230634 0.1964963009
0.0070763917 1.0000000000 1.0000000000 0.0000000000 0.7040361950 0.5996399623 0.1963673277
0.0070905333 1.0000000000 1.0000000000 0.0000000000 0.7027547602 0.6010545532 0.1962470149
0.0071046750 1.0000000000 1.0000000000 0.0000000000 0.7014663119 0.6024668038 0.1961353542
0.0071188167 1.0000000000 1.0000000000 0.0000000000 0.7001708873 0.6038766816 0.1960323372
0.0071329583 1.0000000000 1.0000000000 0.0000000000 0.6988685242 0.6052841540 0.1959379550
0.0071471000 1.0000000000 1.0000000000 0.0000000000 0.6975592606 0.6066891887 0.1958521987
0.0071612417 1.0000000000 1.0000000000 0.0000000000 0.6962431348 0.6080917533 0.1957750588
0.0071753833 1.0000000000 1.0000000000 0.0000000000 0.6949201856 0.6094918153 0.1957065258
0.0071895250 1.0000000000 1.0000000000 0.0000000000 0.6935904521 0.6108893423 0.1956465899
0.0072036667 1.0000000000 1.0000000000 0.0000000000 0.6922539735 0.6122843019 0.1955952409
0.0072178083 1.0000000000 1.0000000000 0.0000000000 0.6909107898 0.6136766618 0.1955524685
0.0072319500 1.0000000000 1.0000000000 0.0000000000 0.6895609408 0.6150663896 0.1955182619
0.0072460917 1.0000000000 1.0000000000 0.0000000000 0.6882044671 0.6164534529 0.1954926104
0.0072602333 1.0000000000 1.0000000000 0.0000000000 0.6868414093 0.6178378194 0.1954755027
0.0072743750 1.0000000000 1.0000000000 0.0000000000 0.6854718085 0.6192194567 0.1954669275
0.0072885167 1.0000000000 1.0000000000 0.0000000000 0.6840957061 0.6205983325 0.1954668730
0.0073026583 1.0000000000 0.9999999996 0.0000000000 0.6827131438 0.6219744146 0.1954753273
0.0073168000 1.0000000000 0.9999999918 0.0000000000 0.6813241637 0.6233476706 0.1954922783
0.0073309417 1.0000000000 0.9999998258 0.0000000000 0.6799288081 0.6247180682 0.1955177135
0.0073450833 1.0000000000 0.9999963057 0.0000000000 0.6785271197 0.6260855751 0.1955516203
0.0073592250 1.0000000000 0.9999216399 0.0000000000 0.6771191415 0.6274501591 0.1955939858
0.0073733667 1.0000000000 0.9983404001 0.0000000000 0.6757049169 0.6288128397 0.1956447967
0.0073875083 0.9999999990 0.9659380158 0.0000000000 0.6742844895 0.6301752130 0.1957040397
0.0074016500 0.9999999788 0.5720739180 0.0000000000 0.6728579032 0.6315345675 0.1957717011
0.0074157917 0.9999995511 0.0592850913 0.0000000000 0.6714272821 0.6328908713 0.1958477671
0.0074299333 0.9999904769 0.0029621238 0.0000000000 0.6699932724 0.6342440929 0.1959322235
0.0074440750 0.9997980290 0.0001400344 0.0000000000 0.6685532387 0.6355942007 0.1960250559
0.0074582167 0.9957330683 0.0000066023 0.0000000000 0.6671072271 0.6369411629 0.1961262497
0.0074723583 0.9166734610 0.0000003112 0.0000000000 0.6656552838 0.6382849481 0.1962357902
0.0074865000 0.3415002389 0.0000000147 0.0000000000 0.6641974554 0.6396255246 0.1963536621
0.0075006417 0.0238643516 0.0000000007 0.0000000000 0.6627337888 0.6409628607 0.1964798504
0.0075147833 0.0011511802 0.0000000000 0.0000000000 0.6612643311 0.6422969249 0.1966143393
0.0075289250 0.0000543280 0.0000000000 0.0000000000 0.6597891300 0.6436276856 0.1967571131
0.0075430667 0.0000025612 0.0000000000 0.0000000000 0.6583082331 0.6449551111 0.1969081560
0.0075572083 0.0000001207 0.0000000000 0.0000000000 0.6568216886 0.6462791699 0.1970674516
0.0075713500 0.0000000057 0.0000000000 0.0000000000 0.6553295449 0.6475998304 0.1972349835
0.0075854917 0.0000000003 0.0000000000 0.0000000000 0.6538318506 0.6489170610 0.1974107350
0.0075996333 0.0000000000 0.0000000000 0.0000000000 0.6523286547 0.6502308302 0.1975946894
0.0076137750 0.0000000000 0.0000000000 0.0000000000 0.6508200064 0.6515411062 0.1977868294
0.0076279167 0.0000000000 0.0000000000 0.0000000000 0.6493059553 0.6528478577 0.1979871378
0.0076420583 0.0000000000 0.0000000000 0.0000000000 0.6477865512 0.6541510529 0.1981955971
0.0076562000 0.0000000000 0.0000000000 0.0000000000 0.6462618443 0.6554506603 0.1984121894
0.0076703417 0.0000000001 0.0000000001 0.0000000001 0.6447318849 0.6567466484 0.1986368969
0.0076844833 0.0000000018 0.0000000018 0.0000000018 0.6431967236 0.6580389856 0.1988697013
0.0076986250 0.0000000376 0.0000000376 0.0000000376 0.6416564114 0.6593276402 0.1991105842
0.0077127667 0.0000007970 0.0000007970 0.0000007970 0.6401109996 0.6606125809 0.1993595272
0.0077269083 0.0000169064 0.0000169064 0.0000169064 0.6385605395 0.6618937759 0.1996219536
0.0077410500 0.0003585084 0.0003585084 0.0003585084 0.6370050830 0.6631711938 0.1998999978
0.0077551917 0.0075502178 0.0075502178 0.0075502178 0.6354446821 0.6644448030 0.2001860480
0.0077693333 0.1389545966 0.1389545966 0.1389545966 0.6338793890 0.6657145719 0.2004800866
0.0077834750 0.7739235710 0.7739235710 0.7739235710 0.6323092563 0.6669804691 0.2007820963
0.0077976167 0.9864161937 0.9864161937 0.9864161937 0.6307343367 0.6682424629 0.2010920593
0.0078117583 0.9993512408 0.9993512408 0.9993512403 0.6291546834 0.6695005219 0.2014099576
0.0078259000 0.9999693976 0.9999693976 0.9999693863 0.6275703497 0.6707546146 0.2017357731
0.0078400417 0.9999985573 0.9999985573 0.9999983190 0.6259813891 0.6720047093 0.2020694875
0.0078541833 0.9999999320 0.9999999320 0.9999948762 0.6243878554 0.6732507748 0.2024110823
0.0078683250 0.9999999968 0.9999999968 0.9998927611 0.6227898027 0.6744927793 0.2027605386
0.0078824667 0.9999999998 0.9999999998 0.9977301619 0.6211872853 0.6757306915 0.2031178377
0.0078966083 1.0000000000 1.0000000000 0.9539627791 0.6195803577 0.6769644799 0.2034829604
0.0079107500 1.0000000000 1.0000000000 0.4941438767 0.6179690747 0.6781941130 0.2038558873
0.0079248917 1.0000000000 1.0000000000 0.0440228344 0.6163534914 0.6794195594 0.2042365991
0.0079390333 1.0000000000 1.0000000000 0.0021661712 0.6147336629 0.6806407876 0.2046250760
0.0079531750 1.0000000000 1.0000000000 0.0001023279 0.6131096448 0.6818577662 0.2050212982
0.0079673167 1.0000000000 1.0000000000 0.0000048244 0.6114814927 0.6830704638 0.2054252456
0.0079814583 1.0000000000 1.0000000000 0.0000002274 0.6098492626 0.6842788490 0.2058368980
0.0079956000 1.0000000000 1.0000000000 0.0000000107 0.6082130107 0.6854828904 0.2062562350
0.0080097417 1.0000000000 1.0000000000 0.0000000005 0.6065727933 0.6866825568 0.2066832360
0.0080238833 1.0000000000 1.0000000000 0.0000000000 0.6049286671 0.6878778167 0.2071178803
0.0080380250 1.0000000000 1.0000000000 0.0000000000 0.6032806887 0.6890686388 0.2075601468
0.0080521667 1.0000000000 1.0000000000 0.0000000000 0.6016289153 0.6902549919 0.2080100146
0.0080663083 1.0000000000 1.0000000000 0.0000000000 0.5999734040 0.6914368446 0.2084674622
0.0080804500 1.0000000000 1.0000000000 0.0000000000 0.5983142122 0.6926141658 0.2089324682
0.0080945917 1.0000000000 1.0000000000 0.0000000000 0.5966513977 0.6937869241 0.2094050111
0.0081087333 1.0000000000 1.0000000000 0.0000000000 0.5949850181 0.6949550885 0.2098850689
0.0081228750 1.0000000000 1.0000000000 0.0000000000 0.5933151316 0.6961186278 0.2103726197
0.0081370167 1.0000000000 1.0000000000 0.0000000000 0.5916417963 0.6972775107 0.2108676413
0.0081511583 1.0000000000 1.0000000000 0.0000000000 0.5899650706 0.6984317063 0.2113701116
0.0081653000 1.0000000000 1.0000000000 0.0000000000 0.5882850130 0.6995811834 0.2118800079
0.0081794417 1.0000000000 1.0000000000 0.0000000000 0.5866016825 0.7007259110 0.2123973076
0.0081935833 1.0000000000 1.0000000000 0.0000000000 0.5849151378 0.7018658580 0.2129219880
0.0082077250 1.0000000000 1.0000000000 0.0000000000 0.5832254380 0.7030009936 0.2134540261
0.0082218667 1.0000000000 1.0000000000 0.0000000000 0.5815326426 0.7041312867 0.2139933988
0.0082360083 1.0000000000 1.0000000000 0.0000000000 0.5798368108 0.7052567064 0.2145400828
0.0082501500 1.0000000000 1.0000000000 0.0000000000 0.5781380024 0.7063772220 0.2150940547
0.0082642917 1.0000000000 1.0000000000 0.0000000000 0.5764362771 0.7074928025 0.2156552910
0.0082784333 1.0000000000 1.0000000000 0.0000000000 0.5747316947 0.7086034172 0.2162237678
0.0082925750 1.0000000000 1.0000000000 0.0000000000 0.5730243155 0.7097090353 0.2167994613
0.0083067167 1.0000000000 1.0000000000 0.0000000000 0.5713141996 0.7108096262 0.2173823475
0.0083208583 0.9999999999 1.0000000000 0.0000000000 0.5696014073 0.7119051590 0.2179724022
0.0083350000 0.9999999969 1.0000000000 0.0000000000 0.5678859993 0.7129956034 0.2185696011
0.0083491417 0.9999999347 1.0000000000 0.0000000000 0.5661680362 0.7140809285 0.2191739196
0.0083632833 0.9999986157 1.0000000000 0.0000000000 0.5644475786 0.7151611040 0.2197853333
0.0083774250 0.9999706363 1.0000000000 0.0000000000 0.5627246877 0.7162360994 0.2204038173
0.0083915667 0.9993774864 1.0000000000 0.0000000000 0.5609994244 0.7173058841 0.2210293468
0.0084057083 0.9869588978 1.0000000000 0.0000000000 0.5592718498 0.7183704279 0.2216618967
0.0084198500 0.7810716395 1.0000000000 0.0000000000 0.5575420254 0.7194298819 0.2223014418
0.0084339917 0.1439728095 1.0000000000 0.0000000000 0.5558100124 0.7204860124 0.2229479568
0.0084481333 0.0078662406 1.0000000000 0.0000000000 0.5540758724 0.7215368114 0.2236014164
0.0084622750 0.0003736275 1.0000000000 0.0000000000 0.5523396671 0.7225822491 0.2242617948
0.0084764167 0.0000176197 1.0000000000 0.0000000000 0.5506014581 0.7236222957 0.2249290665
0.0084905583 0.0000008306 1.0000000000 0.0000000000 0.5488613073 0.7246569214 0.2256032055
0.0085047000 0.0000000392 1.0000000000 0.0000000000 0.5471192766 0.7256860964 0.2262841860
0.0085188417 0.0000000018 1.0000000000 0.0000000000 0.5453754280 0.7267097913 0.2269719817
0.0085329833 0.0000000001 1.0000000000 0.0000000000 0.5436298237 0.7277279763 0.2276665666
0.0085471250 0.0000000000 1.0000000000 0.0000000000 0.5418825258 0.7287406220 0.2283679142
0.0085612667 0.0000000000 0.9999999997 0.0000000000 0.5401335966 0.7297476989 0.2290759981
0.0085754083 0.0000000000 0.9999999947 0.0000000000 0.5383830985 0.7307491775 0.2297907917
0.0085895500 0.0000000000 0.9999998874 0.0000000000 0.5366310938 0.7317450285 0.2305122683
0.0086036917 0.0000000000 0.9999976107 0.0000000000 0.5348776451 0.7327352225 0.2312404010
0.0086178333 0.0000000000 0.9999493187 0.0000000000 0.5331261885 0.7337197303 0.2319751630
0.0086319750 0.0000000000 0.9989260135 0.0000000000 0.5313771368 0.7346985228 0.2327165270
0.0086461167 0.0000000000 0.9777018978 0.0000000000 0.5296268307 0.7356715706 0.2334644660
0.0086602583 0.0000000000 0.6739495749 0.0000000000 0.5278753339 0.7366388449 0.2342189527
0.0086744000 0.0000000000 0.0887902105 0.0000000000 0.5261227105 0.7376003164 0.2349799596
0.0086885417 0.0000000000 0.0045725703 0.0000000000 0.5243690244 0.7385559564 0.2357474593
0.0087026833 0.0000000000 0.0002165015 0.0000000000 0.5226143396 0.7395057357 0.2365214240
0.0087168250 0.0000000000 0.0000102083 0.0000000000 0.5208587201 0.7404496257 0.2373018261
0.0087309667 0.0000000000 0.0000004812 0.0000000000 0.5191022301 0.7413875975 0.2380886376
0.0087451083 0.0000000000 0.0000000227 0.0000000000 0.5173449337 0.7423196223 0.2388818307
0.0087592500 0.0000000000 0.0000000011 0.0000000000 0.5155868949 0.7432456715 0.2396813773
0.0087733917 0.0000000000 0.0000000001 0.0000000000 0.5138281781 0.7441657165 0.2404872491
0.0087875333 0.0000000003 0.0000000003 0.0000000003 0.5120688473 0.7450797287 0.2412994178
0.0088016750 0.0000000066 0.0000000066 0.0000000066 0.5103089668 0.7459876796 0.2421178552
0.0088158167 0.0000001397 0.0000001397 0.0000001397 0.5085486008 0.7468895409 0.2429531454
0.0088299583 0.0000029639 0.0000029639 0.0000029639 0.5067878135 0.7477852841 0.2437962820
0.0088441000 0.0000628687 0.0000628687 0.0000628687 0.5050266692 0.7486748809 0.2446456052
0.0088582417 0.0013319213 0.0013319213 0.0013319213 0.5032652321 0.7495583032 0.2455010880
0.0088723833 0.0275129488 0.0275129488 0.0275129488 0.5015035664 0.7504355227 0.2463627035
0.0088865250 0.3750528821 0.3750528821 0.3750528821 0.4997417364 0.7513065114 0.2472304248
0.0089006667 0.9271693938 0.9271693938 0.9271693938 0.4979798062 0.7521712411 0.2481042246
0.0089148083 0.9963106176 0.9963106176 0.9963106176 0.4962178401 0.7530296840 0.2489840757
0.0089289500 0.9998254631 0.9998254631 0.9998254631 0.4944559023 0.7538818121 0.2498699509
0.0089430917 0.9999917707 0.9999917707 0.9999917707 0.4926940569 0.7547275976 0.2507618226
0.0089572333 0.9999996121 0.9999996121 0.9999996121 0.4909323680 0.7555670128 0.2516596635
0.0089713750 0.9999999817 0.9999999817 0.9999999817 0.4891708998 0.7564000299 0.2525634458
0.0089855167 0.9999999991 0.9999999991 0.9999999991 0.4874097164 0.7572266212 0.2534731419
0.0089996583 1.0000000000 1.0000000000 0.9999999999 0.4856488817 0.7580467594 0.2543887239
0.0090138000 1.0000000000 1.0000000000 0.9999999996 0.4838884599 0.7588604168 0.2553101640
0.0090279417 1.0000000000 1.0000000000 0.9999999918 0.4821285147 0.7596675661 0.2562374343
0.0090420833 1.0000000000 1.0000000000 0.9999998267 0.4803691103 0.7604681800 0.2571705065
0.0090562250 1.0000000000 1.0000000000 0.9999963233 0.4786103103 0.7612622311 0.2581093526
0.0090703667 1.0000000000 1.0000000000 0.9999220135 0.4768521786 0.7620496923 0.2590539443
0.0090845083 1.0000000000 1.0000000000 0.9983482993 0.4750947790 0.7628305366 0.2600042533
0.0090986500 1.0000000000 1.0000000000 0.9660949043 0.4733381752 0.7636047368 0.2609602511
0.0091127917 1.0000000000 1.0000000000 0.5732434423 0.4715824306 0.7643722661 0.2619219092
0.0091269333 1.0000000000 1.0000000000 0.0595521810 0.4698276090 0.7651330975 0.2628891991
0.0091410750 1.0000000000 1.0000000000 0.0029762714 0.4680737737 0.7658872044 0.2638620919
0.0091552167 1.0000000000 1.0000000000 0.0001407052 0.4663209881 0.7666345599 0.2648405589
0.0091693583 1.0000000000 1.0000000000 0.0000066340 0.4645693156 0.7673751376 0.2658245713
0.0091835000 1.0000000000 1.0000000000 0.0000003127 0.4628188194 0.7681089108 0.2668141001
0.0091976417 1.0000000000 1.0000000000 0.0000000147 0.4610695626 0.7688358532 0.2678091162
0.0092117833 1.0000000000 1.0000000000 0.0000000007 0.4593216082 0.7695559383 0.2688095906
0.0092259250 1.0000000000 1.0000000000 0.0000000000 0.4575750192 0.7702691399 0.2698154940
0.0092400667 1.0000000000 1.0000000000 0.0000000000 0.4558298584 0.7709754320 0.2708267970
0.0092542083 0.9999999993 1.0000000000 0.0000000000 0.4540861885 0.7716747882 0.2718434705
0.0092683500 0.9999999859 1.0000000000 0.0000000000 0.4523440722 0.7723671828 0.2728654848
0.0092824917 0.9999997008 1.0000000000 0.0000000000 0.4506035720 0.7730525898 0.2738928104
0.0092966333 0.9999936540 1.0000000000 0.0000000000 0.4488647503 0.7737309834 0.2749254177
0.0093107750 0.9998654012 1.0000000000 0.0000000000 0.4471276694 0.7744023379 0.2759632770
0.0093249167 0.9971525437 1.0000000000 0.0000000000 0.4453923913 0.7750666278 0.2770063585
0.0093390583 0.9428850074 1.0000000000 0.0000000000 0.4436589782 0.7757238275 0.2780546324
0.0093532000 0.4376457199 1.0000000000 0.0000000000 0.4419274919 0.7763739116 0.2791080686
0.0093673417 0.0353890531 1.0000000000 0.0000000000 0.4401979942 0.7770168549 0.2801666372
0.0093814833 0.0017265150 1.0000000000 0.0000000000 0.4384705466 0.7776526322 0.2812303080
0.0093956250 0.0000815248 1.0000000000 0.0000000000 0.4367452107 0.7782812184 0.2822990509
0.0094097667 0.0000038435 1.0000000000 0.0000000000 0.4350220478 0.7789025886 0.2833728356
0.0094239083 0.0000001812 1.0000000000 0.0000000000 0.4333011190 0.7795167178 0.2844516318
0.0094380500 0.0000000085 1.0000000000 0.0000000000 0.4315824855 0.7801235814 0.2855354090
0.0094521917 0.0000000004 1.0000000000 0.0000000000 0.4298662079 0.7807231546 0.2866241367
0.0094663333 0.0000000000 1.0000000000 0.0000000000 0.4281523471 0.7813154131 0.2877177845
0.0094804750 0.0000000000 1.0000000000 0.0000000000 0.4264409635 0.7819003324 0.2888163216
0.0094946167 0.0000000000 1.0000000000 0.0000000000 0.4247321176 0.7824778881 0.2899197174
0.0095087583 0.0000000000 1.0000000000 0.0000000000 0.4230258695 0.7830488221 0.2910279410
0.0095229000 0.0000000000 1.0000000000 0.0000000000 0.4213222792 0.7836130147 0.2921409616
0.0095370417 0.0000000000 1.0000000000 0.0000000000 0.4196214066 0.7841697721 0.2932587484
0.0095511833 0.0000000000 1.0000000000 0.0000000000 0.4179233112 0.7847190707 0.2943812703
0.0095653250 0.0000000000 1.0000000000 0.0000000000 0.4162280527 0.7852608869 0.2955084962
0.0095794667 0.0000000000 1.0000000000 0.0000000000 0.4145356902 0.7857951975 0.2966403950
0.0095936083 0.0000000000 1.0000000000 0.0000000000 0.4128462828 0.7863219793 0.2977769356
0.0096077500 0.0000000000 1.0000000000 0.0000000000 0.4111598894 0.7868412093 0.2989180867
0.0096218917 0.0000000000 1.0000000000 0.0000000000 0.4094765686 0.7873528644 0.3000638170
0.0096360333 0.0000000000 1.0000000000 0.0000000000 0.4077963790 0.7878569218 0.3012140950
0.0096501750 0.0000000000 1.0000000000 0.0000000000 0.4061193787 0.7883533590 0.3023688894
0.0096643167 0.0000000000 1.0000000000 0.0000000000 0.4044456259 0.7888421534 0.3035281686
0.0096784583 0.0000000000 1.0000000000 0.0000000000 0.4027751784 0.7893232825 0.3046919011
0.0096926000 0.0000000000 1.0000000000 0.0000000000 0.4011080937 0.7897967242 0.3058600553
0.0097067417 0.0000000000 1.0000000000 0.0000000000 0.3994444293 0.7902624562 0.3070325994
0.0097208833 0.0000000000 1.0000000000 0.0000000000 0.3977842423 0.7907204566 0.3082095018
0.0097350250 0.0000000000 1.0000000000 0.0000000000 0.3961275897 0.7911707036 0.3093907307
0.0097491667 0.0000000000 1.0000000000 0.0000000000 0.3944745282 0.7916131755 0.3105762541
0.0097633083 0.0000000000 0.9999999998 0.0000000000 0.3928251142 0.7920478507 0.3117660403
0.0097774500 0.0000000000 0.9999999961 0.0000000000 0.3911794039 0.7924747078 0.3129600573
0.0097915917 0.0000000000 0.9999999181 0.0000000000 0.3895374534 0.7928937255 0.3141582730
0.0098057333 0.0000000000 0.9999982624 0.0000000000 0.3878993185 0.7933048828 0.3153606554
0.0098198750 0.0000000000 0.9999631429 0.0000000000 0.3862699256 0.7937081586 0.3165671724
0.0098340167 0.0000000000 0.9992187436 0.0000000000 0.3846490681 0.7941035322 0.3177777919
0.0098481583 0.0000000000 0.9836850766 0.0000000000 0.3830321942 0.7944909829 0.3189924817
0.0098623000 0.0000000000 0.7397415253 0.0000000000 0.3814193600 0.7948704902 0.3202182722
0.0098764417 0.0000000000 0.1181596415 0.0000000000 0.3798106217 0.7952420338 0.3214515661
0.0098905833 0.0000000001 0.0062769495 0.0000000001 0.3782060348 0.7956055934 0.3226888363
0.0099047250 0.0000000012 0.0002976869 0.0000000012 0.3766056550 0.7959611491 0.3239300520
0.0099188667 0.0000000245 0.0000140619 0.0000000245 0.3750095373 0.7963086809 0.3251751826
0.0099330083 0.0000005196 0.0000011814 0.0000005196 0.3734177369 0.7966481691 0.3264241974
0.0099471500 0.0000110221 0.0000110533 0.0000110221 0.3718303082 0.7969795942 0.3276770654
0.0099612917 0.0002337558 0.0002337572 0.0002337558 0.3702473056 0.7973029369 0.3289337558
0.0099754333 0.0049352720 0.0049352721 0.0049352720 0.3686687834 0.7976181778 0.3301942379
0.0099895750 0.0951943136 0.0951943137 0.0951943136 0.3670947954 0.7979252979 0.3314584806
0.0100037167 0.6905731095 0.6905731095 0.6905731095 0.3655253949 0.7982242784 0.3327264531
0.0100178583 0.9793140976 0.9793140976 0.9793140976 0.3639606355 0.7985151005 0.3339981243
0.0100320000 0.9990052263 0.9990052263 0.9990052263 0.3624005699 0.7987977456 0.3352734632
0.0100461417 0.9999530603 0.9999530603 0.9999530603 0.3608452510 0.7990721954 0.3365524387
0.0100602833 0.9999977871 0.9999977871 0.9999977871 0.3592947310 0.7993384318 0.3378350198
0.0100744250 0.9999998957 0.9999998957 0.9999998957 0.3577490621 0.7995964365 0.3391211754
0.0100885667 0.9999999951 0.9999999951 0.9999999951 0.3562082961 0.7998461919 0.3404108743
0.0101027083 0.9999999998 0.9999999998 0.9999999998 0.3546724846 0.8000876802 0.3417040852
0.0101168500 1.0000000000 1.0000000000 1.0000000000 0.3531416786 0.8003208840 0.3430007770
0.0101309917 1.0000000000 1.0000000000 1.0000000000 0.3516159291 0.8005457858 0.3443009185
0.0101451333 1.0000000000 1.0000000000 1.0000000000 0.3500952867 0.8007623687 0.3456044782
0.0101592750 1.0000000000 1.0000000000 1.0000000000 0.3485798017 0.8009706155 0.3469114250
0.0101734167 1.0000000000 1.0000000000 1.0000000000 0.3470695241 0.8011705096 0.3482217274
0.0101875583 0.9999999999 1.0000000000 1.0000000000 0.3455645034 0.8013620344 0.3495353541
0.0102017000 0.9999999979 1.0000000000 1.0000000000 0.3440647892 0.8015451735 0.3508522736
0.0102158417 0.9999999565 1.0000000000 1.0000000000 0.3425704303 0.8017199107 0.3521724545
0.0102299833 0.9999990775 1.0000000000 1.0000000000 0.3410814756 0.8018862299 0.3534958654
0.0102441250 0.9999804324 1.0000000000 1.0000000000 0.3395979734 0.8020441154 0.3548224747
0.0102582667 0.9995850825 1.0000000000 1.0000000000 0.3381199718 0.8021935515 0.3561522509
0.0102724083 0.9912716804 1.0000000000 0.9999999998 0.3366475186 0.8023345227 0.3574851623
0.0102865500 0.8426150877 1.0000000000 0.9999999947 0.3351806611 0.8024670140 0.3588211775
0.0103006917 0.2015259647 1.0000000000 0.9999998879 0.3337194464 0.8025910101 0.3601602647
0.0103148333 0.0117581107 1.0000000000 0.9999976221 0.3322639214 0.8027064963 0.3615023923
0.0103289750 0.0005605764 1.0000000000 0.9999495603 0.3308141325 0.8028134579 0.3628475285
0.0103431167 0.0000264406 1.0000000000 0.9989311283 0.3293701257 0.8029118805 0.3641956417
0.0103572583 0.0000012465 1.0000000000 0.9778058472 0.3279319468 0.8030017499 0.3655467000
0.0103714000 0.0000000588 1.0000000000 0.6749988496 0.3264996413 0.8030830520 0.3669006717
0.0103855417 0.0000000028 1.0000000000 0.0891776248 0.3250732542 0.8031557731 0.3682575249
0.0103996833 0.0000000001 1.0000000000 0.0045943743 0.3236528304 0.8032198995 0.3696172277
0.0104138250 0.0000000000 1.0000000000 0.0002175384 0.3222384141 0.8032754178 0.3709797482
0.0104279667 0.0000000000 1.0000000000 0.0000102572 0.3208300494 0.8033223148 0.3723450545
0.0104421083 0.0000000000 1.0000000000 0.0000004835 0.3194277801 0.8033605776 0.3737131145
0.0104562500 0.0000000000 1.0000000000 0.0000000228 0.3180316496 0.8033901934 0.3750838962
0.0104703917 0.0000000000 1.0000000000 0.0000000011 0.3166417007 0.8034111496 0.3764573677
0.0104845333 0.0000000000 1.0000000000 0.0000000001 0.3152579763 0.8034234340 0.3778334967
0.0104986750 0.0000000000 1.0000000000 0.0000000000 0.3138805186 0.8034270345 0.3792122511
0.0105128167 0.0000000000 1.0000000000 0.0000000000 0.3125093695 0.8034219391 0.3805935988
0.0105269583 0.0000000000 1.0000000000 0.0000000000 0.3111445708 0.8034081363 0.3819775075
0.0105411000 0.0000000000 1.0000000000 0.0000000000 0.3097861635 0.8033856145 0.3833639450
0.0105552417 0.0000000000 1.0000000000 0.0000000000 0.3084341886 0.8033543626 0.3847528789
0.0105693833 0.0000000000 1.0000000000 0.0000000000 0.3070886867 0.8033143697 0.3861442770
0.0105835250 0.0000000000 1.0000000000 0.0000000000 0.3057496978 0.8032656249 0.3875381069
0.0105976667 0.0000000000 1.0000000000 0.0000000000 0.3044172618 0.8032081178 0.3889343361
0.0106118083 0.0000000000 1.0000000000 0.0000000000 0.3030914181 0.8031418380 0.3903329322
0.0106259500 0.0000000000 1.0000000000 0.0000000000 0.3017722059 0.8030672466 0.3917338627
0.0106400917 0.0000000000 1.0000000000 0.0000000000 0.3004596636 0.8029850726 0.3931370950
0.0106542333 0.0000000000 1.0000000000 0.0000000000 0.2991538298 0.8028940969 0.3945425966
0.0106683750 0.0000000000 1.0000000000 0.0000000000 0.2978547424 0.8027943105 0.3959503349
0.0106825167 0.0000000000 1.0000000000 0.0000000000 0.2965624389 0.8026857045 0.3973602771
0.0106966583 0.0000000000 1.0000000000 0.0000000000 0.2952769566 0.8025682704 0.3987723906
0.0107108000 0.0000000000 1.0000000000 0.0000000000 0.2939983324 0.8024419998 0.4001866426
0.0107249417 0.0000000000 1.0000000000 0.0000000000 0.2927266026 0.8023068848 0.4016030004
0.0107390833 0.0000000000 1.0000000000 0.0000000000 0.2914618034 0.8021629173 0.4030214311
0.0107532250 0.0000000000 1.0000000000 0.0000000000 0.2902039705 0.8020100899 0.4044419019
0.0107673667 0.0000000000 1.0000000000 0.0000000000 0.2889531393 0.8018483952 0.4058643799
0.0107815083 0.0000000000 1.0000000000 0.0000000000 0.2877093447 0.8016778262 0.4072888320
0.0107956500 0.0000000000 1.0000000000 0.0000000000 0.2864726213 0.8014983760 0.4087152254
0.0108097917 0.0000000000 1.0000000000 0.0000000000 0.2852430033 0.8013100381 0.4101435271
0.0108239333 0.0000000000 1.0000000000 0.0000000000 0.2840205245 0.8011128062 0.4115737039
0.0108380750 0.0000000000 1.0000000000 0.0000000000 0.2828052183 0.8009066741 0.4130057227
0.0108522167 0.0000000000 1.0000000000 0.0000000000 0.2815971179 0.8006916362 0.4144395506
0.0108663583 0.0000000000 1.0000000000 0.0000000000 0.2803962559 0.8004676870 0.4158751542
0.0108805000 0.0000000000 1.0000000000 0.0000000000 0.2792026645 0.8002348210 0.4173130667
0.0108946417 0.0000000000 0.9999999998 0.0000000000 0.2780163757 0.7999930335 0.4187604304
0.0109087833 0.0000000000 0.9999999953 0.0000000000 0.2768374210 0.7997423196 0.4202094716
0.0109229250 0.0000000000 0.9999999004 0.0000000000 0.2756658316 0.7994826750 0.4216601584
0.0109370667 0.0000000000 0.9999978876 0.0000000000 0.2745016381 0.7992140953 0.4231124587
0.0109512083 0.0000000000 0.9999551930 0.0000000000 0.2733448709 0.7989365768 0.4245663406
0.0109653500 0.0000000000 0.9990503832 0.0000000000 0.2721955601 0.7986501158 0.4260217720
0.0109794917 0.0000000000 0.9802354323 0.0000000000 0.2710537351 0.7983547089 0.4274787207
0.0109936333 0.0000000000 0.7004206912 0.0000000000 0.2699194252 0.7980503531 0.4289371548
0.0110077750 0.0000000002 0.0992757310 0.0000000002 0.2688002184 0.7977370456 0.4303970421
0.0110219167 0.0000000043 0.0051689816 0.0000000043 0.2676925225 0.7974147838 0.4318583504
0.0110360583 0.0000000911 0.0002449709 0.0000000911 0.2665924301 0.7970835655 0.4333210475
0.0110502000 0.0000019323 0.0000134790 0.0000019323 0.2654999704 0.7967433889 0.4347851013
0.0110643417 0.0000409876 0.0000415319 0.0000409876 0.2644151728 0.7963942521 0.4362504795
0.0110784833 0.0008687379 0.0008687635 0.0008687379 0.2633380658 0.7960361539 0.4377171499
0.0110926250 0.0181102670 0.0181102682 0.0181102670 0.2622686777 0.7956690931 0.4391850803
0.0111067667 0.2812236484 0.2812236485 0.2812236484 0.2612070366 0.7952930690 0.4406542383
0.0111209083 0.8924677907 0.8924677907 0.8924677907 0.2601531700 0.7949080810 0.4421245916
0.0111350500 0.9943520575 0.9943520575 0.9943520575 0.2591071049 0.7945141290 0.4435961081
0.0111491917 0.9997323065 0.9997323065 0.9997323065 0.2580688681 0.7941112130 0.4450687553
0.0111633333 0.9999873773 0.9999873773 0.9999873773 0.2570384861 0.7936993334 0.4465425009
0.0111774750 0.9999994048 0.9999994049 0.9999994049 0.2560159848 0.7932784909 0.4480173125
0.0111916167 0.9999999685 0.9999999719 0.9999999719 0.2550013897 0.7928486864 0.4494931579
0.0112057583 0.9999999246 0.9999999987 0.9999999987 0.2539947262 0.7924099213 0.4509700046
0.0112199000 0.9999984279 0.9999999999 0.9999999999 0.2529960189 0.7919621970 0.4524478203
0.0112340417 0.9999666547 1.0000000000 1.0000000000 0.2520052924 0.7915055156 0.4539265726
0.0112481833 0.9992931332 1.0000000000 1.0000000000 0.2510225707 0.7910398791 0.4554062291
0.0112623250 0.9852166677 1.0000000000 1.0000000000 0.2500478774 0.7905652901 0.4568867573
0.0112764667 0.7585527350 1.0000000000 1.0000000000 0.2490812357 0.7900817514 0.4583681250
0.0112906083 0.1289989673 1.0000000000 1.0000000000 0.2481226687 0.7895892661 0.4598502996
0.0113047500 0.0069334596 1.0000000000 1.0000000000 0.2471721987 0.7890878375 0.4613332488
0.0113188917 0.0003290280 1.0000000000 1.0000000000 0.2462298479 0.7885774695 0.4628169401
0.0113330333 0.0000155158 1.0000000000 1.0000000000 0.2452956380 0.7880581661 0.4643013412
0.0113471750 0.0000007314 1.0000000000 1.0000000000 0.2443695904 0.7875299315 0.4657864195
0.0113613167 0.0000000345 1.0000000000 1.0000000000 0.2434517260 0.7869927706 0.4672721426
0.0113754583 0.0000000016 1.0000000000 1.0000000000 0.2425420653 0.7864466882 0.4687584782
0.0113896000 0.0000000001 1.0000000000 1.0000000000 0.2416406286 0.7858916898 0.4702453937
0.0114037417 0.0000000000 1.0000000000 1.0000000000 0.2407474357 0.7853277808 0.4717328567
0.0114178833 0.0000000000 1.0000000000 1.0000000000 0.2398625060 0.7847549673 0.4732208348
0.0114320250 0.0000000000 1.0000000000 1.0000000000 0.2389858585 0.7841732555 0.4747092955
0.0114461667 0.0000000000 1.0000000000 1.0000000000 0.2381175120 0.7835826520 0.4761982063
0.0114603083 0.0000000000 1.0000000000 1.0000000000 0.2372574846 0.7829831637 0.4776875349
0.0114744500 0.0000000000 1.0000000000 1.0000000000 0.2364057943 0.7823747979 0.4791772486
0.0114885917 0.0000000000 1.0000000000 1.0000000000 0.2355624587 0.7817575621 0.4806673151
0.0115027333 0.0000000000 1.0000000000 1.0000000000 0.2347274948 0.7811314642 0.4821577018
0.0115168750 0.0000000000 1.0000000000 1.0000000000 0.2339009195 0.7804965124 0.4836483763
0.0115310167 0.0000000000 1.0000000000 1.0000000000 0.2330827491 0.7798527153 0.4851393061
0.0115451583 0.0000000000 1.0000000000 1.0000000000 0.2322729996 0.7792000817 0.4866304587
0.0115593000 0.0000000000 1.0000000000 0.9999999999 0.2314716867 0.7785386209 0.4881218016
0.0115734417 0.0000000000 1.0000000000 0.9999999982 0.2306788257 0.7778683423 0.4896133022
0.0115875833 0.0000000000 1.0000000000 0.9999999619 0.2298944314 0.7771892559 0.4911049281
0.0116017250 0.0000000000 1.0000000000 0.9999991909 0.2291185184 0.7765013718 0.4925966467
0.0116158667 0.0000000000 1.0000000000 0.9999828381 0.2283511008 0.7758047007 0.4940884255
0.0116300083 0.0000000000 1.0000000000 0.9996360754 0.2275921923 0.7750992533 0.4955802320
0.0116441500 0.0000000000 1.0000000000 0.9923365497 0.2268418065 0.7743850408 0.4970720335
0.0116582917 0.0000000000 1.0000000000 0.8592409718 0.2260999562 0.7736620749 0.4985637975
0.0116724333 0.0000000000 1.0000000000 0.2234627291 0.2253666542 0.7729303675 0.5000554914
0.0116865750 0.0000000000 1.0000000000 0.0133842765 0.2246419128 0.7721899306 0.5015470826
0.0117007167 0.0000000000 1.0000000000 0.0006391066 0.2239257438 0.7714407770 0.5030385386
0.0117148583 0.0000000000 1.0000000000 0.0000301468 0.2232181589 0.7706829195 0.5045298265
0.0117290000 0.0000000000 1.0000000000 0.0000014212 0.2225191692 0.7699163713 0.5060209139
0.0117431417 0.0000000000 1.0000000000 0.0000000670 0.2218287856 0.7691411461 0.5075117680
0.0117572833 0.0000000000 1.0000000000 0.0000000032 0.2211470185 0.7683572578 0.5090023562
0.0117714250 0.0000000000 1.0000000000 0.0000000001 0.2204738780 0.7675647207 0.5104926458
0.0117855667 0.0000000000 1.0000000000 0.0000000000 0.2198093738 0.7667648133 0.5119826040
0.0117997083 0.0000000000 1.0000000000 0.0000000000 0.2191535154 0.7659578759 0.5134721981
0.0118138500 0.0000000000 1.0000000000 0.0000000000 0.2185063116 0.7651423351 0.5149613953
0.0118279917 0.0000000000 1.0000000000 0.0000000000 0.2178677713 0.7643182072 0.5164501629
0.0118421333 0.0000000000 1.0000000000 0.0000000000 0.2172379026 0.7634855087 0.5179384680
0.0118562750 0.0000000000 1.0000000000 0.0000000000 0.2166167135 0.7626442563 0.5194262779
0.0118704167 0.0000000000 1.0000000000 0.0000000000 0.2160042116 0.7617944671 0.5209135596
0.0118845583 0.0000000000 1.0000000000 0.0000000000 0.2154004040 0.7609361588 0.5224002803
0.0118987000 0.0000000000 1.0000000000 0.0000000000 0.2148052977 0.7600693492 0.5238865981
0.0119128417 0.0000000000 1.0000000000 0.0000000000 0.2142188992 0.7591940565 0.5253779960
0.0119269833 0.0000000000 1.0000000000 0.0000000000 0.2136412146 0.7583102992 0.5268687350
0.0119411250 0.0000000000 1.0000000000 0.0000000000 0.2130722497 0.7574180963 0.5283587833
0.0119552667 0.0000000000 0.9999999991 0.0000000000 0.2125120100 0.7565174670 0.5298481086
0.0119694083 0.0000000000 0.9999999804 0.0000000000 0.2119605006 0.7556084310 0.5313366790
0.0119835500 0.0000000000 0.9999995836 0.0000000000 0.2114177262 0.7546910083 0.5328244623
0.0119976917 0.0000000000 0.9999911673 0.0000000000 0.2108836913 0.7537652191 0.5343114264
0.0120118333 0.0000000000 0.9998126676 0.0000000000 0.2103583999 0.7528310842 0.5357975392
0.0120259750 0.0000000000 0.9960411649 0.0000000000 0.2098418557 0.7518886246 0.5372827685
0.0120401167 0.0000000000 0.9222443335 0.0000000000 0.2093340620 0.7509378616 0.5387670820
0.0120542583 0.0000000000 0.3586194333 0.0000000000 0.2088350221 0.7499788172 0.5402504475
0.0120684000 0.0000000000 0.0256816533 0.0000000000 0.2083447384 0.7490115133 0.5417328329
0.0120825417 0.0000000000 0.0012410431 0.0000000000 0.2078632133 0.7480359724 0.5432142058
0.0120966833 0.0000000000 0.0000585740 0.0000000000 0.2073904490 0.7470522173 0.5446945339
0.0121108250 0.0000000000 0.0000027615 0.0000000000 0.2069264470 0.7460602712 0.5461737849
0.0121249667 0.0000000008 0.0000001309 0.0000000008 0.2064712086 0.7450601578 0.5476519265
0.0121391083 0.0000000160 0.0000000221 0.0000000160 0.2060247349 0.7440519007 0.5491289263
0.0121532500 0.0000003388 0.0000003390 0.0000003388 0.2055870264 0.7430355244 0.5506047520
0.0121673917 0.0000071858 0.0000071858 0.0000071858 0.2051685586 0.7420110533 0.5520793710
0.0121815333 0.0001524075 0.0001524075 0.0001524075 0.2047611518 0.7409785126 0.5535527511
0.0121956750 0.0032230465 0.0032230465 0.0032230465 0.2043625140 0.7399379274 0.5550248597
0.0122098167 0.0641878993 0.0641878993 0.0641878993 0.2039726467 0.7388893235 0.5564956644
0.0122239583 0.5926665999 0.5926666000 0.5926666000 0.2035915508 0.7378327270 0.5579651328
0.0122381000 0.9686169101 0.9686169108 0.9686169108 0.2032192272 0.7367681642 0.5594332323
0.0122522417 0.9984749325 0.9984749472 0.9984749472 0.2028556761 0.7356956619 0.5608999305
0.0122663833 0.9999276921 0.9999280020 0.9999280020 0.2025008978 0.7346152473 0.5623651949
0.0122805250 0.9999900324 0.9999966057 0.9999966057 0.2021548920 0.7335269477 0.5638289928
0.0122946667 0.9998604225 0.9999998400 0.9999998400 0.2018176581 0.7324307911 0.5652912918
0.0123088083 0.9970508815 0.9999999925 0.9999999925 0.2014891953 0.7313268057 0.5667520594
0.0123229500 0.9409606993 0.9999999996 0.9999999996 0.2011695024 0.7302150200 0.5682112630
0.0123370917 0.4290074309 1.0000000000 1.0000000000 0.2008585778 0.7290954629 0.5696688700
0.0123512333 0.0342075705 1.0000000000 1.0000000000 0.2005564198 0.7279681637 0.5711248478
0.0123653750 0.0016669323 1.0000000000 1.0000000000 0.2002630262 0.7268331520 0.5725791639
0.0123795167 0.0000787068 1.0000000000 1.0000000000 0.1999783947 0.7256904579 0.5740317857
0.0123936583 0.0000037106 1.0000000000 1.0000000000 0.1997025223 0.7245401117 0.5754826807
0.0124078000 0.0000001749 1.0000000000 1.0000000000 0.1994354062 0.7233821441 0.5769318162
0.0124219417 0.0000000082 1.0000000000 1.0000000000 0.1991770430 0.7222165861 0.5783791597
0.0124360833 0.0000000004 1.0000000000 1.0000000000 0.1989274290 0.7210434693 0.5798246785
0.0124502250 0.0000000000 1.0000000000 1.0000000000 0.1986865602 0.7198628253 0.5812683401
0.0124643667 0.0000000000 1.0000000000 1.0000000000 0.1984544323 0.7186746864 0.5827101120
0.0124785083 0.0000000000 1.0000000000 1.0000000000 0.1982310410 0.7174790849 0.5841499615
0.0124926500 0.0000000000 1.0000000000 1.0000000000 0.1980163812 0.7162760538 0.5855878560
0.0125067917 0.0000000000 1.0000000000 1.0000000000 0.1978104478 0.7150656263 0.5870237630
0.0125209333 0.0000000000 1.0000000000 1.0000000000 0.1976132354 0.7138478358 0.5884576500
0.0125350750 0.0000000000 1.0000000000 1.0000000000 0.1974247383 0.7126227164 0.5898894844
0.0125492167 0.0000000000 1.0000000000 1.0000000000 0.1972449505 0.7113903023 0.5913192335
0.0125633583 0.0000000000 1.0000000000 1.0000000000 0.1970738656 0.7101506281 0.5927468650
0.0125775000 0.0000000000 1.0000000000 1.0000000000 0.1969114770 0.7089037288 0.5941723462
0.0125916417 0.0000000000 1.0000000000 1.0000000000 0.1967577780 0.7076496396 0.5955956446
0.0126057833 0.0000000000 1.0000000000 1.0000000000 0.1966127612 0.7063883963 0.5970167277
0.0126199250 0.0000000000 1.0000000000 1.0000000000 0.1964764193 0.7051200349 0.5984355631
0.0126340667 0.0000000000 1.0000000000 1.0000000000 0.1963487446 0.7038445917 0.5998521181
0.0126482083 0.0000000000 1.0000000000 1.0000000000 0.1962297291 0.7025621034 0.6012663604
0.0126623500 0.0000000000 1.0000000000 1.0000000000 0.1961193644 0.7012726071 0.6026782574
0.0126764917 0.0000000000 1.0000000000 1.0000000000 0.1960176420 0.6999761402 0.6040877768
0.0126906333 0.0000000000 1.0000000000 1.0000000000 0.1959245532 0.6986727405 0.6054948859
0.0127047750 0.0000000000 1.0000000000 1.0000000000 0.1958400888 0.6973624459 0.6068995525
0.0127189167 0.0000000000 1.0000000000 1.0000000000 0.1957642395 0.6960452951 0.6083017441
0.0127330583 0.0000000000 1.0000000000 1.0000000000 0.1956969956 0.6947213266 0.6097014282
0.0127472000 0.0000000000 1.0000000000 1.0000000000 0.1956383473 0.6933905796 0.6110985725
0.0127613417 0.0000000000 1.0000000000 1.0000000000 0.1955882844 0.6920530936 0.6124931445
0.0127754833 0.0000000000 1.0000000000 1.0000000000 0.1955467964 0.6907089084 0.6138851120
0.0127896250 0.0000000000 1.0000000000 1.0000000000 0.1955138727 0.6893580640 0.6152744425
0.0128037667 0.0000000000 1.0000000000 1.0000000000 0.1954895024 0.6880006009 0.6166611037
0.0128179083 0.0000000000 1.0000000000 1.0000000000 0.1954736742 0.6866365598 0.6180450632
0.0128320500 0.0000000000 1.0000000000 1.0000000000 0.1954663768 0.6852659820 0.6194262887
0.0128461917 0.0000000000 1.0000000000 1.0000000000 0.1954675983 0.6838889088 0.6208047479
0.0128603333 0.0000000000 1.0000000000 0.9999999994 0.1954773268 0.6825053819 0.6221804085
0.0128744750 0.0000000000 1.0000000000 0.9999999870 0.1954955502 0.6811154436 0.6235532381
0.0128886167 0.0000000000 1.0000000000 0.9999997247 0.1955222559 0.6797191362 0.6249232046
0.0129027583 0.0000000000 1.0000000000 0.9999941608 0.1955574312 0.6783165023 0.6262902755
0.0129169000 0.0000000000 1.0000000000 0.9998761503 0.1956010632 0.6769075852 0.6276544186
0.0129310417 0.0000000000 0.9999999999 0.9973793733 0.1956531388 0.6754924282 0.6290172128
0.0129451833 0.0000000000 0.9999999984 0.9472059342 0.1957136443 0.6740710749 0.6303791358
0.0129593250 0.0000000000 0.9999999665 0.4582270336 0.1957825663 0.6726435695 0.6317380350
0.0129734667 0.0000000000 0.9999992904 0.0383431324 0.1958598906 0.6712127493 0.6330938789
0.0129876083 0.0000000000 0.9999849480 0.0018761000 0.1959456032 0.6697778338 0.6344466359
0.0130017500 0.0000000000 0.9996808034 0.0000886007 0.1960396897 0.6683369013 0.6357962742
0.0130158917 0.0000000000 0.9932723849 0.0000041771 0.1961421354 0.6668899978 0.6371427623
0.0130300333 0.0000000000 0.8743723806 0.0000001969 0.1962529255 0.6654371694 0.6384860686
0.0130441750 0.0000000000 0.2470485676 0.0000000093 0.1963720449 0.6639784631 0.6398261614
0.0130583167 0.0000000000 0.0152318773 0.0000000004 0.1964994781 0.6625139255 0.6411630092
0.0130724583 0.0000000000 0.0007286299 0.0000000000 0.1966352097 0.6610436040 0.6424965803
0.0130866000 0.0000000000 0.0000343726 0.0000000000 0.1967792239 0.6595675462 0.6438268432
0.0131007417 0.0000000000 0.0000016204 0.0000000000 0.1969315046 0.6580857999 0.6451537661
0.0131148833 0.0000000000 0.0000000764 0.0000000000 0.1970920357 0.6565984131 0.6464773176
0.0131290250 0.0000000000 0.0000000036 0.0000000000 0.1972608005 0.6551054344 0.6477974661
0.0131431667 0.0000000000 0.0000000002 0.0000000000 0.1974377825 0.6536069124 0.6491141800
0.0131573083 0.0000000000 0.0000000000 0.0000000000 0.1976229648 0.6521028962 0.6504274276
0.0131714500 0.0000000000 0.0000000000 0.0000000000 0.1978163302 0.6505934350 0.6517371774
0.0131855917 0.0000000000 0.0000000000 0.0000000000 0.1980178613 0.6490785785 0.6530433979
0.0131997333 0.0000000000 0.0000000000 0.0000000000 0.1982275406 0.6475583765 0.6543460574
0.0132138750 0.0000000000 0.0000000000 0.0000000000 0.1984453503 0.6460328791 0.6556451244
0.0132280167 0.0000000001 0.0000000001 0.0000000001 0.1986712724 0.6445021368 0.6569405673
0.0132421583 0.0000000028 0.0000000028 0.0000000028 0.1989052888 0.6429662003 0.6582323546
0.0132563000 0.0000000594 0.0000000594 0.0000000594 0.1991473809 0.6414251206 0.6595204547
0.0132704417 0.0000012597 0.0000012597 0.0000012597 0.1993975302 0.6398789488 0.6608048359
0.0132845833 0.0000267219 0.0000267219 0.0000267219 0.1996631141 0.6383277367 0.6620854669
0.0132987250 0.0005665378 0.0005665378 0.0005665378 0.1999423592 0.6367715358 0.6633623159
0.0133128667 0.0118817355 0.0118817355 0.0118817355 0.2002296077 0.6352103983 0.6646353516
0.0133270083 0.2032344874 0.2032344874 0.2032344874 0.2005248422 0.6336443765 0.6659045423
0.0133411500 0.8440136284 0.8440136284 0.8440136284 0.2008280449 0.6320735231 0.6671698564
0.0133552917 0.9913627819 0.9913627820 0.9913627820 0.2011391984 0.6304978907 0.6684312626
0.0133694333 0.9995894483 0.9995894491 0.9995894491 0.2014582844 0.6289175325 0.6696887291
0.0133835750 0.9999806207 0.9999806384 0.9999806384 0.2017852849 0.6273325019 0.6709422246
0.0133977167 0.9999987105 0.9999990872 0.9999990872 0.2021201815 0.6257428525 0.6721917175
0.0134118583 0.9999919659 0.9999999570 0.9999999570 0.2024629557 0.6241486381 0.6734371763
0.0134260000 0.9998305126 0.9999999980 0.9999999980 0.2028135887 0.6225499128 0.6746785696
0.0134401417 0.9964170321 0.9999999999 0.9999999999 0.2031720615 0.6209467309 0.6759158657
0.0134542833 0.9291282210 1.0000000000 1.0000000000 0.2035383551 0.6193391471 0.6771490334
0.0134684250 0.3819627679 1.0000000000 1.0000000000 0.2039124500 0.6177272161 0.6783780410
0.0134825667 0.0283098944 1.0000000000 1.0000000000 0.2042943268 0.6161109930 0.6796028572
0.0134967083 0.0013715716 1.0000000000 1.0000000000 0.2046839658 0.6144905331 0.6808234505
0.0135108500 0.0000647427 1.0000000000 1.0000000000 0.2050813471 0.6128658918 0.6820397895
0.0135249917 0.0000030523 1.0000000000 1.0000000000 0.2054864505 0.6112371250 0.6832518428
0.0135391333 0.0000001439 1.0000000000 1.0000000000 0.2058992560 0.6096042886 0.6844595790
0.0135532750 0.0000000068 1.0000000000 1.0000000000 0.2063197429 0.6079674388 0.6856629667
0.0135674167 0.0000000003 1.0000000000 1.0000000000 0.2067478908 0.6063266320 0.6868619746
0.0135815583 0.0000000000 1.0000000000 1.0000000000 0.2071836787 0.6046819247 0.6880565714
0.0135957000 0.0000000000 1.0000000000 1.0000000000 0.2076270858 0.6030333740 0.6892467258
0.0136098417 0.0000000000 1.0000000000 1.0000000000 0.2080780910 0.6013810367 0.6904324063
0.0136239833 0.0000000000 1.0000000000 1.0000000000 0.2085366727 0.5997249701 0.6916135819
0.0136381250 0.0000000000 1.0000000000 1.0000000000 0.2090028097 0.5980652317 0.6927902212
0.0136522667 0.0000000000 1.0000000000 1.0000000000 0.2094764802 0.5964018792 0.6939622931
0.0136664083 0.0000000000 1.0000000000 1.0000000000 0.2099576624 0.5947349703 0.6951297663
0.0136805500 0.0000000000 1.0000000000 1.0000000000 0.2104463343 0.5930645632 0.6962926097
0.0136946917 0.0000000000 1.0000000000 1.0000000000 0.2109424738 0.5913907160 0.6974507921
0.0137088333 0.0000000000 1.0000000000 1.0000000000 0.2114460584 0.5897134873 0.6986042824
0.0137229750 0.0000000000 1.0000000000 1.0000000000 0.2119570657 0.5880329354 0.6997530497
0.0137371167 0.0000000000 1.0000000000 1.0000000000 0.2124754731 0.5863491194 0.7008970628
0.0137512583 0.0000000000 1.0000000000 1.0000000000 0.2130012576 0.5846620981 0.7020362907
0.0137654000 0.0000000000 1.0000000000 1.0000000000 0.2135343965 0.5829719306 0.7031707025
0.0137795417 0.0000000000 1.0000000000 1.0000000000 0.2140748664 0.5812786763 0.7043002672
0.0137936833 0.0000000000 1.0000000000 1.0000000000 0.2146226442 0.5795823946 0.7054249539
0.0138078250 0.0000000000 1.0000000000 1.0000000000 0.2151777063 0.5778831452 0.7065447318
0.0138219667 0.0000000000 1.0000000000 1.0000000000 0.2157400292 0.5761809879 0.7076595700
0.0138361083 0.0000000000 1.0000000000 1.0000000000 0.2163095891 0.5744759825 0.7087694378
0.0138502500 0.0000000000 1.0000000000 1.0000000000 0.2168863622 0.5727681893 0.7098743044
0.0138643917 0.0000000000 1.0000000000 1.0000000000 0.2174703243 0.5710576684 0.7109741392
0.0138785333 0.0000000000 0.9999999998 1.0000000000 0.2180614512 0.5693444803 0.7120689114
0.0138926750 0.0000000000 0.9999999951 1.0000000000 0.2186597187 0.5676286855 0.7131585904
0.0139068167 0.0000000000 0.9999998969 1.0000000000 0.2192651022 0.5659103446 0.7142431457
0.0139209583 0.0000000000 0.9999978120 1.0000000000 0.2198775771 0.5641895185 0.7153225468
0.0139351000 0.0000000000 0.9999535888 1.0000000000 0.2204971187 0.5624662681 0.7163967632
0.0139492417 0.0000000000 0.9990164149 1.0000000000 0.2211237019 0.5607406545 0.7174657644
0.0139633833 0.0000000000 0.9795422246 1.0000000000 0.2217573018 0.5590127389 0.7185295200
0.0139775250 0.0000000000 0.6929872490 1.0000000000 0.2223978931 0.5572825825 0.7195885051
0.0139916667 0.0000000000 0.0961740114 1.0000000000 0.2230454505 0.5555502468 0.7206438385
0.0140058083 0.0000000000 0.0049911878 1.0000000000 0.2236999487 0.5538157934 0.7216938359
0.0140199500 0.0000000000 0.0002364168 1.0000000000 0.2243613619 0.5520792838 0.7227384675
0.0140340917 0.0000000000 0.0000111476 1.0000000000 0.2250296644 0.5503407798 0.7237777035
0.0140482333 0.0000000000 0.0000005255 1.0000000000 0.2257048305 0.5486003433 0.7248115142
0.0140623750 0.0000000000 0.0000000248 1.0000000000 0.2263868340 0.5468580362 0.7258398698
0.0140765167 0.0000000000 0.0000000012 1.0000000000 0.2270756489 0.5451139206 0.7268627408
0.0140906583 0.0000000000 0.0000000001 1.0000000000 0.2277712490 0.5433680584 0.7278800975
0.0141048000 0.0000000000 0.0000000000 1.0000000000 0.2284736079 0.5416205121 0.7288919105
0.0141189417 0.0000000000 0.0000000000 0.9999999996 0.2291826991 0.5398713438 0.7298981502
0.0141330833 0.0000000000 0.0000000000 0.9999999916 0.2298984960 0.5381206159 0.7308987872
0.0141472250 0.0000000000 0.0000000000 0.9999998220 0.2306209719 0.5363683908 0.7318937923
0.0141613667 0.0000000000 0.0000000000 0.9999962235 0.2313500998 0.5346147311 0.7328831359
0.0141755083 0.0000000000 0.0000000000 0.9999198959 0.2320858530 0.5328641364 0.7338667891
0.0141896500 0.0000000000 0.0000000000 0.9983035224 0.2328282042 0.5311148927 0.7348447224
0.0142037917 0.0000000000 0.0000000000 0.9652062235 0.2335771263 0.5293644041 0.7358169068
0.0142179333 0.0000000000 0.0000000000 0.5666763070 0.2343325919 0.5276127344 0.7367833132
0.0142320750 0.0000000000 0.0000000000 0.0580691811 0.2350945736 0.5258599477 0.7377439126
0.0142462167 0.0000000000 0.0000000000 0.0028978136 0.2358630440 0.5241061078 0.7386986761
0.0142603583 0.0000000000 0.0000000000 0.0001369857 0.2366379753 0.5223512788 0.7396475746
0.0142745000 0.0000000000 0.0000000000 0.0000064586 0.2374193397 0.5205955248 0.7405905794
0.0142886417 0.0000000000 0.0000000000 0.0000003045 0.2382071095 0.5188389098 0.7415276617
0.0143027833 0.0000000000 0.0000000000 0.0000000144 0.2390012566 0.5170814981 0.7424587928
0.0143169250 0.0000000000 0.0000000000 0.0000000007 0.2398017529 0.5153233536 0.7433839440
0.0143310667 0.0000000000 0.0000000000 0.0000000001 0.2406085702 0.5135645406 0.7443030866
0.0143452083 0.0000000005 0.0000000005 0.0000000005 0.2414216803 0.5118051234 0.7452161922
0.0143593500 0.0000000104 0.0000000104 0.0000000104 0.2422412567 0.5100451660 0.7461232323
0.0143734917 0.0000002208 0.0000002208 0.0000002208 0.2430791131 0.5082847328 0.7470241784
0.0143876333 0.0000046847 0.0000046847 0.0000046847 0.2439231786 0.5065238879 0.7479190023
0.0144017750 0.0000993661 0.0000993661 0.0000993661 0.2447734266 0.5047626956 0.7488076755
0.0144159167 0.0021035985 0.0021035985 0.0021035985 0.2456298303 0.5030012202 0.7496901700
0.0144300583 0.0428030421 0.0428030421 0.0428030421 0.2464923626 0.5012395258 0.7505664574
0.0144442000 0.4868030658 0.4868030658 0.4868030658 0.2473609966 0.4994776766 0.7514365098
0.0144583417 0.9526553786 0.9526553786 0.9526553786 0.2482357051 0.4977157370 0.7523002991
0.0144724833 0.9976626561 0.9976626561 0.9976626561 0.2491164608 0.4959537710 0.7531577974
0.0144866250 0.9998895680 0.9998895680 0.9998895680 0.2500032364 0.4941918430 0.7540089767
0.0145007667 0.9999947935 0.9999947935 0.9999947935 0.2508960046 0.4924300169 0.7548538092
0.0145149083 0.9999997546 0.9999997546 0.9999997546 0.2517947376 0.4906683571 0.7556922672
0.0145290500 0.9999999884 0.9999999884 0.9999999884 0.2526994080 0.4889069275 0.7565243230
0.0145431917 0.9999999995 0.9999999995 0.9999999995 0.2536099880 0.4871457922 0.7573499490
0.0145573333 0.9999999999 1.0000000000 1.0000000000 0.2545264498 0.4853850153 0.7581691176
0.0145714750 0.9999999994 1.0000000000 1.0000000000 0.2554487655 0.4836246609 0.7589818014
0.0145856167 0.9999999871 1.0000000000 1.0000000000 0.2563769070 0.4818647927 0.7597879730
0.0145997583 0.9999997260 1.0000000000 1.0000000000 0.2573108464 0.4801054747 0.7605876050
0.0146139000 0.9999941887 1.0000000000 1.0000000000 0.2582505554 0.4783467709 0.7613806702
0.0146280417 0.9998767407 1.0000000000 1.0000000000 0.2591960058 0.4765887449 0.7621671415
0.0146421833 0.9973918349 1.0000000000 1.0000000000 0.2601471692 0.4748314605 0.7629469917
0.0146563250 0.9474444078 1.0000000000 1.0000000000 0.2611040172 0.4730749813 0.7637201938
0.0146704667 0.4594136836 1.0000000000 1.0000000000 0.2620665211 0.4713193711 0.7644867210
0.0146846083 0.0385197382 1.0000000000 1.0000000000 0.2630346525 0.4695646932 0.7652465463
0.0146987500 0.0018850704 1.0000000000 1.0000000000 0.2640083826 0.4678110112 0.7659996430
0.0147128917 0.0000890251 1.0000000000 1.0000000000 0.2649876826 0.4660583885 0.7667459845
0.0147270333 0.0000041971 1.0000000000 1.0000000000 0.2659725236 0.4643068882 0.7674855440
0.0147411750 0.0000001979 1.0000000000 1.0000000000 0.2669628766 0.4625565737 0.7682182952
0.0147553167 0.0000000093 1.0000000000 1.0000000000 0.2679587126 0.4608075081 0.7689442115
0.0147694583 0.0000000004 1.0000000000 1.0000000000 0.2689600025 0.4590597543 0.7696632666
0.0147836000 0.0000000000 1.0000000000 1.0000000000 0.2699667170 0.4573133753 0.7703754344
0.0147977417 0.0000000000 1.0000000000 1.0000000000 0.2709788269 0.4555684340 0.7710806886
0.0148118833 0.0000000000 0.9999999989 1.0000000000 0.2719963026 0.4538249930 0.7717790032
0.0148260250 0.0000000000 0.9999999777 1.0000000000 0.2730191148 0.4520831150 0.7724703521
0.0148401667 0.0000000000 0.9999995271 1.0000000000 0.2740472339 0.4503428623 0.7731547096
0.0148543083 0.0000000000 0.9999899696 1.0000000000 0.2750806302 0.4486042976 0.7738320499
0.0148684500 0.0000000000 0.9997872708 1.0000000000 0.2761192741 0.4468674829 0.7745023473
0.0148825917 0.0000000000 0.9955067592 1.0000000000 0.2771631357 0.4451324804 0.7751655761
0.0148967333 0.0000000000 0.9126219554 1.0000000000 0.2782121852 0.4433993521 0.7758217110
0.0149108750 0.0000000000 0.3299254360 1.0000000000 0.2792663925 0.4416681599 0.7764707266
0.0149250167 0.0000000000 0.0226846183 1.0000000000 0.2803257277 0.4399389655 0.7771125975
0.0149391583 0.0000000000 0.0010930144 1.0000000000 0.2813901606 0.4382118305 0.7777472986
0.0149533000 0.0000000000 0.0000515801 1.0000000000 0.2824596611 0.4364868164 0.7783748049
0.0149674417 0.0000000000 0.0000024317 1.0000000000 0.2835341988 0.4347639844 0.7789950914
0.0149815833 0.0000000000 0.0000001146 1.0000000000 0.2846137434 0.4330433957 0.7796081333
0.0149957250 0.0000000000 0.0000000054 1.0000000000 0.2856982645 0.4313251114 0.7802139058
0.0150098667 0.0000000000 0.0000000003 1.0000000000 0.2867877316 0.4296091922 0.7808123844
0.0150240083 0.0000000000 0.0000000000 1.0000000000 0.2878821141 0.4278956988 0.7814035445
0.0150381500 0.0000000000 0.0000000000 1.0000000000 0.2889813813 0.4261846917 0.7819873617
0.0150522917 0.0000000000 0.0000000000 1.0000000000 0.2900855026 0.4244762313 0.7825638118
0.0150664333 0.0000000000 0.0000000000 1.0000000000 0.2911944471 0.4227703777 0.7831338517
0.0150805750 0.0000000000 0.0000000000 1.0000000000 0.2923081841 0.4210671909 0.7836969315
0.0150947167 0.0000000000 0.0000000000 1.0000000000 0.2934266825 0.4193667307 0.7842525725
0.0151088583 0.0000000000 0.0000000000 1.0000000000 0.2945499113 0.4176690567 0.7848007512
0.0151230000 0.0000000000 0.0000000000 1.0000000000 0.2956778396 0.4159742285 0.7853414440
0.0151371417 0.0000000000 0.0000000000 1.0000000000 0.2968104361 0.4142823051 0.7858746277
0.0151512833 0.0000000000 0.0000000000 1.0000000000 0.2979476696 0.4125933456 0.7864002792
0.0151654250 0.0000000000 0.0000000000 1.0000000000 0.2990895090 0.4109074090 0.7869183753
0.0151795667 0.0000000000 0.0000000000 1.0000000000 0.3002359229 0.4092245538 0.7874288932
0.0151937083 0.0000000000 0.0000000000 1.0000000000 0.3013868798 0.4075448384 0.7879318100
0.0152078500 0.0000000000 0.0000000000 1.0000000000 0.3025423483 0.4058683212 0.7884271032
0.0152219917 0.0000000000 0.0000000000 1.0000000000 0.3037022970 0.4041950601 0.7889147502
0.0152361333 0.0000000000 0.0000000000 1.0000000000 0.3048666942 0.4025251129 0.7893947286
0.0152502750 0.0000000000 0.0000000000 1.0000000000 0.3060355083 0.4008585371 0.7898670162
0.0152644167 0.0000000000 0.0000000000 1.0000000000 0.3072087077 0.3991953903 0.7903315909
0.0152785583 0.0000000000 0.0000000000 1.0000000000 0.3083862605 0.3975357294 0.7907884307
0.0152927000 0.0000000000 0.0000000000 1.0000000000 0.3095681350 0.3958796114 0.7912375138
0.0153068417 0.0000000000 0.0000000000 1.0000000000 0.3107542994 0.3942270929 0.7916788185
0.0153209833 0.0000000000 0.0000000000 0.9999999997 0.3119447217 0.3925782304 0.7921123233
0.0153351250 0.0000000000 0.0000000000 0.9999999939 0.3131393699 0.3909330801 0.7925380069
0.0153492667 0.0000000000 0.0000000000 0.9999998705 0.3143382121 0.3892916979 0.7929558479
0.0153634083 0.0000000000 0.0000000000 0.9999972536 0.3155412163 0.3876541396 0.7933658253
0.0153775500 0.0000000000 0.0000000000 0.9999417452 0.3167483502 0.3860267524 0.7937679181
0.0153916917 0.0000000000 0.0000000000 0.9987657115 0.3179595818 0.3844064883 0.7941621056
0.0154058333 0.0000000000 0.0000000000 0.9744547219 0.3191748788 0.3827902163 0.7945483671
0.0154199750 0.0000000000 0.0000000000 0.6426364517 0.3204028543 0.3811779924 0.7949266822
0.0154341167 0.0000000000 0.0000000000 0.0781484171 0.3216367461 0.3795698727 0.7952970304
0.0154482583 0.0000000001 0.0000000001 0.0039804405 0.3228746096 0.3779659128 0.7956593918
0.0154624000 0.0000000018 0.0000000018 0.0001883605 0.3241164140 0.3763661683 0.7960137461
0.0154765417 0.0000000387 0.0000000387 0.0000089198 0.3253621287 0.3747706941 0.7963600737
0.0154906833 0.0000008213 0.0000008213 0.0000012400 0.3266117229 0.3731795454 0.7966983547
0.0155048250 0.0000174213 0.0000174213 0.0000174410 0.3278651657 0.3715927766 0.7970285697
0.0155189667 0.0003694225 0.0003694225 0.0003694235 0.3291224264 0.3700104421 0.7973506993
0.0155331083 0.0077783676 0.0077783676 0.0077783677 0.3303834741 0.3684325960 0.7976647244
0.0155472500 0.1425830116 0.1425830116 0.1425830116 0.3316482777 0.3668592921 0.7979706258
0.0155613917 0.7791293771 0.7791293771 0.7791293771 0.3329168065 0.3652905839 0.7982683847
0.0155755333 0.9868123615 0.9868123615 0.9868123615 0.3341890294 0.3637265245 0.7985579825
0.0155896750 0.9993704025 0.9993704025 0.9993704025 0.3354649153 0.3621671670 0.7988394006
0.0156038167 0.9999703020 0.9999703020 0.9999703020 0.3367444332 0.3606125639 0.7991126206
0.0156179583 0.9999985999 0.9999985999 0.9999985999 0.3380275520 0.3590627677 0.7993776244
0.0156321000 0.9999999340 0.9999999340 0.9999999340 0.3393142406 0.3575178303 0.7996343939
0.0156462417 0.9999999969 0.9999999969 0.9999999969 0.3406044678 0.3559778036 0.7998829114
0.0156603833 0.9999999999 0.9999999999 0.9999999999 0.3418982024 0.3544427390 0.8001231592
0.0156745250 1.0000000000 1.0000000000 1.0000000000 0.3431954133 0.3529126876 0.8003551198
0.0156886667 1.0000000000 1.0000000000 1.0000000000 0.3444960690 0.3513877003 0.8005787760
0.0157028083 1.0000000000 1.0000000000 1.0000000000 0.3458001384 0.3498678277 0.8007941106
0.0157169500 1.0000000000 1.0000000000 1.0000000000 0.3471075900 0.3483531199 0.8010011066
0.0157310917 1.0000000000 1.0000000000 1.0000000000 0.3484183927 0.3468436270 0.8011997475
0.0157452333 1.0000000000 0.9999999998 1.0000000000 0.3497325149 0.3453393985 0.8013900165
0.0157593750 1.0000000000 0.9999999968 1.0000000000 0.3510499252 0.3438404838 0.8015718974
0.0157735167 1.0000000000 0.9999999313 1.0000000000 0.3523705922 0.3423469318 0.8017453740
0.0157876583 1.0000000000 0.9999985420 1.0000000000 0.3536944844 0.3408587912 0.8019104302
0.0158018000 1.0000000000 0.9999690719 1.0000000000 0.3550215704 0.3393761103 0.8020670504
0.0158159417 1.0000000000 0.9993443423 1.0000000000 0.3563518184 0.3378989372 0.8022152188
0.0158300833 0.9999999996 0.9862736401 1.0000000000 0.3576851971 0.3364273196 0.8023549201
0.0158442250 0.9999999916 0.7720663264 1.0000000000 0.3590216747 0.3349613048 0.8024861391
0.0158583667 0.9999998228 0.1376930672 1.0000000000 0.3603612195 0.3335009399 0.8026088608
0.0158725083 0.9999962415 0.0074713200 1.0000000000 0.3617038001 0.3320462716 0.8027230703
0.0158866500 0.9999202778 0.0003547352 1.0000000000 0.3630493845 0.3305973463 0.8028287531
0.0159007917 0.9983115969 0.0000167284 1.0000000000 0.3643979411 0.3291542101 0.8029258947
0.0159149333 0.9653663617 0.0000007886 1.0000000000 0.3657494381 0.3277169086 0.8030144810
0.0159290750 0.5678494394 0.0000000372 1.0000000000 0.3671038437 0.3262854872 0.8030944979
0.0159432167 0.0583311325 0.0000000018 1.0000000000 0.3684611260 0.3248599910 0.8031659317
0.0159573583 0.0029116550 0.0000000001 1.0000000000 0.3698212531 0.3234404647 0.8032287688
0.0159715000 0.0001376419 0.0000000000 1.0000000000 0.3711841931 0.3220269526 0.8032829959
0.0159856417 0.0000064895 0.0000000000 1.0000000000 0.3725499142 0.3206194987 0.8033285997
0.0159997833 0.0000003059 0.0000000000 1.0000000000 0.3739183841 0.3192181467 0.8033655673
0.0160139250 0.0000000144 0.0000000000 1.0000000000 0.3752895710 0.3178229398 0.8033938861
0.0160280667 0.0000000007 0.0000000000 1.0000000000 0.3766634428 0.3164339212 0.8034135435
0.0160422083 0.0000000000 0.0000000000 1.0000000000 0.3780399673 0.3150511333 0.8034245271
0.0160563500 0.0000000000 0.0000000000 1.0000000000 0.3794191125 0.3136746184 0.8034268251
0.0160704917 0.0000000000 0.0000000000 1.0000000000 0.3808008460 0.3123044184 0.8034204254
0.0160846333 0.0000000000 0.0000000000 1.0000000000 0.3821851358 0.3109405749 0.8034053166
0.0160987750 0.0000000000 0.0000000000 1.0000000000 0.3835719495 0.3095831291 0.8033814871
0.0161129167 0.0000000000 0.0000000000 1.0000000000 0.3849612548 0.3082321218 0.8033489259
0.0161270583 0.0000000000 0.0000000000 1.0000000000 0.3863530194 0.3068875934 0.8033076220
0.0161412000 0.0000000000 0.0000000000 1.0000000000 0.3877472109 0.3055495841 0.8032575646
0.0161553417 0.0000000000 0.0000000000 1.0000000000 0.3891437970 0.3042181336 0.8031987434
0.0161694833 0.0000000000 0.0000000000 1.0000000000 0.3905427450 0.3028932813 0.8031311480
0.0161836250 0.0000000000 0.0000000000 1.0000000000 0.3919440225 0.3015750662 0.8030554913
0.0161977667 0.0000000000 0.0000000000 1.0000000000 0.3933475970 0.3002635270 0.8029719988
0.0162119083 0.0000000000 0.0000000000 1.0000000000 0.3947534359 0.2989587019 0.8028797032
0.0162260500 0.0000000000 0.0000000000 1.0000000000 0.3961615066 0.2976606288 0.8027785955
0.0162401917 0.0000000000 0.0000000000 1.0000000000 0.3975717763 0.2963693452 0.8026686670
0.0162543333 0.0000000000 0.0000000000 1.0000000000 0.3989842124 0.2950848884 0.8025499091
0.0162684750 0.0000000000 0.0000000000 1.0000000000 0.4003987821 0.2938072952 0.8024223135
0.0162826167 0.0000000000 0.0000000000 1.0000000000 0.4018154527 0.2925366018 0.8022858721
0.0162967583 0.0000000000 0.0000000000 1.0000000000 0.4032341912 0.2912728444 0.8021405773
0.0163109000 0.0000000000 0.0000000000 1.0000000000 0.4046549649 0.2900160587 0.8019864214
0.0163250417 0.0000000000 0.0000000000 1.0000000000 0.4060777409 0.2887662798 0.8018233972
0.0163391833 0.0000000000 0.0000000000 1.0000000000 0.4075024861 0.2875235428 0.8016514975
0.0163533250 0.0000000000 0.0000000000 1.0000000000 0.4089291676 0.2862878821 0.8014707157
0.0163674667 0.0000000000 0.0000000000 1.0000000000 0.4103577523 0.2850593319 0.8012810452
0.0163816083 0.0000000000 0.0000000000 1.0000000000 0.4117882073 0.2838379260 0.8010824798
0.0163957500 0.0000000000 0.0000000000 1.0000000000 0.4132204994 0.2826236977 0.8008750134
0.0164098917 0.0000000000 0.0000000000 1.0000000000 0.4146545955 0.2814166800 0.8006586403
0.0164240333 0.0000000000 0.0000000000 1.0000000000 0.4160904624 0.2802169056 0.8004333550
0.0164381750 0.0000000000 0.0000000000 1.0000000000 0.4175298784 0.2790244067 0.8001991523
0.0164523167 0.0000000000 0.0000000000 0.9999999997 0.4189774955 0.2778392151 0.7999560272
0.0164664583 0.0000000000 0.0000000000 0.9999999926 0.4204267854 0.2766613622 0.7997039751
0.0164806000 0.0000000000 0.0000000000 0.9999998426 0.4218777160 0.2754908793 0.7994429916
0.0164947417 0.0000000000 0.0000000000 0.9999966612 0.4233302554 0.2743277969 0.7991730725
0.0165088833 0.0000000000 0.0000000000 0.9999291803 0.4247843715 0.2731721453 0.7988942140
0.0165230250 0.0000000000 0.0000000000 0.9984998696 0.4262400324 0.2720239545 0.7986064124
0.0165371667 0.0000000000 0.0000000000 0.9691146798 0.4276972058 0.2708832540 0.7983096646
0.0165513083 0.0000000000 0.0000000000 0.5966442121 0.4291558597 0.2697500729 0.7980039673
0.0165654500 0.0000000003 0.0000000003 0.0651862936 0.4306159620 0.2686337223 0.7976893179
0.0165795917 0.0000000068 0.0000000068 0.0032765054 0.4320774805 0.2675271640 0.7973657140
0.0165937333 0.0000001440 0.0000001440 0.0001550870 0.4335403830 0.2664282136 0.7970331532
0.0166078750 0.0000030542 0.0000030542 0.0000103595 0.4350046373 0.2653369005 0.7966916338
0.0166220167 0.0000647832 0.0000647832 0.0000651276 0.4364702113 0.2642532536 0.7963411540
0.0166361583 0.0013724287 0.0013724287 0.0013724449 0.4379370726 0.2631773017 0.7959817126
0.0166503000 0.0283271078 0.0283271078 0.0283271085 0.4394051890 0.2621090729 0.7956133085
0.0166644417 0.3821104540 0.3821104540 0.3821104540 0.4408745282 0.2610485952 0.7952359410
0.0166785833 0.9291694028 0.9291694028 0.9291694028 0.4423450579 0.2599958961 0.7948496096
0.0166927250 0.9964192649 0.9964192649 0.9964192649 0.4438167459 0.2589510026 0.7944543141
0.0167068667 0.9998306206 0.9998306206 0.9998306206 0.4452895598 0.2579139414 0.7940500546
0.0167210083 0.9999920139 0.9999920139 0.9999920139 0.4467634672 0.2568847388 0.7936368317
0.0167351500 0.9999996235 0.9999996233 0.9999996235 0.4482384358 0.2558634208 0.7932146460
0.0167492917 0.9999999823 0.9999999767 0.9999999823 0.4497144334 0.2548500128 0.7927834984
0.0167634333 0.9999999992 0.9999998820 0.9999999992 0.4511914274 0.2538445402 0.7923433905
0.0167775750 1.0000000000 0.9999975153 1.0000000000 0.4526693855 0.2528470274 0.7918943237
0.0167917167 1.0000000000 0.9999472957 1.0000000000 0.4541482753 0.2518574991 0.7914363000
0.0168058583 1.0000000000 0.9988831898 1.0000000000 0.4556280645 0.2508759791 0.7909693216
0.0168200000 1.0000000000 0.9768324203 1.0000000000 0.4571087207 0.2499024910 0.7904933912
