t sa_top sb_top sc_top sa_bottom sb_bottom sc_bottom
0 0 0 7.7546314925e-08 0.499999564372 0.15358963635 0.846409959378
4.16666666667e-06 0 0 1.02423422188e-07 0.500627882766 0.153275905017 0.84609537255
8.33333333333e-06 0 0 1.98233202742e-07 0.501256199853 0.152963029301 0.845779931878
1.25e-05 0 0 4.28074146575e-07 0.501884514083 0.152651009974 0.845463638141
1.66666666667e-05 0 0 9.45720679491e-07 0.502512823905 0.152339847804 0.845146492119
2.08333333333e-05 0 0 2.09836738074e-06 0.503141127768 0.15202954356 0.844828494595
2.5e-05 0 0 4.65931213062e-06 0.503769424121 0.151720098004 0.844509646354
2.91666666667e-05 0 0 1.03463788562e-05 0.504397711414 0.151411511901 0.844189948184
3.33333333333e-05 0 0 2.29733286786e-05 0.505025988095 0.151103786011 0.843869400873
3.75e-05 0 0 5.1005180877e-05 0.505654252612 0.15079692109 0.843548005212
4.16666666667e-05 0 0 0.0001132268346 0.506282503416 0.150490917897 0.843225761995
4.58333333333e-05 0 0 0.000251310541951 0.506910738953 0.150185777184 0.842902672017
5e-05 0 0 0.000557645398357 0.507538957673 0.149881499704 0.842578736074
5.41666666667e-05 0 0 0.00123680896497 0.508167158023 0.149578086205 0.842253954967
5.83333333333e-05 0 0 0.00274060978906 0.508795338453 0.149275537436 0.841928329496
6.25e-05 0 0 0.00606117728765 0.50942349741 0.14897385414 0.841601860465
6.66666666667e-05 0 0 0.0133499022653 0.510051633343 0.148673037062 0.841274548679
7.08333333333e-05 0 0 0.0291438397388 0.510679744698 0.148373086942 0.840946394945
7.5e-05 0 0 0.0624352037552 0.511307829926 0.148074004518 0.840617400072
7.91666666667e-05 0 0 0.128703412176 0.511935887472 0.147775790527 0.840287564872
8.33333333333e-05 5.55111512313e-17 0 0.246776242767 0.512563915786 0.147478445704 0.839956890157
8.75e-05 1.11022302463e-16 0 0.420826362086 0.513191913315 0.147181970779 0.839625376745
9.16666666667e-05 3.33066907388e-16 0 0.617044692499 0.513819878506 0.146886366484 0.839293025451
9.58333333333e-05 7.77156117238e-16 0 0.781313166515 0.514447809808 0.146591633545 0.838959837094
0.0001 1.94289029309e-15 0 0.887908636314 0.515075705667 0.146297772689 0.838625812498
0.000104166666667 4.77395900589e-15 0 0.946123614419 0.515703564533 0.146004784638 0.838290952483
0.000108333333333 1.1768364061e-14 0 0.97495493922 0.516331384851 0.145712670113 0.837955257877
0.0001125 2.90323320939e-14 0 0.988543276098 0.516959165071 0.145421429834 0.837618729506
0.000116666666667 7.15538739371e-14 0 0.994798038976 0.517586903639 0.145131064516 0.8372813682
0.000120833333333 1.76580972067e-13 0 0.997645947268 0.518214599003 0.144841574876 0.836943174789
0.000125 4.35651514863e-13 0 0.998936285151 0.51884224961 0.144552961624 0.836604150108
0.000129166666667 1.07480691014e-12 0 0.999519640336 0.519469853908 0.144265225471 0.836264294991
0.000133333333333 2.65171218317e-12 0 0.999783125343 0.520097410345 0.143978367126 0.835923610275
0.0001375 6.54215570606e-12 0 0.999902089723 0.520724917369 0.143692387292 0.835582096801
0.000141666666667 1.61403113097e-11 0 0.999955796225 0.521352373426 0.143407286675 0.835239755409
0.000145833333333 3.98197586016e-11 0 0.999980041975 0.521979776965 0.143123065976 0.834896586942
0.00015 9.82387504678e-11 0 0.999990988235 0.522607126433 0.142839725893 0.834552592246
0.000154166666667 2.42361963831e-10 0 0.999995930516 0.523234420278 0.142557267124 0.834207772168
0.000158333333333 5.97920435386e-10 0 0.999998162161 0.523861656948 0.142275690363 0.833862127557
0.0001625 1.47509326975e-09 0 0.99999916993 0.52448883489 0.141994996303 0.833515659263
0.000166666666667 3.63908897461e-09 0 0.99999962506 0.525115952553 0.141715185634 0.833168368141
0.000170833333333 8.97765434216e-09 0 0.999999830625 0.525743008384 0.141436259045 0.832820255046
0.000175 2.2147770451e-08 0 0.99999992348 0.526370000831 0.141158217221 0.832471320833
0.000179166666667 5.46379003152e-08 0 0.999999965427 0.526996928343 0.140881060846 0.832121566363
0.000183333333333 1.34789093886e-07 0 0.999999984378 0.527623789368 0.140604790602 0.831770992496
0.0001875 3.32515708079e-07 0 0.99999999294 0.528250582353 0.140329407167 0.831419600096
0.000191666666667 8.20287491432e-07 0 0.999999996809 0.528877305748 0.14005491122 0.831067390027
0.000195833333333 2.02356082352e-06 0 0.999999998558 0.529503958001 0.139781303435 0.830714363156
0.0002 4.99185724551e-06 0 0.999999999348 0.53013053756 0.139508584485 0.830360520352
0.000204166666667 1.23140970786e-05 0 0.999999999705 0.530757042875 0.139236755041 0.830005862486
0.000208333333333 3.03762852513e-05 0 0.999999999867 0.531383472393 0.13896581577 0.82965039043
0.0002125 7.49292713801e-05 0 0.99999999994 0.532009824565 0.138695767339 0.82929410506
0.000216666666667 0.000184814553191 0 0.999999999973 0.532636097838 0.138426610412 0.828937007252
0.000220833333333 0.000455771279008 0 0.999999999988 0.533262290664 0.138158345651 0.828579097885
0.000225 0.00112352118175 0 0.999999999994 0.53388840149 0.137890973714 0.828220377839
0.000229166666667 0.00276685682619 0 0.999999999997 0.534514428767 0.137624495261 0.827860847997
0.000233333333333 0.00679742174492 0 0.999999999999 0.535140370944 0.137358910945 0.827500509244
0.0002375 0.016601530127 0 0.999999999999 0.535766226471 0.137094221419 0.827139362466
0.000241666666667 0.039976821519 0 1 0.536391993798 0.136830427335 0.826777408552
0.000245833333333 0.0931466468894 0 1 0.537017671377 0.136567529341 0.826414648391
0.00025 0.202141413506 0 1 0.537643257656 0.136305528083 0.826051082877
0.000254166666667 0.384584913632 0 1 0.538268751088 0.136044424205 0.825686712903
0.000258333333333 0.606515502682 0 1 0.538894150122 0.13578421835 0.825321539366
0.0002625 0.791748770172 0 1 0.53951945321 0.135524911156 0.824955563165
0.000266666666667 0.903636391962 0 1 0.540144658804 0.135266503262 0.824588785198
0.000270833333333 0.958556081726 0 1 0.540769765355 0.135008995302 0.82422120637
0.000275 0.982772390265 0 1 0.541394771315 0.13475238791 0.823852827582
0.000279166666667 0.992942838589 0 1 0.542019675136 0.134496681717 0.823483649742
0.000283333333333 0.997126608278 0 1 0.542644475271 0.134241877351 0.823113673758
0.0002875 0.998832972187 0 1 0.543269170171 0.133987975439 0.822742900539
0.000291666666667 0.999526487334 5.55111512313e-17 1 0.543893758291 0.133734976605 0.822371330998
0.000295833333333 0.999807952763 5.55111512313e-17 1 0.544518238083 0.133482881471 0.821998966048
0.0003 0.999922121579 1.66533453694e-16 1 0.545142608 0.133231690657 0.821625806604
0.000304166666667 0.999968420729 3.88578058619e-16 1 0.545766866497 0.132981404781 0.821251853585
0.000308333333333 0.999987194971 8.32667268469e-16 1 0.546391012027 0.132732024458 0.82087710791
0.0003125 0.999994807701 1.88737914186e-15 1 0.547015043045 0.1324835503 0.820501570502
0.000316666666667 0.999997894562 4.27435864481e-15 1 0.547638958005 0.13223598292 0.820125242282
0.000320833333333 0.999999146251 9.60342916301e-15 1 0.548262755363 0.131989322926 0.819748124177
0.000325 0.999999653803 2.14828155265e-14 1 0.548886433573 0.131743570924 0.819370217115
0.000329166666667 0.999999859615 4.8017145815e-14 1 0.549509991093 0.13149872752 0.818991522024
0.000333333333333 0.999999943072 1.07580611086e-13 1 0.550133426376 0.131254793314 0.818612039836
0.0003375 0.999999976915 2.40918396344e-13 1 0.55075673788 0.131011768907 0.818231771484
0.000341666666667 0.999999990638 5.3967941227e-13 1 0.551379924062 0.130769654897 0.817850717903
0.000345833333333 0.999999996204 1.20892185151e-12 1 0.552002983378 0.130528451879 0.817468880031
0.00035 0.99999999846 2.70844457972e-12 1 0.552625914287 0.130288160447 0.817086258806
0.000354166666667 0.999999999376 6.06842354145e-12 1 0.553248715245 0.130048781191 0.81670285517
0.000358333333333 0.999999999747 1.35981781391e-11 1 0.553871384711 0.1298103147 0.816318670065
0.0003625 0.999999999897 3.04740122026e-11 1 0.554493921143 0.129572761562 0.815933704436
0.000366666666667 0.999999999958 6.83003098523e-11 1 0.555116323001 0.12933612236 0.815547959231
0.000370833333333 0.999999999983 1.53094592559e-10 1 0.555738588744 0.129100397677 0.815161435397
0.000375 0.999999999993 3.43194972441e-10 1 0.556360716831 0.128865588092 0.814774133885
0.000379166666667 0.999999999997 7.69425023694e-10 1 0.556982705724 0.128631694184 0.814386055649
0.000383333333333 0.999999999999 1.72518582753e-09 1 0.557604553882 0.128398716528 0.813997201642
0.0003875 1 3.86856341406e-09 1 0.558226259766 0.128166655697 0.813607572822
0.000391666666667 1 8.67576582797e-09 1 0.558847821838 0.127935512262 0.813217170146
0.000395833333333 1 1.94585387248e-08 1 0.55946923856 0.127705286793 0.812825994574
0.0004 1 4.36472559762e-08 1 0.560090508395 0.127475979856 0.81243404707
0.000404166666667 1 9.79147252722e-08 1 0.560711629804 0.127247592015 0.812041328597
0.000408333333333 1 2.19676411839e-07 1 0.561332601252 0.127020123833 0.811647840121
0.0004125 1 4.9290495685e-07 1 0.561953421202 0.126793575869 0.811253582611
0.000416666666667 1 1.1060817659e-06 1 0.562574088119 0.126567948682 0.810858557037
0.000420833333333 1 2.4823065386e-06 1 0.563194600466 0.126343242826 0.81046276437
0.000425 1 5.57143842184e-06 1 0.56381495671 0.126119458855 0.810066205584
0.000429166666667 1 1.25061059652e-05 1 0.564435155316 0.125896597321 0.809668881655
0.000433333333333 1 2.80748643149e-05 1 0.565055194749 0.125674658772 0.80927079356
0.0004375 1 6.30303003398e-05 1 0.565675073478 0.125453643754 0.808871942281
0.000441666666667 1 0.000141516400697 1 0.566294789968 0.125233552813 0.808472328796
0.000445833333333 1 0.000317735934337 1 0.566914342688 0.125014386489 0.808071954092
0.00045 1 0.000713304901181 1 0.567533730106 0.124796145324 0.807670819152
0.000454166666667 1 0.00160071786698 1 0.56815295069 0.124578829854 0.807268924964
0.000458333333333 1 0.00358855303679 1 0.56877200291 0.124362440616 0.806866272517
0.0004625 1 0.00802593856304 1 0.569390885236 0.124146978142 0.806462862803
0.000466666666667 1 0.0178538239986 1 0.570009596138 0.123932442963 0.806058696815
0.000470833333333 1 0.0392439425348 1 0.570628134086 0.123718835608 0.805653775547
0.000475 1 0.0840753048425 1 0.571246497553 0.123506156604 0.805248099996
0.000479166666667 1 0.171019948445 1 0.57186468501 0.123294406475 0.804841671162
0.000483333333333 1 0.316802111834 1 0.57248269493 0.123083585742 0.804434490045
0.0004875 1 0.510374702583 1 0.573100525786 0.122873694926 0.804026557647
0.000491666666667 1 0.700906895768 1 0.573718176051 0.122664734544 0.803617874974
0.000495833333333 1 0.840484710385 1 0.5743356442 0.122456705111 0.803208443032
0.0005 1 0.922167035396 1 0.574952928708 0.12224960714 0.802798262828
0.000504166666667 1 0.963826595173 1 0.57557002805 0.122043441142 0.802387335375
0.000508333333333 1 0.983586747306 1 0.576186940702 0.121838207626 0.801975661683
0.0005125 1 0.992635920596 1 0.576803665141 0.121633907097 0.801563242766
0.000516666666667 1 0.99671299711 1 0.577420199844 0.121430540061 0.801150079642
0.000520833333333 1 0.998536305285 1 0.578036543289 0.121228107017 0.800736173327
0.000525 1 0.999348946328 1 0.578652693953 0.121026608467 0.800321524843
0.000529166666667 1 0.999710566212 1 0.579268650317 0.120826044907 0.799906135209
0.000533333333333 1 0.999871356263 1 0.57988441086 0.120626416832 0.79949000545
0.0005375 1 0.999942805717 1 0.580499974061 0.120427724735 0.799073136593
0.000541666666667 1 0.999974510825 1 0.581115338403 0.120229969106 0.798655529663
0.000545833333333 1 0.999988490113 1 0.581730502366 0.120033150433 0.79823718569
0.00055 1 0.999994447371 1 0.582345464433 0.119837269203 0.797818105706
0.000554166666667 1 0.999996498554 1 0.582960223085 0.119642325899 0.797398290744
0.000558333333333 1 0.999996010692 1 0.583574776808 0.119448321003 0.796977741838
0.0005625 1 0.99999250567 1 0.584189124084 0.119255254993 0.796556460026
0.000566666666667 1 0.999983220251 1 0.584803263399 0.119063128346 0.796134446346
0.000570833333333 1 0.999960933437 1 0.585417193237 0.118871941538 0.79571170184
0.000575 1 0.999908358039 1 0.586030912086 0.118681695039 0.795288227549
0.000579166666667 1 0.99978475152 1 0.58664441843 0.118492389321 0.794864024518
0.000583333333333 1 0.999494422631 1 0.587257710758 0.118304024851 0.794439093794
0.0005875 1 0.998813023067 1 0.587870787558 0.118116602094 0.794013436424
0.000591666666667 1 0.997216078459 1 0.588483647318 0.117930121513 0.793587053459
0.000595833333333 1 0.993485304527 1 0.589096288527 0.117744583571 0.79315994595
0.0006 1 0.984832478218 1 0.589708709676 0.117559988724 0.792732114952
0.000604166666667 1 0.965094319369 1 0.590320909254 0.117376337429 0.79230356152
0.000608333333333 1 0.921719488135 1 0.590932885754 0.117193630142 0.791874286712
0.0006125 1 0.833746158007 1 0.591544637668 0.117011867312 0.791444291586
0.000616666666667 1 0.681134226032 1 0.592156163487 0.11683104939 0.791013577205
0.000620833333333 1 0.476435005586 1 0.592767461705 0.116651176822 0.790582144632
0.000625 1 0.279379057459 1 0.593378530816 0.116472250055 0.790149994931
0.000629166666667 1 0.141771650746 1 0.593989369316 0.116294269529 0.789717129169
0.000633333333333 1 0.0657640247512 1 0.594599975698 0.116117235686 0.789283548415
0.0006375 1 0.0291263116757 1 0.59521034846 0.115941148963 0.78884925374
0.000641666666667 1 0.0126252925673 1 0.595820486098 0.115766009797 0.788414246216
0.000645833333333 1 0.00542102198273 1 0.596430387109 0.11559181862 0.787978526917
0.00065 1 0.00231825991577 1 0.597040049992 0.115418575863 0.787542096919
0.000654166666667 1 0.000989723898818 1 0.597649473245 0.115246281956 0.7871049573
0.000658333333333 1 0.000422260529001 1 0.598258655368 0.115074937324 0.78666710914
0.0006625 1 0.000180115597039 1 0.598867594862 0.114904542392 0.786228553521
0.000666666666667 1 7.68259037293e-05 1 0.599476290226 0.114735097582 0.785789291525
0.000670833333333 1 3.2770583539e-05 1 0.600084739963 0.114566603312 0.785349324239
0.000675 1 1.39796272076e-05 1 0.600692942576 0.114399060002 0.784908652748
0.000679166666667 1 5.96414560056e-06 1 0.601300896566 0.114232468064 0.784467278143
0.000683333333333 1 2.54474821931e-06 1 0.601908600439 0.114066827912 0.784025201514
0.0006875 1 1.0858916672e-06 1 0.602516052697 0.113902139955 0.783582423952
0.000691666666667 1 4.63418950214e-07 1 0.603123251848 0.113738404603 0.783138946553
0.000695833333333 1 1.97791175993e-07 1 0.603730196395 0.113575622259 0.782694770413
0.0007 1 8.44278985612e-08 1 0.604336884847 0.113413793329 0.782249896629
0.000704166666667 1 3.60421796297e-08 1 0.60494331571 0.113252918212 0.781804326301
0.000708333333333 1 1.53879990417e-08 1 0.605549487492 0.113092997307 0.781358060531
0.0007125 1 6.57051357766e-09 1 0.606155398702 0.11293403101 0.780911100422
0.000716666666667 1 2.80583783985e-09 1 0.60676104785 0.112776019715 0.780463447079
0.000720833333333 1 1.19831755629e-09 1 0.607366433446 0.112618963814 0.780015101609
0.000725 1 5.11831965699e-10 1 0.607971554 0.112462863696 0.779566065121
0.000729166666667 1 2.18639717442e-10 1 0.608576408024 0.112307719748 0.779116338724
0.000733333333333 1 9.34064492419e-11 1 0.609180994031 0.112153532354 0.778665923532
0.0007375 1 3.99090205327e-11 1 0.609785310534 0.112000301897 0.778214820658
0.000741666666667 1 1.70534142363e-11 1 0.610389356046 0.111848028756 0.777763031218
0.000745833333333 1 7.28783700055e-12 1 0.610993129081 0.11169671331 0.777310556329
0.00075 1 3.11478620674e-12 1 0.611596628156 0.111546355932 0.776857397111
0.000754166666667 0.999999999999 1.33143496228e-12 1 0.612199851786 0.111396956996 0.776403554684
0.000758333333333 0.999999999999 5.69155833574e-13 1 0.612802798488 0.111248516872 0.775949030171
0.0007625 0.999999999998 2.43360886998e-13 1 0.613405466779 0.111101035929 0.775493824697
0.000766666666667 0.999999999995 1.04027897407e-13 1 0.614007855177 0.110954514532 0.775037939388
0.000770833333333 0.999999999989 4.45199432875e-14 1 0.614609962201 0.110808953044 0.774581375373
0.000775 0.999999999976 1.90403248723e-14 1 0.615211786371 0.110664351827 0.774124133779
0.000779166666667 0.999999999949 8.16013923099e-15 1 0.615813326207 0.110520711239 0.77366621574
0.000783333333333 0.99999999989 3.49720252757e-15 1 0.61641458023 0.110378031636 0.773207622388
0.0007875 0.999999999764 1.49880108324e-15 1 0.617015546962 0.110236313373 0.772748354858
0.000791666666667 0.999999999493 6.10622663544e-16 1 0.617616224925 0.1100955568 0.772288414286
0.000795833333333 0.999999998908 2.77555756156e-16 1 0.618216612642 0.109955762268 0.771827801811
0.0008 0.999999997649 1.11022302463e-16 1 0.618816708638 0.109816930122 0.771366518573
0.000804166666667 0.99999999494 5.55111512313e-17 1 0.619416511438 0.109679060707 0.770904565713
0.000808333333333 0.999999989107 0 1 0.620016019566 0.109542154365 0.770441944375
0.0008125 0.999999976549 0 1 0.620615231548 0.109406211436 0.769978655704
0.000816666666667 0.999999949514 0 1 0.621214145913 0.109271232258 0.769514700846
0.000820833333333 0.999999891308 0 1 0.621812761186 0.109137217164 0.76905008095
0.000825 0.999999765988 0 1 0.622411075897 0.109004166488 0.768584797166
0.000829166666667 0.999999496161 0 1 0.623009088575 0.10887208056 0.768118850646
0.000833333333333 0.999998915173 0 1 0.62360679775 0.108740959706 0.767652242544
0.0008375 0.999997664155 0 1 0.624204201952 0.108610804254 0.767184974013
0.000841666666667 0.999994970307 0 0.999999999999 0.624801299712 0.108481614525 0.766717046211
0.000845833333333 0.999989169399 0 0.999999999998 0.625398089562 0.108353390841 0.766248460297
0.00085 0.999976677474 0 0.999999999996 0.625994570036 0.108226133519 0.76577921743
0.000854166666667 0.999949776451 0 0.99999999999 0.626590739666 0.108099842875 0.765309318773
0.000858333333333 0.999891846447 0 0.999999999975 0.627186596987 0.107974519223 0.764838765487
0.0008625 0.999767104923 0 0.99999999994 0.627782140535 0.107850162873 0.764367558739
0.000866666666667 0.999498544331 0 0.999999999855 0.628377368844 0.107726774134 0.763895699695
0.000870833333333 0.998920592216 0 0.999999999649 0.628972280451 0.107604353313 0.763423189523
0.000875 0.997677987649 0 0.999999999148 0.629566873893 0.107482900713 0.762950029392
0.000879166666667 0.99501187439 0 0.999999997933 0.630161147709 0.107362416635 0.762476220475
0.000883333333333 0.989316955193 0 0.999999994987 0.630755100436 0.107242901378 0.762001763944
0.0008875 0.977267914217 0 0.999999987841 0.631348730615 0.10712435524 0.761526660974
0.000891666666667 0.952282975587 0 0.999999970504 0.631942036786 0.107006778513 0.761050912741
0.000895833333333 0.902571433196 0 0.99999992844 0.632535017489 0.10689017149 0.760574520422
0.0009 0.811325561446 0 0.99999982638 0.633127671266 0.106774534461 0.760097485198
0.000904166666667 0.666217802888 0 0.99999957873 0.63371999666 0.106659867711 0.759619808249
0.000908333333333 0.480902510442 0 0.999998977759 0.634311992213 0.106546171526 0.759141490758
0.0009125 0.30068899691 0 0.999997519288 0.63490365647 0.106433446187 0.758662533908
0.000916666666667 0.166359937664 0 0.999993979545 0.635494987976 0.106321691974 0.758182938885
0.000920833333333 0.0847637655161 0 0.999985387958 0.636085985275 0.106210909165 0.757702706877
0.000925 0.0412089608699 0 0.999964533538 0.636676646914 0.106101098034 0.757221839073
0.000929166666667 0.0195553311306 0 0.999913912021 0.63726697144 0.105992258854 0.756740336662
0.000933333333333 0.00917062641892 0 0.999791038469 0.6378569574 0.105884391894 0.756258200837
0.0009375 0.00427642195529 0 0.999492840574 0.638446603343 0.105777497423 0.75577543279
0.000941666666667 0.00198885123186 0 0.998769537824 0.639035907818 0.105671575704 0.755292033717
0.000945833333333 0.000923791825294 0 0.997017541965 0.639624869375 0.105566627001 0.754808004815
0.00095 0.00042882607888 0 0.992788474073 0.640213486565 0.105462651575 0.75432334728
0.000954166666667 0.000199001479442 0 0.982665734794 0.640801757938 0.105359649682 0.753838062314
0.000958333333333 9.23338927961e-05 0 0.958919004918 0.641389682048 0.105257621579 0.753352151116
0.0009625 4.28375197393e-05 0 0.905754799556 0.641977257448 0.105156567517 0.752865614889
0.000966666666667 1.98727999706e-05 0 0.798252351288 0.64256448269 0.105056487749 0.752378454838
0.000970833333333 9.21873824183e-06 0 0.619606022661 0.643151356331 0.104957382522 0.751890672167
0.000975 4.27626274407e-06 0 0.401378768855 0.643737876924 0.10485925208 0.751402268083
0.000979166666667 1.9835311007e-06 0 0.216294518964 0.644324043026 0.104762096669 0.750913243796
0.000983333333333 9.20017163675e-07 0 0.102006173362 0.644909853193 0.104665916528 0.750423600515
0.0009875 4.26712478685e-07 0 0.0446622601948 0.645495305984 0.104570711896 0.749933339451
0.000991666666667 1.97905251742e-07 0 0.0188759400234 0.646080399957 0.104476483009 0.749442461818
0.000995833333333 9.17829154345e-08 0 0.00785472763291 0.646665133671 0.104383230099 0.74895096883
0.001 4.25646327629e-08 0 0.00324702000769 0.647249505685 0.104290953399 0.748458861702
0.00100416666667 1.97386928469e-08 0 0.00133852871783 0.647833514561 0.104199653137 0.747966141652
0.00100833333333 9.15314374295e-09 0 0.000551127945597 0.648417158861 0.104109329538 0.747472809898
0.0010125 4.24428464596e-09 0 0.000226801711834 0.649000437145 0.104019982827 0.746978867662
0.00101666666667 1.96798133345e-09 0 9.33099363224e-05 0.649583347978 0.103931613225 0.746484316163
0.00102083333333 9.12472208903e-10 0 3.83836245137e-05 0.650165889923 0.10384422095 0.745989156626
0.001025 4.2305853265e-10 0 1.57877681693e-05 0.650748061545 0.103757806219 0.745493390275
0.00102916666667 1.9613871638e-10 0 6.4932256027e-06 0.65132986141 0.103672369245 0.744997018336
0.00103333333333 9.09302078078e-11 0 2.67035313517e-06 0.651911288083 0.103587910241 0.744500042035
0.0010375 4.21536139328e-11 0 1.0981124462e-06 0.652492340133 0.103504429415 0.744002462603
0.00104166666667 1.9540868923e-11 0 4.51539217794e-07 0.653073016125 0.103421926973 0.743504281268
0.00104583333333 9.05803210216e-12 0 1.85658561302e-07 0.653653314631 0.103340403121 0.743005499263
0.00105 4.19864143453e-12 0 7.63317964947e-08 0.654233234218 0.103259858058 0.74250611782
0.00105416666667 1.94605442871e-12 0 3.13810221142e-08 0.654812773457 0.103180291985 0.742006138175
0.00105833333333 9.02000696357e-13 0 1.29003014937e-08 0.655391930919 0.103101705099 0.741505561562
0.0010625 4.18054479923e-13 0 5.30278326805e-09 0.655970705177 0.103024097593 0.741004389218
0.00106666666667 1.93733917797e-13 0 2.17961210192e-09 0.656549094803 0.102947469659 0.740502622383
0.00107083333333 8.97615315409e-14 0 8.95830687409e-10 0.65712709837 0.102871821487 0.740000262296
0.001075 4.16333634234e-14 0 3.68166441778e-10 0.657704714453 0.102797153263 0.739497310198
0.00107916666667 1.92623694772e-14 0 1.51298584772e-10 0.658281941628 0.102723465173 0.738993767333
0.00108333333333 8.93729534823e-15 0 6.21729334682e-11 0.65885877847 0.102650757397 0.738489634943
0.0010875 4.10782519111e-15 0 2.55482857092e-11 0.659435223556 0.102579030117 0.737984914275
0.00109166666667 1.88737914186e-15 0 1.05006003892e-11 0.660011275464 0.102508283507 0.737479606575
0.00109583333333 8.881784197e-16 0 4.32182067911e-12 0.660586932773 0.102438517745 0.736973713091
0.0011 3.88578058619e-16 0 1.79239956211e-12 0.661162194062 0.102369733 0.736467235073
0.00110416666667 1.66533453694e-16 0 7.72992780895e-13 0.661737057912 0.102301929444 0.735960173772
0.00110833333333 1.11022302463e-16 0 3.97348820513e-13 0.662311522904 0.102235107243 0.735452530439
0.0011125 1.11022302463e-16 0 3.3678615452e-13 0.662885587619 0.102169266562 0.734944306328
0.00111666666667 1.66533453694e-16 0 5.15809617241e-13 0.663459250641 0.102104407563 0.734435502693
0.00112083333333 4.4408920985e-16 0 1.0325074129e-12 0.664032510554 0.102040530407 0.733926120792
0.001125 1.05471187339e-15 0 2.20840012943e-12 0.664605365942 0.10197763525 0.733416161882
0.00112916666667 2.55351295664e-15 0 4.78622697031e-12 0.665177815391 0.101915722248 0.73290562722
0.00113333333333 6.32827124036e-15 0 1.03989039602e-11 0.665749857487 0.101854791554 0.732394518068
0.0011375 1.54876111935e-14 0 2.26026419803e-11 0.666321490817 0.101794843316 0.731882835686
0.00114166666667 3.80251385934e-14 0 4.91294782634e-11 0.66689271397 0.101735877683 0.731370581338
0.00114583333333 9.32032229173e-14 0 1.06784026066e-10 0.667463525535 0.1016778948 0.730857756287
0.00115 2.28483898468e-13 0 2.32083463558e-10 0.668033924102 0.101620894809 0.730344361799
0.00115416666667 5.60107515923e-13 0 5.04376485022e-10 0.668603908262 0.101564877851 0.72983039914
0.00115833333333 1.37301281455e-12 0 1.096069846e-09 0.669173476606 0.101509844063 0.729315869579
0.0011625 3.36553007685e-12 0 2.38173980538e-09 0.669742627728 0.101455793581 0.728800774384
0.00116666666667 8.24906809527e-12 0 5.17515269527e-09 0.670311360221 0.101402726537 0.728285114826
0.00117083333333 2.02181604791e-11 0 1.12441036482e-08 0.67087967268 0.101350643062 0.727768892177
0.001175 4.95514740351e-11 0 2.44286456619e-08 0.6714475637 0.101299543283 0.72725210771
0.00117916666667 1.21437138123e-10 0 5.30697297774e-08 0.672015031878 0.101249427326 0.726734762699
0.00118333333333 2.9759522624e-10 0 1.15283552815e-07 0.67258207581 0.101200295314 0.726216858421
0.0011875 7.29255933418e-10 0 2.5041530094e-07 0.673148694097 0.101152147367 0.725698396151
0.00119166666667 1.78695397368e-09 0 5.43910484041e-07 0.673714885336 0.101104983604 0.725179377168
0.00119583333333 4.37850727897e-09 0 1.18131858928e-06 0.674280648128 0.10105880414 0.724659802751
0.0012 1.07279818917e-08 0 2.56554462308e-06 0.674845981074 0.101013609087 0.724139674182
0.00120416666667 2.62838613097e-08 0 5.57140482849e-06 0.675410882777 0.100969398558 0.723618992742
0.00120833333333 6.439311101e-08 0 1.20982263446e-05 0.675975351839 0.100926172659 0.723097759715
0.0012125 1.57749747154e-07 0 2.62693188341e-05 0.676539386865 0.100883931497 0.722575976385
0.00121666666667 3.86435359323e-07 0 5.7035100291e-05 0.67710298646 0.100842675174 0.722053644037
0.00122083333333 9.46594144347e-07 0 0.000123820776572 0.67766614923 0.100802403792 0.721530763959
0.001225 2.31861831895e-06 0 0.000268772297805 0.678228873782 0.100763117449 0.72100733744
0.00122916666667 5.67900992615e-06 0 0.000583277855691 0.678791158725 0.100724816241 0.720483365768
0.00123333333333 1.39088937715e-05 0 0.00126526184478 0.679353002666 0.100687500261 0.719958850234
0.0012375 3.40632450785e-05 0 0.00274228665068 0.679914404217 0.1006511696 0.719433792131
0.00124166666667 8.3415228801e-05 0 0.00593294319185 0.680475361989 0.100615824347 0.718908192752
0.00124583333333 0.000204245329603 0 0.012787572847 0.681035874593 0.100581464588 0.71838205339
0.00125 0.000499990055425 0 0.0273422687346 0.681595940644 0.100548090406 0.717855375343
0.00125416666667 0.00122338464487 0 0.0574948935891 0.682155558754 0.100515701882 0.717328159907
0.00125833333333 0.00299011939287 0 0.116896700349 0.68271472754 0.100484299095 0.71680040838
0.0012625 0.00728927665198 0 0.223130199376 0.683273445617 0.100453882122 0.716272122061
0.00126666666667 0.0176593481416 0 0.383920057938 0.683831711604 0.100424451036 0.715743302252
0.00127083333333 0.0421538507106 0 0.574827102889 0.684389524118 0.100396005908 0.715213950254
0.001275 0.0972553312318 0 0.745741997771 0.684946881779 0.100368546808 0.71468406737
0.00127916666667 0.208681812999 0 0.864177360205 0.685503783207 0.100342073801 0.714153654905
0.00128333333333 0.392282030144 0 0.932438652519 0.686060227025 0.100316586951 0.713622714164
0.0012875 0.612392157454 0 0.967674768849 0.686616211854 0.100292086321 0.713091246454
0.00129166666667 0.794527629958 0 0.984831806972 0.687171736319 0.100268571969 0.712559253084
0.00129583333333 0.904429686469 0 0.992948469997 0.687726799044 0.100246043951 0.712026735361
0.0013 0.958608094371 0 0.996736024323 0.688281398656 0.100224502323 0.711493694598
0.00130416666667 0.982660900034 0 0.998492189637 0.688835533782 0.100203947134 0.710960132105
0.00130833333333 0.992840652304 0 0.99930407871 0.689389203049 0.100184378436 0.710426049195
0.0013125 0.997061609736 0 0.999678923542 0.689942405087 0.100165796274 0.709891447183
0.00131666666667 0.998796957732 0 0.999851886701 0.690495138526 0.100148200692 0.709356327383
0.00132083333333 0.999507927841 0 0.999931677446 0.691047401999 0.100131591734 0.708820691113
0.001325 0.999798805185 0 0.99996848333 0.691599194138 0.100115969437 0.70828453969
0.00132916666667 0.999917746785 0 0.99998546106 0.692150513576 0.10010133384 0.707747874433
0.00133333333333 0.999966373527 0 0.999993292728 0.692701358948 0.100087684976 0.707210696662
0.0013375 0.999986252612 0 0.999996905561 0.693251728892 0.100075022878 0.706673007699
0.00134166666667 0.999994379473 0 0.999998572284 0.693801622043 0.100063347575 0.706134808866
0.00134583333333 0.999997701975 0 0.999999341242 0.694351037041 0.100052659095 0.705596101487
0.00135 0.999999060374 0 0.999999696028 0.694899972525 0.100042957462 0.705056886886
0.00135416666667 0.999999615782 0 0.999999859729 0.695448427136 0.100034242699 0.704517166391
0.00135833333333 0.999999842883 0 0.999999935267 0.695996399516 0.100026514826 0.703976941328
0.0013625 0.999999935747 0 0.999999970125 0.696543888308 0.100019773859 0.703436213026
0.00136666666667 0.999999973722 0 0.999999986212 0.697090892157 0.100014019814 0.702894982815
0.00137083333333 0.999999989253 0 0.999999993636 0.697637409708 0.100009252704 0.702353252025
0.001375 0.999999995604 0 0.999999997062 0.698183439607 0.100005472539 0.701811021989
0.00137916666667 0.999999998202 0 0.999999998644 0.698728980504 0.100002679325 0.701268294041
0.00138333333333 0.999999999264 0 0.999999999374 0.699274031047 0.100000873069 0.700725069515
0.0013875 0.999999999699 0 0.999999999711 0.699818589887 0.100000053774 0.700181349746
0.00139166666667 0.999999999877 0 0.999999999867 0.700362655675 0.100000221439 0.699637136072
0.00139583333333 0.99999999995 0 0.999999999938 0.700906227065 0.100001376063 0.69909242983
0.0014 0.999999999979 0 0.999999999972 0.70144930271 0.10000351764 0.698547232361
0.00140416666667 0.999999999992 0 0.999999999987 0.701991881266 0.100006646165 0.698001545004
0.00140833333333 0.999999999997 0 0.999999999994 0.70253396139 0.100010761628 0.697455369101
0.0014125 0.999999999999 0 0.999999999997 0.70307554174 0.100015864017 0.696908705996
0.00141666666667 0.999999999999 0 0.999999999999 0.703616620974 0.100021953317 0.696361557033
0.00142083333333 1 0 0.999999999999 0.704157197753 0.100029029512 0.695813923556
0.001425 1 5.55111512313e-17 1 0.70469727074 0.100037092583 0.695265806912
0.00142916666667 1 1.66533453694e-16 1 0.705236838597 0.100046142509 0.694717208449
0.00143333333333 1 3.33066907388e-16 1 0.705775899989 0.100056179265 0.694168129516
0.0014375 1 8.32667268469e-16 1 0.70631445358 0.100067202825 0.693618571463
0.00144166666667 1 1.94289029309e-15 1 0.706852498039 0.100079213161 0.693068535641
0.00144583333333 1 4.4408920985e-15 1 0.707390032034 0.10009221024 0.692518023402
0.00145 1 1.02695629778e-14 1 0.707927054233 0.10010619403 0.691967036101
0.00145416666667 1 2.36477504245e-14 1 0.708463563308 0.100121164494 0.691415575091
0.00145833333333 1 5.45119505091e-14 1 0.708999557932 0.100137121594 0.69086364173
0.0014625 1 1.25677246388e-13 1 0.709535036777 0.100154065288 0.690311237374
0.00146666666667 1 2.89768209427e-13 1 0.710069998519 0.100171995534 0.689758363381
0.00147083333333 1 6.68076705068e-13 1 0.710604441833 0.100190912286 0.689205021111
0.001475 1 1.54065649127e-12 1 0.711138365398 0.100210815495 0.688651211925
0.00147916666667 1 3.55326879031e-12 1 0.711671767892 0.100231705111 0.688096937185
0.00148333333333 1 8.19588841239e-12 1 0.712204647996 0.100253581081 0.687542198254
0.0014875 1 1.89065429979e-11 1 0.712737004391 0.100276443349 0.686986996496
0.00149166666667 1 4.36188862807e-11 1 0.713268835761 0.100300291858 0.686431333276
0.00149583333333 1 1.00643271495e-10 1 0.713800140789 0.100325126548 0.685875209962
0.0015 1 2.32243002607e-10 1 0.714330918161 0.100350947354 0.68531862792
0.00150416666667 1 5.35979483018e-10 1 0.714861166566 0.100377754214 0.684761588521
0.00150833333333 1 1.23708981947e-09 1 0.71539088469 0.100405547058 0.684204093134
0.0015125 1 2.85562967717e-09 1 0.715920071224 0.100434325817 0.683646143131
0.00151666666667 1 6.59249982382e-09 1 0.71644872486 0.100464090419 0.683087739883
0.00152083333333 1 1.52210962168e-08 1 0.71697684429 0.100494840789 0.682528884765
0.001525 1 3.5147084021e-08 1 0.717504428208 0.10052657685 0.681969579152
0.00152916666667 1 8.11671355128e-08 1 0.718031475309 0.100559298522 0.68140982442
0.00153333333333 1 1.87464342216e-07 1 0.718557984292 0.100593005723 0.680849621946
0.0015375 1 4.33016674128e-07 1 0.719083953854 0.10062769837 0.680288973107
0.00154166666667 1 1.00031775846e-06 1 0.719609382694 0.100663376374 0.679727879285
0.00154583333333 1 2.31109906301e-06 1 0.720134269515 0.100700039647 0.67916634186
0.00155 1 5.34005758557e-06 1 0.720658613018 0.100737688097 0.678604362213
0.00155416666667 1 1.23401128821e-05 1 0.721182411909 0.100776321631 0.678041941727
0.00155833333333 1 2.8519103635e-05 1 0.721705664891 0.100815940152 0.677479081788
0.0015625 1 6.59160118911e-05 1 0.722228370674 0.100856543561 0.676915783779
0.00156666666667 1 0.000152360431796 1 0.722750527964 0.100898131756 0.676352049089
0.00157083333333 1 0.000352169494158 1 0.723272135472 0.100940704635 0.675787879104
0.001575 1 0.0008138885614 1 0.723793191909 0.100984262091 0.675223275213
0.00157916666667 1 0.0018800208415 1 0.724313695987 0.101028804016 0.674658238807
0.00158333333333 1 0.00433711656736 1 0.724833646422 0.101074330299 0.674092771276
0.0015875 1 0.00997450871028 1 0.725353041929 0.101120840827 0.673526874013
0.00159166666667 1 0.0227742401357 1 0.725871881225 0.101168335485 0.672960548412
0.00159583333333 1 0.0511558396002 1 0.726390163029 0.101216814153 0.672393795867
0.0016 1 0.110904134781 1 0.726907886061 0.101266276713 0.671826617774
0.00160416666667 1 0.223983648419 1 0.727425049043 0.10131672304 0.671259015531
0.00160833333333 1 0.400459019307 1 0.727941650697 0.101368153011 0.670690990534
0.0016125 1 0.607211064838 1 0.728457689748 0.101420566497 0.670122544183
0.00161666666667 1 0.781575313935 1 0.728973164924 0.101473963368 0.66955367788
0.00162083333333 1 0.892280094805 1 0.72948807495 0.101528343493 0.668984393024
0.001625 1 0.950439499931 1 0.730002418556 0.101583706735 0.66841469102
0.00162916666667 1 0.977975390048 1 0.730516194474 0.101640052959 0.66784457327
0.00163333333333 1 0.990368383087 1 0.731029401434 0.101697382025 0.66727404118
0.0016375 1 0.995818234476 1 0.731542038171 0.10175569379 0.666703096157
0.00164166666667 1 0.998190178914 1 0.732054103419 0.101814988111 0.666131739606
0.00164583333333 1 0.999217748238 1 0.732565595916 0.10187526484 0.665559972937
0.00165 1 0.999661842047 1 0.7330765144 0.101936523829 0.664987797558
0.00165416666667 1 0.999853225092 1 0.73358685761 0.101998764927 0.664415214882
0.00165833333333 1 0.999934832351 1 0.734096624287 0.102061987979 0.663842226318
0.0016625 1 0.99996771868 1 0.734605813174 0.102126192829 0.663268833281
0.00166666666667 1 0.999976568914 1 0.735114423016 0.102191379318 0.662695037184
0.00167083333333 1 0.999968186391 1 0.735622452558 0.102257547286 0.662120839442
0.001675 1 0.999936706977 1 0.736129900548 0.102324696569 0.661546241471
0.00167916666667 1 0.999859512044 1 0.736636765734 0.102392827002 0.66097124469
0.00168333333333 1 0.999681012184 1 0.737143046866 0.102461938415 0.660395850515
0.0016875 1 0.999272759105 1 0.737648742698 0.10253203064 0.659820060367
0.00169166666667 1 0.998341669342 1 0.738153851982 0.102603103502 0.659243875666
0.00169583333333 1 0.996222821511 1 0.738658373473 0.102675156826 0.658667297834
0.0017 1 0.991420662298 1 0.739162305927 0.102748190436 0.658090328294
0.00170416666667 1 0.980633879617 1 0.739665648104 0.10282220415 0.657512968469
0.00170833333333 1 0.956879280564 1 0.740168398762 0.102897197786 0.656935219785
0.0017125 1 0.906766841025 1 0.740670556663 0.10297317116 0.656357083668
0.00171666666667 1 0.809998279717 1 0.741172120569 0.103050124084 0.655778561544
0.00172083333333 1 0.651428644012 1 0.741673089246 0.103128056369 0.655199654843
0.001725 1 0.450354026645 1 0.742173461457 0.103206967823 0.654620364992
0.00172916666667 1 0.264307916046 1 0.742673235972 0.103286858251 0.654040693423
0.00173333333333 1 0.136102641961 1 0.743172411559 0.103367727457 0.653460641567
0.0017375 1 0.0646287803046 1 0.743670986989 0.103449575241 0.652880210857
0.00174166666667 1 0.0294144373741 1 0.744168961033 0.103532401403 0.652299402725
0.00174583333333 1 0.0131196779799 1 0.744666332466 0.103616205737 0.651718218607
0.00175 1 0.00579845488135 1 0.745163100062 0.103700988039 0.651136659938
0.00175416666667 1 0.00255243253275 1 0.745659262599 0.1037867481 0.650554728155
0.00175833333333 1 0.0011216318324 1 0.746154818854 0.103873485708 0.649972424695
0.0017625 1 0.000492543331352 1 0.746649767608 0.10396120065 0.649389750998
0.00176666666667 1 0.00021623815376 1 0.747144107642 0.104049892711 0.648806708502
0.00177083333333 1 9.49292393844e-05 1 0.74763783774 0.104139561672 0.64822329865
0.001775 1 4.16759249813e-05 1 0.748130956685 0.104230207313 0.647639522882
0.00177916666667 1 1.82980428438e-05 1 0.748623463265 0.104321829411 0.647055382641
0.00178333333333 1 8.03462197108e-06 1 0.749115356267 0.104414427741 0.646470879372
0.0017875 1 3.52834347295e-06 1 0.74960663448 0.104508002075 0.645886014518
0.00179166666667 1 1.54960944448e-06 1 0.750097296695 0.104602552184 0.645300789527
0.00179583333333 1 6.80644358653e-07 1 0.750587341705 0.104698077835 0.644715205844
0.0018 1 2.98995807557e-07 1 0.751076768304 0.104794578793 0.644129264918
0.00180416666667 1 1.31358115718e-07 1 0.751565575287 0.104892054821 0.643542968198
0.00180833333333 1 5.77159334769e-08 1 0.752053761453 0.10499050568 0.642956317132
0.0018125 1 2.53618863133e-08 1 0.752541325599 0.105089931127 0.642369313173
0.00181666666667 1 1.11458807184e-08 1 0.753028266526 0.10519033092 0.641781957771
0.00182083333333 1 4.89885104704e-09 1 0.753514583036 0.105291704811 0.64119425238
0.001825 1 2.15338197274e-09 1 0.754000273933 0.105394052551 0.640606198453
0.00182916666667 1 9.46661915524e-10 1 0.754485338022 0.105497373888 0.640017797444
0.00183333333333 1 4.16213064014e-10 1 0.75496977411 0.10560166857 0.63942905081
0.0018375 1 1.83013659782e-10 1 0.755453581004 0.105706936341 0.638839960007
0.00184166666667 1 8.04818989231e-11 1 0.755936757516 0.10581317694 0.638250526492
0.00184583333333 1 3.5396463538e-11 1 0.756419302456 0.105920390109 0.637660751723
0.00185 1 1.5569268097e-11 1 0.756901214637 0.106028575584 0.637070637161
0.00185416666667 1 6.84896583891e-12 1 0.757382492875 0.106137733098 0.636480184265
0.00185833333333 1 3.01320079998e-12 1 0.757863135986 0.106247862385 0.635889394496
0.0018625 1 1.32577282486e-12 1 0.758343142787 0.106358963174 0.635298269316
0.00186666666667 1 5.83422199441e-13 1 0.758822512098 0.106471035193 0.634706810189
0.00187083333333 1 2.56739074445e-13 1 0.75930124274 0.106584078165 0.634115018578
0.001875 1 1.13020703907e-13 1 0.759779333536 0.106698091815 0.633522895948
0.00187916666667 1 4.97379915032e-14 0.999999999999 0.760256783309 0.106813075861 0.632930443765
0.00188333333333 1 2.19269047363e-14 0.999999999998 0.760733590887 0.106929030022 0.632337663494
0.0018875 1 9.65894031424e-15 0.999999999995 0.761209755095 0.107045954014 0.631744556604
0.00189166666667 1 4.21884749358e-15 0.999999999988 0.761685274764 0.10716384755 0.631151124563
0.00189583333333 1 1.88737914186e-15 0.99999999997 0.762160148724 0.107282710339 0.630557368839
0.0019 1 8.32667268469e-16 0.999999999926 0.762634375806 0.107402542091 0.629963290903
0.00190416666667 1 3.33066907388e-16 0.999999999819 0.763107954846 0.107523342512 0.629368892226
0.00190833333333 1 1.66533453694e-16 0.999999999554 0.763580884678 0.107645111305 0.628774174279
0.0019125 1 5.55111512313e-17 0.999999998903 0.764053164139 0.107767848171 0.628179138534
0.00191666666667 1 0 0.999999997304 0.764524792069 0.10789155281 0.627583786465
0.00192083333333 1 0 0.999999993372 0.764995767306 0.108016224918 0.626988119547
0.001925 1 0 0.999999983706 0.765466088693 0.108141864188 0.626392139253
0.00192916666667 1 0 0.999999959939 0.765935755074 0.108268470313 0.62579584706
0.00193333333333 1 0 0.999999901504 0.766404765293 0.108396042983 0.625199244444
0.0019375 1 0 0.999999757822 0.766873118198 0.108524581883 0.624602332883
0.00194166666667 1 0 0.999999404522 0.767340812635 0.108654086699 0.624005113854
0.00194583333333 1 0 0.999998535766 0.767807847455 0.108784557113 0.623407588837
0.00195 1 0 0.999996399446 0.76827422151 0.108915992805 0.622809759311
0.00195416666667 0.999999999999 0 0.999991145958 0.768739933653 0.109048393453 0.622211626757
0.00195833333333 0.999999999998 0 0.999978226665 0.769204982737 0.109181758731 0.621613192656
0.0019625 0.999999999996 0 0.999946455526 0.76966936762 0.109316088312 0.621014458489
0.00196666666667 0.999999999992 0 0.999868326426 0.770133087159 0.109451381867 0.62041542574
0.00197083333333 0.999999999983 0 0.999676221944 0.770596140213 0.109587639064 0.619816095892
0.001975 0.999999999962 0 0.999204044596 0.771058525645 0.109724859568 0.619216470429
0.00197916666667 0.999999999918 0 0.998044556911 0.771520242316 0.109863043043 0.618616550836
0.00198333333333 0.999999999821 0 0.995203966925 0.77198128909 0.110002189149 0.618016338599
0.0019875 0.999999999608 0 0.988285030549 0.772441664834 0.110142297545 0.617415835204
0.00199166666667 0.999999999143 0 0.97166784389 0.772901368415 0.110283367888 0.616815042137
0.00199583333333 0.999999998127 0 0.933074032306 0.773360398702 0.110425399831 0.616213960888
0.002 0.999999995904 0 0.850018547179 0.773818754566 0.110568393025 0.615612592943
0.00200416666667 0.999999991042 0 0.697319070074 0.774276434879 0.110712347119 0.615010939793
0.00200833333333 0.999999980409 0 0.483593310904 0.774733438515 0.110857261761 0.614409002927
0.0020125 0.999999957149 0 0.275699294736 0.775189764351 0.111003136594 0.613806783836
0.00201666666667 0.999999906269 0 0.133985200821 0.775645411262 0.111149971261 0.61320428401
0.00202083333333 0.999999794959 0 0.0591626168636 0.776100378128 0.1112977654 0.612601504941
0.002025 0.999999551429 0 0.0249207221114 0.776554663829 0.111446518649 0.611998448123
0.00202916666667 0.999999018582 0 0.010280339174 0.777008267247 0.111596230643 0.611395115047
0.00203333333333 0.999997852616 0 0.00420365495267 0.777461187266 0.111746901014 0.610791507208
0.0020375 0.999995301083 0 0.00171261684341 0.777913422772 0.111898529393 0.6101876261
0.00204166666667 0.999989717051 0 0.000696685758306 0.778364972651 0.112051115406 0.609583473218
0.00204583333333 0.999977495581 0 0.000283229516771 0.778815835791 0.112204658679 0.608979050057
0.00205 0.999950745623 0 0.000115111971422 0.779266011084 0.112359158836 0.608374358115
0.00205416666667 0.999892194409 0 4.67784923723e-05 0.77971549742 0.112514615496 0.607769398886
0.00205833333333 0.999764038686 0 1.90082221922e-05 0.780164293693 0.112671028278 0.60716417387
0.0020625 0.99948357471 0 7.72354817297e-06 0.780612398799 0.112828396797 0.606558684564
0.00206666666667 0.99887004074 0 3.13817112829e-06 0.781059811633 0.112986720667 0.605952932467
0.00207083333333 0.997529215641 0 1.27503641345e-06 0.781506531095 0.1131459995 0.605346919077
0.002075 0.994605526968 0 5.18030737751e-07 0.781952556084 0.113306232903 0.604740645895
0.00207916666667 0.988262035827 0 2.10463023675e-07 0.782397885502 0.113467420482 0.60413411442
0.00208333333333 0.9746472962 0 8.55034431035e-08 0.782842518253 0.113629561843 0.603527326155
0.0020875 0.946098251976 0 3.47359389585e-08 0.78328645324 0.113792656586 0.602920282599
0.00209166666667 0.889052492076 0 1.4111143698e-08 0.783729689371 0.113956704311 0.602312985255
0.00209583333333 0.785319013984 0 5.73235658941e-09 0.784172225554 0.114121704613 0.601705435626
0.0021 0.625438446016 0 2.32858488047e-09 0.784614060699 0.114287657089 0.601097635215
0.00210416666667 0.432509091721 0 9.45886258208e-10 0.785055193717 0.114454561329 0.600489585524
0.00210833333333 0.258071217088 0 3.84214549065e-10 0.785495623522 0.114622416924 0.599881288059
0.0021125 0.136993086336 0 1.56061885637e-10 0.785935349027 0.11479122346 0.599272744324
0.00211666666667 0.0675438443735 0 6.33881280798e-11 0.78637436915 0.114960980523 0.598663955823
0.00212083333333 0.0319944098496 0 2.57458498965e-11 0.78681268281 0.115131687695 0.598054924063
0.002125 0.0148559595078 0 1.04566910686e-11 0.787250288924 0.115303344557 0.59744565055
0.00212916666667 0.00683272444543 0 4.24688062495e-12 0.787687186416 0.115475950685 0.59683613679
0.00213333333333 0.00312857759522 0 1.72478697991e-12 0.788123374208 0.115649505656 0.596226384291
0.0021375 0.0014295142358 0 7.00495217387e-13 0.788558851224 0.115824009042 0.595616394559
0.00214166666667 0.000652520105462 0 2.8449465006e-13 0.788993616393 0.115999460415 0.595006169104
0.00214583333333 0.000297701672778 0 1.15518705712e-13 0.78942766864 0.116175859342 0.594395709433
0.00215 0.000135784550105 0 4.69069227904e-14 0.789861006897 0.11635320539 0.593785017056
0.00215416666667 6.19222423094e-05 0 1.90403248723e-14 0.790293630095 0.116531498121 0.593174093482
0.00215833333333 2.82352070823e-05 0 7.71605002114e-15 0.790725537166 0.116710737098 0.59256294022
0.0021625 1.28733834651e-05 0 3.16413562018e-15 0.791156727047 0.116890921879 0.591951558782
0.00216666666667 5.86889228393e-06 0 1.27675647832e-15 0.791587198673 0.11707205202 0.591339950678
0.00217083333333 2.67536597182e-06 0 4.99600361081e-16 0.792016950982 0.117254127076 0.590728117419
0.002175 1.21948015569e-06 0 2.22044604925e-16 0.792445982915 0.117437146598 0.590116060518
0.00217916666667 5.55816098813e-07 0 5.55111512313e-17 0.792874293412 0.117621110135 0.589503781485
0.00218333333333 2.53310112719e-07 0 5.55111512313e-17 0.793301881419 0.117806017235 0.588891281834
0.0021875 1.15435451753e-07 0 0 0.793728745878 0.117991867442 0.588278563077
0.00219166666667 5.26007923884e-08 0 0 0.794154885737 0.118178660299 0.587665626729
0.00219583333333 2.39672259261e-08 0 0 0.794580299945 0.118366395344 0.587052474301
0.0022 1.09206270693e-08 0 0 0.795004987452 0.118555072116 0.58643910731
0.00220416666667 4.97795288323e-09 0 0 0.795428947208 0.11874469015 0.585825527269
0.00220833333333 2.27468061054e-09 0 0 0.795852178169 0.118935248979 0.585211735693
0.0022125 1.05322178756e-09 0 0 0.796274679289 0.119126748132 0.584597734098
0.00221666666667 5.21008514109e-10 0 0 0.796696449524 0.119319187139 0.583983524
0.00222083333333 3.36901229137e-10 0 0 0.797117487835 0.119512565524 0.583369106914
0.002225 3.93616361727e-10 0 0 0.797537793181 0.119706882811 0.582754484356
0.00222916666667 7.58298479564e-10 0 0 0.797957364524 0.119902138522 0.582139657845
0.00223333333333 1.74115294405e-09 0 0 0.798376200828 0.120098332173 0.581524628897
0.0022375 4.15734535686e-09 0 0 0.79879430106 0.120295463283 0.580909399029
0.00224166666667 1.00020178806e-08 0 0 0.799211664185 0.120493531363 0.58029396976
0.00224583333333 2.40966295806e-08 0 0 0.799628289174 0.120692535928 0.579678342608
0.00225 5.80642691705e-08 0 0 0.800044174997 0.120892476484 0.579062519091
0.00225416666667 1.39909913988e-07 0 0 0.800459320627 0.121093352539 0.578446500729
0.00225833333333 3.37098221725e-07 0 0 0.800873725038 0.121295163598 0.577830289041
0.0022625 8.12136998374e-07 0 0 0.801287387207 0.121497909163 0.577213885547
0.00226666666667 1.95643813539e-06 0 0 0.80170030611 0.121701588732 0.576597291767
0.00227083333333 4.71266262542e-06 0 5.55111512313e-17 0.802112480729 0.121906201805 0.57598050922
0.002275 1.13508642404e-05 0 1.11022302463e-16 0.802523910043 0.122111747875 0.575363539429
0.00227916666667 2.73370363325e-05 0 2.77555756156e-16 0.802934593037 0.122318226436 0.574746383913
0.00228333333333 6.5830641398e-05 0 5.55111512313e-16 0.803344528695 0.122525636977 0.574129044194
0.0022875 0.000158505775421 0 1.22124532709e-15 0.803753716004 0.122733978987 0.573511521795
0.00229166666667 0.000381565660058 0 2.6645352591e-15 0.804162153953 0.122943251951 0.572893818236
0.00229583333333 0.00091816548862 0 5.66213742559e-15 0.804569841532 0.123153455353 0.572275935041
0.0023 0.00220754076681 0 1.22124532709e-14 0.804976777733 0.123364588673 0.571657873731
0.00230416666667 0.00529753712921 0 2.62012633812e-14 0.805382961549 0.123576651391 0.571039635831
0.00230833333333 0.0126568281619 0 5.62883073485e-14 0.805788391977 0.123789642982 0.570421222862
0.0023125 0.0299295083744 0 1.2084777623e-13 0.806193068014 0.12400356292 0.569802636349
0.00231666666667 0.0691184199172 0 2.59625654309e-13 0.80659698866 0.124218410677 0.569183877816
0.00232083333333 0.151590343905 0 5.5772053642e-13 0.807000152915 0.124434185723 0.568564948787
0.002325 0.300664197392 0 1.19793064357e-12 0.807402559782 0.124650887523 0.567945850785
0.00232916666667 0.508455075537 0 2.57316390417e-12 0.807804208267 0.124868515543 0.567326585337
0.00233333333333 0.713347843677 0 5.52691226119e-12 0.808205097375 0.125087069245 0.566707153967
0.0023375 0.856864901415 0 1.18712817354e-11 0.808605226115 0.125306548088 0.5660875582
0.00234166666667 0.935063124361 0 2.54977705616e-11 0.809004593497 0.125526951531 0.565467799562
0.00234583333333 0.971936501288 0 5.47646372695e-11 0.809403198534 0.125748279029 0.564847879579
0.00235 0.988136545069 0 1.17622356299e-10 0.809801040239 0.125970530034 0.564227799778
0.00235416666667 0.995032263249 0 2.52622478492e-10 0.810198117628 0.126193703997 0.563607561684
0.00235833333333 0.997928023854 0 5.4255855364e-10 0.810594429719 0.126417800367 0.562987166824
0.0023625 0.99913719677 0 1.16523551918e-09 0.81098997553 0.126642818588 0.562366616726
0.00236666666667 0.999640938535 0 2.50249609923e-09 0.811384754084 0.126868758106 0.561745912917
0.00237083333333 0.999850605337 0 5.37434763359e-09 0.811778764403 0.127095618361 0.561125056925
0.002375 0.999937843679 0 1.15417275182e-08 0.812172005512 0.127323398793 0.560504050277
0.00237916666667 0.999974138688 0 2.47861272618e-08 0.812564476439 0.127552098837 0.559882894501
0.00238333333333 0.999989239218 0 5.32279077481e-08 0.812956176212 0.127781717929 0.559261591127
0.0023875 0.99999552214 0 1.14304425813e-07 0.813347103862 0.1280122555 0.558640141682
0.00239166666667 0.999998136485 0 2.45459409465e-07 0.81373725842 0.12824371098 0.558018547696
0.00239583333333 0.99999922441 0 5.27095550706e-07 0.814126638922 0.128476083797 0.557396810698
0.0024 0.999999677174 0 1.1318582514e-06 0.814515244404 0.128709373376 0.556774932218
0.00240416666667 0.999999865618 0 2.43045548409e-06 0.814903073904 0.128943579139 0.556152913785
0.00240833333333 0.999999944056 0 5.21886385946e-06 0.815290126462 0.129178700507 0.555530756929
0.0024125 0.999999976708 0 1.12061456737e-05 0.81567640112 0.129414736899 0.554908463182
0.00241666666667 0.999999990302 0 2.40617405158e-05 0.816061896922 0.12965168773 0.554286034072
0.00242083333333 0.999999995962 0 5.16636334175e-05 0.816446612913 0.129889552414 0.553663471131
0.002425 0.999999998318 0 0.000110923282606 0.816830548142 0.130128330363 0.553040775891
0.00242916666667 0.9999999993 0 0.000238135776177 0.817213701657 0.130368020985 0.552417949882
0.00243333333333 0.999999999708 0 0.000511160137078 0.817596072511 0.130608623687 0.551794994637
0.0024375 0.999999999878 0 0.00109684988376 0.817977659757 0.130850137874 0.551171911687
0.00244166666667 0.999999999949 0 0.0023520136104 0.81835846245 0.131092562947 0.550548702563
0.00244583333333 0.999999999979 0 0.00503619402715 0.818738479647 0.131335898308 0.5499253688
0.00245 0.999999999991 0 0.0107504773094 0.819117710409 0.131580143353 0.549301911929
0.00245416666667 0.999999999996 0 0.0227995570188 0.819496153795 0.131825297478 0.548678333483
0.00245833333333 0.999999999998 0 0.047701382715 0.81987380887 0.132071360077 0.548054634995
0.0024625 0.999999999999 0 0.0970974920461 0.820250674697 0.132318330539 0.547430817999
0.00246666666667 1 0 0.187567690576 0.820626750345 0.132566208253 0.546806884029
0.00247083333333 1 0 0.331391240792 0.821002034883 0.132814992607 0.546182834618
0.002475 1 0 0.51551535201 0.82137652738 0.133064682983 0.545558671301
0.00247916666667 1 0 0.695518988938 0.82175022691 0.133315278764 0.544934395611
0.00248333333333 1 0 0.830616879757 0.822123132549 0.133566779329 0.544310009085
0.0024875 1 0 0.913247627742 0.822495243372 0.133819184056 0.543685513256
0.00249166666667 1 0 0.957624326993 0.822866558459 0.134072492319 0.543060909659
0.00249583333333 1 0 0.979802676623 0.823237076891 0.134326703491 0.542436199831
0.0025 1 0 0.990488620736 0.82360679775 0.134581816943 0.541811385307
0.00250416666667 1 0 0.995546521521 0.823975720121 0.134837832043 0.541186467623
0.00250833333333 1 0 0.997920387651 0.824343843091 0.135094748157 0.540561448314
0.0025125 1 0 0.999030118676 0.824711165749 0.135352564649 0.539936328919
0.00251666666667 1 5.55111512313e-17 0.999547933923 0.825077687185 0.135611280881 0.539311110972
0.00252083333333 1 1.66533453694e-16 0.999789345978 0.825443406493 0.135870896212 0.538685796011
0.002525 1 3.88578058619e-16 0.99990185093 0.825808322766 0.136131409998 0.538060385574
0.00252916666667 1 9.43689570931e-16 0.999954272122 0.826172435103 0.136392821595 0.537434881197
0.00253333333333 1 2.27595720048e-15 0.999978695654 0.826535742601 0.136655130356 0.536809284418
0.0025375 1 5.44009282066e-15 0.999990074461 0.826898244362 0.13691833563 0.536183596776
0.00254166666667 1 1.29340982369e-14 0.999995375746 0.827259939489 0.137182436767 0.535557819808
0.00254583333333 1 3.06421554797e-14 0.999997845571 0.827620827086 0.137447433112 0.534931955053
0.00255 1 7.26085858105e-14 0.999998996248 0.82798090626 0.137713324008 0.534306004049
0.00255416666667 1 1.72029057666e-13 0.999999532346 0.82834017612 0.137980108798 0.533679968335
0.00255833333333 1 4.07784916945e-13 0.999999782116 0.828698635777 0.138247786821 0.533053849451
0.0025625 1 9.66726698692e-13 0.999999898485 0.829056284345 0.138516357414 0.532427648936
0.00256666666667 1 2.29205543434e-12 0.999999952702 0.829413120938 0.138785819912 0.531801368329
0.00257083333333 1 5.43476375015e-12 0.999999977963 0.829769144674 0.139056173647 0.53117500917
0.002575 1 1.28878019368e-11 0.999999989732 0.830124354671 0.139327417951 0.530548573
0.00257916666667 1 3.05648839571e-11 0.999999995216 0.830478750052 0.139599552151 0.529922061358
0.00258333333333 1 7.24951765285e-11 0.999999997771 0.830832329938 0.139872575574 0.529295475785
0.0025875 1 1.71964442686e-10 0.999999998961 0.831185093456 0.140146487544 0.528668817822
0.00259166666667 1 4.07953837378e-10 0.999999999516 0.831537039733 0.140421287382 0.528042089011
0.00259583333333 1 9.67890267933e-10 0.999999999775 0.831888167898 0.140696974409 0.527415290892
0.0026 1 2.29659302686e-09 0.999999999895 0.832238477084 0.140973547941 0.526788425007
0.00260416666667 1 5.44985190309e-09 0.999999999951 0.832587966423 0.141251007295 0.526161492897
0.00260833333333 1 1.29338576516e-08 0.999999999977 0.832936635051 0.141529351782 0.525534496105
0.0026125 1 3.06982861353e-08 0.999999999989 0.833284482106 0.141808580714 0.524907436173
0.00261666666667 1 7.28690019436e-08 0.999999999995 0.833631506728 0.1420886934 0.524280314643
0.00262083333333 1 1.72987252633e-07 0.999999999998 0.83397770806 0.142369689146 0.523653133059
0.002625 1 4.10703026255e-07 0.999999999999 0.834323085244 0.142651567258 0.523025892962
0.00262916666667 1 9.75178482909e-07 0.999999999999 0.834667637427 0.142934327036 0.522398595896
0.00263333333333 1 2.31570105769e-06 1 0.835011363757 0.143217967781 0.521771243405
0.0026375 1 5.49949178191e-06 1 0.835354263385 0.143502488792 0.521143837031
0.00264166666667 1 1.30618040812e-05 1 0.835696335464 0.143787889363 0.52051637832
0.00264583333333 1 3.10257056514e-05 1 0.836037579146 0.144074168789 0.519888868815
0.00265 1 7.37007344686e-05 1 0.83637799359 0.144361326362 0.51926131006
0.00265416666667 1 0.00017508091509 1 0.836717577953 0.14464936137 0.518633703599
0.00265833333333 1 0.000415898665689 1 0.837056331398 0.144938273101 0.518006050978
0.0026625 1 0.00098772176569 1 0.837394253086 0.145228060841 0.517378353741
0.00266666666667 1 0.00234413387279 1 0.837731342182 0.145518723871 0.516750613434
0.00267083333333 1 0.00555345365148 1 0.838067597855 0.145810261473 0.516122831602
0.002675 1 0.0131001723725 1 0.838403019273 0.146102672926 0.51549500979
0.00267916666667 1 0.0305897488079 1 0.838737605607 0.146395957507 0.514867149545
0.00268333333333 1 0.069784405956 1 0.839071356032 0.146690114489 0.514239252412
0.0026875 1 0.151370554221 1 0.839404269723 0.146985143145 0.513611319937
0.00269166666667 1 0.297824076488 1 0.839736345857 0.147281042747 0.512983353667
0.00269583333333 1 0.502156605879 1 0.840067583615 0.147577812561 0.512355355149
0.0027 1 0.705791378578 1 0.840397982178 0.147875451854 0.511727325929
0.00270416666667 1 0.850881455374 1 0.840727540731 0.148173959889 0.511099267555
0.00270833333333 1 0.931382876355 1 0.841056258461 0.14847333593 0.510471181573
0.0027125 1 0.969962820139 1 0.841384134555 0.148773579234 0.509843069532
0.00271666666667 1 0.987151691651 1 0.841711168205 0.149074689062 0.509214932977
0.00272083333333 1 0.994559871035 1 0.842037358602 0.149376664666 0.508586773459
0.002725 1 0.997706727708 1 0.842362704943 0.149679505303 0.507958592523
0.00272916666667 1 0.999035135704 1 0.842687206423 0.149983210221 0.50733039172
0.00273333333333 1 0.999594397738 1 0.843010862243 0.150287778672 0.506702172596
0.0027375 1 0.999829567662 1 0.843333671604 0.150593209902 0.506073936701
0.00274166666667 1 0.99992840166 1 0.843655633708 0.150899503157 0.505445685583
0.00274583333333 1 0.999969926204 1 0.843976747763 0.151206657679 0.504817420791
0.00275 1 0.999987369346 1 0.844297012975 0.15151467271 0.504189143874
0.00275416666667 1 0.999994695553 1 0.844616428554 0.151823547488 0.503560856381
0.00275833333333 1 0.99999777192 1 0.844934993714 0.152133281251 0.502932559863
0.0027625 1 0.999999062844 1 0.845252707667 0.152443873233 0.502304255867
0.00276666666667 1 0.999999602827 1 0.845569569631 0.152755322667 0.501675945945
0.00277083333333 1 0.999999824966 1 0.845885578823 0.153067628784 0.501047631645
0.002775 1 0.999999908063 1 0.846200734466 0.153380790812 0.500419314518
0.00277916666667 1 0.999999920375 1 0.846515035782 0.153694807978 0.499790996114
0.00278333333333 1 0.999999875401 1 0.846828481995 0.154009679507 0.499162677983
0.0027875 1 0.999999745137 1 0.847141072334 0.154325404621 0.498534361676
0.00279166666667 1 0.999999443047 1 0.847452806027 0.15464198254 0.497906048743
0.00279583333333 1 0.999998766741 1 0.847763682307 0.154959412483 0.497277740735
0.0028 1 0.999997262526 1 0.848073700406 0.155277693667 0.496649439203
0.00280416666667 1 0.999993921277 1 0.848382859562 0.155596825305 0.496021145698
0.00280833333333 1 0.999986501941 1 0.848691159012 0.15591680661 0.49539286177
0.0028125 1 0.999970029579 1 0.848998597997 0.156237636792 0.494764588971
0.00281666666667 1 0.999933462558 1 0.849305175759 0.15655931506 0.494136328853
0.00282083333333 1 0.999852300383 1 0.849610891542 0.156881840619 0.493508082966
0.002825 1 0.999672200076 1 0.849915744594 0.157205212674 0.492879852862
0.00282916666667 1 0.999272719112 1 0.850219734164 0.157529430427 0.492251640093
0.00283333333333 1 0.998387338029 1 0.850522859503 0.157854493078 0.49162344621
0.0028375 1 0.996428293778 1 0.850825119863 0.158180399825 0.490995272765
0.00284166666667 1 0.992108968882 1 0.851126514502 0.158507149864 0.490367121311
0.00284583333333 1 0.98265872066 1 0.851427042677 0.158834742389 0.489738993398
0.00285 1 0.962324136011 1 0.851726703647 0.159163176593 0.489110890579
0.00285416666667 1 0.920091039312 1 0.852025496674 0.159492451665 0.488482814406
0.00285833333333 1 0.83847582757 1 0.852323421024 0.159822566794 0.487854766432
0.0028625 1 0.700644863693 1 0.852620475963 0.160153521165 0.487226748207
0.00286666666667 1 0.513472558778 1 0.852916660758 0.160485313963 0.486598761285
0.00287083333333 1 0.322464066019 1 0.853211974682 0.160817944368 0.485970807218
0.002875 1 0.176716761559 1 0.853506417007 0.161151411563 0.485342887558
0.00287916666667 1 0.088270261766 1 0.853799987009 0.161485714724 0.484715003857
0.00288333333333 1 0.0418450572527 1 0.854092683965 0.161820853027 0.484087157668
0.0028875 1 0.0193212657176 1 0.854384507154 0.162156825647 0.483459350543
0.00289166666667 1 0.00881061202227 1 0.854675455859 0.162493631755 0.482831584035
0.00289583333333 1 0.0039947706978 1 0.854965529363 0.162831270522 0.482203859696
0.0029 1 0.00180661608289 1 0.855254726953 0.163169741116 0.481576179079
0.00290416666667 1 0.000816126826453 0.999999999999 0.855543047917 0.163509042702 0.480948543735
0.00290833333333 1 0.000368513397442 0.999999999999 0.855830491546 0.163849174445 0.480320955218
0.0029125 1 0.000166372764736 0.999999999996 0.856117057133 0.164190135506 0.47969341508
0.00291666666667 1 7.51109052369e-05 0.999999999991 0.856402743972 0.164531925047 0.479065924872
0.00292083333333 1 3.3911106079e-05 0.999999999978 0.856687551361 0.164874542224 0.478438486149
0.002925 1 1.53112624343e-05 0.999999999946 0.856971478599 0.165217986195 0.477811100461
0.00292916666667 1 6.91377870948e-06 0.999999999867 0.857254524988 0.165562256113 0.477183769362
0.00293333333333 1 3.12217878717e-06 0.999999999673 0.857536689832 0.16590735113 0.476556494403
0.0029375 1 1.41006436705e-06 0.999999999192 0.857817972436 0.166253270396 0.475929277136
0.00294166666667 1 6.36882677429e-07 0.999999998007 0.858098372109 0.166600013061 0.475302119115
0.00294583333333 1 2.87686476641e-07 0.999999995083 0.858377888161 0.166947578269 0.47467502189
0.00295 1 1.29962791029e-07 0.999999987869 0.858656519904 0.167295965166 0.474047987015
0.00295416666667 1 5.87162333199e-08 0.999999970074 0.858934266655 0.167645172893 0.47342101604
0.00295833333333 1 2.65299786029e-08 0.999999926173 0.859211127728 0.167995200591 0.472794110518
0.0029625 1 1.19882319072e-08 0.999999817873 0.859487102444 0.168346047398 0.472167272001
0.00296666666667 1 5.41767380957e-09 0.999999550706 0.859762190125 0.168697712451 0.47154050204
0.00297083333333 1 2.44855591358e-09 0.999998891634 0.860036390093 0.169050194884 0.470913802186
0.002975 1 1.10674253095e-09 0.999997265789 0.860309701674 0.169403493829 0.470287173992
0.00297916666667 1 5.0029080878e-10 0.999993255087 0.860582124197 0.169757608418 0.469660619009
0.00298333333333 1 2.26171470441e-10 0.999983361491 0.860853656991 0.170112537777 0.469034138788
0.0029875 1 1.02256869638e-10 0.999958956677 0.861124299389 0.170468281035 0.468407734879
0.00299166666667 1 4.62366256393e-11 0.999898760194 0.861394050725 0.170824837315 0.467781408834
0.00299583333333 1 2.09083306224e-11 0.99975030036 0.861662910337 0.17118220574 0.467155162204
0.003 1 9.45565847843e-12 0.999384276012 0.861930877563 0.171540385432 0.46652899654
0.00300416666667 1 4.27663460201e-12 0.998482540042 0.862197951745 0.171899375508 0.465902913391
0.00300833333333 1 1.93445259811e-12 0.996265169854 0.862464132225 0.172259175085 0.465276914309
0.0030125 1 8.7507778801e-13 0.990837513285 0.86272941835 0.172619783278 0.464651000843
0.00301666666667 1 3.95905530581e-13 0.977698871939 0.862993809467 0.172981199201 0.464025174544
0.00302083333333 1 1.79134485023e-13 0.94673328892 0.863257304927 0.173343421963 0.46339943696
0.003025 1 8.10462807976e-14 0.878131873566 0.863519904081 0.173706450674 0.462773789643
0.00302916666667 1 3.66928709639e-14 0.744980659491 0.863781606283 0.174070284441 0.46214823414
0.00303333333333 1 1.65978342181e-14 0.54219710511 0.864042410892 0.174434922369 0.461522772003
0.0030375 1 7.49400541622e-15 0.324399402793 0.864302317264 0.17480036356 0.460897404778
0.00304166666667 1 3.38618022511e-15 0.162950965509 0.864561324762 0.175166607117 0.460272134016
0.00304583333333 1 1.55431223448e-15 0.0731534204064 0.864819432749 0.175533652138 0.459646961264
0.00305 1 6.66133814775e-16 0.0310079151458 0.865076640589 0.17590149772 0.459021888071
0.00305416666667 1 3.33066907388e-16 0.0128080895712 0.865332947652 0.176270142959 0.458396915986
0.00305833333333 1 1.11022302463e-16 0.00523286560474 0.865588353305 0.176639586948 0.457772046555
0.0030625 1 5.55111512313e-17 0.00212830208176 0.865842856923 0.177009828778 0.457147281327
0.00306666666667 1 0 0.000864029704833 0.866096457878 0.177380867539 0.456522621848
0.00307083333333 1 0 0.000350511699082 0.866349155548 0.177752702319 0.455898069666
0.003075 1 0 0.000142150690074 0.86660094931 0.178125332202 0.455273626327
0.00307916666667 1 0 5.7643048987e-05 0.866851838547 0.178498756273 0.454649293378
0.00308333333333 1 0 2.33737553967e-05 0.867101822641 0.178872973612 0.454025072365
0.0030875 1 0 9.47778103078e-06 0.867350900977 0.179247983301 0.453400964834
0.00309166666667 1 0 3.84314532315e-06 0.867599072943 0.179623784416 0.45277697233
0.00309583333333 1 0 1.55837190863e-06 0.867846337929 0.180000376034 0.452153096399
0.0031 1 0 6.31917702498e-07 0.868092695326 0.180377757227 0.451529338585
0.00310416666667 1 0 2.56245038188e-07 0.868338144529 0.180755927069 0.450905700434
0.00310833333333 1 0 1.03909715554e-07 0.868582684934 0.18113488463 0.450282183488
0.0031125 1 0 4.21369141801e-08 0.86882631594 0.181514628976 0.449658789293
0.00311666666667 1 0 1.70873721284e-08 0.869069036948 0.181895159175 0.449035519392
0.00312083333333 0.999999999999 0 6.92937218716e-09 0.86931084736 0.18227647429 0.448412375327
0.003125 0.999999999998 0 2.81007972447e-09 0.869551746582 0.182658573385 0.447789358642
0.00312916666667 0.999999999996 0 1.13959258696e-09 0.869791734021 0.183041455518 0.447166470879
0.00313333333333 0.999999999992 0 4.62154148284e-10 0.870030809087 0.183425119749 0.44654371358
0.0031375 0.999999999982 0 1.87426296705e-10 0.870268971192 0.183809565133 0.445921088288
0.00314166666667 0.99999999996 0 7.60117524479e-11 0.870506219749 0.184194790726 0.445298596542
0.00314583333333 0.999999999911 0 3.08273961913e-11 0.870742554176 0.18458079558 0.444676239885
0.00315 0.9999999998 0 1.25026100584e-11 0.870977973891 0.184967578745 0.444054019856
0.00315416666667 0.999999999551 0 5.07072162037e-12 0.871212478314 0.185355139271 0.443431937996
0.00315833333333 0.999999998993 0 2.05657713082e-12 0.871446066869 0.185743476204 0.442809995844
0.0031625 0.999999997742 0 8.34110558401e-13 0.87167873898 0.186132588588 0.44218819494
0.00316666666667 0.999999994936 0 3.38340466755e-13 0.871910494076 0.186522475467 0.441566536822
0.00317083333333 0.999999988644 0 1.37223565844e-13 0.872141331585 0.186913135882 0.440945023028
0.003175 0.999999974529 0 5.5677684685e-14 0.87237125094 0.187304568871 0.440323655098
0.00317916666667 0.999999942863 0 2.25930385511e-14 0.872600251574 0.187696773472 0.439702434568
0.00318333333333 0.99999987182 0 9.15933995316e-15 0.872828332924 0.18808974872 0.439081362975
0.0031875 0.999999712411 0 3.71924713249e-15 0.873055494429 0.188483493648 0.438460441855
0.00319166666667 0.999999354693 0 1.49880108324e-15 0.873281735529 0.188878007288 0.437839672746
0.00319583333333 0.999998551878 0 6.10622663544e-16 0.873507055668 0.189273288668 0.437219057182
0.0032 0.999996749966 0 2.22044604925e-16 0.87373145429 0.189669336816 0.436598596698
0.00320416666667 0.999992705186 0 1.11022302463e-16 0.873954930843 0.190066150758 0.43597829283
0.00320833333333 0.999983624939 0 5.55111512313e-17 0.874177484776 0.190463729518 0.435358147112
0.0032125 0.999963238668 0 0 0.874399115542 0.190862072116 0.434738161076
0.00321666666667 0.999917465959 0 0 0.874619822595 0.191261177573 0.434118336257
0.00322083333333 0.999814691718 0 0 0.87483960539 0.191661044907 0.433498674186
0.003225 0.999583949951 0 0 0.875058463388 0.192061673133 0.432879176397
0.00322916666667 0.999066066065 0 0 0.875276396047 0.192463061265 0.43225984442
0.00323333333333 0.997904675305 0 0 0.875493402833 0.192865208316 0.431640679787
0.0032375 0.995305345407 0 0 0.875709483209 0.193268113295 0.431021684028
0.00324166666667 0.989514258845 0 0 0.875924636643 0.193671775211 0.430402858674
0.00324583333333 0.97674413932 0 0 0.876138862606 0.19407619307 0.429784205253
0.00325 0.949214994404 0 0 0.876352160569 0.194481365877 0.429165725296
0.00325416666667 0.892668930749 0 0 0.876564530006 0.194887292633 0.428547420329
0.00325833333333 0.78725497714 0 0 0.876775970395 0.195293972339 0.427929291881
0.0032625 0.622110219596 0 0 0.876986481213 0.195701403995 0.42731134148
0.00326666666667 0.422740903075 0 0 0.877196061942 0.196109586596 0.426693570651
0.00327083333333 0.245699497494 0 0 0.877404712065 0.196518519138 0.426075980922
0.003275 0.12653656761 0 0 0.877612431067 0.196928200612 0.425458573817
0.00327916666667 0.0605234605566 0 0 0.877819218437 0.197338630012 0.424841350862
0.00328333333333 0.0278479677371 0 0 0.878025073664 0.197749806324 0.42422431358
0.0032875 0.0125759133372 0 0 0.87822999624 0.198161728537 0.423607463497
0.00329166666667 0.00563008920948 0 0 0.878433985661 0.198574395635 0.422990802134
0.00329583333333 0.00251051108232 0 0 0.878637041422 0.198987806603 0.422374331015
0.0033 0.00111740382872 0 0 0.878839163023 0.199401960421 0.421758051661
0.00330416666667 0.000496911546312 0 0 0.879040349965 0.199816856069 0.421141965595
0.00330833333333 0.000220884932388 0 0 0.879240601752 0.200232492525 0.420526074336
0.0033125 9.81770542877e-05 0 0 0.879439917889 0.200648868764 0.419910379405
0.00331666666667 4.36659006888e-05 0 0 0.879638297885 0.20106598376 0.419294882321
0.00332083333333 1.95044013923e-05 0 0 0.879835741249 0.201483836486 0.418679584603
0.003325 8.91280348098e-06 0 0 0.880032247494 0.20190242591 0.418064487771
0.00332916666667 4.54417367907e-06 0 0 0.880227816136 0.202321751002 0.41744959334
0.00333333333333 3.39491589496e-06 0 0 0.880422446691 0.202741810727 0.416834902829
0.0033375 4.744531301e-06 0 0 0.880616138678 0.20316260405 0.416220417753
0.00334166666667 9.71607537054e-06 0 0 0.88080889162 0.203584129933 0.415606139629
0.00334583333333 2.21996772364e-05 0 0 0.88100070504 0.204006387338 0.414992069972
0.00335 5.18910226167e-05 0 0 0.881191578464 0.204429375221 0.414378210295
0.00335416666667 0.000121812288435 0 0 0.881381511421 0.204853092542 0.413764562113
0.00335833333333 0.000286132296567 0 0 0.881570503442 0.205277538254 0.41315112694
0.0033625 0.000672000540262 0 0 0.881758554059 0.20570271131 0.412537906286
0.00336666666667 0.00157729867088 0 0 0.881945662809 0.206128610661 0.411924901665
0.00337083333333 0.00369730853406 0 0 0.882131829228 0.206555235258 0.411312114588
0.003375 0.00864122097456 0 0 0.882317052856 0.206982584047 0.410699546564
0.00337916666667 0.0200607804887 0 0 0.882501333236 0.207410655974 0.410087199105
0.00338333333333 0.0458686298586 0 0 0.882684669912 0.207839449982 0.409475073718
0.0033875 0.101431348907 0 0 0.88286706243 0.208268965014 0.408863171913
0.00339166666667 0.209502495928 0 0 0.883048510341 0.208699200009 0.408251495197
0.00339583333333 0.383542770719 0 0 0.883229013194 0.209130153906 0.407640045077
0.0034 0.593570660892 0 0 0.883408570544 0.20956182564 0.407028823061
0.00340416666667 0.774155324581 0 0 0.883587181947 0.209994214147 0.406417830653
0.00340833333333 0.889436563869 0 0 0.883764846961 0.210427318358 0.405807069359
0.0034125 0.949691695677 0 0 0.883941565145 0.210861137205 0.405196540683
0.00341666666667 0.977921615682 0 0 0.884117336064 0.211295669616 0.404586246128
0.00342083333333 0.99046861743 0 0 0.884292159282 0.211730914518 0.403976187199
0.003425 0.995914596339 0 0 0.884466034367 0.212166870836 0.403366365397
0.00342916666667 0.998254187947 0 0 0.884638960888 0.212603537494 0.402756782224
0.00343333333333 0.999254887421 0 0 0.884810938418 0.213040913413 0.402147439181
0.0034375 0.999682135059 0 0 0.88498196653 0.213478997513 0.401538337768
0.00344166666667 0.999864417782 0 0 0.885152044801 0.213917788712 0.400929479484
0.00344583333333 0.999942168656 0 0 0.885321172811 0.214357285925 0.400320865829
0.00345 0.999975331068 0 0 0.88548935014 0.214797488067 0.3997124983
0.00345416666667 0.99998947614 0 0 0.885656576373 0.21523839405 0.399104378396
0.00345833333333 0.999995510043 0 0 0.885822851095 0.215680002785 0.398496507612
0.0034625 0.999998084185 0 0 0.885988173894 0.21612231318 0.397888887444
0.00346666666667 0.999999182457 0 0 0.886152544361 0.216565324142 0.397281519389
0.00347083333333 0.99999965109 0 0 0.886315962088 0.217009034577 0.39667440494
0.003475 0.999999851077 0 0 0.886478426672 0.217453443387 0.396067545592
0.00347916666667 0.999999936429 0 0 0.886639937709 0.217898549474 0.395460942838
0.00348333333333 0.999999972861 0 5.55111512313e-17 0.8868004948 0.218344351739 0.394854598169
0.0034875 0.999999988413 0 1.66533453694e-16 0.886960097546 0.218790849078 0.394248513078
0.00349166666667 0.999999995052 0 3.33066907388e-16 0.887118745553 0.219238040387 0.393642689057
0.00349583333333 0.999999997887 0 6.66133814775e-16 0.887276438426 0.219685924562 0.393037127594
0.0035 0.999999999098 0 1.44328993201e-15 0.887433175776 0.220134500495 0.39243183018
0.00350416666667 0.999999999615 0 3.10862446895e-15 0.887588957213 0.220583767076 0.391826798304
0.00350833333333 0.999999999835 0 6.66133814775e-15 0.887743782353 0.221033723195 0.391222033454
0.0035125 0.99999999993 0 1.43218770177e-14 0.88789765081 0.221484367738 0.390617537116
0.00351666666667 0.99999999997 0 3.08642000846e-14 0.888050562204 0.221935699592 0.390013310779
0.00352083333333 0.999999999987 0 6.63913368726e-14 0.888202516155 0.222387717639 0.389409355927
0.003525 0.999999999995 0 1.42830192118e-13 0.888353512287 0.222840420763 0.388805674047
0.00352916666667 0.999999999998 0 3.07365244367e-13 0.888503550225 0.223293807842 0.388202266622
0.00353333333333 0.999999999999 0 6.61359855769e-13 0.888652629598 0.223747877755 0.387599135137
0.0035375 1 0 1.42313938412e-12 0.888800750036 0.22420262938 0.386996281074
0.00354166666667 1 0 3.06249470228e-12 0.888947911171 0.224658061591 0.386393705916
0.00354583333333 1 0 6.59056142993e-12 0.889094112638 0.225114173261 0.385791411145
0.00355 1 0 1.41835432288e-11 0.889239354076 0.225570963261 0.385189398241
0.00355416666667 1 0 3.05252489952e-11 0.889383635123 0.226028430462 0.384587668685
0.00355833333333 1 0 6.5697391971e-11 0.889526955422 0.226486573732 0.383986223956
0.0035625 1 0 1.41400502418e-10 0.889669314618 0.226945391936 0.383385065532
0.00356666666667 1 0 3.04345992852e-10 0.889810712356 0.22740488394 0.382784194892
0.00357083333333 1 0 6.55085763412e-10 0.889951148288 0.227865048606 0.382183613514
0.003575 1 5.55111512313e-17 1.41007683307e-09 0.890090622063 0.228325884796 0.381583322873
0.00357916666667 1 1.11022302463e-16 3.03529912316e-09 0.890229133337 0.228787391368 0.380983324445
0.00358333333333 1 3.33066907388e-16 6.53392867589e-09 0.890366681765 0.229249567181 0.380383619706
0.0035875 1 7.77156117238e-16 1.40657055447e-08 0.890503267007 0.229712411091 0.379784210129
0.00359166666667 1 1.94289029309e-15 3.02804945562e-08 0.890638888723 0.230175921952 0.379185097189
0.00359583333333 1 4.71844785466e-15 6.5189670051e-08 0.890773546577 0.230640098616 0.378586282358
0.0036 1 1.14352971536e-14 1.40348908717e-07 0.890907240235 0.231104939936 0.377987767108
0.00360416666667 1 2.78110867669e-14 3.0217169944e-07 0.891039969365 0.23157044476 0.377389552911
0.00360833333333 1 6.73350264435e-14 6.5059849097e-07 0.891171733638 0.232036611936 0.376791641238
0.0036125 1 1.63147273469e-13 1.40083444267e-06 0.891302532727 0.23250344031 0.376194033558
0.00361666666667 1 3.95461441371e-13 3.01630279215e-06 0.891432366307 0.232970928726 0.37559673134
0.00362083333333 1 9.58455537159e-13 6.49496871841e-06 0.891561234057 0.233439076027 0.374999736054
0.003625 1 2.32336372363e-12 1.39859616111e-05 0.891689135656 0.233907881054 0.374403049166
0.00362916666667 1 5.63221691507e-12 3.01174918448e-05 0.891816070787 0.234377342647 0.373806672144
0.00363333333333 1 1.36544664464e-11 6.4856306812e-05 0.891942039135 0.234847459643 0.373210606453
0.0036375 1 3.31057958824e-11 0.000139663628052 0.892067040387 0.235318230879 0.372614853561
0.00364166666667 1 8.02720667714e-11 0.000300740635489 0.892191074234 0.235789655189 0.37201941493
0.00364583333333 1 1.94650795482e-10 0.000647493555883 0.892314140367 0.236261731406 0.371424292026
0.00365 1 4.72040573296e-10 0.00139354316258 0.892436238482 0.236734458361 0.370829486311
0.00365416666667 1 1.14481102376e-09 0.0029967280204 0.892557368275 0.237207834884 0.370234999249
0.00365833333333 1 2.77664008452e-09 0.00643262461434 0.892677529446 0.237681859803 0.3696408323
0.0036625 1 6.73498445902e-09 0.0137540868943 0.892796721696 0.238156531944 0.369046986927
0.00366666666667 1 1.63374693218e-08 0.0291650811561 0.892914944729 0.238631850133 0.368453464588
0.00367083333333 1 3.96336513608e-08 0.060781492297 0.893032198254 0.239107813192 0.367860266745
0.003675 1 9.61555672863e-08 0.122356119449 0.893148481977 0.239584419943 0.367267394855
0.00367916666667 1 2.33300545771e-07 0.230975532192 0.893263795612 0.240061669207 0.366674850377
0.00368333333333 1 5.66093202037e-07 0.392866140084 0.893378138872 0.240539559802 0.366082634768
0.0036875 1 1.37369656061e-06 0.582315738897 0.893491511473 0.241018090544 0.365490749485
0.00369166666667 1 3.33368082583e-06 0.750239730404 0.893603913134 0.24149726025 0.364899195984
0.00369583333333 1 8.09071283753e-06 0.866172513757 0.893715343576 0.241977067733 0.364307975719
0.0037 1 1.96370990057e-05 0.933093608433 0.893825802523 0.242457511805 0.363717090145
0.00370416666667 1 4.76640979922e-05 0.967795882111 0.8939352897 0.242938591278 0.363126540715
0.00370833333333 1 0.000115696083766 0.984793069218 0.894043804837 0.243420304959 0.362536328884
0.0037125 1 0.000280824056187 0.992885435734 0.894151347664 0.243902651658 0.361946456101
0.00371666666667 1 0.000681519166793 0.996686067202 0.894257917914 0.244385630179 0.36135692382
0.00372083333333 1 0.00165311826868 0.998459593154 0.894363515323 0.244869239328 0.36076773349
0.003725 1 0.00400459385104 0.999284685158 0.894468139629 0.245353477908 0.360178886561
0.00372916666667 1 0.00966919744793 0.999667990736 0.894571790573 0.24583834472 0.359590384482
0.00373333333333 1 0.0231617859974 0.99984593741 0.894674467897 0.246323838564 0.359002228702
0.0037375 1 0.0544506502025 0.999928519766 0.894776171348 0.246809958238 0.358414420668
0.00374166666667 1 0.12270546503 0.999966838157 0.894876900672 0.24729670254 0.357826961827
0.00374583333333 1 0.253587170171 0.999984616134 0.894976655621 0.247784070266 0.357239853624
0.00375 1 0.452142609243 0.999992863731 0.895075435947 0.248272060208 0.356653097506
0.00375416666667 1 0.667212727107 0.999996689772 0.895173241405 0.248760671161 0.356066694917
0.00375833333333 1 0.829670972312 0.999998464582 0.895270071753 0.249249901914 0.355480647299
0.0037625 1 0.922087781939 0.99999928784 0.895365926751 0.249739751257 0.354894956097
0.00376666666667 1 0.966394640494 0.999999669698 0.895460806161 0.250230217978 0.354309622752
0.00377083333333 1 0.98589171438 0.999999846811 0.895554709748 0.250721300865 0.353724648705
0.003775 1 0.994145949196 0.999999928956 0.89564763728 0.251212998702 0.353140035398
0.00377916666667 1 0.997582942145 0.999999967054 0.895739588526 0.251705310273 0.35255578427
0.00378333333333 1 0.999004119018 0.999999984722 0.895830563259 0.252198234359 0.351971896759
0.0037875 1 0.999590046398 0.999999992915 0.895920561253 0.252691769743 0.351388374305
0.00379166666667 1 0.99983131258 0.999999996715 0.896009582286 0.253185915203 0.350805218345
0.00379583333333 1 0.999930603173 0.999999998477 0.896097626136 0.253680669516 0.350222430315
0.0038 1 0.999971454226 0.999999999294 0.896184692587 0.254176031461 0.349640011652
0.00380416666667 1 0.999988259021 0.999999999673 0.896270781423 0.254671999811 0.349057963789
0.00380833333333 1 0.999995171266 0.999999999848 0.89635589243 0.255168573341 0.348476288162
0.0038125 1 0.999998014219 0.99999999993 0.896440025398 0.255665750822 0.347894986205
0.00381666666667 1 0.999999183418 0.999999999967 0.896523180119 0.256163531025 0.347314059348
0.00382083333333 1 0.999999664233 0.999999999985 0.896605356386 0.25666191272 0.346733509026
0.003825 1 0.999999861946 0.999999999993 0.896686553998 0.257160894675 0.346153336668
0.00382916666667 1 0.999999943242 0.999999999997 0.896766772753 0.257660475655 0.345573543705
0.00383333333333 1 0.999999976666 0.999999999998 0.896846012452 0.258160654428 0.344994131566
0.0038375 1 0.999999990408 0.999999999999 0.8969242729 0.258661429755 0.344415101679
0.00384166666667 1 0.999999996057 1 0.897001553903 0.2591628004 0.343836455474
0.00384583333333 1 0.999999998379 1 0.89707785527 0.259664765124 0.343258194376
0.00385 1 0.999999999334 1 0.897153176813 0.260167322686 0.342680319812
0.00385416666667 1 0.999999999726 1 0.897227518346 0.260670471844 0.342102833206
0.00385833333333 1 0.999999999888 1 0.897300879685 0.261174211356 0.341525735985
0.0038625 1 0.999999999954 1 0.897373260649 0.261678539977 0.34094902957
0.00386666666667 1 0.999999999981 1 0.897444661059 0.262183456461 0.340372715385
0.00387083333333 1 0.999999999992 1 0.897515080738 0.262688959561 0.339796794852
0.003875 1 0.999999999997 1 0.897584519514 0.263195048028 0.339221269391
0.00387916666667 1 0.999999999999 1 0.897652977215 0.263701720613 0.338646140424
0.00388333333333 1 0.999999999999 1 0.897720453671 0.264208976065 0.33807140937
0.0038875 1 1 1 0.897786948717 0.264716813129 0.337497077646
0.00389166666667 1 1 1 0.897852462188 0.265225230554 0.336923146671
0.00389583333333 1 0.999999999999 1 0.897916993924 0.265734227084 0.336349617861
0.0039 1 0.999999999999 1 0.897980543764 0.266243801461 0.335776492633
0.00390416666667 1 0.999999999997 1 0.898043111553 0.266753952429 0.335203772401
0.00390833333333 1 0.999999999994 1 0.898104697136 0.267264678727 0.334631458579
0.0039125 1 0.999999999987 1 0.898165300361 0.267775979096 0.334059552582
0.00391666666667 1 0.999999999971 1 0.89822492108 0.268287852274 0.33348805582
0.00392083333333 1 0.999999999936 1 0.898283559146 0.268800296997 0.332916969706
0.003925 1 0.999999999862 1 0.898341214414 0.269313312001 0.332346295651
0.00392916666667 1 0.999999999699 1 0.898397886743 0.26982689602 0.331776035063
0.00393333333333 1 0.999999999347 0.999999999999 0.898453575993 0.270341047787 0.331206189352
0.0039375 1 0.99999999858 0.999999999998 0.898508282027 0.270855766034 0.330636759925
0.00394166666667 1 0.999999996915 0.999999999995 0.898562004711 0.271371049491 0.33006774819
0.00394583333333 1 0.999999993297 0.999999999989 0.898614743913 0.271886896887 0.329499155553
0.00395 1 0.999999985437 0.999999999973 0.898666499504 0.27240330695 0.328930983417
0.00395416666667 1 0.999999968361 0.999999999933 0.898717271356 0.272920278407 0.328363233189
0.00395833333333 1 0.999999931268 0.999999999836 0.898767059344 0.273437809982 0.327795906271
0.0039625 1 0.999999850697 0.999999999599 0.898815863348 0.2739559004 0.327229004064
0.00396666666667 1 0.999999675696 0.999999999017 0.898863683246 0.274474548383 0.326662527972
0.00397083333333 1 0.999999295615 0.999999997591 0.898910518923 0.274993752653 0.326096479393
0.003975 1 0.999998470178 0.999999994097 0.898956370262 0.275513511929 0.325530859727
0.00397916666667 1 0.999996677658 0.999999985537 0.899001237153 0.276033824931 0.324965670373
0.00398333333333 1 0.999992785268 0.999999964567 0.899045119484 0.276554690376 0.324400912729
0.0039875 1 0.999984333661 0.999999913194 0.899088017149 0.277076106981 0.32383658819
0.00399166666667 1 0.999965983943 0.999999787346 0.899129930043 0.27759807346 0.323272698153
0.00399583333333 1 0.9999261476 0.999999479075 0.899170858063 0.278120588527 0.322709244011
0.004 1 0.999839675986 0.999998723988 0.899210801109 0.278643650895 0.322146227159
0.00400416666667 1 0.999652013639 0.999996874548 0.899249759084 0.279167259276 0.321583648989
0.00400833333333 1 0.999244900486 0.999992344939 0.899287731893 0.279691412378 0.321021510893
0.0040125 1 0.998362380126 0.999981251771 0.899324719444 0.280216108912 0.32045981426
0.00401666666667 1 0.996452291923 0.999954086171 0.899360721645 0.280741347584 0.319898560481
0.00402083333333 1 0.992331883899 0.999887568443 0.89939573841 0.281267127101 0.319337750945
0.004025 1 0.983506108983 0.999724723218 0.899429769652 0.281793446169 0.318777387038
0.00402916666667 1 0.964883651472 0.999326206302 0.899462815291 0.28232030349 0.318217470147
0.00403333333333 1 0.926804409281 0.998351791522 0.899494875244 0.282847697767 0.317658001657
0.0040375 1 0.853701623398 0.995974092917 0.899525949434 0.283375627703 0.317098982954
0.00404166666667 1 0.728953408874 0.990200492939 0.899556037786 0.283904091996 0.31654041542
0.00404583333333 1 0.553485551759 0.976344734683 0.899585140228 0.284433089346 0.315982300437
0.00405 1 0.363609423072 0.94400849143 0.899613256687 0.284962618451 0.315424639388
0.00405416666667 1 0.208470540633 0.873215194506 0.899640387097 0.285492678007 0.314867433651
0.00405833333333 1 0.108268801934 0.737786858443 0.899666531392 0.286023266709 0.314310684607
0.0040625 1 0.0530070174217 0.534782392573 0.899691689508 0.286554383252 0.313754393632
0.00406666666667 1 0.0251572872245 0.31957254218 0.899715861386 0.287086026327 0.313198562105
0.00407083333333 1 0.0117587254116 0.161003926244 0.899739046966 0.287618194627 0.3126431914
0.004075 1 0.00545650216112 0.0727114266272 0.899761246193 0.288150886842 0.312088282893
0.00407916666667 1 0.00252354883287 0.0310473061969 0.899782459014 0.288684101661 0.311533837958
0.00408333333333 1 0.00116532307414 0.0129249113869 0.899802685378 0.289217837773 0.310979857966
0.0040875 1 0.000537759256866 0.00532277483363 0.899821925236 0.289752093863 0.31042634429
0.00409166666667 1 0.00024808902309 0.00218226881814 0.899840178542 0.290286868617 0.309873298299
0.00409583333333 1 0.000114441719234 0.000893084890135 0.899857445254 0.290822160719 0.309320721363
0.0041 1 5.27903848294e-05 0.000365231796561 0.899873725329 0.291357968854 0.30876861485
0.00410416666667 1 2.43520596098e-05 0.00014932467894 0.89988901873 0.291894291701 0.308216980127
0.00410833333333 1 1.1234007061e-05 6.1046670941e-05 0.89990332542 0.292431127943 0.307665818559
0.0041125 1 5.1826911846e-06 2.49570134517e-05 0.899916645366 0.292968476258 0.307115131511
0.00411666666667 1 2.39110807115e-06 1.02032126894e-05 0.899928978535 0.293506335325 0.306564920347
0.00412083333333 1 1.10323241065e-06 4.17157935573e-06 0.8999403249 0.294044703821 0.306015186429
0.004125 1 5.09048356079e-07 1.70563314705e-06 0.899950684433 0.294583580421 0.305465931118
0.00412916666667 1 2.34895872364e-07 6.97418196305e-07 0.899960057112 0.2951229638 0.304917155774
0.00413333333333 1 1.08396700005e-07 2.85183168414e-07 0.899968442914 0.295662852633 0.304368861756
0.0041375 1 5.0024301812e-08 1.1662124999e-07 0.89997584182 0.29620324559 0.303821050421
0.00414166666667 1 2.30871466944e-08 4.76930184234e-08 0.899982253814 0.296744141343 0.303273723126
0.00414583333333 1 1.06557416779e-08 1.95054211671e-08 0.899987678882 0.297285538561 0.302726881226
0.00415 1 4.91837048866e-09 7.97773003214e-09 0.899992117012 0.297827435914 0.302180526076
0.00415416666667 1 2.27029800515e-09 3.26307375564e-09 0.899995568194 0.298369832069 0.301634659027
0.00415833333333 1 1.04801739509e-09 1.33474425956e-09 0.899998032422 0.298912725692 0.301089281431
0.0041625 1 4.83813600294e-10 5.46000356039e-10 0.899999509691 0.299456115447 0.300544394639
0.00416666666667 1 2.233631613e-10 2.233631613e-10 0.9 0.3 0.3
0.00417083333333 1 1.03126174267e-10 9.13806252889e-11 0.899999503348 0.300544378012 0.299456098862
0.004175 1 4.76156891693e-11 3.73869823989e-11 0.899998019739 0.301089248145 0.298912692571
0.00417916666667 1 2.19864126905e-11 1.52971524336e-11 0.899995549178 0.301634609059 0.298369782473
0.00418333333333 1 1.01527120044e-11 6.25927087938e-12 0.899992091673 0.302180459414 0.297827369911
0.0041875 1 4.68852734414e-12 2.56134002896e-12 0.899987647234 0.302726797866 0.29728545623
0.00419166666667 1 2.16526796493e-12 1.04816155755e-12 0.899982215873 0.303273623074 0.29674404277
0.00419583333333 1 1.00003338943e-12 4.28934665564e-13 0.899975797605 0.303820933691 0.296203130872
0.0042 1 4.61908289395e-13 1.75581771344e-13 0.899968392449 0.304368728374 0.295662721875
0.00420416666667 1 2.13329354182e-13 7.18869408445e-14 0.899960000424 0.304917005774 0.295122817116
0.00420833333333 1 9.85322934355e-14 2.94209101526e-14 0.899950621552 0.305465764543 0.294583417932
0.0042125 1 4.55191440096e-14 1.20459198172e-14 0.899940255858 0.306015003333 0.294044525659
0.00421666666667 1 2.10387263166e-14 4.94049245958e-15 0.89992890337 0.306564720793 0.29350614163
0.00422083333333 1 9.71445146547e-15 1.99840144433e-15 0.899916564116 0.307114915571 0.292968267179
0.004225 1 4.49640324973e-15 8.32667268469e-16 0.899903238129 0.307665586314 0.292430903635
0.00422916666667 1 2.05391259556e-15 3.33066907388e-16 0.899888925444 0.308216731669 0.291894052329
0.00423333333333 1 9.43689570931e-16 1.11022302463e-16 0.899873626097 0.308768350279 0.29135771459
0.0042375 1 4.4408920985e-16 5.55111512313e-17 0.899857340128 0.30932044079 0.290821891746
0.00424166666667 1 2.22044604925e-16 0 0.899840067578 0.309873001843 0.290286585121
0.00424583333333 1 1.11022302463e-16 0 0.899821808491 0.310426032079 0.289751796041
0.00425 0.999999999999 5.55111512313e-17 0 0.899802562915 0.310979530138 0.28921752583
0.00425416666667 0.999999999998 0 0 0.899782330898 0.31153349466 0.288683775809
0.00425833333333 0.999999999995 0 0 0.899761112491 0.312087924282 0.288150547298
0.0042625 0.999999999989 0 0 0.899738907749 0.312642817641 0.287617841617
0.00426666666667 0.999999999975 0 0 0.899715716727 0.313198173371 0.287085660084
0.00427083333333 0.999999999942 0 0 0.899691539484 0.313753990108 0.286554004016
0.004275 0.999999999867 0 0 0.899666376082 0.314310266483 0.286022874727
0.00427916666667 0.999999999693 0 0 0.899640226584 0.314867001129 0.285492273531
0.00428333333333 0.999999999292 0 0 0.899613091055 0.315424192677 0.284962201742
0.0042875 0.999999998365 0 0 0.899584969565 0.315981839755 0.284432660669
0.00429166666667 0.999999996226 0 0 0.899555862183 0.316539940993 0.283903651622
0.00429583333333 0.999999991287 0 0 0.899525768983 0.317098495016 0.28337517591
0.0043 0.999999979882 0 0 0.899494690041 0.317657500452 0.282847234839
0.00430416666667 0.999999953543 0 0 0.899462625434 0.318216955924 0.282319829714
0.00430833333333 0.999999892711 0 0 0.899429575243 0.318776860057 0.281792961841
0.0043125 0.999999752196 0 0 0.899395539551 0.319337211473 0.281266632521
0.00431666666667 0.999999427586 0 0 0.899360518442 0.319898008792 0.280740843055
0.00432083333333 0.99999867761 0 0 0.899324512005 0.320459250636 0.280215594744
0.004325 0.999996944686 0 0 0.899287520329 0.321020935622 0.279690888885
0.00432916666667 0.999992940098 0 0 0.899249543507 0.321583062369 0.279166726775
0.00433333333333 0.999983685014 0 0 0.899210581633 0.322145629493 0.27864310971
0.0043375 0.99996229343 0 0 0.899170634806 0.322708635609 0.278120038984
0.00434166666667 0.99991284693 0 0 0.899129703123 0.323272079333 0.277597515889
0.00434583333333 0.999798549799 0 0 0.899087786688 0.323835959276 0.277075541716
0.00435 0.999534376263 0 0 0.899044885605 0.32440027405 0.276554117756
0.00435416666667 0.998924031579 0 0 0.89900099998 0.324965022267 0.276033245295
0.00435833333333 0.997515357849 0 0 0.898956129924 0.325530202536 0.275512925621
0.0043625 0.994272378277 0 0 0.898910275546 0.326095813466 0.27499316002
0.00436666666667 0.986850999866 0 0 0.898863436962 0.326661853663 0.274473949774
0.00437083333333 0.970099589763 0 0 0.898815614288 0.327228321733 0.273955296166
0.004375 0.933439844562 0 0 0.898766807642 0.327795216283 0.273437200478
0.00437916666667 0.858380661225 0 0 0.898717017146 0.328362535915 0.272919663987
0.00438333333333 0.723708083286 0 0 0.898666242923 0.328930279232 0.272402687973
0.0043875 0.530922001246 0 0 0.8986144851 0.329498444835 0.271886273712
0.00439166666667 0.328418360111 0 0 0.898561743805 0.330067031326 0.271370422477
0.00439583333333 0.174415688385 0 0 0.898508019167 0.330636037302 0.270855135544
0.0044 0.0836266367091 0 0 0.898453311322 0.331205461363 0.270340414183
0.00440416666667 0.0379213171116 0 0 0.898397620403 0.331775302106 0.269826259665
0.00440833333333 0.0167376923029 0 0 0.89834094655 0.332345558125 0.26931267326
0.0044125 0.00729713223348 0 0 0.898283289902 0.332916228015 0.268799656233
0.00441666666667 0.00316388229561 0 0 0.898224650602 0.333487310371 0.268287209852
0.00442083333333 0.00136848693885 0 0 0.898165028795 0.334058803785 0.26777533538
0.004425 0.000591411322823 0 0 0.898104424629 0.334630706847 0.267264034081
0.00442916666667 0.000255818619797 0 0 0.898042838254 0.335203018148 0.266753307215
0.00443333333333 0.000111473702302 0 0 0.897980269821 0.335775736277 0.266243156043
0.0044375 5.05065563461e-05 0 0 0.897916719486 0.336348859823 0.265733581823
0.00444166666667 2.72725116809e-05 0 0 0.897852187405 0.33692238737 0.265224585812
0.00444583333333 2.42815744469e-05 0 0 0.897786673738 0.337496317506 0.264716169264
0.00445 3.90588260217e-05 0 0 0.897720178646 0.338070648815 0.264208333433
0.00445416666667 8.21240434788e-05 0 0 0.897652702295 0.33864537988 0.263701079573
0.00445833333333 0.00018446332198 0 0 0.89758424485 0.339220509284 0.263194408932
0.0044625 0.000419768701323 0 0 0.89751480648 0.339796035607 0.262688322761
0.00446666666667 0.000957267219385 0 0 0.897444387357 0.340371957431 0.262182822307
0.00447083333333 0.00218231951583 0 0 0.897372987655 0.340948273334 0.261677908816
0.004475 0.00496723456621 0 0 0.897300607549 0.341524981893 0.261173583533
0.00447916666667 0.0112649050872 0 0 0.897227247218 0.342102081686 0.260669847699
0.00448333333333 0.0253410542006 0 0 0.897152906842 0.342679571289 0.260166702558
0.0044875 0.0560040621597 0 0 0.897077586606 0.343257449276 0.259664149348
0.00449166666667 0.119219493005 0 0 0.897001286695 0.343835714221 0.259162189308
0.00449583333333 0.235935176312 0 0 0.896924007296 0.344414364696 0.258660823674
0.0045 0.413271429891 0 0 0.8968457486 0.344993399273 0.258160053682
0.00450416666667 0.616346926778 0 0 0.8967665108 0.345572816522 0.257659880566
0.00450833333333 0.785581005711 0 0 0.89668629409 0.346152615012 0.257160305557
0.0045125 0.89309983962 0 0 0.89660509867 0.346732793312 0.256661329886
0.00451666666667 0.95012178446 0 0 0.896522924737 0.347313349989 0.256162954782
0.00452083333333 0.977491572661 0 0 0.896439772495 0.347894283609 0.255665181472
0.004525 0.989999657497 0 0 0.896355642148 0.348475592737 0.255168011182
0.00452916666667 0.995587809126 0 0 0.896270533903 0.349057275937 0.254671445137
0.00453333333333 0.99805923428 0 0 0.89618444797 0.349639331772 0.254175484558
0.0045375 0.999147419076 0 0 0.89609738456 0.350221758804 0.253680130668
0.00454166666667 0.999625648276 0 0 0.896009343888 0.350804555594 0.253185384685
0.00454583333333 0.999835655709 0 0 0.895920326169 0.351387720702 0.252691247828
0.00455 0.999927851823 0 0 0.895830331623 0.351971252687 0.252197721312
0.00455416666667 0.999968324698 0 0 0.895739360472 0.352555150106 0.251704806354
0.00455833333333 0.99998609236 0 0 0.895647412938 0.353139411517 0.251212504166
0.0045625 0.999993892987 0 0 0.895554489248 0.353724035475 0.250720815959
0.00456666666667 0.999997318057 0 0 0.89546058963 0.354309020535 0.250229742945
0.00457083333333 0.999998822078 0 0 0.895365714314 0.354894365251 0.24973928633
0.004575 0.999999482596 0 0 0.895269863535 0.355480068176 0.249249447324
0.00457916666667 0.999999772705 0 0 0.895173037527 0.356066127861 0.248760227129
0.00458333333333 0.999999900139 0 0 0.895075236529 0.356652542858 0.248271626952
0.0045875 0.999999956121 0 0 0.89497646078 0.357239311716 0.247783647993
0.00459166666667 0.999999980718 0 0 0.894876710523 0.357826432984 0.247296291453
0.00459583333333 0.999999991526 0 0 0.894775986004 0.35841390521 0.246809558532
0.0046 0.999999996275 0 0 0.894674287469 0.359001726941 0.246323450427
0.00460416666667 0.999999998363 0 0 0.894571615169 0.359589896724 0.245837968333
0.00460833333333 0.99999999928 0 0 0.894467969354 0.360178413103 0.245353113445
0.0046125 0.999999999684 5.55111512313e-17 0 0.894363350281 0.360767274622 0.244868886956
0.00461666666667 0.999999999861 1.11022302463e-16 0 0.894257758205 0.361356479824 0.244385290057
0.00462083333333 0.999999999939 3.33066907388e-16 0 0.894151193387 0.361946027253 0.243902323938
0.004625 0.999999999973 8.32667268469e-16 0 0.894043656087 0.362535915448 0.243419989785
0.00462916666667 0.999999999988 2.05391259556e-15 0 0.893935146569 0.363126142951 0.242938288787
0.00463333333333 0.999999999995 5.05151476204e-15 0 0.893825665101 0.3637167083 0.242457222126
0.0046375 0.999999999998 1.23789867246e-14 0 0.89371521195 0.364307610035 0.241976790988
0.00464166666667 0.999999999999 3.0475622026e-14 0 0.893603787387 0.364898846693 0.241496996552
0.00464583333333 1 7.4884543011e-14 0 0.893491391687 0.365490416811 0.24101784
0.00465 1 1.8396395518e-13 0 0.893378025124 0.366082318924 0.240539322509
0.00465416666667 1 4.52027304476e-13 0 0.893263687978 0.366674551568 0.240061445257
0.00465833333333 1 1.11088915844e-12 0 0.893148380528 0.367267113277 0.239584209419
0.0046625 1 2.73020495101e-12 0 0.893032103059 0.367860002584 0.239107616167
0.00466666666667 1 6.71013244968e-12 0 0.892914855854 0.368453218021 0.238631666675
0.00467083333333 1 1.64923630308e-11 0 0.892796639201 0.36904675812 0.238156362113
0.004675 1 4.05369071643e-11 0 0.892677453392 0.369640621411 0.237681703649
0.00467916666667 1 9.96402405029e-11 5.55111512313e-17 0.892557298717 0.370234806424 0.237207692451
0.00468333333333 1 2.44925579818e-10 5.55111512313e-17 0.892436175473 0.370829311688 0.236734329685
0.0046875 1 6.02072725009e-10 1.66533453694e-16 0.892314083955 0.371424135731 0.236261616514
0.00469166666667 1 1.48005918632e-09 3.88578058619e-16 0.892191024464 0.372019277081 0.235789554101
0.00469583333333 1 3.63851732077e-09 8.32667268469e-16 0.892066997302 0.372614734264 0.235318143607
0.0047 1 8.94509555316e-09 1.88737914186e-15 0.891942002773 0.373210505805 0.234847386191
0.00470416666667 1 2.1991791721e-08 4.10782519111e-15 0.891816041183 0.373806590229 0.234377283011
0.00470833333333 1 5.40693639861e-08 8.99280649946e-15 0.891689112842 0.37440298606 0.233907835222
0.0047125 1 1.32940357278e-07 1.96509475359e-14 0.891561218061 0.374999691822 0.23343904398
0.00471666666667 1 3.26871650136e-07 4.28546087505e-14 0.891432357153 0.375596706037 0.232970910437
0.00472083333333 1 8.03734033272e-07 9.35918009759e-14 0.891302530436 0.376194027226 0.232503435744
0.004725 1 1.97634109028e-06 2.04503081136e-13 0.891171738226 0.376791653911 0.232036621051
0.00472916666667 1 4.85987801674e-06 4.4680925626e-13 0.891039980847 0.37738958461 0.231570467507
0.00473333333333 1 1.19509274009e-05 9.76330127855e-13 0.890907258619 0.377987817845 0.231104976256
0.0047375 1 2.93892079054e-05 2.13334905297e-12 0.890773571871 0.378586352133 0.230640148445
0.00474166666667 1 7.22732456497e-05 4.66210403616e-12 0.890638920928 0.379185185991 0.230175985217
0.00474583333333 1 0.000177727422211 1.01888497639e-11 0.890503306122 0.379784317938 0.229712487713
0.00475 1 0.00043699735507 2.22691309837e-11 0.890366727786 0.380383746489 0.229249657073
0.00475416666667 1 0.00107412083965 4.86757856244e-11 0.890229186254 0.380983470161 0.228787494435
0.00475833333333 1 0.00263777778024 1.06403386102e-10 0.890090681864 0.381583487467 0.228326000937
0.0047625 1 0.00646321724931 2.32610875006e-10 0.889951214956 0.382183796922 0.227865177714
0.00476666666667 1 0.0157494006838 5.08554143241e-10 0.889810785873 0.38278439704 0.227405025899
0.00477083333333 1 0.0378703600891 1.1119283827e-09 0.889669394958 0.383385286332 0.226945546623
0.004775 1 0.0882774757021 2.43135811484e-09 0.88952704256 0.383986463312 0.226486741019
0.00477916666667 1 0.192369110546 5.31684035687e-09 0.889383729026 0.384587926491 0.226028610213
0.00478333333333 1 0.369468887298 1.1627622587e-08 0.88923945471 0.385189674378 0.225571155334
0.0047875 1 0.590426480397 2.54308518688e-08 0.889094219965 0.385791705485 0.225114377506
0.00479166666667 1 0.780054616526 5.5624178541e-08 0.888948025147 0.386394018321 0.224658277854
0.00479583333333 1 0.897179555321 1.21674362918e-07 0.888800870617 0.386996611393 0.2242028575
0.0048 1 0.955493380639 2.66175056551e-07 0.888652756734 0.387599483211 0.223748117565
0.00480416666667 1 0.981420438703 5.82329037213e-07 0.888503683862 0.388202632281 0.223294059167
0.00480833333333 1 0.992364775371 1.27409649275e-06 0.888353652368 0.388806057111 0.222840683425
0.0048125 1 0.99688289448 2.7878463672e-06 0.88820266262 0.389409756205 0.222387991453
0.00481666666667 1 0.99873088915 6.10053082822e-06 0.888050714988 0.390013728071 0.221935984366
0.00482083333333 1 0.999483871923 1.33505086599e-05 0.887897809847 0.390617971212 0.221484663277
0.004825 1 0.999790198705 2.9218466445e-05 0.88774394757 0.391222484133 0.221034029296
0.00482916666667 1 0.999914735764 6.39502202965e-05 0.887589128537 0.391827265337 0.220584083532
0.00483333333333 1 0.999965351802 0.000139972269902 0.887433353127 0.392432313328 0.220134827094
0.0048375 1 0.999985921106 0.000306362799108 0.887276621723 0.393037626607 0.219686261087
0.00484166666667 1 0.999994279442 0.000670467144143 0.887118934711 0.393643203676 0.219238386616
0.00484583333333 1 0.999997675693 0.00146677805245 0.886960292476 0.394249043038 0.218791204784
0.00485 1 0.999999055646 0.00320607630254 0.88680069541 0.394855143192 0.218344716691
0.00485416666667 1 0.999999616325 0.00699391748092 0.886640143904 0.395461502638 0.217898923436
0.00485833333333 1 0.999999844124 0.0151898960601 0.886478638353 0.396068119877 0.217453826119
0.0048625 1 0.999999936674 0.0326769268386 0.886316179154 0.396674993406 0.217009425835
0.00486666666667 1 0.999999974274 0.0688922910434 0.886152766706 0.397282121724 0.216565723678
0.00487083333333 1 0.999999989549 0.139467433603 0.885988401411 0.39788950333 0.216122720742
0.004875 1 0.999999995755 0.262012983813 0.885823083672 0.398497136721 0.215680418117
0.00487916666667 1 0.999999998275 0.43751190349 0.885656813896 0.399105020392 0.215238816894
0.00488333333333 1 0.999999999299 0.630200748856 0.885489592492 0.399713152841 0.21479791816
0.0048875 1 0.999999999715 0.788765553589 0.88532141987 0.400321532564 0.214357723001
0.00489166666667 1 0.999999999884 0.891097530664 0.885152296446 0.400930158055 0.213918232502
0.00489583333333 1 0.999999999953 0.947179051926 0.884982222633 0.401539027809 0.213479447747
0.0049 1 0.999999999981 0.975186429399 0.884811198851 0.402148140321 0.213041369816
0.00490416666667 1 0.999999999992 0.988524218604 0.884639225521 0.402757494083 0.212603999789
0.00490833333333 1 0.999999999997 0.994731826288 0.884466303064 0.403367087591 0.212167338745
0.0049125 1 0.999999999999 0.997589922673 0.884292431907 0.403976919335 0.211731387759
0.00491666666667 1 0.999999999999 0.998899243812 0.884117612477 0.404586987809 0.211296147906
0.00492083333333 1 1 0.999497648872 0.883941845205 0.405197291504 0.210861620259
0.004925 1 1 0.999770835261 0.883765130523 0.405807828911 0.210427805889
0.00492916666667 1 1 0.999895482458 0.883587468865 0.406418598522 0.209994705867
0.00493333333333 1 1 0.999952338621 0.88340886067 0.407029598826 0.209562321259
0.0049375 1 1 0.999978268185 0.883229306376 0.407640828314 0.209130653133
0.00494166666667 1 1 0.999990092031 0.883048806425 0.408252285475 0.208699702553
0.00494583333333 1 1 0.999995483149 0.882867361263 0.408863968799 0.208269470581
0.00495 1 1 0.999997941026 0.882684971335 0.409475876773 0.20783995828
0.00495416666667 1 1 0.999999061508 0.882501637091 0.410088007887 0.207411166708
0.00495833333333 1 1 0.999999572264 0.882317358983 0.410700360627 0.206983096923
0.0049625 1 1 0.999999805067 0.882132137463 0.411312933481 0.206555749982
0.00496666666667 1 1 0.99999991117 0.881945972988 0.411925724937 0.206129126939
0.00497083333333 1 1 0.999999959523 0.881758866018 0.41253873348 0.205703228847
0.004975 1 1 0.999999981557 0.881570817012 0.413151957597 0.205278056756
0.00497916666667 1 1 0.999999991596 0.881381826434 0.413765395773 0.204853611717
0.00498333333333 1 1 0.999999996168 0.88119189475 0.414379046494 0.204429894776
0.0049875 1 1 0.999999998245 0.881001022427 0.414992908244 0.20400690698
0.00499166666667 1 1 0.999999999178 0.880809209937 0.415606979509 0.203584649372
0.00499583333333 1 1 0.99999999957 0.880616457751 0.416221258772 0.203163122996
0.005 1 1 0.999999999671 0.880422766346 0.416835744517 0.202742328891
0.00500416666667 1 1 0.999999999528 0.880228136197 0.417450435227 0.202322268098
0.00500833333333 1 1 0.999999999009 0.880032567786 0.418065329386 0.201902941652
0.0050125 1 1 0.999999997677 0.879836061595 0.418680425477 0.201484350591
0.00501666666667 1 1 0.999999994431 0.879638618108 0.41929572198 0.201066495947
0.00502083333333 1 1 0.999999986592 0.879440237811 0.419911217379 0.200649378752
0.005025 1 1 0.999999967695 0.879240921195 0.420526910154 0.200233000038
0.00502916666667 1 1 0.999999922156 0.879040668751 0.421142798788 0.199817360832
0.00503333333333 1 1 0.999999812434 0.878839480972 0.421758881761 0.199402462161
0.0050375 1 1 0.999999548091 0.878637358356 0.422375157553 0.19898830505
0.00504166666667 1 1 0.99999891129 0.878434301401 0.422991624645 0.198574890523
0.00504583333333 1 1 0.99999737737 0.878230310608 0.423608281517 0.198162219602
0.00505 1 1 0.999993682797 0.87802538648 0.424225126647 0.197750293305
0.00505416666667 1 1 0.999984784914 0.877819529523 0.424842158516 0.197339112651
0.00505833333333 1 1 0.999963357717 0.877612740246 0.425459375601 0.196928678656
0.0050625 1 1 0.999911764885 0.877405019158 0.426076776383 0.196518992335
0.00506666666667 1 1 0.99978756175 0.877196366772 0.426694359338 0.196110054701
0.00507083333333 1 1 0.999488657511 0.876986783605 0.427312122944 0.195701866763
0.005075 1 1 0.998769809947 0.876776270172 0.42793006568 0.195294429532
0.00507916666667 1 1 0.997043638853 0.876564826995 0.428548186023 0.194887744014
0.00508333333333 1 1 0.992913125255 0.876352454594 0.429166482449 0.194481811215
0.0050875 1 1 0.983110773092 0.876139153496 0.429784953435 0.19407663214
0.00509166666667 1 1 0.960295512016 0.875924924226 0.430403597457 0.193672207789
0.00509583333333 1 1 0.909503840167 0.875709767313 0.431022412992 0.193268539162
0.0051 1 0.999999999999 0.806821974289 0.87549368329 0.431641398514 0.192865627259
0.00510416666667 1 0.999999999998 0.634477532779 0.875276672691 0.432260552501 0.192463473076
0.00510833333333 1 0.999999999997 0.419102623919 0.87505873605 0.432879873426 0.192062077607
0.0051125 1 0.999999999993 0.230710037161 0.874839873908 0.433499359765 0.191661441844
0.00511666666667 1 0.999999999985 0.110851799365 0.874620086804 0.434119009991 0.19126156678
0.00512083333333 1 0.999999999967 0.0492777835412 0.874399375282 0.43473882258 0.190862453403
0.005125 1 0.999999999929 0.0210961543647 0.874177739888 0.435358796006 0.190464102701
0.00512916666667 1 0.999999999848 0.00888160366016 0.873955181169 0.435978928741 0.190066515659
0.00513333333333 1 0.999999999674 0.00371270069616 0.873731699675 0.43659921926 0.18966969326
0.0051375 1 0.9999999993 0.00154742365146 0.87350729596 0.437219666035 0.189273636487
0.00514166666667 1 0.999999998497 0.000644192061816 0.873281970578 0.43784026754 0.18887834632
0.00514583333333 1 0.999999996771 0.000268058312445 0.873055724085 0.438461022246 0.188483823736
0.00515 1 0.999999993066 0.000111528239206 0.872828557042 0.439081928627 0.188090069711
0.00515416666667 1 0.999999985109 4.64021221093e-05 0.87260047001 0.439702985154 0.187697085221
0.00515833333333 1 0.999999968022 1.93068536811e-05 0.872371463554 0.440324190299 0.187304871238
0.0051625 1 0.999999931328 8.03369846436e-06 0.872141538239 0.440945542534 0.186913428732
0.00516666666667 1 0.99999985253 3.34313540767e-06 0.871910694635 0.441567040328 0.186522758672
0.00517083333333 1 0.999999683323 1.39132485033e-06 0.871678933312 0.442188682155 0.186132862025
0.005175 1 0.999999319976 5.79081902263e-07 0.871446254844 0.442810466484 0.185743739756
0.00517916666667 1 0.999998539758 2.41039741777e-07 0.871212659806 0.443432391785 0.185355392828
0.00518333333333 1 0.99999686442 1.00340137532e-07 0.870978148777 0.444054456529 0.184967822202
0.0051875 1 0.999993267077 4.17732440861e-08 0.870742722336 0.444676659185 0.184581028838
0.00519166666667 1 0.999985542905 1.73923896396e-08 0.870506381066 0.445298998224 0.184195013693
0.00519583333333 1 0.99996895812 7.24198973012e-09 0.870269125552 0.445921472114 0.183809777722
0.0052 1 0.999933349976 3.01574210049e-09 0.870030956381 0.446544079324 0.183425321879
0.00520416666667 1 0.999856903668 1.25593796474e-09 0.869791874142 0.447166818324 0.183041647116
0.00520833333333 1 0.99969280629 5.23094234595e-10 0.869551879427 0.447789687582 0.182658754382
0.0052125 1 0.999340661864 2.17886042542e-10 0.869310972831 0.448412685566 0.182276644626
0.00521666666667 1 0.998585435977 9.07646735548e-11 0.869069154948 0.449035810744 0.181895318793
0.00522083333333 1 0.996967818489 3.78130859957e-11 0.868826426379 0.449659061584 0.181514777827
0.005225 1 0.99351248959 1.57545088086e-11 0.868582787723 0.450282436554 0.181135022671
0.00522916666667 1 0.986174424019 6.56458221115e-12 0.868338239584 0.450905934121 0.180756054263
0.00523333333333 1 0.970780716951 2.73553402153e-12 0.868092782567 0.451529552751 0.180377873544
0.0052375 1 0.939302994417 1.14003251284e-12 0.86784641728 0.452153290912 0.180000481448
0.00524166666667 1 0.878171635737 4.7517545454e-13 0.867599144332 0.452777147069 0.179623878909
0.00524583333333 1 0.770515966056 1.98063787593e-13 0.867350964336 0.45340111969 0.179248066862
0.00525 1 0.609982285304 8.25450818809e-14 0.867101877906 0.454025207241 0.178873046235
0.00525416666667 1 0.421470731744 3.44169137634e-14 0.86685188566 0.454649408186 0.178498817957
0.00525833333333 1 0.25337301735 1.43773881689e-14 0.866600988215 0.455273720991 0.178125382954
0.0052625 1 0.136501708317 5.99520433298e-15 0.866349186194 0.455898144123 0.177752742152
0.00526666666667 1 0.0685873330867 2.49800180541e-15 0.866096480219 0.456522676045 0.177380896471
0.00527083333333 1 0.0331653313349 1.05471187339e-15 0.865842870916 0.457147315222 0.177009846834
0.005275 1 0.0157283281949 4.4408920985e-16 0.865588358914 0.45777206012 0.176639594158
0.00527916666667 1 0.00738902487927 1.66533453694e-16 0.865332944842 0.458396909201 0.17627013936
0.00528333333333 1 0.0034558115317 5.55111512313e-17 0.865076629333 0.459021860931 0.175901483355
0.0052875 1 0.00161288264493 0 0.864819413022 0.459646913773 0.175533627054
0.00529166666667 1 0.000752024853073 0 0.864561296546 0.460272066189 0.17516657137
0.00529583333333 1 0.000350482649827 0 0.864302280544 0.460897316645 0.174800317209
0.0053 1 0.000163309833054 0 0.864042365656 0.461522663602 0.174434865479
0.00530416666667 1 7.60885490527e-05 0 0.863781552528 0.462148105523 0.174070217084
0.00530833333333 1 3.54495350196e-05 0 0.863519841804 0.462773640872 0.173706372927
0.0053125 1 1.65156925147e-05 0 0.863257234133 0.463399268109 0.173343333908
0.00531666666667 1 7.69454599592e-06 0 0.862993730165 0.464024985697 0.172981100925
0.00532083333333 1 3.5848537997e-06 0 0.862729330553 0.464650792099 0.172619674876
0.005325 1 1.67017951497e-06 0 0.862464035952 0.465276685775 0.172259056654
0.00532916666667 1 7.78141444613e-07 0 0.862197847017 0.465902665186 0.171899247153
0.00533333333333 1 3.62541555665e-07 0 0.861930764409 0.466528728794 0.171540247261
0.0053375 0.999999999999 1.68912165532e-07 0 0.861662788789 0.46715487506 0.171182057869
0.00534166666667 0.999999999999 7.86987676138e-08 0 0.861393920821 0.467781102443 0.170824679861
0.00534583333333 0.999999999997 3.6667284542e-08 0 0.86112416117 0.468407409406 0.170468114122
0.00535 0.999999999993 1.70841477076e-08 0 0.860853510504 0.469033794406 0.170112361535
0.00535416666667 0.999999999983 7.95997251446e-09 0 0.860581969493 0.469660255905 0.169757422979
0.00535833333333 0.999999999959 3.70880015588e-09 0 0.86030953881 0.470286792361 0.169403299333
0.0053625 0.999999999903 1.72806008392e-09 0 0.86003621913 0.470913402235 0.169049991472
0.00536666666667 0.999999999771 8.05170208285e-10 0 0.859762011128 0.471540083985 0.168697500271
0.00537083333333 0.999999999456 3.75162956257e-10 0 0.859486915485 0.472166836071 0.168345826601
0.005375 0.999999998709 1.74805669939e-10 0 0.85921093288 0.47279365695 0.167994971333
0.00537916666667 0.999999996937 8.14506240232e-11 0 0.858934063998 0.473420545081 0.167644935333
0.00538333333333 0.999999992731 3.79521414295e-11 0 0.858656309524 0.474047498923 0.167295719469
0.0053875 0.999999982748 1.76840209143e-11 0 0.858377670145 0.474674516933 0.166947324602
0.00539166666667 0.99999995905 8.24007528877e-12 0 0.858098146551 0.475301597569 0.166599751596
0.00539583333333 0.999999902794 3.83953979721e-12 0 0.857817739435 0.475928739288 0.166253001309
0.0054 0.999999769229 1.78912440418e-12 0 0.857536449489 0.476555940549 0.165907074598
0.00540416666667 0.999999452091 8.33666469191e-13 0 0.857254277412 0.477183199807 0.16556197232
0.00540833333333 0.999998698995 3.88467036316e-13 0 0.8569712239 0.477810515519 0.165217695326
0.0054125 0.999996910478 1.81021864165e-13 0 0.856687289655 0.478437886142 0.164874244469
0.00541666666667 0.999992662552 8.43769498715e-14 0 0.856402475379 0.479065310133 0.164531620597
0.00542083333333 0.999982572357 3.93018950717e-14 0 0.856116781777 0.479692785947 0.164189824557
0.005425 0.999958603018 1.83186799063e-14 0 0.855830209556 0.480320312041 0.163848857193
0.00542916666667 0.999901660781 8.54871728961e-15 0 0.855542759426 0.48094788687 0.16350871935
0.00543333333333 0.999766389086 3.99680288865e-15 0 0.855254432098 0.481575508889 0.163169411866
0.0054375 0.999445092023 1.83186799063e-15 0 0.854965228284 0.482203176553 0.162830935581
0.00544166666667 0.998682352933 8.32667268469e-16 0 0.854675148702 0.482830888318 0.162493291331
0.00544583333333 0.996874179785 3.88578058619e-16 0 0.854384194067 0.483458642639 0.16215647995
0.00545 0.992602362072 1.66533453694e-16 0 0.854092365101 0.484086437969 0.16182050227
0.00545416666667 0.982592851048 5.55111512313e-17 0 0.853799662525 0.484714272764 0.161485359121
0.00545833333333 0.95958738272 5.55111512313e-17 0 0.853506087064 0.485342145477 0.161151051331
0.0054625 0.908985631363 0 0 0.853211639442 0.485970054563 0.160817579727
0.00546666666667 0.807704903346 0 0 0.85291632039 0.486597998474 0.16048494513
0.00547083333333 0.638514530992 0 0 0.852620130636 0.487225975665 0.160153148364
0.005475 0.426189012086 0 0 0.852323070914 0.487853984589 0.159822190247
0.00547916666667 0.237967805862 0 0 0.852025141959 0.488482023699 0.159492071596
0.00548333333333 0.116049297669 0 0 0.851726344506 0.489110091448 0.159162793227
0.0054875 0.0523012975886 0 0 0.851426679295 0.489738186288 0.158834355953
0.00549166666667 0.0226709056522 0 0 0.851126147067 0.490366306673 0.158506760584
0.00549583333333 0.00965513947202 0 0 0.850824748564 0.490994451054 0.158180007928
0.0055 0.0040803618899 0 0 0.850522484533 0.491622617883 0.157854098794
0.00550416666667 0.0017186517949 0 0 0.850219355719 0.492250805613 0.157529033984
0.00550833333333 0.000722835972798 0 0 0.849915362873 0.492879012696 0.157204814301
0.0055125 0.000303807880873 0 0 0.849610506745 0.493507237582 0.156881440546
0.00551666666667 0.000127647168111 0 0 0.849304788089 0.494135478724 0.156558913516
0.00552083333333 5.36213370296e-05 0 0 0.848998207661 0.494763734572 0.156237234006
0.005525 2.25219142541e-05 0 0 0.848690766219 0.495392003577 0.155916402812
0.00552916666667 9.45869137686e-06 0 0 0.848382464521 0.496020284192 0.155596420723
0.00553333333333 3.97238599203e-06 0 0 0.848073303329 0.496648574865 0.155277288529
0.0055375 1.66892773062e-06 0 0 0.847763283408 0.497276874048 0.154959007018
0.00554166666667 7.02883327597e-07 0 0 0.847452405524 0.497905180192 0.154641576974
0.00554583333333 2.99952398253e-07 0 0 0.847140670443 0.498533491746 0.154324999181
0.00555 1.36754257141e-07 0 0 0.846828078937 0.49916180716 0.154009274418
0.00555416666667 8.14997288545e-08 0 0 0.846514631776 0.499790124885 0.153694403465
0.00555833333333 8.77562911228e-08 0 0 0.846200329736 0.50041844337 0.153380387098
0.0055625 1.55808490276e-07 0 0 0.845885173593 0.501046761065 0.15306722609
0.00556666666667 3.29706778157e-07 0 0 0.845569164124 0.50167507642 0.152754921214
0.00557083333333 7.25506604238e-07 0 0 0.845252302109 0.502303387883 0.15244347324
0.005575 1.60857554049e-06 0 0 0.844934588332 0.502931693905 0.152132882936
0.00557916666667 3.57135317181e-06 0 0 0.844616023576 0.503559992934 0.151823151066
0.00558333333333 7.93052131481e-06 0 0 0.844296608628 0.504188283419 0.151514278394
0.0055875 1.76096197395e-05 0 0 0.843976344276 0.504816563809 0.151206265681
0.00559166666667 3.90981677165e-05 0 0 0.843655231311 0.505444832554 0.150899113687
0.00559583333333 8.67983236046e-05 0 0 0.843333270525 0.506073088101 0.150592823168
0.0056 0.00019266386892 0 0 0.843010462712 0.506701328899 0.150287394878
0.00560416666667 0.000427555349807 0 0 0.842686808669 0.507329553397 0.14998282957
0.00560833333333 0.000948460563891 0 0 0.842362309194 0.507957760043 0.149679127994
0.0056125 0.00210247037566 0 0 0.842036965089 0.508585947286 0.149376290898
0.00561666666667 0.00465361029985 0 0 0.841710777155 0.509214113573 0.149074319029
0.00562083333333 0.0102675006955 0 0 0.841383746197 0.509842257352 0.148773213129
0.005625 0.0224985645505 0 0 0.841055873022 0.510470377073 0.148472973941
0.00562916666667 0.048580219401 0 0 0.840727158439 0.511098471182 0.148173602203
0.00563333333333 0.101741461131 0 0 0.840397603258 0.511726538128 0.147875098653
0.0056375 0.20078417557 5.55111512313e-17 0 0.840067208291 0.512354576359 0.147577464026
0.00564166666667 0.357812525629 1.11022302463e-16 0 0.839735974354 0.512982584322 0.147280699054
0.00564583333333 0.552694873062 2.22044604925e-16 0 0.839403902263 0.513610560465 0.146984804468
0.00565 0.732610594924 5.55111512313e-16 0 0.839070992836 0.514238503235 0.146689780996
0.00565416666667 0.858654389666 1.44328993201e-15 0 0.838737246895 0.514866411081 0.146395629365
0.00565833333333 0.930881901722 3.49720252757e-15 0 0.838402665261 0.515494282451 0.146102350298
0.0056625 0.967591221147 8.71525074331e-15 0 0.838067248761 0.516122115791 0.145809944518
0.00566666666667 0.985114235332 2.14828155265e-14 0 0.837730998219 0.516749909549 0.145518412744
0.00567083333333 0.99322845568 5.29576382746e-14 0 0.837393914466 0.517377662173 0.145227755693
0.005675 0.996933105905 1.30673249998e-13 0 0.837055998331 0.518005372111 0.144937974081
0.00567916666667 0.99861367648 3.22408766351e-13 0 0.836717250647 0.51863303781 0.144649068621
0.00568333333333 0.999373862838 7.95419285993e-13 0 0.836377672249 0.519260657717 0.144361040023
0.0056875 0.999717295214 1.96243021833e-12 0 0.836037263973 0.51988823028 0.144073888996
0.00569166666667 0.999872369346 4.84162709924e-12 0 0.835696026658 0.520515753947 0.143787616247
0.00569583333333 0.999942379126 1.19448895219e-11 0 0.835353961145 0.521143227166 0.14350222248
0.0057 0.999973984754 2.94693158764e-11 0 0.835011068276 0.521770648383 0.143217708397
0.00570416666667 0.999988253502 7.27034543679e-11 0 0.834667348896 0.522398016047 0.142934074698
0.00570833333333 0.999994695734 1.79364911812e-10 0 0.834322803851 0.523025328606 0.14265132208
0.0057125 0.999997604587 4.42504199949e-10 0 0.833977433989 0.523652584507 0.142369451239
0.00571666666667 0.999998918131 1.09167769269e-09 0 0.833631240162 0.524279782197 0.142088462869
0.00572083333333 0.999999511338 2.69319999635e-09 0 0.833284223221 0.524906920125 0.14180835766
0.005725 0.99999977926 6.64415589213e-09 0 0.832936384022 0.525533996739 0.141529136301
0.00572916666667 0.999999900277 1.63910955364e-08 0 0.832587723419 0.526161010487 0.141250799479
0.00573333333333 0.999999954945 4.04364505768e-08 0 0.832238242273 0.526787959817 0.140973347879
0.0057375 0.999999979642 9.97550448911e-08 0 0.831887941443 0.527414843176 0.140696782182
0.00574166666667 0.9999999908 2.4608968352e-07 0 0.831536821791 0.528041659014 0.140421103069
0.00574583333333 0.999999995842 6.07083619986e-07 0 0.831184884182 0.528668405778 0.140146311218
0.00575 0.999999998121 1.49761430274e-06 0 0.830832129482 0.529295081917 0.139872407304
0.00575416666667 0.999999999151 3.6944295364e-06 0 0.830478558559 0.52992168588 0.139599392001
0.00575833333333 0.999999999616 9.11359729222e-06 0 0.830124172283 0.530548216115 0.13932726598
0.0057625 0.999999999826 2.24814951727e-05 0 0.829768971527 0.531174671071 0.139056029911
0.00576666666667 0.999999999922 5.54559719353e-05 0 0.829412957164 0.531801049197 0.138785684459
0.00577083333333 0.999999999965 0.00013678757824 0 0.829056130071 0.532427348943 0.138516230291
0.005775 0.999999999984 0.000337356698312 0 0.828698491126 0.533053568756 0.138247668067
0.00577916666667 0.999999999993 0.000831764463711 0 0.828340041209 0.533679707088 0.13797999845
0.00578333333333 0.999999999997 0.00204923947993 0 0.827980781201 0.534305762387 0.137713222096
0.0057875 0.999999999999 0.00503972819209 0 0.827620711986 0.534931733102 0.137447339661
0.00579166666667 0.999999999999 0.0123402047026 0 0.827259834451 0.535557617685 0.1371823518
0.00579583333333 1 0.0298979754082 0 0.826898149483 0.536183414585 0.136918259163
0.0058 1 0.0706494828043 0 0.826535657972 0.536809122252 0.1366550624
0.00580416666667 1 0.157903572777 0 0.82617236081 0.537434739136 0.136392762159
0.00580833333333 1 0.316246599213 0 0.82580825889 0.538060263689 0.136131359083
0.0058125 1 0.532889805156 0 0.825443353108 0.538685694361 0.135870853815
0.00581666666667 1 0.737799642404 0 0.825077644361 0.539311029604 0.135611246997
0.00582083333333 1 0.874062539286 0 0.82471113355 0.539936267868 0.135352539265
0.005825 1 0.944807736413 0 0.824343821575 0.540561407605 0.135094731257
0.00582916666667 1 0.976863595927 0 0.82397570934 0.541186447268 0.134837823606
0.00583333333333 1 0.990488620736 0 0.82360679775 0.541811385307 0.134581816943
0.0058375 1 0.996121681659 0 0.823237087713 0.542436220176 0.134326711898
0.00584166666667 1 0.998423884184 0 0.822866580138 0.543060950326 0.134072509099
0.00584583333333 1 0.999360349842 0 0.822495275936 0.543685574211 0.13381920917
0.00585 1 0.99974054614 5.55111512313e-17 0.82212317602 0.544310090284 0.133566812733
0.00585416666667 1 0.99989478326 1.11022302463e-16 0.821750281306 0.544934496998 0.133315320411
0.00585833333333 1 0.999957334674 2.77555756156e-16 0.82137659271 0.545558792807 0.13306473282
0.0058625 1 0.999982699663 6.66133814775e-16 0.821002111151 0.546182976164 0.132815050577
0.00586666666667 1 0.999992984914 1.44328993201e-15 0.820626837551 0.546807045524 0.132566274296
0.00587083333333 1 0.999997155445 3.27515792264e-15 0.820250772833 0.547430999342 0.13231840459
0.005875 1 0.999998846546 7.32747196253e-15 0.81987391792 0.548054836073 0.132071442066
0.00587916666667 1 0.999999532274 1.64313007645e-14 0.81949627374 0.54867855417 0.131825387333
0.00588333333333 1 0.999999810334 3.67483821151e-14 0.819117841222 0.549302152092 0.131580240995
0.0058875 1 0.999999923089 8.22120149735e-14 0.818738621296 0.549925628292 0.131336003657
0.00589166666667 1 0.999999968811 1.84130488634e-13 0.818358614895 0.550548981227 0.131092675917
0.00589583333333 1 0.999999987352 4.12447853648e-13 0.817977822953 0.551172209355 0.130850258375
0.0059 1 0.999999994871 9.23927601093e-13 0.817596246407 0.551795311131 0.130608751627
0.00590416666667 1 0.99999999792 2.06984429596e-12 0.817213886196 0.552418285013 0.130368156267
0.00590833333333 1 0.999999999156 4.63751259616e-12 0.816830743258 0.553041129459 0.130128472887
0.0059125 1 0.999999999658 1.03914099547e-11 0.816446818538 0.553663842927 0.129889702076
0.00591666666667 1 0.999999999861 2.32867614081e-11 0.816062112979 0.554286423876 0.129651844422
0.00592083333333 1 0.999999999944 5.21899745642e-11 0.815676627527 0.554908870763 0.129414900509
0.005925 1 0.999999999977 1.16979370635e-10 0.81529036313 0.555531182049 0.129178870922
0.00592916666667 1 0.999999999991 2.62225963166e-10 0.814903320739 0.556153356192 0.12894375624
0.00593333333333 1 0.999999999996 5.87876747282e-10 0.814515501305 0.556775391654 0.128709557043
0.0059375 1 0.999999999998 1.31807798009e-09 0.814126905782 0.557397286894 0.128476273905
0.00594166666667 1 0.999999999999 2.9555627945e-09 0.813737535127 0.558019040374 0.128243907402
0.00594583333333 1 1 6.62801574736e-09 0.813347390296 0.558640650555 0.128012458106
0.00595 1 1 1.48652140042e-08 0.812956472249 0.559262115898 0.127781926585
0.00595416666667 1 1 3.33428801791e-08 0.812564781949 0.559883434866 0.127552313408
0.00595833333333 1 1 7.4796175864e-08 0.812172320358 0.560504605921 0.127323619139
0.0059625 1 1 1.67803117901e-07 0.811779088443 0.561125627527 0.127095844341
0.00596666666667 1 1 3.76500023436e-07 0.81138508717 0.561746498147 0.126868989576
0.00597083333333 1 1 8.44839679048e-07 0.810990317509 0.562367216245 0.126643055401
0.005975 1 1 1.89595401068e-06 0.810594780431 0.562987780286 0.126418042373
0.00597916666667 1 1 4.25525123576e-06 0.81019847691 0.563608188735 0.126193951047
0.00598333333333 1 1 9.55137388925e-06 0.80980140792 0.564228440057 0.125970781972
0.0059875 1 1 2.14411539513e-05 0.809403574439 0.564848532719 0.125748535701
0.00599166666667 1 1 4.81358443729e-05 0.809004977445 0.565468465186 0.125527212779
0.00599583333333 1 1 0.000108073491194 0.80860561792 0.566088235926 0.125306813751
0.006 1 1 0.000242650927974 0.808205496846 0.566707843406 0.125087339162
0.00600416666667 1 1 0.000544774241902 0.807804615208 0.567327286095 0.124868789551
0.00600833333333 1 1 0.00122273517309 0.807402973993 0.56794656246 0.124651165456
0.0060125 1 1 0.00274237190053 0.807000574189 0.568565670972 0.124434467415
0.00601666666667 1 1 0.00613965950383 0.806597416788 0.569184610099 0.12421869596
0.00602083333333 1 1 0.0136891791865 0.80619350278 0.569803378312 0.124003851624
0.006025 1 1 0.0302424000974 0.805788833161 0.570421974082 0.123789934936
0.00602916666667 1 1 0.0654894745137 0.805383408927 0.571040395879 0.123576946423
0.00603333333333 1 1 0.13606527478 0.804977231077 0.571658642175 0.123364886611
0.0060375 1 1 0.261441791055 0.804570300609 0.572276711444 0.123153756021
0.00604166666667 1 1 0.443119617002 0.804162618527 0.572894602157 0.122943555175
0.00604583333333 1 1 0.641428628961 0.803754185834 0.573512312789 0.122734284591
0.00605 1 1 0.800872198107 0.803345003536 0.574129841813 0.122525944785
0.00605416666667 1 1 0.900432766721 0.802935072641 0.574747187704 0.12231853627
0.00605833333333 1 1 0.953132691565 0.802524394158 0.575364348938 0.122112059557
0.0060625 1 1 0.978604118065 0.802112969099 0.575981323989 0.121906515158
0.00606666666667 1 1 0.990373165344 0.801700798479 0.576598111335 0.121701903577
0.00607083333333 1 1 0.995697424363 0.801287883311 0.577214709452 0.121498225321
0.006075 1 1 0.998082924029 0.800874224613 0.577831116819 0.12129548089
0.00607916666667 1 1 0.999147038578 0.800459823405 0.578447331912 0.121093670787
0.00608333333333 1 1 0.999620753405 0.800044680707 0.579063353212 0.120892795508
0.0060875 1 1 0.999831431226 0.799628797543 0.579679179197 0.12069285555
0.00609166666667 1 1 0.999925069913 0.799212174937 0.580294808348 0.120493851406
0.00609583333333 1 1 0.999966649654 0.798794813917 0.580910239145 0.120295783566
0.0061 1 1 0.999985043942 0.798376715511 0.58152547007 0.120098652521
0.00610416666667 1 1 0.999993025674 0.797957880749 0.582140499604 0.119902458757
0.00610833333333 1 1 0.999996123808 0.797538310665 0.58275532623 0.119707202757
0.0061125 1 1 0.999996447832 0.797118006292 0.583369948431 0.119512885005
0.00611666666667 1 1 0.999994118568 0.796696968667 0.583984364691 0.119319505979
0.00612083333333 1 1 0.999987271021 0.796275198827 0.584598573494 0.119127066159
0.006125 1 1 0.9999705683 0.795852697814 0.585212573327 0.118935566018
0.00612916666667 1 1 0.999931047993 0.795429466669 0.585826362673 0.118745006031
0.00613333333333 1 1 0.999838075893 0.795005506435 0.58643994002 0.118555386667
0.0061375 1 1 0.999619648858 0.794580818159 0.587053303855 0.118366708395
0.00614166666667 1 1 0.999106850933 0.794155402887 0.587666452665 0.118178971683
0.00614583333333 1 1 0.997904319992 0.793729261671 0.58827938494 0.117992176992
0.00615 1 1 0.99509115957 0.793302395559 0.588892099167 0.117806324786
0.00615416666667 1 1 0.988546247916 0.792874805607 0.589504593837 0.117621415523
0.00615833333333 1 1 0.973510088615 0.792446492869 0.59011686744 0.11743744966
0.0061625 1 1 0.939940185194 0.792017458402 0.590728918467 0.117254427653
0.00616666666667 1 1 0.869541537184 0.791587703264 0.59134074541 0.117072349954
0.00617083333333 1 1 0.739515553362 0.791157228517 0.591952346762 0.116891217013
0.006175 1 1 0.54738193094 0.790726035223 0.592563721014 0.116711029278
0.00617916666667 1 1 0.340032180059 0.790294124446 0.593174866662 0.116531787194
0.00618333333333 1 1 0.180007801645 0.789861497253 0.593785782199 0.116353491206
0.0061875 1 1 0.0855412790966 0.789428154711 0.594396466121 0.116176141753
0.00619166666667 1 1 0.0383363329385 0.78899409789 0.595006916923 0.115999739275
0.00619583333333 1 1 0.0167067458656 0.788559327863 0.595617133103 0.115824284208
0.0062 1 1 0.00719021774759 0.788123845703 0.596227113156 0.115649776987
0.00620416666667 1 1 0.0030778693635 0.787687652485 0.596836855582 0.115476218042
0.00620833333333 1 1 0.00131454786191 0.787250749286 0.597446358879 0.115303607804
0.0062125 1 1 0.00056092983479 0.786813137187 0.598055621545 0.1151319467
0.00621666666667 1 1 0.000239275730013 0.786374817267 0.598664642082 0.114961235154
0.00622083333333 1 1 0.000102059740105 0.78593579061 0.599273418989 0.11479147359
0.006225 1 1 4.35333359218e-05 0.7854960583 0.599881950769 0.114622662427
0.00622916666667 1 1 1.85703780376e-05 0.785055621423 0.600490235922 0.114454802084
0.00623333333333 1 1 7.92244492875e-06 0.784614481068 0.601098272953 0.114287892976
0.0062375 1 1 3.38018901458e-06 0.784172638325 0.601706060364 0.114121935516
0.00624166666667 1 1 1.44233969573e-06 0.783730094286 0.60231359666 0.113956930116
0.00624583333333 1 1 6.15516370261e-07 0.783286850045 0.602920880346 0.113792877184
0.00625 1 1 2.62698405751e-07 0.782842906696 0.603527909927 0.113629777126
0.00625416666667 1 1 1.1212983464e-07 0.782398265338 0.60413468391 0.113467630346
0.00625833333333 1 1 4.78664159975e-08 0.78195292707 0.604741200802 0.113306437247
0.0062625 1 1 2.04355657396e-08 0.781506892991 0.60534745911 0.113146198227
0.00626666666667 1 1 8.72546285224e-09 0.781060164206 0.605953457343 0.112986913683
0.00627083333333 1 1 3.72594433085e-09 0.780612741818 0.606559194011 0.112828584011
0.006275 1 1 1.59122043319e-09 0.780164626934 0.607164667623 0.112671209602
0.00627916666667 1 1 6.79626743771e-10 0.779715820662 0.607769876689 0.112514790847
0.00628333333333 1 1 2.9030644555e-10 0.779266324111 0.608374819722 0.112359328132
0.0062875 1 1 1.24019239323e-10 0.778816138394 0.608979495234 0.112204821845
0.00629166666667 1 1 5.29868371402e-11 0.778365264623 0.609583901736 0.112051272366
0.00629583333333 1 1 2.26408336523e-11 0.777913703914 0.610188037743 0.111898680078
0.0063 1 1 9.6752605927e-12 0.777461457384 0.61079190177 0.111747045358
0.00630416666667 1 1 4.13508116637e-12 0.777008526151 0.61139549233 0.111596368583
0.00630833333333 1 1 1.76741954405e-12 0.776554911335 0.61199880794 0.111446650125
0.0063125 1 0.999999999999 7.55562279409e-13 0.77610061406 0.612601847115 0.111297890356
0.00631666666667 1 0.999999999998 3.23019389015e-13 0.775645635448 0.613204608374 0.111150089645
0.00632083333333 1 0.999999999996 1.38111744263e-13 0.775189976626 0.613807090235 0.111003248359
0.006325 1 0.999999999991 5.90638649101e-14 0.77473363872 0.614409291215 0.110857366861
0.00632916666667 1 0.999999999982 2.52575738102e-14 0.77427662286 0.615011209834 0.110712445514
0.00633333333333 1 0.999999999961 1.08246744901e-14 0.773818930177 0.615612844612 0.110568484677
0.0063375 1 0.999999999915 4.60742555219e-15 0.773360561803 0.61621419407 0.110425484706
0.00634166666667 1 0.999999999817 1.99840144433e-15 0.772901518873 0.61681525673 0.110283445957
0.00634583333333 1 0.999999999607 8.32667268469e-16 0.772441802522 0.617416031113 0.110142368782
0.00635 1 0.999999999154 3.33066907388e-16 0.771981413888 0.618016515744 0.11000225353
0.00635416666667 1 0.999999998179 1.66533453694e-16 0.771520354111 0.618616709144 0.10986310055
0.00635833333333 1 0.999999996081 5.55111512313e-17 0.771058624331 0.61921660984 0.109724910187
0.0063625 1 0.999999991563 0 0.770596225692 0.619816216355 0.109587682783
0.00636666666667 1 0.999999981838 0 0.770133159338 0.620415527217 0.109451418679
0.00637083333333 1 0.999999960901 0 0.769669426415 0.621014540951 0.109316118213
0.006375 1 0.999999915824 0 0.769205028071 0.621613256085 0.109181781721
0.00637916666667 1 0.999999818773 0 0.768739965455 0.622211671147 0.109048409535
0.00638333333333 1 0.999999609814 0 0.768274239719 0.622809784666 0.108916001988
0.0063875 1 0.99999915989 0 0.767807852016 0.623407595172 0.108784559407
0.00639166666667 1 0.9999981911 0 0.767340803499 0.624005101194 0.108654082118
0.00639583333333 0.999999999999 0.999996105 0 0.766873095326 0.624602301265 0.108524570446
0.0064 0.999999999999 0.999991612856 0 0.766404728654 0.625199193915 0.108396024711
0.00640416666667 0.999999999997 0.999981939349 0 0.765935704642 0.625795777677 0.108268445233
0.00640833333333 0.999999999992 0.999961107772 0 0.765466024453 0.626392051085 0.108141832328
0.0064125 0.999999999982 0.999916247678 0 0.764995689247 0.626988012672 0.108016186311
0.00641666666667 0.999999999956 0.999819646928 0 0.76452470019 0.627583660973 0.107891507492
0.00642083333333 0.999999999892 0.99961165562 0 0.764053058448 0.628178994524 0.107767796183
0.006425 0.999999999738 0.999163970552 0 0.763580765189 0.628774011861 0.107645052688
0.00642916666667 0.999999999366 0.998201057571 0 0.763107821581 0.629368711521 0.107523277314
0.00643333333333 0.999999998462 0.996133246327 0 0.762634228796 0.629963092041 0.107402470362
0.0064375 0.999999996269 0.991708020804 0 0.762159988006 0.63055715196 0.107282632132
0.00644166666667 0.999999990951 0.982307760723 0 0.761685100385 0.631150889818 0.107163762921
0.00644583333333 0.999999978048 0.9626508689 0 0.761209567108 0.631744304153 0.107045863025
0.00645 0.999999946745 0.922866550617 0 0.760733389354 0.632337393508 0.106928932735
0.00645416666667 0.999999870793 0.84741617235 0 0.760256568301 0.632930156422 0.106812972342
0.00645833333333 0.999999686501 0.720505718879 0 0.759779105129 0.633522591439 0.106697982134
0.0064625 0.999999239291 0.544737201722 0 0.75930100102 0.634114697101 0.106583962396
0.00646666666667 0.999998153999 0.357059214933 0 0.758822257158 0.634706471952 0.106470913411
0.00647083333333 0.999995520031 0.2049290452 0 0.758342874728 0.635297914536 0.106358835459
0.006475 0.999989127051 0.106841156545 0 0.757862854916 0.635889023399 0.106247728818
0.00647916666667 0.999973609574 0.0525946742562 0 0.757382198912 0.636479797086 0.106137593764
0.00648333333333 0.999935943018 0.025115336785 0 0.756900907904 0.637070234144 0.10602843057
0.0064875 0.99984451311 0.0118137580233 0 0.756418983084 0.637660333121 0.105920239506
0.00649166666667 0.999622606057 0.00551688323294 0 0.755936425645 0.638250092564 0.105813020842
0.00649583333333 0.999084224587 0.00256750052509 0 0.755453236782 0.638839511023 0.105706774844
0.0065 0.997779351471 0.00119295137695 0 0.754969417689 0.639428587047 0.105601501773
0.00650416666667 0.994624815214 0.000553857520785 0 0.754484969566 0.640017319187 0.105497201892
0.00650833333333 0.987046391479 0.000257044230233 0 0.75399989361 0.640605705994 0.10539387546
0.0065125 0.969112915184 0.000119270162346 0 0.753514191022 0.641193746019 0.105291522732
0.00651666666667 0.928154075683 5.53358866042e-05 0 0.753027863005 0.641781437816 0.105190143962
0.00652083333333 0.841740456327 2.56714363551e-05 0 0.752540910761 0.642368779939 0.105089739402
0.006525 0.686482942257 1.19088440282e-05 0 0.752053335496 0.64295577094 0.1049903093
0.00652916666667 0.474060998082 5.52419271155e-06 0 0.751565138416 0.643542409376 0.104891853903
0.00653333333333 0.270616877703 2.56241493207e-06 0 0.751076320729 0.644128693802 0.104794373455
0.0065375 0.13247967508 1.18853573e-06 0 0.750586883644 0.644714622775 0.104697868197
0.00654166666667 0.0591340901822 5.51261265191e-07 0 0.750096828374 0.645300194852 0.104602338369
0.00654583333333 0.0252133510863 2.55673233751e-07 0 0.749606156129 0.645885408591 0.104507784207
0.00655 0.0105318319269 1.18575676944e-07 0 0.749114868124 0.646470262551 0.104414205946
0.00655416666667 0.00436069346609 5.49906040148e-08 0 0.748622965574 0.647054755291 0.104321603818
0.00655833333333 0.00179884368066 2.55013893891e-08 0 0.748130449696 0.647638885374 0.104229978051
0.0065625 0.000740876408133 1.18255571446e-08 0 0.747637321708 0.648222651358 0.104139328872
0.00656666666667 0.000304928485664 5.48354900376e-09 0 0.74714358283 0.648806051807 0.104049656507
0.00657083333333 0.000125461169596 2.54263560207e-09 0 0.746649234283 0.649389085284 0.103960961178
0.006575 5.16113734725e-05 1.17893195206e-09 0 0.746154277289 0.649971750351 0.103873243103
0.00657916666667 2.1229184575e-05 5.46607370477e-10 0 0.745658713073 0.650554045574 0.1037865025
0.00658333333333 8.73140619734e-06 2.53422005603e-10 0 0.745162542861 0.651135969517 0.103700739584
0.0065875 3.59089484026e-06 1.17488463403e-10 0 0.744665767877 0.651717520746 0.103615954566
0.00659166666667 1.47669476719e-06 5.44663203428e-11 0 0.744168389352 0.65229869783 0.103532147658
0.00659583333333 6.0722434142e-07 2.52489140706e-11 0 0.743670408515 0.652879499334 0.103449319065
0.0066 2.49676906261e-07 1.17041376591e-11 0 0.743171826596 0.653459923827 0.103367468994
0.00660416666667 1.02654627576e-07 5.42521583213e-12 0 0.742672644829 0.654039969879 0.103286597645
0.00660833333333 4.22036252057e-08 2.51465515078e-12 0 0.742172864447 0.654619636059 0.103206705221
0.0066125 1.73497065603e-08 1.16551213125e-12 0 0.741672486686 0.65519892094 0.103127791917
0.00661666666667 7.1319079531e-09 5.40179012631e-13 0 0.741171512782 0.655777823091 0.103049857929
0.00662083333333 2.93150481667e-09 2.50355292053e-13 0 0.740669943973 0.656356341086 0.10297290345
0.006625 1.20488846678e-09 1.16018306073e-13 0 0.740167781499 0.656934473497 0.10289692867
0.00662916666667 4.9519310874e-10 5.37903055431e-14 0 0.7396650266 0.6575122189 0.102821933776
0.00663333333333 2.03504602059e-10 2.49245069028e-14 0 0.739161680519 0.658089575869 0.102747918955
0.0066375 8.36272717741e-11 1.15463194561e-14 0 0.738657744499 0.65866654298 0.102674884388
0.00664166666667 3.43641781697e-11 5.3290705182e-15 0 0.738153219785 0.65924311881 0.102602830255
0.00664583333333 1.41222589178e-11 2.49800180541e-15 0 0.737648107624 0.659819301936 0.102531756736
0.00665 5.80818726448e-12 1.16573417586e-15 0 0.737142409262 0.660395090936 0.102461664005
0.00665416666667 2.39913644506e-12 5.55111512313e-16 0 0.73663612595 0.660970484389 0.102392552236
0.00665833333333 1.01391117724e-12 2.22044604925e-16 0 0.736129258937 0.661545480877 0.102324421598
0.0066625 4.78062034404e-13 1.11022302463e-16 0 0.735621809476 0.662120078979 0.10225727226
0.00666666666667 3.30402372128e-13 1.11022302463e-16 0 0.735113778818 0.662694277277 0.102191104387
0.00667083333333 4.27047286422e-13 1.11022302463e-16 0 0.734605168219 0.663268074354 0.102125918143
0.006675 8.08908495742e-13 3.33066907388e-16 0 0.734095978934 0.663841468794 0.102061713689
0.00667916666667 1.70957692447e-12 7.77156117238e-16 0 0.73358621222 0.664414459181 0.101998491182
0.00668333333333 3.69665409394e-12 1.88737914186e-15 0 0.733075869335 0.664987044099 0.101936250778
0.0066875 8.02818922452e-12 4.66293670343e-15 0 0.73256495154 0.665559222137 0.101874992631
0.00669166666667 1.74486536331e-11 1.14908083049e-14 0 0.732053460094 0.666130991879 0.101814716891
0.00669583333333 3.79271059003e-11 2.81996648255e-14 0 0.731541396261 0.666702351915 0.101755423707
0.0067 8.24367796248e-11 6.91113832829e-14 0 0.731028761304 0.667273300833 0.101697113224
0.00670416666667 1.79171066872e-10 1.69475544709e-13 0 0.730515556488 0.667843837222 0.101639785587
0.00670833333333 3.8939251823e-10 4.15389944664e-13 0 0.730001783078 0.668413959674 0.101583440936
0.0067125 8.46213821237e-10 1.01829655819e-12 0 0.729487442344 0.66898366678 0.10152807941
0.00671666666667 1.83884579785e-09 2.49611442626e-12 0 0.728972535552 0.669552957133 0.101473701144
0.00672083333333 3.99561134179e-09 6.11816153295e-12 0 0.728457063974 0.670121829325 0.101420306273
0.006725 8.68148392064e-09 1.49956158602e-11 0 0.727941028881 0.670690281951 0.101367894927
0.00672916666667 1.8861557427e-08 3.67524899403e-11 0 0.727424431545 0.671258313607 0.101316467235
0.00673333333333 4.09764236431e-08 9.00717833652e-11 0 0.72690727324 0.671825922887 0.101266023324
0.0067375 8.90150674282e-08 2.20734430734e-10 0 0.726389555242 0.672393108391 0.101216563317
0.00674166666667 1.93359724787e-07 5.40917366454e-10 0 0.725871278827 0.672959868715 0.101168087335
0.00674583333333 4.19992531198e-07 1.32547395282e-09 0 0.725352445273 0.673526202459 0.101120595498
0.00675 9.12200211312e-07 3.24781146421e-09 0 0.724833055859 0.674092108222 0.101074087921
0.00675416666667 1.98112441258e-06 7.95773896778e-09 0 0.724313111865 0.674657584606 0.101028564719
0.00675833333333 4.30235338256e-06 1.94969991818e-08 0 0.723792614573 0.675222630211 0.100984026003
0.0067625 9.34270383918e-06 4.77666722842e-08 0 0.723271565266 0.675787243642 0.100940471882
0.00676666666667 2.02866313526e-05 1.1702031244e-07 0 0.722749965227 0.676351423502 0.100897902462
0.00677083333333 4.40468854197e-05 2.86666193172e-07 0 0.722227815742 0.676915168396 0.100856317849
0.006775 9.56273077791e-05 7.02215698034e-07 0 0.721705118098 0.677478476929 0.100815718142
0.00677916666667 0.000207585029036 1.72005841248e-06 0 0.721181873582 0.678041347709 0.100776103442
0.00678333333333 0.000450533281486 4.21302482623e-06 0 0.720658083485 0.678603779342 0.100737473845
0.0067875 0.000977480241131 1.03186292076e-05 0 0.720133749095 0.679165770438 0.100699829445
0.00679166666667 0.00211931366658 2.52711392318e-05 0 0.719608871704 0.679727319607 0.100663170335
0.00679583333333 0.0045885663026 6.18866289205e-05 0 0.719083452607 0.68028842546 0.100627496603
0.0068 0.00990564254137 0.000151538969456 0 0.718557493095 0.680849086607 0.100592808336
0.00680416666667 0.0212511764267 0.000370999995062 0 0.718030994466 0.681409301663 0.100559105619
0.00680833333333 0.0449982464993 0.000907954047518 0 0.717503958015 0.681969069241 0.100526388534
0.0068125 0.0927612928919 0.00222021337021 0 0.716976385041 0.682528387955 0.10049465716
0.00681666666667 0.181573639133 0.00541851517598 0 0.716448276842 0.683087256422 0.100463911574
0.00682083333333 0.324947365567 0.0131626584233 0 0.715919634718 0.683645673259 0.100434151851
0.006825 0.510850305508 0.0316212853011 0 0.715390459971 0.684203637084 0.100405378062
0.00682916666667 0.693787087493 0.0740201774558 0 0.714860753905 0.684761146516 0.100377590279
0.00683333333333 0.830939731754 0.163654086502 0 0.714330517822 0.685318200175 0.100350788566
0.0068375 0.914249435274 0.323855202193 0 0.713799753028 0.685874796683 0.100324972991
0.00684166666667 0.958551075818 0.53967016579 0 0.713268460829 0.686430934661 0.100300143614
0.00684583333333 0.980453186265 0.741559403009 0 0.712736642533 0.686986612734 0.100276300496
0.00685 0.990891400445 0.875349853569 0 0.712204299449 0.687541829525 0.100253443694
0.00685416666667 0.995779243256 0.945012095886 0 0.711671432887 0.688096583661 0.100231573264
0.00685833333333 0.99804922975 0.976774494485 0 0.711138044158 0.688650873767 0.100210689256
0.0068625 0.999099435302 0.990376463404 0 0.710604134575 0.689204698473 0.100190791722
0.00686666666667 0.999584469577 0.996044519969 0 0.71006970545 0.689758056406 0.10017188071
0.00687083333333 0.999808308789 0.998379590472 0 0.709534758101 0.690310946198 0.100153956263
0.006875 0.99991157519 0.999337062791 0 0.708999293841 0.690863366478 0.100137018426
0.00687916666667 0.99995921065 0.999728920492 0 0.708463313989 0.69141531588 0.100121067238
0.00688333333333 0.999981183748 0.999889173627 0 0.707926819864 0.691966793036 0.100106102737
0.0068875 0.999991319614 0.999954692379 0 0.707389812784 0.692517796582 0.100092124958
0.00689166666667 0.999995995325 0.999981477249 0 0.706852294071 0.693068325153 0.100079133935
0.00689583333333 0.999998152352 0.999992427211 0 0.706314265048 0.693618377387 0.100067129697
0.0069 0.999999147499 0.999996903818 0 0.705775727037 0.69416795192 0.100056112273
0.00690416666667 0.999999606636 0.999998734043 0 0.705236681363 0.694717047393 0.100046081689
0.00690833333333 0.999999818482 0.999999482352 0 0.704697129351 0.695265662446 0.100037037967
0.0069125 0.999999916234 0.999999788324 0 0.70415707233 0.695813795721 0.100028981128
0.00691666666667 0.999999961342 0.999999913437 0 0.703616511627 0.69636144586 0.100021911191
0.00692083333333 0.999999982158 0.999999964599 0 0.703075448571 0.696908611507 0.10001582817
0.006925 0.999999991765 0.999999985521 0 0.702533884492 0.697455291307 0.100010732081
0.00692916666667 0.999999996199 0.999999994078 0 0.701991820724 0.698001483908 0.100006622933
0.00693333333333 0.999999998245 0.999999997578 0 0.701449258598 0.698547187956 0.100003500735
0.0069375 0.99999999919 0.999999999009 0 0.70090619945 0.6990924021 0.100001365493
0.00694166666667 0.999999999626 0.999999999595 0 0.700362644613 0.699637124991 0.10000021721
0.00694583333333 0.999999999827 0.999999999834 0 0.699818595425 0.700181355279 0.100000055888
0.00695 0.99999999992 0.999999999932 0 0.699274053224 0.700725091618 0.100000881526
0.00695416666667 0.999999999963 0.999999999972 0 0.698729019349 0.701268332661 0.10000269412
0.00695833333333 0.999999999983 0.999999999989 0 0.698183495139 0.701811077063 0.100005493663
0.0069625 0.999999999992 0.999999999995 0 0.697637481936 0.70235332348 0.100009280148
0.00696666666667 0.999999999996 0.999999999998 0 0.697090981082 0.70289507057 0.100014053563
0.00697083333333 0.999999999998 0.999999999999 0 0.696543993922 0.703436316991 0.100019813894
0.006975 0.999999999999 1 0 0.6959965218 0.703977061404 0.100026561127
0.00697916666667 1 1 5.55111512313e-17 0.695448566062 0.704517302471 0.100034295241
0.00698333333333 1 1 1.11022302463e-16 0.694900128056 0.705057038853 0.100043016218
0.0069875 1 1 2.77555756156e-16 0.694351209129 0.705596269215 0.100052724034
0.00699166666667 1 1 6.10622663544e-16 0.693801810633 0.706134992221 0.100063418662
0.00699583333333 1 1 1.44328993201e-15 0.693251933917 0.706673206539 0.100075100076
0.007 1 1 3.38618022511e-15 0.692701580333 0.707210910836 0.100087768244
0.00700416666667 1 1 7.77156117238e-15 0.692150751236 0.707748103781 0.100101423134
0.00700833333333 1 1 1.79301018477e-14 0.691599447978 0.708284784046 0.100116064711
0.0070125 1 1 4.13002965161e-14 0.691047671917 0.708820950301 0.100131692937
0.00701666666667 1 1 9.51461132104e-14 0.690495424408 0.709356601219 0.100148307771
0.00702083333333 1 1 2.19324558515e-13 0.68994270681 0.709891735476 0.100165909171
0.007025 1 1 5.05706587717e-13 0.689389520481 0.710426351746 0.100184497093
0.00702916666667 1 1 1.16612275392e-12 0.688835866783 0.710960448708 0.100204071489
0.00703333333333 1 1 2.6893487437e-12 0.688281747076 0.711494025039 0.100224632308
0.0070375 1 1 6.20298257203e-12 0.687727162724 0.71202707942 0.1002461795
0.00704166666667 1 1 1.43087208748e-11 0.687172115089 0.712559610531 0.100268713008
0.00704583333333 1 1 3.301020568e-11 0.686616605539 0.713091617055 0.100292232777
0.00705 1 1 7.61627427792e-11 0.686060635437 0.713623097676 0.100316738746
0.00705416666667 1 1 1.75745695774e-10 0.685504206153 0.71415405108 0.100342230854
0.00705833333333 1 1 4.05577960105e-10 0.684947319054 0.714684475953 0.100368709037
0.0070625 1 1 9.36076993696e-10 0.68438997551 0.715214370983 0.100396173227
0.00706666666667 1 1 2.16070950021e-09 0.683832176893 0.715743734859 0.100424623356
0.00707083333333 1 1 4.98802660287e-09 0.683273924575 0.716272566273 0.100454059352
0.007075 1 1 1.15161870595e-08 0.682715219928 0.716800863917 0.100484481141
0.00707916666667 1 1 2.65910952701e-08 0.682156064327 0.717328626483 0.100515888647
0.00708333333333 1 1 6.14060691184e-08 0.681596459148 0.717855852669 0.100548281791
0.0070875 1 1 1.41818833344e-07 0.681036405768 0.718382541169 0.100581660492
0.00709166666667 1 1 3.27569932124e-07 0.680475905564 0.718908690682 0.100616024666
0.00709583333333 1 1 7.56696281301e-07 0.679914959917 0.719434299908 0.100651374227
0.0071 1 1 1.7481813091e-06 0.679353570206 0.719959367546 0.100687709087
0.00710416666667 1 1 4.03922759767e-06 0.678791737812 0.720483892299 0.100725029156
0.00710833333333 1 1 9.33375532997e-06 0.678229464119 0.721007872871 0.100763334339
0.0071125 1 1 2.15704407683e-05 0.67766675051 0.721531307967 0.100802624541
0.00711666666667 1 1 4.98542500182e-05 0.677103598371 0.722054196293 0.100842899665
0.00712083333333 1 1 0.000115232973452 0.676540009087 0.722576536557 0.10088415961
0.007125 1 1 0.000266355471092 0.675975984046 0.723098327469 0.100926404273
0.00712916666667 1 1 0.000615613148738 0.675411524636 0.723619567739 0.100969633548
0.00713333333333 1 1 0.00142233762038 0.674846632247 0.72414025608 0.101013847329
0.0071375 1 1 0.0032831119764 0.67428130827 0.724660391206 0.101059045506
0.00714166666667 1 1 0.00756063700753 0.673715554096 0.725179971832 0.101105227965
0.00714583333333 1 1 0.0173163423001 0.67314937112 0.725698996674 0.101152394592
0.00715 1 1 0.0391674801978 0.672582760734 0.726217464451 0.10120054527
0.00715416666667 1 1 0.0861827384637 0.672015724336 0.726735373882 0.101249679879
0.00715833333333 1 1 0.179129140229 0.67144826332 0.727252723689 0.101299798298
0.0071625 1 1 0.335536860968 0.670880379085 0.727769512594 0.101350900402
0.00716666666667 1 1 0.538889522723 0.670312073031 0.728285739321 0.101402986063
0.00717083333333 1 1 0.730094623201 0.669743346556 0.728801402597 0.101456055154
0.007175 1 1 0.862290015578 0.669174201062 0.729316501147 0.101510107542
0.00717916666667 1 1 0.935468259617 0.668604637951 0.729831033701 0.101565143094
0.00718333333333 1 1 0.971067976076 0.668034658627 0.730344998989 0.101621161673
0.0071875 1 1 0.987296757401 0.667464264495 0.730858395743 0.10167816314
0.00719166666667 1 1 0.994474745011 0.666893456959 0.731371222695 0.101736147355
0.00719583333333 1 1 0.997606851127 0.666322237428 0.73188347858 0.101795114173
0.0072 1 1 0.998965323794 0.665750607308 0.732395162134 0.10185506345
0.00720416666667 1 1 0.99955283812 0.665178568009 0.732906272096 0.101915995036
0.00720833333333 1 1 0.999806342515 0.664606120942 0.733416807203 0.101977908781
0.0072125 1 1 0.999915031309 0.664033267517 0.733926766198 0.102040804532
0.00721666666667 1 1 0.999960173675 0.663460009148 0.734436147821 0.102104682133
0.00722083333333 1 1 0.99997560001 0.662886347247 0.734944950818 0.102169541427
0.007225 1 1 0.999972991557 0.662312283229 0.735453173932 0.102235382254
0.00722916666667 1 1 0.999950707133 0.661737818511 0.735960815912 0.10230220445
0.00723333333333 1 1 0.999892781032 0.661162954508 0.736467875505 0.102370007851
0.0072375 1 1 0.999757508293 0.66058769264 0.736974351461 0.10243879229
0.00724166666667 1 1 0.999447506531 0.660012034326 0.737480242531 0.102508557597
0.00724583333333 1 1 0.998740001128 0.659435980985 0.737985547469 0.102579303599
0.00725 1 1 0.997128612146 0.658859534038 0.738490265029 0.102651030122
0.00725416666667 1 1 0.993470290514 0.658282694909 0.738994393968 0.10272373699
0.00725833333333 1 1 0.985221574572 0.657705465021 0.739497933042 0.102797424023
0.0072625 1 1 0.966903197222 0.657127845799 0.74000088101 0.102872091039
0.00726666666667 1 1 0.927555624253 0.656549838667 0.740503236634 0.102947737854
0.00727083333333 1 1 0.848760778131 0.655971445054 0.741004998676 0.103024364282
0.007275 1 1 0.710991459521 0.655392666386 0.7415061659 0.103101970135
0.00727916666667 1 1 0.518891658029 0.654813504093 0.74200673707 0.10318055522
0.00728333333333 1 1 0.321063180861 0.654233959604 0.742506710954 0.103260119345
0.0072875 1 1 0.171750137613 0.653654034352 0.74300608632 0.103340662314
0.00729166666667 1 1 0.083359758399 0.653073729767 0.743504861939 0.103422183928
0.00729583333333 1 1 0.0383566428421 0.652493047283 0.744003036581 0.103504683986
0.0073 1 1 0.0171953098628 0.651911988334 0.744500609021 0.103588162286
0.00730416666667 1 1 0.00761702746724 0.651330554356 0.744997578032 0.103672618622
0.00730833333333 1 1 0.00335626912047 0.650748746784 0.745493942391 0.103758052786
0.0073125 1 1 0.00147548014693 0.650166567057 0.745989700875 0.103844464569
0.00731666666667 1 1 0.000648034420076 0.649584016612 0.746484852265 0.103931853757
0.00732083333333 1 1 0.000284516950478 0.64900109689 0.746979395342 0.104020220135
0.007325 1 1 0.00012490411583 0.648417809329 0.747473328887 0.104109563487
0.00732916666667 1 1 5.48344624746e-05 0.647834155373 0.747966651684 0.104199883593
0.00733333333333 1 1 2.40746777766e-05 0.647250136462 0.748459362521 0.10429118023
0.0073375 1 1 1.05707790631e-05 0.646665754042 0.748951460183 0.104383453175
0.00734166666667 1 1 4.64191648458e-06 0.646081009556 0.74944294346 0.1044767022
0.00734583333333 1 1 2.03860599796e-06 0.64549590445 0.749933811142 0.104570927076
0.00735 1 1 8.95397175626e-07 0.64491044017 0.750424062021 0.104666127572
0.00735416666667 1 1 3.93319007308e-07 0.644324618165 0.750913694891 0.104762303454
0.00735833333333 1 1 1.72790986852e-07 0.643738439881 0.751402708547 0.104859454485
0.0073625 1 1 7.59179074605e-08 0.643151906769 0.751891101785 0.104957580427
0.00736666666667 1 1 3.33591045898e-08 0.64256502028 0.752378873404 0.105056681039
0.00737083333333 1 1 1.46599184458e-08 0.641977781864 0.752866022204 0.105156756077
0.007375 1 1 6.44311276554e-09 0.641390192975 0.753352546986 0.105257805296
0.00737916666667 1 1 2.83208906326e-09 0.640802255065 0.753838446554 0.105359828447
0.00738333333333 1 1 1.24498772403e-09 0.640213969589 0.754323719711 0.105462825281
0.0073875 1 1 5.47356437952e-10 0.639625338001 0.754808365265 0.105566795543
0.00739166666667 1 1 2.40670205987e-10 0.639036361759 0.755292382023 0.105671738979
0.00739583333333 1 1 1.05833064534e-10 0.638447042319 0.755775768794 0.105777655331
0.0074 1 1 4.65444349729e-11 0.63785738114 0.75625852439 0.105884544339
0.00740416666667 1 1 2.04720129737e-11 0.63726737968 0.756740647623 0.105992405741
0.00740833333333 1 1 9.00535201964e-12 0.636677039399 0.757222137307 0.106101239272
0.0074125 1 1 3.96177535222e-12 0.636086361759 0.757702992258 0.106211044665
0.00741666666667 1 1 1.74310565981e-12 0.63549534822 0.758183211294 0.10632182165
0.00742083333333 1 1 7.66997576562e-13 0.634904000247 0.758662793233 0.106433569956
0.007425 1 1 3.37563310637e-13 0.634312319301 0.759141736895 0.106546289308
0.00742916666667 1 1 1.48547840695e-13 0.633720306848 0.759620041104 0.106659979429
0.00743333333333 0.999999999999 1 6.53921361504e-14 0.633127964352 0.760097704682 0.106774640041
0.0074375 0.999999999999 1 2.8810287489e-14 0.632535293281 0.760574726455 0.106890270862
0.00744166666667 0.999999999996 1 1.26565424807e-14 0.631942295101 0.76105110525 0.107006871609
0.00744583333333 0.999999999991 1 5.55111512313e-15 0.631348971281 0.761526839895 0.107124441995
0.00745 0.999999999978 1 2.44249065418e-15 0.630755323288 0.762001929221 0.107242981732
0.00745416666667 0.999999999945 1 1.05471187339e-15 0.630161352593 0.762476372059 0.107362490529
0.00745833333333 0.999999999866 1 4.99600361081e-16 0.629567060666 0.762950167243 0.107482968093
0.0074625 0.999999999669 1 2.22044604925e-16 0.628972448978 0.763423313607 0.107604414129
0.00746666666667 0.999999999187 1 1.11022302463e-16 0.628377519002 0.763895809987 0.107726828337
0.00747083333333 0.999999998002 1 5.55111512313e-17 0.627782272211 0.764367655223 0.107850210419
0.007475 0.999999995089 1 0 0.627186710078 0.764838848153 0.107974560071
0.00747916666667 0.999999987927 1 0 0.626590834079 0.765309387619 0.108099876988
0.00748333333333 0.999999970318 1 0 0.625994645688 0.765779272464 0.108226160863
0.0074875 0.999999927023 1 0 0.625398146383 0.766248501532 0.108353411385
0.00749166666667 0.99999982057 1 0 0.624801337639 0.766717073669 0.108481628243
0.00749583333333 0.999999558815 1 0 0.624204220935 0.767184987723 0.108610811123
0.0075 0.999998915173 1 0 0.62360679775 0.767652242544 0.108740959706
0.00750416666667 0.999997332436 1 0 0.623009069563 0.768118836981 0.108872073675
0.00750833333333 0.999993440318 0.999999999999 0 0.622411037853 0.768584769888 0.109004152707
0.0075125 0.999983868944 0.999999999999 0 0.621812704103 0.769050040119 0.109137196477
0.00751666666667 0.999960331 0.999999999997 0 0.621214069794 0.76951464653 0.109271204661
0.00752083333333 0.999902447318 0.999999999994 0 0.620615136407 0.769978587977 0.109406176928
0.007525 0.999760114027 0.999999999987 0 0.620015905427 0.770441863319 0.109542112948
0.00752916666667 0.999410213826 0.999999999971 0 0.619416378338 0.770904471418 0.109679012387
0.00753333333333 0.998550637996 0.999999999937 0 0.618816556623 0.771366411135 0.109816874909
0.0075375 0.996442628691 0.999999999862 0 0.618216441769 0.771827681335 0.109955700176
0.00754166666667 0.991295094662 0.999999999698 0 0.617616035261 0.772288280881 0.110095487847
0.00754583333333 0.978856431145 0.99999999934 0 0.617015338587 0.772748208642 0.110236237579
0.00755 0.949546900784 0.999999998557 0 0.616414353233 0.773207463486 0.110377949027
0.00755416666667 0.884402749145 0.999999996844 0 0.615813080688 0.773666044283 0.110520621843
0.00755833333333 0.756692017742 0.999999993099 0 0.615211522441 0.774123949905 0.110664255676
0.0075625 0.558339217096 0.999999984907 0 0.614609679981 0.774581179226 0.110808850175
0.00756666666667 0.33943556097 0.999999966989 0 0.614007554799 0.775037731119 0.110954404984
0.00757083333333 0.172776374995 0.999999927794 0 0.613405148386 0.775493604463 0.111100919746
0.007575 0.0782493366695 0.999999842051 0 0.612802462232 0.775948798135 0.111248394101
0.00757916666667 0.0333524473975 0.999999654461 0 0.612199497831 0.776403311016 0.111396827687
0.00758333333333 0.0138289996899 0.999999244022 0 0.611596256675 0.776857141986 0.11154622014
0.0075875 0.00566677787744 0.999998345929 0 0.610992740258 0.777310289929 0.111696571094
0.00759166666667 0.00231074498721 0.999996380642 0 0.610388950073 0.777762753729 0.111847880177
0.00759583333333 0.000940345579057 0.999992079713 0 0.609784887617 0.778214532274 0.112000147021
0.0076 0.000382345738246 0.999982666701 0 0.609180554383 0.778665624451 0.112153371249
0.00760416666667 0.000155406117054 0.999962064148 0 0.608575951868 0.779116029149 0.112307552487
0.00760833333333 6.31551136221e-05 0.99991696885 0 0.607971081568 0.77956574526 0.112462690354
0.0076125 2.56632876282e-05 0.999818263458 0 0.607365944982 0.780014771677 0.112618784472
0.00761666666667 1.04278220701e-05 0.99960223567 0 0.606760543606 0.780463107295 0.112775834455
0.00762083333333 4.23699833557e-06 0.999129575224 0 0.606154878939 0.780910751009 0.112933839918
0.007625 1.72150678657e-06 0.998096179128 0 0.60554895248 0.781357701717 0.113092800473
0.00762916666667 6.99432758711e-07 0.995840689729 0 0.604942765729 0.781803958319 0.113252715729
0.00763333333333 2.84164905051e-07 0.990936651986 0 0.604336320185 0.782249519716 0.113413585294
0.0076375 1.1544692835e-07 0.980363024143 0 0.60372961735 0.782694384811 0.113575408772
0.00764166666667 4.69009813764e-08 0.957973821337 0 0.603122658724 0.783138552508 0.113738185765
0.00764583333333 1.90532550848e-08 0.912333775367 0 0.602515445809 0.783582021713 0.113901915874
0.00765 7.74005809445e-09 0.826114009978 0 0.601907980108 0.784024791333 0.114066598695
0.00765416666667 3.14417797354e-09 0.684411198915 0 0.601300263124 0.784466860278 0.114232233825
0.00765833333333 1.27719723686e-09 0.497456691485 0 0.600692296359 0.784908227459 0.114398820856
0.0076625 5.18796228199e-10 0.311193913816 0 0.600084081318 0.785348891789 0.114566359378
0.00766666666667 2.10728767769e-10 0.170938284466 0 0.599475619506 0.785788852181 0.11473484898
0.00767083333333 8.55931436838e-11 0.0859972053475 0 0.598866912426 0.786228107552 0.114904289247
0.007675 3.47650241928e-11 0.041165257022 0 0.598257961586 0.786666656819 0.115074679763
0.00767916666667 1.41199829606e-11 0.0192122498135 0 0.59764876849 0.787104498902 0.115246020108
0.00768333333333 5.7347460114e-12 0.00885770354282 0 0.597039334645 0.787541632721 0.115418309861
0.0076875 2.32908137221e-12 0.00406037221303 0 0.596429661558 0.787978057199 0.115591548598
0.00769166666667 9.45910016981e-13 0.00185626226189 0 0.595819750736 0.78841377126 0.115765735894
0.00769583333333 3.8413716652e-13 0.00084753392083 0 0.595209603688 0.78884877383 0.115940871319
0.0077 1.5598633496e-13 0.000386724799605 0 0.594599221921 0.789283063837 0.116116954443
0.00770416666667 6.33382235549e-14 0.000176402051355 0 0.593988606945 0.78971664021 0.116293984832
0.00770833333333 2.57571741713e-14 8.04490747843e-05 0 0.593377760268 0.790149501879 0.116471962051
0.0077125 1.04360964315e-14 3.66843865159e-05 0 0.592766683402 0.790581647778 0.116650885661
0.00771666666667 4.21884749358e-15 1.67261708909e-05 0 0.592155377855 0.79101307684 0.116830755223
0.00772083333333 1.72084568817e-15 7.6255721374e-06 0 0.591543845138 0.791443788002 0.117011570294
0.007725 7.21644966006e-16 3.47625388525e-06 0 0.590932086763 0.791873780202 0.117193330428
0.00772916666667 2.77555756156e-16 1.58458233274e-06 0 0.590320104241 0.792303052378 0.117376035178
0.00773333333333 1.11022302463e-16 7.22242244788e-07 0 0.589707899084 0.792731603471 0.117559684093
0.0077375 5.55111512313e-17 3.29166732149e-07 0 0.589095472804 0.793159432425 0.117744276723
0.00774166666667 0 1.50007902822e-07 0 0.588482826915 0.793586538184 0.117929812612
0.00774583333333 0 6.83562377257e-08 0 0.587869962928 0.794012919694 0.118116291303
0.00775 0 3.11466546998e-08 0 0.587256882359 0.794438575902 0.118303712336
0.00775416666667 0 1.41916276508e-08 0 0.586643586721 0.794863505759 0.118492075251
0.00775833333333 0 6.46751679989e-09 0 0.586030077528 0.795287708215 0.118681379583
0.0077625 0 2.9514847788e-09 0 0.585416356296 0.795711182224 0.118871624866
0.00776666666667 0 1.35717620475e-09 0 0.584802424539 0.79613392674 0.11906281063
0.00777083333333 0 6.4895511187e-10 0 0.584188283773 0.796555940719 0.119254936405
0.007775 0 3.69847708015e-10 0 0.583573935514 0.796977223121 0.119448001716
0.00777916666667 0 3.47558370972e-10 0 0.582959381279 0.797397772903 0.119642006089
0.00778333333333 0 5.90126725264e-10 0 0.582344622583 0.797817589029 0.119836949045
0.0077875 0 1.30977140245e-09 0 0.581729660945 0.798236670462 0.120032830103
0.00779166666667 0 3.10578263107e-09 0 0.581114497882 0.798655016166 0.120229648781
0.00779583333333 0 7.46235756521e-09 0 0.580499134912 0.799072625108 0.120427404592
0.0078 0 1.79740957673e-08 0 0.579883573552 0.799489496257 0.120626097049
0.00780416666667 0 4.33102718134e-08 0 0.579267815321 0.799905628583 0.120825725663
0.00780833333333 0 1.04361051523e-07 0 0.578651861739 0.800321021058 0.12102628994
0.0078125 0 2.51453468936e-07 0 0.578035714324 0.800735672656 0.121227789387
0.00781666666667 0 6.05818212651e-07 0 0.577419374597 0.801149582352 0.121430223505
0.00782083333333 0 1.4594566905e-06 0 0.576802844076 0.801562749124 0.121633591795
0.007825 5.55111512313e-17 3.51563452511e-06 0 0.576186124283 0.80197517195 0.121837893756
0.00782916666667 1.11022302463e-16 8.46796446696e-06 0 0.575569216737 0.802386849813 0.122043128883
0.00783333333333 2.22044604925e-16 2.03946051932e-05 0 0.57495212296 0.802797781693 0.12224929667
0.0078375 4.4408920985e-16 4.91143309588e-05 0 0.574334844474 0.803207966576 0.122456396608
0.00784166666667 9.43689570931e-16 0.000118262621358 0 0.573717382799 0.803617403447 0.122664428185
0.00784583333333 2.05391259556e-15 0.000284713689851 0 0.573099739457 0.804026091295 0.122873390889
0.00785 4.38538094727e-15 0.000685221971594 0 0.572481915972 0.804434029109 0.123083284202
0.00785416666667 9.43689570931e-15 0.00164806122653 0 0.571863913864 0.804841215881 0.123294107608
0.00785833333333 2.03170813506e-14 0.00395814477557 0 0.571245734658 0.805247650604 0.123505860584
0.0078625 4.36317648678e-14 0.00947474879373 0 0.570627379876 0.805653332273 0.123718542609
0.00786666666667 9.37028232784e-14 0.0225044607492 0 0.570008851042 0.806058259885 0.123932153157
0.00787083333333 2.01227923213e-13 0.0524987372267 0 0.56939014968 0.806462432439 0.1241466917
0.007875 4.32209823487e-13 0.117649226211 0 0.568771277313 0.806865848935 0.124362157708
0.00787916666667 9.28424004343e-13 0.242906666454 0 0.568152235466 0.807268508375 0.12457855065
0.00788333333333 1.99429361913e-12 0.435653649036 0 0.567533025664 0.807670409765 0.124795869989
0.0078875 4.28362900706e-12 0.650010116716 0 0.566913649432 0.808071552108 0.125014115191
0.00789166666667 9.20080678313e-12 0.817112191728 0 0.566294108294 0.808471934415 0.125233285714
0.00789583333333 1.97621918829e-11 0.914872826912 0 0.565674403777 0.808871555693 0.125453381017
0.0079 4.24458246329e-11 0.96275529057 0 0.565054537407 0.809270414954 0.125674400557
0.00790416666667 9.11648534441e-11 0.984169429578 0 0.564434510708 0.809668511213 0.125896343787
0.00790833333333 1.9579976529e-10 0.993355743536 0 0.563814325209 0.810065843483 0.126119210159
0.0079125 4.20522505706e-10 0.997226124067 0 0.563193982435 0.810462410782 0.126342999121
0.00791666666667 9.03147834297e-10 0.99884447319 0 0.562573483913 0.810858212129 0.126567710121
0.00792083333333 1.93963939354e-09 0.999519051014 0 0.561952831172 0.811253246544 0.126793342602
0.007925 4.16558293415e-09 0.999799883057 0 0.561332025737 0.811647513049 0.127019896007
0.00792916666667 8.94588408906e-09 0.999916740353 0 0.560711069138 0.81204101067 0.127247369775
0.00793333333333 1.92115992559e-08 0.999965358812 0 0.560089962902 0.812433738433 0.127475763345
0.0079375 4.12569017283e-08 0.999985586287 0 0.559468708557 0.812825695365 0.12770507615
0.00794166666667 8.8597733372e-08 0.999994002213 0 0.558847307633 0.813216880496 0.127935307625
0.00794583333333 1.90257410604e-07 0.999997504018 0 0.558225761657 0.813607292859 0.128166457199
0.00795 4.08557858933e-07 0.999998961209 0 0.55760407216 0.813996931487 0.128398524301
0.00795416666667 8.77321128745e-07 0.999999567633 0 0.556982240671 0.814385795416 0.128631508356
0.00795833333333 1.88389455258e-06 0.999999820025 0 0.556360268719 0.814773883684 0.128865408789
0.0079625 4.04526875353e-06 0.999999925078 0 0.555738157834 0.815161195329 0.12910022502
0.00796666666667 8.68621262845e-06 0.999999968808 0 0.555115909547 0.815547729393 0.129335956469
0.00797083333333 1.86511089011e-05 0.999999987013 0 0.554493525387 0.81593348492 0.129572602552
0.007975 4.00467620031e-05 0.999999994592 0 0.553871006887 0.816318460954 0.129810162683
0.00797916666667 8.59830967835e-05 0.999999997748 0 0.553248355577 0.816702656542 0.130048636276
0.00798333333333 0.00018459908141 0.999999999062 0 0.552625572987 0.817086070734 0.130288022739
0.0079875 0.000396269459761 0.999999999609 0 0.55200266065 0.817468702581 0.130528321481
0.00799166666667 0.00085043293056 0.999999999837 0 0.551379620098 0.817850551134 0.130769531905
0.00799583333333 0.00182413652881 0.999999999932 0 0.550756452862 0.81823161545 0.131011653417
0.008 0.00390826749282 0.999999999972 0 0.550133160475 0.818611894584 0.131254685415
0.00800416666667 0.00835353912085 0.999999999988 0 0.54950974447 0.818991387595 0.131498627299
0.00800833333333 0.0177644633342 0.999999999995 0 0.548886206378 0.819370093544 0.131743478465
0.0080125 0.0373774330515 0.999999999998 0 0.548262547734 0.819748011493 0.131989238307
0.00801666666667 0.0769469374037 0.999999999999 0 0.547638770071 0.820125140507 0.132235906215
0.00802083333333 0.151799031635 1 0 0.547014874922 0.820501479651 0.132483481581
0.008025 0.27756697668 1 0 0.54639086382 0.820877027995 0.132731963789
0.00802916666667 0.452003863044 1 0 0.545766738301 0.821251784609 0.132981352227
0.00803333333333 0.639084974844 1 0 0.545142499899 0.821625748565 0.133231646275
0.0080375 0.791725018837 1 0 0.544518150147 0.821998918937 0.133482845314
0.00804166666667 0.890835387935 1 0 0.543893690582 0.822371294801 0.133734948723
0.00804583333333 0.945998976903 1 0 0.543269122737 0.822742875236 0.133987955877
0.00805 0.974097260301 1 0 0.542644448149 0.823113659321 0.134241866149
0.00805416666667 0.987764160285 1 0 0.542019668353 0.823483646139 0.134496678911
0.00805833333333 0.994262486672 1 0 0.541394784885 0.823852834775 0.134752393532
0.0080625 0.997318956905 1 0 0.540769799281 0.824221224313 0.135009009379
0.00806666666667 0.998749228148 1 0 0.540144713077 0.824588813843 0.135266525816
0.00807083333333 0.999416924165 1 5.55111512313e-17 0.539519527809 0.824955602454 0.135524942206
0.008075 0.999728279924 1 1.11022302463e-16 0.538894245016 0.825321589238 0.135784257908
0.00807916666667 0.999873395017 1 2.77555756156e-16 0.538268866233 0.82568677329 0.13604447228
0.00808333333333 0.999941013753 1 7.21644966006e-16 0.537643392999 0.826051153706 0.136305584679
0.0080875 0.999972518558 1 1.72084568817e-15 0.53701782685 0.826414729584 0.136567594457
0.00809166666667 0.999987196598 1 4.10782519111e-15 0.536392169325 0.826777500024 0.136830500966
0.00809583333333 0.999994034976 1 9.71445146547e-15 0.535766421961 0.827139464128 0.137094303555
0.0081 0.999997220916 1 2.29816166097e-14 0.535140586297 0.827500621001 0.13735900157
0.00810416666667 0.999998705224 1 5.44564393579e-14 0.534514663872 0.827860969748 0.137624594355
0.00810833333333 0.999999396759 1 1.29007915461e-13 0.533888656224 0.828220509478 0.137891081254
0.0081125 0.999999718945 1 3.05866443284e-13 0.533262564892 0.828579239302 0.138158461606
0.00811666666667 0.999999869053 1 7.25031146231e-13 0.532636391416 0.828937158332 0.13842673475
0.00812083333333 0.99999993899 1 1.71890279788e-12 0.532010137335 0.829294265681 0.13869590002
0.008125 0.999999971574 1 4.07557321225e-12 0.531383804189 0.829650560467 0.13896595675
0.00812916666667 0.999999986756 1 9.66438040706e-12 0.530757393518 0.830006041809 0.139236904272
0.00813333333333 0.999999993829 1 2.29193886092e-11 0.530130906862 0.830360708825 0.139508741915
0.0081375 0.999999997125 1 5.43595168878e-11 0.529504345762 0.83071456064 0.139781469006
0.00814166666667 0.99999999866 1 1.28940913502e-10 0.528877711758 0.831067596378 0.140055084869
0.00814583333333 0.999999999376 1 3.05878378182e-10 0.528251006392 0.831419815166 0.140329588826
0.00815 0.999999999709 1 7.25687510084e-10 0.527624231204 0.831771216131 0.140604980199
0.00815416666667 0.999999999864 1 1.72184205782e-09 0.526997387736 0.832121798406 0.140881258306
0.00815833333333 0.999999999937 1 4.0858247341e-09 0.52637047753 0.832471561124 0.141158422461
0.0081625 0.999999999971 1 9.69636321235e-09 0.525743502128 0.832820503418 0.14143647198
0.00816666666667 0.999999999986 1 2.30133957446e-08 0.525116463071 0.833168624427 0.141715406174
0.00817083333333 0.999999999994 1 5.46254703138e-08 0.524489361902 0.833515923289 0.141995224353
0.008175 0.999999999997 1 1.2967381241e-07 0.523862200164 0.833862399146 0.142275925823
0.00817916666667 0.999999999999 1 3.07859044313e-07 0.5232349794 0.83420805114 0.14255750989
0.00818333333333 0.999999999999 1 7.30960664386e-07 0.522607701153 0.834552878419 0.142839975856
0.0081875 1 1 1.73571480905e-06 0.521980366965 0.834896880128 0.143123323024
0.00819166666667 1 1 4.12196806143e-06 0.521352978381 0.835240055418 0.143407550691
0.00819583333333 1 1 9.78975691479e-06 0.520725536944 0.83558240344 0.143692658154
0.0082 1 1 2.32529593209e-05 0.520098044198 0.835923923348 0.143978644707
0.00820416666667 1 1 5.52355778354e-05 0.519470501688 0.836264614298 0.144265509643
0.00820833333333 1 1 0.00013121479816 0.518842910958 0.836604475449 0.144553252252
0.0082125 1 1 0.000311704914779 0.518215273552 0.836943505959 0.144841871821
0.00821666666667 1 1 0.000740353128114 0.517587591016 0.837281704992 0.145131367638
0.00822083333333 1 1 0.0017576012522 0.516959864894 0.837619071712 0.145421738984
0.008225 1 1 0.00416712753927 0.516332096731 0.837955605285 0.145712985142
0.00822916666667 1 1 0.00984827705746 0.515704288074 0.83829130488 0.146005105392
0.00823333333333 1 1 0.0230972443674 0.515076440468 0.838626169667 0.14629809901
0.0082375 1 1 0.0532171548601 0.514448555459 0.83896019882 0.146591965273
0.00824166666667 1 1 0.117885585896 0.513820634593 0.839293391514 0.146886703452
0.00824583333333 1 1 0.241142002029 0.513192679417 0.839625746925 0.14718231282
0.00825 1 1 0.430416162252 0.512564691476 0.839957264232 0.147478792644
0.00825416666667 1 1 0.64249702082 0.511936672319 0.840287942618 0.147776142193
0.00825833333333 1 1 0.810411615048 0.51130862349 0.840617781265 0.148074360729
0.0082625 1 1 0.910458972882 0.510680546539 0.840946779359 0.148373447517
0.00826666666667 1 1 0.960300713789 0.510052443012 0.841274936089 0.148673401816
0.00827083333333 1 1 0.98292086291 0.509424314457 0.841602250643 0.148974222885
0.008275 1 1 0.992750341548 0.508796162421 0.841928722214 0.14927590998
0.00827916666667 1 1 0.996940607773 0.508167988453 0.842254349996 0.149578462355
0.00828333333333 1 1 0.998712186802 0.5075397941 0.842579133186 0.149881879263
0.0082875 1 1 0.999458520197 0.506911580911 0.842903070982 0.150186159954
0.00829166666667 1 1 0.999772447305 0.506283350434 0.843226162584 0.150491303674
0.00829583333333 1 1 0.999904399293 0.505655104218 0.843548407196 0.150797309672
0.0083 1 1 0.999959842573 0.505026843812 0.843869804021 0.151104177189
0.00830416666667 1 1 0.999983133787 0.504398570765 0.844190352269 0.151411905468
0.00830833333333 1 1 0.999992916712 0.503770286625 0.844510051147 0.151720493748
0.0083125 1 1 0.999997025069 0.503141992943 0.844828899867 0.152029941268
0.00831666666667 1 1 0.999998749626 0.502513691267 0.845146897643 0.152340247262
0.00832083333333 1 1 0.999999472191 0.501885383148 0.84546404369 0.152651410964
0.008325 1 1 0.999999772063 0.501257070135 0.845780337226 0.152963431605
0.00832916666667 1 1 0.999999890171 0.500628753779 0.846095777472 0.153276308416
0.00833333333333 1 1 0.999999922454 0.500000435628 0.84641036365 0.153590040622
0.0083375 1 1 0.999999897577 0.499372117234 0.846724094983 0.15390462745
0.00834166666667 1 1 0.999999801767 0.498743800147 0.847036970699 0.154220068122
0.00834583333333 1 1 0.999999571926 0.498115485917 0.847348990026 0.154536361859
0.00835 1 1 0.999999054279 0.497487176095 0.847660152196 0.154853507881
0.00835416666667 1 1 0.999997901633 0.496858872232 0.84797045644 0.155171505405
0.00835833333333 1 1 0.999995340688 0.496230575879 0.848279901996 0.155490353646
0.0083625 1 1 0.999989653621 0.495602288586 0.848588488099 0.155810051816
0.00836666666667 1 1 0.999977026671 0.494974011905 0.848896213989 0.156130599127
0.00837083333333 1 1 0.999948994819 0.494345747388 0.84920307891 0.156451994788
0.008375 1 1 0.999886773165 0.493717496584 0.849509082103 0.156774238005
0.00837916666667 1 1 0.999748689458 0.493089261047 0.849814222816 0.157097327983
0.00838333333333 1 1 0.999442354602 0.492461042327 0.850118500296 0.157421263926
0.0083875 1 1 0.998763191035 0.491832841977 0.850421913795 0.157746045033
0.00839166666667 1 1 0.997259390211 0.491204661547 0.850724462564 0.158071670504
0.00839583333333 1 1 0.993938822712 0.49057650259 0.85102614586 0.158398139535
0.0084 1 1 0.986650097735 0.489948366657 0.851326962938 0.158725451321
0.00840416666667 1 1 0.970856160261 0.489320255302 0.851626913058 0.159053605055
0.00840833333333 1 1 0.937564796245 0.488692170074 0.851925995482 0.159382599928
0.0084125 1 1 0.871296587824 0.488064112528 0.852224209473 0.159712435128
0.00841666666667 1 1 0.753223757233 0.487436084214 0.852521554296 0.160043109843
0.00842083333333 1 1 0.579173637914 0.486808086685 0.852818029221 0.160374623255
0.008425 1 1 0.382955307501 0.486180121494 0.853113633516 0.160706974549
0.00842916666667 1 1 0.218686833485 0.485552190192 0.853408366455 0.161040162906
0.00843333333333 1 1 0.112091363686 0.484924294333 0.853702227311 0.161374187502
0.0084375 1 1 0.0538763855806 0.484296435467 0.853995215362 0.161709047517
0.00844166666667 1 1 0.0250450607799 0.483668615149 0.854287329887 0.162044742123
0.00844583333333 1 1 0.0114567239021 0.483040834929 0.854578570166 0.162381270494
0.00845 1 1 0.00520196102374 0.482413096361 0.854868935484 0.1627186318
0.00845416666667 1 1 0.00235405273186 0.481785400997 0.855158425124 0.163056825211
0.00845833333333 1 1 0.00106371484903 0.48115775039 0.855447038376 0.163395849892
0.0084625 0.999999999999 1 0.000480359663557 0.480530146092 0.855734774529 0.163735705009
0.00846666666667 0.999999999997 1 0.000216874657098 0.479902589655 0.856021632874 0.164076389725
0.00847083333333 0.999999999993 1 9.79102769911e-05 0.479275082631 0.856307612708 0.164417903199
0.008475 0.999999999984 1 4.42037751546e-05 0.478647626574 0.856592713325 0.164760244591
0.00847916666667 0.99999999996 1 1.99580249994e-05 0.478020223035 0.856876934024 0.165103413058
0.00848333333333 0.999999999902 1 9.01176507012e-06 0.477392873567 0.857160274107 0.165447407754
0.0084875 0.999999999758 1 4.06948438492e-06 0.476765579722 0.857442732876 0.165792227832
0.00849166666667 0.999999999402 1 1.83783926666e-06 0.476138343052 0.857724309637 0.166137872443
0.00849583333333 0.999999998525 1 8.30070320423e-07 0.47551116511 0.858005003697 0.166484340737
0.0085 0.999999996361 1 3.74939948145e-07 0.474884047447 0.858284814366 0.166831631859
0.00850416666667 0.999999991022 1 1.69374530457e-07 0.474256991616 0.858563740955 0.167179744954
0.00850833333333 0.999999977852 1 7.6519843295e-08 0.473629999169 0.858841782779 0.167528679167
0.0085125 0.999999945362 1 3.45732019125e-08 0.473003071657 0.859118939154 0.167878433637
0.00851666666667 0.999999865211 1 1.5622289018e-08 0.472376210632 0.859395209398 0.168229007504
0.00852083333333 0.999999667484 1 7.05974850801e-09 0.471749417647 0.859670592833 0.168580399904
0.008525 0.999999179713 1 3.19060655674e-09 0.471122694252 0.85994508878 0.168932609973
0.00852916666667 0.999997976439 1 1.44210438036e-09 0.470496041999 0.860218696565 0.169285636844
0.00853333333333 0.999995008143 1 6.51867781976e-10 0.46986946244 0.860491415515 0.169639479648
0.0085375 0.999987685903 1 2.94687496627e-10 0.469242957125 0.860763244959 0.169994137514
0.00854166666667 0.999969623715 1 1.3323037118e-10 0.468616527607 0.86103418423 0.17034960957
0.00854583333333 0.999925070729 1 6.02398686489e-11 0.467990175435 0.861304232661 0.17070589494
0.00855 0.999815185447 1 2.72397659984e-11 0.467363902162 0.861573389588 0.171062992748
0.00855416666667 0.999544228721 1 1.23186461032e-11 0.466737709336 0.861841654349 0.171420902115
0.00855833333333 0.998876478818 1 5.57137669333e-12 0.46611159851 0.862109026286 0.171779622161
0.0085625 0.997233143174 1 2.51998422129e-12 0.465485571233 0.862375504739 0.172139152003
0.00856666666667 0.993202578255 1 1.13992149053e-12 0.464859629056 0.862641089055 0.172499490756
0.00857083333333 0.983398469873 1 5.15698594938e-13 0.464233773529 0.862905778581 0.172860637534
0.008575 0.960023178481 1 2.33313368625e-13 0.463608006202 0.863169572665 0.173222591448
0.00857916666667 0.906853353111 1 1.05582209642e-13 0.462982328623 0.863432470659 0.173585351609
0.00858333333333 0.797858586494 1 4.77951012101e-14 0.462356742344 0.863694471917 0.173948917123
0.0085875 0.615415086368 1 2.16493489802e-14 0.461731248912 0.863955575795 0.174313287097
0.00859166666667 0.393484497318 1 9.7699626167e-15 0.461105849878 0.86421578165 0.174678460634
0.00859583333333 0.208251229828 1 4.4408920985e-15 0.46048054679 0.864475088844 0.175044436835
0.0086 0.0963636080384 1 1.99840144433e-15 0.459855341196 0.864733496738 0.175411214802
0.00860416666667 0.0414439182744 1 8.881784197e-16 0.459230234645 0.864991004698 0.17577879363
0.00860833333333 0.0172276097347 1 3.88578058619e-16 0.458605228685 0.86524761209 0.176147172418
0.0086125 0.00705716141054 1 1.66533453694e-16 0.457980324864 0.865503318283 0.176516350258
0.00861666666667 0.00287339172202 1 5.55111512313e-17 0.457355524729 0.865758122649 0.176886326242
0.00862083333333 0.0011670278129 1 5.55111512313e-17 0.456730829829 0.866012024561 0.177257099461
0.008625 0.000473512666207 1 0 0.456106241709 0.866265023395 0.177628669002
0.00862916666667 0.000192047237112 1 0 0.455481761917 0.866517118529 0.178001033952
0.00863333333333 7.78784209096e-05 1 0 0.454857392 0.866768309343 0.178374193396
0.0086375 3.15792713009e-05 1 0 0.454233133503 0.867018595219 0.178748146415
0.00864166666667 1.28050289895e-05 1 0 0.453608987973 0.867267975542 0.17912289209
0.00864583333333 5.19229912155e-06 1 0 0.452984956955 0.8675164497 0.179498429498
0.00865 2.10543807982e-06 1 0 0.452361041995 0.86776401708 0.179874757718
0.00865416666667 8.53748823915e-07 1 0 0.451737244637 0.868010677074 0.180251875823
0.00865833333333 3.46196909418e-07 1 0 0.451113566427 0.868256429076 0.180629782885
0.0086625 1.40385400138e-07 1 0 0.450490008907 0.86850127248 0.181008477976
0.00866666666667 5.6928080916e-08 1 0 0.449866573624 0.868745206686 0.181387960164
0.00867083333333 2.30853833827e-08 1 0 0.44924326212 0.868988231093 0.181768228516
0.008675 9.36167743326e-09 0.999999999999 0 0.448620075938 0.869230345103 0.182149282097
0.00867916666667 3.79643849691e-09 0.999999999999 0 0.447997016622 0.869471548121 0.182531119969
0.00868333333333 1.53959062166e-09 0.999999999997 0 0.447374085713 0.869711839553 0.182913741194
0.0086875 6.24367668678e-10 0.999999999994 0 0.446751284755 0.869951218809 0.18329714483
0.00869166666667 2.53210619139e-10 0.999999999986 0 0.446128615289 0.8701896853 0.183681329935
0.00869583333333 1.0269041173e-10 0.99999999997 0 0.445506078857 0.870427238438 0.184066295564
0.0087 4.16470746778e-11 0.999999999932 0 0.444883676999 0.87066387764 0.184452040769
0.00870416666667 1.68906000297e-11 0.999999999847 0 0.444261411256 0.870899602323 0.184838564603
0.00870833333333 6.85035361769e-12 0.999999999657 0 0.443639283169 0.871134411908 0.185225866115
0.0087125 2.77833311912e-12 0.999999999231 0 0.443017294276 0.871368305816 0.185613944351
0.00871666666667 1.12687636999e-12 0.999999998275 0 0.442395446118 0.871601283472 0.186002798358
0.00872083333333 4.57023308087e-13 0.999999996131 0 0.441773740234 0.871833344303 0.186392427178
0.008725 1.85407245112e-13 0.999999991324 0 0.441152178162 0.872064487738 0.186782829854
0.00872916666667 7.52176099184e-14 0.999999980541 0 0.44053076144 0.872294713207 0.187174005426
0.00873333333333 3.05311331772e-14 0.999999956353 0 0.439909491605 0.872524020144 0.18756595293
0.0087375 1.23789867246e-14 0.999999902085 0 0.439288370196 0.872752407985 0.187958671403
0.00874166666667 4.99600361081e-15 0.999999780324 0 0.438667398748 0.872979876167 0.188352159879
0.00874583333333 2.05391259556e-15 0.999999507095 0 0.438046578798 0.873206424131 0.188746417389
0.00875 8.32667268469e-16 0.999998893918 0 0.437425911881 0.873432051318 0.189141442963
0.00875416666667 3.33066907388e-16 0.999997517693 0 0.436805399534 0.873656757174 0.18953723563
0.00875833333333 1.11022302463e-16 0.999994428562 0 0.43618504329 0.873880541145 0.189933794416
0.0087625 5.55111512313e-17 0.999987493894 0 0.435564844684 0.874103402679 0.190331118345
0.00876666666667 0 0.999971925136 0 0.434944805251 0.874325341228 0.19072920644
0.00877083333333 0 0.9999369697 0 0.434324926522 0.874546356246 0.191128057719
0.008775 0 0.999858483599 0 0.433705210032 0.874766447187 0.191527671204
0.00877916666667 0 0.999682264066 0 0.433085657312 0.874985613511 0.191928045908
0.00878333333333 0 0.999286695099 0 0.432466269894 0.875203854676 0.192329180848
0.0087875 0 0.998399282133 0 0.43184704931 0.875421170146 0.192731075036
0.00879166666667 0 0.996411446963 0 0.43122799709 0.875637559384 0.193133727483
0.00879583333333 0 0.991974061437 0 0.430609114764 0.875853021858 0.193537137197
0.0088 0 0.982146176001 0 0.429990403862 0.876067557037 0.193941303185
0.00880416666667 0 0.960756057465 0 0.429371865914 0.876281164392 0.194346224453
0.00880833333333 0 0.915924695158 0 0.428753502447 0.876493843396 0.194751900004
0.0088125 0 0.828980051555 0 0.42813531499 0.876705593525 0.195158328838
0.00881666666667 0 0.683197888166 0 0.42751730507 0.876916414258 0.195565509955
0.00882083333333 0 0.489625297417 0 0.426899474214 0.877126305074 0.195973442353
0.008825 0 0.299093104232 0 0.426281823949 0.877335265456 0.196382125026
0.00882916666667 0 0.159515289615 0 0.4256643558 0.877543294889 0.196791556968
0.00883333333333 0 0.0778329646038 0 0.425047071292 0.87775039286 0.197201737172
0.0088375 0 0.0361734048273 0 0.42442997195 0.877956558858 0.197612664625
0.00884166666667 0 0.0164132526944 0 0.423813059298 0.878161792374 0.198024338317
0.00884583333333 0 0.00736407940416 0 0.423196334859 0.878366092903 0.198436757234
0.00885 0 0.0032870028902 0 0.422579800156 0.878569459939 0.198849920358
0.00885416666667 0 0.00146369471531 0 0.421963456711 0.878771892983 0.199263826673
0.00885833333333 0 0.000651053672356 0 0.421347306047 0.878973391533 0.199678475157
0.0088625 0 0.000289433787681 0 0.420731349683 0.879173955093 0.200093864791
0.00886666666667 0 0.000128643736519 0 0.42011558914 0.879373583168 0.20050999455
0.00887083333333 0 5.71942832363e-05 0 0.419500025939 0.879572275265 0.200926863407
0.008875 0 2.54891748954e-05 0 0.418884661597 0.879770030894 0.201344470337
0.00887916666667 0 1.15098874704e-05 0 0.418269497634 0.879966849567 0.20176281431
0.00888333333333 0 5.55262857643e-06 0 0.417654535567 0.880162730797 0.202181894294
0.0088875 0 3.50144568895e-06 0 0.417039776915 0.880357674101 0.202601709256
0.00889166666667 0 3.98930752799e-06 0 0.416425223192 0.880551678997 0.203022258162
0.00889583333333 0 7.49432986985e-06 0 0.415810875916 0.880744745007 0.203443539974
0.0089 0 1.67797493e-05 0 0.415196736601 0.880936871654 0.203865553654
0.00890416666667 0 3.9066563045e-05 0 0.414582806763 0.881128058462 0.20428829816
0.00890833333333 0 9.16419606786e-05 0 0.413969087914 0.881318304961 0.204711772451
0.0089125 0 0.000215248479646 0 0.41335558157 0.881507610679 0.205135975482
0.00891666666667 0 0.000505577368665 0 0.412742289242 0.881695975149 0.205560906206
0.00892083333333 0 0.00118697693288 0 0.412129212442 0.881883397906 0.205986563576
0.008925 0 0.00278392154074 0 0.411516352682 0.882069878487 0.206412946541
0.00892916666667 0 0.00651469547332 0 0.410903711473 0.882255416429 0.20684005405
0.00893333333333 0 0.015167521782 0 0.410291290324 0.882440011276 0.207267885048
0.0089375 0 0.0349056806307 0 0.409679090746 0.882623662571 0.20769643848
0.00894166666667 0 0.0782805118652 0 0.409067114246 0.882806369858 0.208125713288
0.00894583333333 0 0.166253841993 0 0.408455362332 0.882988132688 0.208555708414
0.00895 0 0.318865773968 0 0.407843836513 0.88316895061 0.208986422795
0.00895416666667 0 0.523564994414 0 0.407232538295 0.883348823178 0.209417855368
0.00895833333333 0 0.720620942541 0 0.406621469184 0.883527749945 0.209850005069
0.0089625 0 0.858228349254 0 0.406010630684 0.883705730471 0.210282870831
0.00896666666667 0 0.934235975249 0 0.405400024302 0.883882764314 0.210716451585
0.00897083333333 0 0.970873688324 0 0.40478965154 0.884058851037 0.21115074626
0.008975 0 0.987374707433 0 0.404179513902 0.884233990203 0.211585753784
0.00897916666667 0 0.994578978017 0 0.403569612891 0.88440818138 0.212021473083
0.00898333333333 0 0.997681740084 0 0.402959950008 0.884581424137 0.212457903081
0.0089875 0 0.999010276101 0 0.402350526755 0.884753718044 0.2128950427
0.00899166666667 0 0.999577739471 0 0.401741344632 0.884925062676 0.21333289086
0.00899583333333 0 0.999819884403 0 0.401132405138 0.885095457608 0.213771446479
0.009 0 0.999923174096 0 0.400523709774 0.885264902418 0.214210708475
0.00900416666667 0 0.999967229416 0 0.399915260037 0.885433396688 0.214650675761
0.00900833333333 0 0.999986020373 0 0.399307057424 0.885600939998 0.215091347252
0.0090125 0 0.999994035854 0 0.398699103434 0.885767531936 0.215532721857
0.00901666666667 0 0.999997455252 0 0.398091399561 0.885933172088 0.215974798486
0.00902083333333 0 0.999998914108 0 0.397483947303 0.886097860045 0.216417576048
0.009025 0 0.999999536581 0 0.396876748152 0.886261595397 0.216861053447
0.00902916666667 0 0.999999802209 0 0.396269803605 0.886424377741 0.217305229587
0.00903333333333 0 0.999999915572 0 0.395663115153 0.886586206671 0.217750103371
0.0090375 5.55111512313e-17 0.999999963958 0 0.39505668429 0.886747081788 0.218195673699
0.00904166666667 1.11022302463e-16 0.999999984612 0 0.394450512508 0.886907002693 0.218641939469
0.00904583333333 2.22044604925e-16 0.999999993429 0 0.393844601298 0.88706596899 0.219088899578
0.00905 4.99600361081e-16 0.999999997194 0 0.39323895215 0.887223980285 0.219536552921
0.00905416666667 1.11022302463e-15 0.999999998802 0 0.392633566554 0.887381036186 0.219984898391
0.00905833333333 2.38697950294e-15 0.999999999488 0 0.392028446 0.887537136304 0.220433934879
0.0090625 5.16253706451e-15 0.999999999781 0 0.391423591976 0.887692280252 0.220883661276
0.00906666666667 1.11022302463e-14 0.999999999907 0 0.390819005969 0.887846467646 0.221334076468
0.00907083333333 2.39253061807e-14 0.99999999996 0 0.390214689466 0.887999698103 0.221785179342
0.009075 5.14033260401e-14 0.999999999983 0 0.389610643954 0.888151971244 0.222236968782
0.00907916666667 1.10633724404e-13 0.999999999993 0 0.389006870919 0.88830328669 0.222689443671
0.00908333333333 2.38087327631e-13 0.999999999997 0 0.388403371844 0.888453644068 0.223142602889
0.0090875 5.12256903562e-13 0.999999999999 0 0.387800148214 0.888603043004 0.223596445316
0.00909166666667 1.10228493e-12 0.999999999999 0 0.387197201512 0.888751483128 0.224050969829
0.00909583333333 2.37210251441e-12 1 0 0.386594533221 0.888898964071 0.224506175303
0.0091 5.10474995608e-12 1 0 0.385992144823 0.889045485468 0.224962060612
0.00910416666667 1.09857123398e-11 1 0 0.385390037799 0.889191046956 0.225418624627
0.00910833333333 2.36428099321e-11 1 0 0.384788213629 0.889335648173 0.225875866221
0.0091125 5.08842967761e-11 1 0 0.384186673793 0.889479288761 0.22633378426
0.00911666666667 1.09517062086e-10 1 0 0.38358541977 0.889621968364 0.226792377612
0.00912083333333 2.35718611297e-10 1 0 0.382984453038 0.889763686627 0.227251645142
0.009125 5.07364095181e-10 1 0 0.382383775075 0.8899044432 0.227711585714
0.00912916666667 1.09209313814e-09 1 5.55111512313e-17 0.381783387358 0.890044237732 0.228172198189
0.00913333333333 2.35078922994e-09 1 1.11022302463e-16 0.381183291362 0.890183069878 0.228633481427
0.0091375 5.06036507142e-09 1 2.22044604925e-16 0.380583488562 0.890320939293 0.229095434287
0.00914166666667 1.08934193888e-08 1 6.10622663544e-16 0.379983980434 0.890457845635 0.229558055625
0.00914583333333 2.34509742181e-08 1 1.44328993201e-15 0.379384768452 0.890593788564 0.230021344296
0.00915 5.04861099038e-08 1 3.49720252757e-15 0.378785854087 0.890728767742 0.230485299154
0.00915416666667 1.08691941558e-07 1 8.54871728961e-15 0.378187238814 0.890862782836 0.23094991905
0.00915833333333 2.34011531597e-07 1 2.07056594093e-14 0.377588924103 0.890995833512 0.231415202834
0.0091625 5.03838886667e-07 1 5.01265695618e-14 0.376990911425 0.89112791944 0.231881149354
0.00916666666667 1.08482733302e-06 1 1.21458398894e-13 0.37639320225 0.891259040294 0.232347757456
0.00917083333333 2.33584478337e-06 1 2.94375634979e-13 0.375795798048 0.891389195746 0.232815025987
0.009175 5.0296933034e-06 1 7.13540337927e-13 0.375198700288 0.891518385475 0.233282953789
0.00917916666667 1.08306005091e-05 1 1.72956093891e-12 0.374601910438 0.891646609159 0.233751539703
0.00918333333333 2.33225264729e-05 1 4.19264623019e-12 0.374005429964 0.891773866481 0.23422078257
0.0091875 5.02235486828e-05 1 1.01642028127e-11 0.373409260334 0.891900157125 0.234690681227
0.00919166666667 0.000108153553176 1 2.46428433215e-11 0.372813403013 0.892025480777 0.235161234513
0.00919583333333 0.000232895076986 1 5.97504268285e-11 0.372217859465 0.892149837127 0.235632441261
0.0092 0.000501455669316 1 1.44884548803e-10 0.371622631156 0.892273225866 0.236104300305
0.00920416666667 0.00107940778356 1 3.5134584131e-10 0.371027719549 0.892395646687 0.236576810477
0.00920833333333 0.00232201235062 1 8.52076964541e-10 0.370433126107 0.892517099287 0.237049970608
0.0092125 0.00498812561016 1 2.0665893441e-09 0.369838852291 0.892637583365 0.237523779525
0.00921666666667 0.0106830448072 1 5.01257396701e-09 0.369244899564 0.892757098622 0.237998236056
0.00922083333333 0.0227320857832 1 1.21590206237e-08 0.368651269385 0.89287564476 0.238473339026
0.009225 0.0477170244134 1 2.94962992919e-08 0.368057963214 0.892993221487 0.238949087259
0.00922916666667 0.0974285668035 1 7.15595398493e-08 0.367464982511 0.89310982851 0.239425479578
0.00923333333333 0.188674438554 1 1.73619517763e-07 0.366872328734 0.893225465539 0.239902514802
0.0092375 0.333782197112 1 4.21269926998e-07 0.36628000334 0.893340132289 0.240380191751
0.00924166666667 0.519097489558 1 1.02224060361e-06 0.365688007787 0.893453828474 0.240858509242
0.00924583333333 0.69931100309 1 2.48071160952e-06 0.36509634353 0.893566553813 0.241337466092
0.00925 0.833640062336 1 6.02045513853e-06 0.364505012024 0.893678308026 0.241817061115
0.00925416666667 0.915236234484 1 1.46120421541e-05 0.363914014725 0.893789090835 0.242297293123
0.00925833333333 0.95879103913 1 3.54664618812e-05 0.363323353086 0.893898901966 0.242778160927
0.0092625 0.980444668869 1 8.60879788975e-05 0.36273302856 0.894007741146 0.243259663338
0.00926666666667 0.990829373581 1 0.000208961531059 0.3621430426 0.894115608106 0.243741799163
0.00927083333333 0.995723578045 1 0.000507159426111 0.361553396657 0.894222502577 0.24422456721
0.009275 0.998011148768 1 0.00123046217565 0.360964092182 0.894328424296 0.244707966283
0.00927916666667 0.999076208175 1 0.00298245803524 0.360375130625 0.894433372999 0.245191995185
0.00928333333333 0.999571173921 1 0.00721152592659 0.359786513435 0.894537348425 0.24567665272
0.0092875 0.999800998521 1 0.017334265206 0.359198242062 0.894640350318 0.246161937686
0.00929166666667 0.999907666107 1 0.0410809950819 0.358610317952 0.894742378421 0.246647848884
0.00929583333333 0.99995716248 1 0.0942452004436 0.358022742552 0.894843432483 0.247134385111
0.0093 0.9999801272 1 0.201747648712 0.35743551731 0.894943512251 0.247621545162
0.00930416666667 0.999990781262 1 0.380393977339 0.356848643669 0.895042617478 0.248109327833
0.00930833333333 0.999995723737 1 0.598621231145 0.356262123076 0.89514074792 0.248597731917
0.0093125 0.999998016469 1 0.783705481036 0.355675956974 0.895237903331 0.249086756204
0.00931666666667 0.999999079983 1 0.897993826638 0.355090146807 0.895334083472 0.249576399485
0.00932083333333 0.999999573288 1 0.955337739805 0.354504694016 0.895429288104 0.250066660549
0.009325 0.999999802095 1 0.981124059977 0.353919600043 0.895523516991 0.250557538182
0.00932916666667 0.999999908217 1 0.992145272367 0.353334866329 0.895616769901 0.25104903117
0.00933333333333 0.999999957435 1 0.996752979992 0.352750494315 0.895709046601 0.251541138298
0.0093375 0.999999980261 1 0.998661471282 0.352166485439 0.895800346863 0.252033858348
0.00934166666667 0.999999990847 1 0.999448872054 0.351582841139 0.895890670462 0.252527190102
0.00934583333333 0.999999995756 1 0.999773198288 0.350999562855 0.895980017173 0.253021132338
0.00935 0.999999998032 1 0.999906690064 0.350416652022 0.896068386775 0.253515683837
0.00935416666667 0.999999999088 1 0.999961616375 0.349834110077 0.89615577905 0.254010843374
0.00935833333333 0.999999999577 1 0.999984212232 0.349251938455 0.896242193781 0.254506609725
0.0093625 0.999999999804 1 0.999993506774 0.34867013859 0.896327630755 0.255002981664
0.00936666666667 0.999999999909 1 0.999997329647 0.348088711917 0.896412089759 0.255499957965
0.00937083333333 0.999999999958 1 0.999998901888 0.347507659867 0.896495570585 0.255997537397
0.009375 0.99999999998 1 0.999999548461 0.346926983875 0.896578073027 0.256495718732
0.00937916666667 0.999999999991 1 0.999999814341 0.346346685369 0.896659596879 0.256994500737
0.00938333333333 0.999999999996 1 0.999999923668 0.345766765782 0.896740141942 0.25749388218
0.0093875 0.999999999998 1 0.999999968619 0.345187226543 0.896819708015 0.257993861825
0.00939166666667 0.999999999999 1 0.9999999871 0.344608069081 0.896898294901 0.258494438438
0.00939583333333 1 1 0.999999994697 0.344029294823 0.896975902407 0.258995610782
0.0094 1 1 0.99999999782 0.343450905197 0.897052530341 0.259497377617
0.00940416666667 1 1 0.999999999104 0.34287290163 0.897128178513 0.259999737704
0.00940833333333 1 1 0.999999999632 0.342295285547 0.897202846737 0.260502689802
0.0094125 1 1 0.999999999849 0.341718058372 0.897276534827 0.261006232667
0.00941666666667 1 1 0.999999999938 0.34114122153 0.897349242603 0.261510365057
0.00942083333333 1 1 0.999999999974 0.340564776444 0.897420969883 0.262015085725
0.009425 1 1 0.999999999989 0.339988724536 0.897491716493 0.262520393425
0.00942916666667 1 1 0.999999999996 0.339413067227 0.897561482255 0.263026286909
0.00943333333333 1 1 0.999999999998 0.338837805938 0.897630267 0.263532764927
0.0094375 1 1 0.999999999999 0.338262942088 0.897698070556 0.264039826228
0.00944166666667 1 1 1 0.337688477096 0.897764892757 0.264547469561
0.00944583333333 1 1 1 0.337114412381 0.897830733438 0.265055693672
0.00945 1 1 0.999999999999 0.336540749359 0.897895592437 0.265564497307
0.00945416666667 1 1 0.999999999999 0.335967489446 0.897959469593 0.266073879208
0.00945833333333 1 1 0.999999999998 0.335394634058 0.89802236475 0.266583838118
0.0094625 1 1 0.999999999995 0.334822184609 0.898084277752 0.26709437278
0.00946666666667 1 1 0.99999999999 0.334250142513 0.898145208446 0.267605481932
0.00947083333333 1 1 0.999999999977 0.333678509183 0.898205156684 0.268117164314
0.009475 1 1 0.999999999951 0.33310728603 0.898264122317 0.268629418662
0.00947916666667 1 1 0.999999999893 0.332536474465 0.8983221052 0.269142243713
0.00948333333333 1 1 0.999999999768 0.331966075898 0.898379105191 0.269655638201
0.0094875 0.999999999999 1 0.999999999496 0.331396091738 0.898435122149 0.27016960086
0.00949166666667 0.999999999999 1 0.999999998904 0.330826523394 0.898490155937 0.270684130421
0.00949583333333 0.999999999997 1 0.999999997618 0.330257372272 0.898544206419 0.271199225616
0.0095 0.999999999992 1 0.999999994825 0.329688639779 0.898597273463 0.271714885174
0.00950416666667 0.99999999998 1 0.999999988756 0.32912032732 0.898649356938 0.272231107823
0.00950833333333 0.99999999995 1 0.999999975571 0.3285524363 0.898700456717 0.27274789229
0.0095125 0.999999999879 1 0.99999994693 0.327984968122 0.898750572674 0.273265237301
0.00951666666667 0.999999999702 1 0.999999884716 0.32741792419 0.898799704686 0.273783141579
0.00952083333333 0.999999999271 1 0.999999749585 0.326851305903 0.898847852633 0.274301603849
0.009525 0.999999998213 1 0.99999945609 0.326285114664 0.898895016396 0.274820622832
0.00952916666667 0.999999995621 1 0.999998818681 0.325719351872 0.89894119586 0.275340197249
0.00953333333333 0.999999989272 1 0.999997434455 0.325154018926 0.898986390913 0.275860325818
0.0095375 0.999999973716 1 0.999994428595 0.324589117223 0.899030601442 0.276381007258
0.00954166666667 0.999999935607 1 0.999987901774 0.324024648161 0.899073827341 0.276902240285
0.00954583333333 0.99999984225 1 0.999973730681 0.323460613135 0.899116068503 0.277424023615
0.00955 0.999999613565 1 0.9999429649 0.32289701354 0.899157324826 0.277946355963
0.00955416666667 0.999999053406 1 0.999876179223 0.32233385077 0.899197596208 0.278469236041
0.00955833333333 0.999997681382 1 0.999731227702 0.321771126218 0.899236882551 0.27899266256
0.0095625 0.99999432099 1 0.999416722144 0.321208841275 0.899275183759 0.279516634232
0.00956666666667 0.999986091106 1 0.998734738155 0.320646997334 0.899312499739 0.280041149766
0.00957083333333 0.999965936755 1 0.997257713349 0.320085595783 0.8993488304 0.280566207869
0.009575 0.999916584771 1 0.994067056808 0.319524638011 0.899384175653 0.281091807248
0.00957916666667 0.99979575467 1 0.987212427153 0.318964125407 0.899418535412 0.28161794661
0.00958333333333 0.999500009945 1 0.972657731265 0.318404059356 0.899451909594 0.282144624657
0.0095875 0.998776615355 1 0.942505106411 0.317844441246 0.899484298118 0.282671840093
0.00959166666667 0.997009880607 1 0.883103299651 0.31728527246 0.899515700905 0.28319959162
0.00959583333333 0.992710723348 1 0.776869800624 0.316726554383 0.899546117878 0.283727877939
0.0096 0.982340651858 1 0.616079942062 0.316168288396 0.899575548964 0.284256697748
0.00960416666667 0.957846149289 1 0.425172897111 0.315610475882 0.899603994092 0.284786049746
0.00960833333333 0.902744668768 1 0.254258002229 0.315053118221 0.899631453192 0.28531593263
0.0096125 0.791318187001 1 0.135822639795 0.314496216793 0.899657926199 0.285846345095
0.00961666666667 0.607717969855 1 0.0675613474814 0.313939772975 0.899683413049 0.286377285836
0.00962083333333 0.387607842546 1 0.0323252311513 0.313383788146 0.899707913679 0.286908753546
0.009625 0.205472370043 1 0.0151681930282 0.312828263681 0.899731428031 0.287440746916
0.00962916666667 0.0955703135305 1 0.00705153000273 0.312273200956 0.899753956049 0.287973264639
0.00963333333333 0.0413919056293 1 0.00326397567672 0.311718601344 0.899775497677 0.288506305402
0.0096375 0.0173390999658 1 0.00150781036316 0.311164466218 0.899796052866 0.289039867895
0.00964166666667 0.00715934769635 1 0.000695921289636 0.310610796951 0.899815621564 0.289573950805
0.00964583333333 0.00293839026432 1 0.000321076458183 0.310057594913 0.899834203726 0.290108552817
0.00965 0.00120304226777 1 0.000148113298506 0.309504861474 0.899851799308 0.290643672617
0.00965416666667 0.000492072158508 1 6.83225540425e-05 0.308952598001 0.899868408266 0.291179308887
0.00965833333333 0.000201194815461 1 3.15166699628e-05 0.308400805862 0.899884030563 0.29171546031
0.0096625 8.2253215123e-05 1 1.45389399336e-05 0.307849486424 0.89989866616 0.292252125567
0.00966666666667 3.36264727936e-05 1 6.70727208074e-06 0.307298641052 0.899912315024 0.292789303338
0.00967083333333 1.37473884711e-05 1 3.09443913277e-06 0.306748271108 0.899924977122 0.293326992301
0.009675 5.62052650865e-06 1 1.42771567441e-06 0.306198377957 0.899936652425 0.293865191134
0.00967916666667 2.29802518609e-06 1 6.58757638217e-07 0.305648962959 0.899947340905 0.294403898513
0.00968333333333 9.39625631635e-07 1 3.03972222893e-07 0.305100027475 0.899957042538 0.294943113114
0.0096875 3.84218067306e-07 1 1.40270539406e-07 0.304551572864 0.899965757301 0.295482833609
0.00969166666667 1.57117239219e-07 1 6.47326441339e-08 0.304003600484 0.899973485174 0.296023058672
0.00969583333333 6.42529650596e-08 1 2.98747648841e-08 0.303456111692 0.899980226141 0.296563786974
0.0097 2.62776113646e-08 1 1.37882725237e-08 0.302909107843 0.899985980186 0.297105017185
0.00970416666667 1.07473663857e-08 1 6.36413488575e-09 0.302362590292 0.899990747296 0.297646747975
0.00970833333333 4.39583874856e-09 1 2.93760221703e-09 0.301816560393 0.899994527461 0.298188978011
0.0097125 1.79806358691e-09 1 1.35603411833e-09 0.301271019496 0.899997320675 0.298731705959
0.00971666666667 7.3551581492e-10 1 6.25996976478e-10 0.300725968953 0.899999126931 0.299274930485
0.00972083333333 3.00886482396e-10 1 2.88999935094e-10 0.300181410113 0.899999946226 0.299818650254
0.009725 1.23094090476e-10 1 1.33428046389e-10 0.299637344325 0.899999778561 0.300362863928
0.00972916666667 5.03611596869e-11 1 6.16056095026e-11 0.299093772935 0.899998623937 0.30090757017
0.00973333333333 2.06052397367e-11 1 2.84457457589e-11 0.29855069729 0.89999648236 0.301452767639
0.0097375 8.43108916015e-12 1 1.31352151378e-11 0.298008118734 0.899993353835 0.301998454996
0.00974166666667 3.44996253787e-12 1 6.06570349504e-12 0.29746603861 0.899989238372 0.302544630899
0.00974583333333 1.41181510926e-12 1 2.80125922458e-12 0.29692445826 0.899984135983 0.303091294004
0.00975 5.77760062015e-13 1 1.2937428906e-12 0.296383379026 0.899978046683 0.303638442967
0.00975416666667 2.36477504245e-13 1 5.97522031853e-13 0.295842802247 0.899970970488 0.304186076444
0.00975833333333 9.68114477473e-14 1 2.76001443922e-13 0.29530272926 0.899962907417 0.304734193088
0.0097625 3.96349619791e-14 1 1.27509114378e-13 0.294763161403 0.899953857491 0.305282791551
0.00976666666667 1.62092561595e-14 1 5.88973314564e-14 0.294224100011 0.899943820735 0.305831870484
0.00977083333333 6.60582699652e-15 1 2.72004641033e-14 0.29368554642 0.899932797175 0.306381428537
0.009775 2.72004641033e-15 1 1.25455201783e-14 0.293147501961 0.899920786839 0.306931464359
0.00977916666667 1.11022302463e-15 1 5.82867087928e-15 0.292609967966 0.89990778976 0.307481976598
0.00978333333333 4.4408920985e-16 1 2.6645352591e-15 0.292072945767 0.89989380597 0.308032963899
0.0097875 1.66533453694e-16 1 1.22124532709e-15 0.291536436692 0.899878835506 0.308584424909
0.00979166666667 5.55111512313e-17 1 5.55111512313e-16 0.291000442068 0.899862878406 0.30913635827
0.00979583333333 0 1 2.77555756156e-16 0.290464963223 0.899845934712 0.309688762626
0.0098 0 1 1.11022302463e-16 0.289930001481 0.899828004466 0.310241636619
0.00980416666667 0 0.999999999999 5.55111512313e-17 0.289395558167 0.899809087714 0.310794978889
0.00980833333333 0 0.999999999998 0 0.288861634602 0.899789184505 0.311348788075
0.0098125 0 0.999999999996 0 0.288328232108 0.899768294889 0.311903062815
0.00981666666667 0 0.999999999992 0 0.287795352004 0.899746418919 0.312457801746
0.00982083333333 0 0.999999999981 0 0.287262995609 0.899723556651 0.313013003504
0.009825 0 0.999999999956 0 0.286731164239 0.899699708142 0.313568666724
0.00982916666667 0 0.999999999899 0 0.286199859211 0.899674873452 0.314124790038
0.00983333333333 0 0.999999999768 0 0.285669081839 0.899649052646 0.31468137208
0.0098375 0 0.999999999464 0 0.285138833434 0.899622245786 0.315238411479
0.00984166666667 0 0.999999998763 0 0.28460911531 0.899594452942 0.315795906866
0.00984583333333 0 0.999999997144 0 0.284079928776 0.899565674183 0.316353856869
0.00985 0 0.999999993408 0 0.28355127514 0.899535909581 0.316912260117
0.00985416666667 0 0.999999984779 0 0.28302315571 0.899505159211 0.317471115235
0.00985833333333 0 0.999999964853 0 0.282495571792 0.89947342315 0.318030420848
0.0098625 0 0.999999918833 0 0.281968524691 0.899440701478 0.31859017558
0.00986666666667 0 0.999999812536 0 0.281442015708 0.899406994277 0.319150378054
0.00987083333333 0 0.999999566983 0 0.280916046146 0.89937230163 0.319711026893
0.009875 0 0.999998999682 0 0.280390617306 0.899336623626 0.320272120715
0.00987916666667 0 0.999997688901 0 0.279865730485 0.899299960353 0.32083365814
0.00988333333333 0 0.999994659942 0 0.279341386982 0.899262311903 0.321395637787
0.0098875 0 0.999987659887 0 0.278817588091 0.899223678369 0.321958058273
0.00989166666667 0 0.999971480896 0 0.278294335109 0.899184059848 0.322520918212
0.00989583333333 0 0.999934083988 0 0.277771629326 0.899143456439 0.323084216221
0.0099 0 0.999847639568 0 0.277249472036 0.899101868244 0.323647950911
0.00990416666667 0 0.999647830506 0 0.276727864528 0.899059295365 0.324212120896
0.00990833333333 0 0.999186111439 0 0.276206808091 0.899015737909 0.324776724787
0.0099125 0 0.998119979159 0 0.275686304013 0.898971195984 0.325341761193
0.00991666666667 0 0.995662883433 0 0.275166353578 0.898925669701 0.325907228724
0.00992083333333 0 0.99002549129 0 0.274646958071 0.898879159173 0.326473125987
0.009925 0 0.977225759864 0 0.274128118775 0.898831664515 0.327039451588
0.00992916666667 0 0.9488441604 0 0.273609836971 0.898783185847 0.327606204133
0.00993333333333 0 0.889095865219 0 0.273092113939 0.898733723287 0.328173382226
0.0099375 0 0.776016351581 0 0.272574950957 0.89868327696 0.328740984469
0.00994166666667 0 0.599540980693 0 0.272058349303 0.898631846989 0.329309009466
0.00994583333333 0 0.392788935162 0 0.271542310252 0.898579433503 0.329877455817
0.00995 0 0.218424686065 0 0.271026835076 0.898526036632 0.33044632212
0.00995416666667 0 0.107719905195 0 0.27051192505 0.898471656507 0.331015606976
0.00995833333333 0 0.0495605000694 0 0.269997581444 0.898416293265 0.33158530898
0.0099625 0 0.0220246099516 0 0.269483805526 0.898359947041 0.33215542673
0.00996666666667 0 0.00963161691298 0 0.268970598566 0.898302617975 0.33272595882
0.00997083333333 0 0.00418176552415 0 0.268457961829 0.89824430621 0.333296903843
0.009975 0 0.00180982108599 0 0.267945896581 0.898185011889 0.333868260394
0.00997916666667 0 0.000782251762196 0 0.267434404084 0.89812473516 0.334440027063
0.00998333333333 0 0.000338157953316 0 0.2669234856 0.898063476171 0.335012202442
0.0099875 0 0.000146774908391 0 0.26641314239 0.898001235073 0.335584785118
0.00999166666667 0 6.51676485511e-05 0 0.265903375713 0.897938012021 0.336157773682
0.00999583333333 0 3.22813197718e-05 0 0.265394186826 0.897873807171 0.336731166719
0.01 0 2.34310858257e-05 0 0.264885576984 0.897808620682 0.337304962816
0.0100041666667 0 3.18136088545e-05 0 0.264377547442 0.897742452714 0.337879160558
0.0100083333333 0 6.32930230332e-05 0 0.263870099452 0.897675303431 0.338453758529
0.0100125 0 0.000140487956155 0 0.263363234266 0.897607172998 0.33902875531
0.0100166666667 0 0.000318987816287 0 0.262856953134 0.897538061585 0.339604149485
0.0100208333333 0 0.000727240895046 0 0.262351257302 0.89746796936 0.340179939633
0.010025 0 0.00165833065759 0 0.261846148018 0.897396896498 0.340756124334
0.0100291666667 0 0.00377717848859 0 0.261341626527 0.897324843174 0.341332702166
0.0100333333333 0 0.00857933770209 0 0.260837694073 0.897251809564 0.341909671706
0.0100375 0 0.0193661203828 0 0.260334351896 0.89717779585 0.342487031531
0.0100416666667 0 0.0431207194357 0 0.259831601238 0.897102802214 0.343064780215
0.0100458333333 0 0.093233158975 0 0.259329443337 0.89702682884 0.343642916332
0.01005 0 0.190001720283 0 0.258827879431 0.896949875916 0.344221438456
0.0100541666667 0 0.348571355988 0 0.258326910754 0.896871943631 0.344800345157
0.0100583333333 0 0.549645973355 0 0.257826538543 0.896793032177 0.345379635008
0.0100625 0 0.735692083954 0 0.257326764028 0.896713141749 0.345959306577
0.0100666666667 0 0.863897358039 0 0.256827588441 0.896632272543 0.346539358433
0.0100708333333 0 0.935371219695 0 0.256329013011 0.896550424759 0.347119789143
0.010075 0 0.970585562626 0 0.255831038967 0.896467598597 0.347700597275
0.0100791666667 0 0.98688032202 0 0.255333667534 0.896383794263 0.348281781393
0.0100833333333 0 0.994201545119 0 0.254836899938 0.896299011961 0.348863340062
0.0100875 0 0.997447567467 0 0.254340737401 0.8962132519 0.349445271845
0.0100916666667 0 0.998878368168 0 0.253845181146 0.896126514292 0.350027575305
0.0100958333333 0 0.999507456669 0 0.253350232392 0.89603879935 0.350610249002
0.0101 0 0.999783761846 0 0.252855892358 0.895950107289 0.351193291498
0.0101041666667 0 0.999905070761 0 0.25236216226 0.895860438328 0.35177670135
0.0101083333333 0 0.999958324075 0 0.251869043315 0.895769792687 0.352360477118
0.0101125 0 0.999981701957 0 0.251376536735 0.895678170589 0.352944617359
0.0101166666667 0 0.999991965378 0 0.250884643733 0.895585572259 0.353529120628
0.0101208333333 0 0.999996471657 0 0.25039336552 0.895491997925 0.354113985482
0.010125 0 0.999998450391 0 0.249902703305 0.895397447816 0.354699210473
0.0101291666667 0 0.999999319356 0 0.249412658295 0.895301922165 0.355284794156
0.0101333333333 0 0.999999701004 0 0.248923231696 0.895205421207 0.355870735082
0.0101375 0 0.999999868642 0 0.248434424713 0.895107945179 0.356457031802
0.0101416666667 0 0.999999942284 0 0.247946238547 0.89500949432 0.357043682868
0.0101458333333 0 0.999999974638 0 0.247458674401 0.894910068873 0.357630686827
0.01015 0 0.999999988854 0 0.246971733474 0.89480966908 0.358218042229
0.0101541666667 0 0.999999995101 0 0.246485416964 0.894708295189 0.35880574762
0.0101583333333 0 0.999999997847 0 0.245999726067 0.894605947449 0.359393801547
0.0101625 0 0.999999999053 0 0.245514661978 0.894502626112 0.359982202556
0.0101666666667 0 0.999999999584 5.55111512313e-17 0.24503022589 0.89439833143 0.36057094919
0.0101708333333 0 0.999999999817 1.11022302463e-16 0.244546418996 0.894293063659 0.361160039993
0.010175 0 0.99999999992 2.22044604925e-16 0.244063242484 0.89418682306 0.361749473508
0.0101791666667 0 0.999999999965 6.10622663544e-16 0.243580697544 0.894079609891 0.362339248277
0.0101833333333 0 0.999999999984 1.49880108324e-15 0.243098785363 0.893971424416 0.362929362839
0.0101875 0 0.999999999993 3.71924713249e-15 0.242617507125 0.893862266902 0.363519815735
0.0101916666667 0 0.999999999997 9.15933995316e-15 0.242136864014 0.893752137615 0.364110605504
0.0101958333333 0 0.999999999999 2.25930385511e-14 0.241656857213 0.893641036826 0.364701730684
0.0102 0 0.999999999999 5.545564008e-14 0.241177487902 0.893528964807 0.365293189811
0.0102041666667 0 1 1.36335387424e-13 0.24069875726 0.893415921835 0.365884981422
0.0102083333333 0 1 3.34954286529e-13 0.240220666464 0.893301908185 0.366477104052
0.0102125 0 1 8.23174861608e-13 0.239743216691 0.893186924139 0.367069556235
0.0102166666667 0 1 2.02310390662e-12 0.239266409113 0.893070969978 0.367662336506
0.0102208333333 0 1 4.97218932693e-12 0.238790244905 0.892954045986 0.368255443396
0.010225 0 1 1.22207244324e-11 0.238314725236 0.89283615245 0.368848875437
0.0102291666667 0 1 3.00371949535e-11 0.237839851276 0.892717289661 0.369442631161
0.0102333333333 0 1 7.38309413606e-11 0.237365624194 0.892597457909 0.370036709097
0.0102375 5.55111512313e-17 1 1.8148160752e-10 0.236892045154 0.892476657488 0.370631107774
0.0102416666667 1.11022302463e-16 1 4.46110370866e-10 0.236419115322 0.892354888695 0.371225825721
0.0102458333333 2.77555756156e-16 1 1.09664821668e-09 0.235946835861 0.892232151829 0.371820861466
0.01025 6.66133814775e-16 1 2.69592392854e-09 0.235475207931 0.89210844719 0.372416213535
0.0102541666667 1.44328993201e-15 1 6.6277043298e-09 0.235004232694 0.891983775082 0.373011880453
0.0102583333333 3.16413562018e-15 1 1.62942258575e-08 0.234533911307 0.891858135812 0.373607860747
0.0102625 6.93889390391e-15 1 4.00607781947e-08 0.234064244926 0.891731529687 0.37420415294
0.0102666666667 1.51545442861e-14 1 9.84963176576e-08 0.233595234707 0.891603957017 0.374800755556
0.0102708333333 3.30291349826e-14 1 2.42178439747e-07 0.233126881802 0.891475418117 0.375397667117
0.010275 7.21644966006e-14 1 5.95477976817e-07 0.232659187365 0.891345913301 0.375994886146
0.0102791666667 1.57596158346e-13 1 1.46423394953e-06 0.232192152545 0.891215442887 0.376592411163
0.0102833333333 3.44335671087e-13 1 3.60055445026e-06 0.23172577849 0.891084007195 0.377190240689
0.0102875 7.52398143788e-13 1 8.85404168693e-06 0.231260066347 0.890951606547 0.377788373243
0.0102916666667 1.64401825486e-12 1 2.17733354488e-05 0.230795017263 0.890818241269 0.378386807344
0.0102958333333 3.59257068538e-12 1 5.35444740237e-05 0.23033063238 0.890683911688 0.378985541511
0.0103 7.85127518554e-12 1 0.000131673573745 0.229866912841 0.890548618133 0.37958457426
0.0103041666667 1.71596070686e-11 1 0.000323778056189 0.229403859787 0.890412360936 0.380183904108
0.0103083333333 3.75064423963e-11 1 0.000795955404339 0.228941474355 0.890275140432 0.380783529571
0.0103125 8.19855849876e-11 1 0.0019554430885 0.228479757684 0.890136956957 0.381383449164
0.0103166666667 1.79226244956e-10 1 0.00479603307467 0.22801871091 0.889997810851 0.381983661401
0.0103208333333 3.91830179414e-10 1 0.0117149694514 0.227558335166 0.889857702455 0.382584164796
0.010325 8.56695825391e-10 1 0.0283321561105 0.227098631585 0.889716632112 0.383184957863
0.0103291666667 1.8732163598e-09 1 0.0669259676944 0.226639601298 0.889574600169 0.383786039112
0.0103333333333 4.09620581898e-09 1 0.149981452821 0.226181245434 0.889431606975 0.384387407057
0.0103375 8.95794100009e-09 1 0.302680929926 0.225723565121 0.889287652881 0.384989060207
0.0103416666667 1.95914816037e-08 1 0.516406689097 0.225266561485 0.889142738239 0.385590997073
0.0103458333333 4.28508134531e-08 1 0.724300705264 0.224810235649 0.888996863406 0.386193216164
0.01035 9.37310785099e-08 1 0.866014799179 0.224354588738 0.888850028739 0.38679571599
0.0103541666667 2.05041113033e-07 1 0.940837383136 0.223899621872 0.8887022346 0.387398495059
0.0103583333333 4.48570907474e-07 1 0.975079277889 0.223445336171 0.888553481351 0.388001551877
0.0103625 9.81418089296e-07 1 0.989719660826 0.222991732753 0.888403769357 0.388604884953
0.0103666666667 2.1473840372e-06 1 0.995796345047 0.222538812734 0.888253098986 0.389208492792
0.0103708333333 4.69891745869e-06 1 0.998287383157 0.222086577228 0.888101470607 0.3898123739
0.010375 1.02829490667e-05 1 0.999303314242 0.221635027349 0.887948884594 0.390416526782
0.0103791666667 2.25044194445e-05 1 0.999716770483 0.221184164209 0.887795341321 0.391020949943
0.0103833333333 4.92543769622e-05 1 0.999884888029 0.220733988916 0.887640841164 0.391625641885
0.0103875 0.000107805590797 1 0.999953221508 0.22028450258 0.887485384504 0.392230601114
0.0103916666667 0.000235961313869 1 0.999980991778 0.219835706307 0.887328971722 0.39283582613
0.0103958333333 0.000516425290129 1 0.999992276452 0.219387601201 0.887171603203 0.393441315436
0.0104 0.00112995925965 1 0.999996861829 0.218940188367 0.887013279333 0.394047067533
0.0104041666667 0.00247078435936 1 0.999998724964 0.218493468905 0.8868540005 0.394653080923
0.0104083333333 0.00539447303244 1 0.999999481969 0.218047443916 0.886693767097 0.395259354105
0.0104125 0.0117379641727 1 0.999999789537 0.217602114498 0.886532579518 0.39586588558
0.0104166666667 0.0253527037995 1 0.999999914497 0.217157481747 0.886370438157 0.396472673845
0.0104208333333 0.0539017480237 1 0.999999965264 0.21671354676 0.886207343414 0.397079717401
0.010425 0.110947507924 1 0.999999985889 0.216270310629 0.886043295689 0.397687014745
0.0104291666667 0.214680986016 1 0.999999994268 0.215827774446 0.885878295387 0.398294564374
0.0104333333333 0.374561553984 1 0.999999997671 0.215385939301 0.885712342911 0.398902364785
0.0104375 0.567490908279 1 0.999999999054 0.214944806283 0.885545438671 0.399510414476
0.0104416666667 0.741928782912 1 0.999999999616 0.214504376478 0.885377583076 0.400118711941
0.0104458333333 0.863006913664 1 0.999999999844 0.214064650973 0.88520877654 0.400727255676
0.01045 0.932456155627 1 0.999999999937 0.21362563085 0.885039019477 0.401336044177
0.0104541666667 0.96800559015 1 0.999999999974 0.21318731719 0.884868312305 0.401945075937
0.0104583333333 0.985144040492 1 0.99999999999 0.212749711076 0.884696655443 0.40255434945
0.0104625 0.993167275555 1 0.999999999996 0.212312813584 0.884524049315 0.40316386321
0.0104666666667 0.996871422405 1 0.999999999998 0.211876625792 0.884350494344 0.403773615709
0.0104708333333 0.998570485764 1 0.999999999999 0.211441148776 0.884175990958 0.404383605441
0.010475 0.999347479895 1 1 0.211006383607 0.884000539585 0.404993830896
0.0104791666667 0.999702298327 1 1 0.21057233136 0.883824140658 0.405604290567
0.0104833333333 0.99986421545 1 1 0.210138993103 0.88364679461 0.406214982944
0.0104875 0.999938077758 1 1 0.209706369905 0.883468501879 0.406825906518
0.0104916666667 0.999971764793 1 1 0.209274462834 0.883289262902 0.40743705978
0.0104958333333 0.999987126617 1 1 0.208843272953 0.883109078121 0.408048441218
0.0105 0.999994131108 1 1 0.208412801327 0.88292794798 0.408660049322
0.0105041666667 0.999997324634 1 1 0.207983049018 0.882745872924 0.409271882581
0.0105083333333 0.99999878052 1 1 0.207554017085 0.882562853402 0.409883939482
0.0105125 0.999999444184 1 1 0.207125706588 0.882378889865 0.410496218515
0.0105166666667 0.99999974669 1 1 0.206698118581 0.882193982765 0.411108718166
0.0105208333333 0.999999884565 1 1 0.206271254122 0.882008132558 0.411721436923
0.010525 0.999999947399 1 1 0.205845114263 0.881821339701 0.412334373271
0.0105291666667 0.999999976033 1 1 0.205419700055 0.881633604656 0.412947525699
0.0105333333333 0.999999989079 1 1 0.204995012548 0.881444927884 0.41356089269
0.0105375 0.999999995022 1 1 0.204571052792 0.88125530985 0.414174472731
0.0105416666667 0.999999997725 1 1 0.204147821831 0.881064751021 0.414788264307
0.0105458333333 0.999999998947 1 1 0.203725320711 0.880873251868 0.415402265902
0.01055 0.999999999479 1 1 0.203303550476 0.880680812861 0.416016476
0.0105541666667 0.999999999663 1 1 0.202882512165 0.880487434476 0.416630893086
0.0105583333333 0.999999999606 1 1 0.202462206819 0.880293117189 0.417245515644
0.0105625 0.999999999242 1 1 0.202042635476 0.880097861478 0.417860342155
0.0105666666667 0.999999998259 1 1 0.201623799172 0.879901667827 0.418475371103
0.0105708333333 0.999999995843 1 1 0.20120569894 0.879704536717 0.419090600971
0.010575 0.999999989998 1 1 0.200788335815 0.879506468637 0.41970603024
0.0105791666667 0.999999975903 1 1 0.200371710826 0.879307464072 0.420321657392
0.0105833333333 0.999999941936 1 1 0.199955825003 0.879107523516 0.420937480909
0.0105875 0.99999986009 1 1 0.199540679373 0.878906647461 0.421553499271
0.0105916666667 0.999999662902 1 1 0.199126274962 0.878704836402 0.422169710959
0.0105958333333 0.999999187863 1 1 0.198712612793 0.878502090837 0.422786114453
0.0106 0.999998043562 1 1 0.19829969389 0.878298411268 0.423402708233
0.0106041666667 0.999995287337 1 1 0.197887519271 0.878093798195 0.42401949078
0.0106083333333 0.999988649136 1 1 0.197476089957 0.877888252125 0.424636460571
0.0106125 0.999972662964 1 1 0.197065406963 0.877681773564 0.425253616087
0.0106166666667 0.999934169359 1 1 0.196655471305 0.877474363023 0.425870955806
0.0106208333333 0.999841494225 1 1 0.196246283996 0.877266021013 0.426488478205
0.010625 0.99961843434 1 1 0.195837846047 0.877056748049 0.427106181764
0.0106291666667 0.999081834511 1 1 0.195430158468 0.876846544647 0.427724064959
0.0106333333333 0.997792459233 1 1 0.195023222267 0.876635411327 0.428342126269
0.0106375 0.994702462871 1 1 0.194617038451 0.876423348609 0.428960364169
0.0106416666667 0.987343171838 1 1 0.194211608023 0.876210357018 0.429578777138
0.0106458333333 0.970070491626 1 1 0.193806931986 0.87599643708 0.430197363651
0.01065 0.930881580083 1 1 0.19340301134 0.875781589323 0.430816122184
0.0106541666667 0.848409656095 1 0.999999999999 0.192999847085 0.875565814277 0.431435051213
0.0106583333333 0.699335802608 1 0.999999999999 0.192597440218 0.875349112477 0.432054149215
0.0106625 0.491544924463 1 0.999999999997 0.192195791733 0.875131484457 0.432673414663
0.0106666666667 0.286652156323 1 0.999999999994 0.191794902625 0.874912930755 0.433292846033
0.0106708333333 0.143135098585 1 0.999999999988 0.191394773885 0.874693451912 0.4339124418
0.010675 0.0649368756389 1 0.999999999975 0.190995406503 0.874473048469 0.434532200438
0.0106791666667 0.0280634987123 1 0.999999999945 0.190596801466 0.874251720971 0.435152120421
0.0106833333333 0.0118634549308 1 0.999999999882 0.190198959761 0.874029469966 0.435772200222
0.0106875 0.00496773675128 1 0.999999999747 0.189801882372 0.873806296003 0.436392438316
0.0106916666667 0.00207197614578 1 0.999999999457 0.189405570281 0.873582199633 0.437012833176
0.0106958333333 0.000862803229817 1 0.999999998835 0.18901002447 0.873357181412 0.437633383274
0.0107 0.000359061464665 1 0.999999997498 0.188615245916 0.873131241894 0.438254087083
0.0107041666667 0.000149394663065 1 0.999999994626 0.188221235597 0.872904381639 0.438874943075
0.0107083333333 6.21563209796e-05 1 0.999999988458 0.187827994488 0.872676601207 0.439495949723
0.0107125 2.58613123211e-05 1 0.999999975214 0.187435523561 0.872447901163 0.440117105499
0.0107166666667 1.0760781863e-05 1 0.999999946772 0.187043823788 0.872218282071 0.440738408873
0.0107208333333 4.47786017843e-06 1 0.999999885696 0.186652896138 0.8719877445 0.441359858318
0.010725 1.86351522219e-06 1 0.999999754541 0.18626274158 0.87175628902 0.441981452304
0.0107291666667 7.7558973538e-07 1 0.999999472904 0.185873361078 0.871523916203 0.442603189302
0.0107333333333 3.22825837396e-07 1 0.999998868142 0.185484755596 0.871290626624 0.443225067782
0.0107375 1.3438223273e-07 1 0.999997569545 0.185096926096 0.871056420861 0.443847086215
0.0107416666667 5.59439162218e-08 1 0.999994781136 0.184709873538 0.870821299493 0.444469243071
0.0107458333333 2.32917112264e-08 1 0.999988793854 0.18432359888 0.870585263101 0.445091536818
0.01075 9.69811897455e-09 1 0.999975938259 0.183938103078 0.87034831227 0.445713965928
0.0107541666667 4.03841776686e-09 1 0.999948336367 0.183553387087 0.870110447586 0.446336528869
0.0107583333333 1.68179348226e-09 1 0.999889076717 0.183169451858 0.869871669637 0.446959224109
0.0107625 7.00441371571e-10 1 0.999761864224 0.182786298343 0.869631979015 0.447582050118
0.0107666666667 2.91748569747e-10 1 0.999488839863 0.182403927489 0.869391376313 0.448205005363
0.0107708333333 1.21530008279e-10 1 0.998903150116 0.182022340243 0.869149862126 0.448828088313
0.010775 5.06286124136e-11 1 0.99764798639 0.18164153755 0.868907437053 0.449451297437
0.0107791666667 2.10934048006e-11 1 0.994963805973 0.181261520353 0.868664101692 0.4500746312
0.0107833333333 8.78891404099e-12 1 0.989249522691 0.180882289591 0.868419856647 0.450698088071
0.0107875 3.66234820248e-12 1 0.977200442981 0.180503846205 0.868174702522 0.451321666517
0.0107916666667 1.5262791031e-12 1 0.952298617285 0.18012619113 0.867928639923 0.451945365005
0.0107958333333 6.36102281959e-13 1 0.902902507954 0.179749325303 0.867681669461 0.452569182001
0.0108 2.6512125828e-13 1 0.812432309424 0.179373249655 0.867433791747 0.453193115971
0.0108041666667 1.10522702101e-13 1 0.668608759207 0.178997965117 0.867185007393 0.453817165382
0.0108083333333 4.60742555219e-14 1 0.48448464799 0.17862347262 0.866935317017 0.454441328699
0.0108125 1.9206858326e-14 1 0.304481011062 0.17824977309 0.866684721236 0.455065604389
0.0108166666667 7.9936057773e-15 1 0.169383120243 0.177876867451 0.866433220671 0.455689990915
0.0108208333333 3.33066907388e-15 1 0.0867523722579 0.177504756628 0.866180815944 0.456314486744
0.010825 1.38777878078e-15 1 0.0423756730072 0.177133441541 0.865927507681 0.456939090341
0.0108291666667 5.55111512313e-16 1 0.0201973233765 0.176762923109 0.865673296509 0.457563800169
0.0108333333333 2.22044604925e-16 1 0.00951137926445 0.17639320225 0.865418183057 0.458188614693
0.0108375 1.11022302463e-16 1 0.00445347847865 0.176024279879 0.865162167957 0.458813532377
0.0108416666667 5.55111512313e-17 1 0.00207961234903 0.175656156909 0.864905251843 0.459438551686
0.0108458333333 0 1 0.000969881324223 0.175288834251 0.864647435351 0.460063671081
0.01085 0 1 0.000452066077218 0.174922312815 0.864388719119 0.460688889028
0.0108541666667 0 1 0.000210654022368 0.174556593507 0.864129103788 0.461314203989
0.0108583333333 0 1 9.81490699645e-05 0.174191677234 0.863868590002 0.461939614426
0.0108625 0 1 4.57278784605e-05 0.173827564897 0.863607178405 0.462565118803
0.0108666666667 0 1 2.13043463322e-05 0.173464257399 0.863344869644 0.463190715582
0.0108708333333 0 1 9.9255388008e-06 0.173101755638 0.86308166437 0.463816403224
0.010875 0 1 4.62425354314e-06 0.172740060511 0.862817563233 0.464442180192
0.0108791666667 0 1 2.15442901075e-06 0.172379172914 0.862552566888 0.465068044947
0.0108833333333 0 1 1.00375177259e-06 0.17201909374 0.862286675992 0.465693995951
0.0108875 0 1 4.67653597569e-07 0.17165982388 0.862019891202 0.466320031665
0.0108916666667 0 1 2.17884391418e-07 0.171301364223 0.861752213179 0.466946150549
0.0108958333333 0 0.999999999999 1.01515378381e-07 0.170943715655 0.861483642586 0.467572351064
0.0109 0 0.999999999998 4.72978488597e-08 0.170586879062 0.861214180088 0.468198631671
0.0109041666667 0 0.999999999995 2.2037113856e-08 0.170230855326 0.860943826353 0.46882499083
0.0109083333333 0 0.999999999987 1.02676663283e-08 0.169875645329 0.860672582049 0.469451427
0.0109125 0 0.999999999969 4.7840136852e-09 0.169521249948 0.860400447849 0.470077938642
0.0109166666667 0 0.999999999928 2.22903373537e-09 0.169167670062 0.860127424426 0.470704524215
0.0109208333333 0 0.999999999828 1.0385905469e-09 0.168814906544 0.859853512456 0.471331182178
0.010925 0 0.999999999592 4.83922124594e-10 0.168462960267 0.859578712618 0.471957910989
0.0109291666667 0 0.999999999032 2.25481022742e-10 0.168111832102 0.859303025591 0.472584709108
0.0109333333333 0 0.999999997703 1.05062514244e-10 0.167761522916 0.859026452059 0.473211574993
0.0109375 0 0.99999999455 4.89540630255e-11 0.167412033577 0.858748992705 0.473838507103
0.0109416666667 0 0.999999987066 2.28104202193e-11 0.167063364949 0.858470648218 0.474465503895
0.0109458333333 0 0.999999969302 1.06287201262e-11 0.166715517894 0.858191419286 0.475092563827
0.01095 0 0.999999927131 4.95259389055e-12 0.166368493272 0.8579113066 0.475719685357
0.0109541666667 0 0.999999827013 2.30770957899e-12 0.16602229194 0.857630310854 0.476346866941
0.0109583333333 0 0.999999589297 1.0753065105e-12 0.165676914756 0.857348432742 0.476974107038
0.0109625 0 0.999999024822 5.01099162165e-13 0.165332362573 0.857065672964 0.477601404104
0.0109666666667 0 0.999997684299 2.33479902079e-13 0.164988636243 0.856782032219 0.478228756595
0.0109708333333 0 0.999994500508 1.08801856413e-13 0.164645736615 0.856497511208 0.478856162969
0.010975 0 0.999986938196 5.06816810741e-14 0.164303664536 0.856212110637 0.47948362168
0.0109791666667 0 0.999968974294 2.36477504245e-14 0.163962420854 0.855925831211 0.480111131185
0.0109833333333 0 0.999926299266 1.09912079438e-14 0.16362200641 0.855638673638 0.48073868994
0.0109875 0 0.999824919085 5.10702591328e-15 0.163282422047 0.85535063863 0.481366296401
0.0109916666667 0 0.999584101334 2.38697950294e-15 0.162943668602 0.855061726899 0.481993949022
0.0109958333333 0 0.999012278234 1.11022302463e-15 0.162605746914 0.854771939159 0.482621646259
0.011 0 0.997655866127 4.99600361081e-16 0.162268657818 0.854481276129 0.483249386566
0.0110041666667 0 0.994446546349 2.22044604925e-16 0.161932402145 0.854189738527 0.483877168398
0.0110083333333 0 0.986899827627 1.11022302463e-16 0.161596980727 0.853897327074 0.48450499021
0.0110125 0 0.969410251192 5.55111512313e-17 0.161262394393 0.853604042493 0.485132850455
0.0110166666667 0 0.930215594044 0 0.160928643968 0.853309885511 0.485760747588
0.0110208333333 0 0.848629445779 0 0.160595730277 0.853014856855 0.486388680063
0.011025 0 0.702175923512 0 0.160263654143 0.852718957253 0.487016646333
0.0110291666667 0 0.497843394121 0 0.159932416385 0.852422187439 0.487644644851
0.0110333333333 0 0.294208621422 0 0.159602017822 0.852124548146 0.488272674071
0.0110375 0 0.149118544626 0 0.159272459269 0.851826040111 0.488900732445
0.0110416666667 0 0.068617123645 0 0.158943741539 0.85152666407 0.489528818427
0.0110458333333 0 0.030037179861 0 0.158615865445 0.851226420766 0.490156930468
0.01105 0 0.012848308349 0 0.158288831795 0.850925310938 0.490785067023
0.0110541666667 0 0.00544012896496 0 0.157962641398 0.850623335334 0.491413226541
0.0110583333333 0 0.00229327229235 0 0.157637295057 0.850320494697 0.492041407477
0.0110625 0 0.00096486429578 0 0.157312793577 0.850016789779 0.49266960828
0.0110666666667 0 0.000405602261753 0 0.156989137757 0.849712221328 0.493297827404
0.0110708333333 0 0.00017043233821 0 0.156666328396 0.849406790098 0.493926063299
0.011075 0 7.15983398936e-05 0 0.156344366292 0.849100496843 0.494554314417
0.0110791666667 0 3.00737960992e-05 0 0.156023252237 0.848793342321 0.495182579209
0.0110833333333 0 1.26306537968e-05 0 0.155702987025 0.84848532729 0.495810856126
0.0110875 0 5.30444724006e-06 0 0.155383571446 0.848176452512 0.496439143619
0.0110916666667 0 2.22808013106e-06 0 0.155065006286 0.847866718749 0.497067440137
0.0110958333333 0 9.37156389602e-07 0 0.154747292333 0.847556126767 0.497695744133
0.0111 0 3.97172840172e-07 0 0.154430430369 0.847244677333 0.498324054055
0.0111041666667 0 1.75034440997e-07 0 0.154114421177 0.846932371216 0.498952368355
0.0111083333333 0 9.19371926367e-08 0 0.153799265534 0.846619209188 0.499580685482
0.0111125 0 7.96250418378e-08 0 0.153484964218 0.846305192022 0.500209003886
0.0111166666667 0 1.24599104923e-07 0 0.153171518005 0.845990320493 0.500837322017
0.0111208333333 0 2.54863166904e-07 0 0.152858927666 0.845674595379 0.501465638324
0.011125 0 5.56953389852e-07 0 0.152547193973 0.84535801746 0.502093951257
0.0111291666667 0 1.23325914547e-06 0 0.152236317693 0.845040587517 0.502722259265
0.0111333333333 0 2.73747401408e-06 0 0.151926299594 0.844722306333 0.503350560797
0.0111375 0 6.07872297637e-06 0 0.151617140438 0.844403174695 0.503978854302
0.0111416666667 0 1.34980590475e-05 0 0.151308840988 0.84408319339 0.50460713823
0.0111458333333 0 2.9970420636e-05 0 0.151001402003 0.843762363208 0.505235411029
0.01115 0 6.6537442114e-05 0 0.150694824241 0.84344068494 0.505863671147
0.0111541666667 0 0.000147699616587 0 0.150389108458 0.843118159381 0.506491917034
0.0111583333333 0 0.000327799923897 0 0.150084255406 0.842794787326 0.507120147138
0.0111625 0 0.00072728088786 0 0.149780265836 0.842470569573 0.507748359907
0.0111666666667 0 0.00161266197059 0 0.149477140497 0.842145506922 0.50837655379
0.0111708333333 0 0.00357170622205 0 0.149174880137 0.841819600175 0.509004727235
0.011175 0 0.00789103111751 0 0.148873485498 0.841492850136 0.509632878689
0.0111791666667 0 0.0173412793398 0 0.148572957323 0.841165257611 0.510261006602
0.0111833333333 0 0.0376758639891 0 0.148273296353 0.840836823407 0.510889109421
0.0111875 0 0.0799089606881 0 0.147974503326 0.840507548335 0.511517185594
0.0111916666667 0 0.16152417243 0 0.147676578976 0.840177433206 0.512145233568
0.0111958333333 0 0.299355136307 5.55111512313e-17 0.147379524037 0.839846478835 0.512773251793
0.0112 0 0.486527441222 1.66533453694e-16 0.147083339242 0.839514686037 0.513401238715
0.0112041666667 0 0.677535933981 4.4408920985e-16 0.146788025318 0.839182055632 0.514029192782
0.0112083333333 0 0.823283238441 1.05471187339e-15 0.146493582993 0.838848588437 0.514657112442
0.0112125 0 0.911729738234 2.60902410787e-15 0.146200012991 0.838514285276 0.515284996143
0.0112166666667 0 0.958154942747 6.43929354283e-15 0.145907316035 0.838179146973 0.515912842332
0.0112208333333 0 0.980678734282 1.58761892521e-14 0.145615492846 0.837843174353 0.516540649457
0.011225 0 0.991189387978 3.91908727693e-14 0.145324544141 0.837506368245 0.517168415965
0.0112291666667 0 0.996005229302 9.67004254449e-14 0.145034470637 0.837168729478 0.517796140304
0.0112333333333 0 0.998193383917 2.38586927992e-13 0.144745273047 0.836830258884 0.518423820921
0.0112375 0 0.999183873174 5.88695758807e-13 0.144456952083 0.836490957298 0.519051456265
0.0112416666667 0 0.999631486603 1.45233824966e-12 0.144169508454 0.836150825555 0.519679044782
0.0112458333333 0 0.999833627235 3.58313378968e-12 0.143882942867 0.835809864494 0.52030658492
0.01125 0 0.999924889095 8.83998430012e-12 0.143597256028 0.835468074953 0.520934075128
0.0112541666667 0 0.999966088894 2.18092210957e-11 0.143312448639 0.835125457776 0.521561513851
0.0112583333333 0 0.999984688738 5.38055155985e-11 0.143028521401 0.834782013805 0.522188899539
0.0112625 0 0.999993086221 1.32742594694e-10 0.142745475012 0.834437743887 0.522816230638
0.0112666666667 0 0.999996877821 3.27484761531e-10 0.142463310168 0.83409264887 0.523443505597
0.0112708333333 0 0.999998589936 8.07921285428e-10 0.142182027564 0.833746729604 0.524070722864
0.011275 0 0.999999363117 1.9931694073e-09 0.141901627891 0.833399986939 0.524697880885
0.0112791666667 0 0.999999712314 4.91718349371e-09 0.141622111839 0.833052421731 0.52532497811
0.0112833333333 0 0.999999870037 1.21306927281e-08 0.141343480096 0.832704034834 0.525952012985
0.0112875 0 0.999999941284 2.99262084558e-08 0.141065733345 0.832354827107 0.52657898396
0.0112916666667 0 0.99999997347 7.38268972067e-08 0.140788872272 0.832004799409 0.527205889482
0.0112958333333 0 0.999999988012 1.82126972559e-07 0.140512897556 0.831653952602 0.527832727999
0.0113 0 0.999999994582 4.49293916072e-07 0.140237809875 0.831302287549 0.52845949796
0.0113041666667 0 0.999999997551 1.10836613637e-06 0.139963609907 0.830949805116 0.529086197814
0.0113083333333 0 0.999999998893 2.73421131358e-06 0.139690298326 0.830596506171 0.529712826008
0.0113125 0 0.9999999995 6.7449126554e-06 0.139417875803 0.830242391582 0.530339380991
0.0113166666667 0 0.999999999774 1.66385094159e-05 0.139146343009 0.829887462223 0.530965861212
0.0113208333333 0 0.999999999898 4.10433228887e-05 0.138875700611 0.829531718965 0.531592265121
0.011325 0 0.999999999954 0.000101239806039 0.138605949275 0.829175162685 0.532218591166
0.0113291666667 0 0.999999999979 0.000249699640337 0.138337089663 0.82881779426 0.532844837796
0.0113333333333 0 0.999999999991 0.000615723988463 0.138069122437 0.828459614568 0.53347100346
0.0113375 0 0.999999999996 0.00151745995781 0.137802048255 0.828100624492 0.534097086609
0.0113416666667 0 0.999999999998 0.00373483014578 0.137535867775 0.827740824915 0.534723085691
0.0113458333333 0 0.999999999999 0.00916248671509 0.13727058165 0.827380216722 0.535348999157
0.01135 0 1 0.022301128061 0.137006190533 0.827018800799 0.535974825456
0.0113541666667 0 1 0.0532667110796 0.136742695073 0.826656578037 0.53660056304
0.0113583333333 0 1 0.121868126434 0.136480095919 0.826293549326 0.537226210357
0.0113625 0 1 0.255019340509 0.136218393717 0.825929715559 0.53785176586
0.0113666666667 0 1 0.45780289489 0.135957589108 0.825565077631 0.538477227997
0.0113708333333 0 1 0.675600597207 0.135697682736 0.82519963644 0.539102595222
0.011375 0 1 0.83704903449 0.135438675238 0.824833392883 0.539727865984
0.0113791666667 0 1 0.926846579594 0.135180567251 0.824466347862 0.540353038736
0.0113833333333 0 1 0.968992084854 0.134923359411 0.82409850228 0.540978111929
0.0113875 0 1 0.987191910429 0.134667052348 0.823729857041 0.541603084014
0.0113916666667 0 1 0.994767134395 0.134411646695 0.823360413052 0.542227953445
0.0113958333333 0 1 0.997871697918 0.134157143077 0.822990171222 0.542852718673
0.0114 0 1 0.999135970295 0.133903542122 0.822619132461 0.543477378152
0.0114041666667 5.55111512313e-17 1 0.999649488301 0.133650844452 0.822247297681 0.544101930334
0.0114083333333 1.11022302463e-16 1 0.99985784931 0.13339905069 0.821874667798 0.544726373673
0.0114125 2.22044604925e-16 1 0.999942356951 0.133148161453 0.821501243727 0.545350706622
0.0114166666667 4.99600361081e-16 1 0.999976626245 0.132898177359 0.821127026388 0.545974927635
0.0114208333333 1.11022302463e-15 1 0.999990522219 0.132649099023 0.820752016699 0.546599035166
0.011425 2.49800180541e-15 1 0.999996156855 0.132400927057 0.820376215584 0.54722302767
0.0114291666667 5.60662627436e-15 1 0.999998441628 0.132153662071 0.819999623966 0.547846903601
0.0114333333333 1.25455201783e-14 1 0.999999368082 0.131907304674 0.819622242773 0.548470661415
0.0114375 2.8088642523e-14 1 0.999999743755 0.131661855471 0.819244072931 0.549094299566
0.0114416666667 6.28386231938e-14 1 0.99999989609 0.131417315066 0.81886511537 0.549717816512
0.0114458333333 1.40776279522e-13 1 0.999999957863 0.13117368406 0.818485371024 0.550341210707
0.01145 3.15247827842e-13 1 0.999999982913 0.130930963052 0.818104840825 0.550964480608
0.0114541666667 7.06101843662e-13 1 0.999999993071 0.13068915264 0.81772352571 0.551587624673
0.0114583333333 1.58184576549e-12 1 0.99999999719 0.130448253418 0.817341426615 0.552210641358
0.0114625 3.54405393921e-12 1 0.99999999886 0.130208265979 0.816958544482 0.552833529121
0.0114666666667 7.94098120593e-12 1 0.999999999538 0.129969190913 0.816574880251 0.55345628642
0.0114708333333 1.7794765661e-11 1 0.999999999813 0.129731028808 0.816190434867 0.554078911712
0.011475 3.9880099223e-11 1 0.999999999924 0.129493780251 0.815805209274 0.554701403458
0.0114791666667 8.93847773575e-11 1 0.999999999969 0.129257445824 0.81541920442 0.555323760115
0.0114833333333 2.00361949254e-10 1 0.999999999987 0.129022026109 0.815032421255 0.555945980144
0.0114875 4.49170423078e-10 1 0.999999999995 0.128787521686 0.814644860729 0.556568062004
0.0114916666667 1.00705049855e-09 1 0.999999999998 0.128553933131 0.814256523796 0.557190004156
0.0114958333333 2.25806051635e-09 1 0.999999999999 0.12832126102 0.813867411412 0.55781180506
0.0115 5.06365566144e-09 1 1 0.128089505924 0.813477524533 0.558433463178
0.0115041666667 1.13563045634e-08 1 1 0.127858668415 0.813086864118 0.559054976972
0.0115083333333 2.54714814241e-08 1 1 0.12762874906 0.812695431129 0.559676344902
0.0115125 5.7136772702e-08 1 1 0.127399748426 0.812303226528 0.560297565432
0.0115166666667 1.28180379699e-07 1 1 0.127171667076 0.81191025128 0.560918637025
0.0115208333333 2.87588657721e-07 1 1 0.126944505571 0.811516506352 0.561539558145
0.011525 6.45306865055e-07 1 1 0.126718264471 0.811121992712 0.562160327254
0.0115291666667 1.4481217222e-06 1 1 0.126492944332 0.810726711332 0.562780942818
0.0115333333333 3.25003388019e-06 1 1 0.12626854571 0.810330663184 0.563401403302
0.0115375 7.2948141619e-06 1 1 0.126045069157 0.809933849242 0.56402170717
0.0115416666667 1.637506055e-05 1 1 0.125822515224 0.809536270482 0.564641852888
0.0115458333333 3.67613318559e-05 1 1 0.125600884458 0.809137927884 0.565261838924
0.01155 8.25340414365e-05 1 1 0.125380177405 0.808738822427 0.565881663743
0.0115541666667 0.000185308281942 1 1 0.12516039461 0.808338955093 0.566501325814
0.0115583333333 0.000416050049235 1 1 0.124941536612 0.807938326867 0.567120823603
0.0115625 0.000933933934883 1 1 0.124723603953 0.807536938735 0.56774015558
0.0115666666667 0.00209532469482 1 1 0.124506597167 0.807134791684 0.568359320213
0.0115708333333 0.00469465459316 1 1 0.124290516791 0.806731886705 0.568978315972
0.011575 0.010485741155 1 1 0.124075363357 0.806328224789 0.569597141326
0.0115791666667 0.0232558606798 1 1 0.123861137394 0.80592380693 0.570215794747
0.0115833333333 0.0507850055958 1 1 0.123647839431 0.805518634123 0.570834274704
0.0115875 0.107331069251 1 1 0.123435469994 0.805112707367 0.571452579671
0.0115916666667 0.21274502286 1 1 0.123224029605 0.804706027661 0.572070708119
0.0115958333333 0.377889780404 1 1 0.123013518787 0.804298596005 0.57268865852
0.0116 0.577259096925 1 1 0.122803938058 0.803890413404 0.573306429349
0.0116041666667 0.754300502506 1 1 0.122595287935 0.803481480862 0.573924019078
0.0116083333333 0.87346343239 1 1 0.122387568933 0.803071799388 0.574541426183
0.0116125 0.939476539443 1 1 0.122180781563 0.802661369988 0.575158649138
0.0116166666667 0.972152032263 1 1 0.121974926336 0.802250193676 0.57577568642
0.0116208333333 0.987424086663 1 1 0.12177000376 0.801838271463 0.576392536503
0.011625 0.994369910791 1 1 0.121566014339 0.801425604365 0.577009197866
0.0116291666667 0.997489488918 1 1 0.121362958578 0.801012193397 0.577625668985
0.0116333333333 0.998882596171 1 1 0.121160836977 0.800598039579 0.578241948339
0.0116375 0.999503088454 1 1 0.120959650035 0.800183143931 0.578858034405
0.0116416666667 0.999779115068 1 1 0.120759398248 0.799767507475 0.579473925664
0.0116458333333 0.999901822946 1 1 0.120560082111 0.799351131236 0.580089620595
0.01165 0.999956334099 1 1 0.120361702115 0.79893401624 0.580705117679
0.0116541666667 0.999980495599 1 1 0.120164258751 0.798516163514 0.581320415397
0.0116583333333 0.999991087197 1 1 0.119967752506 0.79809757409 0.581935512229
0.0116625 0.999995455826 1 1 0.119772183864 0.797678248998 0.58255040666
0.0116666666667 0.999996605084 1 1 0.119577553309 0.797258189273 0.583165097171
0.0116708333333 0.999995255469 1 1 0.119383861322 0.79683739595 0.583779582247
0.011675 0.999990283925 1 1 0.11919110838 0.796415870067 0.584393860371
0.0116791666667 0.999977800323 1 1 0.11899929496 0.795993612662 0.585007930028
0.0116833333333 0.999948108977 1 1 0.118808421536 0.795570624779 0.585621789705
0.0116875 0.999878187712 1 1 0.118618488579 0.795146907458 0.586235437887
0.0116916666667 0.999713867703 1 1 0.118429496558 0.794722461746 0.58684887306
0.0116958333333 0.99932799946 1 1 0.118241445941 0.79429728869 0.587462093714
0.0117 0.998422701329 1 1 0.118054337191 0.793871389339 0.588075098335
0.0117041666667 0.996302691466 1 1 0.117868170772 0.793444764742 0.588687885412
0.0117083333333 0.991358779025 1 1 0.117682947144 0.793017415953 0.589300453436
0.0117125 0.979939219511 1 1 0.117498666764 0.792589344026 0.589912800895
0.0117166666667 0.954131370141 1 1 0.117315330088 0.792160550018 0.590524926282
0.0117208333333 0.898568651093 1 1 0.11713293757 0.791731034986 0.591136828087
0.011725 0.790497504072 1 1 0.116951489659 0.791300799991 0.591748504803
0.0117291666667 0.616457229281 1 1 0.116770986806 0.790869846094 0.592359954923
0.0117333333333 0.406429339108 1 1 0.116591429456 0.79043817436 0.592971176939
0.0117375 0.225844675419 1 1 0.116412818053 0.790005785853 0.593582169347
0.0117416666667 0.110563436131 1 1 0.116235153039 0.789572681642 0.594192930641
0.0117458333333 0.0503083043229 1 1 0.116058434855 0.789138862795 0.594803459317
0.01175 0.0220783843178 1 1 0.115882663936 0.788704330384 0.595413753872
0.0117541666667 0.00953138256964 1 1 0.115707840718 0.788269085482 0.596023812801
0.0117583333333 0.00408540366103 1 1 0.115533965633 0.787833129164 0.596633634603
0.0117625 0.00174581205318 1 1 0.115361039112 0.787396462506 0.597243217776
0.0117666666667 0.000745112578745 1 1 0.115189061582 0.786959086587 0.597852560819
0.0117708333333 0.00031786494073 1 1 0.11501803347 0.786521002487 0.598461662232
0.011775 0.000135582217918 1 1 0.114847955199 0.786082211288 0.599070520516
0.0117791666667 5.78313438191e-05 1 1 0.114678827189 0.785642714075 0.599679134171
0.0117833333333 2.46689318329e-05 1 1 0.11451064986 0.785202511933 0.6002875017
0.0117875 1.0523859568e-05 1 1 0.114343423627 0.78476160595 0.600895621604
0.0117916666667 4.48995655344e-06 1 1 0.114177148905 0.784319997215 0.601503492388
0.0117958333333 1.91581543663e-06 1 1 0.114011826106 0.78387768682 0.602111112556
0.0118 8.17542830545e-07 1 1 0.113847455639 0.783434675858 0.602718480611
0.0118041666667 3.48909716508e-07 1 1 0.113684037912 0.782990965423 0.60332559506
0.0118083333333 1.48922902954e-07 1 1 0.113521573328 0.782546556613 0.603932454408
0.0118125 6.35705382779e-08 1 1 0.113360062291 0.782101450526 0.604539057162
0.0118166666667 2.71391535356e-08 1 1 0.1131995052 0.781655648261 0.605145401831
0.0118208333333 1.15873133866e-08 1 1 0.113039902454 0.781209150922 0.605751486922
0.011825 4.94783580773e-09 1 1 0.112881254447 0.780761959613 0.606357310943
0.0118291666667 2.11297274122e-09 1 1 0.112723561574 0.780314075438 0.606962872406
0.0118333333333 9.02440566719e-10 1 1 0.112566824224 0.779865499505 0.60756816982
0.0118375 3.85469045572e-10 1 1 0.112411042787 0.779416232924 0.608173201696
0.0118416666667 1.64667002256e-10 1 1 0.112256217647 0.778966276805 0.608777966546
0.0118458333333 7.03508917788e-11 1 1 0.11210234919 0.778515632262 0.609382462884
0.01185 3.00592883917e-11 1 1 0.111949437796 0.778064300408 0.609986689221
0.0118541666667 1.28450028392e-11 1 1 0.111797483845 0.777612282361 0.610590644073
0.0118583333333 5.48955325641e-12 1 1 0.111646487713 0.777159579237 0.611194325953
0.0118625 2.34628982909e-12 1 1 0.111496449775 0.776706192158 0.611797733378
0.0118666666667 1.00297548045e-12 1 0.999999999999 0.111347370402 0.776252122245 0.612400864863
0.0118708333333 4.2876813211e-13 1 0.999999999999 0.111199249964 0.77579737062 0.613003718926
0.011875 1.83297821366e-13 1 0.999999999997 0.111052088829 0.775341938409 0.613606294084
0.0118791666667 7.83817455385e-14 1 0.999999999993 0.110905887362 0.774885826739 0.614208588855
0.0118833333333 3.35287353437e-14 1 0.999999999986 0.110760645924 0.774429036739 0.614810601759
0.0118875 1.43218770177e-14 1 0.999999999969 0.110616364877 0.773971569538 0.615412331315
0.0118916666667 6.10622663544e-15 1 0.999999999934 0.110473044578 0.773513426268 0.616013776044
0.0118958333333 2.60902410787e-15 1 0.999999999859 0.110330685382 0.773054608064 0.616614934468
0.0119 1.11022302463e-15 1 0.999999999696 0.110189287644 0.77259511606 0.617215805108
0.0119041666667 4.99600361081e-16 1 0.999999999345 0.110048851712 0.772134951394 0.617816386486
0.0119083333333 2.22044604925e-16 1 0.99999999859 0.109909377937 0.771674115204 0.618416677127
0.0119125 1.11022302463e-16 1 0.999999996965 0.109770866663 0.771212608632 0.619016675555
0.0119166666667 5.55111512313e-17 1 0.999999993466 0.109633318235 0.770750432819 0.619616380294
0.0119208333333 0 1 0.999999985934 0.109496732993 0.770287588909 0.620215789871
0.011925 0 1 0.99999996972 0.109361111277 0.769824078048 0.620814902811
0.0119291666667 0 1 0.99999993481 0.109226453423 0.769359901384 0.621413717642
0.0119333333333 0 1 0.999999859651 0.109092759765 0.768895060064 0.622012232892
0.0119375 0 1 0.999999697828 0.108960030635 0.76842955524 0.622610447089
0.0119416666667 0 1 0.999999349402 0.108828266362 0.767963388064 0.623208358762
0.0119458333333 0 1 0.999998599166 0.108697467273 0.76749655969 0.623805966442
0.01195 0 1 0.999996983697 0.108567633693 0.767029071274 0.62440326866
0.0119541666667 0 0.999999999999 0.999993505031 0.108438765943 0.766560923973 0.625000263946
0.0119583333333 0 0.999999999998 0.999986014038 0.108310864344 0.766092118946 0.625596950834
0.0119625 0 0.999999999994 0.999969882508 0.108183929213 0.765622657353 0.626193327856
0.0119666666667 0 0.999999999986 0.999935143693 0.108057960865 0.765152540357 0.626789393547
0.0119708333333 0 0.999999999967 0.999860336372 0.107932959613 0.764681769121 0.627385146439
0.011975 0 0.99999999992 0.999699259365 0.107808925766 0.764210344811 0.62798058507
0.0119791666667 0 0.999999999805 0.999352506444 0.107685859633 0.763738268594 0.628575707974
0.0119833333333 0 0.999999999528 0.998606456837 0.107563761518 0.763265541639 0.629170513689
0.0119875 0 0.999999998855 0.99700327198 0.107442631725 0.762792165116 0.629765000751
0.0119916666667 0 0.999999997223 0.993567375386 0.107322470554 0.762318140197 0.6303591677
0.0119958333333 0 0.999999993265 0.986245913106 0.107203278304 0.761843468056 0.630953013073
0.012 0 0.999999983663 0.970834918844 0.107085055271 0.761368149867 0.631546535412
0.0120041666667 0 0.999999960366 0.939218507703 0.106967801746 0.760892186808 0.632139733255
0.0120083333333 0 0.999999903844 0.877643880551 0.106851518023 0.760415580057 0.632732605145
0.0120125 0 0.999999766699 0.769024467808 0.106736204388 0.759938330793 0.633325149623
0.0120166666667 0 0.999999433907 0.607133859916 0.106621861128 0.759460440198 0.633917365232
0.0120208333333 0 0.999998626303 0.417684261103 0.106508488527 0.758981909456 0.634509250515
0.012025 0 0.999996666319 0.249760269596 0.106396086866 0.75850273975 0.635100804016
0.0120291666667 0 0.999991909287 0.133827486243 0.106284656424 0.758022932267 0.635692024281
0.0120333333333 0 0.999980362901 0.0669063915667 0.106174197477 0.757542488195 0.636282909855
0.0120375 0 0.999952335902 0.0322041178888 0.1060647103 0.757061408722 0.636873459285
0.0120416666667 0 0.999884303916 0.0152069307823 0.105956195163 0.756579695041 0.637463671116
0.0120458333333 0 0.999719175944 0.00711456426612 0.105848652336 0.756097348342 0.638053543899
0.01205 0 0.999318480833 0.0033139327977 0.105742082086 0.755614369821 0.63864307618
0.0120541666667 0 0.998346881731 0.0015404068459 0.105636484677 0.755130760672 0.63923226651
0.0120583333333 0 0.995995406149 0.00071531484157 0.105531860371 0.754646522092 0.639821113439
0.0120625 0 0.990330802552 0.000332009263625 0.105428209427 0.75416165528 0.640409615518
0.0120666666667 0 0.976838214003 0.000154062589899 0.105325532103 0.753676161436 0.640997771298
0.0120708333333 0 0.945549349798 7.14802344941e-05 0.105223828652 0.753190041762 0.641585579332
0.012075 0 0.87729453497 3.31618429458e-05 0.105123099328 0.75270329746 0.642173038173
0.0120791666667 0 0.746412829829 1.5383866367e-05 0.105023344379 0.752215929734 0.642760146376
0.0120833333333 0 0.547857390757 7.13626883853e-06 0.104924564053 0.751727939792 0.643346902494
0.0120875 0 0.332787272893 3.31022808026e-06 0.104826758595 0.751239328839 0.643933305083
0.0120916666667 0 0.170329027688 1.53541792419e-06 0.104729928247 0.750750098086 0.644519352701
0.0120958333333 0 0.0779122180606 7.121601584e-07 0.104634073249 0.750260248743 0.645105043903
0.0121 0 0.0336053595062 3.30302052431e-07 0.104539193839 0.749769782022 0.645690377248
0.0121041666667 0 0.0141082856198 1.53188948693e-07 0.104445290252 0.749278699135 0.646275351295
0.0121083333333 0 0.00585405080397 7.10437932372e-08 0.10435236272 0.748787001298 0.646859964602
0.0121125 0 0.00241705785539 3.29463526461e-08 0.104260411474 0.748294689727 0.64744421573
0.0121166666667 0 0.0009958809821 1.52781574059e-08 0.104169436741 0.747801765641 0.648028103241
0.0121208333333 0 0.000409953602483 7.08462699617e-09 0.104079438747 0.747308230257 0.648611625695
0.012125 0 0.000168687420269 3.28507510083e-09 0.103990417714 0.746814084797 0.649194781655
0.0121291666667 0 6.93968271729e-05 1.52319623581e-09 0.103902373864 0.746319330484 0.649777569685
0.0121333333333 0 2.85457738709e-05 7.0623390469e-10 0.103815307413 0.745823968539 0.650359988348
0.0121375 0 1.17409790899e-05 3.27433691272e-10 0.103729218577 0.745328000189 0.650942036211
0.0121416666667 0 4.82873421886e-06 1.51802959092e-10 0.10364410757 0.744831426659 0.651523711838
0.0121458333333 0 1.98578109134e-06 7.03750946407e-11 0.103559974602 0.744334249178 0.652105013795
0.01215 0 8.16581660235e-07 3.26241811344e-11 0.103476819881 0.743836468975 0.652685940652
0.0121541666667 0 3.35767410542e-07 1.51231804857e-11 0.103394643614 0.74333808728 0.653266490974
0.0121583333333 0 1.38053799947e-07 7.01017022209e-12 0.103313446002 0.742839105325 0.653846663332
0.0121625 0 5.67582798539e-08 3.24934523732e-12 0.103233227247 0.742339524345 0.654426456295
0.0121666666667 0 2.33335710753e-08 1.50607304406e-12 0.103153987548 0.741839345572 0.655005868434
0.0121708333333 0 9.59189450089e-09 6.98052726733e-13 0.1030757271 0.741338570245 0.655584898321
0.012175 0 3.94274635163e-09 3.23518989376e-13 0.102998446097 0.7408371996 0.656163544526
0.0121791666667 0 1.62055818764e-09 1.49935619476e-13 0.10292214473 0.740335234876 0.656741805624
0.0121833333333 0 6.66042332398e-10 6.94999613415e-14 0.102846823187 0.739832677314 0.657319680188
0.0121875 0 2.73722711164e-10 3.21964677141e-14 0.102772481654 0.739329528156 0.657897166794
0.0121916666667 0 1.12484521697e-10 1.49324996812e-14 0.102699120315 0.738825788644 0.658474264015
0.0121958333333 0 4.62225258069e-11 6.88338275268e-15 0.102626739351 0.738321460023 0.65905097043
0.0122 0 1.89943616391e-11 3.21964677141e-15 0.102555338941 0.737816543539 0.659627284615
0.0122041666667 0 7.80869813255e-12 1.49880108324e-15 0.102484919262 0.737311040439 0.660203205148
0.0122083333333 0 3.21809245918e-12 6.66133814775e-16 0.102415480486 0.736804951972 0.660778730609
0.0122125 0 1.34392497131e-12 3.33066907388e-16 0.102347022785 0.736298279387 0.661353859576
0.0122166666667 0 5.99575944449e-13 1.66533453694e-16 0.102279546329 0.735791023935 0.66192859063
0.0122208333333 0 3.49720252757e-13 1.11022302463e-16 0.102213051283 0.735283186871 0.662502922354
0.012225 0 3.68538533024e-13 1.11022302463e-16 0.102147537812 0.734774769446 0.663076853329
0.0122291666667 0 6.40321129453e-13 2.22044604925e-16 0.102083006076 0.734265772916 0.663650382139
0.0122333333333 0 1.32616140291e-12 5.55111512313e-16 0.102019456236 0.733756198539 0.664223507367
0.0122375 0 2.8562152643e-12 1.38777878078e-15 0.101956888447 0.733246047571 0.664796227599
0.0122416666667 0 6.19843065763e-12 3.49720252757e-15 0.101895302864 0.732735321273 0.665368541421
0.0122458333333 0 1.3470058402e-11 8.54871728961e-15 0.101834699639 0.732224020904 0.665940447418
0.01225 0 2.92788571166e-11 2.09277040142e-14 0.10177507892 0.731712147726 0.66651194418
0.0122541666667 0 6.36404262622e-11 5.12923037377e-14 0.101716440854 0.731199703003 0.667083030294
0.0122583333333 0 1.38321132326e-10 1.25677246388e-13 0.101658785586 0.730686687999 0.667653704349
0.0122625 0 3.00619640292e-10 3.08086889333e-13 0.101602113257 0.73017310398 0.668223964937
0.0122666666667 0 6.53309517595e-10 7.55229212501e-13 0.101546424007 0.729658952213 0.668793810648
0.0122708333333 0 1.41968919953e-09 1.85124138241e-12 0.101491717973 0.729144233966 0.669363240075
0.012275 0 3.08489428447e-09 4.53770354625e-12 0.101437995289 0.728628950509 0.66993225181
0.0122791666667 0 6.70285887905e-09 1.11221032384e-11 0.101385256087 0.728113103113 0.670500844447
0.0122833333333 0 1.45630620896e-08 2.72593059236e-11 0.101333500496 0.72759669305 0.671069016583
0.0122875 0 3.16386703503e-08 6.68072819288e-11 0.101282728644 0.727079721593 0.671636766811
0.0122916666667 0 6.87316389913e-08 1.63723812285e-10 0.101232940656 0.726562190018 0.672204093729
0.0122958333333 0 1.49302879282e-07 4.0121728162e-10 0.101184136652 0.7260440996 0.672770995936
0.0123 0 3.24304302968e-07 9.83165715507e-10 0.101136316754 0.725525451617 0.673337472028
0.0123041666667 0 7.0438532257e-07 2.4090912043e-09 0.101089481077 0.725006247347 0.673903520607
0.0123083333333 0 1.52982199642e-06 5.90281312718e-09 0.101043629738 0.724486488071 0.674469140273
0.0123125 0 3.32234214917e-06 1.44625229015e-08 0.100998762847 0.723966175069 0.675034329627
0.0123166666667 0 7.21473248316e-06 3.54330256802e-08 0.100954880516 0.723445309624 0.675599087271
0.0123208333333 0 1.56663391631e-05 8.68063503856e-08 0.100911982851 0.722923893019 0.67616341181
0.012325 0 3.40160573671e-05 2.12654094278e-07 0.100870069957 0.72240192654 0.676727301847
0.0123291666667 0 7.38524000762e-05 5.20924614333e-07 0.100829141937 0.721879411473 0.677290755989
0.0123333333333 0 0.00016032401386 1.27601184519e-06 0.100789198891 0.721356349105 0.677853772841
0.0123375 0 0.000347986360835 3.12545234693e-06 0.100750240916 0.720832740724 0.678416351011
0.0123416666667 0 0.000755099514234 7.65506090572e-06 0.100712268107 0.720308587622 0.678978489107
0.0123458333333 0 0.00163761987413 1.87482293888e-05 0.100675280556 0.719783891088 0.67954018574
0.01235 0 0.00354770807705 4.59138286799e-05 0.100639278355 0.719258652416 0.680101439519
0.0123541666667 0 0.00766811610085 0.000112431556796 0.10060426159 0.718732872899 0.680662249055
0.0123583333333 0 0.0164938910171 0.000275276781961 0.100570230348 0.718206553831 0.681222612962
0.0123625 0 0.0351163485284 0.000673793697773 0.100537184709 0.71767969651 0.681782529853
0.0123666666667 0 0.0731955907194 0.00164820847758 0.100505124756 0.717152302233 0.682341998343
0.0123708333333 0 0.146298376602 0.00402590708323 0.100474050566 0.716624372297 0.682901017046
0.012375 0 0.271046591126 0.0097995070608 0.100443962214 0.716095908004 0.68345958458
0.0123791666667 0 0.446514448241 0.0236552653166 0.100414859772 0.715566910654 0.684017699563
0.0123833333333 0 0.636390576928 0.0559915085701 0.100386743313 0.715037381549 0.684575360612
0.0123875 0 0.791529459367 0.126784805494 0.100359612903 0.714507321993 0.685132566349
0.0123916666667 0 0.891731198066 0.262213141556 0.100333468608 0.713976733291 0.685689315393
0.0123958333333 0 0.946992982578 0.465217607427 0.100308310492 0.713445616748 0.686245606368
0.0124 0 0.974842712775 0.68042745782 0.100284138614 0.712913973673 0.686801437895
0.0124041666667 0 0.988241274588 0.838996073756 0.100260953034 0.712381805373 0.6873568086
0.0124083333333 0 0.994543497839 0.927288573373 0.100238753807 0.711849113158 0.687911717107
0.0124125 0 0.997476451167 0.968952693803 0.100217540986 0.711315898339 0.688466162042
0.0124166666667 0 0.998834676926 0.987075088613 0.100197314622 0.710782162227 0.689020142034
0.0124208333333 0 0.999462240743 0.994677225166 0.100178074764 0.710247906137 0.68957365571
0.012425 0 0.999751910977 0.997817731182 0.100159821458 0.709713131383 0.690126701701
0.0124291666667 0 0.999885558281 0.99910691511 0.100142554746 0.709177839281 0.690679278637
0.0124333333333 0 0.999947209615 0.999634768203 0.100126274671 0.708642031146 0.69123138515
0.0124375 0 0.99997564794 0.999850675321 0.10011098127 0.708105708299 0.691783019873
0.0124416666667 0 0.999988765993 0.999938953329 0.10009667458 0.707568872057 0.692334181441
0.0124458333333 0 0.999994817309 0.999975042987 0.100083354634 0.707031523742 0.692884868489
0.01245 0 0.999997608892 0.999989796787 0.100071021465 0.706493664675 0.693435079653
0.0124541666667 0 0.999998896768 0.999995828421 0.1000596751 0.705955296179 0.693984813571
0.0124583333333 0 0.999999490952 0.999998294367 0.100049315567 0.705416419579 0.694534068882
0.0124625 0 0.999999765104 0.999999302582 0.100039942888 0.7048770362 0.695082844226
0.0124666666667 0 0.999999891603 0.999999714817 0.100031557086 0.704337147367 0.695631138244
0.0124708333333 0 0.999999949976 0.999999883379 0.10002415818 0.70379675441 0.696178949579
0.012475 0 0.999999976913 0.999999952307 0.100017746186 0.703255858657 0.696726276874
0.0124791666667 0 0.999999989344 0.999999980495 0.100012321118 0.702714461439 0.697273118774
0.0124833333333 0 0.999999995082 0.999999992022 0.100007882988 0.702172564086 0.697819473924
0.0124875 0 0.99999999773 0.999999996737 0.100004431806 0.701630167931 0.698365340973
0.0124916666667 0 0.999999998952 0.999999998665 0.100001967578 0.701087274308 0.698910718569
0.0124958333333 0 0.999999999516 0.999999999454 0.100000490309 0.700543884553 0.699455605361
0.0125 0 0.999999999777 0.999999999777 0.1 0.7 0.7
0.0125041666667 0 0.999999999897 0.999999999909 0.100000496652 0.699455621988 0.700543901138
0.0125083333333 0 0.999999999952 0.999999999963 0.100001980261 0.698910751855 0.701087307429
0.0125125 0 0.999999999978 0.999999999985 0.100004450822 0.698365390941 0.701630217527
0.0125166666667 0 0.99999999999 0.999999999994 0.100007908327 0.697819540586 0.702172630089
0.0125208333333 0 0.999999999995 0.999999999997 0.100012352766 0.697273202134 0.70271454377
0.012525 0 0.999999999998 0.999999999999 0.100017784127 0.696726376926 0.70325595723
0.0125291666667 0 0.999999999999 1 0.100024202395 0.696179066309 0.703796869128
0.0125333333333 5.55111512313e-17 1 1 0.100031607551 0.695631271626 0.704337278125
0.0125375 1.11022302463e-16 1 1 0.100039999576 0.695082994226 0.704877182884
0.0125416666667 2.22044604925e-16 1 1 0.100049378448 0.694534235457 0.705416582068
0.0125458333333 4.99600361081e-16 1 1 0.100059744142 0.693984996667 0.705955474341
0.01255 1.11022302463e-15 1 1 0.10007109663 0.693435279207 0.70649385837
0.0125541666667 2.55351295664e-15 1 1 0.100083435884 0.692885084429 0.707031732821
0.0125583333333 5.88418203051e-15 1 1 0.100096761871 0.692334413686 0.707569096365
0.0125625 1.35447209004e-14 1 1 0.100111074556 0.691783268331 0.708105947671
0.0125666666667 3.12527781432e-14 1 1 0.100126373903 0.691231649721 0.70864228541
0.0125708333333 7.19979631469e-14 1 1 0.100142659872 0.69067955921 0.709178108254
0.012575 1.66033853333e-13 1 1 0.100159932422 0.690126998157 0.709713414879
0.0125791666667 3.82804898891e-13 1 1 0.100178191509 0.689573967921 0.710248203959
0.0125833333333 8.82682815728e-13 1 1 0.100197437085 0.689020469862 0.71078247417
0.0125875 2.0355384045e-12 1 1 0.100217669102 0.68846650534 0.711316224191
0.0125916666667 4.69474459308e-12 1 1 0.100238887509 0.687912075718 0.711849452702
0.0125958333333 1.08292264045e-11 1 1 0.100261092251 0.687357182359 0.712382158383
0.0126 2.49820164555e-11 1 1 0.100284283273 0.686801826629 0.712914339916
0.0126041666667 5.76376169015e-11 1 1 0.100308460516 0.686246009892 0.713445995984
0.0126083333333 1.32994004698e-10 1 1 0.100333623918 0.685689733517 0.713977125273
0.0126125 3.0690633368e-10 1 1 0.100359773416 0.685132998871 0.714507726469
0.0126166666667 7.08316294507e-10 1 1 0.100386908945 0.684575807323 0.715037798258
0.0126208333333 1.63491870042e-09 1 1 0.100415030435 0.684018160245 0.715567339331
0.012625 3.77409375973e-09 1 1 0.100444137817 0.683460059007 0.716096348378
0.0126291666667 8.71318178719e-09 1 1 0.100474231017 0.682901504984 0.71662482409
0.0126333333333 2.01181682979e-08 1 1 0.100505309959 0.682342499548 0.717152765161
0.0126375 4.64566251024e-08 1 1 0.100537374566 0.681783044076 0.717680170286
0.0126416666667 1.07288808893e-07 1 1 0.100570424757 0.681223139943 0.718207038159
0.0126458333333 2.47804229081e-07 1 1 0.100604460449 0.680662788527 0.718733367479
0.01265 5.72414304234e-07 1 1 0.100639481558 0.680101991208 0.719259156945
0.0126541666667 1.32239015349e-06 1 1 0.100675487995 0.679540749364 0.719784405256
0.0126583333333 3.0553140285e-06 1 1 0.100712479671 0.678979064378 0.720309111115
0.0126625 7.05990172656e-06 1 1 0.100750456493 0.678416937631 0.720833273225
0.0126666666667 1.63149862994e-05 1 1 0.100789418367 0.677854370507 0.72135689029
0.0126708333333 3.77065703009e-05 1 1 0.100829365194 0.677291364391 0.721879961016
0.012675 8.71530704216e-05 1 1 0.100870296877 0.676727920667 0.722402484111
0.0126791666667 0.000201450200605 1 1 0.100912213312 0.676164040724 0.722924458284
0.0126833333333 0.000465623736802 1 1 0.100955114395 0.67559972595 0.723445882244
0.0126875 0.0010759684208 1 1 0.10099900002 0.675034977733 0.723966754705
0.0126916666667 0.00248464215109 1 1 0.101043870076 0.674469797464 0.724487074379
0.0126958333333 0.00572762172315 1 1 0.101089724454 0.673904186534 0.72500683998
0.0127 0.013149000134 1 1 0.101136563038 0.673338146337 0.725526050226
0.0127041666667 0.0299004102365 1 1 0.101184385712 0.672771678267 0.726044703834
0.0127083333333 0.0665601554384 1 1 0.101233192358 0.672204783717 0.726562799522
0.0127125 0.141619338775 1 1 0.101282982854 0.671637464085 0.727080336013
0.0127166666667 0.276291916714 1 1 0.101333757077 0.671069720768 0.727597312027
0.0127208333333 0.469077998754 1 1 0.1013855149 0.670501555165 0.728113726288
0.012725 0.671581639889 1 1 0.101438256195 0.669932968674 0.728629577523
0.0127291666667 0.825584311615 1 1 0.101491980833 0.669363962698 0.729144864456
0.0127333333333 0.916373363291 1 1 0.101546688678 0.668794538637 0.729659585817
0.0127375 0.962078682888 1 1 0.101602379597 0.668224697894 0.730173740335
0.0127416666667 0.983262307697 1 1 0.10165905345 0.667654441875 0.73068732674
0.0127458333333 0.992702867767 1 1 0.101716710098 0.667083771985 0.731200343767
0.01275 0.996836117704 1 1 0.101775349398 0.666512689629 0.731712790148
0.0127541666667 0.998631513061 1 1 0.101834971205 0.665941196215 0.73222466462
0.0127583333333 0.999408588677 1 1 0.101895575371 0.665369293153 0.732735965919
0.0127625 0.99974418138 1 1 0.101957161746 0.664796981852 0.733246692785
0.0127666666667 0.999888526298 1 1 0.102019730179 0.664224263723 0.733756843957
0.0127708333333 0.999949493444 1 1 0.102083280514 0.663651140177 0.734266418177
0.012775 0.999972727488 1 1 0.102147812595 0.66307761263 0.734775414188
0.0127791666667 0.999975718426 1 1 0.102213326262 0.662503682494 0.735283830736
0.0127833333333 0.999960941174 1 1 0.102279821354 0.661929351185 0.735791666567
0.0127875 0.999917875957 1 1 0.102347297705 0.66135462012 0.736298920427
0.0127916666667 0.999815536678 1 1 0.10241575515 0.660779490716 0.736805591068
0.0127958333333 0.999580231299 1 1 0.10248519352 0.660203964393 0.737311677239
0.0128 0.999042732781 1 1 0.102555612643 0.659628042569 0.737817177693
0.0128041666667 0.997817680484 1 1 0.102627012345 0.659051726666 0.738322091184
0.0128083333333 0.995032765434 1 1 0.102699392451 0.658475018107 0.738826416467
0.0128125 0.988735094913 1 1 0.102772752782 0.657897918314 0.739330152301
0.0128166666667 0.974658945799 1 1 0.102847093158 0.657320428711 0.739833297442
0.0128208333333 0.94399593784 1 1 0.102922413394 0.656742550724 0.740335850652
0.012825 0.880780506995 1 1 0.102998713305 0.656164285779 0.740837810692
0.0128291666667 0.764064823688 1 1 0.103075992704 0.655585635304 0.741339176326
0.0128333333333 0.586728570109 1 1 0.1031542514 0.655006600727 0.741839946318
0.0128375 0.383653073222 1 1 0.1032334892 0.654427183478 0.742340119434
0.0128416666667 0.214418994289 1 1 0.10331370591 0.653847384988 0.742839694443
0.0128458333333 0.10690016038 1 1 0.10339490133 0.653267206688 0.743338670114
0.01285 0.0498782155405 1 1 0.103477075263 0.652686650011 0.743837045218
0.0128541666667 0.0225084273386 1 1 0.103560227505 0.652105716391 0.744334818528
0.0128583333333 0.0100003425033 1 1 0.103644357852 0.651524407263 0.744831988818
0.0128625 0.00441219087439 1 1 0.103729466097 0.650942724063 0.745328554863
0.0128666666667 0.00194076572048 1 1 0.10381555203 0.650360668228 0.745824515442
0.0128708333333 0.000852580923989 1 1 0.10390261544 0.649778241196 0.746319869332
0.012875 0.000374351723671 1 1 0.103990656112 0.649195444406 0.746814615315
0.0128791666667 0.000164344291469 1 1 0.104079673831 0.648612279298 0.747308752172
0.0128833333333 7.21481774805e-05 1 1 0.104169668377 0.648028747313 0.747802278688
0.0128875 3.16753023357e-05 1 1 0.104260639528 0.647444849894 0.748295193646
0.0128916666667 1.39076396564e-05 1 1 0.104352587062 0.646860588483 0.748787495834
0.0128958333333 6.10701334836e-06 1 1 0.104445510752 0.646275964525 0.749279184041
0.0129 2.68194276209e-06 1 1 0.10453941037 0.645690979465 0.749770257055
0.0129041666667 1.17792161586e-06 1 1 0.104634285686 0.645105634749 0.75026071367
0.0129083333333 5.17404242839e-07 1 1 0.104730136465 0.644519931824 0.750750552676
0.0129125 2.27295313682e-07 1 1 0.104826962473 0.643933872139 0.751239772871
0.0129166666667 9.98614707592e-08 1 1 0.104924763471 0.643347457142 0.751728373048
0.0129208333333 4.38785676682e-08 1 1 0.10502353922 0.642760688284 0.752216352007
0.012925 1.92820827083e-08 1 1 0.105123289477 0.642173567016 0.752703708547
0.0129291666667 8.47427300554e-09 1 1 0.105224013996 0.64158609479 0.753190441468
0.0129333333333 3.72475711385e-09 1 1 0.105325712531 0.640998273059 0.753676549573
0.0129375 1.63734598102e-09 1 1 0.105428384831 0.640410103276 0.754162031667
0.0129416666667 7.19830028917e-10 1 1 0.105532030646 0.639821586897 0.754646886555
0.0129458333333 3.1649466381e-10 1 1 0.105636649719 0.639232725378 0.755131113044
0.01295 1.39171341118e-10 1 1 0.105742241795 0.638643520176 0.755614709943
0.0129541666667 6.12040418346e-11 1 1 0.105848806613 0.638053972747 0.756097676062
0.0129583333333 2.69189115443e-11 1 1 0.105956343913 0.637464084552 0.756580010215
0.0129625 1.18408061134e-11 1 1 0.106064853431 0.636873857049 0.757061711213
0.0129666666667 5.20899989809e-12 1 1 0.106174334899 0.6362832917 0.757542777874
0.0129708333333 2.29177787858e-12 1 1 0.10628478805 0.635692389965 0.758023209012
0.012975 1.00841557327e-12 1 1 0.106396212613 0.635101153307 0.758503003448
0.0129791666667 4.43756142943e-13 1 1 0.106508608313 0.634509583189 0.75898216
0.0129833333333 1.95288230032e-13 1 1 0.106621974876 0.633917681076 0.759460677491
0.0129875 8.59867732572e-14 1 1 0.106736312022 0.633325448432 0.759938554743
0.0129916666667 3.78586051397e-14 0.999999999999 1 0.106851619472 0.632732886723 0.760415790581
0.0129958333333 1.66533453694e-14 0.999999999997 1 0.106967896941 0.632139997416 0.760892383833
0.013 7.32747196253e-15 0.999999999993 1 0.107085144146 0.631546781979 0.761368333325
0.0130041666667 3.21964677141e-15 0.999999999984 1 0.107203360799 0.63095324188 0.761843637887
0.0130083333333 1.44328993201e-15 0.999999999959 1 0.107322546608 0.630359378589 0.762318296351
0.0130125 6.10622663544e-16 0.9999999999 1 0.107442701283 0.629765193576 0.762792307549
0.0130166666667 2.77555756156e-16 0.999999999755 1 0.107563824527 0.629170688312 0.763265670315
0.0130208333333 1.11022302463e-16 0.999999999398 1 0.107685916045 0.628575864269 0.763738383486
0.013025 5.55111512313e-17 0.99999999852 1 0.107808975536 0.627980722919 0.764210445899
0.0130291666667 0 0.999999996361 1 0.107933002698 0.627385265736 0.764681856393
0.0130333333333 0 0.999999991055 1 0.108057997227 0.626789494195 0.765152613809
0.0130375 0 0.999999978008 1 0.108183958817 0.626193409771 0.765622716989
0.0130416666667 0 0.999999945931 1 0.108310887158 0.62559701394 0.766092164778
0.0130458333333 0 0.99999986706 1 0.108438781939 0.625000308178 0.76656095602
0.01305 0 0.999999673128 1 0.108567642847 0.624403293963 0.767029089563
0.0130541666667 0 0.999999196266 1 0.108697469564 0.623805972774 0.767496564256
0.0130583333333 0 0.999998023659 1 0.108828261774 0.623208346089 0.767963378949
0.0130625 0 0.999995140122 1 0.108960019153 0.62261041539 0.768429532493
0.0130666666667 0 0.999988049073 0.999999999999 0.109092741381 0.622012182155 0.768895023744
0.0130708333333 0 0.999970610792 0.999999999998 0.109226428129 0.621413647867 0.769359851555
0.013075 0 0.999927726754 0.999999999995 0.109361079072 0.620814814009 0.769824014783
0.0130791666667 0 0.999822272578 0.99999999999 0.109496693878 0.620215682062 0.770287512287
0.0130833333333 0 0.999563002645 0.999999999978 0.109633272214 0.619616253511 0.770750342927
0.0130875 0 0.99892587916 0.999999999951 0.109770813746 0.619016529839 0.771212505565
0.0130916666667 0 0.99736222222 0.999999999894 0.109909318136 0.618416512533 0.771673999063
0.0130958333333 0 0.993536782751 0.999999999767 0.110048785044 0.617816203078 0.772134822286
0.0131 0 0.984250599316 0.999999999491 0.110189214127 0.61721560296 0.772594974101
0.0131041666667 0 0.962129639911 0.999999998888 0.110330605042 0.616614713668 0.773054453377
0.0131083333333 0 0.911722524298 0.999999997569 0.11047295744 0.616013536688 0.773513258981
0.0131125 0 0.807630889454 0.999999994683 0.110616270974 0.615412073509 0.773971389787
0.0131166666667 0 0.630531112702 0.999999988372 0.11076054529 0.614810325622 0.774428844666
0.0131208333333 0 0.409573519603 0.999999974569 0.110905780035 0.614208294515 0.774885622494
0.013125 0 0.219945383474 0.999999944376 0.111051974853 0.613605981679 0.775341722146
0.0131291666667 0 0.102820444679 0.999999878326 0.111199129383 0.613003388607 0.7757971425
0.0131333333333 0 0.0445066193614 0.999999733825 0.111347243266 0.612400516789 0.776251882435
0.0131375 0 0.0185795612971 0.999999417671 0.111496316138 0.611797367719 0.776705940833
0.0131416666667 0 0.00763522462871 0.999998725904 0.111646347632 0.611193942889 0.777159316575
0.0131458333333 0 0.00311710552022 0.999997212154 0.11179733738 0.610590243795 0.777612008547
0.01315 0 0.00126911084997 0.999993899469 0.111949285012 0.609986271929 0.778064015634
0.0131541666667 0 0.000516128076562 0.999986649491 0.112102190153 0.609382028788 0.778515336723
0.0131583333333 0 0.000209801295054 0.999970781534 0.11225605243 0.608777515867 0.778965970704
0.0131625 0 8.52642355215e-05 0.99993604978 0.112410871463 0.608172734663 0.779415916468
0.0131666666667 0 3.46481978537e-05 0.99986002773 0.112566646873 0.607567686672 0.779865172906
0.0131708333333 0 1.40788940653e-05 0.999693637201 0.112723378277 0.606962373393 0.780313738913
0.013175 0 5.72055799503e-06 0.999329532856 0.112881065289 0.606356796324 0.780761613384
0.0131791666667 0 2.32430665748e-06 0.998533221948 0.113039707524 0.605750956962 0.781208795216
0.0131833333333 0 9.44354366206e-07 0.996793923697 0.11319930459 0.605144856808 0.781655283309
0.0131875 0 3.83675161197e-07 0.993006082519 0.113359856096 0.604538497362 0.782101076564
0.0131916666667 0 1.55876190844e-07 0.98481010394 0.113521361647 0.603931880123 0.782546173881
0.0131958333333 0 6.33262033922e-08 0.967323073161 0.113683820846 0.603325006594 0.782990574165
0.0132 0 2.57261497105e-08 0.931107708957 0.113847233294 0.602717878276 0.783434276322
0.0132041666667 0 1.04509048637e-08 0.860532566397 0.114011598589 0.60211049667 0.783877279258
0.0132083333333 0 4.24542168087e-09 0.737987016187 0.114176916328 0.601502863279 0.784319581883
0.0132125 0 1.72454961422e-09 0.56248809651 0.114343186104 0.600894979608 0.784761183106
0.0132166666667 0 7.00516755714e-10 0.369799251143 0.114510407508 0.600286847159 0.78520208184
0.0132208333333 0 2.84543999474e-10 0.211234446411 0.11467858013 0.599678467436 0.785642276999
0.013225 0 1.15576215265e-10 0.108902469336 0.114847703554 0.599069841945 0.786081767498
0.0132291666667 0 4.69435601502e-11 0.0528209480742 0.115017777367 0.598460972191 0.786520552253
0.0132333333333 0 1.90665261357e-11 0.0248135706011 0.115188801149 0.597851859679 0.786958630184
0.0132375 0 7.74380559676e-12 0.011475781396 0.115360774479 0.597242505917 0.787396000211
0.0132416666667 0 3.14503978416e-12 0.00526817371237 0.115533696936 0.596632912409 0.787832661255
0.0132458333333 0 1.27731158983e-12 0.00241007732716 0.115707568093 0.596023080665 0.788268612241
0.01325 0 5.18751708256e-13 0.00110075618833 0.115882387523 0.595413012191 0.788703852094
0.0132541666667 0 2.10664818923e-13 0.000502351127643 0.116058154795 0.594802708496 0.789138379741
0.0132583333333 0 8.55426840474e-14 0.000229164739412 0.116234869477 0.594192171089 0.789572194111
0.0132625 0 3.47499806708e-14 0.000104517541974 0.116412531135 0.593581401478 0.790005294133
0.0132666666667 0 1.40998324127e-14 4.76613787934e-05 0.11659113933 0.592970401174 0.790437678741
0.0132708333333 0 5.71764857682e-15 2.17318151718e-05 0.116770693624 0.592359171686 0.790869346867
0.013275 0 2.33146835171e-15 9.90796913619e-06 0.116951193575 0.591747714525 0.791300297447
0.0132791666667 0 9.43689570931e-16 4.51685147634e-06 0.117132638737 0.591136031201 0.791730529419
0.0132833333333 0 3.88578058619e-16 2.0589744974e-06 0.117315028665 0.590524123227 0.79216004172
0.0132875 0 1.66533453694e-16 9.38492402236e-07 0.117498362909 0.589911992113 0.792588833292
0.0132916666667 0 5.55111512313e-17 4.27735670716e-07 0.117682641017 0.589299639373 0.793016903077
0.0132958333333 0 0 1.9493295067e-07 0.117867862537 0.588687066519 0.793444250018
0.0133 0 0 8.88301740498e-08 0.118054027012 0.588074275063 0.793870873061
0.0133041666667 0 0 4.04765235773e-08 0.118241133982 0.58746126652 0.794296771153
0.0133083333333 0 0 1.8442670946e-08 0.118429182988 0.586848042403 0.794721943244
0.0133125 0 0 8.40384439815e-09 0.118618173566 0.586234604227 0.795146388283
0.0133166666667 0 0 3.83230752687e-09 0.11880810525 0.585620953506 0.795570105224
0.0133208333333 0 0 1.75518799495e-09 0.118998977573 0.585007091756 0.79599309302
0.013325 0 0 8.22421020175e-10 0.119190790063 0.584393020491 0.796415350628
0.0133291666667 0 0 4.29968061155e-10 0.119383542249 0.583778741228 0.796836877004
0.0133333333333 0 0 3.29399618693e-10 0.119577233654 0.583164255483 0.797257671109
0.0133375 0 0 4.72075600833e-10 0.119771863803 0.582549564773 0.797677731902
0.0133416666667 0 0 9.91390636251e-10 0.119967432214 0.581934670614 0.798097058348
0.0133458333333 0 0 2.32300056968e-09 0.120163938405 0.581319574523 0.798515649409
0.01335 0 0 5.56878931857e-09 0.120361381892 0.58070427802 0.798933504053
0.0133541666667 0 0 1.34076541536e-08 0.120559762189 0.580088782621 0.799350621248
0.0133583333333 0 0 3.23052024576e-08 0.120759078805 0.579473089846 0.799766999962
0.0133625 0 0 7.78439925853e-08 0.120959331249 0.578857201212 0.800182639168
0.0133666666667 0 0 1.87566355947e-07 0.121160519028 0.578241118239 0.800597537839
0.0133708333333 0 0 4.51909396793e-07 0.121362641644 0.577624842447 0.80101169495
0.013375 0 0 1.08871013083e-06 0.121565698599 0.577008375355 0.801425109477
0.0133791666667 0 5.55111512313e-17 2.62262964079e-06 0.121769689392 0.576391718483 0.801837780398
0.0133833333333 0 5.55111512313e-17 6.31720261307e-06 0.12197461352 0.575774873353 0.802249706695
0.0133875 0 1.66533453694e-16 1.52150857233e-05 0.122180470477 0.575157841484 0.802660887349
0.0133916666667 0 3.33066907388e-16 3.66422829188e-05 0.122387259754 0.574540624399 0.803071321344
0.0133958333333 0 7.21644966006e-16 8.8235115167e-05 0.122594980842 0.573923223617 0.803481007665
0.0134 0 1.60982338571e-15 0.000212438250117 0.122803633228 0.573305640662 0.803889945299
0.0134041666667 0 3.38618022511e-15 0.00051134248878 0.123013216395 0.572687877056 0.804298133237
0.0134083333333 0 7.32747196253e-15 0.00123019005304 0.123223729828 0.57206993432 0.804705570468
0.0134125 0 1.57651669497e-14 0.00295636114713 0.123435173005 0.571451813977 0.805112255986
0.0134166666667 0 3.38062910998e-14 0.00708687474466 0.123647545406 0.570833517551 0.805518188785
0.0134208333333 0 7.26085858105e-14 0.0168892269079 0.123860846504 0.570215046565 0.80592336786
0.013425 0 1.55930823809e-13 0.0397044879844 0.124075075774 0.569596402543 0.806327792211
0.0134291666667 0 3.35009797681e-13 0.0904961598326 0.124290232687 0.568977587008 0.806731460838
0.0134333333333 0 7.19591053411e-13 0.193178025711 0.12450631671 0.568358601486 0.807134372741
0.0134375 0 1.54565249488e-12 0.365522467221 0.124723327309 0.567739447499 0.807536526924
0.0134416666667 0 3.32001093284e-12 0.580897376081 0.12494126395 0.567120126574 0.807937922393
0.0134458333333 0 7.13107350947e-12 0.769289962839 0.125160126092 0.566500640235 0.808338558156
0.01345 0 1.531674787e-11 0.889148200635 0.125379913196 0.565880990009 0.80873843322
0.0134541666667 0 3.28979621322e-11 0.950722216459 0.125600624718 0.56526117742 0.809137546597
0.0134583333333 0 7.06584790677e-11 0.978903845635 0.125822260112 0.564641203994 0.809535897299
0.0134625 0 1.51757939548e-10 0.99111839634 0.126044818831 0.564021071259 0.809933484341
0.0134666666667 0 3.25935056722e-10 0.996287299304 0.126268300325 0.56340078074 0.81033030674
0.0134708333333 0 7.00008218057e-10 0.998452576349 0.12649270404 0.562780333965 0.810726363513
0.013475 0 1.50337653437e-09 0.999355807938 0.126718029422 0.56215973246 0.81112165368
0.0134791666667 0 3.22867999003e-09 0.999731941688 0.126944275915 0.561538977754 0.811516176264
0.0134833333333 0 6.93385754369e-09 0.999888471761 0.127171442958 0.560918071373 0.811909930289
0.0134875 0 1.48907841058e-08 0.999953597878 0.12739952999 0.560297014846 0.812302914779
0.0134916666667 0 3.197812809e-08 0.999980693146 0.127628536446 0.559675809701 0.812695128762
0.0134958333333 0 6.86722687049e-08 0.999991966302 0.127858461761 0.559054457466 0.813086571268
0.0135 0 1.47469668088e-07 0.999996656865 0.128089305365 0.558432959672 0.813477241328
0.0135041666667 0 3.16677358614e-07 0.999998608675 0.128321066688 0.557811317845 0.813867137975
0.0135083333333 0 6.80024183131e-07 0.999999420918 0.128553745156 0.557189533516 0.814256260244
0.0135125 0 1.46024157988e-06 0.99999975896 0.128787340194 0.556567608215 0.814644607172
0.0135166666667 0 3.13558039183e-06 0.99999989966 0.129021851223 0.555945543471 0.815032177798
0.0135208333333 0 6.73292339698e-06 0.999999958227 0.129257277664 0.555323340815 0.815418971162
0.013525 0 1.44570947532e-05 0.999999982608 0.129493618934 0.554701001776 0.815804986307
0.0135291666667 0 3.10418803287e-05 0.999999992758 0.129730874448 0.554078527886 0.816190222278
0.0135333333333 0 6.66500242864e-05 0.999999996984 0.129969043619 0.553455920676 0.816574678121
0.0135375 0 0.000143096331628 0.999999998744 0.130208125858 0.552833181676 0.816958352884
0.0135416666667 0 0.000307193710319 0.999999999477 0.130448120573 0.552210312418 0.817341245618
0.0135458333333 0 0.000659338136464 0.999999999782 0.130689027169 0.551587314434 0.817723355374
0.01355 0 0.00141456402296 0.999999999909 0.130930845052 0.550964189256 0.818104681207
0.0135541666667 0 0.00303218151141 0.999999999962 0.131173573621 0.550340938416 0.818485222173
0.0135583333333 0 0.00648751040975 0.999999999984 0.131417212277 0.549717563446 0.818864977329
0.0135625 0 0.0138255759806 0.999999999993 0.131661760416 0.549094065879 0.819243945737
0.0135666666667 0 0.0292192830487 0.999999999997 0.131907217433 0.548470447249 0.819622126456
0.0135708333333 0 0.0606970055832 0.999999999999 0.13215358272 0.547846709088 0.819999518552
0.013575 0 0.121828364263 1 0.132400855668 0.547222852931 0.820376121091
0.0135791666667 0 0.229484033944 1 0.132649035664 0.54659888031 0.820751933138
0.0135833333333 0 0.390017714696 1 0.132898122094 0.545974792759 0.821126953765
0.0135875 0 0.578529268256 1 0.13314811434 0.545350591814 0.821501182043
0.0135916666667 0 0.74662698265 1 0.133399011785 0.544726279009 0.821874617046
0.0135958333333 0 0.863498291683 1 0.133650813806 0.544101855877 0.822247257848
0.0136 0 0.931412666913 1 0.133903519781 0.543477323955 0.822619103529
0.0136041666667 0 0.966834668665 1 0.134157129084 0.542852684778 0.822990153166
0.0136083333333 0 0.984271671805 1 0.134411641086 0.54222793988 0.823360405842
0.0136125 0 0.992610975121 1 0.134667055158 0.541603090799 0.82372986064
0.0136166666667 0 0.996544188468 1 0.134923370667 0.540978139069 0.824098516645
0.0136208333333 0 0.998387117355 1 0.135180586978 0.540353086227 0.824466372946
0.013625 5.55111512313e-17 0.999247975147 1 0.135438703454 0.539727933811 0.82483342863
0.0136291666667 1.11022302463e-16 0.99964951735 1 0.135697719456 0.539102683355 0.825199682791
0.0136333333333 2.22044604925e-16 0.999836690167 1 0.135957634344 0.538477336398 0.825565134521
0.0136375 5.55111512313e-16 0.999923911451 1 0.136218447472 0.537851894477 0.825929782916
0.0136416666667 1.27675647832e-15 0.999964550465 1 0.136480158196 0.537226359128 0.826293627073
0.0136458333333 3.05311331772e-15 0.999983484307 1 0.136742765867 0.536600731891 0.826656666092
0.01365 7.27196081129e-15 0.999992305454 1 0.137006269835 0.535975014303 0.827018899075
0.0136541666667 1.72639680329e-14 0.999996415146 1 0.137270669447 0.535349207901 0.827380325124
0.0136583333333 4.08562073062e-14 0.99999832982 1 0.137535964048 0.534723314225 0.827740943346
0.0136625 9.67559365961e-14 0.999999221859 1 0.137802152983 0.534097334814 0.828100752847
0.0136666666667 2.29372076888e-13 0.999999637458 1 0.138069235591 0.533471271206 0.828459752739
0.0136708333333 5.4373172631e-13 0.999999831088 1 0.138337211211 0.53284512494 0.828817942131
0.013675 1.28907995389e-12 0.999999921301 1 0.138606079179 0.532218897557 0.829175320139
0.0136791666667 3.05633296449e-12 0.999999963333 1 0.13887583883 0.531592590594 0.829531885878
0.0136833333333 7.247258349e-12 0.999999982916 1 0.139146489496 0.530966205594 0.829887638465
0.0136875 1.7186529977e-11 0.99999999204 1 0.139418030507 0.530339744095 0.830242577021
0.0136916666667 4.07611722153e-11 0.999999996291 1 0.13969046119 0.529713207639 0.830596700667
0.0136958333333 9.66824398319e-11 0.999999998272 1 0.13996378087 0.529086597765 0.830950008528
0.0137 2.29346097669e-10 0.999999999195 1 0.140237988872 0.528459916015 0.831302499729
0.0137041666667 5.44099043598e-10 0.999999999625 1 0.140513084515 0.527833163929 0.831654173399
0.0137083333333 1.29094379631e-09 0.999999999825 1 0.14078906712 0.52720634305 0.832005028667
0.0137125 3.06322933685e-09 0.999999999919 1 0.141065936002 0.526579454919 0.832355064667
0.0137166666667 7.26933052642e-09 0.999999999962 1 0.141343690476 0.525952501077 0.832704280531
0.0137208333333 1.72524994291e-08 0.999999999982 1 0.141622329855 0.525325483067 0.833052675398
0.013725 4.09498477905e-08 0.999999999992 1 0.141901853449 0.524698402431 0.833400248404
0.0137291666667 9.7206472871e-08 0.999999999996 1 0.142182260565 0.524071260712 0.833746998691
0.0137333333333 2.30770689835e-07 0.999999999998 1 0.142463550511 0.523444059451 0.834092925402
0.0137375 5.47909211168e-07 0.999999999999 1 0.142745722588 0.522816800193 0.83443802768
0.0137416666667 1.301004809e-06 1 1 0.1430287761 0.522189484481 0.834782304674
0.0137458333333 3.08952173589e-06 1 1 0.143312710345 0.521562113858 0.835125755531
0.01375 7.33744753112e-06 1 1 0.143597524621 0.520934689867 0.835468379403
0.0137541666667 1.7427643199e-05 1 1 0.143883218223 0.520307214053 0.835810175443
0.0137583333333 4.13969823366e-05 1 1 0.144169790444 0.519679687959 0.836151142807
0.0137625 9.83392186981e-05 1 1 0.144457240574 0.51905211313 0.83649128065
0.0137666666667 0.000233610914406 1 1 0.144745567902 0.518424491111 0.836830588134
0.0137708333333 0.000554907977301 1 1 0.145034771716 0.517796823447 0.837169064419
0.013775 0.00131764706673 1 1 0.145324851298 0.517169111682 0.837506708669
0.0137791666667 0.00312582021502 1 1 0.145615805933 0.516541357361 0.83784352005
0.0137833333333 0.00739763792757 1 1 0.145907634899 0.515913562031 0.83817949773
0.0137875 0.0174071489518 1 1 0.146200337475 0.515285727236 0.838514640879
0.0137916666667 0.0404126172802 1 1 0.146493912936 0.514657854523 0.838848948669
0.0137958333333 0.0910143686374 1 1 0.146788360558 0.514029945437 0.839182420273
0.0138 0.192295096654 1 1 0.14708367961 0.513402001526 0.83951505487
0.0138041666667 0.361485469008 1 1 0.147379869364 0.512774024335 0.839846851636
0.0138083333333 0.573810987914 1 1 0.147676929086 0.512146015411 0.840177809753
0.0138125 0.762032194138 1 1 0.147974858041 0.511517976301 0.840507928404
0.0138166666667 0.883950702331 1 1 0.148273655494 0.510889908552 0.840837206773
0.0138208333333 0.947698702411 1 1 0.148573320705 0.510261813712 0.841165644047
0.013825 0.977329094348 1 1 0.148873852933 0.509633693327 0.841493239416
0.0138291666667 0.990344860528 1 1 0.149175251436 0.509005548946 0.841819992072
0.0138333333333 0.99591963811 1 1 0.149477515467 0.508377382117 0.842145901206
0.0138375 0.998281348205 1 1 0.149780644281 0.507749194387 0.842470966016
0.0138416666667 0.999277164027 1 1 0.150084637127 0.507120987304 0.842795185699
0.0138458333333 0.999696192119 1 1 0.150389493255 0.506492762418 0.843118559454
0.01385 0.999872352832 1 1 0.150695211911 0.505864521276 0.843441086484
0.0138541666667 0.999946378663 1 1 0.151001792339 0.505236265428 0.843762765994
0.0138583333333 0.999977478086 1 1 0.151309233781 0.504607996423 0.844083597188
0.0138625 0.999990541309 1 1 0.151617535479 0.503979715808 0.844403579277
0.0138666666667 0.999996027614 1 1 0.151926696671 0.503351425135 0.844722711471
0.0138708333333 0.999998331072 1 1 0.152236716592 0.502723125952 0.845040992982
0.013875 0.999999297117 1 1 0.152547594476 0.502094819808 0.845358423026
0.0138791666667 0.999999700048 1 1 0.152859329557 0.501466508254 0.845675000819
0.0138833333333 0.999999863246 1 1 0.153171921063 0.50083819284 0.845990725582
0.0138875 0.9999999185 1 1 0.153485368224 0.500209875115 0.846305596535
0.0138916666667 0.999999912244 1 1 0.153799670264 0.49958155663 0.846619612902
0.0138958333333 0.999999844192 1 1 0.154114826407 0.498953238935 0.84693277391
0.0139 0.999999670293 1 1 0.154430835876 0.49832492358 0.847245078786
0.0139041666667 0.999999274493 1 1 0.154747697891 0.497696612117 0.84755652676
0.0139083333333 0.999998391424 1 1 0.155065411668 0.497068306095 0.847867117064
0.0139125 0.999996428647 1 1 0.155383976424 0.496440007066 0.848176848934
0.0139166666667 0.999992069479 1 1 0.155703391372 0.495811716581 0.848485721606
0.0139208333333 0.99998239038 1 1 0.156023655724 0.495183436191 0.848793734319
0.013925 0.999960901832 1 1 0.156344768689 0.494555167446 0.849100886313
0.0139291666667 0.999913201676 1 1 0.156666729475 0.493926911899 0.849407176832
0.0139333333333 0.999807336131 1 1 0.156989537288 0.493298671101 0.849712605122
0.0139375 0.99957244465 1 1 0.157313191331 0.492670446603 0.85001717043
0.0139416666667 0.999051539436 1 1 0.157637690806 0.492042239957 0.850320872006
0.0139458333333 0.997897529624 1 1 0.157963034911 0.491414052714 0.850623709102
0.01395 0.9953463897 1 1 0.158289222845 0.490785886427 0.850925680971
0.0139541666667 0.989732499305 1 1 0.158616253803 0.490157742648 0.851226786871
0.0139583333333 0.977501435449 1 1 0.158944126978 0.489529622927 0.851527026059
0.0139625 0.951419780599 1 1 0.159272841561 0.488901528818 0.851826397797
0.0139666666667 0.898258538869 1 1 0.159602396742 0.488273461872 0.852124901347
0.0139708333333 0.79921582443 1 1 0.159932791709 0.487645423641 0.852422535974
0.013975 0.642187474371 1 1 0.160264025646 0.487017415678 0.852719300946
0.0139791666667 0.447305126938 1 1 0.160596097737 0.486389439535 0.853015195532
0.0139833333333 0.267389405076 1 1 0.160929007164 0.485761496765 0.853310219004
0.0139875 0.141345610335 1 1 0.161262753105 0.485133588919 0.853604370635
0.0139916666667 0.0691180982777 1 1 0.161597334739 0.484505717549 0.853897649702
0.0139958333333 0.0324087788528 1 1 0.161932751239 0.483877884209 0.854190055482
0.014 0.0148857646681 1 1 0.162269001781 0.483250090451 0.854481587256
0.0140041666667 0.00677154431951 1 1 0.162606085534 0.482622337827 0.854772244307
0.0140083333333 0.00306689409512 1 1 0.162944001669 0.481994627889 0.855062025919
0.0140125 0.00138632352024 1 1 0.163282749353 0.48136696219 0.855350931379
0.0140166666667 0.000626137162102 0.999999999999 1 0.163622327751 0.480739342283 0.855638959977
0.0140208333333 0.000282704786372 0.999999999998 1 0.163962736027 0.48011176972 0.855926111004
0.014025 0.000127630654241 0.999999999995 1 0.164303973342 0.479484246053 0.856212383753
0.0140291666667 5.76208744643e-05 0.999999999988 1 0.164646038855 0.478856772834 0.85649777752
0.0140333333333 2.60152463109e-05 0.999999999971 1 0.164988931724 0.478229351617 0.856782291603
0.0140375 1.17464976849e-05 0.999999999927 1 0.165332651104 0.477601983953 0.857065925302
0.0140416666667 5.30426606704e-06 0.999999999821 1 0.165677196149 0.476974671394 0.85734867792
0.0140458333333 2.39541340219e-06 0.999999999557 1 0.166022566011 0.476347415493 0.857630548761
0.01405 1.08186911185e-06 0.999999998908 1 0.166368759838 0.475720217803 0.857911537131
0.0140541666667 4.88661786924e-07 0.999999997307 1 0.166715776779 0.475093079875 0.85819164234
0.0140583333333 2.20740273837e-07 0.999999993356 1 0.167063615978 0.474466003261 0.858470863699
0.0140625 9.9722774316e-08 0.999999983609 1 0.167412276581 0.473838989513 0.858749200521
0.0140666666667 4.50553842568e-08 0.999999959564 1 0.167761757727 0.473212040183 0.859026652121
0.0140708333333 2.03581630998e-08 0.999999900245 1 0.168112058557 0.472585156824 0.859303217818
0.014075 9.19962211965e-09 0.99999975391 1 0.168463178209 0.471958340986 0.859578896931
0.0140791666667 4.15758238947e-09 0.999999392916 1 0.168815115818 0.471331594222 0.859853688782
0.0140833333333 1.87910553784e-09 0.999998502386 1 0.169167870518 0.470704918083 0.860127592696
0.0140875 8.49377734813e-10 0.99999630557 1 0.169521441441 0.47007831412 0.860400607999
0.0140916666667 3.83963472128e-10 0.999990886403 1 0.169875827717 0.469451783885 0.86067273402
0.0140958333333 1.73587422214e-10 0.999977518505 1 0.170231028473 0.468825328929 0.860943970089
0.0141 7.84848852575e-11 0.999944544028 1 0.170587042836 0.468198950803 0.861214315541
0.0141041666667 3.5488945116e-11 0.999863212422 1 0.170943869929 0.467572651057 0.861483769709
0.0141083333333 1.6048662399e-11 0.999662643302 1 0.171301508874 0.466946431244 0.861752331933
0.0141125 7.25813853464e-12 0.999168235536 1 0.171659958791 0.466320292912 0.86202000155
0.0141166666667 3.28281846151e-12 0.99795076052 1 0.172019218799 0.465694237613 0.862286777904
0.0141208333333 1.48497880659e-12 0.994960271808 1 0.172379288014 0.465068266898 0.862552660339
0.014125 6.71740441049e-13 0.987659795297 1 0.172740165549 0.464442382315 0.8628176482
0.0141291666667 3.03923552991e-13 0.970102024592 1 0.173101850517 0.463816585415 0.863081740837
0.0141333333333 1.375011216e-13 0.929350517196 1 0.173464342028 0.463190877748 0.8633449376
0.0141375 6.22280005302e-14 0.842096427223 1 0.17382763919 0.462565260864 0.863607237841
0.0141416666667 2.81441536742e-14 0.683753400787 1 0.17419174111 0.461939736311 0.863868640917
0.0141458333333 1.27675647832e-14 0.467110194844 1 0.174556646892 0.461314305639 0.864129146185
0.01415 5.77315972805e-15 0.262200357596 1 0.174922355639 0.460688970396 0.864388753003
0.0141541666667 2.60902410787e-15 0.125937460714 1 0.17528886645 0.460063732132 0.864647460735
0.0141583333333 1.16573417586e-15 0.0551922635868 1 0.175656178425 0.459438592395 0.864905268743
0.0141625 5.55111512313e-16 0.0231364040728 1 0.17602429066 0.458813552732 0.865162176394
0.0141666666667 2.22044604925e-16 0.00951137926444 1 0.17639320225 0.458188614693 0.865418183057
0.0141708333333 1.11022302463e-16 0.00387831834057 1 0.176762912287 0.457563779824 0.865673288102
0.014175 5.55111512313e-17 0.00157611581618 1 0.177133419862 0.456939049674 0.865927490901
0.0141791666667 0 0.000639650158423 1 0.177504724064 0.456314425789 0.86618079083
0.0141833333333 0 0.000259453859991 1 0.17787682398 0.455689909716 0.866433187267
0.0141875 0 0.000105216739983 1 0.178249718694 0.455065503002 0.866684679589
0.0141916666667 0 4.26653259809e-05 1 0.17862340729 0.454441207193 0.86693526718
0.0141958333333 0 1.73003371856e-05 1 0.178997888849 0.453817023836 0.867184949423
0.0142 0 7.01508627493e-06 1 0.179373162449 0.453192954476 0.867433725704
0.0142041666667 0 2.84455531119e-06 1 0.179749227167 0.452569000658 0.86768159541
0.0142083333333 0 1.15345410684e-06 1 0.18012608208 0.451945163927 0.867928557934
0.0142125 0 4.67726031517e-07 1 0.18050372626 0.45132144583 0.868174612667
0.0142166666667 0 1.89665518235e-07 1 0.180882158778 0.450697847908 0.868419759005
0.0142208333333 0 7.69114538723e-08 1 0.181261378704 0.450074371708 0.868663996343
0.014225 0 3.11888653237e-08 1 0.181641385105 0.449451018773 0.868907324083
0.0142291666667 0 1.26477751605e-08 1 0.182022177047 0.448827790645 0.869149741625
0.0142333333333 0 5.12902464944e-09 0.999999999999 0.182403753593 0.448204688869 0.869391248373
0.0142375 0 2.07999167889e-09 0.999999999998 0.182786113804 0.447581714987 0.869631843733
0.0142416666667 0 8.43518588312e-10 0.999999999995 0.183169256742 0.446958870541 0.869871527113
0.0142458333333 0 3.42085026972e-10 0.99999999999 0.183553181462 0.446336157073 0.870110297924
0.01425 0 1.38733025068e-10 0.999999999977 0.183937887021 0.445713576124 0.870348155578
0.0142541666667 0 5.62642155089e-11 0.999999999948 0.184323372473 0.445091129237 0.870585099491
0.0142583333333 0 2.28186913809e-11 0.999999999883 0.18470963687 0.444468817951 0.870821129078
0.0142625 0 9.25459708867e-12 0.999999999738 0.185096679261 0.443846643808 0.87105624376
0.0142666666667 0 3.75344200165e-12 0.999999999412 0.185484498695 0.443224608346 0.871290442957
0.0142708333333 0 1.52233781137e-12 0.999999998682 0.185873094218 0.442602713106 0.871523726095
0.014275 0 6.17450535145e-13 0.999999997044 0.186262464873 0.441980959626 0.871756092598
0.0142791666667 0 2.50410803204e-13 0.999999993372 0.186652609704 0.441359349445 0.871987541894
0.0142833333333 0 1.01585406753e-13 0.999999985135 0.187043527751 0.440737884102 0.872218073415
0.0142875 0 4.11892742136e-14 0.999999966657 0.187435218051 0.440116565134 0.872447686592
0.0142916666667 0 1.67088565206e-14 0.999999925204 0.187827679642 0.439495394079 0.872676380861
0.0142958333333 0 6.77236045021e-15 0.999999832197 0.188220911557 0.438874372473 0.872904155659
0.0143 0 2.72004641033e-15 0.9999996235 0.18861491283 0.438253501853 0.873131010424
0.0143041666667 0 1.11022302463e-15 0.99999915516 0.189009682491 0.437632783755 0.873356944599
0.0143083333333 0 4.4408920985e-16 0.999998104046 0.189405219569 0.437012219714 0.873581957627
0.0143125 0 1.66533453694e-16 0.999995744749 0.18980152309 0.436391811265 0.873806048953
0.0143166666667 0 5.55111512313e-17 0.999990448626 0.19019859208 0.435771559943 0.874029218028
0.0143208333333 0 0 0.999978558846 0.190596425561 0.435151467281 0.874251464299
0.014325 0 0 0.999951864156 0.190995022555 0.434531534814 0.874472787221
0.0143291666667 0 0 0.999891926509 0.19139438208 0.433911764074 0.874693186249
0.0143333333333 0 0 0.999757349072 0.191794503154 0.433292156594 0.874912660838
0.0143375 0 0 0.999455225758 0.192195384792 0.432672713905 0.875131210449
0.0143416666667 0 0 0.998777264827 0.192597026007 0.43205343754 0.875348834544
0.0143458333333 0 0 0.997257628099 0.192999425811 0.431434329028 0.875565532585
0.01435 0 0 0.993860340496 0.193402583212 0.430815389901 0.87578130404
0.0143541666667 0 0 0.986310820813 0.19380649722 0.430196621688 0.875996148376
0.0143583333333 0 0 0.969757599903 0.194211166839 0.429578025918 0.876210065064
0.0143625 0 0 0.934510525486 0.194616591073 0.428959604121 0.876423053577
0.0143666666667 0 0 0.86393472522 0.195022768923 0.428341357825 0.876635113389
0.0143708333333 0 0 0.738558208945 0.195429699391 0.427723288556 0.876846243979
0.014375 0 0 0.556880382998 0.195837381473 0.427105397843 0.877056444825
0.0143791666667 0 0 0.358571371039 0.196245814166 0.426487687211 0.877265715409
0.0143833333333 0 0 0.199127801893 0.196654996464 0.425870158187 0.877474055215
0.0143875 0 0 0.099567233279 0.197064927359 0.425252812296 0.87768146373
0.0143916666667 0 0 0.0468673084347 0.197475605842 0.424635651062 0.877887940443
0.0143958333333 0 0 0.0213958819352 0.197887030901 0.424018676011 0.878093484842
0.0144 0 0 0.00962683465639 0.198299201521 0.423401888665 0.878298096423
0.0144041666667 0 0 0.00430257563685 0.198712116689 0.422785290548 0.878501774679
0.0144083333333 0 0 0.00191707597086 0.199125775387 0.422168883181 0.87870451911
0.0144125 0 0 0.000852961421683 0.199540176595 0.421552668088 0.878906329213
0.0144166666667 0 0 0.000379246595354 0.199955319293 0.420936646788 0.879107204492
0.0144208333333 0 0 0.000168568774225 0.200371202457 0.420320820803 0.87930714445
0.014425 0 0 7.49300865506e-05 0.200787825063 0.419705191652 0.879506148594
0.0144291666667 0 0 3.3350346363e-05 0.201205186083 0.419089760855 0.879704216434
0.0144333333333 0 0 1.49560581763e-05 0.201623284489 0.41847452993 0.879901347479
0.0144375 0 0 6.97432634827e-06 0.202042119251 0.417859500396 0.880097541243
0.0144416666667 0 0 3.87619162712e-06 0.202461689335 0.41724467377 0.880292797243
0.0144458333333 0 0 3.55216832681e-06 0.202881993708 0.416630051569 0.880487114995
0.01445 0 0 5.88143239083e-06 0.203303031333 0.416015635309 0.880680494021
0.0144541666667 0 0 1.27289786467e-05 0.203724801173 0.415401426506 0.880872933841
0.0144583333333 0 0 2.94316998153e-05 0.204147302186 0.414787426673 0.881064433982
0.0144625 0 0 6.89520073363e-05 0.204570533331 0.414173637327 0.881254993969
0.0144666666667 0 0 0.000161924106557 0.204994493565 0.41356005998 0.881444613333
0.0144708333333 0 0 0.000380351141818 0.205419181841 0.412946696145 0.881633291605
0.014475 0 0 0.000893149066839 0.205844597113 0.412333547335 0.881821028317
0.0144791666667 0 0 0.00209568000781 0.206270738329 0.41172061506 0.882007823008
0.0144833333333 0 0 0.00490884042994 0.206697604441 0.411107900833 0.882193675214
0.0144875 0 0 0.0114537520844 0.207125194393 0.410495406163 0.882378584477
0.0144916666667 0 0 0.0264899113847 0.207553507131 0.40988313256 0.88256255034
0.0144958333333 0 0 0.0600598148062 0.207982541598 0.409271081533 0.882745572347
0.0145 0 0 0.130458462816 0.208412296736 0.40865925459 0.882927650046
0.0145041666667 0 0 0.260484446638 0.208842771483 0.408047653238 0.883108782987
0.0145083333333 0 0 0.45261806906 0.209273964777 0.407436278986 0.883288970722
0.0145125 0 0 0.659967819942 0.209705875554 0.406825133338 0.883468212806
0.0145166666667 0 0 0.819992198355 0.210138502747 0.406214217801 0.883646508794
0.0145208333333 0 0 0.914458720903 0.210571845289 0.405603533879 0.883823858247
0.014525 0 0 0.961663667061 0.21100590211 0.404993083077 0.884000260725
0.0145291666667 0 0 0.983293254134 0.211440672137 0.404382866897 0.884175715792
0.0145333333333 0 0 0.992809782252 0.211876154297 0.403772886844 0.884350223013
0.0145375 0 0 0.996922130636 0.212312347515 0.403163144418 0.884523781958
0.0145416666667 0 0 0.998685452138 0.212749250714 0.402553641121 0.884696392196
0.0145458333333 0 0 0.999439070165 0.213186862813 0.401944378455 0.8848680533
0.01455 0 0 0.99976072427 0.213625182733 0.401335357918 0.885038764846
0.0145541666667 0 0 0.99989794026 0.21406420939 0.400726581011 0.88520852641
0.0145583333333 0 0 0.999956466664 0.2145039417 0.400118049231 0.885377337573
0.0145625 0 0 0.999981429622 0.214944378577 0.399509764078 0.885545197916
0.0145666666667 0 0 0.999992077555 0.215385518932 0.398901727047 0.885712107024
0.0145708333333 0 0 0.999996619811 0.215827361675 0.398293939636 0.885878064484
0.014575 0 0 0.99999855766 0.216269905714 0.39768640334 0.886043069884
0.0145791666667 0 0 0.999999384484 0.216713149955 0.397079119654 0.886207122816
0.0145833333333 0 0 0.999999737302 0.217157093304 0.396472090073 0.886370222874
0.0145875 0 0 0.99999988787 0.217601734662 0.39586531609 0.886532369654
0.0145916666667 0 5.55111512313e-17 0.999999952134 0.21804707293 0.395258799198 0.886693562753
0.0145958333333 0 5.55111512313e-17 0.999999979564 0.218493107009 0.39465254089 0.886853801773
0.0146 0 1.66533453694e-16 0.999999991275 0.218939835794 0.394046542657 0.887013086317
0.0146041666667 0 3.88578058619e-16 0.999999996274 0.219387258182 0.393440805989 0.887171415989
0.0146083333333 0 8.32667268469e-16 0.999999998409 0.219835373066 0.392835332377 0.887328790398
0.0146125 0 1.83186799063e-15 0.99999999932 0.220284179338 0.392230123311 0.887485209153
0.0146166666667 0 3.99680288865e-15 0.99999999971 0.220733675889 0.391625180278 0.887640671868
0.0146208333333 0 8.60422844084e-15 0.999999999876 0.221183861606 0.391020504766 0.887795178155
0.014625 0 1.85407245112e-14 0.999999999947 0.221634735377 0.390416098264 0.887948727634
0.0146291666667 0 3.9857006584e-14 0.999999999977 0.222086296086 0.389811962257 0.888101319922
0.0146333333333 0 8.57092175011e-14 0.99999999999 0.222538542616 0.38920809823 0.888252954642
0.0146375 0 1.8440804439e-13 0.999999999996 0.222991473849 0.38860450767 0.888403631417
0.0146416666667 0 3.96793709001e-13 0.999999999998 0.223445088665 0.38800119206 0.888553349875
0.0146458333333 0 8.53817017088e-13 0.999999999999 0.22389938594 0.387398152885 0.888702109644
0.01465 0 1.83730808345e-12 1 0.224354364552 0.386795391625 0.888849910355
0.0146541666667 0 3.95389276875e-12 1 0.224810023374 0.386192909765 0.888996751641
0.0146583333333 0 8.50891579418e-12 1 0.22526636128 0.385590708785 0.889142633139
0.0146625 0 1.83122406128e-11 1 0.22572337714 0.384988790166 0.889287554486
0.0146666666667 0 3.94113075508e-11 1 0.226181069823 0.384387155388 0.889431515323
0.0146708333333 0 8.48231485051e-11 1 0.226639438197 0.38378580593 0.889574515294
0.014675 0 1.82566739504e-10 1 0.227098481127 0.38318474327 0.889716554043
0.0146791666667 0 3.92955057382e-10 1 0.227558197478 0.382583968887 0.889857631218
0.0146833333333 0 8.45820358197e-10 1 0.228018586112 0.381983484256 0.88999774647
0.0146875 5.55111512313e-17 1.82065412746e-09 1 0.228479645889 0.381383290856 0.89013689945
0.0146916666667 1.66533453694e-16 3.91914095621e-09 1 0.228941375669 0.38078339016 0.890275089813
0.0146958333333 4.4408920985e-16 8.43662051331e-09 1 0.229403774308 0.380183783645 0.890412317217
0.0147 1.05471187339e-15 1.81618636241e-08 1 0.229866840662 0.379584472783 0.890548581321
0.0147041666667 2.60902410787e-15 3.90990888e-08 1 0.230330573585 0.378985459049 0.890683881787
0.0147083333333 6.32827124036e-15 8.41758017178e-08 1 0.230794971929 0.378386743915 0.890818218279
0.0147125 1.54321000423e-14 1.81226767371e-07 1 0.231260034545 0.377788328853 0.890951590465
0.0147166666667 3.73034936274e-14 3.90186220889e-07 1 0.231725760281 0.377190215334 0.891083998012
0.0147208333333 9.04276653557e-14 8.40109761646e-07 1 0.232192147984 0.376592404828 0.891215440593
0.014725 2.19158025061e-13 1.80890017804e-06 1 0.232659196501 0.375994898806 0.891345917882
0.0147291666667 5.31186206132e-13 3.89499990439e-06 1 0.233126904674 0.375397698735 0.891475429554
0.0147333333333 1.28752564166e-12 8.38714385298e-06 1 0.233595271346 0.374800806085 0.891603975289
0.0147375 3.12105896683e-12 1.80606505211e-05 1 0.234064295358 0.374204222323 0.891731554767
0.0147416666667 7.56611440167e-12 3.88922275212e-05 1 0.234533975547 0.373607948915 0.891858167672
0.0147458333333 1.83434933909e-11 8.37523224538e-05 1 0.235004310753 0.373011987328 0.891983813689
0.01475 4.44754788553e-11 0.000180353072234 1 0.23547529981 0.372416339027 0.892108492508
0.0147541666667 1.07842901276e-10 0.000388344380208 1 0.235946941552 0.371821005476 0.892232203817
0.0147583333333 2.61513311006e-10 0.000836029448341 1 0.236419234811 0.371225988139 0.892354947312
0.0147625 6.34201580141e-10 0.00179894242903 1 0.236892178419 0.370631288479 0.892476722686
0.0147666666667 1.53812723669e-09 0.00386675367349 1 0.237365771204 0.370036907959 0.892597529638
0.0147708333333 3.73068392845e-09 0.00829197919624 1 0.237840011994 0.36944284804 0.892717367868
0.014775 9.04931835022e-09 0.0176922392772 1 0.238314899615 0.368849110182 0.892836237079
0.0147791666667 2.19520170375e-08 0.0373491311003 1 0.238790432892 0.368255695847 0.892954136975
0.0147833333333 5.32554536581e-08 0.0771334493833 1 0.239266610646 0.367662606492 0.893071067265
0.0147875 1.29206621569e-07 0.15258382765 1 0.239743431699 0.367069843578 0.893187027658
0.0147916666667 3.13499168791e-07 0.279494281122 1 0.240220894871 0.366477408561 0.893302017866
0.0147958333333 7.60709487513e-07 0.455262798278 1 0.24069899898 0.365885302899 0.893416037604
0.0148 1.84600072917e-06 0.642940785067 1 0.241177742842 0.365293528048 0.893529086589
0.0148041666667 4.47996940006e-06 0.7950709548 1 0.241657125272 0.364702085464 0.893641164541
0.0148083333333 1.08729490727e-05 0.893158843455 1 0.242137145084 0.364110976601 0.893752271182
0.0148125 2.6390425928e-05 0.947405325744 1 0.242617801088 0.363520202914 0.893862406236
0.0148166666667 6.4056981579e-05 0.974884663215 1 0.243099092096 0.362929765856 0.89397156943
0.0148208333333 0.000155486889767 0.988186241977 1 0.243581016916 0.362339666879 0.894079760494
0.014825 0.000377393943124 0.994483116767 1 0.244063574355 0.361749907436 0.894186979158
0.0148291666667 0.000915775413321 0.997432499475 1 0.244546763218 0.361160488977 0.894293225156
0.0148333333333 0.00222064852908 0.998807048623 1 0.245030582311 0.360571412953 0.894398498227
0.0148375 0.00537518478564 0.999446142479 1 0.245515030434 0.359982680813 0.894502798108
0.0148416666667 0.0129536085205 0.99974295577 1 0.24600010639 0.359394294006 0.89460612454
0.0148458333333 0.0308870848157 0.999880729838 1 0.246485808978 0.358806253981 0.894708477268
0.01485 0.0718459243169 0.999944664113 1 0.246972136995 0.358218562184 0.894809856038
0.0148541666667 0.158259543673 0.999974328564 1 0.247459089239 0.357631220061 0.894910260598
0.0148583333333 0.313517057743 0.999988091156 1 0.247946664504 0.35704422906 0.8950096907
0.0148625 0.525939001918 0.999994475807 1 0.248434861584 0.356457590624 0.895108146097
0.0148666666667 0.729383122297 0.999997437585 1 0.248923679271 0.355871306198 0.895205626545
0.0148708333333 0.86752032492 0.999998811464 1 0.249413116356 0.355285377225 0.895302131803
0.014875 0.940865909818 0.999999448739 1 0.249903171626 0.354699805148 0.895397661631
0.0148791666667 0.974786648914 0.999999744327 1 0.250393843871 0.354114591409 0.895492215793
0.0148833333333 0.989468168073 0.999999881424 1 0.250885131876 0.353529737449 0.895585794054
0.0148875 0.995639306534 0.999999945009 1 0.251377034426 0.352945244709 0.895678396182
0.0148916666667 0.998201156319 0.999999974499 1 0.251869550304 0.352361114626 0.895770021949
0.0148958333333 0.999259123592 0.999999988174 1 0.252362678292 0.351777348642 0.895860671128
0.0149 0.999695071514 0.999999994516 1 0.25285641717 0.351193948193 0.895950343493
0.0149041666667 0.99987453883 0.999999997457 1 0.253350765717 0.350610914716 0.896039038822
0.0149083333333 0.999948388627 0.999999998821 1 0.253845722711 0.350028249649 0.896126756897
0.0149125 0.999978770815 0.999999999453 1 0.254341286927 0.349445954426 0.8962134975
0.0149166666667 0.999991268594 0.999999999747 1 0.254837457139 0.348864030483 0.896299260416
0.0149208333333 0.999996409105 0.999999999883 1 0.255334232123 0.348282479254 0.896384045434
0.014925 0.999998523305 0.999999999946 1 0.255831610648 0.34770130217 0.896467852342
0.0149291666667 0.999999392776 0.999999999975 1 0.256329591485 0.347120500666 0.896550680935
0.0149333333333 0.999999750323 0.999999999988 1 0.256828173404 0.346540076173 0.896632531006
0.0149375 0.999999897345 0.999999999995 1 0.257327355171 0.345960030121 0.896713402355
0.0149416666667 0.999999957796 0.999999999997 1 0.257827135553 0.345380363941 0.896793294779
0.0149458333333 0.99999998265 0.999999999999 1 0.258327513314 0.34480107906 0.896872208083
0.01495 0.999999992868 0.999999999999 1 0.258828487218 0.344222176909 0.896950142071
0.0149541666667 0.999999997068 1 1 0.259330056027 0.343643658914 0.89702709655
0.0149583333333 0.999999998795 1 1 0.259832218501 0.343065526503 0.89710307133
0.0149625 0.999999999505 1 1 0.2603349734 0.3424877811 0.897178066224
0.0149666666667 0.999999999796 1 1 0.260838319481 0.341910424131 0.897252081045
0.0149708333333 0.999999999916 1 1 0.261342255501 0.34133345702 0.897325115612
0.014975 0.999999999966 1 1 0.261846780215 0.34075688119 0.897397169745
0.0149791666667 0.999999999986 1 1 0.262351892376 0.340180698064 0.897468243264
0.0149833333333 0.999999999994 1 1 0.262857590738 0.339604909064 0.897538335995
0.0149875 0.999999999998 1 1 0.26336387405 0.339029515611 0.897607447764
0.0149916666667 0.999999999999 1 1 0.263870741063 0.338454519123 0.897675578402
0.0149958333333 1 1 1 0.264378190524 0.337879921021 0.89774272774
0.015 1 1 1 0.264886221182 0.337305722723 0.897808895613
0.0150041666667 1 1 1 0.265394831781 0.336731925646 0.897874081857
0.0150083333333 0.999999999999 1 1 0.265904021066 0.336158531206 0.897938286311
0.0150125 0.999999999998 1 1 0.26641378778 0.335585540819 0.898001508818
0.0150166666667 0.999999999996 1 1 0.266924130665 0.335012955901 0.898063749222
0.0150208333333 0.999999999992 1 1 0.26743504846 0.334440777863 0.898125007369
0.015025 0.999999999983 1 1 0.267946539906 0.333869008121 0.898185283109
0.0150291666667 0.999999999962 1 1 0.268458603739 0.333297648085 0.898244576293
0.0150333333333 0.999999999918 1 1 0.268971238696 0.332726699167 0.898302886776
0.0150375 0.999999999821 1 1 0.269484443512 0.332156162778 0.898360214413
0.0150416666667 0.999999999611 1 1 0.269998216922 0.331586040326 0.898416559064
0.0150458333333 0.999999999154 0.999999999999 1 0.270512557656 0.33101633322 0.89847192059
0.01505 0.999999998161 0.999999999998 1 0.271027464448 0.330447042867 0.898526298856
0.0150541666667 0.999999996004 0.999999999994 1 0.271542936026 0.329878170675 0.898579693727
0.0150583333333 0.999999991319 0.999999999985 1 0.272058971119 0.329309718049 0.898632105073
0.0150625 0.999999981138 0.999999999963 1 0.272575568455 0.328741686393 0.898683532765
0.0150666666667 0.999999959024 0.99999999991 1 0.27309272676 0.328174077113 0.898733976676
0.0150708333333 0.999999910985 0.999999999779 1 0.273610444758 0.327606891609 0.898783436683
0.015075 0.99999980664 0.999999999459 1 0.274128721173 0.327040131285 0.898831912665
0.0150791666667 0.999999580007 0.999999998675 1 0.274647554727 0.326473797541 0.898879404502
0.0150833333333 0.9999990878 0.999999996752 1 0.275166944141 0.325907891778 0.898925912079
0.0150875 0.999998018876 0.999999992042 1 0.275686888135 0.325342415394 0.898971435281
0.0150916666667 0.999995697647 0.999999980503 1 0.276207385427 0.324777369789 0.899015973997
0.0150958333333 0.999990657296 0.999999952233 1 0.276728434734 0.324212756358 0.899059528118
0.0151 0.999979713369 0.99999988298 1 0.277250034773 0.323648576498 0.899102097538
0.0151041666667 0.999955953115 0.999999713334 1 0.277772184258 0.323084831604 0.899143682151
0.0151083333333 0.999904372692 0.999999297784 1 0.278294881902 0.322521523071 0.899184281858
0.0151125 0.999792414971 0.999998279942 1 0.278818126418 0.321958652291 0.899223896558
0.0151166666667 0.999549466719 0.999995786975 1 0.279341916515 0.321396220658 0.899262526155
0.0151208333333 0.999022519759 0.999989681371 1 0.279866250905 0.320834229562 0.899300170555
0.015125 0.997880686333 0.999974728861 1 0.280391128296 0.320272680393 0.899336829665
0.0151291666667 0.995411433697 0.999938113371 1 0.280916547393 0.31971157454 0.899372503397
0.0151333333333 0.990094357459 0.999848461031 1 0.281442506905 0.319150913393 0.899407191664
0.0151375 0.978748823573 0.999629000005 1 0.281969005534 0.318590698337 0.899440894381
0.0151416666667 0.955001753501 0.999092045952 1 0.282496041985 0.318030930759 0.899473611466
0.0151458333333 0.907238707108 0.99777978663 1 0.283023614959 0.317471612045 0.89950534284
0.01515 0.818426360867 0.994581484824 1 0.283551723158 0.316912743578 0.899536088426
0.0151541666667 0.675052634433 0.986837341577 1 0.284080365282 0.316354326741 0.899565848149
0.0151583333333 0.489149694492 0.968378714699 1 0.284609540029 0.315796362916 0.899594621938
0.0151625 0.306212912507 0.925979822544 1 0.285139246095 0.315238853484 0.899622409721
0.0151666666667 0.169060268246 0.836345913498 1 0.285669482178 0.314681799825 0.899649211434
0.0151708333333 0.0857505647258 0.676144797807 1 0.286200246972 0.314125203317 0.899675027009
0.015175 0.0414489241821 0.46032983421 1 0.286731539171 0.313569065339 0.899699856386
0.0151791666667 0.0195468137346 0.258440596991 1 0.287263357467 0.313013387266 0.899723699504
0.0151833333333 0.00910859955482 0.12465014643 1 0.287795700551 0.312458170475 0.899746556306
0.0151875 0.00422075674441 0.0549879041141 1 0.288328567113 0.311903416339 0.899768426736
0.0151916666667 0.00195077025048 0.023225505515 1 0.288861955842 0.311349126233 0.899789310744
0.0151958333333 0.00090056469847 0.00962353659639 1 0.289395865425 0.310795301527 0.899809208278
0.0152 0.000415530422984 0.00395548003148 1 0.28993029455 0.310241943594 0.89982811929
0.0152041666667 0.000191691210676 0.00162040952795 1 0.290465241899 0.309689053802 0.899846043737
0.0152083333333 8.84248099945e-05 0.000662937208971 1 0.291000706159 0.309136633522 0.899862981574
0.0152125 4.07893504532e-05 0.000271079508067 1 0.291536686011 0.30858468412 0.899878932762
0.0152166666667 1.88162518854e-05 0.000110826373438 1 0.292073180136 0.308033206964 0.899893897263
0.0152208333333 8.68038649143e-06 4.53076209031e-05 1 0.292610187216 0.307482203418 0.899907875042
0.015225 4.00467547446e-06 1.85227511557e-05 1 0.293147705929 0.306931674847 0.899920866065
0.0152291666667 1.84764754196e-06 7.57278865771e-06 1 0.293685734952 0.306381622613 0.899932870303
0.0152333333333 8.52501180704e-07 3.09618158101e-06 1 0.294224272963 0.30583204808 0.899943887727
0.0152375 3.93364458284e-07 1.26595706834e-06 1 0.294763318637 0.305282952607 0.899953918311
0.0152416666667 1.81517948616e-07 5.17647650466e-07 1 0.295302870649 0.304734337554 0.899962962033
0.0152458333333 8.37661113251e-08 2.11676464634e-07 1 0.29584292767 0.304186204279 0.899971018872
0.01525 3.86581814338e-08 8.65633660307e-08 1 0.296383488373 0.30363855414 0.899978088809
0.0152541666667 1.78418020913e-08 3.54012865689e-08 1 0.296924551429 0.303091388493 0.89998417183
0.0152583333333 8.23493528923e-09 1.44786272416e-08 1 0.297466115508 0.302544708693 0.899989267919
0.0152625 3.80106918163e-09 5.92187499038e-09 1 0.298008179276 0.301998516092 0.899993377067
0.0152666666667 1.75458902962e-09 2.42222597535e-09 1 0.298550741402 0.301452812044 0.899996499265
0.0152708333333 8.0997020202e-10 9.90817594637e-10 1 0.29909380055 0.3009075979 0.899998634507
0.015275 3.7392677843e-10 4.05318556496e-10 1 0.299637355387 0.300362875009 0.89999978279
0.0152791666667 1.72634684326e-10 1.65814695308e-10 1 0.300181404575 0.299818644721 0.899999944112
0.0152833333333 7.97064081404e-11 6.7838068496e-11 1 0.300725946776 0.299274908382 0.899999118474
0.0152875 3.68028940656e-11 2.77554090822e-11 1 0.301270980651 0.298731667339 0.89999730588
0.0152916666667 1.69939617933e-11 1.135652683e-11 1 0.301816504861 0.298188922937 0.899994506337
0.0152958333333 7.84750042726e-12 4.64694949187e-12 1 0.302362518064 0.29764667652 0.899990719852
0.0153 3.62404550813e-12 1.90158999658e-12 1 0.302909018918 0.29710492943 0.899985946437
0.0153041666667 1.67371672077e-12 7.78210829111e-13 1 0.303456006078 0.296563683009 0.899980186106
0.0153083333333 7.72992780895e-13 3.18467474614e-13 1 0.3040034782 0.296022938596 0.899973438873
0.0153125 3.57047724719e-13 1.30340183091e-13 1 0.304551433938 0.295482697529 0.899965704759
0.0153166666667 1.64923630308e-13 5.33462163332e-14 1 0.305099871944 0.294942961147 0.899956983782
0.0153208333333 7.61612994893e-14 2.18713935851e-14 1 0.305648790871 0.294403730785 0.899947275966
0.015325 3.51940698806e-14 8.93729534823e-15 1 0.306198189367 0.293865007779 0.899936581338
0.0153291666667 1.62647673108e-14 3.66373598126e-15 1 0.306748066083 0.293326793461 0.899924899924
0.0153333333333 7.49400541622e-15 1.49880108324e-15 1 0.307298419667 0.292789089164 0.899912231756
0.0153375 3.44169137634e-15 6.10622663544e-16 1 0.307849248764 0.292251896219 0.899898576866
0.0153416666667 1.60982338571e-15 2.22044604925e-16 1 0.308400552022 0.291715215954 0.899883935289
0.0153458333333 7.21644966006e-16 1.11022302463e-16 1 0.308952328083 0.291179049699 0.899868307063
0.01535 3.33066907388e-16 5.55111512313e-17 1 0.309504575592 0.290643398781 0.899851692229
0.0153541666667 1.66533453694e-16 0 1 0.31005729319 0.290108264524 0.899834090829
0.0153583333333 5.55111512313e-17 0 0.999999999999 0.310610479519 0.289573648254 0.899815502907
0.0153625 5.55111512313e-17 0 0.999999999999 0.311164133217 0.289039551292 0.899795928511
0.0153666666667 0 0 0.999999999997 0.311718252924 0.288505974961 0.899775367692
0.0153708333333 0 0 0.999999999994 0.312272837276 0.28797292058 0.8997538205
0.015375 0 0 0.999999999986 0.312827884911 0.287440389469 0.899731286992
0.0153791666667 0 0 0.999999999967 0.313383394461 0.286908382945 0.899707767223
0.0153833333333 0 0 0.999999999924 0.313939364563 0.286376902324 0.899683261254
0.0153875 0 0 0.999999999824 0.314495793847 0.28584594892 0.899657769146
0.0153916666667 0 0 0.999999999594 0.315052680946 0.285315524047 0.899631290963
0.0153958333333 0 0 0.999999999064 0.31561002449 0.284785629017 0.899603826773
0.0154 0 0 0.999999997839 0.316167823107 0.284256265141 0.899575376644
0.0154041666667 0 0 0.999999995012 0.316726075425 0.283727433727 0.899545940648
0.0154083333333 0 0 0.999999988484 0.317284780072 0.283199136083 0.899515518859
0.0154125 0 0 0.999999973409 0.317843935673 0.282671373517 0.899484111353
0.0154166666667 0 0 0.999999938594 0.318403540852 0.282144147331 0.899451718209
0.0154208333333 0 0 0.999999858181 0.318963594232 0.281617458831 0.899418339508
0.015425 0 0 0.99999967243 0.319524094436 0.281091309318 0.899383975334
0.0154291666667 0 0 0.999999243304 0.320085040083 0.280565700092 0.899348625773
0.0154333333333 0 0 0.999998251819 0.320646429794 0.280040632454 0.899312290913
0.0154375 0 0 0.999995960772 0.321208262188 0.279516107701 0.899274970844
0.0154416666667 0 0 0.999990666245 0.321770535881 0.278992127129 0.899236665661
0.0154458333333 0 0 0.999978429559 0.32233324949 0.278468692033 0.899197375459
0.01545 0 0 0.99995014575 0.322896401629 0.277945803707 0.899157100335
0.0154541666667 0 0 0.999884767027 0.323459990913 0.277423463443 0.89911584039
0.0154583333333 0 0 0.999733644529 0.324024015954 0.276901672531 0.899073595727
0.0154625 0 0 0.999384386851 0.324588475364 0.276380432261 0.899030366452
0.0154666666667 0 0 0.99857766238 0.325153367753 0.27585974392 0.898986152671
0.0154708333333 0 0 0.996716888024 0.32571869173 0.275339608794 0.898940954494
0.015475 0 0 0.992439362992 0.326284445904 0.274820028168 0.898894772035
0.0154791666667 0 0 0.9826836577 0.32685062888 0.274301003326 0.898847605408
0.0154833333333 0 0 0.960832519802 0.327417239266 0.273782535549 0.89879945473
0.0154875 0 0 0.913817261536 0.327984275664 0.273264626118 0.898750320121
0.0154916666667 0 0 0.820870859771 0.32855173668 0.272747276311 0.898700201702
0.0154958333333 0 0 0.664463139032 0.329119620915 0.272230487406 0.898649099598
0.0155 0 0 0.461110477277 0.329687926969 0.271714260679 0.898597013937
0.0155041666667 0 0 0.269905376799 0.330256653444 0.271198597403 0.898543944846
0.0155083333333 0 0 0.137709984422 0.330825798938 0.270683498853 0.898489892458
0.0155125 0 0 0.0645317403828 0.331395362049 0.270168966299 0.898434856906
0.0155166666667 0 0 0.0289320239237 0.331965341373 0.269655001011 0.898378838327
0.0155208333333 0 0 0.0127032425986 0.332535735505 0.269141604257 0.89832183686
0.015525 0 0 0.00552525498865 0.333106543041 0.268628777305 0.898263852645
0.0155291666667 0 0 0.00239314887337 0.333677762572 0.26811652142 0.898204885827
0.0155333333333 0 0 0.00103467620646 0.334249392692 0.267604837866 0.89814493655
0.0155375 0 0 0.000447161880432 0.334821431991 0.267093727904 0.898084004964
0.0155416666667 0 0 0.000193657484559 0.335393879058 0.266583192797 0.898022091219
0.0155458333333 0 0 8.49686911686e-05 0.335966732483 0.266073233802 0.897959195468
0.01555 0 0 3.98263249781e-05 0.336539990852 0.265563852179 0.897895317867
0.0155541666667 0 0 2.43999899724e-05 0.337113652753 0.265055049182 0.897830458573
0.0155583333333 0 0 2.70084427902e-05 0.337687716771 0.264546826068 0.897764617746
0.0155625 0 0 4.92928670643e-05 0.338262181489 0.264039184088 0.89769779555
0.0155666666667 0 0 0.000107218968284 0.338837045492 0.263532124495 0.897629992149
0.0155708333333 0 0 0.000242491707196 0.33941230736 0.263025648539 0.89756120771
0.015575 0 0 0.000552493468851 0.339987965674 0.262519757469 0.897491442403
0.0155791666667 0 0 0.00125999887237 0.340564019015 0.262014452531 0.897420696401
0.0155833333333 0 0 0.00287138785357 0.341140465962 0.261509734971 0.897348969878
0.0155875 0 0 0.00652970948567 0.341717305091 0.261005606032 0.89727626301
0.0155916666667 0 0 0.0147784254276 0.342294534979 0.260502066958 0.897202575977
0.0155958333333 0 0 0.0330968027779 0.342872154201 0.25999911899 0.897127908961
0.0156 0 0 0.0724443757473 0.343450161333 0.259496763366 0.897052262146
0.0156041666667 0 0 0.151239221869 0.344028554946 0.258995001324 0.896975635718
0.0156083333333 0 0 0.289008540479 0.344607333614 0.2584938341 0.896898029865
0.0156125 0 0 0.481108341971 0.345186495907 0.25799326293 0.89681944478
0.0156166666667 0 0 0.678936819139 0.345766040396 0.257493289046 0.896739880655
0.0156208333333 0 0 0.828249862387 0.346345965648 0.25699391368 0.896659337686
0.015625 0 0 0.916640241601 0.346926270233 0.256495138061 0.896577816072
0.0156291666667 0 0 0.961643357158 0.347506952717 0.255996963419 0.896495316014
0.0156333333333 0 0 0.982804690137 0.348088011666 0.255499390979 0.896411837714
0.0156375 0 0 0.992382972533 0.348669445644 0.255002421968 0.896327381378
0.0156416666667 0 0 0.99664373088 0.349251253216 0.254506057609 0.896241947214
0.0156458333333 0 0 0.998524519853 0.349833432943 0.254010299125 0.896155535431
0.01565 0 0 0.99935196558 0.350415983388 0.253515147735 0.896068146243
0.0156541666667 0 0 0.99971548305 0.35099890311 0.253020604658 0.895979779865
0.0156583333333 0 0 0.999875095884 0.351582190671 0.252526671113 0.895890436513
0.0156625 0 0 0.999945165538 0.352165844627 0.252033348316 0.895800116407
0.0156666666667 0 0 0.999975925322 0.352749863538 0.251540637479 0.89570881977
0.0156708333333 0 0 0.999989429221 0.353334245958 0.251048539817 0.895616546825
0.015675 0 0 0.999995358084 0.353918990444 0.25055705654 0.8955232978
0.0156791666667 0 0 0.999997961394 0.35450409555 0.250066188858 0.895429072924
0.0156833333333 0 0 0.999999104603 0.35508955983 0.249575937979 0.895333872428
0.0156875 0 0 0.999999606681 0.355675381835 0.249086305109 0.895237696546
0.0156916666667 0 0 0.999999827209 0.356261560119 0.248597291453 0.895140545515
0.0156958333333 0 0 0.999999924082 0.356848093231 0.248108898215 0.895042419573
0.0157 0 0 0.999999966641 0.35743497972 0.247621126596 0.894943318961
0.0157041666667 0 0 0.99999998534 0.358022218136 0.247133977796 0.894843243923
0.0157083333333 0 0 0.999999993557 0.358609807025 0.246647453014 0.894742194704
0.0157125 0 0 0.999999997168 0.359197744935 0.246161553446 0.894640171553
0.0157166666667 0 0 0.999999998755 0.359786030411 0.245676280289 0.894537174719
0.0157208333333 0 0 0.999999999453 0.360374661999 0.245191634735 0.894433204457
0.015725 5.55111512313e-17 0 0.999999999759 0.360963638241 0.244707617977 0.894328261021
0.0157291666667 1.66533453694e-16 0 0.999999999894 0.361552957681 0.244224231206 0.894222344669
0.0157333333333 4.4408920985e-16 0 0.999999999953 0.36214261886 0.24374147561 0.894115455661
0.0157375 1.11022302463e-15 0 0.99999999998 0.36273262032 0.243259352377 0.894007594259
0.0157416666667 2.77555756156e-15 0 0.999999999991 0.363322960601 0.242777862693 0.893898760728
0.0157458333333 6.82787160144e-15 0 0.999999999996 0.363913638241 0.242297007742 0.893788955335
0.01575 1.67088565206e-14 0 0.999999999998 0.36450465178 0.241816788706 0.89367817835
0.0157541666667 4.11337630624e-14 0 0.999999999999 0.365095999753 0.241337206767 0.893566430044
0.0157583333333 1.01030295241e-13 0 1 0.365687680699 0.240858263105 0.893453710692
0.0157625 2.48245868306e-13 0 1 0.366279693152 0.240379958896 0.893340020571
0.0157666666667 6.1001204088e-13 0 1 0.366872035648 0.239902295318 0.893225359959
0.0157708333333 1.49913415015e-12 0 1 0.367464706719 0.239425273545 0.893109729138
0.015775 3.68444164067e-12 0 1 0.368057704899 0.23894889475 0.892993128391
0.0157791666667 9.0554785892e-12 0 1 0.368651028719 0.238473160105 0.892875558005
0.0157833333333 2.22571960862e-11 0 1 0.369244676712 0.237998070779 0.892757018268
0.0157875 5.47071277168e-11 0 1 0.369838647407 0.237523627941 0.892637509471
0.0157916666667 1.34472322166e-10 5.55111512313e-17 1 0.370432939334 0.237049832757 0.892517031907
0.0157958333333 3.30550142813e-10 1.11022302463e-16 1 0.371027551022 0.236576686393 0.892395585871
0.0158 8.12563460961e-10 2.22044604925e-16 1 0.371622480998 0.236104190013 0.892273171663
0.0158041666667 1.99752631103e-09 4.99600361081e-16 1 0.372217727789 0.235632344777 0.892149789581
0.0158083333333 4.91069479525e-09 1.11022302463e-15 1 0.372813289922 0.235161151847 0.892025439929
0.0158125 1.20728143038e-08 2.44249065418e-15 1 0.373409165921 0.234690612381 0.891900123012
0.0158166666667 2.96817269096e-08 5.3290705182e-15 1 0.374005354312 0.234220727536 0.891773839137
0.0158208333333 7.29767972718e-08 1.16573417586e-14 1 0.374601853617 0.233751498468 0.891646588615
0.015825 1.7943011571e-07 2.54796184151e-14 1 0.375198662361 0.233282926331 0.891518371757
0.0158291666667 4.4118492748e-07 5.56221735337e-14 1 0.375795779065 0.232815012277 0.891389188877
0.0158333333333 1.08482733302e-06 1.21458398894e-13 1 0.37639320225 0.232347757456 0.891259040294
0.0158375 2.66756420059e-06 2.65398814037e-13 1 0.376990930437 0.231881163019 0.891127926325
0.0158416666667 6.55968198066e-06 5.7981397461e-13 1 0.377588962147 0.231415230112 0.890995847293
0.0158458333333 1.61310559529e-05 1.2668754934e-12 1 0.378187295897 0.230949959881 0.890862803523
0.01585 3.96689995782e-05 2.76845213421e-12 1 0.378785930206 0.23048535347 0.890728795339
0.0158541666667 9.75526818304e-05 6.05004935039e-12 1 0.379384863593 0.230021412023 0.890593823072
0.0158583333333 0.000239885973292 1.32225341787e-11 1 0.379984094573 0.229558136681 0.890457887052
0.0158625 0.000589786174266 2.89003265763e-11 1 0.380583621662 0.229095528582 0.890320987613
0.0158666666667 0.00144936200378 6.31718566346e-11 1 0.381183443377 0.228633588865 0.890183125091
0.0158708333333 0.00355737130865 1.38094591318e-10 1 0.381783558231 0.228172318665 0.890044299824
0.015875 0.00870490533831 3.01899338861e-10 1 0.382383964739 0.227711719119 0.889904512153
0.0158791666667 0.0211435688545 6.60055010648e-10 1 0.382984661413 0.227251791358 0.889763762421
0.0158833333333 0.0504530992162 1.44321343765e-09 1 0.383585646767 0.226792536514 0.889622050973
0.0158875 0.115597250855 3.15582954213e-09 1 0.384186919312 0.226333955717 0.889479378157
0.0158916666667 0.243307982258 6.90127122116e-09 1 0.384788477559 0.225876050095 0.889335744324
0.0158958333333 0.441660782904 1.50930596354e-08 1 0.385390320019 0.225418820774 0.889191149825
0.0159 0.66056443903 3.30109612423e-08 1 0.385992445201 0.22496226888 0.889045595016
0.0159041666667 0.827223625005 7.2205751267e-08 1 0.386594851614 0.224506395537 0.888899080254
0.0159083333333 0.92175066333 1.5794947722e-07 1 0.387197537768 0.224051201865 0.888751605899
0.0159125 0.966647552602 3.45539265756e-07 1 0.387800502169 0.223596688984 0.888603172313
0.0159166666667 0.98617100031 7.55978479094e-07 1 0.388403743325 0.223142858014 0.88845377986
0.0159208333333 0.994333222123 1.65407124053e-06 1 0.389007259742 0.222689710071 0.888303428906
0.015925 0.997689255013 3.61935800619e-06 1 0.389611049927 0.222237246271 0.888152119823
0.0159291666667 0.999059654421 7.92028725516e-06 1 0.390215112383 0.221785467726 0.887999852979
0.0159333333333 0.999617654262 1.73332989749e-05 1 0.390819445617 0.221334375549 0.887846628751
0.0159375 0.999844593883 3.7935852016e-05 1 0.391424048132 0.220883970851 0.887692447513
0.0159416666667 0.999936844886 8.30311497458e-05 1 0.392028918432 0.22043425474 0.887537309646
0.0159458333333 0.999974336712 0.000181736541975 1 0.392634055018 0.219985228323 0.887381215528
0.01595 0.999989572178 0.000397764329802 1 0.393239456394 0.219536892705 0.887224165545
0.0159541666667 0.999995763002 0.000870424776474 1 0.393845121061 0.219089248991 0.887066160082
0.0159583333333 0.999998278493 0.00190382087172 1 0.39445104752 0.218642298283 0.886907199527
0.0159625 0.999999300567 0.00415931027082 1 0.395057234271 0.218196041681 0.886747284271
0.0159666666667 0.999999715835 0.00906334801412 1 0.395663679815 0.217750480284 0.886586414706
0.0159708333333 0.999999884553 0.0196369758573 1 0.39627038265 0.217305615189 0.886424591228
0.015975 0.999999953099 0.0420261786631 1 0.396877341276 0.216861447492 0.886261814235
0.0159791666667 0.999999980947 0.0876662246333 1 0.397484554191 0.216417978287 0.886098084126
0.0159833333333 0.99999999226 0.173885990022 1 0.398092019892 0.215975208667 0.885933401305
0.0159875 0.999999996856 0.315588801085 1 0.398699736876 0.215533139722 0.885767766175
0.0159916666667 0.999999998723 0.502543308515 1 0.399307703641 0.215091772541 0.885601179144
0.0159958333333 0.999999999481 0.688806086184 1 0.399915918682 0.214651108211 0.885433640622
0.016 0.999999999789 0.829061715534 1 0.400524380494 0.214211147819 0.88526515102
0.0160041666667 0.999999999914 0.914002794653 1 0.401133087574 0.213771892448 0.885095710753
0.0160083333333 0.999999999965 0.958834742978 1 0.401742038414 0.213333343181 0.884925320237
0.0160125 0.999999999986 0.980787750187 1 0.40235123151 0.212895501098 0.884753979892
0.0160166666667 0.999999999994 0.991142296457 1 0.402960665355 0.212458367279 0.884581690139
0.0160208333333 0.999999999998 0.995939627787 1 0.403570338442 0.212021942801 0.884408451402
0.016025 0.999999999999 0.998143737738 1 0.404180249264 0.21158622874 0.884234264106
0.0160291666667 1 0.999152466079 1 0.404790396312 0.21115122617 0.884059128681
0.0160333333333 1 0.9996132752 1 0.405400778079 0.210716936163 0.883883045557
0.0160375 1 0.999823597949 1 0.406011393055 0.21028335979 0.883706015168
0.0160416666667 1 0.999919550925 1 0.406622239732 0.209850498121 0.883528037949
0.0160458333333 1 0.999963315613 1 0.407233316598 0.209418352222 0.883349114339
0.01605 1 0.999983273829 1 0.407844622145 0.20898692316 0.883169244777
0.0160541666667 1 0.999992374428 1 0.408456154862 0.208556211998 0.882988429706
0.0160583333333 1 0.999996523746 1 0.409067913237 0.208126219798 0.882806669572
0.0160625 1 0.999998415418 1 0.409679895759 0.207696947622 0.882623964822
0.0160666666667 1 0.999999277758 1 0.410292100916 0.207268396529 0.882440315907
0.0160708333333 1 0.999999670833 1 0.410904527196 0.206840567575 0.882255723277
0.016075 1 0.999999849992 1 0.411517173085 0.206413461816 0.882070187388
0.0160791666667 1 0.999999931644 1 0.412130037072 0.205987080306 0.881883708697
0.0160833333333 1 0.999999968853 1 0.412743117641 0.205561424098 0.881696287664
0.0160875 1 0.999999985808 1 0.413356413279 0.205136494241 0.881507924749
0.0160916666667 1 0.999999993532 1 0.413969922472 0.204712291785 0.881318620417
0.0160958333333 1 0.999999997049 1 0.414583643704 0.204288817776 0.881128375134
0.0161 1 0.999999998643 1 0.415197575461 0.20386607326 0.88093718937
0.0161041666667 1 0.999999999351 1 0.415811716227 0.203444059281 0.880745063595
0.0161083333333 1 0.99999999963 1 0.416426064486 0.203022776879 0.880551998284
0.0161125 1 0.999999999652 1 0.417040618721 0.202602227097 0.880357993911
0.0161166666667 1 0.99999999941 1 0.417655377417 0.202182410971 0.880163050955
0.0161208333333 1 0.99999999869 1 0.418270339055 0.201763329538 0.879967169897
0.016125 1 0.999999996894 1 0.418885502118 0.201344983834 0.879770351219
0.0161291666667 1 0.999999992538 1 0.419500865088 0.200927374892 0.879572595408
0.0161333333333 1 0.999999982026 1 0.420116426448 0.200510503743 0.879373902951
0.0161375 1 0.99999995669 1 0.420732184679 0.200094371417 0.879174274337
0.0161416666667 1 0.999999895639 1 0.421348138261 0.199678978942 0.87897371006
0.0161458333333 1 0.999999748547 1 0.421964285676 0.199264327344 0.878772210613
0.01615 1 0.999999394182 1 0.422580625403 0.198850417648 0.878569776495
0.0161541666667 1 0.999998540543 1 0.423197155924 0.198437250876 0.878366408205
0.0161583333333 1 0.999996484365 1 0.423813875717 0.19802482805 0.878162106244
0.0161625 1 0.999991532036 1 0.424430783263 0.197613150187 0.877956871117
0.0161666666667 1 0.999979605395 1 0.42504787704 0.197202218307 0.87775070333
0.0161708333333 1 0.999950885669 1 0.425665155526 0.196792033424 0.877543603392
0.016175 1 0.999881737379 1 0.426282617201 0.196382596553 0.877335571815
0.0161791666667 1 0.99971528631 1 0.426900260543 0.195973908705 0.877126609111
0.0161833333333 1 0.999314778028 1 0.427518084028 0.195565970891 0.876916715798
0.0161875 1 0.998351938773 1 0.428136086136 0.195158784119 0.876705892392
0.0161916666667 1 0.996041855224 1 0.428754265342 0.194752349396 0.876494139416
0.0161958333333 1 0.990525251206 1 0.429372620124 0.194346667727 0.876281457391
0.0162 1 0.977495539251 1 0.429991148958 0.193941740115 0.876067846843
0.0162041666667 1 0.947501262773 1 0.43060985032 0.193537567561 0.8758533083
0.0162083333333 1 0.882350773789 1 0.431228722687 0.193134151065 0.875637842292
0.0162125 0.999999999999 0.757093333546 1 0.431847764534 0.192731491625 0.87542144935
0.0162166666667 0.999999999998 0.564346350964 1 0.432466974336 0.192329590235 0.875204130011
0.0162208333333 0.999999999996 0.349989883284 1 0.433086350568 0.191928447892 0.874985884809
0.016225 0.999999999991 0.182887808272 1 0.433705891706 0.191528065585 0.874766714286
0.0162291666667 0.99999999998 0.0851271730877 1 0.434325596223 0.191128444307 0.874546618983
0.0162333333333 0.999999999958 0.0372447094299 1 0.434945462593 0.190729585046 0.874325599443
0.0162375 0.999999999909 0.0158305704215 1 0.435565489292 0.190331488787 0.874103656213
0.0162416666667 0.999999999804 0.00664425646448 1 0.436185674791 0.189934156517 0.873880789841
0.0162458333333 0.999999999579 0.00277387593274 1 0.436806017565 0.189537589218 0.873657000879
0.01625 0.999999999097 0.00115552681009 1 0.437426516087 0.189141787871 0.873432289879
0.0162541666667 0.99999999806 0.000480948986299 1 0.438047168828 0.188746753456 0.873206657398
0.0162583333333 0.999999995834 0.000200116943166 1 0.438667974263 0.188352486951 0.872980103993
0.0162625 0.999999991054 8.32596470158e-05 1 0.439288930862 0.18795898933 0.872752630225
0.0162666666667 0.999999980788 3.464118833e-05 1 0.439910037098 0.187566261567 0.872524236655
0.0162708333333 0.999999958743 1.44137128749e-05 1 0.440531291443 0.187174304635 0.87229492385
0.016275 0.999999911402 5.99778740634e-06 1 0.441152692367 0.186783119504 0.872064692375
0.0162791666667 0.999999809743 2.49598187985e-06 1 0.441774238343 0.186392707141 0.871833542801
0.0162833333333 0.999999591442 1.03879114721e-06 1 0.44239592784 0.186003068513 0.871601475699
0.0162875 0.999999122679 4.32366530467e-07 1 0.443017759329 0.185614204584 0.871368491644
0.0162916666667 0.999998116105 1.79975411074e-07 1 0.443639731281 0.185226116316 0.871134591211
0.0162958333333 0.999995954731 7.49224024488e-08 1 0.444261842166 0.184838804671 0.87089977498
0.0163 0.999991313787 3.11923226137e-08 1 0.444884090453 0.184452270607 0.870664043531
0.0163041666667 0.999981348891 1.29873723442e-08 1 0.445506474613 0.18406651508 0.870427397448
0.0163083333333 0.999959953238 5.40794770076e-09 1 0.446128993113 0.183681539046 0.870189837317
0.0163125 0.999914016903 2.25206714388e-09 1 0.446751644423 0.183297343458 0.869951363724
0.0163166666667 0.999815400919 9.37924515831e-10 1 0.447374427013 0.182913929266 0.869711977261
0.0163208333333 0.99960373054 3.9065395363e-10 1 0.44799733935 0.182531297419 0.869471678519
0.016325 0.999149567069 1.62725000141e-10 1 0.448620379902 0.182149448866 0.869230468095
0.0163291666667 0.998175863471 6.77882194822e-11 1 0.449243547138 0.18176838455 0.868988346583
0.0163333333333 0.996091732507 2.82417977893e-11 1 0.449866839525 0.181388105416 0.868745314585
0.0163375 0.991646460879 1.17670873045e-11 1 0.45049025553 0.181008612405 0.868501372701
0.0163416666667 0.982235536666 4.90324447711e-12 1 0.451113793622 0.180629906456 0.868256521535
0.0163458333333 0.962622566948 2.04330996567e-12 1 0.451737452266 0.180251988507 0.868010761693
0.01635 0.923053062596 8.51596571039e-13 1 0.452361229929 0.179874859493 0.867764093785
0.0163541666667 0.848200968365 3.54938300973e-13 1 0.452985125078 0.179498520349 0.867516518419
0.0163583333333 0.72243302332 1.47937218031e-13 1 0.45360913618 0.179122972005 0.867268036211
0.0163625 0.547996136956 6.16728890179e-14 1 0.454233261699 0.178748215391 0.867018647773
0.0163666666667 0.360915025156 2.57016630201e-14 1 0.454857500101 0.178374251435 0.866768353725
0.0163708333333 0.208274981163 1.07136521876e-14 1 0.455481849853 0.178001081063 0.866517154686
0.016375 0.109164612065 4.4408920985e-15 1 0.456106309418 0.177628705199 0.866265051277
0.0163791666667 0.0540010230966 1.88737914186e-15 1 0.456730877263 0.177257124764 0.866012044123
0.0163833333333 0.025902739699 7.77156117238e-16 1 0.457355551851 0.176886340679 0.865758133851
0.0163875 0.0122358397154 3.33066907388e-16 1 0.457980331647 0.176516353861 0.865503321089
0.0163916666667 0.00573751332848 1.11022302463e-16 1 0.458605215115 0.176147165225 0.865247606468
0.0163958333333 0.00268104309527 5.55111512313e-17 1 0.459230200719 0.175778775687 0.864990990621
0.0164 0.00125077185154 0 1 0.459855286923 0.175411186157 0.864733474184
0.0164041666667 0.000583075835196 0 1 0.460480472191 0.175044397546 0.864475057794
0.0164083333333 0.000271720076106 0 1 0.461105754984 0.174678410762 0.864215742092
0.0164125 0.000126604983312 0 1 0.461731133767 0.17431322671 0.86395552772
0.0164166666667 5.8986246784e-05 0 1 0.462356607001 0.173948846294 0.863694415321
0.0164208333333 2.74814423284e-05 0 1 0.46298217315 0.173585270416 0.863432405543
0.016425 1.28034019675e-05 0 1 0.463607830675 0.173222499976 0.863169499034
0.0164291666667 5.96502360856e-06 0 1 0.464233578039 0.172860535872 0.862905696445
0.0164333333333 2.77908369012e-06 0 1 0.464859413703 0.172499378999 0.86264099843
0.0164375 1.2947756669e-06 0 1 0.465485336128 0.172139030252 0.862375405645
0.0164416666667 6.03241481212e-07 0 1 0.466111343776 0.171779490522 0.862108918746
0.0164458333333 2.81055275053e-07 0 1 0.466737435108 0.171420760698 0.861841538394
0.01645 1.30947185872e-07 0 0.999999999999 0.467363608584 0.171062841668 0.86157326525
0.0164541666667 6.10104811116e-08 0 0.999999999998 0.467989862665 0.170705734319 0.86130409998
0.0164583333333 2.8426050569e-08 0 0.999999999996 0.468616195811 0.170349439533 0.86103404325
0.0164625 1.32444012424e-08 0 0.99999999999 0.469242606482 0.169993958191 0.860763095728
0.0164666666667 6.17094664257e-09 0 0.999999999977 0.469869093138 0.169639291175 0.860491258085
0.0164708333333 2.87524487552e-09 0 0.999999999946 0.470495654238 0.16928543936 0.860218530994
0.016475 1.33968103277e-09 0 0.999999999871 0.471122288242 0.168932403622 0.859944915131
0.0164791666667 6.24210960698e-10 0 0.999999999694 0.471748993608 0.168580184834 0.859670411174
0.0164833333333 2.90847124162e-10 0 0.999999999274 0.472375768796 0.168228783869 0.859395019801
0.0164875 1.35519373501e-10 0 0.999999998278 0.473002612264 0.167878201594 0.859118741694
0.0164916666667 6.31453778155e-11 0 0.999999995914 0.47362952247 0.167528438876 0.858841577539
0.0164958333333 2.94228530429e-11 0 0.999999990304 0.474256497872 0.167179496582 0.85856352802
0.0165 1.3709755553e-11 0 0.999999976987 0.474883536929 0.166831375573 0.858284593826
0.0165041666667 6.38822328369e-12 0 0.999999945375 0.475510638098 0.166484076711 0.858004775647
0.0165083333333 2.97667446247e-12 0 0.999999870326 0.476137799836 0.166137600854 0.857724074177
0.0165125 1.38705713582e-12 0 0.999999692141 0.4767650206 0.16579194886 0.85744249011
0.0165166666667 6.46316333786e-13 0 0.999999269039 0.477392298847 0.165447121581 0.857160024144
0.0165208333333 3.0114799543e-13 0 0.999998264285 0.478019633035 0.165103119872 0.856876676976
0.016525 1.40332190313e-13 0 0.999995878032 0.478647021619 0.164759944582 0.856592449309
0.0165291666667 6.53921361504e-14 0 0.999990210243 0.479274463056 0.16441759656 0.856307341846
0.0165333333333 3.0475622026e-14 0 0.999976747041 0.479901955802 0.164076076652 0.856021355293
0.0165375 1.42108547152e-14 0 0.999944764422 0.480529498312 0.163735385702 0.855734490357
0.0165416666667 6.60582699652e-15 0 0.999868785202 0.481157089042 0.163395524551 0.855446747748
0.0165458333333 3.05311331772e-15 0 0.999688295085 0.481784726448 0.163056494041 0.855158128179
0.01655 1.44328993201e-15 0 0.999259646872 0.482412408984 0.162718295008 0.854868632362
0.0165541666667 6.66133814775e-16 0 0.998242398748 0.483040135106 0.162380928288 0.854578261016
0.0165583333333 3.33066907388e-16 0 0.995832872461 0.483667903269 0.162044394715 0.854287014858
0.0165625 1.66533453694e-16 0 0.990151722943 0.484295711926 0.16170869512 0.853994894608
0.0165666666667 5.55111512313e-17 0 0.976902755633 0.484923559532 0.161373830333 0.85370190099
0.0165708333333 0 0 0.94678284514 0.485551444541 0.16103980118 0.853408034727
0.016575 0 0 0.882114414104 0.486179365407 0.160706608486 0.853113296548
0.0165791666667 0 0 0.758857997971 0.486807320583 0.160374253075 0.85281768718
0.0165833333333 0 0 0.569583837748 0.487435308524 0.160042735768 0.852521207356
0.0165875 0 0 0.35750297918 0.488063327681 0.159712057382 0.852223857807
0.0165916666667 0 0 0.189588384952 0.48869137651 0.159382218735 0.851925639271
0.0165958333333 0 0 0.0895410271183 0.489319453461 0.159053220641 0.851626552483
0.0166 0 0 0.0396992862107 0.489947556988 0.158725063911 0.851326598184
0.0166041666667 0 0 0.0170791370896 0.490575685543 0.158397749357 0.851025777115
0.0166083333333 0 0 0.00724965845216 0.491203837579 0.158071277786 0.85072409002
0.0166125 0 0 0.00305939222699 0.491832011547 0.157745650004 0.850421537645
0.0166166666667 0 0 0.00128781319751 0.4924602059 0.157420866814 0.850118120737
0.0166208333333 0 0 0.000541479803322 0.493088419089 0.157096929018 0.849813840046
0.016625 0 0 0.000227552695185 0.493716649566 0.156773837416 0.849508696326
0.0166291666667 0 0 9.56007070844e-05 0.494344895782 0.156451592804 0.849202690328
0.0166333333333 0 0 4.01574267055e-05 0.494973156188 0.156130195979 0.848895822811
0.0166375 0 0 1.68662133868e-05 0.495601429235 0.155809647731 0.848588094532
0.0166416666667 0 0 7.08328810334e-06 0.496229713375 0.155489948853 0.848279506252
0.0166458333333 0 0 2.97493143059e-06 0.496858007057 0.155171100133 0.847970058732
0.01665 0 0 1.25037376758e-06 0.497486308733 0.154853102357 0.847659752738
0.0166541666667 0 0 5.27809306761e-07 0.498114616852 0.15453595631 0.847348589036
0.0166583333333 0 0 2.27937213659e-07 0.498742929865 0.154219662774 0.847036568395
0.0166625 0 0 1.09829433215e-07 0.499371246221 0.153904222528 0.846723691584
0.0166666666667 0 0 7.7546314925e-08 0.499999564372 0.15358963635 0.846409959378
