=== Building Enzyme v0.0.206 ===
--2026-07-07 15:21:14--  https://github.com/EnzymeAD/Enzyme/archive/refs/tags/v0.0.206.tar.gz
Resolving github.com (github.com)... 140.82.114.3
Connecting to github.com (github.com)|140.82.114.3|:443... connected.
HTTP request sent, awaiting response... 302 Found
Location: https://codeload.github.com/EnzymeAD/Enzyme/tar.gz/refs/tags/v0.0.206 [following]
--2026-07-07 15:21:14--  https://codeload.github.com/EnzymeAD/Enzyme/tar.gz/refs/tags/v0.0.206
Resolving codeload.github.com (codeload.github.com)... 140.82.113.9
Connecting to codeload.github.com (codeload.github.com)|140.82.113.9|:443... connected.
HTTP request sent, awaiting response... 200 OK
Length: unspecified [application/x-gzip]
Saving to: ‘v0.0.206.tar.gz’

     0K .......... .......... .......... .......... ..........  699K
    50K .......... .......... .......... .......... .......... 1.33M
   100K .......... .......... .......... .......... .......... 1.34M
   150K .......... .......... .......... .......... ..........  209M
   200K .......... .......... .......... .......... .......... 1.36M
   250K .......... .......... .......... .......... ..........  173M
   300K .......... .......... .......... .......... ..........  206M
   350K .......... .......... .......... .......... ..........  205M
   400K .......... .......... .......... .......... ..........  197M
   450K .......... .......... .......... .......... .......... 1.37M
   500K .......... .......... .......... .......... ..........  184M
   550K .......... .......... .......... .......... ..........  253M
   600K .......... .......... .......... .......... ..........  439M
   650K .......... .......... .......... .......... ..........  399M
   700K .......... .......... .......... .......... ..........  389M
   750K .......... .......... .......... .......... ..........  344M
   800K .......... .......... .......... .......... ..........  383M
   850K .......... .......... .......... .......... ..........  396M
   900K .......... .......... .......... .......... .......... 1.39M
   950K .......... .......... .......... .......... ..........  254M
  1000K .......... .......... .......... .......... ..........  400M
  1050K .......... .......... .......... .......... ..........  403M
  1100K .......... .......... .......... .......... ..........  427M
  1150K .......... .......... .......... .......... ..........  316M
  1200K .......... .......... .......... .......... ..........  375M
  1250K .......... .......... .......... .......... ..........  293M
  1300K .......... .......... .......... .......... ..........  207M
  1350K .......... .......... .......... .......... ..........  211M
  1400K .......... .......... .......... .......... ..........  264M
  1450K .......... .......... .......... .......... ..........  361M
  1500K .......... .......... .......... .......... .......... 2.07M
  1550K .......... .......... .......... .......... ..........  304M
  1600K .......... .......... .......... .......... ..........  402M
  1650K .......... .......... .......... .......... ..........  303M
  1700K .......... .......... .......... .......... ..........  198M
  1750K .......... .......... .......... .......... ..........  205M
  1800K .......... .......... ..                                208M=0.3s

2026-07-07 15:21:15 (6.36 MB/s) - ‘v0.0.206.tar.gz’ saved [1866295]

-- The C compiler identification is Clang 16.0.6
-- The CXX compiler identification is Clang 16.0.6
-- Detecting C compiler ABI info
-- Detecting C compiler ABI info - done
-- Check for working C compiler: /nopt/nrel/apps/cpu_stack/software/gridkit/llvm/16.0.6/bin/clang - skipped
-- Detecting C compile features
-- Detecting C compile features - done
-- Detecting CXX compiler ABI info
-- Detecting CXX compiler ABI info - done
-- Check for working CXX compiler: /nopt/nrel/apps/cpu_stack/software/gridkit/llvm/16.0.6/bin/clang++ - skipped
-- Detecting CXX compile features
-- Detecting CXX compile features - done
LLVM_SHLIBEXT=.so
LLVM ABS DIR /nopt/nrel/apps/cpu_stack/software/gridkit/llvm/16.0.6/lib/cmake/llvm
CMAKE_PREFIX_PATH 
-- Performing Test Terminfo_LINKABLE
-- Performing Test Terminfo_LINKABLE - Success
-- Found Terminfo: /usr/lib64/libtinfo.so
-- Found ZLIB: /usr/lib64/libz.so (found version "1.2.11")
-- Found zstd: /usr/lib64/libzstd.so
-- Found LibXml2: /usr/lib64/libxml2.so (found version "2.9.7")
found llvm match  dir /nopt/nrel/apps/cpu_stack/software/gridkit/llvm/16.0.6/lib/cmake/llvm
found llvm lit /nopt/nrel/apps/cpu_stack/software/gridkit/src/Enzyme-0.0.206/enzyme/build/lit
LLVM dir /nopt/nrel/apps/cpu_stack/software/gridkit/llvm/16.0.6/lib/cmake/llvm
clang dir from llvm /nopt/nrel/apps/cpu_stack/software/gridkit/llvm/16.0.6/lib/cmake/llvm/../clang
-- Linker detection: GNU ld
clang dir /nopt/nrel/apps/cpu_stack/software/gridkit/llvm/16.0.6/lib/cmake/llvm/../clang
mlir dir 
clang inc dir /nopt/nrel/apps/cpu_stack/software/gridkit/llvm/16.0.6/include
found Clang 1
found MLIR 0
LLVM_INSTALL_PREFIX: /nopt/nrel/apps/cpu_stack/software/gridkit/llvm/16.0.6
LLVM_INCLUDE_DIRS: /nopt/nrel/apps/cpu_stack/software/gridkit/llvm/16.0.6/include
found LLVM definitions -D_GNU_SOURCE -D__STDC_CONSTANT_MACROS -D__STDC_FORMAT_MACROS -D__STDC_LIMIT_MACROS
found LLVM version 16
first llvm include directory/nopt/nrel/apps/cpu_stack/software/gridkit/llvm/16.0.6/include
-- Looking for mpfr.h
-- Looking for mpfr.h - found
MPFR lib: /usr/lib64/libmpfr.so
MPFR header: 1
CMake Warning at /nopt/nrel/apps/cpu_stack/software/gridkit/llvm/16.0.6/lib/cmake/llvm/AddLLVM.cmake:1846 (message):
  LLVM_EXTERNAL_LIT set to
  /nopt/nrel/apps/cpu_stack/software/gridkit/src/Enzyme-0.0.206/enzyme/build/lit,
  but the path does not exist.
Call Stack (most recent call first):
  /nopt/nrel/apps/cpu_stack/software/gridkit/llvm/16.0.6/lib/cmake/llvm/AddLLVM.cmake:1891 (get_llvm_lit_path)
  /nopt/nrel/apps/cpu_stack/software/gridkit/llvm/16.0.6/lib/cmake/llvm/AddLLVM.cmake:1981 (add_lit_target)
  test/ActivityAnalysis/CMakeLists.txt:2 (add_lit_testsuite)


-- Configuring done (4.6s)
-- Generating done (0.5s)
-- Build files have been written to: /nopt/nrel/apps/cpu_stack/software/gridkit/src/Enzyme-0.0.206/enzyme/build
[  2%] Building CXX object tools/enzyme-tblgen/CMakeFiles/obj.enzyme-tblgen.dir/blas-tblgen.cpp.o
[  2%] Bundling includes
[  2%] Building CXX object tools/enzyme-tblgen/CMakeFiles/obj.enzyme-tblgen.dir/datastructures.cpp.o
[  4%] Built target intrinsics_gen
[  4%] Building CXX object tools/enzyme-tblgen/CMakeFiles/obj.enzyme-tblgen.dir/enzyme-tblgen.cpp.o
[  4%] Building CXX object tools/enzyme-tblgen/CMakeFiles/obj.enzyme-tblgen.dir/caching.cpp.o

/nopt/nrel/apps/cpu_stack/software/gridkit/src/Enzyme-0.0.206/enzyme/build/Enzyme/Clang/bundled_includes.h
/nopt/nrel/apps/cpu_stack/software/gridkit/src/Enzyme-0.0.206/enzyme/include/enzyme/../enzyme/type_traits
/enzymeroot//enzyme/type_traits
/nopt/nrel/apps/cpu_stack/software/gridkit/src/Enzyme-0.0.206/enzyme/include/enzyme/../enzyme/enzyme
/enzymeroot//enzyme/enzyme
/nopt/nrel/apps/cpu_stack/software/gridkit/src/Enzyme-0.0.206/enzyme/include/enzyme/../enzyme/fprt/flops.def
/enzymeroot//enzyme/fprt/flops.def
/nopt/nrel/apps/cpu_stack/software/gridkit/src/Enzyme-0.0.206/enzyme/include/enzyme/../enzyme/fprt/mpfr.h
/enzymeroot//enzyme/fprt/mpfr.h
/nopt/nrel/apps/cpu_stack/software/gridkit/src/Enzyme-0.0.206/enzyme/include/enzyme/../enzyme/utils
/enzymeroot//enzyme/utils
/nopt/nrel/apps/cpu_stack/software/gridkit/src/Enzyme-0.0.206/enzyme/include/enzyme/../enzyme/tuple
/enzymeroot//enzyme/tuple
[  4%] Built target bundled_includes_target
[  4%] Built target obj.enzyme-tblgen
[  4%] Linking CXX executable enzyme-tblgen
[  4%] Built target enzyme-tblgen
[  4%] Building BinopDerivatives.inc...
[  5%] Building BlasDerivatives.inc...
[  5%] Building BlasAttributor.inc...
[  8%] Building BlasTA.inc...
[  8%] Building BlasDiffUse.inc...
[  8%] Building IntrinsicDerivatives.inc...
[ 10%] Building CallDerivatives.inc...
[ 10%] Building InstructionDerivatives.inc...
[ 10%] Built target BinopDerivativesIncGen
[ 15%] Built target IntrinsicDerivativesIncGen
[ 21%] Built target CallDerivativesIncGen
[ 27%] Built target InstructionDerivativesIncGen
[ 31%] Built target BlasDerivativesIncGen
[ 37%] Built target BlasDeclarationsIncGen
[ 43%] Built target BlasTAIncGen
[ 49%] Built target BlasDiffUseIncGen
[ 49%] Building CXX object Enzyme/CMakeFiles/LLVMEnzyme-16.dir/ActivityAnalysis.cpp.o
[ 50%] Building CXX object Enzyme/CMakeFiles/LLVMEnzyme-16.dir/ActivityAnalysisPrinter.cpp.o
[ 50%] Building CXX object Enzyme/CMakeFiles/LLVMEnzyme-16.dir/CApi.cpp.o
[ 52%] Building CXX object Enzyme/CMakeFiles/LLVMEnzyme-16.dir/CacheUtility.cpp.o
[ 52%] Building CXX object Enzyme/CMakeFiles/LLVMEnzyme-16.dir/CallDerivatives.cpp.o
[ 52%] Building CXX object Enzyme/CMakeFiles/LLDEnzyme-16.dir/ActivityAnalysis.cpp.o
[ 53%] Building CXX object Enzyme/CMakeFiles/LLVMEnzyme-16.dir/DiffeGradientUtils.cpp.o
[ 55%] Building CXX object Enzyme/CMakeFiles/LLVMEnzyme-16.dir/DifferentialUseAnalysis.cpp.o
[ 55%] Building CXX object Enzyme/CMakeFiles/LLDEnzyme-16.dir/ActivityAnalysisPrinter.cpp.o
[ 55%] Building CXX object Enzyme/CMakeFiles/LLDEnzyme-16.dir/CApi.cpp.o
[ 56%] Building CXX object Enzyme/CMakeFiles/LLVMEnzyme-16.dir/Enzyme.cpp.o
[ 56%] Building CXX object Enzyme/CMakeFiles/ClangEnzyme-16.dir/ActivityAnalysis.cpp.o
[ 56%] Building CXX object Enzyme/CMakeFiles/LLVMEnzyme-16.dir/EnzymeLogic.cpp.o
[ 59%] Building CXX object Enzyme/CMakeFiles/ClangEnzyme-16.dir/ActivityAnalysisPrinter.cpp.o
[ 59%] Building CXX object Enzyme/CMakeFiles/LLDEnzyme-16.dir/CacheUtility.cpp.o
[ 59%] Building CXX object Enzyme/CMakeFiles/ClangEnzyme-16.dir/CApi.cpp.o
[ 60%] Building CXX object Enzyme/CMakeFiles/LLVMEnzyme-16.dir/FunctionUtils.cpp.o
[ 60%] Building CXX object Enzyme/CMakeFiles/LLVMEnzyme-16.dir/GradientUtils.cpp.o
[ 60%] Building CXX object Enzyme/CMakeFiles/LLDEnzyme-16.dir/CallDerivatives.cpp.o
[ 65%] Building CXX object Enzyme/CMakeFiles/LLDEnzyme-16.dir/DiffeGradientUtils.cpp.o
[ 65%] Building CXX object Enzyme/CMakeFiles/ClangEnzyme-16.dir/CacheUtility.cpp.o
[ 65%] Building CXX object Enzyme/CMakeFiles/ClangEnzyme-16.dir/CallDerivatives.cpp.o
[ 65%] Building CXX object Enzyme/CMakeFiles/LLDEnzyme-16.dir/DifferentialUseAnalysis.cpp.o
[ 65%] Building CXX object Enzyme/CMakeFiles/LLVMEnzyme-16.dir/InstructionBatcher.cpp.o
[ 66%] Building CXX object Enzyme/CMakeFiles/LLDEnzyme-16.dir/Enzyme.cpp.o
[ 66%] Building CXX object Enzyme/CMakeFiles/LLDEnzyme-16.dir/EnzymeLogic.cpp.o
[ 66%] Building CXX object Enzyme/CMakeFiles/LLVMEnzyme-16.dir/JLInstSimplify.cpp.o
[ 68%] Building CXX object Enzyme/CMakeFiles/ClangEnzyme-16.dir/DifferentialUseAnalysis.cpp.o
[ 68%] Building CXX object Enzyme/CMakeFiles/LLVMEnzyme-16.dir/MustExitScalarEvolution.cpp.o
[ 72%] Building CXX object Enzyme/CMakeFiles/LLDEnzyme-16.dir/GradientUtils.cpp.o
[ 72%] Building CXX object Enzyme/CMakeFiles/LLDEnzyme-16.dir/FunctionUtils.cpp.o
[ 72%] Building CXX object Enzyme/CMakeFiles/LLVMEnzyme-16.dir/PreserveNVVM.cpp.o
[ 72%] Building CXX object Enzyme/CMakeFiles/ClangEnzyme-16.dir/Enzyme.cpp.o
[ 72%] Building CXX object Enzyme/CMakeFiles/LLVMEnzyme-16.dir/TraceGenerator.cpp.o
[ 76%] Building CXX object Enzyme/CMakeFiles/ClangEnzyme-16.dir/EnzymeLogic.cpp.o
[ 76%] Building CXX object Enzyme/CMakeFiles/ClangEnzyme-16.dir/FunctionUtils.cpp.o
[ 76%] Building CXX object Enzyme/CMakeFiles/ClangEnzyme-16.dir/DiffeGradientUtils.cpp.o
[ 76%] Building CXX object Enzyme/CMakeFiles/LLDEnzyme-16.dir/InstructionBatcher.cpp.o
[ 76%] Building CXX object Enzyme/CMakeFiles/LLVMEnzyme-16.dir/TraceInterface.cpp.o
[ 76%] Building CXX object Enzyme/CMakeFiles/LLVMEnzyme-16.dir/Utils.cpp.o
[ 78%] Building CXX object Enzyme/CMakeFiles/LLDEnzyme-16.dir/JLInstSimplify.cpp.o
[ 78%] Building CXX object Enzyme/CMakeFiles/LLVMEnzyme-16.dir/TraceUtils.cpp.o
[ 84%] Building CXX object Enzyme/CMakeFiles/LLVMEnzyme-16.dir/TypeAnalysis/TypeTree.cpp.o
[ 84%] Building CXX object Enzyme/CMakeFiles/LLDEnzyme-16.dir/TraceGenerator.cpp.o
[ 84%] Building CXX object Enzyme/CMakeFiles/LLDEnzyme-16.dir/MustExitScalarEvolution.cpp.o
[ 84%] Building CXX object Enzyme/CMakeFiles/ClangEnzyme-16.dir/GradientUtils.cpp.o
[ 84%] Building CXX object Enzyme/CMakeFiles/ClangEnzyme-16.dir/InstructionBatcher.cpp.o
[ 84%] Building CXX object Enzyme/CMakeFiles/LLVMEnzyme-16.dir/TypeAnalysis/TypeAnalysisPrinter.cpp.o
[ 84%] Building CXX object Enzyme/CMakeFiles/LLDEnzyme-16.dir/PreserveNVVM.cpp.o
[ 85%] Building CXX object Enzyme/CMakeFiles/ClangEnzyme-16.dir/PreserveNVVM.cpp.o
[ 86%] Building CXX object Enzyme/CMakeFiles/LLDEnzyme-16.dir/Utils.cpp.o
[ 88%] Building CXX object Enzyme/CMakeFiles/LLVMEnzyme-16.dir/TypeAnalysis/RustDebugInfo.cpp.o
[ 89%] Building CXX object Enzyme/CMakeFiles/ClangEnzyme-16.dir/Utils.cpp.o
[ 88%] Building CXX object Enzyme/CMakeFiles/ClangEnzyme-16.dir/TypeAnalysis/TypeAnalysisPrinter.cpp.o
[ 88%] Building CXX object Enzyme/CMakeFiles/LLDEnzyme-16.dir/TypeAnalysis/TypeAnalysis.cpp.o
[ 88%] Building CXX object Enzyme/CMakeFiles/LLVMEnzyme-16.dir/TypeAnalysis/TypeAnalysis.cpp.o
[ 88%] Building CXX object Enzyme/CMakeFiles/ClangEnzyme-16.dir/JLInstSimplify.cpp.o
[ 88%] Building CXX object Enzyme/CMakeFiles/LLDEnzyme-16.dir/TraceInterface.cpp.o
[ 88%] Building CXX object Enzyme/CMakeFiles/ClangEnzyme-16.dir/MustExitScalarEvolution.cpp.o
[ 88%] Building CXX object Enzyme/CMakeFiles/ClangEnzyme-16.dir/TraceInterface.cpp.o
[ 92%] Building CXX object Enzyme/CMakeFiles/ClangEnzyme-16.dir/TraceGenerator.cpp.o
[ 88%] Building CXX object Enzyme/CMakeFiles/LLDEnzyme-16.dir/TypeAnalysis/RustDebugInfo.cpp.o
[ 92%] Building CXX object Enzyme/CMakeFiles/LLDEnzyme-16.dir/Clang/EnzymePassLoader.cpp.o
[ 92%] Building CXX object Enzyme/CMakeFiles/ClangEnzyme-16.dir/Clang/EnzymeClang.cpp.o
[ 92%] Building CXX object Enzyme/CMakeFiles/LLDEnzyme-16.dir/TraceUtils.cpp.o
[ 92%] Building CXX object Enzyme/CMakeFiles/ClangEnzyme-16.dir/TypeAnalysis/TypeTree.cpp.o
[ 98%] Building CXX object Enzyme/CMakeFiles/ClangEnzyme-16.dir/TypeAnalysis/TypeAnalysis.cpp.o
[ 98%] Building CXX object Enzyme/CMakeFiles/LLDEnzyme-16.dir/TypeAnalysis/TypeTree.cpp.o
[ 98%] Building CXX object Enzyme/CMakeFiles/ClangEnzyme-16.dir/TypeAnalysis/RustDebugInfo.cpp.o
[ 98%] Building CXX object Enzyme/CMakeFiles/ClangEnzyme-16.dir/Clang/EnzymePassLoader.cpp.o
[ 98%] Building CXX object Enzyme/CMakeFiles/ClangEnzyme-16.dir/TraceUtils.cpp.o
[ 98%] Building CXX object Enzyme/CMakeFiles/LLDEnzyme-16.dir/TypeAnalysis/TypeAnalysisPrinter.cpp.o
In file included from /nopt/nrel/apps/cpu_stack/software/gridkit/src/Enzyme-0.0.206/enzyme/Enzyme/CacheUtility.cpp:27:
In file included from /nopt/nrel/apps/cpu_stack/software/gridkit/src/Enzyme-0.0.206/enzyme/Enzyme/CacheUtility.h:52:
In file included from /nopt/nrel/apps/cpu_stack/software/gridkit/src/Enzyme-0.0.206/enzyme/Enzyme/FunctionUtils.h:43:
/nopt/nrel/apps/cpu_stack/software/gridkit/src/Enzyme-0.0.206/enzyme/Enzyme/Utils.h:532:27: warning: 'getPointerElementType' is deprecated: Deprecated without replacement, see https://llvm.org/docs/OpaquePointers.html for context and migration instructions [-Wdeprecated-declarations]
    switch (whatType(arg->getPointerElementType(), mode, integersAreConstant,
                          ^
In file included from /nopt/nrel/apps/cpu_stack/software/gridkit/src/Enzyme-0.0.206/enzyme/Enzyme/CApi.cpp:35:
In file included from /nopt/nrel/apps/cpu_stack/software/gridkit/src/Enzyme-0.0.206/enzyme/Enzyme/DiffeGradientUtils.h:31:
In file included from /nopt/nrel/apps/cpu_stack/software/gridkit/src/Enzyme-0.0.206/enzyme/Enzyme/GradientUtils.h:68:
In file included from /nopt/nrel/apps/cpu_stack/software/gridkit/src/Enzyme-0.0.206/enzyme/Enzyme/ActivityAnalysis.h:49:
In file included from /nopt/nrel/apps/cpu_stack/software/gridkit/src/Enzyme-0.0.206/enzyme/Enzyme/TypeAnalysis/TypeAnalysis.h:56:
/nopt/nrel/apps/cpu_stack/software/gridkit/src/Enzyme-0.0.206/enzyme/Enzyme/TypeAnalysis/../Utils.h:532:27: warning: 'getPointerElementType' is deprecated: Deprecated without replacement, see https://llvm.org/docs/OpaquePointers.html for context and migration instructions [-Wdeprecated-declarations]
/nopt/nrel/apps/cpu_stack/software/gridkit/llvm/16.0.6/include/llvm/IR/Type.h:406    switch (whatType(arg->getPointerElementType(), mode, integersAreConstant,
                          ^
/nopt/nrel/apps/cpu_stack/software/gridkit/llvm/16.0.6/include/llvm/IR/Type.h:406:5: note: 'getPointerElementType' has been explicitly marked deprecated here
  [[deprecated("Deprecated without replacement, see "
    ^
:5: note: 'getPointerElementType' has been explicitly marked deprecated here
  [[deprecated("Deprecated without replacement, see "
    ^
In file included from /nopt/nrel/apps/cpu_stack/software/gridkit/src/Enzyme-0.0.206/enzyme/Enzyme/ActivityAnalysis.cpp:55:
In file included from /nopt/nrel/apps/cpu_stack/software/gridkit/src/Enzyme-0.0.206/enzyme/Enzyme/ActivityAnalysis.h:49:
In file included from /nopt/nrel/apps/cpu_stack/software/gridkit/src/Enzyme-0.0.206/enzyme/Enzyme/TypeAnalysis/TypeAnalysis.h:56:
/nopt/nrel/apps/cpu_stack/software/gridkit/src/Enzyme-0.0.206/enzyme/Enzyme/TypeAnalysis/../Utils.h:532:27: warning: 'getPointerElementType' is deprecated: Deprecated without replacement, see https://llvm.org/docs/OpaquePointers.html for context and migration instructions [-Wdeprecated-declarations]
    switch (whatType(arg->getPointerElementType(), mode, integersAreConstant,
                          ^
/nopt/nrel/apps/cpu_stack/software/gridkit/llvm/16.0.6/include/llvm/IR/Type.h:406:5: note: 'getPointerElementType' has been explicitly marked deprecated here
  [[deprecated("Deprecated without replacement, see "
    ^
In file included from /nopt/nrel/apps/cpu_stack/software/gridkit/src/Enzyme-0.0.206/enzyme/Enzyme/ActivityAnalysisPrinter.cpp:51:
In file included from /nopt/nrel/apps/cpu_stack/software/gridkit/src/Enzyme-0.0.206/enzyme/Enzyme/ActivityAnalysis.h:49:
In file included from /nopt/nrel/apps/cpu_stack/software/gridkit/src/Enzyme-0.0.206/enzyme/Enzyme/TypeAnalysis/TypeAnalysis.h:56:
/nopt/nrel/apps/cpu_stack/software/gridkit/src/Enzyme-0.0.206/enzyme/Enzyme/TypeAnalysis/../Utils.h:532:27: warning: 'getPointerElementType' is deprecated: Deprecated without replacement, see https://llvm.org/docs/OpaquePointers.html for context and migration instructions [-Wdeprecated-declarations]
    switch (whatType(arg->getPointerElementType(), mode, integersAreConstant,
                          ^
/nopt/nrel/apps/cpu_stack/software/gridkit/llvm/16.0.6/include/llvm/IR/Type.h:406:5: note: 'getPointerElementType' has been explicitly marked deprecated here
  [[deprecated("Deprecated without replacement, see "
    ^
In file included from /nopt/nrel/apps/cpu_stack/software/gridkit/src/Enzyme-0.0.206/enzyme/Enzyme/JLInstSimplify.cpp:52:
In file included from /nopt/nrel/apps/cpu_stack/software/gridkit/src/Enzyme-0.0.206/enzyme/Enzyme/LibraryFuncs.h:33:
/nopt/nrel/apps/cpu_stack/software/gridkit/src/Enzyme-0.0.206/enzyme/Enzyme/Utils.h:532:27: warning: 'getPointerElementType' is deprecated: Deprecated without replacement, see https://llvm.org/docs/OpaquePointers.html for context and migration instructions [-Wdeprecated-declarations]
    switch (whatType(arg->getPointerElementType(), mode, integersAreConstant,
                          ^
/nopt/nrel/apps/cpu_stack/software/gridkit/llvm/16.0.6/include/llvm/IR/Type.h:406:5: note: 'getPointerElementType' has been explicitly marked deprecated here
  [[deprecated("Deprecated without replacement, see "
    ^
In file included from /nopt/nrel/apps/cpu_stack/software/gridkit/src/Enzyme-0.0.206/enzyme/Enzyme/ActivityAnalysis.cpp:55:
In file included from /nopt/nrel/apps/cpu_stack/software/gridkit/src/Enzyme-0.0.206/enzyme/Enzyme/ActivityAnalysis.h:49:
In file included from /nopt/nrel/apps/cpu_stack/software/gridkit/src/Enzyme-0.0.206/enzyme/Enzyme/TypeAnalysis/TypeAnalysis.h:56:
/nopt/nrel/apps/cpu_stack/software/gridkit/src/Enzyme-0.0.206/enzyme/Enzyme/TypeAnalysis/../Utils.h:532:27: warning: 'getPointerElementType' is deprecated: Deprecated without replacement, see https://llvm.org/docs/OpaquePointers.html for context and migration instructions [-Wdeprecated-declarations]
    switch (whatType(arg->getPointerElementType(), mode, integersAreConstant,
                          ^
/nopt/nrel/apps/cpu_stack/software/gridkit/llvm/16.0.6/include/llvm/IR/Type.h:406:5: note: 'getPointerElementType' has been explicitly marked deprecated here
  [[deprecated("Deprecated without replacement, see "
    ^
/nopt/nrel/apps/cpu_stack/software/gridkit/src/Enzyme-0.0.206/enzyme/Enzyme/CacheUtility.cpp:1392:47: warning: 'getPointerElementType' is deprecated: Deprecated without replacement, see https://llvm.org/docs/OpaquePointers.html for context and migration instructions [-Wdeprecated-declarations]
    if (tostore->getType() != loc->getType()->getPointerElementType()) {
                                              ^
/nopt/nrel/apps/cpu_stack/software/gridkit/llvm/16.0.6/include/llvm/IR/Type.h:406:5: note: 'getPointerElementType' has been explicitly marked deprecated here
  [[deprecated("Deprecated without replacement, see "
    ^
/nopt/nrel/apps/cpu_stack/software/gridkit/src/Enzyme-0.0.206/enzyme/Enzyme/CacheUtility.cpp:1397:50: warning: 'getPointerElementType' is deprecated: Deprecated without replacement, see https://llvm.org/docs/OpaquePointers.html for context and migration instructions [-Wdeprecated-declarations]
    assert(tostore->getType() == loc->getType()->getPointerElementType());
                                                 ^
/nopt/nrel/apps/cpu_stack/software/gridkit/llvm/16.0.6/include/llvm/IR/Type.h:406:5: note: 'getPointerElementType' has been explicitly marked deprecated here
  [[deprecated("Deprecated without replacement, see "
    ^
In file included from /nopt/nrel/apps/cpu_stack/software/gridkit/src/Enzyme-0.0.206/enzyme/Enzyme/TraceUtils.cpp:27:
In file included from /nopt/nrel/apps/cpu_stack/software/gridkit/src/Enzyme-0.0.206/enzyme/Enzyme/TraceUtils.h:41:
/nopt/nrel/apps/cpu_stack/software/gridkit/src/Enzyme-0.0.206/enzyme/Enzyme/Utils.h:532:27: warning: 'getPointerElementType' is deprecated: Deprecated without replacement, see https://llvm.org/docs/OpaquePointers.html for context and migration instructions [-Wdeprecated-declarations]
    switch (whatType(arg->getPointerElementType(), mode, integersAreConstant,
                          ^
/nopt/nrel/apps/cpu_stack/software/gridkit/llvm/16.0.6/include/llvm/IR/Type.h:406:5: note: 'getPointerElementType' has been explicitly marked deprecated here
  [[deprecated("Deprecated without replacement, see "
    ^
In file included from /nopt/nrel/apps/cpu_stack/software/gridkit/src/Enzyme-0.0.206/enzyme/Enzyme/DiffeGradientUtils.cpp:30:
In file included from /nopt/nrel/apps/cpu_stack/software/gridkit/src/Enzyme-0.0.206/enzyme/Enzyme/DiffeGradientUtils.h:31:
In file included from /nopt/nrel/apps/cpu_stack/software/gridkit/src/Enzyme-0.0.206/enzyme/Enzyme/GradientUtils.h:68:
In file included from /nopt/nrel/apps/cpu_stack/software/gridkit/src/Enzyme-0.0.206/enzyme/Enzyme/ActivityAnalysis.h:49:
In file included from /nopt/nrel/apps/cpu_stack/software/gridkit/src/Enzyme-0.0.206/enzyme/Enzyme/TypeAnalysis/TypeAnalysis.h:56:
/nopt/nrel/apps/cpu_stack/software/gridkit/src/Enzyme-0.0.206/enzyme/Enzyme/TypeAnalysis/../Utils.h:532:27: warning: 'getPointerElementType' is deprecated: Deprecated without replacement, see https://llvm.org/docs/OpaquePointers.html for context and migration instructions [-Wdeprecated-declarations]
    switch (whatType(arg->getPointerElementType(), mode, integersAreConstant,
                          ^
/nopt/nrel/apps/cpu_stack/software/gridkit/llvm/16.0.6/include/llvm/IR/Type.h:406:5: note: 'getPointerElementType' has been explicitly marked deprecated here
  [[deprecated("Deprecated without replacement, see "
    ^
In file included from /nopt/nrel/apps/cpu_stack/software/gridkit/src/Enzyme-0.0.206/enzyme/Enzyme/TypeAnalysis/TypeTree.cpp:36:
In file included from /nopt/nrel/apps/cpu_stack/software/gridkit/src/Enzyme-0.0.206/enzyme/Enzyme/TypeAnalysis/TypeTree.h:41:
/nopt/nrel/apps/cpu_stack/software/gridkit/src/Enzyme-0.0.206/enzyme/Enzyme/TypeAnalysis/../Utils.h:532:27: warning: 'getPointerElementType' is deprecated: Deprecated without replacement, see https://llvm.org/docs/OpaquePointers.html for context and migration instructions [-Wdeprecated-declarations]
    switch (whatType(arg->getPointerElementType(), mode, integersAreConstant,
                          ^
/nopt/nrel/apps/cpu_stack/software/gridkit/llvm/16.0.6/include/llvm/IR/Type.h:406:5: note: 'getPointerElementType' has been explicitly marked deprecated here
  [[deprecated("Deprecated without replacement, see "
    ^
In file included from /nopt/nrel/apps/cpu_stack/software/gridkit/src/Enzyme-0.0.206/enzyme/Enzyme/DifferentialUseAnalysis.cpp:32:
In file included from /nopt/nrel/apps/cpu_stack/software/gridkit/src/Enzyme-0.0.206/enzyme/Enzyme/DifferentialUseAnalysis.h:43:
In file included from /nopt/nrel/apps/cpu_stack/software/gridkit/src/Enzyme-0.0.206/enzyme/Enzyme/DiffeGradientUtils.h:31:
In file included from /nopt/nrel/apps/cpu_stack/software/gridkit/src/Enzyme-0.0.206/enzyme/Enzyme/GradientUtils.h:68:
In file included from /nopt/nrel/apps/cpu_stack/software/gridkit/src/Enzyme-0.0.206/enzyme/Enzyme/ActivityAnalysis.h:49:
In file included from /nopt/nrel/apps/cpu_stack/software/gridkit/src/Enzyme-0.0.206/enzyme/Enzyme/TypeAnalysis/TypeAnalysis.h:56:
/nopt/nrel/apps/cpu_stack/software/gridkit/src/Enzyme-0.0.206/enzyme/Enzyme/TypeAnalysis/../Utils.h:532:27: warning: 'getPointerElementType' is deprecated: Deprecated without replacement, see https://llvm.org/docs/OpaquePointers.html for context and migration instructions [-Wdeprecated-declarations]
    switch (whatType(arg->getPointerElementType(), mode, integersAreConstant,
                          ^
/nopt/nrel/apps/cpu_stack/software/gridkit/llvm/16.0.6/include/llvm/IR/Type.h:406:5: note: 'getPointerElementType' has been explicitly marked deprecated here
  [[deprecated("Deprecated without replacement, see "
    ^
In file included from /nopt/nrel/apps/cpu_stack/software/gridkit/src/Enzyme-0.0.206/enzyme/Enzyme/TypeAnalysis/TypeTree.cpp:36:
In file included from /nopt/nrel/apps/cpu_stack/software/gridkit/src/Enzyme-0.0.206/enzyme/Enzyme/TypeAnalysis/TypeTree.h:41:
/nopt/nrel/apps/cpu_stack/software/gridkit/src/Enzyme-0.0.206/enzyme/Enzyme/TypeAnalysis/../Utils.h:532:27: warning: 'getPointerElementType' is deprecated: Deprecated without replacement, see https://llvm.org/docs/OpaquePointers.html for context and migration instructions [-Wdeprecated-declarations]
    switch (whatType(arg->getPointerElementType(), mode, integersAreConstant,
                          ^
/nopt/nrel/apps/cpu_stack/software/gridkit/llvm/16.0.6/include/llvm/IR/Type.h:406:5: note: 'getPointerElementType' has been explicitly marked deprecated here
  [[deprecated("Deprecated without replacement, see "
    ^
In file included from /nopt/nrel/apps/cpu_stack/software/gridkit/src/Enzyme-0.0.206/enzyme/Enzyme/CallDerivatives.cpp:27:
In file included from /nopt/nrel/apps/cpu_stack/software/gridkit/src/Enzyme-0.0.206/enzyme/Enzyme/AdjointGenerator.h:42:
In file included from /nopt/nrel/apps/cpu_stack/software/gridkit/src/Enzyme-0.0.206/enzyme/Enzyme/DiffeGradientUtils.h:31:
In file included from /nopt/nrel/apps/cpu_stack/software/gridkit/src/Enzyme-0.0.206/enzyme/Enzyme/GradientUtils.h:68:
In file included from /nopt/nrel/apps/cpu_stack/software/gridkit/src/Enzyme-0.0.206/enzyme/Enzyme/ActivityAnalysis.h:49:
In file included from /nopt/nrel/apps/cpu_stack/software/gridkit/src/Enzyme-0.0.206/enzyme/Enzyme/TypeAnalysis/TypeAnalysis.h:56:
/nopt/nrel/apps/cpu_stack/software/gridkit/src/Enzyme-0.0.206/enzyme/Enzyme/TypeAnalysis/../Utils.h:532:27: warning: 'getPointerElementType' is deprecated: Deprecated without replacement, see https://llvm.org/docs/OpaquePointers.html for context and migration instructions [-Wdeprecated-declarations]
    switch (whatType(arg->getPointerElementType(), mode, integersAreConstant,
                          ^
/nopt/nrel/apps/cpu_stack/software/gridkit/llvm/16.0.6/include/llvm/IR/Type.h:406:5: note: 'getPointerElementType' has been explicitly marked deprecated here
  [[deprecated("Deprecated without replacement, see "
    ^
In file included from /nopt/nrel/apps/cpu_stack/software/gridkit/src/Enzyme-0.0.206/enzyme/Enzyme/PreserveNVVM.cpp:49:
/nopt/nrel/apps/cpu_stack/software/gridkit/src/Enzyme-0.0.206/enzyme/Enzyme/Utils.h:532:27: warning: 'getPointerElementType' is deprecated: Deprecated without replacement, see https://llvm.org/docs/OpaquePointers.html for context and migration instructions [-Wdeprecated-declarations]
    switch (whatType(arg->getPointerElementType(), mode, integersAreConstant,
                          ^
/nopt/nrel/apps/cpu_stack/software/gridkit/llvm/16.0.6/include/llvm/IR/Type.h:406:5: note: 'getPointerElementType' has been explicitly marked deprecated here
  [[deprecated("Deprecated without replacement, see "
    ^
In file included from /nopt/nrel/apps/cpu_stack/software/gridkit/src/Enzyme-0.0.206/enzyme/Enzyme/TypeAnalysis/TypeTree.cpp:36:
In file included from /nopt/nrel/apps/cpu_stack/software/gridkit/src/Enzyme-0.0.206/enzyme/Enzyme/TypeAnalysis/TypeTree.h:41:
/nopt/nrel/apps/cpu_stack/software/gridkit/src/Enzyme-0.0.206/enzyme/Enzyme/TypeAnalysis/../Utils.h:532:27: warning: 'getPointerElementType' is deprecated: Deprecated without replacement, see https://llvm.org/docs/OpaquePointers.html for context and migration instructions [-Wdeprecated-declarations]
    switch (whatType(arg->getPointerElementType(), mode, integersAreConstant,
                          ^
/nopt/nrel/apps/cpu_stack/software/gridkit/llvm/16.0.6/include/llvm/IR/Type.h:406:5: note: 'getPointerElementType' has been explicitly marked deprecated here
  [[deprecated("Deprecated without replacement, see "
    ^
In file included from /nopt/nrel/apps/cpu_stack/software/gridkit/src/Enzyme-0.0.206/enzyme/Enzyme/PreserveNVVM.cpp:49:
/nopt/nrel/apps/cpu_stack/software/gridkit/src/Enzyme-0.0.206/enzyme/Enzyme/Utils.h:532:27: warning: 'getPointerElementType' is deprecated: Deprecated without replacement, see https://llvm.org/docs/OpaquePointers.html for context and migration instructions [-Wdeprecated-declarations]
    switch (whatType(arg->getPointerElementType(), mode, integersAreConstant,
                          ^
/nopt/nrel/apps/cpu_stack/software/gridkit/llvm/16.0.6/include/llvm/IR/Type.h:406:5: note: 'getPointerElementType' has been explicitly marked deprecated here
  [[deprecated("Deprecated without replacement, see "
    ^
In file included from /nopt/nrel/apps/cpu_stack/software/gridkit/src/Enzyme-0.0.206/enzyme/Enzyme/TraceInterface.cpp:29:
/nopt/nrel/apps/cpu_stack/software/gridkit/src/Enzyme-0.0.206/enzyme/Enzyme/Utils.h:532:27: warning: 'getPointerElementType' is deprecated: Deprecated without replacement, see https://llvm.org/docs/OpaquePointers.html for context and migration instructions [-Wdeprecated-declarations]
    switch (whatType(arg->getPointerElementType(), mode, integersAreConstant,
                          ^
/nopt/nrel/apps/cpu_stack/software/gridkit/llvm/16.0.6/include/llvm/IR/Type.h:406:5: note: 'getPointerElementType' has been explicitly marked deprecated here
  [[deprecated("Deprecated without replacement, see "
    ^
In file included from /nopt/nrel/apps/cpu_stack/software/gridkit/src/Enzyme-0.0.206/enzyme/Enzyme/PreserveNVVM.cpp:49:
/nopt/nrel/apps/cpu_stack/software/gridkit/src/Enzyme-0.0.206/enzyme/Enzyme/Utils.h:532:27: warning: 'getPointerElementType' is deprecated: Deprecated without replacement, see https://llvm.org/docs/OpaquePointers.html for context and migration instructions [-Wdeprecated-declarations]
    switch (whatType(arg->getPointerElementType(), mode, integersAreConstant,
                          ^
/nopt/nrel/apps/cpu_stack/software/gridkit/llvm/16.0.6/include/llvm/IR/Type.h:406:5: note: 'getPointerElementType' has been explicitly marked deprecated here
  [[deprecated("Deprecated without replacement, see "
    ^
In file included from /nopt/nrel/apps/cpu_stack/software/gridkit/src/Enzyme-0.0.206/enzyme/Enzyme/TraceUtils.cpp:27:
In file included from /nopt/nrel/apps/cpu_stack/software/gridkit/src/Enzyme-0.0.206/enzyme/Enzyme/TraceUtils.h:41:
/nopt/nrel/apps/cpu_stack/software/gridkit/src/Enzyme-0.0.206/enzyme/Enzyme/Utils.h:532:27: warning: 'getPointerElementType' is deprecated: Deprecated without replacement, see https://llvm.org/docs/OpaquePointers.html for context and migration instructions [-Wdeprecated-declarations]
    switch (whatType(arg->getPointerElementType(), mode, integersAreConstant,
                          ^
/nopt/nrel/apps/cpu_stack/software/gridkit/llvm/16.0.6/include/llvm/IR/Type.h:406:5: note: 'getPointerElementType' has been explicitly marked deprecated here
  [[deprecated("Deprecated without replacement, see "
    ^
In file included from /nopt/nrel/apps/cpu_stack/software/gridkit/src/Enzyme-0.0.206/enzyme/Enzyme/Utils.cpp:25:
/nopt/nrel/apps/cpu_stack/software/gridkit/src/Enzyme-0.0.206/enzyme/Enzyme/Utils.h:532:27: warning: 'getPointerElementType' is deprecated: Deprecated without replacement, see https://llvm.org/docs/OpaquePointers.html for context and migration instructions [-Wdeprecated-declarations]
    switch (whatType(arg->getPointerElementType(), mode, integersAreConstant,
                          ^
/nopt/nrel/apps/cpu_stack/software/gridkit/llvm/16.0.6/include/llvm/IR/Type.h:406:5: note: 'getPointerElementType' has been explicitly marked deprecated here
  [[deprecated("Deprecated without replacement, see "
    ^
In file included from /nopt/nrel/apps/cpu_stack/software/gridkit/src/Enzyme-0.0.206/enzyme/Enzyme/Utils.cpp:25:
/nopt/nrel/apps/cpu_stack/software/gridkit/src/Enzyme-0.0.206/enzyme/Enzyme/Utils.h:532:27: warning: 'getPointerElementType' is deprecated: Deprecated without replacement, see https://llvm.org/docs/OpaquePointers.html for context and migration instructions [-Wdeprecated-declarations]
    switch (whatType(arg->getPointerElementType(), mode, integersAreConstant,
                          ^
/nopt/nrel/apps/cpu_stack/software/gridkit/llvm/16.0.6/include/llvm/IR/Type.h:406:5: note: 'getPointerElementType' has been explicitly marked deprecated here
  [[deprecated("Deprecated without replacement, see "
    ^
In file included from /nopt/nrel/apps/cpu_stack/software/gridkit/src/Enzyme-0.0.206/enzyme/Enzyme/TraceUtils.cpp:27:
In file included from /nopt/nrel/apps/cpu_stack/software/gridkit/src/Enzyme-0.0.206/enzyme/Enzyme/TraceUtils.h:41:
/nopt/nrel/apps/cpu_stack/software/gridkit/src/Enzyme-0.0.206/enzyme/Enzyme/Utils.h:532:27: warning: 'getPointerElementType' is deprecated: Deprecated without replacement, see https://llvm.org/docs/OpaquePointers.html for context and migration instructions [-Wdeprecated-declarations]
    switch (whatType(arg->getPointerElementType(), mode, integersAreConstant,
                          ^
/nopt/nrel/apps/cpu_stack/software/gridkit/llvm/16.0.6/include/llvm/IR/Type.h:406:5: note: 'getPointerElementType' has been explicitly marked deprecated here
  [[deprecated("Deprecated without replacement, see "
    ^
In file included from /nopt/nrel/apps/cpu_stack/software/gridkit/src/Enzyme-0.0.206/enzyme/Enzyme/Utils.cpp:25:
/nopt/nrel/apps/cpu_stack/software/gridkit/src/Enzyme-0.0.206/enzyme/Enzyme/Utils.h:532:27: warning: 'getPointerElementType' is deprecated: Deprecated without replacement, see https://llvm.org/docs/OpaquePointers.html for context and migration instructions [-Wdeprecated-declarations]
    switch (whatType(arg->getPointerElementType(), mode, integersAreConstant,
                          ^
/nopt/nrel/apps/cpu_stack/software/gridkit/llvm/16.0.6/include/llvm/IR/Type.h:406:5: note: 'getPointerElementType' has been explicitly marked deprecated here
  [[deprecated("Deprecated without replacement, see "
    ^
In file included from /nopt/nrel/apps/cpu_stack/software/gridkit/src/Enzyme-0.0.206/enzyme/Enzyme/TraceInterface.cpp:29:
/nopt/nrel/apps/cpu_stack/software/gridkit/src/Enzyme-0.0.206/enzyme/Enzyme/Utils.h:532:27: warning: 'getPointerElementType' is deprecated: Deprecated without replacement, see https://llvm.org/docs/OpaquePointers.html for context and migration instructions [-Wdeprecated-declarations]
    switch (whatType(arg->getPointerElementType(), mode, integersAreConstant,
                          ^
/nopt/nrel/apps/cpu_stack/software/gridkit/llvm/16.0.6/include/llvm/IR/Type.h:406:5: note: 'getPointerElementType' has been explicitly marked deprecated here
  [[deprecated("Deprecated without replacement, see "
    ^
In file included from /nopt/nrel/apps/cpu_stack/software/gridkit/src/Enzyme-0.0.206/enzyme/Enzyme/TraceInterface.cpp:29:
/nopt/nrel/apps/cpu_stack/software/gridkit/src/Enzyme-0.0.206/enzyme/Enzyme/Utils.h:532:27: warning: 'getPointerElementType' is deprecated: Deprecated without replacement, see https://llvm.org/docs/OpaquePointers.html for context and migration instructions [-Wdeprecated-declarations]
    switch (whatType(arg->getPointerElementType(), mode, integersAreConstant,
                          ^
/nopt/nrel/apps/cpu_stack/software/gridkit/llvm/16.0.6/include/llvm/IR/Type.h:406:5: note: 'getPointerElementType' has been explicitly marked deprecated here
  [[deprecated("Deprecated without replacement, see "
    ^
In file included from /nopt/nrel/apps/cpu_stack/software/gridkit/src/Enzyme-0.0.206/enzyme/Enzyme/EnzymeLogic.cpp:30:
In file included from /nopt/nrel/apps/cpu_stack/software/gridkit/src/Enzyme-0.0.206/enzyme/Enzyme/EnzymeLogic.h:47:
In file included from /nopt/nrel/apps/cpu_stack/software/gridkit/src/Enzyme-0.0.206/enzyme/Enzyme/ActivityAnalysis.h:49:
In file included from /nopt/nrel/apps/cpu_stack/software/gridkit/src/Enzyme-0.0.206/enzyme/Enzyme/TypeAnalysis/TypeAnalysis.h:56:
/nopt/nrel/apps/cpu_stack/software/gridkit/src/Enzyme-0.0.206/enzyme/Enzyme/TypeAnalysis/../Utils.h:532:27: warning: 'getPointerElementType' is deprecated: Deprecated without replacement, see https://llvm.org/docs/OpaquePointers.html for context and migration instructions [-Wdeprecated-declarations]
    switch (whatType(arg->getPointerElementType(), mode, integersAreConstant,
                          ^
/nopt/nrel/apps/cpu_stack/software/gridkit/llvm/16.0.6/include/llvm/IR/Type.h:406:5: note: 'getPointerElementType' has been explicitly marked deprecated here
  [[deprecated("Deprecated without replacement, see "
    ^
In file included from /nopt/nrel/apps/cpu_stack/software/gridkit/src/Enzyme-0.0.206/enzyme/Enzyme/GradientUtils.cpp:33:
In file included from /nopt/nrel/apps/cpu_stack/software/gridkit/src/Enzyme-0.0.206/enzyme/Enzyme/GradientUtils.h:68:
In file included from /nopt/nrel/apps/cpu_stack/software/gridkit/src/Enzyme-0.0.206/enzyme/Enzyme/ActivityAnalysis.h:49:
In file included from /nopt/nrel/apps/cpu_stack/software/gridkit/src/Enzyme-0.0.206/enzyme/Enzyme/TypeAnalysis/TypeAnalysis.h:56:
/nopt/nrel/apps/cpu_stack/software/gridkit/src/Enzyme-0.0.206/enzyme/Enzyme/TypeAnalysis/../Utils.h:532:27: warning: 'getPointerElementType' is deprecated: Deprecated without replacement, see https://llvm.org/docs/OpaquePointers.html for context and migration instructions [-Wdeprecated-declarations]
    switch (whatType(arg->getPointerElementType(), mode, integersAreConstant,
                          ^
/nopt/nrel/apps/cpu_stack/software/gridkit/llvm/16.0.6/include/llvm/IR/Type.h:406:5: note: 'getPointerElementType' has been explicitly marked deprecated here
  [[deprecated("Deprecated without replacement, see "
    ^
In file included from /nopt/nrel/apps/cpu_stack/software/gridkit/src/Enzyme-0.0.206/enzyme/Enzyme/JLInstSimplify.cpp:52:
In file included from /nopt/nrel/apps/cpu_stack/software/gridkit/src/Enzyme-0.0.206/enzyme/Enzyme/LibraryFuncs.h:33:
/nopt/nrel/apps/cpu_stack/software/gridkit/src/Enzyme-0.0.206/enzyme/Enzyme/Utils.h:532:27: warning: 'getPointerElementType' is deprecated: Deprecated without replacement, see https://llvm.org/docs/OpaquePointers.html for context and migration instructions [-Wdeprecated-declarations]
    switch (whatType(arg->getPointerElementType(), mode, integersAreConstant,
                          ^
/nopt/nrel/apps/cpu_stack/software/gridkit/llvm/16.0.6/include/llvm/IR/Type.h:406:5: note: 'getPointerElementType' has been explicitly marked deprecated here
  [[deprecated("Deprecated without replacement, see "
    ^
In file included from /nopt/nrel/apps/cpu_stack/software/gridkit/src/Enzyme-0.0.206/enzyme/Enzyme/FunctionUtils.cpp:25:
In file included from /nopt/nrel/apps/cpu_stack/software/gridkit/src/Enzyme-0.0.206/enzyme/Enzyme/FunctionUtils.h:43:
/nopt/nrel/apps/cpu_stack/software/gridkit/src/Enzyme-0.0.206/enzyme/Enzyme/Utils.h:532:27: warning: 'getPointerElementType' is deprecated: Deprecated without replacement, see https://llvm.org/docs/OpaquePointers.html for context and migration instructions [-Wdeprecated-declarations]
    switch (whatType(arg->getPointerElementType(), mode, integersAreConstant,
                          ^
/nopt/nrel/apps/cpu_stack/software/gridkit/llvm/16.0.6/include/llvm/IR/Type.h:406:5: note: 'getPointerElementType' has been explicitly marked deprecated here
  [[deprecated("Deprecated without replacement, see "
    ^
/nopt/nrel/apps/cpu_stack/software/gridkit/src/Enzyme-0.0.206/enzyme/Enzyme/ActivityAnalysisPrinter.cpp:90:32: warning: 'getPointerElementType' is deprecated: Deprecated without replacement, see https://llvm.org/docs/OpaquePointers.html for context and migration instructions [-Wdeprecated-declarations]
        auto et = a.getType()->getPointerElementType();
                               ^
/nopt/nrel/apps/cpu_stack/software/gridkit/llvm/16.0.6/include/llvm/IR/Type.h:406:5: note: 'getPointerElementType' has been explicitly marked deprecated here
  [[deprecated("Deprecated without replacement, see "
    ^
In file included from /nopt/nrel/apps/cpu_stack/software/gridkit/src/Enzyme-0.0.206/enzyme/Enzyme/ActivityAnalysisPrinter.cpp:51:
In file included from /nopt/nrel/apps/cpu_stack/software/gridkit/src/Enzyme-0.0.206/enzyme/Enzyme/ActivityAnalysis.h:49:
In file included from /nopt/nrel/apps/cpu_stack/software/gridkit/src/Enzyme-0.0.206/enzyme/Enzyme/TypeAnalysis/TypeAnalysis.h:56:
/nopt/nrel/apps/cpu_stack/software/gridkit/src/Enzyme-0.0.206/enzyme/Enzyme/TypeAnalysis/../Utils.h:532:27: warning: 'getPointerElementType' is deprecated: Deprecated without replacement, see https://llvm.org/docs/OpaquePointers.html for context and migration instructions [-Wdeprecated-declarations]
    switch (whatType(arg->getPointerElementType(), mode, integersAreConstant,
                          ^
/nopt/nrel/apps/cpu_stack/software/gridkit/llvm/16.0.6/include/llvm/IR/Type.h:406:5: note: 'getPointerElementType' has been explicitly marked deprecated here
  [[deprecated("Deprecated without replacement, see "
    ^
/nopt/nrel/apps/cpu_stack/software/gridkit/src/Enzyme-0.0.206/enzyme/Enzyme/ActivityAnalysisPrinter.cpp:115:36: warning: 'getPointerElementType' is deprecated: Deprecated without replacement, see https://llvm.org/docs/OpaquePointers.html for context and migration instructions [-Wdeprecated-declarations]
      auto et = F.getReturnType()->getPointerElementType();
                                   ^
/nopt/nrel/apps/cpu_stack/software/gridkit/llvm/16.0.6/include/llvm/IR/Type.h:406:5: note: 'getPointerElementType' has been explicitly marked deprecated here
  [[deprecated("Deprecated without replacement, see "
    ^
In file included from /nopt/nrel/apps/cpu_stack/software/gridkit/src/Enzyme-0.0.206/enzyme/Enzyme/JLInstSimplify.cpp:52:
In file included from /nopt/nrel/apps/cpu_stack/software/gridkit/src/Enzyme-0.0.206/enzyme/Enzyme/LibraryFuncs.h:33:
/nopt/nrel/apps/cpu_stack/software/gridkit/src/Enzyme-0.0.206/enzyme/Enzyme/Utils.h:532:27: warning: 'getPointerElementType' is deprecated: Deprecated without replacement, see https://llvm.org/docs/OpaquePointers.html for context and migration instructions [-Wdeprecated-declarations]
    switch (whatType(arg->getPointerElementType(), mode, integersAreConstant,
                          ^
/nopt/nrel/apps/cpu_stack/software/gridkit/llvm/16.0.6/include/llvm/IR/Type.h:406:5: note: 'getPointerElementType' has been explicitly marked deprecated here
  [[deprecated("Deprecated without replacement, see "
    ^
In file included from /nopt/nrel/apps/cpu_stack/software/gridkit/src/Enzyme-0.0.206/enzyme/Enzyme/CacheUtility.cpp:27:
In file included from /nopt/nrel/apps/cpu_stack/software/gridkit/src/Enzyme-0.0.206/enzyme/Enzyme/CacheUtility.h:52:
In file included from /nopt/nrel/apps/cpu_stack/software/gridkit/src/Enzyme-0.0.206/enzyme/Enzyme/FunctionUtils.h:43:
/nopt/nrel/apps/cpu_stack/software/gridkit/src/Enzyme-0.0.206/enzyme/Enzyme/Utils.h:532:27: warning: 'getPointerElementType' is deprecated: Deprecated without replacement, see https://llvm.org/docs/OpaquePointers.html for context and migration instructions [-Wdeprecated-declarations]
    switch (whatType(arg->getPointerElementType(), mode, integersAreConstant,
                          ^
/nopt/nrel/apps/cpu_stack/software/gridkit/llvm/16.0.6/include/llvm/IR/Type.h:406:5: note: 'getPointerElementType' has been explicitly marked deprecated here
  [[deprecated("Deprecated without replacement, see "
    ^
In file included from /nopt/nrel/apps/cpu_stack/software/gridkit/src/Enzyme-0.0.206/enzyme/Enzyme/CApi.cpp:35:
In file included from /nopt/nrel/apps/cpu_stack/software/gridkit/src/Enzyme-0.0.206/enzyme/Enzyme/DiffeGradientUtils.h:31:
In file included from /nopt/nrel/apps/cpu_stack/software/gridkit/src/Enzyme-0.0.206/enzyme/Enzyme/GradientUtils.h:68:
In file included from /nopt/nrel/apps/cpu_stack/software/gridkit/src/Enzyme-0.0.206/enzyme/Enzyme/ActivityAnalysis.h:49:
In file included from /nopt/nrel/apps/cpu_stack/software/gridkit/src/Enzyme-0.0.206/enzyme/Enzyme/TypeAnalysis/TypeAnalysis.h:56:
/nopt/nrel/apps/cpu_stack/software/gridkit/src/Enzyme-0.0.206/enzyme/Enzyme/TypeAnalysis/../Utils.h:532:27: warning: 'getPointerElementType' is deprecated: Deprecated without replacement, see https://llvm.org/docs/OpaquePointers.html for context and migration instructions [-Wdeprecated-declarations]
    switch (whatType(arg->getPointerElementType(), mode, integersAreConstant,
                          ^
/nopt/nrel/apps/cpu_stack/software/gridkit/llvm/16.0.6/include/llvm/IR/Type.h:406:5: note: 'getPointerElementType' has been explicitly marked deprecated here
  [[deprecated("Deprecated without replacement, see "
    ^
/nopt/nrel/apps/cpu_stack/software/gridkit/src/Enzyme-0.0.206/enzyme/Enzyme/PreserveNVVM.cpp:193:44: warning: 'getPointerElementType' is deprecated: Deprecated without replacement, see https://llvm.org/docs/OpaquePointers.html for context and migration instructions [-Wdeprecated-declarations]
                    subTy = arg.getType()->getPointerElementType();
                                           ^
/nopt/nrel/apps/cpu_stack/software/gridkit/llvm/16.0.6/include/llvm/IR/Type.h:406:5: note: 'getPointerElementType' has been explicitly marked deprecated here
  [[deprecated("Deprecated without replacement, see "
    ^
In file included from /nopt/nrel/apps/cpu_stack/software/gridkit/src/Enzyme-0.0.206/enzyme/Enzyme/CApi.cpp:35:
In file included from /nopt/nrel/apps/cpu_stack/software/gridkit/src/Enzyme-0.0.206/enzyme/Enzyme/DiffeGradientUtils.h:31:
In file included from /nopt/nrel/apps/cpu_stack/software/gridkit/src/Enzyme-0.0.206/enzyme/Enzyme/GradientUtils.h:68:
In file included from /nopt/nrel/apps/cpu_stack/software/gridkit/src/Enzyme-0.0.206/enzyme/Enzyme/ActivityAnalysis.h:49:
In file included from /nopt/nrel/apps/cpu_stack/software/gridkit/src/Enzyme-0.0.206/enzyme/Enzyme/TypeAnalysis/TypeAnalysis.h:56:
/nopt/nrel/apps/cpu_stack/software/gridkit/src/Enzyme-0.0.206/enzyme/Enzyme/TypeAnalysis/../Utils.h:532:27: warning: 'getPointerElementType' is deprecated: Deprecated without replacement, see https://llvm.org/docs/OpaquePointers.html for context and migration instructions [-Wdeprecated-declarations]
    switch (whatType(arg->getPointerElementType(), mode, integersAreConstant,
                          ^
/nopt/nrel/apps/cpu_stack/software/gridkit/llvm/16.0.6/include/llvm/IR/Type.h:406:5: note: 'getPointerElementType' has been explicitly marked deprecated here
  [[deprecated("Deprecated without replacement, see "
    ^
In file included from /nopt/nrel/apps/cpu_stack/software/gridkit/src/Enzyme-0.0.206/enzyme/Enzyme/DifferentialUseAnalysis.cpp:32:
In file included from /nopt/nrel/apps/cpu_stack/software/gridkit/src/Enzyme-0.0.206/enzyme/Enzyme/DifferentialUseAnalysis.h:43:
In file included from /nopt/nrel/apps/cpu_stack/software/gridkit/src/Enzyme-0.0.206/enzyme/Enzyme/DiffeGradientUtils.h:31:
In file included from /nopt/nrel/apps/cpu_stack/software/gridkit/src/Enzyme-0.0.206/enzyme/Enzyme/GradientUtils.h:68:
In file included from /nopt/nrel/apps/cpu_stack/software/gridkit/src/Enzyme-0.0.206/enzyme/Enzyme/ActivityAnalysis.h:49:
In file included from /nopt/nrel/apps/cpu_stack/software/gridkit/src/Enzyme-0.0.206/enzyme/Enzyme/TypeAnalysis/TypeAnalysis.h:56:
/nopt/nrel/apps/cpu_stack/software/gridkit/src/Enzyme-0.0.206/enzyme/Enzyme/TypeAnalysis/../Utils.h:532:27: warning: 'getPointerElementType' is deprecated: Deprecated without replacement, see https://llvm.org/docs/OpaquePointers.html for context and migration instructions [-Wdeprecated-declarations]
    switch (whatType(arg->getPointerElementType(), mode, integersAreConstant,
                          ^
/nopt/nrel/apps/cpu_stack/software/gridkit/llvm/16.0.6/include/llvm/IR/Type.h:406:5: note: 'getPointerElementType' has been explicitly marked deprecated here
  [[deprecated("Deprecated without replacement, see "
    ^
/nopt/nrel/apps/cpu_stack/software/gridkit/src/Enzyme-0.0.206/enzyme/Enzyme/PreserveNVVM.cpp:193:44: warning: 'getPointerElementType' is deprecated: Deprecated without replacement, see https://llvm.org/docs/OpaquePointers.html for context and migration instructions [-Wdeprecated-declarations]
                    subTy = arg.getType()->getPointerElementType();
                                           ^
/nopt/nrel/apps/cpu_stack/software/gridkit/llvm/16.0.6/include/llvm/IR/Type.h:406:5: note: 'getPointerElementType' has been explicitly marked deprecated here
  [[deprecated("Deprecated without replacement, see "
    ^
In file included from /nopt/nrel/apps/cpu_stack/software/gridkit/src/Enzyme-0.0.206/enzyme/Enzyme/FunctionUtils.cpp:25:
In file included from /nopt/nrel/apps/cpu_stack/software/gridkit/src/Enzyme-0.0.206/enzyme/Enzyme/FunctionUtils.h:43:
/nopt/nrel/apps/cpu_stack/software/gridkit/src/Enzyme-0.0.206/enzyme/Enzyme/Utils.h:532:27: warning: 'getPointerElementType' is deprecated: Deprecated without replacement, see https://llvm.org/docs/OpaquePointers.html for context and migration instructions [-Wdeprecated-declarations]
    switch (whatType(arg->getPointerElementType(), mode, integersAreConstant,
                          ^
/nopt/nrel/apps/cpu_stack/software/gridkit/llvm/16.0.6/include/llvm/IR/Type.h:406:5: note: 'getPointerElementType' has been explicitly marked deprecated here
  [[deprecated("Deprecated without replacement, see "
    ^
/nopt/nrel/apps/cpu_stack/software/gridkit/src/Enzyme-0.0.206/enzyme/Enzyme/PreserveNVVM.cpp:193:44: warning: 'getPointerElementType' is deprecated: Deprecated without replacement, see https://llvm.org/docs/OpaquePointers.html for context and migration instructions [-Wdeprecated-declarations]
                    subTy = arg.getType()->getPointerElementType();
                                           ^
/nopt/nrel/apps/cpu_stack/software/gridkit/llvm/16.0.6/include/llvm/IR/Type.h:406:5: note: 'getPointerElementType' has been explicitly marked deprecated here
  [[deprecated("Deprecated without replacement, see "
    ^
In file included from /nopt/nrel/apps/cpu_stack/software/gridkit/src/Enzyme-0.0.206/enzyme/Enzyme/ActivityAnalysis.cpp:55:
In file included from /nopt/nrel/apps/cpu_stack/software/gridkit/src/Enzyme-0.0.206/enzyme/Enzyme/ActivityAnalysis.h:49:
In file included from /nopt/nrel/apps/cpu_stack/software/gridkit/src/Enzyme-0.0.206/enzyme/Enzyme/TypeAnalysis/TypeAnalysis.h:56:
/nopt/nrel/apps/cpu_stack/software/gridkit/src/Enzyme-0.0.206/enzyme/Enzyme/TypeAnalysis/../Utils.h:532:27: warning: 'getPointerElementType' is deprecated: Deprecated without replacement, see https://llvm.org/docs/OpaquePointers.html for context and migration instructions [-Wdeprecated-declarations]
    switch (whatType(arg->getPointerElementType(), mode, integersAreConstant,
                          ^
/nopt/nrel/apps/cpu_stack/software/gridkit/llvm/16.0.6/include/llvm/IR/Type.h:406:5: note: 'getPointerElementType' has been explicitly marked deprecated here
  [[deprecated("Deprecated without replacement, see "
    ^
In file included from /nopt/nrel/apps/cpu_stack/software/gridkit/src/Enzyme-0.0.206/enzyme/Enzyme/TypeAnalysis/RustDebugInfo.cpp:32:
In file included from /nopt/nrel/apps/cpu_stack/software/gridkit/src/Enzyme-0.0.206/enzyme/Enzyme/TypeAnalysis/RustDebugInfo.h:33:
In file included from /nopt/nrel/apps/cpu_stack/software/gridkit/src/Enzyme-0.0.206/enzyme/Enzyme/TypeAnalysis/TypeTree.h:41:
/nopt/nrel/apps/cpu_stack/software/gridkit/src/Enzyme-0.0.206/enzyme/Enzyme/TypeAnalysis/../Utils.h:532:27: warning: 'getPointerElementType' is deprecated: Deprecated without replacement, see https://llvm.org/docs/OpaquePointers.html for context and migration instructions [-Wdeprecated-declarations]
    switch (whatType(arg->getPointerElementType(), mode, integersAreConstant,
                          ^
/nopt/nrel/apps/cpu_stack/software/gridkit/llvm/16.0.6/include/llvm/IR/Type.h:406:5: note: 'getPointerElementType' has been explicitly marked deprecated here
  [[deprecated("Deprecated without replacement, see "
    ^
In file included from /nopt/nrel/apps/cpu_stack/software/gridkit/src/Enzyme-0.0.206/enzyme/Enzyme/CacheUtility.cpp:27:
In file included from /nopt/nrel/apps/cpu_stack/software/gridkit/src/Enzyme-0.0.206/enzyme/Enzyme/CacheUtility.h:52:
In file included from /nopt/nrel/apps/cpu_stack/software/gridkit/src/Enzyme-0.0.206/enzyme/Enzyme/FunctionUtils.h:43:
/nopt/nrel/apps/cpu_stack/software/gridkit/src/Enzyme-0.0.206/enzyme/Enzyme/Utils.h:532:27: warning: 'getPointerElementType' is deprecated: Deprecated without replacement, see https://llvm.org/docs/OpaquePointers.html for context and migration instructions [-Wdeprecated-declarations]
    switch (whatType(arg->getPointerElementType(), mode, integersAreConstant,
                          ^
/nopt/nrel/apps/cpu_stack/software/gridkit/llvm/16.0.6/include/llvm/IR/Type.h:406:5: note: 'getPointerElementType' has been explicitly marked deprecated here
  [[deprecated("Deprecated without replacement, see "
    ^
In file included from /nopt/nrel/apps/cpu_stack/software/gridkit/src/Enzyme-0.0.206/enzyme/Enzyme/ActivityAnalysisPrinter.cpp:51:
In file included from /nopt/nrel/apps/cpu_stack/software/gridkit/src/Enzyme-0.0.206/enzyme/Enzyme/ActivityAnalysis.h:49:
In file included from /nopt/nrel/apps/cpu_stack/software/gridkit/src/Enzyme-0.0.206/enzyme/Enzyme/TypeAnalysis/TypeAnalysis.h:56:
/nopt/nrel/apps/cpu_stack/software/gridkit/src/Enzyme-0.0.206/enzyme/Enzyme/TypeAnalysis/../Utils.h:532:27: warning: 'getPointerElementType' is deprecated: Deprecated without replacement, see https://llvm.org/docs/OpaquePointers.html for context and migration instructions [-Wdeprecated-declarations]
    switch (whatType(arg->getPointerElementType(), mode, integersAreConstant,
                          ^
/nopt/nrel/apps/cpu_stack/software/gridkit/llvm/16.0.6/include/llvm/IR/Type.h:406:5: note: 'getPointerElementType' has been explicitly marked deprecated here
  [[deprecated("Deprecated without replacement, see "
    ^
In file included from /nopt/nrel/apps/cpu_stack/software/gridkit/src/Enzyme-0.0.206/enzyme/Enzyme/TypeAnalysis/RustDebugInfo.cpp:32:
In file included from /nopt/nrel/apps/cpu_stack/software/gridkit/src/Enzyme-0.0.206/enzyme/Enzyme/TypeAnalysis/RustDebugInfo.h:33:
In file included from /nopt/nrel/apps/cpu_stack/software/gridkit/src/Enzyme-0.0.206/enzyme/Enzyme/TypeAnalysis/TypeTree.h:41:
/nopt/nrel/apps/cpu_stack/software/gridkit/src/Enzyme-0.0.206/enzyme/Enzyme/TypeAnalysis/../Utils.h:532:27: warning: 'getPointerElementType' is deprecated: Deprecated without replacement, see https://llvm.org/docs/OpaquePointers.html for context and migration instructions [-Wdeprecated-declarations]
    switch (whatType(arg->getPointerElementType(), mode, integersAreConstant,
                          ^
/nopt/nrel/apps/cpu_stack/software/gridkit/llvm/16.0.6/include/llvm/IR/Type.h:406:5: note: 'getPointerElementType' has been explicitly marked deprecated here
  [[deprecated("Deprecated without replacement, see "
    ^
In file included from /nopt/nrel/apps/cpu_stack/software/gridkit/src/Enzyme-0.0.206/enzyme/Enzyme/InstructionBatcher.cpp:27:
In file included from /nopt/nrel/apps/cpu_stack/software/gridkit/src/Enzyme-0.0.206/enzyme/Enzyme/InstructionBatcher.h:48:
In file included from /nopt/nrel/apps/cpu_stack/software/gridkit/src/Enzyme-0.0.206/enzyme/Enzyme/EnzymeLogic.h:47:
In file included from /nopt/nrel/apps/cpu_stack/software/gridkit/src/Enzyme-0.0.206/enzyme/Enzyme/ActivityAnalysis.h:49:
In file included from /nopt/nrel/apps/cpu_stack/software/gridkit/src/Enzyme-0.0.206/enzyme/Enzyme/TypeAnalysis/TypeAnalysis.h:56:
/nopt/nrel/apps/cpu_stack/software/gridkit/src/Enzyme-0.0.206/enzyme/Enzyme/TypeAnalysis/../Utils.h:532:27: warning: 'getPointerElementType' is deprecated: Deprecated without replacement, see https://llvm.org/docs/OpaquePointers.html for context and migration instructions [-Wdeprecated-declarations]
    switch (whatType(arg->getPointerElementType(), mode, integersAreConstant,
                          ^
/nopt/nrel/apps/cpu_stack/software/gridkit/llvm/16.0.6/include/llvm/IR/Type.h:406:5: note: 'getPointerElementType' has been explicitly marked deprecated here
  [[deprecated("Deprecated without replacement, see "
    ^
In file included from /nopt/nrel/apps/cpu_stack/software/gridkit/src/Enzyme-0.0.206/enzyme/Enzyme/TypeAnalysis/RustDebugInfo.cpp:32:
In file included from /nopt/nrel/apps/cpu_stack/software/gridkit/src/Enzyme-0.0.206/enzyme/Enzyme/TypeAnalysis/RustDebugInfo.h:33:
In file included from /nopt/nrel/apps/cpu_stack/software/gridkit/src/Enzyme-0.0.206/enzyme/Enzyme/TypeAnalysis/TypeTree.h:41:
/nopt/nrel/apps/cpu_stack/software/gridkit/src/Enzyme-0.0.206/enzyme/Enzyme/TypeAnalysis/../Utils.h:532:27: warning: 'getPointerElementType' is deprecated: Deprecated without replacement, see https://llvm.org/docs/OpaquePointers.html for context and migration instructions [-Wdeprecated-declarations]
    switch (whatType(arg->getPointerElementType(), mode, integersAreConstant,
                          ^
/nopt/nrel/apps/cpu_stack/software/gridkit/llvm/16.0.6/include/llvm/IR/Type.h:406:5: note: 'getPointerElementType' has been explicitly marked deprecated here
  [[deprecated("Deprecated without replacement, see "
    ^
In file included from /nopt/nrel/apps/cpu_stack/software/gridkit/src/Enzyme-0.0.206/enzyme/Enzyme/MustExitScalarEvolution.cpp:29:
In file included from /nopt/nrel/apps/cpu_stack/software/gridkit/src/Enzyme-0.0.206/enzyme/Enzyme/FunctionUtils.h:43:
/nopt/nrel/apps/cpu_stack/software/gridkit/src/Enzyme-0.0.206/enzyme/Enzyme/Utils.h:532:27: warning: 'getPointerElementType' is deprecated: Deprecated without replacement, see https://llvm.org/docs/OpaquePointers.html for context and migration instructions [-Wdeprecated-declarations]
    switch (whatType(arg->getPointerElementType(), mode, integersAreConstant,
                          ^
/nopt/nrel/apps/cpu_stack/software/gridkit/llvm/16.0.6/include/llvm/IR/Type.h:406:5: note: 'getPointerElementType' has been explicitly marked deprecated here
  [[deprecated("Deprecated without replacement, see "
    ^
In file included from /nopt/nrel/apps/cpu_stack/software/gridkit/src/Enzyme-0.0.206/enzyme/Enzyme/DiffeGradientUtils.cpp:30:
In file included from /nopt/nrel/apps/cpu_stack/software/gridkit/src/Enzyme-0.0.206/enzyme/Enzyme/DiffeGradientUtils.h:31:
In file included from /nopt/nrel/apps/cpu_stack/software/gridkit/src/Enzyme-0.0.206/enzyme/Enzyme/GradientUtils.h:68:
In file included from /nopt/nrel/apps/cpu_stack/software/gridkit/src/Enzyme-0.0.206/enzyme/Enzyme/ActivityAnalysis.h:49:
In file included from /nopt/nrel/apps/cpu_stack/software/gridkit/src/Enzyme-0.0.206/enzyme/Enzyme/TypeAnalysis/TypeAnalysis.h:56:
/nopt/nrel/apps/cpu_stack/software/gridkit/src/Enzyme-0.0.206/enzyme/Enzyme/TypeAnalysis/../Utils.h:532:27: warning: 'getPointerElementType' is deprecated: Deprecated without replacement, see https://llvm.org/docs/OpaquePointers.html for context and migration instructions [-Wdeprecated-declarations]
    switch (whatType(arg->getPointerElementType(), mode, integersAreConstant,
                          ^
/nopt/nrel/apps/cpu_stack/software/gridkit/llvm/16.0.6/include/llvm/IR/Type.h:406:5: note: 'getPointerElementType' has been explicitly marked deprecated here
  [[deprecated("Deprecated without replacement, see "
    ^
In file included from /nopt/nrel/apps/cpu_stack/software/gridkit/src/Enzyme-0.0.206/enzyme/Enzyme/TraceGenerator.cpp:26:
In file included from /nopt/nrel/apps/cpu_stack/software/gridkit/src/Enzyme-0.0.206/enzyme/Enzyme/TraceGenerator.h:32:
In file included from /nopt/nrel/apps/cpu_stack/software/gridkit/src/Enzyme-0.0.206/enzyme/Enzyme/EnzymeLogic.h:47:
In file included from /nopt/nrel/apps/cpu_stack/software/gridkit/src/Enzyme-0.0.206/enzyme/Enzyme/ActivityAnalysis.h:49:
In file included from /nopt/nrel/apps/cpu_stack/software/gridkit/src/Enzyme-0.0.206/enzyme/Enzyme/TypeAnalysis/TypeAnalysis.h:56:
/nopt/nrel/apps/cpu_stack/software/gridkit/src/Enzyme-0.0.206/enzyme/Enzyme/TypeAnalysis/../Utils.h:532:27: warning: 'getPointerElementType' is deprecated: Deprecated without replacement, see https://llvm.org/docs/OpaquePointers.html for context and migration instructions [-Wdeprecated-declarations]
    switch (whatType(arg->getPointerElementType(), mode, integersAreConstant,
                          ^
/nopt/nrel/apps/cpu_stack/software/gridkit/llvm/16.0.6/include/llvm/IR/Type.h:406:5: note: 'getPointerElementType' has been explicitly marked deprecated here
  [[deprecated("Deprecated without replacement, see "
    ^
In file included from /nopt/nrel/apps/cpu_stack/software/gridkit/src/Enzyme-0.0.206/enzyme/Enzyme/MustExitScalarEvolution.cpp:29:
In file included from /nopt/nrel/apps/cpu_stack/software/gridkit/src/Enzyme-0.0.206/enzyme/Enzyme/FunctionUtils.h:43:
/nopt/nrel/apps/cpu_stack/software/gridkit/src/Enzyme-0.0.206/enzyme/Enzyme/Utils.h:532:27: warning: 'getPointerElementType' is deprecated: Deprecated without replacement, see https://llvm.org/docs/OpaquePointers.html for context and migration instructions [-Wdeprecated-declarations]
    switch (whatType(arg->getPointerElementType(), mode, integersAreConstant,
                          ^
/nopt/nrel/apps/cpu_stack/software/gridkit/llvm/16.0.6/include/llvm/IR/Type.h:406:5: note: 'getPointerElementType' has been explicitly marked deprecated here
  [[deprecated("Deprecated without replacement, see "
    ^
In file included from /nopt/nrel/apps/cpu_stack/software/gridkit/src/Enzyme-0.0.206/enzyme/Enzyme/MustExitScalarEvolution.cpp:29:
In file included from /nopt/nrel/apps/cpu_stack/software/gridkit/src/Enzyme-0.0.206/enzyme/Enzyme/FunctionUtils.h:43:
/nopt/nrel/apps/cpu_stack/software/gridkit/src/Enzyme-0.0.206/enzyme/Enzyme/Utils.h:532:27: warning: 'getPointerElementType' is deprecated: Deprecated without replacement, see https://llvm.org/docs/OpaquePointers.html for context and migration instructions [-Wdeprecated-declarations]
    switch (whatType(arg->getPointerElementType(), mode, integersAreConstant,
                          ^
/nopt/nrel/apps/cpu_stack/software/gridkit/llvm/16.0.6/include/llvm/IR/Type.h:406:5: note: 'getPointerElementType' has been explicitly marked deprecated here
  [[deprecated("Deprecated without replacement, see "
    ^
In file included from /nopt/nrel/apps/cpu_stack/software/gridkit/src/Enzyme-0.0.206/enzyme/Enzyme/FunctionUtils.cpp:25:
In file included from /nopt/nrel/apps/cpu_stack/software/gridkit/src/Enzyme-0.0.206/enzyme/Enzyme/FunctionUtils.h:43:
/nopt/nrel/apps/cpu_stack/software/gridkit/src/Enzyme-0.0.206/enzyme/Enzyme/Utils.h:532:27: warning: 'getPointerElementType' is deprecated: Deprecated without replacement, see https://llvm.org/docs/OpaquePointers.html for context and migration instructions [-Wdeprecated-declarations]
    switch (whatType(arg->getPointerElementType(), mode, integersAreConstant,
                          ^
/nopt/nrel/apps/cpu_stack/software/gridkit/llvm/16.0.6/include/llvm/IR/Type.h:406:5: note: 'getPointerElementType' has been explicitly marked deprecated here
  [[deprecated("Deprecated without replacement, see "
    ^
In file included from /nopt/nrel/apps/cpu_stack/software/gridkit/src/Enzyme-0.0.206/enzyme/Enzyme/DifferentialUseAnalysis.cpp:32:
In file included from /nopt/nrel/apps/cpu_stack/software/gridkit/src/Enzyme-0.0.206/enzyme/Enzyme/DifferentialUseAnalysis.h:43:
In file included from /nopt/nrel/apps/cpu_stack/software/gridkit/src/Enzyme-0.0.206/enzyme/Enzyme/DiffeGradientUtils.h:31:
In file included from /nopt/nrel/apps/cpu_stack/software/gridkit/src/Enzyme-0.0.206/enzyme/Enzyme/GradientUtils.h:68:
In file included from /nopt/nrel/apps/cpu_stack/software/gridkit/src/Enzyme-0.0.206/enzyme/Enzyme/ActivityAnalysis.h:49:
In file included from /nopt/nrel/apps/cpu_stack/software/gridkit/src/Enzyme-0.0.206/enzyme/Enzyme/TypeAnalysis/TypeAnalysis.h:56:
/nopt/nrel/apps/cpu_stack/software/gridkit/src/Enzyme-0.0.206/enzyme/Enzyme/TypeAnalysis/../Utils.h:532:27: warning: 'getPointerElementType' is deprecated: Deprecated without replacement, see https://llvm.org/docs/OpaquePointers.html for context and migration instructions [-Wdeprecated-declarations]
    switch (whatType(arg->getPointerElementType(), mode, integersAreConstant,
                          ^
/nopt/nrel/apps/cpu_stack/software/gridkit/llvm/16.0.6/include/llvm/IR/Type.h:406:5: note: 'getPointerElementType' has been explicitly marked deprecated here
  [[deprecated("Deprecated without replacement, see "
    ^
In file included from /nopt/nrel/apps/cpu_stack/software/gridkit/src/Enzyme-0.0.206/enzyme/Enzyme/EnzymeLogic.cpp:30:
In file included from /nopt/nrel/apps/cpu_stack/software/gridkit/src/Enzyme-0.0.206/enzyme/Enzyme/EnzymeLogic.h:47:
In file included from /nopt/nrel/apps/cpu_stack/software/gridkit/src/Enzyme-0.0.206/enzyme/Enzyme/ActivityAnalysis.h:49:
In file included from /nopt/nrel/apps/cpu_stack/software/gridkit/src/Enzyme-0.0.206/enzyme/Enzyme/TypeAnalysis/TypeAnalysis.h:56:
/nopt/nrel/apps/cpu_stack/software/gridkit/src/Enzyme-0.0.206/enzyme/Enzyme/TypeAnalysis/../Utils.h:532:27: warning: 'getPointerElementType' is deprecated: Deprecated without replacement, see https://llvm.org/docs/OpaquePointers.html for context and migration instructions [-Wdeprecated-declarations]
    switch (whatType(arg->getPointerElementType(), mode, integersAreConstant,
                          ^
/nopt/nrel/apps/cpu_stack/software/gridkit/llvm/16.0.6/include/llvm/IR/Type.h:406:5: note: 'getPointerElementType' has been explicitly marked deprecated here
  [[deprecated("Deprecated without replacement, see "
    ^
In file included from /nopt/nrel/apps/cpu_stack/software/gridkit/src/Enzyme-0.0.206/enzyme/Enzyme/GradientUtils.cpp:33:
In file included from /nopt/nrel/apps/cpu_stack/software/gridkit/src/Enzyme-0.0.206/enzyme/Enzyme/GradientUtils.h:68:
In file included from /nopt/nrel/apps/cpu_stack/software/gridkit/src/Enzyme-0.0.206/enzyme/Enzyme/ActivityAnalysis.h:49:
In file included from /nopt/nrel/apps/cpu_stack/software/gridkit/src/Enzyme-0.0.206/enzyme/Enzyme/TypeAnalysis/TypeAnalysis.h:56:
/nopt/nrel/apps/cpu_stack/software/gridkit/src/Enzyme-0.0.206/enzyme/Enzyme/TypeAnalysis/../Utils.h:532:27: warning: 'getPointerElementType' is deprecated: Deprecated without replacement, see https://llvm.org/docs/OpaquePointers.html for context and migration instructions [-Wdeprecated-declarations]
    switch (whatType(arg->getPointerElementType(), mode, integersAreConstant,
                          ^
/nopt/nrel/apps/cpu_stack/software/gridkit/llvm/16.0.6/include/llvm/IR/Type.h:406:5: note: 'getPointerElementType' has been explicitly marked deprecated here
  [[deprecated("Deprecated without replacement, see "
    ^
In file included from /nopt/nrel/apps/cpu_stack/software/gridkit/src/Enzyme-0.0.206/enzyme/Enzyme/EnzymeLogic.cpp:30:
In file included from /nopt/nrel/apps/cpu_stack/software/gridkit/src/Enzyme-0.0.206/enzyme/Enzyme/EnzymeLogic.h:47:
In file included from /nopt/nrel/apps/cpu_stack/software/gridkit/src/Enzyme-0.0.206/enzyme/Enzyme/ActivityAnalysis.h:49:
In file included from /nopt/nrel/apps/cpu_stack/software/gridkit/src/Enzyme-0.0.206/enzyme/Enzyme/TypeAnalysis/TypeAnalysis.h:56:
/nopt/nrel/apps/cpu_stack/software/gridkit/src/Enzyme-0.0.206/enzyme/Enzyme/TypeAnalysis/../Utils.h:532:27: warning: 'getPointerElementType' is deprecated: Deprecated without replacement, see https://llvm.org/docs/OpaquePointers.html for context and migration instructions [-Wdeprecated-declarations]
    switch (whatType(arg->getPointerElementType(), mode, integersAreConstant,
                          ^
/nopt/nrel/apps/cpu_stack/software/gridkit/llvm/16.0.6/include/llvm/IR/Type.h:406:5: note: 'getPointerElementType' has been explicitly marked deprecated here
  [[deprecated("Deprecated without replacement, see "
    ^
In file included from /nopt/nrel/apps/cpu_stack/software/gridkit/src/Enzyme-0.0.206/enzyme/Enzyme/DiffeGradientUtils.cpp:30:
In file included from /nopt/nrel/apps/cpu_stack/software/gridkit/src/Enzyme-0.0.206/enzyme/Enzyme/DiffeGradientUtils.h:31:
In file included from /nopt/nrel/apps/cpu_stack/software/gridkit/src/Enzyme-0.0.206/enzyme/Enzyme/GradientUtils.h:68:
In file included from /nopt/nrel/apps/cpu_stack/software/gridkit/src/Enzyme-0.0.206/enzyme/Enzyme/ActivityAnalysis.h:49:
In file included from /nopt/nrel/apps/cpu_stack/software/gridkit/src/Enzyme-0.0.206/enzyme/Enzyme/TypeAnalysis/TypeAnalysis.h:56:
/nopt/nrel/apps/cpu_stack/software/gridkit/src/Enzyme-0.0.206/enzyme/Enzyme/TypeAnalysis/../Utils.h:532:27: warning: 'getPointerElementType' is deprecated: Deprecated without replacement, see https://llvm.org/docs/OpaquePointers.html for context and migration instructions [-Wdeprecated-declarations]
    switch (whatType(arg->getPointerElementType(), mode, integersAreConstant,
                          ^
/nopt/nrel/apps/cpu_stack/software/gridkit/llvm/16.0.6/include/llvm/IR/Type.h:406:5: note: 'getPointerElementType' has been explicitly marked deprecated here
  [[deprecated("Deprecated without replacement, see "
    ^
In file included from /nopt/nrel/apps/cpu_stack/software/gridkit/src/Enzyme-0.0.206/enzyme/Enzyme/InstructionBatcher.cpp:27:
In file included from /nopt/nrel/apps/cpu_stack/software/gridkit/src/Enzyme-0.0.206/enzyme/Enzyme/InstructionBatcher.h:48:
In file included from /nopt/nrel/apps/cpu_stack/software/gridkit/src/Enzyme-0.0.206/enzyme/Enzyme/EnzymeLogic.h:47:
In file included from /nopt/nrel/apps/cpu_stack/software/gridkit/src/Enzyme-0.0.206/enzyme/Enzyme/ActivityAnalysis.h:49:
In file included from /nopt/nrel/apps/cpu_stack/software/gridkit/src/Enzyme-0.0.206/enzyme/Enzyme/TypeAnalysis/TypeAnalysis.h:56:
/nopt/nrel/apps/cpu_stack/software/gridkit/src/Enzyme-0.0.206/enzyme/Enzyme/TypeAnalysis/../Utils.h:532:27: warning: 'getPointerElementType' is deprecated: Deprecated without replacement, see https://llvm.org/docs/OpaquePointers.html for context and migration instructions [-Wdeprecated-declarations]
    switch (whatType(arg->getPointerElementType(), mode, integersAreConstant,
                          ^
/nopt/nrel/apps/cpu_stack/software/gridkit/llvm/16.0.6/include/llvm/IR/Type.h:406:5: note: 'getPointerElementType' has been explicitly marked deprecated here
  [[deprecated("Deprecated without replacement, see "
    ^
In file included from /nopt/nrel/apps/cpu_stack/software/gridkit/src/Enzyme-0.0.206/enzyme/Enzyme/InstructionBatcher.cpp:27:
In file included from /nopt/nrel/apps/cpu_stack/software/gridkit/src/Enzyme-0.0.206/enzyme/Enzyme/InstructionBatcher.h:48:
In file included from /nopt/nrel/apps/cpu_stack/software/gridkit/src/Enzyme-0.0.206/enzyme/Enzyme/EnzymeLogic.h:47:
In file included from /nopt/nrel/apps/cpu_stack/software/gridkit/src/Enzyme-0.0.206/enzyme/Enzyme/ActivityAnalysis.h:49:
In file included from /nopt/nrel/apps/cpu_stack/software/gridkit/src/Enzyme-0.0.206/enzyme/Enzyme/TypeAnalysis/TypeAnalysis.h:56:
/nopt/nrel/apps/cpu_stack/software/gridkit/src/Enzyme-0.0.206/enzyme/Enzyme/TypeAnalysis/../Utils.h:532:27: warning: 'getPointerElementType' is deprecated: Deprecated without replacement, see https://llvm.org/docs/OpaquePointers.html for context and migration instructions [-Wdeprecated-declarations]
    switch (whatType(arg->getPointerElementType(), mode, integersAreConstant,
                          ^
/nopt/nrel/apps/cpu_stack/software/gridkit/llvm/16.0.6/include/llvm/IR/Type.h:406:5: note: 'getPointerElementType' has been explicitly marked deprecated here
  [[deprecated("Deprecated without replacement, see "
    ^
In file included from /nopt/nrel/apps/cpu_stack/software/gridkit/src/Enzyme-0.0.206/enzyme/Enzyme/GradientUtils.cpp:33:
In file included from /nopt/nrel/apps/cpu_stack/software/gridkit/src/Enzyme-0.0.206/enzyme/Enzyme/GradientUtils.h:68:
In file included from /nopt/nrel/apps/cpu_stack/software/gridkit/src/Enzyme-0.0.206/enzyme/Enzyme/ActivityAnalysis.h:49:
In file included from /nopt/nrel/apps/cpu_stack/software/gridkit/src/Enzyme-0.0.206/enzyme/Enzyme/TypeAnalysis/TypeAnalysis.h:56:
/nopt/nrel/apps/cpu_stack/software/gridkit/src/Enzyme-0.0.206/enzyme/Enzyme/TypeAnalysis/../Utils.h:532:27: warning: 'getPointerElementType' is deprecated: Deprecated without replacement, see https://llvm.org/docs/OpaquePointers.html for context and migration instructions [-Wdeprecated-declarations]
    switch (whatType(arg->getPointerElementType(), mode, integersAreConstant,
                          ^
/nopt/nrel/apps/cpu_stack/software/gridkit/llvm/16.0.6/include/llvm/IR/Type.h:406:5: note: 'getPointerElementType' has been explicitly marked deprecated here
  [[deprecated("Deprecated without replacement, see "
    ^
In file included from /nopt/nrel/apps/cpu_stack/software/gridkit/src/Enzyme-0.0.206/enzyme/Enzyme/TraceGenerator.cpp:26:
In file included from /nopt/nrel/apps/cpu_stack/software/gridkit/src/Enzyme-0.0.206/enzyme/Enzyme/TraceGenerator.h:32:
In file included from /nopt/nrel/apps/cpu_stack/software/gridkit/src/Enzyme-0.0.206/enzyme/Enzyme/EnzymeLogic.h:47:
In file included from /nopt/nrel/apps/cpu_stack/software/gridkit/src/Enzyme-0.0.206/enzyme/Enzyme/ActivityAnalysis.h:49:
In file included from /nopt/nrel/apps/cpu_stack/software/gridkit/src/Enzyme-0.0.206/enzyme/Enzyme/TypeAnalysis/TypeAnalysis.h:56:
/nopt/nrel/apps/cpu_stack/software/gridkit/src/Enzyme-0.0.206/enzyme/Enzyme/TypeAnalysis/../Utils.h:532:27: warning: 'getPointerElementType' is deprecated: Deprecated without replacement, see https://llvm.org/docs/OpaquePointers.html for context and migration instructions [-Wdeprecated-declarations]
    switch (whatType(arg->getPointerElementType(), mode, integersAreConstant,
                          ^
/nopt/nrel/apps/cpu_stack/software/gridkit/llvm/16.0.6/include/llvm/IR/Type.h:406:5: note: 'getPointerElementType' has been explicitly marked deprecated here
  [[deprecated("Deprecated without replacement, see "
    ^
In file included from /nopt/nrel/apps/cpu_stack/software/gridkit/src/Enzyme-0.0.206/enzyme/Enzyme/TraceGenerator.cpp:26:
In file included from /nopt/nrel/apps/cpu_stack/software/gridkit/src/Enzyme-0.0.206/enzyme/Enzyme/TraceGenerator.h:32:
In file included from /nopt/nrel/apps/cpu_stack/software/gridkit/src/Enzyme-0.0.206/enzyme/Enzyme/EnzymeLogic.h:47:
In file included from /nopt/nrel/apps/cpu_stack/software/gridkit/src/Enzyme-0.0.206/enzyme/Enzyme/ActivityAnalysis.h:49:
In file included from /nopt/nrel/apps/cpu_stack/software/gridkit/src/Enzyme-0.0.206/enzyme/Enzyme/TypeAnalysis/TypeAnalysis.h:56:
/nopt/nrel/apps/cpu_stack/software/gridkit/src/Enzyme-0.0.206/enzyme/Enzyme/TypeAnalysis/../Utils.h:532:27: warning: 'getPointerElementType' is deprecated: Deprecated without replacement, see https://llvm.org/docs/OpaquePointers.html for context and migration instructions [-Wdeprecated-declarations]
    switch (whatType(arg->getPointerElementType(), mode, integersAreConstant,
                          ^
/nopt/nrel/apps/cpu_stack/software/gridkit/llvm/16.0.6/include/llvm/IR/Type.h:406:5: note: 'getPointerElementType' has been explicitly marked deprecated here
  [[deprecated("Deprecated without replacement, see "
    ^
In file included from /nopt/nrel/apps/cpu_stack/software/gridkit/src/Enzyme-0.0.206/enzyme/Enzyme/TypeAnalysis/TypeAnalysisPrinter.cpp:56:
In file included from /nopt/nrel/apps/cpu_stack/software/gridkit/src/Enzyme-0.0.206/enzyme/Enzyme/TypeAnalysis/../EnzymeLogic.h:47:
In file included from /nopt/nrel/apps/cpu_stack/software/gridkit/src/Enzyme-0.0.206/enzyme/Enzyme/TypeAnalysis/../ActivityAnalysis.h:49:
In file included from /nopt/nrel/apps/cpu_stack/software/gridkit/src/Enzyme-0.0.206/enzyme/Enzyme/TypeAnalysis/../TypeAnalysis/TypeAnalysis.h:56:
/nopt/nrel/apps/cpu_stack/software/gridkit/src/Enzyme-0.0.206/enzyme/Enzyme/TypeAnalysis/../Utils.h:532:27: warning: 'getPointerElementType' is deprecated: Deprecated without replacement, see https://llvm.org/docs/OpaquePointers.html for context and migration instructions [-Wdeprecated-declarations]
    switch (whatType(arg->getPointerElementType(), mode, integersAreConstant,
                          ^
/nopt/nrel/apps/cpu_stack/software/gridkit/llvm/16.0.6/include/llvm/IR/Type.h:406:5: note: 'getPointerElementType' has been explicitly marked deprecated here
  [[deprecated("Deprecated without replacement, see "
    ^
In file included from /nopt/nrel/apps/cpu_stack/software/gridkit/src/Enzyme-0.0.206/enzyme/Enzyme/TypeAnalysis/TypeAnalysisPrinter.cpp:56:
In file included from /nopt/nrel/apps/cpu_stack/software/gridkit/src/Enzyme-0.0.206/enzyme/Enzyme/TypeAnalysis/../EnzymeLogic.h:47:
In file included from /nopt/nrel/apps/cpu_stack/software/gridkit/src/Enzyme-0.0.206/enzyme/Enzyme/TypeAnalysis/../ActivityAnalysis.h:49:
In file included from /nopt/nrel/apps/cpu_stack/software/gridkit/src/Enzyme-0.0.206/enzyme/Enzyme/TypeAnalysis/../TypeAnalysis/TypeAnalysis.h:56:
/nopt/nrel/apps/cpu_stack/software/gridkit/src/Enzyme-0.0.206/enzyme/Enzyme/TypeAnalysis/../Utils.h:532:27: warning: 'getPointerElementType' is deprecated: Deprecated without replacement, see https://llvm.org/docs/OpaquePointers.html for context and migration instructions [-Wdeprecated-declarations]
    switch (whatType(arg->getPointerElementType(), mode, integersAreConstant,
                          ^
/nopt/nrel/apps/cpu_stack/software/gridkit/llvm/16.0.6/include/llvm/IR/Type.h:406:5: note: 'getPointerElementType' has been explicitly marked deprecated here
  [[deprecated("Deprecated without replacement, see "
    ^
/nopt/nrel/apps/cpu_stack/software/gridkit/src/Enzyme-0.0.206/enzyme/Enzyme/CacheUtility.cpp:1392:47: warning: 'getPointerElementType' is deprecated: Deprecated without replacement, see https://llvm.org/docs/OpaquePointers.html for context and migration instructions [-Wdeprecated-declarations]
    if (tostore->getType() != loc->getType()->getPointerElementType()) {
                                              ^
/nopt/nrel/apps/cpu_stack/software/gridkit/llvm/16.0.6/include/llvm/IR/Type.h:406:5: note: 'getPointerElementType' has been explicitly marked deprecated here
  [[deprecated("Deprecated without replacement, see "
    ^
In file included from /nopt/nrel/apps/cpu_stack/software/gridkit/src/Enzyme-0.0.206/enzyme/Enzyme/CallDerivatives.cpp:27:
In file included from /nopt/nrel/apps/cpu_stack/software/gridkit/src/Enzyme-0.0.206/enzyme/Enzyme/AdjointGenerator.h:42:
In file included from /nopt/nrel/apps/cpu_stack/software/gridkit/src/Enzyme-0.0.206/enzyme/Enzyme/DiffeGradientUtils.h:31:
In file included from /nopt/nrel/apps/cpu_stack/software/gridkit/src/Enzyme-0.0.206/enzyme/Enzyme/GradientUtils.h:68:
In file included from /nopt/nrel/apps/cpu_stack/software/gridkit/src/Enzyme-0.0.206/enzyme/Enzyme/ActivityAnalysis.h:49:
In file included from /nopt/nrel/apps/cpu_stack/software/gridkit/src/Enzyme-0.0.206/enzyme/Enzyme/TypeAnalysis/TypeAnalysis.h:56:
/nopt/nrel/apps/cpu_stack/software/gridkit/src/Enzyme-0.0.206/enzyme/Enzyme/TypeAnalysis/../Utils.h:532:27: warning: 'getPointerElementType' is deprecated: Deprecated without replacement, see https://llvm.org/docs/OpaquePointers.html for context and migration instructions [-Wdeprecated-declarations]
    switch (whatType(arg->getPointerElementType(), mode, integersAreConstant,
                          ^
/nopt/nrel/apps/cpu_stack/software/gridkit/llvm/16.0.6/include/llvm/IR/Type.h:406:5: note: 'getPointerElementType' has been explicitly marked deprecated here
  [[deprecated("Deprecated without replacement, see "
    ^
/nopt/nrel/apps/cpu_stack/software/gridkit/src/Enzyme-0.0.206/enzyme/Enzyme/CacheUtility.cpp:1397:50: warning: 'getPointerElementType' is deprecated: Deprecated without replacement, see https://llvm.org/docs/OpaquePointers.html for context and migration instructions [-Wdeprecated-declarations]
    assert(tostore->getType() == loc->getType()->getPointerElementType());
                                                 ^
/nopt/nrel/apps/cpu_stack/software/gridkit/llvm/16.0.6/include/llvm/IR/Type.h:406:5: note: 'getPointerElementType' has been explicitly marked deprecated here
  [[deprecated("Deprecated without replacement, see "
    ^
In file included from /nopt/nrel/apps/cpu_stack/software/gridkit/src/Enzyme-0.0.206/enzyme/Enzyme/TypeAnalysis/TypeAnalysisPrinter.cpp:56:
In file included from /nopt/nrel/apps/cpu_stack/software/gridkit/src/Enzyme-0.0.206/enzyme/Enzyme/TypeAnalysis/../EnzymeLogic.h:47:
In file included from /nopt/nrel/apps/cpu_stack/software/gridkit/src/Enzyme-0.0.206/enzyme/Enzyme/TypeAnalysis/../ActivityAnalysis.h:49:
In file included from /nopt/nrel/apps/cpu_stack/software/gridkit/src/Enzyme-0.0.206/enzyme/Enzyme/TypeAnalysis/../TypeAnalysis/TypeAnalysis.h:56:
/nopt/nrel/apps/cpu_stack/software/gridkit/src/Enzyme-0.0.206/enzyme/Enzyme/TypeAnalysis/../Utils.h:532:27: warning: 'getPointerElementType' is deprecated: Deprecated without replacement, see https://llvm.org/docs/OpaquePointers.html for context and migration instructions [-Wdeprecated-declarations]
    switch (whatType(arg->getPointerElementType(), mode, integersAreConstant,
                          ^
/nopt/nrel/apps/cpu_stack/software/gridkit/llvm/16.0.6/include/llvm/IR/Type.h:406:5: note: 'getPointerElementType' has been explicitly marked deprecated here
  [[deprecated("Deprecated without replacement, see "
    ^
/nopt/nrel/apps/cpu_stack/software/gridkit/src/Enzyme-0.0.206/enzyme/Enzyme/CacheUtility.cpp:1392:47: warning: 'getPointerElementType' is deprecated: Deprecated without replacement, see https://llvm.org/docs/OpaquePointers.html for context and migration instructions [-Wdeprecated-declarations]
    if (tostore->getType() != loc->getType()->getPointerElementType()) {
                                              ^
/nopt/nrel/apps/cpu_stack/software/gridkit/llvm/16.0.6/include/llvm/IR/Type.h:406:5: note: 'getPointerElementType' has been explicitly marked deprecated here
  [[deprecated("Deprecated without replacement, see "
    ^
/nopt/nrel/apps/cpu_stack/software/gridkit/src/Enzyme-0.0.206/enzyme/Enzyme/CacheUtility.cpp:1397:50: warning: 'getPointerElementType' is deprecated: Deprecated without replacement, see https://llvm.org/docs/OpaquePointers.html for context and migration instructions [-Wdeprecated-declarations]
    assert(tostore->getType() == loc->getType()->getPointerElementType());
                                                 ^
/nopt/nrel/apps/cpu_stack/software/gridkit/llvm/16.0.6/include/llvm/IR/Type.h:406:5: note: 'getPointerElementType' has been explicitly marked deprecated here
  [[deprecated("Deprecated without replacement, see "
    ^
In file included from /nopt/nrel/apps/cpu_stack/software/gridkit/src/Enzyme-0.0.206/enzyme/Enzyme/TypeAnalysis/TypeAnalysis.cpp:54:
In file included from /nopt/nrel/apps/cpu_stack/software/gridkit/src/Enzyme-0.0.206/enzyme/Enzyme/TypeAnalysis/../EnzymeLogic.h:47:
In file included from /nopt/nrel/apps/cpu_stack/software/gridkit/src/Enzyme-0.0.206/enzyme/Enzyme/TypeAnalysis/../ActivityAnalysis.h:49:
In file included from /nopt/nrel/apps/cpu_stack/software/gridkit/src/Enzyme-0.0.206/enzyme/Enzyme/TypeAnalysis/../TypeAnalysis/TypeAnalysis.h:56:
/nopt/nrel/apps/cpu_stack/software/gridkit/src/Enzyme-0.0.206/enzyme/Enzyme/TypeAnalysis/../Utils.h:532:27: warning: 'getPointerElementType' is deprecated: Deprecated without replacement, see https://llvm.org/docs/OpaquePointers.html for context and migration instructions [-Wdeprecated-declarations]
    switch (whatType(arg->getPointerElementType(), mode, integersAreConstant,
                          ^
/nopt/nrel/apps/cpu_stack/software/gridkit/llvm/16.0.6/include/llvm/IR/Type.h:406:5: note: 'getPointerElementType' has been explicitly marked deprecated here
  [[deprecated("Deprecated without replacement, see "
    ^
In file included from /nopt/nrel/apps/cpu_stack/software/gridkit/src/Enzyme-0.0.206/enzyme/Enzyme/TypeAnalysis/TypeAnalysis.cpp:54:
In file included from /nopt/nrel/apps/cpu_stack/software/gridkit/src/Enzyme-0.0.206/enzyme/Enzyme/TypeAnalysis/../EnzymeLogic.h:47:
In file included from /nopt/nrel/apps/cpu_stack/software/gridkit/src/Enzyme-0.0.206/enzyme/Enzyme/TypeAnalysis/../ActivityAnalysis.h:49:
In file included from /nopt/nrel/apps/cpu_stack/software/gridkit/src/Enzyme-0.0.206/enzyme/Enzyme/TypeAnalysis/../TypeAnalysis/TypeAnalysis.h:56:
/nopt/nrel/apps/cpu_stack/software/gridkit/src/Enzyme-0.0.206/enzyme/Enzyme/TypeAnalysis/../Utils.h:532:27: warning: 'getPointerElementType' is deprecated: Deprecated without replacement, see https://llvm.org/docs/OpaquePointers.html for context and migration instructions [-Wdeprecated-declarations]
    switch (whatType(arg->getPointerElementType(), mode, integersAreConstant,
                          ^
/nopt/nrel/apps/cpu_stack/software/gridkit/llvm/16.0.6/include/llvm/IR/Type.h:406:5: note: 'getPointerElementType' has been explicitly marked deprecated here
  [[deprecated("Deprecated without replacement, see "
    ^
In file included from /nopt/nrel/apps/cpu_stack/software/gridkit/src/Enzyme-0.0.206/enzyme/Enzyme/TypeAnalysis/TypeAnalysis.cpp:54:
In file included from /nopt/nrel/apps/cpu_stack/software/gridkit/src/Enzyme-0.0.206/enzyme/Enzyme/TypeAnalysis/../EnzymeLogic.h:47:
In file included from /nopt/nrel/apps/cpu_stack/software/gridkit/src/Enzyme-0.0.206/enzyme/Enzyme/TypeAnalysis/../ActivityAnalysis.h:49:
In file included from /nopt/nrel/apps/cpu_stack/software/gridkit/src/Enzyme-0.0.206/enzyme/Enzyme/TypeAnalysis/../TypeAnalysis/TypeAnalysis.h:56:
/nopt/nrel/apps/cpu_stack/software/gridkit/src/Enzyme-0.0.206/enzyme/Enzyme/TypeAnalysis/../Utils.h:532:27: warning: 'getPointerElementType' is deprecated: Deprecated without replacement, see https://llvm.org/docs/OpaquePointers.html for context and migration instructions [-Wdeprecated-declarations]
    switch (whatType(arg->getPointerElementType(), mode, integersAreConstant,
                          ^
/nopt/nrel/apps/cpu_stack/software/gridkit/llvm/16.0.6/include/llvm/IR/Type.h:406:5: note: 'getPointerElementType' has been explicitly marked deprecated here
  [[deprecated("Deprecated without replacement, see "
    ^
/nopt/nrel/apps/cpu_stack/software/gridkit/src/Enzyme-0.0.206/enzyme/Enzyme/ActivityAnalysisPrinter.cpp:90:32: warning: 'getPointerElementType' is deprecated: Deprecated without replacement, see https://llvm.org/docs/OpaquePointers.html for context and migration instructions [-Wdeprecated-declarations]
        auto et = a.getType()->getPointerElementType();
                               ^
/nopt/nrel/apps/cpu_stack/software/gridkit/llvm/16.0.6/include/llvm/IR/Type.h:406:5: note: 'getPointerElementType' has been explicitly marked deprecated here
  [[deprecated("Deprecated without replacement, see "
    ^
/nopt/nrel/apps/cpu_stack/software/gridkit/src/Enzyme-0.0.206/enzyme/Enzyme/ActivityAnalysisPrinter.cpp:115:36: warning: 'getPointerElementType' is deprecated: Deprecated without replacement, see https://llvm.org/docs/OpaquePointers.html for context and migration instructions [-Wdeprecated-declarations]
      auto et = F.getReturnType()->getPointerElementType();
                                   ^
/nopt/nrel/apps/cpu_stack/software/gridkit/llvm/16.0.6/include/llvm/IR/Type.h:406:5: note: 'getPointerElementType' has been explicitly marked deprecated here
  [[deprecated("Deprecated without replacement, see "
    ^
In file included from /nopt/nrel/apps/cpu_stack/software/gridkit/src/Enzyme-0.0.206/enzyme/Enzyme/CallDerivatives.cpp:27:
In file included from /nopt/nrel/apps/cpu_stack/software/gridkit/src/Enzyme-0.0.206/enzyme/Enzyme/AdjointGenerator.h:42:
In file included from /nopt/nrel/apps/cpu_stack/software/gridkit/src/Enzyme-0.0.206/enzyme/Enzyme/DiffeGradientUtils.h:31:
In file included from /nopt/nrel/apps/cpu_stack/software/gridkit/src/Enzyme-0.0.206/enzyme/Enzyme/GradientUtils.h:68:
In file included from /nopt/nrel/apps/cpu_stack/software/gridkit/src/Enzyme-0.0.206/enzyme/Enzyme/ActivityAnalysis.h:49:
In file included from /nopt/nrel/apps/cpu_stack/software/gridkit/src/Enzyme-0.0.206/enzyme/Enzyme/TypeAnalysis/TypeAnalysis.h:56:
/nopt/nrel/apps/cpu_stack/software/gridkit/src/Enzyme-0.0.206/enzyme/Enzyme/TypeAnalysis/../Utils.h:532:27: warning: 'getPointerElementType' is deprecated: Deprecated without replacement, see https://llvm.org/docs/OpaquePointers.html for context and migration instructions [-Wdeprecated-declarations]
    switch (whatType(arg->getPointerElementType(), mode, integersAreConstant,
                          ^
/nopt/nrel/apps/cpu_stack/software/gridkit/llvm/16.0.6/include/llvm/IR/Type.h:406:5: note: 'getPointerElementType' has been explicitly marked deprecated here
  [[deprecated("Deprecated without replacement, see "
    ^
/nopt/nrel/apps/cpu_stack/software/gridkit/src/Enzyme-0.0.206/enzyme/Enzyme/ActivityAnalysisPrinter.cpp:90:32: warning: 'getPointerElementType' is deprecated: Deprecated without replacement, see https://llvm.org/docs/OpaquePointers.html for context and migration instructions [-Wdeprecated-declarations]
        auto et = a.getType()->getPointerElementType();
                               ^
/nopt/nrel/apps/cpu_stack/software/gridkit/llvm/16.0.6/include/llvm/IR/Type.h:406:5: note: 'getPointerElementType' has been explicitly marked deprecated here
  [[deprecated("Deprecated without replacement, see "
    ^
/nopt/nrel/apps/cpu_stack/software/gridkit/src/Enzyme-0.0.206/enzyme/Enzyme/ActivityAnalysisPrinter.cpp:115:36: warning: 'getPointerElementType' is deprecated: Deprecated without replacement, see https://llvm.org/docs/OpaquePointers.html for context and migration instructions [-Wdeprecated-declarations]
      auto et = F.getReturnType()->getPointerElementType();
                                   ^
/nopt/nrel/apps/cpu_stack/software/gridkit/llvm/16.0.6/include/llvm/IR/Type.h:406:5: note: 'getPointerElementType' has been explicitly marked deprecated here
  [[deprecated("Deprecated without replacement, see "
    ^
/nopt/nrel/apps/cpu_stack/software/gridkit/src/Enzyme-0.0.206/enzyme/Enzyme/DiffeGradientUtils.cpp:199:43: warning: 'getPointerElementType' is deprecated: Deprecated without replacement, see https://llvm.org/docs/OpaquePointers.html for context and migration instructions [-Wdeprecated-declarations]
    assert(differentials[val]->getType()->getPointerElementType() == type);
                                          ^
/nopt/nrel/apps/cpu_stack/software/gridkit/llvm/16.0.6/include/llvm/IR/Type.h:406:5: note: 'getPointerElementType' has been explicitly marked deprecated here
  [[deprecated("Deprecated without replacement, see "
    ^
/nopt/nrel/apps/cpu_stack/software/gridkit/src/Enzyme-0.0.206/enzyme/Enzyme/DiffeGradientUtils.cpp:714:49: warning: 'getPointerElementType' is deprecated: Deprecated without replacement, see https://llvm.org/docs/OpaquePointers.html for context and migration instructions [-Wdeprecated-declarations]
    if (toset->getType() != tostore->getType()->getPointerElementType()) {
                                                ^
/nopt/nrel/apps/cpu_stack/software/gridkit/llvm/16.0.6/include/llvm/IR/Type.h:406:5: note: 'getPointerElementType' has been explicitly marked deprecated here
  [[deprecated("Deprecated without replacement, see "
    ^
/nopt/nrel/apps/cpu_stack/software/gridkit/src/Enzyme-0.0.206/enzyme/Enzyme/DiffeGradientUtils.cpp:718:52: warning: 'getPointerElementType' is deprecated: Deprecated without replacement, see https://llvm.org/docs/OpaquePointers.html for context and migration instructions [-Wdeprecated-declarations]
    assert(toset->getType() == tostore->getType()->getPointerElementType());
                                                   ^
/nopt/nrel/apps/cpu_stack/software/gridkit/llvm/16.0.6/include/llvm/IR/Type.h:406:5: note: 'getPointerElementType' has been explicitly marked deprecated here
  [[deprecated("Deprecated without replacement, see "
    ^
/nopt/nrel/apps/cpu_stack/software/gridkit/src/Enzyme-0.0.206/enzyme/Enzyme/DiffeGradientUtils.cpp:761:33: warning: 'getPointerElementType' is deprecated: Deprecated without replacement, see https://llvm.org/docs/OpaquePointers.html for context and migration instructions [-Wdeprecated-declarations]
    T = metaforfree->getType()->getPointerElementType();
                                ^
/nopt/nrel/apps/cpu_stack/software/gridkit/llvm/16.0.6/include/llvm/IR/Type.h:406:5: note: 'getPointerElementType' has been explicitly marked deprecated here
  [[deprecated("Deprecated without replacement, see "
    ^
/nopt/nrel/apps/cpu_stack/software/gridkit/src/Enzyme-0.0.206/enzyme/Enzyme/DiffeGradientUtils.cpp:825:37: warning: 'getPointerElementType' is deprecated: Deprecated without replacement, see https://llvm.org/docs/OpaquePointers.html for context and migration instructions [-Wdeprecated-declarations]
    needsCast = origptr->getType()->getPointerElementType() != addingType;
                                    ^
/nopt/nrel/apps/cpu_stack/software/gridkit/llvm/16.0.6/include/llvm/IR/Type.h:406:5: note: 'getPointerElementType' has been explicitly marked deprecated here
  [[deprecated("Deprecated without replacement, see "
    ^
In file included from /nopt/nrel/apps/cpu_stack/software/gridkit/src/Enzyme-0.0.206/enzyme/Enzyme/Enzyme.cpp:76:
In file included from /nopt/nrel/apps/cpu_stack/software/gridkit/src/Enzyme-0.0.206/enzyme/Enzyme/ActivityAnalysis.h:49:
In file included from /nopt/nrel/apps/cpu_stack/software/gridkit/src/Enzyme-0.0.206/enzyme/Enzyme/TypeAnalysis/TypeAnalysis.h:56:
/nopt/nrel/apps/cpu_stack/software/gridkit/src/Enzyme-0.0.206/enzyme/Enzyme/TypeAnalysis/../Utils.h:532:27: warning: 'getPointerElementType' is deprecated: Deprecated without replacement, see https://llvm.org/docs/OpaquePointers.html for context and migration instructions [-Wdeprecated-declarations]
    switch (whatType(arg->getPointerElementType(), mode, integersAreConstant,
                          ^
/nopt/nrel/apps/cpu_stack/software/gridkit/llvm/16.0.6/include/llvm/IR/Type.h:406:5: note: 'getPointerElementType' has been explicitly marked deprecated here
  [[deprecated("Deprecated without replacement, see "
    ^
In file included from /nopt/nrel/apps/cpu_stack/software/gridkit/src/Enzyme-0.0.206/enzyme/Enzyme/Enzyme.cpp:76:
In file included from /nopt/nrel/apps/cpu_stack/software/gridkit/src/Enzyme-0.0.206/enzyme/Enzyme/ActivityAnalysis.h:49:
In file included from /nopt/nrel/apps/cpu_stack/software/gridkit/src/Enzyme-0.0.206/enzyme/Enzyme/TypeAnalysis/TypeAnalysis.h:56:
/nopt/nrel/apps/cpu_stack/software/gridkit/src/Enzyme-0.0.206/enzyme/Enzyme/TypeAnalysis/../Utils.h:532:27: warning: 'getPointerElementType' is deprecated: Deprecated without replacement, see https://llvm.org/docs/OpaquePointers.html for context and migration instructions [-Wdeprecated-declarations]
    switch (whatType(arg->getPointerElementType(), mode, integersAreConstant,
                          ^
/nopt/nrel/apps/cpu_stack/software/gridkit/llvm/16.0.6/include/llvm/IR/Type.h:406:5: note: 'getPointerElementType' has been explicitly marked deprecated here
  [[deprecated("Deprecated without replacement, see "
    ^
/nopt/nrel/apps/cpu_stack/software/gridkit/src/Enzyme-0.0.206/enzyme/Enzyme/TypeAnalysis/TypeAnalysisPrinter.cpp:91:51: warning: 'getPointerElementType' is deprecated: Deprecated without replacement, see https://llvm.org/docs/OpaquePointers.html for context and migration instructions [-Wdeprecated-declarations]
        auto et = cast<PointerType>(a.getType())->getPointerElementType();
                                                  ^
/nopt/nrel/apps/cpu_stack/software/gridkit/llvm/16.0.6/include/llvm/IR/Type.h:406:5: note: 'getPointerElementType' has been explicitly marked deprecated here
  [[deprecated("Deprecated without replacement, see "
    ^
/nopt/nrel/apps/cpu_stack/software/gridkit/src/Enzyme-0.0.206/enzyme/Enzyme/TypeAnalysis/TypeAnalysisPrinter.cpp:91:51: warning: 'getPointerElementType' is deprecated: Deprecated without replacement, see https://llvm.org/docs/OpaquePointers.html for context and migration instructions [-Wdeprecated-declarations]
        auto et = cast<PointerType>(a.getType())->getPointerElementType();
                                                  ^
/nopt/nrel/apps/cpu_stack/software/gridkit/llvm/16.0.6/include/llvm/IR/Type.h:406:5: note: 'getPointerElementType' has been explicitly marked deprecated here
  [[deprecated("Deprecated without replacement, see "
    ^
/nopt/nrel/apps/cpu_stack/software/gridkit/src/Enzyme-0.0.206/enzyme/Enzyme/TypeAnalysis/TypeAnalysisPrinter.cpp:121:55: warning: 'getPointerElementType' is deprecated: Deprecated without replacement, see https://llvm.org/docs/OpaquePointers.html for context and migration instructions [-Wdeprecated-declarations]
      auto et = cast<PointerType>(F.getReturnType())->getPointerElementType();
                                                      ^
/nopt/nrel/apps/cpu_stack/software/gridkit/llvm/16.0.6/include/llvm/IR/Type.h:406:5: note: 'getPointerElementType' has been explicitly marked deprecated here
  [[deprecated("Deprecated without replacement, see "
    ^
/nopt/nrel/apps/cpu_stack/software/gridkit/src/Enzyme-0.0.206/enzyme/Enzyme/TypeAnalysis/TypeAnalysisPrinter.cpp:91:51: warning: 'getPointerElementType' is deprecated: Deprecated without replacement, see https://llvm.org/docs/OpaquePointers.html for context and migration instructions [-Wdeprecated-declarations]
        auto et = cast<PointerType>(a.getType())->getPointerElementType();
                                                  ^
/nopt/nrel/apps/cpu_stack/software/gridkit/llvm/16.0.6/include/llvm/IR/Type.h:406:5: note: 'getPointerElementType' has been explicitly marked deprecated here
  [[deprecated("Deprecated without replacement, see "
    ^
/nopt/nrel/apps/cpu_stack/software/gridkit/src/Enzyme-0.0.206/enzyme/Enzyme/DiffeGradientUtils.cpp:199:43: warning: 'getPointerElementType' is deprecated: Deprecated without replacement, see https://llvm.org/docs/OpaquePointers.html for context and migration instructions [-Wdeprecated-declarations]
    assert(differentials[val]->getType()->getPointerElementType() == type);
                                          ^
/nopt/nrel/apps/cpu_stack/software/gridkit/llvm/16.0.6/include/llvm/IR/Type.h:406:5: note: 'getPointerElementType' has been explicitly marked deprecated here
  [[deprecated("Deprecated without replacement, see "
    ^
/nopt/nrel/apps/cpu_stack/software/gridkit/src/Enzyme-0.0.206/enzyme/Enzyme/TypeAnalysis/TypeAnalysisPrinter.cpp:121:55: warning: 'getPointerElementType' is deprecated: Deprecated without replacement, see https://llvm.org/docs/OpaquePointers.html for context and migration instructions [-Wdeprecated-declarations]
      auto et = cast<PointerType>(F.getReturnType())->getPointerElementType();
                                                      ^
/nopt/nrel/apps/cpu_stack/software/gridkit/llvm/16.0.6/include/llvm/IR/Type.h:406:5: note: 'getPointerElementType' has been explicitly marked deprecated here
  [[deprecated("Deprecated without replacement, see "
    ^
/nopt/nrel/apps/cpu_stack/software/gridkit/src/Enzyme-0.0.206/enzyme/Enzyme/TypeAnalysis/TypeAnalysisPrinter.cpp:121:55: warning: 'getPointerElementType' is deprecated: Deprecated without replacement, see https://llvm.org/docs/OpaquePointers.html for context and migration instructions [-Wdeprecated-declarations]
      auto et = cast<PointerType>(F.getReturnType())->getPointerElementType();
                                                      ^
/nopt/nrel/apps/cpu_stack/software/gridkit/llvm/16.0.6/include/llvm/IR/Type.h:406:5: note: 'getPointerElementType' has been explicitly marked deprecated here
  [[deprecated("Deprecated without replacement, see "
    ^
/nopt/nrel/apps/cpu_stack/software/gridkit/src/Enzyme-0.0.206/enzyme/Enzyme/PreserveNVVM.cpp:193:44: warning: 'getPointerElementType' is deprecated: Deprecated without replacement, see https://llvm.org/docs/OpaquePointers.html for context and migration instructions [-Wdeprecated-declarations]
                    subTy = arg.getType()->getPointerElementType();
                                           ^
/nopt/nrel/apps/cpu_stack/software/gridkit/src/Enzyme-0.0.206/enzyme/Enzyme/PreserveNVVM.cpp:459:7: note: in instantiation of function template specialization 'handleCustomDerivative<gradient_handler_name, DerivativeMode::ReverseModeGradient, 3>' requested here
      handleCustomDerivative<gradient_handler_name,
      ^
/nopt/nrel/apps/cpu_stack/software/gridkit/llvm/16.0.6/include/llvm/IR/Type.h:406:5: note: 'getPointerElementType' has been explicitly marked deprecated here
  [[deprecated("Deprecated without replacement, see "
    ^
/nopt/nrel/apps/cpu_stack/software/gridkit/src/Enzyme-0.0.206/enzyme/Enzyme/PreserveNVVM.cpp:193:44: warning: 'getPointerElementType' is deprecated: Deprecated without replacement, see https://llvm.org/docs/OpaquePointers.html for context and migration instructions [-Wdeprecated-declarations]
                    subTy = arg.getType()->getPointerElementType();
                                           ^
/nopt/nrel/apps/cpu_stack/software/gridkit/src/Enzyme-0.0.206/enzyme/Enzyme/PreserveNVVM.cpp:459:7: note: in instantiation of function template specialization 'handleCustomDerivative<gradient_handler_name, DerivativeMode::ReverseModeGradient, 3>' requested here
      handleCustomDerivative<gradient_handler_name,
      ^
/nopt/nrel/apps/cpu_stack/software/gridkit/llvm/16.0.6/include/llvm/IR/Type.h:406:5: note: 'getPointerElementType' has been explicitly marked deprecated here
  [[deprecated("Deprecated without replacement, see "
    ^
/nopt/nrel/apps/cpu_stack/software/gridkit/src/Enzyme-0.0.206/enzyme/Enzyme/PreserveNVVM.cpp:193:44: warning: 'getPointerElementType' is deprecated: Deprecated without replacement, see https://llvm.org/docs/OpaquePointers.html for context and migration instructions [-Wdeprecated-declarations]
                    subTy = arg.getType()->getPointerElementType();
                                           ^
/nopt/nrel/apps/cpu_stack/software/gridkit/src/Enzyme-0.0.206/enzyme/Enzyme/PreserveNVVM.cpp:459:7: note: in instantiation of function template specialization 'handleCustomDerivative<gradient_handler_name, DerivativeMode::ReverseModeGradient, 3>' requested here
      handleCustomDerivative<gradient_handler_name,
      ^
/nopt/nrel/apps/cpu_stack/software/gridkit/llvm/16.0.6/include/llvm/IR/Type.h:406:5: note: 'getPointerElementType' has been explicitly marked deprecated here
  [[deprecated("Deprecated without replacement, see "
    ^
/nopt/nrel/apps/cpu_stack/software/gridkit/src/Enzyme-0.0.206/enzyme/Enzyme/DiffeGradientUtils.cpp:714:49: warning: 'getPointerElementType' is deprecated: Deprecated without replacement, see https://llvm.org/docs/OpaquePointers.html for context and migration instructions [-Wdeprecated-declarations]
    if (toset->getType() != tostore->getType()->getPointerElementType()) {
                                                ^
/nopt/nrel/apps/cpu_stack/software/gridkit/llvm/16.0.6/include/llvm/IR/Type.h:406:5: note: 'getPointerElementType' has been explicitly marked deprecated here
  [[deprecated("Deprecated without replacement, see "
    ^
/nopt/nrel/apps/cpu_stack/software/gridkit/src/Enzyme-0.0.206/enzyme/Enzyme/DiffeGradientUtils.cpp:718:52: warning: 'getPointerElementType' is deprecated: Deprecated without replacement, see https://llvm.org/docs/OpaquePointers.html for context and migration instructions [-Wdeprecated-declarations]
    assert(toset->getType() == tostore->getType()->getPointerElementType());
                                                   ^
/nopt/nrel/apps/cpu_stack/software/gridkit/llvm/16.0.6/include/llvm/IR/Type.h:406:5: note: 'getPointerElementType' has been explicitly marked deprecated here
  [[deprecated("Deprecated without replacement, see "
    ^
/nopt/nrel/apps/cpu_stack/software/gridkit/src/Enzyme-0.0.206/enzyme/Enzyme/DiffeGradientUtils.cpp:761:33: warning: 'getPointerElementType' is deprecated: Deprecated without replacement, see https://llvm.org/docs/OpaquePointers.html for context and migration instructions [-Wdeprecated-declarations]
    T = metaforfree->getType()->getPointerElementType();
                                ^
/nopt/nrel/apps/cpu_stack/software/gridkit/llvm/16.0.6/include/llvm/IR/Type.h:406:5: note: 'getPointerElementType' has been explicitly marked deprecated here
  [[deprecated("Deprecated without replacement, see "
    ^
/nopt/nrel/apps/cpu_stack/software/gridkit/src/Enzyme-0.0.206/enzyme/Enzyme/DiffeGradientUtils.cpp:825:37: warning: 'getPointerElementType' is deprecated: Deprecated without replacement, see https://llvm.org/docs/OpaquePointers.html for context and migration instructions [-Wdeprecated-declarations]
    needsCast = origptr->getType()->getPointerElementType() != addingType;
                                    ^
/nopt/nrel/apps/cpu_stack/software/gridkit/llvm/16.0.6/include/llvm/IR/Type.h:406:5: note: 'getPointerElementType' has been explicitly marked deprecated here
  [[deprecated("Deprecated without replacement, see "
    ^
/nopt/nrel/apps/cpu_stack/software/gridkit/src/Enzyme-0.0.206/enzyme/Enzyme/DiffeGradientUtils.cpp:199:43: warning: 'getPointerElementType' is deprecated: Deprecated without replacement, see https://llvm.org/docs/OpaquePointers.html for context and migration instructions [-Wdeprecated-declarations]
    assert(differentials[val]->getType()->getPointerElementType() == type);
                                          ^
/nopt/nrel/apps/cpu_stack/software/gridkit/llvm/16.0.6/include/llvm/IR/Type.h:406:5: note: 'getPointerElementType' has been explicitly marked deprecated here
  [[deprecated("Deprecated without replacement, see "
    ^
In file included from /nopt/nrel/apps/cpu_stack/software/gridkit/src/Enzyme-0.0.206/enzyme/Enzyme/CallDerivatives.cpp:27:
/nopt/nrel/apps/cpu_stack/software/gridkit/src/Enzyme-0.0.206/enzyme/Enzyme/AdjointGenerator.h:3089:29: warning: 'getPointerElementType' is deprecated: Deprecated without replacement, see https://llvm.org/docs/OpaquePointers.html for context and migration instructions [-Wdeprecated-declarations]
              auto ET = PT->getPointerElementType();
                            ^
/nopt/nrel/apps/cpu_stack/software/gridkit/llvm/16.0.6/include/llvm/IR/Type.h:406:5: note: 'getPointerElementType' has been explicitly marked deprecated here
  [[deprecated("Deprecated without replacement, see "
    ^
In file included from /nopt/nrel/apps/cpu_stack/software/gridkit/src/Enzyme-0.0.206/enzyme/Enzyme/Enzyme.cpp:76:
In file included from /nopt/nrel/apps/cpu_stack/software/gridkit/src/Enzyme-0.0.206/enzyme/Enzyme/ActivityAnalysis.h:49:
In file included from /nopt/nrel/apps/cpu_stack/software/gridkit/src/Enzyme-0.0.206/enzyme/Enzyme/TypeAnalysis/TypeAnalysis.h:56:
/nopt/nrel/apps/cpu_stack/software/gridkit/src/Enzyme-0.0.206/enzyme/Enzyme/TypeAnalysis/../Utils.h:532:27: warning: 'getPointerElementType' is deprecated: Deprecated without replacement, see https://llvm.org/docs/OpaquePointers.html for context and migration instructions [-Wdeprecated-declarations]
    switch (whatType(arg->getPointerElementType(), mode, integersAreConstant,
                          ^
/nopt/nrel/apps/cpu_stack/software/gridkit/llvm/16.0.6/include/llvm/IR/Type.h:406:5: note: 'getPointerElementType' has been explicitly marked deprecated here
  [[deprecated("Deprecated without replacement, see "
    ^
In file included from /nopt/nrel/apps/cpu_stack/software/gridkit/src/Enzyme-0.0.206/enzyme/Enzyme/CallDerivatives.cpp:27:
/nopt/nrel/apps/cpu_stack/software/gridkit/src/Enzyme-0.0.206/enzyme/Enzyme/AdjointGenerator.h:3404:31: warning: 'getPointerElementType' is deprecated: Deprecated without replacement, see https://llvm.org/docs/OpaquePointers.html for context and migration instructions [-Wdeprecated-declarations]
                auto ET = PT->getPointerElementType();
                              ^
/nopt/nrel/apps/cpu_stack/software/gridkit/llvm/16.0.6/include/llvm/IR/Type.h:406:5: note: 'getPointerElementType' has been explicitly marked deprecated here
  [[deprecated("Deprecated without replacement, see "
    ^
/nopt/nrel/apps/cpu_stack/software/gridkit/src/Enzyme-0.0.206/enzyme/Enzyme/Utils.cpp:412:24: warning: 'getPointerElementType' is deprecated: Deprecated without replacement, see https://llvm.org/docs/OpaquePointers.html for context and migration instructions [-Wdeprecated-declarations]
      needsCast = !PT->getPointerElementType()->isIntegerTy(8);
                       ^
/nopt/nrel/apps/cpu_stack/software/gridkit/llvm/16.0.6/include/llvm/IR/Type.h:406:5: note: 'getPointerElementType' has been explicitly marked deprecated here
  [[deprecated("Deprecated without replacement, see "
    ^
/nopt/nrel/apps/cpu_stack/software/gridkit/src/Enzyme-0.0.206/enzyme/Enzyme/Utils.cpp:412:24: warning: 'getPointerElementType' is deprecated: Deprecated without replacement, see https://llvm.org/docs/OpaquePointers.html for context and migration instructions [-Wdeprecated-declarations]
      needsCast = !PT->getPointerElementType()->isIntegerTy(8);
                       ^
/nopt/nrel/apps/cpu_stack/software/gridkit/llvm/16.0.6/include/llvm/IR/Type.h:406:5: note: 'getPointerElementType' has been explicitly marked deprecated here
  [[deprecated("Deprecated without replacement, see "
    ^
/nopt/nrel/apps/cpu_stack/software/gridkit/src/Enzyme-0.0.206/enzyme/Enzyme/Utils.cpp:412:24: warning: 'getPointerElementType' is deprecated: Deprecated without replacement, see https://llvm.org/docs/OpaquePointers.html for context and migration instructions [-Wdeprecated-declarations]
      needsCast = !PT->getPointerElementType()->isIntegerTy(8);
                       ^
/nopt/nrel/apps/cpu_stack/software/gridkit/llvm/16.0.6/include/llvm/IR/Type.h:406:5: note: 'getPointerElementType' has been explicitly marked deprecated here
  [[deprecated("Deprecated without replacement, see "
    ^
/nopt/nrel/apps/cpu_stack/software/gridkit/src/Enzyme-0.0.206/enzyme/Enzyme/Utils.cpp:780:35: warning: 'getPointerElementType' is deprecated: Deprecated without replacement, see https://llvm.org/docs/OpaquePointers.html for context and migration instructions [-Wdeprecated-declarations]
    if (fpType != ptr->getType()->getPointerElementType()) {
                                  ^
/nopt/nrel/apps/cpu_stack/software/gridkit/llvm/16.0.6/include/llvm/IR/Type.h:406:5: note: 'getPointerElementType' has been explicitly marked deprecated here
  [[deprecated("Deprecated without replacement, see "
    ^
/nopt/nrel/apps/cpu_stack/software/gridkit/src/Enzyme-0.0.206/enzyme/Enzyme/Utils.cpp:780:35: warning: 'getPointerElementType' is deprecated: Deprecated without replacement, see https://llvm.org/docs/OpaquePointers.html for context and migration instructions [-Wdeprecated-declarations]
    if (fpType != ptr->getType()->getPointerElementType()) {
                                  ^
/nopt/nrel/apps/cpu_stack/software/gridkit/llvm/16.0.6/include/llvm/IR/Type.h:406:5: note: 'getPointerElementType' has been explicitly marked deprecated here
  [[deprecated("Deprecated without replacement, see "
    ^
/nopt/nrel/apps/cpu_stack/software/gridkit/src/Enzyme-0.0.206/enzyme/Enzyme/Utils.cpp:780:35: warning: 'getPointerElementType' is deprecated: Deprecated without replacement, see https://llvm.org/docs/OpaquePointers.html for context and migration instructions [-Wdeprecated-declarations]
    if (fpType != ptr->getType()->getPointerElementType()) {
                                  ^
/nopt/nrel/apps/cpu_stack/software/gridkit/llvm/16.0.6/include/llvm/IR/Type.h:406:5: note: 'getPointerElementType' has been explicitly marked deprecated here
  [[deprecated("Deprecated without replacement, see "
    ^
1 warning generated.
/nopt/nrel/apps/cpu_stack/software/gridkit/src/Enzyme-0.0.206/enzyme/Enzyme/Utils.cpp:1437:18: warning: 'getPointerElementType' is deprecated: Deprecated without replacement, see https://llvm.org/docs/OpaquePointers.html for context and migration instructions [-Wdeprecated-declarations]
      assert(PT->getPointerElementType() == elementType);
                 ^
/nopt/nrel/apps/cpu_stack/software/gridkit/llvm/16.0.6/include/llvm/IR/Type.h:406:5: note: 'getPointerElementType' has been explicitly marked deprecated here
  [[deprecated("Deprecated without replacement, see "
    ^
/nopt/nrel/apps/cpu_stack/software/gridkit/src/Enzyme-0.0.206/enzyme/Enzyme/DiffeGradientUtils.cpp:714:49: warning: 'getPointerElementType' is deprecated: Deprecated without replacement, see https://llvm.org/docs/OpaquePointers.html for context and migration instructions [-Wdeprecated-declarations]
    if (toset->getType() != tostore->getType()->getPointerElementType()) {/nopt/nrel/apps/cpu_stack/software/gridkit/src/Enzyme-0.0.206/enzyme/Enzyme/Utils.cpp
:                                                ^1437
:18: warning: 'getPointerElementType' is deprecated: Deprecated without replacement, see https://llvm.org/docs/OpaquePointers.html for context and migration instructions [-Wdeprecated-declarations]
/nopt/nrel/apps/cpu_stack/software/gridkit/llvm/16.0.6/include/llvm/IR/Type.h:406:5: note: 'getPointerElementType' has been explicitly marked deprecated here
      assert(PT->getPointerElementType() == elementType);  [[deprecated("Deprecated without replacement, see "

                 ^    ^

/nopt/nrel/apps/cpu_stack/software/gridkit/llvm/16.0.6/include/llvm/IR/Type.h:406:5: note: 'getPointerElementType' has been explicitly marked deprecated here
  [[deprecated("Deprecated without replacement, see "
    ^
/nopt/nrel/apps/cpu_stack/software/gridkit/src/Enzyme-0.0.206/enzyme/Enzyme/Utils.cpp:1437:18: warning: 'getPointerElementType' is deprecated: Deprecated without replacement, see https://llvm.org/docs/OpaquePointers.html for context and migration instructions [-Wdeprecated-declarations]
      assert(PT->getPointerElementType() == elementType);
                 ^
/nopt/nrel/apps/cpu_stack/software/gridkit/llvm/16.0.6/include/llvm/IR/Type.h:406:5: note: 'getPointerElementType' has been explicitly marked deprecated here
  [[deprecated("Deprecated without replacement, see "
    ^
/nopt/nrel/apps/cpu_stack/software/gridkit/src/Enzyme-0.0.206/enzyme/Enzyme/DiffeGradientUtils.cpp:718:52: warning: 'getPointerElementType' is deprecated: Deprecated without replacement, see https://llvm.org/docs/OpaquePointers.html for context and migration instructions [-Wdeprecated-declarations]
    assert(toset->getType() == tostore->getType()->getPointerElementType());
                                                   ^
/nopt/nrel/apps/cpu_stack/software/gridkit/llvm/16.0.6/include/llvm/IR/Type.h:406:5: note: 'getPointerElementType' has been explicitly marked deprecated here
  [[deprecated("Deprecated without replacement, see "
    ^
/nopt/nrel/apps/cpu_stack/software/gridkit/src/Enzyme-0.0.206/enzyme/Enzyme/DiffeGradientUtils.cpp:761:33: warning: 'getPointerElementType' is deprecated: Deprecated without replacement, see https://llvm.org/docs/OpaquePointers.html for context and migration instructions [-Wdeprecated-declarations]
    T = metaforfree->getType()->getPointerElementType();
                                ^
/nopt/nrel/apps/cpu_stack/software/gridkit/llvm/16.0.6/include/llvm/IR/Type.h:406:5: note: 'getPointerElementType' has been explicitly marked deprecated here
  [[deprecated("Deprecated without replacement, see "
    ^
/nopt/nrel/apps/cpu_stack/software/gridkit/src/Enzyme-0.0.206/enzyme/Enzyme/DiffeGradientUtils.cpp:825:37: warning: 'getPointerElementType' is deprecated: Deprecated without replacement, see https://llvm.org/docs/OpaquePointers.html for context and migration instructions [-Wdeprecated-declarations]
    needsCast = origptr->getType()->getPointerElementType() != addingType;
                                    ^
/nopt/nrel/apps/cpu_stack/software/gridkit/llvm/16.0.6/include/llvm/IR/Type.h:406:5: note: 'getPointerElementType' has been explicitly marked deprecated here
  [[deprecated("Deprecated without replacement, see "
    ^
/nopt/nrel/apps/cpu_stack/software/gridkit/src/Enzyme-0.0.206/enzyme/Enzyme/Utils.cpp:2272:59: warning: 'getFixedSize' is deprecated: Use getFixedValue() instead [-Wdeprecated-declarations]
          APInt(width, DL.getTypeStoreSize(LI->getType()).getFixedSize()));
                                                          ^~~~~~~~~~~~
                                                          getFixedValue
/nopt/nrel/apps/cpu_stack/software/gridkit/llvm/16.0.6/include/llvm/Support/TypeSize.h:338:3: note: 'getFixedSize' has been explicitly marked deprecated here
  LLVM_DEPRECATED("Use getFixedValue() instead", "getFixedValue")
  ^
/nopt/nrel/apps/cpu_stack/software/gridkit/llvm/16.0.6/include/llvm/Support/Compiler.h:143:50: note: expanded from macro 'LLVM_DEPRECATED'
#define LLVM_DEPRECATED(MSG, FIX) __attribute__((deprecated(MSG, FIX)))
                                                 ^
/nopt/nrel/apps/cpu_stack/software/gridkit/src/Enzyme-0.0.206/enzyme/Enzyme/Utils.cpp:2272:59: warning: 'getFixedSize' is deprecated: Use getFixedValue() instead [-Wdeprecated-declarations]
          APInt(width, DL.getTypeStoreSize(LI->getType()).getFixedSize()));
                                                          ^~~~~~~~~~~~
                                                          getFixedValue
/nopt/nrel/apps/cpu_stack/software/gridkit/llvm/16.0.6/include/llvm/Support/TypeSize.h:338:3: note: 'getFixedSize' has been explicitly marked deprecated here
  LLVM_DEPRECATED("Use getFixedValue() instead", "getFixedValue")
  ^
/nopt/nrel/apps/cpu_stack/software/gridkit/llvm/16.0.6/include/llvm/Support/Compiler.h:143:50: note: expanded from macro 'LLVM_DEPRECATED'
#define LLVM_DEPRECATED(MSG, FIX) __attribute__((deprecated(MSG, FIX)))
                                                 ^
/nopt/nrel/apps/cpu_stack/software/gridkit/src/Enzyme-0.0.206/enzyme/Enzyme/Utils.cpp:2292:29: warning: 'getFixedSize' is deprecated: Use getFixedValue() instead [-Wdeprecated-declarations]
                           .getFixedSize()));
                            ^~~~~~~~~~~~
                            getFixedValue
/nopt/nrel/apps/cpu_stack/software/gridkit/llvm/16.0.6/include/llvm/Support/TypeSize.h:338:3: note: 'getFixedSize' has been explicitly marked deprecated here
  LLVM_DEPRECATED("Use getFixedValue() instead", "getFixedValue")
  ^
/nopt/nrel/apps/cpu_stack/software/gridkit/llvm/16.0.6/include/llvm/Support/Compiler.h:143:50: note: expanded from macro 'LLVM_DEPRECATED'
#define LLVM_DEPRECATED(MSG, FIX) __attribute__((deprecated(MSG, FIX)))
                                                 ^
/nopt/nrel/apps/cpu_stack/software/gridkit/src/Enzyme-0.0.206/enzyme/Enzyme/Utils.cpp:2292:29: warning: 'getFixedSize' is deprecated: Use getFixedValue() instead [-Wdeprecated-declarations]
                           .getFixedSize()));
                            ^~~~~~~~~~~~
                            getFixedValue
/nopt/nrel/apps/cpu_stack/software/gridkit/llvm/16.0.6/include/llvm/Support/TypeSize.h:338:3: note: 'getFixedSize' has been explicitly marked deprecated here
  LLVM_DEPRECATED("Use getFixedValue() instead", "getFixedValue")
  ^
/nopt/nrel/apps/cpu_stack/software/gridkit/llvm/16.0.6/include/llvm/Support/Compiler.h:143:50: note: expanded from macro 'LLVM_DEPRECATED'
#define LLVM_DEPRECATED(MSG, FIX) __attribute__((deprecated(MSG, FIX)))
                                                 ^
/nopt/nrel/apps/cpu_stack/software/gridkit/src/Enzyme-0.0.206/enzyme/Enzyme/Utils.cpp:2272:59: warning: 'getFixedSize' is deprecated: Use getFixedValue() instead [-Wdeprecated-declarations]
          APInt(width, DL.getTypeStoreSize(LI->getType()).getFixedSize()));
                                                          ^~~~~~~~~~~~
                                                          getFixedValue
/nopt/nrel/apps/cpu_stack/software/gridkit/llvm/16.0.6/include/llvm/Support/TypeSize.h:338:3: note: 'getFixedSize' has been explicitly marked deprecated here
  LLVM_DEPRECATED("Use getFixedValue() instead", "getFixedValue")
  ^
/nopt/nrel/apps/cpu_stack/software/gridkit/llvm/16.0.6/include/llvm/Support/Compiler.h:143:50: note: expanded from macro 'LLVM_DEPRECATED'
#define LLVM_DEPRECATED(MSG, FIX) __attribute__((deprecated(MSG, FIX)))
                                                 ^
/nopt/nrel/apps/cpu_stack/software/gridkit/src/Enzyme-0.0.206/enzyme/Enzyme/Utils.cpp:2292:29: warning: 'getFixedSize' is deprecated: Use getFixedValue() instead [-Wdeprecated-declarations]
                           .getFixedSize()));
                            ^~~~~~~~~~~~
                            getFixedValue
/nopt/nrel/apps/cpu_stack/software/gridkit/llvm/16.0.6/include/llvm/Support/TypeSize.h:338:3: note: 'getFixedSize' has been explicitly marked deprecated here
  LLVM_DEPRECATED("Use getFixedValue() instead", "getFixedValue")
  ^
/nopt/nrel/apps/cpu_stack/software/gridkit/llvm/16.0.6/include/llvm/Support/Compiler.h:143:50: note: expanded from macro 'LLVM_DEPRECATED'
#define LLVM_DEPRECATED(MSG, FIX) __attribute__((deprecated(MSG, FIX)))
                                                 ^
/nopt/nrel/apps/cpu_stack/software/gridkit/src/Enzyme-0.0.206/enzyme/Enzyme/CApi.cpp:1660:32: warning: 'getPointerElementType' is deprecated: Deprecated without replacement, see https://llvm.org/docs/OpaquePointers.html for context and migration instructions [-Wdeprecated-declarations]
    T = FT->getParamType(idx)->getPointerElementType();
                               ^
/nopt/nrel/apps/cpu_stack/software/gridkit/llvm/16.0.6/include/llvm/IR/Type.h:406:5: note: 'getPointerElementType' has been explicitly marked deprecated here
  [[deprecated("Deprecated without replacement, see "
    ^
/nopt/nrel/apps/cpu_stack/software/gridkit/src/Enzyme-0.0.206/enzyme/Enzyme/CApi.cpp:1672:31: warning: 'getPointerElementType' is deprecated: Deprecated without replacement, see https://llvm.org/docs/OpaquePointers.html for context and migration instructions [-Wdeprecated-declarations]
    T = AT->getElementType()->getPointerElementType();
                              ^
/nopt/nrel/apps/cpu_stack/software/gridkit/llvm/16.0.6/include/llvm/IR/Type.h:406:5: note: 'getPointerElementType' has been explicitly marked deprecated here
  [[deprecated("Deprecated without replacement, see "
    ^
/nopt/nrel/apps/cpu_stack/software/gridkit/src/Enzyme-0.0.206/enzyme/Enzyme/CApi.cpp:1914:30: warning: 'getPointerElementType' is deprecated: Deprecated without replacement, see https://llvm.org/docs/OpaquePointers.html for context and migration instructions [-Wdeprecated-declarations]
    T = FT->getParamType(i)->getPointerElementType();
                             ^
/nopt/nrel/apps/cpu_stack/software/gridkit/llvm/16.0.6/include/llvm/IR/Type.h:406:5: note: 'getPointerElementType' has been explicitly marked deprecated here
  [[deprecated("Deprecated without replacement, see "
    ^
/nopt/nrel/apps/cpu_stack/software/gridkit/src/Enzyme-0.0.206/enzyme/Enzyme/CApi.cpp:1931:31: warning: 'getPointerElementType' is deprecated: Deprecated without replacement, see https://llvm.org/docs/OpaquePointers.html for context and migration instructions [-Wdeprecated-declarations]
    T = AT->getElementType()->getPointerElementType();
                              ^
/nopt/nrel/apps/cpu_stack/software/gridkit/llvm/16.0.6/include/llvm/IR/Type.h:406:5: note: 'getPointerElementType' has been explicitly marked deprecated here
  [[deprecated("Deprecated without replacement, see "
    ^
1 warning generated.
1 warning generated.
1 warning generated.
In file included from /nopt/nrel/apps/cpu_stack/software/gridkit/src/Enzyme-0.0.206/enzyme/Enzyme/EnzymeLogic.cpp:32:
/nopt/nrel/apps/cpu_stack/software/gridkit/src/Enzyme-0.0.206/enzyme/Enzyme/AdjointGenerator.h:3089:29: warning: 'getPointerElementType' is deprecated: Deprecated without replacement, see https://llvm.org/docs/OpaquePointers.html for context and migration instructions [-Wdeprecated-declarations]
              auto ET = PT->getPointerElementType();
                            ^
/nopt/nrel/apps/cpu_stack/software/gridkit/llvm/16.0.6/include/llvm/IR/Type.h:406:5: note: 'getPointerElementType' has been explicitly marked deprecated here
  [[deprecated("Deprecated without replacement, see "
    ^
1 warning generated.
In file included from /nopt/nrel/apps/cpu_stack/software/gridkit/src/Enzyme-0.0.206/enzyme/Enzyme/EnzymeLogic.cpp:32:
/nopt/nrel/apps/cpu_stack/software/gridkit/src/Enzyme-0.0.206/enzyme/Enzyme/AdjointGenerator.h:3404:31: warning: 'getPointerElementType' is deprecated: Deprecated without replacement, see https://llvm.org/docs/OpaquePointers.html for context and migration instructions [-Wdeprecated-declarations]
                auto ET = PT->getPointerElementType();
                              ^
/nopt/nrel/apps/cpu_stack/software/gridkit/llvm/16.0.6/include/llvm/IR/Type.h:406:5: note: 'getPointerElementType' has been explicitly marked deprecated here
  [[deprecated("Deprecated without replacement, see "
    ^
1 warning generated.
1 warning generated.
1 warning generated.
1 warning generated.
/nopt/nrel/apps/cpu_stack/software/gridkit/src/Enzyme-0.0.206/enzyme/Enzyme/GradientUtils.cpp:2766:34: warning: 'getPointerElementType' is deprecated: Deprecated without replacement, see https://llvm.org/docs/OpaquePointers.html for context and migration instructions [-Wdeprecated-declarations]
          innerType = innerType->getPointerElementType();
                                 ^
/nopt/nrel/apps/cpu_stack/software/gridkit/llvm/16.0.6/include/llvm/IR/Type.h:406:5: note: 'getPointerElementType' has been explicitly marked deprecated here
  [[deprecated("Deprecated without replacement, see "
    ^
/nopt/nrel/apps/cpu_stack/software/gridkit/src/Enzyme-0.0.206/enzyme/Enzyme/GradientUtils.cpp:2828:34: warning: 'getPointerElementType' is deprecated: Deprecated without replacement, see https://llvm.org/docs/OpaquePointers.html for context and migration instructions [-Wdeprecated-declarations]
        assert(cache->getType()->getPointerElementType() == ret->getType());
                                 ^
/nopt/nrel/apps/cpu_stack/software/gridkit/llvm/16.0.6/include/llvm/IR/Type.h:406:5: note: 'getPointerElementType' has been explicitly marked deprecated here
  [[deprecated("Deprecated without replacement, see "
    ^
/nopt/nrel/apps/cpu_stack/software/gridkit/src/Enzyme-0.0.206/enzyme/Enzyme/GradientUtils.cpp:3096:32: warning: 'getPointerElementType' is deprecated: Deprecated without replacement, see https://llvm.org/docs/OpaquePointers.html for context and migration instructions [-Wdeprecated-declarations]
        innerType = innerType->getPointerElementType();
                               ^
/nopt/nrel/apps/cpu_stack/software/gridkit/llvm/16.0.6/include/llvm/IR/Type.h:406:5: note: 'getPointerElementType' has been explicitly marked deprecated here
  [[deprecated("Deprecated without replacement, see "
    ^
In file included from /nopt/nrel/apps/cpu_stack/software/gridkit/src/Enzyme-0.0.206/enzyme/Enzyme/CallDerivatives.cpp:27:
/nopt/nrel/apps/cpu_stack/software/gridkit/src/Enzyme-0.0.206/enzyme/Enzyme/AdjointGenerator.h:3089:29: warning: 'getPointerElementType' is deprecated: Deprecated without replacement, see https://llvm.org/docs/OpaquePointers.html for context and migration instructions [-Wdeprecated-declarations]
              auto ET = PT->getPointerElementType();
                            ^
/nopt/nrel/apps/cpu_stack/software/gridkit/llvm/16.0.6/include/llvm/IR/Type.h:406:5: note: 'getPointerElementType' has been explicitly marked deprecated here
  [[deprecated("Deprecated without replacement, see "
    ^
In file included from /nopt/nrel/apps/cpu_stack/software/gridkit/src/Enzyme-0.0.206/enzyme/Enzyme/CallDerivatives.cpp:27:
/nopt/nrel/apps/cpu_stack/software/gridkit/src/Enzyme-0.0.206/enzyme/Enzyme/AdjointGenerator.h:3404:31: warning: 'getPointerElementType' is deprecated: Deprecated without replacement, see https://llvm.org/docs/OpaquePointers.html for context and migration instructions [-Wdeprecated-declarations]
                auto ET = PT->getPointerElementType();
                              ^
/nopt/nrel/apps/cpu_stack/software/gridkit/llvm/16.0.6/include/llvm/IR/Type.h:406:5: note: 'getPointerElementType' has been explicitly marked deprecated here
  [[deprecated("Deprecated without replacement, see "
    ^
/nopt/nrel/apps/cpu_stack/software/gridkit/src/Enzyme-0.0.206/enzyme/Enzyme/TypeAnalysis/TypeAnalysis.cpp:5714:52: warning: 'getPointerElementType' is deprecated: Deprecated without replacement, see https://llvm.org/docs/OpaquePointers.html for context and migration instructions [-Wdeprecated-declarations]
                    call.getOperand(1)->getType()->getPointerElementType()) /
                                                   ^
/nopt/nrel/apps/cpu_stack/software/gridkit/llvm/16.0.6/include/llvm/IR/Type.h:406:5: note: 'getPointerElementType' has been explicitly marked deprecated here
  [[deprecated("Deprecated without replacement, see "
    ^
/nopt/nrel/apps/cpu_stack/software/gridkit/src/Enzyme-0.0.206/enzyme/Enzyme/TypeAnalysis/TypeAnalysis.cpp:5714:52: warning: 'getPointerElementType' is deprecated: Deprecated without replacement, see https://llvm.org/docs/OpaquePointers.html for context and migration instructions [-Wdeprecated-declarations]
                    call.getOperand(1)->getType()->getPointerElementType()) /
                                                   ^
/nopt/nrel/apps/cpu_stack/software/gridkit/llvm/16.0.6/include/llvm/IR/Type.h:406:5: note: 'getPointerElementType' has been explicitly marked deprecated here
  [[deprecated("Deprecated without replacement, see "
    ^
/nopt/nrel/apps/cpu_stack/software/gridkit/src/Enzyme-0.0.206/enzyme/Enzyme/TypeAnalysis/TypeAnalysis.cpp:5714:52: warning: 'getPointerElementType' is deprecated: Deprecated without replacement, see https://llvm.org/docs/OpaquePointers.html for context and migration instructions [-Wdeprecated-declarations]
                    call.getOperand(1)->getType()->getPointerElementType()) /
                                                   ^
/nopt/nrel/apps/cpu_stack/software/gridkit/llvm/16.0.6/include/llvm/IR/Type.h:406:5: note: 'getPointerElementType' has been explicitly marked deprecated here
  [[deprecated("Deprecated without replacement, see "
    ^
In file included from /nopt/nrel/apps/cpu_stack/software/gridkit/src/Enzyme-0.0.206/enzyme/Enzyme/CallDerivatives.cpp:27:
/nopt/nrel/apps/cpu_stack/software/gridkit/src/Enzyme-0.0.206/enzyme/Enzyme/AdjointGenerator.h:3089:29: warning: 'getPointerElementType' is deprecated: Deprecated without replacement, see https://llvm.org/docs/OpaquePointers.html for context and migration instructions [-Wdeprecated-declarations]
              auto ET = PT->getPointerElementType();
                            ^
/nopt/nrel/apps/cpu_stack/software/gridkit/llvm/16.0.6/include/llvm/IR/Type.h:406:5: note: 'getPointerElementType' has been explicitly marked deprecated here
  [[deprecated("Deprecated without replacement, see "
    ^
In file included from /nopt/nrel/apps/cpu_stack/software/gridkit/src/Enzyme-0.0.206/enzyme/Enzyme/EnzymeLogic.cpp:32:
/nopt/nrel/apps/cpu_stack/software/gridkit/src/Enzyme-0.0.206/enzyme/Enzyme/AdjointGenerator.h:3089:29: warning: 'getPointerElementType' is deprecated: Deprecated without replacement, see https://llvm.org/docs/OpaquePointers.html for context and migration instructions [-Wdeprecated-declarations]
              auto ET = PT->getPointerElementType();
                            ^
/nopt/nrel/apps/cpu_stack/software/gridkit/llvm/16.0.6/include/llvm/IR/Type.h:406:5: note: 'getPointerElementType' has been explicitly marked deprecated here
  [[deprecated("Deprecated without replacement, see "
    ^
In file included from /nopt/nrel/apps/cpu_stack/software/gridkit/src/Enzyme-0.0.206/enzyme/Enzyme/CallDerivatives.cpp:27:
/nopt/nrel/apps/cpu_stack/software/gridkit/src/Enzyme-0.0.206/enzyme/Enzyme/AdjointGenerator.h:3404:31: warning: 'getPointerElementType' is deprecated: Deprecated without replacement, see https://llvm.org/docs/OpaquePointers.html for context and migration instructions [-Wdeprecated-declarations]
                auto ET = PT->getPointerElementType();
                              ^
/nopt/nrel/apps/cpu_stack/software/gridkit/llvm/16.0.6/include/llvm/IR/Type.h:406:5: note: 'getPointerElementType' has been explicitly marked deprecated here
  [[deprecated("Deprecated without replacement, see "
    ^
In file included from /nopt/nrel/apps/cpu_stack/software/gridkit/src/Enzyme-0.0.206/enzyme/Enzyme/EnzymeLogic.cpp:32:
/nopt/nrel/apps/cpu_stack/software/gridkit/src/Enzyme-0.0.206/enzyme/Enzyme/AdjointGenerator.h:3404:31: warning: 'getPointerElementType' is deprecated: Deprecated without replacement, see https://llvm.org/docs/OpaquePointers.html for context and migration instructions [-Wdeprecated-declarations]
                auto ET = PT->getPointerElementType();
                              ^
/nopt/nrel/apps/cpu_stack/software/gridkit/llvm/16.0.6/include/llvm/IR/Type.h:406:5: note: 'getPointerElementType' has been explicitly marked deprecated here
  [[deprecated("Deprecated without replacement, see "
    ^
In file included from /nopt/nrel/apps/cpu_stack/software/gridkit/src/Enzyme-0.0.206/enzyme/Enzyme/EnzymeLogic.cpp:32:
/nopt/nrel/apps/cpu_stack/software/gridkit/src/Enzyme-0.0.206/enzyme/Enzyme/AdjointGenerator.h:3089:29: warning: 'getPointerElementType' is deprecated: Deprecated without replacement, see https://llvm.org/docs/OpaquePointers.html for context and migration instructions [-Wdeprecated-declarations]
              auto ET = PT->getPointerElementType();
                            ^
/nopt/nrel/apps/cpu_stack/software/gridkit/llvm/16.0.6/include/llvm/IR/Type.h:406:5: note: 'getPointerElementType' has been explicitly marked deprecated here
  [[deprecated("Deprecated without replacement, see "
    ^
/nopt/nrel/apps/cpu_stack/software/gridkit/src/Enzyme-0.0.206/enzyme/Enzyme/GradientUtils.cpp:2766:34: warning: 'getPointerElementType' is deprecated: Deprecated without replacement, see https://llvm.org/docs/OpaquePointers.html for context and migration instructions [-Wdeprecated-declarations]
          innerType = innerType->getPointerElementType();
                                 ^
/nopt/nrel/apps/cpu_stack/software/gridkit/llvm/16.0.6/include/llvm/IR/Type.h:406:5: note: 'getPointerElementType' has been explicitly marked deprecated here
  [[deprecated("Deprecated without replacement, see "
    ^
In file included from /nopt/nrel/apps/cpu_stack/software/gridkit/src/Enzyme-0.0.206/enzyme/Enzyme/EnzymeLogic.cpp:32:
/nopt/nrel/apps/cpu_stack/software/gridkit/src/Enzyme-0.0.206/enzyme/Enzyme/AdjointGenerator.h:3404:31: warning: 'getPointerElementType' is deprecated: Deprecated without replacement, see https://llvm.org/docs/OpaquePointers.html for context and migration instructions [-Wdeprecated-declarations]
                auto ET = PT->getPointerElementType();
                              ^
/nopt/nrel/apps/cpu_stack/software/gridkit/llvm/16.0.6/include/llvm/IR/Type.h:406:5: note: 'getPointerElementType' has been explicitly marked deprecated here
  [[deprecated("Deprecated without replacement, see "
    ^
/nopt/nrel/apps/cpu_stack/software/gridkit/src/Enzyme-0.0.206/enzyme/Enzyme/GradientUtils.cpp:2828:34: warning: 'getPointerElementType' is deprecated: Deprecated without replacement, see https://llvm.org/docs/OpaquePointers.html for context and migration instructions [-Wdeprecated-declarations]
        assert(cache->getType()->getPointerElementType() == ret->getType());
                                 ^
/nopt/nrel/apps/cpu_stack/software/gridkit/llvm/16.0.6/include/llvm/IR/Type.h:406:5: note: 'getPointerElementType' has been explicitly marked deprecated here
  [[deprecated("Deprecated without replacement, see "
    ^
/nopt/nrel/apps/cpu_stack/software/gridkit/src/Enzyme-0.0.206/enzyme/Enzyme/GradientUtils.cpp:3096:32: warning: 'getPointerElementType' is deprecated: Deprecated without replacement, see https://llvm.org/docs/OpaquePointers.html for context and migration instructions [-Wdeprecated-declarations]
        innerType = innerType->getPointerElementType();
                               ^
/nopt/nrel/apps/cpu_stack/software/gridkit/llvm/16.0.6/include/llvm/IR/Type.h:406:5: note: 'getPointerElementType' has been explicitly marked deprecated here
  [[deprecated("Deprecated without replacement, see "
    ^
/nopt/nrel/apps/cpu_stack/software/gridkit/src/Enzyme-0.0.206/enzyme/Enzyme/GradientUtils.cpp:5779:17: warning: 'getPointerElementType' is deprecated: Deprecated without replacement, see https://llvm.org/docs/OpaquePointers.html for context and migration instructions [-Wdeprecated-declarations]
            PT->getPointerElementType()->isFunctionTy()) {
                ^
/nopt/nrel/apps/cpu_stack/software/gridkit/llvm/16.0.6/include/llvm/IR/Type.h:406:5: note: 'getPointerElementType' has been explicitly marked deprecated here
  [[deprecated("Deprecated without replacement, see "
    ^
/nopt/nrel/apps/cpu_stack/software/gridkit/src/Enzyme-0.0.206/enzyme/Enzyme/CApi.cpp:1660:32: warning: 'getPointerElementType' is deprecated: Deprecated without replacement, see https://llvm.org/docs/OpaquePointers.html for context and migration instructions [-Wdeprecated-declarations]
    T = FT->getParamType(idx)->getPointerElementType();
                               ^
/nopt/nrel/apps/cpu_stack/software/gridkit/llvm/16.0.6/include/llvm/IR/Type.h:406:5: note: 'getPointerElementType' has been explicitly marked deprecated here
  [[deprecated("Deprecated without replacement, see "
    ^
/nopt/nrel/apps/cpu_stack/software/gridkit/src/Enzyme-0.0.206/enzyme/Enzyme/CApi.cpp:1672:31: warning: 'getPointerElementType' is deprecated: Deprecated without replacement, see https://llvm.org/docs/OpaquePointers.html for context and migration instructions [-Wdeprecated-declarations]
    T = AT->getElementType()->getPointerElementType();
                              ^
/nopt/nrel/apps/cpu_stack/software/gridkit/llvm/16.0.6/include/llvm/IR/Type.h:406:5: note: 'getPointerElementType' has been explicitly marked deprecated here
  [[deprecated("Deprecated without replacement, see "
    ^
/nopt/nrel/apps/cpu_stack/software/gridkit/src/Enzyme-0.0.206/enzyme/Enzyme/CApi.cpp:1660:32: warning: 'getPointerElementType' is deprecated: Deprecated without replacement, see https://llvm.org/docs/OpaquePointers.html for context and migration instructions [-Wdeprecated-declarations]
    T = FT->getParamType(idx)->getPointerElementType();
                               ^
/nopt/nrel/apps/cpu_stack/software/gridkit/llvm/16.0.6/include/llvm/IR/Type.h:406:5: note: 'getPointerElementType' has been explicitly marked deprecated here
  [[deprecated("Deprecated without replacement, see "
    ^
/nopt/nrel/apps/cpu_stack/software/gridkit/src/Enzyme-0.0.206/enzyme/Enzyme/CApi.cpp:1672:31: warning: 'getPointerElementType' is deprecated: Deprecated without replacement, see https://llvm.org/docs/OpaquePointers.html for context and migration instructions [-Wdeprecated-declarations]
    T = AT->getElementType()->getPointerElementType();
                              ^
/nopt/nrel/apps/cpu_stack/software/gridkit/llvm/16.0.6/include/llvm/IR/Type.h:406:5: note: 'getPointerElementType' has been explicitly marked deprecated here
  [[deprecated("Deprecated without replacement, see "
    ^
/nopt/nrel/apps/cpu_stack/software/gridkit/src/Enzyme-0.0.206/enzyme/Enzyme/GradientUtils.cpp:2766:34: warning: 'getPointerElementType' is deprecated: Deprecated without replacement, see https://llvm.org/docs/OpaquePointers.html for context and migration instructions [-Wdeprecated-declarations]
          innerType = innerType->getPointerElementType();
                                 ^
/nopt/nrel/apps/cpu_stack/software/gridkit/llvm/16.0.6/include/llvm/IR/Type.h:406:5: note: 'getPointerElementType' has been explicitly marked deprecated here
  [[deprecated("Deprecated without replacement, see "
    ^
/nopt/nrel/apps/cpu_stack/software/gridkit/src/Enzyme-0.0.206/enzyme/Enzyme/GradientUtils.cpp:2828:34: warning: 'getPointerElementType' is deprecated: Deprecated without replacement, see https://llvm.org/docs/OpaquePointers.html for context and migration instructions [-Wdeprecated-declarations]
        assert(cache->getType()->getPointerElementType() == ret->getType());
                                 ^
/nopt/nrel/apps/cpu_stack/software/gridkit/llvm/16.0.6/include/llvm/IR/Type.h:406:5: note: 'getPointerElementType' has been explicitly marked deprecated here
  [[deprecated("Deprecated without replacement, see "
    ^
/nopt/nrel/apps/cpu_stack/software/gridkit/src/Enzyme-0.0.206/enzyme/Enzyme/CApi.cpp:1914:30: warning: 'getPointerElementType' is deprecated: Deprecated without replacement, see https://llvm.org/docs/OpaquePointers.html for context and migration instructions [-Wdeprecated-declarations]
    T = FT->getParamType(i)->getPointerElementType();
                             ^
/nopt/nrel/apps/cpu_stack/software/gridkit/llvm/16.0.6/include/llvm/IR/Type.h:406:5: note: 'getPointerElementType' has been explicitly marked deprecated here
  [[deprecated("Deprecated without replacement, see "
    ^
/nopt/nrel/apps/cpu_stack/software/gridkit/src/Enzyme-0.0.206/enzyme/Enzyme/CApi.cpp:1931:31: warning: 'getPointerElementType' is deprecated: Deprecated without replacement, see https://llvm.org/docs/OpaquePointers.html for context and migration instructions [-Wdeprecated-declarations]
    T = AT->getElementType()->getPointerElementType();
                              ^
/nopt/nrel/apps/cpu_stack/software/gridkit/llvm/16.0.6/include/llvm/IR/Type.h:406:5: note: 'getPointerElementType' has been explicitly marked deprecated here
  [[deprecated("Deprecated without replacement, see "
    ^
/nopt/nrel/apps/cpu_stack/software/gridkit/src/Enzyme-0.0.206/enzyme/Enzyme/CApi.cpp:1914:30: warning: 'getPointerElementType' is deprecated: Deprecated without replacement, see https://llvm.org/docs/OpaquePointers.html for context and migration instructions [-Wdeprecated-declarations]
    T = FT->getParamType(i)->getPointerElementType();
                             ^
/nopt/nrel/apps/cpu_stack/software/gridkit/llvm/16.0.6/include/llvm/IR/Type.h:406:5: note: 'getPointerElementType' has been explicitly marked deprecated here
  [[deprecated("Deprecated without replacement, see "
    ^
/nopt/nrel/apps/cpu_stack/software/gridkit/src/Enzyme-0.0.206/enzyme/Enzyme/CApi.cpp:1931:31: warning: 'getPointerElementType' is deprecated: Deprecated without replacement, see https://llvm.org/docs/OpaquePointers.html for context and migration instructions [-Wdeprecated-declarations]
    T = AT->getElementType()->getPointerElementType();
                              ^
/nopt/nrel/apps/cpu_stack/software/gridkit/llvm/16.0.6/include/llvm/IR/Type.h:406:5: note: 'getPointerElementType' has been explicitly marked deprecated here
  [[deprecated("Deprecated without replacement, see "
    ^
/nopt/nrel/apps/cpu_stack/software/gridkit/src/Enzyme-0.0.206/enzyme/Enzyme/Enzyme.cpp:409:42: warning: 'getPointerElementType' is deprecated: Deprecated without replacement, see https://llvm.org/docs/OpaquePointers.html for context and migration instructions [-Wdeprecated-declarations]
              res, PointerType::get(ptr->getPointerElementType(),
                                         ^
/nopt/nrel/apps/cpu_stack/software/gridkit/llvm/16.0.6/include/llvm/IR/Type.h:406:5: note: 'getPointerElementType' has been explicitly marked deprecated here
  [[deprecated("Deprecated without replacement, see "
    ^
In file included from /nopt/nrel/apps/cpu_stack/software/gridkit/src/Enzyme-0.0.206/enzyme/Enzyme/CallDerivatives.cpp:27:
In file included from /nopt/nrel/apps/cpu_stack/software/gridkit/src/Enzyme-0.0.206/enzyme/Enzyme/AdjointGenerator.h:4098:
/nopt/nrel/apps/cpu_stack/software/gridkit/src/Enzyme-0.0.206/enzyme/build/Enzyme/BlasDerivatives.inc:6228:24: warning: 'getPointerElementType' is deprecated: Deprecated without replacement, see https://llvm.org/docs/OpaquePointers.html for context and migration instructions [-Wdeprecated-declarations]
      needsCast = !PT->getPointerElementType()->isIntegerTy(8);
                       ^
/nopt/nrel/apps/cpu_stack/software/gridkit/llvm/16.0.6/include/llvm/IR/Type.h:406:5: note: 'getPointerElementType' has been explicitly marked deprecated here
  [[deprecated("Deprecated without replacement, see "
    ^
/nopt/nrel/apps/cpu_stack/software/gridkit/src/Enzyme-0.0.206/enzyme/Enzyme/GradientUtils.cpp:3096:32: warning: 'getPointerElementType' is deprecated: Deprecated without replacement, see https://llvm.org/docs/OpaquePointers.html for context and migration instructions [-Wdeprecated-declarations]
        innerType = innerType->getPointerElementType();
                               ^
/nopt/nrel/apps/cpu_stack/software/gridkit/llvm/16.0.6/include/llvm/IR/Type.h:406:5: note: 'getPointerElementType' has been explicitly marked deprecated here
  [[deprecated("Deprecated without replacement, see "
    ^
/nopt/nrel/apps/cpu_stack/software/gridkit/src/Enzyme-0.0.206/enzyme/Enzyme/Enzyme.cpp:409:42: warning: 'getPointerElementType' is deprecated: Deprecated without replacement, see https://llvm.org/docs/OpaquePointers.html for context and migration instructions [-Wdeprecated-declarations]
              res, PointerType::get(ptr->getPointerElementType(),
                                         ^
/nopt/nrel/apps/cpu_stack/software/gridkit/llvm/16.0.6/include/llvm/IR/Type.h:406:5: note: 'getPointerElementType' has been explicitly marked deprecated here
  [[deprecated("Deprecated without replacement, see "
    ^
/nopt/nrel/apps/cpu_stack/software/gridkit/src/Enzyme-0.0.206/enzyme/Enzyme/Enzyme.cpp:1251:48: warning: 'getPointerElementType' is deprecated: Deprecated without replacement, see https://llvm.org/docs/OpaquePointers.html for context and migration instructions [-Wdeprecated-declarations]
                    res, PointerType::get(ptr->getPointerElementType(),
                                               ^
/nopt/nrel/apps/cpu_stack/software/gridkit/llvm/16.0.6/include/llvm/IR/Type.h:406:5: note: 'getPointerElementType' has been explicitly marked deprecated here
  [[deprecated("Deprecated without replacement, see "
    ^
/nopt/nrel/apps/cpu_stack/software/gridkit/src/Enzyme-0.0.206/enzyme/Enzyme/Enzyme.cpp:1417:34: warning: 'getPointerElementType' is deprecated: Deprecated without replacement, see https://llvm.org/docs/OpaquePointers.html for context and migration instructions [-Wdeprecated-declarations]
          auto et = a.getType()->getPointerElementType();
                                 ^
/nopt/nrel/apps/cpu_stack/software/gridkit/llvm/16.0.6/include/llvm/IR/Type.h:406:5: note: 'getPointerElementType' has been explicitly marked deprecated here
  [[deprecated("Deprecated without replacement, see "
    ^
/nopt/nrel/apps/cpu_stack/software/gridkit/src/Enzyme-0.0.206/enzyme/Enzyme/FunctionUtils.cpp:384:43: warning: 'getPointerElementType' is deprecated: Deprecated without replacement, see https://llvm.org/docs/OpaquePointers.html for context and migration instructions [-Wdeprecated-declarations]
          PointerType::get(CI->getType()->getPointerElementType(),
                                          ^
/nopt/nrel/apps/cpu_stack/software/gridkit/llvm/16.0.6/include/llvm/IR/Type.h:406:5: note: 'getPointerElementType' has been explicitly marked deprecated here
  [[deprecated("Deprecated without replacement, see "
    ^
/nopt/nrel/apps/cpu_stack/software/gridkit/src/Enzyme-0.0.206/enzyme/Enzyme/FunctionUtils.cpp:406:46: warning: 'getPointerElementType' is deprecated: Deprecated without replacement, see https://llvm.org/docs/OpaquePointers.html for context and migration instructions [-Wdeprecated-declarations]
            PointerType::get(rep->getType()->getPointerElementType(), 11)
                                             ^
/nopt/nrel/apps/cpu_stack/software/gridkit/llvm/16.0.6/include/llvm/IR/Type.h:406:5: note: 'getPointerElementType' has been explicitly marked deprecated here
  [[deprecated("Deprecated without replacement, see "
    ^
/nopt/nrel/apps/cpu_stack/software/gridkit/src/Enzyme-0.0.206/enzyme/Enzyme/FunctionUtils.cpp:511:46: warning: 'getPointerElementType' is deprecated: Deprecated without replacement, see https://llvm.org/docs/OpaquePointers.html for context and migration instructions [-Wdeprecated-declarations]
            PointerType::get(rep->getType()->getPointerElementType(), 11)
                                             ^
/nopt/nrel/apps/cpu_stack/software/gridkit/llvm/16.0.6/include/llvm/IR/Type.h:406:5: note: 'getPointerElementType' has been explicitly marked deprecated here
  [[deprecated("Deprecated without replacement, see "
    ^
/nopt/nrel/apps/cpu_stack/software/gridkit/src/Enzyme-0.0.206/enzyme/Enzyme/FunctionUtils.cpp:528:48: warning: 'getPointerElementType' is deprecated: Deprecated without replacement, see https://llvm.org/docs/OpaquePointers.html for context and migration instructions [-Wdeprecated-declarations]
              PointerType::get(rep->getType()->getPointerElementType(), 11)
                                               ^
/nopt/nrel/apps/cpu_stack/software/gridkit/llvm/16.0.6/include/llvm/IR/Type.h:406:5: note: 'getPointerElementType' has been explicitly marked deprecated here
  [[deprecated("Deprecated without replacement, see "
    ^
/nopt/nrel/apps/cpu_stack/software/gridkit/src/Enzyme-0.0.206/enzyme/Enzyme/FunctionUtils.cpp:384:43: warning: 'getPointerElementType' is deprecated: Deprecated without replacement, see https://llvm.org/docs/OpaquePointers.html for context and migration instructions [-Wdeprecated-declarations]
          PointerType::get(CI->getType()->getPointerElementType(),
                                          ^
/nopt/nrel/apps/cpu_stack/software/gridkit/llvm/16.0.6/include/llvm/IR/Type.h:406:5: note: 'getPointerElementType' has been explicitly marked deprecated here
  [[deprecated("Deprecated without replacement, see "
    ^
/nopt/nrel/apps/cpu_stack/software/gridkit/src/Enzyme-0.0.206/enzyme/Enzyme/FunctionUtils.cpp:406:46: warning: 'getPointerElementType' is deprecated: Deprecated without replacement, see https://llvm.org/docs/OpaquePointers.html for context and migration instructions [-Wdeprecated-declarations]
            PointerType::get(rep->getType()->getPointerElementType(), 11)
                                             ^
/nopt/nrel/apps/cpu_stack/software/gridkit/llvm/16.0.6/include/llvm/IR/Type.h:406:5: note: 'getPointerElementType' has been explicitly marked deprecated here
  [[deprecated("Deprecated without replacement, see "
    ^
/nopt/nrel/apps/cpu_stack/software/gridkit/src/Enzyme-0.0.206/enzyme/Enzyme/FunctionUtils.cpp:511:46: warning: 'getPointerElementType' is deprecated: Deprecated without replacement, see https://llvm.org/docs/OpaquePointers.html for context and migration instructions [-Wdeprecated-declarations]
            PointerType::get(rep->getType()->getPointerElementType(), 11)
                                             ^
/nopt/nrel/apps/cpu_stack/software/gridkit/llvm/16.0.6/include/llvm/IR/Type.h:406:5: note: 'getPointerElementType' has been explicitly marked deprecated here
  [[deprecated("Deprecated without replacement, see "
    ^
/nopt/nrel/apps/cpu_stack/software/gridkit/src/Enzyme-0.0.206/enzyme/Enzyme/FunctionUtils.cpp:528:48: warning: 'getPointerElementType' is deprecated: Deprecated without replacement, see https://llvm.org/docs/OpaquePointers.html for context and migration instructions [-Wdeprecated-declarations]
              PointerType::get(rep->getType()->getPointerElementType(), 11)
                                               ^
/nopt/nrel/apps/cpu_stack/software/gridkit/llvm/16.0.6/include/llvm/IR/Type.h:406:5: note: 'getPointerElementType' has been explicitly marked deprecated here
  [[deprecated("Deprecated without replacement, see "
    ^
/nopt/nrel/apps/cpu_stack/software/gridkit/src/Enzyme-0.0.206/enzyme/Enzyme/Enzyme.cpp:1251:48: warning: 'getPointerElementType' is deprecated: Deprecated without replacement, see https://llvm.org/docs/OpaquePointers.html for context and migration instructions [-Wdeprecated-declarations]
                    res, PointerType::get(ptr->getPointerElementType(),
                                               ^
/nopt/nrel/apps/cpu_stack/software/gridkit/llvm/16.0.6/include/llvm/IR/Type.h:406:5: note: 'getPointerElementType' has been explicitly marked deprecated here
  [[deprecated("Deprecated without replacement, see "
    ^
/nopt/nrel/apps/cpu_stack/software/gridkit/src/Enzyme-0.0.206/enzyme/Enzyme/Enzyme.cpp:1417:34: warning: 'getPointerElementType' is deprecated: Deprecated without replacement, see https://llvm.org/docs/OpaquePointers.html for context and migration instructions [-Wdeprecated-declarations]
          auto et = a.getType()->getPointerElementType();
                                 ^
/nopt/nrel/apps/cpu_stack/software/gridkit/llvm/16.0.6/include/llvm/IR/Type.h:406:5: note: 'getPointerElementType' has been explicitly marked deprecated here
  [[deprecated("Deprecated without replacement, see "
    ^
/nopt/nrel/apps/cpu_stack/software/gridkit/src/Enzyme-0.0.206/enzyme/Enzyme/GradientUtils.cpp:5779:17: warning: 'getPointerElementType' is deprecated: Deprecated without replacement, see https://llvm.org/docs/OpaquePointers.html for context and migration instructions [-Wdeprecated-declarations]
            PT->getPointerElementType()->isFunctionTy()) {
                ^
/nopt/nrel/apps/cpu_stack/software/gridkit/llvm/16.0.6/include/llvm/IR/Type.h:406:5: note: 'getPointerElementType' has been explicitly marked deprecated here
  [[deprecated("Deprecated without replacement, see "
    ^
/nopt/nrel/apps/cpu_stack/software/gridkit/src/Enzyme-0.0.206/enzyme/Enzyme/FunctionUtils.cpp:1089:25: warning: 'getPointerElementType' is deprecated: Deprecated without replacement, see https://llvm.org/docs/OpaquePointers.html for context and migration instructions [-Wdeprecated-declarations]
    if (AIV->getType()->getPointerElementType() !=
                        ^
/nopt/nrel/apps/cpu_stack/software/gridkit/llvm/16.0.6/include/llvm/IR/Type.h:406:5: note: 'getPointerElementType' has been explicitly marked deprecated here
  [[deprecated("Deprecated without replacement, see "
    ^
/nopt/nrel/apps/cpu_stack/software/gridkit/src/Enzyme-0.0.206/enzyme/Enzyme/FunctionUtils.cpp:1090:23: warning: 'getPointerElementType' is deprecated: Deprecated without replacement, see https://llvm.org/docs/OpaquePointers.html for context and migration instructions [-Wdeprecated-declarations]
        T->getType()->getPointerElementType()) {
                      ^
/nopt/nrel/apps/cpu_stack/software/gridkit/llvm/16.0.6/include/llvm/IR/Type.h:406:5: note: 'getPointerElementType' has been explicitly marked deprecated here
  [[deprecated("Deprecated without replacement, see "
    ^
/nopt/nrel/apps/cpu_stack/software/gridkit/src/Enzyme-0.0.206/enzyme/Enzyme/FunctionUtils.cpp:1094:34: warning: 'getPointerElementType' is deprecated: Deprecated without replacement, see https://llvm.org/docs/OpaquePointers.html for context and migration instructions [-Wdeprecated-declarations]
                   T->getType()->getPointerElementType(),
                                 ^
/nopt/nrel/apps/cpu_stack/software/gridkit/llvm/16.0.6/include/llvm/IR/Type.h:406:5: note: 'getPointerElementType' has been explicitly marked deprecated here
  [[deprecated("Deprecated without replacement, see "
    ^
/nopt/nrel/apps/cpu_stack/software/gridkit/src/Enzyme-0.0.206/enzyme/Enzyme/FunctionUtils.cpp:1089:25: warning: 'getPointerElementType' is deprecated: Deprecated without replacement, see https://llvm.org/docs/OpaquePointers.html for context and migration instructions [-Wdeprecated-declarations]
    if (AIV->getType()->getPointerElementType() !=
                        ^
/nopt/nrel/apps/cpu_stack/software/gridkit/llvm/16.0.6/include/llvm/IR/Type.h:406:5: note: 'getPointerElementType' has been explicitly marked deprecated here
  [[deprecated("Deprecated without replacement, see "
    ^
/nopt/nrel/apps/cpu_stack/software/gridkit/src/Enzyme-0.0.206/enzyme/Enzyme/FunctionUtils.cpp:1090:23: warning: 'getPointerElementType' is deprecated: Deprecated without replacement, see https://llvm.org/docs/OpaquePointers.html for context and migration instructions [-Wdeprecated-declarations]
        T->getType()->getPointerElementType()) {
                      ^
/nopt/nrel/apps/cpu_stack/software/gridkit/llvm/16.0.6/include/llvm/IR/Type.h:406:5: note: 'getPointerElementType' has been explicitly marked deprecated here
  [[deprecated("Deprecated without replacement, see "
    ^
/nopt/nrel/apps/cpu_stack/software/gridkit/src/Enzyme-0.0.206/enzyme/Enzyme/FunctionUtils.cpp:1094:34: warning: 'getPointerElementType' is deprecated: Deprecated without replacement, see https://llvm.org/docs/OpaquePointers.html for context and migration instructions [-Wdeprecated-declarations]
                   T->getType()->getPointerElementType(),
                                 ^
/nopt/nrel/apps/cpu_stack/software/gridkit/llvm/16.0.6/include/llvm/IR/Type.h:406:5: note: 'getPointerElementType' has been explicitly marked deprecated here
  [[deprecated("Deprecated without replacement, see "
    ^
/nopt/nrel/apps/cpu_stack/software/gridkit/src/Enzyme-0.0.206/enzyme/Enzyme/FunctionUtils.cpp:1360:17: warning: 'getPointerElementType' is deprecated: Deprecated without replacement, see https://llvm.org/docs/OpaquePointers.html for context and migration instructions [-Wdeprecated-declarations]
        if (PT->getPointerElementType() != res->getType())
                ^
/nopt/nrel/apps/cpu_stack/software/gridkit/llvm/16.0.6/include/llvm/IR/Type.h:406:5: note: 'getPointerElementType' has been explicitly marked deprecated here
  [[deprecated("Deprecated without replacement, see "
    ^
1 warning generated.
/nopt/nrel/apps/cpu_stack/software/gridkit/src/Enzyme-0.0.206/enzyme/Enzyme/FunctionUtils.cpp:1360:17: warning: 'getPointerElementType' is deprecated: Deprecated without replacement, see https://llvm.org/docs/OpaquePointers.html for context and migration instructions [-Wdeprecated-declarations]
        if (PT->getPointerElementType() != res->getType())
                ^
/nopt/nrel/apps/cpu_stack/software/gridkit/llvm/16.0.6/include/llvm/IR/Type.h:406:5: note: 'getPointerElementType' has been explicitly marked deprecated here
  [[deprecated("Deprecated without replacement, see "
    ^
/nopt/nrel/apps/cpu_stack/software/gridkit/src/Enzyme-0.0.206/enzyme/Enzyme/Enzyme.cpp:409:42: warning: 'getPointerElementType' is deprecated: Deprecated without replacement, see https://llvm.org/docs/OpaquePointers.html for context and migration instructions [-Wdeprecated-declarations]
              res, PointerType::get(ptr->getPointerElementType(),
                                         ^
/nopt/nrel/apps/cpu_stack/software/gridkit/llvm/16.0.6/include/llvm/IR/Type.h:406:5: note: 'getPointerElementType' has been explicitly marked deprecated here
  [[deprecated("Deprecated without replacement, see "
    ^
In file included from /nopt/nrel/apps/cpu_stack/software/gridkit/src/Enzyme-0.0.206/enzyme/Enzyme/EnzymeLogic.cpp:32:
In file included from /nopt/nrel/apps/cpu_stack/software/gridkit/src/Enzyme-0.0.206/enzyme/Enzyme/AdjointGenerator.h:4098:
/nopt/nrel/apps/cpu_stack/software/gridkit/src/Enzyme-0.0.206/enzyme/build/Enzyme/BlasDerivatives.inc:6228:24: warning: 'getPointerElementType' is deprecated: Deprecated without replacement, see https://llvm.org/docs/OpaquePointers.html for context and migration instructions [-Wdeprecated-declarations]
      needsCast = !PT->getPointerElementType()->isIntegerTy(8);
                       ^
/nopt/nrel/apps/cpu_stack/software/gridkit/llvm/16.0.6/include/llvm/IR/Type.h:406:5: note: 'getPointerElementType' has been explicitly marked deprecated here
  [[deprecated("Deprecated without replacement, see "
    ^
/nopt/nrel/apps/cpu_stack/software/gridkit/src/Enzyme-0.0.206/enzyme/Enzyme/GradientUtils.cpp:5779:17: warning: 'getPointerElementType' is deprecated: Deprecated without replacement, see https://llvm.org/docs/OpaquePointers.html for context and migration instructions [-Wdeprecated-declarations]
            PT->getPointerElementType()->isFunctionTy()) {
                ^
/nopt/nrel/apps/cpu_stack/software/gridkit/llvm/16.0.6/include/llvm/IR/Type.h:406:5: note: 'getPointerElementType' has been explicitly marked deprecated here
  [[deprecated("Deprecated without replacement, see "
    ^
/nopt/nrel/apps/cpu_stack/software/gridkit/src/Enzyme-0.0.206/enzyme/Enzyme/FunctionUtils.cpp:384:43: warning: 'getPointerElementType' is deprecated: Deprecated without replacement, see https://llvm.org/docs/OpaquePointers.html for context and migration instructions [-Wdeprecated-declarations]
          PointerType::get(CI->getType()->getPointerElementType(),
                                          ^
/nopt/nrel/apps/cpu_stack/software/gridkit/llvm/16.0.6/include/llvm/IR/Type.h:406:5: note: 'getPointerElementType' has been explicitly marked deprecated here
  [[deprecated("Deprecated without replacement, see "
    ^
/nopt/nrel/apps/cpu_stack/software/gridkit/src/Enzyme-0.0.206/enzyme/Enzyme/FunctionUtils.cpp:406:46: warning: 'getPointerElementType' is deprecated: Deprecated without replacement, see https://llvm.org/docs/OpaquePointers.html for context and migration instructions [-Wdeprecated-declarations]
            PointerType::get(rep->getType()->getPointerElementType(), 11)
                                             ^
/nopt/nrel/apps/cpu_stack/software/gridkit/llvm/16.0.6/include/llvm/IR/Type.h:406:5: note: 'getPointerElementType' has been explicitly marked deprecated here
  [[deprecated("Deprecated without replacement, see "
    ^
1 warning generated.
1 warning generated.
/nopt/nrel/apps/cpu_stack/software/gridkit/src/Enzyme-0.0.206/enzyme/Enzyme/FunctionUtils.cpp:511:46: warning: 'getPointerElementType' is deprecated: Deprecated without replacement, see https://llvm.org/docs/OpaquePointers.html for context and migration instructions [-Wdeprecated-declarations]
            PointerType::get(rep->getType()->getPointerElementType(), 11)
                                             ^
/nopt/nrel/apps/cpu_stack/software/gridkit/llvm/16.0.6/include/llvm/IR/Type.h:406:5: note: 'getPointerElementType' has been explicitly marked deprecated here
  [[deprecated("Deprecated without replacement, see "
    ^
/nopt/nrel/apps/cpu_stack/software/gridkit/src/Enzyme-0.0.206/enzyme/Enzyme/FunctionUtils.cpp:528:48: warning: 'getPointerElementType' is deprecated: Deprecated without replacement, see https://llvm.org/docs/OpaquePointers.html for context and migration instructions [-Wdeprecated-declarations]
              PointerType::get(rep->getType()->getPointerElementType(), 11)
                                               ^
/nopt/nrel/apps/cpu_stack/software/gridkit/llvm/16.0.6/include/llvm/IR/Type.h:406:5: note: 'getPointerElementType' has been explicitly marked deprecated here
  [[deprecated("Deprecated without replacement, see "
    ^
/nopt/nrel/apps/cpu_stack/software/gridkit/src/Enzyme-0.0.206/enzyme/Enzyme/Enzyme.cpp:1251:48: warning: 'getPointerElementType' is deprecated: Deprecated without replacement, see https://llvm.org/docs/OpaquePointers.html for context and migration instructions [-Wdeprecated-declarations]
                    res, PointerType::get(ptr->getPointerElementType(),
                                               ^
/nopt/nrel/apps/cpu_stack/software/gridkit/llvm/16.0.6/include/llvm/IR/Type.h:406:5: note: 'getPointerElementType' has been explicitly marked deprecated here
  [[deprecated("Deprecated without replacement, see "
    ^
/nopt/nrel/apps/cpu_stack/software/gridkit/src/Enzyme-0.0.206/enzyme/Enzyme/Enzyme.cpp:1417:34: warning: 'getPointerElementType' is deprecated: Deprecated without replacement, see https://llvm.org/docs/OpaquePointers.html for context and migration instructions [-Wdeprecated-declarations]
          auto et = a.getType()->getPointerElementType();
                                 ^
/nopt/nrel/apps/cpu_stack/software/gridkit/llvm/16.0.6/include/llvm/IR/Type.h:406:5: note: 'getPointerElementType' has been explicitly marked deprecated here
  [[deprecated("Deprecated without replacement, see "
    ^
/nopt/nrel/apps/cpu_stack/software/gridkit/src/Enzyme-0.0.206/enzyme/Enzyme/FunctionUtils.cpp:1089:25: warning: 'getPointerElementType' is deprecated: Deprecated without replacement, see https://llvm.org/docs/OpaquePointers.html for context and migration instructions [-Wdeprecated-declarations]
    if (AIV->getType()->getPointerElementType() !=
                        ^
/nopt/nrel/apps/cpu_stack/software/gridkit/llvm/16.0.6/include/llvm/IR/Type.h:406:5: note: 'getPointerElementType' has been explicitly marked deprecated here
  [[deprecated("Deprecated without replacement, see "
    ^
/nopt/nrel/apps/cpu_stack/software/gridkit/src/Enzyme-0.0.206/enzyme/Enzyme/FunctionUtils.cpp:1090:23: warning: 'getPointerElementType' is deprecated: Deprecated without replacement, see https://llvm.org/docs/OpaquePointers.html for context and migration instructions [-Wdeprecated-declarations]
        T->getType()->getPointerElementType()) {
                      ^
/nopt/nrel/apps/cpu_stack/software/gridkit/llvm/16.0.6/include/llvm/IR/Type.h:406:5: note: 'getPointerElementType' has been explicitly marked deprecated here
  [[deprecated("Deprecated without replacement, see "
    ^
/nopt/nrel/apps/cpu_stack/software/gridkit/src/Enzyme-0.0.206/enzyme/Enzyme/FunctionUtils.cpp:1094:34: warning: 'getPointerElementType' is deprecated: Deprecated without replacement, see https://llvm.org/docs/OpaquePointers.html for context and migration instructions [-Wdeprecated-declarations]
                   T->getType()->getPointerElementType(),
                                 ^
/nopt/nrel/apps/cpu_stack/software/gridkit/llvm/16.0.6/include/llvm/IR/Type.h:406:5: note: 'getPointerElementType' has been explicitly marked deprecated here
  [[deprecated("Deprecated without replacement, see "
    ^
3 warnings generated.
/nopt/nrel/apps/cpu_stack/software/gridkit/src/Enzyme-0.0.206/enzyme/Enzyme/FunctionUtils.cpp:1360:17: warning: 'getPointerElementType' is deprecated: Deprecated without replacement, see https://llvm.org/docs/OpaquePointers.html for context and migration instructions [-Wdeprecated-declarations]
        if (PT->getPointerElementType() != res->getType())
                ^
/nopt/nrel/apps/cpu_stack/software/gridkit/llvm/16.0.6/include/llvm/IR/Type.h:406:5: note: 'getPointerElementType' has been explicitly marked deprecated here
  [[deprecated("Deprecated without replacement, see "
    ^
3 warnings generated.
3 warnings generated.
In file included from /nopt/nrel/apps/cpu_stack/software/gridkit/src/Enzyme-0.0.206/enzyme/Enzyme/CallDerivatives.cpp:27:
In file included from /nopt/nrel/apps/cpu_stack/software/gridkit/src/Enzyme-0.0.206/enzyme/Enzyme/AdjointGenerator.h:4098:
/nopt/nrel/apps/cpu_stack/software/gridkit/src/Enzyme-0.0.206/enzyme/build/Enzyme/BlasDerivatives.inc:6228:24: warning: 'getPointerElementType' is deprecated: Deprecated without replacement, see https://llvm.org/docs/OpaquePointers.html for context and migration instructions [-Wdeprecated-declarations]
      needsCast = !PT->getPointerElementType()->isIntegerTy(8);
                       ^
/nopt/nrel/apps/cpu_stack/software/gridkit/llvm/16.0.6/include/llvm/IR/Type.h:406:5: note: 'getPointerElementType' has been explicitly marked deprecated here
  [[deprecated("Deprecated without replacement, see "
    ^
1 warning generated.
1 warning generated.
In file included from /nopt/nrel/apps/cpu_stack/software/gridkit/src/Enzyme-0.0.206/enzyme/Enzyme/CallDerivatives.cpp:27:
In file included from /nopt/nrel/apps/cpu_stack/software/gridkit/src/Enzyme-0.0.206/enzyme/Enzyme/AdjointGenerator.h:4098:
/nopt/nrel/apps/cpu_stack/software/gridkit/src/Enzyme-0.0.206/enzyme/build/Enzyme/BlasDerivatives.inc:6228:24: warning: 'getPointerElementType' is deprecated: Deprecated without replacement, see https://llvm.org/docs/OpaquePointers.html for context and migration instructions [-Wdeprecated-declarations]
      needsCast = !PT->getPointerElementType()->isIntegerTy(8);
                       ^
/nopt/nrel/apps/cpu_stack/software/gridkit/llvm/16.0.6/include/llvm/IR/Type.h:406:5: note: 'getPointerElementType' has been explicitly marked deprecated here
  [[deprecated("Deprecated without replacement, see "
    ^
1 warning generated.
In file included from /nopt/nrel/apps/cpu_stack/software/gridkit/src/Enzyme-0.0.206/enzyme/Enzyme/EnzymeLogic.cpp:32:
In file included from /nopt/nrel/apps/cpu_stack/software/gridkit/src/Enzyme-0.0.206/enzyme/Enzyme/AdjointGenerator.h:4098:
/nopt/nrel/apps/cpu_stack/software/gridkit/src/Enzyme-0.0.206/enzyme/build/Enzyme/BlasDerivatives.inc:6228:24: warning: 'getPointerElementType' is deprecated: Deprecated without replacement, see https://llvm.org/docs/OpaquePointers.html for context and migration instructions [-Wdeprecated-declarations]
      needsCast = !PT->getPointerElementType()->isIntegerTy(8);
                       ^
/nopt/nrel/apps/cpu_stack/software/gridkit/llvm/16.0.6/include/llvm/IR/Type.h:406:5: note: 'getPointerElementType' has been explicitly marked deprecated here
  [[deprecated("Deprecated without replacement, see "
    ^
In file included from /nopt/nrel/apps/cpu_stack/software/gridkit/src/Enzyme-0.0.206/enzyme/Enzyme/EnzymeLogic.cpp:32:
In file included from /nopt/nrel/apps/cpu_stack/software/gridkit/src/Enzyme-0.0.206/enzyme/Enzyme/AdjointGenerator.h:4098:
/nopt/nrel/apps/cpu_stack/software/gridkit/src/Enzyme-0.0.206/enzyme/build/Enzyme/BlasDerivatives.inc:6228:24: warning: 'getPointerElementType' is deprecated: Deprecated without replacement, see https://llvm.org/docs/OpaquePointers.html for context and migration instructions [-Wdeprecated-declarations]
      needsCast = !PT->getPointerElementType()->isIntegerTy(8);
                       ^
/nopt/nrel/apps/cpu_stack/software/gridkit/llvm/16.0.6/include/llvm/IR/Type.h:406:5: note: 'getPointerElementType' has been explicitly marked deprecated here
  [[deprecated("Deprecated without replacement, see "
    ^
In file included from /nopt/nrel/apps/cpu_stack/software/gridkit/src/Enzyme-0.0.206/enzyme/Enzyme/CallDerivatives.cpp:27:
/nopt/nrel/apps/cpu_stack/software/gridkit/src/Enzyme-0.0.206/enzyme/Enzyme/AdjointGenerator.h:4695:19: warning: 'getPointerElementType' is deprecated: Deprecated without replacement, see https://llvm.org/docs/OpaquePointers.html for context and migration instructions [-Wdeprecated-declarations]
                ->getPointerElementType()
                  ^
/nopt/nrel/apps/cpu_stack/software/gridkit/llvm/16.0.6/include/llvm/IR/Type.h:406:5: note: 'getPointerElementType' has been explicitly marked deprecated here
  [[deprecated("Deprecated without replacement, see "
    ^
In file included from /nopt/nrel/apps/cpu_stack/software/gridkit/src/Enzyme-0.0.206/enzyme/Enzyme/CallDerivatives.cpp:27:
/nopt/nrel/apps/cpu_stack/software/gridkit/src/Enzyme-0.0.206/enzyme/Enzyme/AdjointGenerator.h:4699:44: warning: 'getPointerElementType' is deprecated: Deprecated without replacement, see https://llvm.org/docs/OpaquePointers.html for context and migration instructions [-Wdeprecated-declarations]
                                         ->getPointerElementType()
                                           ^
/nopt/nrel/apps/cpu_stack/software/gridkit/llvm/16.0.6/include/llvm/IR/Type.h:406:5: note: 'getPointerElementType' has been explicitly marked deprecated here
  [[deprecated("Deprecated without replacement, see "
    ^
1 warning generated.
1 warning generated.
/nopt/nrel/apps/cpu_stack/software/gridkit/src/Enzyme-0.0.206/enzyme/Enzyme/FunctionUtils.cpp:8366:45: warning: 'getPointerElementType' is deprecated: Deprecated without replacement, see https://llvm.org/docs/OpaquePointers.html for context and migration instructions [-Wdeprecated-declarations]
              V, PointerType::getUnqual(PT->getPointerElementType()));
                                            ^
/nopt/nrel/apps/cpu_stack/software/gridkit/llvm/16.0.6/include/llvm/IR/Type.h:406:5: note: 'getPointerElementType' has been explicitly marked deprecated here
  [[deprecated("Deprecated without replacement, see "
    ^
/nopt/nrel/apps/cpu_stack/software/gridkit/src/Enzyme-0.0.206/enzyme/Enzyme/FunctionUtils.cpp:8366:45: warning: 'getPointerElementType' is deprecated: Deprecated without replacement, see https://llvm.org/docs/OpaquePointers.html for context and migration instructions [-Wdeprecated-declarations]
              V, PointerType::getUnqual(PT->getPointerElementType()));
                                            ^
/nopt/nrel/apps/cpu_stack/software/gridkit/llvm/16.0.6/include/llvm/IR/Type.h:406:5: note: 'getPointerElementType' has been explicitly marked deprecated here
  [[deprecated("Deprecated without replacement, see "
    ^
/nopt/nrel/apps/cpu_stack/software/gridkit/src/Enzyme-0.0.206/enzyme/Enzyme/CallDerivatives.cpp:157:30: warning: 'getPointerElementType' is deprecated: Deprecated without replacement, see https://llvm.org/docs/OpaquePointers.html for context and migration instructions [-Wdeprecated-declarations]
            statusType = PT->getPointerElementType();
                             ^
/nopt/nrel/apps/cpu_stack/software/gridkit/llvm/16.0.6/include/llvm/IR/Type.h:406:5: note: 'getPointerElementType' has been explicitly marked deprecated here
  [[deprecated("Deprecated without replacement, see "
    ^
/nopt/nrel/apps/cpu_stack/software/gridkit/src/Enzyme-0.0.206/enzyme/Enzyme/CallDerivatives.cpp:163:30: warning: 'getPointerElementType' is deprecated: Deprecated without replacement, see https://llvm.org/docs/OpaquePointers.html for context and migration instructions [-Wdeprecated-declarations]
            statusType = PT->getPointerElementType();
                             ^
/nopt/nrel/apps/cpu_stack/software/gridkit/llvm/16.0.6/include/llvm/IR/Type.h:406:5: note: 'getPointerElementType' has been explicitly marked deprecated here
  [[deprecated("Deprecated without replacement, see "
    ^
1 warning generated.
/nopt/nrel/apps/cpu_stack/software/gridkit/src/Enzyme-0.0.206/enzyme/Enzyme/CallDerivatives.cpp:690:30: warning: 'getPointerElementType' is deprecated: Deprecated without replacement, see https://llvm.org/docs/OpaquePointers.html for context and migration instructions [-Wdeprecated-declarations]
            statusType = PT->getPointerElementType();
                             ^
/nopt/nrel/apps/cpu_stack/software/gridkit/llvm/16.0.6/include/llvm/IR/Type.h:406:5: note: 'getPointerElementType' has been explicitly marked deprecated here
  [[deprecated("Deprecated without replacement, see "
    ^
/nopt/nrel/apps/cpu_stack/software/gridkit/src/Enzyme-0.0.206/enzyme/Enzyme/CallDerivatives.cpp:696:30: warning: 'getPointerElementType' is deprecated: Deprecated without replacement, see https://llvm.org/docs/OpaquePointers.html for context and migration instructions [-Wdeprecated-declarations]
            statusType = PT->getPointerElementType();
                             ^
/nopt/nrel/apps/cpu_stack/software/gridkit/llvm/16.0.6/include/llvm/IR/Type.h:406:5: note: 'getPointerElementType' has been explicitly marked deprecated here
  [[deprecated("Deprecated without replacement, see "
    ^
In file included from /nopt/nrel/apps/cpu_stack/software/gridkit/src/Enzyme-0.0.206/enzyme/Enzyme/EnzymeLogic.cpp:32:
/nopt/nrel/apps/cpu_stack/software/gridkit/src/Enzyme-0.0.206/enzyme/Enzyme/AdjointGenerator.h:4695:19: warning: 'getPointerElementType' is deprecated: Deprecated without replacement, see https://llvm.org/docs/OpaquePointers.html for context and migration instructions [-Wdeprecated-declarations]
                ->getPointerElementType()
                  ^
/nopt/nrel/apps/cpu_stack/software/gridkit/llvm/16.0.6/include/llvm/IR/Type.h:406:5: note: 'getPointerElementType' has been explicitly marked deprecated here
  [[deprecated("Deprecated without replacement, see "
    ^
In file included from /nopt/nrel/apps/cpu_stack/software/gridkit/src/Enzyme-0.0.206/enzyme/Enzyme/EnzymeLogic.cpp:32:
/nopt/nrel/apps/cpu_stack/software/gridkit/src/Enzyme-0.0.206/enzyme/Enzyme/AdjointGenerator.h:4699:44: warning: 'getPointerElementType' is deprecated: Deprecated without replacement, see https://llvm.org/docs/OpaquePointers.html for context and migration instructions [-Wdeprecated-declarations]
                                         ->getPointerElementType()
                                           ^
/nopt/nrel/apps/cpu_stack/software/gridkit/llvm/16.0.6/include/llvm/IR/Type.h:406:5: note: 'getPointerElementType' has been explicitly marked deprecated here
  [[deprecated("Deprecated without replacement, see "
    ^
/nopt/nrel/apps/cpu_stack/software/gridkit/src/Enzyme-0.0.206/enzyme/Enzyme/FunctionUtils.cpp:8366:45: warning: 'getPointerElementType' is deprecated: Deprecated without replacement, see https://llvm.org/docs/OpaquePointers.html for context and migration instructions [-Wdeprecated-declarations]
              V, PointerType::getUnqual(PT->getPointerElementType()));
                                            ^
/nopt/nrel/apps/cpu_stack/software/gridkit/llvm/16.0.6/include/llvm/IR/Type.h:406:5: note: 'getPointerElementType' has been explicitly marked deprecated here
  [[deprecated("Deprecated without replacement, see "
    ^
1 warning generated.
In file included from /nopt/nrel/apps/cpu_stack/software/gridkit/src/Enzyme-0.0.206/enzyme/Enzyme/CallDerivatives.cpp:27:
/nopt/nrel/apps/cpu_stack/software/gridkit/src/Enzyme-0.0.206/enzyme/Enzyme/AdjointGenerator.h:4695:19: warning: 'getPointerElementType' is deprecated: Deprecated without replacement, see https://llvm.org/docs/OpaquePointers.html for context and migration instructions [-Wdeprecated-declarations]
                ->getPointerElementType()
                  ^
/nopt/nrel/apps/cpu_stack/software/gridkit/llvm/16.0.6/include/llvm/IR/Type.h:406:5: note: 'getPointerElementType' has been explicitly marked deprecated here
  [[deprecated("Deprecated without replacement, see "
    ^
In file included from /nopt/nrel/apps/cpu_stack/software/gridkit/src/Enzyme-0.0.206/enzyme/Enzyme/CallDerivatives.cpp:27:
/nopt/nrel/apps/cpu_stack/software/gridkit/src/Enzyme-0.0.206/enzyme/Enzyme/AdjointGenerator.h:4699:44: warning: 'getPointerElementType' is deprecated: Deprecated without replacement, see https://llvm.org/docs/OpaquePointers.html for context and migration instructions [-Wdeprecated-declarations]
                                         ->getPointerElementType()
                                           ^
/nopt/nrel/apps/cpu_stack/software/gridkit/llvm/16.0.6/include/llvm/IR/Type.h:406:5: note: 'getPointerElementType' has been explicitly marked deprecated here
  [[deprecated("Deprecated without replacement, see "
    ^
3 warnings generated.
In file included from /nopt/nrel/apps/cpu_stack/software/gridkit/src/Enzyme-0.0.206/enzyme/Enzyme/CallDerivatives.cpp:27:
/nopt/nrel/apps/cpu_stack/software/gridkit/src/Enzyme-0.0.206/enzyme/Enzyme/AdjointGenerator.h:4695:19: warning: 'getPointerElementType' is deprecated: Deprecated without replacement, see https://llvm.org/docs/OpaquePointers.html for context and migration instructions [-Wdeprecated-declarations]
                ->getPointerElementType()
                  ^
/nopt/nrel/apps/cpu_stack/software/gridkit/llvm/16.0.6/include/llvm/IR/Type.h:406:5: note: 'getPointerElementType' has been explicitly marked deprecated here
  [[deprecated("Deprecated without replacement, see "
    ^
In file included from /nopt/nrel/apps/cpu_stack/software/gridkit/src/Enzyme-0.0.206/enzyme/Enzyme/CallDerivatives.cpp:27:
/nopt/nrel/apps/cpu_stack/software/gridkit/src/Enzyme-0.0.206/enzyme/Enzyme/AdjointGenerator.h:4699:44: warning: 'getPointerElementType' is deprecated: Deprecated without replacement, see https://llvm.org/docs/OpaquePointers.html for context and migration instructions [-Wdeprecated-declarations]
                                         ->getPointerElementType()
                                           ^
/nopt/nrel/apps/cpu_stack/software/gridkit/llvm/16.0.6/include/llvm/IR/Type.h:406:5: note: 'getPointerElementType' has been explicitly marked deprecated here
  [[deprecated("Deprecated without replacement, see "
    ^
1 warning generated.
1 warning generated.
In file included from /nopt/nrel/apps/cpu_stack/software/gridkit/src/Enzyme-0.0.206/enzyme/Enzyme/EnzymeLogic.cpp:32:
/nopt/nrel/apps/cpu_stack/software/gridkit/src/Enzyme-0.0.206/enzyme/Enzyme/AdjointGenerator.h:4695:19: warning: 'getPointerElementType' is deprecated: Deprecated without replacement, see https://llvm.org/docs/OpaquePointers.html for context and migration instructions [-Wdeprecated-declarations]
                ->getPointerElementType()
                  ^
/nopt/nrel/apps/cpu_stack/software/gridkit/llvm/16.0.6/include/llvm/IR/Type.h:406:5: note: 'getPointerElementType' has been explicitly marked deprecated here
  [[deprecated("Deprecated without replacement, see "
    ^
In file included from /nopt/nrel/apps/cpu_stack/software/gridkit/src/Enzyme-0.0.206/enzyme/Enzyme/EnzymeLogic.cpp:32:
/nopt/nrel/apps/cpu_stack/software/gridkit/src/Enzyme-0.0.206/enzyme/Enzyme/AdjointGenerator.h:4699:44: warning: 'getPointerElementType' is deprecated: Deprecated without replacement, see https://llvm.org/docs/OpaquePointers.html for context and migration instructions [-Wdeprecated-declarations]
                                         ->getPointerElementType()
                                           ^
/nopt/nrel/apps/cpu_stack/software/gridkit/llvm/16.0.6/include/llvm/IR/Type.h:406:5: note: 'getPointerElementType' has been explicitly marked deprecated here
  [[deprecated("Deprecated without replacement, see "
    ^
In file included from /nopt/nrel/apps/cpu_stack/software/gridkit/src/Enzyme-0.0.206/enzyme/Enzyme/EnzymeLogic.cpp:32:
/nopt/nrel/apps/cpu_stack/software/gridkit/src/Enzyme-0.0.206/enzyme/Enzyme/AdjointGenerator.h:4695:19: warning: 'getPointerElementType' is deprecated: Deprecated without replacement, see https://llvm.org/docs/OpaquePointers.html for context and migration instructions [-Wdeprecated-declarations]
                ->getPointerElementType()
                  ^
/nopt/nrel/apps/cpu_stack/software/gridkit/llvm/16.0.6/include/llvm/IR/Type.h:406:5: note: 'getPointerElementType' has been explicitly marked deprecated here
  [[deprecated("Deprecated without replacement, see "
    ^
In file included from /nopt/nrel/apps/cpu_stack/software/gridkit/src/Enzyme-0.0.206/enzyme/Enzyme/EnzymeLogic.cpp:32:
/nopt/nrel/apps/cpu_stack/software/gridkit/src/Enzyme-0.0.206/enzyme/Enzyme/AdjointGenerator.h:4699:44: warning: 'getPointerElementType' is deprecated: Deprecated without replacement, see https://llvm.org/docs/OpaquePointers.html for context and migration instructions [-Wdeprecated-declarations]
                                         ->getPointerElementType()
                                           ^
/nopt/nrel/apps/cpu_stack/software/gridkit/llvm/16.0.6/include/llvm/IR/Type.h:406:5: note: 'getPointerElementType' has been explicitly marked deprecated here
  [[deprecated("Deprecated without replacement, see "
    ^
/nopt/nrel/apps/cpu_stack/software/gridkit/src/Enzyme-0.0.206/enzyme/Enzyme/CallDerivatives.cpp:157:30: warning: 'getPointerElementType' is deprecated: Deprecated without replacement, see https://llvm.org/docs/OpaquePointers.html for context and migration instructions [-Wdeprecated-declarations]
            statusType = PT->getPointerElementType();
                             ^
/nopt/nrel/apps/cpu_stack/software/gridkit/llvm/16.0.6/include/llvm/IR/Type.h:406:5: note: 'getPointerElementType' has been explicitly marked deprecated here
  [[deprecated("Deprecated without replacement, see "
    ^
/nopt/nrel/apps/cpu_stack/software/gridkit/src/Enzyme-0.0.206/enzyme/Enzyme/CallDerivatives.cpp:163:30: warning: 'getPointerElementType' is deprecated: Deprecated without replacement, see https://llvm.org/docs/OpaquePointers.html for context and migration instructions [-Wdeprecated-declarations]
            statusType = PT->getPointerElementType();
                             ^
/nopt/nrel/apps/cpu_stack/software/gridkit/llvm/16.0.6/include/llvm/IR/Type.h:406:5: note: 'getPointerElementType' has been explicitly marked deprecated here
  [[deprecated("Deprecated without replacement, see "
    ^
/nopt/nrel/apps/cpu_stack/software/gridkit/src/Enzyme-0.0.206/enzyme/Enzyme/CallDerivatives.cpp:690:30: warning: 'getPointerElementType' is deprecated: Deprecated without replacement, see https://llvm.org/docs/OpaquePointers.html for context and migration instructions [-Wdeprecated-declarations]
            statusType = PT->getPointerElementType();
                             ^
/nopt/nrel/apps/cpu_stack/software/gridkit/llvm/16.0.6/include/llvm/IR/Type.h:406:5: note: 'getPointerElementType' has been explicitly marked deprecated here
  [[deprecated("Deprecated without replacement, see "
    ^
/nopt/nrel/apps/cpu_stack/software/gridkit/src/Enzyme-0.0.206/enzyme/Enzyme/CallDerivatives.cpp:696:30: warning: 'getPointerElementType' is deprecated: Deprecated without replacement, see https://llvm.org/docs/OpaquePointers.html for context and migration instructions [-Wdeprecated-declarations]
            statusType = PT->getPointerElementType();
                             ^
/nopt/nrel/apps/cpu_stack/software/gridkit/llvm/16.0.6/include/llvm/IR/Type.h:406:5: note: 'getPointerElementType' has been explicitly marked deprecated here
  [[deprecated("Deprecated without replacement, see "
    ^
/nopt/nrel/apps/cpu_stack/software/gridkit/src/Enzyme-0.0.206/enzyme/Enzyme/CallDerivatives.cpp:157:30: warning: 'getPointerElementType' is deprecated: Deprecated without replacement, see https://llvm.org/docs/OpaquePointers.html for context and migration instructions [-Wdeprecated-declarations]
            statusType = PT->getPointerElementType();
                             ^
/nopt/nrel/apps/cpu_stack/software/gridkit/llvm/16.0.6/include/llvm/IR/Type.h:406:5: note: 'getPointerElementType' has been explicitly marked deprecated here
  [[deprecated("Deprecated without replacement, see "
    ^
/nopt/nrel/apps/cpu_stack/software/gridkit/src/Enzyme-0.0.206/enzyme/Enzyme/CallDerivatives.cpp:163:30: warning: 'getPointerElementType' is deprecated: Deprecated without replacement, see https://llvm.org/docs/OpaquePointers.html for context and migration instructions [-Wdeprecated-declarations]
            statusType = PT->getPointerElementType();
                             ^
/nopt/nrel/apps/cpu_stack/software/gridkit/llvm/16.0.6/include/llvm/IR/Type.h:406:5: note: 'getPointerElementType' has been explicitly marked deprecated here
  [[deprecated("Deprecated without replacement, see "
    ^
/nopt/nrel/apps/cpu_stack/software/gridkit/src/Enzyme-0.0.206/enzyme/Enzyme/CallDerivatives.cpp:690:30: warning: 'getPointerElementType' is deprecated: Deprecated without replacement, see https://llvm.org/docs/OpaquePointers.html for context and migration instructions [-Wdeprecated-declarations]
            statusType = PT->getPointerElementType();
                             ^
/nopt/nrel/apps/cpu_stack/software/gridkit/llvm/16.0.6/include/llvm/IR/Type.h:406:5: note: 'getPointerElementType' has been explicitly marked deprecated here
  [[deprecated("Deprecated without replacement, see "
    ^
/nopt/nrel/apps/cpu_stack/software/gridkit/src/Enzyme-0.0.206/enzyme/Enzyme/CallDerivatives.cpp:696:30: warning: 'getPointerElementType' is deprecated: Deprecated without replacement, see https://llvm.org/docs/OpaquePointers.html for context and migration instructions [-Wdeprecated-declarations]
            statusType = PT->getPointerElementType();
                             ^
/nopt/nrel/apps/cpu_stack/software/gridkit/llvm/16.0.6/include/llvm/IR/Type.h:406:5: note: 'getPointerElementType' has been explicitly marked deprecated here
  [[deprecated("Deprecated without replacement, see "
    ^
3 warnings generated.
3 warnings generated.
1 warning generated.
3 warnings generated.
3 warnings generated.
3 warnings generated.
1 warning generated.
1 warning generated.
/nopt/nrel/apps/cpu_stack/software/gridkit/src/Enzyme-0.0.206/enzyme/Enzyme/CallDerivatives.cpp:3131:44: warning: 'getPointerElementType' is deprecated: Deprecated without replacement, see https://llvm.org/docs/OpaquePointers.html for context and migration instructions [-Wdeprecated-declarations]
                      elTy = U->getType()->getPointerElementType();
                                           ^
/nopt/nrel/apps/cpu_stack/software/gridkit/llvm/16.0.6/include/llvm/IR/Type.h:406:5: note: 'getPointerElementType' has been explicitly marked deprecated here
  [[deprecated("Deprecated without replacement, see "
    ^
/nopt/nrel/apps/cpu_stack/software/gridkit/src/Enzyme-0.0.206/enzyme/Enzyme/CallDerivatives.cpp:3162:42: warning: 'getPointerElementType' is deprecated: Deprecated without replacement, see https://llvm.org/docs/OpaquePointers.html for context and migration instructions [-Wdeprecated-declarations]
                    if (anti->getType()->getPointerElementType() != elTy)
                                         ^
/nopt/nrel/apps/cpu_stack/software/gridkit/llvm/16.0.6/include/llvm/IR/Type.h:406:5: note: 'getPointerElementType' has been explicitly marked deprecated here
  [[deprecated("Deprecated without replacement, see "
    ^
/nopt/nrel/apps/cpu_stack/software/gridkit/src/Enzyme-0.0.206/enzyme/Enzyme/CallDerivatives.cpp:3166:48: warning: 'getPointerElementType' is deprecated: Deprecated without replacement, see https://llvm.org/docs/OpaquePointers.html for context and migration instructions [-Wdeprecated-declarations]
                              anti->getType()->getPointerElementType()));
                                               ^
/nopt/nrel/apps/cpu_stack/software/gridkit/llvm/16.0.6/include/llvm/IR/Type.h:406:5: note: 'getPointerElementType' has been explicitly marked deprecated here
  [[deprecated("Deprecated without replacement, see "
    ^
/nopt/nrel/apps/cpu_stack/software/gridkit/src/Enzyme-0.0.206/enzyme/Enzyme/CallDerivatives.cpp:3175:44: warning: 'getPointerElementType' is deprecated: Deprecated without replacement, see https://llvm.org/docs/OpaquePointers.html for context and migration instructions [-Wdeprecated-declarations]
                          anti->getType()->getPointerElementType(), AS);
                                           ^
/nopt/nrel/apps/cpu_stack/software/gridkit/llvm/16.0.6/include/llvm/IR/Type.h:406:5: note: 'getPointerElementType' has been explicitly marked deprecated here
  [[deprecated("Deprecated without replacement, see "
    ^
/nopt/nrel/apps/cpu_stack/software/gridkit/src/Enzyme-0.0.206/enzyme/Enzyme/CallDerivatives.cpp:3334:34: warning: 'getPointerElementType' is deprecated: Deprecated without replacement, see https://llvm.org/docs/OpaquePointers.html for context and migration instructions [-Wdeprecated-declarations]
            elTy = U->getType()->getPointerElementType();
                                 ^
/nopt/nrel/apps/cpu_stack/software/gridkit/llvm/16.0.6/include/llvm/IR/Type.h:406:5: note: 'getPointerElementType' has been explicitly marked deprecated here
  [[deprecated("Deprecated without replacement, see "
    ^
/nopt/nrel/apps/cpu_stack/software/gridkit/src/Enzyme-0.0.206/enzyme/Enzyme/CallDerivatives.cpp:3367:29: warning: 'getPointerElementType' is deprecated: Deprecated without replacement, see https://llvm.org/docs/OpaquePointers.html for context and migration instructions [-Wdeprecated-declarations]
        if (call.getType()->getPointerElementType() != elTy)
                            ^
/nopt/nrel/apps/cpu_stack/software/gridkit/llvm/16.0.6/include/llvm/IR/Type.h:406:5: note: 'getPointerElementType' has been explicitly marked deprecated here
  [[deprecated("Deprecated without replacement, see "
    ^
/nopt/nrel/apps/cpu_stack/software/gridkit/src/Enzyme-0.0.206/enzyme/Enzyme/CallDerivatives.cpp:3370:54: warning: 'getPointerElementType' is deprecated: Deprecated without replacement, see https://llvm.org/docs/OpaquePointers.html for context and migration instructions [-Wdeprecated-declarations]
              PointerType::getUnqual(call.getType()->getPointerElementType()));
                                                     ^
/nopt/nrel/apps/cpu_stack/software/gridkit/llvm/16.0.6/include/llvm/IR/Type.h:406:5: note: 'getPointerElementType' has been explicitly marked deprecated here
  [[deprecated("Deprecated without replacement, see "
    ^
/nopt/nrel/apps/cpu_stack/software/gridkit/src/Enzyme-0.0.206/enzyme/Enzyme/CallDerivatives.cpp:3377:49: warning: 'getPointerElementType' is deprecated: Deprecated without replacement, see https://llvm.org/docs/OpaquePointers.html for context and migration instructions [-Wdeprecated-declarations]
          PT = PointerType::get(call.getType()->getPointerElementType(), AS);
                                                ^
/nopt/nrel/apps/cpu_stack/software/gridkit/llvm/16.0.6/include/llvm/IR/Type.h:406:5: note: 'getPointerElementType' has been explicitly marked deprecated here
  [[deprecated("Deprecated without replacement, see "
    ^
/nopt/nrel/apps/cpu_stack/software/gridkit/src/Enzyme-0.0.206/enzyme/Enzyme/CallDerivatives.cpp:3729:48: warning: 'getPointerElementType' is deprecated: Deprecated without replacement, see https://llvm.org/docs/OpaquePointers.html for context and migration instructions [-Wdeprecated-declarations]
        PT = call.getArgOperand(0)->getType()->getPointerElementType();
                                               ^
/nopt/nrel/apps/cpu_stack/software/gridkit/llvm/16.0.6/include/llvm/IR/Type.h:406:5: note: 'getPointerElementType' has been explicitly marked deprecated here
  [[deprecated("Deprecated without replacement, see "
    ^
/nopt/nrel/apps/cpu_stack/software/gridkit/src/Enzyme-0.0.206/enzyme/Enzyme/CallDerivatives.cpp:3792:48: warning: 'getPointerElementType' is deprecated: Deprecated without replacement, see https://llvm.org/docs/OpaquePointers.html for context and migration instructions [-Wdeprecated-declarations]
        PT = call.getArgOperand(0)->getType()->getPointerElementType();
                                               ^
/nopt/nrel/apps/cpu_stack/software/gridkit/llvm/16.0.6/include/llvm/IR/Type.h:406:5: note: 'getPointerElementType' has been explicitly marked deprecated here
  [[deprecated("Deprecated without replacement, see "
    ^
/nopt/nrel/apps/cpu_stack/software/gridkit/src/Enzyme-0.0.206/enzyme/Enzyme/CallDerivatives.cpp:3131:44: warning: 'getPointerElementType' is deprecated: Deprecated without replacement, see https://llvm.org/docs/OpaquePointers.html for context and migration instructions [-Wdeprecated-declarations]
                      elTy = U->getType()->getPointerElementType();
                                           ^
/nopt/nrel/apps/cpu_stack/software/gridkit/llvm/16.0.6/include/llvm/IR/Type.h:406:5: note: 'getPointerElementType' has been explicitly marked deprecated here
  [[deprecated("Deprecated without replacement, see "
    ^
/nopt/nrel/apps/cpu_stack/software/gridkit/src/Enzyme-0.0.206/enzyme/Enzyme/CallDerivatives.cpp:3162:42: warning: 'getPointerElementType' is deprecated: Deprecated without replacement, see https://llvm.org/docs/OpaquePointers.html for context and migration instructions [-Wdeprecated-declarations]
                    if (anti->getType()->getPointerElementType() != elTy)
                                         ^
/nopt/nrel/apps/cpu_stack/software/gridkit/llvm/16.0.6/include/llvm/IR/Type.h:406:5: note: 'getPointerElementType' has been explicitly marked deprecated here
  [[deprecated("Deprecated without replacement, see "
    ^
/nopt/nrel/apps/cpu_stack/software/gridkit/src/Enzyme-0.0.206/enzyme/Enzyme/CallDerivatives.cpp:3166:48: warning: 'getPointerElementType' is deprecated: Deprecated without replacement, see https://llvm.org/docs/OpaquePointers.html for context and migration instructions [-Wdeprecated-declarations]
                              anti->getType()->getPointerElementType()));
                                               ^
/nopt/nrel/apps/cpu_stack/software/gridkit/llvm/16.0.6/include/llvm/IR/Type.h:406:5: note: 'getPointerElementType' has been explicitly marked deprecated here
  [[deprecated("Deprecated without replacement, see "
    ^
/nopt/nrel/apps/cpu_stack/software/gridkit/src/Enzyme-0.0.206/enzyme/Enzyme/CallDerivatives.cpp:3175:44: warning: 'getPointerElementType' is deprecated: Deprecated without replacement, see https://llvm.org/docs/OpaquePointers.html for context and migration instructions [-Wdeprecated-declarations]
                          anti->getType()->getPointerElementType(), AS);
                                           ^
/nopt/nrel/apps/cpu_stack/software/gridkit/llvm/16.0.6/include/llvm/IR/Type.h:406:5: note: 'getPointerElementType' has been explicitly marked deprecated here
  [[deprecated("Deprecated without replacement, see "
    ^
/nopt/nrel/apps/cpu_stack/software/gridkit/src/Enzyme-0.0.206/enzyme/Enzyme/CallDerivatives.cpp:3131:44: warning: 'getPointerElementType' is deprecated: Deprecated without replacement, see https://llvm.org/docs/OpaquePointers.html for context and migration instructions [-Wdeprecated-declarations]
                      elTy = U->getType()->getPointerElementType();
                                           ^
/nopt/nrel/apps/cpu_stack/software/gridkit/llvm/16.0.6/include/llvm/IR/Type.h:406:5: note: 'getPointerElementType' has been explicitly marked deprecated here
  [[deprecated("Deprecated without replacement, see "
    ^
/nopt/nrel/apps/cpu_stack/software/gridkit/src/Enzyme-0.0.206/enzyme/Enzyme/CallDerivatives.cpp:3162:42: warning: 'getPointerElementType' is deprecated: Deprecated without replacement, see https://llvm.org/docs/OpaquePointers.html for context and migration instructions [-Wdeprecated-declarations]
                    if (anti->getType()->getPointerElementType() != elTy)
                                         ^
/nopt/nrel/apps/cpu_stack/software/gridkit/llvm/16.0.6/include/llvm/IR/Type.h:406:5: note: 'getPointerElementType' has been explicitly marked deprecated here
  [[deprecated("Deprecated without replacement, see "
    ^
/nopt/nrel/apps/cpu_stack/software/gridkit/src/Enzyme-0.0.206/enzyme/Enzyme/CallDerivatives.cpp:3166:48: warning: 'getPointerElementType' is deprecated: Deprecated without replacement, see https://llvm.org/docs/OpaquePointers.html for context and migration instructions [-Wdeprecated-declarations]
                              anti->getType()->getPointerElementType()));
                                               ^
/nopt/nrel/apps/cpu_stack/software/gridkit/llvm/16.0.6/include/llvm/IR/Type.h:406:5: note: 'getPointerElementType' has been explicitly marked deprecated here
  [[deprecated("Deprecated without replacement, see "
    ^
/nopt/nrel/apps/cpu_stack/software/gridkit/src/Enzyme-0.0.206/enzyme/Enzyme/CallDerivatives.cpp:3175:44: warning: 'getPointerElementType' is deprecated: Deprecated without replacement, see https://llvm.org/docs/OpaquePointers.html for context and migration instructions [-Wdeprecated-declarations]
                          anti->getType()->getPointerElementType(), AS);
                                           ^
/nopt/nrel/apps/cpu_stack/software/gridkit/llvm/16.0.6/include/llvm/IR/Type.h:406:5: note: 'getPointerElementType' has been explicitly marked deprecated here
  [[deprecated("Deprecated without replacement, see "
    ^
/nopt/nrel/apps/cpu_stack/software/gridkit/src/Enzyme-0.0.206/enzyme/Enzyme/CallDerivatives.cpp:3334:34: warning: 'getPointerElementType' is deprecated: Deprecated without replacement, see https://llvm.org/docs/OpaquePointers.html for context and migration instructions [-Wdeprecated-declarations]
            elTy = U->getType()->getPointerElementType();
                                 ^
/nopt/nrel/apps/cpu_stack/software/gridkit/llvm/16.0.6/include/llvm/IR/Type.h:406:5: note: 'getPointerElementType' has been explicitly marked deprecated here
  [[deprecated("Deprecated without replacement, see "
    ^
/nopt/nrel/apps/cpu_stack/software/gridkit/src/Enzyme-0.0.206/enzyme/Enzyme/CallDerivatives.cpp:3367:29: warning: 'getPointerElementType' is deprecated: Deprecated without replacement, see https://llvm.org/docs/OpaquePointers.html for context and migration instructions [-Wdeprecated-declarations]
        if (call.getType()->getPointerElementType() != elTy)
                            ^
/nopt/nrel/apps/cpu_stack/software/gridkit/llvm/16.0.6/include/llvm/IR/Type.h:406:5: note: 'getPointerElementType' has been explicitly marked deprecated here
  [[deprecated("Deprecated without replacement, see "
    ^
/nopt/nrel/apps/cpu_stack/software/gridkit/src/Enzyme-0.0.206/enzyme/Enzyme/CallDerivatives.cpp:3370:54: warning: 'getPointerElementType' is deprecated: Deprecated without replacement, see https://llvm.org/docs/OpaquePointers.html for context and migration instructions [-Wdeprecated-declarations]
              PointerType::getUnqual(call.getType()->getPointerElementType()));
                                                     ^
/nopt/nrel/apps/cpu_stack/software/gridkit/llvm/16.0.6/include/llvm/IR/Type.h:406:5: note: 'getPointerElementType' has been explicitly marked deprecated here
  [[deprecated("Deprecated without replacement, see "
    ^
/nopt/nrel/apps/cpu_stack/software/gridkit/src/Enzyme-0.0.206/enzyme/Enzyme/CallDerivatives.cpp:3377:49: warning: 'getPointerElementType' is deprecated: Deprecated without replacement, see https://llvm.org/docs/OpaquePointers.html for context and migration instructions [-Wdeprecated-declarations]
          PT = PointerType::get(call.getType()->getPointerElementType(), AS);
                                                ^
/nopt/nrel/apps/cpu_stack/software/gridkit/llvm/16.0.6/include/llvm/IR/Type.h:406:5: note: 'getPointerElementType' has been explicitly marked deprecated here
  [[deprecated("Deprecated without replacement, see "
    ^
/nopt/nrel/apps/cpu_stack/software/gridkit/src/Enzyme-0.0.206/enzyme/Enzyme/CallDerivatives.cpp:3334:34: warning: 'getPointerElementType' is deprecated: Deprecated without replacement, see https://llvm.org/docs/OpaquePointers.html for context and migration instructions [-Wdeprecated-declarations]
            elTy = U->getType()->getPointerElementType();
                                 ^
/nopt/nrel/apps/cpu_stack/software/gridkit/llvm/16.0.6/include/llvm/IR/Type.h:406:5: note: 'getPointerElementType' has been explicitly marked deprecated here
  [[deprecated("Deprecated without replacement, see "
    ^
/nopt/nrel/apps/cpu_stack/software/gridkit/src/Enzyme-0.0.206/enzyme/Enzyme/CallDerivatives.cpp:3367:29: warning: 'getPointerElementType' is deprecated: Deprecated without replacement, see https://llvm.org/docs/OpaquePointers.html for context and migration instructions [-Wdeprecated-declarations]
        if (call.getType()->getPointerElementType() != elTy)
                            ^
/nopt/nrel/apps/cpu_stack/software/gridkit/llvm/16.0.6/include/llvm/IR/Type.h:406:5: note: 'getPointerElementType' has been explicitly marked deprecated here
  [[deprecated("Deprecated without replacement, see "
    ^
/nopt/nrel/apps/cpu_stack/software/gridkit/src/Enzyme-0.0.206/enzyme/Enzyme/CallDerivatives.cpp:3370:54: warning: 'getPointerElementType' is deprecated: Deprecated without replacement, see https://llvm.org/docs/OpaquePointers.html for context and migration instructions [-Wdeprecated-declarations]
              PointerType::getUnqual(call.getType()->getPointerElementType()));
                                                     ^
/nopt/nrel/apps/cpu_stack/software/gridkit/llvm/16.0.6/include/llvm/IR/Type.h:406:5: note: 'getPointerElementType' has been explicitly marked deprecated here
  [[deprecated("Deprecated without replacement, see "
    ^
/nopt/nrel/apps/cpu_stack/software/gridkit/src/Enzyme-0.0.206/enzyme/Enzyme/CallDerivatives.cpp:3377:49: warning: 'getPointerElementType' is deprecated: Deprecated without replacement, see https://llvm.org/docs/OpaquePointers.html for context and migration instructions [-Wdeprecated-declarations]
          PT = PointerType::get(call.getType()->getPointerElementType(), AS);
                                                ^
/nopt/nrel/apps/cpu_stack/software/gridkit/llvm/16.0.6/include/llvm/IR/Type.h:406:5: note: 'getPointerElementType' has been explicitly marked deprecated here
  [[deprecated("Deprecated without replacement, see "
    ^
/nopt/nrel/apps/cpu_stack/software/gridkit/src/Enzyme-0.0.206/enzyme/Enzyme/CallDerivatives.cpp:3729:48: warning: 'getPointerElementType' is deprecated: Deprecated without replacement, see https://llvm.org/docs/OpaquePointers.html for context and migration instructions [-Wdeprecated-declarations]
        PT = call.getArgOperand(0)->getType()->getPointerElementType();
                                               ^
/nopt/nrel/apps/cpu_stack/software/gridkit/llvm/16.0.6/include/llvm/IR/Type.h:406:5: note: 'getPointerElementType' has been explicitly marked deprecated here
  [[deprecated("Deprecated without replacement, see "
    ^
/nopt/nrel/apps/cpu_stack/software/gridkit/src/Enzyme-0.0.206/enzyme/Enzyme/CallDerivatives.cpp:3792:48: warning: 'getPointerElementType' is deprecated: Deprecated without replacement, see https://llvm.org/docs/OpaquePointers.html for context and migration instructions [-Wdeprecated-declarations]
        PT = call.getArgOperand(0)->getType()->getPointerElementType();
                                               ^
/nopt/nrel/apps/cpu_stack/software/gridkit/llvm/16.0.6/include/llvm/IR/Type.h:406:5: note: 'getPointerElementType' has been explicitly marked deprecated here
  [[deprecated("Deprecated without replacement, see "
    ^
/nopt/nrel/apps/cpu_stack/software/gridkit/src/Enzyme-0.0.206/enzyme/Enzyme/CallDerivatives.cpp:3729:48: warning: 'getPointerElementType' is deprecated: Deprecated without replacement, see https://llvm.org/docs/OpaquePointers.html for context and migration instructions [-Wdeprecated-declarations]
        PT = call.getArgOperand(0)->getType()->getPointerElementType();
                                               ^
/nopt/nrel/apps/cpu_stack/software/gridkit/llvm/16.0.6/include/llvm/IR/Type.h:406:5: note: 'getPointerElementType' has been explicitly marked deprecated here
  [[deprecated("Deprecated without replacement, see "
    ^
/nopt/nrel/apps/cpu_stack/software/gridkit/src/Enzyme-0.0.206/enzyme/Enzyme/CallDerivatives.cpp:3792:48: warning: 'getPointerElementType' is deprecated: Deprecated without replacement, see https://llvm.org/docs/OpaquePointers.html for context and migration instructions [-Wdeprecated-declarations]
        PT = call.getArgOperand(0)->getType()->getPointerElementType();
                                               ^
/nopt/nrel/apps/cpu_stack/software/gridkit/llvm/16.0.6/include/llvm/IR/Type.h:406:5: note: 'getPointerElementType' has been explicitly marked deprecated here
  [[deprecated("Deprecated without replacement, see "
    ^
In file included from /nopt/nrel/apps/cpu_stack/software/gridkit/src/Enzyme-0.0.206/enzyme/Enzyme/Clang/EnzymeClang.cpp:38:
/nopt/nrel/apps/cpu_stack/software/gridkit/src/Enzyme-0.0.206/enzyme/Enzyme/Clang/../Utils.h:532:27: warning: 'getPointerElementType' is deprecated: Deprecated without replacement, see https://llvm.org/docs/OpaquePointers.html for context and migration instructions [-Wdeprecated-declarations]
    switch (whatType(arg->getPointerElementType(), mode, integersAreConstant,
                          ^
/nopt/nrel/apps/cpu_stack/software/gridkit/llvm/16.0.6/include/llvm/IR/Type.h:406:5: note: 'getPointerElementType' has been explicitly marked deprecated here
  [[deprecated("Deprecated without replacement, see "
    ^
3 warnings generated.
3 warnings generated.
3 warnings generated.
1 warning generated.
1 warning generated.
6 warnings generated.
6 warnings generated.
1 warning generated.
6 warnings generated.
6 warnings generated.
6 warnings generated.
1 warning generated.
6 warnings generated.
5 warnings generated.
5 warnings generated.
1 warning generated.
5 warnings generated.
1 warning generated.
1 warning generated.
2 warnings generated.
2 warnings generated.
2 warnings generated.
4 warnings generated.
4 warnings generated.
4 warnings generated.
10 warnings generated.
10 warnings generated.
10 warnings generated.
5 warnings generated.
5 warnings generated.
5 warnings generated.
6 warnings generated.
6 warnings generated.
6 warnings generated.
20 warnings generated.
[ 98%] Linking CXX shared module ClangEnzyme-16.so
[ 98%] Built target ClangEnzyme-16
20 warnings generated.
[ 98%] Linking CXX shared module LLVMEnzyme-16.so
[ 98%] Built target LLVMEnzyme-16
20 warnings generated.
[100%] Linking CXX shared module LLDEnzyme-16.so
[100%] Built target LLDEnzyme-16
[  2%] Built target obj.enzyme-tblgen
[  2%] Built target enzyme-tblgen
[  8%] Built target BinopDerivativesIncGen
[ 14%] Built target IntrinsicDerivativesIncGen
[ 20%] Built target CallDerivativesIncGen
[ 26%] Built target InstructionDerivativesIncGen
[ 30%] Built target BlasDerivativesIncGen
[ 36%] Built target BlasDeclarationsIncGen
[ 42%] Built target BlasTAIncGen
[ 47%] Built target BlasDiffUseIncGen
[ 47%] Built target intrinsics_gen
[ 63%] Built target LLVMEnzyme-16
[ 65%] Built target bundled_includes_target
[ 82%] Built target ClangEnzyme-16
[100%] Built target LLDEnzyme-16
Install the project...
-- Install configuration: "Release"
-- Installing: /nopt/nrel/apps/cpu_stack/software/gridkit/enzyme/0.0.206/lib/cmake/Enzyme/EnzymeConfig.cmake
-- Installing: /nopt/nrel/apps/cpu_stack/software/gridkit/enzyme/0.0.206/lib/cmake/Enzyme/EnzymeConfigVersion.cmake
-- Installing: /nopt/nrel/apps/cpu_stack/software/gridkit/enzyme/0.0.206/lib/cmake/Enzyme/EnzymeTargets.cmake
-- Installing: /nopt/nrel/apps/cpu_stack/software/gridkit/enzyme/0.0.206/lib/cmake/Enzyme/EnzymeTargets-release.cmake
-- Installing: /nopt/nrel/apps/cpu_stack/software/gridkit/enzyme/0.0.206/lib/LLVMEnzyme-16.so
-- Set non-toolchain portion of runtime path of "/nopt/nrel/apps/cpu_stack/software/gridkit/enzyme/0.0.206/lib/LLVMEnzyme-16.so" to "$ORIGIN/../lib"
-- Installing: /nopt/nrel/apps/cpu_stack/software/gridkit/enzyme/0.0.206/lib/ClangEnzyme-16.so
-- Set non-toolchain portion of runtime path of "/nopt/nrel/apps/cpu_stack/software/gridkit/enzyme/0.0.206/lib/ClangEnzyme-16.so" to "$ORIGIN/../lib"
-- Installing: /nopt/nrel/apps/cpu_stack/software/gridkit/enzyme/0.0.206/lib/LLDEnzyme-16.so
-- Set non-toolchain portion of runtime path of "/nopt/nrel/apps/cpu_stack/software/gridkit/enzyme/0.0.206/lib/LLDEnzyme-16.so" to "$ORIGIN/../lib"
-- Up-to-date: /nopt/nrel/apps/cpu_stack/software/gridkit/enzyme/0.0.206/lib/LLVMEnzyme-16.so
-- Up-to-date: /nopt/nrel/apps/cpu_stack/software/gridkit/enzyme/0.0.206/lib/ClangEnzyme-16.so
-- Installing: /nopt/nrel/apps/cpu_stack/software/gridkit/enzyme/0.0.206/include/enzyme
-- Installing: /nopt/nrel/apps/cpu_stack/software/gridkit/enzyme/0.0.206/include/enzyme/type_traits
-- Installing: /nopt/nrel/apps/cpu_stack/software/gridkit/enzyme/0.0.206/include/enzyme/enzyme
-- Installing: /nopt/nrel/apps/cpu_stack/software/gridkit/enzyme/0.0.206/include/enzyme/fprt
-- Installing: /nopt/nrel/apps/cpu_stack/software/gridkit/enzyme/0.0.206/include/enzyme/fprt/flops.def
-- Installing: /nopt/nrel/apps/cpu_stack/software/gridkit/enzyme/0.0.206/include/enzyme/fprt/mpfr.h
-- Installing: /nopt/nrel/apps/cpu_stack/software/gridkit/enzyme/0.0.206/include/enzyme/utils
-- Installing: /nopt/nrel/apps/cpu_stack/software/gridkit/enzyme/0.0.206/include/enzyme/tuple
-- Up-to-date: /nopt/nrel/apps/cpu_stack/software/gridkit/enzyme/0.0.206/lib/LLDEnzyme-16.so

Enzyme installed to: /nopt/nrel/apps/cpu_stack/software/gridkit/enzyme/0.0.206/lib/LLVMEnzyme-16.so
-rwxr-xr-x 1 isatkaus hpcapps 8838200 Jul  7 15:22 /nopt/nrel/apps/cpu_stack/software/gridkit/enzyme/0.0.206/lib/LLVMEnzyme-16.so
