=== Building SuiteSparse 7.8.2 ===
Using Clang 16 for SuiteSparse build:
clang version 16.0.6
Target: x86_64-unknown-linux-gnu
Thread model: posix
InstalledDir: /nopt/nrel/apps/cpu_stack/software/gridkit/llvm/16.0.6/bin
--2026-07-07 15:31:40--  https://github.com/DrTimothyAldenDavis/SuiteSparse/archive/refs/tags/v7.8.2.tar.gz
Resolving github.com (github.com)... 140.82.114.4
Connecting to github.com (github.com)|140.82.114.4|:443... connected.
HTTP request sent, awaiting response... 302 Found
Location: https://codeload.github.com/DrTimothyAldenDavis/SuiteSparse/tar.gz/refs/tags/v7.8.2 [following]
--2026-07-07 15:31:40--  https://codeload.github.com/DrTimothyAldenDavis/SuiteSparse/tar.gz/refs/tags/v7.8.2
Resolving codeload.github.com (codeload.github.com)... 140.82.112.9
Connecting to codeload.github.com (codeload.github.com)|140.82.112.9|:443... connected.
HTTP request sent, awaiting response... 200 OK
Length: unspecified [application/x-gzip]
Saving to: ‘v7.8.2.tar.gz.2’

     0K .......... .......... .......... .......... ..........  602K
    50K .......... .......... .......... .......... .......... 1.16M
   100K .......... .......... .......... .......... .......... 1.20M
   150K .......... .......... .......... .......... .......... 40.1M
   200K .......... .......... .......... .......... ..........  162M
   250K .......... .......... .......... .......... ..........  169M
   300K .......... .......... .......... .......... .......... 1.21M
   350K .......... .......... .......... .......... ..........  492M
   400K .......... .......... .......... .......... .......... 43.3M
   450K .......... .......... .......... .......... ..........  380M
   500K .......... .......... .......... .......... ..........  366M
   550K .......... .......... .......... .......... ..........  439M
   600K .......... .......... .......... .......... .......... 1.23M
   650K .......... .......... .......... .......... ..........  388M
   700K .......... .......... .......... .......... ..........  458M
   750K .......... .......... .......... .......... ..........  444M
   800K .......... .......... .......... .......... .......... 64.1M
   850K .......... .......... .......... .......... ..........  376M
   900K .......... .......... .......... .......... ..........  375M
   950K .......... .......... .......... .......... ..........  424M
  1000K .......... .......... .......... .......... ..........  398M
  1050K .......... .......... .......... .......... ..........  328M
  1100K .......... .......... .......... .......... ..........  412M
  1150K .......... .......... .......... .......... ..........  454M
  1200K .......... .......... .......... .......... ..........  422M
  1250K .......... .......... .......... .......... ..........  441M
  1300K .......... .......... .......... .......... .......... 1.24M
  1350K .......... .......... .......... .......... ..........  330M
  1400K .......... .......... .......... .......... ..........  467M
  1450K .......... .......... .......... .......... ..........  421M
  1500K .......... .......... .......... .......... ..........  460M
  1550K .......... .......... .......... .......... ..........  476M
  1600K .......... .......... .......... .......... ..........  440M
  1650K .......... .......... .......... .......... ..........  182M
  1700K .......... .......... .......... .......... ..........  314M
  1750K .......... .......... .......... .......... ..........  443M
  1800K .......... .......... .......... .......... ..........  439M
  1850K .......... .......... .......... .......... ..........  420M
  1900K .......... .......... .......... .......... ..........  492M
  1950K .......... .......... .......... .......... ..........  416M
  2000K .......... .......... .......... .......... ..........  331M
  2050K .......... .......... .......... .......... ..........  459M
  2100K .......... .......... .......... .......... ..........  423M
  2150K .......... .......... .......... .......... ..........  392M
  2200K .......... .......... .......... .......... ..........  418M
  2250K .......... .......... .......... .......... ..........  418M
  2300K .......... .......... .......... .......... ..........  399M
  2350K .......... .......... .......... .......... ..........  446M
  2400K .......... .......... .......... .......... ..........  399M
  2450K .......... .......... .......... .......... ..........  397M
  2500K .......... .......... .......... .......... ..........  443M
  2550K .......... .......... .......... .......... ..........  484M
  2600K .......... .......... .......... .......... .......... 1.26M
  2650K .......... .......... .......... .......... ..........  395M
  2700K .......... .......... .......... .......... ..........  387M
  2750K .......... .......... .......... .......... ..........  372M
  2800K .......... .......... .......... .......... ..........  433M
  2850K .......... .......... .......... .......... ..........  400M
  2900K .......... .......... .......... .......... ..........  421M
  2950K .......... .......... .......... .......... ..........  395M
  3000K .......... .......... .......... .......... ..........  463M
  3050K .......... .......... .......... .......... ..........  412M
  3100K .......... .......... .......... .......... ..........  432M
  3150K .......... .......... .......... .......... ..........  466M
  3200K .......... .......... .......... .......... ..........  429M
  3250K .......... .......... .......... .......... ..........  449M
  3300K .......... .......... .......... .......... ..........  460M
  3350K .......... .......... .......... .......... ..........  259M
  3400K .......... .......... .......... .......... ..........  219M
  3450K .......... .......... .......... .......... ..........  235M
  3500K .......... .......... .......... .......... ..........  276M
  3550K .......... .......... .......... .......... .......... 1.81M
  3600K .......... .......... .......... .......... ..........  332M
  3650K .......... .......... .......... .......... ..........  367M
  3700K .......... .......... .......... .......... ..........  485M
  3750K .......... .......... .......... .......... ..........  430M
  3800K .......... .......... .......... .......... ..........  696K
  3850K .......... .......... .......... .......... ..........  551M
  3900K .......... .......... .......... .......... ..........  421M
  3950K .......... .......... .......... .......... ..........  453M
  4000K .......... .......... .......... .......... ..........  399M
  4050K .......... .......... .......... .......... ..........  676K
  4100K .......... .......... .......... .......... ..........  487M
  4150K .......... .......... .......... .......... .......... 2.79M
  4200K .......... .......... .......... .......... ..........  222M
  4250K .......... .......... .......... .......... .......... 11.9M
  4300K .......... .......... .......... .......... .......... 2.75M
  4350K .......... .......... .......... .......... .......... 1.48M
  4400K .......... .......... .......... .......... ..........  206M
  4450K .......... .......... .......... .......... ..........  236M
  4500K .......... .......... .......... .......... ..........  244M
  4550K .......... .......... .......... .......... ..........  461M
  4600K .......... .......... .......... .......... ..........  539K
  4650K .......... .......... .......... .......... ..........  446M
  4700K .......... .......... .......... .......... ..........  434M
  4750K .......... .......... .......... .......... ..........  421M
  4800K .......... .......... .......... .......... ..........  363M
  4850K .......... .......... .......... .......... ..........  692K
  4900K .......... .......... .......... .......... ..........  109M
  4950K .......... .......... .......... .......... .......... 84.6M
  5000K .......... .......... .......... .......... .......... 44.6M
  5050K .......... .......... .......... .......... ..........  169M
  5100K .......... .......... .......... .......... .......... 1.06M
  5150K .......... .......... .......... .......... .......... 82.7M
  5200K .......... .......... .......... .......... .......... 1.14M
  5250K .......... .......... .......... .......... .......... 18.7M
  5300K .......... .......... .......... .......... ..........  362M
  5350K .......... .......... .......... .......... .......... 3.59M
  5400K .......... .......... .......... .......... .......... 1.12M
  5450K .......... .......... .......... .......... .......... 1.86M
  5500K .......... .......... .......... .......... .......... 32.1M
  5550K .......... .......... .......... .......... ..........  222M
  5600K .......... .......... .......... .......... .......... 3.39M
  5650K .......... .......... .......... .......... ..........  221M
  5700K .......... .......... .......... .......... .......... 2.87M
  5750K .......... .......... .......... .......... .......... 4.71M
  5800K .......... .......... .......... .......... ..........  185M
  5850K .......... .......... .......... .......... .......... 3.60M
  5900K .......... .......... .......... .......... .......... 44.6M
  5950K .......... .......... .......... .......... ..........  208M
  6000K .......... .......... .......... .......... ..........  222M
  6050K .......... .......... .......... .......... ..........  488M
  6100K .......... .......... .......... .......... ..........  966K
  6150K .......... .......... .......... .......... ..........  205M
  6200K .......... .......... .......... .......... .......... 1.14M
  6250K .......... .......... .......... .......... ..........  193M
  6300K .......... .......... .......... .......... ..........  259M
  6350K .......... .......... .......... .......... .......... 1.16M
  6400K .......... .......... .......... .......... ..........  322M
  6450K .......... .......... .......... .......... .......... 1.12M
  6500K .......... .......... .......... .......... ..........  433M
  6550K .......... .......... .......... .......... .......... 1.18M
  6600K .......... .......... .......... .......... ..........  365M
  6650K .......... .......... .......... .......... ..........  221M
  6700K .......... .......... .......... .......... .......... 1.16M
  6750K .......... .......... .......... .......... ..........  216M
  6800K .......... .......... .......... .......... ..........  216M
  6850K .......... .......... .......... .......... ..........  224M
  6900K .......... .......... .......... .......... ..........  184M
  6950K .......... .......... .......... .......... ..........  233M
  7000K .......... .......... .......... .......... ..........  216M
  7050K .......... .......... .......... .......... .......... 1.18M
  7100K .......... .......... .......... .......... ..........  188M
  7150K .......... .......... .......... .......... ..........  220M
  7200K .......... .......... .......... .......... ..........  219M
  7250K .......... .......... .......... .......... .......... 1.16M
  7300K .......... .......... .......... .......... ..........  218M
  7350K .......... .......... .......... .......... .......... 3.32M
  7400K .......... .......... .......... .......... ..........  211M
  7450K .......... .......... .......... .......... ..........  220M
  7500K .......... .......... .......... .......... ..........  216M
  7550K .......... .......... .......... .......... ..........  230M
  7600K .......... .......... .......... .......... ..........  221M
  7650K .......... .......... .......... .......... .......... 5.87M
  7700K .......... .......... .......... .......... ..........  189M
  7750K .......... .......... .......... .......... ..........  226M
  7800K .......... .......... .......... .......... ..........  218M
  7850K .......... .......... .......... .......... ..........  418M
  7900K .......... .......... .......... .......... .......... 2.79M
  7950K .......... .......... .......... .......... ..........  408M
  8000K .......... .......... .......... .......... ..........  456M
  8050K .......... .......... .......... .......... ..........  539M
  8100K .......... .......... .......... .......... .......... 1.15M
  8150K .......... .......... .......... .......... .......... 14.8M
  8200K .......... .......... .......... .......... ..........  288M
  8250K .......... .......... .......... .......... .......... 5.39M
  8300K .......... .......... .......... .......... ..........  382M
  8350K .......... .......... .......... .......... .......... 58.1M
  8400K .......... .......... .......... .......... ..........  378M
  8450K .......... .......... .......... .......... ..........  447M
  8500K .......... .......... .......... .......... ..........  440M
  8550K .......... .......... .......... .......... ..........  429M
  8600K .......... .......... .......... .......... .......... 38.3M
  8650K .......... .......... .......... .......... .......... 1.79M
  8700K .......... .......... .......... .......... .......... 33.8M
  8750K .......... .......... .......... .......... .......... 4.44M
  8800K .......... .......... .......... .......... ..........  208M
  8850K .......... .......... .......... .......... ..........  221M
  8900K .......... .......... .......... .......... ..........  209M
  8950K .......... .......... .......... .......... ..........  184M
  9000K .......... .......... .......... .......... ..........  213M
  9050K .......... .......... .......... .......... .......... 33.3M
  9100K .......... .......... .......... .......... .......... 1.83M
  9150K .......... .......... .......... .......... .......... 33.2M
  9200K .......... .......... .......... .......... .......... 4.46M
  9250K .......... .......... .......... .......... ..........  213M
  9300K .......... .......... .......... .......... ..........  218M
  9350K .......... .......... .......... .......... ..........  222M
  9400K .......... .......... .......... .......... ..........  211M
  9450K .......... .......... .......... .......... ..........  213M
  9500K .......... .......... .......... .......... .......... 35.9M
  9550K .......... .......... .......... .......... .......... 1.83M
  9600K .......... .......... .......... .......... .......... 3.97M
  9650K .......... .......... .......... .......... ..........  408M
  9700K .......... .......... .......... .......... ..........  409M
  9750K .......... .......... .......... .......... ..........  414M
  9800K .......... .......... .......... .......... ..........  383M
  9850K .......... .......... .......... .......... .......... 68.8M
  9900K .......... .......... .......... .......... ..........  387M
  9950K .......... .......... .......... .......... .......... 26.6M
 10000K .......... .......... .......... .......... .......... 1.87M
 10050K .......... .......... .......... .......... .......... 4.00M
 10100K .......... .......... .......... .......... ..........  419M
 10150K .......... .......... .......... .......... ..........  423M
 10200K .......... .......... .......... .......... .......... 4.28M
 10250K .......... .......... .......... .......... ..........  401M
 10300K .......... .......... .......... .......... ..........  409M
 10350K .......... .......... .......... .......... ..........  428M
 10400K .......... .......... .......... .......... ..........  443M
 10450K .......... .......... .......... .......... ..........  854K
 10500K .......... .......... .......... .......... ..........  370M
 10550K .......... .......... .......... .......... ..........  356M
 10600K .......... .......... .......... .......... ..........  425M
 10650K .......... .......... .......... .......... ..........  477M
 10700K .......... .......... .......... .......... ..........  438M
 10750K .......... .......... .......... .......... ..........  913K
 10800K .......... .......... .......... .......... ..........  420M
 10850K .......... .......... .......... .......... ..........  509M
 10900K .......... .......... .......... .......... ..........  396M
 10950K .......... .......... .......... .......... ..........  445M
 11000K .......... .......... .......... .......... .......... 2.32M
 11050K .......... .......... .......... .......... ..........  297M
 11100K .......... .......... .......... .......... ..........  426M
 11150K .......... .......... .......... .......... .......... 2.81M
 11200K .......... .......... .......... .......... ..........  307M
 11250K .......... .......... .......... .......... ..........  230M
 11300K .......... .......... .......... .......... ..........  207M
 11350K .......... .......... .......... .......... ..........  208M
 11400K .......... .......... .......... .......... ..........  268M
 11450K .......... .......... .......... .......... .......... 2.28M
 11500K .......... .......... .......... .......... ..........  197M
 11550K .......... .......... .......... .......... ..........  308M
 11600K .......... .......... .......... .......... ..........  212M
 11650K .......... .......... .......... .......... .......... 2.78M
 11700K .......... .......... .......... .......... ..........  194M
 11750K .......... .......... .......... .......... ..........  239M
 11800K .......... .......... .......... .......... ..........  207M
 11850K .......... .......... .......... .......... ..........  216M
 11900K .......... .......... .......... .......... .......... 2.18M
 11950K .......... .......... .......... .......... ..........  194M
 12000K .......... .......... .......... .......... ..........  357M
 12050K .......... .......... .......... .......... ..........  402M
 12100K .......... .......... .......... .......... .......... 2.65M
 12150K .......... .......... .......... .......... ..........  392M
 12200K .......... .......... .......... .......... ..........  354M
 12250K .......... .......... .......... .......... .......... 94.7M
 12300K .......... .......... .......... .......... ..........  241M
 12350K .......... .......... .......... .......... .......... 2.16M
 12400K .......... .......... .......... .......... .......... 1.14M
 12450K .......... .......... .......... .......... .......... 87.4M
 12500K .......... .......... .......... .......... ..........  212M
 12550K .......... .......... .......... .......... .......... 3.73M
 12600K .......... .......... .......... .......... .......... 10.6M
 12650K .......... .......... .......... .......... ..........  240M
 12700K .......... .......... .......... .......... ..........  423M
 12750K .......... .......... .......... .......... .......... 50.5M
 12800K .......... .......... .......... .......... .......... 2.14M
 12850K .......... .......... .......... .......... ..........  212M
 12900K .......... .......... .......... .......... ..........  212M
 12950K .......... .......... .......... .......... .......... 1.19M
 13000K .......... .......... .......... .......... ..........  174M
 13050K .......... .......... .......... .......... ..........  211M
 13100K .......... .......... .......... .......... ..........  243M
 13150K .......... .......... .......... .......... ..........  236M
 13200K .......... .......... .......... .......... ..........  368M
 13250K .......... .......... .......... .......... ..........  256M
 13300K .......... .......... .......... .......... .......... 1.00M
 13350K .......... .......... .......... .......... .......... 57.0M
 13400K .......... .......... .......... .......... .......... 96.7M
 13450K .......... .......... .......... .......... .......... 56.5M
 13500K .......... .......... .......... .......... .......... 1.30M
 13550K .......... .......... .......... .......... .......... 3.76M
 13600K .......... .......... .......... .......... ..........  197M
 13650K .......... .......... .......... .......... ..........  118M
 13700K .......... .......... .......... .......... ..........  142M
 13750K .......... .......... .......... .......... .......... 1.30M
 13800K .......... .......... .......... .......... .......... 3.74M
 13850K .......... .......... .......... .......... ..........  220M
 13900K .......... .......... .......... .......... ..........  166M
 13950K .......... .......... .......... .......... .......... 4.16M
 14000K .......... .......... .......... .......... .......... 1.89M
 14050K .......... .......... .......... .......... ..........  363M
 14100K .......... .......... .......... .......... ..........  375M
 14150K .......... .......... .......... .......... ..........  457M
 14200K .......... .......... .......... .......... .......... 4.11M
 14250K .......... .......... .......... .......... .......... 1.90M
 14300K .......... .......... .......... .......... .......... 5.23M
 14350K .......... .......... .......... .......... ..........  133M
 14400K .......... .......... .......... .......... ..........  147M
 14450K .......... .......... .......... .......... .......... 10.6M
 14500K .......... .......... .......... .......... .......... 2.17M
 14550K .......... .......... .......... .......... .......... 5.26M
 14600K .......... .......... .......... .......... ..........  119M
 14650K .......... .......... .......... .......... ..........  117M
 14700K .......... .......... .......... .......... .......... 3.59M
 14750K .......... .......... .......... .......... .......... 3.57M
 14800K .......... .......... .......... .......... .......... 5.42M
 14850K .......... .......... .......... .......... ..........  144M
 14900K .......... .......... .......... .......... .......... 29.4M
 14950K .......... .......... .......... .......... .......... 3.90M
 15000K .......... .......... .......... .......... .......... 2.18M
 15050K .......... .......... .......... .......... ..........  131M
 15100K .......... .......... .......... .......... ..........  115M
 15150K .......... .......... .......... .......... .......... 27.0M
 15200K .......... .......... .......... .......... .......... 1.86M
 15250K .......... .......... .......... .......... .......... 5.36M
 15300K .......... .......... .......... .......... .......... 81.7M
 15350K .......... .......... .......... .......... ..........  114M
 15400K .......... .......... .......... .......... .......... 10.2M
 15450K .......... .......... .......... .......... .......... 2.05M
 15500K .......... .......... .......... .......... .......... 5.27M
 15550K .......... .......... .......... .......... ..........  122M
 15600K .......... .......... .......... .......... ..........  193M
 15650K .......... .......... .......... .......... .......... 3.44M
 15700K .......... .......... .......... .......... .......... 3.38M
 15750K .......... .......... .......... .......... .......... 5.38M
 15800K .......... .......... .......... .......... .......... 86.0M
 15850K .......... .......... .......... .......... .......... 34.2M
 15900K .......... .......... .......... .......... .......... 3.78M
 15950K .......... .......... .......... .......... .......... 3.54M
 16000K .......... .......... .......... .......... .......... 5.41M
 16050K .......... .......... .......... .......... .......... 93.0M
 16100K .......... .......... .......... .......... .......... 32.0M
 16150K .......... .......... .......... .......... .......... 3.55M
 16200K .......... .......... .......... .......... .......... 3.53M
 16250K .......... .......... .......... .......... .......... 5.11M
 16300K .......... .......... .......... .......... .......... 96.3M
 16350K .......... .......... .......... .......... .......... 25.9M
 16400K .......... .......... .......... .......... .......... 3.59M
 16450K .......... .......... .......... .......... .......... 2.14M
 16500K .......... .......... .......... .......... .......... 39.8M
 16550K .......... .......... .......... .......... ..........  102M
 16600K .......... .......... .......... .......... .......... 26.4M
 16650K .......... .......... .......... .......... .......... 3.40M
 16700K .......... .......... .......... .......... .......... 2.15M
 16750K .......... .......... .......... .......... .......... 59.8M
 16800K .......... .......... .......... .......... .......... 89.7M
 16850K .......... .......... .......... .......... .......... 22.7M
 16900K .......... .......... .......... .......... .......... 1.68M
 16950K .......... .......... .......... .......... .......... 5.23M
 17000K .......... .......... .......... .......... .......... 50.0M
 17050K .......... .......... .......... .......... ..........  113M
 17100K .......... .......... .......... .......... .......... 20.6M
 17150K .......... .......... .......... .......... .......... 1.65M
 17200K .......... .......... .......... .......... .......... 5.31M
 17250K .......... .......... .......... .......... .......... 1.12M
 17300K .......... .......... .......... .......... ..........  223M
 17350K .......... .......... .......... .......... ..........  462M
 17400K .......... .......... .......... .......... ..........  254M
 17450K .......... .......... .......... .......... ..........  211M
 17500K .......... .......... .......... .......... .......... 19.2M
 17550K .......... .......... .......... .......... .......... 3.16M
 17600K .......... .......... .......... .......... .......... 3.28M
 17650K .......... .......... .......... .......... .......... 5.10M
 17700K .......... .......... .......... .......... .......... 7.89M
 17750K .......... .......... .......... .......... .......... 1.96M
 17800K .......... .......... .......... .......... .......... 6.13M
 17850K .......... .......... .......... .......... .......... 13.7M
 17900K .......... .......... .......... .......... .......... 3.40M
 17950K .......... .......... .......... .......... .......... 3.53M
 18000K .......... .......... .......... .......... .......... 5.35M
 18050K .......... .......... .......... .......... .......... 8.31M
 18100K .......... .......... .......... .......... .......... 2.02M
 18150K .......... .......... .......... .......... .......... 6.21M
 18200K .......... .......... .......... .......... .......... 12.6M
 18250K .......... .......... .......... .......... .......... 3.42M
 18300K .......... .......... .......... .......... .......... 3.49M
 18350K .......... .......... .......... .......... .......... 5.29M
 18400K .......... .......... .......... .......... .......... 19.1M
 18450K .......... .......... .......... .......... .......... 3.42M
 18500K .......... .......... .......... .......... .......... 2.27M
 18550K .......... .......... .......... .......... .......... 24.9M
 18600K .......... .......... .......... .......... .......... 8.17M
 18650K .......... .......... .......... .......... .......... 1.91M
 18700K .......... .......... .......... .......... .......... 5.92M
 18750K .......... .......... .......... .......... .......... 13.1M
 18800K .......... .......... .......... .......... .......... 3.30M
 18850K .......... .......... .......... .......... .......... 3.35M
 18900K .......... .......... .......... .......... .......... 5.36M
 18950K .......... .......... .......... .......... .......... 7.99M
 19000K .......... .......... .......... .......... .......... 1.87M
 19050K .......... .......... .......... .......... .......... 6.46M
 19100K .......... .......... .......... .......... .......... 26.9M
 19150K .......... .......... .......... .......... .......... 8.03M
 19200K .......... .......... .......... .......... .......... 1.81M
 19250K .......... .......... .......... .......... .......... 5.27M
 19300K .......... .......... .......... .......... .......... 1.14M
 19350K .......... .......... .......... .......... ..........  368M
 19400K .......... .......... .......... .......... ..........  433M
 19450K .......... .......... .......... .......... ..........  423M
 19500K .......... .......... .......... .......... .......... 8.10M
 19550K .......... .......... .......... .......... .......... 1.41M
 19600K .......... .......... .......... .......... .......... 15.0M
 19650K .......... .......... .......... .......... .......... 1.62M
 19700K .......... .......... .......... .......... .......... 6.42M
 19750K .......... .......... .......... .......... .......... 15.0M
 19800K .......... .......... .......... .......... .......... 1.79M
 19850K .......... .......... .......... .......... .......... 6.58M
 19900K .......... .......... .......... .......... .......... 8.78M
 19950K .......... .......... .......... .......... .......... 1.61M
 20000K .......... .......... .......... .......... .......... 12.7M
 20050K .......... .......... .......... .......... .......... 1.84M
 20100K .......... .......... .......... .......... .......... 6.43M
 20150K .......... .......... .......... .......... .......... 16.7M
 20200K .......... .......... .......... .......... .......... 1.83M
 20250K .......... .......... .......... .......... .......... 6.37M
 20300K .......... .......... .......... .......... .......... 9.70M
 20350K .......... .......... .......... .......... .......... 1.62M
 20400K .......... .......... .......... .......... .......... 16.5M
 20450K .......... .......... .......... .......... .......... 3.30M
 20500K .......... .......... .......... .......... .......... 2.45M
 20550K .......... .......... .......... .......... .......... 15.8M
 20600K .......... .......... .......... .......... .......... 1.79M
 20650K .......... .......... .......... .......... .......... 7.43M
 20700K .......... .......... .......... .......... .......... 15.4M
 20750K .......... .......... .......... .......... .......... 1.79M
 20800K .......... .......... .......... .......... .......... 5.93M
 20850K .......... .......... .......... .......... .......... 2.73M
 20900K .......... .......... .......... .......... .......... 2.16M
 20950K .......... .......... .......... .......... .......... 1.08M
 21000K .......... .......... .......... .......... .......... 2.80M
 21050K .......... .......... .......... .......... .......... 2.79M
 21100K .......... .......... .......... .......... ..........  417M
 21150K .......... .......... .......... .......... .......... 1009K
 21200K .......... .......... .......... .......... ..........  279M
 21250K .......... .......... .......... .......... .......... 1.49M
 21300K .......... .......... .......... .......... .......... 2.03M
 21350K .......... .......... .......... .......... .......... 1.67M
 21400K .......... .......... .......... .......... .......... 1.77M
 21450K .......... .......... .......... .......... .......... 2.07M
 21500K .......... .......... .......... .......... .......... 1.77M
 21550K .......... .......... .......... .......... .......... 1.71M
 21600K .......... .......... .......... .......... .......... 1.30M
 21650K .......... .......... .......... .......... .......... 2.23M
 21700K .......... .......... .......... .......... .......... 2.36M
 21750K .......... .......... .......... .......... .......... 1.53M
 21800K .......... .......... .......... .......... .......... 2.29M
 21850K .......... .......... .......... .......... .......... 2.56M
 21900K .......... .......... .......... .......... .......... 1.45M
 21950K .......... .......... .......... .......... .......... 1.32M
 22000K .......... .......... .......... .......... .......... 5.47M
 22050K .......... .......... .......... .......... .......... 1.57M
 22100K .......... .......... .......... .......... .......... 2.65M
 22150K .......... .......... .......... .......... .......... 2.63M
 22200K .......... .......... .......... .......... .......... 1.42M
 22250K .......... .......... .......... .......... .......... 4.89M
 22300K .......... .......... .......... .......... .......... 1.66M
 22350K .......... .......... .......... .......... .......... 1.42M
 22400K .......... .......... .......... .......... .......... 2.33M
 22450K .......... .......... .......... .......... .......... 2.65M
 22500K .......... .......... .......... .......... .......... 1.40M
 22550K .......... .......... .......... .......... .......... 14.2M
 22600K .......... .......... .......... .......... .......... 1.44M
 22650K .......... .......... .......... .......... .......... 2.41M
 22700K .......... .......... .......... .......... .......... 2.70M
 22750K .......... .......... .......... .......... .......... 1.37M
 22800K .......... .......... .......... .......... .......... 5.61M
 22850K .......... .......... .......... .......... .......... 1.66M
 22900K .......... .......... .......... .......... .......... 1.35M
 22950K .......... .......... .......... .......... .......... 57.9M
 23000K .......... .......... .......... .......... .......... 1.34M
 23050K .......... .......... .......... .......... .......... 7.47M
 23100K .......... .......... .......... .......... .......... 1.60M
 23150K .......... .......... .......... .......... .......... 2.50M
 23200K .......... .......... .......... .......... .......... 2.56M
 23250K .......... .......... .......... .......... .......... 1.38M
 23300K .......... .......... .......... .......... .......... 8.21M
 23350K .......... .......... .......... .......... .......... 1.57M
 23400K .......... .......... .......... .......... .......... 6.08M
 23450K .......... .......... .......... .......... .......... 1.68M
 23500K .......... .......... .......... .......... .......... 2.53M
 23550K .......... .......... .......... .......... .......... 2.61M
 23600K .......... .......... .......... .......... .......... 1.35M
 23650K .......... .......... .......... .......... .......... 9.01M
 23700K .......... .......... .......... .......... .......... 1.54M
 23750K .......... .......... .......... .......... .......... 6.72M
 23800K .......... .......... .......... .......... .......... 1.63M
 23850K .......... .......... .......... .......... .......... 6.92M
 23900K .......... .......... .......... .......... .......... 1.62M
 23950K .......... .......... .......... .......... .......... 1.33M
 24000K .......... .......... .......... .......... ..........  156M
 24050K .......... .......... .......... .......... .......... 1.32M
 24100K .......... .......... .......... .......... ..........  278M
 24150K .......... .......... .......... .......... .......... 1.32M
 24200K .......... .......... .......... .......... ..........  421M
 24250K .......... .......... .......... .......... .......... 1.33M
 24300K .......... .......... .......... .......... ..........  198M
 24350K .......... .......... .......... .......... .......... 1.33M
 24400K .......... .......... .......... .......... .......... 8.50M
 24450K .......... .......... .......... .......... .......... 1.56M
 24500K .......... .......... .......... .......... .......... 8.69M
 24550K .......... .......... .......... .......... .......... 1.56M
 24600K .......... .......... .......... .......... .......... 8.83M
 24650K .......... .......... .......... .......... .......... 1.55M
 24700K .......... .......... .......... .......... .......... 2.65M
 24750K .......... .......... .......... .......... .......... 2.63M
 24800K .......... .......... .......... .......... .......... 1.32M
 24850K .......... .......... .......... .......... ..........  302M
 24900K .......... .......... .......... .......... .......... 2.69M
 24950K .......... .......... .......... .......... .......... 2.58M
 25000K .......... .......... .......... .......... .......... 2.70M
 25050K .......... .......... .......... .......... .......... 2.56M
 25100K .......... .......... .......... .......... .......... 11.1M
 25150K .......... .......... .......... .......... .......... 1.49M
 25200K .......... .......... .......... .......... .......... 1.32M
 25250K .......... .......... .......... .......... ..........  260M
 25300K .......... .......... .......... .......... .......... 2.71M
 25350K .......... .......... .......... .......... .......... 2.38M
 25400K .......... .......... .......... .......... .......... 11.5M
 25450K .......... .......... .......... .......... .......... 1.33M
 25500K .......... .......... .......... .......... .......... 11.5M
 25550K .......... .......... .......... .......... .......... 1.31M
 25600K .......... .......... .......... .......... .......... 12.1M
 25650K .......... .......... .......... .......... .......... 1.37M
 25700K .......... .......... .......... .......... .......... 13.4M
 25750K .......... .......... .......... .......... .......... 1.35M
 25800K .......... .......... .......... .......... .......... 36.1M
 25850K .......... .......... .......... .......... .......... 1.24M
 25900K .......... .......... .......... .......... ..........  434M
 25950K .......... .......... .......... .......... .......... 1.26M
 26000K .......... .......... .......... .......... ..........  103M
 26050K .......... .......... .......... .......... .......... 1.34M
 26100K .......... .......... .......... .......... ..........  188M
 26150K .......... .......... .......... .......... .......... 2.54M
 26200K .......... .......... .......... .......... .......... 2.48M
 26250K .......... .......... .......... .......... .......... 17.3M
 26300K .......... .......... .......... .......... .......... 1.37M
 26350K .......... .......... .......... .......... .......... 2.75M
 26400K .......... .......... .......... .......... .......... 2.48M
 26450K .......... .......... .......... .......... .......... 21.3M
 26500K .......... .......... .......... .......... .......... 1.31M
 26550K .......... .......... .......... .......... ..........  229M
 26600K .......... .......... .......... .......... .......... 1.17M
 26650K .......... .......... .......... .......... ..........  435M
 26700K .......... .......... .......... .......... .......... 2.50M
 26750K .......... .......... .......... .......... .......... 2.23M
 26800K .......... .......... .......... .......... .......... 2.36M
 26850K .......... .......... .......... .......... ..........  777K
 26900K .......... .......... .......... .......... .......... 55.2M
 26950K .......... .......... .......... .......... .......... 47.9M
 27000K .......... .......... .......... .......... .......... 1.42M
 27050K .......... .......... .......... .......... .......... 20.4M
 27100K .......... .......... .......... .......... .......... 1.30M
 27150K .......... .......... .......... .......... .......... 1.16M
 27200K .......... .......... .......... .......... .......... 1.10M
 27250K .......... .......... .......... .......... ..........  281M
 27300K .......... .......... .......... .......... .......... 2.72M
 27350K .......... .......... .......... .......... .......... 1.31M
 27400K .......... .......... .......... .......... .......... 2.53M
 27450K .......... .......... .......... .......... .......... 1.22M
 27500K .......... .......... .......... .......... .......... 1.18M
 27550K .......... .......... .......... .......... .......... 1.23M
 27600K .......... .......... .......... .......... .......... 1.28M
 27650K .......... .......... .......... .......... .......... 2.46M
 27700K .......... .......... .......... .......... .......... 2.55M
 27750K .......... .......... .......... .......... .......... 1.26M
 27800K .......... .......... .......... .......... .......... 1.24M
 27850K .......... .......... .......... .......... .......... 1.26M
 27900K .......... .......... .......... .......... .......... 2.42M
 27950K .......... .......... .......... .......... .......... 1.17M
 28000K .......... .......... .......... .......... .......... 2.30M
 28050K .......... .......... .......... .......... ..........  802K
 28100K .......... .......... .......... .......... .......... 2.69M
 28150K .......... .......... .......... .......... .......... 1.30M
 28200K .......... .......... .......... .......... .......... 1.30M
 28250K .......... .......... .......... .......... .......... 1.31M
 28300K .......... .......... .......... .......... .......... 1.32M
 28350K .......... .......... .......... .......... ..........  896K
 28400K .......... .......... .......... .......... .......... 1.32M
 28450K .......... .......... .......... .......... .......... 1.32M
 28500K .......... .......... .......... .......... .......... 1.32M
 28550K .......... .......... .......... .......... .......... 1.31M
 28600K .......... .......... .......... .......... .......... 1.30M
 28650K .......... .......... .......... .......... .......... 1.31M
 28700K .......... .......... .......... .......... .......... 1.31M
 28750K .......... .......... .......... .......... .......... 1.29M
 28800K .......... .......... .......... .......... .......... 1.28M
 28850K .......... .......... .......... .......... .......... 2.68M
 28900K .......... .......... .......... .......... .......... 1.26M
 28950K .......... .......... .......... .......... .......... 1.24M
 29000K .......... .......... .......... .......... .......... 1.23M
 29050K .......... .......... .......... .......... .......... 1.23M
 29100K .......... .......... .......... .......... .......... 2.34M
 29150K .......... .......... .......... .......... ..........  866K
 29200K .......... .......... .......... .......... .......... 2.36M
 29250K .......... .......... .......... .......... .......... 1.30M
 29300K .......... .......... .......... .......... .......... 2.73M
 29350K .......... .......... .......... .......... .......... 1.30M
 29400K .......... .......... .......... .......... .......... 1.31M
 29450K .......... .......... .......... .......... .......... 2.56M
 29500K .......... .......... .......... .......... .......... 1.32M
 29550K .......... .......... .......... .......... .......... 1.31M
 29600K .......... .......... .......... .......... .......... 2.65M
 29650K .......... .......... .......... .......... .......... 1.32M
 29700K .......... .......... .......... .......... .......... 2.50M
 29750K .......... .......... .......... .......... .......... 1.27M
 29800K .......... .......... .......... .......... .......... 2.68M
 29850K .......... .......... .......... .......... .......... 1.32M
 29900K .......... .......... .......... .......... .......... 2.49M
 29950K .......... .......... .......... .......... .......... 1.26M
 30000K .......... .......... .......... .......... .......... 2.58M
 30050K .......... .......... .......... .......... .......... 1.27M
 30100K .......... .......... .......... .......... .......... 2.47M
 30150K .......... .......... .......... .......... .......... 2.70M
 30200K .......... .......... .......... .......... .......... 1.31M
 30250K .......... .......... .......... .......... .......... 1.31M
 30300K .......... .......... .......... .......... ..........  296M
 30350K .......... .......... .......... .......... .......... 1.32M
 30400K .......... .......... .......... .......... .......... 1.32M
 30450K .......... .......... .......... .......... .......... 2.58M
 30500K .......... .......... .......... .......... .......... 2.68M
 30550K .......... .......... .......... .......... .......... 1.32M
 30600K .......... .......... .......... .......... .......... 2.55M
 30650K .......... .......... .......... .......... .......... 2.72M
 30700K .......... .......... .......... .......... .......... 1.33M
 30750K .......... .......... .......... .......... .......... 2.54M
 30800K .......... .......... .......... .......... .......... 2.72M
 30850K .......... .......... .......... .......... .......... 1.32M
 30900K .......... .......... .......... .......... .......... 2.56M
 30950K .......... .......... .......... .......... .......... 2.70M
 31000K .......... .......... .......... .......... .......... 1.32M
 31050K .......... .......... .......... .......... ..........  398M
 31100K .......... .......... .......... .......... .......... 1.32M
 31150K .......... .......... .......... .......... .......... 1.32M
 31200K .......... .......... .......... .......... .......... 2.59M
 31250K .......... .......... .......... .......... .......... 2.58M
 31300K .......... .......... .......... .......... .......... 2.50M
 31350K .......... .......... .......... .......... .......... 2.49M
 31400K .......... .......... .......... .......... .......... 1.23M
 31450K .......... .......... .......... .......... ..........  405M
 31500K .......... .......... .......... .......... .......... 1.21M
 31550K .......... .......... .......... .......... .......... 2.49M
 31600K .......... .......... .......... .......... .......... 2.44M
 31650K .......... .......... .......... .......... .......... 1.17M
 31700K .......... .......... .......... .......... .......... 2.29M
 31750K .......... .......... .......... .......... .......... 2.28M
 31800K .......... .......... .......... .......... ..........  861K
 31850K .......... .......... .......... .......... ..........  453M
 31900K .......... .......... .......... .......... .......... 2.40M
 31950K .......... .......... .......... .......... .......... 1.24M
 32000K .......... .......... .......... .......... .......... 1.17M
 32050K .......... .......... .......... .......... .......... 2.50M
 32100K .......... .......... .......... .......... .......... 1.23M
 32150K .......... .......... .......... .......... .......... 2.27M
 32200K .......... .......... .......... .......... .......... 1.28M
 32250K .......... .......... .......... .......... .......... 2.98M
 32300K .......... .......... .......... .......... .......... 1.30M
 32350K .......... .......... .......... .......... .......... 1.31M
 32400K .......... .......... .......... .......... .......... 2.28M
 32450K .......... .......... .......... .......... .......... 1.22M
 32500K .......... .......... .......... .......... .......... 2.71M
 32550K .......... .......... .......... .......... .......... 2.22M
 32600K .......... .......... .......... .......... .......... 1.24M
 32650K .......... .......... .......... .......... .......... 2.67M
 32700K .......... .......... .......... .......... .......... 1.16M
 32750K .......... .......... .......... .......... .......... 2.12M
 32800K .......... .......... .......... .......... .......... 1.19M
 32850K .......... .......... .......... .......... .......... 2.82M
 32900K .......... .......... .......... .......... .......... 1.32M
 32950K .......... .......... .......... .......... .......... 2.41M
 33000K .......... .......... .......... .......... .......... 1.28M
 33050K .......... .......... .......... .......... .......... 2.67M
 33100K .......... .......... .......... .......... .......... 2.42M
 33150K .......... .......... .......... .......... .......... 2.74M
 33200K .......... .......... .......... .......... .......... 1.32M
 33250K .......... .......... .......... .......... .......... 2.43M
 33300K .......... .......... .......... .......... .......... 1.32M
 33350K .......... .......... .......... .......... .......... 2.79M
 33400K .......... .......... .......... .......... .......... 2.30M
 33450K .......... .......... .......... .......... .......... 1.27M
 33500K .......... .......... .......... .......... .......... 2.73M
 33550K .......... .......... .......... .......... .......... 1.22M
 33600K .......... .......... .......... .......... .......... 2.22M
 33650K .......... .......... .......... .......... .......... 2.65M
 33700K .......... .......... .......... .......... .......... 2.36M
 33750K .......... .......... .......... .......... .......... 1.24M
 33800K .......... .......... .......... .......... .......... 2.79M
 33850K .......... .......... .......... .......... .......... 2.46M
 33900K .......... .......... .......... .......... .......... 1.32M
 33950K .......... .......... .......... .......... .......... 2.78M
 34000K .......... .......... .......... .......... .......... 2.49M
 34050K .......... .......... .......... .......... .......... 1.30M
 34100K .......... .......... .......... .......... .......... 2.67M
 34150K .......... .......... .......... .......... .......... 2.40M
 34200K .......... .......... .......... .......... .......... 2.55M
 34250K .......... .......... .......... .......... .......... 2.59M
 34300K .......... .......... .......... .......... .......... 1.32M
 34350K .......... .......... .......... .......... .......... 2.64M
 34400K .......... .......... .......... .......... .......... 2.59M
 34450K .......... .......... .......... .......... .......... 2.69M
 34500K .......... .......... .......... .......... .......... 2.58M
 34550K .......... .......... .......... .......... .......... 1.32M
 34600K .......... .......... .......... .......... .......... 2.64M
 34650K .......... .......... .......... .......... .......... 2.60M
 34700K .......... .......... .......... .......... .......... 2.55M
 34750K .......... .......... .......... .......... .......... 2.64M
 34800K .......... .......... .......... .......... .......... 1.33M
 34850K .......... .......... .......... .......... .......... 2.60M
 34900K .......... .......... .......... .......... .......... 2.65M
 34950K .......... .......... .......... .......... .......... 2.59M
 35000K .......... .......... .......... .......... .......... 2.56M
 35050K .......... .......... .......... .......... .......... 2.75M
 35100K .......... .......... .......... .......... .......... 2.54M
 35150K .......... .......... .......... .......... .......... 1.32M
 35200K .......... .......... .......... .......... ..........  291M
 35250K .......... .......... .......... .......... .......... 1.33M
 35300K .......... .......... .......... .......... .......... 2.72M
 35350K .......... .......... .......... .......... .......... 2.55M
 35400K .......... .......... .......... .......... .......... 2.69M
 35450K .......... .......... .......... .......... .......... 2.57M
 35500K .......... .......... .......... .......... .......... 2.72M
 35550K .......... .......... .......... .......... .......... 2.58M
 35600K .......... .......... .......... .......... .......... 2.69M
 35650K .......... .......... .......... .......... .......... 2.60M
 35700K .......... .......... .......... .......... .......... 1.32M
 35750K .......... .......... .......... .......... ..........  411M
 35800K .......... .......... .......... .......... .......... 1.32M
 35850K .......... .......... .......... .......... .......... 2.68M
 35900K .......... .......... .......... .......... .......... 2.61M
 35950K .......... .......... .......... .......... .......... 2.67M
 36000K .......... .......... .......... .......... .......... 2.62M
 36050K .......... .......... .......... .......... .......... 2.63M
 36100K .......... .......... .......... .......... .......... 2.66M
 36150K .......... .......... .......... .......... .......... 2.61M
 36200K .......... .......... .......... .......... .......... 2.65M
 36250K .......... .......... .......... .......... .......... 2.64M
 36300K .......... .......... .......... .......... .......... 2.62M
 36350K .......... .......... .......... .......... .......... 2.65M
 36400K .......... .......... .......... .......... .......... 2.63M
 36450K .......... .......... .......... .......... .......... 2.64M
 36500K .......... .......... .......... .......... .......... 2.63M
 36550K .......... .......... .......... .......... .......... 2.65M
 36600K .......... .......... .......... .......... .......... 2.60M
 36650K .......... .......... .......... .......... .......... 2.68M
 36700K .......... .......... .......... .......... .......... 2.60M
 36750K .......... .......... .......... .......... .......... 2.68M
 36800K .......... .......... .......... .......... .......... 2.59M
 36850K .......... .......... .......... .......... .......... 2.67M
 36900K .......... .......... .......... .......... .......... 2.62M
 36950K .......... .......... .......... .......... .......... 2.67M
 37000K .......... .......... .......... .......... .......... 2.58M
 37050K .......... .......... .......... .......... .......... 2.69M
 37100K .......... .......... .......... .......... .......... 2.60M
 37150K .......... .......... .......... .......... .......... 2.68M
 37200K .......... .......... .......... .......... .......... 2.61M
 37250K .......... .......... .......... .......... .......... 2.62M
 37300K .......... .......... .......... .......... .......... 2.67M
 37350K .......... .......... .......... .......... .......... 2.59M
 37400K .......... .......... .......... .......... .......... 2.67M
 37450K .......... .......... .......... .......... ..........  388M
 37500K .......... .......... .......... .......... .......... 1.33M
 37550K .......... .......... .......... .......... ..........  464M
 37600K .......... .......... .......... .......... .......... 2.59M
 37650K .......... .......... .......... .......... .......... 2.70M
 37700K .......... .......... .......... .......... .......... 2.60M
 37750K .......... .......... .......... .......... .......... 2.69M
 37800K .......... .......... .......... .......... .......... 2.59M
 37850K .......... .......... .......... .......... .......... 2.70M
 37900K .......... .......... .......... .......... .......... 2.60M
 37950K .......... .......... .......... .......... .......... 2.68M
 38000K .......... .......... .......... .......... .......... 2.58M
 38050K .......... .......... .......... .......... .......... 2.72M
 38100K .......... .......... .......... .......... ..........  282M
 38150K .......... .......... .......... .......... .......... 1.33M
 38200K .......... .......... .......... .......... ..........  290M
 38250K .......... .......... .......... .......... .......... 2.56M
 38300K .......... .......... .......... .......... .......... 2.73M
 38350K .......... .......... .......... .......... .......... 2.55M
 38400K .......... .......... .......... .......... .......... 2.73M
 38450K .......... .......... .......... .......... .......... 2.53M
 38500K .......... .......... .......... .......... .......... 2.76M
 38550K .......... .......... .......... .......... ..........  378M
 38600K .......... .......... .......... .......... .......... 2.52M
 38650K .......... .......... .......... .......... .......... 2.75M
 38700K .......... .......... .......... .......... .......... 2.56M
 38750K .......... .......... .......... .......... .......... 2.73M
 38800K .......... .......... .......... .......... .......... 2.53M
 38850K .......... .......... .......... .......... .......... 2.77M
 38900K .......... .......... .......... .......... .......... 2.48M
 38950K .......... .......... .......... .......... .......... 2.83M
 39000K .......... .......... .......... .......... ..........  294M
 39050K .......... .......... .......... .......... .......... 2.49M
 39100K .......... .......... .......... .......... .......... 2.81M
 39150K .......... .......... .......... .......... .......... 2.47M
 39200K .......... .......... .......... .......... .......... 2.76M
 39250K .......... .......... .......... .......... .......... 2.54M
 39300K .......... .......... .......... .......... .......... 2.73M
 39350K .......... .......... .......... .......... ..........  376M
 39400K .......... .......... .......... .......... .......... 2.55M
 39450K .......... .......... .......... .......... .......... 2.74M
 39500K .......... .......... .......... .......... .......... 2.58M
 39550K .......... .......... .......... .......... .......... 2.67M
 39600K .......... .......... .......... .......... ..........  328M
 39650K .......... .......... .......... .......... .......... 2.57M
 39700K .......... .......... .......... .......... .......... 2.73M
 39750K .......... .......... .......... .......... .......... 2.57M
 39800K .......... .......... .......... .......... .......... 2.71M
 39850K .......... .......... .......... .......... ..........  386M
 39900K .......... .......... .......... .......... .......... 2.56M
 39950K .......... .......... .......... .......... .......... 2.73M
 40000K .......... .......... .......... .......... .......... 2.54M
 40050K .......... .......... .......... .......... .......... 2.72M
 40100K .......... .......... .......... .......... .......... 2.38M
 40150K .......... .......... .......... .......... ..........  104M
 40200K .......... .......... .......... .......... .......... 2.91M
 40250K .......... .......... .......... .......... .......... 2.47M
 40300K .......... .......... .......... .......... .......... 2.80M
 40350K .......... .......... .......... .......... .......... 2.52M
 40400K .......... .......... .......... .......... .......... 2.82M
 40450K .......... .......... .......... .......... ..........  259M
 40500K .......... .......... .......... .......... .......... 2.49M
 40550K .......... .......... .......... .......... .......... 2.82M
 40600K .......... .......... .......... .......... .......... 2.49M
 40650K .......... .......... .......... .......... ..........  168M
 40700K .......... .......... .......... .......... .......... 2.79M
 40750K .......... .......... .......... .......... .......... 2.54M
 40800K .......... .......... .......... .......... .......... 2.71M
 40850K .......... .......... .......... .......... .......... 2.55M
 40900K .......... .......... .......... .......... .......... 84.3M
 40950K .......... .......... .......... .......... .......... 2.77M
 41000K .......... .......... .......... .......... .......... 2.40M
 41050K .......... .......... .......... .......... .......... 2.53M
 41100K .......... .......... .......... .......... .......... 89.3M
 41150K .......... .......... .......... .......... .......... 2.43M
 41200K .......... .......... .......... .......... .......... 2.50M
 41250K .......... .......... .......... .......... .......... 2.56M
 41300K .......... .......... .......... .......... .......... 2.65M
 41350K .......... .......... .......... .......... ..........  364M
 41400K .......... .......... .......... .......... .......... 2.61M
 41450K .......... .......... .......... .......... .......... 2.45M
 41500K .......... .......... .......... .......... .......... 79.0M
 41550K .......... .......... .......... .......... .......... 2.52M
 41600K .......... .......... .......... .......... .......... 2.47M
 41650K .......... .......... .......... .......... .......... 2.50M
 41700K .......... .......... .......... .......... .......... 2.22M
 41750K .......... .......... .......... .......... ..........  116M
 41800K .......... .......... .......... .......... .......... 2.41M
 41850K .......... .......... .......... .......... .......... 2.24M
 41900K .......... .......... .......... .......... .......... 2.41M
 41950K .......... .......... .......... .......... .......... 2.63M
 42000K .......... .......... .......... .......... ..........  277M
 42050K .......... .......... .......... .......... .......... 2.63M
 42100K .......... .......... .......... .......... .......... 2.49M
 42150K .......... .......... .......... .......... ..........  390M
 42200K .......... .......... .......... .......... .......... 2.45M
 42250K .......... .......... .......... .......... .......... 2.49M
 42300K .......... .......... .......... .......... .......... 2.22M
 42350K .......... .......... .......... .......... ..........  197M
 42400K .......... .......... .......... .......... .......... 2.41M
 42450K .......... .......... .......... .......... ..........  776K
 42500K .......... .......... .......... .......... ..........  295M
 42550K .......... .......... .......... .......... .......... 3.09M
 42600K .......... .......... .......... .......... .......... 2.39M
 42650K .......... .......... .......... .......... ..........  473M
 42700K .......... .......... .......... .......... .......... 2.84M
 42750K .......... .......... .......... .......... .......... 2.45M
 42800K .......... .......... .......... .......... .......... 2.85M
 42850K .......... .......... .......... .......... .......... 2.47M
 42900K .......... .......... .......... .......... .......... 2.77M
 42950K .......... .......... .......... .......... .......... 2.38M
 43000K .......... .......... .......... .......... .......... 2.80M
 43050K .......... .......... .......... .......... .......... 2.46M
 43100K .......... .......... .......... .......... .......... 2.75M
 43150K .......... .......... .......... .......... .......... 2.45M
 43200K .......... .......... .......... .......... .......... 2.82M
 43250K .......... .......... .......... .......... .......... 2.47M
 43300K .......... .......... .......... .......... .......... 2.78M
 43350K .......... .......... .......... .......... .......... 2.50M
 43400K .......... .......... .......... .......... .......... 2.79M
 43450K .......... .......... .......... .......... .......... 2.43M
 43500K .......... .......... .......... .......... .......... 2.76M
 43550K .......... .......... .......... .......... .......... 2.50M
 43600K .......... .......... .......... .......... .......... 2.71M
 43650K .......... .......... .......... .......... .......... 2.53M
 43700K .......... .......... .......... .......... .......... 2.57M
 43750K .......... .......... .......... .......... .......... 2.32M
 43800K .......... .......... .......... .......... ..........  391M
 43850K .......... .......... .......... .......... .......... 2.45M
 43900K .......... .......... .......... .......... .......... 2.57M
 43950K .......... .......... .......... .......... .......... 2.43M
 44000K .......... .......... .......... .......... .......... 2.53M
 44050K .......... .......... .......... .......... .......... 2.25M
 44100K .......... .......... .......... .......... .......... 2.33M
 44150K .......... .......... .......... .......... .......... 2.26M
 44200K .......... .......... .......... .......... ..........  784K
 44250K .......... .......... .......... .......... .......... 73.0M
 44300K .......... .......... .......... .......... .......... 2.41M
 44350K .......... .......... .......... .......... .......... 2.70M
 44400K .......... .......... .......... .......... .......... 2.69M
 44450K .......... .......... .......... .......... .......... 2.52M
 44500K .......... .......... .......... .......... .......... 2.36M
 44550K .......... .......... .......... .......... .......... 1.17M
 44600K .......... .......... .......... .......... .......... 2.33M
 44650K .......... .......... .......... .......... .......... 2.28M
 44700K .......... .......... .......... .......... .......... 2.29M
 44750K .......... .......... .......... .......... .......... 1.16M
 44800K .......... .......... .......... .......... .......... 2.44M
 44850K .......... .......... .......... .......... .......... 2.50M
 44900K .......... .......... .......... .......... .......... 2.78M
 44950K .......... .......... .......... .......... .......... 1.27M
 45000K .......... .......... .......... .......... .......... 71.3M
 45050K .......... .......... .......... .......... .......... 1.21M
 45100K .......... .......... .......... .......... .......... 2.09M
 45150K .......... .......... .......... .......... .......... 2.68M
 45200K .......... .......... .......... .......... .......... 1.18M
 45250K .......... .......... .......... .......... .......... 2.21M
 45300K .......... .......... .......... .......... .......... 2.86M
 45350K .......... .......... .......... .......... .......... 2.13M
 45400K .......... .......... .......... .......... .......... 2.73M
 45450K .......... .......... .......... .......... .......... 2.02M
 45500K .......... .......... .......... .......... ..........  807K
 45550K .......... .......... .......... .......... .......... 1.15M
 45600K .......... .......... .......... .......... ..........  289M
 45650K .......... .......... .......... .......... .......... 1.27M
 45700K .......... .......... .......... .......... ..........  853K
 45750K .......... .......... .......... .......... .......... 1.21M
 45800K .......... .......... .......... .......... .......... 1.19M
 45850K .......... .......... .......... .......... ..........  843K
 45900K .......... .......... .......... .......... .......... 1.15M
 45950K .......... .......... .......... .......... .......... 1.16M
 46000K .......... .......... .......... .......... .......... 1.14M
 46050K .......... .......... .......... .......... .......... 1.23M
 46100K .......... .......... .......... .......... .......... 1.24M
 46150K .......... .......... .......... .......... .......... 1.21M
 46200K .......... .......... .......... .......... .......... 1.16M
 46250K .......... .......... .......... .......... ..........  757K
 46300K .......... .......... .......... .......... .......... 2.59M
 46350K .......... .......... .......... .......... ..........  593K
 46400K .......... .......... .......... .......... .......... 1.32M
 46450K .......... .......... .......... .......... .......... 1.31M
 46500K .......... .......... .......... .......... ..........  836K
 46550K .......... .......... .......... .......... ..........  908K
 46600K .......... .......... .......... .......... ..........  586K
 46650K .......... .......... .......... .......... ..........  629K
 46700K .......... .......... .......... .......... .......... 1.32M
 46750K .......... .......... .......... .......... ..........  458K
 46800K .......... .......... .......... .......... ..........  400K
 46850K .......... .......... .......... .......... ..........  517K
 46900K .......... .......... .......... .......... ..........  586K
 46950K .......... .......... .......... .......... ..........  621K
 47000K .......... .......... .......... .......... ..........  715K
 47050K .......... .......... .......... .......... ..........  502K
 47100K .......... .......... .......... .......... ..........  648K
 47150K .......... .......... .......... .......... ..........  450K
 47200K .......... .......... .......... .......... ..........  463K
 47250K .......... .......... .......... .......... ..........  589K
 47300K .......... .......... .......... .......... ..........  586K
 47350K .......... .......... .......... .......... ..........  877K
 47400K .......... .......... .......... .......... ..........  626K
 47450K .......... .......... .......... .......... ..........  730K
 47500K .......... .......... .......... .......... ..........  503K
 47550K .......... .......... .......... .......... ..........  641K
 47600K .......... .......... .......... .......... ..........  667K
 47650K .......... .......... .......... .......... ..........  657K
 47700K .......... .......... .......... .......... ..........  717K
 47750K .......... .......... .......... .......... ..........  511K
 47800K .......... .......... .......... .......... ..........  498K
 47850K .......... .......... .......... .......... ..........  581K
 47900K .......... .......... .......... .......... ..........  503K
 47950K .......... .......... .......... .......... ..........  676K
 48000K .......... .......... .......... .......... ..........  675K
 48050K .......... .......... .......... .......... .......... 1.30M
 48100K .......... .......... .......... .......... ..........  583K
 48150K .......... .......... .......... .......... ..........  804K
 48200K .......... .......... .......... .......... .......... 1016K
 48250K .......... .......... .......... .......... ..........  792K
 48300K .......... .......... .......... .......... ..........  976K
 48350K .......... .......... .......... .......... ..........  771K
 48400K .......... .......... .......... .......... .......... 1.02M
 48450K .......... .......... .......... .......... ..........  783K
 48500K .......... .......... .......... .......... .......... 1.02M
 48550K .......... .......... .......... .......... .......... 1.30M
 48600K .......... .......... .......... .......... ..........  794K
 48650K .......... .......... .......... .......... .......... 1.32M
 48700K .......... .......... .......... .......... .......... 1.02M
 48750K .......... .......... .......... .......... ..........  791K
 48800K .......... .......... .......... .......... .......... 1.31M
 48850K .......... .......... .......... .......... .......... 1.32M
 48900K .......... .......... .......... .......... .......... 1.32M
 48950K .......... .......... .......... .......... .......... 1.32M
 49000K .......... .......... .......... .......... .......... 1.03M
 49050K .......... .......... .......... .......... .......... 1.32M
 49100K .......... .......... .......... .......... .......... 1.32M
 49150K .......... .......... .......... .......... .......... 1.30M
 49200K .......... .......... .......... .......... .......... 1.30M
 49250K .......... .......... .......... .......... .......... 1.32M
 49300K .......... .......... .......... .......... .......... 1.32M
 49350K .......... .......... .......... .......... .......... 1.32M
 49400K .......... .......... .......... .......... .......... 1.28M
 49450K .......... .......... .......... .......... .......... 1.28M
 49500K .......... .......... .......... .......... .......... 1.77M
 49550K .......... .......... .......... .......... .......... 1.05M
 49600K .......... .......... .......... .......... .......... 1.33M
 49650K .......... .......... .......... .......... .......... 1.75M
 49700K .......... .......... .......... .......... .......... 1.32M
 49750K .......... .......... .......... .......... .......... 1.23M
 49800K .......... .......... .......... .......... .......... 4.22M
 49850K .......... .......... .......... .......... ..........  396K
 49900K .......... .......... .......... .......... ..........  377M
 49950K .......... .......... .......... .......... .......... 1.69M
 50000K .......... .......... .......... .......... ..........  656K
 50050K .......... .......... .......... .......... .......... 1.01M
 50100K .......... .......... .......... .......... ..........  666K
 50150K .......... .......... .......... .......... ..........  587K
 50200K .......... .......... .......... .......... ..........  653K
 50250K .......... .......... .......... .......... ..........  636K
 50300K .......... .......... .......... .......... ..........  672K
 50350K .......... .......... .......... .......... ..........  675K
 50400K .......... .......... .......... .......... ..........  451K
 50450K .......... .......... .......... .......... .......... 1.10M
 50500K .......... .......... .......... .......... ..........  750K
 50550K .......... .......... .......... .......... ..........  675K
 50600K .......... .......... .......... .......... .......... 1.11M
 50650K .......... .......... .......... .......... ..........  745K
 50700K .......... .......... .......... .......... .......... 1.32M
 50750K .......... .......... .......... .......... .......... 1.12M
 50800K .......... .......... .......... .......... ..........  743K
 50850K .......... .......... .......... .......... ..........  678K
 50900K .......... .......... .......... .......... .......... 1.32M
 50950K .......... .......... .......... .......... .......... 1.30M
 51000K .......... .......... .......... .......... .......... 1.12M
 51050K .......... .......... .......... .......... .......... 1.29M
 51100K .......... .......... .......... .......... ..........  740K
 51150K .......... .......... .......... .......... .......... 1.32M
 51200K .......... .......... .......... .......... .......... 1.12M
 51250K .......... .......... .......... .......... .......... 1.32M
 51300K .......... .......... .......... .......... .......... 1.31M
 51350K .......... .......... .......... .......... .......... 1.29M
 51400K .......... .......... .......... .......... .......... 1.33M
 51450K .......... .......... .......... .......... .......... 1.31M
 51500K .......... .......... .......... .......... ..........  742K
 51550K .......... .......... .......... .......... .......... 1.31M
 51600K .......... .......... .......... .......... .......... 1.31M
 51650K .......... .......... .......... .......... .......... 1.31M
 51700K .......... .......... .......... .......... .......... 1.32M
 51750K .......... .......... .......... .......... .......... 1.31M
 51800K .......... .......... .......... .......... .......... 1.32M
 51850K .......... .......... .......... .......... .......... 1.31M
 51900K .......... .......... .......... .......... .......... 8.57M
 51950K .......... .......... .......... .......... ..........  732K
 52000K .......... .......... .......... .......... .......... 1.32M
 52050K .......... .......... .......... .......... .......... 8.63M
 52100K .......... .......... .......... .......... .......... 1.54M
 52150K .......... .......... .......... .......... .......... 1.33M
 52200K .......... .......... .......... .......... .......... 1.32M
 52250K .......... .......... .......... .......... .......... 1.32M
 52300K .......... .......... .......... .......... .......... 1.32M
 52350K .......... .......... .......... .......... .......... 10.1M
 52400K .......... .......... .......... .......... .......... 1.50M
 52450K .......... .......... .......... .......... .......... 1.32M
 52500K .......... .......... .......... .......... .......... 1.32M
 52550K .......... .......... .......... .......... .......... 1.31M
 52600K .......... .......... .......... .......... .......... 11.4M
 52650K .......... .......... .......... .......... .......... 1.33M
 52700K .......... .......... .......... .......... .......... 1.47M
 52750K .......... .......... .......... .......... .......... 1.32M
 52800K .......... .......... .......... .......... .......... 1.26M
 52850K .......... .......... .......... .......... .......... 11.1M
 52900K .......... .......... .......... .......... .......... 1.29M
 52950K .......... .......... .......... .......... .......... 1.35M
 53000K .......... .......... .......... .......... .......... 1.27M
 53050K .......... .......... .......... .......... .......... 14.0M
 53100K .......... .......... .......... .......... .......... 1.44M
 53150K .......... .......... .......... .......... .......... 1.33M
 53200K .......... .......... .......... .......... .......... 1.32M
 53250K .......... .......... .......... .......... .......... 12.5M
 53300K .......... .......... .......... .......... .......... 1.37M
 53350K .......... .......... .......... .......... .......... 1.29M
 53400K .......... .......... .......... .......... .......... 14.5M
 53450K .......... .......... .......... .......... .......... 1.44M
 53500K .......... .......... .......... .......... .......... 1.32M
 53550K .......... .......... .......... .......... .......... 14.7M
 53600K .......... .......... .......... .......... .......... 1.44M
 53650K .......... .......... .......... .......... .......... 1.31M
 53700K .......... .......... .......... .......... .......... 16.3M
 53750K .......... .......... .......... .......... .......... 1.43M
 53800K .......... .......... .......... .......... .......... 1.27M
 53850K .......... .......... .......... .......... .......... 15.1M
 53900K .......... .......... .......... .......... .......... 1.41M
 53950K .......... .......... .......... .......... .......... 1.28M
 54000K .......... .......... .......... .......... .......... 1.32M
 54050K .......... .......... .......... .......... .......... 17.5M
 54100K .......... .......... .......... .......... .......... 1.37M
 54150K .......... .......... .......... .......... .......... 16.1M
 54200K .......... .......... .......... .......... .......... 1.40M
 54250K .......... .......... .......... .......... .......... 1.30M
 54300K .......... .......... .......... .......... .......... 19.6M
 54350K .......... .......... .......... .......... .......... 1.41M
 54400K .......... .......... .......... .......... .......... 1.32M
 54450K .......... .......... .......... .......... .......... 21.6M
 54500K .......... .......... .......... .......... .......... 1.39M
 54550K .......... .......... .......... .......... .......... 21.6M
 54600K .......... .......... .......... .......... .......... 1.35M
 54650K .......... .......... .......... .......... .......... 1.32M
 54700K .......... .......... .......... .......... ..........  279M
 54750K .......... .......... .......... .......... .......... 1.30M
 54800K .......... .......... .......... .......... .......... 37.1M
 54850K .......... .......... .......... .......... .......... 1.36M
 54900K .......... .......... .......... .......... .......... 1.33M
 54950K .......... .......... .......... .......... ..........  125M
 55000K .......... .......... .......... .......... .......... 1.33M
 55050K .......... .......... .......... .......... .......... 49.3M
 55100K .......... .......... .......... .......... .......... 1.34M
 55150K .......... .......... .......... .......... .......... 32.2M
 55200K .......... .......... .......... .......... .......... 1.37M
 55250K .......... .......... .......... .......... .......... 1.32M
 55300K .......... .......... .......... .......... ..........  266M
 55350K .......... .......... .......... .......... .......... 1.32M
 55400K .......... .......... .......... .......... ..........  165M
 55450K .......... .......... .......... .......... .......... 1.33M
 55500K .......... .......... .......... .......... .......... 87.8M
 55550K .......... .......... .......... .......... .......... 1.34M
 55600K .......... .......... .......... .......... .......... 77.8M
 55650K .......... .......... .......... .......... .......... 1.34M
 55700K .......... .......... .......... .......... .......... 1.32M
 55750K .......... .......... .......... .......... ..........  237M
 55800K .......... .......... .......... .......... .......... 1.33M
 55850K .......... .......... .......... .......... ..........  266M
 55900K .......... .......... .......... .......... .......... 1.33M
 55950K .......... .......... .......... .......... ..........  300M
 56000K .......... .......... .......... .......... .......... 1.32M
 56050K .......... .......... .......... .......... ..........  353M
 56100K .......... .......... .......... .......... .......... 1.32M
 56150K .......... .......... .......... .......... ..........  419M
 56200K .......... .......... .......... .......... .......... 1.32M
 56250K .......... .......... .......... .......... ..........  396M
 56300K .......... .......... .......... .......... .......... 1.32M
 56350K .......... .......... .......... .......... ..........  401M
 56400K .......... .......... .......... .......... .......... 1.32M
 56450K .......... .......... .......... .......... ..........  210M
 56500K .......... .......... .......... .......... .......... 1.33M
 56550K .......... .......... .......... .......... ..........  212M
 56600K .......... .......... .......... .......... .......... 1.33M
 56650K .......... .......... .......... .......... ..........  364M
 56700K .......... .......... .......... .......... .......... 1.32M
 56750K .......... .......... .......... .......... ..........  303M
 56800K .......... .......... .......... .......... .......... 1.33M
 56850K .......... .......... .......... .......... .......... 1.32M
 56900K .......... .......... .......... .......... ..........  261M
 56950K .......... .......... .......... .......... ..........  435M
 57000K .......... .......... .......... .......... .......... 1.32M
 57050K .......... .......... .......... .......... ..........  363M
 57100K .......... .......... .......... .......... .......... 1.32M
 57150K .......... .......... .......... .......... ..........  394M
 57200K .......... .......... .......... .......... .......... 1.33M
 57250K .......... .......... .......... .......... ..........  202M
 57300K .......... .......... .......... .......... .......... 1.33M
 57350K .......... .......... .......... .......... ..........  297M
 57400K .......... .......... .......... .......... .......... 1.32M
 57450K .......... .......... .......... .......... ..........  356M
 57500K .......... .......... .......... .......... .......... 1.32M
 57550K .......... .......... .......... .......... ..........  316M
 57600K .......... .......... .......... .......... .......... 1.33M
 57650K .......... .......... .......... .......... ..........  219M
 57700K .......... .......... .......... .......... .......... 1.33M
 57750K .......... .......... .......... .......... ..........  229M
 57800K .......... .......... .......... .......... .......... 1.33M
 57850K .......... .......... .......... .......... ..........  264M
 57900K .......... .......... .......... .......... .......... 94.4M
 57950K .......... .......... .......... .......... .......... 1.34M
 58000K .......... .......... .......... .......... ..........  132M
 58050K .......... .......... .......... .......... .......... 1.33M
 58100K .......... .......... .......... .......... ..........  122M
 58150K .......... .......... .......... .......... .......... 1.34M
 58200K .......... .......... .......... .......... ..........  102M
 58250K .......... .......... .......... .......... .......... 1.34M
 58300K .......... .......... .......... .......... ..........  138M
 58350K .......... .......... .......... .......... .......... 1.33M
 58400K .......... .......... .......... .......... ..........  136M
 58450K .......... .......... .......... .......... .......... 97.2M
 58500K .......... .......... .......... .......... .......... 1.34M
 58550K .......... .......... .......... .......... ..........  252M
 58600K .......... .......... .......... .......... .......... 1.33M
 58650K .......... .......... .......... .......... ..........  347M
 58700K .......... .......... .......... .......... .......... 1.33M
 58750K .......... .......... .......... .......... ..........  280M
 58800K .......... .......... .......... .......... .......... 1.33M
 58850K .......... .......... .......... .......... ..........  220M
 58900K .......... .......... .......... .......... ..........  363M
 58950K .......... .......... .......... .......... .......... 1.32M
 59000K .......... .......... .......... .......... ..........  367M
 59050K .......... .......... .......... .......... .......... 1.33M
 59100K .......... .......... .......... .......... ..........  199M
 59150K .......... .......... .......... .......... .......... 1.33M
 59200K .......... .......... .......... .......... ..........  167M
 59250K .......... .......... .......... .......... ..........  258M
 59300K .......... .......... .......... .......... .......... 1.33M
 59350K .......... .......... .......... .......... ..........  289M
 59400K .......... .......... .......... .......... .......... 1.32M
 59450K .......... .......... .......... .......... ..........  334M
 59500K .......... .......... .......... .......... .......... 1.33M
 59550K .......... .......... .......... .......... ..........  241M
 59600K .......... .......... .......... .......... .......... 66.9M
 59650K .......... .......... .......... .......... .......... 1.35M
 59700K .......... .......... .......... .......... ..........  289M
 59750K .......... .......... .......... .......... .......... 1.33M
 59800K .......... .......... .......... .......... ..........  322M
 59850K .......... .......... .......... .......... ..........  107M
 59900K .......... .......... .......... .......... .......... 1.34M
 59950K .......... .......... .......... .......... ..........  328M
 60000K .......... .......... .......... .......... .......... 1.33M
 60050K .......... .......... .......... .......... ..........  334M
 60100K .......... .......... .......... .......... .......... 1.33M
 60150K .......... .......... .......... .......... ..........  203M
 60200K .......... .......... .......... .......... ..........  366M
 60250K .......... .......... .......... .......... .......... 1.33M
 60300K .......... .......... .......... .......... ..........  270M
 60350K .......... .......... .......... .......... .......... 1.32M
 60400K .......... .......... .......... .......... ..........  207M
 60450K .......... .......... .......... .......... ..........  374M
 60500K .......... .......... .......... .......... .......... 1.33M
 60550K .......... .......... .......... .......... ..........  371M
 60600K .......... .......... .......... .......... .......... 1.33M
 60650K .......... .......... .......... .......... ..........  251M
 60700K .......... .......... .......... .......... ..........  338M
 60750K .......... .......... .......... .......... .......... 1.33M
 60800K .......... .......... .......... .......... ..........  295M
 60850K .......... .......... .......... .......... .......... 1.33M
 60900K .......... .......... .......... .......... ..........  224M
 60950K .......... .......... .......... .......... ..........  375M
 61000K .......... .......... .......... .......... .......... 1.33M
 61050K .......... .......... .......... .......... ..........  353M
 61100K .......... .......... .......... .......... ..........  327M
 61150K .......... .......... .......... .......... .......... 1.32M
 61200K .......... .......... .......... .......... ..........  354M
 61250K .......... .......... .......... .......... .......... 1.33M
 61300K .......... .......... .......... .......... ..........  298M
 61350K .......... .......... .......... .......... ..........  318M
 61400K .......... .......... .......... .......... .......... 1.33M
 61450K .......... .......... .......... .......... ..........  345M
 61500K .......... .......... .......... .......... .......... 1.33M
 61550K .......... .......... .......... .......... ..........  224M
 61600K .......... .......... .......... .......... ..........  396M
 61650K .......... .......... .......... .......... .......... 1.33M
 61700K .......... .......... .......... .......... ..........  129M
 61750K .......... .......... .......... .......... .......... 77.2M
 61800K .......... .......... .......... .......... .......... 1.35M
 61850K .......... .......... .......... .......... ..........  135M
 61900K .......... .......... .......... .......... .......... 1.33M
 61950K .......... .......... .......... .......... ..........  292M
 62000K .......... .......... .......... .......... ..........  115M
 62050K .......... .......... .......... .......... .......... 1.34M
 62100K .......... .......... .......... .......... ..........  360M
 62150K .......... .......... .......... .......... ..........  137M
 62200K .......... .......... .......... .......... .......... 1.33M
 62250K .......... .......... .......... .......... ..........  374M
 62300K .......... .......... .......... .......... .......... 1.32M
 62350K .......... .......... .......... .......... ..........  305M
 62400K .......... .......... .......... .......... ..........  252M
 62450K .......... .......... .......... .......... .......... 1.34M
 62500K .......... .......... .......... .......... ..........  266M
 62550K .......... .......... .......... .......... ..........  288M
 62600K .......... .......... .......... .......... .......... 1.33M
 62650K .......... .......... .......... .......... ..........  302M
 62700K .......... .......... .......... .......... .......... 1.33M
 62750K .......... .......... .......... .......... ..........  321M
 62800K .......... .......... .......... .......... ..........  337M
 62850K .......... .......... .......... .......... .......... 1.33M
 62900K .......... .......... .......... .......... ..........  331M
 62950K .......... .......... .......... .......... ..........  392M
 63000K .......... .......... .......... .......... .......... 1.33M
 63050K .......... .......... .......... .......... ..........  374M
 63100K .......... .......... .......... .......... ..........  415M
 63150K .......... .......... .......... .......... .......... 1.33M
 63200K .......... .......... .......... .......... ..........  122M
 63250K .......... .......... .......... .......... .......... 1.34M
 63300K .......... .......... .......... .......... ..........  238M
 63350K .......... .......... .......... .......... .......... 87.6M
 63400K .......... .......... .......... .......... .......... 1.34M
 63450K .......... .......... .......... .......... ..........  373M
 63500K .......... .......... .......... .......... .......... 76.8M
 63550K .......... .......... .......... .......... .......... 1.34M
 63600K .......... .......... .......... .......... ..........  401M
 63650K .......... .......... .......... .......... .......... 73.9M
 63700K .......... .......... .......... .......... .......... 1.32M
 63750K .......... .......... .......... .......... ..........  256M
 63800K .......... .......... .......... .......... .......... 62.3M
 63850K .......... .......... .......... .......... ..........  593K
 63900K .......... .......... .......... .......... ..........  147M
 63950K .......... .......... .......... .......... .......... 32.5M
 64000K .......... .......... .......... .......... ..........  351M
 64050K .......... .......... .......... .......... .......... 1.40M
 64100K .......... .......... .......... .......... .......... 26.2M
 64150K .......... .......... .......... .......... .......... 1.39M
 64200K .......... .......... .......... .......... .......... 28.0M
 64250K .......... .......... .......... .......... .......... 1.32M
 64300K .......... .......... .......... .......... .......... 21.7M
 64350K .......... .......... .......... .......... .......... 1.29M
 64400K .......... .......... .......... .......... .......... 1.36M
 64450K .......... .......... .......... .......... .......... 51.4M
 64500K .......... .......... .......... .......... .......... 1.35M
 64550K .......... .......... .......... .......... .......... 73.6M
 64600K .......... .......... .......... .......... .......... 19.4M
 64650K .......... .......... .......... .......... .......... 1.41M
 64700K .......... .......... .......... .......... .......... 17.8M
 64750K .......... .......... .......... .......... .......... 1.40M
 64800K .......... .......... .......... .......... .......... 1.33M
 64850K .......... .......... .......... .......... ..........  302M
 64900K .......... .......... .......... .......... .......... 21.0M
 64950K .......... .......... .......... .......... .......... 1.41M
 65000K .......... .......... .......... .......... .......... 22.6M
 65050K .......... .......... .......... .......... .......... 1.40M
 65100K .......... .......... .......... .......... .......... 25.1M
 65150K .......... .......... .......... .......... .......... 1.39M
 65200K .......... .......... .......... .......... .......... 32.4M
 65250K .......... .......... .......... .......... .......... 1.37M
 65300K .......... .......... .......... .......... .......... 30.0M
 65350K .......... .......... .......... .......... .......... 1.38M
 65400K .......... .......... .......... .......... .......... 71.4M
 65450K .......... .......... .......... .......... .......... 1.34M
 65500K .......... .......... .......... .......... ..........  323M
 65550K .......... .......... .......... .......... .......... 1.33M
 65600K .......... .......... .......... .......... .......... 61.2M
 65650K .......... .......... .......... .......... .......... 34.8M
 65700K .......... .......... .......... .......... .......... 1.38M
 65750K .......... .......... .......... .......... .......... 32.7M
 65800K .......... .......... .......... .......... .......... 1.38M
 65850K .......... .......... .......... .......... .......... 56.5M
 65900K .......... .......... .......... .......... .......... 1.37M
 65950K .......... .......... .......... .......... .......... 64.5M
 66000K .......... .......... .......... .......... .......... 1.35M
 66050K .......... .......... .......... .......... .......... 60.7M
 66100K .......... .......... .......... .......... .......... 1.35M
 66150K .......... .......... .......... .......... .......... 63.5M
 66200K .......... .......... .......... .......... .......... 45.6M
 66250K .......... .......... .......... .......... .......... 1.37M
 66300K .......... .......... .......... .......... .......... 69.5M
 66350K .......... .......... .......... .......... .......... 1.34M
 66400K .......... .......... .......... .......... ..........  122M
 66450K .......... .......... .......... .......... .......... 1.34M
 66500K .......... .......... .......... .......... .......... 97.5M
 66550K .......... .......... .......... .......... .......... 48.2M
 66600K .......... .......... .......... .......... .......... 1.36M
 66650K .......... .......... .......... .......... .......... 98.8M
 66700K .......... .......... .......... .......... .......... 1.35M
 66750K .......... .......... .......... .......... .......... 97.9M
 66800K .......... .......... .......... .......... .......... 1.33M
 66850K .......... .......... .......... .......... ..........  162M
 66900K .......... .......... .......... .......... .......... 54.6M
 66950K .......... .......... .......... .......... .......... 1.36M
 67000K .......... .......... .......... .......... .......... 78.0M
 67050K .......... .......... .......... .......... .......... 1.34M
 67100K .......... .......... .......... .......... ..........  362M
 67150K .......... .......... .......... .......... .......... 1.33M
 67200K .......... .......... .......... .......... ..........  141M
 67250K .......... .......... .......... .......... ..........  106M
 67300K .......... .......... .......... .......... .......... 1.34M
 67350K .......... .......... .......... .......... ..........  106M
 67400K .......... .......... .......... .......... .......... 1.34M
 67450K .......... .......... .......... .......... ..........  127M
 67500K .......... .......... .......... .......... ..........  100M
 67550K .......... .......... .......... .......... .......... 1.34M
 67600K .......... .......... .......... .......... .......... 82.9M
 67650K .......... .......... .......... .......... .......... 1.35M
 67700K .......... .......... .......... .......... ..........  111M
 67750K .......... .......... .......... .......... .......... 65.7M
 67800K .......... .......... .......... .......... .......... 1.35M
 67850K .......... .......... .......... .......... ..........  290M
 67900K .......... .......... .......... .......... .......... 48.6M
 67950K .......... .......... .......... .......... .......... 1.36M
 68000K .......... .......... .......... .......... .......... 60.3M
 68050K .......... .......... .......... .......... .......... 1.35M
 68100K .......... .......... .......... .......... ..........  362M
 68150K .......... .......... .......... .......... .......... 66.8M
 68200K .......... .......... .......... .......... .......... 1.35M
 68250K .......... .......... .......... .......... ..........  294M
 68300K .......... .......... .......... .......... .......... 1.33M
 68350K .......... .......... .......... .......... ..........  198M
 68400K .......... .......... .......... .......... .......... 96.5M
 68450K .......... .......... .......... .......... .......... 1.34M
 68500K .......... .......... .......... .......... ..........  234M
 68550K .......... .......... .......... .......... .......... 1.34M
 68600K .......... .......... .......... .......... ..........  114M
 68650K .......... .......... .......... .......... ..........  190M
 68700K .......... .......... .......... .......... .......... 1.34M
 68750K .......... .......... .......... .......... ..........  116M
 68800K .......... .......... .......... .......... .......... 1.34M
 68850K .......... .......... .......... .......... ..........  179M
 68900K .......... .......... .......... .......... ..........  243M
 68950K .......... .......... .......... .......... .......... 1.33M
 69000K .......... .......... .......... .......... ..........  224M
 69050K .......... .......... .......... .......... ..........  312M
 69100K .......... .......... .......... .......... .......... 1.33M
 69150K .......... .......... .......... .......... .......... 99.5M
 69200K .......... .......... .......... .......... .......... 1.34M
 69250K .......... .......... .......... .......... .......... 68.6M
 69300K .......... .......... .......... .......... ..........  159M
 69350K .......... .......... .......... .......... .......... 1.35M
 69400K .......... .......... .......... .......... .......... 75.5M
 69450K .......... .......... .......... .......... ..........  110M
 69500K .......... .......... .......... .......... .......... 1.35M
 69550K .......... .......... .......... .......... .......... 90.6M
 69600K .......... .......... .......... .......... ..........  253M
 69650K .......... .......... .......... .......... .......... 1.34M
 69700K .......... .......... .......... .......... .......... 91.8M
 69750K .......... .......... .......... .......... .......... 1.34M
 69800K .......... .......... .......... .......... ..........  198M
 69850K .......... .......... .......... .......... ..........  115M
 69900K .......... .......... .......... .......... .......... 1.34M
 69950K .......... .......... .......... .......... ..........  198M
 70000K .......... .......... .......... .......... ..........  110M
 70050K .......... .......... .......... .......... .......... 1.34M
 70100K .......... .......... .......... .......... ..........  127M
 70150K .......... .......... .......... .......... .......... 1.33M
 70200K .......... .......... .......... .......... ..........  405M
 70250K .......... .......... .......... .......... ..........  133M
 70300K .......... .......... .......... .......... .......... 1.34M
 70350K .......... .......... .......... .......... ..........  221M
 70400K .......... .......... .......... .......... ..........  167M
 70450K .......... .......... .......... .......... .......... 1.33M
 70500K .......... .......... .......... .......... ..........  167M
 70550K .......... .......... .......... .......... .......... 1.34M
 70600K .......... .......... .......... .......... ..........  299M
 70650K .......... .......... .......... .......... ..........  147M
 70700K .......... .......... .......... .......... .......... 1.34M
 70750K .......... .......... .......... .......... ..........  272M
 70800K .......... .......... .......... .......... .......... 88.5M
 70850K .......... .......... .......... .......... .......... 1.34M
 70900K .......... .......... .......... .......... ..........  337M
 70950K .......... .......... .......... .......... .......... 51.4M
 71000K .......... .......... .......... .......... .......... 1.36M
 71050K .......... .......... .......... .......... ..........  340M
 71100K .......... .......... .......... .......... .......... 1.33M
 71150K .......... .......... .......... .......... ..........  249M
 71200K .......... .......... .......... .......... ..........  184M
 71250K .......... .......... .......... .......... .......... 1.34M
 71300K .......... .......... .......... .......... .......... 95.1M
 71350K .......... .......... .......... .......... ..........  360M
 71400K .......... .......... .......... .......... .......... 1.33M
 71450K .......... .......... .......... .......... ..........  106M
 71500K .......... .......... .......... .......... ..........  127M
 71550K .......... .......... .......... .......... .......... 1.35M
 71600K .......... .......... .......... .......... ..........  114M
 71650K .......... .......... .......... .......... .......... 1.35M
 71700K .......... .......... .......... .......... .......... 80.3M
 71750K .......... .......... .......... .......... ..........  230M
 71800K .......... .......... .......... .......... .......... 1.34M
 71850K .......... .......... .......... .......... ..........  109M
 71900K .......... .......... .......... .......... ..........  348M
 71950K .......... .......... .......... .......... .......... 1.34M
 72000K .......... .......... .......... .......... .......... 91.5M
 72050K .......... .......... .......... .......... .......... 52.3M
 72100K .......... .......... .......... .......... .......... 1.37M
 72150K .......... .......... .......... .......... .......... 89.2M
 72200K .......... .......... .......... .......... .......... 1.34M
 72250K .......... .......... .......... .......... ..........  312M
 72300K .......... .......... .......... .......... ..........  175M
 72350K .......... .......... .......... .......... .......... 1.34M
 72400K .......... .......... .......... .......... ..........  208M
 72450K .......... .......... .......... .......... ..........  148M
 72500K .......... .......... .......... .......... .......... 1.34M
 72550K .......... .......... .......... .......... ..........  301M
 72600K .......... .......... .......... .......... ..........  173M
 72650K .......... .......... .......... .......... .......... 1.33M
 72700K .......... .......... .......... .......... ..........  294M
 72750K .......... .......... .......... .......... ..........  107M
 72800K .......... .......... .......... .......... .......... 1.34M
 72850K .......... .......... .......... .......... ..........  388M
 72900K .......... .......... .......... .......... .......... 1.33M
 72950K .......... .......... .......... .......... ..........  303M
 73000K .......... .......... .......... .......... ..........  339M
 73050K .......... .......... .......... .......... .......... 1.33M
 73100K .......... .......... .......... .......... ..........  268M
 73150K .......... .......... .......... .......... ..........  328M
 73200K .......... .......... .......... .......... .......... 1.33M
 73250K .......... .......... .......... .......... ..........  334M
 73300K .......... .......... .......... .......... ..........  270M
 73350K .......... .......... .......... .......... .......... 1.32M
 73400K .......... .......... .......... .......... ..........  363M
 73450K .......... .......... .......... .......... ..........  365M
 73500K .......... .......... .......... .......... .......... 1.33M
 73550K .......... .......... .......... .......... ..........  246M
 73600K .......... .......... .......... .......... ..........  305M
 73650K .......... .......... .......... .......... .......... 1.33M
 73700K .......... .......... .......... .......... ..........  305M
 73750K .......... .......... .......... .......... ..........  274M
 73800K .......... .......... .......... .......... .......... 1.33M
 73850K .......... .......... .......... .......... ..........  324M
 73900K .......... .......... .......... .......... ..........  344M
 73950K .......... .......... .......... .......... .......... 1.33M
 74000K .......... .......... .......... .......... ..........  297M
 74050K .......... .......... .......... .......... ..........  379M
 74100K .......... .......... .......... .......... .......... 1.33M
 74150K .......... .......... .......... .......... ..........  318M
 74200K .......... .......... .......... .......... ..........  407M
 74250K .......... .......... .......... .......... .......... 1.33M
 74300K .......... .......... .......... .......... .......... 77.6M
 74350K .......... .......... .......... .......... .......... 73.5M
 74400K .......... .......... .......... .......... .......... 1.37M
 74450K .......... .......... .......... .......... .......... 86.4M
 74500K .......... .......... .......... .......... .......... 63.3M
 74550K .......... .......... .......... .......... .......... 1.37M
 74600K .......... .......... .......... .......... ..........  134M
 74650K .......... .......... .......... .......... .......... 79.0M
 74700K .......... .......... .......... .......... .......... 1.36M
 74750K .......... .......... .......... .......... ..........  273M
 74800K .......... .......... .......... .......... .......... 59.3M
 74850K .......... .......... .......... .......... .......... 1.36M
 74900K .......... .......... .......... .......... ..........  233M
 74950K .......... .......... .......... .......... .......... 68.9M
 75000K .......... .......... .......... .......... .......... 1.36M
 75050K .......... .......... .......... .......... ..........  305M
 75100K .......... .......... .......... .......... .......... 79.6M
 75150K .......... .......... .......... .......... .......... 1.35M
 75200K .......... .......... .......... .......... ..........  114M
 75250K .......... .......... .......... .......... ..........  206M
 75300K .......... .......... .......... .......... .......... 1.34M
 75350K .......... .......... .......... .......... ..........  373M
 75400K .......... .......... .......... .......... ..........  162M
 75450K .......... .......... .......... .......... .......... 1.34M
 75500K .......... .......... .......... .......... ..........  348M
 75550K .......... .......... .......... .......... ..........  280M
 75600K .......... .......... .......... .......... .......... 1.33M
 75650K .......... .......... .......... .......... ..........  323M
 75700K .......... .......... .......... .......... ..........  443M
 75750K .......... .......... .......... .......... .......... 1.33M
 75800K .......... .......... .......... .......... ..........  273M
 75850K .......... .......... .......... .......... ..........  392M
 75900K .......... .......... .......... .......... .......... 1.33M
 75950K .......... .......... .......... .......... ..........  167M
 76000K .......... .......... .......... .......... ..........  367M
 76050K .......... .......... .......... .......... .......... 1.34M
 76100K .......... .......... .......... .......... ..........  174M
 76150K .......... .......... .......... .......... ..........  371M
 76200K .......... .......... .......... .......... ..........  385M
 76250K .......... .......... .......... .......... .......... 1.32M
 76300K .......... .......... .......... .......... ..........  387M
 76350K .......... .......... .......... .......... ..........  423M
 76400K .......... .......... .......... .......... .......... 1.33M
 76450K .......... .......... .......... .......... ..........  234M
 76500K .......... .......... .......... .......... ..........  287M
 76550K .......... .......... .......... .......... .......... 1.34M
 76600K .......... .......... .......... .......... ..........  291M
 76650K .......... .......... .......... .......... ..........  330M
 76700K .......... .......... .......... .......... .......... 1.33M
 76750K .......... .......... .......... .......... ..........  282M
 76800K .......... .......... .......... .......... ..........  380M
 76850K .......... .......... .......... .......... .......... 1.33M
 76900K .......... .......... .......... .......... ..........  212M
 76950K .......... .......... .......... .......... ..........  356M
 77000K .......... .......... .......... .......... ..........  393M
 77050K .......... .......... .......... .......... .......... 1.33M
 77100K .......... .......... .......... .......... ..........  364M
 77150K .......... .......... .......... .......... ..........  387M
 77200K .......... .......... .......... .......... .......... 1.33M
 77250K .......... .......... .......... .......... ..........  400M
 77300K .......... .......... .......... .......... ..........  411M
 77350K .......... .......... .......... .......... .......... 1.33M
 77400K .......... .......... .......... .......... ..........  328M
 77450K .......... .......... .......... .......... ..........  407M
 77500K .......... .......... .......... .......... ..........  415M
 77550K .......... .......... .......... .......... .......... 1.33M
 77600K .......... .......... .......... .......... ..........  389M
 77650K .......... .......... .......... .......... ..........  455M
 77700K .......... .......... .......... .......... .......... 1.33M
 77750K .......... .......... .......... .......... .......... 97.5M
 77800K .......... .......... .......... .......... .......... 62.9M
 77850K .......... .......... .......... .......... .......... 1.37M
 77900K .......... .......... .......... .......... ..........  141M
 77950K .......... .......... .......... .......... .......... 87.1M
 78000K .......... .......... .......... .......... .......... 1.36M
 78050K .......... .......... .......... .......... ..........  111M
 78100K .......... .......... .......... .......... .......... 89.2M
 78150K .......... .......... .......... .......... .......... 52.9M
 78200K .......... .......... .......... .......... .......... 1.39M
 78250K .......... .......... .......... .......... .......... 76.8M
 78300K .......... .......... .......... .......... .......... 64.9M
 78350K .......... .......... .......... .......... .......... 1.38M
 78400K .......... .......... .......... .......... ..........  129M
 78450K .......... .......... .......... .......... .......... 75.4M
 78500K .......... .......... .......... .......... .......... 1.36M
 78550K .......... .......... .......... .......... ..........  206M
 78600K .......... .......... .......... .......... ..........  105M
 78650K .......... .......... .......... .......... .......... 63.2M
 78700K .......... .......... .......... .......... .......... 1.37M
 78750K .......... .......... .......... .......... ..........  124M
 78800K .......... .......... .......... .......... .......... 65.0M
 78850K .......... .......... .......... .......... .......... 1.36M
 78900K .......... .......... .......... .......... ..........  498M
 78950K .......... .......... .......... .......... .......... 78.1M
 79000K .......... .......... .......... .......... ..........  113M
 79050K .......... .......... .......... .......... .......... 1.36M
 79100K .......... .......... .......... .......... ..........  368M
 79150K .......... .......... .......... .......... .......... 62.3M
 79200K .......... .......... .......... .......... .......... 1.36M
 79250K .......... .......... .......... .......... ..........  388M
 79300K .......... .......... .......... .......... ..........  185M
 79350K .......... .......... .......... .......... .......... 1.33M
 79400K .......... .......... .......... .......... ..........  377M
 79450K .......... .......... .......... .......... ..........  392M
 79500K .......... .......... .......... .......... ..........  131M
 79550K .......... .......... .......... .......... .......... 1.34M
 79600K .......... .......... .......... .......... ..........  399M
 79650K .......... .......... .......... .......... ..........  333M
 79700K .......... .......... .......... .......... .......... 1.33M
 79750K .......... .......... .......... .......... ..........  211M
 79800K .......... .......... .......... .......... ..........  336M
 79850K .......... .......... .......... .......... ..........  384M
 79900K .......... .......... .......... .......... .......... 1.34M
 79950K .......... .......... .......... .......... ..........  292M
 80000K .......... .......... .......... .......... ..........  302M
 80050K .......... .......... .......... .......... .......... 1.33M
 80100K .......... .......... .......... .......... ..........  194M
 80150K .......... .......... .......... .......... ..........  444M
 80200K .......... .......... .......... .......... ..........  355M
 80250K .......... .......... .......... .......... .......... 1.33M
 80300K .......... .......... .......... .......... ..........  390M
 80350K .......... .......... .......... .......... ..........  348M
 80400K .......... .......... .......... .......... .......... 1.33M
 80450K .......... .......... .......... .......... ..........  192M
 80500K .......... .......... .......... .......... ..........  461M
 80550K .......... .......... .......... .......... ..........  391M
 80600K .......... .......... .......... .......... .......... 1.33M
 80650K .......... .......... .......... .......... ..........  381M
 80700K .......... .......... .......... .......... ..........  430M
 80750K .......... .......... .......... .......... .......... 1.34M
 80800K .......... .......... .......... .......... ..........  198M
 80850K .......... .......... .......... .......... ..........  435M
 80900K .......... .......... .......... .......... ..........  375M
 80950K .......... .......... .......... .......... .......... 1.33M
 81000K .......... .......... .......... .......... ..........  262M
 81050K .......... .......... .......... .......... ..........  331M
 81100K .......... .......... .......... .......... ..........  340M
 81150K .......... .......... .......... .......... .......... 1.34M
 81200K .......... .......... .......... .......... ..........  331M
 81250K .......... .......... .......... .......... ..........  393M
 81300K .......... .......... .......... .......... .......... 1.34M
 81350K .......... .......... .......... .......... ..........  231M
 81400K .......... .......... .......... .......... ..........  379M
 81450K .......... .......... .......... .......... ..........  321M
 81500K .......... .......... .......... .......... .......... 1.33M
 81550K .......... .......... .......... .......... ..........  273M
 81600K .......... .......... .......... .......... ..........  350M
 81650K .......... .......... .......... .......... .......... 1.34M
 81700K .......... .......... .......... .......... ..........  220M
 81750K .......... .......... .......... .......... ..........  380M
 81800K .......... .......... .......... .......... ..........  439M
 81850K .......... .......... .......... .......... .......... 1.34M
 81900K .......... .......... .......... .......... ..........  319M
 81950K .......... .......... .......... .......... ..........  299M
 82000K .......... .......... .......... .......... ..........  293M
 82050K .......... .......... .......... .......... .......... 1.34M
 82100K .......... .......... .......... .......... ..........  315M
 82150K .......... .......... .......... .......... ..........  377M
 82200K .......... .......... .......... .......... ..........  424M
 82250K .......... .......... .......... .......... .......... 1.33M
 82300K .......... .......... .......... .......... ..........  337M
 82350K .......... .......... .......... .......... ..........  357M
 82400K .......... .......... .......... .......... .......... 1.33M
 82450K .......... .......... .......... .......... ..........  377M
 82500K .......... .......... .......... .......... ..........  383M
 82550K .......... .......... .......... .......... ..........  335M
 82600K .......... .......... .......... .......... .......... 1.33M
 82650K .......... .......... .......... .......... ..........  368M
 82700K .......... .......... .......... .......... ..........  398M
 82750K .......... .......... .......... .......... ..........  364M
 82800K .......... .......... .......... .......... .......... 1.33M
 82850K .......... .......... .......... .......... ..........  381M
 82900K .......... .......... .......... .......... ..........  313M
 82950K .......... .......... .......... .......... .......... 1.34M
 83000K .......... .......... .......... .......... ..........  319M
 83050K .......... .......... .......... .......... ..........  118M
 83100K .......... .......... .......... .......... ..........  148M
 83150K .......... .......... .......... .......... .......... 1.35M
 83200K .......... .......... .......... .......... ..........  342M
 83250K .......... .......... .......... .......... ..........  170M
 83300K .......... .......... .......... .......... .......... 62.9M
 83350K .......... .......... .......... .......... .......... 1.36M
 83400K .......... .......... .......... .......... ..........  321M
 83450K .......... .......... .......... .......... ..........  178M
 83500K .......... .......... .......... .......... .......... 80.2M
 83550K .......... .......... .......... .......... .......... 1.36M
 83600K .......... .......... .......... .......... ..........  365M
 83650K .......... .......... .......... .......... ..........  181M
 83700K .......... .......... .......... .......... .......... 82.0M
 83750K .......... .......... .......... .......... .......... 1.35M
 83800K .......... .......... .......... .......... ..........  349M
 83850K .......... .......... .......... .......... ..........  216M
 83900K .......... .......... .......... .......... .......... 1.33M
 83950K .......... .......... .......... .......... ..........  262M
 84000K .......... .......... .......... .......... ..........  311M
 84050K .......... .......... .......... .......... ..........  372M
 84100K .......... .......... .......... .......... .......... 1.34M
 84150K .......... .......... .......... .......... ..........  322M
 84200K .......... .......... .......... .......... ..........  388M
 84250K .......... .......... .......... .......... ..........  335M
 84300K .......... .......... .......... .......... .......... 1.33M
 84350K .......... .......... .......... .......... ..........  333M
 84400K .......... .......... .......... .......... ..........  395M
 84450K .......... .......... .......... .......... ..........  392M
 84500K .......... .......... .......... .......... .......... 1.34M
 84550K .......... .......... .......... .......... ..........  339M
 84600K .......... .......... .......... .......... ..........  391M
 84650K .......... .......... .......... .......... ..........  322M
 84700K .......... .......... .......... .......... .......... 1.34M
 84750K .......... .......... .......... .......... ..........  317M
 84800K .......... .......... .......... .......... ..........  402M
 84850K .......... .......... .......... .......... .......... 1.34M
 84900K .......... .......... .......... .......... ..........  260M
 84950K .......... .......... .......... .......... ..........  404M
 85000K .......... .......... .......... .......... ..........  366M
 85050K .......... .......... .......... .......... .......... 1.33M
 85100K .......... .......... .......... .......... ..........  257M
 85150K .......... .......... .......... .......... ..........  387M
 85200K .......... .......... .......... .......... ..........  365M
 85250K .......... .......... .......... ..........             377M=32s

2026-07-07 15:32:12 (2.63 MB/s) - ‘v7.8.2.tar.gz.2’ saved [87337633]

-- The C compiler identification is Clang 16.0.6
-- The CXX compiler identification is Clang 16.0.6
-- Detecting C compiler ABI info
-- Detecting C compiler ABI info - done
-- Check for working C compiler: /nopt/nrel/apps/cpu_stack/software/gridkit/llvm/16.0.6/bin/clang - skipped
-- Detecting C compile features
-- Detecting C compile features - done
-- Detecting CXX compiler ABI info
-- Detecting CXX compiler ABI info - done
-- Check for working CXX compiler: /nopt/nrel/apps/cpu_stack/software/gridkit/llvm/16.0.6/bin/clang++ - skipped
-- Detecting CXX compile features
-- Detecting CXX compile features - done
-- Source:           /nopt/nrel/apps/cpu_stack/software/gridkit/src/SuiteSparse-7.8.2 
-- Build:            /nopt/nrel/apps/cpu_stack/software/gridkit/src/SuiteSparse-7.8.2/build 
-- Install lib:      lib64
-- Install include:  include/suitesparse
-- Install bin:      bin
-- Install pkg-file: lib64
-- Install rpath:    $ORIGIN
-- Build   rpath:    
-- Build type:       Release 
-- Looking for a Fortran compiler
-- Looking for a Fortran compiler - /nopt/nrel/apps/cpu_stack/compilers/06-24/linux-rhel8-sapphirerapids/gcc-12.3.0/gcc-13.1.0-bmut2ysomhthj6y7oyc73c3cmxye57am/bin/gfortran
-- The Fortran compiler identification is GNU 13.1.0
-- Detecting Fortran compiler ABI info
-- Detecting Fortran compiler ABI info - done
-- Check for working Fortran compiler: /nopt/nrel/apps/cpu_stack/compilers/06-24/linux-rhel8-sapphirerapids/gcc-12.3.0/gcc-13.1.0-bmut2ysomhthj6y7oyc73c3cmxye57am/bin/gfortran - skipped
-- Fortran:          /nopt/nrel/apps/cpu_stack/compilers/06-24/linux-rhel8-sapphirerapids/gcc-12.3.0/gcc-13.1.0-bmut2ysomhthj6y7oyc73c3cmxye57am/bin/gfortran
-- Looking for a CUDA compiler
-- Looking for a CUDA compiler - NOTFOUND
-- CUDA:             not found
-- CUDA:             not enabled
-- Building SuiteSparse_config version: v7.8.2 (Aug 20, 2024)
-- Source:           /nopt/nrel/apps/cpu_stack/software/gridkit/src/SuiteSparse-7.8.2 
-- Build:            /nopt/nrel/apps/cpu_stack/software/gridkit/src/SuiteSparse-7.8.2/build 
-- Install lib:      lib64
-- Install include:  include/suitesparse
-- Install bin:      bin
-- Install pkg-file: lib64
-- Install rpath:    $ORIGIN
-- Build   rpath:    
-- Build type:       Release 
-- Fortran:          /nopt/nrel/apps/cpu_stack/compilers/06-24/linux-rhel8-sapphirerapids/gcc-12.3.0/gcc-13.1.0-bmut2ysomhthj6y7oyc73c3cmxye57am/bin/gfortran
-- CUDA:             not found
-- CUDA:             not enabled
-- Detecting Fortran/C Interface
-- Detecting Fortran/C Interface - Found GLOBAL and MODULE mangling
-- C to Fortran calling protocol: 
--     SUITESPARSE_HAS_FORTRAN  : ON
--     FortranCInterface_GLOBAL_MACRO  : (name,NAME) name##_
--     FortranCInterface_GLOBAL__MACRO : (name,NAME) name##_
-- Found OpenMP_C: -fopenmp=libomp (found version "5.0")
-- Found OpenMP: TRUE (found version "5.0") found components: C
-- SuiteSparse_config has OpenMP: ON
-- Looking for clock_gettime
-- Looking for clock_gettime - found
-- Using clock_gettime without librt
-- Looking for Intel 32-bit BLAS
-- Performing Test CMAKE_HAVE_LIBC_PTHREAD
-- Performing Test CMAKE_HAVE_LIBC_PTHREAD - Failed
-- Looking for pthread_create in pthreads
-- Looking for pthread_create in pthreads - not found
-- Looking for pthread_create in pthread
-- Looking for pthread_create in pthread - found
-- Found Threads: TRUE
-- Could NOT find BLAS (missing: BLAS_LIBRARIES) 
-- Looking for 32-bit Apple BLAS
-- Could NOT find BLAS (missing: BLAS_LIBRARIES) 
-- Looking for ARM 32-bit BLAS
-- Could NOT find BLAS (missing: BLAS_LIBRARIES) 
-- Looking for IBM ESSL 32-bit BLAS
-- Could NOT find BLAS (missing: BLAS_LIBRARIES) 
-- Looking for 32-bit OpenBLAS
-- Could NOT find BLAS (missing: BLAS_LIBRARIES) 
-- Looking for 32-bit FLAME (BLIS) BLAS
-- Could NOT find BLAS (missing: BLAS_LIBRARIES) 
-- Looking for any 32-bit BLAS
-- Looking for Fortran sgemm
-- Looking for Fortran sgemm - not found
-- Looking for Fortran sgemm
-- Looking for Fortran sgemm - found
-- Found BLAS: /nopt/nrel/apps/cpu_stack/libraries-gcc/06-24/linux-rhel8-sapphirerapids/gcc-12.3.0/netlib-lapack-3.11.0-abk4uhd5cyrfnhh67bcdhyt6fulibezx/lib64/libblas.so
-- Found All 32-bit BLAS
-- Looking for fmax
-- Looking for fmax - not found
-- OpenMP C libraries:      /lib64/libomp.so;/lib64/libpthread.so 
-- OpenMP C include:         
-- OpenMP C flags:          -fopenmp=libomp 
-- BLAS libraries:      /nopt/nrel/apps/cpu_stack/libraries-gcc/06-24/linux-rhel8-sapphirerapids/gcc-12.3.0/netlib-lapack-3.11.0-abk4uhd5cyrfnhh67bcdhyt6fulibezx/lib64/libblas.so 
-- BLAS linker flags:    
-- BLAS include:         
-- ------------------------------------------------------------------------
-- SuiteSparse CMAKE report for: SuiteSparseConfig
-- ------------------------------------------------------------------------
-- build type:           Release
-- BUILD_SHARED_LIBS:    ON
-- BUILD_STATIC_LIBS:    ON
-- C compiler:           /nopt/nrel/apps/cpu_stack/software/gridkit/llvm/16.0.6/bin/clang 
-- C flags:              
-- C++ compiler:         /nopt/nrel/apps/cpu_stack/software/gridkit/llvm/16.0.6/bin/clang++
-- C++ flags:            
-- C Flags release:      -O3 -DNDEBUG -Wno-extra-semi-stmt -Wno-extra-semi-stmt 
-- C++ Flags release:    -O3 -DNDEBUG -Wno-extra-semi-stmt -Wno-extra-semi-stmt 
-- Fortran compiler:     /nopt/nrel/apps/cpu_stack/compilers/06-24/linux-rhel8-sapphirerapids/gcc-12.3.0/gcc-13.1.0-bmut2ysomhthj6y7oyc73c3cmxye57am/bin/gfortran 
-- compile definitions:  BLAS_All
-- BLAS integer:         int32_t
-- ------------------------------------------------------------------------
-- Building AMD version: v3.3.3 (June 20, 2024)
-- Source:           /nopt/nrel/apps/cpu_stack/software/gridkit/src/SuiteSparse-7.8.2 
-- Build:            /nopt/nrel/apps/cpu_stack/software/gridkit/src/SuiteSparse-7.8.2/build 
-- Install lib:      lib64
-- Install include:  include/suitesparse
-- Install bin:      bin
-- Install pkg-file: lib64
-- Install rpath:    $ORIGIN
-- Build   rpath:    
-- Build type:       Release 
-- Fortran:          /nopt/nrel/apps/cpu_stack/compilers/06-24/linux-rhel8-sapphirerapids/gcc-12.3.0/gcc-13.1.0-bmut2ysomhthj6y7oyc73c3cmxye57am/bin/gfortran
-- CUDA:             not found
-- CUDA:             not enabled
-- Skipping the demos in AMD/Demo
-- ------------------------------------------------------------------------
-- SuiteSparse CMAKE report for: AMD
-- ------------------------------------------------------------------------
-- build type:           Release
-- BUILD_SHARED_LIBS:    ON
-- BUILD_STATIC_LIBS:    ON
-- C compiler:           /nopt/nrel/apps/cpu_stack/software/gridkit/llvm/16.0.6/bin/clang 
-- C flags:              
-- C++ compiler:         /nopt/nrel/apps/cpu_stack/software/gridkit/llvm/16.0.6/bin/clang++
-- C++ flags:            
-- C Flags release:      -O3 -DNDEBUG -Wno-extra-semi-stmt -Wno-extra-semi-stmt 
-- C++ Flags release:    -O3 -DNDEBUG -Wno-extra-semi-stmt -Wno-extra-semi-stmt 
-- Fortran compiler:     /nopt/nrel/apps/cpu_stack/compilers/06-24/linux-rhel8-sapphirerapids/gcc-12.3.0/gcc-13.1.0-bmut2ysomhthj6y7oyc73c3cmxye57am/bin/gfortran 
-- compile definitions:  
-- ------------------------------------------------------------------------
-- Building BTF version: v2.3.2 (Mar 22, 2024)
-- Source:           /nopt/nrel/apps/cpu_stack/software/gridkit/src/SuiteSparse-7.8.2 
-- Build:            /nopt/nrel/apps/cpu_stack/software/gridkit/src/SuiteSparse-7.8.2/build 
-- Install lib:      lib64
-- Install include:  include/suitesparse
-- Install bin:      bin
-- Install pkg-file: lib64
-- Install rpath:    $ORIGIN
-- Build   rpath:    
-- Build type:       Release 
-- Fortran:          /nopt/nrel/apps/cpu_stack/compilers/06-24/linux-rhel8-sapphirerapids/gcc-12.3.0/gcc-13.1.0-bmut2ysomhthj6y7oyc73c3cmxye57am/bin/gfortran
-- CUDA:             not found
-- CUDA:             not enabled
-- ------------------------------------------------------------------------
-- SuiteSparse CMAKE report for: BTF
-- ------------------------------------------------------------------------
-- build type:           Release
-- BUILD_SHARED_LIBS:    ON
-- BUILD_STATIC_LIBS:    ON
-- C compiler:           /nopt/nrel/apps/cpu_stack/software/gridkit/llvm/16.0.6/bin/clang 
-- C flags:              
-- C++ compiler:         /nopt/nrel/apps/cpu_stack/software/gridkit/llvm/16.0.6/bin/clang++
-- C++ flags:            
-- C Flags release:      -O3 -DNDEBUG -Wno-extra-semi-stmt -Wno-extra-semi-stmt 
-- C++ Flags release:    -O3 -DNDEBUG -Wno-extra-semi-stmt -Wno-extra-semi-stmt 
-- Fortran compiler:     /nopt/nrel/apps/cpu_stack/compilers/06-24/linux-rhel8-sapphirerapids/gcc-12.3.0/gcc-13.1.0-bmut2ysomhthj6y7oyc73c3cmxye57am/bin/gfortran 
-- compile definitions:  
-- ------------------------------------------------------------------------
-- Building CAMD version: v3.3.3 (June 20, 2024)
-- Source:           /nopt/nrel/apps/cpu_stack/software/gridkit/src/SuiteSparse-7.8.2 
-- Build:            /nopt/nrel/apps/cpu_stack/software/gridkit/src/SuiteSparse-7.8.2/build 
-- Install lib:      lib64
-- Install include:  include/suitesparse
-- Install bin:      bin
-- Install pkg-file: lib64
-- Install rpath:    $ORIGIN
-- Build   rpath:    
-- Build type:       Release 
-- Fortran:          /nopt/nrel/apps/cpu_stack/compilers/06-24/linux-rhel8-sapphirerapids/gcc-12.3.0/gcc-13.1.0-bmut2ysomhthj6y7oyc73c3cmxye57am/bin/gfortran
-- CUDA:             not found
-- CUDA:             not enabled
-- Skipping the demos in CAMD/Demo
-- ------------------------------------------------------------------------
-- SuiteSparse CMAKE report for: CAMD
-- ------------------------------------------------------------------------
-- build type:           Release
-- BUILD_SHARED_LIBS:    ON
-- BUILD_STATIC_LIBS:    ON
-- C compiler:           /nopt/nrel/apps/cpu_stack/software/gridkit/llvm/16.0.6/bin/clang 
-- C flags:              
-- C++ compiler:         /nopt/nrel/apps/cpu_stack/software/gridkit/llvm/16.0.6/bin/clang++
-- C++ flags:            
-- C Flags release:      -O3 -DNDEBUG -Wno-extra-semi-stmt -Wno-extra-semi-stmt 
-- C++ Flags release:    -O3 -DNDEBUG -Wno-extra-semi-stmt -Wno-extra-semi-stmt 
-- Fortran compiler:     /nopt/nrel/apps/cpu_stack/compilers/06-24/linux-rhel8-sapphirerapids/gcc-12.3.0/gcc-13.1.0-bmut2ysomhthj6y7oyc73c3cmxye57am/bin/gfortran 
-- compile definitions:  
-- ------------------------------------------------------------------------
-- Building CCOLAMD version: v3.3.4 (June 20, 2024)
-- Source:           /nopt/nrel/apps/cpu_stack/software/gridkit/src/SuiteSparse-7.8.2 
-- Build:            /nopt/nrel/apps/cpu_stack/software/gridkit/src/SuiteSparse-7.8.2/build 
-- Install lib:      lib64
-- Install include:  include/suitesparse
-- Install bin:      bin
-- Install pkg-file: lib64
-- Install rpath:    $ORIGIN
-- Build   rpath:    
-- Build type:       Release 
-- Fortran:          /nopt/nrel/apps/cpu_stack/compilers/06-24/linux-rhel8-sapphirerapids/gcc-12.3.0/gcc-13.1.0-bmut2ysomhthj6y7oyc73c3cmxye57am/bin/gfortran
-- CUDA:             not found
-- CUDA:             not enabled
-- Skipping the demos in CCOLAMD/Demo
-- ------------------------------------------------------------------------
-- SuiteSparse CMAKE report for: CCOLAMD
-- ------------------------------------------------------------------------
-- build type:           Release
-- BUILD_SHARED_LIBS:    ON
-- BUILD_STATIC_LIBS:    ON
-- C compiler:           /nopt/nrel/apps/cpu_stack/software/gridkit/llvm/16.0.6/bin/clang 
-- C flags:              
-- C++ compiler:         /nopt/nrel/apps/cpu_stack/software/gridkit/llvm/16.0.6/bin/clang++
-- C++ flags:            
-- C Flags release:      -O3 -DNDEBUG -Wno-extra-semi-stmt -Wno-extra-semi-stmt 
-- C++ Flags release:    -O3 -DNDEBUG -Wno-extra-semi-stmt -Wno-extra-semi-stmt 
-- Fortran compiler:     /nopt/nrel/apps/cpu_stack/compilers/06-24/linux-rhel8-sapphirerapids/gcc-12.3.0/gcc-13.1.0-bmut2ysomhthj6y7oyc73c3cmxye57am/bin/gfortran 
-- compile definitions:  
-- ------------------------------------------------------------------------
-- Building COLAMD version: v3.3.4 (June 20, 2024)
-- Source:           /nopt/nrel/apps/cpu_stack/software/gridkit/src/SuiteSparse-7.8.2 
-- Build:            /nopt/nrel/apps/cpu_stack/software/gridkit/src/SuiteSparse-7.8.2/build 
-- Install lib:      lib64
-- Install include:  include/suitesparse
-- Install bin:      bin
-- Install pkg-file: lib64
-- Install rpath:    $ORIGIN
-- Build   rpath:    
-- Build type:       Release 
-- Fortran:          /nopt/nrel/apps/cpu_stack/compilers/06-24/linux-rhel8-sapphirerapids/gcc-12.3.0/gcc-13.1.0-bmut2ysomhthj6y7oyc73c3cmxye57am/bin/gfortran
-- CUDA:             not found
-- CUDA:             not enabled
-- Skipping the demos in COLAMD/Demo
-- ------------------------------------------------------------------------
-- SuiteSparse CMAKE report for: COLAMD
-- ------------------------------------------------------------------------
-- build type:           Release
-- BUILD_SHARED_LIBS:    ON
-- BUILD_STATIC_LIBS:    ON
-- C compiler:           /nopt/nrel/apps/cpu_stack/software/gridkit/llvm/16.0.6/bin/clang 
-- C flags:              
-- C++ compiler:         /nopt/nrel/apps/cpu_stack/software/gridkit/llvm/16.0.6/bin/clang++
-- C++ flags:            
-- C Flags release:      -O3 -DNDEBUG -Wno-extra-semi-stmt -Wno-extra-semi-stmt 
-- C++ Flags release:    -O3 -DNDEBUG -Wno-extra-semi-stmt -Wno-extra-semi-stmt 
-- Fortran compiler:     /nopt/nrel/apps/cpu_stack/compilers/06-24/linux-rhel8-sapphirerapids/gcc-12.3.0/gcc-13.1.0-bmut2ysomhthj6y7oyc73c3cmxye57am/bin/gfortran 
-- compile definitions:  
-- ------------------------------------------------------------------------
-- Building CHOLMOD version: v5.3.0 (June 20, 2024)
-- Source:           /nopt/nrel/apps/cpu_stack/software/gridkit/src/SuiteSparse-7.8.2 
-- Build:            /nopt/nrel/apps/cpu_stack/software/gridkit/src/SuiteSparse-7.8.2/build 
-- Install lib:      lib64
-- Install include:  include/suitesparse
-- Install bin:      bin
-- Install pkg-file: lib64
-- Install rpath:    $ORIGIN
-- Build   rpath:    
-- Build type:       Release 
-- Fortran:          /nopt/nrel/apps/cpu_stack/compilers/06-24/linux-rhel8-sapphirerapids/gcc-12.3.0/gcc-13.1.0-bmut2ysomhthj6y7oyc73c3cmxye57am/bin/gfortran
-- CUDA:             not found
-- CUDA:             not enabled
-- Looking for sys/types.h
-- Looking for sys/types.h - found
-- Looking for stdint.h
-- Looking for stdint.h - found
-- Looking for stddef.h
-- Looking for stddef.h - found
-- Check size of ssize_t
-- Check size of ssize_t - done
-- CHOLMOD has OpenMP: ON
-- Looking for Intel 32-bit BLAS
-- Could NOT find BLAS (missing: BLAS_LIBRARIES) 
-- Looking for 32-bit Apple BLAS
-- Could NOT find BLAS (missing: BLAS_LIBRARIES) 
-- Looking for ARM 32-bit BLAS
-- Could NOT find BLAS (missing: BLAS_LIBRARIES) 
-- Looking for IBM ESSL 32-bit BLAS
-- Could NOT find BLAS (missing: BLAS_LIBRARIES) 
-- Looking for 32-bit OpenBLAS
-- Could NOT find BLAS (missing: BLAS_LIBRARIES) 
-- Looking for 32-bit FLAME (BLIS) BLAS
-- Could NOT find BLAS (missing: BLAS_LIBRARIES) 
-- Looking for any 32-bit BLAS
-- Found All 32-bit BLAS
-- Looking for Fortran cheev
-- Looking for Fortran cheev - not found
-- Looking for Fortran cheev
-- Looking for Fortran cheev - found
-- Found LAPACK: /nopt/nrel/apps/cpu_stack/libraries-gcc/06-24/linux-rhel8-sapphirerapids/gcc-12.3.0/netlib-lapack-3.11.0-abk4uhd5cyrfnhh67bcdhyt6fulibezx/lib64/liblapack.so;/nopt/nrel/apps/cpu_stack/libraries-gcc/06-24/linux-rhel8-sapphirerapids/gcc-12.3.0/netlib-lapack-3.11.0-abk4uhd5cyrfnhh67bcdhyt6fulibezx/lib64/libblas.so
-- OpenMP C libraries:      /lib64/libomp.so;/lib64/libpthread.so
-- OpenMP C include:        
-- OpenMP C flags:          -fopenmp=libomp
-- LAPACK libraries:    /nopt/nrel/apps/cpu_stack/libraries-gcc/06-24/linux-rhel8-sapphirerapids/gcc-12.3.0/netlib-lapack-3.11.0-abk4uhd5cyrfnhh67bcdhyt6fulibezx/lib64/liblapack.so;/nopt/nrel/apps/cpu_stack/libraries-gcc/06-24/linux-rhel8-sapphirerapids/gcc-12.3.0/netlib-lapack-3.11.0-abk4uhd5cyrfnhh67bcdhyt6fulibezx/lib64/libblas.so
-- LAPACK include:      
-- LAPACK linker flags: 
-- BLAS libraries:      /nopt/nrel/apps/cpu_stack/libraries-gcc/06-24/linux-rhel8-sapphirerapids/gcc-12.3.0/netlib-lapack-3.11.0-abk4uhd5cyrfnhh67bcdhyt6fulibezx/lib64/libblas.so
-- BLAS include:        
-- BLAS linker flags:   
-- ------------------------------------------------------------------------
-- SuiteSparse CMAKE report for: CHOLMOD
-- ------------------------------------------------------------------------
-- build type:           Release
-- BUILD_SHARED_LIBS:    ON
-- BUILD_STATIC_LIBS:    ON
-- C compiler:           /nopt/nrel/apps/cpu_stack/software/gridkit/llvm/16.0.6/bin/clang 
-- C flags:              
-- C++ compiler:         /nopt/nrel/apps/cpu_stack/software/gridkit/llvm/16.0.6/bin/clang++
-- C++ flags:            
-- C Flags release:      -O3 -DNDEBUG -Wno-extra-semi-stmt -Wno-extra-semi-stmt 
-- C++ Flags release:    -O3 -DNDEBUG -Wno-extra-semi-stmt -Wno-extra-semi-stmt 
-- Fortran compiler:     /nopt/nrel/apps/cpu_stack/compilers/06-24/linux-rhel8-sapphirerapids/gcc-12.3.0/gcc-13.1.0-bmut2ysomhthj6y7oyc73c3cmxye57am/bin/gfortran 
-- compile definitions:  BLAS_All
-- BLAS integer:         int32_t
-- ------------------------------------------------------------------------
-- Building LDL version: v3.3.2 (Mar 22, 2024)
-- Source:           /nopt/nrel/apps/cpu_stack/software/gridkit/src/SuiteSparse-7.8.2 
-- Build:            /nopt/nrel/apps/cpu_stack/software/gridkit/src/SuiteSparse-7.8.2/build 
-- Install lib:      lib64
-- Install include:  include/suitesparse
-- Install bin:      bin
-- Install pkg-file: lib64
-- Install rpath:    $ORIGIN
-- Build   rpath:    
-- Build type:       Release 
-- Fortran:          /nopt/nrel/apps/cpu_stack/compilers/06-24/linux-rhel8-sapphirerapids/gcc-12.3.0/gcc-13.1.0-bmut2ysomhthj6y7oyc73c3cmxye57am/bin/gfortran
-- CUDA:             not found
-- CUDA:             not enabled
-- Skipping the demos in LDL/Demo
-- ------------------------------------------------------------------------
-- SuiteSparse CMAKE report for: LDL
-- ------------------------------------------------------------------------
-- build type:           Release
-- BUILD_SHARED_LIBS:    ON
-- BUILD_STATIC_LIBS:    ON
-- C compiler:           /nopt/nrel/apps/cpu_stack/software/gridkit/llvm/16.0.6/bin/clang 
-- C flags:              
-- C++ compiler:         /nopt/nrel/apps/cpu_stack/software/gridkit/llvm/16.0.6/bin/clang++
-- C++ flags:            
-- C Flags release:      -O3 -DNDEBUG -Wno-extra-semi-stmt -Wno-extra-semi-stmt 
-- C++ Flags release:    -O3 -DNDEBUG -Wno-extra-semi-stmt -Wno-extra-semi-stmt 
-- Fortran compiler:     /nopt/nrel/apps/cpu_stack/compilers/06-24/linux-rhel8-sapphirerapids/gcc-12.3.0/gcc-13.1.0-bmut2ysomhthj6y7oyc73c3cmxye57am/bin/gfortran 
-- compile definitions:  
-- ------------------------------------------------------------------------
-- Building KLU version: v2.3.4 (June 20, 2024)
-- Source:           /nopt/nrel/apps/cpu_stack/software/gridkit/src/SuiteSparse-7.8.2 
-- Build:            /nopt/nrel/apps/cpu_stack/software/gridkit/src/SuiteSparse-7.8.2/build 
-- Install lib:      lib64
-- Install include:  include/suitesparse
-- Install bin:      bin
-- Install pkg-file: lib64
-- Install rpath:    $ORIGIN
-- Build   rpath:    
-- Build type:       Release 
-- Fortran:          /nopt/nrel/apps/cpu_stack/compilers/06-24/linux-rhel8-sapphirerapids/gcc-12.3.0/gcc-13.1.0-bmut2ysomhthj6y7oyc73c3cmxye57am/bin/gfortran
-- CUDA:             not found
-- CUDA:             not enabled
-- Using CHOLMOD for addtional pre-ordering options
-- Skipping the demos in KLU/Demo
-- ------------------------------------------------------------------------
-- SuiteSparse CMAKE report for: KLU
-- ------------------------------------------------------------------------
-- build type:           Release
-- BUILD_SHARED_LIBS:    ON
-- BUILD_STATIC_LIBS:    ON
-- C compiler:           /nopt/nrel/apps/cpu_stack/software/gridkit/llvm/16.0.6/bin/clang 
-- C flags:              
-- C++ compiler:         /nopt/nrel/apps/cpu_stack/software/gridkit/llvm/16.0.6/bin/clang++
-- C++ flags:            
-- C Flags release:      -O3 -DNDEBUG -Wno-extra-semi-stmt -Wno-extra-semi-stmt 
-- C++ Flags release:    -O3 -DNDEBUG -Wno-extra-semi-stmt -Wno-extra-semi-stmt 
-- Fortran compiler:     /nopt/nrel/apps/cpu_stack/compilers/06-24/linux-rhel8-sapphirerapids/gcc-12.3.0/gcc-13.1.0-bmut2ysomhthj6y7oyc73c3cmxye57am/bin/gfortran 
-- compile definitions:  
-- ------------------------------------------------------------------------
-- Building UMFPACK version: v6.3.4 (June 20, 2024)
-- Source:           /nopt/nrel/apps/cpu_stack/software/gridkit/src/SuiteSparse-7.8.2 
-- Build:            /nopt/nrel/apps/cpu_stack/software/gridkit/src/SuiteSparse-7.8.2/build 
-- Install lib:      lib64
-- Install include:  include/suitesparse
-- Install bin:      bin
-- Install pkg-file: lib64
-- Install rpath:    $ORIGIN
-- Build   rpath:    
-- Build type:       Release 
-- Fortran:          /nopt/nrel/apps/cpu_stack/compilers/06-24/linux-rhel8-sapphirerapids/gcc-12.3.0/gcc-13.1.0-bmut2ysomhthj6y7oyc73c3cmxye57am/bin/gfortran
-- CUDA:             not found
-- CUDA:             not enabled
-- Looking for Intel 32-bit BLAS
-- Could NOT find BLAS (missing: BLAS_LIBRARIES) 
-- Looking for 32-bit Apple BLAS
-- Could NOT find BLAS (missing: BLAS_LIBRARIES) 
-- Looking for ARM 32-bit BLAS
-- Could NOT find BLAS (missing: BLAS_LIBRARIES) 
-- Looking for IBM ESSL 32-bit BLAS
-- Could NOT find BLAS (missing: BLAS_LIBRARIES) 
-- Looking for 32-bit OpenBLAS
-- Could NOT find BLAS (missing: BLAS_LIBRARIES) 
-- Looking for 32-bit FLAME (BLIS) BLAS
-- Could NOT find BLAS (missing: BLAS_LIBRARIES) 
-- Looking for any 32-bit BLAS
-- Found All 32-bit BLAS
-- Using CHOLMOD for addtional pre-ordering options
-- BLAS libraries:      /nopt/nrel/apps/cpu_stack/libraries-gcc/06-24/linux-rhel8-sapphirerapids/gcc-12.3.0/netlib-lapack-3.11.0-abk4uhd5cyrfnhh67bcdhyt6fulibezx/lib64/libblas.so
-- BLAS include:        
-- BLAS linker flags:   
-- Performing Test HAVE_UNKNOWN_PRAGMAS
-- Performing Test HAVE_UNKNOWN_PRAGMAS - Success
-- Performing Test HAVE_PRAGMA_GCC_IVDEP
-- Performing Test HAVE_PRAGMA_GCC_IVDEP - Failed
-- Performing Test HAVE_PRAGMA_CLANG_LOOP_VECTORIZE
-- Performing Test HAVE_PRAGMA_CLANG_LOOP_VECTORIZE - Success
-- Performing Test HAVE_NO_PASS_FAILED
-- Performing Test HAVE_NO_PASS_FAILED - Success
-- Skipping the demos in UMFPACK/Demo
-- ------------------------------------------------------------------------
-- SuiteSparse CMAKE report for: UMFPACK
-- ------------------------------------------------------------------------
-- build type:           Release
-- BUILD_SHARED_LIBS:    ON
-- BUILD_STATIC_LIBS:    ON
-- C compiler:           /nopt/nrel/apps/cpu_stack/software/gridkit/llvm/16.0.6/bin/clang 
-- C flags:              
-- C++ compiler:         /nopt/nrel/apps/cpu_stack/software/gridkit/llvm/16.0.6/bin/clang++
-- C++ flags:            
-- C Flags release:      -O3 -DNDEBUG -Wno-extra-semi-stmt -Wno-extra-semi-stmt 
-- C++ Flags release:    -O3 -DNDEBUG -Wno-extra-semi-stmt -Wno-extra-semi-stmt 
-- Fortran compiler:     /nopt/nrel/apps/cpu_stack/compilers/06-24/linux-rhel8-sapphirerapids/gcc-12.3.0/gcc-13.1.0-bmut2ysomhthj6y7oyc73c3cmxye57am/bin/gfortran 
-- compile definitions:  BLAS_All
-- BLAS integer:         int32_t
-- ------------------------------------------------------------------------
-- Building RBio version: v4.3.3 (June 20, 2024)
-- Source:           /nopt/nrel/apps/cpu_stack/software/gridkit/src/SuiteSparse-7.8.2 
-- Build:            /nopt/nrel/apps/cpu_stack/software/gridkit/src/SuiteSparse-7.8.2/build 
-- Install lib:      lib64
-- Install include:  include/suitesparse
-- Install bin:      bin
-- Install pkg-file: lib64
-- Install rpath:    $ORIGIN
-- Build   rpath:    
-- Build type:       Release 
-- Fortran:          /nopt/nrel/apps/cpu_stack/compilers/06-24/linux-rhel8-sapphirerapids/gcc-12.3.0/gcc-13.1.0-bmut2ysomhthj6y7oyc73c3cmxye57am/bin/gfortran
-- CUDA:             not found
-- CUDA:             not enabled
-- Skipping the demos in RBio/Demo
-- ------------------------------------------------------------------------
-- SuiteSparse CMAKE report for: RBio
-- ------------------------------------------------------------------------
-- build type:           Release
-- BUILD_SHARED_LIBS:    ON
-- BUILD_STATIC_LIBS:    ON
-- C compiler:           /nopt/nrel/apps/cpu_stack/software/gridkit/llvm/16.0.6/bin/clang 
-- C flags:              
-- C++ compiler:         /nopt/nrel/apps/cpu_stack/software/gridkit/llvm/16.0.6/bin/clang++
-- C++ flags:            
-- C Flags release:      -O3 -DNDEBUG -Wno-extra-semi-stmt -Wno-extra-semi-stmt 
-- C++ Flags release:    -O3 -DNDEBUG -Wno-extra-semi-stmt -Wno-extra-semi-stmt 
-- Fortran compiler:     /nopt/nrel/apps/cpu_stack/compilers/06-24/linux-rhel8-sapphirerapids/gcc-12.3.0/gcc-13.1.0-bmut2ysomhthj6y7oyc73c3cmxye57am/bin/gfortran 
-- compile definitions:  
-- ------------------------------------------------------------------------
-- ------------------------------------------------------------------------
-- SuiteSparse CMAKE report for: SuiteSparse
-- ------------------------------------------------------------------------
-- build type:           Release
-- BUILD_SHARED_LIBS:    ON
-- BUILD_STATIC_LIBS:    ON
-- C compiler:           /nopt/nrel/apps/cpu_stack/software/gridkit/llvm/16.0.6/bin/clang 
-- C flags:              
-- C++ compiler:         /nopt/nrel/apps/cpu_stack/software/gridkit/llvm/16.0.6/bin/clang++
-- C++ flags:            
-- C Flags release:      -O3 -DNDEBUG -Wno-extra-semi-stmt 
-- C++ Flags release:    -O3 -DNDEBUG -Wno-extra-semi-stmt 
-- Fortran compiler:     /nopt/nrel/apps/cpu_stack/compilers/06-24/linux-rhel8-sapphirerapids/gcc-12.3.0/gcc-13.1.0-bmut2ysomhthj6y7oyc73c3cmxye57am/bin/gfortran 
-- compile definitions:  
-- ------------------------------------------------------------------------
-- Configuring done (19.1s)
-- Generating done (0.6s)
-- Build files have been written to: /nopt/nrel/apps/cpu_stack/software/gridkit/src/SuiteSparse-7.8.2/build
[  0%] Building C object SuiteSparse_config/CMakeFiles/SuiteSparseConfig.dir/SuiteSparse_config.c.o
[  0%] Building C object SuiteSparse_config/CMakeFiles/SuiteSparseConfig_static.dir/SuiteSparse_config.c.o
[  0%] Building C object BTF/CMakeFiles/BTF.dir/Source/btf_l_maxtrans.c.o
[  0%] Building C object LDL/CMakeFiles/LDL_static.dir/Source/ldl.c.o
[  0%] Building C object BTF/CMakeFiles/BTF.dir/Source/btf_l_order.c.o
[  0%] Building C object LDL/CMakeFiles/LDL.dir/Source/ldl.c.o
[  0%] Building C object LDL/CMakeFiles/LDL_static.dir/Source/ldll.c.o
[  0%] Building C object BTF/CMakeFiles/BTF_static.dir/Source/btf_l_maxtrans.c.o
[  0%] Building C object BTF/CMakeFiles/BTF.dir/Source/btf_l_strongcomp.c.o
[  0%] Building C object BTF/CMakeFiles/BTF_static.dir/Source/btf_l_order.c.o
[  0%] Building C object LDL/CMakeFiles/LDL.dir/Source/ldll.c.o
[  0%] Building C object BTF/CMakeFiles/BTF.dir/Source/btf_order.c.o
[  0%] Building C object BTF/CMakeFiles/BTF_static.dir/Source/btf_order.c.o
[  0%] Building C object BTF/CMakeFiles/BTF_static.dir/Source/btf_l_strongcomp.c.o
[  0%] Building C object BTF/CMakeFiles/BTF_static.dir/Source/btf_maxtrans.c.o
[  0%] Building C object BTF/CMakeFiles/BTF.dir/Source/btf_maxtrans.c.o
[  0%] Building C object BTF/CMakeFiles/BTF.dir/Source/btf_version.c.o
[  0%] Building C object BTF/CMakeFiles/BTF_static.dir/Source/btf_version.c.o
[  1%] Building C object BTF/CMakeFiles/BTF.dir/Source/btf_strongcomp.c.o
[  1%] Building C object BTF/CMakeFiles/BTF_static.dir/Source/btf_strongcomp.c.o
[  1%] Linking C shared library libsuitesparseconfig.so
[  1%] Linking C static library libsuitesparseconfig.a
[  1%] Built target SuiteSparseConfig_static
[  1%] Building C object CCOLAMD/CMakeFiles/CCOLAMD_static.dir/Source/ccolamd.c.o
[  2%] Building C object CCOLAMD/CMakeFiles/CCOLAMD_static.dir/Source/ccolamd_l.c.o
[  2%] Building C object CCOLAMD/CMakeFiles/CCOLAMD_static.dir/Source/ccolamd_version.c.o
[  2%] Building C object RBio/CMakeFiles/RBio_static.dir/Source/RBio.c.o
[  2%] Building C object COLAMD/CMakeFiles/COLAMD_static.dir/Source/colamd.c.o
[  2%] Building C object RBio/CMakeFiles/RBio_static.dir/Source/RBio_i.c.o
[  2%] Building C object COLAMD/CMakeFiles/COLAMD_static.dir/Source/colamd_version.c.o
[  3%] Building C object COLAMD/CMakeFiles/COLAMD_static.dir/Source/colamd_l.c.o
[  3%] Building C object CAMD/CMakeFiles/CAMD_static.dir/Source/camd_1.c.o
[  4%] Building C object CAMD/CMakeFiles/CAMD_static.dir/Source/camd_2.c.o
[  4%] Building C object CAMD/CMakeFiles/CAMD_static.dir/Source/camd_aat.c.o
[  4%] Building Fortran object AMD/CMakeFiles/AMD_static.dir/Source/amd.f.o
[  4%] Building C object CAMD/CMakeFiles/CAMD_static.dir/Source/camd_control.c.o
[  4%] Building C object AMD/CMakeFiles/AMD_static.dir/Source/amd_1.c.o
[  4%] Building C object CAMD/CMakeFiles/CAMD_static.dir/Source/camd_defaults.c.o
[  4%] Building C object AMD/CMakeFiles/AMD_static.dir/Source/amd_2.c.o
[  4%] Building C object CAMD/CMakeFiles/CAMD_static.dir/Source/camd_dump.c.o
[  4%] Building C object AMD/CMakeFiles/AMD_static.dir/Source/amd_aat.c.o
[  4%] Building C object CAMD/CMakeFiles/CAMD_static.dir/Source/camd_info.c.o
[  4%] Building C object CAMD/CMakeFiles/CAMD_static.dir/Source/camd_l1.c.o
[  4%] Building C object CAMD/CMakeFiles/CAMD_static.dir/Source/camd_l2.c.o
[  4%] Building C object AMD/CMakeFiles/AMD_static.dir/Source/amd_defaults.c.o
[  4%] Building C object CAMD/CMakeFiles/CAMD_static.dir/Source/camd_l_aat.c.o
[  4%] Building C object AMD/CMakeFiles/AMD_static.dir/Source/amd_control.c.o
[  4%] Building C object AMD/CMakeFiles/AMD_static.dir/Source/amd_dump.c.o
[  4%] Building C object AMD/CMakeFiles/AMD_static.dir/Source/amd_info.c.o
[  4%] Building C object CAMD/CMakeFiles/CAMD_static.dir/Source/camd_l_control.c.o
[  4%] Building C object CAMD/CMakeFiles/CAMD_static.dir/Source/camd_l_defaults.c.o
[  4%] Building C object AMD/CMakeFiles/AMD_static.dir/Source/amd_l2.c.o
[  4%] Building C object AMD/CMakeFiles/AMD_static.dir/Source/amd_l1.c.o
[  4%] Building C object AMD/CMakeFiles/AMD_static.dir/Source/amd_l_aat.c.o
[  4%] Building C object CAMD/CMakeFiles/CAMD_static.dir/Source/camd_l_dump.c.o
[  4%] Building C object CAMD/CMakeFiles/CAMD_static.dir/Source/camd_l_info.c.o
[  4%] Building C object AMD/CMakeFiles/AMD_static.dir/Source/amd_l_defaults.c.o
[  4%] Building C object AMD/CMakeFiles/AMD_static.dir/Source/amd_l_control.c.o
[  4%] Building C object CAMD/CMakeFiles/CAMD_static.dir/Source/camd_l_order.c.o
[  4%] Building C object CAMD/CMakeFiles/CAMD_static.dir/Source/camd_l_preprocess.c.o
[  6%] Building C object AMD/CMakeFiles/AMD_static.dir/Source/amd_l_info.c.o
[  6%] Building C object CAMD/CMakeFiles/CAMD_static.dir/Source/camd_l_postorder.c.o
[  6%] Building C object AMD/CMakeFiles/AMD_static.dir/Source/amd_l_dump.c.o
[  6%] Building C object CAMD/CMakeFiles/CAMD_static.dir/Source/camd_l_valid.c.o
[  6%] Building C object AMD/CMakeFiles/AMD_static.dir/Source/amd_l_order.c.o
[  6%] Building C object AMD/CMakeFiles/AMD_static.dir/Source/amd_l_post_tree.c.o
[  6%] Building C object CAMD/CMakeFiles/CAMD_static.dir/Source/camd_order.c.o
[  6%] Building C object AMD/CMakeFiles/AMD_static.dir/Source/amd_l_preprocess.c.o
[  6%] Building C object CAMD/CMakeFiles/CAMD_static.dir/Source/camd_postorder.c.o
[  6%] Building C object CAMD/CMakeFiles/CAMD_static.dir/Source/camd_valid.c.o
[  6%] Building C object CAMD/CMakeFiles/CAMD_static.dir/Source/camd_preprocess.c.o
[  6%] Building C object CAMD/CMakeFiles/CAMD_static.dir/Source/camd_version.c.o
[  6%] Building C object AMD/CMakeFiles/AMD_static.dir/Source/amd_post_tree.c.o
[  6%] Building C object AMD/CMakeFiles/AMD_static.dir/Source/amd_l_valid.c.o
[  6%] Building C object AMD/CMakeFiles/AMD_static.dir/Source/amd_order.c.o
[  6%] Building C object AMD/CMakeFiles/AMD_static.dir/Source/amd_postorder.c.o
[  6%] Building Fortran object AMD/CMakeFiles/AMD_static.dir/Source/amdbar.f.o
[  6%] Building C object AMD/CMakeFiles/AMD_static.dir/Source/amd_preprocess.c.o
[  6%] Building C object AMD/CMakeFiles/AMD_static.dir/Source/amd_version.c.o
[  6%] Building C object AMD/CMakeFiles/AMD_static.dir/Source/amd_l_postorder.c.o
[  6%] Building C object AMD/CMakeFiles/AMD_static.dir/Source/amd_valid.c.o
[  6%] Linking C static library libldl.a
[  6%] Linking C static library libbtf.a
[  6%] Linking C shared library libbtf.so
[  6%] Linking C shared library libldl.so
[  6%] Built target SuiteSparseConfig
[  6%] Built target LDL_static
[  6%] Built target BTF_static
[  6%] Building C object COLAMD/CMakeFiles/COLAMD.dir/Source/colamd.c.o
[  6%] Building C object RBio/CMakeFiles/RBio.dir/Source/RBio.c.o
[  6%] Building C object COLAMD/CMakeFiles/COLAMD.dir/Source/colamd_l.c.o
[  6%] Building C object RBio/CMakeFiles/RBio.dir/Source/RBio_i.c.o
[  6%] Building C object COLAMD/CMakeFiles/COLAMD.dir/Source/colamd_version.c.o
[  6%] Building Fortran object AMD/CMakeFiles/AMD.dir/Source/amd.f.o
[  6%] Building C object CCOLAMD/CMakeFiles/CCOLAMD.dir/Source/ccolamd.c.o
[  6%] Building C object CCOLAMD/CMakeFiles/CCOLAMD.dir/Source/ccolamd_l.c.o
[  6%] Building C object AMD/CMakeFiles/AMD.dir/Source/amd_1.c.o
[  6%] Building C object CCOLAMD/CMakeFiles/CCOLAMD.dir/Source/ccolamd_version.c.o
[  6%] Building C object AMD/CMakeFiles/AMD.dir/Source/amd_2.c.o
[  6%] Building C object AMD/CMakeFiles/AMD.dir/Source/amd_aat.c.o
[  6%] Building C object CAMD/CMakeFiles/CAMD.dir/Source/camd_1.c.o
[  6%] Building C object AMD/CMakeFiles/AMD.dir/Source/amd_control.c.o
[  6%] Building C object AMD/CMakeFiles/AMD.dir/Source/amd_defaults.c.o
[  6%] Building C object CAMD/CMakeFiles/CAMD.dir/Source/camd_aat.c.o
[  6%] Building C object AMD/CMakeFiles/AMD.dir/Source/amd_dump.c.o
[  6%] Building C object CAMD/CMakeFiles/CAMD.dir/Source/camd_2.c.o
[  6%] Building C object CAMD/CMakeFiles/CAMD.dir/Source/camd_control.c.o
[  6%] Building C object CAMD/CMakeFiles/CAMD.dir/Source/camd_defaults.c.o
[  6%] Building C object AMD/CMakeFiles/AMD.dir/Source/amd_info.c.o
[  6%] Building C object CAMD/CMakeFiles/CAMD.dir/Source/camd_dump.c.o
[  6%] Building C object AMD/CMakeFiles/AMD.dir/Source/amd_l2.c.o
[  6%] Building C object CAMD/CMakeFiles/CAMD.dir/Source/camd_info.c.o
[  6%] Building C object AMD/CMakeFiles/AMD.dir/Source/amd_l_aat.c.o
[  6%] Building C object AMD/CMakeFiles/AMD.dir/Source/amd_l_defaults.c.o
[  6%] Building C object CAMD/CMakeFiles/CAMD.dir/Source/camd_l2.c.o
[  6%] Building C object AMD/CMakeFiles/AMD.dir/Source/amd_l_control.c.o
[  6%] Building C object CAMD/CMakeFiles/CAMD.dir/Source/camd_l_control.c.o
[  6%] Building C object AMD/CMakeFiles/AMD.dir/Source/amd_l_info.c.o
[  6%] Building C object CAMD/CMakeFiles/CAMD.dir/Source/camd_l_aat.c.o
[  6%] Building C object CAMD/CMakeFiles/CAMD.dir/Source/camd_l1.c.o
[  6%] Building C object CAMD/CMakeFiles/CAMD.dir/Source/camd_l_info.c.o
[  8%] Building C object AMD/CMakeFiles/AMD.dir/Source/amd_l_valid.c.o
[  8%] Building C object AMD/CMakeFiles/AMD.dir/Source/amd_l_order.c.o
[  8%] Building C object CAMD/CMakeFiles/CAMD.dir/Source/camd_l_defaults.c.o
[  8%] Building C object CAMD/CMakeFiles/CAMD.dir/Source/camd_l_dump.c.o
[  8%] Building C object AMD/CMakeFiles/AMD.dir/Source/amd_l_preprocess.c.o
[  8%] Building C object AMD/CMakeFiles/AMD.dir/Source/amd_l_postorder.c.o
[  8%] Building C object AMD/CMakeFiles/AMD.dir/Source/amd_l1.c.o
[  8%] Building C object AMD/CMakeFiles/AMD.dir/Source/amd_l_dump.c.o
[  8%] Building C object CAMD/CMakeFiles/CAMD.dir/Source/camd_l_order.c.o
[  8%] Building C object AMD/CMakeFiles/AMD.dir/Source/amd_order.c.o
[  8%] Building C object AMD/CMakeFiles/AMD.dir/Source/amd_l_post_tree.c.o
[  8%] Building C object CAMD/CMakeFiles/CAMD.dir/Source/camd_l_postorder.c.o
[  8%] Building C object CAMD/CMakeFiles/CAMD.dir/Source/camd_l_preprocess.c.o
[  8%] Building C object AMD/CMakeFiles/AMD.dir/Source/amd_post_tree.c.o
[  8%] Building C object CAMD/CMakeFiles/CAMD.dir/Source/camd_l_valid.c.o
[  8%] Building C object AMD/CMakeFiles/AMD.dir/Source/amd_postorder.c.o
[  8%] Building C object AMD/CMakeFiles/AMD.dir/Source/amd_preprocess.c.o
[  8%] Building C object AMD/CMakeFiles/AMD.dir/Source/amd_valid.c.o
[  8%] Building C object AMD/CMakeFiles/AMD.dir/Source/amd_version.c.o
[  8%] Building Fortran object AMD/CMakeFiles/AMD.dir/Source/amdbar.f.o
[  8%] Building C object CAMD/CMakeFiles/CAMD.dir/Source/camd_order.c.o
[  8%] Building C object CAMD/CMakeFiles/CAMD.dir/Source/camd_postorder.c.o
[  8%] Linking C static library libcolamd.a
[  8%] Building C object CAMD/CMakeFiles/CAMD.dir/Source/camd_preprocess.c.o
[  8%] Building C object CAMD/CMakeFiles/CAMD.dir/Source/camd_valid.c.o
[  8%] Building C object CAMD/CMakeFiles/CAMD.dir/Source/camd_version.c.o
[  8%] Built target BTF
[  8%] Built target LDL
[  8%] Built target COLAMD_static
[  8%] Linking C static library libccolamd.a
[  9%] Linking C static library librbio.a
[  9%] Built target CCOLAMD_static
[  9%] Built target RBio_static
[ 10%] Linking C static library libamd.a
[ 10%] Linking C static library libcamd.a
[ 10%] Built target AMD_static
[ 10%] Built target CAMD_static
[ 10%] Building C object KLU/CMakeFiles/KLU_static.dir/Source/klu.c.o
[ 11%] Building C object KLU/CMakeFiles/KLU_static.dir/Source/klu_analyze.c.o
[ 11%] Building C object KLU/CMakeFiles/KLU_static.dir/Source/klu_analyze_given.c.o
[ 11%] Building C object KLU/CMakeFiles/KLU_static.dir/Source/klu_defaults.c.o
[ 11%] Building C object KLU/CMakeFiles/KLU_static.dir/Source/klu_diagnostics.c.o
[ 11%] Building C object KLU/CMakeFiles/KLU_static.dir/Source/klu_dump.c.o
[ 11%] Building C object KLU/CMakeFiles/KLU_static.dir/Source/klu_extract.c.o
[ 11%] Building C object KLU/CMakeFiles/KLU_static.dir/Source/klu_factor.c.o
[ 11%] Building C object KLU/CMakeFiles/KLU_static.dir/Source/klu_free_numeric.c.o
[ 11%] Building C object KLU/CMakeFiles/KLU_static.dir/Source/klu_free_symbolic.c.o
[ 11%] Building C object KLU/CMakeFiles/KLU_static.dir/Source/klu_l.c.o
[ 11%] Building C object KLU/CMakeFiles/KLU_static.dir/Source/klu_kernel.c.o
[ 11%] Building C object KLU/CMakeFiles/KLU_static.dir/Source/klu_l_analyze.c.o
[ 11%] Building C object KLU/CMakeFiles/KLU_static.dir/Source/klu_l_defaults.c.o
[ 11%] Building C object KLU/CMakeFiles/KLU_static.dir/Source/klu_l_analyze_given.c.o
[ 12%] Building C object KLU/CMakeFiles/KLU_static.dir/Source/klu_l_dump.c.o
[ 12%] Building C object KLU/CMakeFiles/KLU_static.dir/Source/klu_l_diagnostics.c.o
[ 12%] Building C object KLU/CMakeFiles/KLU_static.dir/Source/klu_l_extract.c.o
[ 12%] Building C object KLU/CMakeFiles/KLU_static.dir/Source/klu_l_factor.c.o
[ 12%] Building C object KLU/CMakeFiles/KLU_static.dir/Source/klu_l_free_numeric.c.o
[ 12%] Building C object KLU/CMakeFiles/KLU_static.dir/Source/klu_l_free_symbolic.c.o
[ 12%] Building C object KLU/CMakeFiles/KLU_static.dir/Source/klu_l_memory.c.o
[ 12%] Building C object KLU/CMakeFiles/KLU_static.dir/Source/klu_l_refactor.c.o
[ 12%] Building C object KLU/CMakeFiles/KLU_static.dir/Source/klu_l_scale.c.o
[ 12%] Building C object KLU/CMakeFiles/KLU_static.dir/Source/klu_l_sort.c.o
[ 12%] Building C object KLU/CMakeFiles/KLU_static.dir/Source/klu_l_tsolve.c.o
[ 12%] Building C object KLU/CMakeFiles/KLU_static.dir/Source/klu_memory.c.o
[ 12%] Building C object KLU/CMakeFiles/KLU_static.dir/Source/klu_l_kernel.c.o
[ 12%] Building C object KLU/CMakeFiles/KLU_static.dir/Source/klu_l_solve.c.o
[ 13%] Building C object KLU/CMakeFiles/KLU_static.dir/Source/klu_sort.c.o
[ 13%] Building C object KLU/CMakeFiles/KLU_static.dir/Source/klu_scale.c.o
[ 13%] Building C object KLU/CMakeFiles/KLU_static.dir/Source/klu_refactor.c.o
[ 13%] Building C object KLU/CMakeFiles/KLU_static.dir/Source/klu_tsolve.c.o
[ 13%] Building C object KLU/CMakeFiles/KLU_static.dir/Source/klu_solve.c.o
[ 13%] Building C object KLU/CMakeFiles/KLU_static.dir/Source/klu_z.c.o
[ 13%] Building C object KLU/CMakeFiles/KLU_static.dir/Source/klu_version.c.o
[ 13%] Building C object KLU/CMakeFiles/KLU_static.dir/Source/klu_z_diagnostics.c.o
[ 13%] Building C object KLU/CMakeFiles/KLU_static.dir/Source/klu_z_dump.c.o
[ 13%] Building C object KLU/CMakeFiles/KLU_static.dir/Source/klu_z_extract.c.o
[ 13%] Building C object KLU/CMakeFiles/KLU_static.dir/Source/klu_z_free_numeric.c.o
[ 13%] Building C object KLU/CMakeFiles/KLU_static.dir/Source/klu_z_factor.c.o
[ 13%] Building C object KLU/CMakeFiles/KLU_static.dir/Source/klu_z_solve.c.o
[ 13%] Building C object KLU/CMakeFiles/KLU_static.dir/Source/klu_z_refactor.c.o
[ 13%] Building C object KLU/CMakeFiles/KLU_static.dir/Source/klu_z_sort.c.o
[ 14%] Building C object KLU/CMakeFiles/KLU_static.dir/Source/klu_zl.c.o
[ 14%] Building C object KLU/CMakeFiles/KLU_static.dir/Source/klu_zl_extract.c.o
[ 14%] Building C object KLU/CMakeFiles/KLU_static.dir/Source/klu_z_scale.c.o
[ 14%] Building C object KLU/CMakeFiles/KLU_static.dir/Source/klu_zl_dump.c.o
[ 14%] Building C object KLU/CMakeFiles/KLU_static.dir/Source/klu_z_tsolve.c.o
[ 14%] Building C object KLU/CMakeFiles/KLU_static.dir/Source/klu_zl_diagnostics.c.o
[ 14%] Building C object KLU/CMakeFiles/KLU_static.dir/Source/klu_z_kernel.c.o
[ 14%] Building C object CHOLMOD/CMakeFiles/CHOLMOD_static.dir/Check/cholmod_check.c.o
[ 14%] Building C object CHOLMOD/CMakeFiles/CHOLMOD_static.dir/Check/cholmod_l_check.c.o
[ 14%] Building C object CHOLMOD/CMakeFiles/CHOLMOD_static.dir/Check/cholmod_l_write.c.o
[ 14%] Building C object CHOLMOD/CMakeFiles/CHOLMOD_static.dir/Check/cholmod_l_read.c.o
[ 14%] Building C object KLU/CMakeFiles/KLU_static.dir/Source/klu_zl_free_numeric.c.o
[ 14%] Building C object KLU/CMakeFiles/KLU_static.dir/Source/klu_zl_refactor.c.o
[ 14%] Building C object CHOLMOD/CMakeFiles/CHOLMOD_static.dir/Check/cholmod_write.c.o
[ 14%] Building C object KLU/CMakeFiles/KLU_static.dir/Source/klu_zl_solve.c.o
[ 14%] Building C object CHOLMOD/CMakeFiles/CHOLMOD_static.dir/Cholesky/cholmod_amd.c.o
[ 14%] Building C object KLU/CMakeFiles/KLU_static.dir/Source/klu_zl_factor.c.o
[ 14%] Building C object KLU/CMakeFiles/KLU_static.dir/Source/klu_zl_tsolve.c.o
[ 14%] Building C object KLU/CMakeFiles/KLU_static.dir/Source/klu_zl_kernel.c.o
[ 14%] Building C object KLU/CMakeFiles/KLU_static.dir/Source/klu_zl_scale.c.o
[ 14%] Building C object CHOLMOD/CMakeFiles/CHOLMOD_static.dir/Check/cholmod_read.c.o
[ 15%] Building C object KLU/CMakeFiles/KLU_static.dir/Source/klu_zl_sort.c.o
[ 15%] Building C object CHOLMOD/CMakeFiles/CHOLMOD_static.dir/Cholesky/cholmod_analyze.c.o
[ 16%] Building C object CHOLMOD/CMakeFiles/CHOLMOD_static.dir/Cholesky/cholmod_colamd.c.o
[ 16%] Building C object CHOLMOD/CMakeFiles/CHOLMOD_static.dir/Cholesky/cholmod_etree.c.o
[ 16%] Building C object CHOLMOD/CMakeFiles/CHOLMOD_static.dir/Cholesky/cholmod_factorize.c.o
[ 16%] Linking C shared library libcolamd.so
[ 16%] Building C object CHOLMOD/CMakeFiles/CHOLMOD_static.dir/Cholesky/cholmod_l_amd.c.o
[ 16%] Building C object CHOLMOD/CMakeFiles/CHOLMOD_static.dir/Cholesky/cholmod_l_analyze.c.o
[ 16%] Building C object CHOLMOD/CMakeFiles/CHOLMOD_static.dir/Cholesky/cholmod_l_colamd.c.o
[ 16%] Building C object CHOLMOD/CMakeFiles/CHOLMOD_static.dir/Cholesky/cholmod_l_postorder.c.o
[ 16%] Building C object CHOLMOD/CMakeFiles/CHOLMOD_static.dir/Cholesky/cholmod_l_rcond.c.o
[ 16%] Building C object CHOLMOD/CMakeFiles/CHOLMOD_static.dir/Cholesky/cholmod_l_factorize.c.o
[ 16%] Building C object CHOLMOD/CMakeFiles/CHOLMOD_static.dir/Cholesky/cholmod_l_etree.c.o
[ 16%] Building C object CHOLMOD/CMakeFiles/CHOLMOD_static.dir/Cholesky/cholmod_l_rowcolcounts.c.o
[ 16%] Building C object CHOLMOD/CMakeFiles/CHOLMOD_static.dir/Cholesky/cholmod_l_resymbol.c.o
[ 16%] Building C object CHOLMOD/CMakeFiles/CHOLMOD_static.dir/Cholesky/cholmod_l_rowfac.c.o
[ 17%] Building C object CHOLMOD/CMakeFiles/CHOLMOD_static.dir/Cholesky/cholmod_l_solve.c.o
[ 17%] Building C object CHOLMOD/CMakeFiles/CHOLMOD_static.dir/Cholesky/cholmod_l_spsolve.c.o
[ 17%] Building C object CHOLMOD/CMakeFiles/CHOLMOD_static.dir/Cholesky/cholmod_resymbol.c.o
[ 17%] Building C object CHOLMOD/CMakeFiles/CHOLMOD_static.dir/Cholesky/cholmod_rcond.c.o
[ 17%] Building C object CHOLMOD/CMakeFiles/CHOLMOD_static.dir/Cholesky/cholmod_postorder.c.o
[ 17%] Building C object CHOLMOD/CMakeFiles/CHOLMOD_static.dir/Cholesky/cholmod_rowfac.c.o
[ 17%] Building C object CHOLMOD/CMakeFiles/CHOLMOD_static.dir/Cholesky/cholmod_rowcolcounts.c.o
[ 17%] Building C object CHOLMOD/CMakeFiles/CHOLMOD_static.dir/Cholesky/cholmod_solve.c.o
[ 17%] Building C object CHOLMOD/CMakeFiles/CHOLMOD_static.dir/Cholesky/cholmod_spsolve.c.o
[ 17%] Linking C shared library librbio.so
[ 17%] Building C object CHOLMOD/CMakeFiles/CHOLMOD_static.dir/MatrixOps/cholmod_drop.c.o
[ 17%] Building C object CHOLMOD/CMakeFiles/CHOLMOD_static.dir/MatrixOps/cholmod_horzcat.c.o
[ 17%] Building C object CHOLMOD/CMakeFiles/CHOLMOD_static.dir/MatrixOps/cholmod_l_drop.c.o
[ 17%] Linking C shared library libccolamd.so
[ 17%] Building C object CHOLMOD/CMakeFiles/CHOLMOD_static.dir/MatrixOps/cholmod_l_horzcat.c.o
[ 17%] Building C object CHOLMOD/CMakeFiles/CHOLMOD_static.dir/MatrixOps/cholmod_l_norm.c.o
[ 17%] Building C object CHOLMOD/CMakeFiles/CHOLMOD_static.dir/MatrixOps/cholmod_l_scale.c.o
[ 18%] Linking C shared library libamd.so
[ 19%] Building C object CHOLMOD/CMakeFiles/CHOLMOD_static.dir/MatrixOps/cholmod_l_sdmult.c.o
[ 19%] Building C object CHOLMOD/CMakeFiles/CHOLMOD_static.dir/MatrixOps/cholmod_l_ssmult.c.o
[ 19%] Building C object CHOLMOD/CMakeFiles/CHOLMOD_static.dir/MatrixOps/cholmod_l_submatrix.c.o
[ 19%] Building C object CHOLMOD/CMakeFiles/CHOLMOD_static.dir/MatrixOps/cholmod_l_symmetry.c.o
[ 19%] Linking C shared library libcamd.so
[ 19%] Building C object CHOLMOD/CMakeFiles/CHOLMOD_static.dir/MatrixOps/cholmod_l_vertcat.c.o
[ 19%] Building C object CHOLMOD/CMakeFiles/CHOLMOD_static.dir/MatrixOps/cholmod_norm.c.o
[ 19%] Building C object CHOLMOD/CMakeFiles/CHOLMOD_static.dir/MatrixOps/cholmod_scale.c.o
[ 19%] Building C object CHOLMOD/CMakeFiles/CHOLMOD_static.dir/MatrixOps/cholmod_sdmult.c.o
[ 19%] Building C object CHOLMOD/CMakeFiles/CHOLMOD_static.dir/MatrixOps/cholmod_ssmult.c.o
[ 19%] Building C object CHOLMOD/CMakeFiles/CHOLMOD_static.dir/MatrixOps/cholmod_submatrix.c.o
[ 19%] Building C object CHOLMOD/CMakeFiles/CHOLMOD_static.dir/MatrixOps/cholmod_symmetry.c.o
[ 19%] Building C object CHOLMOD/CMakeFiles/CHOLMOD_static.dir/MatrixOps/cholmod_vertcat.c.o
[ 19%] Building C object CHOLMOD/CMakeFiles/CHOLMOD_static.dir/Modify/cholmod_l_rowadd.c.o
[ 19%] Building C object CHOLMOD/CMakeFiles/CHOLMOD_static.dir/Modify/cholmod_l_rowdel.c.o
[ 20%] Building C object CHOLMOD/CMakeFiles/CHOLMOD_static.dir/Modify/cholmod_l_updown.c.o
[ 20%] Building C object CHOLMOD/CMakeFiles/CHOLMOD_static.dir/Modify/cholmod_rowadd.c.o
[ 20%] Building C object CHOLMOD/CMakeFiles/CHOLMOD_static.dir/Modify/cholmod_rowdel.c.o
[ 20%] Building C object CHOLMOD/CMakeFiles/CHOLMOD_static.dir/Modify/cholmod_updown.c.o
[ 20%] Building C object CHOLMOD/CMakeFiles/CHOLMOD_static.dir/Partition/cholmod_camd.c.o
[ 20%] Building C object CHOLMOD/CMakeFiles/CHOLMOD_static.dir/Partition/cholmod_ccolamd.c.o
[ 20%] Built target CCOLAMD
[ 20%] Built target RBio
[ 20%] Built target COLAMD
[ 20%] Building C object CHOLMOD/CMakeFiles/CHOLMOD_static.dir/Partition/cholmod_csymamd.c.o
[ 20%] Building C object CHOLMOD/CMakeFiles/CHOLMOD_static.dir/Partition/cholmod_l_camd.c.o
[ 20%] Building C object CHOLMOD/CMakeFiles/CHOLMOD_static.dir/Partition/cholmod_l_ccolamd.c.o
[ 20%] Building C object CHOLMOD/CMakeFiles/CHOLMOD_static.dir/Partition/cholmod_l_csymamd.c.o
[ 20%] Building C object CHOLMOD/CMakeFiles/CHOLMOD_static.dir/Partition/cholmod_l_metis.c.o
[ 20%] Building C object CHOLMOD/CMakeFiles/CHOLMOD_static.dir/Partition/cholmod_l_nesdis.c.o
[ 20%] Building C object CHOLMOD/CMakeFiles/CHOLMOD_static.dir/Partition/cholmod_metis.c.o
[ 20%] Building C object CHOLMOD/CMakeFiles/CHOLMOD_static.dir/Partition/cholmod_metis_wrapper.c.o
[ 21%] Building C object CHOLMOD/CMakeFiles/CHOLMOD_static.dir/Partition/cholmod_nesdis.c.o
[ 21%] Building C object CHOLMOD/CMakeFiles/CHOLMOD_static.dir/Supernodal/cholmod_l_super_numeric.c.o
[ 21%] Building C object CHOLMOD/CMakeFiles/CHOLMOD_static.dir/Supernodal/cholmod_l_super_solve.c.o
[ 21%] Building C object CHOLMOD/CMakeFiles/CHOLMOD_static.dir/Supernodal/cholmod_l_super_symbolic.c.o
[ 21%] Building C object CHOLMOD/CMakeFiles/CHOLMOD_static.dir/Supernodal/cholmod_super_numeric.c.o
[ 21%] Building C object CHOLMOD/CMakeFiles/CHOLMOD_static.dir/Supernodal/cholmod_super_solve.c.o
[ 21%] Building C object CHOLMOD/CMakeFiles/CHOLMOD_static.dir/Supernodal/cholmod_super_symbolic.c.o
[ 21%] Building C object CHOLMOD/CMakeFiles/CHOLMOD_static.dir/Utility/cholmod_aat.c.o
[ 21%] Building C object CHOLMOD/CMakeFiles/CHOLMOD_static.dir/Utility/cholmod_add.c.o
[ 21%] Building C object CHOLMOD/CMakeFiles/CHOLMOD_static.dir/Utility/cholmod_add_size_t.c.o
[ 21%] Building C object CHOLMOD/CMakeFiles/CHOLMOD_static.dir/Utility/cholmod_alloc_factor.c.o
[ 21%] Building C object CHOLMOD/CMakeFiles/CHOLMOD_static.dir/Utility/cholmod_alloc_work.c.o
[ 21%] Building C object CHOLMOD/CMakeFiles/CHOLMOD_static.dir/Utility/cholmod_allocate_dense.c.o
[ 21%] Building C object CHOLMOD/CMakeFiles/CHOLMOD_static.dir/Utility/cholmod_allocate_factor.c.o
[ 22%] Building C object CHOLMOD/CMakeFiles/CHOLMOD_static.dir/Utility/cholmod_allocate_sparse.c.o
[ 22%] Building C object CHOLMOD/CMakeFiles/CHOLMOD_static.dir/Utility/cholmod_allocate_triplet.c.o
[ 22%] Building C object CHOLMOD/CMakeFiles/CHOLMOD_static.dir/Utility/cholmod_allocate_work.c.o
[ 22%] Building C object CHOLMOD/CMakeFiles/CHOLMOD_static.dir/Utility/cholmod_band.c.o
[ 22%] Building C object CHOLMOD/CMakeFiles/CHOLMOD_static.dir/Utility/cholmod_band_nnz.c.o
[ 22%] Building C object CHOLMOD/CMakeFiles/CHOLMOD_static.dir/Utility/cholmod_calloc.c.o
[ 22%] Building C object CHOLMOD/CMakeFiles/CHOLMOD_static.dir/Utility/cholmod_change_factor.c.o
[ 22%] Building C object CHOLMOD/CMakeFiles/CHOLMOD_static.dir/Utility/cholmod_clear_flag.c.o
[ 22%] Building C object CHOLMOD/CMakeFiles/CHOLMOD_static.dir/Utility/cholmod_copy.c.o
[ 22%] Building C object CHOLMOD/CMakeFiles/CHOLMOD_static.dir/Utility/cholmod_copy_dense.c.o
[ 22%] Building C object CHOLMOD/CMakeFiles/CHOLMOD_static.dir/Utility/cholmod_copy_dense2.c.o
[ 22%] Building C object CHOLMOD/CMakeFiles/CHOLMOD_static.dir/Utility/cholmod_copy_factor.c.o
[ 22%] Building C object CHOLMOD/CMakeFiles/CHOLMOD_static.dir/Utility/cholmod_copy_sparse.c.o
[ 22%] Building C object CHOLMOD/CMakeFiles/CHOLMOD_static.dir/Utility/cholmod_copy_triplet.c.o
[ 23%] Building C object CHOLMOD/CMakeFiles/CHOLMOD_static.dir/Utility/cholmod_cumsum.c.o
[ 23%] Building C object CHOLMOD/CMakeFiles/CHOLMOD_static.dir/Utility/cholmod_defaults.c.o
[ 23%] Building C object CHOLMOD/CMakeFiles/CHOLMOD_static.dir/Utility/cholmod_dbound.c.o
[ 23%] Building C object CHOLMOD/CMakeFiles/CHOLMOD_static.dir/Utility/cholmod_dense_nnz.c.o
[ 23%] Building C object CHOLMOD/CMakeFiles/CHOLMOD_static.dir/Utility/cholmod_dense_to_sparse.c.o
[ 23%] Building C object CHOLMOD/CMakeFiles/CHOLMOD_static.dir/Utility/cholmod_divcomplex.c.o
[ 23%] Building C object CHOLMOD/CMakeFiles/CHOLMOD_static.dir/Utility/cholmod_ensure_dense.c.o
[ 23%] Building C object CHOLMOD/CMakeFiles/CHOLMOD_static.dir/Utility/cholmod_error.c.o
[ 23%] Building C object CHOLMOD/CMakeFiles/CHOLMOD_static.dir/Utility/cholmod_eye.c.o
[ 23%] Building C object CHOLMOD/CMakeFiles/CHOLMOD_static.dir/Utility/cholmod_finish.c.o
[ 23%] Building C object CHOLMOD/CMakeFiles/CHOLMOD_static.dir/Utility/cholmod_free.c.o
[ 23%] Building C object CHOLMOD/CMakeFiles/CHOLMOD_static.dir/Utility/cholmod_factor_to_sparse.c.o
[ 23%] Building C object CHOLMOD/CMakeFiles/CHOLMOD_static.dir/Utility/cholmod_free_dense.c.o
[ 23%] Building C object CHOLMOD/CMakeFiles/CHOLMOD_static.dir/Utility/cholmod_free_factor.c.o
[ 24%] Building C object CHOLMOD/CMakeFiles/CHOLMOD_static.dir/Utility/cholmod_free_work.c.o
[ 24%] Building C object CHOLMOD/CMakeFiles/CHOLMOD_static.dir/Utility/cholmod_free_triplet.c.o
[ 24%] Building C object CHOLMOD/CMakeFiles/CHOLMOD_static.dir/Utility/cholmod_free_sparse.c.o
[ 24%] Building C object CHOLMOD/CMakeFiles/CHOLMOD_static.dir/Utility/cholmod_hypot.c.o
[ 24%] Building C object CHOLMOD/CMakeFiles/CHOLMOD_static.dir/Utility/cholmod_l_aat.c.o
[ 24%] Building C object CHOLMOD/CMakeFiles/CHOLMOD_static.dir/Utility/cholmod_l_add.c.o
[ 24%] Building C object CHOLMOD/CMakeFiles/CHOLMOD_static.dir/Utility/cholmod_l_add_size_t.c.o
[ 24%] Building C object CHOLMOD/CMakeFiles/CHOLMOD_static.dir/Utility/cholmod_l_alloc_factor.c.o
[ 24%] Building C object CHOLMOD/CMakeFiles/CHOLMOD_static.dir/Utility/cholmod_l_alloc_work.c.o
[ 24%] Linking C static library libklu.a
[ 24%] Building C object CHOLMOD/CMakeFiles/CHOLMOD_static.dir/Utility/cholmod_l_allocate_dense.c.o
[ 24%] Building C object CHOLMOD/CMakeFiles/CHOLMOD_static.dir/Utility/cholmod_l_allocate_factor.c.o
[ 24%] Building C object CHOLMOD/CMakeFiles/CHOLMOD_static.dir/Utility/cholmod_l_allocate_sparse.c.o
[ 24%] Building C object CHOLMOD/CMakeFiles/CHOLMOD_static.dir/Utility/cholmod_l_allocate_triplet.c.o
[ 24%] Building C object CHOLMOD/CMakeFiles/CHOLMOD_static.dir/Utility/cholmod_l_allocate_work.c.o
[ 24%] Built target AMD
[ 25%] Building C object CHOLMOD/CMakeFiles/CHOLMOD_static.dir/Utility/cholmod_l_band.c.o
[ 25%] Building C object CHOLMOD/CMakeFiles/CHOLMOD_static.dir/Utility/cholmod_l_band_nnz.c.o
[ 25%] Building C object CHOLMOD/CMakeFiles/CHOLMOD_static.dir/Utility/cholmod_l_calloc.c.o
[ 25%] Building C object CHOLMOD/CMakeFiles/CHOLMOD_static.dir/Utility/cholmod_l_change_factor.c.o
[ 25%] Building C object KLU/CMakeFiles/KLU.dir/Source/klu.c.o
[ 25%] Building C object CHOLMOD/CMakeFiles/CHOLMOD_static.dir/Utility/cholmod_l_clear_flag.c.o
[ 25%] Building C object CHOLMOD/CMakeFiles/CHOLMOD_static.dir/Utility/cholmod_l_copy.c.o
[ 25%] Building C object CHOLMOD/CMakeFiles/CHOLMOD_static.dir/Utility/cholmod_l_copy_dense.c.o
[ 25%] Built target KLU_static
[ 25%] Building C object CHOLMOD/CMakeFiles/CHOLMOD_static.dir/Utility/cholmod_l_copy_dense2.c.o
[ 25%] Building C object CHOLMOD/CMakeFiles/CHOLMOD_static.dir/Utility/cholmod_l_copy_factor.c.o
[ 25%] Building C object CHOLMOD/CMakeFiles/CHOLMOD_static.dir/Utility/cholmod_l_copy_sparse.c.o
[ 25%] Building C object CHOLMOD/CMakeFiles/CHOLMOD_static.dir/Utility/cholmod_l_copy_triplet.c.o
[ 25%] Building C object CHOLMOD/CMakeFiles/CHOLMOD_static.dir/Utility/cholmod_l_cumsum.c.o
[ 25%] Building C object CHOLMOD/CMakeFiles/CHOLMOD_static.dir/Utility/cholmod_l_dbound.c.o
[ 25%] Building C object CHOLMOD/CMakeFiles/CHOLMOD_static.dir/Utility/cholmod_l_defaults.c.o
[ 26%] Building C object CHOLMOD/CMakeFiles/CHOLMOD_static.dir/Utility/cholmod_l_dense_nnz.c.o
[ 26%] Built target CAMD
[ 26%] Building C object CHOLMOD/CMakeFiles/CHOLMOD.dir/Check/cholmod_check.c.o
[ 26%] Building C object CHOLMOD/CMakeFiles/CHOLMOD_static.dir/Utility/cholmod_l_dense_to_sparse.c.o
[ 26%] Building C object CHOLMOD/CMakeFiles/CHOLMOD_static.dir/Utility/cholmod_l_divcomplex.c.o
[ 26%] Building C object CHOLMOD/CMakeFiles/CHOLMOD_static.dir/Utility/cholmod_l_ensure_dense.c.o
[ 26%] Building C object CHOLMOD/CMakeFiles/CHOLMOD_static.dir/Utility/cholmod_l_error.c.o
[ 26%] Building C object CHOLMOD/CMakeFiles/CHOLMOD_static.dir/Utility/cholmod_l_eye.c.o
[ 26%] Building C object CHOLMOD/CMakeFiles/CHOLMOD_static.dir/Utility/cholmod_l_factor_to_sparse.c.o
[ 26%] Building C object CHOLMOD/CMakeFiles/CHOLMOD_static.dir/Utility/cholmod_l_finish.c.o
[ 26%] Building C object CHOLMOD/CMakeFiles/CHOLMOD_static.dir/Utility/cholmod_l_free.c.o
[ 26%] Building C object CHOLMOD/CMakeFiles/CHOLMOD_static.dir/Utility/cholmod_l_free_dense.c.o
[ 26%] Building C object CHOLMOD/CMakeFiles/CHOLMOD_static.dir/Utility/cholmod_l_free_factor.c.o
[ 26%] Building C object CHOLMOD/CMakeFiles/CHOLMOD_static.dir/Utility/cholmod_l_free_sparse.c.o
[ 26%] Building C object CHOLMOD/CMakeFiles/CHOLMOD_static.dir/Utility/cholmod_l_free_triplet.c.o
[ 26%] Building C object CHOLMOD/CMakeFiles/CHOLMOD_static.dir/Utility/cholmod_l_free_work.c.o
[ 27%] Building C object CHOLMOD/CMakeFiles/CHOLMOD_static.dir/Utility/cholmod_l_hypot.c.o
[ 27%] Building C object CHOLMOD/CMakeFiles/CHOLMOD_static.dir/Utility/cholmod_l_malloc.c.o
[ 27%] Building C object CHOLMOD/CMakeFiles/CHOLMOD_static.dir/Utility/cholmod_l_maxrank.c.o
[ 27%] Building C object CHOLMOD/CMakeFiles/CHOLMOD_static.dir/Utility/cholmod_l_mult_size_t.c.o
[ 27%] Building C object CHOLMOD/CMakeFiles/CHOLMOD_static.dir/Utility/cholmod_l_nnz.c.o
[ 27%] Building C object CHOLMOD/CMakeFiles/CHOLMOD_static.dir/Utility/cholmod_l_pack_factor.c.o
[ 27%] Building C object CHOLMOD/CMakeFiles/CHOLMOD_static.dir/Utility/cholmod_l_ptranspose.c.o
[ 27%] Building C object CHOLMOD/CMakeFiles/CHOLMOD_static.dir/Utility/cholmod_l_ones.c.o
[ 27%] Building C object CHOLMOD/CMakeFiles/CHOLMOD_static.dir/Utility/cholmod_l_query.c.o
[ 27%] Building C object CHOLMOD/CMakeFiles/CHOLMOD_static.dir/Utility/cholmod_l_realloc.c.o
[ 27%] Building C object CHOLMOD/CMakeFiles/CHOLMOD.dir/Check/cholmod_l_check.c.o
[ 27%] Building C object CHOLMOD/CMakeFiles/CHOLMOD_static.dir/Utility/cholmod_l_realloc_multiple.c.o
[ 27%] Building C object CHOLMOD/CMakeFiles/CHOLMOD_static.dir/Utility/cholmod_l_reallocate_column.c.o
[ 27%] Building C object CHOLMOD/CMakeFiles/CHOLMOD_static.dir/Utility/cholmod_l_reallocate_factor.c.o
[ 27%] Building C object CHOLMOD/CMakeFiles/CHOLMOD_static.dir/Utility/cholmod_l_reallocate_sparse.c.o
[ 28%] Building C object CHOLMOD/CMakeFiles/CHOLMOD_static.dir/Utility/cholmod_l_reallocate_triplet.c.o
[ 28%] Building C object CHOLMOD/CMakeFiles/CHOLMOD.dir/Check/cholmod_l_read.c.o
[ 28%] Building C object CHOLMOD/CMakeFiles/CHOLMOD.dir/Check/cholmod_l_write.c.o
[ 28%] Building C object CHOLMOD/CMakeFiles/CHOLMOD_static.dir/Utility/cholmod_l_sbound.c.o
[ 28%] Building C object CHOLMOD/CMakeFiles/CHOLMOD_static.dir/Utility/cholmod_l_score_comp.c.o
[ 28%] Building C object CHOLMOD/CMakeFiles/CHOLMOD_static.dir/Utility/cholmod_l_set_empty.c.o
[ 28%] Building C object CHOLMOD/CMakeFiles/CHOLMOD_static.dir/Utility/cholmod_l_sort.c.o
[ 28%] Building C object CHOLMOD/CMakeFiles/CHOLMOD_static.dir/Utility/cholmod_l_sparse_to_dense.c.o
[ 28%] Building C object CHOLMOD/CMakeFiles/CHOLMOD_static.dir/Utility/cholmod_l_sparse_to_triplet.c.o
[ 28%] Building C object CHOLMOD/CMakeFiles/CHOLMOD_static.dir/Utility/cholmod_l_speye.c.o
[ 28%] Building C object CHOLMOD/CMakeFiles/CHOLMOD_static.dir/Utility/cholmod_l_spzeros.c.o
[ 28%] Building C object CHOLMOD/CMakeFiles/CHOLMOD_static.dir/Utility/cholmod_l_start.c.o
[ 28%] Building C object CHOLMOD/CMakeFiles/CHOLMOD_static.dir/Utility/cholmod_l_transpose.c.o
[ 28%] Building C object CHOLMOD/CMakeFiles/CHOLMOD_static.dir/Utility/cholmod_l_transpose_sym.c.o
[ 28%] Building C object CHOLMOD/CMakeFiles/CHOLMOD_static.dir/Utility/cholmod_l_transpose_unsym.c.o
[ 28%] Building C object KLU/CMakeFiles/KLU.dir/Source/klu_defaults.c.o
[ 28%] Building C object KLU/CMakeFiles/KLU.dir/Source/klu_analyze.c.o
[ 28%] Building C object CHOLMOD/CMakeFiles/CHOLMOD.dir/Check/cholmod_read.c.o
[ 28%] Building C object KLU/CMakeFiles/KLU.dir/Source/klu_analyze_given.c.o
[ 28%] Building C object CHOLMOD/CMakeFiles/CHOLMOD.dir/Check/cholmod_write.c.o
[ 28%] Building C object CHOLMOD/CMakeFiles/CHOLMOD_static.dir/Utility/cholmod_l_triplet_to_sparse.c.o
[ 29%] Building C object CHOLMOD/CMakeFiles/CHOLMOD_static.dir/Utility/cholmod_l_version.c.o
[ 29%] Building C object CHOLMOD/CMakeFiles/CHOLMOD.dir/Cholesky/cholmod_amd.c.o
[ 29%] Building C object CHOLMOD/CMakeFiles/CHOLMOD_static.dir/Utility/cholmod_l_xtype.c.o
[ 29%] Building C object CHOLMOD/CMakeFiles/CHOLMOD_static.dir/Utility/cholmod_l_zeros.c.o
[ 29%] Building C object CHOLMOD/CMakeFiles/CHOLMOD_static.dir/Utility/cholmod_malloc.c.o
[ 29%] Building C object CHOLMOD/CMakeFiles/CHOLMOD_static.dir/Utility/cholmod_maxrank.c.o
[ 29%] Building C object CHOLMOD/CMakeFiles/CHOLMOD_static.dir/Utility/cholmod_memdebug.c.o
[ 29%] Building C object CHOLMOD/CMakeFiles/CHOLMOD_static.dir/Utility/cholmod_mult_uint64_t.c.o
[ 29%] Building C object CHOLMOD/CMakeFiles/CHOLMOD_static.dir/Utility/cholmod_mult_size_t.c.o
[ 29%] Building C object CHOLMOD/CMakeFiles/CHOLMOD_static.dir/Utility/cholmod_nnz.c.o
[ 29%] Building C object CHOLMOD/CMakeFiles/CHOLMOD_static.dir/Utility/cholmod_ones.c.o
[ 29%] Building C object CHOLMOD/CMakeFiles/CHOLMOD_static.dir/Utility/cholmod_pack_factor.c.o
[ 29%] Building C object CHOLMOD/CMakeFiles/CHOLMOD_static.dir/Utility/cholmod_ptranspose.c.o
[ 29%] Building C object CHOLMOD/CMakeFiles/CHOLMOD_static.dir/Utility/cholmod_query.c.o
[ 29%] Building C object CHOLMOD/CMakeFiles/CHOLMOD_static.dir/Utility/cholmod_realloc.c.o
[ 29%] Building C object CHOLMOD/CMakeFiles/CHOLMOD.dir/Cholesky/cholmod_analyze.c.o
[ 29%] Building C object KLU/CMakeFiles/KLU.dir/Source/klu_diagnostics.c.o
[ 30%] Building C object CHOLMOD/CMakeFiles/CHOLMOD_static.dir/Utility/cholmod_realloc_multiple.c.o
[ 30%] Building C object KLU/CMakeFiles/KLU.dir/Source/klu_dump.c.o
[ 30%] Building C object CHOLMOD/CMakeFiles/CHOLMOD_static.dir/Utility/cholmod_reallocate_column.c.o
[ 30%] Building C object CHOLMOD/CMakeFiles/CHOLMOD_static.dir/Utility/cholmod_reallocate_factor.c.o
[ 30%] Building C object KLU/CMakeFiles/KLU.dir/Source/klu_extract.c.o
[ 30%] Building C object CHOLMOD/CMakeFiles/CHOLMOD.dir/Cholesky/cholmod_colamd.c.o
[ 30%] Building C object CHOLMOD/CMakeFiles/CHOLMOD_static.dir/Utility/cholmod_reallocate_sparse.c.o
[ 30%] Building C object CHOLMOD/CMakeFiles/CHOLMOD_static.dir/Utility/cholmod_sbound.c.o
[ 30%] Building C object CHOLMOD/CMakeFiles/CHOLMOD_static.dir/Utility/cholmod_reallocate_triplet.c.o
[ 30%] Building C object CHOLMOD/CMakeFiles/CHOLMOD_static.dir/Utility/cholmod_score_comp.c.o
[ 30%] Building C object CHOLMOD/CMakeFiles/CHOLMOD_static.dir/Utility/cholmod_set_empty.c.o
[ 30%] Building C object CHOLMOD/CMakeFiles/CHOLMOD_static.dir/Utility/cholmod_sort.c.o
[ 30%] Building C object CHOLMOD/CMakeFiles/CHOLMOD_static.dir/Utility/cholmod_sparse_to_dense.c.o
[ 30%] Building C object CHOLMOD/CMakeFiles/CHOLMOD_static.dir/Utility/cholmod_speye.c.o
[ 30%] Building C object CHOLMOD/CMakeFiles/CHOLMOD_static.dir/Utility/cholmod_sparse_to_triplet.c.o
[ 30%] Building C object CHOLMOD/CMakeFiles/CHOLMOD_static.dir/Utility/cholmod_spzeros.c.o
[ 30%] Building C object CHOLMOD/CMakeFiles/CHOLMOD_static.dir/Utility/cholmod_start.c.o
[ 31%] Building C object CHOLMOD/CMakeFiles/CHOLMOD.dir/Cholesky/cholmod_etree.c.o
[ 31%] Building C object CHOLMOD/CMakeFiles/CHOLMOD_static.dir/Utility/cholmod_transpose.c.o
[ 31%] Building C object CHOLMOD/CMakeFiles/CHOLMOD.dir/Cholesky/cholmod_factorize.c.o
[ 32%] Building C object CHOLMOD/CMakeFiles/CHOLMOD_static.dir/Utility/cholmod_transpose_unsym.c.o
[ 32%] Building C object CHOLMOD/CMakeFiles/CHOLMOD_static.dir/Utility/cholmod_transpose_sym.c.o
[ 32%] Building C object CHOLMOD/CMakeFiles/CHOLMOD.dir/Cholesky/cholmod_l_amd.c.o
[ 32%] Building C object CHOLMOD/CMakeFiles/CHOLMOD_static.dir/Utility/cholmod_triplet_to_sparse.c.o
[ 32%] Building C object CHOLMOD/CMakeFiles/CHOLMOD_static.dir/Utility/cholmod_version.c.o
[ 32%] Building C object CHOLMOD/CMakeFiles/CHOLMOD_static.dir/Utility/cholmod_xtype.c.o
[ 32%] Building C object CHOLMOD/CMakeFiles/CHOLMOD_static.dir/Utility/cholmod_zeros.c.o
[ 32%] Building C object CHOLMOD/CMakeFiles/CHOLMOD.dir/Cholesky/cholmod_l_analyze.c.o
[ 32%] Building C object KLU/CMakeFiles/KLU.dir/Source/klu_factor.c.o
[ 32%] Building C object KLU/CMakeFiles/KLU.dir/Source/klu_free_numeric.c.o
[ 32%] Building C object CHOLMOD/CMakeFiles/CHOLMOD.dir/Cholesky/cholmod_l_colamd.c.o
[ 32%] Building C object KLU/CMakeFiles/KLU.dir/Source/klu_free_symbolic.c.o
[ 32%] Building C object KLU/CMakeFiles/KLU.dir/Source/klu_kernel.c.o
[ 33%] Building C object KLU/CMakeFiles/KLU.dir/Source/klu_l.c.o
[ 33%] Building C object KLU/CMakeFiles/KLU.dir/Source/klu_l_analyze.c.o
[ 33%] Building C object KLU/CMakeFiles/KLU.dir/Source/klu_l_analyze_given.c.o
[ 33%] Building C object KLU/CMakeFiles/KLU.dir/Source/klu_l_defaults.c.o
[ 33%] Building C object KLU/CMakeFiles/KLU.dir/Source/klu_l_diagnostics.c.o
[ 33%] Building C object CHOLMOD/CMakeFiles/CHOLMOD.dir/Cholesky/cholmod_l_etree.c.o
[ 33%] Building C object CHOLMOD/CMakeFiles/CHOLMOD.dir/Cholesky/cholmod_l_factorize.c.o
[ 33%] Building C object CHOLMOD/CMakeFiles/CHOLMOD.dir/Cholesky/cholmod_l_postorder.c.o
[ 33%] Building C object CHOLMOD/CMakeFiles/CHOLMOD.dir/Cholesky/cholmod_l_rcond.c.o
[ 33%] Building C object KLU/CMakeFiles/KLU.dir/Source/klu_l_dump.c.o
[ 33%] Building C object KLU/CMakeFiles/KLU.dir/Source/klu_l_extract.c.o
[ 33%] Building C object KLU/CMakeFiles/KLU.dir/Source/klu_l_factor.c.o
[ 33%] Building C object KLU/CMakeFiles/KLU.dir/Source/klu_l_free_numeric.c.o
[ 33%] Building C object KLU/CMakeFiles/KLU.dir/Source/klu_l_free_symbolic.c.o
[ 33%] Building C object KLU/CMakeFiles/KLU.dir/Source/klu_l_kernel.c.o
[ 33%] Building C object KLU/CMakeFiles/KLU.dir/Source/klu_l_memory.c.o
[ 33%] Building C object KLU/CMakeFiles/KLU.dir/Source/klu_l_refactor.c.o
[ 33%] Building C object KLU/CMakeFiles/KLU.dir/Source/klu_l_scale.c.o
[ 34%] Building C object KLU/CMakeFiles/KLU.dir/Source/klu_l_solve.c.o
[ 34%] Building C object KLU/CMakeFiles/KLU.dir/Source/klu_l_sort.c.o
[ 34%] Building C object KLU/CMakeFiles/KLU.dir/Source/klu_l_tsolve.c.o
[ 34%] Building C object KLU/CMakeFiles/KLU.dir/Source/klu_memory.c.o
[ 34%] Building C object KLU/CMakeFiles/KLU.dir/Source/klu_refactor.c.o
[ 34%] Building C object CHOLMOD/CMakeFiles/CHOLMOD.dir/Cholesky/cholmod_l_resymbol.c.o
[ 34%] Building C object KLU/CMakeFiles/KLU.dir/Source/klu_scale.c.o
[ 34%] Building C object CHOLMOD/CMakeFiles/CHOLMOD.dir/Cholesky/cholmod_l_rowfac.c.o
[ 34%] Building C object CHOLMOD/CMakeFiles/CHOLMOD.dir/Cholesky/cholmod_l_rowcolcounts.c.o
[ 34%] Building C object KLU/CMakeFiles/KLU.dir/Source/klu_solve.c.o
[ 34%] Building C object CHOLMOD/CMakeFiles/CHOLMOD.dir/Cholesky/cholmod_l_solve.c.o
[ 34%] Building C object KLU/CMakeFiles/KLU.dir/Source/klu_sort.c.o
[ 34%] Building C object CHOLMOD/CMakeFiles/CHOLMOD.dir/Cholesky/cholmod_l_spsolve.c.o
[ 34%] Building C object KLU/CMakeFiles/KLU.dir/Source/klu_tsolve.c.o
[ 34%] Building C object KLU/CMakeFiles/KLU.dir/Source/klu_version.c.o
[ 34%] Building C object KLU/CMakeFiles/KLU.dir/Source/klu_z.c.o
[ 34%] Building C object KLU/CMakeFiles/KLU.dir/Source/klu_z_diagnostics.c.o
[ 34%] Building C object KLU/CMakeFiles/KLU.dir/Source/klu_z_dump.c.o
[ 34%] Building C object KLU/CMakeFiles/KLU.dir/Source/klu_z_extract.c.o
[ 34%] Building C object CHOLMOD/CMakeFiles/CHOLMOD.dir/Cholesky/cholmod_postorder.c.o
[ 34%] Building C object CHOLMOD/CMakeFiles/CHOLMOD.dir/Cholesky/cholmod_rcond.c.o
[ 35%] Building C object CHOLMOD/CMakeFiles/CHOLMOD.dir/Cholesky/cholmod_resymbol.c.o
[ 35%] Building C object CHOLMOD/CMakeFiles/CHOLMOD.dir/Cholesky/cholmod_rowcolcounts.c.o
[ 35%] Building C object CHOLMOD/CMakeFiles/CHOLMOD.dir/Cholesky/cholmod_rowfac.c.o
[ 35%] Building C object CHOLMOD/CMakeFiles/CHOLMOD.dir/Cholesky/cholmod_solve.c.o
[ 35%] Building C object CHOLMOD/CMakeFiles/CHOLMOD.dir/Cholesky/cholmod_spsolve.c.o
[ 35%] Building C object CHOLMOD/CMakeFiles/CHOLMOD.dir/MatrixOps/cholmod_drop.c.o
[ 35%] Building C object CHOLMOD/CMakeFiles/CHOLMOD.dir/MatrixOps/cholmod_horzcat.c.o
[ 35%] Building C object CHOLMOD/CMakeFiles/CHOLMOD.dir/MatrixOps/cholmod_l_drop.c.o
[ 36%] Building C object KLU/CMakeFiles/KLU.dir/Source/klu_z_factor.c.o
[ 36%] Building C object KLU/CMakeFiles/KLU.dir/Source/klu_z_free_numeric.c.o
[ 36%] Building C object KLU/CMakeFiles/KLU.dir/Source/klu_z_kernel.c.o
[ 36%] Building C object CHOLMOD/CMakeFiles/CHOLMOD.dir/MatrixOps/cholmod_l_horzcat.c.o
[ 36%] Building C object CHOLMOD/CMakeFiles/CHOLMOD.dir/MatrixOps/cholmod_l_norm.c.o
[ 36%] Building C object CHOLMOD/CMakeFiles/CHOLMOD.dir/MatrixOps/cholmod_l_sdmult.c.o
[ 36%] Building C object CHOLMOD/CMakeFiles/CHOLMOD.dir/MatrixOps/cholmod_l_ssmult.c.o
[ 36%] Building C object CHOLMOD/CMakeFiles/CHOLMOD.dir/MatrixOps/cholmod_l_scale.c.o
[ 36%] Building C object CHOLMOD/CMakeFiles/CHOLMOD.dir/MatrixOps/cholmod_l_submatrix.c.o
[ 36%] Building C object KLU/CMakeFiles/KLU.dir/Source/klu_z_refactor.c.o
[ 37%] Building C object CHOLMOD/CMakeFiles/CHOLMOD.dir/MatrixOps/cholmod_l_symmetry.c.o
[ 37%] Building C object CHOLMOD/CMakeFiles/CHOLMOD.dir/MatrixOps/cholmod_l_vertcat.c.o
[ 37%] Building C object CHOLMOD/CMakeFiles/CHOLMOD.dir/MatrixOps/cholmod_norm.c.o
[ 37%] Building C object CHOLMOD/CMakeFiles/CHOLMOD.dir/MatrixOps/cholmod_scale.c.o
[ 37%] Building C object KLU/CMakeFiles/KLU.dir/Source/klu_z_scale.c.o
[ 37%] Building C object CHOLMOD/CMakeFiles/CHOLMOD.dir/MatrixOps/cholmod_sdmult.c.o
[ 37%] Building C object CHOLMOD/CMakeFiles/CHOLMOD.dir/MatrixOps/cholmod_ssmult.c.o
[ 37%] Building C object KLU/CMakeFiles/KLU.dir/Source/klu_z_solve.c.o
[ 37%] Building C object CHOLMOD/CMakeFiles/CHOLMOD.dir/MatrixOps/cholmod_submatrix.c.o
[ 37%] Building C object CHOLMOD/CMakeFiles/CHOLMOD.dir/MatrixOps/cholmod_symmetry.c.o
[ 37%] Building C object CHOLMOD/CMakeFiles/CHOLMOD.dir/MatrixOps/cholmod_vertcat.c.o
[ 37%] Building C object KLU/CMakeFiles/KLU.dir/Source/klu_z_sort.c.o
[ 37%] Building C object KLU/CMakeFiles/KLU.dir/Source/klu_z_tsolve.c.o
[ 37%] Building C object KLU/CMakeFiles/KLU.dir/Source/klu_zl.c.o
[ 37%] Building C object CHOLMOD/CMakeFiles/CHOLMOD.dir/Modify/cholmod_l_rowadd.c.o
[ 37%] Building C object CHOLMOD/CMakeFiles/CHOLMOD.dir/Modify/cholmod_l_rowdel.c.o
[ 37%] Building C object CHOLMOD/CMakeFiles/CHOLMOD.dir/Modify/cholmod_l_updown.c.o
[ 37%] Building C object KLU/CMakeFiles/KLU.dir/Source/klu_zl_diagnostics.c.o
[ 37%] Building C object CHOLMOD/CMakeFiles/CHOLMOD.dir/Modify/cholmod_rowadd.c.o
[ 37%] Building C object CHOLMOD/CMakeFiles/CHOLMOD.dir/Modify/cholmod_rowdel.c.o
[ 37%] Building C object KLU/CMakeFiles/KLU.dir/Source/klu_zl_dump.c.o
[ 38%] Building C object CHOLMOD/CMakeFiles/CHOLMOD.dir/Partition/cholmod_camd.c.o
[ 38%] Building C object CHOLMOD/CMakeFiles/CHOLMOD.dir/Modify/cholmod_updown.c.o
[ 38%] Building C object CHOLMOD/CMakeFiles/CHOLMOD.dir/Partition/cholmod_ccolamd.c.o
[ 38%] Building C object KLU/CMakeFiles/KLU.dir/Source/klu_zl_extract.c.o
[ 38%] Building C object KLU/CMakeFiles/KLU.dir/Source/klu_zl_factor.c.o
[ 38%] Building C object CHOLMOD/CMakeFiles/CHOLMOD.dir/Partition/cholmod_csymamd.c.o
[ 38%] Building C object KLU/CMakeFiles/KLU.dir/Source/klu_zl_free_numeric.c.o
[ 39%] Building C object KLU/CMakeFiles/KLU.dir/Source/klu_zl_kernel.c.o
[ 39%] Building C object CHOLMOD/CMakeFiles/CHOLMOD.dir/Partition/cholmod_l_camd.c.o
[ 39%] Building C object CHOLMOD/CMakeFiles/CHOLMOD.dir/Partition/cholmod_l_ccolamd.c.o
[ 39%] Building C object KLU/CMakeFiles/KLU.dir/Source/klu_zl_scale.c.o
[ 39%] Building C object KLU/CMakeFiles/KLU.dir/Source/klu_zl_refactor.c.o
[ 39%] Building C object CHOLMOD/CMakeFiles/CHOLMOD.dir/Partition/cholmod_l_csymamd.c.o
[ 39%] Building C object CHOLMOD/CMakeFiles/CHOLMOD.dir/Partition/cholmod_l_metis.c.o
[ 39%] Building C object CHOLMOD/CMakeFiles/CHOLMOD.dir/Partition/cholmod_l_nesdis.c.o
[ 39%] Building C object CHOLMOD/CMakeFiles/CHOLMOD.dir/Partition/cholmod_metis.c.o
[ 39%] Building C object CHOLMOD/CMakeFiles/CHOLMOD.dir/Partition/cholmod_metis_wrapper.c.o
[ 39%] Building C object CHOLMOD/CMakeFiles/CHOLMOD.dir/Partition/cholmod_nesdis.c.o
[ 39%] Building C object KLU/CMakeFiles/KLU.dir/Source/klu_zl_solve.c.o
[ 39%] Building C object KLU/CMakeFiles/KLU.dir/Source/klu_zl_sort.c.o
[ 39%] Building C object CHOLMOD/CMakeFiles/CHOLMOD.dir/Supernodal/cholmod_l_super_numeric.c.o
[ 39%] Building C object CHOLMOD/CMakeFiles/CHOLMOD.dir/Supernodal/cholmod_l_super_solve.c.o
[ 40%] Building C object CHOLMOD/CMakeFiles/CHOLMOD.dir/Supernodal/cholmod_l_super_symbolic.c.o
[ 40%] Building C object KLU/CMakeFiles/KLU.dir/Source/klu_zl_tsolve.c.o
[ 40%] Building C object CHOLMOD/CMakeFiles/CHOLMOD.dir/Supernodal/cholmod_super_numeric.c.o
[ 40%] Building C object CHOLMOD/CMakeFiles/CHOLMOD.dir/Supernodal/cholmod_super_solve.c.o
[ 40%] Building C object CHOLMOD/CMakeFiles/CHOLMOD.dir/Supernodal/cholmod_super_symbolic.c.o
[ 40%] Building C object CHOLMOD/CMakeFiles/CHOLMOD.dir/Utility/cholmod_aat.c.o
[ 40%] Building C object CHOLMOD/CMakeFiles/CHOLMOD.dir/Utility/cholmod_add.c.o
[ 40%] Linking C static library libcholmod.a
[ 40%] Building C object CHOLMOD/CMakeFiles/CHOLMOD.dir/Utility/cholmod_add_size_t.c.o
[ 40%] Built target CHOLMOD_static
[ 40%] Building C object KLU/CMakeFiles/KLU_CHOLMOD_static.dir/User/klu_cholmod.c.o
[ 40%] Building C object CHOLMOD/CMakeFiles/CHOLMOD.dir/Utility/cholmod_alloc_factor.c.o
[ 40%] Building C object CHOLMOD/CMakeFiles/CHOLMOD.dir/Utility/cholmod_alloc_work.c.o
[ 40%] Building C object CHOLMOD/CMakeFiles/CHOLMOD.dir/Utility/cholmod_allocate_dense.c.o
[ 40%] Building C object CHOLMOD/CMakeFiles/CHOLMOD.dir/Utility/cholmod_allocate_factor.c.o
[ 40%] Building C object CHOLMOD/CMakeFiles/CHOLMOD.dir/Utility/cholmod_allocate_sparse.c.o
[ 40%] Building C object CHOLMOD/CMakeFiles/CHOLMOD.dir/Utility/cholmod_allocate_triplet.c.o
[ 40%] Building C object UMFPACK/CMakeFiles/UMFPACK_static.dir/Source2/umf_di_assemble.c.o
[ 40%] Building C object UMFPACK/CMakeFiles/UMFPACK_static.dir/Source2/umf_di_assemble_fixq.c.o
[ 41%] Building C object UMFPACK/CMakeFiles/UMFPACK_static.dir/Source2/umf_di_blas3_update.c.o
[ 41%] Building C object UMFPACK/CMakeFiles/UMFPACK_static.dir/Source2/umf_di_build_tuples.c.o
[ 41%] Building C object UMFPACK/CMakeFiles/UMFPACK_static.dir/Source2/umf_di_create_element.c.o
[ 41%] Building C object CHOLMOD/CMakeFiles/CHOLMOD.dir/Utility/cholmod_allocate_work.c.o
[ 41%] Building C object UMFPACK/CMakeFiles/UMFPACK_static.dir/Source2/umf_di_dump.c.o
[ 41%] Building C object UMFPACK/CMakeFiles/UMFPACK_static.dir/Source2/umf_di_extend_front.c.o
[ 41%] Building C object UMFPACK/CMakeFiles/UMFPACK_static.dir/Source2/umf_di_garbage_collection.c.o
[ 41%] Building C object UMFPACK/CMakeFiles/UMFPACK_static.dir/Source2/umf_di_get_memory.c.o
[ 41%] Building C object UMFPACK/CMakeFiles/UMFPACK_static.dir/Source2/umf_di_grow_front.c.o
[ 41%] Building C object UMFPACK/CMakeFiles/UMFPACK_static.dir/Source2/umf_di_init_front.c.o
[ 41%] Building C object UMFPACK/CMakeFiles/UMFPACK_static.dir/Source2/umf_di_kernel.c.o
[ 42%] Building C object CHOLMOD/CMakeFiles/CHOLMOD.dir/Utility/cholmod_band.c.o
[ 42%] Building C object UMFPACK/CMakeFiles/UMFPACK_static.dir/Source2/umf_di_kernel_init.c.o
[ 42%] Building C object CHOLMOD/CMakeFiles/CHOLMOD.dir/Utility/cholmod_band_nnz.c.o
[ 42%] Building C object UMFPACK/CMakeFiles/UMFPACK_static.dir/Source2/umf_di_kernel_wrapup.c.o
[ 42%] Building C object CHOLMOD/CMakeFiles/CHOLMOD.dir/Utility/cholmod_calloc.c.o
[ 42%] Building C object KLU/CMakeFiles/KLU_CHOLMOD_static.dir/User/klu_l_cholmod.c.o
[ 42%] Building C object CHOLMOD/CMakeFiles/CHOLMOD.dir/Utility/cholmod_change_factor.c.o
[ 42%] Building C object UMFPACK/CMakeFiles/UMFPACK_static.dir/Source2/umf_di_lhsolve.c.o
[ 42%] Building C object UMFPACK/CMakeFiles/UMFPACK_static.dir/Source2/umf_di_local_search.c.o
[ 43%] Building C object UMFPACK/CMakeFiles/UMFPACK_static.dir/Source2/umf_di_lsolve.c.o
[ 43%] Building C object CHOLMOD/CMakeFiles/CHOLMOD.dir/Utility/cholmod_clear_flag.c.o
[ 43%] Building C object CHOLMOD/CMakeFiles/CHOLMOD.dir/Utility/cholmod_copy.c.o
[ 43%] Building C object UMFPACK/CMakeFiles/UMFPACK_static.dir/Source2/umf_di_ltsolve.c.o
[ 43%] Building C object CHOLMOD/CMakeFiles/CHOLMOD.dir/Utility/cholmod_copy_dense.c.o
[ 43%] Building C object CHOLMOD/CMakeFiles/CHOLMOD.dir/Utility/cholmod_copy_dense2.c.o
[ 43%] Building C object CHOLMOD/CMakeFiles/CHOLMOD.dir/Utility/cholmod_copy_factor.c.o
[ 43%] Building C object UMFPACK/CMakeFiles/UMFPACK_static.dir/Source2/umf_di_mem_alloc_element.c.o
[ 43%] Building C object CHOLMOD/CMakeFiles/CHOLMOD.dir/Utility/cholmod_copy_sparse.c.o
[ 43%] Building C object CHOLMOD/CMakeFiles/CHOLMOD.dir/Utility/cholmod_copy_triplet.c.o
[ 43%] Building C object CHOLMOD/CMakeFiles/CHOLMOD.dir/Utility/cholmod_cumsum.c.o
[ 43%] Building C object UMFPACK/CMakeFiles/UMFPACK_static.dir/Source2/umf_di_mem_alloc_head_block.c.o
[ 43%] Building C object CHOLMOD/CMakeFiles/CHOLMOD.dir/Utility/cholmod_dbound.c.o
[ 43%] Building C object CHOLMOD/CMakeFiles/CHOLMOD.dir/Utility/cholmod_defaults.c.o
[ 44%] Building C object CHOLMOD/CMakeFiles/CHOLMOD.dir/Utility/cholmod_dense_nnz.c.o
[ 44%] Building C object CHOLMOD/CMakeFiles/CHOLMOD.dir/Utility/cholmod_dense_to_sparse.c.o
[ 44%] Building C object UMFPACK/CMakeFiles/UMFPACK_static.dir/Source2/umf_di_mem_alloc_tail_block.c.o
[ 44%] Building C object CHOLMOD/CMakeFiles/CHOLMOD.dir/Utility/cholmod_divcomplex.c.o
[ 44%] Building C object CHOLMOD/CMakeFiles/CHOLMOD.dir/Utility/cholmod_ensure_dense.c.o
[ 44%] Building C object CHOLMOD/CMakeFiles/CHOLMOD.dir/Utility/cholmod_error.c.o
[ 44%] Building C object CHOLMOD/CMakeFiles/CHOLMOD.dir/Utility/cholmod_eye.c.o
[ 44%] Building C object CHOLMOD/CMakeFiles/CHOLMOD.dir/Utility/cholmod_factor_to_sparse.c.o
[ 44%] Building C object UMFPACK/CMakeFiles/UMFPACK_static.dir/Source2/umf_di_mem_free_tail_block.c.o
[ 44%] Building C object CHOLMOD/CMakeFiles/CHOLMOD.dir/Utility/cholmod_finish.c.o
[ 44%] Building C object UMFPACK/CMakeFiles/UMFPACK_static.dir/Source2/umf_di_mem_init_memoryspace.c.o
[ 44%] Building C object CHOLMOD/CMakeFiles/CHOLMOD.dir/Utility/cholmod_free.c.o
[ 44%] Building C object CHOLMOD/CMakeFiles/CHOLMOD.dir/Utility/cholmod_free_dense.c.o
[ 44%] Building C object CHOLMOD/CMakeFiles/CHOLMOD.dir/Utility/cholmod_free_factor.c.o
[ 44%] Building C object CHOLMOD/CMakeFiles/CHOLMOD.dir/Utility/cholmod_free_sparse.c.o
[ 44%] Building C object CHOLMOD/CMakeFiles/CHOLMOD.dir/Utility/cholmod_free_triplet.c.o
[ 44%] Building C object CHOLMOD/CMakeFiles/CHOLMOD.dir/Utility/cholmod_free_work.c.o
[ 45%] Building C object CHOLMOD/CMakeFiles/CHOLMOD.dir/Utility/cholmod_hypot.c.o
[ 45%] Building C object UMFPACK/CMakeFiles/UMFPACK_static.dir/Source2/umf_di_report_vector.c.o
[ 45%] Building C object CHOLMOD/CMakeFiles/CHOLMOD.dir/Utility/cholmod_l_aat.c.o
[ 45%] Building C object CHOLMOD/CMakeFiles/CHOLMOD.dir/Utility/cholmod_l_add.c.o
[ 45%] Building C object CHOLMOD/CMakeFiles/CHOLMOD.dir/Utility/cholmod_l_add_size_t.c.o
[ 45%] Building C object UMFPACK/CMakeFiles/UMFPACK_static.dir/Source2/umf_di_row_search.c.o
[ 45%] Building C object CHOLMOD/CMakeFiles/CHOLMOD.dir/Utility/cholmod_l_alloc_factor.c.o
[ 45%] Building C object CHOLMOD/CMakeFiles/CHOLMOD.dir/Utility/cholmod_l_alloc_work.c.o
[ 45%] Building C object UMFPACK/CMakeFiles/UMFPACK_static.dir/Source2/umf_di_scale.c.o
[ 45%] Building C object UMFPACK/CMakeFiles/UMFPACK_static.dir/Source2/umf_di_scale_column.c.o
[ 45%] Building C object CHOLMOD/CMakeFiles/CHOLMOD.dir/Utility/cholmod_l_allocate_dense.c.o
[ 45%] Building C object CHOLMOD/CMakeFiles/CHOLMOD.dir/Utility/cholmod_l_allocate_factor.c.o
[ 45%] Building C object UMFPACK/CMakeFiles/UMFPACK_static.dir/Source2/umf_di_set_stats.c.o
[ 45%] Building C object UMFPACK/CMakeFiles/UMFPACK_static.dir/Source2/umf_di_solve.c.o
[ 45%] Building C object CHOLMOD/CMakeFiles/CHOLMOD.dir/Utility/cholmod_l_allocate_sparse.c.o
[ 45%] Building C object CHOLMOD/CMakeFiles/CHOLMOD.dir/Utility/cholmod_l_allocate_triplet.c.o
[ 45%] Building C object CHOLMOD/CMakeFiles/CHOLMOD.dir/Utility/cholmod_l_allocate_work.c.o
[ 45%] Building C object CHOLMOD/CMakeFiles/CHOLMOD.dir/Utility/cholmod_l_band.c.o
[ 45%] Building C object CHOLMOD/CMakeFiles/CHOLMOD.dir/Utility/cholmod_l_band_nnz.c.o
[ 45%] Building C object CHOLMOD/CMakeFiles/CHOLMOD.dir/Utility/cholmod_l_calloc.c.o
[ 46%] Building C object CHOLMOD/CMakeFiles/CHOLMOD.dir/Utility/cholmod_l_change_factor.c.o
[ 46%] Building C object CHOLMOD/CMakeFiles/CHOLMOD.dir/Utility/cholmod_l_clear_flag.c.o
[ 46%] Building C object CHOLMOD/CMakeFiles/CHOLMOD.dir/Utility/cholmod_l_copy.c.o
[ 46%] Building C object CHOLMOD/CMakeFiles/CHOLMOD.dir/Utility/cholmod_l_copy_dense.c.o
[ 46%] Building C object CHOLMOD/CMakeFiles/CHOLMOD.dir/Utility/cholmod_l_copy_dense2.c.o
[ 46%] Building C object CHOLMOD/CMakeFiles/CHOLMOD.dir/Utility/cholmod_l_copy_factor.c.o
[ 46%] Building C object CHOLMOD/CMakeFiles/CHOLMOD.dir/Utility/cholmod_l_copy_sparse.c.o
[ 46%] Building C object CHOLMOD/CMakeFiles/CHOLMOD.dir/Utility/cholmod_l_copy_triplet.c.o
[ 46%] Building C object CHOLMOD/CMakeFiles/CHOLMOD.dir/Utility/cholmod_l_cumsum.c.o
[ 46%] Linking C shared library libklu.so
[ 46%] Building C object CHOLMOD/CMakeFiles/CHOLMOD.dir/Utility/cholmod_l_dbound.c.o
[ 46%] Building C object CHOLMOD/CMakeFiles/CHOLMOD.dir/Utility/cholmod_l_defaults.c.o
[ 46%] Building C object CHOLMOD/CMakeFiles/CHOLMOD.dir/Utility/cholmod_l_dense_nnz.c.o
[ 46%] Building C object CHOLMOD/CMakeFiles/CHOLMOD.dir/Utility/cholmod_l_dense_to_sparse.c.o
[ 46%] Building C object CHOLMOD/CMakeFiles/CHOLMOD.dir/Utility/cholmod_l_divcomplex.c.o
[ 47%] Building C object CHOLMOD/CMakeFiles/CHOLMOD.dir/Utility/cholmod_l_ensure_dense.c.o
[ 47%] Building C object CHOLMOD/CMakeFiles/CHOLMOD.dir/Utility/cholmod_l_error.c.o
[ 47%] Building C object CHOLMOD/CMakeFiles/CHOLMOD.dir/Utility/cholmod_l_eye.c.o
[ 47%] Building C object CHOLMOD/CMakeFiles/CHOLMOD.dir/Utility/cholmod_l_factor_to_sparse.c.o
[ 47%] Building C object CHOLMOD/CMakeFiles/CHOLMOD.dir/Utility/cholmod_l_finish.c.o
[ 47%] Building C object CHOLMOD/CMakeFiles/CHOLMOD.dir/Utility/cholmod_l_free.c.o
[ 47%] Building C object CHOLMOD/CMakeFiles/CHOLMOD.dir/Utility/cholmod_l_free_dense.c.o
[ 47%] Building C object CHOLMOD/CMakeFiles/CHOLMOD.dir/Utility/cholmod_l_free_factor.c.o
[ 47%] Building C object CHOLMOD/CMakeFiles/CHOLMOD.dir/Utility/cholmod_l_free_sparse.c.o
[ 47%] Building C object CHOLMOD/CMakeFiles/CHOLMOD.dir/Utility/cholmod_l_free_triplet.c.o
[ 47%] Building C object CHOLMOD/CMakeFiles/CHOLMOD.dir/Utility/cholmod_l_free_work.c.o
[ 47%] Building C object CHOLMOD/CMakeFiles/CHOLMOD.dir/Utility/cholmod_l_hypot.c.o
[ 47%] Building C object CHOLMOD/CMakeFiles/CHOLMOD.dir/Utility/cholmod_l_malloc.c.o
[ 47%] Building C object UMFPACK/CMakeFiles/UMFPACK_static.dir/Source2/umf_di_start_front.c.o
[ 48%] Building C object UMFPACK/CMakeFiles/UMFPACK_static.dir/Source2/umf_di_store_lu.c.o
[ 48%] Building C object UMFPACK/CMakeFiles/UMFPACK_static.dir/Source2/umf_di_store_lu_drop.c.o
[ 49%] Building C object CHOLMOD/CMakeFiles/CHOLMOD.dir/Utility/cholmod_l_maxrank.c.o
[ 49%] Building C object UMFPACK/CMakeFiles/UMFPACK_static.dir/Source2/umf_di_symbolic_usage.c.o
[ 49%] Building C object UMFPACK/CMakeFiles/UMFPACK_static.dir/Source2/umf_di_transpose.c.o
[ 49%] Building C object CHOLMOD/CMakeFiles/CHOLMOD.dir/Utility/cholmod_l_mult_size_t.c.o
[ 49%] Building C object UMFPACK/CMakeFiles/UMFPACK_static.dir/Source2/umf_di_triplet_map_nox.c.o
[ 49%] Building C object UMFPACK/CMakeFiles/UMFPACK_static.dir/Source2/umf_di_triplet_map_x.c.o
[ 49%] Building C object CHOLMOD/CMakeFiles/CHOLMOD.dir/Utility/cholmod_l_nnz.c.o
[ 49%] Building C object UMFPACK/CMakeFiles/UMFPACK_static.dir/Source2/umf_di_triplet_nomap_nox.c.o
[ 49%] Building C object UMFPACK/CMakeFiles/UMFPACK_static.dir/Source2/umf_di_triplet_nomap_x.c.o
[ 49%] Building C object UMFPACK/CMakeFiles/UMFPACK_static.dir/Source2/umf_di_tuple_lengths.c.o
[ 49%] Building C object UMFPACK/CMakeFiles/UMFPACK_static.dir/Source2/umf_di_uhsolve.c.o
[ 49%] Building C object UMFPACK/CMakeFiles/UMFPACK_static.dir/Source2/umf_di_usolve.c.o
[ 49%] Building C object UMFPACK/CMakeFiles/UMFPACK_static.dir/Source2/umf_di_utsolve.c.o
[ 49%] Building C object UMFPACK/CMakeFiles/UMFPACK_static.dir/Source2/umf_di_valid_numeric.c.o
[ 49%] Building C object CHOLMOD/CMakeFiles/CHOLMOD.dir/Utility/cholmod_l_ones.c.o
[ 49%] Building C object UMFPACK/CMakeFiles/UMFPACK_static.dir/Source2/umf_di_valid_symbolic.c.o
[ 49%] Linking C static library libklu_cholmod.a
[ 50%] Building C object UMFPACK/CMakeFiles/UMFPACK_static.dir/Source2/umf_dl_assemble.c.o
[ 50%] Building C object CHOLMOD/CMakeFiles/CHOLMOD.dir/Utility/cholmod_l_pack_factor.c.o
[ 50%] Building C object UMFPACK/CMakeFiles/UMFPACK_static.dir/Source2/umf_dl_assemble_fixq.c.o
[ 50%] Building C object UMFPACK/CMakeFiles/UMFPACK_static.dir/Source2/umf_dl_blas3_update.c.o
[ 50%] Built target KLU_CHOLMOD_static
[ 50%] Building C object UMFPACK/CMakeFiles/UMFPACK_static.dir/Source2/umf_dl_build_tuples.c.o
[ 50%] Building C object UMFPACK/CMakeFiles/UMFPACK_static.dir/Source2/umf_dl_create_element.c.o
[ 50%] Building C object UMFPACK/CMakeFiles/UMFPACK_static.dir/Source2/umf_dl_dump.c.o
[ 50%] Building C object CHOLMOD/CMakeFiles/CHOLMOD.dir/Utility/cholmod_l_ptranspose.c.o
[ 50%] Building C object UMFPACK/CMakeFiles/UMFPACK_static.dir/Source2/umf_dl_extend_front.c.o
[ 50%] Building C object CHOLMOD/CMakeFiles/CHOLMOD.dir/Utility/cholmod_l_query.c.o
[ 50%] Building C object CHOLMOD/CMakeFiles/CHOLMOD.dir/Utility/cholmod_l_realloc.c.o
[ 50%] Building C object CHOLMOD/CMakeFiles/CHOLMOD.dir/Utility/cholmod_l_realloc_multiple.c.o
[ 50%] Building C object UMFPACK/CMakeFiles/UMFPACK_static.dir/Source2/umf_dl_garbage_collection.c.o
[ 50%] Building C object CHOLMOD/CMakeFiles/CHOLMOD.dir/Utility/cholmod_l_reallocate_column.c.o
[ 50%] Building C object CHOLMOD/CMakeFiles/CHOLMOD.dir/Utility/cholmod_l_reallocate_factor.c.o
[ 50%] Building C object CHOLMOD/CMakeFiles/CHOLMOD.dir/Utility/cholmod_l_reallocate_sparse.c.o
[ 50%] Building C object CHOLMOD/CMakeFiles/CHOLMOD.dir/Utility/cholmod_l_reallocate_triplet.c.o
[ 50%] Building C object UMFPACK/CMakeFiles/UMFPACK_static.dir/Source2/umf_dl_get_memory.c.o
[ 50%] Building C object CHOLMOD/CMakeFiles/CHOLMOD.dir/Utility/cholmod_l_sbound.c.o
[ 51%] Building C object CHOLMOD/CMakeFiles/CHOLMOD.dir/Utility/cholmod_l_score_comp.c.o
[ 51%] Building C object CHOLMOD/CMakeFiles/CHOLMOD.dir/Utility/cholmod_l_set_empty.c.o
[ 51%] Building C object UMFPACK/CMakeFiles/UMFPACK_static.dir/Source2/umf_dl_grow_front.c.o
[ 51%] Building C object UMFPACK/CMakeFiles/UMFPACK_static.dir/Source2/umf_dl_init_front.c.o
[ 51%] Building C object CHOLMOD/CMakeFiles/CHOLMOD.dir/Utility/cholmod_l_sort.c.o
[ 51%] Building C object CHOLMOD/CMakeFiles/CHOLMOD.dir/Utility/cholmod_l_sparse_to_dense.c.o
[ 51%] Building C object CHOLMOD/CMakeFiles/CHOLMOD.dir/Utility/cholmod_l_sparse_to_triplet.c.o
[ 51%] Building C object UMFPACK/CMakeFiles/UMFPACK_static.dir/Source2/umf_dl_kernel.c.o
[ 51%] Building C object UMFPACK/CMakeFiles/UMFPACK_static.dir/Source2/umf_dl_kernel_init.c.o
[ 51%] Building C object CHOLMOD/CMakeFiles/CHOLMOD.dir/Utility/cholmod_l_speye.c.o
[ 51%] Building C object CHOLMOD/CMakeFiles/CHOLMOD.dir/Utility/cholmod_l_spzeros.c.o
[ 51%] Building C object UMFPACK/CMakeFiles/UMFPACK_static.dir/Source2/umf_dl_kernel_wrapup.c.o
[ 51%] Building C object CHOLMOD/CMakeFiles/CHOLMOD.dir/Utility/cholmod_l_start.c.o
[ 51%] Building C object CHOLMOD/CMakeFiles/CHOLMOD.dir/Utility/cholmod_l_transpose.c.o
[ 51%] Building C object CHOLMOD/CMakeFiles/CHOLMOD.dir/Utility/cholmod_l_transpose_sym.c.o
[ 51%] Building C object CHOLMOD/CMakeFiles/CHOLMOD.dir/Utility/cholmod_l_transpose_unsym.c.o
[ 51%] Building C object CHOLMOD/CMakeFiles/CHOLMOD.dir/Utility/cholmod_l_triplet_to_sparse.c.o
[ 51%] Building C object CHOLMOD/CMakeFiles/CHOLMOD.dir/Utility/cholmod_l_version.c.o
[ 51%] Building C object CHOLMOD/CMakeFiles/CHOLMOD.dir/Utility/cholmod_l_xtype.c.o
[ 53%] Building C object CHOLMOD/CMakeFiles/CHOLMOD.dir/Utility/cholmod_l_zeros.c.o
[ 53%] Building C object UMFPACK/CMakeFiles/UMFPACK_static.dir/Source2/umf_dl_lhsolve.c.o
[ 53%] Building C object UMFPACK/CMakeFiles/UMFPACK_static.dir/Source2/umf_dl_local_search.c.o
[ 53%] Building C object CHOLMOD/CMakeFiles/CHOLMOD.dir/Utility/cholmod_malloc.c.o
[ 53%] Building C object CHOLMOD/CMakeFiles/CHOLMOD.dir/Utility/cholmod_maxrank.c.o
[ 53%] Building C object UMFPACK/CMakeFiles/UMFPACK_static.dir/Source2/umf_dl_lsolve.c.o
[ 53%] Building C object CHOLMOD/CMakeFiles/CHOLMOD.dir/Utility/cholmod_memdebug.c.o
[ 53%] Building C object CHOLMOD/CMakeFiles/CHOLMOD.dir/Utility/cholmod_mult_size_t.c.o
[ 53%] Building C object CHOLMOD/CMakeFiles/CHOLMOD.dir/Utility/cholmod_mult_uint64_t.c.o
[ 53%] Building C object UMFPACK/CMakeFiles/UMFPACK_static.dir/Source2/umf_dl_ltsolve.c.o
[ 53%] Building C object CHOLMOD/CMakeFiles/CHOLMOD.dir/Utility/cholmod_nnz.c.o
[ 53%] Building C object UMFPACK/CMakeFiles/UMFPACK_static.dir/Source2/umf_dl_mem_alloc_element.c.o
[ 53%] Building C object CHOLMOD/CMakeFiles/CHOLMOD.dir/Utility/cholmod_ones.c.o
[ 53%] Building C object UMFPACK/CMakeFiles/UMFPACK_static.dir/Source2/umf_dl_mem_alloc_head_block.c.o
[ 53%] Building C object CHOLMOD/CMakeFiles/CHOLMOD.dir/Utility/cholmod_pack_factor.c.o
[ 53%] Built target KLU
[ 53%] Building C object CHOLMOD/CMakeFiles/CHOLMOD.dir/Utility/cholmod_ptranspose.c.o
[ 53%] Building C object UMFPACK/CMakeFiles/UMFPACK_static.dir/Source2/umf_dl_mem_alloc_tail_block.c.o
[ 53%] Building C object CHOLMOD/CMakeFiles/CHOLMOD.dir/Utility/cholmod_query.c.o
[ 53%] Building C object CHOLMOD/CMakeFiles/CHOLMOD.dir/Utility/cholmod_realloc.c.o
[ 53%] Building C object CHOLMOD/CMakeFiles/CHOLMOD.dir/Utility/cholmod_realloc_multiple.c.o
[ 53%] Building C object CHOLMOD/CMakeFiles/CHOLMOD.dir/Utility/cholmod_reallocate_column.c.o
[ 54%] Building C object CHOLMOD/CMakeFiles/CHOLMOD.dir/Utility/cholmod_reallocate_factor.c.o
[ 54%] Building C object CHOLMOD/CMakeFiles/CHOLMOD.dir/Utility/cholmod_reallocate_sparse.c.o
[ 54%] Building C object CHOLMOD/CMakeFiles/CHOLMOD.dir/Utility/cholmod_reallocate_triplet.c.o
[ 54%] Building C object CHOLMOD/CMakeFiles/CHOLMOD.dir/Utility/cholmod_sbound.c.o
[ 54%] Building C object CHOLMOD/CMakeFiles/CHOLMOD.dir/Utility/cholmod_score_comp.c.o
[ 54%] Building C object CHOLMOD/CMakeFiles/CHOLMOD.dir/Utility/cholmod_set_empty.c.o
[ 54%] Building C object CHOLMOD/CMakeFiles/CHOLMOD.dir/Utility/cholmod_sort.c.o
[ 54%] Building C object CHOLMOD/CMakeFiles/CHOLMOD.dir/Utility/cholmod_sparse_to_dense.c.o
[ 54%] Building C object CHOLMOD/CMakeFiles/CHOLMOD.dir/Utility/cholmod_sparse_to_triplet.c.o
[ 54%] Building C object CHOLMOD/CMakeFiles/CHOLMOD.dir/Utility/cholmod_speye.c.o
[ 54%] Building C object CHOLMOD/CMakeFiles/CHOLMOD.dir/Utility/cholmod_spzeros.c.o
[ 54%] Building C object CHOLMOD/CMakeFiles/CHOLMOD.dir/Utility/cholmod_start.c.o
[ 54%] Building C object CHOLMOD/CMakeFiles/CHOLMOD.dir/Utility/cholmod_transpose.c.o
[ 54%] Building C object CHOLMOD/CMakeFiles/CHOLMOD.dir/Utility/cholmod_transpose_sym.c.o
[ 55%] Building C object CHOLMOD/CMakeFiles/CHOLMOD.dir/Utility/cholmod_transpose_unsym.c.o
[ 55%] Building C object CHOLMOD/CMakeFiles/CHOLMOD.dir/Utility/cholmod_triplet_to_sparse.c.o
[ 55%] Building C object CHOLMOD/CMakeFiles/CHOLMOD.dir/Utility/cholmod_version.c.o
[ 55%] Building C object CHOLMOD/CMakeFiles/CHOLMOD.dir/Utility/cholmod_xtype.c.o
[ 55%] Building C object CHOLMOD/CMakeFiles/CHOLMOD.dir/Utility/cholmod_zeros.c.o
[ 55%] Building C object UMFPACK/CMakeFiles/UMFPACK_static.dir/Source2/umf_dl_mem_free_tail_block.c.o
[ 55%] Building C object UMFPACK/CMakeFiles/UMFPACK_static.dir/Source2/umf_dl_mem_init_memoryspace.c.o
[ 55%] Building C object UMFPACK/CMakeFiles/UMFPACK_static.dir/Source2/umf_dl_report_vector.c.o
[ 55%] Building C object UMFPACK/CMakeFiles/UMFPACK_static.dir/Source2/umf_dl_row_search.c.o
[ 55%] Building C object UMFPACK/CMakeFiles/UMFPACK_static.dir/Source2/umf_dl_scale.c.o
[ 55%] Building C object UMFPACK/CMakeFiles/UMFPACK_static.dir/Source2/umf_dl_scale_column.c.o
[ 56%] Building C object UMFPACK/CMakeFiles/UMFPACK_static.dir/Source2/umf_dl_set_stats.c.o
[ 56%] Building C object UMFPACK/CMakeFiles/UMFPACK_static.dir/Source2/umf_dl_solve.c.o
[ 56%] Building C object UMFPACK/CMakeFiles/UMFPACK_static.dir/Source2/umf_dl_start_front.c.o
[ 56%] Building C object UMFPACK/CMakeFiles/UMFPACK_static.dir/Source2/umf_dl_store_lu.c.o
[ 56%] Building C object UMFPACK/CMakeFiles/UMFPACK_static.dir/Source2/umf_dl_store_lu_drop.c.o
[ 56%] Building C object UMFPACK/CMakeFiles/UMFPACK_static.dir/Source2/umf_dl_symbolic_usage.c.o
[ 56%] Building C object UMFPACK/CMakeFiles/UMFPACK_static.dir/Source2/umf_dl_transpose.c.o
[ 56%] Building C object UMFPACK/CMakeFiles/UMFPACK_static.dir/Source2/umf_dl_triplet_map_nox.c.o
[ 56%] Building C object UMFPACK/CMakeFiles/UMFPACK_static.dir/Source2/umf_dl_triplet_map_x.c.o
[ 56%] Building C object UMFPACK/CMakeFiles/UMFPACK_static.dir/Source2/umf_dl_triplet_nomap_nox.c.o
[ 56%] Building C object UMFPACK/CMakeFiles/UMFPACK_static.dir/Source2/umf_dl_triplet_nomap_x.c.o
[ 56%] Building C object UMFPACK/CMakeFiles/UMFPACK_static.dir/Source2/umf_dl_tuple_lengths.c.o
[ 56%] Building C object UMFPACK/CMakeFiles/UMFPACK_static.dir/Source2/umf_dl_uhsolve.c.o
[ 56%] Building C object UMFPACK/CMakeFiles/UMFPACK_static.dir/Source2/umf_dl_usolve.c.o
[ 56%] Building C object UMFPACK/CMakeFiles/UMFPACK_static.dir/Source2/umf_dl_valid_numeric.c.o
[ 57%] Building C object UMFPACK/CMakeFiles/UMFPACK_static.dir/Source2/umf_dl_utsolve.c.o
[ 57%] Building C object UMFPACK/CMakeFiles/UMFPACK_static.dir/Source2/umf_dl_valid_symbolic.c.o
[ 57%] Building C object UMFPACK/CMakeFiles/UMFPACK_static.dir/Source2/umf_i_analyze.c.o
[ 57%] Building C object UMFPACK/CMakeFiles/UMFPACK_static.dir/Source2/umf_i_apply_order.c.o
[ 57%] Building C object UMFPACK/CMakeFiles/UMFPACK_static.dir/Source2/umf_i_cholmod.c.o
[ 57%] Building C object UMFPACK/CMakeFiles/UMFPACK_static.dir/Source2/umf_i_colamd.c.o
[ 57%] Building C object UMFPACK/CMakeFiles/UMFPACK_static.dir/Source2/umf_i_free.c.o
[ 57%] Building C object UMFPACK/CMakeFiles/UMFPACK_static.dir/Source2/umf_i_fsize.c.o
[ 57%] Building C object UMFPACK/CMakeFiles/UMFPACK_static.dir/Source2/umf_i_is_permutation.c.o
[ 57%] Building C object UMFPACK/CMakeFiles/UMFPACK_static.dir/Source2/umf_i_malloc.c.o
[ 57%] Building C object UMFPACK/CMakeFiles/UMFPACK_static.dir/Source2/umf_i_realloc.c.o
[ 57%] Building C object UMFPACK/CMakeFiles/UMFPACK_static.dir/Source2/umf_i_report_perm.c.o
[ 57%] Building C object UMFPACK/CMakeFiles/UMFPACK_static.dir/Source2/umf_i_singletons.c.o
[ 58%] Building C object UMFPACK/CMakeFiles/UMFPACK_static.dir/Source2/umf_l_analyze.c.o
[ 58%] Building C object UMFPACK/CMakeFiles/UMFPACK_static.dir/Source2/umf_l_apply_order.c.o
[ 58%] Building C object UMFPACK/CMakeFiles/UMFPACK_static.dir/Source2/umf_l_cholmod.c.o
[ 58%] Building C object UMFPACK/CMakeFiles/UMFPACK_static.dir/Source2/umf_l_colamd.c.o
[ 58%] Building C object UMFPACK/CMakeFiles/UMFPACK_static.dir/Source2/umf_l_free.c.o
[ 58%] Building C object UMFPACK/CMakeFiles/UMFPACK_static.dir/Source2/umf_l_fsize.c.o
[ 58%] Building C object UMFPACK/CMakeFiles/UMFPACK_static.dir/Source2/umf_l_malloc.c.o
[ 58%] Building C object UMFPACK/CMakeFiles/UMFPACK_static.dir/Source2/umf_l_realloc.c.o
[ 58%] Building C object UMFPACK/CMakeFiles/UMFPACK_static.dir/Source2/umf_l_report_perm.c.o
[ 58%] Building C object UMFPACK/CMakeFiles/UMFPACK_static.dir/Source2/umf_l_is_permutation.c.o
[ 58%] Building C object UMFPACK/CMakeFiles/UMFPACK_static.dir/Source2/umf_l_singletons.c.o
[ 58%] Building C object UMFPACK/CMakeFiles/UMFPACK_static.dir/Source2/umf_zi_assemble.c.o
[ 58%] Building C object UMFPACK/CMakeFiles/UMFPACK_static.dir/Source2/umf_zi_assemble_fixq.c.o
[ 58%] Building C object UMFPACK/CMakeFiles/UMFPACK_static.dir/Source2/umf_zi_blas3_update.c.o
[ 59%] Building C object UMFPACK/CMakeFiles/UMFPACK_static.dir/Source2/umf_zi_build_tuples.c.o
[ 59%] Building C object UMFPACK/CMakeFiles/UMFPACK_static.dir/Source2/umf_zi_create_element.c.o
[ 59%] Building C object UMFPACK/CMakeFiles/UMFPACK_static.dir/Source2/umf_zi_dump.c.o
[ 59%] Building C object UMFPACK/CMakeFiles/UMFPACK_static.dir/Source2/umf_zi_extend_front.c.o
[ 59%] Building C object UMFPACK/CMakeFiles/UMFPACK_static.dir/Source2/umf_zi_garbage_collection.c.o
[ 59%] Building C object UMFPACK/CMakeFiles/UMFPACK_static.dir/Source2/umf_zi_get_memory.c.o
[ 59%] Building C object UMFPACK/CMakeFiles/UMFPACK_static.dir/Source2/umf_zi_grow_front.c.o
[ 59%] Building C object UMFPACK/CMakeFiles/UMFPACK_static.dir/Source2/umf_zi_init_front.c.o
[ 59%] Building C object UMFPACK/CMakeFiles/UMFPACK_static.dir/Source2/umf_zi_kernel.c.o
[ 59%] Building C object UMFPACK/CMakeFiles/UMFPACK_static.dir/Source2/umf_zi_kernel_init.c.o
[ 59%] Building C object UMFPACK/CMakeFiles/UMFPACK_static.dir/Source2/umf_zi_kernel_wrapup.c.o
[ 59%] Building C object UMFPACK/CMakeFiles/UMFPACK_static.dir/Source2/umf_zi_lhsolve.c.o
[ 59%] Building C object UMFPACK/CMakeFiles/UMFPACK_static.dir/Source2/umf_zi_local_search.c.o
[ 59%] Building C object UMFPACK/CMakeFiles/UMFPACK_static.dir/Source2/umf_zi_lsolve.c.o
[ 60%] Building C object UMFPACK/CMakeFiles/UMFPACK_static.dir/Source2/umf_zi_ltsolve.c.o
[ 60%] Building C object UMFPACK/CMakeFiles/UMFPACK_static.dir/Source2/umf_zi_mem_alloc_element.c.o
[ 60%] Building C object UMFPACK/CMakeFiles/UMFPACK_static.dir/Source2/umf_zi_mem_alloc_head_block.c.o
[ 60%] Building C object UMFPACK/CMakeFiles/UMFPACK_static.dir/Source2/umf_zi_mem_alloc_tail_block.c.o
[ 60%] Building C object UMFPACK/CMakeFiles/UMFPACK_static.dir/Source2/umf_zi_mem_free_tail_block.c.o
[ 60%] Building C object UMFPACK/CMakeFiles/UMFPACK_static.dir/Source2/umf_zi_mem_init_memoryspace.c.o
[ 60%] Building C object UMFPACK/CMakeFiles/UMFPACK_static.dir/Source2/umf_zi_report_vector.c.o
[ 60%] Building C object UMFPACK/CMakeFiles/UMFPACK_static.dir/Source2/umf_zi_row_search.c.o
[ 60%] Building C object UMFPACK/CMakeFiles/UMFPACK_static.dir/Source2/umf_zi_scale.c.o
[ 60%] Building C object UMFPACK/CMakeFiles/UMFPACK_static.dir/Source2/umf_zi_scale_column.c.o
[ 60%] Building C object UMFPACK/CMakeFiles/UMFPACK_static.dir/Source2/umf_zi_set_stats.c.o
[ 60%] Building C object UMFPACK/CMakeFiles/UMFPACK_static.dir/Source2/umf_zi_solve.c.o
[ 60%] Building C object UMFPACK/CMakeFiles/UMFPACK_static.dir/Source2/umf_zi_start_front.c.o
[ 60%] Building C object UMFPACK/CMakeFiles/UMFPACK_static.dir/Source2/umf_zi_store_lu.c.o
[ 61%] Building C object UMFPACK/CMakeFiles/UMFPACK_static.dir/Source2/umf_zi_store_lu_drop.c.o
[ 61%] Building C object UMFPACK/CMakeFiles/UMFPACK_static.dir/Source2/umf_zi_symbolic_usage.c.o
[ 61%] Building C object UMFPACK/CMakeFiles/UMFPACK_static.dir/Source2/umf_zi_transpose.c.o
[ 61%] Building C object UMFPACK/CMakeFiles/UMFPACK_static.dir/Source2/umf_zi_triplet_map_nox.c.o
[ 61%] Building C object UMFPACK/CMakeFiles/UMFPACK_static.dir/Source2/umf_zi_triplet_map_x.c.o
[ 61%] Building C object UMFPACK/CMakeFiles/UMFPACK_static.dir/Source2/umf_zi_triplet_nomap_nox.c.o
[ 61%] Building C object UMFPACK/CMakeFiles/UMFPACK_static.dir/Source2/umf_zi_triplet_nomap_x.c.o
[ 61%] Building C object UMFPACK/CMakeFiles/UMFPACK_static.dir/Source2/umf_zi_tuple_lengths.c.o
[ 61%] Building C object UMFPACK/CMakeFiles/UMFPACK_static.dir/Source2/umf_zi_usolve.c.o
[ 61%] Building C object UMFPACK/CMakeFiles/UMFPACK_static.dir/Source2/umf_zi_uhsolve.c.o
[ 61%] Building C object UMFPACK/CMakeFiles/UMFPACK_static.dir/Source2/umf_zi_utsolve.c.o
[ 61%] Building C object UMFPACK/CMakeFiles/UMFPACK_static.dir/Source2/umf_zi_valid_numeric.c.o
[ 61%] Building C object UMFPACK/CMakeFiles/UMFPACK_static.dir/Source2/umf_zi_valid_symbolic.c.o
[ 62%] Building C object UMFPACK/CMakeFiles/UMFPACK_static.dir/Source2/umf_zl_assemble_fixq.c.o
[ 62%] Building C object UMFPACK/CMakeFiles/UMFPACK_static.dir/Source2/umf_zl_assemble.c.o
[ 62%] Building C object UMFPACK/CMakeFiles/UMFPACK_static.dir/Source2/umf_zl_blas3_update.c.o
[ 62%] Building C object UMFPACK/CMakeFiles/UMFPACK_static.dir/Source2/umf_zl_build_tuples.c.o
[ 62%] Building C object UMFPACK/CMakeFiles/UMFPACK_static.dir/Source2/umf_zl_create_element.c.o
[ 62%] Building C object UMFPACK/CMakeFiles/UMFPACK_static.dir/Source2/umf_zl_dump.c.o
[ 62%] Building C object UMFPACK/CMakeFiles/UMFPACK_static.dir/Source2/umf_zl_extend_front.c.o
[ 62%] Building C object UMFPACK/CMakeFiles/UMFPACK_static.dir/Source2/umf_zl_garbage_collection.c.o
[ 62%] Building C object UMFPACK/CMakeFiles/UMFPACK_static.dir/Source2/umf_zl_get_memory.c.o
[ 62%] Building C object UMFPACK/CMakeFiles/UMFPACK_static.dir/Source2/umf_zl_grow_front.c.o
[ 62%] Building C object UMFPACK/CMakeFiles/UMFPACK_static.dir/Source2/umf_zl_init_front.c.o
[ 62%] Building C object UMFPACK/CMakeFiles/UMFPACK_static.dir/Source2/umf_zl_kernel.c.o
[ 62%] Building C object UMFPACK/CMakeFiles/UMFPACK_static.dir/Source2/umf_zl_kernel_init.c.o
[ 62%] Building C object UMFPACK/CMakeFiles/UMFPACK_static.dir/Source2/umf_zl_kernel_wrapup.c.o
[ 62%] Building C object UMFPACK/CMakeFiles/UMFPACK_static.dir/Source2/umf_zl_lhsolve.c.o
[ 63%] Building C object UMFPACK/CMakeFiles/UMFPACK_static.dir/Source2/umf_zl_local_search.c.o
[ 63%] Linking C shared library libcholmod.so
[ 63%] Building C object UMFPACK/CMakeFiles/UMFPACK_static.dir/Source2/umf_zl_lsolve.c.o
[ 63%] Building C object UMFPACK/CMakeFiles/UMFPACK_static.dir/Source2/umf_zl_ltsolve.c.o
[ 63%] Building C object UMFPACK/CMakeFiles/UMFPACK_static.dir/Source2/umf_zl_mem_alloc_element.c.o
[ 63%] Building C object UMFPACK/CMakeFiles/UMFPACK_static.dir/Source2/umf_zl_mem_alloc_head_block.c.o
[ 63%] Building C object UMFPACK/CMakeFiles/UMFPACK_static.dir/Source2/umf_zl_mem_alloc_tail_block.c.o
[ 63%] Building C object UMFPACK/CMakeFiles/UMFPACK_static.dir/Source2/umf_zl_mem_free_tail_block.c.o
[ 63%] Building C object UMFPACK/CMakeFiles/UMFPACK_static.dir/Source2/umf_zl_mem_init_memoryspace.c.o
[ 63%] Building C object UMFPACK/CMakeFiles/UMFPACK_static.dir/Source2/umf_zl_report_vector.c.o
[ 63%] Building C object UMFPACK/CMakeFiles/UMFPACK_static.dir/Source2/umf_zl_row_search.c.o
[ 63%] Building C object UMFPACK/CMakeFiles/UMFPACK_static.dir/Source2/umf_zl_scale.c.o
[ 63%] Building C object UMFPACK/CMakeFiles/UMFPACK_static.dir/Source2/umf_zl_scale_column.c.o
[ 63%] Building C object UMFPACK/CMakeFiles/UMFPACK_static.dir/Source2/umf_zl_set_stats.c.o
[ 63%] Building C object UMFPACK/CMakeFiles/UMFPACK_static.dir/Source2/umf_zl_solve.c.o
[ 64%] Building C object UMFPACK/CMakeFiles/UMFPACK_static.dir/Source2/umf_zl_start_front.c.o
[ 64%] Building C object UMFPACK/CMakeFiles/UMFPACK_static.dir/Source2/umf_zl_store_lu.c.o
[ 64%] Building C object UMFPACK/CMakeFiles/UMFPACK_static.dir/Source2/umf_zl_store_lu_drop.c.o
[ 64%] Building C object UMFPACK/CMakeFiles/UMFPACK_static.dir/Source2/umf_zl_symbolic_usage.c.o
[ 64%] Building C object UMFPACK/CMakeFiles/UMFPACK_static.dir/Source2/umf_zl_transpose.c.o
[ 64%] Building C object UMFPACK/CMakeFiles/UMFPACK_static.dir/Source2/umf_zl_triplet_map_nox.c.o
[ 64%] Building C object UMFPACK/CMakeFiles/UMFPACK_static.dir/Source2/umf_zl_triplet_map_x.c.o
[ 64%] Building C object UMFPACK/CMakeFiles/UMFPACK_static.dir/Source2/umf_zl_triplet_nomap_nox.c.o
[ 64%] Building C object UMFPACK/CMakeFiles/UMFPACK_static.dir/Source2/umf_zl_triplet_nomap_x.c.o
[ 64%] Building C object UMFPACK/CMakeFiles/UMFPACK_static.dir/Source2/umf_zl_tuple_lengths.c.o
[ 64%] Building C object UMFPACK/CMakeFiles/UMFPACK_static.dir/Source2/umf_zl_uhsolve.c.o
[ 64%] Building C object UMFPACK/CMakeFiles/UMFPACK_static.dir/Source2/umf_zl_usolve.c.o
[ 64%] Building C object UMFPACK/CMakeFiles/UMFPACK_static.dir/Source2/umf_zl_utsolve.c.o
[ 64%] Building C object UMFPACK/CMakeFiles/UMFPACK_static.dir/Source2/umf_zl_valid_numeric.c.o
[ 65%] Building C object UMFPACK/CMakeFiles/UMFPACK_static.dir/Source2/umf_zl_valid_symbolic.c.o
[ 65%] Building C object UMFPACK/CMakeFiles/UMFPACK_static.dir/Source2/umfpack_di_col_to_triplet.c.o
[ 65%] Building C object UMFPACK/CMakeFiles/UMFPACK_static.dir/Source2/umfpack_di_copy_numeric.c.o
[ 65%] Building C object UMFPACK/CMakeFiles/UMFPACK_static.dir/Source2/umfpack_di_copy_symbolic.c.o
[ 65%] Building C object UMFPACK/CMakeFiles/UMFPACK_static.dir/Source2/umfpack_di_defaults.c.o
[ 65%] Building C object UMFPACK/CMakeFiles/UMFPACK_static.dir/Source2/umfpack_di_deserialize_numeric.c.o
[ 65%] Building C object UMFPACK/CMakeFiles/UMFPACK_static.dir/Source2/umfpack_di_deserialize_symbolic.c.o
[ 65%] Building C object UMFPACK/CMakeFiles/UMFPACK_static.dir/Source2/umfpack_di_free_numeric.c.o
[ 65%] Building C object UMFPACK/CMakeFiles/UMFPACK_static.dir/Source2/umfpack_di_free_symbolic.c.o
[ 65%] Building C object UMFPACK/CMakeFiles/UMFPACK_static.dir/Source2/umfpack_di_get_determinant.c.o
[ 65%] Building C object UMFPACK/CMakeFiles/UMFPACK_static.dir/Source2/umfpack_di_get_lunz.c.o
[ 65%] Building C object UMFPACK/CMakeFiles/UMFPACK_static.dir/Source2/umfpack_di_get_numeric.c.o
[ 65%] Building C object UMFPACK/CMakeFiles/UMFPACK_static.dir/Source2/umfpack_di_get_symbolic.c.o
[ 65%] Building C object UMFPACK/CMakeFiles/UMFPACK_static.dir/Source2/umfpack_di_load_numeric.c.o
[ 66%] Building C object UMFPACK/CMakeFiles/UMFPACK_static.dir/Source2/umfpack_di_load_symbolic.c.o
[ 66%] Building C object UMFPACK/CMakeFiles/UMFPACK_static.dir/Source2/umfpack_di_numeric.c.o
[ 66%] Building C object UMFPACK/CMakeFiles/UMFPACK_static.dir/Source2/umfpack_di_qsymbolic.c.o
[ 66%] Building C object UMFPACK/CMakeFiles/UMFPACK_static.dir/Source2/umfpack_di_report_control.c.o
[ 66%] Building C object UMFPACK/CMakeFiles/UMFPACK_static.dir/Source2/umfpack_di_report_info.c.o
[ 66%] Building C object UMFPACK/CMakeFiles/UMFPACK_static.dir/Source2/umfpack_di_report_matrix.c.o
[ 66%] Building C object UMFPACK/CMakeFiles/UMFPACK_static.dir/Source2/umfpack_di_report_numeric.c.o
[ 66%] Building C object UMFPACK/CMakeFiles/UMFPACK_static.dir/Source2/umfpack_di_report_perm.c.o
[ 66%] Building C object UMFPACK/CMakeFiles/UMFPACK_static.dir/Source2/umfpack_di_report_status.c.o
[ 66%] Building C object UMFPACK/CMakeFiles/UMFPACK_static.dir/Source2/umfpack_di_report_symbolic.c.o
[ 66%] Building C object UMFPACK/CMakeFiles/UMFPACK_static.dir/Source2/umfpack_di_report_triplet.c.o
[ 66%] Building C object UMFPACK/CMakeFiles/UMFPACK_static.dir/Source2/umfpack_di_report_vector.c.o
[ 66%] Building C object UMFPACK/CMakeFiles/UMFPACK_static.dir/Source2/umfpack_di_save_numeric.c.o
[ 66%] Building C object UMFPACK/CMakeFiles/UMFPACK_static.dir/Source2/umfpack_di_save_symbolic.c.o
[ 67%] Building C object UMFPACK/CMakeFiles/UMFPACK_static.dir/Source2/umfpack_di_scale.c.o
[ 67%] Building C object UMFPACK/CMakeFiles/UMFPACK_static.dir/Source2/umfpack_di_serialize_numeric.c.o
[ 67%] Building C object UMFPACK/CMakeFiles/UMFPACK_static.dir/Source2/umfpack_di_serialize_symbolic.c.o
[ 67%] Building C object UMFPACK/CMakeFiles/UMFPACK_static.dir/Source2/umfpack_di_solve.c.o
[ 67%] Building C object UMFPACK/CMakeFiles/UMFPACK_static.dir/Source2/umfpack_di_transpose.c.o
[ 67%] Building C object UMFPACK/CMakeFiles/UMFPACK_static.dir/Source2/umfpack_di_symbolic.c.o
[ 67%] Building C object UMFPACK/CMakeFiles/UMFPACK_static.dir/Source2/umfpack_di_triplet_to_col.c.o
[ 67%] Building C object UMFPACK/CMakeFiles/UMFPACK_static.dir/Source2/umfpack_di_wsolve.c.o
[ 67%] Building C object UMFPACK/CMakeFiles/UMFPACK_static.dir/Source2/umfpack_dl_col_to_triplet.c.o
[ 67%] Building C object UMFPACK/CMakeFiles/UMFPACK_static.dir/Source2/umfpack_dl_copy_numeric.c.o
[ 67%] Building C object UMFPACK/CMakeFiles/UMFPACK_static.dir/Source2/umfpack_dl_copy_symbolic.c.o
[ 67%] Building C object UMFPACK/CMakeFiles/UMFPACK_static.dir/Source2/umfpack_dl_defaults.c.o
[ 67%] Building C object UMFPACK/CMakeFiles/UMFPACK_static.dir/Source2/umfpack_dl_deserialize_numeric.c.o
[ 67%] Building C object UMFPACK/CMakeFiles/UMFPACK_static.dir/Source2/umfpack_dl_deserialize_symbolic.c.o
[ 68%] Building C object UMFPACK/CMakeFiles/UMFPACK_static.dir/Source2/umfpack_dl_free_numeric.c.o
[ 68%] Building C object UMFPACK/CMakeFiles/UMFPACK_static.dir/Source2/umfpack_dl_free_symbolic.c.o
[ 68%] Building C object UMFPACK/CMakeFiles/UMFPACK_static.dir/Source2/umfpack_dl_get_determinant.c.o
[ 68%] Building C object UMFPACK/CMakeFiles/UMFPACK_static.dir/Source2/umfpack_dl_get_lunz.c.o
[ 68%] Building C object UMFPACK/CMakeFiles/UMFPACK_static.dir/Source2/umfpack_dl_get_numeric.c.o
[ 68%] Building C object UMFPACK/CMakeFiles/UMFPACK_static.dir/Source2/umfpack_dl_get_symbolic.c.o
[ 68%] Building C object UMFPACK/CMakeFiles/UMFPACK_static.dir/Source2/umfpack_dl_load_numeric.c.o
[ 68%] Building C object UMFPACK/CMakeFiles/UMFPACK_static.dir/Source2/umfpack_dl_load_symbolic.c.o
[ 68%] Building C object UMFPACK/CMakeFiles/UMFPACK_static.dir/Source2/umfpack_dl_numeric.c.o
[ 68%] Building C object UMFPACK/CMakeFiles/UMFPACK_static.dir/Source2/umfpack_dl_report_control.c.o
[ 68%] Building C object UMFPACK/CMakeFiles/UMFPACK_static.dir/Source2/umfpack_dl_qsymbolic.c.o
[ 68%] Building C object UMFPACK/CMakeFiles/UMFPACK_static.dir/Source2/umfpack_dl_report_info.c.o
[ 68%] Building C object UMFPACK/CMakeFiles/UMFPACK_static.dir/Source2/umfpack_dl_report_matrix.c.o
[ 68%] Building C object UMFPACK/CMakeFiles/UMFPACK_static.dir/Source2/umfpack_dl_report_numeric.c.o
[ 69%] Building C object UMFPACK/CMakeFiles/UMFPACK_static.dir/Source2/umfpack_dl_report_perm.c.o
[ 69%] Building C object UMFPACK/CMakeFiles/UMFPACK_static.dir/Source2/umfpack_dl_report_status.c.o
[ 69%] Building C object UMFPACK/CMakeFiles/UMFPACK_static.dir/Source2/umfpack_dl_report_symbolic.c.o
[ 69%] Building C object UMFPACK/CMakeFiles/UMFPACK_static.dir/Source2/umfpack_dl_report_triplet.c.o
[ 69%] Building C object UMFPACK/CMakeFiles/UMFPACK_static.dir/Source2/umfpack_dl_report_vector.c.o
[ 69%] Building C object UMFPACK/CMakeFiles/UMFPACK_static.dir/Source2/umfpack_dl_save_numeric.c.o
[ 69%] Building C object UMFPACK/CMakeFiles/UMFPACK_static.dir/Source2/umfpack_dl_save_symbolic.c.o
[ 69%] Building C object UMFPACK/CMakeFiles/UMFPACK_static.dir/Source2/umfpack_dl_scale.c.o
[ 69%] Building C object UMFPACK/CMakeFiles/UMFPACK_static.dir/Source2/umfpack_dl_serialize_numeric.c.o
[ 69%] Building C object UMFPACK/CMakeFiles/UMFPACK_static.dir/Source2/umfpack_dl_serialize_symbolic.c.o
[ 69%] Building C object UMFPACK/CMakeFiles/UMFPACK_static.dir/Source2/umfpack_dl_solve.c.o
[ 69%] Building C object UMFPACK/CMakeFiles/UMFPACK_static.dir/Source2/umfpack_dl_symbolic.c.o
[ 69%] Building C object UMFPACK/CMakeFiles/UMFPACK_static.dir/Source2/umfpack_dl_transpose.c.o
[ 69%] Building C object UMFPACK/CMakeFiles/UMFPACK_static.dir/Source2/umfpack_dl_triplet_to_col.c.o
[ 70%] Building C object UMFPACK/CMakeFiles/UMFPACK_static.dir/Source2/umfpack_dl_wsolve.c.o
[ 70%] Built target CHOLMOD
[ 70%] Building C object CHOLMOD/CMakeFiles/cholmod_di_demo.dir/Demo/cholmod_di_demo.c.o
[ 70%] Building C object UMFPACK/CMakeFiles/UMFPACK_static.dir/Source2/umfpack_gn_tictoc.c.o
[ 70%] Building C object UMFPACK/CMakeFiles/UMFPACK_static.dir/Source2/umfpack_gn_timer.c.o
[ 70%] Building C object UMFPACK/CMakeFiles/UMFPACK_static.dir/Source2/umfpack_version.c.o
[ 70%] Building C object CHOLMOD/CMakeFiles/cholmod_dl_demo.dir/Demo/cholmod_dl_demo.c.o
[ 70%] Building C object CHOLMOD/CMakeFiles/cholmod_si_demo.dir/Demo/cholmod_si_demo.c.o
[ 70%] Building C object UMFPACK/CMakeFiles/UMFPACK_static.dir/Source2/umfpack_zi_col_to_triplet.c.o
[ 70%] Building C object UMFPACK/CMakeFiles/UMFPACK_static.dir/Source2/umfpack_zi_copy_numeric.c.o
[ 70%] Building C object UMFPACK/CMakeFiles/UMFPACK_static.dir/Source2/umfpack_zi_copy_symbolic.c.o
[ 70%] Building C object UMFPACK/CMakeFiles/UMFPACK_static.dir/Source2/umfpack_zi_deserialize_numeric.c.o
[ 70%] Building C object UMFPACK/CMakeFiles/UMFPACK_static.dir/Source2/umfpack_zi_defaults.c.o
[ 70%] Building C object UMFPACK/CMakeFiles/UMFPACK_static.dir/Source2/umfpack_zi_deserialize_symbolic.c.o
[ 70%] Building C object UMFPACK/CMakeFiles/UMFPACK_static.dir/Source2/umfpack_zi_free_numeric.c.o
[ 70%] Building C object UMFPACK/CMakeFiles/UMFPACK_static.dir/Source2/umfpack_zi_free_symbolic.c.o
[ 70%] Building C object UMFPACK/CMakeFiles/UMFPACK_static.dir/Source2/umfpack_zi_get_determinant.c.o
[ 70%] Building C object UMFPACK/CMakeFiles/UMFPACK_static.dir/Source2/umfpack_zi_get_lunz.c.o
[ 70%] Building C object CHOLMOD/CMakeFiles/cholmod_sl_demo.dir/Demo/cholmod_sl_demo.c.o
[ 71%] Building C object UMFPACK/CMakeFiles/UMFPACK_static.dir/Source2/umfpack_zi_get_numeric.c.o
[ 71%] Building C object UMFPACK/CMakeFiles/UMFPACK_static.dir/Source2/umfpack_zi_get_symbolic.c.o
[ 71%] Building C object UMFPACK/CMakeFiles/UMFPACK_static.dir/Source2/umfpack_zi_load_numeric.c.o
[ 71%] Building C object UMFPACK/CMakeFiles/UMFPACK_static.dir/Source2/umfpack_zi_load_symbolic.c.o
[ 71%] Building C object UMFPACK/CMakeFiles/UMFPACK_static.dir/Source2/umfpack_zi_numeric.c.o
[ 71%] Building C object UMFPACK/CMakeFiles/UMFPACK_static.dir/Source2/umfpack_zi_qsymbolic.c.o
[ 71%] Building C object UMFPACK/CMakeFiles/UMFPACK_static.dir/Source2/umfpack_zi_report_control.c.o
[ 71%] Building C object UMFPACK/CMakeFiles/UMFPACK_static.dir/Source2/umfpack_zi_report_info.c.o
[ 71%] Building C object UMFPACK/CMakeFiles/UMFPACK_static.dir/Source2/umfpack_zi_report_matrix.c.o
[ 71%] Building C object UMFPACK/CMakeFiles/UMFPACK_static.dir/Source2/umfpack_zi_report_numeric.c.o
[ 71%] Building C object UMFPACK/CMakeFiles/UMFPACK_static.dir/Source2/umfpack_zi_report_perm.c.o
[ 71%] Building C object UMFPACK/CMakeFiles/UMFPACK_static.dir/Source2/umfpack_zi_report_status.c.o
[ 71%] Building C object UMFPACK/CMakeFiles/UMFPACK_static.dir/Source2/umfpack_zi_report_symbolic.c.o
[ 71%] Building C object UMFPACK/CMakeFiles/UMFPACK_static.dir/Source2/umfpack_zi_report_triplet.c.o
[ 72%] Building C object UMFPACK/CMakeFiles/UMFPACK_static.dir/Source2/umfpack_zi_report_vector.c.o
[ 72%] Building C object UMFPACK/CMakeFiles/UMFPACK_static.dir/Source2/umfpack_zi_save_numeric.c.o
[ 72%] Building C object UMFPACK/CMakeFiles/UMFPACK_static.dir/Source2/umfpack_zi_save_symbolic.c.o
[ 72%] Building C object UMFPACK/CMakeFiles/UMFPACK_static.dir/Source2/umfpack_zi_scale.c.o
[ 72%] Building C object UMFPACK/CMakeFiles/UMFPACK_static.dir/Source2/umfpack_zi_serialize_numeric.c.o
[ 72%] Building C object UMFPACK/CMakeFiles/UMFPACK_static.dir/Source2/umfpack_zi_serialize_symbolic.c.o
[ 72%] Building C object UMFPACK/CMakeFiles/UMFPACK_static.dir/Source2/umfpack_zi_solve.c.o
[ 72%] Building C object UMFPACK/CMakeFiles/UMFPACK_static.dir/Source2/umfpack_zi_symbolic.c.o
[ 72%] Building C object UMFPACK/CMakeFiles/UMFPACK_static.dir/Source2/umfpack_zi_transpose.c.o
[ 72%] Building C object UMFPACK/CMakeFiles/UMFPACK_static.dir/Source2/umfpack_zi_triplet_to_col.c.o
[ 72%] Building C object UMFPACK/CMakeFiles/UMFPACK_static.dir/Source2/umfpack_zi_wsolve.c.o
[ 72%] Building C object UMFPACK/CMakeFiles/UMFPACK_static.dir/Source2/umfpack_zl_col_to_triplet.c.o
[ 72%] Building C object UMFPACK/CMakeFiles/UMFPACK_static.dir/Source2/umfpack_zl_copy_numeric.c.o
[ 72%] Building C object UMFPACK/CMakeFiles/UMFPACK_static.dir/Source2/umfpack_zl_copy_symbolic.c.o
[ 73%] Building C object UMFPACK/CMakeFiles/UMFPACK_static.dir/Source2/umfpack_zl_deserialize_numeric.c.o
[ 73%] Building C object UMFPACK/CMakeFiles/UMFPACK_static.dir/Source2/umfpack_zl_defaults.c.o
[ 73%] Building C object UMFPACK/CMakeFiles/UMFPACK_static.dir/Source2/umfpack_zl_deserialize_symbolic.c.o
[ 73%] Building C object UMFPACK/CMakeFiles/UMFPACK_static.dir/Source2/umfpack_zl_free_numeric.c.o
[ 73%] Building C object KLU/CMakeFiles/KLU_CHOLMOD.dir/User/klu_cholmod.c.o
[ 73%] Building C object KLU/CMakeFiles/KLU_CHOLMOD.dir/User/klu_l_cholmod.c.o
[ 73%] Building C object UMFPACK/CMakeFiles/UMFPACK_static.dir/Source2/umfpack_zl_get_determinant.c.o
[ 73%] Building C object UMFPACK/CMakeFiles/UMFPACK_static.dir/Source2/umfpack_zl_get_lunz.c.o
[ 73%] Building C object UMFPACK/CMakeFiles/UMFPACK_static.dir/Source2/umfpack_zl_free_symbolic.c.o
[ 73%] Building C object UMFPACK/CMakeFiles/UMFPACK_static.dir/Source2/umfpack_zl_get_numeric.c.o
[ 73%] Building C object UMFPACK/CMakeFiles/UMFPACK_static.dir/Source2/umfpack_zl_get_symbolic.c.o
[ 73%] Building C object UMFPACK/CMakeFiles/UMFPACK_static.dir/Source2/umfpack_zl_load_numeric.c.o
[ 73%] Building C object UMFPACK/CMakeFiles/UMFPACK_static.dir/Source2/umfpack_zl_load_symbolic.c.o
[ 73%] Building C object UMFPACK/CMakeFiles/UMFPACK_static.dir/Source2/umfpack_zl_numeric.c.o
[ 73%] Building C object UMFPACK/CMakeFiles/UMFPACK_static.dir/Source2/umfpack_zl_qsymbolic.c.o
[ 73%] Building C object UMFPACK/CMakeFiles/UMFPACK_static.dir/Source2/umfpack_zl_report_control.c.o
[ 74%] Building C object UMFPACK/CMakeFiles/UMFPACK_static.dir/Source2/umfpack_zl_report_info.c.o
[ 74%] Building C object UMFPACK/CMakeFiles/UMFPACK_static.dir/Source2/umfpack_zl_report_matrix.c.o
[ 74%] Building C object UMFPACK/CMakeFiles/UMFPACK_static.dir/Source2/umfpack_zl_report_numeric.c.o
[ 74%] Building C object UMFPACK/CMakeFiles/UMFPACK_static.dir/Source2/umfpack_zl_report_perm.c.o
[ 74%] Building C object UMFPACK/CMakeFiles/UMFPACK_static.dir/Source2/umfpack_zl_report_status.c.o
[ 74%] Building C object UMFPACK/CMakeFiles/UMFPACK_static.dir/Source2/umfpack_zl_report_symbolic.c.o
[ 74%] Building C object UMFPACK/CMakeFiles/UMFPACK_static.dir/Source2/umfpack_zl_report_triplet.c.o
[ 74%] Building C object UMFPACK/CMakeFiles/UMFPACK_static.dir/Source2/umfpack_zl_report_vector.c.o
[ 74%] Building C object UMFPACK/CMakeFiles/UMFPACK_static.dir/Source2/umfpack_zl_save_numeric.c.o
[ 74%] Building C object UMFPACK/CMakeFiles/UMFPACK_static.dir/Source2/umfpack_zl_save_symbolic.c.o
[ 74%] Building C object UMFPACK/CMakeFiles/UMFPACK_static.dir/Source2/umfpack_zl_scale.c.o
[ 74%] Building C object UMFPACK/CMakeFiles/UMFPACK_static.dir/Source2/umfpack_zl_serialize_numeric.c.o
[ 74%] Building C object UMFPACK/CMakeFiles/UMFPACK_static.dir/Source2/umfpack_zl_serialize_symbolic.c.o
[ 74%] Building C object UMFPACK/CMakeFiles/UMFPACK_static.dir/Source2/umfpack_zl_solve.c.o
[ 75%] Building C object UMFPACK/CMakeFiles/UMFPACK_static.dir/Source2/umfpack_zl_symbolic.c.o
[ 75%] Building C object UMFPACK/CMakeFiles/UMFPACK_static.dir/Source2/umfpack_zl_transpose.c.o
[ 75%] Building C object UMFPACK/CMakeFiles/UMFPACK_static.dir/Source2/umfpack_zl_triplet_to_col.c.o
[ 75%] Building C object UMFPACK/CMakeFiles/UMFPACK_static.dir/Source2/umfpack_zl_wsolve.c.o
[ 75%] Building C object UMFPACK/CMakeFiles/UMFPACK.dir/Source2/umf_di_assemble.c.o
[ 75%] Building C object UMFPACK/CMakeFiles/UMFPACK.dir/Source2/umf_di_assemble_fixq.c.o
[ 75%] Building C object UMFPACK/CMakeFiles/UMFPACK.dir/Source2/umf_di_blas3_update.c.o
[ 75%] Building C object UMFPACK/CMakeFiles/UMFPACK.dir/Source2/umf_di_build_tuples.c.o
[ 75%] Building C object UMFPACK/CMakeFiles/UMFPACK.dir/Source2/umf_di_create_element.c.o
[ 75%] Building C object UMFPACK/CMakeFiles/UMFPACK.dir/Source2/umf_di_extend_front.c.o
[ 75%] Building C object UMFPACK/CMakeFiles/UMFPACK.dir/Source2/umf_di_dump.c.o
[ 75%] Building C object UMFPACK/CMakeFiles/UMFPACK.dir/Source2/umf_di_garbage_collection.c.o
[ 75%] Building C object UMFPACK/CMakeFiles/UMFPACK.dir/Source2/umf_di_get_memory.c.o
[ 76%] Building C object UMFPACK/CMakeFiles/UMFPACK.dir/Source2/umf_di_grow_front.c.o
[ 76%] Building C object UMFPACK/CMakeFiles/UMFPACK.dir/Source2/umf_di_init_front.c.o
[ 76%] Building C object UMFPACK/CMakeFiles/UMFPACK.dir/Source2/umf_di_kernel.c.o
[ 76%] Building C object UMFPACK/CMakeFiles/UMFPACK.dir/Source2/umf_di_kernel_init.c.o
[ 76%] Building C object UMFPACK/CMakeFiles/UMFPACK.dir/Source2/umf_di_kernel_wrapup.c.o
[ 76%] Building C object UMFPACK/CMakeFiles/UMFPACK.dir/Source2/umf_di_lhsolve.c.o
[ 76%] Building C object UMFPACK/CMakeFiles/UMFPACK.dir/Source2/umf_di_local_search.c.o
[ 76%] Building C object UMFPACK/CMakeFiles/UMFPACK.dir/Source2/umf_di_lsolve.c.o
[ 76%] Building C object UMFPACK/CMakeFiles/UMFPACK.dir/Source2/umf_di_ltsolve.c.o
[ 76%] Building C object UMFPACK/CMakeFiles/UMFPACK.dir/Source2/umf_di_mem_alloc_element.c.o
[ 76%] Building C object UMFPACK/CMakeFiles/UMFPACK.dir/Source2/umf_di_mem_alloc_head_block.c.o
[ 76%] Building C object UMFPACK/CMakeFiles/UMFPACK.dir/Source2/umf_di_mem_alloc_tail_block.c.o
[ 76%] Building C object UMFPACK/CMakeFiles/UMFPACK.dir/Source2/umf_di_mem_free_tail_block.c.o
[ 76%] Building C object UMFPACK/CMakeFiles/UMFPACK.dir/Source2/umf_di_mem_init_memoryspace.c.o
[ 77%] Building C object UMFPACK/CMakeFiles/UMFPACK.dir/Source2/umf_di_report_vector.c.o
[ 77%] Building C object UMFPACK/CMakeFiles/UMFPACK.dir/Source2/umf_di_row_search.c.o
[ 77%] Building C object UMFPACK/CMakeFiles/UMFPACK.dir/Source2/umf_di_scale.c.o
[ 77%] Building C object UMFPACK/CMakeFiles/UMFPACK.dir/Source2/umf_di_scale_column.c.o
[ 77%] Building C object UMFPACK/CMakeFiles/UMFPACK.dir/Source2/umf_di_set_stats.c.o
[ 77%] Linking C executable cholmod_di_demo
[ 77%] Building C object UMFPACK/CMakeFiles/UMFPACK.dir/Source2/umf_di_solve.c.o
[ 77%] Building C object UMFPACK/CMakeFiles/UMFPACK.dir/Source2/umf_di_start_front.c.o
[ 77%] Building C object UMFPACK/CMakeFiles/UMFPACK.dir/Source2/umf_di_store_lu.c.o
[ 77%] Linking C executable cholmod_dl_demo
[ 77%] Linking C executable cholmod_si_demo
[ 77%] Building C object UMFPACK/CMakeFiles/UMFPACK.dir/Source2/umf_di_store_lu_drop.c.o
[ 77%] Building C object UMFPACK/CMakeFiles/UMFPACK.dir/Source2/umf_di_symbolic_usage.c.o
[ 77%] Building C object UMFPACK/CMakeFiles/UMFPACK.dir/Source2/umf_di_transpose.c.o
[ 77%] Building C object UMFPACK/CMakeFiles/UMFPACK.dir/Source2/umf_di_triplet_map_nox.c.o
[ 77%] Building C object UMFPACK/CMakeFiles/UMFPACK.dir/Source2/umf_di_triplet_map_x.c.o
[ 77%] Building C object UMFPACK/CMakeFiles/UMFPACK.dir/Source2/umf_di_triplet_nomap_nox.c.o
[ 78%] Building C object UMFPACK/CMakeFiles/UMFPACK.dir/Source2/umf_di_triplet_nomap_x.c.o
[ 78%] Building C object UMFPACK/CMakeFiles/UMFPACK.dir/Source2/umf_di_tuple_lengths.c.o
[ 78%] Building C object UMFPACK/CMakeFiles/UMFPACK.dir/Source2/umf_di_uhsolve.c.o
[ 78%] Building C object UMFPACK/CMakeFiles/UMFPACK.dir/Source2/umf_di_usolve.c.o
[ 78%] Linking C executable cholmod_sl_demo
[ 78%] Building C object UMFPACK/CMakeFiles/UMFPACK.dir/Source2/umf_di_utsolve.c.o
[ 78%] Building C object UMFPACK/CMakeFiles/UMFPACK.dir/Source2/umf_di_valid_numeric.c.o
[ 78%] Building C object UMFPACK/CMakeFiles/UMFPACK.dir/Source2/umf_di_valid_symbolic.c.o
[ 78%] Building C object UMFPACK/CMakeFiles/UMFPACK.dir/Source2/umf_dl_assemble.c.o
[ 78%] Building C object UMFPACK/CMakeFiles/UMFPACK.dir/Source2/umf_dl_assemble_fixq.c.o
[ 78%] Building C object UMFPACK/CMakeFiles/UMFPACK.dir/Source2/umf_dl_blas3_update.c.o
[ 78%] Building C object UMFPACK/CMakeFiles/UMFPACK.dir/Source2/umf_dl_build_tuples.c.o
[ 78%] Building C object UMFPACK/CMakeFiles/UMFPACK.dir/Source2/umf_dl_create_element.c.o
[ 78%] Building C object UMFPACK/CMakeFiles/UMFPACK.dir/Source2/umf_dl_dump.c.o
[ 78%] Building C object UMFPACK/CMakeFiles/UMFPACK.dir/Source2/umf_dl_extend_front.c.o
[ 79%] Building C object UMFPACK/CMakeFiles/UMFPACK.dir/Source2/umf_dl_garbage_collection.c.o
[ 79%] Building C object UMFPACK/CMakeFiles/UMFPACK.dir/Source2/umf_dl_get_memory.c.o
[ 79%] Building C object UMFPACK/CMakeFiles/UMFPACK.dir/Source2/umf_dl_grow_front.c.o
[ 79%] Building C object UMFPACK/CMakeFiles/UMFPACK.dir/Source2/umf_dl_init_front.c.o
[ 79%] Building C object UMFPACK/CMakeFiles/UMFPACK.dir/Source2/umf_dl_kernel.c.o
[ 79%] Building C object UMFPACK/CMakeFiles/UMFPACK.dir/Source2/umf_dl_kernel_init.c.o
[ 79%] Building C object UMFPACK/CMakeFiles/UMFPACK.dir/Source2/umf_dl_kernel_wrapup.c.o
[ 79%] Building C object UMFPACK/CMakeFiles/UMFPACK.dir/Source2/umf_dl_lhsolve.c.o
[ 79%] Building C object UMFPACK/CMakeFiles/UMFPACK.dir/Source2/umf_dl_local_search.c.o
[ 79%] Building C object UMFPACK/CMakeFiles/UMFPACK.dir/Source2/umf_dl_lsolve.c.o
[ 79%] Building C object UMFPACK/CMakeFiles/UMFPACK.dir/Source2/umf_dl_ltsolve.c.o
[ 79%] Building C object UMFPACK/CMakeFiles/UMFPACK.dir/Source2/umf_dl_mem_alloc_element.c.o
[ 79%] Building C object UMFPACK/CMakeFiles/UMFPACK.dir/Source2/umf_dl_mem_alloc_head_block.c.o
[ 79%] Building C object UMFPACK/CMakeFiles/UMFPACK.dir/Source2/umf_dl_mem_alloc_tail_block.c.o
[ 80%] Building C object UMFPACK/CMakeFiles/UMFPACK.dir/Source2/umf_dl_mem_free_tail_block.c.o
[ 80%] Building C object UMFPACK/CMakeFiles/UMFPACK.dir/Source2/umf_dl_mem_init_memoryspace.c.o
[ 80%] Building C object UMFPACK/CMakeFiles/UMFPACK.dir/Source2/umf_dl_report_vector.c.o
[ 80%] Building C object UMFPACK/CMakeFiles/UMFPACK.dir/Source2/umf_dl_row_search.c.o
[ 80%] Building C object UMFPACK/CMakeFiles/UMFPACK.dir/Source2/umf_dl_scale.c.o
[ 80%] Building C object UMFPACK/CMakeFiles/UMFPACK.dir/Source2/umf_dl_scale_column.c.o
[ 80%] Building C object UMFPACK/CMakeFiles/UMFPACK.dir/Source2/umf_dl_set_stats.c.o
[ 80%] Building C object UMFPACK/CMakeFiles/UMFPACK.dir/Source2/umf_dl_solve.c.o
[ 80%] Building C object UMFPACK/CMakeFiles/UMFPACK.dir/Source2/umf_dl_start_front.c.o
[ 80%] Building C object UMFPACK/CMakeFiles/UMFPACK.dir/Source2/umf_dl_store_lu.c.o
[ 80%] Building C object UMFPACK/CMakeFiles/UMFPACK.dir/Source2/umf_dl_store_lu_drop.c.o
[ 80%] Building C object UMFPACK/CMakeFiles/UMFPACK.dir/Source2/umf_dl_symbolic_usage.c.o
[ 80%] Linking C shared library libklu_cholmod.so
[ 80%] Building C object UMFPACK/CMakeFiles/UMFPACK.dir/Source2/umf_dl_transpose.c.o
[ 80%] Building C object UMFPACK/CMakeFiles/UMFPACK.dir/Source2/umf_dl_triplet_map_nox.c.o
[ 81%] Building C object UMFPACK/CMakeFiles/UMFPACK.dir/Source2/umf_dl_triplet_map_x.c.o
[ 81%] Building C object UMFPACK/CMakeFiles/UMFPACK.dir/Source2/umf_dl_triplet_nomap_nox.c.o
[ 81%] Building C object UMFPACK/CMakeFiles/UMFPACK.dir/Source2/umf_dl_triplet_nomap_x.c.o
[ 81%] Building C object UMFPACK/CMakeFiles/UMFPACK.dir/Source2/umf_dl_uhsolve.c.o
[ 81%] Building C object UMFPACK/CMakeFiles/UMFPACK.dir/Source2/umf_dl_tuple_lengths.c.o
[ 81%] Building C object UMFPACK/CMakeFiles/UMFPACK.dir/Source2/umf_dl_usolve.c.o
[ 81%] Building C object UMFPACK/CMakeFiles/UMFPACK.dir/Source2/umf_dl_utsolve.c.o
[ 81%] Building C object UMFPACK/CMakeFiles/UMFPACK.dir/Source2/umf_dl_valid_numeric.c.o
[ 81%] Building C object UMFPACK/CMakeFiles/UMFPACK.dir/Source2/umf_dl_valid_symbolic.c.o
[ 81%] Building C object UMFPACK/CMakeFiles/UMFPACK.dir/Source2/umf_i_analyze.c.o
[ 81%] Building C object UMFPACK/CMakeFiles/UMFPACK.dir/Source2/umf_i_apply_order.c.o
[ 81%] Building C object UMFPACK/CMakeFiles/UMFPACK.dir/Source2/umf_i_cholmod.c.o
[ 81%] Building C object UMFPACK/CMakeFiles/UMFPACK.dir/Source2/umf_i_colamd.c.o
[ 81%] Building C object UMFPACK/CMakeFiles/UMFPACK.dir/Source2/umf_i_free.c.o
[ 82%] Building C object UMFPACK/CMakeFiles/UMFPACK.dir/Source2/umf_i_fsize.c.o
[ 82%] Building C object UMFPACK/CMakeFiles/UMFPACK.dir/Source2/umf_i_is_permutation.c.o
[ 82%] Building C object UMFPACK/CMakeFiles/UMFPACK.dir/Source2/umf_i_malloc.c.o
[ 82%] Building C object UMFPACK/CMakeFiles/UMFPACK.dir/Source2/umf_i_realloc.c.o
[ 82%] Building C object UMFPACK/CMakeFiles/UMFPACK.dir/Source2/umf_i_report_perm.c.o
[ 82%] Building C object UMFPACK/CMakeFiles/UMFPACK.dir/Source2/umf_i_singletons.c.o
[ 82%] Linking C static library libumfpack.a
[ 82%] Building C object UMFPACK/CMakeFiles/UMFPACK.dir/Source2/umf_l_analyze.c.o
[ 82%] Building C object UMFPACK/CMakeFiles/UMFPACK.dir/Source2/umf_l_apply_order.c.o
[ 82%] Building C object UMFPACK/CMakeFiles/UMFPACK.dir/Source2/umf_l_cholmod.c.o
[ 82%] Building C object UMFPACK/CMakeFiles/UMFPACK.dir/Source2/umf_l_free.c.o
[ 82%] Building C object UMFPACK/CMakeFiles/UMFPACK.dir/Source2/umf_l_colamd.c.o
[ 82%] Building C object UMFPACK/CMakeFiles/UMFPACK.dir/Source2/umf_l_fsize.c.o
[ 82%] Building C object UMFPACK/CMakeFiles/UMFPACK.dir/Source2/umf_l_is_permutation.c.o
[ 82%] Building C object UMFPACK/CMakeFiles/UMFPACK.dir/Source2/umf_l_malloc.c.o
[ 83%] Building C object UMFPACK/CMakeFiles/UMFPACK.dir/Source2/umf_l_realloc.c.o
[ 83%] Built target UMFPACK_static
[ 83%] Building C object UMFPACK/CMakeFiles/UMFPACK.dir/Source2/umf_l_report_perm.c.o
[ 83%] Building C object UMFPACK/CMakeFiles/UMFPACK.dir/Source2/umf_l_singletons.c.o
[ 83%] Building C object UMFPACK/CMakeFiles/UMFPACK.dir/Source2/umf_zi_assemble.c.o
[ 83%] Building C object UMFPACK/CMakeFiles/UMFPACK.dir/Source2/umf_zi_blas3_update.c.o
[ 83%] Building C object UMFPACK/CMakeFiles/UMFPACK.dir/Source2/umf_zi_assemble_fixq.c.o
[ 83%] Building C object UMFPACK/CMakeFiles/UMFPACK.dir/Source2/umf_zi_build_tuples.c.o
[ 83%] Building C object UMFPACK/CMakeFiles/UMFPACK.dir/Source2/umf_zi_create_element.c.o
[ 83%] Building C object UMFPACK/CMakeFiles/UMFPACK.dir/Source2/umf_zi_dump.c.o
[ 83%] Built target cholmod_di_demo
[ 83%] Building C object UMFPACK/CMakeFiles/UMFPACK.dir/Source2/umf_zi_extend_front.c.o
[ 83%] Building C object UMFPACK/CMakeFiles/UMFPACK.dir/Source2/umf_zi_garbage_collection.c.o
[ 83%] Building C object UMFPACK/CMakeFiles/UMFPACK.dir/Source2/umf_zi_get_memory.c.o
[ 83%] Building C object UMFPACK/CMakeFiles/UMFPACK.dir/Source2/umf_zi_grow_front.c.o
[ 83%] Building C object UMFPACK/CMakeFiles/UMFPACK.dir/Source2/umf_zi_init_front.c.o
[ 84%] Building C object UMFPACK/CMakeFiles/UMFPACK.dir/Source2/umf_zi_kernel.c.o
[ 84%] Building C object UMFPACK/CMakeFiles/UMFPACK.dir/Source2/umf_zi_kernel_init.c.o
[ 84%] Building C object UMFPACK/CMakeFiles/UMFPACK.dir/Source2/umf_zi_kernel_wrapup.c.o
[ 84%] Building C object UMFPACK/CMakeFiles/UMFPACK.dir/Source2/umf_zi_lhsolve.c.o
[ 84%] Building C object UMFPACK/CMakeFiles/UMFPACK.dir/Source2/umf_zi_local_search.c.o
[ 84%] Building C object UMFPACK/CMakeFiles/UMFPACK.dir/Source2/umf_zi_lsolve.c.o
[ 84%] Building C object UMFPACK/CMakeFiles/UMFPACK.dir/Source2/umf_zi_ltsolve.c.o
[ 84%] Built target cholmod_dl_demo
[ 84%] Building C object UMFPACK/CMakeFiles/UMFPACK.dir/Source2/umf_zi_mem_alloc_element.c.o
[ 84%] Built target cholmod_si_demo
[ 84%] Building C object UMFPACK/CMakeFiles/UMFPACK.dir/Source2/umf_zi_mem_alloc_head_block.c.o
[ 84%] Building C object UMFPACK/CMakeFiles/UMFPACK.dir/Source2/umf_zi_mem_alloc_tail_block.c.o
[ 84%] Building C object UMFPACK/CMakeFiles/UMFPACK.dir/Source2/umf_zi_mem_free_tail_block.c.o
[ 84%] Building C object UMFPACK/CMakeFiles/UMFPACK.dir/Source2/umf_zi_mem_init_memoryspace.c.o
[ 84%] Building C object UMFPACK/CMakeFiles/UMFPACK.dir/Source2/umf_zi_report_vector.c.o
[ 85%] Building C object UMFPACK/CMakeFiles/UMFPACK.dir/Source2/umf_zi_row_search.c.o
[ 85%] Building C object UMFPACK/CMakeFiles/UMFPACK.dir/Source2/umf_zi_scale.c.o
[ 85%] Building C object UMFPACK/CMakeFiles/UMFPACK.dir/Source2/umf_zi_scale_column.c.o
[ 85%] Building C object UMFPACK/CMakeFiles/UMFPACK.dir/Source2/umf_zi_set_stats.c.o
[ 85%] Built target cholmod_sl_demo
[ 85%] Building C object UMFPACK/CMakeFiles/UMFPACK.dir/Source2/umf_zi_solve.c.o
[ 85%] Building C object UMFPACK/CMakeFiles/UMFPACK.dir/Source2/umf_zi_start_front.c.o
[ 85%] Building C object UMFPACK/CMakeFiles/UMFPACK.dir/Source2/umf_zi_store_lu.c.o
[ 85%] Building C object UMFPACK/CMakeFiles/UMFPACK.dir/Source2/umf_zi_store_lu_drop.c.o
[ 85%] Building C object UMFPACK/CMakeFiles/UMFPACK.dir/Source2/umf_zi_symbolic_usage.c.o
[ 85%] Building C object UMFPACK/CMakeFiles/UMFPACK.dir/Source2/umf_zi_transpose.c.o
[ 85%] Building C object UMFPACK/CMakeFiles/UMFPACK.dir/Source2/umf_zi_triplet_map_nox.c.o
[ 85%] Building C object UMFPACK/CMakeFiles/UMFPACK.dir/Source2/umf_zi_triplet_map_x.c.o
[ 85%] Building C object UMFPACK/CMakeFiles/UMFPACK.dir/Source2/umf_zi_triplet_nomap_nox.c.o
[ 85%] Building C object UMFPACK/CMakeFiles/UMFPACK.dir/Source2/umf_zi_triplet_nomap_x.c.o
[ 86%] Building C object UMFPACK/CMakeFiles/UMFPACK.dir/Source2/umf_zi_tuple_lengths.c.o
[ 86%] Building C object UMFPACK/CMakeFiles/UMFPACK.dir/Source2/umf_zi_uhsolve.c.o
[ 86%] Building C object UMFPACK/CMakeFiles/UMFPACK.dir/Source2/umf_zi_usolve.c.o
[ 86%] Building C object UMFPACK/CMakeFiles/UMFPACK.dir/Source2/umf_zi_utsolve.c.o
[ 86%] Building C object UMFPACK/CMakeFiles/UMFPACK.dir/Source2/umf_zi_valid_numeric.c.o
[ 86%] Building C object UMFPACK/CMakeFiles/UMFPACK.dir/Source2/umf_zi_valid_symbolic.c.o
[ 86%] Building C object UMFPACK/CMakeFiles/UMFPACK.dir/Source2/umf_zl_assemble.c.o
[ 86%] Building C object UMFPACK/CMakeFiles/UMFPACK.dir/Source2/umf_zl_assemble_fixq.c.o
[ 86%] Building C object UMFPACK/CMakeFiles/UMFPACK.dir/Source2/umf_zl_blas3_update.c.o
[ 86%] Building C object UMFPACK/CMakeFiles/UMFPACK.dir/Source2/umf_zl_build_tuples.c.o
[ 86%] Building C object UMFPACK/CMakeFiles/UMFPACK.dir/Source2/umf_zl_create_element.c.o
[ 86%] Building C object UMFPACK/CMakeFiles/UMFPACK.dir/Source2/umf_zl_dump.c.o
[ 86%] Building C object UMFPACK/CMakeFiles/UMFPACK.dir/Source2/umf_zl_extend_front.c.o
[ 86%] Building C object UMFPACK/CMakeFiles/UMFPACK.dir/Source2/umf_zl_garbage_collection.c.o
[ 87%] Building C object UMFPACK/CMakeFiles/UMFPACK.dir/Source2/umf_zl_get_memory.c.o
[ 87%] Building C object UMFPACK/CMakeFiles/UMFPACK.dir/Source2/umf_zl_grow_front.c.o
[ 87%] Building C object UMFPACK/CMakeFiles/UMFPACK.dir/Source2/umf_zl_init_front.c.o
[ 87%] Building C object UMFPACK/CMakeFiles/UMFPACK.dir/Source2/umf_zl_kernel.c.o
[ 87%] Building C object UMFPACK/CMakeFiles/UMFPACK.dir/Source2/umf_zl_kernel_init.c.o
[ 87%] Built target KLU_CHOLMOD
[ 87%] Building C object UMFPACK/CMakeFiles/UMFPACK.dir/Source2/umf_zl_kernel_wrapup.c.o
[ 87%] Building C object UMFPACK/CMakeFiles/UMFPACK.dir/Source2/umf_zl_lhsolve.c.o
[ 87%] Building C object UMFPACK/CMakeFiles/UMFPACK.dir/Source2/umf_zl_local_search.c.o
[ 87%] Building C object UMFPACK/CMakeFiles/UMFPACK.dir/Source2/umf_zl_lsolve.c.o
[ 87%] Building C object UMFPACK/CMakeFiles/UMFPACK.dir/Source2/umf_zl_ltsolve.c.o
[ 87%] Building C object UMFPACK/CMakeFiles/UMFPACK.dir/Source2/umf_zl_mem_alloc_element.c.o
[ 87%] Building C object UMFPACK/CMakeFiles/UMFPACK.dir/Source2/umf_zl_mem_alloc_head_block.c.o
[ 87%] Building C object UMFPACK/CMakeFiles/UMFPACK.dir/Source2/umf_zl_mem_alloc_tail_block.c.o
[ 87%] Building C object UMFPACK/CMakeFiles/UMFPACK.dir/Source2/umf_zl_mem_free_tail_block.c.o
[ 88%] Building C object UMFPACK/CMakeFiles/UMFPACK.dir/Source2/umf_zl_mem_init_memoryspace.c.o
[ 88%] Building C object UMFPACK/CMakeFiles/UMFPACK.dir/Source2/umf_zl_report_vector.c.o
[ 88%] Building C object UMFPACK/CMakeFiles/UMFPACK.dir/Source2/umf_zl_row_search.c.o
[ 88%] Building C object UMFPACK/CMakeFiles/UMFPACK.dir/Source2/umf_zl_scale.c.o
[ 88%] Building C object UMFPACK/CMakeFiles/UMFPACK.dir/Source2/umf_zl_scale_column.c.o
[ 88%] Building C object UMFPACK/CMakeFiles/UMFPACK.dir/Source2/umf_zl_set_stats.c.o
[ 88%] Building C object UMFPACK/CMakeFiles/UMFPACK.dir/Source2/umf_zl_solve.c.o
[ 88%] Building C object UMFPACK/CMakeFiles/UMFPACK.dir/Source2/umf_zl_start_front.c.o
[ 88%] Building C object UMFPACK/CMakeFiles/UMFPACK.dir/Source2/umf_zl_store_lu.c.o
[ 88%] Building C object UMFPACK/CMakeFiles/UMFPACK.dir/Source2/umf_zl_store_lu_drop.c.o
[ 88%] Building C object UMFPACK/CMakeFiles/UMFPACK.dir/Source2/umf_zl_symbolic_usage.c.o
[ 88%] Building C object UMFPACK/CMakeFiles/UMFPACK.dir/Source2/umf_zl_transpose.c.o
[ 88%] Building C object UMFPACK/CMakeFiles/UMFPACK.dir/Source2/umf_zl_triplet_map_nox.c.o
[ 88%] Building C object UMFPACK/CMakeFiles/UMFPACK.dir/Source2/umf_zl_triplet_map_x.c.o
[ 89%] Building C object UMFPACK/CMakeFiles/UMFPACK.dir/Source2/umf_zl_triplet_nomap_nox.c.o
[ 89%] Building C object UMFPACK/CMakeFiles/UMFPACK.dir/Source2/umf_zl_triplet_nomap_x.c.o
[ 89%] Building C object UMFPACK/CMakeFiles/UMFPACK.dir/Source2/umf_zl_tuple_lengths.c.o
[ 89%] Building C object UMFPACK/CMakeFiles/UMFPACK.dir/Source2/umf_zl_uhsolve.c.o
[ 89%] Building C object UMFPACK/CMakeFiles/UMFPACK.dir/Source2/umf_zl_usolve.c.o
[ 89%] Building C object UMFPACK/CMakeFiles/UMFPACK.dir/Source2/umf_zl_utsolve.c.o
[ 89%] Building C object UMFPACK/CMakeFiles/UMFPACK.dir/Source2/umf_zl_valid_numeric.c.o
[ 89%] Building C object UMFPACK/CMakeFiles/UMFPACK.dir/Source2/umf_zl_valid_symbolic.c.o
[ 89%] Building C object UMFPACK/CMakeFiles/UMFPACK.dir/Source2/umfpack_di_col_to_triplet.c.o
[ 89%] Building C object UMFPACK/CMakeFiles/UMFPACK.dir/Source2/umfpack_di_copy_numeric.c.o
[ 89%] Building C object UMFPACK/CMakeFiles/UMFPACK.dir/Source2/umfpack_di_copy_symbolic.c.o
[ 89%] Building C object UMFPACK/CMakeFiles/UMFPACK.dir/Source2/umfpack_di_defaults.c.o
[ 89%] Building C object UMFPACK/CMakeFiles/UMFPACK.dir/Source2/umfpack_di_deserialize_numeric.c.o
[ 89%] Building C object UMFPACK/CMakeFiles/UMFPACK.dir/Source2/umfpack_di_deserialize_symbolic.c.o
[ 90%] Building C object UMFPACK/CMakeFiles/UMFPACK.dir/Source2/umfpack_di_free_numeric.c.o
[ 90%] Building C object UMFPACK/CMakeFiles/UMFPACK.dir/Source2/umfpack_di_free_symbolic.c.o
[ 90%] Building C object UMFPACK/CMakeFiles/UMFPACK.dir/Source2/umfpack_di_get_determinant.c.o
[ 90%] Building C object UMFPACK/CMakeFiles/UMFPACK.dir/Source2/umfpack_di_get_lunz.c.o
[ 90%] Building C object UMFPACK/CMakeFiles/UMFPACK.dir/Source2/umfpack_di_get_numeric.c.o
[ 90%] Building C object UMFPACK/CMakeFiles/UMFPACK.dir/Source2/umfpack_di_get_symbolic.c.o
[ 90%] Building C object UMFPACK/CMakeFiles/UMFPACK.dir/Source2/umfpack_di_load_numeric.c.o
[ 90%] Building C object UMFPACK/CMakeFiles/UMFPACK.dir/Source2/umfpack_di_load_symbolic.c.o
[ 90%] Building C object UMFPACK/CMakeFiles/UMFPACK.dir/Source2/umfpack_di_numeric.c.o
[ 90%] Building C object UMFPACK/CMakeFiles/UMFPACK.dir/Source2/umfpack_di_qsymbolic.c.o
[ 90%] Building C object UMFPACK/CMakeFiles/UMFPACK.dir/Source2/umfpack_di_report_control.c.o
[ 90%] Building C object UMFPACK/CMakeFiles/UMFPACK.dir/Source2/umfpack_di_report_info.c.o
[ 90%] Building C object UMFPACK/CMakeFiles/UMFPACK.dir/Source2/umfpack_di_report_matrix.c.o
[ 90%] Building C object UMFPACK/CMakeFiles/UMFPACK.dir/Source2/umfpack_di_report_numeric.c.o
[ 91%] Building C object UMFPACK/CMakeFiles/UMFPACK.dir/Source2/umfpack_di_report_perm.c.o
[ 91%] Building C object UMFPACK/CMakeFiles/UMFPACK.dir/Source2/umfpack_di_report_status.c.o
[ 91%] Building C object UMFPACK/CMakeFiles/UMFPACK.dir/Source2/umfpack_di_report_symbolic.c.o
[ 91%] Building C object UMFPACK/CMakeFiles/UMFPACK.dir/Source2/umfpack_di_report_triplet.c.o
[ 91%] Building C object UMFPACK/CMakeFiles/UMFPACK.dir/Source2/umfpack_di_report_vector.c.o
[ 91%] Building C object UMFPACK/CMakeFiles/UMFPACK.dir/Source2/umfpack_di_save_numeric.c.o
[ 91%] Building C object UMFPACK/CMakeFiles/UMFPACK.dir/Source2/umfpack_di_save_symbolic.c.o
[ 91%] Building C object UMFPACK/CMakeFiles/UMFPACK.dir/Source2/umfpack_di_scale.c.o
[ 91%] Building C object UMFPACK/CMakeFiles/UMFPACK.dir/Source2/umfpack_di_serialize_numeric.c.o
[ 91%] Building C object UMFPACK/CMakeFiles/UMFPACK.dir/Source2/umfpack_di_serialize_symbolic.c.o
[ 91%] Building C object UMFPACK/CMakeFiles/UMFPACK.dir/Source2/umfpack_di_solve.c.o
[ 91%] Building C object UMFPACK/CMakeFiles/UMFPACK.dir/Source2/umfpack_di_symbolic.c.o
[ 91%] Building C object UMFPACK/CMakeFiles/UMFPACK.dir/Source2/umfpack_di_transpose.c.o
[ 91%] Building C object UMFPACK/CMakeFiles/UMFPACK.dir/Source2/umfpack_di_triplet_to_col.c.o
[ 92%] Building C object UMFPACK/CMakeFiles/UMFPACK.dir/Source2/umfpack_di_wsolve.c.o
[ 92%] Building C object UMFPACK/CMakeFiles/UMFPACK.dir/Source2/umfpack_dl_col_to_triplet.c.o
[ 92%] Building C object UMFPACK/CMakeFiles/UMFPACK.dir/Source2/umfpack_dl_copy_numeric.c.o
[ 92%] Building C object UMFPACK/CMakeFiles/UMFPACK.dir/Source2/umfpack_dl_defaults.c.o
[ 92%] Building C object UMFPACK/CMakeFiles/UMFPACK.dir/Source2/umfpack_dl_copy_symbolic.c.o
[ 92%] Building C object UMFPACK/CMakeFiles/UMFPACK.dir/Source2/umfpack_dl_deserialize_numeric.c.o
[ 92%] Building C object UMFPACK/CMakeFiles/UMFPACK.dir/Source2/umfpack_dl_deserialize_symbolic.c.o
[ 92%] Building C object UMFPACK/CMakeFiles/UMFPACK.dir/Source2/umfpack_dl_free_numeric.c.o
[ 92%] Building C object UMFPACK/CMakeFiles/UMFPACK.dir/Source2/umfpack_dl_free_symbolic.c.o
[ 92%] Building C object UMFPACK/CMakeFiles/UMFPACK.dir/Source2/umfpack_dl_get_determinant.c.o
[ 92%] Building C object UMFPACK/CMakeFiles/UMFPACK.dir/Source2/umfpack_dl_get_lunz.c.o
[ 92%] Building C object UMFPACK/CMakeFiles/UMFPACK.dir/Source2/umfpack_dl_get_numeric.c.o
[ 92%] Building C object UMFPACK/CMakeFiles/UMFPACK.dir/Source2/umfpack_dl_get_symbolic.c.o
[ 92%] Building C object UMFPACK/CMakeFiles/UMFPACK.dir/Source2/umfpack_dl_load_numeric.c.o
[ 93%] Building C object UMFPACK/CMakeFiles/UMFPACK.dir/Source2/umfpack_dl_load_symbolic.c.o
[ 93%] Building C object UMFPACK/CMakeFiles/UMFPACK.dir/Source2/umfpack_dl_numeric.c.o
[ 93%] Building C object UMFPACK/CMakeFiles/UMFPACK.dir/Source2/umfpack_dl_qsymbolic.c.o
[ 93%] Building C object UMFPACK/CMakeFiles/UMFPACK.dir/Source2/umfpack_dl_report_control.c.o
[ 93%] Building C object UMFPACK/CMakeFiles/UMFPACK.dir/Source2/umfpack_dl_report_info.c.o
[ 93%] Building C object UMFPACK/CMakeFiles/UMFPACK.dir/Source2/umfpack_dl_report_matrix.c.o
[ 93%] Building C object UMFPACK/CMakeFiles/UMFPACK.dir/Source2/umfpack_dl_report_numeric.c.o
[ 93%] Building C object UMFPACK/CMakeFiles/UMFPACK.dir/Source2/umfpack_dl_report_perm.c.o
[ 93%] Building C object UMFPACK/CMakeFiles/UMFPACK.dir/Source2/umfpack_dl_report_status.c.o
[ 93%] Building C object UMFPACK/CMakeFiles/UMFPACK.dir/Source2/umfpack_dl_report_symbolic.c.o
[ 93%] Building C object UMFPACK/CMakeFiles/UMFPACK.dir/Source2/umfpack_dl_report_triplet.c.o
[ 93%] Building C object UMFPACK/CMakeFiles/UMFPACK.dir/Source2/umfpack_dl_report_vector.c.o
[ 93%] Building C object UMFPACK/CMakeFiles/UMFPACK.dir/Source2/umfpack_dl_save_numeric.c.o
[ 93%] Building C object UMFPACK/CMakeFiles/UMFPACK.dir/Source2/umfpack_dl_save_symbolic.c.o
[ 94%] Building C object UMFPACK/CMakeFiles/UMFPACK.dir/Source2/umfpack_dl_scale.c.o
[ 94%] Building C object UMFPACK/CMakeFiles/UMFPACK.dir/Source2/umfpack_dl_serialize_numeric.c.o
[ 94%] Building C object UMFPACK/CMakeFiles/UMFPACK.dir/Source2/umfpack_dl_serialize_symbolic.c.o
[ 94%] Building C object UMFPACK/CMakeFiles/UMFPACK.dir/Source2/umfpack_dl_solve.c.o
[ 94%] Building C object UMFPACK/CMakeFiles/UMFPACK.dir/Source2/umfpack_dl_symbolic.c.o
[ 94%] Building C object UMFPACK/CMakeFiles/UMFPACK.dir/Source2/umfpack_dl_transpose.c.o
[ 94%] Building C object UMFPACK/CMakeFiles/UMFPACK.dir/Source2/umfpack_dl_triplet_to_col.c.o
[ 94%] Building C object UMFPACK/CMakeFiles/UMFPACK.dir/Source2/umfpack_dl_wsolve.c.o
[ 94%] Building C object UMFPACK/CMakeFiles/UMFPACK.dir/Source2/umfpack_gn_tictoc.c.o
[ 94%] Building C object UMFPACK/CMakeFiles/UMFPACK.dir/Source2/umfpack_gn_timer.c.o
[ 94%] Building C object UMFPACK/CMakeFiles/UMFPACK.dir/Source2/umfpack_version.c.o
[ 94%] Building C object UMFPACK/CMakeFiles/UMFPACK.dir/Source2/umfpack_zi_col_to_triplet.c.o
[ 94%] Building C object UMFPACK/CMakeFiles/UMFPACK.dir/Source2/umfpack_zi_copy_numeric.c.o
[ 94%] Building C object UMFPACK/CMakeFiles/UMFPACK.dir/Source2/umfpack_zi_copy_symbolic.c.o
[ 95%] Building C object UMFPACK/CMakeFiles/UMFPACK.dir/Source2/umfpack_zi_defaults.c.o
[ 95%] Building C object UMFPACK/CMakeFiles/UMFPACK.dir/Source2/umfpack_zi_deserialize_numeric.c.o
[ 95%] Building C object UMFPACK/CMakeFiles/UMFPACK.dir/Source2/umfpack_zi_deserialize_symbolic.c.o
[ 95%] Building C object UMFPACK/CMakeFiles/UMFPACK.dir/Source2/umfpack_zi_free_numeric.c.o
[ 95%] Building C object UMFPACK/CMakeFiles/UMFPACK.dir/Source2/umfpack_zi_free_symbolic.c.o
[ 95%] Building C object UMFPACK/CMakeFiles/UMFPACK.dir/Source2/umfpack_zi_get_determinant.c.o
[ 95%] Building C object UMFPACK/CMakeFiles/UMFPACK.dir/Source2/umfpack_zi_get_lunz.c.o
[ 95%] Building C object UMFPACK/CMakeFiles/UMFPACK.dir/Source2/umfpack_zi_get_numeric.c.o
[ 95%] Building C object UMFPACK/CMakeFiles/UMFPACK.dir/Source2/umfpack_zi_get_symbolic.c.o
[ 95%] Building C object UMFPACK/CMakeFiles/UMFPACK.dir/Source2/umfpack_zi_load_numeric.c.o
[ 95%] Building C object UMFPACK/CMakeFiles/UMFPACK.dir/Source2/umfpack_zi_load_symbolic.c.o
[ 95%] Building C object UMFPACK/CMakeFiles/UMFPACK.dir/Source2/umfpack_zi_numeric.c.o
[ 95%] Building C object UMFPACK/CMakeFiles/UMFPACK.dir/Source2/umfpack_zi_qsymbolic.c.o
[ 95%] Building C object UMFPACK/CMakeFiles/UMFPACK.dir/Source2/umfpack_zi_report_control.c.o
[ 96%] Building C object UMFPACK/CMakeFiles/UMFPACK.dir/Source2/umfpack_zi_report_info.c.o
[ 96%] Building C object UMFPACK/CMakeFiles/UMFPACK.dir/Source2/umfpack_zi_report_matrix.c.o
[ 96%] Building C object UMFPACK/CMakeFiles/UMFPACK.dir/Source2/umfpack_zi_report_numeric.c.o
[ 96%] Building C object UMFPACK/CMakeFiles/UMFPACK.dir/Source2/umfpack_zi_report_perm.c.o
[ 96%] Building C object UMFPACK/CMakeFiles/UMFPACK.dir/Source2/umfpack_zi_report_status.c.o
[ 96%] Building C object UMFPACK/CMakeFiles/UMFPACK.dir/Source2/umfpack_zi_report_symbolic.c.o
[ 96%] Building C object UMFPACK/CMakeFiles/UMFPACK.dir/Source2/umfpack_zi_report_triplet.c.o
[ 96%] Building C object UMFPACK/CMakeFiles/UMFPACK.dir/Source2/umfpack_zi_report_vector.c.o
[ 96%] Building C object UMFPACK/CMakeFiles/UMFPACK.dir/Source2/umfpack_zi_save_numeric.c.o
[ 96%] Building C object UMFPACK/CMakeFiles/UMFPACK.dir/Source2/umfpack_zi_save_symbolic.c.o
[ 96%] Building C object UMFPACK/CMakeFiles/UMFPACK.dir/Source2/umfpack_zi_scale.c.o
[ 96%] Building C object UMFPACK/CMakeFiles/UMFPACK.dir/Source2/umfpack_zi_serialize_numeric.c.o
[ 96%] Building C object UMFPACK/CMakeFiles/UMFPACK.dir/Source2/umfpack_zi_serialize_symbolic.c.o
[ 96%] Building C object UMFPACK/CMakeFiles/UMFPACK.dir/Source2/umfpack_zi_solve.c.o
[ 97%] Building C object UMFPACK/CMakeFiles/UMFPACK.dir/Source2/umfpack_zi_symbolic.c.o
[ 97%] Building C object UMFPACK/CMakeFiles/UMFPACK.dir/Source2/umfpack_zi_transpose.c.o
[ 97%] Building C object UMFPACK/CMakeFiles/UMFPACK.dir/Source2/umfpack_zi_triplet_to_col.c.o
[ 97%] Building C object UMFPACK/CMakeFiles/UMFPACK.dir/Source2/umfpack_zi_wsolve.c.o
[ 97%] Building C object UMFPACK/CMakeFiles/UMFPACK.dir/Source2/umfpack_zl_col_to_triplet.c.o
[ 97%] Building C object UMFPACK/CMakeFiles/UMFPACK.dir/Source2/umfpack_zl_copy_numeric.c.o
[ 97%] Building C object UMFPACK/CMakeFiles/UMFPACK.dir/Source2/umfpack_zl_copy_symbolic.c.o
[ 97%] Building C object UMFPACK/CMakeFiles/UMFPACK.dir/Source2/umfpack_zl_deserialize_numeric.c.o
[ 97%] Building C object UMFPACK/CMakeFiles/UMFPACK.dir/Source2/umfpack_zl_defaults.c.o
[ 97%] Building C object UMFPACK/CMakeFiles/UMFPACK.dir/Source2/umfpack_zl_deserialize_symbolic.c.o
[ 97%] Building C object UMFPACK/CMakeFiles/UMFPACK.dir/Source2/umfpack_zl_free_numeric.c.o
[ 97%] Building C object UMFPACK/CMakeFiles/UMFPACK.dir/Source2/umfpack_zl_free_symbolic.c.o
[ 97%] Building C object UMFPACK/CMakeFiles/UMFPACK.dir/Source2/umfpack_zl_get_determinant.c.o
[ 97%] Building C object UMFPACK/CMakeFiles/UMFPACK.dir/Source2/umfpack_zl_get_lunz.c.o
[ 98%] Building C object UMFPACK/CMakeFiles/UMFPACK.dir/Source2/umfpack_zl_get_numeric.c.o
[ 98%] Building C object UMFPACK/CMakeFiles/UMFPACK.dir/Source2/umfpack_zl_get_symbolic.c.o
[ 98%] Building C object UMFPACK/CMakeFiles/UMFPACK.dir/Source2/umfpack_zl_load_numeric.c.o
[ 98%] Building C object UMFPACK/CMakeFiles/UMFPACK.dir/Source2/umfpack_zl_load_symbolic.c.o
[ 98%] Building C object UMFPACK/CMakeFiles/UMFPACK.dir/Source2/umfpack_zl_numeric.c.o
[ 98%] Building C object UMFPACK/CMakeFiles/UMFPACK.dir/Source2/umfpack_zl_qsymbolic.c.o
[ 98%] Building C object UMFPACK/CMakeFiles/UMFPACK.dir/Source2/umfpack_zl_report_control.c.o
[ 98%] Building C object UMFPACK/CMakeFiles/UMFPACK.dir/Source2/umfpack_zl_report_info.c.o
[ 98%] Building C object UMFPACK/CMakeFiles/UMFPACK.dir/Source2/umfpack_zl_report_matrix.c.o
[ 98%] Building C object UMFPACK/CMakeFiles/UMFPACK.dir/Source2/umfpack_zl_report_numeric.c.o
[ 98%] Building C object UMFPACK/CMakeFiles/UMFPACK.dir/Source2/umfpack_zl_report_perm.c.o
[ 98%] Building C object UMFPACK/CMakeFiles/UMFPACK.dir/Source2/umfpack_zl_report_status.c.o
[ 98%] Building C object UMFPACK/CMakeFiles/UMFPACK.dir/Source2/umfpack_zl_report_symbolic.c.o
[ 98%] Building C object UMFPACK/CMakeFiles/UMFPACK.dir/Source2/umfpack_zl_report_triplet.c.o
[100%] Building C object UMFPACK/CMakeFiles/UMFPACK.dir/Source2/umfpack_zl_report_vector.c.o
[100%] Building C object UMFPACK/CMakeFiles/UMFPACK.dir/Source2/umfpack_zl_save_numeric.c.o
[100%] Building C object UMFPACK/CMakeFiles/UMFPACK.dir/Source2/umfpack_zl_save_symbolic.c.o
[100%] Building C object UMFPACK/CMakeFiles/UMFPACK.dir/Source2/umfpack_zl_scale.c.o
[100%] Building C object UMFPACK/CMakeFiles/UMFPACK.dir/Source2/umfpack_zl_serialize_numeric.c.o
[100%] Building C object UMFPACK/CMakeFiles/UMFPACK.dir/Source2/umfpack_zl_serialize_symbolic.c.o
[100%] Building C object UMFPACK/CMakeFiles/UMFPACK.dir/Source2/umfpack_zl_solve.c.o
[100%] Building C object UMFPACK/CMakeFiles/UMFPACK.dir/Source2/umfpack_zl_symbolic.c.o
[100%] Building C object UMFPACK/CMakeFiles/UMFPACK.dir/Source2/umfpack_zl_transpose.c.o
[100%] Building C object UMFPACK/CMakeFiles/UMFPACK.dir/Source2/umfpack_zl_triplet_to_col.c.o
[100%] Building C object UMFPACK/CMakeFiles/UMFPACK.dir/Source2/umfpack_zl_wsolve.c.o
[100%] Linking C shared library libumfpack.so
[100%] Built target UMFPACK
[  0%] Built target SuiteSparseConfig
[  0%] Built target SuiteSparseConfig_static
[  2%] Built target AMD
[  4%] Built target AMD_static
[  4%] Built target BTF
[  5%] Built target BTF_static
[  6%] Built target CAMD
[  8%] Built target CAMD_static
[  8%] Built target CCOLAMD
[  9%] Built target CCOLAMD_static
[  9%] Built target COLAMD
[ 10%] Built target COLAMD_static
[ 25%] Built target CHOLMOD
[ 40%] Built target CHOLMOD_static
[ 40%] Built target cholmod_di_demo
[ 40%] Built target cholmod_dl_demo
[ 40%] Built target cholmod_si_demo
[ 40%] Built target cholmod_sl_demo
[ 40%] Built target LDL
[ 40%] Built target LDL_static
[ 44%] Built target KLU
[ 49%] Built target KLU_static
[ 49%] Built target KLU_CHOLMOD
[ 49%] Built target KLU_CHOLMOD_static
[ 73%] Built target UMFPACK
[ 98%] Built target UMFPACK_static
[ 98%] Built target RBio
[100%] Built target RBio_static
Install the project...
-- Install configuration: "Release"
-- Installing: /nopt/nrel/apps/cpu_stack/software/gridkit/suitesparse/7.8.2/lib64/libsuitesparseconfig.so.7.8.2
-- Installing: /nopt/nrel/apps/cpu_stack/software/gridkit/suitesparse/7.8.2/lib64/libsuitesparseconfig.so.7
-- Set non-toolchain portion of runtime path of "/nopt/nrel/apps/cpu_stack/software/gridkit/suitesparse/7.8.2/lib64/libsuitesparseconfig.so.7.8.2" to "$ORIGIN"
-- Installing: /nopt/nrel/apps/cpu_stack/software/gridkit/suitesparse/7.8.2/lib64/libsuitesparseconfig.so
-- Installing: /nopt/nrel/apps/cpu_stack/software/gridkit/suitesparse/7.8.2/include/suitesparse/SuiteSparse_config.h
-- Installing: /nopt/nrel/apps/cpu_stack/software/gridkit/suitesparse/7.8.2/lib64/libsuitesparseconfig.a
-- Up-to-date: /nopt/nrel/apps/cpu_stack/software/gridkit/suitesparse/7.8.2/include/suitesparse/SuiteSparse_config.h
-- Installing: /nopt/nrel/apps/cpu_stack/software/gridkit/suitesparse/7.8.2/lib64/cmake/SuiteSparse/SuiteSparseBLAS.cmake
-- Installing: /nopt/nrel/apps/cpu_stack/software/gridkit/suitesparse/7.8.2/lib64/cmake/SuiteSparse/SuiteSparseBLAS32.cmake
-- Installing: /nopt/nrel/apps/cpu_stack/software/gridkit/suitesparse/7.8.2/lib64/cmake/SuiteSparse/SuiteSparseBLAS64.cmake
-- Installing: /nopt/nrel/apps/cpu_stack/software/gridkit/suitesparse/7.8.2/lib64/cmake/SuiteSparse/SuiteSparseLAPACK.cmake
-- Installing: /nopt/nrel/apps/cpu_stack/software/gridkit/suitesparse/7.8.2/lib64/cmake/SuiteSparse/SuiteSparsePolicy.cmake
-- Installing: /nopt/nrel/apps/cpu_stack/software/gridkit/suitesparse/7.8.2/lib64/cmake/SuiteSparse/SuiteSparseReport.cmake
-- Installing: /nopt/nrel/apps/cpu_stack/software/gridkit/suitesparse/7.8.2/lib64/cmake/SuiteSparse/SuiteSparse__thread.cmake
-- Installing: /nopt/nrel/apps/cpu_stack/software/gridkit/suitesparse/7.8.2/lib64/cmake/SuiteSparse_config/SuiteSparse_configTargets.cmake
-- Installing: /nopt/nrel/apps/cpu_stack/software/gridkit/suitesparse/7.8.2/lib64/cmake/SuiteSparse_config/SuiteSparse_configTargets-release.cmake
-- Installing: /nopt/nrel/apps/cpu_stack/software/gridkit/suitesparse/7.8.2/lib64/cmake/SuiteSparse_config/SuiteSparse_configConfig.cmake
-- Installing: /nopt/nrel/apps/cpu_stack/software/gridkit/suitesparse/7.8.2/lib64/cmake/SuiteSparse_config/SuiteSparse_configConfigVersion.cmake
-- Installing: /nopt/nrel/apps/cpu_stack/software/gridkit/suitesparse/7.8.2/lib64/pkgconfig/SuiteSparse_config.pc
-- Installing: /nopt/nrel/apps/cpu_stack/software/gridkit/suitesparse/7.8.2/lib64/libamd.so.3.3.3
-- Installing: /nopt/nrel/apps/cpu_stack/software/gridkit/suitesparse/7.8.2/lib64/libamd.so.3
-- Set non-toolchain portion of runtime path of "/nopt/nrel/apps/cpu_stack/software/gridkit/suitesparse/7.8.2/lib64/libamd.so.3.3.3" to "$ORIGIN"
-- Installing: /nopt/nrel/apps/cpu_stack/software/gridkit/suitesparse/7.8.2/lib64/libamd.so
-- Installing: /nopt/nrel/apps/cpu_stack/software/gridkit/suitesparse/7.8.2/include/suitesparse/amd.h
-- Installing: /nopt/nrel/apps/cpu_stack/software/gridkit/suitesparse/7.8.2/lib64/libamd.a
-- Up-to-date: /nopt/nrel/apps/cpu_stack/software/gridkit/suitesparse/7.8.2/include/suitesparse/amd.h
-- Installing: /nopt/nrel/apps/cpu_stack/software/gridkit/suitesparse/7.8.2/lib64/cmake/AMD/AMDTargets.cmake
-- Installing: /nopt/nrel/apps/cpu_stack/software/gridkit/suitesparse/7.8.2/lib64/cmake/AMD/AMDTargets-release.cmake
-- Installing: /nopt/nrel/apps/cpu_stack/software/gridkit/suitesparse/7.8.2/lib64/cmake/AMD/AMDConfig.cmake
-- Installing: /nopt/nrel/apps/cpu_stack/software/gridkit/suitesparse/7.8.2/lib64/cmake/AMD/AMDConfigVersion.cmake
-- Installing: /nopt/nrel/apps/cpu_stack/software/gridkit/suitesparse/7.8.2/lib64/pkgconfig/AMD.pc
-- Installing: /nopt/nrel/apps/cpu_stack/software/gridkit/suitesparse/7.8.2/lib64/libbtf.so.2.3.2
-- Installing: /nopt/nrel/apps/cpu_stack/software/gridkit/suitesparse/7.8.2/lib64/libbtf.so.2
-- Set non-toolchain portion of runtime path of "/nopt/nrel/apps/cpu_stack/software/gridkit/suitesparse/7.8.2/lib64/libbtf.so.2.3.2" to "$ORIGIN"
-- Installing: /nopt/nrel/apps/cpu_stack/software/gridkit/suitesparse/7.8.2/lib64/libbtf.so
-- Installing: /nopt/nrel/apps/cpu_stack/software/gridkit/suitesparse/7.8.2/include/suitesparse/btf.h
-- Installing: /nopt/nrel/apps/cpu_stack/software/gridkit/suitesparse/7.8.2/lib64/libbtf.a
-- Up-to-date: /nopt/nrel/apps/cpu_stack/software/gridkit/suitesparse/7.8.2/include/suitesparse/btf.h
-- Installing: /nopt/nrel/apps/cpu_stack/software/gridkit/suitesparse/7.8.2/lib64/cmake/BTF/BTFTargets.cmake
-- Installing: /nopt/nrel/apps/cpu_stack/software/gridkit/suitesparse/7.8.2/lib64/cmake/BTF/BTFTargets-release.cmake
-- Installing: /nopt/nrel/apps/cpu_stack/software/gridkit/suitesparse/7.8.2/lib64/cmake/BTF/BTFConfig.cmake
-- Installing: /nopt/nrel/apps/cpu_stack/software/gridkit/suitesparse/7.8.2/lib64/cmake/BTF/BTFConfigVersion.cmake
-- Installing: /nopt/nrel/apps/cpu_stack/software/gridkit/suitesparse/7.8.2/lib64/pkgconfig/BTF.pc
-- Installing: /nopt/nrel/apps/cpu_stack/software/gridkit/suitesparse/7.8.2/lib64/libcamd.so.3.3.3
-- Installing: /nopt/nrel/apps/cpu_stack/software/gridkit/suitesparse/7.8.2/lib64/libcamd.so.3
-- Set non-toolchain portion of runtime path of "/nopt/nrel/apps/cpu_stack/software/gridkit/suitesparse/7.8.2/lib64/libcamd.so.3.3.3" to "$ORIGIN"
-- Installing: /nopt/nrel/apps/cpu_stack/software/gridkit/suitesparse/7.8.2/lib64/libcamd.so
-- Installing: /nopt/nrel/apps/cpu_stack/software/gridkit/suitesparse/7.8.2/include/suitesparse/camd.h
-- Installing: /nopt/nrel/apps/cpu_stack/software/gridkit/suitesparse/7.8.2/lib64/libcamd.a
-- Up-to-date: /nopt/nrel/apps/cpu_stack/software/gridkit/suitesparse/7.8.2/include/suitesparse/camd.h
-- Installing: /nopt/nrel/apps/cpu_stack/software/gridkit/suitesparse/7.8.2/lib64/cmake/CAMD/CAMDTargets.cmake
-- Installing: /nopt/nrel/apps/cpu_stack/software/gridkit/suitesparse/7.8.2/lib64/cmake/CAMD/CAMDTargets-release.cmake
-- Installing: /nopt/nrel/apps/cpu_stack/software/gridkit/suitesparse/7.8.2/lib64/cmake/CAMD/CAMDConfig.cmake
-- Installing: /nopt/nrel/apps/cpu_stack/software/gridkit/suitesparse/7.8.2/lib64/cmake/CAMD/CAMDConfigVersion.cmake
-- Installing: /nopt/nrel/apps/cpu_stack/software/gridkit/suitesparse/7.8.2/lib64/pkgconfig/CAMD.pc
-- Installing: /nopt/nrel/apps/cpu_stack/software/gridkit/suitesparse/7.8.2/lib64/libccolamd.so.3.3.4
-- Installing: /nopt/nrel/apps/cpu_stack/software/gridkit/suitesparse/7.8.2/lib64/libccolamd.so.3
-- Set non-toolchain portion of runtime path of "/nopt/nrel/apps/cpu_stack/software/gridkit/suitesparse/7.8.2/lib64/libccolamd.so.3.3.4" to "$ORIGIN"
-- Installing: /nopt/nrel/apps/cpu_stack/software/gridkit/suitesparse/7.8.2/lib64/libccolamd.so
-- Installing: /nopt/nrel/apps/cpu_stack/software/gridkit/suitesparse/7.8.2/include/suitesparse/ccolamd.h
-- Installing: /nopt/nrel/apps/cpu_stack/software/gridkit/suitesparse/7.8.2/lib64/libccolamd.a
-- Up-to-date: /nopt/nrel/apps/cpu_stack/software/gridkit/suitesparse/7.8.2/include/suitesparse/ccolamd.h
-- Installing: /nopt/nrel/apps/cpu_stack/software/gridkit/suitesparse/7.8.2/lib64/cmake/CCOLAMD/CCOLAMDTargets.cmake
-- Installing: /nopt/nrel/apps/cpu_stack/software/gridkit/suitesparse/7.8.2/lib64/cmake/CCOLAMD/CCOLAMDTargets-release.cmake
-- Installing: /nopt/nrel/apps/cpu_stack/software/gridkit/suitesparse/7.8.2/lib64/cmake/CCOLAMD/CCOLAMDConfig.cmake
-- Installing: /nopt/nrel/apps/cpu_stack/software/gridkit/suitesparse/7.8.2/lib64/cmake/CCOLAMD/CCOLAMDConfigVersion.cmake
-- Installing: /nopt/nrel/apps/cpu_stack/software/gridkit/suitesparse/7.8.2/lib64/pkgconfig/CCOLAMD.pc
-- Installing: /nopt/nrel/apps/cpu_stack/software/gridkit/suitesparse/7.8.2/lib64/libcolamd.so.3.3.4
-- Installing: /nopt/nrel/apps/cpu_stack/software/gridkit/suitesparse/7.8.2/lib64/libcolamd.so.3
-- Set non-toolchain portion of runtime path of "/nopt/nrel/apps/cpu_stack/software/gridkit/suitesparse/7.8.2/lib64/libcolamd.so.3.3.4" to "$ORIGIN"
-- Installing: /nopt/nrel/apps/cpu_stack/software/gridkit/suitesparse/7.8.2/lib64/libcolamd.so
-- Installing: /nopt/nrel/apps/cpu_stack/software/gridkit/suitesparse/7.8.2/include/suitesparse/colamd.h
-- Installing: /nopt/nrel/apps/cpu_stack/software/gridkit/suitesparse/7.8.2/lib64/libcolamd.a
-- Up-to-date: /nopt/nrel/apps/cpu_stack/software/gridkit/suitesparse/7.8.2/include/suitesparse/colamd.h
-- Installing: /nopt/nrel/apps/cpu_stack/software/gridkit/suitesparse/7.8.2/lib64/cmake/COLAMD/COLAMDTargets.cmake
-- Installing: /nopt/nrel/apps/cpu_stack/software/gridkit/suitesparse/7.8.2/lib64/cmake/COLAMD/COLAMDTargets-release.cmake
-- Installing: /nopt/nrel/apps/cpu_stack/software/gridkit/suitesparse/7.8.2/lib64/cmake/COLAMD/COLAMDConfig.cmake
-- Installing: /nopt/nrel/apps/cpu_stack/software/gridkit/suitesparse/7.8.2/lib64/cmake/COLAMD/COLAMDConfigVersion.cmake
-- Installing: /nopt/nrel/apps/cpu_stack/software/gridkit/suitesparse/7.8.2/lib64/pkgconfig/COLAMD.pc
-- Installing: /nopt/nrel/apps/cpu_stack/software/gridkit/suitesparse/7.8.2/lib64/libcholmod.so.5.3.0
-- Installing: /nopt/nrel/apps/cpu_stack/software/gridkit/suitesparse/7.8.2/lib64/libcholmod.so.5
-- Set non-toolchain portion of runtime path of "/nopt/nrel/apps/cpu_stack/software/gridkit/suitesparse/7.8.2/lib64/libcholmod.so.5.3.0" to "$ORIGIN"
-- Installing: /nopt/nrel/apps/cpu_stack/software/gridkit/suitesparse/7.8.2/lib64/libcholmod.so
-- Installing: /nopt/nrel/apps/cpu_stack/software/gridkit/suitesparse/7.8.2/include/suitesparse/cholmod.h
-- Installing: /nopt/nrel/apps/cpu_stack/software/gridkit/suitesparse/7.8.2/lib64/libcholmod.a
-- Up-to-date: /nopt/nrel/apps/cpu_stack/software/gridkit/suitesparse/7.8.2/include/suitesparse/cholmod.h
-- Installing: /nopt/nrel/apps/cpu_stack/software/gridkit/suitesparse/7.8.2/lib64/cmake/CHOLMOD/CHOLMODTargets.cmake
-- Installing: /nopt/nrel/apps/cpu_stack/software/gridkit/suitesparse/7.8.2/lib64/cmake/CHOLMOD/CHOLMODTargets-release.cmake
-- Installing: /nopt/nrel/apps/cpu_stack/software/gridkit/suitesparse/7.8.2/lib64/cmake/CHOLMOD/CHOLMODConfig.cmake
-- Installing: /nopt/nrel/apps/cpu_stack/software/gridkit/suitesparse/7.8.2/lib64/cmake/CHOLMOD/CHOLMODConfigVersion.cmake
-- Installing: /nopt/nrel/apps/cpu_stack/software/gridkit/suitesparse/7.8.2/lib64/pkgconfig/CHOLMOD.pc
-- Installing: /nopt/nrel/apps/cpu_stack/software/gridkit/suitesparse/7.8.2/lib64/libldl.so.3.3.2
-- Installing: /nopt/nrel/apps/cpu_stack/software/gridkit/suitesparse/7.8.2/lib64/libldl.so.3
-- Set non-toolchain portion of runtime path of "/nopt/nrel/apps/cpu_stack/software/gridkit/suitesparse/7.8.2/lib64/libldl.so.3.3.2" to "$ORIGIN"
-- Installing: /nopt/nrel/apps/cpu_stack/software/gridkit/suitesparse/7.8.2/lib64/libldl.so
-- Installing: /nopt/nrel/apps/cpu_stack/software/gridkit/suitesparse/7.8.2/include/suitesparse/ldl.h
-- Installing: /nopt/nrel/apps/cpu_stack/software/gridkit/suitesparse/7.8.2/lib64/libldl.a
-- Up-to-date: /nopt/nrel/apps/cpu_stack/software/gridkit/suitesparse/7.8.2/include/suitesparse/ldl.h
-- Installing: /nopt/nrel/apps/cpu_stack/software/gridkit/suitesparse/7.8.2/lib64/cmake/LDL/LDLTargets.cmake
-- Installing: /nopt/nrel/apps/cpu_stack/software/gridkit/suitesparse/7.8.2/lib64/cmake/LDL/LDLTargets-release.cmake
-- Installing: /nopt/nrel/apps/cpu_stack/software/gridkit/suitesparse/7.8.2/lib64/cmake/LDL/LDLConfig.cmake
-- Installing: /nopt/nrel/apps/cpu_stack/software/gridkit/suitesparse/7.8.2/lib64/cmake/LDL/LDLConfigVersion.cmake
-- Installing: /nopt/nrel/apps/cpu_stack/software/gridkit/suitesparse/7.8.2/lib64/pkgconfig/LDL.pc
-- Installing: /nopt/nrel/apps/cpu_stack/software/gridkit/suitesparse/7.8.2/lib64/libklu.so.2.3.4
-- Installing: /nopt/nrel/apps/cpu_stack/software/gridkit/suitesparse/7.8.2/lib64/libklu.so.2
-- Set non-toolchain portion of runtime path of "/nopt/nrel/apps/cpu_stack/software/gridkit/suitesparse/7.8.2/lib64/libklu.so.2.3.4" to "$ORIGIN"
-- Installing: /nopt/nrel/apps/cpu_stack/software/gridkit/suitesparse/7.8.2/lib64/libklu.so
-- Installing: /nopt/nrel/apps/cpu_stack/software/gridkit/suitesparse/7.8.2/include/suitesparse/klu.h
-- Installing: /nopt/nrel/apps/cpu_stack/software/gridkit/suitesparse/7.8.2/lib64/libklu.a
-- Up-to-date: /nopt/nrel/apps/cpu_stack/software/gridkit/suitesparse/7.8.2/include/suitesparse/klu.h
-- Installing: /nopt/nrel/apps/cpu_stack/software/gridkit/suitesparse/7.8.2/lib64/cmake/KLU/KLUTargets.cmake
-- Installing: /nopt/nrel/apps/cpu_stack/software/gridkit/suitesparse/7.8.2/lib64/cmake/KLU/KLUTargets-release.cmake
-- Installing: /nopt/nrel/apps/cpu_stack/software/gridkit/suitesparse/7.8.2/lib64/cmake/KLU/KLUConfig.cmake
-- Installing: /nopt/nrel/apps/cpu_stack/software/gridkit/suitesparse/7.8.2/lib64/cmake/KLU/KLUConfigVersion.cmake
-- Installing: /nopt/nrel/apps/cpu_stack/software/gridkit/suitesparse/7.8.2/lib64/pkgconfig/KLU.pc
-- Installing: /nopt/nrel/apps/cpu_stack/software/gridkit/suitesparse/7.8.2/lib64/libklu_cholmod.so.2.3.4
-- Installing: /nopt/nrel/apps/cpu_stack/software/gridkit/suitesparse/7.8.2/lib64/libklu_cholmod.so.2
-- Set non-toolchain portion of runtime path of "/nopt/nrel/apps/cpu_stack/software/gridkit/suitesparse/7.8.2/lib64/libklu_cholmod.so.2.3.4" to "$ORIGIN"
-- Installing: /nopt/nrel/apps/cpu_stack/software/gridkit/suitesparse/7.8.2/lib64/libklu_cholmod.so
-- Installing: /nopt/nrel/apps/cpu_stack/software/gridkit/suitesparse/7.8.2/include/suitesparse/klu_cholmod.h
-- Installing: /nopt/nrel/apps/cpu_stack/software/gridkit/suitesparse/7.8.2/lib64/libklu_cholmod.a
-- Up-to-date: /nopt/nrel/apps/cpu_stack/software/gridkit/suitesparse/7.8.2/include/suitesparse/klu_cholmod.h
-- Installing: /nopt/nrel/apps/cpu_stack/software/gridkit/suitesparse/7.8.2/lib64/cmake/KLU_CHOLMOD/KLU_CHOLMODTargets.cmake
-- Installing: /nopt/nrel/apps/cpu_stack/software/gridkit/suitesparse/7.8.2/lib64/cmake/KLU_CHOLMOD/KLU_CHOLMODTargets-release.cmake
-- Installing: /nopt/nrel/apps/cpu_stack/software/gridkit/suitesparse/7.8.2/lib64/cmake/KLU_CHOLMOD/KLU_CHOLMODConfig.cmake
-- Installing: /nopt/nrel/apps/cpu_stack/software/gridkit/suitesparse/7.8.2/lib64/cmake/KLU_CHOLMOD/KLU_CHOLMODConfigVersion.cmake
-- Installing: /nopt/nrel/apps/cpu_stack/software/gridkit/suitesparse/7.8.2/lib64/pkgconfig/KLU_CHOLMOD.pc
-- Installing: /nopt/nrel/apps/cpu_stack/software/gridkit/suitesparse/7.8.2/lib64/libumfpack.so.6.3.4
-- Installing: /nopt/nrel/apps/cpu_stack/software/gridkit/suitesparse/7.8.2/lib64/libumfpack.so.6
-- Set non-toolchain portion of runtime path of "/nopt/nrel/apps/cpu_stack/software/gridkit/suitesparse/7.8.2/lib64/libumfpack.so.6.3.4" to "$ORIGIN"
-- Installing: /nopt/nrel/apps/cpu_stack/software/gridkit/suitesparse/7.8.2/lib64/libumfpack.so
-- Installing: /nopt/nrel/apps/cpu_stack/software/gridkit/suitesparse/7.8.2/include/suitesparse/umfpack.h
-- Installing: /nopt/nrel/apps/cpu_stack/software/gridkit/suitesparse/7.8.2/lib64/libumfpack.a
-- Up-to-date: /nopt/nrel/apps/cpu_stack/software/gridkit/suitesparse/7.8.2/include/suitesparse/umfpack.h
-- Installing: /nopt/nrel/apps/cpu_stack/software/gridkit/suitesparse/7.8.2/lib64/cmake/UMFPACK/UMFPACKTargets.cmake
-- Installing: /nopt/nrel/apps/cpu_stack/software/gridkit/suitesparse/7.8.2/lib64/cmake/UMFPACK/UMFPACKTargets-release.cmake
-- Installing: /nopt/nrel/apps/cpu_stack/software/gridkit/suitesparse/7.8.2/lib64/cmake/UMFPACK/UMFPACKConfig.cmake
-- Installing: /nopt/nrel/apps/cpu_stack/software/gridkit/suitesparse/7.8.2/lib64/cmake/UMFPACK/UMFPACKConfigVersion.cmake
-- Installing: /nopt/nrel/apps/cpu_stack/software/gridkit/suitesparse/7.8.2/lib64/pkgconfig/UMFPACK.pc
-- Installing: /nopt/nrel/apps/cpu_stack/software/gridkit/suitesparse/7.8.2/lib64/librbio.so.4.3.3
-- Installing: /nopt/nrel/apps/cpu_stack/software/gridkit/suitesparse/7.8.2/lib64/librbio.so.4
-- Set non-toolchain portion of runtime path of "/nopt/nrel/apps/cpu_stack/software/gridkit/suitesparse/7.8.2/lib64/librbio.so.4.3.3" to "$ORIGIN"
-- Installing: /nopt/nrel/apps/cpu_stack/software/gridkit/suitesparse/7.8.2/lib64/librbio.so
-- Installing: /nopt/nrel/apps/cpu_stack/software/gridkit/suitesparse/7.8.2/include/suitesparse/RBio.h
-- Installing: /nopt/nrel/apps/cpu_stack/software/gridkit/suitesparse/7.8.2/lib64/librbio.a
-- Up-to-date: /nopt/nrel/apps/cpu_stack/software/gridkit/suitesparse/7.8.2/include/suitesparse/RBio.h
-- Installing: /nopt/nrel/apps/cpu_stack/software/gridkit/suitesparse/7.8.2/lib64/cmake/RBio/RBioTargets.cmake
-- Installing: /nopt/nrel/apps/cpu_stack/software/gridkit/suitesparse/7.8.2/lib64/cmake/RBio/RBioTargets-release.cmake
-- Installing: /nopt/nrel/apps/cpu_stack/software/gridkit/suitesparse/7.8.2/lib64/cmake/RBio/RBioConfig.cmake
-- Installing: /nopt/nrel/apps/cpu_stack/software/gridkit/suitesparse/7.8.2/lib64/cmake/RBio/RBioConfigVersion.cmake
-- Installing: /nopt/nrel/apps/cpu_stack/software/gridkit/suitesparse/7.8.2/lib64/pkgconfig/RBio.pc

SuiteSparse components installed:
-rw-r--r-- 1 isatkaus hpcapps 88728 Jul  7 15:32 /nopt/nrel/apps/cpu_stack/software/gridkit/suitesparse/7.8.2/lib64/libamd.a
lrwxrwxrwx 1 isatkaus hpcapps    11 Jul  7 15:33 /nopt/nrel/apps/cpu_stack/software/gridkit/suitesparse/7.8.2/lib64/libamd.so -> libamd.so.3
lrwxrwxrwx 1 isatkaus hpcapps    15 Jul  7 15:33 /nopt/nrel/apps/cpu_stack/software/gridkit/suitesparse/7.8.2/lib64/libamd.so.3 -> libamd.so.3.3.3
-rwxr-xr-x 1 isatkaus hpcapps 62944 Jul  7 15:32 /nopt/nrel/apps/cpu_stack/software/gridkit/suitesparse/7.8.2/lib64/libamd.so.3.3.3
-rw-r--r-- 1 isatkaus hpcapps 300704 Jul  7 15:32 /nopt/nrel/apps/cpu_stack/software/gridkit/suitesparse/7.8.2/lib64/libklu.a
-rw-r--r-- 1 isatkaus hpcapps   5426 Jul  7 15:33 /nopt/nrel/apps/cpu_stack/software/gridkit/suitesparse/7.8.2/lib64/libklu_cholmod.a
lrwxrwxrwx 1 isatkaus hpcapps     19 Jul  7 15:33 /nopt/nrel/apps/cpu_stack/software/gridkit/suitesparse/7.8.2/lib64/libklu_cholmod.so -> libklu_cholmod.so.2
lrwxrwxrwx 1 isatkaus hpcapps     23 Jul  7 15:33 /nopt/nrel/apps/cpu_stack/software/gridkit/suitesparse/7.8.2/lib64/libklu_cholmod.so.2 -> libklu_cholmod.so.2.3.4
-rwxr-xr-x 1 isatkaus hpcapps  16496 Jul  7 15:33 /nopt/nrel/apps/cpu_stack/software/gridkit/suitesparse/7.8.2/lib64/libklu_cholmod.so.2.3.4
lrwxrwxrwx 1 isatkaus hpcapps     11 Jul  7 15:33 /nopt/nrel/apps/cpu_stack/software/gridkit/suitesparse/7.8.2/lib64/libklu.so -> libklu.so.2
lrwxrwxrwx 1 isatkaus hpcapps     15 Jul  7 15:33 /nopt/nrel/apps/cpu_stack/software/gridkit/suitesparse/7.8.2/lib64/libklu.so.2 -> libklu.so.2.3.4
-rwxr-xr-x 1 isatkaus hpcapps 211064 Jul  7 15:33 /nopt/nrel/apps/cpu_stack/software/gridkit/suitesparse/7.8.2/lib64/libklu.so.2.3.4
-rw-r--r-- 1 isatkaus hpcapps 10778 Jul  7 15:32 /nopt/nrel/apps/cpu_stack/software/gridkit/suitesparse/7.8.2/lib64/libsuitesparseconfig.a
lrwxrwxrwx 1 isatkaus hpcapps    25 Jul  7 15:33 /nopt/nrel/apps/cpu_stack/software/gridkit/suitesparse/7.8.2/lib64/libsuitesparseconfig.so -> libsuitesparseconfig.so.7
lrwxrwxrwx 1 isatkaus hpcapps    29 Jul  7 15:33 /nopt/nrel/apps/cpu_stack/software/gridkit/suitesparse/7.8.2/lib64/libsuitesparseconfig.so.7 -> libsuitesparseconfig.so.7.8.2
-rwxr-xr-x 1 isatkaus hpcapps 18096 Jul  7 15:32 /nopt/nrel/apps/cpu_stack/software/gridkit/suitesparse/7.8.2/lib64/libsuitesparseconfig.so.7.8.2
Build completed: Tue Jul  7 15:33:53 MDT 2026
