=== Building GridKit with Enzyme support ===
GridKit build environment:
CC: /nopt/nrel/apps/cpu_stack/software/gridkit/llvm/16.0.6/bin/clang
CXX: /nopt/nrel/apps/cpu_stack/software/gridkit/llvm/16.0.6/bin/clang++
OpenMP lib: /nopt/nrel/apps/cpu_stack/software/gridkit/llvm/16.0.6/lib/libomp.so
Already on 'isatkaus/uq-usecase'
M	.gitignore
GridKit branch and recent commits:
6b119aca Use ports for PhasorDynamics signal connectivity (#440)
ea96fba7 Refactor generators to remove DhDwb terms (#473)
e24ba67e Support zero IEEET1 transducer time constant (#439)
4148a6c3 Uncomment IDATest. (#472)
0a127118 `ConstantSignalSource` component and example with `BusToSignalAdapter` (#457)
-- The CXX compiler identification is Clang 16.0.6
-- Detecting CXX compiler ABI info
-- Detecting CXX compiler ABI info - done
-- Check for working CXX compiler: /nopt/nrel/apps/cpu_stack/software/gridkit/llvm/16.0.6/bin/clang++ - skipped
-- Detecting CXX compile features
-- Detecting CXX compile features - done
-- Found Ipopt library: /nopt/nrel/apps/cpu_stack/software/gridkit/ipopt/3.14.14/lib/libipopt.so
-- Found Ipopt include: /nopt/nrel/apps/cpu_stack/software/gridkit/ipopt/3.14.14/include/coin-or
-- The Fortran compiler identification is GNU 13.1.0
-- Detecting Fortran compiler ABI info
-- Detecting Fortran compiler ABI info - done
-- Check for working Fortran compiler: /nopt/nrel/apps/cpu_stack/compilers/06-24/linux-rhel8-sapphirerapids/gcc-12.3.0/gcc-13.1.0-bmut2ysomhthj6y7oyc73c3cmxye57am/bin/gfortran - skipped
-- The C compiler identification is Clang 16.0.6
-- Detecting C compiler ABI info
-- Detecting C compiler ABI info - done
-- Check for working C compiler: /nopt/nrel/apps/cpu_stack/software/gridkit/llvm/16.0.6/bin/clang - skipped
-- Detecting C compile features
-- Detecting C compile features - done
-- Found OpenMP_C: -fopenmp (found version "5.0")
-- Found OpenMP_CXX: -fopenmp (found version "5.0")
-- Found OpenMP_Fortran: -fopenmp (found version "4.5")
-- Found OpenMP: TRUE (found version "5.0")
-- SUNDIALS configuration found: /nopt/nrel/apps/cpu_stack/software/gridkit/sundials/develop/lib64/cmake/sundials/SUNDIALSConfig.cmake
-- KLU support enabled in SUNDIALS.
-- Enzyme configuration found: /nopt/nrel/apps/cpu_stack/software/gridkit/enzyme/0.0.206/lib/cmake/Enzyme/EnzymeConfig.cmake
-- Enzyme LLVM plugin library: /nopt/nrel/apps/cpu_stack/software/gridkit/enzyme/0.0.206/lib/LLVMEnzyme-16.so
-- Enzyme Clang plugin library: /nopt/nrel/apps/cpu_stack/software/gridkit/enzyme/0.0.206/lib/ClangEnzyme-16.so
-- llvm-link: /nopt/nrel/apps/cpu_stack/software/gridkit/llvm/16.0.6/bin/llvm-link
-- opt: /nopt/nrel/apps/cpu_stack/software/gridkit/llvm/16.0.6/bin/opt
-- Could NOT find Doxygen (missing: DOXYGEN_EXECUTABLE) 
-- Configuring done (5.6s)
-- Generating done (2.5s)
-- Build files have been written to: /home/isatkaus/gridkit/build
Building GridKit with 104 cores...
/nopt/nrel/apps/cpu_stack/utilities/06-24/linux-rhel8-sapphirerapids/gcc-12.3.0/cmake-3.29.2-6n4msmc4aewj7wyi6b5g644vjrqyqgot/bin/cmake -S/home/isatkaus/gridkit -B/home/isatkaus/gridkit/build --check-build-system CMakeFiles/Makefile.cmake 0
/nopt/nrel/apps/cpu_stack/utilities/06-24/linux-rhel8-sapphirerapids/gcc-12.3.0/cmake-3.29.2-6n4msmc4aewj7wyi6b5g644vjrqyqgot/bin/cmake -E cmake_progress_start /home/isatkaus/gridkit/build/CMakeFiles /home/isatkaus/gridkit/build//CMakeFiles/progress.marks
make  -f CMakeFiles/Makefile2 all
make[1]: Entering directory '/home/isatkaus/gridkit/build'
make  -f GridKit/Utilities/Logger/CMakeFiles/utilities_logger.dir/build.make GridKit/Utilities/Logger/CMakeFiles/utilities_logger.dir/depend
make  -f GridKit/LinearAlgebra/SparseMatrix/CMakeFiles/sparse_matrix.dir/build.make GridKit/LinearAlgebra/SparseMatrix/CMakeFiles/sparse_matrix.dir/depend
make  -f GridKit/Model/PhasorDynamics/SignalNode/CMakeFiles/phasor_dynamics_signal.dir/build.make GridKit/Model/PhasorDynamics/SignalNode/CMakeFiles/phasor_dynamics_signal.dir/depend
make  -f GridKit/Model/PhasorDynamics/SignalNode/CMakeFiles/phasor_dynamics_signal_dependency_tracking.dir/build.make GridKit/Model/PhasorDynamics/SignalNode/CMakeFiles/phasor_dynamics_signal_dependency_tracking.dir/depend
make  -f GridKit/Model/PowerFlow/Branch/CMakeFiles/branch.dir/build.make GridKit/Model/PowerFlow/Branch/CMakeFiles/branch.dir/depend
make  -f GridKit/Model/PowerFlow/Bus/CMakeFiles/bus.dir/build.make GridKit/Model/PowerFlow/Bus/CMakeFiles/bus.dir/depend
make  -f GridKit/Model/PowerFlow/Generator/CMakeFiles/generator.dir/build.make GridKit/Model/PowerFlow/Generator/CMakeFiles/generator.dir/depend
make  -f GridKit/Model/PowerFlow/Generator2/CMakeFiles/generator2.dir/build.make GridKit/Model/PowerFlow/Generator2/CMakeFiles/generator2.dir/depend
make  -f GridKit/Model/PowerFlow/Generator4/CMakeFiles/generator4.dir/build.make GridKit/Model/PowerFlow/Generator4/CMakeFiles/generator4.dir/depend
make  -f GridKit/Model/PowerFlow/Generator4Governor/CMakeFiles/generator4governor.dir/build.make GridKit/Model/PowerFlow/Generator4Governor/CMakeFiles/generator4governor.dir/depend
make  -f GridKit/Model/PowerFlow/Generator4Param/CMakeFiles/generator4param.dir/build.make GridKit/Model/PowerFlow/Generator4Param/CMakeFiles/generator4param.dir/depend
make  -f GridKit/Model/PowerFlow/Load/CMakeFiles/load.dir/build.make GridKit/Model/PowerFlow/Load/CMakeFiles/load.dir/depend
make  -f GridKit/Model/PowerFlow/MiniGrid/CMakeFiles/minigrid.dir/build.make GridKit/Model/PowerFlow/MiniGrid/CMakeFiles/minigrid.dir/depend
make  -f GridKit/Model/PowerElectronics/Capacitor/CMakeFiles/power_elec_capacitor.dir/build.make GridKit/Model/PowerElectronics/Capacitor/CMakeFiles/power_elec_capacitor.dir/depend
make  -f GridKit/Model/PowerElectronics/Resistor/CMakeFiles/power_elec_resistor.dir/build.make GridKit/Model/PowerElectronics/Resistor/CMakeFiles/power_elec_resistor.dir/depend
make[2]: Entering directory '/home/isatkaus/gridkit/build'
cd /home/isatkaus/gridkit/build && /nopt/nrel/apps/cpu_stack/utilities/06-24/linux-rhel8-sapphirerapids/gcc-12.3.0/cmake-3.29.2-6n4msmc4aewj7wyi6b5g644vjrqyqgot/bin/cmake -E cmake_depends "Unix Makefiles" /home/isatkaus/gridkit /home/isatkaus/gridkit/GridKit/Utilities/Logger /home/isatkaus/gridkit/build /home/isatkaus/gridkit/build/GridKit/Utilities/Logger /home/isatkaus/gridkit/build/GridKit/Utilities/Logger/CMakeFiles/utilities_logger.dir/DependInfo.cmake "--color="
make  -f GridKit/Model/PowerElectronics/VoltageSource/CMakeFiles/power_elec_voltagesource.dir/build.make GridKit/Model/PowerElectronics/VoltageSource/CMakeFiles/power_elec_voltagesource.dir/depend
make[2]: Entering directory '/home/isatkaus/gridkit/build'
cd /home/isatkaus/gridkit/build && /nopt/nrel/apps/cpu_stack/utilities/06-24/linux-rhel8-sapphirerapids/gcc-12.3.0/cmake-3.29.2-6n4msmc4aewj7wyi6b5g644vjrqyqgot/bin/cmake -E cmake_depends "Unix Makefiles" /home/isatkaus/gridkit /home/isatkaus/gridkit/GridKit/LinearAlgebra/SparseMatrix /home/isatkaus/gridkit/build /home/isatkaus/gridkit/build/GridKit/LinearAlgebra/SparseMatrix /home/isatkaus/gridkit/build/GridKit/LinearAlgebra/SparseMatrix/CMakeFiles/sparse_matrix.dir/DependInfo.cmake "--color="
make  -f GridKit/Model/PowerElectronics/Inductor/CMakeFiles/power_elec_inductor.dir/build.make GridKit/Model/PowerElectronics/Inductor/CMakeFiles/power_elec_inductor.dir/depend
make  -f GridKit/Model/PowerElectronics/LinearTransformer/CMakeFiles/power_elec_lineartrasnformer.dir/build.make GridKit/Model/PowerElectronics/LinearTransformer/CMakeFiles/power_elec_lineartrasnformer.dir/depend
make  -f GridKit/Model/PowerElectronics/InductionMotor/CMakeFiles/power_elec_inductionmotor.dir/build.make GridKit/Model/PowerElectronics/InductionMotor/CMakeFiles/power_elec_inductionmotor.dir/depend
make  -f GridKit/Model/PowerElectronics/SynchronousMachine/CMakeFiles/power_elec_synmachine.dir/build.make GridKit/Model/PowerElectronics/SynchronousMachine/CMakeFiles/power_elec_synmachine.dir/depend
make  -f GridKit/Model/PowerElectronics/DistributedGenerator/CMakeFiles/power_elec_disgen.dir/build.make GridKit/Model/PowerElectronics/DistributedGenerator/CMakeFiles/power_elec_disgen.dir/depend
make  -f GridKit/Model/PowerElectronics/TransmissionLine/CMakeFiles/power_elec_tranline.dir/build.make GridKit/Model/PowerElectronics/TransmissionLine/CMakeFiles/power_elec_tranline.dir/depend
make  -f GridKit/Model/PowerElectronics/MicrogridLoad/CMakeFiles/power_elec_microload.dir/build.make GridKit/Model/PowerElectronics/MicrogridLoad/CMakeFiles/power_elec_microload.dir/depend
make[2]: Entering directory '/home/isatkaus/gridkit/build'
cd /home/isatkaus/gridkit/build && /nopt/nrel/apps/cpu_stack/utilities/06-24/linux-rhel8-sapphirerapids/gcc-12.3.0/cmake-3.29.2-6n4msmc4aewj7wyi6b5g644vjrqyqgot/bin/cmake -E cmake_depends "Unix Makefiles" /home/isatkaus/gridkit /home/isatkaus/gridkit/GridKit/Model/PhasorDynamics/SignalNode /home/isatkaus/gridkit/build /home/isatkaus/gridkit/build/GridKit/Model/PhasorDynamics/SignalNode /home/isatkaus/gridkit/build/GridKit/Model/PhasorDynamics/SignalNode/CMakeFiles/phasor_dynamics_signal.dir/DependInfo.cmake "--color="
make  -f GridKit/Model/PowerElectronics/MicrogridLine/CMakeFiles/power_elec_microline.dir/build.make GridKit/Model/PowerElectronics/MicrogridLine/CMakeFiles/power_elec_microline.dir/depend
make  -f GridKit/Model/PowerElectronics/MicrogridBusDQ/CMakeFiles/power_elec_microbusdq.dir/build.make GridKit/Model/PowerElectronics/MicrogridBusDQ/CMakeFiles/power_elec_microbusdq.dir/depend
make  -f GridKit/Solver/SteadyState/CMakeFiles/solvers_steady.dir/build.make GridKit/Solver/SteadyState/CMakeFiles/solvers_steady.dir/depend
make[2]: Entering directory '/home/isatkaus/gridkit/build'
cd /home/isatkaus/gridkit/build && /nopt/nrel/apps/cpu_stack/utilities/06-24/linux-rhel8-sapphirerapids/gcc-12.3.0/cmake-3.29.2-6n4msmc4aewj7wyi6b5g644vjrqyqgot/bin/cmake -E cmake_depends "Unix Makefiles" /home/isatkaus/gridkit /home/isatkaus/gridkit/GridKit/Model/PhasorDynamics/SignalNode /home/isatkaus/gridkit/build /home/isatkaus/gridkit/build/GridKit/Model/PhasorDynamics/SignalNode /home/isatkaus/gridkit/build/GridKit/Model/PhasorDynamics/SignalNode/CMakeFiles/phasor_dynamics_signal_dependency_tracking.dir/DependInfo.cmake "--color="
make  -f examples/LinearAlgebra/DenseTest/CMakeFiles/densemattest.dir/build.make examples/LinearAlgebra/DenseTest/CMakeFiles/densemattest.dir/depend
make[2]: Entering directory '/home/isatkaus/gridkit/build'
cd /home/isatkaus/gridkit/build && /nopt/nrel/apps/cpu_stack/utilities/06-24/linux-rhel8-sapphirerapids/gcc-12.3.0/cmake-3.29.2-6n4msmc4aewj7wyi6b5g644vjrqyqgot/bin/cmake -E cmake_depends "Unix Makefiles" /home/isatkaus/gridkit /home/isatkaus/gridkit/GridKit/Model/PowerFlow/Branch /home/isatkaus/gridkit/build /home/isatkaus/gridkit/build/GridKit/Model/PowerFlow/Branch /home/isatkaus/gridkit/build/GridKit/Model/PowerFlow/Branch/CMakeFiles/branch.dir/DependInfo.cmake "--color="
make[2]: Entering directory '/home/isatkaus/gridkit/build'
cd /home/isatkaus/gridkit/build && /nopt/nrel/apps/cpu_stack/utilities/06-24/linux-rhel8-sapphirerapids/gcc-12.3.0/cmake-3.29.2-6n4msmc4aewj7wyi6b5g644vjrqyqgot/bin/cmake -E cmake_depends "Unix Makefiles" /home/isatkaus/gridkit /home/isatkaus/gridkit/GridKit/Model/PowerFlow/Bus /home/isatkaus/gridkit/build /home/isatkaus/gridkit/build/GridKit/Model/PowerFlow/Bus /home/isatkaus/gridkit/build/GridKit/Model/PowerFlow/Bus/CMakeFiles/bus.dir/DependInfo.cmake "--color="
make[2]: Entering directory '/home/isatkaus/gridkit/build'
cd /home/isatkaus/gridkit/build && /nopt/nrel/apps/cpu_stack/utilities/06-24/linux-rhel8-sapphirerapids/gcc-12.3.0/cmake-3.29.2-6n4msmc4aewj7wyi6b5g644vjrqyqgot/bin/cmake -E cmake_depends "Unix Makefiles" /home/isatkaus/gridkit /home/isatkaus/gridkit/GridKit/Model/PowerFlow/Generator /home/isatkaus/gridkit/build /home/isatkaus/gridkit/build/GridKit/Model/PowerFlow/Generator /home/isatkaus/gridkit/build/GridKit/Model/PowerFlow/Generator/CMakeFiles/generator.dir/DependInfo.cmake "--color="
make[2]: Entering directory '/home/isatkaus/gridkit/build'
cd /home/isatkaus/gridkit/build && /nopt/nrel/apps/cpu_stack/utilities/06-24/linux-rhel8-sapphirerapids/gcc-12.3.0/cmake-3.29.2-6n4msmc4aewj7wyi6b5g644vjrqyqgot/bin/cmake -E cmake_depends "Unix Makefiles" /home/isatkaus/gridkit /home/isatkaus/gridkit/GridKit/Model/PowerFlow/Generator2 /home/isatkaus/gridkit/build /home/isatkaus/gridkit/build/GridKit/Model/PowerFlow/Generator2 /home/isatkaus/gridkit/build/GridKit/Model/PowerFlow/Generator2/CMakeFiles/generator2.dir/DependInfo.cmake "--color="
make[2]: Entering directory '/home/isatkaus/gridkit/build'
cd /home/isatkaus/gridkit/build && /nopt/nrel/apps/cpu_stack/utilities/06-24/linux-rhel8-sapphirerapids/gcc-12.3.0/cmake-3.29.2-6n4msmc4aewj7wyi6b5g644vjrqyqgot/bin/cmake -E cmake_depends "Unix Makefiles" /home/isatkaus/gridkit /home/isatkaus/gridkit/GridKit/Model/PowerFlow/Generator4 /home/isatkaus/gridkit/build /home/isatkaus/gridkit/build/GridKit/Model/PowerFlow/Generator4 /home/isatkaus/gridkit/build/GridKit/Model/PowerFlow/Generator4/CMakeFiles/generator4.dir/DependInfo.cmake "--color="
make[2]: Entering directory '/home/isatkaus/gridkit/build'
cd /home/isatkaus/gridkit/build && /nopt/nrel/apps/cpu_stack/utilities/06-24/linux-rhel8-sapphirerapids/gcc-12.3.0/cmake-3.29.2-6n4msmc4aewj7wyi6b5g644vjrqyqgot/bin/cmake -E cmake_depends "Unix Makefiles" /home/isatkaus/gridkit /home/isatkaus/gridkit/GridKit/Model/PowerFlow/Generator4Governor /home/isatkaus/gridkit/build /home/isatkaus/gridkit/build/GridKit/Model/PowerFlow/Generator4Governor /home/isatkaus/gridkit/build/GridKit/Model/PowerFlow/Generator4Governor/CMakeFiles/generator4governor.dir/DependInfo.cmake "--color="
make[2]: Entering directory '/home/isatkaus/gridkit/build'
cd /home/isatkaus/gridkit/build && /nopt/nrel/apps/cpu_stack/utilities/06-24/linux-rhel8-sapphirerapids/gcc-12.3.0/cmake-3.29.2-6n4msmc4aewj7wyi6b5g644vjrqyqgot/bin/cmake -E cmake_depends "Unix Makefiles" /home/isatkaus/gridkit /home/isatkaus/gridkit/GridKit/Model/PowerFlow/Generator4Param /home/isatkaus/gridkit/build /home/isatkaus/gridkit/build/GridKit/Model/PowerFlow/Generator4Param /home/isatkaus/gridkit/build/GridKit/Model/PowerFlow/Generator4Param/CMakeFiles/generator4param.dir/DependInfo.cmake "--color="
make[2]: Entering directory '/home/isatkaus/gridkit/build'
cd /home/isatkaus/gridkit/build && /nopt/nrel/apps/cpu_stack/utilities/06-24/linux-rhel8-sapphirerapids/gcc-12.3.0/cmake-3.29.2-6n4msmc4aewj7wyi6b5g644vjrqyqgot/bin/cmake -E cmake_depends "Unix Makefiles" /home/isatkaus/gridkit /home/isatkaus/gridkit/GridKit/Model/PowerFlow/Load /home/isatkaus/gridkit/build /home/isatkaus/gridkit/build/GridKit/Model/PowerFlow/Load /home/isatkaus/gridkit/build/GridKit/Model/PowerFlow/Load/CMakeFiles/load.dir/DependInfo.cmake "--color="
make[2]: Entering directory '/home/isatkaus/gridkit/build'
cd /home/isatkaus/gridkit/build && /nopt/nrel/apps/cpu_stack/utilities/06-24/linux-rhel8-sapphirerapids/gcc-12.3.0/cmake-3.29.2-6n4msmc4aewj7wyi6b5g644vjrqyqgot/bin/cmake -E cmake_depends "Unix Makefiles" /home/isatkaus/gridkit /home/isatkaus/gridkit/GridKit/Model/PowerFlow/MiniGrid /home/isatkaus/gridkit/build /home/isatkaus/gridkit/build/GridKit/Model/PowerFlow/MiniGrid /home/isatkaus/gridkit/build/GridKit/Model/PowerFlow/MiniGrid/CMakeFiles/minigrid.dir/DependInfo.cmake "--color="
make[2]: Entering directory '/home/isatkaus/gridkit/build'
cd /home/isatkaus/gridkit/build && /nopt/nrel/apps/cpu_stack/utilities/06-24/linux-rhel8-sapphirerapids/gcc-12.3.0/cmake-3.29.2-6n4msmc4aewj7wyi6b5g644vjrqyqgot/bin/cmake -E cmake_depends "Unix Makefiles" /home/isatkaus/gridkit /home/isatkaus/gridkit/GridKit/Model/PowerElectronics/Capacitor /home/isatkaus/gridkit/build /home/isatkaus/gridkit/build/GridKit/Model/PowerElectronics/Capacitor /home/isatkaus/gridkit/build/GridKit/Model/PowerElectronics/Capacitor/CMakeFiles/power_elec_capacitor.dir/DependInfo.cmake "--color="
make[2]: Entering directory '/home/isatkaus/gridkit/build'
cd /home/isatkaus/gridkit/build && /nopt/nrel/apps/cpu_stack/utilities/06-24/linux-rhel8-sapphirerapids/gcc-12.3.0/cmake-3.29.2-6n4msmc4aewj7wyi6b5g644vjrqyqgot/bin/cmake -E cmake_depends "Unix Makefiles" /home/isatkaus/gridkit /home/isatkaus/gridkit/GridKit/Model/PowerElectronics/Resistor /home/isatkaus/gridkit/build /home/isatkaus/gridkit/build/GridKit/Model/PowerElectronics/Resistor /home/isatkaus/gridkit/build/GridKit/Model/PowerElectronics/Resistor/CMakeFiles/power_elec_resistor.dir/DependInfo.cmake "--color="
make[2]: Entering directory '/home/isatkaus/gridkit/build'
cd /home/isatkaus/gridkit/build && /nopt/nrel/apps/cpu_stack/utilities/06-24/linux-rhel8-sapphirerapids/gcc-12.3.0/cmake-3.29.2-6n4msmc4aewj7wyi6b5g644vjrqyqgot/bin/cmake -E cmake_depends "Unix Makefiles" /home/isatkaus/gridkit /home/isatkaus/gridkit/GridKit/Model/PowerElectronics/VoltageSource /home/isatkaus/gridkit/build /home/isatkaus/gridkit/build/GridKit/Model/PowerElectronics/VoltageSource /home/isatkaus/gridkit/build/GridKit/Model/PowerElectronics/VoltageSource/CMakeFiles/power_elec_voltagesource.dir/DependInfo.cmake "--color="
make[2]: Entering directory '/home/isatkaus/gridkit/build'
cd /home/isatkaus/gridkit/build && /nopt/nrel/apps/cpu_stack/utilities/06-24/linux-rhel8-sapphirerapids/gcc-12.3.0/cmake-3.29.2-6n4msmc4aewj7wyi6b5g644vjrqyqgot/bin/cmake -E cmake_depends "Unix Makefiles" /home/isatkaus/gridkit /home/isatkaus/gridkit/GridKit/Model/PowerElectronics/Inductor /home/isatkaus/gridkit/build /home/isatkaus/gridkit/build/GridKit/Model/PowerElectronics/Inductor /home/isatkaus/gridkit/build/GridKit/Model/PowerElectronics/Inductor/CMakeFiles/power_elec_inductor.dir/DependInfo.cmake "--color="
make[2]: Entering directory '/home/isatkaus/gridkit/build'
cd /home/isatkaus/gridkit/build && /nopt/nrel/apps/cpu_stack/utilities/06-24/linux-rhel8-sapphirerapids/gcc-12.3.0/cmake-3.29.2-6n4msmc4aewj7wyi6b5g644vjrqyqgot/bin/cmake -E cmake_depends "Unix Makefiles" /home/isatkaus/gridkit /home/isatkaus/gridkit/GridKit/Model/PowerElectronics/LinearTransformer /home/isatkaus/gridkit/build /home/isatkaus/gridkit/build/GridKit/Model/PowerElectronics/LinearTransformer /home/isatkaus/gridkit/build/GridKit/Model/PowerElectronics/LinearTransformer/CMakeFiles/power_elec_lineartrasnformer.dir/DependInfo.cmake "--color="
make[2]: Entering directory '/home/isatkaus/gridkit/build'
cd /home/isatkaus/gridkit/build && /nopt/nrel/apps/cpu_stack/utilities/06-24/linux-rhel8-sapphirerapids/gcc-12.3.0/cmake-3.29.2-6n4msmc4aewj7wyi6b5g644vjrqyqgot/bin/cmake -E cmake_depends "Unix Makefiles" /home/isatkaus/gridkit /home/isatkaus/gridkit/GridKit/Model/PowerElectronics/InductionMotor /home/isatkaus/gridkit/build /home/isatkaus/gridkit/build/GridKit/Model/PowerElectronics/InductionMotor /home/isatkaus/gridkit/build/GridKit/Model/PowerElectronics/InductionMotor/CMakeFiles/power_elec_inductionmotor.dir/DependInfo.cmake "--color="
make[2]: Entering directory '/home/isatkaus/gridkit/build'
cd /home/isatkaus/gridkit/build && /nopt/nrel/apps/cpu_stack/utilities/06-24/linux-rhel8-sapphirerapids/gcc-12.3.0/cmake-3.29.2-6n4msmc4aewj7wyi6b5g644vjrqyqgot/bin/cmake -E cmake_depends "Unix Makefiles" /home/isatkaus/gridkit /home/isatkaus/gridkit/GridKit/Model/PowerElectronics/SynchronousMachine /home/isatkaus/gridkit/build /home/isatkaus/gridkit/build/GridKit/Model/PowerElectronics/SynchronousMachine /home/isatkaus/gridkit/build/GridKit/Model/PowerElectronics/SynchronousMachine/CMakeFiles/power_elec_synmachine.dir/DependInfo.cmake "--color="
make[2]: Entering directory '/home/isatkaus/gridkit/build'
cd /home/isatkaus/gridkit/build && /nopt/nrel/apps/cpu_stack/utilities/06-24/linux-rhel8-sapphirerapids/gcc-12.3.0/cmake-3.29.2-6n4msmc4aewj7wyi6b5g644vjrqyqgot/bin/cmake -E cmake_depends "Unix Makefiles" /home/isatkaus/gridkit /home/isatkaus/gridkit/GridKit/Model/PowerElectronics/DistributedGenerator /home/isatkaus/gridkit/build /home/isatkaus/gridkit/build/GridKit/Model/PowerElectronics/DistributedGenerator /home/isatkaus/gridkit/build/GridKit/Model/PowerElectronics/DistributedGenerator/CMakeFiles/power_elec_disgen.dir/DependInfo.cmake "--color="
make[2]: Entering directory '/home/isatkaus/gridkit/build'
cd /home/isatkaus/gridkit/build && /nopt/nrel/apps/cpu_stack/utilities/06-24/linux-rhel8-sapphirerapids/gcc-12.3.0/cmake-3.29.2-6n4msmc4aewj7wyi6b5g644vjrqyqgot/bin/cmake -E cmake_depends "Unix Makefiles" /home/isatkaus/gridkit /home/isatkaus/gridkit/GridKit/Model/PowerElectronics/TransmissionLine /home/isatkaus/gridkit/build /home/isatkaus/gridkit/build/GridKit/Model/PowerElectronics/TransmissionLine /home/isatkaus/gridkit/build/GridKit/Model/PowerElectronics/TransmissionLine/CMakeFiles/power_elec_tranline.dir/DependInfo.cmake "--color="
make[2]: Entering directory '/home/isatkaus/gridkit/build'
cd /home/isatkaus/gridkit/build && /nopt/nrel/apps/cpu_stack/utilities/06-24/linux-rhel8-sapphirerapids/gcc-12.3.0/cmake-3.29.2-6n4msmc4aewj7wyi6b5g644vjrqyqgot/bin/cmake -E cmake_depends "Unix Makefiles" /home/isatkaus/gridkit /home/isatkaus/gridkit/GridKit/Model/PowerElectronics/MicrogridLoad /home/isatkaus/gridkit/build /home/isatkaus/gridkit/build/GridKit/Model/PowerElectronics/MicrogridLoad /home/isatkaus/gridkit/build/GridKit/Model/PowerElectronics/MicrogridLoad/CMakeFiles/power_elec_microload.dir/DependInfo.cmake "--color="
make[2]: Entering directory '/home/isatkaus/gridkit/build'
cd /home/isatkaus/gridkit/build && /nopt/nrel/apps/cpu_stack/utilities/06-24/linux-rhel8-sapphirerapids/gcc-12.3.0/cmake-3.29.2-6n4msmc4aewj7wyi6b5g644vjrqyqgot/bin/cmake -E cmake_depends "Unix Makefiles" /home/isatkaus/gridkit /home/isatkaus/gridkit/GridKit/Model/PowerElectronics/MicrogridLine /home/isatkaus/gridkit/build /home/isatkaus/gridkit/build/GridKit/Model/PowerElectronics/MicrogridLine /home/isatkaus/gridkit/build/GridKit/Model/PowerElectronics/MicrogridLine/CMakeFiles/power_elec_microline.dir/DependInfo.cmake "--color="
make[2]: Entering directory '/home/isatkaus/gridkit/build'
cd /home/isatkaus/gridkit/build && /nopt/nrel/apps/cpu_stack/utilities/06-24/linux-rhel8-sapphirerapids/gcc-12.3.0/cmake-3.29.2-6n4msmc4aewj7wyi6b5g644vjrqyqgot/bin/cmake -E cmake_depends "Unix Makefiles" /home/isatkaus/gridkit /home/isatkaus/gridkit/GridKit/Model/PowerElectronics/MicrogridBusDQ /home/isatkaus/gridkit/build /home/isatkaus/gridkit/build/GridKit/Model/PowerElectronics/MicrogridBusDQ /home/isatkaus/gridkit/build/GridKit/Model/PowerElectronics/MicrogridBusDQ/CMakeFiles/power_elec_microbusdq.dir/DependInfo.cmake "--color="
make[2]: Entering directory '/home/isatkaus/gridkit/build'
cd /home/isatkaus/gridkit/build && /nopt/nrel/apps/cpu_stack/utilities/06-24/linux-rhel8-sapphirerapids/gcc-12.3.0/cmake-3.29.2-6n4msmc4aewj7wyi6b5g644vjrqyqgot/bin/cmake -E cmake_depends "Unix Makefiles" /home/isatkaus/gridkit /home/isatkaus/gridkit/GridKit/Solver/SteadyState /home/isatkaus/gridkit/build /home/isatkaus/gridkit/build/GridKit/Solver/SteadyState /home/isatkaus/gridkit/build/GridKit/Solver/SteadyState/CMakeFiles/solvers_steady.dir/DependInfo.cmake "--color="
make[2]: Entering directory '/home/isatkaus/gridkit/build'
cd /home/isatkaus/gridkit/build && /nopt/nrel/apps/cpu_stack/utilities/06-24/linux-rhel8-sapphirerapids/gcc-12.3.0/cmake-3.29.2-6n4msmc4aewj7wyi6b5g644vjrqyqgot/bin/cmake -E cmake_depends "Unix Makefiles" /home/isatkaus/gridkit /home/isatkaus/gridkit/examples/LinearAlgebra/DenseTest /home/isatkaus/gridkit/build /home/isatkaus/gridkit/build/examples/LinearAlgebra/DenseTest /home/isatkaus/gridkit/build/examples/LinearAlgebra/DenseTest/CMakeFiles/densemattest.dir/DependInfo.cmake "--color="
make[2]: Leaving directory '/home/isatkaus/gridkit/build'
make  -f GridKit/Utilities/Logger/CMakeFiles/utilities_logger.dir/build.make GridKit/Utilities/Logger/CMakeFiles/utilities_logger.dir/build
make[2]: Entering directory '/home/isatkaus/gridkit/build'
make[2]: Leaving directory '/home/isatkaus/gridkit/build'
make  -f GridKit/LinearAlgebra/SparseMatrix/CMakeFiles/sparse_matrix.dir/build.make GridKit/LinearAlgebra/SparseMatrix/CMakeFiles/sparse_matrix.dir/build
make[2]: Entering directory '/home/isatkaus/gridkit/build'
[  0%] Building CXX object GridKit/Utilities/Logger/CMakeFiles/utilities_logger.dir/Logger.cpp.o
[  0%] Building CXX object GridKit/LinearAlgebra/SparseMatrix/CMakeFiles/sparse_matrix.dir/CooMatrix.cpp.o
[  0%] Building CXX object GridKit/LinearAlgebra/SparseMatrix/CMakeFiles/sparse_matrix.dir/CsrMatrix.cpp.o
make[2]: Leaving directory '/home/isatkaus/gridkit/build'
make  -f GridKit/Model/PhasorDynamics/SignalNode/CMakeFiles/phasor_dynamics_signal.dir/build.make GridKit/Model/PhasorDynamics/SignalNode/CMakeFiles/phasor_dynamics_signal.dir/build
make[2]: Entering directory '/home/isatkaus/gridkit/build'
[  0%] Building CXX object GridKit/Model/PhasorDynamics/SignalNode/CMakeFiles/phasor_dynamics_signal.dir/SignalNode.cpp.o
make[2]: Leaving directory '/home/isatkaus/gridkit/build'
make  -f GridKit/Model/PowerFlow/Branch/CMakeFiles/branch.dir/build.make GridKit/Model/PowerFlow/Branch/CMakeFiles/branch.dir/build
make[2]: Entering directory '/home/isatkaus/gridkit/build'
make[2]: Leaving directory '/home/isatkaus/gridkit/build'
make[2]: Leaving directory '/home/isatkaus/gridkit/build'
make  -f GridKit/Model/PhasorDynamics/SignalNode/CMakeFiles/phasor_dynamics_signal_dependency_tracking.dir/build.make GridKit/Model/PhasorDynamics/SignalNode/CMakeFiles/phasor_dynamics_signal_dependency_tracking.dir/build
make  -f GridKit/Model/PowerFlow/Bus/CMakeFiles/bus.dir/build.make GridKit/Model/PowerFlow/Bus/CMakeFiles/bus.dir/build
make[2]: Leaving directory '/home/isatkaus/gridkit/build'
make  -f GridKit/Model/PowerFlow/Generator2/CMakeFiles/generator2.dir/build.make GridKit/Model/PowerFlow/Generator2/CMakeFiles/generator2.dir/build
make[2]: Entering directory '/home/isatkaus/gridkit/build'
make[2]: Entering directory '/home/isatkaus/gridkit/build'
make[2]: Entering directory '/home/isatkaus/gridkit/build'
make[2]: Leaving directory '/home/isatkaus/gridkit/build'
make  -f GridKit/Model/PowerFlow/Generator/CMakeFiles/generator.dir/build.make GridKit/Model/PowerFlow/Generator/CMakeFiles/generator.dir/build
make[2]: Leaving directory '/home/isatkaus/gridkit/build'
make  -f GridKit/Model/PowerFlow/Generator4/CMakeFiles/generator4.dir/build.make GridKit/Model/PowerFlow/Generator4/CMakeFiles/generator4.dir/build
make[2]: Leaving directory '/home/isatkaus/gridkit/build'
[  1%] Building CXX object GridKit/Model/PowerFlow/Branch/CMakeFiles/branch.dir/Branch.cpp.o
make  -f GridKit/Model/PowerFlow/Generator4Param/CMakeFiles/generator4param.dir/build.make GridKit/Model/PowerFlow/Generator4Param/CMakeFiles/generator4param.dir/build
make[2]: Leaving directory '/home/isatkaus/gridkit/build'
make[2]: Leaving directory '/home/isatkaus/gridkit/build'
make  -f GridKit/Model/PowerElectronics/Capacitor/CMakeFiles/power_elec_capacitor.dir/build.make GridKit/Model/PowerElectronics/Capacitor/CMakeFiles/power_elec_capacitor.dir/build
make  -f GridKit/Model/PowerFlow/MiniGrid/CMakeFiles/minigrid.dir/build.make GridKit/Model/PowerFlow/MiniGrid/CMakeFiles/minigrid.dir/build
make[2]: Leaving directory '/home/isatkaus/gridkit/build'
make  -f GridKit/Model/PowerElectronics/VoltageSource/CMakeFiles/power_elec_voltagesource.dir/build.make GridKit/Model/PowerElectronics/VoltageSource/CMakeFiles/power_elec_voltagesource.dir/build
make[2]: Leaving directory '/home/isatkaus/gridkit/build'
make  -f GridKit/Model/PowerElectronics/Inductor/CMakeFiles/power_elec_inductor.dir/build.make GridKit/Model/PowerElectronics/Inductor/CMakeFiles/power_elec_inductor.dir/build
make[2]: Leaving directory '/home/isatkaus/gridkit/build'
make  -f GridKit/Model/PowerElectronics/Resistor/CMakeFiles/power_elec_resistor.dir/build.make GridKit/Model/PowerElectronics/Resistor/CMakeFiles/power_elec_resistor.dir/build
make[2]: Entering directory '/home/isatkaus/gridkit/build'
make[2]: Entering directory '/home/isatkaus/gridkit/build'
make[2]: Leaving directory '/home/isatkaus/gridkit/build'
make[2]: Entering directory '/home/isatkaus/gridkit/build'
make[2]: Leaving directory '/home/isatkaus/gridkit/build'
make[2]: Leaving directory '/home/isatkaus/gridkit/build'
make[2]: Leaving directory '/home/isatkaus/gridkit/build'
make[2]: Leaving directory '/home/isatkaus/gridkit/build'
make  -f GridKit/Model/PowerElectronics/InductionMotor/CMakeFiles/power_elec_inductionmotor.dir/build.make GridKit/Model/PowerElectronics/InductionMotor/CMakeFiles/power_elec_inductionmotor.dir/build
make[2]: Leaving directory '/home/isatkaus/gridkit/build'
make  -f GridKit/Model/PowerFlow/Generator4Governor/CMakeFiles/generator4governor.dir/build.make GridKit/Model/PowerFlow/Generator4Governor/CMakeFiles/generator4governor.dir/build
make  -f GridKit/Model/PowerFlow/Load/CMakeFiles/load.dir/build.make GridKit/Model/PowerFlow/Load/CMakeFiles/load.dir/build
make[2]: Leaving directory '/home/isatkaus/gridkit/build'
make  -f GridKit/Model/PowerElectronics/LinearTransformer/CMakeFiles/power_elec_lineartrasnformer.dir/build.make GridKit/Model/PowerElectronics/LinearTransformer/CMakeFiles/power_elec_lineartrasnformer.dir/build
make  -f GridKit/Model/PowerElectronics/TransmissionLine/CMakeFiles/power_elec_tranline.dir/build.make GridKit/Model/PowerElectronics/TransmissionLine/CMakeFiles/power_elec_tranline.dir/build
make  -f GridKit/Solver/SteadyState/CMakeFiles/solvers_steady.dir/build.make GridKit/Solver/SteadyState/CMakeFiles/solvers_steady.dir/build
make  -f examples/LinearAlgebra/DenseTest/CMakeFiles/densemattest.dir/build.make examples/LinearAlgebra/DenseTest/CMakeFiles/densemattest.dir/build
make[2]: Leaving directory '/home/isatkaus/gridkit/build'
make[2]: Leaving directory '/home/isatkaus/gridkit/build'
make[2]: Leaving directory '/home/isatkaus/gridkit/build'
make[2]: Leaving directory '/home/isatkaus/gridkit/build'
make[2]: Leaving directory '/home/isatkaus/gridkit/build'
make  -f GridKit/Model/PowerElectronics/DistributedGenerator/CMakeFiles/power_elec_disgen.dir/build.make GridKit/Model/PowerElectronics/DistributedGenerator/CMakeFiles/power_elec_disgen.dir/build
make  -f GridKit/Model/PowerElectronics/SynchronousMachine/CMakeFiles/power_elec_synmachine.dir/build.make GridKit/Model/PowerElectronics/SynchronousMachine/CMakeFiles/power_elec_synmachine.dir/build
make  -f GridKit/Model/PowerElectronics/MicrogridLoad/CMakeFiles/power_elec_microload.dir/build.make GridKit/Model/PowerElectronics/MicrogridLoad/CMakeFiles/power_elec_microload.dir/build
make  -f GridKit/Model/PowerElectronics/MicrogridLine/CMakeFiles/power_elec_microline.dir/build.make GridKit/Model/PowerElectronics/MicrogridLine/CMakeFiles/power_elec_microline.dir/build
make  -f GridKit/Model/PowerElectronics/MicrogridBusDQ/CMakeFiles/power_elec_microbusdq.dir/build.make GridKit/Model/PowerElectronics/MicrogridBusDQ/CMakeFiles/power_elec_microbusdq.dir/build
[  1%] Building CXX object GridKit/Model/PhasorDynamics/SignalNode/CMakeFiles/phasor_dynamics_signal_dependency_tracking.dir/SignalNodeDependencyTracking.cpp.o
cd /home/isatkaus/gridkit/build/GridKit/Utilities/Logger && /nopt/nrel/apps/cpu_stack/software/gridkit/llvm/16.0.6/bin/clang++ -Dutilities_logger_EXPORTS -I/home/isatkaus/gridkit --gcc-toolchain=/nopt/nrel/apps/cpu_stack/compilers/06-24/linux-rhel8-sapphirerapids/gcc-12.3.0/gcc-13.1.0-bmut2ysomhthj6y7oyc73c3cmxye57am -Wall -Wextra -Wconversion -Wpedantic -O2 -g -DNDEBUG -std=gnu++20 -fPIC -MD -MT GridKit/Utilities/Logger/CMakeFiles/utilities_logger.dir/Logger.cpp.o -MF CMakeFiles/utilities_logger.dir/Logger.cpp.o.d -o CMakeFiles/utilities_logger.dir/Logger.cpp.o -c /home/isatkaus/gridkit/GridKit/Utilities/Logger/Logger.cpp
make[2]: Entering directory '/home/isatkaus/gridkit/build'
cd /home/isatkaus/gridkit/build/GridKit/LinearAlgebra/SparseMatrix && /nopt/nrel/apps/cpu_stack/software/gridkit/llvm/16.0.6/bin/clang++ -Dsparse_matrix_EXPORTS -I/home/isatkaus/gridkit --gcc-toolchain=/nopt/nrel/apps/cpu_stack/compilers/06-24/linux-rhel8-sapphirerapids/gcc-12.3.0/gcc-13.1.0-bmut2ysomhthj6y7oyc73c3cmxye57am -Wall -Wextra -Wconversion -Wpedantic -O2 -g -DNDEBUG -std=gnu++20 -fPIC -MD -MT GridKit/LinearAlgebra/SparseMatrix/CMakeFiles/sparse_matrix.dir/CsrMatrix.cpp.o -MF CMakeFiles/sparse_matrix.dir/CsrMatrix.cpp.o.d -o CMakeFiles/sparse_matrix.dir/CsrMatrix.cpp.o -c /home/isatkaus/gridkit/GridKit/LinearAlgebra/SparseMatrix/CsrMatrix.cpp
make[2]: Entering directory '/home/isatkaus/gridkit/build'
cd /home/isatkaus/gridkit/build/GridKit/LinearAlgebra/SparseMatrix && /nopt/nrel/apps/cpu_stack/software/gridkit/llvm/16.0.6/bin/clang++ -Dsparse_matrix_EXPORTS -I/home/isatkaus/gridkit --gcc-toolchain=/nopt/nrel/apps/cpu_stack/compilers/06-24/linux-rhel8-sapphirerapids/gcc-12.3.0/gcc-13.1.0-bmut2ysomhthj6y7oyc73c3cmxye57am -Wall -Wextra -Wconversion -Wpedantic -O2 -g -DNDEBUG -std=gnu++20 -fPIC -MD -MT GridKit/LinearAlgebra/SparseMatrix/CMakeFiles/sparse_matrix.dir/CooMatrix.cpp.o -MF CMakeFiles/sparse_matrix.dir/CooMatrix.cpp.o.d -o CMakeFiles/sparse_matrix.dir/CooMatrix.cpp.o -c /home/isatkaus/gridkit/GridKit/LinearAlgebra/SparseMatrix/CooMatrix.cpp
[  1%] Building CXX object GridKit/Model/PowerFlow/Bus/CMakeFiles/bus.dir/BusPQ.cpp.o
cd /home/isatkaus/gridkit/build/GridKit/Model/PhasorDynamics/SignalNode && /nopt/nrel/apps/cpu_stack/software/gridkit/llvm/16.0.6/bin/clang++ -Dphasor_dynamics_signal_EXPORTS -I/home/isatkaus/gridkit --gcc-toolchain=/nopt/nrel/apps/cpu_stack/compilers/06-24/linux-rhel8-sapphirerapids/gcc-12.3.0/gcc-13.1.0-bmut2ysomhthj6y7oyc73c3cmxye57am -Wall -Wextra -Wconversion -Wpedantic -O2 -g -DNDEBUG -std=gnu++20 -fPIC -MD -MT GridKit/Model/PhasorDynamics/SignalNode/CMakeFiles/phasor_dynamics_signal.dir/SignalNode.cpp.o -MF CMakeFiles/phasor_dynamics_signal.dir/SignalNode.cpp.o.d -o CMakeFiles/phasor_dynamics_signal.dir/SignalNode.cpp.o -c /home/isatkaus/gridkit/GridKit/Model/PhasorDynamics/SignalNode/SignalNode.cpp
make[2]: Entering directory '/home/isatkaus/gridkit/build'
make[2]: Entering directory '/home/isatkaus/gridkit/build'
make[2]: Entering directory '/home/isatkaus/gridkit/build'
cd /home/isatkaus/gridkit/build/GridKit/Model/PowerFlow/Branch && /nopt/nrel/apps/cpu_stack/software/gridkit/llvm/16.0.6/bin/clang++ -Dbranch_EXPORTS -I/home/isatkaus/gridkit --gcc-toolchain=/nopt/nrel/apps/cpu_stack/compilers/06-24/linux-rhel8-sapphirerapids/gcc-12.3.0/gcc-13.1.0-bmut2ysomhthj6y7oyc73c3cmxye57am -Wall -Wextra -Wconversion -Wpedantic -O2 -g -DNDEBUG -std=gnu++20 -fPIC -MD -MT GridKit/Model/PowerFlow/Branch/CMakeFiles/branch.dir/Branch.cpp.o -MF CMakeFiles/branch.dir/Branch.cpp.o.d -o CMakeFiles/branch.dir/Branch.cpp.o -c /home/isatkaus/gridkit/GridKit/Model/PowerFlow/Branch/Branch.cpp
make[2]: Entering directory '/home/isatkaus/gridkit/build'
make[2]: Entering directory '/home/isatkaus/gridkit/build'
make[2]: Entering directory '/home/isatkaus/gridkit/build'
make[2]: Entering directory '/home/isatkaus/gridkit/build'
cd /home/isatkaus/gridkit/build/GridKit/Model/PhasorDynamics/SignalNode && /nopt/nrel/apps/cpu_stack/software/gridkit/llvm/16.0.6/bin/clang++ -Dphasor_dynamics_signal_dependency_tracking_EXPORTS -I/home/isatkaus/gridkit --gcc-toolchain=/nopt/nrel/apps/cpu_stack/compilers/06-24/linux-rhel8-sapphirerapids/gcc-12.3.0/gcc-13.1.0-bmut2ysomhthj6y7oyc73c3cmxye57am -Wall -Wextra -Wconversion -Wpedantic -O2 -g -DNDEBUG -std=gnu++20 -fPIC -MD -MT GridKit/Model/PhasorDynamics/SignalNode/CMakeFiles/phasor_dynamics_signal_dependency_tracking.dir/SignalNodeDependencyTracking.cpp.o -MF CMakeFiles/phasor_dynamics_signal_dependency_tracking.dir/SignalNodeDependencyTracking.cpp.o.d -o CMakeFiles/phasor_dynamics_signal_dependency_tracking.dir/SignalNodeDependencyTracking.cpp.o -c /home/isatkaus/gridkit/GridKit/Model/PhasorDynamics/SignalNode/SignalNodeDependencyTracking.cpp
make[2]: Entering directory '/home/isatkaus/gridkit/build'
make[2]: Entering directory '/home/isatkaus/gridkit/build'
make[2]: Entering directory '/home/isatkaus/gridkit/build'
make[2]: Entering directory '/home/isatkaus/gridkit/build'
make[2]: Entering directory '/home/isatkaus/gridkit/build'
make[2]: Entering directory '/home/isatkaus/gridkit/build'
make[2]: Entering directory '/home/isatkaus/gridkit/build'
make[2]: Entering directory '/home/isatkaus/gridkit/build'
cd /home/isatkaus/gridkit/build/GridKit/Model/PowerFlow/Bus && /nopt/nrel/apps/cpu_stack/software/gridkit/llvm/16.0.6/bin/clang++ -Dbus_EXPORTS -I/home/isatkaus/gridkit --gcc-toolchain=/nopt/nrel/apps/cpu_stack/compilers/06-24/linux-rhel8-sapphirerapids/gcc-12.3.0/gcc-13.1.0-bmut2ysomhthj6y7oyc73c3cmxye57am -Wall -Wextra -Wconversion -Wpedantic -O2 -g -DNDEBUG -std=gnu++20 -fPIC -MD -MT GridKit/Model/PowerFlow/Bus/CMakeFiles/bus.dir/BusPQ.cpp.o -MF CMakeFiles/bus.dir/BusPQ.cpp.o.d -o CMakeFiles/bus.dir/BusPQ.cpp.o -c /home/isatkaus/gridkit/GridKit/Model/PowerFlow/Bus/BusPQ.cpp
[  2%] Building CXX object GridKit/Model/PowerFlow/Bus/CMakeFiles/bus.dir/BusPV.cpp.o
[  2%] Building CXX object GridKit/Model/PowerFlow/Generator2/CMakeFiles/generator2.dir/Generator2.cpp.o
[  2%] Building CXX object GridKit/Model/PowerFlow/Bus/CMakeFiles/bus.dir/BusSlack.cpp.o
cd /home/isatkaus/gridkit/build/GridKit/Model/PowerFlow/Generator2 && /nopt/nrel/apps/cpu_stack/software/gridkit/llvm/16.0.6/bin/clang++ -Dgenerator2_EXPORTS -I/home/isatkaus/gridkit --gcc-toolchain=/nopt/nrel/apps/cpu_stack/compilers/06-24/linux-rhel8-sapphirerapids/gcc-12.3.0/gcc-13.1.0-bmut2ysomhthj6y7oyc73c3cmxye57am -Wall -Wextra -Wconversion -Wpedantic -O2 -g -DNDEBUG -std=gnu++20 -fPIC -MD -MT GridKit/Model/PowerFlow/Generator2/CMakeFiles/generator2.dir/Generator2.cpp.o -MF CMakeFiles/generator2.dir/Generator2.cpp.o.d -o CMakeFiles/generator2.dir/Generator2.cpp.o -c /home/isatkaus/gridkit/GridKit/Model/PowerFlow/Generator2/Generator2.cpp
cd /home/isatkaus/gridkit/build/GridKit/Model/PowerFlow/Bus && /nopt/nrel/apps/cpu_stack/software/gridkit/llvm/16.0.6/bin/clang++ -Dbus_EXPORTS -I/home/isatkaus/gridkit --gcc-toolchain=/nopt/nrel/apps/cpu_stack/compilers/06-24/linux-rhel8-sapphirerapids/gcc-12.3.0/gcc-13.1.0-bmut2ysomhthj6y7oyc73c3cmxye57am -Wall -Wextra -Wconversion -Wpedantic -O2 -g -DNDEBUG -std=gnu++20 -fPIC -MD -MT GridKit/Model/PowerFlow/Bus/CMakeFiles/bus.dir/BusPV.cpp.o -MF CMakeFiles/bus.dir/BusPV.cpp.o.d -o CMakeFiles/bus.dir/BusPV.cpp.o -c /home/isatkaus/gridkit/GridKit/Model/PowerFlow/Bus/BusPV.cpp
cd /home/isatkaus/gridkit/build/GridKit/Model/PowerFlow/Bus && /nopt/nrel/apps/cpu_stack/software/gridkit/llvm/16.0.6/bin/clang++ -Dbus_EXPORTS -I/home/isatkaus/gridkit --gcc-toolchain=/nopt/nrel/apps/cpu_stack/compilers/06-24/linux-rhel8-sapphirerapids/gcc-12.3.0/gcc-13.1.0-bmut2ysomhthj6y7oyc73c3cmxye57am -Wall -Wextra -Wconversion -Wpedantic -O2 -g -DNDEBUG -std=gnu++20 -fPIC -MD -MT GridKit/Model/PowerFlow/Bus/CMakeFiles/bus.dir/BusSlack.cpp.o -MF CMakeFiles/bus.dir/BusSlack.cpp.o.d -o CMakeFiles/bus.dir/BusSlack.cpp.o -c /home/isatkaus/gridkit/GridKit/Model/PowerFlow/Bus/BusSlack.cpp
[  4%] Building CXX object GridKit/Model/PowerFlow/Generator/CMakeFiles/generator.dir/GeneratorSlack.cpp.o
[  4%] Building CXX object GridKit/Model/PowerFlow/Generator/CMakeFiles/generator.dir/GeneratorPV.cpp.o
[  4%] Building CXX object GridKit/Model/PowerFlow/Generator4Param/CMakeFiles/generator4param.dir/Generator4Param.cpp.o
[  5%] Building CXX object GridKit/Model/PowerFlow/Generator4/CMakeFiles/generator4.dir/Generator4.cpp.o
[  5%] Building CXX object GridKit/Model/PowerFlow/Generator/CMakeFiles/generator.dir/GeneratorPQ.cpp.o
[  6%] Building CXX object GridKit/Model/PowerFlow/MiniGrid/CMakeFiles/minigrid.dir/MiniGrid.cpp.o
[  6%] Building CXX object GridKit/Model/PowerElectronics/Capacitor/CMakeFiles/power_elec_capacitor.dir/Capacitor.cpp.o
[  6%] Building CXX object GridKit/Model/PowerElectronics/VoltageSource/CMakeFiles/power_elec_voltagesource.dir/VoltageSource.cpp.o
[  6%] Building CXX object GridKit/Model/PowerElectronics/Inductor/CMakeFiles/power_elec_inductor.dir/Inductor.cpp.o
[  6%] Building CXX object GridKit/Model/PowerElectronics/Resistor/CMakeFiles/power_elec_resistor.dir/Resistor.cpp.o
[  6%] Building CXX object GridKit/Model/PowerElectronics/InductionMotor/CMakeFiles/power_elec_inductionmotor.dir/InductionMotor.cpp.o
[  7%] Building CXX object GridKit/Model/PowerFlow/Generator4Governor/CMakeFiles/generator4governor.dir/Generator4Governor.cpp.o
[  7%] Building CXX object GridKit/Model/PowerFlow/Load/CMakeFiles/load.dir/Load.cpp.o
[  7%] Building CXX object GridKit/Model/PowerElectronics/TransmissionLine/CMakeFiles/power_elec_tranline.dir/TransmissionLine.cpp.o
[  7%] Building CXX object GridKit/Solver/SteadyState/CMakeFiles/solvers_steady.dir/Kinsol.cpp.o
[ 11%] Building CXX object GridKit/Model/PowerElectronics/LinearTransformer/CMakeFiles/power_elec_lineartrasnformer.dir/LinearTransformer.cpp.o
[ 11%] Building CXX object GridKit/Model/PowerElectronics/DistributedGenerator/CMakeFiles/power_elec_disgen.dir/DistributedGenerator.cpp.o
[ 11%] Building CXX object GridKit/Model/PowerElectronics/MicrogridLoad/CMakeFiles/power_elec_microload.dir/MicrogridLoad.cpp.o
[ 11%] Building CXX object GridKit/Model/PowerElectronics/MicrogridLine/CMakeFiles/power_elec_microline.dir/MicrogridLine.cpp.o
[ 12%] Building CXX object GridKit/Model/PowerElectronics/SynchronousMachine/CMakeFiles/power_elec_synmachine.dir/SynchronousMachine.cpp.o
[ 12%] Building CXX object GridKit/Model/PowerElectronics/MicrogridBusDQ/CMakeFiles/power_elec_microbusdq.dir/MicrogridBusDQ.cpp.o
[ 12%] Building CXX object examples/LinearAlgebra/DenseTest/CMakeFiles/densemattest.dir/DenseTest.cpp.o
cd /home/isatkaus/gridkit/build/GridKit/Model/PowerFlow/Generator && /nopt/nrel/apps/cpu_stack/software/gridkit/llvm/16.0.6/bin/clang++ -Dgenerator_EXPORTS -I/home/isatkaus/gridkit --gcc-toolchain=/nopt/nrel/apps/cpu_stack/compilers/06-24/linux-rhel8-sapphirerapids/gcc-12.3.0/gcc-13.1.0-bmut2ysomhthj6y7oyc73c3cmxye57am -Wall -Wextra -Wconversion -Wpedantic -O2 -g -DNDEBUG -std=gnu++20 -fPIC -MD -MT GridKit/Model/PowerFlow/Generator/CMakeFiles/generator.dir/GeneratorSlack.cpp.o -MF CMakeFiles/generator.dir/GeneratorSlack.cpp.o.d -o CMakeFiles/generator.dir/GeneratorSlack.cpp.o -c /home/isatkaus/gridkit/GridKit/Model/PowerFlow/Generator/GeneratorSlack.cpp
cd /home/isatkaus/gridkit/build/GridKit/Model/PowerFlow/Generator && /nopt/nrel/apps/cpu_stack/software/gridkit/llvm/16.0.6/bin/clang++ -Dgenerator_EXPORTS -I/home/isatkaus/gridkit --gcc-toolchain=/nopt/nrel/apps/cpu_stack/compilers/06-24/linux-rhel8-sapphirerapids/gcc-12.3.0/gcc-13.1.0-bmut2ysomhthj6y7oyc73c3cmxye57am -Wall -Wextra -Wconversion -Wpedantic -O2 -g -DNDEBUG -std=gnu++20 -fPIC -MD -MT GridKit/Model/PowerFlow/Generator/CMakeFiles/generator.dir/GeneratorPV.cpp.o -MF CMakeFiles/generator.dir/GeneratorPV.cpp.o.d -o CMakeFiles/generator.dir/GeneratorPV.cpp.o -c /home/isatkaus/gridkit/GridKit/Model/PowerFlow/Generator/GeneratorPV.cpp
cd /home/isatkaus/gridkit/build/GridKit/Model/PowerFlow/Generator4Param && /nopt/nrel/apps/cpu_stack/software/gridkit/llvm/16.0.6/bin/clang++ -Dgenerator4param_EXPORTS -I/home/isatkaus/gridkit --gcc-toolchain=/nopt/nrel/apps/cpu_stack/compilers/06-24/linux-rhel8-sapphirerapids/gcc-12.3.0/gcc-13.1.0-bmut2ysomhthj6y7oyc73c3cmxye57am -Wall -Wextra -Wconversion -Wpedantic -O2 -g -DNDEBUG -std=gnu++20 -fPIC -MD -MT GridKit/Model/PowerFlow/Generator4Param/CMakeFiles/generator4param.dir/Generator4Param.cpp.o -MF CMakeFiles/generator4param.dir/Generator4Param.cpp.o.d -o CMakeFiles/generator4param.dir/Generator4Param.cpp.o -c /home/isatkaus/gridkit/GridKit/Model/PowerFlow/Generator4Param/Generator4Param.cpp
cd /home/isatkaus/gridkit/build/GridKit/Model/PowerFlow/Generator && /nopt/nrel/apps/cpu_stack/software/gridkit/llvm/16.0.6/bin/clang++ -Dgenerator_EXPORTS -I/home/isatkaus/gridkit --gcc-toolchain=/nopt/nrel/apps/cpu_stack/compilers/06-24/linux-rhel8-sapphirerapids/gcc-12.3.0/gcc-13.1.0-bmut2ysomhthj6y7oyc73c3cmxye57am -Wall -Wextra -Wconversion -Wpedantic -O2 -g -DNDEBUG -std=gnu++20 -fPIC -MD -MT GridKit/Model/PowerFlow/Generator/CMakeFiles/generator.dir/GeneratorPQ.cpp.o -MF CMakeFiles/generator.dir/GeneratorPQ.cpp.o.d -o CMakeFiles/generator.dir/GeneratorPQ.cpp.o -c /home/isatkaus/gridkit/GridKit/Model/PowerFlow/Generator/GeneratorPQ.cpp
cd /home/isatkaus/gridkit/build/GridKit/Model/PowerFlow/Generator4 && /nopt/nrel/apps/cpu_stack/software/gridkit/llvm/16.0.6/bin/clang++ -Dgenerator4_EXPORTS -I/home/isatkaus/gridkit --gcc-toolchain=/nopt/nrel/apps/cpu_stack/compilers/06-24/linux-rhel8-sapphirerapids/gcc-12.3.0/gcc-13.1.0-bmut2ysomhthj6y7oyc73c3cmxye57am -Wall -Wextra -Wconversion -Wpedantic -O2 -g -DNDEBUG -std=gnu++20 -fPIC -MD -MT GridKit/Model/PowerFlow/Generator4/CMakeFiles/generator4.dir/Generator4.cpp.o -MF CMakeFiles/generator4.dir/Generator4.cpp.o.d -o CMakeFiles/generator4.dir/Generator4.cpp.o -c /home/isatkaus/gridkit/GridKit/Model/PowerFlow/Generator4/Generator4.cpp
cd /home/isatkaus/gridkit/build/GridKit/Model/PowerFlow/MiniGrid && /nopt/nrel/apps/cpu_stack/software/gridkit/llvm/16.0.6/bin/clang++ -Dminigrid_EXPORTS -I/home/isatkaus/gridkit --gcc-toolchain=/nopt/nrel/apps/cpu_stack/compilers/06-24/linux-rhel8-sapphirerapids/gcc-12.3.0/gcc-13.1.0-bmut2ysomhthj6y7oyc73c3cmxye57am -Wall -Wextra -Wconversion -Wpedantic -O2 -g -DNDEBUG -std=gnu++20 -fPIC -MD -MT GridKit/Model/PowerFlow/MiniGrid/CMakeFiles/minigrid.dir/MiniGrid.cpp.o -MF CMakeFiles/minigrid.dir/MiniGrid.cpp.o.d -o CMakeFiles/minigrid.dir/MiniGrid.cpp.o -c /home/isatkaus/gridkit/GridKit/Model/PowerFlow/MiniGrid/MiniGrid.cpp
cd /home/isatkaus/gridkit/build/GridKit/Model/PowerElectronics/Capacitor && /nopt/nrel/apps/cpu_stack/software/gridkit/llvm/16.0.6/bin/clang++ -Dpower_elec_capacitor_EXPORTS -I/home/isatkaus/gridkit --gcc-toolchain=/nopt/nrel/apps/cpu_stack/compilers/06-24/linux-rhel8-sapphirerapids/gcc-12.3.0/gcc-13.1.0-bmut2ysomhthj6y7oyc73c3cmxye57am -Wall -Wextra -Wconversion -Wpedantic -O2 -g -DNDEBUG -std=gnu++20 -fPIC -MD -MT GridKit/Model/PowerElectronics/Capacitor/CMakeFiles/power_elec_capacitor.dir/Capacitor.cpp.o -MF CMakeFiles/power_elec_capacitor.dir/Capacitor.cpp.o.d -o CMakeFiles/power_elec_capacitor.dir/Capacitor.cpp.o -c /home/isatkaus/gridkit/GridKit/Model/PowerElectronics/Capacitor/Capacitor.cpp
cd /home/isatkaus/gridkit/build/GridKit/Model/PowerElectronics/VoltageSource && /nopt/nrel/apps/cpu_stack/software/gridkit/llvm/16.0.6/bin/clang++ -Dpower_elec_voltagesource_EXPORTS -I/home/isatkaus/gridkit --gcc-toolchain=/nopt/nrel/apps/cpu_stack/compilers/06-24/linux-rhel8-sapphirerapids/gcc-12.3.0/gcc-13.1.0-bmut2ysomhthj6y7oyc73c3cmxye57am -Wall -Wextra -Wconversion -Wpedantic -O2 -g -DNDEBUG -std=gnu++20 -fPIC -MD -MT GridKit/Model/PowerElectronics/VoltageSource/CMakeFiles/power_elec_voltagesource.dir/VoltageSource.cpp.o -MF CMakeFiles/power_elec_voltagesource.dir/VoltageSource.cpp.o.d -o CMakeFiles/power_elec_voltagesource.dir/VoltageSource.cpp.o -c /home/isatkaus/gridkit/GridKit/Model/PowerElectronics/VoltageSource/VoltageSource.cpp
cd /home/isatkaus/gridkit/build/GridKit/Model/PowerElectronics/Inductor && /nopt/nrel/apps/cpu_stack/software/gridkit/llvm/16.0.6/bin/clang++ -Dpower_elec_inductor_EXPORTS -I/home/isatkaus/gridkit --gcc-toolchain=/nopt/nrel/apps/cpu_stack/compilers/06-24/linux-rhel8-sapphirerapids/gcc-12.3.0/gcc-13.1.0-bmut2ysomhthj6y7oyc73c3cmxye57am -Wall -Wextra -Wconversion -Wpedantic -O2 -g -DNDEBUG -std=gnu++20 -fPIC -MD -MT GridKit/Model/PowerElectronics/Inductor/CMakeFiles/power_elec_inductor.dir/Inductor.cpp.o -MF CMakeFiles/power_elec_inductor.dir/Inductor.cpp.o.d -o CMakeFiles/power_elec_inductor.dir/Inductor.cpp.o -c /home/isatkaus/gridkit/GridKit/Model/PowerElectronics/Inductor/Inductor.cpp
cd /home/isatkaus/gridkit/build/GridKit/Model/PowerElectronics/InductionMotor && /nopt/nrel/apps/cpu_stack/software/gridkit/llvm/16.0.6/bin/clang++ -Dpower_elec_inductionmotor_EXPORTS -I/home/isatkaus/gridkit --gcc-toolchain=/nopt/nrel/apps/cpu_stack/compilers/06-24/linux-rhel8-sapphirerapids/gcc-12.3.0/gcc-13.1.0-bmut2ysomhthj6y7oyc73c3cmxye57am -Wall -Wextra -Wconversion -Wpedantic -O2 -g -DNDEBUG -std=gnu++20 -fPIC -MD -MT GridKit/Model/PowerElectronics/InductionMotor/CMakeFiles/power_elec_inductionmotor.dir/InductionMotor.cpp.o -MF CMakeFiles/power_elec_inductionmotor.dir/InductionMotor.cpp.o.d -o CMakeFiles/power_elec_inductionmotor.dir/InductionMotor.cpp.o -c /home/isatkaus/gridkit/GridKit/Model/PowerElectronics/InductionMotor/InductionMotor.cpp
cd /home/isatkaus/gridkit/build/GridKit/Model/PowerElectronics/Resistor && /nopt/nrel/apps/cpu_stack/software/gridkit/llvm/16.0.6/bin/clang++ -Dpower_elec_resistor_EXPORTS -I/home/isatkaus/gridkit --gcc-toolchain=/nopt/nrel/apps/cpu_stack/compilers/06-24/linux-rhel8-sapphirerapids/gcc-12.3.0/gcc-13.1.0-bmut2ysomhthj6y7oyc73c3cmxye57am -Wall -Wextra -Wconversion -Wpedantic -O2 -g -DNDEBUG -std=gnu++20 -fPIC -MD -MT GridKit/Model/PowerElectronics/Resistor/CMakeFiles/power_elec_resistor.dir/Resistor.cpp.o -MF CMakeFiles/power_elec_resistor.dir/Resistor.cpp.o.d -o CMakeFiles/power_elec_resistor.dir/Resistor.cpp.o -c /home/isatkaus/gridkit/GridKit/Model/PowerElectronics/Resistor/Resistor.cpp
cd /home/isatkaus/gridkit/build/GridKit/Solver/SteadyState && /nopt/nrel/apps/cpu_stack/software/gridkit/llvm/16.0.6/bin/clang++ -Dsolvers_steady_EXPORTS -I/home/isatkaus/gridkit -isystem /nopt/nrel/apps/cpu_stack/software/gridkit/sundials/develop/include --gcc-toolchain=/nopt/nrel/apps/cpu_stack/compilers/06-24/linux-rhel8-sapphirerapids/gcc-12.3.0/gcc-13.1.0-bmut2ysomhthj6y7oyc73c3cmxye57am -Wall -Wextra -Wconversion -Wpedantic -O2 -g -DNDEBUG -std=gnu++20 -fPIC -MD -MT GridKit/Solver/SteadyState/CMakeFiles/solvers_steady.dir/Kinsol.cpp.o -MF CMakeFiles/solvers_steady.dir/Kinsol.cpp.o.d -o CMakeFiles/solvers_steady.dir/Kinsol.cpp.o -c /home/isatkaus/gridkit/GridKit/Solver/SteadyState/Kinsol.cpp
cd /home/isatkaus/gridkit/build/GridKit/Model/PowerElectronics/MicrogridLoad && /nopt/nrel/apps/cpu_stack/software/gridkit/llvm/16.0.6/bin/clang++ -Dpower_elec_microload_EXPORTS -I/home/isatkaus/gridkit --gcc-toolchain=/nopt/nrel/apps/cpu_stack/compilers/06-24/linux-rhel8-sapphirerapids/gcc-12.3.0/gcc-13.1.0-bmut2ysomhthj6y7oyc73c3cmxye57am -Wall -Wextra -Wconversion -Wpedantic -O2 -g -DNDEBUG -std=gnu++20 -fPIC -MD -MT GridKit/Model/PowerElectronics/MicrogridLoad/CMakeFiles/power_elec_microload.dir/MicrogridLoad.cpp.o -MF CMakeFiles/power_elec_microload.dir/MicrogridLoad.cpp.o.d -o CMakeFiles/power_elec_microload.dir/MicrogridLoad.cpp.o -c /home/isatkaus/gridkit/GridKit/Model/PowerElectronics/MicrogridLoad/MicrogridLoad.cpp
cd /home/isatkaus/gridkit/build/GridKit/Model/PowerFlow/Generator4Governor && /nopt/nrel/apps/cpu_stack/software/gridkit/llvm/16.0.6/bin/clang++ -Dgenerator4governor_EXPORTS -I/home/isatkaus/gridkit --gcc-toolchain=/nopt/nrel/apps/cpu_stack/compilers/06-24/linux-rhel8-sapphirerapids/gcc-12.3.0/gcc-13.1.0-bmut2ysomhthj6y7oyc73c3cmxye57am -Wall -Wextra -Wconversion -Wpedantic -O2 -g -DNDEBUG -std=gnu++20 -fPIC -MD -MT GridKit/Model/PowerFlow/Generator4Governor/CMakeFiles/generator4governor.dir/Generator4Governor.cpp.o -MF CMakeFiles/generator4governor.dir/Generator4Governor.cpp.o.d -o CMakeFiles/generator4governor.dir/Generator4Governor.cpp.o -c /home/isatkaus/gridkit/GridKit/Model/PowerFlow/Generator4Governor/Generator4Governor.cpp
cd /home/isatkaus/gridkit/build/GridKit/Model/PowerElectronics/SynchronousMachine && /nopt/nrel/apps/cpu_stack/software/gridkit/llvm/16.0.6/bin/clang++ -Dpower_elec_synmachine_EXPORTS -I/home/isatkaus/gridkit --gcc-toolchain=/nopt/nrel/apps/cpu_stack/compilers/06-24/linux-rhel8-sapphirerapids/gcc-12.3.0/gcc-13.1.0-bmut2ysomhthj6y7oyc73c3cmxye57am -Wall -Wextra -Wconversion -Wpedantic -O2 -g -DNDEBUG -std=gnu++20 -fPIC -MD -MT GridKit/Model/PowerElectronics/SynchronousMachine/CMakeFiles/power_elec_synmachine.dir/SynchronousMachine.cpp.o -MF CMakeFiles/power_elec_synmachine.dir/SynchronousMachine.cpp.o.d -o CMakeFiles/power_elec_synmachine.dir/SynchronousMachine.cpp.o -c /home/isatkaus/gridkit/GridKit/Model/PowerElectronics/SynchronousMachine/SynchronousMachine.cpp
cd /home/isatkaus/gridkit/build/GridKit/Model/PowerElectronics/DistributedGenerator && /nopt/nrel/apps/cpu_stack/software/gridkit/llvm/16.0.6/bin/clang++ -Dpower_elec_disgen_EXPORTS -I/home/isatkaus/gridkit --gcc-toolchain=/nopt/nrel/apps/cpu_stack/compilers/06-24/linux-rhel8-sapphirerapids/gcc-12.3.0/gcc-13.1.0-bmut2ysomhthj6y7oyc73c3cmxye57am -Wall -Wextra -Wconversion -Wpedantic -O2 -g -DNDEBUG -std=gnu++20 -fPIC -MD -MT GridKit/Model/PowerElectronics/DistributedGenerator/CMakeFiles/power_elec_disgen.dir/DistributedGenerator.cpp.o -MF CMakeFiles/power_elec_disgen.dir/DistributedGenerator.cpp.o.d -o CMakeFiles/power_elec_disgen.dir/DistributedGenerator.cpp.o -c /home/isatkaus/gridkit/GridKit/Model/PowerElectronics/DistributedGenerator/DistributedGenerator.cpp
cd /home/isatkaus/gridkit/build/examples/LinearAlgebra/DenseTest && /nopt/nrel/apps/cpu_stack/software/gridkit/llvm/16.0.6/bin/clang++  -I/home/isatkaus/gridkit --gcc-toolchain=/nopt/nrel/apps/cpu_stack/compilers/06-24/linux-rhel8-sapphirerapids/gcc-12.3.0/gcc-13.1.0-bmut2ysomhthj6y7oyc73c3cmxye57am -Wall -Wextra -Wconversion -Wpedantic -O2 -g -DNDEBUG -std=gnu++20 -fPIE -MD -MT examples/LinearAlgebra/DenseTest/CMakeFiles/densemattest.dir/DenseTest.cpp.o -MF CMakeFiles/densemattest.dir/DenseTest.cpp.o.d -o CMakeFiles/densemattest.dir/DenseTest.cpp.o -c /home/isatkaus/gridkit/examples/LinearAlgebra/DenseTest/DenseTest.cpp
cd /home/isatkaus/gridkit/build/GridKit/Model/PowerFlow/Load && /nopt/nrel/apps/cpu_stack/software/gridkit/llvm/16.0.6/bin/clang++ -Dload_EXPORTS -I/home/isatkaus/gridkit --gcc-toolchain=/nopt/nrel/apps/cpu_stack/compilers/06-24/linux-rhel8-sapphirerapids/gcc-12.3.0/gcc-13.1.0-bmut2ysomhthj6y7oyc73c3cmxye57am -Wall -Wextra -Wconversion -Wpedantic -O2 -g -DNDEBUG -std=gnu++20 -fPIC -MD -MT GridKit/Model/PowerFlow/Load/CMakeFiles/load.dir/Load.cpp.o -MF CMakeFiles/load.dir/Load.cpp.o.d -o CMakeFiles/load.dir/Load.cpp.o -c /home/isatkaus/gridkit/GridKit/Model/PowerFlow/Load/Load.cpp
cd /home/isatkaus/gridkit/build/GridKit/Model/PowerElectronics/MicrogridLine && /nopt/nrel/apps/cpu_stack/software/gridkit/llvm/16.0.6/bin/clang++ -Dpower_elec_microline_EXPORTS -I/home/isatkaus/gridkit --gcc-toolchain=/nopt/nrel/apps/cpu_stack/compilers/06-24/linux-rhel8-sapphirerapids/gcc-12.3.0/gcc-13.1.0-bmut2ysomhthj6y7oyc73c3cmxye57am -Wall -Wextra -Wconversion -Wpedantic -O2 -g -DNDEBUG -std=gnu++20 -fPIC -MD -MT GridKit/Model/PowerElectronics/MicrogridLine/CMakeFiles/power_elec_microline.dir/MicrogridLine.cpp.o -MF CMakeFiles/power_elec_microline.dir/MicrogridLine.cpp.o.d -o CMakeFiles/power_elec_microline.dir/MicrogridLine.cpp.o -c /home/isatkaus/gridkit/GridKit/Model/PowerElectronics/MicrogridLine/MicrogridLine.cpp
cd /home/isatkaus/gridkit/build/GridKit/Model/PowerElectronics/TransmissionLine && /nopt/nrel/apps/cpu_stack/software/gridkit/llvm/16.0.6/bin/clang++ -Dpower_elec_tranline_EXPORTS -I/home/isatkaus/gridkit --gcc-toolchain=/nopt/nrel/apps/cpu_stack/compilers/06-24/linux-rhel8-sapphirerapids/gcc-12.3.0/gcc-13.1.0-bmut2ysomhthj6y7oyc73c3cmxye57am -Wall -Wextra -Wconversion -Wpedantic -O2 -g -DNDEBUG -std=gnu++20 -fPIC -MD -MT GridKit/Model/PowerElectronics/TransmissionLine/CMakeFiles/power_elec_tranline.dir/TransmissionLine.cpp.o -MF CMakeFiles/power_elec_tranline.dir/TransmissionLine.cpp.o.d -o CMakeFiles/power_elec_tranline.dir/TransmissionLine.cpp.o -c /home/isatkaus/gridkit/GridKit/Model/PowerElectronics/TransmissionLine/TransmissionLine.cpp
cd /home/isatkaus/gridkit/build/GridKit/Model/PowerElectronics/MicrogridBusDQ && /nopt/nrel/apps/cpu_stack/software/gridkit/llvm/16.0.6/bin/clang++ -Dpower_elec_microbusdq_EXPORTS -I/home/isatkaus/gridkit --gcc-toolchain=/nopt/nrel/apps/cpu_stack/compilers/06-24/linux-rhel8-sapphirerapids/gcc-12.3.0/gcc-13.1.0-bmut2ysomhthj6y7oyc73c3cmxye57am -Wall -Wextra -Wconversion -Wpedantic -O2 -g -DNDEBUG -std=gnu++20 -fPIC -MD -MT GridKit/Model/PowerElectronics/MicrogridBusDQ/CMakeFiles/power_elec_microbusdq.dir/MicrogridBusDQ.cpp.o -MF CMakeFiles/power_elec_microbusdq.dir/MicrogridBusDQ.cpp.o.d -o CMakeFiles/power_elec_microbusdq.dir/MicrogridBusDQ.cpp.o -c /home/isatkaus/gridkit/GridKit/Model/PowerElectronics/MicrogridBusDQ/MicrogridBusDQ.cpp
cd /home/isatkaus/gridkit/build/GridKit/Model/PowerElectronics/LinearTransformer && /nopt/nrel/apps/cpu_stack/software/gridkit/llvm/16.0.6/bin/clang++ -Dpower_elec_lineartrasnformer_EXPORTS -I/home/isatkaus/gridkit --gcc-toolchain=/nopt/nrel/apps/cpu_stack/compilers/06-24/linux-rhel8-sapphirerapids/gcc-12.3.0/gcc-13.1.0-bmut2ysomhthj6y7oyc73c3cmxye57am -Wall -Wextra -Wconversion -Wpedantic -O2 -g -DNDEBUG -std=gnu++20 -fPIC -MD -MT GridKit/Model/PowerElectronics/LinearTransformer/CMakeFiles/power_elec_lineartrasnformer.dir/LinearTransformer.cpp.o -MF CMakeFiles/power_elec_lineartrasnformer.dir/LinearTransformer.cpp.o.d -o CMakeFiles/power_elec_lineartrasnformer.dir/LinearTransformer.cpp.o -c /home/isatkaus/gridkit/GridKit/Model/PowerElectronics/LinearTransformer/LinearTransformer.cpp
[ 13%] Linking CXX shared library libgridkit_phasor_dynamics_signal.so
cd /home/isatkaus/gridkit/build/GridKit/Model/PhasorDynamics/SignalNode && /nopt/nrel/apps/cpu_stack/utilities/06-24/linux-rhel8-sapphirerapids/gcc-12.3.0/cmake-3.29.2-6n4msmc4aewj7wyi6b5g644vjrqyqgot/bin/cmake -E cmake_link_script CMakeFiles/phasor_dynamics_signal.dir/link.txt --verbose=1
/nopt/nrel/apps/cpu_stack/software/gridkit/llvm/16.0.6/bin/clang++ -fPIC --gcc-toolchain=/nopt/nrel/apps/cpu_stack/compilers/06-24/linux-rhel8-sapphirerapids/gcc-12.3.0/gcc-13.1.0-bmut2ysomhthj6y7oyc73c3cmxye57am -Wall -Wextra -Wconversion -Wpedantic -O2 -g -DNDEBUG -Wl,-rpath,/nopt/nrel/apps/cpu_stack/compilers/06-24/linux-rhel8-sapphirerapids/gcc-12.3.0/gcc-13.1.0-bmut2ysomhthj6y7oyc73c3cmxye57am/lib/gcc/x86_64-pc-linux-gnu/13.1.0/../../../../lib64 -Wl,-rpath,/nopt/nrel/apps/cpu_stack/libraries-gcc/06-24/linux-rhel8-sapphirerapids/gcc-12.3.0/netlib-lapack-3.11.0-abk4uhd5cyrfnhh67bcdhyt6fulibezx/lib64 -shared -Wl,-soname,libgridkit_phasor_dynamics_signal.so.0 -o libgridkit_phasor_dynamics_signal.so.0.1.0 CMakeFiles/phasor_dynamics_signal.dir/SignalNode.cpp.o  -Wl,-rpath,::::::::::::::
[ 14%] Linking CXX shared library libgridkit_utilities_logger.so
cd /home/isatkaus/gridkit/build/GridKit/Utilities/Logger && /nopt/nrel/apps/cpu_stack/utilities/06-24/linux-rhel8-sapphirerapids/gcc-12.3.0/cmake-3.29.2-6n4msmc4aewj7wyi6b5g644vjrqyqgot/bin/cmake -E cmake_link_script CMakeFiles/utilities_logger.dir/link.txt --verbose=1
/nopt/nrel/apps/cpu_stack/software/gridkit/llvm/16.0.6/bin/clang++ -fPIC --gcc-toolchain=/nopt/nrel/apps/cpu_stack/compilers/06-24/linux-rhel8-sapphirerapids/gcc-12.3.0/gcc-13.1.0-bmut2ysomhthj6y7oyc73c3cmxye57am -Wall -Wextra -Wconversion -Wpedantic -O2 -g -DNDEBUG -Wl,-rpath,/nopt/nrel/apps/cpu_stack/compilers/06-24/linux-rhel8-sapphirerapids/gcc-12.3.0/gcc-13.1.0-bmut2ysomhthj6y7oyc73c3cmxye57am/lib/gcc/x86_64-pc-linux-gnu/13.1.0/../../../../lib64 -Wl,-rpath,/nopt/nrel/apps/cpu_stack/libraries-gcc/06-24/linux-rhel8-sapphirerapids/gcc-12.3.0/netlib-lapack-3.11.0-abk4uhd5cyrfnhh67bcdhyt6fulibezx/lib64 -shared -Wl,-soname,libgridkit_utilities_logger.so.0 -o libgridkit_utilities_logger.so.0.1.0 CMakeFiles/utilities_logger.dir/Logger.cpp.o  -Wl,-rpath,::::::::::::::
cd /home/isatkaus/gridkit/build/GridKit/Model/PhasorDynamics/SignalNode && /nopt/nrel/apps/cpu_stack/utilities/06-24/linux-rhel8-sapphirerapids/gcc-12.3.0/cmake-3.29.2-6n4msmc4aewj7wyi6b5g644vjrqyqgot/bin/cmake -E cmake_symlink_library libgridkit_phasor_dynamics_signal.so.0.1.0 libgridkit_phasor_dynamics_signal.so.0 libgridkit_phasor_dynamics_signal.so
make[2]: Leaving directory '/home/isatkaus/gridkit/build'
[ 14%] Linking CXX executable densemattest
[ 14%] Built target phasor_dynamics_signal
cd /home/isatkaus/gridkit/build/examples/LinearAlgebra/DenseTest && /nopt/nrel/apps/cpu_stack/utilities/06-24/linux-rhel8-sapphirerapids/gcc-12.3.0/cmake-3.29.2-6n4msmc4aewj7wyi6b5g644vjrqyqgot/bin/cmake -E cmake_link_script CMakeFiles/densemattest.dir/link.txt --verbose=1
/nopt/nrel/apps/cpu_stack/software/gridkit/llvm/16.0.6/bin/clang++ --gcc-toolchain=/nopt/nrel/apps/cpu_stack/compilers/06-24/linux-rhel8-sapphirerapids/gcc-12.3.0/gcc-13.1.0-bmut2ysomhthj6y7oyc73c3cmxye57am -Wall -Wextra -Wconversion -Wpedantic -O2 -g -DNDEBUG -Wl,-rpath,/nopt/nrel/apps/cpu_stack/compilers/06-24/linux-rhel8-sapphirerapids/gcc-12.3.0/gcc-13.1.0-bmut2ysomhthj6y7oyc73c3cmxye57am/lib/gcc/x86_64-pc-linux-gnu/13.1.0/../../../../lib64 -Wl,-rpath,/nopt/nrel/apps/cpu_stack/libraries-gcc/06-24/linux-rhel8-sapphirerapids/gcc-12.3.0/netlib-lapack-3.11.0-abk4uhd5cyrfnhh67bcdhyt6fulibezx/lib64 CMakeFiles/densemattest.dir/DenseTest.cpp.o -o densemattest  -Wl,-rpath,::::::::::::::
[ 14%] Linking CXX shared library libgridkit_phasor_dynamics_signal_dependency_tracking.so
cd /home/isatkaus/gridkit/build/GridKit/Model/PhasorDynamics/SignalNode && /nopt/nrel/apps/cpu_stack/utilities/06-24/linux-rhel8-sapphirerapids/gcc-12.3.0/cmake-3.29.2-6n4msmc4aewj7wyi6b5g644vjrqyqgot/bin/cmake -E cmake_link_script CMakeFiles/phasor_dynamics_signal_dependency_tracking.dir/link.txt --verbose=1
/nopt/nrel/apps/cpu_stack/software/gridkit/llvm/16.0.6/bin/clang++ -fPIC --gcc-toolchain=/nopt/nrel/apps/cpu_stack/compilers/06-24/linux-rhel8-sapphirerapids/gcc-12.3.0/gcc-13.1.0-bmut2ysomhthj6y7oyc73c3cmxye57am -Wall -Wextra -Wconversion -Wpedantic -O2 -g -DNDEBUG -Wl,-rpath,/nopt/nrel/apps/cpu_stack/compilers/06-24/linux-rhel8-sapphirerapids/gcc-12.3.0/gcc-13.1.0-bmut2ysomhthj6y7oyc73c3cmxye57am/lib/gcc/x86_64-pc-linux-gnu/13.1.0/../../../../lib64 -Wl,-rpath,/nopt/nrel/apps/cpu_stack/libraries-gcc/06-24/linux-rhel8-sapphirerapids/gcc-12.3.0/netlib-lapack-3.11.0-abk4uhd5cyrfnhh67bcdhyt6fulibezx/lib64 -shared -Wl,-soname,libgridkit_phasor_dynamics_signal_dependency_tracking.so.0 -o libgridkit_phasor_dynamics_signal_dependency_tracking.so.0.1.0 CMakeFiles/phasor_dynamics_signal_dependency_tracking.dir/SignalNodeDependencyTracking.cpp.o  -Wl,-rpath,::::::::::::::
cd /home/isatkaus/gridkit/build/GridKit/Utilities/Logger && /nopt/nrel/apps/cpu_stack/utilities/06-24/linux-rhel8-sapphirerapids/gcc-12.3.0/cmake-3.29.2-6n4msmc4aewj7wyi6b5g644vjrqyqgot/bin/cmake -E cmake_symlink_library libgridkit_utilities_logger.so.0.1.0 libgridkit_utilities_logger.so.0 libgridkit_utilities_logger.so
make[2]: Leaving directory '/home/isatkaus/gridkit/build'
[ 14%] Built target utilities_logger
make  -f GridKit/Utilities/CliArgs/CMakeFiles/utilities_cli_args.dir/build.make GridKit/Utilities/CliArgs/CMakeFiles/utilities_cli_args.dir/depend
make  -f GridKit/LinearAlgebra/Vector/CMakeFiles/dense_vector.dir/build.make GridKit/LinearAlgebra/Vector/CMakeFiles/dense_vector.dir/depend
make[2]: Entering directory '/home/isatkaus/gridkit/build'
cd /home/isatkaus/gridkit/build && /nopt/nrel/apps/cpu_stack/utilities/06-24/linux-rhel8-sapphirerapids/gcc-12.3.0/cmake-3.29.2-6n4msmc4aewj7wyi6b5g644vjrqyqgot/bin/cmake -E cmake_depends "Unix Makefiles" /home/isatkaus/gridkit /home/isatkaus/gridkit/GridKit/Utilities/CliArgs /home/isatkaus/gridkit/build /home/isatkaus/gridkit/build/GridKit/Utilities/CliArgs /home/isatkaus/gridkit/build/GridKit/Utilities/CliArgs/CMakeFiles/utilities_cli_args.dir/DependInfo.cmake "--color="
make[2]: Entering directory '/home/isatkaus/gridkit/build'
cd /home/isatkaus/gridkit/build && /nopt/nrel/apps/cpu_stack/utilities/06-24/linux-rhel8-sapphirerapids/gcc-12.3.0/cmake-3.29.2-6n4msmc4aewj7wyi6b5g644vjrqyqgot/bin/cmake -E cmake_depends "Unix Makefiles" /home/isatkaus/gridkit /home/isatkaus/gridkit/GridKit/LinearAlgebra/Vector /home/isatkaus/gridkit/build /home/isatkaus/gridkit/build/GridKit/LinearAlgebra/Vector /home/isatkaus/gridkit/build/GridKit/LinearAlgebra/Vector/CMakeFiles/dense_vector.dir/DependInfo.cmake "--color="
make[2]: Leaving directory '/home/isatkaus/gridkit/build'
make[2]: Leaving directory '/home/isatkaus/gridkit/build'
make  -f GridKit/LinearAlgebra/Vector/CMakeFiles/dense_vector.dir/build.make GridKit/LinearAlgebra/Vector/CMakeFiles/dense_vector.dir/build
make  -f GridKit/Utilities/CliArgs/CMakeFiles/utilities_cli_args.dir/build.make GridKit/Utilities/CliArgs/CMakeFiles/utilities_cli_args.dir/build
make[2]: Entering directory '/home/isatkaus/gridkit/build'
make[2]: Entering directory '/home/isatkaus/gridkit/build'
[ 14%] Building CXX object GridKit/Utilities/CliArgs/CMakeFiles/utilities_cli_args.dir/CliArgs.cpp.o
[ 14%] Building CXX object GridKit/LinearAlgebra/Vector/CMakeFiles/dense_vector.dir/Vector.cpp.o
cd /home/isatkaus/gridkit/build/GridKit/Utilities/CliArgs && /nopt/nrel/apps/cpu_stack/software/gridkit/llvm/16.0.6/bin/clang++ -Dutilities_cli_args_EXPORTS -I/home/isatkaus/gridkit --gcc-toolchain=/nopt/nrel/apps/cpu_stack/compilers/06-24/linux-rhel8-sapphirerapids/gcc-12.3.0/gcc-13.1.0-bmut2ysomhthj6y7oyc73c3cmxye57am -Wall -Wextra -Wconversion -Wpedantic -O2 -g -DNDEBUG -std=gnu++20 -fPIC -MD -MT GridKit/Utilities/CliArgs/CMakeFiles/utilities_cli_args.dir/CliArgs.cpp.o -MF CMakeFiles/utilities_cli_args.dir/CliArgs.cpp.o.d -o CMakeFiles/utilities_cli_args.dir/CliArgs.cpp.o -c /home/isatkaus/gridkit/GridKit/Utilities/CliArgs/CliArgs.cpp
cd /home/isatkaus/gridkit/build/GridKit/LinearAlgebra/Vector && /nopt/nrel/apps/cpu_stack/software/gridkit/llvm/16.0.6/bin/clang++ -Ddense_vector_EXPORTS -I/home/isatkaus/gridkit --gcc-toolchain=/nopt/nrel/apps/cpu_stack/compilers/06-24/linux-rhel8-sapphirerapids/gcc-12.3.0/gcc-13.1.0-bmut2ysomhthj6y7oyc73c3cmxye57am -Wall -Wextra -Wconversion -Wpedantic -O2 -g -DNDEBUG -std=gnu++20 -fPIC -MD -MT GridKit/LinearAlgebra/Vector/CMakeFiles/dense_vector.dir/Vector.cpp.o -MF CMakeFiles/dense_vector.dir/Vector.cpp.o.d -o CMakeFiles/dense_vector.dir/Vector.cpp.o -c /home/isatkaus/gridkit/GridKit/LinearAlgebra/Vector/Vector.cpp
[ 15%] Linking CXX shared library libgridkit_sparse_matrix.so
cd /home/isatkaus/gridkit/build/GridKit/LinearAlgebra/SparseMatrix && /nopt/nrel/apps/cpu_stack/utilities/06-24/linux-rhel8-sapphirerapids/gcc-12.3.0/cmake-3.29.2-6n4msmc4aewj7wyi6b5g644vjrqyqgot/bin/cmake -E cmake_link_script CMakeFiles/sparse_matrix.dir/link.txt --verbose=1
/nopt/nrel/apps/cpu_stack/software/gridkit/llvm/16.0.6/bin/clang++ -fPIC --gcc-toolchain=/nopt/nrel/apps/cpu_stack/compilers/06-24/linux-rhel8-sapphirerapids/gcc-12.3.0/gcc-13.1.0-bmut2ysomhthj6y7oyc73c3cmxye57am -Wall -Wextra -Wconversion -Wpedantic -O2 -g -DNDEBUG -Wl,-rpath,/nopt/nrel/apps/cpu_stack/compilers/06-24/linux-rhel8-sapphirerapids/gcc-12.3.0/gcc-13.1.0-bmut2ysomhthj6y7oyc73c3cmxye57am/lib/gcc/x86_64-pc-linux-gnu/13.1.0/../../../../lib64 -Wl,-rpath,/nopt/nrel/apps/cpu_stack/libraries-gcc/06-24/linux-rhel8-sapphirerapids/gcc-12.3.0/netlib-lapack-3.11.0-abk4uhd5cyrfnhh67bcdhyt6fulibezx/lib64 -shared -Wl,-soname,libgridkit_sparse_matrix.so.0 -o libgridkit_sparse_matrix.so.0.1.0 CMakeFiles/sparse_matrix.dir/CooMatrix.cpp.o CMakeFiles/sparse_matrix.dir/CsrMatrix.cpp.o  -Wl,-rpath,::::::::::::::
[ 15%] Linking CXX shared library libgridkit_branch.so
make[2]: Leaving directory '/home/isatkaus/gridkit/build'
cd /home/isatkaus/gridkit/build/GridKit/Model/PowerFlow/Branch && /nopt/nrel/apps/cpu_stack/utilities/06-24/linux-rhel8-sapphirerapids/gcc-12.3.0/cmake-3.29.2-6n4msmc4aewj7wyi6b5g644vjrqyqgot/bin/cmake -E cmake_link_script CMakeFiles/branch.dir/link.txt --verbose=1
[ 15%] Built target densemattest
/nopt/nrel/apps/cpu_stack/software/gridkit/llvm/16.0.6/bin/clang++ -fPIC --gcc-toolchain=/nopt/nrel/apps/cpu_stack/compilers/06-24/linux-rhel8-sapphirerapids/gcc-12.3.0/gcc-13.1.0-bmut2ysomhthj6y7oyc73c3cmxye57am -Wall -Wextra -Wconversion -Wpedantic -O2 -g -DNDEBUG -Wl,-rpath,/nopt/nrel/apps/cpu_stack/compilers/06-24/linux-rhel8-sapphirerapids/gcc-12.3.0/gcc-13.1.0-bmut2ysomhthj6y7oyc73c3cmxye57am/lib/gcc/x86_64-pc-linux-gnu/13.1.0/../../../../lib64 -Wl,-rpath,/nopt/nrel/apps/cpu_stack/libraries-gcc/06-24/linux-rhel8-sapphirerapids/gcc-12.3.0/netlib-lapack-3.11.0-abk4uhd5cyrfnhh67bcdhyt6fulibezx/lib64 -shared -Wl,-soname,libgridkit_branch.so.0 -o libgridkit_branch.so.0.1.0 CMakeFiles/branch.dir/Branch.cpp.o  -Wl,-rpath,::::::::::::::
[ 15%] Linking CXX shared library libgridkit_generator.so
cd /home/isatkaus/gridkit/build/GridKit/Model/PowerFlow/Generator && /nopt/nrel/apps/cpu_stack/utilities/06-24/linux-rhel8-sapphirerapids/gcc-12.3.0/cmake-3.29.2-6n4msmc4aewj7wyi6b5g644vjrqyqgot/bin/cmake -E cmake_link_script CMakeFiles/generator.dir/link.txt --verbose=1
cd /home/isatkaus/gridkit/build/GridKit/Model/PhasorDynamics/SignalNode && /nopt/nrel/apps/cpu_stack/utilities/06-24/linux-rhel8-sapphirerapids/gcc-12.3.0/cmake-3.29.2-6n4msmc4aewj7wyi6b5g644vjrqyqgot/bin/cmake -E cmake_symlink_library libgridkit_phasor_dynamics_signal_dependency_tracking.so.0.1.0 libgridkit_phasor_dynamics_signal_dependency_tracking.so.0 libgridkit_phasor_dynamics_signal_dependency_tracking.so
/nopt/nrel/apps/cpu_stack/software/gridkit/llvm/16.0.6/bin/clang++ -fPIC --gcc-toolchain=/nopt/nrel/apps/cpu_stack/compilers/06-24/linux-rhel8-sapphirerapids/gcc-12.3.0/gcc-13.1.0-bmut2ysomhthj6y7oyc73c3cmxye57am -Wall -Wextra -Wconversion -Wpedantic -O2 -g -DNDEBUG -Wl,-rpath,/nopt/nrel/apps/cpu_stack/compilers/06-24/linux-rhel8-sapphirerapids/gcc-12.3.0/gcc-13.1.0-bmut2ysomhthj6y7oyc73c3cmxye57am/lib/gcc/x86_64-pc-linux-gnu/13.1.0/../../../../lib64 -Wl,-rpath,/nopt/nrel/apps/cpu_stack/libraries-gcc/06-24/linux-rhel8-sapphirerapids/gcc-12.3.0/netlib-lapack-3.11.0-abk4uhd5cyrfnhh67bcdhyt6fulibezx/lib64 -shared -Wl,-soname,libgridkit_generator.so.0 -o libgridkit_generator.so.0.1.0 CMakeFiles/generator.dir/GeneratorSlack.cpp.o CMakeFiles/generator.dir/GeneratorPV.cpp.o CMakeFiles/generator.dir/GeneratorPQ.cpp.o  -Wl,-rpath,::::::::::::::
[ 16%] Linking CXX shared library libgridkit_minigrid.so
cd /home/isatkaus/gridkit/build/GridKit/Model/PowerFlow/MiniGrid && /nopt/nrel/apps/cpu_stack/utilities/06-24/linux-rhel8-sapphirerapids/gcc-12.3.0/cmake-3.29.2-6n4msmc4aewj7wyi6b5g644vjrqyqgot/bin/cmake -E cmake_link_script CMakeFiles/minigrid.dir/link.txt --verbose=1
/nopt/nrel/apps/cpu_stack/software/gridkit/llvm/16.0.6/bin/clang++ -fPIC --gcc-toolchain=/nopt/nrel/apps/cpu_stack/compilers/06-24/linux-rhel8-sapphirerapids/gcc-12.3.0/gcc-13.1.0-bmut2ysomhthj6y7oyc73c3cmxye57am -Wall -Wextra -Wconversion -Wpedantic -O2 -g -DNDEBUG -Wl,-rpath,/nopt/nrel/apps/cpu_stack/compilers/06-24/linux-rhel8-sapphirerapids/gcc-12.3.0/gcc-13.1.0-bmut2ysomhthj6y7oyc73c3cmxye57am/lib/gcc/x86_64-pc-linux-gnu/13.1.0/../../../../lib64 -Wl,-rpath,/nopt/nrel/apps/cpu_stack/libraries-gcc/06-24/linux-rhel8-sapphirerapids/gcc-12.3.0/netlib-lapack-3.11.0-abk4uhd5cyrfnhh67bcdhyt6fulibezx/lib64 -shared -Wl,-soname,libgridkit_minigrid.so.0 -o libgridkit_minigrid.so.0.1.0 CMakeFiles/minigrid.dir/MiniGrid.cpp.o  -Wl,-rpath,::::::::::::::
make[2]: Leaving directory '/home/isatkaus/gridkit/build'
[ 16%] Built target phasor_dynamics_signal_dependency_tracking
[ 17%] Linking CXX shared library libgridkit_solvers_steady.so
cd /home/isatkaus/gridkit/build/GridKit/Solver/SteadyState && /nopt/nrel/apps/cpu_stack/utilities/06-24/linux-rhel8-sapphirerapids/gcc-12.3.0/cmake-3.29.2-6n4msmc4aewj7wyi6b5g644vjrqyqgot/bin/cmake -E cmake_link_script CMakeFiles/solvers_steady.dir/link.txt --verbose=1
[ 18%] Linking CXX shared library libgridkit_bus.so
/nopt/nrel/apps/cpu_stack/software/gridkit/llvm/16.0.6/bin/clang++ -fPIC --gcc-toolchain=/nopt/nrel/apps/cpu_stack/compilers/06-24/linux-rhel8-sapphirerapids/gcc-12.3.0/gcc-13.1.0-bmut2ysomhthj6y7oyc73c3cmxye57am -Wall -Wextra -Wconversion -Wpedantic -O2 -g -DNDEBUG -Wl,-rpath,/nopt/nrel/apps/cpu_stack/compilers/06-24/linux-rhel8-sapphirerapids/gcc-12.3.0/gcc-13.1.0-bmut2ysomhthj6y7oyc73c3cmxye57am/lib/gcc/x86_64-pc-linux-gnu/13.1.0/../../../../lib64 -Wl,-rpath,/nopt/nrel/apps/cpu_stack/libraries-gcc/06-24/linux-rhel8-sapphirerapids/gcc-12.3.0/netlib-lapack-3.11.0-abk4uhd5cyrfnhh67bcdhyt6fulibezx/lib64 -shared -Wl,-soname,libgridkit_solvers_steady.so.0 -o libgridkit_solvers_steady.so.0.1.0 CMakeFiles/solvers_steady.dir/Kinsol.cpp.o  -Wl,-rpath,/nopt/nrel/apps/cpu_stack/software/gridkit/sundials/develop/lib64::::::::::::::: /nopt/nrel/apps/cpu_stack/software/gridkit/sundials/develop/lib64/libsundials_kinsol.so.7.8.0 /nopt/nrel/apps/cpu_stack/software/gridkit/sundials/develop/lib64/libsundials_core.so.7.8.0
[ 18%] Linking CXX shared library libgridkit_load.so
cd /home/isatkaus/gridkit/build/GridKit/Model/PowerFlow/Bus && /nopt/nrel/apps/cpu_stack/utilities/06-24/linux-rhel8-sapphirerapids/gcc-12.3.0/cmake-3.29.2-6n4msmc4aewj7wyi6b5g644vjrqyqgot/bin/cmake -E cmake_link_script CMakeFiles/bus.dir/link.txt --verbose=1
/nopt/nrel/apps/cpu_stack/software/gridkit/llvm/16.0.6/bin/clang++ -fPIC --gcc-toolchain=/nopt/nrel/apps/cpu_stack/compilers/06-24/linux-rhel8-sapphirerapids/gcc-12.3.0/gcc-13.1.0-bmut2ysomhthj6y7oyc73c3cmxye57am -Wall -Wextra -Wconversion -Wpedantic -O2 -g -DNDEBUG -Wl,-rpath,/nopt/nrel/apps/cpu_stack/compilers/06-24/linux-rhel8-sapphirerapids/gcc-12.3.0/gcc-13.1.0-bmut2ysomhthj6y7oyc73c3cmxye57am/lib/gcc/x86_64-pc-linux-gnu/13.1.0/../../../../lib64 -Wl,-rpath,/nopt/nrel/apps/cpu_stack/libraries-gcc/06-24/linux-rhel8-sapphirerapids/gcc-12.3.0/netlib-lapack-3.11.0-abk4uhd5cyrfnhh67bcdhyt6fulibezx/lib64 -shared -Wl,-soname,libgridkit_bus.so.0 -o libgridkit_bus.so.0.1.0 CMakeFiles/bus.dir/BusPQ.cpp.o CMakeFiles/bus.dir/BusPV.cpp.o CMakeFiles/bus.dir/BusSlack.cpp.o  -Wl,-rpath,::::::::::::::
cd /home/isatkaus/gridkit/build/GridKit/Model/PowerFlow/Load && /nopt/nrel/apps/cpu_stack/utilities/06-24/linux-rhel8-sapphirerapids/gcc-12.3.0/cmake-3.29.2-6n4msmc4aewj7wyi6b5g644vjrqyqgot/bin/cmake -E cmake_link_script CMakeFiles/load.dir/link.txt --verbose=1
/nopt/nrel/apps/cpu_stack/software/gridkit/llvm/16.0.6/bin/clang++ -fPIC --gcc-toolchain=/nopt/nrel/apps/cpu_stack/compilers/06-24/linux-rhel8-sapphirerapids/gcc-12.3.0/gcc-13.1.0-bmut2ysomhthj6y7oyc73c3cmxye57am -Wall -Wextra -Wconversion -Wpedantic -O2 -g -DNDEBUG -Wl,-rpath,/nopt/nrel/apps/cpu_stack/compilers/06-24/linux-rhel8-sapphirerapids/gcc-12.3.0/gcc-13.1.0-bmut2ysomhthj6y7oyc73c3cmxye57am/lib/gcc/x86_64-pc-linux-gnu/13.1.0/../../../../lib64 -Wl,-rpath,/nopt/nrel/apps/cpu_stack/libraries-gcc/06-24/linux-rhel8-sapphirerapids/gcc-12.3.0/netlib-lapack-3.11.0-abk4uhd5cyrfnhh67bcdhyt6fulibezx/lib64 -shared -Wl,-soname,libgridkit_load.so.0 -o libgridkit_load.so.0.1.0 CMakeFiles/load.dir/Load.cpp.o  -Wl,-rpath,::::::::::::::
[ 19%] Linking CXX shared library libgridkit_generator2.so
cd /home/isatkaus/gridkit/build/GridKit/Model/PowerFlow/Generator2 && /nopt/nrel/apps/cpu_stack/utilities/06-24/linux-rhel8-sapphirerapids/gcc-12.3.0/cmake-3.29.2-6n4msmc4aewj7wyi6b5g644vjrqyqgot/bin/cmake -E cmake_link_script CMakeFiles/generator2.dir/link.txt --verbose=1
/nopt/nrel/apps/cpu_stack/software/gridkit/llvm/16.0.6/bin/clang++ -fPIC --gcc-toolchain=/nopt/nrel/apps/cpu_stack/compilers/06-24/linux-rhel8-sapphirerapids/gcc-12.3.0/gcc-13.1.0-bmut2ysomhthj6y7oyc73c3cmxye57am -Wall -Wextra -Wconversion -Wpedantic -O2 -g -DNDEBUG -Wl,-rpath,/nopt/nrel/apps/cpu_stack/compilers/06-24/linux-rhel8-sapphirerapids/gcc-12.3.0/gcc-13.1.0-bmut2ysomhthj6y7oyc73c3cmxye57am/lib/gcc/x86_64-pc-linux-gnu/13.1.0/../../../../lib64 -Wl,-rpath,/nopt/nrel/apps/cpu_stack/libraries-gcc/06-24/linux-rhel8-sapphirerapids/gcc-12.3.0/netlib-lapack-3.11.0-abk4uhd5cyrfnhh67bcdhyt6fulibezx/lib64 -shared -Wl,-soname,libgridkit_generator2.so.0 -o libgridkit_generator2.so.0.1.0 CMakeFiles/generator2.dir/Generator2.cpp.o  -Wl,-rpath,::::::::::::::
[ 19%] Linking CXX shared library libgridkit_generator4.so
cd /home/isatkaus/gridkit/build/GridKit/Model/PowerFlow/Generator4 && /nopt/nrel/apps/cpu_stack/utilities/06-24/linux-rhel8-sapphirerapids/gcc-12.3.0/cmake-3.29.2-6n4msmc4aewj7wyi6b5g644vjrqyqgot/bin/cmake -E cmake_link_script CMakeFiles/generator4.dir/link.txt --verbose=1
/nopt/nrel/apps/cpu_stack/software/gridkit/llvm/16.0.6/bin/clang++ -fPIC --gcc-toolchain=/nopt/nrel/apps/cpu_stack/compilers/06-24/linux-rhel8-sapphirerapids/gcc-12.3.0/gcc-13.1.0-bmut2ysomhthj6y7oyc73c3cmxye57am -Wall -Wextra -Wconversion -Wpedantic -O2 -g -DNDEBUG -Wl,-rpath,/nopt/nrel/apps/cpu_stack/compilers/06-24/linux-rhel8-sapphirerapids/gcc-12.3.0/gcc-13.1.0-bmut2ysomhthj6y7oyc73c3cmxye57am/lib/gcc/x86_64-pc-linux-gnu/13.1.0/../../../../lib64 -Wl,-rpath,/nopt/nrel/apps/cpu_stack/libraries-gcc/06-24/linux-rhel8-sapphirerapids/gcc-12.3.0/netlib-lapack-3.11.0-abk4uhd5cyrfnhh67bcdhyt6fulibezx/lib64 -shared -Wl,-soname,libgridkit_generator4.so.0 -o libgridkit_generator4.so.0.1.0 CMakeFiles/generator4.dir/Generator4.cpp.o  -Wl,-rpath,::::::::::::::
[ 19%] Linking CXX shared library libgridkit_generator4param.so
cd /home/isatkaus/gridkit/build/GridKit/Model/PowerFlow/Generator4Param && /nopt/nrel/apps/cpu_stack/utilities/06-24/linux-rhel8-sapphirerapids/gcc-12.3.0/cmake-3.29.2-6n4msmc4aewj7wyi6b5g644vjrqyqgot/bin/cmake -E cmake_link_script CMakeFiles/generator4param.dir/link.txt --verbose=1
/nopt/nrel/apps/cpu_stack/software/gridkit/llvm/16.0.6/bin/clang++ -fPIC --gcc-toolchain=/nopt/nrel/apps/cpu_stack/compilers/06-24/linux-rhel8-sapphirerapids/gcc-12.3.0/gcc-13.1.0-bmut2ysomhthj6y7oyc73c3cmxye57am -Wall -Wextra -Wconversion -Wpedantic -O2 -g -DNDEBUG -Wl,-rpath,/nopt/nrel/apps/cpu_stack/compilers/06-24/linux-rhel8-sapphirerapids/gcc-12.3.0/gcc-13.1.0-bmut2ysomhthj6y7oyc73c3cmxye57am/lib/gcc/x86_64-pc-linux-gnu/13.1.0/../../../../lib64 -Wl,-rpath,/nopt/nrel/apps/cpu_stack/libraries-gcc/06-24/linux-rhel8-sapphirerapids/gcc-12.3.0/netlib-lapack-3.11.0-abk4uhd5cyrfnhh67bcdhyt6fulibezx/lib64 -shared -Wl,-soname,libgridkit_generator4param.so.0 -o libgridkit_generator4param.so.0.1.0 CMakeFiles/generator4param.dir/Generator4Param.cpp.o  -Wl,-rpath,::::::::::::::
[ 19%] Linking CXX shared library libgridkit_generator4governor.so
cd /home/isatkaus/gridkit/build/GridKit/Model/PowerFlow/Generator4Governor && /nopt/nrel/apps/cpu_stack/utilities/06-24/linux-rhel8-sapphirerapids/gcc-12.3.0/cmake-3.29.2-6n4msmc4aewj7wyi6b5g644vjrqyqgot/bin/cmake -E cmake_link_script CMakeFiles/generator4governor.dir/link.txt --verbose=1
/nopt/nrel/apps/cpu_stack/software/gridkit/llvm/16.0.6/bin/clang++ -fPIC --gcc-toolchain=/nopt/nrel/apps/cpu_stack/compilers/06-24/linux-rhel8-sapphirerapids/gcc-12.3.0/gcc-13.1.0-bmut2ysomhthj6y7oyc73c3cmxye57am -Wall -Wextra -Wconversion -Wpedantic -O2 -g -DNDEBUG -Wl,-rpath,/nopt/nrel/apps/cpu_stack/compilers/06-24/linux-rhel8-sapphirerapids/gcc-12.3.0/gcc-13.1.0-bmut2ysomhthj6y7oyc73c3cmxye57am/lib/gcc/x86_64-pc-linux-gnu/13.1.0/../../../../lib64 -Wl,-rpath,/nopt/nrel/apps/cpu_stack/libraries-gcc/06-24/linux-rhel8-sapphirerapids/gcc-12.3.0/netlib-lapack-3.11.0-abk4uhd5cyrfnhh67bcdhyt6fulibezx/lib64 -shared -Wl,-soname,libgridkit_generator4governor.so.0 -o libgridkit_generator4governor.so.0.1.0 CMakeFiles/generator4governor.dir/Generator4Governor.cpp.o  -Wl,-rpath,::::::::::::::
cd /home/isatkaus/gridkit/build/GridKit/LinearAlgebra/SparseMatrix && /nopt/nrel/apps/cpu_stack/utilities/06-24/linux-rhel8-sapphirerapids/gcc-12.3.0/cmake-3.29.2-6n4msmc4aewj7wyi6b5g644vjrqyqgot/bin/cmake -E cmake_symlink_library libgridkit_sparse_matrix.so.0.1.0 libgridkit_sparse_matrix.so.0 libgridkit_sparse_matrix.so
make[2]: Leaving directory '/home/isatkaus/gridkit/build'
[ 19%] Built target sparse_matrix
make  -f GridKit/Model/PhasorDynamics/Branch/CMakeFiles/phasor_dynamics_branch.dir/build.make GridKit/Model/PhasorDynamics/Branch/CMakeFiles/phasor_dynamics_branch.dir/depend
make  -f GridKit/Model/PhasorDynamics/Bus/CMakeFiles/phasor_dynamics_bus.dir/build.make GridKit/Model/PhasorDynamics/Bus/CMakeFiles/phasor_dynamics_bus.dir/depend
make  -f GridKit/Model/PhasorDynamics/BusFault/CMakeFiles/phasor_dynamics_bus_fault.dir/build.make GridKit/Model/PhasorDynamics/BusFault/CMakeFiles/phasor_dynamics_bus_fault.dir/depend
make  -f GridKit/Model/PhasorDynamics/BusToSignalAdapter/CMakeFiles/phasor_dynamics_bustosignaladapter.dir/build.make GridKit/Model/PhasorDynamics/BusToSignalAdapter/CMakeFiles/phasor_dynamics_bustosignaladapter.dir/depend
make  -f GridKit/Model/PhasorDynamics/Exciter/IEEET1/CMakeFiles/phasor_dynamics_exciter_ieeet1.dir/build.make GridKit/Model/PhasorDynamics/Exciter/IEEET1/CMakeFiles/phasor_dynamics_exciter_ieeet1.dir/depend
make  -f GridKit/Model/PhasorDynamics/Exciter/SEXS-PTI/CMakeFiles/phasor_dynamics_exciter_sexspti.dir/build.make GridKit/Model/PhasorDynamics/Exciter/SEXS-PTI/CMakeFiles/phasor_dynamics_exciter_sexspti.dir/depend
make  -f GridKit/Model/PhasorDynamics/Governor/Tgov1/CMakeFiles/phasor_dynamics_governor_tgov1.dir/build.make GridKit/Model/PhasorDynamics/Governor/Tgov1/CMakeFiles/phasor_dynamics_governor_tgov1.dir/depend
make  -f GridKit/Model/PhasorDynamics/Load/LoadZ/CMakeFiles/phasor_dynamics_loadz.dir/build.make GridKit/Model/PhasorDynamics/Load/LoadZ/CMakeFiles/phasor_dynamics_loadz.dir/depend
make  -f GridKit/Model/PhasorDynamics/Load/LoadZIP/CMakeFiles/phasor_dynamics_loadzip.dir/build.make GridKit/Model/PhasorDynamics/Load/LoadZIP/CMakeFiles/phasor_dynamics_loadzip.dir/depend
make  -f GridKit/Model/PhasorDynamics/SignalSource/CMakeFiles/phasor_dynamics_signalsource.dir/build.make GridKit/Model/PhasorDynamics/SignalSource/CMakeFiles/phasor_dynamics_signalsource.dir/depend
make  -f GridKit/Model/PhasorDynamics/Stabilizer/IEEEST/CMakeFiles/phasor_dynamics_stabilizer_ieeest.dir/build.make GridKit/Model/PhasorDynamics/Stabilizer/IEEEST/CMakeFiles/phasor_dynamics_stabilizer_ieeest.dir/depend
make  -f GridKit/Model/PhasorDynamics/SynchronousMachine/GENROU/CMakeFiles/phasor_dynamics_genrou.dir/build.make GridKit/Model/PhasorDynamics/SynchronousMachine/GENROU/CMakeFiles/phasor_dynamics_genrou.dir/depend
make  -f GridKit/Model/PhasorDynamics/SynchronousMachine/GENSAL/CMakeFiles/phasor_dynamics_gensal.dir/build.make GridKit/Model/PhasorDynamics/SynchronousMachine/GENSAL/CMakeFiles/phasor_dynamics_gensal.dir/depend
make  -f GridKit/Model/PhasorDynamics/SynchronousMachine/GenClassical/CMakeFiles/phasor_dynamics_gen_classical.dir/build.make GridKit/Model/PhasorDynamics/SynchronousMachine/GenClassical/CMakeFiles/phasor_dynamics_gen_classical.dir/depend
make  -f GridKit/Model/PhasorDynamics/Branch/CMakeFiles/phasor_dynamics_branch_dependency_tracking.dir/build.make GridKit/Model/PhasorDynamics/Branch/CMakeFiles/phasor_dynamics_branch_dependency_tracking.dir/depend
make[2]: Entering directory '/home/isatkaus/gridkit/build'
cd /home/isatkaus/gridkit/build && /nopt/nrel/apps/cpu_stack/utilities/06-24/linux-rhel8-sapphirerapids/gcc-12.3.0/cmake-3.29.2-6n4msmc4aewj7wyi6b5g644vjrqyqgot/bin/cmake -E cmake_depends "Unix Makefiles" /home/isatkaus/gridkit /home/isatkaus/gridkit/GridKit/Model/PhasorDynamics/Branch /home/isatkaus/gridkit/build /home/isatkaus/gridkit/build/GridKit/Model/PhasorDynamics/Branch /home/isatkaus/gridkit/build/GridKit/Model/PhasorDynamics/Branch/CMakeFiles/phasor_dynamics_branch.dir/DependInfo.cmake "--color="
make  -f GridKit/Model/PhasorDynamics/Bus/CMakeFiles/phasor_dynamics_bus_dependency_tracking.dir/build.make GridKit/Model/PhasorDynamics/Bus/CMakeFiles/phasor_dynamics_bus_dependency_tracking.dir/depend
make  -f GridKit/Model/PhasorDynamics/BusFault/CMakeFiles/phasor_dynamics_bus_fault_dependency_tracking.dir/build.make GridKit/Model/PhasorDynamics/BusFault/CMakeFiles/phasor_dynamics_bus_fault_dependency_tracking.dir/depend
make  -f GridKit/Model/PhasorDynamics/BusToSignalAdapter/CMakeFiles/phasor_dynamics_bustosignaladapter_dependency_tracking.dir/build.make GridKit/Model/PhasorDynamics/BusToSignalAdapter/CMakeFiles/phasor_dynamics_bustosignaladapter_dependency_tracking.dir/depend
make  -f GridKit/Model/PhasorDynamics/Exciter/IEEET1/CMakeFiles/phasor_dynamics_exciter_ieeet1_dependency_tracking.dir/build.make GridKit/Model/PhasorDynamics/Exciter/IEEET1/CMakeFiles/phasor_dynamics_exciter_ieeet1_dependency_tracking.dir/depend
make  -f GridKit/Model/PhasorDynamics/Exciter/SEXS-PTI/CMakeFiles/phasor_dynamics_exciter_sexspti_dependency_tracking.dir/build.make GridKit/Model/PhasorDynamics/Exciter/SEXS-PTI/CMakeFiles/phasor_dynamics_exciter_sexspti_dependency_tracking.dir/depend
make  -f GridKit/Model/PhasorDynamics/Governor/Tgov1/CMakeFiles/phasor_dynamics_governor_tgov1_dependency_tracking.dir/build.make GridKit/Model/PhasorDynamics/Governor/Tgov1/CMakeFiles/phasor_dynamics_governor_tgov1_dependency_tracking.dir/depend
make  -f GridKit/Model/PhasorDynamics/Load/LoadZ/CMakeFiles/phasor_dynamics_loadz_dependency_tracking.dir/build.make GridKit/Model/PhasorDynamics/Load/LoadZ/CMakeFiles/phasor_dynamics_loadz_dependency_tracking.dir/depend
make  -f GridKit/Model/PhasorDynamics/Load/LoadZIP/CMakeFiles/phasor_dynamics_loadzip_dependency_tracking.dir/build.make GridKit/Model/PhasorDynamics/Load/LoadZIP/CMakeFiles/phasor_dynamics_loadzip_dependency_tracking.dir/depend
make[2]: Entering directory '/home/isatkaus/gridkit/build'
cd /home/isatkaus/gridkit/build && /nopt/nrel/apps/cpu_stack/utilities/06-24/linux-rhel8-sapphirerapids/gcc-12.3.0/cmake-3.29.2-6n4msmc4aewj7wyi6b5g644vjrqyqgot/bin/cmake -E cmake_depends "Unix Makefiles" /home/isatkaus/gridkit /home/isatkaus/gridkit/GridKit/Model/PhasorDynamics/Bus /home/isatkaus/gridkit/build /home/isatkaus/gridkit/build/GridKit/Model/PhasorDynamics/Bus /home/isatkaus/gridkit/build/GridKit/Model/PhasorDynamics/Bus/CMakeFiles/phasor_dynamics_bus.dir/DependInfo.cmake "--color="
make[2]: Entering directory '/home/isatkaus/gridkit/build'
cd /home/isatkaus/gridkit/build && /nopt/nrel/apps/cpu_stack/utilities/06-24/linux-rhel8-sapphirerapids/gcc-12.3.0/cmake-3.29.2-6n4msmc4aewj7wyi6b5g644vjrqyqgot/bin/cmake -E cmake_depends "Unix Makefiles" /home/isatkaus/gridkit /home/isatkaus/gridkit/GridKit/Model/PhasorDynamics/BusFault /home/isatkaus/gridkit/build /home/isatkaus/gridkit/build/GridKit/Model/PhasorDynamics/BusFault /home/isatkaus/gridkit/build/GridKit/Model/PhasorDynamics/BusFault/CMakeFiles/phasor_dynamics_bus_fault.dir/DependInfo.cmake "--color="
make  -f GridKit/Model/PhasorDynamics/SignalSource/CMakeFiles/phasor_dynamics_signalsource_dependency_tracking.dir/build.make GridKit/Model/PhasorDynamics/SignalSource/CMakeFiles/phasor_dynamics_signalsource_dependency_tracking.dir/depend
make  -f GridKit/Model/PhasorDynamics/Stabilizer/IEEEST/CMakeFiles/phasor_dynamics_stabilizer_ieeest_dependency_tracking.dir/build.make GridKit/Model/PhasorDynamics/Stabilizer/IEEEST/CMakeFiles/phasor_dynamics_stabilizer_ieeest_dependency_tracking.dir/depend
make  -f GridKit/Model/PhasorDynamics/SynchronousMachine/GENROU/CMakeFiles/phasor_dynamics_genrou_dependency_tracking.dir/build.make GridKit/Model/PhasorDynamics/SynchronousMachine/GENROU/CMakeFiles/phasor_dynamics_genrou_dependency_tracking.dir/depend
make  -f GridKit/Model/PhasorDynamics/SynchronousMachine/GENSAL/CMakeFiles/phasor_dynamics_gensal_dependency_tracking.dir/build.make GridKit/Model/PhasorDynamics/SynchronousMachine/GENSAL/CMakeFiles/phasor_dynamics_gensal_dependency_tracking.dir/depend
make[2]: Entering directory '/home/isatkaus/gridkit/build'
cd /home/isatkaus/gridkit/build && /nopt/nrel/apps/cpu_stack/utilities/06-24/linux-rhel8-sapphirerapids/gcc-12.3.0/cmake-3.29.2-6n4msmc4aewj7wyi6b5g644vjrqyqgot/bin/cmake -E cmake_depends "Unix Makefiles" /home/isatkaus/gridkit /home/isatkaus/gridkit/GridKit/Model/PhasorDynamics/BusToSignalAdapter /home/isatkaus/gridkit/build /home/isatkaus/gridkit/build/GridKit/Model/PhasorDynamics/BusToSignalAdapter /home/isatkaus/gridkit/build/GridKit/Model/PhasorDynamics/BusToSignalAdapter/CMakeFiles/phasor_dynamics_bustosignaladapter.dir/DependInfo.cmake "--color="
make  -f GridKit/Model/PhasorDynamics/SynchronousMachine/GenClassical/CMakeFiles/phasor_dynamics_gen_classical_dependency_tracking.dir/build.make GridKit/Model/PhasorDynamics/SynchronousMachine/GenClassical/CMakeFiles/phasor_dynamics_gen_classical_dependency_tracking.dir/depend
make[2]: Entering directory '/home/isatkaus/gridkit/build'
cd /home/isatkaus/gridkit/build && /nopt/nrel/apps/cpu_stack/utilities/06-24/linux-rhel8-sapphirerapids/gcc-12.3.0/cmake-3.29.2-6n4msmc4aewj7wyi6b5g644vjrqyqgot/bin/cmake -E cmake_depends "Unix Makefiles" /home/isatkaus/gridkit /home/isatkaus/gridkit/GridKit/Model/PhasorDynamics/Exciter/IEEET1 /home/isatkaus/gridkit/build /home/isatkaus/gridkit/build/GridKit/Model/PhasorDynamics/Exciter/IEEET1 /home/isatkaus/gridkit/build/GridKit/Model/PhasorDynamics/Exciter/IEEET1/CMakeFiles/phasor_dynamics_exciter_ieeet1.dir/DependInfo.cmake "--color="
make  -f GridKit/Solver/Dynamic/CMakeFiles/solvers_dyn.dir/build.make GridKit/Solver/Dynamic/CMakeFiles/solvers_dyn.dir/depend
make[2]: Entering directory '/home/isatkaus/gridkit/build'
cd /home/isatkaus/gridkit/build && /nopt/nrel/apps/cpu_stack/utilities/06-24/linux-rhel8-sapphirerapids/gcc-12.3.0/cmake-3.29.2-6n4msmc4aewj7wyi6b5g644vjrqyqgot/bin/cmake -E cmake_depends "Unix Makefiles" /home/isatkaus/gridkit /home/isatkaus/gridkit/GridKit/Model/PhasorDynamics/Exciter/SEXS-PTI /home/isatkaus/gridkit/build /home/isatkaus/gridkit/build/GridKit/Model/PhasorDynamics/Exciter/SEXS-PTI /home/isatkaus/gridkit/build/GridKit/Model/PhasorDynamics/Exciter/SEXS-PTI/CMakeFiles/phasor_dynamics_exciter_sexspti.dir/DependInfo.cmake "--color="
make[2]: Entering directory '/home/isatkaus/gridkit/build'
cd /home/isatkaus/gridkit/build && /nopt/nrel/apps/cpu_stack/utilities/06-24/linux-rhel8-sapphirerapids/gcc-12.3.0/cmake-3.29.2-6n4msmc4aewj7wyi6b5g644vjrqyqgot/bin/cmake -E cmake_depends "Unix Makefiles" /home/isatkaus/gridkit /home/isatkaus/gridkit/GridKit/Model/PhasorDynamics/Governor/Tgov1 /home/isatkaus/gridkit/build /home/isatkaus/gridkit/build/GridKit/Model/PhasorDynamics/Governor/Tgov1 /home/isatkaus/gridkit/build/GridKit/Model/PhasorDynamics/Governor/Tgov1/CMakeFiles/phasor_dynamics_governor_tgov1.dir/DependInfo.cmake "--color="
make[2]: Entering directory '/home/isatkaus/gridkit/build'
cd /home/isatkaus/gridkit/build && /nopt/nrel/apps/cpu_stack/utilities/06-24/linux-rhel8-sapphirerapids/gcc-12.3.0/cmake-3.29.2-6n4msmc4aewj7wyi6b5g644vjrqyqgot/bin/cmake -E cmake_depends "Unix Makefiles" /home/isatkaus/gridkit /home/isatkaus/gridkit/GridKit/Model/PhasorDynamics/Load/LoadZ /home/isatkaus/gridkit/build /home/isatkaus/gridkit/build/GridKit/Model/PhasorDynamics/Load/LoadZ /home/isatkaus/gridkit/build/GridKit/Model/PhasorDynamics/Load/LoadZ/CMakeFiles/phasor_dynamics_loadz.dir/DependInfo.cmake "--color="
make[2]: Entering directory '/home/isatkaus/gridkit/build'
cd /home/isatkaus/gridkit/build && /nopt/nrel/apps/cpu_stack/utilities/06-24/linux-rhel8-sapphirerapids/gcc-12.3.0/cmake-3.29.2-6n4msmc4aewj7wyi6b5g644vjrqyqgot/bin/cmake -E cmake_depends "Unix Makefiles" /home/isatkaus/gridkit /home/isatkaus/gridkit/GridKit/Model/PhasorDynamics/Load/LoadZIP /home/isatkaus/gridkit/build /home/isatkaus/gridkit/build/GridKit/Model/PhasorDynamics/Load/LoadZIP /home/isatkaus/gridkit/build/GridKit/Model/PhasorDynamics/Load/LoadZIP/CMakeFiles/phasor_dynamics_loadzip.dir/DependInfo.cmake "--color="
make[2]: Entering directory '/home/isatkaus/gridkit/build'
cd /home/isatkaus/gridkit/build && /nopt/nrel/apps/cpu_stack/utilities/06-24/linux-rhel8-sapphirerapids/gcc-12.3.0/cmake-3.29.2-6n4msmc4aewj7wyi6b5g644vjrqyqgot/bin/cmake -E cmake_depends "Unix Makefiles" /home/isatkaus/gridkit /home/isatkaus/gridkit/GridKit/Model/PhasorDynamics/SignalSource /home/isatkaus/gridkit/build /home/isatkaus/gridkit/build/GridKit/Model/PhasorDynamics/SignalSource /home/isatkaus/gridkit/build/GridKit/Model/PhasorDynamics/SignalSource/CMakeFiles/phasor_dynamics_signalsource.dir/DependInfo.cmake "--color="
make[2]: Entering directory '/home/isatkaus/gridkit/build'
cd /home/isatkaus/gridkit/build && /nopt/nrel/apps/cpu_stack/utilities/06-24/linux-rhel8-sapphirerapids/gcc-12.3.0/cmake-3.29.2-6n4msmc4aewj7wyi6b5g644vjrqyqgot/bin/cmake -E cmake_depends "Unix Makefiles" /home/isatkaus/gridkit /home/isatkaus/gridkit/GridKit/Model/PhasorDynamics/Stabilizer/IEEEST /home/isatkaus/gridkit/build /home/isatkaus/gridkit/build/GridKit/Model/PhasorDynamics/Stabilizer/IEEEST /home/isatkaus/gridkit/build/GridKit/Model/PhasorDynamics/Stabilizer/IEEEST/CMakeFiles/phasor_dynamics_stabilizer_ieeest.dir/DependInfo.cmake "--color="
make[2]: Entering directory '/home/isatkaus/gridkit/build'
cd /home/isatkaus/gridkit/build && /nopt/nrel/apps/cpu_stack/utilities/06-24/linux-rhel8-sapphirerapids/gcc-12.3.0/cmake-3.29.2-6n4msmc4aewj7wyi6b5g644vjrqyqgot/bin/cmake -E cmake_depends "Unix Makefiles" /home/isatkaus/gridkit /home/isatkaus/gridkit/GridKit/Model/PhasorDynamics/SynchronousMachine/GENROU /home/isatkaus/gridkit/build /home/isatkaus/gridkit/build/GridKit/Model/PhasorDynamics/SynchronousMachine/GENROU /home/isatkaus/gridkit/build/GridKit/Model/PhasorDynamics/SynchronousMachine/GENROU/CMakeFiles/phasor_dynamics_genrou.dir/DependInfo.cmake "--color="
make[2]: Entering directory '/home/isatkaus/gridkit/build'
cd /home/isatkaus/gridkit/build && /nopt/nrel/apps/cpu_stack/utilities/06-24/linux-rhel8-sapphirerapids/gcc-12.3.0/cmake-3.29.2-6n4msmc4aewj7wyi6b5g644vjrqyqgot/bin/cmake -E cmake_depends "Unix Makefiles" /home/isatkaus/gridkit /home/isatkaus/gridkit/GridKit/Model/PhasorDynamics/SynchronousMachine/GENSAL /home/isatkaus/gridkit/build /home/isatkaus/gridkit/build/GridKit/Model/PhasorDynamics/SynchronousMachine/GENSAL /home/isatkaus/gridkit/build/GridKit/Model/PhasorDynamics/SynchronousMachine/GENSAL/CMakeFiles/phasor_dynamics_gensal.dir/DependInfo.cmake "--color="
make[2]: Entering directory '/home/isatkaus/gridkit/build'
cd /home/isatkaus/gridkit/build && /nopt/nrel/apps/cpu_stack/utilities/06-24/linux-rhel8-sapphirerapids/gcc-12.3.0/cmake-3.29.2-6n4msmc4aewj7wyi6b5g644vjrqyqgot/bin/cmake -E cmake_depends "Unix Makefiles" /home/isatkaus/gridkit /home/isatkaus/gridkit/GridKit/Model/PhasorDynamics/SynchronousMachine/GenClassical /home/isatkaus/gridkit/build /home/isatkaus/gridkit/build/GridKit/Model/PhasorDynamics/SynchronousMachine/GenClassical /home/isatkaus/gridkit/build/GridKit/Model/PhasorDynamics/SynchronousMachine/GenClassical/CMakeFiles/phasor_dynamics_gen_classical.dir/DependInfo.cmake "--color="
make[2]: Entering directory '/home/isatkaus/gridkit/build'
cd /home/isatkaus/gridkit/build && /nopt/nrel/apps/cpu_stack/utilities/06-24/linux-rhel8-sapphirerapids/gcc-12.3.0/cmake-3.29.2-6n4msmc4aewj7wyi6b5g644vjrqyqgot/bin/cmake -E cmake_depends "Unix Makefiles" /home/isatkaus/gridkit /home/isatkaus/gridkit/GridKit/Model/PhasorDynamics/Bus /home/isatkaus/gridkit/build /home/isatkaus/gridkit/build/GridKit/Model/PhasorDynamics/Bus /home/isatkaus/gridkit/build/GridKit/Model/PhasorDynamics/Bus/CMakeFiles/phasor_dynamics_bus_dependency_tracking.dir/DependInfo.cmake "--color="
make[2]: Entering directory '/home/isatkaus/gridkit/build'
cd /home/isatkaus/gridkit/build && /nopt/nrel/apps/cpu_stack/utilities/06-24/linux-rhel8-sapphirerapids/gcc-12.3.0/cmake-3.29.2-6n4msmc4aewj7wyi6b5g644vjrqyqgot/bin/cmake -E cmake_depends "Unix Makefiles" /home/isatkaus/gridkit /home/isatkaus/gridkit/GridKit/Model/PhasorDynamics/BusFault /home/isatkaus/gridkit/build /home/isatkaus/gridkit/build/GridKit/Model/PhasorDynamics/BusFault /home/isatkaus/gridkit/build/GridKit/Model/PhasorDynamics/BusFault/CMakeFiles/phasor_dynamics_bus_fault_dependency_tracking.dir/DependInfo.cmake "--color="
make[2]: Entering directory '/home/isatkaus/gridkit/build'
cd /home/isatkaus/gridkit/build && /nopt/nrel/apps/cpu_stack/utilities/06-24/linux-rhel8-sapphirerapids/gcc-12.3.0/cmake-3.29.2-6n4msmc4aewj7wyi6b5g644vjrqyqgot/bin/cmake -E cmake_depends "Unix Makefiles" /home/isatkaus/gridkit /home/isatkaus/gridkit/GridKit/Model/PhasorDynamics/Branch /home/isatkaus/gridkit/build /home/isatkaus/gridkit/build/GridKit/Model/PhasorDynamics/Branch /home/isatkaus/gridkit/build/GridKit/Model/PhasorDynamics/Branch/CMakeFiles/phasor_dynamics_branch_dependency_tracking.dir/DependInfo.cmake "--color="
make[2]: Entering directory '/home/isatkaus/gridkit/build'
cd /home/isatkaus/gridkit/build && /nopt/nrel/apps/cpu_stack/utilities/06-24/linux-rhel8-sapphirerapids/gcc-12.3.0/cmake-3.29.2-6n4msmc4aewj7wyi6b5g644vjrqyqgot/bin/cmake -E cmake_depends "Unix Makefiles" /home/isatkaus/gridkit /home/isatkaus/gridkit/GridKit/Model/PhasorDynamics/BusToSignalAdapter /home/isatkaus/gridkit/build /home/isatkaus/gridkit/build/GridKit/Model/PhasorDynamics/BusToSignalAdapter /home/isatkaus/gridkit/build/GridKit/Model/PhasorDynamics/BusToSignalAdapter/CMakeFiles/phasor_dynamics_bustosignaladapter_dependency_tracking.dir/DependInfo.cmake "--color="
make[2]: Entering directory '/home/isatkaus/gridkit/build'
cd /home/isatkaus/gridkit/build && /nopt/nrel/apps/cpu_stack/utilities/06-24/linux-rhel8-sapphirerapids/gcc-12.3.0/cmake-3.29.2-6n4msmc4aewj7wyi6b5g644vjrqyqgot/bin/cmake -E cmake_depends "Unix Makefiles" /home/isatkaus/gridkit /home/isatkaus/gridkit/GridKit/Model/PhasorDynamics/Exciter/IEEET1 /home/isatkaus/gridkit/build /home/isatkaus/gridkit/build/GridKit/Model/PhasorDynamics/Exciter/IEEET1 /home/isatkaus/gridkit/build/GridKit/Model/PhasorDynamics/Exciter/IEEET1/CMakeFiles/phasor_dynamics_exciter_ieeet1_dependency_tracking.dir/DependInfo.cmake "--color="
make[2]: Entering directory '/home/isatkaus/gridkit/build'
cd /home/isatkaus/gridkit/build && /nopt/nrel/apps/cpu_stack/utilities/06-24/linux-rhel8-sapphirerapids/gcc-12.3.0/cmake-3.29.2-6n4msmc4aewj7wyi6b5g644vjrqyqgot/bin/cmake -E cmake_depends "Unix Makefiles" /home/isatkaus/gridkit /home/isatkaus/gridkit/GridKit/Model/PhasorDynamics/Exciter/SEXS-PTI /home/isatkaus/gridkit/build /home/isatkaus/gridkit/build/GridKit/Model/PhasorDynamics/Exciter/SEXS-PTI /home/isatkaus/gridkit/build/GridKit/Model/PhasorDynamics/Exciter/SEXS-PTI/CMakeFiles/phasor_dynamics_exciter_sexspti_dependency_tracking.dir/DependInfo.cmake "--color="
make[2]: Entering directory '/home/isatkaus/gridkit/build'
cd /home/isatkaus/gridkit/build && /nopt/nrel/apps/cpu_stack/utilities/06-24/linux-rhel8-sapphirerapids/gcc-12.3.0/cmake-3.29.2-6n4msmc4aewj7wyi6b5g644vjrqyqgot/bin/cmake -E cmake_depends "Unix Makefiles" /home/isatkaus/gridkit /home/isatkaus/gridkit/GridKit/Model/PhasorDynamics/Load/LoadZ /home/isatkaus/gridkit/build /home/isatkaus/gridkit/build/GridKit/Model/PhasorDynamics/Load/LoadZ /home/isatkaus/gridkit/build/GridKit/Model/PhasorDynamics/Load/LoadZ/CMakeFiles/phasor_dynamics_loadz_dependency_tracking.dir/DependInfo.cmake "--color="
make[2]: Entering directory '/home/isatkaus/gridkit/build'
cd /home/isatkaus/gridkit/build && /nopt/nrel/apps/cpu_stack/utilities/06-24/linux-rhel8-sapphirerapids/gcc-12.3.0/cmake-3.29.2-6n4msmc4aewj7wyi6b5g644vjrqyqgot/bin/cmake -E cmake_depends "Unix Makefiles" /home/isatkaus/gridkit /home/isatkaus/gridkit/GridKit/Model/PhasorDynamics/Governor/Tgov1 /home/isatkaus/gridkit/build /home/isatkaus/gridkit/build/GridKit/Model/PhasorDynamics/Governor/Tgov1 /home/isatkaus/gridkit/build/GridKit/Model/PhasorDynamics/Governor/Tgov1/CMakeFiles/phasor_dynamics_governor_tgov1_dependency_tracking.dir/DependInfo.cmake "--color="
make[2]: Entering directory '/home/isatkaus/gridkit/build'
cd /home/isatkaus/gridkit/build && /nopt/nrel/apps/cpu_stack/utilities/06-24/linux-rhel8-sapphirerapids/gcc-12.3.0/cmake-3.29.2-6n4msmc4aewj7wyi6b5g644vjrqyqgot/bin/cmake -E cmake_depends "Unix Makefiles" /home/isatkaus/gridkit /home/isatkaus/gridkit/GridKit/Model/PhasorDynamics/Load/LoadZIP /home/isatkaus/gridkit/build /home/isatkaus/gridkit/build/GridKit/Model/PhasorDynamics/Load/LoadZIP /home/isatkaus/gridkit/build/GridKit/Model/PhasorDynamics/Load/LoadZIP/CMakeFiles/phasor_dynamics_loadzip_dependency_tracking.dir/DependInfo.cmake "--color="
make[2]: Entering directory '/home/isatkaus/gridkit/build'
cd /home/isatkaus/gridkit/build && /nopt/nrel/apps/cpu_stack/utilities/06-24/linux-rhel8-sapphirerapids/gcc-12.3.0/cmake-3.29.2-6n4msmc4aewj7wyi6b5g644vjrqyqgot/bin/cmake -E cmake_depends "Unix Makefiles" /home/isatkaus/gridkit /home/isatkaus/gridkit/GridKit/Model/PhasorDynamics/SignalSource /home/isatkaus/gridkit/build /home/isatkaus/gridkit/build/GridKit/Model/PhasorDynamics/SignalSource /home/isatkaus/gridkit/build/GridKit/Model/PhasorDynamics/SignalSource/CMakeFiles/phasor_dynamics_signalsource_dependency_tracking.dir/DependInfo.cmake "--color="
make[2]: Entering directory '/home/isatkaus/gridkit/build'
cd /home/isatkaus/gridkit/build && /nopt/nrel/apps/cpu_stack/utilities/06-24/linux-rhel8-sapphirerapids/gcc-12.3.0/cmake-3.29.2-6n4msmc4aewj7wyi6b5g644vjrqyqgot/bin/cmake -E cmake_depends "Unix Makefiles" /home/isatkaus/gridkit /home/isatkaus/gridkit/GridKit/Model/PhasorDynamics/Stabilizer/IEEEST /home/isatkaus/gridkit/build /home/isatkaus/gridkit/build/GridKit/Model/PhasorDynamics/Stabilizer/IEEEST /home/isatkaus/gridkit/build/GridKit/Model/PhasorDynamics/Stabilizer/IEEEST/CMakeFiles/phasor_dynamics_stabilizer_ieeest_dependency_tracking.dir/DependInfo.cmake "--color="
make[2]: Entering directory '/home/isatkaus/gridkit/build'
cd /home/isatkaus/gridkit/build && /nopt/nrel/apps/cpu_stack/utilities/06-24/linux-rhel8-sapphirerapids/gcc-12.3.0/cmake-3.29.2-6n4msmc4aewj7wyi6b5g644vjrqyqgot/bin/cmake -E cmake_depends "Unix Makefiles" /home/isatkaus/gridkit /home/isatkaus/gridkit/GridKit/Model/PhasorDynamics/SynchronousMachine/GENROU /home/isatkaus/gridkit/build /home/isatkaus/gridkit/build/GridKit/Model/PhasorDynamics/SynchronousMachine/GENROU /home/isatkaus/gridkit/build/GridKit/Model/PhasorDynamics/SynchronousMachine/GENROU/CMakeFiles/phasor_dynamics_genrou_dependency_tracking.dir/DependInfo.cmake "--color="
make[2]: Entering directory '/home/isatkaus/gridkit/build'
cd /home/isatkaus/gridkit/build && /nopt/nrel/apps/cpu_stack/utilities/06-24/linux-rhel8-sapphirerapids/gcc-12.3.0/cmake-3.29.2-6n4msmc4aewj7wyi6b5g644vjrqyqgot/bin/cmake -E cmake_depends "Unix Makefiles" /home/isatkaus/gridkit /home/isatkaus/gridkit/GridKit/Model/PhasorDynamics/SynchronousMachine/GENSAL /home/isatkaus/gridkit/build /home/isatkaus/gridkit/build/GridKit/Model/PhasorDynamics/SynchronousMachine/GENSAL /home/isatkaus/gridkit/build/GridKit/Model/PhasorDynamics/SynchronousMachine/GENSAL/CMakeFiles/phasor_dynamics_gensal_dependency_tracking.dir/DependInfo.cmake "--color="
make[2]: Entering directory '/home/isatkaus/gridkit/build'
cd /home/isatkaus/gridkit/build && /nopt/nrel/apps/cpu_stack/utilities/06-24/linux-rhel8-sapphirerapids/gcc-12.3.0/cmake-3.29.2-6n4msmc4aewj7wyi6b5g644vjrqyqgot/bin/cmake -E cmake_depends "Unix Makefiles" /home/isatkaus/gridkit /home/isatkaus/gridkit/GridKit/Model/PhasorDynamics/SynchronousMachine/GenClassical /home/isatkaus/gridkit/build /home/isatkaus/gridkit/build/GridKit/Model/PhasorDynamics/SynchronousMachine/GenClassical /home/isatkaus/gridkit/build/GridKit/Model/PhasorDynamics/SynchronousMachine/GenClassical/CMakeFiles/phasor_dynamics_gen_classical_dependency_tracking.dir/DependInfo.cmake "--color="
make[2]: Entering directory '/home/isatkaus/gridkit/build'
cd /home/isatkaus/gridkit/build && /nopt/nrel/apps/cpu_stack/utilities/06-24/linux-rhel8-sapphirerapids/gcc-12.3.0/cmake-3.29.2-6n4msmc4aewj7wyi6b5g644vjrqyqgot/bin/cmake -E cmake_depends "Unix Makefiles" /home/isatkaus/gridkit /home/isatkaus/gridkit/GridKit/Solver/Dynamic /home/isatkaus/gridkit/build /home/isatkaus/gridkit/build/GridKit/Solver/Dynamic /home/isatkaus/gridkit/build/GridKit/Solver/Dynamic/CMakeFiles/solvers_dyn.dir/DependInfo.cmake "--color="
make[2]: Leaving directory '/home/isatkaus/gridkit/build'
make  -f GridKit/Model/PhasorDynamics/Branch/CMakeFiles/phasor_dynamics_branch.dir/build.make GridKit/Model/PhasorDynamics/Branch/CMakeFiles/phasor_dynamics_branch.dir/build
[ 19%] Linking CXX shared library libgridkit_power_elec_capacitor.so
make[2]: Entering directory '/home/isatkaus/gridkit/build'
[ 19%] Linking CXX shared library libgridkit_power_elec_lineartrasnformer.so
[ 19%] Building CXX object GridKit/Model/PhasorDynamics/Branch/CMakeFiles/phasor_dynamics_branch.dir/BranchEnzyme.cpp.o
make[2]: Leaving directory '/home/isatkaus/gridkit/build'
make  -f GridKit/Model/PhasorDynamics/Bus/CMakeFiles/phasor_dynamics_bus.dir/build.make GridKit/Model/PhasorDynamics/Bus/CMakeFiles/phasor_dynamics_bus.dir/build
make[2]: Entering directory '/home/isatkaus/gridkit/build'
make[2]: Leaving directory '/home/isatkaus/gridkit/build'
make  -f GridKit/Model/PhasorDynamics/BusFault/CMakeFiles/phasor_dynamics_bus_fault.dir/build.make GridKit/Model/PhasorDynamics/BusFault/CMakeFiles/phasor_dynamics_bus_fault.dir/build
make[2]: Entering directory '/home/isatkaus/gridkit/build'
[ 20%] Linking CXX shared library libgridkit_power_elec_voltagesource.so
[ 21%] Building CXX object GridKit/Model/PhasorDynamics/Bus/CMakeFiles/phasor_dynamics_bus.dir/BusInfinite.cpp.o
make[2]: Leaving directory '/home/isatkaus/gridkit/build'
make  -f GridKit/Model/PhasorDynamics/Exciter/IEEET1/CMakeFiles/phasor_dynamics_exciter_ieeet1.dir/build.make GridKit/Model/PhasorDynamics/Exciter/IEEET1/CMakeFiles/phasor_dynamics_exciter_ieeet1.dir/build
[ 21%] Building CXX object GridKit/Model/PhasorDynamics/Bus/CMakeFiles/phasor_dynamics_bus.dir/BusEnzyme.cpp.o
make[2]: Entering directory '/home/isatkaus/gridkit/build'
make[2]: Leaving directory '/home/isatkaus/gridkit/build'
make  -f GridKit/Model/PhasorDynamics/BusToSignalAdapter/CMakeFiles/phasor_dynamics_bustosignaladapter.dir/build.make GridKit/Model/PhasorDynamics/BusToSignalAdapter/CMakeFiles/phasor_dynamics_bustosignaladapter.dir/build
[ 22%] Building CXX object GridKit/Model/PhasorDynamics/BusFault/CMakeFiles/phasor_dynamics_bus_fault.dir/BusFaultEnzyme.cpp.o
[ 22%] Linking CXX shared library libgridkit_dense_vector.so
make[2]: Entering directory '/home/isatkaus/gridkit/build'
[ 22%] Linking CXX shared library libgridkit_power_elec_inductor.so
[ 22%] Linking CXX shared library libgridkit_power_elec_microbusdq.so
make[2]: Leaving directory '/home/isatkaus/gridkit/build'
make  -f GridKit/Model/PhasorDynamics/Exciter/SEXS-PTI/CMakeFiles/phasor_dynamics_exciter_sexspti.dir/build.make GridKit/Model/PhasorDynamics/Exciter/SEXS-PTI/CMakeFiles/phasor_dynamics_exciter_sexspti.dir/build
make[2]: Leaving directory '/home/isatkaus/gridkit/build'
make  -f GridKit/Model/PhasorDynamics/Load/LoadZIP/CMakeFiles/phasor_dynamics_loadzip.dir/build.make GridKit/Model/PhasorDynamics/Load/LoadZIP/CMakeFiles/phasor_dynamics_loadzip.dir/build
make[2]: Leaving directory '/home/isatkaus/gridkit/build'
make[2]: Leaving directory '/home/isatkaus/gridkit/build'
make  -f GridKit/Model/PhasorDynamics/Governor/Tgov1/CMakeFiles/phasor_dynamics_governor_tgov1.dir/build.make GridKit/Model/PhasorDynamics/Governor/Tgov1/CMakeFiles/phasor_dynamics_governor_tgov1.dir/build
make  -f GridKit/Model/PhasorDynamics/Load/LoadZ/CMakeFiles/phasor_dynamics_loadz.dir/build.make GridKit/Model/PhasorDynamics/Load/LoadZ/CMakeFiles/phasor_dynamics_loadz.dir/build
make[2]: Entering directory '/home/isatkaus/gridkit/build'
[ 22%] Building CXX object GridKit/Model/PhasorDynamics/Exciter/IEEET1/CMakeFiles/phasor_dynamics_exciter_ieeet1.dir/Ieeet1Enzyme.cpp.o
make[2]: Entering directory '/home/isatkaus/gridkit/build'
make[2]: Leaving directory '/home/isatkaus/gridkit/build'
make  -f GridKit/Model/PhasorDynamics/SignalSource/CMakeFiles/phasor_dynamics_signalsource.dir/build.make GridKit/Model/PhasorDynamics/SignalSource/CMakeFiles/phasor_dynamics_signalsource.dir/build
[ 22%] Linking CXX shared library libgridkit_power_elec_resistor.so
make[2]: Entering directory '/home/isatkaus/gridkit/build'
make[2]: Leaving directory '/home/isatkaus/gridkit/build'
make[2]: Entering directory '/home/isatkaus/gridkit/build'
make  -f GridKit/Model/PhasorDynamics/Stabilizer/IEEEST/CMakeFiles/phasor_dynamics_stabilizer_ieeest.dir/build.make GridKit/Model/PhasorDynamics/Stabilizer/IEEEST/CMakeFiles/phasor_dynamics_stabilizer_ieeest.dir/build
[ 22%] Building CXX object GridKit/Model/PhasorDynamics/BusToSignalAdapter/CMakeFiles/phasor_dynamics_bustosignaladapter.dir/BusToSignalAdapter.cpp.o
make[2]: Leaving directory '/home/isatkaus/gridkit/build'
make  -f GridKit/Model/PhasorDynamics/SynchronousMachine/GenClassical/CMakeFiles/phasor_dynamics_gen_classical.dir/build.make GridKit/Model/PhasorDynamics/SynchronousMachine/GenClassical/CMakeFiles/phasor_dynamics_gen_classical.dir/build
make[2]: Leaving directory '/home/isatkaus/gridkit/build'
make  -f GridKit/Model/PhasorDynamics/SynchronousMachine/GENSAL/CMakeFiles/phasor_dynamics_gensal.dir/build.make GridKit/Model/PhasorDynamics/SynchronousMachine/GENSAL/CMakeFiles/phasor_dynamics_gensal.dir/build
make[2]: Entering directory '/home/isatkaus/gridkit/build'
make[2]: Entering directory '/home/isatkaus/gridkit/build'
make[2]: Leaving directory '/home/isatkaus/gridkit/build'
make[2]: Leaving directory '/home/isatkaus/gridkit/build'
make  -f GridKit/Model/PhasorDynamics/Branch/CMakeFiles/phasor_dynamics_branch_dependency_tracking.dir/build.make GridKit/Model/PhasorDynamics/Branch/CMakeFiles/phasor_dynamics_branch_dependency_tracking.dir/build
make  -f GridKit/Model/PhasorDynamics/BusFault/CMakeFiles/phasor_dynamics_bus_fault_dependency_tracking.dir/build.make GridKit/Model/PhasorDynamics/BusFault/CMakeFiles/phasor_dynamics_bus_fault_dependency_tracking.dir/build
make[2]: Entering directory '/home/isatkaus/gridkit/build'
make[2]: Leaving directory '/home/isatkaus/gridkit/build'
make  -f GridKit/Model/PhasorDynamics/Exciter/SEXS-PTI/CMakeFiles/phasor_dynamics_exciter_sexspti_dependency_tracking.dir/build.make GridKit/Model/PhasorDynamics/Exciter/SEXS-PTI/CMakeFiles/phasor_dynamics_exciter_sexspti_dependency_tracking.dir/build
make[2]: Leaving directory '/home/isatkaus/gridkit/build'
make  -f GridKit/Model/PhasorDynamics/SynchronousMachine/GENROU/CMakeFiles/phasor_dynamics_genrou.dir/build.make GridKit/Model/PhasorDynamics/SynchronousMachine/GENROU/CMakeFiles/phasor_dynamics_genrou.dir/build
make[2]: Entering directory '/home/isatkaus/gridkit/build'
make[2]: Leaving directory '/home/isatkaus/gridkit/build'
make[2]: Leaving directory '/home/isatkaus/gridkit/build'
make  -f GridKit/Model/PhasorDynamics/SynchronousMachine/GENROU/CMakeFiles/phasor_dynamics_genrou_dependency_tracking.dir/build.make GridKit/Model/PhasorDynamics/SynchronousMachine/GENROU/CMakeFiles/phasor_dynamics_genrou_dependency_tracking.dir/build
make  -f GridKit/Solver/Dynamic/CMakeFiles/solvers_dyn.dir/build.make GridKit/Solver/Dynamic/CMakeFiles/solvers_dyn.dir/build
make[2]: Leaving directory '/home/isatkaus/gridkit/build'
make[2]: Leaving directory '/home/isatkaus/gridkit/build'
make  -f GridKit/Model/PhasorDynamics/Load/LoadZIP/CMakeFiles/phasor_dynamics_loadzip_dependency_tracking.dir/build.make GridKit/Model/PhasorDynamics/Load/LoadZIP/CMakeFiles/phasor_dynamics_loadzip_dependency_tracking.dir/build
make  -f GridKit/Model/PhasorDynamics/Stabilizer/IEEEST/CMakeFiles/phasor_dynamics_stabilizer_ieeest_dependency_tracking.dir/build.make GridKit/Model/PhasorDynamics/Stabilizer/IEEEST/CMakeFiles/phasor_dynamics_stabilizer_ieeest_dependency_tracking.dir/build
make[2]: Leaving directory '/home/isatkaus/gridkit/build'
make[2]: Leaving directory '/home/isatkaus/gridkit/build'
make  -f GridKit/Model/PhasorDynamics/Bus/CMakeFiles/phasor_dynamics_bus_dependency_tracking.dir/build.make GridKit/Model/PhasorDynamics/Bus/CMakeFiles/phasor_dynamics_bus_dependency_tracking.dir/build
make  -f GridKit/Model/PhasorDynamics/Governor/Tgov1/CMakeFiles/phasor_dynamics_governor_tgov1_dependency_tracking.dir/build.make GridKit/Model/PhasorDynamics/Governor/Tgov1/CMakeFiles/phasor_dynamics_governor_tgov1_dependency_tracking.dir/build
make[2]: Entering directory '/home/isatkaus/gridkit/build'
[ 22%] Building CXX object GridKit/Model/PhasorDynamics/Exciter/SEXS-PTI/CMakeFiles/phasor_dynamics_exciter_sexspti.dir/SexsPtiEnzyme.cpp.o
make[2]: Leaving directory '/home/isatkaus/gridkit/build'
make  -f GridKit/Model/PhasorDynamics/Exciter/IEEET1/CMakeFiles/phasor_dynamics_exciter_ieeet1_dependency_tracking.dir/build.make GridKit/Model/PhasorDynamics/Exciter/IEEET1/CMakeFiles/phasor_dynamics_exciter_ieeet1_dependency_tracking.dir/build
make[2]: Entering directory '/home/isatkaus/gridkit/build'
make[2]: Leaving directory '/home/isatkaus/gridkit/build'
make[2]: Leaving directory '/home/isatkaus/gridkit/build'
make[2]: Leaving directory '/home/isatkaus/gridkit/build'
make  -f GridKit/Model/PhasorDynamics/BusToSignalAdapter/CMakeFiles/phasor_dynamics_bustosignaladapter_dependency_tracking.dir/build.make GridKit/Model/PhasorDynamics/BusToSignalAdapter/CMakeFiles/phasor_dynamics_bustosignaladapter_dependency_tracking.dir/build
make[2]: Leaving directory '/home/isatkaus/gridkit/build'
make[2]: Leaving directory '/home/isatkaus/gridkit/build'
make  -f GridKit/Model/PhasorDynamics/Load/LoadZ/CMakeFiles/phasor_dynamics_loadz_dependency_tracking.dir/build.make GridKit/Model/PhasorDynamics/Load/LoadZ/CMakeFiles/phasor_dynamics_loadz_dependency_tracking.dir/build
make  -f GridKit/Model/PhasorDynamics/SignalSource/CMakeFiles/phasor_dynamics_signalsource_dependency_tracking.dir/build.make GridKit/Model/PhasorDynamics/SignalSource/CMakeFiles/phasor_dynamics_signalsource_dependency_tracking.dir/build
make  -f GridKit/Model/PhasorDynamics/SynchronousMachine/GENSAL/CMakeFiles/phasor_dynamics_gensal_dependency_tracking.dir/build.make GridKit/Model/PhasorDynamics/SynchronousMachine/GENSAL/CMakeFiles/phasor_dynamics_gensal_dependency_tracking.dir/build
make  -f GridKit/Model/PhasorDynamics/SynchronousMachine/GenClassical/CMakeFiles/phasor_dynamics_gen_classical_dependency_tracking.dir/build.make GridKit/Model/PhasorDynamics/SynchronousMachine/GenClassical/CMakeFiles/phasor_dynamics_gen_classical_dependency_tracking.dir/build
[ 23%] Building CXX object GridKit/Model/PhasorDynamics/Load/LoadZIP/CMakeFiles/phasor_dynamics_loadzip.dir/LoadZIPEnzyme.cpp.o
make[2]: Entering directory '/home/isatkaus/gridkit/build'
make[2]: Entering directory '/home/isatkaus/gridkit/build'
[ 24%] Building CXX object GridKit/Model/PhasorDynamics/Load/LoadZ/CMakeFiles/phasor_dynamics_loadz.dir/LoadZEnzyme.cpp.o
[ 24%] Building CXX object GridKit/Model/PhasorDynamics/Governor/Tgov1/CMakeFiles/phasor_dynamics_governor_tgov1.dir/Tgov1Enzyme.cpp.o
make[2]: Entering directory '/home/isatkaus/gridkit/build'
cd /home/isatkaus/gridkit/build/GridKit/Model/PowerElectronics/Capacitor && /nopt/nrel/apps/cpu_stack/utilities/06-24/linux-rhel8-sapphirerapids/gcc-12.3.0/cmake-3.29.2-6n4msmc4aewj7wyi6b5g644vjrqyqgot/bin/cmake -E cmake_link_script CMakeFiles/power_elec_capacitor.dir/link.txt --verbose=1
make[2]: Entering directory '/home/isatkaus/gridkit/build'
make[2]: Entering directory '/home/isatkaus/gridkit/build'
make[2]: Entering directory '/home/isatkaus/gridkit/build'
make[2]: Entering directory '/home/isatkaus/gridkit/build'
cd /home/isatkaus/gridkit/build/GridKit/Model/PowerElectronics/LinearTransformer && /nopt/nrel/apps/cpu_stack/utilities/06-24/linux-rhel8-sapphirerapids/gcc-12.3.0/cmake-3.29.2-6n4msmc4aewj7wyi6b5g644vjrqyqgot/bin/cmake -E cmake_link_script CMakeFiles/power_elec_lineartrasnformer.dir/link.txt --verbose=1
make[2]: Entering directory '/home/isatkaus/gridkit/build'
make[2]: Entering directory '/home/isatkaus/gridkit/build'
make[2]: Entering directory '/home/isatkaus/gridkit/build'
make[2]: Entering directory '/home/isatkaus/gridkit/build'
make[2]: Entering directory '/home/isatkaus/gridkit/build'
make[2]: Entering directory '/home/isatkaus/gridkit/build'
make[2]: Entering directory '/home/isatkaus/gridkit/build'
cd /home/isatkaus/gridkit/build/GridKit/Model/PhasorDynamics/Branch && /nopt/nrel/apps/cpu_stack/software/gridkit/llvm/16.0.6/bin/clang++ -Dphasor_dynamics_branch_EXPORTS -I/home/isatkaus/gridkit -I/home/isatkaus/gridkit/third-party/magic-enum/include -I/home/isatkaus/gridkit/build --gcc-toolchain=/nopt/nrel/apps/cpu_stack/compilers/06-24/linux-rhel8-sapphirerapids/gcc-12.3.0/gcc-13.1.0-bmut2ysomhthj6y7oyc73c3cmxye57am -Wall -Wextra -Wconversion -Wpedantic -O2 -g -DNDEBUG -std=gnu++20 -fPIC -mllvm -enzyme-auto-sparsity=1 -fno-math-errno -fplugin=/nopt/nrel/apps/cpu_stack/software/gridkit/enzyme/0.0.206/lib/ClangEnzyme-16.so -MD -MT GridKit/Model/PhasorDynamics/Branch/CMakeFiles/phasor_dynamics_branch.dir/BranchEnzyme.cpp.o -MF CMakeFiles/phasor_dynamics_branch.dir/BranchEnzyme.cpp.o.d -o CMakeFiles/phasor_dynamics_branch.dir/BranchEnzyme.cpp.o -c /home/isatkaus/gridkit/GridKit/Model/PhasorDynamics/Branch/BranchEnzyme.cpp
[ 25%] Building CXX object GridKit/Model/PhasorDynamics/SignalSource/CMakeFiles/phasor_dynamics_signalsource.dir/ConstantSignalSource.cpp.o
[ 25%] Building CXX object GridKit/Model/PhasorDynamics/Stabilizer/IEEEST/CMakeFiles/phasor_dynamics_stabilizer_ieeest.dir/IeeestEnzyme.cpp.o
[ 25%] Building CXX object GridKit/Model/PhasorDynamics/SynchronousMachine/GenClassical/CMakeFiles/phasor_dynamics_gen_classical.dir/GenClassicalEnzyme.cpp.o
[ 25%] Building CXX object GridKit/Model/PhasorDynamics/SynchronousMachine/GENSAL/CMakeFiles/phasor_dynamics_gensal.dir/GensalEnzyme.cpp.o
cd /home/isatkaus/gridkit/build/GridKit/Model/PowerFlow/Branch && /nopt/nrel/apps/cpu_stack/utilities/06-24/linux-rhel8-sapphirerapids/gcc-12.3.0/cmake-3.29.2-6n4msmc4aewj7wyi6b5g644vjrqyqgot/bin/cmake -E cmake_symlink_library libgridkit_branch.so.0.1.0 libgridkit_branch.so.0 libgridkit_branch.so
[ 26%] Building CXX object GridKit/Model/PhasorDynamics/Branch/CMakeFiles/phasor_dynamics_branch_dependency_tracking.dir/BranchDependencyTracking.cpp.o
cd /home/isatkaus/gridkit/build/GridKit/Model/PowerElectronics/VoltageSource && /nopt/nrel/apps/cpu_stack/utilities/06-24/linux-rhel8-sapphirerapids/gcc-12.3.0/cmake-3.29.2-6n4msmc4aewj7wyi6b5g644vjrqyqgot/bin/cmake -E cmake_link_script CMakeFiles/power_elec_voltagesource.dir/link.txt --verbose=1
[ 27%] Building CXX object GridKit/Model/PhasorDynamics/BusFault/CMakeFiles/phasor_dynamics_bus_fault_dependency_tracking.dir/BusFaultDependencyTracking.cpp.o
[ 27%] Building CXX object GridKit/Model/PhasorDynamics/Exciter/SEXS-PTI/CMakeFiles/phasor_dynamics_exciter_sexspti_dependency_tracking.dir/SexsPtiDependencyTracking.cpp.o
[ 28%] Building CXX object GridKit/Model/PhasorDynamics/SynchronousMachine/GENROU/CMakeFiles/phasor_dynamics_genrou.dir/GenrouEnzyme.cpp.o
[ 28%] Building CXX object GridKit/Model/PhasorDynamics/SynchronousMachine/GENROU/CMakeFiles/phasor_dynamics_genrou_dependency_tracking.dir/GenrouDependencyTracking.cpp.o
/nopt/nrel/apps/cpu_stack/software/gridkit/llvm/16.0.6/bin/clang++ -fPIC --gcc-toolchain=/nopt/nrel/apps/cpu_stack/compilers/06-24/linux-rhel8-sapphirerapids/gcc-12.3.0/gcc-13.1.0-bmut2ysomhthj6y7oyc73c3cmxye57am -Wall -Wextra -Wconversion -Wpedantic -O2 -g -DNDEBUG -Wl,-rpath,/nopt/nrel/apps/cpu_stack/compilers/06-24/linux-rhel8-sapphirerapids/gcc-12.3.0/gcc-13.1.0-bmut2ysomhthj6y7oyc73c3cmxye57am/lib/gcc/x86_64-pc-linux-gnu/13.1.0/../../../../lib64 -Wl,-rpath,/nopt/nrel/apps/cpu_stack/libraries-gcc/06-24/linux-rhel8-sapphirerapids/gcc-12.3.0/netlib-lapack-3.11.0-abk4uhd5cyrfnhh67bcdhyt6fulibezx/lib64 -shared -Wl,-soname,libgridkit_power_elec_capacitor.so.0 -o libgridkit_power_elec_capacitor.so.0.1.0 CMakeFiles/power_elec_capacitor.dir/Capacitor.cpp.o  -Wl,-rpath,::::::::::::::
[ 28%] Building CXX object GridKit/Solver/Dynamic/CMakeFiles/solvers_dyn.dir/Ida.cpp.o
cd /home/isatkaus/gridkit/build/GridKit/Model/PhasorDynamics/Bus && /nopt/nrel/apps/cpu_stack/software/gridkit/llvm/16.0.6/bin/clang++ -Dphasor_dynamics_bus_EXPORTS -I/home/isatkaus/gridkit -I/home/isatkaus/gridkit/third-party/magic-enum/include -I/home/isatkaus/gridkit/build --gcc-toolchain=/nopt/nrel/apps/cpu_stack/compilers/06-24/linux-rhel8-sapphirerapids/gcc-12.3.0/gcc-13.1.0-bmut2ysomhthj6y7oyc73c3cmxye57am -Wall -Wextra -Wconversion -Wpedantic -O2 -g -DNDEBUG -std=gnu++20 -fPIC -MD -MT GridKit/Model/PhasorDynamics/Bus/CMakeFiles/phasor_dynamics_bus.dir/BusEnzyme.cpp.o -MF CMakeFiles/phasor_dynamics_bus.dir/BusEnzyme.cpp.o.d -o CMakeFiles/phasor_dynamics_bus.dir/BusEnzyme.cpp.o -c /home/isatkaus/gridkit/GridKit/Model/PhasorDynamics/Bus/BusEnzyme.cpp
[ 28%] Building CXX object GridKit/Model/PhasorDynamics/Load/LoadZIP/CMakeFiles/phasor_dynamics_loadzip_dependency_tracking.dir/LoadZIPDependencyTracking.cpp.o
[ 28%] Building CXX object GridKit/Model/PhasorDynamics/Stabilizer/IEEEST/CMakeFiles/phasor_dynamics_stabilizer_ieeest_dependency_tracking.dir/IeeestDependencyTracking.cpp.o
cd /home/isatkaus/gridkit/build/GridKit/LinearAlgebra/Vector && /nopt/nrel/apps/cpu_stack/utilities/06-24/linux-rhel8-sapphirerapids/gcc-12.3.0/cmake-3.29.2-6n4msmc4aewj7wyi6b5g644vjrqyqgot/bin/cmake -E cmake_link_script CMakeFiles/dense_vector.dir/link.txt --verbose=1
/nopt/nrel/apps/cpu_stack/software/gridkit/llvm/16.0.6/bin/clang++ -fPIC --gcc-toolchain=/nopt/nrel/apps/cpu_stack/compilers/06-24/linux-rhel8-sapphirerapids/gcc-12.3.0/gcc-13.1.0-bmut2ysomhthj6y7oyc73c3cmxye57am -Wall -Wextra -Wconversion -Wpedantic -O2 -g -DNDEBUG -Wl,-rpath,/nopt/nrel/apps/cpu_stack/compilers/06-24/linux-rhel8-sapphirerapids/gcc-12.3.0/gcc-13.1.0-bmut2ysomhthj6y7oyc73c3cmxye57am/lib/gcc/x86_64-pc-linux-gnu/13.1.0/../../../../lib64 -Wl,-rpath,/nopt/nrel/apps/cpu_stack/libraries-gcc/06-24/linux-rhel8-sapphirerapids/gcc-12.3.0/netlib-lapack-3.11.0-abk4uhd5cyrfnhh67bcdhyt6fulibezx/lib64 -shared -Wl,-soname,libgridkit_power_elec_lineartrasnformer.so.0 -o libgridkit_power_elec_lineartrasnformer.so.0.1.0 CMakeFiles/power_elec_lineartrasnformer.dir/LinearTransformer.cpp.o  -Wl,-rpath,::::::::::::::
[ 29%] Building CXX object GridKit/Model/PhasorDynamics/Governor/Tgov1/CMakeFiles/phasor_dynamics_governor_tgov1_dependency_tracking.dir/Tgov1DependencyTracking.cpp.o
[ 29%] Building CXX object GridKit/Model/PhasorDynamics/Bus/CMakeFiles/phasor_dynamics_bus_dependency_tracking.dir/BusDependencyTracking.cpp.o
[ 29%] Building CXX object GridKit/Model/PhasorDynamics/BusToSignalAdapter/CMakeFiles/phasor_dynamics_bustosignaladapter_dependency_tracking.dir/BusToSignalAdapterDependencyTracking.cpp.o
[ 29%] Building CXX object GridKit/Model/PhasorDynamics/Bus/CMakeFiles/phasor_dynamics_bus_dependency_tracking.dir/BusInfiniteDependencyTracking.cpp.o
cd /home/isatkaus/gridkit/build/GridKit/Model/PhasorDynamics/Bus && /nopt/nrel/apps/cpu_stack/software/gridkit/llvm/16.0.6/bin/clang++ -Dphasor_dynamics_bus_EXPORTS -I/home/isatkaus/gridkit -I/home/isatkaus/gridkit/third-party/magic-enum/include -I/home/isatkaus/gridkit/build --gcc-toolchain=/nopt/nrel/apps/cpu_stack/compilers/06-24/linux-rhel8-sapphirerapids/gcc-12.3.0/gcc-13.1.0-bmut2ysomhthj6y7oyc73c3cmxye57am -Wall -Wextra -Wconversion -Wpedantic -O2 -g -DNDEBUG -std=gnu++20 -fPIC -MD -MT GridKit/Model/PhasorDynamics/Bus/CMakeFiles/phasor_dynamics_bus.dir/BusInfinite.cpp.o -MF CMakeFiles/phasor_dynamics_bus.dir/BusInfinite.cpp.o.d -o CMakeFiles/phasor_dynamics_bus.dir/BusInfinite.cpp.o -c /home/isatkaus/gridkit/GridKit/Model/PhasorDynamics/Bus/BusInfinite.cpp
[ 31%] Building CXX object GridKit/Model/PhasorDynamics/Load/LoadZ/CMakeFiles/phasor_dynamics_loadz_dependency_tracking.dir/LoadZDependencyTracking.cpp.o
[ 33%] Building CXX object GridKit/Model/PhasorDynamics/SynchronousMachine/GENSAL/CMakeFiles/phasor_dynamics_gensal_dependency_tracking.dir/GensalDependencyTracking.cpp.o
[ 33%] Building CXX object GridKit/Model/PhasorDynamics/SignalSource/CMakeFiles/phasor_dynamics_signalsource_dependency_tracking.dir/ConstantSignalSourceDependencyTracking.cpp.o
[ 33%] Building CXX object GridKit/Model/PhasorDynamics/Exciter/IEEET1/CMakeFiles/phasor_dynamics_exciter_ieeet1_dependency_tracking.dir/Ieeet1DependencyTracking.cpp.o
[ 33%] Building CXX object GridKit/Model/PhasorDynamics/SynchronousMachine/GenClassical/CMakeFiles/phasor_dynamics_gen_classical_dependency_tracking.dir/GenClassicalDependencyTracking.cpp.o
cd /home/isatkaus/gridkit/build/GridKit/Model/PowerElectronics/Inductor && /nopt/nrel/apps/cpu_stack/utilities/06-24/linux-rhel8-sapphirerapids/gcc-12.3.0/cmake-3.29.2-6n4msmc4aewj7wyi6b5g644vjrqyqgot/bin/cmake -E cmake_link_script CMakeFiles/power_elec_inductor.dir/link.txt --verbose=1
cd /home/isatkaus/gridkit/build/GridKit/Model/PowerElectronics/MicrogridBusDQ && /nopt/nrel/apps/cpu_stack/utilities/06-24/linux-rhel8-sapphirerapids/gcc-12.3.0/cmake-3.29.2-6n4msmc4aewj7wyi6b5g644vjrqyqgot/bin/cmake -E cmake_link_script CMakeFiles/power_elec_microbusdq.dir/link.txt --verbose=1
/nopt/nrel/apps/cpu_stack/software/gridkit/llvm/16.0.6/bin/clang++ -fPIC --gcc-toolchain=/nopt/nrel/apps/cpu_stack/compilers/06-24/linux-rhel8-sapphirerapids/gcc-12.3.0/gcc-13.1.0-bmut2ysomhthj6y7oyc73c3cmxye57am -Wall -Wextra -Wconversion -Wpedantic -O2 -g -DNDEBUG -Wl,-rpath,/nopt/nrel/apps/cpu_stack/compilers/06-24/linux-rhel8-sapphirerapids/gcc-12.3.0/gcc-13.1.0-bmut2ysomhthj6y7oyc73c3cmxye57am/lib/gcc/x86_64-pc-linux-gnu/13.1.0/../../../../lib64 -Wl,-rpath,/nopt/nrel/apps/cpu_stack/libraries-gcc/06-24/linux-rhel8-sapphirerapids/gcc-12.3.0/netlib-lapack-3.11.0-abk4uhd5cyrfnhh67bcdhyt6fulibezx/lib64 -shared -Wl,-soname,libgridkit_power_elec_voltagesource.so.0 -o libgridkit_power_elec_voltagesource.so.0.1.0 CMakeFiles/power_elec_voltagesource.dir/VoltageSource.cpp.o  -Wl,-rpath,::::::::::::::
cd /home/isatkaus/gridkit/build/GridKit/Model/PhasorDynamics/BusFault && /nopt/nrel/apps/cpu_stack/software/gridkit/llvm/16.0.6/bin/clang++ -Dphasor_dynamics_bus_fault_EXPORTS -I/home/isatkaus/gridkit -I/home/isatkaus/gridkit/third-party/magic-enum/include -I/home/isatkaus/gridkit/build --gcc-toolchain=/nopt/nrel/apps/cpu_stack/compilers/06-24/linux-rhel8-sapphirerapids/gcc-12.3.0/gcc-13.1.0-bmut2ysomhthj6y7oyc73c3cmxye57am -Wall -Wextra -Wconversion -Wpedantic -O2 -g -DNDEBUG -std=gnu++20 -fPIC -mllvm -enzyme-auto-sparsity=1 -fno-math-errno -fplugin=/nopt/nrel/apps/cpu_stack/software/gridkit/enzyme/0.0.206/lib/ClangEnzyme-16.so -MD -MT GridKit/Model/PhasorDynamics/BusFault/CMakeFiles/phasor_dynamics_bus_fault.dir/BusFaultEnzyme.cpp.o -MF CMakeFiles/phasor_dynamics_bus_fault.dir/BusFaultEnzyme.cpp.o.d -o CMakeFiles/phasor_dynamics_bus_fault.dir/BusFaultEnzyme.cpp.o -c /home/isatkaus/gridkit/GridKit/Model/PhasorDynamics/BusFault/BusFaultEnzyme.cpp
/nopt/nrel/apps/cpu_stack/software/gridkit/llvm/16.0.6/bin/clang++ -fPIC --gcc-toolchain=/nopt/nrel/apps/cpu_stack/compilers/06-24/linux-rhel8-sapphirerapids/gcc-12.3.0/gcc-13.1.0-bmut2ysomhthj6y7oyc73c3cmxye57am -Wall -Wextra -Wconversion -Wpedantic -O2 -g -DNDEBUG -Wl,-rpath,/nopt/nrel/apps/cpu_stack/compilers/06-24/linux-rhel8-sapphirerapids/gcc-12.3.0/gcc-13.1.0-bmut2ysomhthj6y7oyc73c3cmxye57am/lib/gcc/x86_64-pc-linux-gnu/13.1.0/../../../../lib64 -Wl,-rpath,/nopt/nrel/apps/cpu_stack/libraries-gcc/06-24/linux-rhel8-sapphirerapids/gcc-12.3.0/netlib-lapack-3.11.0-abk4uhd5cyrfnhh67bcdhyt6fulibezx/lib64 -shared -Wl,-soname,libgridkit_dense_vector.so.0 -o libgridkit_dense_vector.so.0.1.0 CMakeFiles/dense_vector.dir/Vector.cpp.o  -Wl,-rpath,/home/isatkaus/gridkit/build/GridKit/Utilities/Logger: ../../Utilities/Logger/libgridkit_utilities_logger.so.0.1.0
cd /home/isatkaus/gridkit/build/GridKit/Model/PowerElectronics/Resistor && /nopt/nrel/apps/cpu_stack/utilities/06-24/linux-rhel8-sapphirerapids/gcc-12.3.0/cmake-3.29.2-6n4msmc4aewj7wyi6b5g644vjrqyqgot/bin/cmake -E cmake_link_script CMakeFiles/power_elec_resistor.dir/link.txt --verbose=1
cd /home/isatkaus/gridkit/build/GridKit/Model/PhasorDynamics/BusToSignalAdapter && /nopt/nrel/apps/cpu_stack/software/gridkit/llvm/16.0.6/bin/clang++ -Dphasor_dynamics_bustosignaladapter_EXPORTS -I/home/isatkaus/gridkit -I/home/isatkaus/gridkit/build --gcc-toolchain=/nopt/nrel/apps/cpu_stack/compilers/06-24/linux-rhel8-sapphirerapids/gcc-12.3.0/gcc-13.1.0-bmut2ysomhthj6y7oyc73c3cmxye57am -Wall -Wextra -Wconversion -Wpedantic -O2 -g -DNDEBUG -std=gnu++20 -fPIC -MD -MT GridKit/Model/PhasorDynamics/BusToSignalAdapter/CMakeFiles/phasor_dynamics_bustosignaladapter.dir/BusToSignalAdapter.cpp.o -MF CMakeFiles/phasor_dynamics_bustosignaladapter.dir/BusToSignalAdapter.cpp.o.d -o CMakeFiles/phasor_dynamics_bustosignaladapter.dir/BusToSignalAdapter.cpp.o -c /home/isatkaus/gridkit/GridKit/Model/PhasorDynamics/BusToSignalAdapter/BusToSignalAdapter.cpp
cd /home/isatkaus/gridkit/build/GridKit/Model/PowerFlow/Generator && /nopt/nrel/apps/cpu_stack/utilities/06-24/linux-rhel8-sapphirerapids/gcc-12.3.0/cmake-3.29.2-6n4msmc4aewj7wyi6b5g644vjrqyqgot/bin/cmake -E cmake_symlink_library libgridkit_generator.so.0.1.0 libgridkit_generator.so.0 libgridkit_generator.so
cd /home/isatkaus/gridkit/build/GridKit/Model/PhasorDynamics/Exciter/IEEET1 && /nopt/nrel/apps/cpu_stack/software/gridkit/llvm/16.0.6/bin/clang++ -Dphasor_dynamics_exciter_ieeet1_EXPORTS -I/home/isatkaus/gridkit -I/home/isatkaus/gridkit/third-party/magic-enum/include -I/home/isatkaus/gridkit/build --gcc-toolchain=/nopt/nrel/apps/cpu_stack/compilers/06-24/linux-rhel8-sapphirerapids/gcc-12.3.0/gcc-13.1.0-bmut2ysomhthj6y7oyc73c3cmxye57am -Wall -Wextra -Wconversion -Wpedantic -O2 -g -DNDEBUG -std=gnu++20 -fPIC -mllvm -enzyme-auto-sparsity=1 -fno-math-errno -fplugin=/nopt/nrel/apps/cpu_stack/software/gridkit/enzyme/0.0.206/lib/ClangEnzyme-16.so -MD -MT GridKit/Model/PhasorDynamics/Exciter/IEEET1/CMakeFiles/phasor_dynamics_exciter_ieeet1.dir/Ieeet1Enzyme.cpp.o -MF CMakeFiles/phasor_dynamics_exciter_ieeet1.dir/Ieeet1Enzyme.cpp.o.d -o CMakeFiles/phasor_dynamics_exciter_ieeet1.dir/Ieeet1Enzyme.cpp.o -c /home/isatkaus/gridkit/GridKit/Model/PhasorDynamics/Exciter/IEEET1/Ieeet1Enzyme.cpp
/nopt/nrel/apps/cpu_stack/software/gridkit/llvm/16.0.6/bin/clang++ -fPIC --gcc-toolchain=/nopt/nrel/apps/cpu_stack/compilers/06-24/linux-rhel8-sapphirerapids/gcc-12.3.0/gcc-13.1.0-bmut2ysomhthj6y7oyc73c3cmxye57am -Wall -Wextra -Wconversion -Wpedantic -O2 -g -DNDEBUG -Wl,-rpath,/nopt/nrel/apps/cpu_stack/compilers/06-24/linux-rhel8-sapphirerapids/gcc-12.3.0/gcc-13.1.0-bmut2ysomhthj6y7oyc73c3cmxye57am/lib/gcc/x86_64-pc-linux-gnu/13.1.0/../../../../lib64 -Wl,-rpath,/nopt/nrel/apps/cpu_stack/libraries-gcc/06-24/linux-rhel8-sapphirerapids/gcc-12.3.0/netlib-lapack-3.11.0-abk4uhd5cyrfnhh67bcdhyt6fulibezx/lib64 -shared -Wl,-soname,libgridkit_power_elec_inductor.so.0 -o libgridkit_power_elec_inductor.so.0.1.0 CMakeFiles/power_elec_inductor.dir/Inductor.cpp.o  -Wl,-rpath,::::::::::::::
[ 34%] Linking CXX shared library libgridkit_power_elec_microload.so
/nopt/nrel/apps/cpu_stack/software/gridkit/llvm/16.0.6/bin/clang++ -fPIC --gcc-toolchain=/nopt/nrel/apps/cpu_stack/compilers/06-24/linux-rhel8-sapphirerapids/gcc-12.3.0/gcc-13.1.0-bmut2ysomhthj6y7oyc73c3cmxye57am -Wall -Wextra -Wconversion -Wpedantic -O2 -g -DNDEBUG -Wl,-rpath,/nopt/nrel/apps/cpu_stack/compilers/06-24/linux-rhel8-sapphirerapids/gcc-12.3.0/gcc-13.1.0-bmut2ysomhthj6y7oyc73c3cmxye57am/lib/gcc/x86_64-pc-linux-gnu/13.1.0/../../../../lib64 -Wl,-rpath,/nopt/nrel/apps/cpu_stack/libraries-gcc/06-24/linux-rhel8-sapphirerapids/gcc-12.3.0/netlib-lapack-3.11.0-abk4uhd5cyrfnhh67bcdhyt6fulibezx/lib64 -shared -Wl,-soname,libgridkit_power_elec_microbusdq.so.0 -o libgridkit_power_elec_microbusdq.so.0.1.0 CMakeFiles/power_elec_microbusdq.dir/MicrogridBusDQ.cpp.o  -Wl,-rpath,::::::::::::::
[ 35%] Linking CXX shared library libgridkit_power_elec_microline.so
/nopt/nrel/apps/cpu_stack/software/gridkit/llvm/16.0.6/bin/clang++ -fPIC --gcc-toolchain=/nopt/nrel/apps/cpu_stack/compilers/06-24/linux-rhel8-sapphirerapids/gcc-12.3.0/gcc-13.1.0-bmut2ysomhthj6y7oyc73c3cmxye57am -Wall -Wextra -Wconversion -Wpedantic -O2 -g -DNDEBUG -Wl,-rpath,/nopt/nrel/apps/cpu_stack/compilers/06-24/linux-rhel8-sapphirerapids/gcc-12.3.0/gcc-13.1.0-bmut2ysomhthj6y7oyc73c3cmxye57am/lib/gcc/x86_64-pc-linux-gnu/13.1.0/../../../../lib64 -Wl,-rpath,/nopt/nrel/apps/cpu_stack/libraries-gcc/06-24/linux-rhel8-sapphirerapids/gcc-12.3.0/netlib-lapack-3.11.0-abk4uhd5cyrfnhh67bcdhyt6fulibezx/lib64 -shared -Wl,-soname,libgridkit_power_elec_resistor.so.0 -o libgridkit_power_elec_resistor.so.0.1.0 CMakeFiles/power_elec_resistor.dir/Resistor.cpp.o  -Wl,-rpath,::::::::::::::
cd /home/isatkaus/gridkit/build/GridKit/Model/PhasorDynamics/Exciter/SEXS-PTI && /nopt/nrel/apps/cpu_stack/software/gridkit/llvm/16.0.6/bin/clang++ -Dphasor_dynamics_exciter_sexspti_EXPORTS -I/home/isatkaus/gridkit -I/home/isatkaus/gridkit/third-party/magic-enum/include -I/home/isatkaus/gridkit/build --gcc-toolchain=/nopt/nrel/apps/cpu_stack/compilers/06-24/linux-rhel8-sapphirerapids/gcc-12.3.0/gcc-13.1.0-bmut2ysomhthj6y7oyc73c3cmxye57am -Wall -Wextra -Wconversion -Wpedantic -O2 -g -DNDEBUG -std=gnu++20 -fPIC -mllvm -enzyme-auto-sparsity=1 -fno-math-errno -fplugin=/nopt/nrel/apps/cpu_stack/software/gridkit/enzyme/0.0.206/lib/ClangEnzyme-16.so -MD -MT GridKit/Model/PhasorDynamics/Exciter/SEXS-PTI/CMakeFiles/phasor_dynamics_exciter_sexspti.dir/SexsPtiEnzyme.cpp.o -MF CMakeFiles/phasor_dynamics_exciter_sexspti.dir/SexsPtiEnzyme.cpp.o.d -o CMakeFiles/phasor_dynamics_exciter_sexspti.dir/SexsPtiEnzyme.cpp.o -c /home/isatkaus/gridkit/GridKit/Model/PhasorDynamics/Exciter/SEXS-PTI/SexsPtiEnzyme.cpp
cd /home/isatkaus/gridkit/build/GridKit/Model/PhasorDynamics/Load/LoadZIP && /nopt/nrel/apps/cpu_stack/software/gridkit/llvm/16.0.6/bin/clang++ -Dphasor_dynamics_loadzip_EXPORTS -I/home/isatkaus/gridkit -I/home/isatkaus/gridkit/third-party/magic-enum/include -I/home/isatkaus/gridkit/build --gcc-toolchain=/nopt/nrel/apps/cpu_stack/compilers/06-24/linux-rhel8-sapphirerapids/gcc-12.3.0/gcc-13.1.0-bmut2ysomhthj6y7oyc73c3cmxye57am -Wall -Wextra -Wconversion -Wpedantic -O2 -g -DNDEBUG -std=gnu++20 -fPIC -mllvm -enzyme-auto-sparsity=1 -fno-math-errno -fplugin=/nopt/nrel/apps/cpu_stack/software/gridkit/enzyme/0.0.206/lib/ClangEnzyme-16.so -MD -MT GridKit/Model/PhasorDynamics/Load/LoadZIP/CMakeFiles/phasor_dynamics_loadzip.dir/LoadZIPEnzyme.cpp.o -MF CMakeFiles/phasor_dynamics_loadzip.dir/LoadZIPEnzyme.cpp.o.d -o CMakeFiles/phasor_dynamics_loadzip.dir/LoadZIPEnzyme.cpp.o -c /home/isatkaus/gridkit/GridKit/Model/PhasorDynamics/Load/LoadZIP/LoadZIPEnzyme.cpp
cd /home/isatkaus/gridkit/build/GridKit/Model/PhasorDynamics/Governor/Tgov1 && /nopt/nrel/apps/cpu_stack/software/gridkit/llvm/16.0.6/bin/clang++ -Dphasor_dynamics_governor_tgov1_EXPORTS -I/home/isatkaus/gridkit -I/home/isatkaus/gridkit/build --gcc-toolchain=/nopt/nrel/apps/cpu_stack/compilers/06-24/linux-rhel8-sapphirerapids/gcc-12.3.0/gcc-13.1.0-bmut2ysomhthj6y7oyc73c3cmxye57am -Wall -Wextra -Wconversion -Wpedantic -O2 -g -DNDEBUG -std=gnu++20 -fPIC -mllvm -enzyme-auto-sparsity=1 -fno-math-errno -fplugin=/nopt/nrel/apps/cpu_stack/software/gridkit/enzyme/0.0.206/lib/ClangEnzyme-16.so -MD -MT GridKit/Model/PhasorDynamics/Governor/Tgov1/CMakeFiles/phasor_dynamics_governor_tgov1.dir/Tgov1Enzyme.cpp.o -MF CMakeFiles/phasor_dynamics_governor_tgov1.dir/Tgov1Enzyme.cpp.o.d -o CMakeFiles/phasor_dynamics_governor_tgov1.dir/Tgov1Enzyme.cpp.o -c /home/isatkaus/gridkit/GridKit/Model/PhasorDynamics/Governor/Tgov1/Tgov1Enzyme.cpp
cd /home/isatkaus/gridkit/build/GridKit/Model/PhasorDynamics/Load/LoadZ && /nopt/nrel/apps/cpu_stack/software/gridkit/llvm/16.0.6/bin/clang++ -Dphasor_dynamics_loadz_EXPORTS -I/home/isatkaus/gridkit -I/home/isatkaus/gridkit/third-party/magic-enum/include -I/home/isatkaus/gridkit/build --gcc-toolchain=/nopt/nrel/apps/cpu_stack/compilers/06-24/linux-rhel8-sapphirerapids/gcc-12.3.0/gcc-13.1.0-bmut2ysomhthj6y7oyc73c3cmxye57am -Wall -Wextra -Wconversion -Wpedantic -O2 -g -DNDEBUG -std=gnu++20 -fPIC -mllvm -enzyme-auto-sparsity=1 -fno-math-errno -fplugin=/nopt/nrel/apps/cpu_stack/software/gridkit/enzyme/0.0.206/lib/ClangEnzyme-16.so -MD -MT GridKit/Model/PhasorDynamics/Load/LoadZ/CMakeFiles/phasor_dynamics_loadz.dir/LoadZEnzyme.cpp.o -MF CMakeFiles/phasor_dynamics_loadz.dir/LoadZEnzyme.cpp.o.d -o CMakeFiles/phasor_dynamics_loadz.dir/LoadZEnzyme.cpp.o -c /home/isatkaus/gridkit/GridKit/Model/PhasorDynamics/Load/LoadZ/LoadZEnzyme.cpp
cd /home/isatkaus/gridkit/build/GridKit/Model/PowerFlow/MiniGrid && /nopt/nrel/apps/cpu_stack/utilities/06-24/linux-rhel8-sapphirerapids/gcc-12.3.0/cmake-3.29.2-6n4msmc4aewj7wyi6b5g644vjrqyqgot/bin/cmake -E cmake_symlink_library libgridkit_minigrid.so.0.1.0 libgridkit_minigrid.so.0 libgridkit_minigrid.so
[ 36%] Linking CXX shared library libgridkit_power_elec_tranline.so
cd /home/isatkaus/gridkit/build/GridKit/Model/PhasorDynamics/SignalSource && /nopt/nrel/apps/cpu_stack/software/gridkit/llvm/16.0.6/bin/clang++ -Dphasor_dynamics_signalsource_EXPORTS -I/home/isatkaus/gridkit -I/home/isatkaus/gridkit/build --gcc-toolchain=/nopt/nrel/apps/cpu_stack/compilers/06-24/linux-rhel8-sapphirerapids/gcc-12.3.0/gcc-13.1.0-bmut2ysomhthj6y7oyc73c3cmxye57am -Wall -Wextra -Wconversion -Wpedantic -O2 -g -DNDEBUG -std=gnu++20 -fPIC -MD -MT GridKit/Model/PhasorDynamics/SignalSource/CMakeFiles/phasor_dynamics_signalsource.dir/ConstantSignalSource.cpp.o -MF CMakeFiles/phasor_dynamics_signalsource.dir/ConstantSignalSource.cpp.o.d -o CMakeFiles/phasor_dynamics_signalsource.dir/ConstantSignalSource.cpp.o -c /home/isatkaus/gridkit/GridKit/Model/PhasorDynamics/SignalSource/ConstantSignalSource.cpp
[ 37%] Linking CXX shared library libgridkit_power_elec_inductionmotor.so
cd /home/isatkaus/gridkit/build/GridKit/Model/PhasorDynamics/Stabilizer/IEEEST && /nopt/nrel/apps/cpu_stack/software/gridkit/llvm/16.0.6/bin/clang++ -Dphasor_dynamics_stabilizer_ieeest_EXPORTS -I/home/isatkaus/gridkit -I/home/isatkaus/gridkit/third-party/magic-enum/include -I/home/isatkaus/gridkit/build --gcc-toolchain=/nopt/nrel/apps/cpu_stack/compilers/06-24/linux-rhel8-sapphirerapids/gcc-12.3.0/gcc-13.1.0-bmut2ysomhthj6y7oyc73c3cmxye57am -Wall -Wextra -Wconversion -Wpedantic -O2 -g -DNDEBUG -std=gnu++20 -fPIC -mllvm -enzyme-auto-sparsity=1 -fno-math-errno -fplugin=/nopt/nrel/apps/cpu_stack/software/gridkit/enzyme/0.0.206/lib/ClangEnzyme-16.so -MD -MT GridKit/Model/PhasorDynamics/Stabilizer/IEEEST/CMakeFiles/phasor_dynamics_stabilizer_ieeest.dir/IeeestEnzyme.cpp.o -MF CMakeFiles/phasor_dynamics_stabilizer_ieeest.dir/IeeestEnzyme.cpp.o.d -o CMakeFiles/phasor_dynamics_stabilizer_ieeest.dir/IeeestEnzyme.cpp.o -c /home/isatkaus/gridkit/GridKit/Model/PhasorDynamics/Stabilizer/IEEEST/IeeestEnzyme.cpp
cd /home/isatkaus/gridkit/build/GridKit/Model/PhasorDynamics/SynchronousMachine/GenClassical && /nopt/nrel/apps/cpu_stack/software/gridkit/llvm/16.0.6/bin/clang++ -Dphasor_dynamics_gen_classical_EXPORTS -I/home/isatkaus/gridkit -I/home/isatkaus/gridkit/third-party/magic-enum/include -I/home/isatkaus/gridkit/build --gcc-toolchain=/nopt/nrel/apps/cpu_stack/compilers/06-24/linux-rhel8-sapphirerapids/gcc-12.3.0/gcc-13.1.0-bmut2ysomhthj6y7oyc73c3cmxye57am -Wall -Wextra -Wconversion -Wpedantic -O2 -g -DNDEBUG -std=gnu++20 -fPIC -mllvm -enzyme-auto-sparsity=1 -fno-math-errno -fplugin=/nopt/nrel/apps/cpu_stack/software/gridkit/enzyme/0.0.206/lib/ClangEnzyme-16.so -MD -MT GridKit/Model/PhasorDynamics/SynchronousMachine/GenClassical/CMakeFiles/phasor_dynamics_gen_classical.dir/GenClassicalEnzyme.cpp.o -MF CMakeFiles/phasor_dynamics_gen_classical.dir/GenClassicalEnzyme.cpp.o.d -o CMakeFiles/phasor_dynamics_gen_classical.dir/GenClassicalEnzyme.cpp.o -c /home/isatkaus/gridkit/GridKit/Model/PhasorDynamics/SynchronousMachine/GenClassical/GenClassicalEnzyme.cpp
cd /home/isatkaus/gridkit/build/GridKit/Model/PhasorDynamics/SynchronousMachine/GENSAL && /nopt/nrel/apps/cpu_stack/software/gridkit/llvm/16.0.6/bin/clang++ -Dphasor_dynamics_gensal_EXPORTS -I/home/isatkaus/gridkit -I/home/isatkaus/gridkit/third-party/magic-enum/include -I/home/isatkaus/gridkit/build --gcc-toolchain=/nopt/nrel/apps/cpu_stack/compilers/06-24/linux-rhel8-sapphirerapids/gcc-12.3.0/gcc-13.1.0-bmut2ysomhthj6y7oyc73c3cmxye57am -Wall -Wextra -Wconversion -Wpedantic -O2 -g -DNDEBUG -std=gnu++20 -fPIC -mllvm -enzyme-auto-sparsity=1 -fno-math-errno -fno-vectorize -fplugin=/nopt/nrel/apps/cpu_stack/software/gridkit/enzyme/0.0.206/lib/ClangEnzyme-16.so -MD -MT GridKit/Model/PhasorDynamics/SynchronousMachine/GENSAL/CMakeFiles/phasor_dynamics_gensal.dir/GensalEnzyme.cpp.o -MF CMakeFiles/phasor_dynamics_gensal.dir/GensalEnzyme.cpp.o.d -o CMakeFiles/phasor_dynamics_gensal.dir/GensalEnzyme.cpp.o -c /home/isatkaus/gridkit/GridKit/Model/PhasorDynamics/SynchronousMachine/GENSAL/GensalEnzyme.cpp
cd /home/isatkaus/gridkit/build/GridKit/Model/PhasorDynamics/Branch && /nopt/nrel/apps/cpu_stack/software/gridkit/llvm/16.0.6/bin/clang++ -Dphasor_dynamics_branch_dependency_tracking_EXPORTS -I/home/isatkaus/gridkit -I/home/isatkaus/gridkit/third-party/magic-enum/include -I/home/isatkaus/gridkit/build --gcc-toolchain=/nopt/nrel/apps/cpu_stack/compilers/06-24/linux-rhel8-sapphirerapids/gcc-12.3.0/gcc-13.1.0-bmut2ysomhthj6y7oyc73c3cmxye57am -Wall -Wextra -Wconversion -Wpedantic -O2 -g -DNDEBUG -std=gnu++20 -fPIC -MD -MT GridKit/Model/PhasorDynamics/Branch/CMakeFiles/phasor_dynamics_branch_dependency_tracking.dir/BranchDependencyTracking.cpp.o -MF CMakeFiles/phasor_dynamics_branch_dependency_tracking.dir/BranchDependencyTracking.cpp.o.d -o CMakeFiles/phasor_dynamics_branch_dependency_tracking.dir/BranchDependencyTracking.cpp.o -c /home/isatkaus/gridkit/GridKit/Model/PhasorDynamics/Branch/BranchDependencyTracking.cpp
cd /home/isatkaus/gridkit/build/GridKit/Model/PhasorDynamics/SynchronousMachine/GENROU && /nopt/nrel/apps/cpu_stack/software/gridkit/llvm/16.0.6/bin/clang++ -Dphasor_dynamics_genrou_EXPORTS -I/home/isatkaus/gridkit -I/home/isatkaus/gridkit/third-party/magic-enum/include -I/home/isatkaus/gridkit/build --gcc-toolchain=/nopt/nrel/apps/cpu_stack/compilers/06-24/linux-rhel8-sapphirerapids/gcc-12.3.0/gcc-13.1.0-bmut2ysomhthj6y7oyc73c3cmxye57am -Wall -Wextra -Wconversion -Wpedantic -O2 -g -DNDEBUG -std=gnu++20 -fPIC -mllvm -enzyme-auto-sparsity=1 -fno-math-errno -fno-vectorize -fplugin=/nopt/nrel/apps/cpu_stack/software/gridkit/enzyme/0.0.206/lib/ClangEnzyme-16.so -MD -MT GridKit/Model/PhasorDynamics/SynchronousMachine/GENROU/CMakeFiles/phasor_dynamics_genrou.dir/GenrouEnzyme.cpp.o -MF CMakeFiles/phasor_dynamics_genrou.dir/GenrouEnzyme.cpp.o.d -o CMakeFiles/phasor_dynamics_genrou.dir/GenrouEnzyme.cpp.o -c /home/isatkaus/gridkit/GridKit/Model/PhasorDynamics/SynchronousMachine/GENROU/GenrouEnzyme.cpp
cd /home/isatkaus/gridkit/build/GridKit/Model/PhasorDynamics/SynchronousMachine/GENROU && /nopt/nrel/apps/cpu_stack/software/gridkit/llvm/16.0.6/bin/clang++ -Dphasor_dynamics_genrou_dependency_tracking_EXPORTS -I/home/isatkaus/gridkit -I/home/isatkaus/gridkit/third-party/magic-enum/include -I/home/isatkaus/gridkit/build --gcc-toolchain=/nopt/nrel/apps/cpu_stack/compilers/06-24/linux-rhel8-sapphirerapids/gcc-12.3.0/gcc-13.1.0-bmut2ysomhthj6y7oyc73c3cmxye57am -Wall -Wextra -Wconversion -Wpedantic -O2 -g -DNDEBUG -std=gnu++20 -fPIC -MD -MT GridKit/Model/PhasorDynamics/SynchronousMachine/GENROU/CMakeFiles/phasor_dynamics_genrou_dependency_tracking.dir/GenrouDependencyTracking.cpp.o -MF CMakeFiles/phasor_dynamics_genrou_dependency_tracking.dir/GenrouDependencyTracking.cpp.o.d -o CMakeFiles/phasor_dynamics_genrou_dependency_tracking.dir/GenrouDependencyTracking.cpp.o -c /home/isatkaus/gridkit/GridKit/Model/PhasorDynamics/SynchronousMachine/GENROU/GenrouDependencyTracking.cpp
cd /home/isatkaus/gridkit/build/GridKit/Solver/Dynamic && /nopt/nrel/apps/cpu_stack/software/gridkit/llvm/16.0.6/bin/clang++ -Dsolvers_dyn_EXPORTS -I/home/isatkaus/gridkit -I/home/isatkaus/gridkit/build -isystem /nopt/nrel/apps/cpu_stack/software/gridkit/sundials/develop/include -isystem /nopt/nrel/apps/cpu_stack/software/gridkit/suitesparse/7.8.2/include/suitesparse --gcc-toolchain=/nopt/nrel/apps/cpu_stack/compilers/06-24/linux-rhel8-sapphirerapids/gcc-12.3.0/gcc-13.1.0-bmut2ysomhthj6y7oyc73c3cmxye57am -Wall -Wextra -Wconversion -Wpedantic -O2 -g -DNDEBUG -std=gnu++20 -fPIC -MD -MT GridKit/Solver/Dynamic/CMakeFiles/solvers_dyn.dir/Ida.cpp.o -MF CMakeFiles/solvers_dyn.dir/Ida.cpp.o.d -o CMakeFiles/solvers_dyn.dir/Ida.cpp.o -c /home/isatkaus/gridkit/GridKit/Solver/Dynamic/Ida.cpp
cd /home/isatkaus/gridkit/build/GridKit/Model/PhasorDynamics/Load/LoadZIP && /nopt/nrel/apps/cpu_stack/software/gridkit/llvm/16.0.6/bin/clang++ -Dphasor_dynamics_loadzip_dependency_tracking_EXPORTS -I/home/isatkaus/gridkit -I/home/isatkaus/gridkit/third-party/magic-enum/include -I/home/isatkaus/gridkit/build --gcc-toolchain=/nopt/nrel/apps/cpu_stack/compilers/06-24/linux-rhel8-sapphirerapids/gcc-12.3.0/gcc-13.1.0-bmut2ysomhthj6y7oyc73c3cmxye57am -Wall -Wextra -Wconversion -Wpedantic -O2 -g -DNDEBUG -std=gnu++20 -fPIC -MD -MT GridKit/Model/PhasorDynamics/Load/LoadZIP/CMakeFiles/phasor_dynamics_loadzip_dependency_tracking.dir/LoadZIPDependencyTracking.cpp.o -MF CMakeFiles/phasor_dynamics_loadzip_dependency_tracking.dir/LoadZIPDependencyTracking.cpp.o.d -o CMakeFiles/phasor_dynamics_loadzip_dependency_tracking.dir/LoadZIPDependencyTracking.cpp.o -c /home/isatkaus/gridkit/GridKit/Model/PhasorDynamics/Load/LoadZIP/LoadZIPDependencyTracking.cpp
cd /home/isatkaus/gridkit/build/GridKit/Model/PhasorDynamics/Exciter/SEXS-PTI && /nopt/nrel/apps/cpu_stack/software/gridkit/llvm/16.0.6/bin/clang++ -Dphasor_dynamics_exciter_sexspti_dependency_tracking_EXPORTS -I/home/isatkaus/gridkit -I/home/isatkaus/gridkit/third-party/magic-enum/include -I/home/isatkaus/gridkit/build --gcc-toolchain=/nopt/nrel/apps/cpu_stack/compilers/06-24/linux-rhel8-sapphirerapids/gcc-12.3.0/gcc-13.1.0-bmut2ysomhthj6y7oyc73c3cmxye57am -Wall -Wextra -Wconversion -Wpedantic -O2 -g -DNDEBUG -std=gnu++20 -fPIC -MD -MT GridKit/Model/PhasorDynamics/Exciter/SEXS-PTI/CMakeFiles/phasor_dynamics_exciter_sexspti_dependency_tracking.dir/SexsPtiDependencyTracking.cpp.o -MF CMakeFiles/phasor_dynamics_exciter_sexspti_dependency_tracking.dir/SexsPtiDependencyTracking.cpp.o.d -o CMakeFiles/phasor_dynamics_exciter_sexspti_dependency_tracking.dir/SexsPtiDependencyTracking.cpp.o -c /home/isatkaus/gridkit/GridKit/Model/PhasorDynamics/Exciter/SEXS-PTI/SexsPtiDependencyTracking.cpp
cd /home/isatkaus/gridkit/build/GridKit/Model/PhasorDynamics/BusFault && /nopt/nrel/apps/cpu_stack/software/gridkit/llvm/16.0.6/bin/clang++ -Dphasor_dynamics_bus_fault_dependency_tracking_EXPORTS -I/home/isatkaus/gridkit -I/home/isatkaus/gridkit/third-party/magic-enum/include -I/home/isatkaus/gridkit/build --gcc-toolchain=/nopt/nrel/apps/cpu_stack/compilers/06-24/linux-rhel8-sapphirerapids/gcc-12.3.0/gcc-13.1.0-bmut2ysomhthj6y7oyc73c3cmxye57am -Wall -Wextra -Wconversion -Wpedantic -O2 -g -DNDEBUG -std=gnu++20 -fPIC -MD -MT GridKit/Model/PhasorDynamics/BusFault/CMakeFiles/phasor_dynamics_bus_fault_dependency_tracking.dir/BusFaultDependencyTracking.cpp.o -MF CMakeFiles/phasor_dynamics_bus_fault_dependency_tracking.dir/BusFaultDependencyTracking.cpp.o.d -o CMakeFiles/phasor_dynamics_bus_fault_dependency_tracking.dir/BusFaultDependencyTracking.cpp.o -c /home/isatkaus/gridkit/GridKit/Model/PhasorDynamics/BusFault/BusFaultDependencyTracking.cpp
cd /home/isatkaus/gridkit/build/GridKit/Model/PhasorDynamics/Bus && /nopt/nrel/apps/cpu_stack/software/gridkit/llvm/16.0.6/bin/clang++ -Dphasor_dynamics_bus_dependency_tracking_EXPORTS -I/home/isatkaus/gridkit -I/home/isatkaus/gridkit/third-party/magic-enum/include -I/home/isatkaus/gridkit/build --gcc-toolchain=/nopt/nrel/apps/cpu_stack/compilers/06-24/linux-rhel8-sapphirerapids/gcc-12.3.0/gcc-13.1.0-bmut2ysomhthj6y7oyc73c3cmxye57am -Wall -Wextra -Wconversion -Wpedantic -O2 -g -DNDEBUG -std=gnu++20 -fPIC -MD -MT GridKit/Model/PhasorDynamics/Bus/CMakeFiles/phasor_dynamics_bus_dependency_tracking.dir/BusDependencyTracking.cpp.o -MF CMakeFiles/phasor_dynamics_bus_dependency_tracking.dir/BusDependencyTracking.cpp.o.d -o CMakeFiles/phasor_dynamics_bus_dependency_tracking.dir/BusDependencyTracking.cpp.o -c /home/isatkaus/gridkit/GridKit/Model/PhasorDynamics/Bus/BusDependencyTracking.cpp
cd /home/isatkaus/gridkit/build/GridKit/Solver/SteadyState && /nopt/nrel/apps/cpu_stack/utilities/06-24/linux-rhel8-sapphirerapids/gcc-12.3.0/cmake-3.29.2-6n4msmc4aewj7wyi6b5g644vjrqyqgot/bin/cmake -E cmake_symlink_library libgridkit_solvers_steady.so.0.1.0 libgridkit_solvers_steady.so.0 libgridkit_solvers_steady.so
cd /home/isatkaus/gridkit/build/GridKit/Model/PhasorDynamics/Governor/Tgov1 && /nopt/nrel/apps/cpu_stack/software/gridkit/llvm/16.0.6/bin/clang++ -Dphasor_dynamics_governor_tgov1_dependency_tracking_EXPORTS -I/home/isatkaus/gridkit -I/home/isatkaus/gridkit/build --gcc-toolchain=/nopt/nrel/apps/cpu_stack/compilers/06-24/linux-rhel8-sapphirerapids/gcc-12.3.0/gcc-13.1.0-bmut2ysomhthj6y7oyc73c3cmxye57am -Wall -Wextra -Wconversion -Wpedantic -O2 -g -DNDEBUG -std=gnu++20 -fPIC -MD -MT GridKit/Model/PhasorDynamics/Governor/Tgov1/CMakeFiles/phasor_dynamics_governor_tgov1_dependency_tracking.dir/Tgov1DependencyTracking.cpp.o -MF CMakeFiles/phasor_dynamics_governor_tgov1_dependency_tracking.dir/Tgov1DependencyTracking.cpp.o.d -o CMakeFiles/phasor_dynamics_governor_tgov1_dependency_tracking.dir/Tgov1DependencyTracking.cpp.o -c /home/isatkaus/gridkit/GridKit/Model/PhasorDynamics/Governor/Tgov1/Tgov1DependencyTracking.cpp
cd /home/isatkaus/gridkit/build/GridKit/Model/PhasorDynamics/SynchronousMachine/GENSAL && /nopt/nrel/apps/cpu_stack/software/gridkit/llvm/16.0.6/bin/clang++ -Dphasor_dynamics_gensal_dependency_tracking_EXPORTS -I/home/isatkaus/gridkit -I/home/isatkaus/gridkit/third-party/magic-enum/include -I/home/isatkaus/gridkit/build --gcc-toolchain=/nopt/nrel/apps/cpu_stack/compilers/06-24/linux-rhel8-sapphirerapids/gcc-12.3.0/gcc-13.1.0-bmut2ysomhthj6y7oyc73c3cmxye57am -Wall -Wextra -Wconversion -Wpedantic -O2 -g -DNDEBUG -std=gnu++20 -fPIC -MD -MT GridKit/Model/PhasorDynamics/SynchronousMachine/GENSAL/CMakeFiles/phasor_dynamics_gensal_dependency_tracking.dir/GensalDependencyTracking.cpp.o -MF CMakeFiles/phasor_dynamics_gensal_dependency_tracking.dir/GensalDependencyTracking.cpp.o.d -o CMakeFiles/phasor_dynamics_gensal_dependency_tracking.dir/GensalDependencyTracking.cpp.o -c /home/isatkaus/gridkit/GridKit/Model/PhasorDynamics/SynchronousMachine/GENSAL/GensalDependencyTracking.cpp
cd /home/isatkaus/gridkit/build/GridKit/Model/PhasorDynamics/Stabilizer/IEEEST && /nopt/nrel/apps/cpu_stack/software/gridkit/llvm/16.0.6/bin/clang++ -Dphasor_dynamics_stabilizer_ieeest_dependency_tracking_EXPORTS -I/home/isatkaus/gridkit -I/home/isatkaus/gridkit/third-party/magic-enum/include -I/home/isatkaus/gridkit/build --gcc-toolchain=/nopt/nrel/apps/cpu_stack/compilers/06-24/linux-rhel8-sapphirerapids/gcc-12.3.0/gcc-13.1.0-bmut2ysomhthj6y7oyc73c3cmxye57am -Wall -Wextra -Wconversion -Wpedantic -O2 -g -DNDEBUG -std=gnu++20 -fPIC -MD -MT GridKit/Model/PhasorDynamics/Stabilizer/IEEEST/CMakeFiles/phasor_dynamics_stabilizer_ieeest_dependency_tracking.dir/IeeestDependencyTracking.cpp.o -MF CMakeFiles/phasor_dynamics_stabilizer_ieeest_dependency_tracking.dir/IeeestDependencyTracking.cpp.o.d -o CMakeFiles/phasor_dynamics_stabilizer_ieeest_dependency_tracking.dir/IeeestDependencyTracking.cpp.o -c /home/isatkaus/gridkit/GridKit/Model/PhasorDynamics/Stabilizer/IEEEST/IeeestDependencyTracking.cpp
cd /home/isatkaus/gridkit/build/GridKit/Model/PhasorDynamics/BusToSignalAdapter && /nopt/nrel/apps/cpu_stack/software/gridkit/llvm/16.0.6/bin/clang++ -Dphasor_dynamics_bustosignaladapter_dependency_tracking_EXPORTS -I/home/isatkaus/gridkit -I/home/isatkaus/gridkit/build --gcc-toolchain=/nopt/nrel/apps/cpu_stack/compilers/06-24/linux-rhel8-sapphirerapids/gcc-12.3.0/gcc-13.1.0-bmut2ysomhthj6y7oyc73c3cmxye57am -Wall -Wextra -Wconversion -Wpedantic -O2 -g -DNDEBUG -std=gnu++20 -fPIC -MD -MT GridKit/Model/PhasorDynamics/BusToSignalAdapter/CMakeFiles/phasor_dynamics_bustosignaladapter_dependency_tracking.dir/BusToSignalAdapterDependencyTracking.cpp.o -MF CMakeFiles/phasor_dynamics_bustosignaladapter_dependency_tracking.dir/BusToSignalAdapterDependencyTracking.cpp.o.d -o CMakeFiles/phasor_dynamics_bustosignaladapter_dependency_tracking.dir/BusToSignalAdapterDependencyTracking.cpp.o -c /home/isatkaus/gridkit/GridKit/Model/PhasorDynamics/BusToSignalAdapter/BusToSignalAdapterDependencyTracking.cpp
cd /home/isatkaus/gridkit/build/GridKit/Model/PhasorDynamics/Load/LoadZ && /nopt/nrel/apps/cpu_stack/software/gridkit/llvm/16.0.6/bin/clang++ -Dphasor_dynamics_loadz_dependency_tracking_EXPORTS -I/home/isatkaus/gridkit -I/home/isatkaus/gridkit/third-party/magic-enum/include -I/home/isatkaus/gridkit/build --gcc-toolchain=/nopt/nrel/apps/cpu_stack/compilers/06-24/linux-rhel8-sapphirerapids/gcc-12.3.0/gcc-13.1.0-bmut2ysomhthj6y7oyc73c3cmxye57am -Wall -Wextra -Wconversion -Wpedantic -O2 -g -DNDEBUG -std=gnu++20 -fPIC -MD -MT GridKit/Model/PhasorDynamics/Load/LoadZ/CMakeFiles/phasor_dynamics_loadz_dependency_tracking.dir/LoadZDependencyTracking.cpp.o -MF CMakeFiles/phasor_dynamics_loadz_dependency_tracking.dir/LoadZDependencyTracking.cpp.o.d -o CMakeFiles/phasor_dynamics_loadz_dependency_tracking.dir/LoadZDependencyTracking.cpp.o -c /home/isatkaus/gridkit/GridKit/Model/PhasorDynamics/Load/LoadZ/LoadZDependencyTracking.cpp
cd /home/isatkaus/gridkit/build/GridKit/Model/PhasorDynamics/SignalSource && /nopt/nrel/apps/cpu_stack/software/gridkit/llvm/16.0.6/bin/clang++ -Dphasor_dynamics_signalsource_dependency_tracking_EXPORTS -I/home/isatkaus/gridkit -I/home/isatkaus/gridkit/build --gcc-toolchain=/nopt/nrel/apps/cpu_stack/compilers/06-24/linux-rhel8-sapphirerapids/gcc-12.3.0/gcc-13.1.0-bmut2ysomhthj6y7oyc73c3cmxye57am -Wall -Wextra -Wconversion -Wpedantic -O2 -g -DNDEBUG -std=gnu++20 -fPIC -MD -MT GridKit/Model/PhasorDynamics/SignalSource/CMakeFiles/phasor_dynamics_signalsource_dependency_tracking.dir/ConstantSignalSourceDependencyTracking.cpp.o -MF CMakeFiles/phasor_dynamics_signalsource_dependency_tracking.dir/ConstantSignalSourceDependencyTracking.cpp.o.d -o CMakeFiles/phasor_dynamics_signalsource_dependency_tracking.dir/ConstantSignalSourceDependencyTracking.cpp.o -c /home/isatkaus/gridkit/GridKit/Model/PhasorDynamics/SignalSource/ConstantSignalSourceDependencyTracking.cpp
cd /home/isatkaus/gridkit/build/GridKit/Model/PhasorDynamics/SynchronousMachine/GenClassical && /nopt/nrel/apps/cpu_stack/software/gridkit/llvm/16.0.6/bin/clang++ -Dphasor_dynamics_gen_classical_dependency_tracking_EXPORTS -I/home/isatkaus/gridkit -I/home/isatkaus/gridkit/third-party/magic-enum/include -I/home/isatkaus/gridkit/build --gcc-toolchain=/nopt/nrel/apps/cpu_stack/compilers/06-24/linux-rhel8-sapphirerapids/gcc-12.3.0/gcc-13.1.0-bmut2ysomhthj6y7oyc73c3cmxye57am -Wall -Wextra -Wconversion -Wpedantic -O2 -g -DNDEBUG -std=gnu++20 -fPIC -MD -MT GridKit/Model/PhasorDynamics/SynchronousMachine/GenClassical/CMakeFiles/phasor_dynamics_gen_classical_dependency_tracking.dir/GenClassicalDependencyTracking.cpp.o -MF CMakeFiles/phasor_dynamics_gen_classical_dependency_tracking.dir/GenClassicalDependencyTracking.cpp.o.d -o CMakeFiles/phasor_dynamics_gen_classical_dependency_tracking.dir/GenClassicalDependencyTracking.cpp.o -c /home/isatkaus/gridkit/GridKit/Model/PhasorDynamics/SynchronousMachine/GenClassical/GenClassicalDependencyTracking.cpp
cd /home/isatkaus/gridkit/build/GridKit/Model/PhasorDynamics/Bus && /nopt/nrel/apps/cpu_stack/software/gridkit/llvm/16.0.6/bin/clang++ -Dphasor_dynamics_bus_dependency_tracking_EXPORTS -I/home/isatkaus/gridkit -I/home/isatkaus/gridkit/third-party/magic-enum/include -I/home/isatkaus/gridkit/build --gcc-toolchain=/nopt/nrel/apps/cpu_stack/compilers/06-24/linux-rhel8-sapphirerapids/gcc-12.3.0/gcc-13.1.0-bmut2ysomhthj6y7oyc73c3cmxye57am -Wall -Wextra -Wconversion -Wpedantic -O2 -g -DNDEBUG -std=gnu++20 -fPIC -MD -MT GridKit/Model/PhasorDynamics/Bus/CMakeFiles/phasor_dynamics_bus_dependency_tracking.dir/BusInfiniteDependencyTracking.cpp.o -MF CMakeFiles/phasor_dynamics_bus_dependency_tracking.dir/BusInfiniteDependencyTracking.cpp.o.d -o CMakeFiles/phasor_dynamics_bus_dependency_tracking.dir/BusInfiniteDependencyTracking.cpp.o -c /home/isatkaus/gridkit/GridKit/Model/PhasorDynamics/Bus/BusInfiniteDependencyTracking.cpp
cd /home/isatkaus/gridkit/build/GridKit/Model/PhasorDynamics/Exciter/IEEET1 && /nopt/nrel/apps/cpu_stack/software/gridkit/llvm/16.0.6/bin/clang++ -Dphasor_dynamics_exciter_ieeet1_dependency_tracking_EXPORTS -I/home/isatkaus/gridkit -I/home/isatkaus/gridkit/third-party/magic-enum/include -I/home/isatkaus/gridkit/build --gcc-toolchain=/nopt/nrel/apps/cpu_stack/compilers/06-24/linux-rhel8-sapphirerapids/gcc-12.3.0/gcc-13.1.0-bmut2ysomhthj6y7oyc73c3cmxye57am -Wall -Wextra -Wconversion -Wpedantic -O2 -g -DNDEBUG -std=gnu++20 -fPIC -MD -MT GridKit/Model/PhasorDynamics/Exciter/IEEET1/CMakeFiles/phasor_dynamics_exciter_ieeet1_dependency_tracking.dir/Ieeet1DependencyTracking.cpp.o -MF CMakeFiles/phasor_dynamics_exciter_ieeet1_dependency_tracking.dir/Ieeet1DependencyTracking.cpp.o.d -o CMakeFiles/phasor_dynamics_exciter_ieeet1_dependency_tracking.dir/Ieeet1DependencyTracking.cpp.o -c /home/isatkaus/gridkit/GridKit/Model/PhasorDynamics/Exciter/IEEET1/Ieeet1DependencyTracking.cpp
cd /home/isatkaus/gridkit/build/GridKit/Model/PowerElectronics/MicrogridLoad && /nopt/nrel/apps/cpu_stack/utilities/06-24/linux-rhel8-sapphirerapids/gcc-12.3.0/cmake-3.29.2-6n4msmc4aewj7wyi6b5g644vjrqyqgot/bin/cmake -E cmake_link_script CMakeFiles/power_elec_microload.dir/link.txt --verbose=1
cd /home/isatkaus/gridkit/build/GridKit/Model/PowerFlow/Bus && /nopt/nrel/apps/cpu_stack/utilities/06-24/linux-rhel8-sapphirerapids/gcc-12.3.0/cmake-3.29.2-6n4msmc4aewj7wyi6b5g644vjrqyqgot/bin/cmake -E cmake_symlink_library libgridkit_bus.so.0.1.0 libgridkit_bus.so.0 libgridkit_bus.so
cd /home/isatkaus/gridkit/build/GridKit/Model/PowerElectronics/MicrogridLine && /nopt/nrel/apps/cpu_stack/utilities/06-24/linux-rhel8-sapphirerapids/gcc-12.3.0/cmake-3.29.2-6n4msmc4aewj7wyi6b5g644vjrqyqgot/bin/cmake -E cmake_link_script CMakeFiles/power_elec_microline.dir/link.txt --verbose=1
cd /home/isatkaus/gridkit/build/GridKit/Model/PowerFlow/Load && /nopt/nrel/apps/cpu_stack/utilities/06-24/linux-rhel8-sapphirerapids/gcc-12.3.0/cmake-3.29.2-6n4msmc4aewj7wyi6b5g644vjrqyqgot/bin/cmake -E cmake_symlink_library libgridkit_load.so.0.1.0 libgridkit_load.so.0 libgridkit_load.so
cd /home/isatkaus/gridkit/build/GridKit/Model/PowerFlow/Generator2 && /nopt/nrel/apps/cpu_stack/utilities/06-24/linux-rhel8-sapphirerapids/gcc-12.3.0/cmake-3.29.2-6n4msmc4aewj7wyi6b5g644vjrqyqgot/bin/cmake -E cmake_symlink_library libgridkit_generator2.so.0.1.0 libgridkit_generator2.so.0 libgridkit_generator2.so
cd /home/isatkaus/gridkit/build/GridKit/Model/PowerElectronics/TransmissionLine && /nopt/nrel/apps/cpu_stack/utilities/06-24/linux-rhel8-sapphirerapids/gcc-12.3.0/cmake-3.29.2-6n4msmc4aewj7wyi6b5g644vjrqyqgot/bin/cmake -E cmake_link_script CMakeFiles/power_elec_tranline.dir/link.txt --verbose=1
cd /home/isatkaus/gridkit/build/GridKit/Model/PowerElectronics/InductionMotor && /nopt/nrel/apps/cpu_stack/utilities/06-24/linux-rhel8-sapphirerapids/gcc-12.3.0/cmake-3.29.2-6n4msmc4aewj7wyi6b5g644vjrqyqgot/bin/cmake -E cmake_link_script CMakeFiles/power_elec_inductionmotor.dir/link.txt --verbose=1
cd /home/isatkaus/gridkit/build/GridKit/Model/PowerFlow/Generator4 && /nopt/nrel/apps/cpu_stack/utilities/06-24/linux-rhel8-sapphirerapids/gcc-12.3.0/cmake-3.29.2-6n4msmc4aewj7wyi6b5g644vjrqyqgot/bin/cmake -E cmake_symlink_library libgridkit_generator4.so.0.1.0 libgridkit_generator4.so.0 libgridkit_generator4.so
/nopt/nrel/apps/cpu_stack/software/gridkit/llvm/16.0.6/bin/clang++ -fPIC --gcc-toolchain=/nopt/nrel/apps/cpu_stack/compilers/06-24/linux-rhel8-sapphirerapids/gcc-12.3.0/gcc-13.1.0-bmut2ysomhthj6y7oyc73c3cmxye57am -Wall -Wextra -Wconversion -Wpedantic -O2 -g -DNDEBUG -Wl,-rpath,/nopt/nrel/apps/cpu_stack/compilers/06-24/linux-rhel8-sapphirerapids/gcc-12.3.0/gcc-13.1.0-bmut2ysomhthj6y7oyc73c3cmxye57am/lib/gcc/x86_64-pc-linux-gnu/13.1.0/../../../../lib64 -Wl,-rpath,/nopt/nrel/apps/cpu_stack/libraries-gcc/06-24/linux-rhel8-sapphirerapids/gcc-12.3.0/netlib-lapack-3.11.0-abk4uhd5cyrfnhh67bcdhyt6fulibezx/lib64 -shared -Wl,-soname,libgridkit_power_elec_microload.so.0 -o libgridkit_power_elec_microload.so.0.1.0 CMakeFiles/power_elec_microload.dir/MicrogridLoad.cpp.o  -Wl,-rpath,::::::::::::::
make[2]: Leaving directory '/home/isatkaus/gridkit/build'
/nopt/nrel/apps/cpu_stack/software/gridkit/llvm/16.0.6/bin/clang++ -fPIC --gcc-toolchain=/nopt/nrel/apps/cpu_stack/compilers/06-24/linux-rhel8-sapphirerapids/gcc-12.3.0/gcc-13.1.0-bmut2ysomhthj6y7oyc73c3cmxye57am -Wall -Wextra -Wconversion -Wpedantic -O2 -g -DNDEBUG -Wl,-rpath,/nopt/nrel/apps/cpu_stack/compilers/06-24/linux-rhel8-sapphirerapids/gcc-12.3.0/gcc-13.1.0-bmut2ysomhthj6y7oyc73c3cmxye57am/lib/gcc/x86_64-pc-linux-gnu/13.1.0/../../../../lib64 -Wl,-rpath,/nopt/nrel/apps/cpu_stack/libraries-gcc/06-24/linux-rhel8-sapphirerapids/gcc-12.3.0/netlib-lapack-3.11.0-abk4uhd5cyrfnhh67bcdhyt6fulibezx/lib64 -shared -Wl,-soname,libgridkit_power_elec_microline.so.0 -o libgridkit_power_elec_microline.so.0.1.0 CMakeFiles/power_elec_microline.dir/MicrogridLine.cpp.o  -Wl,-rpath,::::::::::::::
/nopt/nrel/apps/cpu_stack/software/gridkit/llvm/16.0.6/bin/clang++ -fPIC --gcc-toolchain=/nopt/nrel/apps/cpu_stack/compilers/06-24/linux-rhel8-sapphirerapids/gcc-12.3.0/gcc-13.1.0-bmut2ysomhthj6y7oyc73c3cmxye57am -Wall -Wextra -Wconversion -Wpedantic -O2 -g -DNDEBUG -Wl,-rpath,/nopt/nrel/apps/cpu_stack/compilers/06-24/linux-rhel8-sapphirerapids/gcc-12.3.0/gcc-13.1.0-bmut2ysomhthj6y7oyc73c3cmxye57am/lib/gcc/x86_64-pc-linux-gnu/13.1.0/../../../../lib64 -Wl,-rpath,/nopt/nrel/apps/cpu_stack/libraries-gcc/06-24/linux-rhel8-sapphirerapids/gcc-12.3.0/netlib-lapack-3.11.0-abk4uhd5cyrfnhh67bcdhyt6fulibezx/lib64 -shared -Wl,-soname,libgridkit_power_elec_tranline.so.0 -o libgridkit_power_elec_tranline.so.0.1.0 CMakeFiles/power_elec_tranline.dir/TransmissionLine.cpp.o  -Wl,-rpath,::::::::::::::
/nopt/nrel/apps/cpu_stack/software/gridkit/llvm/16.0.6/bin/clang++ -fPIC --gcc-toolchain=/nopt/nrel/apps/cpu_stack/compilers/06-24/linux-rhel8-sapphirerapids/gcc-12.3.0/gcc-13.1.0-bmut2ysomhthj6y7oyc73c3cmxye57am -Wall -Wextra -Wconversion -Wpedantic -O2 -g -DNDEBUG -Wl,-rpath,/nopt/nrel/apps/cpu_stack/compilers/06-24/linux-rhel8-sapphirerapids/gcc-12.3.0/gcc-13.1.0-bmut2ysomhthj6y7oyc73c3cmxye57am/lib/gcc/x86_64-pc-linux-gnu/13.1.0/../../../../lib64 -Wl,-rpath,/nopt/nrel/apps/cpu_stack/libraries-gcc/06-24/linux-rhel8-sapphirerapids/gcc-12.3.0/netlib-lapack-3.11.0-abk4uhd5cyrfnhh67bcdhyt6fulibezx/lib64 -shared -Wl,-soname,libgridkit_power_elec_inductionmotor.so.0 -o libgridkit_power_elec_inductionmotor.so.0.1.0 CMakeFiles/power_elec_inductionmotor.dir/InductionMotor.cpp.o  -Wl,-rpath,::::::::::::::
[ 37%] Built target branch
make[2]: Leaving directory '/home/isatkaus/gridkit/build'
make[2]: Leaving directory '/home/isatkaus/gridkit/build'
[ 37%] Built target generator
[ 37%] Built target minigrid
make[2]: Leaving directory '/home/isatkaus/gridkit/build'
cd /home/isatkaus/gridkit/build/GridKit/Model/PowerFlow/Generator4Param && /nopt/nrel/apps/cpu_stack/utilities/06-24/linux-rhel8-sapphirerapids/gcc-12.3.0/cmake-3.29.2-6n4msmc4aewj7wyi6b5g644vjrqyqgot/bin/cmake -E cmake_symlink_library libgridkit_generator4param.so.0.1.0 libgridkit_generator4param.so.0 libgridkit_generator4param.so
[ 37%] Built target solvers_steady
make[2]: Leaving directory '/home/isatkaus/gridkit/build'
make[2]: Leaving directory '/home/isatkaus/gridkit/build'
make[2]: Leaving directory '/home/isatkaus/gridkit/build'
make[2]: Leaving directory '/home/isatkaus/gridkit/build'
[ 37%] Built target load
[ 37%] Built target generator2
[ 37%] Built target generator4
[ 37%] Built target bus
make  -f examples/PowerFlow/Grid3Bus/CMakeFiles/grid3bus.dir/build.make examples/PowerFlow/Grid3Bus/CMakeFiles/grid3bus.dir/depend
make[2]: Entering directory '/home/isatkaus/gridkit/build'
cd /home/isatkaus/gridkit/build && /nopt/nrel/apps/cpu_stack/utilities/06-24/linux-rhel8-sapphirerapids/gcc-12.3.0/cmake-3.29.2-6n4msmc4aewj7wyi6b5g644vjrqyqgot/bin/cmake -E cmake_depends "Unix Makefiles" /home/isatkaus/gridkit /home/isatkaus/gridkit/examples/PowerFlow/Grid3Bus /home/isatkaus/gridkit/build /home/isatkaus/gridkit/build/examples/PowerFlow/Grid3Bus /home/isatkaus/gridkit/build/examples/PowerFlow/Grid3Bus/CMakeFiles/grid3bus.dir/DependInfo.cmake "--color="
make[2]: Leaving directory '/home/isatkaus/gridkit/build'
[ 37%] Built target generator4param
make[2]: Leaving directory '/home/isatkaus/gridkit/build'
make  -f examples/PowerFlow/Grid3Bus/CMakeFiles/grid3bus.dir/build.make examples/PowerFlow/Grid3Bus/CMakeFiles/grid3bus.dir/build
make[2]: Entering directory '/home/isatkaus/gridkit/build'
[ 37%] Building CXX object examples/PowerFlow/Grid3Bus/CMakeFiles/grid3bus.dir/Grid3BusSys.cpp.o
cd /home/isatkaus/gridkit/build/GridKit/Model/PowerFlow/Generator4Governor && /nopt/nrel/apps/cpu_stack/utilities/06-24/linux-rhel8-sapphirerapids/gcc-12.3.0/cmake-3.29.2-6n4msmc4aewj7wyi6b5g644vjrqyqgot/bin/cmake -E cmake_symlink_library libgridkit_generator4governor.so.0.1.0 libgridkit_generator4governor.so.0 libgridkit_generator4governor.so
cd /home/isatkaus/gridkit/build/examples/PowerFlow/Grid3Bus && /nopt/nrel/apps/cpu_stack/software/gridkit/llvm/16.0.6/bin/clang++  -I/home/isatkaus/gridkit -isystem /nopt/nrel/apps/cpu_stack/software/gridkit/sundials/develop/include --gcc-toolchain=/nopt/nrel/apps/cpu_stack/compilers/06-24/linux-rhel8-sapphirerapids/gcc-12.3.0/gcc-13.1.0-bmut2ysomhthj6y7oyc73c3cmxye57am -Wall -Wextra -Wconversion -Wpedantic -O2 -g -DNDEBUG -std=gnu++20 -fPIE -MD -MT examples/PowerFlow/Grid3Bus/CMakeFiles/grid3bus.dir/Grid3BusSys.cpp.o -MF CMakeFiles/grid3bus.dir/Grid3BusSys.cpp.o.d -o CMakeFiles/grid3bus.dir/Grid3BusSys.cpp.o -c /home/isatkaus/gridkit/examples/PowerFlow/Grid3Bus/Grid3BusSys.cpp
make[2]: Leaving directory '/home/isatkaus/gridkit/build'
[ 37%] Built target generator4governor
[ 37%] Linking CXX shared library libgridkit_power_elec_synmachine.so
cd /home/isatkaus/gridkit/build/GridKit/Model/PowerElectronics/SynchronousMachine && /nopt/nrel/apps/cpu_stack/utilities/06-24/linux-rhel8-sapphirerapids/gcc-12.3.0/cmake-3.29.2-6n4msmc4aewj7wyi6b5g644vjrqyqgot/bin/cmake -E cmake_link_script CMakeFiles/power_elec_synmachine.dir/link.txt --verbose=1
/nopt/nrel/apps/cpu_stack/software/gridkit/llvm/16.0.6/bin/clang++ -fPIC --gcc-toolchain=/nopt/nrel/apps/cpu_stack/compilers/06-24/linux-rhel8-sapphirerapids/gcc-12.3.0/gcc-13.1.0-bmut2ysomhthj6y7oyc73c3cmxye57am -Wall -Wextra -Wconversion -Wpedantic -O2 -g -DNDEBUG -Wl,-rpath,/nopt/nrel/apps/cpu_stack/compilers/06-24/linux-rhel8-sapphirerapids/gcc-12.3.0/gcc-13.1.0-bmut2ysomhthj6y7oyc73c3cmxye57am/lib/gcc/x86_64-pc-linux-gnu/13.1.0/../../../../lib64 -Wl,-rpath,/nopt/nrel/apps/cpu_stack/libraries-gcc/06-24/linux-rhel8-sapphirerapids/gcc-12.3.0/netlib-lapack-3.11.0-abk4uhd5cyrfnhh67bcdhyt6fulibezx/lib64 -shared -Wl,-soname,libgridkit_power_elec_synmachine.so.0 -o libgridkit_power_elec_synmachine.so.0.1.0 CMakeFiles/power_elec_synmachine.dir/SynchronousMachine.cpp.o  -Wl,-rpath,::::::::::::::
[ 38%] Linking CXX shared library libgridkit_utilities_cli_args.so
cd /home/isatkaus/gridkit/build/GridKit/Utilities/CliArgs && /nopt/nrel/apps/cpu_stack/utilities/06-24/linux-rhel8-sapphirerapids/gcc-12.3.0/cmake-3.29.2-6n4msmc4aewj7wyi6b5g644vjrqyqgot/bin/cmake -E cmake_link_script CMakeFiles/utilities_cli_args.dir/link.txt --verbose=1
/nopt/nrel/apps/cpu_stack/software/gridkit/llvm/16.0.6/bin/clang++ -fPIC --gcc-toolchain=/nopt/nrel/apps/cpu_stack/compilers/06-24/linux-rhel8-sapphirerapids/gcc-12.3.0/gcc-13.1.0-bmut2ysomhthj6y7oyc73c3cmxye57am -Wall -Wextra -Wconversion -Wpedantic -O2 -g -DNDEBUG -Wl,-rpath,/nopt/nrel/apps/cpu_stack/compilers/06-24/linux-rhel8-sapphirerapids/gcc-12.3.0/gcc-13.1.0-bmut2ysomhthj6y7oyc73c3cmxye57am/lib/gcc/x86_64-pc-linux-gnu/13.1.0/../../../../lib64 -Wl,-rpath,/nopt/nrel/apps/cpu_stack/libraries-gcc/06-24/linux-rhel8-sapphirerapids/gcc-12.3.0/netlib-lapack-3.11.0-abk4uhd5cyrfnhh67bcdhyt6fulibezx/lib64 -shared -Wl,-soname,libgridkit_utilities_cli_args.so.0 -o libgridkit_utilities_cli_args.so.0.1.0 CMakeFiles/utilities_cli_args.dir/CliArgs.cpp.o  -Wl,-rpath,/home/isatkaus/gridkit/build/GridKit/Utilities/Logger: ../Logger/libgridkit_utilities_logger.so.0.1.0
cd /home/isatkaus/gridkit/build/GridKit/Model/PowerElectronics/Capacitor && /nopt/nrel/apps/cpu_stack/utilities/06-24/linux-rhel8-sapphirerapids/gcc-12.3.0/cmake-3.29.2-6n4msmc4aewj7wyi6b5g644vjrqyqgot/bin/cmake -E cmake_symlink_library libgridkit_power_elec_capacitor.so.0.1.0 libgridkit_power_elec_capacitor.so.0 libgridkit_power_elec_capacitor.so
cd /home/isatkaus/gridkit/build/GridKit/Model/PowerElectronics/LinearTransformer && /nopt/nrel/apps/cpu_stack/utilities/06-24/linux-rhel8-sapphirerapids/gcc-12.3.0/cmake-3.29.2-6n4msmc4aewj7wyi6b5g644vjrqyqgot/bin/cmake -E cmake_symlink_library libgridkit_power_elec_lineartrasnformer.so.0.1.0 libgridkit_power_elec_lineartrasnformer.so.0 libgridkit_power_elec_lineartrasnformer.so
cd /home/isatkaus/gridkit/build/GridKit/Model/PowerElectronics/VoltageSource && /nopt/nrel/apps/cpu_stack/utilities/06-24/linux-rhel8-sapphirerapids/gcc-12.3.0/cmake-3.29.2-6n4msmc4aewj7wyi6b5g644vjrqyqgot/bin/cmake -E cmake_symlink_library libgridkit_power_elec_voltagesource.so.0.1.0 libgridkit_power_elec_voltagesource.so.0 libgridkit_power_elec_voltagesource.so
cd /home/isatkaus/gridkit/build/GridKit/LinearAlgebra/Vector && /nopt/nrel/apps/cpu_stack/utilities/06-24/linux-rhel8-sapphirerapids/gcc-12.3.0/cmake-3.29.2-6n4msmc4aewj7wyi6b5g644vjrqyqgot/bin/cmake -E cmake_symlink_library libgridkit_dense_vector.so.0.1.0 libgridkit_dense_vector.so.0 libgridkit_dense_vector.so
cd /home/isatkaus/gridkit/build/GridKit/Model/PowerElectronics/Resistor && /nopt/nrel/apps/cpu_stack/utilities/06-24/linux-rhel8-sapphirerapids/gcc-12.3.0/cmake-3.29.2-6n4msmc4aewj7wyi6b5g644vjrqyqgot/bin/cmake -E cmake_symlink_library libgridkit_power_elec_resistor.so.0.1.0 libgridkit_power_elec_resistor.so.0 libgridkit_power_elec_resistor.so
cd /home/isatkaus/gridkit/build/GridKit/Model/PowerElectronics/Inductor && /nopt/nrel/apps/cpu_stack/utilities/06-24/linux-rhel8-sapphirerapids/gcc-12.3.0/cmake-3.29.2-6n4msmc4aewj7wyi6b5g644vjrqyqgot/bin/cmake -E cmake_symlink_library libgridkit_power_elec_inductor.so.0.1.0 libgridkit_power_elec_inductor.so.0 libgridkit_power_elec_inductor.so
cd /home/isatkaus/gridkit/build/GridKit/Model/PowerElectronics/MicrogridBusDQ && /nopt/nrel/apps/cpu_stack/utilities/06-24/linux-rhel8-sapphirerapids/gcc-12.3.0/cmake-3.29.2-6n4msmc4aewj7wyi6b5g644vjrqyqgot/bin/cmake -E cmake_symlink_library libgridkit_power_elec_microbusdq.so.0.1.0 libgridkit_power_elec_microbusdq.so.0 libgridkit_power_elec_microbusdq.so
make[2]: Leaving directory '/home/isatkaus/gridkit/build'
make[2]: Leaving directory '/home/isatkaus/gridkit/build'
[ 38%] Built target power_elec_capacitor
make[2]: Leaving directory '/home/isatkaus/gridkit/build'
cd /home/isatkaus/gridkit/build/GridKit/Model/PowerElectronics/TransmissionLine && /nopt/nrel/apps/cpu_stack/utilities/06-24/linux-rhel8-sapphirerapids/gcc-12.3.0/cmake-3.29.2-6n4msmc4aewj7wyi6b5g644vjrqyqgot/bin/cmake -E cmake_symlink_library libgridkit_power_elec_tranline.so.0.1.0 libgridkit_power_elec_tranline.so.0 libgridkit_power_elec_tranline.so
make[2]: Leaving directory '/home/isatkaus/gridkit/build'
cd /home/isatkaus/gridkit/build/GridKit/Model/PowerElectronics/MicrogridLoad && /nopt/nrel/apps/cpu_stack/utilities/06-24/linux-rhel8-sapphirerapids/gcc-12.3.0/cmake-3.29.2-6n4msmc4aewj7wyi6b5g644vjrqyqgot/bin/cmake -E cmake_symlink_library libgridkit_power_elec_microload.so.0.1.0 libgridkit_power_elec_microload.so.0 libgridkit_power_elec_microload.so
cd /home/isatkaus/gridkit/build/GridKit/Model/PowerElectronics/InductionMotor && /nopt/nrel/apps/cpu_stack/utilities/06-24/linux-rhel8-sapphirerapids/gcc-12.3.0/cmake-3.29.2-6n4msmc4aewj7wyi6b5g644vjrqyqgot/bin/cmake -E cmake_symlink_library libgridkit_power_elec_inductionmotor.so.0.1.0 libgridkit_power_elec_inductionmotor.so.0 libgridkit_power_elec_inductionmotor.so
cd /home/isatkaus/gridkit/build/GridKit/Model/PowerElectronics/MicrogridLine && /nopt/nrel/apps/cpu_stack/utilities/06-24/linux-rhel8-sapphirerapids/gcc-12.3.0/cmake-3.29.2-6n4msmc4aewj7wyi6b5g644vjrqyqgot/bin/cmake -E cmake_symlink_library libgridkit_power_elec_microline.so.0.1.0 libgridkit_power_elec_microline.so.0 libgridkit_power_elec_microline.so
make[2]: Leaving directory '/home/isatkaus/gridkit/build'
[ 38%] Built target power_elec_voltagesource
make[2]: Leaving directory '/home/isatkaus/gridkit/build'
make[2]: Leaving directory '/home/isatkaus/gridkit/build'
[ 38%] Built target dense_vector
[ 38%] Built target power_elec_resistor
[ 38%] Built target power_elec_lineartrasnformer
[ 38%] Built target power_elec_inductor
[ 38%] Built target power_elec_microbusdq
cd /home/isatkaus/gridkit/build/GridKit/Model/PowerElectronics/SynchronousMachine && /nopt/nrel/apps/cpu_stack/utilities/06-24/linux-rhel8-sapphirerapids/gcc-12.3.0/cmake-3.29.2-6n4msmc4aewj7wyi6b5g644vjrqyqgot/bin/cmake -E cmake_symlink_library libgridkit_power_elec_synmachine.so.0.1.0 libgridkit_power_elec_synmachine.so.0 libgridkit_power_elec_synmachine.so
make[2]: Leaving directory '/home/isatkaus/gridkit/build'
make[2]: Leaving directory '/home/isatkaus/gridkit/build'
make[2]: Leaving directory '/home/isatkaus/gridkit/build'
make[2]: Leaving directory '/home/isatkaus/gridkit/build'
cd /home/isatkaus/gridkit/build/GridKit/Utilities/CliArgs && /nopt/nrel/apps/cpu_stack/utilities/06-24/linux-rhel8-sapphirerapids/gcc-12.3.0/cmake-3.29.2-6n4msmc4aewj7wyi6b5g644vjrqyqgot/bin/cmake -E cmake_symlink_library libgridkit_utilities_cli_args.so.0.1.0 libgridkit_utilities_cli_args.so.0 libgridkit_utilities_cli_args.so
[ 38%] Built target power_elec_inductionmotor
[ 38%] Built target power_elec_tranline
[ 38%] Built target power_elec_microline
[ 38%] Built target power_elec_microload
make[2]: Leaving directory '/home/isatkaus/gridkit/build'
[ 38%] Built target power_elec_synmachine
make[2]: Leaving directory '/home/isatkaus/gridkit/build'
[ 38%] Built target utilities_cli_args
make  -f GridKit/Testing/CMakeFiles/testing.dir/build.make GridKit/Testing/CMakeFiles/testing.dir/depend
make  -f examples/PowerFlow/MatPowerTesting/CMakeFiles/test_parse_gen_row.dir/build.make examples/PowerFlow/MatPowerTesting/CMakeFiles/test_parse_gen_row.dir/depend
make  -f examples/PowerFlow/MatPowerTesting/CMakeFiles/test_parse_bus_row.dir/build.make examples/PowerFlow/MatPowerTesting/CMakeFiles/test_parse_bus_row.dir/depend
make  -f examples/PowerFlow/MatPowerTesting/CMakeFiles/test_parse_branch_row.dir/build.make examples/PowerFlow/MatPowerTesting/CMakeFiles/test_parse_branch_row.dir/depend
make  -f examples/PowerFlow/MatPowerTesting/CMakeFiles/test_parse_gencost_row.dir/build.make examples/PowerFlow/MatPowerTesting/CMakeFiles/test_parse_gencost_row.dir/depend
make  -f examples/PowerFlow/MatPowerTesting/CMakeFiles/test_parse_matpower.dir/build.make examples/PowerFlow/MatPowerTesting/CMakeFiles/test_parse_matpower.dir/depend
make  -f examples/Enzyme/Standalone/CMakeFiles/EnzymeStandaloneScalarCheck.dir/build.make examples/Enzyme/Standalone/CMakeFiles/EnzymeStandaloneScalarCheck.dir/depend
make  -f examples/Enzyme/Standalone/CMakeFiles/EnzymeStandaloneVectorCheck.dir/build.make examples/Enzyme/Standalone/CMakeFiles/EnzymeStandaloneVectorCheck.dir/depend
make  -f examples/Enzyme/Standalone/CMakeFiles/EnzymeStandaloneSparseCheck.dir/build.make examples/Enzyme/Standalone/CMakeFiles/EnzymeStandaloneSparseCheck.dir/depend
make  -f examples/Enzyme/Library/Scalar/CMakeFiles/EnzymeLibScalarCheck.dir/build.make examples/Enzyme/Library/Scalar/CMakeFiles/EnzymeLibScalarCheck.dir/depend
make  -f examples/Enzyme/Library/Vector/CMakeFiles/EnzymeLibVectorCheck.dir/build.make examples/Enzyme/Library/Vector/CMakeFiles/EnzymeLibVectorCheck.dir/depend
make[2]: Entering directory '/home/isatkaus/gridkit/build'
cd /home/isatkaus/gridkit/build && /nopt/nrel/apps/cpu_stack/utilities/06-24/linux-rhel8-sapphirerapids/gcc-12.3.0/cmake-3.29.2-6n4msmc4aewj7wyi6b5g644vjrqyqgot/bin/cmake -E cmake_depends "Unix Makefiles" /home/isatkaus/gridkit /home/isatkaus/gridkit/GridKit/Testing /home/isatkaus/gridkit/build /home/isatkaus/gridkit/build/GridKit/Testing /home/isatkaus/gridkit/build/GridKit/Testing/CMakeFiles/testing.dir/DependInfo.cmake "--color="
make[2]: Entering directory '/home/isatkaus/gridkit/build'
cd /home/isatkaus/gridkit/build && /nopt/nrel/apps/cpu_stack/utilities/06-24/linux-rhel8-sapphirerapids/gcc-12.3.0/cmake-3.29.2-6n4msmc4aewj7wyi6b5g644vjrqyqgot/bin/cmake -E cmake_depends "Unix Makefiles" /home/isatkaus/gridkit /home/isatkaus/gridkit/examples/PowerFlow/MatPowerTesting /home/isatkaus/gridkit/build /home/isatkaus/gridkit/build/examples/PowerFlow/MatPowerTesting /home/isatkaus/gridkit/build/examples/PowerFlow/MatPowerTesting/CMakeFiles/test_parse_gen_row.dir/DependInfo.cmake "--color="
make[2]: Entering directory '/home/isatkaus/gridkit/build'
cd /home/isatkaus/gridkit/build && /nopt/nrel/apps/cpu_stack/utilities/06-24/linux-rhel8-sapphirerapids/gcc-12.3.0/cmake-3.29.2-6n4msmc4aewj7wyi6b5g644vjrqyqgot/bin/cmake -E cmake_depends "Unix Makefiles" /home/isatkaus/gridkit /home/isatkaus/gridkit/examples/PowerFlow/MatPowerTesting /home/isatkaus/gridkit/build /home/isatkaus/gridkit/build/examples/PowerFlow/MatPowerTesting /home/isatkaus/gridkit/build/examples/PowerFlow/MatPowerTesting/CMakeFiles/test_parse_bus_row.dir/DependInfo.cmake "--color="
make[2]: Entering directory '/home/isatkaus/gridkit/build'
cd /home/isatkaus/gridkit/build && /nopt/nrel/apps/cpu_stack/utilities/06-24/linux-rhel8-sapphirerapids/gcc-12.3.0/cmake-3.29.2-6n4msmc4aewj7wyi6b5g644vjrqyqgot/bin/cmake -E cmake_depends "Unix Makefiles" /home/isatkaus/gridkit /home/isatkaus/gridkit/examples/PowerFlow/MatPowerTesting /home/isatkaus/gridkit/build /home/isatkaus/gridkit/build/examples/PowerFlow/MatPowerTesting /home/isatkaus/gridkit/build/examples/PowerFlow/MatPowerTesting/CMakeFiles/test_parse_branch_row.dir/DependInfo.cmake "--color="
make[2]: Entering directory '/home/isatkaus/gridkit/build'
cd /home/isatkaus/gridkit/build && /nopt/nrel/apps/cpu_stack/utilities/06-24/linux-rhel8-sapphirerapids/gcc-12.3.0/cmake-3.29.2-6n4msmc4aewj7wyi6b5g644vjrqyqgot/bin/cmake -E cmake_depends "Unix Makefiles" /home/isatkaus/gridkit /home/isatkaus/gridkit/examples/PowerFlow/MatPowerTesting /home/isatkaus/gridkit/build /home/isatkaus/gridkit/build/examples/PowerFlow/MatPowerTesting /home/isatkaus/gridkit/build/examples/PowerFlow/MatPowerTesting/CMakeFiles/test_parse_gencost_row.dir/DependInfo.cmake "--color="
make[2]: Entering directory '/home/isatkaus/gridkit/build'
cd /home/isatkaus/gridkit/build && /nopt/nrel/apps/cpu_stack/utilities/06-24/linux-rhel8-sapphirerapids/gcc-12.3.0/cmake-3.29.2-6n4msmc4aewj7wyi6b5g644vjrqyqgot/bin/cmake -E cmake_depends "Unix Makefiles" /home/isatkaus/gridkit /home/isatkaus/gridkit/examples/PowerFlow/MatPowerTesting /home/isatkaus/gridkit/build /home/isatkaus/gridkit/build/examples/PowerFlow/MatPowerTesting /home/isatkaus/gridkit/build/examples/PowerFlow/MatPowerTesting/CMakeFiles/test_parse_matpower.dir/DependInfo.cmake "--color="
make[2]: Entering directory '/home/isatkaus/gridkit/build'
cd /home/isatkaus/gridkit/build && /nopt/nrel/apps/cpu_stack/utilities/06-24/linux-rhel8-sapphirerapids/gcc-12.3.0/cmake-3.29.2-6n4msmc4aewj7wyi6b5g644vjrqyqgot/bin/cmake -E cmake_depends "Unix Makefiles" /home/isatkaus/gridkit /home/isatkaus/gridkit/examples/Enzyme/Standalone /home/isatkaus/gridkit/build /home/isatkaus/gridkit/build/examples/Enzyme/Standalone /home/isatkaus/gridkit/build/examples/Enzyme/Standalone/CMakeFiles/EnzymeStandaloneScalarCheck.dir/DependInfo.cmake "--color="
make[2]: Entering directory '/home/isatkaus/gridkit/build'
cd /home/isatkaus/gridkit/build && /nopt/nrel/apps/cpu_stack/utilities/06-24/linux-rhel8-sapphirerapids/gcc-12.3.0/cmake-3.29.2-6n4msmc4aewj7wyi6b5g644vjrqyqgot/bin/cmake -E cmake_depends "Unix Makefiles" /home/isatkaus/gridkit /home/isatkaus/gridkit/examples/Enzyme/Standalone /home/isatkaus/gridkit/build /home/isatkaus/gridkit/build/examples/Enzyme/Standalone /home/isatkaus/gridkit/build/examples/Enzyme/Standalone/CMakeFiles/EnzymeStandaloneVectorCheck.dir/DependInfo.cmake "--color="
make[2]: Entering directory '/home/isatkaus/gridkit/build'
cd /home/isatkaus/gridkit/build && /nopt/nrel/apps/cpu_stack/utilities/06-24/linux-rhel8-sapphirerapids/gcc-12.3.0/cmake-3.29.2-6n4msmc4aewj7wyi6b5g644vjrqyqgot/bin/cmake -E cmake_depends "Unix Makefiles" /home/isatkaus/gridkit /home/isatkaus/gridkit/examples/Enzyme/Standalone /home/isatkaus/gridkit/build /home/isatkaus/gridkit/build/examples/Enzyme/Standalone /home/isatkaus/gridkit/build/examples/Enzyme/Standalone/CMakeFiles/EnzymeStandaloneSparseCheck.dir/DependInfo.cmake "--color="
make[2]: Entering directory '/home/isatkaus/gridkit/build'
cd /home/isatkaus/gridkit/build && /nopt/nrel/apps/cpu_stack/utilities/06-24/linux-rhel8-sapphirerapids/gcc-12.3.0/cmake-3.29.2-6n4msmc4aewj7wyi6b5g644vjrqyqgot/bin/cmake -E cmake_depends "Unix Makefiles" /home/isatkaus/gridkit /home/isatkaus/gridkit/examples/Enzyme/Library/Scalar /home/isatkaus/gridkit/build /home/isatkaus/gridkit/build/examples/Enzyme/Library/Scalar /home/isatkaus/gridkit/build/examples/Enzyme/Library/Scalar/CMakeFiles/EnzymeLibScalarCheck.dir/DependInfo.cmake "--color="
make[2]: Entering directory '/home/isatkaus/gridkit/build'
cd /home/isatkaus/gridkit/build && /nopt/nrel/apps/cpu_stack/utilities/06-24/linux-rhel8-sapphirerapids/gcc-12.3.0/cmake-3.29.2-6n4msmc4aewj7wyi6b5g644vjrqyqgot/bin/cmake -E cmake_depends "Unix Makefiles" /home/isatkaus/gridkit /home/isatkaus/gridkit/examples/Enzyme/Library/Vector /home/isatkaus/gridkit/build /home/isatkaus/gridkit/build/examples/Enzyme/Library/Vector /home/isatkaus/gridkit/build/examples/Enzyme/Library/Vector/CMakeFiles/EnzymeLibVectorCheck.dir/DependInfo.cmake "--color="
make[2]: Leaving directory '/home/isatkaus/gridkit/build'
make  -f GridKit/Testing/CMakeFiles/testing.dir/build.make GridKit/Testing/CMakeFiles/testing.dir/build
make[2]: Leaving directory '/home/isatkaus/gridkit/build'
make[2]: Leaving directory '/home/isatkaus/gridkit/build'
make  -f examples/PowerFlow/MatPowerTesting/CMakeFiles/test_parse_bus_row.dir/build.make examples/PowerFlow/MatPowerTesting/CMakeFiles/test_parse_bus_row.dir/build
make  -f examples/PowerFlow/MatPowerTesting/CMakeFiles/test_parse_branch_row.dir/build.make examples/PowerFlow/MatPowerTesting/CMakeFiles/test_parse_branch_row.dir/build
make[2]: Leaving directory '/home/isatkaus/gridkit/build'
make  -f examples/PowerFlow/MatPowerTesting/CMakeFiles/test_parse_gencost_row.dir/build.make examples/PowerFlow/MatPowerTesting/CMakeFiles/test_parse_gencost_row.dir/build
make[2]: Leaving directory '/home/isatkaus/gridkit/build'
make[2]: Entering directory '/home/isatkaus/gridkit/build'
make  -f examples/PowerFlow/MatPowerTesting/CMakeFiles/test_parse_matpower.dir/build.make examples/PowerFlow/MatPowerTesting/CMakeFiles/test_parse_matpower.dir/build
make[2]: Entering directory '/home/isatkaus/gridkit/build'
make[2]: Leaving directory '/home/isatkaus/gridkit/build'
make[2]: Entering directory '/home/isatkaus/gridkit/build'
make  -f examples/Enzyme/Standalone/CMakeFiles/EnzymeStandaloneScalarCheck.dir/build.make examples/Enzyme/Standalone/CMakeFiles/EnzymeStandaloneScalarCheck.dir/build
make[2]: Leaving directory '/home/isatkaus/gridkit/build'
make  -f examples/PowerFlow/MatPowerTesting/CMakeFiles/test_parse_gen_row.dir/build.make examples/PowerFlow/MatPowerTesting/CMakeFiles/test_parse_gen_row.dir/build
make[2]: Entering directory '/home/isatkaus/gridkit/build'
make[2]: Leaving directory '/home/isatkaus/gridkit/build'
make[2]: Leaving directory '/home/isatkaus/gridkit/build'
make[2]: Leaving directory '/home/isatkaus/gridkit/build'
make[2]: Leaving directory '/home/isatkaus/gridkit/build'
make  -f examples/Enzyme/Standalone/CMakeFiles/EnzymeStandaloneVectorCheck.dir/build.make examples/Enzyme/Standalone/CMakeFiles/EnzymeStandaloneVectorCheck.dir/build
make  -f examples/Enzyme/Standalone/CMakeFiles/EnzymeStandaloneSparseCheck.dir/build.make examples/Enzyme/Standalone/CMakeFiles/EnzymeStandaloneSparseCheck.dir/build
make  -f examples/Enzyme/Library/Scalar/CMakeFiles/EnzymeLibScalarCheck.dir/build.make examples/Enzyme/Library/Scalar/CMakeFiles/EnzymeLibScalarCheck.dir/build
make  -f examples/Enzyme/Library/Vector/CMakeFiles/EnzymeLibVectorCheck.dir/build.make examples/Enzyme/Library/Vector/CMakeFiles/EnzymeLibVectorCheck.dir/build
make[2]: Entering directory '/home/isatkaus/gridkit/build'
make[2]: Entering directory '/home/isatkaus/gridkit/build'
make[2]: Entering directory '/home/isatkaus/gridkit/build'
make[2]: Entering directory '/home/isatkaus/gridkit/build'
make[2]: Entering directory '/home/isatkaus/gridkit/build'
make[2]: Entering directory '/home/isatkaus/gridkit/build'
make[2]: Entering directory '/home/isatkaus/gridkit/build'
[ 39%] Building CXX object GridKit/Testing/CMakeFiles/testing.dir/Testing.cpp.o
[ 39%] Building CXX object examples/PowerFlow/MatPowerTesting/CMakeFiles/test_parse_bus_row.dir/test_parse_bus_row.cpp.o
[ 40%] Building CXX object GridKit/Testing/CMakeFiles/testing.dir/CSV.cpp.o
[ 41%] Building CXX object examples/PowerFlow/MatPowerTesting/CMakeFiles/test_parse_branch_row.dir/test_parse_branch_row.cpp.o
[ 41%] Building CXX object examples/PowerFlow/MatPowerTesting/CMakeFiles/test_parse_gencost_row.dir/test_parse_gencost_row.cpp.o
[ 42%] Building CXX object examples/PowerFlow/MatPowerTesting/CMakeFiles/test_parse_matpower.dir/test_parse_matpower.cpp.o
[ 43%] Building CXX object examples/Enzyme/Standalone/CMakeFiles/EnzymeStandaloneScalarCheck.dir/EnzymeScalar.cpp.o
[ 43%] Building CXX object examples/PowerFlow/MatPowerTesting/CMakeFiles/test_parse_gen_row.dir/test_parse_gen_row.cpp.o
[ 43%] Building CXX object examples/Enzyme/Standalone/CMakeFiles/EnzymeStandaloneVectorCheck.dir/EnzymeVector.cpp.o
[ 43%] Building CXX object examples/Enzyme/Library/Scalar/CMakeFiles/EnzymeLibScalarCheck.dir/EnzymeScalar.cpp.o
[ 43%] Building CXX object examples/Enzyme/Standalone/CMakeFiles/EnzymeStandaloneSparseCheck.dir/EnzymeSparse.cpp.o
[ 45%] Building CXX object examples/Enzyme/Library/Vector/CMakeFiles/EnzymeLibVectorCheck.dir/EnzymeVector.cpp.o
[ 45%] Building CXX object examples/Enzyme/Library/Vector/CMakeFiles/EnzymeLibVectorCheck.dir/VectorModel.cpp.o
[ 45%] Building CXX object examples/Enzyme/Library/Scalar/CMakeFiles/EnzymeLibScalarCheck.dir/ScalarModel.cpp.o
cd /home/isatkaus/gridkit/build/examples/PowerFlow/MatPowerTesting && /nopt/nrel/apps/cpu_stack/software/gridkit/llvm/16.0.6/bin/clang++  -I/home/isatkaus/gridkit --gcc-toolchain=/nopt/nrel/apps/cpu_stack/compilers/06-24/linux-rhel8-sapphirerapids/gcc-12.3.0/gcc-13.1.0-bmut2ysomhthj6y7oyc73c3cmxye57am -Wall -Wextra -Wconversion -Wpedantic -O2 -g -DNDEBUG -std=gnu++20 -fPIE -MD -MT examples/PowerFlow/MatPowerTesting/CMakeFiles/test_parse_bus_row.dir/test_parse_bus_row.cpp.o -MF CMakeFiles/test_parse_bus_row.dir/test_parse_bus_row.cpp.o.d -o CMakeFiles/test_parse_bus_row.dir/test_parse_bus_row.cpp.o -c /home/isatkaus/gridkit/examples/PowerFlow/MatPowerTesting/test_parse_bus_row.cpp
cd /home/isatkaus/gridkit/build/GridKit/Testing && /nopt/nrel/apps/cpu_stack/software/gridkit/llvm/16.0.6/bin/clang++ -Dtesting_EXPORTS -I/home/isatkaus/gridkit --gcc-toolchain=/nopt/nrel/apps/cpu_stack/compilers/06-24/linux-rhel8-sapphirerapids/gcc-12.3.0/gcc-13.1.0-bmut2ysomhthj6y7oyc73c3cmxye57am -Wall -Wextra -Wconversion -Wpedantic -O2 -g -DNDEBUG -std=gnu++20 -fPIC -MD -MT GridKit/Testing/CMakeFiles/testing.dir/Testing.cpp.o -MF CMakeFiles/testing.dir/Testing.cpp.o.d -o CMakeFiles/testing.dir/Testing.cpp.o -c /home/isatkaus/gridkit/GridKit/Testing/Testing.cpp
cd /home/isatkaus/gridkit/build/GridKit/Testing && /nopt/nrel/apps/cpu_stack/software/gridkit/llvm/16.0.6/bin/clang++ -Dtesting_EXPORTS -I/home/isatkaus/gridkit --gcc-toolchain=/nopt/nrel/apps/cpu_stack/compilers/06-24/linux-rhel8-sapphirerapids/gcc-12.3.0/gcc-13.1.0-bmut2ysomhthj6y7oyc73c3cmxye57am -Wall -Wextra -Wconversion -Wpedantic -O2 -g -DNDEBUG -std=gnu++20 -fPIC -MD -MT GridKit/Testing/CMakeFiles/testing.dir/CSV.cpp.o -MF CMakeFiles/testing.dir/CSV.cpp.o.d -o CMakeFiles/testing.dir/CSV.cpp.o -c /home/isatkaus/gridkit/GridKit/Testing/CSV.cpp
cd /home/isatkaus/gridkit/build/examples/PowerFlow/MatPowerTesting && /nopt/nrel/apps/cpu_stack/software/gridkit/llvm/16.0.6/bin/clang++  -I/home/isatkaus/gridkit --gcc-toolchain=/nopt/nrel/apps/cpu_stack/compilers/06-24/linux-rhel8-sapphirerapids/gcc-12.3.0/gcc-13.1.0-bmut2ysomhthj6y7oyc73c3cmxye57am -Wall -Wextra -Wconversion -Wpedantic -O2 -g -DNDEBUG -std=gnu++20 -fPIE -MD -MT examples/PowerFlow/MatPowerTesting/CMakeFiles/test_parse_gencost_row.dir/test_parse_gencost_row.cpp.o -MF CMakeFiles/test_parse_gencost_row.dir/test_parse_gencost_row.cpp.o.d -o CMakeFiles/test_parse_gencost_row.dir/test_parse_gencost_row.cpp.o -c /home/isatkaus/gridkit/examples/PowerFlow/MatPowerTesting/test_parse_gencost_row.cpp
cd /home/isatkaus/gridkit/build/examples/PowerFlow/MatPowerTesting && /nopt/nrel/apps/cpu_stack/software/gridkit/llvm/16.0.6/bin/clang++  -I/home/isatkaus/gridkit --gcc-toolchain=/nopt/nrel/apps/cpu_stack/compilers/06-24/linux-rhel8-sapphirerapids/gcc-12.3.0/gcc-13.1.0-bmut2ysomhthj6y7oyc73c3cmxye57am -Wall -Wextra -Wconversion -Wpedantic -O2 -g -DNDEBUG -std=gnu++20 -fPIE -MD -MT examples/PowerFlow/MatPowerTesting/CMakeFiles/test_parse_branch_row.dir/test_parse_branch_row.cpp.o -MF CMakeFiles/test_parse_branch_row.dir/test_parse_branch_row.cpp.o.d -o CMakeFiles/test_parse_branch_row.dir/test_parse_branch_row.cpp.o -c /home/isatkaus/gridkit/examples/PowerFlow/MatPowerTesting/test_parse_branch_row.cpp
cd /home/isatkaus/gridkit/build/examples/PowerFlow/MatPowerTesting && /nopt/nrel/apps/cpu_stack/software/gridkit/llvm/16.0.6/bin/clang++  -I/home/isatkaus/gridkit --gcc-toolchain=/nopt/nrel/apps/cpu_stack/compilers/06-24/linux-rhel8-sapphirerapids/gcc-12.3.0/gcc-13.1.0-bmut2ysomhthj6y7oyc73c3cmxye57am -Wall -Wextra -Wconversion -Wpedantic -O2 -g -DNDEBUG -std=gnu++20 -fPIE -MD -MT examples/PowerFlow/MatPowerTesting/CMakeFiles/test_parse_matpower.dir/test_parse_matpower.cpp.o -MF CMakeFiles/test_parse_matpower.dir/test_parse_matpower.cpp.o.d -o CMakeFiles/test_parse_matpower.dir/test_parse_matpower.cpp.o -c /home/isatkaus/gridkit/examples/PowerFlow/MatPowerTesting/test_parse_matpower.cpp
cd /home/isatkaus/gridkit/build/examples/PowerFlow/MatPowerTesting && /nopt/nrel/apps/cpu_stack/software/gridkit/llvm/16.0.6/bin/clang++  -I/home/isatkaus/gridkit --gcc-toolchain=/nopt/nrel/apps/cpu_stack/compilers/06-24/linux-rhel8-sapphirerapids/gcc-12.3.0/gcc-13.1.0-bmut2ysomhthj6y7oyc73c3cmxye57am -Wall -Wextra -Wconversion -Wpedantic -O2 -g -DNDEBUG -std=gnu++20 -fPIE -MD -MT examples/PowerFlow/MatPowerTesting/CMakeFiles/test_parse_gen_row.dir/test_parse_gen_row.cpp.o -MF CMakeFiles/test_parse_gen_row.dir/test_parse_gen_row.cpp.o.d -o CMakeFiles/test_parse_gen_row.dir/test_parse_gen_row.cpp.o -c /home/isatkaus/gridkit/examples/PowerFlow/MatPowerTesting/test_parse_gen_row.cpp
cd /home/isatkaus/gridkit/build/examples/Enzyme/Standalone && /nopt/nrel/apps/cpu_stack/software/gridkit/llvm/16.0.6/bin/clang++  -I/home/isatkaus/gridkit --gcc-toolchain=/nopt/nrel/apps/cpu_stack/compilers/06-24/linux-rhel8-sapphirerapids/gcc-12.3.0/gcc-13.1.0-bmut2ysomhthj6y7oyc73c3cmxye57am -Wall -Wextra -Wconversion -Wpedantic -O2 -g -DNDEBUG -std=gnu++20 -fPIE -fplugin=/nopt/nrel/apps/cpu_stack/software/gridkit/enzyme/0.0.206/lib/ClangEnzyme-16.so -MD -MT examples/Enzyme/Standalone/CMakeFiles/EnzymeStandaloneScalarCheck.dir/EnzymeScalar.cpp.o -MF CMakeFiles/EnzymeStandaloneScalarCheck.dir/EnzymeScalar.cpp.o.d -o CMakeFiles/EnzymeStandaloneScalarCheck.dir/EnzymeScalar.cpp.o -c /home/isatkaus/gridkit/examples/Enzyme/Standalone/EnzymeScalar.cpp
cd /home/isatkaus/gridkit/build/examples/Enzyme/Standalone && /nopt/nrel/apps/cpu_stack/software/gridkit/llvm/16.0.6/bin/clang++  -I/home/isatkaus/gridkit --gcc-toolchain=/nopt/nrel/apps/cpu_stack/compilers/06-24/linux-rhel8-sapphirerapids/gcc-12.3.0/gcc-13.1.0-bmut2ysomhthj6y7oyc73c3cmxye57am -Wall -Wextra -Wconversion -Wpedantic -O2 -g -DNDEBUG -std=gnu++20 -fPIE -fplugin=/nopt/nrel/apps/cpu_stack/software/gridkit/enzyme/0.0.206/lib/ClangEnzyme-16.so -MD -MT examples/Enzyme/Standalone/CMakeFiles/EnzymeStandaloneVectorCheck.dir/EnzymeVector.cpp.o -MF CMakeFiles/EnzymeStandaloneVectorCheck.dir/EnzymeVector.cpp.o.d -o CMakeFiles/EnzymeStandaloneVectorCheck.dir/EnzymeVector.cpp.o -c /home/isatkaus/gridkit/examples/Enzyme/Standalone/EnzymeVector.cpp
cd /home/isatkaus/gridkit/build/examples/Enzyme/Library/Scalar && /nopt/nrel/apps/cpu_stack/software/gridkit/llvm/16.0.6/bin/clang++  -I/home/isatkaus/gridkit --gcc-toolchain=/nopt/nrel/apps/cpu_stack/compilers/06-24/linux-rhel8-sapphirerapids/gcc-12.3.0/gcc-13.1.0-bmut2ysomhthj6y7oyc73c3cmxye57am -Wall -Wextra -Wconversion -Wpedantic -O2 -g -DNDEBUG -std=gnu++20 -fPIE -fplugin=/nopt/nrel/apps/cpu_stack/software/gridkit/enzyme/0.0.206/lib/ClangEnzyme-16.so -MD -MT examples/Enzyme/Library/Scalar/CMakeFiles/EnzymeLibScalarCheck.dir/EnzymeScalar.cpp.o -MF CMakeFiles/EnzymeLibScalarCheck.dir/EnzymeScalar.cpp.o.d -o CMakeFiles/EnzymeLibScalarCheck.dir/EnzymeScalar.cpp.o -c /home/isatkaus/gridkit/examples/Enzyme/Library/Scalar/EnzymeScalar.cpp
cd /home/isatkaus/gridkit/build/examples/Enzyme/Library/Scalar && /nopt/nrel/apps/cpu_stack/software/gridkit/llvm/16.0.6/bin/clang++  -I/home/isatkaus/gridkit --gcc-toolchain=/nopt/nrel/apps/cpu_stack/compilers/06-24/linux-rhel8-sapphirerapids/gcc-12.3.0/gcc-13.1.0-bmut2ysomhthj6y7oyc73c3cmxye57am -Wall -Wextra -Wconversion -Wpedantic -O2 -g -DNDEBUG -std=gnu++20 -fPIE -fplugin=/nopt/nrel/apps/cpu_stack/software/gridkit/enzyme/0.0.206/lib/ClangEnzyme-16.so -MD -MT examples/Enzyme/Library/Scalar/CMakeFiles/EnzymeLibScalarCheck.dir/ScalarModel.cpp.o -MF CMakeFiles/EnzymeLibScalarCheck.dir/ScalarModel.cpp.o.d -o CMakeFiles/EnzymeLibScalarCheck.dir/ScalarModel.cpp.o -c /home/isatkaus/gridkit/examples/Enzyme/Library/Scalar/ScalarModel.cpp
cd /home/isatkaus/gridkit/build/examples/Enzyme/Standalone && /nopt/nrel/apps/cpu_stack/software/gridkit/llvm/16.0.6/bin/clang++  -I/home/isatkaus/gridkit --gcc-toolchain=/nopt/nrel/apps/cpu_stack/compilers/06-24/linux-rhel8-sapphirerapids/gcc-12.3.0/gcc-13.1.0-bmut2ysomhthj6y7oyc73c3cmxye57am -Wall -Wextra -Wconversion -Wpedantic -O2 -g -DNDEBUG -std=gnu++20 -fPIE -mllvm -enzyme-auto-sparsity=1 -fplugin=/nopt/nrel/apps/cpu_stack/software/gridkit/enzyme/0.0.206/lib/ClangEnzyme-16.so -MD -MT examples/Enzyme/Standalone/CMakeFiles/EnzymeStandaloneSparseCheck.dir/EnzymeSparse.cpp.o -MF CMakeFiles/EnzymeStandaloneSparseCheck.dir/EnzymeSparse.cpp.o.d -o CMakeFiles/EnzymeStandaloneSparseCheck.dir/EnzymeSparse.cpp.o -c /home/isatkaus/gridkit/examples/Enzyme/Standalone/EnzymeSparse.cpp
cd /home/isatkaus/gridkit/build/examples/Enzyme/Library/Vector && /nopt/nrel/apps/cpu_stack/software/gridkit/llvm/16.0.6/bin/clang++  -I/home/isatkaus/gridkit --gcc-toolchain=/nopt/nrel/apps/cpu_stack/compilers/06-24/linux-rhel8-sapphirerapids/gcc-12.3.0/gcc-13.1.0-bmut2ysomhthj6y7oyc73c3cmxye57am -Wall -Wextra -Wconversion -Wpedantic -O2 -g -DNDEBUG -std=gnu++20 -fPIE -fplugin=/nopt/nrel/apps/cpu_stack/software/gridkit/enzyme/0.0.206/lib/ClangEnzyme-16.so -MD -MT examples/Enzyme/Library/Vector/CMakeFiles/EnzymeLibVectorCheck.dir/EnzymeVector.cpp.o -MF CMakeFiles/EnzymeLibVectorCheck.dir/EnzymeVector.cpp.o.d -o CMakeFiles/EnzymeLibVectorCheck.dir/EnzymeVector.cpp.o -c /home/isatkaus/gridkit/examples/Enzyme/Library/Vector/EnzymeVector.cpp
cd /home/isatkaus/gridkit/build/examples/Enzyme/Library/Vector && /nopt/nrel/apps/cpu_stack/software/gridkit/llvm/16.0.6/bin/clang++  -I/home/isatkaus/gridkit --gcc-toolchain=/nopt/nrel/apps/cpu_stack/compilers/06-24/linux-rhel8-sapphirerapids/gcc-12.3.0/gcc-13.1.0-bmut2ysomhthj6y7oyc73c3cmxye57am -Wall -Wextra -Wconversion -Wpedantic -O2 -g -DNDEBUG -std=gnu++20 -fPIE -fplugin=/nopt/nrel/apps/cpu_stack/software/gridkit/enzyme/0.0.206/lib/ClangEnzyme-16.so -MD -MT examples/Enzyme/Library/Vector/CMakeFiles/EnzymeLibVectorCheck.dir/VectorModel.cpp.o -MF CMakeFiles/EnzymeLibVectorCheck.dir/VectorModel.cpp.o.d -o CMakeFiles/EnzymeLibVectorCheck.dir/VectorModel.cpp.o -c /home/isatkaus/gridkit/examples/Enzyme/Library/Vector/VectorModel.cpp
[ 46%] Linking CXX shared library libgridkit_phasor_dynamics_bustosignaladapter.so
cd /home/isatkaus/gridkit/build/GridKit/Model/PhasorDynamics/BusToSignalAdapter && /nopt/nrel/apps/cpu_stack/utilities/06-24/linux-rhel8-sapphirerapids/gcc-12.3.0/cmake-3.29.2-6n4msmc4aewj7wyi6b5g644vjrqyqgot/bin/cmake -E cmake_link_script CMakeFiles/phasor_dynamics_bustosignaladapter.dir/link.txt --verbose=1
/nopt/nrel/apps/cpu_stack/software/gridkit/llvm/16.0.6/bin/clang++ -fPIC --gcc-toolchain=/nopt/nrel/apps/cpu_stack/compilers/06-24/linux-rhel8-sapphirerapids/gcc-12.3.0/gcc-13.1.0-bmut2ysomhthj6y7oyc73c3cmxye57am -Wall -Wextra -Wconversion -Wpedantic -O2 -g -DNDEBUG -Wl,-rpath,/nopt/nrel/apps/cpu_stack/compilers/06-24/linux-rhel8-sapphirerapids/gcc-12.3.0/gcc-13.1.0-bmut2ysomhthj6y7oyc73c3cmxye57am/lib/gcc/x86_64-pc-linux-gnu/13.1.0/../../../../lib64 -Wl,-rpath,/nopt/nrel/apps/cpu_stack/libraries-gcc/06-24/linux-rhel8-sapphirerapids/gcc-12.3.0/netlib-lapack-3.11.0-abk4uhd5cyrfnhh67bcdhyt6fulibezx/lib64 -shared -Wl,-soname,libgridkit_phasor_dynamics_bustosignaladapter.so.0 -o libgridkit_phasor_dynamics_bustosignaladapter.so.0.1.0 CMakeFiles/phasor_dynamics_bustosignaladapter.dir/BusToSignalAdapter.cpp.o  -Wl,-rpath,/home/isatkaus/gridkit/build/GridKit/Model/PhasorDynamics/SignalNode:/home/isatkaus/gridkit/build/GridKit/Utilities/Logger:/home/isatkaus/gridkit/build/GridKit/LinearAlgebra/SparseMatrix: ../SignalNode/libgridkit_phasor_dynamics_signal.so.0.1.0 ../../../Utilities/Logger/libgridkit_utilities_logger.so.0.1.0 ../../../LinearAlgebra/SparseMatrix/libgridkit_sparse_matrix.so.0.1.0
[ 46%] Linking CXX shared library libgridkit_phasor_dynamics_signalsource.so
cd /home/isatkaus/gridkit/build/GridKit/Model/PhasorDynamics/SignalSource && /nopt/nrel/apps/cpu_stack/utilities/06-24/linux-rhel8-sapphirerapids/gcc-12.3.0/cmake-3.29.2-6n4msmc4aewj7wyi6b5g644vjrqyqgot/bin/cmake -E cmake_link_script CMakeFiles/phasor_dynamics_signalsource.dir/link.txt --verbose=1
/nopt/nrel/apps/cpu_stack/software/gridkit/llvm/16.0.6/bin/clang++ -fPIC --gcc-toolchain=/nopt/nrel/apps/cpu_stack/compilers/06-24/linux-rhel8-sapphirerapids/gcc-12.3.0/gcc-13.1.0-bmut2ysomhthj6y7oyc73c3cmxye57am -Wall -Wextra -Wconversion -Wpedantic -O2 -g -DNDEBUG -Wl,-rpath,/nopt/nrel/apps/cpu_stack/compilers/06-24/linux-rhel8-sapphirerapids/gcc-12.3.0/gcc-13.1.0-bmut2ysomhthj6y7oyc73c3cmxye57am/lib/gcc/x86_64-pc-linux-gnu/13.1.0/../../../../lib64 -Wl,-rpath,/nopt/nrel/apps/cpu_stack/libraries-gcc/06-24/linux-rhel8-sapphirerapids/gcc-12.3.0/netlib-lapack-3.11.0-abk4uhd5cyrfnhh67bcdhyt6fulibezx/lib64 -shared -Wl,-soname,libgridkit_phasor_dynamics_signalsource.so.0 -o libgridkit_phasor_dynamics_signalsource.so.0.1.0 CMakeFiles/phasor_dynamics_signalsource.dir/ConstantSignalSource.cpp.o  -Wl,-rpath,/home/isatkaus/gridkit/build/GridKit/Model/PhasorDynamics/SignalNode:/home/isatkaus/gridkit/build/GridKit/Utilities/Logger:/home/isatkaus/gridkit/build/GridKit/LinearAlgebra/SparseMatrix: ../SignalNode/libgridkit_phasor_dynamics_signal.so.0.1.0 ../../../Utilities/Logger/libgridkit_utilities_logger.so.0.1.0 ../../../LinearAlgebra/SparseMatrix/libgridkit_sparse_matrix.so.0.1.0
[ 47%] Linking CXX shared library libgridkit_phasor_dynamics_bustosignaladapter_dependency_tracking.so
cd /home/isatkaus/gridkit/build/GridKit/Model/PhasorDynamics/BusToSignalAdapter && /nopt/nrel/apps/cpu_stack/utilities/06-24/linux-rhel8-sapphirerapids/gcc-12.3.0/cmake-3.29.2-6n4msmc4aewj7wyi6b5g644vjrqyqgot/bin/cmake -E cmake_link_script CMakeFiles/phasor_dynamics_bustosignaladapter_dependency_tracking.dir/link.txt --verbose=1
/nopt/nrel/apps/cpu_stack/software/gridkit/llvm/16.0.6/bin/clang++ -fPIC --gcc-toolchain=/nopt/nrel/apps/cpu_stack/compilers/06-24/linux-rhel8-sapphirerapids/gcc-12.3.0/gcc-13.1.0-bmut2ysomhthj6y7oyc73c3cmxye57am -Wall -Wextra -Wconversion -Wpedantic -O2 -g -DNDEBUG -Wl,-rpath,/nopt/nrel/apps/cpu_stack/compilers/06-24/linux-rhel8-sapphirerapids/gcc-12.3.0/gcc-13.1.0-bmut2ysomhthj6y7oyc73c3cmxye57am/lib/gcc/x86_64-pc-linux-gnu/13.1.0/../../../../lib64 -Wl,-rpath,/nopt/nrel/apps/cpu_stack/libraries-gcc/06-24/linux-rhel8-sapphirerapids/gcc-12.3.0/netlib-lapack-3.11.0-abk4uhd5cyrfnhh67bcdhyt6fulibezx/lib64 -shared -Wl,-soname,libgridkit_phasor_dynamics_bustosignaladapter_dependency_tracking.so.0 -o libgridkit_phasor_dynamics_bustosignaladapter_dependency_tracking.so.0.1.0 CMakeFiles/phasor_dynamics_bustosignaladapter_dependency_tracking.dir/BusToSignalAdapterDependencyTracking.cpp.o  -Wl,-rpath,/home/isatkaus/gridkit/build/GridKit/Model/PhasorDynamics/SignalNode:/home/isatkaus/gridkit/build/GridKit/Utilities/Logger:/home/isatkaus/gridkit/build/GridKit/LinearAlgebra/SparseMatrix: ../SignalNode/libgridkit_phasor_dynamics_signal_dependency_tracking.so.0.1.0 ../../../Utilities/Logger/libgridkit_utilities_logger.so.0.1.0 ../../../LinearAlgebra/SparseMatrix/libgridkit_sparse_matrix.so.0.1.0
[ 48%] Linking CXX shared library libgridkit_phasor_dynamics_signalsource_dependency_tracking.so
[ 48%] Linking CXX shared library libgridkit_solvers_dyn.so
cd /home/isatkaus/gridkit/build/GridKit/Solver/Dynamic && /nopt/nrel/apps/cpu_stack/utilities/06-24/linux-rhel8-sapphirerapids/gcc-12.3.0/cmake-3.29.2-6n4msmc4aewj7wyi6b5g644vjrqyqgot/bin/cmake -E cmake_link_script CMakeFiles/solvers_dyn.dir/link.txt --verbose=1
cd /home/isatkaus/gridkit/build/GridKit/Model/PhasorDynamics/SignalSource && /nopt/nrel/apps/cpu_stack/utilities/06-24/linux-rhel8-sapphirerapids/gcc-12.3.0/cmake-3.29.2-6n4msmc4aewj7wyi6b5g644vjrqyqgot/bin/cmake -E cmake_link_script CMakeFiles/phasor_dynamics_signalsource_dependency_tracking.dir/link.txt --verbose=1
cd /home/isatkaus/gridkit/build/GridKit/Model/PhasorDynamics/BusToSignalAdapter && /nopt/nrel/apps/cpu_stack/utilities/06-24/linux-rhel8-sapphirerapids/gcc-12.3.0/cmake-3.29.2-6n4msmc4aewj7wyi6b5g644vjrqyqgot/bin/cmake -E cmake_symlink_library libgridkit_phasor_dynamics_bustosignaladapter.so.0.1.0 libgridkit_phasor_dynamics_bustosignaladapter.so.0 libgridkit_phasor_dynamics_bustosignaladapter.so
/nopt/nrel/apps/cpu_stack/software/gridkit/llvm/16.0.6/bin/clang++ -fPIC --gcc-toolchain=/nopt/nrel/apps/cpu_stack/compilers/06-24/linux-rhel8-sapphirerapids/gcc-12.3.0/gcc-13.1.0-bmut2ysomhthj6y7oyc73c3cmxye57am -Wall -Wextra -Wconversion -Wpedantic -O2 -g -DNDEBUG -Wl,-rpath,/nopt/nrel/apps/cpu_stack/compilers/06-24/linux-rhel8-sapphirerapids/gcc-12.3.0/gcc-13.1.0-bmut2ysomhthj6y7oyc73c3cmxye57am/lib/gcc/x86_64-pc-linux-gnu/13.1.0/../../../../lib64 -Wl,-rpath,/nopt/nrel/apps/cpu_stack/libraries-gcc/06-24/linux-rhel8-sapphirerapids/gcc-12.3.0/netlib-lapack-3.11.0-abk4uhd5cyrfnhh67bcdhyt6fulibezx/lib64 -shared -Wl,-soname,libgridkit_solvers_dyn.so.0 -o libgridkit_solvers_dyn.so.0.1.0 CMakeFiles/solvers_dyn.dir/Ida.cpp.o  -Wl,-rpath,/home/isatkaus/gridkit/build/GridKit/Utilities/Logger:/home/isatkaus/gridkit/build/GridKit/LinearAlgebra/SparseMatrix:/nopt/nrel/apps/cpu_stack/software/gridkit/sundials/develop/lib64:/nopt/nrel/apps/cpu_stack/software/gridkit/suitesparse/7.8.2/lib64: ../../Utilities/Logger/libgridkit_utilities_logger.so.0.1.0 ../../LinearAlgebra/SparseMatrix/libgridkit_sparse_matrix.so.0.1.0 /nopt/nrel/apps/cpu_stack/software/gridkit/sundials/develop/lib64/libsundials_nvecserial.so.7.8.0 /nopt/nrel/apps/cpu_stack/software/gridkit/sundials/develop/lib64/libsundials_idas.so.6.8.0 /nopt/nrel/apps/cpu_stack/software/gridkit/sundials/develop/lib64/libsundials_sunlinsolklu.so.5.8.0 /nopt/nrel/apps/cpu_stack/software/gridkit/sundials/develop/lib64/libsundials_sunmatrixsparse.so.5.8.0 /nopt/nrel/apps/cpu_stack/software/gridkit/sundials/develop/lib64/libsundials_core.so.7.8.0 /nopt/nrel/apps/cpu_stack/software/gridkit/suitesparse/7.8.2/lib64/libklu.so /nopt/nrel/apps/cpu_stack/software/gridkit/suitesparse/7.8.2/lib64/libamd.so /nopt/nrel/apps/cpu_stack/software/gridkit/suitesparse/7.8.2/lib64/libcolamd.so /nopt/nrel/apps/cpu_stack/software/gridkit/suitesparse/7.8.2/lib64/libbtf.so /nopt/nrel/apps/cpu_stack/software/gridkit/suitesparse/7.8.2/lib64/libsuitesparseconfig.so
/nopt/nrel/apps/cpu_stack/software/gridkit/llvm/16.0.6/bin/clang++ -fPIC --gcc-toolchain=/nopt/nrel/apps/cpu_stack/compilers/06-24/linux-rhel8-sapphirerapids/gcc-12.3.0/gcc-13.1.0-bmut2ysomhthj6y7oyc73c3cmxye57am -Wall -Wextra -Wconversion -Wpedantic -O2 -g -DNDEBUG -Wl,-rpath,/nopt/nrel/apps/cpu_stack/compilers/06-24/linux-rhel8-sapphirerapids/gcc-12.3.0/gcc-13.1.0-bmut2ysomhthj6y7oyc73c3cmxye57am/lib/gcc/x86_64-pc-linux-gnu/13.1.0/../../../../lib64 -Wl,-rpath,/nopt/nrel/apps/cpu_stack/libraries-gcc/06-24/linux-rhel8-sapphirerapids/gcc-12.3.0/netlib-lapack-3.11.0-abk4uhd5cyrfnhh67bcdhyt6fulibezx/lib64 -shared -Wl,-soname,libgridkit_phasor_dynamics_signalsource_dependency_tracking.so.0 -o libgridkit_phasor_dynamics_signalsource_dependency_tracking.so.0.1.0 CMakeFiles/phasor_dynamics_signalsource_dependency_tracking.dir/ConstantSignalSourceDependencyTracking.cpp.o  -Wl,-rpath,/home/isatkaus/gridkit/build/GridKit/Model/PhasorDynamics/SignalNode:/home/isatkaus/gridkit/build/GridKit/Utilities/Logger:/home/isatkaus/gridkit/build/GridKit/LinearAlgebra/SparseMatrix: ../SignalNode/libgridkit_phasor_dynamics_signal_dependency_tracking.so.0.1.0 ../../../Utilities/Logger/libgridkit_utilities_logger.so.0.1.0 ../../../LinearAlgebra/SparseMatrix/libgridkit_sparse_matrix.so.0.1.0
make[2]: Leaving directory '/home/isatkaus/gridkit/build'
[ 48%] Built target phasor_dynamics_bustosignaladapter
cd /home/isatkaus/gridkit/build/GridKit/Model/PhasorDynamics/SignalSource && /nopt/nrel/apps/cpu_stack/utilities/06-24/linux-rhel8-sapphirerapids/gcc-12.3.0/cmake-3.29.2-6n4msmc4aewj7wyi6b5g644vjrqyqgot/bin/cmake -E cmake_symlink_library libgridkit_phasor_dynamics_signalsource.so.0.1.0 libgridkit_phasor_dynamics_signalsource.so.0 libgridkit_phasor_dynamics_signalsource.so
make[2]: Leaving directory '/home/isatkaus/gridkit/build'
[ 48%] Built target phasor_dynamics_signalsource
[ 48%] Linking CXX executable EnzymeStandaloneScalarCheck
[ 48%] Linking CXX executable EnzymeLibScalarCheck
cd /home/isatkaus/gridkit/build/examples/Enzyme/Standalone && /nopt/nrel/apps/cpu_stack/utilities/06-24/linux-rhel8-sapphirerapids/gcc-12.3.0/cmake-3.29.2-6n4msmc4aewj7wyi6b5g644vjrqyqgot/bin/cmake -E cmake_link_script CMakeFiles/EnzymeStandaloneScalarCheck.dir/link.txt --verbose=1
/nopt/nrel/apps/cpu_stack/software/gridkit/llvm/16.0.6/bin/clang++ --gcc-toolchain=/nopt/nrel/apps/cpu_stack/compilers/06-24/linux-rhel8-sapphirerapids/gcc-12.3.0/gcc-13.1.0-bmut2ysomhthj6y7oyc73c3cmxye57am -Wall -Wextra -Wconversion -Wpedantic -O2 -g -DNDEBUG -Wl,-rpath,/nopt/nrel/apps/cpu_stack/compilers/06-24/linux-rhel8-sapphirerapids/gcc-12.3.0/gcc-13.1.0-bmut2ysomhthj6y7oyc73c3cmxye57am/lib/gcc/x86_64-pc-linux-gnu/13.1.0/../../../../lib64 -Wl,-rpath,/nopt/nrel/apps/cpu_stack/libraries-gcc/06-24/linux-rhel8-sapphirerapids/gcc-12.3.0/netlib-lapack-3.11.0-abk4uhd5cyrfnhh67bcdhyt6fulibezx/lib64 CMakeFiles/EnzymeStandaloneScalarCheck.dir/EnzymeScalar.cpp.o -o EnzymeStandaloneScalarCheck  -Wl,-rpath,/home/isatkaus/gridkit/build/GridKit/Utilities/CliArgs:/home/isatkaus/gridkit/build/GridKit/Utilities/Logger ../../../GridKit/Utilities/CliArgs/libgridkit_utilities_cli_args.so.0.1.0 ../../../GridKit/Utilities/Logger/libgridkit_utilities_logger.so.0.1.0
cd /home/isatkaus/gridkit/build/examples/Enzyme/Library/Scalar && /nopt/nrel/apps/cpu_stack/utilities/06-24/linux-rhel8-sapphirerapids/gcc-12.3.0/cmake-3.29.2-6n4msmc4aewj7wyi6b5g644vjrqyqgot/bin/cmake -E cmake_link_script CMakeFiles/EnzymeLibScalarCheck.dir/link.txt --verbose=1
/nopt/nrel/apps/cpu_stack/software/gridkit/llvm/16.0.6/bin/clang++ --gcc-toolchain=/nopt/nrel/apps/cpu_stack/compilers/06-24/linux-rhel8-sapphirerapids/gcc-12.3.0/gcc-13.1.0-bmut2ysomhthj6y7oyc73c3cmxye57am -Wall -Wextra -Wconversion -Wpedantic -O2 -g -DNDEBUG -Wl,-rpath,/nopt/nrel/apps/cpu_stack/compilers/06-24/linux-rhel8-sapphirerapids/gcc-12.3.0/gcc-13.1.0-bmut2ysomhthj6y7oyc73c3cmxye57am/lib/gcc/x86_64-pc-linux-gnu/13.1.0/../../../../lib64 -Wl,-rpath,/nopt/nrel/apps/cpu_stack/libraries-gcc/06-24/linux-rhel8-sapphirerapids/gcc-12.3.0/netlib-lapack-3.11.0-abk4uhd5cyrfnhh67bcdhyt6fulibezx/lib64 CMakeFiles/EnzymeLibScalarCheck.dir/EnzymeScalar.cpp.o CMakeFiles/EnzymeLibScalarCheck.dir/ScalarModel.cpp.o -o EnzymeLibScalarCheck  -Wl,-rpath,/home/isatkaus/gridkit/build/GridKit/Utilities/CliArgs:/home/isatkaus/gridkit/build/GridKit/Utilities/Logger ../../../../GridKit/Utilities/CliArgs/libgridkit_utilities_cli_args.so.0.1.0 ../../../../GridKit/Utilities/Logger/libgridkit_utilities_logger.so.0.1.0
cd /home/isatkaus/gridkit/build/GridKit/Model/PhasorDynamics/BusToSignalAdapter && /nopt/nrel/apps/cpu_stack/utilities/06-24/linux-rhel8-sapphirerapids/gcc-12.3.0/cmake-3.29.2-6n4msmc4aewj7wyi6b5g644vjrqyqgot/bin/cmake -E cmake_symlink_library libgridkit_phasor_dynamics_bustosignaladapter_dependency_tracking.so.0.1.0 libgridkit_phasor_dynamics_bustosignaladapter_dependency_tracking.so.0 libgridkit_phasor_dynamics_bustosignaladapter_dependency_tracking.so
make[2]: Leaving directory '/home/isatkaus/gridkit/build'
[ 48%] Built target phasor_dynamics_bustosignaladapter_dependency_tracking
[ 48%] Linking CXX shared library libgridkit_power_elec_disgen.so
cd /home/isatkaus/gridkit/build/GridKit/Model/PowerElectronics/DistributedGenerator && /nopt/nrel/apps/cpu_stack/utilities/06-24/linux-rhel8-sapphirerapids/gcc-12.3.0/cmake-3.29.2-6n4msmc4aewj7wyi6b5g644vjrqyqgot/bin/cmake -E cmake_link_script CMakeFiles/power_elec_disgen.dir/link.txt --verbose=1
cd /home/isatkaus/gridkit/build/GridKit/Model/PhasorDynamics/SignalSource && /nopt/nrel/apps/cpu_stack/utilities/06-24/linux-rhel8-sapphirerapids/gcc-12.3.0/cmake-3.29.2-6n4msmc4aewj7wyi6b5g644vjrqyqgot/bin/cmake -E cmake_symlink_library libgridkit_phasor_dynamics_signalsource_dependency_tracking.so.0.1.0 libgridkit_phasor_dynamics_signalsource_dependency_tracking.so.0 libgridkit_phasor_dynamics_signalsource_dependency_tracking.so
/nopt/nrel/apps/cpu_stack/software/gridkit/llvm/16.0.6/bin/clang++ -fPIC --gcc-toolchain=/nopt/nrel/apps/cpu_stack/compilers/06-24/linux-rhel8-sapphirerapids/gcc-12.3.0/gcc-13.1.0-bmut2ysomhthj6y7oyc73c3cmxye57am -Wall -Wextra -Wconversion -Wpedantic -O2 -g -DNDEBUG -Wl,-rpath,/nopt/nrel/apps/cpu_stack/compilers/06-24/linux-rhel8-sapphirerapids/gcc-12.3.0/gcc-13.1.0-bmut2ysomhthj6y7oyc73c3cmxye57am/lib/gcc/x86_64-pc-linux-gnu/13.1.0/../../../../lib64 -Wl,-rpath,/nopt/nrel/apps/cpu_stack/libraries-gcc/06-24/linux-rhel8-sapphirerapids/gcc-12.3.0/netlib-lapack-3.11.0-abk4uhd5cyrfnhh67bcdhyt6fulibezx/lib64 -shared -Wl,-soname,libgridkit_power_elec_disgen.so.0 -o libgridkit_power_elec_disgen.so.0.1.0 CMakeFiles/power_elec_disgen.dir/DistributedGenerator.cpp.o  -Wl,-rpath,::::::::::::::
cd /home/isatkaus/gridkit/build/GridKit/Solver/Dynamic && /nopt/nrel/apps/cpu_stack/utilities/06-24/linux-rhel8-sapphirerapids/gcc-12.3.0/cmake-3.29.2-6n4msmc4aewj7wyi6b5g644vjrqyqgot/bin/cmake -E cmake_symlink_library libgridkit_solvers_dyn.so.0.1.0 libgridkit_solvers_dyn.so.0 libgridkit_solvers_dyn.so
make[2]: Leaving directory '/home/isatkaus/gridkit/build'
[ 48%] Built target phasor_dynamics_signalsource_dependency_tracking
[ 49%] Linking CXX executable EnzymeStandaloneSparseCheck
make[2]: Leaving directory '/home/isatkaus/gridkit/build'
cd /home/isatkaus/gridkit/build/examples/Enzyme/Standalone && /nopt/nrel/apps/cpu_stack/utilities/06-24/linux-rhel8-sapphirerapids/gcc-12.3.0/cmake-3.29.2-6n4msmc4aewj7wyi6b5g644vjrqyqgot/bin/cmake -E cmake_link_script CMakeFiles/EnzymeStandaloneSparseCheck.dir/link.txt --verbose=1
[ 49%] Built target solvers_dyn
/nopt/nrel/apps/cpu_stack/software/gridkit/llvm/16.0.6/bin/clang++ --gcc-toolchain=/nopt/nrel/apps/cpu_stack/compilers/06-24/linux-rhel8-sapphirerapids/gcc-12.3.0/gcc-13.1.0-bmut2ysomhthj6y7oyc73c3cmxye57am -Wall -Wextra -Wconversion -Wpedantic -O2 -g -DNDEBUG -Wl,-rpath,/nopt/nrel/apps/cpu_stack/compilers/06-24/linux-rhel8-sapphirerapids/gcc-12.3.0/gcc-13.1.0-bmut2ysomhthj6y7oyc73c3cmxye57am/lib/gcc/x86_64-pc-linux-gnu/13.1.0/../../../../lib64 -Wl,-rpath,/nopt/nrel/apps/cpu_stack/libraries-gcc/06-24/linux-rhel8-sapphirerapids/gcc-12.3.0/netlib-lapack-3.11.0-abk4uhd5cyrfnhh67bcdhyt6fulibezx/lib64 CMakeFiles/EnzymeStandaloneSparseCheck.dir/EnzymeSparse.cpp.o -o EnzymeStandaloneSparseCheck  -Wl,-rpath,/home/isatkaus/gridkit/build/GridKit/LinearAlgebra/SparseMatrix:/home/isatkaus/gridkit/build/GridKit/Utilities/CliArgs:/home/isatkaus/gridkit/build/GridKit/Utilities/Logger ../../../GridKit/LinearAlgebra/SparseMatrix/libgridkit_sparse_matrix.so.0.1.0 ../../../GridKit/Utilities/CliArgs/libgridkit_utilities_cli_args.so.0.1.0 ../../../GridKit/Utilities/Logger/libgridkit_utilities_logger.so.0.1.0
[ 49%] Linking CXX executable EnzymeLibVectorCheck
[ 49%] Linking CXX shared library libgridkit_phasor_dynamics_bus.so
make  -f GridKit/Solver/Optimization/CMakeFiles/solvers_opt.dir/build.make GridKit/Solver/Optimization/CMakeFiles/solvers_opt.dir/depend
make  -f examples/PowerElectronics/RLCircuit/CMakeFiles/rlcircuit.dir/build.make examples/PowerElectronics/RLCircuit/CMakeFiles/rlcircuit.dir/depend
make  -f examples/Experimental/AdjointSensitivity/CMakeFiles/adjoint.dir/build.make examples/Experimental/AdjointSensitivity/CMakeFiles/adjoint.dir/depend
make[2]: Entering directory '/home/isatkaus/gridkit/build'
cd /home/isatkaus/gridkit/build && /nopt/nrel/apps/cpu_stack/utilities/06-24/linux-rhel8-sapphirerapids/gcc-12.3.0/cmake-3.29.2-6n4msmc4aewj7wyi6b5g644vjrqyqgot/bin/cmake -E cmake_depends "Unix Makefiles" /home/isatkaus/gridkit /home/isatkaus/gridkit/GridKit/Solver/Optimization /home/isatkaus/gridkit/build /home/isatkaus/gridkit/build/GridKit/Solver/Optimization /home/isatkaus/gridkit/build/GridKit/Solver/Optimization/CMakeFiles/solvers_opt.dir/DependInfo.cmake "--color="
make[2]: Entering directory '/home/isatkaus/gridkit/build'
make[2]: Entering directory '/home/isatkaus/gridkit/build'
cd /home/isatkaus/gridkit/build && /nopt/nrel/apps/cpu_stack/utilities/06-24/linux-rhel8-sapphirerapids/gcc-12.3.0/cmake-3.29.2-6n4msmc4aewj7wyi6b5g644vjrqyqgot/bin/cmake -E cmake_depends "Unix Makefiles" /home/isatkaus/gridkit /home/isatkaus/gridkit/examples/PowerElectronics/RLCircuit /home/isatkaus/gridkit/build /home/isatkaus/gridkit/build/examples/PowerElectronics/RLCircuit /home/isatkaus/gridkit/build/examples/PowerElectronics/RLCircuit/CMakeFiles/rlcircuit.dir/DependInfo.cmake "--color="
cd /home/isatkaus/gridkit/build && /nopt/nrel/apps/cpu_stack/utilities/06-24/linux-rhel8-sapphirerapids/gcc-12.3.0/cmake-3.29.2-6n4msmc4aewj7wyi6b5g644vjrqyqgot/bin/cmake -E cmake_depends "Unix Makefiles" /home/isatkaus/gridkit /home/isatkaus/gridkit/examples/Experimental/AdjointSensitivity /home/isatkaus/gridkit/build /home/isatkaus/gridkit/build/examples/Experimental/AdjointSensitivity /home/isatkaus/gridkit/build/examples/Experimental/AdjointSensitivity/CMakeFiles/adjoint.dir/DependInfo.cmake "--color="
cd /home/isatkaus/gridkit/build/examples/Enzyme/Library/Vector && /nopt/nrel/apps/cpu_stack/utilities/06-24/linux-rhel8-sapphirerapids/gcc-12.3.0/cmake-3.29.2-6n4msmc4aewj7wyi6b5g644vjrqyqgot/bin/cmake -E cmake_link_script CMakeFiles/EnzymeLibVectorCheck.dir/link.txt --verbose=1
cd /home/isatkaus/gridkit/build/GridKit/Model/PhasorDynamics/Bus && /nopt/nrel/apps/cpu_stack/utilities/06-24/linux-rhel8-sapphirerapids/gcc-12.3.0/cmake-3.29.2-6n4msmc4aewj7wyi6b5g644vjrqyqgot/bin/cmake -E cmake_link_script CMakeFiles/phasor_dynamics_bus.dir/link.txt --verbose=1
/nopt/nrel/apps/cpu_stack/software/gridkit/llvm/16.0.6/bin/clang++ --gcc-toolchain=/nopt/nrel/apps/cpu_stack/compilers/06-24/linux-rhel8-sapphirerapids/gcc-12.3.0/gcc-13.1.0-bmut2ysomhthj6y7oyc73c3cmxye57am -Wall -Wextra -Wconversion -Wpedantic -O2 -g -DNDEBUG -Wl,-rpath,/nopt/nrel/apps/cpu_stack/compilers/06-24/linux-rhel8-sapphirerapids/gcc-12.3.0/gcc-13.1.0-bmut2ysomhthj6y7oyc73c3cmxye57am/lib/gcc/x86_64-pc-linux-gnu/13.1.0/../../../../lib64 -Wl,-rpath,/nopt/nrel/apps/cpu_stack/libraries-gcc/06-24/linux-rhel8-sapphirerapids/gcc-12.3.0/netlib-lapack-3.11.0-abk4uhd5cyrfnhh67bcdhyt6fulibezx/lib64 CMakeFiles/EnzymeLibVectorCheck.dir/EnzymeVector.cpp.o CMakeFiles/EnzymeLibVectorCheck.dir/VectorModel.cpp.o -o EnzymeLibVectorCheck  -Wl,-rpath,/home/isatkaus/gridkit/build/GridKit/Utilities/CliArgs:/home/isatkaus/gridkit/build/GridKit/Utilities/Logger ../../../../GridKit/Utilities/CliArgs/libgridkit_utilities_cli_args.so.0.1.0 ../../../../GridKit/Utilities/Logger/libgridkit_utilities_logger.so.0.1.0
/nopt/nrel/apps/cpu_stack/software/gridkit/llvm/16.0.6/bin/clang++ -fPIC --gcc-toolchain=/nopt/nrel/apps/cpu_stack/compilers/06-24/linux-rhel8-sapphirerapids/gcc-12.3.0/gcc-13.1.0-bmut2ysomhthj6y7oyc73c3cmxye57am -Wall -Wextra -Wconversion -Wpedantic -O2 -g -DNDEBUG -Wl,-rpath,/nopt/nrel/apps/cpu_stack/compilers/06-24/linux-rhel8-sapphirerapids/gcc-12.3.0/gcc-13.1.0-bmut2ysomhthj6y7oyc73c3cmxye57am/lib/gcc/x86_64-pc-linux-gnu/13.1.0/../../../../lib64 -Wl,-rpath,/nopt/nrel/apps/cpu_stack/libraries-gcc/06-24/linux-rhel8-sapphirerapids/gcc-12.3.0/netlib-lapack-3.11.0-abk4uhd5cyrfnhh67bcdhyt6fulibezx/lib64 -shared -Wl,-soname,libgridkit_phasor_dynamics_bus.so.0 -o libgridkit_phasor_dynamics_bus.so.0.1.0 CMakeFiles/phasor_dynamics_bus.dir/BusEnzyme.cpp.o CMakeFiles/phasor_dynamics_bus.dir/BusInfinite.cpp.o  -Wl,-rpath,/home/isatkaus/gridkit/build/GridKit/Utilities/Logger:/home/isatkaus/gridkit/build/GridKit/LinearAlgebra/SparseMatrix: ../../../Utilities/Logger/libgridkit_utilities_logger.so.0.1.0 ../../../LinearAlgebra/SparseMatrix/libgridkit_sparse_matrix.so.0.1.0
[ 49%] Linking CXX executable EnzymeStandaloneVectorCheck
make[2]: Leaving directory '/home/isatkaus/gridkit/build'
make  -f GridKit/Solver/Optimization/CMakeFiles/solvers_opt.dir/build.make GridKit/Solver/Optimization/CMakeFiles/solvers_opt.dir/build
make[2]: Leaving directory '/home/isatkaus/gridkit/build'
make[2]: Leaving directory '/home/isatkaus/gridkit/build'
make  -f examples/Experimental/AdjointSensitivity/CMakeFiles/adjoint.dir/build.make examples/Experimental/AdjointSensitivity/CMakeFiles/adjoint.dir/build
make  -f examples/PowerElectronics/RLCircuit/CMakeFiles/rlcircuit.dir/build.make examples/PowerElectronics/RLCircuit/CMakeFiles/rlcircuit.dir/build
make[2]: Entering directory '/home/isatkaus/gridkit/build'
make[2]: Entering directory '/home/isatkaus/gridkit/build'
[ 49%] Linking CXX shared library libgridkit_phasor_dynamics_governor_tgov1.so
make[2]: Entering directory '/home/isatkaus/gridkit/build'
cd /home/isatkaus/gridkit/build/examples/Enzyme/Standalone && /nopt/nrel/apps/cpu_stack/utilities/06-24/linux-rhel8-sapphirerapids/gcc-12.3.0/cmake-3.29.2-6n4msmc4aewj7wyi6b5g644vjrqyqgot/bin/cmake -E cmake_link_script CMakeFiles/EnzymeStandaloneVectorCheck.dir/link.txt --verbose=1
[ 49%] Building CXX object GridKit/Solver/Optimization/CMakeFiles/solvers_opt.dir/DynamicObjective.cpp.o
[ 49%] Building CXX object GridKit/Solver/Optimization/CMakeFiles/solvers_opt.dir/DynamicConstraint.cpp.o
[ 49%] Building CXX object examples/PowerElectronics/RLCircuit/CMakeFiles/rlcircuit.dir/RLCircuit.cpp.o
cd /home/isatkaus/gridkit/build/GridKit/Model/PhasorDynamics/Governor/Tgov1 && /nopt/nrel/apps/cpu_stack/utilities/06-24/linux-rhel8-sapphirerapids/gcc-12.3.0/cmake-3.29.2-6n4msmc4aewj7wyi6b5g644vjrqyqgot/bin/cmake -E cmake_link_script CMakeFiles/phasor_dynamics_governor_tgov1.dir/link.txt --verbose=1
[ 50%] Building CXX object examples/Experimental/AdjointSensitivity/CMakeFiles/adjoint.dir/AdjointSensitivity.cpp.o
/nopt/nrel/apps/cpu_stack/software/gridkit/llvm/16.0.6/bin/clang++ --gcc-toolchain=/nopt/nrel/apps/cpu_stack/compilers/06-24/linux-rhel8-sapphirerapids/gcc-12.3.0/gcc-13.1.0-bmut2ysomhthj6y7oyc73c3cmxye57am -Wall -Wextra -Wconversion -Wpedantic -O2 -g -DNDEBUG -Wl,-rpath,/nopt/nrel/apps/cpu_stack/compilers/06-24/linux-rhel8-sapphirerapids/gcc-12.3.0/gcc-13.1.0-bmut2ysomhthj6y7oyc73c3cmxye57am/lib/gcc/x86_64-pc-linux-gnu/13.1.0/../../../../lib64 -Wl,-rpath,/nopt/nrel/apps/cpu_stack/libraries-gcc/06-24/linux-rhel8-sapphirerapids/gcc-12.3.0/netlib-lapack-3.11.0-abk4uhd5cyrfnhh67bcdhyt6fulibezx/lib64 CMakeFiles/EnzymeStandaloneVectorCheck.dir/EnzymeVector.cpp.o -o EnzymeStandaloneVectorCheck  -Wl,-rpath,/home/isatkaus/gridkit/build/GridKit/Utilities/CliArgs:/home/isatkaus/gridkit/build/GridKit/Utilities/Logger ../../../GridKit/Utilities/CliArgs/libgridkit_utilities_cli_args.so.0.1.0 ../../../GridKit/Utilities/Logger/libgridkit_utilities_logger.so.0.1.0
/nopt/nrel/apps/cpu_stack/software/gridkit/llvm/16.0.6/bin/clang++ -fPIC --gcc-toolchain=/nopt/nrel/apps/cpu_stack/compilers/06-24/linux-rhel8-sapphirerapids/gcc-12.3.0/gcc-13.1.0-bmut2ysomhthj6y7oyc73c3cmxye57am -Wall -Wextra -Wconversion -Wpedantic -O2 -g -DNDEBUG -Wl,-rpath,/nopt/nrel/apps/cpu_stack/compilers/06-24/linux-rhel8-sapphirerapids/gcc-12.3.0/gcc-13.1.0-bmut2ysomhthj6y7oyc73c3cmxye57am/lib/gcc/x86_64-pc-linux-gnu/13.1.0/../../../../lib64 -Wl,-rpath,/nopt/nrel/apps/cpu_stack/libraries-gcc/06-24/linux-rhel8-sapphirerapids/gcc-12.3.0/netlib-lapack-3.11.0-abk4uhd5cyrfnhh67bcdhyt6fulibezx/lib64 -shared -Wl,-soname,libgridkit_phasor_dynamics_governor_tgov1.so.0 -o libgridkit_phasor_dynamics_governor_tgov1.so.0.1.0 CMakeFiles/phasor_dynamics_governor_tgov1.dir/Tgov1Enzyme.cpp.o  -Wl,-rpath,/home/isatkaus/gridkit/build/GridKit/Model/PhasorDynamics/SignalNode:/home/isatkaus/gridkit/build/GridKit/Utilities/Logger:/home/isatkaus/gridkit/build/GridKit/LinearAlgebra/SparseMatrix: ../../SignalNode/libgridkit_phasor_dynamics_signal.so.0.1.0 ../../../../Utilities/Logger/libgridkit_utilities_logger.so.0.1.0 ../../../../LinearAlgebra/SparseMatrix/libgridkit_sparse_matrix.so.0.1.0
cd /home/isatkaus/gridkit/build/GridKit/Solver/Optimization && /nopt/nrel/apps/cpu_stack/software/gridkit/llvm/16.0.6/bin/clang++ -Dsolvers_opt_EXPORTS -I/home/isatkaus/gridkit -I/home/isatkaus/gridkit/build -isystem /nopt/nrel/apps/cpu_stack/software/gridkit/ipopt/3.14.14/include/coin-or -isystem /nopt/nrel/apps/cpu_stack/software/gridkit/sundials/develop/include -isystem /nopt/nrel/apps/cpu_stack/software/gridkit/suitesparse/7.8.2/include/suitesparse --gcc-toolchain=/nopt/nrel/apps/cpu_stack/compilers/06-24/linux-rhel8-sapphirerapids/gcc-12.3.0/gcc-13.1.0-bmut2ysomhthj6y7oyc73c3cmxye57am -Wall -Wextra -Wconversion -Wpedantic -O2 -g -DNDEBUG -std=gnu++20 -fPIC -MD -MT GridKit/Solver/Optimization/CMakeFiles/solvers_opt.dir/DynamicObjective.cpp.o -MF CMakeFiles/solvers_opt.dir/DynamicObjective.cpp.o.d -o CMakeFiles/solvers_opt.dir/DynamicObjective.cpp.o -c /home/isatkaus/gridkit/GridKit/Solver/Optimization/DynamicObjective.cpp
cd /home/isatkaus/gridkit/build/GridKit/Solver/Optimization && /nopt/nrel/apps/cpu_stack/software/gridkit/llvm/16.0.6/bin/clang++ -Dsolvers_opt_EXPORTS -I/home/isatkaus/gridkit -I/home/isatkaus/gridkit/build -isystem /nopt/nrel/apps/cpu_stack/software/gridkit/ipopt/3.14.14/include/coin-or -isystem /nopt/nrel/apps/cpu_stack/software/gridkit/sundials/develop/include -isystem /nopt/nrel/apps/cpu_stack/software/gridkit/suitesparse/7.8.2/include/suitesparse --gcc-toolchain=/nopt/nrel/apps/cpu_stack/compilers/06-24/linux-rhel8-sapphirerapids/gcc-12.3.0/gcc-13.1.0-bmut2ysomhthj6y7oyc73c3cmxye57am -Wall -Wextra -Wconversion -Wpedantic -O2 -g -DNDEBUG -std=gnu++20 -fPIC -MD -MT GridKit/Solver/Optimization/CMakeFiles/solvers_opt.dir/DynamicConstraint.cpp.o -MF CMakeFiles/solvers_opt.dir/DynamicConstraint.cpp.o.d -o CMakeFiles/solvers_opt.dir/DynamicConstraint.cpp.o -c /home/isatkaus/gridkit/GridKit/Solver/Optimization/DynamicConstraint.cpp
cd /home/isatkaus/gridkit/build/examples/PowerElectronics/RLCircuit && /nopt/nrel/apps/cpu_stack/software/gridkit/llvm/16.0.6/bin/clang++  -I/home/isatkaus/gridkit -I/home/isatkaus/gridkit/build -isystem /nopt/nrel/apps/cpu_stack/software/gridkit/sundials/develop/include -isystem /nopt/nrel/apps/cpu_stack/software/gridkit/suitesparse/7.8.2/include/suitesparse --gcc-toolchain=/nopt/nrel/apps/cpu_stack/compilers/06-24/linux-rhel8-sapphirerapids/gcc-12.3.0/gcc-13.1.0-bmut2ysomhthj6y7oyc73c3cmxye57am -Wall -Wextra -Wconversion -Wpedantic -O2 -g -DNDEBUG -std=gnu++20 -fPIE -MD -MT examples/PowerElectronics/RLCircuit/CMakeFiles/rlcircuit.dir/RLCircuit.cpp.o -MF CMakeFiles/rlcircuit.dir/RLCircuit.cpp.o.d -o CMakeFiles/rlcircuit.dir/RLCircuit.cpp.o -c /home/isatkaus/gridkit/examples/PowerElectronics/RLCircuit/RLCircuit.cpp
cd /home/isatkaus/gridkit/build/examples/Experimental/AdjointSensitivity && /nopt/nrel/apps/cpu_stack/software/gridkit/llvm/16.0.6/bin/clang++  -I/home/isatkaus/gridkit -I/home/isatkaus/gridkit/build -isystem /nopt/nrel/apps/cpu_stack/software/gridkit/sundials/develop/include -isystem /nopt/nrel/apps/cpu_stack/software/gridkit/suitesparse/7.8.2/include/suitesparse --gcc-toolchain=/nopt/nrel/apps/cpu_stack/compilers/06-24/linux-rhel8-sapphirerapids/gcc-12.3.0/gcc-13.1.0-bmut2ysomhthj6y7oyc73c3cmxye57am -Wall -Wextra -Wconversion -Wpedantic -O2 -g -DNDEBUG -std=gnu++20 -fPIE -MD -MT examples/Experimental/AdjointSensitivity/CMakeFiles/adjoint.dir/AdjointSensitivity.cpp.o -MF CMakeFiles/adjoint.dir/AdjointSensitivity.cpp.o.d -o CMakeFiles/adjoint.dir/AdjointSensitivity.cpp.o -c /home/isatkaus/gridkit/examples/Experimental/AdjointSensitivity/AdjointSensitivity.cpp
make[2]: Leaving directory '/home/isatkaus/gridkit/build'
[ 50%] Built target EnzymeStandaloneScalarCheck
make[2]: Leaving directory '/home/isatkaus/gridkit/build'
[ 50%] Built target EnzymeLibScalarCheck
cd /home/isatkaus/gridkit/build/GridKit/Model/PowerElectronics/DistributedGenerator && /nopt/nrel/apps/cpu_stack/utilities/06-24/linux-rhel8-sapphirerapids/gcc-12.3.0/cmake-3.29.2-6n4msmc4aewj7wyi6b5g644vjrqyqgot/bin/cmake -E cmake_symlink_library libgridkit_power_elec_disgen.so.0.1.0 libgridkit_power_elec_disgen.so.0 libgridkit_power_elec_disgen.so
make[2]: Leaving directory '/home/isatkaus/gridkit/build'
[ 50%] Built target power_elec_disgen
make  -f examples/PowerElectronics/DistributedGeneratorTest/CMakeFiles/dgtest.dir/build.make examples/PowerElectronics/DistributedGeneratorTest/CMakeFiles/dgtest.dir/depend
make  -f examples/PowerElectronics/Microgrid/CMakeFiles/microgrid.dir/build.make examples/PowerElectronics/Microgrid/CMakeFiles/microgrid.dir/depend
make  -f examples/PowerElectronics/ScaleMicrogrid/CMakeFiles/scalemicrogrid.dir/build.make examples/PowerElectronics/ScaleMicrogrid/CMakeFiles/scalemicrogrid.dir/depend
make  -f examples/PowerElectronics/ScaleMicrogrid/CMakeFiles/scalemicrogridarbitrary.dir/build.make examples/PowerElectronics/ScaleMicrogrid/CMakeFiles/scalemicrogridarbitrary.dir/depend
make  -f examples/Enzyme/PowerElectronics/CMakeFiles/EnzymePowerElectronicsCheck.dir/build.make examples/Enzyme/PowerElectronics/CMakeFiles/EnzymePowerElectronicsCheck.dir/depend
make[2]: Entering directory '/home/isatkaus/gridkit/build'
cd /home/isatkaus/gridkit/build && /nopt/nrel/apps/cpu_stack/utilities/06-24/linux-rhel8-sapphirerapids/gcc-12.3.0/cmake-3.29.2-6n4msmc4aewj7wyi6b5g644vjrqyqgot/bin/cmake -E cmake_depends "Unix Makefiles" /home/isatkaus/gridkit /home/isatkaus/gridkit/examples/PowerElectronics/DistributedGeneratorTest /home/isatkaus/gridkit/build /home/isatkaus/gridkit/build/examples/PowerElectronics/DistributedGeneratorTest /home/isatkaus/gridkit/build/examples/PowerElectronics/DistributedGeneratorTest/CMakeFiles/dgtest.dir/DependInfo.cmake "--color="
make[2]: Entering directory '/home/isatkaus/gridkit/build'
cd /home/isatkaus/gridkit/build && /nopt/nrel/apps/cpu_stack/utilities/06-24/linux-rhel8-sapphirerapids/gcc-12.3.0/cmake-3.29.2-6n4msmc4aewj7wyi6b5g644vjrqyqgot/bin/cmake -E cmake_depends "Unix Makefiles" /home/isatkaus/gridkit /home/isatkaus/gridkit/examples/PowerElectronics/Microgrid /home/isatkaus/gridkit/build /home/isatkaus/gridkit/build/examples/PowerElectronics/Microgrid /home/isatkaus/gridkit/build/examples/PowerElectronics/Microgrid/CMakeFiles/microgrid.dir/DependInfo.cmake "--color="
make[2]: Entering directory '/home/isatkaus/gridkit/build'
cd /home/isatkaus/gridkit/build && /nopt/nrel/apps/cpu_stack/utilities/06-24/linux-rhel8-sapphirerapids/gcc-12.3.0/cmake-3.29.2-6n4msmc4aewj7wyi6b5g644vjrqyqgot/bin/cmake -E cmake_depends "Unix Makefiles" /home/isatkaus/gridkit /home/isatkaus/gridkit/examples/PowerElectronics/ScaleMicrogrid /home/isatkaus/gridkit/build /home/isatkaus/gridkit/build/examples/PowerElectronics/ScaleMicrogrid /home/isatkaus/gridkit/build/examples/PowerElectronics/ScaleMicrogrid/CMakeFiles/scalemicrogrid.dir/DependInfo.cmake "--color="
make[2]: Entering directory '/home/isatkaus/gridkit/build'
cd /home/isatkaus/gridkit/build && /nopt/nrel/apps/cpu_stack/utilities/06-24/linux-rhel8-sapphirerapids/gcc-12.3.0/cmake-3.29.2-6n4msmc4aewj7wyi6b5g644vjrqyqgot/bin/cmake -E cmake_depends "Unix Makefiles" /home/isatkaus/gridkit /home/isatkaus/gridkit/examples/PowerElectronics/ScaleMicrogrid /home/isatkaus/gridkit/build /home/isatkaus/gridkit/build/examples/PowerElectronics/ScaleMicrogrid /home/isatkaus/gridkit/build/examples/PowerElectronics/ScaleMicrogrid/CMakeFiles/scalemicrogridarbitrary.dir/DependInfo.cmake "--color="
make[2]: Entering directory '/home/isatkaus/gridkit/build'
cd /home/isatkaus/gridkit/build && /nopt/nrel/apps/cpu_stack/utilities/06-24/linux-rhel8-sapphirerapids/gcc-12.3.0/cmake-3.29.2-6n4msmc4aewj7wyi6b5g644vjrqyqgot/bin/cmake -E cmake_depends "Unix Makefiles" /home/isatkaus/gridkit /home/isatkaus/gridkit/examples/Enzyme/PowerElectronics /home/isatkaus/gridkit/build /home/isatkaus/gridkit/build/examples/Enzyme/PowerElectronics /home/isatkaus/gridkit/build/examples/Enzyme/PowerElectronics/CMakeFiles/EnzymePowerElectronicsCheck.dir/DependInfo.cmake "--color="
make[2]: Leaving directory '/home/isatkaus/gridkit/build'
make[2]: Leaving directory '/home/isatkaus/gridkit/build'
[ 50%] Linking CXX shared library libgridkit_phasor_dynamics_bus_dependency_tracking.so
make  -f examples/PowerElectronics/DistributedGeneratorTest/CMakeFiles/dgtest.dir/build.make examples/PowerElectronics/DistributedGeneratorTest/CMakeFiles/dgtest.dir/build
make  -f examples/PowerElectronics/Microgrid/CMakeFiles/microgrid.dir/build.make examples/PowerElectronics/Microgrid/CMakeFiles/microgrid.dir/build
make[2]: Entering directory '/home/isatkaus/gridkit/build'
make[2]: Leaving directory '/home/isatkaus/gridkit/build'
make[2]: Entering directory '/home/isatkaus/gridkit/build'
make  -f examples/PowerElectronics/ScaleMicrogrid/CMakeFiles/scalemicrogridarbitrary.dir/build.make examples/PowerElectronics/ScaleMicrogrid/CMakeFiles/scalemicrogridarbitrary.dir/build
make[2]: Leaving directory '/home/isatkaus/gridkit/build'
make[2]: Leaving directory '/home/isatkaus/gridkit/build'
make  -f examples/Enzyme/PowerElectronics/CMakeFiles/EnzymePowerElectronicsCheck.dir/build.make examples/Enzyme/PowerElectronics/CMakeFiles/EnzymePowerElectronicsCheck.dir/build
make  -f examples/PowerElectronics/ScaleMicrogrid/CMakeFiles/scalemicrogrid.dir/build.make examples/PowerElectronics/ScaleMicrogrid/CMakeFiles/scalemicrogrid.dir/build
make[2]: Entering directory '/home/isatkaus/gridkit/build'
make[2]: Entering directory '/home/isatkaus/gridkit/build'
make[2]: Entering directory '/home/isatkaus/gridkit/build'
cd /home/isatkaus/gridkit/build/GridKit/Model/PhasorDynamics/Bus && /nopt/nrel/apps/cpu_stack/utilities/06-24/linux-rhel8-sapphirerapids/gcc-12.3.0/cmake-3.29.2-6n4msmc4aewj7wyi6b5g644vjrqyqgot/bin/cmake -E cmake_link_script CMakeFiles/phasor_dynamics_bus_dependency_tracking.dir/link.txt --verbose=1
[ 50%] Building CXX object examples/PowerElectronics/DistributedGeneratorTest/CMakeFiles/dgtest.dir/DGTest.cpp.o
[ 51%] Building CXX object examples/PowerElectronics/Microgrid/CMakeFiles/microgrid.dir/Microgrid.cpp.o
[ 52%] Building CXX object examples/PowerElectronics/ScaleMicrogrid/CMakeFiles/scalemicrogridarbitrary.dir/ScaleMicrogridArbitrary.cpp.o
[ 54%] Building CXX object examples/PowerElectronics/ScaleMicrogrid/CMakeFiles/scalemicrogrid.dir/ScaleMicrogrid.cpp.o
[ 54%] Building CXX object examples/Enzyme/PowerElectronics/CMakeFiles/EnzymePowerElectronicsCheck.dir/main.cpp.o
/nopt/nrel/apps/cpu_stack/software/gridkit/llvm/16.0.6/bin/clang++ -fPIC --gcc-toolchain=/nopt/nrel/apps/cpu_stack/compilers/06-24/linux-rhel8-sapphirerapids/gcc-12.3.0/gcc-13.1.0-bmut2ysomhthj6y7oyc73c3cmxye57am -Wall -Wextra -Wconversion -Wpedantic -O2 -g -DNDEBUG -Wl,-rpath,/nopt/nrel/apps/cpu_stack/compilers/06-24/linux-rhel8-sapphirerapids/gcc-12.3.0/gcc-13.1.0-bmut2ysomhthj6y7oyc73c3cmxye57am/lib/gcc/x86_64-pc-linux-gnu/13.1.0/../../../../lib64 -Wl,-rpath,/nopt/nrel/apps/cpu_stack/libraries-gcc/06-24/linux-rhel8-sapphirerapids/gcc-12.3.0/netlib-lapack-3.11.0-abk4uhd5cyrfnhh67bcdhyt6fulibezx/lib64 -shared -Wl,-soname,libgridkit_phasor_dynamics_bus_dependency_tracking.so.0 -o libgridkit_phasor_dynamics_bus_dependency_tracking.so.0.1.0 CMakeFiles/phasor_dynamics_bus_dependency_tracking.dir/BusDependencyTracking.cpp.o CMakeFiles/phasor_dynamics_bus_dependency_tracking.dir/BusInfiniteDependencyTracking.cpp.o  -Wl,-rpath,/home/isatkaus/gridkit/build/GridKit/Utilities/Logger:/home/isatkaus/gridkit/build/GridKit/LinearAlgebra/SparseMatrix: ../../../Utilities/Logger/libgridkit_utilities_logger.so.0.1.0 ../../../LinearAlgebra/SparseMatrix/libgridkit_sparse_matrix.so.0.1.0
make[2]: Leaving directory '/home/isatkaus/gridkit/build'
cd /home/isatkaus/gridkit/build/examples/PowerElectronics/DistributedGeneratorTest && /nopt/nrel/apps/cpu_stack/software/gridkit/llvm/16.0.6/bin/clang++  -I/home/isatkaus/gridkit --gcc-toolchain=/nopt/nrel/apps/cpu_stack/compilers/06-24/linux-rhel8-sapphirerapids/gcc-12.3.0/gcc-13.1.0-bmut2ysomhthj6y7oyc73c3cmxye57am -Wall -Wextra -Wconversion -Wpedantic -O2 -g -DNDEBUG -std=gnu++20 -fPIE -MD -MT examples/PowerElectronics/DistributedGeneratorTest/CMakeFiles/dgtest.dir/DGTest.cpp.o -MF CMakeFiles/dgtest.dir/DGTest.cpp.o.d -o CMakeFiles/dgtest.dir/DGTest.cpp.o -c /home/isatkaus/gridkit/examples/PowerElectronics/DistributedGeneratorTest/DGTest.cpp
cd /home/isatkaus/gridkit/build/examples/PowerElectronics/Microgrid && /nopt/nrel/apps/cpu_stack/software/gridkit/llvm/16.0.6/bin/clang++  -I/home/isatkaus/gridkit -I/home/isatkaus/gridkit/build -isystem /nopt/nrel/apps/cpu_stack/software/gridkit/sundials/develop/include -isystem /nopt/nrel/apps/cpu_stack/software/gridkit/suitesparse/7.8.2/include/suitesparse --gcc-toolchain=/nopt/nrel/apps/cpu_stack/compilers/06-24/linux-rhel8-sapphirerapids/gcc-12.3.0/gcc-13.1.0-bmut2ysomhthj6y7oyc73c3cmxye57am -Wall -Wextra -Wconversion -Wpedantic -O2 -g -DNDEBUG -std=gnu++20 -fPIE -MD -MT examples/PowerElectronics/Microgrid/CMakeFiles/microgrid.dir/Microgrid.cpp.o -MF CMakeFiles/microgrid.dir/Microgrid.cpp.o.d -o CMakeFiles/microgrid.dir/Microgrid.cpp.o -c /home/isatkaus/gridkit/examples/PowerElectronics/Microgrid/Microgrid.cpp
cd /home/isatkaus/gridkit/build/examples/PowerElectronics/ScaleMicrogrid && /nopt/nrel/apps/cpu_stack/software/gridkit/llvm/16.0.6/bin/clang++  -I/home/isatkaus/gridkit -I/home/isatkaus/gridkit/build -isystem /nopt/nrel/apps/cpu_stack/software/gridkit/sundials/develop/include -isystem /nopt/nrel/apps/cpu_stack/software/gridkit/suitesparse/7.8.2/include/suitesparse --gcc-toolchain=/nopt/nrel/apps/cpu_stack/compilers/06-24/linux-rhel8-sapphirerapids/gcc-12.3.0/gcc-13.1.0-bmut2ysomhthj6y7oyc73c3cmxye57am -Wall -Wextra -Wconversion -Wpedantic -O2 -g -DNDEBUG -std=gnu++20 -fPIE -MD -MT examples/PowerElectronics/ScaleMicrogrid/CMakeFiles/scalemicrogridarbitrary.dir/ScaleMicrogridArbitrary.cpp.o -MF CMakeFiles/scalemicrogridarbitrary.dir/ScaleMicrogridArbitrary.cpp.o.d -o CMakeFiles/scalemicrogridarbitrary.dir/ScaleMicrogridArbitrary.cpp.o -c /home/isatkaus/gridkit/examples/PowerElectronics/ScaleMicrogrid/ScaleMicrogridArbitrary.cpp
cd /home/isatkaus/gridkit/build/examples/PowerElectronics/ScaleMicrogrid && /nopt/nrel/apps/cpu_stack/software/gridkit/llvm/16.0.6/bin/clang++  -I/home/isatkaus/gridkit -I/home/isatkaus/gridkit/build -isystem /nopt/nrel/apps/cpu_stack/software/gridkit/sundials/develop/include -isystem /nopt/nrel/apps/cpu_stack/software/gridkit/suitesparse/7.8.2/include/suitesparse --gcc-toolchain=/nopt/nrel/apps/cpu_stack/compilers/06-24/linux-rhel8-sapphirerapids/gcc-12.3.0/gcc-13.1.0-bmut2ysomhthj6y7oyc73c3cmxye57am -Wall -Wextra -Wconversion -Wpedantic -O2 -g -DNDEBUG -std=gnu++20 -fPIE -MD -MT examples/PowerElectronics/ScaleMicrogrid/CMakeFiles/scalemicrogrid.dir/ScaleMicrogrid.cpp.o -MF CMakeFiles/scalemicrogrid.dir/ScaleMicrogrid.cpp.o.d -o CMakeFiles/scalemicrogrid.dir/ScaleMicrogrid.cpp.o -c /home/isatkaus/gridkit/examples/PowerElectronics/ScaleMicrogrid/ScaleMicrogrid.cpp
cd /home/isatkaus/gridkit/build/examples/Enzyme/PowerElectronics && /nopt/nrel/apps/cpu_stack/software/gridkit/llvm/16.0.6/bin/clang++  -I/home/isatkaus/gridkit --gcc-toolchain=/nopt/nrel/apps/cpu_stack/compilers/06-24/linux-rhel8-sapphirerapids/gcc-12.3.0/gcc-13.1.0-bmut2ysomhthj6y7oyc73c3cmxye57am -Wall -Wextra -Wconversion -Wpedantic -O2 -g -DNDEBUG -std=gnu++20 -fPIE -fno-vectorize -ffast-math -fno-unroll-loops -fplugin=/nopt/nrel/apps/cpu_stack/software/gridkit/enzyme/0.0.206/lib/ClangEnzyme-16.so -MD -MT examples/Enzyme/PowerElectronics/CMakeFiles/EnzymePowerElectronicsCheck.dir/main.cpp.o -MF CMakeFiles/EnzymePowerElectronicsCheck.dir/main.cpp.o.d -o CMakeFiles/EnzymePowerElectronicsCheck.dir/main.cpp.o -c /home/isatkaus/gridkit/examples/Enzyme/PowerElectronics/main.cpp
[ 54%] Built target EnzymeStandaloneSparseCheck
make[2]: Leaving directory '/home/isatkaus/gridkit/build'
cd /home/isatkaus/gridkit/build/GridKit/Model/PhasorDynamics/Bus && /nopt/nrel/apps/cpu_stack/utilities/06-24/linux-rhel8-sapphirerapids/gcc-12.3.0/cmake-3.29.2-6n4msmc4aewj7wyi6b5g644vjrqyqgot/bin/cmake -E cmake_symlink_library libgridkit_phasor_dynamics_bus.so.0.1.0 libgridkit_phasor_dynamics_bus.so.0 libgridkit_phasor_dynamics_bus.so
[ 54%] Built target EnzymeLibVectorCheck
[ 54%] Linking CXX shared library libgridkit_testing.so
make[2]: Leaving directory '/home/isatkaus/gridkit/build'
cd /home/isatkaus/gridkit/build/GridKit/Testing && /nopt/nrel/apps/cpu_stack/utilities/06-24/linux-rhel8-sapphirerapids/gcc-12.3.0/cmake-3.29.2-6n4msmc4aewj7wyi6b5g644vjrqyqgot/bin/cmake -E cmake_link_script CMakeFiles/testing.dir/link.txt --verbose=1
make[2]: Leaving directory '/home/isatkaus/gridkit/build'
[ 54%] Built target phasor_dynamics_bus
[ 54%] Built target EnzymeStandaloneVectorCheck
/nopt/nrel/apps/cpu_stack/software/gridkit/llvm/16.0.6/bin/clang++ -fPIC --gcc-toolchain=/nopt/nrel/apps/cpu_stack/compilers/06-24/linux-rhel8-sapphirerapids/gcc-12.3.0/gcc-13.1.0-bmut2ysomhthj6y7oyc73c3cmxye57am -Wall -Wextra -Wconversion -Wpedantic -O2 -g -DNDEBUG -Wl,-rpath,/nopt/nrel/apps/cpu_stack/compilers/06-24/linux-rhel8-sapphirerapids/gcc-12.3.0/gcc-13.1.0-bmut2ysomhthj6y7oyc73c3cmxye57am/lib/gcc/x86_64-pc-linux-gnu/13.1.0/../../../../lib64 -Wl,-rpath,/nopt/nrel/apps/cpu_stack/libraries-gcc/06-24/linux-rhel8-sapphirerapids/gcc-12.3.0/netlib-lapack-3.11.0-abk4uhd5cyrfnhh67bcdhyt6fulibezx/lib64 -shared -Wl,-soname,libgridkit_testing.so.0 -o libgridkit_testing.so.0.1.0 CMakeFiles/testing.dir/Testing.cpp.o CMakeFiles/testing.dir/CSV.cpp.o  -Wl,-rpath,/home/isatkaus/gridkit/build/GridKit/Utilities/CliArgs:/home/isatkaus/gridkit/build/GridKit/Utilities/Logger: ../Utilities/CliArgs/libgridkit_utilities_cli_args.so.0.1.0 ../Utilities/Logger/libgridkit_utilities_logger.so.0.1.0
cd /home/isatkaus/gridkit/build/GridKit/Model/PhasorDynamics/Governor/Tgov1 && /nopt/nrel/apps/cpu_stack/utilities/06-24/linux-rhel8-sapphirerapids/gcc-12.3.0/cmake-3.29.2-6n4msmc4aewj7wyi6b5g644vjrqyqgot/bin/cmake -E cmake_symlink_library libgridkit_phasor_dynamics_governor_tgov1.so.0.1.0 libgridkit_phasor_dynamics_governor_tgov1.so.0 libgridkit_phasor_dynamics_governor_tgov1.so
make[2]: Leaving directory '/home/isatkaus/gridkit/build'
[ 54%] Built target phasor_dynamics_governor_tgov1
[ 55%] Linking CXX shared library libgridkit_phasor_dynamics_bus_fault.so
[ 55%] Linking CXX shared library libgridkit_phasor_dynamics_loadz.so
cd /home/isatkaus/gridkit/build/GridKit/Model/PhasorDynamics/Load/LoadZ && /nopt/nrel/apps/cpu_stack/utilities/06-24/linux-rhel8-sapphirerapids/gcc-12.3.0/cmake-3.29.2-6n4msmc4aewj7wyi6b5g644vjrqyqgot/bin/cmake -E cmake_link_script CMakeFiles/phasor_dynamics_loadz.dir/link.txt --verbose=1
cd /home/isatkaus/gridkit/build/GridKit/Model/PhasorDynamics/BusFault && /nopt/nrel/apps/cpu_stack/utilities/06-24/linux-rhel8-sapphirerapids/gcc-12.3.0/cmake-3.29.2-6n4msmc4aewj7wyi6b5g644vjrqyqgot/bin/cmake -E cmake_link_script CMakeFiles/phasor_dynamics_bus_fault.dir/link.txt --verbose=1
/nopt/nrel/apps/cpu_stack/software/gridkit/llvm/16.0.6/bin/clang++ -fPIC --gcc-toolchain=/nopt/nrel/apps/cpu_stack/compilers/06-24/linux-rhel8-sapphirerapids/gcc-12.3.0/gcc-13.1.0-bmut2ysomhthj6y7oyc73c3cmxye57am -Wall -Wextra -Wconversion -Wpedantic -O2 -g -DNDEBUG -Wl,-rpath,/nopt/nrel/apps/cpu_stack/compilers/06-24/linux-rhel8-sapphirerapids/gcc-12.3.0/gcc-13.1.0-bmut2ysomhthj6y7oyc73c3cmxye57am/lib/gcc/x86_64-pc-linux-gnu/13.1.0/../../../../lib64 -Wl,-rpath,/nopt/nrel/apps/cpu_stack/libraries-gcc/06-24/linux-rhel8-sapphirerapids/gcc-12.3.0/netlib-lapack-3.11.0-abk4uhd5cyrfnhh67bcdhyt6fulibezx/lib64 -shared -Wl,-soname,libgridkit_phasor_dynamics_bus_fault.so.0 -o libgridkit_phasor_dynamics_bus_fault.so.0.1.0 CMakeFiles/phasor_dynamics_bus_fault.dir/BusFaultEnzyme.cpp.o  -Wl,-rpath,/home/isatkaus/gridkit/build/GridKit/Utilities/Logger:/home/isatkaus/gridkit/build/GridKit/LinearAlgebra/SparseMatrix: ../../../Utilities/Logger/libgridkit_utilities_logger.so.0.1.0 ../../../LinearAlgebra/SparseMatrix/libgridkit_sparse_matrix.so.0.1.0
/nopt/nrel/apps/cpu_stack/software/gridkit/llvm/16.0.6/bin/clang++ -fPIC --gcc-toolchain=/nopt/nrel/apps/cpu_stack/compilers/06-24/linux-rhel8-sapphirerapids/gcc-12.3.0/gcc-13.1.0-bmut2ysomhthj6y7oyc73c3cmxye57am -Wall -Wextra -Wconversion -Wpedantic -O2 -g -DNDEBUG -Wl,-rpath,/nopt/nrel/apps/cpu_stack/compilers/06-24/linux-rhel8-sapphirerapids/gcc-12.3.0/gcc-13.1.0-bmut2ysomhthj6y7oyc73c3cmxye57am/lib/gcc/x86_64-pc-linux-gnu/13.1.0/../../../../lib64 -Wl,-rpath,/nopt/nrel/apps/cpu_stack/libraries-gcc/06-24/linux-rhel8-sapphirerapids/gcc-12.3.0/netlib-lapack-3.11.0-abk4uhd5cyrfnhh67bcdhyt6fulibezx/lib64 -shared -Wl,-soname,libgridkit_phasor_dynamics_loadz.so.0 -o libgridkit_phasor_dynamics_loadz.so.0.1.0 CMakeFiles/phasor_dynamics_loadz.dir/LoadZEnzyme.cpp.o  -Wl,-rpath,/home/isatkaus/gridkit/build/GridKit/Utilities/Logger:/home/isatkaus/gridkit/build/GridKit/LinearAlgebra/SparseMatrix: ../../../../Utilities/Logger/libgridkit_utilities_logger.so.0.1.0 ../../../../LinearAlgebra/SparseMatrix/libgridkit_sparse_matrix.so.0.1.0
[ 57%] Linking CXX shared library libgridkit_phasor_dynamics_governor_tgov1_dependency_tracking.so
[ 57%] Linking CXX shared library libgridkit_phasor_dynamics_exciter_sexspti.so
cd /home/isatkaus/gridkit/build/GridKit/Model/PhasorDynamics/Governor/Tgov1 && /nopt/nrel/apps/cpu_stack/utilities/06-24/linux-rhel8-sapphirerapids/gcc-12.3.0/cmake-3.29.2-6n4msmc4aewj7wyi6b5g644vjrqyqgot/bin/cmake -E cmake_link_script CMakeFiles/phasor_dynamics_governor_tgov1_dependency_tracking.dir/link.txt --verbose=1
cd /home/isatkaus/gridkit/build/GridKit/Model/PhasorDynamics/Exciter/SEXS-PTI && /nopt/nrel/apps/cpu_stack/utilities/06-24/linux-rhel8-sapphirerapids/gcc-12.3.0/cmake-3.29.2-6n4msmc4aewj7wyi6b5g644vjrqyqgot/bin/cmake -E cmake_link_script CMakeFiles/phasor_dynamics_exciter_sexspti.dir/link.txt --verbose=1
/nopt/nrel/apps/cpu_stack/software/gridkit/llvm/16.0.6/bin/clang++ -fPIC --gcc-toolchain=/nopt/nrel/apps/cpu_stack/compilers/06-24/linux-rhel8-sapphirerapids/gcc-12.3.0/gcc-13.1.0-bmut2ysomhthj6y7oyc73c3cmxye57am -Wall -Wextra -Wconversion -Wpedantic -O2 -g -DNDEBUG -Wl,-rpath,/nopt/nrel/apps/cpu_stack/compilers/06-24/linux-rhel8-sapphirerapids/gcc-12.3.0/gcc-13.1.0-bmut2ysomhthj6y7oyc73c3cmxye57am/lib/gcc/x86_64-pc-linux-gnu/13.1.0/../../../../lib64 -Wl,-rpath,/nopt/nrel/apps/cpu_stack/libraries-gcc/06-24/linux-rhel8-sapphirerapids/gcc-12.3.0/netlib-lapack-3.11.0-abk4uhd5cyrfnhh67bcdhyt6fulibezx/lib64 -shared -Wl,-soname,libgridkit_phasor_dynamics_exciter_sexspti.so.0 -o libgridkit_phasor_dynamics_exciter_sexspti.so.0.1.0 CMakeFiles/phasor_dynamics_exciter_sexspti.dir/SexsPtiEnzyme.cpp.o  -Wl,-rpath,/home/isatkaus/gridkit/build/GridKit/Model/PhasorDynamics/SignalNode:/home/isatkaus/gridkit/build/GridKit/Utilities/Logger:/home/isatkaus/gridkit/build/GridKit/LinearAlgebra/SparseMatrix: ../../SignalNode/libgridkit_phasor_dynamics_signal.so.0.1.0 ../../../../Utilities/Logger/libgridkit_utilities_logger.so.0.1.0 ../../../../LinearAlgebra/SparseMatrix/libgridkit_sparse_matrix.so.0.1.0
/nopt/nrel/apps/cpu_stack/software/gridkit/llvm/16.0.6/bin/clang++ -fPIC --gcc-toolchain=/nopt/nrel/apps/cpu_stack/compilers/06-24/linux-rhel8-sapphirerapids/gcc-12.3.0/gcc-13.1.0-bmut2ysomhthj6y7oyc73c3cmxye57am -Wall -Wextra -Wconversion -Wpedantic -O2 -g -DNDEBUG -Wl,-rpath,/nopt/nrel/apps/cpu_stack/compilers/06-24/linux-rhel8-sapphirerapids/gcc-12.3.0/gcc-13.1.0-bmut2ysomhthj6y7oyc73c3cmxye57am/lib/gcc/x86_64-pc-linux-gnu/13.1.0/../../../../lib64 -Wl,-rpath,/nopt/nrel/apps/cpu_stack/libraries-gcc/06-24/linux-rhel8-sapphirerapids/gcc-12.3.0/netlib-lapack-3.11.0-abk4uhd5cyrfnhh67bcdhyt6fulibezx/lib64 -shared -Wl,-soname,libgridkit_phasor_dynamics_governor_tgov1_dependency_tracking.so.0 -o libgridkit_phasor_dynamics_governor_tgov1_dependency_tracking.so.0.1.0 CMakeFiles/phasor_dynamics_governor_tgov1_dependency_tracking.dir/Tgov1DependencyTracking.cpp.o  -Wl,-rpath,/home/isatkaus/gridkit/build/GridKit/Model/PhasorDynamics/SignalNode:/home/isatkaus/gridkit/build/GridKit/Utilities/Logger:/home/isatkaus/gridkit/build/GridKit/LinearAlgebra/SparseMatrix: ../../SignalNode/libgridkit_phasor_dynamics_signal_dependency_tracking.so.0.1.0 ../../../../Utilities/Logger/libgridkit_utilities_logger.so.0.1.0 ../../../../LinearAlgebra/SparseMatrix/libgridkit_sparse_matrix.so.0.1.0
[ 57%] Linking CXX shared library libgridkit_phasor_dynamics_loadzip.so
[ 57%] Linking CXX shared library libgridkit_phasor_dynamics_loadz_dependency_tracking.so
cd /home/isatkaus/gridkit/build/GridKit/Model/PhasorDynamics/Load/LoadZIP && /nopt/nrel/apps/cpu_stack/utilities/06-24/linux-rhel8-sapphirerapids/gcc-12.3.0/cmake-3.29.2-6n4msmc4aewj7wyi6b5g644vjrqyqgot/bin/cmake -E cmake_link_script CMakeFiles/phasor_dynamics_loadzip.dir/link.txt --verbose=1
/nopt/nrel/apps/cpu_stack/software/gridkit/llvm/16.0.6/bin/clang++ -fPIC --gcc-toolchain=/nopt/nrel/apps/cpu_stack/compilers/06-24/linux-rhel8-sapphirerapids/gcc-12.3.0/gcc-13.1.0-bmut2ysomhthj6y7oyc73c3cmxye57am -Wall -Wextra -Wconversion -Wpedantic -O2 -g -DNDEBUG -Wl,-rpath,/nopt/nrel/apps/cpu_stack/compilers/06-24/linux-rhel8-sapphirerapids/gcc-12.3.0/gcc-13.1.0-bmut2ysomhthj6y7oyc73c3cmxye57am/lib/gcc/x86_64-pc-linux-gnu/13.1.0/../../../../lib64 -Wl,-rpath,/nopt/nrel/apps/cpu_stack/libraries-gcc/06-24/linux-rhel8-sapphirerapids/gcc-12.3.0/netlib-lapack-3.11.0-abk4uhd5cyrfnhh67bcdhyt6fulibezx/lib64 -shared -Wl,-soname,libgridkit_phasor_dynamics_loadzip.so.0 -o libgridkit_phasor_dynamics_loadzip.so.0.1.0 CMakeFiles/phasor_dynamics_loadzip.dir/LoadZIPEnzyme.cpp.o  -Wl,-rpath,/home/isatkaus/gridkit/build/GridKit/Utilities/Logger:/home/isatkaus/gridkit/build/GridKit/LinearAlgebra/SparseMatrix: ../../../../Utilities/Logger/libgridkit_utilities_logger.so.0.1.0 ../../../../LinearAlgebra/SparseMatrix/libgridkit_sparse_matrix.so.0.1.0
cd /home/isatkaus/gridkit/build/GridKit/Model/PhasorDynamics/Load/LoadZ && /nopt/nrel/apps/cpu_stack/utilities/06-24/linux-rhel8-sapphirerapids/gcc-12.3.0/cmake-3.29.2-6n4msmc4aewj7wyi6b5g644vjrqyqgot/bin/cmake -E cmake_link_script CMakeFiles/phasor_dynamics_loadz_dependency_tracking.dir/link.txt --verbose=1
/nopt/nrel/apps/cpu_stack/software/gridkit/llvm/16.0.6/bin/clang++ -fPIC --gcc-toolchain=/nopt/nrel/apps/cpu_stack/compilers/06-24/linux-rhel8-sapphirerapids/gcc-12.3.0/gcc-13.1.0-bmut2ysomhthj6y7oyc73c3cmxye57am -Wall -Wextra -Wconversion -Wpedantic -O2 -g -DNDEBUG -Wl,-rpath,/nopt/nrel/apps/cpu_stack/compilers/06-24/linux-rhel8-sapphirerapids/gcc-12.3.0/gcc-13.1.0-bmut2ysomhthj6y7oyc73c3cmxye57am/lib/gcc/x86_64-pc-linux-gnu/13.1.0/../../../../lib64 -Wl,-rpath,/nopt/nrel/apps/cpu_stack/libraries-gcc/06-24/linux-rhel8-sapphirerapids/gcc-12.3.0/netlib-lapack-3.11.0-abk4uhd5cyrfnhh67bcdhyt6fulibezx/lib64 -shared -Wl,-soname,libgridkit_phasor_dynamics_loadz_dependency_tracking.so.0 -o libgridkit_phasor_dynamics_loadz_dependency_tracking.so.0.1.0 CMakeFiles/phasor_dynamics_loadz_dependency_tracking.dir/LoadZDependencyTracking.cpp.o  -Wl,-rpath,/home/isatkaus/gridkit/build/GridKit/Utilities/Logger:/home/isatkaus/gridkit/build/GridKit/LinearAlgebra/SparseMatrix: ../../../../Utilities/Logger/libgridkit_utilities_logger.so.0.1.0 ../../../../LinearAlgebra/SparseMatrix/libgridkit_sparse_matrix.so.0.1.0
[ 57%] Linking CXX shared library libgridkit_phasor_dynamics_bus_fault_dependency_tracking.so
cd /home/isatkaus/gridkit/build/GridKit/Model/PhasorDynamics/BusFault && /nopt/nrel/apps/cpu_stack/utilities/06-24/linux-rhel8-sapphirerapids/gcc-12.3.0/cmake-3.29.2-6n4msmc4aewj7wyi6b5g644vjrqyqgot/bin/cmake -E cmake_link_script CMakeFiles/phasor_dynamics_bus_fault_dependency_tracking.dir/link.txt --verbose=1
/nopt/nrel/apps/cpu_stack/software/gridkit/llvm/16.0.6/bin/clang++ -fPIC --gcc-toolchain=/nopt/nrel/apps/cpu_stack/compilers/06-24/linux-rhel8-sapphirerapids/gcc-12.3.0/gcc-13.1.0-bmut2ysomhthj6y7oyc73c3cmxye57am -Wall -Wextra -Wconversion -Wpedantic -O2 -g -DNDEBUG -Wl,-rpath,/nopt/nrel/apps/cpu_stack/compilers/06-24/linux-rhel8-sapphirerapids/gcc-12.3.0/gcc-13.1.0-bmut2ysomhthj6y7oyc73c3cmxye57am/lib/gcc/x86_64-pc-linux-gnu/13.1.0/../../../../lib64 -Wl,-rpath,/nopt/nrel/apps/cpu_stack/libraries-gcc/06-24/linux-rhel8-sapphirerapids/gcc-12.3.0/netlib-lapack-3.11.0-abk4uhd5cyrfnhh67bcdhyt6fulibezx/lib64 -shared -Wl,-soname,libgridkit_phasor_dynamics_bus_fault_dependency_tracking.so.0 -o libgridkit_phasor_dynamics_bus_fault_dependency_tracking.so.0.1.0 CMakeFiles/phasor_dynamics_bus_fault_dependency_tracking.dir/BusFaultDependencyTracking.cpp.o  -Wl,-rpath,/home/isatkaus/gridkit/build/GridKit/Utilities/Logger:/home/isatkaus/gridkit/build/GridKit/LinearAlgebra/SparseMatrix: ../../../Utilities/Logger/libgridkit_utilities_logger.so.0.1.0 ../../../LinearAlgebra/SparseMatrix/libgridkit_sparse_matrix.so.0.1.0
[ 57%] Linking CXX shared library libgridkit_phasor_dynamics_exciter_ieeet1.so
[ 57%] Linking CXX shared library libgridkit_phasor_dynamics_gen_classical.so
cd /home/isatkaus/gridkit/build/GridKit/Model/PhasorDynamics/Exciter/IEEET1 && /nopt/nrel/apps/cpu_stack/utilities/06-24/linux-rhel8-sapphirerapids/gcc-12.3.0/cmake-3.29.2-6n4msmc4aewj7wyi6b5g644vjrqyqgot/bin/cmake -E cmake_link_script CMakeFiles/phasor_dynamics_exciter_ieeet1.dir/link.txt --verbose=1
cd /home/isatkaus/gridkit/build/GridKit/Model/PhasorDynamics/SynchronousMachine/GenClassical && /nopt/nrel/apps/cpu_stack/utilities/06-24/linux-rhel8-sapphirerapids/gcc-12.3.0/cmake-3.29.2-6n4msmc4aewj7wyi6b5g644vjrqyqgot/bin/cmake -E cmake_link_script CMakeFiles/phasor_dynamics_gen_classical.dir/link.txt --verbose=1
[ 57%] Linking CXX shared library libgridkit_phasor_dynamics_branch.so
/nopt/nrel/apps/cpu_stack/software/gridkit/llvm/16.0.6/bin/clang++ -fPIC --gcc-toolchain=/nopt/nrel/apps/cpu_stack/compilers/06-24/linux-rhel8-sapphirerapids/gcc-12.3.0/gcc-13.1.0-bmut2ysomhthj6y7oyc73c3cmxye57am -Wall -Wextra -Wconversion -Wpedantic -O2 -g -DNDEBUG -Wl,-rpath,/nopt/nrel/apps/cpu_stack/compilers/06-24/linux-rhel8-sapphirerapids/gcc-12.3.0/gcc-13.1.0-bmut2ysomhthj6y7oyc73c3cmxye57am/lib/gcc/x86_64-pc-linux-gnu/13.1.0/../../../../lib64 -Wl,-rpath,/nopt/nrel/apps/cpu_stack/libraries-gcc/06-24/linux-rhel8-sapphirerapids/gcc-12.3.0/netlib-lapack-3.11.0-abk4uhd5cyrfnhh67bcdhyt6fulibezx/lib64 -shared -Wl,-soname,libgridkit_phasor_dynamics_exciter_ieeet1.so.0 -o libgridkit_phasor_dynamics_exciter_ieeet1.so.0.1.0 CMakeFiles/phasor_dynamics_exciter_ieeet1.dir/Ieeet1Enzyme.cpp.o  -Wl,-rpath,/home/isatkaus/gridkit/build/GridKit/Model/PhasorDynamics/SignalNode:/home/isatkaus/gridkit/build/GridKit/Utilities/Logger:/home/isatkaus/gridkit/build/GridKit/LinearAlgebra/SparseMatrix: ../../SignalNode/libgridkit_phasor_dynamics_signal.so.0.1.0 ../../../../Utilities/Logger/libgridkit_utilities_logger.so.0.1.0 ../../../../LinearAlgebra/SparseMatrix/libgridkit_sparse_matrix.so.0.1.0
/nopt/nrel/apps/cpu_stack/software/gridkit/llvm/16.0.6/bin/clang++ -fPIC --gcc-toolchain=/nopt/nrel/apps/cpu_stack/compilers/06-24/linux-rhel8-sapphirerapids/gcc-12.3.0/gcc-13.1.0-bmut2ysomhthj6y7oyc73c3cmxye57am -Wall -Wextra -Wconversion -Wpedantic -O2 -g -DNDEBUG -Wl,-rpath,/nopt/nrel/apps/cpu_stack/compilers/06-24/linux-rhel8-sapphirerapids/gcc-12.3.0/gcc-13.1.0-bmut2ysomhthj6y7oyc73c3cmxye57am/lib/gcc/x86_64-pc-linux-gnu/13.1.0/../../../../lib64 -Wl,-rpath,/nopt/nrel/apps/cpu_stack/libraries-gcc/06-24/linux-rhel8-sapphirerapids/gcc-12.3.0/netlib-lapack-3.11.0-abk4uhd5cyrfnhh67bcdhyt6fulibezx/lib64 -shared -Wl,-soname,libgridkit_phasor_dynamics_gen_classical.so.0 -o libgridkit_phasor_dynamics_gen_classical.so.0.1.0 CMakeFiles/phasor_dynamics_gen_classical.dir/GenClassicalEnzyme.cpp.o  -Wl,-rpath,/home/isatkaus/gridkit/build/GridKit/Utilities/Logger:/home/isatkaus/gridkit/build/GridKit/LinearAlgebra/SparseMatrix: ../../../../Utilities/Logger/libgridkit_utilities_logger.so.0.1.0 ../../../../LinearAlgebra/SparseMatrix/libgridkit_sparse_matrix.so.0.1.0
cd /home/isatkaus/gridkit/build/GridKit/Model/PhasorDynamics/Branch && /nopt/nrel/apps/cpu_stack/utilities/06-24/linux-rhel8-sapphirerapids/gcc-12.3.0/cmake-3.29.2-6n4msmc4aewj7wyi6b5g644vjrqyqgot/bin/cmake -E cmake_link_script CMakeFiles/phasor_dynamics_branch.dir/link.txt --verbose=1
/nopt/nrel/apps/cpu_stack/software/gridkit/llvm/16.0.6/bin/clang++ -fPIC --gcc-toolchain=/nopt/nrel/apps/cpu_stack/compilers/06-24/linux-rhel8-sapphirerapids/gcc-12.3.0/gcc-13.1.0-bmut2ysomhthj6y7oyc73c3cmxye57am -Wall -Wextra -Wconversion -Wpedantic -O2 -g -DNDEBUG -Wl,-rpath,/nopt/nrel/apps/cpu_stack/compilers/06-24/linux-rhel8-sapphirerapids/gcc-12.3.0/gcc-13.1.0-bmut2ysomhthj6y7oyc73c3cmxye57am/lib/gcc/x86_64-pc-linux-gnu/13.1.0/../../../../lib64 -Wl,-rpath,/nopt/nrel/apps/cpu_stack/libraries-gcc/06-24/linux-rhel8-sapphirerapids/gcc-12.3.0/netlib-lapack-3.11.0-abk4uhd5cyrfnhh67bcdhyt6fulibezx/lib64 -shared -Wl,-soname,libgridkit_phasor_dynamics_branch.so.0 -o libgridkit_phasor_dynamics_branch.so.0.1.0 CMakeFiles/phasor_dynamics_branch.dir/BranchEnzyme.cpp.o  -Wl,-rpath,/home/isatkaus/gridkit/build/GridKit/Utilities/Logger:/home/isatkaus/gridkit/build/GridKit/LinearAlgebra/SparseMatrix: ../../../Utilities/Logger/libgridkit_utilities_logger.so.0.1.0 ../../../LinearAlgebra/SparseMatrix/libgridkit_sparse_matrix.so.0.1.0
[ 58%] Linking CXX shared library libgridkit_phasor_dynamics_stabilizer_ieeest.so
cd /home/isatkaus/gridkit/build/GridKit/Model/PhasorDynamics/Bus && /nopt/nrel/apps/cpu_stack/utilities/06-24/linux-rhel8-sapphirerapids/gcc-12.3.0/cmake-3.29.2-6n4msmc4aewj7wyi6b5g644vjrqyqgot/bin/cmake -E cmake_symlink_library libgridkit_phasor_dynamics_bus_dependency_tracking.so.0.1.0 libgridkit_phasor_dynamics_bus_dependency_tracking.so.0 libgridkit_phasor_dynamics_bus_dependency_tracking.so
cd /home/isatkaus/gridkit/build/GridKit/Model/PhasorDynamics/Stabilizer/IEEEST && /nopt/nrel/apps/cpu_stack/utilities/06-24/linux-rhel8-sapphirerapids/gcc-12.3.0/cmake-3.29.2-6n4msmc4aewj7wyi6b5g644vjrqyqgot/bin/cmake -E cmake_link_script CMakeFiles/phasor_dynamics_stabilizer_ieeest.dir/link.txt --verbose=1
/nopt/nrel/apps/cpu_stack/software/gridkit/llvm/16.0.6/bin/clang++ -fPIC --gcc-toolchain=/nopt/nrel/apps/cpu_stack/compilers/06-24/linux-rhel8-sapphirerapids/gcc-12.3.0/gcc-13.1.0-bmut2ysomhthj6y7oyc73c3cmxye57am -Wall -Wextra -Wconversion -Wpedantic -O2 -g -DNDEBUG -Wl,-rpath,/nopt/nrel/apps/cpu_stack/compilers/06-24/linux-rhel8-sapphirerapids/gcc-12.3.0/gcc-13.1.0-bmut2ysomhthj6y7oyc73c3cmxye57am/lib/gcc/x86_64-pc-linux-gnu/13.1.0/../../../../lib64 -Wl,-rpath,/nopt/nrel/apps/cpu_stack/libraries-gcc/06-24/linux-rhel8-sapphirerapids/gcc-12.3.0/netlib-lapack-3.11.0-abk4uhd5cyrfnhh67bcdhyt6fulibezx/lib64 -shared -Wl,-soname,libgridkit_phasor_dynamics_stabilizer_ieeest.so.0 -o libgridkit_phasor_dynamics_stabilizer_ieeest.so.0.1.0 CMakeFiles/phasor_dynamics_stabilizer_ieeest.dir/IeeestEnzyme.cpp.o  -Wl,-rpath,/home/isatkaus/gridkit/build/GridKit/Model/PhasorDynamics/SignalNode:/home/isatkaus/gridkit/build/GridKit/Utilities/Logger:/home/isatkaus/gridkit/build/GridKit/LinearAlgebra/SparseMatrix: ../../SignalNode/libgridkit_phasor_dynamics_signal.so.0.1.0 ../../../../Utilities/Logger/libgridkit_utilities_logger.so.0.1.0 ../../../../LinearAlgebra/SparseMatrix/libgridkit_sparse_matrix.so.0.1.0
make[2]: Leaving directory '/home/isatkaus/gridkit/build'
[ 58%] Built target phasor_dynamics_bus_dependency_tracking
[ 59%] Linking CXX shared library libgridkit_phasor_dynamics_loadzip_dependency_tracking.so
cd /home/isatkaus/gridkit/build/GridKit/Model/PhasorDynamics/Load/LoadZIP && /nopt/nrel/apps/cpu_stack/utilities/06-24/linux-rhel8-sapphirerapids/gcc-12.3.0/cmake-3.29.2-6n4msmc4aewj7wyi6b5g644vjrqyqgot/bin/cmake -E cmake_link_script CMakeFiles/phasor_dynamics_loadzip_dependency_tracking.dir/link.txt --verbose=1
/nopt/nrel/apps/cpu_stack/software/gridkit/llvm/16.0.6/bin/clang++ -fPIC --gcc-toolchain=/nopt/nrel/apps/cpu_stack/compilers/06-24/linux-rhel8-sapphirerapids/gcc-12.3.0/gcc-13.1.0-bmut2ysomhthj6y7oyc73c3cmxye57am -Wall -Wextra -Wconversion -Wpedantic -O2 -g -DNDEBUG -Wl,-rpath,/nopt/nrel/apps/cpu_stack/compilers/06-24/linux-rhel8-sapphirerapids/gcc-12.3.0/gcc-13.1.0-bmut2ysomhthj6y7oyc73c3cmxye57am/lib/gcc/x86_64-pc-linux-gnu/13.1.0/../../../../lib64 -Wl,-rpath,/nopt/nrel/apps/cpu_stack/libraries-gcc/06-24/linux-rhel8-sapphirerapids/gcc-12.3.0/netlib-lapack-3.11.0-abk4uhd5cyrfnhh67bcdhyt6fulibezx/lib64 -shared -Wl,-soname,libgridkit_phasor_dynamics_loadzip_dependency_tracking.so.0 -o libgridkit_phasor_dynamics_loadzip_dependency_tracking.so.0.1.0 CMakeFiles/phasor_dynamics_loadzip_dependency_tracking.dir/LoadZIPDependencyTracking.cpp.o  -Wl,-rpath,/home/isatkaus/gridkit/build/GridKit/Utilities/Logger:/home/isatkaus/gridkit/build/GridKit/LinearAlgebra/SparseMatrix: ../../../../Utilities/Logger/libgridkit_utilities_logger.so.0.1.0 ../../../../LinearAlgebra/SparseMatrix/libgridkit_sparse_matrix.so.0.1.0
cd /home/isatkaus/gridkit/build/GridKit/Testing && /nopt/nrel/apps/cpu_stack/utilities/06-24/linux-rhel8-sapphirerapids/gcc-12.3.0/cmake-3.29.2-6n4msmc4aewj7wyi6b5g644vjrqyqgot/bin/cmake -E cmake_symlink_library libgridkit_testing.so.0.1.0 libgridkit_testing.so.0 libgridkit_testing.so
make[2]: Leaving directory '/home/isatkaus/gridkit/build'
[ 59%] Built target testing
make  -f tests/UnitTests/AutomaticDifferentiation/DependencyTracking/CMakeFiles/test_dependency_tracking.dir/build.make tests/UnitTests/AutomaticDifferentiation/DependencyTracking/CMakeFiles/test_dependency_tracking.dir/depend
make  -f tests/UnitTests/LinearAlgebra/SparseMatrix/CMakeFiles/test_sparse_csr.dir/build.make tests/UnitTests/LinearAlgebra/SparseMatrix/CMakeFiles/test_sparse_csr.dir/depend
make  -f tests/UnitTests/LinearAlgebra/SparseMatrix/CMakeFiles/test_sparse_coo.dir/build.make tests/UnitTests/LinearAlgebra/SparseMatrix/CMakeFiles/test_sparse_coo.dir/depend
make  -f tests/UnitTests/LinearAlgebra/Vector/CMakeFiles/test_vector.dir/build.make tests/UnitTests/LinearAlgebra/Vector/CMakeFiles/test_vector.dir/depend
make  -f tests/UnitTests/Math/CMakeFiles/test_math_smoothness_indicator.dir/build.make tests/UnitTests/Math/CMakeFiles/test_math_smoothness_indicator.dir/depend
make  -f tests/UnitTests/PhasorDynamics/CMakeFiles/test_phasor_bus.dir/build.make tests/UnitTests/PhasorDynamics/CMakeFiles/test_phasor_bus.dir/depend
make  -f tests/UnitTests/PhasorDynamics/CMakeFiles/test_phasor_bustosignaladapter.dir/build.make tests/UnitTests/PhasorDynamics/CMakeFiles/test_phasor_bustosignaladapter.dir/depend
make  -f tests/UnitTests/PowerElectronics/CMakeFiles/test_power_electronics_node.dir/build.make tests/UnitTests/PowerElectronics/CMakeFiles/test_power_electronics_node.dir/depend
make  -f tests/UnitTests/Solver/Dynamic/CMakeFiles/test_ida.dir/build.make tests/UnitTests/Solver/Dynamic/CMakeFiles/test_ida.dir/depend
make  -f tests/UnitTests/Utilities/CMakeFiles/test_logger.dir/build.make tests/UnitTests/Utilities/CMakeFiles/test_logger.dir/depend
make  -f tests/UnitTests/Utilities/CMakeFiles/test_cli_args.dir/build.make tests/UnitTests/Utilities/CMakeFiles/test_cli_args.dir/depend
make[2]: Entering directory '/home/isatkaus/gridkit/build'
cd /home/isatkaus/gridkit/build && /nopt/nrel/apps/cpu_stack/utilities/06-24/linux-rhel8-sapphirerapids/gcc-12.3.0/cmake-3.29.2-6n4msmc4aewj7wyi6b5g644vjrqyqgot/bin/cmake -E cmake_depends "Unix Makefiles" /home/isatkaus/gridkit /home/isatkaus/gridkit/tests/UnitTests/LinearAlgebra/Vector /home/isatkaus/gridkit/build /home/isatkaus/gridkit/build/tests/UnitTests/LinearAlgebra/Vector /home/isatkaus/gridkit/build/tests/UnitTests/LinearAlgebra/Vector/CMakeFiles/test_vector.dir/DependInfo.cmake "--color="
make[2]: Entering directory '/home/isatkaus/gridkit/build'
cd /home/isatkaus/gridkit/build && /nopt/nrel/apps/cpu_stack/utilities/06-24/linux-rhel8-sapphirerapids/gcc-12.3.0/cmake-3.29.2-6n4msmc4aewj7wyi6b5g644vjrqyqgot/bin/cmake -E cmake_depends "Unix Makefiles" /home/isatkaus/gridkit /home/isatkaus/gridkit/tests/UnitTests/AutomaticDifferentiation/DependencyTracking /home/isatkaus/gridkit/build /home/isatkaus/gridkit/build/tests/UnitTests/AutomaticDifferentiation/DependencyTracking /home/isatkaus/gridkit/build/tests/UnitTests/AutomaticDifferentiation/DependencyTracking/CMakeFiles/test_dependency_tracking.dir/DependInfo.cmake "--color="
make[2]: Entering directory '/home/isatkaus/gridkit/build'
cd /home/isatkaus/gridkit/build && /nopt/nrel/apps/cpu_stack/utilities/06-24/linux-rhel8-sapphirerapids/gcc-12.3.0/cmake-3.29.2-6n4msmc4aewj7wyi6b5g644vjrqyqgot/bin/cmake -E cmake_depends "Unix Makefiles" /home/isatkaus/gridkit /home/isatkaus/gridkit/tests/UnitTests/Math /home/isatkaus/gridkit/build /home/isatkaus/gridkit/build/tests/UnitTests/Math /home/isatkaus/gridkit/build/tests/UnitTests/Math/CMakeFiles/test_math_smoothness_indicator.dir/DependInfo.cmake "--color="
make[2]: Entering directory '/home/isatkaus/gridkit/build'
cd /home/isatkaus/gridkit/build && /nopt/nrel/apps/cpu_stack/utilities/06-24/linux-rhel8-sapphirerapids/gcc-12.3.0/cmake-3.29.2-6n4msmc4aewj7wyi6b5g644vjrqyqgot/bin/cmake -E cmake_depends "Unix Makefiles" /home/isatkaus/gridkit /home/isatkaus/gridkit/tests/UnitTests/LinearAlgebra/SparseMatrix /home/isatkaus/gridkit/build /home/isatkaus/gridkit/build/tests/UnitTests/LinearAlgebra/SparseMatrix /home/isatkaus/gridkit/build/tests/UnitTests/LinearAlgebra/SparseMatrix/CMakeFiles/test_sparse_csr.dir/DependInfo.cmake "--color="
make[2]: Entering directory '/home/isatkaus/gridkit/build'
cd /home/isatkaus/gridkit/build && /nopt/nrel/apps/cpu_stack/utilities/06-24/linux-rhel8-sapphirerapids/gcc-12.3.0/cmake-3.29.2-6n4msmc4aewj7wyi6b5g644vjrqyqgot/bin/cmake -E cmake_depends "Unix Makefiles" /home/isatkaus/gridkit /home/isatkaus/gridkit/tests/UnitTests/PhasorDynamics /home/isatkaus/gridkit/build /home/isatkaus/gridkit/build/tests/UnitTests/PhasorDynamics /home/isatkaus/gridkit/build/tests/UnitTests/PhasorDynamics/CMakeFiles/test_phasor_bus.dir/DependInfo.cmake "--color="
make[2]: Entering directory '/home/isatkaus/gridkit/build'
cd /home/isatkaus/gridkit/build && /nopt/nrel/apps/cpu_stack/utilities/06-24/linux-rhel8-sapphirerapids/gcc-12.3.0/cmake-3.29.2-6n4msmc4aewj7wyi6b5g644vjrqyqgot/bin/cmake -E cmake_depends "Unix Makefiles" /home/isatkaus/gridkit /home/isatkaus/gridkit/tests/UnitTests/LinearAlgebra/SparseMatrix /home/isatkaus/gridkit/build /home/isatkaus/gridkit/build/tests/UnitTests/LinearAlgebra/SparseMatrix /home/isatkaus/gridkit/build/tests/UnitTests/LinearAlgebra/SparseMatrix/CMakeFiles/test_sparse_coo.dir/DependInfo.cmake "--color="
make[2]: Entering directory '/home/isatkaus/gridkit/build'
cd /home/isatkaus/gridkit/build && /nopt/nrel/apps/cpu_stack/utilities/06-24/linux-rhel8-sapphirerapids/gcc-12.3.0/cmake-3.29.2-6n4msmc4aewj7wyi6b5g644vjrqyqgot/bin/cmake -E cmake_depends "Unix Makefiles" /home/isatkaus/gridkit /home/isatkaus/gridkit/tests/UnitTests/PhasorDynamics /home/isatkaus/gridkit/build /home/isatkaus/gridkit/build/tests/UnitTests/PhasorDynamics /home/isatkaus/gridkit/build/tests/UnitTests/PhasorDynamics/CMakeFiles/test_phasor_bustosignaladapter.dir/DependInfo.cmake "--color="
make[2]: Entering directory '/home/isatkaus/gridkit/build'
cd /home/isatkaus/gridkit/build && /nopt/nrel/apps/cpu_stack/utilities/06-24/linux-rhel8-sapphirerapids/gcc-12.3.0/cmake-3.29.2-6n4msmc4aewj7wyi6b5g644vjrqyqgot/bin/cmake -E cmake_depends "Unix Makefiles" /home/isatkaus/gridkit /home/isatkaus/gridkit/tests/UnitTests/PowerElectronics /home/isatkaus/gridkit/build /home/isatkaus/gridkit/build/tests/UnitTests/PowerElectronics /home/isatkaus/gridkit/build/tests/UnitTests/PowerElectronics/CMakeFiles/test_power_electronics_node.dir/DependInfo.cmake "--color="
make[2]: Entering directory '/home/isatkaus/gridkit/build'
cd /home/isatkaus/gridkit/build && /nopt/nrel/apps/cpu_stack/utilities/06-24/linux-rhel8-sapphirerapids/gcc-12.3.0/cmake-3.29.2-6n4msmc4aewj7wyi6b5g644vjrqyqgot/bin/cmake -E cmake_depends "Unix Makefiles" /home/isatkaus/gridkit /home/isatkaus/gridkit/tests/UnitTests/Solver/Dynamic /home/isatkaus/gridkit/build /home/isatkaus/gridkit/build/tests/UnitTests/Solver/Dynamic /home/isatkaus/gridkit/build/tests/UnitTests/Solver/Dynamic/CMakeFiles/test_ida.dir/DependInfo.cmake "--color="
make[2]: Entering directory '/home/isatkaus/gridkit/build'
cd /home/isatkaus/gridkit/build && /nopt/nrel/apps/cpu_stack/utilities/06-24/linux-rhel8-sapphirerapids/gcc-12.3.0/cmake-3.29.2-6n4msmc4aewj7wyi6b5g644vjrqyqgot/bin/cmake -E cmake_depends "Unix Makefiles" /home/isatkaus/gridkit /home/isatkaus/gridkit/tests/UnitTests/Utilities /home/isatkaus/gridkit/build /home/isatkaus/gridkit/build/tests/UnitTests/Utilities /home/isatkaus/gridkit/build/tests/UnitTests/Utilities/CMakeFiles/test_logger.dir/DependInfo.cmake "--color="
make[2]: Entering directory '/home/isatkaus/gridkit/build'
cd /home/isatkaus/gridkit/build && /nopt/nrel/apps/cpu_stack/utilities/06-24/linux-rhel8-sapphirerapids/gcc-12.3.0/cmake-3.29.2-6n4msmc4aewj7wyi6b5g644vjrqyqgot/bin/cmake -E cmake_depends "Unix Makefiles" /home/isatkaus/gridkit /home/isatkaus/gridkit/tests/UnitTests/Utilities /home/isatkaus/gridkit/build /home/isatkaus/gridkit/build/tests/UnitTests/Utilities /home/isatkaus/gridkit/build/tests/UnitTests/Utilities/CMakeFiles/test_cli_args.dir/DependInfo.cmake "--color="
make[2]: Leaving directory '/home/isatkaus/gridkit/build'
make  -f tests/UnitTests/LinearAlgebra/Vector/CMakeFiles/test_vector.dir/build.make tests/UnitTests/LinearAlgebra/Vector/CMakeFiles/test_vector.dir/build
make[2]: Entering directory '/home/isatkaus/gridkit/build'
make[2]: Leaving directory '/home/isatkaus/gridkit/build'
make  -f tests/UnitTests/AutomaticDifferentiation/DependencyTracking/CMakeFiles/test_dependency_tracking.dir/build.make tests/UnitTests/AutomaticDifferentiation/DependencyTracking/CMakeFiles/test_dependency_tracking.dir/build
[ 59%] Building CXX object tests/UnitTests/LinearAlgebra/Vector/CMakeFiles/test_vector.dir/runVectorTests.cpp.o
make[2]: Entering directory '/home/isatkaus/gridkit/build'
make[2]: Leaving directory '/home/isatkaus/gridkit/build'
make[2]: Leaving directory '/home/isatkaus/gridkit/build'
make  -f tests/UnitTests/LinearAlgebra/SparseMatrix/CMakeFiles/test_sparse_csr.dir/build.make tests/UnitTests/LinearAlgebra/SparseMatrix/CMakeFiles/test_sparse_csr.dir/build
[ 60%] Building CXX object tests/UnitTests/AutomaticDifferentiation/DependencyTracking/CMakeFiles/test_dependency_tracking.dir/runDependencyTrackingTests.cpp.o
make  -f tests/UnitTests/PhasorDynamics/CMakeFiles/test_phasor_bus.dir/build.make tests/UnitTests/PhasorDynamics/CMakeFiles/test_phasor_bus.dir/build
make[2]: Leaving directory '/home/isatkaus/gridkit/build'
make[2]: Leaving directory '/home/isatkaus/gridkit/build'
make  -f tests/UnitTests/PhasorDynamics/CMakeFiles/test_phasor_bustosignaladapter.dir/build.make tests/UnitTests/PhasorDynamics/CMakeFiles/test_phasor_bustosignaladapter.dir/build
make  -f tests/UnitTests/Math/CMakeFiles/test_math_smoothness_indicator.dir/build.make tests/UnitTests/Math/CMakeFiles/test_math_smoothness_indicator.dir/build
make[2]: Leaving directory '/home/isatkaus/gridkit/build'
make[2]: Entering directory '/home/isatkaus/gridkit/build'
make[2]: Leaving directory '/home/isatkaus/gridkit/build'
make[2]: Leaving directory '/home/isatkaus/gridkit/build'
make[2]: Leaving directory '/home/isatkaus/gridkit/build'
make  -f tests/UnitTests/Solver/Dynamic/CMakeFiles/test_ida.dir/build.make tests/UnitTests/Solver/Dynamic/CMakeFiles/test_ida.dir/build
make[2]: Entering directory '/home/isatkaus/gridkit/build'
make  -f tests/UnitTests/LinearAlgebra/SparseMatrix/CMakeFiles/test_sparse_coo.dir/build.make tests/UnitTests/LinearAlgebra/SparseMatrix/CMakeFiles/test_sparse_coo.dir/build
make[2]: Leaving directory '/home/isatkaus/gridkit/build'
make  -f tests/UnitTests/PowerElectronics/CMakeFiles/test_power_electronics_node.dir/build.make tests/UnitTests/PowerElectronics/CMakeFiles/test_power_electronics_node.dir/build
make  -f tests/UnitTests/Utilities/CMakeFiles/test_logger.dir/build.make tests/UnitTests/Utilities/CMakeFiles/test_logger.dir/build
make  -f tests/UnitTests/Utilities/CMakeFiles/test_cli_args.dir/build.make tests/UnitTests/Utilities/CMakeFiles/test_cli_args.dir/build
make[2]: Entering directory '/home/isatkaus/gridkit/build'
make[2]: Entering directory '/home/isatkaus/gridkit/build'
cd /home/isatkaus/gridkit/build/tests/UnitTests/LinearAlgebra/Vector && /nopt/nrel/apps/cpu_stack/software/gridkit/llvm/16.0.6/bin/clang++  -I/home/isatkaus/gridkit --gcc-toolchain=/nopt/nrel/apps/cpu_stack/compilers/06-24/linux-rhel8-sapphirerapids/gcc-12.3.0/gcc-13.1.0-bmut2ysomhthj6y7oyc73c3cmxye57am -Wall -Wextra -Wconversion -Wpedantic -O2 -g -DNDEBUG -std=gnu++20 -fPIE -MD -MT tests/UnitTests/LinearAlgebra/Vector/CMakeFiles/test_vector.dir/runVectorTests.cpp.o -MF CMakeFiles/test_vector.dir/runVectorTests.cpp.o.d -o CMakeFiles/test_vector.dir/runVectorTests.cpp.o -c /home/isatkaus/gridkit/tests/UnitTests/LinearAlgebra/Vector/runVectorTests.cpp
make[2]: Entering directory '/home/isatkaus/gridkit/build'
make[2]: Entering directory '/home/isatkaus/gridkit/build'
make[2]: Entering directory '/home/isatkaus/gridkit/build'
make[2]: Entering directory '/home/isatkaus/gridkit/build'
make[2]: Entering directory '/home/isatkaus/gridkit/build'
cd /home/isatkaus/gridkit/build/tests/UnitTests/AutomaticDifferentiation/DependencyTracking && /nopt/nrel/apps/cpu_stack/software/gridkit/llvm/16.0.6/bin/clang++  -I/home/isatkaus/gridkit -I/home/isatkaus/gridkit/build --gcc-toolchain=/nopt/nrel/apps/cpu_stack/compilers/06-24/linux-rhel8-sapphirerapids/gcc-12.3.0/gcc-13.1.0-bmut2ysomhthj6y7oyc73c3cmxye57am -Wall -Wextra -Wconversion -Wpedantic -O2 -g -DNDEBUG -std=gnu++20 -fPIE -MD -MT tests/UnitTests/AutomaticDifferentiation/DependencyTracking/CMakeFiles/test_dependency_tracking.dir/runDependencyTrackingTests.cpp.o -MF CMakeFiles/test_dependency_tracking.dir/runDependencyTrackingTests.cpp.o.d -o CMakeFiles/test_dependency_tracking.dir/runDependencyTrackingTests.cpp.o -c /home/isatkaus/gridkit/tests/UnitTests/AutomaticDifferentiation/DependencyTracking/runDependencyTrackingTests.cpp
[ 61%] Building CXX object tests/UnitTests/LinearAlgebra/SparseMatrix/CMakeFiles/test_sparse_csr.dir/runSparseCsrTests.cpp.o
[ 61%] Building CXX object tests/UnitTests/PhasorDynamics/CMakeFiles/test_phasor_bus.dir/runBusTests.cpp.o
[ 61%] Building CXX object tests/UnitTests/PhasorDynamics/CMakeFiles/test_phasor_bustosignaladapter.dir/runBusToSignalAdapterTests.cpp.o
[ 62%] Linking CXX shared library libgridkit_phasor_dynamics_exciter_sexspti_dependency_tracking.so
[ 62%] Building CXX object tests/UnitTests/Math/CMakeFiles/test_math_smoothness_indicator.dir/runSmoothnessIndicatorTests.cpp.o
[ 62%] Building CXX object tests/UnitTests/Solver/Dynamic/CMakeFiles/test_ida.dir/runIdaTests.cpp.o
[ 62%] Building CXX object tests/UnitTests/LinearAlgebra/SparseMatrix/CMakeFiles/test_sparse_coo.dir/runSparseCooTests.cpp.o
[ 62%] Building CXX object tests/UnitTests/Utilities/CMakeFiles/test_logger.dir/runLoggerTests.cpp.o
[ 62%] Building CXX object tests/UnitTests/Utilities/CMakeFiles/test_cli_args.dir/runCliArgsTests.cpp.o
[ 62%] Building CXX object tests/UnitTests/PowerElectronics/CMakeFiles/test_power_electronics_node.dir/runCircuitNodeTests.cpp.o
[ 63%] Linking CXX shared library libgridkit_solvers_opt.so
cd /home/isatkaus/gridkit/build/tests/UnitTests/LinearAlgebra/SparseMatrix && /nopt/nrel/apps/cpu_stack/software/gridkit/llvm/16.0.6/bin/clang++  -I/home/isatkaus/gridkit --gcc-toolchain=/nopt/nrel/apps/cpu_stack/compilers/06-24/linux-rhel8-sapphirerapids/gcc-12.3.0/gcc-13.1.0-bmut2ysomhthj6y7oyc73c3cmxye57am -Wall -Wextra -Wconversion -Wpedantic -O2 -g -DNDEBUG -std=gnu++20 -fPIE -MD -MT tests/UnitTests/LinearAlgebra/SparseMatrix/CMakeFiles/test_sparse_csr.dir/runSparseCsrTests.cpp.o -MF CMakeFiles/test_sparse_csr.dir/runSparseCsrTests.cpp.o.d -o CMakeFiles/test_sparse_csr.dir/runSparseCsrTests.cpp.o -c /home/isatkaus/gridkit/tests/UnitTests/LinearAlgebra/SparseMatrix/runSparseCsrTests.cpp
cd /home/isatkaus/gridkit/build/tests/UnitTests/PhasorDynamics && /nopt/nrel/apps/cpu_stack/software/gridkit/llvm/16.0.6/bin/clang++  -I/home/isatkaus/gridkit -I/home/isatkaus/gridkit/build --gcc-toolchain=/nopt/nrel/apps/cpu_stack/compilers/06-24/linux-rhel8-sapphirerapids/gcc-12.3.0/gcc-13.1.0-bmut2ysomhthj6y7oyc73c3cmxye57am -Wall -Wextra -Wconversion -Wpedantic -O2 -g -DNDEBUG -std=gnu++20 -fPIE -MD -MT tests/UnitTests/PhasorDynamics/CMakeFiles/test_phasor_bus.dir/runBusTests.cpp.o -MF CMakeFiles/test_phasor_bus.dir/runBusTests.cpp.o.d -o CMakeFiles/test_phasor_bus.dir/runBusTests.cpp.o -c /home/isatkaus/gridkit/tests/UnitTests/PhasorDynamics/runBusTests.cpp
cd /home/isatkaus/gridkit/build/tests/UnitTests/PhasorDynamics && /nopt/nrel/apps/cpu_stack/software/gridkit/llvm/16.0.6/bin/clang++  -I/home/isatkaus/gridkit -I/home/isatkaus/gridkit/build --gcc-toolchain=/nopt/nrel/apps/cpu_stack/compilers/06-24/linux-rhel8-sapphirerapids/gcc-12.3.0/gcc-13.1.0-bmut2ysomhthj6y7oyc73c3cmxye57am -Wall -Wextra -Wconversion -Wpedantic -O2 -g -DNDEBUG -std=gnu++20 -fPIE -MD -MT tests/UnitTests/PhasorDynamics/CMakeFiles/test_phasor_bustosignaladapter.dir/runBusToSignalAdapterTests.cpp.o -MF CMakeFiles/test_phasor_bustosignaladapter.dir/runBusToSignalAdapterTests.cpp.o.d -o CMakeFiles/test_phasor_bustosignaladapter.dir/runBusToSignalAdapterTests.cpp.o -c /home/isatkaus/gridkit/tests/UnitTests/PhasorDynamics/runBusToSignalAdapterTests.cpp
cd /home/isatkaus/gridkit/build/GridKit/Model/PhasorDynamics/Exciter/SEXS-PTI && /nopt/nrel/apps/cpu_stack/utilities/06-24/linux-rhel8-sapphirerapids/gcc-12.3.0/cmake-3.29.2-6n4msmc4aewj7wyi6b5g644vjrqyqgot/bin/cmake -E cmake_link_script CMakeFiles/phasor_dynamics_exciter_sexspti_dependency_tracking.dir/link.txt --verbose=1
cd /home/isatkaus/gridkit/build/tests/UnitTests/Math && /nopt/nrel/apps/cpu_stack/software/gridkit/llvm/16.0.6/bin/clang++  -I/home/isatkaus/gridkit/build -I/home/isatkaus/gridkit --gcc-toolchain=/nopt/nrel/apps/cpu_stack/compilers/06-24/linux-rhel8-sapphirerapids/gcc-12.3.0/gcc-13.1.0-bmut2ysomhthj6y7oyc73c3cmxye57am -Wall -Wextra -Wconversion -Wpedantic -O2 -g -DNDEBUG -std=gnu++20 -fPIE -MD -MT tests/UnitTests/Math/CMakeFiles/test_math_smoothness_indicator.dir/runSmoothnessIndicatorTests.cpp.o -MF CMakeFiles/test_math_smoothness_indicator.dir/runSmoothnessIndicatorTests.cpp.o.d -o CMakeFiles/test_math_smoothness_indicator.dir/runSmoothnessIndicatorTests.cpp.o -c /home/isatkaus/gridkit/tests/UnitTests/Math/runSmoothnessIndicatorTests.cpp
cd /home/isatkaus/gridkit/build/tests/UnitTests/Solver/Dynamic && /nopt/nrel/apps/cpu_stack/software/gridkit/llvm/16.0.6/bin/clang++  -I/home/isatkaus/gridkit -I/home/isatkaus/gridkit/build -isystem /nopt/nrel/apps/cpu_stack/software/gridkit/sundials/develop/include -isystem /nopt/nrel/apps/cpu_stack/software/gridkit/suitesparse/7.8.2/include/suitesparse --gcc-toolchain=/nopt/nrel/apps/cpu_stack/compilers/06-24/linux-rhel8-sapphirerapids/gcc-12.3.0/gcc-13.1.0-bmut2ysomhthj6y7oyc73c3cmxye57am -Wall -Wextra -Wconversion -Wpedantic -O2 -g -DNDEBUG -std=gnu++20 -fPIE -MD -MT tests/UnitTests/Solver/Dynamic/CMakeFiles/test_ida.dir/runIdaTests.cpp.o -MF CMakeFiles/test_ida.dir/runIdaTests.cpp.o.d -o CMakeFiles/test_ida.dir/runIdaTests.cpp.o -c /home/isatkaus/gridkit/tests/UnitTests/Solver/Dynamic/runIdaTests.cpp
cd /home/isatkaus/gridkit/build/tests/UnitTests/LinearAlgebra/SparseMatrix && /nopt/nrel/apps/cpu_stack/software/gridkit/llvm/16.0.6/bin/clang++  -I/home/isatkaus/gridkit --gcc-toolchain=/nopt/nrel/apps/cpu_stack/compilers/06-24/linux-rhel8-sapphirerapids/gcc-12.3.0/gcc-13.1.0-bmut2ysomhthj6y7oyc73c3cmxye57am -Wall -Wextra -Wconversion -Wpedantic -O2 -g -DNDEBUG -std=gnu++20 -fPIE -MD -MT tests/UnitTests/LinearAlgebra/SparseMatrix/CMakeFiles/test_sparse_coo.dir/runSparseCooTests.cpp.o -MF CMakeFiles/test_sparse_coo.dir/runSparseCooTests.cpp.o.d -o CMakeFiles/test_sparse_coo.dir/runSparseCooTests.cpp.o -c /home/isatkaus/gridkit/tests/UnitTests/LinearAlgebra/SparseMatrix/runSparseCooTests.cpp
cd /home/isatkaus/gridkit/build/tests/UnitTests/Utilities && /nopt/nrel/apps/cpu_stack/software/gridkit/llvm/16.0.6/bin/clang++  -I/home/isatkaus/gridkit --gcc-toolchain=/nopt/nrel/apps/cpu_stack/compilers/06-24/linux-rhel8-sapphirerapids/gcc-12.3.0/gcc-13.1.0-bmut2ysomhthj6y7oyc73c3cmxye57am -Wall -Wextra -Wconversion -Wpedantic -O2 -g -DNDEBUG -std=gnu++20 -fPIE -MD -MT tests/UnitTests/Utilities/CMakeFiles/test_logger.dir/runLoggerTests.cpp.o -MF CMakeFiles/test_logger.dir/runLoggerTests.cpp.o.d -o CMakeFiles/test_logger.dir/runLoggerTests.cpp.o -c /home/isatkaus/gridkit/tests/UnitTests/Utilities/runLoggerTests.cpp
cd /home/isatkaus/gridkit/build/tests/UnitTests/PowerElectronics && /nopt/nrel/apps/cpu_stack/software/gridkit/llvm/16.0.6/bin/clang++  -I/home/isatkaus/gridkit --gcc-toolchain=/nopt/nrel/apps/cpu_stack/compilers/06-24/linux-rhel8-sapphirerapids/gcc-12.3.0/gcc-13.1.0-bmut2ysomhthj6y7oyc73c3cmxye57am -Wall -Wextra -Wconversion -Wpedantic -O2 -g -DNDEBUG -std=gnu++20 -fPIE -MD -MT tests/UnitTests/PowerElectronics/CMakeFiles/test_power_electronics_node.dir/runCircuitNodeTests.cpp.o -MF CMakeFiles/test_power_electronics_node.dir/runCircuitNodeTests.cpp.o.d -o CMakeFiles/test_power_electronics_node.dir/runCircuitNodeTests.cpp.o -c /home/isatkaus/gridkit/tests/UnitTests/PowerElectronics/runCircuitNodeTests.cpp
cd /home/isatkaus/gridkit/build/tests/UnitTests/Utilities && /nopt/nrel/apps/cpu_stack/software/gridkit/llvm/16.0.6/bin/clang++  -I/home/isatkaus/gridkit --gcc-toolchain=/nopt/nrel/apps/cpu_stack/compilers/06-24/linux-rhel8-sapphirerapids/gcc-12.3.0/gcc-13.1.0-bmut2ysomhthj6y7oyc73c3cmxye57am -Wall -Wextra -Wconversion -Wpedantic -O2 -g -DNDEBUG -std=gnu++20 -fPIE -MD -MT tests/UnitTests/Utilities/CMakeFiles/test_cli_args.dir/runCliArgsTests.cpp.o -MF CMakeFiles/test_cli_args.dir/runCliArgsTests.cpp.o.d -o CMakeFiles/test_cli_args.dir/runCliArgsTests.cpp.o -c /home/isatkaus/gridkit/tests/UnitTests/Utilities/runCliArgsTests.cpp
cd /home/isatkaus/gridkit/build/GridKit/Solver/Optimization && /nopt/nrel/apps/cpu_stack/utilities/06-24/linux-rhel8-sapphirerapids/gcc-12.3.0/cmake-3.29.2-6n4msmc4aewj7wyi6b5g644vjrqyqgot/bin/cmake -E cmake_link_script CMakeFiles/solvers_opt.dir/link.txt --verbose=1
/nopt/nrel/apps/cpu_stack/software/gridkit/llvm/16.0.6/bin/clang++ -fPIC --gcc-toolchain=/nopt/nrel/apps/cpu_stack/compilers/06-24/linux-rhel8-sapphirerapids/gcc-12.3.0/gcc-13.1.0-bmut2ysomhthj6y7oyc73c3cmxye57am -Wall -Wextra -Wconversion -Wpedantic -O2 -g -DNDEBUG -Wl,-rpath,/nopt/nrel/apps/cpu_stack/compilers/06-24/linux-rhel8-sapphirerapids/gcc-12.3.0/gcc-13.1.0-bmut2ysomhthj6y7oyc73c3cmxye57am/lib/gcc/x86_64-pc-linux-gnu/13.1.0/../../../../lib64 -Wl,-rpath,/nopt/nrel/apps/cpu_stack/libraries-gcc/06-24/linux-rhel8-sapphirerapids/gcc-12.3.0/netlib-lapack-3.11.0-abk4uhd5cyrfnhh67bcdhyt6fulibezx/lib64 -shared -Wl,-soname,libgridkit_phasor_dynamics_exciter_sexspti_dependency_tracking.so.0 -o libgridkit_phasor_dynamics_exciter_sexspti_dependency_tracking.so.0.1.0 CMakeFiles/phasor_dynamics_exciter_sexspti_dependency_tracking.dir/SexsPtiDependencyTracking.cpp.o  -Wl,-rpath,/home/isatkaus/gridkit/build/GridKit/Model/PhasorDynamics/SignalNode:/home/isatkaus/gridkit/build/GridKit/Utilities/Logger:/home/isatkaus/gridkit/build/GridKit/LinearAlgebra/SparseMatrix: ../../SignalNode/libgridkit_phasor_dynamics_signal_dependency_tracking.so.0.1.0 ../../../../Utilities/Logger/libgridkit_utilities_logger.so.0.1.0 ../../../../LinearAlgebra/SparseMatrix/libgridkit_sparse_matrix.so.0.1.0
/nopt/nrel/apps/cpu_stack/software/gridkit/llvm/16.0.6/bin/clang++ -fPIC --gcc-toolchain=/nopt/nrel/apps/cpu_stack/compilers/06-24/linux-rhel8-sapphirerapids/gcc-12.3.0/gcc-13.1.0-bmut2ysomhthj6y7oyc73c3cmxye57am -Wall -Wextra -Wconversion -Wpedantic -O2 -g -DNDEBUG -Wl,-rpath,/nopt/nrel/apps/cpu_stack/compilers/06-24/linux-rhel8-sapphirerapids/gcc-12.3.0/gcc-13.1.0-bmut2ysomhthj6y7oyc73c3cmxye57am/lib/gcc/x86_64-pc-linux-gnu/13.1.0/../../../../lib64 -Wl,-rpath,/nopt/nrel/apps/cpu_stack/libraries-gcc/06-24/linux-rhel8-sapphirerapids/gcc-12.3.0/netlib-lapack-3.11.0-abk4uhd5cyrfnhh67bcdhyt6fulibezx/lib64 -shared -Wl,-soname,libgridkit_solvers_opt.so.0 -o libgridkit_solvers_opt.so.0.1.0 CMakeFiles/solvers_opt.dir/DynamicObjective.cpp.o CMakeFiles/solvers_opt.dir/DynamicConstraint.cpp.o  -Wl,-rpath,/home/isatkaus/gridkit/build/GridKit/Solver/Dynamic:/nopt/nrel/apps/cpu_stack/software/gridkit/ipopt/3.14.14/lib:/nopt/nrel/apps/cpu_stack/software/gridkit/sundials/develop/lib64:/nopt/nrel/apps/cpu_stack/software/gridkit/suitesparse/7.8.2/lib64:/home/isatkaus/gridkit/build/GridKit/Utilities/Logger:/home/isatkaus/gridkit/build/GridKit/LinearAlgebra/SparseMatrix: ../Dynamic/libgridkit_solvers_dyn.so.0.1.0 /nopt/nrel/apps/cpu_stack/software/gridkit/ipopt/3.14.14/lib/libipopt.so /nopt/nrel/apps/cpu_stack/software/gridkit/sundials/develop/lib64/libsundials_nvecserial.so.7.8.0 /nopt/nrel/apps/cpu_stack/software/gridkit/sundials/develop/lib64/libsundials_idas.so.6.8.0 /nopt/nrel/apps/cpu_stack/software/gridkit/sundials/develop/lib64/libsundials_sunlinsolklu.so.5.8.0 /nopt/nrel/apps/cpu_stack/software/gridkit/sundials/develop/lib64/libsundials_sunmatrixsparse.so.5.8.0 /nopt/nrel/apps/cpu_stack/software/gridkit/sundials/develop/lib64/libsundials_core.so.7.8.0 /nopt/nrel/apps/cpu_stack/software/gridkit/suitesparse/7.8.2/lib64/libklu.so /nopt/nrel/apps/cpu_stack/software/gridkit/suitesparse/7.8.2/lib64/libamd.so /nopt/nrel/apps/cpu_stack/software/gridkit/suitesparse/7.8.2/lib64/libcolamd.so /nopt/nrel/apps/cpu_stack/software/gridkit/suitesparse/7.8.2/lib64/libbtf.so /nopt/nrel/apps/cpu_stack/software/gridkit/suitesparse/7.8.2/lib64/libsuitesparseconfig.so ../../Utilities/Logger/libgridkit_utilities_logger.so.0.1.0 ../../LinearAlgebra/SparseMatrix/libgridkit_sparse_matrix.so.0.1.0
cd /home/isatkaus/gridkit/build/GridKit/Model/PhasorDynamics/Load/LoadZ && /nopt/nrel/apps/cpu_stack/utilities/06-24/linux-rhel8-sapphirerapids/gcc-12.3.0/cmake-3.29.2-6n4msmc4aewj7wyi6b5g644vjrqyqgot/bin/cmake -E cmake_symlink_library libgridkit_phasor_dynamics_loadz.so.0.1.0 libgridkit_phasor_dynamics_loadz.so.0 libgridkit_phasor_dynamics_loadz.so
cd /home/isatkaus/gridkit/build/GridKit/Model/PhasorDynamics/BusFault && /nopt/nrel/apps/cpu_stack/utilities/06-24/linux-rhel8-sapphirerapids/gcc-12.3.0/cmake-3.29.2-6n4msmc4aewj7wyi6b5g644vjrqyqgot/bin/cmake -E cmake_symlink_library libgridkit_phasor_dynamics_bus_fault.so.0.1.0 libgridkit_phasor_dynamics_bus_fault.so.0 libgridkit_phasor_dynamics_bus_fault.so
cd /home/isatkaus/gridkit/build/GridKit/Model/PhasorDynamics/Governor/Tgov1 && /nopt/nrel/apps/cpu_stack/utilities/06-24/linux-rhel8-sapphirerapids/gcc-12.3.0/cmake-3.29.2-6n4msmc4aewj7wyi6b5g644vjrqyqgot/bin/cmake -E cmake_symlink_library libgridkit_phasor_dynamics_governor_tgov1_dependency_tracking.so.0.1.0 libgridkit_phasor_dynamics_governor_tgov1_dependency_tracking.so.0 libgridkit_phasor_dynamics_governor_tgov1_dependency_tracking.so
cd /home/isatkaus/gridkit/build/GridKit/Model/PhasorDynamics/Exciter/SEXS-PTI && /nopt/nrel/apps/cpu_stack/utilities/06-24/linux-rhel8-sapphirerapids/gcc-12.3.0/cmake-3.29.2-6n4msmc4aewj7wyi6b5g644vjrqyqgot/bin/cmake -E cmake_symlink_library libgridkit_phasor_dynamics_exciter_sexspti.so.0.1.0 libgridkit_phasor_dynamics_exciter_sexspti.so.0 libgridkit_phasor_dynamics_exciter_sexspti.so
make[2]: Leaving directory '/home/isatkaus/gridkit/build'
make[2]: Leaving directory '/home/isatkaus/gridkit/build'
[ 63%] Built target phasor_dynamics_loadz
make[2]: Leaving directory '/home/isatkaus/gridkit/build'
make[2]: Leaving directory '/home/isatkaus/gridkit/build'
[ 63%] Built target phasor_dynamics_bus_fault
[ 63%] Built target phasor_dynamics_governor_tgov1_dependency_tracking
[ 63%] Built target phasor_dynamics_exciter_sexspti
cd /home/isatkaus/gridkit/build/GridKit/Model/PhasorDynamics/Load/LoadZIP && /nopt/nrel/apps/cpu_stack/utilities/06-24/linux-rhel8-sapphirerapids/gcc-12.3.0/cmake-3.29.2-6n4msmc4aewj7wyi6b5g644vjrqyqgot/bin/cmake -E cmake_symlink_library libgridkit_phasor_dynamics_loadzip.so.0.1.0 libgridkit_phasor_dynamics_loadzip.so.0 libgridkit_phasor_dynamics_loadzip.so
cd /home/isatkaus/gridkit/build/GridKit/Model/PhasorDynamics/Load/LoadZ && /nopt/nrel/apps/cpu_stack/utilities/06-24/linux-rhel8-sapphirerapids/gcc-12.3.0/cmake-3.29.2-6n4msmc4aewj7wyi6b5g644vjrqyqgot/bin/cmake -E cmake_symlink_library libgridkit_phasor_dynamics_loadz_dependency_tracking.so.0.1.0 libgridkit_phasor_dynamics_loadz_dependency_tracking.so.0 libgridkit_phasor_dynamics_loadz_dependency_tracking.so
make[2]: Leaving directory '/home/isatkaus/gridkit/build'
cd /home/isatkaus/gridkit/build/GridKit/Model/PhasorDynamics/BusFault && /nopt/nrel/apps/cpu_stack/utilities/06-24/linux-rhel8-sapphirerapids/gcc-12.3.0/cmake-3.29.2-6n4msmc4aewj7wyi6b5g644vjrqyqgot/bin/cmake -E cmake_symlink_library libgridkit_phasor_dynamics_bus_fault_dependency_tracking.so.0.1.0 libgridkit_phasor_dynamics_bus_fault_dependency_tracking.so.0 libgridkit_phasor_dynamics_bus_fault_dependency_tracking.so
[ 63%] Built target phasor_dynamics_loadzip
make[2]: Leaving directory '/home/isatkaus/gridkit/build'
[ 63%] Built target phasor_dynamics_loadz_dependency_tracking
make  -f tests/UnitTests/PhasorDynamics/CMakeFiles/test_phasor_loadz.dir/build.make tests/UnitTests/PhasorDynamics/CMakeFiles/test_phasor_loadz.dir/depend
make[2]: Entering directory '/home/isatkaus/gridkit/build'
cd /home/isatkaus/gridkit/build && /nopt/nrel/apps/cpu_stack/utilities/06-24/linux-rhel8-sapphirerapids/gcc-12.3.0/cmake-3.29.2-6n4msmc4aewj7wyi6b5g644vjrqyqgot/bin/cmake -E cmake_depends "Unix Makefiles" /home/isatkaus/gridkit /home/isatkaus/gridkit/tests/UnitTests/PhasorDynamics /home/isatkaus/gridkit/build /home/isatkaus/gridkit/build/tests/UnitTests/PhasorDynamics /home/isatkaus/gridkit/build/tests/UnitTests/PhasorDynamics/CMakeFiles/test_phasor_loadz.dir/DependInfo.cmake "--color="
make[2]: Leaving directory '/home/isatkaus/gridkit/build'
[ 63%] Built target phasor_dynamics_bus_fault_dependency_tracking
make[2]: Leaving directory '/home/isatkaus/gridkit/build'
make  -f tests/UnitTests/PhasorDynamics/CMakeFiles/test_phasor_loadz.dir/build.make tests/UnitTests/PhasorDynamics/CMakeFiles/test_phasor_loadz.dir/build
make[2]: Entering directory '/home/isatkaus/gridkit/build'
make  -f tests/UnitTests/PhasorDynamics/CMakeFiles/test_phasor_bus_fault.dir/build.make tests/UnitTests/PhasorDynamics/CMakeFiles/test_phasor_bus_fault.dir/depend
[ 63%] Building CXX object tests/UnitTests/PhasorDynamics/CMakeFiles/test_phasor_loadz.dir/runLoadZTests.cpp.o
make[2]: Entering directory '/home/isatkaus/gridkit/build'
cd /home/isatkaus/gridkit/build && /nopt/nrel/apps/cpu_stack/utilities/06-24/linux-rhel8-sapphirerapids/gcc-12.3.0/cmake-3.29.2-6n4msmc4aewj7wyi6b5g644vjrqyqgot/bin/cmake -E cmake_depends "Unix Makefiles" /home/isatkaus/gridkit /home/isatkaus/gridkit/tests/UnitTests/PhasorDynamics /home/isatkaus/gridkit/build /home/isatkaus/gridkit/build/tests/UnitTests/PhasorDynamics /home/isatkaus/gridkit/build/tests/UnitTests/PhasorDynamics/CMakeFiles/test_phasor_bus_fault.dir/DependInfo.cmake "--color="
[ 63%] Linking CXX shared library libgridkit_phasor_dynamics_branch_dependency_tracking.so
cd /home/isatkaus/gridkit/build/tests/UnitTests/PhasorDynamics && /nopt/nrel/apps/cpu_stack/software/gridkit/llvm/16.0.6/bin/clang++  -I/home/isatkaus/gridkit/build -I/home/isatkaus/gridkit --gcc-toolchain=/nopt/nrel/apps/cpu_stack/compilers/06-24/linux-rhel8-sapphirerapids/gcc-12.3.0/gcc-13.1.0-bmut2ysomhthj6y7oyc73c3cmxye57am -Wall -Wextra -Wconversion -Wpedantic -O2 -g -DNDEBUG -std=gnu++20 -fPIE -MD -MT tests/UnitTests/PhasorDynamics/CMakeFiles/test_phasor_loadz.dir/runLoadZTests.cpp.o -MF CMakeFiles/test_phasor_loadz.dir/runLoadZTests.cpp.o.d -o CMakeFiles/test_phasor_loadz.dir/runLoadZTests.cpp.o -c /home/isatkaus/gridkit/tests/UnitTests/PhasorDynamics/runLoadZTests.cpp
cd /home/isatkaus/gridkit/build/GridKit/Model/PhasorDynamics/Branch && /nopt/nrel/apps/cpu_stack/utilities/06-24/linux-rhel8-sapphirerapids/gcc-12.3.0/cmake-3.29.2-6n4msmc4aewj7wyi6b5g644vjrqyqgot/bin/cmake -E cmake_link_script CMakeFiles/phasor_dynamics_branch_dependency_tracking.dir/link.txt --verbose=1
make[2]: Leaving directory '/home/isatkaus/gridkit/build'
make  -f tests/UnitTests/PhasorDynamics/CMakeFiles/test_phasor_bus_fault.dir/build.make tests/UnitTests/PhasorDynamics/CMakeFiles/test_phasor_bus_fault.dir/build
make[2]: Entering directory '/home/isatkaus/gridkit/build'
/nopt/nrel/apps/cpu_stack/software/gridkit/llvm/16.0.6/bin/clang++ -fPIC --gcc-toolchain=/nopt/nrel/apps/cpu_stack/compilers/06-24/linux-rhel8-sapphirerapids/gcc-12.3.0/gcc-13.1.0-bmut2ysomhthj6y7oyc73c3cmxye57am -Wall -Wextra -Wconversion -Wpedantic -O2 -g -DNDEBUG -Wl,-rpath,/nopt/nrel/apps/cpu_stack/compilers/06-24/linux-rhel8-sapphirerapids/gcc-12.3.0/gcc-13.1.0-bmut2ysomhthj6y7oyc73c3cmxye57am/lib/gcc/x86_64-pc-linux-gnu/13.1.0/../../../../lib64 -Wl,-rpath,/nopt/nrel/apps/cpu_stack/libraries-gcc/06-24/linux-rhel8-sapphirerapids/gcc-12.3.0/netlib-lapack-3.11.0-abk4uhd5cyrfnhh67bcdhyt6fulibezx/lib64 -shared -Wl,-soname,libgridkit_phasor_dynamics_branch_dependency_tracking.so.0 -o libgridkit_phasor_dynamics_branch_dependency_tracking.so.0.1.0 CMakeFiles/phasor_dynamics_branch_dependency_tracking.dir/BranchDependencyTracking.cpp.o  -Wl,-rpath,/home/isatkaus/gridkit/build/GridKit/Utilities/Logger:/home/isatkaus/gridkit/build/GridKit/LinearAlgebra/SparseMatrix: ../../../Utilities/Logger/libgridkit_utilities_logger.so.0.1.0 ../../../LinearAlgebra/SparseMatrix/libgridkit_sparse_matrix.so.0.1.0
[ 63%] Building CXX object tests/UnitTests/PhasorDynamics/CMakeFiles/test_phasor_bus_fault.dir/runBusFaultTests.cpp.o
cd /home/isatkaus/gridkit/build/GridKit/Model/PhasorDynamics/Exciter/IEEET1 && /nopt/nrel/apps/cpu_stack/utilities/06-24/linux-rhel8-sapphirerapids/gcc-12.3.0/cmake-3.29.2-6n4msmc4aewj7wyi6b5g644vjrqyqgot/bin/cmake -E cmake_symlink_library libgridkit_phasor_dynamics_exciter_ieeet1.so.0.1.0 libgridkit_phasor_dynamics_exciter_ieeet1.so.0 libgridkit_phasor_dynamics_exciter_ieeet1.so
cd /home/isatkaus/gridkit/build/GridKit/Model/PhasorDynamics/Branch && /nopt/nrel/apps/cpu_stack/utilities/06-24/linux-rhel8-sapphirerapids/gcc-12.3.0/cmake-3.29.2-6n4msmc4aewj7wyi6b5g644vjrqyqgot/bin/cmake -E cmake_symlink_library libgridkit_phasor_dynamics_branch.so.0.1.0 libgridkit_phasor_dynamics_branch.so.0 libgridkit_phasor_dynamics_branch.so
cd /home/isatkaus/gridkit/build/tests/UnitTests/PhasorDynamics && /nopt/nrel/apps/cpu_stack/software/gridkit/llvm/16.0.6/bin/clang++  -I/home/isatkaus/gridkit/build -I/home/isatkaus/gridkit --gcc-toolchain=/nopt/nrel/apps/cpu_stack/compilers/06-24/linux-rhel8-sapphirerapids/gcc-12.3.0/gcc-13.1.0-bmut2ysomhthj6y7oyc73c3cmxye57am -Wall -Wextra -Wconversion -Wpedantic -O2 -g -DNDEBUG -std=gnu++20 -fPIE -MD -MT tests/UnitTests/PhasorDynamics/CMakeFiles/test_phasor_bus_fault.dir/runBusFaultTests.cpp.o -MF CMakeFiles/test_phasor_bus_fault.dir/runBusFaultTests.cpp.o.d -o CMakeFiles/test_phasor_bus_fault.dir/runBusFaultTests.cpp.o -c /home/isatkaus/gridkit/tests/UnitTests/PhasorDynamics/runBusFaultTests.cpp
cd /home/isatkaus/gridkit/build/GridKit/Model/PhasorDynamics/SynchronousMachine/GenClassical && /nopt/nrel/apps/cpu_stack/utilities/06-24/linux-rhel8-sapphirerapids/gcc-12.3.0/cmake-3.29.2-6n4msmc4aewj7wyi6b5g644vjrqyqgot/bin/cmake -E cmake_symlink_library libgridkit_phasor_dynamics_gen_classical.so.0.1.0 libgridkit_phasor_dynamics_gen_classical.so.0 libgridkit_phasor_dynamics_gen_classical.so
[ 63%] Linking CXX executable adjoint
cd /home/isatkaus/gridkit/build/examples/Experimental/AdjointSensitivity && /nopt/nrel/apps/cpu_stack/utilities/06-24/linux-rhel8-sapphirerapids/gcc-12.3.0/cmake-3.29.2-6n4msmc4aewj7wyi6b5g644vjrqyqgot/bin/cmake -E cmake_link_script CMakeFiles/adjoint.dir/link.txt --verbose=1
make[2]: Leaving directory '/home/isatkaus/gridkit/build'
make[2]: Leaving directory '/home/isatkaus/gridkit/build'
/nopt/nrel/apps/cpu_stack/software/gridkit/llvm/16.0.6/bin/clang++ --gcc-toolchain=/nopt/nrel/apps/cpu_stack/compilers/06-24/linux-rhel8-sapphirerapids/gcc-12.3.0/gcc-13.1.0-bmut2ysomhthj6y7oyc73c3cmxye57am -Wall -Wextra -Wconversion -Wpedantic -O2 -g -DNDEBUG -Wl,-rpath,/nopt/nrel/apps/cpu_stack/compilers/06-24/linux-rhel8-sapphirerapids/gcc-12.3.0/gcc-13.1.0-bmut2ysomhthj6y7oyc73c3cmxye57am/lib/gcc/x86_64-pc-linux-gnu/13.1.0/../../../../lib64 -Wl,-rpath,/nopt/nrel/apps/cpu_stack/libraries-gcc/06-24/linux-rhel8-sapphirerapids/gcc-12.3.0/netlib-lapack-3.11.0-abk4uhd5cyrfnhh67bcdhyt6fulibezx/lib64 CMakeFiles/adjoint.dir/AdjointSensitivity.cpp.o -o adjoint  -Wl,-rpath,/home/isatkaus/gridkit/build/GridKit/Model/PowerFlow/Bus:/home/isatkaus/gridkit/build/GridKit/Model/PowerFlow/Generator4:/home/isatkaus/gridkit/build/GridKit/Solver/Dynamic:/nopt/nrel/apps/cpu_stack/software/gridkit/sundials/develop/lib64:/nopt/nrel/apps/cpu_stack/software/gridkit/suitesparse/7.8.2/lib64:/home/isatkaus/gridkit/build/GridKit/Utilities/Logger:/home/isatkaus/gridkit/build/GridKit/LinearAlgebra/SparseMatrix: ../../../GridKit/Model/PowerFlow/Bus/libgridkit_bus.so.0.1.0 ../../../GridKit/Model/PowerFlow/Generator4/libgridkit_generator4.so.0.1.0 ../../../GridKit/Solver/Dynamic/libgridkit_solvers_dyn.so.0.1.0 /nopt/nrel/apps/cpu_stack/software/gridkit/sundials/develop/lib64/libsundials_nvecserial.so.7.8.0 /nopt/nrel/apps/cpu_stack/software/gridkit/sundials/develop/lib64/libsundials_idas.so.6.8.0 /nopt/nrel/apps/cpu_stack/software/gridkit/sundials/develop/lib64/libsundials_sunlinsolklu.so.5.8.0 /nopt/nrel/apps/cpu_stack/software/gridkit/sundials/develop/lib64/libsundials_sunmatrixsparse.so.5.8.0 /nopt/nrel/apps/cpu_stack/software/gridkit/sundials/develop/lib64/libsundials_core.so.7.8.0 /nopt/nrel/apps/cpu_stack/software/gridkit/suitesparse/7.8.2/lib64/libklu.so /nopt/nrel/apps/cpu_stack/software/gridkit/suitesparse/7.8.2/lib64/libamd.so /nopt/nrel/apps/cpu_stack/software/gridkit/suitesparse/7.8.2/lib64/libcolamd.so /nopt/nrel/apps/cpu_stack/software/gridkit/suitesparse/7.8.2/lib64/libbtf.so /nopt/nrel/apps/cpu_stack/software/gridkit/suitesparse/7.8.2/lib64/libsuitesparseconfig.so ../../../GridKit/Utilities/Logger/libgridkit_utilities_logger.so.0.1.0 ../../../GridKit/LinearAlgebra/SparseMatrix/libgridkit_sparse_matrix.so.0.1.0
make[2]: Leaving directory '/home/isatkaus/gridkit/build'
[ 63%] Built target phasor_dynamics_branch
cd /home/isatkaus/gridkit/build/GridKit/Model/PhasorDynamics/Stabilizer/IEEEST && /nopt/nrel/apps/cpu_stack/utilities/06-24/linux-rhel8-sapphirerapids/gcc-12.3.0/cmake-3.29.2-6n4msmc4aewj7wyi6b5g644vjrqyqgot/bin/cmake -E cmake_symlink_library libgridkit_phasor_dynamics_stabilizer_ieeest.so.0.1.0 libgridkit_phasor_dynamics_stabilizer_ieeest.so.0 libgridkit_phasor_dynamics_stabilizer_ieeest.so
[ 63%] Built target phasor_dynamics_exciter_ieeet1
[ 63%] Built target phasor_dynamics_gen_classical
[ 63%] Linking CXX shared library libgridkit_phasor_dynamics_gensal.so
make[2]: Leaving directory '/home/isatkaus/gridkit/build'
cd /home/isatkaus/gridkit/build/GridKit/Model/PhasorDynamics/SynchronousMachine/GENSAL && /nopt/nrel/apps/cpu_stack/utilities/06-24/linux-rhel8-sapphirerapids/gcc-12.3.0/cmake-3.29.2-6n4msmc4aewj7wyi6b5g644vjrqyqgot/bin/cmake -E cmake_link_script CMakeFiles/phasor_dynamics_gensal.dir/link.txt --verbose=1
[ 63%] Linking CXX shared library libgridkit_phasor_dynamics_genrou.so
/nopt/nrel/apps/cpu_stack/software/gridkit/llvm/16.0.6/bin/clang++ -fPIC --gcc-toolchain=/nopt/nrel/apps/cpu_stack/compilers/06-24/linux-rhel8-sapphirerapids/gcc-12.3.0/gcc-13.1.0-bmut2ysomhthj6y7oyc73c3cmxye57am -Wall -Wextra -Wconversion -Wpedantic -O2 -g -DNDEBUG -Wl,-rpath,/nopt/nrel/apps/cpu_stack/compilers/06-24/linux-rhel8-sapphirerapids/gcc-12.3.0/gcc-13.1.0-bmut2ysomhthj6y7oyc73c3cmxye57am/lib/gcc/x86_64-pc-linux-gnu/13.1.0/../../../../lib64 -Wl,-rpath,/nopt/nrel/apps/cpu_stack/libraries-gcc/06-24/linux-rhel8-sapphirerapids/gcc-12.3.0/netlib-lapack-3.11.0-abk4uhd5cyrfnhh67bcdhyt6fulibezx/lib64 -shared -Wl,-soname,libgridkit_phasor_dynamics_gensal.so.0 -o libgridkit_phasor_dynamics_gensal.so.0.1.0 CMakeFiles/phasor_dynamics_gensal.dir/GensalEnzyme.cpp.o  -Wl,-rpath,/home/isatkaus/gridkit/build/GridKit/Model/PhasorDynamics/SignalNode:/home/isatkaus/gridkit/build/GridKit/Utilities/Logger:/home/isatkaus/gridkit/build/GridKit/LinearAlgebra/SparseMatrix: ../../SignalNode/libgridkit_phasor_dynamics_signal.so.0.1.0 ../../../../Utilities/Logger/libgridkit_utilities_logger.so.0.1.0 ../../../../LinearAlgebra/SparseMatrix/libgridkit_sparse_matrix.so.0.1.0
[ 63%] Built target phasor_dynamics_stabilizer_ieeest
cd /home/isatkaus/gridkit/build/GridKit/Model/PhasorDynamics/SynchronousMachine/GENROU && /nopt/nrel/apps/cpu_stack/utilities/06-24/linux-rhel8-sapphirerapids/gcc-12.3.0/cmake-3.29.2-6n4msmc4aewj7wyi6b5g644vjrqyqgot/bin/cmake -E cmake_link_script CMakeFiles/phasor_dynamics_genrou.dir/link.txt --verbose=1
/nopt/nrel/apps/cpu_stack/software/gridkit/llvm/16.0.6/bin/clang++ -fPIC --gcc-toolchain=/nopt/nrel/apps/cpu_stack/compilers/06-24/linux-rhel8-sapphirerapids/gcc-12.3.0/gcc-13.1.0-bmut2ysomhthj6y7oyc73c3cmxye57am -Wall -Wextra -Wconversion -Wpedantic -O2 -g -DNDEBUG -Wl,-rpath,/nopt/nrel/apps/cpu_stack/compilers/06-24/linux-rhel8-sapphirerapids/gcc-12.3.0/gcc-13.1.0-bmut2ysomhthj6y7oyc73c3cmxye57am/lib/gcc/x86_64-pc-linux-gnu/13.1.0/../../../../lib64 -Wl,-rpath,/nopt/nrel/apps/cpu_stack/libraries-gcc/06-24/linux-rhel8-sapphirerapids/gcc-12.3.0/netlib-lapack-3.11.0-abk4uhd5cyrfnhh67bcdhyt6fulibezx/lib64 -shared -Wl,-soname,libgridkit_phasor_dynamics_genrou.so.0 -o libgridkit_phasor_dynamics_genrou.so.0.1.0 CMakeFiles/phasor_dynamics_genrou.dir/GenrouEnzyme.cpp.o  -Wl,-rpath,/home/isatkaus/gridkit/build/GridKit/Model/PhasorDynamics/SignalNode:/home/isatkaus/gridkit/build/GridKit/Utilities/Logger:/home/isatkaus/gridkit/build/GridKit/LinearAlgebra/SparseMatrix: ../../SignalNode/libgridkit_phasor_dynamics_signal.so.0.1.0 ../../../../Utilities/Logger/libgridkit_utilities_logger.so.0.1.0 ../../../../LinearAlgebra/SparseMatrix/libgridkit_sparse_matrix.so.0.1.0
cd /home/isatkaus/gridkit/build/GridKit/Model/PhasorDynamics/Load/LoadZIP && /nopt/nrel/apps/cpu_stack/utilities/06-24/linux-rhel8-sapphirerapids/gcc-12.3.0/cmake-3.29.2-6n4msmc4aewj7wyi6b5g644vjrqyqgot/bin/cmake -E cmake_symlink_library libgridkit_phasor_dynamics_loadzip_dependency_tracking.so.0.1.0 libgridkit_phasor_dynamics_loadzip_dependency_tracking.so.0 libgridkit_phasor_dynamics_loadzip_dependency_tracking.so
[ 63%] Linking CXX executable rlcircuit
[ 63%] Linking CXX shared library libgridkit_phasor_dynamics_gen_classical_dependency_tracking.so
cd /home/isatkaus/gridkit/build/examples/PowerElectronics/RLCircuit && /nopt/nrel/apps/cpu_stack/utilities/06-24/linux-rhel8-sapphirerapids/gcc-12.3.0/cmake-3.29.2-6n4msmc4aewj7wyi6b5g644vjrqyqgot/bin/cmake -E cmake_link_script CMakeFiles/rlcircuit.dir/link.txt --verbose=1
make[2]: Leaving directory '/home/isatkaus/gridkit/build'
cd /home/isatkaus/gridkit/build/GridKit/Model/PhasorDynamics/SynchronousMachine/GenClassical && /nopt/nrel/apps/cpu_stack/utilities/06-24/linux-rhel8-sapphirerapids/gcc-12.3.0/cmake-3.29.2-6n4msmc4aewj7wyi6b5g644vjrqyqgot/bin/cmake -E cmake_link_script CMakeFiles/phasor_dynamics_gen_classical_dependency_tracking.dir/link.txt --verbose=1
/nopt/nrel/apps/cpu_stack/software/gridkit/llvm/16.0.6/bin/clang++ --gcc-toolchain=/nopt/nrel/apps/cpu_stack/compilers/06-24/linux-rhel8-sapphirerapids/gcc-12.3.0/gcc-13.1.0-bmut2ysomhthj6y7oyc73c3cmxye57am -Wall -Wextra -Wconversion -Wpedantic -O2 -g -DNDEBUG -Wl,-rpath,/nopt/nrel/apps/cpu_stack/compilers/06-24/linux-rhel8-sapphirerapids/gcc-12.3.0/gcc-13.1.0-bmut2ysomhthj6y7oyc73c3cmxye57am/lib/gcc/x86_64-pc-linux-gnu/13.1.0/../../../../lib64 -Wl,-rpath,/nopt/nrel/apps/cpu_stack/libraries-gcc/06-24/linux-rhel8-sapphirerapids/gcc-12.3.0/netlib-lapack-3.11.0-abk4uhd5cyrfnhh67bcdhyt6fulibezx/lib64 CMakeFiles/rlcircuit.dir/RLCircuit.cpp.o -o rlcircuit  -Wl,-rpath,/home/isatkaus/gridkit/build/GridKit/Model/PowerElectronics/Capacitor:/home/isatkaus/gridkit/build/GridKit/Model/PowerElectronics/Inductor:/home/isatkaus/gridkit/build/GridKit/Model/PowerElectronics/Resistor:/home/isatkaus/gridkit/build/GridKit/Model/PowerElectronics/VoltageSource:/home/isatkaus/gridkit/build/GridKit/Solver/Dynamic:/nopt/nrel/apps/cpu_stack/software/gridkit/sundials/develop/lib64:/nopt/nrel/apps/cpu_stack/software/gridkit/suitesparse/7.8.2/lib64:/home/isatkaus/gridkit/build/GridKit/Utilities/Logger:/home/isatkaus/gridkit/build/GridKit/LinearAlgebra/SparseMatrix: ../../../GridKit/Model/PowerElectronics/Capacitor/libgridkit_power_elec_capacitor.so.0.1.0 ../../../GridKit/Model/PowerElectronics/Inductor/libgridkit_power_elec_inductor.so.0.1.0 ../../../GridKit/Model/PowerElectronics/Resistor/libgridkit_power_elec_resistor.so.0.1.0 ../../../GridKit/Model/PowerElectronics/VoltageSource/libgridkit_power_elec_voltagesource.so.0.1.0 ../../../GridKit/Solver/Dynamic/libgridkit_solvers_dyn.so.0.1.0 /nopt/nrel/apps/cpu_stack/software/gridkit/sundials/develop/lib64/libsundials_nvecserial.so.7.8.0 /nopt/nrel/apps/cpu_stack/software/gridkit/sundials/develop/lib64/libsundials_idas.so.6.8.0 /nopt/nrel/apps/cpu_stack/software/gridkit/sundials/develop/lib64/libsundials_sunlinsolklu.so.5.8.0 /nopt/nrel/apps/cpu_stack/software/gridkit/sundials/develop/lib64/libsundials_sunmatrixsparse.so.5.8.0 /nopt/nrel/apps/cpu_stack/software/gridkit/sundials/develop/lib64/libsundials_core.so.7.8.0 /nopt/nrel/apps/cpu_stack/software/gridkit/suitesparse/7.8.2/lib64/libklu.so /nopt/nrel/apps/cpu_stack/software/gridkit/suitesparse/7.8.2/lib64/libamd.so /nopt/nrel/apps/cpu_stack/software/gridkit/suitesparse/7.8.2/lib64/libcolamd.so /nopt/nrel/apps/cpu_stack/software/gridkit/suitesparse/7.8.2/lib64/libbtf.so /nopt/nrel/apps/cpu_stack/software/gridkit/suitesparse/7.8.2/lib64/libsuitesparseconfig.so ../../../GridKit/Utilities/Logger/libgridkit_utilities_logger.so.0.1.0 ../../../GridKit/LinearAlgebra/SparseMatrix/libgridkit_sparse_matrix.so.0.1.0
[ 63%] Built target phasor_dynamics_loadzip_dependency_tracking
/nopt/nrel/apps/cpu_stack/software/gridkit/llvm/16.0.6/bin/clang++ -fPIC --gcc-toolchain=/nopt/nrel/apps/cpu_stack/compilers/06-24/linux-rhel8-sapphirerapids/gcc-12.3.0/gcc-13.1.0-bmut2ysomhthj6y7oyc73c3cmxye57am -Wall -Wextra -Wconversion -Wpedantic -O2 -g -DNDEBUG -Wl,-rpath,/nopt/nrel/apps/cpu_stack/compilers/06-24/linux-rhel8-sapphirerapids/gcc-12.3.0/gcc-13.1.0-bmut2ysomhthj6y7oyc73c3cmxye57am/lib/gcc/x86_64-pc-linux-gnu/13.1.0/../../../../lib64 -Wl,-rpath,/nopt/nrel/apps/cpu_stack/libraries-gcc/06-24/linux-rhel8-sapphirerapids/gcc-12.3.0/netlib-lapack-3.11.0-abk4uhd5cyrfnhh67bcdhyt6fulibezx/lib64 -shared -Wl,-soname,libgridkit_phasor_dynamics_gen_classical_dependency_tracking.so.0 -o libgridkit_phasor_dynamics_gen_classical_dependency_tracking.so.0.1.0 CMakeFiles/phasor_dynamics_gen_classical_dependency_tracking.dir/GenClassicalDependencyTracking.cpp.o  -Wl,-rpath,/home/isatkaus/gridkit/build/GridKit/Utilities/Logger:/home/isatkaus/gridkit/build/GridKit/LinearAlgebra/SparseMatrix: ../../../../Utilities/Logger/libgridkit_utilities_logger.so.0.1.0 ../../../../LinearAlgebra/SparseMatrix/libgridkit_sparse_matrix.so.0.1.0
make  -f tests/UnitTests/PhasorDynamics/CMakeFiles/test_phasor_loadzip.dir/build.make tests/UnitTests/PhasorDynamics/CMakeFiles/test_phasor_loadzip.dir/depend
make[2]: Entering directory '/home/isatkaus/gridkit/build'
cd /home/isatkaus/gridkit/build && /nopt/nrel/apps/cpu_stack/utilities/06-24/linux-rhel8-sapphirerapids/gcc-12.3.0/cmake-3.29.2-6n4msmc4aewj7wyi6b5g644vjrqyqgot/bin/cmake -E cmake_depends "Unix Makefiles" /home/isatkaus/gridkit /home/isatkaus/gridkit/tests/UnitTests/PhasorDynamics /home/isatkaus/gridkit/build /home/isatkaus/gridkit/build/tests/UnitTests/PhasorDynamics /home/isatkaus/gridkit/build/tests/UnitTests/PhasorDynamics/CMakeFiles/test_phasor_loadzip.dir/DependInfo.cmake "--color="
[ 64%] Linking CXX executable dgtest
make[2]: Leaving directory '/home/isatkaus/gridkit/build'
make  -f tests/UnitTests/PhasorDynamics/CMakeFiles/test_phasor_loadzip.dir/build.make tests/UnitTests/PhasorDynamics/CMakeFiles/test_phasor_loadzip.dir/build
make[2]: Entering directory '/home/isatkaus/gridkit/build'
cd /home/isatkaus/gridkit/build/examples/PowerElectronics/DistributedGeneratorTest && /nopt/nrel/apps/cpu_stack/utilities/06-24/linux-rhel8-sapphirerapids/gcc-12.3.0/cmake-3.29.2-6n4msmc4aewj7wyi6b5g644vjrqyqgot/bin/cmake -E cmake_link_script CMakeFiles/dgtest.dir/link.txt --verbose=1
[ 64%] Linking CXX shared library libgridkit_phasor_dynamics_exciter_ieeet1_dependency_tracking.so
[ 64%] Building CXX object tests/UnitTests/PhasorDynamics/CMakeFiles/test_phasor_loadzip.dir/runLoadZIPTests.cpp.o
/nopt/nrel/apps/cpu_stack/software/gridkit/llvm/16.0.6/bin/clang++ --gcc-toolchain=/nopt/nrel/apps/cpu_stack/compilers/06-24/linux-rhel8-sapphirerapids/gcc-12.3.0/gcc-13.1.0-bmut2ysomhthj6y7oyc73c3cmxye57am -Wall -Wextra -Wconversion -Wpedantic -O2 -g -DNDEBUG -Wl,-rpath,/nopt/nrel/apps/cpu_stack/compilers/06-24/linux-rhel8-sapphirerapids/gcc-12.3.0/gcc-13.1.0-bmut2ysomhthj6y7oyc73c3cmxye57am/lib/gcc/x86_64-pc-linux-gnu/13.1.0/../../../../lib64 -Wl,-rpath,/nopt/nrel/apps/cpu_stack/libraries-gcc/06-24/linux-rhel8-sapphirerapids/gcc-12.3.0/netlib-lapack-3.11.0-abk4uhd5cyrfnhh67bcdhyt6fulibezx/lib64 CMakeFiles/dgtest.dir/DGTest.cpp.o -o dgtest  -Wl,-rpath,/home/isatkaus/gridkit/build/GridKit/Model/PowerElectronics/DistributedGenerator:/home/isatkaus/gridkit/build/GridKit/Model/PowerElectronics/MicrogridLine:/home/isatkaus/gridkit/build/GridKit/Model/PowerElectronics/MicrogridLoad: ../../../GridKit/Model/PowerElectronics/DistributedGenerator/libgridkit_power_elec_disgen.so.0.1.0 ../../../GridKit/Model/PowerElectronics/MicrogridLine/libgridkit_power_elec_microline.so.0.1.0 ../../../GridKit/Model/PowerElectronics/MicrogridLoad/libgridkit_power_elec_microload.so.0.1.0
cd /home/isatkaus/gridkit/build/GridKit/Solver/Optimization && /nopt/nrel/apps/cpu_stack/utilities/06-24/linux-rhel8-sapphirerapids/gcc-12.3.0/cmake-3.29.2-6n4msmc4aewj7wyi6b5g644vjrqyqgot/bin/cmake -E cmake_symlink_library libgridkit_solvers_opt.so.0.1.0 libgridkit_solvers_opt.so.0 libgridkit_solvers_opt.so
cd /home/isatkaus/gridkit/build/tests/UnitTests/PhasorDynamics && /nopt/nrel/apps/cpu_stack/software/gridkit/llvm/16.0.6/bin/clang++  -I/home/isatkaus/gridkit/build -I/home/isatkaus/gridkit --gcc-toolchain=/nopt/nrel/apps/cpu_stack/compilers/06-24/linux-rhel8-sapphirerapids/gcc-12.3.0/gcc-13.1.0-bmut2ysomhthj6y7oyc73c3cmxye57am -Wall -Wextra -Wconversion -Wpedantic -O2 -g -DNDEBUG -std=gnu++20 -fPIE -MD -MT tests/UnitTests/PhasorDynamics/CMakeFiles/test_phasor_loadzip.dir/runLoadZIPTests.cpp.o -MF CMakeFiles/test_phasor_loadzip.dir/runLoadZIPTests.cpp.o.d -o CMakeFiles/test_phasor_loadzip.dir/runLoadZIPTests.cpp.o -c /home/isatkaus/gridkit/tests/UnitTests/PhasorDynamics/runLoadZIPTests.cpp
cd /home/isatkaus/gridkit/build/GridKit/Model/PhasorDynamics/Exciter/SEXS-PTI && /nopt/nrel/apps/cpu_stack/utilities/06-24/linux-rhel8-sapphirerapids/gcc-12.3.0/cmake-3.29.2-6n4msmc4aewj7wyi6b5g644vjrqyqgot/bin/cmake -E cmake_symlink_library libgridkit_phasor_dynamics_exciter_sexspti_dependency_tracking.so.0.1.0 libgridkit_phasor_dynamics_exciter_sexspti_dependency_tracking.so.0 libgridkit_phasor_dynamics_exciter_sexspti_dependency_tracking.so
cd /home/isatkaus/gridkit/build/GridKit/Model/PhasorDynamics/Exciter/IEEET1 && /nopt/nrel/apps/cpu_stack/utilities/06-24/linux-rhel8-sapphirerapids/gcc-12.3.0/cmake-3.29.2-6n4msmc4aewj7wyi6b5g644vjrqyqgot/bin/cmake -E cmake_link_script CMakeFiles/phasor_dynamics_exciter_ieeet1_dependency_tracking.dir/link.txt --verbose=1
/nopt/nrel/apps/cpu_stack/software/gridkit/llvm/16.0.6/bin/clang++ -fPIC --gcc-toolchain=/nopt/nrel/apps/cpu_stack/compilers/06-24/linux-rhel8-sapphirerapids/gcc-12.3.0/gcc-13.1.0-bmut2ysomhthj6y7oyc73c3cmxye57am -Wall -Wextra -Wconversion -Wpedantic -O2 -g -DNDEBUG -Wl,-rpath,/nopt/nrel/apps/cpu_stack/compilers/06-24/linux-rhel8-sapphirerapids/gcc-12.3.0/gcc-13.1.0-bmut2ysomhthj6y7oyc73c3cmxye57am/lib/gcc/x86_64-pc-linux-gnu/13.1.0/../../../../lib64 -Wl,-rpath,/nopt/nrel/apps/cpu_stack/libraries-gcc/06-24/linux-rhel8-sapphirerapids/gcc-12.3.0/netlib-lapack-3.11.0-abk4uhd5cyrfnhh67bcdhyt6fulibezx/lib64 -shared -Wl,-soname,libgridkit_phasor_dynamics_exciter_ieeet1_dependency_tracking.so.0 -o libgridkit_phasor_dynamics_exciter_ieeet1_dependency_tracking.so.0.1.0 CMakeFiles/phasor_dynamics_exciter_ieeet1_dependency_tracking.dir/Ieeet1DependencyTracking.cpp.o  -Wl,-rpath,/home/isatkaus/gridkit/build/GridKit/Model/PhasorDynamics/SignalNode:/home/isatkaus/gridkit/build/GridKit/Utilities/Logger:/home/isatkaus/gridkit/build/GridKit/LinearAlgebra/SparseMatrix: ../../SignalNode/libgridkit_phasor_dynamics_signal_dependency_tracking.so.0.1.0 ../../../../Utilities/Logger/libgridkit_utilities_logger.so.0.1.0 ../../../../LinearAlgebra/SparseMatrix/libgridkit_sparse_matrix.so.0.1.0
[ 64%] Linking CXX shared library libgridkit_phasor_dynamics_stabilizer_ieeest_dependency_tracking.so
make[2]: Leaving directory '/home/isatkaus/gridkit/build'
make[2]: Leaving directory '/home/isatkaus/gridkit/build'
[ 64%] Built target phasor_dynamics_exciter_sexspti_dependency_tracking
[ 64%] Built target solvers_opt
cd /home/isatkaus/gridkit/build/GridKit/Model/PhasorDynamics/Stabilizer/IEEEST && /nopt/nrel/apps/cpu_stack/utilities/06-24/linux-rhel8-sapphirerapids/gcc-12.3.0/cmake-3.29.2-6n4msmc4aewj7wyi6b5g644vjrqyqgot/bin/cmake -E cmake_link_script CMakeFiles/phasor_dynamics_stabilizer_ieeest_dependency_tracking.dir/link.txt --verbose=1
/nopt/nrel/apps/cpu_stack/software/gridkit/llvm/16.0.6/bin/clang++ -fPIC --gcc-toolchain=/nopt/nrel/apps/cpu_stack/compilers/06-24/linux-rhel8-sapphirerapids/gcc-12.3.0/gcc-13.1.0-bmut2ysomhthj6y7oyc73c3cmxye57am -Wall -Wextra -Wconversion -Wpedantic -O2 -g -DNDEBUG -Wl,-rpath,/nopt/nrel/apps/cpu_stack/compilers/06-24/linux-rhel8-sapphirerapids/gcc-12.3.0/gcc-13.1.0-bmut2ysomhthj6y7oyc73c3cmxye57am/lib/gcc/x86_64-pc-linux-gnu/13.1.0/../../../../lib64 -Wl,-rpath,/nopt/nrel/apps/cpu_stack/libraries-gcc/06-24/linux-rhel8-sapphirerapids/gcc-12.3.0/netlib-lapack-3.11.0-abk4uhd5cyrfnhh67bcdhyt6fulibezx/lib64 -shared -Wl,-soname,libgridkit_phasor_dynamics_stabilizer_ieeest_dependency_tracking.so.0 -o libgridkit_phasor_dynamics_stabilizer_ieeest_dependency_tracking.so.0.1.0 CMakeFiles/phasor_dynamics_stabilizer_ieeest_dependency_tracking.dir/IeeestDependencyTracking.cpp.o  -Wl,-rpath,/home/isatkaus/gridkit/build/GridKit/Model/PhasorDynamics/SignalNode:/home/isatkaus/gridkit/build/GridKit/Utilities/Logger:/home/isatkaus/gridkit/build/GridKit/LinearAlgebra/SparseMatrix: ../../SignalNode/libgridkit_phasor_dynamics_signal_dependency_tracking.so.0.1.0 ../../../../Utilities/Logger/libgridkit_utilities_logger.so.0.1.0 ../../../../LinearAlgebra/SparseMatrix/libgridkit_sparse_matrix.so.0.1.0
make  -f examples/Experimental/DynamicConstrainedOpt/CMakeFiles/dynconopt.dir/build.make examples/Experimental/DynamicConstrainedOpt/CMakeFiles/dynconopt.dir/depend
make  -f examples/Experimental/GenConstLoad/CMakeFiles/genconstload.dir/build.make examples/Experimental/GenConstLoad/CMakeFiles/genconstload.dir/depend
make  -f examples/Experimental/GenInfiniteBus/CMakeFiles/geninfbus.dir/build.make examples/Experimental/GenInfiniteBus/CMakeFiles/geninfbus.dir/depend
make  -f examples/Experimental/ParameterEstimation/CMakeFiles/paramest.dir/build.make examples/Experimental/ParameterEstimation/CMakeFiles/paramest.dir/depend
make[2]: Entering directory '/home/isatkaus/gridkit/build'
cd /home/isatkaus/gridkit/build && /nopt/nrel/apps/cpu_stack/utilities/06-24/linux-rhel8-sapphirerapids/gcc-12.3.0/cmake-3.29.2-6n4msmc4aewj7wyi6b5g644vjrqyqgot/bin/cmake -E cmake_depends "Unix Makefiles" /home/isatkaus/gridkit /home/isatkaus/gridkit/examples/Experimental/DynamicConstrainedOpt /home/isatkaus/gridkit/build /home/isatkaus/gridkit/build/examples/Experimental/DynamicConstrainedOpt /home/isatkaus/gridkit/build/examples/Experimental/DynamicConstrainedOpt/CMakeFiles/dynconopt.dir/DependInfo.cmake "--color="
make[2]: Entering directory '/home/isatkaus/gridkit/build'
cd /home/isatkaus/gridkit/build && /nopt/nrel/apps/cpu_stack/utilities/06-24/linux-rhel8-sapphirerapids/gcc-12.3.0/cmake-3.29.2-6n4msmc4aewj7wyi6b5g644vjrqyqgot/bin/cmake -E cmake_depends "Unix Makefiles" /home/isatkaus/gridkit /home/isatkaus/gridkit/examples/Experimental/GenInfiniteBus /home/isatkaus/gridkit/build /home/isatkaus/gridkit/build/examples/Experimental/GenInfiniteBus /home/isatkaus/gridkit/build/examples/Experimental/GenInfiniteBus/CMakeFiles/geninfbus.dir/DependInfo.cmake "--color="
make[2]: Entering directory '/home/isatkaus/gridkit/build'
cd /home/isatkaus/gridkit/build && /nopt/nrel/apps/cpu_stack/utilities/06-24/linux-rhel8-sapphirerapids/gcc-12.3.0/cmake-3.29.2-6n4msmc4aewj7wyi6b5g644vjrqyqgot/bin/cmake -E cmake_depends "Unix Makefiles" /home/isatkaus/gridkit /home/isatkaus/gridkit/examples/Experimental/GenConstLoad /home/isatkaus/gridkit/build /home/isatkaus/gridkit/build/examples/Experimental/GenConstLoad /home/isatkaus/gridkit/build/examples/Experimental/GenConstLoad/CMakeFiles/genconstload.dir/DependInfo.cmake "--color="
make[2]: Entering directory '/home/isatkaus/gridkit/build'
cd /home/isatkaus/gridkit/build && /nopt/nrel/apps/cpu_stack/utilities/06-24/linux-rhel8-sapphirerapids/gcc-12.3.0/cmake-3.29.2-6n4msmc4aewj7wyi6b5g644vjrqyqgot/bin/cmake -E cmake_depends "Unix Makefiles" /home/isatkaus/gridkit /home/isatkaus/gridkit/examples/Experimental/ParameterEstimation /home/isatkaus/gridkit/build /home/isatkaus/gridkit/build/examples/Experimental/ParameterEstimation /home/isatkaus/gridkit/build/examples/Experimental/ParameterEstimation/CMakeFiles/paramest.dir/DependInfo.cmake "--color="
make[2]: Leaving directory '/home/isatkaus/gridkit/build'
make  -f examples/Experimental/DynamicConstrainedOpt/CMakeFiles/dynconopt.dir/build.make examples/Experimental/DynamicConstrainedOpt/CMakeFiles/dynconopt.dir/build
make[2]: Leaving directory '/home/isatkaus/gridkit/build'
make[2]: Leaving directory '/home/isatkaus/gridkit/build'
make  -f examples/Experimental/GenInfiniteBus/CMakeFiles/geninfbus.dir/build.make examples/Experimental/GenInfiniteBus/CMakeFiles/geninfbus.dir/build
make[2]: Leaving directory '/home/isatkaus/gridkit/build'
make  -f examples/Experimental/GenConstLoad/CMakeFiles/genconstload.dir/build.make examples/Experimental/GenConstLoad/CMakeFiles/genconstload.dir/build
make  -f examples/Experimental/ParameterEstimation/CMakeFiles/paramest.dir/build.make examples/Experimental/ParameterEstimation/CMakeFiles/paramest.dir/build
make[2]: Entering directory '/home/isatkaus/gridkit/build'
make[2]: Entering directory '/home/isatkaus/gridkit/build'
make[2]: Entering directory '/home/isatkaus/gridkit/build'
make[2]: Entering directory '/home/isatkaus/gridkit/build'
[ 64%] Building CXX object examples/Experimental/DynamicConstrainedOpt/CMakeFiles/dynconopt.dir/DynamicConstrainedOpt.cpp.o
[ 64%] Linking CXX executable EnzymePowerElectronicsCheck
[ 64%] Building CXX object examples/Experimental/ParameterEstimation/CMakeFiles/paramest.dir/ParameterEstimation.cpp.o
[ 64%] Building CXX object examples/Experimental/GenConstLoad/CMakeFiles/genconstload.dir/GenConstLoad.cpp.o
[ 64%] Building CXX object examples/Experimental/GenInfiniteBus/CMakeFiles/geninfbus.dir/GenInfiniteBus.cpp.o
cd /home/isatkaus/gridkit/build/examples/Experimental/DynamicConstrainedOpt && /nopt/nrel/apps/cpu_stack/software/gridkit/llvm/16.0.6/bin/clang++  -I/home/isatkaus/gridkit -I/home/isatkaus/gridkit/build -isystem /nopt/nrel/apps/cpu_stack/software/gridkit/sundials/develop/include -isystem /nopt/nrel/apps/cpu_stack/software/gridkit/suitesparse/7.8.2/include/suitesparse -isystem /nopt/nrel/apps/cpu_stack/software/gridkit/ipopt/3.14.14/include/coin-or --gcc-toolchain=/nopt/nrel/apps/cpu_stack/compilers/06-24/linux-rhel8-sapphirerapids/gcc-12.3.0/gcc-13.1.0-bmut2ysomhthj6y7oyc73c3cmxye57am -Wall -Wextra -Wconversion -Wpedantic -O2 -g -DNDEBUG -std=gnu++20 -fPIE -MD -MT examples/Experimental/DynamicConstrainedOpt/CMakeFiles/dynconopt.dir/DynamicConstrainedOpt.cpp.o -MF CMakeFiles/dynconopt.dir/DynamicConstrainedOpt.cpp.o.d -o CMakeFiles/dynconopt.dir/DynamicConstrainedOpt.cpp.o -c /home/isatkaus/gridkit/examples/Experimental/DynamicConstrainedOpt/DynamicConstrainedOpt.cpp
cd /home/isatkaus/gridkit/build/examples/Enzyme/PowerElectronics && /nopt/nrel/apps/cpu_stack/utilities/06-24/linux-rhel8-sapphirerapids/gcc-12.3.0/cmake-3.29.2-6n4msmc4aewj7wyi6b5g644vjrqyqgot/bin/cmake -E cmake_link_script CMakeFiles/EnzymePowerElectronicsCheck.dir/link.txt --verbose=1
cd /home/isatkaus/gridkit/build/examples/Experimental/GenConstLoad && /nopt/nrel/apps/cpu_stack/software/gridkit/llvm/16.0.6/bin/clang++  -I/home/isatkaus/gridkit -I/home/isatkaus/gridkit/build -isystem /nopt/nrel/apps/cpu_stack/software/gridkit/sundials/develop/include -isystem /nopt/nrel/apps/cpu_stack/software/gridkit/suitesparse/7.8.2/include/suitesparse -isystem /nopt/nrel/apps/cpu_stack/software/gridkit/ipopt/3.14.14/include/coin-or --gcc-toolchain=/nopt/nrel/apps/cpu_stack/compilers/06-24/linux-rhel8-sapphirerapids/gcc-12.3.0/gcc-13.1.0-bmut2ysomhthj6y7oyc73c3cmxye57am -Wall -Wextra -Wconversion -Wpedantic -O2 -g -DNDEBUG -std=gnu++20 -fPIE -MD -MT examples/Experimental/GenConstLoad/CMakeFiles/genconstload.dir/GenConstLoad.cpp.o -MF CMakeFiles/genconstload.dir/GenConstLoad.cpp.o.d -o CMakeFiles/genconstload.dir/GenConstLoad.cpp.o -c /home/isatkaus/gridkit/examples/Experimental/GenConstLoad/GenConstLoad.cpp
cd /home/isatkaus/gridkit/build/examples/Experimental/GenInfiniteBus && /nopt/nrel/apps/cpu_stack/software/gridkit/llvm/16.0.6/bin/clang++  -I/home/isatkaus/gridkit -I/home/isatkaus/gridkit/build -isystem /nopt/nrel/apps/cpu_stack/software/gridkit/ipopt/3.14.14/include/coin-or -isystem /nopt/nrel/apps/cpu_stack/software/gridkit/sundials/develop/include -isystem /nopt/nrel/apps/cpu_stack/software/gridkit/suitesparse/7.8.2/include/suitesparse --gcc-toolchain=/nopt/nrel/apps/cpu_stack/compilers/06-24/linux-rhel8-sapphirerapids/gcc-12.3.0/gcc-13.1.0-bmut2ysomhthj6y7oyc73c3cmxye57am -Wall -Wextra -Wconversion -Wpedantic -O2 -g -DNDEBUG -std=gnu++20 -fPIE -MD -MT examples/Experimental/GenInfiniteBus/CMakeFiles/geninfbus.dir/GenInfiniteBus.cpp.o -MF CMakeFiles/geninfbus.dir/GenInfiniteBus.cpp.o.d -o CMakeFiles/geninfbus.dir/GenInfiniteBus.cpp.o -c /home/isatkaus/gridkit/examples/Experimental/GenInfiniteBus/GenInfiniteBus.cpp
cd /home/isatkaus/gridkit/build/examples/Experimental/ParameterEstimation && /nopt/nrel/apps/cpu_stack/software/gridkit/llvm/16.0.6/bin/clang++  -I/home/isatkaus/gridkit -I/home/isatkaus/gridkit/build -isystem /nopt/nrel/apps/cpu_stack/software/gridkit/ipopt/3.14.14/include/coin-or -isystem /nopt/nrel/apps/cpu_stack/software/gridkit/sundials/develop/include -isystem /nopt/nrel/apps/cpu_stack/software/gridkit/suitesparse/7.8.2/include/suitesparse --gcc-toolchain=/nopt/nrel/apps/cpu_stack/compilers/06-24/linux-rhel8-sapphirerapids/gcc-12.3.0/gcc-13.1.0-bmut2ysomhthj6y7oyc73c3cmxye57am -Wall -Wextra -Wconversion -Wpedantic -O2 -g -DNDEBUG -std=gnu++20 -fPIE -MD -MT examples/Experimental/ParameterEstimation/CMakeFiles/paramest.dir/ParameterEstimation.cpp.o -MF CMakeFiles/paramest.dir/ParameterEstimation.cpp.o.d -o CMakeFiles/paramest.dir/ParameterEstimation.cpp.o -c /home/isatkaus/gridkit/examples/Experimental/ParameterEstimation/ParameterEstimation.cpp
/nopt/nrel/apps/cpu_stack/software/gridkit/llvm/16.0.6/bin/clang++ --gcc-toolchain=/nopt/nrel/apps/cpu_stack/compilers/06-24/linux-rhel8-sapphirerapids/gcc-12.3.0/gcc-13.1.0-bmut2ysomhthj6y7oyc73c3cmxye57am -Wall -Wextra -Wconversion -Wpedantic -O2 -g -DNDEBUG -Wl,-rpath,/nopt/nrel/apps/cpu_stack/compilers/06-24/linux-rhel8-sapphirerapids/gcc-12.3.0/gcc-13.1.0-bmut2ysomhthj6y7oyc73c3cmxye57am/lib/gcc/x86_64-pc-linux-gnu/13.1.0/../../../../lib64 -Wl,-rpath,/nopt/nrel/apps/cpu_stack/libraries-gcc/06-24/linux-rhel8-sapphirerapids/gcc-12.3.0/netlib-lapack-3.11.0-abk4uhd5cyrfnhh67bcdhyt6fulibezx/lib64 CMakeFiles/EnzymePowerElectronicsCheck.dir/main.cpp.o -o EnzymePowerElectronicsCheck  -Wl,-rpath,/home/isatkaus/gridkit/build/GridKit/Model/PowerElectronics/DistributedGenerator:/home/isatkaus/gridkit/build/GridKit/Utilities/CliArgs:/home/isatkaus/gridkit/build/GridKit/Utilities/Logger ../../../GridKit/Model/PowerElectronics/DistributedGenerator/libgridkit_power_elec_disgen.so.0.1.0 ../../../GridKit/Utilities/CliArgs/libgridkit_utilities_cli_args.so.0.1.0 ../../../GridKit/Utilities/Logger/libgridkit_utilities_logger.so.0.1.0
[ 64%] Linking CXX executable scalemicrogrid
cd /home/isatkaus/gridkit/build/examples/PowerElectronics/ScaleMicrogrid && /nopt/nrel/apps/cpu_stack/utilities/06-24/linux-rhel8-sapphirerapids/gcc-12.3.0/cmake-3.29.2-6n4msmc4aewj7wyi6b5g644vjrqyqgot/bin/cmake -E cmake_link_script CMakeFiles/scalemicrogrid.dir/link.txt --verbose=1
[ 64%] Linking CXX executable scalemicrogridarbitrary
/nopt/nrel/apps/cpu_stack/software/gridkit/llvm/16.0.6/bin/clang++ --gcc-toolchain=/nopt/nrel/apps/cpu_stack/compilers/06-24/linux-rhel8-sapphirerapids/gcc-12.3.0/gcc-13.1.0-bmut2ysomhthj6y7oyc73c3cmxye57am -Wall -Wextra -Wconversion -Wpedantic -O2 -g -DNDEBUG -Wl,-rpath,/nopt/nrel/apps/cpu_stack/compilers/06-24/linux-rhel8-sapphirerapids/gcc-12.3.0/gcc-13.1.0-bmut2ysomhthj6y7oyc73c3cmxye57am/lib/gcc/x86_64-pc-linux-gnu/13.1.0/../../../../lib64 -Wl,-rpath,/nopt/nrel/apps/cpu_stack/libraries-gcc/06-24/linux-rhel8-sapphirerapids/gcc-12.3.0/netlib-lapack-3.11.0-abk4uhd5cyrfnhh67bcdhyt6fulibezx/lib64 CMakeFiles/scalemicrogrid.dir/ScaleMicrogrid.cpp.o -o scalemicrogrid  -Wl,-rpath,/home/isatkaus/gridkit/build/GridKit/Model/PowerElectronics/DistributedGenerator:/home/isatkaus/gridkit/build/GridKit/Model/PowerElectronics/MicrogridLine:/home/isatkaus/gridkit/build/GridKit/Model/PowerElectronics/MicrogridLoad:/home/isatkaus/gridkit/build/GridKit/Solver/Dynamic:/home/isatkaus/gridkit/build/GridKit/Model/PowerElectronics/MicrogridBusDQ:/nopt/nrel/apps/cpu_stack/software/gridkit/sundials/develop/lib64:/nopt/nrel/apps/cpu_stack/software/gridkit/suitesparse/7.8.2/lib64:/home/isatkaus/gridkit/build/GridKit/Utilities/Logger:/home/isatkaus/gridkit/build/GridKit/LinearAlgebra/SparseMatrix: ../../../GridKit/Model/PowerElectronics/DistributedGenerator/libgridkit_power_elec_disgen.so.0.1.0 ../../../GridKit/Model/PowerElectronics/MicrogridLine/libgridkit_power_elec_microline.so.0.1.0 ../../../GridKit/Model/PowerElectronics/MicrogridLoad/libgridkit_power_elec_microload.so.0.1.0 ../../../GridKit/Solver/Dynamic/libgridkit_solvers_dyn.so.0.1.0 ../../../GridKit/Model/PowerElectronics/MicrogridBusDQ/libgridkit_power_elec_microbusdq.so.0.1.0 /nopt/nrel/apps/cpu_stack/software/gridkit/sundials/develop/lib64/libsundials_nvecserial.so.7.8.0 /nopt/nrel/apps/cpu_stack/software/gridkit/sundials/develop/lib64/libsundials_idas.so.6.8.0 /nopt/nrel/apps/cpu_stack/software/gridkit/sundials/develop/lib64/libsundials_sunlinsolklu.so.5.8.0 /nopt/nrel/apps/cpu_stack/software/gridkit/sundials/develop/lib64/libsundials_sunmatrixsparse.so.5.8.0 /nopt/nrel/apps/cpu_stack/software/gridkit/sundials/develop/lib64/libsundials_core.so.7.8.0 /nopt/nrel/apps/cpu_stack/software/gridkit/suitesparse/7.8.2/lib64/libklu.so /nopt/nrel/apps/cpu_stack/software/gridkit/suitesparse/7.8.2/lib64/libamd.so /nopt/nrel/apps/cpu_stack/software/gridkit/suitesparse/7.8.2/lib64/libcolamd.so /nopt/nrel/apps/cpu_stack/software/gridkit/suitesparse/7.8.2/lib64/libbtf.so /nopt/nrel/apps/cpu_stack/software/gridkit/suitesparse/7.8.2/lib64/libsuitesparseconfig.so ../../../GridKit/Utilities/Logger/libgridkit_utilities_logger.so.0.1.0 ../../../GridKit/LinearAlgebra/SparseMatrix/libgridkit_sparse_matrix.so.0.1.0
cd /home/isatkaus/gridkit/build/examples/PowerElectronics/ScaleMicrogrid && /nopt/nrel/apps/cpu_stack/utilities/06-24/linux-rhel8-sapphirerapids/gcc-12.3.0/cmake-3.29.2-6n4msmc4aewj7wyi6b5g644vjrqyqgot/bin/cmake -E cmake_link_script CMakeFiles/scalemicrogridarbitrary.dir/link.txt --verbose=1
/nopt/nrel/apps/cpu_stack/software/gridkit/llvm/16.0.6/bin/clang++ --gcc-toolchain=/nopt/nrel/apps/cpu_stack/compilers/06-24/linux-rhel8-sapphirerapids/gcc-12.3.0/gcc-13.1.0-bmut2ysomhthj6y7oyc73c3cmxye57am -Wall -Wextra -Wconversion -Wpedantic -O2 -g -DNDEBUG -Wl,-rpath,/nopt/nrel/apps/cpu_stack/compilers/06-24/linux-rhel8-sapphirerapids/gcc-12.3.0/gcc-13.1.0-bmut2ysomhthj6y7oyc73c3cmxye57am/lib/gcc/x86_64-pc-linux-gnu/13.1.0/../../../../lib64 -Wl,-rpath,/nopt/nrel/apps/cpu_stack/libraries-gcc/06-24/linux-rhel8-sapphirerapids/gcc-12.3.0/netlib-lapack-3.11.0-abk4uhd5cyrfnhh67bcdhyt6fulibezx/lib64 CMakeFiles/scalemicrogridarbitrary.dir/ScaleMicrogridArbitrary.cpp.o -o scalemicrogridarbitrary  -Wl,-rpath,/home/isatkaus/gridkit/build/GridKit/Model/PowerElectronics/DistributedGenerator:/home/isatkaus/gridkit/build/GridKit/Model/PowerElectronics/MicrogridLine:/home/isatkaus/gridkit/build/GridKit/Model/PowerElectronics/MicrogridLoad:/home/isatkaus/gridkit/build/GridKit/Solver/Dynamic:/home/isatkaus/gridkit/build/GridKit/Model/PowerElectronics/MicrogridBusDQ:/nopt/nrel/apps/cpu_stack/software/gridkit/sundials/develop/lib64:/nopt/nrel/apps/cpu_stack/software/gridkit/suitesparse/7.8.2/lib64:/home/isatkaus/gridkit/build/GridKit/Utilities/Logger:/home/isatkaus/gridkit/build/GridKit/LinearAlgebra/SparseMatrix ../../../GridKit/Model/PowerElectronics/DistributedGenerator/libgridkit_power_elec_disgen.so.0.1.0 ../../../GridKit/Model/PowerElectronics/MicrogridLine/libgridkit_power_elec_microline.so.0.1.0 ../../../GridKit/Model/PowerElectronics/MicrogridLoad/libgridkit_power_elec_microload.so.0.1.0 ../../../GridKit/Solver/Dynamic/libgridkit_solvers_dyn.so.0.1.0 ../../../GridKit/Model/PowerElectronics/MicrogridBusDQ/libgridkit_power_elec_microbusdq.so.0.1.0 /nopt/nrel/apps/cpu_stack/software/gridkit/sundials/develop/lib64/libsundials_nvecserial.so.7.8.0 /nopt/nrel/apps/cpu_stack/software/gridkit/sundials/develop/lib64/libsundials_idas.so.6.8.0 /nopt/nrel/apps/cpu_stack/software/gridkit/sundials/develop/lib64/libsundials_sunlinsolklu.so.5.8.0 /nopt/nrel/apps/cpu_stack/software/gridkit/sundials/develop/lib64/libsundials_sunmatrixsparse.so.5.8.0 /nopt/nrel/apps/cpu_stack/software/gridkit/sundials/develop/lib64/libsundials_core.so.7.8.0 /nopt/nrel/apps/cpu_stack/software/gridkit/suitesparse/7.8.2/lib64/libklu.so /nopt/nrel/apps/cpu_stack/software/gridkit/suitesparse/7.8.2/lib64/libamd.so /nopt/nrel/apps/cpu_stack/software/gridkit/suitesparse/7.8.2/lib64/libcolamd.so /nopt/nrel/apps/cpu_stack/software/gridkit/suitesparse/7.8.2/lib64/libbtf.so /nopt/nrel/apps/cpu_stack/software/gridkit/suitesparse/7.8.2/lib64/libsuitesparseconfig.so ../../../GridKit/Utilities/Logger/libgridkit_utilities_logger.so.0.1.0 ../../../GridKit/LinearAlgebra/SparseMatrix/libgridkit_sparse_matrix.so.0.1.0
cd /home/isatkaus/gridkit/build/GridKit/Model/PhasorDynamics/Branch && /nopt/nrel/apps/cpu_stack/utilities/06-24/linux-rhel8-sapphirerapids/gcc-12.3.0/cmake-3.29.2-6n4msmc4aewj7wyi6b5g644vjrqyqgot/bin/cmake -E cmake_symlink_library libgridkit_phasor_dynamics_branch_dependency_tracking.so.0.1.0 libgridkit_phasor_dynamics_branch_dependency_tracking.so.0 libgridkit_phasor_dynamics_branch_dependency_tracking.so
[ 64%] Linking CXX executable microgrid
cd /home/isatkaus/gridkit/build/examples/PowerElectronics/Microgrid && /nopt/nrel/apps/cpu_stack/utilities/06-24/linux-rhel8-sapphirerapids/gcc-12.3.0/cmake-3.29.2-6n4msmc4aewj7wyi6b5g644vjrqyqgot/bin/cmake -E cmake_link_script CMakeFiles/microgrid.dir/link.txt --verbose=1
/nopt/nrel/apps/cpu_stack/software/gridkit/llvm/16.0.6/bin/clang++ --gcc-toolchain=/nopt/nrel/apps/cpu_stack/compilers/06-24/linux-rhel8-sapphirerapids/gcc-12.3.0/gcc-13.1.0-bmut2ysomhthj6y7oyc73c3cmxye57am -Wall -Wextra -Wconversion -Wpedantic -O2 -g -DNDEBUG -Wl,-rpath,/nopt/nrel/apps/cpu_stack/compilers/06-24/linux-rhel8-sapphirerapids/gcc-12.3.0/gcc-13.1.0-bmut2ysomhthj6y7oyc73c3cmxye57am/lib/gcc/x86_64-pc-linux-gnu/13.1.0/../../../../lib64 -Wl,-rpath,/nopt/nrel/apps/cpu_stack/libraries-gcc/06-24/linux-rhel8-sapphirerapids/gcc-12.3.0/netlib-lapack-3.11.0-abk4uhd5cyrfnhh67bcdhyt6fulibezx/lib64 CMakeFiles/microgrid.dir/Microgrid.cpp.o -o microgrid  -Wl,-rpath,/home/isatkaus/gridkit/build/GridKit/Model/PowerElectronics/DistributedGenerator:/home/isatkaus/gridkit/build/GridKit/Model/PowerElectronics/MicrogridLine:/home/isatkaus/gridkit/build/GridKit/Model/PowerElectronics/MicrogridLoad:/home/isatkaus/gridkit/build/GridKit/Solver/Dynamic:/home/isatkaus/gridkit/build/GridKit/Model/PowerElectronics/MicrogridBusDQ:/nopt/nrel/apps/cpu_stack/software/gridkit/sundials/develop/lib64:/nopt/nrel/apps/cpu_stack/software/gridkit/suitesparse/7.8.2/lib64:/home/isatkaus/gridkit/build/GridKit/Utilities/Logger:/home/isatkaus/gridkit/build/GridKit/LinearAlgebra/SparseMatrix: ../../../GridKit/Model/PowerElectronics/DistributedGenerator/libgridkit_power_elec_disgen.so.0.1.0 ../../../GridKit/Model/PowerElectronics/MicrogridLine/libgridkit_power_elec_microline.so.0.1.0 ../../../GridKit/Model/PowerElectronics/MicrogridLoad/libgridkit_power_elec_microload.so.0.1.0 ../../../GridKit/Solver/Dynamic/libgridkit_solvers_dyn.so.0.1.0 ../../../GridKit/Model/PowerElectronics/MicrogridBusDQ/libgridkit_power_elec_microbusdq.so.0.1.0 /nopt/nrel/apps/cpu_stack/software/gridkit/sundials/develop/lib64/libsundials_nvecserial.so.7.8.0 /nopt/nrel/apps/cpu_stack/software/gridkit/sundials/develop/lib64/libsundials_idas.so.6.8.0 /nopt/nrel/apps/cpu_stack/software/gridkit/sundials/develop/lib64/libsundials_sunlinsolklu.so.5.8.0 /nopt/nrel/apps/cpu_stack/software/gridkit/sundials/develop/lib64/libsundials_sunmatrixsparse.so.5.8.0 /nopt/nrel/apps/cpu_stack/software/gridkit/sundials/develop/lib64/libsundials_core.so.7.8.0 /nopt/nrel/apps/cpu_stack/software/gridkit/suitesparse/7.8.2/lib64/libklu.so /nopt/nrel/apps/cpu_stack/software/gridkit/suitesparse/7.8.2/lib64/libamd.so /nopt/nrel/apps/cpu_stack/software/gridkit/suitesparse/7.8.2/lib64/libcolamd.so /nopt/nrel/apps/cpu_stack/software/gridkit/suitesparse/7.8.2/lib64/libbtf.so /nopt/nrel/apps/cpu_stack/software/gridkit/suitesparse/7.8.2/lib64/libsuitesparseconfig.so ../../../GridKit/Utilities/Logger/libgridkit_utilities_logger.so.0.1.0 ../../../GridKit/LinearAlgebra/SparseMatrix/libgridkit_sparse_matrix.so.0.1.0
make[2]: Leaving directory '/home/isatkaus/gridkit/build'
[ 64%] Built target phasor_dynamics_branch_dependency_tracking
make  -f tests/UnitTests/PhasorDynamics/CMakeFiles/test_phasor_branch.dir/build.make tests/UnitTests/PhasorDynamics/CMakeFiles/test_phasor_branch.dir/depend
make[2]: Entering directory '/home/isatkaus/gridkit/build'
cd /home/isatkaus/gridkit/build && /nopt/nrel/apps/cpu_stack/utilities/06-24/linux-rhel8-sapphirerapids/gcc-12.3.0/cmake-3.29.2-6n4msmc4aewj7wyi6b5g644vjrqyqgot/bin/cmake -E cmake_depends "Unix Makefiles" /home/isatkaus/gridkit /home/isatkaus/gridkit/tests/UnitTests/PhasorDynamics /home/isatkaus/gridkit/build /home/isatkaus/gridkit/build/tests/UnitTests/PhasorDynamics /home/isatkaus/gridkit/build/tests/UnitTests/PhasorDynamics/CMakeFiles/test_phasor_branch.dir/DependInfo.cmake "--color="
make[2]: Leaving directory '/home/isatkaus/gridkit/build'
[ 64%] Built target adjoint
make[2]: Leaving directory '/home/isatkaus/gridkit/build'
make  -f tests/UnitTests/PhasorDynamics/CMakeFiles/test_phasor_branch.dir/build.make tests/UnitTests/PhasorDynamics/CMakeFiles/test_phasor_branch.dir/build
make[2]: Entering directory '/home/isatkaus/gridkit/build'
[ 65%] Building CXX object tests/UnitTests/PhasorDynamics/CMakeFiles/test_phasor_branch.dir/runBranchTests.cpp.o
cd /home/isatkaus/gridkit/build/tests/UnitTests/PhasorDynamics && /nopt/nrel/apps/cpu_stack/software/gridkit/llvm/16.0.6/bin/clang++  -I/home/isatkaus/gridkit -I/home/isatkaus/gridkit/build --gcc-toolchain=/nopt/nrel/apps/cpu_stack/compilers/06-24/linux-rhel8-sapphirerapids/gcc-12.3.0/gcc-13.1.0-bmut2ysomhthj6y7oyc73c3cmxye57am -Wall -Wextra -Wconversion -Wpedantic -O2 -g -DNDEBUG -std=gnu++20 -fPIE -MD -MT tests/UnitTests/PhasorDynamics/CMakeFiles/test_phasor_branch.dir/runBranchTests.cpp.o -MF CMakeFiles/test_phasor_branch.dir/runBranchTests.cpp.o.d -o CMakeFiles/test_phasor_branch.dir/runBranchTests.cpp.o -c /home/isatkaus/gridkit/tests/UnitTests/PhasorDynamics/runBranchTests.cpp
cd /home/isatkaus/gridkit/build/GridKit/Model/PhasorDynamics/SynchronousMachine/GENSAL && /nopt/nrel/apps/cpu_stack/utilities/06-24/linux-rhel8-sapphirerapids/gcc-12.3.0/cmake-3.29.2-6n4msmc4aewj7wyi6b5g644vjrqyqgot/bin/cmake -E cmake_symlink_library libgridkit_phasor_dynamics_gensal.so.0.1.0 libgridkit_phasor_dynamics_gensal.so.0 libgridkit_phasor_dynamics_gensal.so
make[2]: Leaving directory '/home/isatkaus/gridkit/build'
[ 65%] Built target phasor_dynamics_gensal
cd /home/isatkaus/gridkit/build/GridKit/Model/PhasorDynamics/SynchronousMachine/GENROU && /nopt/nrel/apps/cpu_stack/utilities/06-24/linux-rhel8-sapphirerapids/gcc-12.3.0/cmake-3.29.2-6n4msmc4aewj7wyi6b5g644vjrqyqgot/bin/cmake -E cmake_symlink_library libgridkit_phasor_dynamics_genrou.so.0.1.0 libgridkit_phasor_dynamics_genrou.so.0 libgridkit_phasor_dynamics_genrou.so
[ 65%] Linking CXX executable test_sparse_coo
cd /home/isatkaus/gridkit/build/tests/UnitTests/LinearAlgebra/SparseMatrix && /nopt/nrel/apps/cpu_stack/utilities/06-24/linux-rhel8-sapphirerapids/gcc-12.3.0/cmake-3.29.2-6n4msmc4aewj7wyi6b5g644vjrqyqgot/bin/cmake -E cmake_link_script CMakeFiles/test_sparse_coo.dir/link.txt --verbose=1
make[2]: Leaving directory '/home/isatkaus/gridkit/build'
/nopt/nrel/apps/cpu_stack/software/gridkit/llvm/16.0.6/bin/clang++ --gcc-toolchain=/nopt/nrel/apps/cpu_stack/compilers/06-24/linux-rhel8-sapphirerapids/gcc-12.3.0/gcc-13.1.0-bmut2ysomhthj6y7oyc73c3cmxye57am -Wall -Wextra -Wconversion -Wpedantic -O2 -g -DNDEBUG -Wl,-rpath,/nopt/nrel/apps/cpu_stack/compilers/06-24/linux-rhel8-sapphirerapids/gcc-12.3.0/gcc-13.1.0-bmut2ysomhthj6y7oyc73c3cmxye57am/lib/gcc/x86_64-pc-linux-gnu/13.1.0/../../../../lib64 -Wl,-rpath,/nopt/nrel/apps/cpu_stack/libraries-gcc/06-24/linux-rhel8-sapphirerapids/gcc-12.3.0/netlib-lapack-3.11.0-abk4uhd5cyrfnhh67bcdhyt6fulibezx/lib64 CMakeFiles/test_sparse_coo.dir/runSparseCooTests.cpp.o -o test_sparse_coo  -Wl,-rpath,/home/isatkaus/gridkit/build/GridKit/LinearAlgebra/SparseMatrix:/home/isatkaus/gridkit/build/GridKit/Testing:/home/isatkaus/gridkit/build/GridKit/Utilities/CliArgs:/home/isatkaus/gridkit/build/GridKit/Utilities/Logger: ../../../../GridKit/LinearAlgebra/SparseMatrix/libgridkit_sparse_matrix.so.0.1.0 ../../../../GridKit/Testing/libgridkit_testing.so.0.1.0 ../../../../GridKit/Utilities/CliArgs/libgridkit_utilities_cli_args.so.0.1.0 ../../../../GridKit/Utilities/Logger/libgridkit_utilities_logger.so.0.1.0
[ 65%] Built target phasor_dynamics_genrou
make  -f GridKit/Model/PhasorDynamics/CMakeFiles/phasor_dynamics_systemmodel.dir/build.make GridKit/Model/PhasorDynamics/CMakeFiles/phasor_dynamics_systemmodel.dir/depend
make[2]: Entering directory '/home/isatkaus/gridkit/build'
cd /home/isatkaus/gridkit/build && /nopt/nrel/apps/cpu_stack/utilities/06-24/linux-rhel8-sapphirerapids/gcc-12.3.0/cmake-3.29.2-6n4msmc4aewj7wyi6b5g644vjrqyqgot/bin/cmake -E cmake_depends "Unix Makefiles" /home/isatkaus/gridkit /home/isatkaus/gridkit/GridKit/Model/PhasorDynamics /home/isatkaus/gridkit/build /home/isatkaus/gridkit/build/GridKit/Model/PhasorDynamics /home/isatkaus/gridkit/build/GridKit/Model/PhasorDynamics/CMakeFiles/phasor_dynamics_systemmodel.dir/DependInfo.cmake "--color="
make[2]: Leaving directory '/home/isatkaus/gridkit/build'
make  -f GridKit/Model/PhasorDynamics/CMakeFiles/phasor_dynamics_systemmodel.dir/build.make GridKit/Model/PhasorDynamics/CMakeFiles/phasor_dynamics_systemmodel.dir/build
make[2]: Entering directory '/home/isatkaus/gridkit/build'
[ 66%] Building CXX object GridKit/Model/PhasorDynamics/CMakeFiles/phasor_dynamics_systemmodel.dir/SystemModelData.cpp.o
[ 66%] Building CXX object GridKit/Model/PhasorDynamics/CMakeFiles/phasor_dynamics_systemmodel.dir/SystemModel.cpp.o
cd /home/isatkaus/gridkit/build/GridKit/Model/PhasorDynamics && /nopt/nrel/apps/cpu_stack/software/gridkit/llvm/16.0.6/bin/clang++ -Dphasor_dynamics_systemmodel_EXPORTS -I/home/isatkaus/gridkit -I/home/isatkaus/gridkit/third-party/nlohmann-json/include -I/home/isatkaus/gridkit/third-party/magic-enum/include -I/home/isatkaus/gridkit/build --gcc-toolchain=/nopt/nrel/apps/cpu_stack/compilers/06-24/linux-rhel8-sapphirerapids/gcc-12.3.0/gcc-13.1.0-bmut2ysomhthj6y7oyc73c3cmxye57am -Wall -Wextra -Wconversion -Wpedantic -O2 -g -DNDEBUG -std=gnu++20 -fPIC -MD -MT GridKit/Model/PhasorDynamics/CMakeFiles/phasor_dynamics_systemmodel.dir/SystemModel.cpp.o -MF CMakeFiles/phasor_dynamics_systemmodel.dir/SystemModel.cpp.o.d -o CMakeFiles/phasor_dynamics_systemmodel.dir/SystemModel.cpp.o -c /home/isatkaus/gridkit/GridKit/Model/PhasorDynamics/SystemModel.cpp
cd /home/isatkaus/gridkit/build/GridKit/Model/PhasorDynamics && /nopt/nrel/apps/cpu_stack/software/gridkit/llvm/16.0.6/bin/clang++ -Dphasor_dynamics_systemmodel_EXPORTS -I/home/isatkaus/gridkit -I/home/isatkaus/gridkit/third-party/nlohmann-json/include -I/home/isatkaus/gridkit/third-party/magic-enum/include -I/home/isatkaus/gridkit/build --gcc-toolchain=/nopt/nrel/apps/cpu_stack/compilers/06-24/linux-rhel8-sapphirerapids/gcc-12.3.0/gcc-13.1.0-bmut2ysomhthj6y7oyc73c3cmxye57am -Wall -Wextra -Wconversion -Wpedantic -O2 -g -DNDEBUG -std=gnu++20 -fPIC -MD -MT GridKit/Model/PhasorDynamics/CMakeFiles/phasor_dynamics_systemmodel.dir/SystemModelData.cpp.o -MF CMakeFiles/phasor_dynamics_systemmodel.dir/SystemModelData.cpp.o.d -o CMakeFiles/phasor_dynamics_systemmodel.dir/SystemModelData.cpp.o -c /home/isatkaus/gridkit/GridKit/Model/PhasorDynamics/SystemModelData.cpp
make[2]: Leaving directory '/home/isatkaus/gridkit/build'
cd /home/isatkaus/gridkit/build/GridKit/Model/PhasorDynamics/SynchronousMachine/GenClassical && /nopt/nrel/apps/cpu_stack/utilities/06-24/linux-rhel8-sapphirerapids/gcc-12.3.0/cmake-3.29.2-6n4msmc4aewj7wyi6b5g644vjrqyqgot/bin/cmake -E cmake_symlink_library libgridkit_phasor_dynamics_gen_classical_dependency_tracking.so.0.1.0 libgridkit_phasor_dynamics_gen_classical_dependency_tracking.so.0 libgridkit_phasor_dynamics_gen_classical_dependency_tracking.so
[ 66%] Built target rlcircuit
make[2]: Leaving directory '/home/isatkaus/gridkit/build'
make[2]: Leaving directory '/home/isatkaus/gridkit/build'
[ 67%] Linking CXX executable grid3bus
[ 67%] Built target dgtest
[ 67%] Built target phasor_dynamics_gen_classical_dependency_tracking
cd /home/isatkaus/gridkit/build/examples/PowerFlow/Grid3Bus && /nopt/nrel/apps/cpu_stack/utilities/06-24/linux-rhel8-sapphirerapids/gcc-12.3.0/cmake-3.29.2-6n4msmc4aewj7wyi6b5g644vjrqyqgot/bin/cmake -E cmake_link_script CMakeFiles/grid3bus.dir/link.txt --verbose=1
make  -f tests/UnitTests/PhasorDynamics/CMakeFiles/test_phasor_gen_classical.dir/build.make tests/UnitTests/PhasorDynamics/CMakeFiles/test_phasor_gen_classical.dir/depend
make[2]: Entering directory '/home/isatkaus/gridkit/build'
cd /home/isatkaus/gridkit/build && /nopt/nrel/apps/cpu_stack/utilities/06-24/linux-rhel8-sapphirerapids/gcc-12.3.0/cmake-3.29.2-6n4msmc4aewj7wyi6b5g644vjrqyqgot/bin/cmake -E cmake_depends "Unix Makefiles" /home/isatkaus/gridkit /home/isatkaus/gridkit/tests/UnitTests/PhasorDynamics /home/isatkaus/gridkit/build /home/isatkaus/gridkit/build/tests/UnitTests/PhasorDynamics /home/isatkaus/gridkit/build/tests/UnitTests/PhasorDynamics/CMakeFiles/test_phasor_gen_classical.dir/DependInfo.cmake "--color="
/nopt/nrel/apps/cpu_stack/software/gridkit/llvm/16.0.6/bin/clang++ --gcc-toolchain=/nopt/nrel/apps/cpu_stack/compilers/06-24/linux-rhel8-sapphirerapids/gcc-12.3.0/gcc-13.1.0-bmut2ysomhthj6y7oyc73c3cmxye57am -Wall -Wextra -Wconversion -Wpedantic -O2 -g -DNDEBUG -Wl,-rpath,/nopt/nrel/apps/cpu_stack/compilers/06-24/linux-rhel8-sapphirerapids/gcc-12.3.0/gcc-13.1.0-bmut2ysomhthj6y7oyc73c3cmxye57am/lib/gcc/x86_64-pc-linux-gnu/13.1.0/../../../../lib64 -Wl,-rpath,/nopt/nrel/apps/cpu_stack/libraries-gcc/06-24/linux-rhel8-sapphirerapids/gcc-12.3.0/netlib-lapack-3.11.0-abk4uhd5cyrfnhh67bcdhyt6fulibezx/lib64 CMakeFiles/grid3bus.dir/Grid3BusSys.cpp.o -o grid3bus  -Wl,-rpath,/home/isatkaus/gridkit/build/GridKit/Model/PowerFlow/MiniGrid:/home/isatkaus/gridkit/build/GridKit/Model/PowerFlow/Bus:/home/isatkaus/gridkit/build/GridKit/Model/PowerFlow/Generator:/home/isatkaus/gridkit/build/GridKit/Model/PowerFlow/Branch:/home/isatkaus/gridkit/build/GridKit/Model/PowerFlow/Load:/home/isatkaus/gridkit/build/GridKit/Solver/SteadyState:/nopt/nrel/apps/cpu_stack/software/gridkit/sundials/develop/lib64: ../../../GridKit/Model/PowerFlow/MiniGrid/libgridkit_minigrid.so.0.1.0 ../../../GridKit/Model/PowerFlow/Bus/libgridkit_bus.so.0.1.0 ../../../GridKit/Model/PowerFlow/Generator/libgridkit_generator.so.0.1.0 ../../../GridKit/Model/PowerFlow/Branch/libgridkit_branch.so.0.1.0 ../../../GridKit/Model/PowerFlow/Load/libgridkit_load.so.0.1.0 ../../../GridKit/Solver/SteadyState/libgridkit_solvers_steady.so.0.1.0 /nopt/nrel/apps/cpu_stack/software/gridkit/sundials/develop/lib64/libsundials_kinsol.so.7.8.0 /nopt/nrel/apps/cpu_stack/software/gridkit/sundials/develop/lib64/libsundials_core.so.7.8.0
make[2]: Leaving directory '/home/isatkaus/gridkit/build'
make  -f tests/UnitTests/PhasorDynamics/CMakeFiles/test_phasor_gen_classical.dir/build.make tests/UnitTests/PhasorDynamics/CMakeFiles/test_phasor_gen_classical.dir/build
make[2]: Entering directory '/home/isatkaus/gridkit/build'
[ 67%] Building CXX object tests/UnitTests/PhasorDynamics/CMakeFiles/test_phasor_gen_classical.dir/runGenClassicalTests.cpp.o
cd /home/isatkaus/gridkit/build/GridKit/Model/PhasorDynamics/Exciter/IEEET1 && /nopt/nrel/apps/cpu_stack/utilities/06-24/linux-rhel8-sapphirerapids/gcc-12.3.0/cmake-3.29.2-6n4msmc4aewj7wyi6b5g644vjrqyqgot/bin/cmake -E cmake_symlink_library libgridkit_phasor_dynamics_exciter_ieeet1_dependency_tracking.so.0.1.0 libgridkit_phasor_dynamics_exciter_ieeet1_dependency_tracking.so.0 libgridkit_phasor_dynamics_exciter_ieeet1_dependency_tracking.so
cd /home/isatkaus/gridkit/build/tests/UnitTests/PhasorDynamics && /nopt/nrel/apps/cpu_stack/software/gridkit/llvm/16.0.6/bin/clang++  -I/home/isatkaus/gridkit/build -I/home/isatkaus/gridkit --gcc-toolchain=/nopt/nrel/apps/cpu_stack/compilers/06-24/linux-rhel8-sapphirerapids/gcc-12.3.0/gcc-13.1.0-bmut2ysomhthj6y7oyc73c3cmxye57am -Wall -Wextra -Wconversion -Wpedantic -O2 -g -DNDEBUG -std=gnu++20 -fPIE -MD -MT tests/UnitTests/PhasorDynamics/CMakeFiles/test_phasor_gen_classical.dir/runGenClassicalTests.cpp.o -MF CMakeFiles/test_phasor_gen_classical.dir/runGenClassicalTests.cpp.o.d -o CMakeFiles/test_phasor_gen_classical.dir/runGenClassicalTests.cpp.o -c /home/isatkaus/gridkit/tests/UnitTests/PhasorDynamics/runGenClassicalTests.cpp
make[2]: Leaving directory '/home/isatkaus/gridkit/build'
[ 67%] Built target phasor_dynamics_exciter_ieeet1_dependency_tracking
[ 67%] Linking CXX executable test_math_smoothness_indicator
cd /home/isatkaus/gridkit/build/GridKit/Model/PhasorDynamics/Stabilizer/IEEEST && /nopt/nrel/apps/cpu_stack/utilities/06-24/linux-rhel8-sapphirerapids/gcc-12.3.0/cmake-3.29.2-6n4msmc4aewj7wyi6b5g644vjrqyqgot/bin/cmake -E cmake_symlink_library libgridkit_phasor_dynamics_stabilizer_ieeest_dependency_tracking.so.0.1.0 libgridkit_phasor_dynamics_stabilizer_ieeest_dependency_tracking.so.0 libgridkit_phasor_dynamics_stabilizer_ieeest_dependency_tracking.so
cd /home/isatkaus/gridkit/build/tests/UnitTests/Math && /nopt/nrel/apps/cpu_stack/utilities/06-24/linux-rhel8-sapphirerapids/gcc-12.3.0/cmake-3.29.2-6n4msmc4aewj7wyi6b5g644vjrqyqgot/bin/cmake -E cmake_link_script CMakeFiles/test_math_smoothness_indicator.dir/link.txt --verbose=1
/nopt/nrel/apps/cpu_stack/software/gridkit/llvm/16.0.6/bin/clang++ --gcc-toolchain=/nopt/nrel/apps/cpu_stack/compilers/06-24/linux-rhel8-sapphirerapids/gcc-12.3.0/gcc-13.1.0-bmut2ysomhthj6y7oyc73c3cmxye57am -Wall -Wextra -Wconversion -Wpedantic -O2 -g -DNDEBUG -Wl,-rpath,/nopt/nrel/apps/cpu_stack/compilers/06-24/linux-rhel8-sapphirerapids/gcc-12.3.0/gcc-13.1.0-bmut2ysomhthj6y7oyc73c3cmxye57am/lib/gcc/x86_64-pc-linux-gnu/13.1.0/../../../../lib64 -Wl,-rpath,/nopt/nrel/apps/cpu_stack/libraries-gcc/06-24/linux-rhel8-sapphirerapids/gcc-12.3.0/netlib-lapack-3.11.0-abk4uhd5cyrfnhh67bcdhyt6fulibezx/lib64 CMakeFiles/test_math_smoothness_indicator.dir/runSmoothnessIndicatorTests.cpp.o -o test_math_smoothness_indicator  -Wl,-rpath,/home/isatkaus/gridkit/build/GridKit/Testing:/home/isatkaus/gridkit/build/GridKit/Utilities/CliArgs:/home/isatkaus/gridkit/build/GridKit/Utilities/Logger: ../../../GridKit/Testing/libgridkit_testing.so.0.1.0 ../../../GridKit/Utilities/CliArgs/libgridkit_utilities_cli_args.so.0.1.0 ../../../GridKit/Utilities/Logger/libgridkit_utilities_logger.so.0.1.0
[ 67%] Linking CXX executable test_parse_branch_row
make[2]: Leaving directory '/home/isatkaus/gridkit/build'
make[2]: Leaving directory '/home/isatkaus/gridkit/build'
[ 67%] Built target phasor_dynamics_stabilizer_ieeest_dependency_tracking
[ 67%] Built target EnzymePowerElectronicsCheck
cd /home/isatkaus/gridkit/build/examples/PowerFlow/MatPowerTesting && /nopt/nrel/apps/cpu_stack/utilities/06-24/linux-rhel8-sapphirerapids/gcc-12.3.0/cmake-3.29.2-6n4msmc4aewj7wyi6b5g644vjrqyqgot/bin/cmake -E cmake_link_script CMakeFiles/test_parse_branch_row.dir/link.txt --verbose=1
/nopt/nrel/apps/cpu_stack/software/gridkit/llvm/16.0.6/bin/clang++ --gcc-toolchain=/nopt/nrel/apps/cpu_stack/compilers/06-24/linux-rhel8-sapphirerapids/gcc-12.3.0/gcc-13.1.0-bmut2ysomhthj6y7oyc73c3cmxye57am -Wall -Wextra -Wconversion -Wpedantic -O2 -g -DNDEBUG -Wl,-rpath,/nopt/nrel/apps/cpu_stack/compilers/06-24/linux-rhel8-sapphirerapids/gcc-12.3.0/gcc-13.1.0-bmut2ysomhthj6y7oyc73c3cmxye57am/lib/gcc/x86_64-pc-linux-gnu/13.1.0/../../../../lib64 -Wl,-rpath,/nopt/nrel/apps/cpu_stack/libraries-gcc/06-24/linux-rhel8-sapphirerapids/gcc-12.3.0/netlib-lapack-3.11.0-abk4uhd5cyrfnhh67bcdhyt6fulibezx/lib64 CMakeFiles/test_parse_branch_row.dir/test_parse_branch_row.cpp.o -o test_parse_branch_row  -Wl,-rpath,/home/isatkaus/gridkit/build/GridKit/Utilities/CliArgs:/home/isatkaus/gridkit/build/GridKit/Utilities/Logger ../../../GridKit/Utilities/CliArgs/libgridkit_utilities_cli_args.so.0.1.0 ../../../GridKit/Utilities/Logger/libgridkit_utilities_logger.so.0.1.0
[ 68%] Linking CXX executable test_phasor_bus
make  -f tests/UnitTests/PhasorDynamics/CMakeFiles/test_phasor_stabilizer_ieeest.dir/build.make tests/UnitTests/PhasorDynamics/CMakeFiles/test_phasor_stabilizer_ieeest.dir/depend
make[2]: Entering directory '/home/isatkaus/gridkit/build'
cd /home/isatkaus/gridkit/build && /nopt/nrel/apps/cpu_stack/utilities/06-24/linux-rhel8-sapphirerapids/gcc-12.3.0/cmake-3.29.2-6n4msmc4aewj7wyi6b5g644vjrqyqgot/bin/cmake -E cmake_depends "Unix Makefiles" /home/isatkaus/gridkit /home/isatkaus/gridkit/tests/UnitTests/PhasorDynamics /home/isatkaus/gridkit/build /home/isatkaus/gridkit/build/tests/UnitTests/PhasorDynamics /home/isatkaus/gridkit/build/tests/UnitTests/PhasorDynamics/CMakeFiles/test_phasor_stabilizer_ieeest.dir/DependInfo.cmake "--color="
[ 69%] Linking CXX executable test_vector
cd /home/isatkaus/gridkit/build/tests/UnitTests/PhasorDynamics && /nopt/nrel/apps/cpu_stack/utilities/06-24/linux-rhel8-sapphirerapids/gcc-12.3.0/cmake-3.29.2-6n4msmc4aewj7wyi6b5g644vjrqyqgot/bin/cmake -E cmake_link_script CMakeFiles/test_phasor_bus.dir/link.txt --verbose=1
cd /home/isatkaus/gridkit/build/tests/UnitTests/LinearAlgebra/Vector && /nopt/nrel/apps/cpu_stack/utilities/06-24/linux-rhel8-sapphirerapids/gcc-12.3.0/cmake-3.29.2-6n4msmc4aewj7wyi6b5g644vjrqyqgot/bin/cmake -E cmake_link_script CMakeFiles/test_vector.dir/link.txt --verbose=1
[ 70%] Linking CXX executable test_parse_gen_row
/nopt/nrel/apps/cpu_stack/software/gridkit/llvm/16.0.6/bin/clang++ --gcc-toolchain=/nopt/nrel/apps/cpu_stack/compilers/06-24/linux-rhel8-sapphirerapids/gcc-12.3.0/gcc-13.1.0-bmut2ysomhthj6y7oyc73c3cmxye57am -Wall -Wextra -Wconversion -Wpedantic -O2 -g -DNDEBUG -Wl,-rpath,/nopt/nrel/apps/cpu_stack/compilers/06-24/linux-rhel8-sapphirerapids/gcc-12.3.0/gcc-13.1.0-bmut2ysomhthj6y7oyc73c3cmxye57am/lib/gcc/x86_64-pc-linux-gnu/13.1.0/../../../../lib64 -Wl,-rpath,/nopt/nrel/apps/cpu_stack/libraries-gcc/06-24/linux-rhel8-sapphirerapids/gcc-12.3.0/netlib-lapack-3.11.0-abk4uhd5cyrfnhh67bcdhyt6fulibezx/lib64 CMakeFiles/test_phasor_bus.dir/runBusTests.cpp.o -o test_phasor_bus  -Wl,-rpath,/home/isatkaus/gridkit/build/GridKit/Model/PhasorDynamics/Bus:/home/isatkaus/gridkit/build/GridKit/Testing:/home/isatkaus/gridkit/build/GridKit/LinearAlgebra/SparseMatrix:/home/isatkaus/gridkit/build/GridKit/Utilities/CliArgs:/home/isatkaus/gridkit/build/GridKit/Utilities/Logger: ../../../GridKit/Model/PhasorDynamics/Bus/libgridkit_phasor_dynamics_bus.so.0.1.0 ../../../GridKit/Testing/libgridkit_testing.so.0.1.0 ../../../GridKit/LinearAlgebra/SparseMatrix/libgridkit_sparse_matrix.so.0.1.0 ../../../GridKit/Utilities/CliArgs/libgridkit_utilities_cli_args.so.0.1.0 ../../../GridKit/Utilities/Logger/libgridkit_utilities_logger.so.0.1.0
[ 70%] Linking CXX executable test_dependency_tracking
make[2]: Leaving directory '/home/isatkaus/gridkit/build'
make  -f tests/UnitTests/PhasorDynamics/CMakeFiles/test_phasor_stabilizer_ieeest.dir/build.make tests/UnitTests/PhasorDynamics/CMakeFiles/test_phasor_stabilizer_ieeest.dir/build
/nopt/nrel/apps/cpu_stack/software/gridkit/llvm/16.0.6/bin/clang++ --gcc-toolchain=/nopt/nrel/apps/cpu_stack/compilers/06-24/linux-rhel8-sapphirerapids/gcc-12.3.0/gcc-13.1.0-bmut2ysomhthj6y7oyc73c3cmxye57am -Wall -Wextra -Wconversion -Wpedantic -O2 -g -DNDEBUG -Wl,-rpath,/nopt/nrel/apps/cpu_stack/compilers/06-24/linux-rhel8-sapphirerapids/gcc-12.3.0/gcc-13.1.0-bmut2ysomhthj6y7oyc73c3cmxye57am/lib/gcc/x86_64-pc-linux-gnu/13.1.0/../../../../lib64 -Wl,-rpath,/nopt/nrel/apps/cpu_stack/libraries-gcc/06-24/linux-rhel8-sapphirerapids/gcc-12.3.0/netlib-lapack-3.11.0-abk4uhd5cyrfnhh67bcdhyt6fulibezx/lib64 CMakeFiles/test_vector.dir/runVectorTests.cpp.o -o test_vector  -Wl,-rpath,/home/isatkaus/gridkit/build/GridKit/LinearAlgebra/Vector:/home/isatkaus/gridkit/build/GridKit/Testing:/home/isatkaus/gridkit/build/GridKit/Utilities/CliArgs:/home/isatkaus/gridkit/build/GridKit/Utilities/Logger: ../../../../GridKit/LinearAlgebra/Vector/libgridkit_dense_vector.so.0.1.0 ../../../../GridKit/Testing/libgridkit_testing.so.0.1.0 ../../../../GridKit/Utilities/CliArgs/libgridkit_utilities_cli_args.so.0.1.0 ../../../../GridKit/Utilities/Logger/libgridkit_utilities_logger.so.0.1.0
make[2]: Entering directory '/home/isatkaus/gridkit/build'
[ 70%] Linking CXX executable test_parse_bus_row
cd /home/isatkaus/gridkit/build/examples/PowerFlow/MatPowerTesting && /nopt/nrel/apps/cpu_stack/utilities/06-24/linux-rhel8-sapphirerapids/gcc-12.3.0/cmake-3.29.2-6n4msmc4aewj7wyi6b5g644vjrqyqgot/bin/cmake -E cmake_link_script CMakeFiles/test_parse_gen_row.dir/link.txt --verbose=1
cd /home/isatkaus/gridkit/build/tests/UnitTests/AutomaticDifferentiation/DependencyTracking && /nopt/nrel/apps/cpu_stack/utilities/06-24/linux-rhel8-sapphirerapids/gcc-12.3.0/cmake-3.29.2-6n4msmc4aewj7wyi6b5g644vjrqyqgot/bin/cmake -E cmake_link_script CMakeFiles/test_dependency_tracking.dir/link.txt --verbose=1
[ 71%] Building CXX object tests/UnitTests/PhasorDynamics/CMakeFiles/test_phasor_stabilizer_ieeest.dir/runStabilizerIeeestTests.cpp.o
cd /home/isatkaus/gridkit/build/examples/PowerFlow/MatPowerTesting && /nopt/nrel/apps/cpu_stack/utilities/06-24/linux-rhel8-sapphirerapids/gcc-12.3.0/cmake-3.29.2-6n4msmc4aewj7wyi6b5g644vjrqyqgot/bin/cmake -E cmake_link_script CMakeFiles/test_parse_bus_row.dir/link.txt --verbose=1
/nopt/nrel/apps/cpu_stack/software/gridkit/llvm/16.0.6/bin/clang++ --gcc-toolchain=/nopt/nrel/apps/cpu_stack/compilers/06-24/linux-rhel8-sapphirerapids/gcc-12.3.0/gcc-13.1.0-bmut2ysomhthj6y7oyc73c3cmxye57am -Wall -Wextra -Wconversion -Wpedantic -O2 -g -DNDEBUG -Wl,-rpath,/nopt/nrel/apps/cpu_stack/compilers/06-24/linux-rhel8-sapphirerapids/gcc-12.3.0/gcc-13.1.0-bmut2ysomhthj6y7oyc73c3cmxye57am/lib/gcc/x86_64-pc-linux-gnu/13.1.0/../../../../lib64 -Wl,-rpath,/nopt/nrel/apps/cpu_stack/libraries-gcc/06-24/linux-rhel8-sapphirerapids/gcc-12.3.0/netlib-lapack-3.11.0-abk4uhd5cyrfnhh67bcdhyt6fulibezx/lib64 CMakeFiles/test_dependency_tracking.dir/runDependencyTrackingTests.cpp.o -o test_dependency_tracking  -Wl,-rpath,/home/isatkaus/gridkit/build/GridKit/Model/PhasorDynamics/Bus:/home/isatkaus/gridkit/build/GridKit/Testing:/home/isatkaus/gridkit/build/GridKit/LinearAlgebra/SparseMatrix:/home/isatkaus/gridkit/build/GridKit/Utilities/CliArgs:/home/isatkaus/gridkit/build/GridKit/Utilities/Logger: ../../../../GridKit/Model/PhasorDynamics/Bus/libgridkit_phasor_dynamics_bus.so.0.1.0 ../../../../GridKit/Testing/libgridkit_testing.so.0.1.0 ../../../../GridKit/LinearAlgebra/SparseMatrix/libgridkit_sparse_matrix.so.0.1.0 ../../../../GridKit/Utilities/CliArgs/libgridkit_utilities_cli_args.so.0.1.0 ../../../../GridKit/Utilities/Logger/libgridkit_utilities_logger.so.0.1.0
/nopt/nrel/apps/cpu_stack/software/gridkit/llvm/16.0.6/bin/clang++ --gcc-toolchain=/nopt/nrel/apps/cpu_stack/compilers/06-24/linux-rhel8-sapphirerapids/gcc-12.3.0/gcc-13.1.0-bmut2ysomhthj6y7oyc73c3cmxye57am -Wall -Wextra -Wconversion -Wpedantic -O2 -g -DNDEBUG -Wl,-rpath,/nopt/nrel/apps/cpu_stack/compilers/06-24/linux-rhel8-sapphirerapids/gcc-12.3.0/gcc-13.1.0-bmut2ysomhthj6y7oyc73c3cmxye57am/lib/gcc/x86_64-pc-linux-gnu/13.1.0/../../../../lib64 -Wl,-rpath,/nopt/nrel/apps/cpu_stack/libraries-gcc/06-24/linux-rhel8-sapphirerapids/gcc-12.3.0/netlib-lapack-3.11.0-abk4uhd5cyrfnhh67bcdhyt6fulibezx/lib64 CMakeFiles/test_parse_gen_row.dir/test_parse_gen_row.cpp.o -o test_parse_gen_row  -Wl,-rpath,/home/isatkaus/gridkit/build/GridKit/Utilities/CliArgs:/home/isatkaus/gridkit/build/GridKit/Utilities/Logger ../../../GridKit/Utilities/CliArgs/libgridkit_utilities_cli_args.so.0.1.0 ../../../GridKit/Utilities/Logger/libgridkit_utilities_logger.so.0.1.0
cd /home/isatkaus/gridkit/build/tests/UnitTests/PhasorDynamics && /nopt/nrel/apps/cpu_stack/software/gridkit/llvm/16.0.6/bin/clang++  -I/home/isatkaus/gridkit/build -I/home/isatkaus/gridkit --gcc-toolchain=/nopt/nrel/apps/cpu_stack/compilers/06-24/linux-rhel8-sapphirerapids/gcc-12.3.0/gcc-13.1.0-bmut2ysomhthj6y7oyc73c3cmxye57am -Wall -Wextra -Wconversion -Wpedantic -O2 -g -DNDEBUG -std=gnu++20 -fPIE -MD -MT tests/UnitTests/PhasorDynamics/CMakeFiles/test_phasor_stabilizer_ieeest.dir/runStabilizerIeeestTests.cpp.o -MF CMakeFiles/test_phasor_stabilizer_ieeest.dir/runStabilizerIeeestTests.cpp.o.d -o CMakeFiles/test_phasor_stabilizer_ieeest.dir/runStabilizerIeeestTests.cpp.o -c /home/isatkaus/gridkit/tests/UnitTests/PhasorDynamics/runStabilizerIeeestTests.cpp
/nopt/nrel/apps/cpu_stack/software/gridkit/llvm/16.0.6/bin/clang++ --gcc-toolchain=/nopt/nrel/apps/cpu_stack/compilers/06-24/linux-rhel8-sapphirerapids/gcc-12.3.0/gcc-13.1.0-bmut2ysomhthj6y7oyc73c3cmxye57am -Wall -Wextra -Wconversion -Wpedantic -O2 -g -DNDEBUG -Wl,-rpath,/nopt/nrel/apps/cpu_stack/compilers/06-24/linux-rhel8-sapphirerapids/gcc-12.3.0/gcc-13.1.0-bmut2ysomhthj6y7oyc73c3cmxye57am/lib/gcc/x86_64-pc-linux-gnu/13.1.0/../../../../lib64 -Wl,-rpath,/nopt/nrel/apps/cpu_stack/libraries-gcc/06-24/linux-rhel8-sapphirerapids/gcc-12.3.0/netlib-lapack-3.11.0-abk4uhd5cyrfnhh67bcdhyt6fulibezx/lib64 CMakeFiles/test_parse_bus_row.dir/test_parse_bus_row.cpp.o -o test_parse_bus_row  -Wl,-rpath,/home/isatkaus/gridkit/build/GridKit/Utilities/CliArgs:/home/isatkaus/gridkit/build/GridKit/Utilities/Logger ../../../GridKit/Utilities/CliArgs/libgridkit_utilities_cli_args.so.0.1.0 ../../../GridKit/Utilities/Logger/libgridkit_utilities_logger.so.0.1.0
[ 71%] Linking CXX executable test_parse_gencost_row
cd /home/isatkaus/gridkit/build/examples/PowerFlow/MatPowerTesting && /nopt/nrel/apps/cpu_stack/utilities/06-24/linux-rhel8-sapphirerapids/gcc-12.3.0/cmake-3.29.2-6n4msmc4aewj7wyi6b5g644vjrqyqgot/bin/cmake -E cmake_link_script CMakeFiles/test_parse_gencost_row.dir/link.txt --verbose=1
/nopt/nrel/apps/cpu_stack/software/gridkit/llvm/16.0.6/bin/clang++ --gcc-toolchain=/nopt/nrel/apps/cpu_stack/compilers/06-24/linux-rhel8-sapphirerapids/gcc-12.3.0/gcc-13.1.0-bmut2ysomhthj6y7oyc73c3cmxye57am -Wall -Wextra -Wconversion -Wpedantic -O2 -g -DNDEBUG -Wl,-rpath,/nopt/nrel/apps/cpu_stack/compilers/06-24/linux-rhel8-sapphirerapids/gcc-12.3.0/gcc-13.1.0-bmut2ysomhthj6y7oyc73c3cmxye57am/lib/gcc/x86_64-pc-linux-gnu/13.1.0/../../../../lib64 -Wl,-rpath,/nopt/nrel/apps/cpu_stack/libraries-gcc/06-24/linux-rhel8-sapphirerapids/gcc-12.3.0/netlib-lapack-3.11.0-abk4uhd5cyrfnhh67bcdhyt6fulibezx/lib64 CMakeFiles/test_parse_gencost_row.dir/test_parse_gencost_row.cpp.o -o test_parse_gencost_row  -Wl,-rpath,/home/isatkaus/gridkit/build/GridKit/Utilities/CliArgs:/home/isatkaus/gridkit/build/GridKit/Utilities/Logger ../../../GridKit/Utilities/CliArgs/libgridkit_utilities_cli_args.so.0.1.0 ../../../GridKit/Utilities/Logger/libgridkit_utilities_logger.so.0.1.0
[ 72%] Linking CXX executable test_logger
[ 72%] Linking CXX executable test_phasor_bustosignaladapter
cd /home/isatkaus/gridkit/build/tests/UnitTests/Utilities && /nopt/nrel/apps/cpu_stack/utilities/06-24/linux-rhel8-sapphirerapids/gcc-12.3.0/cmake-3.29.2-6n4msmc4aewj7wyi6b5g644vjrqyqgot/bin/cmake -E cmake_link_script CMakeFiles/test_logger.dir/link.txt --verbose=1
make[2]: Leaving directory '/home/isatkaus/gridkit/build'
cd /home/isatkaus/gridkit/build/tests/UnitTests/PhasorDynamics && /nopt/nrel/apps/cpu_stack/utilities/06-24/linux-rhel8-sapphirerapids/gcc-12.3.0/cmake-3.29.2-6n4msmc4aewj7wyi6b5g644vjrqyqgot/bin/cmake -E cmake_link_script CMakeFiles/test_phasor_bustosignaladapter.dir/link.txt --verbose=1
/nopt/nrel/apps/cpu_stack/software/gridkit/llvm/16.0.6/bin/clang++ --gcc-toolchain=/nopt/nrel/apps/cpu_stack/compilers/06-24/linux-rhel8-sapphirerapids/gcc-12.3.0/gcc-13.1.0-bmut2ysomhthj6y7oyc73c3cmxye57am -Wall -Wextra -Wconversion -Wpedantic -O2 -g -DNDEBUG -Wl,-rpath,/nopt/nrel/apps/cpu_stack/compilers/06-24/linux-rhel8-sapphirerapids/gcc-12.3.0/gcc-13.1.0-bmut2ysomhthj6y7oyc73c3cmxye57am/lib/gcc/x86_64-pc-linux-gnu/13.1.0/../../../../lib64 -Wl,-rpath,/nopt/nrel/apps/cpu_stack/libraries-gcc/06-24/linux-rhel8-sapphirerapids/gcc-12.3.0/netlib-lapack-3.11.0-abk4uhd5cyrfnhh67bcdhyt6fulibezx/lib64 CMakeFiles/test_logger.dir/runLoggerTests.cpp.o -o test_logger  -Wl,-rpath,/home/isatkaus/gridkit/build/GridKit/Testing:/home/isatkaus/gridkit/build/GridKit/Utilities/CliArgs:/home/isatkaus/gridkit/build/GridKit/Utilities/Logger: ../../../GridKit/Testing/libgridkit_testing.so.0.1.0 ../../../GridKit/Utilities/CliArgs/libgridkit_utilities_cli_args.so.0.1.0 ../../../GridKit/Utilities/Logger/libgridkit_utilities_logger.so.0.1.0
make[2]: Leaving directory '/home/isatkaus/gridkit/build'
[ 72%] Built target scalemicrogrid
/nopt/nrel/apps/cpu_stack/software/gridkit/llvm/16.0.6/bin/clang++ --gcc-toolchain=/nopt/nrel/apps/cpu_stack/compilers/06-24/linux-rhel8-sapphirerapids/gcc-12.3.0/gcc-13.1.0-bmut2ysomhthj6y7oyc73c3cmxye57am -Wall -Wextra -Wconversion -Wpedantic -O2 -g -DNDEBUG -Wl,-rpath,/nopt/nrel/apps/cpu_stack/compilers/06-24/linux-rhel8-sapphirerapids/gcc-12.3.0/gcc-13.1.0-bmut2ysomhthj6y7oyc73c3cmxye57am/lib/gcc/x86_64-pc-linux-gnu/13.1.0/../../../../lib64 -Wl,-rpath,/nopt/nrel/apps/cpu_stack/libraries-gcc/06-24/linux-rhel8-sapphirerapids/gcc-12.3.0/netlib-lapack-3.11.0-abk4uhd5cyrfnhh67bcdhyt6fulibezx/lib64 CMakeFiles/test_phasor_bustosignaladapter.dir/runBusToSignalAdapterTests.cpp.o -o test_phasor_bustosignaladapter  -Wl,-rpath,/home/isatkaus/gridkit/build/GridKit/Model/PhasorDynamics/Bus:/home/isatkaus/gridkit/build/GridKit/Model/PhasorDynamics/BusToSignalAdapter:/home/isatkaus/gridkit/build/GridKit/Testing:/home/isatkaus/gridkit/build/GridKit/Model/PhasorDynamics/SignalNode:/home/isatkaus/gridkit/build/GridKit/LinearAlgebra/SparseMatrix:/home/isatkaus/gridkit/build/GridKit/Utilities/CliArgs:/home/isatkaus/gridkit/build/GridKit/Utilities/Logger: ../../../GridKit/Model/PhasorDynamics/Bus/libgridkit_phasor_dynamics_bus.so.0.1.0 ../../../GridKit/Model/PhasorDynamics/Bus/libgridkit_phasor_dynamics_bus_dependency_tracking.so.0.1.0 ../../../GridKit/Model/PhasorDynamics/BusToSignalAdapter/libgridkit_phasor_dynamics_bustosignaladapter.so.0.1.0 ../../../GridKit/Model/PhasorDynamics/BusToSignalAdapter/libgridkit_phasor_dynamics_bustosignaladapter_dependency_tracking.so.0.1.0 ../../../GridKit/Testing/libgridkit_testing.so.0.1.0 ../../../GridKit/Model/PhasorDynamics/SignalNode/libgridkit_phasor_dynamics_signal.so.0.1.0 ../../../GridKit/LinearAlgebra/SparseMatrix/libgridkit_sparse_matrix.so.0.1.0 ../../../GridKit/Model/PhasorDynamics/SignalNode/libgridkit_phasor_dynamics_signal_dependency_tracking.so.0.1.0 ../../../GridKit/Utilities/CliArgs/libgridkit_utilities_cli_args.so.0.1.0 ../../../GridKit/Utilities/Logger/libgridkit_utilities_logger.so.0.1.0
[ 72%] Built target scalemicrogridarbitrary
[ 73%] Linking CXX executable test_power_electronics_node
cd /home/isatkaus/gridkit/build/tests/UnitTests/PowerElectronics && /nopt/nrel/apps/cpu_stack/utilities/06-24/linux-rhel8-sapphirerapids/gcc-12.3.0/cmake-3.29.2-6n4msmc4aewj7wyi6b5g644vjrqyqgot/bin/cmake -E cmake_link_script CMakeFiles/test_power_electronics_node.dir/link.txt --verbose=1
[ 73%] Linking CXX executable test_sparse_csr
/nopt/nrel/apps/cpu_stack/software/gridkit/llvm/16.0.6/bin/clang++ --gcc-toolchain=/nopt/nrel/apps/cpu_stack/compilers/06-24/linux-rhel8-sapphirerapids/gcc-12.3.0/gcc-13.1.0-bmut2ysomhthj6y7oyc73c3cmxye57am -Wall -Wextra -Wconversion -Wpedantic -O2 -g -DNDEBUG -Wl,-rpath,/nopt/nrel/apps/cpu_stack/compilers/06-24/linux-rhel8-sapphirerapids/gcc-12.3.0/gcc-13.1.0-bmut2ysomhthj6y7oyc73c3cmxye57am/lib/gcc/x86_64-pc-linux-gnu/13.1.0/../../../../lib64 -Wl,-rpath,/nopt/nrel/apps/cpu_stack/libraries-gcc/06-24/linux-rhel8-sapphirerapids/gcc-12.3.0/netlib-lapack-3.11.0-abk4uhd5cyrfnhh67bcdhyt6fulibezx/lib64 CMakeFiles/test_power_electronics_node.dir/runCircuitNodeTests.cpp.o -o test_power_electronics_node  -Wl,-rpath,/home/isatkaus/gridkit/build/GridKit/Testing:/home/isatkaus/gridkit/build/GridKit/Utilities/CliArgs:/home/isatkaus/gridkit/build/GridKit/Utilities/Logger: ../../../GridKit/Testing/libgridkit_testing.so.0.1.0 ../../../GridKit/Utilities/CliArgs/libgridkit_utilities_cli_args.so.0.1.0 ../../../GridKit/Utilities/Logger/libgridkit_utilities_logger.so.0.1.0
cd /home/isatkaus/gridkit/build/tests/UnitTests/LinearAlgebra/SparseMatrix && /nopt/nrel/apps/cpu_stack/utilities/06-24/linux-rhel8-sapphirerapids/gcc-12.3.0/cmake-3.29.2-6n4msmc4aewj7wyi6b5g644vjrqyqgot/bin/cmake -E cmake_link_script CMakeFiles/test_sparse_csr.dir/link.txt --verbose=1
make[2]: Leaving directory '/home/isatkaus/gridkit/build'
[ 74%] Linking CXX executable test_ida
/nopt/nrel/apps/cpu_stack/software/gridkit/llvm/16.0.6/bin/clang++ --gcc-toolchain=/nopt/nrel/apps/cpu_stack/compilers/06-24/linux-rhel8-sapphirerapids/gcc-12.3.0/gcc-13.1.0-bmut2ysomhthj6y7oyc73c3cmxye57am -Wall -Wextra -Wconversion -Wpedantic -O2 -g -DNDEBUG -Wl,-rpath,/nopt/nrel/apps/cpu_stack/compilers/06-24/linux-rhel8-sapphirerapids/gcc-12.3.0/gcc-13.1.0-bmut2ysomhthj6y7oyc73c3cmxye57am/lib/gcc/x86_64-pc-linux-gnu/13.1.0/../../../../lib64 -Wl,-rpath,/nopt/nrel/apps/cpu_stack/libraries-gcc/06-24/linux-rhel8-sapphirerapids/gcc-12.3.0/netlib-lapack-3.11.0-abk4uhd5cyrfnhh67bcdhyt6fulibezx/lib64 CMakeFiles/test_sparse_csr.dir/runSparseCsrTests.cpp.o -o test_sparse_csr  -Wl,-rpath,/home/isatkaus/gridkit/build/GridKit/LinearAlgebra/SparseMatrix:/home/isatkaus/gridkit/build/GridKit/Testing:/home/isatkaus/gridkit/build/GridKit/Utilities/CliArgs:/home/isatkaus/gridkit/build/GridKit/Utilities/Logger: ../../../../GridKit/LinearAlgebra/SparseMatrix/libgridkit_sparse_matrix.so.0.1.0 ../../../../GridKit/Testing/libgridkit_testing.so.0.1.0 ../../../../GridKit/Utilities/CliArgs/libgridkit_utilities_cli_args.so.0.1.0 ../../../../GridKit/Utilities/Logger/libgridkit_utilities_logger.so.0.1.0
[ 74%] Built target microgrid
cd /home/isatkaus/gridkit/build/tests/UnitTests/Solver/Dynamic && /nopt/nrel/apps/cpu_stack/utilities/06-24/linux-rhel8-sapphirerapids/gcc-12.3.0/cmake-3.29.2-6n4msmc4aewj7wyi6b5g644vjrqyqgot/bin/cmake -E cmake_link_script CMakeFiles/test_ida.dir/link.txt --verbose=1
/nopt/nrel/apps/cpu_stack/software/gridkit/llvm/16.0.6/bin/clang++ --gcc-toolchain=/nopt/nrel/apps/cpu_stack/compilers/06-24/linux-rhel8-sapphirerapids/gcc-12.3.0/gcc-13.1.0-bmut2ysomhthj6y7oyc73c3cmxye57am -Wall -Wextra -Wconversion -Wpedantic -O2 -g -DNDEBUG -Wl,-rpath,/nopt/nrel/apps/cpu_stack/compilers/06-24/linux-rhel8-sapphirerapids/gcc-12.3.0/gcc-13.1.0-bmut2ysomhthj6y7oyc73c3cmxye57am/lib/gcc/x86_64-pc-linux-gnu/13.1.0/../../../../lib64 -Wl,-rpath,/nopt/nrel/apps/cpu_stack/libraries-gcc/06-24/linux-rhel8-sapphirerapids/gcc-12.3.0/netlib-lapack-3.11.0-abk4uhd5cyrfnhh67bcdhyt6fulibezx/lib64 CMakeFiles/test_ida.dir/runIdaTests.cpp.o -o test_ida  -Wl,-rpath,/home/isatkaus/gridkit/build/GridKit/Solver/Dynamic:/home/isatkaus/gridkit/build/GridKit/Testing:/nopt/nrel/apps/cpu_stack/software/gridkit/sundials/develop/lib64:/nopt/nrel/apps/cpu_stack/software/gridkit/suitesparse/7.8.2/lib64:/home/isatkaus/gridkit/build/GridKit/LinearAlgebra/SparseMatrix:/home/isatkaus/gridkit/build/GridKit/Utilities/CliArgs:/home/isatkaus/gridkit/build/GridKit/Utilities/Logger: ../../../../GridKit/Solver/Dynamic/libgridkit_solvers_dyn.so.0.1.0 ../../../../GridKit/Testing/libgridkit_testing.so.0.1.0 /nopt/nrel/apps/cpu_stack/software/gridkit/sundials/develop/lib64/libsundials_nvecserial.so.7.8.0 /nopt/nrel/apps/cpu_stack/software/gridkit/sundials/develop/lib64/libsundials_idas.so.6.8.0 /nopt/nrel/apps/cpu_stack/software/gridkit/sundials/develop/lib64/libsundials_sunlinsolklu.so.5.8.0 /nopt/nrel/apps/cpu_stack/software/gridkit/sundials/develop/lib64/libsundials_sunmatrixsparse.so.5.8.0 /nopt/nrel/apps/cpu_stack/software/gridkit/sundials/develop/lib64/libsundials_core.so.7.8.0 /nopt/nrel/apps/cpu_stack/software/gridkit/suitesparse/7.8.2/lib64/libklu.so /nopt/nrel/apps/cpu_stack/software/gridkit/suitesparse/7.8.2/lib64/libamd.so /nopt/nrel/apps/cpu_stack/software/gridkit/suitesparse/7.8.2/lib64/libcolamd.so /nopt/nrel/apps/cpu_stack/software/gridkit/suitesparse/7.8.2/lib64/libbtf.so /nopt/nrel/apps/cpu_stack/software/gridkit/suitesparse/7.8.2/lib64/libsuitesparseconfig.so ../../../../GridKit/LinearAlgebra/SparseMatrix/libgridkit_sparse_matrix.so.0.1.0 ../../../../GridKit/Utilities/CliArgs/libgridkit_utilities_cli_args.so.0.1.0 ../../../../GridKit/Utilities/Logger/libgridkit_utilities_logger.so.0.1.0
make[2]: Leaving directory '/home/isatkaus/gridkit/build'
[ 74%] Built target test_sparse_coo
[ 74%] Linking CXX executable test_parse_matpower
[ 74%] Linking CXX executable test_cli_args
cd /home/isatkaus/gridkit/build/examples/PowerFlow/MatPowerTesting && /nopt/nrel/apps/cpu_stack/utilities/06-24/linux-rhel8-sapphirerapids/gcc-12.3.0/cmake-3.29.2-6n4msmc4aewj7wyi6b5g644vjrqyqgot/bin/cmake -E cmake_link_script CMakeFiles/test_parse_matpower.dir/link.txt --verbose=1
/nopt/nrel/apps/cpu_stack/software/gridkit/llvm/16.0.6/bin/clang++ --gcc-toolchain=/nopt/nrel/apps/cpu_stack/compilers/06-24/linux-rhel8-sapphirerapids/gcc-12.3.0/gcc-13.1.0-bmut2ysomhthj6y7oyc73c3cmxye57am -Wall -Wextra -Wconversion -Wpedantic -O2 -g -DNDEBUG -Wl,-rpath,/nopt/nrel/apps/cpu_stack/compilers/06-24/linux-rhel8-sapphirerapids/gcc-12.3.0/gcc-13.1.0-bmut2ysomhthj6y7oyc73c3cmxye57am/lib/gcc/x86_64-pc-linux-gnu/13.1.0/../../../../lib64 -Wl,-rpath,/nopt/nrel/apps/cpu_stack/libraries-gcc/06-24/linux-rhel8-sapphirerapids/gcc-12.3.0/netlib-lapack-3.11.0-abk4uhd5cyrfnhh67bcdhyt6fulibezx/lib64 CMakeFiles/test_parse_matpower.dir/test_parse_matpower.cpp.o -o test_parse_matpower  -Wl,-rpath,/home/isatkaus/gridkit/build/GridKit/Utilities/CliArgs:/home/isatkaus/gridkit/build/GridKit/Utilities/Logger ../../../GridKit/Utilities/CliArgs/libgridkit_utilities_cli_args.so.0.1.0 ../../../GridKit/Utilities/Logger/libgridkit_utilities_logger.so.0.1.0
cd /home/isatkaus/gridkit/build/tests/UnitTests/Utilities && /nopt/nrel/apps/cpu_stack/utilities/06-24/linux-rhel8-sapphirerapids/gcc-12.3.0/cmake-3.29.2-6n4msmc4aewj7wyi6b5g644vjrqyqgot/bin/cmake -E cmake_link_script CMakeFiles/test_cli_args.dir/link.txt --verbose=1
/nopt/nrel/apps/cpu_stack/software/gridkit/llvm/16.0.6/bin/clang++ --gcc-toolchain=/nopt/nrel/apps/cpu_stack/compilers/06-24/linux-rhel8-sapphirerapids/gcc-12.3.0/gcc-13.1.0-bmut2ysomhthj6y7oyc73c3cmxye57am -Wall -Wextra -Wconversion -Wpedantic -O2 -g -DNDEBUG -Wl,-rpath,/nopt/nrel/apps/cpu_stack/compilers/06-24/linux-rhel8-sapphirerapids/gcc-12.3.0/gcc-13.1.0-bmut2ysomhthj6y7oyc73c3cmxye57am/lib/gcc/x86_64-pc-linux-gnu/13.1.0/../../../../lib64 -Wl,-rpath,/nopt/nrel/apps/cpu_stack/libraries-gcc/06-24/linux-rhel8-sapphirerapids/gcc-12.3.0/netlib-lapack-3.11.0-abk4uhd5cyrfnhh67bcdhyt6fulibezx/lib64 CMakeFiles/test_cli_args.dir/runCliArgsTests.cpp.o -o test_cli_args  -Wl,-rpath,/home/isatkaus/gridkit/build/GridKit/Testing:/home/isatkaus/gridkit/build/GridKit/Utilities/CliArgs:/home/isatkaus/gridkit/build/GridKit/Utilities/Logger: ../../../GridKit/Testing/libgridkit_testing.so.0.1.0 ../../../GridKit/Utilities/CliArgs/libgridkit_utilities_cli_args.so.0.1.0 ../../../GridKit/Utilities/Logger/libgridkit_utilities_logger.so.0.1.0
[ 74%] Linking CXX shared library libgridkit_phasor_dynamics_gensal_dependency_tracking.so
[ 75%] Linking CXX executable test_phasor_bus_fault
cd /home/isatkaus/gridkit/build/GridKit/Model/PhasorDynamics/SynchronousMachine/GENSAL && /nopt/nrel/apps/cpu_stack/utilities/06-24/linux-rhel8-sapphirerapids/gcc-12.3.0/cmake-3.29.2-6n4msmc4aewj7wyi6b5g644vjrqyqgot/bin/cmake -E cmake_link_script CMakeFiles/phasor_dynamics_gensal_dependency_tracking.dir/link.txt --verbose=1
cd /home/isatkaus/gridkit/build/tests/UnitTests/PhasorDynamics && /nopt/nrel/apps/cpu_stack/utilities/06-24/linux-rhel8-sapphirerapids/gcc-12.3.0/cmake-3.29.2-6n4msmc4aewj7wyi6b5g644vjrqyqgot/bin/cmake -E cmake_link_script CMakeFiles/test_phasor_bus_fault.dir/link.txt --verbose=1
/nopt/nrel/apps/cpu_stack/software/gridkit/llvm/16.0.6/bin/clang++ -fPIC --gcc-toolchain=/nopt/nrel/apps/cpu_stack/compilers/06-24/linux-rhel8-sapphirerapids/gcc-12.3.0/gcc-13.1.0-bmut2ysomhthj6y7oyc73c3cmxye57am -Wall -Wextra -Wconversion -Wpedantic -O2 -g -DNDEBUG -Wl,-rpath,/nopt/nrel/apps/cpu_stack/compilers/06-24/linux-rhel8-sapphirerapids/gcc-12.3.0/gcc-13.1.0-bmut2ysomhthj6y7oyc73c3cmxye57am/lib/gcc/x86_64-pc-linux-gnu/13.1.0/../../../../lib64 -Wl,-rpath,/nopt/nrel/apps/cpu_stack/libraries-gcc/06-24/linux-rhel8-sapphirerapids/gcc-12.3.0/netlib-lapack-3.11.0-abk4uhd5cyrfnhh67bcdhyt6fulibezx/lib64 -shared -Wl,-soname,libgridkit_phasor_dynamics_gensal_dependency_tracking.so.0 -o libgridkit_phasor_dynamics_gensal_dependency_tracking.so.0.1.0 CMakeFiles/phasor_dynamics_gensal_dependency_tracking.dir/GensalDependencyTracking.cpp.o  -Wl,-rpath,/home/isatkaus/gridkit/build/GridKit/Model/PhasorDynamics/SignalNode:/home/isatkaus/gridkit/build/GridKit/Utilities/Logger:/home/isatkaus/gridkit/build/GridKit/LinearAlgebra/SparseMatrix: ../../SignalNode/libgridkit_phasor_dynamics_signal_dependency_tracking.so.0.1.0 ../../../../Utilities/Logger/libgridkit_utilities_logger.so.0.1.0 ../../../../LinearAlgebra/SparseMatrix/libgridkit_sparse_matrix.so.0.1.0
/nopt/nrel/apps/cpu_stack/software/gridkit/llvm/16.0.6/bin/clang++ --gcc-toolchain=/nopt/nrel/apps/cpu_stack/compilers/06-24/linux-rhel8-sapphirerapids/gcc-12.3.0/gcc-13.1.0-bmut2ysomhthj6y7oyc73c3cmxye57am -Wall -Wextra -Wconversion -Wpedantic -O2 -g -DNDEBUG -Wl,-rpath,/nopt/nrel/apps/cpu_stack/compilers/06-24/linux-rhel8-sapphirerapids/gcc-12.3.0/gcc-13.1.0-bmut2ysomhthj6y7oyc73c3cmxye57am/lib/gcc/x86_64-pc-linux-gnu/13.1.0/../../../../lib64 -Wl,-rpath,/nopt/nrel/apps/cpu_stack/libraries-gcc/06-24/linux-rhel8-sapphirerapids/gcc-12.3.0/netlib-lapack-3.11.0-abk4uhd5cyrfnhh67bcdhyt6fulibezx/lib64 CMakeFiles/test_phasor_bus_fault.dir/runBusFaultTests.cpp.o -o test_phasor_bus_fault  -Wl,-rpath,/home/isatkaus/gridkit/build/GridKit/Model/PhasorDynamics/BusFault:/home/isatkaus/gridkit/build/GridKit/Model/PhasorDynamics/Bus:/home/isatkaus/gridkit/build/GridKit/Testing:/home/isatkaus/gridkit/build/GridKit/LinearAlgebra/SparseMatrix:/home/isatkaus/gridkit/build/GridKit/Utilities/CliArgs:/home/isatkaus/gridkit/build/GridKit/Utilities/Logger: ../../../GridKit/Model/PhasorDynamics/BusFault/libgridkit_phasor_dynamics_bus_fault.so.0.1.0 ../../../GridKit/Model/PhasorDynamics/BusFault/libgridkit_phasor_dynamics_bus_fault_dependency_tracking.so.0.1.0 ../../../GridKit/Model/PhasorDynamics/Bus/libgridkit_phasor_dynamics_bus.so.0.1.0 ../../../GridKit/Model/PhasorDynamics/Bus/libgridkit_phasor_dynamics_bus_dependency_tracking.so.0.1.0 ../../../GridKit/Testing/libgridkit_testing.so.0.1.0 ../../../GridKit/LinearAlgebra/SparseMatrix/libgridkit_sparse_matrix.so.0.1.0 ../../../GridKit/Utilities/CliArgs/libgridkit_utilities_cli_args.so.0.1.0 ../../../GridKit/Utilities/Logger/libgridkit_utilities_logger.so.0.1.0
make[2]: Leaving directory '/home/isatkaus/gridkit/build'
[ 75%] Built target grid3bus
make[2]: Leaving directory '/home/isatkaus/gridkit/build'
[ 75%] Built target test_math_smoothness_indicator
make[2]: Leaving directory '/home/isatkaus/gridkit/build'
[ 75%] Built target test_phasor_bus
make[2]: Leaving directory '/home/isatkaus/gridkit/build'
make[2]: Leaving directory '/home/isatkaus/gridkit/build'
[ 75%] Built target test_parse_branch_row
[ 75%] Built target test_vector
make[2]: Leaving directory '/home/isatkaus/gridkit/build'
make[2]: Leaving directory '/home/isatkaus/gridkit/build'
[ 75%] Built target test_parse_bus_row
[ 75%] Built target test_dependency_tracking
make[2]: Leaving directory '/home/isatkaus/gridkit/build'
[ 75%] Built target test_parse_gen_row
make[2]: Leaving directory '/home/isatkaus/gridkit/build'
[ 75%] Built target test_logger
make[2]: Leaving directory '/home/isatkaus/gridkit/build'
[ 75%] Built target test_parse_gencost_row
make[2]: Leaving directory '/home/isatkaus/gridkit/build'
make[2]: Leaving directory '/home/isatkaus/gridkit/build'
[ 75%] Built target test_phasor_bustosignaladapter
[ 75%] Built target test_power_electronics_node
make[2]: Leaving directory '/home/isatkaus/gridkit/build'
[ 76%] Built target test_sparse_csr
[ 76%] Linking Fortran executable geninfbus
make[2]: Leaving directory '/home/isatkaus/gridkit/build'
cd /home/isatkaus/gridkit/build/examples/Experimental/GenInfiniteBus && /nopt/nrel/apps/cpu_stack/utilities/06-24/linux-rhel8-sapphirerapids/gcc-12.3.0/cmake-3.29.2-6n4msmc4aewj7wyi6b5g644vjrqyqgot/bin/cmake -E cmake_link_script CMakeFiles/geninfbus.dir/link.txt --verbose=1
/nopt/nrel/apps/cpu_stack/compilers/06-24/linux-rhel8-sapphirerapids/gcc-12.3.0/gcc-13.1.0-bmut2ysomhthj6y7oyc73c3cmxye57am/bin/gfortran -Wl,-rpath,/nopt/nrel/apps/cpu_stack/compilers/06-24/linux-rhel8-sapphirerapids/gcc-12.3.0/gcc-13.1.0-bmut2ysomhthj6y7oyc73c3cmxye57am/lib/gcc/x86_64-pc-linux-gnu/13.1.0/../../../../lib64 -Wl,-rpath,/nopt/nrel/apps/cpu_stack/libraries-gcc/06-24/linux-rhel8-sapphirerapids/gcc-12.3.0/netlib-lapack-3.11.0-abk4uhd5cyrfnhh67bcdhyt6fulibezx/lib64 -O2 -g CMakeFiles/geninfbus.dir/GenInfiniteBus.cpp.o -o geninfbus  -Wl,-rpath,/home/isatkaus/gridkit/build/GridKit/Model/PowerFlow/Bus:/home/isatkaus/gridkit/build/GridKit/Model/PowerFlow/Generator4:/home/isatkaus/gridkit/build/GridKit/Solver/Optimization:/home/isatkaus/gridkit/build/GridKit/Solver/Dynamic:/nopt/nrel/apps/cpu_stack/software/gridkit/sundials/develop/lib64:/nopt/nrel/apps/cpu_stack/software/gridkit/suitesparse/7.8.2/lib64:/home/isatkaus/gridkit/build/GridKit/Utilities/Logger:/home/isatkaus/gridkit/build/GridKit/LinearAlgebra/SparseMatrix:/nopt/nrel/apps/cpu_stack/software/gridkit/ipopt/3.14.14/lib: ../../../GridKit/Model/PowerFlow/Bus/libgridkit_bus.so.0.1.0 ../../../GridKit/Model/PowerFlow/Generator4/libgridkit_generator4.so.0.1.0 ../../../GridKit/Solver/Optimization/libgridkit_solvers_opt.so.0.1.0 ../../../GridKit/Solver/Dynamic/libgridkit_solvers_dyn.so.0.1.0 /nopt/nrel/apps/cpu_stack/software/gridkit/sundials/develop/lib64/libsundials_nvecserial.so.7.8.0 /nopt/nrel/apps/cpu_stack/software/gridkit/sundials/develop/lib64/libsundials_idas.so.6.8.0 /nopt/nrel/apps/cpu_stack/software/gridkit/sundials/develop/lib64/libsundials_sunlinsolklu.so.5.8.0 /nopt/nrel/apps/cpu_stack/software/gridkit/sundials/develop/lib64/libsundials_sunmatrixsparse.so.5.8.0 /nopt/nrel/apps/cpu_stack/software/gridkit/sundials/develop/lib64/libsundials_core.so.7.8.0 /nopt/nrel/apps/cpu_stack/software/gridkit/suitesparse/7.8.2/lib64/libklu.so /nopt/nrel/apps/cpu_stack/software/gridkit/suitesparse/7.8.2/lib64/libamd.so /nopt/nrel/apps/cpu_stack/software/gridkit/suitesparse/7.8.2/lib64/libcolamd.so /nopt/nrel/apps/cpu_stack/software/gridkit/suitesparse/7.8.2/lib64/libbtf.so /nopt/nrel/apps/cpu_stack/software/gridkit/suitesparse/7.8.2/lib64/libsuitesparseconfig.so ../../../GridKit/Utilities/Logger/libgridkit_utilities_logger.so.0.1.0 ../../../GridKit/LinearAlgebra/SparseMatrix/libgridkit_sparse_matrix.so.0.1.0 /nopt/nrel/apps/cpu_stack/software/gridkit/ipopt/3.14.14/lib/libipopt.so -lstdc++
[ 76%] Built target test_ida
[ 77%] Linking Fortran executable genconstload
[ 77%] Linking Fortran executable dynconopt
cd /home/isatkaus/gridkit/build/examples/Experimental/GenConstLoad && /nopt/nrel/apps/cpu_stack/utilities/06-24/linux-rhel8-sapphirerapids/gcc-12.3.0/cmake-3.29.2-6n4msmc4aewj7wyi6b5g644vjrqyqgot/bin/cmake -E cmake_link_script CMakeFiles/genconstload.dir/link.txt --verbose=1
cd /home/isatkaus/gridkit/build/examples/Experimental/DynamicConstrainedOpt && /nopt/nrel/apps/cpu_stack/utilities/06-24/linux-rhel8-sapphirerapids/gcc-12.3.0/cmake-3.29.2-6n4msmc4aewj7wyi6b5g644vjrqyqgot/bin/cmake -E cmake_link_script CMakeFiles/dynconopt.dir/link.txt --verbose=1
/nopt/nrel/apps/cpu_stack/compilers/06-24/linux-rhel8-sapphirerapids/gcc-12.3.0/gcc-13.1.0-bmut2ysomhthj6y7oyc73c3cmxye57am/bin/gfortran -Wl,-rpath,/nopt/nrel/apps/cpu_stack/compilers/06-24/linux-rhel8-sapphirerapids/gcc-12.3.0/gcc-13.1.0-bmut2ysomhthj6y7oyc73c3cmxye57am/lib/gcc/x86_64-pc-linux-gnu/13.1.0/../../../../lib64 -Wl,-rpath,/nopt/nrel/apps/cpu_stack/libraries-gcc/06-24/linux-rhel8-sapphirerapids/gcc-12.3.0/netlib-lapack-3.11.0-abk4uhd5cyrfnhh67bcdhyt6fulibezx/lib64 -O2 -g CMakeFiles/genconstload.dir/GenConstLoad.cpp.o -o genconstload  -Wl,-rpath,/home/isatkaus/gridkit/build/GridKit/Model/PowerFlow/Generator4Governor:/home/isatkaus/gridkit/build/GridKit/Model/PowerFlow/Bus:/home/isatkaus/gridkit/build/GridKit/Model/PowerFlow/Load:/home/isatkaus/gridkit/build/GridKit/Solver/Optimization:/home/isatkaus/gridkit/build/GridKit/Solver/Dynamic:/nopt/nrel/apps/cpu_stack/software/gridkit/sundials/develop/lib64:/nopt/nrel/apps/cpu_stack/software/gridkit/suitesparse/7.8.2/lib64:/home/isatkaus/gridkit/build/GridKit/Utilities/Logger:/home/isatkaus/gridkit/build/GridKit/LinearAlgebra/SparseMatrix:/nopt/nrel/apps/cpu_stack/software/gridkit/ipopt/3.14.14/lib: ../../../GridKit/Model/PowerFlow/Generator4Governor/libgridkit_generator4governor.so.0.1.0 ../../../GridKit/Model/PowerFlow/Bus/libgridkit_bus.so.0.1.0 ../../../GridKit/Model/PowerFlow/Load/libgridkit_load.so.0.1.0 ../../../GridKit/Solver/Optimization/libgridkit_solvers_opt.so.0.1.0 ../../../GridKit/Solver/Dynamic/libgridkit_solvers_dyn.so.0.1.0 /nopt/nrel/apps/cpu_stack/software/gridkit/sundials/develop/lib64/libsundials_nvecserial.so.7.8.0 /nopt/nrel/apps/cpu_stack/software/gridkit/sundials/develop/lib64/libsundials_idas.so.6.8.0 /nopt/nrel/apps/cpu_stack/software/gridkit/sundials/develop/lib64/libsundials_sunlinsolklu.so.5.8.0 /nopt/nrel/apps/cpu_stack/software/gridkit/sundials/develop/lib64/libsundials_sunmatrixsparse.so.5.8.0 /nopt/nrel/apps/cpu_stack/software/gridkit/sundials/develop/lib64/libsundials_core.so.7.8.0 /nopt/nrel/apps/cpu_stack/software/gridkit/suitesparse/7.8.2/lib64/libklu.so /nopt/nrel/apps/cpu_stack/software/gridkit/suitesparse/7.8.2/lib64/libamd.so /nopt/nrel/apps/cpu_stack/software/gridkit/suitesparse/7.8.2/lib64/libcolamd.so /nopt/nrel/apps/cpu_stack/software/gridkit/suitesparse/7.8.2/lib64/libbtf.so /nopt/nrel/apps/cpu_stack/software/gridkit/suitesparse/7.8.2/lib64/libsuitesparseconfig.so ../../../GridKit/Utilities/Logger/libgridkit_utilities_logger.so.0.1.0 ../../../GridKit/LinearAlgebra/SparseMatrix/libgridkit_sparse_matrix.so.0.1.0 /nopt/nrel/apps/cpu_stack/software/gridkit/ipopt/3.14.14/lib/libipopt.so -lstdc++
/nopt/nrel/apps/cpu_stack/compilers/06-24/linux-rhel8-sapphirerapids/gcc-12.3.0/gcc-13.1.0-bmut2ysomhthj6y7oyc73c3cmxye57am/bin/gfortran -Wl,-rpath,/nopt/nrel/apps/cpu_stack/compilers/06-24/linux-rhel8-sapphirerapids/gcc-12.3.0/gcc-13.1.0-bmut2ysomhthj6y7oyc73c3cmxye57am/lib/gcc/x86_64-pc-linux-gnu/13.1.0/../../../../lib64 -Wl,-rpath,/nopt/nrel/apps/cpu_stack/libraries-gcc/06-24/linux-rhel8-sapphirerapids/gcc-12.3.0/netlib-lapack-3.11.0-abk4uhd5cyrfnhh67bcdhyt6fulibezx/lib64 -O2 -g CMakeFiles/dynconopt.dir/DynamicConstrainedOpt.cpp.o -o dynconopt  -Wl,-rpath,/home/isatkaus/gridkit/build/GridKit/Model/PowerFlow/Generator4:/home/isatkaus/gridkit/build/GridKit/Model/PowerFlow/Generator2:/home/isatkaus/gridkit/build/GridKit/Model/PowerFlow/Bus:/home/isatkaus/gridkit/build/GridKit/Solver/Optimization:/home/isatkaus/gridkit/build/GridKit/Solver/Dynamic:/nopt/nrel/apps/cpu_stack/software/gridkit/sundials/develop/lib64:/nopt/nrel/apps/cpu_stack/software/gridkit/suitesparse/7.8.2/lib64:/home/isatkaus/gridkit/build/GridKit/Utilities/Logger:/home/isatkaus/gridkit/build/GridKit/LinearAlgebra/SparseMatrix:/nopt/nrel/apps/cpu_stack/software/gridkit/ipopt/3.14.14/lib: ../../../GridKit/Model/PowerFlow/Generator4/libgridkit_generator4.so.0.1.0 ../../../GridKit/Model/PowerFlow/Generator2/libgridkit_generator2.so.0.1.0 ../../../GridKit/Model/PowerFlow/Bus/libgridkit_bus.so.0.1.0 ../../../GridKit/Solver/Optimization/libgridkit_solvers_opt.so.0.1.0 ../../../GridKit/Solver/Dynamic/libgridkit_solvers_dyn.so.0.1.0 /nopt/nrel/apps/cpu_stack/software/gridkit/sundials/develop/lib64/libsundials_nvecserial.so.7.8.0 /nopt/nrel/apps/cpu_stack/software/gridkit/sundials/develop/lib64/libsundials_idas.so.6.8.0 /nopt/nrel/apps/cpu_stack/software/gridkit/sundials/develop/lib64/libsundials_sunlinsolklu.so.5.8.0 /nopt/nrel/apps/cpu_stack/software/gridkit/sundials/develop/lib64/libsundials_sunmatrixsparse.so.5.8.0 /nopt/nrel/apps/cpu_stack/software/gridkit/sundials/develop/lib64/libsundials_core.so.7.8.0 /nopt/nrel/apps/cpu_stack/software/gridkit/suitesparse/7.8.2/lib64/libklu.so /nopt/nrel/apps/cpu_stack/software/gridkit/suitesparse/7.8.2/lib64/libamd.so /nopt/nrel/apps/cpu_stack/software/gridkit/suitesparse/7.8.2/lib64/libcolamd.so /nopt/nrel/apps/cpu_stack/software/gridkit/suitesparse/7.8.2/lib64/libbtf.so /nopt/nrel/apps/cpu_stack/software/gridkit/suitesparse/7.8.2/lib64/libsuitesparseconfig.so ../../../GridKit/Utilities/Logger/libgridkit_utilities_logger.so.0.1.0 ../../../GridKit/LinearAlgebra/SparseMatrix/libgridkit_sparse_matrix.so.0.1.0 /nopt/nrel/apps/cpu_stack/software/gridkit/ipopt/3.14.14/lib/libipopt.so -lstdc++
[ 78%] Linking Fortran executable paramest
cd /home/isatkaus/gridkit/build/examples/Experimental/ParameterEstimation && /nopt/nrel/apps/cpu_stack/utilities/06-24/linux-rhel8-sapphirerapids/gcc-12.3.0/cmake-3.29.2-6n4msmc4aewj7wyi6b5g644vjrqyqgot/bin/cmake -E cmake_link_script CMakeFiles/paramest.dir/link.txt --verbose=1
/nopt/nrel/apps/cpu_stack/compilers/06-24/linux-rhel8-sapphirerapids/gcc-12.3.0/gcc-13.1.0-bmut2ysomhthj6y7oyc73c3cmxye57am/bin/gfortran -Wl,-rpath,/nopt/nrel/apps/cpu_stack/compilers/06-24/linux-rhel8-sapphirerapids/gcc-12.3.0/gcc-13.1.0-bmut2ysomhthj6y7oyc73c3cmxye57am/lib/gcc/x86_64-pc-linux-gnu/13.1.0/../../../../lib64 -Wl,-rpath,/nopt/nrel/apps/cpu_stack/libraries-gcc/06-24/linux-rhel8-sapphirerapids/gcc-12.3.0/netlib-lapack-3.11.0-abk4uhd5cyrfnhh67bcdhyt6fulibezx/lib64 -O2 -g CMakeFiles/paramest.dir/ParameterEstimation.cpp.o -o paramest  -Wl,-rpath,/home/isatkaus/gridkit/build/GridKit/Model/PowerFlow/Bus:/home/isatkaus/gridkit/build/GridKit/Model/PowerFlow/Generator4Param:/home/isatkaus/gridkit/build/GridKit/Solver/Optimization:/home/isatkaus/gridkit/build/GridKit/Solver/Dynamic:/nopt/nrel/apps/cpu_stack/software/gridkit/sundials/develop/lib64:/nopt/nrel/apps/cpu_stack/software/gridkit/suitesparse/7.8.2/lib64:/home/isatkaus/gridkit/build/GridKit/LinearAlgebra/SparseMatrix:/nopt/nrel/apps/cpu_stack/software/gridkit/ipopt/3.14.14/lib:/home/isatkaus/gridkit/build/GridKit/Utilities/CliArgs:/home/isatkaus/gridkit/build/GridKit/Utilities/Logger: ../../../GridKit/Model/PowerFlow/Bus/libgridkit_bus.so.0.1.0 ../../../GridKit/Model/PowerFlow/Generator4Param/libgridkit_generator4param.so.0.1.0 ../../../GridKit/Solver/Optimization/libgridkit_solvers_opt.so.0.1.0 ../../../GridKit/Solver/Dynamic/libgridkit_solvers_dyn.so.0.1.0 /nopt/nrel/apps/cpu_stack/software/gridkit/sundials/develop/lib64/libsundials_nvecserial.so.7.8.0 /nopt/nrel/apps/cpu_stack/software/gridkit/sundials/develop/lib64/libsundials_idas.so.6.8.0 /nopt/nrel/apps/cpu_stack/software/gridkit/sundials/develop/lib64/libsundials_sunlinsolklu.so.5.8.0 /nopt/nrel/apps/cpu_stack/software/gridkit/sundials/develop/lib64/libsundials_sunmatrixsparse.so.5.8.0 /nopt/nrel/apps/cpu_stack/software/gridkit/sundials/develop/lib64/libsundials_core.so.7.8.0 /nopt/nrel/apps/cpu_stack/software/gridkit/suitesparse/7.8.2/lib64/libklu.so /nopt/nrel/apps/cpu_stack/software/gridkit/suitesparse/7.8.2/lib64/libamd.so /nopt/nrel/apps/cpu_stack/software/gridkit/suitesparse/7.8.2/lib64/libcolamd.so /nopt/nrel/apps/cpu_stack/software/gridkit/suitesparse/7.8.2/lib64/libbtf.so /nopt/nrel/apps/cpu_stack/software/gridkit/suitesparse/7.8.2/lib64/libsuitesparseconfig.so ../../../GridKit/LinearAlgebra/SparseMatrix/libgridkit_sparse_matrix.so.0.1.0 /nopt/nrel/apps/cpu_stack/software/gridkit/ipopt/3.14.14/lib/libipopt.so ../../../GridKit/Utilities/CliArgs/libgridkit_utilities_cli_args.so.0.1.0 ../../../GridKit/Utilities/Logger/libgridkit_utilities_logger.so.0.1.0 -lstdc++
[ 79%] Linking CXX executable test_phasor_loadz
make[2]: Leaving directory '/home/isatkaus/gridkit/build'
make[2]: Leaving directory '/home/isatkaus/gridkit/build'
[ 80%] Linking CXX shared library libgridkit_phasor_dynamics_genrou_dependency_tracking.so
make[2]: Leaving directory '/home/isatkaus/gridkit/build'
cd /home/isatkaus/gridkit/build/tests/UnitTests/PhasorDynamics && /nopt/nrel/apps/cpu_stack/utilities/06-24/linux-rhel8-sapphirerapids/gcc-12.3.0/cmake-3.29.2-6n4msmc4aewj7wyi6b5g644vjrqyqgot/bin/cmake -E cmake_link_script CMakeFiles/test_phasor_loadz.dir/link.txt --verbose=1
[ 80%] Built target test_cli_args
[ 80%] Built target test_parse_matpower
cd /home/isatkaus/gridkit/build/GridKit/Model/PhasorDynamics/SynchronousMachine/GENSAL && /nopt/nrel/apps/cpu_stack/utilities/06-24/linux-rhel8-sapphirerapids/gcc-12.3.0/cmake-3.29.2-6n4msmc4aewj7wyi6b5g644vjrqyqgot/bin/cmake -E cmake_symlink_library libgridkit_phasor_dynamics_gensal_dependency_tracking.so.0.1.0 libgridkit_phasor_dynamics_gensal_dependency_tracking.so.0 libgridkit_phasor_dynamics_gensal_dependency_tracking.so
[ 80%] Built target test_phasor_bus_fault
/nopt/nrel/apps/cpu_stack/software/gridkit/llvm/16.0.6/bin/clang++ --gcc-toolchain=/nopt/nrel/apps/cpu_stack/compilers/06-24/linux-rhel8-sapphirerapids/gcc-12.3.0/gcc-13.1.0-bmut2ysomhthj6y7oyc73c3cmxye57am -Wall -Wextra -Wconversion -Wpedantic -O2 -g -DNDEBUG -Wl,-rpath,/nopt/nrel/apps/cpu_stack/compilers/06-24/linux-rhel8-sapphirerapids/gcc-12.3.0/gcc-13.1.0-bmut2ysomhthj6y7oyc73c3cmxye57am/lib/gcc/x86_64-pc-linux-gnu/13.1.0/../../../../lib64 -Wl,-rpath,/nopt/nrel/apps/cpu_stack/libraries-gcc/06-24/linux-rhel8-sapphirerapids/gcc-12.3.0/netlib-lapack-3.11.0-abk4uhd5cyrfnhh67bcdhyt6fulibezx/lib64 CMakeFiles/test_phasor_loadz.dir/runLoadZTests.cpp.o -o test_phasor_loadz  -Wl,-rpath,/home/isatkaus/gridkit/build/GridKit/Model/PhasorDynamics/Load/LoadZ:/home/isatkaus/gridkit/build/GridKit/Model/PhasorDynamics/Bus:/home/isatkaus/gridkit/build/GridKit/Testing:/home/isatkaus/gridkit/build/GridKit/LinearAlgebra/SparseMatrix:/home/isatkaus/gridkit/build/GridKit/Utilities/CliArgs:/home/isatkaus/gridkit/build/GridKit/Utilities/Logger: ../../../GridKit/Model/PhasorDynamics/Load/LoadZ/libgridkit_phasor_dynamics_loadz.so.0.1.0 ../../../GridKit/Model/PhasorDynamics/Load/LoadZ/libgridkit_phasor_dynamics_loadz_dependency_tracking.so.0.1.0 ../../../GridKit/Model/PhasorDynamics/Bus/libgridkit_phasor_dynamics_bus.so.0.1.0 ../../../GridKit/Model/PhasorDynamics/Bus/libgridkit_phasor_dynamics_bus_dependency_tracking.so.0.1.0 ../../../GridKit/Testing/libgridkit_testing.so.0.1.0 ../../../GridKit/LinearAlgebra/SparseMatrix/libgridkit_sparse_matrix.so.0.1.0 ../../../GridKit/Utilities/CliArgs/libgridkit_utilities_cli_args.so.0.1.0 ../../../GridKit/Utilities/Logger/libgridkit_utilities_logger.so.0.1.0
cd /home/isatkaus/gridkit/build/GridKit/Model/PhasorDynamics/SynchronousMachine/GENROU && /nopt/nrel/apps/cpu_stack/utilities/06-24/linux-rhel8-sapphirerapids/gcc-12.3.0/cmake-3.29.2-6n4msmc4aewj7wyi6b5g644vjrqyqgot/bin/cmake -E cmake_link_script CMakeFiles/phasor_dynamics_genrou_dependency_tracking.dir/link.txt --verbose=1
make[2]: Leaving directory '/home/isatkaus/gridkit/build'
[ 80%] Linking CXX executable test_phasor_loadzip
/nopt/nrel/apps/cpu_stack/software/gridkit/llvm/16.0.6/bin/clang++ -fPIC --gcc-toolchain=/nopt/nrel/apps/cpu_stack/compilers/06-24/linux-rhel8-sapphirerapids/gcc-12.3.0/gcc-13.1.0-bmut2ysomhthj6y7oyc73c3cmxye57am -Wall -Wextra -Wconversion -Wpedantic -O2 -g -DNDEBUG -Wl,-rpath,/nopt/nrel/apps/cpu_stack/compilers/06-24/linux-rhel8-sapphirerapids/gcc-12.3.0/gcc-13.1.0-bmut2ysomhthj6y7oyc73c3cmxye57am/lib/gcc/x86_64-pc-linux-gnu/13.1.0/../../../../lib64 -Wl,-rpath,/nopt/nrel/apps/cpu_stack/libraries-gcc/06-24/linux-rhel8-sapphirerapids/gcc-12.3.0/netlib-lapack-3.11.0-abk4uhd5cyrfnhh67bcdhyt6fulibezx/lib64 -shared -Wl,-soname,libgridkit_phasor_dynamics_genrou_dependency_tracking.so.0 -o libgridkit_phasor_dynamics_genrou_dependency_tracking.so.0.1.0 CMakeFiles/phasor_dynamics_genrou_dependency_tracking.dir/GenrouDependencyTracking.cpp.o  -Wl,-rpath,/home/isatkaus/gridkit/build/GridKit/Model/PhasorDynamics/SignalNode:/home/isatkaus/gridkit/build/GridKit/Utilities/Logger:/home/isatkaus/gridkit/build/GridKit/LinearAlgebra/SparseMatrix: ../../SignalNode/libgridkit_phasor_dynamics_signal_dependency_tracking.so.0.1.0 ../../../../Utilities/Logger/libgridkit_utilities_logger.so.0.1.0 ../../../../LinearAlgebra/SparseMatrix/libgridkit_sparse_matrix.so.0.1.0
[ 80%] Linking CXX executable test_phasor_branch
[ 80%] Built target geninfbus
cd /home/isatkaus/gridkit/build/tests/UnitTests/PhasorDynamics && /nopt/nrel/apps/cpu_stack/utilities/06-24/linux-rhel8-sapphirerapids/gcc-12.3.0/cmake-3.29.2-6n4msmc4aewj7wyi6b5g644vjrqyqgot/bin/cmake -E cmake_link_script CMakeFiles/test_phasor_loadzip.dir/link.txt --verbose=1
cd /home/isatkaus/gridkit/build/tests/UnitTests/PhasorDynamics && /nopt/nrel/apps/cpu_stack/utilities/06-24/linux-rhel8-sapphirerapids/gcc-12.3.0/cmake-3.29.2-6n4msmc4aewj7wyi6b5g644vjrqyqgot/bin/cmake -E cmake_link_script CMakeFiles/test_phasor_branch.dir/link.txt --verbose=1
/nopt/nrel/apps/cpu_stack/software/gridkit/llvm/16.0.6/bin/clang++ --gcc-toolchain=/nopt/nrel/apps/cpu_stack/compilers/06-24/linux-rhel8-sapphirerapids/gcc-12.3.0/gcc-13.1.0-bmut2ysomhthj6y7oyc73c3cmxye57am -Wall -Wextra -Wconversion -Wpedantic -O2 -g -DNDEBUG -Wl,-rpath,/nopt/nrel/apps/cpu_stack/compilers/06-24/linux-rhel8-sapphirerapids/gcc-12.3.0/gcc-13.1.0-bmut2ysomhthj6y7oyc73c3cmxye57am/lib/gcc/x86_64-pc-linux-gnu/13.1.0/../../../../lib64 -Wl,-rpath,/nopt/nrel/apps/cpu_stack/libraries-gcc/06-24/linux-rhel8-sapphirerapids/gcc-12.3.0/netlib-lapack-3.11.0-abk4uhd5cyrfnhh67bcdhyt6fulibezx/lib64 CMakeFiles/test_phasor_loadzip.dir/runLoadZIPTests.cpp.o -o test_phasor_loadzip  -Wl,-rpath,/home/isatkaus/gridkit/build/GridKit/Model/PhasorDynamics/Load/LoadZIP:/home/isatkaus/gridkit/build/GridKit/Model/PhasorDynamics/Bus:/home/isatkaus/gridkit/build/GridKit/Testing:/home/isatkaus/gridkit/build/GridKit/LinearAlgebra/SparseMatrix:/home/isatkaus/gridkit/build/GridKit/Utilities/CliArgs:/home/isatkaus/gridkit/build/GridKit/Utilities/Logger: ../../../GridKit/Model/PhasorDynamics/Load/LoadZIP/libgridkit_phasor_dynamics_loadzip.so.0.1.0 ../../../GridKit/Model/PhasorDynamics/Load/LoadZIP/libgridkit_phasor_dynamics_loadzip_dependency_tracking.so.0.1.0 ../../../GridKit/Model/PhasorDynamics/Bus/libgridkit_phasor_dynamics_bus.so.0.1.0 ../../../GridKit/Model/PhasorDynamics/Bus/libgridkit_phasor_dynamics_bus_dependency_tracking.so.0.1.0 ../../../GridKit/Testing/libgridkit_testing.so.0.1.0 ../../../GridKit/LinearAlgebra/SparseMatrix/libgridkit_sparse_matrix.so.0.1.0 ../../../GridKit/Utilities/CliArgs/libgridkit_utilities_cli_args.so.0.1.0 ../../../GridKit/Utilities/Logger/libgridkit_utilities_logger.so.0.1.0
make[2]: Leaving directory '/home/isatkaus/gridkit/build'
make[2]: Leaving directory '/home/isatkaus/gridkit/build'
/nopt/nrel/apps/cpu_stack/software/gridkit/llvm/16.0.6/bin/clang++ --gcc-toolchain=/nopt/nrel/apps/cpu_stack/compilers/06-24/linux-rhel8-sapphirerapids/gcc-12.3.0/gcc-13.1.0-bmut2ysomhthj6y7oyc73c3cmxye57am -Wall -Wextra -Wconversion -Wpedantic -O2 -g -DNDEBUG -Wl,-rpath,/nopt/nrel/apps/cpu_stack/compilers/06-24/linux-rhel8-sapphirerapids/gcc-12.3.0/gcc-13.1.0-bmut2ysomhthj6y7oyc73c3cmxye57am/lib/gcc/x86_64-pc-linux-gnu/13.1.0/../../../../lib64 -Wl,-rpath,/nopt/nrel/apps/cpu_stack/libraries-gcc/06-24/linux-rhel8-sapphirerapids/gcc-12.3.0/netlib-lapack-3.11.0-abk4uhd5cyrfnhh67bcdhyt6fulibezx/lib64 CMakeFiles/test_phasor_branch.dir/runBranchTests.cpp.o -o test_phasor_branch  -Wl,-rpath,/home/isatkaus/gridkit/build/GridKit/Model/PhasorDynamics/Branch:/home/isatkaus/gridkit/build/GridKit/Model/PhasorDynamics/Bus:/home/isatkaus/gridkit/build/GridKit/Testing:/home/isatkaus/gridkit/build/GridKit/LinearAlgebra/SparseMatrix:/home/isatkaus/gridkit/build/GridKit/Utilities/CliArgs:/home/isatkaus/gridkit/build/GridKit/Utilities/Logger: ../../../GridKit/Model/PhasorDynamics/Branch/libgridkit_phasor_dynamics_branch.so.0.1.0 ../../../GridKit/Model/PhasorDynamics/Branch/libgridkit_phasor_dynamics_branch_dependency_tracking.so.0.1.0 ../../../GridKit/Model/PhasorDynamics/Bus/libgridkit_phasor_dynamics_bus.so.0.1.0 ../../../GridKit/Model/PhasorDynamics/Bus/libgridkit_phasor_dynamics_bus_dependency_tracking.so.0.1.0 ../../../GridKit/Testing/libgridkit_testing.so.0.1.0 ../../../GridKit/LinearAlgebra/SparseMatrix/libgridkit_sparse_matrix.so.0.1.0 ../../../GridKit/Utilities/CliArgs/libgridkit_utilities_cli_args.so.0.1.0 ../../../GridKit/Utilities/Logger/libgridkit_utilities_logger.so.0.1.0
make[2]: Leaving directory '/home/isatkaus/gridkit/build'
[ 80%] Built target dynconopt
[ 80%] Built target genconstload
[ 80%] Built target phasor_dynamics_gensal_dependency_tracking
make[2]: Leaving directory '/home/isatkaus/gridkit/build'
make  -f tests/UnitTests/PhasorDynamics/CMakeFiles/test_phasor_gensal.dir/build.make tests/UnitTests/PhasorDynamics/CMakeFiles/test_phasor_gensal.dir/depend
[ 80%] Built target paramest
make[2]: Entering directory '/home/isatkaus/gridkit/build'
cd /home/isatkaus/gridkit/build && /nopt/nrel/apps/cpu_stack/utilities/06-24/linux-rhel8-sapphirerapids/gcc-12.3.0/cmake-3.29.2-6n4msmc4aewj7wyi6b5g644vjrqyqgot/bin/cmake -E cmake_depends "Unix Makefiles" /home/isatkaus/gridkit /home/isatkaus/gridkit/tests/UnitTests/PhasorDynamics /home/isatkaus/gridkit/build /home/isatkaus/gridkit/build/tests/UnitTests/PhasorDynamics /home/isatkaus/gridkit/build/tests/UnitTests/PhasorDynamics/CMakeFiles/test_phasor_gensal.dir/DependInfo.cmake "--color="
make[2]: Leaving directory '/home/isatkaus/gridkit/build'
make  -f tests/UnitTests/PhasorDynamics/CMakeFiles/test_phasor_gensal.dir/build.make tests/UnitTests/PhasorDynamics/CMakeFiles/test_phasor_gensal.dir/build
make[2]: Entering directory '/home/isatkaus/gridkit/build'
[ 81%] Building CXX object tests/UnitTests/PhasorDynamics/CMakeFiles/test_phasor_gensal.dir/runGensalTests.cpp.o
cd /home/isatkaus/gridkit/build/tests/UnitTests/PhasorDynamics && /nopt/nrel/apps/cpu_stack/software/gridkit/llvm/16.0.6/bin/clang++  -I/home/isatkaus/gridkit/build -I/home/isatkaus/gridkit --gcc-toolchain=/nopt/nrel/apps/cpu_stack/compilers/06-24/linux-rhel8-sapphirerapids/gcc-12.3.0/gcc-13.1.0-bmut2ysomhthj6y7oyc73c3cmxye57am -Wall -Wextra -Wconversion -Wpedantic -O2 -g -DNDEBUG -std=gnu++20 -fPIE -MD -MT tests/UnitTests/PhasorDynamics/CMakeFiles/test_phasor_gensal.dir/runGensalTests.cpp.o -MF CMakeFiles/test_phasor_gensal.dir/runGensalTests.cpp.o.d -o CMakeFiles/test_phasor_gensal.dir/runGensalTests.cpp.o -c /home/isatkaus/gridkit/tests/UnitTests/PhasorDynamics/runGensalTests.cpp
make[2]: Leaving directory '/home/isatkaus/gridkit/build'
[ 81%] Built target test_phasor_loadz
cd /home/isatkaus/gridkit/build/GridKit/Model/PhasorDynamics/SynchronousMachine/GENROU && /nopt/nrel/apps/cpu_stack/utilities/06-24/linux-rhel8-sapphirerapids/gcc-12.3.0/cmake-3.29.2-6n4msmc4aewj7wyi6b5g644vjrqyqgot/bin/cmake -E cmake_symlink_library libgridkit_phasor_dynamics_genrou_dependency_tracking.so.0.1.0 libgridkit_phasor_dynamics_genrou_dependency_tracking.so.0 libgridkit_phasor_dynamics_genrou_dependency_tracking.so
make[2]: Leaving directory '/home/isatkaus/gridkit/build'
make[2]: Leaving directory '/home/isatkaus/gridkit/build'
[ 81%] Built target test_phasor_loadzip
[ 81%] Built target test_phasor_branch
make[2]: Leaving directory '/home/isatkaus/gridkit/build'
[ 81%] Built target phasor_dynamics_genrou_dependency_tracking
make  -f GridKit/Model/PhasorDynamics/CMakeFiles/phasor_dynamics_systemmodel_dependency_tracking.dir/build.make GridKit/Model/PhasorDynamics/CMakeFiles/phasor_dynamics_systemmodel_dependency_tracking.dir/depend
make  -f tests/UnitTests/PhasorDynamics/CMakeFiles/test_phasor_genrou.dir/build.make tests/UnitTests/PhasorDynamics/CMakeFiles/test_phasor_genrou.dir/depend
make  -f tests/UnitTests/PhasorDynamics/CMakeFiles/test_phasor_governor_tgov1.dir/build.make tests/UnitTests/PhasorDynamics/CMakeFiles/test_phasor_governor_tgov1.dir/depend
make  -f tests/UnitTests/PhasorDynamics/CMakeFiles/test_phasor_exciter_ieeet1.dir/build.make tests/UnitTests/PhasorDynamics/CMakeFiles/test_phasor_exciter_ieeet1.dir/depend
make[2]: Entering directory '/home/isatkaus/gridkit/build'
cd /home/isatkaus/gridkit/build && /nopt/nrel/apps/cpu_stack/utilities/06-24/linux-rhel8-sapphirerapids/gcc-12.3.0/cmake-3.29.2-6n4msmc4aewj7wyi6b5g644vjrqyqgot/bin/cmake -E cmake_depends "Unix Makefiles" /home/isatkaus/gridkit /home/isatkaus/gridkit/GridKit/Model/PhasorDynamics /home/isatkaus/gridkit/build /home/isatkaus/gridkit/build/GridKit/Model/PhasorDynamics /home/isatkaus/gridkit/build/GridKit/Model/PhasorDynamics/CMakeFiles/phasor_dynamics_systemmodel_dependency_tracking.dir/DependInfo.cmake "--color="
make[2]: Entering directory '/home/isatkaus/gridkit/build'
cd /home/isatkaus/gridkit/build && /nopt/nrel/apps/cpu_stack/utilities/06-24/linux-rhel8-sapphirerapids/gcc-12.3.0/cmake-3.29.2-6n4msmc4aewj7wyi6b5g644vjrqyqgot/bin/cmake -E cmake_depends "Unix Makefiles" /home/isatkaus/gridkit /home/isatkaus/gridkit/tests/UnitTests/PhasorDynamics /home/isatkaus/gridkit/build /home/isatkaus/gridkit/build/tests/UnitTests/PhasorDynamics /home/isatkaus/gridkit/build/tests/UnitTests/PhasorDynamics/CMakeFiles/test_phasor_genrou.dir/DependInfo.cmake "--color="
make[2]: Entering directory '/home/isatkaus/gridkit/build'
cd /home/isatkaus/gridkit/build && /nopt/nrel/apps/cpu_stack/utilities/06-24/linux-rhel8-sapphirerapids/gcc-12.3.0/cmake-3.29.2-6n4msmc4aewj7wyi6b5g644vjrqyqgot/bin/cmake -E cmake_depends "Unix Makefiles" /home/isatkaus/gridkit /home/isatkaus/gridkit/tests/UnitTests/PhasorDynamics /home/isatkaus/gridkit/build /home/isatkaus/gridkit/build/tests/UnitTests/PhasorDynamics /home/isatkaus/gridkit/build/tests/UnitTests/PhasorDynamics/CMakeFiles/test_phasor_governor_tgov1.dir/DependInfo.cmake "--color="
make[2]: Entering directory '/home/isatkaus/gridkit/build'
cd /home/isatkaus/gridkit/build && /nopt/nrel/apps/cpu_stack/utilities/06-24/linux-rhel8-sapphirerapids/gcc-12.3.0/cmake-3.29.2-6n4msmc4aewj7wyi6b5g644vjrqyqgot/bin/cmake -E cmake_depends "Unix Makefiles" /home/isatkaus/gridkit /home/isatkaus/gridkit/tests/UnitTests/PhasorDynamics /home/isatkaus/gridkit/build /home/isatkaus/gridkit/build/tests/UnitTests/PhasorDynamics /home/isatkaus/gridkit/build/tests/UnitTests/PhasorDynamics/CMakeFiles/test_phasor_exciter_ieeet1.dir/DependInfo.cmake "--color="
make[2]: Leaving directory '/home/isatkaus/gridkit/build'
make  -f GridKit/Model/PhasorDynamics/CMakeFiles/phasor_dynamics_systemmodel_dependency_tracking.dir/build.make GridKit/Model/PhasorDynamics/CMakeFiles/phasor_dynamics_systemmodel_dependency_tracking.dir/build
make[2]: Leaving directory '/home/isatkaus/gridkit/build'
make  -f tests/UnitTests/PhasorDynamics/CMakeFiles/test_phasor_genrou.dir/build.make tests/UnitTests/PhasorDynamics/CMakeFiles/test_phasor_genrou.dir/build
make[2]: Leaving directory '/home/isatkaus/gridkit/build'
make[2]: Leaving directory '/home/isatkaus/gridkit/build'
make  -f tests/UnitTests/PhasorDynamics/CMakeFiles/test_phasor_exciter_ieeet1.dir/build.make tests/UnitTests/PhasorDynamics/CMakeFiles/test_phasor_exciter_ieeet1.dir/build
make  -f tests/UnitTests/PhasorDynamics/CMakeFiles/test_phasor_governor_tgov1.dir/build.make tests/UnitTests/PhasorDynamics/CMakeFiles/test_phasor_governor_tgov1.dir/build
make[2]: Entering directory '/home/isatkaus/gridkit/build'
make[2]: Entering directory '/home/isatkaus/gridkit/build'
make[2]: Entering directory '/home/isatkaus/gridkit/build'
make[2]: Entering directory '/home/isatkaus/gridkit/build'
[ 81%] Building CXX object GridKit/Model/PhasorDynamics/CMakeFiles/phasor_dynamics_systemmodel_dependency_tracking.dir/SystemModelDependencyTracking.cpp.o
[ 81%] Building CXX object tests/UnitTests/PhasorDynamics/CMakeFiles/test_phasor_genrou.dir/runGenrouTests.cpp.o
[ 83%] Building CXX object tests/UnitTests/PhasorDynamics/CMakeFiles/test_phasor_governor_tgov1.dir/runGovernorTgov1Tests.cpp.o
[ 83%] Building CXX object tests/UnitTests/PhasorDynamics/CMakeFiles/test_phasor_exciter_ieeet1.dir/runExciterIeeet1Tests.cpp.o
cd /home/isatkaus/gridkit/build/GridKit/Model/PhasorDynamics && /nopt/nrel/apps/cpu_stack/software/gridkit/llvm/16.0.6/bin/clang++ -Dphasor_dynamics_systemmodel_dependency_tracking_EXPORTS -I/home/isatkaus/gridkit -I/home/isatkaus/gridkit/build --gcc-toolchain=/nopt/nrel/apps/cpu_stack/compilers/06-24/linux-rhel8-sapphirerapids/gcc-12.3.0/gcc-13.1.0-bmut2ysomhthj6y7oyc73c3cmxye57am -Wall -Wextra -Wconversion -Wpedantic -O2 -g -DNDEBUG -std=gnu++20 -fPIC -MD -MT GridKit/Model/PhasorDynamics/CMakeFiles/phasor_dynamics_systemmodel_dependency_tracking.dir/SystemModelDependencyTracking.cpp.o -MF CMakeFiles/phasor_dynamics_systemmodel_dependency_tracking.dir/SystemModelDependencyTracking.cpp.o.d -o CMakeFiles/phasor_dynamics_systemmodel_dependency_tracking.dir/SystemModelDependencyTracking.cpp.o -c /home/isatkaus/gridkit/GridKit/Model/PhasorDynamics/SystemModelDependencyTracking.cpp
cd /home/isatkaus/gridkit/build/tests/UnitTests/PhasorDynamics && /nopt/nrel/apps/cpu_stack/software/gridkit/llvm/16.0.6/bin/clang++  -I/home/isatkaus/gridkit/build -I/home/isatkaus/gridkit --gcc-toolchain=/nopt/nrel/apps/cpu_stack/compilers/06-24/linux-rhel8-sapphirerapids/gcc-12.3.0/gcc-13.1.0-bmut2ysomhthj6y7oyc73c3cmxye57am -Wall -Wextra -Wconversion -Wpedantic -O2 -g -DNDEBUG -std=gnu++20 -fPIE -MD -MT tests/UnitTests/PhasorDynamics/CMakeFiles/test_phasor_genrou.dir/runGenrouTests.cpp.o -MF CMakeFiles/test_phasor_genrou.dir/runGenrouTests.cpp.o.d -o CMakeFiles/test_phasor_genrou.dir/runGenrouTests.cpp.o -c /home/isatkaus/gridkit/tests/UnitTests/PhasorDynamics/runGenrouTests.cpp
cd /home/isatkaus/gridkit/build/tests/UnitTests/PhasorDynamics && /nopt/nrel/apps/cpu_stack/software/gridkit/llvm/16.0.6/bin/clang++  -I/home/isatkaus/gridkit/build -I/home/isatkaus/gridkit --gcc-toolchain=/nopt/nrel/apps/cpu_stack/compilers/06-24/linux-rhel8-sapphirerapids/gcc-12.3.0/gcc-13.1.0-bmut2ysomhthj6y7oyc73c3cmxye57am -Wall -Wextra -Wconversion -Wpedantic -O2 -g -DNDEBUG -std=gnu++20 -fPIE -MD -MT tests/UnitTests/PhasorDynamics/CMakeFiles/test_phasor_exciter_ieeet1.dir/runExciterIeeet1Tests.cpp.o -MF CMakeFiles/test_phasor_exciter_ieeet1.dir/runExciterIeeet1Tests.cpp.o.d -o CMakeFiles/test_phasor_exciter_ieeet1.dir/runExciterIeeet1Tests.cpp.o -c /home/isatkaus/gridkit/tests/UnitTests/PhasorDynamics/runExciterIeeet1Tests.cpp
cd /home/isatkaus/gridkit/build/tests/UnitTests/PhasorDynamics && /nopt/nrel/apps/cpu_stack/software/gridkit/llvm/16.0.6/bin/clang++  -I/home/isatkaus/gridkit/build -I/home/isatkaus/gridkit --gcc-toolchain=/nopt/nrel/apps/cpu_stack/compilers/06-24/linux-rhel8-sapphirerapids/gcc-12.3.0/gcc-13.1.0-bmut2ysomhthj6y7oyc73c3cmxye57am -Wall -Wextra -Wconversion -Wpedantic -O2 -g -DNDEBUG -std=gnu++20 -fPIE -MD -MT tests/UnitTests/PhasorDynamics/CMakeFiles/test_phasor_governor_tgov1.dir/runGovernorTgov1Tests.cpp.o -MF CMakeFiles/test_phasor_governor_tgov1.dir/runGovernorTgov1Tests.cpp.o.d -o CMakeFiles/test_phasor_governor_tgov1.dir/runGovernorTgov1Tests.cpp.o -c /home/isatkaus/gridkit/tests/UnitTests/PhasorDynamics/runGovernorTgov1Tests.cpp
[ 83%] Linking CXX executable test_phasor_stabilizer_ieeest
cd /home/isatkaus/gridkit/build/tests/UnitTests/PhasorDynamics && /nopt/nrel/apps/cpu_stack/utilities/06-24/linux-rhel8-sapphirerapids/gcc-12.3.0/cmake-3.29.2-6n4msmc4aewj7wyi6b5g644vjrqyqgot/bin/cmake -E cmake_link_script CMakeFiles/test_phasor_stabilizer_ieeest.dir/link.txt --verbose=1
/nopt/nrel/apps/cpu_stack/software/gridkit/llvm/16.0.6/bin/clang++ --gcc-toolchain=/nopt/nrel/apps/cpu_stack/compilers/06-24/linux-rhel8-sapphirerapids/gcc-12.3.0/gcc-13.1.0-bmut2ysomhthj6y7oyc73c3cmxye57am -Wall -Wextra -Wconversion -Wpedantic -O2 -g -DNDEBUG -Wl,-rpath,/nopt/nrel/apps/cpu_stack/compilers/06-24/linux-rhel8-sapphirerapids/gcc-12.3.0/gcc-13.1.0-bmut2ysomhthj6y7oyc73c3cmxye57am/lib/gcc/x86_64-pc-linux-gnu/13.1.0/../../../../lib64 -Wl,-rpath,/nopt/nrel/apps/cpu_stack/libraries-gcc/06-24/linux-rhel8-sapphirerapids/gcc-12.3.0/netlib-lapack-3.11.0-abk4uhd5cyrfnhh67bcdhyt6fulibezx/lib64 CMakeFiles/test_phasor_stabilizer_ieeest.dir/runStabilizerIeeestTests.cpp.o -o test_phasor_stabilizer_ieeest  -Wl,-rpath,/home/isatkaus/gridkit/build/GridKit/Model/PhasorDynamics/Stabilizer/IEEEST:/home/isatkaus/gridkit/build/GridKit/Model/PhasorDynamics/SignalNode:/home/isatkaus/gridkit/build/GridKit/Testing:/home/isatkaus/gridkit/build/GridKit/LinearAlgebra/SparseMatrix:/home/isatkaus/gridkit/build/GridKit/Utilities/CliArgs:/home/isatkaus/gridkit/build/GridKit/Utilities/Logger: ../../../GridKit/Model/PhasorDynamics/Stabilizer/IEEEST/libgridkit_phasor_dynamics_stabilizer_ieeest.so.0.1.0 ../../../GridKit/Model/PhasorDynamics/Stabilizer/IEEEST/libgridkit_phasor_dynamics_stabilizer_ieeest_dependency_tracking.so.0.1.0 ../../../GridKit/Model/PhasorDynamics/SignalNode/libgridkit_phasor_dynamics_signal.so.0.1.0 ../../../GridKit/Testing/libgridkit_testing.so.0.1.0 ../../../GridKit/LinearAlgebra/SparseMatrix/libgridkit_sparse_matrix.so.0.1.0 ../../../GridKit/Model/PhasorDynamics/SignalNode/libgridkit_phasor_dynamics_signal_dependency_tracking.so.0.1.0 ../../../GridKit/Utilities/CliArgs/libgridkit_utilities_cli_args.so.0.1.0 ../../../GridKit/Utilities/Logger/libgridkit_utilities_logger.so.0.1.0
make[2]: Leaving directory '/home/isatkaus/gridkit/build'
[ 83%] Built target test_phasor_stabilizer_ieeest
[ 84%] Linking CXX executable test_phasor_gen_classical
cd /home/isatkaus/gridkit/build/tests/UnitTests/PhasorDynamics && /nopt/nrel/apps/cpu_stack/utilities/06-24/linux-rhel8-sapphirerapids/gcc-12.3.0/cmake-3.29.2-6n4msmc4aewj7wyi6b5g644vjrqyqgot/bin/cmake -E cmake_link_script CMakeFiles/test_phasor_gen_classical.dir/link.txt --verbose=1
/nopt/nrel/apps/cpu_stack/software/gridkit/llvm/16.0.6/bin/clang++ --gcc-toolchain=/nopt/nrel/apps/cpu_stack/compilers/06-24/linux-rhel8-sapphirerapids/gcc-12.3.0/gcc-13.1.0-bmut2ysomhthj6y7oyc73c3cmxye57am -Wall -Wextra -Wconversion -Wpedantic -O2 -g -DNDEBUG -Wl,-rpath,/nopt/nrel/apps/cpu_stack/compilers/06-24/linux-rhel8-sapphirerapids/gcc-12.3.0/gcc-13.1.0-bmut2ysomhthj6y7oyc73c3cmxye57am/lib/gcc/x86_64-pc-linux-gnu/13.1.0/../../../../lib64 -Wl,-rpath,/nopt/nrel/apps/cpu_stack/libraries-gcc/06-24/linux-rhel8-sapphirerapids/gcc-12.3.0/netlib-lapack-3.11.0-abk4uhd5cyrfnhh67bcdhyt6fulibezx/lib64 CMakeFiles/test_phasor_gen_classical.dir/runGenClassicalTests.cpp.o -o test_phasor_gen_classical  -Wl,-rpath,/home/isatkaus/gridkit/build/GridKit/Model/PhasorDynamics/SynchronousMachine/GenClassical:/home/isatkaus/gridkit/build/GridKit/Model/PhasorDynamics/Bus:/home/isatkaus/gridkit/build/GridKit/Testing:/home/isatkaus/gridkit/build/GridKit/LinearAlgebra/SparseMatrix:/home/isatkaus/gridkit/build/GridKit/Utilities/CliArgs:/home/isatkaus/gridkit/build/GridKit/Utilities/Logger: ../../../GridKit/Model/PhasorDynamics/SynchronousMachine/GenClassical/libgridkit_phasor_dynamics_gen_classical.so.0.1.0 ../../../GridKit/Model/PhasorDynamics/SynchronousMachine/GenClassical/libgridkit_phasor_dynamics_gen_classical_dependency_tracking.so.0.1.0 ../../../GridKit/Model/PhasorDynamics/Bus/libgridkit_phasor_dynamics_bus.so.0.1.0 ../../../GridKit/Model/PhasorDynamics/Bus/libgridkit_phasor_dynamics_bus_dependency_tracking.so.0.1.0 ../../../GridKit/Testing/libgridkit_testing.so.0.1.0 ../../../GridKit/LinearAlgebra/SparseMatrix/libgridkit_sparse_matrix.so.0.1.0 ../../../GridKit/Utilities/CliArgs/libgridkit_utilities_cli_args.so.0.1.0 ../../../GridKit/Utilities/Logger/libgridkit_utilities_logger.so.0.1.0
make[2]: Leaving directory '/home/isatkaus/gridkit/build'
[ 84%] Built target test_phasor_gen_classical
[ 84%] Linking CXX executable test_phasor_exciter_ieeet1
cd /home/isatkaus/gridkit/build/tests/UnitTests/PhasorDynamics && /nopt/nrel/apps/cpu_stack/utilities/06-24/linux-rhel8-sapphirerapids/gcc-12.3.0/cmake-3.29.2-6n4msmc4aewj7wyi6b5g644vjrqyqgot/bin/cmake -E cmake_link_script CMakeFiles/test_phasor_exciter_ieeet1.dir/link.txt --verbose=1
/nopt/nrel/apps/cpu_stack/software/gridkit/llvm/16.0.6/bin/clang++ --gcc-toolchain=/nopt/nrel/apps/cpu_stack/compilers/06-24/linux-rhel8-sapphirerapids/gcc-12.3.0/gcc-13.1.0-bmut2ysomhthj6y7oyc73c3cmxye57am -Wall -Wextra -Wconversion -Wpedantic -O2 -g -DNDEBUG -Wl,-rpath,/nopt/nrel/apps/cpu_stack/compilers/06-24/linux-rhel8-sapphirerapids/gcc-12.3.0/gcc-13.1.0-bmut2ysomhthj6y7oyc73c3cmxye57am/lib/gcc/x86_64-pc-linux-gnu/13.1.0/../../../../lib64 -Wl,-rpath,/nopt/nrel/apps/cpu_stack/libraries-gcc/06-24/linux-rhel8-sapphirerapids/gcc-12.3.0/netlib-lapack-3.11.0-abk4uhd5cyrfnhh67bcdhyt6fulibezx/lib64 CMakeFiles/test_phasor_exciter_ieeet1.dir/runExciterIeeet1Tests.cpp.o -o test_phasor_exciter_ieeet1  -Wl,-rpath,/home/isatkaus/gridkit/build/GridKit/Testing:/home/isatkaus/gridkit/build/GridKit/Model/PhasorDynamics/Branch:/home/isatkaus/gridkit/build/GridKit/Model/PhasorDynamics/Bus:/home/isatkaus/gridkit/build/GridKit/Model/PhasorDynamics/BusFault:/home/isatkaus/gridkit/build/GridKit/Model/PhasorDynamics/BusToSignalAdapter:/home/isatkaus/gridkit/build/GridKit/Model/PhasorDynamics/Exciter/IEEET1:/home/isatkaus/gridkit/build/GridKit/Model/PhasorDynamics/Exciter/SEXS-PTI:/home/isatkaus/gridkit/build/GridKit/Model/PhasorDynamics/Governor/Tgov1:/home/isatkaus/gridkit/build/GridKit/Model/PhasorDynamics/Load/LoadZ:/home/isatkaus/gridkit/build/GridKit/Model/PhasorDynamics/Load/LoadZIP:/home/isatkaus/gridkit/build/GridKit/Model/PhasorDynamics/SignalSource:/home/isatkaus/gridkit/build/GridKit/Model/PhasorDynamics/Stabilizer/IEEEST:/home/isatkaus/gridkit/build/GridKit/Model/PhasorDynamics/SynchronousMachine/GENROU:/home/isatkaus/gridkit/build/GridKit/Model/PhasorDynamics/SynchronousMachine/GENSAL:/home/isatkaus/gridkit/build/GridKit/Model/PhasorDynamics/SignalNode:/home/isatkaus/gridkit/build/GridKit/Model/PhasorDynamics/SynchronousMachine/GenClassical:/home/isatkaus/gridkit/build/GridKit/LinearAlgebra/SparseMatrix:/home/isatkaus/gridkit/build/GridKit/Utilities/CliArgs:/home/isatkaus/gridkit/build/GridKit/Utilities/Logger: ../../../GridKit/Testing/libgridkit_testing.so.0.1.0 ../../../GridKit/Model/PhasorDynamics/Branch/libgridkit_phasor_dynamics_branch.so.0.1.0 ../../../GridKit/Model/PhasorDynamics/Bus/libgridkit_phasor_dynamics_bus.so.0.1.0 ../../../GridKit/Model/PhasorDynamics/BusFault/libgridkit_phasor_dynamics_bus_fault.so.0.1.0 ../../../GridKit/Model/PhasorDynamics/BusToSignalAdapter/libgridkit_phasor_dynamics_bustosignaladapter.so.0.1.0 ../../../GridKit/Model/PhasorDynamics/Exciter/IEEET1/libgridkit_phasor_dynamics_exciter_ieeet1.so.0.1.0 ../../../GridKit/Model/PhasorDynamics/Exciter/SEXS-PTI/libgridkit_phasor_dynamics_exciter_sexspti.so.0.1.0 ../../../GridKit/Model/PhasorDynamics/Governor/Tgov1/libgridkit_phasor_dynamics_governor_tgov1.so.0.1.0 ../../../GridKit/Model/PhasorDynamics/Load/LoadZ/libgridkit_phasor_dynamics_loadz.so.0.1.0 ../../../GridKit/Model/PhasorDynamics/Load/LoadZIP/libgridkit_phasor_dynamics_loadzip.so.0.1.0 ../../../GridKit/Model/PhasorDynamics/SignalSource/libgridkit_phasor_dynamics_signalsource.so.0.1.0 ../../../GridKit/Model/PhasorDynamics/Stabilizer/IEEEST/libgridkit_phasor_dynamics_stabilizer_ieeest.so.0.1.0 ../../../GridKit/Model/PhasorDynamics/SynchronousMachine/GENROU/libgridkit_phasor_dynamics_genrou.so.0.1.0 ../../../GridKit/Model/PhasorDynamics/SynchronousMachine/GENSAL/libgridkit_phasor_dynamics_gensal.so.0.1.0 ../../../GridKit/Model/PhasorDynamics/SignalNode/libgridkit_phasor_dynamics_signal.so.0.1.0 ../../../GridKit/Model/PhasorDynamics/SynchronousMachine/GenClassical/libgridkit_phasor_dynamics_gen_classical.so.0.1.0 ../../../GridKit/Model/PhasorDynamics/Branch/libgridkit_phasor_dynamics_branch_dependency_tracking.so.0.1.0 ../../../GridKit/Model/PhasorDynamics/Bus/libgridkit_phasor_dynamics_bus_dependency_tracking.so.0.1.0 ../../../GridKit/Model/PhasorDynamics/BusFault/libgridkit_phasor_dynamics_bus_fault_dependency_tracking.so.0.1.0 ../../../GridKit/Model/PhasorDynamics/BusToSignalAdapter/libgridkit_phasor_dynamics_bustosignaladapter_dependency_tracking.so.0.1.0 ../../../GridKit/Model/PhasorDynamics/Exciter/IEEET1/libgridkit_phasor_dynamics_exciter_ieeet1_dependency_tracking.so.0.1.0 ../../../GridKit/Model/PhasorDynamics/Exciter/SEXS-PTI/libgridkit_phasor_dynamics_exciter_sexspti_dependency_tracking.so.0.1.0 ../../../GridKit/Model/PhasorDynamics/Governor/Tgov1/libgridkit_phasor_dynamics_governor_tgov1_dependency_tracking.so.0.1.0 ../../../GridKit/Model/PhasorDynamics/Load/LoadZ/libgridkit_phasor_dynamics_loadz_dependency_tracking.so.0.1.0 ../../../GridKit/Model/PhasorDynamics/Load/LoadZIP/libgridkit_phasor_dynamics_loadzip_dependency_tracking.so.0.1.0 ../../../GridKit/Model/PhasorDynamics/SignalSource/libgridkit_phasor_dynamics_signalsource_dependency_tracking.so.0.1.0 ../../../GridKit/Model/PhasorDynamics/Stabilizer/IEEEST/libgridkit_phasor_dynamics_stabilizer_ieeest_dependency_tracking.so.0.1.0 ../../../GridKit/Model/PhasorDynamics/SynchronousMachine/GENROU/libgridkit_phasor_dynamics_genrou_dependency_tracking.so.0.1.0 ../../../GridKit/Model/PhasorDynamics/SynchronousMachine/GENSAL/libgridkit_phasor_dynamics_gensal_dependency_tracking.so.0.1.0 ../../../GridKit/Model/PhasorDynamics/SignalNode/libgridkit_phasor_dynamics_signal_dependency_tracking.so.0.1.0 ../../../GridKit/Model/PhasorDynamics/SynchronousMachine/GenClassical/libgridkit_phasor_dynamics_gen_classical_dependency_tracking.so.0.1.0 ../../../GridKit/LinearAlgebra/SparseMatrix/libgridkit_sparse_matrix.so.0.1.0 ../../../GridKit/Utilities/CliArgs/libgridkit_utilities_cli_args.so.0.1.0 ../../../GridKit/Utilities/Logger/libgridkit_utilities_logger.so.0.1.0
make[2]: Leaving directory '/home/isatkaus/gridkit/build'
[ 84%] Built target test_phasor_exciter_ieeet1
[ 84%] Linking CXX executable test_phasor_gensal
cd /home/isatkaus/gridkit/build/tests/UnitTests/PhasorDynamics && /nopt/nrel/apps/cpu_stack/utilities/06-24/linux-rhel8-sapphirerapids/gcc-12.3.0/cmake-3.29.2-6n4msmc4aewj7wyi6b5g644vjrqyqgot/bin/cmake -E cmake_link_script CMakeFiles/test_phasor_gensal.dir/link.txt --verbose=1
/nopt/nrel/apps/cpu_stack/software/gridkit/llvm/16.0.6/bin/clang++ --gcc-toolchain=/nopt/nrel/apps/cpu_stack/compilers/06-24/linux-rhel8-sapphirerapids/gcc-12.3.0/gcc-13.1.0-bmut2ysomhthj6y7oyc73c3cmxye57am -Wall -Wextra -Wconversion -Wpedantic -O2 -g -DNDEBUG -Wl,-rpath,/nopt/nrel/apps/cpu_stack/compilers/06-24/linux-rhel8-sapphirerapids/gcc-12.3.0/gcc-13.1.0-bmut2ysomhthj6y7oyc73c3cmxye57am/lib/gcc/x86_64-pc-linux-gnu/13.1.0/../../../../lib64 -Wl,-rpath,/nopt/nrel/apps/cpu_stack/libraries-gcc/06-24/linux-rhel8-sapphirerapids/gcc-12.3.0/netlib-lapack-3.11.0-abk4uhd5cyrfnhh67bcdhyt6fulibezx/lib64 CMakeFiles/test_phasor_gensal.dir/runGensalTests.cpp.o -o test_phasor_gensal  -Wl,-rpath,/home/isatkaus/gridkit/build/GridKit/Model/PhasorDynamics/SynchronousMachine/GENSAL:/home/isatkaus/gridkit/build/GridKit/Model/PhasorDynamics/Bus:/home/isatkaus/gridkit/build/GridKit/Testing:/home/isatkaus/gridkit/build/GridKit/Model/PhasorDynamics/SignalNode:/home/isatkaus/gridkit/build/GridKit/LinearAlgebra/SparseMatrix:/home/isatkaus/gridkit/build/GridKit/Utilities/CliArgs:/home/isatkaus/gridkit/build/GridKit/Utilities/Logger: ../../../GridKit/Model/PhasorDynamics/SynchronousMachine/GENSAL/libgridkit_phasor_dynamics_gensal.so.0.1.0 ../../../GridKit/Model/PhasorDynamics/SynchronousMachine/GENSAL/libgridkit_phasor_dynamics_gensal_dependency_tracking.so.0.1.0 ../../../GridKit/Model/PhasorDynamics/Bus/libgridkit_phasor_dynamics_bus.so.0.1.0 ../../../GridKit/Model/PhasorDynamics/Bus/libgridkit_phasor_dynamics_bus_dependency_tracking.so.0.1.0 ../../../GridKit/Testing/libgridkit_testing.so.0.1.0 ../../../GridKit/Model/PhasorDynamics/SignalNode/libgridkit_phasor_dynamics_signal.so.0.1.0 ../../../GridKit/Model/PhasorDynamics/SignalNode/libgridkit_phasor_dynamics_signal_dependency_tracking.so.0.1.0 ../../../GridKit/LinearAlgebra/SparseMatrix/libgridkit_sparse_matrix.so.0.1.0 ../../../GridKit/Utilities/CliArgs/libgridkit_utilities_cli_args.so.0.1.0 ../../../GridKit/Utilities/Logger/libgridkit_utilities_logger.so.0.1.0
[ 84%] Linking CXX executable test_phasor_governor_tgov1
cd /home/isatkaus/gridkit/build/tests/UnitTests/PhasorDynamics && /nopt/nrel/apps/cpu_stack/utilities/06-24/linux-rhel8-sapphirerapids/gcc-12.3.0/cmake-3.29.2-6n4msmc4aewj7wyi6b5g644vjrqyqgot/bin/cmake -E cmake_link_script CMakeFiles/test_phasor_governor_tgov1.dir/link.txt --verbose=1
/nopt/nrel/apps/cpu_stack/software/gridkit/llvm/16.0.6/bin/clang++ --gcc-toolchain=/nopt/nrel/apps/cpu_stack/compilers/06-24/linux-rhel8-sapphirerapids/gcc-12.3.0/gcc-13.1.0-bmut2ysomhthj6y7oyc73c3cmxye57am -Wall -Wextra -Wconversion -Wpedantic -O2 -g -DNDEBUG -Wl,-rpath,/nopt/nrel/apps/cpu_stack/compilers/06-24/linux-rhel8-sapphirerapids/gcc-12.3.0/gcc-13.1.0-bmut2ysomhthj6y7oyc73c3cmxye57am/lib/gcc/x86_64-pc-linux-gnu/13.1.0/../../../../lib64 -Wl,-rpath,/nopt/nrel/apps/cpu_stack/libraries-gcc/06-24/linux-rhel8-sapphirerapids/gcc-12.3.0/netlib-lapack-3.11.0-abk4uhd5cyrfnhh67bcdhyt6fulibezx/lib64 CMakeFiles/test_phasor_governor_tgov1.dir/runGovernorTgov1Tests.cpp.o -o test_phasor_governor_tgov1  -Wl,-rpath,/home/isatkaus/gridkit/build/GridKit/Model/PhasorDynamics/SynchronousMachine/GENROU:/home/isatkaus/gridkit/build/GridKit/Model/PhasorDynamics/Governor/Tgov1:/home/isatkaus/gridkit/build/GridKit/Model/PhasorDynamics/SignalNode:/home/isatkaus/gridkit/build/GridKit/Model/PhasorDynamics/Bus:/home/isatkaus/gridkit/build/GridKit/Testing:/home/isatkaus/gridkit/build/GridKit/LinearAlgebra/SparseMatrix:/home/isatkaus/gridkit/build/GridKit/Utilities/CliArgs:/home/isatkaus/gridkit/build/GridKit/Utilities/Logger: ../../../GridKit/Model/PhasorDynamics/SynchronousMachine/GENROU/libgridkit_phasor_dynamics_genrou.so.0.1.0 ../../../GridKit/Model/PhasorDynamics/SynchronousMachine/GENROU/libgridkit_phasor_dynamics_genrou_dependency_tracking.so.0.1.0 ../../../GridKit/Model/PhasorDynamics/Governor/Tgov1/libgridkit_phasor_dynamics_governor_tgov1.so.0.1.0 ../../../GridKit/Model/PhasorDynamics/Governor/Tgov1/libgridkit_phasor_dynamics_governor_tgov1_dependency_tracking.so.0.1.0 ../../../GridKit/Model/PhasorDynamics/SignalNode/libgridkit_phasor_dynamics_signal.so.0.1.0 ../../../GridKit/Model/PhasorDynamics/Bus/libgridkit_phasor_dynamics_bus.so.0.1.0 ../../../GridKit/Model/PhasorDynamics/Bus/libgridkit_phasor_dynamics_bus_dependency_tracking.so.0.1.0 ../../../GridKit/Testing/libgridkit_testing.so.0.1.0 ../../../GridKit/Model/PhasorDynamics/SignalNode/libgridkit_phasor_dynamics_signal_dependency_tracking.so.0.1.0 ../../../GridKit/LinearAlgebra/SparseMatrix/libgridkit_sparse_matrix.so.0.1.0 ../../../GridKit/Utilities/CliArgs/libgridkit_utilities_cli_args.so.0.1.0 ../../../GridKit/Utilities/Logger/libgridkit_utilities_logger.so.0.1.0
[ 84%] Linking CXX executable test_phasor_genrou
cd /home/isatkaus/gridkit/build/tests/UnitTests/PhasorDynamics && /nopt/nrel/apps/cpu_stack/utilities/06-24/linux-rhel8-sapphirerapids/gcc-12.3.0/cmake-3.29.2-6n4msmc4aewj7wyi6b5g644vjrqyqgot/bin/cmake -E cmake_link_script CMakeFiles/test_phasor_genrou.dir/link.txt --verbose=1
/nopt/nrel/apps/cpu_stack/software/gridkit/llvm/16.0.6/bin/clang++ --gcc-toolchain=/nopt/nrel/apps/cpu_stack/compilers/06-24/linux-rhel8-sapphirerapids/gcc-12.3.0/gcc-13.1.0-bmut2ysomhthj6y7oyc73c3cmxye57am -Wall -Wextra -Wconversion -Wpedantic -O2 -g -DNDEBUG -Wl,-rpath,/nopt/nrel/apps/cpu_stack/compilers/06-24/linux-rhel8-sapphirerapids/gcc-12.3.0/gcc-13.1.0-bmut2ysomhthj6y7oyc73c3cmxye57am/lib/gcc/x86_64-pc-linux-gnu/13.1.0/../../../../lib64 -Wl,-rpath,/nopt/nrel/apps/cpu_stack/libraries-gcc/06-24/linux-rhel8-sapphirerapids/gcc-12.3.0/netlib-lapack-3.11.0-abk4uhd5cyrfnhh67bcdhyt6fulibezx/lib64 CMakeFiles/test_phasor_genrou.dir/runGenrouTests.cpp.o -o test_phasor_genrou  -Wl,-rpath,/home/isatkaus/gridkit/build/GridKit/Model/PhasorDynamics/SynchronousMachine/GENROU:/home/isatkaus/gridkit/build/GridKit/Model/PhasorDynamics/Bus:/home/isatkaus/gridkit/build/GridKit/Testing:/home/isatkaus/gridkit/build/GridKit/Model/PhasorDynamics/SignalNode:/home/isatkaus/gridkit/build/GridKit/LinearAlgebra/SparseMatrix:/home/isatkaus/gridkit/build/GridKit/Utilities/CliArgs:/home/isatkaus/gridkit/build/GridKit/Utilities/Logger: ../../../GridKit/Model/PhasorDynamics/SynchronousMachine/GENROU/libgridkit_phasor_dynamics_genrou.so.0.1.0 ../../../GridKit/Model/PhasorDynamics/SynchronousMachine/GENROU/libgridkit_phasor_dynamics_genrou_dependency_tracking.so.0.1.0 ../../../GridKit/Model/PhasorDynamics/Bus/libgridkit_phasor_dynamics_bus.so.0.1.0 ../../../GridKit/Model/PhasorDynamics/Bus/libgridkit_phasor_dynamics_bus_dependency_tracking.so.0.1.0 ../../../GridKit/Testing/libgridkit_testing.so.0.1.0 ../../../GridKit/Model/PhasorDynamics/SignalNode/libgridkit_phasor_dynamics_signal.so.0.1.0 ../../../GridKit/Model/PhasorDynamics/SignalNode/libgridkit_phasor_dynamics_signal_dependency_tracking.so.0.1.0 ../../../GridKit/LinearAlgebra/SparseMatrix/libgridkit_sparse_matrix.so.0.1.0 ../../../GridKit/Utilities/CliArgs/libgridkit_utilities_cli_args.so.0.1.0 ../../../GridKit/Utilities/Logger/libgridkit_utilities_logger.so.0.1.0
make[2]: Leaving directory '/home/isatkaus/gridkit/build'
[ 84%] Built target test_phasor_gensal
make[2]: Leaving directory '/home/isatkaus/gridkit/build'
[ 84%] Built target test_phasor_governor_tgov1
make[2]: Leaving directory '/home/isatkaus/gridkit/build'
[ 84%] Built target test_phasor_genrou
[ 84%] Linking CXX shared library libgridkit_phasor_dynamics_systemmodel_dependency_tracking.so
cd /home/isatkaus/gridkit/build/GridKit/Model/PhasorDynamics && /nopt/nrel/apps/cpu_stack/utilities/06-24/linux-rhel8-sapphirerapids/gcc-12.3.0/cmake-3.29.2-6n4msmc4aewj7wyi6b5g644vjrqyqgot/bin/cmake -E cmake_link_script CMakeFiles/phasor_dynamics_systemmodel_dependency_tracking.dir/link.txt --verbose=1
/nopt/nrel/apps/cpu_stack/software/gridkit/llvm/16.0.6/bin/clang++ -fPIC --gcc-toolchain=/nopt/nrel/apps/cpu_stack/compilers/06-24/linux-rhel8-sapphirerapids/gcc-12.3.0/gcc-13.1.0-bmut2ysomhthj6y7oyc73c3cmxye57am -Wall -Wextra -Wconversion -Wpedantic -O2 -g -DNDEBUG -Wl,-rpath,/nopt/nrel/apps/cpu_stack/compilers/06-24/linux-rhel8-sapphirerapids/gcc-12.3.0/gcc-13.1.0-bmut2ysomhthj6y7oyc73c3cmxye57am/lib/gcc/x86_64-pc-linux-gnu/13.1.0/../../../../lib64 -Wl,-rpath,/nopt/nrel/apps/cpu_stack/libraries-gcc/06-24/linux-rhel8-sapphirerapids/gcc-12.3.0/netlib-lapack-3.11.0-abk4uhd5cyrfnhh67bcdhyt6fulibezx/lib64 -shared -Wl,-soname,libgridkit_phasor_dynamics_systemmodel_dependency_tracking.so.0 -o libgridkit_phasor_dynamics_systemmodel_dependency_tracking.so.0.1.0 CMakeFiles/phasor_dynamics_systemmodel_dependency_tracking.dir/SystemModelDependencyTracking.cpp.o  -Wl,-rpath,/home/isatkaus/gridkit/build/GridKit/Model/PhasorDynamics/Branch:/home/isatkaus/gridkit/build/GridKit/Model/PhasorDynamics/Bus:/home/isatkaus/gridkit/build/GridKit/Model/PhasorDynamics/BusFault:/home/isatkaus/gridkit/build/GridKit/Model/PhasorDynamics/BusToSignalAdapter:/home/isatkaus/gridkit/build/GridKit/Model/PhasorDynamics/Exciter/IEEET1:/home/isatkaus/gridkit/build/GridKit/Model/PhasorDynamics/Exciter/SEXS-PTI:/home/isatkaus/gridkit/build/GridKit/Model/PhasorDynamics/Governor/Tgov1:/home/isatkaus/gridkit/build/GridKit/Model/PhasorDynamics/Load/LoadZ:/home/isatkaus/gridkit/build/GridKit/Model/PhasorDynamics/Load/LoadZIP:/home/isatkaus/gridkit/build/GridKit/Model/PhasorDynamics/SignalSource:/home/isatkaus/gridkit/build/GridKit/Model/PhasorDynamics/Stabilizer/IEEEST:/home/isatkaus/gridkit/build/GridKit/Model/PhasorDynamics/SynchronousMachine/GENROU:/home/isatkaus/gridkit/build/GridKit/Model/PhasorDynamics/SynchronousMachine/GENSAL:/home/isatkaus/gridkit/build/GridKit/Model/PhasorDynamics/SignalNode:/home/isatkaus/gridkit/build/GridKit/Model/PhasorDynamics/SynchronousMachine/GenClassical:/home/isatkaus/gridkit/build/GridKit/Utilities/Logger:/home/isatkaus/gridkit/build/GridKit/LinearAlgebra/SparseMatrix: Branch/libgridkit_phasor_dynamics_branch_dependency_tracking.so.0.1.0 Bus/libgridkit_phasor_dynamics_bus_dependency_tracking.so.0.1.0 BusFault/libgridkit_phasor_dynamics_bus_fault_dependency_tracking.so.0.1.0 BusToSignalAdapter/libgridkit_phasor_dynamics_bustosignaladapter_dependency_tracking.so.0.1.0 Exciter/IEEET1/libgridkit_phasor_dynamics_exciter_ieeet1_dependency_tracking.so.0.1.0 Exciter/SEXS-PTI/libgridkit_phasor_dynamics_exciter_sexspti_dependency_tracking.so.0.1.0 Governor/Tgov1/libgridkit_phasor_dynamics_governor_tgov1_dependency_tracking.so.0.1.0 Load/LoadZ/libgridkit_phasor_dynamics_loadz_dependency_tracking.so.0.1.0 Load/LoadZIP/libgridkit_phasor_dynamics_loadzip_dependency_tracking.so.0.1.0 SignalSource/libgridkit_phasor_dynamics_signalsource_dependency_tracking.so.0.1.0 Stabilizer/IEEEST/libgridkit_phasor_dynamics_stabilizer_ieeest_dependency_tracking.so.0.1.0 SynchronousMachine/GENROU/libgridkit_phasor_dynamics_genrou_dependency_tracking.so.0.1.0 SynchronousMachine/GENSAL/libgridkit_phasor_dynamics_gensal_dependency_tracking.so.0.1.0 SignalNode/libgridkit_phasor_dynamics_signal_dependency_tracking.so.0.1.0 SynchronousMachine/GenClassical/libgridkit_phasor_dynamics_gen_classical_dependency_tracking.so.0.1.0 ../../Utilities/Logger/libgridkit_utilities_logger.so.0.1.0 ../../LinearAlgebra/SparseMatrix/libgridkit_sparse_matrix.so.0.1.0
cd /home/isatkaus/gridkit/build/GridKit/Model/PhasorDynamics && /nopt/nrel/apps/cpu_stack/utilities/06-24/linux-rhel8-sapphirerapids/gcc-12.3.0/cmake-3.29.2-6n4msmc4aewj7wyi6b5g644vjrqyqgot/bin/cmake -E cmake_symlink_library libgridkit_phasor_dynamics_systemmodel_dependency_tracking.so.0.1.0 libgridkit_phasor_dynamics_systemmodel_dependency_tracking.so.0 libgridkit_phasor_dynamics_systemmodel_dependency_tracking.so
make[2]: Leaving directory '/home/isatkaus/gridkit/build'
[ 84%] Built target phasor_dynamics_systemmodel_dependency_tracking
[ 85%] Linking CXX shared library libgridkit_phasor_dynamics_systemmodel.so
cd /home/isatkaus/gridkit/build/GridKit/Model/PhasorDynamics && /nopt/nrel/apps/cpu_stack/utilities/06-24/linux-rhel8-sapphirerapids/gcc-12.3.0/cmake-3.29.2-6n4msmc4aewj7wyi6b5g644vjrqyqgot/bin/cmake -E cmake_link_script CMakeFiles/phasor_dynamics_systemmodel.dir/link.txt --verbose=1
/nopt/nrel/apps/cpu_stack/software/gridkit/llvm/16.0.6/bin/clang++ -fPIC --gcc-toolchain=/nopt/nrel/apps/cpu_stack/compilers/06-24/linux-rhel8-sapphirerapids/gcc-12.3.0/gcc-13.1.0-bmut2ysomhthj6y7oyc73c3cmxye57am -Wall -Wextra -Wconversion -Wpedantic -O2 -g -DNDEBUG -Wl,-rpath,/nopt/nrel/apps/cpu_stack/compilers/06-24/linux-rhel8-sapphirerapids/gcc-12.3.0/gcc-13.1.0-bmut2ysomhthj6y7oyc73c3cmxye57am/lib/gcc/x86_64-pc-linux-gnu/13.1.0/../../../../lib64 -Wl,-rpath,/nopt/nrel/apps/cpu_stack/libraries-gcc/06-24/linux-rhel8-sapphirerapids/gcc-12.3.0/netlib-lapack-3.11.0-abk4uhd5cyrfnhh67bcdhyt6fulibezx/lib64 -shared -Wl,-soname,libgridkit_phasor_dynamics_systemmodel.so.0 -o libgridkit_phasor_dynamics_systemmodel.so.0.1.0 CMakeFiles/phasor_dynamics_systemmodel.dir/SystemModel.cpp.o CMakeFiles/phasor_dynamics_systemmodel.dir/SystemModelData.cpp.o  -Wl,-rpath,/home/isatkaus/gridkit/build/GridKit/Model/PhasorDynamics/Branch:/home/isatkaus/gridkit/build/GridKit/Model/PhasorDynamics/Bus:/home/isatkaus/gridkit/build/GridKit/Model/PhasorDynamics/BusFault:/home/isatkaus/gridkit/build/GridKit/Model/PhasorDynamics/BusToSignalAdapter:/home/isatkaus/gridkit/build/GridKit/Model/PhasorDynamics/Exciter/IEEET1:/home/isatkaus/gridkit/build/GridKit/Model/PhasorDynamics/Exciter/SEXS-PTI:/home/isatkaus/gridkit/build/GridKit/Model/PhasorDynamics/Governor/Tgov1:/home/isatkaus/gridkit/build/GridKit/Model/PhasorDynamics/Load/LoadZ:/home/isatkaus/gridkit/build/GridKit/Model/PhasorDynamics/Load/LoadZIP:/home/isatkaus/gridkit/build/GridKit/Model/PhasorDynamics/SignalSource:/home/isatkaus/gridkit/build/GridKit/Model/PhasorDynamics/Stabilizer/IEEEST:/home/isatkaus/gridkit/build/GridKit/Model/PhasorDynamics/SynchronousMachine/GENROU:/home/isatkaus/gridkit/build/GridKit/Model/PhasorDynamics/SynchronousMachine/GENSAL:/home/isatkaus/gridkit/build/GridKit/Model/PhasorDynamics/SignalNode:/home/isatkaus/gridkit/build/GridKit/Model/PhasorDynamics/SynchronousMachine/GenClassical:/home/isatkaus/gridkit/build/GridKit/Utilities/Logger:/home/isatkaus/gridkit/build/GridKit/LinearAlgebra/SparseMatrix: Branch/libgridkit_phasor_dynamics_branch.so.0.1.0 Bus/libgridkit_phasor_dynamics_bus.so.0.1.0 BusFault/libgridkit_phasor_dynamics_bus_fault.so.0.1.0 BusToSignalAdapter/libgridkit_phasor_dynamics_bustosignaladapter.so.0.1.0 Exciter/IEEET1/libgridkit_phasor_dynamics_exciter_ieeet1.so.0.1.0 Exciter/SEXS-PTI/libgridkit_phasor_dynamics_exciter_sexspti.so.0.1.0 Governor/Tgov1/libgridkit_phasor_dynamics_governor_tgov1.so.0.1.0 Load/LoadZ/libgridkit_phasor_dynamics_loadz.so.0.1.0 Load/LoadZIP/libgridkit_phasor_dynamics_loadzip.so.0.1.0 SignalSource/libgridkit_phasor_dynamics_signalsource.so.0.1.0 Stabilizer/IEEEST/libgridkit_phasor_dynamics_stabilizer_ieeest.so.0.1.0 SynchronousMachine/GENROU/libgridkit_phasor_dynamics_genrou.so.0.1.0 SynchronousMachine/GENSAL/libgridkit_phasor_dynamics_gensal.so.0.1.0 SignalNode/libgridkit_phasor_dynamics_signal.so.0.1.0 SynchronousMachine/GenClassical/libgridkit_phasor_dynamics_gen_classical.so.0.1.0 ../../Utilities/Logger/libgridkit_utilities_logger.so.0.1.0 ../../LinearAlgebra/SparseMatrix/libgridkit_sparse_matrix.so.0.1.0
cd /home/isatkaus/gridkit/build/GridKit/Model/PhasorDynamics && /nopt/nrel/apps/cpu_stack/utilities/06-24/linux-rhel8-sapphirerapids/gcc-12.3.0/cmake-3.29.2-6n4msmc4aewj7wyi6b5g644vjrqyqgot/bin/cmake -E cmake_symlink_library libgridkit_phasor_dynamics_systemmodel.so.0.1.0 libgridkit_phasor_dynamics_systemmodel.so.0 libgridkit_phasor_dynamics_systemmodel.so
make[2]: Leaving directory '/home/isatkaus/gridkit/build'
[ 85%] Built target phasor_dynamics_systemmodel
make  -f application/PhasorDynamics/CMakeFiles/DynamicSimulation.dir/build.make application/PhasorDynamics/CMakeFiles/DynamicSimulation.dir/depend
make  -f application/PhasorDynamics/CMakeFiles/ContingencyAnalysis.dir/build.make application/PhasorDynamics/CMakeFiles/ContingencyAnalysis.dir/depend
make  -f examples/PhasorDynamics/Tiny/TwoBus/Basic/CMakeFiles/TwoBusBasic.dir/build.make examples/PhasorDynamics/Tiny/TwoBus/Basic/CMakeFiles/TwoBusBasic.dir/depend
make  -f examples/PhasorDynamics/Tiny/TwoBus/Basic/CMakeFiles/TwoBusBasicJson.dir/build.make examples/PhasorDynamics/Tiny/TwoBus/Basic/CMakeFiles/TwoBusBasicJson.dir/depend
make  -f examples/PhasorDynamics/Tiny/TwoBus/Tgov1/CMakeFiles/TwoBusTgov1.dir/build.make examples/PhasorDynamics/Tiny/TwoBus/Tgov1/CMakeFiles/TwoBusTgov1.dir/depend
make  -f examples/PhasorDynamics/Tiny/TwoBus/Tgov1/CMakeFiles/TwoBusTgov1Json.dir/build.make examples/PhasorDynamics/Tiny/TwoBus/Tgov1/CMakeFiles/TwoBusTgov1Json.dir/depend
make  -f examples/PhasorDynamics/Tiny/TwoBus/Ieeet1/CMakeFiles/TwoBusIeeet1.dir/build.make examples/PhasorDynamics/Tiny/TwoBus/Ieeet1/CMakeFiles/TwoBusIeeet1.dir/depend
make  -f examples/PhasorDynamics/Tiny/TwoBus/Ieeet1/CMakeFiles/TwoBusIeeet1Json.dir/build.make examples/PhasorDynamics/Tiny/TwoBus/Ieeet1/CMakeFiles/TwoBusIeeet1Json.dir/depend
make  -f examples/PhasorDynamics/Tiny/ThreeBus/Basic/CMakeFiles/ThreeBusBasic.dir/build.make examples/PhasorDynamics/Tiny/ThreeBus/Basic/CMakeFiles/ThreeBusBasic.dir/depend
make  -f examples/PhasorDynamics/Tiny/ThreeBus/Basic/CMakeFiles/ThreeBusBasicJson.dir/build.make examples/PhasorDynamics/Tiny/ThreeBus/Basic/CMakeFiles/ThreeBusBasicJson.dir/depend
make  -f examples/PhasorDynamics/Tiny/ThreeBus/Classical/CMakeFiles/ThreeBusClassical.dir/build.make examples/PhasorDynamics/Tiny/ThreeBus/Classical/CMakeFiles/ThreeBusClassical.dir/depend
make  -f examples/PhasorDynamics/Tiny/ThreeBus/Classical/CMakeFiles/ThreeBusClassicalJson.dir/build.make examples/PhasorDynamics/Tiny/ThreeBus/Classical/CMakeFiles/ThreeBusClassicalJson.dir/depend
make  -f examples/PhasorDynamics/Tiny/ThreeBus/ZipLoad/CMakeFiles/ThreeBusZipLoadJson.dir/build.make examples/PhasorDynamics/Tiny/ThreeBus/ZipLoad/CMakeFiles/ThreeBusZipLoadJson.dir/depend
make  -f examples/PhasorDynamics/Small/TenGen/Classical/CMakeFiles/TenGenClassical.dir/build.make examples/PhasorDynamics/Small/TenGen/Classical/CMakeFiles/TenGenClassical.dir/depend
make  -f examples/PhasorDynamics/Small/TenGen/Genrou/CMakeFiles/TenGenGenrou.dir/build.make examples/PhasorDynamics/Small/TenGen/Genrou/CMakeFiles/TenGenGenrou.dir/depend
make  -f tests/UnitTests/PhasorDynamics/CMakeFiles/test_phasor_exciter_sexspti.dir/build.make tests/UnitTests/PhasorDynamics/CMakeFiles/test_phasor_exciter_sexspti.dir/depend
make  -f tests/UnitTests/PhasorDynamics/CMakeFiles/test_phasor_system.dir/build.make tests/UnitTests/PhasorDynamics/CMakeFiles/test_phasor_system.dir/depend
make[2]: Entering directory '/home/isatkaus/gridkit/build'
cd /home/isatkaus/gridkit/build && /nopt/nrel/apps/cpu_stack/utilities/06-24/linux-rhel8-sapphirerapids/gcc-12.3.0/cmake-3.29.2-6n4msmc4aewj7wyi6b5g644vjrqyqgot/bin/cmake -E cmake_depends "Unix Makefiles" /home/isatkaus/gridkit /home/isatkaus/gridkit/application/PhasorDynamics /home/isatkaus/gridkit/build /home/isatkaus/gridkit/build/application/PhasorDynamics /home/isatkaus/gridkit/build/application/PhasorDynamics/CMakeFiles/DynamicSimulation.dir/DependInfo.cmake "--color="
make  -f tests/UnitTests/PhasorDynamics/CMakeFiles/test_phasor_system_single_component.dir/build.make tests/UnitTests/PhasorDynamics/CMakeFiles/test_phasor_system_single_component.dir/depend
make  -f tests/UnitTests/Utilities/CMakeFiles/test_case_format.dir/build.make tests/UnitTests/Utilities/CMakeFiles/test_case_format.dir/depend
make[2]: Entering directory '/home/isatkaus/gridkit/build'
cd /home/isatkaus/gridkit/build && /nopt/nrel/apps/cpu_stack/utilities/06-24/linux-rhel8-sapphirerapids/gcc-12.3.0/cmake-3.29.2-6n4msmc4aewj7wyi6b5g644vjrqyqgot/bin/cmake -E cmake_depends "Unix Makefiles" /home/isatkaus/gridkit /home/isatkaus/gridkit/application/PhasorDynamics /home/isatkaus/gridkit/build /home/isatkaus/gridkit/build/application/PhasorDynamics /home/isatkaus/gridkit/build/application/PhasorDynamics/CMakeFiles/ContingencyAnalysis.dir/DependInfo.cmake "--color="
make[2]: Entering directory '/home/isatkaus/gridkit/build'
cd /home/isatkaus/gridkit/build && /nopt/nrel/apps/cpu_stack/utilities/06-24/linux-rhel8-sapphirerapids/gcc-12.3.0/cmake-3.29.2-6n4msmc4aewj7wyi6b5g644vjrqyqgot/bin/cmake -E cmake_depends "Unix Makefiles" /home/isatkaus/gridkit /home/isatkaus/gridkit/examples/PhasorDynamics/Tiny/TwoBus/Basic /home/isatkaus/gridkit/build /home/isatkaus/gridkit/build/examples/PhasorDynamics/Tiny/TwoBus/Basic /home/isatkaus/gridkit/build/examples/PhasorDynamics/Tiny/TwoBus/Basic/CMakeFiles/TwoBusBasic.dir/DependInfo.cmake "--color="
make[2]: Entering directory '/home/isatkaus/gridkit/build'
cd /home/isatkaus/gridkit/build && /nopt/nrel/apps/cpu_stack/utilities/06-24/linux-rhel8-sapphirerapids/gcc-12.3.0/cmake-3.29.2-6n4msmc4aewj7wyi6b5g644vjrqyqgot/bin/cmake -E cmake_depends "Unix Makefiles" /home/isatkaus/gridkit /home/isatkaus/gridkit/examples/PhasorDynamics/Tiny/TwoBus/Basic /home/isatkaus/gridkit/build /home/isatkaus/gridkit/build/examples/PhasorDynamics/Tiny/TwoBus/Basic /home/isatkaus/gridkit/build/examples/PhasorDynamics/Tiny/TwoBus/Basic/CMakeFiles/TwoBusBasicJson.dir/DependInfo.cmake "--color="
make[2]: Entering directory '/home/isatkaus/gridkit/build'
cd /home/isatkaus/gridkit/build && /nopt/nrel/apps/cpu_stack/utilities/06-24/linux-rhel8-sapphirerapids/gcc-12.3.0/cmake-3.29.2-6n4msmc4aewj7wyi6b5g644vjrqyqgot/bin/cmake -E cmake_depends "Unix Makefiles" /home/isatkaus/gridkit /home/isatkaus/gridkit/examples/PhasorDynamics/Tiny/TwoBus/Tgov1 /home/isatkaus/gridkit/build /home/isatkaus/gridkit/build/examples/PhasorDynamics/Tiny/TwoBus/Tgov1 /home/isatkaus/gridkit/build/examples/PhasorDynamics/Tiny/TwoBus/Tgov1/CMakeFiles/TwoBusTgov1.dir/DependInfo.cmake "--color="
make[2]: Entering directory '/home/isatkaus/gridkit/build'
cd /home/isatkaus/gridkit/build && /nopt/nrel/apps/cpu_stack/utilities/06-24/linux-rhel8-sapphirerapids/gcc-12.3.0/cmake-3.29.2-6n4msmc4aewj7wyi6b5g644vjrqyqgot/bin/cmake -E cmake_depends "Unix Makefiles" /home/isatkaus/gridkit /home/isatkaus/gridkit/examples/PhasorDynamics/Tiny/TwoBus/Tgov1 /home/isatkaus/gridkit/build /home/isatkaus/gridkit/build/examples/PhasorDynamics/Tiny/TwoBus/Tgov1 /home/isatkaus/gridkit/build/examples/PhasorDynamics/Tiny/TwoBus/Tgov1/CMakeFiles/TwoBusTgov1Json.dir/DependInfo.cmake "--color="
make[2]: Entering directory '/home/isatkaus/gridkit/build'
cd /home/isatkaus/gridkit/build && /nopt/nrel/apps/cpu_stack/utilities/06-24/linux-rhel8-sapphirerapids/gcc-12.3.0/cmake-3.29.2-6n4msmc4aewj7wyi6b5g644vjrqyqgot/bin/cmake -E cmake_depends "Unix Makefiles" /home/isatkaus/gridkit /home/isatkaus/gridkit/examples/PhasorDynamics/Tiny/TwoBus/Ieeet1 /home/isatkaus/gridkit/build /home/isatkaus/gridkit/build/examples/PhasorDynamics/Tiny/TwoBus/Ieeet1 /home/isatkaus/gridkit/build/examples/PhasorDynamics/Tiny/TwoBus/Ieeet1/CMakeFiles/TwoBusIeeet1.dir/DependInfo.cmake "--color="
make[2]: Entering directory '/home/isatkaus/gridkit/build'
cd /home/isatkaus/gridkit/build && /nopt/nrel/apps/cpu_stack/utilities/06-24/linux-rhel8-sapphirerapids/gcc-12.3.0/cmake-3.29.2-6n4msmc4aewj7wyi6b5g644vjrqyqgot/bin/cmake -E cmake_depends "Unix Makefiles" /home/isatkaus/gridkit /home/isatkaus/gridkit/examples/PhasorDynamics/Tiny/TwoBus/Ieeet1 /home/isatkaus/gridkit/build /home/isatkaus/gridkit/build/examples/PhasorDynamics/Tiny/TwoBus/Ieeet1 /home/isatkaus/gridkit/build/examples/PhasorDynamics/Tiny/TwoBus/Ieeet1/CMakeFiles/TwoBusIeeet1Json.dir/DependInfo.cmake "--color="
make[2]: Entering directory '/home/isatkaus/gridkit/build'
cd /home/isatkaus/gridkit/build && /nopt/nrel/apps/cpu_stack/utilities/06-24/linux-rhel8-sapphirerapids/gcc-12.3.0/cmake-3.29.2-6n4msmc4aewj7wyi6b5g644vjrqyqgot/bin/cmake -E cmake_depends "Unix Makefiles" /home/isatkaus/gridkit /home/isatkaus/gridkit/examples/PhasorDynamics/Tiny/ThreeBus/Basic /home/isatkaus/gridkit/build /home/isatkaus/gridkit/build/examples/PhasorDynamics/Tiny/ThreeBus/Basic /home/isatkaus/gridkit/build/examples/PhasorDynamics/Tiny/ThreeBus/Basic/CMakeFiles/ThreeBusBasic.dir/DependInfo.cmake "--color="
make[2]: Entering directory '/home/isatkaus/gridkit/build'
cd /home/isatkaus/gridkit/build && /nopt/nrel/apps/cpu_stack/utilities/06-24/linux-rhel8-sapphirerapids/gcc-12.3.0/cmake-3.29.2-6n4msmc4aewj7wyi6b5g644vjrqyqgot/bin/cmake -E cmake_depends "Unix Makefiles" /home/isatkaus/gridkit /home/isatkaus/gridkit/examples/PhasorDynamics/Tiny/ThreeBus/Basic /home/isatkaus/gridkit/build /home/isatkaus/gridkit/build/examples/PhasorDynamics/Tiny/ThreeBus/Basic /home/isatkaus/gridkit/build/examples/PhasorDynamics/Tiny/ThreeBus/Basic/CMakeFiles/ThreeBusBasicJson.dir/DependInfo.cmake "--color="
make[2]: Entering directory '/home/isatkaus/gridkit/build'
cd /home/isatkaus/gridkit/build && /nopt/nrel/apps/cpu_stack/utilities/06-24/linux-rhel8-sapphirerapids/gcc-12.3.0/cmake-3.29.2-6n4msmc4aewj7wyi6b5g644vjrqyqgot/bin/cmake -E cmake_depends "Unix Makefiles" /home/isatkaus/gridkit /home/isatkaus/gridkit/examples/PhasorDynamics/Tiny/ThreeBus/Classical /home/isatkaus/gridkit/build /home/isatkaus/gridkit/build/examples/PhasorDynamics/Tiny/ThreeBus/Classical /home/isatkaus/gridkit/build/examples/PhasorDynamics/Tiny/ThreeBus/Classical/CMakeFiles/ThreeBusClassical.dir/DependInfo.cmake "--color="
make[2]: Entering directory '/home/isatkaus/gridkit/build'
cd /home/isatkaus/gridkit/build && /nopt/nrel/apps/cpu_stack/utilities/06-24/linux-rhel8-sapphirerapids/gcc-12.3.0/cmake-3.29.2-6n4msmc4aewj7wyi6b5g644vjrqyqgot/bin/cmake -E cmake_depends "Unix Makefiles" /home/isatkaus/gridkit /home/isatkaus/gridkit/examples/PhasorDynamics/Tiny/ThreeBus/Classical /home/isatkaus/gridkit/build /home/isatkaus/gridkit/build/examples/PhasorDynamics/Tiny/ThreeBus/Classical /home/isatkaus/gridkit/build/examples/PhasorDynamics/Tiny/ThreeBus/Classical/CMakeFiles/ThreeBusClassicalJson.dir/DependInfo.cmake "--color="
make[2]: Entering directory '/home/isatkaus/gridkit/build'
cd /home/isatkaus/gridkit/build && /nopt/nrel/apps/cpu_stack/utilities/06-24/linux-rhel8-sapphirerapids/gcc-12.3.0/cmake-3.29.2-6n4msmc4aewj7wyi6b5g644vjrqyqgot/bin/cmake -E cmake_depends "Unix Makefiles" /home/isatkaus/gridkit /home/isatkaus/gridkit/examples/PhasorDynamics/Tiny/ThreeBus/ZipLoad /home/isatkaus/gridkit/build /home/isatkaus/gridkit/build/examples/PhasorDynamics/Tiny/ThreeBus/ZipLoad /home/isatkaus/gridkit/build/examples/PhasorDynamics/Tiny/ThreeBus/ZipLoad/CMakeFiles/ThreeBusZipLoadJson.dir/DependInfo.cmake "--color="
make[2]: Entering directory '/home/isatkaus/gridkit/build'
cd /home/isatkaus/gridkit/build && /nopt/nrel/apps/cpu_stack/utilities/06-24/linux-rhel8-sapphirerapids/gcc-12.3.0/cmake-3.29.2-6n4msmc4aewj7wyi6b5g644vjrqyqgot/bin/cmake -E cmake_depends "Unix Makefiles" /home/isatkaus/gridkit /home/isatkaus/gridkit/examples/PhasorDynamics/Small/TenGen/Classical /home/isatkaus/gridkit/build /home/isatkaus/gridkit/build/examples/PhasorDynamics/Small/TenGen/Classical /home/isatkaus/gridkit/build/examples/PhasorDynamics/Small/TenGen/Classical/CMakeFiles/TenGenClassical.dir/DependInfo.cmake "--color="
make[2]: Entering directory '/home/isatkaus/gridkit/build'
cd /home/isatkaus/gridkit/build && /nopt/nrel/apps/cpu_stack/utilities/06-24/linux-rhel8-sapphirerapids/gcc-12.3.0/cmake-3.29.2-6n4msmc4aewj7wyi6b5g644vjrqyqgot/bin/cmake -E cmake_depends "Unix Makefiles" /home/isatkaus/gridkit /home/isatkaus/gridkit/examples/PhasorDynamics/Small/TenGen/Genrou /home/isatkaus/gridkit/build /home/isatkaus/gridkit/build/examples/PhasorDynamics/Small/TenGen/Genrou /home/isatkaus/gridkit/build/examples/PhasorDynamics/Small/TenGen/Genrou/CMakeFiles/TenGenGenrou.dir/DependInfo.cmake "--color="
make[2]: Entering directory '/home/isatkaus/gridkit/build'
cd /home/isatkaus/gridkit/build && /nopt/nrel/apps/cpu_stack/utilities/06-24/linux-rhel8-sapphirerapids/gcc-12.3.0/cmake-3.29.2-6n4msmc4aewj7wyi6b5g644vjrqyqgot/bin/cmake -E cmake_depends "Unix Makefiles" /home/isatkaus/gridkit /home/isatkaus/gridkit/tests/UnitTests/PhasorDynamics /home/isatkaus/gridkit/build /home/isatkaus/gridkit/build/tests/UnitTests/PhasorDynamics /home/isatkaus/gridkit/build/tests/UnitTests/PhasorDynamics/CMakeFiles/test_phasor_exciter_sexspti.dir/DependInfo.cmake "--color="
make[2]: Entering directory '/home/isatkaus/gridkit/build'
cd /home/isatkaus/gridkit/build && /nopt/nrel/apps/cpu_stack/utilities/06-24/linux-rhel8-sapphirerapids/gcc-12.3.0/cmake-3.29.2-6n4msmc4aewj7wyi6b5g644vjrqyqgot/bin/cmake -E cmake_depends "Unix Makefiles" /home/isatkaus/gridkit /home/isatkaus/gridkit/tests/UnitTests/PhasorDynamics /home/isatkaus/gridkit/build /home/isatkaus/gridkit/build/tests/UnitTests/PhasorDynamics /home/isatkaus/gridkit/build/tests/UnitTests/PhasorDynamics/CMakeFiles/test_phasor_system.dir/DependInfo.cmake "--color="
make[2]: Entering directory '/home/isatkaus/gridkit/build'
cd /home/isatkaus/gridkit/build && /nopt/nrel/apps/cpu_stack/utilities/06-24/linux-rhel8-sapphirerapids/gcc-12.3.0/cmake-3.29.2-6n4msmc4aewj7wyi6b5g644vjrqyqgot/bin/cmake -E cmake_depends "Unix Makefiles" /home/isatkaus/gridkit /home/isatkaus/gridkit/tests/UnitTests/PhasorDynamics /home/isatkaus/gridkit/build /home/isatkaus/gridkit/build/tests/UnitTests/PhasorDynamics /home/isatkaus/gridkit/build/tests/UnitTests/PhasorDynamics/CMakeFiles/test_phasor_system_single_component.dir/DependInfo.cmake "--color="
make[2]: Entering directory '/home/isatkaus/gridkit/build'
cd /home/isatkaus/gridkit/build && /nopt/nrel/apps/cpu_stack/utilities/06-24/linux-rhel8-sapphirerapids/gcc-12.3.0/cmake-3.29.2-6n4msmc4aewj7wyi6b5g644vjrqyqgot/bin/cmake -E cmake_depends "Unix Makefiles" /home/isatkaus/gridkit /home/isatkaus/gridkit/tests/UnitTests/Utilities /home/isatkaus/gridkit/build /home/isatkaus/gridkit/build/tests/UnitTests/Utilities /home/isatkaus/gridkit/build/tests/UnitTests/Utilities/CMakeFiles/test_case_format.dir/DependInfo.cmake "--color="
make[2]: Leaving directory '/home/isatkaus/gridkit/build'
make  -f application/PhasorDynamics/CMakeFiles/ContingencyAnalysis.dir/build.make application/PhasorDynamics/CMakeFiles/ContingencyAnalysis.dir/build
make[2]: Entering directory '/home/isatkaus/gridkit/build'
make[2]: Leaving directory '/home/isatkaus/gridkit/build'
make  -f examples/PhasorDynamics/Tiny/TwoBus/Basic/CMakeFiles/TwoBusBasicJson.dir/build.make examples/PhasorDynamics/Tiny/TwoBus/Basic/CMakeFiles/TwoBusBasicJson.dir/build
make[2]: Leaving directory '/home/isatkaus/gridkit/build'
make  -f examples/PhasorDynamics/Tiny/TwoBus/Basic/CMakeFiles/TwoBusBasic.dir/build.make examples/PhasorDynamics/Tiny/TwoBus/Basic/CMakeFiles/TwoBusBasic.dir/build
make[2]: Leaving directory '/home/isatkaus/gridkit/build'
make  -f application/PhasorDynamics/CMakeFiles/DynamicSimulation.dir/build.make application/PhasorDynamics/CMakeFiles/DynamicSimulation.dir/build
make[2]: Leaving directory '/home/isatkaus/gridkit/build'
make  -f examples/PhasorDynamics/Tiny/TwoBus/Tgov1/CMakeFiles/TwoBusTgov1.dir/build.make examples/PhasorDynamics/Tiny/TwoBus/Tgov1/CMakeFiles/TwoBusTgov1.dir/build
[ 85%] Building CXX object application/PhasorDynamics/CMakeFiles/ContingencyAnalysis.dir/ContingencyAnalysis.cpp.o
make[2]: Entering directory '/home/isatkaus/gridkit/build'
make[2]: Entering directory '/home/isatkaus/gridkit/build'
make[2]: Entering directory '/home/isatkaus/gridkit/build'
make[2]: Entering directory '/home/isatkaus/gridkit/build'
make[2]: Leaving directory '/home/isatkaus/gridkit/build'
make[2]: Leaving directory '/home/isatkaus/gridkit/build'
make  -f examples/PhasorDynamics/Tiny/TwoBus/Ieeet1/CMakeFiles/TwoBusIeeet1Json.dir/build.make examples/PhasorDynamics/Tiny/TwoBus/Ieeet1/CMakeFiles/TwoBusIeeet1Json.dir/build
make  -f examples/PhasorDynamics/Tiny/TwoBus/Ieeet1/CMakeFiles/TwoBusIeeet1.dir/build.make examples/PhasorDynamics/Tiny/TwoBus/Ieeet1/CMakeFiles/TwoBusIeeet1.dir/build
make[2]: Leaving directory '/home/isatkaus/gridkit/build'
make  -f examples/PhasorDynamics/Tiny/TwoBus/Tgov1/CMakeFiles/TwoBusTgov1Json.dir/build.make examples/PhasorDynamics/Tiny/TwoBus/Tgov1/CMakeFiles/TwoBusTgov1Json.dir/build
make[2]: Leaving directory '/home/isatkaus/gridkit/build'
make[2]: Leaving directory '/home/isatkaus/gridkit/build'
make  -f examples/PhasorDynamics/Tiny/ThreeBus/Basic/CMakeFiles/ThreeBusBasicJson.dir/build.make examples/PhasorDynamics/Tiny/ThreeBus/Basic/CMakeFiles/ThreeBusBasicJson.dir/build
make  -f examples/PhasorDynamics/Tiny/ThreeBus/ZipLoad/CMakeFiles/ThreeBusZipLoadJson.dir/build.make examples/PhasorDynamics/Tiny/ThreeBus/ZipLoad/CMakeFiles/ThreeBusZipLoadJson.dir/build
make[2]: Leaving directory '/home/isatkaus/gridkit/build'
make  -f examples/PhasorDynamics/Small/TenGen/Genrou/CMakeFiles/TenGenGenrou.dir/build.make examples/PhasorDynamics/Small/TenGen/Genrou/CMakeFiles/TenGenGenrou.dir/build
make[2]: Leaving directory '/home/isatkaus/gridkit/build'
make  -f tests/UnitTests/PhasorDynamics/CMakeFiles/test_phasor_system.dir/build.make tests/UnitTests/PhasorDynamics/CMakeFiles/test_phasor_system.dir/build
make[2]: Leaving directory '/home/isatkaus/gridkit/build'
make[2]: Leaving directory '/home/isatkaus/gridkit/build'
make[2]: Leaving directory '/home/isatkaus/gridkit/build'
make[2]: Leaving directory '/home/isatkaus/gridkit/build'
make[2]: Leaving directory '/home/isatkaus/gridkit/build'
make[2]: Leaving directory '/home/isatkaus/gridkit/build'
make  -f examples/PhasorDynamics/Tiny/ThreeBus/Basic/CMakeFiles/ThreeBusBasic.dir/build.make examples/PhasorDynamics/Tiny/ThreeBus/Basic/CMakeFiles/ThreeBusBasic.dir/build
make[2]: Leaving directory '/home/isatkaus/gridkit/build'
make  -f examples/PhasorDynamics/Tiny/ThreeBus/Classical/CMakeFiles/ThreeBusClassical.dir/build.make examples/PhasorDynamics/Tiny/ThreeBus/Classical/CMakeFiles/ThreeBusClassical.dir/build
make  -f examples/PhasorDynamics/Tiny/ThreeBus/Classical/CMakeFiles/ThreeBusClassicalJson.dir/build.make examples/PhasorDynamics/Tiny/ThreeBus/Classical/CMakeFiles/ThreeBusClassicalJson.dir/build
make  -f examples/PhasorDynamics/Small/TenGen/Classical/CMakeFiles/TenGenClassical.dir/build.make examples/PhasorDynamics/Small/TenGen/Classical/CMakeFiles/TenGenClassical.dir/build
make  -f tests/UnitTests/PhasorDynamics/CMakeFiles/test_phasor_exciter_sexspti.dir/build.make tests/UnitTests/PhasorDynamics/CMakeFiles/test_phasor_exciter_sexspti.dir/build
make  -f tests/UnitTests/PhasorDynamics/CMakeFiles/test_phasor_system_single_component.dir/build.make tests/UnitTests/PhasorDynamics/CMakeFiles/test_phasor_system_single_component.dir/build
make[2]: Entering directory '/home/isatkaus/gridkit/build'
make  -f tests/UnitTests/Utilities/CMakeFiles/test_case_format.dir/build.make tests/UnitTests/Utilities/CMakeFiles/test_case_format.dir/build
make[2]: Entering directory '/home/isatkaus/gridkit/build'
make[2]: Entering directory '/home/isatkaus/gridkit/build'
[ 85%] Building CXX object examples/PhasorDynamics/Tiny/TwoBus/Basic/CMakeFiles/TwoBusBasicJson.dir/TwoBusBasicJson.cpp.o
make[2]: Entering directory '/home/isatkaus/gridkit/build'
make[2]: Entering directory '/home/isatkaus/gridkit/build'
cd /home/isatkaus/gridkit/build/application/PhasorDynamics && /nopt/nrel/apps/cpu_stack/software/gridkit/llvm/16.0.6/bin/clang++  -I/home/isatkaus/gridkit/third-party/nlohmann-json/include -I/home/isatkaus/gridkit/third-party/magic-enum/include -I/home/isatkaus/gridkit -I/home/isatkaus/gridkit/build -isystem /nopt/nrel/apps/cpu_stack/software/gridkit/sundials/develop/include -isystem /nopt/nrel/apps/cpu_stack/software/gridkit/suitesparse/7.8.2/include/suitesparse --gcc-toolchain=/nopt/nrel/apps/cpu_stack/compilers/06-24/linux-rhel8-sapphirerapids/gcc-12.3.0/gcc-13.1.0-bmut2ysomhthj6y7oyc73c3cmxye57am -Wall -Wextra -Wconversion -Wpedantic -O2 -g -DNDEBUG -std=gnu++20 -fPIE -MD -MT application/PhasorDynamics/CMakeFiles/ContingencyAnalysis.dir/ContingencyAnalysis.cpp.o -MF CMakeFiles/ContingencyAnalysis.dir/ContingencyAnalysis.cpp.o.d -o CMakeFiles/ContingencyAnalysis.dir/ContingencyAnalysis.cpp.o -c /home/isatkaus/gridkit/application/PhasorDynamics/ContingencyAnalysis.cpp
make[2]: Entering directory '/home/isatkaus/gridkit/build'
make[2]: Entering directory '/home/isatkaus/gridkit/build'
make[2]: Entering directory '/home/isatkaus/gridkit/build'
make[2]: Entering directory '/home/isatkaus/gridkit/build'
[ 85%] Building CXX object examples/PhasorDynamics/Tiny/TwoBus/Basic/CMakeFiles/TwoBusBasic.dir/TwoBusBasic.cpp.o
make[2]: Entering directory '/home/isatkaus/gridkit/build'
make[2]: Entering directory '/home/isatkaus/gridkit/build'
make[2]: Entering directory '/home/isatkaus/gridkit/build'
make[2]: Entering directory '/home/isatkaus/gridkit/build'
make[2]: Entering directory '/home/isatkaus/gridkit/build'
cd /home/isatkaus/gridkit/build/examples/PhasorDynamics/Tiny/TwoBus/Basic && /nopt/nrel/apps/cpu_stack/software/gridkit/llvm/16.0.6/bin/clang++  -I/home/isatkaus/gridkit -I/home/isatkaus/gridkit/build -isystem /nopt/nrel/apps/cpu_stack/software/gridkit/sundials/develop/include -isystem /nopt/nrel/apps/cpu_stack/software/gridkit/suitesparse/7.8.2/include/suitesparse --gcc-toolchain=/nopt/nrel/apps/cpu_stack/compilers/06-24/linux-rhel8-sapphirerapids/gcc-12.3.0/gcc-13.1.0-bmut2ysomhthj6y7oyc73c3cmxye57am -Wall -Wextra -Wconversion -Wpedantic -O2 -g -DNDEBUG -std=gnu++20 -fPIE -MD -MT examples/PhasorDynamics/Tiny/TwoBus/Basic/CMakeFiles/TwoBusBasicJson.dir/TwoBusBasicJson.cpp.o -MF CMakeFiles/TwoBusBasicJson.dir/TwoBusBasicJson.cpp.o.d -o CMakeFiles/TwoBusBasicJson.dir/TwoBusBasicJson.cpp.o -c /home/isatkaus/gridkit/examples/PhasorDynamics/Tiny/TwoBus/Basic/TwoBusBasicJson.cpp
[ 86%] Building CXX object application/PhasorDynamics/CMakeFiles/DynamicSimulation.dir/DynamicSimulation.cpp.o
[ 86%] Building CXX object examples/PhasorDynamics/Tiny/TwoBus/Tgov1/CMakeFiles/TwoBusTgov1.dir/TwoBusTgov1.cpp.o
cd /home/isatkaus/gridkit/build/examples/PhasorDynamics/Tiny/TwoBus/Basic && /nopt/nrel/apps/cpu_stack/software/gridkit/llvm/16.0.6/bin/clang++  -I/home/isatkaus/gridkit -I/home/isatkaus/gridkit/build -isystem /nopt/nrel/apps/cpu_stack/software/gridkit/sundials/develop/include -isystem /nopt/nrel/apps/cpu_stack/software/gridkit/suitesparse/7.8.2/include/suitesparse --gcc-toolchain=/nopt/nrel/apps/cpu_stack/compilers/06-24/linux-rhel8-sapphirerapids/gcc-12.3.0/gcc-13.1.0-bmut2ysomhthj6y7oyc73c3cmxye57am -Wall -Wextra -Wconversion -Wpedantic -O2 -g -DNDEBUG -std=gnu++20 -fPIE -MD -MT examples/PhasorDynamics/Tiny/TwoBus/Basic/CMakeFiles/TwoBusBasic.dir/TwoBusBasic.cpp.o -MF CMakeFiles/TwoBusBasic.dir/TwoBusBasic.cpp.o.d -o CMakeFiles/TwoBusBasic.dir/TwoBusBasic.cpp.o -c /home/isatkaus/gridkit/examples/PhasorDynamics/Tiny/TwoBus/Basic/TwoBusBasic.cpp
cd /home/isatkaus/gridkit/build/application/PhasorDynamics && /nopt/nrel/apps/cpu_stack/software/gridkit/llvm/16.0.6/bin/clang++  -I/home/isatkaus/gridkit/third-party/nlohmann-json/include -I/home/isatkaus/gridkit/third-party/magic-enum/include -I/home/isatkaus/gridkit -I/home/isatkaus/gridkit/build -isystem /nopt/nrel/apps/cpu_stack/software/gridkit/sundials/develop/include -isystem /nopt/nrel/apps/cpu_stack/software/gridkit/suitesparse/7.8.2/include/suitesparse --gcc-toolchain=/nopt/nrel/apps/cpu_stack/compilers/06-24/linux-rhel8-sapphirerapids/gcc-12.3.0/gcc-13.1.0-bmut2ysomhthj6y7oyc73c3cmxye57am -Wall -Wextra -Wconversion -Wpedantic -O2 -g -DNDEBUG -std=gnu++20 -fPIE -MD -MT application/PhasorDynamics/CMakeFiles/DynamicSimulation.dir/DynamicSimulation.cpp.o -MF CMakeFiles/DynamicSimulation.dir/DynamicSimulation.cpp.o.d -o CMakeFiles/DynamicSimulation.dir/DynamicSimulation.cpp.o -c /home/isatkaus/gridkit/application/PhasorDynamics/DynamicSimulation.cpp
cd /home/isatkaus/gridkit/build/examples/PhasorDynamics/Tiny/TwoBus/Tgov1 && /nopt/nrel/apps/cpu_stack/software/gridkit/llvm/16.0.6/bin/clang++  -I/home/isatkaus/gridkit -I/home/isatkaus/gridkit/build -isystem /nopt/nrel/apps/cpu_stack/software/gridkit/sundials/develop/include -isystem /nopt/nrel/apps/cpu_stack/software/gridkit/suitesparse/7.8.2/include/suitesparse --gcc-toolchain=/nopt/nrel/apps/cpu_stack/compilers/06-24/linux-rhel8-sapphirerapids/gcc-12.3.0/gcc-13.1.0-bmut2ysomhthj6y7oyc73c3cmxye57am -Wall -Wextra -Wconversion -Wpedantic -O2 -g -DNDEBUG -std=gnu++20 -fPIE -MD -MT examples/PhasorDynamics/Tiny/TwoBus/Tgov1/CMakeFiles/TwoBusTgov1.dir/TwoBusTgov1.cpp.o -MF CMakeFiles/TwoBusTgov1.dir/TwoBusTgov1.cpp.o.d -o CMakeFiles/TwoBusTgov1.dir/TwoBusTgov1.cpp.o -c /home/isatkaus/gridkit/examples/PhasorDynamics/Tiny/TwoBus/Tgov1/TwoBusTgov1.cpp
[ 88%] Building CXX object examples/PhasorDynamics/Tiny/TwoBus/Ieeet1/CMakeFiles/TwoBusIeeet1.dir/TwoBusIeeet1.cpp.o
[ 88%] Building CXX object examples/PhasorDynamics/Tiny/TwoBus/Tgov1/CMakeFiles/TwoBusTgov1Json.dir/TwoBusTgov1Json.cpp.o
[ 88%] Building CXX object examples/PhasorDynamics/Tiny/TwoBus/Ieeet1/CMakeFiles/TwoBusIeeet1Json.dir/TwoBusIeeet1Json.cpp.o
[ 88%] Building CXX object examples/PhasorDynamics/Tiny/ThreeBus/Basic/CMakeFiles/ThreeBusBasicJson.dir/ThreeBusBasicJson.cpp.o
[ 88%] Building CXX object examples/PhasorDynamics/Tiny/ThreeBus/ZipLoad/CMakeFiles/ThreeBusZipLoadJson.dir/ThreeBusZipLoadJson.cpp.o
[ 89%] Building CXX object examples/PhasorDynamics/Small/TenGen/Genrou/CMakeFiles/TenGenGenrou.dir/TenGenGenrou.cpp.o
[ 90%] Building CXX object tests/UnitTests/PhasorDynamics/CMakeFiles/test_phasor_system.dir/runSystemTests.cpp.o
[ 90%] Building CXX object examples/PhasorDynamics/Tiny/ThreeBus/Basic/CMakeFiles/ThreeBusBasic.dir/ThreeBusBasic.cpp.o
[ 90%] Building CXX object examples/PhasorDynamics/Tiny/ThreeBus/Classical/CMakeFiles/ThreeBusClassical.dir/ThreeBusClassical.cpp.o
[ 92%] Building CXX object examples/PhasorDynamics/Tiny/ThreeBus/Classical/CMakeFiles/ThreeBusClassicalJson.dir/ThreeBusClassicalJson.cpp.o
[ 92%] Building CXX object tests/UnitTests/PhasorDynamics/CMakeFiles/test_phasor_exciter_sexspti.dir/runExciterSexsPtiTests.cpp.o
[ 92%] Building CXX object tests/UnitTests/PhasorDynamics/CMakeFiles/test_phasor_system_single_component.dir/runSystemSingleComponentTests.cpp.o
[ 92%] Building CXX object examples/PhasorDynamics/Small/TenGen/Classical/CMakeFiles/TenGenClassical.dir/TenGenClassical.cpp.o
[ 92%] Building CXX object tests/UnitTests/Utilities/CMakeFiles/test_case_format.dir/runCaseFormatTests.cpp.o
cd /home/isatkaus/gridkit/build/examples/PhasorDynamics/Tiny/TwoBus/Tgov1 && /nopt/nrel/apps/cpu_stack/software/gridkit/llvm/16.0.6/bin/clang++  -I/home/isatkaus/gridkit -I/home/isatkaus/gridkit/build -isystem /nopt/nrel/apps/cpu_stack/software/gridkit/sundials/develop/include -isystem /nopt/nrel/apps/cpu_stack/software/gridkit/suitesparse/7.8.2/include/suitesparse --gcc-toolchain=/nopt/nrel/apps/cpu_stack/compilers/06-24/linux-rhel8-sapphirerapids/gcc-12.3.0/gcc-13.1.0-bmut2ysomhthj6y7oyc73c3cmxye57am -Wall -Wextra -Wconversion -Wpedantic -O2 -g -DNDEBUG -std=gnu++20 -fPIE -MD -MT examples/PhasorDynamics/Tiny/TwoBus/Tgov1/CMakeFiles/TwoBusTgov1Json.dir/TwoBusTgov1Json.cpp.o -MF CMakeFiles/TwoBusTgov1Json.dir/TwoBusTgov1Json.cpp.o.d -o CMakeFiles/TwoBusTgov1Json.dir/TwoBusTgov1Json.cpp.o -c /home/isatkaus/gridkit/examples/PhasorDynamics/Tiny/TwoBus/Tgov1/TwoBusTgov1Json.cpp
cd /home/isatkaus/gridkit/build/examples/PhasorDynamics/Tiny/TwoBus/Ieeet1 && /nopt/nrel/apps/cpu_stack/software/gridkit/llvm/16.0.6/bin/clang++  -I/home/isatkaus/gridkit -I/home/isatkaus/gridkit/build -isystem /nopt/nrel/apps/cpu_stack/software/gridkit/sundials/develop/include -isystem /nopt/nrel/apps/cpu_stack/software/gridkit/suitesparse/7.8.2/include/suitesparse --gcc-toolchain=/nopt/nrel/apps/cpu_stack/compilers/06-24/linux-rhel8-sapphirerapids/gcc-12.3.0/gcc-13.1.0-bmut2ysomhthj6y7oyc73c3cmxye57am -Wall -Wextra -Wconversion -Wpedantic -O2 -g -DNDEBUG -std=gnu++20 -fPIE -MD -MT examples/PhasorDynamics/Tiny/TwoBus/Ieeet1/CMakeFiles/TwoBusIeeet1.dir/TwoBusIeeet1.cpp.o -MF CMakeFiles/TwoBusIeeet1.dir/TwoBusIeeet1.cpp.o.d -o CMakeFiles/TwoBusIeeet1.dir/TwoBusIeeet1.cpp.o -c /home/isatkaus/gridkit/examples/PhasorDynamics/Tiny/TwoBus/Ieeet1/TwoBusIeeet1.cpp
cd /home/isatkaus/gridkit/build/examples/PhasorDynamics/Tiny/TwoBus/Ieeet1 && /nopt/nrel/apps/cpu_stack/software/gridkit/llvm/16.0.6/bin/clang++  -I/home/isatkaus/gridkit -I/home/isatkaus/gridkit/build -isystem /nopt/nrel/apps/cpu_stack/software/gridkit/sundials/develop/include -isystem /nopt/nrel/apps/cpu_stack/software/gridkit/suitesparse/7.8.2/include/suitesparse --gcc-toolchain=/nopt/nrel/apps/cpu_stack/compilers/06-24/linux-rhel8-sapphirerapids/gcc-12.3.0/gcc-13.1.0-bmut2ysomhthj6y7oyc73c3cmxye57am -Wall -Wextra -Wconversion -Wpedantic -O2 -g -DNDEBUG -std=gnu++20 -fPIE -MD -MT examples/PhasorDynamics/Tiny/TwoBus/Ieeet1/CMakeFiles/TwoBusIeeet1Json.dir/TwoBusIeeet1Json.cpp.o -MF CMakeFiles/TwoBusIeeet1Json.dir/TwoBusIeeet1Json.cpp.o.d -o CMakeFiles/TwoBusIeeet1Json.dir/TwoBusIeeet1Json.cpp.o -c /home/isatkaus/gridkit/examples/PhasorDynamics/Tiny/TwoBus/Ieeet1/TwoBusIeeet1Json.cpp
cd /home/isatkaus/gridkit/build/examples/PhasorDynamics/Tiny/ThreeBus/Basic && /nopt/nrel/apps/cpu_stack/software/gridkit/llvm/16.0.6/bin/clang++  -I/home/isatkaus/gridkit -I/home/isatkaus/gridkit/build -isystem /nopt/nrel/apps/cpu_stack/software/gridkit/sundials/develop/include -isystem /nopt/nrel/apps/cpu_stack/software/gridkit/suitesparse/7.8.2/include/suitesparse --gcc-toolchain=/nopt/nrel/apps/cpu_stack/compilers/06-24/linux-rhel8-sapphirerapids/gcc-12.3.0/gcc-13.1.0-bmut2ysomhthj6y7oyc73c3cmxye57am -Wall -Wextra -Wconversion -Wpedantic -O2 -g -DNDEBUG -std=gnu++20 -fPIE -MD -MT examples/PhasorDynamics/Tiny/ThreeBus/Basic/CMakeFiles/ThreeBusBasicJson.dir/ThreeBusBasicJson.cpp.o -MF CMakeFiles/ThreeBusBasicJson.dir/ThreeBusBasicJson.cpp.o.d -o CMakeFiles/ThreeBusBasicJson.dir/ThreeBusBasicJson.cpp.o -c /home/isatkaus/gridkit/examples/PhasorDynamics/Tiny/ThreeBus/Basic/ThreeBusBasicJson.cpp
cd /home/isatkaus/gridkit/build/examples/PhasorDynamics/Tiny/ThreeBus/ZipLoad && /nopt/nrel/apps/cpu_stack/software/gridkit/llvm/16.0.6/bin/clang++  -I/home/isatkaus/gridkit -I/home/isatkaus/gridkit/build -isystem /nopt/nrel/apps/cpu_stack/software/gridkit/sundials/develop/include -isystem /nopt/nrel/apps/cpu_stack/software/gridkit/suitesparse/7.8.2/include/suitesparse --gcc-toolchain=/nopt/nrel/apps/cpu_stack/compilers/06-24/linux-rhel8-sapphirerapids/gcc-12.3.0/gcc-13.1.0-bmut2ysomhthj6y7oyc73c3cmxye57am -Wall -Wextra -Wconversion -Wpedantic -O2 -g -DNDEBUG -std=gnu++20 -fPIE -MD -MT examples/PhasorDynamics/Tiny/ThreeBus/ZipLoad/CMakeFiles/ThreeBusZipLoadJson.dir/ThreeBusZipLoadJson.cpp.o -MF CMakeFiles/ThreeBusZipLoadJson.dir/ThreeBusZipLoadJson.cpp.o.d -o CMakeFiles/ThreeBusZipLoadJson.dir/ThreeBusZipLoadJson.cpp.o -c /home/isatkaus/gridkit/examples/PhasorDynamics/Tiny/ThreeBus/ZipLoad/ThreeBusZipLoadJson.cpp
cd /home/isatkaus/gridkit/build/examples/PhasorDynamics/Small/TenGen/Genrou && /nopt/nrel/apps/cpu_stack/software/gridkit/llvm/16.0.6/bin/clang++  -I/home/isatkaus/gridkit -I/home/isatkaus/gridkit/build -isystem /nopt/nrel/apps/cpu_stack/software/gridkit/sundials/develop/include -isystem /nopt/nrel/apps/cpu_stack/software/gridkit/suitesparse/7.8.2/include/suitesparse --gcc-toolchain=/nopt/nrel/apps/cpu_stack/compilers/06-24/linux-rhel8-sapphirerapids/gcc-12.3.0/gcc-13.1.0-bmut2ysomhthj6y7oyc73c3cmxye57am -Wall -Wextra -Wconversion -Wpedantic -O2 -g -DNDEBUG -std=gnu++20 -fPIE -MD -MT examples/PhasorDynamics/Small/TenGen/Genrou/CMakeFiles/TenGenGenrou.dir/TenGenGenrou.cpp.o -MF CMakeFiles/TenGenGenrou.dir/TenGenGenrou.cpp.o.d -o CMakeFiles/TenGenGenrou.dir/TenGenGenrou.cpp.o -c /home/isatkaus/gridkit/examples/PhasorDynamics/Small/TenGen/Genrou/TenGenGenrou.cpp
cd /home/isatkaus/gridkit/build/examples/PhasorDynamics/Tiny/ThreeBus/Basic && /nopt/nrel/apps/cpu_stack/software/gridkit/llvm/16.0.6/bin/clang++  -I/home/isatkaus/gridkit -I/home/isatkaus/gridkit/build -isystem /nopt/nrel/apps/cpu_stack/software/gridkit/sundials/develop/include -isystem /nopt/nrel/apps/cpu_stack/software/gridkit/suitesparse/7.8.2/include/suitesparse --gcc-toolchain=/nopt/nrel/apps/cpu_stack/compilers/06-24/linux-rhel8-sapphirerapids/gcc-12.3.0/gcc-13.1.0-bmut2ysomhthj6y7oyc73c3cmxye57am -Wall -Wextra -Wconversion -Wpedantic -O2 -g -DNDEBUG -std=gnu++20 -fPIE -MD -MT examples/PhasorDynamics/Tiny/ThreeBus/Basic/CMakeFiles/ThreeBusBasic.dir/ThreeBusBasic.cpp.o -MF CMakeFiles/ThreeBusBasic.dir/ThreeBusBasic.cpp.o.d -o CMakeFiles/ThreeBusBasic.dir/ThreeBusBasic.cpp.o -c /home/isatkaus/gridkit/examples/PhasorDynamics/Tiny/ThreeBus/Basic/ThreeBusBasic.cpp
cd /home/isatkaus/gridkit/build/examples/PhasorDynamics/Tiny/ThreeBus/Classical && /nopt/nrel/apps/cpu_stack/software/gridkit/llvm/16.0.6/bin/clang++  -I/home/isatkaus/gridkit -I/home/isatkaus/gridkit/build -isystem /nopt/nrel/apps/cpu_stack/software/gridkit/sundials/develop/include -isystem /nopt/nrel/apps/cpu_stack/software/gridkit/suitesparse/7.8.2/include/suitesparse --gcc-toolchain=/nopt/nrel/apps/cpu_stack/compilers/06-24/linux-rhel8-sapphirerapids/gcc-12.3.0/gcc-13.1.0-bmut2ysomhthj6y7oyc73c3cmxye57am -Wall -Wextra -Wconversion -Wpedantic -O2 -g -DNDEBUG -std=gnu++20 -fPIE -MD -MT examples/PhasorDynamics/Tiny/ThreeBus/Classical/CMakeFiles/ThreeBusClassical.dir/ThreeBusClassical.cpp.o -MF CMakeFiles/ThreeBusClassical.dir/ThreeBusClassical.cpp.o.d -o CMakeFiles/ThreeBusClassical.dir/ThreeBusClassical.cpp.o -c /home/isatkaus/gridkit/examples/PhasorDynamics/Tiny/ThreeBus/Classical/ThreeBusClassical.cpp
cd /home/isatkaus/gridkit/build/tests/UnitTests/PhasorDynamics && /nopt/nrel/apps/cpu_stack/software/gridkit/llvm/16.0.6/bin/clang++  -I/home/isatkaus/gridkit/build -I/home/isatkaus/gridkit --gcc-toolchain=/nopt/nrel/apps/cpu_stack/compilers/06-24/linux-rhel8-sapphirerapids/gcc-12.3.0/gcc-13.1.0-bmut2ysomhthj6y7oyc73c3cmxye57am -Wall -Wextra -Wconversion -Wpedantic -O2 -g -DNDEBUG -std=gnu++20 -fPIE -MD -MT tests/UnitTests/PhasorDynamics/CMakeFiles/test_phasor_system.dir/runSystemTests.cpp.o -MF CMakeFiles/test_phasor_system.dir/runSystemTests.cpp.o.d -o CMakeFiles/test_phasor_system.dir/runSystemTests.cpp.o -c /home/isatkaus/gridkit/tests/UnitTests/PhasorDynamics/runSystemTests.cpp
cd /home/isatkaus/gridkit/build/tests/UnitTests/PhasorDynamics && /nopt/nrel/apps/cpu_stack/software/gridkit/llvm/16.0.6/bin/clang++  -I/home/isatkaus/gridkit -I/home/isatkaus/gridkit/build --gcc-toolchain=/nopt/nrel/apps/cpu_stack/compilers/06-24/linux-rhel8-sapphirerapids/gcc-12.3.0/gcc-13.1.0-bmut2ysomhthj6y7oyc73c3cmxye57am -Wall -Wextra -Wconversion -Wpedantic -O2 -g -DNDEBUG -std=gnu++20 -fPIE -MD -MT tests/UnitTests/PhasorDynamics/CMakeFiles/test_phasor_system_single_component.dir/runSystemSingleComponentTests.cpp.o -MF CMakeFiles/test_phasor_system_single_component.dir/runSystemSingleComponentTests.cpp.o.d -o CMakeFiles/test_phasor_system_single_component.dir/runSystemSingleComponentTests.cpp.o -c /home/isatkaus/gridkit/tests/UnitTests/PhasorDynamics/runSystemSingleComponentTests.cpp
cd /home/isatkaus/gridkit/build/tests/UnitTests/PhasorDynamics && /nopt/nrel/apps/cpu_stack/software/gridkit/llvm/16.0.6/bin/clang++  -I/home/isatkaus/gridkit/build -I/home/isatkaus/gridkit --gcc-toolchain=/nopt/nrel/apps/cpu_stack/compilers/06-24/linux-rhel8-sapphirerapids/gcc-12.3.0/gcc-13.1.0-bmut2ysomhthj6y7oyc73c3cmxye57am -Wall -Wextra -Wconversion -Wpedantic -O2 -g -DNDEBUG -std=gnu++20 -fPIE -MD -MT tests/UnitTests/PhasorDynamics/CMakeFiles/test_phasor_exciter_sexspti.dir/runExciterSexsPtiTests.cpp.o -MF CMakeFiles/test_phasor_exciter_sexspti.dir/runExciterSexsPtiTests.cpp.o.d -o CMakeFiles/test_phasor_exciter_sexspti.dir/runExciterSexsPtiTests.cpp.o -c /home/isatkaus/gridkit/tests/UnitTests/PhasorDynamics/runExciterSexsPtiTests.cpp
cd /home/isatkaus/gridkit/build/examples/PhasorDynamics/Tiny/ThreeBus/Classical && /nopt/nrel/apps/cpu_stack/software/gridkit/llvm/16.0.6/bin/clang++  -I/home/isatkaus/gridkit -I/home/isatkaus/gridkit/build -isystem /nopt/nrel/apps/cpu_stack/software/gridkit/sundials/develop/include -isystem /nopt/nrel/apps/cpu_stack/software/gridkit/suitesparse/7.8.2/include/suitesparse --gcc-toolchain=/nopt/nrel/apps/cpu_stack/compilers/06-24/linux-rhel8-sapphirerapids/gcc-12.3.0/gcc-13.1.0-bmut2ysomhthj6y7oyc73c3cmxye57am -Wall -Wextra -Wconversion -Wpedantic -O2 -g -DNDEBUG -std=gnu++20 -fPIE -MD -MT examples/PhasorDynamics/Tiny/ThreeBus/Classical/CMakeFiles/ThreeBusClassicalJson.dir/ThreeBusClassicalJson.cpp.o -MF CMakeFiles/ThreeBusClassicalJson.dir/ThreeBusClassicalJson.cpp.o.d -o CMakeFiles/ThreeBusClassicalJson.dir/ThreeBusClassicalJson.cpp.o -c /home/isatkaus/gridkit/examples/PhasorDynamics/Tiny/ThreeBus/Classical/ThreeBusClassicalJson.cpp
cd /home/isatkaus/gridkit/build/examples/PhasorDynamics/Small/TenGen/Classical && /nopt/nrel/apps/cpu_stack/software/gridkit/llvm/16.0.6/bin/clang++  -I/home/isatkaus/gridkit -I/home/isatkaus/gridkit/build -isystem /nopt/nrel/apps/cpu_stack/software/gridkit/sundials/develop/include -isystem /nopt/nrel/apps/cpu_stack/software/gridkit/suitesparse/7.8.2/include/suitesparse --gcc-toolchain=/nopt/nrel/apps/cpu_stack/compilers/06-24/linux-rhel8-sapphirerapids/gcc-12.3.0/gcc-13.1.0-bmut2ysomhthj6y7oyc73c3cmxye57am -Wall -Wextra -Wconversion -Wpedantic -O2 -g -DNDEBUG -std=gnu++20 -fPIE -MD -MT examples/PhasorDynamics/Small/TenGen/Classical/CMakeFiles/TenGenClassical.dir/TenGenClassical.cpp.o -MF CMakeFiles/TenGenClassical.dir/TenGenClassical.cpp.o.d -o CMakeFiles/TenGenClassical.dir/TenGenClassical.cpp.o -c /home/isatkaus/gridkit/examples/PhasorDynamics/Small/TenGen/Classical/TenGenClassical.cpp
cd /home/isatkaus/gridkit/build/tests/UnitTests/Utilities && /nopt/nrel/apps/cpu_stack/software/gridkit/llvm/16.0.6/bin/clang++  -I/home/isatkaus/gridkit/third-party/nlohmann-json/single_include -I/home/isatkaus/gridkit/third-party/magic-enum/include -I/home/isatkaus/gridkit -I/home/isatkaus/gridkit/build --gcc-toolchain=/nopt/nrel/apps/cpu_stack/compilers/06-24/linux-rhel8-sapphirerapids/gcc-12.3.0/gcc-13.1.0-bmut2ysomhthj6y7oyc73c3cmxye57am -Wall -Wextra -Wconversion -Wpedantic -O2 -g -DNDEBUG -std=gnu++20 -fPIE -MD -MT tests/UnitTests/Utilities/CMakeFiles/test_case_format.dir/runCaseFormatTests.cpp.o -MF CMakeFiles/test_case_format.dir/runCaseFormatTests.cpp.o.d -o CMakeFiles/test_case_format.dir/runCaseFormatTests.cpp.o -c /home/isatkaus/gridkit/tests/UnitTests/Utilities/runCaseFormatTests.cpp
[ 92%] Linking CXX executable TenGenGenrou
[ 92%] Linking CXX executable TenGenClassical
cd /home/isatkaus/gridkit/build/examples/PhasorDynamics/Small/TenGen/Genrou && /nopt/nrel/apps/cpu_stack/utilities/06-24/linux-rhel8-sapphirerapids/gcc-12.3.0/cmake-3.29.2-6n4msmc4aewj7wyi6b5g644vjrqyqgot/bin/cmake -E cmake_link_script CMakeFiles/TenGenGenrou.dir/link.txt --verbose=1
cd /home/isatkaus/gridkit/build/examples/PhasorDynamics/Small/TenGen/Classical && /nopt/nrel/apps/cpu_stack/utilities/06-24/linux-rhel8-sapphirerapids/gcc-12.3.0/cmake-3.29.2-6n4msmc4aewj7wyi6b5g644vjrqyqgot/bin/cmake -E cmake_link_script CMakeFiles/TenGenClassical.dir/link.txt --verbose=1
/nopt/nrel/apps/cpu_stack/software/gridkit/llvm/16.0.6/bin/clang++ --gcc-toolchain=/nopt/nrel/apps/cpu_stack/compilers/06-24/linux-rhel8-sapphirerapids/gcc-12.3.0/gcc-13.1.0-bmut2ysomhthj6y7oyc73c3cmxye57am -Wall -Wextra -Wconversion -Wpedantic -O2 -g -DNDEBUG -Wl,-rpath,/nopt/nrel/apps/cpu_stack/compilers/06-24/linux-rhel8-sapphirerapids/gcc-12.3.0/gcc-13.1.0-bmut2ysomhthj6y7oyc73c3cmxye57am/lib/gcc/x86_64-pc-linux-gnu/13.1.0/../../../../lib64 -Wl,-rpath,/nopt/nrel/apps/cpu_stack/libraries-gcc/06-24/linux-rhel8-sapphirerapids/gcc-12.3.0/netlib-lapack-3.11.0-abk4uhd5cyrfnhh67bcdhyt6fulibezx/lib64 CMakeFiles/TenGenGenrou.dir/TenGenGenrou.cpp.o -o TenGenGenrou  -Wl,-rpath,/home/isatkaus/gridkit/build/GridKit/Model/PhasorDynamics:/home/isatkaus/gridkit/build/GridKit/Solver/Dynamic:/home/isatkaus/gridkit/build/GridKit/Model/PhasorDynamics/Branch:/home/isatkaus/gridkit/build/GridKit/Model/PhasorDynamics/Bus:/home/isatkaus/gridkit/build/GridKit/Model/PhasorDynamics/BusFault:/home/isatkaus/gridkit/build/GridKit/Model/PhasorDynamics/BusToSignalAdapter:/home/isatkaus/gridkit/build/GridKit/Model/PhasorDynamics/Exciter/IEEET1:/home/isatkaus/gridkit/build/GridKit/Model/PhasorDynamics/Exciter/SEXS-PTI:/home/isatkaus/gridkit/build/GridKit/Model/PhasorDynamics/Governor/Tgov1:/home/isatkaus/gridkit/build/GridKit/Model/PhasorDynamics/Load/LoadZ:/home/isatkaus/gridkit/build/GridKit/Model/PhasorDynamics/Load/LoadZIP:/home/isatkaus/gridkit/build/GridKit/Model/PhasorDynamics/SignalSource:/home/isatkaus/gridkit/build/GridKit/Model/PhasorDynamics/Stabilizer/IEEEST:/home/isatkaus/gridkit/build/GridKit/Model/PhasorDynamics/SynchronousMachine/GENROU:/home/isatkaus/gridkit/build/GridKit/Model/PhasorDynamics/SynchronousMachine/GENSAL:/home/isatkaus/gridkit/build/GridKit/Model/PhasorDynamics/SignalNode:/home/isatkaus/gridkit/build/GridKit/Model/PhasorDynamics/SynchronousMachine/GenClassical:/nopt/nrel/apps/cpu_stack/software/gridkit/sundials/develop/lib64:/nopt/nrel/apps/cpu_stack/software/gridkit/suitesparse/7.8.2/lib64:/home/isatkaus/gridkit/build/GridKit/Utilities/Logger:/home/isatkaus/gridkit/build/GridKit/LinearAlgebra/SparseMatrix: ../../../../../GridKit/Model/PhasorDynamics/libgridkit_phasor_dynamics_systemmodel.so.0.1.0 ../../../../../GridKit/Solver/Dynamic/libgridkit_solvers_dyn.so.0.1.0 ../../../../../GridKit/Model/PhasorDynamics/Branch/libgridkit_phasor_dynamics_branch.so.0.1.0 ../../../../../GridKit/Model/PhasorDynamics/Bus/libgridkit_phasor_dynamics_bus.so.0.1.0 ../../../../../GridKit/Model/PhasorDynamics/BusFault/libgridkit_phasor_dynamics_bus_fault.so.0.1.0 ../../../../../GridKit/Model/PhasorDynamics/BusToSignalAdapter/libgridkit_phasor_dynamics_bustosignaladapter.so.0.1.0 ../../../../../GridKit/Model/PhasorDynamics/Exciter/IEEET1/libgridkit_phasor_dynamics_exciter_ieeet1.so.0.1.0 ../../../../../GridKit/Model/PhasorDynamics/Exciter/SEXS-PTI/libgridkit_phasor_dynamics_exciter_sexspti.so.0.1.0 ../../../../../GridKit/Model/PhasorDynamics/Governor/Tgov1/libgridkit_phasor_dynamics_governor_tgov1.so.0.1.0 ../../../../../GridKit/Model/PhasorDynamics/Load/LoadZ/libgridkit_phasor_dynamics_loadz.so.0.1.0 ../../../../../GridKit/Model/PhasorDynamics/Load/LoadZIP/libgridkit_phasor_dynamics_loadzip.so.0.1.0 ../../../../../GridKit/Model/PhasorDynamics/SignalSource/libgridkit_phasor_dynamics_signalsource.so.0.1.0 ../../../../../GridKit/Model/PhasorDynamics/Stabilizer/IEEEST/libgridkit_phasor_dynamics_stabilizer_ieeest.so.0.1.0 ../../../../../GridKit/Model/PhasorDynamics/SynchronousMachine/GENROU/libgridkit_phasor_dynamics_genrou.so.0.1.0 ../../../../../GridKit/Model/PhasorDynamics/SynchronousMachine/GENSAL/libgridkit_phasor_dynamics_gensal.so.0.1.0 ../../../../../GridKit/Model/PhasorDynamics/SignalNode/libgridkit_phasor_dynamics_signal.so.0.1.0 ../../../../../GridKit/Model/PhasorDynamics/SynchronousMachine/GenClassical/libgridkit_phasor_dynamics_gen_classical.so.0.1.0 /nopt/nrel/apps/cpu_stack/software/gridkit/sundials/develop/lib64/libsundials_nvecserial.so.7.8.0 /nopt/nrel/apps/cpu_stack/software/gridkit/sundials/develop/lib64/libsundials_idas.so.6.8.0 /nopt/nrel/apps/cpu_stack/software/gridkit/sundials/develop/lib64/libsundials_sunlinsolklu.so.5.8.0 /nopt/nrel/apps/cpu_stack/software/gridkit/sundials/develop/lib64/libsundials_sunmatrixsparse.so.5.8.0 /nopt/nrel/apps/cpu_stack/software/gridkit/sundials/develop/lib64/libsundials_core.so.7.8.0 /nopt/nrel/apps/cpu_stack/software/gridkit/suitesparse/7.8.2/lib64/libklu.so /nopt/nrel/apps/cpu_stack/software/gridkit/suitesparse/7.8.2/lib64/libamd.so /nopt/nrel/apps/cpu_stack/software/gridkit/suitesparse/7.8.2/lib64/libcolamd.so /nopt/nrel/apps/cpu_stack/software/gridkit/suitesparse/7.8.2/lib64/libbtf.so /nopt/nrel/apps/cpu_stack/software/gridkit/suitesparse/7.8.2/lib64/libsuitesparseconfig.so ../../../../../GridKit/Utilities/Logger/libgridkit_utilities_logger.so.0.1.0 ../../../../../GridKit/LinearAlgebra/SparseMatrix/libgridkit_sparse_matrix.so.0.1.0
/nopt/nrel/apps/cpu_stack/software/gridkit/llvm/16.0.6/bin/clang++ --gcc-toolchain=/nopt/nrel/apps/cpu_stack/compilers/06-24/linux-rhel8-sapphirerapids/gcc-12.3.0/gcc-13.1.0-bmut2ysomhthj6y7oyc73c3cmxye57am -Wall -Wextra -Wconversion -Wpedantic -O2 -g -DNDEBUG -Wl,-rpath,/nopt/nrel/apps/cpu_stack/compilers/06-24/linux-rhel8-sapphirerapids/gcc-12.3.0/gcc-13.1.0-bmut2ysomhthj6y7oyc73c3cmxye57am/lib/gcc/x86_64-pc-linux-gnu/13.1.0/../../../../lib64 -Wl,-rpath,/nopt/nrel/apps/cpu_stack/libraries-gcc/06-24/linux-rhel8-sapphirerapids/gcc-12.3.0/netlib-lapack-3.11.0-abk4uhd5cyrfnhh67bcdhyt6fulibezx/lib64 CMakeFiles/TenGenClassical.dir/TenGenClassical.cpp.o -o TenGenClassical  -Wl,-rpath,/home/isatkaus/gridkit/build/GridKit/Model/PhasorDynamics:/home/isatkaus/gridkit/build/GridKit/Solver/Dynamic:/home/isatkaus/gridkit/build/GridKit/Model/PhasorDynamics/Branch:/home/isatkaus/gridkit/build/GridKit/Model/PhasorDynamics/Bus:/home/isatkaus/gridkit/build/GridKit/Model/PhasorDynamics/BusFault:/home/isatkaus/gridkit/build/GridKit/Model/PhasorDynamics/BusToSignalAdapter:/home/isatkaus/gridkit/build/GridKit/Model/PhasorDynamics/Exciter/IEEET1:/home/isatkaus/gridkit/build/GridKit/Model/PhasorDynamics/Exciter/SEXS-PTI:/home/isatkaus/gridkit/build/GridKit/Model/PhasorDynamics/Governor/Tgov1:/home/isatkaus/gridkit/build/GridKit/Model/PhasorDynamics/Load/LoadZ:/home/isatkaus/gridkit/build/GridKit/Model/PhasorDynamics/Load/LoadZIP:/home/isatkaus/gridkit/build/GridKit/Model/PhasorDynamics/SignalSource:/home/isatkaus/gridkit/build/GridKit/Model/PhasorDynamics/Stabilizer/IEEEST:/home/isatkaus/gridkit/build/GridKit/Model/PhasorDynamics/SynchronousMachine/GENROU:/home/isatkaus/gridkit/build/GridKit/Model/PhasorDynamics/SynchronousMachine/GENSAL:/home/isatkaus/gridkit/build/GridKit/Model/PhasorDynamics/SignalNode:/home/isatkaus/gridkit/build/GridKit/Model/PhasorDynamics/SynchronousMachine/GenClassical:/nopt/nrel/apps/cpu_stack/software/gridkit/sundials/develop/lib64:/nopt/nrel/apps/cpu_stack/software/gridkit/suitesparse/7.8.2/lib64:/home/isatkaus/gridkit/build/GridKit/Utilities/Logger:/home/isatkaus/gridkit/build/GridKit/LinearAlgebra/SparseMatrix: ../../../../../GridKit/Model/PhasorDynamics/libgridkit_phasor_dynamics_systemmodel.so.0.1.0 ../../../../../GridKit/Solver/Dynamic/libgridkit_solvers_dyn.so.0.1.0 ../../../../../GridKit/Model/PhasorDynamics/Branch/libgridkit_phasor_dynamics_branch.so.0.1.0 ../../../../../GridKit/Model/PhasorDynamics/Bus/libgridkit_phasor_dynamics_bus.so.0.1.0 ../../../../../GridKit/Model/PhasorDynamics/BusFault/libgridkit_phasor_dynamics_bus_fault.so.0.1.0 ../../../../../GridKit/Model/PhasorDynamics/BusToSignalAdapter/libgridkit_phasor_dynamics_bustosignaladapter.so.0.1.0 ../../../../../GridKit/Model/PhasorDynamics/Exciter/IEEET1/libgridkit_phasor_dynamics_exciter_ieeet1.so.0.1.0 ../../../../../GridKit/Model/PhasorDynamics/Exciter/SEXS-PTI/libgridkit_phasor_dynamics_exciter_sexspti.so.0.1.0 ../../../../../GridKit/Model/PhasorDynamics/Governor/Tgov1/libgridkit_phasor_dynamics_governor_tgov1.so.0.1.0 ../../../../../GridKit/Model/PhasorDynamics/Load/LoadZ/libgridkit_phasor_dynamics_loadz.so.0.1.0 ../../../../../GridKit/Model/PhasorDynamics/Load/LoadZIP/libgridkit_phasor_dynamics_loadzip.so.0.1.0 ../../../../../GridKit/Model/PhasorDynamics/SignalSource/libgridkit_phasor_dynamics_signalsource.so.0.1.0 ../../../../../GridKit/Model/PhasorDynamics/Stabilizer/IEEEST/libgridkit_phasor_dynamics_stabilizer_ieeest.so.0.1.0 ../../../../../GridKit/Model/PhasorDynamics/SynchronousMachine/GENROU/libgridkit_phasor_dynamics_genrou.so.0.1.0 ../../../../../GridKit/Model/PhasorDynamics/SynchronousMachine/GENSAL/libgridkit_phasor_dynamics_gensal.so.0.1.0 ../../../../../GridKit/Model/PhasorDynamics/SignalNode/libgridkit_phasor_dynamics_signal.so.0.1.0 ../../../../../GridKit/Model/PhasorDynamics/SynchronousMachine/GenClassical/libgridkit_phasor_dynamics_gen_classical.so.0.1.0 /nopt/nrel/apps/cpu_stack/software/gridkit/sundials/develop/lib64/libsundials_nvecserial.so.7.8.0 /nopt/nrel/apps/cpu_stack/software/gridkit/sundials/develop/lib64/libsundials_idas.so.6.8.0 /nopt/nrel/apps/cpu_stack/software/gridkit/sundials/develop/lib64/libsundials_sunlinsolklu.so.5.8.0 /nopt/nrel/apps/cpu_stack/software/gridkit/sundials/develop/lib64/libsundials_sunmatrixsparse.so.5.8.0 /nopt/nrel/apps/cpu_stack/software/gridkit/sundials/develop/lib64/libsundials_core.so.7.8.0 /nopt/nrel/apps/cpu_stack/software/gridkit/suitesparse/7.8.2/lib64/libklu.so /nopt/nrel/apps/cpu_stack/software/gridkit/suitesparse/7.8.2/lib64/libamd.so /nopt/nrel/apps/cpu_stack/software/gridkit/suitesparse/7.8.2/lib64/libcolamd.so /nopt/nrel/apps/cpu_stack/software/gridkit/suitesparse/7.8.2/lib64/libbtf.so /nopt/nrel/apps/cpu_stack/software/gridkit/suitesparse/7.8.2/lib64/libsuitesparseconfig.so ../../../../../GridKit/Utilities/Logger/libgridkit_utilities_logger.so.0.1.0 ../../../../../GridKit/LinearAlgebra/SparseMatrix/libgridkit_sparse_matrix.so.0.1.0
make[2]: Leaving directory '/home/isatkaus/gridkit/build'
make[2]: Leaving directory '/home/isatkaus/gridkit/build'
[ 92%] Built target TenGenGenrou
[ 92%] Built target TenGenClassical
[ 93%] Linking CXX executable test_phasor_system_single_component
cd /home/isatkaus/gridkit/build/tests/UnitTests/PhasorDynamics && /nopt/nrel/apps/cpu_stack/utilities/06-24/linux-rhel8-sapphirerapids/gcc-12.3.0/cmake-3.29.2-6n4msmc4aewj7wyi6b5g644vjrqyqgot/bin/cmake -E cmake_link_script CMakeFiles/test_phasor_system_single_component.dir/link.txt --verbose=1
/nopt/nrel/apps/cpu_stack/software/gridkit/llvm/16.0.6/bin/clang++ --gcc-toolchain=/nopt/nrel/apps/cpu_stack/compilers/06-24/linux-rhel8-sapphirerapids/gcc-12.3.0/gcc-13.1.0-bmut2ysomhthj6y7oyc73c3cmxye57am -Wall -Wextra -Wconversion -Wpedantic -O2 -g -DNDEBUG -Wl,-rpath,/nopt/nrel/apps/cpu_stack/compilers/06-24/linux-rhel8-sapphirerapids/gcc-12.3.0/gcc-13.1.0-bmut2ysomhthj6y7oyc73c3cmxye57am/lib/gcc/x86_64-pc-linux-gnu/13.1.0/../../../../lib64 -Wl,-rpath,/nopt/nrel/apps/cpu_stack/libraries-gcc/06-24/linux-rhel8-sapphirerapids/gcc-12.3.0/netlib-lapack-3.11.0-abk4uhd5cyrfnhh67bcdhyt6fulibezx/lib64 CMakeFiles/test_phasor_system_single_component.dir/runSystemSingleComponentTests.cpp.o -o test_phasor_system_single_component  -Wl,-rpath,/home/isatkaus/gridkit/build/GridKit/Model/PhasorDynamics:/home/isatkaus/gridkit/build/GridKit/Testing:/home/isatkaus/gridkit/build/GridKit/Model/PhasorDynamics/Branch:/home/isatkaus/gridkit/build/GridKit/Model/PhasorDynamics/Bus:/home/isatkaus/gridkit/build/GridKit/Model/PhasorDynamics/BusFault:/home/isatkaus/gridkit/build/GridKit/Model/PhasorDynamics/BusToSignalAdapter:/home/isatkaus/gridkit/build/GridKit/Model/PhasorDynamics/Exciter/IEEET1:/home/isatkaus/gridkit/build/GridKit/Model/PhasorDynamics/Exciter/SEXS-PTI:/home/isatkaus/gridkit/build/GridKit/Model/PhasorDynamics/Governor/Tgov1:/home/isatkaus/gridkit/build/GridKit/Model/PhasorDynamics/Load/LoadZ:/home/isatkaus/gridkit/build/GridKit/Model/PhasorDynamics/Load/LoadZIP:/home/isatkaus/gridkit/build/GridKit/Model/PhasorDynamics/SignalSource:/home/isatkaus/gridkit/build/GridKit/Model/PhasorDynamics/Stabilizer/IEEEST:/home/isatkaus/gridkit/build/GridKit/Model/PhasorDynamics/SynchronousMachine/GENROU:/home/isatkaus/gridkit/build/GridKit/Model/PhasorDynamics/SynchronousMachine/GENSAL:/home/isatkaus/gridkit/build/GridKit/Model/PhasorDynamics/SignalNode:/home/isatkaus/gridkit/build/GridKit/Model/PhasorDynamics/SynchronousMachine/GenClassical:/home/isatkaus/gridkit/build/GridKit/LinearAlgebra/SparseMatrix:/home/isatkaus/gridkit/build/GridKit/Utilities/CliArgs:/home/isatkaus/gridkit/build/GridKit/Utilities/Logger: ../../../GridKit/Model/PhasorDynamics/libgridkit_phasor_dynamics_systemmodel.so.0.1.0 ../../../GridKit/Model/PhasorDynamics/libgridkit_phasor_dynamics_systemmodel_dependency_tracking.so.0.1.0 ../../../GridKit/Testing/libgridkit_testing.so.0.1.0 ../../../GridKit/Model/PhasorDynamics/Branch/libgridkit_phasor_dynamics_branch.so.0.1.0 ../../../GridKit/Model/PhasorDynamics/Bus/libgridkit_phasor_dynamics_bus.so.0.1.0 ../../../GridKit/Model/PhasorDynamics/BusFault/libgridkit_phasor_dynamics_bus_fault.so.0.1.0 ../../../GridKit/Model/PhasorDynamics/BusToSignalAdapter/libgridkit_phasor_dynamics_bustosignaladapter.so.0.1.0 ../../../GridKit/Model/PhasorDynamics/Exciter/IEEET1/libgridkit_phasor_dynamics_exciter_ieeet1.so.0.1.0 ../../../GridKit/Model/PhasorDynamics/Exciter/SEXS-PTI/libgridkit_phasor_dynamics_exciter_sexspti.so.0.1.0 ../../../GridKit/Model/PhasorDynamics/Governor/Tgov1/libgridkit_phasor_dynamics_governor_tgov1.so.0.1.0 ../../../GridKit/Model/PhasorDynamics/Load/LoadZ/libgridkit_phasor_dynamics_loadz.so.0.1.0 ../../../GridKit/Model/PhasorDynamics/Load/LoadZIP/libgridkit_phasor_dynamics_loadzip.so.0.1.0 ../../../GridKit/Model/PhasorDynamics/SignalSource/libgridkit_phasor_dynamics_signalsource.so.0.1.0 ../../../GridKit/Model/PhasorDynamics/Stabilizer/IEEEST/libgridkit_phasor_dynamics_stabilizer_ieeest.so.0.1.0 ../../../GridKit/Model/PhasorDynamics/SynchronousMachine/GENROU/libgridkit_phasor_dynamics_genrou.so.0.1.0 ../../../GridKit/Model/PhasorDynamics/SynchronousMachine/GENSAL/libgridkit_phasor_dynamics_gensal.so.0.1.0 ../../../GridKit/Model/PhasorDynamics/SignalNode/libgridkit_phasor_dynamics_signal.so.0.1.0 ../../../GridKit/Model/PhasorDynamics/SynchronousMachine/GenClassical/libgridkit_phasor_dynamics_gen_classical.so.0.1.0 ../../../GridKit/Model/PhasorDynamics/Branch/libgridkit_phasor_dynamics_branch_dependency_tracking.so.0.1.0 ../../../GridKit/Model/PhasorDynamics/Bus/libgridkit_phasor_dynamics_bus_dependency_tracking.so.0.1.0 ../../../GridKit/Model/PhasorDynamics/BusFault/libgridkit_phasor_dynamics_bus_fault_dependency_tracking.so.0.1.0 ../../../GridKit/Model/PhasorDynamics/BusToSignalAdapter/libgridkit_phasor_dynamics_bustosignaladapter_dependency_tracking.so.0.1.0 ../../../GridKit/Model/PhasorDynamics/Exciter/IEEET1/libgridkit_phasor_dynamics_exciter_ieeet1_dependency_tracking.so.0.1.0 ../../../GridKit/Model/PhasorDynamics/Exciter/SEXS-PTI/libgridkit_phasor_dynamics_exciter_sexspti_dependency_tracking.so.0.1.0 ../../../GridKit/Model/PhasorDynamics/Governor/Tgov1/libgridkit_phasor_dynamics_governor_tgov1_dependency_tracking.so.0.1.0 ../../../GridKit/Model/PhasorDynamics/Load/LoadZ/libgridkit_phasor_dynamics_loadz_dependency_tracking.so.0.1.0 ../../../GridKit/Model/PhasorDynamics/Load/LoadZIP/libgridkit_phasor_dynamics_loadzip_dependency_tracking.so.0.1.0 ../../../GridKit/Model/PhasorDynamics/SignalSource/libgridkit_phasor_dynamics_signalsource_dependency_tracking.so.0.1.0 ../../../GridKit/Model/PhasorDynamics/Stabilizer/IEEEST/libgridkit_phasor_dynamics_stabilizer_ieeest_dependency_tracking.so.0.1.0 ../../../GridKit/Model/PhasorDynamics/SynchronousMachine/GENROU/libgridkit_phasor_dynamics_genrou_dependency_tracking.so.0.1.0 ../../../GridKit/Model/PhasorDynamics/SynchronousMachine/GENSAL/libgridkit_phasor_dynamics_gensal_dependency_tracking.so.0.1.0 ../../../GridKit/Model/PhasorDynamics/SignalNode/libgridkit_phasor_dynamics_signal_dependency_tracking.so.0.1.0 ../../../GridKit/Model/PhasorDynamics/SynchronousMachine/GenClassical/libgridkit_phasor_dynamics_gen_classical_dependency_tracking.so.0.1.0 ../../../GridKit/LinearAlgebra/SparseMatrix/libgridkit_sparse_matrix.so.0.1.0 ../../../GridKit/Utilities/CliArgs/libgridkit_utilities_cli_args.so.0.1.0 ../../../GridKit/Utilities/Logger/libgridkit_utilities_logger.so.0.1.0
make[2]: Leaving directory '/home/isatkaus/gridkit/build'
[ 93%] Built target test_phasor_system_single_component
[ 94%] Linking CXX executable ThreeBusBasicJson
cd /home/isatkaus/gridkit/build/examples/PhasorDynamics/Tiny/ThreeBus/Basic && /nopt/nrel/apps/cpu_stack/utilities/06-24/linux-rhel8-sapphirerapids/gcc-12.3.0/cmake-3.29.2-6n4msmc4aewj7wyi6b5g644vjrqyqgot/bin/cmake -E cmake_link_script CMakeFiles/ThreeBusBasicJson.dir/link.txt --verbose=1
/nopt/nrel/apps/cpu_stack/software/gridkit/llvm/16.0.6/bin/clang++ --gcc-toolchain=/nopt/nrel/apps/cpu_stack/compilers/06-24/linux-rhel8-sapphirerapids/gcc-12.3.0/gcc-13.1.0-bmut2ysomhthj6y7oyc73c3cmxye57am -Wall -Wextra -Wconversion -Wpedantic -O2 -g -DNDEBUG -Wl,-rpath,/nopt/nrel/apps/cpu_stack/compilers/06-24/linux-rhel8-sapphirerapids/gcc-12.3.0/gcc-13.1.0-bmut2ysomhthj6y7oyc73c3cmxye57am/lib/gcc/x86_64-pc-linux-gnu/13.1.0/../../../../lib64 -Wl,-rpath,/nopt/nrel/apps/cpu_stack/libraries-gcc/06-24/linux-rhel8-sapphirerapids/gcc-12.3.0/netlib-lapack-3.11.0-abk4uhd5cyrfnhh67bcdhyt6fulibezx/lib64 CMakeFiles/ThreeBusBasicJson.dir/ThreeBusBasicJson.cpp.o -o ThreeBusBasicJson  -Wl,-rpath,/home/isatkaus/gridkit/build/GridKit/Model/PhasorDynamics:/home/isatkaus/gridkit/build/GridKit/Solver/Dynamic:/home/isatkaus/gridkit/build/GridKit/Testing:/home/isatkaus/gridkit/build/GridKit/Model/PhasorDynamics/Branch:/home/isatkaus/gridkit/build/GridKit/Model/PhasorDynamics/Bus:/home/isatkaus/gridkit/build/GridKit/Model/PhasorDynamics/BusFault:/home/isatkaus/gridkit/build/GridKit/Model/PhasorDynamics/BusToSignalAdapter:/home/isatkaus/gridkit/build/GridKit/Model/PhasorDynamics/Exciter/IEEET1:/home/isatkaus/gridkit/build/GridKit/Model/PhasorDynamics/Exciter/SEXS-PTI:/home/isatkaus/gridkit/build/GridKit/Model/PhasorDynamics/Governor/Tgov1:/home/isatkaus/gridkit/build/GridKit/Model/PhasorDynamics/Load/LoadZ:/home/isatkaus/gridkit/build/GridKit/Model/PhasorDynamics/Load/LoadZIP:/home/isatkaus/gridkit/build/GridKit/Model/PhasorDynamics/SignalSource:/home/isatkaus/gridkit/build/GridKit/Model/PhasorDynamics/Stabilizer/IEEEST:/home/isatkaus/gridkit/build/GridKit/Model/PhasorDynamics/SynchronousMachine/GENROU:/home/isatkaus/gridkit/build/GridKit/Model/PhasorDynamics/SynchronousMachine/GENSAL:/home/isatkaus/gridkit/build/GridKit/Model/PhasorDynamics/SignalNode:/home/isatkaus/gridkit/build/GridKit/Model/PhasorDynamics/SynchronousMachine/GenClassical:/nopt/nrel/apps/cpu_stack/software/gridkit/sundials/develop/lib64:/nopt/nrel/apps/cpu_stack/software/gridkit/suitesparse/7.8.2/lib64:/home/isatkaus/gridkit/build/GridKit/LinearAlgebra/SparseMatrix:/home/isatkaus/gridkit/build/GridKit/Utilities/CliArgs:/home/isatkaus/gridkit/build/GridKit/Utilities/Logger: ../../../../../GridKit/Model/PhasorDynamics/libgridkit_phasor_dynamics_systemmodel.so.0.1.0 ../../../../../GridKit/Solver/Dynamic/libgridkit_solvers_dyn.so.0.1.0 ../../../../../GridKit/Testing/libgridkit_testing.so.0.1.0 ../../../../../GridKit/Model/PhasorDynamics/Branch/libgridkit_phasor_dynamics_branch.so.0.1.0 ../../../../../GridKit/Model/PhasorDynamics/Bus/libgridkit_phasor_dynamics_bus.so.0.1.0 ../../../../../GridKit/Model/PhasorDynamics/BusFault/libgridkit_phasor_dynamics_bus_fault.so.0.1.0 ../../../../../GridKit/Model/PhasorDynamics/BusToSignalAdapter/libgridkit_phasor_dynamics_bustosignaladapter.so.0.1.0 ../../../../../GridKit/Model/PhasorDynamics/Exciter/IEEET1/libgridkit_phasor_dynamics_exciter_ieeet1.so.0.1.0 ../../../../../GridKit/Model/PhasorDynamics/Exciter/SEXS-PTI/libgridkit_phasor_dynamics_exciter_sexspti.so.0.1.0 ../../../../../GridKit/Model/PhasorDynamics/Governor/Tgov1/libgridkit_phasor_dynamics_governor_tgov1.so.0.1.0 ../../../../../GridKit/Model/PhasorDynamics/Load/LoadZ/libgridkit_phasor_dynamics_loadz.so.0.1.0 ../../../../../GridKit/Model/PhasorDynamics/Load/LoadZIP/libgridkit_phasor_dynamics_loadzip.so.0.1.0 ../../../../../GridKit/Model/PhasorDynamics/SignalSource/libgridkit_phasor_dynamics_signalsource.so.0.1.0 ../../../../../GridKit/Model/PhasorDynamics/Stabilizer/IEEEST/libgridkit_phasor_dynamics_stabilizer_ieeest.so.0.1.0 ../../../../../GridKit/Model/PhasorDynamics/SynchronousMachine/GENROU/libgridkit_phasor_dynamics_genrou.so.0.1.0 ../../../../../GridKit/Model/PhasorDynamics/SynchronousMachine/GENSAL/libgridkit_phasor_dynamics_gensal.so.0.1.0 ../../../../../GridKit/Model/PhasorDynamics/SignalNode/libgridkit_phasor_dynamics_signal.so.0.1.0 ../../../../../GridKit/Model/PhasorDynamics/SynchronousMachine/GenClassical/libgridkit_phasor_dynamics_gen_classical.so.0.1.0 /nopt/nrel/apps/cpu_stack/software/gridkit/sundials/develop/lib64/libsundials_nvecserial.so.7.8.0 /nopt/nrel/apps/cpu_stack/software/gridkit/sundials/develop/lib64/libsundials_idas.so.6.8.0 /nopt/nrel/apps/cpu_stack/software/gridkit/sundials/develop/lib64/libsundials_sunlinsolklu.so.5.8.0 /nopt/nrel/apps/cpu_stack/software/gridkit/sundials/develop/lib64/libsundials_sunmatrixsparse.so.5.8.0 /nopt/nrel/apps/cpu_stack/software/gridkit/sundials/develop/lib64/libsundials_core.so.7.8.0 /nopt/nrel/apps/cpu_stack/software/gridkit/suitesparse/7.8.2/lib64/libklu.so /nopt/nrel/apps/cpu_stack/software/gridkit/suitesparse/7.8.2/lib64/libamd.so /nopt/nrel/apps/cpu_stack/software/gridkit/suitesparse/7.8.2/lib64/libcolamd.so /nopt/nrel/apps/cpu_stack/software/gridkit/suitesparse/7.8.2/lib64/libbtf.so /nopt/nrel/apps/cpu_stack/software/gridkit/suitesparse/7.8.2/lib64/libsuitesparseconfig.so ../../../../../GridKit/LinearAlgebra/SparseMatrix/libgridkit_sparse_matrix.so.0.1.0 ../../../../../GridKit/Utilities/CliArgs/libgridkit_utilities_cli_args.so.0.1.0 ../../../../../GridKit/Utilities/Logger/libgridkit_utilities_logger.so.0.1.0
make[2]: Leaving directory '/home/isatkaus/gridkit/build'
[ 94%] Built target ThreeBusBasicJson
[ 94%] Linking CXX executable test_phasor_system
cd /home/isatkaus/gridkit/build/tests/UnitTests/PhasorDynamics && /nopt/nrel/apps/cpu_stack/utilities/06-24/linux-rhel8-sapphirerapids/gcc-12.3.0/cmake-3.29.2-6n4msmc4aewj7wyi6b5g644vjrqyqgot/bin/cmake -E cmake_link_script CMakeFiles/test_phasor_system.dir/link.txt --verbose=1
/nopt/nrel/apps/cpu_stack/software/gridkit/llvm/16.0.6/bin/clang++ --gcc-toolchain=/nopt/nrel/apps/cpu_stack/compilers/06-24/linux-rhel8-sapphirerapids/gcc-12.3.0/gcc-13.1.0-bmut2ysomhthj6y7oyc73c3cmxye57am -Wall -Wextra -Wconversion -Wpedantic -O2 -g -DNDEBUG -Wl,-rpath,/nopt/nrel/apps/cpu_stack/compilers/06-24/linux-rhel8-sapphirerapids/gcc-12.3.0/gcc-13.1.0-bmut2ysomhthj6y7oyc73c3cmxye57am/lib/gcc/x86_64-pc-linux-gnu/13.1.0/../../../../lib64 -Wl,-rpath,/nopt/nrel/apps/cpu_stack/libraries-gcc/06-24/linux-rhel8-sapphirerapids/gcc-12.3.0/netlib-lapack-3.11.0-abk4uhd5cyrfnhh67bcdhyt6fulibezx/lib64 CMakeFiles/test_phasor_system.dir/runSystemTests.cpp.o -o test_phasor_system  -Wl,-rpath,/home/isatkaus/gridkit/build/GridKit/Model/PhasorDynamics:/home/isatkaus/gridkit/build/GridKit/Testing:/home/isatkaus/gridkit/build/GridKit/Model/PhasorDynamics/Branch:/home/isatkaus/gridkit/build/GridKit/Model/PhasorDynamics/Bus:/home/isatkaus/gridkit/build/GridKit/Model/PhasorDynamics/BusFault:/home/isatkaus/gridkit/build/GridKit/Model/PhasorDynamics/BusToSignalAdapter:/home/isatkaus/gridkit/build/GridKit/Model/PhasorDynamics/Exciter/IEEET1:/home/isatkaus/gridkit/build/GridKit/Model/PhasorDynamics/Exciter/SEXS-PTI:/home/isatkaus/gridkit/build/GridKit/Model/PhasorDynamics/Governor/Tgov1:/home/isatkaus/gridkit/build/GridKit/Model/PhasorDynamics/Load/LoadZ:/home/isatkaus/gridkit/build/GridKit/Model/PhasorDynamics/Load/LoadZIP:/home/isatkaus/gridkit/build/GridKit/Model/PhasorDynamics/SignalSource:/home/isatkaus/gridkit/build/GridKit/Model/PhasorDynamics/Stabilizer/IEEEST:/home/isatkaus/gridkit/build/GridKit/Model/PhasorDynamics/SynchronousMachine/GENROU:/home/isatkaus/gridkit/build/GridKit/Model/PhasorDynamics/SynchronousMachine/GENSAL:/home/isatkaus/gridkit/build/GridKit/Model/PhasorDynamics/SignalNode:/home/isatkaus/gridkit/build/GridKit/Model/PhasorDynamics/SynchronousMachine/GenClassical:/home/isatkaus/gridkit/build/GridKit/LinearAlgebra/SparseMatrix:/home/isatkaus/gridkit/build/GridKit/Utilities/CliArgs:/home/isatkaus/gridkit/build/GridKit/Utilities/Logger: ../../../GridKit/Model/PhasorDynamics/libgridkit_phasor_dynamics_systemmodel.so.0.1.0 ../../../GridKit/Model/PhasorDynamics/libgridkit_phasor_dynamics_systemmodel_dependency_tracking.so.0.1.0 ../../../GridKit/Testing/libgridkit_testing.so.0.1.0 ../../../GridKit/Model/PhasorDynamics/Branch/libgridkit_phasor_dynamics_branch.so.0.1.0 ../../../GridKit/Model/PhasorDynamics/Bus/libgridkit_phasor_dynamics_bus.so.0.1.0 ../../../GridKit/Model/PhasorDynamics/BusFault/libgridkit_phasor_dynamics_bus_fault.so.0.1.0 ../../../GridKit/Model/PhasorDynamics/BusToSignalAdapter/libgridkit_phasor_dynamics_bustosignaladapter.so.0.1.0 ../../../GridKit/Model/PhasorDynamics/Exciter/IEEET1/libgridkit_phasor_dynamics_exciter_ieeet1.so.0.1.0 ../../../GridKit/Model/PhasorDynamics/Exciter/SEXS-PTI/libgridkit_phasor_dynamics_exciter_sexspti.so.0.1.0 ../../../GridKit/Model/PhasorDynamics/Governor/Tgov1/libgridkit_phasor_dynamics_governor_tgov1.so.0.1.0 ../../../GridKit/Model/PhasorDynamics/Load/LoadZ/libgridkit_phasor_dynamics_loadz.so.0.1.0 ../../../GridKit/Model/PhasorDynamics/Load/LoadZIP/libgridkit_phasor_dynamics_loadzip.so.0.1.0 ../../../GridKit/Model/PhasorDynamics/SignalSource/libgridkit_phasor_dynamics_signalsource.so.0.1.0 ../../../GridKit/Model/PhasorDynamics/Stabilizer/IEEEST/libgridkit_phasor_dynamics_stabilizer_ieeest.so.0.1.0 ../../../GridKit/Model/PhasorDynamics/SynchronousMachine/GENROU/libgridkit_phasor_dynamics_genrou.so.0.1.0 ../../../GridKit/Model/PhasorDynamics/SynchronousMachine/GENSAL/libgridkit_phasor_dynamics_gensal.so.0.1.0 ../../../GridKit/Model/PhasorDynamics/SignalNode/libgridkit_phasor_dynamics_signal.so.0.1.0 ../../../GridKit/Model/PhasorDynamics/SynchronousMachine/GenClassical/libgridkit_phasor_dynamics_gen_classical.so.0.1.0 ../../../GridKit/Model/PhasorDynamics/Branch/libgridkit_phasor_dynamics_branch_dependency_tracking.so.0.1.0 ../../../GridKit/Model/PhasorDynamics/Bus/libgridkit_phasor_dynamics_bus_dependency_tracking.so.0.1.0 ../../../GridKit/Model/PhasorDynamics/BusFault/libgridkit_phasor_dynamics_bus_fault_dependency_tracking.so.0.1.0 ../../../GridKit/Model/PhasorDynamics/BusToSignalAdapter/libgridkit_phasor_dynamics_bustosignaladapter_dependency_tracking.so.0.1.0 ../../../GridKit/Model/PhasorDynamics/Exciter/IEEET1/libgridkit_phasor_dynamics_exciter_ieeet1_dependency_tracking.so.0.1.0 ../../../GridKit/Model/PhasorDynamics/Exciter/SEXS-PTI/libgridkit_phasor_dynamics_exciter_sexspti_dependency_tracking.so.0.1.0 ../../../GridKit/Model/PhasorDynamics/Governor/Tgov1/libgridkit_phasor_dynamics_governor_tgov1_dependency_tracking.so.0.1.0 ../../../GridKit/Model/PhasorDynamics/Load/LoadZ/libgridkit_phasor_dynamics_loadz_dependency_tracking.so.0.1.0 ../../../GridKit/Model/PhasorDynamics/Load/LoadZIP/libgridkit_phasor_dynamics_loadzip_dependency_tracking.so.0.1.0 ../../../GridKit/Model/PhasorDynamics/SignalSource/libgridkit_phasor_dynamics_signalsource_dependency_tracking.so.0.1.0 ../../../GridKit/Model/PhasorDynamics/Stabilizer/IEEEST/libgridkit_phasor_dynamics_stabilizer_ieeest_dependency_tracking.so.0.1.0 ../../../GridKit/Model/PhasorDynamics/SynchronousMachine/GENROU/libgridkit_phasor_dynamics_genrou_dependency_tracking.so.0.1.0 ../../../GridKit/Model/PhasorDynamics/SynchronousMachine/GENSAL/libgridkit_phasor_dynamics_gensal_dependency_tracking.so.0.1.0 ../../../GridKit/Model/PhasorDynamics/SignalNode/libgridkit_phasor_dynamics_signal_dependency_tracking.so.0.1.0 ../../../GridKit/Model/PhasorDynamics/SynchronousMachine/GenClassical/libgridkit_phasor_dynamics_gen_classical_dependency_tracking.so.0.1.0 ../../../GridKit/LinearAlgebra/SparseMatrix/libgridkit_sparse_matrix.so.0.1.0 ../../../GridKit/Utilities/CliArgs/libgridkit_utilities_cli_args.so.0.1.0 ../../../GridKit/Utilities/Logger/libgridkit_utilities_logger.so.0.1.0
[ 95%] Linking CXX executable test_phasor_exciter_sexspti
cd /home/isatkaus/gridkit/build/tests/UnitTests/PhasorDynamics && /nopt/nrel/apps/cpu_stack/utilities/06-24/linux-rhel8-sapphirerapids/gcc-12.3.0/cmake-3.29.2-6n4msmc4aewj7wyi6b5g644vjrqyqgot/bin/cmake -E cmake_link_script CMakeFiles/test_phasor_exciter_sexspti.dir/link.txt --verbose=1
/nopt/nrel/apps/cpu_stack/software/gridkit/llvm/16.0.6/bin/clang++ --gcc-toolchain=/nopt/nrel/apps/cpu_stack/compilers/06-24/linux-rhel8-sapphirerapids/gcc-12.3.0/gcc-13.1.0-bmut2ysomhthj6y7oyc73c3cmxye57am -Wall -Wextra -Wconversion -Wpedantic -O2 -g -DNDEBUG -Wl,-rpath,/nopt/nrel/apps/cpu_stack/compilers/06-24/linux-rhel8-sapphirerapids/gcc-12.3.0/gcc-13.1.0-bmut2ysomhthj6y7oyc73c3cmxye57am/lib/gcc/x86_64-pc-linux-gnu/13.1.0/../../../../lib64 -Wl,-rpath,/nopt/nrel/apps/cpu_stack/libraries-gcc/06-24/linux-rhel8-sapphirerapids/gcc-12.3.0/netlib-lapack-3.11.0-abk4uhd5cyrfnhh67bcdhyt6fulibezx/lib64 CMakeFiles/test_phasor_exciter_sexspti.dir/runExciterSexsPtiTests.cpp.o -o test_phasor_exciter_sexspti  -Wl,-rpath,/home/isatkaus/gridkit/build/GridKit/Model/PhasorDynamics:/home/isatkaus/gridkit/build/GridKit/Testing:/home/isatkaus/gridkit/build/GridKit/Model/PhasorDynamics/Branch:/home/isatkaus/gridkit/build/GridKit/Model/PhasorDynamics/Bus:/home/isatkaus/gridkit/build/GridKit/Model/PhasorDynamics/BusFault:/home/isatkaus/gridkit/build/GridKit/Model/PhasorDynamics/BusToSignalAdapter:/home/isatkaus/gridkit/build/GridKit/Model/PhasorDynamics/Exciter/IEEET1:/home/isatkaus/gridkit/build/GridKit/Model/PhasorDynamics/Exciter/SEXS-PTI:/home/isatkaus/gridkit/build/GridKit/Model/PhasorDynamics/Governor/Tgov1:/home/isatkaus/gridkit/build/GridKit/Model/PhasorDynamics/Load/LoadZ:/home/isatkaus/gridkit/build/GridKit/Model/PhasorDynamics/Load/LoadZIP:/home/isatkaus/gridkit/build/GridKit/Model/PhasorDynamics/SignalSource:/home/isatkaus/gridkit/build/GridKit/Model/PhasorDynamics/Stabilizer/IEEEST:/home/isatkaus/gridkit/build/GridKit/Model/PhasorDynamics/SynchronousMachine/GENROU:/home/isatkaus/gridkit/build/GridKit/Model/PhasorDynamics/SynchronousMachine/GENSAL:/home/isatkaus/gridkit/build/GridKit/Model/PhasorDynamics/SignalNode:/home/isatkaus/gridkit/build/GridKit/Model/PhasorDynamics/SynchronousMachine/GenClassical:/home/isatkaus/gridkit/build/GridKit/LinearAlgebra/SparseMatrix:/home/isatkaus/gridkit/build/GridKit/Utilities/CliArgs:/home/isatkaus/gridkit/build/GridKit/Utilities/Logger: ../../../GridKit/Model/PhasorDynamics/libgridkit_phasor_dynamics_systemmodel.so.0.1.0 ../../../GridKit/Model/PhasorDynamics/libgridkit_phasor_dynamics_systemmodel_dependency_tracking.so.0.1.0 ../../../GridKit/Testing/libgridkit_testing.so.0.1.0 ../../../GridKit/Model/PhasorDynamics/Branch/libgridkit_phasor_dynamics_branch.so.0.1.0 ../../../GridKit/Model/PhasorDynamics/Bus/libgridkit_phasor_dynamics_bus.so.0.1.0 ../../../GridKit/Model/PhasorDynamics/BusFault/libgridkit_phasor_dynamics_bus_fault.so.0.1.0 ../../../GridKit/Model/PhasorDynamics/BusToSignalAdapter/libgridkit_phasor_dynamics_bustosignaladapter.so.0.1.0 ../../../GridKit/Model/PhasorDynamics/Exciter/IEEET1/libgridkit_phasor_dynamics_exciter_ieeet1.so.0.1.0 ../../../GridKit/Model/PhasorDynamics/Exciter/SEXS-PTI/libgridkit_phasor_dynamics_exciter_sexspti.so.0.1.0 ../../../GridKit/Model/PhasorDynamics/Governor/Tgov1/libgridkit_phasor_dynamics_governor_tgov1.so.0.1.0 ../../../GridKit/Model/PhasorDynamics/Load/LoadZ/libgridkit_phasor_dynamics_loadz.so.0.1.0 ../../../GridKit/Model/PhasorDynamics/Load/LoadZIP/libgridkit_phasor_dynamics_loadzip.so.0.1.0 ../../../GridKit/Model/PhasorDynamics/SignalSource/libgridkit_phasor_dynamics_signalsource.so.0.1.0 ../../../GridKit/Model/PhasorDynamics/Stabilizer/IEEEST/libgridkit_phasor_dynamics_stabilizer_ieeest.so.0.1.0 ../../../GridKit/Model/PhasorDynamics/SynchronousMachine/GENROU/libgridkit_phasor_dynamics_genrou.so.0.1.0 ../../../GridKit/Model/PhasorDynamics/SynchronousMachine/GENSAL/libgridkit_phasor_dynamics_gensal.so.0.1.0 ../../../GridKit/Model/PhasorDynamics/SignalNode/libgridkit_phasor_dynamics_signal.so.0.1.0 ../../../GridKit/Model/PhasorDynamics/SynchronousMachine/GenClassical/libgridkit_phasor_dynamics_gen_classical.so.0.1.0 ../../../GridKit/Model/PhasorDynamics/Branch/libgridkit_phasor_dynamics_branch_dependency_tracking.so.0.1.0 ../../../GridKit/Model/PhasorDynamics/Bus/libgridkit_phasor_dynamics_bus_dependency_tracking.so.0.1.0 ../../../GridKit/Model/PhasorDynamics/BusFault/libgridkit_phasor_dynamics_bus_fault_dependency_tracking.so.0.1.0 ../../../GridKit/Model/PhasorDynamics/BusToSignalAdapter/libgridkit_phasor_dynamics_bustosignaladapter_dependency_tracking.so.0.1.0 ../../../GridKit/Model/PhasorDynamics/Exciter/IEEET1/libgridkit_phasor_dynamics_exciter_ieeet1_dependency_tracking.so.0.1.0 ../../../GridKit/Model/PhasorDynamics/Exciter/SEXS-PTI/libgridkit_phasor_dynamics_exciter_sexspti_dependency_tracking.so.0.1.0 ../../../GridKit/Model/PhasorDynamics/Governor/Tgov1/libgridkit_phasor_dynamics_governor_tgov1_dependency_tracking.so.0.1.0 ../../../GridKit/Model/PhasorDynamics/Load/LoadZ/libgridkit_phasor_dynamics_loadz_dependency_tracking.so.0.1.0 ../../../GridKit/Model/PhasorDynamics/Load/LoadZIP/libgridkit_phasor_dynamics_loadzip_dependency_tracking.so.0.1.0 ../../../GridKit/Model/PhasorDynamics/SignalSource/libgridkit_phasor_dynamics_signalsource_dependency_tracking.so.0.1.0 ../../../GridKit/Model/PhasorDynamics/Stabilizer/IEEEST/libgridkit_phasor_dynamics_stabilizer_ieeest_dependency_tracking.so.0.1.0 ../../../GridKit/Model/PhasorDynamics/SynchronousMachine/GENROU/libgridkit_phasor_dynamics_genrou_dependency_tracking.so.0.1.0 ../../../GridKit/Model/PhasorDynamics/SynchronousMachine/GENSAL/libgridkit_phasor_dynamics_gensal_dependency_tracking.so.0.1.0 ../../../GridKit/Model/PhasorDynamics/SignalNode/libgridkit_phasor_dynamics_signal_dependency_tracking.so.0.1.0 ../../../GridKit/Model/PhasorDynamics/SynchronousMachine/GenClassical/libgridkit_phasor_dynamics_gen_classical_dependency_tracking.so.0.1.0 ../../../GridKit/LinearAlgebra/SparseMatrix/libgridkit_sparse_matrix.so.0.1.0 ../../../GridKit/Utilities/CliArgs/libgridkit_utilities_cli_args.so.0.1.0 ../../../GridKit/Utilities/Logger/libgridkit_utilities_logger.so.0.1.0
make[2]: Leaving directory '/home/isatkaus/gridkit/build'
[ 95%] Built target test_phasor_system
make[2]: Leaving directory '/home/isatkaus/gridkit/build'
[ 95%] Built target test_phasor_exciter_sexspti
[ 95%] Linking CXX executable DynamicSimulation
cd /home/isatkaus/gridkit/build/application/PhasorDynamics && /nopt/nrel/apps/cpu_stack/utilities/06-24/linux-rhel8-sapphirerapids/gcc-12.3.0/cmake-3.29.2-6n4msmc4aewj7wyi6b5g644vjrqyqgot/bin/cmake -E cmake_link_script CMakeFiles/DynamicSimulation.dir/link.txt --verbose=1
/nopt/nrel/apps/cpu_stack/software/gridkit/llvm/16.0.6/bin/clang++ --gcc-toolchain=/nopt/nrel/apps/cpu_stack/compilers/06-24/linux-rhel8-sapphirerapids/gcc-12.3.0/gcc-13.1.0-bmut2ysomhthj6y7oyc73c3cmxye57am -Wall -Wextra -Wconversion -Wpedantic -O2 -g -DNDEBUG -Wl,-rpath,/nopt/nrel/apps/cpu_stack/compilers/06-24/linux-rhel8-sapphirerapids/gcc-12.3.0/gcc-13.1.0-bmut2ysomhthj6y7oyc73c3cmxye57am/lib/gcc/x86_64-pc-linux-gnu/13.1.0/../../../../lib64 -Wl,-rpath,/nopt/nrel/apps/cpu_stack/libraries-gcc/06-24/linux-rhel8-sapphirerapids/gcc-12.3.0/netlib-lapack-3.11.0-abk4uhd5cyrfnhh67bcdhyt6fulibezx/lib64 CMakeFiles/DynamicSimulation.dir/DynamicSimulation.cpp.o -o DynamicSimulation  -Wl,-rpath,/home/isatkaus/gridkit/build/GridKit/Model/PhasorDynamics:/home/isatkaus/gridkit/build/GridKit/Solver/Dynamic:/home/isatkaus/gridkit/build/GridKit/Testing:/home/isatkaus/gridkit/build/GridKit/Model/PhasorDynamics/Branch:/home/isatkaus/gridkit/build/GridKit/Model/PhasorDynamics/Bus:/home/isatkaus/gridkit/build/GridKit/Model/PhasorDynamics/BusFault:/home/isatkaus/gridkit/build/GridKit/Model/PhasorDynamics/BusToSignalAdapter:/home/isatkaus/gridkit/build/GridKit/Model/PhasorDynamics/Exciter/IEEET1:/home/isatkaus/gridkit/build/GridKit/Model/PhasorDynamics/Exciter/SEXS-PTI:/home/isatkaus/gridkit/build/GridKit/Model/PhasorDynamics/Governor/Tgov1:/home/isatkaus/gridkit/build/GridKit/Model/PhasorDynamics/Load/LoadZ:/home/isatkaus/gridkit/build/GridKit/Model/PhasorDynamics/Load/LoadZIP:/home/isatkaus/gridkit/build/GridKit/Model/PhasorDynamics/SignalSource:/home/isatkaus/gridkit/build/GridKit/Model/PhasorDynamics/Stabilizer/IEEEST:/home/isatkaus/gridkit/build/GridKit/Model/PhasorDynamics/SynchronousMachine/GENROU:/home/isatkaus/gridkit/build/GridKit/Model/PhasorDynamics/SynchronousMachine/GENSAL:/home/isatkaus/gridkit/build/GridKit/Model/PhasorDynamics/SignalNode:/home/isatkaus/gridkit/build/GridKit/Model/PhasorDynamics/SynchronousMachine/GenClassical:/nopt/nrel/apps/cpu_stack/software/gridkit/sundials/develop/lib64:/nopt/nrel/apps/cpu_stack/software/gridkit/suitesparse/7.8.2/lib64:/home/isatkaus/gridkit/build/GridKit/LinearAlgebra/SparseMatrix:/home/isatkaus/gridkit/build/GridKit/Utilities/CliArgs:/home/isatkaus/gridkit/build/GridKit/Utilities/Logger: ../../GridKit/Model/PhasorDynamics/libgridkit_phasor_dynamics_systemmodel.so.0.1.0 ../../GridKit/Solver/Dynamic/libgridkit_solvers_dyn.so.0.1.0 ../../GridKit/Testing/libgridkit_testing.so.0.1.0 ../../GridKit/Model/PhasorDynamics/Branch/libgridkit_phasor_dynamics_branch.so.0.1.0 ../../GridKit/Model/PhasorDynamics/Bus/libgridkit_phasor_dynamics_bus.so.0.1.0 ../../GridKit/Model/PhasorDynamics/BusFault/libgridkit_phasor_dynamics_bus_fault.so.0.1.0 ../../GridKit/Model/PhasorDynamics/BusToSignalAdapter/libgridkit_phasor_dynamics_bustosignaladapter.so.0.1.0 ../../GridKit/Model/PhasorDynamics/Exciter/IEEET1/libgridkit_phasor_dynamics_exciter_ieeet1.so.0.1.0 ../../GridKit/Model/PhasorDynamics/Exciter/SEXS-PTI/libgridkit_phasor_dynamics_exciter_sexspti.so.0.1.0 ../../GridKit/Model/PhasorDynamics/Governor/Tgov1/libgridkit_phasor_dynamics_governor_tgov1.so.0.1.0 ../../GridKit/Model/PhasorDynamics/Load/LoadZ/libgridkit_phasor_dynamics_loadz.so.0.1.0 ../../GridKit/Model/PhasorDynamics/Load/LoadZIP/libgridkit_phasor_dynamics_loadzip.so.0.1.0 ../../GridKit/Model/PhasorDynamics/SignalSource/libgridkit_phasor_dynamics_signalsource.so.0.1.0 ../../GridKit/Model/PhasorDynamics/Stabilizer/IEEEST/libgridkit_phasor_dynamics_stabilizer_ieeest.so.0.1.0 ../../GridKit/Model/PhasorDynamics/SynchronousMachine/GENROU/libgridkit_phasor_dynamics_genrou.so.0.1.0 ../../GridKit/Model/PhasorDynamics/SynchronousMachine/GENSAL/libgridkit_phasor_dynamics_gensal.so.0.1.0 ../../GridKit/Model/PhasorDynamics/SignalNode/libgridkit_phasor_dynamics_signal.so.0.1.0 ../../GridKit/Model/PhasorDynamics/SynchronousMachine/GenClassical/libgridkit_phasor_dynamics_gen_classical.so.0.1.0 /nopt/nrel/apps/cpu_stack/software/gridkit/sundials/develop/lib64/libsundials_nvecserial.so.7.8.0 /nopt/nrel/apps/cpu_stack/software/gridkit/sundials/develop/lib64/libsundials_idas.so.6.8.0 /nopt/nrel/apps/cpu_stack/software/gridkit/sundials/develop/lib64/libsundials_sunlinsolklu.so.5.8.0 /nopt/nrel/apps/cpu_stack/software/gridkit/sundials/develop/lib64/libsundials_sunmatrixsparse.so.5.8.0 /nopt/nrel/apps/cpu_stack/software/gridkit/sundials/develop/lib64/libsundials_core.so.7.8.0 /nopt/nrel/apps/cpu_stack/software/gridkit/suitesparse/7.8.2/lib64/libklu.so /nopt/nrel/apps/cpu_stack/software/gridkit/suitesparse/7.8.2/lib64/libamd.so /nopt/nrel/apps/cpu_stack/software/gridkit/suitesparse/7.8.2/lib64/libcolamd.so /nopt/nrel/apps/cpu_stack/software/gridkit/suitesparse/7.8.2/lib64/libbtf.so /nopt/nrel/apps/cpu_stack/software/gridkit/suitesparse/7.8.2/lib64/libsuitesparseconfig.so ../../GridKit/LinearAlgebra/SparseMatrix/libgridkit_sparse_matrix.so.0.1.0 ../../GridKit/Utilities/CliArgs/libgridkit_utilities_cli_args.so.0.1.0 ../../GridKit/Utilities/Logger/libgridkit_utilities_logger.so.0.1.0
make[2]: Leaving directory '/home/isatkaus/gridkit/build'
[ 95%] Built target DynamicSimulation
[ 95%] Linking CXX executable ContingencyAnalysis
cd /home/isatkaus/gridkit/build/application/PhasorDynamics && /nopt/nrel/apps/cpu_stack/utilities/06-24/linux-rhel8-sapphirerapids/gcc-12.3.0/cmake-3.29.2-6n4msmc4aewj7wyi6b5g644vjrqyqgot/bin/cmake -E cmake_link_script CMakeFiles/ContingencyAnalysis.dir/link.txt --verbose=1
/nopt/nrel/apps/cpu_stack/software/gridkit/llvm/16.0.6/bin/clang++ --gcc-toolchain=/nopt/nrel/apps/cpu_stack/compilers/06-24/linux-rhel8-sapphirerapids/gcc-12.3.0/gcc-13.1.0-bmut2ysomhthj6y7oyc73c3cmxye57am -Wall -Wextra -Wconversion -Wpedantic -O2 -g -DNDEBUG -Wl,-rpath,/nopt/nrel/apps/cpu_stack/compilers/06-24/linux-rhel8-sapphirerapids/gcc-12.3.0/gcc-13.1.0-bmut2ysomhthj6y7oyc73c3cmxye57am/lib/gcc/x86_64-pc-linux-gnu/13.1.0/../../../../lib64 -Wl,-rpath,/nopt/nrel/apps/cpu_stack/libraries-gcc/06-24/linux-rhel8-sapphirerapids/gcc-12.3.0/netlib-lapack-3.11.0-abk4uhd5cyrfnhh67bcdhyt6fulibezx/lib64 CMakeFiles/ContingencyAnalysis.dir/ContingencyAnalysis.cpp.o -o ContingencyAnalysis  -Wl,-rpath,/home/isatkaus/gridkit/build/GridKit/Model/PhasorDynamics:/home/isatkaus/gridkit/build/GridKit/Solver/Dynamic:/home/isatkaus/gridkit/build/GridKit/Testing:/home/isatkaus/gridkit/build/GridKit/Model/PhasorDynamics/Branch:/home/isatkaus/gridkit/build/GridKit/Model/PhasorDynamics/Bus:/home/isatkaus/gridkit/build/GridKit/Model/PhasorDynamics/BusFault:/home/isatkaus/gridkit/build/GridKit/Model/PhasorDynamics/BusToSignalAdapter:/home/isatkaus/gridkit/build/GridKit/Model/PhasorDynamics/Exciter/IEEET1:/home/isatkaus/gridkit/build/GridKit/Model/PhasorDynamics/Exciter/SEXS-PTI:/home/isatkaus/gridkit/build/GridKit/Model/PhasorDynamics/Governor/Tgov1:/home/isatkaus/gridkit/build/GridKit/Model/PhasorDynamics/Load/LoadZ:/home/isatkaus/gridkit/build/GridKit/Model/PhasorDynamics/Load/LoadZIP:/home/isatkaus/gridkit/build/GridKit/Model/PhasorDynamics/SignalSource:/home/isatkaus/gridkit/build/GridKit/Model/PhasorDynamics/Stabilizer/IEEEST:/home/isatkaus/gridkit/build/GridKit/Model/PhasorDynamics/SynchronousMachine/GENROU:/home/isatkaus/gridkit/build/GridKit/Model/PhasorDynamics/SynchronousMachine/GENSAL:/home/isatkaus/gridkit/build/GridKit/Model/PhasorDynamics/SignalNode:/home/isatkaus/gridkit/build/GridKit/Model/PhasorDynamics/SynchronousMachine/GenClassical:/nopt/nrel/apps/cpu_stack/software/gridkit/sundials/develop/lib64:/nopt/nrel/apps/cpu_stack/software/gridkit/suitesparse/7.8.2/lib64:/home/isatkaus/gridkit/build/GridKit/LinearAlgebra/SparseMatrix:/home/isatkaus/gridkit/build/GridKit/Utilities/CliArgs:/home/isatkaus/gridkit/build/GridKit/Utilities/Logger: ../../GridKit/Model/PhasorDynamics/libgridkit_phasor_dynamics_systemmodel.so.0.1.0 ../../GridKit/Solver/Dynamic/libgridkit_solvers_dyn.so.0.1.0 ../../GridKit/Testing/libgridkit_testing.so.0.1.0 ../../GridKit/Model/PhasorDynamics/Branch/libgridkit_phasor_dynamics_branch.so.0.1.0 ../../GridKit/Model/PhasorDynamics/Bus/libgridkit_phasor_dynamics_bus.so.0.1.0 ../../GridKit/Model/PhasorDynamics/BusFault/libgridkit_phasor_dynamics_bus_fault.so.0.1.0 ../../GridKit/Model/PhasorDynamics/BusToSignalAdapter/libgridkit_phasor_dynamics_bustosignaladapter.so.0.1.0 ../../GridKit/Model/PhasorDynamics/Exciter/IEEET1/libgridkit_phasor_dynamics_exciter_ieeet1.so.0.1.0 ../../GridKit/Model/PhasorDynamics/Exciter/SEXS-PTI/libgridkit_phasor_dynamics_exciter_sexspti.so.0.1.0 ../../GridKit/Model/PhasorDynamics/Governor/Tgov1/libgridkit_phasor_dynamics_governor_tgov1.so.0.1.0 ../../GridKit/Model/PhasorDynamics/Load/LoadZ/libgridkit_phasor_dynamics_loadz.so.0.1.0 ../../GridKit/Model/PhasorDynamics/Load/LoadZIP/libgridkit_phasor_dynamics_loadzip.so.0.1.0 ../../GridKit/Model/PhasorDynamics/SignalSource/libgridkit_phasor_dynamics_signalsource.so.0.1.0 ../../GridKit/Model/PhasorDynamics/Stabilizer/IEEEST/libgridkit_phasor_dynamics_stabilizer_ieeest.so.0.1.0 ../../GridKit/Model/PhasorDynamics/SynchronousMachine/GENROU/libgridkit_phasor_dynamics_genrou.so.0.1.0 ../../GridKit/Model/PhasorDynamics/SynchronousMachine/GENSAL/libgridkit_phasor_dynamics_gensal.so.0.1.0 ../../GridKit/Model/PhasorDynamics/SignalNode/libgridkit_phasor_dynamics_signal.so.0.1.0 ../../GridKit/Model/PhasorDynamics/SynchronousMachine/GenClassical/libgridkit_phasor_dynamics_gen_classical.so.0.1.0 /nopt/nrel/apps/cpu_stack/software/gridkit/sundials/develop/lib64/libsundials_nvecserial.so.7.8.0 /nopt/nrel/apps/cpu_stack/software/gridkit/sundials/develop/lib64/libsundials_idas.so.6.8.0 /nopt/nrel/apps/cpu_stack/software/gridkit/sundials/develop/lib64/libsundials_sunlinsolklu.so.5.8.0 /nopt/nrel/apps/cpu_stack/software/gridkit/sundials/develop/lib64/libsundials_sunmatrixsparse.so.5.8.0 /nopt/nrel/apps/cpu_stack/software/gridkit/sundials/develop/lib64/libsundials_core.so.7.8.0 /nopt/nrel/apps/cpu_stack/software/gridkit/suitesparse/7.8.2/lib64/libklu.so /nopt/nrel/apps/cpu_stack/software/gridkit/suitesparse/7.8.2/lib64/libamd.so /nopt/nrel/apps/cpu_stack/software/gridkit/suitesparse/7.8.2/lib64/libcolamd.so /nopt/nrel/apps/cpu_stack/software/gridkit/suitesparse/7.8.2/lib64/libbtf.so /nopt/nrel/apps/cpu_stack/software/gridkit/suitesparse/7.8.2/lib64/libsuitesparseconfig.so ../../GridKit/LinearAlgebra/SparseMatrix/libgridkit_sparse_matrix.so.0.1.0 ../../GridKit/Utilities/CliArgs/libgridkit_utilities_cli_args.so.0.1.0 ../../GridKit/Utilities/Logger/libgridkit_utilities_logger.so.0.1.0
make[2]: Leaving directory '/home/isatkaus/gridkit/build'
[ 95%] Built target ContingencyAnalysis
[ 96%] Linking CXX executable test_case_format
cd /home/isatkaus/gridkit/build/tests/UnitTests/Utilities && /nopt/nrel/apps/cpu_stack/utilities/06-24/linux-rhel8-sapphirerapids/gcc-12.3.0/cmake-3.29.2-6n4msmc4aewj7wyi6b5g644vjrqyqgot/bin/cmake -E cmake_link_script CMakeFiles/test_case_format.dir/link.txt --verbose=1
/nopt/nrel/apps/cpu_stack/software/gridkit/llvm/16.0.6/bin/clang++ --gcc-toolchain=/nopt/nrel/apps/cpu_stack/compilers/06-24/linux-rhel8-sapphirerapids/gcc-12.3.0/gcc-13.1.0-bmut2ysomhthj6y7oyc73c3cmxye57am -Wall -Wextra -Wconversion -Wpedantic -O2 -g -DNDEBUG -Wl,-rpath,/nopt/nrel/apps/cpu_stack/compilers/06-24/linux-rhel8-sapphirerapids/gcc-12.3.0/gcc-13.1.0-bmut2ysomhthj6y7oyc73c3cmxye57am/lib/gcc/x86_64-pc-linux-gnu/13.1.0/../../../../lib64 -Wl,-rpath,/nopt/nrel/apps/cpu_stack/libraries-gcc/06-24/linux-rhel8-sapphirerapids/gcc-12.3.0/netlib-lapack-3.11.0-abk4uhd5cyrfnhh67bcdhyt6fulibezx/lib64 CMakeFiles/test_case_format.dir/runCaseFormatTests.cpp.o -o test_case_format  -Wl,-rpath,/home/isatkaus/gridkit/build/GridKit/Model/PhasorDynamics:/home/isatkaus/gridkit/build/GridKit/Testing:/home/isatkaus/gridkit/build/GridKit/Model/PhasorDynamics/Branch:/home/isatkaus/gridkit/build/GridKit/Model/PhasorDynamics/Bus:/home/isatkaus/gridkit/build/GridKit/Model/PhasorDynamics/BusFault:/home/isatkaus/gridkit/build/GridKit/Model/PhasorDynamics/BusToSignalAdapter:/home/isatkaus/gridkit/build/GridKit/Model/PhasorDynamics/Exciter/IEEET1:/home/isatkaus/gridkit/build/GridKit/Model/PhasorDynamics/Exciter/SEXS-PTI:/home/isatkaus/gridkit/build/GridKit/Model/PhasorDynamics/Governor/Tgov1:/home/isatkaus/gridkit/build/GridKit/Model/PhasorDynamics/Load/LoadZ:/home/isatkaus/gridkit/build/GridKit/Model/PhasorDynamics/Load/LoadZIP:/home/isatkaus/gridkit/build/GridKit/Model/PhasorDynamics/SignalSource:/home/isatkaus/gridkit/build/GridKit/Model/PhasorDynamics/Stabilizer/IEEEST:/home/isatkaus/gridkit/build/GridKit/Model/PhasorDynamics/SynchronousMachine/GENROU:/home/isatkaus/gridkit/build/GridKit/Model/PhasorDynamics/SynchronousMachine/GENSAL:/home/isatkaus/gridkit/build/GridKit/Model/PhasorDynamics/SignalNode:/home/isatkaus/gridkit/build/GridKit/Model/PhasorDynamics/SynchronousMachine/GenClassical:/home/isatkaus/gridkit/build/GridKit/LinearAlgebra/SparseMatrix:/home/isatkaus/gridkit/build/GridKit/Utilities/CliArgs:/home/isatkaus/gridkit/build/GridKit/Utilities/Logger: ../../../GridKit/Model/PhasorDynamics/libgridkit_phasor_dynamics_systemmodel.so.0.1.0 ../../../GridKit/Testing/libgridkit_testing.so.0.1.0 ../../../GridKit/Model/PhasorDynamics/Branch/libgridkit_phasor_dynamics_branch.so.0.1.0 ../../../GridKit/Model/PhasorDynamics/Bus/libgridkit_phasor_dynamics_bus.so.0.1.0 ../../../GridKit/Model/PhasorDynamics/BusFault/libgridkit_phasor_dynamics_bus_fault.so.0.1.0 ../../../GridKit/Model/PhasorDynamics/BusToSignalAdapter/libgridkit_phasor_dynamics_bustosignaladapter.so.0.1.0 ../../../GridKit/Model/PhasorDynamics/Exciter/IEEET1/libgridkit_phasor_dynamics_exciter_ieeet1.so.0.1.0 ../../../GridKit/Model/PhasorDynamics/Exciter/SEXS-PTI/libgridkit_phasor_dynamics_exciter_sexspti.so.0.1.0 ../../../GridKit/Model/PhasorDynamics/Governor/Tgov1/libgridkit_phasor_dynamics_governor_tgov1.so.0.1.0 ../../../GridKit/Model/PhasorDynamics/Load/LoadZ/libgridkit_phasor_dynamics_loadz.so.0.1.0 ../../../GridKit/Model/PhasorDynamics/Load/LoadZIP/libgridkit_phasor_dynamics_loadzip.so.0.1.0 ../../../GridKit/Model/PhasorDynamics/SignalSource/libgridkit_phasor_dynamics_signalsource.so.0.1.0 ../../../GridKit/Model/PhasorDynamics/Stabilizer/IEEEST/libgridkit_phasor_dynamics_stabilizer_ieeest.so.0.1.0 ../../../GridKit/Model/PhasorDynamics/SynchronousMachine/GENROU/libgridkit_phasor_dynamics_genrou.so.0.1.0 ../../../GridKit/Model/PhasorDynamics/SynchronousMachine/GENSAL/libgridkit_phasor_dynamics_gensal.so.0.1.0 ../../../GridKit/Model/PhasorDynamics/SignalNode/libgridkit_phasor_dynamics_signal.so.0.1.0 ../../../GridKit/Model/PhasorDynamics/SynchronousMachine/GenClassical/libgridkit_phasor_dynamics_gen_classical.so.0.1.0 ../../../GridKit/LinearAlgebra/SparseMatrix/libgridkit_sparse_matrix.so.0.1.0 ../../../GridKit/Utilities/CliArgs/libgridkit_utilities_cli_args.so.0.1.0 ../../../GridKit/Utilities/Logger/libgridkit_utilities_logger.so.0.1.0
make[2]: Leaving directory '/home/isatkaus/gridkit/build'
[ 96%] Built target test_case_format
[ 96%] Linking CXX executable TwoBusTgov1Json
cd /home/isatkaus/gridkit/build/examples/PhasorDynamics/Tiny/TwoBus/Tgov1 && /nopt/nrel/apps/cpu_stack/utilities/06-24/linux-rhel8-sapphirerapids/gcc-12.3.0/cmake-3.29.2-6n4msmc4aewj7wyi6b5g644vjrqyqgot/bin/cmake -E cmake_link_script CMakeFiles/TwoBusTgov1Json.dir/link.txt --verbose=1
/nopt/nrel/apps/cpu_stack/software/gridkit/llvm/16.0.6/bin/clang++ --gcc-toolchain=/nopt/nrel/apps/cpu_stack/compilers/06-24/linux-rhel8-sapphirerapids/gcc-12.3.0/gcc-13.1.0-bmut2ysomhthj6y7oyc73c3cmxye57am -Wall -Wextra -Wconversion -Wpedantic -O2 -g -DNDEBUG -Wl,-rpath,/nopt/nrel/apps/cpu_stack/compilers/06-24/linux-rhel8-sapphirerapids/gcc-12.3.0/gcc-13.1.0-bmut2ysomhthj6y7oyc73c3cmxye57am/lib/gcc/x86_64-pc-linux-gnu/13.1.0/../../../../lib64 -Wl,-rpath,/nopt/nrel/apps/cpu_stack/libraries-gcc/06-24/linux-rhel8-sapphirerapids/gcc-12.3.0/netlib-lapack-3.11.0-abk4uhd5cyrfnhh67bcdhyt6fulibezx/lib64 CMakeFiles/TwoBusTgov1Json.dir/TwoBusTgov1Json.cpp.o -o TwoBusTgov1Json  -Wl,-rpath,/home/isatkaus/gridkit/build/GridKit/Model/PhasorDynamics:/home/isatkaus/gridkit/build/GridKit/Solver/Dynamic:/home/isatkaus/gridkit/build/GridKit/Model/PhasorDynamics/Branch:/home/isatkaus/gridkit/build/GridKit/Model/PhasorDynamics/Bus:/home/isatkaus/gridkit/build/GridKit/Model/PhasorDynamics/BusFault:/home/isatkaus/gridkit/build/GridKit/Model/PhasorDynamics/BusToSignalAdapter:/home/isatkaus/gridkit/build/GridKit/Model/PhasorDynamics/Exciter/IEEET1:/home/isatkaus/gridkit/build/GridKit/Model/PhasorDynamics/Exciter/SEXS-PTI:/home/isatkaus/gridkit/build/GridKit/Model/PhasorDynamics/Governor/Tgov1:/home/isatkaus/gridkit/build/GridKit/Model/PhasorDynamics/Load/LoadZ:/home/isatkaus/gridkit/build/GridKit/Model/PhasorDynamics/Load/LoadZIP:/home/isatkaus/gridkit/build/GridKit/Model/PhasorDynamics/SignalSource:/home/isatkaus/gridkit/build/GridKit/Model/PhasorDynamics/Stabilizer/IEEEST:/home/isatkaus/gridkit/build/GridKit/Model/PhasorDynamics/SynchronousMachine/GENROU:/home/isatkaus/gridkit/build/GridKit/Model/PhasorDynamics/SynchronousMachine/GENSAL:/home/isatkaus/gridkit/build/GridKit/Model/PhasorDynamics/SignalNode:/home/isatkaus/gridkit/build/GridKit/Model/PhasorDynamics/SynchronousMachine/GenClassical:/nopt/nrel/apps/cpu_stack/software/gridkit/sundials/develop/lib64:/nopt/nrel/apps/cpu_stack/software/gridkit/suitesparse/7.8.2/lib64:/home/isatkaus/gridkit/build/GridKit/Utilities/Logger:/home/isatkaus/gridkit/build/GridKit/LinearAlgebra/SparseMatrix: ../../../../../GridKit/Model/PhasorDynamics/libgridkit_phasor_dynamics_systemmodel.so.0.1.0 ../../../../../GridKit/Solver/Dynamic/libgridkit_solvers_dyn.so.0.1.0 ../../../../../GridKit/Model/PhasorDynamics/Branch/libgridkit_phasor_dynamics_branch.so.0.1.0 ../../../../../GridKit/Model/PhasorDynamics/Bus/libgridkit_phasor_dynamics_bus.so.0.1.0 ../../../../../GridKit/Model/PhasorDynamics/BusFault/libgridkit_phasor_dynamics_bus_fault.so.0.1.0 ../../../../../GridKit/Model/PhasorDynamics/BusToSignalAdapter/libgridkit_phasor_dynamics_bustosignaladapter.so.0.1.0 ../../../../../GridKit/Model/PhasorDynamics/Exciter/IEEET1/libgridkit_phasor_dynamics_exciter_ieeet1.so.0.1.0 ../../../../../GridKit/Model/PhasorDynamics/Exciter/SEXS-PTI/libgridkit_phasor_dynamics_exciter_sexspti.so.0.1.0 ../../../../../GridKit/Model/PhasorDynamics/Governor/Tgov1/libgridkit_phasor_dynamics_governor_tgov1.so.0.1.0 ../../../../../GridKit/Model/PhasorDynamics/Load/LoadZ/libgridkit_phasor_dynamics_loadz.so.0.1.0 ../../../../../GridKit/Model/PhasorDynamics/Load/LoadZIP/libgridkit_phasor_dynamics_loadzip.so.0.1.0 ../../../../../GridKit/Model/PhasorDynamics/SignalSource/libgridkit_phasor_dynamics_signalsource.so.0.1.0 ../../../../../GridKit/Model/PhasorDynamics/Stabilizer/IEEEST/libgridkit_phasor_dynamics_stabilizer_ieeest.so.0.1.0 ../../../../../GridKit/Model/PhasorDynamics/SynchronousMachine/GENROU/libgridkit_phasor_dynamics_genrou.so.0.1.0 ../../../../../GridKit/Model/PhasorDynamics/SynchronousMachine/GENSAL/libgridkit_phasor_dynamics_gensal.so.0.1.0 ../../../../../GridKit/Model/PhasorDynamics/SignalNode/libgridkit_phasor_dynamics_signal.so.0.1.0 ../../../../../GridKit/Model/PhasorDynamics/SynchronousMachine/GenClassical/libgridkit_phasor_dynamics_gen_classical.so.0.1.0 /nopt/nrel/apps/cpu_stack/software/gridkit/sundials/develop/lib64/libsundials_nvecserial.so.7.8.0 /nopt/nrel/apps/cpu_stack/software/gridkit/sundials/develop/lib64/libsundials_idas.so.6.8.0 /nopt/nrel/apps/cpu_stack/software/gridkit/sundials/develop/lib64/libsundials_sunlinsolklu.so.5.8.0 /nopt/nrel/apps/cpu_stack/software/gridkit/sundials/develop/lib64/libsundials_sunmatrixsparse.so.5.8.0 /nopt/nrel/apps/cpu_stack/software/gridkit/sundials/develop/lib64/libsundials_core.so.7.8.0 /nopt/nrel/apps/cpu_stack/software/gridkit/suitesparse/7.8.2/lib64/libklu.so /nopt/nrel/apps/cpu_stack/software/gridkit/suitesparse/7.8.2/lib64/libamd.so /nopt/nrel/apps/cpu_stack/software/gridkit/suitesparse/7.8.2/lib64/libcolamd.so /nopt/nrel/apps/cpu_stack/software/gridkit/suitesparse/7.8.2/lib64/libbtf.so /nopt/nrel/apps/cpu_stack/software/gridkit/suitesparse/7.8.2/lib64/libsuitesparseconfig.so ../../../../../GridKit/Utilities/Logger/libgridkit_utilities_logger.so.0.1.0 ../../../../../GridKit/LinearAlgebra/SparseMatrix/libgridkit_sparse_matrix.so.0.1.0
[ 96%] Linking CXX executable TwoBusBasicJson
make[2]: Leaving directory '/home/isatkaus/gridkit/build'
[ 96%] Built target TwoBusTgov1Json
cd /home/isatkaus/gridkit/build/examples/PhasorDynamics/Tiny/TwoBus/Basic && /nopt/nrel/apps/cpu_stack/utilities/06-24/linux-rhel8-sapphirerapids/gcc-12.3.0/cmake-3.29.2-6n4msmc4aewj7wyi6b5g644vjrqyqgot/bin/cmake -E cmake_link_script CMakeFiles/TwoBusBasicJson.dir/link.txt --verbose=1
/nopt/nrel/apps/cpu_stack/software/gridkit/llvm/16.0.6/bin/clang++ --gcc-toolchain=/nopt/nrel/apps/cpu_stack/compilers/06-24/linux-rhel8-sapphirerapids/gcc-12.3.0/gcc-13.1.0-bmut2ysomhthj6y7oyc73c3cmxye57am -Wall -Wextra -Wconversion -Wpedantic -O2 -g -DNDEBUG -Wl,-rpath,/nopt/nrel/apps/cpu_stack/compilers/06-24/linux-rhel8-sapphirerapids/gcc-12.3.0/gcc-13.1.0-bmut2ysomhthj6y7oyc73c3cmxye57am/lib/gcc/x86_64-pc-linux-gnu/13.1.0/../../../../lib64 -Wl,-rpath,/nopt/nrel/apps/cpu_stack/libraries-gcc/06-24/linux-rhel8-sapphirerapids/gcc-12.3.0/netlib-lapack-3.11.0-abk4uhd5cyrfnhh67bcdhyt6fulibezx/lib64 CMakeFiles/TwoBusBasicJson.dir/TwoBusBasicJson.cpp.o -o TwoBusBasicJson  -Wl,-rpath,/home/isatkaus/gridkit/build/GridKit/Model/PhasorDynamics:/home/isatkaus/gridkit/build/GridKit/Solver/Dynamic:/home/isatkaus/gridkit/build/GridKit/Model/PhasorDynamics/Branch:/home/isatkaus/gridkit/build/GridKit/Model/PhasorDynamics/Bus:/home/isatkaus/gridkit/build/GridKit/Model/PhasorDynamics/BusFault:/home/isatkaus/gridkit/build/GridKit/Model/PhasorDynamics/BusToSignalAdapter:/home/isatkaus/gridkit/build/GridKit/Model/PhasorDynamics/Exciter/IEEET1:/home/isatkaus/gridkit/build/GridKit/Model/PhasorDynamics/Exciter/SEXS-PTI:/home/isatkaus/gridkit/build/GridKit/Model/PhasorDynamics/Governor/Tgov1:/home/isatkaus/gridkit/build/GridKit/Model/PhasorDynamics/Load/LoadZ:/home/isatkaus/gridkit/build/GridKit/Model/PhasorDynamics/Load/LoadZIP:/home/isatkaus/gridkit/build/GridKit/Model/PhasorDynamics/SignalSource:/home/isatkaus/gridkit/build/GridKit/Model/PhasorDynamics/Stabilizer/IEEEST:/home/isatkaus/gridkit/build/GridKit/Model/PhasorDynamics/SynchronousMachine/GENROU:/home/isatkaus/gridkit/build/GridKit/Model/PhasorDynamics/SynchronousMachine/GENSAL:/home/isatkaus/gridkit/build/GridKit/Model/PhasorDynamics/SignalNode:/home/isatkaus/gridkit/build/GridKit/Model/PhasorDynamics/SynchronousMachine/GenClassical:/nopt/nrel/apps/cpu_stack/software/gridkit/sundials/develop/lib64:/nopt/nrel/apps/cpu_stack/software/gridkit/suitesparse/7.8.2/lib64:/home/isatkaus/gridkit/build/GridKit/Utilities/Logger:/home/isatkaus/gridkit/build/GridKit/LinearAlgebra/SparseMatrix: ../../../../../GridKit/Model/PhasorDynamics/libgridkit_phasor_dynamics_systemmodel.so.0.1.0 ../../../../../GridKit/Solver/Dynamic/libgridkit_solvers_dyn.so.0.1.0 ../../../../../GridKit/Model/PhasorDynamics/Branch/libgridkit_phasor_dynamics_branch.so.0.1.0 ../../../../../GridKit/Model/PhasorDynamics/Bus/libgridkit_phasor_dynamics_bus.so.0.1.0 ../../../../../GridKit/Model/PhasorDynamics/BusFault/libgridkit_phasor_dynamics_bus_fault.so.0.1.0 ../../../../../GridKit/Model/PhasorDynamics/BusToSignalAdapter/libgridkit_phasor_dynamics_bustosignaladapter.so.0.1.0 ../../../../../GridKit/Model/PhasorDynamics/Exciter/IEEET1/libgridkit_phasor_dynamics_exciter_ieeet1.so.0.1.0 ../../../../../GridKit/Model/PhasorDynamics/Exciter/SEXS-PTI/libgridkit_phasor_dynamics_exciter_sexspti.so.0.1.0 ../../../../../GridKit/Model/PhasorDynamics/Governor/Tgov1/libgridkit_phasor_dynamics_governor_tgov1.so.0.1.0 ../../../../../GridKit/Model/PhasorDynamics/Load/LoadZ/libgridkit_phasor_dynamics_loadz.so.0.1.0 ../../../../../GridKit/Model/PhasorDynamics/Load/LoadZIP/libgridkit_phasor_dynamics_loadzip.so.0.1.0 ../../../../../GridKit/Model/PhasorDynamics/SignalSource/libgridkit_phasor_dynamics_signalsource.so.0.1.0 ../../../../../GridKit/Model/PhasorDynamics/Stabilizer/IEEEST/libgridkit_phasor_dynamics_stabilizer_ieeest.so.0.1.0 ../../../../../GridKit/Model/PhasorDynamics/SynchronousMachine/GENROU/libgridkit_phasor_dynamics_genrou.so.0.1.0 ../../../../../GridKit/Model/PhasorDynamics/SynchronousMachine/GENSAL/libgridkit_phasor_dynamics_gensal.so.0.1.0 ../../../../../GridKit/Model/PhasorDynamics/SignalNode/libgridkit_phasor_dynamics_signal.so.0.1.0 ../../../../../GridKit/Model/PhasorDynamics/SynchronousMachine/GenClassical/libgridkit_phasor_dynamics_gen_classical.so.0.1.0 /nopt/nrel/apps/cpu_stack/software/gridkit/sundials/develop/lib64/libsundials_nvecserial.so.7.8.0 /nopt/nrel/apps/cpu_stack/software/gridkit/sundials/develop/lib64/libsundials_idas.so.6.8.0 /nopt/nrel/apps/cpu_stack/software/gridkit/sundials/develop/lib64/libsundials_sunlinsolklu.so.5.8.0 /nopt/nrel/apps/cpu_stack/software/gridkit/sundials/develop/lib64/libsundials_sunmatrixsparse.so.5.8.0 /nopt/nrel/apps/cpu_stack/software/gridkit/sundials/develop/lib64/libsundials_core.so.7.8.0 /nopt/nrel/apps/cpu_stack/software/gridkit/suitesparse/7.8.2/lib64/libklu.so /nopt/nrel/apps/cpu_stack/software/gridkit/suitesparse/7.8.2/lib64/libamd.so /nopt/nrel/apps/cpu_stack/software/gridkit/suitesparse/7.8.2/lib64/libcolamd.so /nopt/nrel/apps/cpu_stack/software/gridkit/suitesparse/7.8.2/lib64/libbtf.so /nopt/nrel/apps/cpu_stack/software/gridkit/suitesparse/7.8.2/lib64/libsuitesparseconfig.so ../../../../../GridKit/Utilities/Logger/libgridkit_utilities_logger.so.0.1.0 ../../../../../GridKit/LinearAlgebra/SparseMatrix/libgridkit_sparse_matrix.so.0.1.0
[ 96%] Linking CXX executable TwoBusIeeet1Json
[ 97%] Linking CXX executable ThreeBusZipLoadJson
cd /home/isatkaus/gridkit/build/examples/PhasorDynamics/Tiny/TwoBus/Ieeet1 && /nopt/nrel/apps/cpu_stack/utilities/06-24/linux-rhel8-sapphirerapids/gcc-12.3.0/cmake-3.29.2-6n4msmc4aewj7wyi6b5g644vjrqyqgot/bin/cmake -E cmake_link_script CMakeFiles/TwoBusIeeet1Json.dir/link.txt --verbose=1
cd /home/isatkaus/gridkit/build/examples/PhasorDynamics/Tiny/ThreeBus/ZipLoad && /nopt/nrel/apps/cpu_stack/utilities/06-24/linux-rhel8-sapphirerapids/gcc-12.3.0/cmake-3.29.2-6n4msmc4aewj7wyi6b5g644vjrqyqgot/bin/cmake -E cmake_link_script CMakeFiles/ThreeBusZipLoadJson.dir/link.txt --verbose=1
/nopt/nrel/apps/cpu_stack/software/gridkit/llvm/16.0.6/bin/clang++ --gcc-toolchain=/nopt/nrel/apps/cpu_stack/compilers/06-24/linux-rhel8-sapphirerapids/gcc-12.3.0/gcc-13.1.0-bmut2ysomhthj6y7oyc73c3cmxye57am -Wall -Wextra -Wconversion -Wpedantic -O2 -g -DNDEBUG -Wl,-rpath,/nopt/nrel/apps/cpu_stack/compilers/06-24/linux-rhel8-sapphirerapids/gcc-12.3.0/gcc-13.1.0-bmut2ysomhthj6y7oyc73c3cmxye57am/lib/gcc/x86_64-pc-linux-gnu/13.1.0/../../../../lib64 -Wl,-rpath,/nopt/nrel/apps/cpu_stack/libraries-gcc/06-24/linux-rhel8-sapphirerapids/gcc-12.3.0/netlib-lapack-3.11.0-abk4uhd5cyrfnhh67bcdhyt6fulibezx/lib64 CMakeFiles/TwoBusIeeet1Json.dir/TwoBusIeeet1Json.cpp.o -o TwoBusIeeet1Json  -Wl,-rpath,/home/isatkaus/gridkit/build/GridKit/Model/PhasorDynamics:/home/isatkaus/gridkit/build/GridKit/Solver/Dynamic:/home/isatkaus/gridkit/build/GridKit/Model/PhasorDynamics/Branch:/home/isatkaus/gridkit/build/GridKit/Model/PhasorDynamics/Bus:/home/isatkaus/gridkit/build/GridKit/Model/PhasorDynamics/BusFault:/home/isatkaus/gridkit/build/GridKit/Model/PhasorDynamics/BusToSignalAdapter:/home/isatkaus/gridkit/build/GridKit/Model/PhasorDynamics/Exciter/IEEET1:/home/isatkaus/gridkit/build/GridKit/Model/PhasorDynamics/Exciter/SEXS-PTI:/home/isatkaus/gridkit/build/GridKit/Model/PhasorDynamics/Governor/Tgov1:/home/isatkaus/gridkit/build/GridKit/Model/PhasorDynamics/Load/LoadZ:/home/isatkaus/gridkit/build/GridKit/Model/PhasorDynamics/Load/LoadZIP:/home/isatkaus/gridkit/build/GridKit/Model/PhasorDynamics/SignalSource:/home/isatkaus/gridkit/build/GridKit/Model/PhasorDynamics/Stabilizer/IEEEST:/home/isatkaus/gridkit/build/GridKit/Model/PhasorDynamics/SynchronousMachine/GENROU:/home/isatkaus/gridkit/build/GridKit/Model/PhasorDynamics/SynchronousMachine/GENSAL:/home/isatkaus/gridkit/build/GridKit/Model/PhasorDynamics/SignalNode:/home/isatkaus/gridkit/build/GridKit/Model/PhasorDynamics/SynchronousMachine/GenClassical:/nopt/nrel/apps/cpu_stack/software/gridkit/sundials/develop/lib64:/nopt/nrel/apps/cpu_stack/software/gridkit/suitesparse/7.8.2/lib64:/home/isatkaus/gridkit/build/GridKit/Utilities/Logger:/home/isatkaus/gridkit/build/GridKit/LinearAlgebra/SparseMatrix: ../../../../../GridKit/Model/PhasorDynamics/libgridkit_phasor_dynamics_systemmodel.so.0.1.0 ../../../../../GridKit/Solver/Dynamic/libgridkit_solvers_dyn.so.0.1.0 ../../../../../GridKit/Model/PhasorDynamics/Branch/libgridkit_phasor_dynamics_branch.so.0.1.0 ../../../../../GridKit/Model/PhasorDynamics/Bus/libgridkit_phasor_dynamics_bus.so.0.1.0 ../../../../../GridKit/Model/PhasorDynamics/BusFault/libgridkit_phasor_dynamics_bus_fault.so.0.1.0 ../../../../../GridKit/Model/PhasorDynamics/BusToSignalAdapter/libgridkit_phasor_dynamics_bustosignaladapter.so.0.1.0 ../../../../../GridKit/Model/PhasorDynamics/Exciter/IEEET1/libgridkit_phasor_dynamics_exciter_ieeet1.so.0.1.0 ../../../../../GridKit/Model/PhasorDynamics/Exciter/SEXS-PTI/libgridkit_phasor_dynamics_exciter_sexspti.so.0.1.0 ../../../../../GridKit/Model/PhasorDynamics/Governor/Tgov1/libgridkit_phasor_dynamics_governor_tgov1.so.0.1.0 ../../../../../GridKit/Model/PhasorDynamics/Load/LoadZ/libgridkit_phasor_dynamics_loadz.so.0.1.0 ../../../../../GridKit/Model/PhasorDynamics/Load/LoadZIP/libgridkit_phasor_dynamics_loadzip.so.0.1.0 ../../../../../GridKit/Model/PhasorDynamics/SignalSource/libgridkit_phasor_dynamics_signalsource.so.0.1.0 ../../../../../GridKit/Model/PhasorDynamics/Stabilizer/IEEEST/libgridkit_phasor_dynamics_stabilizer_ieeest.so.0.1.0 ../../../../../GridKit/Model/PhasorDynamics/SynchronousMachine/GENROU/libgridkit_phasor_dynamics_genrou.so.0.1.0 ../../../../../GridKit/Model/PhasorDynamics/SynchronousMachine/GENSAL/libgridkit_phasor_dynamics_gensal.so.0.1.0 ../../../../../GridKit/Model/PhasorDynamics/SignalNode/libgridkit_phasor_dynamics_signal.so.0.1.0 ../../../../../GridKit/Model/PhasorDynamics/SynchronousMachine/GenClassical/libgridkit_phasor_dynamics_gen_classical.so.0.1.0 /nopt/nrel/apps/cpu_stack/software/gridkit/sundials/develop/lib64/libsundials_nvecserial.so.7.8.0 /nopt/nrel/apps/cpu_stack/software/gridkit/sundials/develop/lib64/libsundials_idas.so.6.8.0 /nopt/nrel/apps/cpu_stack/software/gridkit/sundials/develop/lib64/libsundials_sunlinsolklu.so.5.8.0 /nopt/nrel/apps/cpu_stack/software/gridkit/sundials/develop/lib64/libsundials_sunmatrixsparse.so.5.8.0 /nopt/nrel/apps/cpu_stack/software/gridkit/sundials/develop/lib64/libsundials_core.so.7.8.0 /nopt/nrel/apps/cpu_stack/software/gridkit/suitesparse/7.8.2/lib64/libklu.so /nopt/nrel/apps/cpu_stack/software/gridkit/suitesparse/7.8.2/lib64/libamd.so /nopt/nrel/apps/cpu_stack/software/gridkit/suitesparse/7.8.2/lib64/libcolamd.so /nopt/nrel/apps/cpu_stack/software/gridkit/suitesparse/7.8.2/lib64/libbtf.so /nopt/nrel/apps/cpu_stack/software/gridkit/suitesparse/7.8.2/lib64/libsuitesparseconfig.so ../../../../../GridKit/Utilities/Logger/libgridkit_utilities_logger.so.0.1.0 ../../../../../GridKit/LinearAlgebra/SparseMatrix/libgridkit_sparse_matrix.so.0.1.0
/nopt/nrel/apps/cpu_stack/software/gridkit/llvm/16.0.6/bin/clang++ --gcc-toolchain=/nopt/nrel/apps/cpu_stack/compilers/06-24/linux-rhel8-sapphirerapids/gcc-12.3.0/gcc-13.1.0-bmut2ysomhthj6y7oyc73c3cmxye57am -Wall -Wextra -Wconversion -Wpedantic -O2 -g -DNDEBUG -Wl,-rpath,/nopt/nrel/apps/cpu_stack/compilers/06-24/linux-rhel8-sapphirerapids/gcc-12.3.0/gcc-13.1.0-bmut2ysomhthj6y7oyc73c3cmxye57am/lib/gcc/x86_64-pc-linux-gnu/13.1.0/../../../../lib64 -Wl,-rpath,/nopt/nrel/apps/cpu_stack/libraries-gcc/06-24/linux-rhel8-sapphirerapids/gcc-12.3.0/netlib-lapack-3.11.0-abk4uhd5cyrfnhh67bcdhyt6fulibezx/lib64 CMakeFiles/ThreeBusZipLoadJson.dir/ThreeBusZipLoadJson.cpp.o -o ThreeBusZipLoadJson  -Wl,-rpath,/home/isatkaus/gridkit/build/GridKit/Model/PhasorDynamics:/home/isatkaus/gridkit/build/GridKit/Solver/Dynamic:/home/isatkaus/gridkit/build/GridKit/Model/PhasorDynamics/Branch:/home/isatkaus/gridkit/build/GridKit/Model/PhasorDynamics/Bus:/home/isatkaus/gridkit/build/GridKit/Model/PhasorDynamics/BusFault:/home/isatkaus/gridkit/build/GridKit/Model/PhasorDynamics/BusToSignalAdapter:/home/isatkaus/gridkit/build/GridKit/Model/PhasorDynamics/Exciter/IEEET1:/home/isatkaus/gridkit/build/GridKit/Model/PhasorDynamics/Exciter/SEXS-PTI:/home/isatkaus/gridkit/build/GridKit/Model/PhasorDynamics/Governor/Tgov1:/home/isatkaus/gridkit/build/GridKit/Model/PhasorDynamics/Load/LoadZ:/home/isatkaus/gridkit/build/GridKit/Model/PhasorDynamics/Load/LoadZIP:/home/isatkaus/gridkit/build/GridKit/Model/PhasorDynamics/SignalSource:/home/isatkaus/gridkit/build/GridKit/Model/PhasorDynamics/Stabilizer/IEEEST:/home/isatkaus/gridkit/build/GridKit/Model/PhasorDynamics/SynchronousMachine/GENROU:/home/isatkaus/gridkit/build/GridKit/Model/PhasorDynamics/SynchronousMachine/GENSAL:/home/isatkaus/gridkit/build/GridKit/Model/PhasorDynamics/SignalNode:/home/isatkaus/gridkit/build/GridKit/Model/PhasorDynamics/SynchronousMachine/GenClassical:/nopt/nrel/apps/cpu_stack/software/gridkit/sundials/develop/lib64:/nopt/nrel/apps/cpu_stack/software/gridkit/suitesparse/7.8.2/lib64:/home/isatkaus/gridkit/build/GridKit/Utilities/Logger:/home/isatkaus/gridkit/build/GridKit/LinearAlgebra/SparseMatrix: ../../../../../GridKit/Model/PhasorDynamics/libgridkit_phasor_dynamics_systemmodel.so.0.1.0 ../../../../../GridKit/Solver/Dynamic/libgridkit_solvers_dyn.so.0.1.0 ../../../../../GridKit/Model/PhasorDynamics/Branch/libgridkit_phasor_dynamics_branch.so.0.1.0 ../../../../../GridKit/Model/PhasorDynamics/Bus/libgridkit_phasor_dynamics_bus.so.0.1.0 ../../../../../GridKit/Model/PhasorDynamics/BusFault/libgridkit_phasor_dynamics_bus_fault.so.0.1.0 ../../../../../GridKit/Model/PhasorDynamics/BusToSignalAdapter/libgridkit_phasor_dynamics_bustosignaladapter.so.0.1.0 ../../../../../GridKit/Model/PhasorDynamics/Exciter/IEEET1/libgridkit_phasor_dynamics_exciter_ieeet1.so.0.1.0 ../../../../../GridKit/Model/PhasorDynamics/Exciter/SEXS-PTI/libgridkit_phasor_dynamics_exciter_sexspti.so.0.1.0 ../../../../../GridKit/Model/PhasorDynamics/Governor/Tgov1/libgridkit_phasor_dynamics_governor_tgov1.so.0.1.0 ../../../../../GridKit/Model/PhasorDynamics/Load/LoadZ/libgridkit_phasor_dynamics_loadz.so.0.1.0 ../../../../../GridKit/Model/PhasorDynamics/Load/LoadZIP/libgridkit_phasor_dynamics_loadzip.so.0.1.0 ../../../../../GridKit/Model/PhasorDynamics/SignalSource/libgridkit_phasor_dynamics_signalsource.so.0.1.0 ../../../../../GridKit/Model/PhasorDynamics/Stabilizer/IEEEST/libgridkit_phasor_dynamics_stabilizer_ieeest.so.0.1.0 ../../../../../GridKit/Model/PhasorDynamics/SynchronousMachine/GENROU/libgridkit_phasor_dynamics_genrou.so.0.1.0 ../../../../../GridKit/Model/PhasorDynamics/SynchronousMachine/GENSAL/libgridkit_phasor_dynamics_gensal.so.0.1.0 ../../../../../GridKit/Model/PhasorDynamics/SignalNode/libgridkit_phasor_dynamics_signal.so.0.1.0 ../../../../../GridKit/Model/PhasorDynamics/SynchronousMachine/GenClassical/libgridkit_phasor_dynamics_gen_classical.so.0.1.0 /nopt/nrel/apps/cpu_stack/software/gridkit/sundials/develop/lib64/libsundials_nvecserial.so.7.8.0 /nopt/nrel/apps/cpu_stack/software/gridkit/sundials/develop/lib64/libsundials_idas.so.6.8.0 /nopt/nrel/apps/cpu_stack/software/gridkit/sundials/develop/lib64/libsundials_sunlinsolklu.so.5.8.0 /nopt/nrel/apps/cpu_stack/software/gridkit/sundials/develop/lib64/libsundials_sunmatrixsparse.so.5.8.0 /nopt/nrel/apps/cpu_stack/software/gridkit/sundials/develop/lib64/libsundials_core.so.7.8.0 /nopt/nrel/apps/cpu_stack/software/gridkit/suitesparse/7.8.2/lib64/libklu.so /nopt/nrel/apps/cpu_stack/software/gridkit/suitesparse/7.8.2/lib64/libamd.so /nopt/nrel/apps/cpu_stack/software/gridkit/suitesparse/7.8.2/lib64/libcolamd.so /nopt/nrel/apps/cpu_stack/software/gridkit/suitesparse/7.8.2/lib64/libbtf.so /nopt/nrel/apps/cpu_stack/software/gridkit/suitesparse/7.8.2/lib64/libsuitesparseconfig.so ../../../../../GridKit/Utilities/Logger/libgridkit_utilities_logger.so.0.1.0 ../../../../../GridKit/LinearAlgebra/SparseMatrix/libgridkit_sparse_matrix.so.0.1.0
make[2]: Leaving directory '/home/isatkaus/gridkit/build'
[ 97%] Built target TwoBusBasicJson
make[2]: Leaving directory '/home/isatkaus/gridkit/build'
make[2]: Leaving directory '/home/isatkaus/gridkit/build'
[ 97%] Built target TwoBusIeeet1Json
[ 97%] Built target ThreeBusZipLoadJson
[ 98%] Linking CXX executable TwoBusBasic
cd /home/isatkaus/gridkit/build/examples/PhasorDynamics/Tiny/TwoBus/Basic && /nopt/nrel/apps/cpu_stack/utilities/06-24/linux-rhel8-sapphirerapids/gcc-12.3.0/cmake-3.29.2-6n4msmc4aewj7wyi6b5g644vjrqyqgot/bin/cmake -E cmake_link_script CMakeFiles/TwoBusBasic.dir/link.txt --verbose=1
/nopt/nrel/apps/cpu_stack/software/gridkit/llvm/16.0.6/bin/clang++ --gcc-toolchain=/nopt/nrel/apps/cpu_stack/compilers/06-24/linux-rhel8-sapphirerapids/gcc-12.3.0/gcc-13.1.0-bmut2ysomhthj6y7oyc73c3cmxye57am -Wall -Wextra -Wconversion -Wpedantic -O2 -g -DNDEBUG -Wl,-rpath,/nopt/nrel/apps/cpu_stack/compilers/06-24/linux-rhel8-sapphirerapids/gcc-12.3.0/gcc-13.1.0-bmut2ysomhthj6y7oyc73c3cmxye57am/lib/gcc/x86_64-pc-linux-gnu/13.1.0/../../../../lib64 -Wl,-rpath,/nopt/nrel/apps/cpu_stack/libraries-gcc/06-24/linux-rhel8-sapphirerapids/gcc-12.3.0/netlib-lapack-3.11.0-abk4uhd5cyrfnhh67bcdhyt6fulibezx/lib64 CMakeFiles/TwoBusBasic.dir/TwoBusBasic.cpp.o -o TwoBusBasic  -Wl,-rpath,/home/isatkaus/gridkit/build/GridKit/Model/PhasorDynamics:/home/isatkaus/gridkit/build/GridKit/Solver/Dynamic:/home/isatkaus/gridkit/build/GridKit/Model/PhasorDynamics/Branch:/home/isatkaus/gridkit/build/GridKit/Model/PhasorDynamics/Bus:/home/isatkaus/gridkit/build/GridKit/Model/PhasorDynamics/BusFault:/home/isatkaus/gridkit/build/GridKit/Model/PhasorDynamics/BusToSignalAdapter:/home/isatkaus/gridkit/build/GridKit/Model/PhasorDynamics/Exciter/IEEET1:/home/isatkaus/gridkit/build/GridKit/Model/PhasorDynamics/Exciter/SEXS-PTI:/home/isatkaus/gridkit/build/GridKit/Model/PhasorDynamics/Governor/Tgov1:/home/isatkaus/gridkit/build/GridKit/Model/PhasorDynamics/Load/LoadZ:/home/isatkaus/gridkit/build/GridKit/Model/PhasorDynamics/Load/LoadZIP:/home/isatkaus/gridkit/build/GridKit/Model/PhasorDynamics/SignalSource:/home/isatkaus/gridkit/build/GridKit/Model/PhasorDynamics/Stabilizer/IEEEST:/home/isatkaus/gridkit/build/GridKit/Model/PhasorDynamics/SynchronousMachine/GENROU:/home/isatkaus/gridkit/build/GridKit/Model/PhasorDynamics/SynchronousMachine/GENSAL:/home/isatkaus/gridkit/build/GridKit/Model/PhasorDynamics/SignalNode:/home/isatkaus/gridkit/build/GridKit/Model/PhasorDynamics/SynchronousMachine/GenClassical:/nopt/nrel/apps/cpu_stack/software/gridkit/sundials/develop/lib64:/nopt/nrel/apps/cpu_stack/software/gridkit/suitesparse/7.8.2/lib64:/home/isatkaus/gridkit/build/GridKit/Utilities/Logger:/home/isatkaus/gridkit/build/GridKit/LinearAlgebra/SparseMatrix: ../../../../../GridKit/Model/PhasorDynamics/libgridkit_phasor_dynamics_systemmodel.so.0.1.0 ../../../../../GridKit/Solver/Dynamic/libgridkit_solvers_dyn.so.0.1.0 ../../../../../GridKit/Model/PhasorDynamics/Branch/libgridkit_phasor_dynamics_branch.so.0.1.0 ../../../../../GridKit/Model/PhasorDynamics/Bus/libgridkit_phasor_dynamics_bus.so.0.1.0 ../../../../../GridKit/Model/PhasorDynamics/BusFault/libgridkit_phasor_dynamics_bus_fault.so.0.1.0 ../../../../../GridKit/Model/PhasorDynamics/BusToSignalAdapter/libgridkit_phasor_dynamics_bustosignaladapter.so.0.1.0 ../../../../../GridKit/Model/PhasorDynamics/Exciter/IEEET1/libgridkit_phasor_dynamics_exciter_ieeet1.so.0.1.0 ../../../../../GridKit/Model/PhasorDynamics/Exciter/SEXS-PTI/libgridkit_phasor_dynamics_exciter_sexspti.so.0.1.0 ../../../../../GridKit/Model/PhasorDynamics/Governor/Tgov1/libgridkit_phasor_dynamics_governor_tgov1.so.0.1.0 ../../../../../GridKit/Model/PhasorDynamics/Load/LoadZ/libgridkit_phasor_dynamics_loadz.so.0.1.0 ../../../../../GridKit/Model/PhasorDynamics/Load/LoadZIP/libgridkit_phasor_dynamics_loadzip.so.0.1.0 ../../../../../GridKit/Model/PhasorDynamics/SignalSource/libgridkit_phasor_dynamics_signalsource.so.0.1.0 ../../../../../GridKit/Model/PhasorDynamics/Stabilizer/IEEEST/libgridkit_phasor_dynamics_stabilizer_ieeest.so.0.1.0 ../../../../../GridKit/Model/PhasorDynamics/SynchronousMachine/GENROU/libgridkit_phasor_dynamics_genrou.so.0.1.0 ../../../../../GridKit/Model/PhasorDynamics/SynchronousMachine/GENSAL/libgridkit_phasor_dynamics_gensal.so.0.1.0 ../../../../../GridKit/Model/PhasorDynamics/SignalNode/libgridkit_phasor_dynamics_signal.so.0.1.0 ../../../../../GridKit/Model/PhasorDynamics/SynchronousMachine/GenClassical/libgridkit_phasor_dynamics_gen_classical.so.0.1.0 /nopt/nrel/apps/cpu_stack/software/gridkit/sundials/develop/lib64/libsundials_nvecserial.so.7.8.0 /nopt/nrel/apps/cpu_stack/software/gridkit/sundials/develop/lib64/libsundials_idas.so.6.8.0 /nopt/nrel/apps/cpu_stack/software/gridkit/sundials/develop/lib64/libsundials_sunlinsolklu.so.5.8.0 /nopt/nrel/apps/cpu_stack/software/gridkit/sundials/develop/lib64/libsundials_sunmatrixsparse.so.5.8.0 /nopt/nrel/apps/cpu_stack/software/gridkit/sundials/develop/lib64/libsundials_core.so.7.8.0 /nopt/nrel/apps/cpu_stack/software/gridkit/suitesparse/7.8.2/lib64/libklu.so /nopt/nrel/apps/cpu_stack/software/gridkit/suitesparse/7.8.2/lib64/libamd.so /nopt/nrel/apps/cpu_stack/software/gridkit/suitesparse/7.8.2/lib64/libcolamd.so /nopt/nrel/apps/cpu_stack/software/gridkit/suitesparse/7.8.2/lib64/libbtf.so /nopt/nrel/apps/cpu_stack/software/gridkit/suitesparse/7.8.2/lib64/libsuitesparseconfig.so ../../../../../GridKit/Utilities/Logger/libgridkit_utilities_logger.so.0.1.0 ../../../../../GridKit/LinearAlgebra/SparseMatrix/libgridkit_sparse_matrix.so.0.1.0
make[2]: Leaving directory '/home/isatkaus/gridkit/build'
[ 98%] Built target TwoBusBasic
[ 99%] Linking CXX executable ThreeBusBasic
cd /home/isatkaus/gridkit/build/examples/PhasorDynamics/Tiny/ThreeBus/Basic && /nopt/nrel/apps/cpu_stack/utilities/06-24/linux-rhel8-sapphirerapids/gcc-12.3.0/cmake-3.29.2-6n4msmc4aewj7wyi6b5g644vjrqyqgot/bin/cmake -E cmake_link_script CMakeFiles/ThreeBusBasic.dir/link.txt --verbose=1
/nopt/nrel/apps/cpu_stack/software/gridkit/llvm/16.0.6/bin/clang++ --gcc-toolchain=/nopt/nrel/apps/cpu_stack/compilers/06-24/linux-rhel8-sapphirerapids/gcc-12.3.0/gcc-13.1.0-bmut2ysomhthj6y7oyc73c3cmxye57am -Wall -Wextra -Wconversion -Wpedantic -O2 -g -DNDEBUG -Wl,-rpath,/nopt/nrel/apps/cpu_stack/compilers/06-24/linux-rhel8-sapphirerapids/gcc-12.3.0/gcc-13.1.0-bmut2ysomhthj6y7oyc73c3cmxye57am/lib/gcc/x86_64-pc-linux-gnu/13.1.0/../../../../lib64 -Wl,-rpath,/nopt/nrel/apps/cpu_stack/libraries-gcc/06-24/linux-rhel8-sapphirerapids/gcc-12.3.0/netlib-lapack-3.11.0-abk4uhd5cyrfnhh67bcdhyt6fulibezx/lib64 CMakeFiles/ThreeBusBasic.dir/ThreeBusBasic.cpp.o -o ThreeBusBasic  -Wl,-rpath,/home/isatkaus/gridkit/build/GridKit/Model/PhasorDynamics:/home/isatkaus/gridkit/build/GridKit/Solver/Dynamic:/home/isatkaus/gridkit/build/GridKit/Model/PhasorDynamics/Branch:/home/isatkaus/gridkit/build/GridKit/Model/PhasorDynamics/Bus:/home/isatkaus/gridkit/build/GridKit/Model/PhasorDynamics/BusFault:/home/isatkaus/gridkit/build/GridKit/Model/PhasorDynamics/BusToSignalAdapter:/home/isatkaus/gridkit/build/GridKit/Model/PhasorDynamics/Exciter/IEEET1:/home/isatkaus/gridkit/build/GridKit/Model/PhasorDynamics/Exciter/SEXS-PTI:/home/isatkaus/gridkit/build/GridKit/Model/PhasorDynamics/Governor/Tgov1:/home/isatkaus/gridkit/build/GridKit/Model/PhasorDynamics/Load/LoadZ:/home/isatkaus/gridkit/build/GridKit/Model/PhasorDynamics/Load/LoadZIP:/home/isatkaus/gridkit/build/GridKit/Model/PhasorDynamics/SignalSource:/home/isatkaus/gridkit/build/GridKit/Model/PhasorDynamics/Stabilizer/IEEEST:/home/isatkaus/gridkit/build/GridKit/Model/PhasorDynamics/SynchronousMachine/GENROU:/home/isatkaus/gridkit/build/GridKit/Model/PhasorDynamics/SynchronousMachine/GENSAL:/home/isatkaus/gridkit/build/GridKit/Model/PhasorDynamics/SignalNode:/home/isatkaus/gridkit/build/GridKit/Model/PhasorDynamics/SynchronousMachine/GenClassical:/nopt/nrel/apps/cpu_stack/software/gridkit/sundials/develop/lib64:/nopt/nrel/apps/cpu_stack/software/gridkit/suitesparse/7.8.2/lib64:/home/isatkaus/gridkit/build/GridKit/Utilities/Logger:/home/isatkaus/gridkit/build/GridKit/LinearAlgebra/SparseMatrix: ../../../../../GridKit/Model/PhasorDynamics/libgridkit_phasor_dynamics_systemmodel.so.0.1.0 ../../../../../GridKit/Solver/Dynamic/libgridkit_solvers_dyn.so.0.1.0 ../../../../../GridKit/Model/PhasorDynamics/Branch/libgridkit_phasor_dynamics_branch.so.0.1.0 ../../../../../GridKit/Model/PhasorDynamics/Bus/libgridkit_phasor_dynamics_bus.so.0.1.0 ../../../../../GridKit/Model/PhasorDynamics/BusFault/libgridkit_phasor_dynamics_bus_fault.so.0.1.0 ../../../../../GridKit/Model/PhasorDynamics/BusToSignalAdapter/libgridkit_phasor_dynamics_bustosignaladapter.so.0.1.0 ../../../../../GridKit/Model/PhasorDynamics/Exciter/IEEET1/libgridkit_phasor_dynamics_exciter_ieeet1.so.0.1.0 ../../../../../GridKit/Model/PhasorDynamics/Exciter/SEXS-PTI/libgridkit_phasor_dynamics_exciter_sexspti.so.0.1.0 ../../../../../GridKit/Model/PhasorDynamics/Governor/Tgov1/libgridkit_phasor_dynamics_governor_tgov1.so.0.1.0 ../../../../../GridKit/Model/PhasorDynamics/Load/LoadZ/libgridkit_phasor_dynamics_loadz.so.0.1.0 ../../../../../GridKit/Model/PhasorDynamics/Load/LoadZIP/libgridkit_phasor_dynamics_loadzip.so.0.1.0 ../../../../../GridKit/Model/PhasorDynamics/SignalSource/libgridkit_phasor_dynamics_signalsource.so.0.1.0 ../../../../../GridKit/Model/PhasorDynamics/Stabilizer/IEEEST/libgridkit_phasor_dynamics_stabilizer_ieeest.so.0.1.0 ../../../../../GridKit/Model/PhasorDynamics/SynchronousMachine/GENROU/libgridkit_phasor_dynamics_genrou.so.0.1.0 ../../../../../GridKit/Model/PhasorDynamics/SynchronousMachine/GENSAL/libgridkit_phasor_dynamics_gensal.so.0.1.0 ../../../../../GridKit/Model/PhasorDynamics/SignalNode/libgridkit_phasor_dynamics_signal.so.0.1.0 ../../../../../GridKit/Model/PhasorDynamics/SynchronousMachine/GenClassical/libgridkit_phasor_dynamics_gen_classical.so.0.1.0 /nopt/nrel/apps/cpu_stack/software/gridkit/sundials/develop/lib64/libsundials_nvecserial.so.7.8.0 /nopt/nrel/apps/cpu_stack/software/gridkit/sundials/develop/lib64/libsundials_idas.so.6.8.0 /nopt/nrel/apps/cpu_stack/software/gridkit/sundials/develop/lib64/libsundials_sunlinsolklu.so.5.8.0 /nopt/nrel/apps/cpu_stack/software/gridkit/sundials/develop/lib64/libsundials_sunmatrixsparse.so.5.8.0 /nopt/nrel/apps/cpu_stack/software/gridkit/sundials/develop/lib64/libsundials_core.so.7.8.0 /nopt/nrel/apps/cpu_stack/software/gridkit/suitesparse/7.8.2/lib64/libklu.so /nopt/nrel/apps/cpu_stack/software/gridkit/suitesparse/7.8.2/lib64/libamd.so /nopt/nrel/apps/cpu_stack/software/gridkit/suitesparse/7.8.2/lib64/libcolamd.so /nopt/nrel/apps/cpu_stack/software/gridkit/suitesparse/7.8.2/lib64/libbtf.so /nopt/nrel/apps/cpu_stack/software/gridkit/suitesparse/7.8.2/lib64/libsuitesparseconfig.so ../../../../../GridKit/Utilities/Logger/libgridkit_utilities_logger.so.0.1.0 ../../../../../GridKit/LinearAlgebra/SparseMatrix/libgridkit_sparse_matrix.so.0.1.0
[ 99%] Linking CXX executable ThreeBusClassicalJson
cd /home/isatkaus/gridkit/build/examples/PhasorDynamics/Tiny/ThreeBus/Classical && /nopt/nrel/apps/cpu_stack/utilities/06-24/linux-rhel8-sapphirerapids/gcc-12.3.0/cmake-3.29.2-6n4msmc4aewj7wyi6b5g644vjrqyqgot/bin/cmake -E cmake_link_script CMakeFiles/ThreeBusClassicalJson.dir/link.txt --verbose=1
/nopt/nrel/apps/cpu_stack/software/gridkit/llvm/16.0.6/bin/clang++ --gcc-toolchain=/nopt/nrel/apps/cpu_stack/compilers/06-24/linux-rhel8-sapphirerapids/gcc-12.3.0/gcc-13.1.0-bmut2ysomhthj6y7oyc73c3cmxye57am -Wall -Wextra -Wconversion -Wpedantic -O2 -g -DNDEBUG -Wl,-rpath,/nopt/nrel/apps/cpu_stack/compilers/06-24/linux-rhel8-sapphirerapids/gcc-12.3.0/gcc-13.1.0-bmut2ysomhthj6y7oyc73c3cmxye57am/lib/gcc/x86_64-pc-linux-gnu/13.1.0/../../../../lib64 -Wl,-rpath,/nopt/nrel/apps/cpu_stack/libraries-gcc/06-24/linux-rhel8-sapphirerapids/gcc-12.3.0/netlib-lapack-3.11.0-abk4uhd5cyrfnhh67bcdhyt6fulibezx/lib64 CMakeFiles/ThreeBusClassicalJson.dir/ThreeBusClassicalJson.cpp.o -o ThreeBusClassicalJson  -Wl,-rpath,/home/isatkaus/gridkit/build/GridKit/Model/PhasorDynamics:/home/isatkaus/gridkit/build/GridKit/Solver/Dynamic:/home/isatkaus/gridkit/build/GridKit/Model/PhasorDynamics/Branch:/home/isatkaus/gridkit/build/GridKit/Model/PhasorDynamics/Bus:/home/isatkaus/gridkit/build/GridKit/Model/PhasorDynamics/BusFault:/home/isatkaus/gridkit/build/GridKit/Model/PhasorDynamics/BusToSignalAdapter:/home/isatkaus/gridkit/build/GridKit/Model/PhasorDynamics/Exciter/IEEET1:/home/isatkaus/gridkit/build/GridKit/Model/PhasorDynamics/Exciter/SEXS-PTI:/home/isatkaus/gridkit/build/GridKit/Model/PhasorDynamics/Governor/Tgov1:/home/isatkaus/gridkit/build/GridKit/Model/PhasorDynamics/Load/LoadZ:/home/isatkaus/gridkit/build/GridKit/Model/PhasorDynamics/Load/LoadZIP:/home/isatkaus/gridkit/build/GridKit/Model/PhasorDynamics/SignalSource:/home/isatkaus/gridkit/build/GridKit/Model/PhasorDynamics/Stabilizer/IEEEST:/home/isatkaus/gridkit/build/GridKit/Model/PhasorDynamics/SynchronousMachine/GENROU:/home/isatkaus/gridkit/build/GridKit/Model/PhasorDynamics/SynchronousMachine/GENSAL:/home/isatkaus/gridkit/build/GridKit/Model/PhasorDynamics/SignalNode:/home/isatkaus/gridkit/build/GridKit/Model/PhasorDynamics/SynchronousMachine/GenClassical:/nopt/nrel/apps/cpu_stack/software/gridkit/sundials/develop/lib64:/nopt/nrel/apps/cpu_stack/software/gridkit/suitesparse/7.8.2/lib64:/home/isatkaus/gridkit/build/GridKit/Utilities/Logger:/home/isatkaus/gridkit/build/GridKit/LinearAlgebra/SparseMatrix: ../../../../../GridKit/Model/PhasorDynamics/libgridkit_phasor_dynamics_systemmodel.so.0.1.0 ../../../../../GridKit/Solver/Dynamic/libgridkit_solvers_dyn.so.0.1.0 ../../../../../GridKit/Model/PhasorDynamics/Branch/libgridkit_phasor_dynamics_branch.so.0.1.0 ../../../../../GridKit/Model/PhasorDynamics/Bus/libgridkit_phasor_dynamics_bus.so.0.1.0 ../../../../../GridKit/Model/PhasorDynamics/BusFault/libgridkit_phasor_dynamics_bus_fault.so.0.1.0 ../../../../../GridKit/Model/PhasorDynamics/BusToSignalAdapter/libgridkit_phasor_dynamics_bustosignaladapter.so.0.1.0 ../../../../../GridKit/Model/PhasorDynamics/Exciter/IEEET1/libgridkit_phasor_dynamics_exciter_ieeet1.so.0.1.0 ../../../../../GridKit/Model/PhasorDynamics/Exciter/SEXS-PTI/libgridkit_phasor_dynamics_exciter_sexspti.so.0.1.0 ../../../../../GridKit/Model/PhasorDynamics/Governor/Tgov1/libgridkit_phasor_dynamics_governor_tgov1.so.0.1.0 ../../../../../GridKit/Model/PhasorDynamics/Load/LoadZ/libgridkit_phasor_dynamics_loadz.so.0.1.0 ../../../../../GridKit/Model/PhasorDynamics/Load/LoadZIP/libgridkit_phasor_dynamics_loadzip.so.0.1.0 ../../../../../GridKit/Model/PhasorDynamics/SignalSource/libgridkit_phasor_dynamics_signalsource.so.0.1.0 ../../../../../GridKit/Model/PhasorDynamics/Stabilizer/IEEEST/libgridkit_phasor_dynamics_stabilizer_ieeest.so.0.1.0 ../../../../../GridKit/Model/PhasorDynamics/SynchronousMachine/GENROU/libgridkit_phasor_dynamics_genrou.so.0.1.0 ../../../../../GridKit/Model/PhasorDynamics/SynchronousMachine/GENSAL/libgridkit_phasor_dynamics_gensal.so.0.1.0 ../../../../../GridKit/Model/PhasorDynamics/SignalNode/libgridkit_phasor_dynamics_signal.so.0.1.0 ../../../../../GridKit/Model/PhasorDynamics/SynchronousMachine/GenClassical/libgridkit_phasor_dynamics_gen_classical.so.0.1.0 /nopt/nrel/apps/cpu_stack/software/gridkit/sundials/develop/lib64/libsundials_nvecserial.so.7.8.0 /nopt/nrel/apps/cpu_stack/software/gridkit/sundials/develop/lib64/libsundials_idas.so.6.8.0 /nopt/nrel/apps/cpu_stack/software/gridkit/sundials/develop/lib64/libsundials_sunlinsolklu.so.5.8.0 /nopt/nrel/apps/cpu_stack/software/gridkit/sundials/develop/lib64/libsundials_sunmatrixsparse.so.5.8.0 /nopt/nrel/apps/cpu_stack/software/gridkit/sundials/develop/lib64/libsundials_core.so.7.8.0 /nopt/nrel/apps/cpu_stack/software/gridkit/suitesparse/7.8.2/lib64/libklu.so /nopt/nrel/apps/cpu_stack/software/gridkit/suitesparse/7.8.2/lib64/libamd.so /nopt/nrel/apps/cpu_stack/software/gridkit/suitesparse/7.8.2/lib64/libcolamd.so /nopt/nrel/apps/cpu_stack/software/gridkit/suitesparse/7.8.2/lib64/libbtf.so /nopt/nrel/apps/cpu_stack/software/gridkit/suitesparse/7.8.2/lib64/libsuitesparseconfig.so ../../../../../GridKit/Utilities/Logger/libgridkit_utilities_logger.so.0.1.0 ../../../../../GridKit/LinearAlgebra/SparseMatrix/libgridkit_sparse_matrix.so.0.1.0
[ 99%] Linking CXX executable ThreeBusClassical
cd /home/isatkaus/gridkit/build/examples/PhasorDynamics/Tiny/ThreeBus/Classical && /nopt/nrel/apps/cpu_stack/utilities/06-24/linux-rhel8-sapphirerapids/gcc-12.3.0/cmake-3.29.2-6n4msmc4aewj7wyi6b5g644vjrqyqgot/bin/cmake -E cmake_link_script CMakeFiles/ThreeBusClassical.dir/link.txt --verbose=1
/nopt/nrel/apps/cpu_stack/software/gridkit/llvm/16.0.6/bin/clang++ --gcc-toolchain=/nopt/nrel/apps/cpu_stack/compilers/06-24/linux-rhel8-sapphirerapids/gcc-12.3.0/gcc-13.1.0-bmut2ysomhthj6y7oyc73c3cmxye57am -Wall -Wextra -Wconversion -Wpedantic -O2 -g -DNDEBUG -Wl,-rpath,/nopt/nrel/apps/cpu_stack/compilers/06-24/linux-rhel8-sapphirerapids/gcc-12.3.0/gcc-13.1.0-bmut2ysomhthj6y7oyc73c3cmxye57am/lib/gcc/x86_64-pc-linux-gnu/13.1.0/../../../../lib64 -Wl,-rpath,/nopt/nrel/apps/cpu_stack/libraries-gcc/06-24/linux-rhel8-sapphirerapids/gcc-12.3.0/netlib-lapack-3.11.0-abk4uhd5cyrfnhh67bcdhyt6fulibezx/lib64 CMakeFiles/ThreeBusClassical.dir/ThreeBusClassical.cpp.o -o ThreeBusClassical  -Wl,-rpath,/home/isatkaus/gridkit/build/GridKit/Model/PhasorDynamics:/home/isatkaus/gridkit/build/GridKit/Solver/Dynamic:/home/isatkaus/gridkit/build/GridKit/Model/PhasorDynamics/Branch:/home/isatkaus/gridkit/build/GridKit/Model/PhasorDynamics/Bus:/home/isatkaus/gridkit/build/GridKit/Model/PhasorDynamics/BusFault:/home/isatkaus/gridkit/build/GridKit/Model/PhasorDynamics/BusToSignalAdapter:/home/isatkaus/gridkit/build/GridKit/Model/PhasorDynamics/Exciter/IEEET1:/home/isatkaus/gridkit/build/GridKit/Model/PhasorDynamics/Exciter/SEXS-PTI:/home/isatkaus/gridkit/build/GridKit/Model/PhasorDynamics/Governor/Tgov1:/home/isatkaus/gridkit/build/GridKit/Model/PhasorDynamics/Load/LoadZ:/home/isatkaus/gridkit/build/GridKit/Model/PhasorDynamics/Load/LoadZIP:/home/isatkaus/gridkit/build/GridKit/Model/PhasorDynamics/SignalSource:/home/isatkaus/gridkit/build/GridKit/Model/PhasorDynamics/Stabilizer/IEEEST:/home/isatkaus/gridkit/build/GridKit/Model/PhasorDynamics/SynchronousMachine/GENROU:/home/isatkaus/gridkit/build/GridKit/Model/PhasorDynamics/SynchronousMachine/GENSAL:/home/isatkaus/gridkit/build/GridKit/Model/PhasorDynamics/SignalNode:/home/isatkaus/gridkit/build/GridKit/Model/PhasorDynamics/SynchronousMachine/GenClassical:/nopt/nrel/apps/cpu_stack/software/gridkit/sundials/develop/lib64:/nopt/nrel/apps/cpu_stack/software/gridkit/suitesparse/7.8.2/lib64:/home/isatkaus/gridkit/build/GridKit/Utilities/Logger:/home/isatkaus/gridkit/build/GridKit/LinearAlgebra/SparseMatrix: ../../../../../GridKit/Model/PhasorDynamics/libgridkit_phasor_dynamics_systemmodel.so.0.1.0 ../../../../../GridKit/Solver/Dynamic/libgridkit_solvers_dyn.so.0.1.0 ../../../../../GridKit/Model/PhasorDynamics/Branch/libgridkit_phasor_dynamics_branch.so.0.1.0 ../../../../../GridKit/Model/PhasorDynamics/Bus/libgridkit_phasor_dynamics_bus.so.0.1.0 ../../../../../GridKit/Model/PhasorDynamics/BusFault/libgridkit_phasor_dynamics_bus_fault.so.0.1.0 ../../../../../GridKit/Model/PhasorDynamics/BusToSignalAdapter/libgridkit_phasor_dynamics_bustosignaladapter.so.0.1.0 ../../../../../GridKit/Model/PhasorDynamics/Exciter/IEEET1/libgridkit_phasor_dynamics_exciter_ieeet1.so.0.1.0 ../../../../../GridKit/Model/PhasorDynamics/Exciter/SEXS-PTI/libgridkit_phasor_dynamics_exciter_sexspti.so.0.1.0 ../../../../../GridKit/Model/PhasorDynamics/Governor/Tgov1/libgridkit_phasor_dynamics_governor_tgov1.so.0.1.0 ../../../../../GridKit/Model/PhasorDynamics/Load/LoadZ/libgridkit_phasor_dynamics_loadz.so.0.1.0 ../../../../../GridKit/Model/PhasorDynamics/Load/LoadZIP/libgridkit_phasor_dynamics_loadzip.so.0.1.0 ../../../../../GridKit/Model/PhasorDynamics/SignalSource/libgridkit_phasor_dynamics_signalsource.so.0.1.0 ../../../../../GridKit/Model/PhasorDynamics/Stabilizer/IEEEST/libgridkit_phasor_dynamics_stabilizer_ieeest.so.0.1.0 ../../../../../GridKit/Model/PhasorDynamics/SynchronousMachine/GENROU/libgridkit_phasor_dynamics_genrou.so.0.1.0 ../../../../../GridKit/Model/PhasorDynamics/SynchronousMachine/GENSAL/libgridkit_phasor_dynamics_gensal.so.0.1.0 ../../../../../GridKit/Model/PhasorDynamics/SignalNode/libgridkit_phasor_dynamics_signal.so.0.1.0 ../../../../../GridKit/Model/PhasorDynamics/SynchronousMachine/GenClassical/libgridkit_phasor_dynamics_gen_classical.so.0.1.0 /nopt/nrel/apps/cpu_stack/software/gridkit/sundials/develop/lib64/libsundials_nvecserial.so.7.8.0 /nopt/nrel/apps/cpu_stack/software/gridkit/sundials/develop/lib64/libsundials_idas.so.6.8.0 /nopt/nrel/apps/cpu_stack/software/gridkit/sundials/develop/lib64/libsundials_sunlinsolklu.so.5.8.0 /nopt/nrel/apps/cpu_stack/software/gridkit/sundials/develop/lib64/libsundials_sunmatrixsparse.so.5.8.0 /nopt/nrel/apps/cpu_stack/software/gridkit/sundials/develop/lib64/libsundials_core.so.7.8.0 /nopt/nrel/apps/cpu_stack/software/gridkit/suitesparse/7.8.2/lib64/libklu.so /nopt/nrel/apps/cpu_stack/software/gridkit/suitesparse/7.8.2/lib64/libamd.so /nopt/nrel/apps/cpu_stack/software/gridkit/suitesparse/7.8.2/lib64/libcolamd.so /nopt/nrel/apps/cpu_stack/software/gridkit/suitesparse/7.8.2/lib64/libbtf.so /nopt/nrel/apps/cpu_stack/software/gridkit/suitesparse/7.8.2/lib64/libsuitesparseconfig.so ../../../../../GridKit/Utilities/Logger/libgridkit_utilities_logger.so.0.1.0 ../../../../../GridKit/LinearAlgebra/SparseMatrix/libgridkit_sparse_matrix.so.0.1.0
[ 99%] Linking CXX executable TwoBusIeeet1
cd /home/isatkaus/gridkit/build/examples/PhasorDynamics/Tiny/TwoBus/Ieeet1 && /nopt/nrel/apps/cpu_stack/utilities/06-24/linux-rhel8-sapphirerapids/gcc-12.3.0/cmake-3.29.2-6n4msmc4aewj7wyi6b5g644vjrqyqgot/bin/cmake -E cmake_link_script CMakeFiles/TwoBusIeeet1.dir/link.txt --verbose=1
/nopt/nrel/apps/cpu_stack/software/gridkit/llvm/16.0.6/bin/clang++ --gcc-toolchain=/nopt/nrel/apps/cpu_stack/compilers/06-24/linux-rhel8-sapphirerapids/gcc-12.3.0/gcc-13.1.0-bmut2ysomhthj6y7oyc73c3cmxye57am -Wall -Wextra -Wconversion -Wpedantic -O2 -g -DNDEBUG -Wl,-rpath,/nopt/nrel/apps/cpu_stack/compilers/06-24/linux-rhel8-sapphirerapids/gcc-12.3.0/gcc-13.1.0-bmut2ysomhthj6y7oyc73c3cmxye57am/lib/gcc/x86_64-pc-linux-gnu/13.1.0/../../../../lib64 -Wl,-rpath,/nopt/nrel/apps/cpu_stack/libraries-gcc/06-24/linux-rhel8-sapphirerapids/gcc-12.3.0/netlib-lapack-3.11.0-abk4uhd5cyrfnhh67bcdhyt6fulibezx/lib64 CMakeFiles/TwoBusIeeet1.dir/TwoBusIeeet1.cpp.o -o TwoBusIeeet1  -Wl,-rpath,/home/isatkaus/gridkit/build/GridKit/Model/PhasorDynamics:/home/isatkaus/gridkit/build/GridKit/Solver/Dynamic:/home/isatkaus/gridkit/build/GridKit/Model/PhasorDynamics/Branch:/home/isatkaus/gridkit/build/GridKit/Model/PhasorDynamics/Bus:/home/isatkaus/gridkit/build/GridKit/Model/PhasorDynamics/BusFault:/home/isatkaus/gridkit/build/GridKit/Model/PhasorDynamics/BusToSignalAdapter:/home/isatkaus/gridkit/build/GridKit/Model/PhasorDynamics/Exciter/IEEET1:/home/isatkaus/gridkit/build/GridKit/Model/PhasorDynamics/Exciter/SEXS-PTI:/home/isatkaus/gridkit/build/GridKit/Model/PhasorDynamics/Governor/Tgov1:/home/isatkaus/gridkit/build/GridKit/Model/PhasorDynamics/Load/LoadZ:/home/isatkaus/gridkit/build/GridKit/Model/PhasorDynamics/Load/LoadZIP:/home/isatkaus/gridkit/build/GridKit/Model/PhasorDynamics/SignalSource:/home/isatkaus/gridkit/build/GridKit/Model/PhasorDynamics/Stabilizer/IEEEST:/home/isatkaus/gridkit/build/GridKit/Model/PhasorDynamics/SynchronousMachine/GENROU:/home/isatkaus/gridkit/build/GridKit/Model/PhasorDynamics/SynchronousMachine/GENSAL:/home/isatkaus/gridkit/build/GridKit/Model/PhasorDynamics/SignalNode:/home/isatkaus/gridkit/build/GridKit/Model/PhasorDynamics/SynchronousMachine/GenClassical:/nopt/nrel/apps/cpu_stack/software/gridkit/sundials/develop/lib64:/nopt/nrel/apps/cpu_stack/software/gridkit/suitesparse/7.8.2/lib64:/home/isatkaus/gridkit/build/GridKit/Utilities/Logger:/home/isatkaus/gridkit/build/GridKit/LinearAlgebra/SparseMatrix: ../../../../../GridKit/Model/PhasorDynamics/libgridkit_phasor_dynamics_systemmodel.so.0.1.0 ../../../../../GridKit/Solver/Dynamic/libgridkit_solvers_dyn.so.0.1.0 ../../../../../GridKit/Model/PhasorDynamics/Branch/libgridkit_phasor_dynamics_branch.so.0.1.0 ../../../../../GridKit/Model/PhasorDynamics/Bus/libgridkit_phasor_dynamics_bus.so.0.1.0 ../../../../../GridKit/Model/PhasorDynamics/BusFault/libgridkit_phasor_dynamics_bus_fault.so.0.1.0 ../../../../../GridKit/Model/PhasorDynamics/BusToSignalAdapter/libgridkit_phasor_dynamics_bustosignaladapter.so.0.1.0 ../../../../../GridKit/Model/PhasorDynamics/Exciter/IEEET1/libgridkit_phasor_dynamics_exciter_ieeet1.so.0.1.0 ../../../../../GridKit/Model/PhasorDynamics/Exciter/SEXS-PTI/libgridkit_phasor_dynamics_exciter_sexspti.so.0.1.0 ../../../../../GridKit/Model/PhasorDynamics/Governor/Tgov1/libgridkit_phasor_dynamics_governor_tgov1.so.0.1.0 ../../../../../GridKit/Model/PhasorDynamics/Load/LoadZ/libgridkit_phasor_dynamics_loadz.so.0.1.0 ../../../../../GridKit/Model/PhasorDynamics/Load/LoadZIP/libgridkit_phasor_dynamics_loadzip.so.0.1.0 ../../../../../GridKit/Model/PhasorDynamics/SignalSource/libgridkit_phasor_dynamics_signalsource.so.0.1.0 ../../../../../GridKit/Model/PhasorDynamics/Stabilizer/IEEEST/libgridkit_phasor_dynamics_stabilizer_ieeest.so.0.1.0 ../../../../../GridKit/Model/PhasorDynamics/SynchronousMachine/GENROU/libgridkit_phasor_dynamics_genrou.so.0.1.0 ../../../../../GridKit/Model/PhasorDynamics/SynchronousMachine/GENSAL/libgridkit_phasor_dynamics_gensal.so.0.1.0 ../../../../../GridKit/Model/PhasorDynamics/SignalNode/libgridkit_phasor_dynamics_signal.so.0.1.0 ../../../../../GridKit/Model/PhasorDynamics/SynchronousMachine/GenClassical/libgridkit_phasor_dynamics_gen_classical.so.0.1.0 /nopt/nrel/apps/cpu_stack/software/gridkit/sundials/develop/lib64/libsundials_nvecserial.so.7.8.0 /nopt/nrel/apps/cpu_stack/software/gridkit/sundials/develop/lib64/libsundials_idas.so.6.8.0 /nopt/nrel/apps/cpu_stack/software/gridkit/sundials/develop/lib64/libsundials_sunlinsolklu.so.5.8.0 /nopt/nrel/apps/cpu_stack/software/gridkit/sundials/develop/lib64/libsundials_sunmatrixsparse.so.5.8.0 /nopt/nrel/apps/cpu_stack/software/gridkit/sundials/develop/lib64/libsundials_core.so.7.8.0 /nopt/nrel/apps/cpu_stack/software/gridkit/suitesparse/7.8.2/lib64/libklu.so /nopt/nrel/apps/cpu_stack/software/gridkit/suitesparse/7.8.2/lib64/libamd.so /nopt/nrel/apps/cpu_stack/software/gridkit/suitesparse/7.8.2/lib64/libcolamd.so /nopt/nrel/apps/cpu_stack/software/gridkit/suitesparse/7.8.2/lib64/libbtf.so /nopt/nrel/apps/cpu_stack/software/gridkit/suitesparse/7.8.2/lib64/libsuitesparseconfig.so ../../../../../GridKit/Utilities/Logger/libgridkit_utilities_logger.so.0.1.0 ../../../../../GridKit/LinearAlgebra/SparseMatrix/libgridkit_sparse_matrix.so.0.1.0
make[2]: Leaving directory '/home/isatkaus/gridkit/build'
[ 99%] Built target ThreeBusBasic
make[2]: Leaving directory '/home/isatkaus/gridkit/build'
[ 99%] Built target ThreeBusClassicalJson
make[2]: Leaving directory '/home/isatkaus/gridkit/build'
[ 99%] Built target ThreeBusClassical
make[2]: Leaving directory '/home/isatkaus/gridkit/build'
[ 99%] Built target TwoBusIeeet1
[100%] Linking CXX executable TwoBusTgov1
cd /home/isatkaus/gridkit/build/examples/PhasorDynamics/Tiny/TwoBus/Tgov1 && /nopt/nrel/apps/cpu_stack/utilities/06-24/linux-rhel8-sapphirerapids/gcc-12.3.0/cmake-3.29.2-6n4msmc4aewj7wyi6b5g644vjrqyqgot/bin/cmake -E cmake_link_script CMakeFiles/TwoBusTgov1.dir/link.txt --verbose=1
/nopt/nrel/apps/cpu_stack/software/gridkit/llvm/16.0.6/bin/clang++ --gcc-toolchain=/nopt/nrel/apps/cpu_stack/compilers/06-24/linux-rhel8-sapphirerapids/gcc-12.3.0/gcc-13.1.0-bmut2ysomhthj6y7oyc73c3cmxye57am -Wall -Wextra -Wconversion -Wpedantic -O2 -g -DNDEBUG -Wl,-rpath,/nopt/nrel/apps/cpu_stack/compilers/06-24/linux-rhel8-sapphirerapids/gcc-12.3.0/gcc-13.1.0-bmut2ysomhthj6y7oyc73c3cmxye57am/lib/gcc/x86_64-pc-linux-gnu/13.1.0/../../../../lib64 -Wl,-rpath,/nopt/nrel/apps/cpu_stack/libraries-gcc/06-24/linux-rhel8-sapphirerapids/gcc-12.3.0/netlib-lapack-3.11.0-abk4uhd5cyrfnhh67bcdhyt6fulibezx/lib64 CMakeFiles/TwoBusTgov1.dir/TwoBusTgov1.cpp.o -o TwoBusTgov1  -Wl,-rpath,/home/isatkaus/gridkit/build/GridKit/Model/PhasorDynamics:/home/isatkaus/gridkit/build/GridKit/Solver/Dynamic:/home/isatkaus/gridkit/build/GridKit/Model/PhasorDynamics/Branch:/home/isatkaus/gridkit/build/GridKit/Model/PhasorDynamics/Bus:/home/isatkaus/gridkit/build/GridKit/Model/PhasorDynamics/BusFault:/home/isatkaus/gridkit/build/GridKit/Model/PhasorDynamics/BusToSignalAdapter:/home/isatkaus/gridkit/build/GridKit/Model/PhasorDynamics/Exciter/IEEET1:/home/isatkaus/gridkit/build/GridKit/Model/PhasorDynamics/Exciter/SEXS-PTI:/home/isatkaus/gridkit/build/GridKit/Model/PhasorDynamics/Governor/Tgov1:/home/isatkaus/gridkit/build/GridKit/Model/PhasorDynamics/Load/LoadZ:/home/isatkaus/gridkit/build/GridKit/Model/PhasorDynamics/Load/LoadZIP:/home/isatkaus/gridkit/build/GridKit/Model/PhasorDynamics/SignalSource:/home/isatkaus/gridkit/build/GridKit/Model/PhasorDynamics/Stabilizer/IEEEST:/home/isatkaus/gridkit/build/GridKit/Model/PhasorDynamics/SynchronousMachine/GENROU:/home/isatkaus/gridkit/build/GridKit/Model/PhasorDynamics/SynchronousMachine/GENSAL:/home/isatkaus/gridkit/build/GridKit/Model/PhasorDynamics/SignalNode:/home/isatkaus/gridkit/build/GridKit/Model/PhasorDynamics/SynchronousMachine/GenClassical:/nopt/nrel/apps/cpu_stack/software/gridkit/sundials/develop/lib64:/nopt/nrel/apps/cpu_stack/software/gridkit/suitesparse/7.8.2/lib64:/home/isatkaus/gridkit/build/GridKit/Utilities/Logger:/home/isatkaus/gridkit/build/GridKit/LinearAlgebra/SparseMatrix: ../../../../../GridKit/Model/PhasorDynamics/libgridkit_phasor_dynamics_systemmodel.so.0.1.0 ../../../../../GridKit/Solver/Dynamic/libgridkit_solvers_dyn.so.0.1.0 ../../../../../GridKit/Model/PhasorDynamics/Branch/libgridkit_phasor_dynamics_branch.so.0.1.0 ../../../../../GridKit/Model/PhasorDynamics/Bus/libgridkit_phasor_dynamics_bus.so.0.1.0 ../../../../../GridKit/Model/PhasorDynamics/BusFault/libgridkit_phasor_dynamics_bus_fault.so.0.1.0 ../../../../../GridKit/Model/PhasorDynamics/BusToSignalAdapter/libgridkit_phasor_dynamics_bustosignaladapter.so.0.1.0 ../../../../../GridKit/Model/PhasorDynamics/Exciter/IEEET1/libgridkit_phasor_dynamics_exciter_ieeet1.so.0.1.0 ../../../../../GridKit/Model/PhasorDynamics/Exciter/SEXS-PTI/libgridkit_phasor_dynamics_exciter_sexspti.so.0.1.0 ../../../../../GridKit/Model/PhasorDynamics/Governor/Tgov1/libgridkit_phasor_dynamics_governor_tgov1.so.0.1.0 ../../../../../GridKit/Model/PhasorDynamics/Load/LoadZ/libgridkit_phasor_dynamics_loadz.so.0.1.0 ../../../../../GridKit/Model/PhasorDynamics/Load/LoadZIP/libgridkit_phasor_dynamics_loadzip.so.0.1.0 ../../../../../GridKit/Model/PhasorDynamics/SignalSource/libgridkit_phasor_dynamics_signalsource.so.0.1.0 ../../../../../GridKit/Model/PhasorDynamics/Stabilizer/IEEEST/libgridkit_phasor_dynamics_stabilizer_ieeest.so.0.1.0 ../../../../../GridKit/Model/PhasorDynamics/SynchronousMachine/GENROU/libgridkit_phasor_dynamics_genrou.so.0.1.0 ../../../../../GridKit/Model/PhasorDynamics/SynchronousMachine/GENSAL/libgridkit_phasor_dynamics_gensal.so.0.1.0 ../../../../../GridKit/Model/PhasorDynamics/SignalNode/libgridkit_phasor_dynamics_signal.so.0.1.0 ../../../../../GridKit/Model/PhasorDynamics/SynchronousMachine/GenClassical/libgridkit_phasor_dynamics_gen_classical.so.0.1.0 /nopt/nrel/apps/cpu_stack/software/gridkit/sundials/develop/lib64/libsundials_nvecserial.so.7.8.0 /nopt/nrel/apps/cpu_stack/software/gridkit/sundials/develop/lib64/libsundials_idas.so.6.8.0 /nopt/nrel/apps/cpu_stack/software/gridkit/sundials/develop/lib64/libsundials_sunlinsolklu.so.5.8.0 /nopt/nrel/apps/cpu_stack/software/gridkit/sundials/develop/lib64/libsundials_sunmatrixsparse.so.5.8.0 /nopt/nrel/apps/cpu_stack/software/gridkit/sundials/develop/lib64/libsundials_core.so.7.8.0 /nopt/nrel/apps/cpu_stack/software/gridkit/suitesparse/7.8.2/lib64/libklu.so /nopt/nrel/apps/cpu_stack/software/gridkit/suitesparse/7.8.2/lib64/libamd.so /nopt/nrel/apps/cpu_stack/software/gridkit/suitesparse/7.8.2/lib64/libcolamd.so /nopt/nrel/apps/cpu_stack/software/gridkit/suitesparse/7.8.2/lib64/libbtf.so /nopt/nrel/apps/cpu_stack/software/gridkit/suitesparse/7.8.2/lib64/libsuitesparseconfig.so ../../../../../GridKit/Utilities/Logger/libgridkit_utilities_logger.so.0.1.0 ../../../../../GridKit/LinearAlgebra/SparseMatrix/libgridkit_sparse_matrix.so.0.1.0
make[2]: Leaving directory '/home/isatkaus/gridkit/build'
[100%] Built target TwoBusTgov1
make[1]: Leaving directory '/home/isatkaus/gridkit/build'
/nopt/nrel/apps/cpu_stack/utilities/06-24/linux-rhel8-sapphirerapids/gcc-12.3.0/cmake-3.29.2-6n4msmc4aewj7wyi6b5g644vjrqyqgot/bin/cmake -E cmake_progress_start /home/isatkaus/gridkit/build/CMakeFiles 0

=== BUILD RESULTS ===
Working Enzyme examples:
./examples/Enzyme/PowerElectronics/EnzymePowerElectronicsCheck
./examples/Enzyme/Standalone/EnzymeStandaloneScalarCheck
./examples/Enzyme/Standalone/EnzymeStandaloneVectorCheck
./examples/Enzyme/Standalone/EnzymeStandaloneSparseCheck
./examples/Enzyme/Library/Vector/EnzymeLibVectorCheck
Phasor dynamics libraries:
./GridKit/Model/PhasorDynamics/SignalNode/libgridkit_phasor_dynamics_signal.so
./GridKit/Model/PhasorDynamics/SignalNode/libgridkit_phasor_dynamics_signal_dependency_tracking.so
./GridKit/Model/PhasorDynamics/Branch/libgridkit_phasor_dynamics_branch.so
./GridKit/Model/PhasorDynamics/Branch/libgridkit_phasor_dynamics_branch_dependency_tracking.so
./GridKit/Model/PhasorDynamics/Governor/Tgov1/libgridkit_phasor_dynamics_governor_tgov1.so
Available make targets for phasor dynamics:
... TenGenClassical
... ThreeBusClassical
... ThreeBusClassicalJson
... phasor_dynamics_gen_classical
... phasor_dynamics_gen_classical_dependency_tracking
... test_phasor_gen_classical

GridKit build completed: Tue Jul  7 16:06:13 MDT 2026

To run all tests:
  ctest --test-dir /home/isatkaus/gridkit/build --output-on-failure

To test Enzyme only: ./examples/Enzyme/Standalone/EnzymeStandaloneScalarCheck
