=== Checking for new commits on origin/develop ===
From github.com:ORNL/GridKit
 * branch              develop    -> FETCH_HEAD
   6b119aca..6f7bc80e  develop    -> origin/develop
  Remote:     6f7bc80e2fc4c91742ac72dc98c6378eed2f2638
  Last built: d24c6b4efb53010974ba0cdfb8141d62380135ad

New commits detected (or --force). Merging develop and rebuilding...

Merge made by the 'ort' strategy.
 .github/workflows/spack_default_build.yaml         |   10 +-
 CHANGELOG.md                                       |   12 +
 CMakeLists.txt                                     |   30 +-
 CONTRIBUTING.md                                    |    4 +
 .../DependencyTracking/VariableImplementation.hpp  |    8 +-
 .../Enzyme/EnzymeDefinitions.hpp                   |   21 +-
 .../Enzyme/SparseJacobians.hpp                     |    2 +-
 GridKit/CommonMath.hpp                             |   30 +-
 GridKit/CommonMath.md                              |  192 +-
 GridKit/Constants.hpp                              |    1 +
 GridKit/Definitions.hpp.in                         |    2 +-
 GridKit/LinearAlgebra/CMakeLists.txt               |    2 +-
 GridKit/LinearAlgebra/DenseMatrix/CMakeLists.txt   |    8 -
 GridKit/LinearAlgebra/DenseMatrix/DenseMatrix.hpp  |  170 -
 GridKit/LinearAlgebra/Solver/CMakeLists.txt        |    7 +
 GridKit/LinearAlgebra/Solver/LinearSolver.hpp      |   56 +
 .../LinearAlgebra/Solver/ResolveSystemSolver.cpp   |  105 +
 .../LinearAlgebra/Solver/ResolveSystemSolver.hpp   |   45 +
 GridKit/LinearAlgebra/SparseMatrix/CooMatrix.hpp   |    2 +-
 GridKit/LinearAlgebra/SparseMatrix/CsrMatrix.hpp   |    2 +-
 GridKit/LinearAlgebra/Vector/CMakeLists.txt        |    4 +-
 GridKit/LinearAlgebra/Vector/Vector.cpp            |   99 +-
 GridKit/LinearAlgebra/Vector/Vector.hpp            |    3 +-
 GridKit/LinearAlgebra/Vector/VectorHandler.cpp     |  354 +
 GridKit/LinearAlgebra/Vector/VectorHandler.hpp     |   88 +
 GridKit/LinearAlgebra/Vector/VectorHandlerCpu.cpp  |  392 +
 GridKit/LinearAlgebra/Vector/VectorHandlerCpu.hpp  |   74 +
 GridKit/MemoryUtilities/MemoryUtils.hpp            |   16 +-
 GridKit/Model/EMT/Bus/README.md                    |   94 +-
 .../Branch/BranchLumpedConstant/README.md          |  121 -
 GridKit/Model/EMT/Component/Branch/README.md       |   21 -
 .../EMT/Component/Line/LineDistributed/README.md   |  219 +
 .../Model/EMT/Component/Line/LineLumped/README.md  |  198 +
 GridKit/Model/EMT/Component/Line/README.md         |    9 +
 GridKit/Model/EMT/Component/Load/LoadZ/README.md   |  123 +
 GridKit/Model/EMT/Component/Load/README.md         |    7 +
 GridKit/Model/EMT/Component/LoadRL/README.md       |  104 -
 GridKit/Model/EMT/Component/README.md              |   19 +-
 GridKit/Model/EMT/Component/Source/README.md       |    7 +
 .../EMT/Component/Source/VoltageSource/README.md   |  128 +
 GridKit/Model/EMT/Component/Switch/README.md       |  112 +
 .../Model/EMT/Component/VoltageSource/README.md    |  109 -
 GridKit/Model/EMT/Operators/README.md              |    8 +
 GridKit/Model/EMT/Operators/Rational/README.md     |    8 +
 .../EMT/Operators/Rational/StateSpace/README.md    |  198 +
 .../EMT/Operators/Rational/VectorFit/README.md     |  189 +
 GridKit/Model/EMT/Operators/Shift/Delay/README.md  |  183 +
 .../EMT/Operators/Shift/Propagation/README.md      |  145 +
 GridKit/Model/EMT/Operators/Shift/README.md        |    8 +
 GridKit/Model/EMT/README.md                        |   76 +-
 GridKit/Model/Evaluator.hpp                        |   50 +-
 GridKit/Model/PhasorDynamics/Branch/Branch.hpp     |    3 +
 GridKit/Model/PhasorDynamics/Branch/BranchData.hpp |   44 +-
 .../Model/PhasorDynamics/Branch/BranchEnzyme.cpp   |   32 +-
 GridKit/Model/PhasorDynamics/Branch/BranchImpl.hpp |   40 +-
 GridKit/Model/PhasorDynamics/Branch/README.md      |   75 +-
 GridKit/Model/PhasorDynamics/Bus/Bus.hpp           |   17 +-
 GridKit/Model/PhasorDynamics/Bus/BusData.hpp       |   19 +-
 .../Model/PhasorDynamics/Bus/BusDataJSONParser.hpp |   49 +-
 GridKit/Model/PhasorDynamics/Bus/BusImpl.hpp       |   38 +-
 GridKit/Model/PhasorDynamics/Bus/BusInfinite.hpp   |    1 +
 .../Model/PhasorDynamics/Bus/BusInfiniteImpl.hpp   |   13 +-
 GridKit/Model/PhasorDynamics/Bus/README.md         |   39 +-
 GridKit/Model/PhasorDynamics/BusBase.hpp           |  138 +-
 GridKit/Model/PhasorDynamics/BusFault/BusFault.hpp |    1 +
 .../PhasorDynamics/BusFault/BusFaultEnzyme.cpp     |   22 +-
 .../Model/PhasorDynamics/BusFault/BusFaultImpl.hpp |   63 +-
 .../BusToSignalAdapter/BusToSignalAdapter.hpp      |    3 +
 .../BusToSignalAdapter/BusToSignalAdapterImpl.hpp  |   18 +
 GridKit/Model/PhasorDynamics/CMakeLists.txt        |   12 +-
 GridKit/Model/PhasorDynamics/Component.hpp         |  138 +-
 .../PhasorDynamics/ComponentDataJSONParser.hpp     |    1 +
 GridKit/Model/PhasorDynamics/ComponentLibrary.hpp  |    6 +
 .../Model/PhasorDynamics/Controller/CMakeLists.txt |    7 +
 GridKit/Model/PhasorDynamics/Controller/README.md  |   11 +
 .../PhasorDynamics/Controller/REECB/CMakeLists.txt |   56 +
 .../PhasorDynamics/Controller/REECB/README.md      |  418 +
 .../PhasorDynamics/Controller/REECB/Reecb.cpp      |   30 +
 .../PhasorDynamics/Controller/REECB/Reecb.hpp      |  267 +
 .../PhasorDynamics/Controller/REECB/ReecbData.hpp  |  114 +
 .../Controller/REECB/ReecbDependencyTracking.cpp   |   31 +
 .../Controller/REECB/ReecbEnzyme.cpp               |  122 +
 .../PhasorDynamics/Controller/REECB/ReecbImpl.hpp  | 1639 ++++
 .../PhasorDynamics/Controller/REPCA/CMakeLists.txt |   54 +
 .../PhasorDynamics/Controller/REPCA/README.md      |  357 +
 .../PhasorDynamics/Controller/REPCA/Repca.cpp      |   30 +
 .../PhasorDynamics/Controller/REPCA/Repca.hpp      |  222 +
 .../PhasorDynamics/Controller/REPCA/RepcaData.hpp  |  120 +
 .../Controller/REPCA/RepcaDependencyTracking.cpp   |   31 +
 .../Controller/REPCA/RepcaEnzyme.cpp               |  122 +
 .../PhasorDynamics/Controller/REPCA/RepcaImpl.hpp  | 1240 +++
 .../Model/PhasorDynamics/Converter/CMakeLists.txt  |    6 +
 GridKit/Model/PhasorDynamics/Converter/README.md   |    5 +-
 .../Model/PhasorDynamics/Converter/REECA/README.md |    8 +-
 .../PhasorDynamics/Converter/REGCA/CMakeLists.txt  |   54 +
 .../Model/PhasorDynamics/Converter/REGCA/README.md |  491 +-
 .../Model/PhasorDynamics/Converter/REGCA/Regca.cpp |   30 +
 .../Model/PhasorDynamics/Converter/REGCA/Regca.hpp |  249 +
 .../PhasorDynamics/Converter/REGCA/RegcaData.hpp   |  105 +
 .../Converter/REGCA/RegcaDependencyTracking.cpp    |   32 +
 .../PhasorDynamics/Converter/REGCA/RegcaEnzyme.cpp |  129 +
 .../PhasorDynamics/Converter/REGCA/RegcaImpl.hpp   |  770 ++
 .../Model/PhasorDynamics/Exciter/CMakeLists.txt    |    1 +
 .../PhasorDynamics/Exciter/ESDC1A/CMakeLists.txt   |   54 +
 .../Model/PhasorDynamics/Exciter/ESDC1A/Esdc1a.cpp |   30 +
 .../Model/PhasorDynamics/Exciter/ESDC1A/Esdc1a.hpp |  186 +
 .../PhasorDynamics/Exciter/ESDC1A/Esdc1aData.hpp   |  104 +
 .../Exciter/ESDC1A/Esdc1aDependencyTracking.cpp    |   33 +
 .../PhasorDynamics/Exciter/ESDC1A/Esdc1aEnzyme.cpp |  116 +
 .../PhasorDynamics/Exciter/ESDC1A/Esdc1aImpl.hpp   |  893 +++
 .../Model/PhasorDynamics/Exciter/ESDC1A/README.md  |  414 +
 .../Model/PhasorDynamics/Exciter/IEEET1/Ieeet1.hpp |   31 +-
 .../PhasorDynamics/Exciter/IEEET1/Ieeet1Enzyme.cpp |   30 +-
 .../PhasorDynamics/Exciter/IEEET1/Ieeet1Impl.hpp   |  146 +-
 .../Model/PhasorDynamics/Exciter/IEEET1/README.md  |   48 +-
 GridKit/Model/PhasorDynamics/Exciter/README.md     |    3 +-
 .../PhasorDynamics/Exciter/SEXS-PTI/SexsPti.hpp    |    1 +
 .../Exciter/SEXS-PTI/SexsPtiEnzyme.cpp             |   30 +-
 .../Exciter/SEXS-PTI/SexsPtiImpl.hpp               |   55 +-
 .../Model/PhasorDynamics/Governor/CMakeLists.txt   |    2 +
 .../PhasorDynamics/Governor/GASTPTI/CMakeLists.txt |   54 +
 .../PhasorDynamics/Governor/GASTPTI/GastPti.cpp    |   30 +
 .../PhasorDynamics/Governor/GASTPTI/GastPti.hpp    |  155 +
 .../Governor/GASTPTI/GastPtiData.hpp               |   91 +
 .../Governor/GASTPTI/GastPtiDependencyTracking.cpp |   31 +
 .../Governor/GASTPTI/GastPtiEnzyme.cpp             |  101 +
 .../Governor/GASTPTI/GastPtiImpl.hpp               |  801 ++
 .../PhasorDynamics/Governor/GASTPTI/README.md      |  273 +
 .../PhasorDynamics/Governor/HYGOV/CMakeLists.txt   |   54 +
 .../Model/PhasorDynamics/Governor/HYGOV/Hygov.cpp  |   27 +
 .../Model/PhasorDynamics/Governor/HYGOV/Hygov.hpp  |  199 +
 .../PhasorDynamics/Governor/HYGOV/HygovData.hpp    |  113 +
 .../Governor/HYGOV/HygovDependencyTracking.cpp     |   27 +
 .../PhasorDynamics/Governor/HYGOV/HygovEnzyme.cpp  |   90 +
 .../PhasorDynamics/Governor/HYGOV/HygovImpl.hpp    | 1089 +++
 .../Model/PhasorDynamics/Governor/HYGOV/README.md  |  414 +
 GridKit/Model/PhasorDynamics/Governor/README.md    |    2 +
 .../Model/PhasorDynamics/Governor/Tgov1/README.md  |    2 +-
 .../Model/PhasorDynamics/Governor/Tgov1/Tgov1.hpp  |   11 +-
 .../PhasorDynamics/Governor/Tgov1/Tgov1Data.hpp    |    8 +-
 .../PhasorDynamics/Governor/Tgov1/Tgov1Enzyme.cpp  |   22 +-
 .../PhasorDynamics/Governor/Tgov1/Tgov1Impl.hpp    |   58 +-
 GridKit/Model/PhasorDynamics/INPUT_FORMAT.md       |  112 +-
 GridKit/Model/PhasorDynamics/Load/LoadZ/LoadZ.hpp  |    1 +
 .../PhasorDynamics/Load/LoadZ/LoadZEnzyme.cpp      |   22 +-
 .../Model/PhasorDynamics/Load/LoadZ/LoadZImpl.hpp  |   56 +-
 .../Model/PhasorDynamics/Load/LoadZIP/LoadZIP.hpp  |   10 +-
 .../PhasorDynamics/Load/LoadZIP/LoadZIPData.hpp    |    1 -
 .../PhasorDynamics/Load/LoadZIP/LoadZIPEnzyme.cpp  |   22 +-
 .../PhasorDynamics/Load/LoadZIP/LoadZIPImpl.hpp    |   86 +-
 .../Model/PhasorDynamics/Load/LoadZIP/README.md    |   20 +-
 .../SignalSource/ConstantSignalSource.hpp          |    1 +
 .../SignalSource/ConstantSignalSourceImpl.hpp      |    6 +-
 .../PhasorDynamics/Stabilizer/IEEEST/Ieeest.hpp    |    1 +
 .../Stabilizer/IEEEST/IeeestEnzyme.cpp             |   22 +-
 .../Stabilizer/IEEEST/IeeestImpl.hpp               |   46 +-
 .../SynchronousMachine/GENROU/Genrou.hpp           |   45 +-
 .../SynchronousMachine/GENROU/GenrouEnzyme.cpp     |   34 +-
 .../SynchronousMachine/GENROU/GenrouImpl.hpp       |  117 +-
 .../SynchronousMachine/GENSAL/Gensal.hpp           |    1 +
 .../SynchronousMachine/GENSAL/GensalEnzyme.cpp     |   34 +-
 .../SynchronousMachine/GENSAL/GensalImpl.hpp       |  124 +-
 .../GenClassical/GenClassical.hpp                  |    1 +
 .../GenClassical/GenClassicalData.hpp              |    3 +-
 .../GenClassical/GenClassicalEnzyme.cpp            |   30 +-
 .../GenClassical/GenClassicalImpl.hpp              |   78 +-
 GridKit/Model/PhasorDynamics/SystemModel.cpp       |   13 +
 GridKit/Model/PhasorDynamics/SystemModel.hpp       |    2 +-
 GridKit/Model/PhasorDynamics/SystemModelData.hpp   |   30 +-
 .../PhasorDynamics/SystemModelDataJSONParser.hpp   |   45 +-
 .../SystemModelDependencyTracking.cpp              |   12 +
 GridKit/Model/PhasorDynamics/SystemModelEnzyme.cpp |   42 +
 GridKit/Model/PhasorDynamics/SystemModelImpl.hpp   |  590 +-
 GridKit/Model/PowerElectronics/Bus/GroundedBus.hpp |   17 +-
 GridKit/Model/PowerElectronics/CMakeLists.txt      |    4 +
 .../PowerElectronics/Capacitor/CMakeLists.txt      |    3 +-
 .../Model/PowerElectronics/Capacitor/Capacitor.cpp |    6 +-
 .../Model/PowerElectronics/Capacitor/Capacitor.hpp |    6 +-
 .../Model/PowerElectronics/CircuitComponent.hpp    |  245 +-
 GridKit/Model/PowerElectronics/CircuitNode.hpp     |  124 +-
 .../DistributedGenerator/CMakeLists.txt            |    3 +-
 .../DistributedGenerator/DistributedGenerator.cpp  |  190 +-
 .../DistributedGenerator/DistributedGenerator.hpp  |    6 +-
 .../Model/PowerElectronics/ExternalConnection.hpp  |   23 +
 .../PowerElectronics/InductionMotor/CMakeLists.txt |    3 +-
 .../InductionMotor/InductionMotor.cpp              |   20 +-
 .../InductionMotor/InductionMotor.hpp              |    6 +-
 .../Model/PowerElectronics/Inductor/CMakeLists.txt |    3 +-
 .../Model/PowerElectronics/Inductor/Inductor.cpp   |    8 +-
 .../Model/PowerElectronics/Inductor/Inductor.hpp   |    6 +-
 .../LinearTransformer/CMakeLists.txt               |    3 +-
 .../LinearTransformer/LinearTransformer.cpp        |    8 +-
 .../LinearTransformer/LinearTransformer.hpp        |    6 +-
 .../PowerElectronics/MicrogridBusDQ/CMakeLists.txt |    3 +-
 .../MicrogridBusDQ/MicrogridBusDQ.cpp              |    4 +-
 .../MicrogridBusDQ/MicrogridBusDQ.hpp              |    6 +-
 .../PowerElectronics/MicrogridLine/CMakeLists.txt  |    3 +-
 .../MicrogridLine/MicrogridLine.cpp                |   21 +-
 .../MicrogridLine/MicrogridLine.hpp                |    6 +-
 .../PowerElectronics/MicrogridLoad/CMakeLists.txt  |    3 +-
 .../MicrogridLoad/MicrogridLoad.cpp                |   17 +-
 .../MicrogridLoad/MicrogridLoad.hpp                |    6 +-
 GridKit/Model/PowerElectronics/NodeBase.hpp        |  158 +-
 .../Model/PowerElectronics/Resistor/CMakeLists.txt |    3 +-
 .../Model/PowerElectronics/Resistor/Resistor.cpp   |    6 +-
 .../Model/PowerElectronics/Resistor/Resistor.hpp   |    6 +-
 .../SynchronousMachine/CMakeLists.txt              |    3 +-
 .../SynchronousMachine/SynchronousMachine.cpp      |   41 +-
 .../SynchronousMachine/SynchronousMachine.hpp      |    6 +-
 .../SystemModelPowerElectronics.hpp                |  143 +-
 .../TransmissionLine/CMakeLists.txt                |    3 +-
 .../TransmissionLine/TransmissionLine.cpp          |   24 +-
 .../TransmissionLine/TransmissionLine.hpp          |    6 +-
 .../PowerElectronics/VoltageSource/CMakeLists.txt  |    3 +-
 .../VoltageSource/VoltageSource.cpp                |    9 +-
 .../VoltageSource/VoltageSource.hpp                |    6 +-
 GridKit/Model/PowerFlow/Branch/Branch.cpp          |   17 +-
 GridKit/Model/PowerFlow/Branch/CMakeLists.txt      |    3 +-
 GridKit/Model/PowerFlow/Bus/BusPQ.cpp              |   52 +-
 GridKit/Model/PowerFlow/Bus/BusPQ.hpp              |   32 +-
 GridKit/Model/PowerFlow/Bus/BusPV.cpp              |   37 +-
 GridKit/Model/PowerFlow/Bus/BusPV.hpp              |    8 +-
 GridKit/Model/PowerFlow/Bus/CMakeLists.txt         |    3 +-
 GridKit/Model/PowerFlow/CMakeLists.txt             |    1 +
 GridKit/Model/PowerFlow/Generator/CMakeLists.txt   |    3 +-
 GridKit/Model/PowerFlow/Generator/GeneratorPQ.cpp  |    4 +
 GridKit/Model/PowerFlow/Generator/GeneratorPV.cpp  |    4 +
 GridKit/Model/PowerFlow/Generator2/CMakeLists.txt  |    3 +-
 GridKit/Model/PowerFlow/Generator2/Generator2.cpp  |   86 +-
 GridKit/Model/PowerFlow/Generator4/CMakeLists.txt  |    3 +-
 GridKit/Model/PowerFlow/Generator4/Generator4.cpp  |  149 +-
 GridKit/Model/PowerFlow/Generator4/Generator4.hpp  |   24 +-
 .../PowerFlow/Generator4Governor/CMakeLists.txt    |    3 +-
 .../Generator4Governor/Generator4Governor.cpp      |  192 +-
 .../Generator4Governor/Generator4Governor.hpp      |   24 +-
 .../Model/PowerFlow/Generator4Param/CMakeLists.txt |    3 +-
 .../PowerFlow/Generator4Param/Generator4Param.cpp  |  140 +-
 .../PowerFlow/Generator4Param/Generator4Param.hpp  |   24 +-
 GridKit/Model/PowerFlow/Load/CMakeLists.txt        |    3 +-
 GridKit/Model/PowerFlow/Load/Load.cpp              |    4 +
 GridKit/Model/PowerFlow/MatpowerParser.hpp         |   22 +-
 GridKit/Model/PowerFlow/MiniGrid/CMakeLists.txt    |    3 +-
 GridKit/Model/PowerFlow/MiniGrid/MiniGrid.cpp      |   10 +-
 GridKit/Model/PowerFlow/MiniGrid/MiniGrid.hpp      |   12 +-
 GridKit/Model/PowerFlow/ModelEvaluatorImpl.hpp     |  126 +-
 GridKit/Model/PowerFlow/SystemModel.hpp            |  556 +-
 GridKit/Model/PowerFlow/SystemModelPowerFlow.hpp   |   80 +-
 GridKit/Model/VariableMonitorController.hpp        |    1 +
 GridKit/Solver/Dynamic/CMakeLists.txt              |   33 +-
 GridKit/Solver/Dynamic/Ida.cpp                     |  251 +-
 GridKit/Solver/Dynamic/Ida.hpp                     |   31 +-
 GridKit/Solver/Dynamic/Native/AdaptiveStep.cpp     |   33 +
 GridKit/Solver/Dynamic/Native/AdaptiveStep.hpp     |   72 +
 GridKit/Solver/Dynamic/Native/CMakeLists.txt       |   21 +
 GridKit/Solver/Dynamic/Native/ErrorNorm.hpp        |   38 +
 GridKit/Solver/Dynamic/Native/FixedStep.cpp        |   22 +
 GridKit/Solver/Dynamic/Native/FixedStep.hpp        |   34 +
 GridKit/Solver/Dynamic/Native/InfNorm.cpp          |   55 +
 GridKit/Solver/Dynamic/Native/InfNorm.hpp          |   78 +
 GridKit/Solver/Dynamic/Native/StepControl.hpp      |   27 +
 GridKit/Solver/Dynamic/Native/StepController.hpp   |   38 +
 GridKit/Solver/Dynamic/Rosenbrock.cpp              |  912 +++
 GridKit/Solver/Dynamic/Rosenbrock.hpp              |  517 ++
 GridKit/Solver/Dynamic/RosenbrockTableaus.cpp      |  205 +
 GridKit/Solver/Optimization/DynamicConstraint.cpp  |   32 +-
 GridKit/Solver/Optimization/DynamicConstraint.hpp  |    7 +-
 GridKit/Solver/Optimization/DynamicObjective.cpp   |   32 +-
 GridKit/Solver/Optimization/DynamicObjective.hpp   |    7 +-
 GridKit/Solver/SteadyState/CMakeLists.txt          |    2 +-
 GridKit/Solver/SteadyState/Kinsol.cpp              |   15 +-
 GridKit/Solver/SteadyState/Kinsol.hpp              |    7 +-
 GridKit/Testing/CommandLine.hpp                    |    2 -
 GridKit/Testing/TestHelpers.hpp                    |    2 +-
 GridKit/Testing/Testing.hpp                        |    2 +-
 GridKit/Testing/Tokenizer.hpp                      |   11 +-
 GridKit/Utilities/FileIO.hpp                       |    2 +-
 GridKit/Utilities/String.hpp                       |   11 +-
 README.md                                          |    1 +
 application/PhasorDynamics/AnalysisUtilities.hpp   |   55 +-
 application/PhasorDynamics/ContingencyAnalysis.cpp |   15 +-
 application/PhasorDynamics/DynamicSimulation.cpp   |   14 +-
 application/PhasorDynamics/README.md               |    6 +-
 .../spack_repo/gridkit/packages/gridkit/package.py |    8 +-
 .../spack_repo/gridkit/packages/resolve/package.py |    6 +
 cmake/FindZMQ.cmake                                |   20 +
 docs/CMakeLists.txt                                |    2 +
 docs/Doxyfile                                      |   13 +-
 docs/Figures/CommonMath/above.svg                  | 1206 ++-
 docs/Figures/CommonMath/above.tex                  |   24 +
 docs/Figures/CommonMath/below.svg                  | 1206 ++-
 docs/Figures/CommonMath/below.tex                  |   24 +
 docs/Figures/CommonMath/clamp.svg                  | 1201 ++-
 docs/Figures/CommonMath/clamp.tex                  |   24 +
 docs/Figures/CommonMath/commonmath.sty             |   87 +
 docs/Figures/CommonMath/deadband1.svg              | 1216 ++-
 docs/Figures/CommonMath/deadband1.tex              |   26 +
 docs/Figures/CommonMath/deadband2.svg              | 1188 ++-
 docs/Figures/CommonMath/deadband2.tex              |   22 +
 docs/Figures/CommonMath/inside.svg                 | 1219 ++-
 docs/Figures/CommonMath/inside.tex                 |   25 +
 docs/Figures/CommonMath/linseg.svg                 | 1194 ++-
 docs/Figures/CommonMath/linseg.tex                 |   21 +
 docs/Figures/CommonMath/max.svg                    | 1183 ++-
 docs/Figures/CommonMath/max.tex                    |   22 +
 docs/Figures/CommonMath/min.svg                    | 1185 ++-
 docs/Figures/CommonMath/min.tex                    |   20 +
 docs/Figures/CommonMath/outside.svg                | 1219 ++-
 docs/Figures/CommonMath/outside.tex                |   25 +
 docs/Figures/CommonMath/qramp.svg                  | 1199 ++-
 docs/Figures/CommonMath/qramp.tex                  |   21 +
 docs/Figures/CommonMath/ramp.svg                   | 1197 ++-
 docs/Figures/CommonMath/ramp.tex                   |   20 +
 docs/Figures/CommonMath/sigmoid.svg                | 1207 ++-
 docs/Figures/CommonMath/sigmoid.tex                |   23 +
 docs/Figures/CommonMath/slew.svg                   | 1205 ++-
 docs/Figures/CommonMath/slew.tex                   |   25 +
 docs/Figures/EMT/Bus/diagram.png                   |  Bin 0 -> 20003 bytes
 docs/Figures/EMT/Bus/diagram.tex                   |   30 +
 docs/Figures/EMT/Delay/diagram.png                 |  Bin 0 -> 19776 bytes
 docs/Figures/EMT/Delay/diagram.tex                 |   25 +
 docs/Figures/EMT/DelayHistory/diagram.png          |  Bin 0 -> 124924 bytes
 docs/Figures/EMT/DelayHistory/diagram.tex          |   83 +
 docs/Figures/EMT/LineDistributed/diagram.png       |  Bin 0 -> 96345 bytes
 docs/Figures/EMT/LineDistributed/diagram.tex       |   74 +
 docs/Figures/EMT/LineLumped/diagram.png            |  Bin 0 -> 50735 bytes
 docs/Figures/EMT/LineLumped/diagram.tex            |   47 +
 docs/Figures/EMT/LoadZ/diagram.png                 |  Bin 0 -> 21235 bytes
 docs/Figures/EMT/LoadZ/diagram.tex                 |   27 +
 docs/Figures/EMT/Propagation/diagram.png           |  Bin 0 -> 80574 bytes
 docs/Figures/EMT/Propagation/diagram.tex           |   48 +
 docs/Figures/EMT/StateSpace/diagram.png            |  Bin 0 -> 58695 bytes
 docs/Figures/EMT/StateSpace/diagram.tex            |   50 +
 docs/Figures/EMT/Switch/diagram.png                |  Bin 0 -> 12546 bytes
 docs/Figures/EMT/Switch/diagram.tex                |   33 +
 docs/Figures/EMT/VectorFit/diagram.png             |  Bin 0 -> 84241 bytes
 docs/Figures/EMT/VectorFit/diagram.tex             |   44 +
 docs/Figures/EMT/VoltageSource/diagram.png         |  Bin 0 -> 31452 bytes
 docs/Figures/EMT/VoltageSource/diagram.tex         |   37 +
 docs/Figures/EMT/diagram-style.tex                 |   23 +
 docs/Figures/EMT/lumped_constant_diagram.svg       |   92 -
 docs/Figures/PhasorDynamics/ESDC1A/diagram.png     |  Bin 0 -> 58305 bytes
 docs/Figures/PhasorDynamics/GASTPTI/diagram.png    |  Bin 0 -> 95673 bytes
 docs/Figures/PhasorDynamics/HYGOV/diagram.png      |  Bin 0 -> 72381 bytes
 docs/Figures/PhasorDynamics/REECB/diagram.png      |  Bin 0 -> 77117 bytes
 docs/Figures/PhasorDynamics/REPCA/diagram.png      |  Bin 0 -> 91838 bytes
 .../Branch/BranchLumpedConstant/README.md          |    6 -
 docs/GridKit/Model/EMT/Component/Branch/README.md  |   14 -
 .../EMT/Component/Line/LineDistributed/README.md   |    6 +
 .../Model/EMT/Component/Line/LineLumped/README.md  |    6 +
 docs/GridKit/Model/EMT/Component/Line/README.md    |   15 +
 .../Model/EMT/Component/Load/LoadZ/README.md       |    6 +
 docs/GridKit/Model/EMT/Component/Load/README.md    |   14 +
 docs/GridKit/Model/EMT/Component/LoadRL/README.md  |    6 -
 docs/GridKit/Model/EMT/Component/README.md         |    9 +-
 docs/GridKit/Model/EMT/Component/Source/README.md  |   14 +
 .../EMT/Component/Source/VoltageSource/README.md   |    6 +
 docs/GridKit/Model/EMT/Component/Switch/README.md  |    6 +
 .../Model/EMT/Component/VoltageSource/README.md    |    6 -
 docs/GridKit/Model/EMT/Operators/README.md         |   15 +
 .../GridKit/Model/EMT/Operators/Rational/README.md |   15 +
 .../EMT/Operators/Rational/StateSpace/README.md    |    6 +
 .../EMT/Operators/Rational/VectorFit/README.md     |    6 +
 .../Model/EMT/Operators/Shift/Delay/README.md      |    6 +
 .../EMT/Operators/Shift/Propagation/README.md      |    6 +
 docs/GridKit/Model/EMT/Operators/Shift/README.md   |   15 +
 docs/GridKit/Model/EMT/README.md                   |    3 +-
 .../Model/PhasorDynamics/Controller/README.md      |   15 +
 .../PhasorDynamics/Controller/REECB/README.md      |    6 +
 .../PhasorDynamics/Controller/REPCA/README.md      |    6 +
 .../Model/PhasorDynamics/Exciter/ESDC1A/README.md  |    6 +
 .../GridKit/Model/PhasorDynamics/Exciter/README.md |    1 +
 .../PhasorDynamics/Governor/GASTPTI/README.md      |    6 +
 .../Model/PhasorDynamics/Governor/HYGOV/README.md  |    6 +
 .../Model/PhasorDynamics/Governor/README.md        |    2 +
 docs/GridKit/Model/PhasorDynamics/README.md        |    1 +
 .../SynchronousMachine/GENROUwS/README.md          |    2 +-
 .../SynchronousMachine/GENSALwS/README.md          |    2 +-
 docs/api.md                                        |    1 +
 docs/api/concepts.md                               |    8 +
 docs/citations.bib                                 |   10 +
 docs/conf.py                                       |    6 +
 docs/examples/EMT/README.md                        |    6 +
 docs/examples/README.md                            |    1 +
 docs/requirements.txt                              |   10 +-
 examples/CMakeLists.txt                            |    6 -
 examples/Consumer/CMakeLists.txt                   |    8 +-
 examples/Consumer/test.sh                          |    1 +
 examples/EMT/README.md                             |   48 +
 examples/Enzyme/CMakeLists.txt                     |    3 -
 examples/Enzyme/Library/CMakeLists.txt             |    2 -
 examples/Enzyme/Library/Scalar/CMakeLists.txt      |    5 -
 examples/Enzyme/Library/Scalar/EnzymeScalar.cpp    |   34 -
 examples/Enzyme/Library/Scalar/EnzymeWrapper.hpp   |   16 -
 examples/Enzyme/Library/Scalar/ScalarModel.cpp     |   50 -
 examples/Enzyme/Library/Scalar/ScalarModel.hpp     |   22 -
 examples/Enzyme/Library/Vector/CMakeLists.txt      |    8 -
 examples/Enzyme/Library/Vector/EnzymeVector.cpp    |   89 -
 examples/Enzyme/Library/Vector/EnzymeWrapper.hpp   |   18 -
 examples/Enzyme/Library/Vector/VectorModel.cpp     |   91 -
 examples/Enzyme/Library/Vector/VectorModel.hpp     |   28 -
 examples/Enzyme/PowerElectronics/CMakeLists.txt    |   12 -
 examples/Enzyme/PowerElectronics/main.cpp          |  233 -
 examples/Enzyme/Standalone/CMakeLists.txt          |   25 -
 examples/Enzyme/Standalone/EnzymeScalar.cpp        |   38 -
 examples/Enzyme/Standalone/EnzymeSparse.cpp        |  191 -
 examples/Enzyme/Standalone/EnzymeVector.cpp        |  131 -
 .../AdjointSensitivity/AdjointSensitivity.cpp      |   17 +-
 .../DynamicConstrainedOpt.cpp                      |   27 +-
 .../Experimental/GenConstLoad/GenConstLoad.cpp     |   19 +-
 .../Experimental/GenInfiniteBus/GenInfiniteBus.cpp |   33 +-
 .../ParameterEstimation/ParameterEstimation.cpp    |   25 +-
 examples/LinearAlgebra/CMakeLists.txt              |    1 -
 examples/LinearAlgebra/DenseTest/CMakeLists.txt    |    6 -
 examples/LinearAlgebra/DenseTest/DenseTest.cpp     |   24 -
 .../PhasorDynamics/Large/Illinois/CMakeLists.txt   |    5 +-
 .../Illinois/{illinois.json => illinois.case.json} |  972 +--
 .../Large/Illinois/illinois.solver.json            |    4 +-
 examples/PhasorDynamics/Large/Texas/CMakeLists.txt |    5 +-
 .../Large/Texas/{texas.json => texas.case.json}    | 8422 ++++++++++----------
 .../PhasorDynamics/Large/Texas/texas.solver.json   |    4 +-
 examples/PhasorDynamics/Large/WECC/CMakeLists.txt  |    5 +-
 .../Large/WECC/{wecc.json => wecc.case.json}       | 1262 ++-
 .../PhasorDynamics/Large/WECC/wecc.solver.json     |    4 +-
 .../PhasorDynamics/Medium/Hawaii/CMakeLists.txt    |    5 +-
 .../Hawaii/{hawaii.json => hawaii.case.json}       |  195 +-
 .../Medium/Hawaii/hawaii.solver.json               |    4 +-
 .../Medium/NewEngland/CMakeLists.txt               |    5 +-
 .../{newengland.json => newengland.case.json}      |  185 +-
 .../Medium/NewEngland/newengland.solver.json       |    4 +-
 .../Small/TenGen/Classical/TenGenClassical.cpp     |   11 +-
 .../Small/TenGen/Genrou/TenGenGenrou.cpp           |   11 +-
 examples/PhasorDynamics/Small/TwoArea/twoarea.json |   52 +-
 .../Tiny/ThreeBus/Basic/CMakeLists.txt             |   28 +-
 .../Tiny/ThreeBus/Basic/ThreeBusBasic.case.json    |   22 +-
 .../Tiny/ThreeBus/Basic/ThreeBusBasic.cpp          |  294 -
 .../Tiny/ThreeBus/Basic/ThreeBusBasic.hpp          | 2414 ------
 .../Tiny/ThreeBus/Basic/ThreeBusBasic.solver.json  |    2 +-
 .../Tiny/ThreeBus/Basic/ThreeBusBasicJson.cpp      |  127 -
 .../Tiny/ThreeBus/Classical/CMakeLists.txt         |   27 +-
 ...sClassical.json => ThreeBusClassical.case.json} |   48 +-
 .../Tiny/ThreeBus/Classical/ThreeBusClassical.cpp  |  275 -
 .../Tiny/ThreeBus/Classical/ThreeBusClassical.hpp  | 2415 ------
 .../ThreeBus/Classical/ThreeBusClassical.ref.csv   | 2401 ++++++
 .../Classical/ThreeBusClassical.solver.json        |   12 +
 .../ThreeBus/Classical/ThreeBusClassicalJson.cpp   |  222 -
 .../ThreeBusConstantSource.case.json               |   28 +-
 .../ThreeBusConstantSource.solver.json             |    2 +-
 .../Tiny/ThreeBus/ZipLoad/CMakeLists.txt           |   17 +-
 ...eeBusZipLoad.json => ThreeBusZipLoad.case.json} |  307 +-
 .../Tiny/ThreeBus/ZipLoad/ThreeBusZipLoad.hpp      | 2409 ------
 .../Tiny/ThreeBus/ZipLoad/ThreeBusZipLoad.ref.csv  | 2401 ++++++
 .../ThreeBus/ZipLoad/ThreeBusZipLoad.solver.json   |   12 +
 .../Tiny/ThreeBus/ZipLoad/ThreeBusZipLoadJson.cpp  |  220 -
 .../Tiny/TwoBus/Basic/CMakeLists.txt               |   27 +-
 .../Tiny/TwoBus/Basic/TwoBusBasic.case.json        |   18 +-
 .../Tiny/TwoBus/Basic/TwoBusBasic.cpp              |  226 -
 .../Tiny/TwoBus/Basic/TwoBusBasic.hpp              | 2413 ------
 .../Tiny/TwoBus/Basic/TwoBusBasic.solver.json      |    4 +-
 .../Tiny/TwoBus/Basic/TwoBusBasicJson.cpp          |  102 +-
 .../Tiny/TwoBus/Gensal/CMakeLists.txt              |   12 +-
 .../{Gensal.case.json => TwoBusGensal.case.json}   |   21 +-
 .../{Gensal.ref.csv => TwoBusGensal.ref.csv}       |    0
 ...Gensal.solver.json => TwoBusGensal.solver.json} |    6 +-
 .../Tiny/TwoBus/Ieeet1/CMakeLists.txt              |   26 +-
 .../{TwoBusIeeet1.json => TwoBusIeeet1.case.json}  |   33 +-
 .../Tiny/TwoBus/Ieeet1/TwoBusIeeet1.cpp            |  312 -
 .../Tiny/TwoBus/Ieeet1/TwoBusIeeet1.hpp            | 2420 ------
 .../Tiny/TwoBus/Ieeet1/TwoBusIeeet1.ref.csv        | 2401 ++++++
 .../Tiny/TwoBus/Ieeet1/TwoBusIeeet1.solver.json    |   11 +
 .../Tiny/TwoBus/Ieeet1/TwoBusIeeet1Json.cpp        |  245 -
 .../Tiny/TwoBus/Tgov1/CMakeLists.txt               |   25 +-
 .../{TwoBusTgov1.json => TwoBusTgov1.case.json}    |   30 +-
 .../Tiny/TwoBus/Tgov1/TwoBusTgov1.cpp              |  251 -
 .../Tiny/TwoBus/Tgov1/TwoBusTgov1.hpp              | 2420 ------
 .../Tiny/TwoBus/Tgov1/TwoBusTgov1.ref.csv          | 2401 ++++++
 .../Tiny/TwoBus/Tgov1/TwoBusTgov1.solver.json      |   11 +
 .../Tiny/TwoBus/Tgov1/TwoBusTgov1Json.cpp          |  212 -
 .../DistributedGeneratorTest/DGTest.cpp            |   25 +-
 examples/PowerElectronics/Microgrid/Microgrid.cpp  |   66 +-
 examples/PowerElectronics/RLCircuit/RLCircuit.cpp  |   44 +-
 .../ScaleMicrogrid/ScaleMicrogrid.cpp              |   56 +-
 .../ScaleMicrogrid/ScaleMicrogridArbitrary.cpp     |   32 +-
 examples/PowerFlow/Grid3Bus/Grid3BusSys.cpp        |   14 +-
 examples/README.md                                 |    8 +-
 tests/CMakeLists.txt                               |    1 +
 tests/IntegrationTests/CMakeLists.txt              |    3 +
 .../IntegrationTests/PhasorDynamics/CMakeLists.txt |   11 +
 .../PhasorDynamics/PDIntegrationTests.hpp          |  940 +++
 .../PhasorDynamics/runPDIntegrationTests.cpp       |   18 +
 .../AutomaticDifferentiation/CMakeLists.txt        |    4 +
 .../AutomaticDifferentiation/Enzyme/CMakeLists.txt |   16 +
 .../Enzyme/EnzymeTests.hpp                         |  248 +
 .../Enzyme/runEnzymeTests.cpp                      |   21 +
 tests/UnitTests/CMakeLists.txt                     |    1 +
 .../LinearAlgebra/SparseMatrix/SparseCooTests.hpp  |    2 +-
 .../LinearAlgebra/SparseMatrix/SparseCsrTests.hpp  |    2 +-
 .../UnitTests/LinearAlgebra/Vector/CMakeLists.txt  |    8 +
 .../LinearAlgebra/Vector/VectorHandlerTests.hpp    |  512 ++
 .../UnitTests/LinearAlgebra/Vector/VectorTests.hpp |   71 +-
 .../LinearAlgebra/Vector/runVectorHandlerTests.cpp |   44 +
 .../LinearAlgebra/Vector/runVectorTests.cpp        |    2 +
 tests/UnitTests/Math/SmoothnessIndicatorTests.hpp  |   52 +-
 .../UnitTests/Math/runSmoothnessIndicatorTests.cpp |    3 +-
 tests/UnitTests/Network/CMakeLists.txt             |    6 +
 tests/UnitTests/Network/ZMQTests.hpp               |   29 +
 tests/UnitTests/Network/runZMQTests.cpp            |   13 +
 tests/UnitTests/PhasorDynamics/BranchTests.hpp     |   46 +-
 tests/UnitTests/PhasorDynamics/BusFaultTests.hpp   |   32 +-
 tests/UnitTests/PhasorDynamics/BusTests.hpp        |    1 +
 tests/UnitTests/PhasorDynamics/CMakeLists.txt      |   77 +
 .../PhasorDynamics/ComponentConnectionTests.hpp    |  536 ++
 .../PhasorDynamics/ControllerReecbTests.hpp        | 2752 +++++++
 .../PhasorDynamics/ControllerRepcaTests.hpp        | 2361 ++++++
 .../PhasorDynamics/ConverterRegcaTests.hpp         | 1110 +++
 .../PhasorDynamics/ExciterEsdc1aTests.hpp          | 1523 ++++
 .../PhasorDynamics/ExciterIeeet1Tests.hpp          |  146 +-
 .../PhasorDynamics/ExciterSexsPtiTests.hpp         |  126 +-
 .../UnitTests/PhasorDynamics/GenClassicalTests.hpp |   87 +-
 tests/UnitTests/PhasorDynamics/GenrouTests.hpp     |   95 +-
 tests/UnitTests/PhasorDynamics/GensalTests.hpp     |  106 +-
 .../PhasorDynamics/GovernorGastPtiTests.hpp        | 1730 ++++
 .../PhasorDynamics/GovernorHygovTests.hpp          | 1642 ++++
 .../PhasorDynamics/GovernorTgov1Tests.hpp          |   53 +-
 tests/UnitTests/PhasorDynamics/LoadZIPTests.hpp    |  109 +-
 tests/UnitTests/PhasorDynamics/LoadZTests.hpp      |   17 +-
 .../PhasorDynamics/StabilizerIeeestTests.hpp       |  124 +-
 .../PhasorDynamics/SystemSingleComponentTests.hpp  |  279 +
 tests/UnitTests/PhasorDynamics/SystemTests.hpp     |  280 +-
 .../UnitTests/PhasorDynamics/ThreeBusBasicBad.json |   22 +-
 .../PhasorDynamics/runComponentConnectionTests.cpp |   19 +
 .../PhasorDynamics/runControllerReecbTests.cpp     |   30 +
 .../PhasorDynamics/runControllerRepcaTests.cpp     |   22 +
 .../PhasorDynamics/runConverterRegcaTests.cpp      |   21 +
 .../PhasorDynamics/runExciterEsdc1aTests.cpp       |   20 +
 .../PhasorDynamics/runExciterIeeet1Tests.cpp       |    3 +-
 .../PhasorDynamics/runGovernorGastPtiTests.cpp     |   27 +
 .../PhasorDynamics/runGovernorHygovTests.cpp       |   21 +
 tests/UnitTests/PhasorDynamics/runLoadZIPTests.cpp |    1 +
 .../runSystemSingleComponentTests.cpp              |    6 +
 tests/UnitTests/PhasorDynamics/runSystemTests.cpp  |    4 +
 tests/UnitTests/Solver/CMakeLists.txt              |    4 +-
 tests/UnitTests/Solver/Dynamic/CMakeLists.txt      |   25 +-
 tests/UnitTests/Solver/Dynamic/IdaTests.hpp        |  232 +-
 tests/UnitTests/Solver/Dynamic/RosenbrockTests.hpp |  508 ++
 tests/UnitTests/Solver/Dynamic/runIdaTests.cpp     |    2 +
 .../Solver/Dynamic/runRosenbrockTests.cpp          |   18 +
 tests/UnitTests/Utilities/CaseFormatTests.hpp      |  359 +-
 tests/UnitTests/Utilities/CliArgsTests.hpp         |    6 +
 548 files changed, 70215 insertions(+), 28703 deletions(-)
 delete mode 100644 GridKit/LinearAlgebra/DenseMatrix/CMakeLists.txt
 delete mode 100644 GridKit/LinearAlgebra/DenseMatrix/DenseMatrix.hpp
 create mode 100644 GridKit/LinearAlgebra/Solver/CMakeLists.txt
 create mode 100644 GridKit/LinearAlgebra/Solver/LinearSolver.hpp
 create mode 100644 GridKit/LinearAlgebra/Solver/ResolveSystemSolver.cpp
 create mode 100644 GridKit/LinearAlgebra/Solver/ResolveSystemSolver.hpp
 create mode 100644 GridKit/LinearAlgebra/Vector/VectorHandler.cpp
 create mode 100644 GridKit/LinearAlgebra/Vector/VectorHandler.hpp
 create mode 100644 GridKit/LinearAlgebra/Vector/VectorHandlerCpu.cpp
 create mode 100644 GridKit/LinearAlgebra/Vector/VectorHandlerCpu.hpp
 delete mode 100644 GridKit/Model/EMT/Component/Branch/BranchLumpedConstant/README.md
 delete mode 100644 GridKit/Model/EMT/Component/Branch/README.md
 create mode 100644 GridKit/Model/EMT/Component/Line/LineDistributed/README.md
 create mode 100644 GridKit/Model/EMT/Component/Line/LineLumped/README.md
 create mode 100644 GridKit/Model/EMT/Component/Line/README.md
 create mode 100644 GridKit/Model/EMT/Component/Load/LoadZ/README.md
 create mode 100644 GridKit/Model/EMT/Component/Load/README.md
 delete mode 100644 GridKit/Model/EMT/Component/LoadRL/README.md
 create mode 100644 GridKit/Model/EMT/Component/Source/README.md
 create mode 100644 GridKit/Model/EMT/Component/Source/VoltageSource/README.md
 create mode 100644 GridKit/Model/EMT/Component/Switch/README.md
 delete mode 100644 GridKit/Model/EMT/Component/VoltageSource/README.md
 create mode 100644 GridKit/Model/EMT/Operators/README.md
 create mode 100644 GridKit/Model/EMT/Operators/Rational/README.md
 create mode 100644 GridKit/Model/EMT/Operators/Rational/StateSpace/README.md
 create mode 100644 GridKit/Model/EMT/Operators/Rational/VectorFit/README.md
 create mode 100644 GridKit/Model/EMT/Operators/Shift/Delay/README.md
 create mode 100644 GridKit/Model/EMT/Operators/Shift/Propagation/README.md
 create mode 100644 GridKit/Model/EMT/Operators/Shift/README.md
 create mode 100644 GridKit/Model/PhasorDynamics/Controller/CMakeLists.txt
 create mode 100644 GridKit/Model/PhasorDynamics/Controller/README.md
 create mode 100644 GridKit/Model/PhasorDynamics/Controller/REECB/CMakeLists.txt
 create mode 100644 GridKit/Model/PhasorDynamics/Controller/REECB/README.md
 create mode 100644 GridKit/Model/PhasorDynamics/Controller/REECB/Reecb.cpp
 create mode 100644 GridKit/Model/PhasorDynamics/Controller/REECB/Reecb.hpp
 create mode 100644 GridKit/Model/PhasorDynamics/Controller/REECB/ReecbData.hpp
 create mode 100644 GridKit/Model/PhasorDynamics/Controller/REECB/ReecbDependencyTracking.cpp
 create mode 100644 GridKit/Model/PhasorDynamics/Controller/REECB/ReecbEnzyme.cpp
 create mode 100644 GridKit/Model/PhasorDynamics/Controller/REECB/ReecbImpl.hpp
 create mode 100644 GridKit/Model/PhasorDynamics/Controller/REPCA/CMakeLists.txt
 create mode 100644 GridKit/Model/PhasorDynamics/Controller/REPCA/README.md
 create mode 100644 GridKit/Model/PhasorDynamics/Controller/REPCA/Repca.cpp
 create mode 100644 GridKit/Model/PhasorDynamics/Controller/REPCA/Repca.hpp
 create mode 100644 GridKit/Model/PhasorDynamics/Controller/REPCA/RepcaData.hpp
 create mode 100644 GridKit/Model/PhasorDynamics/Controller/REPCA/RepcaDependencyTracking.cpp
 create mode 100644 GridKit/Model/PhasorDynamics/Controller/REPCA/RepcaEnzyme.cpp
 create mode 100644 GridKit/Model/PhasorDynamics/Controller/REPCA/RepcaImpl.hpp
 create mode 100644 GridKit/Model/PhasorDynamics/Converter/CMakeLists.txt
 create mode 100644 GridKit/Model/PhasorDynamics/Converter/REGCA/CMakeLists.txt
 create mode 100644 GridKit/Model/PhasorDynamics/Converter/REGCA/Regca.cpp
 create mode 100644 GridKit/Model/PhasorDynamics/Converter/REGCA/Regca.hpp
 create mode 100644 GridKit/Model/PhasorDynamics/Converter/REGCA/RegcaData.hpp
 create mode 100644 GridKit/Model/PhasorDynamics/Converter/REGCA/RegcaDependencyTracking.cpp
 create mode 100644 GridKit/Model/PhasorDynamics/Converter/REGCA/RegcaEnzyme.cpp
 create mode 100644 GridKit/Model/PhasorDynamics/Converter/REGCA/RegcaImpl.hpp
 create mode 100644 GridKit/Model/PhasorDynamics/Exciter/ESDC1A/CMakeLists.txt
 create mode 100644 GridKit/Model/PhasorDynamics/Exciter/ESDC1A/Esdc1a.cpp
 create mode 100644 GridKit/Model/PhasorDynamics/Exciter/ESDC1A/Esdc1a.hpp
 create mode 100644 GridKit/Model/PhasorDynamics/Exciter/ESDC1A/Esdc1aData.hpp
 create mode 100644 GridKit/Model/PhasorDynamics/Exciter/ESDC1A/Esdc1aDependencyTracking.cpp
 create mode 100644 GridKit/Model/PhasorDynamics/Exciter/ESDC1A/Esdc1aEnzyme.cpp
 create mode 100644 GridKit/Model/PhasorDynamics/Exciter/ESDC1A/Esdc1aImpl.hpp
 create mode 100644 GridKit/Model/PhasorDynamics/Exciter/ESDC1A/README.md
 create mode 100644 GridKit/Model/PhasorDynamics/Governor/GASTPTI/CMakeLists.txt
 create mode 100644 GridKit/Model/PhasorDynamics/Governor/GASTPTI/GastPti.cpp
 create mode 100644 GridKit/Model/PhasorDynamics/Governor/GASTPTI/GastPti.hpp
 create mode 100644 GridKit/Model/PhasorDynamics/Governor/GASTPTI/GastPtiData.hpp
 create mode 100644 GridKit/Model/PhasorDynamics/Governor/GASTPTI/GastPtiDependencyTracking.cpp
 create mode 100644 GridKit/Model/PhasorDynamics/Governor/GASTPTI/GastPtiEnzyme.cpp
 create mode 100644 GridKit/Model/PhasorDynamics/Governor/GASTPTI/GastPtiImpl.hpp
 create mode 100644 GridKit/Model/PhasorDynamics/Governor/GASTPTI/README.md
 create mode 100644 GridKit/Model/PhasorDynamics/Governor/HYGOV/CMakeLists.txt
 create mode 100644 GridKit/Model/PhasorDynamics/Governor/HYGOV/Hygov.cpp
 create mode 100644 GridKit/Model/PhasorDynamics/Governor/HYGOV/Hygov.hpp
 create mode 100644 GridKit/Model/PhasorDynamics/Governor/HYGOV/HygovData.hpp
 create mode 100644 GridKit/Model/PhasorDynamics/Governor/HYGOV/HygovDependencyTracking.cpp
 create mode 100644 GridKit/Model/PhasorDynamics/Governor/HYGOV/HygovEnzyme.cpp
 create mode 100644 GridKit/Model/PhasorDynamics/Governor/HYGOV/HygovImpl.hpp
 create mode 100644 GridKit/Model/PhasorDynamics/Governor/HYGOV/README.md
 create mode 100644 GridKit/Model/PhasorDynamics/SystemModelEnzyme.cpp
 create mode 100644 GridKit/Model/PowerElectronics/ExternalConnection.hpp
 create mode 100644 GridKit/Solver/Dynamic/Native/AdaptiveStep.cpp
 create mode 100644 GridKit/Solver/Dynamic/Native/AdaptiveStep.hpp
 create mode 100644 GridKit/Solver/Dynamic/Native/CMakeLists.txt
 create mode 100644 GridKit/Solver/Dynamic/Native/ErrorNorm.hpp
 create mode 100644 GridKit/Solver/Dynamic/Native/FixedStep.cpp
 create mode 100644 GridKit/Solver/Dynamic/Native/FixedStep.hpp
 create mode 100644 GridKit/Solver/Dynamic/Native/InfNorm.cpp
 create mode 100644 GridKit/Solver/Dynamic/Native/InfNorm.hpp
 create mode 100644 GridKit/Solver/Dynamic/Native/StepControl.hpp
 create mode 100644 GridKit/Solver/Dynamic/Native/StepController.hpp
 create mode 100644 GridKit/Solver/Dynamic/Rosenbrock.cpp
 create mode 100644 GridKit/Solver/Dynamic/Rosenbrock.hpp
 create mode 100644 GridKit/Solver/Dynamic/RosenbrockTableaus.cpp
 create mode 100644 buildsystem/spack_repo/gridkit/packages/resolve/package.py
 create mode 100644 cmake/FindZMQ.cmake
 create mode 100644 docs/Figures/CommonMath/above.tex
 create mode 100644 docs/Figures/CommonMath/below.tex
 create mode 100644 docs/Figures/CommonMath/clamp.tex
 create mode 100644 docs/Figures/CommonMath/commonmath.sty
 create mode 100644 docs/Figures/CommonMath/deadband1.tex
 create mode 100644 docs/Figures/CommonMath/deadband2.tex
 create mode 100644 docs/Figures/CommonMath/inside.tex
 create mode 100644 docs/Figures/CommonMath/linseg.tex
 create mode 100644 docs/Figures/CommonMath/max.tex
 create mode 100644 docs/Figures/CommonMath/min.tex
 create mode 100644 docs/Figures/CommonMath/outside.tex
 create mode 100644 docs/Figures/CommonMath/qramp.tex
 create mode 100644 docs/Figures/CommonMath/ramp.tex
 create mode 100644 docs/Figures/CommonMath/sigmoid.tex
 create mode 100644 docs/Figures/CommonMath/slew.tex
 create mode 100644 docs/Figures/EMT/Bus/diagram.png
 create mode 100644 docs/Figures/EMT/Bus/diagram.tex
 create mode 100644 docs/Figures/EMT/Delay/diagram.png
 create mode 100644 docs/Figures/EMT/Delay/diagram.tex
 create mode 100644 docs/Figures/EMT/DelayHistory/diagram.png
 create mode 100644 docs/Figures/EMT/DelayHistory/diagram.tex
 create mode 100644 docs/Figures/EMT/LineDistributed/diagram.png
 create mode 100644 docs/Figures/EMT/LineDistributed/diagram.tex
 create mode 100644 docs/Figures/EMT/LineLumped/diagram.png
 create mode 100644 docs/Figures/EMT/LineLumped/diagram.tex
 create mode 100644 docs/Figures/EMT/LoadZ/diagram.png
 create mode 100644 docs/Figures/EMT/LoadZ/diagram.tex
 create mode 100644 docs/Figures/EMT/Propagation/diagram.png
 create mode 100644 docs/Figures/EMT/Propagation/diagram.tex
 create mode 100644 docs/Figures/EMT/StateSpace/diagram.png
 create mode 100644 docs/Figures/EMT/StateSpace/diagram.tex
 create mode 100644 docs/Figures/EMT/Switch/diagram.png
 create mode 100644 docs/Figures/EMT/Switch/diagram.tex
 create mode 100644 docs/Figures/EMT/VectorFit/diagram.png
 create mode 100644 docs/Figures/EMT/VectorFit/diagram.tex
 create mode 100644 docs/Figures/EMT/VoltageSource/diagram.png
 create mode 100644 docs/Figures/EMT/VoltageSource/diagram.tex
 create mode 100644 docs/Figures/EMT/diagram-style.tex
 delete mode 100644 docs/Figures/EMT/lumped_constant_diagram.svg
 create mode 100644 docs/Figures/PhasorDynamics/ESDC1A/diagram.png
 create mode 100644 docs/Figures/PhasorDynamics/GASTPTI/diagram.png
 create mode 100644 docs/Figures/PhasorDynamics/HYGOV/diagram.png
 create mode 100644 docs/Figures/PhasorDynamics/REECB/diagram.png
 create mode 100644 docs/Figures/PhasorDynamics/REPCA/diagram.png
 delete mode 100644 docs/GridKit/Model/EMT/Component/Branch/BranchLumpedConstant/README.md
 delete mode 100644 docs/GridKit/Model/EMT/Component/Branch/README.md
 create mode 100644 docs/GridKit/Model/EMT/Component/Line/LineDistributed/README.md
 create mode 100644 docs/GridKit/Model/EMT/Component/Line/LineLumped/README.md
 create mode 100644 docs/GridKit/Model/EMT/Component/Line/README.md
 create mode 100644 docs/GridKit/Model/EMT/Component/Load/LoadZ/README.md
 create mode 100644 docs/GridKit/Model/EMT/Component/Load/README.md
 delete mode 100644 docs/GridKit/Model/EMT/Component/LoadRL/README.md
 create mode 100644 docs/GridKit/Model/EMT/Component/Source/README.md
 create mode 100644 docs/GridKit/Model/EMT/Component/Source/VoltageSource/README.md
 create mode 100644 docs/GridKit/Model/EMT/Component/Switch/README.md
 delete mode 100644 docs/GridKit/Model/EMT/Component/VoltageSource/README.md
 create mode 100644 docs/GridKit/Model/EMT/Operators/README.md
 create mode 100644 docs/GridKit/Model/EMT/Operators/Rational/README.md
 create mode 100644 docs/GridKit/Model/EMT/Operators/Rational/StateSpace/README.md
 create mode 100644 docs/GridKit/Model/EMT/Operators/Rational/VectorFit/README.md
 create mode 100644 docs/GridKit/Model/EMT/Operators/Shift/Delay/README.md
 create mode 100644 docs/GridKit/Model/EMT/Operators/Shift/Propagation/README.md
 create mode 100644 docs/GridKit/Model/EMT/Operators/Shift/README.md
 create mode 100644 docs/GridKit/Model/PhasorDynamics/Controller/README.md
 create mode 100644 docs/GridKit/Model/PhasorDynamics/Controller/REECB/README.md
 create mode 100644 docs/GridKit/Model/PhasorDynamics/Controller/REPCA/README.md
 create mode 100644 docs/GridKit/Model/PhasorDynamics/Exciter/ESDC1A/README.md
 create mode 100644 docs/GridKit/Model/PhasorDynamics/Governor/GASTPTI/README.md
 create mode 100644 docs/GridKit/Model/PhasorDynamics/Governor/HYGOV/README.md
 create mode 100644 docs/api/concepts.md
 create mode 100644 docs/citations.bib
 create mode 100644 docs/examples/EMT/README.md
 create mode 100644 examples/EMT/README.md
 delete mode 100644 examples/Enzyme/CMakeLists.txt
 delete mode 100644 examples/Enzyme/Library/CMakeLists.txt
 delete mode 100644 examples/Enzyme/Library/Scalar/CMakeLists.txt
 delete mode 100644 examples/Enzyme/Library/Scalar/EnzymeScalar.cpp
 delete mode 100644 examples/Enzyme/Library/Scalar/EnzymeWrapper.hpp
 delete mode 100644 examples/Enzyme/Library/Scalar/ScalarModel.cpp
 delete mode 100644 examples/Enzyme/Library/Scalar/ScalarModel.hpp
 delete mode 100644 examples/Enzyme/Library/Vector/CMakeLists.txt
 delete mode 100644 examples/Enzyme/Library/Vector/EnzymeVector.cpp
 delete mode 100644 examples/Enzyme/Library/Vector/EnzymeWrapper.hpp
 delete mode 100644 examples/Enzyme/Library/Vector/VectorModel.cpp
 delete mode 100644 examples/Enzyme/Library/Vector/VectorModel.hpp
 delete mode 100644 examples/Enzyme/PowerElectronics/CMakeLists.txt
 delete mode 100644 examples/Enzyme/PowerElectronics/main.cpp
 delete mode 100644 examples/Enzyme/Standalone/CMakeLists.txt
 delete mode 100644 examples/Enzyme/Standalone/EnzymeScalar.cpp
 delete mode 100644 examples/Enzyme/Standalone/EnzymeSparse.cpp
 delete mode 100644 examples/Enzyme/Standalone/EnzymeVector.cpp
 delete mode 100644 examples/LinearAlgebra/CMakeLists.txt
 delete mode 100644 examples/LinearAlgebra/DenseTest/CMakeLists.txt
 delete mode 100644 examples/LinearAlgebra/DenseTest/DenseTest.cpp
 rename examples/PhasorDynamics/Large/Illinois/{illinois.json => illinois.case.json} (94%)
 rename examples/PhasorDynamics/Large/Texas/{texas.json => texas.case.json} (96%)
 rename examples/PhasorDynamics/Large/WECC/{wecc.json => wecc.case.json} (92%)
 rename examples/PhasorDynamics/Medium/Hawaii/{hawaii.json => hawaii.case.json} (97%)
 rename examples/PhasorDynamics/Medium/NewEngland/{newengland.json => newengland.case.json} (95%)
 delete mode 100644 examples/PhasorDynamics/Tiny/ThreeBus/Basic/ThreeBusBasic.cpp
 delete mode 100644 examples/PhasorDynamics/Tiny/ThreeBus/Basic/ThreeBusBasic.hpp
 delete mode 100644 examples/PhasorDynamics/Tiny/ThreeBus/Basic/ThreeBusBasicJson.cpp
 rename examples/PhasorDynamics/Tiny/ThreeBus/Classical/{ThreeBusClassical.json => ThreeBusClassical.case.json} (77%)
 delete mode 100644 examples/PhasorDynamics/Tiny/ThreeBus/Classical/ThreeBusClassical.cpp
 delete mode 100644 examples/PhasorDynamics/Tiny/ThreeBus/Classical/ThreeBusClassical.hpp
 create mode 100644 examples/PhasorDynamics/Tiny/ThreeBus/Classical/ThreeBusClassical.ref.csv
 create mode 100644 examples/PhasorDynamics/Tiny/ThreeBus/Classical/ThreeBusClassical.solver.json
 delete mode 100644 examples/PhasorDynamics/Tiny/ThreeBus/Classical/ThreeBusClassicalJson.cpp
 rename examples/PhasorDynamics/Tiny/ThreeBus/ZipLoad/{ThreeBusZipLoad.json => ThreeBusZipLoad.case.json} (76%)
 delete mode 100644 examples/PhasorDynamics/Tiny/ThreeBus/ZipLoad/ThreeBusZipLoad.hpp
 create mode 100644 examples/PhasorDynamics/Tiny/ThreeBus/ZipLoad/ThreeBusZipLoad.ref.csv
 create mode 100644 examples/PhasorDynamics/Tiny/ThreeBus/ZipLoad/ThreeBusZipLoad.solver.json
 delete mode 100644 examples/PhasorDynamics/Tiny/ThreeBus/ZipLoad/ThreeBusZipLoadJson.cpp
 delete mode 100644 examples/PhasorDynamics/Tiny/TwoBus/Basic/TwoBusBasic.cpp
 delete mode 100644 examples/PhasorDynamics/Tiny/TwoBus/Basic/TwoBusBasic.hpp
 rename examples/PhasorDynamics/Tiny/TwoBus/Gensal/{Gensal.case.json => TwoBusGensal.case.json} (92%)
 rename examples/PhasorDynamics/Tiny/TwoBus/Gensal/{Gensal.ref.csv => TwoBusGensal.ref.csv} (100%)
 rename examples/PhasorDynamics/Tiny/TwoBus/Gensal/{Gensal.solver.json => TwoBusGensal.solver.json} (58%)
 rename examples/PhasorDynamics/Tiny/TwoBus/Ieeet1/{TwoBusIeeet1.json => TwoBusIeeet1.case.json} (83%)
 delete mode 100644 examples/PhasorDynamics/Tiny/TwoBus/Ieeet1/TwoBusIeeet1.cpp
 delete mode 100644 examples/PhasorDynamics/Tiny/TwoBus/Ieeet1/TwoBusIeeet1.hpp
 create mode 100644 examples/PhasorDynamics/Tiny/TwoBus/Ieeet1/TwoBusIeeet1.ref.csv
 create mode 100644 examples/PhasorDynamics/Tiny/TwoBus/Ieeet1/TwoBusIeeet1.solver.json
 delete mode 100644 examples/PhasorDynamics/Tiny/TwoBus/Ieeet1/TwoBusIeeet1Json.cpp
 rename examples/PhasorDynamics/Tiny/TwoBus/Tgov1/{TwoBusTgov1.json => TwoBusTgov1.case.json} (79%)
 delete mode 100644 examples/PhasorDynamics/Tiny/TwoBus/Tgov1/TwoBusTgov1.cpp
 delete mode 100644 examples/PhasorDynamics/Tiny/TwoBus/Tgov1/TwoBusTgov1.hpp
 create mode 100644 examples/PhasorDynamics/Tiny/TwoBus/Tgov1/TwoBusTgov1.ref.csv
 create mode 100644 examples/PhasorDynamics/Tiny/TwoBus/Tgov1/TwoBusTgov1.solver.json
 delete mode 100644 examples/PhasorDynamics/Tiny/TwoBus/Tgov1/TwoBusTgov1Json.cpp
 create mode 100644 tests/IntegrationTests/CMakeLists.txt
 create mode 100644 tests/IntegrationTests/PhasorDynamics/CMakeLists.txt
 create mode 100644 tests/IntegrationTests/PhasorDynamics/PDIntegrationTests.hpp
 create mode 100644 tests/IntegrationTests/PhasorDynamics/runPDIntegrationTests.cpp
 create mode 100644 tests/UnitTests/AutomaticDifferentiation/Enzyme/CMakeLists.txt
 create mode 100644 tests/UnitTests/AutomaticDifferentiation/Enzyme/EnzymeTests.hpp
 create mode 100644 tests/UnitTests/AutomaticDifferentiation/Enzyme/runEnzymeTests.cpp
 create mode 100644 tests/UnitTests/LinearAlgebra/Vector/VectorHandlerTests.hpp
 create mode 100644 tests/UnitTests/LinearAlgebra/Vector/runVectorHandlerTests.cpp
 create mode 100644 tests/UnitTests/Network/CMakeLists.txt
 create mode 100644 tests/UnitTests/Network/ZMQTests.hpp
 create mode 100644 tests/UnitTests/Network/runZMQTests.cpp
 create mode 100644 tests/UnitTests/PhasorDynamics/ComponentConnectionTests.hpp
 create mode 100644 tests/UnitTests/PhasorDynamics/ControllerReecbTests.hpp
 create mode 100644 tests/UnitTests/PhasorDynamics/ControllerRepcaTests.hpp
 create mode 100644 tests/UnitTests/PhasorDynamics/ConverterRegcaTests.hpp
 create mode 100644 tests/UnitTests/PhasorDynamics/ExciterEsdc1aTests.hpp
 create mode 100644 tests/UnitTests/PhasorDynamics/GovernorGastPtiTests.hpp
 create mode 100644 tests/UnitTests/PhasorDynamics/GovernorHygovTests.hpp
 create mode 100644 tests/UnitTests/PhasorDynamics/runComponentConnectionTests.cpp
 create mode 100644 tests/UnitTests/PhasorDynamics/runControllerReecbTests.cpp
 create mode 100644 tests/UnitTests/PhasorDynamics/runControllerRepcaTests.cpp
 create mode 100644 tests/UnitTests/PhasorDynamics/runConverterRegcaTests.cpp
 create mode 100644 tests/UnitTests/PhasorDynamics/runExciterEsdc1aTests.cpp
 create mode 100644 tests/UnitTests/PhasorDynamics/runGovernorGastPtiTests.cpp
 create mode 100644 tests/UnitTests/PhasorDynamics/runGovernorHygovTests.cpp
 create mode 100644 tests/UnitTests/Solver/Dynamic/RosenbrockTests.hpp
 create mode 100644 tests/UnitTests/Solver/Dynamic/runRosenbrockTests.cpp

=== [1/3] Building GridKit ===
=== Building GridKit with Enzyme support ===
GridKit build environment:
CC: /nopt/nrel/apps/cpu_stack/software/gridkit/llvm/16.0.6/bin/clang
CXX: /nopt/nrel/apps/cpu_stack/software/gridkit/llvm/16.0.6/bin/clang++
OpenMP lib: /nopt/nrel/apps/cpu_stack/software/gridkit/llvm/16.0.6/lib/libomp.so
Already on 'isatkaus/uq-usecase'
M	uq-usecase/scripts/logs/rebuild.log
Your branch is ahead of 'origin/isatkaus/uq-usecase' by 30 commits.
  (use "git push" to publish your local commits)
GridKit branch and recent commits:
7f8a781f Merge remote-tracking branch 'origin/develop' into isatkaus/uq-usecase
d464a89b WIP: switch to ORNL/GridKit, update kestrel_install, rebuild script, csv setup fixes
6f7bc80e CommonMath Polished Docs (#519)
1dd80779 REECB Documentation + Implementation (#421)
2cb4c76d GAST-PTI Documentation + Implementation (#420)
-- The CXX compiler identification is Clang 16.0.6
-- Detecting CXX compiler ABI info
-- Detecting CXX compiler ABI info - done
-- Check for working CXX compiler: /nopt/nrel/apps/cpu_stack/software/gridkit/llvm/16.0.6/bin/clang++ - skipped
-- Detecting CXX compile features
-- Detecting CXX compile features - done
-- Found Ipopt library: /nopt/nrel/apps/cpu_stack/software/gridkit/ipopt/3.14.14/lib/libipopt.so
-- Found Ipopt include: /nopt/nrel/apps/cpu_stack/software/gridkit/ipopt/3.14.14/include/coin-or
-- The Fortran compiler identification is GNU 13.1.0
-- Detecting Fortran compiler ABI info
-- Detecting Fortran compiler ABI info - done
-- Check for working Fortran compiler: /nopt/nrel/apps/cpu_stack/compilers/06-24/linux-rhel8-sapphirerapids/gcc-12.3.0/gcc-13.1.0-bmut2ysomhthj6y7oyc73c3cmxye57am/bin/gfortran - skipped
-- The C compiler identification is Clang 16.0.6
-- Detecting C compiler ABI info
-- Detecting C compiler ABI info - done
-- Check for working C compiler: /nopt/nrel/apps/cpu_stack/software/gridkit/llvm/16.0.6/bin/clang - skipped
-- Detecting C compile features
-- Detecting C compile features - done
-- Found OpenMP_C: -fopenmp (found version "5.0")
-- Found OpenMP_CXX: -fopenmp (found version "5.0")
-- Found OpenMP_Fortran: -fopenmp (found version "4.5")
-- Found OpenMP: TRUE (found version "5.0")
-- SUNDIALS configuration found: /nopt/nrel/apps/cpu_stack/software/gridkit/sundials/develop/lib64/cmake/sundials/SUNDIALSConfig.cmake
-- KLU support enabled in SUNDIALS.
-- Enzyme configuration found: /nopt/nrel/apps/cpu_stack/software/gridkit/enzyme/0.0.206/lib/cmake/Enzyme/EnzymeConfig.cmake
-- Enzyme LLVM plugin library: /nopt/nrel/apps/cpu_stack/software/gridkit/enzyme/0.0.206/lib/LLVMEnzyme-16.so
-- Enzyme Clang plugin library: /nopt/nrel/apps/cpu_stack/software/gridkit/enzyme/0.0.206/lib/ClangEnzyme-16.so
-- llvm-link: /nopt/nrel/apps/cpu_stack/software/gridkit/llvm/16.0.6/bin/llvm-link
-- opt: /nopt/nrel/apps/cpu_stack/software/gridkit/llvm/16.0.6/bin/opt
-- Could NOT find Doxygen (missing: DOXYGEN_EXECUTABLE) 
-- Configuring done (6.6s)
-- Generating done (3.0s)
-- Build files have been written to: /home/isatkaus/gridkit/build
Building GridKit with 104 cores...
/nopt/nrel/apps/cpu_stack/utilities/06-24/linux-rhel8-sapphirerapids/gcc-12.3.0/cmake-3.29.2-6n4msmc4aewj7wyi6b5g644vjrqyqgot/bin/cmake -S/home/isatkaus/gridkit -B/home/isatkaus/gridkit/build --check-build-system CMakeFiles/Makefile.cmake 0
/nopt/nrel/apps/cpu_stack/utilities/06-24/linux-rhel8-sapphirerapids/gcc-12.3.0/cmake-3.29.2-6n4msmc4aewj7wyi6b5g644vjrqyqgot/bin/cmake -E cmake_progress_start /home/isatkaus/gridkit/build/CMakeFiles /home/isatkaus/gridkit/build//CMakeFiles/progress.marks
make  -f CMakeFiles/Makefile2 all
make[1]: Entering directory '/home/isatkaus/gridkit/build'
make  -f GridKit/Utilities/Logger/CMakeFiles/utilities_logger.dir/build.make GridKit/Utilities/Logger/CMakeFiles/utilities_logger.dir/depend
make  -f GridKit/MemoryUtilities/cpu/CMakeFiles/cpu_backend.dir/build.make GridKit/MemoryUtilities/cpu/CMakeFiles/cpu_backend.dir/depend
make  -f GridKit/Model/PhasorDynamics/SignalNode/CMakeFiles/phasor_dynamics_signal.dir/build.make GridKit/Model/PhasorDynamics/SignalNode/CMakeFiles/phasor_dynamics_signal.dir/depend
make  -f GridKit/Model/PhasorDynamics/SignalNode/CMakeFiles/phasor_dynamics_signal_dependency_tracking.dir/build.make GridKit/Model/PhasorDynamics/SignalNode/CMakeFiles/phasor_dynamics_signal_dependency_tracking.dir/depend
make  -f GridKit/Solver/Dynamic/Native/CMakeFiles/adaptive_step.dir/build.make GridKit/Solver/Dynamic/Native/CMakeFiles/adaptive_step.dir/depend
make  -f GridKit/Solver/Dynamic/Native/CMakeFiles/fixed_step.dir/build.make GridKit/Solver/Dynamic/Native/CMakeFiles/fixed_step.dir/depend
make[2]: Entering directory '/home/isatkaus/gridkit/build'
cd /home/isatkaus/gridkit/build && /nopt/nrel/apps/cpu_stack/utilities/06-24/linux-rhel8-sapphirerapids/gcc-12.3.0/cmake-3.29.2-6n4msmc4aewj7wyi6b5g644vjrqyqgot/bin/cmake -E cmake_depends "Unix Makefiles" /home/isatkaus/gridkit /home/isatkaus/gridkit/GridKit/Utilities/Logger /home/isatkaus/gridkit/build /home/isatkaus/gridkit/build/GridKit/Utilities/Logger /home/isatkaus/gridkit/build/GridKit/Utilities/Logger/CMakeFiles/utilities_logger.dir/DependInfo.cmake "--color="
make[2]: Entering directory '/home/isatkaus/gridkit/build'
cd /home/isatkaus/gridkit/build && /nopt/nrel/apps/cpu_stack/utilities/06-24/linux-rhel8-sapphirerapids/gcc-12.3.0/cmake-3.29.2-6n4msmc4aewj7wyi6b5g644vjrqyqgot/bin/cmake -E cmake_depends "Unix Makefiles" /home/isatkaus/gridkit /home/isatkaus/gridkit/GridKit/MemoryUtilities/cpu /home/isatkaus/gridkit/build /home/isatkaus/gridkit/build/GridKit/MemoryUtilities/cpu /home/isatkaus/gridkit/build/GridKit/MemoryUtilities/cpu/CMakeFiles/cpu_backend.dir/DependInfo.cmake "--color="
make[2]: Entering directory '/home/isatkaus/gridkit/build'
cd /home/isatkaus/gridkit/build && /nopt/nrel/apps/cpu_stack/utilities/06-24/linux-rhel8-sapphirerapids/gcc-12.3.0/cmake-3.29.2-6n4msmc4aewj7wyi6b5g644vjrqyqgot/bin/cmake -E cmake_depends "Unix Makefiles" /home/isatkaus/gridkit /home/isatkaus/gridkit/GridKit/Model/PhasorDynamics/SignalNode /home/isatkaus/gridkit/build /home/isatkaus/gridkit/build/GridKit/Model/PhasorDynamics/SignalNode /home/isatkaus/gridkit/build/GridKit/Model/PhasorDynamics/SignalNode/CMakeFiles/phasor_dynamics_signal.dir/DependInfo.cmake "--color="
make[2]: Entering directory '/home/isatkaus/gridkit/build'
cd /home/isatkaus/gridkit/build && /nopt/nrel/apps/cpu_stack/utilities/06-24/linux-rhel8-sapphirerapids/gcc-12.3.0/cmake-3.29.2-6n4msmc4aewj7wyi6b5g644vjrqyqgot/bin/cmake -E cmake_depends "Unix Makefiles" /home/isatkaus/gridkit /home/isatkaus/gridkit/GridKit/Model/PhasorDynamics/SignalNode /home/isatkaus/gridkit/build /home/isatkaus/gridkit/build/GridKit/Model/PhasorDynamics/SignalNode /home/isatkaus/gridkit/build/GridKit/Model/PhasorDynamics/SignalNode/CMakeFiles/phasor_dynamics_signal_dependency_tracking.dir/DependInfo.cmake "--color="
make[2]: Entering directory '/home/isatkaus/gridkit/build'
cd /home/isatkaus/gridkit/build && /nopt/nrel/apps/cpu_stack/utilities/06-24/linux-rhel8-sapphirerapids/gcc-12.3.0/cmake-3.29.2-6n4msmc4aewj7wyi6b5g644vjrqyqgot/bin/cmake -E cmake_depends "Unix Makefiles" /home/isatkaus/gridkit /home/isatkaus/gridkit/GridKit/Solver/Dynamic/Native /home/isatkaus/gridkit/build /home/isatkaus/gridkit/build/GridKit/Solver/Dynamic/Native /home/isatkaus/gridkit/build/GridKit/Solver/Dynamic/Native/CMakeFiles/adaptive_step.dir/DependInfo.cmake "--color="
make[2]: Entering directory '/home/isatkaus/gridkit/build'
cd /home/isatkaus/gridkit/build && /nopt/nrel/apps/cpu_stack/utilities/06-24/linux-rhel8-sapphirerapids/gcc-12.3.0/cmake-3.29.2-6n4msmc4aewj7wyi6b5g644vjrqyqgot/bin/cmake -E cmake_depends "Unix Makefiles" /home/isatkaus/gridkit /home/isatkaus/gridkit/GridKit/Solver/Dynamic/Native /home/isatkaus/gridkit/build /home/isatkaus/gridkit/build/GridKit/Solver/Dynamic/Native /home/isatkaus/gridkit/build/GridKit/Solver/Dynamic/Native/CMakeFiles/fixed_step.dir/DependInfo.cmake "--color="
make[2]: Leaving directory '/home/isatkaus/gridkit/build'
make  -f GridKit/Utilities/Logger/CMakeFiles/utilities_logger.dir/build.make GridKit/Utilities/Logger/CMakeFiles/utilities_logger.dir/build
make[2]: Entering directory '/home/isatkaus/gridkit/build'
make[2]: Leaving directory '/home/isatkaus/gridkit/build'
make  -f GridKit/MemoryUtilities/cpu/CMakeFiles/cpu_backend.dir/build.make GridKit/MemoryUtilities/cpu/CMakeFiles/cpu_backend.dir/build
make[2]: Leaving directory '/home/isatkaus/gridkit/build'
make  -f GridKit/Model/PhasorDynamics/SignalNode/CMakeFiles/phasor_dynamics_signal.dir/build.make GridKit/Model/PhasorDynamics/SignalNode/CMakeFiles/phasor_dynamics_signal.dir/build
make[2]: Leaving directory '/home/isatkaus/gridkit/build'
make[2]: Leaving directory '/home/isatkaus/gridkit/build'
make  -f GridKit/Solver/Dynamic/Native/CMakeFiles/adaptive_step.dir/build.make GridKit/Solver/Dynamic/Native/CMakeFiles/adaptive_step.dir/build
make  -f GridKit/Model/PhasorDynamics/SignalNode/CMakeFiles/phasor_dynamics_signal_dependency_tracking.dir/build.make GridKit/Model/PhasorDynamics/SignalNode/CMakeFiles/phasor_dynamics_signal_dependency_tracking.dir/build
make[2]: Leaving directory '/home/isatkaus/gridkit/build'
make  -f GridKit/Solver/Dynamic/Native/CMakeFiles/fixed_step.dir/build.make GridKit/Solver/Dynamic/Native/CMakeFiles/fixed_step.dir/build
make[2]: Entering directory '/home/isatkaus/gridkit/build'
[  0%] Building CXX object GridKit/Utilities/Logger/CMakeFiles/utilities_logger.dir/Logger.cpp.o
make[2]: Entering directory '/home/isatkaus/gridkit/build'
make[2]: Entering directory '/home/isatkaus/gridkit/build'
make[2]: Entering directory '/home/isatkaus/gridkit/build'
make[2]: Entering directory '/home/isatkaus/gridkit/build'
[  0%] Building CXX object GridKit/MemoryUtilities/cpu/CMakeFiles/cpu_backend.dir/MemoryUtils.cpp.o
[  0%] Building CXX object GridKit/Model/PhasorDynamics/SignalNode/CMakeFiles/phasor_dynamics_signal.dir/SignalNode.cpp.o
cd /home/isatkaus/gridkit/build/GridKit/Utilities/Logger && /nopt/nrel/apps/cpu_stack/software/gridkit/llvm/16.0.6/bin/clang++ -Dutilities_logger_EXPORTS -I/home/isatkaus/gridkit --gcc-toolchain=/nopt/nrel/apps/cpu_stack/compilers/06-24/linux-rhel8-sapphirerapids/gcc-12.3.0/gcc-13.1.0-bmut2ysomhthj6y7oyc73c3cmxye57am -Wall -Wextra -Wconversion -Wpedantic -O2 -g -DNDEBUG -std=gnu++20 -fPIC -MD -MT GridKit/Utilities/Logger/CMakeFiles/utilities_logger.dir/Logger.cpp.o -MF CMakeFiles/utilities_logger.dir/Logger.cpp.o.d -o CMakeFiles/utilities_logger.dir/Logger.cpp.o -c /home/isatkaus/gridkit/GridKit/Utilities/Logger/Logger.cpp
[  0%] Building CXX object GridKit/Model/PhasorDynamics/SignalNode/CMakeFiles/phasor_dynamics_signal_dependency_tracking.dir/SignalNodeDependencyTracking.cpp.o
[  1%] Building CXX object GridKit/Solver/Dynamic/Native/CMakeFiles/fixed_step.dir/FixedStep.cpp.o
[  1%] Building CXX object GridKit/Solver/Dynamic/Native/CMakeFiles/adaptive_step.dir/AdaptiveStep.cpp.o
cd /home/isatkaus/gridkit/build/GridKit/MemoryUtilities/cpu && /nopt/nrel/apps/cpu_stack/software/gridkit/llvm/16.0.6/bin/clang++ -Dcpu_backend_EXPORTS -I/home/isatkaus/gridkit --gcc-toolchain=/nopt/nrel/apps/cpu_stack/compilers/06-24/linux-rhel8-sapphirerapids/gcc-12.3.0/gcc-13.1.0-bmut2ysomhthj6y7oyc73c3cmxye57am -Wall -Wextra -Wconversion -Wpedantic -O2 -g -DNDEBUG -std=gnu++20 -fPIC -MD -MT GridKit/MemoryUtilities/cpu/CMakeFiles/cpu_backend.dir/MemoryUtils.cpp.o -MF CMakeFiles/cpu_backend.dir/MemoryUtils.cpp.o.d -o CMakeFiles/cpu_backend.dir/MemoryUtils.cpp.o -c /home/isatkaus/gridkit/GridKit/MemoryUtilities/cpu/MemoryUtils.cpp
cd /home/isatkaus/gridkit/build/GridKit/Model/PhasorDynamics/SignalNode && /nopt/nrel/apps/cpu_stack/software/gridkit/llvm/16.0.6/bin/clang++ -Dphasor_dynamics_signal_EXPORTS -I/home/isatkaus/gridkit --gcc-toolchain=/nopt/nrel/apps/cpu_stack/compilers/06-24/linux-rhel8-sapphirerapids/gcc-12.3.0/gcc-13.1.0-bmut2ysomhthj6y7oyc73c3cmxye57am -Wall -Wextra -Wconversion -Wpedantic -O2 -g -DNDEBUG -std=gnu++20 -fPIC -MD -MT GridKit/Model/PhasorDynamics/SignalNode/CMakeFiles/phasor_dynamics_signal.dir/SignalNode.cpp.o -MF CMakeFiles/phasor_dynamics_signal.dir/SignalNode.cpp.o.d -o CMakeFiles/phasor_dynamics_signal.dir/SignalNode.cpp.o -c /home/isatkaus/gridkit/GridKit/Model/PhasorDynamics/SignalNode/SignalNode.cpp
cd /home/isatkaus/gridkit/build/GridKit/Model/PhasorDynamics/SignalNode && /nopt/nrel/apps/cpu_stack/software/gridkit/llvm/16.0.6/bin/clang++ -Dphasor_dynamics_signal_dependency_tracking_EXPORTS -I/home/isatkaus/gridkit --gcc-toolchain=/nopt/nrel/apps/cpu_stack/compilers/06-24/linux-rhel8-sapphirerapids/gcc-12.3.0/gcc-13.1.0-bmut2ysomhthj6y7oyc73c3cmxye57am -Wall -Wextra -Wconversion -Wpedantic -O2 -g -DNDEBUG -std=gnu++20 -fPIC -MD -MT GridKit/Model/PhasorDynamics/SignalNode/CMakeFiles/phasor_dynamics_signal_dependency_tracking.dir/SignalNodeDependencyTracking.cpp.o -MF CMakeFiles/phasor_dynamics_signal_dependency_tracking.dir/SignalNodeDependencyTracking.cpp.o.d -o CMakeFiles/phasor_dynamics_signal_dependency_tracking.dir/SignalNodeDependencyTracking.cpp.o -c /home/isatkaus/gridkit/GridKit/Model/PhasorDynamics/SignalNode/SignalNodeDependencyTracking.cpp
cd /home/isatkaus/gridkit/build/GridKit/Solver/Dynamic/Native && /nopt/nrel/apps/cpu_stack/software/gridkit/llvm/16.0.6/bin/clang++ -Dfixed_step_EXPORTS -I/home/isatkaus/gridkit --gcc-toolchain=/nopt/nrel/apps/cpu_stack/compilers/06-24/linux-rhel8-sapphirerapids/gcc-12.3.0/gcc-13.1.0-bmut2ysomhthj6y7oyc73c3cmxye57am -Wall -Wextra -Wconversion -Wpedantic -O2 -g -DNDEBUG -std=gnu++20 -fPIC -MD -MT GridKit/Solver/Dynamic/Native/CMakeFiles/fixed_step.dir/FixedStep.cpp.o -MF CMakeFiles/fixed_step.dir/FixedStep.cpp.o.d -o CMakeFiles/fixed_step.dir/FixedStep.cpp.o -c /home/isatkaus/gridkit/GridKit/Solver/Dynamic/Native/FixedStep.cpp
cd /home/isatkaus/gridkit/build/GridKit/Solver/Dynamic/Native && /nopt/nrel/apps/cpu_stack/software/gridkit/llvm/16.0.6/bin/clang++ -Dadaptive_step_EXPORTS -I/home/isatkaus/gridkit --gcc-toolchain=/nopt/nrel/apps/cpu_stack/compilers/06-24/linux-rhel8-sapphirerapids/gcc-12.3.0/gcc-13.1.0-bmut2ysomhthj6y7oyc73c3cmxye57am -Wall -Wextra -Wconversion -Wpedantic -O2 -g -DNDEBUG -std=gnu++20 -fPIC -MD -MT GridKit/Solver/Dynamic/Native/CMakeFiles/adaptive_step.dir/AdaptiveStep.cpp.o -MF CMakeFiles/adaptive_step.dir/AdaptiveStep.cpp.o.d -o CMakeFiles/adaptive_step.dir/AdaptiveStep.cpp.o -c /home/isatkaus/gridkit/GridKit/Solver/Dynamic/Native/AdaptiveStep.cpp
[  1%] Linking CXX shared library libgridkit_fixed_step.so
cd /home/isatkaus/gridkit/build/GridKit/Solver/Dynamic/Native && /nopt/nrel/apps/cpu_stack/utilities/06-24/linux-rhel8-sapphirerapids/gcc-12.3.0/cmake-3.29.2-6n4msmc4aewj7wyi6b5g644vjrqyqgot/bin/cmake -E cmake_link_script CMakeFiles/fixed_step.dir/link.txt --verbose=1
/nopt/nrel/apps/cpu_stack/software/gridkit/llvm/16.0.6/bin/clang++ -fPIC --gcc-toolchain=/nopt/nrel/apps/cpu_stack/compilers/06-24/linux-rhel8-sapphirerapids/gcc-12.3.0/gcc-13.1.0-bmut2ysomhthj6y7oyc73c3cmxye57am -Wall -Wextra -Wconversion -Wpedantic -O2 -g -DNDEBUG -Wl,-rpath,/nopt/nrel/apps/cpu_stack/compilers/06-24/linux-rhel8-sapphirerapids/gcc-12.3.0/gcc-13.1.0-bmut2ysomhthj6y7oyc73c3cmxye57am/lib/gcc/x86_64-pc-linux-gnu/13.1.0/../../../../lib64 -Wl,-rpath,/nopt/nrel/apps/cpu_stack/libraries-gcc/06-24/linux-rhel8-sapphirerapids/gcc-12.3.0/netlib-lapack-3.11.0-abk4uhd5cyrfnhh67bcdhyt6fulibezx/lib64 -shared -Wl,-soname,libgridkit_fixed_step.so.0 -o libgridkit_fixed_step.so.0.1.0 CMakeFiles/fixed_step.dir/FixedStep.cpp.o  -Wl,-rpath,::::::::::::::
[  1%] Linking CXX shared library libgridkit_adaptive_step.so
cd /home/isatkaus/gridkit/build/GridKit/Solver/Dynamic/Native && /nopt/nrel/apps/cpu_stack/utilities/06-24/linux-rhel8-sapphirerapids/gcc-12.3.0/cmake-3.29.2-6n4msmc4aewj7wyi6b5g644vjrqyqgot/bin/cmake -E cmake_link_script CMakeFiles/adaptive_step.dir/link.txt --verbose=1
cd /home/isatkaus/gridkit/build/GridKit/Solver/Dynamic/Native && /nopt/nrel/apps/cpu_stack/utilities/06-24/linux-rhel8-sapphirerapids/gcc-12.3.0/cmake-3.29.2-6n4msmc4aewj7wyi6b5g644vjrqyqgot/bin/cmake -E cmake_symlink_library libgridkit_fixed_step.so.0.1.0 libgridkit_fixed_step.so.0 libgridkit_fixed_step.so
/nopt/nrel/apps/cpu_stack/software/gridkit/llvm/16.0.6/bin/clang++ -fPIC --gcc-toolchain=/nopt/nrel/apps/cpu_stack/compilers/06-24/linux-rhel8-sapphirerapids/gcc-12.3.0/gcc-13.1.0-bmut2ysomhthj6y7oyc73c3cmxye57am -Wall -Wextra -Wconversion -Wpedantic -O2 -g -DNDEBUG -Wl,-rpath,/nopt/nrel/apps/cpu_stack/compilers/06-24/linux-rhel8-sapphirerapids/gcc-12.3.0/gcc-13.1.0-bmut2ysomhthj6y7oyc73c3cmxye57am/lib/gcc/x86_64-pc-linux-gnu/13.1.0/../../../../lib64 -Wl,-rpath,/nopt/nrel/apps/cpu_stack/libraries-gcc/06-24/linux-rhel8-sapphirerapids/gcc-12.3.0/netlib-lapack-3.11.0-abk4uhd5cyrfnhh67bcdhyt6fulibezx/lib64 -shared -Wl,-soname,libgridkit_adaptive_step.so.0 -o libgridkit_adaptive_step.so.0.1.0 CMakeFiles/adaptive_step.dir/AdaptiveStep.cpp.o  -Wl,-rpath,::::::::::::::
make[2]: Leaving directory '/home/isatkaus/gridkit/build'
[  2%] Linking CXX shared library libgridkit_phasor_dynamics_signal.so
[  2%] Built target fixed_step
cd /home/isatkaus/gridkit/build/GridKit/Model/PhasorDynamics/SignalNode && /nopt/nrel/apps/cpu_stack/utilities/06-24/linux-rhel8-sapphirerapids/gcc-12.3.0/cmake-3.29.2-6n4msmc4aewj7wyi6b5g644vjrqyqgot/bin/cmake -E cmake_link_script CMakeFiles/phasor_dynamics_signal.dir/link.txt --verbose=1
/nopt/nrel/apps/cpu_stack/software/gridkit/llvm/16.0.6/bin/clang++ -fPIC --gcc-toolchain=/nopt/nrel/apps/cpu_stack/compilers/06-24/linux-rhel8-sapphirerapids/gcc-12.3.0/gcc-13.1.0-bmut2ysomhthj6y7oyc73c3cmxye57am -Wall -Wextra -Wconversion -Wpedantic -O2 -g -DNDEBUG -Wl,-rpath,/nopt/nrel/apps/cpu_stack/compilers/06-24/linux-rhel8-sapphirerapids/gcc-12.3.0/gcc-13.1.0-bmut2ysomhthj6y7oyc73c3cmxye57am/lib/gcc/x86_64-pc-linux-gnu/13.1.0/../../../../lib64 -Wl,-rpath,/nopt/nrel/apps/cpu_stack/libraries-gcc/06-24/linux-rhel8-sapphirerapids/gcc-12.3.0/netlib-lapack-3.11.0-abk4uhd5cyrfnhh67bcdhyt6fulibezx/lib64 -shared -Wl,-soname,libgridkit_phasor_dynamics_signal.so.0 -o libgridkit_phasor_dynamics_signal.so.0.1.0 CMakeFiles/phasor_dynamics_signal.dir/SignalNode.cpp.o  -Wl,-rpath,::::::::::::::
[  3%] Linking CXX shared library libgridkit_cpu_backend.so
cd /home/isatkaus/gridkit/build/GridKit/MemoryUtilities/cpu && /nopt/nrel/apps/cpu_stack/utilities/06-24/linux-rhel8-sapphirerapids/gcc-12.3.0/cmake-3.29.2-6n4msmc4aewj7wyi6b5g644vjrqyqgot/bin/cmake -E cmake_link_script CMakeFiles/cpu_backend.dir/link.txt --verbose=1
/nopt/nrel/apps/cpu_stack/software/gridkit/llvm/16.0.6/bin/clang++ -fPIC --gcc-toolchain=/nopt/nrel/apps/cpu_stack/compilers/06-24/linux-rhel8-sapphirerapids/gcc-12.3.0/gcc-13.1.0-bmut2ysomhthj6y7oyc73c3cmxye57am -Wall -Wextra -Wconversion -Wpedantic -O2 -g -DNDEBUG -Wl,-rpath,/nopt/nrel/apps/cpu_stack/compilers/06-24/linux-rhel8-sapphirerapids/gcc-12.3.0/gcc-13.1.0-bmut2ysomhthj6y7oyc73c3cmxye57am/lib/gcc/x86_64-pc-linux-gnu/13.1.0/../../../../lib64 -Wl,-rpath,/nopt/nrel/apps/cpu_stack/libraries-gcc/06-24/linux-rhel8-sapphirerapids/gcc-12.3.0/netlib-lapack-3.11.0-abk4uhd5cyrfnhh67bcdhyt6fulibezx/lib64 -shared -Wl,-soname,libgridkit_cpu_backend.so.0 -o libgridkit_cpu_backend.so.0.1.0 CMakeFiles/cpu_backend.dir/MemoryUtils.cpp.o  -Wl,-rpath,::::::::::::::
cd /home/isatkaus/gridkit/build/GridKit/Solver/Dynamic/Native && /nopt/nrel/apps/cpu_stack/utilities/06-24/linux-rhel8-sapphirerapids/gcc-12.3.0/cmake-3.29.2-6n4msmc4aewj7wyi6b5g644vjrqyqgot/bin/cmake -E cmake_symlink_library libgridkit_adaptive_step.so.0.1.0 libgridkit_adaptive_step.so.0 libgridkit_adaptive_step.so
[  4%] Linking CXX shared library libgridkit_utilities_logger.so
cd /home/isatkaus/gridkit/build/GridKit/Utilities/Logger && /nopt/nrel/apps/cpu_stack/utilities/06-24/linux-rhel8-sapphirerapids/gcc-12.3.0/cmake-3.29.2-6n4msmc4aewj7wyi6b5g644vjrqyqgot/bin/cmake -E cmake_link_script CMakeFiles/utilities_logger.dir/link.txt --verbose=1
make[2]: Leaving directory '/home/isatkaus/gridkit/build'
/nopt/nrel/apps/cpu_stack/software/gridkit/llvm/16.0.6/bin/clang++ -fPIC --gcc-toolchain=/nopt/nrel/apps/cpu_stack/compilers/06-24/linux-rhel8-sapphirerapids/gcc-12.3.0/gcc-13.1.0-bmut2ysomhthj6y7oyc73c3cmxye57am -Wall -Wextra -Wconversion -Wpedantic -O2 -g -DNDEBUG -Wl,-rpath,/nopt/nrel/apps/cpu_stack/compilers/06-24/linux-rhel8-sapphirerapids/gcc-12.3.0/gcc-13.1.0-bmut2ysomhthj6y7oyc73c3cmxye57am/lib/gcc/x86_64-pc-linux-gnu/13.1.0/../../../../lib64 -Wl,-rpath,/nopt/nrel/apps/cpu_stack/libraries-gcc/06-24/linux-rhel8-sapphirerapids/gcc-12.3.0/netlib-lapack-3.11.0-abk4uhd5cyrfnhh67bcdhyt6fulibezx/lib64 -shared -Wl,-soname,libgridkit_utilities_logger.so.0 -o libgridkit_utilities_logger.so.0.1.0 CMakeFiles/utilities_logger.dir/Logger.cpp.o  -Wl,-rpath,::::::::::::::
[  4%] Built target adaptive_step
cd /home/isatkaus/gridkit/build/GridKit/Model/PhasorDynamics/SignalNode && /nopt/nrel/apps/cpu_stack/utilities/06-24/linux-rhel8-sapphirerapids/gcc-12.3.0/cmake-3.29.2-6n4msmc4aewj7wyi6b5g644vjrqyqgot/bin/cmake -E cmake_symlink_library libgridkit_phasor_dynamics_signal.so.0.1.0 libgridkit_phasor_dynamics_signal.so.0 libgridkit_phasor_dynamics_signal.so
cd /home/isatkaus/gridkit/build/GridKit/MemoryUtilities/cpu && /nopt/nrel/apps/cpu_stack/utilities/06-24/linux-rhel8-sapphirerapids/gcc-12.3.0/cmake-3.29.2-6n4msmc4aewj7wyi6b5g644vjrqyqgot/bin/cmake -E cmake_symlink_library libgridkit_cpu_backend.so.0.1.0 libgridkit_cpu_backend.so.0 libgridkit_cpu_backend.so
make[2]: Leaving directory '/home/isatkaus/gridkit/build'
[  4%] Built target phasor_dynamics_signal
[  4%] Linking CXX shared library libgridkit_phasor_dynamics_signal_dependency_tracking.so
make[2]: Leaving directory '/home/isatkaus/gridkit/build'
cd /home/isatkaus/gridkit/build/GridKit/Model/PhasorDynamics/SignalNode && /nopt/nrel/apps/cpu_stack/utilities/06-24/linux-rhel8-sapphirerapids/gcc-12.3.0/cmake-3.29.2-6n4msmc4aewj7wyi6b5g644vjrqyqgot/bin/cmake -E cmake_link_script CMakeFiles/phasor_dynamics_signal_dependency_tracking.dir/link.txt --verbose=1
[  4%] Built target cpu_backend
/nopt/nrel/apps/cpu_stack/software/gridkit/llvm/16.0.6/bin/clang++ -fPIC --gcc-toolchain=/nopt/nrel/apps/cpu_stack/compilers/06-24/linux-rhel8-sapphirerapids/gcc-12.3.0/gcc-13.1.0-bmut2ysomhthj6y7oyc73c3cmxye57am -Wall -Wextra -Wconversion -Wpedantic -O2 -g -DNDEBUG -Wl,-rpath,/nopt/nrel/apps/cpu_stack/compilers/06-24/linux-rhel8-sapphirerapids/gcc-12.3.0/gcc-13.1.0-bmut2ysomhthj6y7oyc73c3cmxye57am/lib/gcc/x86_64-pc-linux-gnu/13.1.0/../../../../lib64 -Wl,-rpath,/nopt/nrel/apps/cpu_stack/libraries-gcc/06-24/linux-rhel8-sapphirerapids/gcc-12.3.0/netlib-lapack-3.11.0-abk4uhd5cyrfnhh67bcdhyt6fulibezx/lib64 -shared -Wl,-soname,libgridkit_phasor_dynamics_signal_dependency_tracking.so.0 -o libgridkit_phasor_dynamics_signal_dependency_tracking.so.0.1.0 CMakeFiles/phasor_dynamics_signal_dependency_tracking.dir/SignalNodeDependencyTracking.cpp.o  -Wl,-rpath,::::::::::::::
cd /home/isatkaus/gridkit/build/GridKit/Utilities/Logger && /nopt/nrel/apps/cpu_stack/utilities/06-24/linux-rhel8-sapphirerapids/gcc-12.3.0/cmake-3.29.2-6n4msmc4aewj7wyi6b5g644vjrqyqgot/bin/cmake -E cmake_symlink_library libgridkit_utilities_logger.so.0.1.0 libgridkit_utilities_logger.so.0 libgridkit_utilities_logger.so
make[2]: Leaving directory '/home/isatkaus/gridkit/build'
[  4%] Built target utilities_logger
make  -f GridKit/Utilities/CliArgs/CMakeFiles/utilities_cli_args.dir/build.make GridKit/Utilities/CliArgs/CMakeFiles/utilities_cli_args.dir/depend
make  -f GridKit/LinearAlgebra/Vector/CMakeFiles/dense_vector.dir/build.make GridKit/LinearAlgebra/Vector/CMakeFiles/dense_vector.dir/depend
make  -f GridKit/LinearAlgebra/SparseMatrix/CMakeFiles/sparse_matrix.dir/build.make GridKit/LinearAlgebra/SparseMatrix/CMakeFiles/sparse_matrix.dir/depend
make[2]: Entering directory '/home/isatkaus/gridkit/build'
cd /home/isatkaus/gridkit/build && /nopt/nrel/apps/cpu_stack/utilities/06-24/linux-rhel8-sapphirerapids/gcc-12.3.0/cmake-3.29.2-6n4msmc4aewj7wyi6b5g644vjrqyqgot/bin/cmake -E cmake_depends "Unix Makefiles" /home/isatkaus/gridkit /home/isatkaus/gridkit/GridKit/Utilities/CliArgs /home/isatkaus/gridkit/build /home/isatkaus/gridkit/build/GridKit/Utilities/CliArgs /home/isatkaus/gridkit/build/GridKit/Utilities/CliArgs/CMakeFiles/utilities_cli_args.dir/DependInfo.cmake "--color="
make[2]: Entering directory '/home/isatkaus/gridkit/build'
cd /home/isatkaus/gridkit/build && /nopt/nrel/apps/cpu_stack/utilities/06-24/linux-rhel8-sapphirerapids/gcc-12.3.0/cmake-3.29.2-6n4msmc4aewj7wyi6b5g644vjrqyqgot/bin/cmake -E cmake_depends "Unix Makefiles" /home/isatkaus/gridkit /home/isatkaus/gridkit/GridKit/LinearAlgebra/Vector /home/isatkaus/gridkit/build /home/isatkaus/gridkit/build/GridKit/LinearAlgebra/Vector /home/isatkaus/gridkit/build/GridKit/LinearAlgebra/Vector/CMakeFiles/dense_vector.dir/DependInfo.cmake "--color="
make[2]: Entering directory '/home/isatkaus/gridkit/build'
cd /home/isatkaus/gridkit/build && /nopt/nrel/apps/cpu_stack/utilities/06-24/linux-rhel8-sapphirerapids/gcc-12.3.0/cmake-3.29.2-6n4msmc4aewj7wyi6b5g644vjrqyqgot/bin/cmake -E cmake_depends "Unix Makefiles" /home/isatkaus/gridkit /home/isatkaus/gridkit/GridKit/LinearAlgebra/SparseMatrix /home/isatkaus/gridkit/build /home/isatkaus/gridkit/build/GridKit/LinearAlgebra/SparseMatrix /home/isatkaus/gridkit/build/GridKit/LinearAlgebra/SparseMatrix/CMakeFiles/sparse_matrix.dir/DependInfo.cmake "--color="
make[2]: Leaving directory '/home/isatkaus/gridkit/build'
make  -f GridKit/Utilities/CliArgs/CMakeFiles/utilities_cli_args.dir/build.make GridKit/Utilities/CliArgs/CMakeFiles/utilities_cli_args.dir/build
make[2]: Leaving directory '/home/isatkaus/gridkit/build'
make  -f GridKit/LinearAlgebra/Vector/CMakeFiles/dense_vector.dir/build.make GridKit/LinearAlgebra/Vector/CMakeFiles/dense_vector.dir/build
make[2]: Leaving directory '/home/isatkaus/gridkit/build'
make  -f GridKit/LinearAlgebra/SparseMatrix/CMakeFiles/sparse_matrix.dir/build.make GridKit/LinearAlgebra/SparseMatrix/CMakeFiles/sparse_matrix.dir/build
make[2]: Entering directory '/home/isatkaus/gridkit/build'
make[2]: Entering directory '/home/isatkaus/gridkit/build'
make[2]: Entering directory '/home/isatkaus/gridkit/build'
[  4%] Building CXX object GridKit/Utilities/CliArgs/CMakeFiles/utilities_cli_args.dir/CliArgs.cpp.o
[  4%] Building CXX object GridKit/LinearAlgebra/Vector/CMakeFiles/dense_vector.dir/Vector.cpp.o
[  4%] Building CXX object GridKit/LinearAlgebra/SparseMatrix/CMakeFiles/sparse_matrix.dir/CooMatrix.cpp.o
[  4%] Building CXX object GridKit/LinearAlgebra/SparseMatrix/CMakeFiles/sparse_matrix.dir/CsrMatrix.cpp.o
[  4%] Building CXX object GridKit/LinearAlgebra/Vector/CMakeFiles/dense_vector.dir/VectorHandlerCpu.cpp.o
[  5%] Building CXX object GridKit/LinearAlgebra/Vector/CMakeFiles/dense_vector.dir/VectorHandler.cpp.o
cd /home/isatkaus/gridkit/build/GridKit/Utilities/CliArgs && /nopt/nrel/apps/cpu_stack/software/gridkit/llvm/16.0.6/bin/clang++ -Dutilities_cli_args_EXPORTS -I/home/isatkaus/gridkit --gcc-toolchain=/nopt/nrel/apps/cpu_stack/compilers/06-24/linux-rhel8-sapphirerapids/gcc-12.3.0/gcc-13.1.0-bmut2ysomhthj6y7oyc73c3cmxye57am -Wall -Wextra -Wconversion -Wpedantic -O2 -g -DNDEBUG -std=gnu++20 -fPIC -MD -MT GridKit/Utilities/CliArgs/CMakeFiles/utilities_cli_args.dir/CliArgs.cpp.o -MF CMakeFiles/utilities_cli_args.dir/CliArgs.cpp.o.d -o CMakeFiles/utilities_cli_args.dir/CliArgs.cpp.o -c /home/isatkaus/gridkit/GridKit/Utilities/CliArgs/CliArgs.cpp
cd /home/isatkaus/gridkit/build/GridKit/LinearAlgebra/Vector && /nopt/nrel/apps/cpu_stack/software/gridkit/llvm/16.0.6/bin/clang++ -Ddense_vector_EXPORTS -I/home/isatkaus/gridkit --gcc-toolchain=/nopt/nrel/apps/cpu_stack/compilers/06-24/linux-rhel8-sapphirerapids/gcc-12.3.0/gcc-13.1.0-bmut2ysomhthj6y7oyc73c3cmxye57am -Wall -Wextra -Wconversion -Wpedantic -O2 -g -DNDEBUG -std=gnu++20 -fPIC -MD -MT GridKit/LinearAlgebra/Vector/CMakeFiles/dense_vector.dir/Vector.cpp.o -MF CMakeFiles/dense_vector.dir/Vector.cpp.o.d -o CMakeFiles/dense_vector.dir/Vector.cpp.o -c /home/isatkaus/gridkit/GridKit/LinearAlgebra/Vector/Vector.cpp
cd /home/isatkaus/gridkit/build/GridKit/LinearAlgebra/Vector && /nopt/nrel/apps/cpu_stack/software/gridkit/llvm/16.0.6/bin/clang++ -Ddense_vector_EXPORTS -I/home/isatkaus/gridkit --gcc-toolchain=/nopt/nrel/apps/cpu_stack/compilers/06-24/linux-rhel8-sapphirerapids/gcc-12.3.0/gcc-13.1.0-bmut2ysomhthj6y7oyc73c3cmxye57am -Wall -Wextra -Wconversion -Wpedantic -O2 -g -DNDEBUG -std=gnu++20 -fPIC -MD -MT GridKit/LinearAlgebra/Vector/CMakeFiles/dense_vector.dir/VectorHandlerCpu.cpp.o -MF CMakeFiles/dense_vector.dir/VectorHandlerCpu.cpp.o.d -o CMakeFiles/dense_vector.dir/VectorHandlerCpu.cpp.o -c /home/isatkaus/gridkit/GridKit/LinearAlgebra/Vector/VectorHandlerCpu.cpp
cd /home/isatkaus/gridkit/build/GridKit/LinearAlgebra/SparseMatrix && /nopt/nrel/apps/cpu_stack/software/gridkit/llvm/16.0.6/bin/clang++ -Dsparse_matrix_EXPORTS -I/home/isatkaus/gridkit --gcc-toolchain=/nopt/nrel/apps/cpu_stack/compilers/06-24/linux-rhel8-sapphirerapids/gcc-12.3.0/gcc-13.1.0-bmut2ysomhthj6y7oyc73c3cmxye57am -Wall -Wextra -Wconversion -Wpedantic -O2 -g -DNDEBUG -std=gnu++20 -fPIC -MD -MT GridKit/LinearAlgebra/SparseMatrix/CMakeFiles/sparse_matrix.dir/CooMatrix.cpp.o -MF CMakeFiles/sparse_matrix.dir/CooMatrix.cpp.o.d -o CMakeFiles/sparse_matrix.dir/CooMatrix.cpp.o -c /home/isatkaus/gridkit/GridKit/LinearAlgebra/SparseMatrix/CooMatrix.cpp
cd /home/isatkaus/gridkit/build/GridKit/LinearAlgebra/SparseMatrix && /nopt/nrel/apps/cpu_stack/software/gridkit/llvm/16.0.6/bin/clang++ -Dsparse_matrix_EXPORTS -I/home/isatkaus/gridkit --gcc-toolchain=/nopt/nrel/apps/cpu_stack/compilers/06-24/linux-rhel8-sapphirerapids/gcc-12.3.0/gcc-13.1.0-bmut2ysomhthj6y7oyc73c3cmxye57am -Wall -Wextra -Wconversion -Wpedantic -O2 -g -DNDEBUG -std=gnu++20 -fPIC -MD -MT GridKit/LinearAlgebra/SparseMatrix/CMakeFiles/sparse_matrix.dir/CsrMatrix.cpp.o -MF CMakeFiles/sparse_matrix.dir/CsrMatrix.cpp.o.d -o CMakeFiles/sparse_matrix.dir/CsrMatrix.cpp.o -c /home/isatkaus/gridkit/GridKit/LinearAlgebra/SparseMatrix/CsrMatrix.cpp
cd /home/isatkaus/gridkit/build/GridKit/LinearAlgebra/Vector && /nopt/nrel/apps/cpu_stack/software/gridkit/llvm/16.0.6/bin/clang++ -Ddense_vector_EXPORTS -I/home/isatkaus/gridkit --gcc-toolchain=/nopt/nrel/apps/cpu_stack/compilers/06-24/linux-rhel8-sapphirerapids/gcc-12.3.0/gcc-13.1.0-bmut2ysomhthj6y7oyc73c3cmxye57am -Wall -Wextra -Wconversion -Wpedantic -O2 -g -DNDEBUG -std=gnu++20 -fPIC -MD -MT GridKit/LinearAlgebra/Vector/CMakeFiles/dense_vector.dir/VectorHandler.cpp.o -MF CMakeFiles/dense_vector.dir/VectorHandler.cpp.o.d -o CMakeFiles/dense_vector.dir/VectorHandler.cpp.o -c /home/isatkaus/gridkit/GridKit/LinearAlgebra/Vector/VectorHandler.cpp
cd /home/isatkaus/gridkit/build/GridKit/Model/PhasorDynamics/SignalNode && /nopt/nrel/apps/cpu_stack/utilities/06-24/linux-rhel8-sapphirerapids/gcc-12.3.0/cmake-3.29.2-6n4msmc4aewj7wyi6b5g644vjrqyqgot/bin/cmake -E cmake_symlink_library libgridkit_phasor_dynamics_signal_dependency_tracking.so.0.1.0 libgridkit_phasor_dynamics_signal_dependency_tracking.so.0 libgridkit_phasor_dynamics_signal_dependency_tracking.so
make[2]: Leaving directory '/home/isatkaus/gridkit/build'
[  5%] Built target phasor_dynamics_signal_dependency_tracking
[  6%] Linking CXX shared library libgridkit_sparse_matrix.so
cd /home/isatkaus/gridkit/build/GridKit/LinearAlgebra/SparseMatrix && /nopt/nrel/apps/cpu_stack/utilities/06-24/linux-rhel8-sapphirerapids/gcc-12.3.0/cmake-3.29.2-6n4msmc4aewj7wyi6b5g644vjrqyqgot/bin/cmake -E cmake_link_script CMakeFiles/sparse_matrix.dir/link.txt --verbose=1
/nopt/nrel/apps/cpu_stack/software/gridkit/llvm/16.0.6/bin/clang++ -fPIC --gcc-toolchain=/nopt/nrel/apps/cpu_stack/compilers/06-24/linux-rhel8-sapphirerapids/gcc-12.3.0/gcc-13.1.0-bmut2ysomhthj6y7oyc73c3cmxye57am -Wall -Wextra -Wconversion -Wpedantic -O2 -g -DNDEBUG -Wl,-rpath,/nopt/nrel/apps/cpu_stack/compilers/06-24/linux-rhel8-sapphirerapids/gcc-12.3.0/gcc-13.1.0-bmut2ysomhthj6y7oyc73c3cmxye57am/lib/gcc/x86_64-pc-linux-gnu/13.1.0/../../../../lib64 -Wl,-rpath,/nopt/nrel/apps/cpu_stack/libraries-gcc/06-24/linux-rhel8-sapphirerapids/gcc-12.3.0/netlib-lapack-3.11.0-abk4uhd5cyrfnhh67bcdhyt6fulibezx/lib64 -shared -Wl,-soname,libgridkit_sparse_matrix.so.0 -o libgridkit_sparse_matrix.so.0.1.0 CMakeFiles/sparse_matrix.dir/CooMatrix.cpp.o CMakeFiles/sparse_matrix.dir/CsrMatrix.cpp.o  -Wl,-rpath,/home/isatkaus/gridkit/build/GridKit/Utilities/Logger:/home/isatkaus/gridkit/build/GridKit/MemoryUtilities/cpu: ../../Utilities/Logger/libgridkit_utilities_logger.so.0.1.0 ../../MemoryUtilities/cpu/libgridkit_cpu_backend.so.0.1.0
cd /home/isatkaus/gridkit/build/GridKit/LinearAlgebra/SparseMatrix && /nopt/nrel/apps/cpu_stack/utilities/06-24/linux-rhel8-sapphirerapids/gcc-12.3.0/cmake-3.29.2-6n4msmc4aewj7wyi6b5g644vjrqyqgot/bin/cmake -E cmake_symlink_library libgridkit_sparse_matrix.so.0.1.0 libgridkit_sparse_matrix.so.0 libgridkit_sparse_matrix.so
make[2]: Leaving directory '/home/isatkaus/gridkit/build'
[  6%] Built target sparse_matrix
[  6%] Linking CXX shared library libgridkit_dense_vector.so
cd /home/isatkaus/gridkit/build/GridKit/LinearAlgebra/Vector && /nopt/nrel/apps/cpu_stack/utilities/06-24/linux-rhel8-sapphirerapids/gcc-12.3.0/cmake-3.29.2-6n4msmc4aewj7wyi6b5g644vjrqyqgot/bin/cmake -E cmake_link_script CMakeFiles/dense_vector.dir/link.txt --verbose=1
/nopt/nrel/apps/cpu_stack/software/gridkit/llvm/16.0.6/bin/clang++ -fPIC --gcc-toolchain=/nopt/nrel/apps/cpu_stack/compilers/06-24/linux-rhel8-sapphirerapids/gcc-12.3.0/gcc-13.1.0-bmut2ysomhthj6y7oyc73c3cmxye57am -Wall -Wextra -Wconversion -Wpedantic -O2 -g -DNDEBUG -Wl,-rpath,/nopt/nrel/apps/cpu_stack/compilers/06-24/linux-rhel8-sapphirerapids/gcc-12.3.0/gcc-13.1.0-bmut2ysomhthj6y7oyc73c3cmxye57am/lib/gcc/x86_64-pc-linux-gnu/13.1.0/../../../../lib64 -Wl,-rpath,/nopt/nrel/apps/cpu_stack/libraries-gcc/06-24/linux-rhel8-sapphirerapids/gcc-12.3.0/netlib-lapack-3.11.0-abk4uhd5cyrfnhh67bcdhyt6fulibezx/lib64 -shared -Wl,-soname,libgridkit_dense_vector.so.0 -o libgridkit_dense_vector.so.0.1.0 CMakeFiles/dense_vector.dir/Vector.cpp.o CMakeFiles/dense_vector.dir/VectorHandler.cpp.o CMakeFiles/dense_vector.dir/VectorHandlerCpu.cpp.o  -Wl,-rpath,/home/isatkaus/gridkit/build/GridKit/Utilities/Logger:/home/isatkaus/gridkit/build/GridKit/MemoryUtilities/cpu: ../../Utilities/Logger/libgridkit_utilities_logger.so.0.1.0 ../../MemoryUtilities/cpu/libgridkit_cpu_backend.so.0.1.0
cd /home/isatkaus/gridkit/build/GridKit/LinearAlgebra/Vector && /nopt/nrel/apps/cpu_stack/utilities/06-24/linux-rhel8-sapphirerapids/gcc-12.3.0/cmake-3.29.2-6n4msmc4aewj7wyi6b5g644vjrqyqgot/bin/cmake -E cmake_symlink_library libgridkit_dense_vector.so.0.1.0 libgridkit_dense_vector.so.0 libgridkit_dense_vector.so
[  7%] Linking CXX shared library libgridkit_utilities_cli_args.so
cd /home/isatkaus/gridkit/build/GridKit/Utilities/CliArgs && /nopt/nrel/apps/cpu_stack/utilities/06-24/linux-rhel8-sapphirerapids/gcc-12.3.0/cmake-3.29.2-6n4msmc4aewj7wyi6b5g644vjrqyqgot/bin/cmake -E cmake_link_script CMakeFiles/utilities_cli_args.dir/link.txt --verbose=1
/nopt/nrel/apps/cpu_stack/software/gridkit/llvm/16.0.6/bin/clang++ -fPIC --gcc-toolchain=/nopt/nrel/apps/cpu_stack/compilers/06-24/linux-rhel8-sapphirerapids/gcc-12.3.0/gcc-13.1.0-bmut2ysomhthj6y7oyc73c3cmxye57am -Wall -Wextra -Wconversion -Wpedantic -O2 -g -DNDEBUG -Wl,-rpath,/nopt/nrel/apps/cpu_stack/compilers/06-24/linux-rhel8-sapphirerapids/gcc-12.3.0/gcc-13.1.0-bmut2ysomhthj6y7oyc73c3cmxye57am/lib/gcc/x86_64-pc-linux-gnu/13.1.0/../../../../lib64 -Wl,-rpath,/nopt/nrel/apps/cpu_stack/libraries-gcc/06-24/linux-rhel8-sapphirerapids/gcc-12.3.0/netlib-lapack-3.11.0-abk4uhd5cyrfnhh67bcdhyt6fulibezx/lib64 -shared -Wl,-soname,libgridkit_utilities_cli_args.so.0 -o libgridkit_utilities_cli_args.so.0.1.0 CMakeFiles/utilities_cli_args.dir/CliArgs.cpp.o  -Wl,-rpath,/home/isatkaus/gridkit/build/GridKit/Utilities/Logger: ../Logger/libgridkit_utilities_logger.so.0.1.0
make[2]: Leaving directory '/home/isatkaus/gridkit/build'
[  7%] Built target dense_vector
make  -f GridKit/Model/PhasorDynamics/Branch/CMakeFiles/phasor_dynamics_branch.dir/build.make GridKit/Model/PhasorDynamics/Branch/CMakeFiles/phasor_dynamics_branch.dir/depend
make  -f GridKit/Model/PhasorDynamics/Bus/CMakeFiles/phasor_dynamics_bus.dir/build.make GridKit/Model/PhasorDynamics/Bus/CMakeFiles/phasor_dynamics_bus.dir/depend
make  -f GridKit/Model/PhasorDynamics/BusFault/CMakeFiles/phasor_dynamics_bus_fault.dir/build.make GridKit/Model/PhasorDynamics/BusFault/CMakeFiles/phasor_dynamics_bus_fault.dir/depend
make  -f GridKit/Model/PhasorDynamics/BusToSignalAdapter/CMakeFiles/phasor_dynamics_bustosignaladapter.dir/build.make GridKit/Model/PhasorDynamics/BusToSignalAdapter/CMakeFiles/phasor_dynamics_bustosignaladapter.dir/depend
make  -f GridKit/Model/PhasorDynamics/Controller/REECB/CMakeFiles/phasor_dynamics_controller_reecb.dir/build.make GridKit/Model/PhasorDynamics/Controller/REECB/CMakeFiles/phasor_dynamics_controller_reecb.dir/depend
make  -f GridKit/Model/PhasorDynamics/Controller/REPCA/CMakeFiles/phasor_dynamics_controller_repca.dir/build.make GridKit/Model/PhasorDynamics/Controller/REPCA/CMakeFiles/phasor_dynamics_controller_repca.dir/depend
make  -f GridKit/Model/PhasorDynamics/Converter/REGCA/CMakeFiles/phasor_dynamics_converter_regca.dir/build.make GridKit/Model/PhasorDynamics/Converter/REGCA/CMakeFiles/phasor_dynamics_converter_regca.dir/depend
make  -f GridKit/Model/PhasorDynamics/Exciter/ESDC1A/CMakeFiles/phasor_dynamics_exciter_esdc1a.dir/build.make GridKit/Model/PhasorDynamics/Exciter/ESDC1A/CMakeFiles/phasor_dynamics_exciter_esdc1a.dir/depend
make  -f GridKit/Model/PhasorDynamics/Exciter/IEEET1/CMakeFiles/phasor_dynamics_exciter_ieeet1.dir/build.make GridKit/Model/PhasorDynamics/Exciter/IEEET1/CMakeFiles/phasor_dynamics_exciter_ieeet1.dir/depend
make  -f GridKit/Model/PhasorDynamics/Exciter/SEXS-PTI/CMakeFiles/phasor_dynamics_exciter_sexspti.dir/build.make GridKit/Model/PhasorDynamics/Exciter/SEXS-PTI/CMakeFiles/phasor_dynamics_exciter_sexspti.dir/depend
make  -f GridKit/Model/PhasorDynamics/Governor/Tgov1/CMakeFiles/phasor_dynamics_governor_tgov1.dir/build.make GridKit/Model/PhasorDynamics/Governor/Tgov1/CMakeFiles/phasor_dynamics_governor_tgov1.dir/depend
make  -f GridKit/Model/PhasorDynamics/Governor/GASTPTI/CMakeFiles/phasor_dynamics_governor_gastpti.dir/build.make GridKit/Model/PhasorDynamics/Governor/GASTPTI/CMakeFiles/phasor_dynamics_governor_gastpti.dir/depend
make[2]: Entering directory '/home/isatkaus/gridkit/build'
cd /home/isatkaus/gridkit/build && /nopt/nrel/apps/cpu_stack/utilities/06-24/linux-rhel8-sapphirerapids/gcc-12.3.0/cmake-3.29.2-6n4msmc4aewj7wyi6b5g644vjrqyqgot/bin/cmake -E cmake_depends "Unix Makefiles" /home/isatkaus/gridkit /home/isatkaus/gridkit/GridKit/Model/PhasorDynamics/Branch /home/isatkaus/gridkit/build /home/isatkaus/gridkit/build/GridKit/Model/PhasorDynamics/Branch /home/isatkaus/gridkit/build/GridKit/Model/PhasorDynamics/Branch/CMakeFiles/phasor_dynamics_branch.dir/DependInfo.cmake "--color="
make  -f GridKit/Model/PhasorDynamics/Governor/HYGOV/CMakeFiles/phasor_dynamics_governor_hygov.dir/build.make GridKit/Model/PhasorDynamics/Governor/HYGOV/CMakeFiles/phasor_dynamics_governor_hygov.dir/depend
make[2]: Entering directory '/home/isatkaus/gridkit/build'
cd /home/isatkaus/gridkit/build && /nopt/nrel/apps/cpu_stack/utilities/06-24/linux-rhel8-sapphirerapids/gcc-12.3.0/cmake-3.29.2-6n4msmc4aewj7wyi6b5g644vjrqyqgot/bin/cmake -E cmake_depends "Unix Makefiles" /home/isatkaus/gridkit /home/isatkaus/gridkit/GridKit/Model/PhasorDynamics/Bus /home/isatkaus/gridkit/build /home/isatkaus/gridkit/build/GridKit/Model/PhasorDynamics/Bus /home/isatkaus/gridkit/build/GridKit/Model/PhasorDynamics/Bus/CMakeFiles/phasor_dynamics_bus.dir/DependInfo.cmake "--color="
make  -f GridKit/Model/PhasorDynamics/Load/LoadZ/CMakeFiles/phasor_dynamics_loadz.dir/build.make GridKit/Model/PhasorDynamics/Load/LoadZ/CMakeFiles/phasor_dynamics_loadz.dir/depend
make  -f GridKit/Model/PhasorDynamics/Load/LoadZIP/CMakeFiles/phasor_dynamics_loadzip.dir/build.make GridKit/Model/PhasorDynamics/Load/LoadZIP/CMakeFiles/phasor_dynamics_loadzip.dir/depend
make[2]: Entering directory '/home/isatkaus/gridkit/build'
cd /home/isatkaus/gridkit/build && /nopt/nrel/apps/cpu_stack/utilities/06-24/linux-rhel8-sapphirerapids/gcc-12.3.0/cmake-3.29.2-6n4msmc4aewj7wyi6b5g644vjrqyqgot/bin/cmake -E cmake_depends "Unix Makefiles" /home/isatkaus/gridkit /home/isatkaus/gridkit/GridKit/Model/PhasorDynamics/BusFault /home/isatkaus/gridkit/build /home/isatkaus/gridkit/build/GridKit/Model/PhasorDynamics/BusFault /home/isatkaus/gridkit/build/GridKit/Model/PhasorDynamics/BusFault/CMakeFiles/phasor_dynamics_bus_fault.dir/DependInfo.cmake "--color="
make  -f GridKit/Model/PhasorDynamics/SignalSource/CMakeFiles/phasor_dynamics_signalsource.dir/build.make GridKit/Model/PhasorDynamics/SignalSource/CMakeFiles/phasor_dynamics_signalsource.dir/depend
make  -f GridKit/Model/PhasorDynamics/Stabilizer/IEEEST/CMakeFiles/phasor_dynamics_stabilizer_ieeest.dir/build.make GridKit/Model/PhasorDynamics/Stabilizer/IEEEST/CMakeFiles/phasor_dynamics_stabilizer_ieeest.dir/depend
make  -f GridKit/Model/PhasorDynamics/SynchronousMachine/GENROU/CMakeFiles/phasor_dynamics_genrou.dir/build.make GridKit/Model/PhasorDynamics/SynchronousMachine/GENROU/CMakeFiles/phasor_dynamics_genrou.dir/depend
make  -f GridKit/Model/PhasorDynamics/SynchronousMachine/GENSAL/CMakeFiles/phasor_dynamics_gensal.dir/build.make GridKit/Model/PhasorDynamics/SynchronousMachine/GENSAL/CMakeFiles/phasor_dynamics_gensal.dir/depend
make  -f GridKit/Model/PhasorDynamics/SynchronousMachine/GenClassical/CMakeFiles/phasor_dynamics_gen_classical.dir/build.make GridKit/Model/PhasorDynamics/SynchronousMachine/GenClassical/CMakeFiles/phasor_dynamics_gen_classical.dir/depend
make[2]: Entering directory '/home/isatkaus/gridkit/build'
cd /home/isatkaus/gridkit/build && /nopt/nrel/apps/cpu_stack/utilities/06-24/linux-rhel8-sapphirerapids/gcc-12.3.0/cmake-3.29.2-6n4msmc4aewj7wyi6b5g644vjrqyqgot/bin/cmake -E cmake_depends "Unix Makefiles" /home/isatkaus/gridkit /home/isatkaus/gridkit/GridKit/Model/PhasorDynamics/BusToSignalAdapter /home/isatkaus/gridkit/build /home/isatkaus/gridkit/build/GridKit/Model/PhasorDynamics/BusToSignalAdapter /home/isatkaus/gridkit/build/GridKit/Model/PhasorDynamics/BusToSignalAdapter/CMakeFiles/phasor_dynamics_bustosignaladapter.dir/DependInfo.cmake "--color="
make  -f GridKit/Model/PhasorDynamics/Branch/CMakeFiles/phasor_dynamics_branch_dependency_tracking.dir/build.make GridKit/Model/PhasorDynamics/Branch/CMakeFiles/phasor_dynamics_branch_dependency_tracking.dir/depend
make  -f GridKit/Model/PhasorDynamics/Bus/CMakeFiles/phasor_dynamics_bus_dependency_tracking.dir/build.make GridKit/Model/PhasorDynamics/Bus/CMakeFiles/phasor_dynamics_bus_dependency_tracking.dir/depend
make  -f GridKit/Model/PhasorDynamics/BusFault/CMakeFiles/phasor_dynamics_bus_fault_dependency_tracking.dir/build.make GridKit/Model/PhasorDynamics/BusFault/CMakeFiles/phasor_dynamics_bus_fault_dependency_tracking.dir/depend
make  -f GridKit/Model/PhasorDynamics/BusToSignalAdapter/CMakeFiles/phasor_dynamics_bustosignaladapter_dependency_tracking.dir/build.make GridKit/Model/PhasorDynamics/BusToSignalAdapter/CMakeFiles/phasor_dynamics_bustosignaladapter_dependency_tracking.dir/depend
make[2]: Entering directory '/home/isatkaus/gridkit/build'
cd /home/isatkaus/gridkit/build && /nopt/nrel/apps/cpu_stack/utilities/06-24/linux-rhel8-sapphirerapids/gcc-12.3.0/cmake-3.29.2-6n4msmc4aewj7wyi6b5g644vjrqyqgot/bin/cmake -E cmake_depends "Unix Makefiles" /home/isatkaus/gridkit /home/isatkaus/gridkit/GridKit/Model/PhasorDynamics/Controller/REECB /home/isatkaus/gridkit/build /home/isatkaus/gridkit/build/GridKit/Model/PhasorDynamics/Controller/REECB /home/isatkaus/gridkit/build/GridKit/Model/PhasorDynamics/Controller/REECB/CMakeFiles/phasor_dynamics_controller_reecb.dir/DependInfo.cmake "--color="
make  -f GridKit/Model/PhasorDynamics/Controller/REECB/CMakeFiles/phasor_dynamics_controller_reecb_dependency_tracking.dir/build.make GridKit/Model/PhasorDynamics/Controller/REECB/CMakeFiles/phasor_dynamics_controller_reecb_dependency_tracking.dir/depend
make  -f GridKit/Model/PhasorDynamics/Controller/REPCA/CMakeFiles/phasor_dynamics_controller_repca_dependency_tracking.dir/build.make GridKit/Model/PhasorDynamics/Controller/REPCA/CMakeFiles/phasor_dynamics_controller_repca_dependency_tracking.dir/depend
make  -f GridKit/Model/PhasorDynamics/Converter/REGCA/CMakeFiles/phasor_dynamics_converter_regca_dependency_tracking.dir/build.make GridKit/Model/PhasorDynamics/Converter/REGCA/CMakeFiles/phasor_dynamics_converter_regca_dependency_tracking.dir/depend
make  -f GridKit/Model/PhasorDynamics/Exciter/ESDC1A/CMakeFiles/phasor_dynamics_exciter_esdc1a_dependency_tracking.dir/build.make GridKit/Model/PhasorDynamics/Exciter/ESDC1A/CMakeFiles/phasor_dynamics_exciter_esdc1a_dependency_tracking.dir/depend
make[2]: Entering directory '/home/isatkaus/gridkit/build'
cd /home/isatkaus/gridkit/build && /nopt/nrel/apps/cpu_stack/utilities/06-24/linux-rhel8-sapphirerapids/gcc-12.3.0/cmake-3.29.2-6n4msmc4aewj7wyi6b5g644vjrqyqgot/bin/cmake -E cmake_depends "Unix Makefiles" /home/isatkaus/gridkit /home/isatkaus/gridkit/GridKit/Model/PhasorDynamics/Controller/REPCA /home/isatkaus/gridkit/build /home/isatkaus/gridkit/build/GridKit/Model/PhasorDynamics/Controller/REPCA /home/isatkaus/gridkit/build/GridKit/Model/PhasorDynamics/Controller/REPCA/CMakeFiles/phasor_dynamics_controller_repca.dir/DependInfo.cmake "--color="
make  -f GridKit/Model/PhasorDynamics/Exciter/IEEET1/CMakeFiles/phasor_dynamics_exciter_ieeet1_dependency_tracking.dir/build.make GridKit/Model/PhasorDynamics/Exciter/IEEET1/CMakeFiles/phasor_dynamics_exciter_ieeet1_dependency_tracking.dir/depend
make  -f GridKit/Model/PhasorDynamics/Exciter/SEXS-PTI/CMakeFiles/phasor_dynamics_exciter_sexspti_dependency_tracking.dir/build.make GridKit/Model/PhasorDynamics/Exciter/SEXS-PTI/CMakeFiles/phasor_dynamics_exciter_sexspti_dependency_tracking.dir/depend
make[2]: Entering directory '/home/isatkaus/gridkit/build'
cd /home/isatkaus/gridkit/build && /nopt/nrel/apps/cpu_stack/utilities/06-24/linux-rhel8-sapphirerapids/gcc-12.3.0/cmake-3.29.2-6n4msmc4aewj7wyi6b5g644vjrqyqgot/bin/cmake -E cmake_depends "Unix Makefiles" /home/isatkaus/gridkit /home/isatkaus/gridkit/GridKit/Model/PhasorDynamics/Converter/REGCA /home/isatkaus/gridkit/build /home/isatkaus/gridkit/build/GridKit/Model/PhasorDynamics/Converter/REGCA /home/isatkaus/gridkit/build/GridKit/Model/PhasorDynamics/Converter/REGCA/CMakeFiles/phasor_dynamics_converter_regca.dir/DependInfo.cmake "--color="
make  -f GridKit/Model/PhasorDynamics/Governor/Tgov1/CMakeFiles/phasor_dynamics_governor_tgov1_dependency_tracking.dir/build.make GridKit/Model/PhasorDynamics/Governor/Tgov1/CMakeFiles/phasor_dynamics_governor_tgov1_dependency_tracking.dir/depend
make  -f GridKit/Model/PhasorDynamics/Governor/GASTPTI/CMakeFiles/phasor_dynamics_governor_gastpti_dependency_tracking.dir/build.make GridKit/Model/PhasorDynamics/Governor/GASTPTI/CMakeFiles/phasor_dynamics_governor_gastpti_dependency_tracking.dir/depend
make[2]: Entering directory '/home/isatkaus/gridkit/build'
cd /home/isatkaus/gridkit/build && /nopt/nrel/apps/cpu_stack/utilities/06-24/linux-rhel8-sapphirerapids/gcc-12.3.0/cmake-3.29.2-6n4msmc4aewj7wyi6b5g644vjrqyqgot/bin/cmake -E cmake_depends "Unix Makefiles" /home/isatkaus/gridkit /home/isatkaus/gridkit/GridKit/Model/PhasorDynamics/Exciter/ESDC1A /home/isatkaus/gridkit/build /home/isatkaus/gridkit/build/GridKit/Model/PhasorDynamics/Exciter/ESDC1A /home/isatkaus/gridkit/build/GridKit/Model/PhasorDynamics/Exciter/ESDC1A/CMakeFiles/phasor_dynamics_exciter_esdc1a.dir/DependInfo.cmake "--color="
make  -f GridKit/Model/PhasorDynamics/Governor/HYGOV/CMakeFiles/phasor_dynamics_governor_hygov_dependency_tracking.dir/build.make GridKit/Model/PhasorDynamics/Governor/HYGOV/CMakeFiles/phasor_dynamics_governor_hygov_dependency_tracking.dir/depend
make  -f GridKit/Model/PhasorDynamics/Load/LoadZ/CMakeFiles/phasor_dynamics_loadz_dependency_tracking.dir/build.make GridKit/Model/PhasorDynamics/Load/LoadZ/CMakeFiles/phasor_dynamics_loadz_dependency_tracking.dir/depend
make  -f GridKit/Model/PhasorDynamics/Load/LoadZIP/CMakeFiles/phasor_dynamics_loadzip_dependency_tracking.dir/build.make GridKit/Model/PhasorDynamics/Load/LoadZIP/CMakeFiles/phasor_dynamics_loadzip_dependency_tracking.dir/depend
make[2]: Entering directory '/home/isatkaus/gridkit/build'
cd /home/isatkaus/gridkit/build && /nopt/nrel/apps/cpu_stack/utilities/06-24/linux-rhel8-sapphirerapids/gcc-12.3.0/cmake-3.29.2-6n4msmc4aewj7wyi6b5g644vjrqyqgot/bin/cmake -E cmake_depends "Unix Makefiles" /home/isatkaus/gridkit /home/isatkaus/gridkit/GridKit/Model/PhasorDynamics/Exciter/IEEET1 /home/isatkaus/gridkit/build /home/isatkaus/gridkit/build/GridKit/Model/PhasorDynamics/Exciter/IEEET1 /home/isatkaus/gridkit/build/GridKit/Model/PhasorDynamics/Exciter/IEEET1/CMakeFiles/phasor_dynamics_exciter_ieeet1.dir/DependInfo.cmake "--color="
make  -f GridKit/Model/PhasorDynamics/SignalSource/CMakeFiles/phasor_dynamics_signalsource_dependency_tracking.dir/build.make GridKit/Model/PhasorDynamics/SignalSource/CMakeFiles/phasor_dynamics_signalsource_dependency_tracking.dir/depend
make[2]: Entering directory '/home/isatkaus/gridkit/build'
cd /home/isatkaus/gridkit/build && /nopt/nrel/apps/cpu_stack/utilities/06-24/linux-rhel8-sapphirerapids/gcc-12.3.0/cmake-3.29.2-6n4msmc4aewj7wyi6b5g644vjrqyqgot/bin/cmake -E cmake_depends "Unix Makefiles" /home/isatkaus/gridkit /home/isatkaus/gridkit/GridKit/Model/PhasorDynamics/Exciter/SEXS-PTI /home/isatkaus/gridkit/build /home/isatkaus/gridkit/build/GridKit/Model/PhasorDynamics/Exciter/SEXS-PTI /home/isatkaus/gridkit/build/GridKit/Model/PhasorDynamics/Exciter/SEXS-PTI/CMakeFiles/phasor_dynamics_exciter_sexspti.dir/DependInfo.cmake "--color="
make  -f GridKit/Model/PhasorDynamics/Stabilizer/IEEEST/CMakeFiles/phasor_dynamics_stabilizer_ieeest_dependency_tracking.dir/build.make GridKit/Model/PhasorDynamics/Stabilizer/IEEEST/CMakeFiles/phasor_dynamics_stabilizer_ieeest_dependency_tracking.dir/depend
make  -f GridKit/Model/PhasorDynamics/SynchronousMachine/GENROU/CMakeFiles/phasor_dynamics_genrou_dependency_tracking.dir/build.make GridKit/Model/PhasorDynamics/SynchronousMachine/GENROU/CMakeFiles/phasor_dynamics_genrou_dependency_tracking.dir/depend
make[2]: Entering directory '/home/isatkaus/gridkit/build'
cd /home/isatkaus/gridkit/build && /nopt/nrel/apps/cpu_stack/utilities/06-24/linux-rhel8-sapphirerapids/gcc-12.3.0/cmake-3.29.2-6n4msmc4aewj7wyi6b5g644vjrqyqgot/bin/cmake -E cmake_depends "Unix Makefiles" /home/isatkaus/gridkit /home/isatkaus/gridkit/GridKit/Model/PhasorDynamics/Governor/Tgov1 /home/isatkaus/gridkit/build /home/isatkaus/gridkit/build/GridKit/Model/PhasorDynamics/Governor/Tgov1 /home/isatkaus/gridkit/build/GridKit/Model/PhasorDynamics/Governor/Tgov1/CMakeFiles/phasor_dynamics_governor_tgov1.dir/DependInfo.cmake "--color="
make  -f GridKit/Model/PhasorDynamics/SynchronousMachine/GENSAL/CMakeFiles/phasor_dynamics_gensal_dependency_tracking.dir/build.make GridKit/Model/PhasorDynamics/SynchronousMachine/GENSAL/CMakeFiles/phasor_dynamics_gensal_dependency_tracking.dir/depend
make  -f GridKit/Model/PhasorDynamics/SynchronousMachine/GenClassical/CMakeFiles/phasor_dynamics_gen_classical_dependency_tracking.dir/build.make GridKit/Model/PhasorDynamics/SynchronousMachine/GenClassical/CMakeFiles/phasor_dynamics_gen_classical_dependency_tracking.dir/depend
make[2]: Entering directory '/home/isatkaus/gridkit/build'
cd /home/isatkaus/gridkit/build && /nopt/nrel/apps/cpu_stack/utilities/06-24/linux-rhel8-sapphirerapids/gcc-12.3.0/cmake-3.29.2-6n4msmc4aewj7wyi6b5g644vjrqyqgot/bin/cmake -E cmake_depends "Unix Makefiles" /home/isatkaus/gridkit /home/isatkaus/gridkit/GridKit/Model/PhasorDynamics/Governor/GASTPTI /home/isatkaus/gridkit/build /home/isatkaus/gridkit/build/GridKit/Model/PhasorDynamics/Governor/GASTPTI /home/isatkaus/gridkit/build/GridKit/Model/PhasorDynamics/Governor/GASTPTI/CMakeFiles/phasor_dynamics_governor_gastpti.dir/DependInfo.cmake "--color="
make  -f GridKit/Model/PowerFlow/Branch/CMakeFiles/branch.dir/build.make GridKit/Model/PowerFlow/Branch/CMakeFiles/branch.dir/depend
make  -f GridKit/Model/PowerFlow/Bus/CMakeFiles/bus.dir/build.make GridKit/Model/PowerFlow/Bus/CMakeFiles/bus.dir/depend
make[2]: Entering directory '/home/isatkaus/gridkit/build'
cd /home/isatkaus/gridkit/build && /nopt/nrel/apps/cpu_stack/utilities/06-24/linux-rhel8-sapphirerapids/gcc-12.3.0/cmake-3.29.2-6n4msmc4aewj7wyi6b5g644vjrqyqgot/bin/cmake -E cmake_depends "Unix Makefiles" /home/isatkaus/gridkit /home/isatkaus/gridkit/GridKit/Model/PhasorDynamics/Governor/HYGOV /home/isatkaus/gridkit/build /home/isatkaus/gridkit/build/GridKit/Model/PhasorDynamics/Governor/HYGOV /home/isatkaus/gridkit/build/GridKit/Model/PhasorDynamics/Governor/HYGOV/CMakeFiles/phasor_dynamics_governor_hygov.dir/DependInfo.cmake "--color="
make  -f GridKit/Model/PowerFlow/Generator/CMakeFiles/generator.dir/build.make GridKit/Model/PowerFlow/Generator/CMakeFiles/generator.dir/depend
make[2]: Entering directory '/home/isatkaus/gridkit/build'
cd /home/isatkaus/gridkit/build && /nopt/nrel/apps/cpu_stack/utilities/06-24/linux-rhel8-sapphirerapids/gcc-12.3.0/cmake-3.29.2-6n4msmc4aewj7wyi6b5g644vjrqyqgot/bin/cmake -E cmake_depends "Unix Makefiles" /home/isatkaus/gridkit /home/isatkaus/gridkit/GridKit/Model/PhasorDynamics/Load/LoadZ /home/isatkaus/gridkit/build /home/isatkaus/gridkit/build/GridKit/Model/PhasorDynamics/Load/LoadZ /home/isatkaus/gridkit/build/GridKit/Model/PhasorDynamics/Load/LoadZ/CMakeFiles/phasor_dynamics_loadz.dir/DependInfo.cmake "--color="
make  -f GridKit/Model/PowerFlow/Generator2/CMakeFiles/generator2.dir/build.make GridKit/Model/PowerFlow/Generator2/CMakeFiles/generator2.dir/depend
make  -f GridKit/Model/PowerFlow/Generator4/CMakeFiles/generator4.dir/build.make GridKit/Model/PowerFlow/Generator4/CMakeFiles/generator4.dir/depend
make[2]: Entering directory '/home/isatkaus/gridkit/build'
cd /home/isatkaus/gridkit/build && /nopt/nrel/apps/cpu_stack/utilities/06-24/linux-rhel8-sapphirerapids/gcc-12.3.0/cmake-3.29.2-6n4msmc4aewj7wyi6b5g644vjrqyqgot/bin/cmake -E cmake_depends "Unix Makefiles" /home/isatkaus/gridkit /home/isatkaus/gridkit/GridKit/Model/PhasorDynamics/Load/LoadZIP /home/isatkaus/gridkit/build /home/isatkaus/gridkit/build/GridKit/Model/PhasorDynamics/Load/LoadZIP /home/isatkaus/gridkit/build/GridKit/Model/PhasorDynamics/Load/LoadZIP/CMakeFiles/phasor_dynamics_loadzip.dir/DependInfo.cmake "--color="
make  -f GridKit/Model/PowerFlow/Generator4Governor/CMakeFiles/generator4governor.dir/build.make GridKit/Model/PowerFlow/Generator4Governor/CMakeFiles/generator4governor.dir/depend
make[2]: Entering directory '/home/isatkaus/gridkit/build'
cd /home/isatkaus/gridkit/build && /nopt/nrel/apps/cpu_stack/utilities/06-24/linux-rhel8-sapphirerapids/gcc-12.3.0/cmake-3.29.2-6n4msmc4aewj7wyi6b5g644vjrqyqgot/bin/cmake -E cmake_depends "Unix Makefiles" /home/isatkaus/gridkit /home/isatkaus/gridkit/GridKit/Model/PhasorDynamics/SignalSource /home/isatkaus/gridkit/build /home/isatkaus/gridkit/build/GridKit/Model/PhasorDynamics/SignalSource /home/isatkaus/gridkit/build/GridKit/Model/PhasorDynamics/SignalSource/CMakeFiles/phasor_dynamics_signalsource.dir/DependInfo.cmake "--color="
make  -f GridKit/Model/PowerFlow/Generator4Param/CMakeFiles/generator4param.dir/build.make GridKit/Model/PowerFlow/Generator4Param/CMakeFiles/generator4param.dir/depend
make  -f GridKit/Model/PowerFlow/Load/CMakeFiles/load.dir/build.make GridKit/Model/PowerFlow/Load/CMakeFiles/load.dir/depend
make[2]: Entering directory '/home/isatkaus/gridkit/build'
cd /home/isatkaus/gridkit/build && /nopt/nrel/apps/cpu_stack/utilities/06-24/linux-rhel8-sapphirerapids/gcc-12.3.0/cmake-3.29.2-6n4msmc4aewj7wyi6b5g644vjrqyqgot/bin/cmake -E cmake_depends "Unix Makefiles" /home/isatkaus/gridkit /home/isatkaus/gridkit/GridKit/Model/PhasorDynamics/Stabilizer/IEEEST /home/isatkaus/gridkit/build /home/isatkaus/gridkit/build/GridKit/Model/PhasorDynamics/Stabilizer/IEEEST /home/isatkaus/gridkit/build/GridKit/Model/PhasorDynamics/Stabilizer/IEEEST/CMakeFiles/phasor_dynamics_stabilizer_ieeest.dir/DependInfo.cmake "--color="
make  -f GridKit/Model/PowerFlow/MiniGrid/CMakeFiles/minigrid.dir/build.make GridKit/Model/PowerFlow/MiniGrid/CMakeFiles/minigrid.dir/depend
make[2]: Entering directory '/home/isatkaus/gridkit/build'
cd /home/isatkaus/gridkit/build && /nopt/nrel/apps/cpu_stack/utilities/06-24/linux-rhel8-sapphirerapids/gcc-12.3.0/cmake-3.29.2-6n4msmc4aewj7wyi6b5g644vjrqyqgot/bin/cmake -E cmake_depends "Unix Makefiles" /home/isatkaus/gridkit /home/isatkaus/gridkit/GridKit/Model/PhasorDynamics/SynchronousMachine/GENROU /home/isatkaus/gridkit/build /home/isatkaus/gridkit/build/GridKit/Model/PhasorDynamics/SynchronousMachine/GENROU /home/isatkaus/gridkit/build/GridKit/Model/PhasorDynamics/SynchronousMachine/GENROU/CMakeFiles/phasor_dynamics_genrou.dir/DependInfo.cmake "--color="
make  -f GridKit/Model/PowerElectronics/Capacitor/CMakeFiles/power_elec_capacitor.dir/build.make GridKit/Model/PowerElectronics/Capacitor/CMakeFiles/power_elec_capacitor.dir/depend
make[2]: Entering directory '/home/isatkaus/gridkit/build'
cd /home/isatkaus/gridkit/build && /nopt/nrel/apps/cpu_stack/utilities/06-24/linux-rhel8-sapphirerapids/gcc-12.3.0/cmake-3.29.2-6n4msmc4aewj7wyi6b5g644vjrqyqgot/bin/cmake -E cmake_depends "Unix Makefiles" /home/isatkaus/gridkit /home/isatkaus/gridkit/GridKit/Model/PhasorDynamics/SynchronousMachine/GENSAL /home/isatkaus/gridkit/build /home/isatkaus/gridkit/build/GridKit/Model/PhasorDynamics/SynchronousMachine/GENSAL /home/isatkaus/gridkit/build/GridKit/Model/PhasorDynamics/SynchronousMachine/GENSAL/CMakeFiles/phasor_dynamics_gensal.dir/DependInfo.cmake "--color="
make  -f GridKit/Model/PowerElectronics/Resistor/CMakeFiles/power_elec_resistor.dir/build.make GridKit/Model/PowerElectronics/Resistor/CMakeFiles/power_elec_resistor.dir/depend
make  -f GridKit/Model/PowerElectronics/VoltageSource/CMakeFiles/power_elec_voltagesource.dir/build.make GridKit/Model/PowerElectronics/VoltageSource/CMakeFiles/power_elec_voltagesource.dir/depend
make[2]: Entering directory '/home/isatkaus/gridkit/build'
cd /home/isatkaus/gridkit/build && /nopt/nrel/apps/cpu_stack/utilities/06-24/linux-rhel8-sapphirerapids/gcc-12.3.0/cmake-3.29.2-6n4msmc4aewj7wyi6b5g644vjrqyqgot/bin/cmake -E cmake_depends "Unix Makefiles" /home/isatkaus/gridkit /home/isatkaus/gridkit/GridKit/Model/PhasorDynamics/SynchronousMachine/GenClassical /home/isatkaus/gridkit/build /home/isatkaus/gridkit/build/GridKit/Model/PhasorDynamics/SynchronousMachine/GenClassical /home/isatkaus/gridkit/build/GridKit/Model/PhasorDynamics/SynchronousMachine/GenClassical/CMakeFiles/phasor_dynamics_gen_classical.dir/DependInfo.cmake "--color="
make  -f GridKit/Model/PowerElectronics/Inductor/CMakeFiles/power_elec_inductor.dir/build.make GridKit/Model/PowerElectronics/Inductor/CMakeFiles/power_elec_inductor.dir/depend
make[2]: Entering directory '/home/isatkaus/gridkit/build'
cd /home/isatkaus/gridkit/build && /nopt/nrel/apps/cpu_stack/utilities/06-24/linux-rhel8-sapphirerapids/gcc-12.3.0/cmake-3.29.2-6n4msmc4aewj7wyi6b5g644vjrqyqgot/bin/cmake -E cmake_depends "Unix Makefiles" /home/isatkaus/gridkit /home/isatkaus/gridkit/GridKit/Model/PhasorDynamics/Branch /home/isatkaus/gridkit/build /home/isatkaus/gridkit/build/GridKit/Model/PhasorDynamics/Branch /home/isatkaus/gridkit/build/GridKit/Model/PhasorDynamics/Branch/CMakeFiles/phasor_dynamics_branch_dependency_tracking.dir/DependInfo.cmake "--color="
make  -f GridKit/Model/PowerElectronics/LinearTransformer/CMakeFiles/power_elec_lineartrasnformer.dir/build.make GridKit/Model/PowerElectronics/LinearTransformer/CMakeFiles/power_elec_lineartrasnformer.dir/depend
make[2]: Entering directory '/home/isatkaus/gridkit/build'
cd /home/isatkaus/gridkit/build && /nopt/nrel/apps/cpu_stack/utilities/06-24/linux-rhel8-sapphirerapids/gcc-12.3.0/cmake-3.29.2-6n4msmc4aewj7wyi6b5g644vjrqyqgot/bin/cmake -E cmake_depends "Unix Makefiles" /home/isatkaus/gridkit /home/isatkaus/gridkit/GridKit/Model/PhasorDynamics/Bus /home/isatkaus/gridkit/build /home/isatkaus/gridkit/build/GridKit/Model/PhasorDynamics/Bus /home/isatkaus/gridkit/build/GridKit/Model/PhasorDynamics/Bus/CMakeFiles/phasor_dynamics_bus_dependency_tracking.dir/DependInfo.cmake "--color="
make  -f GridKit/Model/PowerElectronics/InductionMotor/CMakeFiles/power_elec_inductionmotor.dir/build.make GridKit/Model/PowerElectronics/InductionMotor/CMakeFiles/power_elec_inductionmotor.dir/depend
make  -f GridKit/Model/PowerElectronics/SynchronousMachine/CMakeFiles/power_elec_synmachine.dir/build.make GridKit/Model/PowerElectronics/SynchronousMachine/CMakeFiles/power_elec_synmachine.dir/depend
make[2]: Entering directory '/home/isatkaus/gridkit/build'
cd /home/isatkaus/gridkit/build && /nopt/nrel/apps/cpu_stack/utilities/06-24/linux-rhel8-sapphirerapids/gcc-12.3.0/cmake-3.29.2-6n4msmc4aewj7wyi6b5g644vjrqyqgot/bin/cmake -E cmake_depends "Unix Makefiles" /home/isatkaus/gridkit /home/isatkaus/gridkit/GridKit/Model/PhasorDynamics/BusFault /home/isatkaus/gridkit/build /home/isatkaus/gridkit/build/GridKit/Model/PhasorDynamics/BusFault /home/isatkaus/gridkit/build/GridKit/Model/PhasorDynamics/BusFault/CMakeFiles/phasor_dynamics_bus_fault_dependency_tracking.dir/DependInfo.cmake "--color="
make  -f GridKit/Model/PowerElectronics/DistributedGenerator/CMakeFiles/power_elec_disgen.dir/build.make GridKit/Model/PowerElectronics/DistributedGenerator/CMakeFiles/power_elec_disgen.dir/depend
make[2]: Entering directory '/home/isatkaus/gridkit/build'
cd /home/isatkaus/gridkit/build && /nopt/nrel/apps/cpu_stack/utilities/06-24/linux-rhel8-sapphirerapids/gcc-12.3.0/cmake-3.29.2-6n4msmc4aewj7wyi6b5g644vjrqyqgot/bin/cmake -E cmake_depends "Unix Makefiles" /home/isatkaus/gridkit /home/isatkaus/gridkit/GridKit/Model/PhasorDynamics/BusToSignalAdapter /home/isatkaus/gridkit/build /home/isatkaus/gridkit/build/GridKit/Model/PhasorDynamics/BusToSignalAdapter /home/isatkaus/gridkit/build/GridKit/Model/PhasorDynamics/BusToSignalAdapter/CMakeFiles/phasor_dynamics_bustosignaladapter_dependency_tracking.dir/DependInfo.cmake "--color="
make  -f GridKit/Model/PowerElectronics/TransmissionLine/CMakeFiles/power_elec_tranline.dir/build.make GridKit/Model/PowerElectronics/TransmissionLine/CMakeFiles/power_elec_tranline.dir/depend
make  -f GridKit/Model/PowerElectronics/MicrogridLoad/CMakeFiles/power_elec_microload.dir/build.make GridKit/Model/PowerElectronics/MicrogridLoad/CMakeFiles/power_elec_microload.dir/depend
make[2]: Entering directory '/home/isatkaus/gridkit/build'
cd /home/isatkaus/gridkit/build && /nopt/nrel/apps/cpu_stack/utilities/06-24/linux-rhel8-sapphirerapids/gcc-12.3.0/cmake-3.29.2-6n4msmc4aewj7wyi6b5g644vjrqyqgot/bin/cmake -E cmake_depends "Unix Makefiles" /home/isatkaus/gridkit /home/isatkaus/gridkit/GridKit/Model/PhasorDynamics/Controller/REECB /home/isatkaus/gridkit/build /home/isatkaus/gridkit/build/GridKit/Model/PhasorDynamics/Controller/REECB /home/isatkaus/gridkit/build/GridKit/Model/PhasorDynamics/Controller/REECB/CMakeFiles/phasor_dynamics_controller_reecb_dependency_tracking.dir/DependInfo.cmake "--color="
make  -f GridKit/Model/PowerElectronics/MicrogridLine/CMakeFiles/power_elec_microline.dir/build.make GridKit/Model/PowerElectronics/MicrogridLine/CMakeFiles/power_elec_microline.dir/depend
make[2]: Entering directory '/home/isatkaus/gridkit/build'
cd /home/isatkaus/gridkit/build && /nopt/nrel/apps/cpu_stack/utilities/06-24/linux-rhel8-sapphirerapids/gcc-12.3.0/cmake-3.29.2-6n4msmc4aewj7wyi6b5g644vjrqyqgot/bin/cmake -E cmake_depends "Unix Makefiles" /home/isatkaus/gridkit /home/isatkaus/gridkit/GridKit/Model/PhasorDynamics/Controller/REPCA /home/isatkaus/gridkit/build /home/isatkaus/gridkit/build/GridKit/Model/PhasorDynamics/Controller/REPCA /home/isatkaus/gridkit/build/GridKit/Model/PhasorDynamics/Controller/REPCA/CMakeFiles/phasor_dynamics_controller_repca_dependency_tracking.dir/DependInfo.cmake "--color="
make  -f GridKit/Model/PowerElectronics/MicrogridBusDQ/CMakeFiles/power_elec_microbusdq.dir/build.make GridKit/Model/PowerElectronics/MicrogridBusDQ/CMakeFiles/power_elec_microbusdq.dir/depend
make[2]: Entering directory '/home/isatkaus/gridkit/build'
cd /home/isatkaus/gridkit/build && /nopt/nrel/apps/cpu_stack/utilities/06-24/linux-rhel8-sapphirerapids/gcc-12.3.0/cmake-3.29.2-6n4msmc4aewj7wyi6b5g644vjrqyqgot/bin/cmake -E cmake_depends "Unix Makefiles" /home/isatkaus/gridkit /home/isatkaus/gridkit/GridKit/Model/PhasorDynamics/Converter/REGCA /home/isatkaus/gridkit/build /home/isatkaus/gridkit/build/GridKit/Model/PhasorDynamics/Converter/REGCA /home/isatkaus/gridkit/build/GridKit/Model/PhasorDynamics/Converter/REGCA/CMakeFiles/phasor_dynamics_converter_regca_dependency_tracking.dir/DependInfo.cmake "--color="
make  -f GridKit/Solver/SteadyState/CMakeFiles/solvers_steady.dir/build.make GridKit/Solver/SteadyState/CMakeFiles/solvers_steady.dir/depend
make[2]: Entering directory '/home/isatkaus/gridkit/build'
cd /home/isatkaus/gridkit/build && /nopt/nrel/apps/cpu_stack/utilities/06-24/linux-rhel8-sapphirerapids/gcc-12.3.0/cmake-3.29.2-6n4msmc4aewj7wyi6b5g644vjrqyqgot/bin/cmake -E cmake_depends "Unix Makefiles" /home/isatkaus/gridkit /home/isatkaus/gridkit/GridKit/Model/PhasorDynamics/Exciter/ESDC1A /home/isatkaus/gridkit/build /home/isatkaus/gridkit/build/GridKit/Model/PhasorDynamics/Exciter/ESDC1A /home/isatkaus/gridkit/build/GridKit/Model/PhasorDynamics/Exciter/ESDC1A/CMakeFiles/phasor_dynamics_exciter_esdc1a_dependency_tracking.dir/DependInfo.cmake "--color="
make  -f GridKit/Solver/Dynamic/CMakeFiles/solvers_dyn.dir/build.make GridKit/Solver/Dynamic/CMakeFiles/solvers_dyn.dir/depend
make[2]: Entering directory '/home/isatkaus/gridkit/build'
cd /home/isatkaus/gridkit/build && /nopt/nrel/apps/cpu_stack/utilities/06-24/linux-rhel8-sapphirerapids/gcc-12.3.0/cmake-3.29.2-6n4msmc4aewj7wyi6b5g644vjrqyqgot/bin/cmake -E cmake_depends "Unix Makefiles" /home/isatkaus/gridkit /home/isatkaus/gridkit/GridKit/Model/PhasorDynamics/Exciter/IEEET1 /home/isatkaus/gridkit/build /home/isatkaus/gridkit/build/GridKit/Model/PhasorDynamics/Exciter/IEEET1 /home/isatkaus/gridkit/build/GridKit/Model/PhasorDynamics/Exciter/IEEET1/CMakeFiles/phasor_dynamics_exciter_ieeet1_dependency_tracking.dir/DependInfo.cmake "--color="
make[2]: Entering directory '/home/isatkaus/gridkit/build'
cd /home/isatkaus/gridkit/build && /nopt/nrel/apps/cpu_stack/utilities/06-24/linux-rhel8-sapphirerapids/gcc-12.3.0/cmake-3.29.2-6n4msmc4aewj7wyi6b5g644vjrqyqgot/bin/cmake -E cmake_depends "Unix Makefiles" /home/isatkaus/gridkit /home/isatkaus/gridkit/GridKit/Model/PhasorDynamics/Exciter/SEXS-PTI /home/isatkaus/gridkit/build /home/isatkaus/gridkit/build/GridKit/Model/PhasorDynamics/Exciter/SEXS-PTI /home/isatkaus/gridkit/build/GridKit/Model/PhasorDynamics/Exciter/SEXS-PTI/CMakeFiles/phasor_dynamics_exciter_sexspti_dependency_tracking.dir/DependInfo.cmake "--color="
make[2]: Entering directory '/home/isatkaus/gridkit/build'
cd /home/isatkaus/gridkit/build && /nopt/nrel/apps/cpu_stack/utilities/06-24/linux-rhel8-sapphirerapids/gcc-12.3.0/cmake-3.29.2-6n4msmc4aewj7wyi6b5g644vjrqyqgot/bin/cmake -E cmake_depends "Unix Makefiles" /home/isatkaus/gridkit /home/isatkaus/gridkit/GridKit/Model/PhasorDynamics/Governor/Tgov1 /home/isatkaus/gridkit/build /home/isatkaus/gridkit/build/GridKit/Model/PhasorDynamics/Governor/Tgov1 /home/isatkaus/gridkit/build/GridKit/Model/PhasorDynamics/Governor/Tgov1/CMakeFiles/phasor_dynamics_governor_tgov1_dependency_tracking.dir/DependInfo.cmake "--color="
make[2]: Entering directory '/home/isatkaus/gridkit/build'
cd /home/isatkaus/gridkit/build && /nopt/nrel/apps/cpu_stack/utilities/06-24/linux-rhel8-sapphirerapids/gcc-12.3.0/cmake-3.29.2-6n4msmc4aewj7wyi6b5g644vjrqyqgot/bin/cmake -E cmake_depends "Unix Makefiles" /home/isatkaus/gridkit /home/isatkaus/gridkit/GridKit/Model/PhasorDynamics/Governor/GASTPTI /home/isatkaus/gridkit/build /home/isatkaus/gridkit/build/GridKit/Model/PhasorDynamics/Governor/GASTPTI /home/isatkaus/gridkit/build/GridKit/Model/PhasorDynamics/Governor/GASTPTI/CMakeFiles/phasor_dynamics_governor_gastpti_dependency_tracking.dir/DependInfo.cmake "--color="
make[2]: Entering directory '/home/isatkaus/gridkit/build'
cd /home/isatkaus/gridkit/build && /nopt/nrel/apps/cpu_stack/utilities/06-24/linux-rhel8-sapphirerapids/gcc-12.3.0/cmake-3.29.2-6n4msmc4aewj7wyi6b5g644vjrqyqgot/bin/cmake -E cmake_depends "Unix Makefiles" /home/isatkaus/gridkit /home/isatkaus/gridkit/GridKit/Model/PhasorDynamics/Governor/HYGOV /home/isatkaus/gridkit/build /home/isatkaus/gridkit/build/GridKit/Model/PhasorDynamics/Governor/HYGOV /home/isatkaus/gridkit/build/GridKit/Model/PhasorDynamics/Governor/HYGOV/CMakeFiles/phasor_dynamics_governor_hygov_dependency_tracking.dir/DependInfo.cmake "--color="
make[2]: Entering directory '/home/isatkaus/gridkit/build'
cd /home/isatkaus/gridkit/build && /nopt/nrel/apps/cpu_stack/utilities/06-24/linux-rhel8-sapphirerapids/gcc-12.3.0/cmake-3.29.2-6n4msmc4aewj7wyi6b5g644vjrqyqgot/bin/cmake -E cmake_depends "Unix Makefiles" /home/isatkaus/gridkit /home/isatkaus/gridkit/GridKit/Model/PhasorDynamics/Load/LoadZ /home/isatkaus/gridkit/build /home/isatkaus/gridkit/build/GridKit/Model/PhasorDynamics/Load/LoadZ /home/isatkaus/gridkit/build/GridKit/Model/PhasorDynamics/Load/LoadZ/CMakeFiles/phasor_dynamics_loadz_dependency_tracking.dir/DependInfo.cmake "--color="
make[2]: Entering directory '/home/isatkaus/gridkit/build'
cd /home/isatkaus/gridkit/build && /nopt/nrel/apps/cpu_stack/utilities/06-24/linux-rhel8-sapphirerapids/gcc-12.3.0/cmake-3.29.2-6n4msmc4aewj7wyi6b5g644vjrqyqgot/bin/cmake -E cmake_depends "Unix Makefiles" /home/isatkaus/gridkit /home/isatkaus/gridkit/GridKit/Model/PhasorDynamics/Load/LoadZIP /home/isatkaus/gridkit/build /home/isatkaus/gridkit/build/GridKit/Model/PhasorDynamics/Load/LoadZIP /home/isatkaus/gridkit/build/GridKit/Model/PhasorDynamics/Load/LoadZIP/CMakeFiles/phasor_dynamics_loadzip_dependency_tracking.dir/DependInfo.cmake "--color="
make[2]: Entering directory '/home/isatkaus/gridkit/build'
cd /home/isatkaus/gridkit/build && /nopt/nrel/apps/cpu_stack/utilities/06-24/linux-rhel8-sapphirerapids/gcc-12.3.0/cmake-3.29.2-6n4msmc4aewj7wyi6b5g644vjrqyqgot/bin/cmake -E cmake_depends "Unix Makefiles" /home/isatkaus/gridkit /home/isatkaus/gridkit/GridKit/Model/PhasorDynamics/SignalSource /home/isatkaus/gridkit/build /home/isatkaus/gridkit/build/GridKit/Model/PhasorDynamics/SignalSource /home/isatkaus/gridkit/build/GridKit/Model/PhasorDynamics/SignalSource/CMakeFiles/phasor_dynamics_signalsource_dependency_tracking.dir/DependInfo.cmake "--color="
make[2]: Entering directory '/home/isatkaus/gridkit/build'
cd /home/isatkaus/gridkit/build && /nopt/nrel/apps/cpu_stack/utilities/06-24/linux-rhel8-sapphirerapids/gcc-12.3.0/cmake-3.29.2-6n4msmc4aewj7wyi6b5g644vjrqyqgot/bin/cmake -E cmake_depends "Unix Makefiles" /home/isatkaus/gridkit /home/isatkaus/gridkit/GridKit/Model/PhasorDynamics/Stabilizer/IEEEST /home/isatkaus/gridkit/build /home/isatkaus/gridkit/build/GridKit/Model/PhasorDynamics/Stabilizer/IEEEST /home/isatkaus/gridkit/build/GridKit/Model/PhasorDynamics/Stabilizer/IEEEST/CMakeFiles/phasor_dynamics_stabilizer_ieeest_dependency_tracking.dir/DependInfo.cmake "--color="
make[2]: Entering directory '/home/isatkaus/gridkit/build'
cd /home/isatkaus/gridkit/build && /nopt/nrel/apps/cpu_stack/utilities/06-24/linux-rhel8-sapphirerapids/gcc-12.3.0/cmake-3.29.2-6n4msmc4aewj7wyi6b5g644vjrqyqgot/bin/cmake -E cmake_depends "Unix Makefiles" /home/isatkaus/gridkit /home/isatkaus/gridkit/GridKit/Model/PhasorDynamics/SynchronousMachine/GENROU /home/isatkaus/gridkit/build /home/isatkaus/gridkit/build/GridKit/Model/PhasorDynamics/SynchronousMachine/GENROU /home/isatkaus/gridkit/build/GridKit/Model/PhasorDynamics/SynchronousMachine/GENROU/CMakeFiles/phasor_dynamics_genrou_dependency_tracking.dir/DependInfo.cmake "--color="
make[2]: Entering directory '/home/isatkaus/gridkit/build'
cd /home/isatkaus/gridkit/build && /nopt/nrel/apps/cpu_stack/utilities/06-24/linux-rhel8-sapphirerapids/gcc-12.3.0/cmake-3.29.2-6n4msmc4aewj7wyi6b5g644vjrqyqgot/bin/cmake -E cmake_depends "Unix Makefiles" /home/isatkaus/gridkit /home/isatkaus/gridkit/GridKit/Model/PhasorDynamics/SynchronousMachine/GENSAL /home/isatkaus/gridkit/build /home/isatkaus/gridkit/build/GridKit/Model/PhasorDynamics/SynchronousMachine/GENSAL /home/isatkaus/gridkit/build/GridKit/Model/PhasorDynamics/SynchronousMachine/GENSAL/CMakeFiles/phasor_dynamics_gensal_dependency_tracking.dir/DependInfo.cmake "--color="
make[2]: Entering directory '/home/isatkaus/gridkit/build'
cd /home/isatkaus/gridkit/build && /nopt/nrel/apps/cpu_stack/utilities/06-24/linux-rhel8-sapphirerapids/gcc-12.3.0/cmake-3.29.2-6n4msmc4aewj7wyi6b5g644vjrqyqgot/bin/cmake -E cmake_depends "Unix Makefiles" /home/isatkaus/gridkit /home/isatkaus/gridkit/GridKit/Model/PhasorDynamics/SynchronousMachine/GenClassical /home/isatkaus/gridkit/build /home/isatkaus/gridkit/build/GridKit/Model/PhasorDynamics/SynchronousMachine/GenClassical /home/isatkaus/gridkit/build/GridKit/Model/PhasorDynamics/SynchronousMachine/GenClassical/CMakeFiles/phasor_dynamics_gen_classical_dependency_tracking.dir/DependInfo.cmake "--color="
make[2]: Entering directory '/home/isatkaus/gridkit/build'
cd /home/isatkaus/gridkit/build && /nopt/nrel/apps/cpu_stack/utilities/06-24/linux-rhel8-sapphirerapids/gcc-12.3.0/cmake-3.29.2-6n4msmc4aewj7wyi6b5g644vjrqyqgot/bin/cmake -E cmake_depends "Unix Makefiles" /home/isatkaus/gridkit /home/isatkaus/gridkit/GridKit/Model/PowerFlow/Branch /home/isatkaus/gridkit/build /home/isatkaus/gridkit/build/GridKit/Model/PowerFlow/Branch /home/isatkaus/gridkit/build/GridKit/Model/PowerFlow/Branch/CMakeFiles/branch.dir/DependInfo.cmake "--color="
make[2]: Entering directory '/home/isatkaus/gridkit/build'
cd /home/isatkaus/gridkit/build && /nopt/nrel/apps/cpu_stack/utilities/06-24/linux-rhel8-sapphirerapids/gcc-12.3.0/cmake-3.29.2-6n4msmc4aewj7wyi6b5g644vjrqyqgot/bin/cmake -E cmake_depends "Unix Makefiles" /home/isatkaus/gridkit /home/isatkaus/gridkit/GridKit/Model/PowerFlow/Bus /home/isatkaus/gridkit/build /home/isatkaus/gridkit/build/GridKit/Model/PowerFlow/Bus /home/isatkaus/gridkit/build/GridKit/Model/PowerFlow/Bus/CMakeFiles/bus.dir/DependInfo.cmake "--color="
make[2]: Entering directory '/home/isatkaus/gridkit/build'
cd /home/isatkaus/gridkit/build && /nopt/nrel/apps/cpu_stack/utilities/06-24/linux-rhel8-sapphirerapids/gcc-12.3.0/cmake-3.29.2-6n4msmc4aewj7wyi6b5g644vjrqyqgot/bin/cmake -E cmake_depends "Unix Makefiles" /home/isatkaus/gridkit /home/isatkaus/gridkit/GridKit/Model/PowerFlow/Generator /home/isatkaus/gridkit/build /home/isatkaus/gridkit/build/GridKit/Model/PowerFlow/Generator /home/isatkaus/gridkit/build/GridKit/Model/PowerFlow/Generator/CMakeFiles/generator.dir/DependInfo.cmake "--color="
make[2]: Entering directory '/home/isatkaus/gridkit/build'
cd /home/isatkaus/gridkit/build && /nopt/nrel/apps/cpu_stack/utilities/06-24/linux-rhel8-sapphirerapids/gcc-12.3.0/cmake-3.29.2-6n4msmc4aewj7wyi6b5g644vjrqyqgot/bin/cmake -E cmake_depends "Unix Makefiles" /home/isatkaus/gridkit /home/isatkaus/gridkit/GridKit/Model/PowerFlow/Generator2 /home/isatkaus/gridkit/build /home/isatkaus/gridkit/build/GridKit/Model/PowerFlow/Generator2 /home/isatkaus/gridkit/build/GridKit/Model/PowerFlow/Generator2/CMakeFiles/generator2.dir/DependInfo.cmake "--color="
make[2]: Entering directory '/home/isatkaus/gridkit/build'
cd /home/isatkaus/gridkit/build && /nopt/nrel/apps/cpu_stack/utilities/06-24/linux-rhel8-sapphirerapids/gcc-12.3.0/cmake-3.29.2-6n4msmc4aewj7wyi6b5g644vjrqyqgot/bin/cmake -E cmake_depends "Unix Makefiles" /home/isatkaus/gridkit /home/isatkaus/gridkit/GridKit/Model/PowerFlow/Generator4 /home/isatkaus/gridkit/build /home/isatkaus/gridkit/build/GridKit/Model/PowerFlow/Generator4 /home/isatkaus/gridkit/build/GridKit/Model/PowerFlow/Generator4/CMakeFiles/generator4.dir/DependInfo.cmake "--color="
make[2]: Entering directory '/home/isatkaus/gridkit/build'
cd /home/isatkaus/gridkit/build && /nopt/nrel/apps/cpu_stack/utilities/06-24/linux-rhel8-sapphirerapids/gcc-12.3.0/cmake-3.29.2-6n4msmc4aewj7wyi6b5g644vjrqyqgot/bin/cmake -E cmake_depends "Unix Makefiles" /home/isatkaus/gridkit /home/isatkaus/gridkit/GridKit/Model/PowerFlow/Generator4Governor /home/isatkaus/gridkit/build /home/isatkaus/gridkit/build/GridKit/Model/PowerFlow/Generator4Governor /home/isatkaus/gridkit/build/GridKit/Model/PowerFlow/Generator4Governor/CMakeFiles/generator4governor.dir/DependInfo.cmake "--color="
make[2]: Entering directory '/home/isatkaus/gridkit/build'
cd /home/isatkaus/gridkit/build && /nopt/nrel/apps/cpu_stack/utilities/06-24/linux-rhel8-sapphirerapids/gcc-12.3.0/cmake-3.29.2-6n4msmc4aewj7wyi6b5g644vjrqyqgot/bin/cmake -E cmake_depends "Unix Makefiles" /home/isatkaus/gridkit /home/isatkaus/gridkit/GridKit/Model/PowerFlow/Generator4Param /home/isatkaus/gridkit/build /home/isatkaus/gridkit/build/GridKit/Model/PowerFlow/Generator4Param /home/isatkaus/gridkit/build/GridKit/Model/PowerFlow/Generator4Param/CMakeFiles/generator4param.dir/DependInfo.cmake "--color="
make[2]: Entering directory '/home/isatkaus/gridkit/build'
cd /home/isatkaus/gridkit/build && /nopt/nrel/apps/cpu_stack/utilities/06-24/linux-rhel8-sapphirerapids/gcc-12.3.0/cmake-3.29.2-6n4msmc4aewj7wyi6b5g644vjrqyqgot/bin/cmake -E cmake_depends "Unix Makefiles" /home/isatkaus/gridkit /home/isatkaus/gridkit/GridKit/Model/PowerFlow/Load /home/isatkaus/gridkit/build /home/isatkaus/gridkit/build/GridKit/Model/PowerFlow/Load /home/isatkaus/gridkit/build/GridKit/Model/PowerFlow/Load/CMakeFiles/load.dir/DependInfo.cmake "--color="
make[2]: Entering directory '/home/isatkaus/gridkit/build'
cd /home/isatkaus/gridkit/build && /nopt/nrel/apps/cpu_stack/utilities/06-24/linux-rhel8-sapphirerapids/gcc-12.3.0/cmake-3.29.2-6n4msmc4aewj7wyi6b5g644vjrqyqgot/bin/cmake -E cmake_depends "Unix Makefiles" /home/isatkaus/gridkit /home/isatkaus/gridkit/GridKit/Model/PowerFlow/MiniGrid /home/isatkaus/gridkit/build /home/isatkaus/gridkit/build/GridKit/Model/PowerFlow/MiniGrid /home/isatkaus/gridkit/build/GridKit/Model/PowerFlow/MiniGrid/CMakeFiles/minigrid.dir/DependInfo.cmake "--color="
make[2]: Entering directory '/home/isatkaus/gridkit/build'
cd /home/isatkaus/gridkit/build && /nopt/nrel/apps/cpu_stack/utilities/06-24/linux-rhel8-sapphirerapids/gcc-12.3.0/cmake-3.29.2-6n4msmc4aewj7wyi6b5g644vjrqyqgot/bin/cmake -E cmake_depends "Unix Makefiles" /home/isatkaus/gridkit /home/isatkaus/gridkit/GridKit/Model/PowerElectronics/Capacitor /home/isatkaus/gridkit/build /home/isatkaus/gridkit/build/GridKit/Model/PowerElectronics/Capacitor /home/isatkaus/gridkit/build/GridKit/Model/PowerElectronics/Capacitor/CMakeFiles/power_elec_capacitor.dir/DependInfo.cmake "--color="
make[2]: Entering directory '/home/isatkaus/gridkit/build'
cd /home/isatkaus/gridkit/build && /nopt/nrel/apps/cpu_stack/utilities/06-24/linux-rhel8-sapphirerapids/gcc-12.3.0/cmake-3.29.2-6n4msmc4aewj7wyi6b5g644vjrqyqgot/bin/cmake -E cmake_depends "Unix Makefiles" /home/isatkaus/gridkit /home/isatkaus/gridkit/GridKit/Model/PowerElectronics/Resistor /home/isatkaus/gridkit/build /home/isatkaus/gridkit/build/GridKit/Model/PowerElectronics/Resistor /home/isatkaus/gridkit/build/GridKit/Model/PowerElectronics/Resistor/CMakeFiles/power_elec_resistor.dir/DependInfo.cmake "--color="
make[2]: Entering directory '/home/isatkaus/gridkit/build'
cd /home/isatkaus/gridkit/build && /nopt/nrel/apps/cpu_stack/utilities/06-24/linux-rhel8-sapphirerapids/gcc-12.3.0/cmake-3.29.2-6n4msmc4aewj7wyi6b5g644vjrqyqgot/bin/cmake -E cmake_depends "Unix Makefiles" /home/isatkaus/gridkit /home/isatkaus/gridkit/GridKit/Model/PowerElectronics/VoltageSource /home/isatkaus/gridkit/build /home/isatkaus/gridkit/build/GridKit/Model/PowerElectronics/VoltageSource /home/isatkaus/gridkit/build/GridKit/Model/PowerElectronics/VoltageSource/CMakeFiles/power_elec_voltagesource.dir/DependInfo.cmake "--color="
make[2]: Entering directory '/home/isatkaus/gridkit/build'
cd /home/isatkaus/gridkit/build && /nopt/nrel/apps/cpu_stack/utilities/06-24/linux-rhel8-sapphirerapids/gcc-12.3.0/cmake-3.29.2-6n4msmc4aewj7wyi6b5g644vjrqyqgot/bin/cmake -E cmake_depends "Unix Makefiles" /home/isatkaus/gridkit /home/isatkaus/gridkit/GridKit/Model/PowerElectronics/Inductor /home/isatkaus/gridkit/build /home/isatkaus/gridkit/build/GridKit/Model/PowerElectronics/Inductor /home/isatkaus/gridkit/build/GridKit/Model/PowerElectronics/Inductor/CMakeFiles/power_elec_inductor.dir/DependInfo.cmake "--color="
make[2]: Entering directory '/home/isatkaus/gridkit/build'
cd /home/isatkaus/gridkit/build && /nopt/nrel/apps/cpu_stack/utilities/06-24/linux-rhel8-sapphirerapids/gcc-12.3.0/cmake-3.29.2-6n4msmc4aewj7wyi6b5g644vjrqyqgot/bin/cmake -E cmake_depends "Unix Makefiles" /home/isatkaus/gridkit /home/isatkaus/gridkit/GridKit/Model/PowerElectronics/LinearTransformer /home/isatkaus/gridkit/build /home/isatkaus/gridkit/build/GridKit/Model/PowerElectronics/LinearTransformer /home/isatkaus/gridkit/build/GridKit/Model/PowerElectronics/LinearTransformer/CMakeFiles/power_elec_lineartrasnformer.dir/DependInfo.cmake "--color="
make[2]: Entering directory '/home/isatkaus/gridkit/build'
cd /home/isatkaus/gridkit/build && /nopt/nrel/apps/cpu_stack/utilities/06-24/linux-rhel8-sapphirerapids/gcc-12.3.0/cmake-3.29.2-6n4msmc4aewj7wyi6b5g644vjrqyqgot/bin/cmake -E cmake_depends "Unix Makefiles" /home/isatkaus/gridkit /home/isatkaus/gridkit/GridKit/Model/PowerElectronics/InductionMotor /home/isatkaus/gridkit/build /home/isatkaus/gridkit/build/GridKit/Model/PowerElectronics/InductionMotor /home/isatkaus/gridkit/build/GridKit/Model/PowerElectronics/InductionMotor/CMakeFiles/power_elec_inductionmotor.dir/DependInfo.cmake "--color="
make[2]: Entering directory '/home/isatkaus/gridkit/build'
cd /home/isatkaus/gridkit/build && /nopt/nrel/apps/cpu_stack/utilities/06-24/linux-rhel8-sapphirerapids/gcc-12.3.0/cmake-3.29.2-6n4msmc4aewj7wyi6b5g644vjrqyqgot/bin/cmake -E cmake_depends "Unix Makefiles" /home/isatkaus/gridkit /home/isatkaus/gridkit/GridKit/Model/PowerElectronics/SynchronousMachine /home/isatkaus/gridkit/build /home/isatkaus/gridkit/build/GridKit/Model/PowerElectronics/SynchronousMachine /home/isatkaus/gridkit/build/GridKit/Model/PowerElectronics/SynchronousMachine/CMakeFiles/power_elec_synmachine.dir/DependInfo.cmake "--color="
make[2]: Entering directory '/home/isatkaus/gridkit/build'
cd /home/isatkaus/gridkit/build && /nopt/nrel/apps/cpu_stack/utilities/06-24/linux-rhel8-sapphirerapids/gcc-12.3.0/cmake-3.29.2-6n4msmc4aewj7wyi6b5g644vjrqyqgot/bin/cmake -E cmake_depends "Unix Makefiles" /home/isatkaus/gridkit /home/isatkaus/gridkit/GridKit/Model/PowerElectronics/DistributedGenerator /home/isatkaus/gridkit/build /home/isatkaus/gridkit/build/GridKit/Model/PowerElectronics/DistributedGenerator /home/isatkaus/gridkit/build/GridKit/Model/PowerElectronics/DistributedGenerator/CMakeFiles/power_elec_disgen.dir/DependInfo.cmake "--color="
make[2]: Entering directory '/home/isatkaus/gridkit/build'
cd /home/isatkaus/gridkit/build && /nopt/nrel/apps/cpu_stack/utilities/06-24/linux-rhel8-sapphirerapids/gcc-12.3.0/cmake-3.29.2-6n4msmc4aewj7wyi6b5g644vjrqyqgot/bin/cmake -E cmake_depends "Unix Makefiles" /home/isatkaus/gridkit /home/isatkaus/gridkit/GridKit/Model/PowerElectronics/TransmissionLine /home/isatkaus/gridkit/build /home/isatkaus/gridkit/build/GridKit/Model/PowerElectronics/TransmissionLine /home/isatkaus/gridkit/build/GridKit/Model/PowerElectronics/TransmissionLine/CMakeFiles/power_elec_tranline.dir/DependInfo.cmake "--color="
make[2]: Entering directory '/home/isatkaus/gridkit/build'
cd /home/isatkaus/gridkit/build && /nopt/nrel/apps/cpu_stack/utilities/06-24/linux-rhel8-sapphirerapids/gcc-12.3.0/cmake-3.29.2-6n4msmc4aewj7wyi6b5g644vjrqyqgot/bin/cmake -E cmake_depends "Unix Makefiles" /home/isatkaus/gridkit /home/isatkaus/gridkit/GridKit/Model/PowerElectronics/MicrogridLoad /home/isatkaus/gridkit/build /home/isatkaus/gridkit/build/GridKit/Model/PowerElectronics/MicrogridLoad /home/isatkaus/gridkit/build/GridKit/Model/PowerElectronics/MicrogridLoad/CMakeFiles/power_elec_microload.dir/DependInfo.cmake "--color="
make[2]: Entering directory '/home/isatkaus/gridkit/build'
cd /home/isatkaus/gridkit/build && /nopt/nrel/apps/cpu_stack/utilities/06-24/linux-rhel8-sapphirerapids/gcc-12.3.0/cmake-3.29.2-6n4msmc4aewj7wyi6b5g644vjrqyqgot/bin/cmake -E cmake_depends "Unix Makefiles" /home/isatkaus/gridkit /home/isatkaus/gridkit/GridKit/Model/PowerElectronics/MicrogridBusDQ /home/isatkaus/gridkit/build /home/isatkaus/gridkit/build/GridKit/Model/PowerElectronics/MicrogridBusDQ /home/isatkaus/gridkit/build/GridKit/Model/PowerElectronics/MicrogridBusDQ/CMakeFiles/power_elec_microbusdq.dir/DependInfo.cmake "--color="
make[2]: Entering directory '/home/isatkaus/gridkit/build'
cd /home/isatkaus/gridkit/build && /nopt/nrel/apps/cpu_stack/utilities/06-24/linux-rhel8-sapphirerapids/gcc-12.3.0/cmake-3.29.2-6n4msmc4aewj7wyi6b5g644vjrqyqgot/bin/cmake -E cmake_depends "Unix Makefiles" /home/isatkaus/gridkit /home/isatkaus/gridkit/GridKit/Model/PowerElectronics/MicrogridLine /home/isatkaus/gridkit/build /home/isatkaus/gridkit/build/GridKit/Model/PowerElectronics/MicrogridLine /home/isatkaus/gridkit/build/GridKit/Model/PowerElectronics/MicrogridLine/CMakeFiles/power_elec_microline.dir/DependInfo.cmake "--color="
make[2]: Entering directory '/home/isatkaus/gridkit/build'
cd /home/isatkaus/gridkit/build && /nopt/nrel/apps/cpu_stack/utilities/06-24/linux-rhel8-sapphirerapids/gcc-12.3.0/cmake-3.29.2-6n4msmc4aewj7wyi6b5g644vjrqyqgot/bin/cmake -E cmake_depends "Unix Makefiles" /home/isatkaus/gridkit /home/isatkaus/gridkit/GridKit/Solver/SteadyState /home/isatkaus/gridkit/build /home/isatkaus/gridkit/build/GridKit/Solver/SteadyState /home/isatkaus/gridkit/build/GridKit/Solver/SteadyState/CMakeFiles/solvers_steady.dir/DependInfo.cmake "--color="
make[2]: Entering directory '/home/isatkaus/gridkit/build'
cd /home/isatkaus/gridkit/build && /nopt/nrel/apps/cpu_stack/utilities/06-24/linux-rhel8-sapphirerapids/gcc-12.3.0/cmake-3.29.2-6n4msmc4aewj7wyi6b5g644vjrqyqgot/bin/cmake -E cmake_depends "Unix Makefiles" /home/isatkaus/gridkit /home/isatkaus/gridkit/GridKit/Solver/Dynamic /home/isatkaus/gridkit/build /home/isatkaus/gridkit/build/GridKit/Solver/Dynamic /home/isatkaus/gridkit/build/GridKit/Solver/Dynamic/CMakeFiles/solvers_dyn.dir/DependInfo.cmake "--color="
make[2]: Leaving directory '/home/isatkaus/gridkit/build'
make  -f GridKit/Model/PhasorDynamics/Branch/CMakeFiles/phasor_dynamics_branch.dir/build.make GridKit/Model/PhasorDynamics/Branch/CMakeFiles/phasor_dynamics_branch.dir/build
make[2]: Leaving directory '/home/isatkaus/gridkit/build'
make  -f GridKit/Model/PhasorDynamics/Bus/CMakeFiles/phasor_dynamics_bus.dir/build.make GridKit/Model/PhasorDynamics/Bus/CMakeFiles/phasor_dynamics_bus.dir/build
make[2]: Leaving directory '/home/isatkaus/gridkit/build'
make  -f GridKit/Model/PhasorDynamics/BusFault/CMakeFiles/phasor_dynamics_bus_fault.dir/build.make GridKit/Model/PhasorDynamics/BusFault/CMakeFiles/phasor_dynamics_bus_fault.dir/build
make[2]: Leaving directory '/home/isatkaus/gridkit/build'
make  -f GridKit/Model/PhasorDynamics/BusToSignalAdapter/CMakeFiles/phasor_dynamics_bustosignaladapter.dir/build.make GridKit/Model/PhasorDynamics/BusToSignalAdapter/CMakeFiles/phasor_dynamics_bustosignaladapter.dir/build
make[2]: Leaving directory '/home/isatkaus/gridkit/build'
make  -f GridKit/Model/PhasorDynamics/Controller/REECB/CMakeFiles/phasor_dynamics_controller_reecb.dir/build.make GridKit/Model/PhasorDynamics/Controller/REECB/CMakeFiles/phasor_dynamics_controller_reecb.dir/build
cd /home/isatkaus/gridkit/build/GridKit/Utilities/CliArgs && /nopt/nrel/apps/cpu_stack/utilities/06-24/linux-rhel8-sapphirerapids/gcc-12.3.0/cmake-3.29.2-6n4msmc4aewj7wyi6b5g644vjrqyqgot/bin/cmake -E cmake_symlink_library libgridkit_utilities_cli_args.so.0.1.0 libgridkit_utilities_cli_args.so.0 libgridkit_utilities_cli_args.so
make[2]: Leaving directory '/home/isatkaus/gridkit/build'
make  -f GridKit/Model/PhasorDynamics/Controller/REPCA/CMakeFiles/phasor_dynamics_controller_repca.dir/build.make GridKit/Model/PhasorDynamics/Controller/REPCA/CMakeFiles/phasor_dynamics_controller_repca.dir/build
make[2]: Entering directory '/home/isatkaus/gridkit/build'
make[2]: Entering directory '/home/isatkaus/gridkit/build'
make[2]: Entering directory '/home/isatkaus/gridkit/build'
make[2]: Leaving directory '/home/isatkaus/gridkit/build'
make  -f GridKit/Model/PhasorDynamics/Converter/REGCA/CMakeFiles/phasor_dynamics_converter_regca.dir/build.make GridKit/Model/PhasorDynamics/Converter/REGCA/CMakeFiles/phasor_dynamics_converter_regca.dir/build
make[2]: Entering directory '/home/isatkaus/gridkit/build'
make[2]: Entering directory '/home/isatkaus/gridkit/build'
make[2]: Entering directory '/home/isatkaus/gridkit/build'
make[2]: Entering directory '/home/isatkaus/gridkit/build'
[  7%] Building CXX object GridKit/Model/PhasorDynamics/Branch/CMakeFiles/phasor_dynamics_branch.dir/BranchEnzyme.cpp.o
[  7%] Building CXX object GridKit/Model/PhasorDynamics/BusFault/CMakeFiles/phasor_dynamics_bus_fault.dir/BusFaultEnzyme.cpp.o
[  8%] Building CXX object GridKit/Model/PhasorDynamics/BusToSignalAdapter/CMakeFiles/phasor_dynamics_bustosignaladapter.dir/BusToSignalAdapter.cpp.o
[  8%] Building CXX object GridKit/Model/PhasorDynamics/Bus/CMakeFiles/phasor_dynamics_bus.dir/BusInfinite.cpp.o
[  8%] Building CXX object GridKit/Model/PhasorDynamics/Bus/CMakeFiles/phasor_dynamics_bus.dir/BusEnzyme.cpp.o
[  8%] Building CXX object GridKit/Model/PhasorDynamics/Controller/REECB/CMakeFiles/phasor_dynamics_controller_reecb.dir/ReecbEnzyme.cpp.o
[  8%] Building CXX object GridKit/Model/PhasorDynamics/Controller/REPCA/CMakeFiles/phasor_dynamics_controller_repca.dir/RepcaEnzyme.cpp.o
[  9%] Building CXX object GridKit/Model/PhasorDynamics/Converter/REGCA/CMakeFiles/phasor_dynamics_converter_regca.dir/RegcaEnzyme.cpp.o
make[2]: Leaving directory '/home/isatkaus/gridkit/build'
make  -f GridKit/Model/PhasorDynamics/Exciter/ESDC1A/CMakeFiles/phasor_dynamics_exciter_esdc1a.dir/build.make GridKit/Model/PhasorDynamics/Exciter/ESDC1A/CMakeFiles/phasor_dynamics_exciter_esdc1a.dir/build
make[2]: Entering directory '/home/isatkaus/gridkit/build'
[  9%] Building CXX object GridKit/Model/PhasorDynamics/Exciter/ESDC1A/CMakeFiles/phasor_dynamics_exciter_esdc1a.dir/Esdc1aEnzyme.cpp.o
make[2]: Leaving directory '/home/isatkaus/gridkit/build'
make  -f GridKit/Model/PhasorDynamics/Exciter/IEEET1/CMakeFiles/phasor_dynamics_exciter_ieeet1.dir/build.make GridKit/Model/PhasorDynamics/Exciter/IEEET1/CMakeFiles/phasor_dynamics_exciter_ieeet1.dir/build
make[2]: Entering directory '/home/isatkaus/gridkit/build'
make[2]: Leaving directory '/home/isatkaus/gridkit/build'
make  -f GridKit/Model/PhasorDynamics/Exciter/SEXS-PTI/CMakeFiles/phasor_dynamics_exciter_sexspti.dir/build.make GridKit/Model/PhasorDynamics/Exciter/SEXS-PTI/CMakeFiles/phasor_dynamics_exciter_sexspti.dir/build
make[2]: Entering directory '/home/isatkaus/gridkit/build'
[ 10%] Building CXX object GridKit/Model/PhasorDynamics/Exciter/IEEET1/CMakeFiles/phasor_dynamics_exciter_ieeet1.dir/Ieeet1Enzyme.cpp.o
[ 10%] Building CXX object GridKit/Model/PhasorDynamics/Exciter/SEXS-PTI/CMakeFiles/phasor_dynamics_exciter_sexspti.dir/SexsPtiEnzyme.cpp.o
make[2]: Leaving directory '/home/isatkaus/gridkit/build'
make  -f GridKit/Model/PhasorDynamics/Governor/Tgov1/CMakeFiles/phasor_dynamics_governor_tgov1.dir/build.make GridKit/Model/PhasorDynamics/Governor/Tgov1/CMakeFiles/phasor_dynamics_governor_tgov1.dir/build
make[2]: Entering directory '/home/isatkaus/gridkit/build'
[ 10%] Building CXX object GridKit/Model/PhasorDynamics/Governor/Tgov1/CMakeFiles/phasor_dynamics_governor_tgov1.dir/Tgov1Enzyme.cpp.o
make[2]: Leaving directory '/home/isatkaus/gridkit/build'
make  -f GridKit/Model/PhasorDynamics/Governor/GASTPTI/CMakeFiles/phasor_dynamics_governor_gastpti.dir/build.make GridKit/Model/PhasorDynamics/Governor/GASTPTI/CMakeFiles/phasor_dynamics_governor_gastpti.dir/build
make[2]: Leaving directory '/home/isatkaus/gridkit/build'
make  -f GridKit/Model/PhasorDynamics/Governor/HYGOV/CMakeFiles/phasor_dynamics_governor_hygov.dir/build.make GridKit/Model/PhasorDynamics/Governor/HYGOV/CMakeFiles/phasor_dynamics_governor_hygov.dir/build
make[2]: Entering directory '/home/isatkaus/gridkit/build'
make[2]: Entering directory '/home/isatkaus/gridkit/build'
make[2]: Leaving directory '/home/isatkaus/gridkit/build'
make  -f GridKit/Model/PhasorDynamics/Load/LoadZ/CMakeFiles/phasor_dynamics_loadz.dir/build.make GridKit/Model/PhasorDynamics/Load/LoadZ/CMakeFiles/phasor_dynamics_loadz.dir/build
make[2]: Entering directory '/home/isatkaus/gridkit/build'
[ 10%] Building CXX object GridKit/Model/PhasorDynamics/Governor/GASTPTI/CMakeFiles/phasor_dynamics_governor_gastpti.dir/GastPtiEnzyme.cpp.o
make[2]: Leaving directory '/home/isatkaus/gridkit/build'
make  -f GridKit/Model/PhasorDynamics/Load/LoadZIP/CMakeFiles/phasor_dynamics_loadzip.dir/build.make GridKit/Model/PhasorDynamics/Load/LoadZIP/CMakeFiles/phasor_dynamics_loadzip.dir/build
[ 10%] Building CXX object GridKit/Model/PhasorDynamics/Governor/HYGOV/CMakeFiles/phasor_dynamics_governor_hygov.dir/HygovEnzyme.cpp.o
make[2]: Entering directory '/home/isatkaus/gridkit/build'
make[2]: Leaving directory '/home/isatkaus/gridkit/build'
make  -f GridKit/Model/PhasorDynamics/SignalSource/CMakeFiles/phasor_dynamics_signalsource.dir/build.make GridKit/Model/PhasorDynamics/SignalSource/CMakeFiles/phasor_dynamics_signalsource.dir/build
make[2]: Entering directory '/home/isatkaus/gridkit/build'
[ 10%] Building CXX object GridKit/Model/PhasorDynamics/Load/LoadZ/CMakeFiles/phasor_dynamics_loadz.dir/LoadZEnzyme.cpp.o
make[2]: Leaving directory '/home/isatkaus/gridkit/build'
make  -f GridKit/Model/PhasorDynamics/SynchronousMachine/GENSAL/CMakeFiles/phasor_dynamics_gensal.dir/build.make GridKit/Model/PhasorDynamics/SynchronousMachine/GENSAL/CMakeFiles/phasor_dynamics_gensal.dir/build
[ 11%] Building CXX object GridKit/Model/PhasorDynamics/Load/LoadZIP/CMakeFiles/phasor_dynamics_loadzip.dir/LoadZIPEnzyme.cpp.o
make[2]: Leaving directory '/home/isatkaus/gridkit/build'
make  -f GridKit/Model/PhasorDynamics/Stabilizer/IEEEST/CMakeFiles/phasor_dynamics_stabilizer_ieeest.dir/build.make GridKit/Model/PhasorDynamics/Stabilizer/IEEEST/CMakeFiles/phasor_dynamics_stabilizer_ieeest.dir/build
make[2]: Entering directory '/home/isatkaus/gridkit/build'
make[2]: Entering directory '/home/isatkaus/gridkit/build'
[ 12%] Building CXX object GridKit/Model/PhasorDynamics/SignalSource/CMakeFiles/phasor_dynamics_signalsource.dir/ConstantSignalSource.cpp.o
make[2]: Leaving directory '/home/isatkaus/gridkit/build'
make  -f GridKit/Model/PhasorDynamics/SynchronousMachine/GenClassical/CMakeFiles/phasor_dynamics_gen_classical.dir/build.make GridKit/Model/PhasorDynamics/SynchronousMachine/GenClassical/CMakeFiles/phasor_dynamics_gen_classical.dir/build
make[2]: Leaving directory '/home/isatkaus/gridkit/build'
make  -f GridKit/Model/PhasorDynamics/SynchronousMachine/GENROU/CMakeFiles/phasor_dynamics_genrou.dir/build.make GridKit/Model/PhasorDynamics/SynchronousMachine/GENROU/CMakeFiles/phasor_dynamics_genrou.dir/build
make[2]: Entering directory '/home/isatkaus/gridkit/build'
make[2]: Entering directory '/home/isatkaus/gridkit/build'
make[2]: Leaving directory '/home/isatkaus/gridkit/build'
make  -f GridKit/Model/PhasorDynamics/BusFault/CMakeFiles/phasor_dynamics_bus_fault_dependency_tracking.dir/build.make GridKit/Model/PhasorDynamics/BusFault/CMakeFiles/phasor_dynamics_bus_fault_dependency_tracking.dir/build
make[2]: Leaving directory '/home/isatkaus/gridkit/build'
make[2]: Entering directory '/home/isatkaus/gridkit/build'
make  -f GridKit/Model/PhasorDynamics/Branch/CMakeFiles/phasor_dynamics_branch_dependency_tracking.dir/build.make GridKit/Model/PhasorDynamics/Branch/CMakeFiles/phasor_dynamics_branch_dependency_tracking.dir/build
make[2]: Leaving directory '/home/isatkaus/gridkit/build'
make  -f GridKit/Model/PhasorDynamics/Bus/CMakeFiles/phasor_dynamics_bus_dependency_tracking.dir/build.make GridKit/Model/PhasorDynamics/Bus/CMakeFiles/phasor_dynamics_bus_dependency_tracking.dir/build
[ 13%] Building CXX object GridKit/Model/PhasorDynamics/SynchronousMachine/GENSAL/CMakeFiles/phasor_dynamics_gensal.dir/GensalEnzyme.cpp.o
[ 13%] Building CXX object GridKit/Model/PhasorDynamics/Stabilizer/IEEEST/CMakeFiles/phasor_dynamics_stabilizer_ieeest.dir/IeeestEnzyme.cpp.o
make[2]: Entering directory '/home/isatkaus/gridkit/build'
make[2]: Entering directory '/home/isatkaus/gridkit/build'
[ 14%] Building CXX object GridKit/Model/PhasorDynamics/SynchronousMachine/GenClassical/CMakeFiles/phasor_dynamics_gen_classical.dir/GenClassicalEnzyme.cpp.o
[ 14%] Building CXX object GridKit/Model/PhasorDynamics/SynchronousMachine/GENROU/CMakeFiles/phasor_dynamics_genrou.dir/GenrouEnzyme.cpp.o
make[2]: Leaving directory '/home/isatkaus/gridkit/build'
make  -f GridKit/Model/PhasorDynamics/Controller/REPCA/CMakeFiles/phasor_dynamics_controller_repca_dependency_tracking.dir/build.make GridKit/Model/PhasorDynamics/Controller/REPCA/CMakeFiles/phasor_dynamics_controller_repca_dependency_tracking.dir/build
make[2]: Leaving directory '/home/isatkaus/gridkit/build'
make  -f GridKit/Model/PhasorDynamics/BusToSignalAdapter/CMakeFiles/phasor_dynamics_bustosignaladapter_dependency_tracking.dir/build.make GridKit/Model/PhasorDynamics/BusToSignalAdapter/CMakeFiles/phasor_dynamics_bustosignaladapter_dependency_tracking.dir/build
make[2]: Entering directory '/home/isatkaus/gridkit/build'
make[2]: Entering directory '/home/isatkaus/gridkit/build'
make[2]: Leaving directory '/home/isatkaus/gridkit/build'
make  -f GridKit/Model/PhasorDynamics/Exciter/ESDC1A/CMakeFiles/phasor_dynamics_exciter_esdc1a_dependency_tracking.dir/build.make GridKit/Model/PhasorDynamics/Exciter/ESDC1A/CMakeFiles/phasor_dynamics_exciter_esdc1a_dependency_tracking.dir/build
make[2]: Leaving directory '/home/isatkaus/gridkit/build'
make  -f GridKit/Model/PhasorDynamics/Controller/REECB/CMakeFiles/phasor_dynamics_controller_reecb_dependency_tracking.dir/build.make GridKit/Model/PhasorDynamics/Controller/REECB/CMakeFiles/phasor_dynamics_controller_reecb_dependency_tracking.dir/build
make[2]: Leaving directory '/home/isatkaus/gridkit/build'
make  -f GridKit/Model/PhasorDynamics/Converter/REGCA/CMakeFiles/phasor_dynamics_converter_regca_dependency_tracking.dir/build.make GridKit/Model/PhasorDynamics/Converter/REGCA/CMakeFiles/phasor_dynamics_converter_regca_dependency_tracking.dir/build
make[2]: Leaving directory '/home/isatkaus/gridkit/build'
make  -f GridKit/Model/PhasorDynamics/Governor/GASTPTI/CMakeFiles/phasor_dynamics_governor_gastpti_dependency_tracking.dir/build.make GridKit/Model/PhasorDynamics/Governor/GASTPTI/CMakeFiles/phasor_dynamics_governor_gastpti_dependency_tracking.dir/build
make[2]: Leaving directory '/home/isatkaus/gridkit/build'
make[2]: Entering directory '/home/isatkaus/gridkit/build'
make  -f GridKit/Model/PhasorDynamics/Exciter/SEXS-PTI/CMakeFiles/phasor_dynamics_exciter_sexspti_dependency_tracking.dir/build.make GridKit/Model/PhasorDynamics/Exciter/SEXS-PTI/CMakeFiles/phasor_dynamics_exciter_sexspti_dependency_tracking.dir/build
make[2]: Leaving directory '/home/isatkaus/gridkit/build'
make  -f GridKit/Model/PhasorDynamics/Governor/HYGOV/CMakeFiles/phasor_dynamics_governor_hygov_dependency_tracking.dir/build.make GridKit/Model/PhasorDynamics/Governor/HYGOV/CMakeFiles/phasor_dynamics_governor_hygov_dependency_tracking.dir/build
make[2]: Entering directory '/home/isatkaus/gridkit/build'
make[2]: Entering directory '/home/isatkaus/gridkit/build'
[ 15%] Building CXX object GridKit/Model/PhasorDynamics/BusFault/CMakeFiles/phasor_dynamics_bus_fault_dependency_tracking.dir/BusFaultDependencyTracking.cpp.o
[ 15%] Building CXX object GridKit/Model/PhasorDynamics/Branch/CMakeFiles/phasor_dynamics_branch_dependency_tracking.dir/BranchDependencyTracking.cpp.o
make[2]: Leaving directory '/home/isatkaus/gridkit/build'
make  -f GridKit/Model/PhasorDynamics/Exciter/IEEET1/CMakeFiles/phasor_dynamics_exciter_ieeet1_dependency_tracking.dir/build.make GridKit/Model/PhasorDynamics/Exciter/IEEET1/CMakeFiles/phasor_dynamics_exciter_ieeet1_dependency_tracking.dir/build
make[2]: Entering directory '/home/isatkaus/gridkit/build'
[ 16%] Building CXX object GridKit/Model/PhasorDynamics/Bus/CMakeFiles/phasor_dynamics_bus_dependency_tracking.dir/BusDependencyTracking.cpp.o
[ 16%] Building CXX object GridKit/Model/PhasorDynamics/Bus/CMakeFiles/phasor_dynamics_bus_dependency_tracking.dir/BusInfiniteDependencyTracking.cpp.o
make[2]: Entering directory '/home/isatkaus/gridkit/build'
make[2]: Entering directory '/home/isatkaus/gridkit/build'
make[2]: Leaving directory '/home/isatkaus/gridkit/build'
make[2]: Entering directory '/home/isatkaus/gridkit/build'
make  -f GridKit/Model/PhasorDynamics/SignalSource/CMakeFiles/phasor_dynamics_signalsource_dependency_tracking.dir/build.make GridKit/Model/PhasorDynamics/SignalSource/CMakeFiles/phasor_dynamics_signalsource_dependency_tracking.dir/build
make[2]: Leaving directory '/home/isatkaus/gridkit/build'
make  -f GridKit/Model/PhasorDynamics/SynchronousMachine/GenClassical/CMakeFiles/phasor_dynamics_gen_classical_dependency_tracking.dir/build.make GridKit/Model/PhasorDynamics/SynchronousMachine/GenClassical/CMakeFiles/phasor_dynamics_gen_classical_dependency_tracking.dir/build
make[2]: Leaving directory '/home/isatkaus/gridkit/build'
make  -f GridKit/Model/PhasorDynamics/Governor/Tgov1/CMakeFiles/phasor_dynamics_governor_tgov1_dependency_tracking.dir/build.make GridKit/Model/PhasorDynamics/Governor/Tgov1/CMakeFiles/phasor_dynamics_governor_tgov1_dependency_tracking.dir/build
make[2]: Leaving directory '/home/isatkaus/gridkit/build'
make[2]: Leaving directory '/home/isatkaus/gridkit/build'
make  -f GridKit/Model/PhasorDynamics/Load/LoadZ/CMakeFiles/phasor_dynamics_loadz_dependency_tracking.dir/build.make GridKit/Model/PhasorDynamics/Load/LoadZ/CMakeFiles/phasor_dynamics_loadz_dependency_tracking.dir/build
make  -f GridKit/Model/PhasorDynamics/Stabilizer/IEEEST/CMakeFiles/phasor_dynamics_stabilizer_ieeest_dependency_tracking.dir/build.make GridKit/Model/PhasorDynamics/Stabilizer/IEEEST/CMakeFiles/phasor_dynamics_stabilizer_ieeest_dependency_tracking.dir/build
make[2]: Leaving directory '/home/isatkaus/gridkit/build'
make  -f GridKit/Model/PowerFlow/Generator2/CMakeFiles/generator2.dir/build.make GridKit/Model/PowerFlow/Generator2/CMakeFiles/generator2.dir/build
make[2]: Leaving directory '/home/isatkaus/gridkit/build'
make  -f GridKit/Model/PhasorDynamics/SynchronousMachine/GENROU/CMakeFiles/phasor_dynamics_genrou_dependency_tracking.dir/build.make GridKit/Model/PhasorDynamics/SynchronousMachine/GENROU/CMakeFiles/phasor_dynamics_genrou_dependency_tracking.dir/build
make[2]: Leaving directory '/home/isatkaus/gridkit/build'
make[2]: Leaving directory '/home/isatkaus/gridkit/build'
make  -f GridKit/Model/PhasorDynamics/SynchronousMachine/GENSAL/CMakeFiles/phasor_dynamics_gensal_dependency_tracking.dir/build.make GridKit/Model/PhasorDynamics/SynchronousMachine/GENSAL/CMakeFiles/phasor_dynamics_gensal_dependency_tracking.dir/build
make[2]: Leaving directory '/home/isatkaus/gridkit/build'
make  -f GridKit/Model/PowerFlow/Generator/CMakeFiles/generator.dir/build.make GridKit/Model/PowerFlow/Generator/CMakeFiles/generator.dir/build
make[2]: Leaving directory '/home/isatkaus/gridkit/build'
make  -f GridKit/Model/PhasorDynamics/Load/LoadZIP/CMakeFiles/phasor_dynamics_loadzip_dependency_tracking.dir/build.make GridKit/Model/PhasorDynamics/Load/LoadZIP/CMakeFiles/phasor_dynamics_loadzip_dependency_tracking.dir/build
make[2]: Leaving directory '/home/isatkaus/gridkit/build'
make  -f GridKit/Model/PowerFlow/Branch/CMakeFiles/branch.dir/build.make GridKit/Model/PowerFlow/Branch/CMakeFiles/branch.dir/build
make  -f GridKit/Model/PowerFlow/Generator4/CMakeFiles/generator4.dir/build.make GridKit/Model/PowerFlow/Generator4/CMakeFiles/generator4.dir/build
make[2]: Entering directory '/home/isatkaus/gridkit/build'
[ 16%] Building CXX object GridKit/Model/PhasorDynamics/Controller/REPCA/CMakeFiles/phasor_dynamics_controller_repca_dependency_tracking.dir/RepcaDependencyTracking.cpp.o
[ 16%] Building CXX object GridKit/Model/PhasorDynamics/BusToSignalAdapter/CMakeFiles/phasor_dynamics_bustosignaladapter_dependency_tracking.dir/BusToSignalAdapterDependencyTracking.cpp.o
make[2]: Leaving directory '/home/isatkaus/gridkit/build'
make[2]: Entering directory '/home/isatkaus/gridkit/build'
make  -f GridKit/Model/PowerElectronics/Resistor/CMakeFiles/power_elec_resistor.dir/build.make GridKit/Model/PowerElectronics/Resistor/CMakeFiles/power_elec_resistor.dir/build
make[2]: Leaving directory '/home/isatkaus/gridkit/build'
make  -f GridKit/Model/PowerElectronics/VoltageSource/CMakeFiles/power_elec_voltagesource.dir/build.make GridKit/Model/PowerElectronics/VoltageSource/CMakeFiles/power_elec_voltagesource.dir/build
make[2]: Leaving directory '/home/isatkaus/gridkit/build'
make  -f GridKit/Model/PowerFlow/Bus/CMakeFiles/bus.dir/build.make GridKit/Model/PowerFlow/Bus/CMakeFiles/bus.dir/build
make[2]: Entering directory '/home/isatkaus/gridkit/build'
[ 16%] Building CXX object GridKit/Model/PhasorDynamics/Exciter/ESDC1A/CMakeFiles/phasor_dynamics_exciter_esdc1a_dependency_tracking.dir/Esdc1aDependencyTracking.cpp.o
make[2]: Leaving directory '/home/isatkaus/gridkit/build'
make  -f GridKit/Model/PowerFlow/MiniGrid/CMakeFiles/minigrid.dir/build.make GridKit/Model/PowerFlow/MiniGrid/CMakeFiles/minigrid.dir/build
make[2]: Leaving directory '/home/isatkaus/gridkit/build'
make[2]: Entering directory '/home/isatkaus/gridkit/build'
make[2]: Entering directory '/home/isatkaus/gridkit/build'
make[2]: Leaving directory '/home/isatkaus/gridkit/build'
make[2]: Leaving directory '/home/isatkaus/gridkit/build'
make  -f GridKit/Model/PowerFlow/Generator4Governor/CMakeFiles/generator4governor.dir/build.make GridKit/Model/PowerFlow/Generator4Governor/CMakeFiles/generator4governor.dir/build
make  -f GridKit/Model/PowerFlow/Generator4Param/CMakeFiles/generator4param.dir/build.make GridKit/Model/PowerFlow/Generator4Param/CMakeFiles/generator4param.dir/build
make  -f GridKit/Model/PowerElectronics/Inductor/CMakeFiles/power_elec_inductor.dir/build.make GridKit/Model/PowerElectronics/Inductor/CMakeFiles/power_elec_inductor.dir/build
make[2]: Entering directory '/home/isatkaus/gridkit/build'
make[2]: Leaving directory '/home/isatkaus/gridkit/build'
make  -f GridKit/Model/PowerFlow/Load/CMakeFiles/load.dir/build.make GridKit/Model/PowerFlow/Load/CMakeFiles/load.dir/build
make[2]: Leaving directory '/home/isatkaus/gridkit/build'
make[2]: Leaving directory '/home/isatkaus/gridkit/build'
cd /home/isatkaus/gridkit/build/GridKit/Model/PhasorDynamics/BusToSignalAdapter && /nopt/nrel/apps/cpu_stack/software/gridkit/llvm/16.0.6/bin/clang++ -Dphasor_dynamics_bustosignaladapter_EXPORTS -I/home/isatkaus/gridkit -I/home/isatkaus/gridkit/build --gcc-toolchain=/nopt/nrel/apps/cpu_stack/compilers/06-24/linux-rhel8-sapphirerapids/gcc-12.3.0/gcc-13.1.0-bmut2ysomhthj6y7oyc73c3cmxye57am -Wall -Wextra -Wconversion -Wpedantic -O2 -g -DNDEBUG -std=gnu++20 -fPIC -MD -MT GridKit/Model/PhasorDynamics/BusToSignalAdapter/CMakeFiles/phasor_dynamics_bustosignaladapter.dir/BusToSignalAdapter.cpp.o -MF CMakeFiles/phasor_dynamics_bustosignaladapter.dir/BusToSignalAdapter.cpp.o.d -o CMakeFiles/phasor_dynamics_bustosignaladapter.dir/BusToSignalAdapter.cpp.o -c /home/isatkaus/gridkit/GridKit/Model/PhasorDynamics/BusToSignalAdapter/BusToSignalAdapter.cpp
make  -f GridKit/Model/PowerElectronics/TransmissionLine/CMakeFiles/power_elec_tranline.dir/build.make GridKit/Model/PowerElectronics/TransmissionLine/CMakeFiles/power_elec_tranline.dir/build
make[2]: Entering directory '/home/isatkaus/gridkit/build'
make  -f GridKit/Model/PowerElectronics/MicrogridLoad/CMakeFiles/power_elec_microload.dir/build.make GridKit/Model/PowerElectronics/MicrogridLoad/CMakeFiles/power_elec_microload.dir/build
make[2]: Leaving directory '/home/isatkaus/gridkit/build'
make[2]: Entering directory '/home/isatkaus/gridkit/build'
make[2]: Leaving directory '/home/isatkaus/gridkit/build'
make[2]: Leaving directory '/home/isatkaus/gridkit/build'
make  -f GridKit/Model/PowerElectronics/LinearTransformer/CMakeFiles/power_elec_lineartrasnformer.dir/build.make GridKit/Model/PowerElectronics/LinearTransformer/CMakeFiles/power_elec_lineartrasnformer.dir/build
cd /home/isatkaus/gridkit/build/GridKit/Model/PhasorDynamics/BusFault && /nopt/nrel/apps/cpu_stack/software/gridkit/llvm/16.0.6/bin/clang++ -Dphasor_dynamics_bus_fault_EXPORTS -I/home/isatkaus/gridkit -I/home/isatkaus/gridkit/third-party/magic-enum/include -I/home/isatkaus/gridkit/build --gcc-toolchain=/nopt/nrel/apps/cpu_stack/compilers/06-24/linux-rhel8-sapphirerapids/gcc-12.3.0/gcc-13.1.0-bmut2ysomhthj6y7oyc73c3cmxye57am -Wall -Wextra -Wconversion -Wpedantic -O2 -g -DNDEBUG -std=gnu++20 -fPIC -mllvm -enzyme-auto-sparsity=1 -fno-math-errno -fplugin=/nopt/nrel/apps/cpu_stack/software/gridkit/enzyme/0.0.206/lib/ClangEnzyme-16.so -MD -MT GridKit/Model/PhasorDynamics/BusFault/CMakeFiles/phasor_dynamics_bus_fault.dir/BusFaultEnzyme.cpp.o -MF CMakeFiles/phasor_dynamics_bus_fault.dir/BusFaultEnzyme.cpp.o.d -o CMakeFiles/phasor_dynamics_bus_fault.dir/BusFaultEnzyme.cpp.o -c /home/isatkaus/gridkit/GridKit/Model/PhasorDynamics/BusFault/BusFaultEnzyme.cpp
cd /home/isatkaus/gridkit/build/GridKit/Model/PhasorDynamics/Branch && /nopt/nrel/apps/cpu_stack/software/gridkit/llvm/16.0.6/bin/clang++ -Dphasor_dynamics_branch_EXPORTS -I/home/isatkaus/gridkit -I/home/isatkaus/gridkit/third-party/magic-enum/include -I/home/isatkaus/gridkit/build --gcc-toolchain=/nopt/nrel/apps/cpu_stack/compilers/06-24/linux-rhel8-sapphirerapids/gcc-12.3.0/gcc-13.1.0-bmut2ysomhthj6y7oyc73c3cmxye57am -Wall -Wextra -Wconversion -Wpedantic -O2 -g -DNDEBUG -std=gnu++20 -fPIC -mllvm -enzyme-auto-sparsity=1 -fno-math-errno -fplugin=/nopt/nrel/apps/cpu_stack/software/gridkit/enzyme/0.0.206/lib/ClangEnzyme-16.so -MD -MT GridKit/Model/PhasorDynamics/Branch/CMakeFiles/phasor_dynamics_branch.dir/BranchEnzyme.cpp.o -MF CMakeFiles/phasor_dynamics_branch.dir/BranchEnzyme.cpp.o.d -o CMakeFiles/phasor_dynamics_branch.dir/BranchEnzyme.cpp.o -c /home/isatkaus/gridkit/GridKit/Model/PhasorDynamics/Branch/BranchEnzyme.cpp
make[2]: Leaving directory '/home/isatkaus/gridkit/build'
make[2]: Entering directory '/home/isatkaus/gridkit/build'
make  -f GridKit/Model/PowerElectronics/Capacitor/CMakeFiles/power_elec_capacitor.dir/build.make GridKit/Model/PowerElectronics/Capacitor/CMakeFiles/power_elec_capacitor.dir/build
make[2]: Entering directory '/home/isatkaus/gridkit/build'
make  -f GridKit/Model/PowerElectronics/DistributedGenerator/CMakeFiles/power_elec_disgen.dir/build.make GridKit/Model/PowerElectronics/DistributedGenerator/CMakeFiles/power_elec_disgen.dir/build
make[2]: Entering directory '/home/isatkaus/gridkit/build'
make[2]: Entering directory '/home/isatkaus/gridkit/build'
make  -f GridKit/Model/PowerElectronics/MicrogridLine/CMakeFiles/power_elec_microline.dir/build.make GridKit/Model/PowerElectronics/MicrogridLine/CMakeFiles/power_elec_microline.dir/build
make[2]: Leaving directory '/home/isatkaus/gridkit/build'
make[2]: Leaving directory '/home/isatkaus/gridkit/build'
make[2]: Leaving directory '/home/isatkaus/gridkit/build'
cd /home/isatkaus/gridkit/build/GridKit/Model/PhasorDynamics/Controller/REECB && /nopt/nrel/apps/cpu_stack/software/gridkit/llvm/16.0.6/bin/clang++ -Dphasor_dynamics_controller_reecb_EXPORTS -I/home/isatkaus/gridkit -I/home/isatkaus/gridkit/third-party/magic-enum/include -I/home/isatkaus/gridkit/build --gcc-toolchain=/nopt/nrel/apps/cpu_stack/compilers/06-24/linux-rhel8-sapphirerapids/gcc-12.3.0/gcc-13.1.0-bmut2ysomhthj6y7oyc73c3cmxye57am -Wall -Wextra -Wconversion -Wpedantic -O2 -g -DNDEBUG -std=gnu++20 -fPIC -mllvm -enzyme-auto-sparsity=1 -fno-math-errno -fno-builtin-tan -fplugin=/nopt/nrel/apps/cpu_stack/software/gridkit/enzyme/0.0.206/lib/ClangEnzyme-16.so -MD -MT GridKit/Model/PhasorDynamics/Controller/REECB/CMakeFiles/phasor_dynamics_controller_reecb.dir/ReecbEnzyme.cpp.o -MF CMakeFiles/phasor_dynamics_controller_reecb.dir/ReecbEnzyme.cpp.o.d -o CMakeFiles/phasor_dynamics_controller_reecb.dir/ReecbEnzyme.cpp.o -c /home/isatkaus/gridkit/GridKit/Model/PhasorDynamics/Controller/REECB/ReecbEnzyme.cpp
make[2]: Leaving directory '/home/isatkaus/gridkit/build'
make[2]: Leaving directory '/home/isatkaus/gridkit/build'
cd /home/isatkaus/gridkit/build/GridKit/Model/PhasorDynamics/Bus && /nopt/nrel/apps/cpu_stack/software/gridkit/llvm/16.0.6/bin/clang++ -Dphasor_dynamics_bus_EXPORTS -I/home/isatkaus/gridkit -I/home/isatkaus/gridkit/third-party/magic-enum/include -I/home/isatkaus/gridkit/build --gcc-toolchain=/nopt/nrel/apps/cpu_stack/compilers/06-24/linux-rhel8-sapphirerapids/gcc-12.3.0/gcc-13.1.0-bmut2ysomhthj6y7oyc73c3cmxye57am -Wall -Wextra -Wconversion -Wpedantic -O2 -g -DNDEBUG -std=gnu++20 -fPIC -MD -MT GridKit/Model/PhasorDynamics/Bus/CMakeFiles/phasor_dynamics_bus.dir/BusInfinite.cpp.o -MF CMakeFiles/phasor_dynamics_bus.dir/BusInfinite.cpp.o.d -o CMakeFiles/phasor_dynamics_bus.dir/BusInfinite.cpp.o -c /home/isatkaus/gridkit/GridKit/Model/PhasorDynamics/Bus/BusInfinite.cpp
make[2]: Entering directory '/home/isatkaus/gridkit/build'
[ 18%] Building CXX object GridKit/Model/PhasorDynamics/Controller/REECB/CMakeFiles/phasor_dynamics_controller_reecb_dependency_tracking.dir/ReecbDependencyTracking.cpp.o
make  -f GridKit/Model/PowerElectronics/InductionMotor/CMakeFiles/power_elec_inductionmotor.dir/build.make GridKit/Model/PowerElectronics/InductionMotor/CMakeFiles/power_elec_inductionmotor.dir/build
cd /home/isatkaus/gridkit/build/GridKit/Model/PhasorDynamics/Bus && /nopt/nrel/apps/cpu_stack/software/gridkit/llvm/16.0.6/bin/clang++ -Dphasor_dynamics_bus_EXPORTS -I/home/isatkaus/gridkit -I/home/isatkaus/gridkit/third-party/magic-enum/include -I/home/isatkaus/gridkit/build --gcc-toolchain=/nopt/nrel/apps/cpu_stack/compilers/06-24/linux-rhel8-sapphirerapids/gcc-12.3.0/gcc-13.1.0-bmut2ysomhthj6y7oyc73c3cmxye57am -Wall -Wextra -Wconversion -Wpedantic -O2 -g -DNDEBUG -std=gnu++20 -fPIC -MD -MT GridKit/Model/PhasorDynamics/Bus/CMakeFiles/phasor_dynamics_bus.dir/BusEnzyme.cpp.o -MF CMakeFiles/phasor_dynamics_bus.dir/BusEnzyme.cpp.o.d -o CMakeFiles/phasor_dynamics_bus.dir/BusEnzyme.cpp.o -c /home/isatkaus/gridkit/GridKit/Model/PhasorDynamics/Bus/BusEnzyme.cpp
[ 19%] Building CXX object GridKit/Model/PhasorDynamics/Converter/REGCA/CMakeFiles/phasor_dynamics_converter_regca_dependency_tracking.dir/RegcaDependencyTracking.cpp.o
cd /home/isatkaus/gridkit/build/GridKit/Model/PhasorDynamics/Controller/REPCA && /nopt/nrel/apps/cpu_stack/software/gridkit/llvm/16.0.6/bin/clang++ -Dphasor_dynamics_controller_repca_EXPORTS -I/home/isatkaus/gridkit -I/home/isatkaus/gridkit/third-party/magic-enum/include -I/home/isatkaus/gridkit/build --gcc-toolchain=/nopt/nrel/apps/cpu_stack/compilers/06-24/linux-rhel8-sapphirerapids/gcc-12.3.0/gcc-13.1.0-bmut2ysomhthj6y7oyc73c3cmxye57am -Wall -Wextra -Wconversion -Wpedantic -O2 -g -DNDEBUG -std=gnu++20 -fPIC -mllvm -enzyme-auto-sparsity=1 -fno-math-errno -fplugin=/nopt/nrel/apps/cpu_stack/software/gridkit/enzyme/0.0.206/lib/ClangEnzyme-16.so -MD -MT GridKit/Model/PhasorDynamics/Controller/REPCA/CMakeFiles/phasor_dynamics_controller_repca.dir/RepcaEnzyme.cpp.o -MF CMakeFiles/phasor_dynamics_controller_repca.dir/RepcaEnzyme.cpp.o.d -o CMakeFiles/phasor_dynamics_controller_repca.dir/RepcaEnzyme.cpp.o -c /home/isatkaus/gridkit/GridKit/Model/PhasorDynamics/Controller/REPCA/RepcaEnzyme.cpp
cd /home/isatkaus/gridkit/build/GridKit/Model/PhasorDynamics/Converter/REGCA && /nopt/nrel/apps/cpu_stack/software/gridkit/llvm/16.0.6/bin/clang++ -Dphasor_dynamics_converter_regca_EXPORTS -I/home/isatkaus/gridkit -I/home/isatkaus/gridkit/third-party/magic-enum/include -I/home/isatkaus/gridkit/build --gcc-toolchain=/nopt/nrel/apps/cpu_stack/compilers/06-24/linux-rhel8-sapphirerapids/gcc-12.3.0/gcc-13.1.0-bmut2ysomhthj6y7oyc73c3cmxye57am -Wall -Wextra -Wconversion -Wpedantic -O2 -g -DNDEBUG -std=gnu++20 -fPIC -mllvm -enzyme-auto-sparsity=1 -fno-math-errno -fplugin=/nopt/nrel/apps/cpu_stack/software/gridkit/enzyme/0.0.206/lib/ClangEnzyme-16.so -MD -MT GridKit/Model/PhasorDynamics/Converter/REGCA/CMakeFiles/phasor_dynamics_converter_regca.dir/RegcaEnzyme.cpp.o -MF CMakeFiles/phasor_dynamics_converter_regca.dir/RegcaEnzyme.cpp.o.d -o CMakeFiles/phasor_dynamics_converter_regca.dir/RegcaEnzyme.cpp.o -c /home/isatkaus/gridkit/GridKit/Model/PhasorDynamics/Converter/REGCA/RegcaEnzyme.cpp
[ 19%] Building CXX object GridKit/Model/PhasorDynamics/Governor/GASTPTI/CMakeFiles/phasor_dynamics_governor_gastpti_dependency_tracking.dir/GastPtiDependencyTracking.cpp.o
make  -f GridKit/Model/PowerElectronics/SynchronousMachine/CMakeFiles/power_elec_synmachine.dir/build.make GridKit/Model/PowerElectronics/SynchronousMachine/CMakeFiles/power_elec_synmachine.dir/build
make  -f GridKit/Model/PowerElectronics/MicrogridBusDQ/CMakeFiles/power_elec_microbusdq.dir/build.make GridKit/Model/PowerElectronics/MicrogridBusDQ/CMakeFiles/power_elec_microbusdq.dir/build
make  -f GridKit/Solver/SteadyState/CMakeFiles/solvers_steady.dir/build.make GridKit/Solver/SteadyState/CMakeFiles/solvers_steady.dir/build
make[2]: Entering directory '/home/isatkaus/gridkit/build'
make  -f GridKit/Solver/Dynamic/CMakeFiles/solvers_dyn.dir/build.make GridKit/Solver/Dynamic/CMakeFiles/solvers_dyn.dir/build
cd /home/isatkaus/gridkit/build/GridKit/Model/PhasorDynamics/Exciter/ESDC1A && /nopt/nrel/apps/cpu_stack/software/gridkit/llvm/16.0.6/bin/clang++ -Dphasor_dynamics_exciter_esdc1a_EXPORTS -I/home/isatkaus/gridkit -I/home/isatkaus/gridkit/third-party/magic-enum/include -I/home/isatkaus/gridkit/build --gcc-toolchain=/nopt/nrel/apps/cpu_stack/compilers/06-24/linux-rhel8-sapphirerapids/gcc-12.3.0/gcc-13.1.0-bmut2ysomhthj6y7oyc73c3cmxye57am -Wall -Wextra -Wconversion -Wpedantic -O2 -g -DNDEBUG -std=gnu++20 -fPIC -mllvm -enzyme-auto-sparsity=1 -fno-math-errno -fplugin=/nopt/nrel/apps/cpu_stack/software/gridkit/enzyme/0.0.206/lib/ClangEnzyme-16.so -MD -MT GridKit/Model/PhasorDynamics/Exciter/ESDC1A/CMakeFiles/phasor_dynamics_exciter_esdc1a.dir/Esdc1aEnzyme.cpp.o -MF CMakeFiles/phasor_dynamics_exciter_esdc1a.dir/Esdc1aEnzyme.cpp.o.d -o CMakeFiles/phasor_dynamics_exciter_esdc1a.dir/Esdc1aEnzyme.cpp.o -c /home/isatkaus/gridkit/GridKit/Model/PhasorDynamics/Exciter/ESDC1A/Esdc1aEnzyme.cpp
make[2]: Entering directory '/home/isatkaus/gridkit/build'
make[2]: Entering directory '/home/isatkaus/gridkit/build'
[ 19%] Building CXX object GridKit/Model/PhasorDynamics/Exciter/SEXS-PTI/CMakeFiles/phasor_dynamics_exciter_sexspti_dependency_tracking.dir/SexsPtiDependencyTracking.cpp.o
make[2]: Entering directory '/home/isatkaus/gridkit/build'
make[2]: Entering directory '/home/isatkaus/gridkit/build'
[ 19%] Building CXX object GridKit/Model/PhasorDynamics/Governor/HYGOV/CMakeFiles/phasor_dynamics_governor_hygov_dependency_tracking.dir/HygovDependencyTracking.cpp.o
make[2]: Entering directory '/home/isatkaus/gridkit/build'
make[2]: Entering directory '/home/isatkaus/gridkit/build'
cd /home/isatkaus/gridkit/build/GridKit/Model/PhasorDynamics/Exciter/IEEET1 && /nopt/nrel/apps/cpu_stack/software/gridkit/llvm/16.0.6/bin/clang++ -Dphasor_dynamics_exciter_ieeet1_EXPORTS -I/home/isatkaus/gridkit -I/home/isatkaus/gridkit/third-party/magic-enum/include -I/home/isatkaus/gridkit/build --gcc-toolchain=/nopt/nrel/apps/cpu_stack/compilers/06-24/linux-rhel8-sapphirerapids/gcc-12.3.0/gcc-13.1.0-bmut2ysomhthj6y7oyc73c3cmxye57am -Wall -Wextra -Wconversion -Wpedantic -O2 -g -DNDEBUG -std=gnu++20 -fPIC -mllvm -enzyme-auto-sparsity=1 -fno-math-errno -fplugin=/nopt/nrel/apps/cpu_stack/software/gridkit/enzyme/0.0.206/lib/ClangEnzyme-16.so -MD -MT GridKit/Model/PhasorDynamics/Exciter/IEEET1/CMakeFiles/phasor_dynamics_exciter_ieeet1.dir/Ieeet1Enzyme.cpp.o -MF CMakeFiles/phasor_dynamics_exciter_ieeet1.dir/Ieeet1Enzyme.cpp.o.d -o CMakeFiles/phasor_dynamics_exciter_ieeet1.dir/Ieeet1Enzyme.cpp.o -c /home/isatkaus/gridkit/GridKit/Model/PhasorDynamics/Exciter/IEEET1/Ieeet1Enzyme.cpp
make[2]: Entering directory '/home/isatkaus/gridkit/build'
make[2]: Entering directory '/home/isatkaus/gridkit/build'
make[2]: Entering directory '/home/isatkaus/gridkit/build'
cd /home/isatkaus/gridkit/build/GridKit/Model/PhasorDynamics/Exciter/SEXS-PTI && /nopt/nrel/apps/cpu_stack/software/gridkit/llvm/16.0.6/bin/clang++ -Dphasor_dynamics_exciter_sexspti_EXPORTS -I/home/isatkaus/gridkit -I/home/isatkaus/gridkit/third-party/magic-enum/include -I/home/isatkaus/gridkit/build --gcc-toolchain=/nopt/nrel/apps/cpu_stack/compilers/06-24/linux-rhel8-sapphirerapids/gcc-12.3.0/gcc-13.1.0-bmut2ysomhthj6y7oyc73c3cmxye57am -Wall -Wextra -Wconversion -Wpedantic -O2 -g -DNDEBUG -std=gnu++20 -fPIC -mllvm -enzyme-auto-sparsity=1 -fno-math-errno -fplugin=/nopt/nrel/apps/cpu_stack/software/gridkit/enzyme/0.0.206/lib/ClangEnzyme-16.so -MD -MT GridKit/Model/PhasorDynamics/Exciter/SEXS-PTI/CMakeFiles/phasor_dynamics_exciter_sexspti.dir/SexsPtiEnzyme.cpp.o -MF CMakeFiles/phasor_dynamics_exciter_sexspti.dir/SexsPtiEnzyme.cpp.o.d -o CMakeFiles/phasor_dynamics_exciter_sexspti.dir/SexsPtiEnzyme.cpp.o -c /home/isatkaus/gridkit/GridKit/Model/PhasorDynamics/Exciter/SEXS-PTI/SexsPtiEnzyme.cpp
make[2]: Entering directory '/home/isatkaus/gridkit/build'
[ 19%] Building CXX object GridKit/Model/PhasorDynamics/Exciter/IEEET1/CMakeFiles/phasor_dynamics_exciter_ieeet1_dependency_tracking.dir/Ieeet1DependencyTracking.cpp.o
make[2]: Entering directory '/home/isatkaus/gridkit/build'
make[2]: Entering directory '/home/isatkaus/gridkit/build'
make[2]: Entering directory '/home/isatkaus/gridkit/build'
make[2]: Entering directory '/home/isatkaus/gridkit/build'
make[2]: Entering directory '/home/isatkaus/gridkit/build'
make[2]: Entering directory '/home/isatkaus/gridkit/build'
make[2]: Entering directory '/home/isatkaus/gridkit/build'
cd /home/isatkaus/gridkit/build/GridKit/Model/PhasorDynamics/Governor/Tgov1 && /nopt/nrel/apps/cpu_stack/software/gridkit/llvm/16.0.6/bin/clang++ -Dphasor_dynamics_governor_tgov1_EXPORTS -I/home/isatkaus/gridkit -I/home/isatkaus/gridkit/build --gcc-toolchain=/nopt/nrel/apps/cpu_stack/compilers/06-24/linux-rhel8-sapphirerapids/gcc-12.3.0/gcc-13.1.0-bmut2ysomhthj6y7oyc73c3cmxye57am -Wall -Wextra -Wconversion -Wpedantic -O2 -g -DNDEBUG -std=gnu++20 -fPIC -mllvm -enzyme-auto-sparsity=1 -fno-math-errno -fplugin=/nopt/nrel/apps/cpu_stack/software/gridkit/enzyme/0.0.206/lib/ClangEnzyme-16.so -MD -MT GridKit/Model/PhasorDynamics/Governor/Tgov1/CMakeFiles/phasor_dynamics_governor_tgov1.dir/Tgov1Enzyme.cpp.o -MF CMakeFiles/phasor_dynamics_governor_tgov1.dir/Tgov1Enzyme.cpp.o.d -o CMakeFiles/phasor_dynamics_governor_tgov1.dir/Tgov1Enzyme.cpp.o -c /home/isatkaus/gridkit/GridKit/Model/PhasorDynamics/Governor/Tgov1/Tgov1Enzyme.cpp
cd /home/isatkaus/gridkit/build/GridKit/Model/PhasorDynamics/Governor/HYGOV && /nopt/nrel/apps/cpu_stack/software/gridkit/llvm/16.0.6/bin/clang++ -Dphasor_dynamics_governor_hygov_EXPORTS -I/home/isatkaus/gridkit -I/home/isatkaus/gridkit/third-party/magic-enum/include -I/home/isatkaus/gridkit/build --gcc-toolchain=/nopt/nrel/apps/cpu_stack/compilers/06-24/linux-rhel8-sapphirerapids/gcc-12.3.0/gcc-13.1.0-bmut2ysomhthj6y7oyc73c3cmxye57am -Wall -Wextra -Wconversion -Wpedantic -O2 -g -DNDEBUG -std=gnu++20 -fPIC -mllvm -enzyme-auto-sparsity=1 -fno-math-errno -fplugin=/nopt/nrel/apps/cpu_stack/software/gridkit/enzyme/0.0.206/lib/ClangEnzyme-16.so -MD -MT GridKit/Model/PhasorDynamics/Governor/HYGOV/CMakeFiles/phasor_dynamics_governor_hygov.dir/HygovEnzyme.cpp.o -MF CMakeFiles/phasor_dynamics_governor_hygov.dir/HygovEnzyme.cpp.o.d -o CMakeFiles/phasor_dynamics_governor_hygov.dir/HygovEnzyme.cpp.o -c /home/isatkaus/gridkit/GridKit/Model/PhasorDynamics/Governor/HYGOV/HygovEnzyme.cpp
cd /home/isatkaus/gridkit/build/GridKit/Model/PhasorDynamics/Governor/GASTPTI && /nopt/nrel/apps/cpu_stack/software/gridkit/llvm/16.0.6/bin/clang++ -Dphasor_dynamics_governor_gastpti_EXPORTS -I/home/isatkaus/gridkit -I/home/isatkaus/gridkit/third-party/magic-enum/include -I/home/isatkaus/gridkit/build --gcc-toolchain=/nopt/nrel/apps/cpu_stack/compilers/06-24/linux-rhel8-sapphirerapids/gcc-12.3.0/gcc-13.1.0-bmut2ysomhthj6y7oyc73c3cmxye57am -Wall -Wextra -Wconversion -Wpedantic -O2 -g -DNDEBUG -std=gnu++20 -fPIC -mllvm -enzyme-auto-sparsity=1 -fno-math-errno -fplugin=/nopt/nrel/apps/cpu_stack/software/gridkit/enzyme/0.0.206/lib/ClangEnzyme-16.so -MD -MT GridKit/Model/PhasorDynamics/Governor/GASTPTI/CMakeFiles/phasor_dynamics_governor_gastpti.dir/GastPtiEnzyme.cpp.o -MF CMakeFiles/phasor_dynamics_governor_gastpti.dir/GastPtiEnzyme.cpp.o.d -o CMakeFiles/phasor_dynamics_governor_gastpti.dir/GastPtiEnzyme.cpp.o -c /home/isatkaus/gridkit/GridKit/Model/PhasorDynamics/Governor/GASTPTI/GastPtiEnzyme.cpp
cd /home/isatkaus/gridkit/build/GridKit/Model/PhasorDynamics/Load/LoadZ && /nopt/nrel/apps/cpu_stack/software/gridkit/llvm/16.0.6/bin/clang++ -Dphasor_dynamics_loadz_EXPORTS -I/home/isatkaus/gridkit -I/home/isatkaus/gridkit/third-party/magic-enum/include -I/home/isatkaus/gridkit/build --gcc-toolchain=/nopt/nrel/apps/cpu_stack/compilers/06-24/linux-rhel8-sapphirerapids/gcc-12.3.0/gcc-13.1.0-bmut2ysomhthj6y7oyc73c3cmxye57am -Wall -Wextra -Wconversion -Wpedantic -O2 -g -DNDEBUG -std=gnu++20 -fPIC -mllvm -enzyme-auto-sparsity=1 -fno-math-errno -fplugin=/nopt/nrel/apps/cpu_stack/software/gridkit/enzyme/0.0.206/lib/ClangEnzyme-16.so -MD -MT GridKit/Model/PhasorDynamics/Load/LoadZ/CMakeFiles/phasor_dynamics_loadz.dir/LoadZEnzyme.cpp.o -MF CMakeFiles/phasor_dynamics_loadz.dir/LoadZEnzyme.cpp.o.d -o CMakeFiles/phasor_dynamics_loadz.dir/LoadZEnzyme.cpp.o -c /home/isatkaus/gridkit/GridKit/Model/PhasorDynamics/Load/LoadZ/LoadZEnzyme.cpp
cd /home/isatkaus/gridkit/build/GridKit/Model/PhasorDynamics/SignalSource && /nopt/nrel/apps/cpu_stack/software/gridkit/llvm/16.0.6/bin/clang++ -Dphasor_dynamics_signalsource_EXPORTS -I/home/isatkaus/gridkit -I/home/isatkaus/gridkit/build --gcc-toolchain=/nopt/nrel/apps/cpu_stack/compilers/06-24/linux-rhel8-sapphirerapids/gcc-12.3.0/gcc-13.1.0-bmut2ysomhthj6y7oyc73c3cmxye57am -Wall -Wextra -Wconversion -Wpedantic -O2 -g -DNDEBUG -std=gnu++20 -fPIC -MD -MT GridKit/Model/PhasorDynamics/SignalSource/CMakeFiles/phasor_dynamics_signalsource.dir/ConstantSignalSource.cpp.o -MF CMakeFiles/phasor_dynamics_signalsource.dir/ConstantSignalSource.cpp.o.d -o CMakeFiles/phasor_dynamics_signalsource.dir/ConstantSignalSource.cpp.o -c /home/isatkaus/gridkit/GridKit/Model/PhasorDynamics/SignalSource/ConstantSignalSource.cpp
cd /home/isatkaus/gridkit/build/GridKit/Model/PhasorDynamics/Load/LoadZIP && /nopt/nrel/apps/cpu_stack/software/gridkit/llvm/16.0.6/bin/clang++ -Dphasor_dynamics_loadzip_EXPORTS -I/home/isatkaus/gridkit -I/home/isatkaus/gridkit/third-party/magic-enum/include -I/home/isatkaus/gridkit/build --gcc-toolchain=/nopt/nrel/apps/cpu_stack/compilers/06-24/linux-rhel8-sapphirerapids/gcc-12.3.0/gcc-13.1.0-bmut2ysomhthj6y7oyc73c3cmxye57am -Wall -Wextra -Wconversion -Wpedantic -O2 -g -DNDEBUG -std=gnu++20 -fPIC -mllvm -enzyme-auto-sparsity=1 -fno-math-errno -fplugin=/nopt/nrel/apps/cpu_stack/software/gridkit/enzyme/0.0.206/lib/ClangEnzyme-16.so -MD -MT GridKit/Model/PhasorDynamics/Load/LoadZIP/CMakeFiles/phasor_dynamics_loadzip.dir/LoadZIPEnzyme.cpp.o -MF CMakeFiles/phasor_dynamics_loadzip.dir/LoadZIPEnzyme.cpp.o.d -o CMakeFiles/phasor_dynamics_loadzip.dir/LoadZIPEnzyme.cpp.o -c /home/isatkaus/gridkit/GridKit/Model/PhasorDynamics/Load/LoadZIP/LoadZIPEnzyme.cpp
[ 19%] Building CXX object GridKit/Model/PhasorDynamics/SynchronousMachine/GenClassical/CMakeFiles/phasor_dynamics_gen_classical_dependency_tracking.dir/GenClassicalDependencyTracking.cpp.o
[ 20%] Building CXX object GridKit/Model/PhasorDynamics/SignalSource/CMakeFiles/phasor_dynamics_signalsource_dependency_tracking.dir/ConstantSignalSourceDependencyTracking.cpp.o
cd /home/isatkaus/gridkit/build/GridKit/Model/PhasorDynamics/Stabilizer/IEEEST && /nopt/nrel/apps/cpu_stack/software/gridkit/llvm/16.0.6/bin/clang++ -Dphasor_dynamics_stabilizer_ieeest_EXPORTS -I/home/isatkaus/gridkit -I/home/isatkaus/gridkit/third-party/magic-enum/include -I/home/isatkaus/gridkit/build --gcc-toolchain=/nopt/nrel/apps/cpu_stack/compilers/06-24/linux-rhel8-sapphirerapids/gcc-12.3.0/gcc-13.1.0-bmut2ysomhthj6y7oyc73c3cmxye57am -Wall -Wextra -Wconversion -Wpedantic -O2 -g -DNDEBUG -std=gnu++20 -fPIC -mllvm -enzyme-auto-sparsity=1 -fno-math-errno -fplugin=/nopt/nrel/apps/cpu_stack/software/gridkit/enzyme/0.0.206/lib/ClangEnzyme-16.so -MD -MT GridKit/Model/PhasorDynamics/Stabilizer/IEEEST/CMakeFiles/phasor_dynamics_stabilizer_ieeest.dir/IeeestEnzyme.cpp.o -MF CMakeFiles/phasor_dynamics_stabilizer_ieeest.dir/IeeestEnzyme.cpp.o.d -o CMakeFiles/phasor_dynamics_stabilizer_ieeest.dir/IeeestEnzyme.cpp.o -c /home/isatkaus/gridkit/GridKit/Model/PhasorDynamics/Stabilizer/IEEEST/IeeestEnzyme.cpp
cd /home/isatkaus/gridkit/build/GridKit/Model/PhasorDynamics/SynchronousMachine/GENSAL && /nopt/nrel/apps/cpu_stack/software/gridkit/llvm/16.0.6/bin/clang++ -Dphasor_dynamics_gensal_EXPORTS -I/home/isatkaus/gridkit -I/home/isatkaus/gridkit/third-party/magic-enum/include -I/home/isatkaus/gridkit/build --gcc-toolchain=/nopt/nrel/apps/cpu_stack/compilers/06-24/linux-rhel8-sapphirerapids/gcc-12.3.0/gcc-13.1.0-bmut2ysomhthj6y7oyc73c3cmxye57am -Wall -Wextra -Wconversion -Wpedantic -O2 -g -DNDEBUG -std=gnu++20 -fPIC -mllvm -enzyme-auto-sparsity=1 -fno-math-errno -fno-vectorize -fplugin=/nopt/nrel/apps/cpu_stack/software/gridkit/enzyme/0.0.206/lib/ClangEnzyme-16.so -MD -MT GridKit/Model/PhasorDynamics/SynchronousMachine/GENSAL/CMakeFiles/phasor_dynamics_gensal.dir/GensalEnzyme.cpp.o -MF CMakeFiles/phasor_dynamics_gensal.dir/GensalEnzyme.cpp.o.d -o CMakeFiles/phasor_dynamics_gensal.dir/GensalEnzyme.cpp.o -c /home/isatkaus/gridkit/GridKit/Model/PhasorDynamics/SynchronousMachine/GENSAL/GensalEnzyme.cpp
cd /home/isatkaus/gridkit/build/GridKit/Model/PhasorDynamics/SynchronousMachine/GenClassical && /nopt/nrel/apps/cpu_stack/software/gridkit/llvm/16.0.6/bin/clang++ -Dphasor_dynamics_gen_classical_EXPORTS -I/home/isatkaus/gridkit -I/home/isatkaus/gridkit/third-party/magic-enum/include -I/home/isatkaus/gridkit/build --gcc-toolchain=/nopt/nrel/apps/cpu_stack/compilers/06-24/linux-rhel8-sapphirerapids/gcc-12.3.0/gcc-13.1.0-bmut2ysomhthj6y7oyc73c3cmxye57am -Wall -Wextra -Wconversion -Wpedantic -O2 -g -DNDEBUG -std=gnu++20 -fPIC -mllvm -enzyme-auto-sparsity=1 -fno-math-errno -fplugin=/nopt/nrel/apps/cpu_stack/software/gridkit/enzyme/0.0.206/lib/ClangEnzyme-16.so -MD -MT GridKit/Model/PhasorDynamics/SynchronousMachine/GenClassical/CMakeFiles/phasor_dynamics_gen_classical.dir/GenClassicalEnzyme.cpp.o -MF CMakeFiles/phasor_dynamics_gen_classical.dir/GenClassicalEnzyme.cpp.o.d -o CMakeFiles/phasor_dynamics_gen_classical.dir/GenClassicalEnzyme.cpp.o -c /home/isatkaus/gridkit/GridKit/Model/PhasorDynamics/SynchronousMachine/GenClassical/GenClassicalEnzyme.cpp
cd /home/isatkaus/gridkit/build/GridKit/Model/PhasorDynamics/SynchronousMachine/GENROU && /nopt/nrel/apps/cpu_stack/software/gridkit/llvm/16.0.6/bin/clang++ -Dphasor_dynamics_genrou_EXPORTS -I/home/isatkaus/gridkit -I/home/isatkaus/gridkit/third-party/magic-enum/include -I/home/isatkaus/gridkit/build --gcc-toolchain=/nopt/nrel/apps/cpu_stack/compilers/06-24/linux-rhel8-sapphirerapids/gcc-12.3.0/gcc-13.1.0-bmut2ysomhthj6y7oyc73c3cmxye57am -Wall -Wextra -Wconversion -Wpedantic -O2 -g -DNDEBUG -std=gnu++20 -fPIC -mllvm -enzyme-auto-sparsity=1 -fno-math-errno -fno-vectorize -fplugin=/nopt/nrel/apps/cpu_stack/software/gridkit/enzyme/0.0.206/lib/ClangEnzyme-16.so -MD -MT GridKit/Model/PhasorDynamics/SynchronousMachine/GENROU/CMakeFiles/phasor_dynamics_genrou.dir/GenrouEnzyme.cpp.o -MF CMakeFiles/phasor_dynamics_genrou.dir/GenrouEnzyme.cpp.o.d -o CMakeFiles/phasor_dynamics_genrou.dir/GenrouEnzyme.cpp.o -c /home/isatkaus/gridkit/GridKit/Model/PhasorDynamics/SynchronousMachine/GENROU/GenrouEnzyme.cpp
cd /home/isatkaus/gridkit/build/GridKit/Model/PhasorDynamics/Branch && /nopt/nrel/apps/cpu_stack/software/gridkit/llvm/16.0.6/bin/clang++ -Dphasor_dynamics_branch_dependency_tracking_EXPORTS -I/home/isatkaus/gridkit -I/home/isatkaus/gridkit/third-party/magic-enum/include -I/home/isatkaus/gridkit/build --gcc-toolchain=/nopt/nrel/apps/cpu_stack/compilers/06-24/linux-rhel8-sapphirerapids/gcc-12.3.0/gcc-13.1.0-bmut2ysomhthj6y7oyc73c3cmxye57am -Wall -Wextra -Wconversion -Wpedantic -O2 -g -DNDEBUG -std=gnu++20 -fPIC -MD -MT GridKit/Model/PhasorDynamics/Branch/CMakeFiles/phasor_dynamics_branch_dependency_tracking.dir/BranchDependencyTracking.cpp.o -MF CMakeFiles/phasor_dynamics_branch_dependency_tracking.dir/BranchDependencyTracking.cpp.o.d -o CMakeFiles/phasor_dynamics_branch_dependency_tracking.dir/BranchDependencyTracking.cpp.o -c /home/isatkaus/gridkit/GridKit/Model/PhasorDynamics/Branch/BranchDependencyTracking.cpp
cd /home/isatkaus/gridkit/build/GridKit/Model/PhasorDynamics/BusFault && /nopt/nrel/apps/cpu_stack/software/gridkit/llvm/16.0.6/bin/clang++ -Dphasor_dynamics_bus_fault_dependency_tracking_EXPORTS -I/home/isatkaus/gridkit -I/home/isatkaus/gridkit/third-party/magic-enum/include -I/home/isatkaus/gridkit/build --gcc-toolchain=/nopt/nrel/apps/cpu_stack/compilers/06-24/linux-rhel8-sapphirerapids/gcc-12.3.0/gcc-13.1.0-bmut2ysomhthj6y7oyc73c3cmxye57am -Wall -Wextra -Wconversion -Wpedantic -O2 -g -DNDEBUG -std=gnu++20 -fPIC -MD -MT GridKit/Model/PhasorDynamics/BusFault/CMakeFiles/phasor_dynamics_bus_fault_dependency_tracking.dir/BusFaultDependencyTracking.cpp.o -MF CMakeFiles/phasor_dynamics_bus_fault_dependency_tracking.dir/BusFaultDependencyTracking.cpp.o.d -o CMakeFiles/phasor_dynamics_bus_fault_dependency_tracking.dir/BusFaultDependencyTracking.cpp.o -c /home/isatkaus/gridkit/GridKit/Model/PhasorDynamics/BusFault/BusFaultDependencyTracking.cpp
cd /home/isatkaus/gridkit/build/GridKit/Model/PhasorDynamics/Bus && /nopt/nrel/apps/cpu_stack/software/gridkit/llvm/16.0.6/bin/clang++ -Dphasor_dynamics_bus_dependency_tracking_EXPORTS -I/home/isatkaus/gridkit -I/home/isatkaus/gridkit/third-party/magic-enum/include -I/home/isatkaus/gridkit/build --gcc-toolchain=/nopt/nrel/apps/cpu_stack/compilers/06-24/linux-rhel8-sapphirerapids/gcc-12.3.0/gcc-13.1.0-bmut2ysomhthj6y7oyc73c3cmxye57am -Wall -Wextra -Wconversion -Wpedantic -O2 -g -DNDEBUG -std=gnu++20 -fPIC -MD -MT GridKit/Model/PhasorDynamics/Bus/CMakeFiles/phasor_dynamics_bus_dependency_tracking.dir/BusDependencyTracking.cpp.o -MF CMakeFiles/phasor_dynamics_bus_dependency_tracking.dir/BusDependencyTracking.cpp.o.d -o CMakeFiles/phasor_dynamics_bus_dependency_tracking.dir/BusDependencyTracking.cpp.o -c /home/isatkaus/gridkit/GridKit/Model/PhasorDynamics/Bus/BusDependencyTracking.cpp
cd /home/isatkaus/gridkit/build/GridKit/Model/PhasorDynamics/Bus && /nopt/nrel/apps/cpu_stack/software/gridkit/llvm/16.0.6/bin/clang++ -Dphasor_dynamics_bus_dependency_tracking_EXPORTS -I/home/isatkaus/gridkit -I/home/isatkaus/gridkit/third-party/magic-enum/include -I/home/isatkaus/gridkit/build --gcc-toolchain=/nopt/nrel/apps/cpu_stack/compilers/06-24/linux-rhel8-sapphirerapids/gcc-12.3.0/gcc-13.1.0-bmut2ysomhthj6y7oyc73c3cmxye57am -Wall -Wextra -Wconversion -Wpedantic -O2 -g -DNDEBUG -std=gnu++20 -fPIC -MD -MT GridKit/Model/PhasorDynamics/Bus/CMakeFiles/phasor_dynamics_bus_dependency_tracking.dir/BusInfiniteDependencyTracking.cpp.o -MF CMakeFiles/phasor_dynamics_bus_dependency_tracking.dir/BusInfiniteDependencyTracking.cpp.o.d -o CMakeFiles/phasor_dynamics_bus_dependency_tracking.dir/BusInfiniteDependencyTracking.cpp.o -c /home/isatkaus/gridkit/GridKit/Model/PhasorDynamics/Bus/BusInfiniteDependencyTracking.cpp
cd /home/isatkaus/gridkit/build/GridKit/Model/PhasorDynamics/Controller/REPCA && /nopt/nrel/apps/cpu_stack/software/gridkit/llvm/16.0.6/bin/clang++ -Dphasor_dynamics_controller_repca_dependency_tracking_EXPORTS -I/home/isatkaus/gridkit -I/home/isatkaus/gridkit/third-party/magic-enum/include -I/home/isatkaus/gridkit/build --gcc-toolchain=/nopt/nrel/apps/cpu_stack/compilers/06-24/linux-rhel8-sapphirerapids/gcc-12.3.0/gcc-13.1.0-bmut2ysomhthj6y7oyc73c3cmxye57am -Wall -Wextra -Wconversion -Wpedantic -O2 -g -DNDEBUG -std=gnu++20 -fPIC -MD -MT GridKit/Model/PhasorDynamics/Controller/REPCA/CMakeFiles/phasor_dynamics_controller_repca_dependency_tracking.dir/RepcaDependencyTracking.cpp.o -MF CMakeFiles/phasor_dynamics_controller_repca_dependency_tracking.dir/RepcaDependencyTracking.cpp.o.d -o CMakeFiles/phasor_dynamics_controller_repca_dependency_tracking.dir/RepcaDependencyTracking.cpp.o -c /home/isatkaus/gridkit/GridKit/Model/PhasorDynamics/Controller/REPCA/RepcaDependencyTracking.cpp
cd /home/isatkaus/gridkit/build/GridKit/Model/PhasorDynamics/BusToSignalAdapter && /nopt/nrel/apps/cpu_stack/software/gridkit/llvm/16.0.6/bin/clang++ -Dphasor_dynamics_bustosignaladapter_dependency_tracking_EXPORTS -I/home/isatkaus/gridkit -I/home/isatkaus/gridkit/build --gcc-toolchain=/nopt/nrel/apps/cpu_stack/compilers/06-24/linux-rhel8-sapphirerapids/gcc-12.3.0/gcc-13.1.0-bmut2ysomhthj6y7oyc73c3cmxye57am -Wall -Wextra -Wconversion -Wpedantic -O2 -g -DNDEBUG -std=gnu++20 -fPIC -MD -MT GridKit/Model/PhasorDynamics/BusToSignalAdapter/CMakeFiles/phasor_dynamics_bustosignaladapter_dependency_tracking.dir/BusToSignalAdapterDependencyTracking.cpp.o -MF CMakeFiles/phasor_dynamics_bustosignaladapter_dependency_tracking.dir/BusToSignalAdapterDependencyTracking.cpp.o.d -o CMakeFiles/phasor_dynamics_bustosignaladapter_dependency_tracking.dir/BusToSignalAdapterDependencyTracking.cpp.o -c /home/isatkaus/gridkit/GridKit/Model/PhasorDynamics/BusToSignalAdapter/BusToSignalAdapterDependencyTracking.cpp
cd /home/isatkaus/gridkit/build/GridKit/Model/PhasorDynamics/Exciter/ESDC1A && /nopt/nrel/apps/cpu_stack/software/gridkit/llvm/16.0.6/bin/clang++ -Dphasor_dynamics_exciter_esdc1a_dependency_tracking_EXPORTS -I/home/isatkaus/gridkit -I/home/isatkaus/gridkit/third-party/magic-enum/include -I/home/isatkaus/gridkit/build --gcc-toolchain=/nopt/nrel/apps/cpu_stack/compilers/06-24/linux-rhel8-sapphirerapids/gcc-12.3.0/gcc-13.1.0-bmut2ysomhthj6y7oyc73c3cmxye57am -Wall -Wextra -Wconversion -Wpedantic -O2 -g -DNDEBUG -std=gnu++20 -fPIC -MD -MT GridKit/Model/PhasorDynamics/Exciter/ESDC1A/CMakeFiles/phasor_dynamics_exciter_esdc1a_dependency_tracking.dir/Esdc1aDependencyTracking.cpp.o -MF CMakeFiles/phasor_dynamics_exciter_esdc1a_dependency_tracking.dir/Esdc1aDependencyTracking.cpp.o.d -o CMakeFiles/phasor_dynamics_exciter_esdc1a_dependency_tracking.dir/Esdc1aDependencyTracking.cpp.o -c /home/isatkaus/gridkit/GridKit/Model/PhasorDynamics/Exciter/ESDC1A/Esdc1aDependencyTracking.cpp
[ 21%] Building CXX object GridKit/Model/PhasorDynamics/Governor/Tgov1/CMakeFiles/phasor_dynamics_governor_tgov1_dependency_tracking.dir/Tgov1DependencyTracking.cpp.o
[ 21%] Building CXX object GridKit/Model/PhasorDynamics/Load/LoadZ/CMakeFiles/phasor_dynamics_loadz_dependency_tracking.dir/LoadZDependencyTracking.cpp.o
[ 21%] Building CXX object GridKit/Model/PhasorDynamics/Stabilizer/IEEEST/CMakeFiles/phasor_dynamics_stabilizer_ieeest_dependency_tracking.dir/IeeestDependencyTracking.cpp.o
cd /home/isatkaus/gridkit/build/GridKit/Model/PhasorDynamics/Governor/GASTPTI && /nopt/nrel/apps/cpu_stack/software/gridkit/llvm/16.0.6/bin/clang++ -Dphasor_dynamics_governor_gastpti_dependency_tracking_EXPORTS -I/home/isatkaus/gridkit -I/home/isatkaus/gridkit/third-party/magic-enum/include -I/home/isatkaus/gridkit/build --gcc-toolchain=/nopt/nrel/apps/cpu_stack/compilers/06-24/linux-rhel8-sapphirerapids/gcc-12.3.0/gcc-13.1.0-bmut2ysomhthj6y7oyc73c3cmxye57am -Wall -Wextra -Wconversion -Wpedantic -O2 -g -DNDEBUG -std=gnu++20 -fPIC -MD -MT GridKit/Model/PhasorDynamics/Governor/GASTPTI/CMakeFiles/phasor_dynamics_governor_gastpti_dependency_tracking.dir/GastPtiDependencyTracking.cpp.o -MF CMakeFiles/phasor_dynamics_governor_gastpti_dependency_tracking.dir/GastPtiDependencyTracking.cpp.o.d -o CMakeFiles/phasor_dynamics_governor_gastpti_dependency_tracking.dir/GastPtiDependencyTracking.cpp.o -c /home/isatkaus/gridkit/GridKit/Model/PhasorDynamics/Governor/GASTPTI/GastPtiDependencyTracking.cpp
cd /home/isatkaus/gridkit/build/GridKit/Model/PhasorDynamics/Converter/REGCA && /nopt/nrel/apps/cpu_stack/software/gridkit/llvm/16.0.6/bin/clang++ -Dphasor_dynamics_converter_regca_dependency_tracking_EXPORTS -I/home/isatkaus/gridkit -I/home/isatkaus/gridkit/third-party/magic-enum/include -I/home/isatkaus/gridkit/build --gcc-toolchain=/nopt/nrel/apps/cpu_stack/compilers/06-24/linux-rhel8-sapphirerapids/gcc-12.3.0/gcc-13.1.0-bmut2ysomhthj6y7oyc73c3cmxye57am -Wall -Wextra -Wconversion -Wpedantic -O2 -g -DNDEBUG -std=gnu++20 -fPIC -MD -MT GridKit/Model/PhasorDynamics/Converter/REGCA/CMakeFiles/phasor_dynamics_converter_regca_dependency_tracking.dir/RegcaDependencyTracking.cpp.o -MF CMakeFiles/phasor_dynamics_converter_regca_dependency_tracking.dir/RegcaDependencyTracking.cpp.o.d -o CMakeFiles/phasor_dynamics_converter_regca_dependency_tracking.dir/RegcaDependencyTracking.cpp.o -c /home/isatkaus/gridkit/GridKit/Model/PhasorDynamics/Converter/REGCA/RegcaDependencyTracking.cpp
cd /home/isatkaus/gridkit/build/GridKit/Model/PhasorDynamics/Controller/REECB && /nopt/nrel/apps/cpu_stack/software/gridkit/llvm/16.0.6/bin/clang++ -Dphasor_dynamics_controller_reecb_dependency_tracking_EXPORTS -I/home/isatkaus/gridkit -I/home/isatkaus/gridkit/third-party/magic-enum/include -I/home/isatkaus/gridkit/build --gcc-toolchain=/nopt/nrel/apps/cpu_stack/compilers/06-24/linux-rhel8-sapphirerapids/gcc-12.3.0/gcc-13.1.0-bmut2ysomhthj6y7oyc73c3cmxye57am -Wall -Wextra -Wconversion -Wpedantic -O2 -g -DNDEBUG -std=gnu++20 -fPIC -MD -MT GridKit/Model/PhasorDynamics/Controller/REECB/CMakeFiles/phasor_dynamics_controller_reecb_dependency_tracking.dir/ReecbDependencyTracking.cpp.o -MF CMakeFiles/phasor_dynamics_controller_reecb_dependency_tracking.dir/ReecbDependencyTracking.cpp.o.d -o CMakeFiles/phasor_dynamics_controller_reecb_dependency_tracking.dir/ReecbDependencyTracking.cpp.o -c /home/isatkaus/gridkit/GridKit/Model/PhasorDynamics/Controller/REECB/ReecbDependencyTracking.cpp
[ 21%] Building CXX object GridKit/Model/PowerFlow/Generator2/CMakeFiles/generator2.dir/Generator2.cpp.o
cd /home/isatkaus/gridkit/build/GridKit/Model/PhasorDynamics/Exciter/SEXS-PTI && /nopt/nrel/apps/cpu_stack/software/gridkit/llvm/16.0.6/bin/clang++ -Dphasor_dynamics_exciter_sexspti_dependency_tracking_EXPORTS -I/home/isatkaus/gridkit -I/home/isatkaus/gridkit/third-party/magic-enum/include -I/home/isatkaus/gridkit/build --gcc-toolchain=/nopt/nrel/apps/cpu_stack/compilers/06-24/linux-rhel8-sapphirerapids/gcc-12.3.0/gcc-13.1.0-bmut2ysomhthj6y7oyc73c3cmxye57am -Wall -Wextra -Wconversion -Wpedantic -O2 -g -DNDEBUG -std=gnu++20 -fPIC -MD -MT GridKit/Model/PhasorDynamics/Exciter/SEXS-PTI/CMakeFiles/phasor_dynamics_exciter_sexspti_dependency_tracking.dir/SexsPtiDependencyTracking.cpp.o -MF CMakeFiles/phasor_dynamics_exciter_sexspti_dependency_tracking.dir/SexsPtiDependencyTracking.cpp.o.d -o CMakeFiles/phasor_dynamics_exciter_sexspti_dependency_tracking.dir/SexsPtiDependencyTracking.cpp.o -c /home/isatkaus/gridkit/GridKit/Model/PhasorDynamics/Exciter/SEXS-PTI/SexsPtiDependencyTracking.cpp
cd /home/isatkaus/gridkit/build/GridKit/Model/PhasorDynamics/Governor/HYGOV && /nopt/nrel/apps/cpu_stack/software/gridkit/llvm/16.0.6/bin/clang++ -Dphasor_dynamics_governor_hygov_dependency_tracking_EXPORTS -I/home/isatkaus/gridkit -I/home/isatkaus/gridkit/third-party/magic-enum/include -I/home/isatkaus/gridkit/build --gcc-toolchain=/nopt/nrel/apps/cpu_stack/compilers/06-24/linux-rhel8-sapphirerapids/gcc-12.3.0/gcc-13.1.0-bmut2ysomhthj6y7oyc73c3cmxye57am -Wall -Wextra -Wconversion -Wpedantic -O2 -g -DNDEBUG -std=gnu++20 -fPIC -MD -MT GridKit/Model/PhasorDynamics/Governor/HYGOV/CMakeFiles/phasor_dynamics_governor_hygov_dependency_tracking.dir/HygovDependencyTracking.cpp.o -MF CMakeFiles/phasor_dynamics_governor_hygov_dependency_tracking.dir/HygovDependencyTracking.cpp.o.d -o CMakeFiles/phasor_dynamics_governor_hygov_dependency_tracking.dir/HygovDependencyTracking.cpp.o -c /home/isatkaus/gridkit/GridKit/Model/PhasorDynamics/Governor/HYGOV/HygovDependencyTracking.cpp
[ 22%] Building CXX object GridKit/Model/PhasorDynamics/SynchronousMachine/GENROU/CMakeFiles/phasor_dynamics_genrou_dependency_tracking.dir/GenrouDependencyTracking.cpp.o
[ 22%] Building CXX object GridKit/Model/PhasorDynamics/SynchronousMachine/GENSAL/CMakeFiles/phasor_dynamics_gensal_dependency_tracking.dir/GensalDependencyTracking.cpp.o
cd /home/isatkaus/gridkit/build/GridKit/Model/PhasorDynamics/Exciter/IEEET1 && /nopt/nrel/apps/cpu_stack/software/gridkit/llvm/16.0.6/bin/clang++ -Dphasor_dynamics_exciter_ieeet1_dependency_tracking_EXPORTS -I/home/isatkaus/gridkit -I/home/isatkaus/gridkit/third-party/magic-enum/include -I/home/isatkaus/gridkit/build --gcc-toolchain=/nopt/nrel/apps/cpu_stack/compilers/06-24/linux-rhel8-sapphirerapids/gcc-12.3.0/gcc-13.1.0-bmut2ysomhthj6y7oyc73c3cmxye57am -Wall -Wextra -Wconversion -Wpedantic -O2 -g -DNDEBUG -std=gnu++20 -fPIC -MD -MT GridKit/Model/PhasorDynamics/Exciter/IEEET1/CMakeFiles/phasor_dynamics_exciter_ieeet1_dependency_tracking.dir/Ieeet1DependencyTracking.cpp.o -MF CMakeFiles/phasor_dynamics_exciter_ieeet1_dependency_tracking.dir/Ieeet1DependencyTracking.cpp.o.d -o CMakeFiles/phasor_dynamics_exciter_ieeet1_dependency_tracking.dir/Ieeet1DependencyTracking.cpp.o -c /home/isatkaus/gridkit/GridKit/Model/PhasorDynamics/Exciter/IEEET1/Ieeet1DependencyTracking.cpp
[ 23%] Building CXX object GridKit/Model/PowerFlow/Generator/CMakeFiles/generator.dir/GeneratorPQ.cpp.o
[ 23%] Building CXX object GridKit/Model/PowerFlow/Generator/CMakeFiles/generator.dir/GeneratorPV.cpp.o
[ 24%] Building CXX object GridKit/Model/PowerFlow/Branch/CMakeFiles/branch.dir/Branch.cpp.o
[ 24%] Building CXX object GridKit/Model/PowerFlow/Generator/CMakeFiles/generator.dir/GeneratorSlack.cpp.o
[ 25%] Building CXX object GridKit/Model/PhasorDynamics/Load/LoadZIP/CMakeFiles/phasor_dynamics_loadzip_dependency_tracking.dir/LoadZIPDependencyTracking.cpp.o
[ 25%] Building CXX object GridKit/Model/PowerFlow/Generator4/CMakeFiles/generator4.dir/Generator4.cpp.o
[ 25%] Building CXX object GridKit/Model/PowerElectronics/Resistor/CMakeFiles/power_elec_resistor.dir/Resistor.cpp.o
[ 26%] Building CXX object GridKit/Model/PowerElectronics/VoltageSource/CMakeFiles/power_elec_voltagesource.dir/VoltageSource.cpp.o
[ 26%] Building CXX object GridKit/Model/PowerFlow/Bus/CMakeFiles/bus.dir/BusPV.cpp.o
[ 26%] Building CXX object GridKit/Model/PowerFlow/Bus/CMakeFiles/bus.dir/BusPQ.cpp.o
[ 27%] Building CXX object GridKit/Model/PowerFlow/MiniGrid/CMakeFiles/minigrid.dir/MiniGrid.cpp.o
cd /home/isatkaus/gridkit/build/GridKit/Model/PhasorDynamics/SynchronousMachine/GenClassical && /nopt/nrel/apps/cpu_stack/software/gridkit/llvm/16.0.6/bin/clang++ -Dphasor_dynamics_gen_classical_dependency_tracking_EXPORTS -I/home/isatkaus/gridkit -I/home/isatkaus/gridkit/third-party/magic-enum/include -I/home/isatkaus/gridkit/build --gcc-toolchain=/nopt/nrel/apps/cpu_stack/compilers/06-24/linux-rhel8-sapphirerapids/gcc-12.3.0/gcc-13.1.0-bmut2ysomhthj6y7oyc73c3cmxye57am -Wall -Wextra -Wconversion -Wpedantic -O2 -g -DNDEBUG -std=gnu++20 -fPIC -MD -MT GridKit/Model/PhasorDynamics/SynchronousMachine/GenClassical/CMakeFiles/phasor_dynamics_gen_classical_dependency_tracking.dir/GenClassicalDependencyTracking.cpp.o -MF CMakeFiles/phasor_dynamics_gen_classical_dependency_tracking.dir/GenClassicalDependencyTracking.cpp.o.d -o CMakeFiles/phasor_dynamics_gen_classical_dependency_tracking.dir/GenClassicalDependencyTracking.cpp.o -c /home/isatkaus/gridkit/GridKit/Model/PhasorDynamics/SynchronousMachine/GenClassical/GenClassicalDependencyTracking.cpp
[ 28%] Building CXX object GridKit/Model/PowerFlow/Bus/CMakeFiles/bus.dir/BusSlack.cpp.o
[ 28%] Building CXX object GridKit/Model/PowerFlow/Generator4Governor/CMakeFiles/generator4governor.dir/Generator4Governor.cpp.o
[ 28%] Building CXX object GridKit/Model/PowerFlow/Generator4Param/CMakeFiles/generator4param.dir/Generator4Param.cpp.o
[ 29%] Building CXX object GridKit/Model/PowerElectronics/Inductor/CMakeFiles/power_elec_inductor.dir/Inductor.cpp.o
[ 29%] Building CXX object GridKit/Model/PowerFlow/Load/CMakeFiles/load.dir/Load.cpp.o
make[2]: Leaving directory '/home/isatkaus/gridkit/build'
cd /home/isatkaus/gridkit/build/GridKit/Model/PhasorDynamics/SignalSource && /nopt/nrel/apps/cpu_stack/software/gridkit/llvm/16.0.6/bin/clang++ -Dphasor_dynamics_signalsource_dependency_tracking_EXPORTS -I/home/isatkaus/gridkit -I/home/isatkaus/gridkit/build --gcc-toolchain=/nopt/nrel/apps/cpu_stack/compilers/06-24/linux-rhel8-sapphirerapids/gcc-12.3.0/gcc-13.1.0-bmut2ysomhthj6y7oyc73c3cmxye57am -Wall -Wextra -Wconversion -Wpedantic -O2 -g -DNDEBUG -std=gnu++20 -fPIC -MD -MT GridKit/Model/PhasorDynamics/SignalSource/CMakeFiles/phasor_dynamics_signalsource_dependency_tracking.dir/ConstantSignalSourceDependencyTracking.cpp.o -MF CMakeFiles/phasor_dynamics_signalsource_dependency_tracking.dir/ConstantSignalSourceDependencyTracking.cpp.o.d -o CMakeFiles/phasor_dynamics_signalsource_dependency_tracking.dir/ConstantSignalSourceDependencyTracking.cpp.o -c /home/isatkaus/gridkit/GridKit/Model/PhasorDynamics/SignalSource/ConstantSignalSourceDependencyTracking.cpp
[ 31%] Building CXX object GridKit/Model/PowerElectronics/MicrogridLoad/CMakeFiles/power_elec_microload.dir/MicrogridLoad.cpp.o
[ 31%] Building CXX object GridKit/Model/PowerElectronics/TransmissionLine/CMakeFiles/power_elec_tranline.dir/TransmissionLine.cpp.o
[ 31%] Building CXX object GridKit/Model/PowerElectronics/LinearTransformer/CMakeFiles/power_elec_lineartrasnformer.dir/LinearTransformer.cpp.o
[ 32%] Building CXX object GridKit/Model/PowerElectronics/Capacitor/CMakeFiles/power_elec_capacitor.dir/Capacitor.cpp.o
[ 32%] Building CXX object GridKit/Model/PowerElectronics/DistributedGenerator/CMakeFiles/power_elec_disgen.dir/DistributedGenerator.cpp.o
[ 32%] Building CXX object GridKit/Model/PowerElectronics/MicrogridLine/CMakeFiles/power_elec_microline.dir/MicrogridLine.cpp.o
[ 32%] Building CXX object GridKit/Model/PowerElectronics/InductionMotor/CMakeFiles/power_elec_inductionmotor.dir/InductionMotor.cpp.o
[ 32%] Building CXX object GridKit/Model/PowerElectronics/SynchronousMachine/CMakeFiles/power_elec_synmachine.dir/SynchronousMachine.cpp.o
[ 32%] Building CXX object GridKit/Solver/Dynamic/CMakeFiles/solvers_dyn.dir/Ida.cpp.o
[ 32%] Building CXX object GridKit/Solver/SteadyState/CMakeFiles/solvers_steady.dir/Kinsol.cpp.o
[ 32%] Building CXX object GridKit/Model/PowerElectronics/MicrogridBusDQ/CMakeFiles/power_elec_microbusdq.dir/MicrogridBusDQ.cpp.o
[ 32%] Built target utilities_cli_args
cd /home/isatkaus/gridkit/build/GridKit/Model/PhasorDynamics/Governor/Tgov1 && /nopt/nrel/apps/cpu_stack/software/gridkit/llvm/16.0.6/bin/clang++ -Dphasor_dynamics_governor_tgov1_dependency_tracking_EXPORTS -I/home/isatkaus/gridkit -I/home/isatkaus/gridkit/build --gcc-toolchain=/nopt/nrel/apps/cpu_stack/compilers/06-24/linux-rhel8-sapphirerapids/gcc-12.3.0/gcc-13.1.0-bmut2ysomhthj6y7oyc73c3cmxye57am -Wall -Wextra -Wconversion -Wpedantic -O2 -g -DNDEBUG -std=gnu++20 -fPIC -MD -MT GridKit/Model/PhasorDynamics/Governor/Tgov1/CMakeFiles/phasor_dynamics_governor_tgov1_dependency_tracking.dir/Tgov1DependencyTracking.cpp.o -MF CMakeFiles/phasor_dynamics_governor_tgov1_dependency_tracking.dir/Tgov1DependencyTracking.cpp.o.d -o CMakeFiles/phasor_dynamics_governor_tgov1_dependency_tracking.dir/Tgov1DependencyTracking.cpp.o -c /home/isatkaus/gridkit/GridKit/Model/PhasorDynamics/Governor/Tgov1/Tgov1DependencyTracking.cpp
cd /home/isatkaus/gridkit/build/GridKit/Model/PhasorDynamics/Load/LoadZ && /nopt/nrel/apps/cpu_stack/software/gridkit/llvm/16.0.6/bin/clang++ -Dphasor_dynamics_loadz_dependency_tracking_EXPORTS -I/home/isatkaus/gridkit -I/home/isatkaus/gridkit/third-party/magic-enum/include -I/home/isatkaus/gridkit/build --gcc-toolchain=/nopt/nrel/apps/cpu_stack/compilers/06-24/linux-rhel8-sapphirerapids/gcc-12.3.0/gcc-13.1.0-bmut2ysomhthj6y7oyc73c3cmxye57am -Wall -Wextra -Wconversion -Wpedantic -O2 -g -DNDEBUG -std=gnu++20 -fPIC -MD -MT GridKit/Model/PhasorDynamics/Load/LoadZ/CMakeFiles/phasor_dynamics_loadz_dependency_tracking.dir/LoadZDependencyTracking.cpp.o -MF CMakeFiles/phasor_dynamics_loadz_dependency_tracking.dir/LoadZDependencyTracking.cpp.o.d -o CMakeFiles/phasor_dynamics_loadz_dependency_tracking.dir/LoadZDependencyTracking.cpp.o -c /home/isatkaus/gridkit/GridKit/Model/PhasorDynamics/Load/LoadZ/LoadZDependencyTracking.cpp
cd /home/isatkaus/gridkit/build/GridKit/Model/PhasorDynamics/Stabilizer/IEEEST && /nopt/nrel/apps/cpu_stack/software/gridkit/llvm/16.0.6/bin/clang++ -Dphasor_dynamics_stabilizer_ieeest_dependency_tracking_EXPORTS -I/home/isatkaus/gridkit -I/home/isatkaus/gridkit/third-party/magic-enum/include -I/home/isatkaus/gridkit/build --gcc-toolchain=/nopt/nrel/apps/cpu_stack/compilers/06-24/linux-rhel8-sapphirerapids/gcc-12.3.0/gcc-13.1.0-bmut2ysomhthj6y7oyc73c3cmxye57am -Wall -Wextra -Wconversion -Wpedantic -O2 -g -DNDEBUG -std=gnu++20 -fPIC -MD -MT GridKit/Model/PhasorDynamics/Stabilizer/IEEEST/CMakeFiles/phasor_dynamics_stabilizer_ieeest_dependency_tracking.dir/IeeestDependencyTracking.cpp.o -MF CMakeFiles/phasor_dynamics_stabilizer_ieeest_dependency_tracking.dir/IeeestDependencyTracking.cpp.o.d -o CMakeFiles/phasor_dynamics_stabilizer_ieeest_dependency_tracking.dir/IeeestDependencyTracking.cpp.o -c /home/isatkaus/gridkit/GridKit/Model/PhasorDynamics/Stabilizer/IEEEST/IeeestDependencyTracking.cpp
cd /home/isatkaus/gridkit/build/GridKit/Model/PowerFlow/Generator2 && /nopt/nrel/apps/cpu_stack/software/gridkit/llvm/16.0.6/bin/clang++ -Dgenerator2_EXPORTS -I/home/isatkaus/gridkit --gcc-toolchain=/nopt/nrel/apps/cpu_stack/compilers/06-24/linux-rhel8-sapphirerapids/gcc-12.3.0/gcc-13.1.0-bmut2ysomhthj6y7oyc73c3cmxye57am -Wall -Wextra -Wconversion -Wpedantic -O2 -g -DNDEBUG -std=gnu++20 -fPIC -MD -MT GridKit/Model/PowerFlow/Generator2/CMakeFiles/generator2.dir/Generator2.cpp.o -MF CMakeFiles/generator2.dir/Generator2.cpp.o.d -o CMakeFiles/generator2.dir/Generator2.cpp.o -c /home/isatkaus/gridkit/GridKit/Model/PowerFlow/Generator2/Generator2.cpp
cd /home/isatkaus/gridkit/build/GridKit/Model/PhasorDynamics/SynchronousMachine/GENSAL && /nopt/nrel/apps/cpu_stack/software/gridkit/llvm/16.0.6/bin/clang++ -Dphasor_dynamics_gensal_dependency_tracking_EXPORTS -I/home/isatkaus/gridkit -I/home/isatkaus/gridkit/third-party/magic-enum/include -I/home/isatkaus/gridkit/build --gcc-toolchain=/nopt/nrel/apps/cpu_stack/compilers/06-24/linux-rhel8-sapphirerapids/gcc-12.3.0/gcc-13.1.0-bmut2ysomhthj6y7oyc73c3cmxye57am -Wall -Wextra -Wconversion -Wpedantic -O2 -g -DNDEBUG -std=gnu++20 -fPIC -MD -MT GridKit/Model/PhasorDynamics/SynchronousMachine/GENSAL/CMakeFiles/phasor_dynamics_gensal_dependency_tracking.dir/GensalDependencyTracking.cpp.o -MF CMakeFiles/phasor_dynamics_gensal_dependency_tracking.dir/GensalDependencyTracking.cpp.o.d -o CMakeFiles/phasor_dynamics_gensal_dependency_tracking.dir/GensalDependencyTracking.cpp.o -c /home/isatkaus/gridkit/GridKit/Model/PhasorDynamics/SynchronousMachine/GENSAL/GensalDependencyTracking.cpp
cd /home/isatkaus/gridkit/build/GridKit/Model/PhasorDynamics/SynchronousMachine/GENROU && /nopt/nrel/apps/cpu_stack/software/gridkit/llvm/16.0.6/bin/clang++ -Dphasor_dynamics_genrou_dependency_tracking_EXPORTS -I/home/isatkaus/gridkit -I/home/isatkaus/gridkit/third-party/magic-enum/include -I/home/isatkaus/gridkit/build --gcc-toolchain=/nopt/nrel/apps/cpu_stack/compilers/06-24/linux-rhel8-sapphirerapids/gcc-12.3.0/gcc-13.1.0-bmut2ysomhthj6y7oyc73c3cmxye57am -Wall -Wextra -Wconversion -Wpedantic -O2 -g -DNDEBUG -std=gnu++20 -fPIC -MD -MT GridKit/Model/PhasorDynamics/SynchronousMachine/GENROU/CMakeFiles/phasor_dynamics_genrou_dependency_tracking.dir/GenrouDependencyTracking.cpp.o -MF CMakeFiles/phasor_dynamics_genrou_dependency_tracking.dir/GenrouDependencyTracking.cpp.o.d -o CMakeFiles/phasor_dynamics_genrou_dependency_tracking.dir/GenrouDependencyTracking.cpp.o -c /home/isatkaus/gridkit/GridKit/Model/PhasorDynamics/SynchronousMachine/GENROU/GenrouDependencyTracking.cpp
cd /home/isatkaus/gridkit/build/GridKit/Model/PowerFlow/Generator && /nopt/nrel/apps/cpu_stack/software/gridkit/llvm/16.0.6/bin/clang++ -Dgenerator_EXPORTS -I/home/isatkaus/gridkit --gcc-toolchain=/nopt/nrel/apps/cpu_stack/compilers/06-24/linux-rhel8-sapphirerapids/gcc-12.3.0/gcc-13.1.0-bmut2ysomhthj6y7oyc73c3cmxye57am -Wall -Wextra -Wconversion -Wpedantic -O2 -g -DNDEBUG -std=gnu++20 -fPIC -MD -MT GridKit/Model/PowerFlow/Generator/CMakeFiles/generator.dir/GeneratorPQ.cpp.o -MF CMakeFiles/generator.dir/GeneratorPQ.cpp.o.d -o CMakeFiles/generator.dir/GeneratorPQ.cpp.o -c /home/isatkaus/gridkit/GridKit/Model/PowerFlow/Generator/GeneratorPQ.cpp
cd /home/isatkaus/gridkit/build/GridKit/Model/PowerFlow/Generator && /nopt/nrel/apps/cpu_stack/software/gridkit/llvm/16.0.6/bin/clang++ -Dgenerator_EXPORTS -I/home/isatkaus/gridkit --gcc-toolchain=/nopt/nrel/apps/cpu_stack/compilers/06-24/linux-rhel8-sapphirerapids/gcc-12.3.0/gcc-13.1.0-bmut2ysomhthj6y7oyc73c3cmxye57am -Wall -Wextra -Wconversion -Wpedantic -O2 -g -DNDEBUG -std=gnu++20 -fPIC -MD -MT GridKit/Model/PowerFlow/Generator/CMakeFiles/generator.dir/GeneratorPV.cpp.o -MF CMakeFiles/generator.dir/GeneratorPV.cpp.o.d -o CMakeFiles/generator.dir/GeneratorPV.cpp.o -c /home/isatkaus/gridkit/GridKit/Model/PowerFlow/Generator/GeneratorPV.cpp
cd /home/isatkaus/gridkit/build/GridKit/Model/PowerFlow/Branch && /nopt/nrel/apps/cpu_stack/software/gridkit/llvm/16.0.6/bin/clang++ -Dbranch_EXPORTS -I/home/isatkaus/gridkit --gcc-toolchain=/nopt/nrel/apps/cpu_stack/compilers/06-24/linux-rhel8-sapphirerapids/gcc-12.3.0/gcc-13.1.0-bmut2ysomhthj6y7oyc73c3cmxye57am -Wall -Wextra -Wconversion -Wpedantic -O2 -g -DNDEBUG -std=gnu++20 -fPIC -MD -MT GridKit/Model/PowerFlow/Branch/CMakeFiles/branch.dir/Branch.cpp.o -MF CMakeFiles/branch.dir/Branch.cpp.o.d -o CMakeFiles/branch.dir/Branch.cpp.o -c /home/isatkaus/gridkit/GridKit/Model/PowerFlow/Branch/Branch.cpp
cd /home/isatkaus/gridkit/build/GridKit/Model/PhasorDynamics/Load/LoadZIP && /nopt/nrel/apps/cpu_stack/software/gridkit/llvm/16.0.6/bin/clang++ -Dphasor_dynamics_loadzip_dependency_tracking_EXPORTS -I/home/isatkaus/gridkit -I/home/isatkaus/gridkit/third-party/magic-enum/include -I/home/isatkaus/gridkit/build --gcc-toolchain=/nopt/nrel/apps/cpu_stack/compilers/06-24/linux-rhel8-sapphirerapids/gcc-12.3.0/gcc-13.1.0-bmut2ysomhthj6y7oyc73c3cmxye57am -Wall -Wextra -Wconversion -Wpedantic -O2 -g -DNDEBUG -std=gnu++20 -fPIC -MD -MT GridKit/Model/PhasorDynamics/Load/LoadZIP/CMakeFiles/phasor_dynamics_loadzip_dependency_tracking.dir/LoadZIPDependencyTracking.cpp.o -MF CMakeFiles/phasor_dynamics_loadzip_dependency_tracking.dir/LoadZIPDependencyTracking.cpp.o.d -o CMakeFiles/phasor_dynamics_loadzip_dependency_tracking.dir/LoadZIPDependencyTracking.cpp.o -c /home/isatkaus/gridkit/GridKit/Model/PhasorDynamics/Load/LoadZIP/LoadZIPDependencyTracking.cpp
cd /home/isatkaus/gridkit/build/GridKit/Model/PowerFlow/Generator && /nopt/nrel/apps/cpu_stack/software/gridkit/llvm/16.0.6/bin/clang++ -Dgenerator_EXPORTS -I/home/isatkaus/gridkit --gcc-toolchain=/nopt/nrel/apps/cpu_stack/compilers/06-24/linux-rhel8-sapphirerapids/gcc-12.3.0/gcc-13.1.0-bmut2ysomhthj6y7oyc73c3cmxye57am -Wall -Wextra -Wconversion -Wpedantic -O2 -g -DNDEBUG -std=gnu++20 -fPIC -MD -MT GridKit/Model/PowerFlow/Generator/CMakeFiles/generator.dir/GeneratorSlack.cpp.o -MF CMakeFiles/generator.dir/GeneratorSlack.cpp.o.d -o CMakeFiles/generator.dir/GeneratorSlack.cpp.o -c /home/isatkaus/gridkit/GridKit/Model/PowerFlow/Generator/GeneratorSlack.cpp
cd /home/isatkaus/gridkit/build/GridKit/Model/PowerFlow/Generator4 && /nopt/nrel/apps/cpu_stack/software/gridkit/llvm/16.0.6/bin/clang++ -Dgenerator4_EXPORTS -I/home/isatkaus/gridkit --gcc-toolchain=/nopt/nrel/apps/cpu_stack/compilers/06-24/linux-rhel8-sapphirerapids/gcc-12.3.0/gcc-13.1.0-bmut2ysomhthj6y7oyc73c3cmxye57am -Wall -Wextra -Wconversion -Wpedantic -O2 -g -DNDEBUG -std=gnu++20 -fPIC -MD -MT GridKit/Model/PowerFlow/Generator4/CMakeFiles/generator4.dir/Generator4.cpp.o -MF CMakeFiles/generator4.dir/Generator4.cpp.o.d -o CMakeFiles/generator4.dir/Generator4.cpp.o -c /home/isatkaus/gridkit/GridKit/Model/PowerFlow/Generator4/Generator4.cpp
cd /home/isatkaus/gridkit/build/GridKit/Model/PowerElectronics/Resistor && /nopt/nrel/apps/cpu_stack/software/gridkit/llvm/16.0.6/bin/clang++ -Dpower_elec_resistor_EXPORTS -I/home/isatkaus/gridkit --gcc-toolchain=/nopt/nrel/apps/cpu_stack/compilers/06-24/linux-rhel8-sapphirerapids/gcc-12.3.0/gcc-13.1.0-bmut2ysomhthj6y7oyc73c3cmxye57am -Wall -Wextra -Wconversion -Wpedantic -O2 -g -DNDEBUG -std=gnu++20 -fPIC -MD -MT GridKit/Model/PowerElectronics/Resistor/CMakeFiles/power_elec_resistor.dir/Resistor.cpp.o -MF CMakeFiles/power_elec_resistor.dir/Resistor.cpp.o.d -o CMakeFiles/power_elec_resistor.dir/Resistor.cpp.o -c /home/isatkaus/gridkit/GridKit/Model/PowerElectronics/Resistor/Resistor.cpp
cd /home/isatkaus/gridkit/build/GridKit/Model/PowerElectronics/VoltageSource && /nopt/nrel/apps/cpu_stack/software/gridkit/llvm/16.0.6/bin/clang++ -Dpower_elec_voltagesource_EXPORTS -I/home/isatkaus/gridkit --gcc-toolchain=/nopt/nrel/apps/cpu_stack/compilers/06-24/linux-rhel8-sapphirerapids/gcc-12.3.0/gcc-13.1.0-bmut2ysomhthj6y7oyc73c3cmxye57am -Wall -Wextra -Wconversion -Wpedantic -O2 -g -DNDEBUG -std=gnu++20 -fPIC -MD -MT GridKit/Model/PowerElectronics/VoltageSource/CMakeFiles/power_elec_voltagesource.dir/VoltageSource.cpp.o -MF CMakeFiles/power_elec_voltagesource.dir/VoltageSource.cpp.o.d -o CMakeFiles/power_elec_voltagesource.dir/VoltageSource.cpp.o -c /home/isatkaus/gridkit/GridKit/Model/PowerElectronics/VoltageSource/VoltageSource.cpp
cd /home/isatkaus/gridkit/build/GridKit/Model/PowerFlow/Bus && /nopt/nrel/apps/cpu_stack/software/gridkit/llvm/16.0.6/bin/clang++ -Dbus_EXPORTS -I/home/isatkaus/gridkit --gcc-toolchain=/nopt/nrel/apps/cpu_stack/compilers/06-24/linux-rhel8-sapphirerapids/gcc-12.3.0/gcc-13.1.0-bmut2ysomhthj6y7oyc73c3cmxye57am -Wall -Wextra -Wconversion -Wpedantic -O2 -g -DNDEBUG -std=gnu++20 -fPIC -MD -MT GridKit/Model/PowerFlow/Bus/CMakeFiles/bus.dir/BusPQ.cpp.o -MF CMakeFiles/bus.dir/BusPQ.cpp.o.d -o CMakeFiles/bus.dir/BusPQ.cpp.o -c /home/isatkaus/gridkit/GridKit/Model/PowerFlow/Bus/BusPQ.cpp
cd /home/isatkaus/gridkit/build/GridKit/Model/PowerFlow/Bus && /nopt/nrel/apps/cpu_stack/software/gridkit/llvm/16.0.6/bin/clang++ -Dbus_EXPORTS -I/home/isatkaus/gridkit --gcc-toolchain=/nopt/nrel/apps/cpu_stack/compilers/06-24/linux-rhel8-sapphirerapids/gcc-12.3.0/gcc-13.1.0-bmut2ysomhthj6y7oyc73c3cmxye57am -Wall -Wextra -Wconversion -Wpedantic -O2 -g -DNDEBUG -std=gnu++20 -fPIC -MD -MT GridKit/Model/PowerFlow/Bus/CMakeFiles/bus.dir/BusPV.cpp.o -MF CMakeFiles/bus.dir/BusPV.cpp.o.d -o CMakeFiles/bus.dir/BusPV.cpp.o -c /home/isatkaus/gridkit/GridKit/Model/PowerFlow/Bus/BusPV.cpp
cd /home/isatkaus/gridkit/build/GridKit/Model/PowerFlow/Bus && /nopt/nrel/apps/cpu_stack/software/gridkit/llvm/16.0.6/bin/clang++ -Dbus_EXPORTS -I/home/isatkaus/gridkit --gcc-toolchain=/nopt/nrel/apps/cpu_stack/compilers/06-24/linux-rhel8-sapphirerapids/gcc-12.3.0/gcc-13.1.0-bmut2ysomhthj6y7oyc73c3cmxye57am -Wall -Wextra -Wconversion -Wpedantic -O2 -g -DNDEBUG -std=gnu++20 -fPIC -MD -MT GridKit/Model/PowerFlow/Bus/CMakeFiles/bus.dir/BusSlack.cpp.o -MF CMakeFiles/bus.dir/BusSlack.cpp.o.d -o CMakeFiles/bus.dir/BusSlack.cpp.o -c /home/isatkaus/gridkit/GridKit/Model/PowerFlow/Bus/BusSlack.cpp
cd /home/isatkaus/gridkit/build/GridKit/Model/PowerFlow/MiniGrid && /nopt/nrel/apps/cpu_stack/software/gridkit/llvm/16.0.6/bin/clang++ -Dminigrid_EXPORTS -I/home/isatkaus/gridkit --gcc-toolchain=/nopt/nrel/apps/cpu_stack/compilers/06-24/linux-rhel8-sapphirerapids/gcc-12.3.0/gcc-13.1.0-bmut2ysomhthj6y7oyc73c3cmxye57am -Wall -Wextra -Wconversion -Wpedantic -O2 -g -DNDEBUG -std=gnu++20 -fPIC -MD -MT GridKit/Model/PowerFlow/MiniGrid/CMakeFiles/minigrid.dir/MiniGrid.cpp.o -MF CMakeFiles/minigrid.dir/MiniGrid.cpp.o.d -o CMakeFiles/minigrid.dir/MiniGrid.cpp.o -c /home/isatkaus/gridkit/GridKit/Model/PowerFlow/MiniGrid/MiniGrid.cpp
cd /home/isatkaus/gridkit/build/GridKit/Model/PowerFlow/Generator4Param && /nopt/nrel/apps/cpu_stack/software/gridkit/llvm/16.0.6/bin/clang++ -Dgenerator4param_EXPORTS -I/home/isatkaus/gridkit --gcc-toolchain=/nopt/nrel/apps/cpu_stack/compilers/06-24/linux-rhel8-sapphirerapids/gcc-12.3.0/gcc-13.1.0-bmut2ysomhthj6y7oyc73c3cmxye57am -Wall -Wextra -Wconversion -Wpedantic -O2 -g -DNDEBUG -std=gnu++20 -fPIC -MD -MT GridKit/Model/PowerFlow/Generator4Param/CMakeFiles/generator4param.dir/Generator4Param.cpp.o -MF CMakeFiles/generator4param.dir/Generator4Param.cpp.o.d -o CMakeFiles/generator4param.dir/Generator4Param.cpp.o -c /home/isatkaus/gridkit/GridKit/Model/PowerFlow/Generator4Param/Generator4Param.cpp
cd /home/isatkaus/gridkit/build/GridKit/Model/PowerElectronics/Inductor && /nopt/nrel/apps/cpu_stack/software/gridkit/llvm/16.0.6/bin/clang++ -Dpower_elec_inductor_EXPORTS -I/home/isatkaus/gridkit --gcc-toolchain=/nopt/nrel/apps/cpu_stack/compilers/06-24/linux-rhel8-sapphirerapids/gcc-12.3.0/gcc-13.1.0-bmut2ysomhthj6y7oyc73c3cmxye57am -Wall -Wextra -Wconversion -Wpedantic -O2 -g -DNDEBUG -std=gnu++20 -fPIC -MD -MT GridKit/Model/PowerElectronics/Inductor/CMakeFiles/power_elec_inductor.dir/Inductor.cpp.o -MF CMakeFiles/power_elec_inductor.dir/Inductor.cpp.o.d -o CMakeFiles/power_elec_inductor.dir/Inductor.cpp.o -c /home/isatkaus/gridkit/GridKit/Model/PowerElectronics/Inductor/Inductor.cpp
cd /home/isatkaus/gridkit/build/GridKit/Model/PowerFlow/Generator4Governor && /nopt/nrel/apps/cpu_stack/software/gridkit/llvm/16.0.6/bin/clang++ -Dgenerator4governor_EXPORTS -I/home/isatkaus/gridkit --gcc-toolchain=/nopt/nrel/apps/cpu_stack/compilers/06-24/linux-rhel8-sapphirerapids/gcc-12.3.0/gcc-13.1.0-bmut2ysomhthj6y7oyc73c3cmxye57am -Wall -Wextra -Wconversion -Wpedantic -O2 -g -DNDEBUG -std=gnu++20 -fPIC -MD -MT GridKit/Model/PowerFlow/Generator4Governor/CMakeFiles/generator4governor.dir/Generator4Governor.cpp.o -MF CMakeFiles/generator4governor.dir/Generator4Governor.cpp.o.d -o CMakeFiles/generator4governor.dir/Generator4Governor.cpp.o -c /home/isatkaus/gridkit/GridKit/Model/PowerFlow/Generator4Governor/Generator4Governor.cpp
cd /home/isatkaus/gridkit/build/GridKit/Model/PowerFlow/Load && /nopt/nrel/apps/cpu_stack/software/gridkit/llvm/16.0.6/bin/clang++ -Dload_EXPORTS -I/home/isatkaus/gridkit --gcc-toolchain=/nopt/nrel/apps/cpu_stack/compilers/06-24/linux-rhel8-sapphirerapids/gcc-12.3.0/gcc-13.1.0-bmut2ysomhthj6y7oyc73c3cmxye57am -Wall -Wextra -Wconversion -Wpedantic -O2 -g -DNDEBUG -std=gnu++20 -fPIC -MD -MT GridKit/Model/PowerFlow/Load/CMakeFiles/load.dir/Load.cpp.o -MF CMakeFiles/load.dir/Load.cpp.o.d -o CMakeFiles/load.dir/Load.cpp.o -c /home/isatkaus/gridkit/GridKit/Model/PowerFlow/Load/Load.cpp
cd /home/isatkaus/gridkit/build/GridKit/Model/PowerElectronics/TransmissionLine && /nopt/nrel/apps/cpu_stack/software/gridkit/llvm/16.0.6/bin/clang++ -Dpower_elec_tranline_EXPORTS -I/home/isatkaus/gridkit --gcc-toolchain=/nopt/nrel/apps/cpu_stack/compilers/06-24/linux-rhel8-sapphirerapids/gcc-12.3.0/gcc-13.1.0-bmut2ysomhthj6y7oyc73c3cmxye57am -Wall -Wextra -Wconversion -Wpedantic -O2 -g -DNDEBUG -std=gnu++20 -fPIC -MD -MT GridKit/Model/PowerElectronics/TransmissionLine/CMakeFiles/power_elec_tranline.dir/TransmissionLine.cpp.o -MF CMakeFiles/power_elec_tranline.dir/TransmissionLine.cpp.o.d -o CMakeFiles/power_elec_tranline.dir/TransmissionLine.cpp.o -c /home/isatkaus/gridkit/GridKit/Model/PowerElectronics/TransmissionLine/TransmissionLine.cpp
cd /home/isatkaus/gridkit/build/GridKit/Model/PowerElectronics/LinearTransformer && /nopt/nrel/apps/cpu_stack/software/gridkit/llvm/16.0.6/bin/clang++ -Dpower_elec_lineartrasnformer_EXPORTS -I/home/isatkaus/gridkit --gcc-toolchain=/nopt/nrel/apps/cpu_stack/compilers/06-24/linux-rhel8-sapphirerapids/gcc-12.3.0/gcc-13.1.0-bmut2ysomhthj6y7oyc73c3cmxye57am -Wall -Wextra -Wconversion -Wpedantic -O2 -g -DNDEBUG -std=gnu++20 -fPIC -MD -MT GridKit/Model/PowerElectronics/LinearTransformer/CMakeFiles/power_elec_lineartrasnformer.dir/LinearTransformer.cpp.o -MF CMakeFiles/power_elec_lineartrasnformer.dir/LinearTransformer.cpp.o.d -o CMakeFiles/power_elec_lineartrasnformer.dir/LinearTransformer.cpp.o -c /home/isatkaus/gridkit/GridKit/Model/PowerElectronics/LinearTransformer/LinearTransformer.cpp
cd /home/isatkaus/gridkit/build/GridKit/Model/PowerElectronics/MicrogridLoad && /nopt/nrel/apps/cpu_stack/software/gridkit/llvm/16.0.6/bin/clang++ -Dpower_elec_microload_EXPORTS -I/home/isatkaus/gridkit --gcc-toolchain=/nopt/nrel/apps/cpu_stack/compilers/06-24/linux-rhel8-sapphirerapids/gcc-12.3.0/gcc-13.1.0-bmut2ysomhthj6y7oyc73c3cmxye57am -Wall -Wextra -Wconversion -Wpedantic -O2 -g -DNDEBUG -std=gnu++20 -fPIC -MD -MT GridKit/Model/PowerElectronics/MicrogridLoad/CMakeFiles/power_elec_microload.dir/MicrogridLoad.cpp.o -MF CMakeFiles/power_elec_microload.dir/MicrogridLoad.cpp.o.d -o CMakeFiles/power_elec_microload.dir/MicrogridLoad.cpp.o -c /home/isatkaus/gridkit/GridKit/Model/PowerElectronics/MicrogridLoad/MicrogridLoad.cpp
cd /home/isatkaus/gridkit/build/GridKit/Model/PowerElectronics/MicrogridLine && /nopt/nrel/apps/cpu_stack/software/gridkit/llvm/16.0.6/bin/clang++ -Dpower_elec_microline_EXPORTS -I/home/isatkaus/gridkit --gcc-toolchain=/nopt/nrel/apps/cpu_stack/compilers/06-24/linux-rhel8-sapphirerapids/gcc-12.3.0/gcc-13.1.0-bmut2ysomhthj6y7oyc73c3cmxye57am -Wall -Wextra -Wconversion -Wpedantic -O2 -g -DNDEBUG -std=gnu++20 -fPIC -MD -MT GridKit/Model/PowerElectronics/MicrogridLine/CMakeFiles/power_elec_microline.dir/MicrogridLine.cpp.o -MF CMakeFiles/power_elec_microline.dir/MicrogridLine.cpp.o.d -o CMakeFiles/power_elec_microline.dir/MicrogridLine.cpp.o -c /home/isatkaus/gridkit/GridKit/Model/PowerElectronics/MicrogridLine/MicrogridLine.cpp
cd /home/isatkaus/gridkit/build/GridKit/Model/PowerElectronics/SynchronousMachine && /nopt/nrel/apps/cpu_stack/software/gridkit/llvm/16.0.6/bin/clang++ -Dpower_elec_synmachine_EXPORTS -I/home/isatkaus/gridkit --gcc-toolchain=/nopt/nrel/apps/cpu_stack/compilers/06-24/linux-rhel8-sapphirerapids/gcc-12.3.0/gcc-13.1.0-bmut2ysomhthj6y7oyc73c3cmxye57am -Wall -Wextra -Wconversion -Wpedantic -O2 -g -DNDEBUG -std=gnu++20 -fPIC -MD -MT GridKit/Model/PowerElectronics/SynchronousMachine/CMakeFiles/power_elec_synmachine.dir/SynchronousMachine.cpp.o -MF CMakeFiles/power_elec_synmachine.dir/SynchronousMachine.cpp.o.d -o CMakeFiles/power_elec_synmachine.dir/SynchronousMachine.cpp.o -c /home/isatkaus/gridkit/GridKit/Model/PowerElectronics/SynchronousMachine/SynchronousMachine.cpp
cd /home/isatkaus/gridkit/build/GridKit/Model/PowerElectronics/DistributedGenerator && /nopt/nrel/apps/cpu_stack/software/gridkit/llvm/16.0.6/bin/clang++ -Dpower_elec_disgen_EXPORTS -I/home/isatkaus/gridkit --gcc-toolchain=/nopt/nrel/apps/cpu_stack/compilers/06-24/linux-rhel8-sapphirerapids/gcc-12.3.0/gcc-13.1.0-bmut2ysomhthj6y7oyc73c3cmxye57am -Wall -Wextra -Wconversion -Wpedantic -O2 -g -DNDEBUG -std=gnu++20 -fPIC -MD -MT GridKit/Model/PowerElectronics/DistributedGenerator/CMakeFiles/power_elec_disgen.dir/DistributedGenerator.cpp.o -MF CMakeFiles/power_elec_disgen.dir/DistributedGenerator.cpp.o.d -o CMakeFiles/power_elec_disgen.dir/DistributedGenerator.cpp.o -c /home/isatkaus/gridkit/GridKit/Model/PowerElectronics/DistributedGenerator/DistributedGenerator.cpp
cd /home/isatkaus/gridkit/build/GridKit/Model/PowerElectronics/Capacitor && /nopt/nrel/apps/cpu_stack/software/gridkit/llvm/16.0.6/bin/clang++ -Dpower_elec_capacitor_EXPORTS -I/home/isatkaus/gridkit --gcc-toolchain=/nopt/nrel/apps/cpu_stack/compilers/06-24/linux-rhel8-sapphirerapids/gcc-12.3.0/gcc-13.1.0-bmut2ysomhthj6y7oyc73c3cmxye57am -Wall -Wextra -Wconversion -Wpedantic -O2 -g -DNDEBUG -std=gnu++20 -fPIC -MD -MT GridKit/Model/PowerElectronics/Capacitor/CMakeFiles/power_elec_capacitor.dir/Capacitor.cpp.o -MF CMakeFiles/power_elec_capacitor.dir/Capacitor.cpp.o.d -o CMakeFiles/power_elec_capacitor.dir/Capacitor.cpp.o -c /home/isatkaus/gridkit/GridKit/Model/PowerElectronics/Capacitor/Capacitor.cpp
cd /home/isatkaus/gridkit/build/GridKit/Model/PowerElectronics/InductionMotor && /nopt/nrel/apps/cpu_stack/software/gridkit/llvm/16.0.6/bin/clang++ -Dpower_elec_inductionmotor_EXPORTS -I/home/isatkaus/gridkit --gcc-toolchain=/nopt/nrel/apps/cpu_stack/compilers/06-24/linux-rhel8-sapphirerapids/gcc-12.3.0/gcc-13.1.0-bmut2ysomhthj6y7oyc73c3cmxye57am -Wall -Wextra -Wconversion -Wpedantic -O2 -g -DNDEBUG -std=gnu++20 -fPIC -MD -MT GridKit/Model/PowerElectronics/InductionMotor/CMakeFiles/power_elec_inductionmotor.dir/InductionMotor.cpp.o -MF CMakeFiles/power_elec_inductionmotor.dir/InductionMotor.cpp.o.d -o CMakeFiles/power_elec_inductionmotor.dir/InductionMotor.cpp.o -c /home/isatkaus/gridkit/GridKit/Model/PowerElectronics/InductionMotor/InductionMotor.cpp
cd /home/isatkaus/gridkit/build/GridKit/Model/PowerElectronics/MicrogridBusDQ && /nopt/nrel/apps/cpu_stack/software/gridkit/llvm/16.0.6/bin/clang++ -Dpower_elec_microbusdq_EXPORTS -I/home/isatkaus/gridkit --gcc-toolchain=/nopt/nrel/apps/cpu_stack/compilers/06-24/linux-rhel8-sapphirerapids/gcc-12.3.0/gcc-13.1.0-bmut2ysomhthj6y7oyc73c3cmxye57am -Wall -Wextra -Wconversion -Wpedantic -O2 -g -DNDEBUG -std=gnu++20 -fPIC -MD -MT GridKit/Model/PowerElectronics/MicrogridBusDQ/CMakeFiles/power_elec_microbusdq.dir/MicrogridBusDQ.cpp.o -MF CMakeFiles/power_elec_microbusdq.dir/MicrogridBusDQ.cpp.o.d -o CMakeFiles/power_elec_microbusdq.dir/MicrogridBusDQ.cpp.o -c /home/isatkaus/gridkit/GridKit/Model/PowerElectronics/MicrogridBusDQ/MicrogridBusDQ.cpp
cd /home/isatkaus/gridkit/build/GridKit/Solver/SteadyState && /nopt/nrel/apps/cpu_stack/software/gridkit/llvm/16.0.6/bin/clang++ -Dsolvers_steady_EXPORTS -I/home/isatkaus/gridkit -isystem /nopt/nrel/apps/cpu_stack/software/gridkit/sundials/develop/include --gcc-toolchain=/nopt/nrel/apps/cpu_stack/compilers/06-24/linux-rhel8-sapphirerapids/gcc-12.3.0/gcc-13.1.0-bmut2ysomhthj6y7oyc73c3cmxye57am -Wall -Wextra -Wconversion -Wpedantic -O2 -g -DNDEBUG -std=gnu++20 -fPIC -MD -MT GridKit/Solver/SteadyState/CMakeFiles/solvers_steady.dir/Kinsol.cpp.o -MF CMakeFiles/solvers_steady.dir/Kinsol.cpp.o.d -o CMakeFiles/solvers_steady.dir/Kinsol.cpp.o -c /home/isatkaus/gridkit/GridKit/Solver/SteadyState/Kinsol.cpp
cd /home/isatkaus/gridkit/build/GridKit/Solver/Dynamic && /nopt/nrel/apps/cpu_stack/software/gridkit/llvm/16.0.6/bin/clang++ -Dsolvers_dyn_EXPORTS -I/home/isatkaus/gridkit -I/home/isatkaus/gridkit/build -isystem /nopt/nrel/apps/cpu_stack/software/gridkit/sundials/develop/include -isystem /nopt/nrel/apps/cpu_stack/software/gridkit/suitesparse/7.8.2/include/suitesparse --gcc-toolchain=/nopt/nrel/apps/cpu_stack/compilers/06-24/linux-rhel8-sapphirerapids/gcc-12.3.0/gcc-13.1.0-bmut2ysomhthj6y7oyc73c3cmxye57am -Wall -Wextra -Wconversion -Wpedantic -O2 -g -DNDEBUG -std=gnu++20 -fPIC -MD -MT GridKit/Solver/Dynamic/CMakeFiles/solvers_dyn.dir/Ida.cpp.o -MF CMakeFiles/solvers_dyn.dir/Ida.cpp.o.d -o CMakeFiles/solvers_dyn.dir/Ida.cpp.o -c /home/isatkaus/gridkit/GridKit/Solver/Dynamic/Ida.cpp
make  -f GridKit/Testing/CMakeFiles/testing.dir/build.make GridKit/Testing/CMakeFiles/testing.dir/depend
make  -f examples/PowerFlow/MatPowerTesting/CMakeFiles/test_parse_gen_row.dir/build.make examples/PowerFlow/MatPowerTesting/CMakeFiles/test_parse_gen_row.dir/depend
make  -f examples/PowerFlow/MatPowerTesting/CMakeFiles/test_parse_bus_row.dir/build.make examples/PowerFlow/MatPowerTesting/CMakeFiles/test_parse_bus_row.dir/depend
make  -f examples/PowerFlow/MatPowerTesting/CMakeFiles/test_parse_branch_row.dir/build.make examples/PowerFlow/MatPowerTesting/CMakeFiles/test_parse_branch_row.dir/depend
make  -f examples/PowerFlow/MatPowerTesting/CMakeFiles/test_parse_gencost_row.dir/build.make examples/PowerFlow/MatPowerTesting/CMakeFiles/test_parse_gencost_row.dir/depend
make  -f examples/PowerFlow/MatPowerTesting/CMakeFiles/test_parse_matpower.dir/build.make examples/PowerFlow/MatPowerTesting/CMakeFiles/test_parse_matpower.dir/depend
make[2]: Entering directory '/home/isatkaus/gridkit/build'
cd /home/isatkaus/gridkit/build && /nopt/nrel/apps/cpu_stack/utilities/06-24/linux-rhel8-sapphirerapids/gcc-12.3.0/cmake-3.29.2-6n4msmc4aewj7wyi6b5g644vjrqyqgot/bin/cmake -E cmake_depends "Unix Makefiles" /home/isatkaus/gridkit /home/isatkaus/gridkit/GridKit/Testing /home/isatkaus/gridkit/build /home/isatkaus/gridkit/build/GridKit/Testing /home/isatkaus/gridkit/build/GridKit/Testing/CMakeFiles/testing.dir/DependInfo.cmake "--color="
make[2]: Entering directory '/home/isatkaus/gridkit/build'
cd /home/isatkaus/gridkit/build && /nopt/nrel/apps/cpu_stack/utilities/06-24/linux-rhel8-sapphirerapids/gcc-12.3.0/cmake-3.29.2-6n4msmc4aewj7wyi6b5g644vjrqyqgot/bin/cmake -E cmake_depends "Unix Makefiles" /home/isatkaus/gridkit /home/isatkaus/gridkit/examples/PowerFlow/MatPowerTesting /home/isatkaus/gridkit/build /home/isatkaus/gridkit/build/examples/PowerFlow/MatPowerTesting /home/isatkaus/gridkit/build/examples/PowerFlow/MatPowerTesting/CMakeFiles/test_parse_gen_row.dir/DependInfo.cmake "--color="
make[2]: Entering directory '/home/isatkaus/gridkit/build'
cd /home/isatkaus/gridkit/build && /nopt/nrel/apps/cpu_stack/utilities/06-24/linux-rhel8-sapphirerapids/gcc-12.3.0/cmake-3.29.2-6n4msmc4aewj7wyi6b5g644vjrqyqgot/bin/cmake -E cmake_depends "Unix Makefiles" /home/isatkaus/gridkit /home/isatkaus/gridkit/examples/PowerFlow/MatPowerTesting /home/isatkaus/gridkit/build /home/isatkaus/gridkit/build/examples/PowerFlow/MatPowerTesting /home/isatkaus/gridkit/build/examples/PowerFlow/MatPowerTesting/CMakeFiles/test_parse_bus_row.dir/DependInfo.cmake "--color="
make[2]: Entering directory '/home/isatkaus/gridkit/build'
cd /home/isatkaus/gridkit/build && /nopt/nrel/apps/cpu_stack/utilities/06-24/linux-rhel8-sapphirerapids/gcc-12.3.0/cmake-3.29.2-6n4msmc4aewj7wyi6b5g644vjrqyqgot/bin/cmake -E cmake_depends "Unix Makefiles" /home/isatkaus/gridkit /home/isatkaus/gridkit/examples/PowerFlow/MatPowerTesting /home/isatkaus/gridkit/build /home/isatkaus/gridkit/build/examples/PowerFlow/MatPowerTesting /home/isatkaus/gridkit/build/examples/PowerFlow/MatPowerTesting/CMakeFiles/test_parse_branch_row.dir/DependInfo.cmake "--color="
make[2]: Entering directory '/home/isatkaus/gridkit/build'
cd /home/isatkaus/gridkit/build && /nopt/nrel/apps/cpu_stack/utilities/06-24/linux-rhel8-sapphirerapids/gcc-12.3.0/cmake-3.29.2-6n4msmc4aewj7wyi6b5g644vjrqyqgot/bin/cmake -E cmake_depends "Unix Makefiles" /home/isatkaus/gridkit /home/isatkaus/gridkit/examples/PowerFlow/MatPowerTesting /home/isatkaus/gridkit/build /home/isatkaus/gridkit/build/examples/PowerFlow/MatPowerTesting /home/isatkaus/gridkit/build/examples/PowerFlow/MatPowerTesting/CMakeFiles/test_parse_gencost_row.dir/DependInfo.cmake "--color="
make[2]: Entering directory '/home/isatkaus/gridkit/build'
cd /home/isatkaus/gridkit/build && /nopt/nrel/apps/cpu_stack/utilities/06-24/linux-rhel8-sapphirerapids/gcc-12.3.0/cmake-3.29.2-6n4msmc4aewj7wyi6b5g644vjrqyqgot/bin/cmake -E cmake_depends "Unix Makefiles" /home/isatkaus/gridkit /home/isatkaus/gridkit/examples/PowerFlow/MatPowerTesting /home/isatkaus/gridkit/build /home/isatkaus/gridkit/build/examples/PowerFlow/MatPowerTesting /home/isatkaus/gridkit/build/examples/PowerFlow/MatPowerTesting/CMakeFiles/test_parse_matpower.dir/DependInfo.cmake "--color="
make[2]: Leaving directory '/home/isatkaus/gridkit/build'
make[2]: Leaving directory '/home/isatkaus/gridkit/build'
make  -f examples/PowerFlow/MatPowerTesting/CMakeFiles/test_parse_gen_row.dir/build.make examples/PowerFlow/MatPowerTesting/CMakeFiles/test_parse_gen_row.dir/build
make  -f GridKit/Testing/CMakeFiles/testing.dir/build.make GridKit/Testing/CMakeFiles/testing.dir/build
make[2]: Leaving directory '/home/isatkaus/gridkit/build'
make  -f examples/PowerFlow/MatPowerTesting/CMakeFiles/test_parse_gencost_row.dir/build.make examples/PowerFlow/MatPowerTesting/CMakeFiles/test_parse_gencost_row.dir/build
make[2]: Leaving directory '/home/isatkaus/gridkit/build'
make  -f examples/PowerFlow/MatPowerTesting/CMakeFiles/test_parse_bus_row.dir/build.make examples/PowerFlow/MatPowerTesting/CMakeFiles/test_parse_bus_row.dir/build
make[2]: Leaving directory '/home/isatkaus/gridkit/build'
make  -f examples/PowerFlow/MatPowerTesting/CMakeFiles/test_parse_branch_row.dir/build.make examples/PowerFlow/MatPowerTesting/CMakeFiles/test_parse_branch_row.dir/build
make[2]: Leaving directory '/home/isatkaus/gridkit/build'
make  -f examples/PowerFlow/MatPowerTesting/CMakeFiles/test_parse_matpower.dir/build.make examples/PowerFlow/MatPowerTesting/CMakeFiles/test_parse_matpower.dir/build
make[2]: Entering directory '/home/isatkaus/gridkit/build'
make[2]: Entering directory '/home/isatkaus/gridkit/build'
make[2]: Entering directory '/home/isatkaus/gridkit/build'
make[2]: Entering directory '/home/isatkaus/gridkit/build'
make[2]: Entering directory '/home/isatkaus/gridkit/build'
make[2]: Entering directory '/home/isatkaus/gridkit/build'
[ 33%] Building CXX object examples/PowerFlow/MatPowerTesting/CMakeFiles/test_parse_gen_row.dir/test_parse_gen_row.cpp.o
[ 33%] Building CXX object GridKit/Testing/CMakeFiles/testing.dir/Testing.cpp.o
[ 33%] Building CXX object examples/PowerFlow/MatPowerTesting/CMakeFiles/test_parse_gencost_row.dir/test_parse_gencost_row.cpp.o
[ 34%] Building CXX object GridKit/Testing/CMakeFiles/testing.dir/CSV.cpp.o
[ 34%] Building CXX object examples/PowerFlow/MatPowerTesting/CMakeFiles/test_parse_bus_row.dir/test_parse_bus_row.cpp.o
[ 34%] Building CXX object examples/PowerFlow/MatPowerTesting/CMakeFiles/test_parse_matpower.dir/test_parse_matpower.cpp.o
[ 34%] Building CXX object examples/PowerFlow/MatPowerTesting/CMakeFiles/test_parse_branch_row.dir/test_parse_branch_row.cpp.o
cd /home/isatkaus/gridkit/build/GridKit/Testing && /nopt/nrel/apps/cpu_stack/software/gridkit/llvm/16.0.6/bin/clang++ -Dtesting_EXPORTS -I/home/isatkaus/gridkit --gcc-toolchain=/nopt/nrel/apps/cpu_stack/compilers/06-24/linux-rhel8-sapphirerapids/gcc-12.3.0/gcc-13.1.0-bmut2ysomhthj6y7oyc73c3cmxye57am -Wall -Wextra -Wconversion -Wpedantic -O2 -g -DNDEBUG -std=gnu++20 -fPIC -MD -MT GridKit/Testing/CMakeFiles/testing.dir/Testing.cpp.o -MF CMakeFiles/testing.dir/Testing.cpp.o.d -o CMakeFiles/testing.dir/Testing.cpp.o -c /home/isatkaus/gridkit/GridKit/Testing/Testing.cpp
cd /home/isatkaus/gridkit/build/examples/PowerFlow/MatPowerTesting && /nopt/nrel/apps/cpu_stack/software/gridkit/llvm/16.0.6/bin/clang++  -I/home/isatkaus/gridkit --gcc-toolchain=/nopt/nrel/apps/cpu_stack/compilers/06-24/linux-rhel8-sapphirerapids/gcc-12.3.0/gcc-13.1.0-bmut2ysomhthj6y7oyc73c3cmxye57am -Wall -Wextra -Wconversion -Wpedantic -O2 -g -DNDEBUG -std=gnu++20 -fPIE -MD -MT examples/PowerFlow/MatPowerTesting/CMakeFiles/test_parse_gencost_row.dir/test_parse_gencost_row.cpp.o -MF CMakeFiles/test_parse_gencost_row.dir/test_parse_gencost_row.cpp.o.d -o CMakeFiles/test_parse_gencost_row.dir/test_parse_gencost_row.cpp.o -c /home/isatkaus/gridkit/examples/PowerFlow/MatPowerTesting/test_parse_gencost_row.cpp
cd /home/isatkaus/gridkit/build/examples/PowerFlow/MatPowerTesting && /nopt/nrel/apps/cpu_stack/software/gridkit/llvm/16.0.6/bin/clang++  -I/home/isatkaus/gridkit --gcc-toolchain=/nopt/nrel/apps/cpu_stack/compilers/06-24/linux-rhel8-sapphirerapids/gcc-12.3.0/gcc-13.1.0-bmut2ysomhthj6y7oyc73c3cmxye57am -Wall -Wextra -Wconversion -Wpedantic -O2 -g -DNDEBUG -std=gnu++20 -fPIE -MD -MT examples/PowerFlow/MatPowerTesting/CMakeFiles/test_parse_gen_row.dir/test_parse_gen_row.cpp.o -MF CMakeFiles/test_parse_gen_row.dir/test_parse_gen_row.cpp.o.d -o CMakeFiles/test_parse_gen_row.dir/test_parse_gen_row.cpp.o -c /home/isatkaus/gridkit/examples/PowerFlow/MatPowerTesting/test_parse_gen_row.cpp
cd /home/isatkaus/gridkit/build/GridKit/Testing && /nopt/nrel/apps/cpu_stack/software/gridkit/llvm/16.0.6/bin/clang++ -Dtesting_EXPORTS -I/home/isatkaus/gridkit --gcc-toolchain=/nopt/nrel/apps/cpu_stack/compilers/06-24/linux-rhel8-sapphirerapids/gcc-12.3.0/gcc-13.1.0-bmut2ysomhthj6y7oyc73c3cmxye57am -Wall -Wextra -Wconversion -Wpedantic -O2 -g -DNDEBUG -std=gnu++20 -fPIC -MD -MT GridKit/Testing/CMakeFiles/testing.dir/CSV.cpp.o -MF CMakeFiles/testing.dir/CSV.cpp.o.d -o CMakeFiles/testing.dir/CSV.cpp.o -c /home/isatkaus/gridkit/GridKit/Testing/CSV.cpp
cd /home/isatkaus/gridkit/build/examples/PowerFlow/MatPowerTesting && /nopt/nrel/apps/cpu_stack/software/gridkit/llvm/16.0.6/bin/clang++  -I/home/isatkaus/gridkit --gcc-toolchain=/nopt/nrel/apps/cpu_stack/compilers/06-24/linux-rhel8-sapphirerapids/gcc-12.3.0/gcc-13.1.0-bmut2ysomhthj6y7oyc73c3cmxye57am -Wall -Wextra -Wconversion -Wpedantic -O2 -g -DNDEBUG -std=gnu++20 -fPIE -MD -MT examples/PowerFlow/MatPowerTesting/CMakeFiles/test_parse_branch_row.dir/test_parse_branch_row.cpp.o -MF CMakeFiles/test_parse_branch_row.dir/test_parse_branch_row.cpp.o.d -o CMakeFiles/test_parse_branch_row.dir/test_parse_branch_row.cpp.o -c /home/isatkaus/gridkit/examples/PowerFlow/MatPowerTesting/test_parse_branch_row.cpp
cd /home/isatkaus/gridkit/build/examples/PowerFlow/MatPowerTesting && /nopt/nrel/apps/cpu_stack/software/gridkit/llvm/16.0.6/bin/clang++  -I/home/isatkaus/gridkit --gcc-toolchain=/nopt/nrel/apps/cpu_stack/compilers/06-24/linux-rhel8-sapphirerapids/gcc-12.3.0/gcc-13.1.0-bmut2ysomhthj6y7oyc73c3cmxye57am -Wall -Wextra -Wconversion -Wpedantic -O2 -g -DNDEBUG -std=gnu++20 -fPIE -MD -MT examples/PowerFlow/MatPowerTesting/CMakeFiles/test_parse_matpower.dir/test_parse_matpower.cpp.o -MF CMakeFiles/test_parse_matpower.dir/test_parse_matpower.cpp.o.d -o CMakeFiles/test_parse_matpower.dir/test_parse_matpower.cpp.o -c /home/isatkaus/gridkit/examples/PowerFlow/MatPowerTesting/test_parse_matpower.cpp
cd /home/isatkaus/gridkit/build/examples/PowerFlow/MatPowerTesting && /nopt/nrel/apps/cpu_stack/software/gridkit/llvm/16.0.6/bin/clang++  -I/home/isatkaus/gridkit --gcc-toolchain=/nopt/nrel/apps/cpu_stack/compilers/06-24/linux-rhel8-sapphirerapids/gcc-12.3.0/gcc-13.1.0-bmut2ysomhthj6y7oyc73c3cmxye57am -Wall -Wextra -Wconversion -Wpedantic -O2 -g -DNDEBUG -std=gnu++20 -fPIE -MD -MT examples/PowerFlow/MatPowerTesting/CMakeFiles/test_parse_bus_row.dir/test_parse_bus_row.cpp.o -MF CMakeFiles/test_parse_bus_row.dir/test_parse_bus_row.cpp.o.d -o CMakeFiles/test_parse_bus_row.dir/test_parse_bus_row.cpp.o -c /home/isatkaus/gridkit/examples/PowerFlow/MatPowerTesting/test_parse_bus_row.cpp
[ 34%] Linking CXX shared library libgridkit_minigrid.so
cd /home/isatkaus/gridkit/build/GridKit/Model/PowerFlow/MiniGrid && /nopt/nrel/apps/cpu_stack/utilities/06-24/linux-rhel8-sapphirerapids/gcc-12.3.0/cmake-3.29.2-6n4msmc4aewj7wyi6b5g644vjrqyqgot/bin/cmake -E cmake_link_script CMakeFiles/minigrid.dir/link.txt --verbose=1
/nopt/nrel/apps/cpu_stack/software/gridkit/llvm/16.0.6/bin/clang++ -fPIC --gcc-toolchain=/nopt/nrel/apps/cpu_stack/compilers/06-24/linux-rhel8-sapphirerapids/gcc-12.3.0/gcc-13.1.0-bmut2ysomhthj6y7oyc73c3cmxye57am -Wall -Wextra -Wconversion -Wpedantic -O2 -g -DNDEBUG -Wl,-rpath,/nopt/nrel/apps/cpu_stack/compilers/06-24/linux-rhel8-sapphirerapids/gcc-12.3.0/gcc-13.1.0-bmut2ysomhthj6y7oyc73c3cmxye57am/lib/gcc/x86_64-pc-linux-gnu/13.1.0/../../../../lib64 -Wl,-rpath,/nopt/nrel/apps/cpu_stack/libraries-gcc/06-24/linux-rhel8-sapphirerapids/gcc-12.3.0/netlib-lapack-3.11.0-abk4uhd5cyrfnhh67bcdhyt6fulibezx/lib64 -shared -Wl,-soname,libgridkit_minigrid.so.0 -o libgridkit_minigrid.so.0.1.0 CMakeFiles/minigrid.dir/MiniGrid.cpp.o  -Wl,-rpath,/home/isatkaus/gridkit/build/GridKit/LinearAlgebra/Vector:/home/isatkaus/gridkit/build/GridKit/Utilities/Logger:/home/isatkaus/gridkit/build/GridKit/MemoryUtilities/cpu: ../../../LinearAlgebra/Vector/libgridkit_dense_vector.so.0.1.0 ../../../Utilities/Logger/libgridkit_utilities_logger.so.0.1.0 ../../../MemoryUtilities/cpu/libgridkit_cpu_backend.so.0.1.0
[ 35%] Linking CXX shared library libgridkit_generator.so
cd /home/isatkaus/gridkit/build/GridKit/Model/PowerFlow/Generator && /nopt/nrel/apps/cpu_stack/utilities/06-24/linux-rhel8-sapphirerapids/gcc-12.3.0/cmake-3.29.2-6n4msmc4aewj7wyi6b5g644vjrqyqgot/bin/cmake -E cmake_link_script CMakeFiles/generator.dir/link.txt --verbose=1
/nopt/nrel/apps/cpu_stack/software/gridkit/llvm/16.0.6/bin/clang++ -fPIC --gcc-toolchain=/nopt/nrel/apps/cpu_stack/compilers/06-24/linux-rhel8-sapphirerapids/gcc-12.3.0/gcc-13.1.0-bmut2ysomhthj6y7oyc73c3cmxye57am -Wall -Wextra -Wconversion -Wpedantic -O2 -g -DNDEBUG -Wl,-rpath,/nopt/nrel/apps/cpu_stack/compilers/06-24/linux-rhel8-sapphirerapids/gcc-12.3.0/gcc-13.1.0-bmut2ysomhthj6y7oyc73c3cmxye57am/lib/gcc/x86_64-pc-linux-gnu/13.1.0/../../../../lib64 -Wl,-rpath,/nopt/nrel/apps/cpu_stack/libraries-gcc/06-24/linux-rhel8-sapphirerapids/gcc-12.3.0/netlib-lapack-3.11.0-abk4uhd5cyrfnhh67bcdhyt6fulibezx/lib64 -shared -Wl,-soname,libgridkit_generator.so.0 -o libgridkit_generator.so.0.1.0 CMakeFiles/generator.dir/GeneratorSlack.cpp.o CMakeFiles/generator.dir/GeneratorPV.cpp.o CMakeFiles/generator.dir/GeneratorPQ.cpp.o  -Wl,-rpath,/home/isatkaus/gridkit/build/GridKit/LinearAlgebra/Vector:/home/isatkaus/gridkit/build/GridKit/Utilities/Logger:/home/isatkaus/gridkit/build/GridKit/MemoryUtilities/cpu: ../../../LinearAlgebra/Vector/libgridkit_dense_vector.so.0.1.0 ../../../Utilities/Logger/libgridkit_utilities_logger.so.0.1.0 ../../../MemoryUtilities/cpu/libgridkit_cpu_backend.so.0.1.0
[ 36%] Linking CXX shared library libgridkit_load.so
cd /home/isatkaus/gridkit/build/GridKit/Model/PowerFlow/Load && /nopt/nrel/apps/cpu_stack/utilities/06-24/linux-rhel8-sapphirerapids/gcc-12.3.0/cmake-3.29.2-6n4msmc4aewj7wyi6b5g644vjrqyqgot/bin/cmake -E cmake_link_script CMakeFiles/load.dir/link.txt --verbose=1
/nopt/nrel/apps/cpu_stack/software/gridkit/llvm/16.0.6/bin/clang++ -fPIC --gcc-toolchain=/nopt/nrel/apps/cpu_stack/compilers/06-24/linux-rhel8-sapphirerapids/gcc-12.3.0/gcc-13.1.0-bmut2ysomhthj6y7oyc73c3cmxye57am -Wall -Wextra -Wconversion -Wpedantic -O2 -g -DNDEBUG -Wl,-rpath,/nopt/nrel/apps/cpu_stack/compilers/06-24/linux-rhel8-sapphirerapids/gcc-12.3.0/gcc-13.1.0-bmut2ysomhthj6y7oyc73c3cmxye57am/lib/gcc/x86_64-pc-linux-gnu/13.1.0/../../../../lib64 -Wl,-rpath,/nopt/nrel/apps/cpu_stack/libraries-gcc/06-24/linux-rhel8-sapphirerapids/gcc-12.3.0/netlib-lapack-3.11.0-abk4uhd5cyrfnhh67bcdhyt6fulibezx/lib64 -shared -Wl,-soname,libgridkit_load.so.0 -o libgridkit_load.so.0.1.0 CMakeFiles/load.dir/Load.cpp.o  -Wl,-rpath,/home/isatkaus/gridkit/build/GridKit/LinearAlgebra/Vector:/home/isatkaus/gridkit/build/GridKit/Utilities/Logger:/home/isatkaus/gridkit/build/GridKit/MemoryUtilities/cpu: ../../../LinearAlgebra/Vector/libgridkit_dense_vector.so.0.1.0 ../../../Utilities/Logger/libgridkit_utilities_logger.so.0.1.0 ../../../MemoryUtilities/cpu/libgridkit_cpu_backend.so.0.1.0
[ 37%] Linking CXX shared library libgridkit_branch.so
cd /home/isatkaus/gridkit/build/GridKit/Model/PowerFlow/Branch && /nopt/nrel/apps/cpu_stack/utilities/06-24/linux-rhel8-sapphirerapids/gcc-12.3.0/cmake-3.29.2-6n4msmc4aewj7wyi6b5g644vjrqyqgot/bin/cmake -E cmake_link_script CMakeFiles/branch.dir/link.txt --verbose=1
/nopt/nrel/apps/cpu_stack/software/gridkit/llvm/16.0.6/bin/clang++ -fPIC --gcc-toolchain=/nopt/nrel/apps/cpu_stack/compilers/06-24/linux-rhel8-sapphirerapids/gcc-12.3.0/gcc-13.1.0-bmut2ysomhthj6y7oyc73c3cmxye57am -Wall -Wextra -Wconversion -Wpedantic -O2 -g -DNDEBUG -Wl,-rpath,/nopt/nrel/apps/cpu_stack/compilers/06-24/linux-rhel8-sapphirerapids/gcc-12.3.0/gcc-13.1.0-bmut2ysomhthj6y7oyc73c3cmxye57am/lib/gcc/x86_64-pc-linux-gnu/13.1.0/../../../../lib64 -Wl,-rpath,/nopt/nrel/apps/cpu_stack/libraries-gcc/06-24/linux-rhel8-sapphirerapids/gcc-12.3.0/netlib-lapack-3.11.0-abk4uhd5cyrfnhh67bcdhyt6fulibezx/lib64 -shared -Wl,-soname,libgridkit_branch.so.0 -o libgridkit_branch.so.0.1.0 CMakeFiles/branch.dir/Branch.cpp.o  -Wl,-rpath,/home/isatkaus/gridkit/build/GridKit/LinearAlgebra/Vector:/home/isatkaus/gridkit/build/GridKit/Utilities/Logger:/home/isatkaus/gridkit/build/GridKit/MemoryUtilities/cpu: ../../../LinearAlgebra/Vector/libgridkit_dense_vector.so.0.1.0 ../../../Utilities/Logger/libgridkit_utilities_logger.so.0.1.0 ../../../MemoryUtilities/cpu/libgridkit_cpu_backend.so.0.1.0
[ 37%] Linking CXX shared library libgridkit_generator2.so
cd /home/isatkaus/gridkit/build/GridKit/Model/PowerFlow/Generator2 && /nopt/nrel/apps/cpu_stack/utilities/06-24/linux-rhel8-sapphirerapids/gcc-12.3.0/cmake-3.29.2-6n4msmc4aewj7wyi6b5g644vjrqyqgot/bin/cmake -E cmake_link_script CMakeFiles/generator2.dir/link.txt --verbose=1
[ 38%] Linking CXX shared library libgridkit_solvers_steady.so
/nopt/nrel/apps/cpu_stack/software/gridkit/llvm/16.0.6/bin/clang++ -fPIC --gcc-toolchain=/nopt/nrel/apps/cpu_stack/compilers/06-24/linux-rhel8-sapphirerapids/gcc-12.3.0/gcc-13.1.0-bmut2ysomhthj6y7oyc73c3cmxye57am -Wall -Wextra -Wconversion -Wpedantic -O2 -g -DNDEBUG -Wl,-rpath,/nopt/nrel/apps/cpu_stack/compilers/06-24/linux-rhel8-sapphirerapids/gcc-12.3.0/gcc-13.1.0-bmut2ysomhthj6y7oyc73c3cmxye57am/lib/gcc/x86_64-pc-linux-gnu/13.1.0/../../../../lib64 -Wl,-rpath,/nopt/nrel/apps/cpu_stack/libraries-gcc/06-24/linux-rhel8-sapphirerapids/gcc-12.3.0/netlib-lapack-3.11.0-abk4uhd5cyrfnhh67bcdhyt6fulibezx/lib64 -shared -Wl,-soname,libgridkit_generator2.so.0 -o libgridkit_generator2.so.0.1.0 CMakeFiles/generator2.dir/Generator2.cpp.o  -Wl,-rpath,/home/isatkaus/gridkit/build/GridKit/LinearAlgebra/Vector:/home/isatkaus/gridkit/build/GridKit/Utilities/Logger:/home/isatkaus/gridkit/build/GridKit/MemoryUtilities/cpu: ../../../LinearAlgebra/Vector/libgridkit_dense_vector.so.0.1.0 ../../../Utilities/Logger/libgridkit_utilities_logger.so.0.1.0 ../../../MemoryUtilities/cpu/libgridkit_cpu_backend.so.0.1.0
cd /home/isatkaus/gridkit/build/GridKit/Solver/SteadyState && /nopt/nrel/apps/cpu_stack/utilities/06-24/linux-rhel8-sapphirerapids/gcc-12.3.0/cmake-3.29.2-6n4msmc4aewj7wyi6b5g644vjrqyqgot/bin/cmake -E cmake_link_script CMakeFiles/solvers_steady.dir/link.txt --verbose=1
/nopt/nrel/apps/cpu_stack/software/gridkit/llvm/16.0.6/bin/clang++ -fPIC --gcc-toolchain=/nopt/nrel/apps/cpu_stack/compilers/06-24/linux-rhel8-sapphirerapids/gcc-12.3.0/gcc-13.1.0-bmut2ysomhthj6y7oyc73c3cmxye57am -Wall -Wextra -Wconversion -Wpedantic -O2 -g -DNDEBUG -Wl,-rpath,/nopt/nrel/apps/cpu_stack/compilers/06-24/linux-rhel8-sapphirerapids/gcc-12.3.0/gcc-13.1.0-bmut2ysomhthj6y7oyc73c3cmxye57am/lib/gcc/x86_64-pc-linux-gnu/13.1.0/../../../../lib64 -Wl,-rpath,/nopt/nrel/apps/cpu_stack/libraries-gcc/06-24/linux-rhel8-sapphirerapids/gcc-12.3.0/netlib-lapack-3.11.0-abk4uhd5cyrfnhh67bcdhyt6fulibezx/lib64 -shared -Wl,-soname,libgridkit_solvers_steady.so.0 -o libgridkit_solvers_steady.so.0.1.0 CMakeFiles/solvers_steady.dir/Kinsol.cpp.o  -Wl,-rpath,/home/isatkaus/gridkit/build/GridKit/LinearAlgebra/Vector:/nopt/nrel/apps/cpu_stack/software/gridkit/sundials/develop/lib64:/home/isatkaus/gridkit/build/GridKit/Utilities/Logger:/home/isatkaus/gridkit/build/GridKit/MemoryUtilities/cpu: ../../LinearAlgebra/Vector/libgridkit_dense_vector.so.0.1.0 /nopt/nrel/apps/cpu_stack/software/gridkit/sundials/develop/lib64/libsundials_kinsol.so.7.8.0 /nopt/nrel/apps/cpu_stack/software/gridkit/sundials/develop/lib64/libsundials_core.so.7.8.0 ../../Utilities/Logger/libgridkit_utilities_logger.so.0.1.0 ../../MemoryUtilities/cpu/libgridkit_cpu_backend.so.0.1.0
[ 39%] Linking CXX shared library libgridkit_phasor_dynamics_bustosignaladapter.so
cd /home/isatkaus/gridkit/build/GridKit/Model/PhasorDynamics/BusToSignalAdapter && /nopt/nrel/apps/cpu_stack/utilities/06-24/linux-rhel8-sapphirerapids/gcc-12.3.0/cmake-3.29.2-6n4msmc4aewj7wyi6b5g644vjrqyqgot/bin/cmake -E cmake_link_script CMakeFiles/phasor_dynamics_bustosignaladapter.dir/link.txt --verbose=1
/nopt/nrel/apps/cpu_stack/software/gridkit/llvm/16.0.6/bin/clang++ -fPIC --gcc-toolchain=/nopt/nrel/apps/cpu_stack/compilers/06-24/linux-rhel8-sapphirerapids/gcc-12.3.0/gcc-13.1.0-bmut2ysomhthj6y7oyc73c3cmxye57am -Wall -Wextra -Wconversion -Wpedantic -O2 -g -DNDEBUG -Wl,-rpath,/nopt/nrel/apps/cpu_stack/compilers/06-24/linux-rhel8-sapphirerapids/gcc-12.3.0/gcc-13.1.0-bmut2ysomhthj6y7oyc73c3cmxye57am/lib/gcc/x86_64-pc-linux-gnu/13.1.0/../../../../lib64 -Wl,-rpath,/nopt/nrel/apps/cpu_stack/libraries-gcc/06-24/linux-rhel8-sapphirerapids/gcc-12.3.0/netlib-lapack-3.11.0-abk4uhd5cyrfnhh67bcdhyt6fulibezx/lib64 -shared -Wl,-soname,libgridkit_phasor_dynamics_bustosignaladapter.so.0 -o libgridkit_phasor_dynamics_bustosignaladapter.so.0.1.0 CMakeFiles/phasor_dynamics_bustosignaladapter.dir/BusToSignalAdapter.cpp.o  -Wl,-rpath,/home/isatkaus/gridkit/build/GridKit/Model/PhasorDynamics/SignalNode:/home/isatkaus/gridkit/build/GridKit/LinearAlgebra/Vector:/home/isatkaus/gridkit/build/GridKit/LinearAlgebra/SparseMatrix:/home/isatkaus/gridkit/build/GridKit/Utilities/Logger:/home/isatkaus/gridkit/build/GridKit/MemoryUtilities/cpu: ../SignalNode/libgridkit_phasor_dynamics_signal.so.0.1.0 ../../../LinearAlgebra/Vector/libgridkit_dense_vector.so.0.1.0 ../../../LinearAlgebra/SparseMatrix/libgridkit_sparse_matrix.so.0.1.0 ../../../Utilities/Logger/libgridkit_utilities_logger.so.0.1.0 ../../../MemoryUtilities/cpu/libgridkit_cpu_backend.so.0.1.0
[ 39%] Linking CXX shared library libgridkit_generator4.so
cd /home/isatkaus/gridkit/build/GridKit/Model/PowerFlow/Generator4 && /nopt/nrel/apps/cpu_stack/utilities/06-24/linux-rhel8-sapphirerapids/gcc-12.3.0/cmake-3.29.2-6n4msmc4aewj7wyi6b5g644vjrqyqgot/bin/cmake -E cmake_link_script CMakeFiles/generator4.dir/link.txt --verbose=1
/nopt/nrel/apps/cpu_stack/software/gridkit/llvm/16.0.6/bin/clang++ -fPIC --gcc-toolchain=/nopt/nrel/apps/cpu_stack/compilers/06-24/linux-rhel8-sapphirerapids/gcc-12.3.0/gcc-13.1.0-bmut2ysomhthj6y7oyc73c3cmxye57am -Wall -Wextra -Wconversion -Wpedantic -O2 -g -DNDEBUG -Wl,-rpath,/nopt/nrel/apps/cpu_stack/compilers/06-24/linux-rhel8-sapphirerapids/gcc-12.3.0/gcc-13.1.0-bmut2ysomhthj6y7oyc73c3cmxye57am/lib/gcc/x86_64-pc-linux-gnu/13.1.0/../../../../lib64 -Wl,-rpath,/nopt/nrel/apps/cpu_stack/libraries-gcc/06-24/linux-rhel8-sapphirerapids/gcc-12.3.0/netlib-lapack-3.11.0-abk4uhd5cyrfnhh67bcdhyt6fulibezx/lib64 -shared -Wl,-soname,libgridkit_generator4.so.0 -o libgridkit_generator4.so.0.1.0 CMakeFiles/generator4.dir/Generator4.cpp.o  -Wl,-rpath,/home/isatkaus/gridkit/build/GridKit/LinearAlgebra/Vector:/home/isatkaus/gridkit/build/GridKit/Utilities/Logger:/home/isatkaus/gridkit/build/GridKit/MemoryUtilities/cpu: ../../../LinearAlgebra/Vector/libgridkit_dense_vector.so.0.1.0 ../../../Utilities/Logger/libgridkit_utilities_logger.so.0.1.0 ../../../MemoryUtilities/cpu/libgridkit_cpu_backend.so.0.1.0
[ 39%] Linking CXX shared library libgridkit_bus.so
cd /home/isatkaus/gridkit/build/GridKit/Model/PowerFlow/Bus && /nopt/nrel/apps/cpu_stack/utilities/06-24/linux-rhel8-sapphirerapids/gcc-12.3.0/cmake-3.29.2-6n4msmc4aewj7wyi6b5g644vjrqyqgot/bin/cmake -E cmake_link_script CMakeFiles/bus.dir/link.txt --verbose=1
/nopt/nrel/apps/cpu_stack/software/gridkit/llvm/16.0.6/bin/clang++ -fPIC --gcc-toolchain=/nopt/nrel/apps/cpu_stack/compilers/06-24/linux-rhel8-sapphirerapids/gcc-12.3.0/gcc-13.1.0-bmut2ysomhthj6y7oyc73c3cmxye57am -Wall -Wextra -Wconversion -Wpedantic -O2 -g -DNDEBUG -Wl,-rpath,/nopt/nrel/apps/cpu_stack/compilers/06-24/linux-rhel8-sapphirerapids/gcc-12.3.0/gcc-13.1.0-bmut2ysomhthj6y7oyc73c3cmxye57am/lib/gcc/x86_64-pc-linux-gnu/13.1.0/../../../../lib64 -Wl,-rpath,/nopt/nrel/apps/cpu_stack/libraries-gcc/06-24/linux-rhel8-sapphirerapids/gcc-12.3.0/netlib-lapack-3.11.0-abk4uhd5cyrfnhh67bcdhyt6fulibezx/lib64 -shared -Wl,-soname,libgridkit_bus.so.0 -o libgridkit_bus.so.0.1.0 CMakeFiles/bus.dir/BusPQ.cpp.o CMakeFiles/bus.dir/BusPV.cpp.o CMakeFiles/bus.dir/BusSlack.cpp.o  -Wl,-rpath,/home/isatkaus/gridkit/build/GridKit/LinearAlgebra/Vector:/home/isatkaus/gridkit/build/GridKit/Utilities/Logger:/home/isatkaus/gridkit/build/GridKit/MemoryUtilities/cpu: ../../../LinearAlgebra/Vector/libgridkit_dense_vector.so.0.1.0 ../../../Utilities/Logger/libgridkit_utilities_logger.so.0.1.0 ../../../MemoryUtilities/cpu/libgridkit_cpu_backend.so.0.1.0
[ 40%] Linking CXX shared library libgridkit_generator4governor.so
cd /home/isatkaus/gridkit/build/GridKit/Model/PowerFlow/Generator4Governor && /nopt/nrel/apps/cpu_stack/utilities/06-24/linux-rhel8-sapphirerapids/gcc-12.3.0/cmake-3.29.2-6n4msmc4aewj7wyi6b5g644vjrqyqgot/bin/cmake -E cmake_link_script CMakeFiles/generator4governor.dir/link.txt --verbose=1
/nopt/nrel/apps/cpu_stack/software/gridkit/llvm/16.0.6/bin/clang++ -fPIC --gcc-toolchain=/nopt/nrel/apps/cpu_stack/compilers/06-24/linux-rhel8-sapphirerapids/gcc-12.3.0/gcc-13.1.0-bmut2ysomhthj6y7oyc73c3cmxye57am -Wall -Wextra -Wconversion -Wpedantic -O2 -g -DNDEBUG -Wl,-rpath,/nopt/nrel/apps/cpu_stack/compilers/06-24/linux-rhel8-sapphirerapids/gcc-12.3.0/gcc-13.1.0-bmut2ysomhthj6y7oyc73c3cmxye57am/lib/gcc/x86_64-pc-linux-gnu/13.1.0/../../../../lib64 -Wl,-rpath,/nopt/nrel/apps/cpu_stack/libraries-gcc/06-24/linux-rhel8-sapphirerapids/gcc-12.3.0/netlib-lapack-3.11.0-abk4uhd5cyrfnhh67bcdhyt6fulibezx/lib64 -shared -Wl,-soname,libgridkit_generator4governor.so.0 -o libgridkit_generator4governor.so.0.1.0 CMakeFiles/generator4governor.dir/Generator4Governor.cpp.o  -Wl,-rpath,/home/isatkaus/gridkit/build/GridKit/LinearAlgebra/Vector:/home/isatkaus/gridkit/build/GridKit/Utilities/Logger:/home/isatkaus/gridkit/build/GridKit/MemoryUtilities/cpu: ../../../LinearAlgebra/Vector/libgridkit_dense_vector.so.0.1.0 ../../../Utilities/Logger/libgridkit_utilities_logger.so.0.1.0 ../../../MemoryUtilities/cpu/libgridkit_cpu_backend.so.0.1.0
[ 41%] Linking CXX shared library libgridkit_generator4param.so
cd /home/isatkaus/gridkit/build/GridKit/Model/PowerFlow/Generator4Param && /nopt/nrel/apps/cpu_stack/utilities/06-24/linux-rhel8-sapphirerapids/gcc-12.3.0/cmake-3.29.2-6n4msmc4aewj7wyi6b5g644vjrqyqgot/bin/cmake -E cmake_link_script CMakeFiles/generator4param.dir/link.txt --verbose=1
/nopt/nrel/apps/cpu_stack/software/gridkit/llvm/16.0.6/bin/clang++ -fPIC --gcc-toolchain=/nopt/nrel/apps/cpu_stack/compilers/06-24/linux-rhel8-sapphirerapids/gcc-12.3.0/gcc-13.1.0-bmut2ysomhthj6y7oyc73c3cmxye57am -Wall -Wextra -Wconversion -Wpedantic -O2 -g -DNDEBUG -Wl,-rpath,/nopt/nrel/apps/cpu_stack/compilers/06-24/linux-rhel8-sapphirerapids/gcc-12.3.0/gcc-13.1.0-bmut2ysomhthj6y7oyc73c3cmxye57am/lib/gcc/x86_64-pc-linux-gnu/13.1.0/../../../../lib64 -Wl,-rpath,/nopt/nrel/apps/cpu_stack/libraries-gcc/06-24/linux-rhel8-sapphirerapids/gcc-12.3.0/netlib-lapack-3.11.0-abk4uhd5cyrfnhh67bcdhyt6fulibezx/lib64 -shared -Wl,-soname,libgridkit_generator4param.so.0 -o libgridkit_generator4param.so.0.1.0 CMakeFiles/generator4param.dir/Generator4Param.cpp.o  -Wl,-rpath,/home/isatkaus/gridkit/build/GridKit/LinearAlgebra/Vector:/home/isatkaus/gridkit/build/GridKit/Utilities/Logger:/home/isatkaus/gridkit/build/GridKit/MemoryUtilities/cpu: ../../../LinearAlgebra/Vector/libgridkit_dense_vector.so.0.1.0 ../../../Utilities/Logger/libgridkit_utilities_logger.so.0.1.0 ../../../MemoryUtilities/cpu/libgridkit_cpu_backend.so.0.1.0
[ 41%] Linking CXX shared library libgridkit_phasor_dynamics_signalsource.so
[ 41%] Linking CXX shared library libgridkit_phasor_dynamics_signalsource_dependency_tracking.so
cd /home/isatkaus/gridkit/build/GridKit/Model/PhasorDynamics/SignalSource && /nopt/nrel/apps/cpu_stack/utilities/06-24/linux-rhel8-sapphirerapids/gcc-12.3.0/cmake-3.29.2-6n4msmc4aewj7wyi6b5g644vjrqyqgot/bin/cmake -E cmake_link_script CMakeFiles/phasor_dynamics_signalsource.dir/link.txt --verbose=1
/nopt/nrel/apps/cpu_stack/software/gridkit/llvm/16.0.6/bin/clang++ -fPIC --gcc-toolchain=/nopt/nrel/apps/cpu_stack/compilers/06-24/linux-rhel8-sapphirerapids/gcc-12.3.0/gcc-13.1.0-bmut2ysomhthj6y7oyc73c3cmxye57am -Wall -Wextra -Wconversion -Wpedantic -O2 -g -DNDEBUG -Wl,-rpath,/nopt/nrel/apps/cpu_stack/compilers/06-24/linux-rhel8-sapphirerapids/gcc-12.3.0/gcc-13.1.0-bmut2ysomhthj6y7oyc73c3cmxye57am/lib/gcc/x86_64-pc-linux-gnu/13.1.0/../../../../lib64 -Wl,-rpath,/nopt/nrel/apps/cpu_stack/libraries-gcc/06-24/linux-rhel8-sapphirerapids/gcc-12.3.0/netlib-lapack-3.11.0-abk4uhd5cyrfnhh67bcdhyt6fulibezx/lib64 -shared -Wl,-soname,libgridkit_phasor_dynamics_signalsource.so.0 -o libgridkit_phasor_dynamics_signalsource.so.0.1.0 CMakeFiles/phasor_dynamics_signalsource.dir/ConstantSignalSource.cpp.o  -Wl,-rpath,/home/isatkaus/gridkit/build/GridKit/Model/PhasorDynamics/SignalNode:/home/isatkaus/gridkit/build/GridKit/LinearAlgebra/Vector:/home/isatkaus/gridkit/build/GridKit/LinearAlgebra/SparseMatrix:/home/isatkaus/gridkit/build/GridKit/Utilities/Logger:/home/isatkaus/gridkit/build/GridKit/MemoryUtilities/cpu: ../SignalNode/libgridkit_phasor_dynamics_signal.so.0.1.0 ../../../LinearAlgebra/Vector/libgridkit_dense_vector.so.0.1.0 ../../../LinearAlgebra/SparseMatrix/libgridkit_sparse_matrix.so.0.1.0 ../../../Utilities/Logger/libgridkit_utilities_logger.so.0.1.0 ../../../MemoryUtilities/cpu/libgridkit_cpu_backend.so.0.1.0
cd /home/isatkaus/gridkit/build/GridKit/Model/PhasorDynamics/SignalSource && /nopt/nrel/apps/cpu_stack/utilities/06-24/linux-rhel8-sapphirerapids/gcc-12.3.0/cmake-3.29.2-6n4msmc4aewj7wyi6b5g644vjrqyqgot/bin/cmake -E cmake_link_script CMakeFiles/phasor_dynamics_signalsource_dependency_tracking.dir/link.txt --verbose=1
/nopt/nrel/apps/cpu_stack/software/gridkit/llvm/16.0.6/bin/clang++ -fPIC --gcc-toolchain=/nopt/nrel/apps/cpu_stack/compilers/06-24/linux-rhel8-sapphirerapids/gcc-12.3.0/gcc-13.1.0-bmut2ysomhthj6y7oyc73c3cmxye57am -Wall -Wextra -Wconversion -Wpedantic -O2 -g -DNDEBUG -Wl,-rpath,/nopt/nrel/apps/cpu_stack/compilers/06-24/linux-rhel8-sapphirerapids/gcc-12.3.0/gcc-13.1.0-bmut2ysomhthj6y7oyc73c3cmxye57am/lib/gcc/x86_64-pc-linux-gnu/13.1.0/../../../../lib64 -Wl,-rpath,/nopt/nrel/apps/cpu_stack/libraries-gcc/06-24/linux-rhel8-sapphirerapids/gcc-12.3.0/netlib-lapack-3.11.0-abk4uhd5cyrfnhh67bcdhyt6fulibezx/lib64 -shared -Wl,-soname,libgridkit_phasor_dynamics_signalsource_dependency_tracking.so.0 -o libgridkit_phasor_dynamics_signalsource_dependency_tracking.so.0.1.0 CMakeFiles/phasor_dynamics_signalsource_dependency_tracking.dir/ConstantSignalSourceDependencyTracking.cpp.o  -Wl,-rpath,/home/isatkaus/gridkit/build/GridKit/Model/PhasorDynamics/SignalNode:/home/isatkaus/gridkit/build/GridKit/LinearAlgebra/Vector:/home/isatkaus/gridkit/build/GridKit/LinearAlgebra/SparseMatrix:/home/isatkaus/gridkit/build/GridKit/Utilities/Logger:/home/isatkaus/gridkit/build/GridKit/MemoryUtilities/cpu: ../SignalNode/libgridkit_phasor_dynamics_signal_dependency_tracking.so.0.1.0 ../../../LinearAlgebra/Vector/libgridkit_dense_vector.so.0.1.0 ../../../LinearAlgebra/SparseMatrix/libgridkit_sparse_matrix.so.0.1.0 ../../../Utilities/Logger/libgridkit_utilities_logger.so.0.1.0 ../../../MemoryUtilities/cpu/libgridkit_cpu_backend.so.0.1.0
[ 42%] Linking CXX shared library libgridkit_phasor_dynamics_bustosignaladapter_dependency_tracking.so
cd /home/isatkaus/gridkit/build/GridKit/Model/PhasorDynamics/BusToSignalAdapter && /nopt/nrel/apps/cpu_stack/utilities/06-24/linux-rhel8-sapphirerapids/gcc-12.3.0/cmake-3.29.2-6n4msmc4aewj7wyi6b5g644vjrqyqgot/bin/cmake -E cmake_link_script CMakeFiles/phasor_dynamics_bustosignaladapter_dependency_tracking.dir/link.txt --verbose=1
/nopt/nrel/apps/cpu_stack/software/gridkit/llvm/16.0.6/bin/clang++ -fPIC --gcc-toolchain=/nopt/nrel/apps/cpu_stack/compilers/06-24/linux-rhel8-sapphirerapids/gcc-12.3.0/gcc-13.1.0-bmut2ysomhthj6y7oyc73c3cmxye57am -Wall -Wextra -Wconversion -Wpedantic -O2 -g -DNDEBUG -Wl,-rpath,/nopt/nrel/apps/cpu_stack/compilers/06-24/linux-rhel8-sapphirerapids/gcc-12.3.0/gcc-13.1.0-bmut2ysomhthj6y7oyc73c3cmxye57am/lib/gcc/x86_64-pc-linux-gnu/13.1.0/../../../../lib64 -Wl,-rpath,/nopt/nrel/apps/cpu_stack/libraries-gcc/06-24/linux-rhel8-sapphirerapids/gcc-12.3.0/netlib-lapack-3.11.0-abk4uhd5cyrfnhh67bcdhyt6fulibezx/lib64 -shared -Wl,-soname,libgridkit_phasor_dynamics_bustosignaladapter_dependency_tracking.so.0 -o libgridkit_phasor_dynamics_bustosignaladapter_dependency_tracking.so.0.1.0 CMakeFiles/phasor_dynamics_bustosignaladapter_dependency_tracking.dir/BusToSignalAdapterDependencyTracking.cpp.o  -Wl,-rpath,/home/isatkaus/gridkit/build/GridKit/Model/PhasorDynamics/SignalNode:/home/isatkaus/gridkit/build/GridKit/LinearAlgebra/Vector:/home/isatkaus/gridkit/build/GridKit/LinearAlgebra/SparseMatrix:/home/isatkaus/gridkit/build/GridKit/Utilities/Logger:/home/isatkaus/gridkit/build/GridKit/MemoryUtilities/cpu: ../SignalNode/libgridkit_phasor_dynamics_signal_dependency_tracking.so.0.1.0 ../../../LinearAlgebra/Vector/libgridkit_dense_vector.so.0.1.0 ../../../LinearAlgebra/SparseMatrix/libgridkit_sparse_matrix.so.0.1.0 ../../../Utilities/Logger/libgridkit_utilities_logger.so.0.1.0 ../../../MemoryUtilities/cpu/libgridkit_cpu_backend.so.0.1.0
[ 43%] Linking CXX shared library libgridkit_power_elec_lineartrasnformer.so
cd /home/isatkaus/gridkit/build/GridKit/Model/PowerElectronics/LinearTransformer && /nopt/nrel/apps/cpu_stack/utilities/06-24/linux-rhel8-sapphirerapids/gcc-12.3.0/cmake-3.29.2-6n4msmc4aewj7wyi6b5g644vjrqyqgot/bin/cmake -E cmake_link_script CMakeFiles/power_elec_lineartrasnformer.dir/link.txt --verbose=1
/nopt/nrel/apps/cpu_stack/software/gridkit/llvm/16.0.6/bin/clang++ -fPIC --gcc-toolchain=/nopt/nrel/apps/cpu_stack/compilers/06-24/linux-rhel8-sapphirerapids/gcc-12.3.0/gcc-13.1.0-bmut2ysomhthj6y7oyc73c3cmxye57am -Wall -Wextra -Wconversion -Wpedantic -O2 -g -DNDEBUG -Wl,-rpath,/nopt/nrel/apps/cpu_stack/compilers/06-24/linux-rhel8-sapphirerapids/gcc-12.3.0/gcc-13.1.0-bmut2ysomhthj6y7oyc73c3cmxye57am/lib/gcc/x86_64-pc-linux-gnu/13.1.0/../../../../lib64 -Wl,-rpath,/nopt/nrel/apps/cpu_stack/libraries-gcc/06-24/linux-rhel8-sapphirerapids/gcc-12.3.0/netlib-lapack-3.11.0-abk4uhd5cyrfnhh67bcdhyt6fulibezx/lib64 -shared -Wl,-soname,libgridkit_power_elec_lineartrasnformer.so.0 -o libgridkit_power_elec_lineartrasnformer.so.0.1.0 CMakeFiles/power_elec_lineartrasnformer.dir/LinearTransformer.cpp.o  -Wl,-rpath,/home/isatkaus/gridkit/build/GridKit/LinearAlgebra/Vector:/home/isatkaus/gridkit/build/GridKit/Utilities/Logger:/home/isatkaus/gridkit/build/GridKit/MemoryUtilities/cpu: ../../../LinearAlgebra/Vector/libgridkit_dense_vector.so.0.1.0 ../../../Utilities/Logger/libgridkit_utilities_logger.so.0.1.0 ../../../MemoryUtilities/cpu/libgridkit_cpu_backend.so.0.1.0
[ 44%] Linking CXX shared library libgridkit_solvers_dyn.so
[ 44%] Linking CXX shared library libgridkit_power_elec_voltagesource.so
cd /home/isatkaus/gridkit/build/GridKit/Solver/Dynamic && /nopt/nrel/apps/cpu_stack/utilities/06-24/linux-rhel8-sapphirerapids/gcc-12.3.0/cmake-3.29.2-6n4msmc4aewj7wyi6b5g644vjrqyqgot/bin/cmake -E cmake_link_script CMakeFiles/solvers_dyn.dir/link.txt --verbose=1
cd /home/isatkaus/gridkit/build/GridKit/Model/PowerFlow/MiniGrid && /nopt/nrel/apps/cpu_stack/utilities/06-24/linux-rhel8-sapphirerapids/gcc-12.3.0/cmake-3.29.2-6n4msmc4aewj7wyi6b5g644vjrqyqgot/bin/cmake -E cmake_symlink_library libgridkit_minigrid.so.0.1.0 libgridkit_minigrid.so.0 libgridkit_minigrid.so
/nopt/nrel/apps/cpu_stack/software/gridkit/llvm/16.0.6/bin/clang++ -fPIC --gcc-toolchain=/nopt/nrel/apps/cpu_stack/compilers/06-24/linux-rhel8-sapphirerapids/gcc-12.3.0/gcc-13.1.0-bmut2ysomhthj6y7oyc73c3cmxye57am -Wall -Wextra -Wconversion -Wpedantic -O2 -g -DNDEBUG -Wl,-rpath,/nopt/nrel/apps/cpu_stack/compilers/06-24/linux-rhel8-sapphirerapids/gcc-12.3.0/gcc-13.1.0-bmut2ysomhthj6y7oyc73c3cmxye57am/lib/gcc/x86_64-pc-linux-gnu/13.1.0/../../../../lib64 -Wl,-rpath,/nopt/nrel/apps/cpu_stack/libraries-gcc/06-24/linux-rhel8-sapphirerapids/gcc-12.3.0/netlib-lapack-3.11.0-abk4uhd5cyrfnhh67bcdhyt6fulibezx/lib64 -shared -Wl,-soname,libgridkit_solvers_dyn.so.0 -o libgridkit_solvers_dyn.so.0.1.0 CMakeFiles/solvers_dyn.dir/Ida.cpp.o  -Wl,-rpath,/home/isatkaus/gridkit/build/GridKit/LinearAlgebra/SparseMatrix:/home/isatkaus/gridkit/build/GridKit/LinearAlgebra/Vector:/nopt/nrel/apps/cpu_stack/software/gridkit/sundials/develop/lib64:/nopt/nrel/apps/cpu_stack/software/gridkit/suitesparse/7.8.2/lib64:/home/isatkaus/gridkit/build/GridKit/Utilities/Logger:/home/isatkaus/gridkit/build/GridKit/MemoryUtilities/cpu: ../../LinearAlgebra/SparseMatrix/libgridkit_sparse_matrix.so.0.1.0 ../../LinearAlgebra/Vector/libgridkit_dense_vector.so.0.1.0 /nopt/nrel/apps/cpu_stack/software/gridkit/sundials/develop/lib64/libsundials_nvecserial.so.7.8.0 /nopt/nrel/apps/cpu_stack/software/gridkit/sundials/develop/lib64/libsundials_idas.so.6.8.0 /nopt/nrel/apps/cpu_stack/software/gridkit/sundials/develop/lib64/libsundials_sunlinsolklu.so.5.8.0 /nopt/nrel/apps/cpu_stack/software/gridkit/sundials/develop/lib64/libsundials_sunmatrixsparse.so.5.8.0 /nopt/nrel/apps/cpu_stack/software/gridkit/sundials/develop/lib64/libsundials_core.so.7.8.0 /nopt/nrel/apps/cpu_stack/software/gridkit/suitesparse/7.8.2/lib64/libklu.so /nopt/nrel/apps/cpu_stack/software/gridkit/suitesparse/7.8.2/lib64/libamd.so /nopt/nrel/apps/cpu_stack/software/gridkit/suitesparse/7.8.2/lib64/libcolamd.so /nopt/nrel/apps/cpu_stack/software/gridkit/suitesparse/7.8.2/lib64/libbtf.so /nopt/nrel/apps/cpu_stack/software/gridkit/suitesparse/7.8.2/lib64/libsuitesparseconfig.so ../../Utilities/Logger/libgridkit_utilities_logger.so.0.1.0 ../../MemoryUtilities/cpu/libgridkit_cpu_backend.so.0.1.0
cd /home/isatkaus/gridkit/build/GridKit/Model/PowerElectronics/VoltageSource && /nopt/nrel/apps/cpu_stack/utilities/06-24/linux-rhel8-sapphirerapids/gcc-12.3.0/cmake-3.29.2-6n4msmc4aewj7wyi6b5g644vjrqyqgot/bin/cmake -E cmake_link_script CMakeFiles/power_elec_voltagesource.dir/link.txt --verbose=1
/nopt/nrel/apps/cpu_stack/software/gridkit/llvm/16.0.6/bin/clang++ -fPIC --gcc-toolchain=/nopt/nrel/apps/cpu_stack/compilers/06-24/linux-rhel8-sapphirerapids/gcc-12.3.0/gcc-13.1.0-bmut2ysomhthj6y7oyc73c3cmxye57am -Wall -Wextra -Wconversion -Wpedantic -O2 -g -DNDEBUG -Wl,-rpath,/nopt/nrel/apps/cpu_stack/compilers/06-24/linux-rhel8-sapphirerapids/gcc-12.3.0/gcc-13.1.0-bmut2ysomhthj6y7oyc73c3cmxye57am/lib/gcc/x86_64-pc-linux-gnu/13.1.0/../../../../lib64 -Wl,-rpath,/nopt/nrel/apps/cpu_stack/libraries-gcc/06-24/linux-rhel8-sapphirerapids/gcc-12.3.0/netlib-lapack-3.11.0-abk4uhd5cyrfnhh67bcdhyt6fulibezx/lib64 -shared -Wl,-soname,libgridkit_power_elec_voltagesource.so.0 -o libgridkit_power_elec_voltagesource.so.0.1.0 CMakeFiles/power_elec_voltagesource.dir/VoltageSource.cpp.o  -Wl,-rpath,/home/isatkaus/gridkit/build/GridKit/LinearAlgebra/Vector:/home/isatkaus/gridkit/build/GridKit/Utilities/Logger:/home/isatkaus/gridkit/build/GridKit/MemoryUtilities/cpu: ../../../LinearAlgebra/Vector/libgridkit_dense_vector.so.0.1.0 ../../../Utilities/Logger/libgridkit_utilities_logger.so.0.1.0 ../../../MemoryUtilities/cpu/libgridkit_cpu_backend.so.0.1.0
[ 45%] Linking CXX shared library libgridkit_power_elec_microbusdq.so
[ 46%] Linking CXX shared library libgridkit_power_elec_resistor.so
cd /home/isatkaus/gridkit/build/GridKit/Model/PowerElectronics/MicrogridBusDQ && /nopt/nrel/apps/cpu_stack/utilities/06-24/linux-rhel8-sapphirerapids/gcc-12.3.0/cmake-3.29.2-6n4msmc4aewj7wyi6b5g644vjrqyqgot/bin/cmake -E cmake_link_script CMakeFiles/power_elec_microbusdq.dir/link.txt --verbose=1
cd /home/isatkaus/gridkit/build/GridKit/Model/PowerElectronics/Resistor && /nopt/nrel/apps/cpu_stack/utilities/06-24/linux-rhel8-sapphirerapids/gcc-12.3.0/cmake-3.29.2-6n4msmc4aewj7wyi6b5g644vjrqyqgot/bin/cmake -E cmake_link_script CMakeFiles/power_elec_resistor.dir/link.txt --verbose=1
make[2]: Leaving directory '/home/isatkaus/gridkit/build'
/nopt/nrel/apps/cpu_stack/software/gridkit/llvm/16.0.6/bin/clang++ -fPIC --gcc-toolchain=/nopt/nrel/apps/cpu_stack/compilers/06-24/linux-rhel8-sapphirerapids/gcc-12.3.0/gcc-13.1.0-bmut2ysomhthj6y7oyc73c3cmxye57am -Wall -Wextra -Wconversion -Wpedantic -O2 -g -DNDEBUG -Wl,-rpath,/nopt/nrel/apps/cpu_stack/compilers/06-24/linux-rhel8-sapphirerapids/gcc-12.3.0/gcc-13.1.0-bmut2ysomhthj6y7oyc73c3cmxye57am/lib/gcc/x86_64-pc-linux-gnu/13.1.0/../../../../lib64 -Wl,-rpath,/nopt/nrel/apps/cpu_stack/libraries-gcc/06-24/linux-rhel8-sapphirerapids/gcc-12.3.0/netlib-lapack-3.11.0-abk4uhd5cyrfnhh67bcdhyt6fulibezx/lib64 -shared -Wl,-soname,libgridkit_power_elec_microbusdq.so.0 -o libgridkit_power_elec_microbusdq.so.0.1.0 CMakeFiles/power_elec_microbusdq.dir/MicrogridBusDQ.cpp.o  -Wl,-rpath,/home/isatkaus/gridkit/build/GridKit/LinearAlgebra/Vector:/home/isatkaus/gridkit/build/GridKit/Utilities/Logger:/home/isatkaus/gridkit/build/GridKit/MemoryUtilities/cpu: ../../../LinearAlgebra/Vector/libgridkit_dense_vector.so.0.1.0 ../../../Utilities/Logger/libgridkit_utilities_logger.so.0.1.0 ../../../MemoryUtilities/cpu/libgridkit_cpu_backend.so.0.1.0
/nopt/nrel/apps/cpu_stack/software/gridkit/llvm/16.0.6/bin/clang++ -fPIC --gcc-toolchain=/nopt/nrel/apps/cpu_stack/compilers/06-24/linux-rhel8-sapphirerapids/gcc-12.3.0/gcc-13.1.0-bmut2ysomhthj6y7oyc73c3cmxye57am -Wall -Wextra -Wconversion -Wpedantic -O2 -g -DNDEBUG -Wl,-rpath,/nopt/nrel/apps/cpu_stack/compilers/06-24/linux-rhel8-sapphirerapids/gcc-12.3.0/gcc-13.1.0-bmut2ysomhthj6y7oyc73c3cmxye57am/lib/gcc/x86_64-pc-linux-gnu/13.1.0/../../../../lib64 -Wl,-rpath,/nopt/nrel/apps/cpu_stack/libraries-gcc/06-24/linux-rhel8-sapphirerapids/gcc-12.3.0/netlib-lapack-3.11.0-abk4uhd5cyrfnhh67bcdhyt6fulibezx/lib64 -shared -Wl,-soname,libgridkit_power_elec_resistor.so.0 -o libgridkit_power_elec_resistor.so.0.1.0 CMakeFiles/power_elec_resistor.dir/Resistor.cpp.o  -Wl,-rpath,/home/isatkaus/gridkit/build/GridKit/LinearAlgebra/Vector:/home/isatkaus/gridkit/build/GridKit/Utilities/Logger:/home/isatkaus/gridkit/build/GridKit/MemoryUtilities/cpu: ../../../LinearAlgebra/Vector/libgridkit_dense_vector.so.0.1.0 ../../../Utilities/Logger/libgridkit_utilities_logger.so.0.1.0 ../../../MemoryUtilities/cpu/libgridkit_cpu_backend.so.0.1.0
[ 46%] Built target minigrid
[ 46%] Linking CXX shared library libgridkit_power_elec_inductor.so
cd /home/isatkaus/gridkit/build/GridKit/Model/PowerElectronics/Inductor && /nopt/nrel/apps/cpu_stack/utilities/06-24/linux-rhel8-sapphirerapids/gcc-12.3.0/cmake-3.29.2-6n4msmc4aewj7wyi6b5g644vjrqyqgot/bin/cmake -E cmake_link_script CMakeFiles/power_elec_inductor.dir/link.txt --verbose=1
/nopt/nrel/apps/cpu_stack/software/gridkit/llvm/16.0.6/bin/clang++ -fPIC --gcc-toolchain=/nopt/nrel/apps/cpu_stack/compilers/06-24/linux-rhel8-sapphirerapids/gcc-12.3.0/gcc-13.1.0-bmut2ysomhthj6y7oyc73c3cmxye57am -Wall -Wextra -Wconversion -Wpedantic -O2 -g -DNDEBUG -Wl,-rpath,/nopt/nrel/apps/cpu_stack/compilers/06-24/linux-rhel8-sapphirerapids/gcc-12.3.0/gcc-13.1.0-bmut2ysomhthj6y7oyc73c3cmxye57am/lib/gcc/x86_64-pc-linux-gnu/13.1.0/../../../../lib64 -Wl,-rpath,/nopt/nrel/apps/cpu_stack/libraries-gcc/06-24/linux-rhel8-sapphirerapids/gcc-12.3.0/netlib-lapack-3.11.0-abk4uhd5cyrfnhh67bcdhyt6fulibezx/lib64 -shared -Wl,-soname,libgridkit_power_elec_inductor.so.0 -o libgridkit_power_elec_inductor.so.0.1.0 CMakeFiles/power_elec_inductor.dir/Inductor.cpp.o  -Wl,-rpath,/home/isatkaus/gridkit/build/GridKit/LinearAlgebra/Vector:/home/isatkaus/gridkit/build/GridKit/Utilities/Logger:/home/isatkaus/gridkit/build/GridKit/MemoryUtilities/cpu: ../../../LinearAlgebra/Vector/libgridkit_dense_vector.so.0.1.0 ../../../Utilities/Logger/libgridkit_utilities_logger.so.0.1.0 ../../../MemoryUtilities/cpu/libgridkit_cpu_backend.so.0.1.0
[ 46%] Linking CXX shared library libgridkit_power_elec_capacitor.so
cd /home/isatkaus/gridkit/build/GridKit/Model/PowerElectronics/Capacitor && /nopt/nrel/apps/cpu_stack/utilities/06-24/linux-rhel8-sapphirerapids/gcc-12.3.0/cmake-3.29.2-6n4msmc4aewj7wyi6b5g644vjrqyqgot/bin/cmake -E cmake_link_script CMakeFiles/power_elec_capacitor.dir/link.txt --verbose=1
/nopt/nrel/apps/cpu_stack/software/gridkit/llvm/16.0.6/bin/clang++ -fPIC --gcc-toolchain=/nopt/nrel/apps/cpu_stack/compilers/06-24/linux-rhel8-sapphirerapids/gcc-12.3.0/gcc-13.1.0-bmut2ysomhthj6y7oyc73c3cmxye57am -Wall -Wextra -Wconversion -Wpedantic -O2 -g -DNDEBUG -Wl,-rpath,/nopt/nrel/apps/cpu_stack/compilers/06-24/linux-rhel8-sapphirerapids/gcc-12.3.0/gcc-13.1.0-bmut2ysomhthj6y7oyc73c3cmxye57am/lib/gcc/x86_64-pc-linux-gnu/13.1.0/../../../../lib64 -Wl,-rpath,/nopt/nrel/apps/cpu_stack/libraries-gcc/06-24/linux-rhel8-sapphirerapids/gcc-12.3.0/netlib-lapack-3.11.0-abk4uhd5cyrfnhh67bcdhyt6fulibezx/lib64 -shared -Wl,-soname,libgridkit_power_elec_capacitor.so.0 -o libgridkit_power_elec_capacitor.so.0.1.0 CMakeFiles/power_elec_capacitor.dir/Capacitor.cpp.o  -Wl,-rpath,/home/isatkaus/gridkit/build/GridKit/LinearAlgebra/Vector:/home/isatkaus/gridkit/build/GridKit/Utilities/Logger:/home/isatkaus/gridkit/build/GridKit/MemoryUtilities/cpu: ../../../LinearAlgebra/Vector/libgridkit_dense_vector.so.0.1.0 ../../../Utilities/Logger/libgridkit_utilities_logger.so.0.1.0 ../../../MemoryUtilities/cpu/libgridkit_cpu_backend.so.0.1.0
cd /home/isatkaus/gridkit/build/GridKit/Model/PowerFlow/Generator && /nopt/nrel/apps/cpu_stack/utilities/06-24/linux-rhel8-sapphirerapids/gcc-12.3.0/cmake-3.29.2-6n4msmc4aewj7wyi6b5g644vjrqyqgot/bin/cmake -E cmake_symlink_library libgridkit_generator.so.0.1.0 libgridkit_generator.so.0 libgridkit_generator.so
make[2]: Leaving directory '/home/isatkaus/gridkit/build'
[ 46%] Built target generator
[ 46%] Linking CXX shared library libgridkit_testing.so
cd /home/isatkaus/gridkit/build/GridKit/Testing && /nopt/nrel/apps/cpu_stack/utilities/06-24/linux-rhel8-sapphirerapids/gcc-12.3.0/cmake-3.29.2-6n4msmc4aewj7wyi6b5g644vjrqyqgot/bin/cmake -E cmake_link_script CMakeFiles/testing.dir/link.txt --verbose=1
/nopt/nrel/apps/cpu_stack/software/gridkit/llvm/16.0.6/bin/clang++ -fPIC --gcc-toolchain=/nopt/nrel/apps/cpu_stack/compilers/06-24/linux-rhel8-sapphirerapids/gcc-12.3.0/gcc-13.1.0-bmut2ysomhthj6y7oyc73c3cmxye57am -Wall -Wextra -Wconversion -Wpedantic -O2 -g -DNDEBUG -Wl,-rpath,/nopt/nrel/apps/cpu_stack/compilers/06-24/linux-rhel8-sapphirerapids/gcc-12.3.0/gcc-13.1.0-bmut2ysomhthj6y7oyc73c3cmxye57am/lib/gcc/x86_64-pc-linux-gnu/13.1.0/../../../../lib64 -Wl,-rpath,/nopt/nrel/apps/cpu_stack/libraries-gcc/06-24/linux-rhel8-sapphirerapids/gcc-12.3.0/netlib-lapack-3.11.0-abk4uhd5cyrfnhh67bcdhyt6fulibezx/lib64 -shared -Wl,-soname,libgridkit_testing.so.0 -o libgridkit_testing.so.0.1.0 CMakeFiles/testing.dir/Testing.cpp.o CMakeFiles/testing.dir/CSV.cpp.o  -Wl,-rpath,/home/isatkaus/gridkit/build/GridKit/Utilities/CliArgs:/home/isatkaus/gridkit/build/GridKit/Utilities/Logger: ../Utilities/CliArgs/libgridkit_utilities_cli_args.so.0.1.0 ../Utilities/Logger/libgridkit_utilities_logger.so.0.1.0
[ 46%] Linking CXX shared library libgridkit_power_elec_microline.so
[ 46%] Linking CXX shared library libgridkit_power_elec_microload.so
cd /home/isatkaus/gridkit/build/GridKit/Model/PowerElectronics/MicrogridLine && /nopt/nrel/apps/cpu_stack/utilities/06-24/linux-rhel8-sapphirerapids/gcc-12.3.0/cmake-3.29.2-6n4msmc4aewj7wyi6b5g644vjrqyqgot/bin/cmake -E cmake_link_script CMakeFiles/power_elec_microline.dir/link.txt --verbose=1
cd /home/isatkaus/gridkit/build/GridKit/Model/PowerElectronics/MicrogridLoad && /nopt/nrel/apps/cpu_stack/utilities/06-24/linux-rhel8-sapphirerapids/gcc-12.3.0/cmake-3.29.2-6n4msmc4aewj7wyi6b5g644vjrqyqgot/bin/cmake -E cmake_link_script CMakeFiles/power_elec_microload.dir/link.txt --verbose=1
/nopt/nrel/apps/cpu_stack/software/gridkit/llvm/16.0.6/bin/clang++ -fPIC --gcc-toolchain=/nopt/nrel/apps/cpu_stack/compilers/06-24/linux-rhel8-sapphirerapids/gcc-12.3.0/gcc-13.1.0-bmut2ysomhthj6y7oyc73c3cmxye57am -Wall -Wextra -Wconversion -Wpedantic -O2 -g -DNDEBUG -Wl,-rpath,/nopt/nrel/apps/cpu_stack/compilers/06-24/linux-rhel8-sapphirerapids/gcc-12.3.0/gcc-13.1.0-bmut2ysomhthj6y7oyc73c3cmxye57am/lib/gcc/x86_64-pc-linux-gnu/13.1.0/../../../../lib64 -Wl,-rpath,/nopt/nrel/apps/cpu_stack/libraries-gcc/06-24/linux-rhel8-sapphirerapids/gcc-12.3.0/netlib-lapack-3.11.0-abk4uhd5cyrfnhh67bcdhyt6fulibezx/lib64 -shared -Wl,-soname,libgridkit_power_elec_microline.so.0 -o libgridkit_power_elec_microline.so.0.1.0 CMakeFiles/power_elec_microline.dir/MicrogridLine.cpp.o  -Wl,-rpath,/home/isatkaus/gridkit/build/GridKit/LinearAlgebra/Vector:/home/isatkaus/gridkit/build/GridKit/Utilities/Logger:/home/isatkaus/gridkit/build/GridKit/MemoryUtilities/cpu: ../../../LinearAlgebra/Vector/libgridkit_dense_vector.so.0.1.0 ../../../Utilities/Logger/libgridkit_utilities_logger.so.0.1.0 ../../../MemoryUtilities/cpu/libgridkit_cpu_backend.so.0.1.0
/nopt/nrel/apps/cpu_stack/software/gridkit/llvm/16.0.6/bin/clang++ -fPIC --gcc-toolchain=/nopt/nrel/apps/cpu_stack/compilers/06-24/linux-rhel8-sapphirerapids/gcc-12.3.0/gcc-13.1.0-bmut2ysomhthj6y7oyc73c3cmxye57am -Wall -Wextra -Wconversion -Wpedantic -O2 -g -DNDEBUG -Wl,-rpath,/nopt/nrel/apps/cpu_stack/compilers/06-24/linux-rhel8-sapphirerapids/gcc-12.3.0/gcc-13.1.0-bmut2ysomhthj6y7oyc73c3cmxye57am/lib/gcc/x86_64-pc-linux-gnu/13.1.0/../../../../lib64 -Wl,-rpath,/nopt/nrel/apps/cpu_stack/libraries-gcc/06-24/linux-rhel8-sapphirerapids/gcc-12.3.0/netlib-lapack-3.11.0-abk4uhd5cyrfnhh67bcdhyt6fulibezx/lib64 -shared -Wl,-soname,libgridkit_power_elec_microload.so.0 -o libgridkit_power_elec_microload.so.0.1.0 CMakeFiles/power_elec_microload.dir/MicrogridLoad.cpp.o  -Wl,-rpath,/home/isatkaus/gridkit/build/GridKit/LinearAlgebra/Vector:/home/isatkaus/gridkit/build/GridKit/Utilities/Logger:/home/isatkaus/gridkit/build/GridKit/MemoryUtilities/cpu: ../../../LinearAlgebra/Vector/libgridkit_dense_vector.so.0.1.0 ../../../Utilities/Logger/libgridkit_utilities_logger.so.0.1.0 ../../../MemoryUtilities/cpu/libgridkit_cpu_backend.so.0.1.0
[ 46%] Linking CXX shared library libgridkit_phasor_dynamics_bus.so
cd /home/isatkaus/gridkit/build/GridKit/Model/PhasorDynamics/Bus && /nopt/nrel/apps/cpu_stack/utilities/06-24/linux-rhel8-sapphirerapids/gcc-12.3.0/cmake-3.29.2-6n4msmc4aewj7wyi6b5g644vjrqyqgot/bin/cmake -E cmake_link_script CMakeFiles/phasor_dynamics_bus.dir/link.txt --verbose=1
cd /home/isatkaus/gridkit/build/GridKit/Model/PowerFlow/Load && /nopt/nrel/apps/cpu_stack/utilities/06-24/linux-rhel8-sapphirerapids/gcc-12.3.0/cmake-3.29.2-6n4msmc4aewj7wyi6b5g644vjrqyqgot/bin/cmake -E cmake_symlink_library libgridkit_load.so.0.1.0 libgridkit_load.so.0 libgridkit_load.so
/nopt/nrel/apps/cpu_stack/software/gridkit/llvm/16.0.6/bin/clang++ -fPIC --gcc-toolchain=/nopt/nrel/apps/cpu_stack/compilers/06-24/linux-rhel8-sapphirerapids/gcc-12.3.0/gcc-13.1.0-bmut2ysomhthj6y7oyc73c3cmxye57am -Wall -Wextra -Wconversion -Wpedantic -O2 -g -DNDEBUG -Wl,-rpath,/nopt/nrel/apps/cpu_stack/compilers/06-24/linux-rhel8-sapphirerapids/gcc-12.3.0/gcc-13.1.0-bmut2ysomhthj6y7oyc73c3cmxye57am/lib/gcc/x86_64-pc-linux-gnu/13.1.0/../../../../lib64 -Wl,-rpath,/nopt/nrel/apps/cpu_stack/libraries-gcc/06-24/linux-rhel8-sapphirerapids/gcc-12.3.0/netlib-lapack-3.11.0-abk4uhd5cyrfnhh67bcdhyt6fulibezx/lib64 -shared -Wl,-soname,libgridkit_phasor_dynamics_bus.so.0 -o libgridkit_phasor_dynamics_bus.so.0.1.0 CMakeFiles/phasor_dynamics_bus.dir/BusEnzyme.cpp.o CMakeFiles/phasor_dynamics_bus.dir/BusInfinite.cpp.o  -Wl,-rpath,/home/isatkaus/gridkit/build/GridKit/LinearAlgebra/Vector:/home/isatkaus/gridkit/build/GridKit/LinearAlgebra/SparseMatrix:/home/isatkaus/gridkit/build/GridKit/Utilities/Logger:/home/isatkaus/gridkit/build/GridKit/MemoryUtilities/cpu: ../../../LinearAlgebra/Vector/libgridkit_dense_vector.so.0.1.0 ../../../LinearAlgebra/SparseMatrix/libgridkit_sparse_matrix.so.0.1.0 ../../../Utilities/Logger/libgridkit_utilities_logger.so.0.1.0 ../../../MemoryUtilities/cpu/libgridkit_cpu_backend.so.0.1.0
[ 46%] Linking CXX shared library libgridkit_power_elec_tranline.so
make[2]: Leaving directory '/home/isatkaus/gridkit/build'
cd /home/isatkaus/gridkit/build/GridKit/Model/PowerElectronics/TransmissionLine && /nopt/nrel/apps/cpu_stack/utilities/06-24/linux-rhel8-sapphirerapids/gcc-12.3.0/cmake-3.29.2-6n4msmc4aewj7wyi6b5g644vjrqyqgot/bin/cmake -E cmake_link_script CMakeFiles/power_elec_tranline.dir/link.txt --verbose=1
cd /home/isatkaus/gridkit/build/GridKit/Model/PowerFlow/Branch && /nopt/nrel/apps/cpu_stack/utilities/06-24/linux-rhel8-sapphirerapids/gcc-12.3.0/cmake-3.29.2-6n4msmc4aewj7wyi6b5g644vjrqyqgot/bin/cmake -E cmake_symlink_library libgridkit_branch.so.0.1.0 libgridkit_branch.so.0 libgridkit_branch.so
/nopt/nrel/apps/cpu_stack/software/gridkit/llvm/16.0.6/bin/clang++ -fPIC --gcc-toolchain=/nopt/nrel/apps/cpu_stack/compilers/06-24/linux-rhel8-sapphirerapids/gcc-12.3.0/gcc-13.1.0-bmut2ysomhthj6y7oyc73c3cmxye57am -Wall -Wextra -Wconversion -Wpedantic -O2 -g -DNDEBUG -Wl,-rpath,/nopt/nrel/apps/cpu_stack/compilers/06-24/linux-rhel8-sapphirerapids/gcc-12.3.0/gcc-13.1.0-bmut2ysomhthj6y7oyc73c3cmxye57am/lib/gcc/x86_64-pc-linux-gnu/13.1.0/../../../../lib64 -Wl,-rpath,/nopt/nrel/apps/cpu_stack/libraries-gcc/06-24/linux-rhel8-sapphirerapids/gcc-12.3.0/netlib-lapack-3.11.0-abk4uhd5cyrfnhh67bcdhyt6fulibezx/lib64 -shared -Wl,-soname,libgridkit_power_elec_tranline.so.0 -o libgridkit_power_elec_tranline.so.0.1.0 CMakeFiles/power_elec_tranline.dir/TransmissionLine.cpp.o  -Wl,-rpath,/home/isatkaus/gridkit/build/GridKit/LinearAlgebra/Vector:/home/isatkaus/gridkit/build/GridKit/Utilities/Logger:/home/isatkaus/gridkit/build/GridKit/MemoryUtilities/cpu: ../../../LinearAlgebra/Vector/libgridkit_dense_vector.so.0.1.0 ../../../Utilities/Logger/libgridkit_utilities_logger.so.0.1.0 ../../../MemoryUtilities/cpu/libgridkit_cpu_backend.so.0.1.0
[ 46%] Built target load
make[2]: Leaving directory '/home/isatkaus/gridkit/build'
[ 46%] Built target branch
cd /home/isatkaus/gridkit/build/GridKit/Model/PowerFlow/Generator2 && /nopt/nrel/apps/cpu_stack/utilities/06-24/linux-rhel8-sapphirerapids/gcc-12.3.0/cmake-3.29.2-6n4msmc4aewj7wyi6b5g644vjrqyqgot/bin/cmake -E cmake_symlink_library libgridkit_generator2.so.0.1.0 libgridkit_generator2.so.0 libgridkit_generator2.so
[ 46%] Linking CXX shared library libgridkit_power_elec_inductionmotor.so
cd /home/isatkaus/gridkit/build/GridKit/Model/PowerElectronics/InductionMotor && /nopt/nrel/apps/cpu_stack/utilities/06-24/linux-rhel8-sapphirerapids/gcc-12.3.0/cmake-3.29.2-6n4msmc4aewj7wyi6b5g644vjrqyqgot/bin/cmake -E cmake_link_script CMakeFiles/power_elec_inductionmotor.dir/link.txt --verbose=1
[ 46%] Linking CXX shared library libgridkit_phasor_dynamics_governor_tgov1.so
/nopt/nrel/apps/cpu_stack/software/gridkit/llvm/16.0.6/bin/clang++ -fPIC --gcc-toolchain=/nopt/nrel/apps/cpu_stack/compilers/06-24/linux-rhel8-sapphirerapids/gcc-12.3.0/gcc-13.1.0-bmut2ysomhthj6y7oyc73c3cmxye57am -Wall -Wextra -Wconversion -Wpedantic -O2 -g -DNDEBUG -Wl,-rpath,/nopt/nrel/apps/cpu_stack/compilers/06-24/linux-rhel8-sapphirerapids/gcc-12.3.0/gcc-13.1.0-bmut2ysomhthj6y7oyc73c3cmxye57am/lib/gcc/x86_64-pc-linux-gnu/13.1.0/../../../../lib64 -Wl,-rpath,/nopt/nrel/apps/cpu_stack/libraries-gcc/06-24/linux-rhel8-sapphirerapids/gcc-12.3.0/netlib-lapack-3.11.0-abk4uhd5cyrfnhh67bcdhyt6fulibezx/lib64 -shared -Wl,-soname,libgridkit_power_elec_inductionmotor.so.0 -o libgridkit_power_elec_inductionmotor.so.0.1.0 CMakeFiles/power_elec_inductionmotor.dir/InductionMotor.cpp.o  -Wl,-rpath,/home/isatkaus/gridkit/build/GridKit/LinearAlgebra/Vector:/home/isatkaus/gridkit/build/GridKit/Utilities/Logger:/home/isatkaus/gridkit/build/GridKit/MemoryUtilities/cpu: ../../../LinearAlgebra/Vector/libgridkit_dense_vector.so.0.1.0 ../../../Utilities/Logger/libgridkit_utilities_logger.so.0.1.0 ../../../MemoryUtilities/cpu/libgridkit_cpu_backend.so.0.1.0
cd /home/isatkaus/gridkit/build/GridKit/Model/PhasorDynamics/Governor/Tgov1 && /nopt/nrel/apps/cpu_stack/utilities/06-24/linux-rhel8-sapphirerapids/gcc-12.3.0/cmake-3.29.2-6n4msmc4aewj7wyi6b5g644vjrqyqgot/bin/cmake -E cmake_link_script CMakeFiles/phasor_dynamics_governor_tgov1.dir/link.txt --verbose=1
cd /home/isatkaus/gridkit/build/GridKit/Solver/SteadyState && /nopt/nrel/apps/cpu_stack/utilities/06-24/linux-rhel8-sapphirerapids/gcc-12.3.0/cmake-3.29.2-6n4msmc4aewj7wyi6b5g644vjrqyqgot/bin/cmake -E cmake_symlink_library libgridkit_solvers_steady.so.0.1.0 libgridkit_solvers_steady.so.0 libgridkit_solvers_steady.so
make[2]: Leaving directory '/home/isatkaus/gridkit/build'
/nopt/nrel/apps/cpu_stack/software/gridkit/llvm/16.0.6/bin/clang++ -fPIC --gcc-toolchain=/nopt/nrel/apps/cpu_stack/compilers/06-24/linux-rhel8-sapphirerapids/gcc-12.3.0/gcc-13.1.0-bmut2ysomhthj6y7oyc73c3cmxye57am -Wall -Wextra -Wconversion -Wpedantic -O2 -g -DNDEBUG -Wl,-rpath,/nopt/nrel/apps/cpu_stack/compilers/06-24/linux-rhel8-sapphirerapids/gcc-12.3.0/gcc-13.1.0-bmut2ysomhthj6y7oyc73c3cmxye57am/lib/gcc/x86_64-pc-linux-gnu/13.1.0/../../../../lib64 -Wl,-rpath,/nopt/nrel/apps/cpu_stack/libraries-gcc/06-24/linux-rhel8-sapphirerapids/gcc-12.3.0/netlib-lapack-3.11.0-abk4uhd5cyrfnhh67bcdhyt6fulibezx/lib64 -shared -Wl,-soname,libgridkit_phasor_dynamics_governor_tgov1.so.0 -o libgridkit_phasor_dynamics_governor_tgov1.so.0.1.0 CMakeFiles/phasor_dynamics_governor_tgov1.dir/Tgov1Enzyme.cpp.o  -Wl,-rpath,/home/isatkaus/gridkit/build/GridKit/Model/PhasorDynamics/SignalNode:/home/isatkaus/gridkit/build/GridKit/LinearAlgebra/Vector:/home/isatkaus/gridkit/build/GridKit/LinearAlgebra/SparseMatrix:/home/isatkaus/gridkit/build/GridKit/Utilities/Logger:/home/isatkaus/gridkit/build/GridKit/MemoryUtilities/cpu: ../../SignalNode/libgridkit_phasor_dynamics_signal.so.0.1.0 ../../../../LinearAlgebra/Vector/libgridkit_dense_vector.so.0.1.0 ../../../../LinearAlgebra/SparseMatrix/libgridkit_sparse_matrix.so.0.1.0 ../../../../Utilities/Logger/libgridkit_utilities_logger.so.0.1.0 ../../../../MemoryUtilities/cpu/libgridkit_cpu_backend.so.0.1.0
[ 46%] Built target generator2
make[2]: Leaving directory '/home/isatkaus/gridkit/build'
[ 46%] Built target solvers_steady
cd /home/isatkaus/gridkit/build/GridKit/Model/PhasorDynamics/BusToSignalAdapter && /nopt/nrel/apps/cpu_stack/utilities/06-24/linux-rhel8-sapphirerapids/gcc-12.3.0/cmake-3.29.2-6n4msmc4aewj7wyi6b5g644vjrqyqgot/bin/cmake -E cmake_symlink_library libgridkit_phasor_dynamics_bustosignaladapter.so.0.1.0 libgridkit_phasor_dynamics_bustosignaladapter.so.0 libgridkit_phasor_dynamics_bustosignaladapter.so
make[2]: Leaving directory '/home/isatkaus/gridkit/build'
[ 46%] Built target phasor_dynamics_bustosignaladapter
cd /home/isatkaus/gridkit/build/GridKit/Model/PowerFlow/Generator4 && /nopt/nrel/apps/cpu_stack/utilities/06-24/linux-rhel8-sapphirerapids/gcc-12.3.0/cmake-3.29.2-6n4msmc4aewj7wyi6b5g644vjrqyqgot/bin/cmake -E cmake_symlink_library libgridkit_generator4.so.0.1.0 libgridkit_generator4.so.0 libgridkit_generator4.so
cd /home/isatkaus/gridkit/build/GridKit/Model/PowerFlow/Bus && /nopt/nrel/apps/cpu_stack/utilities/06-24/linux-rhel8-sapphirerapids/gcc-12.3.0/cmake-3.29.2-6n4msmc4aewj7wyi6b5g644vjrqyqgot/bin/cmake -E cmake_symlink_library libgridkit_bus.so.0.1.0 libgridkit_bus.so.0 libgridkit_bus.so
make[2]: Leaving directory '/home/isatkaus/gridkit/build'
[ 46%] Built target generator4
make[2]: Leaving directory '/home/isatkaus/gridkit/build'
[ 46%] Built target bus
make  -f examples/PowerFlow/Grid3Bus/CMakeFiles/grid3bus.dir/build.make examples/PowerFlow/Grid3Bus/CMakeFiles/grid3bus.dir/depend
make[2]: Entering directory '/home/isatkaus/gridkit/build'
cd /home/isatkaus/gridkit/build && /nopt/nrel/apps/cpu_stack/utilities/06-24/linux-rhel8-sapphirerapids/gcc-12.3.0/cmake-3.29.2-6n4msmc4aewj7wyi6b5g644vjrqyqgot/bin/cmake -E cmake_depends "Unix Makefiles" /home/isatkaus/gridkit /home/isatkaus/gridkit/examples/PowerFlow/Grid3Bus /home/isatkaus/gridkit/build /home/isatkaus/gridkit/build/examples/PowerFlow/Grid3Bus /home/isatkaus/gridkit/build/examples/PowerFlow/Grid3Bus/CMakeFiles/grid3bus.dir/DependInfo.cmake "--color="
make[2]: Leaving directory '/home/isatkaus/gridkit/build'
make  -f examples/PowerFlow/Grid3Bus/CMakeFiles/grid3bus.dir/build.make examples/PowerFlow/Grid3Bus/CMakeFiles/grid3bus.dir/build
make[2]: Entering directory '/home/isatkaus/gridkit/build'
[ 47%] Building CXX object examples/PowerFlow/Grid3Bus/CMakeFiles/grid3bus.dir/Grid3BusSys.cpp.o
cd /home/isatkaus/gridkit/build/examples/PowerFlow/Grid3Bus && /nopt/nrel/apps/cpu_stack/software/gridkit/llvm/16.0.6/bin/clang++  -I/home/isatkaus/gridkit -isystem /nopt/nrel/apps/cpu_stack/software/gridkit/sundials/develop/include --gcc-toolchain=/nopt/nrel/apps/cpu_stack/compilers/06-24/linux-rhel8-sapphirerapids/gcc-12.3.0/gcc-13.1.0-bmut2ysomhthj6y7oyc73c3cmxye57am -Wall -Wextra -Wconversion -Wpedantic -O2 -g -DNDEBUG -std=gnu++20 -fPIE -MD -MT examples/PowerFlow/Grid3Bus/CMakeFiles/grid3bus.dir/Grid3BusSys.cpp.o -MF CMakeFiles/grid3bus.dir/Grid3BusSys.cpp.o.d -o CMakeFiles/grid3bus.dir/Grid3BusSys.cpp.o -c /home/isatkaus/gridkit/examples/PowerFlow/Grid3Bus/Grid3BusSys.cpp
[ 48%] Linking CXX shared library libgridkit_phasor_dynamics_bus_dependency_tracking.so
cd /home/isatkaus/gridkit/build/GridKit/Model/PhasorDynamics/Bus && /nopt/nrel/apps/cpu_stack/utilities/06-24/linux-rhel8-sapphirerapids/gcc-12.3.0/cmake-3.29.2-6n4msmc4aewj7wyi6b5g644vjrqyqgot/bin/cmake -E cmake_link_script CMakeFiles/phasor_dynamics_bus_dependency_tracking.dir/link.txt --verbose=1
/nopt/nrel/apps/cpu_stack/software/gridkit/llvm/16.0.6/bin/clang++ -fPIC --gcc-toolchain=/nopt/nrel/apps/cpu_stack/compilers/06-24/linux-rhel8-sapphirerapids/gcc-12.3.0/gcc-13.1.0-bmut2ysomhthj6y7oyc73c3cmxye57am -Wall -Wextra -Wconversion -Wpedantic -O2 -g -DNDEBUG -Wl,-rpath,/nopt/nrel/apps/cpu_stack/compilers/06-24/linux-rhel8-sapphirerapids/gcc-12.3.0/gcc-13.1.0-bmut2ysomhthj6y7oyc73c3cmxye57am/lib/gcc/x86_64-pc-linux-gnu/13.1.0/../../../../lib64 -Wl,-rpath,/nopt/nrel/apps/cpu_stack/libraries-gcc/06-24/linux-rhel8-sapphirerapids/gcc-12.3.0/netlib-lapack-3.11.0-abk4uhd5cyrfnhh67bcdhyt6fulibezx/lib64 -shared -Wl,-soname,libgridkit_phasor_dynamics_bus_dependency_tracking.so.0 -o libgridkit_phasor_dynamics_bus_dependency_tracking.so.0.1.0 CMakeFiles/phasor_dynamics_bus_dependency_tracking.dir/BusDependencyTracking.cpp.o CMakeFiles/phasor_dynamics_bus_dependency_tracking.dir/BusInfiniteDependencyTracking.cpp.o  -Wl,-rpath,/home/isatkaus/gridkit/build/GridKit/LinearAlgebra/Vector:/home/isatkaus/gridkit/build/GridKit/LinearAlgebra/SparseMatrix:/home/isatkaus/gridkit/build/GridKit/Utilities/Logger:/home/isatkaus/gridkit/build/GridKit/MemoryUtilities/cpu: ../../../LinearAlgebra/Vector/libgridkit_dense_vector.so.0.1.0 ../../../LinearAlgebra/SparseMatrix/libgridkit_sparse_matrix.so.0.1.0 ../../../Utilities/Logger/libgridkit_utilities_logger.so.0.1.0 ../../../MemoryUtilities/cpu/libgridkit_cpu_backend.so.0.1.0
cd /home/isatkaus/gridkit/build/GridKit/Model/PowerFlow/Generator4Param && /nopt/nrel/apps/cpu_stack/utilities/06-24/linux-rhel8-sapphirerapids/gcc-12.3.0/cmake-3.29.2-6n4msmc4aewj7wyi6b5g644vjrqyqgot/bin/cmake -E cmake_symlink_library libgridkit_generator4param.so.0.1.0 libgridkit_generator4param.so.0 libgridkit_generator4param.so
cd /home/isatkaus/gridkit/build/GridKit/Model/PowerFlow/Generator4Governor && /nopt/nrel/apps/cpu_stack/utilities/06-24/linux-rhel8-sapphirerapids/gcc-12.3.0/cmake-3.29.2-6n4msmc4aewj7wyi6b5g644vjrqyqgot/bin/cmake -E cmake_symlink_library libgridkit_generator4governor.so.0.1.0 libgridkit_generator4governor.so.0 libgridkit_generator4governor.so
make[2]: Leaving directory '/home/isatkaus/gridkit/build'
[ 48%] Built target generator4param
cd /home/isatkaus/gridkit/build/GridKit/Model/PhasorDynamics/SignalSource && /nopt/nrel/apps/cpu_stack/utilities/06-24/linux-rhel8-sapphirerapids/gcc-12.3.0/cmake-3.29.2-6n4msmc4aewj7wyi6b5g644vjrqyqgot/bin/cmake -E cmake_symlink_library libgridkit_phasor_dynamics_signalsource_dependency_tracking.so.0.1.0 libgridkit_phasor_dynamics_signalsource_dependency_tracking.so.0 libgridkit_phasor_dynamics_signalsource_dependency_tracking.so
make[2]: Leaving directory '/home/isatkaus/gridkit/build'
[ 48%] Linking CXX shared library libgridkit_power_elec_synmachine.so
[ 48%] Built target generator4governor
cd /home/isatkaus/gridkit/build/GridKit/Model/PowerElectronics/SynchronousMachine && /nopt/nrel/apps/cpu_stack/utilities/06-24/linux-rhel8-sapphirerapids/gcc-12.3.0/cmake-3.29.2-6n4msmc4aewj7wyi6b5g644vjrqyqgot/bin/cmake -E cmake_link_script CMakeFiles/power_elec_synmachine.dir/link.txt --verbose=1
/nopt/nrel/apps/cpu_stack/software/gridkit/llvm/16.0.6/bin/clang++ -fPIC --gcc-toolchain=/nopt/nrel/apps/cpu_stack/compilers/06-24/linux-rhel8-sapphirerapids/gcc-12.3.0/gcc-13.1.0-bmut2ysomhthj6y7oyc73c3cmxye57am -Wall -Wextra -Wconversion -Wpedantic -O2 -g -DNDEBUG -Wl,-rpath,/nopt/nrel/apps/cpu_stack/compilers/06-24/linux-rhel8-sapphirerapids/gcc-12.3.0/gcc-13.1.0-bmut2ysomhthj6y7oyc73c3cmxye57am/lib/gcc/x86_64-pc-linux-gnu/13.1.0/../../../../lib64 -Wl,-rpath,/nopt/nrel/apps/cpu_stack/libraries-gcc/06-24/linux-rhel8-sapphirerapids/gcc-12.3.0/netlib-lapack-3.11.0-abk4uhd5cyrfnhh67bcdhyt6fulibezx/lib64 -shared -Wl,-soname,libgridkit_power_elec_synmachine.so.0 -o libgridkit_power_elec_synmachine.so.0.1.0 CMakeFiles/power_elec_synmachine.dir/SynchronousMachine.cpp.o  -Wl,-rpath,/home/isatkaus/gridkit/build/GridKit/LinearAlgebra/Vector:/home/isatkaus/gridkit/build/GridKit/Utilities/Logger:/home/isatkaus/gridkit/build/GridKit/MemoryUtilities/cpu: ../../../LinearAlgebra/Vector/libgridkit_dense_vector.so.0.1.0 ../../../Utilities/Logger/libgridkit_utilities_logger.so.0.1.0 ../../../MemoryUtilities/cpu/libgridkit_cpu_backend.so.0.1.0
make[2]: Leaving directory '/home/isatkaus/gridkit/build'
[ 48%] Built target phasor_dynamics_signalsource_dependency_tracking
cd /home/isatkaus/gridkit/build/GridKit/Model/PhasorDynamics/SignalSource && /nopt/nrel/apps/cpu_stack/utilities/06-24/linux-rhel8-sapphirerapids/gcc-12.3.0/cmake-3.29.2-6n4msmc4aewj7wyi6b5g644vjrqyqgot/bin/cmake -E cmake_symlink_library libgridkit_phasor_dynamics_signalsource.so.0.1.0 libgridkit_phasor_dynamics_signalsource.so.0 libgridkit_phasor_dynamics_signalsource.so
make[2]: Leaving directory '/home/isatkaus/gridkit/build'
[ 48%] Built target phasor_dynamics_signalsource
[ 50%] Linking CXX shared library libgridkit_phasor_dynamics_loadz.so
[ 50%] Linking CXX shared library libgridkit_phasor_dynamics_bus_fault.so
[ 50%] Linking CXX shared library libgridkit_phasor_dynamics_exciter_sexspti.so
cd /home/isatkaus/gridkit/build/GridKit/Model/PhasorDynamics/BusToSignalAdapter && /nopt/nrel/apps/cpu_stack/utilities/06-24/linux-rhel8-sapphirerapids/gcc-12.3.0/cmake-3.29.2-6n4msmc4aewj7wyi6b5g644vjrqyqgot/bin/cmake -E cmake_symlink_library libgridkit_phasor_dynamics_bustosignaladapter_dependency_tracking.so.0.1.0 libgridkit_phasor_dynamics_bustosignaladapter_dependency_tracking.so.0 libgridkit_phasor_dynamics_bustosignaladapter_dependency_tracking.so
cd /home/isatkaus/gridkit/build/GridKit/Model/PhasorDynamics/BusFault && /nopt/nrel/apps/cpu_stack/utilities/06-24/linux-rhel8-sapphirerapids/gcc-12.3.0/cmake-3.29.2-6n4msmc4aewj7wyi6b5g644vjrqyqgot/bin/cmake -E cmake_link_script CMakeFiles/phasor_dynamics_bus_fault.dir/link.txt --verbose=1
cd /home/isatkaus/gridkit/build/GridKit/Model/PhasorDynamics/Load/LoadZ && /nopt/nrel/apps/cpu_stack/utilities/06-24/linux-rhel8-sapphirerapids/gcc-12.3.0/cmake-3.29.2-6n4msmc4aewj7wyi6b5g644vjrqyqgot/bin/cmake -E cmake_link_script CMakeFiles/phasor_dynamics_loadz.dir/link.txt --verbose=1
cd /home/isatkaus/gridkit/build/GridKit/Model/PhasorDynamics/Exciter/SEXS-PTI && /nopt/nrel/apps/cpu_stack/utilities/06-24/linux-rhel8-sapphirerapids/gcc-12.3.0/cmake-3.29.2-6n4msmc4aewj7wyi6b5g644vjrqyqgot/bin/cmake -E cmake_link_script CMakeFiles/phasor_dynamics_exciter_sexspti.dir/link.txt --verbose=1
/nopt/nrel/apps/cpu_stack/software/gridkit/llvm/16.0.6/bin/clang++ -fPIC --gcc-toolchain=/nopt/nrel/apps/cpu_stack/compilers/06-24/linux-rhel8-sapphirerapids/gcc-12.3.0/gcc-13.1.0-bmut2ysomhthj6y7oyc73c3cmxye57am -Wall -Wextra -Wconversion -Wpedantic -O2 -g -DNDEBUG -Wl,-rpath,/nopt/nrel/apps/cpu_stack/compilers/06-24/linux-rhel8-sapphirerapids/gcc-12.3.0/gcc-13.1.0-bmut2ysomhthj6y7oyc73c3cmxye57am/lib/gcc/x86_64-pc-linux-gnu/13.1.0/../../../../lib64 -Wl,-rpath,/nopt/nrel/apps/cpu_stack/libraries-gcc/06-24/linux-rhel8-sapphirerapids/gcc-12.3.0/netlib-lapack-3.11.0-abk4uhd5cyrfnhh67bcdhyt6fulibezx/lib64 -shared -Wl,-soname,libgridkit_phasor_dynamics_loadz.so.0 -o libgridkit_phasor_dynamics_loadz.so.0.1.0 CMakeFiles/phasor_dynamics_loadz.dir/LoadZEnzyme.cpp.o  -Wl,-rpath,/home/isatkaus/gridkit/build/GridKit/LinearAlgebra/Vector:/home/isatkaus/gridkit/build/GridKit/LinearAlgebra/SparseMatrix:/home/isatkaus/gridkit/build/GridKit/Utilities/Logger:/home/isatkaus/gridkit/build/GridKit/MemoryUtilities/cpu: ../../../../LinearAlgebra/Vector/libgridkit_dense_vector.so.0.1.0 ../../../../LinearAlgebra/SparseMatrix/libgridkit_sparse_matrix.so.0.1.0 ../../../../Utilities/Logger/libgridkit_utilities_logger.so.0.1.0 ../../../../MemoryUtilities/cpu/libgridkit_cpu_backend.so.0.1.0
/nopt/nrel/apps/cpu_stack/software/gridkit/llvm/16.0.6/bin/clang++ -fPIC --gcc-toolchain=/nopt/nrel/apps/cpu_stack/compilers/06-24/linux-rhel8-sapphirerapids/gcc-12.3.0/gcc-13.1.0-bmut2ysomhthj6y7oyc73c3cmxye57am -Wall -Wextra -Wconversion -Wpedantic -O2 -g -DNDEBUG -Wl,-rpath,/nopt/nrel/apps/cpu_stack/compilers/06-24/linux-rhel8-sapphirerapids/gcc-12.3.0/gcc-13.1.0-bmut2ysomhthj6y7oyc73c3cmxye57am/lib/gcc/x86_64-pc-linux-gnu/13.1.0/../../../../lib64 -Wl,-rpath,/nopt/nrel/apps/cpu_stack/libraries-gcc/06-24/linux-rhel8-sapphirerapids/gcc-12.3.0/netlib-lapack-3.11.0-abk4uhd5cyrfnhh67bcdhyt6fulibezx/lib64 -shared -Wl,-soname,libgridkit_phasor_dynamics_exciter_sexspti.so.0 -o libgridkit_phasor_dynamics_exciter_sexspti.so.0.1.0 CMakeFiles/phasor_dynamics_exciter_sexspti.dir/SexsPtiEnzyme.cpp.o  -Wl,-rpath,/home/isatkaus/gridkit/build/GridKit/Model/PhasorDynamics/SignalNode:/home/isatkaus/gridkit/build/GridKit/LinearAlgebra/Vector:/home/isatkaus/gridkit/build/GridKit/LinearAlgebra/SparseMatrix:/home/isatkaus/gridkit/build/GridKit/Utilities/Logger:/home/isatkaus/gridkit/build/GridKit/MemoryUtilities/cpu: ../../SignalNode/libgridkit_phasor_dynamics_signal.so.0.1.0 ../../../../LinearAlgebra/Vector/libgridkit_dense_vector.so.0.1.0 ../../../../LinearAlgebra/SparseMatrix/libgridkit_sparse_matrix.so.0.1.0 ../../../../Utilities/Logger/libgridkit_utilities_logger.so.0.1.0 ../../../../MemoryUtilities/cpu/libgridkit_cpu_backend.so.0.1.0
/nopt/nrel/apps/cpu_stack/software/gridkit/llvm/16.0.6/bin/clang++ -fPIC --gcc-toolchain=/nopt/nrel/apps/cpu_stack/compilers/06-24/linux-rhel8-sapphirerapids/gcc-12.3.0/gcc-13.1.0-bmut2ysomhthj6y7oyc73c3cmxye57am -Wall -Wextra -Wconversion -Wpedantic -O2 -g -DNDEBUG -Wl,-rpath,/nopt/nrel/apps/cpu_stack/compilers/06-24/linux-rhel8-sapphirerapids/gcc-12.3.0/gcc-13.1.0-bmut2ysomhthj6y7oyc73c3cmxye57am/lib/gcc/x86_64-pc-linux-gnu/13.1.0/../../../../lib64 -Wl,-rpath,/nopt/nrel/apps/cpu_stack/libraries-gcc/06-24/linux-rhel8-sapphirerapids/gcc-12.3.0/netlib-lapack-3.11.0-abk4uhd5cyrfnhh67bcdhyt6fulibezx/lib64 -shared -Wl,-soname,libgridkit_phasor_dynamics_bus_fault.so.0 -o libgridkit_phasor_dynamics_bus_fault.so.0.1.0 CMakeFiles/phasor_dynamics_bus_fault.dir/BusFaultEnzyme.cpp.o  -Wl,-rpath,/home/isatkaus/gridkit/build/GridKit/LinearAlgebra/Vector:/home/isatkaus/gridkit/build/GridKit/LinearAlgebra/SparseMatrix:/home/isatkaus/gridkit/build/GridKit/Utilities/Logger:/home/isatkaus/gridkit/build/GridKit/MemoryUtilities/cpu: ../../../LinearAlgebra/Vector/libgridkit_dense_vector.so.0.1.0 ../../../LinearAlgebra/SparseMatrix/libgridkit_sparse_matrix.so.0.1.0 ../../../Utilities/Logger/libgridkit_utilities_logger.so.0.1.0 ../../../MemoryUtilities/cpu/libgridkit_cpu_backend.so.0.1.0
make[2]: Leaving directory '/home/isatkaus/gridkit/build'
[ 50%] Built target phasor_dynamics_bustosignaladapter_dependency_tracking
[ 50%] Linking CXX shared library libgridkit_phasor_dynamics_bus_fault_dependency_tracking.so
cd /home/isatkaus/gridkit/build/GridKit/Model/PowerElectronics/LinearTransformer && /nopt/nrel/apps/cpu_stack/utilities/06-24/linux-rhel8-sapphirerapids/gcc-12.3.0/cmake-3.29.2-6n4msmc4aewj7wyi6b5g644vjrqyqgot/bin/cmake -E cmake_symlink_library libgridkit_power_elec_lineartrasnformer.so.0.1.0 libgridkit_power_elec_lineartrasnformer.so.0 libgridkit_power_elec_lineartrasnformer.so
cd /home/isatkaus/gridkit/build/GridKit/Model/PhasorDynamics/BusFault && /nopt/nrel/apps/cpu_stack/utilities/06-24/linux-rhel8-sapphirerapids/gcc-12.3.0/cmake-3.29.2-6n4msmc4aewj7wyi6b5g644vjrqyqgot/bin/cmake -E cmake_link_script CMakeFiles/phasor_dynamics_bus_fault_dependency_tracking.dir/link.txt --verbose=1
[ 50%] Linking CXX shared library libgridkit_phasor_dynamics_loadz_dependency_tracking.so
/nopt/nrel/apps/cpu_stack/software/gridkit/llvm/16.0.6/bin/clang++ -fPIC --gcc-toolchain=/nopt/nrel/apps/cpu_stack/compilers/06-24/linux-rhel8-sapphirerapids/gcc-12.3.0/gcc-13.1.0-bmut2ysomhthj6y7oyc73c3cmxye57am -Wall -Wextra -Wconversion -Wpedantic -O2 -g -DNDEBUG -Wl,-rpath,/nopt/nrel/apps/cpu_stack/compilers/06-24/linux-rhel8-sapphirerapids/gcc-12.3.0/gcc-13.1.0-bmut2ysomhthj6y7oyc73c3cmxye57am/lib/gcc/x86_64-pc-linux-gnu/13.1.0/../../../../lib64 -Wl,-rpath,/nopt/nrel/apps/cpu_stack/libraries-gcc/06-24/linux-rhel8-sapphirerapids/gcc-12.3.0/netlib-lapack-3.11.0-abk4uhd5cyrfnhh67bcdhyt6fulibezx/lib64 -shared -Wl,-soname,libgridkit_phasor_dynamics_bus_fault_dependency_tracking.so.0 -o libgridkit_phasor_dynamics_bus_fault_dependency_tracking.so.0.1.0 CMakeFiles/phasor_dynamics_bus_fault_dependency_tracking.dir/BusFaultDependencyTracking.cpp.o  -Wl,-rpath,/home/isatkaus/gridkit/build/GridKit/LinearAlgebra/Vector:/home/isatkaus/gridkit/build/GridKit/LinearAlgebra/SparseMatrix:/home/isatkaus/gridkit/build/GridKit/Utilities/Logger:/home/isatkaus/gridkit/build/GridKit/MemoryUtilities/cpu: ../../../LinearAlgebra/Vector/libgridkit_dense_vector.so.0.1.0 ../../../LinearAlgebra/SparseMatrix/libgridkit_sparse_matrix.so.0.1.0 ../../../Utilities/Logger/libgridkit_utilities_logger.so.0.1.0 ../../../MemoryUtilities/cpu/libgridkit_cpu_backend.so.0.1.0
[ 50%] Linking CXX shared library libgridkit_phasor_dynamics_loadzip.so
cd /home/isatkaus/gridkit/build/GridKit/Model/PowerElectronics/VoltageSource && /nopt/nrel/apps/cpu_stack/utilities/06-24/linux-rhel8-sapphirerapids/gcc-12.3.0/cmake-3.29.2-6n4msmc4aewj7wyi6b5g644vjrqyqgot/bin/cmake -E cmake_symlink_library libgridkit_power_elec_voltagesource.so.0.1.0 libgridkit_power_elec_voltagesource.so.0 libgridkit_power_elec_voltagesource.so
cd /home/isatkaus/gridkit/build/GridKit/Model/PhasorDynamics/Load/LoadZ && /nopt/nrel/apps/cpu_stack/utilities/06-24/linux-rhel8-sapphirerapids/gcc-12.3.0/cmake-3.29.2-6n4msmc4aewj7wyi6b5g644vjrqyqgot/bin/cmake -E cmake_link_script CMakeFiles/phasor_dynamics_loadz_dependency_tracking.dir/link.txt --verbose=1
cd /home/isatkaus/gridkit/build/GridKit/Model/PhasorDynamics/Load/LoadZIP && /nopt/nrel/apps/cpu_stack/utilities/06-24/linux-rhel8-sapphirerapids/gcc-12.3.0/cmake-3.29.2-6n4msmc4aewj7wyi6b5g644vjrqyqgot/bin/cmake -E cmake_link_script CMakeFiles/phasor_dynamics_loadzip.dir/link.txt --verbose=1
make[2]: Leaving directory '/home/isatkaus/gridkit/build'
/nopt/nrel/apps/cpu_stack/software/gridkit/llvm/16.0.6/bin/clang++ -fPIC --gcc-toolchain=/nopt/nrel/apps/cpu_stack/compilers/06-24/linux-rhel8-sapphirerapids/gcc-12.3.0/gcc-13.1.0-bmut2ysomhthj6y7oyc73c3cmxye57am -Wall -Wextra -Wconversion -Wpedantic -O2 -g -DNDEBUG -Wl,-rpath,/nopt/nrel/apps/cpu_stack/compilers/06-24/linux-rhel8-sapphirerapids/gcc-12.3.0/gcc-13.1.0-bmut2ysomhthj6y7oyc73c3cmxye57am/lib/gcc/x86_64-pc-linux-gnu/13.1.0/../../../../lib64 -Wl,-rpath,/nopt/nrel/apps/cpu_stack/libraries-gcc/06-24/linux-rhel8-sapphirerapids/gcc-12.3.0/netlib-lapack-3.11.0-abk4uhd5cyrfnhh67bcdhyt6fulibezx/lib64 -shared -Wl,-soname,libgridkit_phasor_dynamics_loadz_dependency_tracking.so.0 -o libgridkit_phasor_dynamics_loadz_dependency_tracking.so.0.1.0 CMakeFiles/phasor_dynamics_loadz_dependency_tracking.dir/LoadZDependencyTracking.cpp.o  -Wl,-rpath,/home/isatkaus/gridkit/build/GridKit/LinearAlgebra/Vector:/home/isatkaus/gridkit/build/GridKit/LinearAlgebra/SparseMatrix:/home/isatkaus/gridkit/build/GridKit/Utilities/Logger:/home/isatkaus/gridkit/build/GridKit/MemoryUtilities/cpu: ../../../../LinearAlgebra/Vector/libgridkit_dense_vector.so.0.1.0 ../../../../LinearAlgebra/SparseMatrix/libgridkit_sparse_matrix.so.0.1.0 ../../../../Utilities/Logger/libgridkit_utilities_logger.so.0.1.0 ../../../../MemoryUtilities/cpu/libgridkit_cpu_backend.so.0.1.0
/nopt/nrel/apps/cpu_stack/software/gridkit/llvm/16.0.6/bin/clang++ -fPIC --gcc-toolchain=/nopt/nrel/apps/cpu_stack/compilers/06-24/linux-rhel8-sapphirerapids/gcc-12.3.0/gcc-13.1.0-bmut2ysomhthj6y7oyc73c3cmxye57am -Wall -Wextra -Wconversion -Wpedantic -O2 -g -DNDEBUG -Wl,-rpath,/nopt/nrel/apps/cpu_stack/compilers/06-24/linux-rhel8-sapphirerapids/gcc-12.3.0/gcc-13.1.0-bmut2ysomhthj6y7oyc73c3cmxye57am/lib/gcc/x86_64-pc-linux-gnu/13.1.0/../../../../lib64 -Wl,-rpath,/nopt/nrel/apps/cpu_stack/libraries-gcc/06-24/linux-rhel8-sapphirerapids/gcc-12.3.0/netlib-lapack-3.11.0-abk4uhd5cyrfnhh67bcdhyt6fulibezx/lib64 -shared -Wl,-soname,libgridkit_phasor_dynamics_loadzip.so.0 -o libgridkit_phasor_dynamics_loadzip.so.0.1.0 CMakeFiles/phasor_dynamics_loadzip.dir/LoadZIPEnzyme.cpp.o  -Wl,-rpath,/home/isatkaus/gridkit/build/GridKit/LinearAlgebra/Vector:/home/isatkaus/gridkit/build/GridKit/LinearAlgebra/SparseMatrix:/home/isatkaus/gridkit/build/GridKit/Utilities/Logger:/home/isatkaus/gridkit/build/GridKit/MemoryUtilities/cpu: ../../../../LinearAlgebra/Vector/libgridkit_dense_vector.so.0.1.0 ../../../../LinearAlgebra/SparseMatrix/libgridkit_sparse_matrix.so.0.1.0 ../../../../Utilities/Logger/libgridkit_utilities_logger.so.0.1.0 ../../../../MemoryUtilities/cpu/libgridkit_cpu_backend.so.0.1.0
[ 50%] Built target power_elec_lineartrasnformer
make[2]: Leaving directory '/home/isatkaus/gridkit/build'
[ 50%] Linking CXX shared library libgridkit_phasor_dynamics_governor_tgov1_dependency_tracking.so
[ 50%] Built target power_elec_voltagesource
cd /home/isatkaus/gridkit/build/GridKit/Model/PowerElectronics/Inductor && /nopt/nrel/apps/cpu_stack/utilities/06-24/linux-rhel8-sapphirerapids/gcc-12.3.0/cmake-3.29.2-6n4msmc4aewj7wyi6b5g644vjrqyqgot/bin/cmake -E cmake_symlink_library libgridkit_power_elec_inductor.so.0.1.0 libgridkit_power_elec_inductor.so.0 libgridkit_power_elec_inductor.so
cd /home/isatkaus/gridkit/build/GridKit/Solver/Dynamic && /nopt/nrel/apps/cpu_stack/utilities/06-24/linux-rhel8-sapphirerapids/gcc-12.3.0/cmake-3.29.2-6n4msmc4aewj7wyi6b5g644vjrqyqgot/bin/cmake -E cmake_symlink_library libgridkit_solvers_dyn.so.0.1.0 libgridkit_solvers_dyn.so.0 libgridkit_solvers_dyn.so
cd /home/isatkaus/gridkit/build/GridKit/Model/PhasorDynamics/Governor/Tgov1 && /nopt/nrel/apps/cpu_stack/utilities/06-24/linux-rhel8-sapphirerapids/gcc-12.3.0/cmake-3.29.2-6n4msmc4aewj7wyi6b5g644vjrqyqgot/bin/cmake -E cmake_link_script CMakeFiles/phasor_dynamics_governor_tgov1_dependency_tracking.dir/link.txt --verbose=1
/nopt/nrel/apps/cpu_stack/software/gridkit/llvm/16.0.6/bin/clang++ -fPIC --gcc-toolchain=/nopt/nrel/apps/cpu_stack/compilers/06-24/linux-rhel8-sapphirerapids/gcc-12.3.0/gcc-13.1.0-bmut2ysomhthj6y7oyc73c3cmxye57am -Wall -Wextra -Wconversion -Wpedantic -O2 -g -DNDEBUG -Wl,-rpath,/nopt/nrel/apps/cpu_stack/compilers/06-24/linux-rhel8-sapphirerapids/gcc-12.3.0/gcc-13.1.0-bmut2ysomhthj6y7oyc73c3cmxye57am/lib/gcc/x86_64-pc-linux-gnu/13.1.0/../../../../lib64 -Wl,-rpath,/nopt/nrel/apps/cpu_stack/libraries-gcc/06-24/linux-rhel8-sapphirerapids/gcc-12.3.0/netlib-lapack-3.11.0-abk4uhd5cyrfnhh67bcdhyt6fulibezx/lib64 -shared -Wl,-soname,libgridkit_phasor_dynamics_governor_tgov1_dependency_tracking.so.0 -o libgridkit_phasor_dynamics_governor_tgov1_dependency_tracking.so.0.1.0 CMakeFiles/phasor_dynamics_governor_tgov1_dependency_tracking.dir/Tgov1DependencyTracking.cpp.o  -Wl,-rpath,/home/isatkaus/gridkit/build/GridKit/Model/PhasorDynamics/SignalNode:/home/isatkaus/gridkit/build/GridKit/LinearAlgebra/Vector:/home/isatkaus/gridkit/build/GridKit/LinearAlgebra/SparseMatrix:/home/isatkaus/gridkit/build/GridKit/Utilities/Logger:/home/isatkaus/gridkit/build/GridKit/MemoryUtilities/cpu: ../../SignalNode/libgridkit_phasor_dynamics_signal_dependency_tracking.so.0.1.0 ../../../../LinearAlgebra/Vector/libgridkit_dense_vector.so.0.1.0 ../../../../LinearAlgebra/SparseMatrix/libgridkit_sparse_matrix.so.0.1.0 ../../../../Utilities/Logger/libgridkit_utilities_logger.so.0.1.0 ../../../../MemoryUtilities/cpu/libgridkit_cpu_backend.so.0.1.0
cd /home/isatkaus/gridkit/build/GridKit/Model/PowerElectronics/MicrogridBusDQ && /nopt/nrel/apps/cpu_stack/utilities/06-24/linux-rhel8-sapphirerapids/gcc-12.3.0/cmake-3.29.2-6n4msmc4aewj7wyi6b5g644vjrqyqgot/bin/cmake -E cmake_symlink_library libgridkit_power_elec_microbusdq.so.0.1.0 libgridkit_power_elec_microbusdq.so.0 libgridkit_power_elec_microbusdq.so
cd /home/isatkaus/gridkit/build/GridKit/Model/PowerElectronics/Resistor && /nopt/nrel/apps/cpu_stack/utilities/06-24/linux-rhel8-sapphirerapids/gcc-12.3.0/cmake-3.29.2-6n4msmc4aewj7wyi6b5g644vjrqyqgot/bin/cmake -E cmake_symlink_library libgridkit_power_elec_resistor.so.0.1.0 libgridkit_power_elec_resistor.so.0 libgridkit_power_elec_resistor.so
make[2]: Leaving directory '/home/isatkaus/gridkit/build'
make[2]: Leaving directory '/home/isatkaus/gridkit/build'
[ 50%] Built target power_elec_inductor
[ 50%] Built target solvers_dyn
make  -f GridKit/Solver/Optimization/CMakeFiles/solvers_opt.dir/build.make GridKit/Solver/Optimization/CMakeFiles/solvers_opt.dir/depend
make  -f examples/Experimental/AdjointSensitivity/CMakeFiles/adjoint.dir/build.make examples/Experimental/AdjointSensitivity/CMakeFiles/adjoint.dir/depend
make[2]: Entering directory '/home/isatkaus/gridkit/build'
cd /home/isatkaus/gridkit/build && /nopt/nrel/apps/cpu_stack/utilities/06-24/linux-rhel8-sapphirerapids/gcc-12.3.0/cmake-3.29.2-6n4msmc4aewj7wyi6b5g644vjrqyqgot/bin/cmake -E cmake_depends "Unix Makefiles" /home/isatkaus/gridkit /home/isatkaus/gridkit/GridKit/Solver/Optimization /home/isatkaus/gridkit/build /home/isatkaus/gridkit/build/GridKit/Solver/Optimization /home/isatkaus/gridkit/build/GridKit/Solver/Optimization/CMakeFiles/solvers_opt.dir/DependInfo.cmake "--color="
make[2]: Entering directory '/home/isatkaus/gridkit/build'
cd /home/isatkaus/gridkit/build && /nopt/nrel/apps/cpu_stack/utilities/06-24/linux-rhel8-sapphirerapids/gcc-12.3.0/cmake-3.29.2-6n4msmc4aewj7wyi6b5g644vjrqyqgot/bin/cmake -E cmake_depends "Unix Makefiles" /home/isatkaus/gridkit /home/isatkaus/gridkit/examples/Experimental/AdjointSensitivity /home/isatkaus/gridkit/build /home/isatkaus/gridkit/build/examples/Experimental/AdjointSensitivity /home/isatkaus/gridkit/build/examples/Experimental/AdjointSensitivity/CMakeFiles/adjoint.dir/DependInfo.cmake "--color="
make[2]: Leaving directory '/home/isatkaus/gridkit/build'
make[2]: Leaving directory '/home/isatkaus/gridkit/build'
cd /home/isatkaus/gridkit/build/GridKit/Model/PowerElectronics/Capacitor && /nopt/nrel/apps/cpu_stack/utilities/06-24/linux-rhel8-sapphirerapids/gcc-12.3.0/cmake-3.29.2-6n4msmc4aewj7wyi6b5g644vjrqyqgot/bin/cmake -E cmake_symlink_library libgridkit_power_elec_capacitor.so.0.1.0 libgridkit_power_elec_capacitor.so.0 libgridkit_power_elec_capacitor.so
make[2]: Leaving directory '/home/isatkaus/gridkit/build'
make  -f examples/Experimental/AdjointSensitivity/CMakeFiles/adjoint.dir/build.make examples/Experimental/AdjointSensitivity/CMakeFiles/adjoint.dir/build
make[2]: Leaving directory '/home/isatkaus/gridkit/build'
make  -f GridKit/Solver/Optimization/CMakeFiles/solvers_opt.dir/build.make GridKit/Solver/Optimization/CMakeFiles/solvers_opt.dir/build
[ 50%] Built target power_elec_resistor
[ 50%] Built target power_elec_microbusdq
make[2]: Entering directory '/home/isatkaus/gridkit/build'
make[2]: Entering directory '/home/isatkaus/gridkit/build'
[ 51%] Building CXX object examples/Experimental/AdjointSensitivity/CMakeFiles/adjoint.dir/AdjointSensitivity.cpp.o
[ 52%] Building CXX object GridKit/Solver/Optimization/CMakeFiles/solvers_opt.dir/DynamicConstraint.cpp.o
[ 52%] Building CXX object GridKit/Solver/Optimization/CMakeFiles/solvers_opt.dir/DynamicObjective.cpp.o
[ 52%] Linking CXX shared library libgridkit_phasor_dynamics_gen_classical.so
cd /home/isatkaus/gridkit/build/examples/Experimental/AdjointSensitivity && /nopt/nrel/apps/cpu_stack/software/gridkit/llvm/16.0.6/bin/clang++  -I/home/isatkaus/gridkit -I/home/isatkaus/gridkit/build -isystem /nopt/nrel/apps/cpu_stack/software/gridkit/sundials/develop/include -isystem /nopt/nrel/apps/cpu_stack/software/gridkit/suitesparse/7.8.2/include/suitesparse --gcc-toolchain=/nopt/nrel/apps/cpu_stack/compilers/06-24/linux-rhel8-sapphirerapids/gcc-12.3.0/gcc-13.1.0-bmut2ysomhthj6y7oyc73c3cmxye57am -Wall -Wextra -Wconversion -Wpedantic -O2 -g -DNDEBUG -std=gnu++20 -fPIE -MD -MT examples/Experimental/AdjointSensitivity/CMakeFiles/adjoint.dir/AdjointSensitivity.cpp.o -MF CMakeFiles/adjoint.dir/AdjointSensitivity.cpp.o.d -o CMakeFiles/adjoint.dir/AdjointSensitivity.cpp.o -c /home/isatkaus/gridkit/examples/Experimental/AdjointSensitivity/AdjointSensitivity.cpp
cd /home/isatkaus/gridkit/build/GridKit/Solver/Optimization && /nopt/nrel/apps/cpu_stack/software/gridkit/llvm/16.0.6/bin/clang++ -Dsolvers_opt_EXPORTS -I/home/isatkaus/gridkit -I/home/isatkaus/gridkit/build -isystem /nopt/nrel/apps/cpu_stack/software/gridkit/ipopt/3.14.14/include/coin-or -isystem /nopt/nrel/apps/cpu_stack/software/gridkit/sundials/develop/include -isystem /nopt/nrel/apps/cpu_stack/software/gridkit/suitesparse/7.8.2/include/suitesparse --gcc-toolchain=/nopt/nrel/apps/cpu_stack/compilers/06-24/linux-rhel8-sapphirerapids/gcc-12.3.0/gcc-13.1.0-bmut2ysomhthj6y7oyc73c3cmxye57am -Wall -Wextra -Wconversion -Wpedantic -O2 -g -DNDEBUG -std=gnu++20 -fPIC -MD -MT GridKit/Solver/Optimization/CMakeFiles/solvers_opt.dir/DynamicConstraint.cpp.o -MF CMakeFiles/solvers_opt.dir/DynamicConstraint.cpp.o.d -o CMakeFiles/solvers_opt.dir/DynamicConstraint.cpp.o -c /home/isatkaus/gridkit/GridKit/Solver/Optimization/DynamicConstraint.cpp
cd /home/isatkaus/gridkit/build/GridKit/Solver/Optimization && /nopt/nrel/apps/cpu_stack/software/gridkit/llvm/16.0.6/bin/clang++ -Dsolvers_opt_EXPORTS -I/home/isatkaus/gridkit -I/home/isatkaus/gridkit/build -isystem /nopt/nrel/apps/cpu_stack/software/gridkit/ipopt/3.14.14/include/coin-or -isystem /nopt/nrel/apps/cpu_stack/software/gridkit/sundials/develop/include -isystem /nopt/nrel/apps/cpu_stack/software/gridkit/suitesparse/7.8.2/include/suitesparse --gcc-toolchain=/nopt/nrel/apps/cpu_stack/compilers/06-24/linux-rhel8-sapphirerapids/gcc-12.3.0/gcc-13.1.0-bmut2ysomhthj6y7oyc73c3cmxye57am -Wall -Wextra -Wconversion -Wpedantic -O2 -g -DNDEBUG -std=gnu++20 -fPIC -MD -MT GridKit/Solver/Optimization/CMakeFiles/solvers_opt.dir/DynamicObjective.cpp.o -MF CMakeFiles/solvers_opt.dir/DynamicObjective.cpp.o.d -o CMakeFiles/solvers_opt.dir/DynamicObjective.cpp.o -c /home/isatkaus/gridkit/GridKit/Solver/Optimization/DynamicObjective.cpp
cd /home/isatkaus/gridkit/build/GridKit/Model/PhasorDynamics/SynchronousMachine/GenClassical && /nopt/nrel/apps/cpu_stack/utilities/06-24/linux-rhel8-sapphirerapids/gcc-12.3.0/cmake-3.29.2-6n4msmc4aewj7wyi6b5g644vjrqyqgot/bin/cmake -E cmake_link_script CMakeFiles/phasor_dynamics_gen_classical.dir/link.txt --verbose=1
make[2]: Leaving directory '/home/isatkaus/gridkit/build'
[ 52%] Linking CXX shared library libgridkit_phasor_dynamics_loadzip_dependency_tracking.so
/nopt/nrel/apps/cpu_stack/software/gridkit/llvm/16.0.6/bin/clang++ -fPIC --gcc-toolchain=/nopt/nrel/apps/cpu_stack/compilers/06-24/linux-rhel8-sapphirerapids/gcc-12.3.0/gcc-13.1.0-bmut2ysomhthj6y7oyc73c3cmxye57am -Wall -Wextra -Wconversion -Wpedantic -O2 -g -DNDEBUG -Wl,-rpath,/nopt/nrel/apps/cpu_stack/compilers/06-24/linux-rhel8-sapphirerapids/gcc-12.3.0/gcc-13.1.0-bmut2ysomhthj6y7oyc73c3cmxye57am/lib/gcc/x86_64-pc-linux-gnu/13.1.0/../../../../lib64 -Wl,-rpath,/nopt/nrel/apps/cpu_stack/libraries-gcc/06-24/linux-rhel8-sapphirerapids/gcc-12.3.0/netlib-lapack-3.11.0-abk4uhd5cyrfnhh67bcdhyt6fulibezx/lib64 -shared -Wl,-soname,libgridkit_phasor_dynamics_gen_classical.so.0 -o libgridkit_phasor_dynamics_gen_classical.so.0.1.0 CMakeFiles/phasor_dynamics_gen_classical.dir/GenClassicalEnzyme.cpp.o  -Wl,-rpath,/home/isatkaus/gridkit/build/GridKit/LinearAlgebra/Vector:/home/isatkaus/gridkit/build/GridKit/LinearAlgebra/SparseMatrix:/home/isatkaus/gridkit/build/GridKit/Utilities/Logger:/home/isatkaus/gridkit/build/GridKit/MemoryUtilities/cpu: ../../../../LinearAlgebra/Vector/libgridkit_dense_vector.so.0.1.0 ../../../../LinearAlgebra/SparseMatrix/libgridkit_sparse_matrix.so.0.1.0 ../../../../Utilities/Logger/libgridkit_utilities_logger.so.0.1.0 ../../../../MemoryUtilities/cpu/libgridkit_cpu_backend.so.0.1.0
[ 52%] Built target power_elec_capacitor
cd /home/isatkaus/gridkit/build/GridKit/Model/PhasorDynamics/Load/LoadZIP && /nopt/nrel/apps/cpu_stack/utilities/06-24/linux-rhel8-sapphirerapids/gcc-12.3.0/cmake-3.29.2-6n4msmc4aewj7wyi6b5g644vjrqyqgot/bin/cmake -E cmake_link_script CMakeFiles/phasor_dynamics_loadzip_dependency_tracking.dir/link.txt --verbose=1
make  -f examples/PowerElectronics/RLCircuit/CMakeFiles/rlcircuit.dir/build.make examples/PowerElectronics/RLCircuit/CMakeFiles/rlcircuit.dir/depend
make[2]: Entering directory '/home/isatkaus/gridkit/build'
cd /home/isatkaus/gridkit/build && /nopt/nrel/apps/cpu_stack/utilities/06-24/linux-rhel8-sapphirerapids/gcc-12.3.0/cmake-3.29.2-6n4msmc4aewj7wyi6b5g644vjrqyqgot/bin/cmake -E cmake_depends "Unix Makefiles" /home/isatkaus/gridkit /home/isatkaus/gridkit/examples/PowerElectronics/RLCircuit /home/isatkaus/gridkit/build /home/isatkaus/gridkit/build/examples/PowerElectronics/RLCircuit /home/isatkaus/gridkit/build/examples/PowerElectronics/RLCircuit/CMakeFiles/rlcircuit.dir/DependInfo.cmake "--color="
/nopt/nrel/apps/cpu_stack/software/gridkit/llvm/16.0.6/bin/clang++ -fPIC --gcc-toolchain=/nopt/nrel/apps/cpu_stack/compilers/06-24/linux-rhel8-sapphirerapids/gcc-12.3.0/gcc-13.1.0-bmut2ysomhthj6y7oyc73c3cmxye57am -Wall -Wextra -Wconversion -Wpedantic -O2 -g -DNDEBUG -Wl,-rpath,/nopt/nrel/apps/cpu_stack/compilers/06-24/linux-rhel8-sapphirerapids/gcc-12.3.0/gcc-13.1.0-bmut2ysomhthj6y7oyc73c3cmxye57am/lib/gcc/x86_64-pc-linux-gnu/13.1.0/../../../../lib64 -Wl,-rpath,/nopt/nrel/apps/cpu_stack/libraries-gcc/06-24/linux-rhel8-sapphirerapids/gcc-12.3.0/netlib-lapack-3.11.0-abk4uhd5cyrfnhh67bcdhyt6fulibezx/lib64 -shared -Wl,-soname,libgridkit_phasor_dynamics_loadzip_dependency_tracking.so.0 -o libgridkit_phasor_dynamics_loadzip_dependency_tracking.so.0.1.0 CMakeFiles/phasor_dynamics_loadzip_dependency_tracking.dir/LoadZIPDependencyTracking.cpp.o  -Wl,-rpath,/home/isatkaus/gridkit/build/GridKit/LinearAlgebra/Vector:/home/isatkaus/gridkit/build/GridKit/LinearAlgebra/SparseMatrix:/home/isatkaus/gridkit/build/GridKit/Utilities/Logger:/home/isatkaus/gridkit/build/GridKit/MemoryUtilities/cpu: ../../../../LinearAlgebra/Vector/libgridkit_dense_vector.so.0.1.0 ../../../../LinearAlgebra/SparseMatrix/libgridkit_sparse_matrix.so.0.1.0 ../../../../Utilities/Logger/libgridkit_utilities_logger.so.0.1.0 ../../../../MemoryUtilities/cpu/libgridkit_cpu_backend.so.0.1.0
make[2]: Leaving directory '/home/isatkaus/gridkit/build'
make  -f examples/PowerElectronics/RLCircuit/CMakeFiles/rlcircuit.dir/build.make examples/PowerElectronics/RLCircuit/CMakeFiles/rlcircuit.dir/build
make[2]: Entering directory '/home/isatkaus/gridkit/build'
[ 52%] Building CXX object examples/PowerElectronics/RLCircuit/CMakeFiles/rlcircuit.dir/RLCircuit.cpp.o
cd /home/isatkaus/gridkit/build/examples/PowerElectronics/RLCircuit && /nopt/nrel/apps/cpu_stack/software/gridkit/llvm/16.0.6/bin/clang++  -I/home/isatkaus/gridkit -I/home/isatkaus/gridkit/build -isystem /nopt/nrel/apps/cpu_stack/software/gridkit/sundials/develop/include -isystem /nopt/nrel/apps/cpu_stack/software/gridkit/suitesparse/7.8.2/include/suitesparse --gcc-toolchain=/nopt/nrel/apps/cpu_stack/compilers/06-24/linux-rhel8-sapphirerapids/gcc-12.3.0/gcc-13.1.0-bmut2ysomhthj6y7oyc73c3cmxye57am -Wall -Wextra -Wconversion -Wpedantic -O2 -g -DNDEBUG -std=gnu++20 -fPIE -MD -MT examples/PowerElectronics/RLCircuit/CMakeFiles/rlcircuit.dir/RLCircuit.cpp.o -MF CMakeFiles/rlcircuit.dir/RLCircuit.cpp.o.d -o CMakeFiles/rlcircuit.dir/RLCircuit.cpp.o -c /home/isatkaus/gridkit/examples/PowerElectronics/RLCircuit/RLCircuit.cpp
[ 53%] Linking CXX shared library libgridkit_phasor_dynamics_stabilizer_ieeest.so
cd /home/isatkaus/gridkit/build/GridKit/Model/PhasorDynamics/Stabilizer/IEEEST && /nopt/nrel/apps/cpu_stack/utilities/06-24/linux-rhel8-sapphirerapids/gcc-12.3.0/cmake-3.29.2-6n4msmc4aewj7wyi6b5g644vjrqyqgot/bin/cmake -E cmake_link_script CMakeFiles/phasor_dynamics_stabilizer_ieeest.dir/link.txt --verbose=1
[ 54%] Linking CXX shared library libgridkit_phasor_dynamics_branch.so
/nopt/nrel/apps/cpu_stack/software/gridkit/llvm/16.0.6/bin/clang++ -fPIC --gcc-toolchain=/nopt/nrel/apps/cpu_stack/compilers/06-24/linux-rhel8-sapphirerapids/gcc-12.3.0/gcc-13.1.0-bmut2ysomhthj6y7oyc73c3cmxye57am -Wall -Wextra -Wconversion -Wpedantic -O2 -g -DNDEBUG -Wl,-rpath,/nopt/nrel/apps/cpu_stack/compilers/06-24/linux-rhel8-sapphirerapids/gcc-12.3.0/gcc-13.1.0-bmut2ysomhthj6y7oyc73c3cmxye57am/lib/gcc/x86_64-pc-linux-gnu/13.1.0/../../../../lib64 -Wl,-rpath,/nopt/nrel/apps/cpu_stack/libraries-gcc/06-24/linux-rhel8-sapphirerapids/gcc-12.3.0/netlib-lapack-3.11.0-abk4uhd5cyrfnhh67bcdhyt6fulibezx/lib64 -shared -Wl,-soname,libgridkit_phasor_dynamics_stabilizer_ieeest.so.0 -o libgridkit_phasor_dynamics_stabilizer_ieeest.so.0.1.0 CMakeFiles/phasor_dynamics_stabilizer_ieeest.dir/IeeestEnzyme.cpp.o  -Wl,-rpath,/home/isatkaus/gridkit/build/GridKit/Model/PhasorDynamics/SignalNode:/home/isatkaus/gridkit/build/GridKit/LinearAlgebra/Vector:/home/isatkaus/gridkit/build/GridKit/LinearAlgebra/SparseMatrix:/home/isatkaus/gridkit/build/GridKit/Utilities/Logger:/home/isatkaus/gridkit/build/GridKit/MemoryUtilities/cpu: ../../SignalNode/libgridkit_phasor_dynamics_signal.so.0.1.0 ../../../../LinearAlgebra/Vector/libgridkit_dense_vector.so.0.1.0 ../../../../LinearAlgebra/SparseMatrix/libgridkit_sparse_matrix.so.0.1.0 ../../../../Utilities/Logger/libgridkit_utilities_logger.so.0.1.0 ../../../../MemoryUtilities/cpu/libgridkit_cpu_backend.so.0.1.0
cd /home/isatkaus/gridkit/build/GridKit/Model/PhasorDynamics/Branch && /nopt/nrel/apps/cpu_stack/utilities/06-24/linux-rhel8-sapphirerapids/gcc-12.3.0/cmake-3.29.2-6n4msmc4aewj7wyi6b5g644vjrqyqgot/bin/cmake -E cmake_link_script CMakeFiles/phasor_dynamics_branch.dir/link.txt --verbose=1
[ 54%] Linking CXX shared library libgridkit_phasor_dynamics_governor_gastpti.so
/nopt/nrel/apps/cpu_stack/software/gridkit/llvm/16.0.6/bin/clang++ -fPIC --gcc-toolchain=/nopt/nrel/apps/cpu_stack/compilers/06-24/linux-rhel8-sapphirerapids/gcc-12.3.0/gcc-13.1.0-bmut2ysomhthj6y7oyc73c3cmxye57am -Wall -Wextra -Wconversion -Wpedantic -O2 -g -DNDEBUG -Wl,-rpath,/nopt/nrel/apps/cpu_stack/compilers/06-24/linux-rhel8-sapphirerapids/gcc-12.3.0/gcc-13.1.0-bmut2ysomhthj6y7oyc73c3cmxye57am/lib/gcc/x86_64-pc-linux-gnu/13.1.0/../../../../lib64 -Wl,-rpath,/nopt/nrel/apps/cpu_stack/libraries-gcc/06-24/linux-rhel8-sapphirerapids/gcc-12.3.0/netlib-lapack-3.11.0-abk4uhd5cyrfnhh67bcdhyt6fulibezx/lib64 -shared -Wl,-soname,libgridkit_phasor_dynamics_branch.so.0 -o libgridkit_phasor_dynamics_branch.so.0.1.0 CMakeFiles/phasor_dynamics_branch.dir/BranchEnzyme.cpp.o  -Wl,-rpath,/home/isatkaus/gridkit/build/GridKit/LinearAlgebra/Vector:/home/isatkaus/gridkit/build/GridKit/LinearAlgebra/SparseMatrix:/home/isatkaus/gridkit/build/GridKit/Utilities/Logger:/home/isatkaus/gridkit/build/GridKit/MemoryUtilities/cpu: ../../../LinearAlgebra/Vector/libgridkit_dense_vector.so.0.1.0 ../../../LinearAlgebra/SparseMatrix/libgridkit_sparse_matrix.so.0.1.0 ../../../Utilities/Logger/libgridkit_utilities_logger.so.0.1.0 ../../../MemoryUtilities/cpu/libgridkit_cpu_backend.so.0.1.0
cd /home/isatkaus/gridkit/build/GridKit/Model/PhasorDynamics/Governor/GASTPTI && /nopt/nrel/apps/cpu_stack/utilities/06-24/linux-rhel8-sapphirerapids/gcc-12.3.0/cmake-3.29.2-6n4msmc4aewj7wyi6b5g644vjrqyqgot/bin/cmake -E cmake_link_script CMakeFiles/phasor_dynamics_governor_gastpti.dir/link.txt --verbose=1
/nopt/nrel/apps/cpu_stack/software/gridkit/llvm/16.0.6/bin/clang++ -fPIC --gcc-toolchain=/nopt/nrel/apps/cpu_stack/compilers/06-24/linux-rhel8-sapphirerapids/gcc-12.3.0/gcc-13.1.0-bmut2ysomhthj6y7oyc73c3cmxye57am -Wall -Wextra -Wconversion -Wpedantic -O2 -g -DNDEBUG -Wl,-rpath,/nopt/nrel/apps/cpu_stack/compilers/06-24/linux-rhel8-sapphirerapids/gcc-12.3.0/gcc-13.1.0-bmut2ysomhthj6y7oyc73c3cmxye57am/lib/gcc/x86_64-pc-linux-gnu/13.1.0/../../../../lib64 -Wl,-rpath,/nopt/nrel/apps/cpu_stack/libraries-gcc/06-24/linux-rhel8-sapphirerapids/gcc-12.3.0/netlib-lapack-3.11.0-abk4uhd5cyrfnhh67bcdhyt6fulibezx/lib64 -shared -Wl,-soname,libgridkit_phasor_dynamics_governor_gastpti.so.0 -o libgridkit_phasor_dynamics_governor_gastpti.so.0.1.0 CMakeFiles/phasor_dynamics_governor_gastpti.dir/GastPtiEnzyme.cpp.o  -Wl,-rpath,/home/isatkaus/gridkit/build/GridKit/Model/PhasorDynamics/SignalNode:/home/isatkaus/gridkit/build/GridKit/LinearAlgebra/Vector:/home/isatkaus/gridkit/build/GridKit/LinearAlgebra/SparseMatrix:/home/isatkaus/gridkit/build/GridKit/Utilities/Logger:/home/isatkaus/gridkit/build/GridKit/MemoryUtilities/cpu: ../../SignalNode/libgridkit_phasor_dynamics_signal.so.0.1.0 ../../../../LinearAlgebra/Vector/libgridkit_dense_vector.so.0.1.0 ../../../../LinearAlgebra/SparseMatrix/libgridkit_sparse_matrix.so.0.1.0 ../../../../Utilities/Logger/libgridkit_utilities_logger.so.0.1.0 ../../../../MemoryUtilities/cpu/libgridkit_cpu_backend.so.0.1.0
cd /home/isatkaus/gridkit/build/GridKit/Model/PowerElectronics/MicrogridLoad && /nopt/nrel/apps/cpu_stack/utilities/06-24/linux-rhel8-sapphirerapids/gcc-12.3.0/cmake-3.29.2-6n4msmc4aewj7wyi6b5g644vjrqyqgot/bin/cmake -E cmake_symlink_library libgridkit_power_elec_microload.so.0.1.0 libgridkit_power_elec_microload.so.0 libgridkit_power_elec_microload.so
[ 54%] Linking CXX shared library libgridkit_phasor_dynamics_exciter_ieeet1.so
cd /home/isatkaus/gridkit/build/GridKit/Testing && /nopt/nrel/apps/cpu_stack/utilities/06-24/linux-rhel8-sapphirerapids/gcc-12.3.0/cmake-3.29.2-6n4msmc4aewj7wyi6b5g644vjrqyqgot/bin/cmake -E cmake_symlink_library libgridkit_testing.so.0.1.0 libgridkit_testing.so.0 libgridkit_testing.so
cd /home/isatkaus/gridkit/build/GridKit/Model/PhasorDynamics/Exciter/IEEET1 && /nopt/nrel/apps/cpu_stack/utilities/06-24/linux-rhel8-sapphirerapids/gcc-12.3.0/cmake-3.29.2-6n4msmc4aewj7wyi6b5g644vjrqyqgot/bin/cmake -E cmake_link_script CMakeFiles/phasor_dynamics_exciter_ieeet1.dir/link.txt --verbose=1
make[2]: Leaving directory '/home/isatkaus/gridkit/build'
/nopt/nrel/apps/cpu_stack/software/gridkit/llvm/16.0.6/bin/clang++ -fPIC --gcc-toolchain=/nopt/nrel/apps/cpu_stack/compilers/06-24/linux-rhel8-sapphirerapids/gcc-12.3.0/gcc-13.1.0-bmut2ysomhthj6y7oyc73c3cmxye57am -Wall -Wextra -Wconversion -Wpedantic -O2 -g -DNDEBUG -Wl,-rpath,/nopt/nrel/apps/cpu_stack/compilers/06-24/linux-rhel8-sapphirerapids/gcc-12.3.0/gcc-13.1.0-bmut2ysomhthj6y7oyc73c3cmxye57am/lib/gcc/x86_64-pc-linux-gnu/13.1.0/../../../../lib64 -Wl,-rpath,/nopt/nrel/apps/cpu_stack/libraries-gcc/06-24/linux-rhel8-sapphirerapids/gcc-12.3.0/netlib-lapack-3.11.0-abk4uhd5cyrfnhh67bcdhyt6fulibezx/lib64 -shared -Wl,-soname,libgridkit_phasor_dynamics_exciter_ieeet1.so.0 -o libgridkit_phasor_dynamics_exciter_ieeet1.so.0.1.0 CMakeFiles/phasor_dynamics_exciter_ieeet1.dir/Ieeet1Enzyme.cpp.o  -Wl,-rpath,/home/isatkaus/gridkit/build/GridKit/Model/PhasorDynamics/SignalNode:/home/isatkaus/gridkit/build/GridKit/LinearAlgebra/Vector:/home/isatkaus/gridkit/build/GridKit/LinearAlgebra/SparseMatrix:/home/isatkaus/gridkit/build/GridKit/Utilities/Logger:/home/isatkaus/gridkit/build/GridKit/MemoryUtilities/cpu: ../../SignalNode/libgridkit_phasor_dynamics_signal.so.0.1.0 ../../../../LinearAlgebra/Vector/libgridkit_dense_vector.so.0.1.0 ../../../../LinearAlgebra/SparseMatrix/libgridkit_sparse_matrix.so.0.1.0 ../../../../Utilities/Logger/libgridkit_utilities_logger.so.0.1.0 ../../../../MemoryUtilities/cpu/libgridkit_cpu_backend.so.0.1.0
[ 54%] Built target power_elec_microload
make[2]: Leaving directory '/home/isatkaus/gridkit/build'
[ 54%] Built target testing
cd /home/isatkaus/gridkit/build/GridKit/Model/PowerElectronics/MicrogridLine && /nopt/nrel/apps/cpu_stack/utilities/06-24/linux-rhel8-sapphirerapids/gcc-12.3.0/cmake-3.29.2-6n4msmc4aewj7wyi6b5g644vjrqyqgot/bin/cmake -E cmake_symlink_library libgridkit_power_elec_microline.so.0.1.0 libgridkit_power_elec_microline.so.0 libgridkit_power_elec_microline.so
make  -f tests/UnitTests/AutomaticDifferentiation/Enzyme/CMakeFiles/test_enzyme.dir/build.make tests/UnitTests/AutomaticDifferentiation/Enzyme/CMakeFiles/test_enzyme.dir/depend
make  -f tests/UnitTests/LinearAlgebra/SparseMatrix/CMakeFiles/test_sparse_csr.dir/build.make tests/UnitTests/LinearAlgebra/SparseMatrix/CMakeFiles/test_sparse_csr.dir/depend
make  -f tests/UnitTests/LinearAlgebra/SparseMatrix/CMakeFiles/test_sparse_coo.dir/build.make tests/UnitTests/LinearAlgebra/SparseMatrix/CMakeFiles/test_sparse_coo.dir/depend
make  -f tests/UnitTests/LinearAlgebra/Vector/CMakeFiles/test_vector.dir/build.make tests/UnitTests/LinearAlgebra/Vector/CMakeFiles/test_vector.dir/depend
make  -f tests/UnitTests/LinearAlgebra/Vector/CMakeFiles/test_vector_handler.dir/build.make tests/UnitTests/LinearAlgebra/Vector/CMakeFiles/test_vector_handler.dir/depend
make  -f tests/UnitTests/Math/CMakeFiles/test_math_smoothness_indicator.dir/build.make tests/UnitTests/Math/CMakeFiles/test_math_smoothness_indicator.dir/depend
make  -f tests/UnitTests/PowerElectronics/CMakeFiles/test_power_electronics_node.dir/build.make tests/UnitTests/PowerElectronics/CMakeFiles/test_power_electronics_node.dir/depend
make  -f tests/UnitTests/Solver/Dynamic/CMakeFiles/test_ida.dir/build.make tests/UnitTests/Solver/Dynamic/CMakeFiles/test_ida.dir/depend
cd /home/isatkaus/gridkit/build/GridKit/Model/PhasorDynamics/Bus && /nopt/nrel/apps/cpu_stack/utilities/06-24/linux-rhel8-sapphirerapids/gcc-12.3.0/cmake-3.29.2-6n4msmc4aewj7wyi6b5g644vjrqyqgot/bin/cmake -E cmake_symlink_library libgridkit_phasor_dynamics_bus.so.0.1.0 libgridkit_phasor_dynamics_bus.so.0 libgridkit_phasor_dynamics_bus.so
make  -f tests/UnitTests/Utilities/CMakeFiles/test_logger.dir/build.make tests/UnitTests/Utilities/CMakeFiles/test_logger.dir/depend
make  -f tests/UnitTests/Utilities/CMakeFiles/test_cli_args.dir/build.make tests/UnitTests/Utilities/CMakeFiles/test_cli_args.dir/depend
make[2]: Entering directory '/home/isatkaus/gridkit/build'
cd /home/isatkaus/gridkit/build && /nopt/nrel/apps/cpu_stack/utilities/06-24/linux-rhel8-sapphirerapids/gcc-12.3.0/cmake-3.29.2-6n4msmc4aewj7wyi6b5g644vjrqyqgot/bin/cmake -E cmake_depends "Unix Makefiles" /home/isatkaus/gridkit /home/isatkaus/gridkit/tests/UnitTests/AutomaticDifferentiation/Enzyme /home/isatkaus/gridkit/build /home/isatkaus/gridkit/build/tests/UnitTests/AutomaticDifferentiation/Enzyme /home/isatkaus/gridkit/build/tests/UnitTests/AutomaticDifferentiation/Enzyme/CMakeFiles/test_enzyme.dir/DependInfo.cmake "--color="
make[2]: Entering directory '/home/isatkaus/gridkit/build'
cd /home/isatkaus/gridkit/build && /nopt/nrel/apps/cpu_stack/utilities/06-24/linux-rhel8-sapphirerapids/gcc-12.3.0/cmake-3.29.2-6n4msmc4aewj7wyi6b5g644vjrqyqgot/bin/cmake -E cmake_depends "Unix Makefiles" /home/isatkaus/gridkit /home/isatkaus/gridkit/tests/UnitTests/LinearAlgebra/SparseMatrix /home/isatkaus/gridkit/build /home/isatkaus/gridkit/build/tests/UnitTests/LinearAlgebra/SparseMatrix /home/isatkaus/gridkit/build/tests/UnitTests/LinearAlgebra/SparseMatrix/CMakeFiles/test_sparse_csr.dir/DependInfo.cmake "--color="
make[2]: Entering directory '/home/isatkaus/gridkit/build'
cd /home/isatkaus/gridkit/build && /nopt/nrel/apps/cpu_stack/utilities/06-24/linux-rhel8-sapphirerapids/gcc-12.3.0/cmake-3.29.2-6n4msmc4aewj7wyi6b5g644vjrqyqgot/bin/cmake -E cmake_depends "Unix Makefiles" /home/isatkaus/gridkit /home/isatkaus/gridkit/tests/UnitTests/LinearAlgebra/SparseMatrix /home/isatkaus/gridkit/build /home/isatkaus/gridkit/build/tests/UnitTests/LinearAlgebra/SparseMatrix /home/isatkaus/gridkit/build/tests/UnitTests/LinearAlgebra/SparseMatrix/CMakeFiles/test_sparse_coo.dir/DependInfo.cmake "--color="
make[2]: Entering directory '/home/isatkaus/gridkit/build'
cd /home/isatkaus/gridkit/build && /nopt/nrel/apps/cpu_stack/utilities/06-24/linux-rhel8-sapphirerapids/gcc-12.3.0/cmake-3.29.2-6n4msmc4aewj7wyi6b5g644vjrqyqgot/bin/cmake -E cmake_depends "Unix Makefiles" /home/isatkaus/gridkit /home/isatkaus/gridkit/tests/UnitTests/LinearAlgebra/Vector /home/isatkaus/gridkit/build /home/isatkaus/gridkit/build/tests/UnitTests/LinearAlgebra/Vector /home/isatkaus/gridkit/build/tests/UnitTests/LinearAlgebra/Vector/CMakeFiles/test_vector.dir/DependInfo.cmake "--color="
make[2]: Entering directory '/home/isatkaus/gridkit/build'
cd /home/isatkaus/gridkit/build && /nopt/nrel/apps/cpu_stack/utilities/06-24/linux-rhel8-sapphirerapids/gcc-12.3.0/cmake-3.29.2-6n4msmc4aewj7wyi6b5g644vjrqyqgot/bin/cmake -E cmake_depends "Unix Makefiles" /home/isatkaus/gridkit /home/isatkaus/gridkit/tests/UnitTests/LinearAlgebra/Vector /home/isatkaus/gridkit/build /home/isatkaus/gridkit/build/tests/UnitTests/LinearAlgebra/Vector /home/isatkaus/gridkit/build/tests/UnitTests/LinearAlgebra/Vector/CMakeFiles/test_vector_handler.dir/DependInfo.cmake "--color="
make[2]: Entering directory '/home/isatkaus/gridkit/build'
cd /home/isatkaus/gridkit/build && /nopt/nrel/apps/cpu_stack/utilities/06-24/linux-rhel8-sapphirerapids/gcc-12.3.0/cmake-3.29.2-6n4msmc4aewj7wyi6b5g644vjrqyqgot/bin/cmake -E cmake_depends "Unix Makefiles" /home/isatkaus/gridkit /home/isatkaus/gridkit/tests/UnitTests/Math /home/isatkaus/gridkit/build /home/isatkaus/gridkit/build/tests/UnitTests/Math /home/isatkaus/gridkit/build/tests/UnitTests/Math/CMakeFiles/test_math_smoothness_indicator.dir/DependInfo.cmake "--color="
make[2]: Entering directory '/home/isatkaus/gridkit/build'
cd /home/isatkaus/gridkit/build && /nopt/nrel/apps/cpu_stack/utilities/06-24/linux-rhel8-sapphirerapids/gcc-12.3.0/cmake-3.29.2-6n4msmc4aewj7wyi6b5g644vjrqyqgot/bin/cmake -E cmake_depends "Unix Makefiles" /home/isatkaus/gridkit /home/isatkaus/gridkit/tests/UnitTests/PowerElectronics /home/isatkaus/gridkit/build /home/isatkaus/gridkit/build/tests/UnitTests/PowerElectronics /home/isatkaus/gridkit/build/tests/UnitTests/PowerElectronics/CMakeFiles/test_power_electronics_node.dir/DependInfo.cmake "--color="
make[2]: Entering directory '/home/isatkaus/gridkit/build'
cd /home/isatkaus/gridkit/build && /nopt/nrel/apps/cpu_stack/utilities/06-24/linux-rhel8-sapphirerapids/gcc-12.3.0/cmake-3.29.2-6n4msmc4aewj7wyi6b5g644vjrqyqgot/bin/cmake -E cmake_depends "Unix Makefiles" /home/isatkaus/gridkit /home/isatkaus/gridkit/tests/UnitTests/Solver/Dynamic /home/isatkaus/gridkit/build /home/isatkaus/gridkit/build/tests/UnitTests/Solver/Dynamic /home/isatkaus/gridkit/build/tests/UnitTests/Solver/Dynamic/CMakeFiles/test_ida.dir/DependInfo.cmake "--color="
make[2]: Entering directory '/home/isatkaus/gridkit/build'
cd /home/isatkaus/gridkit/build && /nopt/nrel/apps/cpu_stack/utilities/06-24/linux-rhel8-sapphirerapids/gcc-12.3.0/cmake-3.29.2-6n4msmc4aewj7wyi6b5g644vjrqyqgot/bin/cmake -E cmake_depends "Unix Makefiles" /home/isatkaus/gridkit /home/isatkaus/gridkit/tests/UnitTests/Utilities /home/isatkaus/gridkit/build /home/isatkaus/gridkit/build/tests/UnitTests/Utilities /home/isatkaus/gridkit/build/tests/UnitTests/Utilities/CMakeFiles/test_logger.dir/DependInfo.cmake "--color="
make[2]: Entering directory '/home/isatkaus/gridkit/build'
cd /home/isatkaus/gridkit/build && /nopt/nrel/apps/cpu_stack/utilities/06-24/linux-rhel8-sapphirerapids/gcc-12.3.0/cmake-3.29.2-6n4msmc4aewj7wyi6b5g644vjrqyqgot/bin/cmake -E cmake_depends "Unix Makefiles" /home/isatkaus/gridkit /home/isatkaus/gridkit/tests/UnitTests/Utilities /home/isatkaus/gridkit/build /home/isatkaus/gridkit/build/tests/UnitTests/Utilities /home/isatkaus/gridkit/build/tests/UnitTests/Utilities/CMakeFiles/test_cli_args.dir/DependInfo.cmake "--color="
cd /home/isatkaus/gridkit/build/GridKit/Model/PowerElectronics/TransmissionLine && /nopt/nrel/apps/cpu_stack/utilities/06-24/linux-rhel8-sapphirerapids/gcc-12.3.0/cmake-3.29.2-6n4msmc4aewj7wyi6b5g644vjrqyqgot/bin/cmake -E cmake_symlink_library libgridkit_power_elec_tranline.so.0.1.0 libgridkit_power_elec_tranline.so.0 libgridkit_power_elec_tranline.so
[ 55%] Linking CXX shared library libgridkit_phasor_dynamics_exciter_esdc1a.so
[ 55%] Linking CXX shared library libgridkit_phasor_dynamics_exciter_sexspti_dependency_tracking.so
make[2]: Leaving directory '/home/isatkaus/gridkit/build'
make  -f tests/UnitTests/AutomaticDifferentiation/Enzyme/CMakeFiles/test_enzyme.dir/build.make tests/UnitTests/AutomaticDifferentiation/Enzyme/CMakeFiles/test_enzyme.dir/build
make[2]: Leaving directory '/home/isatkaus/gridkit/build'
make  -f tests/UnitTests/LinearAlgebra/SparseMatrix/CMakeFiles/test_sparse_csr.dir/build.make tests/UnitTests/LinearAlgebra/SparseMatrix/CMakeFiles/test_sparse_csr.dir/build
make[2]: Entering directory '/home/isatkaus/gridkit/build'
make[2]: Entering directory '/home/isatkaus/gridkit/build'
make[2]: Leaving directory '/home/isatkaus/gridkit/build'
make  -f tests/UnitTests/LinearAlgebra/SparseMatrix/CMakeFiles/test_sparse_coo.dir/build.make tests/UnitTests/LinearAlgebra/SparseMatrix/CMakeFiles/test_sparse_coo.dir/build
make[2]: Entering directory '/home/isatkaus/gridkit/build'
make[2]: Leaving directory '/home/isatkaus/gridkit/build'
[ 55%] Building CXX object tests/UnitTests/AutomaticDifferentiation/Enzyme/CMakeFiles/test_enzyme.dir/runEnzymeTests.cpp.o
[ 55%] Building CXX object tests/UnitTests/LinearAlgebra/SparseMatrix/CMakeFiles/test_sparse_csr.dir/runSparseCsrTests.cpp.o
make[2]: Leaving directory '/home/isatkaus/gridkit/build'
make[2]: Leaving directory '/home/isatkaus/gridkit/build'
make  -f tests/UnitTests/LinearAlgebra/Vector/CMakeFiles/test_vector.dir/build.make tests/UnitTests/LinearAlgebra/Vector/CMakeFiles/test_vector.dir/build
[ 55%] Building CXX object tests/UnitTests/LinearAlgebra/SparseMatrix/CMakeFiles/test_sparse_coo.dir/runSparseCooTests.cpp.o
make  -f tests/UnitTests/LinearAlgebra/Vector/CMakeFiles/test_vector_handler.dir/build.make tests/UnitTests/LinearAlgebra/Vector/CMakeFiles/test_vector_handler.dir/build
make[2]: Leaving directory '/home/isatkaus/gridkit/build'
make[2]: Leaving directory '/home/isatkaus/gridkit/build'
make[2]: Leaving directory '/home/isatkaus/gridkit/build'
[ 55%] Built target power_elec_microline
make  -f tests/UnitTests/Utilities/CMakeFiles/test_logger.dir/build.make tests/UnitTests/Utilities/CMakeFiles/test_logger.dir/build
make  -f tests/UnitTests/PowerElectronics/CMakeFiles/test_power_electronics_node.dir/build.make tests/UnitTests/PowerElectronics/CMakeFiles/test_power_electronics_node.dir/build
make  -f tests/UnitTests/Solver/Dynamic/CMakeFiles/test_ida.dir/build.make tests/UnitTests/Solver/Dynamic/CMakeFiles/test_ida.dir/build
make[2]: Leaving directory '/home/isatkaus/gridkit/build'
make  -f tests/UnitTests/Math/CMakeFiles/test_math_smoothness_indicator.dir/build.make tests/UnitTests/Math/CMakeFiles/test_math_smoothness_indicator.dir/build
make[2]: Leaving directory '/home/isatkaus/gridkit/build'
cd /home/isatkaus/gridkit/build/GridKit/Model/PhasorDynamics/Exciter/ESDC1A && /nopt/nrel/apps/cpu_stack/utilities/06-24/linux-rhel8-sapphirerapids/gcc-12.3.0/cmake-3.29.2-6n4msmc4aewj7wyi6b5g644vjrqyqgot/bin/cmake -E cmake_link_script CMakeFiles/phasor_dynamics_exciter_esdc1a.dir/link.txt --verbose=1
make  -f tests/UnitTests/Utilities/CMakeFiles/test_cli_args.dir/build.make tests/UnitTests/Utilities/CMakeFiles/test_cli_args.dir/build
cd /home/isatkaus/gridkit/build/GridKit/Model/PhasorDynamics/Exciter/SEXS-PTI && /nopt/nrel/apps/cpu_stack/utilities/06-24/linux-rhel8-sapphirerapids/gcc-12.3.0/cmake-3.29.2-6n4msmc4aewj7wyi6b5g644vjrqyqgot/bin/cmake -E cmake_link_script CMakeFiles/phasor_dynamics_exciter_sexspti_dependency_tracking.dir/link.txt --verbose=1
make[2]: Entering directory '/home/isatkaus/gridkit/build'
make[2]: Entering directory '/home/isatkaus/gridkit/build'
make[2]: Entering directory '/home/isatkaus/gridkit/build'
make[2]: Entering directory '/home/isatkaus/gridkit/build'
make[2]: Entering directory '/home/isatkaus/gridkit/build'
make[2]: Entering directory '/home/isatkaus/gridkit/build'
make[2]: Entering directory '/home/isatkaus/gridkit/build'
make[2]: Leaving directory '/home/isatkaus/gridkit/build'
cd /home/isatkaus/gridkit/build/tests/UnitTests/AutomaticDifferentiation/Enzyme && /nopt/nrel/apps/cpu_stack/software/gridkit/llvm/16.0.6/bin/clang++  -I/home/isatkaus/gridkit --gcc-toolchain=/nopt/nrel/apps/cpu_stack/compilers/06-24/linux-rhel8-sapphirerapids/gcc-12.3.0/gcc-13.1.0-bmut2ysomhthj6y7oyc73c3cmxye57am -Wall -Wextra -Wconversion -Wpedantic -O2 -g -DNDEBUG -std=gnu++20 -fPIE -mllvm -enzyme-auto-sparsity=1 -fplugin=/nopt/nrel/apps/cpu_stack/software/gridkit/enzyme/0.0.206/lib/ClangEnzyme-16.so -MD -MT tests/UnitTests/AutomaticDifferentiation/Enzyme/CMakeFiles/test_enzyme.dir/runEnzymeTests.cpp.o -MF CMakeFiles/test_enzyme.dir/runEnzymeTests.cpp.o.d -o CMakeFiles/test_enzyme.dir/runEnzymeTests.cpp.o -c /home/isatkaus/gridkit/tests/UnitTests/AutomaticDifferentiation/Enzyme/runEnzymeTests.cpp
cd /home/isatkaus/gridkit/build/tests/UnitTests/LinearAlgebra/SparseMatrix && /nopt/nrel/apps/cpu_stack/software/gridkit/llvm/16.0.6/bin/clang++  -I/home/isatkaus/gridkit --gcc-toolchain=/nopt/nrel/apps/cpu_stack/compilers/06-24/linux-rhel8-sapphirerapids/gcc-12.3.0/gcc-13.1.0-bmut2ysomhthj6y7oyc73c3cmxye57am -Wall -Wextra -Wconversion -Wpedantic -O2 -g -DNDEBUG -std=gnu++20 -fPIE -MD -MT tests/UnitTests/LinearAlgebra/SparseMatrix/CMakeFiles/test_sparse_csr.dir/runSparseCsrTests.cpp.o -MF CMakeFiles/test_sparse_csr.dir/runSparseCsrTests.cpp.o.d -o CMakeFiles/test_sparse_csr.dir/runSparseCsrTests.cpp.o -c /home/isatkaus/gridkit/tests/UnitTests/LinearAlgebra/SparseMatrix/runSparseCsrTests.cpp
cd /home/isatkaus/gridkit/build/tests/UnitTests/LinearAlgebra/SparseMatrix && /nopt/nrel/apps/cpu_stack/software/gridkit/llvm/16.0.6/bin/clang++  -I/home/isatkaus/gridkit --gcc-toolchain=/nopt/nrel/apps/cpu_stack/compilers/06-24/linux-rhel8-sapphirerapids/gcc-12.3.0/gcc-13.1.0-bmut2ysomhthj6y7oyc73c3cmxye57am -Wall -Wextra -Wconversion -Wpedantic -O2 -g -DNDEBUG -std=gnu++20 -fPIE -MD -MT tests/UnitTests/LinearAlgebra/SparseMatrix/CMakeFiles/test_sparse_coo.dir/runSparseCooTests.cpp.o -MF CMakeFiles/test_sparse_coo.dir/runSparseCooTests.cpp.o.d -o CMakeFiles/test_sparse_coo.dir/runSparseCooTests.cpp.o -c /home/isatkaus/gridkit/tests/UnitTests/LinearAlgebra/SparseMatrix/runSparseCooTests.cpp
/nopt/nrel/apps/cpu_stack/software/gridkit/llvm/16.0.6/bin/clang++ -fPIC --gcc-toolchain=/nopt/nrel/apps/cpu_stack/compilers/06-24/linux-rhel8-sapphirerapids/gcc-12.3.0/gcc-13.1.0-bmut2ysomhthj6y7oyc73c3cmxye57am -Wall -Wextra -Wconversion -Wpedantic -O2 -g -DNDEBUG -Wl,-rpath,/nopt/nrel/apps/cpu_stack/compilers/06-24/linux-rhel8-sapphirerapids/gcc-12.3.0/gcc-13.1.0-bmut2ysomhthj6y7oyc73c3cmxye57am/lib/gcc/x86_64-pc-linux-gnu/13.1.0/../../../../lib64 -Wl,-rpath,/nopt/nrel/apps/cpu_stack/libraries-gcc/06-24/linux-rhel8-sapphirerapids/gcc-12.3.0/netlib-lapack-3.11.0-abk4uhd5cyrfnhh67bcdhyt6fulibezx/lib64 -shared -Wl,-soname,libgridkit_phasor_dynamics_exciter_esdc1a.so.0 -o libgridkit_phasor_dynamics_exciter_esdc1a.so.0.1.0 CMakeFiles/phasor_dynamics_exciter_esdc1a.dir/Esdc1aEnzyme.cpp.o  -Wl,-rpath,/home/isatkaus/gridkit/build/GridKit/Model/PhasorDynamics/SignalNode:/home/isatkaus/gridkit/build/GridKit/LinearAlgebra/Vector:/home/isatkaus/gridkit/build/GridKit/LinearAlgebra/SparseMatrix:/home/isatkaus/gridkit/build/GridKit/Utilities/Logger:/home/isatkaus/gridkit/build/GridKit/MemoryUtilities/cpu: ../../SignalNode/libgridkit_phasor_dynamics_signal.so.0.1.0 ../../../../LinearAlgebra/Vector/libgridkit_dense_vector.so.0.1.0 ../../../../LinearAlgebra/SparseMatrix/libgridkit_sparse_matrix.so.0.1.0 ../../../../Utilities/Logger/libgridkit_utilities_logger.so.0.1.0 ../../../../MemoryUtilities/cpu/libgridkit_cpu_backend.so.0.1.0
make[2]: Leaving directory '/home/isatkaus/gridkit/build'
[ 57%] Building CXX object tests/UnitTests/LinearAlgebra/Vector/CMakeFiles/test_vector_handler.dir/runVectorHandlerTests.cpp.o
[ 57%] Building CXX object tests/UnitTests/LinearAlgebra/Vector/CMakeFiles/test_vector.dir/runVectorTests.cpp.o
/nopt/nrel/apps/cpu_stack/software/gridkit/llvm/16.0.6/bin/clang++ -fPIC --gcc-toolchain=/nopt/nrel/apps/cpu_stack/compilers/06-24/linux-rhel8-sapphirerapids/gcc-12.3.0/gcc-13.1.0-bmut2ysomhthj6y7oyc73c3cmxye57am -Wall -Wextra -Wconversion -Wpedantic -O2 -g -DNDEBUG -Wl,-rpath,/nopt/nrel/apps/cpu_stack/compilers/06-24/linux-rhel8-sapphirerapids/gcc-12.3.0/gcc-13.1.0-bmut2ysomhthj6y7oyc73c3cmxye57am/lib/gcc/x86_64-pc-linux-gnu/13.1.0/../../../../lib64 -Wl,-rpath,/nopt/nrel/apps/cpu_stack/libraries-gcc/06-24/linux-rhel8-sapphirerapids/gcc-12.3.0/netlib-lapack-3.11.0-abk4uhd5cyrfnhh67bcdhyt6fulibezx/lib64 -shared -Wl,-soname,libgridkit_phasor_dynamics_exciter_sexspti_dependency_tracking.so.0 -o libgridkit_phasor_dynamics_exciter_sexspti_dependency_tracking.so.0.1.0 CMakeFiles/phasor_dynamics_exciter_sexspti_dependency_tracking.dir/SexsPtiDependencyTracking.cpp.o  -Wl,-rpath,/home/isatkaus/gridkit/build/GridKit/Model/PhasorDynamics/SignalNode:/home/isatkaus/gridkit/build/GridKit/LinearAlgebra/Vector:/home/isatkaus/gridkit/build/GridKit/LinearAlgebra/SparseMatrix:/home/isatkaus/gridkit/build/GridKit/Utilities/Logger:/home/isatkaus/gridkit/build/GridKit/MemoryUtilities/cpu: ../../SignalNode/libgridkit_phasor_dynamics_signal_dependency_tracking.so.0.1.0 ../../../../LinearAlgebra/Vector/libgridkit_dense_vector.so.0.1.0 ../../../../LinearAlgebra/SparseMatrix/libgridkit_sparse_matrix.so.0.1.0 ../../../../Utilities/Logger/libgridkit_utilities_logger.so.0.1.0 ../../../../MemoryUtilities/cpu/libgridkit_cpu_backend.so.0.1.0
[ 58%] Building CXX object tests/UnitTests/Utilities/CMakeFiles/test_logger.dir/runLoggerTests.cpp.o
[ 58%] Building CXX object tests/UnitTests/Solver/Dynamic/CMakeFiles/test_ida.dir/runIdaTests.cpp.o
[ 59%] Building CXX object tests/UnitTests/Math/CMakeFiles/test_math_smoothness_indicator.dir/runSmoothnessIndicatorTests.cpp.o
[ 59%] Building CXX object tests/UnitTests/PowerElectronics/CMakeFiles/test_power_electronics_node.dir/runCircuitNodeTests.cpp.o
[ 60%] Building CXX object tests/UnitTests/Utilities/CMakeFiles/test_cli_args.dir/runCliArgsTests.cpp.o
[ 60%] Built target phasor_dynamics_bus
[ 60%] Linking CXX shared library libgridkit_phasor_dynamics_converter_regca.so
[ 60%] Built target power_elec_tranline
cd /home/isatkaus/gridkit/build/GridKit/Model/PowerElectronics/InductionMotor && /nopt/nrel/apps/cpu_stack/utilities/06-24/linux-rhel8-sapphirerapids/gcc-12.3.0/cmake-3.29.2-6n4msmc4aewj7wyi6b5g644vjrqyqgot/bin/cmake -E cmake_symlink_library libgridkit_power_elec_inductionmotor.so.0.1.0 libgridkit_power_elec_inductionmotor.so.0 libgridkit_power_elec_inductionmotor.so
cd /home/isatkaus/gridkit/build/tests/UnitTests/LinearAlgebra/Vector && /nopt/nrel/apps/cpu_stack/software/gridkit/llvm/16.0.6/bin/clang++  -I/home/isatkaus/gridkit --gcc-toolchain=/nopt/nrel/apps/cpu_stack/compilers/06-24/linux-rhel8-sapphirerapids/gcc-12.3.0/gcc-13.1.0-bmut2ysomhthj6y7oyc73c3cmxye57am -Wall -Wextra -Wconversion -Wpedantic -O2 -g -DNDEBUG -std=gnu++20 -fPIE -MD -MT tests/UnitTests/LinearAlgebra/Vector/CMakeFiles/test_vector.dir/runVectorTests.cpp.o -MF CMakeFiles/test_vector.dir/runVectorTests.cpp.o.d -o CMakeFiles/test_vector.dir/runVectorTests.cpp.o -c /home/isatkaus/gridkit/tests/UnitTests/LinearAlgebra/Vector/runVectorTests.cpp
cd /home/isatkaus/gridkit/build/tests/UnitTests/LinearAlgebra/Vector && /nopt/nrel/apps/cpu_stack/software/gridkit/llvm/16.0.6/bin/clang++  -I/home/isatkaus/gridkit --gcc-toolchain=/nopt/nrel/apps/cpu_stack/compilers/06-24/linux-rhel8-sapphirerapids/gcc-12.3.0/gcc-13.1.0-bmut2ysomhthj6y7oyc73c3cmxye57am -Wall -Wextra -Wconversion -Wpedantic -O2 -g -DNDEBUG -std=gnu++20 -fPIE -MD -MT tests/UnitTests/LinearAlgebra/Vector/CMakeFiles/test_vector_handler.dir/runVectorHandlerTests.cpp.o -MF CMakeFiles/test_vector_handler.dir/runVectorHandlerTests.cpp.o.d -o CMakeFiles/test_vector_handler.dir/runVectorHandlerTests.cpp.o -c /home/isatkaus/gridkit/tests/UnitTests/LinearAlgebra/Vector/runVectorHandlerTests.cpp
cd /home/isatkaus/gridkit/build/tests/UnitTests/Utilities && /nopt/nrel/apps/cpu_stack/software/gridkit/llvm/16.0.6/bin/clang++  -I/home/isatkaus/gridkit --gcc-toolchain=/nopt/nrel/apps/cpu_stack/compilers/06-24/linux-rhel8-sapphirerapids/gcc-12.3.0/gcc-13.1.0-bmut2ysomhthj6y7oyc73c3cmxye57am -Wall -Wextra -Wconversion -Wpedantic -O2 -g -DNDEBUG -std=gnu++20 -fPIE -MD -MT tests/UnitTests/Utilities/CMakeFiles/test_logger.dir/runLoggerTests.cpp.o -MF CMakeFiles/test_logger.dir/runLoggerTests.cpp.o.d -o CMakeFiles/test_logger.dir/runLoggerTests.cpp.o -c /home/isatkaus/gridkit/tests/UnitTests/Utilities/runLoggerTests.cpp
cd /home/isatkaus/gridkit/build/tests/UnitTests/Solver/Dynamic && /nopt/nrel/apps/cpu_stack/software/gridkit/llvm/16.0.6/bin/clang++  -I/home/isatkaus/gridkit -I/home/isatkaus/gridkit/build -isystem /nopt/nrel/apps/cpu_stack/software/gridkit/sundials/develop/include -isystem /nopt/nrel/apps/cpu_stack/software/gridkit/suitesparse/7.8.2/include/suitesparse --gcc-toolchain=/nopt/nrel/apps/cpu_stack/compilers/06-24/linux-rhel8-sapphirerapids/gcc-12.3.0/gcc-13.1.0-bmut2ysomhthj6y7oyc73c3cmxye57am -Wall -Wextra -Wconversion -Wpedantic -O2 -g -DNDEBUG -std=gnu++20 -fPIE -MD -MT tests/UnitTests/Solver/Dynamic/CMakeFiles/test_ida.dir/runIdaTests.cpp.o -MF CMakeFiles/test_ida.dir/runIdaTests.cpp.o.d -o CMakeFiles/test_ida.dir/runIdaTests.cpp.o -c /home/isatkaus/gridkit/tests/UnitTests/Solver/Dynamic/runIdaTests.cpp
cd /home/isatkaus/gridkit/build/tests/UnitTests/PowerElectronics && /nopt/nrel/apps/cpu_stack/software/gridkit/llvm/16.0.6/bin/clang++  -I/home/isatkaus/gridkit --gcc-toolchain=/nopt/nrel/apps/cpu_stack/compilers/06-24/linux-rhel8-sapphirerapids/gcc-12.3.0/gcc-13.1.0-bmut2ysomhthj6y7oyc73c3cmxye57am -Wall -Wextra -Wconversion -Wpedantic -O2 -g -DNDEBUG -std=gnu++20 -fPIE -MD -MT tests/UnitTests/PowerElectronics/CMakeFiles/test_power_electronics_node.dir/runCircuitNodeTests.cpp.o -MF CMakeFiles/test_power_electronics_node.dir/runCircuitNodeTests.cpp.o.d -o CMakeFiles/test_power_electronics_node.dir/runCircuitNodeTests.cpp.o -c /home/isatkaus/gridkit/tests/UnitTests/PowerElectronics/runCircuitNodeTests.cpp
cd /home/isatkaus/gridkit/build/tests/UnitTests/Math && /nopt/nrel/apps/cpu_stack/software/gridkit/llvm/16.0.6/bin/clang++  -I/home/isatkaus/gridkit/build -I/home/isatkaus/gridkit --gcc-toolchain=/nopt/nrel/apps/cpu_stack/compilers/06-24/linux-rhel8-sapphirerapids/gcc-12.3.0/gcc-13.1.0-bmut2ysomhthj6y7oyc73c3cmxye57am -Wall -Wextra -Wconversion -Wpedantic -O2 -g -DNDEBUG -std=gnu++20 -fPIE -MD -MT tests/UnitTests/Math/CMakeFiles/test_math_smoothness_indicator.dir/runSmoothnessIndicatorTests.cpp.o -MF CMakeFiles/test_math_smoothness_indicator.dir/runSmoothnessIndicatorTests.cpp.o.d -o CMakeFiles/test_math_smoothness_indicator.dir/runSmoothnessIndicatorTests.cpp.o -c /home/isatkaus/gridkit/tests/UnitTests/Math/runSmoothnessIndicatorTests.cpp
cd /home/isatkaus/gridkit/build/tests/UnitTests/Utilities && /nopt/nrel/apps/cpu_stack/software/gridkit/llvm/16.0.6/bin/clang++  -I/home/isatkaus/gridkit --gcc-toolchain=/nopt/nrel/apps/cpu_stack/compilers/06-24/linux-rhel8-sapphirerapids/gcc-12.3.0/gcc-13.1.0-bmut2ysomhthj6y7oyc73c3cmxye57am -Wall -Wextra -Wconversion -Wpedantic -O2 -g -DNDEBUG -std=gnu++20 -fPIE -MD -MT tests/UnitTests/Utilities/CMakeFiles/test_cli_args.dir/runCliArgsTests.cpp.o -MF CMakeFiles/test_cli_args.dir/runCliArgsTests.cpp.o.d -o CMakeFiles/test_cli_args.dir/runCliArgsTests.cpp.o -c /home/isatkaus/gridkit/tests/UnitTests/Utilities/runCliArgsTests.cpp
make  -f tests/UnitTests/AutomaticDifferentiation/DependencyTracking/CMakeFiles/test_dependency_tracking.dir/build.make tests/UnitTests/AutomaticDifferentiation/DependencyTracking/CMakeFiles/test_dependency_tracking.dir/depend
cd /home/isatkaus/gridkit/build/GridKit/Model/PhasorDynamics/Governor/Tgov1 && /nopt/nrel/apps/cpu_stack/utilities/06-24/linux-rhel8-sapphirerapids/gcc-12.3.0/cmake-3.29.2-6n4msmc4aewj7wyi6b5g644vjrqyqgot/bin/cmake -E cmake_symlink_library libgridkit_phasor_dynamics_governor_tgov1.so.0.1.0 libgridkit_phasor_dynamics_governor_tgov1.so.0 libgridkit_phasor_dynamics_governor_tgov1.so
make  -f tests/UnitTests/PhasorDynamics/CMakeFiles/test_phasor_bus.dir/build.make tests/UnitTests/PhasorDynamics/CMakeFiles/test_phasor_bus.dir/depend
cd /home/isatkaus/gridkit/build/GridKit/Model/PhasorDynamics/Converter/REGCA && /nopt/nrel/apps/cpu_stack/utilities/06-24/linux-rhel8-sapphirerapids/gcc-12.3.0/cmake-3.29.2-6n4msmc4aewj7wyi6b5g644vjrqyqgot/bin/cmake -E cmake_link_script CMakeFiles/phasor_dynamics_converter_regca.dir/link.txt --verbose=1
make[2]: Entering directory '/home/isatkaus/gridkit/build'
cd /home/isatkaus/gridkit/build && /nopt/nrel/apps/cpu_stack/utilities/06-24/linux-rhel8-sapphirerapids/gcc-12.3.0/cmake-3.29.2-6n4msmc4aewj7wyi6b5g644vjrqyqgot/bin/cmake -E cmake_depends "Unix Makefiles" /home/isatkaus/gridkit /home/isatkaus/gridkit/tests/UnitTests/AutomaticDifferentiation/DependencyTracking /home/isatkaus/gridkit/build /home/isatkaus/gridkit/build/tests/UnitTests/AutomaticDifferentiation/DependencyTracking /home/isatkaus/gridkit/build/tests/UnitTests/AutomaticDifferentiation/DependencyTracking/CMakeFiles/test_dependency_tracking.dir/DependInfo.cmake "--color="
make[2]: Entering directory '/home/isatkaus/gridkit/build'
cd /home/isatkaus/gridkit/build && /nopt/nrel/apps/cpu_stack/utilities/06-24/linux-rhel8-sapphirerapids/gcc-12.3.0/cmake-3.29.2-6n4msmc4aewj7wyi6b5g644vjrqyqgot/bin/cmake -E cmake_depends "Unix Makefiles" /home/isatkaus/gridkit /home/isatkaus/gridkit/tests/UnitTests/PhasorDynamics /home/isatkaus/gridkit/build /home/isatkaus/gridkit/build/tests/UnitTests/PhasorDynamics /home/isatkaus/gridkit/build/tests/UnitTests/PhasorDynamics/CMakeFiles/test_phasor_bus.dir/DependInfo.cmake "--color="
/nopt/nrel/apps/cpu_stack/software/gridkit/llvm/16.0.6/bin/clang++ -fPIC --gcc-toolchain=/nopt/nrel/apps/cpu_stack/compilers/06-24/linux-rhel8-sapphirerapids/gcc-12.3.0/gcc-13.1.0-bmut2ysomhthj6y7oyc73c3cmxye57am -Wall -Wextra -Wconversion -Wpedantic -O2 -g -DNDEBUG -Wl,-rpath,/nopt/nrel/apps/cpu_stack/compilers/06-24/linux-rhel8-sapphirerapids/gcc-12.3.0/gcc-13.1.0-bmut2ysomhthj6y7oyc73c3cmxye57am/lib/gcc/x86_64-pc-linux-gnu/13.1.0/../../../../lib64 -Wl,-rpath,/nopt/nrel/apps/cpu_stack/libraries-gcc/06-24/linux-rhel8-sapphirerapids/gcc-12.3.0/netlib-lapack-3.11.0-abk4uhd5cyrfnhh67bcdhyt6fulibezx/lib64 -shared -Wl,-soname,libgridkit_phasor_dynamics_converter_regca.so.0 -o libgridkit_phasor_dynamics_converter_regca.so.0.1.0 CMakeFiles/phasor_dynamics_converter_regca.dir/RegcaEnzyme.cpp.o  -Wl,-rpath,/home/isatkaus/gridkit/build/GridKit/Model/PhasorDynamics/SignalNode:/home/isatkaus/gridkit/build/GridKit/LinearAlgebra/Vector:/home/isatkaus/gridkit/build/GridKit/LinearAlgebra/SparseMatrix:/home/isatkaus/gridkit/build/GridKit/Utilities/Logger:/home/isatkaus/gridkit/build/GridKit/MemoryUtilities/cpu: ../../SignalNode/libgridkit_phasor_dynamics_signal.so.0.1.0 ../../../../LinearAlgebra/Vector/libgridkit_dense_vector.so.0.1.0 ../../../../LinearAlgebra/SparseMatrix/libgridkit_sparse_matrix.so.0.1.0 ../../../../Utilities/Logger/libgridkit_utilities_logger.so.0.1.0 ../../../../MemoryUtilities/cpu/libgridkit_cpu_backend.so.0.1.0
make[2]: Leaving directory '/home/isatkaus/gridkit/build'
make[2]: Leaving directory '/home/isatkaus/gridkit/build'
make  -f tests/UnitTests/AutomaticDifferentiation/DependencyTracking/CMakeFiles/test_dependency_tracking.dir/build.make tests/UnitTests/AutomaticDifferentiation/DependencyTracking/CMakeFiles/test_dependency_tracking.dir/build
make[2]: Leaving directory '/home/isatkaus/gridkit/build'
make  -f tests/UnitTests/PhasorDynamics/CMakeFiles/test_phasor_bus.dir/build.make tests/UnitTests/PhasorDynamics/CMakeFiles/test_phasor_bus.dir/build
make[2]: Entering directory '/home/isatkaus/gridkit/build'
make[2]: Entering directory '/home/isatkaus/gridkit/build'
[ 60%] Built target power_elec_inductionmotor
[ 61%] Building CXX object tests/UnitTests/PhasorDynamics/CMakeFiles/test_phasor_bus.dir/runBusTests.cpp.o
[ 61%] Building CXX object tests/UnitTests/AutomaticDifferentiation/DependencyTracking/CMakeFiles/test_dependency_tracking.dir/runDependencyTrackingTests.cpp.o
make[2]: Leaving directory '/home/isatkaus/gridkit/build'
cd /home/isatkaus/gridkit/build/tests/UnitTests/AutomaticDifferentiation/DependencyTracking && /nopt/nrel/apps/cpu_stack/software/gridkit/llvm/16.0.6/bin/clang++  -I/home/isatkaus/gridkit -I/home/isatkaus/gridkit/build --gcc-toolchain=/nopt/nrel/apps/cpu_stack/compilers/06-24/linux-rhel8-sapphirerapids/gcc-12.3.0/gcc-13.1.0-bmut2ysomhthj6y7oyc73c3cmxye57am -Wall -Wextra -Wconversion -Wpedantic -O2 -g -DNDEBUG -std=gnu++20 -fPIE -MD -MT tests/UnitTests/AutomaticDifferentiation/DependencyTracking/CMakeFiles/test_dependency_tracking.dir/runDependencyTrackingTests.cpp.o -MF CMakeFiles/test_dependency_tracking.dir/runDependencyTrackingTests.cpp.o.d -o CMakeFiles/test_dependency_tracking.dir/runDependencyTrackingTests.cpp.o -c /home/isatkaus/gridkit/tests/UnitTests/AutomaticDifferentiation/DependencyTracking/runDependencyTrackingTests.cpp
cd /home/isatkaus/gridkit/build/tests/UnitTests/PhasorDynamics && /nopt/nrel/apps/cpu_stack/software/gridkit/llvm/16.0.6/bin/clang++  -I/home/isatkaus/gridkit -I/home/isatkaus/gridkit/build --gcc-toolchain=/nopt/nrel/apps/cpu_stack/compilers/06-24/linux-rhel8-sapphirerapids/gcc-12.3.0/gcc-13.1.0-bmut2ysomhthj6y7oyc73c3cmxye57am -Wall -Wextra -Wconversion -Wpedantic -O2 -g -DNDEBUG -std=gnu++20 -fPIE -MD -MT tests/UnitTests/PhasorDynamics/CMakeFiles/test_phasor_bus.dir/runBusTests.cpp.o -MF CMakeFiles/test_phasor_bus.dir/runBusTests.cpp.o.d -o CMakeFiles/test_phasor_bus.dir/runBusTests.cpp.o -c /home/isatkaus/gridkit/tests/UnitTests/PhasorDynamics/runBusTests.cpp
[ 61%] Built target phasor_dynamics_governor_tgov1
[ 62%] Linking CXX shared library libgridkit_phasor_dynamics_governor_hygov.so
cd /home/isatkaus/gridkit/build/GridKit/Model/PhasorDynamics/Governor/HYGOV && /nopt/nrel/apps/cpu_stack/utilities/06-24/linux-rhel8-sapphirerapids/gcc-12.3.0/cmake-3.29.2-6n4msmc4aewj7wyi6b5g644vjrqyqgot/bin/cmake -E cmake_link_script CMakeFiles/phasor_dynamics_governor_hygov.dir/link.txt --verbose=1
[ 62%] Linking CXX shared library libgridkit_phasor_dynamics_branch_dependency_tracking.so
/nopt/nrel/apps/cpu_stack/software/gridkit/llvm/16.0.6/bin/clang++ -fPIC --gcc-toolchain=/nopt/nrel/apps/cpu_stack/compilers/06-24/linux-rhel8-sapphirerapids/gcc-12.3.0/gcc-13.1.0-bmut2ysomhthj6y7oyc73c3cmxye57am -Wall -Wextra -Wconversion -Wpedantic -O2 -g -DNDEBUG -Wl,-rpath,/nopt/nrel/apps/cpu_stack/compilers/06-24/linux-rhel8-sapphirerapids/gcc-12.3.0/gcc-13.1.0-bmut2ysomhthj6y7oyc73c3cmxye57am/lib/gcc/x86_64-pc-linux-gnu/13.1.0/../../../../lib64 -Wl,-rpath,/nopt/nrel/apps/cpu_stack/libraries-gcc/06-24/linux-rhel8-sapphirerapids/gcc-12.3.0/netlib-lapack-3.11.0-abk4uhd5cyrfnhh67bcdhyt6fulibezx/lib64 -shared -Wl,-soname,libgridkit_phasor_dynamics_governor_hygov.so.0 -o libgridkit_phasor_dynamics_governor_hygov.so.0.1.0 CMakeFiles/phasor_dynamics_governor_hygov.dir/HygovEnzyme.cpp.o  -Wl,-rpath,/home/isatkaus/gridkit/build/GridKit/Model/PhasorDynamics/SignalNode:/home/isatkaus/gridkit/build/GridKit/LinearAlgebra/Vector:/home/isatkaus/gridkit/build/GridKit/LinearAlgebra/SparseMatrix:/home/isatkaus/gridkit/build/GridKit/Utilities/Logger:/home/isatkaus/gridkit/build/GridKit/MemoryUtilities/cpu: ../../SignalNode/libgridkit_phasor_dynamics_signal.so.0.1.0 ../../../../LinearAlgebra/Vector/libgridkit_dense_vector.so.0.1.0 ../../../../LinearAlgebra/SparseMatrix/libgridkit_sparse_matrix.so.0.1.0 ../../../../Utilities/Logger/libgridkit_utilities_logger.so.0.1.0 ../../../../MemoryUtilities/cpu/libgridkit_cpu_backend.so.0.1.0
cd /home/isatkaus/gridkit/build/GridKit/Model/PhasorDynamics/Branch && /nopt/nrel/apps/cpu_stack/utilities/06-24/linux-rhel8-sapphirerapids/gcc-12.3.0/cmake-3.29.2-6n4msmc4aewj7wyi6b5g644vjrqyqgot/bin/cmake -E cmake_link_script CMakeFiles/phasor_dynamics_branch_dependency_tracking.dir/link.txt --verbose=1
/nopt/nrel/apps/cpu_stack/software/gridkit/llvm/16.0.6/bin/clang++ -fPIC --gcc-toolchain=/nopt/nrel/apps/cpu_stack/compilers/06-24/linux-rhel8-sapphirerapids/gcc-12.3.0/gcc-13.1.0-bmut2ysomhthj6y7oyc73c3cmxye57am -Wall -Wextra -Wconversion -Wpedantic -O2 -g -DNDEBUG -Wl,-rpath,/nopt/nrel/apps/cpu_stack/compilers/06-24/linux-rhel8-sapphirerapids/gcc-12.3.0/gcc-13.1.0-bmut2ysomhthj6y7oyc73c3cmxye57am/lib/gcc/x86_64-pc-linux-gnu/13.1.0/../../../../lib64 -Wl,-rpath,/nopt/nrel/apps/cpu_stack/libraries-gcc/06-24/linux-rhel8-sapphirerapids/gcc-12.3.0/netlib-lapack-3.11.0-abk4uhd5cyrfnhh67bcdhyt6fulibezx/lib64 -shared -Wl,-soname,libgridkit_phasor_dynamics_branch_dependency_tracking.so.0 -o libgridkit_phasor_dynamics_branch_dependency_tracking.so.0.1.0 CMakeFiles/phasor_dynamics_branch_dependency_tracking.dir/BranchDependencyTracking.cpp.o  -Wl,-rpath,/home/isatkaus/gridkit/build/GridKit/LinearAlgebra/Vector:/home/isatkaus/gridkit/build/GridKit/LinearAlgebra/SparseMatrix:/home/isatkaus/gridkit/build/GridKit/Utilities/Logger:/home/isatkaus/gridkit/build/GridKit/MemoryUtilities/cpu: ../../../LinearAlgebra/Vector/libgridkit_dense_vector.so.0.1.0 ../../../LinearAlgebra/SparseMatrix/libgridkit_sparse_matrix.so.0.1.0 ../../../Utilities/Logger/libgridkit_utilities_logger.so.0.1.0 ../../../MemoryUtilities/cpu/libgridkit_cpu_backend.so.0.1.0
[ 62%] Linking CXX shared library libgridkit_phasor_dynamics_genrou.so
cd /home/isatkaus/gridkit/build/GridKit/Model/PhasorDynamics/SynchronousMachine/GENROU && /nopt/nrel/apps/cpu_stack/utilities/06-24/linux-rhel8-sapphirerapids/gcc-12.3.0/cmake-3.29.2-6n4msmc4aewj7wyi6b5g644vjrqyqgot/bin/cmake -E cmake_link_script CMakeFiles/phasor_dynamics_genrou.dir/link.txt --verbose=1
/nopt/nrel/apps/cpu_stack/software/gridkit/llvm/16.0.6/bin/clang++ -fPIC --gcc-toolchain=/nopt/nrel/apps/cpu_stack/compilers/06-24/linux-rhel8-sapphirerapids/gcc-12.3.0/gcc-13.1.0-bmut2ysomhthj6y7oyc73c3cmxye57am -Wall -Wextra -Wconversion -Wpedantic -O2 -g -DNDEBUG -Wl,-rpath,/nopt/nrel/apps/cpu_stack/compilers/06-24/linux-rhel8-sapphirerapids/gcc-12.3.0/gcc-13.1.0-bmut2ysomhthj6y7oyc73c3cmxye57am/lib/gcc/x86_64-pc-linux-gnu/13.1.0/../../../../lib64 -Wl,-rpath,/nopt/nrel/apps/cpu_stack/libraries-gcc/06-24/linux-rhel8-sapphirerapids/gcc-12.3.0/netlib-lapack-3.11.0-abk4uhd5cyrfnhh67bcdhyt6fulibezx/lib64 -shared -Wl,-soname,libgridkit_phasor_dynamics_genrou.so.0 -o libgridkit_phasor_dynamics_genrou.so.0.1.0 CMakeFiles/phasor_dynamics_genrou.dir/GenrouEnzyme.cpp.o  -Wl,-rpath,/home/isatkaus/gridkit/build/GridKit/Model/PhasorDynamics/SignalNode:/home/isatkaus/gridkit/build/GridKit/LinearAlgebra/Vector:/home/isatkaus/gridkit/build/GridKit/LinearAlgebra/SparseMatrix:/home/isatkaus/gridkit/build/GridKit/Utilities/Logger:/home/isatkaus/gridkit/build/GridKit/MemoryUtilities/cpu: ../../SignalNode/libgridkit_phasor_dynamics_signal.so.0.1.0 ../../../../LinearAlgebra/Vector/libgridkit_dense_vector.so.0.1.0 ../../../../LinearAlgebra/SparseMatrix/libgridkit_sparse_matrix.so.0.1.0 ../../../../Utilities/Logger/libgridkit_utilities_logger.so.0.1.0 ../../../../MemoryUtilities/cpu/libgridkit_cpu_backend.so.0.1.0
[ 62%] Linking CXX shared library libgridkit_phasor_dynamics_gensal.so
cd /home/isatkaus/gridkit/build/GridKit/Model/PhasorDynamics/SynchronousMachine/GENSAL && /nopt/nrel/apps/cpu_stack/utilities/06-24/linux-rhel8-sapphirerapids/gcc-12.3.0/cmake-3.29.2-6n4msmc4aewj7wyi6b5g644vjrqyqgot/bin/cmake -E cmake_link_script CMakeFiles/phasor_dynamics_gensal.dir/link.txt --verbose=1
/nopt/nrel/apps/cpu_stack/software/gridkit/llvm/16.0.6/bin/clang++ -fPIC --gcc-toolchain=/nopt/nrel/apps/cpu_stack/compilers/06-24/linux-rhel8-sapphirerapids/gcc-12.3.0/gcc-13.1.0-bmut2ysomhthj6y7oyc73c3cmxye57am -Wall -Wextra -Wconversion -Wpedantic -O2 -g -DNDEBUG -Wl,-rpath,/nopt/nrel/apps/cpu_stack/compilers/06-24/linux-rhel8-sapphirerapids/gcc-12.3.0/gcc-13.1.0-bmut2ysomhthj6y7oyc73c3cmxye57am/lib/gcc/x86_64-pc-linux-gnu/13.1.0/../../../../lib64 -Wl,-rpath,/nopt/nrel/apps/cpu_stack/libraries-gcc/06-24/linux-rhel8-sapphirerapids/gcc-12.3.0/netlib-lapack-3.11.0-abk4uhd5cyrfnhh67bcdhyt6fulibezx/lib64 -shared -Wl,-soname,libgridkit_phasor_dynamics_gensal.so.0 -o libgridkit_phasor_dynamics_gensal.so.0.1.0 CMakeFiles/phasor_dynamics_gensal.dir/GensalEnzyme.cpp.o  -Wl,-rpath,/home/isatkaus/gridkit/build/GridKit/Model/PhasorDynamics/SignalNode:/home/isatkaus/gridkit/build/GridKit/LinearAlgebra/Vector:/home/isatkaus/gridkit/build/GridKit/LinearAlgebra/SparseMatrix:/home/isatkaus/gridkit/build/GridKit/Utilities/Logger:/home/isatkaus/gridkit/build/GridKit/MemoryUtilities/cpu: ../../SignalNode/libgridkit_phasor_dynamics_signal.so.0.1.0 ../../../../LinearAlgebra/Vector/libgridkit_dense_vector.so.0.1.0 ../../../../LinearAlgebra/SparseMatrix/libgridkit_sparse_matrix.so.0.1.0 ../../../../Utilities/Logger/libgridkit_utilities_logger.so.0.1.0 ../../../../MemoryUtilities/cpu/libgridkit_cpu_backend.so.0.1.0
[ 63%] Linking CXX shared library libgridkit_phasor_dynamics_gen_classical_dependency_tracking.so
cd /home/isatkaus/gridkit/build/GridKit/Model/PhasorDynamics/SynchronousMachine/GenClassical && /nopt/nrel/apps/cpu_stack/utilities/06-24/linux-rhel8-sapphirerapids/gcc-12.3.0/cmake-3.29.2-6n4msmc4aewj7wyi6b5g644vjrqyqgot/bin/cmake -E cmake_link_script CMakeFiles/phasor_dynamics_gen_classical_dependency_tracking.dir/link.txt --verbose=1
cd /home/isatkaus/gridkit/build/GridKit/Model/PhasorDynamics/Bus && /nopt/nrel/apps/cpu_stack/utilities/06-24/linux-rhel8-sapphirerapids/gcc-12.3.0/cmake-3.29.2-6n4msmc4aewj7wyi6b5g644vjrqyqgot/bin/cmake -E cmake_symlink_library libgridkit_phasor_dynamics_bus_dependency_tracking.so.0.1.0 libgridkit_phasor_dynamics_bus_dependency_tracking.so.0 libgridkit_phasor_dynamics_bus_dependency_tracking.so
/nopt/nrel/apps/cpu_stack/software/gridkit/llvm/16.0.6/bin/clang++ -fPIC --gcc-toolchain=/nopt/nrel/apps/cpu_stack/compilers/06-24/linux-rhel8-sapphirerapids/gcc-12.3.0/gcc-13.1.0-bmut2ysomhthj6y7oyc73c3cmxye57am -Wall -Wextra -Wconversion -Wpedantic -O2 -g -DNDEBUG -Wl,-rpath,/nopt/nrel/apps/cpu_stack/compilers/06-24/linux-rhel8-sapphirerapids/gcc-12.3.0/gcc-13.1.0-bmut2ysomhthj6y7oyc73c3cmxye57am/lib/gcc/x86_64-pc-linux-gnu/13.1.0/../../../../lib64 -Wl,-rpath,/nopt/nrel/apps/cpu_stack/libraries-gcc/06-24/linux-rhel8-sapphirerapids/gcc-12.3.0/netlib-lapack-3.11.0-abk4uhd5cyrfnhh67bcdhyt6fulibezx/lib64 -shared -Wl,-soname,libgridkit_phasor_dynamics_gen_classical_dependency_tracking.so.0 -o libgridkit_phasor_dynamics_gen_classical_dependency_tracking.so.0.1.0 CMakeFiles/phasor_dynamics_gen_classical_dependency_tracking.dir/GenClassicalDependencyTracking.cpp.o  -Wl,-rpath,/home/isatkaus/gridkit/build/GridKit/LinearAlgebra/Vector:/home/isatkaus/gridkit/build/GridKit/LinearAlgebra/SparseMatrix:/home/isatkaus/gridkit/build/GridKit/Utilities/Logger:/home/isatkaus/gridkit/build/GridKit/MemoryUtilities/cpu: ../../../../LinearAlgebra/Vector/libgridkit_dense_vector.so.0.1.0 ../../../../LinearAlgebra/SparseMatrix/libgridkit_sparse_matrix.so.0.1.0 ../../../../Utilities/Logger/libgridkit_utilities_logger.so.0.1.0 ../../../../MemoryUtilities/cpu/libgridkit_cpu_backend.so.0.1.0
make[2]: Leaving directory '/home/isatkaus/gridkit/build'
[ 64%] Linking CXX shared library libgridkit_phasor_dynamics_controller_repca.so
[ 64%] Built target phasor_dynamics_bus_dependency_tracking
cd /home/isatkaus/gridkit/build/GridKit/Model/PhasorDynamics/Controller/REPCA && /nopt/nrel/apps/cpu_stack/utilities/06-24/linux-rhel8-sapphirerapids/gcc-12.3.0/cmake-3.29.2-6n4msmc4aewj7wyi6b5g644vjrqyqgot/bin/cmake -E cmake_link_script CMakeFiles/phasor_dynamics_controller_repca.dir/link.txt --verbose=1
make  -f tests/UnitTests/PhasorDynamics/CMakeFiles/test_phasor_bustosignaladapter.dir/build.make tests/UnitTests/PhasorDynamics/CMakeFiles/test_phasor_bustosignaladapter.dir/depend
make[2]: Entering directory '/home/isatkaus/gridkit/build'
cd /home/isatkaus/gridkit/build && /nopt/nrel/apps/cpu_stack/utilities/06-24/linux-rhel8-sapphirerapids/gcc-12.3.0/cmake-3.29.2-6n4msmc4aewj7wyi6b5g644vjrqyqgot/bin/cmake -E cmake_depends "Unix Makefiles" /home/isatkaus/gridkit /home/isatkaus/gridkit/tests/UnitTests/PhasorDynamics /home/isatkaus/gridkit/build /home/isatkaus/gridkit/build/tests/UnitTests/PhasorDynamics /home/isatkaus/gridkit/build/tests/UnitTests/PhasorDynamics/CMakeFiles/test_phasor_bustosignaladapter.dir/DependInfo.cmake "--color="
/nopt/nrel/apps/cpu_stack/software/gridkit/llvm/16.0.6/bin/clang++ -fPIC --gcc-toolchain=/nopt/nrel/apps/cpu_stack/compilers/06-24/linux-rhel8-sapphirerapids/gcc-12.3.0/gcc-13.1.0-bmut2ysomhthj6y7oyc73c3cmxye57am -Wall -Wextra -Wconversion -Wpedantic -O2 -g -DNDEBUG -Wl,-rpath,/nopt/nrel/apps/cpu_stack/compilers/06-24/linux-rhel8-sapphirerapids/gcc-12.3.0/gcc-13.1.0-bmut2ysomhthj6y7oyc73c3cmxye57am/lib/gcc/x86_64-pc-linux-gnu/13.1.0/../../../../lib64 -Wl,-rpath,/nopt/nrel/apps/cpu_stack/libraries-gcc/06-24/linux-rhel8-sapphirerapids/gcc-12.3.0/netlib-lapack-3.11.0-abk4uhd5cyrfnhh67bcdhyt6fulibezx/lib64 -shared -Wl,-soname,libgridkit_phasor_dynamics_controller_repca.so.0 -o libgridkit_phasor_dynamics_controller_repca.so.0.1.0 CMakeFiles/phasor_dynamics_controller_repca.dir/RepcaEnzyme.cpp.o  -Wl,-rpath,/home/isatkaus/gridkit/build/GridKit/Model/PhasorDynamics/SignalNode:/home/isatkaus/gridkit/build/GridKit/LinearAlgebra/Vector:/home/isatkaus/gridkit/build/GridKit/LinearAlgebra/SparseMatrix:/home/isatkaus/gridkit/build/GridKit/Utilities/Logger:/home/isatkaus/gridkit/build/GridKit/MemoryUtilities/cpu: ../../SignalNode/libgridkit_phasor_dynamics_signal.so.0.1.0 ../../../../LinearAlgebra/Vector/libgridkit_dense_vector.so.0.1.0 ../../../../LinearAlgebra/SparseMatrix/libgridkit_sparse_matrix.so.0.1.0 ../../../../Utilities/Logger/libgridkit_utilities_logger.so.0.1.0 ../../../../MemoryUtilities/cpu/libgridkit_cpu_backend.so.0.1.0
cd /home/isatkaus/gridkit/build/GridKit/Model/PowerElectronics/SynchronousMachine && /nopt/nrel/apps/cpu_stack/utilities/06-24/linux-rhel8-sapphirerapids/gcc-12.3.0/cmake-3.29.2-6n4msmc4aewj7wyi6b5g644vjrqyqgot/bin/cmake -E cmake_symlink_library libgridkit_power_elec_synmachine.so.0.1.0 libgridkit_power_elec_synmachine.so.0 libgridkit_power_elec_synmachine.so
make[2]: Leaving directory '/home/isatkaus/gridkit/build'
make  -f tests/UnitTests/PhasorDynamics/CMakeFiles/test_phasor_bustosignaladapter.dir/build.make tests/UnitTests/PhasorDynamics/CMakeFiles/test_phasor_bustosignaladapter.dir/build
make[2]: Entering directory '/home/isatkaus/gridkit/build'
[ 65%] Building CXX object tests/UnitTests/PhasorDynamics/CMakeFiles/test_phasor_bustosignaladapter.dir/runBusToSignalAdapterTests.cpp.o
cd /home/isatkaus/gridkit/build/tests/UnitTests/PhasorDynamics && /nopt/nrel/apps/cpu_stack/software/gridkit/llvm/16.0.6/bin/clang++  -I/home/isatkaus/gridkit -I/home/isatkaus/gridkit/build --gcc-toolchain=/nopt/nrel/apps/cpu_stack/compilers/06-24/linux-rhel8-sapphirerapids/gcc-12.3.0/gcc-13.1.0-bmut2ysomhthj6y7oyc73c3cmxye57am -Wall -Wextra -Wconversion -Wpedantic -O2 -g -DNDEBUG -std=gnu++20 -fPIE -MD -MT tests/UnitTests/PhasorDynamics/CMakeFiles/test_phasor_bustosignaladapter.dir/runBusToSignalAdapterTests.cpp.o -MF CMakeFiles/test_phasor_bustosignaladapter.dir/runBusToSignalAdapterTests.cpp.o.d -o CMakeFiles/test_phasor_bustosignaladapter.dir/runBusToSignalAdapterTests.cpp.o -c /home/isatkaus/gridkit/tests/UnitTests/PhasorDynamics/runBusToSignalAdapterTests.cpp
make[2]: Leaving directory '/home/isatkaus/gridkit/build'
[ 65%] Built target power_elec_synmachine
cd /home/isatkaus/gridkit/build/GridKit/Model/PhasorDynamics/Exciter/SEXS-PTI && /nopt/nrel/apps/cpu_stack/utilities/06-24/linux-rhel8-sapphirerapids/gcc-12.3.0/cmake-3.29.2-6n4msmc4aewj7wyi6b5g644vjrqyqgot/bin/cmake -E cmake_symlink_library libgridkit_phasor_dynamics_exciter_sexspti.so.0.1.0 libgridkit_phasor_dynamics_exciter_sexspti.so.0 libgridkit_phasor_dynamics_exciter_sexspti.so
cd /home/isatkaus/gridkit/build/GridKit/Model/PhasorDynamics/BusFault && /nopt/nrel/apps/cpu_stack/utilities/06-24/linux-rhel8-sapphirerapids/gcc-12.3.0/cmake-3.29.2-6n4msmc4aewj7wyi6b5g644vjrqyqgot/bin/cmake -E cmake_symlink_library libgridkit_phasor_dynamics_bus_fault.so.0.1.0 libgridkit_phasor_dynamics_bus_fault.so.0 libgridkit_phasor_dynamics_bus_fault.so
[ 65%] Linking CXX shared library libgridkit_phasor_dynamics_governor_gastpti_dependency_tracking.so
make[2]: Leaving directory '/home/isatkaus/gridkit/build'
make[2]: Leaving directory '/home/isatkaus/gridkit/build'
cd /home/isatkaus/gridkit/build/GridKit/Model/PhasorDynamics/Governor/GASTPTI && /nopt/nrel/apps/cpu_stack/utilities/06-24/linux-rhel8-sapphirerapids/gcc-12.3.0/cmake-3.29.2-6n4msmc4aewj7wyi6b5g644vjrqyqgot/bin/cmake -E cmake_link_script CMakeFiles/phasor_dynamics_governor_gastpti_dependency_tracking.dir/link.txt --verbose=1
[ 65%] Built target phasor_dynamics_bus_fault
[ 65%] Built target phasor_dynamics_exciter_sexspti
/nopt/nrel/apps/cpu_stack/software/gridkit/llvm/16.0.6/bin/clang++ -fPIC --gcc-toolchain=/nopt/nrel/apps/cpu_stack/compilers/06-24/linux-rhel8-sapphirerapids/gcc-12.3.0/gcc-13.1.0-bmut2ysomhthj6y7oyc73c3cmxye57am -Wall -Wextra -Wconversion -Wpedantic -O2 -g -DNDEBUG -Wl,-rpath,/nopt/nrel/apps/cpu_stack/compilers/06-24/linux-rhel8-sapphirerapids/gcc-12.3.0/gcc-13.1.0-bmut2ysomhthj6y7oyc73c3cmxye57am/lib/gcc/x86_64-pc-linux-gnu/13.1.0/../../../../lib64 -Wl,-rpath,/nopt/nrel/apps/cpu_stack/libraries-gcc/06-24/linux-rhel8-sapphirerapids/gcc-12.3.0/netlib-lapack-3.11.0-abk4uhd5cyrfnhh67bcdhyt6fulibezx/lib64 -shared -Wl,-soname,libgridkit_phasor_dynamics_governor_gastpti_dependency_tracking.so.0 -o libgridkit_phasor_dynamics_governor_gastpti_dependency_tracking.so.0.1.0 CMakeFiles/phasor_dynamics_governor_gastpti_dependency_tracking.dir/GastPtiDependencyTracking.cpp.o  -Wl,-rpath,/home/isatkaus/gridkit/build/GridKit/Model/PhasorDynamics/SignalNode:/home/isatkaus/gridkit/build/GridKit/LinearAlgebra/Vector:/home/isatkaus/gridkit/build/GridKit/LinearAlgebra/SparseMatrix:/home/isatkaus/gridkit/build/GridKit/Utilities/Logger:/home/isatkaus/gridkit/build/GridKit/MemoryUtilities/cpu: ../../SignalNode/libgridkit_phasor_dynamics_signal_dependency_tracking.so.0.1.0 ../../../../LinearAlgebra/Vector/libgridkit_dense_vector.so.0.1.0 ../../../../LinearAlgebra/SparseMatrix/libgridkit_sparse_matrix.so.0.1.0 ../../../../Utilities/Logger/libgridkit_utilities_logger.so.0.1.0 ../../../../MemoryUtilities/cpu/libgridkit_cpu_backend.so.0.1.0
[ 65%] Linking CXX executable test_parse_bus_row
cd /home/isatkaus/gridkit/build/GridKit/Model/PhasorDynamics/Load/LoadZ && /nopt/nrel/apps/cpu_stack/utilities/06-24/linux-rhel8-sapphirerapids/gcc-12.3.0/cmake-3.29.2-6n4msmc4aewj7wyi6b5g644vjrqyqgot/bin/cmake -E cmake_symlink_library libgridkit_phasor_dynamics_loadz.so.0.1.0 libgridkit_phasor_dynamics_loadz.so.0 libgridkit_phasor_dynamics_loadz.so
cd /home/isatkaus/gridkit/build/examples/PowerFlow/MatPowerTesting && /nopt/nrel/apps/cpu_stack/utilities/06-24/linux-rhel8-sapphirerapids/gcc-12.3.0/cmake-3.29.2-6n4msmc4aewj7wyi6b5g644vjrqyqgot/bin/cmake -E cmake_link_script CMakeFiles/test_parse_bus_row.dir/link.txt --verbose=1
/nopt/nrel/apps/cpu_stack/software/gridkit/llvm/16.0.6/bin/clang++ --gcc-toolchain=/nopt/nrel/apps/cpu_stack/compilers/06-24/linux-rhel8-sapphirerapids/gcc-12.3.0/gcc-13.1.0-bmut2ysomhthj6y7oyc73c3cmxye57am -Wall -Wextra -Wconversion -Wpedantic -O2 -g -DNDEBUG -Wl,-rpath,/nopt/nrel/apps/cpu_stack/compilers/06-24/linux-rhel8-sapphirerapids/gcc-12.3.0/gcc-13.1.0-bmut2ysomhthj6y7oyc73c3cmxye57am/lib/gcc/x86_64-pc-linux-gnu/13.1.0/../../../../lib64 -Wl,-rpath,/nopt/nrel/apps/cpu_stack/libraries-gcc/06-24/linux-rhel8-sapphirerapids/gcc-12.3.0/netlib-lapack-3.11.0-abk4uhd5cyrfnhh67bcdhyt6fulibezx/lib64 CMakeFiles/test_parse_bus_row.dir/test_parse_bus_row.cpp.o -o test_parse_bus_row  -Wl,-rpath,/home/isatkaus/gridkit/build/GridKit/Utilities/CliArgs:/home/isatkaus/gridkit/build/GridKit/Utilities/Logger ../../../GridKit/Utilities/CliArgs/libgridkit_utilities_cli_args.so.0.1.0 ../../../GridKit/Utilities/Logger/libgridkit_utilities_logger.so.0.1.0
[ 66%] Linking CXX executable test_parse_branch_row
cd /home/isatkaus/gridkit/build/examples/PowerFlow/MatPowerTesting && /nopt/nrel/apps/cpu_stack/utilities/06-24/linux-rhel8-sapphirerapids/gcc-12.3.0/cmake-3.29.2-6n4msmc4aewj7wyi6b5g644vjrqyqgot/bin/cmake -E cmake_link_script CMakeFiles/test_parse_branch_row.dir/link.txt --verbose=1
make[2]: Leaving directory '/home/isatkaus/gridkit/build'
/nopt/nrel/apps/cpu_stack/software/gridkit/llvm/16.0.6/bin/clang++ --gcc-toolchain=/nopt/nrel/apps/cpu_stack/compilers/06-24/linux-rhel8-sapphirerapids/gcc-12.3.0/gcc-13.1.0-bmut2ysomhthj6y7oyc73c3cmxye57am -Wall -Wextra -Wconversion -Wpedantic -O2 -g -DNDEBUG -Wl,-rpath,/nopt/nrel/apps/cpu_stack/compilers/06-24/linux-rhel8-sapphirerapids/gcc-12.3.0/gcc-13.1.0-bmut2ysomhthj6y7oyc73c3cmxye57am/lib/gcc/x86_64-pc-linux-gnu/13.1.0/../../../../lib64 -Wl,-rpath,/nopt/nrel/apps/cpu_stack/libraries-gcc/06-24/linux-rhel8-sapphirerapids/gcc-12.3.0/netlib-lapack-3.11.0-abk4uhd5cyrfnhh67bcdhyt6fulibezx/lib64 CMakeFiles/test_parse_branch_row.dir/test_parse_branch_row.cpp.o -o test_parse_branch_row  -Wl,-rpath,/home/isatkaus/gridkit/build/GridKit/Utilities/CliArgs:/home/isatkaus/gridkit/build/GridKit/Utilities/Logger ../../../GridKit/Utilities/CliArgs/libgridkit_utilities_cli_args.so.0.1.0 ../../../GridKit/Utilities/Logger/libgridkit_utilities_logger.so.0.1.0
[ 66%] Built target phasor_dynamics_loadz
[ 66%] Linking CXX executable test_parse_gen_row
[ 67%] Linking CXX executable test_parse_gencost_row
cd /home/isatkaus/gridkit/build/GridKit/Model/PhasorDynamics/Load/LoadZIP && /nopt/nrel/apps/cpu_stack/utilities/06-24/linux-rhel8-sapphirerapids/gcc-12.3.0/cmake-3.29.2-6n4msmc4aewj7wyi6b5g644vjrqyqgot/bin/cmake -E cmake_symlink_library libgridkit_phasor_dynamics_loadzip.so.0.1.0 libgridkit_phasor_dynamics_loadzip.so.0 libgridkit_phasor_dynamics_loadzip.so
[ 67%] Linking CXX shared library libgridkit_phasor_dynamics_controller_reecb.so
cd /home/isatkaus/gridkit/build/examples/PowerFlow/MatPowerTesting && /nopt/nrel/apps/cpu_stack/utilities/06-24/linux-rhel8-sapphirerapids/gcc-12.3.0/cmake-3.29.2-6n4msmc4aewj7wyi6b5g644vjrqyqgot/bin/cmake -E cmake_link_script CMakeFiles/test_parse_gen_row.dir/link.txt --verbose=1
cd /home/isatkaus/gridkit/build/examples/PowerFlow/MatPowerTesting && /nopt/nrel/apps/cpu_stack/utilities/06-24/linux-rhel8-sapphirerapids/gcc-12.3.0/cmake-3.29.2-6n4msmc4aewj7wyi6b5g644vjrqyqgot/bin/cmake -E cmake_link_script CMakeFiles/test_parse_gencost_row.dir/link.txt --verbose=1
/nopt/nrel/apps/cpu_stack/software/gridkit/llvm/16.0.6/bin/clang++ --gcc-toolchain=/nopt/nrel/apps/cpu_stack/compilers/06-24/linux-rhel8-sapphirerapids/gcc-12.3.0/gcc-13.1.0-bmut2ysomhthj6y7oyc73c3cmxye57am -Wall -Wextra -Wconversion -Wpedantic -O2 -g -DNDEBUG -Wl,-rpath,/nopt/nrel/apps/cpu_stack/compilers/06-24/linux-rhel8-sapphirerapids/gcc-12.3.0/gcc-13.1.0-bmut2ysomhthj6y7oyc73c3cmxye57am/lib/gcc/x86_64-pc-linux-gnu/13.1.0/../../../../lib64 -Wl,-rpath,/nopt/nrel/apps/cpu_stack/libraries-gcc/06-24/linux-rhel8-sapphirerapids/gcc-12.3.0/netlib-lapack-3.11.0-abk4uhd5cyrfnhh67bcdhyt6fulibezx/lib64 CMakeFiles/test_parse_gen_row.dir/test_parse_gen_row.cpp.o -o test_parse_gen_row  -Wl,-rpath,/home/isatkaus/gridkit/build/GridKit/Utilities/CliArgs:/home/isatkaus/gridkit/build/GridKit/Utilities/Logger ../../../GridKit/Utilities/CliArgs/libgridkit_utilities_cli_args.so.0.1.0 ../../../GridKit/Utilities/Logger/libgridkit_utilities_logger.so.0.1.0
[ 67%] Linking CXX shared library libgridkit_phasor_dynamics_stabilizer_ieeest_dependency_tracking.so
cd /home/isatkaus/gridkit/build/GridKit/Model/PhasorDynamics/Controller/REECB && /nopt/nrel/apps/cpu_stack/utilities/06-24/linux-rhel8-sapphirerapids/gcc-12.3.0/cmake-3.29.2-6n4msmc4aewj7wyi6b5g644vjrqyqgot/bin/cmake -E cmake_link_script CMakeFiles/phasor_dynamics_controller_reecb.dir/link.txt --verbose=1
/nopt/nrel/apps/cpu_stack/software/gridkit/llvm/16.0.6/bin/clang++ --gcc-toolchain=/nopt/nrel/apps/cpu_stack/compilers/06-24/linux-rhel8-sapphirerapids/gcc-12.3.0/gcc-13.1.0-bmut2ysomhthj6y7oyc73c3cmxye57am -Wall -Wextra -Wconversion -Wpedantic -O2 -g -DNDEBUG -Wl,-rpath,/nopt/nrel/apps/cpu_stack/compilers/06-24/linux-rhel8-sapphirerapids/gcc-12.3.0/gcc-13.1.0-bmut2ysomhthj6y7oyc73c3cmxye57am/lib/gcc/x86_64-pc-linux-gnu/13.1.0/../../../../lib64 -Wl,-rpath,/nopt/nrel/apps/cpu_stack/libraries-gcc/06-24/linux-rhel8-sapphirerapids/gcc-12.3.0/netlib-lapack-3.11.0-abk4uhd5cyrfnhh67bcdhyt6fulibezx/lib64 CMakeFiles/test_parse_gencost_row.dir/test_parse_gencost_row.cpp.o -o test_parse_gencost_row  -Wl,-rpath,/home/isatkaus/gridkit/build/GridKit/Utilities/CliArgs:/home/isatkaus/gridkit/build/GridKit/Utilities/Logger ../../../GridKit/Utilities/CliArgs/libgridkit_utilities_cli_args.so.0.1.0 ../../../GridKit/Utilities/Logger/libgridkit_utilities_logger.so.0.1.0
cd /home/isatkaus/gridkit/build/GridKit/Model/PhasorDynamics/BusFault && /nopt/nrel/apps/cpu_stack/utilities/06-24/linux-rhel8-sapphirerapids/gcc-12.3.0/cmake-3.29.2-6n4msmc4aewj7wyi6b5g644vjrqyqgot/bin/cmake -E cmake_symlink_library libgridkit_phasor_dynamics_bus_fault_dependency_tracking.so.0.1.0 libgridkit_phasor_dynamics_bus_fault_dependency_tracking.so.0 libgridkit_phasor_dynamics_bus_fault_dependency_tracking.so
/nopt/nrel/apps/cpu_stack/software/gridkit/llvm/16.0.6/bin/clang++ -fPIC --gcc-toolchain=/nopt/nrel/apps/cpu_stack/compilers/06-24/linux-rhel8-sapphirerapids/gcc-12.3.0/gcc-13.1.0-bmut2ysomhthj6y7oyc73c3cmxye57am -Wall -Wextra -Wconversion -Wpedantic -O2 -g -DNDEBUG -Wl,-rpath,/nopt/nrel/apps/cpu_stack/compilers/06-24/linux-rhel8-sapphirerapids/gcc-12.3.0/gcc-13.1.0-bmut2ysomhthj6y7oyc73c3cmxye57am/lib/gcc/x86_64-pc-linux-gnu/13.1.0/../../../../lib64 -Wl,-rpath,/nopt/nrel/apps/cpu_stack/libraries-gcc/06-24/linux-rhel8-sapphirerapids/gcc-12.3.0/netlib-lapack-3.11.0-abk4uhd5cyrfnhh67bcdhyt6fulibezx/lib64 -shared -Wl,-soname,libgridkit_phasor_dynamics_controller_reecb.so.0 -o libgridkit_phasor_dynamics_controller_reecb.so.0.1.0 CMakeFiles/phasor_dynamics_controller_reecb.dir/ReecbEnzyme.cpp.o  -Wl,-rpath,/home/isatkaus/gridkit/build/GridKit/Model/PhasorDynamics/SignalNode:/home/isatkaus/gridkit/build/GridKit/LinearAlgebra/Vector:/home/isatkaus/gridkit/build/GridKit/LinearAlgebra/SparseMatrix:/home/isatkaus/gridkit/build/GridKit/Utilities/Logger:/home/isatkaus/gridkit/build/GridKit/MemoryUtilities/cpu: ../../SignalNode/libgridkit_phasor_dynamics_signal.so.0.1.0 ../../../../LinearAlgebra/Vector/libgridkit_dense_vector.so.0.1.0 ../../../../LinearAlgebra/SparseMatrix/libgridkit_sparse_matrix.so.0.1.0 ../../../../Utilities/Logger/libgridkit_utilities_logger.so.0.1.0 ../../../../MemoryUtilities/cpu/libgridkit_cpu_backend.so.0.1.0
cd /home/isatkaus/gridkit/build/GridKit/Model/PhasorDynamics/Stabilizer/IEEEST && /nopt/nrel/apps/cpu_stack/utilities/06-24/linux-rhel8-sapphirerapids/gcc-12.3.0/cmake-3.29.2-6n4msmc4aewj7wyi6b5g644vjrqyqgot/bin/cmake -E cmake_link_script CMakeFiles/phasor_dynamics_stabilizer_ieeest_dependency_tracking.dir/link.txt --verbose=1
/nopt/nrel/apps/cpu_stack/software/gridkit/llvm/16.0.6/bin/clang++ -fPIC --gcc-toolchain=/nopt/nrel/apps/cpu_stack/compilers/06-24/linux-rhel8-sapphirerapids/gcc-12.3.0/gcc-13.1.0-bmut2ysomhthj6y7oyc73c3cmxye57am -Wall -Wextra -Wconversion -Wpedantic -O2 -g -DNDEBUG -Wl,-rpath,/nopt/nrel/apps/cpu_stack/compilers/06-24/linux-rhel8-sapphirerapids/gcc-12.3.0/gcc-13.1.0-bmut2ysomhthj6y7oyc73c3cmxye57am/lib/gcc/x86_64-pc-linux-gnu/13.1.0/../../../../lib64 -Wl,-rpath,/nopt/nrel/apps/cpu_stack/libraries-gcc/06-24/linux-rhel8-sapphirerapids/gcc-12.3.0/netlib-lapack-3.11.0-abk4uhd5cyrfnhh67bcdhyt6fulibezx/lib64 -shared -Wl,-soname,libgridkit_phasor_dynamics_stabilizer_ieeest_dependency_tracking.so.0 -o libgridkit_phasor_dynamics_stabilizer_ieeest_dependency_tracking.so.0.1.0 CMakeFiles/phasor_dynamics_stabilizer_ieeest_dependency_tracking.dir/IeeestDependencyTracking.cpp.o  -Wl,-rpath,/home/isatkaus/gridkit/build/GridKit/Model/PhasorDynamics/SignalNode:/home/isatkaus/gridkit/build/GridKit/LinearAlgebra/Vector:/home/isatkaus/gridkit/build/GridKit/LinearAlgebra/SparseMatrix:/home/isatkaus/gridkit/build/GridKit/Utilities/Logger:/home/isatkaus/gridkit/build/GridKit/MemoryUtilities/cpu: ../../SignalNode/libgridkit_phasor_dynamics_signal_dependency_tracking.so.0.1.0 ../../../../LinearAlgebra/Vector/libgridkit_dense_vector.so.0.1.0 ../../../../LinearAlgebra/SparseMatrix/libgridkit_sparse_matrix.so.0.1.0 ../../../../Utilities/Logger/libgridkit_utilities_logger.so.0.1.0 ../../../../MemoryUtilities/cpu/libgridkit_cpu_backend.so.0.1.0
make[2]: Leaving directory '/home/isatkaus/gridkit/build'
[ 68%] Linking CXX shared library libgridkit_phasor_dynamics_exciter_ieeet1_dependency_tracking.so
cd /home/isatkaus/gridkit/build/GridKit/Model/PhasorDynamics/Load/LoadZ && /nopt/nrel/apps/cpu_stack/utilities/06-24/linux-rhel8-sapphirerapids/gcc-12.3.0/cmake-3.29.2-6n4msmc4aewj7wyi6b5g644vjrqyqgot/bin/cmake -E cmake_symlink_library libgridkit_phasor_dynamics_loadz_dependency_tracking.so.0.1.0 libgridkit_phasor_dynamics_loadz_dependency_tracking.so.0 libgridkit_phasor_dynamics_loadz_dependency_tracking.so
cd /home/isatkaus/gridkit/build/GridKit/Model/PhasorDynamics/Governor/Tgov1 && /nopt/nrel/apps/cpu_stack/utilities/06-24/linux-rhel8-sapphirerapids/gcc-12.3.0/cmake-3.29.2-6n4msmc4aewj7wyi6b5g644vjrqyqgot/bin/cmake -E cmake_symlink_library libgridkit_phasor_dynamics_governor_tgov1_dependency_tracking.so.0.1.0 libgridkit_phasor_dynamics_governor_tgov1_dependency_tracking.so.0 libgridkit_phasor_dynamics_governor_tgov1_dependency_tracking.so
[ 69%] Linking CXX shared library libgridkit_power_elec_disgen.so
[ 69%] Built target phasor_dynamics_loadzip
cd /home/isatkaus/gridkit/build/GridKit/Model/PhasorDynamics/Exciter/IEEET1 && /nopt/nrel/apps/cpu_stack/utilities/06-24/linux-rhel8-sapphirerapids/gcc-12.3.0/cmake-3.29.2-6n4msmc4aewj7wyi6b5g644vjrqyqgot/bin/cmake -E cmake_link_script CMakeFiles/phasor_dynamics_exciter_ieeet1_dependency_tracking.dir/link.txt --verbose=1
/nopt/nrel/apps/cpu_stack/software/gridkit/llvm/16.0.6/bin/clang++ -fPIC --gcc-toolchain=/nopt/nrel/apps/cpu_stack/compilers/06-24/linux-rhel8-sapphirerapids/gcc-12.3.0/gcc-13.1.0-bmut2ysomhthj6y7oyc73c3cmxye57am -Wall -Wextra -Wconversion -Wpedantic -O2 -g -DNDEBUG -Wl,-rpath,/nopt/nrel/apps/cpu_stack/compilers/06-24/linux-rhel8-sapphirerapids/gcc-12.3.0/gcc-13.1.0-bmut2ysomhthj6y7oyc73c3cmxye57am/lib/gcc/x86_64-pc-linux-gnu/13.1.0/../../../../lib64 -Wl,-rpath,/nopt/nrel/apps/cpu_stack/libraries-gcc/06-24/linux-rhel8-sapphirerapids/gcc-12.3.0/netlib-lapack-3.11.0-abk4uhd5cyrfnhh67bcdhyt6fulibezx/lib64 -shared -Wl,-soname,libgridkit_phasor_dynamics_exciter_ieeet1_dependency_tracking.so.0 -o libgridkit_phasor_dynamics_exciter_ieeet1_dependency_tracking.so.0.1.0 CMakeFiles/phasor_dynamics_exciter_ieeet1_dependency_tracking.dir/Ieeet1DependencyTracking.cpp.o  -Wl,-rpath,/home/isatkaus/gridkit/build/GridKit/Model/PhasorDynamics/SignalNode:/home/isatkaus/gridkit/build/GridKit/LinearAlgebra/Vector:/home/isatkaus/gridkit/build/GridKit/LinearAlgebra/SparseMatrix:/home/isatkaus/gridkit/build/GridKit/Utilities/Logger:/home/isatkaus/gridkit/build/GridKit/MemoryUtilities/cpu: ../../SignalNode/libgridkit_phasor_dynamics_signal_dependency_tracking.so.0.1.0 ../../../../LinearAlgebra/Vector/libgridkit_dense_vector.so.0.1.0 ../../../../LinearAlgebra/SparseMatrix/libgridkit_sparse_matrix.so.0.1.0 ../../../../Utilities/Logger/libgridkit_utilities_logger.so.0.1.0 ../../../../MemoryUtilities/cpu/libgridkit_cpu_backend.so.0.1.0
make[2]: Leaving directory '/home/isatkaus/gridkit/build'
cd /home/isatkaus/gridkit/build/GridKit/Model/PowerElectronics/DistributedGenerator && /nopt/nrel/apps/cpu_stack/utilities/06-24/linux-rhel8-sapphirerapids/gcc-12.3.0/cmake-3.29.2-6n4msmc4aewj7wyi6b5g644vjrqyqgot/bin/cmake -E cmake_link_script CMakeFiles/power_elec_disgen.dir/link.txt --verbose=1
/nopt/nrel/apps/cpu_stack/software/gridkit/llvm/16.0.6/bin/clang++ -fPIC --gcc-toolchain=/nopt/nrel/apps/cpu_stack/compilers/06-24/linux-rhel8-sapphirerapids/gcc-12.3.0/gcc-13.1.0-bmut2ysomhthj6y7oyc73c3cmxye57am -Wall -Wextra -Wconversion -Wpedantic -O2 -g -DNDEBUG -Wl,-rpath,/nopt/nrel/apps/cpu_stack/compilers/06-24/linux-rhel8-sapphirerapids/gcc-12.3.0/gcc-13.1.0-bmut2ysomhthj6y7oyc73c3cmxye57am/lib/gcc/x86_64-pc-linux-gnu/13.1.0/../../../../lib64 -Wl,-rpath,/nopt/nrel/apps/cpu_stack/libraries-gcc/06-24/linux-rhel8-sapphirerapids/gcc-12.3.0/netlib-lapack-3.11.0-abk4uhd5cyrfnhh67bcdhyt6fulibezx/lib64 -shared -Wl,-soname,libgridkit_power_elec_disgen.so.0 -o libgridkit_power_elec_disgen.so.0.1.0 CMakeFiles/power_elec_disgen.dir/DistributedGenerator.cpp.o  -Wl,-rpath,/home/isatkaus/gridkit/build/GridKit/LinearAlgebra/Vector:/home/isatkaus/gridkit/build/GridKit/Utilities/Logger:/home/isatkaus/gridkit/build/GridKit/MemoryUtilities/cpu: ../../../LinearAlgebra/Vector/libgridkit_dense_vector.so.0.1.0 ../../../Utilities/Logger/libgridkit_utilities_logger.so.0.1.0 ../../../MemoryUtilities/cpu/libgridkit_cpu_backend.so.0.1.0
[ 69%] Built target phasor_dynamics_bus_fault_dependency_tracking
make[2]: Leaving directory '/home/isatkaus/gridkit/build'
make  -f tests/UnitTests/PhasorDynamics/CMakeFiles/test_phasor_bus_fault.dir/build.make tests/UnitTests/PhasorDynamics/CMakeFiles/test_phasor_bus_fault.dir/depend
make[2]: Leaving directory '/home/isatkaus/gridkit/build'
make[2]: Entering directory '/home/isatkaus/gridkit/build'
cd /home/isatkaus/gridkit/build && /nopt/nrel/apps/cpu_stack/utilities/06-24/linux-rhel8-sapphirerapids/gcc-12.3.0/cmake-3.29.2-6n4msmc4aewj7wyi6b5g644vjrqyqgot/bin/cmake -E cmake_depends "Unix Makefiles" /home/isatkaus/gridkit /home/isatkaus/gridkit/tests/UnitTests/PhasorDynamics /home/isatkaus/gridkit/build /home/isatkaus/gridkit/build/tests/UnitTests/PhasorDynamics /home/isatkaus/gridkit/build/tests/UnitTests/PhasorDynamics/CMakeFiles/test_phasor_bus_fault.dir/DependInfo.cmake "--color="
[ 69%] Built target phasor_dynamics_loadz_dependency_tracking
[ 69%] Built target phasor_dynamics_governor_tgov1_dependency_tracking
make  -f tests/UnitTests/PhasorDynamics/CMakeFiles/test_phasor_loadz.dir/build.make tests/UnitTests/PhasorDynamics/CMakeFiles/test_phasor_loadz.dir/depend
make[2]: Entering directory '/home/isatkaus/gridkit/build'
cd /home/isatkaus/gridkit/build && /nopt/nrel/apps/cpu_stack/utilities/06-24/linux-rhel8-sapphirerapids/gcc-12.3.0/cmake-3.29.2-6n4msmc4aewj7wyi6b5g644vjrqyqgot/bin/cmake -E cmake_depends "Unix Makefiles" /home/isatkaus/gridkit /home/isatkaus/gridkit/tests/UnitTests/PhasorDynamics /home/isatkaus/gridkit/build /home/isatkaus/gridkit/build/tests/UnitTests/PhasorDynamics /home/isatkaus/gridkit/build/tests/UnitTests/PhasorDynamics/CMakeFiles/test_phasor_loadz.dir/DependInfo.cmake "--color="
cd /home/isatkaus/gridkit/build/GridKit/Model/PhasorDynamics/SynchronousMachine/GenClassical && /nopt/nrel/apps/cpu_stack/utilities/06-24/linux-rhel8-sapphirerapids/gcc-12.3.0/cmake-3.29.2-6n4msmc4aewj7wyi6b5g644vjrqyqgot/bin/cmake -E cmake_symlink_library libgridkit_phasor_dynamics_gen_classical.so.0.1.0 libgridkit_phasor_dynamics_gen_classical.so.0 libgridkit_phasor_dynamics_gen_classical.so
make[2]: Leaving directory '/home/isatkaus/gridkit/build'
make  -f tests/UnitTests/PhasorDynamics/CMakeFiles/test_phasor_bus_fault.dir/build.make tests/UnitTests/PhasorDynamics/CMakeFiles/test_phasor_bus_fault.dir/build
make[2]: Entering directory '/home/isatkaus/gridkit/build'
cd /home/isatkaus/gridkit/build/GridKit/Model/PhasorDynamics/Load/LoadZIP && /nopt/nrel/apps/cpu_stack/utilities/06-24/linux-rhel8-sapphirerapids/gcc-12.3.0/cmake-3.29.2-6n4msmc4aewj7wyi6b5g644vjrqyqgot/bin/cmake -E cmake_symlink_library libgridkit_phasor_dynamics_loadzip_dependency_tracking.so.0.1.0 libgridkit_phasor_dynamics_loadzip_dependency_tracking.so.0 libgridkit_phasor_dynamics_loadzip_dependency_tracking.so
[ 69%] Building CXX object tests/UnitTests/PhasorDynamics/CMakeFiles/test_phasor_bus_fault.dir/runBusFaultTests.cpp.o
make[2]: Leaving directory '/home/isatkaus/gridkit/build'
make  -f tests/UnitTests/PhasorDynamics/CMakeFiles/test_phasor_loadz.dir/build.make tests/UnitTests/PhasorDynamics/CMakeFiles/test_phasor_loadz.dir/build
make[2]: Entering directory '/home/isatkaus/gridkit/build'
cd /home/isatkaus/gridkit/build/tests/UnitTests/PhasorDynamics && /nopt/nrel/apps/cpu_stack/software/gridkit/llvm/16.0.6/bin/clang++  -I/home/isatkaus/gridkit/build -I/home/isatkaus/gridkit --gcc-toolchain=/nopt/nrel/apps/cpu_stack/compilers/06-24/linux-rhel8-sapphirerapids/gcc-12.3.0/gcc-13.1.0-bmut2ysomhthj6y7oyc73c3cmxye57am -Wall -Wextra -Wconversion -Wpedantic -O2 -g -DNDEBUG -std=gnu++20 -fPIE -MD -MT tests/UnitTests/PhasorDynamics/CMakeFiles/test_phasor_bus_fault.dir/runBusFaultTests.cpp.o -MF CMakeFiles/test_phasor_bus_fault.dir/runBusFaultTests.cpp.o.d -o CMakeFiles/test_phasor_bus_fault.dir/runBusFaultTests.cpp.o -c /home/isatkaus/gridkit/tests/UnitTests/PhasorDynamics/runBusFaultTests.cpp
[ 69%] Building CXX object tests/UnitTests/PhasorDynamics/CMakeFiles/test_phasor_loadz.dir/runLoadZTests.cpp.o
make[2]: Leaving directory '/home/isatkaus/gridkit/build'
cd /home/isatkaus/gridkit/build/tests/UnitTests/PhasorDynamics && /nopt/nrel/apps/cpu_stack/software/gridkit/llvm/16.0.6/bin/clang++  -I/home/isatkaus/gridkit/build -I/home/isatkaus/gridkit --gcc-toolchain=/nopt/nrel/apps/cpu_stack/compilers/06-24/linux-rhel8-sapphirerapids/gcc-12.3.0/gcc-13.1.0-bmut2ysomhthj6y7oyc73c3cmxye57am -Wall -Wextra -Wconversion -Wpedantic -O2 -g -DNDEBUG -std=gnu++20 -fPIE -MD -MT tests/UnitTests/PhasorDynamics/CMakeFiles/test_phasor_loadz.dir/runLoadZTests.cpp.o -MF CMakeFiles/test_phasor_loadz.dir/runLoadZTests.cpp.o.d -o CMakeFiles/test_phasor_loadz.dir/runLoadZTests.cpp.o -c /home/isatkaus/gridkit/tests/UnitTests/PhasorDynamics/runLoadZTests.cpp
make[2]: Leaving directory '/home/isatkaus/gridkit/build'
[ 69%] Built target phasor_dynamics_gen_classical
cd /home/isatkaus/gridkit/build/GridKit/Model/PhasorDynamics/Stabilizer/IEEEST && /nopt/nrel/apps/cpu_stack/utilities/06-24/linux-rhel8-sapphirerapids/gcc-12.3.0/cmake-3.29.2-6n4msmc4aewj7wyi6b5g644vjrqyqgot/bin/cmake -E cmake_symlink_library libgridkit_phasor_dynamics_stabilizer_ieeest.so.0.1.0 libgridkit_phasor_dynamics_stabilizer_ieeest.so.0 libgridkit_phasor_dynamics_stabilizer_ieeest.so
[ 69%] Built target phasor_dynamics_loadzip_dependency_tracking
make  -f tests/UnitTests/PhasorDynamics/CMakeFiles/test_phasor_loadzip.dir/build.make tests/UnitTests/PhasorDynamics/CMakeFiles/test_phasor_loadzip.dir/depend
[ 70%] Linking CXX executable test_parse_matpower
cd /home/isatkaus/gridkit/build/GridKit/Model/PhasorDynamics/Branch && /nopt/nrel/apps/cpu_stack/utilities/06-24/linux-rhel8-sapphirerapids/gcc-12.3.0/cmake-3.29.2-6n4msmc4aewj7wyi6b5g644vjrqyqgot/bin/cmake -E cmake_symlink_library libgridkit_phasor_dynamics_branch.so.0.1.0 libgridkit_phasor_dynamics_branch.so.0 libgridkit_phasor_dynamics_branch.so
cd /home/isatkaus/gridkit/build/GridKit/Model/PhasorDynamics/Governor/GASTPTI && /nopt/nrel/apps/cpu_stack/utilities/06-24/linux-rhel8-sapphirerapids/gcc-12.3.0/cmake-3.29.2-6n4msmc4aewj7wyi6b5g644vjrqyqgot/bin/cmake -E cmake_symlink_library libgridkit_phasor_dynamics_governor_gastpti.so.0.1.0 libgridkit_phasor_dynamics_governor_gastpti.so.0 libgridkit_phasor_dynamics_governor_gastpti.so
make[2]: Entering directory '/home/isatkaus/gridkit/build'
cd /home/isatkaus/gridkit/build && /nopt/nrel/apps/cpu_stack/utilities/06-24/linux-rhel8-sapphirerapids/gcc-12.3.0/cmake-3.29.2-6n4msmc4aewj7wyi6b5g644vjrqyqgot/bin/cmake -E cmake_depends "Unix Makefiles" /home/isatkaus/gridkit /home/isatkaus/gridkit/tests/UnitTests/PhasorDynamics /home/isatkaus/gridkit/build /home/isatkaus/gridkit/build/tests/UnitTests/PhasorDynamics /home/isatkaus/gridkit/build/tests/UnitTests/PhasorDynamics/CMakeFiles/test_phasor_loadzip.dir/DependInfo.cmake "--color="
cd /home/isatkaus/gridkit/build/examples/PowerFlow/MatPowerTesting && /nopt/nrel/apps/cpu_stack/utilities/06-24/linux-rhel8-sapphirerapids/gcc-12.3.0/cmake-3.29.2-6n4msmc4aewj7wyi6b5g644vjrqyqgot/bin/cmake -E cmake_link_script CMakeFiles/test_parse_matpower.dir/link.txt --verbose=1
/nopt/nrel/apps/cpu_stack/software/gridkit/llvm/16.0.6/bin/clang++ --gcc-toolchain=/nopt/nrel/apps/cpu_stack/compilers/06-24/linux-rhel8-sapphirerapids/gcc-12.3.0/gcc-13.1.0-bmut2ysomhthj6y7oyc73c3cmxye57am -Wall -Wextra -Wconversion -Wpedantic -O2 -g -DNDEBUG -Wl,-rpath,/nopt/nrel/apps/cpu_stack/compilers/06-24/linux-rhel8-sapphirerapids/gcc-12.3.0/gcc-13.1.0-bmut2ysomhthj6y7oyc73c3cmxye57am/lib/gcc/x86_64-pc-linux-gnu/13.1.0/../../../../lib64 -Wl,-rpath,/nopt/nrel/apps/cpu_stack/libraries-gcc/06-24/linux-rhel8-sapphirerapids/gcc-12.3.0/netlib-lapack-3.11.0-abk4uhd5cyrfnhh67bcdhyt6fulibezx/lib64 CMakeFiles/test_parse_matpower.dir/test_parse_matpower.cpp.o -o test_parse_matpower  -Wl,-rpath,/home/isatkaus/gridkit/build/GridKit/Utilities/CliArgs:/home/isatkaus/gridkit/build/GridKit/Utilities/Logger ../../../GridKit/Utilities/CliArgs/libgridkit_utilities_cli_args.so.0.1.0 ../../../GridKit/Utilities/Logger/libgridkit_utilities_logger.so.0.1.0
make[2]: Leaving directory '/home/isatkaus/gridkit/build'
make[2]: Leaving directory '/home/isatkaus/gridkit/build'
make  -f tests/UnitTests/PhasorDynamics/CMakeFiles/test_phasor_loadzip.dir/build.make tests/UnitTests/PhasorDynamics/CMakeFiles/test_phasor_loadzip.dir/build
[ 70%] Built target phasor_dynamics_stabilizer_ieeest
make[2]: Entering directory '/home/isatkaus/gridkit/build'
[ 71%] Building CXX object tests/UnitTests/PhasorDynamics/CMakeFiles/test_phasor_loadzip.dir/runLoadZIPTests.cpp.o
make[2]: Leaving directory '/home/isatkaus/gridkit/build'
make[2]: Leaving directory '/home/isatkaus/gridkit/build'
[ 71%] Built target phasor_dynamics_governor_gastpti
cd /home/isatkaus/gridkit/build/tests/UnitTests/PhasorDynamics && /nopt/nrel/apps/cpu_stack/software/gridkit/llvm/16.0.6/bin/clang++  -I/home/isatkaus/gridkit/build -I/home/isatkaus/gridkit --gcc-toolchain=/nopt/nrel/apps/cpu_stack/compilers/06-24/linux-rhel8-sapphirerapids/gcc-12.3.0/gcc-13.1.0-bmut2ysomhthj6y7oyc73c3cmxye57am -Wall -Wextra -Wconversion -Wpedantic -O2 -g -DNDEBUG -std=gnu++20 -fPIE -MD -MT tests/UnitTests/PhasorDynamics/CMakeFiles/test_phasor_loadzip.dir/runLoadZIPTests.cpp.o -MF CMakeFiles/test_phasor_loadzip.dir/runLoadZIPTests.cpp.o.d -o CMakeFiles/test_phasor_loadzip.dir/runLoadZIPTests.cpp.o -c /home/isatkaus/gridkit/tests/UnitTests/PhasorDynamics/runLoadZIPTests.cpp
[ 71%] Built target phasor_dynamics_branch
cd /home/isatkaus/gridkit/build/GridKit/Model/PhasorDynamics/Exciter/IEEET1 && /nopt/nrel/apps/cpu_stack/utilities/06-24/linux-rhel8-sapphirerapids/gcc-12.3.0/cmake-3.29.2-6n4msmc4aewj7wyi6b5g644vjrqyqgot/bin/cmake -E cmake_symlink_library libgridkit_phasor_dynamics_exciter_ieeet1.so.0.1.0 libgridkit_phasor_dynamics_exciter_ieeet1.so.0 libgridkit_phasor_dynamics_exciter_ieeet1.so
make[2]: Leaving directory '/home/isatkaus/gridkit/build'
[ 71%] Built target phasor_dynamics_exciter_ieeet1
cd /home/isatkaus/gridkit/build/GridKit/Model/PhasorDynamics/Exciter/SEXS-PTI && /nopt/nrel/apps/cpu_stack/utilities/06-24/linux-rhel8-sapphirerapids/gcc-12.3.0/cmake-3.29.2-6n4msmc4aewj7wyi6b5g644vjrqyqgot/bin/cmake -E cmake_symlink_library libgridkit_phasor_dynamics_exciter_sexspti_dependency_tracking.so.0.1.0 libgridkit_phasor_dynamics_exciter_sexspti_dependency_tracking.so.0 libgridkit_phasor_dynamics_exciter_sexspti_dependency_tracking.so
cd /home/isatkaus/gridkit/build/GridKit/Model/PhasorDynamics/Exciter/ESDC1A && /nopt/nrel/apps/cpu_stack/utilities/06-24/linux-rhel8-sapphirerapids/gcc-12.3.0/cmake-3.29.2-6n4msmc4aewj7wyi6b5g644vjrqyqgot/bin/cmake -E cmake_symlink_library libgridkit_phasor_dynamics_exciter_esdc1a.so.0.1.0 libgridkit_phasor_dynamics_exciter_esdc1a.so.0 libgridkit_phasor_dynamics_exciter_esdc1a.so
make[2]: Leaving directory '/home/isatkaus/gridkit/build'
[ 71%] Built target phasor_dynamics_exciter_sexspti_dependency_tracking
make[2]: Leaving directory '/home/isatkaus/gridkit/build'
cd /home/isatkaus/gridkit/build/GridKit/Model/PhasorDynamics/Converter/REGCA && /nopt/nrel/apps/cpu_stack/utilities/06-24/linux-rhel8-sapphirerapids/gcc-12.3.0/cmake-3.29.2-6n4msmc4aewj7wyi6b5g644vjrqyqgot/bin/cmake -E cmake_symlink_library libgridkit_phasor_dynamics_converter_regca.so.0.1.0 libgridkit_phasor_dynamics_converter_regca.so.0 libgridkit_phasor_dynamics_converter_regca.so
[ 71%] Built target phasor_dynamics_exciter_esdc1a
make[2]: Leaving directory '/home/isatkaus/gridkit/build'
[ 71%] Built target phasor_dynamics_converter_regca
cd /home/isatkaus/gridkit/build/GridKit/Model/PhasorDynamics/Governor/HYGOV && /nopt/nrel/apps/cpu_stack/utilities/06-24/linux-rhel8-sapphirerapids/gcc-12.3.0/cmake-3.29.2-6n4msmc4aewj7wyi6b5g644vjrqyqgot/bin/cmake -E cmake_symlink_library libgridkit_phasor_dynamics_governor_hygov.so.0.1.0 libgridkit_phasor_dynamics_governor_hygov.so.0 libgridkit_phasor_dynamics_governor_hygov.so
cd /home/isatkaus/gridkit/build/GridKit/Model/PhasorDynamics/Branch && /nopt/nrel/apps/cpu_stack/utilities/06-24/linux-rhel8-sapphirerapids/gcc-12.3.0/cmake-3.29.2-6n4msmc4aewj7wyi6b5g644vjrqyqgot/bin/cmake -E cmake_symlink_library libgridkit_phasor_dynamics_branch_dependency_tracking.so.0.1.0 libgridkit_phasor_dynamics_branch_dependency_tracking.so.0 libgridkit_phasor_dynamics_branch_dependency_tracking.so
make[2]: Leaving directory '/home/isatkaus/gridkit/build'
[ 71%] Built target phasor_dynamics_governor_hygov
cd /home/isatkaus/gridkit/build/GridKit/Model/PhasorDynamics/SynchronousMachine/GENROU && /nopt/nrel/apps/cpu_stack/utilities/06-24/linux-rhel8-sapphirerapids/gcc-12.3.0/cmake-3.29.2-6n4msmc4aewj7wyi6b5g644vjrqyqgot/bin/cmake -E cmake_symlink_library libgridkit_phasor_dynamics_genrou.so.0.1.0 libgridkit_phasor_dynamics_genrou.so.0 libgridkit_phasor_dynamics_genrou.so
make[2]: Leaving directory '/home/isatkaus/gridkit/build'
[ 71%] Built target phasor_dynamics_branch_dependency_tracking
make  -f tests/UnitTests/PhasorDynamics/CMakeFiles/test_phasor_branch.dir/build.make tests/UnitTests/PhasorDynamics/CMakeFiles/test_phasor_branch.dir/depend
make[2]: Leaving directory '/home/isatkaus/gridkit/build'
make[2]: Entering directory '/home/isatkaus/gridkit/build'
cd /home/isatkaus/gridkit/build && /nopt/nrel/apps/cpu_stack/utilities/06-24/linux-rhel8-sapphirerapids/gcc-12.3.0/cmake-3.29.2-6n4msmc4aewj7wyi6b5g644vjrqyqgot/bin/cmake -E cmake_depends "Unix Makefiles" /home/isatkaus/gridkit /home/isatkaus/gridkit/tests/UnitTests/PhasorDynamics /home/isatkaus/gridkit/build /home/isatkaus/gridkit/build/tests/UnitTests/PhasorDynamics /home/isatkaus/gridkit/build/tests/UnitTests/PhasorDynamics/CMakeFiles/test_phasor_branch.dir/DependInfo.cmake "--color="
[ 71%] Built target phasor_dynamics_genrou
cd /home/isatkaus/gridkit/build/GridKit/Model/PhasorDynamics/SynchronousMachine/GenClassical && /nopt/nrel/apps/cpu_stack/utilities/06-24/linux-rhel8-sapphirerapids/gcc-12.3.0/cmake-3.29.2-6n4msmc4aewj7wyi6b5g644vjrqyqgot/bin/cmake -E cmake_symlink_library libgridkit_phasor_dynamics_gen_classical_dependency_tracking.so.0.1.0 libgridkit_phasor_dynamics_gen_classical_dependency_tracking.so.0 libgridkit_phasor_dynamics_gen_classical_dependency_tracking.so
make[2]: Leaving directory '/home/isatkaus/gridkit/build'
make  -f tests/UnitTests/PhasorDynamics/CMakeFiles/test_phasor_branch.dir/build.make tests/UnitTests/PhasorDynamics/CMakeFiles/test_phasor_branch.dir/build
make[2]: Entering directory '/home/isatkaus/gridkit/build'
[ 72%] Building CXX object tests/UnitTests/PhasorDynamics/CMakeFiles/test_phasor_branch.dir/runBranchTests.cpp.o
cd /home/isatkaus/gridkit/build/GridKit/Model/PhasorDynamics/SynchronousMachine/GENSAL && /nopt/nrel/apps/cpu_stack/utilities/06-24/linux-rhel8-sapphirerapids/gcc-12.3.0/cmake-3.29.2-6n4msmc4aewj7wyi6b5g644vjrqyqgot/bin/cmake -E cmake_symlink_library libgridkit_phasor_dynamics_gensal.so.0.1.0 libgridkit_phasor_dynamics_gensal.so.0 libgridkit_phasor_dynamics_gensal.so
cd /home/isatkaus/gridkit/build/tests/UnitTests/PhasorDynamics && /nopt/nrel/apps/cpu_stack/software/gridkit/llvm/16.0.6/bin/clang++  -I/home/isatkaus/gridkit -I/home/isatkaus/gridkit/build --gcc-toolchain=/nopt/nrel/apps/cpu_stack/compilers/06-24/linux-rhel8-sapphirerapids/gcc-12.3.0/gcc-13.1.0-bmut2ysomhthj6y7oyc73c3cmxye57am -Wall -Wextra -Wconversion -Wpedantic -O2 -g -DNDEBUG -std=gnu++20 -fPIE -MD -MT tests/UnitTests/PhasorDynamics/CMakeFiles/test_phasor_branch.dir/runBranchTests.cpp.o -MF CMakeFiles/test_phasor_branch.dir/runBranchTests.cpp.o.d -o CMakeFiles/test_phasor_branch.dir/runBranchTests.cpp.o -c /home/isatkaus/gridkit/tests/UnitTests/PhasorDynamics/runBranchTests.cpp
make[2]: Leaving directory '/home/isatkaus/gridkit/build'
[ 72%] Built target phasor_dynamics_gen_classical_dependency_tracking
make[2]: Leaving directory '/home/isatkaus/gridkit/build'
make  -f tests/UnitTests/PhasorDynamics/CMakeFiles/test_phasor_gen_classical.dir/build.make tests/UnitTests/PhasorDynamics/CMakeFiles/test_phasor_gen_classical.dir/depend
cd /home/isatkaus/gridkit/build/GridKit/Model/PhasorDynamics/Controller/REPCA && /nopt/nrel/apps/cpu_stack/utilities/06-24/linux-rhel8-sapphirerapids/gcc-12.3.0/cmake-3.29.2-6n4msmc4aewj7wyi6b5g644vjrqyqgot/bin/cmake -E cmake_symlink_library libgridkit_phasor_dynamics_controller_repca.so.0.1.0 libgridkit_phasor_dynamics_controller_repca.so.0 libgridkit_phasor_dynamics_controller_repca.so
make[2]: Entering directory '/home/isatkaus/gridkit/build'
cd /home/isatkaus/gridkit/build && /nopt/nrel/apps/cpu_stack/utilities/06-24/linux-rhel8-sapphirerapids/gcc-12.3.0/cmake-3.29.2-6n4msmc4aewj7wyi6b5g644vjrqyqgot/bin/cmake -E cmake_depends "Unix Makefiles" /home/isatkaus/gridkit /home/isatkaus/gridkit/tests/UnitTests/PhasorDynamics /home/isatkaus/gridkit/build /home/isatkaus/gridkit/build/tests/UnitTests/PhasorDynamics /home/isatkaus/gridkit/build/tests/UnitTests/PhasorDynamics/CMakeFiles/test_phasor_gen_classical.dir/DependInfo.cmake "--color="
[ 72%] Built target phasor_dynamics_gensal
make[2]: Leaving directory '/home/isatkaus/gridkit/build'
make  -f tests/UnitTests/PhasorDynamics/CMakeFiles/test_phasor_gen_classical.dir/build.make tests/UnitTests/PhasorDynamics/CMakeFiles/test_phasor_gen_classical.dir/build
make[2]: Entering directory '/home/isatkaus/gridkit/build'
[ 73%] Building CXX object tests/UnitTests/PhasorDynamics/CMakeFiles/test_phasor_gen_classical.dir/runGenClassicalTests.cpp.o
make[2]: Leaving directory '/home/isatkaus/gridkit/build'
cd /home/isatkaus/gridkit/build/tests/UnitTests/PhasorDynamics && /nopt/nrel/apps/cpu_stack/software/gridkit/llvm/16.0.6/bin/clang++  -I/home/isatkaus/gridkit/build -I/home/isatkaus/gridkit --gcc-toolchain=/nopt/nrel/apps/cpu_stack/compilers/06-24/linux-rhel8-sapphirerapids/gcc-12.3.0/gcc-13.1.0-bmut2ysomhthj6y7oyc73c3cmxye57am -Wall -Wextra -Wconversion -Wpedantic -O2 -g -DNDEBUG -std=gnu++20 -fPIE -MD -MT tests/UnitTests/PhasorDynamics/CMakeFiles/test_phasor_gen_classical.dir/runGenClassicalTests.cpp.o -MF CMakeFiles/test_phasor_gen_classical.dir/runGenClassicalTests.cpp.o.d -o CMakeFiles/test_phasor_gen_classical.dir/runGenClassicalTests.cpp.o -c /home/isatkaus/gridkit/tests/UnitTests/PhasorDynamics/runGenClassicalTests.cpp
[ 73%] Built target phasor_dynamics_controller_repca
[ 73%] Linking CXX shared library libgridkit_solvers_opt.so
[ 73%] Linking CXX shared library libgridkit_phasor_dynamics_exciter_esdc1a_dependency_tracking.so
cd /home/isatkaus/gridkit/build/GridKit/Solver/Optimization && /nopt/nrel/apps/cpu_stack/utilities/06-24/linux-rhel8-sapphirerapids/gcc-12.3.0/cmake-3.29.2-6n4msmc4aewj7wyi6b5g644vjrqyqgot/bin/cmake -E cmake_link_script CMakeFiles/solvers_opt.dir/link.txt --verbose=1
cd /home/isatkaus/gridkit/build/GridKit/Model/PhasorDynamics/Exciter/ESDC1A && /nopt/nrel/apps/cpu_stack/utilities/06-24/linux-rhel8-sapphirerapids/gcc-12.3.0/cmake-3.29.2-6n4msmc4aewj7wyi6b5g644vjrqyqgot/bin/cmake -E cmake_link_script CMakeFiles/phasor_dynamics_exciter_esdc1a_dependency_tracking.dir/link.txt --verbose=1
/nopt/nrel/apps/cpu_stack/software/gridkit/llvm/16.0.6/bin/clang++ -fPIC --gcc-toolchain=/nopt/nrel/apps/cpu_stack/compilers/06-24/linux-rhel8-sapphirerapids/gcc-12.3.0/gcc-13.1.0-bmut2ysomhthj6y7oyc73c3cmxye57am -Wall -Wextra -Wconversion -Wpedantic -O2 -g -DNDEBUG -Wl,-rpath,/nopt/nrel/apps/cpu_stack/compilers/06-24/linux-rhel8-sapphirerapids/gcc-12.3.0/gcc-13.1.0-bmut2ysomhthj6y7oyc73c3cmxye57am/lib/gcc/x86_64-pc-linux-gnu/13.1.0/../../../../lib64 -Wl,-rpath,/nopt/nrel/apps/cpu_stack/libraries-gcc/06-24/linux-rhel8-sapphirerapids/gcc-12.3.0/netlib-lapack-3.11.0-abk4uhd5cyrfnhh67bcdhyt6fulibezx/lib64 -shared -Wl,-soname,libgridkit_solvers_opt.so.0 -o libgridkit_solvers_opt.so.0.1.0 CMakeFiles/solvers_opt.dir/DynamicObjective.cpp.o CMakeFiles/solvers_opt.dir/DynamicConstraint.cpp.o  -Wl,-rpath,/home/isatkaus/gridkit/build/GridKit/Solver/Dynamic:/nopt/nrel/apps/cpu_stack/software/gridkit/ipopt/3.14.14/lib:/nopt/nrel/apps/cpu_stack/software/gridkit/sundials/develop/lib64:/nopt/nrel/apps/cpu_stack/software/gridkit/suitesparse/7.8.2/lib64:/home/isatkaus/gridkit/build/GridKit/LinearAlgebra/SparseMatrix:/home/isatkaus/gridkit/build/GridKit/LinearAlgebra/Vector:/home/isatkaus/gridkit/build/GridKit/Utilities/Logger:/home/isatkaus/gridkit/build/GridKit/MemoryUtilities/cpu: ../Dynamic/libgridkit_solvers_dyn.so.0.1.0 /nopt/nrel/apps/cpu_stack/software/gridkit/ipopt/3.14.14/lib/libipopt.so /nopt/nrel/apps/cpu_stack/software/gridkit/sundials/develop/lib64/libsundials_nvecserial.so.7.8.0 /nopt/nrel/apps/cpu_stack/software/gridkit/sundials/develop/lib64/libsundials_idas.so.6.8.0 /nopt/nrel/apps/cpu_stack/software/gridkit/sundials/develop/lib64/libsundials_sunlinsolklu.so.5.8.0 /nopt/nrel/apps/cpu_stack/software/gridkit/sundials/develop/lib64/libsundials_sunmatrixsparse.so.5.8.0 /nopt/nrel/apps/cpu_stack/software/gridkit/sundials/develop/lib64/libsundials_core.so.7.8.0 /nopt/nrel/apps/cpu_stack/software/gridkit/suitesparse/7.8.2/lib64/libklu.so /nopt/nrel/apps/cpu_stack/software/gridkit/suitesparse/7.8.2/lib64/libamd.so /nopt/nrel/apps/cpu_stack/software/gridkit/suitesparse/7.8.2/lib64/libcolamd.so /nopt/nrel/apps/cpu_stack/software/gridkit/suitesparse/7.8.2/lib64/libbtf.so /nopt/nrel/apps/cpu_stack/software/gridkit/suitesparse/7.8.2/lib64/libsuitesparseconfig.so ../../LinearAlgebra/SparseMatrix/libgridkit_sparse_matrix.so.0.1.0 ../../LinearAlgebra/Vector/libgridkit_dense_vector.so.0.1.0 ../../Utilities/Logger/libgridkit_utilities_logger.so.0.1.0 ../../MemoryUtilities/cpu/libgridkit_cpu_backend.so.0.1.0
/nopt/nrel/apps/cpu_stack/software/gridkit/llvm/16.0.6/bin/clang++ -fPIC --gcc-toolchain=/nopt/nrel/apps/cpu_stack/compilers/06-24/linux-rhel8-sapphirerapids/gcc-12.3.0/gcc-13.1.0-bmut2ysomhthj6y7oyc73c3cmxye57am -Wall -Wextra -Wconversion -Wpedantic -O2 -g -DNDEBUG -Wl,-rpath,/nopt/nrel/apps/cpu_stack/compilers/06-24/linux-rhel8-sapphirerapids/gcc-12.3.0/gcc-13.1.0-bmut2ysomhthj6y7oyc73c3cmxye57am/lib/gcc/x86_64-pc-linux-gnu/13.1.0/../../../../lib64 -Wl,-rpath,/nopt/nrel/apps/cpu_stack/libraries-gcc/06-24/linux-rhel8-sapphirerapids/gcc-12.3.0/netlib-lapack-3.11.0-abk4uhd5cyrfnhh67bcdhyt6fulibezx/lib64 -shared -Wl,-soname,libgridkit_phasor_dynamics_exciter_esdc1a_dependency_tracking.so.0 -o libgridkit_phasor_dynamics_exciter_esdc1a_dependency_tracking.so.0.1.0 CMakeFiles/phasor_dynamics_exciter_esdc1a_dependency_tracking.dir/Esdc1aDependencyTracking.cpp.o  -Wl,-rpath,/home/isatkaus/gridkit/build/GridKit/Model/PhasorDynamics/SignalNode:/home/isatkaus/gridkit/build/GridKit/LinearAlgebra/Vector:/home/isatkaus/gridkit/build/GridKit/LinearAlgebra/SparseMatrix:/home/isatkaus/gridkit/build/GridKit/Utilities/Logger:/home/isatkaus/gridkit/build/GridKit/MemoryUtilities/cpu: ../../SignalNode/libgridkit_phasor_dynamics_signal_dependency_tracking.so.0.1.0 ../../../../LinearAlgebra/Vector/libgridkit_dense_vector.so.0.1.0 ../../../../LinearAlgebra/SparseMatrix/libgridkit_sparse_matrix.so.0.1.0 ../../../../Utilities/Logger/libgridkit_utilities_logger.so.0.1.0 ../../../../MemoryUtilities/cpu/libgridkit_cpu_backend.so.0.1.0
[ 74%] Linking CXX shared library libgridkit_phasor_dynamics_gensal_dependency_tracking.so
cd /home/isatkaus/gridkit/build/GridKit/Model/PhasorDynamics/SynchronousMachine/GENSAL && /nopt/nrel/apps/cpu_stack/utilities/06-24/linux-rhel8-sapphirerapids/gcc-12.3.0/cmake-3.29.2-6n4msmc4aewj7wyi6b5g644vjrqyqgot/bin/cmake -E cmake_link_script CMakeFiles/phasor_dynamics_gensal_dependency_tracking.dir/link.txt --verbose=1
/nopt/nrel/apps/cpu_stack/software/gridkit/llvm/16.0.6/bin/clang++ -fPIC --gcc-toolchain=/nopt/nrel/apps/cpu_stack/compilers/06-24/linux-rhel8-sapphirerapids/gcc-12.3.0/gcc-13.1.0-bmut2ysomhthj6y7oyc73c3cmxye57am -Wall -Wextra -Wconversion -Wpedantic -O2 -g -DNDEBUG -Wl,-rpath,/nopt/nrel/apps/cpu_stack/compilers/06-24/linux-rhel8-sapphirerapids/gcc-12.3.0/gcc-13.1.0-bmut2ysomhthj6y7oyc73c3cmxye57am/lib/gcc/x86_64-pc-linux-gnu/13.1.0/../../../../lib64 -Wl,-rpath,/nopt/nrel/apps/cpu_stack/libraries-gcc/06-24/linux-rhel8-sapphirerapids/gcc-12.3.0/netlib-lapack-3.11.0-abk4uhd5cyrfnhh67bcdhyt6fulibezx/lib64 -shared -Wl,-soname,libgridkit_phasor_dynamics_gensal_dependency_tracking.so.0 -o libgridkit_phasor_dynamics_gensal_dependency_tracking.so.0.1.0 CMakeFiles/phasor_dynamics_gensal_dependency_tracking.dir/GensalDependencyTracking.cpp.o  -Wl,-rpath,/home/isatkaus/gridkit/build/GridKit/Model/PhasorDynamics/SignalNode:/home/isatkaus/gridkit/build/GridKit/LinearAlgebra/Vector:/home/isatkaus/gridkit/build/GridKit/LinearAlgebra/SparseMatrix:/home/isatkaus/gridkit/build/GridKit/Utilities/Logger:/home/isatkaus/gridkit/build/GridKit/MemoryUtilities/cpu: ../../SignalNode/libgridkit_phasor_dynamics_signal_dependency_tracking.so.0.1.0 ../../../../LinearAlgebra/Vector/libgridkit_dense_vector.so.0.1.0 ../../../../LinearAlgebra/SparseMatrix/libgridkit_sparse_matrix.so.0.1.0 ../../../../Utilities/Logger/libgridkit_utilities_logger.so.0.1.0 ../../../../MemoryUtilities/cpu/libgridkit_cpu_backend.so.0.1.0
cd /home/isatkaus/gridkit/build/GridKit/Model/PhasorDynamics/Governor/GASTPTI && /nopt/nrel/apps/cpu_stack/utilities/06-24/linux-rhel8-sapphirerapids/gcc-12.3.0/cmake-3.29.2-6n4msmc4aewj7wyi6b5g644vjrqyqgot/bin/cmake -E cmake_symlink_library libgridkit_phasor_dynamics_governor_gastpti_dependency_tracking.so.0.1.0 libgridkit_phasor_dynamics_governor_gastpti_dependency_tracking.so.0 libgridkit_phasor_dynamics_governor_gastpti_dependency_tracking.so
[ 75%] Linking CXX executable test_sparse_coo
cd /home/isatkaus/gridkit/build/tests/UnitTests/LinearAlgebra/SparseMatrix && /nopt/nrel/apps/cpu_stack/utilities/06-24/linux-rhel8-sapphirerapids/gcc-12.3.0/cmake-3.29.2-6n4msmc4aewj7wyi6b5g644vjrqyqgot/bin/cmake -E cmake_link_script CMakeFiles/test_sparse_coo.dir/link.txt --verbose=1
make[2]: Leaving directory '/home/isatkaus/gridkit/build'
make[2]: Leaving directory '/home/isatkaus/gridkit/build'
/nopt/nrel/apps/cpu_stack/software/gridkit/llvm/16.0.6/bin/clang++ --gcc-toolchain=/nopt/nrel/apps/cpu_stack/compilers/06-24/linux-rhel8-sapphirerapids/gcc-12.3.0/gcc-13.1.0-bmut2ysomhthj6y7oyc73c3cmxye57am -Wall -Wextra -Wconversion -Wpedantic -O2 -g -DNDEBUG -Wl,-rpath,/nopt/nrel/apps/cpu_stack/compilers/06-24/linux-rhel8-sapphirerapids/gcc-12.3.0/gcc-13.1.0-bmut2ysomhthj6y7oyc73c3cmxye57am/lib/gcc/x86_64-pc-linux-gnu/13.1.0/../../../../lib64 -Wl,-rpath,/nopt/nrel/apps/cpu_stack/libraries-gcc/06-24/linux-rhel8-sapphirerapids/gcc-12.3.0/netlib-lapack-3.11.0-abk4uhd5cyrfnhh67bcdhyt6fulibezx/lib64 CMakeFiles/test_sparse_coo.dir/runSparseCooTests.cpp.o -o test_sparse_coo  -Wl,-rpath,/home/isatkaus/gridkit/build/GridKit/LinearAlgebra/SparseMatrix:/home/isatkaus/gridkit/build/GridKit/Testing:/home/isatkaus/gridkit/build/GridKit/MemoryUtilities/cpu:/home/isatkaus/gridkit/build/GridKit/Utilities/CliArgs:/home/isatkaus/gridkit/build/GridKit/Utilities/Logger: ../../../../GridKit/LinearAlgebra/SparseMatrix/libgridkit_sparse_matrix.so.0.1.0 ../../../../GridKit/Testing/libgridkit_testing.so.0.1.0 ../../../../GridKit/MemoryUtilities/cpu/libgridkit_cpu_backend.so.0.1.0 ../../../../GridKit/Utilities/CliArgs/libgridkit_utilities_cli_args.so.0.1.0 ../../../../GridKit/Utilities/Logger/libgridkit_utilities_logger.so.0.1.0
[ 75%] Built target test_parse_bus_row
[ 75%] Built target phasor_dynamics_governor_gastpti_dependency_tracking
[ 75%] Linking CXX executable adjoint
make[2]: Leaving directory '/home/isatkaus/gridkit/build'
cd /home/isatkaus/gridkit/build/GridKit/Model/PhasorDynamics/Controller/REECB && /nopt/nrel/apps/cpu_stack/utilities/06-24/linux-rhel8-sapphirerapids/gcc-12.3.0/cmake-3.29.2-6n4msmc4aewj7wyi6b5g644vjrqyqgot/bin/cmake -E cmake_symlink_library libgridkit_phasor_dynamics_controller_reecb.so.0.1.0 libgridkit_phasor_dynamics_controller_reecb.so.0 libgridkit_phasor_dynamics_controller_reecb.so
make[2]: Leaving directory '/home/isatkaus/gridkit/build'
make[2]: Leaving directory '/home/isatkaus/gridkit/build'
[ 75%] Built target test_parse_branch_row
make  -f tests/UnitTests/PhasorDynamics/CMakeFiles/test_phasor_governor_gastpti.dir/build.make tests/UnitTests/PhasorDynamics/CMakeFiles/test_phasor_governor_gastpti.dir/depend
cd /home/isatkaus/gridkit/build/examples/Experimental/AdjointSensitivity && /nopt/nrel/apps/cpu_stack/utilities/06-24/linux-rhel8-sapphirerapids/gcc-12.3.0/cmake-3.29.2-6n4msmc4aewj7wyi6b5g644vjrqyqgot/bin/cmake -E cmake_link_script CMakeFiles/adjoint.dir/link.txt --verbose=1
cd /home/isatkaus/gridkit/build/GridKit/Model/PhasorDynamics/Stabilizer/IEEEST && /nopt/nrel/apps/cpu_stack/utilities/06-24/linux-rhel8-sapphirerapids/gcc-12.3.0/cmake-3.29.2-6n4msmc4aewj7wyi6b5g644vjrqyqgot/bin/cmake -E cmake_symlink_library libgridkit_phasor_dynamics_stabilizer_ieeest_dependency_tracking.so.0.1.0 libgridkit_phasor_dynamics_stabilizer_ieeest_dependency_tracking.so.0 libgridkit_phasor_dynamics_stabilizer_ieeest_dependency_tracking.so
make[2]: Entering directory '/home/isatkaus/gridkit/build'
cd /home/isatkaus/gridkit/build && /nopt/nrel/apps/cpu_stack/utilities/06-24/linux-rhel8-sapphirerapids/gcc-12.3.0/cmake-3.29.2-6n4msmc4aewj7wyi6b5g644vjrqyqgot/bin/cmake -E cmake_depends "Unix Makefiles" /home/isatkaus/gridkit /home/isatkaus/gridkit/tests/UnitTests/PhasorDynamics /home/isatkaus/gridkit/build /home/isatkaus/gridkit/build/tests/UnitTests/PhasorDynamics /home/isatkaus/gridkit/build/tests/UnitTests/PhasorDynamics/CMakeFiles/test_phasor_governor_gastpti.dir/DependInfo.cmake "--color="
[ 75%] Built target test_parse_gen_row
[ 75%] Built target test_parse_gencost_row
/nopt/nrel/apps/cpu_stack/software/gridkit/llvm/16.0.6/bin/clang++ --gcc-toolchain=/nopt/nrel/apps/cpu_stack/compilers/06-24/linux-rhel8-sapphirerapids/gcc-12.3.0/gcc-13.1.0-bmut2ysomhthj6y7oyc73c3cmxye57am -Wall -Wextra -Wconversion -Wpedantic -O2 -g -DNDEBUG -Wl,-rpath,/nopt/nrel/apps/cpu_stack/compilers/06-24/linux-rhel8-sapphirerapids/gcc-12.3.0/gcc-13.1.0-bmut2ysomhthj6y7oyc73c3cmxye57am/lib/gcc/x86_64-pc-linux-gnu/13.1.0/../../../../lib64 -Wl,-rpath,/nopt/nrel/apps/cpu_stack/libraries-gcc/06-24/linux-rhel8-sapphirerapids/gcc-12.3.0/netlib-lapack-3.11.0-abk4uhd5cyrfnhh67bcdhyt6fulibezx/lib64 CMakeFiles/adjoint.dir/AdjointSensitivity.cpp.o -o adjoint  -Wl,-rpath,/home/isatkaus/gridkit/build/GridKit/Model/PowerFlow/Bus:/home/isatkaus/gridkit/build/GridKit/Model/PowerFlow/Generator4:/home/isatkaus/gridkit/build/GridKit/Solver/Dynamic:/home/isatkaus/gridkit/build/GridKit/LinearAlgebra/Vector:/nopt/nrel/apps/cpu_stack/software/gridkit/sundials/develop/lib64:/nopt/nrel/apps/cpu_stack/software/gridkit/suitesparse/7.8.2/lib64:/home/isatkaus/gridkit/build/GridKit/LinearAlgebra/SparseMatrix:/home/isatkaus/gridkit/build/GridKit/Utilities/Logger:/home/isatkaus/gridkit/build/GridKit/MemoryUtilities/cpu: ../../../GridKit/Model/PowerFlow/Bus/libgridkit_bus.so.0.1.0 ../../../GridKit/Model/PowerFlow/Generator4/libgridkit_generator4.so.0.1.0 ../../../GridKit/Solver/Dynamic/libgridkit_solvers_dyn.so.0.1.0 ../../../GridKit/LinearAlgebra/Vector/libgridkit_dense_vector.so.0.1.0 /nopt/nrel/apps/cpu_stack/software/gridkit/sundials/develop/lib64/libsundials_nvecserial.so.7.8.0 /nopt/nrel/apps/cpu_stack/software/gridkit/sundials/develop/lib64/libsundials_idas.so.6.8.0 /nopt/nrel/apps/cpu_stack/software/gridkit/sundials/develop/lib64/libsundials_sunlinsolklu.so.5.8.0 /nopt/nrel/apps/cpu_stack/software/gridkit/sundials/develop/lib64/libsundials_sunmatrixsparse.so.5.8.0 /nopt/nrel/apps/cpu_stack/software/gridkit/sundials/develop/lib64/libsundials_core.so.7.8.0 /nopt/nrel/apps/cpu_stack/software/gridkit/suitesparse/7.8.2/lib64/libklu.so /nopt/nrel/apps/cpu_stack/software/gridkit/suitesparse/7.8.2/lib64/libamd.so /nopt/nrel/apps/cpu_stack/software/gridkit/suitesparse/7.8.2/lib64/libcolamd.so /nopt/nrel/apps/cpu_stack/software/gridkit/suitesparse/7.8.2/lib64/libbtf.so /nopt/nrel/apps/cpu_stack/software/gridkit/suitesparse/7.8.2/lib64/libsuitesparseconfig.so ../../../GridKit/LinearAlgebra/SparseMatrix/libgridkit_sparse_matrix.so.0.1.0 ../../../GridKit/Utilities/Logger/libgridkit_utilities_logger.so.0.1.0 ../../../GridKit/MemoryUtilities/cpu/libgridkit_cpu_backend.so.0.1.0
cd /home/isatkaus/gridkit/build/GridKit/Model/PhasorDynamics/Exciter/IEEET1 && /nopt/nrel/apps/cpu_stack/utilities/06-24/linux-rhel8-sapphirerapids/gcc-12.3.0/cmake-3.29.2-6n4msmc4aewj7wyi6b5g644vjrqyqgot/bin/cmake -E cmake_symlink_library libgridkit_phasor_dynamics_exciter_ieeet1_dependency_tracking.so.0.1.0 libgridkit_phasor_dynamics_exciter_ieeet1_dependency_tracking.so.0 libgridkit_phasor_dynamics_exciter_ieeet1_dependency_tracking.so
make[2]: Leaving directory '/home/isatkaus/gridkit/build'
make  -f tests/UnitTests/PhasorDynamics/CMakeFiles/test_phasor_governor_gastpti.dir/build.make tests/UnitTests/PhasorDynamics/CMakeFiles/test_phasor_governor_gastpti.dir/build
make[2]: Entering directory '/home/isatkaus/gridkit/build'
[ 76%] Building CXX object tests/UnitTests/PhasorDynamics/CMakeFiles/test_phasor_governor_gastpti.dir/runGovernorGastPtiTests.cpp.o
make[2]: Leaving directory '/home/isatkaus/gridkit/build'
make[2]: Leaving directory '/home/isatkaus/gridkit/build'
[ 76%] Built target phasor_dynamics_controller_reecb
cd /home/isatkaus/gridkit/build/GridKit/Model/PowerElectronics/DistributedGenerator && /nopt/nrel/apps/cpu_stack/utilities/06-24/linux-rhel8-sapphirerapids/gcc-12.3.0/cmake-3.29.2-6n4msmc4aewj7wyi6b5g644vjrqyqgot/bin/cmake -E cmake_symlink_library libgridkit_power_elec_disgen.so.0.1.0 libgridkit_power_elec_disgen.so.0 libgridkit_power_elec_disgen.so
cd /home/isatkaus/gridkit/build/tests/UnitTests/PhasorDynamics && /nopt/nrel/apps/cpu_stack/software/gridkit/llvm/16.0.6/bin/clang++  -I/home/isatkaus/gridkit/build -I/home/isatkaus/gridkit --gcc-toolchain=/nopt/nrel/apps/cpu_stack/compilers/06-24/linux-rhel8-sapphirerapids/gcc-12.3.0/gcc-13.1.0-bmut2ysomhthj6y7oyc73c3cmxye57am -Wall -Wextra -Wconversion -Wpedantic -O2 -g -DNDEBUG -std=gnu++20 -fPIE -MD -MT tests/UnitTests/PhasorDynamics/CMakeFiles/test_phasor_governor_gastpti.dir/runGovernorGastPtiTests.cpp.o -MF CMakeFiles/test_phasor_governor_gastpti.dir/runGovernorGastPtiTests.cpp.o.d -o CMakeFiles/test_phasor_governor_gastpti.dir/runGovernorGastPtiTests.cpp.o -c /home/isatkaus/gridkit/tests/UnitTests/PhasorDynamics/runGovernorGastPtiTests.cpp
[ 76%] Built target phasor_dynamics_stabilizer_ieeest_dependency_tracking
make[2]: Leaving directory '/home/isatkaus/gridkit/build'
make  -f GridKit/Model/PhasorDynamics/CMakeFiles/phasor_dynamics_systemmodel.dir/build.make GridKit/Model/PhasorDynamics/CMakeFiles/phasor_dynamics_systemmodel.dir/depend
[ 76%] Built target phasor_dynamics_exciter_ieeet1_dependency_tracking
make[2]: Entering directory '/home/isatkaus/gridkit/build'
cd /home/isatkaus/gridkit/build && /nopt/nrel/apps/cpu_stack/utilities/06-24/linux-rhel8-sapphirerapids/gcc-12.3.0/cmake-3.29.2-6n4msmc4aewj7wyi6b5g644vjrqyqgot/bin/cmake -E cmake_depends "Unix Makefiles" /home/isatkaus/gridkit /home/isatkaus/gridkit/GridKit/Model/PhasorDynamics /home/isatkaus/gridkit/build /home/isatkaus/gridkit/build/GridKit/Model/PhasorDynamics /home/isatkaus/gridkit/build/GridKit/Model/PhasorDynamics/CMakeFiles/phasor_dynamics_systemmodel.dir/DependInfo.cmake "--color="
make  -f tests/UnitTests/PhasorDynamics/CMakeFiles/test_phasor_stabilizer_ieeest.dir/build.make tests/UnitTests/PhasorDynamics/CMakeFiles/test_phasor_stabilizer_ieeest.dir/depend
make[2]: Entering directory '/home/isatkaus/gridkit/build'
cd /home/isatkaus/gridkit/build && /nopt/nrel/apps/cpu_stack/utilities/06-24/linux-rhel8-sapphirerapids/gcc-12.3.0/cmake-3.29.2-6n4msmc4aewj7wyi6b5g644vjrqyqgot/bin/cmake -E cmake_depends "Unix Makefiles" /home/isatkaus/gridkit /home/isatkaus/gridkit/tests/UnitTests/PhasorDynamics /home/isatkaus/gridkit/build /home/isatkaus/gridkit/build/tests/UnitTests/PhasorDynamics /home/isatkaus/gridkit/build/tests/UnitTests/PhasorDynamics/CMakeFiles/test_phasor_stabilizer_ieeest.dir/DependInfo.cmake "--color="
make[2]: Leaving directory '/home/isatkaus/gridkit/build'
make  -f GridKit/Model/PhasorDynamics/CMakeFiles/phasor_dynamics_systemmodel.dir/build.make GridKit/Model/PhasorDynamics/CMakeFiles/phasor_dynamics_systemmodel.dir/build
make[2]: Entering directory '/home/isatkaus/gridkit/build'
make[2]: Leaving directory '/home/isatkaus/gridkit/build'
make[2]: Leaving directory '/home/isatkaus/gridkit/build'
make  -f tests/UnitTests/PhasorDynamics/CMakeFiles/test_phasor_stabilizer_ieeest.dir/build.make tests/UnitTests/PhasorDynamics/CMakeFiles/test_phasor_stabilizer_ieeest.dir/build
[ 77%] Linking CXX executable test_math_smoothness_indicator
make[2]: Entering directory '/home/isatkaus/gridkit/build'
[ 78%] Building CXX object GridKit/Model/PhasorDynamics/CMakeFiles/phasor_dynamics_systemmodel.dir/SystemModelEnzyme.cpp.o
[ 78%] Building CXX object GridKit/Model/PhasorDynamics/CMakeFiles/phasor_dynamics_systemmodel.dir/SystemModelData.cpp.o
[ 78%] Built target power_elec_disgen
[ 78%] Building CXX object tests/UnitTests/PhasorDynamics/CMakeFiles/test_phasor_stabilizer_ieeest.dir/runStabilizerIeeestTests.cpp.o
make[2]: Leaving directory '/home/isatkaus/gridkit/build'
cd /home/isatkaus/gridkit/build/tests/UnitTests/Math && /nopt/nrel/apps/cpu_stack/utilities/06-24/linux-rhel8-sapphirerapids/gcc-12.3.0/cmake-3.29.2-6n4msmc4aewj7wyi6b5g644vjrqyqgot/bin/cmake -E cmake_link_script CMakeFiles/test_math_smoothness_indicator.dir/link.txt --verbose=1
cd /home/isatkaus/gridkit/build/GridKit/Model/PhasorDynamics && /nopt/nrel/apps/cpu_stack/software/gridkit/llvm/16.0.6/bin/clang++ -Dphasor_dynamics_systemmodel_EXPORTS -I/home/isatkaus/gridkit -I/home/isatkaus/gridkit/third-party/nlohmann-json/include -I/home/isatkaus/gridkit/third-party/magic-enum/include -I/home/isatkaus/gridkit/build --gcc-toolchain=/nopt/nrel/apps/cpu_stack/compilers/06-24/linux-rhel8-sapphirerapids/gcc-12.3.0/gcc-13.1.0-bmut2ysomhthj6y7oyc73c3cmxye57am -Wall -Wextra -Wconversion -Wpedantic -O2 -g -DNDEBUG -std=gnu++20 -fPIC -MD -MT GridKit/Model/PhasorDynamics/CMakeFiles/phasor_dynamics_systemmodel.dir/SystemModelEnzyme.cpp.o -MF CMakeFiles/phasor_dynamics_systemmodel.dir/SystemModelEnzyme.cpp.o.d -o CMakeFiles/phasor_dynamics_systemmodel.dir/SystemModelEnzyme.cpp.o -c /home/isatkaus/gridkit/GridKit/Model/PhasorDynamics/SystemModelEnzyme.cpp
cd /home/isatkaus/gridkit/build/GridKit/Model/PhasorDynamics && /nopt/nrel/apps/cpu_stack/software/gridkit/llvm/16.0.6/bin/clang++ -Dphasor_dynamics_systemmodel_EXPORTS -I/home/isatkaus/gridkit -I/home/isatkaus/gridkit/third-party/nlohmann-json/include -I/home/isatkaus/gridkit/third-party/magic-enum/include -I/home/isatkaus/gridkit/build --gcc-toolchain=/nopt/nrel/apps/cpu_stack/compilers/06-24/linux-rhel8-sapphirerapids/gcc-12.3.0/gcc-13.1.0-bmut2ysomhthj6y7oyc73c3cmxye57am -Wall -Wextra -Wconversion -Wpedantic -O2 -g -DNDEBUG -std=gnu++20 -fPIC -MD -MT GridKit/Model/PhasorDynamics/CMakeFiles/phasor_dynamics_systemmodel.dir/SystemModelData.cpp.o -MF CMakeFiles/phasor_dynamics_systemmodel.dir/SystemModelData.cpp.o.d -o CMakeFiles/phasor_dynamics_systemmodel.dir/SystemModelData.cpp.o -c /home/isatkaus/gridkit/GridKit/Model/PhasorDynamics/SystemModelData.cpp
[ 78%] Built target test_parse_matpower
make  -f examples/PowerElectronics/DistributedGeneratorTest/CMakeFiles/dgtest.dir/build.make examples/PowerElectronics/DistributedGeneratorTest/CMakeFiles/dgtest.dir/depend
make  -f examples/PowerElectronics/Microgrid/CMakeFiles/microgrid.dir/build.make examples/PowerElectronics/Microgrid/CMakeFiles/microgrid.dir/depend
make  -f examples/PowerElectronics/ScaleMicrogrid/CMakeFiles/scalemicrogrid.dir/build.make examples/PowerElectronics/ScaleMicrogrid/CMakeFiles/scalemicrogrid.dir/depend
cd /home/isatkaus/gridkit/build/tests/UnitTests/PhasorDynamics && /nopt/nrel/apps/cpu_stack/software/gridkit/llvm/16.0.6/bin/clang++  -I/home/isatkaus/gridkit/build -I/home/isatkaus/gridkit --gcc-toolchain=/nopt/nrel/apps/cpu_stack/compilers/06-24/linux-rhel8-sapphirerapids/gcc-12.3.0/gcc-13.1.0-bmut2ysomhthj6y7oyc73c3cmxye57am -Wall -Wextra -Wconversion -Wpedantic -O2 -g -DNDEBUG -std=gnu++20 -fPIE -MD -MT tests/UnitTests/PhasorDynamics/CMakeFiles/test_phasor_stabilizer_ieeest.dir/runStabilizerIeeestTests.cpp.o -MF CMakeFiles/test_phasor_stabilizer_ieeest.dir/runStabilizerIeeestTests.cpp.o.d -o CMakeFiles/test_phasor_stabilizer_ieeest.dir/runStabilizerIeeestTests.cpp.o -c /home/isatkaus/gridkit/tests/UnitTests/PhasorDynamics/runStabilizerIeeestTests.cpp
make  -f examples/PowerElectronics/ScaleMicrogrid/CMakeFiles/scalemicrogridarbitrary.dir/build.make examples/PowerElectronics/ScaleMicrogrid/CMakeFiles/scalemicrogridarbitrary.dir/depend
/nopt/nrel/apps/cpu_stack/software/gridkit/llvm/16.0.6/bin/clang++ --gcc-toolchain=/nopt/nrel/apps/cpu_stack/compilers/06-24/linux-rhel8-sapphirerapids/gcc-12.3.0/gcc-13.1.0-bmut2ysomhthj6y7oyc73c3cmxye57am -Wall -Wextra -Wconversion -Wpedantic -O2 -g -DNDEBUG -Wl,-rpath,/nopt/nrel/apps/cpu_stack/compilers/06-24/linux-rhel8-sapphirerapids/gcc-12.3.0/gcc-13.1.0-bmut2ysomhthj6y7oyc73c3cmxye57am/lib/gcc/x86_64-pc-linux-gnu/13.1.0/../../../../lib64 -Wl,-rpath,/nopt/nrel/apps/cpu_stack/libraries-gcc/06-24/linux-rhel8-sapphirerapids/gcc-12.3.0/netlib-lapack-3.11.0-abk4uhd5cyrfnhh67bcdhyt6fulibezx/lib64 CMakeFiles/test_math_smoothness_indicator.dir/runSmoothnessIndicatorTests.cpp.o -o test_math_smoothness_indicator  -Wl,-rpath,/home/isatkaus/gridkit/build/GridKit/Testing:/home/isatkaus/gridkit/build/GridKit/Utilities/CliArgs:/home/isatkaus/gridkit/build/GridKit/Utilities/Logger: ../../../GridKit/Testing/libgridkit_testing.so.0.1.0 ../../../GridKit/Utilities/CliArgs/libgridkit_utilities_cli_args.so.0.1.0 ../../../GridKit/Utilities/Logger/libgridkit_utilities_logger.so.0.1.0
[ 79%] Linking CXX executable rlcircuit
make[2]: Entering directory '/home/isatkaus/gridkit/build'
cd /home/isatkaus/gridkit/build && /nopt/nrel/apps/cpu_stack/utilities/06-24/linux-rhel8-sapphirerapids/gcc-12.3.0/cmake-3.29.2-6n4msmc4aewj7wyi6b5g644vjrqyqgot/bin/cmake -E cmake_depends "Unix Makefiles" /home/isatkaus/gridkit /home/isatkaus/gridkit/examples/PowerElectronics/DistributedGeneratorTest /home/isatkaus/gridkit/build /home/isatkaus/gridkit/build/examples/PowerElectronics/DistributedGeneratorTest /home/isatkaus/gridkit/build/examples/PowerElectronics/DistributedGeneratorTest/CMakeFiles/dgtest.dir/DependInfo.cmake "--color="
make[2]: Entering directory '/home/isatkaus/gridkit/build'
cd /home/isatkaus/gridkit/build && /nopt/nrel/apps/cpu_stack/utilities/06-24/linux-rhel8-sapphirerapids/gcc-12.3.0/cmake-3.29.2-6n4msmc4aewj7wyi6b5g644vjrqyqgot/bin/cmake -E cmake_depends "Unix Makefiles" /home/isatkaus/gridkit /home/isatkaus/gridkit/examples/PowerElectronics/Microgrid /home/isatkaus/gridkit/build /home/isatkaus/gridkit/build/examples/PowerElectronics/Microgrid /home/isatkaus/gridkit/build/examples/PowerElectronics/Microgrid/CMakeFiles/microgrid.dir/DependInfo.cmake "--color="
make[2]: Entering directory '/home/isatkaus/gridkit/build'
cd /home/isatkaus/gridkit/build && /nopt/nrel/apps/cpu_stack/utilities/06-24/linux-rhel8-sapphirerapids/gcc-12.3.0/cmake-3.29.2-6n4msmc4aewj7wyi6b5g644vjrqyqgot/bin/cmake -E cmake_depends "Unix Makefiles" /home/isatkaus/gridkit /home/isatkaus/gridkit/examples/PowerElectronics/ScaleMicrogrid /home/isatkaus/gridkit/build /home/isatkaus/gridkit/build/examples/PowerElectronics/ScaleMicrogrid /home/isatkaus/gridkit/build/examples/PowerElectronics/ScaleMicrogrid/CMakeFiles/scalemicrogrid.dir/DependInfo.cmake "--color="
make[2]: Entering directory '/home/isatkaus/gridkit/build'
cd /home/isatkaus/gridkit/build && /nopt/nrel/apps/cpu_stack/utilities/06-24/linux-rhel8-sapphirerapids/gcc-12.3.0/cmake-3.29.2-6n4msmc4aewj7wyi6b5g644vjrqyqgot/bin/cmake -E cmake_depends "Unix Makefiles" /home/isatkaus/gridkit /home/isatkaus/gridkit/examples/PowerElectronics/ScaleMicrogrid /home/isatkaus/gridkit/build /home/isatkaus/gridkit/build/examples/PowerElectronics/ScaleMicrogrid /home/isatkaus/gridkit/build/examples/PowerElectronics/ScaleMicrogrid/CMakeFiles/scalemicrogridarbitrary.dir/DependInfo.cmake "--color="
cd /home/isatkaus/gridkit/build/examples/PowerElectronics/RLCircuit && /nopt/nrel/apps/cpu_stack/utilities/06-24/linux-rhel8-sapphirerapids/gcc-12.3.0/cmake-3.29.2-6n4msmc4aewj7wyi6b5g644vjrqyqgot/bin/cmake -E cmake_link_script CMakeFiles/rlcircuit.dir/link.txt --verbose=1
[ 80%] Linking CXX executable test_enzyme
[ 80%] Linking CXX executable test_vector
/nopt/nrel/apps/cpu_stack/software/gridkit/llvm/16.0.6/bin/clang++ --gcc-toolchain=/nopt/nrel/apps/cpu_stack/compilers/06-24/linux-rhel8-sapphirerapids/gcc-12.3.0/gcc-13.1.0-bmut2ysomhthj6y7oyc73c3cmxye57am -Wall -Wextra -Wconversion -Wpedantic -O2 -g -DNDEBUG -Wl,-rpath,/nopt/nrel/apps/cpu_stack/compilers/06-24/linux-rhel8-sapphirerapids/gcc-12.3.0/gcc-13.1.0-bmut2ysomhthj6y7oyc73c3cmxye57am/lib/gcc/x86_64-pc-linux-gnu/13.1.0/../../../../lib64 -Wl,-rpath,/nopt/nrel/apps/cpu_stack/libraries-gcc/06-24/linux-rhel8-sapphirerapids/gcc-12.3.0/netlib-lapack-3.11.0-abk4uhd5cyrfnhh67bcdhyt6fulibezx/lib64 CMakeFiles/rlcircuit.dir/RLCircuit.cpp.o -o rlcircuit  -Wl,-rpath,/home/isatkaus/gridkit/build/GridKit/Model/PowerElectronics/Capacitor:/home/isatkaus/gridkit/build/GridKit/Model/PowerElectronics/Inductor:/home/isatkaus/gridkit/build/GridKit/Model/PowerElectronics/Resistor:/home/isatkaus/gridkit/build/GridKit/Model/PowerElectronics/VoltageSource:/home/isatkaus/gridkit/build/GridKit/Solver/Dynamic:/home/isatkaus/gridkit/build/GridKit/LinearAlgebra/Vector:/nopt/nrel/apps/cpu_stack/software/gridkit/sundials/develop/lib64:/nopt/nrel/apps/cpu_stack/software/gridkit/suitesparse/7.8.2/lib64:/home/isatkaus/gridkit/build/GridKit/LinearAlgebra/SparseMatrix:/home/isatkaus/gridkit/build/GridKit/Utilities/Logger:/home/isatkaus/gridkit/build/GridKit/MemoryUtilities/cpu: ../../../GridKit/Model/PowerElectronics/Capacitor/libgridkit_power_elec_capacitor.so.0.1.0 ../../../GridKit/Model/PowerElectronics/Inductor/libgridkit_power_elec_inductor.so.0.1.0 ../../../GridKit/Model/PowerElectronics/Resistor/libgridkit_power_elec_resistor.so.0.1.0 ../../../GridKit/Model/PowerElectronics/VoltageSource/libgridkit_power_elec_voltagesource.so.0.1.0 ../../../GridKit/Solver/Dynamic/libgridkit_solvers_dyn.so.0.1.0 ../../../GridKit/LinearAlgebra/Vector/libgridkit_dense_vector.so.0.1.0 /nopt/nrel/apps/cpu_stack/software/gridkit/sundials/develop/lib64/libsundials_nvecserial.so.7.8.0 /nopt/nrel/apps/cpu_stack/software/gridkit/sundials/develop/lib64/libsundials_idas.so.6.8.0 /nopt/nrel/apps/cpu_stack/software/gridkit/sundials/develop/lib64/libsundials_sunlinsolklu.so.5.8.0 /nopt/nrel/apps/cpu_stack/software/gridkit/sundials/develop/lib64/libsundials_sunmatrixsparse.so.5.8.0 /nopt/nrel/apps/cpu_stack/software/gridkit/sundials/develop/lib64/libsundials_core.so.7.8.0 /nopt/nrel/apps/cpu_stack/software/gridkit/suitesparse/7.8.2/lib64/libklu.so /nopt/nrel/apps/cpu_stack/software/gridkit/suitesparse/7.8.2/lib64/libamd.so /nopt/nrel/apps/cpu_stack/software/gridkit/suitesparse/7.8.2/lib64/libcolamd.so /nopt/nrel/apps/cpu_stack/software/gridkit/suitesparse/7.8.2/lib64/libbtf.so /nopt/nrel/apps/cpu_stack/software/gridkit/suitesparse/7.8.2/lib64/libsuitesparseconfig.so ../../../GridKit/LinearAlgebra/SparseMatrix/libgridkit_sparse_matrix.so.0.1.0 ../../../GridKit/Utilities/Logger/libgridkit_utilities_logger.so.0.1.0 ../../../GridKit/MemoryUtilities/cpu/libgridkit_cpu_backend.so.0.1.0
make[2]: Leaving directory '/home/isatkaus/gridkit/build'
make  -f examples/PowerElectronics/DistributedGeneratorTest/CMakeFiles/dgtest.dir/build.make examples/PowerElectronics/DistributedGeneratorTest/CMakeFiles/dgtest.dir/build
make[2]: Leaving directory '/home/isatkaus/gridkit/build'
make[2]: Leaving directory '/home/isatkaus/gridkit/build'
make[2]: Entering directory '/home/isatkaus/gridkit/build'
make[2]: Leaving directory '/home/isatkaus/gridkit/build'
make  -f examples/PowerElectronics/Microgrid/CMakeFiles/microgrid.dir/build.make examples/PowerElectronics/Microgrid/CMakeFiles/microgrid.dir/build
make  -f examples/PowerElectronics/ScaleMicrogrid/CMakeFiles/scalemicrogrid.dir/build.make examples/PowerElectronics/ScaleMicrogrid/CMakeFiles/scalemicrogrid.dir/build
make  -f examples/PowerElectronics/ScaleMicrogrid/CMakeFiles/scalemicrogridarbitrary.dir/build.make examples/PowerElectronics/ScaleMicrogrid/CMakeFiles/scalemicrogridarbitrary.dir/build
cd /home/isatkaus/gridkit/build/tests/UnitTests/LinearAlgebra/Vector && /nopt/nrel/apps/cpu_stack/utilities/06-24/linux-rhel8-sapphirerapids/gcc-12.3.0/cmake-3.29.2-6n4msmc4aewj7wyi6b5g644vjrqyqgot/bin/cmake -E cmake_link_script CMakeFiles/test_vector.dir/link.txt --verbose=1
cd /home/isatkaus/gridkit/build/tests/UnitTests/AutomaticDifferentiation/Enzyme && /nopt/nrel/apps/cpu_stack/utilities/06-24/linux-rhel8-sapphirerapids/gcc-12.3.0/cmake-3.29.2-6n4msmc4aewj7wyi6b5g644vjrqyqgot/bin/cmake -E cmake_link_script CMakeFiles/test_enzyme.dir/link.txt --verbose=1
[ 80%] Linking CXX executable test_vector_handler
make[2]: Entering directory '/home/isatkaus/gridkit/build'
make[2]: Entering directory '/home/isatkaus/gridkit/build'
make[2]: Entering directory '/home/isatkaus/gridkit/build'
[ 81%] Building CXX object examples/PowerElectronics/DistributedGeneratorTest/CMakeFiles/dgtest.dir/DGTest.cpp.o
/nopt/nrel/apps/cpu_stack/software/gridkit/llvm/16.0.6/bin/clang++ --gcc-toolchain=/nopt/nrel/apps/cpu_stack/compilers/06-24/linux-rhel8-sapphirerapids/gcc-12.3.0/gcc-13.1.0-bmut2ysomhthj6y7oyc73c3cmxye57am -Wall -Wextra -Wconversion -Wpedantic -O2 -g -DNDEBUG -Wl,-rpath,/nopt/nrel/apps/cpu_stack/compilers/06-24/linux-rhel8-sapphirerapids/gcc-12.3.0/gcc-13.1.0-bmut2ysomhthj6y7oyc73c3cmxye57am/lib/gcc/x86_64-pc-linux-gnu/13.1.0/../../../../lib64 -Wl,-rpath,/nopt/nrel/apps/cpu_stack/libraries-gcc/06-24/linux-rhel8-sapphirerapids/gcc-12.3.0/netlib-lapack-3.11.0-abk4uhd5cyrfnhh67bcdhyt6fulibezx/lib64 CMakeFiles/test_vector.dir/runVectorTests.cpp.o -o test_vector  -Wl,-rpath,/home/isatkaus/gridkit/build/GridKit/LinearAlgebra/Vector:/home/isatkaus/gridkit/build/GridKit/Testing:/home/isatkaus/gridkit/build/GridKit/MemoryUtilities/cpu:/home/isatkaus/gridkit/build/GridKit/Utilities/CliArgs:/home/isatkaus/gridkit/build/GridKit/Utilities/Logger: ../../../../GridKit/LinearAlgebra/Vector/libgridkit_dense_vector.so.0.1.0 ../../../../GridKit/Testing/libgridkit_testing.so.0.1.0 ../../../../GridKit/MemoryUtilities/cpu/libgridkit_cpu_backend.so.0.1.0 ../../../../GridKit/Utilities/CliArgs/libgridkit_utilities_cli_args.so.0.1.0 ../../../../GridKit/Utilities/Logger/libgridkit_utilities_logger.so.0.1.0
/nopt/nrel/apps/cpu_stack/software/gridkit/llvm/16.0.6/bin/clang++ --gcc-toolchain=/nopt/nrel/apps/cpu_stack/compilers/06-24/linux-rhel8-sapphirerapids/gcc-12.3.0/gcc-13.1.0-bmut2ysomhthj6y7oyc73c3cmxye57am -Wall -Wextra -Wconversion -Wpedantic -O2 -g -DNDEBUG -Wl,-rpath,/nopt/nrel/apps/cpu_stack/compilers/06-24/linux-rhel8-sapphirerapids/gcc-12.3.0/gcc-13.1.0-bmut2ysomhthj6y7oyc73c3cmxye57am/lib/gcc/x86_64-pc-linux-gnu/13.1.0/../../../../lib64 -Wl,-rpath,/nopt/nrel/apps/cpu_stack/libraries-gcc/06-24/linux-rhel8-sapphirerapids/gcc-12.3.0/netlib-lapack-3.11.0-abk4uhd5cyrfnhh67bcdhyt6fulibezx/lib64 CMakeFiles/test_enzyme.dir/runEnzymeTests.cpp.o -o test_enzyme  -Wl,-rpath,/home/isatkaus/gridkit/build/GridKit/LinearAlgebra/SparseMatrix:/home/isatkaus/gridkit/build/GridKit/Testing:/home/isatkaus/gridkit/build/GridKit/MemoryUtilities/cpu:/home/isatkaus/gridkit/build/GridKit/Utilities/CliArgs:/home/isatkaus/gridkit/build/GridKit/Utilities/Logger: ../../../../GridKit/LinearAlgebra/SparseMatrix/libgridkit_sparse_matrix.so.0.1.0 ../../../../GridKit/Testing/libgridkit_testing.so.0.1.0 ../../../../GridKit/MemoryUtilities/cpu/libgridkit_cpu_backend.so.0.1.0 ../../../../GridKit/Utilities/CliArgs/libgridkit_utilities_cli_args.so.0.1.0 ../../../../GridKit/Utilities/Logger/libgridkit_utilities_logger.so.0.1.0
cd /home/isatkaus/gridkit/build/tests/UnitTests/LinearAlgebra/Vector && /nopt/nrel/apps/cpu_stack/utilities/06-24/linux-rhel8-sapphirerapids/gcc-12.3.0/cmake-3.29.2-6n4msmc4aewj7wyi6b5g644vjrqyqgot/bin/cmake -E cmake_link_script CMakeFiles/test_vector_handler.dir/link.txt --verbose=1
[ 81%] Building CXX object examples/PowerElectronics/Microgrid/CMakeFiles/microgrid.dir/Microgrid.cpp.o
[ 81%] Building CXX object examples/PowerElectronics/ScaleMicrogrid/CMakeFiles/scalemicrogrid.dir/ScaleMicrogrid.cpp.o
[ 82%] Building CXX object examples/PowerElectronics/ScaleMicrogrid/CMakeFiles/scalemicrogridarbitrary.dir/ScaleMicrogridArbitrary.cpp.o
/nopt/nrel/apps/cpu_stack/software/gridkit/llvm/16.0.6/bin/clang++ --gcc-toolchain=/nopt/nrel/apps/cpu_stack/compilers/06-24/linux-rhel8-sapphirerapids/gcc-12.3.0/gcc-13.1.0-bmut2ysomhthj6y7oyc73c3cmxye57am -Wall -Wextra -Wconversion -Wpedantic -O2 -g -DNDEBUG -Wl,-rpath,/nopt/nrel/apps/cpu_stack/compilers/06-24/linux-rhel8-sapphirerapids/gcc-12.3.0/gcc-13.1.0-bmut2ysomhthj6y7oyc73c3cmxye57am/lib/gcc/x86_64-pc-linux-gnu/13.1.0/../../../../lib64 -Wl,-rpath,/nopt/nrel/apps/cpu_stack/libraries-gcc/06-24/linux-rhel8-sapphirerapids/gcc-12.3.0/netlib-lapack-3.11.0-abk4uhd5cyrfnhh67bcdhyt6fulibezx/lib64 CMakeFiles/test_vector_handler.dir/runVectorHandlerTests.cpp.o -o test_vector_handler  -Wl,-rpath,/home/isatkaus/gridkit/build/GridKit/LinearAlgebra/Vector:/home/isatkaus/gridkit/build/GridKit/Testing:/home/isatkaus/gridkit/build/GridKit/MemoryUtilities/cpu:/home/isatkaus/gridkit/build/GridKit/Utilities/CliArgs:/home/isatkaus/gridkit/build/GridKit/Utilities/Logger: ../../../../GridKit/LinearAlgebra/Vector/libgridkit_dense_vector.so.0.1.0 ../../../../GridKit/Testing/libgridkit_testing.so.0.1.0 ../../../../GridKit/MemoryUtilities/cpu/libgridkit_cpu_backend.so.0.1.0 ../../../../GridKit/Utilities/CliArgs/libgridkit_utilities_cli_args.so.0.1.0 ../../../../GridKit/Utilities/Logger/libgridkit_utilities_logger.so.0.1.0
cd /home/isatkaus/gridkit/build/examples/PowerElectronics/DistributedGeneratorTest && /nopt/nrel/apps/cpu_stack/software/gridkit/llvm/16.0.6/bin/clang++  -I/home/isatkaus/gridkit --gcc-toolchain=/nopt/nrel/apps/cpu_stack/compilers/06-24/linux-rhel8-sapphirerapids/gcc-12.3.0/gcc-13.1.0-bmut2ysomhthj6y7oyc73c3cmxye57am -Wall -Wextra -Wconversion -Wpedantic -O2 -g -DNDEBUG -std=gnu++20 -fPIE -MD -MT examples/PowerElectronics/DistributedGeneratorTest/CMakeFiles/dgtest.dir/DGTest.cpp.o -MF CMakeFiles/dgtest.dir/DGTest.cpp.o.d -o CMakeFiles/dgtest.dir/DGTest.cpp.o -c /home/isatkaus/gridkit/examples/PowerElectronics/DistributedGeneratorTest/DGTest.cpp
cd /home/isatkaus/gridkit/build/examples/PowerElectronics/Microgrid && /nopt/nrel/apps/cpu_stack/software/gridkit/llvm/16.0.6/bin/clang++  -I/home/isatkaus/gridkit -I/home/isatkaus/gridkit/build -isystem /nopt/nrel/apps/cpu_stack/software/gridkit/sundials/develop/include -isystem /nopt/nrel/apps/cpu_stack/software/gridkit/suitesparse/7.8.2/include/suitesparse --gcc-toolchain=/nopt/nrel/apps/cpu_stack/compilers/06-24/linux-rhel8-sapphirerapids/gcc-12.3.0/gcc-13.1.0-bmut2ysomhthj6y7oyc73c3cmxye57am -Wall -Wextra -Wconversion -Wpedantic -O2 -g -DNDEBUG -std=gnu++20 -fPIE -MD -MT examples/PowerElectronics/Microgrid/CMakeFiles/microgrid.dir/Microgrid.cpp.o -MF CMakeFiles/microgrid.dir/Microgrid.cpp.o.d -o CMakeFiles/microgrid.dir/Microgrid.cpp.o -c /home/isatkaus/gridkit/examples/PowerElectronics/Microgrid/Microgrid.cpp
cd /home/isatkaus/gridkit/build/examples/PowerElectronics/ScaleMicrogrid && /nopt/nrel/apps/cpu_stack/software/gridkit/llvm/16.0.6/bin/clang++  -I/home/isatkaus/gridkit -I/home/isatkaus/gridkit/build -isystem /nopt/nrel/apps/cpu_stack/software/gridkit/sundials/develop/include -isystem /nopt/nrel/apps/cpu_stack/software/gridkit/suitesparse/7.8.2/include/suitesparse --gcc-toolchain=/nopt/nrel/apps/cpu_stack/compilers/06-24/linux-rhel8-sapphirerapids/gcc-12.3.0/gcc-13.1.0-bmut2ysomhthj6y7oyc73c3cmxye57am -Wall -Wextra -Wconversion -Wpedantic -O2 -g -DNDEBUG -std=gnu++20 -fPIE -MD -MT examples/PowerElectronics/ScaleMicrogrid/CMakeFiles/scalemicrogrid.dir/ScaleMicrogrid.cpp.o -MF CMakeFiles/scalemicrogrid.dir/ScaleMicrogrid.cpp.o.d -o CMakeFiles/scalemicrogrid.dir/ScaleMicrogrid.cpp.o -c /home/isatkaus/gridkit/examples/PowerElectronics/ScaleMicrogrid/ScaleMicrogrid.cpp
cd /home/isatkaus/gridkit/build/examples/PowerElectronics/ScaleMicrogrid && /nopt/nrel/apps/cpu_stack/software/gridkit/llvm/16.0.6/bin/clang++  -I/home/isatkaus/gridkit -I/home/isatkaus/gridkit/build -isystem /nopt/nrel/apps/cpu_stack/software/gridkit/sundials/develop/include -isystem /nopt/nrel/apps/cpu_stack/software/gridkit/suitesparse/7.8.2/include/suitesparse --gcc-toolchain=/nopt/nrel/apps/cpu_stack/compilers/06-24/linux-rhel8-sapphirerapids/gcc-12.3.0/gcc-13.1.0-bmut2ysomhthj6y7oyc73c3cmxye57am -Wall -Wextra -Wconversion -Wpedantic -O2 -g -DNDEBUG -std=gnu++20 -fPIE -MD -MT examples/PowerElectronics/ScaleMicrogrid/CMakeFiles/scalemicrogridarbitrary.dir/ScaleMicrogridArbitrary.cpp.o -MF CMakeFiles/scalemicrogridarbitrary.dir/ScaleMicrogridArbitrary.cpp.o.d -o CMakeFiles/scalemicrogridarbitrary.dir/ScaleMicrogridArbitrary.cpp.o -c /home/isatkaus/gridkit/examples/PowerElectronics/ScaleMicrogrid/ScaleMicrogridArbitrary.cpp
[ 82%] Linking CXX executable test_logger
cd /home/isatkaus/gridkit/build/tests/UnitTests/Utilities && /nopt/nrel/apps/cpu_stack/utilities/06-24/linux-rhel8-sapphirerapids/gcc-12.3.0/cmake-3.29.2-6n4msmc4aewj7wyi6b5g644vjrqyqgot/bin/cmake -E cmake_link_script CMakeFiles/test_logger.dir/link.txt --verbose=1
/nopt/nrel/apps/cpu_stack/software/gridkit/llvm/16.0.6/bin/clang++ --gcc-toolchain=/nopt/nrel/apps/cpu_stack/compilers/06-24/linux-rhel8-sapphirerapids/gcc-12.3.0/gcc-13.1.0-bmut2ysomhthj6y7oyc73c3cmxye57am -Wall -Wextra -Wconversion -Wpedantic -O2 -g -DNDEBUG -Wl,-rpath,/nopt/nrel/apps/cpu_stack/compilers/06-24/linux-rhel8-sapphirerapids/gcc-12.3.0/gcc-13.1.0-bmut2ysomhthj6y7oyc73c3cmxye57am/lib/gcc/x86_64-pc-linux-gnu/13.1.0/../../../../lib64 -Wl,-rpath,/nopt/nrel/apps/cpu_stack/libraries-gcc/06-24/linux-rhel8-sapphirerapids/gcc-12.3.0/netlib-lapack-3.11.0-abk4uhd5cyrfnhh67bcdhyt6fulibezx/lib64 CMakeFiles/test_logger.dir/runLoggerTests.cpp.o -o test_logger  -Wl,-rpath,/home/isatkaus/gridkit/build/GridKit/Testing:/home/isatkaus/gridkit/build/GridKit/Utilities/CliArgs:/home/isatkaus/gridkit/build/GridKit/Utilities/Logger: ../../../GridKit/Testing/libgridkit_testing.so.0.1.0 ../../../GridKit/Utilities/CliArgs/libgridkit_utilities_cli_args.so.0.1.0 ../../../GridKit/Utilities/Logger/libgridkit_utilities_logger.so.0.1.0
[ 82%] Linking CXX executable test_ida
[ 83%] Linking CXX executable test_phasor_bus
[ 83%] Linking CXX executable test_sparse_csr
cd /home/isatkaus/gridkit/build/tests/UnitTests/Solver/Dynamic && /nopt/nrel/apps/cpu_stack/utilities/06-24/linux-rhel8-sapphirerapids/gcc-12.3.0/cmake-3.29.2-6n4msmc4aewj7wyi6b5g644vjrqyqgot/bin/cmake -E cmake_link_script CMakeFiles/test_ida.dir/link.txt --verbose=1
[ 83%] Linking CXX executable test_dependency_tracking
/nopt/nrel/apps/cpu_stack/software/gridkit/llvm/16.0.6/bin/clang++ --gcc-toolchain=/nopt/nrel/apps/cpu_stack/compilers/06-24/linux-rhel8-sapphirerapids/gcc-12.3.0/gcc-13.1.0-bmut2ysomhthj6y7oyc73c3cmxye57am -Wall -Wextra -Wconversion -Wpedantic -O2 -g -DNDEBUG -Wl,-rpath,/nopt/nrel/apps/cpu_stack/compilers/06-24/linux-rhel8-sapphirerapids/gcc-12.3.0/gcc-13.1.0-bmut2ysomhthj6y7oyc73c3cmxye57am/lib/gcc/x86_64-pc-linux-gnu/13.1.0/../../../../lib64 -Wl,-rpath,/nopt/nrel/apps/cpu_stack/libraries-gcc/06-24/linux-rhel8-sapphirerapids/gcc-12.3.0/netlib-lapack-3.11.0-abk4uhd5cyrfnhh67bcdhyt6fulibezx/lib64 CMakeFiles/test_ida.dir/runIdaTests.cpp.o -o test_ida  -Wl,-rpath,/home/isatkaus/gridkit/build/GridKit/Solver/Dynamic:/home/isatkaus/gridkit/build/GridKit/Testing:/nopt/nrel/apps/cpu_stack/software/gridkit/sundials/develop/lib64:/nopt/nrel/apps/cpu_stack/software/gridkit/suitesparse/7.8.2/lib64:/home/isatkaus/gridkit/build/GridKit/LinearAlgebra/SparseMatrix:/home/isatkaus/gridkit/build/GridKit/LinearAlgebra/Vector:/home/isatkaus/gridkit/build/GridKit/MemoryUtilities/cpu:/home/isatkaus/gridkit/build/GridKit/Utilities/CliArgs:/home/isatkaus/gridkit/build/GridKit/Utilities/Logger: ../../../../GridKit/Solver/Dynamic/libgridkit_solvers_dyn.so.0.1.0 ../../../../GridKit/Testing/libgridkit_testing.so.0.1.0 /nopt/nrel/apps/cpu_stack/software/gridkit/sundials/develop/lib64/libsundials_nvecserial.so.7.8.0 /nopt/nrel/apps/cpu_stack/software/gridkit/sundials/develop/lib64/libsundials_idas.so.6.8.0 /nopt/nrel/apps/cpu_stack/software/gridkit/sundials/develop/lib64/libsundials_sunlinsolklu.so.5.8.0 /nopt/nrel/apps/cpu_stack/software/gridkit/sundials/develop/lib64/libsundials_sunmatrixsparse.so.5.8.0 /nopt/nrel/apps/cpu_stack/software/gridkit/sundials/develop/lib64/libsundials_core.so.7.8.0 /nopt/nrel/apps/cpu_stack/software/gridkit/suitesparse/7.8.2/lib64/libklu.so /nopt/nrel/apps/cpu_stack/software/gridkit/suitesparse/7.8.2/lib64/libamd.so /nopt/nrel/apps/cpu_stack/software/gridkit/suitesparse/7.8.2/lib64/libcolamd.so /nopt/nrel/apps/cpu_stack/software/gridkit/suitesparse/7.8.2/lib64/libbtf.so /nopt/nrel/apps/cpu_stack/software/gridkit/suitesparse/7.8.2/lib64/libsuitesparseconfig.so ../../../../GridKit/LinearAlgebra/SparseMatrix/libgridkit_sparse_matrix.so.0.1.0 ../../../../GridKit/LinearAlgebra/Vector/libgridkit_dense_vector.so.0.1.0 ../../../../GridKit/MemoryUtilities/cpu/libgridkit_cpu_backend.so.0.1.0 ../../../../GridKit/Utilities/CliArgs/libgridkit_utilities_cli_args.so.0.1.0 ../../../../GridKit/Utilities/Logger/libgridkit_utilities_logger.so.0.1.0
cd /home/isatkaus/gridkit/build/tests/UnitTests/PhasorDynamics && /nopt/nrel/apps/cpu_stack/utilities/06-24/linux-rhel8-sapphirerapids/gcc-12.3.0/cmake-3.29.2-6n4msmc4aewj7wyi6b5g644vjrqyqgot/bin/cmake -E cmake_link_script CMakeFiles/test_phasor_bus.dir/link.txt --verbose=1
cd /home/isatkaus/gridkit/build/tests/UnitTests/LinearAlgebra/SparseMatrix && /nopt/nrel/apps/cpu_stack/utilities/06-24/linux-rhel8-sapphirerapids/gcc-12.3.0/cmake-3.29.2-6n4msmc4aewj7wyi6b5g644vjrqyqgot/bin/cmake -E cmake_link_script CMakeFiles/test_sparse_csr.dir/link.txt --verbose=1
cd /home/isatkaus/gridkit/build/tests/UnitTests/AutomaticDifferentiation/DependencyTracking && /nopt/nrel/apps/cpu_stack/utilities/06-24/linux-rhel8-sapphirerapids/gcc-12.3.0/cmake-3.29.2-6n4msmc4aewj7wyi6b5g644vjrqyqgot/bin/cmake -E cmake_link_script CMakeFiles/test_dependency_tracking.dir/link.txt --verbose=1
/nopt/nrel/apps/cpu_stack/software/gridkit/llvm/16.0.6/bin/clang++ --gcc-toolchain=/nopt/nrel/apps/cpu_stack/compilers/06-24/linux-rhel8-sapphirerapids/gcc-12.3.0/gcc-13.1.0-bmut2ysomhthj6y7oyc73c3cmxye57am -Wall -Wextra -Wconversion -Wpedantic -O2 -g -DNDEBUG -Wl,-rpath,/nopt/nrel/apps/cpu_stack/compilers/06-24/linux-rhel8-sapphirerapids/gcc-12.3.0/gcc-13.1.0-bmut2ysomhthj6y7oyc73c3cmxye57am/lib/gcc/x86_64-pc-linux-gnu/13.1.0/../../../../lib64 -Wl,-rpath,/nopt/nrel/apps/cpu_stack/libraries-gcc/06-24/linux-rhel8-sapphirerapids/gcc-12.3.0/netlib-lapack-3.11.0-abk4uhd5cyrfnhh67bcdhyt6fulibezx/lib64 CMakeFiles/test_phasor_bus.dir/runBusTests.cpp.o -o test_phasor_bus  -Wl,-rpath,/home/isatkaus/gridkit/build/GridKit/Model/PhasorDynamics/Bus:/home/isatkaus/gridkit/build/GridKit/Testing:/home/isatkaus/gridkit/build/GridKit/LinearAlgebra/Vector:/home/isatkaus/gridkit/build/GridKit/LinearAlgebra/SparseMatrix:/home/isatkaus/gridkit/build/GridKit/MemoryUtilities/cpu:/home/isatkaus/gridkit/build/GridKit/Utilities/CliArgs:/home/isatkaus/gridkit/build/GridKit/Utilities/Logger: ../../../GridKit/Model/PhasorDynamics/Bus/libgridkit_phasor_dynamics_bus.so.0.1.0 ../../../GridKit/Testing/libgridkit_testing.so.0.1.0 ../../../GridKit/LinearAlgebra/Vector/libgridkit_dense_vector.so.0.1.0 ../../../GridKit/LinearAlgebra/SparseMatrix/libgridkit_sparse_matrix.so.0.1.0 ../../../GridKit/MemoryUtilities/cpu/libgridkit_cpu_backend.so.0.1.0 ../../../GridKit/Utilities/CliArgs/libgridkit_utilities_cli_args.so.0.1.0 ../../../GridKit/Utilities/Logger/libgridkit_utilities_logger.so.0.1.0
/nopt/nrel/apps/cpu_stack/software/gridkit/llvm/16.0.6/bin/clang++ --gcc-toolchain=/nopt/nrel/apps/cpu_stack/compilers/06-24/linux-rhel8-sapphirerapids/gcc-12.3.0/gcc-13.1.0-bmut2ysomhthj6y7oyc73c3cmxye57am -Wall -Wextra -Wconversion -Wpedantic -O2 -g -DNDEBUG -Wl,-rpath,/nopt/nrel/apps/cpu_stack/compilers/06-24/linux-rhel8-sapphirerapids/gcc-12.3.0/gcc-13.1.0-bmut2ysomhthj6y7oyc73c3cmxye57am/lib/gcc/x86_64-pc-linux-gnu/13.1.0/../../../../lib64 -Wl,-rpath,/nopt/nrel/apps/cpu_stack/libraries-gcc/06-24/linux-rhel8-sapphirerapids/gcc-12.3.0/netlib-lapack-3.11.0-abk4uhd5cyrfnhh67bcdhyt6fulibezx/lib64 CMakeFiles/test_sparse_csr.dir/runSparseCsrTests.cpp.o -o test_sparse_csr  -Wl,-rpath,/home/isatkaus/gridkit/build/GridKit/LinearAlgebra/SparseMatrix:/home/isatkaus/gridkit/build/GridKit/Testing:/home/isatkaus/gridkit/build/GridKit/MemoryUtilities/cpu:/home/isatkaus/gridkit/build/GridKit/Utilities/CliArgs:/home/isatkaus/gridkit/build/GridKit/Utilities/Logger: ../../../../GridKit/LinearAlgebra/SparseMatrix/libgridkit_sparse_matrix.so.0.1.0 ../../../../GridKit/Testing/libgridkit_testing.so.0.1.0 ../../../../GridKit/MemoryUtilities/cpu/libgridkit_cpu_backend.so.0.1.0 ../../../../GridKit/Utilities/CliArgs/libgridkit_utilities_cli_args.so.0.1.0 ../../../../GridKit/Utilities/Logger/libgridkit_utilities_logger.so.0.1.0
/nopt/nrel/apps/cpu_stack/software/gridkit/llvm/16.0.6/bin/clang++ --gcc-toolchain=/nopt/nrel/apps/cpu_stack/compilers/06-24/linux-rhel8-sapphirerapids/gcc-12.3.0/gcc-13.1.0-bmut2ysomhthj6y7oyc73c3cmxye57am -Wall -Wextra -Wconversion -Wpedantic -O2 -g -DNDEBUG -Wl,-rpath,/nopt/nrel/apps/cpu_stack/compilers/06-24/linux-rhel8-sapphirerapids/gcc-12.3.0/gcc-13.1.0-bmut2ysomhthj6y7oyc73c3cmxye57am/lib/gcc/x86_64-pc-linux-gnu/13.1.0/../../../../lib64 -Wl,-rpath,/nopt/nrel/apps/cpu_stack/libraries-gcc/06-24/linux-rhel8-sapphirerapids/gcc-12.3.0/netlib-lapack-3.11.0-abk4uhd5cyrfnhh67bcdhyt6fulibezx/lib64 CMakeFiles/test_dependency_tracking.dir/runDependencyTrackingTests.cpp.o -o test_dependency_tracking  -Wl,-rpath,/home/isatkaus/gridkit/build/GridKit/Model/PhasorDynamics/Bus:/home/isatkaus/gridkit/build/GridKit/Testing:/home/isatkaus/gridkit/build/GridKit/LinearAlgebra/Vector:/home/isatkaus/gridkit/build/GridKit/LinearAlgebra/SparseMatrix:/home/isatkaus/gridkit/build/GridKit/MemoryUtilities/cpu:/home/isatkaus/gridkit/build/GridKit/Utilities/CliArgs:/home/isatkaus/gridkit/build/GridKit/Utilities/Logger: ../../../../GridKit/Model/PhasorDynamics/Bus/libgridkit_phasor_dynamics_bus.so.0.1.0 ../../../../GridKit/Testing/libgridkit_testing.so.0.1.0 ../../../../GridKit/LinearAlgebra/Vector/libgridkit_dense_vector.so.0.1.0 ../../../../GridKit/LinearAlgebra/SparseMatrix/libgridkit_sparse_matrix.so.0.1.0 ../../../../GridKit/MemoryUtilities/cpu/libgridkit_cpu_backend.so.0.1.0 ../../../../GridKit/Utilities/CliArgs/libgridkit_utilities_cli_args.so.0.1.0 ../../../../GridKit/Utilities/Logger/libgridkit_utilities_logger.so.0.1.0
[ 83%] Linking CXX executable test_power_electronics_node
cd /home/isatkaus/gridkit/build/tests/UnitTests/PowerElectronics && /nopt/nrel/apps/cpu_stack/utilities/06-24/linux-rhel8-sapphirerapids/gcc-12.3.0/cmake-3.29.2-6n4msmc4aewj7wyi6b5g644vjrqyqgot/bin/cmake -E cmake_link_script CMakeFiles/test_power_electronics_node.dir/link.txt --verbose=1
/nopt/nrel/apps/cpu_stack/software/gridkit/llvm/16.0.6/bin/clang++ --gcc-toolchain=/nopt/nrel/apps/cpu_stack/compilers/06-24/linux-rhel8-sapphirerapids/gcc-12.3.0/gcc-13.1.0-bmut2ysomhthj6y7oyc73c3cmxye57am -Wall -Wextra -Wconversion -Wpedantic -O2 -g -DNDEBUG -Wl,-rpath,/nopt/nrel/apps/cpu_stack/compilers/06-24/linux-rhel8-sapphirerapids/gcc-12.3.0/gcc-13.1.0-bmut2ysomhthj6y7oyc73c3cmxye57am/lib/gcc/x86_64-pc-linux-gnu/13.1.0/../../../../lib64 -Wl,-rpath,/nopt/nrel/apps/cpu_stack/libraries-gcc/06-24/linux-rhel8-sapphirerapids/gcc-12.3.0/netlib-lapack-3.11.0-abk4uhd5cyrfnhh67bcdhyt6fulibezx/lib64 CMakeFiles/test_power_electronics_node.dir/runCircuitNodeTests.cpp.o -o test_power_electronics_node  -Wl,-rpath,/home/isatkaus/gridkit/build/GridKit/Testing:/home/isatkaus/gridkit/build/GridKit/LinearAlgebra/Vector:/home/isatkaus/gridkit/build/GridKit/MemoryUtilities/cpu:/home/isatkaus/gridkit/build/GridKit/Utilities/CliArgs:/home/isatkaus/gridkit/build/GridKit/Utilities/Logger: ../../../GridKit/Testing/libgridkit_testing.so.0.1.0 ../../../GridKit/LinearAlgebra/Vector/libgridkit_dense_vector.so.0.1.0 ../../../GridKit/MemoryUtilities/cpu/libgridkit_cpu_backend.so.0.1.0 ../../../GridKit/Utilities/CliArgs/libgridkit_utilities_cli_args.so.0.1.0 ../../../GridKit/Utilities/Logger/libgridkit_utilities_logger.so.0.1.0
[ 83%] Linking CXX executable test_phasor_bustosignaladapter
cd /home/isatkaus/gridkit/build/tests/UnitTests/PhasorDynamics && /nopt/nrel/apps/cpu_stack/utilities/06-24/linux-rhel8-sapphirerapids/gcc-12.3.0/cmake-3.29.2-6n4msmc4aewj7wyi6b5g644vjrqyqgot/bin/cmake -E cmake_link_script CMakeFiles/test_phasor_bustosignaladapter.dir/link.txt --verbose=1
/nopt/nrel/apps/cpu_stack/software/gridkit/llvm/16.0.6/bin/clang++ --gcc-toolchain=/nopt/nrel/apps/cpu_stack/compilers/06-24/linux-rhel8-sapphirerapids/gcc-12.3.0/gcc-13.1.0-bmut2ysomhthj6y7oyc73c3cmxye57am -Wall -Wextra -Wconversion -Wpedantic -O2 -g -DNDEBUG -Wl,-rpath,/nopt/nrel/apps/cpu_stack/compilers/06-24/linux-rhel8-sapphirerapids/gcc-12.3.0/gcc-13.1.0-bmut2ysomhthj6y7oyc73c3cmxye57am/lib/gcc/x86_64-pc-linux-gnu/13.1.0/../../../../lib64 -Wl,-rpath,/nopt/nrel/apps/cpu_stack/libraries-gcc/06-24/linux-rhel8-sapphirerapids/gcc-12.3.0/netlib-lapack-3.11.0-abk4uhd5cyrfnhh67bcdhyt6fulibezx/lib64 CMakeFiles/test_phasor_bustosignaladapter.dir/runBusToSignalAdapterTests.cpp.o -o test_phasor_bustosignaladapter  -Wl,-rpath,/home/isatkaus/gridkit/build/GridKit/Model/PhasorDynamics/Bus:/home/isatkaus/gridkit/build/GridKit/Model/PhasorDynamics/BusToSignalAdapter:/home/isatkaus/gridkit/build/GridKit/Testing:/home/isatkaus/gridkit/build/GridKit/Model/PhasorDynamics/SignalNode:/home/isatkaus/gridkit/build/GridKit/LinearAlgebra/Vector:/home/isatkaus/gridkit/build/GridKit/LinearAlgebra/SparseMatrix:/home/isatkaus/gridkit/build/GridKit/MemoryUtilities/cpu:/home/isatkaus/gridkit/build/GridKit/Utilities/CliArgs:/home/isatkaus/gridkit/build/GridKit/Utilities/Logger: ../../../GridKit/Model/PhasorDynamics/Bus/libgridkit_phasor_dynamics_bus.so.0.1.0 ../../../GridKit/Model/PhasorDynamics/Bus/libgridkit_phasor_dynamics_bus_dependency_tracking.so.0.1.0 ../../../GridKit/Model/PhasorDynamics/BusToSignalAdapter/libgridkit_phasor_dynamics_bustosignaladapter.so.0.1.0 ../../../GridKit/Model/PhasorDynamics/BusToSignalAdapter/libgridkit_phasor_dynamics_bustosignaladapter_dependency_tracking.so.0.1.0 ../../../GridKit/Testing/libgridkit_testing.so.0.1.0 ../../../GridKit/Model/PhasorDynamics/SignalNode/libgridkit_phasor_dynamics_signal.so.0.1.0 ../../../GridKit/LinearAlgebra/Vector/libgridkit_dense_vector.so.0.1.0 ../../../GridKit/LinearAlgebra/SparseMatrix/libgridkit_sparse_matrix.so.0.1.0 ../../../GridKit/MemoryUtilities/cpu/libgridkit_cpu_backend.so.0.1.0 ../../../GridKit/Model/PhasorDynamics/SignalNode/libgridkit_phasor_dynamics_signal_dependency_tracking.so.0.1.0 ../../../GridKit/Utilities/CliArgs/libgridkit_utilities_cli_args.so.0.1.0 ../../../GridKit/Utilities/Logger/libgridkit_utilities_logger.so.0.1.0
[ 83%] Linking CXX shared library libgridkit_phasor_dynamics_genrou_dependency_tracking.so
cd /home/isatkaus/gridkit/build/GridKit/Model/PhasorDynamics/SynchronousMachine/GENROU && /nopt/nrel/apps/cpu_stack/utilities/06-24/linux-rhel8-sapphirerapids/gcc-12.3.0/cmake-3.29.2-6n4msmc4aewj7wyi6b5g644vjrqyqgot/bin/cmake -E cmake_link_script CMakeFiles/phasor_dynamics_genrou_dependency_tracking.dir/link.txt --verbose=1
/nopt/nrel/apps/cpu_stack/software/gridkit/llvm/16.0.6/bin/clang++ -fPIC --gcc-toolchain=/nopt/nrel/apps/cpu_stack/compilers/06-24/linux-rhel8-sapphirerapids/gcc-12.3.0/gcc-13.1.0-bmut2ysomhthj6y7oyc73c3cmxye57am -Wall -Wextra -Wconversion -Wpedantic -O2 -g -DNDEBUG -Wl,-rpath,/nopt/nrel/apps/cpu_stack/compilers/06-24/linux-rhel8-sapphirerapids/gcc-12.3.0/gcc-13.1.0-bmut2ysomhthj6y7oyc73c3cmxye57am/lib/gcc/x86_64-pc-linux-gnu/13.1.0/../../../../lib64 -Wl,-rpath,/nopt/nrel/apps/cpu_stack/libraries-gcc/06-24/linux-rhel8-sapphirerapids/gcc-12.3.0/netlib-lapack-3.11.0-abk4uhd5cyrfnhh67bcdhyt6fulibezx/lib64 -shared -Wl,-soname,libgridkit_phasor_dynamics_genrou_dependency_tracking.so.0 -o libgridkit_phasor_dynamics_genrou_dependency_tracking.so.0.1.0 CMakeFiles/phasor_dynamics_genrou_dependency_tracking.dir/GenrouDependencyTracking.cpp.o  -Wl,-rpath,/home/isatkaus/gridkit/build/GridKit/Model/PhasorDynamics/SignalNode:/home/isatkaus/gridkit/build/GridKit/LinearAlgebra/Vector:/home/isatkaus/gridkit/build/GridKit/LinearAlgebra/SparseMatrix:/home/isatkaus/gridkit/build/GridKit/Utilities/Logger:/home/isatkaus/gridkit/build/GridKit/MemoryUtilities/cpu: ../../SignalNode/libgridkit_phasor_dynamics_signal_dependency_tracking.so.0.1.0 ../../../../LinearAlgebra/Vector/libgridkit_dense_vector.so.0.1.0 ../../../../LinearAlgebra/SparseMatrix/libgridkit_sparse_matrix.so.0.1.0 ../../../../Utilities/Logger/libgridkit_utilities_logger.so.0.1.0 ../../../../MemoryUtilities/cpu/libgridkit_cpu_backend.so.0.1.0
[ 83%] Linking CXX executable test_cli_args
cd /home/isatkaus/gridkit/build/tests/UnitTests/Utilities && /nopt/nrel/apps/cpu_stack/utilities/06-24/linux-rhel8-sapphirerapids/gcc-12.3.0/cmake-3.29.2-6n4msmc4aewj7wyi6b5g644vjrqyqgot/bin/cmake -E cmake_link_script CMakeFiles/test_cli_args.dir/link.txt --verbose=1
cd /home/isatkaus/gridkit/build/GridKit/Solver/Optimization && /nopt/nrel/apps/cpu_stack/utilities/06-24/linux-rhel8-sapphirerapids/gcc-12.3.0/cmake-3.29.2-6n4msmc4aewj7wyi6b5g644vjrqyqgot/bin/cmake -E cmake_symlink_library libgridkit_solvers_opt.so.0.1.0 libgridkit_solvers_opt.so.0 libgridkit_solvers_opt.so
cd /home/isatkaus/gridkit/build/GridKit/Model/PhasorDynamics/Exciter/ESDC1A && /nopt/nrel/apps/cpu_stack/utilities/06-24/linux-rhel8-sapphirerapids/gcc-12.3.0/cmake-3.29.2-6n4msmc4aewj7wyi6b5g644vjrqyqgot/bin/cmake -E cmake_symlink_library libgridkit_phasor_dynamics_exciter_esdc1a_dependency_tracking.so.0.1.0 libgridkit_phasor_dynamics_exciter_esdc1a_dependency_tracking.so.0 libgridkit_phasor_dynamics_exciter_esdc1a_dependency_tracking.so
/nopt/nrel/apps/cpu_stack/software/gridkit/llvm/16.0.6/bin/clang++ --gcc-toolchain=/nopt/nrel/apps/cpu_stack/compilers/06-24/linux-rhel8-sapphirerapids/gcc-12.3.0/gcc-13.1.0-bmut2ysomhthj6y7oyc73c3cmxye57am -Wall -Wextra -Wconversion -Wpedantic -O2 -g -DNDEBUG -Wl,-rpath,/nopt/nrel/apps/cpu_stack/compilers/06-24/linux-rhel8-sapphirerapids/gcc-12.3.0/gcc-13.1.0-bmut2ysomhthj6y7oyc73c3cmxye57am/lib/gcc/x86_64-pc-linux-gnu/13.1.0/../../../../lib64 -Wl,-rpath,/nopt/nrel/apps/cpu_stack/libraries-gcc/06-24/linux-rhel8-sapphirerapids/gcc-12.3.0/netlib-lapack-3.11.0-abk4uhd5cyrfnhh67bcdhyt6fulibezx/lib64 CMakeFiles/test_cli_args.dir/runCliArgsTests.cpp.o -o test_cli_args  -Wl,-rpath,/home/isatkaus/gridkit/build/GridKit/Testing:/home/isatkaus/gridkit/build/GridKit/Utilities/CliArgs:/home/isatkaus/gridkit/build/GridKit/Utilities/Logger: ../../../GridKit/Testing/libgridkit_testing.so.0.1.0 ../../../GridKit/Utilities/CliArgs/libgridkit_utilities_cli_args.so.0.1.0 ../../../GridKit/Utilities/Logger/libgridkit_utilities_logger.so.0.1.0
make[2]: Leaving directory '/home/isatkaus/gridkit/build'
make[2]: Leaving directory '/home/isatkaus/gridkit/build'
[ 83%] Built target solvers_opt
[ 83%] Built target phasor_dynamics_exciter_esdc1a_dependency_tracking
cd /home/isatkaus/gridkit/build/GridKit/Model/PhasorDynamics/SynchronousMachine/GENSAL && /nopt/nrel/apps/cpu_stack/utilities/06-24/linux-rhel8-sapphirerapids/gcc-12.3.0/cmake-3.29.2-6n4msmc4aewj7wyi6b5g644vjrqyqgot/bin/cmake -E cmake_symlink_library libgridkit_phasor_dynamics_gensal_dependency_tracking.so.0.1.0 libgridkit_phasor_dynamics_gensal_dependency_tracking.so.0 libgridkit_phasor_dynamics_gensal_dependency_tracking.so
make  -f examples/Experimental/DynamicConstrainedOpt/CMakeFiles/dynconopt.dir/build.make examples/Experimental/DynamicConstrainedOpt/CMakeFiles/dynconopt.dir/depend
make  -f examples/Experimental/GenConstLoad/CMakeFiles/genconstload.dir/build.make examples/Experimental/GenConstLoad/CMakeFiles/genconstload.dir/depend
make  -f examples/Experimental/GenInfiniteBus/CMakeFiles/geninfbus.dir/build.make examples/Experimental/GenInfiniteBus/CMakeFiles/geninfbus.dir/depend
make  -f examples/Experimental/ParameterEstimation/CMakeFiles/paramest.dir/build.make examples/Experimental/ParameterEstimation/CMakeFiles/paramest.dir/depend
make  -f tests/UnitTests/PhasorDynamics/CMakeFiles/test_phasor_exciter_esdc1a.dir/build.make tests/UnitTests/PhasorDynamics/CMakeFiles/test_phasor_exciter_esdc1a.dir/depend
make[2]: Entering directory '/home/isatkaus/gridkit/build'
cd /home/isatkaus/gridkit/build && /nopt/nrel/apps/cpu_stack/utilities/06-24/linux-rhel8-sapphirerapids/gcc-12.3.0/cmake-3.29.2-6n4msmc4aewj7wyi6b5g644vjrqyqgot/bin/cmake -E cmake_depends "Unix Makefiles" /home/isatkaus/gridkit /home/isatkaus/gridkit/examples/Experimental/DynamicConstrainedOpt /home/isatkaus/gridkit/build /home/isatkaus/gridkit/build/examples/Experimental/DynamicConstrainedOpt /home/isatkaus/gridkit/build/examples/Experimental/DynamicConstrainedOpt/CMakeFiles/dynconopt.dir/DependInfo.cmake "--color="
make[2]: Entering directory '/home/isatkaus/gridkit/build'
cd /home/isatkaus/gridkit/build && /nopt/nrel/apps/cpu_stack/utilities/06-24/linux-rhel8-sapphirerapids/gcc-12.3.0/cmake-3.29.2-6n4msmc4aewj7wyi6b5g644vjrqyqgot/bin/cmake -E cmake_depends "Unix Makefiles" /home/isatkaus/gridkit /home/isatkaus/gridkit/examples/Experimental/GenConstLoad /home/isatkaus/gridkit/build /home/isatkaus/gridkit/build/examples/Experimental/GenConstLoad /home/isatkaus/gridkit/build/examples/Experimental/GenConstLoad/CMakeFiles/genconstload.dir/DependInfo.cmake "--color="
make[2]: Entering directory '/home/isatkaus/gridkit/build'
cd /home/isatkaus/gridkit/build && /nopt/nrel/apps/cpu_stack/utilities/06-24/linux-rhel8-sapphirerapids/gcc-12.3.0/cmake-3.29.2-6n4msmc4aewj7wyi6b5g644vjrqyqgot/bin/cmake -E cmake_depends "Unix Makefiles" /home/isatkaus/gridkit /home/isatkaus/gridkit/tests/UnitTests/PhasorDynamics /home/isatkaus/gridkit/build /home/isatkaus/gridkit/build/tests/UnitTests/PhasorDynamics /home/isatkaus/gridkit/build/tests/UnitTests/PhasorDynamics/CMakeFiles/test_phasor_exciter_esdc1a.dir/DependInfo.cmake "--color="
make[2]: Entering directory '/home/isatkaus/gridkit/build'
cd /home/isatkaus/gridkit/build && /nopt/nrel/apps/cpu_stack/utilities/06-24/linux-rhel8-sapphirerapids/gcc-12.3.0/cmake-3.29.2-6n4msmc4aewj7wyi6b5g644vjrqyqgot/bin/cmake -E cmake_depends "Unix Makefiles" /home/isatkaus/gridkit /home/isatkaus/gridkit/examples/Experimental/ParameterEstimation /home/isatkaus/gridkit/build /home/isatkaus/gridkit/build/examples/Experimental/ParameterEstimation /home/isatkaus/gridkit/build/examples/Experimental/ParameterEstimation/CMakeFiles/paramest.dir/DependInfo.cmake "--color="
make[2]: Entering directory '/home/isatkaus/gridkit/build'
cd /home/isatkaus/gridkit/build && /nopt/nrel/apps/cpu_stack/utilities/06-24/linux-rhel8-sapphirerapids/gcc-12.3.0/cmake-3.29.2-6n4msmc4aewj7wyi6b5g644vjrqyqgot/bin/cmake -E cmake_depends "Unix Makefiles" /home/isatkaus/gridkit /home/isatkaus/gridkit/examples/Experimental/GenInfiniteBus /home/isatkaus/gridkit/build /home/isatkaus/gridkit/build/examples/Experimental/GenInfiniteBus /home/isatkaus/gridkit/build/examples/Experimental/GenInfiniteBus/CMakeFiles/geninfbus.dir/DependInfo.cmake "--color="
make[2]: Leaving directory '/home/isatkaus/gridkit/build'
make  -f examples/Experimental/DynamicConstrainedOpt/CMakeFiles/dynconopt.dir/build.make examples/Experimental/DynamicConstrainedOpt/CMakeFiles/dynconopt.dir/build
make[2]: Leaving directory '/home/isatkaus/gridkit/build'
make  -f examples/Experimental/GenConstLoad/CMakeFiles/genconstload.dir/build.make examples/Experimental/GenConstLoad/CMakeFiles/genconstload.dir/build
make[2]: Leaving directory '/home/isatkaus/gridkit/build'
make[2]: Leaving directory '/home/isatkaus/gridkit/build'
make[2]: Entering directory '/home/isatkaus/gridkit/build'
make[2]: Leaving directory '/home/isatkaus/gridkit/build'
make  -f examples/Experimental/GenInfiniteBus/CMakeFiles/geninfbus.dir/build.make examples/Experimental/GenInfiniteBus/CMakeFiles/geninfbus.dir/build
make  -f examples/Experimental/ParameterEstimation/CMakeFiles/paramest.dir/build.make examples/Experimental/ParameterEstimation/CMakeFiles/paramest.dir/build
make  -f tests/UnitTests/PhasorDynamics/CMakeFiles/test_phasor_exciter_esdc1a.dir/build.make tests/UnitTests/PhasorDynamics/CMakeFiles/test_phasor_exciter_esdc1a.dir/build
make[2]: Leaving directory '/home/isatkaus/gridkit/build'
make[2]: Entering directory '/home/isatkaus/gridkit/build'
make[2]: Entering directory '/home/isatkaus/gridkit/build'
make[2]: Entering directory '/home/isatkaus/gridkit/build'
make[2]: Entering directory '/home/isatkaus/gridkit/build'
[ 83%] Building CXX object examples/Experimental/DynamicConstrainedOpt/CMakeFiles/dynconopt.dir/DynamicConstrainedOpt.cpp.o
[ 83%] Built target phasor_dynamics_gensal_dependency_tracking
[ 84%] Building CXX object examples/Experimental/GenConstLoad/CMakeFiles/genconstload.dir/GenConstLoad.cpp.o
[ 84%] Building CXX object examples/Experimental/GenInfiniteBus/CMakeFiles/geninfbus.dir/GenInfiniteBus.cpp.o
[ 84%] Building CXX object tests/UnitTests/PhasorDynamics/CMakeFiles/test_phasor_exciter_esdc1a.dir/runExciterEsdc1aTests.cpp.o
[ 85%] Building CXX object examples/Experimental/ParameterEstimation/CMakeFiles/paramest.dir/ParameterEstimation.cpp.o
make[2]: Leaving directory '/home/isatkaus/gridkit/build'
cd /home/isatkaus/gridkit/build/examples/Experimental/DynamicConstrainedOpt && /nopt/nrel/apps/cpu_stack/software/gridkit/llvm/16.0.6/bin/clang++  -I/home/isatkaus/gridkit -I/home/isatkaus/gridkit/build -isystem /nopt/nrel/apps/cpu_stack/software/gridkit/sundials/develop/include -isystem /nopt/nrel/apps/cpu_stack/software/gridkit/suitesparse/7.8.2/include/suitesparse -isystem /nopt/nrel/apps/cpu_stack/software/gridkit/ipopt/3.14.14/include/coin-or --gcc-toolchain=/nopt/nrel/apps/cpu_stack/compilers/06-24/linux-rhel8-sapphirerapids/gcc-12.3.0/gcc-13.1.0-bmut2ysomhthj6y7oyc73c3cmxye57am -Wall -Wextra -Wconversion -Wpedantic -O2 -g -DNDEBUG -std=gnu++20 -fPIE -MD -MT examples/Experimental/DynamicConstrainedOpt/CMakeFiles/dynconopt.dir/DynamicConstrainedOpt.cpp.o -MF CMakeFiles/dynconopt.dir/DynamicConstrainedOpt.cpp.o.d -o CMakeFiles/dynconopt.dir/DynamicConstrainedOpt.cpp.o -c /home/isatkaus/gridkit/examples/Experimental/DynamicConstrainedOpt/DynamicConstrainedOpt.cpp
[ 85%] Built target test_sparse_coo
make  -f tests/UnitTests/PhasorDynamics/CMakeFiles/test_phasor_gensal.dir/build.make tests/UnitTests/PhasorDynamics/CMakeFiles/test_phasor_gensal.dir/depend
cd /home/isatkaus/gridkit/build/tests/UnitTests/PhasorDynamics && /nopt/nrel/apps/cpu_stack/software/gridkit/llvm/16.0.6/bin/clang++  -I/home/isatkaus/gridkit/build -I/home/isatkaus/gridkit --gcc-toolchain=/nopt/nrel/apps/cpu_stack/compilers/06-24/linux-rhel8-sapphirerapids/gcc-12.3.0/gcc-13.1.0-bmut2ysomhthj6y7oyc73c3cmxye57am -Wall -Wextra -Wconversion -Wpedantic -O2 -g -DNDEBUG -std=gnu++20 -fPIE -MD -MT tests/UnitTests/PhasorDynamics/CMakeFiles/test_phasor_exciter_esdc1a.dir/runExciterEsdc1aTests.cpp.o -MF CMakeFiles/test_phasor_exciter_esdc1a.dir/runExciterEsdc1aTests.cpp.o.d -o CMakeFiles/test_phasor_exciter_esdc1a.dir/runExciterEsdc1aTests.cpp.o -c /home/isatkaus/gridkit/tests/UnitTests/PhasorDynamics/runExciterEsdc1aTests.cpp
cd /home/isatkaus/gridkit/build/examples/Experimental/GenConstLoad && /nopt/nrel/apps/cpu_stack/software/gridkit/llvm/16.0.6/bin/clang++  -I/home/isatkaus/gridkit -I/home/isatkaus/gridkit/build -isystem /nopt/nrel/apps/cpu_stack/software/gridkit/sundials/develop/include -isystem /nopt/nrel/apps/cpu_stack/software/gridkit/suitesparse/7.8.2/include/suitesparse -isystem /nopt/nrel/apps/cpu_stack/software/gridkit/ipopt/3.14.14/include/coin-or --gcc-toolchain=/nopt/nrel/apps/cpu_stack/compilers/06-24/linux-rhel8-sapphirerapids/gcc-12.3.0/gcc-13.1.0-bmut2ysomhthj6y7oyc73c3cmxye57am -Wall -Wextra -Wconversion -Wpedantic -O2 -g -DNDEBUG -std=gnu++20 -fPIE -MD -MT examples/Experimental/GenConstLoad/CMakeFiles/genconstload.dir/GenConstLoad.cpp.o -MF CMakeFiles/genconstload.dir/GenConstLoad.cpp.o.d -o CMakeFiles/genconstload.dir/GenConstLoad.cpp.o -c /home/isatkaus/gridkit/examples/Experimental/GenConstLoad/GenConstLoad.cpp
cd /home/isatkaus/gridkit/build/examples/Experimental/GenInfiniteBus && /nopt/nrel/apps/cpu_stack/software/gridkit/llvm/16.0.6/bin/clang++  -I/home/isatkaus/gridkit -I/home/isatkaus/gridkit/build -isystem /nopt/nrel/apps/cpu_stack/software/gridkit/ipopt/3.14.14/include/coin-or -isystem /nopt/nrel/apps/cpu_stack/software/gridkit/sundials/develop/include -isystem /nopt/nrel/apps/cpu_stack/software/gridkit/suitesparse/7.8.2/include/suitesparse --gcc-toolchain=/nopt/nrel/apps/cpu_stack/compilers/06-24/linux-rhel8-sapphirerapids/gcc-12.3.0/gcc-13.1.0-bmut2ysomhthj6y7oyc73c3cmxye57am -Wall -Wextra -Wconversion -Wpedantic -O2 -g -DNDEBUG -std=gnu++20 -fPIE -MD -MT examples/Experimental/GenInfiniteBus/CMakeFiles/geninfbus.dir/GenInfiniteBus.cpp.o -MF CMakeFiles/geninfbus.dir/GenInfiniteBus.cpp.o.d -o CMakeFiles/geninfbus.dir/GenInfiniteBus.cpp.o -c /home/isatkaus/gridkit/examples/Experimental/GenInfiniteBus/GenInfiniteBus.cpp
cd /home/isatkaus/gridkit/build/examples/Experimental/ParameterEstimation && /nopt/nrel/apps/cpu_stack/software/gridkit/llvm/16.0.6/bin/clang++  -I/home/isatkaus/gridkit -I/home/isatkaus/gridkit/build -isystem /nopt/nrel/apps/cpu_stack/software/gridkit/ipopt/3.14.14/include/coin-or -isystem /nopt/nrel/apps/cpu_stack/software/gridkit/sundials/develop/include -isystem /nopt/nrel/apps/cpu_stack/software/gridkit/suitesparse/7.8.2/include/suitesparse --gcc-toolchain=/nopt/nrel/apps/cpu_stack/compilers/06-24/linux-rhel8-sapphirerapids/gcc-12.3.0/gcc-13.1.0-bmut2ysomhthj6y7oyc73c3cmxye57am -Wall -Wextra -Wconversion -Wpedantic -O2 -g -DNDEBUG -std=gnu++20 -fPIE -MD -MT examples/Experimental/ParameterEstimation/CMakeFiles/paramest.dir/ParameterEstimation.cpp.o -MF CMakeFiles/paramest.dir/ParameterEstimation.cpp.o.d -o CMakeFiles/paramest.dir/ParameterEstimation.cpp.o -c /home/isatkaus/gridkit/examples/Experimental/ParameterEstimation/ParameterEstimation.cpp
make[2]: Entering directory '/home/isatkaus/gridkit/build'
cd /home/isatkaus/gridkit/build && /nopt/nrel/apps/cpu_stack/utilities/06-24/linux-rhel8-sapphirerapids/gcc-12.3.0/cmake-3.29.2-6n4msmc4aewj7wyi6b5g644vjrqyqgot/bin/cmake -E cmake_depends "Unix Makefiles" /home/isatkaus/gridkit /home/isatkaus/gridkit/tests/UnitTests/PhasorDynamics /home/isatkaus/gridkit/build /home/isatkaus/gridkit/build/tests/UnitTests/PhasorDynamics /home/isatkaus/gridkit/build/tests/UnitTests/PhasorDynamics/CMakeFiles/test_phasor_gensal.dir/DependInfo.cmake "--color="
make[2]: Leaving directory '/home/isatkaus/gridkit/build'
make  -f tests/UnitTests/PhasorDynamics/CMakeFiles/test_phasor_gensal.dir/build.make tests/UnitTests/PhasorDynamics/CMakeFiles/test_phasor_gensal.dir/build
make[2]: Entering directory '/home/isatkaus/gridkit/build'
[ 85%] Building CXX object tests/UnitTests/PhasorDynamics/CMakeFiles/test_phasor_gensal.dir/runGensalTests.cpp.o
cd /home/isatkaus/gridkit/build/tests/UnitTests/PhasorDynamics && /nopt/nrel/apps/cpu_stack/software/gridkit/llvm/16.0.6/bin/clang++  -I/home/isatkaus/gridkit/build -I/home/isatkaus/gridkit --gcc-toolchain=/nopt/nrel/apps/cpu_stack/compilers/06-24/linux-rhel8-sapphirerapids/gcc-12.3.0/gcc-13.1.0-bmut2ysomhthj6y7oyc73c3cmxye57am -Wall -Wextra -Wconversion -Wpedantic -O2 -g -DNDEBUG -std=gnu++20 -fPIE -MD -MT tests/UnitTests/PhasorDynamics/CMakeFiles/test_phasor_gensal.dir/runGensalTests.cpp.o -MF CMakeFiles/test_phasor_gensal.dir/runGensalTests.cpp.o.d -o CMakeFiles/test_phasor_gensal.dir/runGensalTests.cpp.o -c /home/isatkaus/gridkit/tests/UnitTests/PhasorDynamics/runGensalTests.cpp
make[2]: Leaving directory '/home/isatkaus/gridkit/build'
[ 85%] Built target adjoint
make[2]: Leaving directory '/home/isatkaus/gridkit/build'
[ 85%] Built target test_math_smoothness_indicator
make[2]: Leaving directory '/home/isatkaus/gridkit/build'
make[2]: Leaving directory '/home/isatkaus/gridkit/build'
[ 85%] Built target test_vector
[ 85%] Built target rlcircuit
make[2]: Leaving directory '/home/isatkaus/gridkit/build'
[ 85%] Built target test_enzyme
make[2]: Leaving directory '/home/isatkaus/gridkit/build'
make[2]: Leaving directory '/home/isatkaus/gridkit/build'
[ 85%] Built target test_vector_handler
[ 85%] Built target test_logger
[ 85%] Linking CXX executable test_phasor_bus_fault
make[2]: Leaving directory '/home/isatkaus/gridkit/build'
make[2]: Leaving directory '/home/isatkaus/gridkit/build'
make[2]: Leaving directory '/home/isatkaus/gridkit/build'
[ 85%] Built target test_ida
make[2]: Leaving directory '/home/isatkaus/gridkit/build'
cd /home/isatkaus/gridkit/build/tests/UnitTests/PhasorDynamics && /nopt/nrel/apps/cpu_stack/utilities/06-24/linux-rhel8-sapphirerapids/gcc-12.3.0/cmake-3.29.2-6n4msmc4aewj7wyi6b5g644vjrqyqgot/bin/cmake -E cmake_link_script CMakeFiles/test_phasor_bus_fault.dir/link.txt --verbose=1
make[2]: Leaving directory '/home/isatkaus/gridkit/build'
[ 85%] Built target test_sparse_csr
[ 85%] Built target test_phasor_bus
[ 85%] Built target test_dependency_tracking
/nopt/nrel/apps/cpu_stack/software/gridkit/llvm/16.0.6/bin/clang++ --gcc-toolchain=/nopt/nrel/apps/cpu_stack/compilers/06-24/linux-rhel8-sapphirerapids/gcc-12.3.0/gcc-13.1.0-bmut2ysomhthj6y7oyc73c3cmxye57am -Wall -Wextra -Wconversion -Wpedantic -O2 -g -DNDEBUG -Wl,-rpath,/nopt/nrel/apps/cpu_stack/compilers/06-24/linux-rhel8-sapphirerapids/gcc-12.3.0/gcc-13.1.0-bmut2ysomhthj6y7oyc73c3cmxye57am/lib/gcc/x86_64-pc-linux-gnu/13.1.0/../../../../lib64 -Wl,-rpath,/nopt/nrel/apps/cpu_stack/libraries-gcc/06-24/linux-rhel8-sapphirerapids/gcc-12.3.0/netlib-lapack-3.11.0-abk4uhd5cyrfnhh67bcdhyt6fulibezx/lib64 CMakeFiles/test_phasor_bus_fault.dir/runBusFaultTests.cpp.o -o test_phasor_bus_fault  -Wl,-rpath,/home/isatkaus/gridkit/build/GridKit/Model/PhasorDynamics/BusFault:/home/isatkaus/gridkit/build/GridKit/Model/PhasorDynamics/Bus:/home/isatkaus/gridkit/build/GridKit/Testing:/home/isatkaus/gridkit/build/GridKit/LinearAlgebra/Vector:/home/isatkaus/gridkit/build/GridKit/LinearAlgebra/SparseMatrix:/home/isatkaus/gridkit/build/GridKit/MemoryUtilities/cpu:/home/isatkaus/gridkit/build/GridKit/Utilities/CliArgs:/home/isatkaus/gridkit/build/GridKit/Utilities/Logger: ../../../GridKit/Model/PhasorDynamics/BusFault/libgridkit_phasor_dynamics_bus_fault.so.0.1.0 ../../../GridKit/Model/PhasorDynamics/BusFault/libgridkit_phasor_dynamics_bus_fault_dependency_tracking.so.0.1.0 ../../../GridKit/Model/PhasorDynamics/Bus/libgridkit_phasor_dynamics_bus.so.0.1.0 ../../../GridKit/Model/PhasorDynamics/Bus/libgridkit_phasor_dynamics_bus_dependency_tracking.so.0.1.0 ../../../GridKit/Testing/libgridkit_testing.so.0.1.0 ../../../GridKit/LinearAlgebra/Vector/libgridkit_dense_vector.so.0.1.0 ../../../GridKit/LinearAlgebra/SparseMatrix/libgridkit_sparse_matrix.so.0.1.0 ../../../GridKit/MemoryUtilities/cpu/libgridkit_cpu_backend.so.0.1.0 ../../../GridKit/Utilities/CliArgs/libgridkit_utilities_cli_args.so.0.1.0 ../../../GridKit/Utilities/Logger/libgridkit_utilities_logger.so.0.1.0
[ 85%] Built target test_power_electronics_node
make[2]: Leaving directory '/home/isatkaus/gridkit/build'
[ 85%] Built target test_phasor_bustosignaladapter
cd /home/isatkaus/gridkit/build/GridKit/Model/PhasorDynamics/SynchronousMachine/GENROU && /nopt/nrel/apps/cpu_stack/utilities/06-24/linux-rhel8-sapphirerapids/gcc-12.3.0/cmake-3.29.2-6n4msmc4aewj7wyi6b5g644vjrqyqgot/bin/cmake -E cmake_symlink_library libgridkit_phasor_dynamics_genrou_dependency_tracking.so.0.1.0 libgridkit_phasor_dynamics_genrou_dependency_tracking.so.0 libgridkit_phasor_dynamics_genrou_dependency_tracking.so
make[2]: Leaving directory '/home/isatkaus/gridkit/build'
[ 85%] Built target test_cli_args
make[2]: Leaving directory '/home/isatkaus/gridkit/build'
[ 85%] Built target phasor_dynamics_genrou_dependency_tracking
make  -f tests/UnitTests/PhasorDynamics/CMakeFiles/test_phasor_genrou.dir/build.make tests/UnitTests/PhasorDynamics/CMakeFiles/test_phasor_genrou.dir/depend
make  -f tests/UnitTests/PhasorDynamics/CMakeFiles/test_phasor_governor_tgov1.dir/build.make tests/UnitTests/PhasorDynamics/CMakeFiles/test_phasor_governor_tgov1.dir/depend
make[2]: Entering directory '/home/isatkaus/gridkit/build'
cd /home/isatkaus/gridkit/build && /nopt/nrel/apps/cpu_stack/utilities/06-24/linux-rhel8-sapphirerapids/gcc-12.3.0/cmake-3.29.2-6n4msmc4aewj7wyi6b5g644vjrqyqgot/bin/cmake -E cmake_depends "Unix Makefiles" /home/isatkaus/gridkit /home/isatkaus/gridkit/tests/UnitTests/PhasorDynamics /home/isatkaus/gridkit/build /home/isatkaus/gridkit/build/tests/UnitTests/PhasorDynamics /home/isatkaus/gridkit/build/tests/UnitTests/PhasorDynamics/CMakeFiles/test_phasor_governor_tgov1.dir/DependInfo.cmake "--color="
make[2]: Entering directory '/home/isatkaus/gridkit/build'
cd /home/isatkaus/gridkit/build && /nopt/nrel/apps/cpu_stack/utilities/06-24/linux-rhel8-sapphirerapids/gcc-12.3.0/cmake-3.29.2-6n4msmc4aewj7wyi6b5g644vjrqyqgot/bin/cmake -E cmake_depends "Unix Makefiles" /home/isatkaus/gridkit /home/isatkaus/gridkit/tests/UnitTests/PhasorDynamics /home/isatkaus/gridkit/build /home/isatkaus/gridkit/build/tests/UnitTests/PhasorDynamics /home/isatkaus/gridkit/build/tests/UnitTests/PhasorDynamics/CMakeFiles/test_phasor_genrou.dir/DependInfo.cmake "--color="
make[2]: Leaving directory '/home/isatkaus/gridkit/build'
make[2]: Leaving directory '/home/isatkaus/gridkit/build'
make  -f tests/UnitTests/PhasorDynamics/CMakeFiles/test_phasor_governor_tgov1.dir/build.make tests/UnitTests/PhasorDynamics/CMakeFiles/test_phasor_governor_tgov1.dir/build
make  -f tests/UnitTests/PhasorDynamics/CMakeFiles/test_phasor_genrou.dir/build.make tests/UnitTests/PhasorDynamics/CMakeFiles/test_phasor_genrou.dir/build
[ 85%] Linking CXX shared library libgridkit_phasor_dynamics_converter_regca_dependency_tracking.so
make[2]: Entering directory '/home/isatkaus/gridkit/build'
make[2]: Entering directory '/home/isatkaus/gridkit/build'
[ 85%] Building CXX object tests/UnitTests/PhasorDynamics/CMakeFiles/test_phasor_governor_tgov1.dir/runGovernorTgov1Tests.cpp.o
[ 85%] Building CXX object tests/UnitTests/PhasorDynamics/CMakeFiles/test_phasor_genrou.dir/runGenrouTests.cpp.o
cd /home/isatkaus/gridkit/build/GridKit/Model/PhasorDynamics/Converter/REGCA && /nopt/nrel/apps/cpu_stack/utilities/06-24/linux-rhel8-sapphirerapids/gcc-12.3.0/cmake-3.29.2-6n4msmc4aewj7wyi6b5g644vjrqyqgot/bin/cmake -E cmake_link_script CMakeFiles/phasor_dynamics_converter_regca_dependency_tracking.dir/link.txt --verbose=1
/nopt/nrel/apps/cpu_stack/software/gridkit/llvm/16.0.6/bin/clang++ -fPIC --gcc-toolchain=/nopt/nrel/apps/cpu_stack/compilers/06-24/linux-rhel8-sapphirerapids/gcc-12.3.0/gcc-13.1.0-bmut2ysomhthj6y7oyc73c3cmxye57am -Wall -Wextra -Wconversion -Wpedantic -O2 -g -DNDEBUG -Wl,-rpath,/nopt/nrel/apps/cpu_stack/compilers/06-24/linux-rhel8-sapphirerapids/gcc-12.3.0/gcc-13.1.0-bmut2ysomhthj6y7oyc73c3cmxye57am/lib/gcc/x86_64-pc-linux-gnu/13.1.0/../../../../lib64 -Wl,-rpath,/nopt/nrel/apps/cpu_stack/libraries-gcc/06-24/linux-rhel8-sapphirerapids/gcc-12.3.0/netlib-lapack-3.11.0-abk4uhd5cyrfnhh67bcdhyt6fulibezx/lib64 -shared -Wl,-soname,libgridkit_phasor_dynamics_converter_regca_dependency_tracking.so.0 -o libgridkit_phasor_dynamics_converter_regca_dependency_tracking.so.0.1.0 CMakeFiles/phasor_dynamics_converter_regca_dependency_tracking.dir/RegcaDependencyTracking.cpp.o  -Wl,-rpath,/home/isatkaus/gridkit/build/GridKit/Model/PhasorDynamics/SignalNode:/home/isatkaus/gridkit/build/GridKit/LinearAlgebra/Vector:/home/isatkaus/gridkit/build/GridKit/LinearAlgebra/SparseMatrix:/home/isatkaus/gridkit/build/GridKit/Utilities/Logger:/home/isatkaus/gridkit/build/GridKit/MemoryUtilities/cpu: ../../SignalNode/libgridkit_phasor_dynamics_signal_dependency_tracking.so.0.1.0 ../../../../LinearAlgebra/Vector/libgridkit_dense_vector.so.0.1.0 ../../../../LinearAlgebra/SparseMatrix/libgridkit_sparse_matrix.so.0.1.0 ../../../../Utilities/Logger/libgridkit_utilities_logger.so.0.1.0 ../../../../MemoryUtilities/cpu/libgridkit_cpu_backend.so.0.1.0
cd /home/isatkaus/gridkit/build/tests/UnitTests/PhasorDynamics && /nopt/nrel/apps/cpu_stack/software/gridkit/llvm/16.0.6/bin/clang++  -I/home/isatkaus/gridkit/build -I/home/isatkaus/gridkit --gcc-toolchain=/nopt/nrel/apps/cpu_stack/compilers/06-24/linux-rhel8-sapphirerapids/gcc-12.3.0/gcc-13.1.0-bmut2ysomhthj6y7oyc73c3cmxye57am -Wall -Wextra -Wconversion -Wpedantic -O2 -g -DNDEBUG -std=gnu++20 -fPIE -MD -MT tests/UnitTests/PhasorDynamics/CMakeFiles/test_phasor_genrou.dir/runGenrouTests.cpp.o -MF CMakeFiles/test_phasor_genrou.dir/runGenrouTests.cpp.o.d -o CMakeFiles/test_phasor_genrou.dir/runGenrouTests.cpp.o -c /home/isatkaus/gridkit/tests/UnitTests/PhasorDynamics/runGenrouTests.cpp
cd /home/isatkaus/gridkit/build/tests/UnitTests/PhasorDynamics && /nopt/nrel/apps/cpu_stack/software/gridkit/llvm/16.0.6/bin/clang++  -I/home/isatkaus/gridkit/build -I/home/isatkaus/gridkit --gcc-toolchain=/nopt/nrel/apps/cpu_stack/compilers/06-24/linux-rhel8-sapphirerapids/gcc-12.3.0/gcc-13.1.0-bmut2ysomhthj6y7oyc73c3cmxye57am -Wall -Wextra -Wconversion -Wpedantic -O2 -g -DNDEBUG -std=gnu++20 -fPIE -MD -MT tests/UnitTests/PhasorDynamics/CMakeFiles/test_phasor_governor_tgov1.dir/runGovernorTgov1Tests.cpp.o -MF CMakeFiles/test_phasor_governor_tgov1.dir/runGovernorTgov1Tests.cpp.o.d -o CMakeFiles/test_phasor_governor_tgov1.dir/runGovernorTgov1Tests.cpp.o -c /home/isatkaus/gridkit/tests/UnitTests/PhasorDynamics/runGovernorTgov1Tests.cpp
[ 85%] Linking CXX executable test_phasor_loadz
cd /home/isatkaus/gridkit/build/tests/UnitTests/PhasorDynamics && /nopt/nrel/apps/cpu_stack/utilities/06-24/linux-rhel8-sapphirerapids/gcc-12.3.0/cmake-3.29.2-6n4msmc4aewj7wyi6b5g644vjrqyqgot/bin/cmake -E cmake_link_script CMakeFiles/test_phasor_loadz.dir/link.txt --verbose=1
/nopt/nrel/apps/cpu_stack/software/gridkit/llvm/16.0.6/bin/clang++ --gcc-toolchain=/nopt/nrel/apps/cpu_stack/compilers/06-24/linux-rhel8-sapphirerapids/gcc-12.3.0/gcc-13.1.0-bmut2ysomhthj6y7oyc73c3cmxye57am -Wall -Wextra -Wconversion -Wpedantic -O2 -g -DNDEBUG -Wl,-rpath,/nopt/nrel/apps/cpu_stack/compilers/06-24/linux-rhel8-sapphirerapids/gcc-12.3.0/gcc-13.1.0-bmut2ysomhthj6y7oyc73c3cmxye57am/lib/gcc/x86_64-pc-linux-gnu/13.1.0/../../../../lib64 -Wl,-rpath,/nopt/nrel/apps/cpu_stack/libraries-gcc/06-24/linux-rhel8-sapphirerapids/gcc-12.3.0/netlib-lapack-3.11.0-abk4uhd5cyrfnhh67bcdhyt6fulibezx/lib64 CMakeFiles/test_phasor_loadz.dir/runLoadZTests.cpp.o -o test_phasor_loadz  -Wl,-rpath,/home/isatkaus/gridkit/build/GridKit/Model/PhasorDynamics/Load/LoadZ:/home/isatkaus/gridkit/build/GridKit/Model/PhasorDynamics/Bus:/home/isatkaus/gridkit/build/GridKit/Testing:/home/isatkaus/gridkit/build/GridKit/LinearAlgebra/Vector:/home/isatkaus/gridkit/build/GridKit/LinearAlgebra/SparseMatrix:/home/isatkaus/gridkit/build/GridKit/MemoryUtilities/cpu:/home/isatkaus/gridkit/build/GridKit/Utilities/CliArgs:/home/isatkaus/gridkit/build/GridKit/Utilities/Logger: ../../../GridKit/Model/PhasorDynamics/Load/LoadZ/libgridkit_phasor_dynamics_loadz.so.0.1.0 ../../../GridKit/Model/PhasorDynamics/Load/LoadZ/libgridkit_phasor_dynamics_loadz_dependency_tracking.so.0.1.0 ../../../GridKit/Model/PhasorDynamics/Bus/libgridkit_phasor_dynamics_bus.so.0.1.0 ../../../GridKit/Model/PhasorDynamics/Bus/libgridkit_phasor_dynamics_bus_dependency_tracking.so.0.1.0 ../../../GridKit/Testing/libgridkit_testing.so.0.1.0 ../../../GridKit/LinearAlgebra/Vector/libgridkit_dense_vector.so.0.1.0 ../../../GridKit/LinearAlgebra/SparseMatrix/libgridkit_sparse_matrix.so.0.1.0 ../../../GridKit/MemoryUtilities/cpu/libgridkit_cpu_backend.so.0.1.0 ../../../GridKit/Utilities/CliArgs/libgridkit_utilities_cli_args.so.0.1.0 ../../../GridKit/Utilities/Logger/libgridkit_utilities_logger.so.0.1.0
make[2]: Leaving directory '/home/isatkaus/gridkit/build'
[ 85%] Built target test_phasor_bus_fault
[ 85%] Linking CXX executable grid3bus
cd /home/isatkaus/gridkit/build/examples/PowerFlow/Grid3Bus && /nopt/nrel/apps/cpu_stack/utilities/06-24/linux-rhel8-sapphirerapids/gcc-12.3.0/cmake-3.29.2-6n4msmc4aewj7wyi6b5g644vjrqyqgot/bin/cmake -E cmake_link_script CMakeFiles/grid3bus.dir/link.txt --verbose=1
[ 85%] Linking CXX executable test_phasor_branch
/nopt/nrel/apps/cpu_stack/software/gridkit/llvm/16.0.6/bin/clang++ --gcc-toolchain=/nopt/nrel/apps/cpu_stack/compilers/06-24/linux-rhel8-sapphirerapids/gcc-12.3.0/gcc-13.1.0-bmut2ysomhthj6y7oyc73c3cmxye57am -Wall -Wextra -Wconversion -Wpedantic -O2 -g -DNDEBUG -Wl,-rpath,/nopt/nrel/apps/cpu_stack/compilers/06-24/linux-rhel8-sapphirerapids/gcc-12.3.0/gcc-13.1.0-bmut2ysomhthj6y7oyc73c3cmxye57am/lib/gcc/x86_64-pc-linux-gnu/13.1.0/../../../../lib64 -Wl,-rpath,/nopt/nrel/apps/cpu_stack/libraries-gcc/06-24/linux-rhel8-sapphirerapids/gcc-12.3.0/netlib-lapack-3.11.0-abk4uhd5cyrfnhh67bcdhyt6fulibezx/lib64 CMakeFiles/grid3bus.dir/Grid3BusSys.cpp.o -o grid3bus  -Wl,-rpath,/home/isatkaus/gridkit/build/GridKit/Model/PowerFlow/MiniGrid:/home/isatkaus/gridkit/build/GridKit/Model/PowerFlow/Bus:/home/isatkaus/gridkit/build/GridKit/Model/PowerFlow/Generator:/home/isatkaus/gridkit/build/GridKit/Model/PowerFlow/Branch:/home/isatkaus/gridkit/build/GridKit/Model/PowerFlow/Load:/home/isatkaus/gridkit/build/GridKit/Solver/SteadyState:/home/isatkaus/gridkit/build/GridKit/LinearAlgebra/Vector:/home/isatkaus/gridkit/build/GridKit/Utilities/Logger:/home/isatkaus/gridkit/build/GridKit/MemoryUtilities/cpu:/nopt/nrel/apps/cpu_stack/software/gridkit/sundials/develop/lib64: ../../../GridKit/Model/PowerFlow/MiniGrid/libgridkit_minigrid.so.0.1.0 ../../../GridKit/Model/PowerFlow/Bus/libgridkit_bus.so.0.1.0 ../../../GridKit/Model/PowerFlow/Generator/libgridkit_generator.so.0.1.0 ../../../GridKit/Model/PowerFlow/Branch/libgridkit_branch.so.0.1.0 ../../../GridKit/Model/PowerFlow/Load/libgridkit_load.so.0.1.0 ../../../GridKit/Solver/SteadyState/libgridkit_solvers_steady.so.0.1.0 ../../../GridKit/LinearAlgebra/Vector/libgridkit_dense_vector.so.0.1.0 ../../../GridKit/Utilities/Logger/libgridkit_utilities_logger.so.0.1.0 ../../../GridKit/MemoryUtilities/cpu/libgridkit_cpu_backend.so.0.1.0 /nopt/nrel/apps/cpu_stack/software/gridkit/sundials/develop/lib64/libsundials_kinsol.so.7.8.0 /nopt/nrel/apps/cpu_stack/software/gridkit/sundials/develop/lib64/libsundials_core.so.7.8.0
cd /home/isatkaus/gridkit/build/tests/UnitTests/PhasorDynamics && /nopt/nrel/apps/cpu_stack/utilities/06-24/linux-rhel8-sapphirerapids/gcc-12.3.0/cmake-3.29.2-6n4msmc4aewj7wyi6b5g644vjrqyqgot/bin/cmake -E cmake_link_script CMakeFiles/test_phasor_branch.dir/link.txt --verbose=1
[ 85%] Linking CXX executable test_phasor_loadzip
/nopt/nrel/apps/cpu_stack/software/gridkit/llvm/16.0.6/bin/clang++ --gcc-toolchain=/nopt/nrel/apps/cpu_stack/compilers/06-24/linux-rhel8-sapphirerapids/gcc-12.3.0/gcc-13.1.0-bmut2ysomhthj6y7oyc73c3cmxye57am -Wall -Wextra -Wconversion -Wpedantic -O2 -g -DNDEBUG -Wl,-rpath,/nopt/nrel/apps/cpu_stack/compilers/06-24/linux-rhel8-sapphirerapids/gcc-12.3.0/gcc-13.1.0-bmut2ysomhthj6y7oyc73c3cmxye57am/lib/gcc/x86_64-pc-linux-gnu/13.1.0/../../../../lib64 -Wl,-rpath,/nopt/nrel/apps/cpu_stack/libraries-gcc/06-24/linux-rhel8-sapphirerapids/gcc-12.3.0/netlib-lapack-3.11.0-abk4uhd5cyrfnhh67bcdhyt6fulibezx/lib64 CMakeFiles/test_phasor_branch.dir/runBranchTests.cpp.o -o test_phasor_branch  -Wl,-rpath,/home/isatkaus/gridkit/build/GridKit/Model/PhasorDynamics/Branch:/home/isatkaus/gridkit/build/GridKit/Model/PhasorDynamics/Bus:/home/isatkaus/gridkit/build/GridKit/Testing:/home/isatkaus/gridkit/build/GridKit/LinearAlgebra/Vector:/home/isatkaus/gridkit/build/GridKit/LinearAlgebra/SparseMatrix:/home/isatkaus/gridkit/build/GridKit/MemoryUtilities/cpu:/home/isatkaus/gridkit/build/GridKit/Utilities/CliArgs:/home/isatkaus/gridkit/build/GridKit/Utilities/Logger: ../../../GridKit/Model/PhasorDynamics/Branch/libgridkit_phasor_dynamics_branch.so.0.1.0 ../../../GridKit/Model/PhasorDynamics/Branch/libgridkit_phasor_dynamics_branch_dependency_tracking.so.0.1.0 ../../../GridKit/Model/PhasorDynamics/Bus/libgridkit_phasor_dynamics_bus.so.0.1.0 ../../../GridKit/Model/PhasorDynamics/Bus/libgridkit_phasor_dynamics_bus_dependency_tracking.so.0.1.0 ../../../GridKit/Testing/libgridkit_testing.so.0.1.0 ../../../GridKit/LinearAlgebra/Vector/libgridkit_dense_vector.so.0.1.0 ../../../GridKit/LinearAlgebra/SparseMatrix/libgridkit_sparse_matrix.so.0.1.0 ../../../GridKit/MemoryUtilities/cpu/libgridkit_cpu_backend.so.0.1.0 ../../../GridKit/Utilities/CliArgs/libgridkit_utilities_cli_args.so.0.1.0 ../../../GridKit/Utilities/Logger/libgridkit_utilities_logger.so.0.1.0
cd /home/isatkaus/gridkit/build/tests/UnitTests/PhasorDynamics && /nopt/nrel/apps/cpu_stack/utilities/06-24/linux-rhel8-sapphirerapids/gcc-12.3.0/cmake-3.29.2-6n4msmc4aewj7wyi6b5g644vjrqyqgot/bin/cmake -E cmake_link_script CMakeFiles/test_phasor_loadzip.dir/link.txt --verbose=1
/nopt/nrel/apps/cpu_stack/software/gridkit/llvm/16.0.6/bin/clang++ --gcc-toolchain=/nopt/nrel/apps/cpu_stack/compilers/06-24/linux-rhel8-sapphirerapids/gcc-12.3.0/gcc-13.1.0-bmut2ysomhthj6y7oyc73c3cmxye57am -Wall -Wextra -Wconversion -Wpedantic -O2 -g -DNDEBUG -Wl,-rpath,/nopt/nrel/apps/cpu_stack/compilers/06-24/linux-rhel8-sapphirerapids/gcc-12.3.0/gcc-13.1.0-bmut2ysomhthj6y7oyc73c3cmxye57am/lib/gcc/x86_64-pc-linux-gnu/13.1.0/../../../../lib64 -Wl,-rpath,/nopt/nrel/apps/cpu_stack/libraries-gcc/06-24/linux-rhel8-sapphirerapids/gcc-12.3.0/netlib-lapack-3.11.0-abk4uhd5cyrfnhh67bcdhyt6fulibezx/lib64 CMakeFiles/test_phasor_loadzip.dir/runLoadZIPTests.cpp.o -o test_phasor_loadzip  -Wl,-rpath,/home/isatkaus/gridkit/build/GridKit/Model/PhasorDynamics/Load/LoadZIP:/home/isatkaus/gridkit/build/GridKit/Model/PhasorDynamics/Bus:/home/isatkaus/gridkit/build/GridKit/Testing:/home/isatkaus/gridkit/build/GridKit/LinearAlgebra/Vector:/home/isatkaus/gridkit/build/GridKit/LinearAlgebra/SparseMatrix:/home/isatkaus/gridkit/build/GridKit/MemoryUtilities/cpu:/home/isatkaus/gridkit/build/GridKit/Utilities/CliArgs:/home/isatkaus/gridkit/build/GridKit/Utilities/Logger: ../../../GridKit/Model/PhasorDynamics/Load/LoadZIP/libgridkit_phasor_dynamics_loadzip.so.0.1.0 ../../../GridKit/Model/PhasorDynamics/Load/LoadZIP/libgridkit_phasor_dynamics_loadzip_dependency_tracking.so.0.1.0 ../../../GridKit/Model/PhasorDynamics/Bus/libgridkit_phasor_dynamics_bus.so.0.1.0 ../../../GridKit/Model/PhasorDynamics/Bus/libgridkit_phasor_dynamics_bus_dependency_tracking.so.0.1.0 ../../../GridKit/Testing/libgridkit_testing.so.0.1.0 ../../../GridKit/LinearAlgebra/Vector/libgridkit_dense_vector.so.0.1.0 ../../../GridKit/LinearAlgebra/SparseMatrix/libgridkit_sparse_matrix.so.0.1.0 ../../../GridKit/MemoryUtilities/cpu/libgridkit_cpu_backend.so.0.1.0 ../../../GridKit/Utilities/CliArgs/libgridkit_utilities_cli_args.so.0.1.0 ../../../GridKit/Utilities/Logger/libgridkit_utilities_logger.so.0.1.0
[ 85%] Linking CXX executable dgtest
cd /home/isatkaus/gridkit/build/examples/PowerElectronics/DistributedGeneratorTest && /nopt/nrel/apps/cpu_stack/utilities/06-24/linux-rhel8-sapphirerapids/gcc-12.3.0/cmake-3.29.2-6n4msmc4aewj7wyi6b5g644vjrqyqgot/bin/cmake -E cmake_link_script CMakeFiles/dgtest.dir/link.txt --verbose=1
cd /home/isatkaus/gridkit/build/GridKit/Model/PhasorDynamics/Converter/REGCA && /nopt/nrel/apps/cpu_stack/utilities/06-24/linux-rhel8-sapphirerapids/gcc-12.3.0/cmake-3.29.2-6n4msmc4aewj7wyi6b5g644vjrqyqgot/bin/cmake -E cmake_symlink_library libgridkit_phasor_dynamics_converter_regca_dependency_tracking.so.0.1.0 libgridkit_phasor_dynamics_converter_regca_dependency_tracking.so.0 libgridkit_phasor_dynamics_converter_regca_dependency_tracking.so
/nopt/nrel/apps/cpu_stack/software/gridkit/llvm/16.0.6/bin/clang++ --gcc-toolchain=/nopt/nrel/apps/cpu_stack/compilers/06-24/linux-rhel8-sapphirerapids/gcc-12.3.0/gcc-13.1.0-bmut2ysomhthj6y7oyc73c3cmxye57am -Wall -Wextra -Wconversion -Wpedantic -O2 -g -DNDEBUG -Wl,-rpath,/nopt/nrel/apps/cpu_stack/compilers/06-24/linux-rhel8-sapphirerapids/gcc-12.3.0/gcc-13.1.0-bmut2ysomhthj6y7oyc73c3cmxye57am/lib/gcc/x86_64-pc-linux-gnu/13.1.0/../../../../lib64 -Wl,-rpath,/nopt/nrel/apps/cpu_stack/libraries-gcc/06-24/linux-rhel8-sapphirerapids/gcc-12.3.0/netlib-lapack-3.11.0-abk4uhd5cyrfnhh67bcdhyt6fulibezx/lib64 CMakeFiles/dgtest.dir/DGTest.cpp.o -o dgtest  -Wl,-rpath,/home/isatkaus/gridkit/build/GridKit/Model/PowerElectronics/DistributedGenerator:/home/isatkaus/gridkit/build/GridKit/Model/PowerElectronics/MicrogridLine:/home/isatkaus/gridkit/build/GridKit/Model/PowerElectronics/MicrogridLoad:/home/isatkaus/gridkit/build/GridKit/LinearAlgebra/Vector:/home/isatkaus/gridkit/build/GridKit/Utilities/Logger:/home/isatkaus/gridkit/build/GridKit/MemoryUtilities/cpu: ../../../GridKit/Model/PowerElectronics/DistributedGenerator/libgridkit_power_elec_disgen.so.0.1.0 ../../../GridKit/Model/PowerElectronics/MicrogridLine/libgridkit_power_elec_microline.so.0.1.0 ../../../GridKit/Model/PowerElectronics/MicrogridLoad/libgridkit_power_elec_microload.so.0.1.0 ../../../GridKit/LinearAlgebra/Vector/libgridkit_dense_vector.so.0.1.0 ../../../GridKit/Utilities/Logger/libgridkit_utilities_logger.so.0.1.0 ../../../GridKit/MemoryUtilities/cpu/libgridkit_cpu_backend.so.0.1.0
make[2]: Leaving directory '/home/isatkaus/gridkit/build'
[ 85%] Built target test_phasor_loadz
make[2]: Leaving directory '/home/isatkaus/gridkit/build'
[ 85%] Built target phasor_dynamics_converter_regca_dependency_tracking
make  -f tests/UnitTests/PhasorDynamics/CMakeFiles/test_phasor_converter_regca.dir/build.make tests/UnitTests/PhasorDynamics/CMakeFiles/test_phasor_converter_regca.dir/depend
make[2]: Entering directory '/home/isatkaus/gridkit/build'
cd /home/isatkaus/gridkit/build && /nopt/nrel/apps/cpu_stack/utilities/06-24/linux-rhel8-sapphirerapids/gcc-12.3.0/cmake-3.29.2-6n4msmc4aewj7wyi6b5g644vjrqyqgot/bin/cmake -E cmake_depends "Unix Makefiles" /home/isatkaus/gridkit /home/isatkaus/gridkit/tests/UnitTests/PhasorDynamics /home/isatkaus/gridkit/build /home/isatkaus/gridkit/build/tests/UnitTests/PhasorDynamics /home/isatkaus/gridkit/build/tests/UnitTests/PhasorDynamics/CMakeFiles/test_phasor_converter_regca.dir/DependInfo.cmake "--color="
make[2]: Leaving directory '/home/isatkaus/gridkit/build'
make  -f tests/UnitTests/PhasorDynamics/CMakeFiles/test_phasor_converter_regca.dir/build.make tests/UnitTests/PhasorDynamics/CMakeFiles/test_phasor_converter_regca.dir/build
make[2]: Entering directory '/home/isatkaus/gridkit/build'
[ 86%] Building CXX object tests/UnitTests/PhasorDynamics/CMakeFiles/test_phasor_converter_regca.dir/runConverterRegcaTests.cpp.o
cd /home/isatkaus/gridkit/build/tests/UnitTests/PhasorDynamics && /nopt/nrel/apps/cpu_stack/software/gridkit/llvm/16.0.6/bin/clang++  -I/home/isatkaus/gridkit/build -I/home/isatkaus/gridkit --gcc-toolchain=/nopt/nrel/apps/cpu_stack/compilers/06-24/linux-rhel8-sapphirerapids/gcc-12.3.0/gcc-13.1.0-bmut2ysomhthj6y7oyc73c3cmxye57am -Wall -Wextra -Wconversion -Wpedantic -O2 -g -DNDEBUG -std=gnu++20 -fPIE -MD -MT tests/UnitTests/PhasorDynamics/CMakeFiles/test_phasor_converter_regca.dir/runConverterRegcaTests.cpp.o -MF CMakeFiles/test_phasor_converter_regca.dir/runConverterRegcaTests.cpp.o.d -o CMakeFiles/test_phasor_converter_regca.dir/runConverterRegcaTests.cpp.o -c /home/isatkaus/gridkit/tests/UnitTests/PhasorDynamics/runConverterRegcaTests.cpp
make[2]: Leaving directory '/home/isatkaus/gridkit/build'
make[2]: Leaving directory '/home/isatkaus/gridkit/build'
[ 86%] Built target test_phasor_branch
[ 86%] Built target grid3bus
make[2]: Leaving directory '/home/isatkaus/gridkit/build'
[ 86%] Built target test_phasor_loadzip
make[2]: Leaving directory '/home/isatkaus/gridkit/build'
[ 86%] Built target dgtest
[ 86%] Linking CXX executable microgrid
cd /home/isatkaus/gridkit/build/examples/PowerElectronics/Microgrid && /nopt/nrel/apps/cpu_stack/utilities/06-24/linux-rhel8-sapphirerapids/gcc-12.3.0/cmake-3.29.2-6n4msmc4aewj7wyi6b5g644vjrqyqgot/bin/cmake -E cmake_link_script CMakeFiles/microgrid.dir/link.txt --verbose=1
/nopt/nrel/apps/cpu_stack/software/gridkit/llvm/16.0.6/bin/clang++ --gcc-toolchain=/nopt/nrel/apps/cpu_stack/compilers/06-24/linux-rhel8-sapphirerapids/gcc-12.3.0/gcc-13.1.0-bmut2ysomhthj6y7oyc73c3cmxye57am -Wall -Wextra -Wconversion -Wpedantic -O2 -g -DNDEBUG -Wl,-rpath,/nopt/nrel/apps/cpu_stack/compilers/06-24/linux-rhel8-sapphirerapids/gcc-12.3.0/gcc-13.1.0-bmut2ysomhthj6y7oyc73c3cmxye57am/lib/gcc/x86_64-pc-linux-gnu/13.1.0/../../../../lib64 -Wl,-rpath,/nopt/nrel/apps/cpu_stack/libraries-gcc/06-24/linux-rhel8-sapphirerapids/gcc-12.3.0/netlib-lapack-3.11.0-abk4uhd5cyrfnhh67bcdhyt6fulibezx/lib64 CMakeFiles/microgrid.dir/Microgrid.cpp.o -o microgrid  -Wl,-rpath,/home/isatkaus/gridkit/build/GridKit/Model/PowerElectronics/DistributedGenerator:/home/isatkaus/gridkit/build/GridKit/Model/PowerElectronics/MicrogridLine:/home/isatkaus/gridkit/build/GridKit/Model/PowerElectronics/MicrogridLoad:/home/isatkaus/gridkit/build/GridKit/Solver/Dynamic:/home/isatkaus/gridkit/build/GridKit/Model/PowerElectronics/MicrogridBusDQ:/nopt/nrel/apps/cpu_stack/software/gridkit/sundials/develop/lib64:/nopt/nrel/apps/cpu_stack/software/gridkit/suitesparse/7.8.2/lib64:/home/isatkaus/gridkit/build/GridKit/LinearAlgebra/SparseMatrix:/home/isatkaus/gridkit/build/GridKit/LinearAlgebra/Vector:/home/isatkaus/gridkit/build/GridKit/Utilities/Logger:/home/isatkaus/gridkit/build/GridKit/MemoryUtilities/cpu: ../../../GridKit/Model/PowerElectronics/DistributedGenerator/libgridkit_power_elec_disgen.so.0.1.0 ../../../GridKit/Model/PowerElectronics/MicrogridLine/libgridkit_power_elec_microline.so.0.1.0 ../../../GridKit/Model/PowerElectronics/MicrogridLoad/libgridkit_power_elec_microload.so.0.1.0 ../../../GridKit/Solver/Dynamic/libgridkit_solvers_dyn.so.0.1.0 ../../../GridKit/Model/PowerElectronics/MicrogridBusDQ/libgridkit_power_elec_microbusdq.so.0.1.0 /nopt/nrel/apps/cpu_stack/software/gridkit/sundials/develop/lib64/libsundials_nvecserial.so.7.8.0 /nopt/nrel/apps/cpu_stack/software/gridkit/sundials/develop/lib64/libsundials_idas.so.6.8.0 /nopt/nrel/apps/cpu_stack/software/gridkit/sundials/develop/lib64/libsundials_sunlinsolklu.so.5.8.0 /nopt/nrel/apps/cpu_stack/software/gridkit/sundials/develop/lib64/libsundials_sunmatrixsparse.so.5.8.0 /nopt/nrel/apps/cpu_stack/software/gridkit/sundials/develop/lib64/libsundials_core.so.7.8.0 /nopt/nrel/apps/cpu_stack/software/gridkit/suitesparse/7.8.2/lib64/libklu.so /nopt/nrel/apps/cpu_stack/software/gridkit/suitesparse/7.8.2/lib64/libamd.so /nopt/nrel/apps/cpu_stack/software/gridkit/suitesparse/7.8.2/lib64/libcolamd.so /nopt/nrel/apps/cpu_stack/software/gridkit/suitesparse/7.8.2/lib64/libbtf.so /nopt/nrel/apps/cpu_stack/software/gridkit/suitesparse/7.8.2/lib64/libsuitesparseconfig.so ../../../GridKit/LinearAlgebra/SparseMatrix/libgridkit_sparse_matrix.so.0.1.0 ../../../GridKit/LinearAlgebra/Vector/libgridkit_dense_vector.so.0.1.0 ../../../GridKit/Utilities/Logger/libgridkit_utilities_logger.so.0.1.0 ../../../GridKit/MemoryUtilities/cpu/libgridkit_cpu_backend.so.0.1.0
[ 86%] Linking CXX executable scalemicrogrid
cd /home/isatkaus/gridkit/build/examples/PowerElectronics/ScaleMicrogrid && /nopt/nrel/apps/cpu_stack/utilities/06-24/linux-rhel8-sapphirerapids/gcc-12.3.0/cmake-3.29.2-6n4msmc4aewj7wyi6b5g644vjrqyqgot/bin/cmake -E cmake_link_script CMakeFiles/scalemicrogrid.dir/link.txt --verbose=1
[ 86%] Linking CXX executable scalemicrogridarbitrary
/nopt/nrel/apps/cpu_stack/software/gridkit/llvm/16.0.6/bin/clang++ --gcc-toolchain=/nopt/nrel/apps/cpu_stack/compilers/06-24/linux-rhel8-sapphirerapids/gcc-12.3.0/gcc-13.1.0-bmut2ysomhthj6y7oyc73c3cmxye57am -Wall -Wextra -Wconversion -Wpedantic -O2 -g -DNDEBUG -Wl,-rpath,/nopt/nrel/apps/cpu_stack/compilers/06-24/linux-rhel8-sapphirerapids/gcc-12.3.0/gcc-13.1.0-bmut2ysomhthj6y7oyc73c3cmxye57am/lib/gcc/x86_64-pc-linux-gnu/13.1.0/../../../../lib64 -Wl,-rpath,/nopt/nrel/apps/cpu_stack/libraries-gcc/06-24/linux-rhel8-sapphirerapids/gcc-12.3.0/netlib-lapack-3.11.0-abk4uhd5cyrfnhh67bcdhyt6fulibezx/lib64 CMakeFiles/scalemicrogrid.dir/ScaleMicrogrid.cpp.o -o scalemicrogrid  -Wl,-rpath,/home/isatkaus/gridkit/build/GridKit/Model/PowerElectronics/DistributedGenerator:/home/isatkaus/gridkit/build/GridKit/Model/PowerElectronics/MicrogridLine:/home/isatkaus/gridkit/build/GridKit/Model/PowerElectronics/MicrogridLoad:/home/isatkaus/gridkit/build/GridKit/Solver/Dynamic:/home/isatkaus/gridkit/build/GridKit/Model/PowerElectronics/MicrogridBusDQ:/nopt/nrel/apps/cpu_stack/software/gridkit/sundials/develop/lib64:/nopt/nrel/apps/cpu_stack/software/gridkit/suitesparse/7.8.2/lib64:/home/isatkaus/gridkit/build/GridKit/LinearAlgebra/SparseMatrix:/home/isatkaus/gridkit/build/GridKit/LinearAlgebra/Vector:/home/isatkaus/gridkit/build/GridKit/Utilities/Logger:/home/isatkaus/gridkit/build/GridKit/MemoryUtilities/cpu: ../../../GridKit/Model/PowerElectronics/DistributedGenerator/libgridkit_power_elec_disgen.so.0.1.0 ../../../GridKit/Model/PowerElectronics/MicrogridLine/libgridkit_power_elec_microline.so.0.1.0 ../../../GridKit/Model/PowerElectronics/MicrogridLoad/libgridkit_power_elec_microload.so.0.1.0 ../../../GridKit/Solver/Dynamic/libgridkit_solvers_dyn.so.0.1.0 ../../../GridKit/Model/PowerElectronics/MicrogridBusDQ/libgridkit_power_elec_microbusdq.so.0.1.0 /nopt/nrel/apps/cpu_stack/software/gridkit/sundials/develop/lib64/libsundials_nvecserial.so.7.8.0 /nopt/nrel/apps/cpu_stack/software/gridkit/sundials/develop/lib64/libsundials_idas.so.6.8.0 /nopt/nrel/apps/cpu_stack/software/gridkit/sundials/develop/lib64/libsundials_sunlinsolklu.so.5.8.0 /nopt/nrel/apps/cpu_stack/software/gridkit/sundials/develop/lib64/libsundials_sunmatrixsparse.so.5.8.0 /nopt/nrel/apps/cpu_stack/software/gridkit/sundials/develop/lib64/libsundials_core.so.7.8.0 /nopt/nrel/apps/cpu_stack/software/gridkit/suitesparse/7.8.2/lib64/libklu.so /nopt/nrel/apps/cpu_stack/software/gridkit/suitesparse/7.8.2/lib64/libamd.so /nopt/nrel/apps/cpu_stack/software/gridkit/suitesparse/7.8.2/lib64/libcolamd.so /nopt/nrel/apps/cpu_stack/software/gridkit/suitesparse/7.8.2/lib64/libbtf.so /nopt/nrel/apps/cpu_stack/software/gridkit/suitesparse/7.8.2/lib64/libsuitesparseconfig.so ../../../GridKit/LinearAlgebra/SparseMatrix/libgridkit_sparse_matrix.so.0.1.0 ../../../GridKit/LinearAlgebra/Vector/libgridkit_dense_vector.so.0.1.0 ../../../GridKit/Utilities/Logger/libgridkit_utilities_logger.so.0.1.0 ../../../GridKit/MemoryUtilities/cpu/libgridkit_cpu_backend.so.0.1.0
cd /home/isatkaus/gridkit/build/examples/PowerElectronics/ScaleMicrogrid && /nopt/nrel/apps/cpu_stack/utilities/06-24/linux-rhel8-sapphirerapids/gcc-12.3.0/cmake-3.29.2-6n4msmc4aewj7wyi6b5g644vjrqyqgot/bin/cmake -E cmake_link_script CMakeFiles/scalemicrogridarbitrary.dir/link.txt --verbose=1
/nopt/nrel/apps/cpu_stack/software/gridkit/llvm/16.0.6/bin/clang++ --gcc-toolchain=/nopt/nrel/apps/cpu_stack/compilers/06-24/linux-rhel8-sapphirerapids/gcc-12.3.0/gcc-13.1.0-bmut2ysomhthj6y7oyc73c3cmxye57am -Wall -Wextra -Wconversion -Wpedantic -O2 -g -DNDEBUG -Wl,-rpath,/nopt/nrel/apps/cpu_stack/compilers/06-24/linux-rhel8-sapphirerapids/gcc-12.3.0/gcc-13.1.0-bmut2ysomhthj6y7oyc73c3cmxye57am/lib/gcc/x86_64-pc-linux-gnu/13.1.0/../../../../lib64 -Wl,-rpath,/nopt/nrel/apps/cpu_stack/libraries-gcc/06-24/linux-rhel8-sapphirerapids/gcc-12.3.0/netlib-lapack-3.11.0-abk4uhd5cyrfnhh67bcdhyt6fulibezx/lib64 CMakeFiles/scalemicrogridarbitrary.dir/ScaleMicrogridArbitrary.cpp.o -o scalemicrogridarbitrary  -Wl,-rpath,/home/isatkaus/gridkit/build/GridKit/Model/PowerElectronics/DistributedGenerator:/home/isatkaus/gridkit/build/GridKit/Model/PowerElectronics/MicrogridLine:/home/isatkaus/gridkit/build/GridKit/Model/PowerElectronics/MicrogridLoad:/home/isatkaus/gridkit/build/GridKit/Solver/Dynamic:/home/isatkaus/gridkit/build/GridKit/Model/PowerElectronics/MicrogridBusDQ:/nopt/nrel/apps/cpu_stack/software/gridkit/sundials/develop/lib64:/nopt/nrel/apps/cpu_stack/software/gridkit/suitesparse/7.8.2/lib64:/home/isatkaus/gridkit/build/GridKit/LinearAlgebra/SparseMatrix:/home/isatkaus/gridkit/build/GridKit/LinearAlgebra/Vector:/home/isatkaus/gridkit/build/GridKit/Utilities/Logger:/home/isatkaus/gridkit/build/GridKit/MemoryUtilities/cpu ../../../GridKit/Model/PowerElectronics/DistributedGenerator/libgridkit_power_elec_disgen.so.0.1.0 ../../../GridKit/Model/PowerElectronics/MicrogridLine/libgridkit_power_elec_microline.so.0.1.0 ../../../GridKit/Model/PowerElectronics/MicrogridLoad/libgridkit_power_elec_microload.so.0.1.0 ../../../GridKit/Solver/Dynamic/libgridkit_solvers_dyn.so.0.1.0 ../../../GridKit/Model/PowerElectronics/MicrogridBusDQ/libgridkit_power_elec_microbusdq.so.0.1.0 /nopt/nrel/apps/cpu_stack/software/gridkit/sundials/develop/lib64/libsundials_nvecserial.so.7.8.0 /nopt/nrel/apps/cpu_stack/software/gridkit/sundials/develop/lib64/libsundials_idas.so.6.8.0 /nopt/nrel/apps/cpu_stack/software/gridkit/sundials/develop/lib64/libsundials_sunlinsolklu.so.5.8.0 /nopt/nrel/apps/cpu_stack/software/gridkit/sundials/develop/lib64/libsundials_sunmatrixsparse.so.5.8.0 /nopt/nrel/apps/cpu_stack/software/gridkit/sundials/develop/lib64/libsundials_core.so.7.8.0 /nopt/nrel/apps/cpu_stack/software/gridkit/suitesparse/7.8.2/lib64/libklu.so /nopt/nrel/apps/cpu_stack/software/gridkit/suitesparse/7.8.2/lib64/libamd.so /nopt/nrel/apps/cpu_stack/software/gridkit/suitesparse/7.8.2/lib64/libcolamd.so /nopt/nrel/apps/cpu_stack/software/gridkit/suitesparse/7.8.2/lib64/libbtf.so /nopt/nrel/apps/cpu_stack/software/gridkit/suitesparse/7.8.2/lib64/libsuitesparseconfig.so ../../../GridKit/LinearAlgebra/SparseMatrix/libgridkit_sparse_matrix.so.0.1.0 ../../../GridKit/LinearAlgebra/Vector/libgridkit_dense_vector.so.0.1.0 ../../../GridKit/Utilities/Logger/libgridkit_utilities_logger.so.0.1.0 ../../../GridKit/MemoryUtilities/cpu/libgridkit_cpu_backend.so.0.1.0
[ 87%] Linking CXX executable test_phasor_stabilizer_ieeest
cd /home/isatkaus/gridkit/build/tests/UnitTests/PhasorDynamics && /nopt/nrel/apps/cpu_stack/utilities/06-24/linux-rhel8-sapphirerapids/gcc-12.3.0/cmake-3.29.2-6n4msmc4aewj7wyi6b5g644vjrqyqgot/bin/cmake -E cmake_link_script CMakeFiles/test_phasor_stabilizer_ieeest.dir/link.txt --verbose=1
/nopt/nrel/apps/cpu_stack/software/gridkit/llvm/16.0.6/bin/clang++ --gcc-toolchain=/nopt/nrel/apps/cpu_stack/compilers/06-24/linux-rhel8-sapphirerapids/gcc-12.3.0/gcc-13.1.0-bmut2ysomhthj6y7oyc73c3cmxye57am -Wall -Wextra -Wconversion -Wpedantic -O2 -g -DNDEBUG -Wl,-rpath,/nopt/nrel/apps/cpu_stack/compilers/06-24/linux-rhel8-sapphirerapids/gcc-12.3.0/gcc-13.1.0-bmut2ysomhthj6y7oyc73c3cmxye57am/lib/gcc/x86_64-pc-linux-gnu/13.1.0/../../../../lib64 -Wl,-rpath,/nopt/nrel/apps/cpu_stack/libraries-gcc/06-24/linux-rhel8-sapphirerapids/gcc-12.3.0/netlib-lapack-3.11.0-abk4uhd5cyrfnhh67bcdhyt6fulibezx/lib64 CMakeFiles/test_phasor_stabilizer_ieeest.dir/runStabilizerIeeestTests.cpp.o -o test_phasor_stabilizer_ieeest  -Wl,-rpath,/home/isatkaus/gridkit/build/GridKit/Model/PhasorDynamics/Stabilizer/IEEEST:/home/isatkaus/gridkit/build/GridKit/Model/PhasorDynamics/SignalNode:/home/isatkaus/gridkit/build/GridKit/Testing:/home/isatkaus/gridkit/build/GridKit/LinearAlgebra/Vector:/home/isatkaus/gridkit/build/GridKit/LinearAlgebra/SparseMatrix:/home/isatkaus/gridkit/build/GridKit/MemoryUtilities/cpu:/home/isatkaus/gridkit/build/GridKit/Utilities/CliArgs:/home/isatkaus/gridkit/build/GridKit/Utilities/Logger: ../../../GridKit/Model/PhasorDynamics/Stabilizer/IEEEST/libgridkit_phasor_dynamics_stabilizer_ieeest.so.0.1.0 ../../../GridKit/Model/PhasorDynamics/Stabilizer/IEEEST/libgridkit_phasor_dynamics_stabilizer_ieeest_dependency_tracking.so.0.1.0 ../../../GridKit/Model/PhasorDynamics/SignalNode/libgridkit_phasor_dynamics_signal.so.0.1.0 ../../../GridKit/Testing/libgridkit_testing.so.0.1.0 ../../../GridKit/LinearAlgebra/Vector/libgridkit_dense_vector.so.0.1.0 ../../../GridKit/LinearAlgebra/SparseMatrix/libgridkit_sparse_matrix.so.0.1.0 ../../../GridKit/MemoryUtilities/cpu/libgridkit_cpu_backend.so.0.1.0 ../../../GridKit/Model/PhasorDynamics/SignalNode/libgridkit_phasor_dynamics_signal_dependency_tracking.so.0.1.0 ../../../GridKit/Utilities/CliArgs/libgridkit_utilities_cli_args.so.0.1.0 ../../../GridKit/Utilities/Logger/libgridkit_utilities_logger.so.0.1.0
make[2]: Leaving directory '/home/isatkaus/gridkit/build'
[ 87%] Built target microgrid
[ 87%] Linking CXX executable test_phasor_gen_classical
cd /home/isatkaus/gridkit/build/tests/UnitTests/PhasorDynamics && /nopt/nrel/apps/cpu_stack/utilities/06-24/linux-rhel8-sapphirerapids/gcc-12.3.0/cmake-3.29.2-6n4msmc4aewj7wyi6b5g644vjrqyqgot/bin/cmake -E cmake_link_script CMakeFiles/test_phasor_gen_classical.dir/link.txt --verbose=1
/nopt/nrel/apps/cpu_stack/software/gridkit/llvm/16.0.6/bin/clang++ --gcc-toolchain=/nopt/nrel/apps/cpu_stack/compilers/06-24/linux-rhel8-sapphirerapids/gcc-12.3.0/gcc-13.1.0-bmut2ysomhthj6y7oyc73c3cmxye57am -Wall -Wextra -Wconversion -Wpedantic -O2 -g -DNDEBUG -Wl,-rpath,/nopt/nrel/apps/cpu_stack/compilers/06-24/linux-rhel8-sapphirerapids/gcc-12.3.0/gcc-13.1.0-bmut2ysomhthj6y7oyc73c3cmxye57am/lib/gcc/x86_64-pc-linux-gnu/13.1.0/../../../../lib64 -Wl,-rpath,/nopt/nrel/apps/cpu_stack/libraries-gcc/06-24/linux-rhel8-sapphirerapids/gcc-12.3.0/netlib-lapack-3.11.0-abk4uhd5cyrfnhh67bcdhyt6fulibezx/lib64 CMakeFiles/test_phasor_gen_classical.dir/runGenClassicalTests.cpp.o -o test_phasor_gen_classical  -Wl,-rpath,/home/isatkaus/gridkit/build/GridKit/Model/PhasorDynamics/SynchronousMachine/GenClassical:/home/isatkaus/gridkit/build/GridKit/Model/PhasorDynamics/Bus:/home/isatkaus/gridkit/build/GridKit/Testing:/home/isatkaus/gridkit/build/GridKit/LinearAlgebra/Vector:/home/isatkaus/gridkit/build/GridKit/LinearAlgebra/SparseMatrix:/home/isatkaus/gridkit/build/GridKit/MemoryUtilities/cpu:/home/isatkaus/gridkit/build/GridKit/Utilities/CliArgs:/home/isatkaus/gridkit/build/GridKit/Utilities/Logger: ../../../GridKit/Model/PhasorDynamics/SynchronousMachine/GenClassical/libgridkit_phasor_dynamics_gen_classical.so.0.1.0 ../../../GridKit/Model/PhasorDynamics/SynchronousMachine/GenClassical/libgridkit_phasor_dynamics_gen_classical_dependency_tracking.so.0.1.0 ../../../GridKit/Model/PhasorDynamics/Bus/libgridkit_phasor_dynamics_bus.so.0.1.0 ../../../GridKit/Model/PhasorDynamics/Bus/libgridkit_phasor_dynamics_bus_dependency_tracking.so.0.1.0 ../../../GridKit/Testing/libgridkit_testing.so.0.1.0 ../../../GridKit/LinearAlgebra/Vector/libgridkit_dense_vector.so.0.1.0 ../../../GridKit/LinearAlgebra/SparseMatrix/libgridkit_sparse_matrix.so.0.1.0 ../../../GridKit/MemoryUtilities/cpu/libgridkit_cpu_backend.so.0.1.0 ../../../GridKit/Utilities/CliArgs/libgridkit_utilities_cli_args.so.0.1.0 ../../../GridKit/Utilities/Logger/libgridkit_utilities_logger.so.0.1.0
make[2]: Leaving directory '/home/isatkaus/gridkit/build'
[ 87%] Built target scalemicrogrid
make[2]: Leaving directory '/home/isatkaus/gridkit/build'
[ 87%] Built target scalemicrogridarbitrary
[ 88%] Linking Fortran executable dynconopt
[ 88%] Linking Fortran executable genconstload
[ 88%] Linking Fortran executable geninfbus
cd /home/isatkaus/gridkit/build/examples/Experimental/DynamicConstrainedOpt && /nopt/nrel/apps/cpu_stack/utilities/06-24/linux-rhel8-sapphirerapids/gcc-12.3.0/cmake-3.29.2-6n4msmc4aewj7wyi6b5g644vjrqyqgot/bin/cmake -E cmake_link_script CMakeFiles/dynconopt.dir/link.txt --verbose=1
cd /home/isatkaus/gridkit/build/examples/Experimental/GenConstLoad && /nopt/nrel/apps/cpu_stack/utilities/06-24/linux-rhel8-sapphirerapids/gcc-12.3.0/cmake-3.29.2-6n4msmc4aewj7wyi6b5g644vjrqyqgot/bin/cmake -E cmake_link_script CMakeFiles/genconstload.dir/link.txt --verbose=1
make[2]: Leaving directory '/home/isatkaus/gridkit/build'
/nopt/nrel/apps/cpu_stack/compilers/06-24/linux-rhel8-sapphirerapids/gcc-12.3.0/gcc-13.1.0-bmut2ysomhthj6y7oyc73c3cmxye57am/bin/gfortran -Wl,-rpath,/nopt/nrel/apps/cpu_stack/compilers/06-24/linux-rhel8-sapphirerapids/gcc-12.3.0/gcc-13.1.0-bmut2ysomhthj6y7oyc73c3cmxye57am/lib/gcc/x86_64-pc-linux-gnu/13.1.0/../../../../lib64 -Wl,-rpath,/nopt/nrel/apps/cpu_stack/libraries-gcc/06-24/linux-rhel8-sapphirerapids/gcc-12.3.0/netlib-lapack-3.11.0-abk4uhd5cyrfnhh67bcdhyt6fulibezx/lib64 -O2 -g CMakeFiles/dynconopt.dir/DynamicConstrainedOpt.cpp.o -o dynconopt  -Wl,-rpath,/home/isatkaus/gridkit/build/GridKit/Model/PowerFlow/Generator4:/home/isatkaus/gridkit/build/GridKit/Model/PowerFlow/Generator2:/home/isatkaus/gridkit/build/GridKit/Model/PowerFlow/Bus:/home/isatkaus/gridkit/build/GridKit/Solver/Optimization:/home/isatkaus/gridkit/build/GridKit/Solver/Dynamic:/home/isatkaus/gridkit/build/GridKit/LinearAlgebra/Vector:/nopt/nrel/apps/cpu_stack/software/gridkit/sundials/develop/lib64:/nopt/nrel/apps/cpu_stack/software/gridkit/suitesparse/7.8.2/lib64:/home/isatkaus/gridkit/build/GridKit/LinearAlgebra/SparseMatrix:/home/isatkaus/gridkit/build/GridKit/Utilities/Logger:/home/isatkaus/gridkit/build/GridKit/MemoryUtilities/cpu:/nopt/nrel/apps/cpu_stack/software/gridkit/ipopt/3.14.14/lib: ../../../GridKit/Model/PowerFlow/Generator4/libgridkit_generator4.so.0.1.0 ../../../GridKit/Model/PowerFlow/Generator2/libgridkit_generator2.so.0.1.0 ../../../GridKit/Model/PowerFlow/Bus/libgridkit_bus.so.0.1.0 ../../../GridKit/Solver/Optimization/libgridkit_solvers_opt.so.0.1.0 ../../../GridKit/Solver/Dynamic/libgridkit_solvers_dyn.so.0.1.0 ../../../GridKit/LinearAlgebra/Vector/libgridkit_dense_vector.so.0.1.0 /nopt/nrel/apps/cpu_stack/software/gridkit/sundials/develop/lib64/libsundials_nvecserial.so.7.8.0 /nopt/nrel/apps/cpu_stack/software/gridkit/sundials/develop/lib64/libsundials_idas.so.6.8.0 /nopt/nrel/apps/cpu_stack/software/gridkit/sundials/develop/lib64/libsundials_sunlinsolklu.so.5.8.0 /nopt/nrel/apps/cpu_stack/software/gridkit/sundials/develop/lib64/libsundials_sunmatrixsparse.so.5.8.0 /nopt/nrel/apps/cpu_stack/software/gridkit/sundials/develop/lib64/libsundials_core.so.7.8.0 /nopt/nrel/apps/cpu_stack/software/gridkit/suitesparse/7.8.2/lib64/libklu.so /nopt/nrel/apps/cpu_stack/software/gridkit/suitesparse/7.8.2/lib64/libamd.so /nopt/nrel/apps/cpu_stack/software/gridkit/suitesparse/7.8.2/lib64/libcolamd.so /nopt/nrel/apps/cpu_stack/software/gridkit/suitesparse/7.8.2/lib64/libbtf.so /nopt/nrel/apps/cpu_stack/software/gridkit/suitesparse/7.8.2/lib64/libsuitesparseconfig.so ../../../GridKit/LinearAlgebra/SparseMatrix/libgridkit_sparse_matrix.so.0.1.0 ../../../GridKit/Utilities/Logger/libgridkit_utilities_logger.so.0.1.0 ../../../GridKit/MemoryUtilities/cpu/libgridkit_cpu_backend.so.0.1.0 /nopt/nrel/apps/cpu_stack/software/gridkit/ipopt/3.14.14/lib/libipopt.so -lstdc++
cd /home/isatkaus/gridkit/build/examples/Experimental/GenInfiniteBus && /nopt/nrel/apps/cpu_stack/utilities/06-24/linux-rhel8-sapphirerapids/gcc-12.3.0/cmake-3.29.2-6n4msmc4aewj7wyi6b5g644vjrqyqgot/bin/cmake -E cmake_link_script CMakeFiles/geninfbus.dir/link.txt --verbose=1
/nopt/nrel/apps/cpu_stack/compilers/06-24/linux-rhel8-sapphirerapids/gcc-12.3.0/gcc-13.1.0-bmut2ysomhthj6y7oyc73c3cmxye57am/bin/gfortran -Wl,-rpath,/nopt/nrel/apps/cpu_stack/compilers/06-24/linux-rhel8-sapphirerapids/gcc-12.3.0/gcc-13.1.0-bmut2ysomhthj6y7oyc73c3cmxye57am/lib/gcc/x86_64-pc-linux-gnu/13.1.0/../../../../lib64 -Wl,-rpath,/nopt/nrel/apps/cpu_stack/libraries-gcc/06-24/linux-rhel8-sapphirerapids/gcc-12.3.0/netlib-lapack-3.11.0-abk4uhd5cyrfnhh67bcdhyt6fulibezx/lib64 -O2 -g CMakeFiles/genconstload.dir/GenConstLoad.cpp.o -o genconstload  -Wl,-rpath,/home/isatkaus/gridkit/build/GridKit/Model/PowerFlow/Generator4Governor:/home/isatkaus/gridkit/build/GridKit/Model/PowerFlow/Bus:/home/isatkaus/gridkit/build/GridKit/Model/PowerFlow/Load:/home/isatkaus/gridkit/build/GridKit/Solver/Optimization:/home/isatkaus/gridkit/build/GridKit/Solver/Dynamic:/home/isatkaus/gridkit/build/GridKit/LinearAlgebra/Vector:/nopt/nrel/apps/cpu_stack/software/gridkit/sundials/develop/lib64:/nopt/nrel/apps/cpu_stack/software/gridkit/suitesparse/7.8.2/lib64:/home/isatkaus/gridkit/build/GridKit/LinearAlgebra/SparseMatrix:/home/isatkaus/gridkit/build/GridKit/Utilities/Logger:/home/isatkaus/gridkit/build/GridKit/MemoryUtilities/cpu:/nopt/nrel/apps/cpu_stack/software/gridkit/ipopt/3.14.14/lib: ../../../GridKit/Model/PowerFlow/Generator4Governor/libgridkit_generator4governor.so.0.1.0 ../../../GridKit/Model/PowerFlow/Bus/libgridkit_bus.so.0.1.0 ../../../GridKit/Model/PowerFlow/Load/libgridkit_load.so.0.1.0 ../../../GridKit/Solver/Optimization/libgridkit_solvers_opt.so.0.1.0 ../../../GridKit/Solver/Dynamic/libgridkit_solvers_dyn.so.0.1.0 ../../../GridKit/LinearAlgebra/Vector/libgridkit_dense_vector.so.0.1.0 /nopt/nrel/apps/cpu_stack/software/gridkit/sundials/develop/lib64/libsundials_nvecserial.so.7.8.0 /nopt/nrel/apps/cpu_stack/software/gridkit/sundials/develop/lib64/libsundials_idas.so.6.8.0 /nopt/nrel/apps/cpu_stack/software/gridkit/sundials/develop/lib64/libsundials_sunlinsolklu.so.5.8.0 /nopt/nrel/apps/cpu_stack/software/gridkit/sundials/develop/lib64/libsundials_sunmatrixsparse.so.5.8.0 /nopt/nrel/apps/cpu_stack/software/gridkit/sundials/develop/lib64/libsundials_core.so.7.8.0 /nopt/nrel/apps/cpu_stack/software/gridkit/suitesparse/7.8.2/lib64/libklu.so /nopt/nrel/apps/cpu_stack/software/gridkit/suitesparse/7.8.2/lib64/libamd.so /nopt/nrel/apps/cpu_stack/software/gridkit/suitesparse/7.8.2/lib64/libcolamd.so /nopt/nrel/apps/cpu_stack/software/gridkit/suitesparse/7.8.2/lib64/libbtf.so /nopt/nrel/apps/cpu_stack/software/gridkit/suitesparse/7.8.2/lib64/libsuitesparseconfig.so ../../../GridKit/LinearAlgebra/SparseMatrix/libgridkit_sparse_matrix.so.0.1.0 ../../../GridKit/Utilities/Logger/libgridkit_utilities_logger.so.0.1.0 ../../../GridKit/MemoryUtilities/cpu/libgridkit_cpu_backend.so.0.1.0 /nopt/nrel/apps/cpu_stack/software/gridkit/ipopt/3.14.14/lib/libipopt.so -lstdc++
[ 88%] Built target test_phasor_stabilizer_ieeest
/nopt/nrel/apps/cpu_stack/compilers/06-24/linux-rhel8-sapphirerapids/gcc-12.3.0/gcc-13.1.0-bmut2ysomhthj6y7oyc73c3cmxye57am/bin/gfortran -Wl,-rpath,/nopt/nrel/apps/cpu_stack/compilers/06-24/linux-rhel8-sapphirerapids/gcc-12.3.0/gcc-13.1.0-bmut2ysomhthj6y7oyc73c3cmxye57am/lib/gcc/x86_64-pc-linux-gnu/13.1.0/../../../../lib64 -Wl,-rpath,/nopt/nrel/apps/cpu_stack/libraries-gcc/06-24/linux-rhel8-sapphirerapids/gcc-12.3.0/netlib-lapack-3.11.0-abk4uhd5cyrfnhh67bcdhyt6fulibezx/lib64 -O2 -g CMakeFiles/geninfbus.dir/GenInfiniteBus.cpp.o -o geninfbus  -Wl,-rpath,/home/isatkaus/gridkit/build/GridKit/Model/PowerFlow/Bus:/home/isatkaus/gridkit/build/GridKit/Model/PowerFlow/Generator4:/home/isatkaus/gridkit/build/GridKit/Solver/Optimization:/home/isatkaus/gridkit/build/GridKit/Solver/Dynamic:/home/isatkaus/gridkit/build/GridKit/LinearAlgebra/Vector:/nopt/nrel/apps/cpu_stack/software/gridkit/sundials/develop/lib64:/nopt/nrel/apps/cpu_stack/software/gridkit/suitesparse/7.8.2/lib64:/home/isatkaus/gridkit/build/GridKit/LinearAlgebra/SparseMatrix:/home/isatkaus/gridkit/build/GridKit/Utilities/Logger:/home/isatkaus/gridkit/build/GridKit/MemoryUtilities/cpu:/nopt/nrel/apps/cpu_stack/software/gridkit/ipopt/3.14.14/lib: ../../../GridKit/Model/PowerFlow/Bus/libgridkit_bus.so.0.1.0 ../../../GridKit/Model/PowerFlow/Generator4/libgridkit_generator4.so.0.1.0 ../../../GridKit/Solver/Optimization/libgridkit_solvers_opt.so.0.1.0 ../../../GridKit/Solver/Dynamic/libgridkit_solvers_dyn.so.0.1.0 ../../../GridKit/LinearAlgebra/Vector/libgridkit_dense_vector.so.0.1.0 /nopt/nrel/apps/cpu_stack/software/gridkit/sundials/develop/lib64/libsundials_nvecserial.so.7.8.0 /nopt/nrel/apps/cpu_stack/software/gridkit/sundials/develop/lib64/libsundials_idas.so.6.8.0 /nopt/nrel/apps/cpu_stack/software/gridkit/sundials/develop/lib64/libsundials_sunlinsolklu.so.5.8.0 /nopt/nrel/apps/cpu_stack/software/gridkit/sundials/develop/lib64/libsundials_sunmatrixsparse.so.5.8.0 /nopt/nrel/apps/cpu_stack/software/gridkit/sundials/develop/lib64/libsundials_core.so.7.8.0 /nopt/nrel/apps/cpu_stack/software/gridkit/suitesparse/7.8.2/lib64/libklu.so /nopt/nrel/apps/cpu_stack/software/gridkit/suitesparse/7.8.2/lib64/libamd.so /nopt/nrel/apps/cpu_stack/software/gridkit/suitesparse/7.8.2/lib64/libcolamd.so /nopt/nrel/apps/cpu_stack/software/gridkit/suitesparse/7.8.2/lib64/libbtf.so /nopt/nrel/apps/cpu_stack/software/gridkit/suitesparse/7.8.2/lib64/libsuitesparseconfig.so ../../../GridKit/LinearAlgebra/SparseMatrix/libgridkit_sparse_matrix.so.0.1.0 ../../../GridKit/Utilities/Logger/libgridkit_utilities_logger.so.0.1.0 ../../../GridKit/MemoryUtilities/cpu/libgridkit_cpu_backend.so.0.1.0 /nopt/nrel/apps/cpu_stack/software/gridkit/ipopt/3.14.14/lib/libipopt.so -lstdc++
[ 88%] Linking Fortran executable paramest
cd /home/isatkaus/gridkit/build/examples/Experimental/ParameterEstimation && /nopt/nrel/apps/cpu_stack/utilities/06-24/linux-rhel8-sapphirerapids/gcc-12.3.0/cmake-3.29.2-6n4msmc4aewj7wyi6b5g644vjrqyqgot/bin/cmake -E cmake_link_script CMakeFiles/paramest.dir/link.txt --verbose=1
/nopt/nrel/apps/cpu_stack/compilers/06-24/linux-rhel8-sapphirerapids/gcc-12.3.0/gcc-13.1.0-bmut2ysomhthj6y7oyc73c3cmxye57am/bin/gfortran -Wl,-rpath,/nopt/nrel/apps/cpu_stack/compilers/06-24/linux-rhel8-sapphirerapids/gcc-12.3.0/gcc-13.1.0-bmut2ysomhthj6y7oyc73c3cmxye57am/lib/gcc/x86_64-pc-linux-gnu/13.1.0/../../../../lib64 -Wl,-rpath,/nopt/nrel/apps/cpu_stack/libraries-gcc/06-24/linux-rhel8-sapphirerapids/gcc-12.3.0/netlib-lapack-3.11.0-abk4uhd5cyrfnhh67bcdhyt6fulibezx/lib64 -O2 -g CMakeFiles/paramest.dir/ParameterEstimation.cpp.o -o paramest  -Wl,-rpath,/home/isatkaus/gridkit/build/GridKit/Model/PowerFlow/Bus:/home/isatkaus/gridkit/build/GridKit/Model/PowerFlow/Generator4Param:/home/isatkaus/gridkit/build/GridKit/Solver/Optimization:/home/isatkaus/gridkit/build/GridKit/Solver/Dynamic:/home/isatkaus/gridkit/build/GridKit/LinearAlgebra/Vector:/nopt/nrel/apps/cpu_stack/software/gridkit/sundials/develop/lib64:/nopt/nrel/apps/cpu_stack/software/gridkit/suitesparse/7.8.2/lib64:/home/isatkaus/gridkit/build/GridKit/LinearAlgebra/SparseMatrix:/home/isatkaus/gridkit/build/GridKit/MemoryUtilities/cpu:/nopt/nrel/apps/cpu_stack/software/gridkit/ipopt/3.14.14/lib:/home/isatkaus/gridkit/build/GridKit/Utilities/CliArgs:/home/isatkaus/gridkit/build/GridKit/Utilities/Logger: ../../../GridKit/Model/PowerFlow/Bus/libgridkit_bus.so.0.1.0 ../../../GridKit/Model/PowerFlow/Generator4Param/libgridkit_generator4param.so.0.1.0 ../../../GridKit/Solver/Optimization/libgridkit_solvers_opt.so.0.1.0 ../../../GridKit/Solver/Dynamic/libgridkit_solvers_dyn.so.0.1.0 ../../../GridKit/LinearAlgebra/Vector/libgridkit_dense_vector.so.0.1.0 /nopt/nrel/apps/cpu_stack/software/gridkit/sundials/develop/lib64/libsundials_nvecserial.so.7.8.0 /nopt/nrel/apps/cpu_stack/software/gridkit/sundials/develop/lib64/libsundials_idas.so.6.8.0 /nopt/nrel/apps/cpu_stack/software/gridkit/sundials/develop/lib64/libsundials_sunlinsolklu.so.5.8.0 /nopt/nrel/apps/cpu_stack/software/gridkit/sundials/develop/lib64/libsundials_sunmatrixsparse.so.5.8.0 /nopt/nrel/apps/cpu_stack/software/gridkit/sundials/develop/lib64/libsundials_core.so.7.8.0 /nopt/nrel/apps/cpu_stack/software/gridkit/suitesparse/7.8.2/lib64/libklu.so /nopt/nrel/apps/cpu_stack/software/gridkit/suitesparse/7.8.2/lib64/libamd.so /nopt/nrel/apps/cpu_stack/software/gridkit/suitesparse/7.8.2/lib64/libcolamd.so /nopt/nrel/apps/cpu_stack/software/gridkit/suitesparse/7.8.2/lib64/libbtf.so /nopt/nrel/apps/cpu_stack/software/gridkit/suitesparse/7.8.2/lib64/libsuitesparseconfig.so ../../../GridKit/LinearAlgebra/SparseMatrix/libgridkit_sparse_matrix.so.0.1.0 ../../../GridKit/MemoryUtilities/cpu/libgridkit_cpu_backend.so.0.1.0 /nopt/nrel/apps/cpu_stack/software/gridkit/ipopt/3.14.14/lib/libipopt.so ../../../GridKit/Utilities/CliArgs/libgridkit_utilities_cli_args.so.0.1.0 ../../../GridKit/Utilities/Logger/libgridkit_utilities_logger.so.0.1.0 -lstdc++
make[2]: Leaving directory '/home/isatkaus/gridkit/build'
[ 88%] Built target test_phasor_gen_classical
make[2]: Leaving directory '/home/isatkaus/gridkit/build'
make[2]: Leaving directory '/home/isatkaus/gridkit/build'
make[2]: Leaving directory '/home/isatkaus/gridkit/build'
[ 88%] Built target dynconopt
[ 88%] Built target geninfbus
[ 88%] Built target genconstload
make[2]: Leaving directory '/home/isatkaus/gridkit/build'
[ 88%] Built target paramest
[ 88%] Linking CXX executable test_phasor_gensal
cd /home/isatkaus/gridkit/build/tests/UnitTests/PhasorDynamics && /nopt/nrel/apps/cpu_stack/utilities/06-24/linux-rhel8-sapphirerapids/gcc-12.3.0/cmake-3.29.2-6n4msmc4aewj7wyi6b5g644vjrqyqgot/bin/cmake -E cmake_link_script CMakeFiles/test_phasor_gensal.dir/link.txt --verbose=1
/nopt/nrel/apps/cpu_stack/software/gridkit/llvm/16.0.6/bin/clang++ --gcc-toolchain=/nopt/nrel/apps/cpu_stack/compilers/06-24/linux-rhel8-sapphirerapids/gcc-12.3.0/gcc-13.1.0-bmut2ysomhthj6y7oyc73c3cmxye57am -Wall -Wextra -Wconversion -Wpedantic -O2 -g -DNDEBUG -Wl,-rpath,/nopt/nrel/apps/cpu_stack/compilers/06-24/linux-rhel8-sapphirerapids/gcc-12.3.0/gcc-13.1.0-bmut2ysomhthj6y7oyc73c3cmxye57am/lib/gcc/x86_64-pc-linux-gnu/13.1.0/../../../../lib64 -Wl,-rpath,/nopt/nrel/apps/cpu_stack/libraries-gcc/06-24/linux-rhel8-sapphirerapids/gcc-12.3.0/netlib-lapack-3.11.0-abk4uhd5cyrfnhh67bcdhyt6fulibezx/lib64 CMakeFiles/test_phasor_gensal.dir/runGensalTests.cpp.o -o test_phasor_gensal  -Wl,-rpath,/home/isatkaus/gridkit/build/GridKit/Model/PhasorDynamics/SynchronousMachine/GENSAL:/home/isatkaus/gridkit/build/GridKit/Model/PhasorDynamics/Bus:/home/isatkaus/gridkit/build/GridKit/Testing:/home/isatkaus/gridkit/build/GridKit/Model/PhasorDynamics/SignalNode:/home/isatkaus/gridkit/build/GridKit/LinearAlgebra/Vector:/home/isatkaus/gridkit/build/GridKit/LinearAlgebra/SparseMatrix:/home/isatkaus/gridkit/build/GridKit/MemoryUtilities/cpu:/home/isatkaus/gridkit/build/GridKit/Utilities/CliArgs:/home/isatkaus/gridkit/build/GridKit/Utilities/Logger: ../../../GridKit/Model/PhasorDynamics/SynchronousMachine/GENSAL/libgridkit_phasor_dynamics_gensal.so.0.1.0 ../../../GridKit/Model/PhasorDynamics/SynchronousMachine/GENSAL/libgridkit_phasor_dynamics_gensal_dependency_tracking.so.0.1.0 ../../../GridKit/Model/PhasorDynamics/Bus/libgridkit_phasor_dynamics_bus.so.0.1.0 ../../../GridKit/Model/PhasorDynamics/Bus/libgridkit_phasor_dynamics_bus_dependency_tracking.so.0.1.0 ../../../GridKit/Testing/libgridkit_testing.so.0.1.0 ../../../GridKit/Model/PhasorDynamics/SignalNode/libgridkit_phasor_dynamics_signal.so.0.1.0 ../../../GridKit/Model/PhasorDynamics/SignalNode/libgridkit_phasor_dynamics_signal_dependency_tracking.so.0.1.0 ../../../GridKit/LinearAlgebra/Vector/libgridkit_dense_vector.so.0.1.0 ../../../GridKit/LinearAlgebra/SparseMatrix/libgridkit_sparse_matrix.so.0.1.0 ../../../GridKit/MemoryUtilities/cpu/libgridkit_cpu_backend.so.0.1.0 ../../../GridKit/Utilities/CliArgs/libgridkit_utilities_cli_args.so.0.1.0 ../../../GridKit/Utilities/Logger/libgridkit_utilities_logger.so.0.1.0
[ 88%] Linking CXX executable test_phasor_governor_gastpti
cd /home/isatkaus/gridkit/build/tests/UnitTests/PhasorDynamics && /nopt/nrel/apps/cpu_stack/utilities/06-24/linux-rhel8-sapphirerapids/gcc-12.3.0/cmake-3.29.2-6n4msmc4aewj7wyi6b5g644vjrqyqgot/bin/cmake -E cmake_link_script CMakeFiles/test_phasor_governor_gastpti.dir/link.txt --verbose=1
/nopt/nrel/apps/cpu_stack/software/gridkit/llvm/16.0.6/bin/clang++ --gcc-toolchain=/nopt/nrel/apps/cpu_stack/compilers/06-24/linux-rhel8-sapphirerapids/gcc-12.3.0/gcc-13.1.0-bmut2ysomhthj6y7oyc73c3cmxye57am -Wall -Wextra -Wconversion -Wpedantic -O2 -g -DNDEBUG -Wl,-rpath,/nopt/nrel/apps/cpu_stack/compilers/06-24/linux-rhel8-sapphirerapids/gcc-12.3.0/gcc-13.1.0-bmut2ysomhthj6y7oyc73c3cmxye57am/lib/gcc/x86_64-pc-linux-gnu/13.1.0/../../../../lib64 -Wl,-rpath,/nopt/nrel/apps/cpu_stack/libraries-gcc/06-24/linux-rhel8-sapphirerapids/gcc-12.3.0/netlib-lapack-3.11.0-abk4uhd5cyrfnhh67bcdhyt6fulibezx/lib64 CMakeFiles/test_phasor_governor_gastpti.dir/runGovernorGastPtiTests.cpp.o -o test_phasor_governor_gastpti  -Wl,-rpath,/home/isatkaus/gridkit/build/GridKit/Model/PhasorDynamics/Governor/GASTPTI:/home/isatkaus/gridkit/build/GridKit/Testing:/home/isatkaus/gridkit/build/GridKit/Model/PhasorDynamics/SignalNode:/home/isatkaus/gridkit/build/GridKit/LinearAlgebra/Vector:/home/isatkaus/gridkit/build/GridKit/LinearAlgebra/SparseMatrix:/home/isatkaus/gridkit/build/GridKit/MemoryUtilities/cpu:/home/isatkaus/gridkit/build/GridKit/Utilities/CliArgs:/home/isatkaus/gridkit/build/GridKit/Utilities/Logger: ../../../GridKit/Model/PhasorDynamics/Governor/GASTPTI/libgridkit_phasor_dynamics_governor_gastpti.so.0.1.0 ../../../GridKit/Model/PhasorDynamics/Governor/GASTPTI/libgridkit_phasor_dynamics_governor_gastpti_dependency_tracking.so.0.1.0 ../../../GridKit/Testing/libgridkit_testing.so.0.1.0 ../../../GridKit/Model/PhasorDynamics/SignalNode/libgridkit_phasor_dynamics_signal.so.0.1.0 ../../../GridKit/LinearAlgebra/Vector/libgridkit_dense_vector.so.0.1.0 ../../../GridKit/LinearAlgebra/SparseMatrix/libgridkit_sparse_matrix.so.0.1.0 ../../../GridKit/MemoryUtilities/cpu/libgridkit_cpu_backend.so.0.1.0 ../../../GridKit/Model/PhasorDynamics/SignalNode/libgridkit_phasor_dynamics_signal_dependency_tracking.so.0.1.0 ../../../GridKit/Utilities/CliArgs/libgridkit_utilities_cli_args.so.0.1.0 ../../../GridKit/Utilities/Logger/libgridkit_utilities_logger.so.0.1.0
[ 89%] Linking CXX executable test_phasor_governor_tgov1
cd /home/isatkaus/gridkit/build/tests/UnitTests/PhasorDynamics && /nopt/nrel/apps/cpu_stack/utilities/06-24/linux-rhel8-sapphirerapids/gcc-12.3.0/cmake-3.29.2-6n4msmc4aewj7wyi6b5g644vjrqyqgot/bin/cmake -E cmake_link_script CMakeFiles/test_phasor_governor_tgov1.dir/link.txt --verbose=1
/nopt/nrel/apps/cpu_stack/software/gridkit/llvm/16.0.6/bin/clang++ --gcc-toolchain=/nopt/nrel/apps/cpu_stack/compilers/06-24/linux-rhel8-sapphirerapids/gcc-12.3.0/gcc-13.1.0-bmut2ysomhthj6y7oyc73c3cmxye57am -Wall -Wextra -Wconversion -Wpedantic -O2 -g -DNDEBUG -Wl,-rpath,/nopt/nrel/apps/cpu_stack/compilers/06-24/linux-rhel8-sapphirerapids/gcc-12.3.0/gcc-13.1.0-bmut2ysomhthj6y7oyc73c3cmxye57am/lib/gcc/x86_64-pc-linux-gnu/13.1.0/../../../../lib64 -Wl,-rpath,/nopt/nrel/apps/cpu_stack/libraries-gcc/06-24/linux-rhel8-sapphirerapids/gcc-12.3.0/netlib-lapack-3.11.0-abk4uhd5cyrfnhh67bcdhyt6fulibezx/lib64 CMakeFiles/test_phasor_governor_tgov1.dir/runGovernorTgov1Tests.cpp.o -o test_phasor_governor_tgov1  -Wl,-rpath,/home/isatkaus/gridkit/build/GridKit/Model/PhasorDynamics/SynchronousMachine/GENROU:/home/isatkaus/gridkit/build/GridKit/Model/PhasorDynamics/Governor/Tgov1:/home/isatkaus/gridkit/build/GridKit/Model/PhasorDynamics/SignalNode:/home/isatkaus/gridkit/build/GridKit/Model/PhasorDynamics/Bus:/home/isatkaus/gridkit/build/GridKit/Testing:/home/isatkaus/gridkit/build/GridKit/LinearAlgebra/Vector:/home/isatkaus/gridkit/build/GridKit/LinearAlgebra/SparseMatrix:/home/isatkaus/gridkit/build/GridKit/MemoryUtilities/cpu:/home/isatkaus/gridkit/build/GridKit/Utilities/CliArgs:/home/isatkaus/gridkit/build/GridKit/Utilities/Logger: ../../../GridKit/Model/PhasorDynamics/SynchronousMachine/GENROU/libgridkit_phasor_dynamics_genrou.so.0.1.0 ../../../GridKit/Model/PhasorDynamics/SynchronousMachine/GENROU/libgridkit_phasor_dynamics_genrou_dependency_tracking.so.0.1.0 ../../../GridKit/Model/PhasorDynamics/Governor/Tgov1/libgridkit_phasor_dynamics_governor_tgov1.so.0.1.0 ../../../GridKit/Model/PhasorDynamics/Governor/Tgov1/libgridkit_phasor_dynamics_governor_tgov1_dependency_tracking.so.0.1.0 ../../../GridKit/Model/PhasorDynamics/SignalNode/libgridkit_phasor_dynamics_signal.so.0.1.0 ../../../GridKit/Model/PhasorDynamics/Bus/libgridkit_phasor_dynamics_bus.so.0.1.0 ../../../GridKit/Model/PhasorDynamics/Bus/libgridkit_phasor_dynamics_bus_dependency_tracking.so.0.1.0 ../../../GridKit/Testing/libgridkit_testing.so.0.1.0 ../../../GridKit/Model/PhasorDynamics/SignalNode/libgridkit_phasor_dynamics_signal_dependency_tracking.so.0.1.0 ../../../GridKit/LinearAlgebra/Vector/libgridkit_dense_vector.so.0.1.0 ../../../GridKit/LinearAlgebra/SparseMatrix/libgridkit_sparse_matrix.so.0.1.0 ../../../GridKit/MemoryUtilities/cpu/libgridkit_cpu_backend.so.0.1.0 ../../../GridKit/Utilities/CliArgs/libgridkit_utilities_cli_args.so.0.1.0 ../../../GridKit/Utilities/Logger/libgridkit_utilities_logger.so.0.1.0
[ 89%] Linking CXX executable test_phasor_converter_regca
cd /home/isatkaus/gridkit/build/tests/UnitTests/PhasorDynamics && /nopt/nrel/apps/cpu_stack/utilities/06-24/linux-rhel8-sapphirerapids/gcc-12.3.0/cmake-3.29.2-6n4msmc4aewj7wyi6b5g644vjrqyqgot/bin/cmake -E cmake_link_script CMakeFiles/test_phasor_converter_regca.dir/link.txt --verbose=1
/nopt/nrel/apps/cpu_stack/software/gridkit/llvm/16.0.6/bin/clang++ --gcc-toolchain=/nopt/nrel/apps/cpu_stack/compilers/06-24/linux-rhel8-sapphirerapids/gcc-12.3.0/gcc-13.1.0-bmut2ysomhthj6y7oyc73c3cmxye57am -Wall -Wextra -Wconversion -Wpedantic -O2 -g -DNDEBUG -Wl,-rpath,/nopt/nrel/apps/cpu_stack/compilers/06-24/linux-rhel8-sapphirerapids/gcc-12.3.0/gcc-13.1.0-bmut2ysomhthj6y7oyc73c3cmxye57am/lib/gcc/x86_64-pc-linux-gnu/13.1.0/../../../../lib64 -Wl,-rpath,/nopt/nrel/apps/cpu_stack/libraries-gcc/06-24/linux-rhel8-sapphirerapids/gcc-12.3.0/netlib-lapack-3.11.0-abk4uhd5cyrfnhh67bcdhyt6fulibezx/lib64 CMakeFiles/test_phasor_converter_regca.dir/runConverterRegcaTests.cpp.o -o test_phasor_converter_regca  -Wl,-rpath,/home/isatkaus/gridkit/build/GridKit/Model/PhasorDynamics/Converter/REGCA:/home/isatkaus/gridkit/build/GridKit/Model/PhasorDynamics/Bus:/home/isatkaus/gridkit/build/GridKit/Testing:/home/isatkaus/gridkit/build/GridKit/Model/PhasorDynamics/SignalNode:/home/isatkaus/gridkit/build/GridKit/LinearAlgebra/Vector:/home/isatkaus/gridkit/build/GridKit/LinearAlgebra/SparseMatrix:/home/isatkaus/gridkit/build/GridKit/MemoryUtilities/cpu:/home/isatkaus/gridkit/build/GridKit/Utilities/CliArgs:/home/isatkaus/gridkit/build/GridKit/Utilities/Logger: ../../../GridKit/Model/PhasorDynamics/Converter/REGCA/libgridkit_phasor_dynamics_converter_regca.so.0.1.0 ../../../GridKit/Model/PhasorDynamics/Converter/REGCA/libgridkit_phasor_dynamics_converter_regca_dependency_tracking.so.0.1.0 ../../../GridKit/Model/PhasorDynamics/Bus/libgridkit_phasor_dynamics_bus.so.0.1.0 ../../../GridKit/Model/PhasorDynamics/Bus/libgridkit_phasor_dynamics_bus_dependency_tracking.so.0.1.0 ../../../GridKit/Testing/libgridkit_testing.so.0.1.0 ../../../GridKit/Model/PhasorDynamics/SignalNode/libgridkit_phasor_dynamics_signal.so.0.1.0 ../../../GridKit/Model/PhasorDynamics/SignalNode/libgridkit_phasor_dynamics_signal_dependency_tracking.so.0.1.0 ../../../GridKit/LinearAlgebra/Vector/libgridkit_dense_vector.so.0.1.0 ../../../GridKit/LinearAlgebra/SparseMatrix/libgridkit_sparse_matrix.so.0.1.0 ../../../GridKit/MemoryUtilities/cpu/libgridkit_cpu_backend.so.0.1.0 ../../../GridKit/Utilities/CliArgs/libgridkit_utilities_cli_args.so.0.1.0 ../../../GridKit/Utilities/Logger/libgridkit_utilities_logger.so.0.1.0
make[2]: Leaving directory '/home/isatkaus/gridkit/build'
[ 89%] Built target test_phasor_gensal
[ 90%] Linking CXX executable test_phasor_genrou
cd /home/isatkaus/gridkit/build/tests/UnitTests/PhasorDynamics && /nopt/nrel/apps/cpu_stack/utilities/06-24/linux-rhel8-sapphirerapids/gcc-12.3.0/cmake-3.29.2-6n4msmc4aewj7wyi6b5g644vjrqyqgot/bin/cmake -E cmake_link_script CMakeFiles/test_phasor_genrou.dir/link.txt --verbose=1
make[2]: Leaving directory '/home/isatkaus/gridkit/build'
/nopt/nrel/apps/cpu_stack/software/gridkit/llvm/16.0.6/bin/clang++ --gcc-toolchain=/nopt/nrel/apps/cpu_stack/compilers/06-24/linux-rhel8-sapphirerapids/gcc-12.3.0/gcc-13.1.0-bmut2ysomhthj6y7oyc73c3cmxye57am -Wall -Wextra -Wconversion -Wpedantic -O2 -g -DNDEBUG -Wl,-rpath,/nopt/nrel/apps/cpu_stack/compilers/06-24/linux-rhel8-sapphirerapids/gcc-12.3.0/gcc-13.1.0-bmut2ysomhthj6y7oyc73c3cmxye57am/lib/gcc/x86_64-pc-linux-gnu/13.1.0/../../../../lib64 -Wl,-rpath,/nopt/nrel/apps/cpu_stack/libraries-gcc/06-24/linux-rhel8-sapphirerapids/gcc-12.3.0/netlib-lapack-3.11.0-abk4uhd5cyrfnhh67bcdhyt6fulibezx/lib64 CMakeFiles/test_phasor_genrou.dir/runGenrouTests.cpp.o -o test_phasor_genrou  -Wl,-rpath,/home/isatkaus/gridkit/build/GridKit/Model/PhasorDynamics/SynchronousMachine/GENROU:/home/isatkaus/gridkit/build/GridKit/Model/PhasorDynamics/Bus:/home/isatkaus/gridkit/build/GridKit/Testing:/home/isatkaus/gridkit/build/GridKit/Model/PhasorDynamics/SignalNode:/home/isatkaus/gridkit/build/GridKit/LinearAlgebra/Vector:/home/isatkaus/gridkit/build/GridKit/LinearAlgebra/SparseMatrix:/home/isatkaus/gridkit/build/GridKit/MemoryUtilities/cpu:/home/isatkaus/gridkit/build/GridKit/Utilities/CliArgs:/home/isatkaus/gridkit/build/GridKit/Utilities/Logger: ../../../GridKit/Model/PhasorDynamics/SynchronousMachine/GENROU/libgridkit_phasor_dynamics_genrou.so.0.1.0 ../../../GridKit/Model/PhasorDynamics/SynchronousMachine/GENROU/libgridkit_phasor_dynamics_genrou_dependency_tracking.so.0.1.0 ../../../GridKit/Model/PhasorDynamics/Bus/libgridkit_phasor_dynamics_bus.so.0.1.0 ../../../GridKit/Model/PhasorDynamics/Bus/libgridkit_phasor_dynamics_bus_dependency_tracking.so.0.1.0 ../../../GridKit/Testing/libgridkit_testing.so.0.1.0 ../../../GridKit/Model/PhasorDynamics/SignalNode/libgridkit_phasor_dynamics_signal.so.0.1.0 ../../../GridKit/Model/PhasorDynamics/SignalNode/libgridkit_phasor_dynamics_signal_dependency_tracking.so.0.1.0 ../../../GridKit/LinearAlgebra/Vector/libgridkit_dense_vector.so.0.1.0 ../../../GridKit/LinearAlgebra/SparseMatrix/libgridkit_sparse_matrix.so.0.1.0 ../../../GridKit/MemoryUtilities/cpu/libgridkit_cpu_backend.so.0.1.0 ../../../GridKit/Utilities/CliArgs/libgridkit_utilities_cli_args.so.0.1.0 ../../../GridKit/Utilities/Logger/libgridkit_utilities_logger.so.0.1.0
[ 90%] Built target test_phasor_governor_gastpti
make[2]: Leaving directory '/home/isatkaus/gridkit/build'
[ 90%] Built target test_phasor_governor_tgov1
make[2]: Leaving directory '/home/isatkaus/gridkit/build'
[ 90%] Built target test_phasor_converter_regca
make[2]: Leaving directory '/home/isatkaus/gridkit/build'
[ 90%] Built target test_phasor_genrou
[ 91%] Linking CXX executable test_phasor_exciter_esdc1a
cd /home/isatkaus/gridkit/build/tests/UnitTests/PhasorDynamics && /nopt/nrel/apps/cpu_stack/utilities/06-24/linux-rhel8-sapphirerapids/gcc-12.3.0/cmake-3.29.2-6n4msmc4aewj7wyi6b5g644vjrqyqgot/bin/cmake -E cmake_link_script CMakeFiles/test_phasor_exciter_esdc1a.dir/link.txt --verbose=1
/nopt/nrel/apps/cpu_stack/software/gridkit/llvm/16.0.6/bin/clang++ --gcc-toolchain=/nopt/nrel/apps/cpu_stack/compilers/06-24/linux-rhel8-sapphirerapids/gcc-12.3.0/gcc-13.1.0-bmut2ysomhthj6y7oyc73c3cmxye57am -Wall -Wextra -Wconversion -Wpedantic -O2 -g -DNDEBUG -Wl,-rpath,/nopt/nrel/apps/cpu_stack/compilers/06-24/linux-rhel8-sapphirerapids/gcc-12.3.0/gcc-13.1.0-bmut2ysomhthj6y7oyc73c3cmxye57am/lib/gcc/x86_64-pc-linux-gnu/13.1.0/../../../../lib64 -Wl,-rpath,/nopt/nrel/apps/cpu_stack/libraries-gcc/06-24/linux-rhel8-sapphirerapids/gcc-12.3.0/netlib-lapack-3.11.0-abk4uhd5cyrfnhh67bcdhyt6fulibezx/lib64 CMakeFiles/test_phasor_exciter_esdc1a.dir/runExciterEsdc1aTests.cpp.o -o test_phasor_exciter_esdc1a  -Wl,-rpath,/home/isatkaus/gridkit/build/GridKit/Model/PhasorDynamics/Exciter/ESDC1A:/home/isatkaus/gridkit/build/GridKit/Model/PhasorDynamics/Bus:/home/isatkaus/gridkit/build/GridKit/Testing:/home/isatkaus/gridkit/build/GridKit/Model/PhasorDynamics/SignalNode:/home/isatkaus/gridkit/build/GridKit/LinearAlgebra/Vector:/home/isatkaus/gridkit/build/GridKit/LinearAlgebra/SparseMatrix:/home/isatkaus/gridkit/build/GridKit/MemoryUtilities/cpu:/home/isatkaus/gridkit/build/GridKit/Utilities/CliArgs:/home/isatkaus/gridkit/build/GridKit/Utilities/Logger: ../../../GridKit/Model/PhasorDynamics/Exciter/ESDC1A/libgridkit_phasor_dynamics_exciter_esdc1a.so.0.1.0 ../../../GridKit/Model/PhasorDynamics/Exciter/ESDC1A/libgridkit_phasor_dynamics_exciter_esdc1a_dependency_tracking.so.0.1.0 ../../../GridKit/Model/PhasorDynamics/Bus/libgridkit_phasor_dynamics_bus.so.0.1.0 ../../../GridKit/Model/PhasorDynamics/Bus/libgridkit_phasor_dynamics_bus_dependency_tracking.so.0.1.0 ../../../GridKit/Testing/libgridkit_testing.so.0.1.0 ../../../GridKit/Model/PhasorDynamics/SignalNode/libgridkit_phasor_dynamics_signal.so.0.1.0 ../../../GridKit/Model/PhasorDynamics/SignalNode/libgridkit_phasor_dynamics_signal_dependency_tracking.so.0.1.0 ../../../GridKit/LinearAlgebra/Vector/libgridkit_dense_vector.so.0.1.0 ../../../GridKit/LinearAlgebra/SparseMatrix/libgridkit_sparse_matrix.so.0.1.0 ../../../GridKit/MemoryUtilities/cpu/libgridkit_cpu_backend.so.0.1.0 ../../../GridKit/Utilities/CliArgs/libgridkit_utilities_cli_args.so.0.1.0 ../../../GridKit/Utilities/Logger/libgridkit_utilities_logger.so.0.1.0
make[2]: Leaving directory '/home/isatkaus/gridkit/build'
[ 91%] Built target test_phasor_exciter_esdc1a
[ 92%] Linking CXX shared library libgridkit_phasor_dynamics_governor_hygov_dependency_tracking.so
cd /home/isatkaus/gridkit/build/GridKit/Model/PhasorDynamics/Governor/HYGOV && /nopt/nrel/apps/cpu_stack/utilities/06-24/linux-rhel8-sapphirerapids/gcc-12.3.0/cmake-3.29.2-6n4msmc4aewj7wyi6b5g644vjrqyqgot/bin/cmake -E cmake_link_script CMakeFiles/phasor_dynamics_governor_hygov_dependency_tracking.dir/link.txt --verbose=1
/nopt/nrel/apps/cpu_stack/software/gridkit/llvm/16.0.6/bin/clang++ -fPIC --gcc-toolchain=/nopt/nrel/apps/cpu_stack/compilers/06-24/linux-rhel8-sapphirerapids/gcc-12.3.0/gcc-13.1.0-bmut2ysomhthj6y7oyc73c3cmxye57am -Wall -Wextra -Wconversion -Wpedantic -O2 -g -DNDEBUG -Wl,-rpath,/nopt/nrel/apps/cpu_stack/compilers/06-24/linux-rhel8-sapphirerapids/gcc-12.3.0/gcc-13.1.0-bmut2ysomhthj6y7oyc73c3cmxye57am/lib/gcc/x86_64-pc-linux-gnu/13.1.0/../../../../lib64 -Wl,-rpath,/nopt/nrel/apps/cpu_stack/libraries-gcc/06-24/linux-rhel8-sapphirerapids/gcc-12.3.0/netlib-lapack-3.11.0-abk4uhd5cyrfnhh67bcdhyt6fulibezx/lib64 -shared -Wl,-soname,libgridkit_phasor_dynamics_governor_hygov_dependency_tracking.so.0 -o libgridkit_phasor_dynamics_governor_hygov_dependency_tracking.so.0.1.0 CMakeFiles/phasor_dynamics_governor_hygov_dependency_tracking.dir/HygovDependencyTracking.cpp.o  -Wl,-rpath,/home/isatkaus/gridkit/build/GridKit/Model/PhasorDynamics/SignalNode:/home/isatkaus/gridkit/build/GridKit/LinearAlgebra/Vector:/home/isatkaus/gridkit/build/GridKit/LinearAlgebra/SparseMatrix:/home/isatkaus/gridkit/build/GridKit/Utilities/Logger:/home/isatkaus/gridkit/build/GridKit/MemoryUtilities/cpu: ../../SignalNode/libgridkit_phasor_dynamics_signal_dependency_tracking.so.0.1.0 ../../../../LinearAlgebra/Vector/libgridkit_dense_vector.so.0.1.0 ../../../../LinearAlgebra/SparseMatrix/libgridkit_sparse_matrix.so.0.1.0 ../../../../Utilities/Logger/libgridkit_utilities_logger.so.0.1.0 ../../../../MemoryUtilities/cpu/libgridkit_cpu_backend.so.0.1.0
cd /home/isatkaus/gridkit/build/GridKit/Model/PhasorDynamics/Governor/HYGOV && /nopt/nrel/apps/cpu_stack/utilities/06-24/linux-rhel8-sapphirerapids/gcc-12.3.0/cmake-3.29.2-6n4msmc4aewj7wyi6b5g644vjrqyqgot/bin/cmake -E cmake_symlink_library libgridkit_phasor_dynamics_governor_hygov_dependency_tracking.so.0.1.0 libgridkit_phasor_dynamics_governor_hygov_dependency_tracking.so.0 libgridkit_phasor_dynamics_governor_hygov_dependency_tracking.so
make[2]: Leaving directory '/home/isatkaus/gridkit/build'
[ 92%] Built target phasor_dynamics_governor_hygov_dependency_tracking
make  -f tests/UnitTests/PhasorDynamics/CMakeFiles/test_phasor_governor_hygov.dir/build.make tests/UnitTests/PhasorDynamics/CMakeFiles/test_phasor_governor_hygov.dir/depend
make[2]: Entering directory '/home/isatkaus/gridkit/build'
cd /home/isatkaus/gridkit/build && /nopt/nrel/apps/cpu_stack/utilities/06-24/linux-rhel8-sapphirerapids/gcc-12.3.0/cmake-3.29.2-6n4msmc4aewj7wyi6b5g644vjrqyqgot/bin/cmake -E cmake_depends "Unix Makefiles" /home/isatkaus/gridkit /home/isatkaus/gridkit/tests/UnitTests/PhasorDynamics /home/isatkaus/gridkit/build /home/isatkaus/gridkit/build/tests/UnitTests/PhasorDynamics /home/isatkaus/gridkit/build/tests/UnitTests/PhasorDynamics/CMakeFiles/test_phasor_governor_hygov.dir/DependInfo.cmake "--color="
make[2]: Leaving directory '/home/isatkaus/gridkit/build'
make  -f tests/UnitTests/PhasorDynamics/CMakeFiles/test_phasor_governor_hygov.dir/build.make tests/UnitTests/PhasorDynamics/CMakeFiles/test_phasor_governor_hygov.dir/build
make[2]: Entering directory '/home/isatkaus/gridkit/build'
[ 93%] Building CXX object tests/UnitTests/PhasorDynamics/CMakeFiles/test_phasor_governor_hygov.dir/runGovernorHygovTests.cpp.o
cd /home/isatkaus/gridkit/build/tests/UnitTests/PhasorDynamics && /nopt/nrel/apps/cpu_stack/software/gridkit/llvm/16.0.6/bin/clang++  -I/home/isatkaus/gridkit/build -I/home/isatkaus/gridkit --gcc-toolchain=/nopt/nrel/apps/cpu_stack/compilers/06-24/linux-rhel8-sapphirerapids/gcc-12.3.0/gcc-13.1.0-bmut2ysomhthj6y7oyc73c3cmxye57am -Wall -Wextra -Wconversion -Wpedantic -O2 -g -DNDEBUG -std=gnu++20 -fPIE -MD -MT tests/UnitTests/PhasorDynamics/CMakeFiles/test_phasor_governor_hygov.dir/runGovernorHygovTests.cpp.o -MF CMakeFiles/test_phasor_governor_hygov.dir/runGovernorHygovTests.cpp.o.d -o CMakeFiles/test_phasor_governor_hygov.dir/runGovernorHygovTests.cpp.o -c /home/isatkaus/gridkit/tests/UnitTests/PhasorDynamics/runGovernorHygovTests.cpp
[ 93%] Linking CXX shared library libgridkit_phasor_dynamics_controller_repca_dependency_tracking.so
cd /home/isatkaus/gridkit/build/GridKit/Model/PhasorDynamics/Controller/REPCA && /nopt/nrel/apps/cpu_stack/utilities/06-24/linux-rhel8-sapphirerapids/gcc-12.3.0/cmake-3.29.2-6n4msmc4aewj7wyi6b5g644vjrqyqgot/bin/cmake -E cmake_link_script CMakeFiles/phasor_dynamics_controller_repca_dependency_tracking.dir/link.txt --verbose=1
/nopt/nrel/apps/cpu_stack/software/gridkit/llvm/16.0.6/bin/clang++ -fPIC --gcc-toolchain=/nopt/nrel/apps/cpu_stack/compilers/06-24/linux-rhel8-sapphirerapids/gcc-12.3.0/gcc-13.1.0-bmut2ysomhthj6y7oyc73c3cmxye57am -Wall -Wextra -Wconversion -Wpedantic -O2 -g -DNDEBUG -Wl,-rpath,/nopt/nrel/apps/cpu_stack/compilers/06-24/linux-rhel8-sapphirerapids/gcc-12.3.0/gcc-13.1.0-bmut2ysomhthj6y7oyc73c3cmxye57am/lib/gcc/x86_64-pc-linux-gnu/13.1.0/../../../../lib64 -Wl,-rpath,/nopt/nrel/apps/cpu_stack/libraries-gcc/06-24/linux-rhel8-sapphirerapids/gcc-12.3.0/netlib-lapack-3.11.0-abk4uhd5cyrfnhh67bcdhyt6fulibezx/lib64 -shared -Wl,-soname,libgridkit_phasor_dynamics_controller_repca_dependency_tracking.so.0 -o libgridkit_phasor_dynamics_controller_repca_dependency_tracking.so.0.1.0 CMakeFiles/phasor_dynamics_controller_repca_dependency_tracking.dir/RepcaDependencyTracking.cpp.o  -Wl,-rpath,/home/isatkaus/gridkit/build/GridKit/Model/PhasorDynamics/SignalNode:/home/isatkaus/gridkit/build/GridKit/LinearAlgebra/Vector:/home/isatkaus/gridkit/build/GridKit/LinearAlgebra/SparseMatrix:/home/isatkaus/gridkit/build/GridKit/Utilities/Logger:/home/isatkaus/gridkit/build/GridKit/MemoryUtilities/cpu: ../../SignalNode/libgridkit_phasor_dynamics_signal_dependency_tracking.so.0.1.0 ../../../../LinearAlgebra/Vector/libgridkit_dense_vector.so.0.1.0 ../../../../LinearAlgebra/SparseMatrix/libgridkit_sparse_matrix.so.0.1.0 ../../../../Utilities/Logger/libgridkit_utilities_logger.so.0.1.0 ../../../../MemoryUtilities/cpu/libgridkit_cpu_backend.so.0.1.0
cd /home/isatkaus/gridkit/build/GridKit/Model/PhasorDynamics/Controller/REPCA && /nopt/nrel/apps/cpu_stack/utilities/06-24/linux-rhel8-sapphirerapids/gcc-12.3.0/cmake-3.29.2-6n4msmc4aewj7wyi6b5g644vjrqyqgot/bin/cmake -E cmake_symlink_library libgridkit_phasor_dynamics_controller_repca_dependency_tracking.so.0.1.0 libgridkit_phasor_dynamics_controller_repca_dependency_tracking.so.0 libgridkit_phasor_dynamics_controller_repca_dependency_tracking.so
make[2]: Leaving directory '/home/isatkaus/gridkit/build'
[ 93%] Built target phasor_dynamics_controller_repca_dependency_tracking
make  -f tests/UnitTests/PhasorDynamics/CMakeFiles/test_phasor_controller_repca.dir/build.make tests/UnitTests/PhasorDynamics/CMakeFiles/test_phasor_controller_repca.dir/depend
make[2]: Entering directory '/home/isatkaus/gridkit/build'
cd /home/isatkaus/gridkit/build && /nopt/nrel/apps/cpu_stack/utilities/06-24/linux-rhel8-sapphirerapids/gcc-12.3.0/cmake-3.29.2-6n4msmc4aewj7wyi6b5g644vjrqyqgot/bin/cmake -E cmake_depends "Unix Makefiles" /home/isatkaus/gridkit /home/isatkaus/gridkit/tests/UnitTests/PhasorDynamics /home/isatkaus/gridkit/build /home/isatkaus/gridkit/build/tests/UnitTests/PhasorDynamics /home/isatkaus/gridkit/build/tests/UnitTests/PhasorDynamics/CMakeFiles/test_phasor_controller_repca.dir/DependInfo.cmake "--color="
make[2]: Leaving directory '/home/isatkaus/gridkit/build'
make  -f tests/UnitTests/PhasorDynamics/CMakeFiles/test_phasor_controller_repca.dir/build.make tests/UnitTests/PhasorDynamics/CMakeFiles/test_phasor_controller_repca.dir/build
make[2]: Entering directory '/home/isatkaus/gridkit/build'
[ 93%] Building CXX object tests/UnitTests/PhasorDynamics/CMakeFiles/test_phasor_controller_repca.dir/runControllerRepcaTests.cpp.o
cd /home/isatkaus/gridkit/build/tests/UnitTests/PhasorDynamics && /nopt/nrel/apps/cpu_stack/software/gridkit/llvm/16.0.6/bin/clang++  -I/home/isatkaus/gridkit/build -I/home/isatkaus/gridkit --gcc-toolchain=/nopt/nrel/apps/cpu_stack/compilers/06-24/linux-rhel8-sapphirerapids/gcc-12.3.0/gcc-13.1.0-bmut2ysomhthj6y7oyc73c3cmxye57am -Wall -Wextra -Wconversion -Wpedantic -O2 -g -DNDEBUG -std=gnu++20 -fPIE -MD -MT tests/UnitTests/PhasorDynamics/CMakeFiles/test_phasor_controller_repca.dir/runControllerRepcaTests.cpp.o -MF CMakeFiles/test_phasor_controller_repca.dir/runControllerRepcaTests.cpp.o.d -o CMakeFiles/test_phasor_controller_repca.dir/runControllerRepcaTests.cpp.o -c /home/isatkaus/gridkit/tests/UnitTests/PhasorDynamics/runControllerRepcaTests.cpp
[ 93%] Linking CXX shared library libgridkit_phasor_dynamics_controller_reecb_dependency_tracking.so
cd /home/isatkaus/gridkit/build/GridKit/Model/PhasorDynamics/Controller/REECB && /nopt/nrel/apps/cpu_stack/utilities/06-24/linux-rhel8-sapphirerapids/gcc-12.3.0/cmake-3.29.2-6n4msmc4aewj7wyi6b5g644vjrqyqgot/bin/cmake -E cmake_link_script CMakeFiles/phasor_dynamics_controller_reecb_dependency_tracking.dir/link.txt --verbose=1
/nopt/nrel/apps/cpu_stack/software/gridkit/llvm/16.0.6/bin/clang++ -fPIC --gcc-toolchain=/nopt/nrel/apps/cpu_stack/compilers/06-24/linux-rhel8-sapphirerapids/gcc-12.3.0/gcc-13.1.0-bmut2ysomhthj6y7oyc73c3cmxye57am -Wall -Wextra -Wconversion -Wpedantic -O2 -g -DNDEBUG -Wl,-rpath,/nopt/nrel/apps/cpu_stack/compilers/06-24/linux-rhel8-sapphirerapids/gcc-12.3.0/gcc-13.1.0-bmut2ysomhthj6y7oyc73c3cmxye57am/lib/gcc/x86_64-pc-linux-gnu/13.1.0/../../../../lib64 -Wl,-rpath,/nopt/nrel/apps/cpu_stack/libraries-gcc/06-24/linux-rhel8-sapphirerapids/gcc-12.3.0/netlib-lapack-3.11.0-abk4uhd5cyrfnhh67bcdhyt6fulibezx/lib64 -shared -Wl,-soname,libgridkit_phasor_dynamics_controller_reecb_dependency_tracking.so.0 -o libgridkit_phasor_dynamics_controller_reecb_dependency_tracking.so.0.1.0 CMakeFiles/phasor_dynamics_controller_reecb_dependency_tracking.dir/ReecbDependencyTracking.cpp.o  -Wl,-rpath,/home/isatkaus/gridkit/build/GridKit/Model/PhasorDynamics/SignalNode:/home/isatkaus/gridkit/build/GridKit/LinearAlgebra/Vector:/home/isatkaus/gridkit/build/GridKit/LinearAlgebra/SparseMatrix:/home/isatkaus/gridkit/build/GridKit/Utilities/Logger:/home/isatkaus/gridkit/build/GridKit/MemoryUtilities/cpu: ../../SignalNode/libgridkit_phasor_dynamics_signal_dependency_tracking.so.0.1.0 ../../../../LinearAlgebra/Vector/libgridkit_dense_vector.so.0.1.0 ../../../../LinearAlgebra/SparseMatrix/libgridkit_sparse_matrix.so.0.1.0 ../../../../Utilities/Logger/libgridkit_utilities_logger.so.0.1.0 ../../../../MemoryUtilities/cpu/libgridkit_cpu_backend.so.0.1.0
cd /home/isatkaus/gridkit/build/GridKit/Model/PhasorDynamics/Controller/REECB && /nopt/nrel/apps/cpu_stack/utilities/06-24/linux-rhel8-sapphirerapids/gcc-12.3.0/cmake-3.29.2-6n4msmc4aewj7wyi6b5g644vjrqyqgot/bin/cmake -E cmake_symlink_library libgridkit_phasor_dynamics_controller_reecb_dependency_tracking.so.0.1.0 libgridkit_phasor_dynamics_controller_reecb_dependency_tracking.so.0 libgridkit_phasor_dynamics_controller_reecb_dependency_tracking.so
make[2]: Leaving directory '/home/isatkaus/gridkit/build'
[ 93%] Built target phasor_dynamics_controller_reecb_dependency_tracking
make  -f GridKit/Model/PhasorDynamics/CMakeFiles/phasor_dynamics_systemmodel_dependency_tracking.dir/build.make GridKit/Model/PhasorDynamics/CMakeFiles/phasor_dynamics_systemmodel_dependency_tracking.dir/depend
make  -f tests/UnitTests/PhasorDynamics/CMakeFiles/test_phasor_exciter_ieeet1.dir/build.make tests/UnitTests/PhasorDynamics/CMakeFiles/test_phasor_exciter_ieeet1.dir/depend
make  -f tests/UnitTests/PhasorDynamics/CMakeFiles/test_phasor_controller_reecb.dir/build.make tests/UnitTests/PhasorDynamics/CMakeFiles/test_phasor_controller_reecb.dir/depend
make[2]: Entering directory '/home/isatkaus/gridkit/build'
cd /home/isatkaus/gridkit/build && /nopt/nrel/apps/cpu_stack/utilities/06-24/linux-rhel8-sapphirerapids/gcc-12.3.0/cmake-3.29.2-6n4msmc4aewj7wyi6b5g644vjrqyqgot/bin/cmake -E cmake_depends "Unix Makefiles" /home/isatkaus/gridkit /home/isatkaus/gridkit/GridKit/Model/PhasorDynamics /home/isatkaus/gridkit/build /home/isatkaus/gridkit/build/GridKit/Model/PhasorDynamics /home/isatkaus/gridkit/build/GridKit/Model/PhasorDynamics/CMakeFiles/phasor_dynamics_systemmodel_dependency_tracking.dir/DependInfo.cmake "--color="
make[2]: Entering directory '/home/isatkaus/gridkit/build'
cd /home/isatkaus/gridkit/build && /nopt/nrel/apps/cpu_stack/utilities/06-24/linux-rhel8-sapphirerapids/gcc-12.3.0/cmake-3.29.2-6n4msmc4aewj7wyi6b5g644vjrqyqgot/bin/cmake -E cmake_depends "Unix Makefiles" /home/isatkaus/gridkit /home/isatkaus/gridkit/tests/UnitTests/PhasorDynamics /home/isatkaus/gridkit/build /home/isatkaus/gridkit/build/tests/UnitTests/PhasorDynamics /home/isatkaus/gridkit/build/tests/UnitTests/PhasorDynamics/CMakeFiles/test_phasor_controller_reecb.dir/DependInfo.cmake "--color="
make[2]: Entering directory '/home/isatkaus/gridkit/build'
cd /home/isatkaus/gridkit/build && /nopt/nrel/apps/cpu_stack/utilities/06-24/linux-rhel8-sapphirerapids/gcc-12.3.0/cmake-3.29.2-6n4msmc4aewj7wyi6b5g644vjrqyqgot/bin/cmake -E cmake_depends "Unix Makefiles" /home/isatkaus/gridkit /home/isatkaus/gridkit/tests/UnitTests/PhasorDynamics /home/isatkaus/gridkit/build /home/isatkaus/gridkit/build/tests/UnitTests/PhasorDynamics /home/isatkaus/gridkit/build/tests/UnitTests/PhasorDynamics/CMakeFiles/test_phasor_exciter_ieeet1.dir/DependInfo.cmake "--color="
make[2]: Leaving directory '/home/isatkaus/gridkit/build'
make  -f GridKit/Model/PhasorDynamics/CMakeFiles/phasor_dynamics_systemmodel_dependency_tracking.dir/build.make GridKit/Model/PhasorDynamics/CMakeFiles/phasor_dynamics_systemmodel_dependency_tracking.dir/build
make[2]: Leaving directory '/home/isatkaus/gridkit/build'
make[2]: Leaving directory '/home/isatkaus/gridkit/build'
make  -f tests/UnitTests/PhasorDynamics/CMakeFiles/test_phasor_exciter_ieeet1.dir/build.make tests/UnitTests/PhasorDynamics/CMakeFiles/test_phasor_exciter_ieeet1.dir/build
make  -f tests/UnitTests/PhasorDynamics/CMakeFiles/test_phasor_controller_reecb.dir/build.make tests/UnitTests/PhasorDynamics/CMakeFiles/test_phasor_controller_reecb.dir/build
make[2]: Entering directory '/home/isatkaus/gridkit/build'
make[2]: Entering directory '/home/isatkaus/gridkit/build'
make[2]: Entering directory '/home/isatkaus/gridkit/build'
[ 94%] Building CXX object tests/UnitTests/PhasorDynamics/CMakeFiles/test_phasor_controller_reecb.dir/runControllerReecbTests.cpp.o
[ 94%] Building CXX object GridKit/Model/PhasorDynamics/CMakeFiles/phasor_dynamics_systemmodel_dependency_tracking.dir/SystemModelDependencyTracking.cpp.o
[ 94%] Building CXX object tests/UnitTests/PhasorDynamics/CMakeFiles/test_phasor_exciter_ieeet1.dir/runExciterIeeet1Tests.cpp.o
cd /home/isatkaus/gridkit/build/tests/UnitTests/PhasorDynamics && /nopt/nrel/apps/cpu_stack/software/gridkit/llvm/16.0.6/bin/clang++  -I/home/isatkaus/gridkit/build -I/home/isatkaus/gridkit --gcc-toolchain=/nopt/nrel/apps/cpu_stack/compilers/06-24/linux-rhel8-sapphirerapids/gcc-12.3.0/gcc-13.1.0-bmut2ysomhthj6y7oyc73c3cmxye57am -Wall -Wextra -Wconversion -Wpedantic -O2 -g -DNDEBUG -std=gnu++20 -fPIE -MD -MT tests/UnitTests/PhasorDynamics/CMakeFiles/test_phasor_exciter_ieeet1.dir/runExciterIeeet1Tests.cpp.o -MF CMakeFiles/test_phasor_exciter_ieeet1.dir/runExciterIeeet1Tests.cpp.o.d -o CMakeFiles/test_phasor_exciter_ieeet1.dir/runExciterIeeet1Tests.cpp.o -c /home/isatkaus/gridkit/tests/UnitTests/PhasorDynamics/runExciterIeeet1Tests.cpp
cd /home/isatkaus/gridkit/build/tests/UnitTests/PhasorDynamics && /nopt/nrel/apps/cpu_stack/software/gridkit/llvm/16.0.6/bin/clang++  -I/home/isatkaus/gridkit/build -I/home/isatkaus/gridkit --gcc-toolchain=/nopt/nrel/apps/cpu_stack/compilers/06-24/linux-rhel8-sapphirerapids/gcc-12.3.0/gcc-13.1.0-bmut2ysomhthj6y7oyc73c3cmxye57am -Wall -Wextra -Wconversion -Wpedantic -O2 -g -DNDEBUG -std=gnu++20 -fPIE -MD -MT tests/UnitTests/PhasorDynamics/CMakeFiles/test_phasor_controller_reecb.dir/runControllerReecbTests.cpp.o -MF CMakeFiles/test_phasor_controller_reecb.dir/runControllerReecbTests.cpp.o.d -o CMakeFiles/test_phasor_controller_reecb.dir/runControllerReecbTests.cpp.o -c /home/isatkaus/gridkit/tests/UnitTests/PhasorDynamics/runControllerReecbTests.cpp
cd /home/isatkaus/gridkit/build/GridKit/Model/PhasorDynamics && /nopt/nrel/apps/cpu_stack/software/gridkit/llvm/16.0.6/bin/clang++ -Dphasor_dynamics_systemmodel_dependency_tracking_EXPORTS -I/home/isatkaus/gridkit -I/home/isatkaus/gridkit/build --gcc-toolchain=/nopt/nrel/apps/cpu_stack/compilers/06-24/linux-rhel8-sapphirerapids/gcc-12.3.0/gcc-13.1.0-bmut2ysomhthj6y7oyc73c3cmxye57am -Wall -Wextra -Wconversion -Wpedantic -O2 -g -DNDEBUG -std=gnu++20 -fPIC -MD -MT GridKit/Model/PhasorDynamics/CMakeFiles/phasor_dynamics_systemmodel_dependency_tracking.dir/SystemModelDependencyTracking.cpp.o -MF CMakeFiles/phasor_dynamics_systemmodel_dependency_tracking.dir/SystemModelDependencyTracking.cpp.o.d -o CMakeFiles/phasor_dynamics_systemmodel_dependency_tracking.dir/SystemModelDependencyTracking.cpp.o -c /home/isatkaus/gridkit/GridKit/Model/PhasorDynamics/SystemModelDependencyTracking.cpp
[ 94%] Linking CXX executable test_phasor_governor_hygov
cd /home/isatkaus/gridkit/build/tests/UnitTests/PhasorDynamics && /nopt/nrel/apps/cpu_stack/utilities/06-24/linux-rhel8-sapphirerapids/gcc-12.3.0/cmake-3.29.2-6n4msmc4aewj7wyi6b5g644vjrqyqgot/bin/cmake -E cmake_link_script CMakeFiles/test_phasor_governor_hygov.dir/link.txt --verbose=1
/nopt/nrel/apps/cpu_stack/software/gridkit/llvm/16.0.6/bin/clang++ --gcc-toolchain=/nopt/nrel/apps/cpu_stack/compilers/06-24/linux-rhel8-sapphirerapids/gcc-12.3.0/gcc-13.1.0-bmut2ysomhthj6y7oyc73c3cmxye57am -Wall -Wextra -Wconversion -Wpedantic -O2 -g -DNDEBUG -Wl,-rpath,/nopt/nrel/apps/cpu_stack/compilers/06-24/linux-rhel8-sapphirerapids/gcc-12.3.0/gcc-13.1.0-bmut2ysomhthj6y7oyc73c3cmxye57am/lib/gcc/x86_64-pc-linux-gnu/13.1.0/../../../../lib64 -Wl,-rpath,/nopt/nrel/apps/cpu_stack/libraries-gcc/06-24/linux-rhel8-sapphirerapids/gcc-12.3.0/netlib-lapack-3.11.0-abk4uhd5cyrfnhh67bcdhyt6fulibezx/lib64 CMakeFiles/test_phasor_governor_hygov.dir/runGovernorHygovTests.cpp.o -o test_phasor_governor_hygov  -Wl,-rpath,/home/isatkaus/gridkit/build/GridKit/Model/PhasorDynamics/Governor/HYGOV:/home/isatkaus/gridkit/build/GridKit/Testing:/home/isatkaus/gridkit/build/GridKit/Model/PhasorDynamics/SignalNode:/home/isatkaus/gridkit/build/GridKit/LinearAlgebra/Vector:/home/isatkaus/gridkit/build/GridKit/LinearAlgebra/SparseMatrix:/home/isatkaus/gridkit/build/GridKit/MemoryUtilities/cpu:/home/isatkaus/gridkit/build/GridKit/Utilities/CliArgs:/home/isatkaus/gridkit/build/GridKit/Utilities/Logger: ../../../GridKit/Model/PhasorDynamics/Governor/HYGOV/libgridkit_phasor_dynamics_governor_hygov.so.0.1.0 ../../../GridKit/Model/PhasorDynamics/Governor/HYGOV/libgridkit_phasor_dynamics_governor_hygov_dependency_tracking.so.0.1.0 ../../../GridKit/Testing/libgridkit_testing.so.0.1.0 ../../../GridKit/Model/PhasorDynamics/SignalNode/libgridkit_phasor_dynamics_signal.so.0.1.0 ../../../GridKit/LinearAlgebra/Vector/libgridkit_dense_vector.so.0.1.0 ../../../GridKit/LinearAlgebra/SparseMatrix/libgridkit_sparse_matrix.so.0.1.0 ../../../GridKit/MemoryUtilities/cpu/libgridkit_cpu_backend.so.0.1.0 ../../../GridKit/Model/PhasorDynamics/SignalNode/libgridkit_phasor_dynamics_signal_dependency_tracking.so.0.1.0 ../../../GridKit/Utilities/CliArgs/libgridkit_utilities_cli_args.so.0.1.0 ../../../GridKit/Utilities/Logger/libgridkit_utilities_logger.so.0.1.0
make[2]: Leaving directory '/home/isatkaus/gridkit/build'
[ 94%] Built target test_phasor_governor_hygov
[ 95%] Linking CXX executable test_phasor_exciter_ieeet1
cd /home/isatkaus/gridkit/build/tests/UnitTests/PhasorDynamics && /nopt/nrel/apps/cpu_stack/utilities/06-24/linux-rhel8-sapphirerapids/gcc-12.3.0/cmake-3.29.2-6n4msmc4aewj7wyi6b5g644vjrqyqgot/bin/cmake -E cmake_link_script CMakeFiles/test_phasor_exciter_ieeet1.dir/link.txt --verbose=1
/nopt/nrel/apps/cpu_stack/software/gridkit/llvm/16.0.6/bin/clang++ --gcc-toolchain=/nopt/nrel/apps/cpu_stack/compilers/06-24/linux-rhel8-sapphirerapids/gcc-12.3.0/gcc-13.1.0-bmut2ysomhthj6y7oyc73c3cmxye57am -Wall -Wextra -Wconversion -Wpedantic -O2 -g -DNDEBUG -Wl,-rpath,/nopt/nrel/apps/cpu_stack/compilers/06-24/linux-rhel8-sapphirerapids/gcc-12.3.0/gcc-13.1.0-bmut2ysomhthj6y7oyc73c3cmxye57am/lib/gcc/x86_64-pc-linux-gnu/13.1.0/../../../../lib64 -Wl,-rpath,/nopt/nrel/apps/cpu_stack/libraries-gcc/06-24/linux-rhel8-sapphirerapids/gcc-12.3.0/netlib-lapack-3.11.0-abk4uhd5cyrfnhh67bcdhyt6fulibezx/lib64 CMakeFiles/test_phasor_exciter_ieeet1.dir/runExciterIeeet1Tests.cpp.o -o test_phasor_exciter_ieeet1  -Wl,-rpath,/home/isatkaus/gridkit/build/GridKit/Testing:/home/isatkaus/gridkit/build/GridKit/Model/PhasorDynamics/Branch:/home/isatkaus/gridkit/build/GridKit/Model/PhasorDynamics/Bus:/home/isatkaus/gridkit/build/GridKit/Model/PhasorDynamics/BusFault:/home/isatkaus/gridkit/build/GridKit/Model/PhasorDynamics/BusToSignalAdapter:/home/isatkaus/gridkit/build/GridKit/Model/PhasorDynamics/Controller/REECB:/home/isatkaus/gridkit/build/GridKit/Model/PhasorDynamics/Controller/REPCA:/home/isatkaus/gridkit/build/GridKit/Model/PhasorDynamics/Converter/REGCA:/home/isatkaus/gridkit/build/GridKit/Model/PhasorDynamics/Exciter/ESDC1A:/home/isatkaus/gridkit/build/GridKit/Model/PhasorDynamics/Exciter/IEEET1:/home/isatkaus/gridkit/build/GridKit/Model/PhasorDynamics/Exciter/SEXS-PTI:/home/isatkaus/gridkit/build/GridKit/Model/PhasorDynamics/Governor/Tgov1:/home/isatkaus/gridkit/build/GridKit/Model/PhasorDynamics/Governor/GASTPTI:/home/isatkaus/gridkit/build/GridKit/Model/PhasorDynamics/Governor/HYGOV:/home/isatkaus/gridkit/build/GridKit/Model/PhasorDynamics/Load/LoadZ:/home/isatkaus/gridkit/build/GridKit/Model/PhasorDynamics/Load/LoadZIP:/home/isatkaus/gridkit/build/GridKit/Model/PhasorDynamics/SignalSource:/home/isatkaus/gridkit/build/GridKit/Model/PhasorDynamics/Stabilizer/IEEEST:/home/isatkaus/gridkit/build/GridKit/Model/PhasorDynamics/SynchronousMachine/GENROU:/home/isatkaus/gridkit/build/GridKit/Model/PhasorDynamics/SynchronousMachine/GENSAL:/home/isatkaus/gridkit/build/GridKit/Model/PhasorDynamics/SignalNode:/home/isatkaus/gridkit/build/GridKit/Model/PhasorDynamics/SynchronousMachine/GenClassical:/home/isatkaus/gridkit/build/GridKit/LinearAlgebra/Vector:/home/isatkaus/gridkit/build/GridKit/LinearAlgebra/SparseMatrix:/home/isatkaus/gridkit/build/GridKit/MemoryUtilities/cpu:/home/isatkaus/gridkit/build/GridKit/Utilities/CliArgs:/home/isatkaus/gridkit/build/GridKit/Utilities/Logger: ../../../GridKit/Testing/libgridkit_testing.so.0.1.0 ../../../GridKit/Model/PhasorDynamics/Branch/libgridkit_phasor_dynamics_branch.so.0.1.0 ../../../GridKit/Model/PhasorDynamics/Bus/libgridkit_phasor_dynamics_bus.so.0.1.0 ../../../GridKit/Model/PhasorDynamics/BusFault/libgridkit_phasor_dynamics_bus_fault.so.0.1.0 ../../../GridKit/Model/PhasorDynamics/BusToSignalAdapter/libgridkit_phasor_dynamics_bustosignaladapter.so.0.1.0 ../../../GridKit/Model/PhasorDynamics/Controller/REECB/libgridkit_phasor_dynamics_controller_reecb.so.0.1.0 ../../../GridKit/Model/PhasorDynamics/Controller/REPCA/libgridkit_phasor_dynamics_controller_repca.so.0.1.0 ../../../GridKit/Model/PhasorDynamics/Converter/REGCA/libgridkit_phasor_dynamics_converter_regca.so.0.1.0 ../../../GridKit/Model/PhasorDynamics/Exciter/ESDC1A/libgridkit_phasor_dynamics_exciter_esdc1a.so.0.1.0 ../../../GridKit/Model/PhasorDynamics/Exciter/IEEET1/libgridkit_phasor_dynamics_exciter_ieeet1.so.0.1.0 ../../../GridKit/Model/PhasorDynamics/Exciter/SEXS-PTI/libgridkit_phasor_dynamics_exciter_sexspti.so.0.1.0 ../../../GridKit/Model/PhasorDynamics/Governor/Tgov1/libgridkit_phasor_dynamics_governor_tgov1.so.0.1.0 ../../../GridKit/Model/PhasorDynamics/Governor/GASTPTI/libgridkit_phasor_dynamics_governor_gastpti.so.0.1.0 ../../../GridKit/Model/PhasorDynamics/Governor/HYGOV/libgridkit_phasor_dynamics_governor_hygov.so.0.1.0 ../../../GridKit/Model/PhasorDynamics/Load/LoadZ/libgridkit_phasor_dynamics_loadz.so.0.1.0 ../../../GridKit/Model/PhasorDynamics/Load/LoadZIP/libgridkit_phasor_dynamics_loadzip.so.0.1.0 ../../../GridKit/Model/PhasorDynamics/SignalSource/libgridkit_phasor_dynamics_signalsource.so.0.1.0 ../../../GridKit/Model/PhasorDynamics/Stabilizer/IEEEST/libgridkit_phasor_dynamics_stabilizer_ieeest.so.0.1.0 ../../../GridKit/Model/PhasorDynamics/SynchronousMachine/GENROU/libgridkit_phasor_dynamics_genrou.so.0.1.0 ../../../GridKit/Model/PhasorDynamics/SynchronousMachine/GENSAL/libgridkit_phasor_dynamics_gensal.so.0.1.0 ../../../GridKit/Model/PhasorDynamics/SignalNode/libgridkit_phasor_dynamics_signal.so.0.1.0 ../../../GridKit/Model/PhasorDynamics/SynchronousMachine/GenClassical/libgridkit_phasor_dynamics_gen_classical.so.0.1.0 ../../../GridKit/Model/PhasorDynamics/Branch/libgridkit_phasor_dynamics_branch_dependency_tracking.so.0.1.0 ../../../GridKit/Model/PhasorDynamics/Bus/libgridkit_phasor_dynamics_bus_dependency_tracking.so.0.1.0 ../../../GridKit/Model/PhasorDynamics/BusFault/libgridkit_phasor_dynamics_bus_fault_dependency_tracking.so.0.1.0 ../../../GridKit/Model/PhasorDynamics/BusToSignalAdapter/libgridkit_phasor_dynamics_bustosignaladapter_dependency_tracking.so.0.1.0 ../../../GridKit/Model/PhasorDynamics/Controller/REECB/libgridkit_phasor_dynamics_controller_reecb_dependency_tracking.so.0.1.0 ../../../GridKit/Model/PhasorDynamics/Controller/REPCA/libgridkit_phasor_dynamics_controller_repca_dependency_tracking.so.0.1.0 ../../../GridKit/Model/PhasorDynamics/Converter/REGCA/libgridkit_phasor_dynamics_converter_regca_dependency_tracking.so.0.1.0 ../../../GridKit/Model/PhasorDynamics/Exciter/ESDC1A/libgridkit_phasor_dynamics_exciter_esdc1a_dependency_tracking.so.0.1.0 ../../../GridKit/Model/PhasorDynamics/Exciter/IEEET1/libgridkit_phasor_dynamics_exciter_ieeet1_dependency_tracking.so.0.1.0 ../../../GridKit/Model/PhasorDynamics/Exciter/SEXS-PTI/libgridkit_phasor_dynamics_exciter_sexspti_dependency_tracking.so.0.1.0 ../../../GridKit/Model/PhasorDynamics/Governor/Tgov1/libgridkit_phasor_dynamics_governor_tgov1_dependency_tracking.so.0.1.0 ../../../GridKit/Model/PhasorDynamics/Governor/GASTPTI/libgridkit_phasor_dynamics_governor_gastpti_dependency_tracking.so.0.1.0 ../../../GridKit/Model/PhasorDynamics/Governor/HYGOV/libgridkit_phasor_dynamics_governor_hygov_dependency_tracking.so.0.1.0 ../../../GridKit/Model/PhasorDynamics/Load/LoadZ/libgridkit_phasor_dynamics_loadz_dependency_tracking.so.0.1.0 ../../../GridKit/Model/PhasorDynamics/Load/LoadZIP/libgridkit_phasor_dynamics_loadzip_dependency_tracking.so.0.1.0 ../../../GridKit/Model/PhasorDynamics/SignalSource/libgridkit_phasor_dynamics_signalsource_dependency_tracking.so.0.1.0 ../../../GridKit/Model/PhasorDynamics/Stabilizer/IEEEST/libgridkit_phasor_dynamics_stabilizer_ieeest_dependency_tracking.so.0.1.0 ../../../GridKit/Model/PhasorDynamics/SynchronousMachine/GENROU/libgridkit_phasor_dynamics_genrou_dependency_tracking.so.0.1.0 ../../../GridKit/Model/PhasorDynamics/SynchronousMachine/GENSAL/libgridkit_phasor_dynamics_gensal_dependency_tracking.so.0.1.0 ../../../GridKit/Model/PhasorDynamics/SignalNode/libgridkit_phasor_dynamics_signal_dependency_tracking.so.0.1.0 ../../../GridKit/Model/PhasorDynamics/SynchronousMachine/GenClassical/libgridkit_phasor_dynamics_gen_classical_dependency_tracking.so.0.1.0 ../../../GridKit/LinearAlgebra/Vector/libgridkit_dense_vector.so.0.1.0 ../../../GridKit/LinearAlgebra/SparseMatrix/libgridkit_sparse_matrix.so.0.1.0 ../../../GridKit/MemoryUtilities/cpu/libgridkit_cpu_backend.so.0.1.0 ../../../GridKit/Utilities/CliArgs/libgridkit_utilities_cli_args.so.0.1.0 ../../../GridKit/Utilities/Logger/libgridkit_utilities_logger.so.0.1.0
make[2]: Leaving directory '/home/isatkaus/gridkit/build'
[ 95%] Built target test_phasor_exciter_ieeet1
[ 95%] Linking CXX executable test_phasor_controller_repca
cd /home/isatkaus/gridkit/build/tests/UnitTests/PhasorDynamics && /nopt/nrel/apps/cpu_stack/utilities/06-24/linux-rhel8-sapphirerapids/gcc-12.3.0/cmake-3.29.2-6n4msmc4aewj7wyi6b5g644vjrqyqgot/bin/cmake -E cmake_link_script CMakeFiles/test_phasor_controller_repca.dir/link.txt --verbose=1
/nopt/nrel/apps/cpu_stack/software/gridkit/llvm/16.0.6/bin/clang++ --gcc-toolchain=/nopt/nrel/apps/cpu_stack/compilers/06-24/linux-rhel8-sapphirerapids/gcc-12.3.0/gcc-13.1.0-bmut2ysomhthj6y7oyc73c3cmxye57am -Wall -Wextra -Wconversion -Wpedantic -O2 -g -DNDEBUG -Wl,-rpath,/nopt/nrel/apps/cpu_stack/compilers/06-24/linux-rhel8-sapphirerapids/gcc-12.3.0/gcc-13.1.0-bmut2ysomhthj6y7oyc73c3cmxye57am/lib/gcc/x86_64-pc-linux-gnu/13.1.0/../../../../lib64 -Wl,-rpath,/nopt/nrel/apps/cpu_stack/libraries-gcc/06-24/linux-rhel8-sapphirerapids/gcc-12.3.0/netlib-lapack-3.11.0-abk4uhd5cyrfnhh67bcdhyt6fulibezx/lib64 CMakeFiles/test_phasor_controller_repca.dir/runControllerRepcaTests.cpp.o -o test_phasor_controller_repca  -Wl,-rpath,/home/isatkaus/gridkit/build/GridKit/Model/PhasorDynamics/Controller/REPCA:/home/isatkaus/gridkit/build/GridKit/Model/PhasorDynamics/Bus:/home/isatkaus/gridkit/build/GridKit/Testing:/home/isatkaus/gridkit/build/GridKit/Model/PhasorDynamics/SignalNode:/home/isatkaus/gridkit/build/GridKit/LinearAlgebra/Vector:/home/isatkaus/gridkit/build/GridKit/LinearAlgebra/SparseMatrix:/home/isatkaus/gridkit/build/GridKit/MemoryUtilities/cpu:/home/isatkaus/gridkit/build/GridKit/Utilities/CliArgs:/home/isatkaus/gridkit/build/GridKit/Utilities/Logger: ../../../GridKit/Model/PhasorDynamics/Controller/REPCA/libgridkit_phasor_dynamics_controller_repca.so.0.1.0 ../../../GridKit/Model/PhasorDynamics/Controller/REPCA/libgridkit_phasor_dynamics_controller_repca_dependency_tracking.so.0.1.0 ../../../GridKit/Model/PhasorDynamics/Bus/libgridkit_phasor_dynamics_bus.so.0.1.0 ../../../GridKit/Model/PhasorDynamics/Bus/libgridkit_phasor_dynamics_bus_dependency_tracking.so.0.1.0 ../../../GridKit/Testing/libgridkit_testing.so.0.1.0 ../../../GridKit/Model/PhasorDynamics/SignalNode/libgridkit_phasor_dynamics_signal.so.0.1.0 ../../../GridKit/Model/PhasorDynamics/SignalNode/libgridkit_phasor_dynamics_signal_dependency_tracking.so.0.1.0 ../../../GridKit/LinearAlgebra/Vector/libgridkit_dense_vector.so.0.1.0 ../../../GridKit/LinearAlgebra/SparseMatrix/libgridkit_sparse_matrix.so.0.1.0 ../../../GridKit/MemoryUtilities/cpu/libgridkit_cpu_backend.so.0.1.0 ../../../GridKit/Utilities/CliArgs/libgridkit_utilities_cli_args.so.0.1.0 ../../../GridKit/Utilities/Logger/libgridkit_utilities_logger.so.0.1.0
make[2]: Leaving directory '/home/isatkaus/gridkit/build'
[ 95%] Built target test_phasor_controller_repca
[ 95%] Linking CXX shared library libgridkit_phasor_dynamics_systemmodel_dependency_tracking.so
cd /home/isatkaus/gridkit/build/GridKit/Model/PhasorDynamics && /nopt/nrel/apps/cpu_stack/utilities/06-24/linux-rhel8-sapphirerapids/gcc-12.3.0/cmake-3.29.2-6n4msmc4aewj7wyi6b5g644vjrqyqgot/bin/cmake -E cmake_link_script CMakeFiles/phasor_dynamics_systemmodel_dependency_tracking.dir/link.txt --verbose=1
/nopt/nrel/apps/cpu_stack/software/gridkit/llvm/16.0.6/bin/clang++ -fPIC --gcc-toolchain=/nopt/nrel/apps/cpu_stack/compilers/06-24/linux-rhel8-sapphirerapids/gcc-12.3.0/gcc-13.1.0-bmut2ysomhthj6y7oyc73c3cmxye57am -Wall -Wextra -Wconversion -Wpedantic -O2 -g -DNDEBUG -Wl,-rpath,/nopt/nrel/apps/cpu_stack/compilers/06-24/linux-rhel8-sapphirerapids/gcc-12.3.0/gcc-13.1.0-bmut2ysomhthj6y7oyc73c3cmxye57am/lib/gcc/x86_64-pc-linux-gnu/13.1.0/../../../../lib64 -Wl,-rpath,/nopt/nrel/apps/cpu_stack/libraries-gcc/06-24/linux-rhel8-sapphirerapids/gcc-12.3.0/netlib-lapack-3.11.0-abk4uhd5cyrfnhh67bcdhyt6fulibezx/lib64 -shared -Wl,-soname,libgridkit_phasor_dynamics_systemmodel_dependency_tracking.so.0 -o libgridkit_phasor_dynamics_systemmodel_dependency_tracking.so.0.1.0 CMakeFiles/phasor_dynamics_systemmodel_dependency_tracking.dir/SystemModelDependencyTracking.cpp.o  -Wl,-rpath,/home/isatkaus/gridkit/build/GridKit/Model/PhasorDynamics/Branch:/home/isatkaus/gridkit/build/GridKit/Model/PhasorDynamics/Bus:/home/isatkaus/gridkit/build/GridKit/Model/PhasorDynamics/BusFault:/home/isatkaus/gridkit/build/GridKit/Model/PhasorDynamics/BusToSignalAdapter:/home/isatkaus/gridkit/build/GridKit/Model/PhasorDynamics/Controller/REECB:/home/isatkaus/gridkit/build/GridKit/Model/PhasorDynamics/Controller/REPCA:/home/isatkaus/gridkit/build/GridKit/Model/PhasorDynamics/Converter/REGCA:/home/isatkaus/gridkit/build/GridKit/Model/PhasorDynamics/Exciter/ESDC1A:/home/isatkaus/gridkit/build/GridKit/Model/PhasorDynamics/Exciter/IEEET1:/home/isatkaus/gridkit/build/GridKit/Model/PhasorDynamics/Exciter/SEXS-PTI:/home/isatkaus/gridkit/build/GridKit/Model/PhasorDynamics/Governor/Tgov1:/home/isatkaus/gridkit/build/GridKit/Model/PhasorDynamics/Governor/GASTPTI:/home/isatkaus/gridkit/build/GridKit/Model/PhasorDynamics/Governor/HYGOV:/home/isatkaus/gridkit/build/GridKit/Model/PhasorDynamics/Load/LoadZ:/home/isatkaus/gridkit/build/GridKit/Model/PhasorDynamics/Load/LoadZIP:/home/isatkaus/gridkit/build/GridKit/Model/PhasorDynamics/SignalSource:/home/isatkaus/gridkit/build/GridKit/Model/PhasorDynamics/Stabilizer/IEEEST:/home/isatkaus/gridkit/build/GridKit/Model/PhasorDynamics/SynchronousMachine/GENROU:/home/isatkaus/gridkit/build/GridKit/Model/PhasorDynamics/SynchronousMachine/GENSAL:/home/isatkaus/gridkit/build/GridKit/Model/PhasorDynamics/SignalNode:/home/isatkaus/gridkit/build/GridKit/Model/PhasorDynamics/SynchronousMachine/GenClassical:/home/isatkaus/gridkit/build/GridKit/LinearAlgebra/Vector:/home/isatkaus/gridkit/build/GridKit/LinearAlgebra/SparseMatrix:/home/isatkaus/gridkit/build/GridKit/Utilities/Logger:/home/isatkaus/gridkit/build/GridKit/MemoryUtilities/cpu: Branch/libgridkit_phasor_dynamics_branch_dependency_tracking.so.0.1.0 Bus/libgridkit_phasor_dynamics_bus_dependency_tracking.so.0.1.0 BusFault/libgridkit_phasor_dynamics_bus_fault_dependency_tracking.so.0.1.0 BusToSignalAdapter/libgridkit_phasor_dynamics_bustosignaladapter_dependency_tracking.so.0.1.0 Controller/REECB/libgridkit_phasor_dynamics_controller_reecb_dependency_tracking.so.0.1.0 Controller/REPCA/libgridkit_phasor_dynamics_controller_repca_dependency_tracking.so.0.1.0 Converter/REGCA/libgridkit_phasor_dynamics_converter_regca_dependency_tracking.so.0.1.0 Exciter/ESDC1A/libgridkit_phasor_dynamics_exciter_esdc1a_dependency_tracking.so.0.1.0 Exciter/IEEET1/libgridkit_phasor_dynamics_exciter_ieeet1_dependency_tracking.so.0.1.0 Exciter/SEXS-PTI/libgridkit_phasor_dynamics_exciter_sexspti_dependency_tracking.so.0.1.0 Governor/Tgov1/libgridkit_phasor_dynamics_governor_tgov1_dependency_tracking.so.0.1.0 Governor/GASTPTI/libgridkit_phasor_dynamics_governor_gastpti_dependency_tracking.so.0.1.0 Governor/HYGOV/libgridkit_phasor_dynamics_governor_hygov_dependency_tracking.so.0.1.0 Load/LoadZ/libgridkit_phasor_dynamics_loadz_dependency_tracking.so.0.1.0 Load/LoadZIP/libgridkit_phasor_dynamics_loadzip_dependency_tracking.so.0.1.0 SignalSource/libgridkit_phasor_dynamics_signalsource_dependency_tracking.so.0.1.0 Stabilizer/IEEEST/libgridkit_phasor_dynamics_stabilizer_ieeest_dependency_tracking.so.0.1.0 SynchronousMachine/GENROU/libgridkit_phasor_dynamics_genrou_dependency_tracking.so.0.1.0 SynchronousMachine/GENSAL/libgridkit_phasor_dynamics_gensal_dependency_tracking.so.0.1.0 SignalNode/libgridkit_phasor_dynamics_signal_dependency_tracking.so.0.1.0 SynchronousMachine/GenClassical/libgridkit_phasor_dynamics_gen_classical_dependency_tracking.so.0.1.0 ../../LinearAlgebra/Vector/libgridkit_dense_vector.so.0.1.0 ../../LinearAlgebra/SparseMatrix/libgridkit_sparse_matrix.so.0.1.0 ../../Utilities/Logger/libgridkit_utilities_logger.so.0.1.0 ../../MemoryUtilities/cpu/libgridkit_cpu_backend.so.0.1.0
[ 96%] Linking CXX executable test_phasor_controller_reecb
cd /home/isatkaus/gridkit/build/tests/UnitTests/PhasorDynamics && /nopt/nrel/apps/cpu_stack/utilities/06-24/linux-rhel8-sapphirerapids/gcc-12.3.0/cmake-3.29.2-6n4msmc4aewj7wyi6b5g644vjrqyqgot/bin/cmake -E cmake_link_script CMakeFiles/test_phasor_controller_reecb.dir/link.txt --verbose=1
/nopt/nrel/apps/cpu_stack/software/gridkit/llvm/16.0.6/bin/clang++ --gcc-toolchain=/nopt/nrel/apps/cpu_stack/compilers/06-24/linux-rhel8-sapphirerapids/gcc-12.3.0/gcc-13.1.0-bmut2ysomhthj6y7oyc73c3cmxye57am -Wall -Wextra -Wconversion -Wpedantic -O2 -g -DNDEBUG -Wl,-rpath,/nopt/nrel/apps/cpu_stack/compilers/06-24/linux-rhel8-sapphirerapids/gcc-12.3.0/gcc-13.1.0-bmut2ysomhthj6y7oyc73c3cmxye57am/lib/gcc/x86_64-pc-linux-gnu/13.1.0/../../../../lib64 -Wl,-rpath,/nopt/nrel/apps/cpu_stack/libraries-gcc/06-24/linux-rhel8-sapphirerapids/gcc-12.3.0/netlib-lapack-3.11.0-abk4uhd5cyrfnhh67bcdhyt6fulibezx/lib64 CMakeFiles/test_phasor_controller_reecb.dir/runControllerReecbTests.cpp.o -o test_phasor_controller_reecb  -Wl,-rpath,/home/isatkaus/gridkit/build/GridKit/Model/PhasorDynamics/Controller/REECB:/home/isatkaus/gridkit/build/GridKit/Model/PhasorDynamics/Bus:/home/isatkaus/gridkit/build/GridKit/Testing:/home/isatkaus/gridkit/build/GridKit/Model/PhasorDynamics/SignalNode:/home/isatkaus/gridkit/build/GridKit/LinearAlgebra/Vector:/home/isatkaus/gridkit/build/GridKit/LinearAlgebra/SparseMatrix:/home/isatkaus/gridkit/build/GridKit/MemoryUtilities/cpu:/home/isatkaus/gridkit/build/GridKit/Utilities/CliArgs:/home/isatkaus/gridkit/build/GridKit/Utilities/Logger: ../../../GridKit/Model/PhasorDynamics/Controller/REECB/libgridkit_phasor_dynamics_controller_reecb.so.0.1.0 ../../../GridKit/Model/PhasorDynamics/Controller/REECB/libgridkit_phasor_dynamics_controller_reecb_dependency_tracking.so.0.1.0 ../../../GridKit/Model/PhasorDynamics/Bus/libgridkit_phasor_dynamics_bus.so.0.1.0 ../../../GridKit/Model/PhasorDynamics/Bus/libgridkit_phasor_dynamics_bus_dependency_tracking.so.0.1.0 ../../../GridKit/Testing/libgridkit_testing.so.0.1.0 ../../../GridKit/Model/PhasorDynamics/SignalNode/libgridkit_phasor_dynamics_signal.so.0.1.0 ../../../GridKit/Model/PhasorDynamics/SignalNode/libgridkit_phasor_dynamics_signal_dependency_tracking.so.0.1.0 ../../../GridKit/LinearAlgebra/Vector/libgridkit_dense_vector.so.0.1.0 ../../../GridKit/LinearAlgebra/SparseMatrix/libgridkit_sparse_matrix.so.0.1.0 ../../../GridKit/MemoryUtilities/cpu/libgridkit_cpu_backend.so.0.1.0 ../../../GridKit/Utilities/CliArgs/libgridkit_utilities_cli_args.so.0.1.0 ../../../GridKit/Utilities/Logger/libgridkit_utilities_logger.so.0.1.0
cd /home/isatkaus/gridkit/build/GridKit/Model/PhasorDynamics && /nopt/nrel/apps/cpu_stack/utilities/06-24/linux-rhel8-sapphirerapids/gcc-12.3.0/cmake-3.29.2-6n4msmc4aewj7wyi6b5g644vjrqyqgot/bin/cmake -E cmake_symlink_library libgridkit_phasor_dynamics_systemmodel_dependency_tracking.so.0.1.0 libgridkit_phasor_dynamics_systemmodel_dependency_tracking.so.0 libgridkit_phasor_dynamics_systemmodel_dependency_tracking.so
make[2]: Leaving directory '/home/isatkaus/gridkit/build'
[ 96%] Built target phasor_dynamics_systemmodel_dependency_tracking
make[2]: Leaving directory '/home/isatkaus/gridkit/build'
[ 96%] Built target test_phasor_controller_reecb
[ 96%] Linking CXX shared library libgridkit_phasor_dynamics_systemmodel.so
cd /home/isatkaus/gridkit/build/GridKit/Model/PhasorDynamics && /nopt/nrel/apps/cpu_stack/utilities/06-24/linux-rhel8-sapphirerapids/gcc-12.3.0/cmake-3.29.2-6n4msmc4aewj7wyi6b5g644vjrqyqgot/bin/cmake -E cmake_link_script CMakeFiles/phasor_dynamics_systemmodel.dir/link.txt --verbose=1
/nopt/nrel/apps/cpu_stack/software/gridkit/llvm/16.0.6/bin/clang++ -fPIC --gcc-toolchain=/nopt/nrel/apps/cpu_stack/compilers/06-24/linux-rhel8-sapphirerapids/gcc-12.3.0/gcc-13.1.0-bmut2ysomhthj6y7oyc73c3cmxye57am -Wall -Wextra -Wconversion -Wpedantic -O2 -g -DNDEBUG -Wl,-rpath,/nopt/nrel/apps/cpu_stack/compilers/06-24/linux-rhel8-sapphirerapids/gcc-12.3.0/gcc-13.1.0-bmut2ysomhthj6y7oyc73c3cmxye57am/lib/gcc/x86_64-pc-linux-gnu/13.1.0/../../../../lib64 -Wl,-rpath,/nopt/nrel/apps/cpu_stack/libraries-gcc/06-24/linux-rhel8-sapphirerapids/gcc-12.3.0/netlib-lapack-3.11.0-abk4uhd5cyrfnhh67bcdhyt6fulibezx/lib64 -shared -Wl,-soname,libgridkit_phasor_dynamics_systemmodel.so.0 -o libgridkit_phasor_dynamics_systemmodel.so.0.1.0 CMakeFiles/phasor_dynamics_systemmodel.dir/SystemModelEnzyme.cpp.o CMakeFiles/phasor_dynamics_systemmodel.dir/SystemModelData.cpp.o  -Wl,-rpath,/home/isatkaus/gridkit/build/GridKit/Model/PhasorDynamics/Branch:/home/isatkaus/gridkit/build/GridKit/Model/PhasorDynamics/Bus:/home/isatkaus/gridkit/build/GridKit/Model/PhasorDynamics/BusFault:/home/isatkaus/gridkit/build/GridKit/Model/PhasorDynamics/BusToSignalAdapter:/home/isatkaus/gridkit/build/GridKit/Model/PhasorDynamics/Controller/REECB:/home/isatkaus/gridkit/build/GridKit/Model/PhasorDynamics/Controller/REPCA:/home/isatkaus/gridkit/build/GridKit/Model/PhasorDynamics/Converter/REGCA:/home/isatkaus/gridkit/build/GridKit/Model/PhasorDynamics/Exciter/ESDC1A:/home/isatkaus/gridkit/build/GridKit/Model/PhasorDynamics/Exciter/IEEET1:/home/isatkaus/gridkit/build/GridKit/Model/PhasorDynamics/Exciter/SEXS-PTI:/home/isatkaus/gridkit/build/GridKit/Model/PhasorDynamics/Governor/Tgov1:/home/isatkaus/gridkit/build/GridKit/Model/PhasorDynamics/Governor/GASTPTI:/home/isatkaus/gridkit/build/GridKit/Model/PhasorDynamics/Governor/HYGOV:/home/isatkaus/gridkit/build/GridKit/Model/PhasorDynamics/Load/LoadZ:/home/isatkaus/gridkit/build/GridKit/Model/PhasorDynamics/Load/LoadZIP:/home/isatkaus/gridkit/build/GridKit/Model/PhasorDynamics/SignalSource:/home/isatkaus/gridkit/build/GridKit/Model/PhasorDynamics/Stabilizer/IEEEST:/home/isatkaus/gridkit/build/GridKit/Model/PhasorDynamics/SynchronousMachine/GENROU:/home/isatkaus/gridkit/build/GridKit/Model/PhasorDynamics/SynchronousMachine/GENSAL:/home/isatkaus/gridkit/build/GridKit/Model/PhasorDynamics/SignalNode:/home/isatkaus/gridkit/build/GridKit/Model/PhasorDynamics/SynchronousMachine/GenClassical:/home/isatkaus/gridkit/build/GridKit/LinearAlgebra/Vector:/home/isatkaus/gridkit/build/GridKit/LinearAlgebra/SparseMatrix:/home/isatkaus/gridkit/build/GridKit/Utilities/Logger:/home/isatkaus/gridkit/build/GridKit/MemoryUtilities/cpu: Branch/libgridkit_phasor_dynamics_branch.so.0.1.0 Bus/libgridkit_phasor_dynamics_bus.so.0.1.0 BusFault/libgridkit_phasor_dynamics_bus_fault.so.0.1.0 BusToSignalAdapter/libgridkit_phasor_dynamics_bustosignaladapter.so.0.1.0 Controller/REECB/libgridkit_phasor_dynamics_controller_reecb.so.0.1.0 Controller/REPCA/libgridkit_phasor_dynamics_controller_repca.so.0.1.0 Converter/REGCA/libgridkit_phasor_dynamics_converter_regca.so.0.1.0 Exciter/ESDC1A/libgridkit_phasor_dynamics_exciter_esdc1a.so.0.1.0 Exciter/IEEET1/libgridkit_phasor_dynamics_exciter_ieeet1.so.0.1.0 Exciter/SEXS-PTI/libgridkit_phasor_dynamics_exciter_sexspti.so.0.1.0 Governor/Tgov1/libgridkit_phasor_dynamics_governor_tgov1.so.0.1.0 Governor/GASTPTI/libgridkit_phasor_dynamics_governor_gastpti.so.0.1.0 Governor/HYGOV/libgridkit_phasor_dynamics_governor_hygov.so.0.1.0 Load/LoadZ/libgridkit_phasor_dynamics_loadz.so.0.1.0 Load/LoadZIP/libgridkit_phasor_dynamics_loadzip.so.0.1.0 SignalSource/libgridkit_phasor_dynamics_signalsource.so.0.1.0 Stabilizer/IEEEST/libgridkit_phasor_dynamics_stabilizer_ieeest.so.0.1.0 SynchronousMachine/GENROU/libgridkit_phasor_dynamics_genrou.so.0.1.0 SynchronousMachine/GENSAL/libgridkit_phasor_dynamics_gensal.so.0.1.0 SignalNode/libgridkit_phasor_dynamics_signal.so.0.1.0 SynchronousMachine/GenClassical/libgridkit_phasor_dynamics_gen_classical.so.0.1.0 ../../LinearAlgebra/Vector/libgridkit_dense_vector.so.0.1.0 ../../LinearAlgebra/SparseMatrix/libgridkit_sparse_matrix.so.0.1.0 ../../Utilities/Logger/libgridkit_utilities_logger.so.0.1.0 ../../MemoryUtilities/cpu/libgridkit_cpu_backend.so.0.1.0
cd /home/isatkaus/gridkit/build/GridKit/Model/PhasorDynamics && /nopt/nrel/apps/cpu_stack/utilities/06-24/linux-rhel8-sapphirerapids/gcc-12.3.0/cmake-3.29.2-6n4msmc4aewj7wyi6b5g644vjrqyqgot/bin/cmake -E cmake_symlink_library libgridkit_phasor_dynamics_systemmodel.so.0.1.0 libgridkit_phasor_dynamics_systemmodel.so.0 libgridkit_phasor_dynamics_systemmodel.so
make[2]: Leaving directory '/home/isatkaus/gridkit/build'
[ 96%] Built target phasor_dynamics_systemmodel
make  -f application/PhasorDynamics/CMakeFiles/DynamicSimulation.dir/build.make application/PhasorDynamics/CMakeFiles/DynamicSimulation.dir/depend
make  -f application/PhasorDynamics/CMakeFiles/ContingencyAnalysis.dir/build.make application/PhasorDynamics/CMakeFiles/ContingencyAnalysis.dir/depend
make  -f examples/PhasorDynamics/Small/TenGen/Classical/CMakeFiles/TenGenClassical.dir/build.make examples/PhasorDynamics/Small/TenGen/Classical/CMakeFiles/TenGenClassical.dir/depend
make  -f examples/PhasorDynamics/Small/TenGen/Genrou/CMakeFiles/TenGenGenrou.dir/build.make examples/PhasorDynamics/Small/TenGen/Genrou/CMakeFiles/TenGenGenrou.dir/depend
make  -f tests/UnitTests/PhasorDynamics/CMakeFiles/test_phasor_exciter_sexspti.dir/build.make tests/UnitTests/PhasorDynamics/CMakeFiles/test_phasor_exciter_sexspti.dir/depend
make  -f tests/UnitTests/PhasorDynamics/CMakeFiles/test_phasor_system.dir/build.make tests/UnitTests/PhasorDynamics/CMakeFiles/test_phasor_system.dir/depend
make  -f tests/UnitTests/PhasorDynamics/CMakeFiles/test_phasor_system_single_component.dir/build.make tests/UnitTests/PhasorDynamics/CMakeFiles/test_phasor_system_single_component.dir/depend
make  -f tests/UnitTests/PhasorDynamics/CMakeFiles/test_phasor_component_connection.dir/build.make tests/UnitTests/PhasorDynamics/CMakeFiles/test_phasor_component_connection.dir/depend
make  -f tests/UnitTests/Utilities/CMakeFiles/test_case_format.dir/build.make tests/UnitTests/Utilities/CMakeFiles/test_case_format.dir/depend
make  -f tests/IntegrationTests/PhasorDynamics/CMakeFiles/test_pd_integration.dir/build.make tests/IntegrationTests/PhasorDynamics/CMakeFiles/test_pd_integration.dir/depend
make[2]: Entering directory '/home/isatkaus/gridkit/build'
cd /home/isatkaus/gridkit/build && /nopt/nrel/apps/cpu_stack/utilities/06-24/linux-rhel8-sapphirerapids/gcc-12.3.0/cmake-3.29.2-6n4msmc4aewj7wyi6b5g644vjrqyqgot/bin/cmake -E cmake_depends "Unix Makefiles" /home/isatkaus/gridkit /home/isatkaus/gridkit/application/PhasorDynamics /home/isatkaus/gridkit/build /home/isatkaus/gridkit/build/application/PhasorDynamics /home/isatkaus/gridkit/build/application/PhasorDynamics/CMakeFiles/DynamicSimulation.dir/DependInfo.cmake "--color="
make[2]: Entering directory '/home/isatkaus/gridkit/build'
cd /home/isatkaus/gridkit/build && /nopt/nrel/apps/cpu_stack/utilities/06-24/linux-rhel8-sapphirerapids/gcc-12.3.0/cmake-3.29.2-6n4msmc4aewj7wyi6b5g644vjrqyqgot/bin/cmake -E cmake_depends "Unix Makefiles" /home/isatkaus/gridkit /home/isatkaus/gridkit/application/PhasorDynamics /home/isatkaus/gridkit/build /home/isatkaus/gridkit/build/application/PhasorDynamics /home/isatkaus/gridkit/build/application/PhasorDynamics/CMakeFiles/ContingencyAnalysis.dir/DependInfo.cmake "--color="
make[2]: Entering directory '/home/isatkaus/gridkit/build'
cd /home/isatkaus/gridkit/build && /nopt/nrel/apps/cpu_stack/utilities/06-24/linux-rhel8-sapphirerapids/gcc-12.3.0/cmake-3.29.2-6n4msmc4aewj7wyi6b5g644vjrqyqgot/bin/cmake -E cmake_depends "Unix Makefiles" /home/isatkaus/gridkit /home/isatkaus/gridkit/examples/PhasorDynamics/Small/TenGen/Classical /home/isatkaus/gridkit/build /home/isatkaus/gridkit/build/examples/PhasorDynamics/Small/TenGen/Classical /home/isatkaus/gridkit/build/examples/PhasorDynamics/Small/TenGen/Classical/CMakeFiles/TenGenClassical.dir/DependInfo.cmake "--color="
make[2]: Entering directory '/home/isatkaus/gridkit/build'
cd /home/isatkaus/gridkit/build && /nopt/nrel/apps/cpu_stack/utilities/06-24/linux-rhel8-sapphirerapids/gcc-12.3.0/cmake-3.29.2-6n4msmc4aewj7wyi6b5g644vjrqyqgot/bin/cmake -E cmake_depends "Unix Makefiles" /home/isatkaus/gridkit /home/isatkaus/gridkit/examples/PhasorDynamics/Small/TenGen/Genrou /home/isatkaus/gridkit/build /home/isatkaus/gridkit/build/examples/PhasorDynamics/Small/TenGen/Genrou /home/isatkaus/gridkit/build/examples/PhasorDynamics/Small/TenGen/Genrou/CMakeFiles/TenGenGenrou.dir/DependInfo.cmake "--color="
make[2]: Entering directory '/home/isatkaus/gridkit/build'
cd /home/isatkaus/gridkit/build && /nopt/nrel/apps/cpu_stack/utilities/06-24/linux-rhel8-sapphirerapids/gcc-12.3.0/cmake-3.29.2-6n4msmc4aewj7wyi6b5g644vjrqyqgot/bin/cmake -E cmake_depends "Unix Makefiles" /home/isatkaus/gridkit /home/isatkaus/gridkit/tests/UnitTests/PhasorDynamics /home/isatkaus/gridkit/build /home/isatkaus/gridkit/build/tests/UnitTests/PhasorDynamics /home/isatkaus/gridkit/build/tests/UnitTests/PhasorDynamics/CMakeFiles/test_phasor_exciter_sexspti.dir/DependInfo.cmake "--color="
make[2]: Entering directory '/home/isatkaus/gridkit/build'
cd /home/isatkaus/gridkit/build && /nopt/nrel/apps/cpu_stack/utilities/06-24/linux-rhel8-sapphirerapids/gcc-12.3.0/cmake-3.29.2-6n4msmc4aewj7wyi6b5g644vjrqyqgot/bin/cmake -E cmake_depends "Unix Makefiles" /home/isatkaus/gridkit /home/isatkaus/gridkit/tests/UnitTests/PhasorDynamics /home/isatkaus/gridkit/build /home/isatkaus/gridkit/build/tests/UnitTests/PhasorDynamics /home/isatkaus/gridkit/build/tests/UnitTests/PhasorDynamics/CMakeFiles/test_phasor_system.dir/DependInfo.cmake "--color="
make[2]: Entering directory '/home/isatkaus/gridkit/build'
cd /home/isatkaus/gridkit/build && /nopt/nrel/apps/cpu_stack/utilities/06-24/linux-rhel8-sapphirerapids/gcc-12.3.0/cmake-3.29.2-6n4msmc4aewj7wyi6b5g644vjrqyqgot/bin/cmake -E cmake_depends "Unix Makefiles" /home/isatkaus/gridkit /home/isatkaus/gridkit/tests/UnitTests/PhasorDynamics /home/isatkaus/gridkit/build /home/isatkaus/gridkit/build/tests/UnitTests/PhasorDynamics /home/isatkaus/gridkit/build/tests/UnitTests/PhasorDynamics/CMakeFiles/test_phasor_component_connection.dir/DependInfo.cmake "--color="
make[2]: Entering directory '/home/isatkaus/gridkit/build'
cd /home/isatkaus/gridkit/build && /nopt/nrel/apps/cpu_stack/utilities/06-24/linux-rhel8-sapphirerapids/gcc-12.3.0/cmake-3.29.2-6n4msmc4aewj7wyi6b5g644vjrqyqgot/bin/cmake -E cmake_depends "Unix Makefiles" /home/isatkaus/gridkit /home/isatkaus/gridkit/tests/UnitTests/Utilities /home/isatkaus/gridkit/build /home/isatkaus/gridkit/build/tests/UnitTests/Utilities /home/isatkaus/gridkit/build/tests/UnitTests/Utilities/CMakeFiles/test_case_format.dir/DependInfo.cmake "--color="
make[2]: Entering directory '/home/isatkaus/gridkit/build'
cd /home/isatkaus/gridkit/build && /nopt/nrel/apps/cpu_stack/utilities/06-24/linux-rhel8-sapphirerapids/gcc-12.3.0/cmake-3.29.2-6n4msmc4aewj7wyi6b5g644vjrqyqgot/bin/cmake -E cmake_depends "Unix Makefiles" /home/isatkaus/gridkit /home/isatkaus/gridkit/tests/IntegrationTests/PhasorDynamics /home/isatkaus/gridkit/build /home/isatkaus/gridkit/build/tests/IntegrationTests/PhasorDynamics /home/isatkaus/gridkit/build/tests/IntegrationTests/PhasorDynamics/CMakeFiles/test_pd_integration.dir/DependInfo.cmake "--color="
make[2]: Entering directory '/home/isatkaus/gridkit/build'
cd /home/isatkaus/gridkit/build && /nopt/nrel/apps/cpu_stack/utilities/06-24/linux-rhel8-sapphirerapids/gcc-12.3.0/cmake-3.29.2-6n4msmc4aewj7wyi6b5g644vjrqyqgot/bin/cmake -E cmake_depends "Unix Makefiles" /home/isatkaus/gridkit /home/isatkaus/gridkit/tests/UnitTests/PhasorDynamics /home/isatkaus/gridkit/build /home/isatkaus/gridkit/build/tests/UnitTests/PhasorDynamics /home/isatkaus/gridkit/build/tests/UnitTests/PhasorDynamics/CMakeFiles/test_phasor_system_single_component.dir/DependInfo.cmake "--color="
make[2]: Leaving directory '/home/isatkaus/gridkit/build'
make  -f application/PhasorDynamics/CMakeFiles/DynamicSimulation.dir/build.make application/PhasorDynamics/CMakeFiles/DynamicSimulation.dir/build
make[2]: Leaving directory '/home/isatkaus/gridkit/build'
make  -f application/PhasorDynamics/CMakeFiles/ContingencyAnalysis.dir/build.make application/PhasorDynamics/CMakeFiles/ContingencyAnalysis.dir/build
make[2]: Leaving directory '/home/isatkaus/gridkit/build'
make[2]: Entering directory '/home/isatkaus/gridkit/build'
make  -f examples/PhasorDynamics/Small/TenGen/Classical/CMakeFiles/TenGenClassical.dir/build.make examples/PhasorDynamics/Small/TenGen/Classical/CMakeFiles/TenGenClassical.dir/build
make[2]: Leaving directory '/home/isatkaus/gridkit/build'
make  -f examples/PhasorDynamics/Small/TenGen/Genrou/CMakeFiles/TenGenGenrou.dir/build.make examples/PhasorDynamics/Small/TenGen/Genrou/CMakeFiles/TenGenGenrou.dir/build
make[2]: Entering directory '/home/isatkaus/gridkit/build'
make[2]: Leaving directory '/home/isatkaus/gridkit/build'
make  -f tests/UnitTests/PhasorDynamics/CMakeFiles/test_phasor_exciter_sexspti.dir/build.make tests/UnitTests/PhasorDynamics/CMakeFiles/test_phasor_exciter_sexspti.dir/build
make[2]: Leaving directory '/home/isatkaus/gridkit/build'
make[2]: Entering directory '/home/isatkaus/gridkit/build'
make  -f tests/UnitTests/PhasorDynamics/CMakeFiles/test_phasor_component_connection.dir/build.make tests/UnitTests/PhasorDynamics/CMakeFiles/test_phasor_component_connection.dir/build
make[2]: Leaving directory '/home/isatkaus/gridkit/build'
make[2]: Leaving directory '/home/isatkaus/gridkit/build'
make  -f tests/UnitTests/PhasorDynamics/CMakeFiles/test_phasor_system.dir/build.make tests/UnitTests/PhasorDynamics/CMakeFiles/test_phasor_system.dir/build
make  -f tests/UnitTests/PhasorDynamics/CMakeFiles/test_phasor_system_single_component.dir/build.make tests/UnitTests/PhasorDynamics/CMakeFiles/test_phasor_system_single_component.dir/build
make[2]: Leaving directory '/home/isatkaus/gridkit/build'
make[2]: Leaving directory '/home/isatkaus/gridkit/build'
make  -f tests/IntegrationTests/PhasorDynamics/CMakeFiles/test_pd_integration.dir/build.make tests/IntegrationTests/PhasorDynamics/CMakeFiles/test_pd_integration.dir/build
make  -f tests/UnitTests/Utilities/CMakeFiles/test_case_format.dir/build.make tests/UnitTests/Utilities/CMakeFiles/test_case_format.dir/build
make[2]: Entering directory '/home/isatkaus/gridkit/build'
make[2]: Entering directory '/home/isatkaus/gridkit/build'
make[2]: Entering directory '/home/isatkaus/gridkit/build'
make[2]: Entering directory '/home/isatkaus/gridkit/build'
make[2]: Entering directory '/home/isatkaus/gridkit/build'
make[2]: Entering directory '/home/isatkaus/gridkit/build'
make[2]: Entering directory '/home/isatkaus/gridkit/build'
[ 97%] Building CXX object application/PhasorDynamics/CMakeFiles/DynamicSimulation.dir/DynamicSimulation.cpp.o
[ 97%] Building CXX object application/PhasorDynamics/CMakeFiles/ContingencyAnalysis.dir/ContingencyAnalysis.cpp.o
[ 97%] Building CXX object examples/PhasorDynamics/Small/TenGen/Classical/CMakeFiles/TenGenClassical.dir/TenGenClassical.cpp.o
[ 97%] Building CXX object examples/PhasorDynamics/Small/TenGen/Genrou/CMakeFiles/TenGenGenrou.dir/TenGenGenrou.cpp.o
[ 97%] Building CXX object tests/UnitTests/PhasorDynamics/CMakeFiles/test_phasor_exciter_sexspti.dir/runExciterSexsPtiTests.cpp.o
[ 98%] Building CXX object tests/UnitTests/PhasorDynamics/CMakeFiles/test_phasor_component_connection.dir/runComponentConnectionTests.cpp.o
[ 98%] Building CXX object tests/UnitTests/PhasorDynamics/CMakeFiles/test_phasor_system.dir/runSystemTests.cpp.o
[ 98%] Building CXX object tests/IntegrationTests/PhasorDynamics/CMakeFiles/test_pd_integration.dir/runPDIntegrationTests.cpp.o
[ 98%] Building CXX object tests/UnitTests/PhasorDynamics/CMakeFiles/test_phasor_system_single_component.dir/runSystemSingleComponentTests.cpp.o
[ 98%] Building CXX object tests/UnitTests/Utilities/CMakeFiles/test_case_format.dir/runCaseFormatTests.cpp.o
cd /home/isatkaus/gridkit/build/application/PhasorDynamics && /nopt/nrel/apps/cpu_stack/software/gridkit/llvm/16.0.6/bin/clang++  -I/home/isatkaus/gridkit/third-party/nlohmann-json/include -I/home/isatkaus/gridkit/third-party/magic-enum/include -I/home/isatkaus/gridkit -I/home/isatkaus/gridkit/build -isystem /nopt/nrel/apps/cpu_stack/software/gridkit/sundials/develop/include -isystem /nopt/nrel/apps/cpu_stack/software/gridkit/suitesparse/7.8.2/include/suitesparse --gcc-toolchain=/nopt/nrel/apps/cpu_stack/compilers/06-24/linux-rhel8-sapphirerapids/gcc-12.3.0/gcc-13.1.0-bmut2ysomhthj6y7oyc73c3cmxye57am -Wall -Wextra -Wconversion -Wpedantic -O2 -g -DNDEBUG -std=gnu++20 -fPIE -MD -MT application/PhasorDynamics/CMakeFiles/DynamicSimulation.dir/DynamicSimulation.cpp.o -MF CMakeFiles/DynamicSimulation.dir/DynamicSimulation.cpp.o.d -o CMakeFiles/DynamicSimulation.dir/DynamicSimulation.cpp.o -c /home/isatkaus/gridkit/application/PhasorDynamics/DynamicSimulation.cpp
cd /home/isatkaus/gridkit/build/application/PhasorDynamics && /nopt/nrel/apps/cpu_stack/software/gridkit/llvm/16.0.6/bin/clang++  -I/home/isatkaus/gridkit/third-party/nlohmann-json/include -I/home/isatkaus/gridkit/third-party/magic-enum/include -I/home/isatkaus/gridkit -I/home/isatkaus/gridkit/build -isystem /nopt/nrel/apps/cpu_stack/software/gridkit/sundials/develop/include -isystem /nopt/nrel/apps/cpu_stack/software/gridkit/suitesparse/7.8.2/include/suitesparse --gcc-toolchain=/nopt/nrel/apps/cpu_stack/compilers/06-24/linux-rhel8-sapphirerapids/gcc-12.3.0/gcc-13.1.0-bmut2ysomhthj6y7oyc73c3cmxye57am -Wall -Wextra -Wconversion -Wpedantic -O2 -g -DNDEBUG -std=gnu++20 -fPIE -MD -MT application/PhasorDynamics/CMakeFiles/ContingencyAnalysis.dir/ContingencyAnalysis.cpp.o -MF CMakeFiles/ContingencyAnalysis.dir/ContingencyAnalysis.cpp.o.d -o CMakeFiles/ContingencyAnalysis.dir/ContingencyAnalysis.cpp.o -c /home/isatkaus/gridkit/application/PhasorDynamics/ContingencyAnalysis.cpp
cd /home/isatkaus/gridkit/build/examples/PhasorDynamics/Small/TenGen/Classical && /nopt/nrel/apps/cpu_stack/software/gridkit/llvm/16.0.6/bin/clang++  -I/home/isatkaus/gridkit -I/home/isatkaus/gridkit/build -isystem /nopt/nrel/apps/cpu_stack/software/gridkit/sundials/develop/include -isystem /nopt/nrel/apps/cpu_stack/software/gridkit/suitesparse/7.8.2/include/suitesparse --gcc-toolchain=/nopt/nrel/apps/cpu_stack/compilers/06-24/linux-rhel8-sapphirerapids/gcc-12.3.0/gcc-13.1.0-bmut2ysomhthj6y7oyc73c3cmxye57am -Wall -Wextra -Wconversion -Wpedantic -O2 -g -DNDEBUG -std=gnu++20 -fPIE -MD -MT examples/PhasorDynamics/Small/TenGen/Classical/CMakeFiles/TenGenClassical.dir/TenGenClassical.cpp.o -MF CMakeFiles/TenGenClassical.dir/TenGenClassical.cpp.o.d -o CMakeFiles/TenGenClassical.dir/TenGenClassical.cpp.o -c /home/isatkaus/gridkit/examples/PhasorDynamics/Small/TenGen/Classical/TenGenClassical.cpp
cd /home/isatkaus/gridkit/build/examples/PhasorDynamics/Small/TenGen/Genrou && /nopt/nrel/apps/cpu_stack/software/gridkit/llvm/16.0.6/bin/clang++  -I/home/isatkaus/gridkit -I/home/isatkaus/gridkit/build -isystem /nopt/nrel/apps/cpu_stack/software/gridkit/sundials/develop/include -isystem /nopt/nrel/apps/cpu_stack/software/gridkit/suitesparse/7.8.2/include/suitesparse --gcc-toolchain=/nopt/nrel/apps/cpu_stack/compilers/06-24/linux-rhel8-sapphirerapids/gcc-12.3.0/gcc-13.1.0-bmut2ysomhthj6y7oyc73c3cmxye57am -Wall -Wextra -Wconversion -Wpedantic -O2 -g -DNDEBUG -std=gnu++20 -fPIE -MD -MT examples/PhasorDynamics/Small/TenGen/Genrou/CMakeFiles/TenGenGenrou.dir/TenGenGenrou.cpp.o -MF CMakeFiles/TenGenGenrou.dir/TenGenGenrou.cpp.o.d -o CMakeFiles/TenGenGenrou.dir/TenGenGenrou.cpp.o -c /home/isatkaus/gridkit/examples/PhasorDynamics/Small/TenGen/Genrou/TenGenGenrou.cpp
cd /home/isatkaus/gridkit/build/tests/UnitTests/PhasorDynamics && /nopt/nrel/apps/cpu_stack/software/gridkit/llvm/16.0.6/bin/clang++  -I/home/isatkaus/gridkit/build -I/home/isatkaus/gridkit --gcc-toolchain=/nopt/nrel/apps/cpu_stack/compilers/06-24/linux-rhel8-sapphirerapids/gcc-12.3.0/gcc-13.1.0-bmut2ysomhthj6y7oyc73c3cmxye57am -Wall -Wextra -Wconversion -Wpedantic -O2 -g -DNDEBUG -std=gnu++20 -fPIE -MD -MT tests/UnitTests/PhasorDynamics/CMakeFiles/test_phasor_exciter_sexspti.dir/runExciterSexsPtiTests.cpp.o -MF CMakeFiles/test_phasor_exciter_sexspti.dir/runExciterSexsPtiTests.cpp.o.d -o CMakeFiles/test_phasor_exciter_sexspti.dir/runExciterSexsPtiTests.cpp.o -c /home/isatkaus/gridkit/tests/UnitTests/PhasorDynamics/runExciterSexsPtiTests.cpp
cd /home/isatkaus/gridkit/build/tests/UnitTests/PhasorDynamics && /nopt/nrel/apps/cpu_stack/software/gridkit/llvm/16.0.6/bin/clang++  -I/home/isatkaus/gridkit/build -I/home/isatkaus/gridkit --gcc-toolchain=/nopt/nrel/apps/cpu_stack/compilers/06-24/linux-rhel8-sapphirerapids/gcc-12.3.0/gcc-13.1.0-bmut2ysomhthj6y7oyc73c3cmxye57am -Wall -Wextra -Wconversion -Wpedantic -O2 -g -DNDEBUG -std=gnu++20 -fPIE -MD -MT tests/UnitTests/PhasorDynamics/CMakeFiles/test_phasor_system.dir/runSystemTests.cpp.o -MF CMakeFiles/test_phasor_system.dir/runSystemTests.cpp.o.d -o CMakeFiles/test_phasor_system.dir/runSystemTests.cpp.o -c /home/isatkaus/gridkit/tests/UnitTests/PhasorDynamics/runSystemTests.cpp
cd /home/isatkaus/gridkit/build/tests/UnitTests/PhasorDynamics && /nopt/nrel/apps/cpu_stack/software/gridkit/llvm/16.0.6/bin/clang++  -I/home/isatkaus/gridkit/build -I/home/isatkaus/gridkit --gcc-toolchain=/nopt/nrel/apps/cpu_stack/compilers/06-24/linux-rhel8-sapphirerapids/gcc-12.3.0/gcc-13.1.0-bmut2ysomhthj6y7oyc73c3cmxye57am -Wall -Wextra -Wconversion -Wpedantic -O2 -g -DNDEBUG -std=gnu++20 -fPIE -MD -MT tests/UnitTests/PhasorDynamics/CMakeFiles/test_phasor_component_connection.dir/runComponentConnectionTests.cpp.o -MF CMakeFiles/test_phasor_component_connection.dir/runComponentConnectionTests.cpp.o.d -o CMakeFiles/test_phasor_component_connection.dir/runComponentConnectionTests.cpp.o -c /home/isatkaus/gridkit/tests/UnitTests/PhasorDynamics/runComponentConnectionTests.cpp
cd /home/isatkaus/gridkit/build/tests/UnitTests/Utilities && /nopt/nrel/apps/cpu_stack/software/gridkit/llvm/16.0.6/bin/clang++  -I/home/isatkaus/gridkit/third-party/nlohmann-json/single_include -I/home/isatkaus/gridkit/third-party/magic-enum/include -I/home/isatkaus/gridkit -I/home/isatkaus/gridkit/build --gcc-toolchain=/nopt/nrel/apps/cpu_stack/compilers/06-24/linux-rhel8-sapphirerapids/gcc-12.3.0/gcc-13.1.0-bmut2ysomhthj6y7oyc73c3cmxye57am -Wall -Wextra -Wconversion -Wpedantic -O2 -g -DNDEBUG -std=gnu++20 -fPIE -MD -MT tests/UnitTests/Utilities/CMakeFiles/test_case_format.dir/runCaseFormatTests.cpp.o -MF CMakeFiles/test_case_format.dir/runCaseFormatTests.cpp.o.d -o CMakeFiles/test_case_format.dir/runCaseFormatTests.cpp.o -c /home/isatkaus/gridkit/tests/UnitTests/Utilities/runCaseFormatTests.cpp
cd /home/isatkaus/gridkit/build/tests/UnitTests/PhasorDynamics && /nopt/nrel/apps/cpu_stack/software/gridkit/llvm/16.0.6/bin/clang++  -I/home/isatkaus/gridkit -I/home/isatkaus/gridkit/build --gcc-toolchain=/nopt/nrel/apps/cpu_stack/compilers/06-24/linux-rhel8-sapphirerapids/gcc-12.3.0/gcc-13.1.0-bmut2ysomhthj6y7oyc73c3cmxye57am -Wall -Wextra -Wconversion -Wpedantic -O2 -g -DNDEBUG -std=gnu++20 -fPIE -MD -MT tests/UnitTests/PhasorDynamics/CMakeFiles/test_phasor_system_single_component.dir/runSystemSingleComponentTests.cpp.o -MF CMakeFiles/test_phasor_system_single_component.dir/runSystemSingleComponentTests.cpp.o.d -o CMakeFiles/test_phasor_system_single_component.dir/runSystemSingleComponentTests.cpp.o -c /home/isatkaus/gridkit/tests/UnitTests/PhasorDynamics/runSystemSingleComponentTests.cpp
cd /home/isatkaus/gridkit/build/tests/IntegrationTests/PhasorDynamics && /nopt/nrel/apps/cpu_stack/software/gridkit/llvm/16.0.6/bin/clang++  -I/home/isatkaus/gridkit -I/home/isatkaus/gridkit/build -isystem /nopt/nrel/apps/cpu_stack/software/gridkit/sundials/develop/include -isystem /nopt/nrel/apps/cpu_stack/software/gridkit/suitesparse/7.8.2/include/suitesparse --gcc-toolchain=/nopt/nrel/apps/cpu_stack/compilers/06-24/linux-rhel8-sapphirerapids/gcc-12.3.0/gcc-13.1.0-bmut2ysomhthj6y7oyc73c3cmxye57am -Wall -Wextra -Wconversion -Wpedantic -O2 -g -DNDEBUG -std=gnu++20 -fPIE -MD -MT tests/IntegrationTests/PhasorDynamics/CMakeFiles/test_pd_integration.dir/runPDIntegrationTests.cpp.o -MF CMakeFiles/test_pd_integration.dir/runPDIntegrationTests.cpp.o.d -o CMakeFiles/test_pd_integration.dir/runPDIntegrationTests.cpp.o -c /home/isatkaus/gridkit/tests/IntegrationTests/PhasorDynamics/runPDIntegrationTests.cpp
[ 98%] Linking CXX executable TenGenGenrou
[ 99%] Linking CXX executable TenGenClassical
cd /home/isatkaus/gridkit/build/examples/PhasorDynamics/Small/TenGen/Genrou && /nopt/nrel/apps/cpu_stack/utilities/06-24/linux-rhel8-sapphirerapids/gcc-12.3.0/cmake-3.29.2-6n4msmc4aewj7wyi6b5g644vjrqyqgot/bin/cmake -E cmake_link_script CMakeFiles/TenGenGenrou.dir/link.txt --verbose=1
cd /home/isatkaus/gridkit/build/examples/PhasorDynamics/Small/TenGen/Classical && /nopt/nrel/apps/cpu_stack/utilities/06-24/linux-rhel8-sapphirerapids/gcc-12.3.0/cmake-3.29.2-6n4msmc4aewj7wyi6b5g644vjrqyqgot/bin/cmake -E cmake_link_script CMakeFiles/TenGenClassical.dir/link.txt --verbose=1
/nopt/nrel/apps/cpu_stack/software/gridkit/llvm/16.0.6/bin/clang++ --gcc-toolchain=/nopt/nrel/apps/cpu_stack/compilers/06-24/linux-rhel8-sapphirerapids/gcc-12.3.0/gcc-13.1.0-bmut2ysomhthj6y7oyc73c3cmxye57am -Wall -Wextra -Wconversion -Wpedantic -O2 -g -DNDEBUG -Wl,-rpath,/nopt/nrel/apps/cpu_stack/compilers/06-24/linux-rhel8-sapphirerapids/gcc-12.3.0/gcc-13.1.0-bmut2ysomhthj6y7oyc73c3cmxye57am/lib/gcc/x86_64-pc-linux-gnu/13.1.0/../../../../lib64 -Wl,-rpath,/nopt/nrel/apps/cpu_stack/libraries-gcc/06-24/linux-rhel8-sapphirerapids/gcc-12.3.0/netlib-lapack-3.11.0-abk4uhd5cyrfnhh67bcdhyt6fulibezx/lib64 CMakeFiles/TenGenGenrou.dir/TenGenGenrou.cpp.o -o TenGenGenrou  -Wl,-rpath,/home/isatkaus/gridkit/build/GridKit/Model/PhasorDynamics:/home/isatkaus/gridkit/build/GridKit/Solver/Dynamic:/home/isatkaus/gridkit/build/GridKit/Model/PhasorDynamics/Branch:/home/isatkaus/gridkit/build/GridKit/Model/PhasorDynamics/Bus:/home/isatkaus/gridkit/build/GridKit/Model/PhasorDynamics/BusFault:/home/isatkaus/gridkit/build/GridKit/Model/PhasorDynamics/BusToSignalAdapter:/home/isatkaus/gridkit/build/GridKit/Model/PhasorDynamics/Controller/REECB:/home/isatkaus/gridkit/build/GridKit/Model/PhasorDynamics/Controller/REPCA:/home/isatkaus/gridkit/build/GridKit/Model/PhasorDynamics/Converter/REGCA:/home/isatkaus/gridkit/build/GridKit/Model/PhasorDynamics/Exciter/ESDC1A:/home/isatkaus/gridkit/build/GridKit/Model/PhasorDynamics/Exciter/IEEET1:/home/isatkaus/gridkit/build/GridKit/Model/PhasorDynamics/Exciter/SEXS-PTI:/home/isatkaus/gridkit/build/GridKit/Model/PhasorDynamics/Governor/Tgov1:/home/isatkaus/gridkit/build/GridKit/Model/PhasorDynamics/Governor/GASTPTI:/home/isatkaus/gridkit/build/GridKit/Model/PhasorDynamics/Governor/HYGOV:/home/isatkaus/gridkit/build/GridKit/Model/PhasorDynamics/Load/LoadZ:/home/isatkaus/gridkit/build/GridKit/Model/PhasorDynamics/Load/LoadZIP:/home/isatkaus/gridkit/build/GridKit/Model/PhasorDynamics/SignalSource:/home/isatkaus/gridkit/build/GridKit/Model/PhasorDynamics/Stabilizer/IEEEST:/home/isatkaus/gridkit/build/GridKit/Model/PhasorDynamics/SynchronousMachine/GENROU:/home/isatkaus/gridkit/build/GridKit/Model/PhasorDynamics/SynchronousMachine/GENSAL:/home/isatkaus/gridkit/build/GridKit/Model/PhasorDynamics/SignalNode:/home/isatkaus/gridkit/build/GridKit/Model/PhasorDynamics/SynchronousMachine/GenClassical:/nopt/nrel/apps/cpu_stack/software/gridkit/sundials/develop/lib64:/nopt/nrel/apps/cpu_stack/software/gridkit/suitesparse/7.8.2/lib64:/home/isatkaus/gridkit/build/GridKit/LinearAlgebra/SparseMatrix:/home/isatkaus/gridkit/build/GridKit/LinearAlgebra/Vector:/home/isatkaus/gridkit/build/GridKit/Utilities/Logger:/home/isatkaus/gridkit/build/GridKit/MemoryUtilities/cpu: ../../../../../GridKit/Model/PhasorDynamics/libgridkit_phasor_dynamics_systemmodel.so.0.1.0 ../../../../../GridKit/Solver/Dynamic/libgridkit_solvers_dyn.so.0.1.0 ../../../../../GridKit/Model/PhasorDynamics/Branch/libgridkit_phasor_dynamics_branch.so.0.1.0 ../../../../../GridKit/Model/PhasorDynamics/Bus/libgridkit_phasor_dynamics_bus.so.0.1.0 ../../../../../GridKit/Model/PhasorDynamics/BusFault/libgridkit_phasor_dynamics_bus_fault.so.0.1.0 ../../../../../GridKit/Model/PhasorDynamics/BusToSignalAdapter/libgridkit_phasor_dynamics_bustosignaladapter.so.0.1.0 ../../../../../GridKit/Model/PhasorDynamics/Controller/REECB/libgridkit_phasor_dynamics_controller_reecb.so.0.1.0 ../../../../../GridKit/Model/PhasorDynamics/Controller/REPCA/libgridkit_phasor_dynamics_controller_repca.so.0.1.0 ../../../../../GridKit/Model/PhasorDynamics/Converter/REGCA/libgridkit_phasor_dynamics_converter_regca.so.0.1.0 ../../../../../GridKit/Model/PhasorDynamics/Exciter/ESDC1A/libgridkit_phasor_dynamics_exciter_esdc1a.so.0.1.0 ../../../../../GridKit/Model/PhasorDynamics/Exciter/IEEET1/libgridkit_phasor_dynamics_exciter_ieeet1.so.0.1.0 ../../../../../GridKit/Model/PhasorDynamics/Exciter/SEXS-PTI/libgridkit_phasor_dynamics_exciter_sexspti.so.0.1.0 ../../../../../GridKit/Model/PhasorDynamics/Governor/Tgov1/libgridkit_phasor_dynamics_governor_tgov1.so.0.1.0 ../../../../../GridKit/Model/PhasorDynamics/Governor/GASTPTI/libgridkit_phasor_dynamics_governor_gastpti.so.0.1.0 ../../../../../GridKit/Model/PhasorDynamics/Governor/HYGOV/libgridkit_phasor_dynamics_governor_hygov.so.0.1.0 ../../../../../GridKit/Model/PhasorDynamics/Load/LoadZ/libgridkit_phasor_dynamics_loadz.so.0.1.0 ../../../../../GridKit/Model/PhasorDynamics/Load/LoadZIP/libgridkit_phasor_dynamics_loadzip.so.0.1.0 ../../../../../GridKit/Model/PhasorDynamics/SignalSource/libgridkit_phasor_dynamics_signalsource.so.0.1.0 ../../../../../GridKit/Model/PhasorDynamics/Stabilizer/IEEEST/libgridkit_phasor_dynamics_stabilizer_ieeest.so.0.1.0 ../../../../../GridKit/Model/PhasorDynamics/SynchronousMachine/GENROU/libgridkit_phasor_dynamics_genrou.so.0.1.0 ../../../../../GridKit/Model/PhasorDynamics/SynchronousMachine/GENSAL/libgridkit_phasor_dynamics_gensal.so.0.1.0 ../../../../../GridKit/Model/PhasorDynamics/SignalNode/libgridkit_phasor_dynamics_signal.so.0.1.0 ../../../../../GridKit/Model/PhasorDynamics/SynchronousMachine/GenClassical/libgridkit_phasor_dynamics_gen_classical.so.0.1.0 /nopt/nrel/apps/cpu_stack/software/gridkit/sundials/develop/lib64/libsundials_nvecserial.so.7.8.0 /nopt/nrel/apps/cpu_stack/software/gridkit/sundials/develop/lib64/libsundials_idas.so.6.8.0 /nopt/nrel/apps/cpu_stack/software/gridkit/sundials/develop/lib64/libsundials_sunlinsolklu.so.5.8.0 /nopt/nrel/apps/cpu_stack/software/gridkit/sundials/develop/lib64/libsundials_sunmatrixsparse.so.5.8.0 /nopt/nrel/apps/cpu_stack/software/gridkit/sundials/develop/lib64/libsundials_core.so.7.8.0 /nopt/nrel/apps/cpu_stack/software/gridkit/suitesparse/7.8.2/lib64/libklu.so /nopt/nrel/apps/cpu_stack/software/gridkit/suitesparse/7.8.2/lib64/libamd.so /nopt/nrel/apps/cpu_stack/software/gridkit/suitesparse/7.8.2/lib64/libcolamd.so /nopt/nrel/apps/cpu_stack/software/gridkit/suitesparse/7.8.2/lib64/libbtf.so /nopt/nrel/apps/cpu_stack/software/gridkit/suitesparse/7.8.2/lib64/libsuitesparseconfig.so ../../../../../GridKit/LinearAlgebra/SparseMatrix/libgridkit_sparse_matrix.so.0.1.0 ../../../../../GridKit/LinearAlgebra/Vector/libgridkit_dense_vector.so.0.1.0 ../../../../../GridKit/Utilities/Logger/libgridkit_utilities_logger.so.0.1.0 ../../../../../GridKit/MemoryUtilities/cpu/libgridkit_cpu_backend.so.0.1.0
/nopt/nrel/apps/cpu_stack/software/gridkit/llvm/16.0.6/bin/clang++ --gcc-toolchain=/nopt/nrel/apps/cpu_stack/compilers/06-24/linux-rhel8-sapphirerapids/gcc-12.3.0/gcc-13.1.0-bmut2ysomhthj6y7oyc73c3cmxye57am -Wall -Wextra -Wconversion -Wpedantic -O2 -g -DNDEBUG -Wl,-rpath,/nopt/nrel/apps/cpu_stack/compilers/06-24/linux-rhel8-sapphirerapids/gcc-12.3.0/gcc-13.1.0-bmut2ysomhthj6y7oyc73c3cmxye57am/lib/gcc/x86_64-pc-linux-gnu/13.1.0/../../../../lib64 -Wl,-rpath,/nopt/nrel/apps/cpu_stack/libraries-gcc/06-24/linux-rhel8-sapphirerapids/gcc-12.3.0/netlib-lapack-3.11.0-abk4uhd5cyrfnhh67bcdhyt6fulibezx/lib64 CMakeFiles/TenGenClassical.dir/TenGenClassical.cpp.o -o TenGenClassical  -Wl,-rpath,/home/isatkaus/gridkit/build/GridKit/Model/PhasorDynamics:/home/isatkaus/gridkit/build/GridKit/Solver/Dynamic:/home/isatkaus/gridkit/build/GridKit/Model/PhasorDynamics/Branch:/home/isatkaus/gridkit/build/GridKit/Model/PhasorDynamics/Bus:/home/isatkaus/gridkit/build/GridKit/Model/PhasorDynamics/BusFault:/home/isatkaus/gridkit/build/GridKit/Model/PhasorDynamics/BusToSignalAdapter:/home/isatkaus/gridkit/build/GridKit/Model/PhasorDynamics/Controller/REECB:/home/isatkaus/gridkit/build/GridKit/Model/PhasorDynamics/Controller/REPCA:/home/isatkaus/gridkit/build/GridKit/Model/PhasorDynamics/Converter/REGCA:/home/isatkaus/gridkit/build/GridKit/Model/PhasorDynamics/Exciter/ESDC1A:/home/isatkaus/gridkit/build/GridKit/Model/PhasorDynamics/Exciter/IEEET1:/home/isatkaus/gridkit/build/GridKit/Model/PhasorDynamics/Exciter/SEXS-PTI:/home/isatkaus/gridkit/build/GridKit/Model/PhasorDynamics/Governor/Tgov1:/home/isatkaus/gridkit/build/GridKit/Model/PhasorDynamics/Governor/GASTPTI:/home/isatkaus/gridkit/build/GridKit/Model/PhasorDynamics/Governor/HYGOV:/home/isatkaus/gridkit/build/GridKit/Model/PhasorDynamics/Load/LoadZ:/home/isatkaus/gridkit/build/GridKit/Model/PhasorDynamics/Load/LoadZIP:/home/isatkaus/gridkit/build/GridKit/Model/PhasorDynamics/SignalSource:/home/isatkaus/gridkit/build/GridKit/Model/PhasorDynamics/Stabilizer/IEEEST:/home/isatkaus/gridkit/build/GridKit/Model/PhasorDynamics/SynchronousMachine/GENROU:/home/isatkaus/gridkit/build/GridKit/Model/PhasorDynamics/SynchronousMachine/GENSAL:/home/isatkaus/gridkit/build/GridKit/Model/PhasorDynamics/SignalNode:/home/isatkaus/gridkit/build/GridKit/Model/PhasorDynamics/SynchronousMachine/GenClassical:/nopt/nrel/apps/cpu_stack/software/gridkit/sundials/develop/lib64:/nopt/nrel/apps/cpu_stack/software/gridkit/suitesparse/7.8.2/lib64:/home/isatkaus/gridkit/build/GridKit/LinearAlgebra/SparseMatrix:/home/isatkaus/gridkit/build/GridKit/LinearAlgebra/Vector:/home/isatkaus/gridkit/build/GridKit/Utilities/Logger:/home/isatkaus/gridkit/build/GridKit/MemoryUtilities/cpu: ../../../../../GridKit/Model/PhasorDynamics/libgridkit_phasor_dynamics_systemmodel.so.0.1.0 ../../../../../GridKit/Solver/Dynamic/libgridkit_solvers_dyn.so.0.1.0 ../../../../../GridKit/Model/PhasorDynamics/Branch/libgridkit_phasor_dynamics_branch.so.0.1.0 ../../../../../GridKit/Model/PhasorDynamics/Bus/libgridkit_phasor_dynamics_bus.so.0.1.0 ../../../../../GridKit/Model/PhasorDynamics/BusFault/libgridkit_phasor_dynamics_bus_fault.so.0.1.0 ../../../../../GridKit/Model/PhasorDynamics/BusToSignalAdapter/libgridkit_phasor_dynamics_bustosignaladapter.so.0.1.0 ../../../../../GridKit/Model/PhasorDynamics/Controller/REECB/libgridkit_phasor_dynamics_controller_reecb.so.0.1.0 ../../../../../GridKit/Model/PhasorDynamics/Controller/REPCA/libgridkit_phasor_dynamics_controller_repca.so.0.1.0 ../../../../../GridKit/Model/PhasorDynamics/Converter/REGCA/libgridkit_phasor_dynamics_converter_regca.so.0.1.0 ../../../../../GridKit/Model/PhasorDynamics/Exciter/ESDC1A/libgridkit_phasor_dynamics_exciter_esdc1a.so.0.1.0 ../../../../../GridKit/Model/PhasorDynamics/Exciter/IEEET1/libgridkit_phasor_dynamics_exciter_ieeet1.so.0.1.0 ../../../../../GridKit/Model/PhasorDynamics/Exciter/SEXS-PTI/libgridkit_phasor_dynamics_exciter_sexspti.so.0.1.0 ../../../../../GridKit/Model/PhasorDynamics/Governor/Tgov1/libgridkit_phasor_dynamics_governor_tgov1.so.0.1.0 ../../../../../GridKit/Model/PhasorDynamics/Governor/GASTPTI/libgridkit_phasor_dynamics_governor_gastpti.so.0.1.0 ../../../../../GridKit/Model/PhasorDynamics/Governor/HYGOV/libgridkit_phasor_dynamics_governor_hygov.so.0.1.0 ../../../../../GridKit/Model/PhasorDynamics/Load/LoadZ/libgridkit_phasor_dynamics_loadz.so.0.1.0 ../../../../../GridKit/Model/PhasorDynamics/Load/LoadZIP/libgridkit_phasor_dynamics_loadzip.so.0.1.0 ../../../../../GridKit/Model/PhasorDynamics/SignalSource/libgridkit_phasor_dynamics_signalsource.so.0.1.0 ../../../../../GridKit/Model/PhasorDynamics/Stabilizer/IEEEST/libgridkit_phasor_dynamics_stabilizer_ieeest.so.0.1.0 ../../../../../GridKit/Model/PhasorDynamics/SynchronousMachine/GENROU/libgridkit_phasor_dynamics_genrou.so.0.1.0 ../../../../../GridKit/Model/PhasorDynamics/SynchronousMachine/GENSAL/libgridkit_phasor_dynamics_gensal.so.0.1.0 ../../../../../GridKit/Model/PhasorDynamics/SignalNode/libgridkit_phasor_dynamics_signal.so.0.1.0 ../../../../../GridKit/Model/PhasorDynamics/SynchronousMachine/GenClassical/libgridkit_phasor_dynamics_gen_classical.so.0.1.0 /nopt/nrel/apps/cpu_stack/software/gridkit/sundials/develop/lib64/libsundials_nvecserial.so.7.8.0 /nopt/nrel/apps/cpu_stack/software/gridkit/sundials/develop/lib64/libsundials_idas.so.6.8.0 /nopt/nrel/apps/cpu_stack/software/gridkit/sundials/develop/lib64/libsundials_sunlinsolklu.so.5.8.0 /nopt/nrel/apps/cpu_stack/software/gridkit/sundials/develop/lib64/libsundials_sunmatrixsparse.so.5.8.0 /nopt/nrel/apps/cpu_stack/software/gridkit/sundials/develop/lib64/libsundials_core.so.7.8.0 /nopt/nrel/apps/cpu_stack/software/gridkit/suitesparse/7.8.2/lib64/libklu.so /nopt/nrel/apps/cpu_stack/software/gridkit/suitesparse/7.8.2/lib64/libamd.so /nopt/nrel/apps/cpu_stack/software/gridkit/suitesparse/7.8.2/lib64/libcolamd.so /nopt/nrel/apps/cpu_stack/software/gridkit/suitesparse/7.8.2/lib64/libbtf.so /nopt/nrel/apps/cpu_stack/software/gridkit/suitesparse/7.8.2/lib64/libsuitesparseconfig.so ../../../../../GridKit/LinearAlgebra/SparseMatrix/libgridkit_sparse_matrix.so.0.1.0 ../../../../../GridKit/LinearAlgebra/Vector/libgridkit_dense_vector.so.0.1.0 ../../../../../GridKit/Utilities/Logger/libgridkit_utilities_logger.so.0.1.0 ../../../../../GridKit/MemoryUtilities/cpu/libgridkit_cpu_backend.so.0.1.0
make[2]: Leaving directory '/home/isatkaus/gridkit/build'
make[2]: Leaving directory '/home/isatkaus/gridkit/build'
[ 99%] Built target TenGenGenrou
[ 99%] Built target TenGenClassical
[ 99%] Linking CXX executable test_phasor_component_connection
cd /home/isatkaus/gridkit/build/tests/UnitTests/PhasorDynamics && /nopt/nrel/apps/cpu_stack/utilities/06-24/linux-rhel8-sapphirerapids/gcc-12.3.0/cmake-3.29.2-6n4msmc4aewj7wyi6b5g644vjrqyqgot/bin/cmake -E cmake_link_script CMakeFiles/test_phasor_component_connection.dir/link.txt --verbose=1
/nopt/nrel/apps/cpu_stack/software/gridkit/llvm/16.0.6/bin/clang++ --gcc-toolchain=/nopt/nrel/apps/cpu_stack/compilers/06-24/linux-rhel8-sapphirerapids/gcc-12.3.0/gcc-13.1.0-bmut2ysomhthj6y7oyc73c3cmxye57am -Wall -Wextra -Wconversion -Wpedantic -O2 -g -DNDEBUG -Wl,-rpath,/nopt/nrel/apps/cpu_stack/compilers/06-24/linux-rhel8-sapphirerapids/gcc-12.3.0/gcc-13.1.0-bmut2ysomhthj6y7oyc73c3cmxye57am/lib/gcc/x86_64-pc-linux-gnu/13.1.0/../../../../lib64 -Wl,-rpath,/nopt/nrel/apps/cpu_stack/libraries-gcc/06-24/linux-rhel8-sapphirerapids/gcc-12.3.0/netlib-lapack-3.11.0-abk4uhd5cyrfnhh67bcdhyt6fulibezx/lib64 CMakeFiles/test_phasor_component_connection.dir/runComponentConnectionTests.cpp.o -o test_phasor_component_connection  -Wl,-rpath,/home/isatkaus/gridkit/build/GridKit/Model/PhasorDynamics:/home/isatkaus/gridkit/build/GridKit/Testing:/home/isatkaus/gridkit/build/GridKit/Model/PhasorDynamics/Branch:/home/isatkaus/gridkit/build/GridKit/Model/PhasorDynamics/Bus:/home/isatkaus/gridkit/build/GridKit/Model/PhasorDynamics/BusFault:/home/isatkaus/gridkit/build/GridKit/Model/PhasorDynamics/BusToSignalAdapter:/home/isatkaus/gridkit/build/GridKit/Model/PhasorDynamics/Controller/REECB:/home/isatkaus/gridkit/build/GridKit/Model/PhasorDynamics/Controller/REPCA:/home/isatkaus/gridkit/build/GridKit/Model/PhasorDynamics/Converter/REGCA:/home/isatkaus/gridkit/build/GridKit/Model/PhasorDynamics/Exciter/ESDC1A:/home/isatkaus/gridkit/build/GridKit/Model/PhasorDynamics/Exciter/IEEET1:/home/isatkaus/gridkit/build/GridKit/Model/PhasorDynamics/Exciter/SEXS-PTI:/home/isatkaus/gridkit/build/GridKit/Model/PhasorDynamics/Governor/Tgov1:/home/isatkaus/gridkit/build/GridKit/Model/PhasorDynamics/Governor/GASTPTI:/home/isatkaus/gridkit/build/GridKit/Model/PhasorDynamics/Governor/HYGOV:/home/isatkaus/gridkit/build/GridKit/Model/PhasorDynamics/Load/LoadZ:/home/isatkaus/gridkit/build/GridKit/Model/PhasorDynamics/Load/LoadZIP:/home/isatkaus/gridkit/build/GridKit/Model/PhasorDynamics/SignalSource:/home/isatkaus/gridkit/build/GridKit/Model/PhasorDynamics/Stabilizer/IEEEST:/home/isatkaus/gridkit/build/GridKit/Model/PhasorDynamics/SynchronousMachine/GENROU:/home/isatkaus/gridkit/build/GridKit/Model/PhasorDynamics/SynchronousMachine/GENSAL:/home/isatkaus/gridkit/build/GridKit/Model/PhasorDynamics/SignalNode:/home/isatkaus/gridkit/build/GridKit/Model/PhasorDynamics/SynchronousMachine/GenClassical:/home/isatkaus/gridkit/build/GridKit/LinearAlgebra/Vector:/home/isatkaus/gridkit/build/GridKit/LinearAlgebra/SparseMatrix:/home/isatkaus/gridkit/build/GridKit/MemoryUtilities/cpu:/home/isatkaus/gridkit/build/GridKit/Utilities/CliArgs:/home/isatkaus/gridkit/build/GridKit/Utilities/Logger: ../../../GridKit/Model/PhasorDynamics/libgridkit_phasor_dynamics_systemmodel.so.0.1.0 ../../../GridKit/Testing/libgridkit_testing.so.0.1.0 ../../../GridKit/Model/PhasorDynamics/Branch/libgridkit_phasor_dynamics_branch.so.0.1.0 ../../../GridKit/Model/PhasorDynamics/Bus/libgridkit_phasor_dynamics_bus.so.0.1.0 ../../../GridKit/Model/PhasorDynamics/BusFault/libgridkit_phasor_dynamics_bus_fault.so.0.1.0 ../../../GridKit/Model/PhasorDynamics/BusToSignalAdapter/libgridkit_phasor_dynamics_bustosignaladapter.so.0.1.0 ../../../GridKit/Model/PhasorDynamics/Controller/REECB/libgridkit_phasor_dynamics_controller_reecb.so.0.1.0 ../../../GridKit/Model/PhasorDynamics/Controller/REPCA/libgridkit_phasor_dynamics_controller_repca.so.0.1.0 ../../../GridKit/Model/PhasorDynamics/Converter/REGCA/libgridkit_phasor_dynamics_converter_regca.so.0.1.0 ../../../GridKit/Model/PhasorDynamics/Exciter/ESDC1A/libgridkit_phasor_dynamics_exciter_esdc1a.so.0.1.0 ../../../GridKit/Model/PhasorDynamics/Exciter/IEEET1/libgridkit_phasor_dynamics_exciter_ieeet1.so.0.1.0 ../../../GridKit/Model/PhasorDynamics/Exciter/SEXS-PTI/libgridkit_phasor_dynamics_exciter_sexspti.so.0.1.0 ../../../GridKit/Model/PhasorDynamics/Governor/Tgov1/libgridkit_phasor_dynamics_governor_tgov1.so.0.1.0 ../../../GridKit/Model/PhasorDynamics/Governor/GASTPTI/libgridkit_phasor_dynamics_governor_gastpti.so.0.1.0 ../../../GridKit/Model/PhasorDynamics/Governor/HYGOV/libgridkit_phasor_dynamics_governor_hygov.so.0.1.0 ../../../GridKit/Model/PhasorDynamics/Load/LoadZ/libgridkit_phasor_dynamics_loadz.so.0.1.0 ../../../GridKit/Model/PhasorDynamics/Load/LoadZIP/libgridkit_phasor_dynamics_loadzip.so.0.1.0 ../../../GridKit/Model/PhasorDynamics/SignalSource/libgridkit_phasor_dynamics_signalsource.so.0.1.0 ../../../GridKit/Model/PhasorDynamics/Stabilizer/IEEEST/libgridkit_phasor_dynamics_stabilizer_ieeest.so.0.1.0 ../../../GridKit/Model/PhasorDynamics/SynchronousMachine/GENROU/libgridkit_phasor_dynamics_genrou.so.0.1.0 ../../../GridKit/Model/PhasorDynamics/SynchronousMachine/GENSAL/libgridkit_phasor_dynamics_gensal.so.0.1.0 ../../../GridKit/Model/PhasorDynamics/SignalNode/libgridkit_phasor_dynamics_signal.so.0.1.0 ../../../GridKit/Model/PhasorDynamics/SynchronousMachine/GenClassical/libgridkit_phasor_dynamics_gen_classical.so.0.1.0 ../../../GridKit/LinearAlgebra/Vector/libgridkit_dense_vector.so.0.1.0 ../../../GridKit/LinearAlgebra/SparseMatrix/libgridkit_sparse_matrix.so.0.1.0 ../../../GridKit/MemoryUtilities/cpu/libgridkit_cpu_backend.so.0.1.0 ../../../GridKit/Utilities/CliArgs/libgridkit_utilities_cli_args.so.0.1.0 ../../../GridKit/Utilities/Logger/libgridkit_utilities_logger.so.0.1.0
make[2]: Leaving directory '/home/isatkaus/gridkit/build'
[ 99%] Built target test_phasor_component_connection
[ 99%] Linking CXX executable test_phasor_exciter_sexspti
cd /home/isatkaus/gridkit/build/tests/UnitTests/PhasorDynamics && /nopt/nrel/apps/cpu_stack/utilities/06-24/linux-rhel8-sapphirerapids/gcc-12.3.0/cmake-3.29.2-6n4msmc4aewj7wyi6b5g644vjrqyqgot/bin/cmake -E cmake_link_script CMakeFiles/test_phasor_exciter_sexspti.dir/link.txt --verbose=1
/nopt/nrel/apps/cpu_stack/software/gridkit/llvm/16.0.6/bin/clang++ --gcc-toolchain=/nopt/nrel/apps/cpu_stack/compilers/06-24/linux-rhel8-sapphirerapids/gcc-12.3.0/gcc-13.1.0-bmut2ysomhthj6y7oyc73c3cmxye57am -Wall -Wextra -Wconversion -Wpedantic -O2 -g -DNDEBUG -Wl,-rpath,/nopt/nrel/apps/cpu_stack/compilers/06-24/linux-rhel8-sapphirerapids/gcc-12.3.0/gcc-13.1.0-bmut2ysomhthj6y7oyc73c3cmxye57am/lib/gcc/x86_64-pc-linux-gnu/13.1.0/../../../../lib64 -Wl,-rpath,/nopt/nrel/apps/cpu_stack/libraries-gcc/06-24/linux-rhel8-sapphirerapids/gcc-12.3.0/netlib-lapack-3.11.0-abk4uhd5cyrfnhh67bcdhyt6fulibezx/lib64 CMakeFiles/test_phasor_exciter_sexspti.dir/runExciterSexsPtiTests.cpp.o -o test_phasor_exciter_sexspti  -Wl,-rpath,/home/isatkaus/gridkit/build/GridKit/Model/PhasorDynamics:/home/isatkaus/gridkit/build/GridKit/Testing:/home/isatkaus/gridkit/build/GridKit/Model/PhasorDynamics/Branch:/home/isatkaus/gridkit/build/GridKit/Model/PhasorDynamics/Bus:/home/isatkaus/gridkit/build/GridKit/Model/PhasorDynamics/BusFault:/home/isatkaus/gridkit/build/GridKit/Model/PhasorDynamics/BusToSignalAdapter:/home/isatkaus/gridkit/build/GridKit/Model/PhasorDynamics/Controller/REECB:/home/isatkaus/gridkit/build/GridKit/Model/PhasorDynamics/Controller/REPCA:/home/isatkaus/gridkit/build/GridKit/Model/PhasorDynamics/Converter/REGCA:/home/isatkaus/gridkit/build/GridKit/Model/PhasorDynamics/Exciter/ESDC1A:/home/isatkaus/gridkit/build/GridKit/Model/PhasorDynamics/Exciter/IEEET1:/home/isatkaus/gridkit/build/GridKit/Model/PhasorDynamics/Exciter/SEXS-PTI:/home/isatkaus/gridkit/build/GridKit/Model/PhasorDynamics/Governor/Tgov1:/home/isatkaus/gridkit/build/GridKit/Model/PhasorDynamics/Governor/GASTPTI:/home/isatkaus/gridkit/build/GridKit/Model/PhasorDynamics/Governor/HYGOV:/home/isatkaus/gridkit/build/GridKit/Model/PhasorDynamics/Load/LoadZ:/home/isatkaus/gridkit/build/GridKit/Model/PhasorDynamics/Load/LoadZIP:/home/isatkaus/gridkit/build/GridKit/Model/PhasorDynamics/SignalSource:/home/isatkaus/gridkit/build/GridKit/Model/PhasorDynamics/Stabilizer/IEEEST:/home/isatkaus/gridkit/build/GridKit/Model/PhasorDynamics/SynchronousMachine/GENROU:/home/isatkaus/gridkit/build/GridKit/Model/PhasorDynamics/SynchronousMachine/GENSAL:/home/isatkaus/gridkit/build/GridKit/Model/PhasorDynamics/SignalNode:/home/isatkaus/gridkit/build/GridKit/Model/PhasorDynamics/SynchronousMachine/GenClassical:/home/isatkaus/gridkit/build/GridKit/LinearAlgebra/Vector:/home/isatkaus/gridkit/build/GridKit/LinearAlgebra/SparseMatrix:/home/isatkaus/gridkit/build/GridKit/MemoryUtilities/cpu:/home/isatkaus/gridkit/build/GridKit/Utilities/CliArgs:/home/isatkaus/gridkit/build/GridKit/Utilities/Logger: ../../../GridKit/Model/PhasorDynamics/libgridkit_phasor_dynamics_systemmodel.so.0.1.0 ../../../GridKit/Model/PhasorDynamics/libgridkit_phasor_dynamics_systemmodel_dependency_tracking.so.0.1.0 ../../../GridKit/Testing/libgridkit_testing.so.0.1.0 ../../../GridKit/Model/PhasorDynamics/Branch/libgridkit_phasor_dynamics_branch.so.0.1.0 ../../../GridKit/Model/PhasorDynamics/Bus/libgridkit_phasor_dynamics_bus.so.0.1.0 ../../../GridKit/Model/PhasorDynamics/BusFault/libgridkit_phasor_dynamics_bus_fault.so.0.1.0 ../../../GridKit/Model/PhasorDynamics/BusToSignalAdapter/libgridkit_phasor_dynamics_bustosignaladapter.so.0.1.0 ../../../GridKit/Model/PhasorDynamics/Controller/REECB/libgridkit_phasor_dynamics_controller_reecb.so.0.1.0 ../../../GridKit/Model/PhasorDynamics/Controller/REPCA/libgridkit_phasor_dynamics_controller_repca.so.0.1.0 ../../../GridKit/Model/PhasorDynamics/Converter/REGCA/libgridkit_phasor_dynamics_converter_regca.so.0.1.0 ../../../GridKit/Model/PhasorDynamics/Exciter/ESDC1A/libgridkit_phasor_dynamics_exciter_esdc1a.so.0.1.0 ../../../GridKit/Model/PhasorDynamics/Exciter/IEEET1/libgridkit_phasor_dynamics_exciter_ieeet1.so.0.1.0 ../../../GridKit/Model/PhasorDynamics/Exciter/SEXS-PTI/libgridkit_phasor_dynamics_exciter_sexspti.so.0.1.0 ../../../GridKit/Model/PhasorDynamics/Governor/Tgov1/libgridkit_phasor_dynamics_governor_tgov1.so.0.1.0 ../../../GridKit/Model/PhasorDynamics/Governor/GASTPTI/libgridkit_phasor_dynamics_governor_gastpti.so.0.1.0 ../../../GridKit/Model/PhasorDynamics/Governor/HYGOV/libgridkit_phasor_dynamics_governor_hygov.so.0.1.0 ../../../GridKit/Model/PhasorDynamics/Load/LoadZ/libgridkit_phasor_dynamics_loadz.so.0.1.0 ../../../GridKit/Model/PhasorDynamics/Load/LoadZIP/libgridkit_phasor_dynamics_loadzip.so.0.1.0 ../../../GridKit/Model/PhasorDynamics/SignalSource/libgridkit_phasor_dynamics_signalsource.so.0.1.0 ../../../GridKit/Model/PhasorDynamics/Stabilizer/IEEEST/libgridkit_phasor_dynamics_stabilizer_ieeest.so.0.1.0 ../../../GridKit/Model/PhasorDynamics/SynchronousMachine/GENROU/libgridkit_phasor_dynamics_genrou.so.0.1.0 ../../../GridKit/Model/PhasorDynamics/SynchronousMachine/GENSAL/libgridkit_phasor_dynamics_gensal.so.0.1.0 ../../../GridKit/Model/PhasorDynamics/SignalNode/libgridkit_phasor_dynamics_signal.so.0.1.0 ../../../GridKit/Model/PhasorDynamics/SynchronousMachine/GenClassical/libgridkit_phasor_dynamics_gen_classical.so.0.1.0 ../../../GridKit/Model/PhasorDynamics/Branch/libgridkit_phasor_dynamics_branch_dependency_tracking.so.0.1.0 ../../../GridKit/Model/PhasorDynamics/Bus/libgridkit_phasor_dynamics_bus_dependency_tracking.so.0.1.0 ../../../GridKit/Model/PhasorDynamics/BusFault/libgridkit_phasor_dynamics_bus_fault_dependency_tracking.so.0.1.0 ../../../GridKit/Model/PhasorDynamics/BusToSignalAdapter/libgridkit_phasor_dynamics_bustosignaladapter_dependency_tracking.so.0.1.0 ../../../GridKit/Model/PhasorDynamics/Controller/REECB/libgridkit_phasor_dynamics_controller_reecb_dependency_tracking.so.0.1.0 ../../../GridKit/Model/PhasorDynamics/Controller/REPCA/libgridkit_phasor_dynamics_controller_repca_dependency_tracking.so.0.1.0 ../../../GridKit/Model/PhasorDynamics/Converter/REGCA/libgridkit_phasor_dynamics_converter_regca_dependency_tracking.so.0.1.0 ../../../GridKit/Model/PhasorDynamics/Exciter/ESDC1A/libgridkit_phasor_dynamics_exciter_esdc1a_dependency_tracking.so.0.1.0 ../../../GridKit/Model/PhasorDynamics/Exciter/IEEET1/libgridkit_phasor_dynamics_exciter_ieeet1_dependency_tracking.so.0.1.0 ../../../GridKit/Model/PhasorDynamics/Exciter/SEXS-PTI/libgridkit_phasor_dynamics_exciter_sexspti_dependency_tracking.so.0.1.0 ../../../GridKit/Model/PhasorDynamics/Governor/Tgov1/libgridkit_phasor_dynamics_governor_tgov1_dependency_tracking.so.0.1.0 ../../../GridKit/Model/PhasorDynamics/Governor/GASTPTI/libgridkit_phasor_dynamics_governor_gastpti_dependency_tracking.so.0.1.0 ../../../GridKit/Model/PhasorDynamics/Governor/HYGOV/libgridkit_phasor_dynamics_governor_hygov_dependency_tracking.so.0.1.0 ../../../GridKit/Model/PhasorDynamics/Load/LoadZ/libgridkit_phasor_dynamics_loadz_dependency_tracking.so.0.1.0 ../../../GridKit/Model/PhasorDynamics/Load/LoadZIP/libgridkit_phasor_dynamics_loadzip_dependency_tracking.so.0.1.0 ../../../GridKit/Model/PhasorDynamics/SignalSource/libgridkit_phasor_dynamics_signalsource_dependency_tracking.so.0.1.0 ../../../GridKit/Model/PhasorDynamics/Stabilizer/IEEEST/libgridkit_phasor_dynamics_stabilizer_ieeest_dependency_tracking.so.0.1.0 ../../../GridKit/Model/PhasorDynamics/SynchronousMachine/GENROU/libgridkit_phasor_dynamics_genrou_dependency_tracking.so.0.1.0 ../../../GridKit/Model/PhasorDynamics/SynchronousMachine/GENSAL/libgridkit_phasor_dynamics_gensal_dependency_tracking.so.0.1.0 ../../../GridKit/Model/PhasorDynamics/SignalNode/libgridkit_phasor_dynamics_signal_dependency_tracking.so.0.1.0 ../../../GridKit/Model/PhasorDynamics/SynchronousMachine/GenClassical/libgridkit_phasor_dynamics_gen_classical_dependency_tracking.so.0.1.0 ../../../GridKit/LinearAlgebra/Vector/libgridkit_dense_vector.so.0.1.0 ../../../GridKit/LinearAlgebra/SparseMatrix/libgridkit_sparse_matrix.so.0.1.0 ../../../GridKit/MemoryUtilities/cpu/libgridkit_cpu_backend.so.0.1.0 ../../../GridKit/Utilities/CliArgs/libgridkit_utilities_cli_args.so.0.1.0 ../../../GridKit/Utilities/Logger/libgridkit_utilities_logger.so.0.1.0
[100%] Linking CXX executable test_phasor_system
cd /home/isatkaus/gridkit/build/tests/UnitTests/PhasorDynamics && /nopt/nrel/apps/cpu_stack/utilities/06-24/linux-rhel8-sapphirerapids/gcc-12.3.0/cmake-3.29.2-6n4msmc4aewj7wyi6b5g644vjrqyqgot/bin/cmake -E cmake_link_script CMakeFiles/test_phasor_system.dir/link.txt --verbose=1
/nopt/nrel/apps/cpu_stack/software/gridkit/llvm/16.0.6/bin/clang++ --gcc-toolchain=/nopt/nrel/apps/cpu_stack/compilers/06-24/linux-rhel8-sapphirerapids/gcc-12.3.0/gcc-13.1.0-bmut2ysomhthj6y7oyc73c3cmxye57am -Wall -Wextra -Wconversion -Wpedantic -O2 -g -DNDEBUG -Wl,-rpath,/nopt/nrel/apps/cpu_stack/compilers/06-24/linux-rhel8-sapphirerapids/gcc-12.3.0/gcc-13.1.0-bmut2ysomhthj6y7oyc73c3cmxye57am/lib/gcc/x86_64-pc-linux-gnu/13.1.0/../../../../lib64 -Wl,-rpath,/nopt/nrel/apps/cpu_stack/libraries-gcc/06-24/linux-rhel8-sapphirerapids/gcc-12.3.0/netlib-lapack-3.11.0-abk4uhd5cyrfnhh67bcdhyt6fulibezx/lib64 CMakeFiles/test_phasor_system.dir/runSystemTests.cpp.o -o test_phasor_system  -Wl,-rpath,/home/isatkaus/gridkit/build/GridKit/Model/PhasorDynamics:/home/isatkaus/gridkit/build/GridKit/Testing:/home/isatkaus/gridkit/build/GridKit/Model/PhasorDynamics/Branch:/home/isatkaus/gridkit/build/GridKit/Model/PhasorDynamics/Bus:/home/isatkaus/gridkit/build/GridKit/Model/PhasorDynamics/BusFault:/home/isatkaus/gridkit/build/GridKit/Model/PhasorDynamics/BusToSignalAdapter:/home/isatkaus/gridkit/build/GridKit/Model/PhasorDynamics/Controller/REECB:/home/isatkaus/gridkit/build/GridKit/Model/PhasorDynamics/Controller/REPCA:/home/isatkaus/gridkit/build/GridKit/Model/PhasorDynamics/Converter/REGCA:/home/isatkaus/gridkit/build/GridKit/Model/PhasorDynamics/Exciter/ESDC1A:/home/isatkaus/gridkit/build/GridKit/Model/PhasorDynamics/Exciter/IEEET1:/home/isatkaus/gridkit/build/GridKit/Model/PhasorDynamics/Exciter/SEXS-PTI:/home/isatkaus/gridkit/build/GridKit/Model/PhasorDynamics/Governor/Tgov1:/home/isatkaus/gridkit/build/GridKit/Model/PhasorDynamics/Governor/GASTPTI:/home/isatkaus/gridkit/build/GridKit/Model/PhasorDynamics/Governor/HYGOV:/home/isatkaus/gridkit/build/GridKit/Model/PhasorDynamics/Load/LoadZ:/home/isatkaus/gridkit/build/GridKit/Model/PhasorDynamics/Load/LoadZIP:/home/isatkaus/gridkit/build/GridKit/Model/PhasorDynamics/SignalSource:/home/isatkaus/gridkit/build/GridKit/Model/PhasorDynamics/Stabilizer/IEEEST:/home/isatkaus/gridkit/build/GridKit/Model/PhasorDynamics/SynchronousMachine/GENROU:/home/isatkaus/gridkit/build/GridKit/Model/PhasorDynamics/SynchronousMachine/GENSAL:/home/isatkaus/gridkit/build/GridKit/Model/PhasorDynamics/SignalNode:/home/isatkaus/gridkit/build/GridKit/Model/PhasorDynamics/SynchronousMachine/GenClassical:/home/isatkaus/gridkit/build/GridKit/LinearAlgebra/Vector:/home/isatkaus/gridkit/build/GridKit/LinearAlgebra/SparseMatrix:/home/isatkaus/gridkit/build/GridKit/MemoryUtilities/cpu:/home/isatkaus/gridkit/build/GridKit/Utilities/CliArgs:/home/isatkaus/gridkit/build/GridKit/Utilities/Logger: ../../../GridKit/Model/PhasorDynamics/libgridkit_phasor_dynamics_systemmodel.so.0.1.0 ../../../GridKit/Model/PhasorDynamics/libgridkit_phasor_dynamics_systemmodel_dependency_tracking.so.0.1.0 ../../../GridKit/Testing/libgridkit_testing.so.0.1.0 ../../../GridKit/Model/PhasorDynamics/Branch/libgridkit_phasor_dynamics_branch.so.0.1.0 ../../../GridKit/Model/PhasorDynamics/Bus/libgridkit_phasor_dynamics_bus.so.0.1.0 ../../../GridKit/Model/PhasorDynamics/BusFault/libgridkit_phasor_dynamics_bus_fault.so.0.1.0 ../../../GridKit/Model/PhasorDynamics/BusToSignalAdapter/libgridkit_phasor_dynamics_bustosignaladapter.so.0.1.0 ../../../GridKit/Model/PhasorDynamics/Controller/REECB/libgridkit_phasor_dynamics_controller_reecb.so.0.1.0 ../../../GridKit/Model/PhasorDynamics/Controller/REPCA/libgridkit_phasor_dynamics_controller_repca.so.0.1.0 ../../../GridKit/Model/PhasorDynamics/Converter/REGCA/libgridkit_phasor_dynamics_converter_regca.so.0.1.0 ../../../GridKit/Model/PhasorDynamics/Exciter/ESDC1A/libgridkit_phasor_dynamics_exciter_esdc1a.so.0.1.0 ../../../GridKit/Model/PhasorDynamics/Exciter/IEEET1/libgridkit_phasor_dynamics_exciter_ieeet1.so.0.1.0 ../../../GridKit/Model/PhasorDynamics/Exciter/SEXS-PTI/libgridkit_phasor_dynamics_exciter_sexspti.so.0.1.0 ../../../GridKit/Model/PhasorDynamics/Governor/Tgov1/libgridkit_phasor_dynamics_governor_tgov1.so.0.1.0 ../../../GridKit/Model/PhasorDynamics/Governor/GASTPTI/libgridkit_phasor_dynamics_governor_gastpti.so.0.1.0 ../../../GridKit/Model/PhasorDynamics/Governor/HYGOV/libgridkit_phasor_dynamics_governor_hygov.so.0.1.0 ../../../GridKit/Model/PhasorDynamics/Load/LoadZ/libgridkit_phasor_dynamics_loadz.so.0.1.0 ../../../GridKit/Model/PhasorDynamics/Load/LoadZIP/libgridkit_phasor_dynamics_loadzip.so.0.1.0 ../../../GridKit/Model/PhasorDynamics/SignalSource/libgridkit_phasor_dynamics_signalsource.so.0.1.0 ../../../GridKit/Model/PhasorDynamics/Stabilizer/IEEEST/libgridkit_phasor_dynamics_stabilizer_ieeest.so.0.1.0 ../../../GridKit/Model/PhasorDynamics/SynchronousMachine/GENROU/libgridkit_phasor_dynamics_genrou.so.0.1.0 ../../../GridKit/Model/PhasorDynamics/SynchronousMachine/GENSAL/libgridkit_phasor_dynamics_gensal.so.0.1.0 ../../../GridKit/Model/PhasorDynamics/SignalNode/libgridkit_phasor_dynamics_signal.so.0.1.0 ../../../GridKit/Model/PhasorDynamics/SynchronousMachine/GenClassical/libgridkit_phasor_dynamics_gen_classical.so.0.1.0 ../../../GridKit/Model/PhasorDynamics/Branch/libgridkit_phasor_dynamics_branch_dependency_tracking.so.0.1.0 ../../../GridKit/Model/PhasorDynamics/Bus/libgridkit_phasor_dynamics_bus_dependency_tracking.so.0.1.0 ../../../GridKit/Model/PhasorDynamics/BusFault/libgridkit_phasor_dynamics_bus_fault_dependency_tracking.so.0.1.0 ../../../GridKit/Model/PhasorDynamics/BusToSignalAdapter/libgridkit_phasor_dynamics_bustosignaladapter_dependency_tracking.so.0.1.0 ../../../GridKit/Model/PhasorDynamics/Controller/REECB/libgridkit_phasor_dynamics_controller_reecb_dependency_tracking.so.0.1.0 ../../../GridKit/Model/PhasorDynamics/Controller/REPCA/libgridkit_phasor_dynamics_controller_repca_dependency_tracking.so.0.1.0 ../../../GridKit/Model/PhasorDynamics/Converter/REGCA/libgridkit_phasor_dynamics_converter_regca_dependency_tracking.so.0.1.0 ../../../GridKit/Model/PhasorDynamics/Exciter/ESDC1A/libgridkit_phasor_dynamics_exciter_esdc1a_dependency_tracking.so.0.1.0 ../../../GridKit/Model/PhasorDynamics/Exciter/IEEET1/libgridkit_phasor_dynamics_exciter_ieeet1_dependency_tracking.so.0.1.0 ../../../GridKit/Model/PhasorDynamics/Exciter/SEXS-PTI/libgridkit_phasor_dynamics_exciter_sexspti_dependency_tracking.so.0.1.0 ../../../GridKit/Model/PhasorDynamics/Governor/Tgov1/libgridkit_phasor_dynamics_governor_tgov1_dependency_tracking.so.0.1.0 ../../../GridKit/Model/PhasorDynamics/Governor/GASTPTI/libgridkit_phasor_dynamics_governor_gastpti_dependency_tracking.so.0.1.0 ../../../GridKit/Model/PhasorDynamics/Governor/HYGOV/libgridkit_phasor_dynamics_governor_hygov_dependency_tracking.so.0.1.0 ../../../GridKit/Model/PhasorDynamics/Load/LoadZ/libgridkit_phasor_dynamics_loadz_dependency_tracking.so.0.1.0 ../../../GridKit/Model/PhasorDynamics/Load/LoadZIP/libgridkit_phasor_dynamics_loadzip_dependency_tracking.so.0.1.0 ../../../GridKit/Model/PhasorDynamics/SignalSource/libgridkit_phasor_dynamics_signalsource_dependency_tracking.so.0.1.0 ../../../GridKit/Model/PhasorDynamics/Stabilizer/IEEEST/libgridkit_phasor_dynamics_stabilizer_ieeest_dependency_tracking.so.0.1.0 ../../../GridKit/Model/PhasorDynamics/SynchronousMachine/GENROU/libgridkit_phasor_dynamics_genrou_dependency_tracking.so.0.1.0 ../../../GridKit/Model/PhasorDynamics/SynchronousMachine/GENSAL/libgridkit_phasor_dynamics_gensal_dependency_tracking.so.0.1.0 ../../../GridKit/Model/PhasorDynamics/SignalNode/libgridkit_phasor_dynamics_signal_dependency_tracking.so.0.1.0 ../../../GridKit/Model/PhasorDynamics/SynchronousMachine/GenClassical/libgridkit_phasor_dynamics_gen_classical_dependency_tracking.so.0.1.0 ../../../GridKit/LinearAlgebra/Vector/libgridkit_dense_vector.so.0.1.0 ../../../GridKit/LinearAlgebra/SparseMatrix/libgridkit_sparse_matrix.so.0.1.0 ../../../GridKit/MemoryUtilities/cpu/libgridkit_cpu_backend.so.0.1.0 ../../../GridKit/Utilities/CliArgs/libgridkit_utilities_cli_args.so.0.1.0 ../../../GridKit/Utilities/Logger/libgridkit_utilities_logger.so.0.1.0
make[2]: Leaving directory '/home/isatkaus/gridkit/build'
[100%] Built target test_phasor_exciter_sexspti
make[2]: Leaving directory '/home/isatkaus/gridkit/build'
[100%] Built target test_phasor_system
[100%] Linking CXX executable DynamicSimulation
[100%] Linking CXX executable test_phasor_system_single_component
cd /home/isatkaus/gridkit/build/application/PhasorDynamics && /nopt/nrel/apps/cpu_stack/utilities/06-24/linux-rhel8-sapphirerapids/gcc-12.3.0/cmake-3.29.2-6n4msmc4aewj7wyi6b5g644vjrqyqgot/bin/cmake -E cmake_link_script CMakeFiles/DynamicSimulation.dir/link.txt --verbose=1
cd /home/isatkaus/gridkit/build/tests/UnitTests/PhasorDynamics && /nopt/nrel/apps/cpu_stack/utilities/06-24/linux-rhel8-sapphirerapids/gcc-12.3.0/cmake-3.29.2-6n4msmc4aewj7wyi6b5g644vjrqyqgot/bin/cmake -E cmake_link_script CMakeFiles/test_phasor_system_single_component.dir/link.txt --verbose=1
/nopt/nrel/apps/cpu_stack/software/gridkit/llvm/16.0.6/bin/clang++ --gcc-toolchain=/nopt/nrel/apps/cpu_stack/compilers/06-24/linux-rhel8-sapphirerapids/gcc-12.3.0/gcc-13.1.0-bmut2ysomhthj6y7oyc73c3cmxye57am -Wall -Wextra -Wconversion -Wpedantic -O2 -g -DNDEBUG -Wl,-rpath,/nopt/nrel/apps/cpu_stack/compilers/06-24/linux-rhel8-sapphirerapids/gcc-12.3.0/gcc-13.1.0-bmut2ysomhthj6y7oyc73c3cmxye57am/lib/gcc/x86_64-pc-linux-gnu/13.1.0/../../../../lib64 -Wl,-rpath,/nopt/nrel/apps/cpu_stack/libraries-gcc/06-24/linux-rhel8-sapphirerapids/gcc-12.3.0/netlib-lapack-3.11.0-abk4uhd5cyrfnhh67bcdhyt6fulibezx/lib64 CMakeFiles/DynamicSimulation.dir/DynamicSimulation.cpp.o -o DynamicSimulation  -Wl,-rpath,/home/isatkaus/gridkit/build/GridKit/Model/PhasorDynamics:/home/isatkaus/gridkit/build/GridKit/Solver/Dynamic:/home/isatkaus/gridkit/build/GridKit/Testing:/home/isatkaus/gridkit/build/GridKit/Model/PhasorDynamics/Branch:/home/isatkaus/gridkit/build/GridKit/Model/PhasorDynamics/Bus:/home/isatkaus/gridkit/build/GridKit/Model/PhasorDynamics/BusFault:/home/isatkaus/gridkit/build/GridKit/Model/PhasorDynamics/BusToSignalAdapter:/home/isatkaus/gridkit/build/GridKit/Model/PhasorDynamics/Controller/REECB:/home/isatkaus/gridkit/build/GridKit/Model/PhasorDynamics/Controller/REPCA:/home/isatkaus/gridkit/build/GridKit/Model/PhasorDynamics/Converter/REGCA:/home/isatkaus/gridkit/build/GridKit/Model/PhasorDynamics/Exciter/ESDC1A:/home/isatkaus/gridkit/build/GridKit/Model/PhasorDynamics/Exciter/IEEET1:/home/isatkaus/gridkit/build/GridKit/Model/PhasorDynamics/Exciter/SEXS-PTI:/home/isatkaus/gridkit/build/GridKit/Model/PhasorDynamics/Governor/Tgov1:/home/isatkaus/gridkit/build/GridKit/Model/PhasorDynamics/Governor/GASTPTI:/home/isatkaus/gridkit/build/GridKit/Model/PhasorDynamics/Governor/HYGOV:/home/isatkaus/gridkit/build/GridKit/Model/PhasorDynamics/Load/LoadZ:/home/isatkaus/gridkit/build/GridKit/Model/PhasorDynamics/Load/LoadZIP:/home/isatkaus/gridkit/build/GridKit/Model/PhasorDynamics/SignalSource:/home/isatkaus/gridkit/build/GridKit/Model/PhasorDynamics/Stabilizer/IEEEST:/home/isatkaus/gridkit/build/GridKit/Model/PhasorDynamics/SynchronousMachine/GENROU:/home/isatkaus/gridkit/build/GridKit/Model/PhasorDynamics/SynchronousMachine/GENSAL:/home/isatkaus/gridkit/build/GridKit/Model/PhasorDynamics/SignalNode:/home/isatkaus/gridkit/build/GridKit/Model/PhasorDynamics/SynchronousMachine/GenClassical:/nopt/nrel/apps/cpu_stack/software/gridkit/sundials/develop/lib64:/nopt/nrel/apps/cpu_stack/software/gridkit/suitesparse/7.8.2/lib64:/home/isatkaus/gridkit/build/GridKit/LinearAlgebra/SparseMatrix:/home/isatkaus/gridkit/build/GridKit/LinearAlgebra/Vector:/home/isatkaus/gridkit/build/GridKit/MemoryUtilities/cpu:/home/isatkaus/gridkit/build/GridKit/Utilities/CliArgs:/home/isatkaus/gridkit/build/GridKit/Utilities/Logger: ../../GridKit/Model/PhasorDynamics/libgridkit_phasor_dynamics_systemmodel.so.0.1.0 ../../GridKit/Solver/Dynamic/libgridkit_solvers_dyn.so.0.1.0 ../../GridKit/Testing/libgridkit_testing.so.0.1.0 ../../GridKit/Model/PhasorDynamics/Branch/libgridkit_phasor_dynamics_branch.so.0.1.0 ../../GridKit/Model/PhasorDynamics/Bus/libgridkit_phasor_dynamics_bus.so.0.1.0 ../../GridKit/Model/PhasorDynamics/BusFault/libgridkit_phasor_dynamics_bus_fault.so.0.1.0 ../../GridKit/Model/PhasorDynamics/BusToSignalAdapter/libgridkit_phasor_dynamics_bustosignaladapter.so.0.1.0 ../../GridKit/Model/PhasorDynamics/Controller/REECB/libgridkit_phasor_dynamics_controller_reecb.so.0.1.0 ../../GridKit/Model/PhasorDynamics/Controller/REPCA/libgridkit_phasor_dynamics_controller_repca.so.0.1.0 ../../GridKit/Model/PhasorDynamics/Converter/REGCA/libgridkit_phasor_dynamics_converter_regca.so.0.1.0 ../../GridKit/Model/PhasorDynamics/Exciter/ESDC1A/libgridkit_phasor_dynamics_exciter_esdc1a.so.0.1.0 ../../GridKit/Model/PhasorDynamics/Exciter/IEEET1/libgridkit_phasor_dynamics_exciter_ieeet1.so.0.1.0 ../../GridKit/Model/PhasorDynamics/Exciter/SEXS-PTI/libgridkit_phasor_dynamics_exciter_sexspti.so.0.1.0 ../../GridKit/Model/PhasorDynamics/Governor/Tgov1/libgridkit_phasor_dynamics_governor_tgov1.so.0.1.0 ../../GridKit/Model/PhasorDynamics/Governor/GASTPTI/libgridkit_phasor_dynamics_governor_gastpti.so.0.1.0 ../../GridKit/Model/PhasorDynamics/Governor/HYGOV/libgridkit_phasor_dynamics_governor_hygov.so.0.1.0 ../../GridKit/Model/PhasorDynamics/Load/LoadZ/libgridkit_phasor_dynamics_loadz.so.0.1.0 ../../GridKit/Model/PhasorDynamics/Load/LoadZIP/libgridkit_phasor_dynamics_loadzip.so.0.1.0 ../../GridKit/Model/PhasorDynamics/SignalSource/libgridkit_phasor_dynamics_signalsource.so.0.1.0 ../../GridKit/Model/PhasorDynamics/Stabilizer/IEEEST/libgridkit_phasor_dynamics_stabilizer_ieeest.so.0.1.0 ../../GridKit/Model/PhasorDynamics/SynchronousMachine/GENROU/libgridkit_phasor_dynamics_genrou.so.0.1.0 ../../GridKit/Model/PhasorDynamics/SynchronousMachine/GENSAL/libgridkit_phasor_dynamics_gensal.so.0.1.0 ../../GridKit/Model/PhasorDynamics/SignalNode/libgridkit_phasor_dynamics_signal.so.0.1.0 ../../GridKit/Model/PhasorDynamics/SynchronousMachine/GenClassical/libgridkit_phasor_dynamics_gen_classical.so.0.1.0 /nopt/nrel/apps/cpu_stack/software/gridkit/sundials/develop/lib64/libsundials_nvecserial.so.7.8.0 /nopt/nrel/apps/cpu_stack/software/gridkit/sundials/develop/lib64/libsundials_idas.so.6.8.0 /nopt/nrel/apps/cpu_stack/software/gridkit/sundials/develop/lib64/libsundials_sunlinsolklu.so.5.8.0 /nopt/nrel/apps/cpu_stack/software/gridkit/sundials/develop/lib64/libsundials_sunmatrixsparse.so.5.8.0 /nopt/nrel/apps/cpu_stack/software/gridkit/sundials/develop/lib64/libsundials_core.so.7.8.0 /nopt/nrel/apps/cpu_stack/software/gridkit/suitesparse/7.8.2/lib64/libklu.so /nopt/nrel/apps/cpu_stack/software/gridkit/suitesparse/7.8.2/lib64/libamd.so /nopt/nrel/apps/cpu_stack/software/gridkit/suitesparse/7.8.2/lib64/libcolamd.so /nopt/nrel/apps/cpu_stack/software/gridkit/suitesparse/7.8.2/lib64/libbtf.so /nopt/nrel/apps/cpu_stack/software/gridkit/suitesparse/7.8.2/lib64/libsuitesparseconfig.so ../../GridKit/LinearAlgebra/SparseMatrix/libgridkit_sparse_matrix.so.0.1.0 ../../GridKit/LinearAlgebra/Vector/libgridkit_dense_vector.so.0.1.0 ../../GridKit/MemoryUtilities/cpu/libgridkit_cpu_backend.so.0.1.0 ../../GridKit/Utilities/CliArgs/libgridkit_utilities_cli_args.so.0.1.0 ../../GridKit/Utilities/Logger/libgridkit_utilities_logger.so.0.1.0
/nopt/nrel/apps/cpu_stack/software/gridkit/llvm/16.0.6/bin/clang++ --gcc-toolchain=/nopt/nrel/apps/cpu_stack/compilers/06-24/linux-rhel8-sapphirerapids/gcc-12.3.0/gcc-13.1.0-bmut2ysomhthj6y7oyc73c3cmxye57am -Wall -Wextra -Wconversion -Wpedantic -O2 -g -DNDEBUG -Wl,-rpath,/nopt/nrel/apps/cpu_stack/compilers/06-24/linux-rhel8-sapphirerapids/gcc-12.3.0/gcc-13.1.0-bmut2ysomhthj6y7oyc73c3cmxye57am/lib/gcc/x86_64-pc-linux-gnu/13.1.0/../../../../lib64 -Wl,-rpath,/nopt/nrel/apps/cpu_stack/libraries-gcc/06-24/linux-rhel8-sapphirerapids/gcc-12.3.0/netlib-lapack-3.11.0-abk4uhd5cyrfnhh67bcdhyt6fulibezx/lib64 CMakeFiles/test_phasor_system_single_component.dir/runSystemSingleComponentTests.cpp.o -o test_phasor_system_single_component  -Wl,-rpath,/home/isatkaus/gridkit/build/GridKit/Model/PhasorDynamics:/home/isatkaus/gridkit/build/GridKit/Testing:/home/isatkaus/gridkit/build/GridKit/Model/PhasorDynamics/Branch:/home/isatkaus/gridkit/build/GridKit/Model/PhasorDynamics/Bus:/home/isatkaus/gridkit/build/GridKit/Model/PhasorDynamics/BusFault:/home/isatkaus/gridkit/build/GridKit/Model/PhasorDynamics/BusToSignalAdapter:/home/isatkaus/gridkit/build/GridKit/Model/PhasorDynamics/Controller/REECB:/home/isatkaus/gridkit/build/GridKit/Model/PhasorDynamics/Controller/REPCA:/home/isatkaus/gridkit/build/GridKit/Model/PhasorDynamics/Converter/REGCA:/home/isatkaus/gridkit/build/GridKit/Model/PhasorDynamics/Exciter/ESDC1A:/home/isatkaus/gridkit/build/GridKit/Model/PhasorDynamics/Exciter/IEEET1:/home/isatkaus/gridkit/build/GridKit/Model/PhasorDynamics/Exciter/SEXS-PTI:/home/isatkaus/gridkit/build/GridKit/Model/PhasorDynamics/Governor/Tgov1:/home/isatkaus/gridkit/build/GridKit/Model/PhasorDynamics/Governor/GASTPTI:/home/isatkaus/gridkit/build/GridKit/Model/PhasorDynamics/Governor/HYGOV:/home/isatkaus/gridkit/build/GridKit/Model/PhasorDynamics/Load/LoadZ:/home/isatkaus/gridkit/build/GridKit/Model/PhasorDynamics/Load/LoadZIP:/home/isatkaus/gridkit/build/GridKit/Model/PhasorDynamics/SignalSource:/home/isatkaus/gridkit/build/GridKit/Model/PhasorDynamics/Stabilizer/IEEEST:/home/isatkaus/gridkit/build/GridKit/Model/PhasorDynamics/SynchronousMachine/GENROU:/home/isatkaus/gridkit/build/GridKit/Model/PhasorDynamics/SynchronousMachine/GENSAL:/home/isatkaus/gridkit/build/GridKit/Model/PhasorDynamics/SignalNode:/home/isatkaus/gridkit/build/GridKit/Model/PhasorDynamics/SynchronousMachine/GenClassical:/home/isatkaus/gridkit/build/GridKit/LinearAlgebra/Vector:/home/isatkaus/gridkit/build/GridKit/LinearAlgebra/SparseMatrix:/home/isatkaus/gridkit/build/GridKit/MemoryUtilities/cpu:/home/isatkaus/gridkit/build/GridKit/Utilities/CliArgs:/home/isatkaus/gridkit/build/GridKit/Utilities/Logger: ../../../GridKit/Model/PhasorDynamics/libgridkit_phasor_dynamics_systemmodel.so.0.1.0 ../../../GridKit/Model/PhasorDynamics/libgridkit_phasor_dynamics_systemmodel_dependency_tracking.so.0.1.0 ../../../GridKit/Testing/libgridkit_testing.so.0.1.0 ../../../GridKit/Model/PhasorDynamics/Branch/libgridkit_phasor_dynamics_branch.so.0.1.0 ../../../GridKit/Model/PhasorDynamics/Bus/libgridkit_phasor_dynamics_bus.so.0.1.0 ../../../GridKit/Model/PhasorDynamics/BusFault/libgridkit_phasor_dynamics_bus_fault.so.0.1.0 ../../../GridKit/Model/PhasorDynamics/BusToSignalAdapter/libgridkit_phasor_dynamics_bustosignaladapter.so.0.1.0 ../../../GridKit/Model/PhasorDynamics/Controller/REECB/libgridkit_phasor_dynamics_controller_reecb.so.0.1.0 ../../../GridKit/Model/PhasorDynamics/Controller/REPCA/libgridkit_phasor_dynamics_controller_repca.so.0.1.0 ../../../GridKit/Model/PhasorDynamics/Converter/REGCA/libgridkit_phasor_dynamics_converter_regca.so.0.1.0 ../../../GridKit/Model/PhasorDynamics/Exciter/ESDC1A/libgridkit_phasor_dynamics_exciter_esdc1a.so.0.1.0 ../../../GridKit/Model/PhasorDynamics/Exciter/IEEET1/libgridkit_phasor_dynamics_exciter_ieeet1.so.0.1.0 ../../../GridKit/Model/PhasorDynamics/Exciter/SEXS-PTI/libgridkit_phasor_dynamics_exciter_sexspti.so.0.1.0 ../../../GridKit/Model/PhasorDynamics/Governor/Tgov1/libgridkit_phasor_dynamics_governor_tgov1.so.0.1.0 ../../../GridKit/Model/PhasorDynamics/Governor/GASTPTI/libgridkit_phasor_dynamics_governor_gastpti.so.0.1.0 ../../../GridKit/Model/PhasorDynamics/Governor/HYGOV/libgridkit_phasor_dynamics_governor_hygov.so.0.1.0 ../../../GridKit/Model/PhasorDynamics/Load/LoadZ/libgridkit_phasor_dynamics_loadz.so.0.1.0 ../../../GridKit/Model/PhasorDynamics/Load/LoadZIP/libgridkit_phasor_dynamics_loadzip.so.0.1.0 ../../../GridKit/Model/PhasorDynamics/SignalSource/libgridkit_phasor_dynamics_signalsource.so.0.1.0 ../../../GridKit/Model/PhasorDynamics/Stabilizer/IEEEST/libgridkit_phasor_dynamics_stabilizer_ieeest.so.0.1.0 ../../../GridKit/Model/PhasorDynamics/SynchronousMachine/GENROU/libgridkit_phasor_dynamics_genrou.so.0.1.0 ../../../GridKit/Model/PhasorDynamics/SynchronousMachine/GENSAL/libgridkit_phasor_dynamics_gensal.so.0.1.0 ../../../GridKit/Model/PhasorDynamics/SignalNode/libgridkit_phasor_dynamics_signal.so.0.1.0 ../../../GridKit/Model/PhasorDynamics/SynchronousMachine/GenClassical/libgridkit_phasor_dynamics_gen_classical.so.0.1.0 ../../../GridKit/Model/PhasorDynamics/Branch/libgridkit_phasor_dynamics_branch_dependency_tracking.so.0.1.0 ../../../GridKit/Model/PhasorDynamics/Bus/libgridkit_phasor_dynamics_bus_dependency_tracking.so.0.1.0 ../../../GridKit/Model/PhasorDynamics/BusFault/libgridkit_phasor_dynamics_bus_fault_dependency_tracking.so.0.1.0 ../../../GridKit/Model/PhasorDynamics/BusToSignalAdapter/libgridkit_phasor_dynamics_bustosignaladapter_dependency_tracking.so.0.1.0 ../../../GridKit/Model/PhasorDynamics/Controller/REECB/libgridkit_phasor_dynamics_controller_reecb_dependency_tracking.so.0.1.0 ../../../GridKit/Model/PhasorDynamics/Controller/REPCA/libgridkit_phasor_dynamics_controller_repca_dependency_tracking.so.0.1.0 ../../../GridKit/Model/PhasorDynamics/Converter/REGCA/libgridkit_phasor_dynamics_converter_regca_dependency_tracking.so.0.1.0 ../../../GridKit/Model/PhasorDynamics/Exciter/ESDC1A/libgridkit_phasor_dynamics_exciter_esdc1a_dependency_tracking.so.0.1.0 ../../../GridKit/Model/PhasorDynamics/Exciter/IEEET1/libgridkit_phasor_dynamics_exciter_ieeet1_dependency_tracking.so.0.1.0 ../../../GridKit/Model/PhasorDynamics/Exciter/SEXS-PTI/libgridkit_phasor_dynamics_exciter_sexspti_dependency_tracking.so.0.1.0 ../../../GridKit/Model/PhasorDynamics/Governor/Tgov1/libgridkit_phasor_dynamics_governor_tgov1_dependency_tracking.so.0.1.0 ../../../GridKit/Model/PhasorDynamics/Governor/GASTPTI/libgridkit_phasor_dynamics_governor_gastpti_dependency_tracking.so.0.1.0 ../../../GridKit/Model/PhasorDynamics/Governor/HYGOV/libgridkit_phasor_dynamics_governor_hygov_dependency_tracking.so.0.1.0 ../../../GridKit/Model/PhasorDynamics/Load/LoadZ/libgridkit_phasor_dynamics_loadz_dependency_tracking.so.0.1.0 ../../../GridKit/Model/PhasorDynamics/Load/LoadZIP/libgridkit_phasor_dynamics_loadzip_dependency_tracking.so.0.1.0 ../../../GridKit/Model/PhasorDynamics/SignalSource/libgridkit_phasor_dynamics_signalsource_dependency_tracking.so.0.1.0 ../../../GridKit/Model/PhasorDynamics/Stabilizer/IEEEST/libgridkit_phasor_dynamics_stabilizer_ieeest_dependency_tracking.so.0.1.0 ../../../GridKit/Model/PhasorDynamics/SynchronousMachine/GENROU/libgridkit_phasor_dynamics_genrou_dependency_tracking.so.0.1.0 ../../../GridKit/Model/PhasorDynamics/SynchronousMachine/GENSAL/libgridkit_phasor_dynamics_gensal_dependency_tracking.so.0.1.0 ../../../GridKit/Model/PhasorDynamics/SignalNode/libgridkit_phasor_dynamics_signal_dependency_tracking.so.0.1.0 ../../../GridKit/Model/PhasorDynamics/SynchronousMachine/GenClassical/libgridkit_phasor_dynamics_gen_classical_dependency_tracking.so.0.1.0 ../../../GridKit/LinearAlgebra/Vector/libgridkit_dense_vector.so.0.1.0 ../../../GridKit/LinearAlgebra/SparseMatrix/libgridkit_sparse_matrix.so.0.1.0 ../../../GridKit/MemoryUtilities/cpu/libgridkit_cpu_backend.so.0.1.0 ../../../GridKit/Utilities/CliArgs/libgridkit_utilities_cli_args.so.0.1.0 ../../../GridKit/Utilities/Logger/libgridkit_utilities_logger.so.0.1.0
make[2]: Leaving directory '/home/isatkaus/gridkit/build'
[100%] Linking CXX executable test_pd_integration
[100%] Built target DynamicSimulation
make[2]: Leaving directory '/home/isatkaus/gridkit/build'
cd /home/isatkaus/gridkit/build/tests/IntegrationTests/PhasorDynamics && /nopt/nrel/apps/cpu_stack/utilities/06-24/linux-rhel8-sapphirerapids/gcc-12.3.0/cmake-3.29.2-6n4msmc4aewj7wyi6b5g644vjrqyqgot/bin/cmake -E cmake_link_script CMakeFiles/test_pd_integration.dir/link.txt --verbose=1
[100%] Built target test_phasor_system_single_component
/nopt/nrel/apps/cpu_stack/software/gridkit/llvm/16.0.6/bin/clang++ --gcc-toolchain=/nopt/nrel/apps/cpu_stack/compilers/06-24/linux-rhel8-sapphirerapids/gcc-12.3.0/gcc-13.1.0-bmut2ysomhthj6y7oyc73c3cmxye57am -Wall -Wextra -Wconversion -Wpedantic -O2 -g -DNDEBUG -Wl,-rpath,/nopt/nrel/apps/cpu_stack/compilers/06-24/linux-rhel8-sapphirerapids/gcc-12.3.0/gcc-13.1.0-bmut2ysomhthj6y7oyc73c3cmxye57am/lib/gcc/x86_64-pc-linux-gnu/13.1.0/../../../../lib64 -Wl,-rpath,/nopt/nrel/apps/cpu_stack/libraries-gcc/06-24/linux-rhel8-sapphirerapids/gcc-12.3.0/netlib-lapack-3.11.0-abk4uhd5cyrfnhh67bcdhyt6fulibezx/lib64 CMakeFiles/test_pd_integration.dir/runPDIntegrationTests.cpp.o -o test_pd_integration  -Wl,-rpath,/home/isatkaus/gridkit/build/GridKit/Model/PhasorDynamics:/home/isatkaus/gridkit/build/GridKit/Solver/Dynamic:/home/isatkaus/gridkit/build/GridKit/Testing:/home/isatkaus/gridkit/build/GridKit/Model/PhasorDynamics/Branch:/home/isatkaus/gridkit/build/GridKit/Model/PhasorDynamics/Bus:/home/isatkaus/gridkit/build/GridKit/Model/PhasorDynamics/BusFault:/home/isatkaus/gridkit/build/GridKit/Model/PhasorDynamics/BusToSignalAdapter:/home/isatkaus/gridkit/build/GridKit/Model/PhasorDynamics/Controller/REECB:/home/isatkaus/gridkit/build/GridKit/Model/PhasorDynamics/Controller/REPCA:/home/isatkaus/gridkit/build/GridKit/Model/PhasorDynamics/Converter/REGCA:/home/isatkaus/gridkit/build/GridKit/Model/PhasorDynamics/Exciter/ESDC1A:/home/isatkaus/gridkit/build/GridKit/Model/PhasorDynamics/Exciter/IEEET1:/home/isatkaus/gridkit/build/GridKit/Model/PhasorDynamics/Exciter/SEXS-PTI:/home/isatkaus/gridkit/build/GridKit/Model/PhasorDynamics/Governor/Tgov1:/home/isatkaus/gridkit/build/GridKit/Model/PhasorDynamics/Governor/GASTPTI:/home/isatkaus/gridkit/build/GridKit/Model/PhasorDynamics/Governor/HYGOV:/home/isatkaus/gridkit/build/GridKit/Model/PhasorDynamics/Load/LoadZ:/home/isatkaus/gridkit/build/GridKit/Model/PhasorDynamics/Load/LoadZIP:/home/isatkaus/gridkit/build/GridKit/Model/PhasorDynamics/SignalSource:/home/isatkaus/gridkit/build/GridKit/Model/PhasorDynamics/Stabilizer/IEEEST:/home/isatkaus/gridkit/build/GridKit/Model/PhasorDynamics/SynchronousMachine/GENROU:/home/isatkaus/gridkit/build/GridKit/Model/PhasorDynamics/SynchronousMachine/GENSAL:/home/isatkaus/gridkit/build/GridKit/Model/PhasorDynamics/SignalNode:/home/isatkaus/gridkit/build/GridKit/Model/PhasorDynamics/SynchronousMachine/GenClassical:/nopt/nrel/apps/cpu_stack/software/gridkit/sundials/develop/lib64:/nopt/nrel/apps/cpu_stack/software/gridkit/suitesparse/7.8.2/lib64:/home/isatkaus/gridkit/build/GridKit/LinearAlgebra/SparseMatrix:/home/isatkaus/gridkit/build/GridKit/LinearAlgebra/Vector:/home/isatkaus/gridkit/build/GridKit/MemoryUtilities/cpu:/home/isatkaus/gridkit/build/GridKit/Utilities/CliArgs:/home/isatkaus/gridkit/build/GridKit/Utilities/Logger: ../../../GridKit/Model/PhasorDynamics/libgridkit_phasor_dynamics_systemmodel.so.0.1.0 ../../../GridKit/Solver/Dynamic/libgridkit_solvers_dyn.so.0.1.0 ../../../GridKit/Testing/libgridkit_testing.so.0.1.0 ../../../GridKit/Model/PhasorDynamics/Branch/libgridkit_phasor_dynamics_branch.so.0.1.0 ../../../GridKit/Model/PhasorDynamics/Bus/libgridkit_phasor_dynamics_bus.so.0.1.0 ../../../GridKit/Model/PhasorDynamics/BusFault/libgridkit_phasor_dynamics_bus_fault.so.0.1.0 ../../../GridKit/Model/PhasorDynamics/BusToSignalAdapter/libgridkit_phasor_dynamics_bustosignaladapter.so.0.1.0 ../../../GridKit/Model/PhasorDynamics/Controller/REECB/libgridkit_phasor_dynamics_controller_reecb.so.0.1.0 ../../../GridKit/Model/PhasorDynamics/Controller/REPCA/libgridkit_phasor_dynamics_controller_repca.so.0.1.0 ../../../GridKit/Model/PhasorDynamics/Converter/REGCA/libgridkit_phasor_dynamics_converter_regca.so.0.1.0 ../../../GridKit/Model/PhasorDynamics/Exciter/ESDC1A/libgridkit_phasor_dynamics_exciter_esdc1a.so.0.1.0 ../../../GridKit/Model/PhasorDynamics/Exciter/IEEET1/libgridkit_phasor_dynamics_exciter_ieeet1.so.0.1.0 ../../../GridKit/Model/PhasorDynamics/Exciter/SEXS-PTI/libgridkit_phasor_dynamics_exciter_sexspti.so.0.1.0 ../../../GridKit/Model/PhasorDynamics/Governor/Tgov1/libgridkit_phasor_dynamics_governor_tgov1.so.0.1.0 ../../../GridKit/Model/PhasorDynamics/Governor/GASTPTI/libgridkit_phasor_dynamics_governor_gastpti.so.0.1.0 ../../../GridKit/Model/PhasorDynamics/Governor/HYGOV/libgridkit_phasor_dynamics_governor_hygov.so.0.1.0 ../../../GridKit/Model/PhasorDynamics/Load/LoadZ/libgridkit_phasor_dynamics_loadz.so.0.1.0 ../../../GridKit/Model/PhasorDynamics/Load/LoadZIP/libgridkit_phasor_dynamics_loadzip.so.0.1.0 ../../../GridKit/Model/PhasorDynamics/SignalSource/libgridkit_phasor_dynamics_signalsource.so.0.1.0 ../../../GridKit/Model/PhasorDynamics/Stabilizer/IEEEST/libgridkit_phasor_dynamics_stabilizer_ieeest.so.0.1.0 ../../../GridKit/Model/PhasorDynamics/SynchronousMachine/GENROU/libgridkit_phasor_dynamics_genrou.so.0.1.0 ../../../GridKit/Model/PhasorDynamics/SynchronousMachine/GENSAL/libgridkit_phasor_dynamics_gensal.so.0.1.0 ../../../GridKit/Model/PhasorDynamics/SignalNode/libgridkit_phasor_dynamics_signal.so.0.1.0 ../../../GridKit/Model/PhasorDynamics/SynchronousMachine/GenClassical/libgridkit_phasor_dynamics_gen_classical.so.0.1.0 /nopt/nrel/apps/cpu_stack/software/gridkit/sundials/develop/lib64/libsundials_nvecserial.so.7.8.0 /nopt/nrel/apps/cpu_stack/software/gridkit/sundials/develop/lib64/libsundials_idas.so.6.8.0 /nopt/nrel/apps/cpu_stack/software/gridkit/sundials/develop/lib64/libsundials_sunlinsolklu.so.5.8.0 /nopt/nrel/apps/cpu_stack/software/gridkit/sundials/develop/lib64/libsundials_sunmatrixsparse.so.5.8.0 /nopt/nrel/apps/cpu_stack/software/gridkit/sundials/develop/lib64/libsundials_core.so.7.8.0 /nopt/nrel/apps/cpu_stack/software/gridkit/suitesparse/7.8.2/lib64/libklu.so /nopt/nrel/apps/cpu_stack/software/gridkit/suitesparse/7.8.2/lib64/libamd.so /nopt/nrel/apps/cpu_stack/software/gridkit/suitesparse/7.8.2/lib64/libcolamd.so /nopt/nrel/apps/cpu_stack/software/gridkit/suitesparse/7.8.2/lib64/libbtf.so /nopt/nrel/apps/cpu_stack/software/gridkit/suitesparse/7.8.2/lib64/libsuitesparseconfig.so ../../../GridKit/LinearAlgebra/SparseMatrix/libgridkit_sparse_matrix.so.0.1.0 ../../../GridKit/LinearAlgebra/Vector/libgridkit_dense_vector.so.0.1.0 ../../../GridKit/MemoryUtilities/cpu/libgridkit_cpu_backend.so.0.1.0 ../../../GridKit/Utilities/CliArgs/libgridkit_utilities_cli_args.so.0.1.0 ../../../GridKit/Utilities/Logger/libgridkit_utilities_logger.so.0.1.0
make[2]: Leaving directory '/home/isatkaus/gridkit/build'
[100%] Built target test_pd_integration
[100%] Linking CXX executable ContingencyAnalysis
cd /home/isatkaus/gridkit/build/application/PhasorDynamics && /nopt/nrel/apps/cpu_stack/utilities/06-24/linux-rhel8-sapphirerapids/gcc-12.3.0/cmake-3.29.2-6n4msmc4aewj7wyi6b5g644vjrqyqgot/bin/cmake -E cmake_link_script CMakeFiles/ContingencyAnalysis.dir/link.txt --verbose=1
/nopt/nrel/apps/cpu_stack/software/gridkit/llvm/16.0.6/bin/clang++ --gcc-toolchain=/nopt/nrel/apps/cpu_stack/compilers/06-24/linux-rhel8-sapphirerapids/gcc-12.3.0/gcc-13.1.0-bmut2ysomhthj6y7oyc73c3cmxye57am -Wall -Wextra -Wconversion -Wpedantic -O2 -g -DNDEBUG -Wl,-rpath,/nopt/nrel/apps/cpu_stack/compilers/06-24/linux-rhel8-sapphirerapids/gcc-12.3.0/gcc-13.1.0-bmut2ysomhthj6y7oyc73c3cmxye57am/lib/gcc/x86_64-pc-linux-gnu/13.1.0/../../../../lib64 -Wl,-rpath,/nopt/nrel/apps/cpu_stack/libraries-gcc/06-24/linux-rhel8-sapphirerapids/gcc-12.3.0/netlib-lapack-3.11.0-abk4uhd5cyrfnhh67bcdhyt6fulibezx/lib64 CMakeFiles/ContingencyAnalysis.dir/ContingencyAnalysis.cpp.o -o ContingencyAnalysis  -Wl,-rpath,/home/isatkaus/gridkit/build/GridKit/Model/PhasorDynamics:/home/isatkaus/gridkit/build/GridKit/Solver/Dynamic:/home/isatkaus/gridkit/build/GridKit/Testing:/home/isatkaus/gridkit/build/GridKit/Model/PhasorDynamics/Branch:/home/isatkaus/gridkit/build/GridKit/Model/PhasorDynamics/Bus:/home/isatkaus/gridkit/build/GridKit/Model/PhasorDynamics/BusFault:/home/isatkaus/gridkit/build/GridKit/Model/PhasorDynamics/BusToSignalAdapter:/home/isatkaus/gridkit/build/GridKit/Model/PhasorDynamics/Controller/REECB:/home/isatkaus/gridkit/build/GridKit/Model/PhasorDynamics/Controller/REPCA:/home/isatkaus/gridkit/build/GridKit/Model/PhasorDynamics/Converter/REGCA:/home/isatkaus/gridkit/build/GridKit/Model/PhasorDynamics/Exciter/ESDC1A:/home/isatkaus/gridkit/build/GridKit/Model/PhasorDynamics/Exciter/IEEET1:/home/isatkaus/gridkit/build/GridKit/Model/PhasorDynamics/Exciter/SEXS-PTI:/home/isatkaus/gridkit/build/GridKit/Model/PhasorDynamics/Governor/Tgov1:/home/isatkaus/gridkit/build/GridKit/Model/PhasorDynamics/Governor/GASTPTI:/home/isatkaus/gridkit/build/GridKit/Model/PhasorDynamics/Governor/HYGOV:/home/isatkaus/gridkit/build/GridKit/Model/PhasorDynamics/Load/LoadZ:/home/isatkaus/gridkit/build/GridKit/Model/PhasorDynamics/Load/LoadZIP:/home/isatkaus/gridkit/build/GridKit/Model/PhasorDynamics/SignalSource:/home/isatkaus/gridkit/build/GridKit/Model/PhasorDynamics/Stabilizer/IEEEST:/home/isatkaus/gridkit/build/GridKit/Model/PhasorDynamics/SynchronousMachine/GENROU:/home/isatkaus/gridkit/build/GridKit/Model/PhasorDynamics/SynchronousMachine/GENSAL:/home/isatkaus/gridkit/build/GridKit/Model/PhasorDynamics/SignalNode:/home/isatkaus/gridkit/build/GridKit/Model/PhasorDynamics/SynchronousMachine/GenClassical:/nopt/nrel/apps/cpu_stack/software/gridkit/sundials/develop/lib64:/nopt/nrel/apps/cpu_stack/software/gridkit/suitesparse/7.8.2/lib64:/home/isatkaus/gridkit/build/GridKit/LinearAlgebra/SparseMatrix:/home/isatkaus/gridkit/build/GridKit/LinearAlgebra/Vector:/home/isatkaus/gridkit/build/GridKit/MemoryUtilities/cpu:/home/isatkaus/gridkit/build/GridKit/Utilities/CliArgs:/home/isatkaus/gridkit/build/GridKit/Utilities/Logger: ../../GridKit/Model/PhasorDynamics/libgridkit_phasor_dynamics_systemmodel.so.0.1.0 ../../GridKit/Solver/Dynamic/libgridkit_solvers_dyn.so.0.1.0 ../../GridKit/Testing/libgridkit_testing.so.0.1.0 ../../GridKit/Model/PhasorDynamics/Branch/libgridkit_phasor_dynamics_branch.so.0.1.0 ../../GridKit/Model/PhasorDynamics/Bus/libgridkit_phasor_dynamics_bus.so.0.1.0 ../../GridKit/Model/PhasorDynamics/BusFault/libgridkit_phasor_dynamics_bus_fault.so.0.1.0 ../../GridKit/Model/PhasorDynamics/BusToSignalAdapter/libgridkit_phasor_dynamics_bustosignaladapter.so.0.1.0 ../../GridKit/Model/PhasorDynamics/Controller/REECB/libgridkit_phasor_dynamics_controller_reecb.so.0.1.0 ../../GridKit/Model/PhasorDynamics/Controller/REPCA/libgridkit_phasor_dynamics_controller_repca.so.0.1.0 ../../GridKit/Model/PhasorDynamics/Converter/REGCA/libgridkit_phasor_dynamics_converter_regca.so.0.1.0 ../../GridKit/Model/PhasorDynamics/Exciter/ESDC1A/libgridkit_phasor_dynamics_exciter_esdc1a.so.0.1.0 ../../GridKit/Model/PhasorDynamics/Exciter/IEEET1/libgridkit_phasor_dynamics_exciter_ieeet1.so.0.1.0 ../../GridKit/Model/PhasorDynamics/Exciter/SEXS-PTI/libgridkit_phasor_dynamics_exciter_sexspti.so.0.1.0 ../../GridKit/Model/PhasorDynamics/Governor/Tgov1/libgridkit_phasor_dynamics_governor_tgov1.so.0.1.0 ../../GridKit/Model/PhasorDynamics/Governor/GASTPTI/libgridkit_phasor_dynamics_governor_gastpti.so.0.1.0 ../../GridKit/Model/PhasorDynamics/Governor/HYGOV/libgridkit_phasor_dynamics_governor_hygov.so.0.1.0 ../../GridKit/Model/PhasorDynamics/Load/LoadZ/libgridkit_phasor_dynamics_loadz.so.0.1.0 ../../GridKit/Model/PhasorDynamics/Load/LoadZIP/libgridkit_phasor_dynamics_loadzip.so.0.1.0 ../../GridKit/Model/PhasorDynamics/SignalSource/libgridkit_phasor_dynamics_signalsource.so.0.1.0 ../../GridKit/Model/PhasorDynamics/Stabilizer/IEEEST/libgridkit_phasor_dynamics_stabilizer_ieeest.so.0.1.0 ../../GridKit/Model/PhasorDynamics/SynchronousMachine/GENROU/libgridkit_phasor_dynamics_genrou.so.0.1.0 ../../GridKit/Model/PhasorDynamics/SynchronousMachine/GENSAL/libgridkit_phasor_dynamics_gensal.so.0.1.0 ../../GridKit/Model/PhasorDynamics/SignalNode/libgridkit_phasor_dynamics_signal.so.0.1.0 ../../GridKit/Model/PhasorDynamics/SynchronousMachine/GenClassical/libgridkit_phasor_dynamics_gen_classical.so.0.1.0 /nopt/nrel/apps/cpu_stack/software/gridkit/sundials/develop/lib64/libsundials_nvecserial.so.7.8.0 /nopt/nrel/apps/cpu_stack/software/gridkit/sundials/develop/lib64/libsundials_idas.so.6.8.0 /nopt/nrel/apps/cpu_stack/software/gridkit/sundials/develop/lib64/libsundials_sunlinsolklu.so.5.8.0 /nopt/nrel/apps/cpu_stack/software/gridkit/sundials/develop/lib64/libsundials_sunmatrixsparse.so.5.8.0 /nopt/nrel/apps/cpu_stack/software/gridkit/sundials/develop/lib64/libsundials_core.so.7.8.0 /nopt/nrel/apps/cpu_stack/software/gridkit/suitesparse/7.8.2/lib64/libklu.so /nopt/nrel/apps/cpu_stack/software/gridkit/suitesparse/7.8.2/lib64/libamd.so /nopt/nrel/apps/cpu_stack/software/gridkit/suitesparse/7.8.2/lib64/libcolamd.so /nopt/nrel/apps/cpu_stack/software/gridkit/suitesparse/7.8.2/lib64/libbtf.so /nopt/nrel/apps/cpu_stack/software/gridkit/suitesparse/7.8.2/lib64/libsuitesparseconfig.so ../../GridKit/LinearAlgebra/SparseMatrix/libgridkit_sparse_matrix.so.0.1.0 ../../GridKit/LinearAlgebra/Vector/libgridkit_dense_vector.so.0.1.0 ../../GridKit/MemoryUtilities/cpu/libgridkit_cpu_backend.so.0.1.0 ../../GridKit/Utilities/CliArgs/libgridkit_utilities_cli_args.so.0.1.0 ../../GridKit/Utilities/Logger/libgridkit_utilities_logger.so.0.1.0
make[2]: Leaving directory '/home/isatkaus/gridkit/build'
[100%] Built target ContingencyAnalysis
[100%] Linking CXX executable test_case_format
cd /home/isatkaus/gridkit/build/tests/UnitTests/Utilities && /nopt/nrel/apps/cpu_stack/utilities/06-24/linux-rhel8-sapphirerapids/gcc-12.3.0/cmake-3.29.2-6n4msmc4aewj7wyi6b5g644vjrqyqgot/bin/cmake -E cmake_link_script CMakeFiles/test_case_format.dir/link.txt --verbose=1
/nopt/nrel/apps/cpu_stack/software/gridkit/llvm/16.0.6/bin/clang++ --gcc-toolchain=/nopt/nrel/apps/cpu_stack/compilers/06-24/linux-rhel8-sapphirerapids/gcc-12.3.0/gcc-13.1.0-bmut2ysomhthj6y7oyc73c3cmxye57am -Wall -Wextra -Wconversion -Wpedantic -O2 -g -DNDEBUG -Wl,-rpath,/nopt/nrel/apps/cpu_stack/compilers/06-24/linux-rhel8-sapphirerapids/gcc-12.3.0/gcc-13.1.0-bmut2ysomhthj6y7oyc73c3cmxye57am/lib/gcc/x86_64-pc-linux-gnu/13.1.0/../../../../lib64 -Wl,-rpath,/nopt/nrel/apps/cpu_stack/libraries-gcc/06-24/linux-rhel8-sapphirerapids/gcc-12.3.0/netlib-lapack-3.11.0-abk4uhd5cyrfnhh67bcdhyt6fulibezx/lib64 CMakeFiles/test_case_format.dir/runCaseFormatTests.cpp.o -o test_case_format  -Wl,-rpath,/home/isatkaus/gridkit/build/GridKit/Model/PhasorDynamics:/home/isatkaus/gridkit/build/GridKit/Testing:/home/isatkaus/gridkit/build/GridKit/Model/PhasorDynamics/Branch:/home/isatkaus/gridkit/build/GridKit/Model/PhasorDynamics/Bus:/home/isatkaus/gridkit/build/GridKit/Model/PhasorDynamics/BusFault:/home/isatkaus/gridkit/build/GridKit/Model/PhasorDynamics/BusToSignalAdapter:/home/isatkaus/gridkit/build/GridKit/Model/PhasorDynamics/Controller/REECB:/home/isatkaus/gridkit/build/GridKit/Model/PhasorDynamics/Controller/REPCA:/home/isatkaus/gridkit/build/GridKit/Model/PhasorDynamics/Converter/REGCA:/home/isatkaus/gridkit/build/GridKit/Model/PhasorDynamics/Exciter/ESDC1A:/home/isatkaus/gridkit/build/GridKit/Model/PhasorDynamics/Exciter/IEEET1:/home/isatkaus/gridkit/build/GridKit/Model/PhasorDynamics/Exciter/SEXS-PTI:/home/isatkaus/gridkit/build/GridKit/Model/PhasorDynamics/Governor/Tgov1:/home/isatkaus/gridkit/build/GridKit/Model/PhasorDynamics/Governor/GASTPTI:/home/isatkaus/gridkit/build/GridKit/Model/PhasorDynamics/Governor/HYGOV:/home/isatkaus/gridkit/build/GridKit/Model/PhasorDynamics/Load/LoadZ:/home/isatkaus/gridkit/build/GridKit/Model/PhasorDynamics/Load/LoadZIP:/home/isatkaus/gridkit/build/GridKit/Model/PhasorDynamics/SignalSource:/home/isatkaus/gridkit/build/GridKit/Model/PhasorDynamics/Stabilizer/IEEEST:/home/isatkaus/gridkit/build/GridKit/Model/PhasorDynamics/SynchronousMachine/GENROU:/home/isatkaus/gridkit/build/GridKit/Model/PhasorDynamics/SynchronousMachine/GENSAL:/home/isatkaus/gridkit/build/GridKit/Model/PhasorDynamics/SignalNode:/home/isatkaus/gridkit/build/GridKit/Model/PhasorDynamics/SynchronousMachine/GenClassical:/home/isatkaus/gridkit/build/GridKit/LinearAlgebra/Vector:/home/isatkaus/gridkit/build/GridKit/LinearAlgebra/SparseMatrix:/home/isatkaus/gridkit/build/GridKit/MemoryUtilities/cpu:/home/isatkaus/gridkit/build/GridKit/Utilities/CliArgs:/home/isatkaus/gridkit/build/GridKit/Utilities/Logger: ../../../GridKit/Model/PhasorDynamics/libgridkit_phasor_dynamics_systemmodel.so.0.1.0 ../../../GridKit/Testing/libgridkit_testing.so.0.1.0 ../../../GridKit/Model/PhasorDynamics/Branch/libgridkit_phasor_dynamics_branch.so.0.1.0 ../../../GridKit/Model/PhasorDynamics/Bus/libgridkit_phasor_dynamics_bus.so.0.1.0 ../../../GridKit/Model/PhasorDynamics/BusFault/libgridkit_phasor_dynamics_bus_fault.so.0.1.0 ../../../GridKit/Model/PhasorDynamics/BusToSignalAdapter/libgridkit_phasor_dynamics_bustosignaladapter.so.0.1.0 ../../../GridKit/Model/PhasorDynamics/Controller/REECB/libgridkit_phasor_dynamics_controller_reecb.so.0.1.0 ../../../GridKit/Model/PhasorDynamics/Controller/REPCA/libgridkit_phasor_dynamics_controller_repca.so.0.1.0 ../../../GridKit/Model/PhasorDynamics/Converter/REGCA/libgridkit_phasor_dynamics_converter_regca.so.0.1.0 ../../../GridKit/Model/PhasorDynamics/Exciter/ESDC1A/libgridkit_phasor_dynamics_exciter_esdc1a.so.0.1.0 ../../../GridKit/Model/PhasorDynamics/Exciter/IEEET1/libgridkit_phasor_dynamics_exciter_ieeet1.so.0.1.0 ../../../GridKit/Model/PhasorDynamics/Exciter/SEXS-PTI/libgridkit_phasor_dynamics_exciter_sexspti.so.0.1.0 ../../../GridKit/Model/PhasorDynamics/Governor/Tgov1/libgridkit_phasor_dynamics_governor_tgov1.so.0.1.0 ../../../GridKit/Model/PhasorDynamics/Governor/GASTPTI/libgridkit_phasor_dynamics_governor_gastpti.so.0.1.0 ../../../GridKit/Model/PhasorDynamics/Governor/HYGOV/libgridkit_phasor_dynamics_governor_hygov.so.0.1.0 ../../../GridKit/Model/PhasorDynamics/Load/LoadZ/libgridkit_phasor_dynamics_loadz.so.0.1.0 ../../../GridKit/Model/PhasorDynamics/Load/LoadZIP/libgridkit_phasor_dynamics_loadzip.so.0.1.0 ../../../GridKit/Model/PhasorDynamics/SignalSource/libgridkit_phasor_dynamics_signalsource.so.0.1.0 ../../../GridKit/Model/PhasorDynamics/Stabilizer/IEEEST/libgridkit_phasor_dynamics_stabilizer_ieeest.so.0.1.0 ../../../GridKit/Model/PhasorDynamics/SynchronousMachine/GENROU/libgridkit_phasor_dynamics_genrou.so.0.1.0 ../../../GridKit/Model/PhasorDynamics/SynchronousMachine/GENSAL/libgridkit_phasor_dynamics_gensal.so.0.1.0 ../../../GridKit/Model/PhasorDynamics/SignalNode/libgridkit_phasor_dynamics_signal.so.0.1.0 ../../../GridKit/Model/PhasorDynamics/SynchronousMachine/GenClassical/libgridkit_phasor_dynamics_gen_classical.so.0.1.0 ../../../GridKit/LinearAlgebra/Vector/libgridkit_dense_vector.so.0.1.0 ../../../GridKit/LinearAlgebra/SparseMatrix/libgridkit_sparse_matrix.so.0.1.0 ../../../GridKit/MemoryUtilities/cpu/libgridkit_cpu_backend.so.0.1.0 ../../../GridKit/Utilities/CliArgs/libgridkit_utilities_cli_args.so.0.1.0 ../../../GridKit/Utilities/Logger/libgridkit_utilities_logger.so.0.1.0
make[2]: Leaving directory '/home/isatkaus/gridkit/build'
[100%] Built target test_case_format
make[1]: Leaving directory '/home/isatkaus/gridkit/build'
/nopt/nrel/apps/cpu_stack/utilities/06-24/linux-rhel8-sapphirerapids/gcc-12.3.0/cmake-3.29.2-6n4msmc4aewj7wyi6b5g644vjrqyqgot/bin/cmake -E cmake_progress_start /home/isatkaus/gridkit/build/CMakeFiles 0

=== BUILD RESULTS ===
Working Enzyme examples:
./tests/UnitTests/AutomaticDifferentiation/Enzyme/test_enzyme
Phasor dynamics libraries:
./GridKit/Model/PhasorDynamics/libgridkit_phasor_dynamics_systemmodel.so
./GridKit/Model/PhasorDynamics/SignalSource/libgridkit_phasor_dynamics_signalsource_dependency_tracking.so
./GridKit/Model/PhasorDynamics/SignalSource/libgridkit_phasor_dynamics_signalsource.so
./GridKit/Model/PhasorDynamics/Controller/REECB/libgridkit_phasor_dynamics_controller_reecb.so
./GridKit/Model/PhasorDynamics/Controller/REECB/libgridkit_phasor_dynamics_controller_reecb_dependency_tracking.so
Available make targets for phasor dynamics:
... TenGenClassical
... phasor_dynamics_gen_classical
... phasor_dynamics_gen_classical_dependency_tracking
... test_phasor_gen_classical

GridKit build completed: Tue Aug 11 18:35:55 MDT 2026

To run all tests:
  ctest --test-dir /home/isatkaus/gridkit/build --output-on-failure

To test Enzyme only: ./examples/Enzyme/Standalone/EnzymeStandaloneScalarCheck

=== [2/3] Building MkDocs docs ===
=== Building GridKit MkDocs ===

[31m │  ⚠  Warning from the Material for MkDocs team[0m
[31m │[0m
[31m │[0m  MkDocs 2.0, the underlying framework of Material for MkDocs,
[31m │[0m  will introduce backward-incompatible changes, including:
[31m │[0m
[31m │  × [0mAll plugins will stop working – the plugin system has been removed
[31m │  × [0mAll theme overrides will break – the theming system has been rewritten
[31m │  × [0mNo migration path exists – existing projects cannot be upgraded
[31m │  × [0mClosed contribution model – community members can't report bugs
[31m │  × [0mCurrently unlicensed – unsuitable for production use
[31m │[0m
[31m │[0m  Our full analysis:
[31m │[0m
[31m │[0m  [4mhttps://squidfunk.github.io/mkdocs-material/blog/2026/02/18/mkdocs-2.0/[0m
[0m
INFO    -  Cleaning site directory
INFO    -  Building documentation to directory: /home/isatkaus/gridkit/uq-usecase/mkdocs-site
WARNING -  Excluding 'GridKit/docs/README.md' from the site because it conflicts with 'GridKit/docs/index.md'.
WARNING -  Doc file 'GridKit/GridKit/Model/PhasorDynamics/Governor/HYGOV/README.md' contains a link 'GridKit/CommonMath.md#-ramp', but the target 'GridKit/GridKit/Model/PhasorDynamics/Governor/HYGOV/GridKit/CommonMath.md' is not found among documentation files.
WARNING -  Doc file 'GridKit/GridKit/Model/PhasorDynamics/Governor/HYGOV/README.md' contains a link 'GridKit/CommonMath.md#above', but the target 'GridKit/GridKit/Model/PhasorDynamics/Governor/HYGOV/GridKit/CommonMath.md' is not found among documentation files.
WARNING -  Doc file 'GridKit/GridKit/Model/PhasorDynamics/Governor/HYGOV/README.md' contains a link 'GridKit/CommonMath.md#below', but the target 'GridKit/GridKit/Model/PhasorDynamics/Governor/HYGOV/GridKit/CommonMath.md' is not found among documentation files.
WARNING -  Doc file 'GridKit/uq-usecase/work-notes/m_to_case_helper.md' contains a link 'pm_helper.md', but the target 'GridKit/uq-usecase/work-notes/pm_helper.md' is not found among documentation files.
INFO    -  Doc file 'GridKit/GridKit/Model/PhasorDynamics/Governor/GASTPTI/README.md' contains a link '../../../../CommonMath.md#min', but the doc 'GridKit/GridKit/CommonMath.md' does not contain an anchor '#min'.
INFO    -  Doc file 'GridKit/GridKit/Model/PhasorDynamics/Governor/GASTPTI/README.md' contains a link '../../../../CommonMath.md#rho-ramp', but the doc 'GridKit/GridKit/CommonMath.md' does not contain an anchor '#rho-ramp'.
INFO    -  Doc file 'GridKit/GridKit/Model/PhasorDynamics/Governor/HYGOV/README.md' contains a link '../../../../CommonMath.md#linseg', but the doc 'GridKit/GridKit/CommonMath.md' does not contain an anchor '#linseg'.
INFO    -  Doc file 'GridKit/uq-usecase/cases/illinois.md' contains a link '#generator-dispatch-pgqg--genrou-p0q0', but there is no such anchor on this page.
INFO    -  Documentation built in 7.20 seconds

Docs built at: /home/isatkaus/gridkit/uq-usecase/mkdocs-site/index.html

To rsync to local (e.g. Mac), run from your local machine:
cd /Users/isatkaus/projects/scidac/gridkit/
./rsync_and_open_mkdocs.sh
Copilot context prompt written to: /home/isatkaus/gridkit/uq-usecase/context/gridkit_docs.prompt.md
  233 .md files listed.

=== [3/3] Running tests ===
Internal ctest changing into directory: /home/isatkaus/gridkit/build
Test project /home/isatkaus/gridkit/build
      Start  1: test_parse_gen_row
 1/66 Test  #1: test_parse_gen_row ........................   Passed    0.01 sec
      Start  2: test_parse_bus_row
 2/66 Test  #2: test_parse_bus_row ........................   Passed    0.01 sec
      Start  3: test_parse_branch_row
 3/66 Test  #3: test_parse_branch_row .....................   Passed    0.01 sec
      Start  4: test_parse_gencost_row
 4/66 Test  #4: test_parse_gencost_row ....................   Passed    0.01 sec
      Start  5: test_parse_matpower
 5/66 Test  #5: test_parse_matpower .......................   Passed    0.01 sec
      Start  6: Grid3Bus
 6/66 Test  #6: Grid3Bus ..................................   Passed    0.03 sec
      Start  7: DistributedGeneratorTest
 7/66 Test  #7: DistributedGeneratorTest ..................   Passed    0.01 sec
      Start  8: RLCircuit
 8/66 Test  #8: RLCircuit .................................   Passed    0.06 sec
      Start  9: Microgrid
 9/66 Test  #9: Microgrid .................................   Passed    0.02 sec
      Start 10: ScaleMicrogrid
10/66 Test #10: ScaleMicrogrid ............................   Passed    0.05 sec
      Start 11: AdjointSens
11/66 Test #11: AdjointSens ...............................   Passed    0.02 sec
      Start 12: DynamicConOpt
12/66 Test #12: DynamicConOpt .............................   Passed    0.52 sec
      Start 13: GenConstLoad
13/66 Test #13: GenConstLoad ..............................   Passed    0.58 sec
      Start 14: GenInfiniteBus
14/66 Test #14: GenInfiniteBus ............................   Passed    0.56 sec
      Start 15: ParameterEst
15/66 Test #15: ParameterEst ..............................   Passed    2.18 sec
      Start 16: TwoBusBasic
16/66 Test #16: TwoBusBasic ...............................   Passed    0.12 sec
      Start 17: TwoBusTgov1Json
17/66 Test #17: TwoBusTgov1Json ...........................   Passed    0.03 sec
      Start 18: TwoBusIeeet1
18/66 Test #18: TwoBusIeeet1 ..............................   Passed    0.03 sec
      Start 19: TwoBusGensal
19/66 Test #19: TwoBusGensal ..............................   Passed    0.06 sec
      Start 20: ThreeBusBasic
20/66 Test #20: ThreeBusBasic .............................   Passed    0.03 sec
      Start 21: ThreeBusClassical
21/66 Test #21: ThreeBusClassical .........................   Passed    0.04 sec
      Start 22: ThreeBusConstantSource_pdsim
22/66 Test #22: ThreeBusConstantSource_pdsim ..............   Passed    0.02 sec
      Start 23: ThreeBusZipLoad
23/66 Test #23: ThreeBusZipLoad ...........................   Passed    0.03 sec
      Start 24: TenGenClassical
24/66 Test #24: TenGenClassical ...........................   Passed    0.04 sec
      Start 25: TenGenGenrou
25/66 Test #25: TenGenGenrou ..............................   Passed    0.03 sec
      Start 26: hawaii_pdsim
26/66 Test #26: hawaii_pdsim ..............................   Passed    0.21 sec
      Start 27: newengland_pdsim
27/66 Test #27: newengland_pdsim ..........................   Passed    0.26 sec
      Start 28: newengland_ca
28/66 Test #28: newengland_ca .............................   Passed    9.68 sec
      Start 29: texas_pdsim
29/66 Test #29: texas_pdsim ...............................   Passed    6.35 sec
      Start 30: wecc_pdsim
30/66 Test #30: wecc_pdsim ................................   Passed    0.74 sec
      Start 31: illinois_pdsim
31/66 Test #31: illinois_pdsim ............................   Passed    0.41 sec
      Start 32: DependencyTrackingTest
32/66 Test #32: DependencyTrackingTest ....................   Passed    0.01 sec
      Start 33: EnzymeTest
33/66 Test #33: EnzymeTest ................................   Passed    0.01 sec
      Start 34: SparseCsrTest
34/66 Test #34: SparseCsrTest .............................   Passed    0.01 sec
      Start 35: SparseCooTest
35/66 Test #35: SparseCooTest .............................   Passed    0.01 sec
      Start 36: VectorTest
36/66 Test #36: VectorTest ................................   Passed    0.01 sec
      Start 37: VectorHandlerTest
37/66 Test #37: VectorHandlerTest .........................   Passed    0.01 sec
      Start 38: MathSmoothnessIndicatorTest
38/66 Test #38: MathSmoothnessIndicatorTest ...............   Passed    0.01 sec
      Start 39: PhasorDynamicsBusTest
39/66 Test #39: PhasorDynamicsBusTest .....................   Passed    0.01 sec
      Start 40: PhasorDynamicsBusFaultTest
40/66 Test #40: PhasorDynamicsBusFaultTest ................   Passed    0.01 sec
      Start 41: PhasorDynamicsBusToSignalAdapterTest
41/66 Test #41: PhasorDynamicsBusToSignalAdapterTest ......   Passed    0.01 sec
      Start 42: PhasorDynamicsBranchTest
42/66 Test #42: PhasorDynamicsBranchTest ..................   Passed    0.01 sec
      Start 43: PhasorDynamicsGenrouTest
43/66 Test #43: PhasorDynamicsGenrouTest ..................   Passed    0.01 sec
      Start 44: PhasorDynamicsGovernorTgov1Test
44/66 Test #44: PhasorDynamicsGovernorTgov1Test ...........   Passed    0.01 sec
      Start 45: PhasorDynamicsGovernorGastPtiTest
45/66 Test #45: PhasorDynamicsGovernorGastPtiTest .........   Passed    0.01 sec
      Start 46: PhasorDynamicsGovernorHygovTest
46/66 Test #46: PhasorDynamicsGovernorHygovTest ...........   Passed    0.01 sec
      Start 47: PhasorDynamicsExciterIeeet1Test
47/66 Test #47: PhasorDynamicsExciterIeeet1Test ...........   Passed    0.04 sec
      Start 48: PhasorDynamicsExciterEsdc1aTest
48/66 Test #48: PhasorDynamicsExciterEsdc1aTest ...........   Passed    0.01 sec
      Start 49: PhasorDynamicsGensalTest
49/66 Test #49: PhasorDynamicsGensalTest ..................   Passed    0.01 sec
      Start 50: PhasorDynamicsExciterSexsPtiTest
50/66 Test #50: PhasorDynamicsExciterSexsPtiTest ..........   Passed    0.02 sec
      Start 51: PhasorDynamicsConverterRegcaTest
51/66 Test #51: PhasorDynamicsConverterRegcaTest ..........   Passed    0.01 sec
      Start 52: PhasorDynamicsControllerReecbTest
52/66 Test #52: PhasorDynamicsControllerReecbTest .........   Passed    0.01 sec
      Start 53: PhasorDynamicsControllerRepcaTest
53/66 Test #53: PhasorDynamicsControllerRepcaTest .........   Passed    0.01 sec
      Start 54: PhasorDynamicsStabilizerIeeestTest
54/66 Test #54: PhasorDynamicsStabilizerIeeestTest ........   Passed    0.01 sec
      Start 55: PhasorDynamicsGenClassicalTest
55/66 Test #55: PhasorDynamicsGenClassicalTest ............   Passed    0.01 sec
      Start 56: PhasorDynamicsLoadZTest
56/66 Test #56: PhasorDynamicsLoadZTest ...................   Passed    0.01 sec
      Start 57: PhasorDynamicsLoadZIPTest
57/66 Test #57: PhasorDynamicsLoadZIPTest .................   Passed    0.01 sec
      Start 58: PhasorDynamicsSystemTest
58/66 Test #58: PhasorDynamicsSystemTest ..................   Passed    0.02 sec
      Start 59: PhasorDynamicsSystemSingleComponentTest
59/66 Test #59: PhasorDynamicsSystemSingleComponentTest ...   Passed    0.02 sec
      Start 60: PhasorDynamicsComponentConnectionTest
60/66 Test #60: PhasorDynamicsComponentConnectionTest .....   Passed    0.01 sec
      Start 61: PowerElectronicsNodeTest
61/66 Test #61: PowerElectronicsNodeTest ..................   Passed    0.01 sec
      Start 62: IDATest
62/66 Test #62: IDATest ...................................   Passed    0.01 sec
      Start 63: UtilitiesCaseFormatTest
63/66 Test #63: UtilitiesCaseFormatTest ...................   Passed    0.01 sec
      Start 64: UtilitiesLoggerTest
64/66 Test #64: UtilitiesLoggerTest .......................   Passed    0.00 sec
      Start 65: UtilitiesCliArgsTest
65/66 Test #65: UtilitiesCliArgsTest ......................   Passed    0.01 sec
      Start 66: PhasorDynamicsIntegrationTest
66/66 Test #66: PhasorDynamicsIntegrationTest .............   Passed    0.03 sec

100% tests passed, 0 tests failed out of 66

Total Test time (real) =  22.56 sec

=== Done ===
  GridKit built:  origin/develop @ 6f7bc80e2fc4c91742ac72dc98c6378eed2f2638
  MkDocs built:   /home/isatkaus/gridkit/uq-usecase/mkdocs-site/
  Copilot prompt: /home/isatkaus/gridkit/uq-usecase/context/gridkit_docs.prompt.md
  Tests ran:      all passed (stamp updated)

To rsync docs to local machine (e.g. Mac), run from your local machine:
  cd /Users/isatkaus/projects/scidac/gridkit/
  ./rsync_and_open_mkdocs.sh
