omega,re_0,im_0,re_1,im_1,re_2,im_2,re_3,im_3,re_4,im_4,re_5,im_5,re_6,im_6,re_7,im_7,re_8,im_8,re_9,im_9,re_10,im_10,re_11,im_11,re_12,im_12,re_13,im_13,re_14,im_14,re_15,im_15,re_16,im_16,re_17,im_17,re_18,im_18,re_19,im_19,re_20,im_20,re_21,im_21,re_22,im_22,re_23,im_23,re_24,im_24,re_25,im_25,re_26,im_26,re_27,im_27,re_28,im_28,re_29,im_29,re_30,im_30,re_31,im_31,re_32,im_32,re_33,im_33,re_34,im_34,re_35,im_35,re_36,im_36,re_37,im_37,re_38,im_38,re_39,im_39,re_40,im_40,re_41,im_41,re_42,im_42,re_43,im_43,re_44,im_44,re_45,im_45,re_46,im_46,re_47,im_47,re_48,im_48,re_49,im_49,re_50,im_50,re_51,im_51,re_52,im_52,re_53,im_53,re_54,im_54,re_55,im_55,re_56,im_56,re_57,im_57,re_58,im_58,re_59,im_59,re_60,im_60,re_61,im_61,re_62,im_62,re_63,im_63
62.83185307179587,0.0,6.61092511931347e-10,0.0,-3.416463632412751e-10,0.0,-3.2616627487751014e-11,0.0,-2.737226392319148e-11,0.0,-1.1207917828469968e-11,0.0,-1.0266232157210763e-11,0.0,-3.9344098718364535e-11,0.0,-1.753696284720688e-11,0.0,-3.4164636324127515e-10,0.0,6.643977782522e-10,0.0,-3.829505487918018e-11,0.0,-3.17474304047519e-11,0.0,-1.2312217458858482e-11,0.0,-1.1207917828469979e-11,0.0,-3.970144166482759e-11,0.0,-1.8433361145869662e-11,0.0,-3.261662748775102e-11,0.0,-3.829505487918018e-11,0.0,6.708261681051989e-10,0.0,-3.3368805232028516e-10,0.0,-3.174743040475188e-11,0.0,-2.7372263923191504e-11,0.0,-3.276751829998534e-11,0.0,-3.042120896509073e-11,0.0,-2.7372263923191488e-11,0.0,-3.174743040475189e-11,0.0,-3.336880523202852e-10,0.0,6.708261681051989e-10,0.0,-3.82950548791802e-11,0.0,-3.261662748775102e-11,0.0,-3.042120896509074e-11,0.0,-3.276751829998533e-11,0.0,-1.1207917828469965e-11,0.0,-1.2312217458858475e-11,0.0,-3.1747430404751884e-11,0.0,-3.8295054879180185e-11,0.0,6.643977782522001e-10,0.0,-3.4164636324127515e-10,0.0,-1.843336114586966e-11,0.0,-3.9701441664827587e-11,0.0,-1.0266232157210755e-11,0.0,-1.120791782846997e-11,0.0,-2.7372263923191488e-11,0.0,-3.2616627487751014e-11,0.0,-3.4164636324127515e-10,0.0,6.610925119313472e-10,0.0,-1.7536962847206893e-11,0.0,-3.934409871836453e-11,0.0,-3.934409871836454e-11,0.0,-3.97014416648276e-11,0.0,-3.276751829998535e-11,0.0,-3.0421208965090726e-11,0.0,-1.8433361145869662e-11,0.0,-1.753696284720689e-11,0.0,4.1385876969629723e-10,0.0,-5.326919331173929e-11,0.0,-1.7536962847206893e-11,0.0,-1.843336114586966e-11,0.0,-3.0421208965090726e-11,0.0,-3.2767518299985336e-11,0.0,-3.970144166482759e-11,0.0,-3.934409871836452e-11,0.0,-5.326919331173928e-11,0.0,4.138587696962972e-10
65.41537996857582,0.0,6.882753849859236e-10,0.0,-3.556942151741522e-10,0.0,-3.3957761487102724e-11,0.0,-2.8497759617079713e-11,0.0,-1.1668766199974492e-11,0.0,-1.0688360195937166e-11,0.0,-4.096185360380954e-11,0.0,-1.825804957294484e-11,0.0,-3.5569421517415223e-10,0.0,6.917165576030814e-10,0.0,-3.986967506714401e-11,0.0,-3.305282466489893e-11,0.0,-1.2818472541413811e-11,0.0,-1.1668766199974492e-11,0.0,-4.1333889816003694e-11,0.0,-1.9191306073325417e-11,0.0,-3.395776148710272e-11,0.0,-3.9869675067143995e-11,0.0,6.984092706819005e-10,0.0,-3.4740867356821285e-10,0.0,-3.3052824664898943e-11,0.0,-2.8497759617079726e-11,0.0,-3.4114856643993864e-11,0.0,-3.167207150934942e-11,0.0,-2.8497759617079697e-11,0.0,-3.3052824664898943e-11,0.0,-3.4740867356821295e-10,0.0,6.984092706819006e-10,0.0,-3.9869675067144e-11,0.0,-3.3957761487102744e-11,0.0,-3.167207150934946e-11,0.0,-3.411485664399389e-11,0.0,-1.1668766199974487e-11,0.0,-1.2818472541413805e-11,0.0,-3.305282466489893e-11,0.0,-3.9869675067143995e-11,0.0,6.917165576030814e-10,0.0,-3.5569421517415223e-10,0.0,-1.919130607332541e-11,0.0,-4.13338898160037e-11,0.0,-1.0688360195937185e-11,0.0,-1.1668766199974489e-11,0.0,-2.8497759617079733e-11,0.0,-3.395776148710272e-11,0.0,-3.556942151741521e-10,0.0,6.882753849859237e-10,0.0,-1.8258049572944856e-11,0.0,-4.0961853603809526e-11,0.0,-4.096185360380954e-11,0.0,-4.1333889816003694e-11,0.0,-3.411485664399387e-11,0.0,-3.167207150934943e-11,0.0,-1.9191306073325417e-11,0.0,-1.8258049572944837e-11,0.0,4.308758591295324e-10,0.0,-5.5459521735339844e-11,0.0,-1.8258049572944847e-11,0.0,-1.9191306073325407e-11,0.0,-3.167207150934944e-11,0.0,-3.4114856643993877e-11,0.0,-4.133388981600369e-11,0.0,-4.0961853603809526e-11,0.0,-5.545952173533987e-11,0.0,4.308758591295323e-10
68.10513660234535,0.0,7.165759663402703e-10,0.0,-3.703196881946822e-10,0.0,-3.535404037857709e-11,0.0,-2.966953356403886e-11,0.0,-1.2148563784416652e-11,0.0,-1.1127845340790715e-11,0.0,-4.264612750874244e-11,0.0,-1.900878602027745e-11,0.0,-3.703196881946823e-10,0.0,7.201586334634507e-10,0.0,-4.150904065746239e-11,0.0,-3.4411894266725625e-11,0.0,-1.3345543874938464e-11,0.0,-1.2148563784416657e-11,0.0,-4.30334611459494e-11,0.0,-1.9980416261880848e-11,0.0,-3.535404037857711e-11,0.0,-4.1509040657462366e-11,0.0,7.27126538238937e-10,0.0,-3.6169346079727237e-10,0.0,-3.441189426672563e-11,0.0,-2.966953356403887e-11,0.0,-3.5517594991036424e-11,0.0,-3.2974367154324945e-11,0.0,-2.966953356403884e-11,0.0,-3.4411894266725644e-11,0.0,-3.616934607972724e-10,0.0,7.27126538238937e-10,0.0,-4.1509040657462366e-11,0.0,-3.53540403785771e-11,0.0,-3.297436715432496e-11,0.0,-3.5517594991036424e-11,0.0,-1.214856378441666e-11,0.0,-1.334554387493846e-11,0.0,-3.441189426672563e-11,0.0,-4.1509040657462404e-11,0.0,7.201586334634505e-10,0.0,-3.703196881946823e-10,0.0,-1.9980416261880855e-11,0.0,-4.3033461145949395e-11,0.0,-1.1127845340790715e-11,0.0,-1.214856378441665e-11,0.0,-2.966953356403883e-11,0.0,-3.535404037857708e-11,0.0,-3.703196881946821e-10,0.0,7.165759663402702e-10,0.0,-1.9008786020277452e-11,0.0,-4.264612750874243e-11,0.0,-4.264612750874245e-11,0.0,-4.303346114594938e-11,0.0,-3.551759499103641e-11,0.0,-3.297436715432497e-11,0.0,-1.9980416261880848e-11,0.0,-1.9008786020277455e-11,0.0,4.485926590775193e-10,0.0,-5.7739912318792474e-11,0.0,-1.9008786020277468e-11,0.0,-1.9980416261880845e-11,0.0,-3.297436715432495e-11,0.0,-3.551759499103641e-11,0.0,-4.303346114594939e-11,0.0,-4.264612750874245e-11,0.0,-5.773991231879249e-11,0.0,4.4859265907751925e-10
70.90549093886288,0.0,7.460402140445484e-10,0.0,-3.85546532988913e-10,0.0,-3.680773161578336e-11,0.0,-3.08894886382593e-11,0.0,-1.2648089737573289e-11,0.0,-1.158540128312925e-11,0.0,-4.4399655569365603e-11,0.0,-1.979039132964826e-11,0.0,-3.8554653298891295e-10,0.0,7.497701936600787e-10,0.0,-4.3215813858557545e-11,0.0,-3.5826846238707855e-11,0.0,-1.3894287384280213e-11,0.0,-1.2648089737573297e-11,0.0,-4.4802915632753366e-11,0.0,-2.0801973168096006e-11,0.0,-3.6807731615783345e-11,0.0,-4.321581385855756e-11,0.0,7.570246054940326e-10,0.0,-3.7656561144499293e-10,0.0,-3.5826846238707855e-11,0.0,-3.088948863825933e-11,0.0,-3.697801128440005e-11,0.0,-3.433021073178805e-11,0.0,-3.088948863825929e-11,0.0,-3.582684623870785e-11,0.0,-3.7656561144499293e-10,0.0,7.570246054940323e-10,0.0,-4.321581385855754e-11,0.0,-3.680773161578331e-11,0.0,-3.433021073178802e-11,0.0,-3.697801128440006e-11,0.0,-1.2648089737573298e-11,0.0,-1.3894287384280201e-11,0.0,-3.582684623870785e-11,0.0,-4.321581385855754e-11,0.0,7.497701936600785e-10,0.0,-3.8554653298891295e-10,0.0,-2.0801973168096003e-11,0.0,-4.4802915632753366e-11,0.0,-1.1585401283129256e-11,0.0,-1.26480897375733e-11,0.0,-3.0889488638259305e-11,0.0,-3.680773161578335e-11,0.0,-3.85546532988913e-10,0.0,7.460402140445486e-10,0.0,-1.9790391329648266e-11,0.0,-4.4399655569365655e-11,0.0,-4.439965556936562e-11,0.0,-4.4802915632753385e-11,0.0,-3.697801128440006e-11,0.0,-3.433021073178804e-11,0.0,-2.080197316809601e-11,0.0,-1.9790391329648247e-11,0.0,4.67037940312509e-10,0.0,-6.011406824767882e-11,0.0,-1.979039132964825e-11,0.0,-2.080197316809601e-11,0.0,-3.433021073178804e-11,0.0,-3.697801128440004e-11,0.0,-4.480291563275337e-11,0.0,-4.439965556936562e-11,0.0,-6.011406824767881e-11,0.0,4.670379403125091e-10
73.82099054637276,0.0,7.767159758569716e-10,0.0,-4.013994768261566e-10,0.0,-3.832119588573211e-11,0.0,-3.21596059565172e-11,0.0,-1.3168155252632489e-11,0.0,-1.2061771059948538e-11,0.0,-4.6225285385506e-11,0.0,-2.0604134770248744e-11,0.0,-4.013994768261566e-10,0.0,7.805993251757657e-10,0.0,-4.499276634382393e-11,0.0,-3.7299978358155896e-11,0.0,-1.4465594188296654e-11,0.0,-1.316815525263248e-11,0.0,-4.664512673958031e-11,0.0,-2.165731093959959e-11,0.0,-3.8321195885732135e-11,0.0,-4.499276634382392e-11,0.0,7.881520246962522e-10,0.0,-3.920492767836369e-10,0.0,-3.729997835815586e-11,0.0,-3.215960595651717e-11,0.0,-3.849847713208905e-11,0.0,-3.5741804031389635e-11,0.0,-3.215960595651714e-11,0.0,-3.7299978358155864e-11,0.0,-3.9204927678363697e-10,0.0,7.881520246962519e-10,0.0,-4.499276634382392e-11,0.0,-3.832119588573212e-11,0.0,-3.574180403138965e-11,0.0,-3.849847713208909e-11,0.0,-1.3168155252632547e-11,0.0,-1.446559418829663e-11,0.0,-3.729997835815591e-11,0.0,-4.4992766343823934e-11,0.0,7.805993251757654e-10,0.0,-4.013994768261566e-10,0.0,-2.1657310939599593e-11,0.0,-4.664512673958033e-11,0.0,-1.2061771059948488e-11,0.0,-1.3168155252632497e-11,0.0,-3.21596059565171e-11,0.0,-3.8321195885732115e-11,0.0,-4.0139947682615627e-10,0.0,7.767159758569716e-10,0.0,-2.0604134770248754e-11,0.0,-4.622528538550601e-11,0.0,-4.622528538550597e-11,0.0,-4.6645126739580337e-11,0.0,-3.849847713208907e-11,0.0,-3.574180403138964e-11,0.0,-2.1657310939599593e-11,0.0,-2.0604134770248738e-11,0.0,4.862416566064617e-10,0.0,-6.258584497556364e-11,0.0,-2.0604134770248754e-11,0.0,-2.1657310939599586e-11,0.0,-3.5741804031389596e-11,0.0,-3.8498477132089095e-11,0.0,-4.664512673958032e-11,0.0,-4.6225285385506016e-11,0.0,-6.258584497556362e-11,0.0,4.862416566064617e-10
76.85636998052001,0.0,8.086530669450255e-10,0.0,-4.1790426371424653e-10,0.0,-3.989689094241675e-11,0.0,-3.348194809536146e-11,0.0,-1.3709604877511087e-11,0.0,-1.2557728260519565e-11,0.0,-4.812598164490679e-11,0.0,-2.14513378012176e-11,0.0,-4.179042637142466e-10,0.0,8.126960922390488e-10,0.0,-4.6842783752621e-11,0.0,-3.883368288263475e-11,0.0,-1.5060392046966547e-11,0.0,-1.3709604877511063e-11,0.0,-4.856308608096267e-11,0.0,-2.2547818581646187e-11,0.0,-3.9896890942416753e-11,0.0,-4.6842783752620995e-11,0.0,8.205593444712653e-10,0.0,-4.081696011400787e-10,0.0,-3.883368288263476e-11,0.0,-3.3481948095361456e-11,0.0,-4.008146165814096e-11,0.0,-3.7211439376204577e-11,0.0,-3.3481948095361424e-11,0.0,-3.883368288263477e-11,0.0,-4.081696011400787e-10,0.0,8.205593444712654e-10,0.0,-4.6842783752621e-11,0.0,-3.989689094241671e-11,0.0,-3.7211439376204577e-11,0.0,-4.008146165814095e-11,0.0,-1.370960487751109e-11,0.0,-1.5060392046966563e-11,0.0,-3.883368288263479e-11,0.0,-4.684278375262103e-11,0.0,8.126960922390489e-10,0.0,-4.179042637142465e-10,0.0,-2.2547818581646184e-11,0.0,-4.8563086080962677e-11,0.0,-1.2557728260519539e-11,0.0,-1.3709604877511089e-11,0.0,-3.34819480953614e-11,0.0,-3.989689094241672e-11,0.0,-4.179042637142464e-10,0.0,8.086530669450252e-10,0.0,-2.1451337801217614e-11,0.0,-4.8125981644906776e-11,0.0,-4.81259816449068e-11,0.0,-4.8563086080962664e-11,0.0,-4.008146165814096e-11,0.0,-3.721143937620461e-11,0.0,-2.2547818581646174e-11,0.0,-2.1451337801217633e-11,0.0,5.062349933737566e-10,0.0,-6.515925648496648e-11,0.0,-2.1451337801217666e-11,0.0,-2.254781858164617e-11,0.0,-3.7211439376204615e-11,0.0,-4.0081461658140996e-11,0.0,-4.856308608096268e-11,0.0,-4.812598164490678e-11,0.0,-6.515925648496648e-11,0.0,5.062349933737566e-10
80.01655847291823,0.0,8.419033507816144e-10,0.0,-4.3508769620590134e-10,0.0,-4.153737559802365e-11,0.0,-3.485866244058556e-11,0.0,-1.4273317886338041e-11,0.0,-1.3074078282640243e-11,0.0,-5.010483093766092e-11,0.0,-2.233337621759269e-11,0.0,-4.350876962059013e-10,0.0,8.461126176248014e-10,0.0,-4.876887037633812e-11,0.0,-4.043045043481354e-11,0.0,-1.5679646868003424e-11,0.0,-1.4273317886338046e-11,0.0,-5.055990828096121e-11,0.0,-2.3474942212757837e-11,0.0,-4.153737559802367e-11,0.0,-4.8768870376338134e-11,0.0,8.54299191908572e-10,0.0,-4.2495276272833185e-10,0.0,-4.0430450434813555e-11,0.0,-3.485866244058556e-11,0.0,-4.172953551230116e-11,0.0,-3.874150334529476e-11,0.0,-3.485866244058556e-11,0.0,-4.043045043481354e-11,0.0,-4.249527627283321e-10,0.0,8.542991919085714e-10,0.0,-4.87688703763381e-11,0.0,-4.1537375598023636e-11,0.0,-3.874150334529475e-11,0.0,-4.1729535512301146e-11,0.0,-1.4273317886338037e-11,0.0,-1.5679646868003414e-11,0.0,-4.0430450434813555e-11,0.0,-4.876887037633812e-11,0.0,8.461126176248013e-10,0.0,-4.3508769620590124e-10,0.0,-2.3474942212757843e-11,0.0,-5.0559908280961217e-11,0.0,-1.3074078282640261e-11,0.0,-1.427331788633806e-11,0.0,-3.485866244058557e-11,0.0,-4.1537375598023604e-11,0.0,-4.3508769620590124e-10,0.0,8.419033507816144e-10,0.0,-2.23333762175927e-11,0.0,-5.010483093766089e-11,0.0,-5.0104830937660913e-11,0.0,-5.055990828096121e-11,0.0,-4.172953551230117e-11,0.0,-3.874150334529475e-11,0.0,-2.347494221275783e-11,0.0,-2.2333376217592703e-11,0.0,5.270504183139996e-10,0.0,-6.783848180577211e-11,0.0,-2.23333762175927e-11,0.0,-2.347494221275782e-11,0.0,-3.874150334529476e-11,0.0,-4.1729535512301185e-11,0.0,-5.0559908280961217e-11,0.0,-5.0104830937660926e-11,0.0,-6.783848180577212e-11,0.0,5.270504183139994e-10
83.3066879358569,0.0,8.765208233675024e-10,0.0,-4.529776789240862e-10,0.0,-4.324531387825424e-11,0.0,-3.629198467442321e-11,0.0,-1.4860209707330597e-11,0.0,-1.3611659640541865e-11,0.0,-5.2165046768604886e-11,0.0,-2.3251682384500195e-11,0.0,-4.529776789240861e-10,0.0,8.809031672977632e-10,0.0,-5.077415403714109e-11,0.0,-4.209287404705231e-11,0.0,-1.6324364275417967e-11,0.0,-1.486020970733059e-11,0.0,-5.26388360310839e-11,0.0,-2.4440187413113676e-11,0.0,-4.324531387825418e-11,0.0,-5.077415403714109e-11,0.0,8.894263580240005e-10,0.0,-4.4242601616103073e-10,0.0,-4.209287404705231e-11,0.0,-3.6291984674423204e-11,0.0,-4.344537504456792e-11,0.0,-4.0334480649336534e-11,0.0,-3.629198467442323e-11,0.0,-4.2092874047052306e-11,0.0,-4.4242601616103104e-10,0.0,8.894263580239996e-10,0.0,-5.077415403714102e-11,0.0,-4.324531387825424e-11,0.0,-4.033448064933656e-11,0.0,-4.3445375044567944e-11,0.0,-1.4860209707330613e-11,0.0,-1.6324364275417934e-11,0.0,-4.209287404705231e-11,0.0,-5.0774154037141046e-11,0.0,8.809031672977629e-10,0.0,-4.529776789240862e-10,0.0,-2.4440187413113663e-11,0.0,-5.263883603108393e-11,0.0,-1.3611659640541823e-11,0.0,-1.4860209707330622e-11,0.0,-3.629198467442323e-11,0.0,-4.324531387825421e-11,0.0,-4.529776789240861e-10,0.0,8.765208233675025e-10,0.0,-2.3251682384500208e-11,0.0,-5.2165046768604867e-11,0.0,-5.216504676860484e-11,0.0,-5.263883603108395e-11,0.0,-4.3445375044567924e-11,0.0,-4.0334480649336534e-11,0.0,-2.4440187413113682e-11,0.0,-2.3251682384500198e-11,0.0,5.487217341371606e-10,0.0,-7.062787180166581e-11,0.0,-2.3251682384500185e-11,0.0,-2.4440187413113676e-11,0.0,-4.033448064933657e-11,0.0,-4.3445375044567924e-11,0.0,-5.26388360310839e-11,0.0,-5.2165046768604886e-11,0.0,-7.062787180166581e-11,0.0,5.487217341371606e-10
86.73210129614749,0.0,9.125617009168265e-10,0.0,-4.716032638770576e-10,0.0,-4.5023479348505443e-11,0.0,-3.7784242406130756e-11,0.0,-1.5471233409382057e-11,0.0,-1.4171345326573898e-11,0.0,-5.4309974775812964e-11,0.0,-2.42077475632098e-11,0.0,-4.716032638770577e-10,0.0,9.171242385364539e-10,0.0,-5.286189116732431e-11,0.0,-4.3823653372294735e-11,0.0,-1.6995591242577184e-11,0.0,-1.5471233409382057e-11,0.0,-5.4803245356177387e-11,0.0,-2.5445121669500702e-11,0.0,-4.502347934850539e-11,0.0,-5.2861891167324283e-11,0.0,9.259978867362667e-10,0.0,-4.606177367089058e-10,0.0,-4.3823653372294683e-11,0.0,-3.778424240613077e-11,0.0,-4.5231766651386845e-11,0.0,-4.1992958165607475e-11,0.0,-3.7784242406130795e-11,0.0,-4.3823653372294683e-11,0.0,-4.60617736708906e-10,0.0,9.259978867362666e-10,0.0,-5.286189116732429e-11,0.0,-4.5023479348505424e-11,0.0,-4.199295816560749e-11,0.0,-4.523176665138687e-11,0.0,-1.5471233409382045e-11,0.0,-1.699559124257718e-11,0.0,-4.38236533722947e-11,0.0,-5.286189116732426e-11,0.0,9.17124238536454e-10,0.0,-4.716032638770577e-10,0.0,-2.5445121669500692e-11,0.0,-5.4803245356177387e-11,0.0,-1.417134532657389e-11,0.0,-1.547123340938204e-11,0.0,-3.7784242406130776e-11,0.0,-4.502347934850545e-11,0.0,-4.716032638770577e-10,0.0,9.125617009168264e-10,0.0,-2.4207747563209796e-11,0.0,-5.430997477581297e-11,0.0,-5.4309974775812925e-11,0.0,-5.4803245356177387e-11,0.0,-4.523176665138686e-11,0.0,-4.1992958165607475e-11,0.0,-2.5445121669500696e-11,0.0,-2.420774756320981e-11,0.0,5.71284133456678e-10,0.0,-7.353195623561419e-11,0.0,-2.4207747563209813e-11,0.0,-2.5445121669500696e-11,0.0,-4.1992958165607514e-11,0.0,-4.5231766651386845e-11,0.0,-5.480324535617741e-11,0.0,-5.4309974775812964e-11,0.0,-7.353195623561416e-11,0.0,5.712841334566782e-10
90.29836117164085,0.0,9.500845111480619e-10,0.0,-4.909946976366725e-10,0.0,-4.687475961793448e-11,0.0,-3.9337858951852384e-11,0.0,-1.6107381249774825e-11,0.0,-1.4754044228879453e-11,0.0,-5.65430981636657e-11,0.0,-2.520312433283247e-11,0.0,-4.909946976366726e-10,0.0,9.54834651680569e-10,0.0,-5.503547209751558e-11,0.0,-4.562559906810465e-11,0.0,-1.769441779241176e-11,0.0,-1.6107381249774838e-11,0.0,-5.7056651096840955e-11,0.0,-2.649137692079622e-11,0.0,-4.687475961793446e-11,0.0,-5.503547209751557e-11,0.0,9.640731675020732e-10,0.0,-4.795574663801216e-10,0.0,-4.562559906810463e-11,0.0,-3.9337858951852364e-11,0.0,-4.709161130055235e-11,0.0,-4.3719629138883306e-11,0.0,-3.933785895185238e-11,0.0,-4.562559906810465e-11,0.0,-4.795574663801216e-10,0.0,9.64073167502073e-10,0.0,-5.503547209751556e-11,0.0,-4.6874759617934474e-11,0.0,-4.3719629138883325e-11,0.0,-4.7091611300552355e-11,0.0,-1.6107381249774828e-11,0.0,-1.769441779241174e-11,0.0,-4.562559906810467e-11,0.0,-5.503547209751557e-11,0.0,9.54834651680569e-10,0.0,-4.909946976366726e-10,0.0,-2.649137692079619e-11,0.0,-5.705665109684095e-11,0.0,-1.4754044228879472e-11,0.0,-1.610738124977484e-11,0.0,-3.933785895185238e-11,0.0,-4.687475961793445e-11,0.0,-4.909946976366726e-10,0.0,9.50084511148062e-10,0.0,-2.520312433283248e-11,0.0,-5.654309816366567e-11,0.0,-5.654309816366567e-11,0.0,-5.7056651096840955e-11,0.0,-4.7091611300552355e-11,0.0,-4.3719629138883306e-11,0.0,-2.649137692079618e-11,0.0,-2.5203124332832487e-11,0.0,5.94774255939656e-10,0.0,-7.655545112586485e-11,0.0,-2.5203124332832487e-11,0.0,-2.6491376920796184e-11,0.0,-4.3719629138883325e-11,0.0,-4.7091611300552355e-11,0.0,-5.7056651096840994e-11,0.0,-5.654309816366568e-11,0.0,-7.655545112586483e-11,0.0,5.94774255939656e-10
94.01125890450754,0.0,9.891501883287158e-10,0.0,-5.111834704565862e-10,0.0,-4.8802161028722873e-11,0.0,-4.0955357269906405e-11,0.0,-1.6769686285533206e-11,0.0,-1.5360702607362067e-11,0.0,-5.886804335931634e-11,0.0,-2.623942911159427e-11,0.0,-5.111834704565863e-10,0.0,9.940956456508638e-10,0.0,-5.729842656232253e-11,0.0,-4.7501637360966277e-11,0.0,-1.842197876753249e-11,0.0,-1.6769686285533203e-11,0.0,-5.940271261726818e-11,0.0,-2.758065220811596e-11,0.0,-4.8802161028722873e-11,0.0,-5.7298426562322506e-11,0.0,1.0037140317601971e-09,0.0,-4.992759618943153e-10,0.0,-4.750163736096633e-11,0.0,-4.0955357269906405e-11,0.0,-4.902792924216494e-11,0.0,-4.551729755506839e-11,0.0,-4.0955357269906386e-11,0.0,-4.7501637360966335e-11,0.0,-4.992759618943154e-10,0.0,1.003714031760197e-09,0.0,-5.7298426562322474e-11,0.0,-4.880216102872286e-11,0.0,-4.551729755506842e-11,0.0,-4.902792924216495e-11,0.0,-1.6769686285533216e-11,0.0,-1.8421978767532464e-11,0.0,-4.750163736096635e-11,0.0,-5.7298426562322506e-11,0.0,9.940956456508642e-10,0.0,-5.111834704565863e-10,0.0,-2.758065220811593e-11,0.0,-5.94027126172682e-11,0.0,-1.5360702607362047e-11,0.0,-1.6769686285533222e-11,0.0,-4.095535726990638e-11,0.0,-4.880216102872283e-11,0.0,-5.111834704565862e-10,0.0,9.891501883287158e-10,0.0,-2.6239429111594295e-11,0.0,-5.886804335931631e-11,0.0,-5.886804335931631e-11,0.0,-5.94027126172682e-11,0.0,-4.902792924216493e-11,0.0,-4.551729755506842e-11,0.0,-2.7580652208115933e-11,0.0,-2.6239429111594295e-11,0.0,6.192302478069745e-10,0.0,-7.970326640441144e-11,0.0,-2.6239429111594288e-11,0.0,-2.758065220811593e-11,0.0,-4.551729755506841e-11,0.0,-4.902792924216491e-11,0.0,-5.940271261726816e-11,0.0,-5.886804335931634e-11,0.0,-7.970326640441145e-11,0.0,6.192302478069744e-10
97.8768239659487,0.0,1.0298221722280627e-09,0.0,-5.322023674100924e-10,0.0,-5.0808813538153435e-11,0.0,-4.2639364057882734e-11,0.0,-1.7459224051031426e-11,0.0,-1.599230563034166e-11,0.0,-6.128858590174011e-11,0.0,-2.7318344781779822e-11,0.0,-5.322023674100923e-10,0.0,1.0349709773966298e-09,0.0,-5.965442943236008e-11,0.0,-4.945481479825933e-11,0.0,-1.917945567313074e-11,0.0,-1.7459224051031413e-11,0.0,-6.184523974778332e-11,0.0,-2.871471643393113e-11,0.0,-5.0808813538153396e-11,0.0,-5.965442943236008e-11,0.0,1.0449848533411685e-09,0.0,-5.198052446292321e-10,0.0,-4.945481479825933e-11,0.0,-4.2639364057882773e-11,0.0,-5.1043864913293695e-11,0.0,-4.738888269466126e-11,0.0,-4.263936405788276e-11,0.0,-4.945481479825935e-11,0.0,-5.198052446292321e-10,0.0,1.044984853341169e-09,0.0,-5.965442943236011e-11,0.0,-5.080881353815339e-11,0.0,-4.738888269466128e-11,0.0,-5.10438649132937e-11,0.0,-1.745922405103141e-11,0.0,-1.9179455673130764e-11,0.0,-4.945481479825935e-11,0.0,-5.96544294323601e-11,0.0,1.0349709773966298e-09,0.0,-5.322023674100922e-10,0.0,-2.8714716433931132e-11,0.0,-6.184523974778334e-11,0.0,-1.599230563034165e-11,0.0,-1.7459224051031407e-11,0.0,-4.2639364057882734e-11,0.0,-5.0808813538153454e-11,0.0,-5.322023674100924e-10,0.0,1.0298221722280623e-09,0.0,-2.7318344781779812e-11,0.0,-6.128858590174011e-11,0.0,-6.128858590174008e-11,0.0,-6.184523974778332e-11,0.0,-5.1043864913293733e-11,0.0,-4.7388882694661275e-11,0.0,-2.8714716433931138e-11,0.0,-2.7318344781779822e-11,0.0,6.446918237799283e-10,0.0,-8.29805138903597e-11,0.0,-2.7318344781779835e-11,0.0,-2.871471643393114e-11,0.0,-4.7388882694661275e-11,0.0,-5.1043864913293714e-11,0.0,-6.18452397477833e-11,0.0,-6.12885859017401e-11,0.0,-8.298051389035971e-11,0.0,6.446918237799285e-10
101.90133374761122,0.0,1.0721665111386369e-09,0.0,-5.540855216306563e-10,0.0,-5.289797580142941e-11,0.0,-4.439261401820546e-11,0.0,-1.8177114304581744e-11,0.0,-1.664987897439534e-11,0.0,-6.380865657293016e-11,0.0,-2.844162342260855e-11,0.0,-5.540855216306565e-10,0.0,1.077527025432257e-09,0.0,-6.210730668196877e-11,0.0,-5.14883031956265e-11,0.0,-1.996807859565558e-11,0.0,-1.8177114304581754e-11,0.0,-6.438819897172389e-11,0.0,-2.9895411234635185e-11,0.0,-5.289797580142942e-11,0.0,-6.210730668196875e-11,0.0,1.0879526530056104e-09,0.0,-5.41178652621073e-10,0.0,-5.148830319562646e-11,0.0,-4.4392614018205494e-11,0.0,-5.3142692044309726e-11,0.0,-4.933742387345017e-11,0.0,-4.439261401820552e-11,0.0,-5.148830319562647e-11,0.0,-5.41178652621073e-10,0.0,1.0879526530056097e-09,0.0,-6.210730668196879e-11,0.0,-5.2897975801429375e-11,0.0,-4.9337423873450136e-11,0.0,-5.3142692044309674e-11,0.0,-1.817711430458172e-11,0.0,-1.9968078595655614e-11,0.0,-5.148830319562647e-11,0.0,-6.210730668196876e-11,0.0,1.077527025432257e-09,0.0,-5.540855216306564e-10,0.0,-2.989541123463519e-11,0.0,-6.438819897172389e-11,0.0,-1.6649878974395393e-11,0.0,-1.8177114304581734e-11,0.0,-4.439261401820551e-11,0.0,-5.28979758014294e-11,0.0,-5.540855216306566e-10,0.0,1.0721665111386369e-09,0.0,-2.8441623422608534e-11,0.0,-6.380865657293013e-11,0.0,-6.380865657293013e-11,0.0,-6.438819897172386e-11,0.0,-5.3142692044309745e-11,0.0,-4.933742387345013e-11,0.0,-2.9895411234635185e-11,0.0,-2.844162342260853e-11,0.0,6.712003315739985e-10,0.0,-8.639251559114354e-11,0.0,-2.8441623422608543e-11,0.0,-2.9895411234635185e-11,0.0,-4.9337423873450155e-11,0.0,-5.314269204430972e-11,0.0,-6.438819897172394e-11,0.0,-6.38086565729301e-11,0.0,-8.639251559114352e-11,0.0,6.712003315739985e-10
106.09132375560732,0.0,1.1162519691337755e-09,0.0,-5.768684697415997e-10,0.0,-5.5073040463489363e-11,0.0,-4.621795429908738e-11,0.0,-1.8924522846839236e-11,0.0,-1.7334490489980165e-11,0.0,-6.643234778119656e-11,0.0,-2.9611089155481815e-11,0.0,-5.768684697415998e-10,0.0,1.1218328976310368e-09,0.0,-6.466104160231373e-11,0.0,-5.360540478776737e-11,0.0,-2.0789128200383076e-11,0.0,-1.8924522846839245e-11,0.0,-6.703571986671625e-11,0.0,-3.1124653971224936e-11,0.0,-5.507304046348941e-11,0.0,-6.466104160231371e-11,0.0,1.1326872072809925e-09,0.0,-5.634308947029999e-10,0.0,-5.36054047877674e-11,0.0,-4.621795429908739e-11,0.0,-5.532781897518168e-11,0.0,-5.1366085378136985e-11,0.0,-4.62179542990874e-11,0.0,-5.36054047877674e-11,0.0,-5.634308947030001e-10,0.0,1.1326872072809917e-09,0.0,-6.466104160231366e-11,0.0,-5.507304046348935e-11,0.0,-5.1366085378137004e-11,0.0,-5.532781897518163e-11,0.0,-1.8924522846839242e-11,0.0,-2.078912820038307e-11,0.0,-5.360540478776743e-11,0.0,-6.466104160231366e-11,0.0,1.1218328976310366e-09,0.0,-5.768684697415997e-10,0.0,-3.1124653971224903e-11,0.0,-6.703571986671624e-11,0.0,-1.733449048998019e-11,0.0,-1.8924522846839252e-11,0.0,-4.621795429908741e-11,0.0,-5.507304046348931e-11,0.0,-5.768684697415996e-10,0.0,1.1162519691337753e-09,0.0,-2.961108915548184e-11,0.0,-6.643234778119656e-11,0.0,-6.643234778119656e-11,0.0,-6.703571986671625e-11,0.0,-5.532781897518163e-11,0.0,-5.136608537813699e-11,0.0,-3.112465397122489e-11,0.0,-2.961108915548183e-11,0.0,6.987988190444797e-10,0.0,-8.994481234507118e-11,0.0,-2.961108915548183e-11,0.0,-3.11246539712249e-11,0.0,-5.136608537813699e-11,0.0,-5.532781897518163e-11,0.0,-6.703571986671621e-11,0.0,-6.643234778119658e-11,0.0,-8.994481234507121e-11,0.0,6.987988190444793e-10
110.453598223693,0.0,1.1621501377353836e-09,0.0,-6.005882095649466e-10,0.0,-5.733753966841166e-11,0.0,-4.811834911808795e-11,0.0,-1.9702663413975927e-11,0.0,-1.804725193554297e-11,0.0,-6.916392020693497e-11,0.0,-3.082864110622126e-11,0.0,-6.005882095649464e-10,0.0,1.1679605434512336e-09,0.0,-6.731978126995493e-11,0.0,-5.5809557591023496e-11,0.0,-2.164393781112185e-11,0.0,-1.9702663413975914e-11,0.0,-6.979210181080394e-11,0.0,-3.240444084295295e-11,0.0,-5.7337539668411644e-11,0.0,-6.731978126995488e-11,0.0,1.1792611617735525e-09,0.0,-5.86598106869713e-10,0.0,-5.580955759102353e-11,0.0,-4.811834911808796e-11,0.0,-5.760279419036785e-11,0.0,-5.347816160490487e-11,0.0,-4.8118349118087943e-11,0.0,-5.5809557591023555e-11,0.0,-5.86598106869713e-10,0.0,1.1792611617735531e-09,0.0,-6.731978126995489e-11,0.0,-5.7337539668411657e-11,0.0,-5.347816160490495e-11,0.0,-5.760279419036787e-11,0.0,-1.9702663413975934e-11,0.0,-2.1643937811121835e-11,0.0,-5.580955759102357e-11,0.0,-6.73197812699549e-11,0.0,1.1679605434512334e-09,0.0,-6.005882095649463e-10,0.0,-3.2404440842952934e-11,0.0,-6.979210181080396e-11,0.0,-1.804725193554293e-11,0.0,-1.970266341397593e-11,0.0,-4.811834911808789e-11,0.0,-5.733753966841169e-11,0.0,-6.005882095649463e-10,0.0,1.1621501377353833e-09,0.0,-3.0828641106221276e-11,0.0,-6.916392020693497e-11,0.0,-6.916392020693496e-11,0.0,-6.979210181080399e-11,0.0,-5.7602794190367815e-11,0.0,-5.347816160490492e-11,0.0,-3.240444084295294e-11,0.0,-3.0828641106221263e-11,0.0,7.275321040930134e-10,0.0,-9.364317281923695e-11,0.0,-3.082864110622125e-11,0.0,-3.240444084295295e-11,0.0,-5.347816160490492e-11,0.0,-5.760279419036786e-11,0.0,-6.979210181080387e-11,0.0,-6.916392020693496e-11,0.0,-9.364317281923697e-11,0.0,7.275321040930132e-10
114.9952411628399,0.0,1.2099355521732658e-09,0.0,-6.252832602031469e-10,0.0,-5.969515079535494e-11,0.0,-5.009688457578289e-11,0.0,-2.0512799648698248e-11,0.0,-1.8789320782934107e-11,0.0,-7.20078097216558e-11,0.0,-3.20962564891082e-11,0.0,-6.252832602031467e-10,0.0,1.2159848707766758e-09,0.0,-7.008784328139263e-11,0.0,-5.81043409864622e-11,0.0,-2.2533895575432395e-11,0.0,-2.0512799648698235e-11,0.0,-7.266182096431962e-11,0.0,-3.37368501290076e-11,0.0,-5.969515079535488e-11,0.0,-7.008784328139259e-11,0.0,1.2277501491393825e-09,0.0,-6.10717910959629e-10,0.0,-5.810434098646216e-11,0.0,-5.009688457578291e-11,0.0,-5.997131208129244e-11,0.0,-5.5677082409273714e-11,0.0,-5.009688457578292e-11,0.0,-5.8104340986462185e-11,0.0,-6.107179109596291e-10,0.0,1.2277501491393825e-09,0.0,-7.00878432813926e-11,0.0,-5.969515079535494e-11,0.0,-5.5677082409273726e-11,0.0,-5.997131208129244e-11,0.0,-2.051279964869824e-11,0.0,-2.2533895575432395e-11,0.0,-5.81043409864622e-11,0.0,-7.008784328139262e-11,0.0,1.2159848707766756e-09,0.0,-6.252832602031467e-10,0.0,-3.373685012900762e-11,0.0,-7.266182096431962e-11,0.0,-1.8789320782934087e-11,0.0,-2.0512799648698258e-11,0.0,-5.009688457578288e-11,0.0,-5.969515079535497e-11,0.0,-6.252832602031467e-10,0.0,1.209935552173266e-09,0.0,-3.2096256489108175e-11,0.0,-7.200780972165576e-11,0.0,-7.200780972165577e-11,0.0,-7.266182096431969e-11,0.0,-5.997131208129249e-11,0.0,-5.5677082409273714e-11,0.0,-3.373685012900762e-11,0.0,-3.209625648910816e-11,0.0,7.574468474485442e-10,0.0,-9.749360287740932e-11,0.0,-3.209625648910816e-11,0.0,-3.3736850129007627e-11,0.0,-5.5677082409273714e-11,0.0,-5.997131208129248e-11,0.0,-7.266182096431965e-11,0.0,-7.200780972165577e-11,0.0,-9.74936028774093e-11,0.0,7.574468474485443e-10
119.72362786514542,0.0,1.259685812424831e-09,0.0,-6.509937245912523e-10,0.0,-6.214970243034985e-11,0.0,-5.215677366736391e-11,0.0,-2.1356247152309405e-11,0.0,-1.9561902097056233e-11,0.0,-7.496863459151174e-11,0.0,-3.341599381773361e-11,0.0,-6.509937245912522e-10,0.0,1.2659838675616232e-09,0.0,-7.29697227645246e-11,0.0,-6.049348153252677e-11,0.0,-2.3460446718876134e-11,0.0,-2.1356247152309402e-11,0.0,-7.564953753883834e-11,0.0,-3.512404556348463e-11,0.0,-6.214970243034985e-11,0.0,-7.296972276452466e-11,0.0,1.2782329119062666e-09,0.0,-6.358294757499678e-10,0.0,-6.049348153252674e-11,0.0,-5.215677366736394e-11,0.0,-6.243721894576391e-11,0.0,-5.796641867593173e-11,0.0,-5.215677366736393e-11,0.0,-6.049348153252673e-11,0.0,-6.358294757499681e-10,0.0,1.2782329119062656e-09,0.0,-7.296972276452463e-11,0.0,-6.214970243034981e-11,0.0,-5.796641867593175e-11,0.0,-6.243721894576392e-11,0.0,-2.1356247152309402e-11,0.0,-2.3460446718876137e-11,0.0,-6.04934815325268e-11,0.0,-7.296972276452463e-11,0.0,1.2659838675616234e-09,0.0,-6.509937245912523e-10,0.0,-3.512404556348464e-11,0.0,-7.564953753883835e-11,0.0,-1.9561902097056246e-11,0.0,-2.135624715230942e-11,0.0,-5.215677366736394e-11,0.0,-6.214970243034981e-11,0.0,-6.509937245912523e-10,0.0,1.2596858124248307e-09,0.0,-3.341599381773362e-11,0.0,-7.496863459151175e-11,0.0,-7.496863459151176e-11,0.0,-7.564953753883837e-11,0.0,-6.243721894576394e-11,0.0,-5.796641867593175e-11,0.0,-3.512404556348463e-11,0.0,-3.341599381773363e-11,0.0,7.885916284408925e-10,0.0,-1.0150235533310974e-10,0.0,-3.3415993817733635e-11,0.0,-3.5124045563484635e-11,0.0,-5.7966418675931776e-11,0.0,-6.243721894576391e-11,0.0,-7.564953753883838e-11,0.0,-7.496863459151175e-11,0.0,-1.0150235533310971e-10,0.0,7.885916284408926e-10
124.64643688076109,0.0,1.3114817092317085e-09,0.0,-6.777613546211139e-10,0.0,-6.470518058363945e-11,0.0,-5.430136150030474e-11,0.0,-2.2234375621148714e-11,0.0,-2.03662504928002e-11,0.0,-7.805120297702031e-11,0.0,-3.478999624787201e-11,0.0,-6.777613546211138e-10,0.0,1.3180387284774337e-09,0.0,-7.59700996784016e-11,0.0,-6.298085901669167e-11,0.0,-2.4425095891954476e-11,0.0,-2.2234375621148707e-11,0.0,-7.876010336501618e-11,0.0,-3.6568279849131076e-11,0.0,-6.470518058363946e-11,0.0,-7.597009967840159e-11,0.0,1.3307914303457223e-09,0.0,-6.619735805639465e-10,0.0,-6.298085901669166e-11,0.0,-5.430136150030477e-11,0.0,-6.500451923407779e-11,0.0,-6.034988811758826e-11,0.0,-5.430136150030475e-11,0.0,-6.298085901669169e-11,0.0,-6.619735805639466e-10,0.0,1.3307914303457223e-09,0.0,-7.597009967840158e-11,0.0,-6.470518058363945e-11,0.0,-6.03498881175883e-11,0.0,-6.500451923407783e-11,0.0,-2.2234375621148685e-11,0.0,-2.4425095891954495e-11,0.0,-6.298085901669167e-11,0.0,-7.59700996784016e-11,0.0,1.3180387284774333e-09,0.0,-6.777613546211138e-10,0.0,-3.6568279849131076e-11,0.0,-7.87601033650162e-11,0.0,-2.0366250492800236e-11,0.0,-2.2234375621148697e-11,0.0,-5.4301361500304735e-11,0.0,-6.470518058363943e-11,0.0,-6.777613546211138e-10,0.0,1.3114817092317083e-09,0.0,-3.4789996247872026e-11,0.0,-7.805120297702032e-11,0.0,-7.805120297702039e-11,0.0,-7.876010336501619e-11,0.0,-6.500451923407783e-11,0.0,-6.034988811758825e-11,0.0,-3.656827984913106e-11,0.0,-3.478999624787204e-11,0.0,8.210170238899897e-10,0.0,-1.0567594010371897e-10,0.0,-3.478999624787202e-11,0.0,-3.656827984913107e-11,0.0,-6.03498881175883e-11,0.0,-6.500451923407784e-11,0.0,-7.876010336501615e-11,0.0,-7.805120297702034e-11,0.0,-1.0567594010371899e-10,0.0,8.210170238899897e-10
129.77166248729,0.0,1.3654073552979391e-09,0.0,-7.056296189433651e-10,0.0,-6.736573516266517e-11,0.0,-5.653413072656816e-11,0.0,-2.314861107087685e-11,0.0,-2.1203672172447052e-11,0.0,-8.126052074116066e-11,0.0,-3.6220495057807575e-11,0.0,-7.05629618943365e-10,0.0,1.372233986766698e-09,0.0,-7.909384641313398e-11,0.0,-6.557051275595038e-11,0.0,-2.5429409613550263e-11,0.0,-2.3148611070876875e-11,0.0,-8.199856977160423e-11,0.0,-3.807189831556807e-11,0.0,-6.736573516266512e-11,0.0,-7.909384641313393e-11,0.0,1.385511055602896e-09,0.0,-6.891926814933822e-10,0.0,-6.557051275595034e-11,0.0,-5.653413072656816e-11,0.0,-6.767738205194802e-11,0.0,-6.283136131226379e-11,0.0,-5.653413072656816e-11,0.0,-6.557051275595037e-11,0.0,-6.891926814933825e-10,0.0,1.3855110556028955e-09,0.0,-7.909384641313393e-11,0.0,-6.736573516266514e-11,0.0,-6.28313613122638e-11,0.0,-6.767738205194806e-11,0.0,-2.314861107087684e-11,0.0,-2.5429409613550267e-11,0.0,-6.55705127559504e-11,0.0,-7.909384641313393e-11,0.0,1.3722339867666977e-09,0.0,-7.05629618943365e-10,0.0,-3.807189831556804e-11,0.0,-8.199856977160423e-11,0.0,-2.1203672172447062e-11,0.0,-2.3148611070876833e-11,0.0,-5.6534130726568144e-11,0.0,-6.736573516266515e-11,0.0,-7.056296189433651e-10,0.0,1.3654073552979391e-09,0.0,-3.62204950578076e-11,0.0,-8.126052074116055e-11,0.0,-8.126052074116062e-11,0.0,-8.199856977160424e-11,0.0,-6.767738205194813e-11,0.0,-6.283136131226377e-11,0.0,-3.807189831556803e-11,0.0,-3.622049505780761e-11,0.0,8.54775690238892e-10,0.0,-1.1002113478210127e-10,0.0,-3.6220495057807595e-11,0.0,-3.8071898315568015e-11,0.0,-6.283136131226382e-11,0.0,-6.767738205194807e-11,0.0,-8.199856977160422e-11,0.0,-8.126052074116056e-11,0.0,-1.1002113478210129e-10,0.0,8.547756902388921e-10
135.10762767190218,0.0,1.4215503218827802e-09,0.0,-7.346437735572949e-10,0.0,-7.01356867112091e-11,0.0,-5.885870719817513e-11,0.0,-2.410043815222e-11,0.0,-2.2075527046843774e-11,0.0,-8.460179957852426e-11,0.0,-3.7709813271765214e-11,0.0,-7.34643773557295e-10,0.0,1.4286576515189763e-09,0.0,-8.234603570229309e-11,0.0,-6.826664815636716e-11,0.0,-2.647501881483824e-11,0.0,-2.4100438152220013e-11,0.0,-8.537019578843306e-11,0.0,-3.9637342727932415e-11,0.0,-7.01356867112091e-11,0.0,-8.23460357022931e-11,0.0,1.4424806483005032e-09,0.0,-7.175309803442455e-10,0.0,-6.826664815636714e-11,0.0,-5.885870719817513e-11,0.0,-7.046014793082598e-11,0.0,-6.541486798882236e-11,0.0,-5.885870719817516e-11,0.0,-6.826664815636709e-11,0.0,-7.175309803442457e-10,0.0,1.442480648300503e-09,0.0,-8.234603570229309e-11,0.0,-7.013568671120904e-11,0.0,-6.541486798882238e-11,0.0,-7.046014793082603e-11,0.0,-2.410043815222001e-11,0.0,-2.6475018814838236e-11,0.0,-6.826664815636723e-11,0.0,-8.234603570229309e-11,0.0,1.4286576515189763e-09,0.0,-7.346437735572949e-10,0.0,-3.9637342727932415e-11,0.0,-8.537019578843302e-11,0.0,-2.2075527046843774e-11,0.0,-2.4100438152220006e-11,0.0,-5.885870719817513e-11,0.0,-7.013568671120908e-11,0.0,-7.34643773557295e-10,0.0,1.4215503218827798e-09,0.0,-3.770981327176521e-11,0.0,-8.460179957852426e-11,0.0,-8.460179957852425e-11,0.0,-8.537019578843303e-11,0.0,-7.046014793082602e-11,0.0,-6.541486798882239e-11,0.0,-3.9637342727932415e-11,0.0,-3.770981327176521e-11,0.0,8.899224490639497e-10,0.0,-1.1454499564291373e-10,0.0,-3.7709813271765234e-11,0.0,-3.963734272793243e-11,0.0,-6.541486798882243e-11,0.0,-7.046014793082599e-11,0.0,-8.537019578843302e-11,0.0,-8.460179957852429e-11,0.0,-1.145449956429137e-10,0.0,8.899224490639498e-10
140.6629976472495,0.0,1.480001781009949e-09,0.0,-7.6485093530324e-10,0.0,-7.30195334256374e-11,0.0,-6.127886585532036e-11,0.0,-2.5091402561932634e-11,0.0,-2.2983230943797848e-11,0.0,-8.80804654787222e-11,0.0,-3.926036943232966e-11,0.0,-7.648509353032399e-10,0.0,1.487401350591041e-09,0.0,-8.573194886065532e-11,0.0,-7.107364354234524e-11,0.0,-2.7563621487796672e-11,0.0,-2.509140256193261e-11,0.0,-8.888045668668736e-11,0.0,-4.126715525212277e-11,0.0,-7.30195334256374e-11,0.0,-8.573194886065537e-11,0.0,1.5017927228419078e-09,0.0,-7.470344964171203e-10,0.0,-7.10736435423453e-11,0.0,-6.127886585532035e-11,0.0,-7.335733587660208e-11,0.0,-6.810460357095332e-11,0.0,-6.127886585532033e-11,0.0,-7.10736435423453e-11,0.0,-7.470344964171205e-10,0.0,1.5017927228419072e-09,0.0,-8.57319488606553e-11,0.0,-7.301953342563734e-11,0.0,-6.810460357095333e-11,0.0,-7.335733587660215e-11,0.0,-2.5091402561932624e-11,0.0,-2.7563621487796675e-11,0.0,-7.10736435423453e-11,0.0,-8.573194886065536e-11,0.0,1.4874013505910405e-09,0.0,-7.648509353032399e-10,0.0,-4.126715525212274e-11,0.0,-8.888045668668736e-11,0.0,-2.298323094379783e-11,0.0,-2.5091402561932634e-11,0.0,-6.127886585532036e-11,0.0,-7.30195334256373e-11,0.0,-7.648509353032399e-10,0.0,1.480001781009949e-09,0.0,-3.9260369432329665e-11,0.0,-8.808046547872222e-11,0.0,-8.808046547872222e-11,0.0,-8.888045668668738e-11,0.0,-7.335733587660213e-11,0.0,-6.810460357095333e-11,0.0,-4.126715525212274e-11,0.0,-3.926036943232968e-11,0.0,9.265143761009868e-10,0.0,-1.1925486910147398e-10,0.0,-3.926036943232967e-11,0.0,-4.126715525212274e-11,0.0,-6.810460357095334e-11,0.0,-7.33573358766021e-11,0.0,-8.888045668668737e-11,0.0,-8.808046547872223e-11,0.0,-1.1925486910147396e-10,0.0,9.265143761009871e-10
146.44679392313063,0.0,1.5408566535242495e-09,0.0,-7.963001583768503e-10,0.0,-7.602195845963878e-11,0.0,-6.379853685659555e-11,0.0,-2.612311355289471e-11,0.0,-2.3928257907276974e-11,0.0,-9.170216753779013e-11,0.0,-4.0874681527980297e-11,0.0,-7.963001583768502e-10,0.0,1.5485604794037433e-09,0.0,-8.925708436066637e-11,0.0,-7.399605726670228e-11,0.0,-2.8696985442620878e-11,0.0,-2.6123113552894685e-11,0.0,-9.25350528703421e-11,0.0,-4.296398258308854e-11,0.0,-7.602195845963877e-11,0.0,-8.925708436066639e-11,0.0,1.563543597647669e-09,0.0,-7.777511412391464e-10,0.0,-7.399605726670231e-11,0.0,-6.379853685659555e-11,0.0,-7.637365070813768e-11,0.0,-7.090493599022862e-11,0.0,-6.379853685659557e-11,0.0,-7.399605726670228e-11,0.0,-7.777511412391467e-10,0.0,1.5635435976476684e-09,0.0,-8.925708436066637e-11,0.0,-7.602195845963878e-11,0.0,-7.090493599022861e-11,0.0,-7.637365070813768e-11,0.0,-2.6123113552894707e-11,0.0,-2.8696985442620875e-11,0.0,-7.399605726670233e-11,0.0,-8.925708436066639e-11,0.0,1.5485604794037433e-09,0.0,-7.963001583768502e-10,0.0,-4.296398258308855e-11,0.0,-9.253505287034212e-11,0.0,-2.3928257907276938e-11,0.0,-2.6123113552894717e-11,0.0,-6.379853685659558e-11,0.0,-7.602195845963872e-11,0.0,-7.963001583768503e-10,0.0,1.5408566535242497e-09,0.0,-4.087468152798026e-11,0.0,-9.170216753779015e-11,0.0,-9.170216753779013e-11,0.0,-9.253505287034212e-11,0.0,-7.637365070813767e-11,0.0,-7.090493599022863e-11,0.0,-4.296398258308856e-11,0.0,-4.087468152798028e-11,0.0,9.646108939320782e-10,0.0,-1.2415840364379563e-10,0.0,-4.0874681527980284e-11,0.0,-4.296398258308858e-11,0.0,-7.09049359902287e-11,0.0,-7.637365070813767e-11,0.0,-9.253505287034212e-11,0.0,-9.170216753779013e-11,0.0,-1.241584036437956e-10,0.0,9.646108939320784e-10
152.46840895675493,0.0,1.6042137632359984e-09,0.0,-8.290425139894718e-10,0.0,-7.914783752931921e-11,0.0,-6.642181196127668e-11,0.0,-2.7197246547419344e-11,0.0,-2.4912142591147407e-11,0.0,-9.547278713190251e-11,0.0,-4.2555371082117486e-11,0.0,-8.290425139894718e-10,0.0,1.6122343558571163e-09,0.0,-9.292716676155373e-11,0.0,-7.703863511309732e-11,0.0,-2.9876951178515976e-11,0.0,-2.7197246547419315e-11,0.0,-9.633991913319625e-11,0.0,-4.4730580242867293e-11,0.0,-7.914783752931921e-11,0.0,-9.292716676155376e-11,0.0,1.627833551569529e-09,0.0,-8.09730796368793e-10,0.0,-7.703863511309734e-11,0.0,-6.642181196127669e-11,0.0,-7.951399069754223e-11,0.0,-7.382041277930084e-11,0.0,-6.642181196127666e-11,0.0,-7.703863511309731e-11,0.0,-8.097307963687928e-10,0.0,1.627833551569529e-09,0.0,-9.292716676155373e-11,0.0,-7.914783752931916e-11,0.0,-7.382041277930085e-11,0.0,-7.951399069754224e-11,0.0,-2.7197246547419344e-11,0.0,-2.9876951178515976e-11,0.0,-7.703863511309737e-11,0.0,-9.292716676155373e-11,0.0,1.6122343558571163e-09,0.0,-8.290425139894717e-10,0.0,-4.4730580242867274e-11,0.0,-9.633991913319625e-11,0.0,-2.4912142591147394e-11,0.0,-2.7197246547419354e-11,0.0,-6.642181196127663e-11,0.0,-7.914783752931921e-11,0.0,-8.290425139894717e-10,0.0,1.6042137632359986e-09,0.0,-4.255537108211749e-11,0.0,-9.547278713190247e-11,0.0,-9.547278713190247e-11,0.0,-9.633991913319625e-11,0.0,-7.951399069754224e-11,0.0,-7.382041277930084e-11,0.0,-4.473058024286727e-11,0.0,-4.2555371082117486e-11,0.0,1.004273868483423e-09,0.0,-1.2926356224716325e-10,0.0,-4.255537108211749e-11,0.0,-4.4730580242867274e-11,0.0,-7.382041277930089e-11,0.0,-7.951399069754221e-11,0.0,-9.633991913319625e-11,0.0,-9.54727871319025e-11,0.0,-1.2926356224716322e-10,0.0,1.0042738684834232e-09
158.73762140539807,0.0,1.6701759974035786e-09,0.0,-8.631311733040144e-10,0.0,-8.240224683100432e-11,0.0,-6.915295117403766e-11,0.0,-2.8315545858014635e-11,0.0,-2.593648275133817e-11,0.0,-9.939844746829224e-11,0.0,-4.430516741022314e-11,0.0,-8.631311733040145e-10,0.0,1.6785263816152945e-09,0.0,-9.67481560055873e-11,0.0,-8.020631800283279e-11,0.0,-3.110543487253144e-11,0.0,-2.8315545858014616e-11,0.0,-1.0030123429653881e-10,0.0,-4.6569817055347894e-11,0.0,-8.240224683100429e-11,0.0,-9.674815600558732e-11,0.0,1.6947669867358477e-09,0.0,-8.430253943998171e-10,0.0,-8.02063180028328e-11,0.0,-6.915295117403763e-11,0.0,-8.278345552460492e-11,0.0,-7.685576845675951e-11,0.0,-6.915295117403766e-11,0.0,-8.02063180028328e-11,0.0,-8.430253943998171e-10,0.0,1.6947669867358468e-09,0.0,-9.674815600558729e-11,0.0,-8.240224683100432e-11,0.0,-7.685576845675947e-11,0.0,-8.278345552460492e-11,0.0,-2.8315545858014645e-11,0.0,-3.110543487253146e-11,0.0,-8.020631800283288e-11,0.0,-9.674815600558725e-11,0.0,1.6785263816152943e-09,0.0,-8.631311733040147e-10,0.0,-4.6569817055347894e-11,0.0,-1.0030123429653884e-10,0.0,-2.5936482751338165e-11,0.0,-2.8315545858014625e-11,0.0,-6.915295117403764e-11,0.0,-8.240224683100434e-11,0.0,-8.631311733040147e-10,0.0,1.6701759974035784e-09,0.0,-4.430516741022312e-11,0.0,-9.93984474682922e-11,0.0,-9.93984474682922e-11,0.0,-1.0030123429653881e-10,0.0,-8.278345552460496e-11,0.0,-7.685576845675947e-11,0.0,-4.6569817055347894e-11,0.0,-4.430516741022314e-11,0.0,1.0455677094910317e-09,0.0,-1.345786353114183e-10,0.0,-4.4305167410223147e-11,0.0,-4.6569817055347926e-11,0.0,-7.685576845675951e-11,0.0,-8.278345552460492e-11,0.0,-1.0030123429653881e-10,0.0,-9.939844746829224e-11,0.0,-1.3457863531141828e-10,0.0,1.0455677094910317e-09
165.26461200621813,0.0,1.7388504738147366e-09,0.0,-8.986214937809882e-10,0.0,-8.579047128460655e-11,0.0,-7.199638966288323e-11,0.0,-2.947982752001806e-11,0.0,-2.700294184047859e-11,0.0,-1.0348552352888631e-10,0.0,-4.612691205206677e-11,0.0,-8.986214937809883e-10,0.0,1.7475442100231657e-09,0.0,-1.007262570965847e-10,0.0,-8.350425001854511e-11,0.0,-3.238443149129098e-11,0.0,-2.9479827520018034e-11,0.0,-1.0442543124309771e-10,0.0,-4.848467980502893e-11,0.0,-8.579047128460655e-11,0.0,-1.0072625709658465e-10,0.0,1.7644525980929341e-09,0.0,-8.776890032959571e-10,0.0,-8.350425001854506e-11,0.0,-7.199638966288325e-11,0.0,-8.618735455829758e-11,0.0,-8.001593221563894e-11,0.0,-7.199638966288323e-11,0.0,-8.350425001854509e-11,0.0,-8.77689003295957e-10,0.0,1.7644525980929347e-09,0.0,-1.0072625709658465e-10,0.0,-8.579047128460651e-11,0.0,-8.001593221563894e-11,0.0,-8.618735455829762e-11,0.0,-2.947982752001805e-11,0.0,-3.2384431491291e-11,0.0,-8.350425001854515e-11,0.0,-1.0072625709658465e-10,0.0,1.7475442100231663e-09,0.0,-8.98621493780988e-10,0.0,-4.8484679805028926e-11,0.0,-1.0442543124309763e-10,0.0,-2.7002941840478596e-11,0.0,-2.947982752001805e-11,0.0,-7.199638966288321e-11,0.0,-8.579047128460654e-11,0.0,-8.986214937809882e-10,0.0,1.7388504738147366e-09,0.0,-4.6126912052066775e-11,0.0,-1.0348552352888631e-10,0.0,-1.0348552352888626e-10,0.0,-1.0442543124309768e-10,0.0,-8.618735455829762e-11,0.0,-8.001593221563898e-11,0.0,-4.848467980502894e-11,0.0,-4.612691205206675e-11,0.0,1.0885594750973724e-09,0.0,-1.4011225412195534e-10,0.0,-4.612691205206676e-11,0.0,-4.8484679805028926e-11,0.0,-8.001593221563898e-11,0.0,-8.618735455829758e-11,0.0,-1.0442543124309768e-10,0.0,-1.034855235288863e-10,0.0,-1.4011225412195529e-10,0.0,1.0885594750973724e-09
172.05998010901936,0.0,1.8103487147379473e-09,0.0,-9.355711090749216e-10,0.0,-8.931801311594404e-11,0.0,-7.495674496153359e-11,0.0,-3.0691982240703664e-11,0.0,-2.8113251709222185e-11,0.0,-1.0774065242280476e-10,0.0,-4.802356338615599e-11,0.0,-9.35571109074922e-10,0.0,1.8193999209274436e-09,0.0,-1.0486793017637816e-10,0.0,-8.693778675781387e-11,0.0,-3.371601803067059e-11,0.0,-3.069198224070369e-11,0.0,-1.0871920736356507e-10,0.0,-5.047827808733526e-11,0.0,-8.931801311594399e-11,0.0,-1.0486793017637829e-10,0.0,1.837003549917601e-09,0.0,-9.137779141933017e-10,0.0,-8.693778675781401e-11,0.0,-7.495674496153365e-11,0.0,-8.97312154787966e-11,0.0,-8.330603592806359e-11,0.0,-7.495674496153365e-11,0.0,-8.693778675781389e-11,0.0,-9.137779141933019e-10,0.0,1.837003549917601e-09,0.0,-1.0486793017637825e-10,0.0,-8.931801311594402e-11,0.0,-8.33060359280635e-11,0.0,-8.973121547879653e-11,0.0,-3.0691982240703684e-11,0.0,-3.371601803067057e-11,0.0,-8.693778675781382e-11,0.0,-1.0486793017637825e-10,0.0,1.819399920927444e-09,0.0,-9.35571109074922e-10,0.0,-5.047827808733532e-11,0.0,-1.0871920736356516e-10,0.0,-2.8113251709222198e-11,0.0,-3.069198224070367e-11,0.0,-7.495674496153368e-11,0.0,-8.931801311594402e-11,0.0,-9.355711090749218e-10,0.0,1.810348714737947e-09,0.0,-4.8023563386155945e-11,0.0,-1.0774065242280465e-10,0.0,-1.0774065242280484e-10,0.0,-1.0871920736356507e-10,0.0,-8.973121547879661e-11,0.0,-8.33060359280635e-11,0.0,-5.0478278087335284e-11,0.0,-4.802356338615597e-11,0.0,1.133318980748833e-09,0.0,-1.4587340486629068e-10,0.0,-4.802356338615599e-11,0.0,-5.04782780873353e-11,0.0,-8.330603592806351e-11,0.0,-8.973121547879661e-11,0.0,-1.0871920736356504e-10,0.0,-1.0774065242280475e-10,0.0,-1.458734048662907e-10,0.0,1.133318980748833e-09
179.13476088881166,0.0,1.8847868280263163e-09,0.0,-9.740400226271512e-10,0.0,-9.299060079194832e-11,0.0,-7.80388244679571e-11,0.0,-3.195397846965057e-11,0.0,-2.926921541864399e-11,0.0,-1.1217074416453448e-10,0.0,-4.999820143392418e-11,0.0,-9.740400226271512e-10,0.0,1.8942102026860336e-09,0.0,-1.0917990101560742e-10,0.0,-9.051250403025673e-11,0.0,-3.510235688868611e-11,0.0,-3.195397846965054e-11,0.0,-1.1318953543266425e-10,0.0,-5.25538493583712e-11,0.0,-9.29906007919483e-11,0.0,-1.0917990101560743e-10,0.0,1.9125376595875702e-09,0.0,-9.513507328129333e-10,0.0,-9.051250403025663e-11,0.0,-7.803882446795712e-11,0.0,-9.342079325402683e-11,0.0,-8.673142247902735e-11,0.0,-7.803882446795718e-11,0.0,-9.051250403025663e-11,0.0,-9.51350732812933e-10,0.0,1.9125376595875702e-09,0.0,-1.0917990101560743e-10,0.0,-9.299060079194827e-11,0.0,-8.673142247902743e-11,0.0,-9.342079325402687e-11,0.0,-3.195397846965058e-11,0.0,-3.510235688868606e-11,0.0,-9.051250403025667e-11,0.0,-1.0917990101560743e-10,0.0,1.894210202686033e-09,0.0,-9.740400226271508e-10,0.0,-5.2553849358371206e-11,0.0,-1.131895354326643e-10,0.0,-2.9269215418643965e-11,0.0,-3.19539784696506e-11,0.0,-7.803882446795712e-11,0.0,-9.299060079194828e-11,0.0,-9.740400226271514e-10,0.0,1.884786828026316e-09,0.0,-4.999820143392422e-11,0.0,-1.1217074416453445e-10,0.0,-1.121707441645344e-10,0.0,-1.1318953543266431e-10,0.0,-9.342079325402683e-11,0.0,-8.673142247902743e-11,0.0,-5.2553849358371206e-11,0.0,-4.999820143392419e-11,0.0,1.1799189125708367e-09,0.0,-1.518714432269658e-10,0.0,-4.999820143392422e-11,0.0,-5.25538493583712e-11,0.0,-8.673142247902735e-11,0.0,-9.342079325402683e-11,0.0,-1.131895354326643e-10,0.0,-1.1217074416453442e-10,0.0,-1.518714432269658e-10,0.0,1.1799189125708367e-09
186.50044326611896,0.0,1.962285695668155e-09,0.0,-1.0140907051069744e-09,0.0,-9.681419832327058e-11,0.0,-8.124763325122945e-11,0.0,-3.326786559535953e-11,0.0,-3.047271016827852e-11,0.0,-1.1678299289528183e-10,0.0,-5.205403286145775e-11,0.0,-1.0140907051069746e-09,0.0,1.972096541661305e-09,0.0,-1.1366917193587275e-10,0.0,-9.423420691223067e-11,0.0,-3.654569937706798e-11,0.0,-3.3267865595359505e-11,0.0,-1.178436749324203e-10,0.0,-5.4714764192309425e-11,0.0,-9.681419832327059e-11,0.0,-1.1366917193587267e-10,0.0,1.991177588908181e-09,0.0,-9.904684746322778e-10,0.0,-9.423420691223067e-11,0.0,-8.124763325122944e-11,0.0,-9.726207948530363e-11,0.0,-9.029765444284532e-11,0.0,-8.124763325122954e-11,0.0,-9.42342069122307e-11,0.0,-9.90468474632278e-10,0.0,1.991177588908181e-09,0.0,-1.1366917193587273e-10,0.0,-9.681419832327063e-11,0.0,-9.029765444284535e-11,0.0,-9.726207948530369e-11,0.0,-3.32678655953595e-11,0.0,-3.654569937706802e-11,0.0,-9.423420691223066e-11,0.0,-1.1366917193587271e-10,0.0,1.9720965416613055e-09,0.0,-1.0140907051069746e-09,0.0,-5.4714764192309445e-11,0.0,-1.1784367493242044e-10,0.0,-3.047271016827851e-11,0.0,-3.3267865595359505e-11,0.0,-8.124763325122946e-11,0.0,-9.681419832327058e-11,0.0,-1.0140907051069742e-09,0.0,1.9622856956681545e-09,0.0,-5.205403286145772e-11,0.0,-1.1678299289528178e-10,0.0,-1.167829928952819e-10,0.0,-1.178436749324203e-10,0.0,-9.726207948530367e-11,0.0,-9.029765444284535e-11,0.0,-5.4714764192309484e-11,0.0,-5.2054032861457696e-11,0.0,1.2284349454047377e-09,0.0,-1.5811610957448403e-10,0.0,-5.2054032861457715e-11,0.0,-5.471476419230948e-11,0.0,-9.029765444284536e-11,0.0,-9.726207948530366e-11,0.0,-1.178436749324203e-10,0.0,-1.1678299289528183e-10,0.0,-1.58116109574484e-10,0.0,1.2284349454047379e-09
194.16898856413573,0.0,2.0429711700903774e-09,0.0,-1.055788195859391e-09,0.0,-1.0079501494939418e-10,0.0,-8.458838217939516e-11,0.0,-3.463577727330834e-11,0.0,-3.1725690344552575e-11,0.0,-1.215848885657257e-10,0.0,-5.419439618688396e-11,0.0,-1.0557881958593913e-09,0.0,2.05318541950495e-09,0.0,-1.1834303318098778e-10,0.0,-9.81089391738478e-11,0.0,-3.8048389377224456e-11,0.0,-3.4635777273308314e-11,0.0,-1.226891838410214e-10,0.0,-5.696453175495448e-11,0.0,-1.0079501494939415e-10,0.0,-1.183430331809878e-10,0.0,2.0730510433060896e-09,0.0,-1.031194663969733e-09,0.0,-9.810893917384788e-11,0.0,-8.458838217939518e-11,0.0,-1.0126131213725011e-10,0.0,-9.401052311636139e-11,0.0,-8.458838217939516e-11,0.0,-9.810893917384781e-11,0.0,-1.031194663969733e-09,0.0,2.0730510433060896e-09,0.0,-1.183430331809878e-10,0.0,-1.0079501494939414e-10,0.0,-9.401052311636139e-11,0.0,-1.0126131213725015e-10,0.0,-3.463577727330835e-11,0.0,-3.804838937722442e-11,0.0,-9.810893917384794e-11,0.0,-1.1834303318098775e-10,0.0,2.0531854195049505e-09,0.0,-1.055788195859391e-09,0.0,-5.6964531754954447e-11,0.0,-1.2268918384102148e-10,0.0,-3.172569034455255e-11,0.0,-3.4635777273308334e-11,0.0,-8.458838217939508e-11,0.0,-1.0079501494939415e-10,0.0,-1.0557881958593913e-09,0.0,2.0429711700903774e-09,0.0,-5.419439618688396e-11,0.0,-1.2158488856572569e-10,0.0,-1.215848885657257e-10,0.0,-1.226891838410214e-10,0.0,-1.0126131213725015e-10,0.0,-9.40105231163614e-11,0.0,-5.69645317549545e-11,0.0,-5.419439618688394e-11,0.0,1.2789458656981606e-09,0.0,-1.6461754478495136e-10,0.0,-5.419439618688396e-11,0.0,-5.6964531754954466e-11,0.0,-9.401052311636139e-11,0.0,-1.0126131213725019e-10,0.0,-1.2268918384102143e-10,0.0,-1.215848885657257e-10,0.0,-1.6461754478495136e-10,0.0,1.2789458656981608e-09
202.1528499330308,0.0,2.1269742785335322e-09,0.0,-1.0992002085241886e-09,0.0,-1.0493951522197946e-10,0.0,-8.806649638153166e-11,0.0,-3.60599348908502e-11,0.0,-3.303019069456472e-11,0.0,-1.265842290991429e-10,0.0,-5.6422767201878145e-11,0.0,-1.0992002085241886e-09,0.0,2.1376085185548254e-09,0.0,-1.2320907475579607e-10,0.0,-1.0214299309360973e-10,0.0,-3.9612867146531905e-11,0.0,-3.605993489085013e-11,0.0,-1.2773393090641623e-10,0.0,-5.930680550236782e-11,0.0,-1.0493951522197937e-10,0.0,-1.2320907475579607e-10,0.0,2.158290979213425e-09,0.0,-1.0735954371434532e-09,0.0,-1.0214299309360969e-10,0.0,-8.806649638153163e-11,0.0,-1.0542498566779014e-10,0.0,-9.787605792358632e-11,0.0,-8.806649638153173e-11,0.0,-1.0214299309360969e-10,0.0,-1.0735954371434534e-09,0.0,2.1582909792134247e-09,0.0,-1.2320907475579607e-10,0.0,-1.0493951522197944e-10,0.0,-9.787605792358636e-11,0.0,-1.054249856677902e-10,0.0,-3.605993489085017e-11,0.0,-3.961286714653194e-11,0.0,-1.0214299309360973e-10,0.0,-1.2320907475579601e-10,0.0,2.1376085185548258e-09,0.0,-1.0992002085241886e-09,0.0,-5.930680550236785e-11,0.0,-1.2773393090641623e-10,0.0,-3.3030190694564666e-11,0.0,-3.605993489085015e-11,0.0,-8.806649638153173e-11,0.0,-1.0493951522197944e-10,0.0,-1.0992002085241886e-09,0.0,2.1269742785335322e-09,0.0,-5.642276720187814e-11,0.0,-1.2658422909914294e-10,0.0,-1.265842290991429e-10,0.0,-1.2773393090641615e-10,0.0,-1.0542498566779018e-10,0.0,-9.787605792358634e-11,0.0,-5.930680550236782e-11,0.0,-5.642276720187814e-11,0.0,1.3315336994483623e-09,0.0,-1.7138630670810888e-10,0.0,-5.642276720187812e-11,0.0,-5.930680550236784e-11,0.0,-9.787605792358637e-11,0.0,-1.0542498566779014e-10,0.0,-1.2773393090641623e-10,0.0,-1.2658422909914294e-10,0.0,-1.7138630670810886e-10,0.0,1.3315336994483628e-09
210.46499257294212,0.0,2.214431435830351e-09,0.0,-1.144397240997884e-09,0.0,-1.0925442950281792e-10,0.0,-9.1687624057758e-11,0.0,-3.754265117458282e-11,0.0,-3.4388329630363243e-11,0.0,-1.31789133054659e-10,0.0,-5.874276461609162e-11,0.0,-1.1443972409978844e-09,0.0,2.225502935677332e-09,0.0,-1.2827519875177705e-10,0.0,-1.0634291967660296e-10,0.0,-4.124167328113206e-11,0.0,-3.75426511745828e-11,0.0,-1.3298610842457857e-10,0.0,-6.174538911381073e-11,0.0,-1.0925442950281798e-10,0.0,-1.2827519875177705e-10,0.0,2.2470358199792073e-09,0.0,-1.1177396498718447e-09,0.0,-1.0634291967660285e-10,0.0,-9.168762405775801e-11,0.0,-1.0975986157466748e-10,0.0,-1.019005362070367e-10,0.0,-9.168762405775798e-11,0.0,-1.0634291967660289e-10,0.0,-1.117739649871845e-09,0.0,2.2470358199792073e-09,0.0,-1.2827519875177703e-10,0.0,-1.0925442950281788e-10,0.0,-1.0190053620703667e-10,0.0,-1.097598615746674e-10,0.0,-3.7542651174582794e-11,0.0,-4.124167328113208e-11,0.0,-1.0634291967660296e-10,0.0,-1.28275198751777e-10,0.0,2.2255029356773316e-09,0.0,-1.1443972409978844e-09,0.0,-6.174538911381072e-11,0.0,-1.3298610842457855e-10,0.0,-3.438832963036324e-11,0.0,-3.754265117458285e-11,0.0,-9.168762405775797e-11,0.0,-1.0925442950281796e-10,0.0,-1.144397240997884e-09,0.0,2.214431435830351e-09,0.0,-5.874276461609163e-11,0.0,-1.3178913305465906e-10,0.0,-1.3178913305465904e-10,0.0,-1.3298610842457852e-10,0.0,-1.097598615746675e-10,0.0,-1.0190053620703667e-10,0.0,-6.17453891138107e-11,0.0,-5.874276461609164e-11,0.0,1.3862838454063847e-09,0.0,-1.784333873124997e-10,0.0,-5.874276461609163e-11,0.0,-6.174538911381071e-11,0.0,-1.0190053620703667e-10,0.0,-1.0975986157466741e-10,0.0,-1.3298610842457855e-10,0.0,-1.317891330546591e-10,0.0,-1.7843338731249968e-10,0.0,1.3862838454063847e-09
219.11891478850168,0.0,2.305484665933329e-09,0.0,-1.1914526899170876e-09,0.0,-1.1374676489344136e-10,0.0,-9.545764565149315e-11,0.0,-3.908633394604478e-11,0.0,-3.580231266909135e-11,0.0,-1.372080528111872e-10,0.0,-6.115815593366857e-11,0.0,-1.191452689917088e-09,0.0,2.31701140490257e-09,0.0,-1.3354963217945793e-10,0.0,-1.1071553929284555e-10,0.0,-4.293745284167228e-11,0.0,-3.908633394604479e-11,0.0,-1.3845424554318943e-10,0.0,-6.428424266863735e-11,0.0,-1.1374676489344136e-10,0.0,-1.3354963217945786e-10,0.0,2.339429680658611e-09,0.0,-1.163698989090149e-09,0.0,-1.1071553929284556e-10,0.0,-9.545764565149317e-11,0.0,-1.1427297937561747e-10,0.0,-1.0609049342167355e-10,0.0,-9.545764565149317e-11,0.0,-1.1071553929284559e-10,0.0,-1.163698989090149e-09,0.0,2.33942968065861e-09,0.0,-1.3354963217945783e-10,0.0,-1.1374676489344136e-10,0.0,-1.0609049342167355e-10,0.0,-1.1427297937561747e-10,0.0,-3.9086333946044754e-11,0.0,-4.2937452841672305e-11,0.0,-1.1071553929284561e-10,0.0,-1.3354963217945786e-10,0.0,2.31701140490257e-09,0.0,-1.1914526899170878e-09,0.0,-6.428424266863735e-11,0.0,-1.3845424554318949e-10,0.0,-3.580231266909141e-11,0.0,-3.9086333946044793e-11,0.0,-9.545764565149313e-11,0.0,-1.1374676489344131e-10,0.0,-1.1914526899170876e-09,0.0,2.305484665933329e-09,0.0,-6.11581559336686e-11,0.0,-1.3720805281118707e-10,0.0,-1.3720805281118715e-10,0.0,-1.3845424554318949e-10,0.0,-1.1427297937561745e-10,0.0,-1.0609049342167358e-10,0.0,-6.428424266863735e-11,0.0,-6.115815593366859e-11,0.0,1.4432852137583014e-09,0.0,-1.857702305356121e-10,0.0,-6.115815593366857e-11,0.0,-6.428424266863734e-11,0.0,-1.0609049342167362e-10,0.0,-1.142729793756175e-10,0.0,-1.3845424554318946e-10,0.0,-1.3720805281118707e-10,0.0,-1.8577023053561207e-10,0.0,1.4432852137583016e-09
228.1286699090846,0.0,2.4002818325511346e-09,0.0,-1.240442969849216e-09,0.0,-1.1842381661413655e-10,0.0,-9.93826833988618e-11,0.0,-4.069349003184004e-11,0.0,-3.7274436014583536e-11,0.0,-1.4284978829346624e-10,0.0,-6.367286357139419e-11,0.0,-1.240442969849216e-09,0.0,2.4122825292138593e-09,0.0,-1.3904094032847018e-10,0.0,-1.1526795275306493e-10,0.0,-4.4702959648688226e-11,0.0,-4.069349003184002e-11,0.0,-1.4414722211234258e-10,0.0,-6.692748907717118e-11,0.0,-1.184238166141365e-10,0.0,-1.3904094032847013e-10,0.0,2.435622602045166e-09,0.0,-1.2115480893647288e-09,0.0,-1.1526795275306485e-10,0.0,-9.938268339886192e-11,0.0,-1.1897166804002374e-10,0.0,-1.1045273374799915e-10,0.0,-9.938268339886192e-11,0.0,-1.1526795275306485e-10,0.0,-1.211548089364729e-09,0.0,2.4356226020451663e-09,0.0,-1.390409403284702e-10,0.0,-1.184238166141365e-10,0.0,-1.1045273374799915e-10,0.0,-1.1897166804002374e-10,0.0,-4.0693490031840026e-11,0.0,-4.470295964868819e-11,0.0,-1.1526795275306491e-10,0.0,-1.390409403284702e-10,0.0,2.4122825292138593e-09,0.0,-1.240442969849216e-09,0.0,-6.692748907717123e-11,0.0,-1.4414722211234255e-10,0.0,-3.7274436014583536e-11,0.0,-4.069349003184009e-11,0.0,-9.938268339886184e-11,0.0,-1.184238166141366e-10,0.0,-1.240442969849216e-09,0.0,2.400281832551134e-09,0.0,-6.367286357139414e-11,0.0,-1.4284978829346635e-10,0.0,-1.428497882934663e-10,0.0,-1.4414722211234255e-10,0.0,-1.1897166804002382e-10,0.0,-1.1045273374799912e-10,0.0,-6.692748907717125e-11,0.0,-6.367286357139415e-11,0.0,1.5026303705087893e-09,0.0,-1.9340875086798788e-10,0.0,-6.367286357139413e-11,0.0,-6.692748907717123e-11,0.0,-1.104527337479991e-10,0.0,-1.1897166804002374e-10,0.0,-1.441472221123426e-10,0.0,-1.4284978829346635e-10,0.0,-1.9340875086798788e-10,0.0,1.5026303705087893e-09
237.5088891103756,0.0,2.498976879268318e-09,0.0,-1.2914476373840905e-09,0.0,-1.2329317985084325e-10,0.0,-1.0346911127075257e-10,0.0,-4.2366729334538565e-11,0.0,-3.880709028623044e-11,0.0,-1.487235012624883e-10,0.0,-6.629097122840891e-11,0.0,-1.2914476373840905e-09,0.0,2.5114710218679755e-09,0.0,-1.4475804067694658e-10,0.0,-1.200075528398873e-10,0.0,-4.654106075460474e-11,0.0,-4.2366729334538526e-11,0.0,-1.5007428310476325e-10,0.0,-6.967942077600627e-11,0.0,-1.2329317985084328e-10,0.0,-1.4475804067694663e-10,0.0,2.535770794325897e-09,0.0,-1.261364654094079e-09,0.0,-1.2000755283988736e-10,0.0,-1.0346911127075252e-10,0.0,-1.2386355789062165e-10,0.0,-1.1499434114154132e-10,0.0,-1.034691112707525e-10,0.0,-1.2000755283988736e-10,0.0,-1.2613646540940795e-09,0.0,2.5357707943258963e-09,0.0,-1.4475804067694652e-10,0.0,-1.2329317985084323e-10,0.0,-1.149943411415414e-10,0.0,-1.2386355789062175e-10,0.0,-4.2366729334538546e-11,0.0,-4.6541060754604755e-11,0.0,-1.2000755283988742e-10,0.0,-1.4475804067694652e-10,0.0,2.5114710218679755e-09,0.0,-1.2914476373840905e-09,0.0,-6.967942077600622e-11,0.0,-1.5007428310476325e-10,0.0,-3.880709028623042e-11,0.0,-4.236672933453855e-11,0.0,-1.0346911127075246e-10,0.0,-1.2329317985084315e-10,0.0,-1.2914476373840907e-09,0.0,2.498976879268318e-09,0.0,-6.629097122840894e-11,0.0,-1.4872350126248824e-10,0.0,-1.4872350126248835e-10,0.0,-1.5007428310476325e-10,0.0,-1.2386355789062162e-10,0.0,-1.149943411415414e-10,0.0,-6.967942077600623e-11,0.0,-6.629097122840893e-11,0.0,1.5644156878014682e-09,0.0,-2.0136135270147348e-10,0.0,-6.629097122840894e-11,0.0,-6.967942077600623e-11,0.0,-1.1499434114154146e-10,0.0,-1.238635578906217e-10,0.0,-1.5007428310476325e-10,0.0,-1.4872350126248827e-10,0.0,-2.0136135270147345e-10,0.0,1.564415687801468e-09
247.2748051743158,0.0,2.601730079538309e-09,0.0,-1.3445495203279573e-09,0.0,-1.2836276208917386e-10,0.0,-1.0772356532367456e-10,0.0,-4.4108769070964946e-11,0.0,-4.040276440116826e-11,0.0,-1.5483873019351917e-10,0.0,-6.901673051783427e-11,0.0,-1.3445495203279569e-09,0.0,2.614737957638041e-09,0.0,-1.50710217372845e-10,0.0,-1.2494203631317138e-10,0.0,-4.8454741099617026e-11,0.0,-4.410876907096504e-11,0.0,-1.5624505362896036e-10,0.0,-7.254450669860604e-11,0.0,-1.2836276208917394e-10,0.0,-1.5071021737284497e-10,0.0,2.6400368907551095e-09,0.0,-1.3132295816933949e-09,0.0,-1.2494203631317138e-10,0.0,-1.0772356532367456e-10,0.0,-1.289565929945779e-10,0.0,-1.1972269083667434e-10,0.0,-1.0772356532367456e-10,0.0,-1.2494203631317146e-10,0.0,-1.3132295816933955e-09,0.0,2.640036890755109e-09,0.0,-1.50710217372845e-10,0.0,-1.283627620891738e-10,0.0,-1.197226908366743e-10,0.0,-1.2895659299457794e-10,0.0,-4.410876907096497e-11,0.0,-4.845474109961701e-11,0.0,-1.249420363131715e-10,0.0,-1.50710217372845e-10,0.0,2.6147379576380408e-09,0.0,-1.3445495203279569e-09,0.0,-7.254450669860603e-11,0.0,-1.5624505362896039e-10,0.0,-4.040276440116832e-11,0.0,-4.410876907096498e-11,0.0,-1.0772356532367457e-10,0.0,-1.283627620891738e-10,0.0,-1.344549520327957e-09,0.0,2.6017300795383085e-09,0.0,-6.901673051783433e-11,0.0,-1.5483873019351912e-10,0.0,-1.5483873019351915e-10,0.0,-1.562450536289604e-10,0.0,-1.28956592994578e-10,0.0,-1.1972269083667428e-10,0.0,-7.254450669860602e-11,0.0,-6.901673051783433e-11,0.0,1.628741500420129e-09,0.0,-2.0964095047303386e-10,0.0,-6.901673051783432e-11,0.0,-7.254450669860598e-11,0.0,-1.1972269083667426e-10,0.0,-1.2895659299457794e-10,0.0,-1.5624505362896044e-10,0.0,-1.5483873019351915e-10,0.0,-2.0964095047303384e-10,0.0,1.6287415004201291e-09
257.4422772260138,0.0,2.708708296955647e-09,0.0,-1.3998348522097125e-09,0.0,-1.3364079595558576e-10,0.0,-1.121529544762235e-10,0.0,-4.592243818475801e-11,0.0,-4.2064049616095946e-11,0.0,-1.612054057658775e-10,0.0,-7.185456787107778e-11,0.0,-1.3998348522097123e-09,0.0,2.7222510343870347e-09,0.0,-1.5690713631071872e-10,0.0,-1.3007941640897562e-10,0.0,-5.0447108359012085e-11,0.0,-4.592243818475799e-11,0.0,-1.626695545596906e-10,0.0,-7.552739953252137e-11,0.0,-1.3364079595558587e-10,0.0,-1.5690713631071861e-10,0.0,2.7485902117587686e-09,0.0,-1.3672270969676193e-09,0.0,-1.300794164089758e-10,0.0,-1.1215295447622333e-10,0.0,-1.342590440640683e-10,0.0,-1.2464546132345255e-10,0.0,-1.1215295447622334e-10,0.0,-1.3007941640897568e-10,0.0,-1.3672270969676197e-09,0.0,2.7485902117587665e-09,0.0,-1.569071363107185e-10,0.0,-1.3364079595558581e-10,0.0,-1.2464546132345247e-10,0.0,-1.3425904406406827e-10,0.0,-4.5922438184758e-11,0.0,-5.0447108359012085e-11,0.0,-1.300794164089757e-10,0.0,-1.569071363107186e-10,0.0,2.7222510343870347e-09,0.0,-1.3998348522097125e-09,0.0,-7.552739953252134e-11,0.0,-1.6266955455969057e-10,0.0,-4.206404961609594e-11,0.0,-4.5922438184758034e-11,0.0,-1.1215295447622343e-10,0.0,-1.3364079595558581e-10,0.0,-1.3998348522097125e-09,0.0,2.7087082969556475e-09,0.0,-7.18545678710777e-11,0.0,-1.6120540576587765e-10,0.0,-1.6120540576587775e-10,0.0,-1.6266955455969057e-10,0.0,-1.3425904406406834e-10,0.0,-1.2464546132345255e-10,0.0,-7.552739953252137e-11,0.0,-7.185456787107773e-11,0.0,1.695712268725005e-09,0.0,-2.1826098963684338e-10,0.0,-7.18545678710777e-11,0.0,-7.55273995325214e-11,0.0,-1.2464546132345263e-10,0.0,-1.342590440640683e-10,0.0,-1.6266955455969057e-10,0.0,-1.6120540576587757e-10,0.0,-2.1826098963684333e-10,0.0,1.695712268725005e-09
268.0278164877906,0.0,2.8200852562301015e-09,0.0,-1.4573934123177727e-09,0.0,-1.3913585258655629e-10,0.0,-1.1676447172865223e-10,0.0,-4.7810681940364996e-11,0.0,-4.37936437352842e-11,0.0,-1.6783386698962294e-10,0.0,-7.480909172602919e-11,0.0,-1.4573934123177724e-09,0.0,2.8341848453967078e-09,0.0,-1.6335886082841273e-10,0.0,-1.3542803585246111e-10,0.0,-5.252139798980426e-11,0.0,-4.781068194036493e-11,0.0,-1.693582188111167e-10,0.0,-7.863294327501057e-11,0.0,-1.3913585258655629e-10,0.0,-1.6335886082841273e-10,0.0,2.861607039898321e-09,0.0,-1.4234448878862788e-09,0.0,-1.354280358524612e-10,0.0,-1.1676447172865228e-10,0.0,-1.3977952188730135e-10,0.0,-1.2977064681691107e-10,0.0,-1.1676447172865218e-10,0.0,-1.3542803585246117e-10,0.0,-1.4234448878862792e-09,0.0,2.8616070398983205e-09,0.0,-1.6335886082841263e-10,0.0,-1.3913585258655623e-10,0.0,-1.2977064681691107e-10,0.0,-1.3977952188730127e-10,0.0,-4.7810681940365034e-11,0.0,-5.252139798980425e-11,0.0,-1.3542803585246122e-10,0.0,-1.6335886082841263e-10,0.0,2.8341848453967073e-09,0.0,-1.4573934123177724e-09,0.0,-7.863294327501054e-11,0.0,-1.693582188111166e-10,0.0,-4.3793643735284085e-11,0.0,-4.7810681940365e-11,0.0,-1.1676447172865215e-10,0.0,-1.391358525865563e-10,0.0,-1.4573934123177729e-09,0.0,2.820085256230101e-09,0.0,-7.480909172602922e-11,0.0,-1.6783386698962304e-10,0.0,-1.678338669896231e-10,0.0,-1.693582188111166e-10,0.0,-1.3977952188730132e-10,0.0,-1.2977064681691102e-10,0.0,-7.863294327501056e-11,0.0,-7.480909172602924e-11,0.0,1.7654367482886564e-09,0.0,-2.2723546849870763e-10,0.0,-7.480909172602924e-11,0.0,-7.863294327501058e-11,0.0,-1.2977064681691112e-10,0.0,-1.397795218873013e-10,0.0,-1.6935821881111663e-10,0.0,-1.6783386698962306e-10,0.0,-2.2723546849870763e-10,0.0,1.7654367482886564e-09
279.0486130921842,0.0,2.9360418253027633e-09,0.0,-1.5173186714950007e-09,0.0,-1.4485685554747544e-10,0.0,-1.2156560584377317e-10,0.0,-4.9776566705934213e-11,0.0,-4.5594355491609653e-11,0.0,-1.7473487799534355e-10,0.0,-7.788510001082435e-11,0.0,-1.517318671495001e-09,0.0,2.950721162894167e-09,0.0,-1.7007586804918149e-10,0.0,-1.4099658040586017e-10,0.0,-5.468097848487722e-11,0.0,-4.9776566705934194e-11,0.0,-1.7632190827908914e-10,0.0,-8.186618109933242e-11,0.0,-1.448568555474753e-10,0.0,-1.7007586804918146e-10,0.0,2.9792709061405646e-09,0.0,-1.4819742479822791e-09,0.0,-1.4099658040585994e-10,0.0,-1.2156560584377333e-10,0.0,-1.455269913118023e-10,0.0,-1.3510657023907917e-10,0.0,-1.2156560584377335e-10,0.0,-1.4099658040586001e-10,0.0,-1.4819742479822793e-09,0.0,2.9792709061405646e-09,0.0,-1.7007586804918154e-10,0.0,-1.4485685554747526e-10,0.0,-1.351065702390791e-10,0.0,-1.4552699131180223e-10,0.0,-4.9776566705934136e-11,0.0,-5.468097848487726e-11,0.0,-1.409965804058599e-10,0.0,-1.7007586804918143e-10,0.0,2.9507211628941674e-09,0.0,-1.5173186714950007e-09,0.0,-8.186618109933237e-11,0.0,-1.763219082790892e-10,0.0,-4.559435549160975e-11,0.0,-4.9776566705934194e-11,0.0,-1.215656058437734e-10,0.0,-1.4485685554747539e-10,0.0,-1.5173186714950007e-09,0.0,2.9360418253027637e-09,0.0,-7.788510001082435e-11,0.0,-1.7473487799534353e-10,0.0,-1.747348779953436e-10,0.0,-1.7632190827908914e-10,0.0,-1.4552699131180223e-10,0.0,-1.351065702390791e-10,0.0,-8.186618109933238e-11,0.0,-7.788510001082435e-11,0.0,1.8380281665069873e-09,0.0,-2.3657896094827747e-10,0.0,-7.788510001082437e-11,0.0,-8.186618109933237e-11,0.0,-1.3510657023907917e-10,0.0,-1.455269913118023e-10,0.0,-1.7632190827908922e-10,0.0,-1.7473487799534358e-10,0.0,-2.365789609482774e-10,0.0,1.838028166506988e-09
290.5225639974522,0.0,3.0567663090621876e-09,0.0,-1.5797079439284342e-09,0.0,-1.5081309532385497e-10,0.0,-1.26564153508154e-10,0.0,-5.18232849328691e-11,0.0,-4.7469109107730466e-11,0.0,-1.8191964551430717e-10,0.0,-8.108758793532398e-11,0.0,-1.5797079439284342e-09,0.0,3.072049233236514e-09,0.0,-1.7706906589576054e-10,0.0,-1.4679409297351106e-10,0.0,-5.6929356843167946e-11,0.0,-5.18232849328691e-11,0.0,-1.8357193148006122e-10,0.0,-8.523236354448651e-11,0.0,-1.5081309532385507e-10,0.0,-1.7706906589576044e-10,0.0,3.1017728878983363e-09,0.0,-1.5429102246058318e-09,0.0,-1.4679409297351104e-10,0.0,-1.2656415350815394e-10,0.0,-1.5151078580266175e-10,0.0,-1.406618967347898e-10,0.0,-1.2656415350815392e-10,0.0,-1.4679409297351106e-10,0.0,-1.542910224605832e-09,0.0,3.101772887898336e-09,0.0,-1.770690658957606e-10,0.0,-1.5081309532385504e-10,0.0,-1.4066189673478975e-10,0.0,-1.5151078580266172e-10,0.0,-5.182328493286911e-11,0.0,-5.692935684316797e-11,0.0,-1.4679409297351104e-10,0.0,-1.7706906589576054e-10,0.0,3.0720492332365146e-09,0.0,-1.579707943928434e-09,0.0,-8.523236354448651e-11,0.0,-1.8357193148006138e-10,0.0,-4.7469109107730524e-11,0.0,-5.1823284932869076e-11,0.0,-1.265641535081539e-10,0.0,-1.5081309532385491e-10,0.0,-1.5797079439284342e-09,0.0,3.0567663090621876e-09,0.0,-8.108758793532399e-11,0.0,-1.8191964551430717e-10,0.0,-1.8191964551430717e-10,0.0,-1.8357193148006133e-10,0.0,-1.515107858026617e-10,0.0,-1.4066189673478985e-10,0.0,-8.523236354448653e-11,0.0,-8.108758793532399e-11,0.0,1.913604406472151e-09,0.0,-2.463066401259665e-10,0.0,-8.108758793532397e-11,0.0,-8.52323635444865e-11,0.0,-1.4066189673478993e-10,0.0,-1.5151078580266172e-10,0.0,-1.835719314800613e-10,0.0,-1.8191964551430717e-10,0.0,-2.463066401259665e-10,0.0,1.9136044064721513e-09
302.46830205090794,0.0,3.1824547551376045e-09,0.0,-1.6446625451803277e-09,0.0,-1.570142444083902e-10,0.0,-1.317682319933592e-10,0.0,-5.3954160340133723e-11,0.0,-4.9420949044806255e-11,0.0,-1.8939983707736423e-10,0.0,-8.442175610296566e-11,0.0,-1.6446625451803275e-09,0.0,3.19836608423293e-09,0.0,-1.8434981080402656e-10,0.0,-1.5282998828686636e-10,0.0,-5.927018426477288e-11,0.0,-5.3954160340133736e-11,0.0,-1.9112006191528275e-10,0.0,-8.873695704170021e-11,0.0,-1.570142444083902e-10,0.0,-1.8434981080402658e-10,0.0,3.229311919326096e-09,0.0,-1.6063517732743253e-09,0.0,-1.528299882868663e-10,0.0,-1.3176823199335905e-10,0.0,-1.5774062259939231e-10,0.0,-1.46445647743234e-10,0.0,-1.3176823199335894e-10,0.0,-1.5282998828686644e-10,0.0,-1.6063517732743256e-09,0.0,3.2293119193260978e-09,0.0,-1.8434981080402666e-10,0.0,-1.570142444083903e-10,0.0,-1.46445647743234e-10,0.0,-1.5774062259939234e-10,0.0,-5.3954160340133833e-11,0.0,-5.92701842647728e-11,0.0,-1.5282998828686654e-10,0.0,-1.8434981080402666e-10,0.0,3.1983660842329296e-09,0.0,-1.6446625451803273e-09,0.0,-8.873695704170032e-11,0.0,-1.9112006191528273e-10,0.0,-4.9420949044806184e-11,0.0,-5.39541603401338e-11,0.0,-1.3176823199335892e-10,0.0,-1.5701424440839034e-10,0.0,-1.6446625451803277e-09,0.0,3.1824547551376045e-09,0.0,-8.442175610296562e-11,0.0,-1.8939983707736423e-10,0.0,-1.8939983707736425e-10,0.0,-1.9112006191528275e-10,0.0,-1.5774062259939234e-10,0.0,-1.4644564774323403e-10,0.0,-8.873695704170031e-11,0.0,-8.442175610296564e-11,0.0,1.9922881984059694e-09,0.0,-2.5643430306300916e-10,0.0,-8.442175610296559e-11,0.0,-8.87369570417003e-11,0.0,-1.4644564774323406e-10,0.0,-1.577406225993923e-10,0.0,-1.9112006191528267e-10,0.0,-1.8939983707736423e-10,0.0,-2.564343030630091e-10,0.0,1.9922881984059694e-09
314.9052262472862,0.0,3.3133112722657636e-09,0.0,-1.7122879567171287e-09,0.0,-1.6347037300837182e-10,0.0,-1.371862923377993e-10,0.0,-5.617265331172634e-11,0.0,-5.145304494647818e-11,0.0,-1.9718759996215445e-10,0.0,-8.789301895615879e-11,0.0,-1.7122879567171293e-09,0.0,3.3298768451032607e-09,0.0,-1.9192992616500906e-10,0.0,-1.591140681933195e-10,0.0,-6.170726208022694e-11,0.0,-5.617265331172634e-11,0.0,-1.989785571900946e-10,0.0,-9.238565279150866e-11,0.0,-1.634703730083718e-10,0.0,-1.9192992616500912e-10,0.0,3.3620951143742826e-09,0.0,-1.6724019183687622e-09,0.0,-1.591140681933195e-10,0.0,-1.3718629233779924e-10,0.0,-1.6422661849600677e-10,0.0,-1.524672156481101e-10,0.0,-1.3718629233779936e-10,0.0,-1.5911406819331953e-10,0.0,-1.6724019183687624e-09,0.0,3.3620951143742826e-09,0.0,-1.9192992616500906e-10,0.0,-1.6347037300837182e-10,0.0,-1.5246721564811004e-10,0.0,-1.6422661849600677e-10,0.0,-5.617265331172634e-11,0.0,-6.170726208022694e-11,0.0,-1.5911406819331953e-10,0.0,-1.9192992616500904e-10,0.0,3.3298768451032607e-09,0.0,-1.7122879567171287e-09,0.0,-9.238565279150866e-11,0.0,-1.989785571900948e-10,0.0,-5.145304494647822e-11,0.0,-5.617265331172637e-11,0.0,-1.371862923377993e-10,0.0,-1.6347037300837182e-10,0.0,-1.7122879567171287e-09,0.0,3.313311272265763e-09,0.0,-8.789301895615874e-11,0.0,-1.9718759996215442e-10,0.0,-1.9718759996215445e-10,0.0,-1.989785571900948e-10,0.0,-1.6422661849600687e-10,0.0,-1.5246721564811012e-10,0.0,-9.238565279150868e-11,0.0,-8.789301895615877e-11,0.0,2.074207318964737e-09,0.0,-2.669783963346702e-10,0.0,-8.789301895615875e-11,0.0,-9.238565279150866e-11,0.0,-1.5246721564811017e-10,0.0,-1.6422661849600674e-10,0.0,-1.9897855719009475e-10,0.0,-1.9718759996215442e-10,0.0,-2.669783963346702e-10,0.0,2.074207318964737e-09
327.85353323127407,0.0,3.44954836174841e-09,0.0,-1.7826939972035712e-09,0.0,-1.701919653989575e-10,0.0,-1.4282713307059183e-10,0.0,-5.848236651608649e-11,0.0,-5.356869678613594e-11,0.0,-2.0529558091938621e-10,0.0,-9.150701356893823e-11,0.0,-1.7826939972035718e-09,0.0,3.4667950795926823e-09,0.0,-1.9982172152520142e-10,0.0,-1.6565653757367975e-10,0.0,-6.424454792358326e-11,0.0,-5.848236651608651e-11,0.0,-2.0716017891937377e-10,0.0,-9.618437600584248e-11,0.0,-1.701919653989574e-10,0.0,-1.998217215252014e-10,0.0,3.5003381031270274e-09,0.0,-1.7411679204377276e-09,0.0,-1.656565375736798e-10,0.0,-1.4282713307059196e-10,0.0,-1.7097930626994263e-10,0.0,-1.5873637903015996e-10,0.0,-1.4282713307059193e-10,0.0,-1.6565653757367975e-10,0.0,-1.7411679204377278e-09,0.0,3.5003381031270266e-09,0.0,-1.9982172152520131e-10,0.0,-1.701919653989574e-10,0.0,-1.5873637903015993e-10,0.0,-1.7097930626994255e-10,0.0,-5.848236651608647e-11,0.0,-6.424454792358335e-11,0.0,-1.656565375736798e-10,0.0,-1.998217215252014e-10,0.0,3.466795079592682e-09,0.0,-1.7826939972035718e-09,0.0,-9.61843760058423e-11,0.0,-2.0716017891937382e-10,0.0,-5.3568696786135974e-11,0.0,-5.848236651608645e-11,0.0,-1.4282713307059183e-10,0.0,-1.7019196539895727e-10,0.0,-1.782693997203571e-09,0.0,3.44954836174841e-09,0.0,-9.150701356893832e-11,0.0,-2.0529558091938624e-10,0.0,-2.0529558091938616e-10,0.0,-2.0716017891937387e-10,0.0,-1.7097930626994257e-10,0.0,-1.5873637903015996e-10,0.0,-9.618437600584237e-11,0.0,-9.150701356893828e-11,0.0,2.1594947987390465e-09,0.0,-2.7795604276826567e-10,0.0,-9.150701356893827e-11,0.0,-9.618437600584237e-11,0.0,-1.5873637903015996e-10,0.0,-1.7097930626994255e-10,0.0,-2.071601789193738e-10,0.0,-2.0529558091938624e-10,0.0,-2.779560427682657e-10,0.0,2.159494798739047e-09
341.33425009536967,0.0,3.591387262538696e-09,0.0,-1.855995000840069e-09,0.0,-1.7718993694885953e-10,0.0,-1.4869991449972152e-10,0.0,-6.088705075656242e-11,0.0,-5.577134022583044e-11,0.0,-2.1373694671022532e-10,0.0,-9.526960880115639e-11,0.0,-1.8559950008400696e-09,0.0,3.6093431327834375e-09,0.0,-2.080380125763556e-10,0.0,-1.72468020914144e-10,0.0,-6.688616215931807e-11,0.0,-6.088705075656238e-11,0.0,-2.1567821345145113e-10,0.0,-1.0013929553013423e-10,0.0,-1.7718993694885947e-10,0.0,-2.0803801257635562e-10,0.0,3.64426538196948e-09,0.0,-1.8127614503805925e-09,0.0,-1.7246802091414415e-10,0.0,-1.4869991449972137e-10,0.0,-1.7800965178651414e-10,0.0,-1.6526331854686117e-10,0.0,-1.4869991449972142e-10,0.0,-1.724680209141442e-10,0.0,-1.8127614503805927e-09,0.0,3.64426538196948e-09,0.0,-2.080380125763555e-10,0.0,-1.7718993694885955e-10,0.0,-1.652633185468613e-10,0.0,-1.7800965178651422e-10,0.0,-6.088705075656246e-11,0.0,-6.688616215931803e-11,0.0,-1.724680209141442e-10,0.0,-2.0803801257635552e-10,0.0,3.6093431327834375e-09,0.0,-1.8559950008400694e-09,0.0,-1.0013929553013438e-10,0.0,-2.1567821345145087e-10,0.0,-5.57713402258304e-11,0.0,-6.08870507565625e-11,0.0,-1.4869991449972147e-10,0.0,-1.7718993694885947e-10,0.0,-1.8559950008400694e-09,0.0,3.5913872625386948e-09,0.0,-9.526960880115625e-11,0.0,-2.137369467102255e-10,0.0,-2.1373694671022563e-10,0.0,-2.1567821345145098e-10,0.0,-1.7800965178651411e-10,0.0,-1.6526331854686125e-10,0.0,-1.0013929553013432e-10,0.0,-9.526960880115626e-11,0.0,2.2482891382856403e-09,0.0,-2.893850692493687e-10,0.0,-9.526960880115625e-11,0.0,-1.0013929553013436e-10,0.0,-1.652633185468613e-10,0.0,-1.780096517865141e-10,0.0,-2.1567821345145093e-10,0.0,-2.137369467102255e-10,0.0,-2.893850692493688e-10,0.0,2.2482891382856407e-09
355.3692685263229,0.0,3.739058310516851e-09,0.0,-1.9323100030329912e-09,0.0,-1.844756518460954e-10,0.0,-1.548141735877023e-10,0.0,-6.339061106243856e-11,0.0,-5.8064552195533976e-11,0.0,-2.2252540548814061e-10,0.0,-9.91869148290757e-11,0.0,-1.932310003032991e-09,0.0,3.757752492166788e-09,0.0,-2.1659214196721584e-10,0.0,-1.7955957955967626e-10,0.0,-6.963639457349692e-11,0.0,-6.339061106243849e-11,0.0,-2.2454649344415716e-10,0.0,-1.0425683386106772e-10,0.0,-1.8447565184609528e-10,0.0,-2.165921419672159e-10,0.0,3.794110678153313e-09,0.0,-1.8872987707927823e-09,0.0,-1.7955957955967626e-10,0.0,-1.5481417358770224e-10,0.0,-1.8532907180666507e-10,0.0,-1.720586334650613e-10,0.0,-1.5481417358770242e-10,0.0,-1.7955957955967626e-10,0.0,-1.887298770792783e-09,0.0,3.79411067815331e-09,0.0,-2.1659214196721566e-10,0.0,-1.844756518460954e-10,0.0,-1.720586334650613e-10,0.0,-1.8532907180666512e-10,0.0,-6.339061106243856e-11,0.0,-6.963639457349691e-11,0.0,-1.795595795596762e-10,0.0,-2.1659214196721584e-10,0.0,3.757752492166787e-09,0.0,-1.932310003032991e-09,0.0,-1.0425683386106773e-10,0.0,-2.2454649344415734e-10,0.0,-5.806455219553392e-11,0.0,-6.339061106243859e-11,0.0,-1.5481417358770255e-10,0.0,-1.8447565184609533e-10,0.0,-1.9323100030329904e-09,0.0,3.739058310516851e-09,0.0,-9.918691482907567e-11,0.0,-2.2252540548814046e-10,0.0,-2.2252540548814054e-10,0.0,-2.2454649344415724e-10,0.0,-1.8532907180666512e-10,0.0,-1.7205863346506126e-10,0.0,-1.0425683386106778e-10,0.0,-9.918691482907564e-11,0.0,2.340734533042054e-09,0.0,-3.012840356713518e-10,0.0,-9.918691482907564e-11,0.0,-1.0425683386106778e-10,0.0,-1.7205863346506137e-10,0.0,-1.8532907180666507e-10,0.0,-2.2454649344415714e-10,0.0,-2.2252540548814054e-10,0.0,-3.012840356713518e-10,0.0,2.340734533042054e-09
369.9813803556156,0.0,3.8928013125386255e-09,0.0,-2.0117629336993565e-09,0.0,-1.9206094155258883e-10,0.0,-1.611798394388998e-10,0.0,-6.599711303041309e-11,0.0,-6.045205670181088e-11,0.0,-2.3167522905992908e-10,0.0,-1.0326529306784462e-10,0.0,-2.0117629336993565e-09,0.0,3.912264163561574e-09,0.0,-2.254980009709934e-10,0.0,-1.8694272967681261e-10,0.0,-7.249971134007138e-11,0.0,-6.599711303041313e-11,0.0,-2.337794203280376e-10,0.0,-1.0854367757623573e-10,0.0,-1.9206094155258894e-10,0.0,-2.2549800097099333e-10,0.0,3.95011732935248e-09,0.0,-1.9649009247676363e-09,0.0,-1.8694272967681261e-10,0.0,-1.611798394388998e-10,0.0,-1.9294945252694516e-10,0.0,-1.7913335887340237e-10,0.0,-1.6117983943889976e-10,0.0,-1.8694272967681254e-10,0.0,-1.9649009247676367e-09,0.0,3.950117329352479e-09,0.0,-2.2549800097099339e-10,0.0,-1.9206094155258878e-10,0.0,-1.7913335887340245e-10,0.0,-1.9294945252694518e-10,0.0,-6.599711303041312e-11,0.0,-7.24997113400713e-11,0.0,-1.8694272967681254e-10,0.0,-2.2549800097099339e-10,0.0,3.912264163561574e-09,0.0,-2.011762933699357e-09,0.0,-1.0854367757623577e-10,0.0,-2.337794203280376e-10,0.0,-6.045205670181088e-11,0.0,-6.59971130304132e-11,0.0,-1.6117983943889988e-10,0.0,-1.9206094155258886e-10,0.0,-2.0117629336993565e-09,0.0,3.892801312538625e-09,0.0,-1.0326529306784458e-10,0.0,-2.3167522905992908e-10,0.0,-2.3167522905992918e-10,0.0,-2.337794203280375e-10,0.0,-1.9294945252694526e-10,0.0,-1.7913335887340242e-10,0.0,-1.0854367757623572e-10,0.0,-1.0326529306784455e-10,0.0,2.4369811074893445e-09,0.0,-3.1367226507528044e-10,0.0,-1.0326529306784455e-10,0.0,-1.0854367757623577e-10,0.0,-1.7913335887340235e-10,0.0,-1.9294945252694523e-10,0.0,-2.3377942032803744e-10,0.0,-2.3167522905992908e-10,0.0,-3.1367226507528044e-10,0.0,2.4369811074893445e-09
385.19431457170947,0.0,4.052865935863866e-09,0.0,-2.094482818519852e-09,0.0,-1.9995812401758816e-10,0.0,-1.6780724942366104e-10,0.0,-6.871078942682733e-11,0.0,-6.293773087532817e-11,0.0,-2.4120127606207705e-10,0.0,-1.0751136650196385e-10,0.0,-2.094482818519852e-09,0.0,4.073129062489833e-09,0.0,-2.347700520437665e-10,0.0,-1.9462946095506468e-10,0.0,-7.548076227361343e-11,0.0,-6.871078942682729e-11,0.0,-2.433919876932076e-10,0.0,-1.130067881926485e-10,0.0,-1.9995812401758793e-10,0.0,-2.3477005204376665e-10,0.0,4.112538678825614e-09,0.0,-2.0456939324614307e-09,0.0,-1.946294609550646e-10,0.0,-1.6780724942366112e-10,0.0,-2.0088316888181243e-10,0.0,-1.8649898360248916e-10,0.0,-1.678072494236612e-10,0.0,-1.946294609550646e-10,0.0,-2.045693932461431e-09,0.0,4.112538678825613e-09,0.0,-2.3477005204376645e-10,0.0,-1.99958124017588e-10,0.0,-1.8649898360248922e-10,0.0,-2.0088316888181246e-10,0.0,-6.871078942682734e-11,0.0,-7.548076227361344e-11,0.0,-1.9462946095506462e-10,0.0,-2.347700520437666e-10,0.0,4.07312906248983e-09,0.0,-2.0944828185198514e-09,0.0,-1.1300678819264846e-10,0.0,-2.433919876932076e-10,0.0,-6.293773087532813e-11,0.0,-6.871078942682737e-11,0.0,-1.678072494236612e-10,0.0,-1.9995812401758793e-10,0.0,-2.0944828185198506e-09,0.0,4.052865935863864e-09,0.0,-1.0751136650196385e-10,0.0,-2.41201276062077e-10,0.0,-2.4120127606207705e-10,0.0,-2.433919876932077e-10,0.0,-2.0088316888181253e-10,0.0,-1.8649898360248922e-10,0.0,-1.1300678819264844e-10,0.0,-1.0751136650196388e-10,0.0,2.5371851589431357e-09,0.0,-3.265698750291024e-10,0.0,-1.0751136650196388e-10,0.0,-1.130067881926485e-10,0.0,-1.864989836024893e-10,0.0,-2.0088316888181235e-10,0.0,-2.4339198769320756e-10,0.0,-2.4120127606207705e-10,0.0,-3.265698750291024e-10,0.0,2.5371851589431357e-09
401.03277585416777,0.0,4.2195121135976845e-09,0.0,-2.180603988466989e-09,0.0,-2.0818002368110444e-10,0.0,-1.7470716596543958e-10,0.0,-7.153604706136436e-11,0.0,-6.552561126702884e-11,0.0,-2.511190160900849e-10,0.0,-1.1193203044052396e-10,0.0,-2.1806039884669877e-09,0.0,4.240608421645045e-09,0.0,-2.4442335231043927e-10,0.0,-2.0263225607728766e-10,0.0,-7.858438838027155e-11,0.0,-7.153604706136418e-11,0.0,-2.5339980563783523e-10,0.0,-1.176534134717218e-10,0.0,-2.0818002368110436e-10,0.0,-2.444233523104396e-10,0.0,4.281638486826715e-09,0.0,-2.129808995740793e-09,0.0,-2.0263225607728758e-10,0.0,-1.747071659654399e-10,0.0,-2.091431046396124e-10,0.0,-1.9416746888190008e-10,0.0,-1.747071659654398e-10,0.0,-2.0263225607728763e-10,0.0,-2.1298089957407943e-09,0.0,4.2816384868267125e-09,0.0,-2.4442335231043907e-10,0.0,-2.0818002368110444e-10,0.0,-1.941674688818998e-10,0.0,-2.0914310463961208e-10,0.0,-7.153604706136432e-11,0.0,-7.858438838027161e-11,0.0,-2.026322560772875e-10,0.0,-2.4442335231043943e-10,0.0,4.240608421645042e-09,0.0,-2.180603988466987e-09,0.0,-1.1765341347172177e-10,0.0,-2.5339980563783554e-10,0.0,-6.552561126702867e-11,0.0,-7.153604706136435e-11,0.0,-1.747071659654401e-10,0.0,-2.0818002368110413e-10,0.0,-2.180603988466987e-09,0.0,4.2195121135976845e-09,0.0,-1.1193203044052403e-10,0.0,-2.5111901609008453e-10,0.0,-2.5111901609008453e-10,0.0,-2.533998056378357e-10,0.0,-2.0914310463961244e-10,0.0,-1.9416746888189982e-10,0.0,-1.176534134717219e-10,0.0,-1.11932030440524e-10,0.0,2.6415094113689008e-09,0.0,-3.399978102970898e-10,0.0,-1.1193203044052406e-10,0.0,-1.1765341347172182e-10,0.0,-1.9416746888190008e-10,0.0,-2.0914310463961224e-10,0.0,-2.5339980563783544e-10,0.0,-2.511190160900846e-10,0.0,-3.3999781029708975e-10,0.0,2.6415094113689008e-09
417.522484692226,0.0,4.393010466802579e-09,0.0,-2.270266297948656e-09,0.0,-2.1673999229985327e-10,0.0,-1.8189079401817534e-10,0.0,-7.447747394338179e-11,0.0,-6.82199004031915e-11,0.0,-2.614445548199437e-10,0.0,-1.1653446371467648e-10,0.0,-2.2702662979486565e-09,0.0,4.414974215114683e-09,0.0,-2.544735780163973e-10,0.0,-2.1096411099063362e-10,0.0,-8.181562971920593e-11,0.0,-7.447747394338175e-11,0.0,-2.638191261177857e-10,0.0,-1.224910991891052e-10,0.0,-2.1673999229985348e-10,0.0,-2.5447357801639734e-10,0.0,4.457691358932284e-09,0.0,-2.2173827112448207e-09,0.0,-2.1096411099063351e-10,0.0,-1.8189079401817544e-10,0.0,-2.177426733248634e-10,0.0,-2.0215126776433736e-10,0.0,-1.818907940181752e-10,0.0,-2.1096411099063356e-10,0.0,-2.21738271124482e-09,0.0,4.457691358932286e-09,0.0,-2.5447357801639745e-10,0.0,-2.1673999229985327e-10,0.0,-2.0215126776433756e-10,0.0,-2.1774267332486348e-10,0.0,-7.447747394338175e-11,0.0,-8.18156297192058e-11,0.0,-2.1096411099063362e-10,0.0,-2.544735780163973e-10,0.0,4.4149742151146844e-09,0.0,-2.2702662979486565e-09,0.0,-1.2249109918910533e-10,0.0,-2.638191261177855e-10,0.0,-6.82199004031916e-11,0.0,-7.447747394338194e-11,0.0,-1.818907940181752e-10,0.0,-2.1673999229985368e-10,0.0,-2.270266297948657e-09,0.0,4.3930104668025786e-09,0.0,-1.1653446371467648e-10,0.0,-2.6144455481994377e-10,0.0,-2.614445548199437e-10,0.0,-2.638191261177855e-10,0.0,-2.1774267332486345e-10,0.0,-2.021512677643373e-10,0.0,-1.2249109918910528e-10,0.0,-1.1653446371467635e-10,0.0,2.750123279633632e-09,0.0,-3.5397787685258534e-10,0.0,-1.1653446371467635e-10,0.0,-1.2249109918910533e-10,0.0,-2.0215126776433728e-10,0.0,-2.1774267332486366e-10,0.0,-2.6381912611778545e-10,0.0,-2.614445548199437e-10,0.0,-3.539778768525854e-10,0.0,2.750123279633632e-09
434.69021915296497,0.0,4.573642743967025e-09,0.0,-2.363615351921348e-09,0.0,-2.2565193062952067e-10,0.0,-1.8936979926230973e-10,0.0,-7.753984673250007e-11,0.0,-7.102497361002332e-11,0.0,-2.721946601625658e-10,0.0,-1.2132614033552452e-10,0.0,-2.3636153519213502e-09,0.0,4.596509600046035e-09,0.0,-2.6493704998457175e-10,0.0,-2.1963855601100853e-10,0.0,-8.517973358727155e-11,0.0,-7.753984673250019e-11,0.0,-2.7466686933859223e-10,0.0,-1.2752770138846419e-10,0.0,-2.256519306295204e-10,0.0,-2.649370499845717e-10,0.0,4.640983191980494e-09,0.0,-2.308557292207917e-09,0.0,-2.1963855601100858e-10,0.0,-1.893697992623093e-10,0.0,-2.2669584000082874e-10,0.0,-2.1046334534846542e-10,0.0,-1.893697992623097e-10,0.0,-2.1963855601100866e-10,0.0,-2.308557292207916e-09,0.0,4.640983191980495e-09,0.0,-2.649370499845719e-10,0.0,-2.256519306295206e-10,0.0,-2.104633453484658e-10,0.0,-2.2669584000082918e-10,0.0,-7.753984673250019e-11,0.0,-8.517973358727158e-11,0.0,-2.196385560110088e-10,0.0,-2.649370499845717e-10,0.0,4.596509600046037e-09,0.0,-2.3636153519213502e-09,0.0,-1.275277013884641e-10,0.0,-2.7466686933859203e-10,0.0,-7.102497361002346e-11,0.0,-7.753984673250015e-11,0.0,-1.893697992623093e-10,0.0,-2.2565193062952072e-10,0.0,-2.3636153519213494e-09,0.0,4.573642743967023e-09,0.0,-1.2132614033552455e-10,0.0,-2.7219466016256616e-10,0.0,-2.7219466016256627e-10,0.0,-2.7466686933859203e-10,0.0,-2.266958400008288e-10,0.0,-2.104633453484658e-10,0.0,-1.275277013884639e-10,0.0,-1.2132614033552457e-10,0.0,2.863203144623058e-09,0.0,-3.685327772892911e-10,0.0,-1.2132614033552447e-10,0.0,-1.2752770138846408e-10,0.0,-2.1046334534846568e-10,0.0,-2.266958400008289e-10,0.0,-2.74666869338592e-10,0.0,-2.7219466016256627e-10,0.0,-3.685327772892912e-10,0.0,2.8632031446230584e-09
452.5638583669095,0.0,4.761702278544163e-09,0.0,-2.4608027423418304e-09,0.0,-2.3493031099855953e-10,0.0,-1.9715632704898719e-10,0.0,-8.072813849554438e-11,0.0,-7.394538611886527e-11,0.0,-2.8338678949362904e-10,0.0,-1.263148416313649e-10,0.0,-2.4608027423418288e-09,0.0,4.7855093764724445e-09,0.0,-2.758307601192476e-10,0.0,-2.2866967779530403e-10,0.0,-8.868216304024023e-11,0.0,-8.072813849554427e-11,0.0,-2.859606512326213e-10,0.0,-1.3277139913911217e-10,0.0,-2.349303109985593e-10,0.0,-2.7583076011924754e-10,0.0,4.831811638346459e-09,0.0,-2.403480799403566e-09,0.0,-2.2866967779530416e-10,0.0,-1.9715632704898706e-10,0.0,-2.360171439477461e-10,0.0,-2.191171998332721e-10,0.0,-1.9715632704898732e-10,0.0,-2.286696777953041e-10,0.0,-2.4034807994035667e-09,0.0,4.831811638346456e-09,0.0,-2.7583076011924723e-10,0.0,-2.349303109985597e-10,0.0,-2.1911719983327162e-10,0.0,-2.360171439477459e-10,0.0,-8.072813849554438e-11,0.0,-8.868216304024046e-11,0.0,-2.2866967779530382e-10,0.0,-2.7583076011924764e-10,0.0,4.785509376472441e-09,0.0,-2.460802742341828e-09,0.0,-1.327713991391119e-10,0.0,-2.859606512326216e-10,0.0,-7.394538611886509e-11,0.0,-8.072813849554422e-11,0.0,-1.9715632704898765e-10,0.0,-2.3493031099855907e-10,0.0,-2.460802742341827e-09,0.0,4.7617022785441626e-09,0.0,-1.26314841631365e-10,0.0,-2.8338678949362873e-10,0.0,-2.8338678949362894e-10,0.0,-2.8596065123262186e-10,0.0,-2.3601714394774605e-10,0.0,-2.1911719983327187e-10,0.0,-1.327713991391121e-10,0.0,-1.2631484163136504e-10,0.0,2.9809326396711516e-09,0.0,-3.836861476886002e-10,0.0,-1.26314841631365e-10,0.0,-1.3277139913911207e-10,0.0,-2.1911719983327216e-10,0.0,-2.3601714394774585e-10,0.0,-2.859606512326216e-10,0.0,-2.8338678949362894e-10,0.0,-3.8368614768860007e-10,0.0,2.9809326396711524e-09
471.17242780167385,0.0,4.957494465303643e-09,0.0,-2.561986294341249e-09,0.0,-2.4459020081018277e-10,0.0,-2.0526302212320982e-10,0.0,-8.4047526782436e-11,0.0,-7.698588046355003e-11,0.0,-2.9503911800306043e-10,0.0,-1.3150866888398853e-10,0.0,-2.5619862943412486e-09,0.0,4.982280466046737e-09,0.0,-2.871723989996582e-10,0.0,-2.3807214221708574e-10,0.0,-9.232860576439946e-11,0.0,-8.404752678243605e-11,0.0,-2.9771881206604514e-10,0.0,-1.382307078182154e-10,0.0,-2.445902008101826e-10,0.0,-2.8717239899965827e-10,0.0,5.0304865893076895e-09,0.0,-2.5023073815840733e-09,0.0,-2.380721422170858e-10,0.0,-2.0526302212320984e-10,0.0,-2.4572172227354274e-10,0.0,-2.2812688443814116e-10,0.0,-2.0526302212320982e-10,0.0,-2.3807214221708564e-10,0.0,-2.5023073815840725e-09,0.0,5.030486589307691e-09,0.0,-2.871723989996583e-10,0.0,-2.445902008101826e-10,0.0,-2.281268844381415e-10,0.0,-2.45721722273543e-10,0.0,-8.404752678243603e-11,0.0,-9.232860576439942e-11,0.0,-2.3807214221708584e-10,0.0,-2.8717239899965817e-10,0.0,4.982280466046735e-09,0.0,-2.5619862943412486e-09,0.0,-1.3823070781821534e-10,0.0,-2.97718812066045e-10,0.0,-7.698588046355009e-11,0.0,-8.404752678243605e-11,0.0,-2.052630221232095e-10,0.0,-2.445902008101829e-10,0.0,-2.5619862943412486e-09,0.0,4.957494465303643e-09,0.0,-1.315086688839886e-10,0.0,-2.950391180030605e-10,0.0,-2.9503911800306053e-10,0.0,-2.97718812066045e-10,0.0,-2.4572172227354274e-10,0.0,-2.2812688443814131e-10,0.0,-1.3823070781821534e-10,0.0,-1.315086688839885e-10,0.0,3.1035029487670765e-09,0.0,-3.9946259600284473e-10,0.0,-1.3150866888398848e-10,0.0,-1.382307078182154e-10,0.0,-2.2812688443814131e-10,0.0,-2.4572172227354274e-10,0.0,-2.9771881206604504e-10,0.0,-2.9503911800306043e-10,0.0,-3.994625960028447e-10,0.0,3.1035029487670765e-09
490.5461463971736,0.0,5.161337256270111e-09,0.0,-2.667330322521494e-09,0.0,-2.546472870107102e-10,0.0,-2.1370304915796396e-10,0.0,-8.75034020341517e-11,0.0,-8.015139418192809e-11,0.0,-3.0717056821020583e-10,0.0,-1.3691605648456266e-10,0.0,-2.6673303225214933e-09,0.0,5.187142410459312e-09,0.0,-2.989803846081789e-10,0.0,-2.4786121818288687e-10,0.0,-9.612498331293295e-11,0.0,-8.750340203415165e-11,0.0,-3.099604462220694e-10,0.0,-1.4391449293913525e-10,0.0,-2.5464728701071037e-10,0.0,-2.9898038460817896e-10,0.0,5.237330678284611e-09,0.0,-2.6051975258067225e-09,0.0,-2.47861218182887e-10,0.0,-2.1370304915796368e-10,0.0,-2.558253344953788e-10,0.0,-2.37507030224246e-10,0.0,-2.1370304915796368e-10,0.0,-2.4786121818288713e-10,0.0,-2.605197525806725e-09,0.0,5.237330678284611e-09,0.0,-2.9898038460817875e-10,0.0,-2.546472870107107e-10,0.0,-2.3750703022424576e-10,0.0,-2.5582533449537856e-10,0.0,-8.75034020341518e-11,0.0,-9.612498331293308e-11,0.0,-2.47861218182887e-10,0.0,-2.989803846081788e-10,0.0,5.187142410459311e-09,0.0,-2.6673303225214937e-09,0.0,-1.4391449293913522e-10,0.0,-3.099604462220695e-10,0.0,-8.015139418192783e-11,0.0,-8.750340203415165e-11,0.0,-2.1370304915796399e-10,0.0,-2.5464728701070996e-10,0.0,-2.6673303225214937e-09,0.0,5.161337256270111e-09,0.0,-1.369160564845626e-10,0.0,-3.0717056821020567e-10,0.0,-3.071705682102058e-10,0.0,-3.0996044622206966e-10,0.0,-2.5582533449537866e-10,0.0,-2.375070302242459e-10,0.0,-1.4391449293913522e-10,0.0,-1.369160564845627e-10,0.0,3.2311131170238334e-09,0.0,-4.158877420167884e-10,0.0,-1.369160564845627e-10,0.0,-1.4391449293913522e-10,0.0,-2.375070302242462e-10,0.0,-2.558253344953786e-10,0.0,-3.0996044622206966e-10,0.0,-3.071705682102057e-10,0.0,-4.1588774201678835e-10,0.0,3.2311131170238342e-09
510.7164756389469,0.0,5.373561677053777e-09,0.0,-2.7770058977899277e-09,0.0,-2.6511790156400825e-10,0.0,-2.22490114132677e-10,0.0,-9.110137633640051e-11,0.0,-8.344706783406065e-11,0.0,-3.198008406925954e-10,0.0,-1.425457856304581e-10,0.0,-2.7770058977899298e-09,0.0,5.400427890350162e-09,0.0,-3.112738922397656e-10,0.0,-2.580528024277826e-10,0.0,-1.0007746072208576e-10,0.0,-9.11013763364009e-11,0.0,-3.2270543320880707e-10,0.0,-1.498319845483649e-10,0.0,-2.6511790156400784e-10,0.0,-3.1127389223976523e-10,0.0,5.452679804773339e-09,0.0,-2.7123183180529053e-09,0.0,-2.5805280242778277e-10,0.0,-2.2249011413267688e-10,0.0,-2.663443881319365e-10,0.0,-2.472728698543063e-10,0.0,-2.2249011413267693e-10,0.0,-2.5805280242778277e-10,0.0,-2.7123183180529037e-09,0.0,5.452679804773339e-09,0.0,-3.112738922397657e-10,0.0,-2.6511790156400763e-10,0.0,-2.4727286985430675e-10,0.0,-2.663443881319369e-10,0.0,-9.110137633640038e-11,0.0,-1.0007746072208574e-10,0.0,-2.580528024277834e-10,0.0,-3.112738922397654e-10,0.0,5.400427890350165e-09,0.0,-2.7770058977899294e-09,0.0,-1.4983198454836493e-10,0.0,-3.2270543320880707e-10,0.0,-8.344706783406118e-11,0.0,-9.110137633640042e-11,0.0,-2.2249011413267654e-10,0.0,-2.6511790156400835e-10,0.0,-2.77700589778993e-09,0.0,5.373561677053776e-09,0.0,-1.4254578563045825e-10,0.0,-3.198008406925953e-10,0.0,-3.198008406925952e-10,0.0,-3.2270543320880687e-10,0.0,-2.663443881319369e-10,0.0,-2.4727286985430643e-10,0.0,-1.4983198454836483e-10,0.0,-1.4254578563045796e-10,0.0,3.363970373912805e-09,0.0,-4.329882589522623e-10,0.0,-1.4254578563045794e-10,0.0,-1.4983198454836493e-10,0.0,-2.472728698543064e-10,0.0,-2.6634438813193687e-10,0.0,-3.2270543320880697e-10,0.0,-3.198008406925953e-10,0.0,-4.3298825895226246e-10,0.0,3.363970373912804e-09
531.7161706492817,0.0,5.594512364411527e-09,0.0,-2.891191125165906e-09,0.0,-2.7601904797339044e-10,0.0,-2.3163848659071336e-10,0.0,-9.484729253323463e-11,0.0,-8.68782533501144e-11,0.0,-3.329504460782274e-10,0.0,-1.4840699858526458e-10,0.0,-2.8911911251659057e-09,0.0,5.622483265557667e-09,0.0,-3.240728856412159e-10,0.0,-2.6866344533051327e-10,0.0,-1.0419245652272728e-10,0.0,-9.48472925332345e-11,0.0,-3.359744699421234e-10,0.0,-1.5599279221444314e-10,0.0,-2.760190479733906e-10,0.0,-3.2407288564121576e-10,0.0,5.676883679821613e-09,0.0,-2.823843714563359e-09,0.0,-2.68663445330513e-10,0.0,-2.3163848659071354e-10,0.0,-2.7729596534801787e-10,0.0,-2.57440262329308e-10,0.0,-2.316384865907139e-10,0.0,-2.6866344533051296e-10,0.0,-2.8238437145633576e-09,0.0,5.67688367982162e-09,0.0,-3.2407288564121565e-10,0.0,-2.760190479733909e-10,0.0,-2.5744026232930774e-10,0.0,-2.772959653480179e-10,0.0,-9.484729253323472e-11,0.0,-1.041924565227269e-10,0.0,-2.6866344533051296e-10,0.0,-3.24072885641216e-10,0.0,5.6224832655576634e-09,0.0,-2.8911911251659053e-09,0.0,-1.5599279221444299e-10,0.0,-3.3597446994212283e-10,0.0,-8.68782533501144e-11,0.0,-9.484729253323497e-11,0.0,-2.316384865907134e-10,0.0,-2.7601904797339075e-10,0.0,-2.891191125165904e-09,0.0,5.59451236441153e-09,0.0,-1.4840699858526473e-10,0.0,-3.329504460782279e-10,0.0,-3.3295044607822806e-10,0.0,-3.35974469942123e-10,0.0,-2.7729596534801777e-10,0.0,-2.574402623293079e-10,0.0,-1.5599279221444324e-10,0.0,-1.4840699858526473e-10,0.0,3.5022904697890765e-09,0.0,-4.5079191678350397e-10,0.0,-1.4840699858526466e-10,0.0,-1.559927922144431e-10,0.0,-2.574402623293074e-10,0.0,-2.772959653480179e-10,0.0,-3.3597446994212293e-10,0.0,-3.329504460782278e-10,0.0,-4.507919167835038e-10,0.0,3.502290469789078e-09
553.5793333791087,0.0,5.8245481259115004e-09,0.0,-3.0100714330101174e-09,0.0,-2.8736842889405254e-10,0.0,-2.411630228120576e-10,0.0,-9.874723371539877e-11,0.0,-9.045052272149172e-11,0.0,-3.4664073835331133e-10,0.0,-1.5450921352515063e-10,0.0,-3.010071433010118e-09,0.0,5.85366913758129e-09,0.0,-3.3739814943081746e-10,0.0,-2.797103777900699e-10,0.0,-1.0847665316356859e-10,0.0,-9.874723371539884e-11,0.0,-3.497891043558975e-10,0.0,-1.624069206331816e-10,0.0,-2.873684288940523e-10,0.0,-3.373981494308175e-10,0.0,5.910306393933702e-09,0.0,-2.9399548243302636e-09,0.0,-2.7971037779006994e-10,0.0,-2.411630228120575e-10,0.0,-2.8869785069471553e-10,0.0,-2.6802571874234474e-10,0.0,-2.411630228120574e-10,0.0,-2.797103777900699e-10,0.0,-2.9399548243302636e-09,0.0,5.910306393933697e-09,0.0,-3.3739814943081766e-10,0.0,-2.873684288940522e-10,0.0,-2.680257187423449e-10,0.0,-2.886978506947155e-10,0.0,-9.874723371539868e-11,0.0,-1.0847665316356875e-10,0.0,-2.7971037779007e-10,0.0,-3.373981494308173e-10,0.0,5.853669137581292e-09,0.0,-3.010071433010118e-09,0.0,-1.6240692063318188e-10,0.0,-3.4978910435589765e-10,0.0,-9.045052272149181e-11,0.0,-9.87472337153986e-11,0.0,-2.4116302281205776e-10,0.0,-2.873684288940524e-10,0.0,-3.0100714330101186e-09,0.0,5.824548125911498e-09,0.0,-1.5450921352515034e-10,0.0,-3.466407383533111e-10,0.0,-3.466407383533111e-10,0.0,-3.4978910435589745e-10,0.0,-2.886978506947157e-10,0.0,-2.680257187423448e-10,0.0,-1.6240692063318168e-10,0.0,-1.5450921352515034e-10,0.0,3.6462980262540582e-09,0.0,-4.693276273335392e-10,0.0,-1.5450921352515037e-10,0.0,-1.6240692063318183e-10,0.0,-2.68025718742345e-10,0.0,-2.886978506947156e-10,0.0,-3.4978910435589755e-10,0.0,-3.4664073835331123e-10,0.0,-4.693276273335393e-10,0.0,3.646298026254057e-09
576.3414679870473,0.0,6.0640425226100515e-09,0.0,-3.1338398741465704e-09,0.0,-2.991844748808677e-10,0.0,-2.510791899388137e-10,0.0,-1.0280753309881544e-10,0.0,-9.416967704934162e-11,0.0,-3.608939495395563e-10,0.0,-1.6086233999567478e-10,0.0,-3.133839874146569e-09,0.0,6.094360935171778e-09,0.0,-3.512713228510294e-10,0.0,-2.9121153920740707e-10,0.0,-1.1293700786296805e-10,0.0,-1.0280753309881539e-10,0.0,-3.641717703942748e-10,0.0,-1.6908478587455215e-10,0.0,-2.9918447488086803e-10,0.0,-3.512713228510291e-10,0.0,6.153327008326372e-09,0.0,-3.06084020320483e-09,0.0,-2.9121153920740707e-10,0.0,-2.510791899388138e-10,0.0,-3.005685599902077e-10,0.0,-2.790464290914157e-10,0.0,-2.5107918993881385e-10,0.0,-2.912115392074073e-10,0.0,-3.0608402032048315e-09,0.0,6.153327008326377e-09,0.0,-3.512713228510292e-10,0.0,-2.991844748808682e-10,0.0,-2.7904642909141536e-10,0.0,-3.0056855999020745e-10,0.0,-1.0280753309881565e-10,0.0,-1.1293700786296775e-10,0.0,-2.9121153920740723e-10,0.0,-3.5127132285102936e-10,0.0,6.094360935171777e-09,0.0,-3.1338398741465688e-09,0.0,-1.6908478587455192e-10,0.0,-3.641717703942747e-10,0.0,-9.416967704934142e-11,0.0,-1.0280753309881572e-10,0.0,-2.510791899388135e-10,0.0,-2.991844748808679e-10,0.0,-3.1338398741465675e-09,0.0,6.0640425226100515e-09,0.0,-1.6086233999567507e-10,0.0,-3.6089394953955653e-10,0.0,-3.608939495395566e-10,0.0,-3.6417177039427494e-10,0.0,-3.0056855999020734e-10,0.0,-2.7904642909141546e-10,0.0,-1.6908478587455218e-10,0.0,-1.6086233999567502e-10,0.0,3.796226900924341e-09,0.0,-4.886254912248462e-10,0.0,-1.60862339995675e-10,0.0,-1.6908478587455212e-10,0.0,-2.7904642909141525e-10,0.0,-3.0056855999020765e-10,0.0,-3.641717703942749e-10,0.0,-3.6089394953955637e-10,0.0,-4.886254912248461e-10,0.0,3.796226900924343e-09
600.0395384955322,0.0,6.313384475687236e-09,0.0,-3.262697439366038e-09,0.0,-3.11486374318252e-10,0.0,-2.614030910926989e-10,0.0,-1.070347843092626e-10,0.0,-9.804175596511143e-11,0.0,-3.7573322579733583e-10,0.0,-1.6747669500415946e-10,0.0,-3.2626974393660394e-09,0.0,6.344949523999646e-09,0.0,-3.6571493490901074e-10,0.0,-3.031856066176952e-10,0.0,-1.1758076390693533e-10,0.0,-1.0703478430926264e-10,0.0,-3.7914582444272836e-10,0.0,-1.7603723229761098e-10,0.0,-3.114863743182519e-10,0.0,-3.6571493490901074e-10,0.0,6.4063401704963424e-09,0.0,-3.1866961600980507e-09,0.0,-3.0318560661769554e-10,0.0,-2.6140309109269883e-10,0.0,-3.129273703880772e-10,0.0,-2.905202901947048e-10,0.0,-2.614030910926987e-10,0.0,-3.031856066176954e-10,0.0,-3.1866961600980515e-09,0.0,6.406340170496338e-09,0.0,-3.657149349090106e-10,0.0,-3.114863743182514e-10,0.0,-2.9052029019470466e-10,0.0,-3.1292737038807705e-10,0.0,-1.0703478430926253e-10,0.0,-1.175807639069356e-10,0.0,-3.031856066176954e-10,0.0,-3.6571493490901074e-10,0.0,6.344949523999651e-09,0.0,-3.2626974393660385e-09,0.0,-1.7603723229761118e-10,0.0,-3.7914582444272893e-10,0.0,-9.804175596511143e-11,0.0,-1.0703478430926232e-10,0.0,-2.614030910926989e-10,0.0,-3.1148637431825166e-10,0.0,-3.2626974393660394e-09,0.0,6.313384475687235e-09,0.0,-1.6747669500415944e-10,0.0,-3.757332257973358e-10,0.0,-3.757332257973358e-10,0.0,-3.7914582444272867e-10,0.0,-3.129273703880772e-10,0.0,-2.9052029019470466e-10,0.0,-1.7603723229761113e-10,0.0,-1.6747669500415933e-10,0.0,3.952320567199165e-09,0.0,-5.087168467605367e-10,0.0,-1.674766950041596e-10,0.0,-1.760372322976112e-10,0.0,-2.90520290194705e-10,0.0,-3.12927370388077e-10,0.0,-3.791458244427287e-10,0.0,-3.75733225797336e-10,0.0,-5.087168467605366e-10,0.0,3.952320567199165e-09
624.7120288176508,0.0,6.57297889802607e-09,0.0,-3.3968533838202882e-09,0.0,-3.242941045806735e-10,0.0,-2.7215149152532193e-10,0.0,-1.1143585208993188e-10,0.0,-1.0207304743846621e-10,0.0,-3.911826650133355e-10,0.0,-1.7436301977374154e-10,0.0,-3.396853383820289e-09,0.0,6.605841841392123e-09,0.0,-3.8075244096206246e-10,0.0,-3.1565202502045e-10,0.0,-1.2241546241169532e-10,0.0,-1.1143585208993183e-10,0.0,-3.947355832571053e-10,0.0,-1.8327555016093953e-10,0.0,-3.2429410458067367e-10,0.0,-3.807524409620622e-10,0.0,6.669756755098534e-09,0.0,-3.317727075771847e-09,0.0,-3.1565202502044947e-10,0.0,-2.7215149152532235e-10,0.0,-3.2579435168198286e-10,0.0,-3.0246593475369485e-10,0.0,-2.7215149152532224e-10,0.0,-3.1565202502044963e-10,0.0,-3.3177270757718465e-09,0.0,6.669756755098538e-09,0.0,-3.807524409620623e-10,0.0,-3.2429410458067367e-10,0.0,-3.0246593475369475e-10,0.0,-3.2579435168198307e-10,0.0,-1.114358520899319e-10,0.0,-1.2241546241169516e-10,0.0,-3.156520250204499e-10,0.0,-3.8075244096206246e-10,0.0,6.605841841392122e-09,0.0,-3.3968533838202887e-09,0.0,-1.8327555016093933e-10,0.0,-3.9473558325710465e-10,0.0,-1.0207304743846616e-10,0.0,-1.1143585208993218e-10,0.0,-2.7215149152532193e-10,0.0,-3.242941045806736e-10,0.0,-3.396853383820287e-09,0.0,6.572978898026069e-09,0.0,-1.7436301977374182e-10,0.0,-3.911826650133355e-10,0.0,-3.9118266501333577e-10,0.0,-3.9473558325710486e-10,0.0,-3.2579435168198276e-10,0.0,-3.024659347536948e-10,0.0,-1.8327555016093927e-10,0.0,-1.7436301977374174e-10,0.0,4.114832509643203e-09,0.0,-5.296343208154425e-10,0.0,-1.7436301977374174e-10,0.0,-1.8327555016093927e-10,0.0,-3.0246593475369475e-10,0.0,-3.25794351681983e-10,0.0,-3.9473558325710486e-10,0.0,-3.9118266501333557e-10,0.0,-5.296343208154428e-10,0.0,4.114832509643202e-09
650.3990052521697,0.0,6.843247351761043e-09,0.0,-3.5365255668369167e-09,0.0,-3.3762846447443636e-10,0.0,-2.833418458437124e-10,0.0,-1.1601788344926423e-10,0.0,-1.0627009798848321e-10,0.0,-4.072673559337387e-10,0.0,-1.8153249718632903e-10,0.0,-3.5365255668369154e-09,0.0,6.877461557169247e-09,0.0,-3.9640826080738937e-10,0.0,-3.2863103895676556e-10,0.0,-1.2744895456990026e-10,0.0,-1.1601788344926427e-10,0.0,-4.1096636345223167e-10,0.0,-1.9081149395718346e-10,0.0,-3.3762846447443615e-10,0.0,-3.964082608073896e-10,0.0,6.944004531176173e-09,0.0,-3.454145734738302e-09,0.0,-3.286310389567654e-10,0.0,-2.833418458437127e-10,0.0,-3.3919039889751876e-10,0.0,-3.1490276161129113e-10,0.0,-2.833418458437128e-10,0.0,-3.286310389567654e-10,0.0,-3.4541457347383022e-09,0.0,6.9440045311761716e-09,0.0,-3.9640826080738937e-10,0.0,-3.3762846447443615e-10,0.0,-3.149027616112912e-10,0.0,-3.3919039889751876e-10,0.0,-1.1601788344926402e-10,0.0,-1.2744895456990034e-10,0.0,-3.286310389567652e-10,0.0,-3.9640826080738947e-10,0.0,6.877461557169247e-09,0.0,-3.5365255668369162e-09,0.0,-1.9081149395718336e-10,0.0,-4.1096636345223223e-10,0.0,-1.0627009798848327e-10,0.0,-1.1601788344926405e-10,0.0,-2.833418458437129e-10,0.0,-3.376284644744361e-10,0.0,-3.5365255668369167e-09,0.0,6.8432473517610434e-09,0.0,-1.8153249718632888e-10,0.0,-4.072673559337388e-10,0.0,-4.072673559337387e-10,0.0,-4.1096636345223213e-10,0.0,-3.391903988975188e-10,0.0,-3.1490276161129097e-10,0.0,-1.9081149395718346e-10,0.0,-1.815324971863289e-10,0.0,4.284026635626725e-09,0.0,-5.514118818197461e-10,0.0,-1.81532497186329e-10,0.0,-1.908114939571837e-10,0.0,-3.149027616112911e-10,0.0,-3.391903988975186e-10,0.0,-4.109663634522321e-10,0.0,-4.0726735593373873e-10,0.0,-5.514118818197459e-10,0.0,4.284026635626728e-09
677.1421815482412,0.0,7.124628732863886e-09,0.0,-3.681940805706807e-09,0.0,-3.5151110801339893e-10,0.0,-2.9499232635531005e-10,0.0,-1.2078831926716302e-10,0.0,-1.106397233147165e-10,0.0,-4.2401341890649494e-10,0.0,-1.889967699427699e-10,0.0,-3.681940805706807e-09,0.0,7.160249761652309e-09,0.0,-4.127078183380486e-10,0.0,-3.421437253849594e-10,0.0,-1.3268941440038754e-10,0.0,-1.207883192671631e-10,0.0,-4.278645226142332e-10,0.0,-1.9865730150148523e-10,0.0,-3.5151110801339873e-10,0.0,-4.127078183380486e-10,0.0,7.2295288568260305e-09,0.0,-3.5961736708059696e-09,0.0,-3.421437253849594e-10,0.0,-2.9499232635530984e-10,0.0,-3.5313726622419024e-10,0.0,-3.2785096725411113e-10,0.0,-2.9499232635531015e-10,0.0,-3.4214372538495964e-10,0.0,-3.5961736708059696e-09,0.0,7.2295288568260305e-09,0.0,-4.127078183380486e-10,0.0,-3.5151110801339904e-10,0.0,-3.278509672541108e-10,0.0,-3.531372662241901e-10,0.0,-1.2078831926716313e-10,0.0,-1.326894144003876e-10,0.0,-3.421437253849597e-10,0.0,-4.127078183380485e-10,0.0,7.160249761652309e-09,0.0,-3.681940805706807e-09,0.0,-1.9865730150148505e-10,0.0,-4.278645226142333e-10,0.0,-1.106397233147165e-10,0.0,-1.207883192671631e-10,0.0,-2.9499232635531005e-10,0.0,-3.5151110801339893e-10,0.0,-3.6819408057068068e-09,0.0,7.124628732863884e-09,0.0,-1.8899676994277001e-10,0.0,-4.2401341890649494e-10,0.0,-4.2401341890649494e-10,0.0,-4.278645226142333e-10,0.0,-3.5313726622419044e-10,0.0,-3.2785096725411103e-10,0.0,-1.9865730150148523e-10,0.0,-1.8899676994276994e-10,0.0,4.4601777038916775e-09,0.0,-5.740848949211986e-10,0.0,-1.889967699427699e-10,0.0,-1.9865730150148518e-10,0.0,-3.2785096725411087e-10,0.0,-3.531372662241903e-10,0.0,-4.278645226142333e-10,0.0,-4.240134189064949e-10,0.0,-5.740848949211985e-10,0.0,4.460177703891679e-09
704.9849866454446,0.0,7.417579983878121e-09,0.0,-3.833335244018623e-09,0.0,-3.6596457958349324e-10,0.0,-3.071218525784472e-10,0.0,-1.257549063784326e-10,0.0,-1.1518901936538746e-10,0.0,-4.4144804829883236e-10,0.0,-1.9676795946974023e-10,0.0,-3.833335244018624e-09,0.0,7.454665681961916e-09,0.0,-4.2967758282946624e-10,0.0,-3.562120279079885e-10,0.0,-1.3814535202218045e-10,0.0,-1.2575490637843266e-10,0.0,-4.4545750210329423e-10,0.0,-2.068257138047853e-10,0.0,-3.659645795834937e-10,0.0,-4.2967758282946593e-10,0.0,7.526793402427041e-09,0.0,-3.744041526834387e-09,0.0,-3.562120279079887e-10,0.0,-3.071218525784468e-10,0.0,-3.676576023426084e-10,0.0,-3.413315786100812e-10,0.0,-3.071218525784469e-10,0.0,-3.562120279079883e-10,0.0,-3.744041526834388e-09,0.0,7.52679340242704e-09,0.0,-4.296775828294658e-10,0.0,-3.65964579583493e-10,0.0,-3.4133157861008144e-10,0.0,-3.676576023426087e-10,0.0,-1.2575490637843245e-10,0.0,-1.3814535202218063e-10,0.0,-3.5621202790798873e-10,0.0,-4.29677582829466e-10,0.0,7.454665681961916e-09,0.0,-3.833335244018624e-09,0.0,-2.068257138047856e-10,0.0,-4.4545750210329423e-10,0.0,-1.1518901936538765e-10,0.0,-1.2575490637843237e-10,0.0,-3.0712185257844707e-10,0.0,-3.6596457958349277e-10,0.0,-3.833335244018624e-09,0.0,7.417579983878119e-09,0.0,-1.9676795946974005e-10,0.0,-4.414480482988322e-10,0.0,-4.414480482988323e-10,0.0,-4.454575021032941e-10,0.0,-3.6765760234260833e-10,0.0,-3.4133157861008124e-10,0.0,-2.0682571380478532e-10,0.0,-1.9676795946974023e-10,0.0,4.643571770739516e-09,0.0,-5.976901794155019e-10,0.0,-1.967679594697403e-10,0.0,-2.0682571380478542e-10,0.0,-3.413315786100815e-10,0.0,-3.676576023426082e-10,0.0,-4.454575021032939e-10,0.0,-4.414480482988322e-10,0.0,-5.976901794155019e-10,0.0,4.643571770739515e-09
733.9726351991704,0.0,7.722576835959948e-09,0.0,-3.990954735138522e-09,0.0,-3.8101235055313747e-10,0.0,-3.1975012196624696e-10,0.0,-1.3092571015306393e-10,0.0,-1.199253738606805e-10,0.0,-4.595995566588966e-10,0.0,-2.0485868560404178e-10,0.0,-3.990954735138522e-09,0.0,7.761187427768845e-09,0.0,-4.473451119235842e-10,0.0,-3.7085879240823723e-10,0.0,-1.4382562747429262e-10,0.0,-1.3092571015306388e-10,0.0,-4.6377387161640156e-10,0.0,-2.153299957642847e-10,0.0,-3.8101235055313747e-10,0.0,-4.4734511192358426e-10,0.0,7.836280903606678e-09,0.0,-3.8979894292810186e-09,0.0,-3.708587924082372e-10,0.0,-3.1975012196624706e-10,0.0,-3.827749872042708e-10,0.0,-3.553664871946151e-10,0.0,-3.1975012196624696e-10,0.0,-3.7085879240823723e-10,0.0,-3.8979894292810186e-09,0.0,7.836280903606681e-09,0.0,-4.473451119235845e-10,0.0,-3.810123505531372e-10,0.0,-3.5536648719461474e-10,0.0,-3.8277498720427047e-10,0.0,-1.3092571015306396e-10,0.0,-1.4382562747429257e-10,0.0,-3.70858792408237e-10,0.0,-4.4734511192358457e-10,0.0,7.761187427768843e-09,0.0,-3.990954735138521e-09,0.0,-2.1532999576428449e-10,0.0,-4.6377387161640125e-10,0.0,-1.1992537386068048e-10,0.0,-1.3092571015306396e-10,0.0,-3.1975012196624706e-10,0.0,-3.8101235055313747e-10,0.0,-3.990954735138522e-09,0.0,7.722576835959946e-09,0.0,-2.048586856040421e-10,0.0,-4.5959955665889674e-10,0.0,-4.5959955665889663e-10,0.0,-4.6377387161640104e-10,0.0,-3.827749872042708e-10,0.0,-3.553664871946151e-10,0.0,-2.153299957642846e-10,0.0,-2.048586856040419e-10,0.0,4.8345066545654834e-09,0.0,-6.222660685381216e-10,0.0,-2.0485868560404194e-10,0.0,-2.1532999576428464e-10,0.0,-3.5536648719461495e-10,0.0,-3.8277498720427083e-10,0.0,-4.6377387161640146e-10,0.0,-4.5959955665889694e-10,0.0,-6.222660685381216e-10,0.0,4.834506654565483e-09
764.1522010058766,0.0,8.040114581430463e-09,0.0,-4.1550552414578275e-09,0.0,-3.9667885738900306e-10,0.0,-3.3289764189383104e-10,0.0,-1.3630912759379989e-10,0.0,-1.2485647828985313e-10,0.0,-4.784974206932367e-10,0.0,-2.1328208708628485e-10,0.0,-4.1550552414578275e-09,0.0,8.080312767708757e-09,0.0,-4.657390963804335e-10,0.0,-3.861078041475411e-10,0.0,-1.4973946510377507e-10,0.0,-1.3630912759379994e-10,0.0,-4.828433755824178e-10,0.0,-2.241839577046538e-10,0.0,-3.9667885738900296e-10,0.0,-4.657390963804335e-10,0.0,8.1584939451679e-09,0.0,-4.058267378148835e-09,0.0,-3.8610780414754077e-10,0.0,-3.328976418938312e-10,0.0,-3.9851397032365856e-10,0.0,-3.699784846608115e-10,0.0,-3.3289764189383114e-10,0.0,-3.861078041475412e-10,0.0,-4.058267378148835e-09,0.0,8.158493945167899e-09,0.0,-4.657390963804332e-10,0.0,-3.9667885738900296e-10,0.0,-3.6997848466081156e-10,0.0,-3.985139703236585e-10,0.0,-1.3630912759380007e-10,0.0,-1.49739465103775e-10,0.0,-3.861078041475413e-10,0.0,-4.65739096380433e-10,0.0,8.080312767708756e-09,0.0,-4.155055241457829e-09,0.0,-2.2418395770465376e-10,0.0,-4.828433755824177e-10,0.0,-1.2485647828985297e-10,0.0,-1.3630912759379996e-10,0.0,-3.328976418938312e-10,0.0,-3.966788573890032e-10,0.0,-4.155055241457827e-09,0.0,8.040114581430463e-09,0.0,-2.1328208708628495e-10,0.0,-4.784974206932368e-10,0.0,-4.78497420693237e-10,0.0,-4.828433755824177e-10,0.0,-3.9851397032365867e-10,0.0,-3.699784846608115e-10,0.0,-2.2418395770465376e-10,0.0,-2.1328208708628503e-10,0.0,5.033292419493661e-09,0.0,-6.478524717146248e-10,0.0,-2.13282087086285e-10,0.0,-2.241839577046538e-10,0.0,-3.6997848466081166e-10,0.0,-3.985139703236585e-10,0.0,-4.828433755824177e-10,0.0,-4.784974206932367e-10,0.0,-6.478524717146248e-10,0.0,5.033292419493661e-09
795.5726934474478,0.0,8.370708878093702e-09,0.0,-4.325903250057012e-09,0.0,-4.129895413390274e-10,0.0,-3.4658576296077763e-10,0.0,-1.419139009722451e-10,0.0,-1.299903404016465e-10,0.0,-4.981723291347915e-10,0.0,-2.2205184289722907e-10,0.0,-4.325903250057011e-09,0.0,8.412559937721652e-09,0.0,-4.848894066698007e-10,0.0,-4.019838263926907e-10,0.0,-1.5589646854537334e-10,0.0,-1.419139009722452e-10,0.0,-5.026969814648316e-10,0.0,-2.3340197780497995e-10,0.0,-4.1298954133902783e-10,0.0,-4.84889406669801e-10,0.0,8.493955777249678e-09,0.0,-4.225135652967846e-09,0.0,-4.019838263926906e-10,0.0,-3.4658576296077717e-10,0.0,-4.149001106448309e-10,0.0,-3.851912998114145e-10,0.0,-3.465857629607779e-10,0.0,-4.019838263926906e-10,0.0,-4.225135652967846e-09,0.0,8.493955777249675e-09,0.0,-4.848894066698012e-10,0.0,-4.129895413390279e-10,0.0,-3.8519129981141506e-10,0.0,-4.1490011064483124e-10,0.0,-1.4191390097224483e-10,0.0,-1.5589646854537336e-10,0.0,-4.0198382639269103e-10,0.0,-4.84889406669801e-10,0.0,8.41255993772165e-09,0.0,-4.325903250057012e-09,0.0,-2.3340197780498e-10,0.0,-5.026969814648319e-10,0.0,-1.2999034040164685e-10,0.0,-1.4191390097224514e-10,0.0,-3.4658576296077753e-10,0.0,-4.1298954133902726e-10,0.0,-4.325903250057011e-09,0.0,8.370708878093702e-09,0.0,-2.2205184289722907e-10,0.0,-4.981723291347912e-10,0.0,-4.981723291347915e-10,0.0,-5.02696981464832e-10,0.0,-4.1490011064483093e-10,0.0,-3.8519129981141465e-10,0.0,-2.334019778049799e-10,0.0,-2.2205184289722907e-10,0.0,5.240251878898139e-09,0.0,-6.744909393706333e-10,0.0,-2.2205184289722907e-10,0.0,-2.3340197780498e-10,0.0,-3.851912998114144e-10,0.0,-4.1490011064483124e-10,0.0,-5.026969814648319e-10,0.0,-4.981723291347913e-10,0.0,-6.74490939370633e-10,0.0,5.2402518788981405e-09
828.2851370788098,0.0,8.714896586626796e-09,0.0,-4.503776205461006e-09,0.0,-4.299708897471189e-10,0.0,-3.6083671366291596e-10,0.0,-1.4774913202567005e-10,0.0,-1.353352972082758e-10,0.0,-5.186562325791256e-10,0.0,-2.3118219447143868e-10,0.0,-4.503776205461007e-09,0.0,8.758468482628676e-09,0.0,-5.048271414786673e-10,0.0,-4.1851264062914733e-10,0.0,-1.6230663631712047e-10,0.0,-1.4774913202566982e-10,0.0,-5.233669300506309e-10,0.0,-2.429990254478652e-10,0.0,-4.2997088974711827e-10,0.0,-5.048271414786669e-10,0.0,8.84321116504652e-09,0.0,-4.398865235469786e-09,0.0,-4.1851264062914774e-10,0.0,-3.6083671366291637e-10,0.0,-4.3196001804726094e-10,0.0,-4.010296371326344e-10,0.0,-3.6083671366291617e-10,0.0,-4.185126406291477e-10,0.0,-4.3988652354697895e-09,0.0,8.843211165046517e-09,0.0,-5.048271414786662e-10,0.0,-4.299708897471184e-10,0.0,-4.0102963713263415e-10,0.0,-4.3196001804726037e-10,0.0,-1.4774913202567025e-10,0.0,-1.623066363171206e-10,0.0,-4.185126406291469e-10,0.0,-5.04827141478667e-10,0.0,8.758468482628678e-09,0.0,-4.503776205461006e-09,0.0,-2.429990254478653e-10,0.0,-5.233669300506308e-10,0.0,-1.353352972082757e-10,0.0,-1.4774913202566997e-10,0.0,-3.608367136629163e-10,0.0,-4.2997088974711894e-10,0.0,-4.503776205461006e-09,0.0,8.714896586626796e-09,0.0,-2.3118219447143847e-10,0.0,-5.186562325791257e-10,0.0,-5.186562325791255e-10,0.0,-5.233669300506306e-10,0.0,-4.3196001804726063e-10,0.0,-4.0102963713263435e-10,0.0,-2.429990254478654e-10,0.0,-2.3118219447143847e-10,0.0,5.45572111962808e-09,0.0,-7.022247304066417e-10,0.0,-2.3118219447143842e-10,0.0,-2.4299902544786535e-10,0.0,-4.010296371326349e-10,0.0,-4.3196001804726026e-10,0.0,-5.233669300506308e-10,0.0,-5.186562325791256e-10,0.0,-7.022247304066422e-10,0.0,5.4557211196280776e-09
862.3426544880288,0.0,9.073236642401992e-09,0.0,-4.6889629601885875e-09,0.0,-4.4765047906664426e-10,0.0,-3.756736364897599e-10,0.0,-1.5382429673755623e-10,0.0,-1.4090002852412233e-10,0.0,-5.399823953698295e-10,0.0,-2.406879688243148e-10,0.0,-4.6889629601885875e-09,0.0,9.118600132313033e-09,0.0,-5.255846782131691e-10,0.0,-4.3572108842826457e-10,0.0,-1.689803780571901e-10,0.0,-1.5382429673755638e-10,0.0,-5.448867878069493e-10,0.0,-2.52990685528597e-10,0.0,-4.4765047906664364e-10,0.0,-5.255846782131696e-10,0.0,9.206827273466813e-09,0.0,-4.5797382496423995e-09,0.0,-4.3572108842826447e-10,0.0,-3.756736364897598e-10,0.0,-4.4972139655830734e-10,0.0,-4.1751921691240315e-10,0.0,-3.7567363648976e-10,0.0,-4.3572108842826447e-10,0.0,-4.5797382496423995e-09,0.0,9.206827273466813e-09,0.0,-5.255846782131695e-10,0.0,-4.4765047906664405e-10,0.0,-4.175192169124029e-10,0.0,-4.4972139655830724e-10,0.0,-1.5382429673755628e-10,0.0,-1.6898037805719012e-10,0.0,-4.357210884282648e-10,0.0,-5.255846782131694e-10,0.0,9.118600132313032e-09,0.0,-4.6889629601885875e-09,0.0,-2.529906855285973e-10,0.0,-5.448867878069493e-10,0.0,-1.409000285241226e-10,0.0,-1.5382429673755628e-10,0.0,-3.7567363648975975e-10,0.0,-4.47650479066644e-10,0.0,-4.688962960188588e-09,0.0,9.073236642401992e-09,0.0,-2.406879688243145e-10,0.0,-5.399823953698295e-10,0.0,-5.399823953698296e-10,0.0,-5.448867878069491e-10,0.0,-4.497213965583074e-10,0.0,-4.175192169124029e-10,0.0,-2.529906855285973e-10,0.0,-2.4068796882431473e-10,0.0,5.680050047787872e-09,0.0,-7.310988824472728e-10,0.0,-2.406879688243146e-10,0.0,-2.5299068552859723e-10,0.0,-4.17519216912403e-10,0.0,-4.497213965583075e-10,0.0,-5.448867878069493e-10,0.0,-5.399823953698295e-10,0.0,-7.310988824472727e-10,0.0,5.680050047787871e-09
897.8005525634636,0.0,9.446310963156304e-09,0.0,-4.881764243827474e-09,0.0,-4.660570196425457e-10,0.0,-3.91120625506197e-10,0.0,-1.601492607258958e-10,0.0,-1.4669357106110878e-10,0.0,-5.621854496173545e-10,0.0,-2.505846026300756e-10,0.0,-4.8817642438274745e-09,0.0,9.493539713927674e-09,0.0,-5.471957255771168e-10,0.0,-4.536371150360165e-10,0.0,-1.759285314283781e-10,0.0,-1.6014926072589588e-10,0.0,-5.672915013905311e-10,0.0,-2.6339318376386473e-10,0.0,-4.660570196425457e-10,0.0,-5.471957255771166e-10,0.0,9.585394588166716e-09,0.0,-4.768048419877919e-09,0.0,-4.536371150360166e-10,0.0,-3.9112062550619704e-10,0.0,-4.682130893425102e-10,0.0,-4.346868170082193e-10,0.0,-3.9112062550619693e-10,0.0,-4.536371150360164e-10,0.0,-4.768048419877919e-09,0.0,9.58539458816672e-09,0.0,-5.471957255771167e-10,0.0,-4.660570196425456e-10,0.0,-4.346868170082193e-10,0.0,-4.682130893425102e-10,0.0,-1.6014926072589578e-10,0.0,-1.7592853142837806e-10,0.0,-4.5363711503601675e-10,0.0,-5.471957255771168e-10,0.0,9.493539713927676e-09,0.0,-4.881764243827473e-09,0.0,-2.633931837638644e-10,0.0,-5.672915013905311e-10,0.0,-1.4669357106110876e-10,0.0,-1.6014926072589565e-10,0.0,-3.9112062550619693e-10,0.0,-4.660570196425457e-10,0.0,-4.881764243827475e-09,0.0,9.446310963156302e-09,0.0,-2.505846026300758e-10,0.0,-5.621854496173548e-10,0.0,-5.621854496173545e-10,0.0,-5.672915013905307e-10,0.0,-4.682130893425104e-10,0.0,-4.3468681700821953e-10,0.0,-2.6339318376386453e-10,0.0,-2.5058460263007586e-10,0.0,5.913602956958767e-09,0.0,-7.611602849790429e-10,0.0,-2.5058460263007586e-10,0.0,-2.633931837638645e-10,0.0,-4.346868170082196e-10,0.0,-4.682130893425105e-10,0.0,-5.67291501390531e-10,0.0,-5.621854496173549e-10,0.0,-7.611602849790429e-10,0.0,5.913602956958768e-09
934.7164123080624,0.0,9.834725393982905e-09,0.0,-5.082493151396947e-09,0.0,-4.852204023348207e-10,0.0,-4.0720276547946905e-10,0.0,-1.6673429526422155e-10,0.0,-1.5272533310365135e-10,0.0,-5.853014514389971e-10,0.0,-2.6088816728977093e-10,0.0,-5.082493151396947e-09,0.0,9.883896101611408e-09,0.0,-5.696953783124283e-10,0.0,-4.722898147540089e-10,0.0,-1.831623797176663e-10,0.0,-1.6673429526422176e-10,0.0,-5.906174543985132e-10,0.0,-2.742234130411215e-10,0.0,-4.852204023348211e-10,0.0,-5.696953783124286e-10,0.0,9.97952787445514e-09,0.0,-4.9641015479597565e-09,0.0,-4.722898147540089e-10,0.0,-4.0720276547946895e-10,0.0,-4.874651255407524e-10,0.0,-4.525603163324109e-10,0.0,-4.072027654794691e-10,0.0,-4.722898147540088e-10,0.0,-4.964101547959755e-09,0.0,9.979527874455138e-09,0.0,-5.696953783124283e-10,0.0,-4.852204023348213e-10,0.0,-4.5256031633241043e-10,0.0,-4.874651255407521e-10,0.0,-1.6673429526422179e-10,0.0,-1.8316237971766645e-10,0.0,-4.72289814754009e-10,0.0,-5.696953783124288e-10,0.0,9.883896101611405e-09,0.0,-5.082493151396949e-09,0.0,-2.7422341304112125e-10,0.0,-5.90617454398513e-10,0.0,-1.5272533310365146e-10,0.0,-1.6673429526422163e-10,0.0,-4.072027654794693e-10,0.0,-4.852204023348207e-10,0.0,-5.082493151396946e-09,0.0,9.834725393982905e-09,0.0,-2.6088816728977124e-10,0.0,-5.853014514389974e-10,0.0,-5.853014514389972e-10,0.0,-5.906174543985131e-10,0.0,-4.874651255407519e-10,0.0,-4.525603163324106e-10,0.0,-2.742234130411212e-10,0.0,-2.608881672897712e-10,0.0,6.1567591197847006e-09,0.0,-7.924577554954233e-10,0.0,-2.6088816728977124e-10,0.0,-2.742234130411213e-10,0.0,-4.525603163324102e-10,0.0,-4.874651255407522e-10,0.0,-5.906174543985131e-10,0.0,-5.853014514389973e-10,0.0,-7.924577554954234e-10,0.0,6.156759119784701e-09
973.1501823466471,0.0,1.0239110691178682e-08,0.0,-5.291475651790971e-09,0.0,-5.051717470590644e-10,0.0,-4.2394617261497565e-10,0.0,-1.7359009396139732e-10,0.0,-1.5900510978701799e-10,0.0,-6.093679395113629e-10,0.0,-2.7161539503004754e-10,0.0,-5.291475651790971e-09,0.0,1.029030320525537e-08,0.0,-5.93120174190398e-10,0.0,-4.917094781864707e-10,0.0,-1.906936701594444e-10,0.0,-1.735900939613974e-10,0.0,-6.14902526452694e-10,0.0,-2.8549896085138554e-10,0.0,-5.051717470590642e-10,0.0,-5.931201741903979e-10,0.0,1.0389867175627105e-08,0.0,-5.16821600966195e-09,0.0,-4.917094781864712e-10,0.0,-4.2394617261497545e-10,0.0,-5.075087690353616e-10,0.0,-4.711687401254193e-10,0.0,-4.239461726149754e-10,0.0,-4.917094781864712e-10,0.0,-5.168216009661951e-09,0.0,1.0389867175627101e-08,0.0,-5.931201741903978e-10,0.0,-5.051717470590647e-10,0.0,-4.711687401254191e-10,0.0,-5.075087690353616e-10,0.0,-1.7359009396139738e-10,0.0,-1.906936701594444e-10,0.0,-4.917094781864715e-10,0.0,-5.931201741903974e-10,0.0,1.0290303205255368e-08,0.0,-5.291475651790972e-09,0.0,-2.8549896085138554e-10,0.0,-6.149025264526941e-10,0.0,-1.5900510978701799e-10,0.0,-1.735900939613974e-10,0.0,-4.239461726149757e-10,0.0,-5.051717470590641e-10,0.0,-5.291475651790969e-09,0.0,1.0239110691178683e-08,0.0,-2.716153950300476e-10,0.0,-6.093679395113627e-10,0.0,-6.093679395113628e-10,0.0,-6.14902526452694e-10,0.0,-5.075087690353618e-10,0.0,-4.711687401254193e-10,0.0,-2.854989608513855e-10,0.0,-2.716153950300478e-10,0.0,6.409913403882983e-09,0.0,-8.250421187728342e-10,0.0,-2.716153950300478e-10,0.0,-2.854989608513856e-10,0.0,-4.711687401254192e-10,0.0,-5.075087690353616e-10,0.0,-6.149025264526941e-10,0.0,-6.09367939511363e-10,0.0,-8.250421187728342e-10,0.0,6.409913403882984e-09
1013.1642762780488,0.0,1.0660123546545849e-08,0.0,-5.509051117127593e-09,0.0,-5.259434533229093e-10,0.0,-4.4137803696706033e-10,0.0,-1.8072779012724776e-10,0.0,-1.6554309900390152e-10,0.0,-6.344239960304033e-10,0.0,-2.8278370607504946e-10,0.0,-5.509051117127593e-09,0.0,1.0713420999925856e-08,0.0,-6.175081533463326e-10,0.0,-5.119276414299594e-10,0.0,-1.9853463301215003e-10,0.0,-1.8072779012724753e-10,0.0,-6.401861547132396e-10,0.0,-2.972381378500242e-10,0.0,-5.259434533229102e-10,0.0,-6.175081533463324e-10,0.0,1.081707885234674e-08,0.0,-5.380723271767901e-09,0.0,-5.119276414299587e-10,0.0,-4.413780369670603e-10,0.0,-5.283765692203462e-10,0.0,-4.905423070906491e-10,0.0,-4.413780369670602e-10,0.0,-5.119276414299589e-10,0.0,-5.380723271767901e-09,0.0,1.0817078852346738e-08,0.0,-6.175081533463326e-10,0.0,-5.259434533229088e-10,0.0,-4.905423070906498e-10,0.0,-5.283765692203465e-10,0.0,-1.8072779012724737e-10,0.0,-1.9853463301215016e-10,0.0,-5.119276414299591e-10,0.0,-6.175081533463323e-10,0.0,1.0713420999925858e-08,0.0,-5.509051117127591e-09,0.0,-2.972381378500243e-10,0.0,-6.401861547132395e-10,0.0,-1.655430990039015e-10,0.0,-1.8072779012724737e-10,0.0,-4.413780369670602e-10,0.0,-5.259434533229096e-10,0.0,-5.5090511171275964e-09,0.0,1.0660123546545846e-08,0.0,-2.827837060750492e-10,0.0,-6.344239960304029e-10,0.0,-6.344239960304034e-10,0.0,-6.401861547132393e-10,0.0,-5.283765692203462e-10,0.0,-4.905423070906492e-10,0.0,-2.9723813785002455e-10,0.0,-2.8278370607504905e-10,0.0,6.673476913080134e-09,0.0,-8.589662894063234e-10,0.0,-2.827837060750492e-10,0.0,-2.9723813785002435e-10,0.0,-4.905423070906497e-10,0.0,-5.283765692203463e-10,0.0,-6.401861547132389e-10,0.0,-6.34423996030403e-10,0.0,-8.589662894063234e-10,0.0,6.6734769130801295e-09
1054.8236740301722,0.0,1.109844765381081e-08,0.0,-5.735572873864122e-09,0.0,-5.475692528404308e-10,0.0,-4.5952666659365025e-10,0.0,-1.881589748522282e-10,0.0,-1.7234991796504466e-10,0.0,-6.605103101780106e-10,0.0,-2.944112369355693e-10,0.0,-5.735572873864119e-09,0.0,1.1153936597614949e-08,0.0,-6.428989200539161e-10,0.0,-5.329771372856379e-10,0.0,-2.0669800141930367e-10,0.0,-1.8815897485222838e-10,0.0,-6.665093979217095e-10,0.0,-3.0946000759190304e-10,0.0,-5.475692528404306e-10,0.0,-6.428989200539165e-10,0.0,1.1261856664767667e-08,0.0,-5.6019684303478556e-09,0.0,-5.329771372856373e-10,0.0,-4.5952666659365025e-10,0.0,-5.501024138591987e-10,0.0,-5.10712478467404e-10,0.0,-4.5952666659365066e-10,0.0,-5.329771372856376e-10,0.0,-5.601968430347851e-09,0.0,1.1261856664767677e-08,0.0,-6.428989200539164e-10,0.0,-5.475692528404321e-10,0.0,-5.10712478467404e-10,0.0,-5.501024138591986e-10,0.0,-1.8815897485222828e-10,0.0,-2.0669800141930356e-10,0.0,-5.329771372856373e-10,0.0,-6.428989200539167e-10,0.0,1.1153936597614949e-08,0.0,-5.735572873864123e-09,0.0,-3.094600075919027e-10,0.0,-6.665093979217095e-10,0.0,-1.7234991796504497e-10,0.0,-1.8815897485222838e-10,0.0,-4.595266665936503e-10,0.0,-5.47569252840431e-10,0.0,-5.73557287386412e-09,0.0,1.1098447653810817e-08,0.0,-2.9441123693556995e-10,0.0,-6.60510310178011e-10,0.0,-6.605103101780106e-10,0.0,-6.665093979217098e-10,0.0,-5.501024138591987e-10,0.0,-5.10712478467404e-10,0.0,-3.0946000759190263e-10,0.0,-2.9441123693556964e-10,0.0,6.947877655014029e-09,0.0,-8.94285357738953e-10,0.0,-2.944112369355697e-10,0.0,-3.094600075919028e-10,0.0,-5.107124784674035e-10,0.0,-5.501024138591989e-10,0.0,-6.665093979217097e-10,0.0,-6.605103101780103e-10,0.0,-8.942853577389537e-10,0.0,6.94787765501403e-09
1098.196027382591,0.0,1.1554794818892207e-08,0.0,-5.971408776573171e-09,0.0,-5.700842643099559e-10,0.0,-4.784215335264426e-10,0.0,-1.9589571583049924e-10,0.0,-1.7943662044080526e-10,0.0,-6.87669244198235e-10,0.0,-3.0651686986140703e-10,0.0,-5.971408776573173e-09,0.0,1.1612565363059583e-08,0.0,-6.693337070396218e-10,0.0,-5.54892148577328e-10,0.0,-2.1519703208719177e-10,0.0,-1.9589571583049924e-10,0.0,-6.939150030774216e-10,0.0,-3.221844174891857e-10,0.0,-5.700842643099556e-10,0.0,-6.693337070396221e-10,0.0,1.1724922899148217e-08,0.0,-5.832310771169448e-09,0.0,-5.548921485773282e-10,0.0,-4.784215335264428e-10,0.0,-5.727215841161204e-10,0.0,-5.317120091216088e-10,0.0,-4.784215335264428e-10,0.0,-5.548921485773281e-10,0.0,-5.832310771169447e-09,0.0,1.1724922899148215e-08,0.0,-6.693337070396216e-10,0.0,-5.700842643099554e-10,0.0,-5.317120091216084e-10,0.0,-5.727215841161203e-10,0.0,-1.958957158304991e-10,0.0,-2.1519703208719188e-10,0.0,-5.548921485773282e-10,0.0,-6.693337070396216e-10,0.0,1.161256536305958e-08,0.0,-5.971408776573171e-09,0.0,-3.2218441748918585e-10,0.0,-6.939150030774217e-10,0.0,-1.7943662044080562e-10,0.0,-1.9589571583049921e-10,0.0,-4.784215335264425e-10,0.0,-5.700842643099557e-10,0.0,-5.971408776573173e-09,0.0,1.1554794818892207e-08,0.0,-3.0651686986140683e-10,0.0,-6.876692441982349e-10,0.0,-6.876692441982351e-10,0.0,-6.939150030774217e-10,0.0,-5.727215841161204e-10,0.0,-5.317120091216086e-10,0.0,-3.2218441748918575e-10,0.0,-3.065168698614069e-10,0.0,7.23356123618669e-09,0.0,-9.310566793244398e-10,0.0,-3.065168698614069e-10,0.0,-3.2218441748918585e-10,0.0,-5.317120091216086e-10,0.0,-5.727215841161203e-10,0.0,-6.939150030774217e-10,0.0,-6.876692441982351e-10,0.0,-9.310566793244398e-10,0.0,7.23356123618669e-09
1143.3517698280332,0.0,1.2029906115821034e-08,0.0,-6.216941805311267e-09,0.0,-5.935250504442257e-10,0.0,-4.980933216313061e-10,0.0,-2.03950576956969e-10,0.0,-1.8681471471165922e-10,0.0,-7.159449021904394e-10,0.0,-3.191202635047377e-10,0.0,-6.216941805311267e-09,0.0,1.2090052075440943e-08,0.0,-6.968554424416062e-10,0.0,-5.77708263661877e-10,0.0,-2.2404552681277643e-10,0.0,-2.0395057695696871e-10,0.0,-7.224474748554095e-10,0.0,-3.3543203104206946e-10,0.0,-5.935250504442254e-10,0.0,-6.968554424416063e-10,0.0,1.2207029540790762e-08,0.0,-6.072124353151159e-09,0.0,-5.777082636618774e-10,0.0,-4.980933216313062e-10,0.0,-5.962708118500167e-10,0.0,-5.535750007372937e-10,0.0,-4.980933216313062e-10,0.0,-5.777082636618773e-10,0.0,-6.0721243531511616e-09,0.0,1.2207029540790758e-08,0.0,-6.968554424416067e-10,0.0,-5.935250504442253e-10,0.0,-5.535750007372934e-10,0.0,-5.962708118500168e-10,0.0,-2.0395057695696874e-10,0.0,-2.2404552681277666e-10,0.0,-5.77708263661877e-10,0.0,-6.968554424416062e-10,0.0,1.2090052075440941e-08,0.0,-6.216941805311267e-09,0.0,-3.3543203104206946e-10,0.0,-7.224474748554097e-10,0.0,-1.868147147116593e-10,0.0,-2.0395057695696884e-10,0.0,-4.980933216313063e-10,0.0,-5.93525050444225e-10,0.0,-6.216941805311266e-09,0.0,1.2029906115821031e-08,0.0,-3.1912026350473763e-10,0.0,-7.159449021904394e-10,0.0,-7.159449021904395e-10,0.0,-7.224474748554097e-10,0.0,-5.962708118500173e-10,0.0,-5.535750007372935e-10,0.0,-3.3543203104206936e-10,0.0,-3.191202635047377e-10,0.0,7.530991585596237e-09,0.0,-9.69339968068332e-10,0.0,-3.1912026350473773e-10,0.0,-3.3543203104206936e-10,0.0,-5.535750007372938e-10,0.0,-5.962708118500169e-10,0.0,-7.224474748554097e-10,0.0,-7.159449021904394e-10,0.0,-9.69339968068332e-10,0.0,7.530991585596238e-09
1190.3642309511577,0.0,1.2524553090190026e-08,0.0,-6.472570687550092e-09,0.0,-6.179296773455388e-10,0.0,-5.185739764366082e-10,0.0,-2.1233663873012818e-10,0.0,-1.9449618225679606e-10,0.0,-7.453832017310865e-10,0.0,-3.3224188484431386e-10,0.0,-6.472570687550093e-09,0.0,1.2587172137850697e-08,0.0,-7.255088195218305e-10,0.0,-6.014625342220189e-10,0.0,-2.3325785489679163e-10,0.0,-2.1233663873012805e-10,0.0,-7.521531478787242e-10,0.0,-3.492243613947724e-10,0.0,-6.179296773455386e-10,0.0,-7.255088195218302e-10,0.0,1.2708959495210277e-08,0.0,-6.321798615806329e-09,0.0,-6.01462534222019e-10,0.0,-5.18573976436609e-10,0.0,-6.20788339264322e-10,0.0,-5.763369571951996e-10,0.0,-5.185739764366094e-10,0.0,-6.014625342220188e-10,0.0,-6.3217986158063294e-09,0.0,1.2708959495210274e-08,0.0,-7.2550881952183e-10,0.0,-6.179296773455387e-10,0.0,-5.763369571951997e-10,0.0,-6.207883392643217e-10,0.0,-2.12336638730128e-10,0.0,-2.332578548967917e-10,0.0,-6.014625342220189e-10,0.0,-7.2550881952183e-10,0.0,1.2587172137850697e-08,0.0,-6.472570687550092e-09,0.0,-3.4922436139477245e-10,0.0,-7.521531478787242e-10,0.0,-1.9449618225679598e-10,0.0,-2.1233663873012805e-10,0.0,-5.185739764366094e-10,0.0,-6.179296773455387e-10,0.0,-6.472570687550092e-09,0.0,1.2524553090190026e-08,0.0,-3.3224188484431396e-10,0.0,-7.453832017310868e-10,0.0,-7.453832017310867e-10,0.0,-7.521531478787242e-10,0.0,-6.207883392643218e-10,0.0,-5.763369571951996e-10,0.0,-3.4922436139477266e-10,0.0,-3.3224188484431376e-10,0.0,7.840651708123246e-09,0.0,-1.00919739319897e-09,0.0,-3.322418848443138e-10,0.0,-3.492243613947726e-10,0.0,-5.763369571952e-10,0.0,-6.207883392643216e-10,0.0,-7.521531478787239e-10,0.0,-7.453832017310869e-10,0.0,-1.00919739319897e-09,0.0,7.840651708123245e-09
1239.309755510381,0.0,1.3039539012086687e-08,0.0,-6.73871054568045e-09,0.0,-6.433377763222883e-10,0.0,-5.39896757010393e-10,0.0,-2.2106751949381123e-10,0.0,-2.0249349721116004e-10,0.0,-7.760319484404948e-10,0.0,-3.4590304242232337e-10,0.0,-6.738710545680448e-09,0.0,1.3104732836488344e-08,0.0,-7.553403692446107e-10,0.0,-6.261935354355655e-10,0.0,-2.428489764784275e-10,0.0,-2.2106751949381128e-10,0.0,-7.830802619624349e-10,0.0,-3.6358380627129496e-10,0.0,-6.433377763222881e-10,0.0,-7.553403692446107e-10,0.0,1.3231527859514992e-08,0.0,-6.581739011664131e-09,0.0,-6.261935354355661e-10,0.0,-5.398967570103929e-10,0.0,-6.463139810095063e-10,0.0,-6.000348422284599e-10,0.0,-5.398967570103923e-10,0.0,-6.261935354355663e-10,0.0,-6.581739011664133e-09,0.0,1.323152785951499e-08,0.0,-7.553403692446104e-10,0.0,-6.433377763222878e-10,0.0,-6.000348422284601e-10,0.0,-6.463139810095061e-10,0.0,-2.210675194938114e-10,0.0,-2.428489764784273e-10,0.0,-6.261935354355664e-10,0.0,-7.553403692446105e-10,0.0,1.3104732836488343e-08,0.0,-6.738710545680448e-09,0.0,-3.6358380627129475e-10,0.0,-7.830802619624352e-10,0.0,-2.0249349721115976e-10,0.0,-2.2106751949381149e-10,0.0,-5.398967570103927e-10,0.0,-6.43337776322288e-10,0.0,-6.738710545680448e-09,0.0,1.3039539012086687e-08,0.0,-3.459030424223237e-10,0.0,-7.760319484404949e-10,0.0,-7.760319484404948e-10,0.0,-7.83080261962435e-10,0.0,-6.463139810095063e-10,0.0,-6.000348422284599e-10,0.0,-3.6358380627129486e-10,0.0,-3.4590304242232327e-10,0.0,8.163044468894976e-09,0.0,-1.0506936802257188e-09,0.0,-3.459030424223234e-10,0.0,-3.635838062712947e-10,0.0,-6.000348422284601e-10,0.0,-6.463139810095061e-10,0.0,-7.83080261962435e-10,0.0,-7.760319484404949e-10,0.0,-1.0506936802257186e-09,0.0,8.163044468894978e-09
1290.2678274161112,0.0,1.3575700180544403e-08,0.0,-7.015793571140268e-09,0.0,-6.697906082472677e-10,0.0,-5.620962899706376e-10,0.0,-2.3015739755238253e-10,0.0,-2.1081964662251474e-10,0.0,-8.079409136156211e-10,0.0,-3.60125920947885e-10,0.0,-7.015793571140273e-09,0.0,1.3643574651634179e-08,0.0,-7.863985358394635e-10,0.0,-6.51941428618645e-10,0.0,-2.528344668294853e-10,0.0,-2.301573975523826e-10,0.0,-8.152790404515194e-10,0.0,-3.785336843476614e-10,0.0,-6.697906082472672e-10,0.0,-7.863985358394639e-10,0.0,1.3775583246063743e-08,0.0,-6.852367664694467e-09,0.0,-6.51941428618645e-10,0.0,-5.620962899706376e-10,0.0,-6.728891888391238e-10,0.0,-6.247071394489636e-10,0.0,-5.620962899706382e-10,0.0,-6.51941428618645e-10,0.0,-6.852367664694469e-09,0.0,1.3775583246063741e-08,0.0,-7.863985358394639e-10,0.0,-6.697906082472676e-10,0.0,-6.247071394489633e-10,0.0,-6.728891888391235e-10,0.0,-2.3015739755238255e-10,0.0,-2.5283446682948516e-10,0.0,-6.519414286186452e-10,0.0,-7.863985358394634e-10,0.0,1.364357465163418e-08,0.0,-7.015793571140269e-09,0.0,-3.7853368434766113e-10,0.0,-8.152790404515192e-10,0.0,-2.108196466225147e-10,0.0,-2.3015739755238255e-10,0.0,-5.620962899706377e-10,0.0,-6.697906082472673e-10,0.0,-7.015793571140269e-09,0.0,1.3575700180544398e-08,0.0,-3.6012592094788524e-10,0.0,-8.079409136156209e-10,0.0,-8.079409136156209e-10,0.0,-8.152790404515192e-10,0.0,-6.72889188839124e-10,0.0,-6.247071394489632e-10,0.0,-3.785336843476613e-10,0.0,-3.601259209478852e-10,0.0,8.498693409901104e-09,0.0,-1.0938962160484025e-09,0.0,-3.6012592094788503e-10,0.0,-3.785336843476613e-10,0.0,-6.247071394489633e-10,0.0,-6.72889188839124e-10,0.0,-8.152790404515196e-10,0.0,-8.079409136156212e-10,0.0,-1.0938962160484023e-09,0.0,8.498693409901106e-09
1343.321198806739,0.0,1.4133907281630212e-08,0.0,-7.304269726261546e-09,0.0,-6.973311305622804e-10,0.0,-5.852086257163298e-10,0.0,-2.396210341952491e-10,0.0,-2.1948815154145383e-10,0.0,-8.411619150549668e-10,0.0,-3.7493361732337456e-10,0.0,-7.304269726261546e-09,0.0,1.4204572622527137e-08,0.0,-8.187337554709471e-10,0.0,-6.787480264447001e-10,0.0,-2.632305416474694e-10,0.0,-2.396210341952489e-10,0.0,-8.488017717798575e-10,0.0,-3.940982731197273e-10,0.0,-6.97331130562281e-10,0.0,-8.187337554709467e-10,0.0,1.434200916054966e-08,0.0,-7.134124055806065e-09,0.0,-6.787480264447e-10,0.0,-5.852086257163302e-10,0.0,-7.005571189243928e-10,0.0,-6.503939148418935e-10,0.0,-5.8520862571633e-10,0.0,-6.787480264447005e-10,0.0,-7.134124055806066e-09,0.0,1.434200916054966e-08,0.0,-8.187337554709468e-10,0.0,-6.973311305622808e-10,0.0,-6.503939148418942e-10,0.0,-7.00557118924393e-10,0.0,-2.396210341952492e-10,0.0,-2.632305416474695e-10,0.0,-6.787480264446999e-10,0.0,-8.187337554709471e-10,0.0,1.4204572622527132e-08,0.0,-7.304269726261547e-09,0.0,-3.940982731197275e-10,0.0,-8.488017717798577e-10,0.0,-2.1948815154145364e-10,0.0,-2.396210341952492e-10,0.0,-5.852086257163301e-10,0.0,-6.973311305622804e-10,0.0,-7.3042697262615455e-09,0.0,1.413390728163021e-08,0.0,-3.7493361732337435e-10,0.0,-8.411619150549667e-10,0.0,-8.411619150549676e-10,0.0,-8.488017717798578e-10,0.0,-7.005571189243928e-10,0.0,-6.503939148418943e-10,0.0,-3.9409827311972746e-10,0.0,-3.7493361732337435e-10,0.0,8.848143600187183e-09,0.0,-1.1388751583886442e-09,0.0,-3.7493361732337404e-10,0.0,-3.9409827311972746e-10,0.0,-6.503939148418942e-10,0.0,-7.005571189243923e-10,0.0,-8.488017717798575e-10,0.0,-8.411619150549668e-10,0.0,-1.1388751583886442e-09,0.0,8.848143600187183e-09
1398.5560244319877,0.0,1.4715066802374584e-08,0.0,-7.604607474975869e-09,0.0,-7.260040670378458e-10,0.0,-6.092712969706414e-10,0.0,-2.4947379766810515e-10,0.0,-2.285130889785829e-10,0.0,-8.757489012068514e-10,0.0,-3.903501781520852e-10,0.0,-7.60460747497587e-09,0.0,1.4788637768363748e-08,0.0,-8.523985381432621e-10,0.0,-7.066568608451818e-10,0.0,-2.740540833886801e-10,0.0,-2.4947379766810526e-10,0.0,-8.837028943827827e-10,0.0,-4.103028483280362e-10,0.0,-7.260040670378457e-10,0.0,-8.523985381432621e-10,0.0,1.4931725436748064e-08,0.0,-7.427465736530954e-09,0.0,-7.066568608451824e-10,0.0,-6.092712969706403e-10,0.0,-7.29362701936622e-10,0.0,-6.771368818299279e-10,0.0,-6.092712969706405e-10,0.0,-7.066568608451829e-10,0.0,-7.427465736530957e-09,0.0,1.493172543674806e-08,0.0,-8.523985381432619e-10,0.0,-7.260040670378457e-10,0.0,-6.771368818299283e-10,0.0,-7.293627019366221e-10,0.0,-2.4947379766810526e-10,0.0,-2.740540833886805e-10,0.0,-7.066568608451828e-10,0.0,-8.523985381432621e-10,0.0,1.4788637768363746e-08,0.0,-7.60460747497587e-09,0.0,-4.103028483280364e-10,0.0,-8.837028943827828e-10,0.0,-2.285130889785829e-10,0.0,-2.4947379766810495e-10,0.0,-6.092712969706407e-10,0.0,-7.26004067037845e-10,0.0,-7.604607474975867e-09,0.0,1.4715066802374582e-08,0.0,-3.9035017815208485e-10,0.0,-8.757489012068512e-10,0.0,-8.757489012068514e-10,0.0,-8.837028943827827e-10,0.0,-7.293627019366224e-10,0.0,-6.771368818299282e-10,0.0,-4.103028483280365e-10,0.0,-3.903501781520848e-10,0.0,9.21196252100644e-09,0.0,-1.1857035497208158e-09,0.0,-3.903501781520851e-10,0.0,-4.103028483280368e-10,0.0,-6.771368818299285e-10,0.0,-7.293627019366221e-10,0.0,-8.837028943827828e-10,0.0,-8.757489012068515e-10,0.0,-1.1857035497208158e-09,0.0,9.211962521006442e-09
1456.062001561853,0.0,1.5320122502839263e-08,0.0,-7.917294543565183e-09,0.0,-7.558559804012904e-10,0.0,-6.343233797312918e-10,0.0,-2.5973168812982593e-10,0.0,-2.379091147645457e-10,0.0,-9.117580387776965e-10,0.0,-4.0640063878813234e-10,0.0,-7.917294543565184e-09,0.0,1.5396718567725922e-08,0.0,-8.874475529726147e-10,0.0,-7.357132537021854e-10,0.0,-2.853226686840716e-10,0.0,-2.597316881298261e-10,0.0,-9.200390851010717e-10,0.0,-4.2717372500375187e-10,0.0,-7.558559804012896e-10,0.0,-8.874475529726147e-10,0.0,1.5545689730258433e-08,0.0,-7.732869072054302e-09,0.0,-7.357132537021865e-10,0.0,-6.343233797312915e-10,0.0,-7.593527160113028e-10,0.0,-7.049794690127442e-10,0.0,-6.34323379731292e-10,0.0,-7.357132537021863e-10,0.0,-7.732869072054304e-09,0.0,1.554568973025843e-08,0.0,-8.874475529726143e-10,0.0,-7.558559804012901e-10,0.0,-7.049794690127439e-10,0.0,-7.593527160113028e-10,0.0,-2.5973168812982614e-10,0.0,-2.8532266868407135e-10,0.0,-7.357132537021866e-10,0.0,-8.874475529726135e-10,0.0,1.5396718567725922e-08,0.0,-7.91729454356518e-09,0.0,-4.27173725003752e-10,0.0,-9.200390851010716e-10,0.0,-2.3790911476454634e-10,0.0,-2.597316881298261e-10,0.0,-6.343233797312917e-10,0.0,-7.558559804012905e-10,0.0,-7.917294543565184e-09,0.0,1.5320122502839263e-08,0.0,-4.064006387881322e-10,0.0,-9.117580387776973e-10,0.0,-9.117580387776968e-10,0.0,-9.200390851010715e-10,0.0,-7.593527160113028e-10,0.0,-7.049794690127441e-10,0.0,-4.2717372500375187e-10,0.0,-4.064006387881322e-10,0.0,9.590740987367362e-09,0.0,-1.2344574358876133e-09,0.0,-4.064006387881322e-10,0.0,-4.27173725003752e-10,0.0,-7.049794690127441e-10,0.0,-7.593527160113026e-10,0.0,-9.200390851010715e-10,0.0,-9.117580387776966e-10,0.0,-1.2344574358876133e-09,0.0,9.590740987367362e-09
1515.9325156483283,0.0,1.595005694871375e-08,0.0,-8.242838712693175e-09,0.0,-7.869353479511755e-10,0.0,-6.604055567270832e-10,0.0,-2.7041136363553966e-10,0.0,-2.4769148735000833e-10,0.0,-9.492478039426027e-10,0.0,-4.2311106399201636e-10,0.0,-8.242838712693174e-09,0.0,1.6029802498839942e-08,0.0,-9.239377169658119e-10,0.0,-7.659643904478303e-10,0.0,-2.970545968824017e-10,0.0,-2.7041136363553945e-10,0.0,-9.57869351219936e-10,0.0,-4.447383002023192e-10,0.0,-7.869353479511756e-10,0.0,-9.239377169658122e-10,0.0,1.6184899073666244e-08,0.0,-8.050830014796227e-09,0.0,-7.659643904478303e-10,0.0,-6.604055567270831e-10,0.0,-7.905758627123301e-10,0.0,-7.339668906918546e-10,0.0,-6.604055567270833e-10,0.0,-7.659643904478298e-10,0.0,-8.050830014796227e-09,0.0,1.6184899073666244e-08,0.0,-9.239377169658119e-10,0.0,-7.869353479511753e-10,0.0,-7.339668906918547e-10,0.0,-7.905758627123305e-10,0.0,-2.7041136363553945e-10,0.0,-2.97054596882402e-10,0.0,-7.659643904478303e-10,0.0,-9.239377169658123e-10,0.0,1.6029802498839942e-08,0.0,-8.242838712693174e-09,0.0,-4.4473830020231874e-10,0.0,-9.578693512199356e-10,0.0,-2.4769148735000823e-10,0.0,-2.7041136363553956e-10,0.0,-6.604055567270835e-10,0.0,-7.869353479511752e-10,0.0,-8.242838712693174e-09,0.0,1.5950056948713752e-08,0.0,-4.231110639920165e-10,0.0,-9.492478039426029e-10,0.0,-9.492478039426029e-10,0.0,-9.578693512199358e-10,0.0,-7.905758627123305e-10,0.0,-7.339668906918547e-10,0.0,-4.447383002023189e-10,0.0,-4.231110639920165e-10,0.0,9.985094107473502e-09,0.0,-1.2852159895928716e-09,0.0,-4.2311106399201667e-10,0.0,-4.447383002023189e-10,0.0,-7.33966890691855e-10,0.0,-7.905758627123305e-10,0.0,-9.57869351219936e-10,0.0,-9.492478039426029e-10,0.0,-1.2852159895928714e-09,0.0,9.985094107473506e-09
1578.2647919764756,0.0,1.6605893106929355e-08,0.0,-8.581768642003521e-09,0.0,-8.192926402808416e-10,0.0,-6.875601834836381e-10,0.0,-2.8153016718807974e-10,0.0,-2.5787609258425016e-10,0.0,-9.88279077306333e-10,0.0,-4.40508590257866e-10,0.0,-8.581768642003523e-09,0.0,1.6688917643168116e-08,0.0,-9.619282874492747e-10,0.0,-7.974593966899105e-10,0.0,-3.0926891976701973e-10,0.0,-2.8153016718807994e-10,0.0,-9.972551262924954e-10,0.0,-4.6302509749425873e-10,0.0,-8.192926402808412e-10,0.0,-9.619282874492743e-10,0.0,1.6850391495650138e-08,0.0,-8.381864909801829e-09,0.0,-7.974593966899093e-10,0.0,-6.875601834836391e-10,0.0,-8.230828461197501e-10,0.0,-7.641462202952907e-10,0.0,-6.87560183483639e-10,0.0,-7.974593966899099e-10,0.0,-8.38186490980183e-09,0.0,1.685039149565013e-08,0.0,-9.619282874492747e-10,0.0,-8.192926402808404e-10,0.0,-7.641462202952903e-10,0.0,-8.230828461197496e-10,0.0,-2.8153016718807984e-10,0.0,-3.0926891976702014e-10,0.0,-7.974593966899096e-10,0.0,-9.619282874492747e-10,0.0,1.668891764316812e-08,0.0,-8.581768642003523e-09,0.0,-4.63025097494259e-10,0.0,-9.972551262924956e-10,0.0,-2.578760925842504e-10,0.0,-2.8153016718807984e-10,0.0,-6.87560183483638e-10,0.0,-8.192926402808415e-10,0.0,-8.581768642003521e-09,0.0,1.6605893106929352e-08,0.0,-4.4050859025786584e-10,0.0,-9.882790773063331e-10,0.0,-9.882790773063338e-10,0.0,-9.972551262924952e-10,0.0,-8.230828461197502e-10,0.0,-7.641462202952903e-10,0.0,-4.630250974942589e-10,0.0,-4.4050859025786594e-10,0.0,1.039566228161377e-08,0.0,-1.3380616389721877e-09,0.0,-4.4050859025786594e-10,0.0,-4.630250974942588e-10,0.0,-7.6414622029529e-10,0.0,-8.230828461197502e-10,0.0,-9.972551262924954e-10,0.0,-9.882790773063331e-10,0.0,-1.3380616389721879e-09,0.0,1.039566228161377e-08
1643.1600535510916,0.0,1.728869600688174e-08,0.0,-8.934634728624016e-09,0.0,-8.529804032389188e-10,0.0,-7.158313571056421e-10,0.0,-2.9310615490173567e-10,0.0,-2.6847946951261604e-10,0.0,-1.02891524276891e-09,0.0,-4.586214698810944e-10,0.0,-8.93463472862402e-09,0.0,1.7375134354936945e-08,0.0,-1.001480958298548e-09,0.0,-8.302494179882483e-10,0.0,-3.219854724945543e-10,0.0,-2.93106154901736e-10,0.0,-1.038260369903317e-09,0.0,-4.820638132853349e-10,0.0,-8.529804032389181e-10,0.0,-1.0014809582985473e-09,0.0,1.754324770666368e-08,0.0,-8.726511333247351e-09,0.0,-8.302494179882487e-10,0.0,-7.158313571056412e-10,0.0,-8.569264551694274e-10,0.0,-7.955664668213606e-10,0.0,-7.158313571056424e-10,0.0,-8.302494179882487e-10,0.0,-8.726511333247351e-09,0.0,1.754324770666368e-08,0.0,-1.0014809582985473e-09,0.0,-8.529804032389193e-10,0.0,-7.955664668213599e-10,0.0,-8.569264551694261e-10,0.0,-2.931061549017357e-10,0.0,-3.2198547249455424e-10,0.0,-8.302494179882482e-10,0.0,-1.001480958298549e-09,0.0,1.7375134354936952e-08,0.0,-8.934634728624019e-09,0.0,-4.820638132853349e-10,0.0,-1.038260369903317e-09,0.0,-2.6847946951261614e-10,0.0,-2.931061549017357e-10,0.0,-7.158313571056415e-10,0.0,-8.529804032389188e-10,0.0,-8.934634728624019e-09,0.0,1.728869600688174e-08,0.0,-4.586214698810944e-10,0.0,-1.0289152427689094e-09,0.0,-1.0289152427689088e-09,0.0,-1.0382603699033171e-09,0.0,-8.569264551694265e-10,0.0,-7.955664668213599e-10,0.0,-4.820638132853349e-10,0.0,-4.586214698810942e-10,0.0,1.0823112242125056e-08,0.0,-1.3930802014501078e-09,0.0,-4.586214698810942e-10,0.0,-4.820638132853351e-10,0.0,-7.955664668213597e-10,0.0,-8.569264551694267e-10,0.0,-1.0382603699033167e-09,0.0,-1.0289152427689096e-09,0.0,-1.393080201450108e-09,0.0,1.0823112242125054e-08
1710.7236854753774,0.0,1.7999574469959904e-08,0.0,-9.302010000970807e-09,0.0,-8.880533432598965e-10,0.0,-7.452649878872733e-10,0.0,-3.051581253240484e-10,0.0,-2.7951883723469275e-10,0.0,-1.0712222904563756e-09,0.0,-4.774791168380392e-10,0.0,-9.302010000970807e-09,0.0,1.8089566999313228e-08,0.0,-1.0426599601245935e-09,0.0,-8.64387702911304e-10,0.0,-3.352249058057371e-10,0.0,-3.051581253240489e-10,0.0,-1.0809516715340497e-09,0.0,-5.018853650413187e-10,0.0,-8.880533432598964e-10,0.0,-1.0426599601245929e-09,0.0,1.8264592853929176e-08,0.0,-9.085328965424106e-09,0.0,-8.64387702911304e-10,0.0,-7.452649878872724e-10,0.0,-8.921616493783697e-10,0.0,-8.282786544256403e-10,0.0,-7.452649878872727e-10,0.0,-8.643877029113038e-10,0.0,-9.085328965424107e-09,0.0,1.826459285392918e-08,0.0,-1.0426599601245924e-09,0.0,-8.880533432598967e-10,0.0,-8.282786544256403e-10,0.0,-8.921616493783701e-10,0.0,-3.051581253240486e-10,0.0,-3.352249058057369e-10,0.0,-8.643877029113046e-10,0.0,-1.0426599601245935e-09,0.0,1.8089566999313228e-08,0.0,-9.302010000970808e-09,0.0,-5.018853650413186e-10,0.0,-1.0809516715340495e-09,0.0,-2.795188372346929e-10,0.0,-3.0515812532404876e-10,0.0,-7.452649878872727e-10,0.0,-8.880533432598962e-10,0.0,-9.302010000970807e-09,0.0,1.7999574469959904e-08,0.0,-4.774791168380393e-10,0.0,-1.0712222904563762e-09,0.0,-1.0712222904563758e-09,0.0,-1.0809516715340495e-09,0.0,-8.921616493783699e-10,0.0,-8.282786544256403e-10,0.0,-5.018853650413186e-10,0.0,-4.774791168380393e-10,0.0,1.126813813611623e-08,0.0,-1.4503610231012769e-09,0.0,-4.774791168380394e-10,0.0,-5.018853650413186e-10,0.0,-8.282786544256406e-10,0.0,-8.921616493783699e-10,0.0,-1.0809516715340495e-09,0.0,-1.071222290456376e-09,0.0,-1.4503610231012762e-09,0.0,1.1268138136116234e-08
1781.0654060885513,0.0,1.873968291019004e-08,0.0,-9.684491049304106e-09,0.0,-9.245684162033242e-10,0.0,-7.759088738671281e-10,0.0,-3.1770564996325973e-10,0.0,-2.9101212286685967e-10,0.0,-1.1152689238838822e-09,0.0,-4.971121545520829e-10,0.0,-9.684491049304116e-09,0.0,1.8833375762050606e-08,0.0,-1.0855321645795436e-09,0.0,-8.999296895079036e-10,0.0,-3.4900871956068143e-10,0.0,-3.1770564996325983e-10,0.0,-1.1253983586998164e-09,0.0,-5.225219414956674e-10,0.0,-9.245684162033229e-10,0.0,-1.085532164579544e-09,0.0,1.9015598348593525e-08,0.0,-9.458900499617861e-09,0.0,-8.999296895079018e-10,0.0,-7.759088738671297e-10,0.0,-9.288456480949259e-10,0.0,-8.623359052804292e-10,0.0,-7.759088738671291e-10,0.0,-8.999296895079025e-10,0.0,-9.458900499617863e-09,0.0,1.901559834859352e-08,0.0,-1.0855321645795438e-09,0.0,-9.245684162033222e-10,0.0,-8.62335905280429e-10,0.0,-9.288456480949269e-10,0.0,-3.1770564996325937e-10,0.0,-3.4900871956068097e-10,0.0,-8.999296895079029e-10,0.0,-1.0855321645795434e-09,0.0,1.8833375762050606e-08,0.0,-9.684491049304112e-09,0.0,-5.225219414956677e-10,0.0,-1.125398358699816e-09,0.0,-2.9101212286686086e-10,0.0,-3.1770564996325994e-10,0.0,-7.759088738671284e-10,0.0,-9.245684162033223e-10,0.0,-9.684491049304112e-09,0.0,1.873968291019004e-08,0.0,-4.971121545520825e-10,0.0,-1.1152689238838828e-09,0.0,-1.1152689238838824e-09,0.0,-1.1253983586998164e-09,0.0,-9.288456480949273e-10,0.0,-8.623359052804292e-10,0.0,-5.22521941495667e-10,0.0,-4.971121545520831e-10,0.0,1.1731462652711725e-08,0.0,-1.509997123741853e-09,0.0,-4.971121545520833e-10,0.0,-5.225219414956672e-10,0.0,-8.623359052804287e-10,0.0,-9.288456480949259e-10,0.0,-1.1253983586998168e-09,0.0,-1.1152689238838824e-09,0.0,-1.5099971237418528e-09,0.0,1.1731462652711727e-08
1854.299445140307,0.0,1.951022320891849e-08,0.0,-1.0082698994546666e-08,0.0,-9.625849198459124e-10,0.0,-8.078127784487008e-10,0.0,-3.307691050709919e-10,0.0,-3.0297799065459596e-10,0.0,-1.1611266715251055e-09,0.0,-5.17552465623826e-10,0.0,-1.0082698994546668e-08,0.0,1.96077685335454e-08,0.0,-1.1301671929513216e-09,0.0,-9.369330953345276e-10,0.0,-3.6335929765306124e-10,0.0,-3.307691050709921e-10,0.0,-1.1716726095319647e-09,0.0,-5.44007054921642e-10,0.0,-9.625849198459122e-10,0.0,-1.1301671929513214e-09,0.0,1.979748376801319e-08,0.0,-9.847832588359613e-09,0.0,-9.36933095334527e-10,0.0,-8.078127784487011e-10,0.0,-9.670380234187638e-10,0.0,-8.9779352584122e-10,0.0,-8.07812778448702e-10,0.0,-9.369330953345265e-10,0.0,-9.847832588359611e-09,0.0,1.9797483768013188e-08,0.0,-1.130167192951322e-09,0.0,-9.625849198459126e-10,0.0,-8.9779352584122e-10,0.0,-9.670380234187638e-10,0.0,-3.307691050709918e-10,0.0,-3.633592976530611e-10,0.0,-9.369330953345274e-10,0.0,-1.1301671929513214e-09,0.0,1.96077685335454e-08,0.0,-1.008269899454667e-08,0.0,-5.44007054921642e-10,0.0,-1.1716726095319647e-09,0.0,-3.0297799065459606e-10,0.0,-3.307691050709921e-10,0.0,-8.078127784487008e-10,0.0,-9.625849198459126e-10,0.0,-1.0082698994546666e-08,0.0,1.9510223208918488e-08,0.0,-5.175524656238258e-10,0.0,-1.161126671525106e-09,0.0,-1.1611266715251057e-09,0.0,-1.1716726095319647e-09,0.0,-9.670380234187642e-10,0.0,-8.977935258412195e-10,0.0,-5.440070549216421e-10,0.0,-5.175524656238259e-10,0.0,1.221383819664511e-08,0.0,-1.5720853479868033e-09,0.0,-5.175524656238256e-10,0.0,-5.44007054921642e-10,0.0,-8.977935258412195e-10,0.0,-9.670380234187642e-10,0.0,-1.1716726095319642e-09,0.0,-1.1611266715251057e-09,0.0,-1.5720853479868031e-09,0.0,1.2213838196645112e-08
1930.5447292914844,0.0,2.0312446666578163e-08,0.0,-1.0497280496938168e-08,0.0,-1.002164590176741e-09,0.0,-8.410285112124629e-10,0.0,-3.4436970473177583e-10,0.0,-3.1543587228183496e-10,0.0,-1.2088700029692039e-09,0.0,-5.388332436060712e-10,0.0,-1.0497280496938163e-08,0.0,2.0414002870361244e-08,0.0,-1.1766375292234604e-09,0.0,-9.754580111843623e-10,0.0,-3.782999443599012e-10,0.0,-3.443697047317765e-10,0.0,-1.219849569990019e-09,0.0,-5.663755955537654e-10,0.0,-1.0021645901767385e-09,0.0,-1.1766375292234602e-09,0.0,2.061151883625767e-08,0.0,-1.0252756828584407e-08,0.0,-9.754580111843602e-10,0.0,-8.410285112124649e-10,0.0,-1.0068007969415588e-09,0.0,-9.347090966602973e-10,0.0,-8.410285112124647e-10,0.0,-9.754580111843614e-10,0.0,-1.0252756828584407e-08,0.0,2.061151883625766e-08,0.0,-1.1766375292234608e-09,0.0,-1.00216459017674e-09,0.0,-9.347090966602954e-10,0.0,-1.0068007969415569e-09,0.0,-3.4436970473177536e-10,0.0,-3.7829994435990183e-10,0.0,-9.75458011184361e-10,0.0,-1.1766375292234614e-09,0.0,2.041400287036124e-08,0.0,-1.0497280496938174e-08,0.0,-5.663755955537659e-10,0.0,-1.2198495699900186e-09,0.0,-3.154358722818358e-10,0.0,-3.4436970473177526e-10,0.0,-8.410285112124634e-10,0.0,-1.0021645901767401e-09,0.0,-1.0497280496938164e-08,0.0,2.0312446666578173e-08,0.0,-5.388332436060707e-10,0.0,-1.208870002969205e-09,0.0,-1.208870002969204e-09,0.0,-1.2198495699900193e-09,0.0,-1.0068007969415581e-09,0.0,-9.347090966602964e-10,0.0,-5.663755955537663e-10,0.0,-5.388332436060708e-10,0.0,1.2716048110108817e-08,0.0,-1.6367265225183996e-09,0.0,-5.388332436060706e-10,0.0,-5.663755955537662e-10,0.0,-9.347090966602962e-10,0.0,-1.0068007969415581e-09,0.0,-1.2198495699900193e-09,0.0,-1.208870002969205e-09,0.0,-1.636726522518399e-09,0.0,1.2716048110108819e-08
2009.9250752421622,0.0,2.1147656034707875e-08,0.0,-1.0928908806163656e-08,0.0,-1.0433717016519273e-09,0.0,-8.756100120507949e-10,0.0,-3.5852953531315543e-10,0.0,-3.28405998426581e-10,0.0,-1.2585764498539192e-09,0.0,-5.609890469076982e-10,0.0,-1.0928908806163656e-08,0.0,2.1253388037407916e-08,0.0,-1.2250186377837324e-09,0.0,-1.0155669986702878e-09,0.0,-3.938549221859946e-10,0.0,-3.585295353131552e-10,0.0,-1.2700074758931529e-09,0.0,-5.896638882469787e-10,0.0,-1.0433717016519283e-09,0.0,-1.225018637783732e-09,0.0,2.14590254860474e-08,0.0,-1.067433078729807e-08,0.0,-1.0155669986702876e-09,0.0,-8.75610012050795e-10,0.0,-1.0481985404654647e-09,0.0,-9.731425658932874e-10,0.0,-8.756100120507946e-10,0.0,-1.0155669986702872e-09,0.0,-1.0674330787298069e-08,0.0,2.1459025486047396e-08,0.0,-1.2250186377837326e-09,0.0,-1.0433717016519266e-09,0.0,-9.731425658932886e-10,0.0,-1.0481985404654656e-09,0.0,-3.585295353131552e-10,0.0,-3.9385492218599433e-10,0.0,-1.015566998670288e-09,0.0,-1.2250186377837318e-09,0.0,2.1253388037407916e-08,0.0,-1.0928908806163654e-08,0.0,-5.896638882469787e-10,0.0,-1.2700074758931529e-09,0.0,-3.284059984265814e-10,0.0,-3.585295353131558e-10,0.0,-8.756100120507953e-10,0.0,-1.0433717016519266e-09,0.0,-1.0928908806163656e-08,0.0,2.1147656034707875e-08,0.0,-5.609890469076984e-10,0.0,-1.258576449853919e-09,0.0,-1.2585764498539194e-09,0.0,-1.2700074758931527e-09,0.0,-1.048198540465465e-09,0.0,-9.731425658932886e-10,0.0,-5.896638882469786e-10,0.0,-5.609890469076983e-10,0.0,1.3238907944843834e-08,0.0,-1.704025619821285e-09,0.0,-5.609890469076984e-10,0.0,-5.896638882469787e-10,0.0,-9.731425658932882e-10,0.0,-1.0481985404654647e-09,0.0,-1.270007475893153e-09,0.0,-1.2585764498539184e-09,0.0,-1.704025619821285e-09,0.0,1.3238907944843834e-08
2092.569390800818,0.0,2.2017207631524354e-08,0.0,-1.1378284854661154e-08,0.0,-1.086273171571598e-09,0.0,-9.116134387623732e-10,0.0,-3.7327159133230755e-10,0.0,-3.4190943161403576e-10,0.0,-1.3103267317712126e-09,0.0,-5.840558549139639e-10,0.0,-1.1378284854661153e-08,0.0,2.212728713409065e-08,0.0,-1.2753890859727196e-09,0.0,-1.0573251918203236e-09,0.0,-4.1004949126442017e-10,0.0,-3.732715913323076e-10,0.0,-1.322227779969373e-09,0.0,-6.139097514655149e-10,0.0,-1.0862731715715975e-09,0.0,-1.27538908597272e-09,0.0,2.234138000547468e-08,0.0,-1.111323906941732e-08,0.0,-1.0573251918203245e-09,0.0,-9.116134387623733e-10,0.0,-1.0912984808629506e-09,0.0,-1.013156346650541e-09,0.0,-9.11613438762373e-10,0.0,-1.0573251918203236e-09,0.0,-1.1113239069417318e-08,0.0,2.2341380005474672e-08,0.0,-1.27538908597272e-09,0.0,-1.0862731715715971e-09,0.0,-1.0131563466505417e-09,0.0,-1.091298480862951e-09,0.0,-3.7327159133230796e-10,0.0,-4.1004949126441996e-10,0.0,-1.0573251918203238e-09,0.0,-1.2753890859727202e-09,0.0,2.2127287134090655e-08,0.0,-1.1378284854661154e-08,0.0,-6.139097514655149e-10,0.0,-1.3222277799693734e-09,0.0,-3.419094316140352e-10,0.0,-3.7327159133230786e-10,0.0,-9.116134387623735e-10,0.0,-1.086273171571598e-09,0.0,-1.1378284854661153e-08,0.0,2.201720763152436e-08,0.0,-5.840558549139636e-10,0.0,-1.3103267317712121e-09,0.0,-1.3103267317712124e-09,0.0,-1.322227779969373e-09,0.0,-1.0912984808629512e-09,0.0,-1.0131563466505417e-09,0.0,-6.139097514655149e-10,0.0,-5.840558549139636e-10,0.0,1.3783266786535406e-08,0.0,-1.7740919286500238e-09,0.0,-5.840558549139634e-10,0.0,-6.139097514655148e-10,0.0,-1.0131563466505417e-09,0.0,-1.091298480862951e-09,0.0,-1.3222277799693732e-09,0.0,-1.3103267317712132e-09,0.0,-1.7740919286500242e-09,0.0,1.3783266786535405e-08
2178.6118842210713,0.0,2.292251354448278e-08,0.0,-1.1846138395884121e-08,0.0,-1.1309386687486251e-09,0.0,-9.490972582482862e-10,0.0,-3.8861981279744437e-10,0.0,-3.5596810042057655e-10,0.0,-1.3642048873499199e-09,0.0,-6.080711264143571e-10,0.0,-1.1846138395884123e-08,0.0,2.3037119307882723e-08,0.0,-1.327830671671379e-09,0.0,-1.10080040285046e-09,0.0,-4.2690995037712613e-10,0.0,-3.886198127974441e-10,0.0,-1.3765952841287224e-09,0.0,-6.391525586972914e-10,0.0,-1.130938668748625e-09,0.0,-1.3278306716713784e-09,0.0,2.3260015272993712e-08,0.0,-1.1570194429517513e-08,0.0,-1.1008004028504606e-09,0.0,-9.490972582482862e-10,0.0,-1.1361706092482602e-09,0.0,-1.0548154183513868e-09,0.0,-9.490972582482868e-10,0.0,-1.1008004028504608e-09,0.0,-1.1570194429517518e-08,0.0,2.32600152729937e-08,0.0,-1.327830671671378e-09,0.0,-1.1309386687486245e-09,0.0,-1.0548154183513876e-09,0.0,-1.136170609248261e-09,0.0,-3.886198127974441e-10,0.0,-4.2690995037712613e-10,0.0,-1.1008004028504612e-09,0.0,-1.3278306716713784e-09,0.0,2.3037119307882713e-08,0.0,-1.184613839588412e-08,0.0,-6.391525586972913e-10,0.0,-1.3765952841287221e-09,0.0,-3.559681004205764e-10,0.0,-3.8861981279744473e-10,0.0,-9.490972582482862e-10,0.0,-1.1309386687486237e-09,0.0,-1.1846138395884121e-08,0.0,2.292251354448277e-08,0.0,-6.080711264143576e-10,0.0,-1.3642048873499195e-09,0.0,-1.3642048873499197e-09,0.0,-1.3765952841287228e-09,0.0,-1.1361706092482608e-09,0.0,-1.0548154183513874e-09,0.0,-6.391525586972913e-10,0.0,-6.080711264143574e-10,0.0,1.4350008633665366e-08,0.0,-1.8470392315059534e-09,0.0,-6.080711264143576e-10,0.0,-6.391525586972915e-10,0.0,-1.0548154183513876e-09,0.0,-1.13617060924826e-09,0.0,-1.3765952841287226e-09,0.0,-1.3642048873499197e-09,0.0,-1.8470392315059532e-09,0.0,1.4350008633665366e-08
2268.1922821459616,0.0,2.3865043923402304e-08,0.0,-1.233322918936707e-08,0.0,-1.1774407266456281e-09,0.0,-9.88122341457957e-10,0.0,-4.045991240846122e-10,0.0,-3.7060483508414564e-10,0.0,-1.4202984107282603e-09,0.0,-6.330738604329088e-10,0.0,-1.233322918936707e-08,0.0,2.3984362058915973e-08,0.0,-1.382428556134735e-09,0.0,-1.1460632322866823e-09,0.0,-4.4446367966220776e-10,0.0,-4.045991240846118e-10,0.0,-1.4331982771753105e-09,0.0,-6.654333023935397e-10,0.0,-1.177440726645627e-09,0.0,-1.3824285561347347e-09,0.0,2.4216423084309202e-08,0.0,-1.204593892929339e-08,0.0,-1.1460632322866816e-09,0.0,-9.88122341457957e-10,0.0,-1.1828877946378068e-09,0.0,-1.0981874322459187e-09,0.0,-9.881223414579575e-10,0.0,-1.1460632322866816e-09,0.0,-1.2045938929293392e-08,0.0,2.4216423084309202e-08,0.0,-1.382428556134734e-09,0.0,-1.177440726645628e-09,0.0,-1.0981874322459184e-09,0.0,-1.1828877946378072e-09,0.0,-4.0459912408461216e-10,0.0,-4.4446367966220786e-10,0.0,-1.1460632322866827e-09,0.0,-1.382428556134735e-09,0.0,2.3984362058915973e-08,0.0,-1.2333229189367065e-08,0.0,-6.654333023935396e-10,0.0,-1.4331982771753101e-09,0.0,-3.706048350841455e-10,0.0,-4.0459912408461227e-10,0.0,-9.88122341457957e-10,0.0,-1.177440726645628e-09,0.0,-1.2333229189367065e-08,0.0,2.3865043923402294e-08,0.0,-6.330738604329087e-10,0.0,-1.4202984107282609e-09,0.0,-1.4202984107282605e-09,0.0,-1.4331982771753103e-09,0.0,-1.1828877946378068e-09,0.0,-1.098187432245919e-09,0.0,-6.654333023935396e-10,0.0,-6.330738604329086e-10,0.0,1.494005383306028e-08,0.0,-1.922985989411547e-09,0.0,-6.330738604329086e-10,0.0,-6.654333023935399e-10,0.0,-1.0981874322459195e-09,0.0,-1.182887794637807e-09,0.0,-1.4331982771753103e-09,0.0,-1.420298410728261e-09,0.0,-1.9229859894115465e-09,0.0,1.494005383306028e-08
2361.4560565136667,0.0,2.484632936788047e-08,0.0,-1.2840348234518771e-08,0.0,-1.225854861163946e-09,0.0,-1.0287520622390508e-09,0.0,-4.2123547441303196e-10,0.0,-3.858434045788652e-10,0.0,-1.4786983936378427e-09,0.0,-6.591046595597121e-10,0.0,-1.2840348234518774e-08,0.0,2.4970553639331617e-08,0.0,-1.43927140228746e-09,0.0,-1.1931871836149982e-09,0.0,-4.6273918507722386e-10,0.0,-4.212354744130317e-10,0.0,-1.492128678181789e-09,0.0,-6.927946605375113e-10,0.0,-1.2258548611639471e-09,0.0,-1.43927140228746e-09,0.0,2.5212156574942143e-08,0.0,-1.2541245142612249e-08,0.0,-1.1931871836149974e-09,0.0,-1.0287520622390514e-09,0.0,-1.231525902284058e-09,0.0,-1.1433428212756046e-09,0.0,-1.028752062239051e-09,0.0,-1.193187183614998e-09,0.0,-1.2541245142612249e-08,0.0,2.521215657494214e-08,0.0,-1.4392714022874598e-09,0.0,-1.2258548611639457e-09,0.0,-1.1433428212756052e-09,0.0,-1.231525902284058e-09,0.0,-4.2123547441303164e-10,0.0,-4.6273918507722407e-10,0.0,-1.1931871836149986e-09,0.0,-1.4392714022874598e-09,0.0,2.4970553639331613e-08,0.0,-1.2840348234518771e-08,0.0,-6.927946605375114e-10,0.0,-1.4921286781817902e-09,0.0,-3.858434045788657e-10,0.0,-4.2123547441303185e-10,0.0,-1.0287520622390512e-09,0.0,-1.225854861163946e-09,0.0,-1.284034823451877e-08,0.0,2.484632936788047e-08,0.0,-6.591046595597119e-10,0.0,-1.4786983936378427e-09,0.0,-1.478698393637843e-09,0.0,-1.4921286781817892e-09,0.0,-1.231525902284059e-09,0.0,-1.1433428212756052e-09,0.0,-6.927946605375113e-10,0.0,-6.59104659559712e-10,0.0,1.5554360574466533e-08,0.0,-2.0020555342823444e-09,0.0,-6.591046595597121e-10,0.0,-6.927946605375115e-10,0.0,-1.1433428212756056e-09,0.0,-1.2315259022840582e-09,0.0,-1.4921286781817894e-09,0.0,-1.4786983936378425e-09,0.0,-2.0020555342823444e-09,0.0,1.5554360574466533e-08
2458.5546607931824,0.0,2.5867963412873917e-08,0.0,-1.3368319055146873e-08,0.0,-1.276259693275879e-09,0.0,-1.0710524002519295e-09,0.0,-4.385558799847153e-10,0.0,-4.0170855521409515e-10,0.0,-1.5394996733299023e-09,0.0,-6.862057958865325e-10,0.0,-1.3368319055146873e-08,0.0,2.5997295551288028e-08,0.0,-1.4984515187059112e-09,0.0,-1.2422487826456676e-09,0.0,-4.817661446907656e-10,0.0,-4.385558799847154e-10,0.0,-1.5534821857591396e-09,0.0,-7.212810659503683e-10,0.0,-1.276259693275879e-09,0.0,-1.4984515187059105e-09,0.0,2.6248832742407102e-08,0.0,-1.3056917410116861e-08,0.0,-1.2422487826456684e-09,0.0,-1.0710524002519295e-09,0.0,-1.2821639168751041e-09,0.0,-1.190354914451188e-09,0.0,-1.0710524002519287e-09,0.0,-1.2422487826456682e-09,0.0,-1.3056917410116863e-08,0.0,2.6248832742407092e-08,0.0,-1.49845151870591e-09,0.0,-1.2762596932758778e-09,0.0,-1.190354914451188e-09,0.0,-1.2821639168751043e-09,0.0,-4.3855587998471534e-10,0.0,-4.817661446907657e-10,0.0,-1.2422487826456694e-09,0.0,-1.498451518705911e-09,0.0,2.599729555128802e-08,0.0,-1.3368319055146873e-08,0.0,-7.212810659503676e-10,0.0,-1.5534821857591384e-09,0.0,-4.0170855521409515e-10,0.0,-4.385558799847157e-10,0.0,-1.071052400251929e-09,0.0,-1.276259693275878e-09,0.0,-1.3368319055146871e-08,0.0,2.5867963412873923e-08,0.0,-6.862057958865325e-10,0.0,-1.5394996733299031e-09,0.0,-1.5394996733299033e-09,0.0,-1.5534821857591392e-09,0.0,-1.2821639168751041e-09,0.0,-1.1903549144511878e-09,0.0,-7.212810659503681e-10,0.0,-6.862057958865327e-10,0.0,1.6193926446579677e-08,0.0,-2.0843762692088683e-09,0.0,-6.862057958865324e-10,0.0,-7.212810659503678e-10,0.0,-1.1903549144511882e-09,0.0,-1.2821639168751045e-09,0.0,-1.5534821857591388e-09,0.0,-1.5394996733299035e-09,0.0,-2.084376269208868e-09,0.0,1.6193926446579677e-08
2559.645775933539,0.0,2.693160511648107e-08,0.0,-1.3917999036799539e-08,0.0,-1.3287370766993272e-09,0.0,-1.1150920481157235e-09,0.0,-4.565884678567755e-10,0.0,-4.182260508206044e-10,0.0,-1.6028009865839773e-09,0.0,-7.14421279653554e-10,0.0,-1.3917999036799539e-08,0.0,2.7066255147681648e-08,0.0,-1.5600650095204167e-09,0.0,-1.2933277017854553e-09,0.0,-5.015754568774417e-10,0.0,-4.565884678567751e-10,0.0,-1.617358433464124e-09,0.0,-7.509387784467919e-10,0.0,-1.3287370766993268e-09,0.0,-1.5600650095204167e-09,0.0,2.732813507209643e-08,0.0,-1.3593793145415099e-08,0.0,-1.293327701785456e-09,0.0,-1.1150920481157235e-09,0.0,-1.334884070799937e-09,0.0,-1.239300055933562e-09,0.0,-1.1150920481157233e-09,0.0,-1.2933277017854555e-09,0.0,-1.3593793145415104e-08,0.0,2.732813507209642e-08,0.0,-1.5600650095204156e-09,0.0,-1.3287370766993264e-09,0.0,-1.2393000559335626e-09,0.0,-1.334884070799938e-09,0.0,-4.565884678567752e-10,0.0,-5.015754568774413e-10,0.0,-1.2933277017854561e-09,0.0,-1.5600650095204159e-09,0.0,2.706625514768164e-08,0.0,-1.3917999036799536e-08,0.0,-7.509387784467919e-10,0.0,-1.6173584334641238e-09,0.0,-4.1822605082060416e-10,0.0,-4.5658846785677574e-10,0.0,-1.1150920481157235e-09,0.0,-1.3287370766993272e-09,0.0,-1.391799903679954e-08,0.0,2.693160511648107e-08,0.0,-7.144212796535543e-10,0.0,-1.6028009865839773e-09,0.0,-1.6028009865839775e-09,0.0,-1.6173584334641238e-09,0.0,-1.3348840707999376e-09,0.0,-1.2393000559335626e-09,0.0,-7.509387784467917e-10,0.0,-7.144212796535541e-10,0.0,1.685979005705458e-08,0.0,-2.1700818769737334e-09,0.0,-7.144212796535543e-10,0.0,-7.509387784467919e-10,0.0,-1.239300055933563e-09,0.0,-1.334884070799937e-09,0.0,-1.6173584334641236e-09,0.0,-1.6028009865839777e-09,0.0,-2.170081876973733e-09,0.0,1.6859790057054584e-08
2664.893566426,0.0,2.8038981754129822e-08,0.0,-1.4490280819096197e-08,0.0,-1.3833722308221712e-09,0.0,-1.1609425229600763e-09,0.0,-4.753625216176854e-10,0.0,-4.3542271458913006e-10,0.0,-1.6687051300491312e-09,0.0,-7.43796930718753e-10,0.0,-1.4490280819096195e-08,0.0,2.8179168339804778e-08,0.0,-1.6242119304812825e-09,0.0,-1.3465068894197147e-09,0.0,-5.221992904945542e-10,0.0,-4.753625216176858e-10,0.0,-1.6838611515968171e-09,0.0,-7.818159599575063e-10,0.0,-1.383372230822171e-09,0.0,-1.6242119304812825e-09,0.0,2.8451816271136044e-08,0.0,-1.4152744194977686e-08,0.0,-1.3465068894197162e-09,0.0,-1.1609425229600745e-09,0.0,-1.3897719776877702e-09,0.0,-1.2902577290110488e-09,0.0,-1.1609425229600757e-09,0.0,-1.3465068894197162e-09,0.0,-1.4152744194977689e-08,0.0,2.845181627113603e-08,0.0,-1.624211930481282e-09,0.0,-1.3833722308221712e-09,0.0,-1.290257729011049e-09,0.0,-1.3897719776877702e-09,0.0,-4.75362521617686e-10,0.0,-5.221992904945534e-10,0.0,-1.3465068894197174e-09,0.0,-1.6242119304812825e-09,0.0,2.8179168339804778e-08,0.0,-1.4490280819096194e-08,0.0,-7.81815959957506e-10,0.0,-1.6838611515968165e-09,0.0,-4.354227145891299e-10,0.0,-4.753625216176863e-10,0.0,-1.1609425229600747e-09,0.0,-1.3833722308221697e-09,0.0,-1.4490280819096194e-08,0.0,2.8038981754129812e-08,0.0,-7.437969307187531e-10,0.0,-1.668705130049132e-09,0.0,-1.6687051300491312e-09,0.0,-1.683861151596817e-09,0.0,-1.3897719776877704e-09,0.0,-1.290257729011049e-09,0.0,-7.818159599575059e-10,0.0,-7.43796930718753e-10,0.0,1.7553032719127457e-08,0.0,-2.259311537142597e-09,0.0,-7.437969307187533e-10,0.0,-7.81815959957506e-10,0.0,-1.2902577290110498e-09,0.0,-1.3897719776877698e-09,0.0,-1.6838611515968171e-09,0.0,-1.668705130049132e-09,0.0,-2.2593115371425964e-09,0.0,1.7553032719127457e-08
2774.4689468950514,0.0,2.9191891623545014e-08,0.0,-1.5086093745308228e-08,0.0,-1.440253879092257e-09,0.0,-1.2086782825636612e-09,0.0,-4.949085289416634e-10,0.0,-4.533264726292529e-10,0.0,-1.737319127178111e-09,0.0,-7.743804529659577e-10,0.0,-1.5086093745308218e-08,0.0,2.9337842416337105e-08,0.0,-1.6909964514419249e-09,0.0,-1.4018727046144435e-09,0.0,-5.436711371219416e-10,0.0,-4.949085289416646e-10,0.0,-1.7530983356509368e-09,0.0,-8.139627527406842e-10,0.0,-1.4402538790922571e-09,0.0,-1.6909964514419253e-09,0.0,2.9621701114652136e-08,0.0,-1.473467825395238e-08,0.0,-1.4018727046144439e-09,0.0,-1.2086782825636563e-09,0.0,-1.4469167714382376e-09,0.0,-1.3433106851743705e-09,0.0,-1.208678282563661e-09,0.0,-1.4018727046144443e-09,0.0,-1.4734678253952382e-08,0.0,2.9621701114652116e-08,0.0,-1.690996451441926e-09,0.0,-1.4402538790922607e-09,0.0,-1.3433106851743728e-09,0.0,-1.4469167714382397e-09,0.0,-4.949085289416648e-10,0.0,-5.43671137121941e-10,0.0,-1.4018727046144484e-09,0.0,-1.690996451441925e-09,0.0,2.9337842416337102e-08,0.0,-1.508609374530822e-08,0.0,-8.139627527406837e-10,0.0,-1.7530983356509357e-09,0.0,-4.533264726292527e-10,0.0,-4.949085289416648e-10,0.0,-1.2086782825636596e-09,0.0,-1.4402538790922553e-09,0.0,-1.508609374530821e-08,0.0,2.9191891623545e-08,0.0,-7.743804529659569e-10,0.0,-1.7373191271781135e-09,0.0,-1.7373191271781093e-09,0.0,-1.7530983356509368e-09,0.0,-1.4469167714382378e-09,0.0,-1.3433106851743728e-09,0.0,-8.139627527406833e-10,0.0,-7.743804529659577e-10,0.0,1.827478020758855e-08,0.0,-2.352210152081481e-09,0.0,-7.743804529659586e-10,0.0,-8.139627527406841e-10,0.0,-1.3433106851743736e-09,0.0,-1.4469167714382387e-09,0.0,-1.7530983356509378e-09,0.0,-1.7373191271781122e-09,0.0,-2.3522101520814794e-09,0.0,1.8274780207588554e-08
2888.5498596510947,0.0,3.039220696505078e-08,0.0,-1.5706405371543586e-08,0.0,-1.499474393097705e-09,0.0,-1.2583768462681058e-09,0.0,-5.15258231098396e-10,0.0,-4.719663993193316e-10,0.0,-1.808754402025507e-09,0.0,-8.0622151177242e-10,0.0,-1.570640537154358e-08,0.0,3.054415897824861e-08,0.0,-1.7605270255229996e-09,0.0,-1.459515057357003e-09,0.0,-5.660258654498245e-10,0.0,-5.152582310983953e-10,0.0,-1.825182421690529e-09,0.0,-8.474313608092658e-10,0.0,-1.4994743930977044e-09,0.0,-1.7605270255229992e-09,0.0,3.083968940907078e-08,0.0,-1.534054034019368e-08,0.0,-1.4595150573570035e-09,0.0,-1.2583768462681064e-09,0.0,-1.5064112509682504e-09,0.0,-1.3985450784989543e-09,0.0,-1.258376846268105e-09,0.0,-1.4595150573570035e-09,0.0,-1.5340540340193684e-08,0.0,3.083968940907077e-08,0.0,-1.7605270255230007e-09,0.0,-1.499474393097703e-09,0.0,-1.398545078498954e-09,0.0,-1.5064112509682498e-09,0.0,-5.152582310983961e-10,0.0,-5.660258654498245e-10,0.0,-1.459515057357003e-09,0.0,-1.7605270255229994e-09,0.0,3.054415897824861e-08,0.0,-1.570640537154358e-08,0.0,-8.474313608092651e-10,0.0,-1.8251824216905273e-09,0.0,-4.719663993193304e-10,0.0,-5.152582310983961e-10,0.0,-1.2583768462681079e-09,0.0,-1.499474393097706e-09,0.0,-1.5706405371543583e-08,0.0,3.039220696505078e-08,0.0,-8.062215117724201e-10,0.0,-1.8087544020255072e-09,0.0,-1.8087544020255105e-09,0.0,-1.825182421690529e-09,0.0,-1.5064112509682508e-09,0.0,-1.3985450784989541e-09,0.0,-8.474313608092645e-10,0.0,-8.062215117724207e-10,0.0,1.9026204586957046e-08,0.0,-2.4489285822674787e-09,0.0,-8.062215117724204e-10,0.0,-8.474313608092648e-10,0.0,-1.3985450784989541e-09,0.0,-1.5064112509682508e-09,0.0,-1.8251824216905284e-09,0.0,-1.808754402025508e-09,0.0,-2.4489285822674787e-09,0.0,1.902620458695705e-08
3007.32156365561,0.0,3.1641877001950535e-08,0.0,-1.6352223037986507e-08,0.0,-1.561129942571537e-09,0.0,-1.310118920863675e-09,0.0,-5.364446744985112e-10,0.0,-4.913727645211427e-10,0.0,-1.883126960192181e-09,0.0,-8.393718146617311e-10,0.0,-1.6352223037986504e-08,0.0,3.1800076994380626e-08,0.0,-1.8329165652322512e-09,0.0,-1.5195275545632941e-09,0.0,-5.892997779029838e-10,0.0,-5.364446744985117e-10,0.0,-1.900230468937827e-09,0.0,-8.822761347064125e-10,0.0,-1.5611299425715365e-09,0.0,-1.8329165652322512e-09,0.0,3.21077590772633e-08,0.0,-1.5971314328901943e-08,0.0,-1.5195275545632923e-09,0.0,-1.310118920863677e-09,0.0,-1.5683520309105716e-09,0.0,-1.4560506055527666e-09,0.0,-1.3101189208636756e-09,0.0,-1.5195275545632933e-09,0.0,-1.5971314328901943e-08,0.0,3.21077590772633e-08,0.0,-1.832916565232251e-09,0.0,-1.561129942571536e-09,0.0,-1.456050605552765e-09,0.0,-1.5683520309105716e-09,0.0,-5.364446744985116e-10,0.0,-5.892997779029842e-10,0.0,-1.5195275545632923e-09,0.0,-1.8329165652322517e-09,0.0,3.180007699438062e-08,0.0,-1.6352223037986507e-08,0.0,-8.822761347064125e-10,0.0,-1.9002304689378273e-09,0.0,-4.913727645211424e-10,0.0,-5.364446744985114e-10,0.0,-1.3101189208636756e-09,0.0,-1.5611299425715363e-09,0.0,-1.6352223037986507e-08,0.0,3.164187700195055e-08,0.0,-8.393718146617316e-10,0.0,-1.8831269601921805e-09,0.0,-1.8831269601921813e-09,0.0,-1.9002304689378273e-09,0.0,-1.5683520309105718e-09,0.0,-1.4560506055527647e-09,0.0,-8.822761347064128e-10,0.0,-8.393718146617308e-10,0.0,1.980852611482722e-08,0.0,-2.5496238912750235e-09,0.0,-8.393718146617306e-10,0.0,-8.822761347064127e-10,0.0,-1.4560506055527662e-09,0.0,-1.5683520309105724e-09,0.0,-1.900230468937827e-09,0.0,-1.8831269601921813e-09,0.0,-2.549623891275024e-09,0.0,1.980852611482722e-08
3130.976935367991,0.0,3.2942931105921206e-08,0.0,-1.702459550474329e-08,0.0,-1.6253206515642107e-09,0.0,-1.3639885316511212e-09,0.0,-5.585022643585083e-10,0.0,-5.115770827359001e-10,0.0,-1.960557577209776e-09,0.0,-8.738851952729901e-10,0.0,-1.7024595504743286e-08,0.0,3.310763598266605e-08,0.0,-1.9082826258260726e-09,0.0,-1.582007652088457e-09,0.0,-6.135306695932084e-10,0.0,-5.585022643585095e-10,0.0,-1.9783643498687607e-09,0.0,-9.185536597667741e-10,0.0,-1.62532065156421e-09,0.0,-1.908282625826073e-09,0.0,3.342796937054646e-08,0.0,-1.6628024550363912e-08,0.0,-1.5820076520884551e-09,0.0,-1.3639885316511222e-09,0.0,-1.6328396985088351e-09,0.0,-1.5159206510569134e-09,0.0,-1.3639885316511222e-09,0.0,-1.5820076520884562e-09,0.0,-1.6628024550363912e-08,0.0,3.342796937054646e-08,0.0,-1.9082826258260713e-09,0.0,-1.6253206515642107e-09,0.0,-1.5159206510569127e-09,0.0,-1.6328396985088357e-09,0.0,-5.585022643585086e-10,0.0,-6.13530669593209e-10,0.0,-1.5820076520884556e-09,0.0,-1.9082826258260726e-09,0.0,3.3107635982666044e-08,0.0,-1.702459550474329e-08,0.0,-9.185536597667745e-10,0.0,-1.9783643498687623e-09,0.0,-5.115770827359008e-10,0.0,-5.585022643585087e-10,0.0,-1.36398853165112e-09,0.0,-1.625320651564209e-09,0.0,-1.702459550474329e-08,0.0,3.294293110592122e-08,0.0,-8.738851952729909e-10,0.0,-1.9605575772097747e-09,0.0,-1.9605575772097743e-09,0.0,-1.978364349868762e-09,0.0,-1.6328396985088357e-09,0.0,-1.515920651056911e-09,0.0,-9.185536597667751e-10,0.0,-8.738851952729894e-10,0.0,2.062301522347642e-08,0.0,-2.654459600835507e-09,0.0,-8.738851952729898e-10,0.0,-9.185536597667747e-10,0.0,-1.5159206510569134e-09,0.0,-1.6328396985088364e-09,0.0,-1.9783643498687607e-09,0.0,-1.9605575772097755e-09,0.0,-2.6544596008355072e-09,0.0,2.0623015223476415e-08
3259.7167819626447,0.0,3.429748209256273e-08,0.0,-1.772461465495114e-08,0.0,-1.6921507610376638e-09,0.0,-1.4200731588925545e-09,0.0,-5.814668205722803e-10,0.0,-5.326121642814694e-10,0.0,-2.041171994671243e-09,0.0,-9.098177007826665e-10,0.0,-1.772461465495114e-08,0.0,3.4468959322155647e-08,0.0,-1.9867475962105376e-09,0.0,-1.6470568129879732e-09,0.0,-6.387578896957617e-10,0.0,-5.814668205722805e-10,0.0,-2.0597109481248415e-09,0.0,-9.563228480068779e-10,0.0,-1.6921507610376628e-09,0.0,-1.986747596210538e-09,0.0,3.480246421275428e-08,0.0,-1.73117374533893e-08,0.0,-1.6470568129879742e-09,0.0,-1.4200731588925516e-09,0.0,-1.6999789769637835e-09,0.0,-1.5782524395355117e-09,0.0,-1.4200731588925551e-09,0.0,-1.6470568129879753e-09,0.0,-1.7311737453389303e-08,0.0,3.4802464212754273e-08,0.0,-1.986747596210538e-09,0.0,-1.6921507610376657e-09,0.0,-1.578252439535514e-09,0.0,-1.6999789769637835e-09,0.0,-5.814668205722794e-10,0.0,-6.387578896957611e-10,0.0,-1.647056812987976e-09,0.0,-1.9867475962105364e-09,0.0,3.446895932215564e-08,0.0,-1.772461465495114e-08,0.0,-9.563228480068779e-10,0.0,-2.059710948124842e-09,0.0,-5.326121642814704e-10,0.0,-5.814668205722805e-10,0.0,-1.4200731588925529e-09,0.0,-1.6921507610376644e-09,0.0,-1.772461465495114e-08,0.0,3.429748209256273e-08,0.0,-9.098177007826669e-10,0.0,-2.0411719946712397e-09,0.0,-2.0411719946712397e-09,0.0,-2.0597109481248428e-09,0.0,-1.6999789769637839e-09,0.0,-1.5782524395355128e-09,0.0,-9.563228480068779e-10,0.0,-9.098177007826671e-10,0.0,2.1470994582953084e-08,0.0,-2.7636059563844683e-09,0.0,-9.098177007826679e-10,0.0,-9.563228480068783e-10,0.0,-1.5782524395355134e-09,0.0,-1.699978976963783e-09,0.0,-2.0597109481248415e-09,0.0,-2.0411719946712397e-09,0.0,-2.7636059563844683e-09,0.0,2.1470994582953084e-08
3393.75016742499,0.0,3.570772965245428e-08,0.0,-1.8453417267915635e-08,0.0,-1.761728798144926e-09,0.0,-1.4784638798729124e-09,0.0,-6.053756358799722e-10,0.0,-5.545121685738951e-10,0.0,-2.12510112442588e-09,0.0,-9.472276829210672e-10,0.0,-1.8453417267915638e-08,0.0,3.588625770122854e-08,0.0,-2.0684388976919337e-09,0.0,-1.714780672286169e-09,0.0,-6.650224053495292e-10,0.0,-6.053756358799719e-10,0.0,-2.1444023645628092e-09,0.0,-9.956450337938829e-10,0.0,-1.761728798144925e-09,0.0,-2.0684388976919332e-09,0.0,3.6233475681811726e-08,0.0,-1.8023563337144752e-08,0.0,-1.7147806722861695e-09,0.0,-1.4784638798729126e-09,0.0,-1.7698788954959947e-09,0.0,-1.6431471932011323e-09,0.0,-1.4784638798729134e-09,0.0,-1.7147806722861684e-09,0.0,-1.802356333714476e-08,0.0,3.623347568181172e-08,0.0,-2.068438897691933e-09,0.0,-1.761728798144926e-09,0.0,-1.6431471932011312e-09,0.0,-1.7698788954959953e-09,0.0,-6.053756358799711e-10,0.0,-6.650224053495288e-10,0.0,-1.714780672286169e-09,0.0,-2.068438897691933e-09,0.0,3.588625770122855e-08,0.0,-1.8453417267915635e-08,0.0,-9.956450337938827e-10,0.0,-2.1444023645628092e-09,0.0,-5.545121685738965e-10,0.0,-6.053756358799722e-10,0.0,-1.4784638798729132e-09,0.0,-1.761728798144926e-09,0.0,-1.845341726791564e-08,0.0,3.570772965245427e-08,0.0,-9.472276829210684e-10,0.0,-2.1251011244258787e-09,0.0,-2.1251011244258783e-09,0.0,-2.144402364562809e-09,0.0,-1.7698788954959939e-09,0.0,-1.6431471932011314e-09,0.0,-9.956450337938833e-10,0.0,-9.47227682921068e-10,0.0,2.235384124899508e-08,0.0,-2.877240203527586e-09,0.0,-9.47227682921068e-10,0.0,-9.956450337938827e-10,0.0,-1.6431471932011318e-09,0.0,-1.7698788954959937e-09,0.0,-2.1444023645628105e-09,0.0,-2.1251011244258783e-09,0.0,-2.877240203527587e-09,0.0,2.2353841248995084e-08
3533.294752055897,0.0,3.7175963923288994e-08,0.0,-1.9212186865156177e-08,0.0,-1.834167752470185e-09,0.0,-1.5392555168027462e-09,0.0,-6.30267536428632e-10,0.0,-5.773126595997684e-10,0.0,-2.212481261170501e-09,0.0,-9.861758927312227e-10,0.0,-1.9212186865156183e-08,0.0,3.736183270758654e-08,0.0,-2.1534891908995317e-09,0.0,-1.7852892085196554e-09,0.0,-6.923668681846232e-10,0.0,-6.302675364286318e-10,0.0,-2.2325761317766467e-09,0.0,-1.0365840734480626e-09,0.0,-1.834167752470185e-09,0.0,-2.1534891908995317e-09,0.0,3.772332763446411e-08,0.0,-1.8764658154197547e-08,0.0,-1.7852892085196548e-09,0.0,-1.5392555168027478e-09,0.0,-1.8426529664012755e-09,0.0,-1.710710296332165e-09,0.0,-1.5392555168027472e-09,0.0,-1.7852892085196533e-09,0.0,-1.876465815419755e-08,0.0,3.7723327634464115e-08,0.0,-2.1534891908995305e-09,0.0,-1.834167752470185e-09,0.0,-1.7107102963321625e-09,0.0,-1.8426529664012755e-09,0.0,-6.302675364286312e-10,0.0,-6.923668681846229e-10,0.0,-1.785289208519654e-09,0.0,-2.1534891908995317e-09,0.0,3.736183270758655e-08,0.0,-1.9212186865156177e-08,0.0,-1.0365840734480626e-09,0.0,-2.2325761317766463e-09,0.0,-5.773126595997697e-10,0.0,-6.30267536428632e-10,0.0,-1.5392555168027476e-09,0.0,-1.8341677524701846e-09,0.0,-1.9212186865156183e-08,0.0,3.7175963923288994e-08,0.0,-9.861758927312233e-10,0.0,-2.2124812611705015e-09,0.0,-2.2124812611705007e-09,0.0,-2.232576131776646e-09,0.0,-1.8426529664012749e-09,0.0,-1.7107102963321632e-09,0.0,-1.0365840734480634e-09,0.0,-9.86175892731223e-10,0.0,2.32729888992663e-08,0.0,-2.9955468758744324e-09,0.0,-9.861758927312227e-10,0.0,-1.0365840734480626e-09,0.0,-1.7107102963321636e-09,0.0,-1.8426529664012749e-09,0.0,-2.232576131776648e-09,0.0,-2.2124812611705007e-09,0.0,-2.995546875874433e-09,0.0,2.3272988899266305e-08
3678.577145935911,0.0,3.870456920888817e-08,0.0,-2.0002155632357376e-08,0.0,-1.9095852595155122e-09,0.0,-1.6025467908024618e-09,0.0,-6.56182944823001e-10,0.0,-6.01050663669508e-10,0.0,-2.30345430378193e-09,0.0,-1.0267255792240889e-09,0.0,-2.000215563235738e-08,0.0,3.8898080565862294e-08,0.0,-2.2420365912166356e-09,0.0,-1.8586969223343506e-09,0.0,-7.208356835854729e-10,0.0,-6.561829448230016e-10,0.0,-2.3243754374403394e-09,0.0,-1.0792064489407397e-09,0.0,-1.9095852595155127e-09,0.0,-2.242036591216636e-09,0.0,3.9274439480048494e-08,0.0,-1.9536225387697015e-08,0.0,-1.8586969223343501e-09,0.0,-1.6025467908024599e-09,0.0,-1.9184193693862282e-09,0.0,-1.7810514664091057e-09,0.0,-1.6025467908024615e-09,0.0,-1.8586969223343518e-09,0.0,-1.9536225387697015e-08,0.0,3.92744394800485e-08,0.0,-2.242036591216635e-09,0.0,-1.9095852595155147e-09,0.0,-1.7810514664091048e-09,0.0,-1.9184193693862257e-09,0.0,-6.561829448230012e-10,0.0,-7.208356835854725e-10,0.0,-1.8586969223343518e-09,0.0,-2.242036591216636e-09,0.0,3.8898080565862294e-08,0.0,-2.000215563235738e-08,0.0,-1.0792064489407397e-09,0.0,-2.3243754374403373e-09,0.0,-6.01050663669508e-10,0.0,-6.561829448230015e-10,0.0,-1.6025467908024605e-09,0.0,-1.9095852595155122e-09,0.0,-2.0002155632357376e-08,0.0,3.870456920888817e-08,0.0,-1.026725579224088e-09,0.0,-2.3034543037819315e-09,0.0,-2.303454303781931e-09,0.0,-2.3243754374403394e-09,0.0,-1.9184193693862286e-09,0.0,-1.7810514664091057e-09,0.0,-1.079206448940739e-09,0.0,-1.0267255792240884e-09,0.0,2.4229930161543123e-08,0.0,-3.1187180947073957e-09,0.0,-1.026725579224088e-09,0.0,-1.0792064489407397e-09,0.0,-1.7810514664091044e-09,0.0,-1.9184193693862295e-09,0.0,-2.324375437440336e-09,0.0,-2.3034543037819315e-09,0.0,-3.118718094707396e-09,0.0,2.422993016154312e-08
3829.8332769232675,0.0,4.029602785113429e-08,0.0,-2.082460642034747e-08,0.0,-1.988103791732217e-09,0.0,-1.6684404822181176e-09,0.0,-6.831639457688349e-10,0.0,-6.25764729545351e-10,0.0,-2.3981679857502857e-09,0.0,-1.0689425920902616e-09,0.0,-2.0824606420347468e-08,0.0,4.0497496028910824e-08,0.0,-2.3342248930697503e-09,0.0,-1.9351230224260674e-09,0.0,-7.504750828018847e-10,0.0,-6.831639457688345e-10,0.0,-2.4199493568340602e-09,0.0,-1.1235813758560897e-09,0.0,-1.988103791732218e-09,0.0,-2.334224893069751e-09,0.0,4.088933010943552e-08,0.0,-2.033951800574219e-08,0.0,-1.9351230224260687e-09,0.0,-1.6684404822181164e-09,0.0,-1.9973011434833538e-09,0.0,-1.8542849322876254e-09,0.0,-1.6684404822181174e-09,0.0,-1.935123022426069e-09,0.0,-2.0339518005742193e-08,0.0,4.088933010943552e-08,0.0,-2.3342248930697503e-09,0.0,-1.9881037917322174e-09,0.0,-1.8542849322876242e-09,0.0,-1.997301143483352e-09,0.0,-6.831639457688352e-10,0.0,-7.504750828018847e-10,0.0,-1.9351230224260687e-09,0.0,-2.3342248930697507e-09,0.0,4.049749602891082e-08,0.0,-2.0824606420347475e-08,0.0,-1.123581375856089e-09,0.0,-2.419949356834061e-09,0.0,-6.257647295453504e-10,0.0,-6.831639457688353e-10,0.0,-1.6684404822181156e-09,0.0,-1.988103791732218e-09,0.0,-2.082460642034747e-08,0.0,4.02960278511343e-08,0.0,-1.0689425920902627e-09,0.0,-2.3981679857502853e-09,0.0,-2.398167985750285e-09,0.0,-2.4199493568340607e-09,0.0,-1.997301143483354e-09,0.0,-1.8542849322876238e-09,0.0,-1.1235813758560891e-09,0.0,-1.068942592090262e-09,0.0,2.5226219037631494e-08,0.0,-3.2469538809724358e-09,0.0,-1.0689425920902614e-09,0.0,-1.1235813758560891e-09,0.0,-1.8542849322876246e-09,0.0,-1.9973011434833538e-09,0.0,-2.4199493568340594e-09,0.0,-2.3981679857502853e-09,0.0,-3.246953880972437e-09,0.0,2.522621903763149e-08
3987.3087737832443,0.0,4.1952924261110314e-08,0.0,-2.1680874828353002e-08,0.0,-2.0698508574070315e-09,0.0,-1.7370435975290977e-09,0.0,-7.112543544153432e-10,0.0,-6.514949910416865e-10,0.0,-2.4967761150872124e-09,0.0,-1.1128954886350005e-09,0.0,-2.1680874828353002e-08,0.0,4.216267642910333e-08,0.0,-2.4302038034400706e-09,0.0,-2.0146916191265853e-09,0.0,-7.813331980251671e-10,0.0,-7.112543544153423e-10,0.0,-2.519453094931394e-09,0.0,-1.1697809157921196e-09,0.0,-2.0698508574070327e-09,0.0,-2.4302038034400706e-09,0.0,4.257062198552155e-08,0.0,-2.1175840496109145e-08,0.0,-2.0146916191265845e-09,0.0,-1.7370435975290975e-09,0.0,-2.0794263868573216e-09,0.0,-1.9305296196977634e-09,0.0,-1.7370435975290975e-09,0.0,-2.0146916191265853e-09,0.0,-2.1175840496109152e-08,0.0,4.257062198552155e-08,0.0,-2.43020380344007e-09,0.0,-2.069850857407032e-09,0.0,-1.9305296196977634e-09,0.0,-2.0794263868573208e-09,0.0,-7.112543544153427e-10,0.0,-7.813331980251675e-10,0.0,-2.014691619126585e-09,0.0,-2.430203803440071e-09,0.0,4.216267642910333e-08,0.0,-2.1680874828353e-08,0.0,-1.1697809157921192e-09,0.0,-2.519453094931394e-09,0.0,-6.514949910416869e-10,0.0,-7.112543544153431e-10,0.0,-1.7370435975290969e-09,0.0,-2.0698508574070315e-09,0.0,-2.1680874828352996e-08,0.0,4.1952924261110314e-08,0.0,-1.112895488635001e-09,0.0,-2.4967761150872124e-09,0.0,-2.496776115087213e-09,0.0,-2.519453094931394e-09,0.0,-2.0794263868573216e-09,0.0,-1.9305296196977626e-09,0.0,-1.169780915792119e-09,0.0,-1.1128954886350003e-09,0.0,2.6263473426950752e-08,0.0,-3.38046248009828e-09,0.0,-1.1128954886349997e-09,0.0,-1.1697809157921196e-09,0.0,-1.9305296196977642e-09,0.0,-2.0794263868573216e-09,0.0,-2.519453094931394e-09,0.0,-2.4967761150872124e-09,0.0,-3.38046248009828e-09,0.0,2.626347342695076e-08
4151.259365071149,0.0,4.367794911599245e-08,0.0,-2.2572351372913363e-08,0.0,-2.154959207726157e-09,0.0,-1.80846754311873e-09,0.0,-7.40499787507762e-10,0.0,-6.78283232199406e-10,0.0,-2.5994388240987515e-09,0.0,-1.158655645110222e-09,0.0,-2.2572351372913367e-08,0.0,4.3896325896203235e-08,0.0,-2.5301291849765674e-09,0.0,-2.0975319259496725e-09,0.0,-8.134601405512537e-10,0.0,-7.404997875077612e-10,0.0,-2.623048238440739e-09,0.0,-1.2178800933833887e-09,0.0,-2.1549592077261564e-09,0.0,-2.5301291849765687e-09,0.0,4.432104540191472e-08,0.0,-2.204655098464283e-08,0.0,-2.097531925949673e-09,0.0,-1.8084675431187305e-09,0.0,-2.164928464826932e-09,0.0,-2.0099093443705396e-09,0.0,-1.8084675431187315e-09,0.0,-2.0975319259496713e-09,0.0,-2.204655098464283e-08,0.0,4.432104540191472e-08,0.0,-2.530129184976567e-09,0.0,-2.1549592077261555e-09,0.0,-2.0099093443705404e-09,0.0,-2.1649284648269315e-09,0.0,-7.404997875077619e-10,0.0,-8.13460140551254e-10,0.0,-2.0975319259496733e-09,0.0,-2.530129184976567e-09,0.0,4.389632589620323e-08,0.0,-2.257235137291336e-08,0.0,-1.2178800933833876e-09,0.0,-2.6230482384407405e-09,0.0,-6.782832321994053e-10,0.0,-7.404997875077614e-10,0.0,-1.808467543118732e-09,0.0,-2.1549592077261555e-09,0.0,-2.2572351372913367e-08,0.0,4.3677949115992436e-08,0.0,-1.1586556451102232e-09,0.0,-2.599438824098749e-09,0.0,-2.5994388240987506e-09,0.0,-2.623048238440738e-09,0.0,-2.1649284648269315e-09,0.0,-2.00990934437054e-09,0.0,-1.2178800933833882e-09,0.0,-1.1586556451102228e-09,0.0,2.734337775388283e-08,0.0,-3.5194607001716213e-09,0.0,-1.1586556451102234e-09,0.0,-1.2178800933833885e-09,0.0,-2.00990934437054e-09,0.0,-2.164928464826932e-09,0.0,-2.623048238440739e-09,0.0,-2.599438824098751e-09,0.0,-3.5194607001716213e-09,0.0,2.7343377753882828e-08
4321.95129441654,0.0,4.547390372851056e-08,0.0,-2.3500483745976653e-08,0.0,-2.243567052353346e-09,0.0,-1.8828283061900044e-09,0.0,-7.70947737465565e-10,0.0,-7.061729551400865e-10,0.0,-2.7063228294283303e-09,0.0,-1.2062973726242542e-09,0.0,-2.350048374597665e-08,0.0,4.570125974867249e-08,0.0,-2.6341633091053864e-09,0.0,-2.1837784694242605e-09,0.0,-8.46908082157738e-10,0.0,-7.709477374655659e-10,0.0,-2.7309030182101556e-09,0.0,-1.2679570181354487e-09,0.0,-2.2435670523533456e-09,0.0,-2.6341633091053868e-09,0.0,4.6143442916729545e-08,0.0,-2.295306344075281e-08,0.0,-2.18377846942426e-09,0.0,-1.882828306190002e-09,0.0,-2.253946226440516e-09,0.0,-2.092553013105523e-09,0.0,-1.8828283061900023e-09,0.0,-2.18377846942426e-09,0.0,-2.2953063440752804e-08,0.0,4.614344291672955e-08,0.0,-2.634163309105385e-09,0.0,-2.2435670523533464e-09,0.0,-2.092553013105524e-09,0.0,-2.253946226440517e-09,0.0,-7.709477374655652e-10,0.0,-8.469080821577381e-10,0.0,-2.1837784694242592e-09,0.0,-2.634163309105386e-09,0.0,4.570125974867249e-08,0.0,-2.3500483745976653e-08,0.0,-1.2679570181354489e-09,0.0,-2.7309030182101565e-09,0.0,-7.061729551400868e-10,0.0,-7.709477374655654e-10,0.0,-1.8828283061900044e-09,0.0,-2.2435670523533452e-09,0.0,-2.3500483745976653e-08,0.0,4.5473903728510565e-08,0.0,-1.206297372624255e-09,0.0,-2.70632282942833e-09,0.0,-2.706322829428331e-09,0.0,-2.7309030182101556e-09,0.0,-2.253946226440516e-09,0.0,-2.092553013105523e-09,0.0,-1.2679570181354489e-09,0.0,-1.2062973726242552e-09,0.0,2.8467685703152608e-08,0.0,-3.6641742640173918e-09,0.0,-1.2062973726242546e-09,0.0,-1.2679570181354493e-09,0.0,-2.092553013105522e-09,0.0,-2.253946226440517e-09,0.0,-2.7309030182101544e-09,0.0,-2.7063228294283307e-09,0.0,-3.6641742640173914e-09,0.0,2.8467685703152605e-08
4499.66175288319,0.0,4.7343704596072836e-08,0.0,-2.4466779165844256e-08,0.0,-2.3358182838721905e-09,0.0,-1.9602466431201936e-09,0.0,-8.026476495066462e-10,0.0,-7.352094507102294e-10,0.0,-2.817601702792265e-09,0.0,-1.2558980378175703e-09,0.0,-2.4466779165844252e-08,0.0,4.758040906554059e-08,0.0,-2.7424751195466343e-09,0.0,-2.273571307555577e-09,0.0,-8.817313398269742e-10,0.0,-8.026476495066443e-10,0.0,-2.843192582421823e-09,0.0,-1.320093011268912e-09,0.0,-2.335818283872191e-09,0.0,-2.7424751195466335e-09,0.0,4.80407739686911e-08,0.0,-2.3896849973595016e-08,0.0,-2.2735713075555786e-09,0.0,-1.960246643120193e-09,0.0,-2.346624229956517e-09,0.0,-2.1785948331059394e-09,0.0,-1.9602466431201944e-09,0.0,-2.273571307555579e-09,0.0,-2.3896849973595026e-08,0.0,4.804077396869104e-08,0.0,-2.7424751195466335e-09,0.0,-2.3358182838721893e-09,0.0,-2.1785948331059394e-09,0.0,-2.346624229956515e-09,0.0,-8.026476495066458e-10,0.0,-8.817313398269753e-10,0.0,-2.2735713075555823e-09,0.0,-2.7424751195466335e-09,0.0,4.75804090655406e-08,0.0,-2.446677916584426e-08,0.0,-1.3200930112689107e-09,0.0,-2.8431925824218226e-09,0.0,-7.352094507102274e-10,0.0,-8.026476495066442e-10,0.0,-1.9602466431201923e-09,0.0,-2.3358182838721864e-09,0.0,-2.4466779165844256e-08,0.0,4.734370459607283e-08,0.0,-1.2558980378175705e-09,0.0,-2.8176017027922648e-09,0.0,-2.8176017027922656e-09,0.0,-2.843192582421823e-09,0.0,-2.3466242299565204e-09,0.0,-2.1785948331059385e-09,0.0,-1.320093011268911e-09,0.0,-1.2558980378175693e-09,0.0,2.9638223067682236e-08,0.0,-3.814838175755929e-09,0.0,-1.2558980378175705e-09,0.0,-1.3200930112689107e-09,0.0,-2.1785948331059394e-09,0.0,-2.346624229956517e-09,0.0,-2.843192582421824e-09,0.0,-2.8176017027922656e-09,0.0,-3.814838175755928e-09,0.0,2.9638223067682233e-08
4684.679329106864,0.0,4.929038813694174e-08,0.0,-2.5472806824781905e-08,0.0,-2.431862711457009e-09,0.0,-2.040848275560297e-09,0.0,-8.356510019426796e-10,0.0,-7.654398720302285e-10,0.0,-2.933456152847382e-09,0.0,-1.307538188500494e-09,0.0,-2.54728068247819e-08,0.0,4.953682544625999e-08,0.0,-2.8552405066664826e-09,0.0,-2.3670562572689865e-09,0.0,-9.179864639528514e-10,0.0,-8.35651001942679e-10,0.0,-2.9600992810197225e-09,0.0,-1.3743727377790832e-09,0.0,-2.4318627114570077e-09,0.0,-2.8552405066664813e-09,0.0,5.0016119683044216e-08,0.0,-2.487944322266809e-08,0.0,-2.3670562572689852e-09,0.0,-2.0408482755603e-09,0.0,-2.4431129775954053e-09,0.0,-2.26817452992124e-09,0.0,-2.040848275560298e-09,0.0,-2.367056257268985e-09,0.0,-2.4879443222668097e-08,0.0,5.001611968304421e-08,0.0,-2.8552405066664817e-09,0.0,-2.431862711457007e-09,0.0,-2.2681745299212397e-09,0.0,-2.443112977595405e-09,0.0,-8.356510019426796e-10,0.0,-9.179864639528511e-10,0.0,-2.3670562572689852e-09,0.0,-2.8552405066664792e-09,0.0,4.953682544626e-08,0.0,-2.5472806824781908e-08,0.0,-1.3743727377790838e-09,0.0,-2.9600992810197237e-09,0.0,-7.654398720302282e-10,0.0,-8.3565100194268e-10,0.0,-2.040848275560298e-09,0.0,-2.43186271145701e-09,0.0,-2.5472806824781908e-08,0.0,4.929038813694174e-08,0.0,-1.3075381885004934e-09,0.0,-2.9334561528473806e-09,0.0,-2.9334561528473806e-09,0.0,-2.9600992810197233e-09,0.0,-2.443112977595404e-09,0.0,-2.2681745299212397e-09,0.0,-1.3743727377790834e-09,0.0,-1.3075381885004944e-09,0.0,3.0856890713543725e-08,0.0,-3.971697102432285e-09,0.0,-1.3075381885004924e-09,0.0,-1.3743727377790834e-09,0.0,-2.2681745299212406e-09,0.0,-2.443112977595405e-09,0.0,-2.960099281019723e-09,0.0,-2.9334561528473806e-09,0.0,-3.971697102432284e-09,0.0,3.0856890713543725e-08
4877.304477941913,0.0,5.131711562115267e-08,0.0,-2.6520200437271828e-08,0.0,-2.531856304151884e-09,0.0,-2.1247640945976967e-09,0.0,-8.700113897761093e-10,0.0,-7.969133110675619e-10,0.0,-3.054074318648508e-09,0.0,-1.3613016844568825e-09,0.0,-2.652020043727183e-08,0.0,5.1573685966277886e-08,0.0,-2.972642593110113e-09,0.0,-2.4643851312058685e-09,0.0,-9.557323301744336e-10,0.0,-8.700113897761092e-10,0.0,-3.081812961832462e-09,0.0,-1.4308843439256677e-09,0.0,-2.5318563041518826e-09,0.0,-2.9726425931101118e-09,0.0,5.207268787507343e-08,0.0,-2.590243884670652e-08,0.0,-2.464385131205871e-09,0.0,-2.124764094597694e-09,0.0,-2.5435691599441505e-09,0.0,-2.3614375743510587e-09,0.0,-2.124764094597694e-09,0.0,-2.46438513120587e-09,0.0,-2.5902438846706515e-08,0.0,5.207268787507343e-08,0.0,-2.9726425931101114e-09,0.0,-2.5318563041518834e-09,0.0,-2.361437574351057e-09,0.0,-2.5435691599441493e-09,0.0,-8.700113897761085e-10,0.0,-9.557323301744348e-10,0.0,-2.464385131205872e-09,0.0,-2.9726425931101126e-09,0.0,5.1573685966277886e-08,0.0,-2.652020043727182e-08,0.0,-1.4308843439256687e-09,0.0,-3.0818129618324624e-09,0.0,-7.969133110675626e-10,0.0,-8.700113897761088e-10,0.0,-2.124764094597692e-09,0.0,-2.531856304151884e-09,0.0,-2.6520200437271828e-08,0.0,5.1317115621152675e-08,0.0,-1.3613016844568833e-09,0.0,-3.054074318648506e-09,0.0,-3.0540743186485054e-09,0.0,-3.0818129618324616e-09,0.0,-2.54356915994415e-09,0.0,-2.361437574351059e-09,0.0,-1.4308843439256677e-09,0.0,-1.3613016844568831e-09,0.0,3.2125667666824844e-08,0.0,-4.135005771337399e-09,0.0,-1.361301684456884e-09,0.0,-1.4308843439256677e-09,0.0,-2.3614375743510587e-09,0.0,-2.54356915994415e-09,0.0,-3.0818129618324616e-09,0.0,-3.054074318648507e-09,0.0,-4.135005771337401e-09,0.0,3.212566766682484e-08
5077.850008377724,0.0,5.3427178304182584e-08,0.0,-2.7610660893044107e-08,0.0,-2.6359614441528304e-09,0.0,-2.2121303733135673e-09,0.0,-9.057846117344556e-10,0.0,-8.296808783585121e-10,0.0,-3.179652075172371e-09,0.0,-1.4172758336262148e-09,0.0,-2.7610660893044104e-08,0.0,5.369429833637161e-08,0.0,-3.094872031179336e-09,0.0,-2.5657159842561503e-09,0.0,-9.950302349856506e-10,0.0,-9.05784611734453e-10,0.0,-3.2085312788720923e-09,0.0,-1.489719600375755e-09,0.0,-2.6359614441528316e-09,0.0,-3.094872031179338e-09,0.0,5.421381825935728e-08,0.0,-2.6967498114912357e-08,0.0,-2.56571598425615e-09,0.0,-2.212130373313569e-09,0.0,-2.6481559104101412e-09,0.0,-2.4585354186790227e-09,0.0,-2.2121303733135702e-09,0.0,-2.5657159842561495e-09,0.0,-2.6967498114912367e-08,0.0,5.421381825935727e-08,0.0,-3.0948720311793373e-09,0.0,-2.6359614441528316e-09,0.0,-2.4585354186790223e-09,0.0,-2.648155910410141e-09,0.0,-9.057846117344559e-10,0.0,-9.9503023498565e-10,0.0,-2.5657159842561486e-09,0.0,-3.094872031179336e-09,0.0,5.369429833637161e-08,0.0,-2.7610660893044104e-08,0.0,-1.4897196003757544e-09,0.0,-3.20853127887209e-09,0.0,-8.296808783585097e-10,0.0,-9.057846117344556e-10,0.0,-2.21213037331357e-09,0.0,-2.6359614441528304e-09,0.0,-2.7610660893044104e-08,0.0,5.3427178304182564e-08,0.0,-1.4172758336262144e-09,0.0,-3.1796520751723726e-09,0.0,-3.179652075172373e-09,0.0,-3.2085312788720902e-09,0.0,-2.648155910410141e-09,0.0,-2.458535418679023e-09,0.0,-1.489719600375755e-09,0.0,-1.4172758336262144e-09,0.0,3.3446614327420974e-08,0.0,-4.3050293836663806e-09,0.0,-1.4172758336262141e-09,0.0,-1.4897196003757544e-09,0.0,-2.458535418679023e-09,0.0,-2.6481559104101412e-09,0.0,-3.2085312788720923e-09,0.0,-3.179652075172374e-09,0.0,-4.3050293836663806e-09,0.0,3.344661432742097e-08
5286.641591517374,0.0,5.5624002771705304e-08,0.0,-2.874595901919582e-08,0.0,-2.7443471905044814e-09,0.0,-2.3030889880803355e-09,0.0,-9.43028760883317e-10,0.0,-8.637957860078821e-10,0.0,-3.310393351404085e-09,0.0,-1.4755515338852158e-09,0.0,-2.874595901919582e-08,0.0,5.590210627412624e-08,0.0,-3.222127312437831e-09,0.0,-2.671213370227716e-09,0.0,-1.0359439952762677e-09,0.0,-9.430287608833167e-10,0.0,-3.340460013309605e-09,0.0,-1.5509740512326028e-09,0.0,-2.744347190504481e-09,0.0,-3.2221273124378317e-09,0.0,5.644298787321769e-08,0.0,-2.8076350604733526e-08,0.0,-2.6712133702277165e-09,0.0,-2.303088988080333e-09,0.0,-2.7570430701377674e-09,0.0,-2.5596257426200576e-09,0.0,-2.3030889880803347e-09,0.0,-2.671213370227716e-09,0.0,-2.8076350604733533e-08,0.0,5.644298787321769e-08,0.0,-3.222127312437831e-09,0.0,-2.744347190504481e-09,0.0,-2.559625742620059e-09,0.0,-2.757043070137767e-09,0.0,-9.430287608833175e-10,0.0,-1.0359439952762681e-09,0.0,-2.671213370227717e-09,0.0,-3.222127312437832e-09,0.0,5.590210627412623e-08,0.0,-2.8745959019195826e-08,0.0,-1.5509740512326028e-09,0.0,-3.3404600133096035e-09,0.0,-8.637957860078809e-10,0.0,-9.43028760883317e-10,0.0,-2.3030889880803355e-09,0.0,-2.7443471905044793e-09,0.0,-2.874595901919582e-08,0.0,5.5624002771705304e-08,0.0,-1.4755515338852145e-09,0.0,-3.310393351404085e-09,0.0,-3.3103933514040837e-09,0.0,-3.3404600133096043e-09,0.0,-2.7570430701377682e-09,0.0,-2.5596257426200593e-09,0.0,-1.5509740512326026e-09,0.0,-1.4755515338852154e-09,0.0,3.4821875814972197e-08,0.0,-4.482044045185613e-09,0.0,-1.4755515338852152e-09,0.0,-1.550974051232603e-09,0.0,-2.559625742620059e-09,0.0,-2.757043070137768e-09,0.0,-3.3404600133096043e-09,0.0,-3.310393351404085e-09,0.0,-4.482044045185613e-09,0.0,3.482187581497219e-08
5504.018289443407,0.0,5.791115650411322e-08,0.0,-2.992793845588322e-08,0.0,-2.857189553639453e-09,0.0,-2.397787648958349e-09,0.0,-9.818043189652211e-10,0.0,-8.993134341015411e-10,0.0,-3.4465104615027046e-09,0.0,-1.53622342065929e-09,0.0,-2.992793845588321e-08,0.0,5.820069509627712e-08,0.0,-3.35461509004675e-09,0.0,-2.7810486090696413e-09,0.0,-1.0785400519657897e-09,0.0,-9.81804318965221e-10,0.0,-3.47781340764833e-09,0.0,-1.6147471691921924e-09,0.0,-2.8571895536394537e-09,0.0,-3.354615090046751e-09,0.0,5.87638167231715e-08,0.0,-2.9230797010569572e-08,0.0,-2.7810486090696417e-09,0.0,-2.3977876489583487e-09,0.0,-2.870407463817874e-09,0.0,-2.6648727093805786e-09,0.0,-2.3977876489583496e-09,0.0,-2.781048609069644e-09,0.0,-2.923079701056958e-08,0.0,5.876381672317148e-08,0.0,-3.3546150900467493e-09,0.0,-2.8571895536394532e-09,0.0,-2.66487270938058e-09,0.0,-2.8704074638178754e-09,0.0,-9.818043189652215e-10,0.0,-1.0785400519657894e-09,0.0,-2.781048609069645e-09,0.0,-3.35461509004675e-09,0.0,5.82006950962771e-08,0.0,-2.9927938455883206e-08,0.0,-1.6147471691921914e-09,0.0,-3.47781340764833e-09,0.0,-8.993134341015406e-10,0.0,-9.81804318965222e-10,0.0,-2.397787648958349e-09,0.0,-2.857189553639452e-09,0.0,-2.992793845588321e-08,0.0,5.791115650411321e-08,0.0,-1.536223420659291e-09,0.0,-3.446510461502705e-09,0.0,-3.4465104615027046e-09,0.0,-3.47781340764833e-09,0.0,-2.8704074638178745e-09,0.0,-2.66487270938058e-09,0.0,-1.6147471691921914e-09,0.0,-1.536223420659291e-09,0.0,3.625368545237878e-08,0.0,-4.666337214608103e-09,0.0,-1.5362234206592909e-09,0.0,-1.614747169192192e-09,0.0,-2.664872709380579e-09,0.0,-2.8704074638178737e-09,0.0,-3.47781340764833e-09,0.0,-3.4465104615027046e-09,0.0,-4.666337214608102e-09,0.0,3.625368545237878e-08
5730.333105829569,0.0,6.029235366984138e-08,0.0,-3.11585186502569e-08,0.0,-2.9746717812062792e-09,0.0,-2.4963801395661345e-09,0.0,-1.0221742546174948e-09,0.0,-9.36291500672042e-10,0.0,-3.5882244495837346e-09,0.0,-1.5993900206034552e-09,0.0,-3.1158518650256903e-08,0.0,6.059379754099899e-08,0.0,-3.4925505143541715e-09,0.0,-2.895400065083108e-09,0.0,-1.122887577898599e-09,0.0,-1.0221742546174929e-09,0.0,-3.6208145136379094e-09,0.0,-1.6811425170795172e-09,0.0,-2.9746717812062797e-09,0.0,-3.4925505143541715e-09,0.0,6.118007366355303e-08,0.0,-3.043271206796617e-08,0.0,-2.8954000650831064e-09,0.0,-2.496380139566132e-09,0.0,-2.9884331868379724e-09,0.0,-2.77444723224739e-09,0.0,-2.4963801395661324e-09,0.0,-2.895400065083105e-09,0.0,-3.0432712067966155e-08,0.0,6.118007366355306e-08,0.0,-3.4925505143541723e-09,0.0,-2.974671781206281e-09,0.0,-2.77444723224739e-09,0.0,-2.9884331868379736e-09,0.0,-1.0221742546174943e-09,0.0,-1.1228875778986014e-09,0.0,-2.8954000650831047e-09,0.0,-3.492550514354173e-09,0.0,6.059379754099899e-08,0.0,-3.1158518650256903e-08,0.0,-1.6811425170795186e-09,0.0,-3.6208145136379065e-09,0.0,-9.362915006720401e-10,0.0,-1.0221742546174925e-09,0.0,-2.496380139566135e-09,0.0,-2.974671781206281e-09,0.0,-3.11585186502569e-08,0.0,6.029235366984139e-08,0.0,-1.5993900206034542e-09,0.0,-3.588224449583738e-09,0.0,-3.5882244495837383e-09,0.0,-3.620814513637907e-09,0.0,-2.988433186837972e-09,0.0,-2.7744472322473913e-09,0.0,-1.6811425170795186e-09,0.0,-1.5993900206034542e-09,0.0,3.774436839255237e-08,0.0,-4.85820817040515e-09,0.0,-1.5993900206034548e-09,0.0,-1.6811425170795188e-09,0.0,-2.77444723224739e-09,0.0,-2.9884331868379736e-09,0.0,-3.620814513637904e-09,0.0,-3.5882244495837383e-09,0.0,-4.85820817040515e-09,0.0,3.774436839255238e-08
5965.953559192664,0.0,6.277146115690247e-08,0.0,-3.243969797350204e-08,0.0,-3.096984655650035e-09,0.0,-2.59902656681358e-09,0.0,-1.0642041256286606e-09,0.0,-9.747900353634962e-10,0.0,-3.735765448678429e-09,0.0,-1.6651539116023217e-09,0.0,-3.2439697973502024e-08,0.0,6.308529982959673e-08,0.0,-3.6361575822833423e-09,0.0,-3.0144534365718208e-09,0.0,-1.1690585901755503e-09,0.0,-1.0642041256286632e-09,0.0,-3.769695554493822e-09,0.0,-1.7502679160269721e-09,0.0,-3.0969846556500386e-09,0.0,-3.636157582283341e-09,0.0,6.369568251685495e-08,0.0,-3.168404759804692e-08,0.0,-3.0144534365718224e-09,0.0,-2.599026566813586e-09,0.0,-3.1113119042395412e-09,0.0,-2.888527252138217e-09,0.0,-2.5990265668135825e-09,0.0,-3.0144534365718232e-09,0.0,-3.1684047598046944e-08,0.0,6.36956825168549e-08,0.0,-3.6361575822833394e-09,0.0,-3.0969846556500332e-09,0.0,-2.8885272521382194e-09,0.0,-3.111311904239542e-09,0.0,-1.0642041256286618e-09,0.0,-1.1690585901755474e-09,0.0,-3.0144534365718224e-09,0.0,-3.636157582283337e-09,0.0,6.308529982959672e-08,0.0,-3.2439697973502024e-08,0.0,-1.7502679160269692e-09,0.0,-3.769695554493826e-09,0.0,-9.747900353634976e-10,0.0,-1.0642041256286639e-09,0.0,-2.5990265668135837e-09,0.0,-3.0969846556500357e-09,0.0,-3.243969797350203e-08,0.0,6.277146115690247e-08,0.0,-1.6651539116023248e-09,0.0,-3.735765448678426e-09,0.0,-3.735765448678426e-09,0.0,-3.769695554493825e-09,0.0,-3.1113119042395437e-09,0.0,-2.8885272521382173e-09,0.0,-1.7502679160269699e-09,0.0,-1.6651539116023248e-09,0.0,3.929634539429239e-08,0.0,-5.0579684968124665e-09,0.0,-1.665153911602325e-09,0.0,-1.7502679160269688e-09,0.0,-2.8885272521382186e-09,0.0,-3.1113119042395404e-09,0.0,-3.769695554493827e-09,0.0,-3.735765448678426e-09,0.0,-5.057968496812467e-09,0.0,3.9296345394292385e-08
6211.262279715393,0.0,6.535250485242626e-08,0.0,-3.3773556966045126e-08,0.0,-3.2243268040288886e-09,0.0,-2.705893620903744e-09,0.0,-1.1079621853994657e-09,0.0,-1.0148715569477291e-09,0.0,-3.889373054452737e-09,0.0,-1.7336218893490136e-09,0.0,-3.377355696604511e-08,0.0,6.567924797744072e-08,0.0,-3.785669501087091e-09,0.0,-3.138402057402328e-09,0.0,-1.2171280671043746e-09,0.0,-1.107962185399465e-09,0.0,-3.924698302010727e-09,0.0,-1.822235620567844e-09,0.0,-3.224326804028886e-09,0.0,-3.78566950108709e-09,0.0,6.631472844572508e-08,0.0,-3.298683567712644e-08,0.0,-3.1384020574023306e-09,0.0,-2.705893620903743e-09,0.0,-3.2392431619678396e-09,0.0,-3.007298026564587e-09,0.0,-2.7058936209037416e-09,0.0,-3.1384020574023285e-09,0.0,-3.298683567712646e-08,0.0,6.631472844572504e-08,0.0,-3.785669501087089e-09,0.0,-3.224326804028885e-09,0.0,-3.0072980265645872e-09,0.0,-3.2392431619678417e-09,0.0,-1.107962185399463e-09,0.0,-1.2171280671043755e-09,0.0,-3.1384020574023298e-09,0.0,-3.785669501087089e-09,0.0,6.567924797744072e-08,0.0,-3.377355696604512e-08,0.0,-1.8222356205678444e-09,0.0,-3.924698302010727e-09,0.0,-1.014871556947732e-09,0.0,-1.107962185399465e-09,0.0,-2.705893620903743e-09,0.0,-3.224326804028886e-09,0.0,-3.377355696604512e-08,0.0,6.535250485242623e-08,0.0,-1.7336218893490142e-09,0.0,-3.889373054452736e-09,0.0,-3.889373054452741e-09,0.0,-3.92469830201073e-09,0.0,-3.239243161967841e-09,0.0,-3.0072980265645872e-09,0.0,-1.822235620567844e-09,0.0,-1.7336218893490136e-09,0.0,4.091213675341881e-08,0.0,-5.26594258981986e-09,0.0,-1.7336218893490124e-09,0.0,-1.8222356205678444e-09,0.0,-3.007298026564588e-09,0.0,-3.239243161967839e-09,0.0,-3.924698302010726e-09,0.0,-3.88937305445274e-09,0.0,-5.26594258981986e-09,0.0,4.091213675341881e-08
6466.657630609518,0.0,6.803967618040308e-08,0.0,-3.516226171619794e-08,0.0,-3.3569050205697615e-09,0.0,-2.8171548460253705e-09,0.0,-1.1535194937813112e-09,0.0,-1.0566011548501719e-09,0.0,-4.0492967142930414e-09,0.0,-1.804905140773442e-09,0.0,-3.5162261716197937e-08,0.0,6.837985436439711e-08,0.0,-3.941329067059182e-09,0.0,-3.2674472109639062e-09,0.0,-1.2671740699589599e-09,0.0,-1.153519493781311e-09,0.0,-4.0860744691819395e-09,0.0,-1.8971625009294367e-09,0.0,-3.3569050205697627e-09,0.0,-3.94132906705918e-09,0.0,6.904146458696888e-08,0.0,-3.434319193665194e-08,0.0,-3.2674472109639066e-09,0.0,-2.8171548460253697e-09,0.0,-3.3724347109198e-09,0.0,-3.130952430476324e-09,0.0,-2.8171548460253705e-09,0.0,-3.267447210963905e-09,0.0,-3.4343191936651935e-08,0.0,6.904146458696888e-08,0.0,-3.941329067059181e-09,0.0,-3.3569050205697635e-09,0.0,-3.1309524304763263e-09,0.0,-3.3724347109198e-09,0.0,-1.1535194937813097e-09,0.0,-1.2671740699589603e-09,0.0,-3.2674472109639087e-09,0.0,-3.941329067059182e-09,0.0,6.83798543643971e-08,0.0,-3.5162261716197937e-08,0.0,-1.8971625009294355e-09,0.0,-4.086074469181941e-09,0.0,-1.056601154850173e-09,0.0,-1.15351949378131e-09,0.0,-2.817154846025366e-09,0.0,-3.3569050205697606e-09,0.0,-3.516226171619794e-08,0.0,6.803967618040312e-08,0.0,-1.804905140773443e-09,0.0,-4.049296714293041e-09,0.0,-4.0492967142930414e-09,0.0,-4.086074469181942e-09,0.0,-3.3724347109197977e-09,0.0,-3.130952430476326e-09,0.0,-1.897162500929435e-09,0.0,-1.804905140773442e-09,0.0,4.259436639554666e-08,0.0,-5.4824681839664e-09,0.0,-1.8049051407734424e-09,0.0,-1.897162500929434e-09,0.0,-3.130952430476327e-09,0.0,-3.372434710919799e-09,0.0,-4.08607446918194e-09,0.0,-4.0492967142930414e-09,0.0,-5.482468183966399e-09,0.0,4.259436639554666e-08
6732.554355028208,0.0,7.08373389082461e-08,0.0,-3.66080673777246e-08,0.0,-3.494934602486879e-09,0.0,-2.9329909221758525e-09,0.0,-1.20095003247223e-09,0.0,-1.100046594850246e-09,0.0,-4.215796132390179e-09,0.0,-1.879119424601683e-09,0.0,-3.660806737772459e-08,0.0,7.119150457542066e-08,0.0,-4.103389059817517e-09,0.0,-3.4017984570379015e-09,0.0,-1.3192778697450384e-09,0.0,-1.2009500324722299e-09,0.0,-4.254086118962743e-09,0.0,-1.975170232821615e-09,0.0,-3.4949346024868783e-09,0.0,-4.103389059817517e-09,0.0,7.188031895832885e-08,0.0,-3.575531899883219e-08,0.0,-3.4017984570379015e-09,0.0,-2.9329909221758545e-09,0.0,-3.511102844316085e-09,0.0,-3.2596912694762065e-09,0.0,-2.932990922175852e-09,0.0,-3.4017984570379e-09,0.0,-3.5755318998832204e-08,0.0,7.188031895832885e-08,0.0,-4.103389059817517e-09,0.0,-3.494934602486877e-09,0.0,-3.2596912694762077e-09,0.0,-3.511102844316087e-09,0.0,-1.2009500324722307e-09,0.0,-1.3192778697450386e-09,0.0,-3.4017984570379015e-09,0.0,-4.103389059817516e-09,0.0,7.119150457542068e-08,0.0,-3.660806737772459e-08,0.0,-1.9751702328216143e-09,0.0,-4.254086118962742e-09,0.0,-1.1000465948502451e-09,0.0,-1.2009500324722288e-09,0.0,-2.932990922175854e-09,0.0,-3.494934602486877e-09,0.0,-3.6608067377724606e-08,0.0,7.083733890824608e-08,0.0,-1.8791194246016842e-09,0.0,-4.215796132390176e-09,0.0,-4.215796132390177e-09,0.0,-4.254086118962744e-09,0.0,-3.5111028443160848e-09,0.0,-3.2596912694762077e-09,0.0,-1.975170232821615e-09,0.0,-1.879119424601683e-09,0.0,4.4345766137146695e-08,0.0,-5.707896900796263e-09,0.0,-1.879119424601684e-09,0.0,-1.975170232821614e-09,0.0,-3.2596912694762077e-09,0.0,-3.511102844316084e-09,0.0,-4.254086118962743e-09,0.0,-4.215796132390177e-09,0.0,-5.707896900796263e-09,0.0,4.4345766137146695e-08
7009.38424957824,0.0,7.375003623322632e-08,0.0,-3.811332183204433e-08,0.0,-3.6386396996084665e-09,0.0,-3.0535899585721583e-09,0.0,-1.2503308251576764e-09,0.0,-1.1452784291279869e-09,0.0,-4.389141691479852e-09,0.0,-1.9563852593395638e-09,0.0,-3.811332183204435e-08,0.0,7.411876452242026e-08,0.0,-4.2721126527995254e-09,0.0,-3.5416739721072926e-09,0.0,-1.373524079178304e-09,0.0,-1.2503308251576762e-09,0.0,-4.429006089841208e-09,0.0,-2.0563854950291896e-09,0.0,-3.6386396996084674e-09,0.0,-4.2721126527995254e-09,0.0,7.483590164925738e-08,0.0,-3.7225510053533006e-08,0.0,-3.5416739721072913e-09,0.0,-3.0535899585721575e-09,0.0,-3.6554727489452864e-09,0.0,-3.3937236059133893e-09,0.0,-3.053589958572158e-09,0.0,-3.5416739721072934e-09,0.0,-3.722551005353302e-08,0.0,7.483590164925738e-08,0.0,-4.272112652799527e-09,0.0,-3.6386396996084653e-09,0.0,-3.3937236059133893e-09,0.0,-3.6554727489452885e-09,0.0,-1.250330825157677e-09,0.0,-1.3735240791783036e-09,0.0,-3.5416739721072947e-09,0.0,-4.2721126527995254e-09,0.0,7.411876452242024e-08,0.0,-3.811332183204433e-08,0.0,-2.056385495029189e-09,0.0,-4.429006089841206e-09,0.0,-1.1452784291279864e-09,0.0,-1.2503308251576762e-09,0.0,-3.053589958572158e-09,0.0,-3.6386396996084657e-09,0.0,-3.8113321832044314e-08,0.0,7.375003623322632e-08,0.0,-1.9563852593395634e-09,0.0,-4.389141691479855e-09,0.0,-4.3891416914798545e-09,0.0,-4.429006089841206e-09,0.0,-3.655472748945287e-09,0.0,-3.39372360591339e-09,0.0,-2.0563854950291896e-09,0.0,-1.956385259339563e-09,0.0,4.616918012181332e-08,0.0,-5.942594819866129e-09,0.0,-1.9563852593395625e-09,0.0,-2.0563854950291896e-09,0.0,-3.3937236059133893e-09,0.0,-3.655472748945287e-09,0.0,-4.429006089841205e-09,0.0,-4.3891416914798545e-09,0.0,-5.9425948198661285e-09,0.0,4.616918012181333e-08
7297.596865525738,0.0,7.678249816028934e-08,0.0,-3.968046950101731e-08,0.0,-3.788253678379519e-09,0.0,-3.179147799126275e-09,0.0,-1.3017420625912896e-09,0.0,-1.19237011083556e-09,0.0,-4.569614891924209e-09,0.0,-2.036828118985804e-09,0.0,-3.968046950101734e-08,0.0,7.71663878589621e-08,0.0,-4.447773840636368e-09,0.0,-3.687300903659184e-09,0.0,-1.4300007900892046e-09,0.0,-1.3017420625912884e-09,0.0,-4.6111184389077235e-09,0.0,-2.1409401751288734e-09,0.0,-3.7882536783795266e-09,0.0,-4.447773840636366e-09,0.0,7.791301230736119e-08,0.0,-3.875615258224788e-08,0.0,-3.6873009036591817e-09,0.0,-3.17914779912628e-09,0.0,-3.8057788708506045e-09,0.0,-3.5332670983852074e-09,0.0,-3.179147799126273e-09,0.0,-3.6873009036591825e-09,0.0,-3.875615258224786e-08,0.0,7.79130123073612e-08,0.0,-4.447773840636366e-09,0.0,-3.788253678379519e-09,0.0,-3.5332670983852045e-09,0.0,-3.8057788708505995e-09,0.0,-1.3017420625912865e-09,0.0,-1.4300007900892042e-09,0.0,-3.6873009036591817e-09,0.0,-4.447773840636369e-09,0.0,7.716638785896207e-08,0.0,-3.9680469501017324e-08,0.0,-2.1409401751288742e-09,0.0,-4.6111184389077235e-09,0.0,-1.1923701108355614e-09,0.0,-1.3017420625912894e-09,0.0,-3.179147799126278e-09,0.0,-3.7882536783795224e-09,0.0,-3.96804695010173e-08,0.0,7.678249816028931e-08,0.0,-2.0368281189858027e-09,0.0,-4.569614891924208e-09,0.0,-4.569614891924211e-09,0.0,-4.61111843890772e-09,0.0,-3.805778870850604e-09,0.0,-3.5332670983852058e-09,0.0,-2.1409401751288746e-09,0.0,-2.0368281189858036e-09,0.0,4.8067569438943394e-08,0.0,-6.186943073231285e-09,0.0,-2.036828118985804e-09,0.0,-2.140940175128876e-09,0.0,-3.5332670983852037e-09,0.0,-3.805778870850602e-09,0.0,-4.611118438907721e-09,0.0,-4.569614891924211e-09,0.0,-6.186943073231284e-09,0.0,4.80675694389434e-08
7597.660238834169,0.0,7.993964918323292e-08,0.0,-4.131205531650477e-08,0.0,-3.944019500831644e-09,0.0,-3.3098683404812515e-09,0.0,-1.3552672328187444e-09,0.0,-1.2413981133797513e-09,0.0,-4.75750880884756e-09,0.0,-2.120578636792504e-09,0.0,-4.131205531650477e-08,0.0,8.033932369985124e-08,0.0,-4.6306578840999255e-09,0.0,-3.838915739055478e-09,0.0,-1.4887997164775536e-09,0.0,-1.3552672328187435e-09,0.0,-4.800718903142695e-09,0.0,-2.2289715836649565e-09,0.0,-3.944019500831644e-09,0.0,-4.630657884099926e-09,0.0,8.111664793267382e-08,0.0,-4.0349732235191305e-08,0.0,-3.838915739055476e-09,0.0,-3.3098683404812544e-09,0.0,-3.962265296052868e-09,0.0,-3.6785483551986095e-09,0.0,-3.3098683404812515e-09,0.0,-3.838915739055477e-09,0.0,-4.034973223519132e-08,0.0,8.11166479326738e-08,0.0,-4.6306578840999255e-09,0.0,-3.944019500831641e-09,0.0,-3.6785483551986124e-09,0.0,-3.962265296052871e-09,0.0,-1.3552672328187442e-09,0.0,-1.488799716477554e-09,0.0,-3.838915739055474e-09,0.0,-4.630657884099925e-09,0.0,8.033932369985123e-08,0.0,-4.131205531650476e-08,0.0,-2.228971583664955e-09,0.0,-4.800718903142696e-09,0.0,-1.2413981133797503e-09,0.0,-1.355267232818745e-09,0.0,-3.3098683404812573e-09,0.0,-3.944019500831644e-09,0.0,-4.131205531650475e-08,0.0,7.993964918323292e-08,0.0,-2.120578636792504e-09,0.0,-4.757508808847561e-09,0.0,-4.7575088088475644e-09,0.0,-4.800718903142696e-09,0.0,-3.962265296052869e-09,0.0,-3.6785483551986107e-09,0.0,-2.2289715836649544e-09,0.0,-2.1205786367925045e-09,0.0,5.0044016932326194e-08,0.0,-6.441338464375881e-09,0.0,-2.1205786367925045e-09,0.0,-2.2289715836649552e-09,0.0,-3.6785483551986124e-09,0.0,-3.962265296052869e-09,0.0,-4.800718903142696e-09,0.0,-4.757508808847562e-09,0.0,-6.441338464375881e-09,0.0,5.00440169323262e-08
7910.061650220118,0.0,8.322661628172109e-08,0.0,-4.301072885315015e-08,0.0,-4.106190119135387e-09,0.0,-3.4459638631242428e-09,0.0,-1.4109932567561702e-09,0.0,-1.2924420546091095e-09,0.0,-4.953128568068744e-09,0.0,-2.207772817403893e-09,0.0,-4.301072885315016e-08,0.0,8.364272465812801e-08,0.0,-4.821061773345213e-09,0.0,-3.996764689570892e-09,0.0,-1.550016343449276e-09,0.0,-1.4109932567561698e-09,0.0,-4.998115379671514e-09,0.0,-2.320622677131454e-09,0.0,-4.106190119135385e-09,0.0,-4.821061773345214e-09,0.0,8.445201099241402e-08,0.0,-4.200883686781082e-08,0.0,-3.99676468957089e-09,0.0,-3.445963863124245e-09,0.0,-4.125186146928192e-09,0.0,-3.829803302365325e-09,0.0,-3.445963863124246e-09,0.0,-3.9967646895708915e-09,0.0,-4.2008836867810834e-08,0.0,8.445201099241401e-08,0.0,-4.821061773345213e-09,0.0,-4.106190119135388e-09,0.0,-3.829803302365325e-09,0.0,-4.125186146928192e-09,0.0,-1.41099325675617e-09,0.0,-1.550016343449276e-09,0.0,-3.9967646895708915e-09,0.0,-4.82106177334521e-09,0.0,8.364272465812801e-08,0.0,-4.301072885315015e-08,0.0,-2.3206226771314557e-09,0.0,-4.998115379671516e-09,0.0,-1.292442054609109e-09,0.0,-1.4109932567561694e-09,0.0,-3.4459638631242452e-09,0.0,-4.1061901191353865e-09,0.0,-4.301072885315015e-08,0.0,8.322661628172107e-08,0.0,-2.2077728174038927e-09,0.0,-4.95312856806874e-09,0.0,-4.95312856806874e-09,0.0,-4.998115379671516e-09,0.0,-4.125186146928196e-09,0.0,-3.829803302365324e-09,0.0,-2.3206226771314557e-09,0.0,-2.2077728174038927e-09,0.0,5.2101732206453805e-08,0.0,-6.706194112592444e-09,0.0,-2.207772817403894e-09,0.0,-2.3206226771314565e-09,0.0,-3.829803302365323e-09,0.0,-4.125186146928192e-09,0.0,-4.998115379671515e-09,0.0,-4.953128568068742e-09,0.0,-6.7061941125924455e-09,0.0,5.2101732206453805e-08
8235.30841646112,0.0,8.664873724711924e-08,0.0,-4.477924863109224e-08,0.0,-4.275028886375888e-09,0.0,-3.5876553761143295e-09,0.0,-1.4690106293432744e-09,0.0,-1.3455848261074589e-09,0.0,-5.15679184160283e-09,0.0,-2.2985522577177903e-09,0.0,-4.4779248631092234e-08,0.0,8.708195521253026e-08,0.0,-5.019294710200387e-09,0.0,-4.161104090221827e-09,0.0,-1.6137500822771592e-09,0.0,-1.4690106293432736e-09,0.0,-5.203628425766714e-09,0.0,-2.4160422901229095e-09,0.0,-4.275028886375895e-09,0.0,-5.019294710200388e-09,0.0,8.792451786940749e-08,0.0,-4.373616074327272e-08,0.0,-4.161104090221826e-09,0.0,-3.5876553761143266e-09,0.0,-4.294805994883895e-09,0.0,-3.9872775667282046e-09,0.0,-3.587655376114321e-09,0.0,-4.161104090221831e-09,0.0,-4.373616074327276e-08,0.0,8.79245178694075e-08,0.0,-5.019294710200388e-09,0.0,-4.275028886375883e-09,0.0,-3.987277566728207e-09,0.0,-4.294805994883896e-09,0.0,-1.46901062934327e-09,0.0,-1.61375008227716e-09,0.0,-4.161104090221826e-09,0.0,-5.019294710200389e-09,0.0,8.708195521253025e-08,0.0,-4.4779248631092234e-08,0.0,-2.4160422901229082e-09,0.0,-5.203628425766718e-09,0.0,-1.3455848261074628e-09,0.0,-1.4690106293432721e-09,0.0,-3.587655376114323e-09,0.0,-4.275028886375884e-09,0.0,-4.4779248631092234e-08,0.0,8.66487372471192e-08,0.0,-2.2985522577177895e-09,0.0,-5.15679184160283e-09,0.0,-5.156791841602831e-09,0.0,-5.203628425766718e-09,0.0,-4.2948059948838945e-09,0.0,-3.987277566728204e-09,0.0,-2.4160422901229086e-09,0.0,-2.2985522577177895e-09,0.0,5.424405683868119e-08,0.0,-6.981940123857024e-09,0.0,-2.298552257717789e-09,0.0,-2.4160422901229103e-09,0.0,-3.987277566728203e-09,0.0,-4.294805994883897e-09,0.0,-5.2036284257667154e-09,0.0,-5.156791841602828e-09,0.0,-6.981940123857027e-09,0.0,5.424405683868119e-08
8573.92871424056,0.0,9.021156935067267e-08,0.0,-4.662048659559782e-08,0.0,-4.450809984218777e-09,0.0,-3.7351729759848646e-09,0.0,-1.5294135665004434e-09,0.0,-1.4009127278036802e-09,0.0,-5.3688293635370086e-09,0.0,-2.3930643768284966e-09,0.0,-4.662048659559775e-08,0.0,9.06626004190099e-08,0.0,-5.225678610287673e-09,0.0,-4.3322008160354775e-09,0.0,-1.6801044318374015e-09,0.0,-1.529413566500434e-09,0.0,-5.417591779409247e-09,0.0,-2.5153853770307252e-09,0.0,-4.450809984218783e-09,0.0,-5.2256786102876735e-09,0.0,9.153980765789214e-08,0.0,-4.5534508907746316e-08,0.0,-4.332200816035483e-09,0.0,-3.735172975984849e-09,0.0,-4.4714002900028715e-09,0.0,-4.1512268748410616e-09,0.0,-3.735172975984834e-09,0.0,-4.332200816035489e-09,0.0,-4.553450890774635e-08,0.0,9.153980765789198e-08,0.0,-5.225678610287664e-09,0.0,-4.450809984218778e-09,0.0,-4.151226874841072e-09,0.0,-4.471400290002891e-09,0.0,-1.5294135665004319e-09,0.0,-1.6801044318374056e-09,0.0,-4.332200816035495e-09,0.0,-5.225678610287661e-09,0.0,9.06626004190099e-08,0.0,-4.662048659559775e-08,0.0,-2.515385377030717e-09,0.0,-5.4175917794092675e-09,0.0,-1.4009127278036806e-09,0.0,-1.5294135665004401e-09,0.0,-3.735172975984848e-09,0.0,-4.450809984218768e-09,0.0,-4.6620486595597754e-08,0.0,9.021156935067275e-08,0.0,-2.393064376828499e-09,0.0,-5.368829363537005e-09,0.0,-5.368829363537009e-09,0.0,-5.417591779409266e-09,0.0,-4.471400290002896e-09,0.0,-4.15122687484106e-09,0.0,-2.5153853770307194e-09,0.0,-2.3930643768285023e-09,0.0,5.647446980570052e-08,0.0,-7.269024289289488e-09,0.0,-2.3930643768284994e-09,0.0,-2.515385377030723e-09,0.0,-4.15122687484106e-09,0.0,-4.471400290002892e-09,0.0,-5.417591779409259e-09,0.0,-5.368829363537012e-09,0.0,-7.26902428928948e-09,0.0,5.647446980570062e-08
8926.472437867556,0.0,9.392089836810424e-08,0.0,-4.853743278088808e-08,0.0,-4.633818868160927e-09,0.0,-3.888756220403182e-09,0.0,-1.5923001581284065e-09,0.0,-1.4585156081164137e-09,0.0,-5.589585467118282e-09,0.0,-2.4914626554245173e-09,0.0,-4.853743278088809e-08,0.0,9.439047498045071e-08,0.0,-5.440548625790467e-09,0.0,-4.510332715435161e-09,0.0,-1.7491871466841443e-09,0.0,-1.592300158128407e-09,0.0,-5.640352901254341e-09,0.0,-2.618813263677649e-09,0.0,-4.633818868160925e-09,0.0,-5.440548625790464e-09,0.0,9.530375132098924e-08,0.0,-4.7406801745591026e-08,0.0,-4.5103327154351635e-09,0.0,-3.8887562204031875e-09,0.0,-4.6552558083542725e-09,0.0,-4.321917468249679e-09,0.0,-3.8887562204031875e-09,0.0,-4.510332715435162e-09,0.0,-4.7406801745591066e-08,0.0,9.530375132098922e-08,0.0,-5.440548625790463e-09,0.0,-4.633818868160923e-09,0.0,-4.321917468249678e-09,0.0,-4.655255808354273e-09,0.0,-1.5923001581284076e-09,0.0,-1.7491871466841433e-09,0.0,-4.510332715435163e-09,0.0,-5.440548625790464e-09,0.0,9.439047498045071e-08,0.0,-4.853743278088809e-08,0.0,-2.6188132636776496e-09,0.0,-5.640352901254336e-09,0.0,-1.4585156081164148e-09,0.0,-1.5923001581284078e-09,0.0,-3.888756220403187e-09,0.0,-4.633818868160927e-09,0.0,-4.8537432780888097e-08,0.0,9.392089836810421e-08,0.0,-2.491462655424517e-09,0.0,-5.589585467118283e-09,0.0,-5.589585467118279e-09,0.0,-5.640352901254338e-09,0.0,-4.6552558083542725e-09,0.0,-4.32191746824968e-09,0.0,-2.6188132636776496e-09,0.0,-2.4914626554245156e-09,0.0,5.879659313314253e-08,0.0,-7.567912812333176e-09,0.0,-2.491462655424517e-09,0.0,-2.618813263677649e-09,0.0,-4.321917468249683e-09,0.0,-4.655255808354272e-09,0.0,-5.640352901254338e-09,0.0,-5.5895854671182796e-09,0.0,-7.567912812333174e-09,0.0,5.8796593133142534e-08
9293.512092264567,0.0,9.778274797528463e-08,0.0,-5.053320016573324e-08,0.0,-4.824352731089029e-09,0.0,-4.048654517194657e-09,0.0,-1.6577725273989906e-09,0.0,-1.5184870098612654e-09,0.0,-5.8194186439251005e-09,0.0,-2.593906885029792e-09,0.0,-5.053320016573324e-08,0.0,9.827163268931501e-08,0.0,-5.664253689715729e-09,0.0,-4.695789061445492e-09,0.0,-1.8211104120348665e-09,0.0,-1.6577725273989912e-09,0.0,-5.87227353888173e-09,0.0,-2.7264939092989764e-09,0.0,-4.824352731089022e-09,0.0,-5.66425368971573e-09,0.0,9.922246122471362e-08,0.0,-4.935607972184457e-08,0.0,-4.69578906144549e-09,0.0,-4.0486545171946574e-09,0.0,-4.846671117696357e-09,0.0,-4.499626535848364e-09,0.0,-4.048654517194656e-09,0.0,-4.695789061445492e-09,0.0,-4.935607972184456e-08,0.0,9.922246122471361e-08,0.0,-5.664253689715729e-09,0.0,-4.824352731089025e-09,0.0,-4.499626535848362e-09,0.0,-4.846671117696354e-09,0.0,-1.6577725273989887e-09,0.0,-1.8211104120348663e-09,0.0,-4.6957890614454956e-09,0.0,-5.6642536897157305e-09,0.0,9.827163268931499e-08,0.0,-5.053320016573324e-08,0.0,-2.7264939092989764e-09,0.0,-5.8722735388817305e-09,0.0,-1.518487009861269e-09,0.0,-1.6577725273989906e-09,0.0,-4.048654517194658e-09,0.0,-4.8243527310890264e-09,0.0,-5.053320016573323e-08,0.0,9.778274797528467e-08,0.0,-2.5939068850297924e-09,0.0,-5.8194186439251005e-09,0.0,-5.819418643925101e-09,0.0,-5.872273538881728e-09,0.0,-4.846671117696362e-09,0.0,-4.49962653584836e-09,0.0,-2.7264939092989748e-09,0.0,-2.593906885029792e-09,0.0,6.121419777747679e-08,0.0,-7.87909106583474e-09,0.0,-2.593906885029793e-09,0.0,-2.726493909298974e-09,0.0,-4.4996265358483615e-09,0.0,-4.846671117696359e-09,0.0,-5.872273538881727e-09,0.0,-5.819418643925105e-09,0.0,-7.87909106583474e-09,0.0,6.121419777747679e-08
9675.643722673107,0.0,1.0180338953023825e-07,0.0,-5.261102972869962e-08,0.0,-5.022720985898896e-09,0.0,-4.215127529362383e-09,0.0,-1.7259369965955972e-09,0.0,-1.580924322157385e-09,0.0,-6.0587021260312846e-09,0.0,-2.7005634274933667e-09,0.0,-5.261102972869961e-08,0.0,1.0231237625855552e-07,0.0,-5.8971570825353555e-09,0.0,-4.8888710214505115e-09,0.0,-1.8959910259508976e-09,0.0,-1.725936996595597e-09,0.0,-6.113730314247152e-09,0.0,-2.8386021792959108e-09,0.0,-5.0227209858989e-09,0.0,-5.897157082535358e-09,0.0,1.0330230106400401e-07,0.0,-5.138550831971347e-08,0.0,-4.888871021450507e-09,0.0,-4.215127529362381e-09,0.0,-5.045957062328728e-09,0.0,-4.684642664014209e-09,0.0,-4.215127529362378e-09,0.0,-4.888871021450507e-09,0.0,-5.138550831971347e-08,0.0,1.0330230106400401e-07,0.0,-5.897157082535356e-09,0.0,-5.022720985898896e-09,0.0,-4.684642664014205e-09,0.0,-5.045957062328729e-09,0.0,-1.7259369965955974e-09,0.0,-1.895991025950898e-09,0.0,-4.8888710214505066e-09,0.0,-5.897157082535357e-09,0.0,1.0231237625855552e-07,0.0,-5.2611029728699605e-08,0.0,-2.8386021792959087e-09,0.0,-6.1137303142471565e-09,0.0,-1.5809243221573842e-09,0.0,-1.7259369965955982e-09,0.0,-4.215127529362384e-09,0.0,-5.022720985898897e-09,0.0,-5.261102972869961e-08,0.0,1.0180338953023824e-07,0.0,-2.7005634274933687e-09,0.0,-6.058702126031281e-09,0.0,-6.058702126031283e-09,0.0,-6.113730314247156e-09,0.0,-5.045957062328728e-09,0.0,-4.684642664014208e-09,0.0,-2.83860217929591e-09,0.0,-2.700563427493368e-09,0.0,6.373120974976745e-08,0.0,-8.203064380253822e-09,0.0,-2.700563427493368e-09,0.0,-2.838602179295911e-09,0.0,-4.684642664014205e-09,0.0,-5.045957062328727e-09,0.0,-6.113730314247154e-09,0.0,-6.058702126031284e-09,0.0,-8.203064380253822e-09,0.0,6.373120974976746e-08
10073.487882587067,0.0,1.0598935225736343e-07,0.0,-5.477429571125897e-08,0.0,-5.229245767959091e-09,0.0,-4.388445596760803e-09,0.0,-1.7969042597727168e-09,0.0,-1.6459289385802065e-09,0.0,-6.307824492107193e-09,0.0,-2.8116054851486944e-09,0.0,-5.4774295711259e-08,0.0,1.0651926755675442e-07,0.0,-6.139637022126787e-09,0.0,-5.089892146267135e-09,0.0,-1.973950589008831e-09,0.0,-1.7969042597727131e-09,0.0,-6.365115335288443e-09,0.0,-2.955320129204046e-09,0.0,-5.229245767959108e-09,0.0,-6.139637022126779e-09,0.0,1.0754989619689232e-07,0.0,-5.3498383181083435e-08,0.0,-5.089892146267141e-09,0.0,-4.388445596760798e-09,0.0,-5.253437267880306e-09,0.0,-4.877266305250026e-09,0.0,-4.388445596760806e-09,0.0,-5.089892146267134e-09,0.0,-5.34983831810835e-08,0.0,1.0754989619689232e-07,0.0,-6.139637022126777e-09,0.0,-5.229245767959104e-09,0.0,-4.877266305250033e-09,0.0,-5.253437267880316e-09,0.0,-1.7969042597727102e-09,0.0,-1.9739505890088355e-09,0.0,-5.089892146267132e-09,0.0,-6.139637022126777e-09,0.0,1.0651926755675439e-07,0.0,-5.477429571125899e-08,0.0,-2.9553201292040397e-09,0.0,-6.365115335288445e-09,0.0,-1.6459289385802137e-09,0.0,-1.7969042597727125e-09,0.0,-4.388445596760802e-09,0.0,-5.229245767959098e-09,0.0,-5.4774295711258995e-08,0.0,1.0598935225736325e-07,0.0,-2.8116054851486977e-09,0.0,-6.307824492107191e-09,0.0,-6.307824492107192e-09,0.0,-6.365115335288435e-09,0.0,-5.253437267880303e-09,0.0,-4.877266305250029e-09,0.0,-2.955320129204043e-09,0.0,-2.8116054851487e-09,0.0,6.635171649122396e-08,0.0,-8.540358864282274e-09,0.0,-2.8116054851486944e-09,0.0,-2.955320129204045e-09,0.0,-4.877266305250029e-09,0.0,-5.25343726788031e-09,0.0,-6.365115335288447e-09,0.0,-6.307824492107188e-09,0.0,-8.540358864282276e-09,0.0,6.635171649122399e-08
10487.690641485688,0.0,1.1034743385040962e-07,0.0,-5.7026511097307156e-08,0.0,-5.444262458234928e-09,0.0,-4.568890175107588e-09,0.0,-1.870789562514891e-09,0.0,-1.713606421817118e-09,0.0,-6.56719029844279e-09,0.0,-2.9272133820814098e-09,0.0,-5.7026511097307156e-08,0.0,1.1089913826411233e-07,0.0,-6.392087277970832e-09,0.0,-5.299178879328535e-09,0.0,-2.055115701770852e-09,0.0,-1.8707895625148876e-09,0.0,-6.626836832679799e-09,0.0,-3.0768373003380773e-09,0.0,-5.444262458234928e-09,0.0,-6.392087277970833e-09,0.0,1.1197214440359513e-07,0.0,-5.5698135458397886e-08,0.0,-5.2991788793285364e-09,0.0,-4.568890175107589e-09,0.0,-5.469448666853472e-09,0.0,-5.077810266096984e-09,0.0,-4.568890175107588e-09,0.0,-5.2991788793285364e-09,0.0,-5.56981354583979e-08,0.0,1.1197214440359512e-07,0.0,-6.392087277970828e-09,0.0,-5.444262458234923e-09,0.0,-5.077810266096985e-09,0.0,-5.4694486668534765e-09,0.0,-1.870789562514891e-09,0.0,-2.0551157017708524e-09,0.0,-5.299178879328539e-09,0.0,-6.392087277970828e-09,0.0,1.1089913826411234e-07,0.0,-5.702651109730715e-08,0.0,-3.0768373003380764e-09,0.0,-6.626836832679801e-09,0.0,-1.713606421817115e-09,0.0,-1.870789562514891e-09,0.0,-4.568890175107586e-09,0.0,-5.444262458234931e-09,0.0,-5.702651109730715e-08,0.0,1.103474338504096e-07,0.0,-2.9272133820814098e-09,0.0,-6.567190298442789e-09,0.0,-6.567190298442793e-09,0.0,-6.626836832679801e-09,0.0,-5.469448666853477e-09,0.0,-5.077810266096989e-09,0.0,-3.076837300338078e-09,0.0,-2.9272133820814106e-09,0.0,6.907997351090345e-08,0.0,-8.891522259205781e-09,0.0,-2.9272133820814094e-09,0.0,-3.0768373003380777e-09,0.0,-5.077810266096989e-09,0.0,-5.469448666853473e-09,0.0,-6.6268368326798005e-09,0.0,-6.567190298442792e-09,0.0,-8.891522259205778e-09,0.0,6.907997351090346e-08
10918.924634002584,0.0,1.148847115114301e-07,0.0,-5.9371333317989793e-08,0.0,-5.668120227922336e-09,0.0,-4.7567542930468805e-09,0.0,-1.947712889086999e-09,0.0,-1.7840666750934348e-09,0.0,-6.837220735917108e-09,0.0,-3.047574856962312e-09,0.0,-5.9371333317989793e-08,0.0,1.1545910096659168e-07,0.0,-6.654917810604211e-09,0.0,-5.51707108680409e-09,0.0,-2.139618170374681e-09,0.0,-1.9477128890870006e-09,0.0,-6.89931982276824e-09,0.0,-3.2033510275928833e-09,0.0,-5.668120227922333e-09,0.0,-6.654917810604211e-09,0.0,1.1657622708799824e-07,0.0,-5.798833738659562e-08,0.0,-5.51707108680409e-09,0.0,-4.756754293046875e-09,0.0,-5.694342045777483e-09,0.0,-5.2866002151092666e-09,0.0,-4.756754293046884e-09,0.0,-5.517071086804094e-09,0.0,-5.798833738659564e-08,0.0,1.1657622708799821e-07,0.0,-6.654917810604212e-09,0.0,-5.668120227922337e-09,0.0,-5.286600215109262e-09,0.0,-5.6943420457774814e-09,0.0,-1.947712889086997e-09,0.0,-2.139618170374682e-09,0.0,-5.5170710868040905e-09,0.0,-6.654917810604211e-09,0.0,1.1545910096659164e-07,0.0,-5.9371333317989774e-08,0.0,-3.203351027592882e-09,0.0,-6.899319822768238e-09,0.0,-1.7840666750934367e-09,0.0,-1.9477128890869964e-09,0.0,-4.756754293046882e-09,0.0,-5.668120227922334e-09,0.0,-5.937133331798979e-08,0.0,1.1488471151143009e-07,0.0,-3.0475748569623134e-09,0.0,-6.8372207359171114e-09,0.0,-6.8372207359171114e-09,0.0,-6.8993198227682345e-09,0.0,-5.694342045777485e-09,0.0,-5.286600215109259e-09,0.0,-3.203351027592882e-09,0.0,-3.0475748569623134e-09,0.0,7.19204112963422e-08,0.0,-9.257124828395122e-09,0.0,-3.0475748569623134e-09,0.0,-3.2033510275928837e-09,0.0,-5.286600215109259e-09,0.0,-5.694342045777483e-09,0.0,-6.8993198227682345e-09,0.0,-6.8372207359171114e-09,0.0,-9.25712482839512e-09,0.0,7.192041129634221e-08
11367.890152234633,0.0,1.1960855344363334e-07,0.0,-6.181257019110004e-08,0.0,-5.901182605476079e-09,0.0,-4.952343028006163e-09,0.0,-2.0277991572798405e-09,0.0,-1.8574241206471455e-09,0.0,-7.118354313981076e-09,0.0,-3.1728853679210722e-09,0.0,-6.181257019110003e-08,0.0,1.2020656070623e-07,0.0,-6.928555437365112e-09,0.0,-5.7439226095169174e-09,0.0,-2.2275952205770005e-09,0.0,-2.027799157279839e-09,0.0,-7.1830067977686615e-09,0.0,-3.335066759900785e-09,0.0,-5.9011826054760735e-09,0.0,-6.928555437365115e-09,0.0,1.2136962093972538e-07,0.0,-6.037270808415617e-08,0.0,-5.743922609516918e-09,0.0,-4.9523430280061605e-09,0.0,-5.928482614859869e-09,0.0,-5.503975211715695e-09,0.0,-4.9523430280061605e-09,0.0,-5.74392260951692e-09,0.0,-6.037270808415617e-08,0.0,1.2136962093972536e-07,0.0,-6.928555437365115e-09,0.0,-5.901182605476071e-09,0.0,-5.50397521171569e-09,0.0,-5.928482614859867e-09,0.0,-2.0277991572798413e-09,0.0,-2.227595220576997e-09,0.0,-5.74392260951692e-09,0.0,-6.928555437365114e-09,0.0,1.2020656070623e-07,0.0,-6.181257019110004e-08,0.0,-3.3350667599007815e-09,0.0,-7.183006797768661e-09,0.0,-1.857424120647142e-09,0.0,-2.0277991572798426e-09,0.0,-4.952343028006163e-09,0.0,-5.901182605476077e-09,0.0,-6.181257019110004e-08,0.0,1.1960855344363334e-07,0.0,-3.1728853679210727e-09,0.0,-7.118354313981076e-09,0.0,-7.118354313981081e-09,0.0,-7.183006797768658e-09,0.0,-5.92848261485987e-09,0.0,-5.503975211715692e-09,0.0,-3.3350667599007815e-09,0.0,-3.1728853679210714e-09,0.0,7.487764250834004e-08,0.0,-9.637760283371757e-09,0.0,-3.1728853679210722e-09,0.0,-3.335066759900782e-09,0.0,-5.503975211715695e-09,0.0,-5.928482614859867e-09,0.0,-7.183006797768661e-09,0.0,-7.1183543139810796e-09,0.0,-9.637760283371757e-09,0.0,7.487764250834004e-08
11835.316282964517,0.0,1.2452663081680062e-07,0.0,-6.435418610469291e-08,0.0,-6.143828066953017e-09,0.0,-5.155974001619417e-09,0.0,-2.1111784212673926e-09,0.0,-1.9337978855420983e-09,0.0,-7.411047572764416e-09,0.0,-3.3033484099557685e-09,0.0,-6.435418610469291e-08,0.0,1.2514922700638026e-07,0.0,-7.213444525512966e-09,0.0,-5.980101837555168e-09,0.0,-2.3191897205979206e-09,0.0,-2.1111784212673906e-09,0.0,-7.478358444338488e-09,0.0,-3.472198393865405e-09,0.0,-6.1438280669530196e-09,0.0,-7.213444525512968e-09,0.0,1.263601100757289e-07,0.0,-6.285511959267297e-08,0.0,-5.980101837555165e-09,0.0,-5.155974001619414e-09,0.0,-6.17225060106077e-09,0.0,-5.7302882568272096e-09,0.0,-5.1559740016194095e-09,0.0,-5.980101837555168e-09,0.0,-6.285511959267296e-08,0.0,1.2636011007572893e-07,0.0,-7.213444525512968e-09,0.0,-6.143828066953019e-09,0.0,-5.7302882568272096e-09,0.0,-6.172250601060776e-09,0.0,-2.11117842126739e-09,0.0,-2.31918972059792e-09,0.0,-5.980101837555172e-09,0.0,-7.213444525512966e-09,0.0,1.2514922700638026e-07,0.0,-6.435418610469292e-08,0.0,-3.4721983938654044e-09,0.0,-7.478358444338491e-09,0.0,-1.9337978855420983e-09,0.0,-2.1111784212673926e-09,0.0,-5.155974001619414e-09,0.0,-6.143828066953017e-09,0.0,-6.435418610469291e-08,0.0,1.2452663081680064e-07,0.0,-3.303348409955771e-09,0.0,-7.411047572764416e-09,0.0,-7.411047572764419e-09,0.0,-7.478358444338491e-09,0.0,-6.1722506010607725e-09,0.0,-5.730288256827214e-09,0.0,-3.4721983938654044e-09,0.0,-3.3033484099557697e-09,0.0,7.795646947157988e-08,0.0,-1.0034046747951386e-08,0.0,-3.30334840995577e-09,0.0,-3.472198393865403e-09,0.0,-5.730288256827211e-09,0.0,-6.172250601060776e-09,0.0,-7.47835844433849e-09,0.0,-7.411047572764416e-09,0.0,-1.0034046747951381e-08,0.0,7.79564694715799e-08
12321.962091643712,0.0,1.2964693022469765e-07,0.0,-6.700030845495808e-08,0.0,-6.3964506506292855e-09,0.0,-5.367977895521139e-09,0.0,-2.197986082805134e-09,0.0,-2.013311995121605e-09,0.0,-7.715775824463027e-09,0.0,-3.439175845393718e-09,0.0,-6.700030845495808e-08,0.0,1.3029512639140632e-07,0.0,-7.510047713847999e-09,0.0,-6.225992308510292e-09,0.0,-2.414550413128409e-09,0.0,-2.1979860828051337e-09,0.0,-7.785854391698709e-09,0.0,-3.6149686211139493e-09,0.0,-6.396450650629286e-09,0.0,-7.510047713847997e-09,0.0,1.3155579868111976e-07,0.0,-6.543960316476235e-08,0.0,-6.22599230851029e-09,0.0,-5.3679778955211405e-09,0.0,-6.426041865553411e-09,0.0,-5.965906866084188e-09,0.0,-5.36797789552114e-09,0.0,-6.225992308510292e-09,0.0,-6.543960316476236e-08,0.0,1.3155579868111976e-07,0.0,-7.510047713847995e-09,0.0,-6.396450650629283e-09,0.0,-5.965906866084188e-09,0.0,-6.426041865553411e-09,0.0,-2.1979860828051325e-09,0.0,-2.4145504131284104e-09,0.0,-6.225992308510292e-09,0.0,-7.510047713847999e-09,0.0,1.3029512639140632e-07,0.0,-6.700030845495808e-08,0.0,-3.6149686211139484e-09,0.0,-7.785854391698709e-09,0.0,-2.0133119951216053e-09,0.0,-2.1979860828051337e-09,0.0,-5.36797789552114e-09,0.0,-6.396450650629281e-09,0.0,-6.700030845495808e-08,0.0,1.2964693022469765e-07,0.0,-3.4391758453937157e-09,0.0,-7.71577582446303e-09,0.0,-7.715775824463032e-09,0.0,-7.785854391698709e-09,0.0,-6.426041865553415e-09,0.0,-5.96590686608419e-09,0.0,-3.6149686211139472e-09,0.0,-3.439175845393717e-09,0.0,8.116189197324787e-08,0.0,-1.0446627762031266e-08,0.0,-3.439175845393719e-09,0.0,-3.6149686211139484e-09,0.0,-5.96590686608419e-09,0.0,-6.4260418655534126e-09,0.0,-7.785854391698709e-09,0.0,-7.715775824463032e-09,0.0,-1.0446627762031265e-08,0.0,8.11618919732479e-08
12828.617855058625,0.0,1.349777666547123e-07,0.0,-6.975523434880598e-08,0.0,-6.659460596889236e-09,0.0,-5.588698988348884e-09,0.0,-2.2883631111125167e-09,0.0,-2.0960955744163745e-09,0.0,-8.033033925210863e-09,0.0,-3.5805882479402084e-09,0.0,-6.975523434880598e-08,0.0,1.3565261542116472e-07,0.0,-7.818846664002418e-09,0.0,-6.481993330313698e-09,0.0,-2.513832156877401e-09,0.0,-2.2883631111125167e-09,0.0,-8.105993990516227e-09,0.0,-3.763609289931904e-09,0.0,-6.6594605968892374e-09,0.0,-7.81884666400241e-09,0.0,1.369651241697644e-07,0.0,-6.813035581051964e-08,0.0,-6.481993330313696e-09,0.0,-5.588698988348885e-09,0.0,-6.6902685465733235e-09,0.0,-6.211213666674651e-09,0.0,-5.588698988348879e-09,0.0,-6.4819933303137e-09,0.0,-6.813035581051965e-08,0.0,1.3696512416976436e-07,0.0,-7.818846664002411e-09,0.0,-6.659460596889236e-09,0.0,-6.211213666674654e-09,0.0,-6.6902685465733235e-09,0.0,-2.2883631111125175e-09,0.0,-2.5138321568774018e-09,0.0,-6.4819933303137e-09,0.0,-7.818846664002408e-09,0.0,1.3565261542116472e-07,0.0,-6.975523434880596e-08,0.0,-3.763609289931904e-09,0.0,-8.105993990516223e-09,0.0,-2.0960955744163745e-09,0.0,-2.2883631111125167e-09,0.0,-5.588698988348882e-09,0.0,-6.6594605968892374e-09,0.0,-6.975523434880596e-08,0.0,1.3497776665471235e-07,0.0,-3.580588247940207e-09,0.0,-8.03303392521086e-09,0.0,-8.03303392521086e-09,0.0,-8.105993990516227e-09,0.0,-6.69026854657332e-09,0.0,-6.211213666674658e-09,0.0,-3.763609289931905e-09,0.0,-3.580588247940206e-09,0.0,8.449911538231773e-08,0.0,-1.087617332665143e-08,0.0,-3.5805882479402055e-09,0.0,-3.763609289931906e-09,0.0,-6.21121366667466e-09,0.0,-6.69026854657332e-09,0.0,-8.105993990516223e-09,0.0,-8.033033925210858e-09,0.0,-1.0876173326651432e-08,0.0,8.449911538231772e-08
13356.106344681619,0.0,1.4052779699077873e-07,0.0,-7.262343758205142e-08,0.0,-6.933285014425512e-09,0.0,-5.8184957148262525e-09,0.0,-2.3824562717965165e-09,0.0,-2.182283057834038e-09,0.0,-8.363337078689629e-09,0.0,-3.7278152608738775e-09,0.0,-7.26234375820514e-08,0.0,1.4123039426143966e-07,0.0,-8.140342842623258e-09,0.0,-6.748520629683304e-09,0.0,-2.617196178050903e-09,0.0,-2.3824562717965132e-09,0.0,-8.439297123812405e-09,0.0,-3.918361781767522e-09,0.0,-6.933285014425504e-09,0.0,-8.140342842623258e-09,0.0,1.4259687088602078e-07,0.0,-7.093174711315296e-08,0.0,-6.748520629683296e-09,0.0,-5.818495714826269e-09,0.0,-6.965359728700363e-09,0.0,-6.466607018692538e-09,0.0,-5.8184957148262716e-09,0.0,-6.7485206296833e-09,0.0,-7.093174711315299e-08,0.0,1.4259687088602068e-07,0.0,-8.140342842623251e-09,0.0,-6.933285014425505e-09,0.0,-6.4666070186925445e-09,0.0,-6.9653597287003726e-09,0.0,-2.3824562717965095e-09,0.0,-2.617196178050903e-09,0.0,-6.748520629683298e-09,0.0,-8.14034284262325e-09,0.0,1.4123039426143963e-07,0.0,-7.26234375820514e-08,0.0,-3.918361781767526e-09,0.0,-8.43929712381241e-09,0.0,-2.1822830578340396e-09,0.0,-2.3824562717965132e-09,0.0,-5.818495714826267e-09,0.0,-6.933285014425512e-09,0.0,-7.262343758205146e-08,0.0,1.4052779699077873e-07,0.0,-3.727815260873879e-09,0.0,-8.363337078689614e-09,0.0,-8.363337078689617e-09,0.0,-8.439297123812408e-09,0.0,-6.965359728700356e-09,0.0,-6.466607018692542e-09,0.0,-3.918361781767525e-09,0.0,-3.7278152608738725e-09,0.0,8.797355910268487e-08,0.0,-1.1323380992026782e-08,0.0,-3.727815260873874e-09,0.0,-3.918361781767526e-09,0.0,-6.466607018692549e-09,0.0,-6.96535972870036e-09,0.0,-8.439297123812413e-09,0.0,-8.363337078689616e-09,0.0,-1.1323380992026782e-08,0.0,8.797355910268484e-08
13905.284162791027,0.0,1.463060340715166e-07,0.0,-7.560957590452717e-08,0.0,-7.218368573831956e-09,0.0,-6.057741247834428e-09,0.0,-2.4804183651881427e-09,0.0,-2.272014407470664e-09,0.0,-8.707221672781479e-09,0.0,-3.881095969970427e-09,0.0,-7.560957590452713e-08,0.0,1.4703752081236842e-07,0.0,-8.475058335717133e-09,0.0,-7.026007027232964e-09,0.0,-2.7248103321714015e-09,0.0,-2.480418365188136e-09,0.0,-8.786305051214672e-09,0.0,-4.079477403217418e-09,0.0,-7.218368573831954e-09,0.0,-8.475058335717143e-09,0.0,1.484601843698638e-07,0.0,-7.384832632486321e-08,0.0,-7.026007027232944e-09,0.0,-6.057741247834443e-09,0.0,-7.251762139660338e-09,0.0,-6.732501662044988e-09,0.0,-6.0577412478344385e-09,0.0,-7.02600702723295e-09,0.0,-7.384832632486316e-08,0.0,1.484601843698638e-07,0.0,-8.475058335717135e-09,0.0,-7.21836857383195e-09,0.0,-6.732501662045006e-09,0.0,-7.2517621396603636e-09,0.0,-2.4804183651881336e-09,0.0,-2.724810332171402e-09,0.0,-7.026007027232946e-09,0.0,-8.475058335717131e-09,0.0,1.4703752081236836e-07,0.0,-7.560957590452717e-08,0.0,-4.079477403217433e-09,0.0,-8.786305051214687e-09,0.0,-2.272014407470661e-09,0.0,-2.480418365188139e-09,0.0,-6.057741247834445e-09,0.0,-7.218368573831952e-09,0.0,-7.56095759045272e-08,0.0,1.463060340715166e-07,0.0,-3.8810959699704215e-09,0.0,-8.707221672781443e-09,0.0,-8.707221672781466e-09,0.0,-8.786305051214676e-09,0.0,-7.25176213966034e-09,0.0,-6.7325016620449936e-09,0.0,-4.079477403217426e-09,0.0,-3.881095969970417e-09,0.0,9.159086537387747e-08,0.0,-1.1788976990317037e-08,0.0,-3.881095969970423e-09,0.0,-4.079477403217428e-09,0.0,-6.7325016620450035e-09,0.0,-7.251762139660351e-09,0.0,-8.786305051214692e-09,0.0,-8.707221672781464e-09,0.0,-1.1788976990317042e-08,0.0,9.159086537387742e-08
14477.043133529785,0.0,1.5232186132641328e-07,0.0,-7.871849858392483e-08,0.0,-7.515174229715723e-09,0.0,-6.306824104417241e-09,0.0,-2.582408474478895e-09,0.0,-2.365435340398757e-09,0.0,-9.065246150623135e-09,0.0,-4.0406792917601635e-09,0.0,-7.871849858392484e-08,0.0,1.530834254178005e-07,0.0,-8.823536696479231e-09,0.0,-7.314903140341067e-09,0.0,-2.8368493766627856e-09,0.0,-2.5824084744789104e-09,0.0,-9.147581287922039e-09,0.0,-4.247217794129924e-09,0.0,-7.515174229715713e-09,0.0,-8.823536696479201e-09,0.0,1.5456458620856486e-07,0.0,-7.688482975449246e-08,0.0,-7.314903140341091e-09,0.0,-6.306824104417256e-09,0.0,-7.549940875777812e-09,0.0,-7.009329389959284e-09,0.0,-6.306824104417243e-09,0.0,-7.314903140341089e-09,0.0,-7.688482975449263e-08,0.0,1.545645862085648e-07,0.0,-8.82353669647923e-09,0.0,-7.515174229715705e-09,0.0,-7.009329389959234e-09,0.0,-7.549940875777747e-09,0.0,-2.582408474478899e-09,0.0,-2.836849376662785e-09,0.0,-7.314903140341104e-09,0.0,-8.823536696479221e-09,0.0,1.5308342541780078e-07,0.0,-7.871849858392471e-08,0.0,-4.2472177941298944e-09,0.0,-9.147581287922004e-09,0.0,-2.3654353403987804e-09,0.0,-2.5824084744788943e-09,0.0,-6.3068241044171974e-09,0.0,-7.515174229715723e-09,0.0,-7.871849858392479e-08,0.0,1.5232186132641326e-07,0.0,-4.04067929176018e-09,0.0,-9.065246150623183e-09,0.0,-9.065246150623127e-09,0.0,-9.147581287922029e-09,0.0,-7.549940875777764e-09,0.0,-7.009329389959274e-09,0.0,-4.247217794129918e-09,0.0,-4.040679291760178e-09,0.0,9.53569084336352e-08,0.0,-1.227371741497395e-08,0.0,-4.0406792917601685e-09,0.0,-4.247217794129916e-09,0.0,-7.009329389959276e-09,0.0,-7.54994087577774e-09,0.0,-9.147581287922014e-09,0.0,-9.065246150623127e-09,0.0,-1.2273717414973952e-08,0.0,9.535690843363522e-08
15072.311751161988,0.0,1.585850480138201e-07,0.0,-8.195525428064608e-08,0.0,-7.824183972501317e-09,0.0,-6.566148776704132e-09,0.0,-2.688592224059906e-09,0.0,-2.4626975653013837e-09,0.0,-9.43799191747654e-09,0.0,-4.2068243777501695e-09,0.0,-8.195525428064608e-08,0.0,1.5937792617947893e-07,0.0,-9.186343827983539e-09,0.0,-7.615678114919908e-09,0.0,-2.9534952546436343e-09,0.0,-2.6885922240599018e-09,0.0,-9.523712519812042e-09,0.0,-4.421855352488692e-09,0.0,-7.824183972501309e-09,0.0,-9.186343827983547e-09,0.0,1.609199894990454e-07,0.0,-8.004618845893978e-08,0.0,-7.615678114919906e-09,0.0,-6.5661487767041274e-09,0.0,-7.860380157257833e-09,0.0,-7.297539750183058e-09,0.0,-6.5661487767041365e-09,0.0,-7.615678114919905e-09,0.0,-8.00461884589398e-08,0.0,1.6091998949904537e-07,0.0,-9.186343827983539e-09,0.0,-7.824183972501315e-09,0.0,-7.297539750183065e-09,0.0,-7.860380157257837e-09,0.0,-2.6885922240599068e-09,0.0,-2.9534952546436347e-09,0.0,-7.615678114919905e-09,0.0,-9.186343827983539e-09,0.0,1.5937792617947888e-07,0.0,-8.195525428064609e-08,0.0,-4.421855352488702e-09,0.0,-9.523712519812047e-09,0.0,-2.4626975653013775e-09,0.0,-2.688592224059903e-09,0.0,-6.566148776704145e-09,0.0,-7.824183972501309e-09,0.0,-8.195525428064608e-08,0.0,1.5858504801382003e-07,0.0,-4.2068243777501645e-09,0.0,-9.437991917476534e-09,0.0,-9.437991917476552e-09,0.0,-9.523712519812044e-09,0.0,-7.860380157257845e-09,0.0,-7.2975397501830525e-09,0.0,-4.421855352488695e-09,0.0,-4.206824377750166e-09,0.0,9.927780405723841e-08,0.0,-1.2778389448581315e-08,0.0,-4.2068243777501695e-09,0.0,-4.421855352488699e-09,0.0,-7.297539750183054e-09,0.0,-7.860380157257845e-09,0.0,-9.523712519812047e-09,0.0,-9.437991917476549e-09,0.0,-1.2778389448581314e-08,0.0,9.92778040572384e-08
15692.056687878789,0.0,1.6510576508550474e-07,0.0,-8.53250992464558e-08,0.0,-8.145899611147428e-09,0.0,-6.836136388775519e-09,0.0,-2.7991420484840767e-09,0.0,-2.5639590288351845e-09,0.0,-9.826064284887551e-09,0.0,-4.3798010352669956e-09,0.0,-8.53250992464558e-08,0.0,1.6593124490091138e-07,0.0,-9.564068902167573e-09,0.0,-7.928820387273884e-09,0.0,-3.0749373903890887e-09,0.0,-2.7991420484840697e-09,0.0,-9.915309556175416e-09,0.0,-4.603673676767158e-09,0.0,-8.14589961114743e-09,0.0,-9.564068902167575e-09,0.0,1.6753671494601377e-07,0.0,-8.333753625083255e-08,0.0,-7.928820387273891e-09,0.0,-6.836136388775506e-09,0.0,-8.183584114524311e-09,0.0,-7.597600775016669e-09,0.0,-6.8361363887755185e-09,0.0,-7.928820387273893e-09,0.0,-8.333753625083257e-08,0.0,1.6753671494601374e-07,0.0,-9.564068902167573e-09,0.0,-8.145899611147437e-09,0.0,-7.597600775016684e-09,0.0,-8.183584114524342e-09,0.0,-2.7991420484840788e-09,0.0,-3.074937390389092e-09,0.0,-7.928820387273891e-09,0.0,-9.56406890216756e-09,0.0,1.659312449009113e-07,0.0,-8.532509924645581e-08,0.0,-4.603673676767173e-09,0.0,-9.915309556175423e-09,0.0,-2.5639590288351696e-09,0.0,-2.799142048484077e-09,0.0,-6.83613638877553e-09,0.0,-8.145899611147423e-09,0.0,-8.532509924645586e-08,0.0,1.6510576508550476e-07,0.0,-4.379801035266979e-09,0.0,-9.826064284887538e-09,0.0,-9.82606428488755e-09,0.0,-9.915309556175418e-09,0.0,-8.183584114524342e-09,0.0,-7.59760077501668e-09,0.0,-4.603673676767164e-09,0.0,-4.379801035266987e-09,0.0,1.0335991948907274e-07,0.0,-1.3303812641181022e-08,0.0,-4.37980103526699e-09,0.0,-4.603673676767168e-09,0.0,-7.59760077501668e-09,0.0,-8.183584114524337e-09,0.0,-9.915309556175421e-09,0.0,-9.826064284887561e-09,0.0,-1.3303812641181024e-08,0.0,1.0335991948907273e-07
16337.28436360253,0.0,1.7189460170352434e-07,0.0,-8.883350586024378e-08,0.0,-8.480843588047503e-09,0.0,-7.117225380537002e-09,0.0,-2.914237472486667e-09,0.0,-2.6693841721246423e-09,0.0,-1.0230093453667402e-08,0.0,-4.559890165603906e-09,0.0,-8.883350586024378e-08,0.0,1.7275402368682176e-07,0.0,-9.95732531660393e-09,0.0,-8.254838477283958e-09,0.0,-3.201372996942134e-09,0.0,-2.9142374724866685e-09,0.0,-1.0323008321624963e-08,0.0,-4.792968026471214e-09,0.0,-8.480843588047503e-09,0.0,-9.957325316603929e-09,0.0,1.7442550762202475e-07,0.0,-8.676421803545827e-08,0.0,-8.254838477283953e-09,0.0,-7.117225380537016e-09,0.0,-8.520077606889995e-09,0.0,-7.909999741362987e-09,0.0,-7.117225380537017e-09,0.0,-8.254838477283954e-09,0.0,-8.676421803545829e-08,0.0,1.7442550762202472e-07,0.0,-9.957325316603923e-09,0.0,-8.480843588047501e-09,0.0,-7.909999741362982e-09,0.0,-8.520077606889982e-09,0.0,-2.9142374724866676e-09,0.0,-3.201372996942131e-09,0.0,-8.254838477283953e-09,0.0,-9.957325316603929e-09,0.0,1.7275402368682176e-07,0.0,-8.883350586024374e-08,0.0,-4.792968026471213e-09,0.0,-1.032300832162496e-08,0.0,-2.6693841721246427e-09,0.0,-2.91423747248667e-09,0.0,-7.117225380537007e-09,0.0,-8.480843588047511e-09,0.0,-8.883350586024375e-08,0.0,1.718946017035243e-07,0.0,-4.559890165603907e-09,0.0,-1.0230093453667408e-08,0.0,-1.0230093453667405e-08,0.0,-1.0323008321624963e-08,0.0,-8.520077606889994e-09,0.0,-7.909999741362979e-09,0.0,-4.792968026471219e-09,0.0,-4.5598901656039075e-09,0.0,1.076098837825641e-07,0.0,-1.3850840241161845e-08,0.0,-4.559890165603907e-09,0.0,-4.792968026471216e-09,0.0,-7.909999741362985e-09,0.0,-8.520077606889994e-09,0.0,-1.0323008321624963e-08,0.0,-1.0230093453667407e-08,0.0,-1.3850840241161844e-08,0.0,1.0760988378256411e-07
17009.04258033824,0.0,1.789625824362409e-07,0.0,-9.248617151476381e-08,0.0,-8.829559827437553e-09,0.0,-7.4098722197134904e-09,0.0,-3.0340654025203435e-09,0.0,-2.7791441978021043e-09,0.0,-1.0650735537292125e-08,0.0,-4.747384220183817e-09,0.0,-9.248617151476384e-08,0.0,1.798573422251414e-07,0.0,-1.0366751690612648e-08,0.0,-8.594261814206201e-09,0.0,-3.333007396372851e-09,0.0,-3.0340654025203447e-09,0.0,-1.0747470888790167e-08,0.0,-4.990045801618884e-09,0.0,-8.82955982743755e-09,0.0,-1.0366751690612648e-08,0.0,1.8159755441668272e-07,0.0,-9.033179849049515e-08,0.0,-8.5942618142062e-09,0.0,-7.4098722197134904e-09,0.0,-8.870407074889298e-09,0.0,-8.235243962028935e-09,0.0,-7.409872219713493e-09,0.0,-8.594261814206193e-09,0.0,-9.033179849049511e-08,0.0,1.8159755441668278e-07,0.0,-1.0366751690612648e-08,0.0,-8.829559827437553e-09,0.0,-8.235243962028931e-09,0.0,-8.870407074889298e-09,0.0,-3.0340654025203426e-09,0.0,-3.3330073963728513e-09,0.0,-8.594261814206198e-09,0.0,-1.036675169061265e-08,0.0,1.7985734222514143e-07,0.0,-9.248617151476382e-08,0.0,-4.990045801618884e-09,0.0,-1.074747088879017e-08,0.0,-2.7791441978021043e-09,0.0,-3.0340654025203426e-09,0.0,-7.409872219713493e-09,0.0,-8.829559827437548e-09,0.0,-9.248617151476381e-08,0.0,1.7896258243624087e-07,0.0,-4.747384220183815e-09,0.0,-1.0650735537292122e-08,0.0,-1.0650735537292127e-08,0.0,-1.0747470888790162e-08,0.0,-8.870407074889298e-09,0.0,-8.235243962028928e-09,0.0,-4.990045801618884e-09,0.0,-4.747384220183814e-09,0.0,1.1203459856527062e-07,0.0,-1.442036058087162e-08,0.0,-4.747384220183814e-09,0.0,-4.9900458016188835e-09,0.0,-8.235243962028931e-09,0.0,-8.870407074889301e-09,0.0,-1.0747470888790167e-08,0.0,-1.0650735537292123e-08,0.0,-1.4420360580871619e-08,0.0,1.1203459856527063e-07
17708.422223726546,0.0,1.8632118516140493e-07,0.0,-9.62890278687785e-08,0.0,-9.192614618688842e-09,0.0,-7.714552143118858e-09,0.0,-3.1588204302774233e-09,0.0,-2.8934173480281103e-09,0.0,-1.1088673627382217e-08,0.0,-4.942587675478673e-09,0.0,-9.628902786877846e-08,0.0,1.872527357796026e-07,0.0,-1.07930129023317e-08,0.0,-8.947641596425885e-09,0.0,-3.4700543532062957e-09,0.0,-3.1588204302774204e-09,0.0,-1.1189386553474149e-08,0.0,-5.1952270419352404e-09,0.0,-9.19261461868885e-09,0.0,-1.0793012902331692e-08,0.0,1.8906450220332308e-07,0.0,-9.404607110263711e-08,0.0,-8.947641596425882e-09,0.0,-7.714552143118863e-09,0.0,-9.235141427657426e-09,0.0,-8.57386160956409e-09,0.0,-7.71455214311886e-09,0.0,-8.947641596425882e-09,0.0,-9.404607110263713e-08,0.0,1.8906450220332306e-07,0.0,-1.0793012902331692e-08,0.0,-9.192614618688842e-09,0.0,-8.573861609564087e-09,0.0,-9.235141427657422e-09,0.0,-3.1588204302774187e-09,0.0,-3.470054353206299e-09,0.0,-8.947641596425885e-09,0.0,-1.0793012902331693e-08,0.0,1.8725273577960251e-07,0.0,-9.628902786877844e-08,0.0,-5.1952270419352404e-09,0.0,-1.1189386553474147e-08,0.0,-2.893417348028117e-09,0.0,-3.158820430277423e-09,0.0,-7.714552143118863e-09,0.0,-9.192614618688837e-09,0.0,-9.628902786877846e-08,0.0,1.86321185161405e-07,0.0,-4.942587675478674e-09,0.0,-1.1088673627382224e-08,0.0,-1.108867362738222e-08,0.0,-1.1189386553474152e-08,0.0,-9.235141427657429e-09,0.0,-8.57386160956409e-09,0.0,-5.195227041935239e-09,0.0,-4.942587675478675e-09,0.0,1.1664124924661501e-07,0.0,-1.5013298519203257e-08,0.0,-4.942587675478674e-09,0.0,-5.195227041935241e-09,0.0,-8.573861609564089e-09,0.0,-9.235141427657427e-09,0.0,-1.1189386553474149e-08,0.0,-1.1088673627382219e-08,0.0,-1.5013298519203254e-08,0.0,1.1664124924661503e-07
18436.55903456127,0.0,1.939823597053798e-07,0.0,-1.002482504796336e-07,0.0,-9.570597535919975e-09,0.0,-8.031759928405486e-09,0.0,-3.288705148692374e-09,0.0,-3.0123891939435704e-09,0.0,-1.1544618902993009e-08,0.0,-5.145817527456802e-09,0.0,-1.0024825047963363e-07,0.0,1.9495221392215295e-07,0.0,-1.1236801168429857e-08,0.0,-9.315551686562793e-09,0.0,-3.6127364215602705e-09,0.0,-3.2887051486923685e-09,0.0,-1.1649472954019042e-08,0.0,-5.408844946573214e-09,0.0,-9.57059753591998e-09,0.0,-1.1236801168429856e-08,0.0,1.9683847675267243e-07,0.0,-9.791306757578756e-08,0.0,-9.315551686562792e-09,0.0,-8.031759928405485e-09,0.0,-9.614872966796606e-09,0.0,-8.926402573973767e-09,0.0,-8.03175992840549e-09,0.0,-9.315551686562793e-09,0.0,-9.791306757578758e-08,0.0,1.9683847675267243e-07,0.0,-1.1236801168429854e-08,0.0,-9.570597535919968e-09,0.0,-8.926402573973764e-09,0.0,-9.614872966796606e-09,0.0,-3.288705148692371e-09,0.0,-3.6127364215602676e-09,0.0,-9.315551686562793e-09,0.0,-1.1236801168429859e-08,0.0,1.9495221392215295e-07,0.0,-1.0024825047963363e-07,0.0,-5.4088449465732166e-09,0.0,-1.1649472954019039e-08,0.0,-3.01238919394357e-09,0.0,-3.2887051486923784e-09,0.0,-8.031759928405496e-09,0.0,-9.570597535919968e-09,0.0,-1.002482504796336e-07,0.0,1.939823597053797e-07,0.0,-5.145817527456798e-09,0.0,-1.1544618902993014e-08,0.0,-1.1544618902993009e-08,0.0,-1.1649472954019042e-08,0.0,-9.614872966796606e-09,0.0,-8.92640257397376e-09,0.0,-5.408844946573216e-09,0.0,-5.1458175274567996e-09,0.0,1.214373166864581e-07,0.0,-1.5630616943497175e-08,0.0,-5.145817527456801e-09,0.0,-5.4088449465732166e-09,0.0,-8.926402573973762e-09,0.0,-9.614872966796604e-09,0.0,-1.1649472954019042e-08,0.0,-1.1544618902993012e-08,0.0,-1.563061694349717e-08,0.0,1.214373166864581e-07
19194.635453148407,0.0,2.019585472487749e-07,0.0,-1.0437026883190665e-07,0.0,-9.964122395421597e-09,0.0,-8.362010697546485e-09,0.0,-3.423930480937739e-09,0.0,-3.136252937023522e-09,0.0,-1.201931178551671e-08,0.0,-5.3574038063608346e-09,0.0,-1.0437026883190667e-07,0.0,2.029682800356123e-07,0.0,-1.1698837168215425e-08,0.0,-9.698589543381654e-09,0.0,-3.761285306556742e-09,0.0,-3.423930480937738e-09,0.0,-1.2128477236697583e-08,0.0,-5.6312464152043705e-09,0.0,-9.964122395421602e-09,0.0,-1.1698837168215425e-08,0.0,2.0493210242420302e-07,0.0,-1.0193906762610008e-07,0.0,-9.698589543381656e-09,0.0,-8.362010697546489e-09,0.0,-1.0010218348230083e-08,0.0,-9.293439355699661e-09,0.0,-8.362010697546489e-09,0.0,-9.69858954338166e-09,0.0,-1.019390676261001e-07,0.0,2.0493210242420297e-07,0.0,-1.1698837168215422e-08,0.0,-9.964122395421597e-09,0.0,-9.29343935569967e-09,0.0,-1.0010218348230092e-08,0.0,-3.4239304809377365e-09,0.0,-3.761285306556744e-09,0.0,-9.698589543381664e-09,0.0,-1.1698837168215422e-08,0.0,2.029682800356123e-07,0.0,-1.0437026883190667e-07,0.0,-5.631246415204368e-09,0.0,-1.2128477236697581e-08,0.0,-3.1362529370235246e-09,0.0,-3.4239304809377385e-09,0.0,-8.362010697546492e-09,0.0,-9.96412239542159e-09,0.0,-1.0437026883190667e-07,0.0,2.0195854724877483e-07,0.0,-5.357403806360831e-09,0.0,-1.2019311785516716e-08,0.0,-1.201931178551671e-08,0.0,-1.2128477236697578e-08,0.0,-1.0010218348230088e-08,0.0,-9.29343935569967e-09,0.0,-5.63124641520437e-09,0.0,-5.35740380636083e-09,0.0,1.2643058934346137e-07,0.0,-1.6273318333199086e-08,0.0,-5.357403806360833e-09,0.0,-5.63124641520437e-09,0.0,-9.293439355699673e-09,0.0,-1.0010218348230084e-08,0.0,-1.2128477236697576e-08,0.0,-1.2019311785516714e-08,0.0,-1.6273318333199083e-08,0.0,1.264305893434614e-07
19983.88253950173,0.0,2.102627005300033e-07,0.0,-1.0866177677841389e-07,0.0,-1.0373828252448673e-08,0.0,-8.705840753355726e-09,0.0,-3.5647160229477658e-09,0.0,-3.265209722822071e-09,0.0,-1.251352314107206e-08,0.0,-5.577690112652463e-09,0.0,-1.0866177677841387e-07,0.0,2.1131395161824068e-07,0.0,-1.2179871213966024e-08,0.0,-1.0097377192021018e-08,0.0,-3.9159422405938306e-09,0.0,-3.564716022947765e-09,0.0,-1.2627177269023335e-08,0.0,-5.862792611358291e-09,0.0,-1.0373828252448666e-08,0.0,-1.217987121396603e-08,0.0,2.133585226671586e-07,0.0,-1.0613060917977295e-07,0.0,-1.0097377192021021e-08,0.0,-8.705840753355716e-09,0.0,-1.0421819583605736e-08,0.0,-9.6755679953183e-09,0.0,-8.705840753355723e-09,0.0,-1.0097377192021021e-08,0.0,-1.0613060917977299e-07,0.0,2.1335852266715852e-07,0.0,-1.2179871213966024e-08,0.0,-1.0373828252448671e-08,0.0,-9.675567995318303e-09,0.0,-1.0421819583605744e-08,0.0,-3.5647160229477707e-09,0.0,-3.915942240593822e-09,0.0,-1.009737719202103e-08,0.0,-1.2179871213966026e-08,0.0,2.1131395161824068e-07,0.0,-1.0866177677841387e-07,0.0,-5.862792611358287e-09,0.0,-1.2627177269023328e-08,0.0,-3.2652097228220674e-09,0.0,-3.564716022947775e-09,0.0,-8.705840753355721e-09,0.0,-1.0373828252448666e-08,0.0,-1.0866177677841387e-07,0.0,2.102627005300033e-07,0.0,-5.5776901126524645e-09,0.0,-1.2513523141072062e-08,0.0,-1.2513523141072064e-08,0.0,-1.262717726902333e-08,0.0,-1.0421819583605738e-08,0.0,-9.675567995318306e-09,0.0,-5.862792611358288e-09,0.0,-5.577690112652465e-09,0.0,1.3162917592296807e-07,0.0,-1.6942446387812427e-08,0.0,-5.577690112652464e-09,0.0,-5.8627926113582885e-09,0.0,-9.675567995318305e-09,0.0,-1.042181958360574e-08,0.0,-1.2627177269023335e-08,0.0,-1.2513523141072062e-08,0.0,-1.6942446387812427e-08,0.0,1.3162917592296807e-07
20805.581972493168,0.0,2.1890830487957027e-07,0.0,-1.1312974341053219e-07,0.0,-1.080038043899891e-08,0.0,-9.063808450403876e-09,0.0,-3.7112904000259855e-09,0.0,-3.3994689676178433e-09,0.0,-1.3028055532333835e-08,0.0,-5.807034174994148e-09,0.0,-1.1312974341053218e-07,0.0,2.2000278142319308e-07,0.0,-1.2680684469380318e-08,0.0,-1.0512562234116005e-08,0.0,-4.07695837508935e-09,0.0,-3.7112904000259876e-09,0.0,-1.3146382902950036e-08,0.0,-6.1038595489254505e-09,0.0,-1.0800380438998909e-08,0.0,-1.2680684469380318e-08,0.0,2.2213142136454388e-07,0.0,-1.1049449899015762e-07,0.0,-1.051256223411601e-08,0.0,-9.06380845040387e-09,0.0,-1.0850345082875479e-08,0.0,-1.0073409041466753e-08,0.0,-9.063808450403868e-09,0.0,-1.051256223411601e-08,0.0,-1.1049449899015764e-07,0.0,2.221314213645438e-07,0.0,-1.2680684469380318e-08,0.0,-1.0800380438998909e-08,0.0,-1.0073409041466754e-08,0.0,-1.0850345082875484e-08,0.0,-3.711290400025988e-09,0.0,-4.076958375089353e-09,0.0,-1.0512562234116013e-08,0.0,-1.2680684469380316e-08,0.0,2.2000278142319303e-07,0.0,-1.1312974341053219e-07,0.0,-6.103859548925446e-09,0.0,-1.3146382902950037e-08,0.0,-3.3994689676178404e-09,0.0,-3.711290400025985e-09,0.0,-9.06380845040387e-09,0.0,-1.0800380438998907e-08,0.0,-1.1312974341053218e-07,0.0,2.1890830487957032e-07,0.0,-5.807034174994156e-09,0.0,-1.3028055532333832e-08,0.0,-1.3028055532333832e-08,0.0,-1.3146382902950039e-08,0.0,-1.0850345082875482e-08,0.0,-1.007340904146676e-08,0.0,-6.1038595489254456e-09,0.0,-5.807034174994156e-09,0.0,1.3704151854494036e-07,0.0,-1.7639087721789185e-08,0.0,-5.807034174994155e-09,0.0,-6.103859548925445e-09,0.0,-1.0073409041466763e-08,0.0,-1.0850345082875479e-08,0.0,-1.3146382902950037e-08,0.0,-1.3028055532333835e-08,0.0,-1.7639087721789185e-08,0.0,1.3704151854494038e-07
21661.068131204353,0.0,2.2790940011925123e-07,0.0,-1.1778142437548721e-07,0.0,-1.1244471644262677e-08,0.0,-9.436495101744908e-09,0.0,-3.863891638115717e-09,0.0,-3.5392486984905647e-09,0.0,-1.3563744521835177e-08,0.0,-6.0458084311739724e-09,0.0,-1.1778142437548721e-07,0.0,2.2904887946718585e-07,0.0,-1.3202090218129903e-08,0.0,-1.0944818899455442e-08,0.0,-4.244595188332151e-09,0.0,-3.863891638115715e-09,0.0,-1.3686937290011169e-08,0.0,-6.3548387027759134e-09,0.0,-1.1244471644262677e-08,0.0,-1.320209021812991e-08,0.0,2.3126504505473654e-07,0.0,-1.1503782369142183e-07,0.0,-1.0944818899455442e-08,0.0,-9.43649510174491e-09,0.0,-1.1296490739743525e-08,0.0,-1.0487608558567711e-08,0.0,-9.436495101744913e-09,0.0,-1.094481889945544e-08,0.0,-1.1503782369142188e-07,0.0,2.3126504505473644e-07,0.0,-1.3202090218129907e-08,0.0,-1.124447164426267e-08,0.0,-1.0487608558567708e-08,0.0,-1.129649073974352e-08,0.0,-3.8638916381157134e-09,0.0,-4.24459518833215e-09,0.0,-1.094481889945545e-08,0.0,-1.3202090218129903e-08,0.0,2.290488794671859e-07,0.0,-1.1778142437548721e-07,0.0,-6.354838702775911e-09,0.0,-1.3686937290011172e-08,0.0,-3.539248698490565e-09,0.0,-3.863891638115718e-09,0.0,-9.436495101744914e-09,0.0,-1.124447164426267e-08,0.0,-1.177814243754872e-07,0.0,2.2790940011925123e-07,0.0,-6.045808431173975e-09,0.0,-1.3563744521835177e-08,0.0,-1.3563744521835179e-08,0.0,-1.3686937290011166e-08,0.0,-1.1296490739743527e-08,0.0,-1.0487608558567708e-08,0.0,-6.3548387027759134e-09,0.0,-6.0458084311739724e-09,0.0,1.426764064533371e-07,0.0,-1.8364373629111237e-08,0.0,-6.0458084311739766e-09,0.0,-6.3548387027759134e-09,0.0,-1.0487608558567711e-08,0.0,-1.129649073974352e-08,0.0,-1.3686937290011172e-08,0.0,-1.3563744521835179e-08,0.0,-1.8364373629111237e-08,0.0,1.426764064533371e-07
22551.7302618597,0.0,2.3728060336172535e-07,0.0,-1.2262437365898867e-07,0.0,-1.1706823039499054e-08,0.0,-9.82450592292557e-09,0.0,-4.022767550336681e-09,0.0,-3.6847759073808607e-09,0.0,-1.4121460028859475e-08,0.0,-6.294400632917071e-09,0.0,-1.226243736589887e-07,0.0,2.3846693594412287e-07,0.0,-1.3744935184572004e-08,0.0,-1.1394849140881207e-08,0.0,-4.4191249101035015e-09,0.0,-4.0227675503366784e-09,0.0,-1.4249718250535746e-08,0.0,-6.6161376444856165e-09,0.0,-1.1706823039499054e-08,0.0,-1.3744935184571992e-08,0.0,2.4077422606681357e-07,0.0,-1.1976796130672049e-07,0.0,-1.1394849140881213e-08,0.0,-9.824505922925575e-09,0.0,-1.1760981061746352e-08,0.0,-1.0918839175990358e-08,0.0,-9.824505922925574e-09,0.0,-1.1394849140881213e-08,0.0,-1.1976796130672049e-07,0.0,2.4077422606681357e-07,0.0,-1.3744935184572002e-08,0.0,-1.1706823039499062e-08,0.0,-1.0918839175990357e-08,0.0,-1.1760981061746353e-08,0.0,-4.022767550336677e-09,0.0,-4.419124910103504e-09,0.0,-1.139484914088121e-08,0.0,-1.3744935184572009e-08,0.0,2.3846693594412287e-07,0.0,-1.2262437365898867e-07,0.0,-6.6161376444856116e-09,0.0,-1.4249718250535742e-08,0.0,-3.6847759073808607e-09,0.0,-4.022767550336675e-09,0.0,-9.824505922925565e-09,0.0,-1.1706823039499055e-08,0.0,-1.2262437365898867e-07,0.0,2.3728060336172532e-07,0.0,-6.294400632917079e-09,0.0,-1.412146002885948e-08,0.0,-1.412146002885948e-08,0.0,-1.4249718250535744e-08,0.0,-1.1760981061746352e-08,0.0,-1.091883917599035e-08,0.0,-6.616137644485613e-09,0.0,-6.294400632917076e-09,0.0,1.4854299028919671e-07,0.0,-1.9119481920428245e-08,0.0,-6.294400632917075e-09,0.0,-6.616137644485609e-09,0.0,-1.0918839175990352e-08,0.0,-1.176098106174636e-08,0.0,-1.4249718250535744e-08,0.0,-1.4121460028859477e-08,0.0,-1.9119481920428245e-08,0.0,1.4854299028919674e-07
23479.014733859363,0.0,2.470371327476836e-07,0.0,-1.276664558523436e-07,0.0,-1.218818544916456e-08,0.0,-1.0228471014810557e-08,0.0,-4.188176139415093e-09,0.0,-3.836286919708434e-09,0.0,-1.4702107742124798e-08,0.0,-6.553214475565774e-09,0.0,-1.2766645585234354e-07,0.0,2.482722450808813e-07,0.0,-1.4310100908767065e-08,0.0,-1.1863383774207683e-08,0.0,-4.6008309637581204e-09,0.0,-4.1881761394150965e-09,0.0,-1.4835639699163537e-08,0.0,-6.888180704202401e-09,0.0,-1.218818544916456e-08,0.0,-1.431010090876706e-08,0.0,2.50674406607155e-07,0.0,-1.2469259322955815e-07,0.0,-1.1863383774207683e-08,0.0,-1.022847101481056e-08,0.0,-1.2244570346799298e-08,0.0,-1.1367801180350658e-08,0.0,-1.0228471014810558e-08,0.0,-1.1863383774207681e-08,0.0,-1.2469259322955813e-07,0.0,2.5067440660715497e-07,0.0,-1.4310100908767055e-08,0.0,-1.218818544916456e-08,0.0,-1.1367801180350651e-08,0.0,-1.224457034679929e-08,0.0,-4.188176139415098e-09,0.0,-4.6008309637581246e-09,0.0,-1.1863383774207681e-08,0.0,-1.431010090876705e-08,0.0,2.4827224508088125e-07,0.0,-1.2766645585234356e-07,0.0,-6.8881807042023975e-09,0.0,-1.4835639699163527e-08,0.0,-3.836286919708436e-09,0.0,-4.188176139415093e-09,0.0,-1.0228471014810557e-08,0.0,-1.2188185449164561e-08,0.0,-1.2766645585234354e-07,0.0,2.470371327476836e-07,0.0,-6.553214475565778e-09,0.0,-1.4702107742124809e-08,0.0,-1.4702107742124801e-08,0.0,-1.4835639699163539e-08,0.0,-1.2244570346799305e-08,0.0,-1.1367801180350653e-08,0.0,-6.888180704202395e-09,0.0,-6.553214475565778e-09,0.0,1.5465079695060057e-07,0.0,-1.990563883573491e-08,0.0,-6.553214475565777e-09,0.0,-6.8881807042024e-09,0.0,-1.1367801180350656e-08,0.0,-1.2244570346799295e-08,0.0,-1.4835639699163534e-08,0.0,-1.4702107742124801e-08,0.0,-1.9905638835734908e-08,0.0,1.5465079695060057e-07
24444.42738857616,0.0,2.571948321589641e-07,0.0,-1.329158589239705e-07,0.0,-1.2689340570196535e-08,0.0,-1.0649046386819742e-08,0.0,-4.360386016661075e-09,0.0,-3.994027778147013e-09,0.0,-1.5306630590555425e-08,0.0,-6.8226702536509064e-09,0.0,-1.3291585892397055e-07,0.0,2.58480729974005e-07,0.0,-1.4898505178034595e-08,0.0,-1.2351183665012535e-08,0.0,-4.7900084264827155e-09,0.0,-4.360386016661073e-09,0.0,-1.5445653128974822e-08,0.0,-7.171409659726811e-09,0.0,-1.2689340570196527e-08,0.0,-1.4898505178034592e-08,0.0,2.609816638364448e-07,0.0,-1.2981971669780436e-07,0.0,-1.2351183665012526e-08,0.0,-1.0649046386819747e-08,0.0,-1.2748043908120533e-08,0.0,-1.1835223652725033e-08,0.0,-1.0649046386819752e-08,0.0,-1.235118366501253e-08,0.0,-1.298197166978044e-07,0.0,2.6098166383644466e-07,0.0,-1.4898505178034587e-08,0.0,-1.2689340570196527e-08,0.0,-1.183522365272504e-08,0.0,-1.274804390812055e-08,0.0,-4.3603860166610715e-09,0.0,-4.790008426482714e-09,0.0,-1.235118366501254e-08,0.0,-1.4898505178034592e-08,0.0,2.58480729974005e-07,0.0,-1.329158589239705e-07,0.0,-7.171409659726801e-09,0.0,-1.5445653128974825e-08,0.0,-3.994027778147016e-09,0.0,-4.360386016661076e-09,0.0,-1.0649046386819745e-08,0.0,-1.2689340570196525e-08,0.0,-1.329158589239705e-07,0.0,2.5719483215896404e-07,0.0,-6.8226702536509155e-09,0.0,-1.5306630590555415e-08,0.0,-1.5306630590555418e-08,0.0,-1.5445653128974825e-08,0.0,-1.2748043908120543e-08,0.0,-1.1835223652725033e-08,0.0,-7.171409659726799e-09,0.0,-6.822670253650914e-09,0.0,1.6100974506365051e-07,0.0,-2.0724121035693975e-08,0.0,-6.822670253650917e-09,0.0,-7.1714096597267995e-09,0.0,-1.183522365272504e-08,0.0,-1.274804390812054e-08,0.0,-1.5445653128974828e-08,0.0,-1.5306630590555425e-08,0.0,-2.0724121035693975e-08,0.0,1.6100974506365054e-07
25449.53598473054,0.0,2.67770196947843e-07,0.0,-1.3838110751605495e-07,0.0,-1.3211102241431082e-08,0.0,-1.108691502223893e-08,0.0,-4.539676838173446e-09,0.0,-4.158254642179471e-09,0.0,-1.5936010274528574e-08,0.0,-7.1032055434190935e-09,0.0,-1.38381107516055e-07,0.0,2.691089684476356e-07,0.0,-1.55111035173719e-08,0.0,-1.2859040964226144e-08,0.0,-4.9869645084795365e-09,0.0,-4.539676838173445e-09,0.0,-1.6080749156644784e-08,0.0,-7.466284453926502e-09,0.0,-1.321110224143107e-08,0.0,-1.55111035173719e-08,0.0,2.717127359777899e-07,0.0,-1.351576577806161e-07,0.0,-1.2859040964226144e-08,0.0,-1.1086915022238937e-08,0.0,-1.3272219349521694e-08,0.0,-1.2321865652624072e-08,0.0,-1.1086915022238942e-08,0.0,-1.285904096422615e-08,0.0,-1.3515765778061617e-07,0.0,2.717127359777898e-07,0.0,-1.5511103517371895e-08,0.0,-1.321110224143108e-08,0.0,-1.2321865652624075e-08,0.0,-1.3272219349521704e-08,0.0,-4.539676838173449e-09,0.0,-4.986964508479527e-09,0.0,-1.2859040964226155e-08,0.0,-1.55111035173719e-08,0.0,2.6910896844763555e-07,0.0,-1.3838110751605492e-07,0.0,-7.4662844539265e-09,0.0,-1.6080749156644777e-08,0.0,-4.158254642179468e-09,0.0,-4.539676838173453e-09,0.0,-1.1086915022238939e-08,0.0,-1.3211102241431073e-08,0.0,-1.3838110751605492e-07,0.0,2.67770196947843e-07,0.0,-7.1032055434190935e-09,0.0,-1.593601027452858e-08,0.0,-1.593601027452858e-08,0.0,-1.6080749156644784e-08,0.0,-1.3272219349521712e-08,0.0,-1.2321865652624075e-08,0.0,-7.46628445392651e-09,0.0,-7.103205543419091e-09,0.0,1.6763016108958414e-07,0.0,-2.157625767483876e-08,0.0,-7.103205543419089e-09,0.0,-7.466284453926505e-09,0.0,-1.2321865652624075e-08,0.0,-1.3272219349521697e-08,0.0,-1.6080749156644784e-08,0.0,-1.593601027452858e-08,0.0,-2.157625767483875e-08,0.0,1.6763016108958416e-07
26495.97274431474,0.0,2.7878040072426725e-07,0.0,-1.44071076787937e-07,0.0,-1.375431776521718e-08,0.0,-1.154278798733417e-08,0.0,-4.72633975898064e-09,0.0,-4.329234204081864e-09,0.0,-1.659126886008329e-08,0.0,-7.3952759134240954e-09,0.0,-1.44071076787937e-07,0.0,2.8017421997467124e-07,0.0,-1.614889074115595e-08,0.0,-1.338778039452612e-08,0.0,-5.192019051852973e-09,0.0,-4.726339758980636e-09,0.0,-1.6741959131131618e-08,0.0,-7.773283941649519e-09,0.0,-1.3754317765217172e-08,0.0,-1.6148890741155952e-08,0.0,2.8288504949835655e-07,0.0,-1.4071508489935797e-07,0.0,-1.3387780394526129e-08,0.0,-1.1542787987334169e-08,0.0,-1.3817947893135891e-08,0.0,-1.2828517450648989e-08,0.0,-1.154278798733418e-08,0.0,-1.3387780394526126e-08,0.0,-1.4071508489935797e-07,0.0,2.8288504949835655e-07,0.0,-1.6148890741155952e-08,0.0,-1.3754317765217177e-08,0.0,-1.2828517450648995e-08,0.0,-1.3817947893135905e-08,0.0,-4.726339758980634e-09,0.0,-5.19201905185297e-09,0.0,-1.3387780394526129e-08,0.0,-1.6148890741155942e-08,0.0,2.801742199746712e-07,0.0,-1.4407107678793695e-07,0.0,-7.773283941649517e-09,0.0,-1.6741959131131628e-08,0.0,-4.329234204081863e-09,0.0,-4.726339758980641e-09,0.0,-1.1542787987334164e-08,0.0,-1.3754317765217175e-08,0.0,-1.4407107678793697e-07,0.0,2.7878040072426725e-07,0.0,-7.3952759134241e-09,0.0,-1.6591268860083285e-08,0.0,-1.659126886008329e-08,0.0,-1.6741959131131618e-08,0.0,-1.3817947893135888e-08,0.0,-1.2828517450648992e-08,0.0,-7.77328394164952e-09,0.0,-7.395275913424096e-09,0.0,1.7452279609418338e-07,0.0,-2.2463432560021672e-08,0.0,-7.395275913424098e-09,0.0,-7.773283941649522e-09,0.0,-1.2828517450649e-08,0.0,-1.3817947893135896e-08,0.0,-1.674195913113162e-08,0.0,-1.6591268860083285e-08,0.0,-2.2463432560021672e-08,0.0,1.7452279609418338e-07
27585.437003200535,0.0,2.902433232445252e-07,0.0,-1.4999500682871373e-07,0.0,-1.431986928337299e-08,0.0,-1.201740558607077e-08,0.0,-4.920677905854877e-09,0.0,-4.507244122011932e-09,0.0,-1.7273470438679948e-08,0.0,-7.699355664336562e-09,0.0,-1.4999500682871373e-07,0.0,2.9169445370487487e-07,0.0,-1.6812902568648344e-08,0.0,-1.3938260589625882e-08,0.0,-5.405505050009487e-09,0.0,-4.920677905854876e-09,0.0,-1.7430356808511042e-08,0.0,-8.092906667349036e-09,0.0,-1.4319869283372995e-08,0.0,-1.6812902568648348e-08,0.0,2.945167474086637e-07,0.0,-1.4650102290447708e-07,0.0,-1.3938260589625879e-08,0.0,-1.2017405586070776e-08,0.0,-1.4386115761739544e-08,0.0,-1.335600181183268e-08,0.0,-1.2017405586070768e-08,0.0,-1.3938260589625887e-08,0.0,-1.4650102290447713e-07,0.0,2.9451674740866367e-07,0.0,-1.6812902568648348e-08,0.0,-1.4319869283372978e-08,0.0,-1.3356001811832683e-08,0.0,-1.4386115761739546e-08,0.0,-4.9206779058548784e-09,0.0,-5.405505050009482e-09,0.0,-1.3938260589625877e-08,0.0,-1.681290256864834e-08,0.0,2.916944537048748e-07,0.0,-1.4999500682871373e-07,0.0,-8.092906667349036e-09,0.0,-1.7430356808511042e-08,0.0,-4.507244122011932e-09,0.0,-4.920677905854881e-09,0.0,-1.2017405586070773e-08,0.0,-1.431986928337299e-08,0.0,-1.4999500682871373e-07,0.0,2.9024332324452525e-07,0.0,-7.69935566433656e-09,0.0,-1.7273470438679944e-08,0.0,-1.7273470438679948e-08,0.0,-1.743035680851105e-08,0.0,-1.4386115761739554e-08,0.0,-1.3356001811832671e-08,0.0,-8.092906667349037e-09,0.0,-7.699355664336555e-09,0.0,1.8169884320671014e-07,0.0,-2.3387086397614266e-08,0.0,-7.699355664336557e-09,0.0,-8.092906667349037e-09,0.0,-1.335600181183268e-08,0.0,-1.438611576173955e-08,0.0,-1.7430356808511042e-08,0.0,-1.7273470438679944e-08,0.0,-2.3387086397614266e-08,0.0,1.8169884320671014e-07
28719.697970734982,0.0,3.0217757944664934e-07,0.0,-1.5616251766246025e-07,0.0,-1.490867520971887e-08,0.0,-1.2511538562312144e-08,0.0,-5.12300686956761e-09,0.0,-4.692573470905485e-09,0.0,-1.7983722855206175e-08,0.0,-8.01593859917312e-09,0.0,-1.561625176624603e-07,0.0,3.03688377645443e-07,0.0,-1.750421730592675e-08,0.0,-1.4511375488632266e-08,0.0,-5.627769188414276e-09,0.0,-5.123006869567604e-09,0.0,-1.8147060095676593e-08,0.0,-8.425671674682738e-09,0.0,-1.490867520971887e-08,0.0,-1.7504217305926746e-08,0.0,3.0662671872548895e-07,0.0,-1.5252486773119266e-07,0.0,-1.4511375488632256e-08,0.0,-1.2511538562312131e-08,0.0,-1.4977645617912573e-08,0.0,-1.3905175331749122e-08,0.0,-1.2511538562312156e-08,0.0,-1.4511375488632266e-08,0.0,-1.5252486773119269e-07,0.0,3.0662671872548885e-07,0.0,-1.750421730592676e-08,0.0,-1.4908675209718876e-08,0.0,-1.3905175331749125e-08,0.0,-1.4977645617912573e-08,0.0,-5.123006869567607e-09,0.0,-5.627769188414284e-09,0.0,-1.4511375488632256e-08,0.0,-1.7504217305926746e-08,0.0,3.0368837764544305e-07,0.0,-1.5616251766246027e-07,0.0,-8.425671674682733e-09,0.0,-1.8147060095676606e-08,0.0,-4.692573470905485e-09,0.0,-5.123006869567606e-09,0.0,-1.2511538562312154e-08,0.0,-1.4908675209718866e-08,0.0,-1.5616251766246025e-07,0.0,3.0217757944664924e-07,0.0,-8.015938599173115e-09,0.0,-1.7983722855206155e-08,0.0,-1.7983722855206168e-08,0.0,-1.81470600956766e-08,0.0,-1.4977645617912573e-08,0.0,-1.3905175331749122e-08,0.0,-8.425671674682733e-09,0.0,-8.015938599173113e-09,0.0,1.8916995579671984e-07,0.0,-2.4348719133107705e-08,0.0,-8.015938599173115e-09,0.0,-8.425671674682735e-09,0.0,-1.3905175331749128e-08,0.0,-1.4977645617912573e-08,0.0,-1.81470600956766e-08,0.0,-1.7983722855206155e-08,0.0,-2.4348719133107705e-08,0.0,1.8916995579671987e-07
29900.597602805465,0.0,3.1460254967969694e-07,0.0,-1.6258362487043695e-07,0.0,-1.5521691721513496e-08,0.0,-1.3025989351450844e-08,0.0,-5.333655217385598e-09,0.0,-4.8855232119125995e-09,0.0,-1.8723179507034838e-08,0.0,-8.345538825195985e-09,0.0,-1.62583624870437e-07,0.0,3.161754690414258e-07,0.0,-1.8223957596974168e-08,0.0,-1.510805578773654e-08,0.0,-5.859172407582813e-09,0.0,-5.333655217385596e-09,0.0,-1.889323286573784e-08,0.0,-8.772119349401268e-09,0.0,-1.5521691721513496e-08,0.0,-1.8223957596974168e-08,0.0,3.192346291462351e-07,0.0,-1.5879640165779942e-07,0.0,-1.5108055787736535e-08,0.0,-1.3025989351450868e-08,0.0,-1.5593498062374142e-08,0.0,-1.4476929827561387e-08,0.0,-1.3025989351450866e-08,0.0,-1.510805578773654e-08,0.0,-1.587964016577995e-07,0.0,3.1923462914623493e-07,0.0,-1.8223957596974168e-08,0.0,-1.552169172151349e-08,0.0,-1.447692982756139e-08,0.0,-1.5593498062374142e-08,0.0,-5.333655217385589e-09,0.0,-5.85917240758281e-09,0.0,-1.5108055787736548e-08,0.0,-1.8223957596974158e-08,0.0,3.1617546904142583e-07,0.0,-1.6258362487043698e-07,0.0,-8.772119349401268e-09,0.0,-1.8893232865737844e-08,0.0,-4.885523211912608e-09,0.0,-5.333655217385597e-09,0.0,-1.3025989351450854e-08,0.0,-1.55216917215135e-08,0.0,-1.62583624870437e-07,0.0,3.1460254967969683e-07,0.0,-8.345538825195992e-09,0.0,-1.8723179507034838e-08,0.0,-1.8723179507034838e-08,0.0,-1.8893232865737847e-08,0.0,-1.5593498062374142e-08,0.0,-1.4476929827561384e-08,0.0,-8.772119349401262e-09,0.0,-8.345538825195999e-09,0.0,1.969482663982718e-07,0.0,-2.5349892386913286e-08,0.0,-8.345538825195997e-09,0.0,-8.772119349401265e-09,0.0,-1.447692982756139e-08,0.0,-1.5593498062374142e-08,0.0,-1.8893232865737854e-08,0.0,-1.8723179507034835e-08,0.0,-2.534989238691329e-08,0.0,1.9694826639827175e-07
31130.053593039782,0.0,3.275384111760035e-07,0.0,-1.6926875585565227e-07,0.0,-1.615991431221498e-08,0.0,-1.3561593383504297e-08,0.0,-5.552965026639839e-09,0.0,-5.086406681136349e-09,0.0,-1.949304121705621e-08,0.0,-8.688691588785165e-09,0.0,-1.6926875585565227e-07,0.0,3.2917600600533096e-07,0.0,-1.897329224676971e-08,0.0,-1.5729270451596104e-08,0.0,-6.100090489221499e-09,0.0,-5.5529650266398436e-09,0.0,-1.9670086848064045e-08,0.0,-9.132812296894719e-09,0.0,-1.6159914312214984e-08,0.0,-1.8973292246769723e-08,0.0,3.323609529845666e-07,0.0,-1.6532580919136396e-07,0.0,-1.5729270451596107e-08,0.0,-1.3561593383504274e-08,0.0,-1.623467319392718e-08,0.0,-1.5072193786266578e-08,0.0,-1.3561593383504287e-08,0.0,-1.5729270451596104e-08,0.0,-1.6532580919136383e-07,0.0,3.323609529845668e-07,0.0,-1.897329224676971e-08,0.0,-1.6159914312214987e-08,0.0,-1.5072193786266578e-08,0.0,-1.6234673193927182e-08,0.0,-5.552965026639844e-09,0.0,-6.100090489221502e-09,0.0,-1.572927045159609e-08,0.0,-1.8973292246769723e-08,0.0,3.291760060053308e-07,0.0,-1.692687558556522e-07,0.0,-9.13281229689472e-09,0.0,-1.9670086848064062e-08,0.0,-5.086406681136346e-09,0.0,-5.552965026639844e-09,0.0,-1.3561593383504284e-08,0.0,-1.615991431221499e-08,0.0,-1.6926875585565216e-07,0.0,3.2753841117600353e-07,0.0,-8.688691588785167e-09,0.0,-1.94930412170562e-08,0.0,-1.9493041217056194e-08,0.0,-1.9670086848064062e-08,0.0,-1.623467319392718e-08,0.0,-1.5072193786266598e-08,0.0,-9.132812296894729e-09,0.0,-8.688691588785162e-09,0.0,2.0504640641226596e-07,0.0,-2.639223199031847e-08,0.0,-8.68869158878516e-09,0.0,-9.132812296894717e-09,0.0,-1.5072193786266575e-08,0.0,-1.623467319392718e-08,0.0,-1.9670086848064052e-08,0.0,-1.949304121705619e-08,0.0,-2.6392231990318457e-08,0.0,2.05046406412266e-07
32410.06248699877,0.0,3.4100617081751664e-07,0.0,-1.762287667761939e-07,0.0,-1.6824379408088613e-08,0.0,-1.4119220439791195e-08,0.0,-5.781292440233867e-09,0.0,-5.295550098467403e-09,0.0,-2.0294558183725326e-08,0.0,-9.045954144638845e-09,0.0,-1.7622876677619397e-07,0.0,3.4271110044727945e-07,0.0,-1.9753438119341502e-08,0.0,-1.6376028286861468e-08,0.0,-6.350914666469427e-09,0.0,-5.781292440233856e-09,0.0,-2.0478883596043245e-08,0.0,-9.508336255822219e-09,0.0,-1.6824379408088613e-08,0.0,-1.9753438119341485e-08,0.0,3.4602700641918234e-07,0.0,-1.7212369360661033e-07,0.0,-1.6376028286861465e-08,0.0,-1.4119220439791217e-08,0.0,-1.690221223354485e-08,0.0,-1.5691933872490146e-08,0.0,-1.41192204397912e-08,0.0,-1.6376028286861478e-08,0.0,-1.7212369360661036e-07,0.0,3.460270064191823e-07,0.0,-1.9753438119341502e-08,0.0,-1.6824379408088603e-08,0.0,-1.569193387249015e-08,0.0,-1.6902212233544844e-08,0.0,-5.781292440233864e-09,0.0,-6.350914666469442e-09,0.0,-1.6376028286861465e-08,0.0,-1.9753438119341482e-08,0.0,3.4271110044727966e-07,0.0,-1.76228766776194e-07,0.0,-9.508336255822217e-09,0.0,-2.0478883596043228e-08,0.0,-5.295550098467392e-09,0.0,-5.781292440233858e-09,0.0,-1.4119220439791215e-08,0.0,-1.682437940808862e-08,0.0,-1.7622876677619397e-07,0.0,3.410061708175167e-07,0.0,-9.045954144638845e-09,0.0,-2.029455818372534e-08,0.0,-2.0294558183725343e-08,0.0,-2.047888359604322e-08,0.0,-1.690221223354485e-08,0.0,-1.569193387249015e-08,0.0,-9.508336255822212e-09,0.0,-9.045954144638849e-09,0.0,2.1347752661890495e-07,0.0,-2.7477430625716562e-08,0.0,-9.045954144638857e-09,0.0,-9.50833625582221e-09,0.0,-1.5691933872490156e-08,0.0,-1.6902212233544847e-08,0.0,-2.047888359604322e-08,0.0,-2.0294558183725343e-08,0.0,-2.7477430625716566e-08,0.0,2.134775266189049e-07
33742.702924418336,0.0,3.550276992494142e-07,0.0,-1.83474960174826e-07,0.0,-1.7516166051286306e-08,0.0,-1.4699776065392193e-08,0.0,-6.019008244993403e-09,0.0,-5.51329309734096e-09,0.0,-2.1129032011291873e-08,0.0,-9.417906660713901e-09,0.0,-1.8347496017482597e-07,0.0,3.568027323591841e-07,0.0,-2.056566211386356e-08,0.0,-1.7049379580403494e-08,0.0,-6.612052259231969e-09,0.0,-6.019008244993401e-09,0.0,-2.132093653575118e-08,0.0,-9.899301049308011e-09,0.0,-1.7516166051286303e-08,0.0,-2.0565662113863567e-08,0.0,3.602549821097083e-07,0.0,-1.7920109416485367e-07,0.0,-1.7049379580403504e-08,0.0,-1.4699776065392183e-08,0.0,-1.7597199215236263e-08,0.0,-1.633715649827753e-08,0.0,-1.4699776065392185e-08,0.0,-1.7049379580403494e-08,0.0,-1.7920109416485372e-07,0.0,3.6025498210970827e-07,0.0,-2.056566211386355e-08,0.0,-1.75161660512863e-08,0.0,-1.6337156498277533e-08,0.0,-1.759719921523626e-08,0.0,-6.019008244993402e-09,0.0,-6.6120522592319685e-09,0.0,-1.704937958040349e-08,0.0,-2.0565662113863557e-08,0.0,3.5680273235918393e-07,0.0,-1.8347496017482594e-07,0.0,-9.89930104930801e-09,0.0,-2.1320936535751164e-08,0.0,-5.513293097340963e-09,0.0,-6.0190082449934e-09,0.0,-1.4699776065392193e-08,0.0,-1.7516166051286306e-08,0.0,-1.8347496017482594e-07,0.0,3.5502769924941413e-07,0.0,-9.417906660713906e-09,0.0,-2.1129032011291876e-08,0.0,-2.1129032011291876e-08,0.0,-2.1320936535751174e-08,0.0,-1.7597199215236276e-08,0.0,-1.6337156498277523e-08,0.0,-9.899301049308011e-09,0.0,-9.417906660713901e-09,0.0,2.2225531853358532e-07,0.0,-2.860725057539761e-08,0.0,-9.417906660713901e-09,0.0,-9.899301049308013e-09,0.0,-1.6337156498277533e-08,0.0,-1.759719921523627e-08,0.0,-2.132093653575117e-08,0.0,-2.1129032011291873e-08,0.0,-2.8607250575397614e-08,0.0,2.2225531853358532e-07
35130.13901476694,0.0,3.6962576639641814e-07,0.0,-1.910191033334823e-07,0.0,-1.8236397652131374e-08,0.0,-1.5304203039687968e-08,0.0,-6.266498473796807e-09,0.0,-5.739989276276446e-09,0.0,-2.199781782350915e-08,0.0,-9.805153160375696e-09,0.0,-1.910191033334823e-07,0.0,3.714737855086304e-07,0.0,-2.1411283222006637e-08,0.0,-1.7750417804901685e-08,0.0,-6.883927335638208e-09,0.0,-6.2664984737968e-09,0.0,-2.2197613098858582e-08,0.0,-1.0306341575249291e-08,0.0,-1.8236397652131374e-08,0.0,-2.141128322200664e-08,0.0,3.7506798523593947e-07,0.0,-1.8656950404094423e-07,0.0,-1.7750417804901688e-08,0.0,-1.5304203039687985e-08,0.0,-1.8320762746437696e-08,0.0,-1.7008909457433037e-08,0.0,-1.5304203039687965e-08,0.0,-1.7750417804901685e-08,0.0,-1.865695040409443e-07,0.0,3.750679852359393e-07,0.0,-2.1411283222006627e-08,0.0,-1.823639765213136e-08,0.0,-1.700890945743304e-08,0.0,-1.832076274643769e-08,0.0,-6.2664984737968014e-09,0.0,-6.883927335638218e-09,0.0,-1.775041780490169e-08,0.0,-2.1411283222006634e-08,0.0,3.7147378550863036e-07,0.0,-1.910191033334823e-07,0.0,-1.0306341575249295e-08,0.0,-2.219761309885857e-08,0.0,-5.739989276276441e-09,0.0,-6.266498473796799e-09,0.0,-1.5304203039687968e-08,0.0,-1.8236397652131367e-08,0.0,-1.9101910333348227e-07,0.0,3.696257663964181e-07,0.0,-9.805153160375694e-09,0.0,-2.1997817823509152e-08,0.0,-2.1997817823509162e-08,0.0,-2.219761309885857e-08,0.0,-1.8320762746437696e-08,0.0,-1.700890945743303e-08,0.0,-1.0306341575249291e-08,0.0,-9.8051531603757e-09,0.0,2.3139403664090884e-07,0.0,-2.978352658336465e-08,0.0,-9.805153160375703e-09,0.0,-1.0306341575249293e-08,0.0,-1.700890945743304e-08,0.0,-1.8320762746437686e-08,0.0,-2.2197613098858572e-08,0.0,-2.199781782350916e-08,0.0,-2.978352658336465e-08,0.0,2.3139403664090884e-07
36574.623851599,0.0,3.8482407843946536e-07,0.0,-1.9887344738246218e-07,0.0,-1.8986243813453732e-08,0.0,-1.593348290736331e-08,0.0,-6.5241650324638735e-09,0.0,-5.9760067730951976e-09,0.0,-2.2902326464254818e-08,0.0,-1.0208322503287358e-08,0.0,-1.988734473824622e-07,0.0,3.8674808460042357e-07,0.0,-2.2291674669882896e-08,0.0,-1.848028139456285e-08,0.0,-7.166981400696228e-09,0.0,-6.524165032463865e-09,0.0,-2.31103369432387e-08,0.0,-1.0730118837343293e-08,0.0,-1.8986243813453736e-08,0.0,-2.2291674669882906e-08,0.0,3.9049007101893986e-07,0.0,-1.9424088898733285e-07,0.0,-1.8480281394562863e-08,0.0,-1.5933482907363285e-08,0.0,-1.907407784078738e-08,0.0,-1.7708283627059404e-08,0.0,-1.5933482907363295e-08,0.0,-1.8480281394562873e-08,0.0,-1.942408889873329e-07,0.0,3.904900710189398e-07,0.0,-2.2291674669882902e-08,0.0,-1.8986243813453726e-08,0.0,-1.7708283627059407e-08,0.0,-1.9074077840787393e-08,0.0,-6.524165032463871e-09,0.0,-7.166981400696232e-09,0.0,-1.848028139456288e-08,0.0,-2.22916746698829e-08,0.0,3.867480846004236e-07,0.0,-1.9887344738246215e-07,0.0,-1.0730118837343293e-08,0.0,-2.3110336943238686e-08,0.0,-5.976006773095194e-09,0.0,-6.5241650324638735e-09,0.0,-1.5933482907363308e-08,0.0,-1.8986243813453726e-08,0.0,-1.988734473824622e-07,0.0,3.8482407843946536e-07,0.0,-1.0208322503287354e-08,0.0,-2.2902326464254818e-08,0.0,-2.2902326464254834e-08,0.0,-2.3110336943238686e-08,0.0,-1.9074077840787384e-08,0.0,-1.7708283627059407e-08,0.0,-1.0730118837343291e-08,0.0,-1.0208322503287354e-08,0.0,2.4090852154290867e-07,0.0,-3.100816883482203e-08,0.0,-1.0208322503287351e-08,0.0,-1.0730118837343293e-08,0.0,-1.770828362705941e-08,0.0,-1.9074077840787384e-08,0.0,-2.3110336943238686e-08,0.0,-2.290232646425482e-08,0.0,-3.100816883482203e-08,0.0,2.4090852154290867e-07
38078.503171412194,0.0,4.006473163127915e-07,0.0,-2.0705074719535878e-07,0.0,-1.9766922229938276e-08,0.0,-1.658863757236291e-08,0.0,-6.792426352421146e-09,0.0,-6.221728862749129e-09,0.0,-2.3844026788636898e-08,0.0,-1.0628069406631275e-08,0.0,-2.0705074719535875e-07,0.0,4.026504339661441e-07,0.0,-2.3208266148063603e-08,0.0,-1.9240155593854097e-08,0.0,-7.461674113264536e-09,0.0,-6.792426352421142e-09,0.0,-2.4060590264882414e-08,0.0,-1.1171321018508395e-08,0.0,-1.976692222993826e-08,0.0,-2.3208266148063613e-08,0.0,4.06546283784942e-07,0.0,-2.0222770676556706e-07,0.0,-1.9240155593854103e-08,0.0,-1.658863757236291e-08,0.0,-1.985836782626084e-08,0.0,-1.8436414739061466e-08,0.0,-1.6588637572362897e-08,0.0,-1.9240155593854103e-08,0.0,-2.0222770676556711e-07,0.0,4.0654628378494195e-07,0.0,-2.320826614806361e-08,0.0,-1.976692222993827e-08,0.0,-1.8436414739061436e-08,0.0,-1.9858367826260824e-08,0.0,-6.792426352421135e-09,0.0,-7.461674113264534e-09,0.0,-1.9240155593854123e-08,0.0,-2.3208266148063603e-08,0.0,4.026504339661441e-07,0.0,-2.0705074719535875e-07,0.0,-1.117132101850839e-08,0.0,-2.4060590264882404e-08,0.0,-6.2217288627491386e-09,0.0,-6.792426352421147e-09,0.0,-1.6588637572362884e-08,0.0,-1.976692222993827e-08,0.0,-2.0705074719535878e-07,0.0,4.0064731631279157e-07,0.0,-1.0628069406631279e-08,0.0,-2.3844026788636904e-08,0.0,-2.3844026788636894e-08,0.0,-2.406059026488242e-08,0.0,-1.985836782626083e-08,0.0,-1.8436414739061446e-08,0.0,-1.1171321018508386e-08,0.0,-1.062806940663128e-08,0.0,2.508142240590895e-07,0.0,-3.2283166058174916e-08,0.0,-1.062806940663128e-08,0.0,-1.1171321018508392e-08,0.0,-1.843641473906146e-08,0.0,-1.985836782626083e-08,0.0,-2.4060590264882414e-08,0.0,-2.3844026788636898e-08,0.0,-3.228316605817491e-08,0.0,2.508142240590895e-07
39644.219162949994,0.0,4.1712117578394307e-07,0.0,-2.1556428210203047e-07,0.0,-2.057970066557105e-08,0.0,-1.72707309573879e-08,0.0,-7.071718070203607e-09,0.0,-6.4775545797308734e-09,0.0,-2.4824448048305864e-08,0.0,-1.1065075508321471e-08,0.0,-2.1556428210203036e-07,0.0,4.1920665784454844e-07,0.0,-2.4162546133290786e-08,0.0,-2.003127438225199e-08,0.0,-7.768484032504023e-09,0.0,-7.0717180702036076e-09,0.0,-2.5049916204874922e-08,0.0,-1.1630664598442286e-08,0.0,-2.057970066557106e-08,0.0,-2.41625461332908e-08,0.0,4.232626976354799e-07,0.0,-2.1054292737677482e-07,0.0,-2.0031274382251994e-08,0.0,-1.72707309573879e-08,0.0,-2.0674906331764893e-08,0.0,-1.9194485224490706e-08,0.0,-1.727073095738788e-08,0.0,-2.0031274382252e-08,0.0,-2.1054292737677482e-07,0.0,4.2326269763548e-07,0.0,-2.41625461332908e-08,0.0,-2.0579700665571044e-08,0.0,-1.919448522449069e-08,0.0,-2.0674906331764877e-08,0.0,-7.071718070203602e-09,0.0,-7.76848403250403e-09,0.0,-2.0031274382252017e-08,0.0,-2.4162546133290792e-08,0.0,4.1920665784454834e-07,0.0,-2.1556428210203044e-07,0.0,-1.1630664598442294e-08,0.0,-2.5049916204874915e-08,0.0,-6.47755457973088e-09,0.0,-7.071718070203613e-09,0.0,-1.7270730957387867e-08,0.0,-2.0579700665571054e-08,0.0,-2.1556428210203041e-07,0.0,4.1712117578394307e-07,0.0,-1.1065075508321463e-08,0.0,-2.4824448048305864e-08,0.0,-2.4824448048305854e-08,0.0,-2.5049916204874925e-08,0.0,-2.067490633176488e-08,0.0,-1.9194485224490693e-08,0.0,-1.1630664598442292e-08,0.0,-1.1065075508321466e-08,0.0,2.611272303174155e-07,0.0,-3.361058875457709e-08,0.0,-1.1065075508321464e-08,0.0,-1.1630664598442292e-08,0.0,-1.91944852244907e-08,0.0,-2.067490633176488e-08,0.0,-2.504991620487491e-08,0.0,-2.4824448048305857e-08,0.0,-3.3610588754577094e-08,0.0,2.611272303174155e-07
41274.31443313542,0.0,4.34272409181801e-07,0.0,-2.2442787745324956e-07,0.0,-2.1425899012394107e-08,0.0,-1.798087073162752e-08,0.0,-7.362493734896158e-09,0.0,-6.743899366076309e-09,0.0,-2.5845182374846105e-08,0.0,-1.1520050473933e-08,0.0,-2.2442787745324956e-07,0.0,4.3644364231822084e-07,0.0,-2.5156064305653352e-08,0.0,-2.085492247813406e-08,0.0,-8.087909395022716e-09,0.0,-7.362493734896154e-09,0.0,-2.6079921355342594e-08,0.0,-1.2108895517132008e-08,0.0,-2.142589901239412e-08,0.0,-2.515606430565334e-08,0.0,4.406664587898005e-07,0.0,-2.1920005412398602e-07,0.0,-2.0854922478134073e-08,0.0,-1.798087073162751e-08,0.0,-2.152501935541686e-08,0.0,-1.998372613372589e-08,0.0,-1.798087073162748e-08,0.0,-2.0854922478134077e-08,0.0,-2.19200054123986e-07,0.0,4.406664587898005e-07,0.0,-2.515606430565335e-08,0.0,-2.1425899012394114e-08,0.0,-1.99837261337259e-08,0.0,-2.1525019355416863e-08,0.0,-7.362493734896163e-09,0.0,-8.08790939502271e-09,0.0,-2.0854922478134063e-08,0.0,-2.5156064305653355e-08,0.0,4.3644364231822084e-07,0.0,-2.244278774532495e-07,0.0,-1.2108895517132007e-08,0.0,-2.6079921355342594e-08,0.0,-6.743899366076297e-09,0.0,-7.362493734896164e-09,0.0,-1.7980870731627503e-08,0.0,-2.1425899012394107e-08,0.0,-2.2442787745324956e-07,0.0,4.34272409181801e-07,0.0,-1.1520050473933e-08,0.0,-2.5845182374846102e-08,0.0,-2.5845182374846095e-08,0.0,-2.6079921355342597e-08,0.0,-2.1525019355416846e-08,0.0,-1.9983726133725906e-08,0.0,-1.2108895517132002e-08,0.0,-1.1520050473933004e-08,0.0,2.7186428787699154e-07,0.0,-3.499259256027159e-08,0.0,-1.1520050473932997e-08,0.0,-1.2108895517132008e-08,0.0,-1.998372613372591e-08,0.0,-2.1525019355416846e-08,0.0,-2.6079921355342584e-08,0.0,-2.5845182374846095e-08,0.0,-3.499259256027159e-08,0.0,2.7186428787699154e-07
42971.43613607663,0.0,4.521288688403852e-07,0.0,-2.3365592707204985e-07,0.0,-2.2306891433912537e-08,0.0,-1.8720210109531917e-08,0.0,-7.66522554466378e-09,0.0,-7.021195746011593e-09,0.0,-2.6907887365279827e-08,0.0,-1.1993733149146475e-08,0.0,-2.3365592707204996e-07,0.0,4.5438937897458383e-07,0.0,-2.619043406515285e-08,0.0,-2.1712437425066378e-08,0.0,-8.42046892397508e-09,0.0,-7.665225544663781e-09,0.0,-2.715227836843981e-08,0.0,-1.2606790386205217e-08,0.0,-2.230689143391255e-08,0.0,-2.6190434065152855e-08,0.0,4.587858296683154e-07,0.0,-2.282131455404978e-07,0.0,-2.171243742506639e-08,0.0,-1.8720210109531924e-08,0.0,-2.241008741786736e-08,0.0,-2.0805419135607802e-08,0.0,-1.8720210109531927e-08,0.0,-2.171243742506639e-08,0.0,-2.2821314554049784e-07,0.0,4.587858296683152e-07,0.0,-2.6190434065152846e-08,0.0,-2.230689143391252e-08,0.0,-2.080541913560778e-08,0.0,-2.2410087417867328e-08,0.0,-7.665225544663786e-09,0.0,-8.420468923975077e-09,0.0,-2.1712437425066395e-08,0.0,-2.6190434065152842e-08,0.0,4.543893789745836e-07,0.0,-2.336559270720499e-07,0.0,-1.2606790386205204e-08,0.0,-2.7152278368439794e-08,0.0,-7.0211957460115965e-09,0.0,-7.665225544663778e-09,0.0,-1.8720210109531907e-08,0.0,-2.2306891433912523e-08,0.0,-2.3365592707204993e-07,0.0,4.5212886884038515e-07,0.0,-1.199373314914648e-08,0.0,-2.690788736527985e-08,0.0,-2.6907887365279854e-08,0.0,-2.7152278368439797e-08,0.0,-2.2410087417867338e-08,0.0,-2.0805419135607786e-08,0.0,-1.2606790386205211e-08,0.0,-1.199373314914648e-08,0.0,2.8304283292486016e-07,0.0,-3.6431421747184494e-08,0.0,-1.199373314914648e-08,0.0,-1.2606790386205213e-08,0.0,-2.0805419135607802e-08,0.0,-2.241008741786734e-08,0.0,-2.715227836843979e-08,0.0,-2.6907887365279847e-08,0.0,-3.6431421747184494e-08,0.0,2.8304283292486016e-07
44738.34027184928,0.0,4.707195523289827e-07,0.0,-2.4326341662822954e-07,0.0,-2.3224108596634293e-08,0.0,-1.9489949723547182e-08,0.0,-7.98040511356643e-09,0.0,-7.309894028340646e-09,0.0,-2.8014288773882114e-08,0.0,-1.2486892759578698e-08,0.0,-2.432634166282295e-07,0.0,4.7307301036216297e-07,0.0,-2.7267335151745777e-08,0.0,-2.2605211763875287e-08,0.0,-8.766702671430071e-09,0.0,-7.98040511356642e-09,0.0,-2.8268728672612167e-08,0.0,-1.3125157750090077e-08,0.0,-2.32241085966343e-08,0.0,-2.7267335151745783e-08,0.0,4.776502347886802e-07,0.0,-2.375968382198928e-07,0.0,-2.2605211763875283e-08,0.0,-1.9489949723547182e-08,0.0,-2.3331547804163655e-08,0.0,-2.1660898598774385e-08,0.0,-1.9489949723547175e-08,0.0,-2.2605211763875287e-08,0.0,-2.3759683821989282e-07,0.0,4.776502347886801e-07,0.0,-2.7267335151745777e-08,0.0,-2.322410859663429e-08,0.0,-2.1660898598774388e-08,0.0,-2.333154780416365e-08,0.0,-7.980405113566435e-09,0.0,-8.766702671430071e-09,0.0,-2.260521176387531e-08,0.0,-2.7267335151745763e-08,0.0,4.7307301036216286e-07,0.0,-2.432634166282295e-07,0.0,-1.3125157750090082e-08,0.0,-2.826872867261218e-08,0.0,-7.309894028340634e-09,0.0,-7.980405113566431e-09,0.0,-1.948994972354717e-08,0.0,-2.322410859663429e-08,0.0,-2.4326341662822954e-07,0.0,4.7071955232898276e-07,0.0,-1.2486892759578695e-08,0.0,-2.8014288773882108e-08,0.0,-2.8014288773882108e-08,0.0,-2.826872867261217e-08,0.0,-2.3331547804163668e-08,0.0,-2.1660898598774385e-08,0.0,-1.3125157750090073e-08,0.0,-1.24868927595787e-08,0.0,2.946810185910794e-07,0.0,-3.7929412867456494e-08,0.0,-1.2486892759578703e-08,0.0,-1.3125157750090078e-08,0.0,-2.1660898598774388e-08,0.0,-2.3331547804163655e-08,0.0,-2.8268728672612183e-08,0.0,-2.801428877388212e-08,0.0,-3.792941286745649e-08,0.0,2.946810185910794e-07
46577.896162036755,0.0,4.90074649542056e-07,0.0,-2.532659479739703e-07,0.0,-2.417903999336683e-08,0.0,-2.0291339573853445e-08,0.0,-8.308544269903894e-09,0.0,-7.610463037713151e-09,0.0,-2.9166183314677908e-08,0.0,-1.3000330159948153e-08,0.0,-2.532659479739703e-07,0.0,4.925248773159315e-07,0.0,-2.838851637311692e-08,0.0,-2.353469529403069e-08,0.0,-9.12717289537576e-09,0.0,-8.308544269903907e-09,0.0,-2.9431085300547616e-08,0.0,-1.3664839399031579e-08,0.0,-2.4179039993366796e-08,0.0,-2.8388516373116926e-08,0.0,4.972903085490345e-07,0.0,-2.473663705847835e-07,0.0,-2.353469529403069e-08,0.0,-2.0291339573853448e-08,0.0,-2.4290896897794334e-08,0.0,-2.2551553758577027e-08,0.0,-2.0291339573853478e-08,0.0,-2.3534695294030683e-08,0.0,-2.473663705847836e-07,0.0,4.972903085490343e-07,0.0,-2.838851637311692e-08,0.0,-2.4179039993366833e-08,0.0,-2.255155375857704e-08,0.0,-2.4290896897794357e-08,0.0,-8.308544269903891e-09,0.0,-9.127172895375756e-09,0.0,-2.3534695294030683e-08,0.0,-2.8388516373116916e-08,0.0,4.925248773159315e-07,0.0,-2.5326594797397026e-07,0.0,-1.3664839399031587e-08,0.0,-2.9431085300547616e-08,0.0,-7.610463037713165e-09,0.0,-8.3085442699039e-09,0.0,-2.0291339573853468e-08,0.0,-2.4179039993366813e-08,0.0,-2.5326594797397026e-07,0.0,4.90074649542056e-07,0.0,-1.3000330159948146e-08,0.0,-2.9166183314677918e-08,0.0,-2.91661833146779e-08,0.0,-2.9431085300547626e-08,0.0,-2.4290896897794357e-08,0.0,-2.2551553758577034e-08,0.0,-1.3664839399031584e-08,0.0,-1.3000330159948151e-08,0.0,3.0679774442806265e-07,0.0,-3.9488998547830645e-08,0.0,-1.3000330159948151e-08,0.0,-1.3664839399031587e-08,0.0,-2.255155375857703e-08,0.0,-2.4290896897794347e-08,0.0,-2.9431085300547606e-08,0.0,-2.9166183314677908e-08,0.0,-3.9488998547830645e-08,0.0,3.0679774442806275e-07
48493.0911092961,0.0,5.102255917253967e-07,0.0,-2.63679764480091e-07,0.0,-2.517323636204311e-08,0.0,-2.1125681058272873e-08,0.0,-8.650175887387093e-09,0.0,-7.923390875961282e-09,0.0,-3.0365441579172885e-08,0.0,-1.3534879134603835e-08,0.0,-2.6367976448009106e-07,0.0,5.127765682285799e-07,0.0,-2.9555798444613667e-08,0.0,-2.4502397428013114e-08,0.0,-9.502464972784632e-09,0.0,-8.650175887387095e-09,0.0,-3.064123583340721e-08,0.0,-1.4226711736096607e-08,0.0,-2.5173236362043106e-08,0.0,-2.955579844461367e-08,0.0,5.177379449759972e-07,0.0,-2.575376076328834e-07,0.0,-2.4502397428013137e-08,0.0,-2.1125681058272893e-08,0.0,-2.5289692610705257e-08,0.0,-2.3478830973095726e-08,0.0,-2.1125681058272883e-08,0.0,-2.4502397428013127e-08,0.0,-2.575376076328835e-07,0.0,5.17737944975997e-07,0.0,-2.955579844461366e-08,0.0,-2.5173236362043076e-08,0.0,-2.3478830973095726e-08,0.0,-2.5289692610705303e-08,0.0,-8.650175887387085e-09,0.0,-9.502464972784625e-09,0.0,-2.4502397428013137e-08,0.0,-2.9555798444613657e-08,0.0,5.127765682285796e-07,0.0,-2.6367976448009106e-07,0.0,-1.4226711736096621e-08,0.0,-3.064123583340722e-08,0.0,-7.923390875961304e-09,0.0,-8.650175887387113e-09,0.0,-2.1125681058272883e-08,0.0,-2.517323636204309e-08,0.0,-2.63679764480091e-07,0.0,5.102255917253966e-07,0.0,-1.3534879134603843e-08,0.0,-3.036544157917288e-08,0.0,-3.036544157917288e-08,0.0,-3.064123583340721e-08,0.0,-2.5289692610705287e-08,0.0,-2.3478830973095706e-08,0.0,-1.4226711736096608e-08,0.0,-1.3534879134603848e-08,0.0,3.194126871020534e-07,0.0,-4.111271144005823e-08,0.0,-1.3534879134603838e-08,0.0,-1.4226711736096616e-08,0.0,-2.3478830973095733e-08,0.0,-2.5289692610705287e-08,0.0,-3.06412358334072e-08,0.0,-3.036544157917288e-08,0.0,-4.1112711440058216e-08,0.0,3.194126871020535e-07
50487.03524851663,0.0,5.312051025181444e-07,0.0,-2.745217774140807e-07,0.0,-2.620831220400541e-08,0.0,-2.1994329085643343e-08,0.0,-9.005854750485516e-09,0.0,-8.249185714740854e-09,0.0,-3.1614011074055576e-08,0.0,-1.4091407751529386e-08,0.0,-2.745217774140807e-07,0.0,5.338609703477302e-07,0.0,-3.077107694595309e-08,0.0,-2.550988964248805e-08,0.0,-9.893188350222612e-09,0.0,-9.00585475048551e-09,0.0,-3.190114546611743e-08,0.0,-1.4811687200387701e-08,0.0,-2.620831220400541e-08,0.0,-3.0771076945953084e-08,0.0,5.390263495182079e-07,0.0,-2.6812706670059017e-07,0.0,-2.5509889642488065e-08,0.0,-2.199432908564332e-08,0.0,-2.6329556913233488e-08,0.0,-2.4444236071917693e-08,0.0,-2.1994329085643327e-08,0.0,-2.5509889642488062e-08,0.0,-2.681270667005904e-07,0.0,5.390263495182079e-07,0.0,-3.077107694595306e-08,0.0,-2.62083122040054e-08,0.0,-2.444423607191771e-08,0.0,-2.63295569132335e-08,0.0,-9.00585475048551e-09,0.0,-9.893188350222618e-09,0.0,-2.5509889642488075e-08,0.0,-3.0771076945953064e-08,0.0,5.338609703477301e-07,0.0,-2.745217774140807e-07,0.0,-1.4811687200387683e-08,0.0,-3.190114546611743e-08,0.0,-8.24918571474086e-09,0.0,-9.005854750485514e-09,0.0,-2.199432908564332e-08,0.0,-2.62083122040054e-08,0.0,-2.7452177741408067e-07,0.0,5.312051025181445e-07,0.0,-1.4091407751529396e-08,0.0,-3.1614011074055596e-08,0.0,-3.1614011074055596e-08,0.0,-3.1901145466117425e-08,0.0,-2.6329556913233484e-08,0.0,-2.4444236071917702e-08,0.0,-1.4811687200387678e-08,0.0,-1.4091407751529401e-08,0.0,3.325463323465763e-07,0.0,-4.2803188333737906e-08,0.0,-1.4091407751529393e-08,0.0,-1.4811687200387685e-08,0.0,-2.444423607191772e-08,0.0,-2.6329556913233488e-08,0.0,-3.190114546611742e-08,0.0,-3.161401107405559e-08,0.0,-4.280318833373791e-08,0.0,3.3254633234657637e-07
52562.96659744847,0.0,5.530472510935525e-07,0.0,-2.8580959340274336e-07,0.0,-2.7285948405835763e-08,0.0,-2.2898694276089946e-08,0.0,-9.376158455356128e-09,0.0,-8.588376620764495e-09,0.0,-3.2913919383804045e-08,0.0,-1.4670819772021148e-08,0.0,-2.858095934027432e-07,0.0,5.558123231823887e-07,0.0,-3.203632539950283e-08,0.0,-2.6558808030267407e-08,0.0,-1.029997753354504e-08,0.0,-9.37615845535613e-09,0.0,-3.3212860198701055e-08,0.0,-1.5420715748776465e-08,0.0,-2.7285948405835763e-08,0.0,-3.2036325399502816e-08,0.0,5.611900929695131e-07,0.0,-2.791519442859153e-07,0.0,-2.6558808030267374e-08,0.0,-2.289869427608996e-08,0.0,-2.741217846806665e-08,0.0,-2.544933680149313e-08,0.0,-2.2898694276089963e-08,0.0,-2.6558808030267397e-08,0.0,-2.791519442859153e-07,0.0,5.611900929695131e-07,0.0,-3.203632539950282e-08,0.0,-2.7285948405835773e-08,0.0,-2.544933680149315e-08,0.0,-2.7412178468066676e-08,0.0,-9.37615845535612e-09,0.0,-1.0299977533545038e-08,0.0,-2.655880803026739e-08,0.0,-3.203632539950283e-08,0.0,5.558123231823885e-07,0.0,-2.858095934027432e-07,0.0,-1.5420715748776462e-08,0.0,-3.321286019870105e-08,0.0,-8.588376620764498e-09,0.0,-9.376158455356131e-09,0.0,-2.289869427608997e-08,0.0,-2.7285948405835756e-08,0.0,-2.8580959340274315e-07,0.0,5.530472510935525e-07,0.0,-1.4670819772021143e-08,0.0,-3.291391938380406e-08,0.0,-3.291391938380405e-08,0.0,-3.321286019870107e-08,0.0,-2.7412178468066663e-08,0.0,-2.5449336801493147e-08,0.0,-1.5420715748776462e-08,0.0,-1.4670819772021148e-08,0.0,3.4622000822974966e-07,0.0,-4.456317443826662e-08,0.0,-1.4670819772021147e-08,0.0,-1.5420715748776465e-08,0.0,-2.544933680149315e-08,0.0,-2.7412178468066653e-08,0.0,-3.321286019870104e-08,0.0,-3.2913919383804045e-08,0.0,-4.4563174438266615e-08,0.0,3.4622000822974966e-07
54724.25631500434,0.0,5.757875074848092e-07,0.0,-2.9756154302406014e-07,0.0,-2.8407894968991806e-08,0.0,-2.3840245251768185e-08,0.0,-9.761688347816945e-09,0.0,-8.941514414966874e-09,0.0,-3.4267277463333227e-08,0.0,-1.5274056118329715e-08,0.0,-2.9756154302406014e-07,0.0,5.786662741053802e-07,0.0,-3.3353598475135905e-08,0.0,-2.7650855957203546e-08,0.0,-1.0723493118287327e-08,0.0,-9.761688347816932e-09,0.0,-3.457851015883016e-08,0.0,-1.6054786398563593e-08,0.0,-2.840789496899183e-08,0.0,-3.335359847513592e-08,0.0,5.842651676093855e-07,0.0,-2.90630143974328e-07,0.0,-2.765085595720354e-08,0.0,-2.3840245251768178e-08,0.0,-2.8539315372506792e-08,0.0,-2.6495765371039536e-08,0.0,-2.3840245251768168e-08,0.0,-2.765085595720353e-08,0.0,-2.9063014397432807e-07,0.0,5.842651676093855e-07,0.0,-3.3353598475135905e-08,0.0,-2.84078949689918e-08,0.0,-2.6495765371039546e-08,0.0,-2.853931537250682e-08,0.0,-9.761688347816947e-09,0.0,-1.072349311828733e-08,0.0,-2.765085595720355e-08,0.0,-3.3353598475135925e-08,0.0,5.786662741053803e-07,0.0,-2.9756154302406014e-07,0.0,-1.6054786398563573e-08,0.0,-3.457851015883017e-08,0.0,-8.941514414966858e-09,0.0,-9.761688347816942e-09,0.0,-2.3840245251768165e-08,0.0,-2.84078949689918e-08,0.0,-2.9756154302406014e-07,0.0,5.757875074848091e-07,0.0,-1.527405611832972e-08,0.0,-3.4267277463333213e-08,0.0,-3.426727746333323e-08,0.0,-3.457851015883017e-08,0.0,-2.853931537250681e-08,0.0,-2.6495765371039546e-08,0.0,-1.605478639856358e-08,0.0,-1.5274056118329728e-08,0.0,3.6045591978949385e-07,0.0,-4.6395527840856905e-08,0.0,-1.5274056118329718e-08,0.0,-1.6054786398563583e-08,0.0,-2.6495765371039562e-08,0.0,-2.8539315372506812e-08,0.0,-3.4578510158830176e-08,0.0,-3.4267277463333213e-08,0.0,-4.6395527840856905e-08,0.0,3.6045591978949395e-07
56974.4141757719,0.0,5.994628001857437e-07,0.0,-3.097967105746904e-07,0.0,-2.957597385167933e-08,0.0,-2.4820511021797176e-08,0.0,-1.0163070499887982e-08,0.0,-9.309172566997116e-09,0.0,-3.5676283066029384e-08,0.0,-1.5902096401648124e-08,0.0,-3.097967105746903e-07,0.0,6.024599362420421e-07,0.0,-3.4725035326862195e-08,0.0,-2.8787806828329282e-08,0.0,-1.1164422862423199e-08,0.0,-1.016307049988797e-08,0.0,-3.600031306099568e-08,0.0,-1.6714928833569446e-08,0.0,-2.9575973851679314e-08,0.0,-3.47250353268622e-08,0.0,6.082890456517164e-07,0.0,-3.02580305512851e-07,0.0,-2.878780682832927e-08,0.0,-2.482051102179718e-08,0.0,-2.971279801348997e-08,0.0,-2.758522110312871e-08,0.0,-2.4820511021797186e-08,0.0,-2.8787806828329282e-08,0.0,-3.025803055128511e-07,0.0,6.082890456517165e-07,0.0,-3.47250353268622e-08,0.0,-2.9575973851679324e-08,0.0,-2.7585221103128696e-08,0.0,-2.9712798013489954e-08,0.0,-1.0163070499887977e-08,0.0,-1.1164422862423209e-08,0.0,-2.878780682832926e-08,0.0,-3.472503532686219e-08,0.0,6.02459936242042e-07,0.0,-3.0979671057469037e-07,0.0,-1.6714928833569446e-08,0.0,-3.600031306099568e-08,0.0,-9.309172566997116e-09,0.0,-1.0163070499887976e-08,0.0,-2.4820511021797196e-08,0.0,-2.9575973851679337e-08,0.0,-3.0979671057469037e-07,0.0,5.994628001857437e-07,0.0,-1.5902096401648128e-08,0.0,-3.5676283066029384e-08,0.0,-3.5676283066029384e-08,0.0,-3.6000313060995685e-08,0.0,-2.9712798013489967e-08,0.0,-2.7585221103128686e-08,0.0,-1.671492883356944e-08,0.0,-1.590209640164812e-08,0.0,3.752771850928681e-07,0.0,-4.8303224147858896e-08,0.0,-1.5902096401648128e-08,0.0,-1.671492883356944e-08,0.0,-2.7585221103128696e-08,0.0,-2.9712798013489967e-08,0.0,-3.6000313060995665e-08,0.0,-3.5676283066029384e-08,0.0,-4.830322414785889e-08,0.0,3.7527718509286807e-07
59317.094269627996,0.0,6.241115761199697e-07,0.0,-3.22534965061457e-07,0.0,-3.079208192757776e-08,0.0,-2.5841083465257734e-08,0.0,-1.0580956726485963e-08,0.0,-9.69194812649114e-09,0.0,-3.714322431273908e-08,0.0,-1.6555960512927812e-08,0.0,-3.2253496506145703e-07,0.0,6.272319487391925e-07,0.0,-3.615286306665638e-08,0.0,-2.9971506967736426e-08,0.0,-1.1623482803232788e-08,0.0,-1.0580956726485961e-08,0.0,-3.748057780791163e-08,0.0,-1.740221507626461e-08,0.0,-3.079208192757776e-08,0.0,-3.6152863066656377e-08,0.0,6.333007400969224e-07,0.0,-3.150218350796313e-07,0.0,-2.9971506967736426e-08,0.0,-2.5841083465257698e-08,0.0,-3.0934532039999174e-08,0.0,-2.8719473193260767e-08,0.0,-2.5841083465257727e-08,0.0,-2.997150696773644e-08,0.0,-3.1502183507963143e-07,0.0,6.333007400969221e-07,0.0,-3.6152863066656377e-08,0.0,-3.079208192757775e-08,0.0,-2.8719473193260767e-08,0.0,-3.0934532039999174e-08,0.0,-1.058095672648596e-08,0.0,-1.1623482803232797e-08,0.0,-2.997150696773645e-08,0.0,-3.615286306665637e-08,0.0,6.272319487391926e-07,0.0,-3.2253496506145693e-07,0.0,-1.7402215076264615e-08,0.0,-3.7480577807911616e-08,0.0,-9.691948126491137e-09,0.0,-1.058095672648596e-08,0.0,-2.5841083465257714e-08,0.0,-3.0792081927577765e-08,0.0,-3.22534965061457e-07,0.0,6.241115761199695e-07,0.0,-1.655596051292781e-08,0.0,-3.71432243127391e-08,0.0,-3.71432243127391e-08,0.0,-3.74805778079116e-08,0.0,-3.0934532039999194e-08,0.0,-2.871947319326076e-08,0.0,-1.7402215076264608e-08,0.0,-1.6555960512927816e-08,0.0,3.907078727781005e-07,0.0,-5.0289361316924836e-08,0.0,-1.6555960512927812e-08,0.0,-1.7402215076264608e-08,0.0,-2.8719473193260767e-08,0.0,-3.0934532039999194e-08,0.0,-3.7480577807911616e-08,0.0,-3.71432243127391e-08,0.0,-5.028936131692484e-08,0.0,3.907078727781005e-07
61756.100935710325,0.0,6.497738630758424e-07,0.0,-3.35796992467144e-07,0.0,-3.205819406622259e-08,0.0,-2.6903619916285883e-08,0.0,-1.1016025643923511e-08,0.0,-1.0090462692636001e-08,0.0,-3.8670483407508113e-08,0.0,-1.7236710279106132e-08,0.0,-3.35796992467144e-07,0.0,6.530225395122476e-07,0.0,-3.7639400381123e-08,0.0,-3.120387861686947e-08,0.0,-1.2101418420094139e-08,0.0,-1.1016025643923521e-08,0.0,-3.9021708240002276e-08,0.0,-1.811776122865495e-08,0.0,-3.20581940662226e-08,0.0,-3.763940038112299e-08,0.0,6.59340868086168e-07,0.0,-3.2797493679813744e-07,0.0,-3.1203878616869485e-08,0.0,-2.690361991628589e-08,0.0,-3.220650145769751e-08,0.0,-2.9900363582906855e-08,0.0,-2.6903619916285876e-08,0.0,-3.1203878616869485e-08,0.0,-3.279749367981376e-07,0.0,6.593408680861679e-07,0.0,-3.763940038112298e-08,0.0,-3.205819406622257e-08,0.0,-2.990036358290684e-08,0.0,-3.220650145769752e-08,0.0,-1.1016025643923516e-08,0.0,-1.2101418420094144e-08,0.0,-3.120387861686952e-08,0.0,-3.7639400381122976e-08,0.0,6.530225395122474e-07,0.0,-3.3579699246714393e-07,0.0,-1.8117761228654956e-08,0.0,-3.902170824000226e-08,0.0,-1.0090462692636e-08,0.0,-1.1016025643923515e-08,0.0,-2.6903619916285863e-08,0.0,-3.2058194066222575e-08,0.0,-3.3579699246714393e-07,0.0,6.497738630758424e-07,0.0,-1.7236710279106142e-08,0.0,-3.8670483407508127e-08,0.0,-3.8670483407508113e-08,0.0,-3.9021708240002256e-08,0.0,-3.220650145769753e-08,0.0,-2.990036358290685e-08,0.0,-1.8117761228654946e-08,0.0,-1.7236710279106145e-08,0.0,4.067730411402764e-07,0.0,-5.235716468786315e-08,0.0,-1.7236710279106145e-08,0.0,-1.811776122865494e-08,0.0,-2.990036358290686e-08,0.0,-3.220650145769752e-08,0.0,-3.902170824000225e-08,0.0,-3.8670483407508146e-08,0.0,-5.235716468786316e-08,0.0,4.0677304114027644e-07
64295.39494038267,0.0,6.764913347086279e-07,0.0,-3.496043293430016e-07,0.0,-3.337636634004742e-08,0.0,-2.8009845855461124e-08,0.0,-1.1468983771931823e-08,0.0,-1.0505363423601121e-08,0.0,-4.026054050610462e-08,0.0,-1.794545118743474e-08,0.0,-3.496043293430016e-07,0.0,6.798735905723783e-07,0.0,-3.918706129687196e-08,0.0,-3.248692305610353e-08,0.0,-1.2599005845086638e-08,0.0,-1.146898377193182e-08,0.0,-4.062620703906121e-08,0.0,-1.8862729284748748e-08,0.0,-3.337636634004742e-08,0.0,-3.918706129687197e-08,0.0,6.864517168606009e-07,0.0,-3.4146064554716115e-07,0.0,-3.248692305610354e-08,0.0,-2.8009845855461115e-08,0.0,-3.3530771850806354e-08,0.0,-3.112980995068578e-08,0.0,-2.8009845855461128e-08,0.0,-3.248692305610353e-08,0.0,-3.414606455471612e-07,0.0,6.864517168606007e-07,0.0,-3.918706129687196e-08,0.0,-3.337636634004743e-08,0.0,-3.11298099506858e-08,0.0,-3.353077185080636e-08,0.0,-1.1468983771931824e-08,0.0,-1.2599005845086633e-08,0.0,-3.2486923056103555e-08,0.0,-3.918706129687197e-08,0.0,6.798735905723783e-07,0.0,-3.496043293430017e-07,0.0,-1.886272928474875e-08,0.0,-4.0626207039061234e-08,0.0,-1.0505363423601118e-08,0.0,-1.1468983771931823e-08,0.0,-2.8009845855461118e-08,0.0,-3.337636634004741e-08,0.0,-3.496043293430016e-07,0.0,6.76491334708628e-07,0.0,-1.794545118743474e-08,0.0,-4.02605405061046e-08,0.0,-4.026054050610461e-08,0.0,-4.0626207039061215e-08,0.0,-3.353077185080637e-08,0.0,-3.1129809950685795e-08,0.0,-1.8862729284748755e-08,0.0,-1.7945451187434734e-08,0.0,4.2349877882415534e-07,0.0,-5.450999222035162e-08,0.0,-1.7945451187434734e-08,0.0,-1.8862729284748745e-08,0.0,-3.1129809950685795e-08,0.0,-3.353077185080635e-08,0.0,-4.062620703906122e-08,0.0,-4.026054050610462e-08,0.0,-5.450999222035161e-08,0.0,4.234987788241553e-07
66939.09990922642,0.0,7.043073782154337e-07,0.0,-3.639793977825125e-07,0.0,-3.4748739363293485e-08,0.0,-2.9161557711859123e-08,0.0,-1.1940566680996435e-08,0.0,-1.0937324087475034e-08,0.0,-4.191597774360843e-08,0.0,-1.868333418070907e-08,0.0,-3.6397939778251253e-07,0.0,7.078287060397995e-07,0.0,-4.079835910071917e-08,0.0,-3.382272385467553e-08,0.0,-1.3117053123371998e-08,0.0,-1.1940566680996447e-08,0.0,-4.229667979242141e-08,0.0,-1.9638329017548947e-08,0.0,-3.4748739363293485e-08,0.0,-4.0798359100719144e-08,0.0,7.14677312432701e-07,0.0,-3.555008611199042e-07,0.0,-3.382272385467553e-08,0.0,-2.9161557711859142e-08,0.0,-3.490949373646145e-08,0.0,-3.240980882653219e-08,0.0,-2.916155771185913e-08,0.0,-3.382272385467554e-08,0.0,-3.5550086111990437e-07,0.0,7.146773124327009e-07,0.0,-4.079835910071914e-08,0.0,-3.4748739363293465e-08,0.0,-3.240980882653219e-08,0.0,-3.490949373646145e-08,0.0,-1.1940566680996432e-08,0.0,-1.3117053123371993e-08,0.0,-3.3822723854675546e-08,0.0,-4.079835910071914e-08,0.0,7.078287060397993e-07,0.0,-3.639793977825126e-07,0.0,-1.9638329017548957e-08,0.0,-4.229667979242139e-08,0.0,-1.0937324087475048e-08,0.0,-1.1940566680996439e-08,0.0,-2.9161557711859136e-08,0.0,-3.474873936329348e-08,0.0,-3.639793977825124e-07,0.0,7.043073782154337e-07,0.0,-1.8683334180709066e-08,0.0,-4.191597774360844e-08,0.0,-4.1915977743608423e-08,0.0,-4.2296679792421396e-08,0.0,-3.490949373646145e-08,0.0,-3.240980882653219e-08,0.0,-1.9638329017548954e-08,0.0,-1.8683334180709056e-08,0.0,4.4091224719019965e-07,0.0,-5.675133994701542e-08,0.0,-1.868333418070907e-08,0.0,-1.9638329017548967e-08,0.0,-3.240980882653219e-08,0.0,-3.490949373646145e-08,0.0,-4.229667979242139e-08,0.0,-4.1915977743608437e-08,0.0,-5.675133994701541e-08,0.0,4.409122471901997e-07
69691.50902350346,0.0,7.332671647928077e-07,0.0,-3.789455418332121e-07,0.0,-3.617754176820876e-08,0.0,-3.0360625780319586e-08,0.0,-1.2431540186869316e-08,0.0,-1.1387046156415165e-08,0.0,-4.363948342760762e-08,0.0,-1.9451557526314267e-08,0.0,-3.789455418332122e-07,0.0,7.36933282953633e-07,0.0,-4.247591042107819e-08,0.0,-3.521345025424658e-08,0.0,-1.3656401525399863e-08,0.0,-1.2431540186869318e-08,0.0,-4.4035839224236114e-08,0.0,-2.0445819943635098e-08,0.0,-3.6177541768208734e-08,0.0,-4.247591042107817e-08,0.0,7.44063491081268e-07,0.0,-3.701183837876223e-07,0.0,-3.521345025424658e-08,0.0,-3.036062578031958e-08,0.0,-3.634490605699356e-08,0.0,-3.3742438833913405e-08,0.0,-3.0360625780319586e-08,0.0,-3.521345025424656e-08,0.0,-3.701183837876224e-07,0.0,7.440634910812677e-07,0.0,-4.247591042107816e-08,0.0,-3.6177541768208734e-08,0.0,-3.3742438833913386e-08,0.0,-3.6344906056993554e-08,0.0,-1.2431540186869304e-08,0.0,-1.3656401525399868e-08,0.0,-3.52134502542466e-08,0.0,-4.247591042107815e-08,0.0,7.36933282953633e-07,0.0,-3.789455418332121e-07,0.0,-2.0445819943635088e-08,0.0,-4.4035839224236114e-08,0.0,-1.1387046156415173e-08,0.0,-1.243154018686931e-08,0.0,-3.036062578031957e-08,0.0,-3.6177541768208767e-08,0.0,-3.789455418332121e-07,0.0,7.332671647928078e-07,0.0,-1.945155752631428e-08,0.0,-4.363948342760762e-08,0.0,-4.363948342760763e-08,0.0,-4.4035839224236094e-08,0.0,-3.6344906056993573e-08,0.0,-3.3742438833913405e-08,0.0,-2.0445819943635085e-08,0.0,-1.945155752631427e-08,0.0,4.590417244226147e-07,0.0,-5.90848476507255e-08,0.0,-1.9451557526314287e-08,0.0,-2.0445819943635085e-08,0.0,-3.374243883391339e-08,0.0,-3.634490605699355e-08,0.0,-4.403583922423612e-08,0.0,-4.3639483427607626e-08,0.0,-5.9084847650725515e-08,0.0,4.590417244226147e-07
72557.0919919648,0.0,7.634177229914193e-07,0.0,-3.945270654056948e-07,0.0,-3.766509382418181e-08,0.0,-3.16089972586667e-08,0.0,-1.2942701594196874e-08,0.0,-1.1855259945786597e-08,0.0,-4.543385640381091e-08,0.0,-2.0251368762122826e-08,0.0,-3.9452706540569476e-07,0.0,7.672345849933414e-07,0.0,-4.422243947717138e-08,0.0,-3.666136069158978e-08,0.0,-1.4217926913068789e-08,0.0,-1.2942701594196863e-08,0.0,-4.584650960074232e-08,0.0,-2.1286513368524915e-08,0.0,-3.7665093824181825e-08,0.0,-4.422243947717138e-08,0.0,7.746579737861451e-07,0.0,-3.8533695132557806e-07,0.0,-3.666136069158981e-08,0.0,-3.160899725866667e-08,0.0,-3.783933981580517e-08,0.0,-3.512986406536019e-08,0.0,-3.160899725866669e-08,0.0,-3.6661360691589804e-08,0.0,-3.853369513255782e-07,0.0,7.746579737861447e-07,0.0,-4.4222439477171354e-08,0.0,-3.7665093824181825e-08,0.0,-3.512986406536018e-08,0.0,-3.783933981580518e-08,0.0,-1.294270159419687e-08,0.0,-1.4217926913068787e-08,0.0,-3.6661360691589824e-08,0.0,-4.422243947717137e-08,0.0,7.672345849933414e-07,0.0,-3.9452706540569476e-07,0.0,-2.1286513368524895e-08,0.0,-4.584650960074232e-08,0.0,-1.1855259945786585e-08,0.0,-1.294270159419688e-08,0.0,-3.160899725866669e-08,0.0,-3.766509382418181e-08,0.0,-3.9452706540569476e-07,0.0,7.634177229914194e-07,0.0,-2.0251368762122833e-08,0.0,-4.5433856403810916e-08,0.0,-4.5433856403810936e-08,0.0,-4.584650960074232e-08,0.0,-3.783933981580519e-08,0.0,-3.512986406536017e-08,0.0,-2.1286513368524902e-08,0.0,-2.025136876212284e-08,0.0,4.77916651451027e-07,0.0,-6.151430477533666e-08,0.0,-2.0251368762122836e-08,0.0,-2.1286513368524892e-08,0.0,-3.51298640653602e-08,0.0,-3.783933981580517e-08,0.0,-4.584650960074231e-08,0.0,-4.543385640381093e-08,0.0,-6.151430477533665e-08,0.0,4.779166514510271e-07
75540.50230932694,0.0,7.948080150869452e-07,0.0,-4.107492717413663e-07,0.0,-3.921381120568771e-08,0.0,-3.290869940981436e-08,0.0,-1.3474880991283827e-08,0.0,-1.2342725800140107e-08,0.0,-4.7302010601166155e-08,0.0,-2.1084066722403752e-08,0.0,-4.107492717413664e-07,0.0,7.987818192314457e-07,0.0,-4.6040782502960334e-08,0.0,-3.816880646612465e-08,0.0,-1.4802541162061128e-08,0.0,-1.3474880991283821e-08,0.0,-4.7731631316660096e-08,0.0,-2.216177451613755e-08,0.0,-3.921381120568769e-08,0.0,-4.604078250296031e-08,0.0,8.065104437235616e-07,0.0,-4.011812775614327e-07,0.0,-3.8168806466124646e-08,0.0,-3.290869940981439e-08,0.0,-3.9395221862747556e-08,0.0,-3.657433759679296e-08,0.0,-3.290869940981439e-08,0.0,-3.816880646612466e-08,0.0,-4.011812775614329e-07,0.0,8.065104437235614e-07,0.0,-4.6040782502960294e-08,0.0,-3.921381120568768e-08,0.0,-3.657433759679295e-08,0.0,-3.939522186274756e-08,0.0,-1.347488099128382e-08,0.0,-1.4802541162061134e-08,0.0,-3.8168806466124666e-08,0.0,-4.604078250296029e-08,0.0,7.987818192314456e-07,0.0,-4.107492717413664e-07,0.0,-2.216177451613755e-08,0.0,-4.7731631316660096e-08,0.0,-1.234272580014012e-08,0.0,-1.3474880991283818e-08,0.0,-3.2908699409814386e-08,0.0,-3.9213811205687716e-08,0.0,-4.1074927174136627e-07,0.0,7.948080150869451e-07,0.0,-2.1084066722403745e-08,0.0,-4.730201060116616e-08,0.0,-4.730201060116618e-08,0.0,-4.77316313166601e-08,0.0,-3.9395221862747576e-08,0.0,-3.657433759679296e-08,0.0,-2.2161774516137545e-08,0.0,-2.108406672240374e-08,0.0,4.975676797603763e-07,0.0,-6.404365657946384e-08,0.0,-2.1084066722403732e-08,0.0,-2.2161774516137552e-08,0.0,-3.657433759679295e-08,0.0,-3.939522186274756e-08,0.0,-4.7731631316660096e-08,0.0,-4.7302010601166175e-08,0.0,-6.404365657946384e-08,0.0,4.975676797603764e-07
78646.5848132031,0.0,8.274890165911844e-07,0.0,-4.276385045030369e-07,0.0,-4.0826208915164537e-08,0.0,-3.4261842853891296e-08,0.0,-1.4028942598095145e-08,0.0,-1.285023532795566e-08,0.0,-4.9246979763865324e-08,0.0,-2.195100364703323e-08,0.0,-4.276385045030369e-07,0.0,8.316262160421723e-07,0.0,-4.793389235297991e-08,0.0,-3.973823555825325e-08,0.0,-1.5411193642661695e-08,0.0,-1.4028942598095141e-08,0.0,-4.969426567017617e-08,0.0,-2.3073024745816343e-08,0.0,-4.082620891516456e-08,0.0,-4.79338923529799e-08,0.0,8.396726269479357e-07,0.0,-4.176770925086732e-07,0.0,-3.973823555825324e-08,0.0,-3.4261842853891335e-08,0.0,-4.101507883514541e-08,0.0,-3.8078205146350274e-08,0.0,-3.426184285389131e-08,0.0,-3.973823555825322e-08,0.0,-4.1767709250867336e-07,0.0,8.396726269479354e-07,0.0,-4.7933892352979874e-08,0.0,-4.082620891516453e-08,0.0,-3.80782051463503e-08,0.0,-4.101507883514544e-08,0.0,-1.4028942598095151e-08,0.0,-1.5411193642661688e-08,0.0,-3.973823555825327e-08,0.0,-4.793389235297988e-08,0.0,8.316262160421723e-07,0.0,-4.276385045030369e-07,0.0,-2.3073024745816327e-08,0.0,-4.969426567017615e-08,0.0,-1.2850235327955656e-08,0.0,-1.4028942598095153e-08,0.0,-3.426184285389133e-08,0.0,-4.0826208915164523e-08,0.0,-4.2763850450303684e-07,0.0,8.274890165911844e-07,0.0,-2.195100364703324e-08,0.0,-4.924697976386535e-08,0.0,-4.9246979763865364e-08,0.0,-4.969426567017616e-08,0.0,-4.101507883514544e-08,0.0,-3.8078205146350294e-08,0.0,-2.3073024745816304e-08,0.0,-2.195100364703325e-08,0.0,5.180267211666597e-07,0.0,-6.667701054329052e-08,0.0,-2.195100364703324e-08,0.0,-2.3073024745816317e-08,0.0,-3.80782051463503e-08,0.0,-4.101507883514542e-08,0.0,-4.969426567017618e-08,0.0,-4.924697976386534e-08,0.0,-6.667701054329052e-08,0.0,5.180267211666597e-07
81880.38355176047,0.0,8.615137990325118e-07,0.0,-4.4522219055507664e-07,0.0,-4.2504905367191246e-08,0.0,-3.567062499573155e-08,0.0,-1.460578616968528e-08,0.0,-1.337861268715578e-08,0.0,-5.127192237792037e-08,0.0,-2.2853587377432274e-08,0.0,-4.4522219055507664e-07,0.0,8.658211122957849e-07,0.0,-4.990484329755527e-08,0.0,-4.1372196604699115e-08,0.0,-1.604487276146477e-08,0.0,-1.4605786169685276e-08,0.0,-5.1737599834265286e-08,0.0,-2.402174386051076e-08,0.0,-4.2504905367191226e-08,0.0,-4.990484329755527e-08,0.0,8.741983763911529e-07,0.0,-4.3485118415024825e-07,0.0,-4.1372196604699135e-08,0.0,-3.567062499573154e-08,0.0,-4.270154126086868e-08,0.0,-3.964390888366156e-08,0.0,-3.5670624995731535e-08,0.0,-4.137219660469911e-08,0.0,-4.348511841502485e-07,0.0,8.741983763911529e-07,0.0,-4.990484329755524e-08,0.0,-4.250490536719123e-08,0.0,-3.9643908883661515e-08,0.0,-4.270154126086865e-08,0.0,-1.460578616968528e-08,0.0,-1.6044872761464787e-08,0.0,-4.1372196604699135e-08,0.0,-4.990484329755527e-08,0.0,8.658211122957849e-07,0.0,-4.4522219055507653e-07,0.0,-2.4021743860510766e-08,0.0,-5.17375998342653e-08,0.0,-1.3378612687155769e-08,0.0,-1.4605786169685271e-08,0.0,-3.567062499573155e-08,0.0,-4.25049053671912e-08,0.0,-4.4522219055507664e-07,0.0,8.61513799032512e-07,0.0,-2.285358737743227e-08,0.0,-5.127192237792037e-08,0.0,-5.127192237792037e-08,0.0,-5.173759983426529e-08,0.0,-4.2701541260868674e-08,0.0,-3.964390888366152e-08,0.0,-2.4021743860510766e-08,0.0,-2.2853587377432268e-08,0.0,5.39326999639356e-07,0.0,-6.94186430388121e-08,0.0,-2.285358737743227e-08,0.0,-2.4021743860510776e-08,0.0,-3.9643908883661535e-08,0.0,-4.270154126086868e-08,0.0,-5.173759983426529e-08,0.0,-5.127192237792038e-08,0.0,-6.941864303881208e-08,0.0,5.39326999639356e-07
85247.14997488206,0.0,8.969376161401228e-07,0.0,-4.635288845026193e-07,0.0,-4.4252626640599225e-08,0.0,-3.7137333593297816e-08,0.0,-1.5206348457333856e-08,0.0,-1.3928715923477246e-08,0.0,-5.338012680031121e-08,0.0,-2.3793283642796923e-08,0.0,-4.635288845026193e-07,0.0,9.014220379737226e-07,0.0,-5.1956836015190054e-08,0.0,-4.307334303730509e-08,0.0,-1.670460756647349e-08,0.0,-1.5206348457333856e-08,0.0,-5.386495203242385e-08,0.0,-2.5009472509867546e-08,0.0,-4.425262664059922e-08,0.0,-5.195683601519005e-08,0.0,9.101437593157531e-07,0.0,-4.5273144194027485e-07,0.0,-4.307334303730504e-08,0.0,-3.7137333593297836e-08,0.0,-4.445734783011555e-08,0.0,-4.127399139574976e-08,0.0,-3.7137333593297856e-08,0.0,-4.3073343037305096e-08,0.0,-4.5273144194027496e-07,0.0,9.101437593157528e-07,0.0,-5.195683601519005e-08,0.0,-4.425262664059924e-08,0.0,-4.127399139574977e-08,0.0,-4.445734783011554e-08,0.0,-1.520634845733387e-08,0.0,-1.670460756647348e-08,0.0,-4.3073343037305076e-08,0.0,-5.195683601519003e-08,0.0,9.014220379737222e-07,0.0,-4.6352888450261924e-07,0.0,-2.5009472509867533e-08,0.0,-5.38649520324239e-08,0.0,-1.392871592347723e-08,0.0,-1.5206348457333876e-08,0.0,-3.7137333593297836e-08,0.0,-4.425262664059925e-08,0.0,-4.635288845026191e-07,0.0,8.969376161401227e-07,0.0,-2.379328364279692e-08,0.0,-5.3380126800311185e-08,0.0,-5.3380126800311205e-08,0.0,-5.3864952032423876e-08,0.0,-4.445734783011555e-08,0.0,-4.1273991395749784e-08,0.0,-2.500947250986754e-08,0.0,-2.379328364279692e-08,0.0,5.615031052546997e-07,0.0,-7.227300627434814e-08,0.0,-2.379328364279692e-08,0.0,-2.5009472509867533e-08,0.0,-4.127399139574981e-08,0.0,-4.4457347830115536e-08,0.0,-5.386495203242387e-08,0.0,-5.338012680031121e-08,0.0,-7.227300627434814e-08,0.0,5.615031052546997e-07
88752.35146213221,0.0,9.338179935719937e-07,0.0,-4.825883150621243e-07,0.0,-4.607221090542286e-08,0.0,-3.86643504728309e-08,0.0,-1.5831604729760516e-08,0.0,-1.4501438363873674e-08,0.0,-5.557501659903389e-08,0.0,-2.4771618440334087e-08,0.0,-4.825883150621244e-07,0.0,9.384868063451758e-07,0.0,-5.409320279023083e-08,0.0,-4.484443739200998e-08,0.0,-1.739146941819739e-08,0.0,-1.5831604729760516e-08,0.0,-5.6079776927219106e-08,0.0,-2.6037814692131216e-08,0.0,-4.6072210905422864e-08,0.0,-5.409320279023081e-08,0.0,9.475671483640087e-07,0.0,-4.713469020944445e-07,0.0,-4.484443739201001e-08,0.0,-3.866435047283093e-08,0.0,-4.6285349842842446e-08,0.0,-4.2971099816004995e-08,0.0,-3.866435047283089e-08,0.0,-4.484443739201e-08,0.0,-4.7134690209444484e-07,0.0,9.475671483640083e-07,0.0,-5.4093202790230804e-08,0.0,-4.6072210905422804e-08,0.0,-4.297109981600501e-08,0.0,-4.628534984284245e-08,0.0,-1.5831604729760516e-08,0.0,-1.7391469418197392e-08,0.0,-4.484443739200999e-08,0.0,-5.4093202790230784e-08,0.0,9.384868063451754e-07,0.0,-4.825883150621242e-07,0.0,-2.6037814692131223e-08,0.0,-5.607977692721909e-08,0.0,-1.4501438363873689e-08,0.0,-1.5831604729760526e-08,0.0,-3.866435047283089e-08,0.0,-4.607221090542281e-08,0.0,-4.825883150621242e-07,0.0,9.338179935719935e-07,0.0,-2.4771618440334077e-08,0.0,-5.557501659903389e-08,0.0,-5.5575016599033894e-08,0.0,-5.60797769272191e-08,0.0,-4.628534984284246e-08,0.0,-4.2971099816004995e-08,0.0,-2.6037814692131216e-08,0.0,-2.4771618440334084e-08,0.0,5.845910503674015e-07,0.0,-7.524473552459906e-08,0.0,-2.4771618440334084e-08,0.0,-2.6037814692131216e-08,0.0,-4.297109981600502e-08,0.0,-4.6285349842842446e-08,0.0,-5.607977692721907e-08,0.0,-5.5575016599033894e-08,0.0,-7.524473552459906e-08,0.0,5.845910503674015e-07
92401.6802013766,0.0,9.722148223322976e-07,0.0,-5.024314333386147e-07,0.0,-4.796661303187724e-08,0.0,-4.0254155396759276e-08,0.0,-1.6482570356888996e-08,0.0,-1.5097710067212664e-08,0.0,-5.786015611272184e-08,0.0,-2.5790180513368047e-08,0.0,-5.024314333386145e-07,0.0,9.770756078515606e-07,0.0,-5.631741292425062e-08,0.0,-4.668835579500277e-08,0.0,-1.810657372946283e-08,0.0,-1.6482570356888996e-08,0.0,-5.838567123040536e-08,0.0,-2.710844035891882e-08,0.0,-4.796661303187723e-08,0.0,-5.631741292425064e-08,0.0,9.865293163507805e-07,0.0,-4.907277947426915e-07,0.0,-4.668835579500277e-08,0.0,-4.025415539675929e-08,0.0,-4.818851583906437e-08,0.0,-4.4737990122932694e-08,0.0,-4.025415539675923e-08,0.0,-4.668835579500277e-08,0.0,-4.907277947426916e-07,0.0,9.865293163507803e-07,0.0,-5.6317412924250634e-08,0.0,-4.7966613031877186e-08,0.0,-4.4737990122932754e-08,0.0,-4.8188515839064415e-08,0.0,-1.648257035688898e-08,0.0,-1.810657372946282e-08,0.0,-4.6688355795002815e-08,0.0,-5.6317412924250634e-08,0.0,9.770756078515606e-07,0.0,-5.024314333386147e-07,0.0,-2.7108440358918834e-08,0.0,-5.8385671230405325e-08,0.0,-1.5097710067212667e-08,0.0,-1.648257035688901e-08,0.0,-4.0254155396759256e-08,0.0,-4.796661303187719e-08,0.0,-5.024314333386145e-07,0.0,9.722148223322978e-07,0.0,-2.579018051336804e-08,0.0,-5.786015611272187e-08,0.0,-5.786015611272186e-08,0.0,-5.838567123040536e-08,0.0,-4.818851583906439e-08,0.0,-4.4737990122932734e-08,0.0,-2.7108440358918824e-08,0.0,-2.579018051336804e-08,0.0,6.086283280920495e-07,0.0,-7.833865665798923e-08,0.0,-2.579018051336803e-08,0.0,-2.710844035891883e-08,0.0,-4.4737990122932754e-08,0.0,-4.818851583906437e-08,0.0,-5.838567123040536e-08,0.0,-5.786015611272184e-08,0.0,-7.833865665798924e-08,0.0,6.086283280920494e-07
96201.06243247418,0.0,1.0121904560299629e-06,0.0,-5.230904630879803e-07,0.0,-4.993890938884904e-08,0.0,-4.190933009064986e-08,0.0,-1.7160302458732818e-08,0.0,-1.571849933462229e-08,0.0,-6.023925623886793e-08,0.0,-2.685062393134204e-08,0.0,-5.230904630879805e-07,0.0,1.0172511078513407e-06,0.0,-5.863307836993802e-08,0.0,-4.860809263333841e-08,0.0,-1.8851081776760808e-08,0.0,-1.7160302458732795e-08,0.0,-6.078637954371804e-08,0.0,-2.8223088127097746e-08,0.0,-4.9938909388849005e-08,0.0,-5.8633078369938e-08,0.0,1.0270935349540716e-06,0.0,-5.109055930206857e-07,0.0,-4.860809263333847e-08,0.0,-4.190933009064985e-08,0.0,-5.0169936419544006e-08,0.0,-4.6577531615659354e-08,0.0,-4.1909330090649844e-08,0.0,-4.860809263333848e-08,0.0,-5.109055930206856e-07,0.0,1.0270935349540714e-06,0.0,-5.863307836993799e-08,0.0,-4.9938909388849e-08,0.0,-4.65775316156594e-08,0.0,-5.016993641954404e-08,0.0,-1.716030245873282e-08,0.0,-1.8851081776760818e-08,0.0,-4.860809263333846e-08,0.0,-5.863307836993802e-08,0.0,1.0172511078513407e-06,0.0,-5.230904630879806e-07,0.0,-2.8223088127097743e-08,0.0,-6.078637954371806e-08,0.0,-1.571849933462228e-08,0.0,-1.7160302458732805e-08,0.0,-4.1909330090649864e-08,0.0,-4.9938909388848986e-08,0.0,-5.230904630879804e-07,0.0,1.0121904560299627e-06,0.0,-2.6850623931342036e-08,0.0,-6.023925623886793e-08,0.0,-6.023925623886797e-08,0.0,-6.078637954371804e-08,0.0,-5.0169936419544026e-08,0.0,-4.657753161565939e-08,0.0,-2.8223088127097723e-08,0.0,-2.6850623931342056e-08,0.0,6.336539731891513e-07,0.0,-8.155979397352026e-08,0.0,-2.6850623931342046e-08,0.0,-2.822308812709774e-08,0.0,-4.657753161565937e-08,0.0,-5.0169936419544026e-08,0.0,-6.078637954371806e-08,0.0,-6.023925623886795e-08,0.0,-8.155979397352026e-08,0.0,6.336539731891514e-07
100156.66807105225,0.0,1.0538098121363198e-06,0.0,-5.445989530459745e-07,0.0,-5.199230283969189e-08,0.0,-4.363256243573923e-08,0.0,-1.7865901622080042e-08,0.0,-1.6364814281940675e-08,0.0,-6.271618046004764e-08,0.0,-2.79546707759048e-08,0.0,-5.445989530459746e-07,0.0,1.0590785483839336e-06,0.0,-6.104395959664083e-08,0.0,-5.060676541760133e-08,0.0,-1.9626202586074035e-08,0.0,-1.7865901622080036e-08,0.0,-6.328580043982984e-08,0.0,-2.9383568102170717e-08,0.0,-5.199230283969193e-08,0.0,-6.104395959664082e-08,0.0,1.069325677463549e-06,0.0,-5.319130641798761e-07,0.0,-5.0606765417601304e-08,0.0,-4.363256243573923e-08,0.0,-5.2232829264698905e-08,0.0,-4.8492711573461535e-08,0.0,-4.363256243573922e-08,0.0,-5.0606765417601324e-08,0.0,-5.319130641798763e-07,0.0,1.0693256774635489e-06,0.0,-6.104395959664082e-08,0.0,-5.199230283969189e-08,0.0,-4.8492711573461575e-08,0.0,-5.2232829264698925e-08,0.0,-1.7865901622080032e-08,0.0,-1.9626202586074026e-08,0.0,-5.060676541760133e-08,0.0,-6.104395959664082e-08,0.0,1.0590785483839334e-06,0.0,-5.445989530459746e-07,0.0,-2.9383568102170737e-08,0.0,-6.328580043982982e-08,0.0,-1.636481428194068e-08,0.0,-1.7865901622080062e-08,0.0,-4.363256243573925e-08,0.0,-5.199230283969189e-08,0.0,-5.445989530459746e-07,0.0,1.0538098121363198e-06,0.0,-2.7954670775904787e-08,0.0,-6.271618046004764e-08,0.0,-6.271618046004764e-08,0.0,-6.328580043982982e-08,0.0,-5.2232829264698925e-08,0.0,-4.849271157346155e-08,0.0,-2.938356810217073e-08,0.0,-2.795467077590479e-08,0.0,6.597086254546996e-07,0.0,-8.491337835986084e-08,0.0,-2.7954670775904797e-08,0.0,-2.9383568102170727e-08,0.0,-4.8492711573461575e-08,0.0,-5.2232829264698905e-08,0.0,-6.328580043982982e-08,0.0,-6.271618046004765e-08,0.0,-8.491337835986084e-08,0.0,6.597086254546995e-07
104274.92072799284,0.0,1.097140477406272e-06,0.0,-5.669918314088768e-07,0.0,-5.4130127943439603e-08,0.0,-4.5426650833854036e-08,0.0,-1.8600513687764726e-08,0.0,-1.7037704476821483e-08,0.0,-6.529495111792864e-08,0.0,-2.910411393744346e-08,0.0,-5.669918314088767e-07,0.0,1.102625854117954e-06,0.0,-6.355397169709028e-08,0.0,-5.2687619844511326e-08,0.0,-2.0433194896245685e-08,0.0,-1.860051368776471e-08,0.0,-6.588799279334391e-08,0.0,-3.05917648177535e-08,0.0,-5.413012794343962e-08,0.0,-6.355397169709029e-08,0.0,1.1132943257538956e-06,0.0,-5.537843227990844e-07,0.0,-5.2687619844511346e-08,0.0,-4.542665083385405e-08,0.0,-5.438054435987628e-08,0.0,-5.0486640106886696e-08,0.0,-4.542665083385402e-08,0.0,-5.268761984451131e-08,0.0,-5.537843227990844e-07,0.0,1.1132943257538954e-06,0.0,-6.355397169709025e-08,0.0,-5.413012794343957e-08,0.0,-5.0486640106886715e-08,0.0,-5.438054435987632e-08,0.0,-1.8600513687764726e-08,0.0,-2.0433194896245685e-08,0.0,-5.268761984451136e-08,0.0,-6.355397169709029e-08,0.0,1.102625854117954e-06,0.0,-5.669918314088766e-07,0.0,-3.0591764817753504e-08,0.0,-6.58879927933439e-08,0.0,-1.7037704476821456e-08,0.0,-1.860051368776473e-08,0.0,-4.542665083385403e-08,0.0,-5.4130127943439603e-08,0.0,-5.669918314088768e-07,0.0,1.0971404774062718e-06,0.0,-2.910411393744346e-08,0.0,-6.529495111792865e-08,0.0,-6.529495111792868e-08,0.0,-6.588799279334391e-08,0.0,-5.438054435987633e-08,0.0,-5.048664010688671e-08,0.0,-3.05917648177535e-08,0.0,-2.910411393744346e-08,0.0,6.86834595716191e-07,0.0,-8.840485578992295e-08,0.0,-2.9104113937443454e-08,0.0,-3.05917648177535e-08,0.0,-5.048664010688673e-08,0.0,-5.438054435987632e-08,0.0,-6.588799279334392e-08,0.0,-6.529495111792866e-08,0.0,-8.840485578992292e-08,0.0,6.868345957161911e-07
108562.50814090163,0.0,1.1422528176341851e-06,0.0,-5.903054625543013e-07,0.0,-5.6355856369883114e-08,0.0,-4.729450875180826e-08,0.0,-1.936533161142763e-08,0.0,-1.7738262643154063e-08,0.0,-6.797975594525632e-08,0.0,-3.030082002660518e-08,0.0,-5.903054625543013e-07,0.0,1.1479637426558526e-06,0.0,-6.616719074522189e-08,0.0,-5.485403506769555e-08,0.0,-2.1273369203078177e-08,0.0,-1.9365331611427617e-08,0.0,-6.859718237210643e-08,0.0,-3.184964029591779e-08,0.0,-5.63558563698831e-08,0.0,-6.61671907452219e-08,0.0,1.1590708816566974e-06,0.0,-5.765548861840552e-07,0.0,-5.485403506769553e-08,0.0,-4.729450875180832e-08,0.0,-5.661656943548146e-08,0.0,-5.2562555208342457e-08,0.0,-4.72945087518083e-08,0.0,-5.485403506769552e-08,0.0,-5.765548861840553e-07,0.0,1.1590708816566966e-06,0.0,-6.616719074522188e-08,0.0,-5.6355856369883035e-08,0.0,-5.256255520834246e-08,0.0,-5.6616569435481484e-08,0.0,-1.9365331611427624e-08,0.0,-2.127336920307819e-08,0.0,-5.485403506769558e-08,0.0,-6.616719074522189e-08,0.0,1.1479637426558524e-06,0.0,-5.903054625543012e-07,0.0,-3.184964029591778e-08,0.0,-6.859718237210642e-08,0.0,-1.7738262643154063e-08,0.0,-1.936533161142763e-08,0.0,-4.72945087518083e-08,0.0,-5.635585636988305e-08,0.0,-5.903054625543013e-07,0.0,1.1422528176341851e-06,0.0,-3.030082002660518e-08,0.0,-6.797975594525633e-08,0.0,-6.797975594525633e-08,0.0,-6.859718237210644e-08,0.0,-5.6616569435481484e-08,0.0,-5.256255520834246e-08,0.0,-3.1849640295917784e-08,0.0,-3.030082002660518e-08,0.0,7.15075934542282e-07,0.0,-9.20398961647188e-08,0.0,-3.03008200266052e-08,0.0,-3.184964029591778e-08,0.0,-5.256255520834251e-08,0.0,-5.6616569435481484e-08,0.0,-6.859718237210642e-08,0.0,-6.79797559452563e-08,0.0,-9.203989616471877e-08,0.0,7.150759345422821e-07
113026.39303449888,0.0,1.1892200919227297e-06,0.0,-6.145777060942543e-07,0.0,-5.8673102537305415e-08,0.0,-4.923916945265814e-08,0.0,-2.0161597400787982e-08,0.0,-1.8467626435566325e-08,0.0,-7.07749548664217e-08,0.0,-3.154673240553459e-08,0.0,-6.145777060942543e-07,0.0,1.1951658393740672e-06,0.0,-6.888786041541793e-08,0.0,-5.7109529185183516e-08,0.0,-2.2148089887481384e-08,0.0,-2.0161597400787972e-08,0.0,-7.141776869954053e-08,0.0,-3.315923723336997e-08,0.0,-5.867310253730534e-08,0.0,-6.888786041541793e-08,0.0,1.2067296829117362e-06,0.0,-6.002617320449335e-07,0.0,-5.7109529185183444e-08,0.0,-4.9239169452658125e-08,0.0,-5.894453563079385e-08,0.0,-5.4723828010356816e-08,0.0,-4.923916945265813e-08,0.0,-5.710952918518353e-08,0.0,-6.002617320449335e-07,0.0,1.2067296829117362e-06,0.0,-6.888786041541799e-08,0.0,-5.867310253730539e-08,0.0,-5.4723828010356856e-08,0.0,-5.8944535630793876e-08,0.0,-2.016159740078794e-08,0.0,-2.2148089887481404e-08,0.0,-5.710952918518353e-08,0.0,-6.888786041541792e-08,0.0,1.1951658393740672e-06,0.0,-6.145777060942538e-07,0.0,-3.315923723336998e-08,0.0,-7.141776869954055e-08,0.0,-1.8467626435566348e-08,0.0,-2.0161597400787972e-08,0.0,-4.923916945265814e-08,0.0,-5.8673102537305435e-08,0.0,-6.145777060942544e-07,0.0,1.1892200919227297e-06,0.0,-3.154673240553457e-08,0.0,-7.07749548664217e-08,0.0,-7.077495486642168e-08,0.0,-7.141776869954052e-08,0.0,-5.8944535630793896e-08,0.0,-5.472382801035681e-08,0.0,-3.3159237233369964e-08,0.0,-3.154673240553456e-08,0.0,7.444785037776515e-07,0.0,-9.582440252086068e-08,0.0,-3.154673240553458e-08,0.0,-3.315923723336999e-08,0.0,-5.472382801035683e-08,0.0,-5.894453563079389e-08,0.0,-7.141776869954056e-08,0.0,-7.077495486642173e-08,0.0,-9.582440252086065e-08,0.0,7.444785037776518e-07
117673.82442756946,0.0,1.2381185716502483e-06,0.0,-6.398479783563438e-07,0.0,-6.108562948202963e-08,0.0,-5.126379092149644e-08,0.0,-2.0990604132572044e-08,0.0,-1.922698028689161e-08,0.0,-7.368508707765634e-08,0.0,-3.2843874343750057e-08,0.0,-6.398479783563438e-07,0.0,1.2443087969851908e-06,0.0,-7.17203988739208e-08,0.0,-5.9457764952538186e-08,0.0,-2.3058777431126284e-08,0.0,-2.0990604132572034e-08,0.0,-7.435433219914714e-08,0.0,-3.45226823186396e-08,0.0,-6.108562948202961e-08,0.0,-7.17203988739208e-08,0.0,1.256348123885981e-06,0.0,-6.249433585453302e-07,0.0,-5.9457764952538186e-08,0.0,-5.1263790921496435e-08,0.0,-6.136822339066873e-08,0.0,-5.69739682600479e-08,0.0,-5.126379092149647e-08,0.0,-5.945776495253816e-08,0.0,-6.249433585453301e-07,0.0,1.2563481238859811e-06,0.0,-7.172039887392077e-08,0.0,-6.108562948202961e-08,0.0,-5.6973968260047884e-08,0.0,-6.13682233906687e-08,0.0,-2.099060413257205e-08,0.0,-2.305877743112626e-08,0.0,-5.945776495253817e-08,0.0,-7.172039887392081e-08,0.0,1.2443087969851906e-06,0.0,-6.39847978356344e-07,0.0,-3.452268231863959e-08,0.0,-7.435433219914713e-08,0.0,-1.922698028689158e-08,0.0,-2.0990604132572063e-08,0.0,-5.126379092149645e-08,0.0,-6.108562948202961e-08,0.0,-6.398479783563436e-07,0.0,1.2381185716502485e-06,0.0,-3.2843874343750076e-08,0.0,-7.368508707765638e-08,0.0,-7.368508707765635e-08,0.0,-7.435433219914711e-08,0.0,-6.136822339066872e-08,0.0,-5.6973968260047884e-08,0.0,-3.4522682318639556e-08,0.0,-3.28438743437501e-08,0.0,7.750900510192453e-07,0.0,-9.976452061665576e-08,0.0,-3.284387434375007e-08,0.0,-3.452268231863956e-08,0.0,-5.6973968260047884e-08,0.0,-6.136822339066872e-08,0.0,-7.435433219914714e-08,0.0,-7.368508707765636e-08,0.0,-9.976452061665576e-08,0.0,7.750900510192451e-07
122512.34940483219,0.0,1.2890276643298184e-06,0.0,-6.661573163929761e-07,0.0,-6.359735496931118e-08,0.0,-5.33716609937869e-08,0.0,-2.1853698052374057e-08,0.0,-2.0017557331599815e-08,0.0,-7.671487841835052e-08,0.0,-3.4194352303783835e-08,0.0,-6.66157316392976e-07,0.0,1.2954724200162963e-06,0.0,-7.466940595360751e-08,0.0,-6.190255573089984e-08,0.0,-2.400691072320196e-08,0.0,-2.1853698052374063e-08,0.0,-7.74116416327732e-08,0.0,-3.5942189685663757e-08,0.0,-6.359735496931122e-08,0.0,-7.46694059536075e-08,0.0,1.3080067812563053e-06,0.0,-6.506398468204882e-07,0.0,-6.190255573089983e-08,0.0,-5.337166099378688e-08,0.0,-6.389156860469934e-08,0.0,-5.931663001869327e-08,0.0,-5.337166099378684e-08,0.0,-6.190255573089988e-08,0.0,-6.506398468204883e-07,0.0,1.3080067812563051e-06,0.0,-7.466940595360751e-08,0.0,-6.359735496931118e-08,0.0,-5.931663001869323e-08,0.0,-6.389156860469933e-08,0.0,-2.185369805237407e-08,0.0,-2.4006910723201954e-08,0.0,-6.190255573089991e-08,0.0,-7.466940595360748e-08,0.0,1.2954724200162959e-06,0.0,-6.66157316392976e-07,0.0,-3.594218968566376e-08,0.0,-7.741164163277322e-08,0.0,-2.001755733159982e-08,0.0,-2.185369805237406e-08,0.0,-5.337166099378686e-08,0.0,-6.359735496931116e-08,0.0,-6.66157316392976e-07,0.0,1.2890276643298188e-06,0.0,-3.419435230378382e-08,0.0,-7.671487841835053e-08,0.0,-7.671487841835057e-08,0.0,-7.741164163277321e-08,0.0,-6.389156860469938e-08,0.0,-5.931663001869322e-08,0.0,-3.594218968566375e-08,0.0,-3.419435230378385e-08,0.0,8.069602871548339e-07,0.0,-1.0386664891236229e-07,0.0,-3.419435230378383e-08,0.0,-3.594218968566376e-08,0.0,-5.931663001869326e-08,0.0,-6.389156860469936e-08,0.0,-7.741164163277316e-08,0.0,-7.671487841835058e-08,0.0,-1.0386664891236229e-07,0.0,8.069602871548341e-07
127549.82537284824,0.0,1.3420300425611938e-06,0.0,-6.935484446224973e-07,0.0,-6.6212357855499e-08,0.0,-5.5566202694565793e-08,0.0,-2.275228076085951e-08,0.0,-2.084064140831694e-08,0.0,-7.986924904546766e-08,0.0,-3.5600359361921204e-08,0.0,-6.935484446224973e-07,0.0,1.3487397944055933e-06,0.0,-7.773967062377877e-08,0.0,-6.44478716796028e-08,0.0,-2.4994029462022493e-08,0.0,-2.2752280760859525e-08,0.0,-8.059466184472893e-08,0.0,-3.742006450937737e-08,0.0,-6.6212357855499e-08,0.0,-7.773967062377871e-08,0.0,1.36178954486006e-06,0.0,-6.77392926066086e-07,0.0,-6.444787167960277e-08,0.0,-5.556620269456579e-08,0.0,-6.651866899881139e-08,0.0,-6.175561759565571e-08,0.0,-5.556620269456579e-08,0.0,-6.44478716796028e-08,0.0,-6.773929260660861e-07,0.0,1.3617895448600593e-06,0.0,-7.773967062377873e-08,0.0,-6.621235785549905e-08,0.0,-6.175561759565568e-08,0.0,-6.651866899881134e-08,0.0,-2.275228076085952e-08,0.0,-2.499402946202246e-08,0.0,-6.444787167960275e-08,0.0,-7.773967062377874e-08,0.0,1.3487397944055937e-06,0.0,-6.935484446224973e-07,0.0,-3.742006450937736e-08,0.0,-8.059466184472897e-08,0.0,-2.0840641408316917e-08,0.0,-2.275228076085953e-08,0.0,-5.5566202694565846e-08,0.0,-6.621235785549901e-08,0.0,-6.935484446224973e-07,0.0,1.3420300425611936e-06,0.0,-3.56003593619212e-08,0.0,-7.986924904546769e-08,0.0,-7.986924904546769e-08,0.0,-8.059466184472891e-08,0.0,-6.651866899881137e-08,0.0,-6.175561759565567e-08,0.0,-3.742006450937734e-08,0.0,-3.560035936192121e-08,0.0,8.401409670898274e-07,0.0,-1.081374489608164e-07,0.0,-3.5600359361921204e-08,0.0,-3.742006450937733e-08,0.0,-6.175561759565568e-08,0.0,-6.651866899881134e-08,0.0,-8.059466184472891e-08,0.0,-7.98692490454677e-08,0.0,-1.081374489608164e-07,0.0,8.401409670898273e-07
132794.43281986716,0.0,1.39721177828498e-06,0.0,-7.220658442104851e-07,0.0,-6.893488471179641e-08,0.0,-5.7850979797181336e-08,0.0,-2.3687811489860997e-08,0.0,-2.1697569144683503e-08,0.0,-8.315332142351445e-08,0.0,-3.7064178769594235e-08,0.0,-7.220658442104853e-07,0.0,1.4041974224278444e-06,0.0,-8.093617876709019e-08,0.0,-6.709784620341979e-08,0.0,-2.6021736655382818e-08,0.0,-2.3687811489860977e-08,0.0,-8.390856182432714e-08,0.0,-3.895870674914625e-08,0.0,-6.893488471179653e-08,0.0,-8.093617876709031e-08,0.0,1.417783753925954e-06,0.0,-7.052460413033603e-07,0.0,-6.709784620341983e-08,0.0,-5.7850979797181236e-08,0.0,-6.925379078966577e-08,0.0,-6.429489172629962e-08,0.0,-5.7850979797181256e-08,0.0,-6.709784620341983e-08,0.0,-7.0524604130336e-07,0.0,1.417783753925954e-06,0.0,-8.093617876709027e-08,0.0,-6.893488471179648e-08,0.0,-6.429489172629963e-08,0.0,-6.925379078966583e-08,0.0,-2.3687811489861e-08,0.0,-2.602173665538285e-08,0.0,-6.709784620341984e-08,0.0,-8.09361787670903e-08,0.0,1.4041974224278438e-06,0.0,-7.220658442104848e-07,0.0,-3.895870674914624e-08,0.0,-8.390856182432714e-08,0.0,-2.169756914468352e-08,0.0,-2.3687811489860997e-08,0.0,-5.7850979797181256e-08,0.0,-6.893488471179649e-08,0.0,-7.220658442104847e-07,0.0,1.3972117782849799e-06,0.0,-3.706417876959422e-08,0.0,-8.315332142351447e-08,0.0,-8.315332142351458e-08,0.0,-8.390856182432714e-08,0.0,-6.925379078966579e-08,0.0,-6.429489172629965e-08,0.0,-3.895870674914622e-08,0.0,-3.706417876959424e-08,0.0,8.746859737934033e-07,0.0,-1.1258385622530067e-07,0.0,-3.706417876959424e-08,0.0,-3.895870674914625e-08,0.0,-6.429489172629954e-08,0.0,-6.925379078966579e-08,0.0,-8.390856182432709e-08,0.0,-8.315332142351453e-08,0.0,-1.1258385622530059e-07,0.0,8.746859737934034e-07
138254.68860033475,0.0,1.454662482557098e-06,0.0,-7.517558253038684e-07,0.0,-7.176935672037867e-08,0.0,-6.022970261059735e-08,0.0,-2.4661809472062454e-08,0.0,-2.2589732127939453e-08,0.0,-8.657242864304474e-08,0.0,-3.85881876612131e-08,0.0,-7.517558253038686e-07,0.0,1.4619353631676469e-06,0.0,-8.426412127625733e-08,0.0,-6.985678266490634e-08,0.0,-2.7091701223725055e-08,0.0,-2.4661809472062474e-08,0.0,-8.735872309993947e-08,0.0,-4.056061504612376e-08,0.0,-7.176935672037853e-08,0.0,-8.426412127625722e-08,0.0,1.4760803389065037e-06,0.0,-7.342444239306058e-07,0.0,-6.985678266490631e-08,0.0,-6.022970261059738e-08,0.0,-7.210137561267949e-08,0.0,-6.693857600393252e-08,0.0,-6.022970261059739e-08,0.0,-6.985678266490636e-08,0.0,-7.342444239306058e-07,0.0,1.4760803389065035e-06,0.0,-8.426412127625729e-08,0.0,-7.17693567203786e-08,0.0,-6.693857600393255e-08,0.0,-7.21013756126795e-08,0.0,-2.4661809472062445e-08,0.0,-2.7091701223725048e-08,0.0,-6.98567826649064e-08,0.0,-8.426412127625724e-08,0.0,1.4619353631676475e-06,0.0,-7.517558253038688e-07,0.0,-4.056061504612375e-08,0.0,-8.735872309993943e-08,0.0,-2.2589732127939466e-08,0.0,-2.466180947206243e-08,0.0,-6.022970261059735e-08,0.0,-7.176935672037863e-08,0.0,-7.517558253038687e-07,0.0,1.4546624825570987e-06,0.0,-3.8588187661213094e-08,0.0,-8.657242864304475e-08,0.0,-8.657242864304467e-08,0.0,-8.735872309993947e-08,0.0,-7.210137561267953e-08,0.0,-6.693857600393256e-08,0.0,-4.056061504612374e-08,0.0,-3.858818766121312e-08,0.0,9.106514058004658e-07,0.0,-1.1721309134222306e-07,0.0,-3.8588187661213114e-08,0.0,-4.056061504612375e-08,0.0,-6.693857600393265e-08,0.0,-7.210137561267946e-08,0.0,-8.73587230999395e-08,0.0,-8.657242864304471e-08,0.0,-1.1721309134222306e-07,0.0,9.10651405800466e-07
143939.4597656346,0.0,1.5144754510705153e-06,0.0,-7.826666022351858e-07,0.0,-7.4720376854065e-08,0.0,-6.270623400466167e-08,0.0,-2.5675856408121006e-08,0.0,-2.3518579164758508e-08,0.0,-9.013212308120331e-08,0.0,-4.017486091445645e-08,0.0,-7.826666022351857e-07,0.0,1.5220473787687405e-06,0.0,-8.772890248368053e-08,0.0,-7.272916137274217e-08,0.0,-2.8205660710341548e-08,0.0,-2.567585640812099e-08,0.0,-9.095074847820025e-08,0.0,-4.2228390780859105e-08,0.0,-7.472037685406503e-08,0.0,-8.772890248368058e-08,0.0,1.5367739691423563e-06,0.0,-7.644351651756212e-07,0.0,-7.272916137274216e-08,0.0,-6.270623400466164e-08,0.0,-7.506604773491246e-08,0.0,-6.96909635762154e-08,0.0,-6.27062340046616e-08,0.0,-7.272916137274212e-08,0.0,-7.644351651756212e-07,0.0,1.536773969142356e-06,0.0,-8.772890248368053e-08,0.0,-7.472037685406495e-08,0.0,-6.969096357621537e-08,0.0,-7.506604773491246e-08,0.0,-2.5675856408121026e-08,0.0,-2.8205660710341555e-08,0.0,-7.272916137274217e-08,0.0,-8.772890248368057e-08,0.0,1.5220473787687405e-06,0.0,-7.826666022351856e-07,0.0,-4.222839078085909e-08,0.0,-9.095074847820026e-08,0.0,-2.351857916475848e-08,0.0,-2.5675856408121016e-08,0.0,-6.270623400466169e-08,0.0,-7.472037685406499e-08,0.0,-7.826666022351855e-07,0.0,1.5144754510705153e-06,0.0,-4.017486091445649e-08,0.0,-9.013212308120327e-08,0.0,-9.013212308120331e-08,0.0,-9.095074847820026e-08,0.0,-7.506604773491244e-08,0.0,-6.969096357621535e-08,0.0,-4.22283907808591e-08,0.0,-4.0174860914456475e-08,0.0,9.480956683115146e-07,0.0,-1.2203267184689696e-07,0.0,-4.017486091445647e-08,0.0,-4.22283907808591e-08,0.0,-6.969096357621536e-08,0.0,-7.506604773491244e-08,0.0,-9.095074847820022e-08,0.0,-9.013212308120331e-08,0.0,-1.220326718468969e-07,0.0,9.480956683115147e-07
149857.97796352327,0.0,1.576747815660538e-06,0.0,-8.148483718190852e-07,0.0,-7.77927373512069e-08,0.0,-6.528459568311968e-08,0.0,-2.6731599035231547e-08,0.0,-2.4485618634003055e-08,0.0,-9.383818541837629e-08,0.0,-4.18267751692898e-08,0.0,-8.148483718190852e-07,0.0,1.5846310866967747e-06,0.0,-9.133614893768202e-08,0.0,-7.57196468574218e-08,0.0,-2.9365424103016764e-08,0.0,-2.6731599035231527e-08,0.0,-9.469047114255018e-08,0.0,-4.396474229774687e-08,0.0,-7.779273735120694e-08,0.0,-9.133614893768192e-08,0.0,1.5999632065982984e-06,0.0,-7.958672925683778e-07,0.0,-7.571964685742175e-08,0.0,-6.528459568311965e-08,0.0,-7.815262156453528e-08,0.0,-7.255652411691638e-08,0.0,-6.52845956831196e-08,0.0,-7.57196468574218e-08,0.0,-7.958672925683777e-07,0.0,1.5999632065982982e-06,0.0,-9.133614893768198e-08,0.0,-7.779273735120688e-08,0.0,-7.255652411691643e-08,0.0,-7.815262156453532e-08,0.0,-2.6731599035231514e-08,0.0,-2.9365424103016764e-08,0.0,-7.571964685742185e-08,0.0,-9.1336148937682e-08,0.0,1.584631086696775e-06,0.0,-8.148483718190852e-07,0.0,-4.396474229774688e-08,0.0,-9.469047114255014e-08,0.0,-2.448561863400306e-08,0.0,-2.673159903523153e-08,0.0,-6.528459568311968e-08,0.0,-7.779273735120688e-08,0.0,-8.148483718190852e-07,0.0,1.5767478156605385e-06,0.0,-4.182677516928978e-08,0.0,-9.38381854183763e-08,0.0,-9.383818541837631e-08,0.0,-9.469047114255019e-08,0.0,-7.815262156453536e-08,0.0,-7.255652411691641e-08,0.0,-4.3964742297746905e-08,0.0,-4.1826775169289784e-08,0.0,9.87079568038369e-07,0.0,-1.2705042438146128e-07,0.0,-4.182677516928977e-08,0.0,-4.396474229774689e-08,0.0,-7.255652411691641e-08,0.0,-7.815262156453535e-08,0.0,-9.469047114255014e-08,0.0,-9.38381854183763e-08,0.0,-1.2705042438146125e-07,0.0,9.870795680383694e-07
156019.85442964343,0.0,1.6415807020397328e-06,0.0,-8.483533948682452e-07,0.0,-8.099142749792808e-08,0.0,-6.79689747145645e-08,0.0,-2.783075180130613e-08,0.0,-2.5492420936220043e-08,0.0,-9.769663402558793e-08,0.0,-4.3546613012237785e-08,0.0,-8.483533948682453e-07,0.0,1.6497881182628616e-06,0.0,-9.509171853960293e-08,0.0,-7.883309544610638e-08,0.0,-3.057287477168961e-08,0.0,-2.783075180130613e-08,0.0,-9.858396412589424e-08,0.0,-4.5772489303178015e-08,0.0,-8.099142749792811e-08,0.0,-9.50917185396029e-08,0.0,1.665750665920591e-06,0.0,-8.285918495580995e-07,0.0,-7.883309544610654e-08,0.0,-6.796897471456436e-08,0.0,-8.136610946907201e-08,0.0,-7.553991108433122e-08,0.0,-6.796897471456425e-08,0.0,-7.883309544610646e-08,0.0,-8.285918495580998e-07,0.0,1.6657506659205902e-06,0.0,-9.509171853960289e-08,0.0,-8.099142749792807e-08,0.0,-7.55399110843311e-08,0.0,-8.13661094690719e-08,0.0,-2.7830751801306118e-08,0.0,-3.05728747716896e-08,0.0,-7.883309544610662e-08,0.0,-9.509171853960295e-08,0.0,1.6497881182628614e-06,0.0,-8.483533948682453e-07,0.0,-4.577248930317799e-08,0.0,-9.858396412589433e-08,0.0,-2.549242093622006e-08,0.0,-2.783075180130613e-08,0.0,-6.796897471456429e-08,0.0,-8.099142749792801e-08,0.0,-8.48353394868245e-07,0.0,1.6415807020397334e-06,0.0,-4.3546613012237904e-08,0.0,-9.76966340255879e-08,0.0,-9.769663402558799e-08,0.0,-9.858396412589422e-08,0.0,-8.1366109469072e-08,0.0,-7.55399110843311e-08,0.0,-4.5772489303177995e-08,0.0,-4.354661301223786e-08,0.0,1.0276664119497704e-06,0.0,-1.3227449740476916e-07,0.0,-4.354661301223781e-08,0.0,-4.5772489303178035e-08,0.0,-7.553991108433128e-08,0.0,-8.1366109469072e-08,0.0,-9.858396412589418e-08,0.0,-9.769663402558794e-08,0.0,-1.322744974047691e-07,0.0,1.0276664119497701e-06
162435.09559545922,0.0,1.7090793940186e-06,0.0,-8.832360810610627e-07,0.0,-8.432164173035561e-08,0.0,-7.076373033192571e-08,0.0,-2.897509964911067e-08,0.0,-2.6540621043855016e-08,0.0,-1.017137347378901e-07,0.0,-4.5337167332706986e-08,0.0,-8.83236081061063e-07,0.0,1.7176242836653007e-06,0.0,-9.90017100566026e-08,0.0,-8.207456314894055e-08,0.0,-3.182997352690683e-08,0.0,-2.8975099649110668e-08,0.0,-1.0263755017275812e-07,0.0,-4.765456744453422e-08,0.0,-8.432164173035559e-08,0.0,-9.900171005660264e-08,0.0,1.7342431810755614e-06,0.0,-8.626619784040514e-07,0.0,-8.20745631489405e-08,0.0,-7.076373033192578e-08,0.0,-8.471172991511366e-08,0.0,-7.864596927815415e-08,0.0,-7.076373033192585e-08,0.0,-8.20745631489405e-08,0.0,-8.626619784040515e-07,0.0,1.7342431810755612e-06,0.0,-9.900171005660258e-08,0.0,-8.432164173035565e-08,0.0,-7.864596927815418e-08,0.0,-8.471172991511368e-08,0.0,-2.8975099649110687e-08,0.0,-3.1829973526906807e-08,0.0,-8.207456314894041e-08,0.0,-9.900171005660255e-08,0.0,1.7176242836653007e-06,0.0,-8.832360810610629e-07,0.0,-4.765456744453424e-08,0.0,-1.0263755017275813e-07,0.0,-2.654062104385501e-08,0.0,-2.8975099649110684e-08,0.0,-7.076373033192585e-08,0.0,-8.432164173035564e-08,0.0,-8.83236081061063e-07,0.0,1.7090793940185999e-06,0.0,-4.533716733270695e-08,0.0,-1.0171373473789009e-07,0.0,-1.0171373473789003e-07,0.0,-1.0263755017275814e-07,0.0,-8.471172991511366e-08,0.0,-7.864596927815417e-08,0.0,-4.765456744453424e-08,0.0,-4.5337167332706966e-08,0.0,1.0699221100772118e-06,0.0,-1.3771337442488154e-07,0.0,-4.5337167332706986e-08,0.0,-4.765456744453425e-08,0.0,-7.864596927815422e-08,0.0,-8.471172991511368e-08,0.0,-1.0263755017275814e-07,0.0,-1.0171373473789005e-07,0.0,-1.377133744248815e-07,0.0,1.0699221100772118e-06
169114.11933796073,0.0,1.7793535044786886e-06,0.0,-9.195530772989483e-07,0.0,-8.778878807000111e-08,0.0,-7.367340101154295e-08,0.0,-3.0166500914879804e-08,0.0,-2.7631921156326472e-08,0.0,-1.0589601102961433e-07,0.0,-4.720134585843054e-08,0.0,-9.195530772989483e-07,0.0,1.788249743817512e-06,0.0,-1.0307247302560465e-07,0.0,-8.544931386963712e-08,0.0,-3.3138761804034196e-08,0.0,-3.0166500914879824e-08,0.0,-1.0685781200695758e-07,0.0,-4.9614033077462305e-08,0.0,-8.778878807000114e-08,0.0,-1.030724730256046e-07,0.0,1.8055519788400697e-06,0.0,-8.981330064746317e-07,0.0,-8.544931386963717e-08,0.0,-7.367340101154286e-08,0.0,-8.819491594272266e-08,0.0,-8.187974270707517e-08,0.0,-7.367340101154291e-08,0.0,-8.54493138696372e-08,0.0,-8.981330064746322e-07,0.0,1.8055519788400684e-06,0.0,-1.0307247302560465e-07,0.0,-8.778878807000108e-08,0.0,-8.187974270707516e-08,0.0,-8.819491594272256e-08,0.0,-3.01665009148798e-08,0.0,-3.313876180403421e-08,0.0,-8.544931386963726e-08,0.0,-1.030724730256046e-07,0.0,1.7882497438175115e-06,0.0,-9.19553077298948e-07,0.0,-4.9614033077462285e-08,0.0,-1.0685781200695747e-07,0.0,-2.7631921156326475e-08,0.0,-3.0166500914879824e-08,0.0,-7.367340101154295e-08,0.0,-8.778878807000114e-08,0.0,-9.19553077298948e-07,0.0,1.7793535044786881e-06,0.0,-4.720134585843054e-08,0.0,-1.0589601102961444e-07,0.0,-1.0589601102961448e-07,0.0,-1.0685781200695752e-07,0.0,-8.81949159427226e-08,0.0,-8.187974270707516e-08,0.0,-4.961403307746227e-08,0.0,-4.720134585843054e-08,0.0,1.1139152825479568e-06,0.0,-1.4337588777565707e-07,0.0,-4.720134585843056e-08,0.0,-4.961403307746227e-08,0.0,-8.187974270707519e-08,0.0,-8.819491594272255e-08,0.0,-1.0685781200695755e-07,0.0,-1.0589601102961443e-07,0.0,-1.4337588777565707e-07,0.0,1.1139152825479568e-06
176067.77189752526,0.0,1.8525171533758094e-06,0.0,-9.573633596966993e-07,0.0,-9.139849690598599e-08,0.0,-7.670271184331297e-08,0.0,-3.1406890346117405e-08,0.0,-2.876809346427194e-08,0.0,-1.102502546080124e-07,0.0,-4.914217587740395e-08,0.0,-9.573633596966993e-07,0.0,1.8617791892412097e-06,0.0,-1.0731061806447517e-07,0.0,-8.896282795366945e-08,0.0,-3.450136497839669e-08,0.0,-3.1406890346117385e-08,0.0,-1.1125160302145419e-07,0.0,-5.165406822916933e-08,0.0,-9.139849690598596e-08,0.0,-1.0731061806447523e-07,0.0,1.879792859425549e-06,0.0,-9.350625360949294e-07,0.0,-8.896282795366947e-08,0.0,-7.670271184331302e-08,0.0,-9.182132398828684e-08,0.0,-8.524648277987599e-08,0.0,-7.670271184331297e-08,0.0,-8.896282795366944e-08,0.0,-9.350625360949294e-07,0.0,1.8797928594255485e-06,0.0,-1.0731061806447516e-07,0.0,-9.139849690598587e-08,0.0,-8.524648277987602e-08,0.0,-9.182132398828687e-08,0.0,-3.140689034611741e-08,0.0,-3.4501364978396676e-08,0.0,-8.896282795366951e-08,0.0,-1.0731061806447517e-07,0.0,1.8617791892412095e-06,0.0,-9.573633596966993e-07,0.0,-5.165406822916931e-08,0.0,-1.1125160302145417e-07,0.0,-2.8768093464271947e-08,0.0,-3.140689034611743e-08,0.0,-7.670271184331297e-08,0.0,-9.139849690598593e-08,0.0,-9.573633596966993e-07,0.0,1.8525171533758092e-06,0.0,-4.914217587740395e-08,0.0,-1.1025025460801244e-07,0.0,-1.1025025460801248e-07,0.0,-1.1125160302145418e-07,0.0,-9.182132398828684e-08,0.0,-8.524648277987603e-08,0.0,-5.165406822916929e-08,0.0,-4.914217587740396e-08,0.0,1.1597173710190463e-06,0.0,-1.4927123295980835e-07,0.0,-4.914217587740395e-08,0.0,-5.1654068229169286e-08,0.0,-8.524648277987607e-08,0.0,-9.182132398828684e-08,0.0,-1.1125160302145418e-07,0.0,-1.1025025460801243e-07,0.0,-1.4927123295980838e-07,0.0,1.1597173710190463e-06
183307.3454914096,0.0,1.928689153062401e-06,0.0,-9.967283293553518e-07,0.0,-9.515663013837787e-08,0.0,-7.985658220388843e-08,0.0,-3.2698282243483535e-08,0.0,-2.995098302745424e-08,0.0,-1.147835364424854e-07,0.0,-5.116280915397619e-08,0.0,-9.967283293553516e-07,0.0,1.938332026315326e-06,0.0,-1.1172302760717747e-07,0.0,-9.262081108794524e-08,0.0,-3.591999581673057e-08,0.0,-3.269828224348352e-08,0.0,-1.1582605840775956e-07,0.0,-5.377798576579971e-08,0.0,-9.515663013837783e-08,0.0,-1.1172302760717748e-07,0.0,1.957086384528996e-06,0.0,-9.735105380886348e-07,0.0,-9.262081108794516e-08,0.0,-7.985658220388838e-08,0.0,-9.559684307015486e-08,0.0,-8.87516568333302e-08,0.0,-7.985658220388843e-08,0.0,-9.262081108794522e-08,0.0,-9.73510538088635e-07,0.0,1.957086384528996e-06,0.0,-1.1172302760717747e-07,0.0,-9.515663013837788e-08,0.0,-8.875165683333025e-08,0.0,-9.55968430701549e-08,0.0,-3.269828224348349e-08,0.0,-3.59199958167306e-08,0.0,-9.262081108794508e-08,0.0,-1.1172302760717752e-07,0.0,1.938332026315326e-06,0.0,-9.967283293553514e-07,0.0,-5.377798576579969e-08,0.0,-1.1582605840775956e-07,0.0,-2.9950983027454256e-08,0.0,-3.269828224348352e-08,0.0,-7.985658220388846e-08,0.0,-9.515663013837787e-08,0.0,-9.967283293553512e-07,0.0,1.9286891530624007e-06,0.0,-5.116280915397621e-08,0.0,-1.1478353644248545e-07,0.0,-1.1478353644248545e-07,0.0,-1.1582605840775954e-07,0.0,-9.559684307015485e-08,0.0,-8.875165683333025e-08,0.0,-5.3777985765799674e-08,0.0,-5.116280915397621e-08,0.0,1.2074027546932655e-06,0.0,-1.554089835817186e-07,0.0,-5.116280915397619e-08,0.0,-5.3777985765799694e-08,0.0,-8.875165683333025e-08,0.0,-9.559684307015489e-08,0.0,-1.1582605840775951e-07,0.0,-1.1478353644248545e-07,0.0,-1.5540898358171857e-07,0.0,1.2074027546932659e-06
190844.596651474,0.0,2.007993201229989e-06,0.0,-1.0377119120730162e-06,0.0,-9.906929069748202e-08,0.0,-8.314013374537996e-08,0.0,-3.4042773731869414e-08,0.0,-3.1182510771001925e-08,0.0,-1.195032182473151e-07,0.0,-5.3266527047081765e-08,0.0,-1.0377119120730166e-06,0.0,2.0180325711831256e-06,0.0,-1.1631686708033478e-07,0.0,-9.642920356642035e-08,0.0,-3.7396958070552816e-08,0.0,-3.404277373186937e-08,0.0,-1.2058860674295697e-07,0.0,-5.598923477228426e-08,0.0,-9.906929069748199e-08,0.0,-1.1631686708033478e-07,0.0,2.0375580731162316e-06,0.0,-1.0135394491662183e-06,0.0,-9.642920356642031e-08,0.0,-8.314013374537996e-08,0.0,-9.952760435196503e-08,0.0,-9.240095701075284e-08,0.0,-8.314013374537996e-08,0.0,-9.64292035664203e-08,0.0,-1.0135394491662183e-06,0.0,2.037558073116231e-06,0.0,-1.1631686708033476e-07,0.0,-9.906929069748199e-08,0.0,-9.240095701075279e-08,0.0,-9.952760435196491e-08,0.0,-3.404277373186938e-08,0.0,-3.7396958070552816e-08,0.0,-9.64292035664203e-08,0.0,-1.1631686708033476e-07,0.0,2.0180325711831256e-06,0.0,-1.0377119120730162e-06,0.0,-5.598923477228425e-08,0.0,-1.2058860674295703e-07,0.0,-3.1182510771001944e-08,0.0,-3.40427737318694e-08,0.0,-8.314013374537996e-08,0.0,-9.906929069748195e-08,0.0,-1.037711912073016e-06,0.0,2.007993201229988e-06,0.0,-5.326652704708181e-08,0.0,-1.1950321824731507e-07,0.0,-1.1950321824731512e-07,0.0,-1.2058860674295703e-07,0.0,-9.952760435196495e-08,0.0,-9.240095701075282e-08,0.0,-5.5989234772284236e-08,0.0,-5.326652704708179e-08,0.0,1.25704887110546e-06,0.0,-1.6179910689426546e-07,0.0,-5.326652704708179e-08,0.0,-5.598923477228426e-08,0.0,-9.240095701075279e-08,0.0,-9.952760435196503e-08,0.0,-1.2058860674295697e-07,0.0,-1.1950321824731504e-07,0.0,-1.6179910689426543e-07,0.0,1.2570488711054598e-06
198691.7653159221,0.0,2.090558081785097e-06,0.0,-1.0803806621556554e-06,0.0,-1.0314283245454894e-07,0.0,-8.655869871254131e-08,0.0,-3.544254816597342e-08,0.0,-3.246467660484985e-08,0.0,-1.2441696443654352e-07,0.0,-5.54567458389252e-08,0.0,-1.0803806621556557e-06,0.0,2.1010102516324366e-06,0.0,-1.2109959653935359e-07,0.0,-1.0039418993669725e-07,0.0,-3.893465021728329e-08,0.0,-3.54425481659734e-08,0.0,-1.2554698205316243e-07,0.0,-5.829140615339946e-08,0.0,-1.0314283245454898e-07,0.0,-1.210995965393536e-07,0.0,2.1213386052554292e-06,0.0,-1.0552142733175352e-06,0.0,-1.0039418993669722e-07,0.0,-8.655869871254132e-08,0.0,-1.0361999109920213e-07,0.0,-9.620030950562049e-08,0.0,-8.65586987125413e-08,0.0,-1.003941899366973e-07,0.0,-1.0552142733175352e-06,0.0,2.1213386052554284e-06,0.0,-1.2109959653935359e-07,0.0,-1.0314283245454893e-07,0.0,-9.620030950562053e-08,0.0,-1.0361999109920223e-07,0.0,-3.544254816597339e-08,0.0,-3.893465021728332e-08,0.0,-1.0039418993669734e-07,0.0,-1.2109959653935364e-07,0.0,2.101010251632437e-06,0.0,-1.0803806621556557e-06,0.0,-5.829140615339946e-08,0.0,-1.255469820531624e-07,0.0,-3.246467660484991e-08,0.0,-3.5442548165973396e-08,0.0,-8.655869871254131e-08,0.0,-1.0314283245454893e-07,0.0,-1.0803806621556557e-06,0.0,2.090558081785097e-06,0.0,-5.5456745838925174e-08,0.0,-1.2441696443654355e-07,0.0,-1.244169644365436e-07,0.0,-1.255469820531624e-07,0.0,-1.0361999109920229e-07,0.0,-9.620030950562046e-08,0.0,-5.829140615339942e-08,0.0,-5.5456745838925214e-08,0.0,1.3087363418753707e-06,0.0,-1.6845197998490406e-07,0.0,-5.5456745838925194e-08,0.0,-5.829140615339946e-08,0.0,-9.620030950562053e-08,0.0,-1.0361999109920223e-07,0.0,-1.2554698205316245e-07,0.0,-1.2441696443654355e-07,0.0,-1.68451979984904e-07,0.0,1.3087363418753714e-06
206861.59470605347,0.0,2.176517873984778e-06,0.0,-1.1248038704963472e-06,0.0,-1.0738387053999107e-07,0.0,-9.011782860193986e-08,0.0,-3.689987867590733e-08,0.0,-3.379956267144502e-08,0.0,-1.2953275457041455e-07,0.0,-5.77370222827703e-08,0.0,-1.1248038704963466e-06,0.0,2.1873998172767994e-06,0.0,-1.2607898278300172e-07,0.0,-1.045222090432724e-07,0.0,-4.05355693551946e-08,0.0,-3.6899878675907305e-08,0.0,-1.307092363730099e-07,0.0,-6.06882384651307e-08,0.0,-1.0738387053999112e-07,0.0,-1.260789827830018e-07,0.0,2.208564034331866e-06,0.0,-1.0986026873734895e-06,0.0,-1.0452220904327236e-07,0.0,-9.011782860193983e-08,0.0,-1.0788064904514874e-07,0.0,-1.0015588418527112e-07,0.0,-9.011782860193978e-08,0.0,-1.0452220904327238e-07,0.0,-1.098602687373489e-06,0.0,2.208564034331866e-06,0.0,-1.2607898278300174e-07,0.0,-1.0738387053999112e-07,0.0,-1.0015588418527112e-07,0.0,-1.078806490451487e-07,0.0,-3.689987867590729e-08,0.0,-4.053556935519461e-08,0.0,-1.0452220904327232e-07,0.0,-1.260789827830017e-07,0.0,2.1873998172767994e-06,0.0,-1.1248038704963468e-06,0.0,-6.068823846513075e-08,0.0,-1.307092363730099e-07,0.0,-3.3799562671444994e-08,0.0,-3.689987867590733e-08,0.0,-9.011782860193977e-08,0.0,-1.0738387053999115e-07,0.0,-1.1248038704963466e-06,0.0,2.176517873984778e-06,0.0,-5.7737022282770286e-08,0.0,-1.2953275457041455e-07,0.0,-1.2953275457041452e-07,0.0,-1.3070923637300982e-07,0.0,-1.0788064904514864e-07,0.0,-1.0015588418527114e-07,0.0,-6.068823846513075e-08,0.0,-5.7737022282770306e-08,0.0,1.3625491036311785e-06,0.0,-1.7537840662728795e-07,0.0,-5.77370222827703e-08,0.0,-6.068823846513072e-08,0.0,-1.0015588418527116e-07,0.0,-1.0788064904514868e-07,0.0,-1.3070923637300982e-07,0.0,-1.2953275457041457e-07,0.0,-1.7537840662728795e-07,0.0,1.362549103631178e-06
215367.35202031257,0.0,2.2660121701714055e-06,0.0,-1.1710536770985638e-06,0.0,-1.1179929208586526e-07,0.0,-9.382330317717599e-08,0.0,-3.84171318585914e-08,0.0,-3.5189336726991265e-08,0.0,-1.3485889631358843e-07,0.0,-6.011105937884441e-08,0.0,-1.1710536770985638e-06,0.0,2.277341558378859e-06,0.0,-1.3126311196611438e-07,0.0,-1.0881996448374286e-07,0.0,-4.2202315258514867e-08,0.0,-3.8417131858591444e-08,0.0,-1.3608375282155974e-07,0.0,-6.318362398581081e-08,0.0,-1.1179929208586526e-07,0.0,-1.312631119661143e-07,0.0,2.2993760079885606e-06,0.0,-1.1437751509082023e-06,0.0,-1.0881996448374279e-07,0.0,-9.382330317717598e-08,0.0,-1.1231649718306281e-07,0.0,-1.0427410461031181e-07,0.0,-9.382330317717593e-08,0.0,-1.0881996448374284e-07,0.0,-1.1437751509082025e-06,0.0,2.2993760079885606e-06,0.0,-1.312631119661143e-07,0.0,-1.1179929208586522e-07,0.0,-1.0427410461031178e-07,0.0,-1.1231649718306287e-07,0.0,-3.8417131858591385e-08,0.0,-4.2202315258514853e-08,0.0,-1.0881996448374289e-07,0.0,-1.312631119661144e-07,0.0,2.2773415583788587e-06,0.0,-1.1710536770985634e-06,0.0,-6.318362398581081e-08,0.0,-1.3608375282155974e-07,0.0,-3.5189336726991285e-08,0.0,-3.841713185859144e-08,0.0,-9.382330317717594e-08,0.0,-1.1179929208586523e-07,0.0,-1.1710536770985636e-06,0.0,2.2660121701714046e-06,0.0,-6.01110593788444e-08,0.0,-1.3485889631358843e-07,0.0,-1.3485889631358846e-07,0.0,-1.3608375282155977e-07,0.0,-1.123164971830628e-07,0.0,-1.0427410461031187e-07,0.0,-6.318362398581085e-08,0.0,-6.011105937884441e-08,0.0,1.4185745443163696e-06,0.0,-1.8258963482579854e-07,0.0,-6.01110593788444e-08,0.0,-6.318362398581083e-08,0.0,-1.0427410461031187e-07,0.0,-1.1231649718306281e-07,0.0,-1.360837528215597e-07,0.0,-1.3485889631358843e-07,0.0,-1.8258963482579854e-07,0.0,1.4185745443163696e-06
224222.8499792374,0.0,2.35918630246031e-06,0.0,-1.21920518822621e-06,0.0,-1.1639626741006498e-07,0.0,-9.768113985479235e-08,0.0,-3.999677162093301e-08,0.0,-3.6636255661725614e-08,0.0,-1.4040403892617534e-07,0.0,-6.258271238773673e-08,0.0,-1.21920518822621e-06,0.0,2.3709815336713846e-06,0.0,-1.3666040273091154e-07,0.0,-1.1329443549495326e-07,0.0,-4.393759459926855e-08,0.0,-3.999677162093301e-08,0.0,-1.4167925921586457e-07,0.0,-6.578161503689196e-08,0.0,-1.1639626741006491e-07,0.0,-1.366604027309114e-07,0.0,2.3939219981515584e-06,0.0,-1.1908050206601467e-06,0.0,-1.132944354949533e-07,0.0,-9.768113985479227e-08,0.0,-1.1693473900211251e-07,0.0,-1.085616584660059e-07,0.0,-9.768113985479237e-08,0.0,-1.1329443549495339e-07,0.0,-1.190805020660147e-06,0.0,2.3939219981515575e-06,0.0,-1.366604027309115e-07,0.0,-1.16396267410065e-07,0.0,-1.0856165846600597e-07,0.0,-1.1693473900211253e-07,0.0,-3.999677162093302e-08,0.0,-4.393759459926855e-08,0.0,-1.1329443549495332e-07,0.0,-1.3666040273091144e-07,0.0,2.3709815336713846e-06,0.0,-1.2192051882262102e-06,0.0,-6.5781615036892e-08,0.0,-1.4167925921586451e-07,0.0,-3.6636255661725594e-08,0.0,-3.999677162093301e-08,0.0,-9.768113985479233e-08,0.0,-1.1639626741006498e-07,0.0,-1.21920518822621e-06,0.0,2.3591863024603106e-06,0.0,-6.258271238773665e-08,0.0,-1.4040403892617541e-07,0.0,-1.4040403892617534e-07,0.0,-1.4167925921586457e-07,0.0,-1.1693473900211251e-07,0.0,-1.0856165846600596e-07,0.0,-6.578161503689201e-08,0.0,-6.258271238773666e-08,0.0,1.4769036451012998e-06,0.0,-1.9009737508147194e-07,0.0,-6.258271238773666e-08,0.0,-6.5781615036892e-08,0.0,-1.0856165846600596e-07,0.0,-1.1693473900211242e-07,0.0,-1.4167925921586457e-07,0.0,-1.4040403892617536e-07,0.0,-1.9009737508147194e-07,0.0,1.4769036451012998e-06
233442.46925629553,0.0,2.4561915787483816e-06,0.0,-1.2693365983706293e-06,0.0,-1.2118226166038683e-07,0.0,-1.0169760347611196e-07,0.0,-4.1641363181028704e-08,0.0,-3.8142669164940565e-08,0.0,-1.461771873094933e-07,0.0,-6.515599509105617e-08,0.0,-1.2693365983706289e-06,0.0,2.4684718075458345e-06,0.0,-1.4227961987825002e-07,0.0,-1.1795288828676024e-07,0.0,-4.5744225342711924e-08,0.0,-4.164136318102875e-08,0.0,-1.4750484224429733e-07,0.0,-6.848643056361582e-08,0.0,-1.2118226166038683e-07,0.0,-1.422796198782499e-07,0.0,2.4923555405134325e-06,0.0,-1.2397686696580628e-06,0.0,-1.1795288828676039e-07,0.0,-1.0169760347611201e-07,0.0,-1.2174287418530868e-07,0.0,-1.1302550842257943e-07,0.0,-1.0169760347611208e-07,0.0,-1.1795288828676036e-07,0.0,-1.2397686696580632e-06,0.0,2.492355540513431e-06,0.0,-1.4227961987824992e-07,0.0,-1.2118226166038683e-07,0.0,-1.1302550842257922e-07,0.0,-1.2174287418530842e-07,0.0,-4.1641363181028856e-08,0.0,-4.574422534271191e-08,0.0,-1.1795288828676012e-07,0.0,-1.422796198782499e-07,0.0,2.468471807545837e-06,0.0,-1.2693365983706303e-06,0.0,-6.848643056361598e-08,0.0,-1.475048422442972e-07,0.0,-3.814266916494045e-08,0.0,-4.164136318102868e-08,0.0,-1.0169760347611217e-07,0.0,-1.2118226166038696e-07,0.0,-1.269336598370629e-06,0.0,2.4561915787483807e-06,0.0,-6.515599509105604e-08,0.0,-1.4617718730949341e-07,0.0,-1.4617718730949315e-07,0.0,-1.4750484224429738e-07,0.0,-1.2174287418530842e-07,0.0,-1.1302550842257931e-07,0.0,-6.8486430563616e-08,0.0,-6.515599509105607e-08,0.0,1.537631128129877e-06,0.0,-1.9791381940898617e-07,0.0,-6.515599509105611e-08,0.0,-6.848643056361593e-08,0.0,-1.130255084225793e-07,0.0,-1.217428741853083e-07,0.0,-1.4750484224429767e-07,0.0,-1.4617718730949333e-07,0.0,-1.9791381940898614e-07,0.0,1.5376311281298768e-06
243041.181831034,0.0,2.5571855284268973e-06,0.0,-1.321529317232676e-06,0.0,-1.261650469373785e-07,0.0,-1.0587921648087866e-07,0.0,-4.335357723388873e-08,0.0,-3.97110235407061e-08,0.0,-1.5218771662936199e-07,0.0,-6.78350863095159e-08,0.0,-1.321529317232676e-06,0.0,2.5699706969936835e-06,0.0,-1.4812988860101179e-07,0.0,-1.2280288784181896e-07,0.0,-4.7625141323499875e-08,0.0,-4.3353577233888686e-08,0.0,-1.5356996222266224e-07,0.0,-7.130246298626914e-08,0.0,-1.261650469373786e-07,0.0,-1.481298886010118e-07,0.0,2.594836483863892e-06,0.0,-1.2907456112451082e-06,0.0,-1.2280288784181896e-07,0.0,-1.0587921648087858e-07,0.0,-1.2674871078843452e-07,0.0,-1.1767290344208165e-07,0.0,-1.0587921648087861e-07,0.0,-1.2280288784181893e-07,0.0,-1.2907456112451084e-06,0.0,2.5948364838638915e-06,0.0,-1.4812988860101168e-07,0.0,-1.261650469373786e-07,0.0,-1.1767290344208165e-07,0.0,-1.2674871078843465e-07,0.0,-4.3353577233888686e-08,0.0,-4.7625141323499875e-08,0.0,-1.2280288784181912e-07,0.0,-1.4812988860101173e-07,0.0,2.5699706969936835e-06,0.0,-1.3215293172326758e-06,0.0,-7.130246298626917e-08,0.0,-1.5356996222266226e-07,0.0,-3.971102354070616e-08,0.0,-4.335357723388876e-08,0.0,-1.0587921648087862e-07,0.0,-1.2616504693737846e-07,0.0,-1.3215293172326758e-06,0.0,2.5571855284268973e-06,0.0,-6.78350863095159e-08,0.0,-1.5218771662936206e-07,0.0,-1.5218771662936212e-07,0.0,-1.5356996222266218e-07,0.0,-1.2674871078843462e-07,0.0,-1.176729034420817e-07,0.0,-7.130246298626913e-08,0.0,-6.783508630951594e-08,0.0,1.6008556103413176e-06,0.0,-2.0605166113559106e-07,0.0,-6.783508630951594e-08,0.0,-7.130246298626916e-08,0.0,-1.1767290344208173e-07,0.0,-1.2674871078843462e-07,0.0,-1.5356996222266216e-07,0.0,-1.5218771662936212e-07,0.0,-2.06051661135591e-07,0.0,1.600855610341318e-06
253034.57530246602,0.0,2.6623321581976004e-06,0.0,-1.3758681019260474e-06,0.0,-1.313527149156533e-07,0.0,-1.1023276949921423e-07,0.0,-4.5136194288448504e-08,0.0,-4.134386568048581e-08,0.0,-1.5844538754067861e-07,0.0,-7.062433668902909e-08,0.0,-1.3758681019260474e-06,0.0,2.6756430287014984e-06,0.0,-1.5422070930274145e-07,0.0,-1.2785231020055576e-07,0.0,-4.958339701001628e-08,0.0,-4.513619428844848e-08,0.0,-1.5988446845704578e-07,0.0,-7.423428533314779e-08,0.0,-1.3135271491565317e-07,0.0,-1.5422070930274135e-07,0.0,2.7015312496723744e-06,0.0,-1.3438186282026378e-06,0.0,-1.2785231020055576e-07,0.0,-1.102327694992142e-07,0.0,-1.3196037791975286e-07,0.0,-1.2251139055016404e-07,0.0,-1.1023276949921431e-07,0.0,-1.278523102005558e-07,0.0,-1.3438186282026376e-06,0.0,2.701531249672374e-06,0.0,-1.542207093027414e-07,0.0,-1.3135271491565338e-07,0.0,-1.2251139055016411e-07,0.0,-1.31960377919753e-07,0.0,-4.5136194288448464e-08,0.0,-4.958339701001622e-08,0.0,-1.2785231020055584e-07,0.0,-1.542207093027414e-07,0.0,2.6756430287014975e-06,0.0,-1.3758681019260474e-06,0.0,-7.423428533314774e-08,0.0,-1.5988446845704583e-07,0.0,-4.134386568048587e-08,0.0,-4.513619428844856e-08,0.0,-1.1023276949921423e-07,0.0,-1.3135271491565328e-07,0.0,-1.3758681019260474e-06,0.0,2.6623321581976e-06,0.0,-7.062433668902913e-08,0.0,-1.584453875406785e-07,0.0,-1.5844538754067854e-07,0.0,-1.5988446845704575e-07,0.0,-1.3196037791975294e-07,0.0,-1.2251139055016404e-07,0.0,-7.423428533314772e-08,0.0,-7.062433668902915e-08,0.0,1.666679763616759e-06,0.0,-2.1452411551413213e-07,0.0,-7.062433668902914e-08,0.0,-7.423428533314775e-08,0.0,-1.225113905501641e-07,0.0,-1.31960377919753e-07,0.0,-1.5988446845704565e-07,0.0,-1.5844538754067846e-07,0.0,-2.1452411551413215e-07,0.0,1.6666797636167588e-06
263438.87820217875,0.0,2.771802218407446e-06,0.0,-1.4324411946165622e-06,0.0,-1.3675368998417281e-07,0.0,-1.1476533237910154e-07,0.0,-4.699210918290895e-08,0.0,-4.304384719910089e-08,0.0,-1.6496036203799804e-07,0.0,-7.35282757658356e-08,0.0,-1.4324411946165622e-06,0.0,2.785660406717284e-06,0.0,-1.6056197302559918e-07,0.0,-1.3310935525127483e-07,0.0,-5.162217246460486e-08,0.0,-4.699210918290893e-08,0.0,-1.6645861523836288e-07,0.0,-7.728665866681771e-08,0.0,-1.367536899841726e-07,0.0,-1.6056197302559902e-07,0.0,2.8126131023442154e-06,0.0,-1.3990739071833212e-06,0.0,-1.3310935525127486e-07,0.0,-1.1476533237910162e-07,0.0,-1.3738633894107403e-07,0.0,-1.2754882709189072e-07,0.0,-1.1476533237910171e-07,0.0,-1.3310935525127494e-07,0.0,-1.3990739071833214e-06,0.0,2.8126131023442146e-06,0.0,-1.6056197302559925e-07,0.0,-1.3675368998417284e-07,0.0,-1.2754882709189067e-07,0.0,-1.373863389410738e-07,0.0,-4.699210918290902e-08,0.0,-5.162217246460478e-08,0.0,-1.3310935525127465e-07,0.0,-1.6056197302559912e-07,0.0,2.7856604067172845e-06,0.0,-1.4324411946165633e-06,0.0,-7.728665866681769e-08,0.0,-1.664586152383627e-07,0.0,-4.3043847199100764e-08,0.0,-4.699210918290893e-08,0.0,-1.1476533237910166e-07,0.0,-1.3675368998417295e-07,0.0,-1.4324411946165629e-06,0.0,2.7718022184074462e-06,0.0,-7.352827576583555e-08,0.0,-1.6496036203799804e-07,0.0,-1.6496036203799777e-07,0.0,-1.6645861523836285e-07,0.0,-1.3738633894107387e-07,0.0,-1.275488270918905e-07,0.0,-7.728665866681774e-08,0.0,-7.352827576583554e-08,0.0,1.7352104815107949e-06,0.0,-2.2334494118364383e-07,0.0,-7.352827576583555e-08,0.0,-7.728665866681771e-08,0.0,-1.2754882709189054e-07,0.0,-1.373863389410738e-07,0.0,-1.6645861523836296e-07,0.0,-1.649603620379978e-07,0.0,-2.233449411836439e-07,0.0,1.7352104815107945e-06
274270.9863482682,0.0,2.885773480334539e-06,0.0,-1.4913404658209136e-06,0.0,-1.4237674292683102e-07,0.0,-1.1948426566729393e-07,0.0,-4.8924335785739684e-08,0.0,-4.4813728740756166e-08,0.0,-1.7174321995786152e-07,0.0,-7.655161932213402e-08,0.0,-1.4913404658209134e-06,0.0,2.9002014911227654e-06,0.0,-1.6716397751268164e-07,0.0,-1.3858256004617032e-07,0.0,-5.374477850775515e-08,0.0,-4.892433578573965e-08,0.0,-1.7330307849456625e-07,0.0,-8.04645398157282e-08,0.0,-1.42376742926831e-07,0.0,-1.6716397751268156e-07,0.0,2.928262430589223e-06,0.0,-1.4566011786718924e-06,0.0,-1.385825600461704e-07,0.0,-1.1948426566729406e-07,0.0,-1.430354052116301e-07,0.0,-1.3279339349148598e-07,0.0,-1.1948426566729393e-07,0.0,-1.3858256004617048e-07,0.0,-1.4566011786718934e-06,0.0,2.9282624305892222e-06,0.0,-1.671639775126818e-07,0.0,-1.4237674292683094e-07,0.0,-1.3279339349148585e-07,0.0,-1.430354052116297e-07,0.0,-4.892433578573982e-08,0.0,-5.374477850775514e-08,0.0,-1.3858256004617008e-07,0.0,-1.6716397751268164e-07,0.0,2.900201491122767e-06,0.0,-1.491340465820915e-06,0.0,-8.046453981572832e-08,0.0,-1.7330307849456585e-07,0.0,-4.481372874075591e-08,0.0,-4.8924335785739585e-08,0.0,-1.1948426566729403e-07,0.0,-1.4237674292683112e-07,0.0,-1.4913404658209146e-06,0.0,2.8857734803345402e-06,0.0,-7.655161932213386e-08,0.0,-1.7174321995786184e-07,0.0,-1.7174321995786142e-07,0.0,-1.733030784945662e-07,0.0,-1.4303540521162988e-07,0.0,-1.327933934914858e-07,0.0,-8.046453981572838e-08,0.0,-7.655161932213387e-08,0.0,1.8065590528387052e-06,0.0,-2.3252846251236172e-07,0.0,-7.655161932213389e-08,0.0,-8.04645398157283e-08,0.0,-1.3279339349148577e-07,0.0,-1.430354052116296e-07,0.0,-1.7330307849456654e-07,0.0,-1.7174321995786158e-07,0.0,-2.3252846251236172e-07,0.0,1.8065590528387046e-06
285548.49028289574,0.0,3.0044310248755135e-06,0.0,-1.5526615635975783e-06,0.0,-1.4823100516555703e-07,0.0,-1.2439723256229763e-07,0.0,-5.093601188997803e-08,0.0,-4.6656384462121755e-08,0.0,-1.788049761596675e-07,0.0,-7.969927704416232e-08,0.0,-1.5526615635975783e-06,0.0,3.0194522881641196e-06,0.0,-1.7403744393079363e-07,0.0,-1.4428081266486657e-07,0.0,-5.595466209462961e-08,0.0,-5.0936011889978e-08,0.0,-1.8042897312756188e-07,0.0,-8.377308942373393e-08,0.0,-1.4823100516555737e-07,0.0,-1.740374439307937e-07,0.0,3.048667040359574e-06,0.0,-1.516493862700807e-06,0.0,-1.4428081266486668e-07,0.0,-1.2439723256229755e-07,0.0,-1.4891675039706951e-07,0.0,-1.3825360653673708e-07,0.0,-1.2439723256229728e-07,0.0,-1.4428081266486657e-07,0.0,-1.5164938627008073e-06,0.0,3.048667040359574e-06,0.0,-1.740374439307936e-07,0.0,-1.4823100516555703e-07,0.0,-1.382536065367371e-07,0.0,-1.489167503970697e-07,0.0,-5.093601188997801e-08,0.0,-5.595466209462967e-08,0.0,-1.442808126648666e-07,0.0,-1.7403744393079376e-07,0.0,3.0194522881641205e-06,0.0,-1.5526615635975781e-06,0.0,-8.377308942373407e-08,0.0,-1.8042897312756193e-07,0.0,-4.665638446212173e-08,0.0,-5.0936011889977995e-08,0.0,-1.2439723256229747e-07,0.0,-1.482310051655569e-07,0.0,-1.5526615635975786e-06,0.0,3.0044310248755143e-06,0.0,-7.969927704416225e-08,0.0,-1.788049761596677e-07,0.0,-1.7880497615966765e-07,0.0,-1.8042897312756196e-07,0.0,-1.4891675039706967e-07,0.0,-1.3825360653673727e-07,0.0,-8.377308942373397e-08,0.0,-7.969927704416232e-08,0.0,1.8808413424012438e-06,0.0,-2.4208959285943464e-07,0.0,-7.96992770441623e-08,0.0,-8.377308942373399e-08,0.0,-1.3825360653673734e-07,0.0,-1.489167503970695e-07,0.0,-1.8042897312756204e-07,0.0,-1.788049761596678e-07,0.0,-2.420895928594345e-07,0.0,1.8808413424012443e-06
297289.70383802993,0.0,3.127967543103245e-06,0.0,-1.6165040688722057e-06,0.0,-1.5432598358907049e-07,0.0,-1.2951221135883992e-07,0.0,-5.303040430877367e-08,0.0,-4.857480669975124e-08,0.0,-1.861570984129896e-07,0.0,-8.297636049516643e-08,0.0,-1.616504068872206e-06,0.0,3.14360645231239e-06,0.0,-1.811935342808311e-07,0.0,-1.5021336664800326e-07,0.0,-5.82554119126642e-08,0.0,-5.3030404308773674e-08,0.0,-1.8784787106298956e-07,0.0,-8.72176803305989e-08,0.0,-1.5432598358907049e-07,0.0,-1.8119353428083113e-07,0.0,3.1740224598328094e-06,0.0,-1.5788492205574744e-06,0.0,-1.5021336664800331e-07,0.0,-1.2951221135883968e-07,0.0,-1.5503992536681372e-07,0.0,-1.4393833320962953e-07,0.0,-1.2951221135883968e-07,0.0,-1.5021336664800313e-07,0.0,-1.5788492205574737e-06,0.0,3.1740224598328103e-06,0.0,-1.8119353428083087e-07,0.0,-1.5432598358907043e-07,0.0,-1.4393833320962971e-07,0.0,-1.5503992536681438e-07,0.0,-5.3030404308773455e-08,0.0,-5.825541191266423e-08,0.0,-1.502133666480036e-07,0.0,-1.811935342808312e-07,0.0,3.143606452312388e-06,0.0,-1.6165040688722034e-06,0.0,-8.721768033059881e-08,0.0,-1.8784787106299015e-07,0.0,-4.857480669975154e-08,0.0,-5.303040430877372e-08,0.0,-1.2951221135883966e-07,0.0,-1.5432598358907022e-07,0.0,-1.6165040688722047e-06,0.0,3.127967543103244e-06,0.0,-8.297636049516656e-08,0.0,-1.8615709841298926e-07,0.0,-1.8615709841298976e-07,0.0,-1.8784787106298972e-07,0.0,-1.550399253668142e-07,0.0,-1.4393833320962985e-07,0.0,-8.721768033059872e-08,0.0,-8.29763604951666e-08,0.0,1.9581779791405245e-06,0.0,-2.520438587931193e-07,0.0,-8.297636049516654e-08,0.0,-8.721768033059885e-08,0.0,-1.4393833320962998e-07,0.0,-1.5503992536681438e-07,0.0,-1.8784787106298938e-07,0.0,-1.861570984129895e-07,0.0,-2.5204385879311924e-07,0.0,1.9581779791405253e-06
309513.69387575274,0.0,3.2565836491828767e-06,0.0,-1.682971657149659e-06,0.0,-1.6067157599136346e-07,0.0,-1.3483750840402913e-07,0.0,-5.521091418045105e-08,0.0,-5.0572110829414496e-08,0.0,-1.9381152602038392e-07,0.0,-8.638819141619975e-08,0.0,-1.6829716571496595e-06,0.0,3.2728656007439967e-06,0.0,-1.886438695240435e-07,0.0,-1.563898560243001e-07,0.0,-6.065076420933107e-08,0.0,-5.521091418045112e-08,0.0,-1.9557182004217275e-07,0.0,-9.080390629709035e-08,0.0,-1.6067157599136312e-07,0.0,-1.8864386952404333e-07,0.0,3.3045322569351095e-06,0.0,-1.6437685127293817e-06,0.0,-1.5638985602430005e-07,0.0,-1.3483750840402907e-07,0.0,-1.6141487370396128e-07,0.0,-1.4985680508566759e-07,0.0,-1.3483750840402936e-07,0.0,-1.563898560243001e-07,0.0,-1.6437685127293815e-06,0.0,3.3045322569351095e-06,0.0,-1.8864386952404357e-07,0.0,-1.606715759913635e-07,0.0,-1.4985680508566753e-07,0.0,-1.6141487370396118e-07,0.0,-5.521091418045112e-08,0.0,-6.0650764209331e-08,0.0,-1.5638985602430005e-07,0.0,-1.886438695240433e-07,0.0,3.2728656007439945e-06,0.0,-1.6829716571496595e-06,0.0,-9.080390629709023e-08,0.0,-1.9557182004217283e-07,0.0,-5.057211082941446e-08,0.0,-5.5210914180451095e-08,0.0,-1.3483750840402915e-07,0.0,-1.606715759913636e-07,0.0,-1.6829716571496595e-06,0.0,3.256583649182875e-06,0.0,-8.638819141619988e-08,0.0,-1.938115260203835e-07,0.0,-1.9381152602038352e-07,0.0,-1.9557182004217277e-07,0.0,-1.6141487370396128e-07,0.0,-1.498568050856674e-07,0.0,-9.08039062970903e-08,0.0,-8.638819141619981e-08,0.0,2.03869455203248e-06,0.0,-2.6240742530477654e-07,0.0,-8.638819141619981e-08,0.0,-9.080390629709032e-08,0.0,-1.4985680508566732e-07,0.0,-1.6141487370396144e-07,0.0,-1.9557182004217256e-07,0.0,-1.9381152602038336e-07,0.0,-2.624074253047767e-07,0.0,2.038694552032479e-06
322240.3112514332,0.0,3.3904882061543842e-06,0.0,-1.7521722668753689e-06,0.0,-1.6727808714498782e-07,0.0,-1.4038177158624882e-07,0.0,-5.7481082491705885e-08,0.0,-5.265154032523777e-08,0.0,-2.0178068920593325e-07,0.0,-8.994031036823677e-08,0.0,-1.7521722668753684e-06,0.0,3.4074396407521127e-06,0.0,-1.9640054845361612e-07,0.0,-1.6282031095550588e-07,0.0,-6.314460885952811e-08,0.0,-5.748108249170588e-08,0.0,-2.0361336318675918e-07,0.0,-9.453759108883358e-08,0.0,-1.672780871449878e-07,0.0,-1.9640054845361617e-07,0.0,3.440408369920563e-06,0.0,-1.7113571633436431e-06,0.0,-1.628203109555058e-07,0.0,-1.4038177158624885e-07,0.0,-1.680519478529285e-07,0.0,-1.5601863332526953e-07,0.0,-1.403817715862489e-07,0.0,-1.6282031095550598e-07,0.0,-1.7113571633436442e-06,0.0,3.440408369920561e-06,0.0,-1.9640054845361625e-07,0.0,-1.6727808714498782e-07,0.0,-1.5601863332526958e-07,0.0,-1.680519478529286e-07,0.0,-5.748108249170588e-08,0.0,-6.314460885952812e-08,0.0,-1.6282031095550593e-07,0.0,-1.9640054845361617e-07,0.0,3.407439640752113e-06,0.0,-1.7521722668753693e-06,0.0,-9.453759108883367e-08,0.0,-2.0361336318675918e-07,0.0,-5.2651540325237755e-08,0.0,-5.7481082491705885e-08,0.0,-1.4038177158624896e-07,0.0,-1.672780871449876e-07,0.0,-1.7521722668753689e-06,0.0,3.3904882061543842e-06,0.0,-8.99403103682367e-08,0.0,-2.0178068920593317e-07,0.0,-2.0178068920593317e-07,0.0,-2.0361336318675918e-07,0.0,-1.6805194785292866e-07,0.0,-1.5601863332526955e-07,0.0,-9.453759108883369e-08,0.0,-8.994031036823672e-08,0.0,2.1225218140340653e-06,0.0,-2.7319712205962167e-07,0.0,-8.994031036823672e-08,0.0,-9.45375910888337e-08,0.0,-1.5601863332526955e-07,0.0,-1.6805194785292853e-07,0.0,-2.0361336318675926e-07,0.0,-2.017806892059333e-07,0.0,-2.731971220596216e-07,0.0,2.1225218140340653e-06
335490.223050048,0.0,3.529898665110703e-06,0.0,-1.8242182747193807e-06,0.0,-1.7415624553524176e-07,0.0,-1.4615400437868732e-07,0.0,-5.984459582790588e-08,0.0,-5.481647202686554e-08,0.0,-2.1007752930101422e-07,0.0,-9.363848572963437e-08,0.0,-1.82421827471938e-06,0.0,3.54754711062059e-06,0.0,-2.0447616734221484e-07,0.0,-1.6951517402463989e-07,0.0,-6.574099568244787e-08,0.0,-5.984459582790582e-08,0.0,-2.1198555936782238e-07,0.0,-9.842479793367554e-08,0.0,-1.741562455352418e-07,0.0,-2.0447616734221492e-07,0.0,3.581871451543193e-06,0.0,-1.7817249313679798e-06,0.0,-1.6951517402464e-07,0.0,-1.4615400437868732e-07,0.0,-1.7496192593105705e-07,0.0,-1.6243382428158423e-07,0.0,-1.4615400437868727e-07,0.0,-1.6951517402463989e-07,0.0,-1.7817249313679805e-06,0.0,3.581871451543193e-06,0.0,-2.0447616734221484e-07,0.0,-1.7415624553524168e-07,0.0,-1.6243382428158425e-07,0.0,-1.7496192593105715e-07,0.0,-5.98445958279059e-08,0.0,-6.574099568244784e-08,0.0,-1.6951517402464e-07,0.0,-2.044761673422149e-07,0.0,3.54754711062059e-06,0.0,-1.8242182747193805e-06,0.0,-9.842479793367554e-08,0.0,-2.119855593678224e-07,0.0,-5.481647202686543e-08,0.0,-5.984459582790594e-08,0.0,-1.461540043786874e-07,0.0,-1.741562455352416e-07,0.0,-1.8242182747193805e-06,0.0,3.529898665110703e-06,0.0,-9.36384857296344e-08,0.0,-2.1007752930101425e-07,0.0,-2.1007752930101444e-07,0.0,-2.119855593678224e-07,0.0,-1.7496192593105713e-07,0.0,-1.6243382428158423e-07,0.0,-9.842479793367563e-08,0.0,-9.36384857296344e-08,0.0,2.209795894416403e-06,0.0,-2.844304707268558e-07,0.0,-9.36384857296344e-08,0.0,-9.842479793367558e-08,0.0,-1.6243382428158433e-07,0.0,-1.7496192593105705e-07,0.0,-2.1198555936782238e-07,0.0,-2.1007752930101436e-07,0.0,-2.844304707268558e-07,0.0,2.2097958944164032e-06
349284.946147998,0.0,3.675041418322207e-06,0.0,-1.8992266780677545e-06,0.0,-1.813172207824366e-07,0.0,-1.521635804603122e-07,0.0,-6.230529235983296e-08,0.0,-5.707042162319797e-08,0.0,-2.1871551976005859e-07,0.0,-9.748872306355203e-08,0.0,-1.8992266780677543e-06,0.0,3.6934155345139545e-06,0.0,-2.128838403974e-07,0.0,-1.7648531719397424e-07,0.0,-6.844414101818423e-08,0.0,-6.23052923598329e-08,0.0,-2.2070200441250235e-07,0.0,-1.0247183936791791e-07,0.0,-1.8131722078243659e-07,0.0,-2.128838403974e-07,0.0,3.7291512273807142e-06,0.0,-1.8549860888511554e-06,0.0,-1.7648531719397416e-07,0.0,-1.5216358046031222e-07,0.0,-1.8215602923147693e-07,0.0,-1.6911279575006513e-07,0.0,-1.521635804603122e-07,0.0,-1.7648531719397414e-07,0.0,-1.8549860888511563e-06,0.0,3.729151227380713e-06,0.0,-2.128838403974e-07,0.0,-1.813172207824364e-07,0.0,-1.691127957500651e-07,0.0,-1.8215602923147698e-07,0.0,-6.230529235983293e-08,0.0,-6.844414101818423e-08,0.0,-1.7648531719397432e-07,0.0,-2.1288384039739995e-07,0.0,3.6934155345139536e-06,0.0,-1.8992266780677545e-06,0.0,-1.0247183936791783e-07,0.0,-2.207020044125024e-07,0.0,-5.707042162319789e-08,0.0,-6.230529235983298e-08,0.0,-1.521635804603122e-07,0.0,-1.813172207824365e-07,0.0,-1.8992266780677545e-06,0.0,3.6750414183222067e-06,0.0,-9.748872306355203e-08,0.0,-2.1871551976005859e-07,0.0,-2.1871551976005872e-07,0.0,-2.207020044125023e-07,0.0,-1.8215602923147698e-07,0.0,-1.6911279575006502e-07,0.0,-1.0247183936791787e-07,0.0,-9.7488723063552e-08,0.0,2.3006585198286297e-06,0.0,-2.961257134335597e-07,0.0,-9.748872306355204e-08,0.0,-1.0247183936791788e-07,0.0,-1.6911279575006513e-07,0.0,-1.82156029231477e-07,0.0,-2.207020044125023e-07,0.0,-2.187155197600587e-07,0.0,-2.9612571343355964e-07,0.0,2.30065851982863e-06
363646.88215492363,0.0,3.826152166881009e-06,0.0,-1.9773192850176616e-06,0.0,-1.8877264178053354e-07,0.0,-1.5842025893803194e-07,0.0,-6.486716807658822e-08,0.0,-5.941704936160989e-08,0.0,-2.277086880404473e-07,0.0,-1.0149727487054108e-07,0.0,-1.9773192850176616e-06,0.0,3.845281791959812e-06,0.0,-2.2163722105813012e-07,0.0,-1.8374205946029523e-07,0.0,-7.125843457475693e-08,0.0,-6.486716807658818e-08,0.0,-2.297768531826223e-07,0.0,-1.0668528748740948e-07,0.0,-1.8877264178053362e-07,0.0,-2.2163722105813015e-07,0.0,3.882486868891863e-06,0.0,-1.9312596064923348e-06,0.0,-1.837420594602952e-07,0.0,-1.5842025893803194e-07,0.0,-1.89645940445657e-07,0.0,-1.7606639388620015e-07,0.0,-1.5842025893803194e-07,0.0,-1.8374205946029518e-07,0.0,-1.931259606492335e-06,0.0,3.882486868891861e-06,0.0,-2.2163722105813001e-07,0.0,-1.8877264178053346e-07,0.0,-1.7606639388620005e-07,0.0,-1.8964594044565696e-07,0.0,-6.486716807658812e-08,0.0,-7.125843457475699e-08,0.0,-1.8374205946029523e-07,0.0,-2.2163722105813012e-07,0.0,3.845281791959812e-06,0.0,-1.9773192850176616e-06,0.0,-1.0668528748740944e-07,0.0,-2.2977685318262232e-07,0.0,-5.941704936160996e-08,0.0,-6.486716807658818e-08,0.0,-1.5842025893803202e-07,0.0,-1.8877264178053344e-07,0.0,-1.977319285017661e-06,0.0,3.826152166881008e-06,0.0,-1.0149727487054106e-07,0.0,-2.2770868804044733e-07,0.0,-2.277086880404473e-07,0.0,-2.297768531826223e-07,0.0,-1.89645940445657e-07,0.0,-1.760663938862e-07,0.0,-1.066852874874094e-07,0.0,-1.0149727487054109e-07,0.0,2.395257244451496e-06,0.0,-3.0830184238855893e-07,0.0,-1.0149727487054113e-07,0.0,-1.0668528748740945e-07,0.0,-1.7606639388620007e-07,0.0,-1.8964594044565706e-07,0.0,-2.297768531826223e-07,0.0,-2.277086880404473e-07,0.0,-3.08301842388559e-07,0.0,2.3952572444514966e-06
378599.3537922616,0.0,3.983476303462096e-06,0.0,-2.0586229121847224e-06,0.0,-1.9653461558160762e-07,0.0,-1.6493420019476329e-07,0.0,-6.75343832747826e-08,0.0,-6.186016599192184e-08,0.0,-2.370716383820638e-07,0.0,-1.0567065074214361e-07,0.0,-2.0586229121847224e-06,0.0,4.003392502523683e-06,0.0,-2.3075052416693626e-07,0.0,-1.9129718523611759e-07,0.0,-7.418844655667248e-08,0.0,-6.753438327478258e-08,0.0,-2.392248425611376e-07,0.0,-1.1107198462014372e-07,0.0,-1.9653461558160767e-07,0.0,-2.3075052416693626e-07,0.0,4.04212738181316e-06,0.0,-2.0106693468406947e-06,0.0,-1.9129718523611764e-07,0.0,-1.6493420019476329e-07,0.0,-1.9744382263523092e-07,0.0,-1.8330591081886604e-07,0.0,-1.6493420019476323e-07,0.0,-1.9129718523611764e-07,0.0,-2.010669346840695e-06,0.0,4.042127381813158e-06,0.0,-2.30750524166936e-07,0.0,-1.965346155816076e-07,0.0,-1.833059108188661e-07,0.0,-1.9744382263523092e-07,0.0,-6.753438327478257e-08,0.0,-7.418844655667248e-08,0.0,-1.9129718523611772e-07,0.0,-2.3075052416693626e-07,0.0,4.003392502523684e-06,0.0,-2.0586229121847224e-06,0.0,-1.1107198462014367e-07,0.0,-2.392248425611376e-07,0.0,-6.186016599192188e-08,0.0,-6.753438327478265e-08,0.0,-1.6493420019476342e-07,0.0,-1.965346155816075e-07,0.0,-2.0586229121847224e-06,0.0,3.983476303462096e-06,0.0,-1.0567065074214361e-07,0.0,-2.3707163838206385e-07,0.0,-2.3707163838206393e-07,0.0,-2.3922484256113766e-07,0.0,-1.97443822635231e-07,0.0,-1.8330591081886604e-07,0.0,-1.1107198462014366e-07,0.0,-1.0567065074214365e-07,0.0,2.4937456896144364e-06,0.0,-3.209786307243655e-07,0.0,-1.0567065074214371e-07,0.0,-1.1107198462014366e-07,0.0,-1.8330591081886617e-07,0.0,-1.9744382263523098e-07,0.0,-2.392248425611376e-07,0.0,-2.3707163838206388e-07,0.0,-3.209786307243656e-07,0.0,2.493745689614437e-06
394166.6427676185,0.0,4.147269310822871e-06,0.0,-2.143269590643806e-06,0.0,-2.0461574705680382e-07,0.0,-1.717159823891409e-07,0.0,-7.031126931455095e-08,0.0,-6.440373895477543e-08,0.0,-2.4681957552349895e-07,0.0,-1.1001562793198737e-07,0.0,-2.143269590643806e-06,0.0,4.1680044263009215e-06,0.0,-2.402385490537743e-07,0.0,-1.9916296348669806e-07,0.0,-7.72389350865981e-08,0.0,-7.031126931455086e-08,0.0,-2.4906131538374286e-07,0.0,-1.156390544376927e-07,0.0,-2.0461574705680382e-07,0.0,-2.402385490537743e-07,0.0,4.208332010525799e-06,0.0,-2.09334426543904e-06,0.0,-1.9916296348669814e-07,0.0,-1.7171598238914106e-07,0.0,-2.055623389839099e-07,0.0,-1.9084310298791044e-07,0.0,-1.717159823891409e-07,0.0,-1.991629634866982e-07,0.0,-2.09334426543904e-06,0.0,4.208332010525799e-06,0.0,-2.4023854905377417e-07,0.0,-2.046157470568036e-07,0.0,-1.908431029879105e-07,0.0,-2.0556233898390988e-07,0.0,-7.031126931455098e-08,0.0,-7.723893508659804e-08,0.0,-1.9916296348669843e-07,0.0,-2.4023854905377417e-07,0.0,4.1680044263009215e-06,0.0,-2.143269590643806e-06,0.0,-1.1563905443769262e-07,0.0,-2.490613153837429e-07,0.0,-6.440373895477527e-08,0.0,-7.031126931455105e-08,0.0,-1.717159823891409e-07,0.0,-2.0461574705680374e-07,0.0,-2.143269590643806e-06,0.0,4.147269310822872e-06,0.0,-1.1001562793198737e-07,0.0,-2.4681957552349895e-07,0.0,-2.46819575523499e-07,0.0,-2.4906131538374286e-07,0.0,-2.0556233898390996e-07,0.0,-1.9084310298791044e-07,0.0,-1.156390544376926e-07,0.0,-1.1001562793198743e-07,0.0,2.596283793265241e-06,0.0,-3.3417666460728203e-07,0.0,-1.1001562793198747e-07,0.0,-1.156390544376926e-07,0.0,-1.9084310298791052e-07,0.0,-2.055623389839099e-07,0.0,-2.4906131538374286e-07,0.0,-2.4681957552349905e-07,0.0,-3.34176664607282e-07,0.0,2.596283793265241e-06
410374.0292064678,0.0,4.317797176688259e-06,0.0,-2.231396780337728e-06,0.0,-2.130291593657155e-07,0.0,-1.787766186336651e-07,0.0,-7.320233565336026e-08,0.0,-6.705189882446325e-08,0.0,-2.5696832939342126e-07,0.0,-1.1453926236154397e-07,0.0,-2.2313967803377282e-06,0.0,4.339384880876117e-06,0.0,-2.501167035690421e-07,0.0,-2.0735216765392742e-07,0.0,-8.041485393220098e-08,0.0,-7.320233565336021e-08,0.0,-2.5930224535450207e-07,0.0,-1.2039391352352302e-07,0.0,-2.1302915936571544e-07,0.0,-2.501167035690422e-07,0.0,4.3813706590493436e-06,0.0,-2.179418620238062e-06,0.0,-2.0735216765392734e-07,0.0,-1.78776618633665e-07,0.0,-2.1401467336155568e-07,0.0,-1.9869021023573936e-07,0.0,-1.787766186336651e-07,0.0,-2.073521676539274e-07,0.0,-2.1794186202380625e-06,0.0,4.381370659049342e-06,0.0,-2.5011670356904205e-07,0.0,-2.130291593657153e-07,0.0,-1.9869021023573936e-07,0.0,-2.140146733615557e-07,0.0,-7.320233565336025e-08,0.0,-8.041485393220096e-08,0.0,-2.0735216765392758e-07,0.0,-2.501167035690421e-07,0.0,4.339384880876117e-06,0.0,-2.231396780337728e-06,0.0,-1.2039391352352286e-07,0.0,-2.5930224535450207e-07,0.0,-6.705189882446325e-08,0.0,-7.320233565336029e-08,0.0,-1.7877661863366506e-07,0.0,-2.1302915936571536e-07,0.0,-2.2313967803377282e-06,0.0,4.317797176688259e-06,0.0,-1.1453926236154409e-07,0.0,-2.569683293934211e-07,0.0,-2.569683293934211e-07,0.0,-2.59302245354502e-07,0.0,-2.1401467336155575e-07,0.0,-1.9869021023573936e-07,0.0,-1.203939135235228e-07,0.0,-1.1453926236154414e-07,0.0,2.703038069697453e-06,0.0,-3.479173766678129e-07,0.0,-1.1453926236154418e-07,0.0,-1.2039391352352286e-07,0.0,-1.9869021023573942e-07,0.0,-2.1401467336155568e-07,0.0,-2.59302245354502e-07,0.0,-2.56968329393421e-07,0.0,-3.4791737666781286e-07,0.0,2.703038069697453e-06
427247.8327052035,0.0,4.4953368256950854e-06,0.0,-2.3231475933020303e-06,0.0,-2.2178851526742483e-07,0.0,-1.8612757487918102e-07,0.0,-7.621227716903507e-08,0.0,-6.980894601667688e-08,0.0,-2.6753438081720994e-07,0.0,-1.192489000784242e-07,0.0,-2.3231475933020316e-06,0.0,4.517812175427081e-06,0.0,-2.604010291047894e-07,0.0,-2.158780963994547e-07,0.0,-8.372136055070048e-08,0.0,-7.621227716903513e-08,0.0,-2.699642629859625e-07,0.0,-1.2534428341697826e-07,0.0,-2.2178851526742483e-07,0.0,-2.6040102910478947e-07,0.0,4.561524329345884e-06,0.0,-2.2690321896213232e-06,0.0,-2.1587809639945486e-07,0.0,-1.8612757487918118e-07,0.0,-2.2281455173381033e-07,0.0,-2.068599756839168e-07,0.0,-1.8612757487918105e-07,0.0,-2.1587809639945462e-07,0.0,-2.269032189621325e-06,0.0,4.56152432934588e-06,0.0,-2.604010291047891e-07,0.0,-2.2178851526742475e-07,0.0,-2.0685997568391674e-07,0.0,-2.228145517338105e-07,0.0,-7.621227716903505e-08,0.0,-8.372136055070057e-08,0.0,-2.1587809639945478e-07,0.0,-2.604010291047893e-07,0.0,4.517812175427081e-06,0.0,-2.3231475933020316e-06,0.0,-1.253442834169783e-07,0.0,-2.699642629859625e-07,0.0,-6.980894601667684e-08,0.0,-7.621227716903499e-08,0.0,-1.8612757487918116e-07,0.0,-2.2178851526742457e-07,0.0,-2.3231475933020316e-06,0.0,4.495336825695085e-06,0.0,-1.192489000784242e-07,0.0,-2.6753438081720994e-07,0.0,-2.6753438081721e-07,0.0,-2.6996426298596246e-07,0.0,-2.2281455173381046e-07,0.0,-2.068599756839168e-07,0.0,-1.2534428341697842e-07,0.0,-1.192489000784242e-07,0.0,2.8141818799572613e-06,0.0,-3.622230808056705e-07,0.0,-1.1924890007842426e-07,0.0,-1.253442834169783e-07,0.0,-2.0685997568391667e-07,0.0,-2.2281455173381033e-07,0.0,-2.6996426298596246e-07,0.0,-2.675343808172101e-07,0.0,-3.622230808056704e-07,0.0,2.8141818799572613e-06
444815.45507221454,0.0,4.680176569097176e-06,0.0,-2.418671026068325e-06,0.0,-2.3090803930781135e-07,0.0,-1.937807885347342e-07,0.0,-7.934598178389122e-08,0.0,-7.267935777206251e-08,0.0,-2.785348882805952e-07,0.0,-1.241521891858138e-07,0.0,-2.418671026068326e-06,0.0,4.7035760626783226e-06,0.0,-2.7110822664474864e-07,0.0,-2.247545952007291e-07,0.0,-8.716382446419656e-08,0.0,-7.934598178389134e-08,0.0,-2.810646826058749e-07,0.0,-1.3049820315248777e-07,0.0,-2.3090803930781135e-07,0.0,-2.711082266447486e-07,0.0,4.7490855776464095e-06,0.0,-2.362330499394994e-06,0.0,-2.2475459520072938e-07,0.0,-1.9378078853473458e-07,0.0,-2.319762644520472e-07,0.0,-2.1536566642704943e-07,0.0,-1.9378078853473426e-07,0.0,-2.2475459520072896e-07,0.0,-2.3623304993949956e-06,0.0,4.7490855776464035e-06,0.0,-2.7110822664474805e-07,0.0,-2.3090803930781135e-07,0.0,-2.153656664270493e-07,0.0,-2.3197626445204747e-07,0.0,-7.934598178389118e-08,0.0,-8.716382446419668e-08,0.0,-2.247545952007292e-07,0.0,-2.7110822664474837e-07,0.0,4.703576062678326e-06,0.0,-2.4186710260683267e-06,0.0,-1.3049820315248793e-07,0.0,-2.810646826058747e-07,0.0,-7.267935777206238e-08,0.0,-7.934598178389113e-08,0.0,-1.937807885347345e-07,0.0,-2.3090803930781117e-07,0.0,-2.418671026068326e-06,0.0,4.680176569097176e-06,0.0,-1.2415218918581379e-07,0.0,-2.785348882805953e-07,0.0,-2.7853488828059554e-07,0.0,-2.810646826058747e-07,0.0,-2.3197626445204742e-07,0.0,-2.1536566642704943e-07,0.0,-1.304982031524882e-07,0.0,-1.2415218918581365e-07,0.0,2.929895713368995e-06,0.0,-3.771170084258956e-07,0.0,-1.241521891858137e-07,0.0,-1.3049820315248796e-07,0.0,-2.153656664270493e-07,0.0,-2.3197626445204723e-07,0.0,-2.810646826058747e-07,0.0,-2.7853488828059575e-07,0.0,-3.771170084258953e-07,0.0,2.9298957133689956e-06
463105.42482639855,0.0,4.872616572961546e-06,0.0,-2.518122201623657e-06,0.0,-2.404025409191642e-07,0.0,-2.017486878530413e-07,0.0,-8.260853840236078e-08,0.0,-7.566779542692938e-08,0.0,-2.8998771579377177e-07,0.0,-1.2925709226242914e-07,0.0,-2.518122201623657e-06,0.0,4.896978209438095e-06,0.0,-2.822556838855e-07,0.0,-2.339960788350329e-07,0.0,-9.074783597937728e-08,0.0,-8.26085384023608e-08,0.0,-2.92621530474383e-07,0.0,-1.3586404231436444e-07,0.0,-2.4040254091916427e-07,0.0,-2.8225568388549994e-07,0.0,4.944358989540522e-06,0.0,-2.459465059111017e-06,0.0,-2.339960788350328e-07,0.0,-2.017486878530412e-07,0.0,-2.415146894598468e-07,0.0,-2.2422109507756911e-07,0.0,-2.0174868785304118e-07,0.0,-2.339960788350328e-07,0.0,-2.4594650591110163e-06,0.0,4.944358989540523e-06,0.0,-2.8225568388549973e-07,0.0,-2.404025409191641e-07,0.0,-2.2422109507756903e-07,0.0,-2.415146894598468e-07,0.0,-8.26085384023607e-08,0.0,-9.074783597937724e-08,0.0,-2.339960788350329e-07,0.0,-2.822556838854998e-07,0.0,4.896978209438095e-06,0.0,-2.5181222016236564e-06,0.0,-1.3586404231436434e-07,0.0,-2.926215304743829e-07,0.0,-7.566779542692939e-08,0.0,-8.26085384023609e-08,0.0,-2.0174868785304118e-07,0.0,-2.4040254091916427e-07,0.0,-2.5181222016236564e-06,0.0,4.872616572961545e-06,0.0,-1.292570922624292e-07,0.0,-2.899877157937719e-07,0.0,-2.8998771579377193e-07,0.0,-2.9262153047438284e-07,0.0,-2.4151468945984684e-07,0.0,-2.2422109507756911e-07,0.0,-1.358640423143643e-07,0.0,-1.2925709226242917e-07,0.0,3.0503674806364625e-06,0.0,-3.926233461649434e-07,0.0,-1.2925709226242917e-07,0.0,-1.358640423143644e-07,0.0,-2.2422109507756906e-07,0.0,-2.415146894598468e-07,0.0,-2.9262153047438284e-07,0.0,-2.899877157937719e-07,0.0,-3.9262334616494325e-07,0.0,3.0503674806364625e-06
482147.44352536264,0.0,5.072969345615844e-06,0.0,-2.621662621318739e-06,0.0,-2.5028743846960266e-07,0.0,-2.1004421211305015e-07,0.0,-8.600524517499575e-08,0.0,-7.877911198291467e-08,0.0,-3.019114619012265e-07,0.0,-1.345718992931556e-07,0.0,-2.621662621318739e-06,0.0,5.098332686482918e-06,0.0,-2.938615034728031e-07,0.0,-2.4361755478801114e-07,0.0,-9.447921526576243e-08,0.0,-8.600524517499577e-08,0.0,-3.046535740573349e-07,0.0,-1.414505146283884e-07,0.0,-2.502874384696027e-07,0.0,-2.9386150347280306e-07,0.0,5.147661674600873e-06,0.0,-2.5605936081073866e-06,0.0,-2.436175547880109e-07,0.0,-2.1004421211305002e-07,0.0,-2.5144531645367407e-07,0.0,-2.3344064219639163e-07,0.0,-2.1004421211305002e-07,0.0,-2.436175547880111e-07,0.0,-2.5605936081073853e-06,0.0,5.147661674600877e-06,0.0,-2.938615034728031e-07,0.0,-2.5028743846960234e-07,0.0,-2.3344064219639158e-07,0.0,-2.5144531645367396e-07,0.0,-8.60052451749957e-08,0.0,-9.447921526576238e-08,0.0,-2.4361755478801114e-07,0.0,-2.93861503472803e-07,0.0,5.0983326864829165e-06,0.0,-2.621662621318738e-06,0.0,-1.4145051462838833e-07,0.0,-3.0465357405733477e-07,0.0,-7.877911198291474e-08,0.0,-8.600524517499593e-08,0.0,-2.1004421211304997e-07,0.0,-2.5028743846960277e-07,0.0,-2.6216626213187386e-06,0.0,5.072969345615844e-06,0.0,-1.3457189929315556e-07,0.0,-3.019114619012266e-07,0.0,-3.0191146190122647e-07,0.0,-3.0465357405733477e-07,0.0,-2.514453164536741e-07,0.0,-2.3344064219639153e-07,0.0,-1.414505146283882e-07,0.0,-1.3457189929315564e-07,0.0,3.1757928189960067e-06,0.0,-4.0876727516798907e-07,0.0,-1.3457189929315556e-07,0.0,-1.4145051462838836e-07,0.0,-2.3344064219639163e-07,0.0,-2.5144531645367407e-07,0.0,-3.0465357405733477e-07,0.0,-3.0191146190122637e-07,0.0,-4.0876727516798907e-07,0.0,3.1757928189960067e-06
501972.43399855646,0.0,5.281560245138779e-06,0.0,-2.729460427134208e-06,0.0,-2.605787843013657e-07,0.0,-2.186808326323739e-07,0.0,-8.954161810227284e-08,0.0,-8.20183599878992e-08,0.0,-3.143254898844009e-07,0.0,-1.4010524113136882e-07,0.0,-2.729460427134209e-06,0.0,5.307966478585311e-06,0.0,-3.05944532398954e-07,0.0,-2.5363464762471946e-07,0.0,-9.836402180722878e-08,0.0,-8.954161810227298e-08,0.0,-3.171803525032592e-07,0.0,-1.472666921122551e-07,0.0,-2.6057878430136575e-07,0.0,-3.0594453239895403e-07,0.0,5.359323781345652e-06,0.0,-2.66588037166518e-06,0.0,-2.536346476247192e-07,0.0,-2.18680832632374e-07,0.0,-2.617842720370009e-07,0.0,-2.430392796458844e-07,0.0,-2.186808326323739e-07,0.0,-2.5363464762471925e-07,0.0,-2.66588037166518e-06,0.0,5.359323781345652e-06,0.0,-3.05944532398954e-07,0.0,-2.6057878430136554e-07,0.0,-2.430392796458844e-07,0.0,-2.617842720370009e-07,0.0,-8.954161810227293e-08,0.0,-9.83640218072288e-08,0.0,-2.536346476247193e-07,0.0,-3.0594453239895403e-07,0.0,5.3079664785853095e-06,0.0,-2.7294604271342086e-06,0.0,-1.472666921122552e-07,0.0,-3.1718035250325916e-07,0.0,-8.201835998789932e-08,0.0,-8.954161810227286e-08,0.0,-2.1868083263237396e-07,0.0,-2.605787843013657e-07,0.0,-2.729460427134208e-06,0.0,5.281560245138778e-06,0.0,-1.4010524113136872e-07,0.0,-3.1432548988440095e-07,0.0,-3.143254898844008e-07,0.0,-3.1718035250325927e-07,0.0,-2.6178427203700093e-07,0.0,-2.4303927964588424e-07,0.0,-1.4726669211225512e-07,0.0,-1.401052411313688e-07,0.0,3.3063754099169134e-06,0.0,-4.255750119812456e-07,0.0,-1.4010524113136882e-07,0.0,-1.4726669211225522e-07,0.0,-2.4303927964588424e-07,0.0,-2.617842720370009e-07,0.0,-3.1718035250325927e-07,0.0,-3.1432548988440074e-07,0.0,-4.255750119812456e-07,0.0,3.306375409916913e-06
522612.5905636587,0.0,5.498728007717546e-06,0.0,-2.841690674730758e-06,0.0,-2.712932907986281e-07,0.0,-2.2767257464371316e-07,0.0,-9.322339999217014e-08,0.0,-8.539079974097145e-08,0.0,-3.2724995920622656e-07,0.0,-1.458661035148024e-07,0.0,-2.8416906747307587e-06,0.0,5.526220015512859e-06,0.0,-3.1852439260890644e-07,0.0,-2.640636243627603e-07,0.0,-1.0240856424216284e-07,0.0,-9.322339999217013e-08,0.0,-3.3022220837349687e-07,0.0,-1.5332201980785991e-07,0.0,-2.7129329079862826e-07,0.0,-3.185243926089066e-07,0.0,5.579689033375345e-06,0.0,-2.7754963276982557e-06,0.0,-2.640636243627602e-07,0.0,-2.2767257464371332e-07,0.0,-2.725483459087158e-07,0.0,-2.530325949030626e-07,0.0,-2.2767257464371335e-07,0.0,-2.640636243627602e-07,0.0,-2.775496327698257e-06,0.0,5.579689033375343e-06,0.0,-3.185243926089065e-07,0.0,-2.712932907986282e-07,0.0,-2.5303259490306266e-07,0.0,-2.7254834590871576e-07,0.0,-9.322339999217018e-08,0.0,-1.0240856424216288e-07,0.0,-2.640636243627602e-07,0.0,-3.185243926089065e-07,0.0,5.526220015512859e-06,0.0,-2.8416906747307583e-06,0.0,-1.5332201980786005e-07,0.0,-3.3022220837349687e-07,0.0,-8.539079974097145e-08,0.0,-9.322339999217012e-08,0.0,-2.2767257464371343e-07,0.0,-2.7129329079862804e-07,0.0,-2.8416906747307574e-06,0.0,5.498728007717545e-06,0.0,-1.4586610351480227e-07,0.0,-3.272499592062265e-07,0.0,-3.272499592062264e-07,0.0,-3.3022220837349697e-07,0.0,-2.7254834590871597e-07,0.0,-2.5303259490306245e-07,0.0,-1.5332201980786005e-07,0.0,-1.4586610351480235e-07,0.0,3.44232730986504e-06,0.0,-4.4307385112569445e-07,0.0,-1.458661035148024e-07,0.0,-1.533220198078601e-07,0.0,-2.530325949030625e-07,0.0,-2.7254834590871576e-07,0.0,-3.302222083734971e-07,0.0,-3.272499592062265e-07,0.0,-4.430738511256944e-07,0.0,3.4423273098650395e-06
544101.4313077674,0.0,5.724825297730347e-06,0.0,-2.958535617726578e-06,0.0,-2.824483575271759e-07,0.0,-2.3703404007079598e-07,0.0,-9.705656978606196e-08,0.0,-8.890190783476381e-08,0.0,-3.407058582486015e-07,0.0,-1.5186384165772124e-07,0.0,-2.9585356177265777e-06,0.0,5.753447724860969e-06,0.0,-3.316215128648585e-07,0.0,-2.7492142088871723e-07,0.0,-1.0661941060822366e-07,0.0,-9.70565697860617e-08,0.0,-3.438003206770152e-07,0.0,-1.5962633111934725e-07,0.0,-2.824483575271761e-07,0.0,-3.316215128648585e-07,0.0,5.809115287554438e-06,0.0,-2.889619484408736e-06,0.0,-2.749214208887173e-07,0.0,-2.370340400707962e-07,0.0,-2.837550181283535e-07,0.0,-2.6343681637249944e-07,0.0,-2.3703404007079638e-07,0.0,-2.749214208887173e-07,0.0,-2.8896194844087372e-06,0.0,5.809115287554436e-06,0.0,-3.316215128648583e-07,0.0,-2.8244835752717627e-07,0.0,-2.634368163724994e-07,0.0,-2.8375501812835337e-07,0.0,-9.705656978606188e-08,0.0,-1.0661941060822366e-07,0.0,-2.749214208887173e-07,0.0,-3.316215128648583e-07,0.0,5.75344772486097e-06,0.0,-2.9585356177265773e-06,0.0,-1.5962633111934735e-07,0.0,-3.438003206770152e-07,0.0,-8.890190783476363e-08,0.0,-9.705656978606203e-08,0.0,-2.3703404007079646e-07,0.0,-2.8244835752717596e-07,0.0,-2.958535617726577e-06,0.0,5.724825297730346e-06,0.0,-1.5186384165772116e-07,0.0,-3.4070585824860146e-07,0.0,-3.407058582486014e-07,0.0,-3.4380032067701527e-07,0.0,-2.8375501812835374e-07,0.0,-2.634368163724994e-07,0.0,-1.5962633111934735e-07,0.0,-1.518638416577211e-07,0.0,3.5838692946668304e-06,0.0,-4.612922094213682e-07,0.0,-1.5186384165772113e-07,0.0,-1.5962633111934746e-07,0.0,-2.634368163724995e-07,0.0,-2.837550181283534e-07,0.0,-3.4380032067701537e-07,0.0,-3.4070585824860157e-07,0.0,-4.612922094213681e-07,0.0,3.5838692946668304e-06
566473.8525182931,0.0,5.960219280447237e-06,0.0,-3.0801850036637427e-06,0.0,-2.940620994900136e-07,0.0,-2.4678043124082207e-07,0.0,-1.0104735226807743e-07,0.0,-9.255738604903391e-08,0.0,-3.547150383959694e-07,0.0,-1.5810819544309714e-07,0.0,-3.080185003663741e-06,0.0,5.990018607617059e-06,0.0,-3.4525716192105053e-07,0.0,-2.8622566946078063e-07,0.0,-1.1100339900834964e-07,0.0,-1.0104735226807711e-07,0.0,-3.5793673926355125e-07,0.0,-1.661898637818313e-07,0.0,-2.940620994900138e-07,0.0,-3.452571619210505e-07,0.0,6.047975115144486e-06,0.0,-3.008435169359153e-06,0.0,-2.862256694607809e-07,0.0,-2.467804312408222e-07,0.0,-2.954224875024178e-07,0.0,-2.7426883974005364e-07,0.0,-2.467804312408223e-07,0.0,-2.862256694607809e-07,0.0,-3.0084351693591537e-06,0.0,6.047975115144484e-06,0.0,-3.452571619210501e-07,0.0,-2.9406209949001387e-07,0.0,-2.7426883974005343e-07,0.0,-2.9542248750241754e-07,0.0,-1.0104735226807719e-07,0.0,-1.1100339900834953e-07,0.0,-2.8622566946078095e-07,0.0,-3.4525716192105006e-07,0.0,5.99001860761706e-06,0.0,-3.0801850036637406e-06,0.0,-1.6618986378183138e-07,0.0,-3.579367392635513e-07,0.0,-9.255738604903372e-08,0.0,-1.0104735226807756e-07,0.0,-2.467804312408223e-07,0.0,-2.9406209949001377e-07,0.0,-3.0801850036637406e-06,0.0,5.9602192804472365e-06,0.0,-1.5810819544309712e-07,0.0,-3.547150383959696e-07,0.0,-3.547150383959698e-07,0.0,-3.5793673926355135e-07,0.0,-2.95422487502418e-07,0.0,-2.7426883974005375e-07,0.0,-1.661898637818314e-07,0.0,-1.5810819544309698e-07,0.0,3.7312312180329215e-06,0.0,-4.802596721341638e-07,0.0,-1.5810819544309696e-07,0.0,-1.6618986378183144e-07,0.0,-2.7426883974005385e-07,0.0,-2.9542248750241765e-07,0.0,-3.5793673926355125e-07,0.0,-3.5471503839596984e-07,0.0,-4.802596721341638e-07,0.0,3.731231218032922e-06
589766.1853519479,0.0,6.205292218279368e-06,0.0,-3.2068363821441845e-06,0.0,-3.061533765447892e-07,0.0,-2.5692757557191644e-07,0.0,-1.0520222817368969e-07,0.0,-9.636317060993299e-08,0.0,-3.693002495203518e-07,0.0,-1.6460930523945837e-07,0.0,-3.2068363821441824e-06,0.0,6.2363168373908615e-06,0.0,-3.594534830626488e-07,0.0,-2.9799472734223136e-07,0.0,-1.1556764871533147e-07,0.0,-1.0520222817368948e-07,0.0,-3.7265442063093704e-07,0.0,-1.730232764867208e-07,0.0,-3.061533765447893e-07,0.0,-3.594534830626488e-07,0.0,6.296656406832275e-06,0.0,-3.1321363304307018e-06,0.0,-2.9799472734223157e-07,0.0,-2.5692757557191644e-07,0.0,-3.0756970113789677e-07,0.0,-2.855462554102135e-07,0.0,-2.569275755719165e-07,0.0,-2.9799472734223157e-07,0.0,-3.1321363304307018e-06,0.0,6.296656406832275e-06,0.0,-3.594534830626485e-07,0.0,-3.061533765447893e-07,0.0,-2.8554625541021343e-07,0.0,-3.0756970113789667e-07,0.0,-1.052022281736894e-07,0.0,-1.1556764871533133e-07,0.0,-2.9799472734223173e-07,0.0,-3.594534830626486e-07,0.0,6.236316837390862e-06,0.0,-3.206836382144182e-06,0.0,-1.7302327648672085e-07,0.0,-3.7265442063093715e-07,0.0,-9.636317060993292e-08,0.0,-1.0520222817368983e-07,0.0,-2.569275755719165e-07,0.0,-3.061533765447893e-07,0.0,-3.2068363821441824e-06,0.0,6.205292218279368e-06,0.0,-1.6460930523945831e-07,0.0,-3.69300249520352e-07,0.0,-3.693002495203524e-07,0.0,-3.7265442063093715e-07,0.0,-3.0756970113789704e-07,0.0,-2.855462554102137e-07,0.0,-1.7302327648672088e-07,0.0,-1.646093052394582e-07,0.0,3.884652384823562e-06,0.0,-5.000070410201261e-07,0.0,-1.6460930523945813e-07,0.0,-1.730232764867208e-07,0.0,-2.8554625541021385e-07,0.0,-3.0756970113789677e-07,0.0,-3.7265442063093704e-07,0.0,-3.6930024952035225e-07,0.0,-5.00007041020126e-07,0.0,3.884652384823563e-06
614016.2548338557,0.0,6.46044209154485e-06,0.0,-3.3386954256356264e-06,0.0,-3.187418240308071e-07,0.0,-2.6749195127568625e-07,0.0,-1.0952794471395045e-07,0.0,-1.0032544182999819e-07,0.0,-3.844851769254559e-07,0.0,-1.7137772836809744e-07,0.0,-3.338695425635628e-06,0.0,6.492742384283942e-06,0.0,-3.742335300648028e-07,0.0,-3.102477066122772e-07,0.0,-1.2031957173298477e-07,0.0,-1.0952794471395054e-07,0.0,-3.879772652047531e-07,0.0,-1.801376661906447e-07,0.0,-3.1874182403080686e-07,0.0,-3.742335300648028e-07,0.0,6.555563002635598e-06,0.0,-3.260923849156323e-06,0.0,-3.102477066122771e-07,0.0,-2.6749195127568604e-07,0.0,-3.202163852109631e-07,0.0,-2.9728737707161224e-07,0.0,-2.674919512756861e-07,0.0,-3.102477066122769e-07,0.0,-3.260923849156323e-06,0.0,6.5555630026355955e-06,0.0,-3.7423353006480266e-07,0.0,-3.1874182403080686e-07,0.0,-2.972873770716124e-07,0.0,-3.2021638521096336e-07,0.0,-1.0952794471395032e-07,0.0,-1.203195717329847e-07,0.0,-3.102477066122774e-07,0.0,-3.7423353006480287e-07,0.0,6.492742384283943e-06,0.0,-3.3386954256356276e-06,0.0,-1.801376661906447e-07,0.0,-3.879772652047532e-07,0.0,-1.0032544182999842e-07,0.0,-1.095279447139504e-07,0.0,-2.6749195127568604e-07,0.0,-3.1874182403080675e-07,0.0,-3.338695425635628e-06,0.0,6.46044209154485e-06,0.0,-1.7137772836809744e-07,0.0,-3.844851769254559e-07,0.0,-3.844851769254562e-07,0.0,-3.8797726520475305e-07,0.0,-3.2021638521096325e-07,0.0,-2.972873770716124e-07,0.0,-1.8013766619064475e-07,0.0,-1.713777283680974e-07,0.0,4.044381939662e-06,0.0,-5.205663843452193e-07,0.0,-1.7137772836809742e-07,0.0,-1.8013766619064475e-07,0.0,-2.9728737707161266e-07,0.0,-3.2021638521096336e-07,0.0,-3.8797726520475316e-07,0.0,-3.844851769254561e-07,0.0,-5.205663843452192e-07,0.0,4.044381939662e-06
639263.4412825939,0.0,6.726083244759344e-06,0.0,-3.475976263468463e-06,0.0,-3.318478846553651e-07,0.0,-2.7849071411661695e-07,0.0,-1.140315265324618e-07,0.0,-1.0445063414452305e-07,0.0,-4.002944798098556e-07,0.0,-1.7842445624738026e-07,0.0,-3.475976263468465e-06,0.0,6.759711664411546e-06,0.0,-3.8962130463026936e-07,0.0,-3.230045052026551e-07,0.0,-1.252668848326957e-07,0.0,-1.1403152653246196e-07,0.0,-4.0393015615085104e-07,0.0,-1.8754458613608888e-07,0.0,-3.318478846553651e-07,0.0,-3.8962130463026936e-07,0.0,6.825115347709549e-06,0.0,-3.3950068669374455e-06,0.0,-3.2300450520265486e-07,0.0,-2.784907141166167e-07,0.0,-3.3338307700082403e-07,0.0,-3.09511271437103e-07,0.0,-2.7849071411661674e-07,0.0,-3.2300450520265486e-07,0.0,-3.395006866937446e-06,0.0,6.8251153477095485e-06,0.0,-3.896213046302693e-07,0.0,-3.3184788465536506e-07,0.0,-3.0951127143710344e-07,0.0,-3.3338307700082467e-07,0.0,-1.1403152653246178e-07,0.0,-1.252668848326957e-07,0.0,-3.23004505202655e-07,0.0,-3.896213046302696e-07,0.0,6.759711664411546e-06,0.0,-3.4759762634684632e-06,0.0,-1.875445861360888e-07,0.0,-4.039301561508512e-07,0.0,-1.0445063414452331e-07,0.0,-1.1403152653246177e-07,0.0,-2.7849071411661674e-07,0.0,-3.31847884655365e-07,0.0,-3.475976263468464e-06,0.0,6.726083244759341e-06,0.0,-1.7842445624738023e-07,0.0,-4.002944798098555e-07,0.0,-4.0029447980985565e-07,0.0,-4.03930156150851e-07,0.0,-3.333830770008242e-07,0.0,-3.095112714371032e-07,0.0,-1.8754458613608885e-07,0.0,-1.7842445624738026e-07,0.0,4.210679271526912e-06,0.0,-5.419710889618187e-07,0.0,-1.784244562473803e-07,0.0,-1.875445861360889e-07,0.0,-3.0951127143710344e-07,0.0,-3.3338307700082446e-07,0.0,-4.0393015615085104e-07,0.0,-4.002944798098556e-07,0.0,-5.419710889618185e-07,0.0,4.210679271526912e-06
665548.7442609189,0.0,7.002647059500909e-06,0.0,-3.618901829565941e-06,0.0,-3.45492841691202e-07,0.0,-2.89941725271765e-07,0.0,-1.1872028711287752e-07,0.0,-1.0874544656060397e-07,0.0,-4.167538313117065e-07,0.0,-1.8576093224199613e-07,0.0,-3.6189018295659404e-06,0.0,7.037658216131578e-06,0.0,-4.0564179536640355e-07,0.0,-3.362858392104016e-07,0.0,-1.3041762208488716e-07,0.0,-1.1872028711287747e-07,0.0,-4.2053899978377483e-07,0.0,-1.9525606461300744e-07,0.0,-3.454928416912021e-07,0.0,-4.056417953664034e-07,0.0,7.105751175118381e-06,0.0,-3.5346031246741615e-06,0.0,-3.3628583921040166e-07,0.0,-2.89941725271765e-07,0.0,-3.4709115824074485e-07,0.0,-3.2223778920669105e-07,0.0,-2.899417252717651e-07,0.0,-3.3628583921040213e-07,0.0,-3.5346031246741623e-06,0.0,7.105751175118382e-06,0.0,-4.0564179536640334e-07,0.0,-3.454928416912023e-07,0.0,-3.222377892066912e-07,0.0,-3.470911582407449e-07,0.0,-1.1872028711287752e-07,0.0,-1.3041762208488708e-07,0.0,-3.362858392104015e-07,0.0,-4.056417953664031e-07,0.0,7.0376582161315735e-06,0.0,-3.6189018295659387e-06,0.0,-1.9525606461300746e-07,0.0,-4.205389997837749e-07,0.0,-1.0874544656060393e-07,0.0,-1.1872028711287761e-07,0.0,-2.89941725271765e-07,0.0,-3.454928416912023e-07,0.0,-3.6189018295659395e-06,0.0,7.0026470595009076e-06,0.0,-1.8576093224199626e-07,0.0,-4.1675383131170643e-07,0.0,-4.167538313117066e-07,0.0,-4.20538999783775e-07,0.0,-3.4709115824074464e-07,0.0,-3.222377892066911e-07,0.0,-1.9525606461300746e-07,0.0,-1.8576093224199618e-07,0.0,4.383814434980928e-06,0.0,-5.642559145264898e-07,0.0,-1.8576093224199624e-07,0.0,-1.9525606461300762e-07,0.0,-3.222377892066913e-07,0.0,-3.470911582407446e-07,0.0,-4.205389997837746e-07,0.0,-4.167538313117066e-07,0.0,-5.642559145264898e-07,0.0,4.383814434980928e-06
692914.8491560178,0.0,7.290582654941727e-06,0.0,-3.767704224472332e-06,0.0,-3.5969885353895456e-07,0.0,-3.018635803359863e-07,0.0,-1.2360184065545858e-07,0.0,-1.1321685353583111e-07,0.0,-4.3388996020002036e-07,0.0,-1.9339907024613437e-07,0.0,-3.767704224472331e-06,0.0,7.327033404078751e-06,0.0,-4.223210183648037e-07,0.0,-3.5011327653925995e-07,0.0,-1.3578014790575355e-07,0.0,-1.2360184065545845e-07,0.0,-4.3783076763669563e-07,0.0,-2.032846244918749e-07,0.0,-3.5969885353895467e-07,0.0,-4.2232101836480383e-07,0.0,7.397926216681573e-06,0.0,-3.679939316360306e-06,0.0,-3.501132765392599e-07,0.0,-3.018635803359863e-07,0.0,-3.613628898403972e-07,0.0,-3.3548759730359875e-07,0.0,-3.0186358033598625e-07,0.0,-3.501132765392601e-07,0.0,-3.6799393163603067e-06,0.0,7.397926216681572e-06,0.0,-4.22321018364804e-07,0.0,-3.5969885353895435e-07,0.0,-3.3548759730359896e-07,0.0,-3.6136288984039713e-07,0.0,-1.236018406554584e-07,0.0,-1.3578014790575358e-07,0.0,-3.5011327653926017e-07,0.0,-4.223210183648037e-07,0.0,7.327033404078751e-06,0.0,-3.767704224472331e-06,0.0,-2.032846244918748e-07,0.0,-4.3783076763669574e-07,0.0,-1.1321685353583101e-07,0.0,-1.236018406554585e-07,0.0,-3.018635803359863e-07,0.0,-3.596988535389545e-07,0.0,-3.7677042244723323e-06,0.0,7.29058265494173e-06,0.0,-1.933990702461345e-07,0.0,-4.3388996020002015e-07,0.0,-4.3388996020002026e-07,0.0,-4.3783076763669537e-07,0.0,-3.6136288984039734e-07,0.0,-3.3548759730359886e-07,0.0,-2.0328462449187483e-07,0.0,-1.933990702461345e-07,0.0,4.564068588719222e-06,0.0,-5.874570499470958e-07,0.0,-1.9339907024613458e-07,0.0,-2.0328462449187483e-07,0.0,-3.3548759730359886e-07,0.0,-3.613628898403972e-07,0.0,-4.378307676366954e-07,0.0,-4.3388996020002026e-07,0.0,-5.874570499470958e-07,0.0,4.564068588719222e-06
721406.1964974249,0.0,7.590357617184472e-06,0.0,-3.922625092267094e-06,0.0,-3.744889897107612e-07,0.0,-3.1427563951980796e-07,0.0,-1.2868411444197256e-07,0.0,-1.1787211630429325e-07,0.0,-4.517306942802112e-07,0.0,-2.013512740307688e-07,0.0,-3.922625092267094e-06,0.0,7.628307152147465e-06,0.0,-4.3968605944952604e-07,0.0,-3.6450927192436137e-07,0.0,-1.4136317064045522e-07,0.0,-1.2868411444197243e-07,0.0,-4.5583354026119045e-07,0.0,-2.116433035599019e-07,0.0,-3.7448898971076123e-07,0.0,-4.396860594495262e-07,0.0,7.70211494304861e-06,0.0,-3.831251457217767e-06,0.0,-3.6450927192436137e-07,0.0,-3.142756395198078e-07,0.0,-3.762214480359356e-07,0.0,-3.4928221243582375e-07,0.0,-3.142756395198077e-07,0.0,-3.645092719243612e-07,0.0,-3.831251457217767e-06,0.0,7.702114943048608e-06,0.0,-4.396860594495263e-07,0.0,-3.7448898971076107e-07,0.0,-3.492822124358239e-07,0.0,-3.762214480359356e-07,0.0,-1.286841144419724e-07,0.0,-1.4136317064045527e-07,0.0,-3.6450927192436137e-07,0.0,-4.396860594495262e-07,0.0,7.628307152147465e-06,0.0,-3.922625092267094e-06,0.0,-2.1164330355990188e-07,0.0,-4.5583354026119045e-07,0.0,-1.1787211630429314e-07,0.0,-1.286841144419725e-07,0.0,-3.1427563951980786e-07,0.0,-3.7448898971076107e-07,0.0,-3.922625092267095e-06,0.0,7.590357617184472e-06,0.0,-2.0135127403076874e-07,0.0,-4.517306942802111e-07,0.0,-4.5173069428021127e-07,0.0,-4.558335402611903e-07,0.0,-3.762214480359356e-07,0.0,-3.492822124358237e-07,0.0,-2.116433035599018e-07,0.0,-2.013512740307688e-07,0.0,4.751734452150481e-06,0.0,-6.1161217215091e-07,0.0,-2.0135127403076882e-07,0.0,-2.116433035599018e-07,0.0,-3.492822124358236e-07,0.0,-3.7622144803593556e-07,0.0,-4.558335402611905e-07,0.0,-4.5173069428021106e-07,0.0,-6.116121721509099e-07,0.0,4.751734452150481e-06
751069.0541251499,0.0,7.902458758587498e-06,0.0,-4.083916012976944e-06,0.0,-3.898872682934437e-07,0.0,-3.2719805908897707e-07,0.0,-1.339753617090117e-07,0.0,-1.2271879466828382e-07,0.0,-4.7030500558439066e-07,0.0,-2.0963045738646238e-07,0.0,-4.083916012976945e-06,0.0,7.941968706613352e-06,0.0,-4.577651181624538e-07,0.0,-3.7949720339705225e-07,0.0,-1.471757567048259e-07,0.0,-1.3397536170901162e-07,0.0,-4.7457655282797777e-07,0.0,-2.2034567569343712e-07,0.0,-3.898872682934437e-07,0.0,-4.577651181624538e-07,0.0,8.018811334204212e-06,0.0,-3.988785266967722e-06,0.0,-3.794972033970526e-07,0.0,-3.2719805908897675e-07,0.0,-3.916909620264858e-07,0.0,-3.636440360376781e-07,0.0,-3.271980590889769e-07,0.0,-3.7949720339705225e-07,0.0,-3.988785266967722e-06,0.0,8.01881133420421e-06,0.0,-4.577651181624533e-07,0.0,-3.898872682934441e-07,0.0,-3.63644036037678e-07,0.0,-3.9169096202648585e-07,0.0,-1.339753617090117e-07,0.0,-1.4717575670482602e-07,0.0,-3.7949720339705214e-07,0.0,-4.5776511816245375e-07,0.0,7.941968706613354e-06,0.0,-4.083916012976944e-06,0.0,-2.20345675693437e-07,0.0,-4.745765528279776e-07,0.0,-1.227187946682838e-07,0.0,-1.339753617090117e-07,0.0,-3.27198059088977e-07,0.0,-3.898872682934437e-07,0.0,-4.083916012976945e-06,0.0,7.902458758587498e-06,0.0,-2.0963045738646232e-07,0.0,-4.703050055843908e-07,0.0,-4.703050055843907e-07,0.0,-4.7457655282797793e-07,0.0,-3.9169096202648575e-07,0.0,-3.636440360376781e-07,0.0,-2.2034567569343693e-07,0.0,-2.0963045738646243e-07,0.0,4.947116780751533e-06,0.0,-6.367605072691556e-07,0.0,-2.0963045738646243e-07,0.0,-2.2034567569343693e-07,0.0,-3.6364403603767795e-07,0.0,-3.9169096202648575e-07,0.0,-4.7457655282797803e-07,0.0,-4.7030500558439066e-07,0.0,-6.367605072691555e-07,0.0,4.947116780751534e-06
781951.5923252275,0.0,8.227392908312098e-06,0.0,-4.251838911123209e-06,0.0,-4.059186949521033e-07,0.0,-3.406518240967452e-07,0.0,-1.394841750506386e-07,0.0,-1.2776475927486085e-07,0.0,-4.896430574198047e-07,0.0,-2.1825006509440848e-07,0.0,-4.251838911123211e-06,0.0,8.268527430633071e-06,0.0,-4.765875535572683e-07,0.0,-3.9510141024908837e-07,0.0,-1.5322734530856146e-07,0.0,-1.394841750506385e-07,0.0,-4.94090242602672e-07,0.0,-2.294058729009374e-07,0.0,-4.0591869495210283e-07,0.0,-4.765875535572681e-07,0.0,8.348529681655274e-06,0.0,-4.152796568861292e-06,0.0,-3.9510141024908853e-07,0.0,-3.406518240967453e-07,0.0,-4.0779655315818015e-07,0.0,-3.785963906480608e-07,0.0,-3.406518240967457e-07,0.0,-3.951014102490885e-07,0.0,-4.1527965688612924e-06,0.0,8.348529681655272e-06,0.0,-4.76587553557268e-07,0.0,-4.059186949521033e-07,0.0,-3.7859639064806067e-07,0.0,-4.077965531581801e-07,0.0,-1.3948417505063844e-07,0.0,-1.5322734530856177e-07,0.0,-3.9510141024908853e-07,0.0,-4.7658755355726814e-07,0.0,8.268527430633073e-06,0.0,-4.25183891112321e-06,0.0,-2.2940587290093717e-07,0.0,-4.940902426026722e-07,0.0,-1.277647592748609e-07,0.0,-1.394841750506383e-07,0.0,-3.406518240967457e-07,0.0,-4.05918694952103e-07,0.0,-4.251838911123209e-06,0.0,8.2273929083121e-06,0.0,-2.1825006509440863e-07,0.0,-4.896430574198047e-07,0.0,-4.896430574198047e-07,0.0,-4.94090242602672e-07,0.0,-4.0779655315818e-07,0.0,-3.7859639064806093e-07,0.0,-2.294058729009371e-07,0.0,-2.1825006509440887e-07,0.0,5.150532860967703e-06,0.0,-6.629428943373408e-07,0.0,-2.182500650944088e-07,0.0,-2.2940587290093725e-07,0.0,-3.7859639064806083e-07,0.0,-4.077965531581801e-07,0.0,-4.94090242602672e-07,0.0,-4.896430574198049e-07,0.0,-6.629428943373407e-07,0.0,5.150532860967703e-06
814103.9620546977,0.0,8.565687735375574e-06,0.0,-4.426666481067876e-06,0.0,-4.2260930353746947e-07,0.0,-3.5465878246204223e-07,0.0,-1.452195003721232e-07,0.0,-1.3301820439719477e-07,0.0,-5.097762533518135e-07,0.0,-2.272240947597615e-07,0.0,-4.426666481067876e-06,0.0,8.608513631412372e-06,0.0,-4.961839318763797e-07,0.0,-4.113472325578434e-07,0.0,-1.5952776378379763e-07,0.0,-1.4521950037212326e-07,0.0,-5.144062983736506e-07,0.0,-2.388386082723039e-07,0.0,-4.2260930353746926e-07,0.0,-4.961839318763797e-07,0.0,8.69180542360222e-06,0.0,-4.323551705117565e-06,0.0,-4.113472325578435e-07,0.0,-3.546587824620425e-07,0.0,-4.2456437571936483e-07,0.0,-3.9416355778453527e-07,0.0,-3.5465878246204255e-07,0.0,-4.113472325578435e-07,0.0,-4.323551705117566e-06,0.0,8.69180542360222e-06,0.0,-4.961839318763798e-07,0.0,-4.2260930353746883e-07,0.0,-3.9416355778453543e-07,0.0,-4.245643757193648e-07,0.0,-1.452195003721233e-07,0.0,-1.5952776378379777e-07,0.0,-4.113472325578438e-07,0.0,-4.961839318763798e-07,0.0,8.608513631412375e-06,0.0,-4.426666481067876e-06,0.0,-2.38838608272304e-07,0.0,-5.144062983736509e-07,0.0,-1.330182043971947e-07,0.0,-1.4521950037212305e-07,0.0,-3.546587824620424e-07,0.0,-4.2260930353746926e-07,0.0,-4.426666481067874e-06,0.0,8.565687735375576e-06,0.0,-2.2722409475976134e-07,0.0,-5.097762533518131e-07,0.0,-5.097762533518131e-07,0.0,-5.144062983736502e-07,0.0,-4.24564375719365e-07,0.0,-3.941635577845357e-07,0.0,-2.388386082723039e-07,0.0,-2.2722409475976168e-07,0.0,5.3623130254625185e-06,0.0,-6.902018516148316e-07,0.0,-2.272240947597616e-07,0.0,-2.3883860827230407e-07,0.0,-3.941635577845356e-07,0.0,-4.24564375719365e-07,0.0,-5.144062983736503e-07,0.0,-5.097762533518135e-07,0.0,-6.902018516148316e-07,0.0,5.3623130254625185e-06
847578.3763830496,0.0,8.917892605546666e-06,0.0,-4.608682629849053e-06,0.0,-4.399861983629478e-07,0.0,-3.6924168044887897e-07,0.0,-1.5119065141743184e-07,0.0,-1.3848766124146189e-07,0.0,-5.307372882009559e-07,0.0,-2.3656711954270935e-07,0.0,-4.608682629849053e-06,0.0,8.962479421385773e-06,0.0,-5.165860761882442e-07,0.0,-4.2826105233671995e-07,0.0,-1.6608724354397036e-07,0.0,-1.511906514174318e-07,0.0,-5.355577119123019e-07,0.0,-2.4865919987185314e-07,0.0,-4.399861983629478e-07,0.0,-5.165860761882446e-07,0.0,9.049196014451018e-06,0.0,-4.50132796944366e-06,0.0,-4.2826105233671985e-07,0.0,-3.6924168044887923e-07,0.0,-4.4202165941322954e-07,0.0,-4.1037081737471826e-07,0.0,-3.69241680448879e-07,0.0,-4.282610523367198e-07,0.0,-4.501327969443661e-06,0.0,9.049196014451018e-06,0.0,-5.165860761882443e-07,0.0,-4.3998619836294693e-07,0.0,-4.1037081737471836e-07,0.0,-4.4202165941322965e-07,0.0,-1.5119065141743184e-07,0.0,-1.6608724354397041e-07,0.0,-4.282610523367201e-07,0.0,-5.165860761882446e-07,0.0,8.962479421385773e-06,0.0,-4.608682629849053e-06,0.0,-2.486591998718532e-07,0.0,-5.35557711912302e-07,0.0,-1.3848766124146189e-07,0.0,-1.5119065141743184e-07,0.0,-3.6924168044887907e-07,0.0,-4.3998619836294735e-07,0.0,-4.608682629849053e-06,0.0,8.917892605546664e-06,0.0,-2.3656711954270927e-07,0.0,-5.307372882009558e-07,0.0,-5.30737288200956e-07,0.0,-5.355577119123015e-07,0.0,-4.420216594132297e-07,0.0,-4.103708173747185e-07,0.0,-2.4865919987185314e-07,0.0,-2.3656711954270932e-07,0.0,5.582801189553522e-06,0.0,-7.185816456313584e-07,0.0,-2.3656711954270932e-07,0.0,-2.4865919987185314e-07,0.0,-4.103708173747184e-07,0.0,-4.420216594132297e-07,0.0,-5.355577119123018e-07,0.0,-5.307372882009558e-07,0.0,-7.185816456313584e-07,0.0,5.582801189553521e-06
882429.1952823831,0.0,9.284579473474916e-06,0.0,-4.798182938225e-06,0.0,-4.580775982200193e-07,0.0,-3.8442419960459834e-07,0.0,-1.574073248940569e-07,0.0,-1.4418201180089263e-07,0.0,-5.52560201136922e-07,0.0,-2.4629431182420984e-07,0.0,-4.798182938225002e-06,0.0,9.330999614806283e-06,0.0,-5.378271180656714e-07,0.0,-4.4587033637758596e-07,0.0,-1.7291643669887485e-07,0.0,-1.5740732489405673e-07,0.0,-5.575788315492213e-07,0.0,-2.5888359561371763e-07,0.0,-4.580775982200194e-07,0.0,-5.378271180656715e-07,0.0,9.421281830077911e-06,0.0,-4.686414057339193e-06,0.0,-4.458703363775857e-07,0.0,-3.8442419960459844e-07,0.0,-4.601967535768297e-07,0.0,-4.272444888090099e-07,0.0,-3.8442419960459834e-07,0.0,-4.458703363775857e-07,0.0,-4.686414057339194e-06,0.0,9.421281830077908e-06,0.0,-5.37827118065671e-07,0.0,-4.5807759822001904e-07,0.0,-4.272444888090098e-07,0.0,-4.601967535768303e-07,0.0,-1.5740732489405663e-07,0.0,-1.7291643669887485e-07,0.0,-4.4587033637758596e-07,0.0,-5.378271180656714e-07,0.0,9.330999614806281e-06,0.0,-4.798182938225001e-06,0.0,-2.588835956137174e-07,0.0,-5.57578831549221e-07,0.0,-1.4418201180089284e-07,0.0,-1.5740732489405692e-07,0.0,-3.844241996045986e-07,0.0,-4.5807759822001877e-07,0.0,-4.798182938225002e-06,0.0,9.284579473474914e-06,0.0,-2.4629431182420984e-07,0.0,-5.52560201136922e-07,0.0,-5.525602011369225e-07,0.0,-5.575788315492213e-07,0.0,-4.6019675357682995e-07,0.0,-4.272444888090098e-07,0.0,-2.5888359561371737e-07,0.0,-2.462943118242097e-07,0.0,5.812355409705289e-06,0.0,-7.481283630725849e-07,0.0,-2.4629431182420974e-07,0.0,-2.5888359561371737e-07,0.0,-4.272444888090098e-07,0.0,-4.6019675357682995e-07,0.0,-5.575788315492215e-07,0.0,-5.52560201136922e-07,0.0,-7.481283630725847e-07,0.0,5.81235540970529e-06
918713.0139039808,0.0,9.666343811502704e-06,0.0,-4.995475140675407e-06,0.0,-4.769128822034707e-07,0.0,-4.002309952169565e-07,0.0,-1.6387961621975234e-07,0.0,-1.501105032794715e-07,0.0,-5.752804309556439e-07,0.0,-2.5642146784481403e-07,0.0,-4.995475140675407e-06,0.0,9.71467266120122e-06,0.0,-5.599415513890459e-07,0.0,-4.6420368085481347e-07,0.0,-1.8002643335290377e-07,0.0,-1.6387961621975242e-07,0.0,-5.80505417953358e-07,0.0,-2.6952839916007914e-07,0.0,-4.769128822034707e-07,0.0,-5.599415513890459e-07,0.0,9.808667110316866e-06,0.0,-4.8791105349163955e-06,0.0,-4.6420368085481384e-07,0.0,-4.002309952169564e-07,0.0,-4.791191732183131e-07,0.0,-4.448119736813372e-07,0.0,-4.002309952169565e-07,0.0,-4.6420368085481374e-07,0.0,-4.879110534916397e-06,0.0,9.808667110316862e-06,0.0,-5.599415513890458e-07,0.0,-4.769128822034704e-07,0.0,-4.448119736813373e-07,0.0,-4.791191732183134e-07,0.0,-1.638796162197525e-07,0.0,-1.8002643335290371e-07,0.0,-4.6420368085481395e-07,0.0,-5.599415513890458e-07,0.0,9.714672661201222e-06,0.0,-4.995475140675408e-06,0.0,-2.695283991600793e-07,0.0,-5.805054179533582e-07,0.0,-1.5011050327947152e-07,0.0,-1.6387961621975234e-07,0.0,-4.0023099521695657e-07,0.0,-4.769128822034704e-07,0.0,-4.995475140675407e-06,0.0,9.666343811502702e-06,0.0,-2.5642146784481376e-07,0.0,-5.752804309556439e-07,0.0,-5.752804309556441e-07,0.0,-5.805054179533579e-07,0.0,-4.791191732183134e-07,0.0,-4.4481197368133714e-07,0.0,-2.695283991600793e-07,0.0,-2.5642146784481376e-07,0.0,6.051348464986649e-06,0.0,-7.788899856214761e-07,0.0,-2.564214678448138e-07,0.0,-2.6952839916007935e-07,0.0,-4.448119736813372e-07,0.0,-4.791191732183133e-07,0.0,-5.80505417953358e-07,0.0,-5.75280430955644e-07,0.0,-7.788899856214761e-07,0.0,6.05134846498665e-06
956488.7544846472,0.0,1.0063805576668273e-05,0.0,-5.200879625139415e-06,0.0,-4.965226374208701e-07,0.0,-4.166877363524832e-07,0.0,-1.7061803591674786e-07,0.0,-1.5628276310871047e-07,0.0,-5.989348736292791e-07,0.0,-2.6696503335659155e-07,0.0,-5.200879625139414e-06,0.0,1.0114121617210006e-05,0.0,-5.829652883618402e-07,0.0,-4.832908577633524e-07,0.0,-1.8742877961455424e-07,0.0,-1.706180359167476e-07,0.0,-6.04374702204696e-07,0.0,-2.806108968842899e-07,0.0,-4.965226374208699e-07,0.0,-5.829652883618404e-07,0.0,1.0211980940200383e-05,0.0,-5.079730326997256e-06,0.0,-4.832908577633522e-07,0.0,-4.1668773635248366e-07,0.0,-4.988196469471097e-07,0.0,-4.631018002873164e-07,0.0,-4.166877363524837e-07,0.0,-4.832908577633523e-07,0.0,-5.0797303269972576e-06,0.0,1.021198094020038e-05,0.0,-5.829652883618403e-07,0.0,-4.965226374208697e-07,0.0,-4.631018002873165e-07,0.0,-4.988196469471092e-07,0.0,-1.7061803591674762e-07,0.0,-1.874287796145545e-07,0.0,-4.832908577633523e-07,0.0,-5.829652883618401e-07,0.0,1.0114121617210006e-05,0.0,-5.2008796251394146e-06,0.0,-2.806108968842899e-07,0.0,-6.043747022046958e-07,0.0,-1.5628276310871047e-07,0.0,-1.7061803591674772e-07,0.0,-4.1668773635248376e-07,0.0,-4.9652263742087e-07,0.0,-5.2008796251394146e-06,0.0,1.0063805576668271e-05,0.0,-2.6696503335659155e-07,0.0,-5.989348736292792e-07,0.0,-5.989348736292789e-07,0.0,-6.043747022046957e-07,0.0,-4.988196469471095e-07,0.0,-4.631018002873164e-07,0.0,-2.806108968842899e-07,0.0,-2.669650333565916e-07,0.0,6.300168462436304e-06,0.0,-8.109164678770012e-07,0.0,-2.669650333565916e-07,0.0,-2.8061089688428984e-07,0.0,-4.631018002873165e-07,0.0,-4.98819646947109e-07,0.0,-6.043747022046957e-07,0.0,-5.989348736292794e-07,0.0,-8.109164678770011e-07,0.0,6.300168462436301e-06
995817.7620320608,0.0,1.0477610217470082e-05,0.0,-5.41472995330193e-06,0.0,-5.169387086637658e-07,0.0,-4.3382114754115107e-07,0.0,-1.7763352668005558e-07,0.0,-1.627088145818873e-07,0.0,-6.23561942222539e-07,0.0,-2.779421303298164e-07,0.0,-5.41472995330193e-06,0.0,1.052999515838199e-05,0.0,-6.069357178293736e-07,0.0,-5.031628632662416e-07,0.0,-1.9513549634645665e-07,0.0,-1.776335266800553e-07,0.0,-6.29225446254772e-07,0.0,-2.9214908594265994e-07,0.0,-5.169387086637659e-07,0.0,-6.069357178293736e-07,0.0,1.0631878271547034e-05,0.0,-5.288599225280271e-06,0.0,-5.031628632662417e-07,0.0,-4.3382114754115096e-07,0.0,-5.193301668749166e-07,0.0,-4.821436699520925e-07,0.0,-4.3382114754115043e-07,0.0,-5.03162863266242e-07,0.0,-5.288599225280272e-06,0.0,1.063187827154703e-05,0.0,-6.069357178293735e-07,0.0,-5.169387086637654e-07,0.0,-4.821436699520926e-07,0.0,-5.19330166874917e-07,0.0,-1.776335266800553e-07,0.0,-1.9513549634645678e-07,0.0,-5.031628632662422e-07,0.0,-6.069357178293734e-07,0.0,1.052999515838199e-05,0.0,-5.41472995330193e-06,0.0,-2.9214908594265984e-07,0.0,-6.292254462547721e-07,0.0,-1.6270881458188738e-07,0.0,-1.7763352668005543e-07,0.0,-4.3382114754115096e-07,0.0,-5.169387086637659e-07,0.0,-5.41472995330193e-06,0.0,1.047761021747008e-05,0.0,-2.779421303298162e-07,0.0,-6.23561942222539e-07,0.0,-6.235619422225392e-07,0.0,-6.29225446254772e-07,0.0,-5.193301668749168e-07,0.0,-4.821436699520927e-07,0.0,-2.9214908594265984e-07,0.0,-2.7794213032981627e-07,0.0,6.559219467319922e-06,0.0,-8.442598184767058e-07,0.0,-2.779421303298165e-07,0.0,-2.921490859426598e-07,0.0,-4.821436699520927e-07,0.0,-5.193301668749166e-07,0.0,-6.292254462547721e-07,0.0,-6.235619422225394e-07,0.0,-8.442598184767052e-07,0.0,6.559219467319925e-06
1036763.9039445297,0.0,1.0908429722027435e-05,0.0,-5.637373402273128e-06,0.0,-5.381942501212734e-07,0.0,-4.5165905217502873e-07,0.0,-1.8493748114759958e-07,0.0,-1.693990931311314e-07,0.0,-6.49201629272665e-07,0.0,-2.893705847577784e-07,0.0,-5.637373402273128e-06,0.0,1.09629686325776e-05,0.0,-6.318917659955316e-07,0.0,-5.238519680300916e-07,0.0,-2.0315909868636436e-07,0.0,-1.8493748114759955e-07,0.0,-6.550980058732208e-07,0.0,-3.041617035005106e-07,0.0,-5.381942501212733e-07,0.0,-6.318917659955315e-07,0.0,1.1069040986554767e-05,0.0,-5.506056417402064e-06,0.0,-5.238519680300914e-07,0.0,-4.5165905217502905e-07,0.0,-5.406840405685272e-07,0.0,-5.019685052630951e-07,0.0,-4.516590521750291e-07,0.0,-5.238519680300919e-07,0.0,-5.506056417402063e-06,0.0,1.1069040986554762e-05,0.0,-6.318917659955314e-07,0.0,-5.381942501212732e-07,0.0,-5.019685052630954e-07,0.0,-5.406840405685275e-07,0.0,-1.849374811475996e-07,0.0,-2.0315909868636428e-07,0.0,-5.238519680300919e-07,0.0,-6.318917659955315e-07,0.0,1.09629686325776e-05,0.0,-5.637373402273128e-06,0.0,-3.041617035005109e-07,0.0,-6.550980058732205e-07,0.0,-1.6939909313113165e-07,0.0,-1.8493748114759955e-07,0.0,-4.5165905217502883e-07,0.0,-5.381942501212732e-07,0.0,-5.637373402273127e-06,0.0,1.0908429722027433e-05,0.0,-2.893705847577785e-07,0.0,-6.492016292726651e-07,0.0,-6.492016292726651e-07,0.0,-6.550980058732205e-07,0.0,-5.406840405685275e-07,0.0,-5.019685052630953e-07,0.0,-3.041617035005108e-07,0.0,-2.893705847577783e-07,0.0,6.828922159302301e-06,0.0,-8.789741845548933e-07,0.0,-2.8937058475777844e-07,0.0,-3.0416170350051106e-07,0.0,-5.019685052630954e-07,0.0,-5.406840405685271e-07,0.0,-6.550980058732207e-07,0.0,-6.492016292726654e-07,0.0,-8.789741845548934e-07,0.0,6.8289221593023e-06
1079393.6737269145,0.0,1.1356963709339387e-05,0.0,-5.869171528540745e-06,0.0,-5.603237792200222e-07,0.0,-4.7023041769141735e-07,0.0,-1.9254176040101592e-07,0.0,-1.7636446327379352e-07,0.0,-6.758955717343458e-07,0.0,-3.0126895560487763e-07,0.0,-5.869171528540745e-06,0.0,1.1413745156683223e-05,0.0,-6.578739596360382e-07,0.0,-5.45391769630251e-07,0.0,-2.1151261637081091e-07,0.0,-1.9254176040101584e-07,0.0,-6.820343961825508e-07,0.0,-3.166682571599432e-07,0.0,-5.603237792200212e-07,0.0,-6.578739596360378e-07,0.0,1.152417900512708e-05,0.0,-5.73245503775298e-06,0.0,-5.453917696302513e-07,0.0,-4.702304176914171e-07,0.0,-5.62915945138846e-07,0.0,-5.226085002860301e-07,0.0,-4.7023041769141767e-07,0.0,-5.453917696302511e-07,0.0,-5.732455037752979e-06,0.0,1.1524179005127077e-05,0.0,-6.578739596360378e-07,0.0,-5.60323779220022e-07,0.0,-5.2260850028603e-07,0.0,-5.629159451388459e-07,0.0,-1.9254176040101563e-07,0.0,-2.1151261637081113e-07,0.0,-5.453917696302516e-07,0.0,-6.578739596360378e-07,0.0,1.1413745156683223e-05,0.0,-5.869171528540744e-06,0.0,-3.1666825715994324e-07,0.0,-6.820343961825509e-07,0.0,-1.7636446327379367e-07,0.0,-1.925417604010158e-07,0.0,-4.7023041769141714e-07,0.0,-5.60323779220022e-07,0.0,-5.869171528540746e-06,0.0,1.135696370933939e-05,0.0,-3.012689556048774e-07,0.0,-6.758955717343458e-07,0.0,-6.758955717343457e-07,0.0,-6.820343961825507e-07,0.0,-5.629159451388458e-07,0.0,-5.226085002860303e-07,0.0,-3.166682571599432e-07,0.0,-3.0126895560487736e-07,0.0,7.1097145155999e-06,0.0,-9.151159396735588e-07,0.0,-3.0126895560487726e-07,0.0,-3.1666825715994313e-07,0.0,-5.226085002860302e-07,0.0,-5.629159451388458e-07,0.0,-6.820343961825507e-07,0.0,-6.758955717343457e-07,0.0,-9.151159396735587e-07,0.0,7.1097145155999e-06
1123776.2989711692,0.0,1.1823940565414372e-05,0.0,-6.11050075511112e-06,0.0,-5.833632326779073e-07,0.0,-4.895654026138211e-07,0.0,-2.004587132271722e-07,0.0,-1.8361623625561792e-07,0.0,-7.03687118595057e-07,0.0,-3.136565649450098e-07,0.0,-6.110500755111122e-06,0.0,1.1883056758421086e-05,0.0,-6.849244919109446e-07,0.0,-5.67817247110791e-07,0.0,-2.202096148944399e-07,0.0,-2.004587132271719e-07,0.0,-7.100783598876034e-07,0.0,-3.296890566387412e-07,0.0,-5.83363232677908e-07,0.0,-6.849244919109446e-07,0.0,1.1998031437730517e-05,0.0,-5.968162740941261e-06,0.0,-5.678172471107914e-07,0.0,-4.89565402613821e-07,0.0,-5.860619835539585e-07,0.0,-5.440971728456632e-07,0.0,-4.895654026138206e-07,0.0,-5.678172471107911e-07,0.0,-5.968162740941258e-06,0.0,1.199803143773052e-05,0.0,-6.849244919109451e-07,0.0,-5.833632326779071e-07,0.0,-5.440971728456629e-07,0.0,-5.860619835539587e-07,0.0,-2.004587132271719e-07,0.0,-2.2020961489444007e-07,0.0,-5.678172471107918e-07,0.0,-6.849244919109447e-07,0.0,1.1883056758421091e-05,0.0,-6.110500755111122e-06,0.0,-3.2968905663874093e-07,0.0,-7.100783598876041e-07,0.0,-1.836162362556179e-07,0.0,-2.004587132271719e-07,0.0,-4.895654026138204e-07,0.0,-5.833632326779077e-07,0.0,-6.110500755111123e-06,0.0,1.1823940565414364e-05,0.0,-3.1365656494500945e-07,0.0,-7.036871185950568e-07,0.0,-7.03687118595057e-07,0.0,-7.100783598876039e-07,0.0,-5.860619835539583e-07,0.0,-5.440971728456633e-07,0.0,-3.296890566387411e-07,0.0,-3.136565649450099e-07,0.0,7.402052522223548e-06,0.0,-9.527437753688891e-07,0.0,-3.136565649450101e-07,0.0,-3.296890566387409e-07,0.0,-5.440971728456631e-07,0.0,-5.860619835539591e-07,0.0,-7.100783598876038e-07,0.0,-7.036871185950568e-07,0.0,-9.527437753688891e-07,0.0,7.402052522223553e-06
1169983.8537768237,0.0,1.2310118626115042e-05,0.0,-6.361752982792278e-06,0.0,-6.073500248626566e-07,0.0,-5.096954055271591e-07,0.0,-2.0870119617168292e-07,0.0,-1.9116618841936866e-07,0.0,-7.326214012706059e-07,0.0,-3.265535293391858e-07,0.0,-6.361752982792277e-06,0.0,1.2371665565108098e-05,0.0,-7.130872908832003e-07,0.0,-5.911648177878814e-07,0.0,-2.2926421753936377e-07,0.0,-2.0870119617168294e-07,0.0,-7.392754383104675e-07,0.0,-3.432452467518494e-07,0.0,-6.07350024862657e-07,0.0,-7.130872908832001e-07,0.0,1.2491367785655332e-05,0.0,-6.213562298836888e-06,0.0,-5.911648177878809e-07,0.0,-5.096954055271595e-07,0.0,-6.101597432676782e-07,0.0,-5.664694189562855e-07,0.0,-5.096954055271589e-07,0.0,-5.911648177878809e-07,0.0,-6.213562298836887e-06,0.0,1.2491367785655334e-05,0.0,-7.130872908831997e-07,0.0,-6.073500248626566e-07,0.0,-5.664694189562858e-07,0.0,-6.101597432676782e-07,0.0,-2.0870119617168324e-07,0.0,-2.2926421753936358e-07,0.0,-5.911648177878809e-07,0.0,-7.130872908832005e-07,0.0,1.2371665565108095e-05,0.0,-6.361752982792279e-06,0.0,-3.4324524675184965e-07,0.0,-7.392754383104665e-07,0.0,-1.9116618841936845e-07,0.0,-2.0870119617168305e-07,0.0,-5.096954055271587e-07,0.0,-6.073500248626564e-07,0.0,-6.361752982792276e-06,0.0,1.2310118626115044e-05,0.0,-3.2655352933918583e-07,0.0,-7.326214012706062e-07,0.0,-7.326214012706061e-07,0.0,-7.39275438310467e-07,0.0,-6.101597432676782e-07,0.0,-5.664694189562855e-07,0.0,-3.432452467518498e-07,0.0,-3.265535293391858e-07,0.0,7.706410914465954e-06,0.0,-9.919187964619732e-07,0.0,-3.2655352933918536e-07,0.0,-3.4324524675185034e-07,0.0,-5.664694189562858e-07,0.0,-6.101597432676783e-07,0.0,-7.392754383104668e-07,0.0,-7.326214012706063e-07,0.0,-9.919187964619739e-07,0.0,7.70641091446595e-06
1218091.3757939884,0.0,1.2816287408639711e-05,0.0,-6.6233362266118285e-06,0.0,-6.32323108549997e-07,0.0,-5.306531160667467e-07,0.0,-2.172825944169898e-07,0.0,-1.9902658032873988e-07,0.0,-7.627454068952123e-07,0.0,-3.399807925033357e-07,0.0,-6.62333622661183e-06,0.0,1.2880365041294175e-05,0.0,-7.424080908545709e-07,0.0,-6.154723963888137e-07,0.0,-2.3869112831032803e-07,0.0,-2.1728259441698996e-07,0.0,-7.696730453462077e-07,0.0,-3.5735884174899227e-07,0.0,-6.323231085499959e-07,0.0,-7.424080908545713e-07,0.0,1.300498919062862e-05,0.0,-6.469052222164781e-06,0.0,-6.15472396388815e-07,0.0,-5.306531160667464e-07,0.0,-6.352483572587879e-07,0.0,-5.897615694902607e-07,0.0,-5.306531160667462e-07,0.0,-6.154723963888146e-07,0.0,-6.469052222164786e-06,0.0,1.300498919062861e-05,0.0,-7.42408090854571e-07,0.0,-6.323231085499975e-07,0.0,-5.897615694902603e-07,0.0,-6.352483572587877e-07,0.0,-2.1728259441698965e-07,0.0,-2.3869112831032835e-07,0.0,-6.154723963888149e-07,0.0,-7.424080908545707e-07,0.0,1.288036504129417e-05,0.0,-6.623336226611828e-06,0.0,-3.5735884174899216e-07,0.0,-7.696730453462082e-07,0.0,-1.9902658032874025e-07,0.0,-2.1728259441698935e-07,0.0,-5.306531160667469e-07,0.0,-6.323231085499967e-07,0.0,-6.623336226611831e-06,0.0,1.2816287408639713e-05,0.0,-3.399807925033355e-07,0.0,-7.627454068952125e-07,0.0,-7.627454068952123e-07,0.0,-7.696730453462081e-07,0.0,-6.35248357258787e-07,0.0,-5.897615694902604e-07,0.0,-3.5735884174899216e-07,0.0,-3.399807925033355e-07,0.0,8.02328394783664e-06,0.0,-1.0327046202885108e-06,0.0,-3.3998079250333537e-07,0.0,-3.5735884174899206e-07,0.0,-5.897615694902612e-07,0.0,-6.35248357258787e-07,0.0,-7.696730453462077e-07,0.0,-7.627454068952125e-07,0.0,-1.0327046202885101e-06,0.0,8.02328394783664e-06
1268176.9880789472,0.0,1.3343268893639816e-05,0.0,-6.895675278403215e-06,0.0,-6.583230381800807e-07,0.0,-5.5247256800384e-07,0.0,-2.2621684351890645e-07,0.0,-2.072101766786023e-07,0.0,-7.941080546251374e-07,0.0,-3.5396015931935574e-07,0.0,-6.895675278403218e-06,0.0,1.3409981277290003e-05,0.0,-7.729345066347668e-07,0.0,-6.407794566227244e-07,0.0,-2.4850565581292823e-07,0.0,-2.262168435189063e-07,0.0,-8.013205444595359e-07,0.0,-3.7205276106417927e-07,0.0,-6.583230381800816e-07,0.0,-7.729345066347666e-07,0.0,1.3539729735809249e-05,0.0,-6.73504740765676e-06,0.0,-6.40779456622725e-07,0.0,-5.524725680038392e-07,0.0,-6.613685675801037e-07,0.0,-6.140114491766713e-07,0.0,-5.524725680038395e-07,0.0,-6.407794566227248e-07,0.0,-6.735047407656759e-06,0.0,1.3539729735809257e-05,0.0,-7.729345066347674e-07,0.0,-6.583230381800806e-07,0.0,-6.140114491766706e-07,0.0,-6.61368567580104e-07,0.0,-2.262168435189058e-07,0.0,-2.4850565581292823e-07,0.0,-6.407794566227253e-07,0.0,-7.729345066347667e-07,0.0,1.3409981277290013e-05,0.0,-6.895675278403217e-06,0.0,-3.720527610641789e-07,0.0,-8.013205444595369e-07,0.0,-2.0721017667860247e-07,0.0,-2.2621684351890602e-07,0.0,-5.524725680038395e-07,0.0,-6.583230381800813e-07,0.0,-6.89567527840322e-06,0.0,1.334326889363981e-05,0.0,-3.539601593193558e-07,0.0,-7.941080546251373e-07,0.0,-7.94108054625138e-07,0.0,-8.013205444595365e-07,0.0,-6.61368567580104e-07,0.0,-6.140114491766711e-07,0.0,-3.720527610641795e-07,0.0,-3.5396015931935585e-07,0.0,8.353186200696393e-06,0.0,-1.075167480008653e-06,0.0,-3.5396015931935627e-07,0.0,-3.720527610641786e-07,0.0,-6.140114491766708e-07,0.0,-6.613685675801042e-07,0.0,-8.013205444595368e-07,0.0,-7.941080546251378e-07,0.0,-1.075167480008653e-06,0.0,8.353186200696398e-06
1320322.0259602196,0.0,1.3891918860055648e-05,0.0,-7.179212396636201e-06,0.0,-6.853920357148926e-07,0.0,-5.75189194513964e-07,0.0,-2.3551845203692842e-07,0.0,-2.157302670239242e-07,0.0,-8.267602750797745e-07,0.0,-3.685143312446234e-07,0.0,-7.179212396636201e-06,0.0,1.3961374330676577e-05,0.0,-8.047161108643681e-07,0.0,-6.671270952829619e-07,0.0,-2.5872373811365285e-07,0.0,-2.3551845203692855e-07,0.0,-8.342693288474169e-07,0.0,-3.8735086653517675e-07,0.0,-6.853920357148926e-07,0.0,-8.047161108643683e-07,0.0,1.4096457800277188e-05,0.0,-7.011979811813083e-06,0.0,-6.671270952829631e-07,0.0,-5.751891945139639e-07,0.0,-6.885627915205563e-07,0.0,-6.392584380258796e-07,0.0,-5.75189194513964e-07,0.0,-6.671270952829628e-07,0.0,-7.011979811813084e-06,0.0,1.4096457800277181e-05,0.0,-8.04716110864368e-07,0.0,-6.853920357148927e-07,0.0,-6.392584380258799e-07,0.0,-6.885627915205563e-07,0.0,-2.3551845203692858e-07,0.0,-2.587237381136533e-07,0.0,-6.671270952829631e-07,0.0,-8.047161108643678e-07,0.0,1.3961374330676577e-05,0.0,-7.179212396636201e-06,0.0,-3.873508665351764e-07,0.0,-8.342693288474167e-07,0.0,-2.1573026702392434e-07,0.0,-2.3551845203692823e-07,0.0,-5.751891945139639e-07,0.0,-6.853920357148921e-07,0.0,-7.179212396636201e-06,0.0,1.3891918860055648e-05,0.0,-3.685143312446237e-07,0.0,-8.26760275079775e-07,0.0,-8.267602750797746e-07,0.0,-8.34269328847417e-07,0.0,-6.885627915205568e-07,0.0,-6.392584380258796e-07,0.0,-3.873508665351763e-07,0.0,-3.6851433124462354e-07,0.0,8.696653409894424e-06,0.0,-1.1193763321647635e-06,0.0,-3.685143312446236e-07,0.0,-3.8735086653517686e-07,0.0,-6.392584380258799e-07,0.0,-6.885627915205561e-07,0.0,-8.342693288474168e-07,0.0,-8.267602750797746e-07,0.0,-1.1193763321647635e-06,0.0,8.696653409894426e-06
1374611.1691211173,0.0,1.4463128274838114e-05,0.0,-7.4744080246119e-06,0.0,-7.135740592035976e-07,0.0,-5.988398857177708e-07,0.0,-2.452025250950654e-07,0.0,-2.2460068736102568e-07,0.0,-8.607550930492059e-07,0.0,-3.836669431774832e-07,0.0,-7.474408024611903e-06,0.0,1.4535439622975067e-05,0.0,-8.378045145171244e-07,0.0,-6.945580989852533e-07,0.0,-2.6936196862212237e-07,0.0,-2.4520252509506515e-07,0.0,-8.685729048978164e-07,0.0,-4.032780011533634e-07,0.0,-7.135740592035966e-07,0.0,-8.378045145171244e-07,0.0,1.4676077469216848e-05,0.0,-7.300299152367895e-06,0.0,-6.945580989852527e-07,0.0,-5.988398857177709e-07,0.0,-7.168751904877255e-07,0.0,-6.655435352797554e-07,0.0,-5.988398857177714e-07,0.0,-6.945580989852533e-07,0.0,-7.300299152367899e-06,0.0,1.467607746921684e-05,0.0,-8.378045145171247e-07,0.0,-7.135740592035979e-07,0.0,-6.655435352797557e-07,0.0,-7.168751904877258e-07,0.0,-2.452025250950653e-07,0.0,-2.6936196862212263e-07,0.0,-6.945580989852539e-07,0.0,-8.378045145171242e-07,0.0,1.453543962297507e-05,0.0,-7.4744080246119e-06,0.0,-4.032780011533636e-07,0.0,-8.685729048978157e-07,0.0,-2.2460068736102534e-07,0.0,-2.4520252509506526e-07,0.0,-5.988398857177707e-07,0.0,-7.13574059203597e-07,0.0,-7.474408024611902e-06,0.0,1.4463128274838116e-05,0.0,-3.8366694317748265e-07,0.0,-8.607550930492069e-07,0.0,-8.607550930492069e-07,0.0,-8.685729048978156e-07,0.0,-7.168751904877253e-07,0.0,-6.655435352797556e-07,0.0,-4.032780011533637e-07,0.0,-3.8366694317748296e-07,0.0,9.054243340765344e-06,0.0,-1.1654029686617331e-06,0.0,-3.8366694317748275e-07,0.0,-4.032780011533636e-07,0.0,-6.65543535279756e-07,0.0,-7.168751904877253e-07,0.0,-8.685729048978156e-07,0.0,-8.607550930492065e-07,0.0,-1.165402968661733e-06,0.0,9.054243340765344e-06
1431132.5791132837,0.0,1.5057824739813071e-05,0.0,-7.781741538188645e-06,0.0,-7.42914874167154e-07,0.0,-6.234630485878634e-07,0.0,-2.5528478891143884e-07,0.0,-2.3383584259621232e-07,0.0,-8.961477136025413e-07,0.0,-3.994426018385721e-07,0.0,-7.781741538188644e-06,0.0,1.5133109393745104e-05,0.0,-8.72253450712359e-07,0.0,-7.231170136499905e-07,0.0,-2.804376230375617e-07,0.0,-2.552847889114386e-07,0.0,-9.042869790801208e-07,0.0,-4.198600294069131e-07,0.0,-7.429148741671546e-07,0.0,-8.722534507123593e-07,0.0,1.527953000208457e-05,0.0,-7.600473638597533e-06,0.0,-7.23117013649991e-07,0.0,-6.23463048587863e-07,0.0,-7.463517417227018e-07,0.0,-6.929094259914061e-07,0.0,-6.234630485878624e-07,0.0,-7.23117013649991e-07,0.0,-7.600473638597534e-06,0.0,1.527953000208457e-05,0.0,-8.722534507123586e-07,0.0,-7.429148741671531e-07,0.0,-6.929094259914061e-07,0.0,-7.463517417227022e-07,0.0,-2.5528478891143863e-07,0.0,-2.8043762303756167e-07,0.0,-7.231170136499914e-07,0.0,-8.722534507123591e-07,0.0,1.5133109393745106e-05,0.0,-7.781741538188645e-06,0.0,-4.1986002940691283e-07,0.0,-9.042869790801209e-07,0.0,-2.3383584259621232e-07,0.0,-2.5528478891143884e-07,0.0,-6.234630485878626e-07,0.0,-7.429148741671539e-07,0.0,-7.781741538188642e-06,0.0,1.5057824739813071e-05,0.0,-3.99442601838572e-07,0.0,-8.961477136025413e-07,0.0,-8.961477136025413e-07,0.0,-9.042869790801206e-07,0.0,-7.463517417227022e-07,0.0,-6.929094259914064e-07,0.0,-4.1986002940691267e-07,0.0,-3.9944260183857214e-07,0.0,9.426536692898835e-06,0.0,-1.2133221333517254e-06,0.0,-3.9944260183857214e-07,0.0,-4.198600294069129e-07,0.0,-6.929094259914065e-07,0.0,-7.463517417227019e-07,0.0,-9.042869790801206e-07,0.0,-8.961477136025413e-07,0.0,-1.2133221333517254e-06,0.0,9.426536692898838e-06
1489978.0425245308,0.0,1.5676973998038083e-05,0.0,-8.101712024252893e-06,0.0,-7.734621279181386e-07,0.0,-6.490986693188735e-07,0.0,-2.657816163365007e-07,0.0,-2.434507299382773e-07,0.0,-9.329956117368599e-07,0.0,-4.1586692573031736e-07,0.0,-8.101712024252895e-06,0.0,1.5755354214472885e-05,0.0,-9.081188619735791e-07,0.0,-7.528502168415188e-07,0.0,-2.919686874032536e-07,0.0,-2.657816163365007e-07,0.0,-9.414695484083214e-07,0.0,-4.3712387928280474e-07,0.0,-7.734621279181387e-07,0.0,-9.081188619735788e-07,0.0,1.5907795361144325e-05,0.0,-7.912990731657737e-06,0.0,-7.528502168415194e-07,0.0,-6.490986693188737e-07,0.0,-7.770403129637223e-07,0.0,-7.214005503425471e-07,0.0,-6.490986693188735e-07,0.0,-7.528502168415189e-07,0.0,-7.912990731657739e-06,0.0,1.5907795361144315e-05,0.0,-9.081188619735784e-07,0.0,-7.73462127918138e-07,0.0,-7.214005503425471e-07,0.0,-7.77040312963723e-07,0.0,-2.6578161633650044e-07,0.0,-2.919686874032536e-07,0.0,-7.528502168415194e-07,0.0,-9.081188619735788e-07,0.0,1.5755354214472885e-05,0.0,-8.101712024252895e-06,0.0,-4.371238792828047e-07,0.0,-9.414695484083215e-07,0.0,-2.4345072993827795e-07,0.0,-2.6578161633650096e-07,0.0,-6.490986693188736e-07,0.0,-7.734621279181382e-07,0.0,-8.101712024252893e-06,0.0,1.5676973998038087e-05,0.0,-4.1586692573031736e-07,0.0,-9.329956117368598e-07,0.0,-9.329956117368603e-07,0.0,-9.414695484083214e-07,0.0,-7.770403129637224e-07,0.0,-7.214005503425471e-07,0.0,-4.3712387928280474e-07,0.0,-4.1586692573031715e-07,0.0,9.814138043152807e-06,0.0,-1.2632116434126616e-06,0.0,-4.1586692573031715e-07,0.0,-4.3712387928280474e-07,0.0,-7.214005503425474e-07,0.0,-7.770403129637224e-07,0.0,-9.414695484083215e-07,0.0,-9.329956117368598e-07,0.0,-1.2632116434126611e-06,0.0,9.814138043152809e-06
1551243.1200334697,0.0,1.6321581502097737e-05,0.0,-8.434839091199442e-06,0.0,-8.052654269364554e-07,0.0,-6.757883782620947e-07,0.0,-2.767100534413307e-07,0.0,-2.534609632528608e-07,0.0,-9.71358625712361e-07,0.0,-4.3296658673948485e-07,0.0,-8.434839091199442e-06,0.0,1.6403184564707442e-05,0.0,-9.454589910749947e-07,0.0,-7.838059930818645e-07,0.0,-3.039738873145463e-07,0.0,-2.767100534413304e-07,0.0,-9.801809946238733e-07,0.0,-4.5509758599588747e-07,0.0,-8.052654269364554e-07,0.0,-9.454589910749947e-07,0.0,1.6561893802853947e-05,0.0,-8.238357936184542e-06,0.0,-7.838059930818642e-07,0.0,-6.757883782620942e-07,0.0,-8.089907401798395e-07,0.0,-7.510631758110694e-07,0.0,-6.757883782620945e-07,0.0,-7.838059930818642e-07,0.0,-8.238357936184545e-06,0.0,1.656189380285394e-05,0.0,-9.454589910749943e-07,0.0,-8.05265426936455e-07,0.0,-7.510631758110698e-07,0.0,-8.089907401798401e-07,0.0,-2.767100534413303e-07,0.0,-3.039738873145463e-07,0.0,-7.838059930818649e-07,0.0,-9.454589910749949e-07,0.0,1.6403184564707442e-05,0.0,-8.434839091199442e-06,0.0,-4.550975859958875e-07,0.0,-9.801809946238733e-07,0.0,-2.534609632528607e-07,0.0,-2.7671005344133056e-07,0.0,-6.757883782620944e-07,0.0,-8.052654269364548e-07,0.0,-8.434839091199444e-06,0.0,1.6321581502097737e-05,0.0,-4.329665867394845e-07,0.0,-9.71358625712361e-07,0.0,-9.71358625712361e-07,0.0,-9.801809946238735e-07,0.0,-8.089907401798404e-07,0.0,-7.510631758110698e-07,0.0,-4.550975859958875e-07,0.0,-4.3296658673948453e-07,0.0,1.0217676827441492e-05,0.0,-1.3151525157175607e-06,0.0,-4.3296658673948485e-07,0.0,-4.550975859958875e-07,0.0,-7.510631758110698e-07,0.0,-8.089907401798398e-07,0.0,-9.801809946238735e-07,0.0,-9.713586257123611e-07,0.0,-1.3151525157175607e-06,0.0,1.0217676827441495e-05
1615027.3015929707,0.0,1.6992694046884098e-05,0.0,-8.78166371273693e-06,0.0,-8.383764174265817e-07,0.0,-7.035755175300773e-07,0.0,-2.880878471991911e-07,0.0,-2.63882798418207e-07,0.0,-1.0112990542252607e-06,0.0,-4.507693534503488e-07,0.0,-8.781663712736932e-06,0.0,1.7077652473004587e-05,0.0,-9.8433447562347e-07,0.0,-8.16034612261223e-07,0.0,-3.164727183278306e-07,0.0,-2.880878471991911e-07,0.0,-1.0204841822511699e-06,0.0,-4.73810337515988e-07,0.0,-8.38376417426583e-07,0.0,-9.843344756234703e-07,0.0,1.7242887534686006e-05,0.0,-8.57710362444417e-06,0.0,-8.160346122612231e-07,0.0,-7.035755175300772e-07,0.0,-8.422549085008394e-07,0.0,-7.81945472305996e-07,0.0,-7.035755175300767e-07,0.0,-8.160346122612226e-07,0.0,-8.577103624444169e-06,0.0,1.7242887534686012e-05,0.0,-9.843344756234703e-07,0.0,-8.383764174265822e-07,0.0,-7.819454723059962e-07,0.0,-8.422549085008388e-07,0.0,-2.880878471991911e-07,0.0,-3.164727183278308e-07,0.0,-8.160346122612228e-07,0.0,-9.843344756234703e-07,0.0,1.7077652473004583e-05,0.0,-8.781663712736932e-06,0.0,-4.738103375159883e-07,0.0,-1.0204841822511694e-06,0.0,-2.638827984182071e-07,0.0,-2.880878471991909e-07,0.0,-7.035755175300774e-07,0.0,-8.383764174265825e-07,0.0,-8.781663712736932e-06,0.0,1.6992694046884095e-05,0.0,-4.507693534503485e-07,0.0,-1.0112990542252613e-06,0.0,-1.0112990542252611e-06,0.0,-1.0204841822511696e-06,0.0,-8.422549085008388e-07,0.0,-7.819454723059962e-07,0.0,-4.7381033751598837e-07,0.0,-4.507693534503488e-07,0.0,1.0637808362892733e-05,0.0,-1.369229098399941e-06,0.0,-4.507693534503485e-07,0.0,-4.7381033751598837e-07,0.0,-7.81945472305996e-07,0.0,-8.422549085008397e-07,0.0,-1.0204841822511699e-06,0.0,-1.0112990542252611e-06,0.0,-1.3692290983999408e-06,0.0,1.0637808362892733e-05
1681434.1679945018,0.0,1.769140146951435e-05,0.0,-9.14274910638922e-06,0.0,-8.728488691871989e-07,0.0,-7.325052113810257e-07,0.0,-2.999334743053038e-07,0.0,-2.747331597235149e-07,0.0,-1.0528817575762775e-06,0.0,-4.693041362388225e-07,0.0,-9.142749106389222e-06,0.0,1.7779853225343575e-05,0.0,-1.0248084465295189e-06,0.0,-8.495884112725496e-07,0.0,-3.294854776198849e-07,0.0,-2.999334743053037e-07,0.0,-1.0624445606848878e-06,0.0,-4.932925219670219e-07,0.0,-8.72848869187198e-07,0.0,-1.0248084465295189e-06,0.0,1.7951882440074363e-05,0.0,-8.9297778943706e-06,0.0,-8.495884112725496e-07,0.0,-7.325052113810259e-07,0.0,-8.768868364748629e-07,0.0,-8.140975903918568e-07,0.0,-7.325052113810259e-07,0.0,-8.495884112725498e-07,0.0,-8.929777894370604e-06,0.0,1.795188244007436e-05,0.0,-1.0248084465295189e-06,0.0,-8.72848869187198e-07,0.0,-8.140975903918565e-07,0.0,-8.768868364748629e-07,0.0,-2.999334743053036e-07,0.0,-3.2948547761988505e-07,0.0,-8.495884112725504e-07,0.0,-1.0248084465295187e-06,0.0,1.7779853225343568e-05,0.0,-9.142749106389222e-06,0.0,-4.932925219670214e-07,0.0,-1.062444560684888e-06,0.0,-2.747331597235147e-07,0.0,-2.999334743053037e-07,0.0,-7.325052113810251e-07,0.0,-8.728488691871982e-07,0.0,-9.14274910638922e-06,0.0,1.769140146951435e-05,0.0,-4.693041362388231e-07,0.0,-1.052881757576277e-06,0.0,-1.0528817575762767e-06,0.0,-1.0624445606848889e-06,0.0,-8.768868364748629e-07,0.0,-8.140975903918573e-07,0.0,-4.932925219670215e-07,0.0,-4.6930413623882297e-07,0.0,1.1075214912034617e-05,0.0,-1.4255292078289578e-06,0.0,-4.6930413623882324e-07,0.0,-4.932925219670215e-07,0.0,-8.140975903918568e-07,0.0,-8.768868364748625e-07,0.0,-1.0624445606848882e-06,0.0,-1.0528817575762769e-06,0.0,-1.4255292078289582e-06,0.0,1.1075214912034613e-05
1750571.5590756596,0.0,1.841883841914555e-05,0.0,-9.518681648118922e-06,0.0,-9.087387629293472e-07,0.0,-7.62624439497248e-07,0.0,-3.1226617118163156e-07,0.0,-2.8602966735272547e-07,0.0,-1.0961742629989483e-06,0.0,-4.886010342207693e-07,0.0,-9.518681648118927e-06,0.0,1.851092714379042e-05,0.0,-1.0669466305272268e-06,0.0,-8.845218790027953e-07,0.0,-3.4303329694898666e-07,0.0,-3.122661711816318e-07,0.0,-1.1061302704749616e-06,0.0,-5.135757769750496e-07,0.0,-9.087387629293465e-07,0.0,-1.0669466305272266e-06,0.0,1.869002987428687e-05,0.0,-9.296953462883845e-06,0.0,-8.845218790027964e-07,0.0,-7.626244394972476e-07,0.0,-9.129427637905251e-07,0.0,-8.475717427294907e-07,0.0,-7.626244394972481e-07,0.0,-8.845218790027955e-07,0.0,-9.296953462883847e-06,0.0,1.8690029874286874e-05,0.0,-1.0669466305272268e-06,0.0,-9.087387629293476e-07,0.0,-8.475717427294907e-07,0.0,-9.129427637905254e-07,0.0,-3.122661711816317e-07,0.0,-3.430332969489867e-07,0.0,-8.845218790027963e-07,0.0,-1.066946630527227e-06,0.0,1.851092714379043e-05,0.0,-9.518681648118922e-06,0.0,-5.135757769750496e-07,0.0,-1.1061302704749616e-06,0.0,-2.8602966735272573e-07,0.0,-3.122661711816312e-07,0.0,-7.626244394972482e-07,0.0,-9.087387629293472e-07,0.0,-9.518681648118925e-06,0.0,1.8418838419145548e-05,0.0,-4.886010342207692e-07,0.0,-1.096174262998949e-06,0.0,-1.0961742629989494e-06,0.0,-1.1061302704749608e-06,0.0,-9.129427637905254e-07,0.0,-8.475717427294899e-07,0.0,-5.135757769750501e-07,0.0,-4.886010342207694e-07,0.0,1.1530606790739267e-05,0.0,-1.4841442712166821e-06,0.0,-4.886010342207694e-07,0.0,-5.135757769750497e-07,0.0,-8.47571742729491e-07,0.0,-9.129427637905255e-07,0.0,-1.106130270474961e-06,0.0,-1.0961742629989485e-06,0.0,-1.4841442712166821e-06,0.0,1.1530606790739265e-05
1822551.7488440895,0.0,1.9176186199560867e-05,0.0,-9.910071824558582e-06,0.0,-9.461043811849774e-07,0.0,-7.939821132766839e-07,0.0,-3.2510596521540567e-07,0.0,-2.977906659984039e-07,0.0,-1.141246874318874e-06,0.0,-5.086913841307338e-07,0.0,-9.91007182455858e-06,0.0,1.9272061438296597e-05,0.0,-1.110817456909605e-06,0.0,-9.208917448188316e-07,0.0,-3.571381769713241e-07,0.0,-3.2510596521540557e-07,0.0,-1.1516122539817842e-06,0.0,-5.346930410454503e-07,0.0,-9.461043811849769e-07,0.0,-1.1108174569096048e-06,0.0,1.9458528534141233e-05,0.0,-9.679226595939881e-06,0.0,-9.208917448188319e-07,0.0,-7.939821132766841e-07,0.0,-9.504812426060132e-07,0.0,-8.824222888655428e-07,0.0,-7.939821132766841e-07,0.0,-9.208917448188317e-07,0.0,-9.679226595939883e-06,0.0,1.9458528534141226e-05,0.0,-1.1108174569096044e-06,0.0,-9.461043811849762e-07,0.0,-8.824222888655432e-07,0.0,-9.504812426060132e-07,0.0,-3.251059652154053e-07,0.0,-3.5713817697132437e-07,0.0,-9.208917448188323e-07,0.0,-1.110817456909605e-06,0.0,1.9272061438296597e-05,0.0,-9.910071824558582e-06,0.0,-5.346930410454501e-07,0.0,-1.1516122539817838e-06,0.0,-2.977906659984039e-07,0.0,-3.251059652154058e-07,0.0,-7.939821132766845e-07,0.0,-9.461043811849759e-07,0.0,-9.910071824558582e-06,0.0,1.9176186199560874e-05,0.0,-5.086913841307335e-07,0.0,-1.1412468743188744e-06,0.0,-1.1412468743188736e-06,0.0,-1.1516122539817842e-06,0.0,-9.504812426060132e-07,0.0,-8.824222888655434e-07,0.0,-5.346930410454501e-07,0.0,-5.086913841307338e-07,0.0,1.200472352172329e-05,0.0,-1.5451694750891324e-06,0.0,-5.086913841307335e-07,0.0,-5.346930410454501e-07,0.0,-8.824222888655436e-07,0.0,-9.504812426060132e-07,0.0,-1.1516122539817842e-06,0.0,-1.1412468743188742e-06,0.0,-1.545169475089132e-06,0.0,1.2004723521723291e-05
1897491.6278021662,0.0,1.9964674687519612e-05,0.0,-1.0317555224395804e-05,0.0,-9.850064029534538e-07,0.0,-8.266291552614013e-07,0.0,-3.3847370728212215e-07,0.0,-3.1003525465215187e-07,0.0,-1.188172786121917e-06,0.0,-5.296078112104865e-07,0.0,-1.0317555224395805e-05,0.0,2.0064492134640084e-05,0.0,-1.156492168652698e-06,0.0,-9.58757070691737e-07,0.0,-3.7182302296843443e-07,0.0,-3.384737072821223e-07,0.0,-1.1989643705813634e-06,0.0,-5.566786070526075e-07,0.0,-9.850064029534538e-07,0.0,-1.1564921686526982e-06,0.0,2.0258626404599874e-05,0.0,-1.0077218076822426e-05,0.0,-9.587570706917368e-07,0.0,-8.266291552614015e-07,0.0,-9.895632326334524e-07,0.0,-9.187058235083505e-07,0.0,-8.266291552614014e-07,0.0,-9.587570706917375e-07,0.0,-1.0077218076822429e-05,0.0,2.0258626404599867e-05,0.0,-1.156492168652698e-06,0.0,-9.85006402953453e-07,0.0,-9.187058235083493e-07,0.0,-9.895632326334524e-07,0.0,-3.384737072821226e-07,0.0,-3.718230229684343e-07,0.0,-9.587570706917372e-07,0.0,-1.1564921686526982e-06,0.0,2.006449213464008e-05,0.0,-1.0317555224395805e-05,0.0,-5.566786070526076e-07,0.0,-1.1989643705813634e-06,0.0,-3.1003525465215177e-07,0.0,-3.384737072821222e-07,0.0,-8.266291552614011e-07,0.0,-9.850064029534531e-07,0.0,-1.0317555224395802e-05,0.0,1.996467468751961e-05,0.0,-5.296078112104867e-07,0.0,-1.1881727861219173e-06,0.0,-1.1881727861219173e-06,0.0,-1.1989643705813636e-06,0.0,-9.89563232633453e-07,0.0,-9.187058235083495e-07,0.0,-5.566786070526075e-07,0.0,-5.296078112104866e-07,0.0,1.249833503547794e-05,0.0,-1.6087039198621462e-06,0.0,-5.296078112104868e-07,0.0,-5.566786070526076e-07,0.0,-9.187058235083503e-07,0.0,-9.895632326334524e-07,0.0,-1.198964370581363e-06,0.0,-1.1881727861219171e-06,0.0,-1.6087039198621458e-06,0.0,1.2498335035477944e-05
1975512.8927685209,0.0,2.0785584329985997e-05,0.0,-1.0741793570522254e-05,0.0,-1.0255080022397728e-06,0.0,-8.606185818320302e-07,0.0,-3.5239110560581896e-07,0.0,-3.227833176199683e-07,0.0,-1.2370282026168016e-06,0.0,-5.51384282190001e-07,0.0,-1.0741793570522259e-05,0.0,2.088950608163985e-05,0.0,-1.2040449381089092e-06,0.0,-9.981793471090777e-07,0.0,-3.871116820436863e-07,0.0,-3.5239110560581954e-07,0.0,-1.2482635166074776e-06,0.0,-5.795681779290072e-07,0.0,-1.0255080022397728e-06,0.0,-1.2040449381089087e-06,0.0,2.1091622785405236e-05,0.0,-1.0491574214249073e-05,0.0,-9.981793471090777e-07,0.0,-8.606185818320297e-07,0.0,-1.0302522001329742e-06,0.0,-9.564812684335556e-07,0.0,-8.606185818320291e-07,0.0,-9.981793471090766e-07,0.0,-1.0491574214249075e-05,0.0,2.109162278540523e-05,0.0,-1.2040449381089083e-06,0.0,-1.025508002239772e-06,0.0,-9.564812684335556e-07,0.0,-1.0302522001329744e-06,0.0,-3.523911056058192e-07,0.0,-3.871116820436857e-07,0.0,-9.981793471090777e-07,0.0,-1.204044938108908e-06,0.0,2.0889506081639858e-05,0.0,-1.074179357052226e-05,0.0,-5.795681779290074e-07,0.0,-1.2482635166074776e-06,0.0,-3.227833176199685e-07,0.0,-3.52391105605819e-07,0.0,-8.6061858183203e-07,0.0,-1.0255080022397721e-06,0.0,-1.0741793570522259e-05,0.0,2.0785584329986e-05,0.0,-5.513842821900007e-07,0.0,-1.2370282026168011e-06,0.0,-1.2370282026168007e-06,0.0,-1.248263516607477e-06,0.0,-1.0302522001329746e-06,0.0,-9.56481268433555e-07,0.0,-5.795681779290072e-07,0.0,-5.513842821900004e-07,0.0,1.301224292057928e-05,0.0,-1.6748507807731255e-06,0.0,-5.513842821900007e-07,0.0,-5.795681779290072e-07,0.0,-9.564812684335548e-07,0.0,-1.0302522001329744e-06,0.0,-1.2482635166074776e-06,0.0,-1.2370282026168013e-06,0.0,-1.6748507807731257e-06,0.0,1.3012242920579279e-05
2056742.2445046713,0.0,2.1640248223480354e-05,0.0,-1.1183475794622684e-05,0.0,-1.0676749506444624e-06,0.0,-8.960055893024454e-07,0.0,-3.6688076101162666e-07,0.0,-3.360555568128849e-07,0.0,-1.2878924613851053e-06,0.0,-5.740561604469063e-07,0.0,-1.1183475794622686e-05,0.0,2.1748443040903114e-05,0.0,-1.2535529874574086e-06,0.0,-1.0392225929309025e-06,0.0,-4.030289818482104e-07,0.0,-3.668807610116268e-07,0.0,-1.2995897502256319e-06,0.0,-6.033989246441552e-07,0.0,-1.0676749506444616e-06,0.0,-1.2535529874574075e-06,0.0,2.1958870401046406e-05,0.0,-1.0922967891928814e-05,0.0,-1.0392225929309033e-06,0.0,-8.96005589302444e-07,0.0,-1.072614220977224e-06,0.0,-9.95809968168713e-07,0.0,-8.960055893024453e-07,0.0,-1.0392225929309031e-06,0.0,-1.0922967891928819e-05,0.0,2.1958870401046396e-05,0.0,-1.253552987457408e-06,0.0,-1.0676749506444633e-06,0.0,-9.958099681687144e-07,0.0,-1.0726142209772243e-06,0.0,-3.6688076101162645e-07,0.0,-4.030289818482097e-07,0.0,-1.039222592930904e-06,0.0,-1.2535529874574073e-06,0.0,2.1748443040903127e-05,0.0,-1.1183475794622686e-05,0.0,-6.033989246441548e-07,0.0,-1.2995897502256313e-06,0.0,-3.3605555681288527e-07,0.0,-3.668807610116269e-07,0.0,-8.960055893024448e-07,0.0,-1.0676749506444624e-06,0.0,-1.1183475794622688e-05,0.0,2.1640248223480358e-05,0.0,-5.740561604469069e-07,0.0,-1.2878924613851049e-06,0.0,-1.2878924613851046e-06,0.0,-1.2995897502256313e-06,0.0,-1.0726142209772243e-06,0.0,-9.95809968168713e-07,0.0,-6.033989246441547e-07,0.0,-5.740561604469065e-07,0.0,1.3547281725408694e-05,0.0,-1.743717475429989e-06,0.0,-5.740561604469064e-07,0.0,-6.033989246441545e-07,0.0,-9.95809968168714e-07,0.0,-1.0726142209772243e-06,0.0,-1.2995897502256313e-06,0.0,-1.2878924613851046e-06,0.0,-1.7437174754299885e-06,0.0,1.3547281725408692e-05
2141311.593467683,0.0,2.2530054278929207e-05,0.0,-1.1643319155948997e-05,0.0,-1.1115757241718055e-06,0.0,-9.328476435544962e-07,0.0,-3.819662036278359e-07,0.0,-3.498735253653386e-07,0.0,-1.3408481622196242e-06,0.0,-5.976602634340039e-07,0.0,-1.164331915594899e-05,0.0,2.2642697862499062e-05,0.0,-1.3050967141072402e-06,0.0,-1.081953459351642e-06,0.0,-4.196007708991693e-07,0.0,-3.8196620362783524e-07,0.0,-1.3530264214415977e-06,0.0,-6.282095465674806e-07,0.0,-1.111575724171805e-06,0.0,-1.3050967141072409e-06,0.0,2.286177759748359e-05,0.0,-1.1372099661275427e-05,0.0,-1.081953459351642e-06,0.0,-9.328476435544975e-07,0.0,-1.1167180879536902e-06,0.0,-1.0367557896122701e-06,0.0,-9.328476435544964e-07,0.0,-1.0819534593516422e-06,0.0,-1.137209966127543e-05,0.0,2.2861777597483586e-05,0.0,-1.30509671410724e-06,0.0,-1.1115757241718038e-06,0.0,-1.0367557896122684e-06,0.0,-1.11671808795369e-06,0.0,-3.8196620362783587e-07,0.0,-4.196007708991697e-07,0.0,-1.0819534593516422e-06,0.0,-1.3050967141072402e-06,0.0,2.264269786249905e-05,0.0,-1.1643319155948992e-05,0.0,-6.282095465674808e-07,0.0,-1.3530264214415977e-06,0.0,-3.4987352536533804e-07,0.0,-3.8196620362783577e-07,0.0,-9.328476435544965e-07,0.0,-1.1115757241718053e-06,0.0,-1.1643319155948994e-05,0.0,2.2530054278929204e-05,0.0,-5.976602634340031e-07,0.0,-1.3408481622196246e-06,0.0,-1.3408481622196252e-06,0.0,-1.3530264214415985e-06,0.0,-1.1167180879536902e-06,0.0,-1.03675578961227e-06,0.0,-6.282095465674806e-07,0.0,-5.976602634340038e-07,0.0,1.4104320313397743e-05,0.0,-1.8154158382494168e-06,0.0,-5.976602634340037e-07,0.0,-6.282095465674809e-07,0.0,-1.0367557896122697e-06,0.0,-1.1167180879536895e-06,0.0,-1.3530264214415981e-06,0.0,-1.3408481622196252e-06,0.0,-1.8154158382494166e-06,0.0,1.4104320313397745e-05
2229358.2740229913,0.0,2.345644747552989e-05,0.0,-1.212207040609619e-05,0.0,-1.157281614429793e-06,0.0,-9.712045733583486e-07,0.0,-3.9767193109708327e-07,0.0,-3.6425966263586716e-07,0.0,-1.395981301260328e-06,0.0,-6.222349224680761e-07,0.0,-1.2122070406096192e-05,0.0,2.3573722750092037e-05,0.0,-1.3587598212567684e-06,0.0,-1.1264413381367064e-06,0.0,-4.368539605558375e-07,0.0,-3.9767193109708316e-07,0.0,-1.408660307455655e-06,0.0,-6.540403343132511e-07,0.0,-1.1572816144297931e-06,0.0,-1.3587598212567681e-06,0.0,2.3801810629197768e-05,0.0,-1.1839698879051088e-05,0.0,-1.1264413381367062e-06,0.0,-9.712045733583482e-07,0.0,-1.1626354224790995e-06,0.0,-1.0793852257486665e-06,0.0,-9.712045733583482e-07,0.0,-1.1264413381367066e-06,0.0,-1.183969887905109e-05,0.0,2.3801810629197758e-05,0.0,-1.3587598212567677e-06,0.0,-1.157281614429793e-06,0.0,-1.0793852257486665e-06,0.0,-1.1626354224790999e-06,0.0,-3.9767193109708295e-07,0.0,-4.3685396055583786e-07,0.0,-1.1264413381367068e-06,0.0,-1.3587598212567669e-06,0.0,2.3573722750092037e-05,0.0,-1.2122070406096192e-05,0.0,-6.540403343132515e-07,0.0,-1.4086603074556549e-06,0.0,-3.6425966263586795e-07,0.0,-3.9767193109708327e-07,0.0,-9.712045733583492e-07,0.0,-1.1572816144297923e-06,0.0,-1.212207040609619e-05,0.0,2.345644747552989e-05,0.0,-6.222349224680759e-07,0.0,-1.3959813012603285e-06,0.0,-1.3959813012603287e-06,0.0,-1.4086603074556553e-06,0.0,-1.1626354224790995e-06,0.0,-1.0793852257486667e-06,0.0,-6.540403343132511e-07,0.0,-6.222349224680763e-07,0.0,1.4684263273998082e-05,0.0,-1.890062302067671e-06,0.0,-6.222349224680765e-07,0.0,-6.54040334313251e-07,0.0,-1.0793852257486669e-06,0.0,-1.162635422479099e-06,0.0,-1.4086603074556542e-06,0.0,-1.395981301260328e-06,0.0,-1.890062302067671e-06,0.0,1.4684263273998087e-05
2321025.2674652506,0.0,2.442093220728993e-05,0.0,-1.2620507001671751e-05,0.0,-1.2048668444024286e-06,0.0,-1.011138667529977e-06,0.0,-4.1402344835871444e-07,0.0,-3.7923733064697033e-07,0.0,-1.453381410645719e-06,0.0,-6.478200449771187e-07,0.0,-1.2620507001671748e-05,0.0,2.4543029619213087e-05,0.0,-1.4146294538214733e-06,0.0,-1.1727584743095894e-06,0.0,-4.548165687216544e-07,0.0,-4.1402344835871423e-07,0.0,-1.4665817535823424e-06,0.0,-6.809332351695487e-07,0.0,-1.204866844402429e-06,0.0,-1.414629453821473e-06,0.0,2.478049604027946e-05,0.0,-1.2326524891787839e-05,0.0,-1.17275847430959e-06,0.0,-1.0111386675299768e-06,0.0,-1.2104407909073015e-06,0.0,-1.123767503628043e-06,0.0,-1.0111386675299766e-06,0.0,-1.1727584743095907e-06,0.0,-1.2326524891787844e-05,0.0,2.478049604027945e-05,0.0,-1.4146294538214737e-06,0.0,-1.2048668444024282e-06,0.0,-1.1237675036280426e-06,0.0,-1.2104407909073017e-06,0.0,-4.140234483587145e-07,0.0,-4.548165687216544e-07,0.0,-1.1727584743095913e-06,0.0,-1.414629453821473e-06,0.0,2.4543029619213083e-05,0.0,-1.262050700167175e-05,0.0,-6.809332351695482e-07,0.0,-1.4665817535823433e-06,0.0,-3.7923733064696986e-07,0.0,-4.1402344835871455e-07,0.0,-1.0111386675299761e-06,0.0,-1.2048668444024286e-06,0.0,-1.2620507001671751e-05,0.0,2.442093220728993e-05,0.0,-6.478200449771191e-07,0.0,-1.4533814106457193e-06,0.0,-1.4533814106457193e-06,0.0,-1.4665817535823428e-06,0.0,-1.2104407909073023e-06,0.0,-1.1237675036280426e-06,0.0,-6.809332351695482e-07,0.0,-6.478200449771192e-07,0.0,1.5288052391667783e-05,0.0,-1.967778087218906e-06,0.0,-6.478200449771191e-07,0.0,-6.809332351695483e-07,0.0,-1.1237675036280433e-06,0.0,-1.2104407909073015e-06,0.0,-1.4665817535823433e-06,0.0,-1.453381410645719e-06,0.0,-1.9677780872189058e-06,0.0,1.5288052391667786e-05
2416461.434209381,0.0,2.54250747260516e-05,0.0,-1.3139438366827622e-05,0.0,-1.2544086889823636e-06,0.0,-1.0527147760835964e-06,0.0,-4.310473090669145e-07,0.0,-3.948308520233007e-07,0.0,-1.513141703906413e-06,0.0,-6.744571793070458e-07,0.0,-1.3139438366827624e-05,0.0,2.5552192552498738e-05,0.0,-1.4727963399508521e-06,0.0,-1.2209800834724368e-06,0.0,-4.735177653432307e-07,0.0,-4.3104730906691493e-07,0.0,-1.5268848199645707e-06,0.0,-7.089319212175597e-07,0.0,-1.2544086889823625e-06,0.0,-1.4727963399508532e-06,0.0,2.5799423143423453e-05,0.0,-1.2833368268910171e-05,0.0,-1.2209800834724374e-06,0.0,-1.0527147760835964e-06,0.0,-1.2602118256195104e-06,0.0,-1.1699746967858339e-06,0.0,-1.0527147760835966e-06,0.0,-1.220980083472438e-06,0.0,-1.2833368268910168e-05,0.0,2.5799423143423453e-05,0.0,-1.472796339950852e-06,0.0,-1.2544086889823632e-06,0.0,-1.1699746967858343e-06,0.0,-1.2602118256195108e-06,0.0,-4.310473090669146e-07,0.0,-4.7351776534323063e-07,0.0,-1.2209800834724382e-06,0.0,-1.472796339950853e-06,0.0,2.5552192552498735e-05,0.0,-1.3139438366827625e-05,0.0,-7.0893192121756e-07,0.0,-1.52688481996457e-06,0.0,-3.9483085202330115e-07,0.0,-4.310473090669149e-07,0.0,-1.052714776083596e-06,0.0,-1.2544086889823632e-06,0.0,-1.3139438366827622e-05,0.0,2.5425074726051608e-05,0.0,-6.744571793070457e-07,0.0,-1.5131417039064137e-06,0.0,-1.5131417039064135e-06,0.0,-1.5268848199645702e-06,0.0,-1.2602118256195108e-06,0.0,-1.1699746967858343e-06,0.0,-7.089319212175596e-07,0.0,-6.744571793070459e-07,0.0,1.5916668175259664e-05,0.0,-2.048689398388026e-06,0.0,-6.744571793070458e-07,0.0,-7.089319212175602e-07,0.0,-1.1699746967858339e-06,0.0,-1.2602118256195098e-06,0.0,-1.5268848199645702e-06,0.0,-1.5131417039064137e-06,0.0,-2.0486893983880256e-06,0.0,1.591666817525966e-05
2515821.7555288514,0.0,2.647050568496884e-05,0.0,-1.3679707207705075e-05,0.0,-1.305987600459592e-06,0.0,-1.0960004155432798e-06,0.0,-4.4877115871187855e-07,0.0,-4.110655494898109e-07,0.0,-1.5753592273369999e-06,0.0,-7.021895821931267e-07,0.0,-1.3679707207705074e-05,0.0,2.6602850355884676e-05,0.0,-1.5333549383642123e-06,0.0,-1.2711844739506112e-06,0.0,-4.929879197801772e-07,0.0,-4.4877115871187786e-07,0.0,-1.5896674343203172e-06,0.0,-7.380818602518042e-07,0.0,-1.3059876004595924e-06,0.0,-1.5333549383642121e-06,0.0,2.6860246600854808e-05,0.0,-1.3361052086561162e-05,0.0,-1.2711844739506112e-06,0.0,-1.09600041554328e-06,0.0,-1.312029351093538e-06,0.0,-1.2180818422848566e-06,0.0,-1.096000415543281e-06,0.0,-1.2711844739506116e-06,0.0,-1.3361052086561165e-05,0.0,2.68602466008548e-05,0.0,-1.5333549383642125e-06,0.0,-1.3059876004595922e-06,0.0,-1.2180818422848576e-06,0.0,-1.3120293510935378e-06,0.0,-4.4877115871187924e-07,0.0,-4.929879197801765e-07,0.0,-1.2711844739506104e-06,0.0,-1.533354938364212e-06,0.0,2.660285035588468e-05,0.0,-1.3679707207705075e-05,0.0,-7.380818602518041e-07,0.0,-1.5896674343203165e-06,0.0,-4.110655494898097e-07,0.0,-4.4877115871187924e-07,0.0,-1.0960004155432815e-06,0.0,-1.305987600459592e-06,0.0,-1.3679707207705077e-05,0.0,2.647050568496883e-05,0.0,-7.021895821931267e-07,0.0,-1.5753592273370012e-06,0.0,-1.5753592273370005e-06,0.0,-1.5896674343203163e-06,0.0,-1.3120293510935382e-06,0.0,-1.2180818422848574e-06,0.0,-7.380818602518042e-07,0.0,-7.021895821931269e-07,0.0,1.6571131450294966e-05,0.0,-2.132927629557738e-06,0.0,-7.021895821931266e-07,0.0,-7.380818602518035e-07,0.0,-1.218081842284857e-06,0.0,-1.3120293510935382e-06,0.0,-1.5896674343203165e-06,0.0,-1.5753592273370012e-06,0.0,-2.1329276295577387e-06,0.0,1.6571131450294966e-05
2619267.5852338253,0.0,2.7558922786567593e-05,0.0,-1.4242190880927259e-05,0.0,-1.3596873391700361e-06,0.0,-1.141065878584814e-06,0.0,-4.672237795140441e-07,0.0,-4.279677869939795e-07,0.0,-1.640135017592064e-06,0.0,-7.310622890057314e-07,0.0,-1.4242190880927262e-05,0.0,2.7696709219905525e-05,0.0,-1.5964035917446522e-06,0.0,-1.3234531739596311e-06,0.0,-5.132586501227042e-07,0.0,-4.6722377951404415e-07,0.0,-1.6550315509700168e-06,0.0,-7.684303896164727e-07,0.0,-1.3596873391700355e-06,0.0,-1.5964035917446498e-06,0.0,2.7964689111378195e-05,0.0,-1.3910433264217425e-05,0.0,-1.3234531739596284e-06,0.0,-1.1410658785848134e-06,0.0,-1.3659775151567826e-06,0.0,-1.2681670625699627e-06,0.0,-1.1410658785848139e-06,0.0,-1.3234531739596307e-06,0.0,-1.3910433264217434e-05,0.0,2.796468911137819e-05,0.0,-1.596403591744651e-06,0.0,-1.3596873391700361e-06,0.0,-1.2681670625699618e-06,0.0,-1.3659775151567818e-06,0.0,-4.672237795140439e-07,0.0,-5.132586501227049e-07,0.0,-1.3234531739596307e-06,0.0,-1.5964035917446509e-06,0.0,2.769670921990552e-05,0.0,-1.4242190880927255e-05,0.0,-7.68430389616472e-07,0.0,-1.6550315509700165e-06,0.0,-4.279677869939797e-07,0.0,-4.672237795140435e-07,0.0,-1.1410658785848143e-06,0.0,-1.359687339170036e-06,0.0,-1.4242190880927257e-05,0.0,2.7558922786567593e-05,0.0,-7.310622890057313e-07,0.0,-1.6401350175920646e-06,0.0,-1.6401350175920638e-06,0.0,-1.6550315509700172e-06,0.0,-1.3659775151567828e-06,0.0,-1.2681670625699623e-06,0.0,-7.68430389616472e-07,0.0,-7.310622890057315e-07,0.0,1.72525050167087e-05,0.0,-2.2206295773826874e-06,0.0,-7.310622890057315e-07,0.0,-7.684303896164723e-07,0.0,-1.268167062569963e-06,0.0,-1.365977515156783e-06,0.0,-1.6550315509700163e-06,0.0,-1.6401350175920646e-06,0.0,-2.2206295773826874e-06,0.0,1.7252505016708702e-05
2726966.9116977938,0.0,2.869209353968898e-05,0.0,-1.482780281836137e-05,0.0,-1.4155951095161222e-06,0.0,-1.1879843481857855e-06,0.0,-4.864351371642868e-07,0.0,-4.4556501251891996e-07,0.0,-1.7075742657622215e-06,0.0,-7.611221868844337e-07,0.0,-1.4827802818361368e-05,0.0,2.8835545490421927e-05,0.0,-1.6620446864402933e-06,0.0,-1.3778710640009519e-06,0.0,-5.343628745370589e-07,0.0,-4.864351371642866e-07,0.0,-1.7230833164028246e-06,0.0,-8.000267930777673e-07,0.0,-1.415595109516123e-06,0.0,-1.6620446864402928e-06,0.0,2.911454420791307e-05,0.0,-1.4482403956262798e-05,0.0,-1.3778710640009525e-06,0.0,-1.187984348185785e-06,0.0,-1.4221439256360606e-06,0.0,-1.3203116923330876e-06,0.0,-1.187984348185784e-06,0.0,-1.3778710640009515e-06,0.0,-1.4482403956262803e-05,0.0,2.911454420791306e-05,0.0,-1.6620446864402928e-06,0.0,-1.4155951095161213e-06,0.0,-1.3203116923330876e-06,0.0,-1.4221439256360606e-06,0.0,-4.864351371642868e-07,0.0,-5.343628745370595e-07,0.0,-1.3778710640009527e-06,0.0,-1.6620446864402924e-06,0.0,2.8835545490421938e-05,0.0,-1.482780281836137e-05,0.0,-8.000267930777667e-07,0.0,-1.7230833164028244e-06,0.0,-4.455650125189193e-07,0.0,-4.864351371642863e-07,0.0,-1.1879843481857845e-06,0.0,-1.4155951095161215e-06,0.0,-1.4827802818361368e-05,0.0,2.8692093539688984e-05,0.0,-7.611221868844337e-07,0.0,-1.7075742657622224e-06,0.0,-1.7075742657622222e-06,0.0,-1.7230833164028244e-06,0.0,-1.422143925636061e-06,0.0,-1.3203116923330874e-06,0.0,-8.000267930777671e-07,0.0,-7.611221868844337e-07,0.0,1.7961895374757928e-05,0.0,-2.311937663337079e-06,0.0,-7.611221868844343e-07,0.0,-8.00026793077767e-07,0.0,-1.320311692333088e-06,0.0,-1.4221439256360604e-06,0.0,-1.7230833164028236e-06,0.0,-1.7075742657622218e-06,0.0,-2.31193766333708e-06,0.0,1.7961895374757928e-05
2839094.630658269,0.0,2.9871858129792833e-05,0.0,-1.543749401046441e-05,0.0,-1.4738017015802793e-06,0.0,-1.23683201646933e-06,0.0,-5.064364294859816e-07,0.0,-4.6388580265686746e-07,0.0,-1.7777864881966775e-06,0.0,-7.92418090879259e-07,0.0,-1.5437494010464404e-05,0.0,3.0021208553274808e-05,0.0,-1.730384818732144e-06,0.0,-1.4345265147016288e-06,0.0,-5.563348647221909e-07,0.0,-5.064364294859812e-07,0.0,-1.7939332416506563e-06,0.0,-8.329223808570943e-07,0.0,-1.473801701580279e-06,0.0,-1.7303848187321448e-06,0.0,3.0311679170058506e-05,0.0,-1.5077893000781082e-05,0.0,-1.434526514701628e-06,0.0,-1.2368320164693304e-06,0.0,-1.4806197926262422e-06,0.0,-1.3746004105947933e-06,0.0,-1.2368320164693302e-06,0.0,-1.434526514701628e-06,0.0,-1.5077893000781094e-05,0.0,3.0311679170058492e-05,0.0,-1.7303848187321445e-06,0.0,-1.4738017015802785e-06,0.0,-1.3746004105947933e-06,0.0,-1.4806197926262424e-06,0.0,-5.064364294859814e-07,0.0,-5.563348647221911e-07,0.0,-1.4345265147016296e-06,0.0,-1.7303848187321445e-06,0.0,3.0021208553274804e-05,0.0,-1.5437494010464407e-05,0.0,-8.329223808570936e-07,0.0,-1.7939332416506559e-06,0.0,-4.6388580265686714e-07,0.0,-5.064364294859815e-07,0.0,-1.2368320164693304e-06,0.0,-1.4738017015802774e-06,0.0,-1.5437494010464407e-05,0.0,2.987185812979283e-05,0.0,-7.924180908792594e-07,0.0,-1.7777864881966775e-06,0.0,-1.7777864881966775e-06,0.0,-1.7939332416506563e-06,0.0,-1.480619792626243e-06,0.0,-1.3746004105947926e-06,0.0,-8.329223808570936e-07,0.0,-7.924180908792596e-07,0.0,1.8700454521896392e-05,0.0,-2.407000164996626e-06,0.0,-7.924180908792594e-07,0.0,-8.329223808570934e-07,0.0,-1.3746004105947933e-06,0.0,-1.4806197926262422e-06,0.0,-1.7939332416506565e-06,0.0,-1.7777864881966781e-06,0.0,-2.407000164996625e-06,0.0,1.870045452189639e-05
2955832.8292345204,0.0,3.110013240728278e-05,0.0,-1.607225455062134e-05,0.0,-1.534401638561317e-06,0.0,-1.2876882084345071e-06,0.0,-5.27260137097966e-07,0.0,-4.829599090154519e-07,0.0,-1.850885704349667e-06,0.0,-8.250008232227144e-07,0.0,-1.6072254550621343e-05,0.0,3.125562383755107e-05,0.0,-1.8015349679385647e-06,0.0,-1.4935115303216649e-06,0.0,-5.79210301564454e-07,0.0,-5.272601370979653e-07,0.0,-1.8676963817499342e-06,0.0,-8.671705729550641e-07,0.0,-1.5344016385613176e-06,0.0,-1.8015349679385656e-06,0.0,3.1558038056417106e-05,0.0,-1.5697867427920402e-05,0.0,-1.4935115303216638e-06,0.0,-1.287688208434508e-06,0.0,-1.5415000766086946e-06,0.0,-1.431121378216716e-06,0.0,-1.2876882084345078e-06,0.0,-1.4935115303216634e-06,0.0,-1.5697867427920402e-05,0.0,3.15580380564171e-05,0.0,-1.801534967938564e-06,0.0,-1.5344016385613168e-06,0.0,-1.431121378216716e-06,0.0,-1.541500076608695e-06,0.0,-5.272601370979654e-07,0.0,-5.792103015644539e-07,0.0,-1.4935115303216644e-06,0.0,-1.801534967938565e-06,0.0,3.125562383755107e-05,0.0,-1.6072254550621343e-05,0.0,-8.671705729550639e-07,0.0,-1.8676963817499336e-06,0.0,-4.829599090154517e-07,0.0,-5.272601370979662e-07,0.0,-1.2876882084345082e-06,0.0,-1.5344016385613161e-06,0.0,-1.607225455062134e-05,0.0,3.110013240728279e-05,0.0,-8.25000823222714e-07,0.0,-1.8508857043496672e-06,0.0,-1.8508857043496672e-06,0.0,-1.8676963817499342e-06,0.0,-1.5415000766086957e-06,0.0,-1.431121378216716e-06,0.0,-8.671705729550634e-07,0.0,-8.250008232227137e-07,0.0,1.9469381823533087e-05,0.0,-2.5059714568303524e-06,0.0,-8.25000823222714e-07,0.0,-8.671705729550634e-07,0.0,-1.4311213782167165e-06,0.0,-1.5415000766086946e-06,0.0,-1.8676963817499336e-06,0.0,-1.8508857043496672e-06,0.0,-2.505971456830352e-06,0.0,1.9469381823533087e-05
3077371.081623585,0.0,3.2378910998705537e-05,0.0,-1.6733115242983495e-05,0.0,-1.5974933302731104e-06,0.0,-1.3406355107742226e-06,0.0,-5.489400761606565e-07,0.0,-5.028183065321074e-07,0.0,-1.9269906219396167e-06,0.0,-8.589232958613285e-07,0.0,-1.6733115242983495e-05,0.0,3.2540795942338104e-05,0.0,-1.8756106766374713e-06,0.0,-1.5549218981621286e-06,0.0,-6.030263330807281e-07,0.0,-5.489400761606562e-07,0.0,-1.944492522582449e-06,0.0,-9.028269859016237e-07,0.0,-1.5974933302731098e-06,0.0,-1.8756106766374724e-06,0.0,3.2855644861602305e-05,0.0,-1.634333403027854e-05,0.0,-1.5549218981621286e-06,0.0,-1.3406355107742232e-06,0.0,-1.604883642660077e-06,0.0,-1.4899663810682925e-06,0.0,-1.340635510774223e-06,0.0,-1.5549218981621282e-06,0.0,-1.6343334030278547e-05,0.0,3.285564486160229e-05,0.0,-1.875610676637472e-06,0.0,-1.597493330273109e-06,0.0,-1.4899663810682925e-06,0.0,-1.6048836426600771e-06,0.0,-5.489400761606567e-07,0.0,-6.030263330807279e-07,0.0,-1.5549218981621293e-06,0.0,-1.8756106766374713e-06,0.0,3.2540795942338104e-05,0.0,-1.673311524298349e-05,0.0,-9.028269859016232e-07,0.0,-1.9444925225824486e-06,0.0,-5.028183065321074e-07,0.0,-5.489400761606567e-07,0.0,-1.3406355107742245e-06,0.0,-1.597493330273109e-06,0.0,-1.673311524298349e-05,0.0,3.2378910998705537e-05,0.0,-8.589232958613287e-07,0.0,-1.926990621939617e-06,0.0,-1.9269906219396176e-06,0.0,-1.9444925225824495e-06,0.0,-1.6048836426600771e-06,0.0,-1.4899663810682925e-06,0.0,-9.028269859016225e-07,0.0,-8.589232958613288e-07,0.0,2.0269925960713004e-05,0.0,-2.609012260893319e-06,0.0,-8.589232958613293e-07,0.0,-9.028269859016229e-07,0.0,-1.489966381068293e-06,0.0,-1.604883642660077e-06,0.0,-1.944492522582449e-06,0.0,-1.9269906219396176e-06,0.0,-2.6090122608933186e-06,0.0,2.0269925960713004e-05
3203906.7569547356,0.0,3.371027054587684e-05,0.0,-1.742114927641823e-05,0.0,-1.663179232954846e-06,0.0,-1.395759905989908e-06,0.0,-5.715114532909952e-07,0.0,-5.234932437750792e-07,0.0,-2.0062248297216963e-06,0.0,-8.942405963807482e-07,0.0,-1.742114927641823e-05,0.0,3.38788118920443e-05,0.0,-1.952732238298936e-06,0.0,-1.6188573441166457e-06,0.0,-6.278216347440491e-07,0.0,-5.715114532909946e-07,0.0,-2.0244463753987728e-06,0.0,-9.399495230731802e-07,0.0,-1.6631792329548442e-06,0.0,-1.952732238298936e-06,0.0,3.420660680305588e-05,0.0,-1.701534099785972e-05,0.0,-1.6188573441166455e-06,0.0,-1.3957599059899094e-06,0.0,-1.6708734210019107e-06,0.0,-1.5512309790802165e-06,0.0,-1.3957599059899092e-06,0.0,-1.618857344116646e-06,0.0,-1.7015340997859726e-05,0.0,3.420660680305588e-05,0.0,-1.9527322382989355e-06,0.0,-1.6631792329548442e-06,0.0,-1.551230979080216e-06,0.0,-1.6708734210019107e-06,0.0,-5.715114532909941e-07,0.0,-6.278216347440487e-07,0.0,-1.6188573441166467e-06,0.0,-1.952732238298935e-06,0.0,3.3878811892044287e-05,0.0,-1.7421149276418227e-05,0.0,-9.399495230731809e-07,0.0,-2.024446375398772e-06,0.0,-5.234932437750798e-07,0.0,-5.71511453290995e-07,0.0,-1.3957599059899075e-06,0.0,-1.663179232954846e-06,0.0,-1.742114927641823e-05,0.0,3.3710270545876826e-05,0.0,-8.942405963807478e-07,0.0,-2.006224829721696e-06,0.0,-2.006224829721696e-06,0.0,-2.024446375398773e-06,0.0,-1.6708734210019113e-06,0.0,-1.551230979080216e-06,0.0,-9.399495230731806e-07,0.0,-8.942405963807488e-07,0.0,2.1103386957882716e-05,0.0,-2.716289907827342e-06,0.0,-8.942405963807485e-07,0.0,-9.399495230731806e-07,0.0,-1.5512309790802165e-06,0.0,-1.6708734210019111e-06,0.0,-2.024446375398773e-06,0.0,-2.0062248297216963e-06,0.0,-2.716289907827342e-06,0.0,2.110338695788272e-05
3335645.3398023443,0.0,3.509637307819409e-05,0.0,-1.8137473967288244e-05,0.0,-1.7315660156523856e-06,0.0,-1.4531509120207425e-06,0.0,-5.950109227353843e-07,0.0,-5.450182953127139e-07,0.0,-2.0887169981868085e-06,0.0,-9.310100774638908e-07,0.0,-1.8137473967288254e-05,0.0,3.527184452557222e-05,0.0,-2.033024892632876e-06,0.0,-1.6854216946188678e-06,0.0,-6.536364722897158e-07,0.0,-5.95010922735385e-07,0.0,-2.107687779340098e-06,0.0,-9.785984687234102e-07,0.0,-1.7315660156523875e-06,0.0,-2.033024892632874e-06,0.0,3.5613117743013174e-05,0.0,-1.771497962025753e-05,0.0,-1.6854216946188667e-06,0.0,-1.4531509120207438e-06,0.0,-1.739576574151645e-06,0.0,-1.6150146614266953e-06,0.0,-1.4531509120207408e-06,0.0,-1.6854216946188674e-06,0.0,-1.7714979620257536e-05,0.0,3.5613117743013174e-05,0.0,-2.033024892632876e-06,0.0,-1.7315660156523858e-06,0.0,-1.615014661426694e-06,0.0,-1.7395765741516447e-06,0.0,-5.95010922735385e-07,0.0,-6.536364722897157e-07,0.0,-1.6854216946188678e-06,0.0,-2.0330248926328754e-06,0.0,3.527184452557224e-05,0.0,-1.8137473967288258e-05,0.0,-9.7859846872341e-07,0.0,-2.1076877793400985e-06,0.0,-5.450182953127138e-07,0.0,-5.950109227353842e-07,0.0,-1.453150912020742e-06,0.0,-1.7315660156523847e-06,0.0,-1.8137473967288248e-05,0.0,3.509637307819409e-05,0.0,-9.310100774638912e-07,0.0,-2.0887169981868085e-06,0.0,-2.088716998186809e-06,0.0,-2.1076877793400973e-06,0.0,-1.7395765741516443e-06,0.0,-1.615014661426694e-06,0.0,-9.7859846872341e-07,0.0,-9.310100774638908e-07,0.0,2.197111829403392e-05,0.0,-2.827978608593577e-06,0.0,-9.310100774638909e-07,0.0,-9.785984687234095e-07,0.0,-1.6150146614266949e-06,0.0,-1.739576574151644e-06,0.0,-2.1076877793400977e-06,0.0,-2.0887169981868085e-06,0.0,-2.827978608593577e-06,0.0,2.1971118294033918e-05
3472800.7638776274,0.0,3.653946952361214e-05,0.0,-1.8883252573890736e-05,0.0,-1.8027647334408993e-06,0.0,-1.5129017276141658e-06,0.0,-6.19476645893481e-07,0.0,-5.674284162360709e-07,0.0,-2.174601088512952e-06,0.0,-9.692914500274645e-07,0.0,-1.888325257389073e-05,0.0,3.672215602484841e-05,0.0,-2.1166190289690813e-06,0.0,-1.754723045248918e-06,0.0,-6.805127671038638e-07,0.0,-6.194766458934809e-07,0.0,-2.194351912287402e-06,0.0,-1.0188365858804153e-06,0.0,-1.802764733440895e-06,0.0,-2.116619028969083e-06,0.0,3.707746175117306e-05,0.0,-1.8443386058828544e-05,0.0,-1.7547230452489173e-06,0.0,-1.5129017276141637e-06,0.0,-1.811104670946652e-06,0.0,-1.6814210080885085e-06,0.0,-1.5129017276141683e-06,0.0,-1.754723045248916e-06,0.0,-1.8443386058828554e-05,0.0,3.707746175117304e-05,0.0,-2.1166190289690817e-06,0.0,-1.8027647334408989e-06,0.0,-1.6814210080885085e-06,0.0,-1.8111046709466511e-06,0.0,-6.194766458934812e-07,0.0,-6.805127671038647e-07,0.0,-1.754723045248915e-06,0.0,-2.1166190289690817e-06,0.0,3.6722156024848394e-05,0.0,-1.8883252573890725e-05,0.0,-1.0188365858804144e-06,0.0,-2.194351912287401e-06,0.0,-5.674284162360712e-07,0.0,-6.194766458934804e-07,0.0,-1.5129017276141679e-06,0.0,-1.8027647334408974e-06,0.0,-1.8883252573890722e-05,0.0,3.653946952361214e-05,0.0,-9.69291450027465e-07,0.0,-2.1746010885129513e-06,0.0,-2.1746010885129518e-06,0.0,-2.194351912287402e-06,0.0,-1.8111046709466516e-06,0.0,-1.681421008088508e-06,0.0,-1.0188365858804142e-06,0.0,-9.69291450027465e-07,0.0,2.2874529100653127e-05,0.0,-2.9442597373782297e-06,0.0,-9.69291450027465e-07,0.0,-1.0188365858804142e-06,0.0,-1.681421008088509e-06,0.0,-1.8111046709466516e-06,0.0,-2.1943519122874006e-06,0.0,-2.1746010885129518e-06,0.0,-2.9442597373782297e-06,0.0,2.2874529100653124e-05
3615595.759441169,0.0,3.804190336398382e-05,0.0,-1.9659696185502702e-05,0.0,-1.8768910077700856e-06,0.0,-1.5751093836737423e-06,0.0,-6.44948353289476e-07,0.0,-5.907599989234063e-07,0.0,-2.2640165701082635e-06,0.0,-1.009146880188079e-06,0.0,-1.9659696185502706e-05,0.0,3.823210158843925e-05,0.0,-2.2036503979998438e-06,0.0,-1.826873936272621e-06,0.0,-7.084941643006975e-07,0.0,-6.449483532894765e-07,0.0,-2.28457951038032e-06,0.0,-1.0607292182692419e-06,0.0,-1.876891007770082e-06,0.0,-2.203650397999844e-06,0.0,3.860201681385811e-05,0.0,-1.920174319173429e-05,0.0,-1.8268739362726192e-06,0.0,-1.5751093836737427e-06,0.0,-1.8855738677237708e-06,0.0,-1.7505578580592383e-06,0.0,-1.5751093836737465e-06,0.0,-1.8268739362726185e-06,0.0,-1.9201743191734294e-05,0.0,3.86020168138581e-05,0.0,-2.2036503979998438e-06,0.0,-1.8768910077700852e-06,0.0,-1.7505578580592383e-06,0.0,-1.8855738677237708e-06,0.0,-6.449483532894754e-07,0.0,-7.084941643006987e-07,0.0,-1.8268739362726181e-06,0.0,-2.2036503979998438e-06,0.0,3.823210158843924e-05,0.0,-1.96596961855027e-05,0.0,-1.0607292182692419e-06,0.0,-2.2845795103803188e-06,0.0,-5.907599989234075e-07,0.0,-6.449483532894759e-07,0.0,-1.5751093836737453e-06,0.0,-1.876891007770085e-06,0.0,-1.96596961855027e-05,0.0,3.8041903363983814e-05,0.0,-1.0091468801880797e-06,0.0,-2.2640165701082623e-06,0.0,-2.2640165701082614e-06,0.0,-2.2845795103803196e-06,0.0,-1.8855738677237723e-06,0.0,-1.7505578580592388e-06,0.0,-1.060729218269243e-06,0.0,-1.009146880188079e-06,0.0,2.381508645004702e-05,0.0,-3.065322126130818e-06,0.0,-1.0091468801880788e-06,0.0,-1.0607292182692423e-06,0.0,-1.7505578580592373e-06,0.0,-1.8855738677237725e-06,0.0,-2.284579510380319e-06,0.0,-2.2640165701082614e-06,0.0,-3.065322126130817e-06,0.0,2.3815086450047023e-05
3764262.2150003603,0.0,3.9606114440700765e-05,0.0,-2.046806568910035e-05,0.0,-1.954065214224853e-06,0.0,-1.6398749008301738e-06,0.0,-6.714674090915277e-07,0.0,-6.150509321387052e-07,0.0,-2.3571086470989974e-06,0.0,-1.0506410902154095e-06,0.0,-2.046806568910035e-05,0.0,3.980413325621913e-05,0.0,-2.294260332229016e-06,0.0,-1.9019915353985483e-06,0.0,-7.37626103598922e-07,0.0,-6.714674090915272e-07,0.0,-2.378517096562213e-06,0.0,-1.104344396425258e-06,0.0,-1.954065214224853e-06,0.0,-2.2942603322290156e-06,0.0,4.0189258695688255e-05,0.0,-1.999128253484774e-05,0.0,-1.9019915353985502e-06,0.0,-1.639874900830172e-06,0.0,-1.963105096948593e-06,0.0,-1.8225374844677995e-06,0.0,-1.6398749008301727e-06,0.0,-1.9019915353985492e-06,0.0,-1.999128253484774e-05,0.0,4.0189258695688255e-05,0.0,-2.2942603322290156e-06,0.0,-1.9540652142248524e-06,0.0,-1.8225374844678016e-06,0.0,-1.9631050969485958e-06,0.0,-6.714674090915275e-07,0.0,-7.376261035989226e-07,0.0,-1.9019915353985477e-06,0.0,-2.2942603322290177e-06,0.0,3.980413325621913e-05,0.0,-2.0468065689100353e-05,0.0,-1.1043443964252578e-06,0.0,-2.3785170965622134e-06,0.0,-6.150509321387045e-07,0.0,-6.714674090915272e-07,0.0,-1.6398749008301725e-06,0.0,-1.9540652142248524e-06,0.0,-2.046806568910035e-05,0.0,3.960611444070077e-05,0.0,-1.0506410902154089e-06,0.0,-2.357108647098997e-06,0.0,-2.357108647098997e-06,0.0,-2.378517096562213e-06,0.0,-1.9631050969485928e-06,0.0,-1.8225374844678001e-06,0.0,-1.1043443964252583e-06,0.0,-1.0506410902154089e-06,0.0,2.479431773775919e-05,0.0,-3.1913623712132677e-06,0.0,-1.050641090215409e-06,0.0,-1.104344396425258e-06,0.0,-1.8225374844678001e-06,0.0,-1.9631050969485936e-06,0.0,-2.3785170965622134e-06,0.0,-2.3571086470989974e-06,0.0,-3.1913623712132677e-06,0.0,2.4794317737759192e-05
3919041.553879215,0.0,4.123464291681582e-05,0.0,-2.1309673816946357e-05,0.0,-2.0344126780063726e-06,0.0,-1.7073034534913203e-06,0.0,-6.990768782841176e-07,0.0,-6.403406625602196e-07,0.0,-2.4540284941303198e-06,0.0,-1.093841463636388e-06,0.0,-2.130967381694636e-05,0.0,4.144080389130209e-05,0.0,-2.3885959754855674e-06,0.0,-1.980197828049748e-06,0.0,-7.679558931124871e-07,0.0,-6.990768782841166e-07,0.0,-2.4763172185226103e-06,0.0,-1.149752948170704e-06,0.0,-2.0344126780063748e-06,0.0,-2.388595975485567e-06,0.0,4.1841764960039805e-05,0.0,-2.0813286241644196e-05,0.0,-1.9801978280497474e-06,0.0,-1.7073034534913205e-06,0.0,-2.043824263600853e-06,0.0,-1.8974767769017162e-06,0.0,-1.7073034534913205e-06,0.0,-1.9801978280497486e-06,0.0,-2.0813286241644196e-05,0.0,4.18417649600398e-05,0.0,-2.3885959754855674e-06,0.0,-2.0344126780063743e-06,0.0,-1.8974767769017166e-06,0.0,-2.0438242636008532e-06,0.0,-6.990768782841178e-07,0.0,-7.679558931124874e-07,0.0,-1.9801978280497482e-06,0.0,-2.3885959754855686e-06,0.0,4.144080389130209e-05,0.0,-2.130967381694636e-05,0.0,-1.1497529481707042e-06,0.0,-2.4763172185226103e-06,0.0,-6.40340662560219e-07,0.0,-6.990768782841172e-07,0.0,-1.70730345349132e-06,0.0,-2.0344126780063726e-06,0.0,-2.1309673816946354e-05,0.0,4.1234642916815806e-05,0.0,-1.0938414636363887e-06,0.0,-2.454028494130318e-06,0.0,-2.4540284941303172e-06,0.0,-2.4763172185226103e-06,0.0,-2.043824263600853e-06,0.0,-1.8974767769017175e-06,0.0,-1.1497529481707038e-06,0.0,-1.0938414636363883e-06,0.0,2.5813813162947647e-05,0.0,-3.32258515265789e-06,0.0,-1.0938414636363892e-06,0.0,-1.149752948170704e-06,0.0,-1.897476776901718e-06,0.0,-2.043824263600852e-06,0.0,-2.476317218522611e-06,0.0,-2.4540284941303177e-06,0.0,-3.32258515265789e-06,0.0,2.5813813162947647e-05
4080185.1262719594,0.0,4.29301334020794e-05,0.0,-2.218588727836981e-05,0.0,-2.118063877450925e-06,0.0,-1.7775045406376747e-06,0.0,-7.278215966023914e-07,0.0,-6.666702588389709e-07,0.0,-2.5549335018627096e-06,0.0,-1.1388181546610622e-06,0.0,-2.218588727836981e-05,0.0,4.314477132570235e-05,0.0,-2.4868105218742583e-06,0.0,-2.0616198154589994e-06,0.0,-7.995327861754647e-07,0.0,-7.278215966023911e-07,0.0,-2.5781386964233523e-06,0.0,-1.1970286136338378e-06,0.0,-2.1180638774509263e-06,0.0,-2.4868105218742583e-06,0.0,4.3562219154817185e-05,0.0,-2.166908918532348e-05,0.0,-2.061619815459e-06,0.0,-1.777504540637675e-06,0.0,-2.1278624496347843e-06,0.0,-1.975497431227149e-06,0.0,-1.777504540637675e-06,0.0,-2.061619815459e-06,0.0,-2.1669089185323483e-05,0.0,4.356221915481717e-05,0.0,-2.4868105218742583e-06,0.0,-2.118063877450925e-06,0.0,-1.975497431227149e-06,0.0,-2.127862449634785e-06,0.0,-7.278215966023923e-07,0.0,-7.995327861754641e-07,0.0,-2.0616198154590015e-06,0.0,-2.486810521874258e-06,0.0,4.314477132570236e-05,0.0,-2.2185887278369814e-05,0.0,-1.1970286136338382e-06,0.0,-2.578138696423353e-06,0.0,-6.66670258838971e-07,0.0,-7.278215966023922e-07,0.0,-1.777504540637675e-06,0.0,-2.118063877450924e-06,0.0,-2.2185887278369814e-05,0.0,4.293013340207939e-05,0.0,-1.138818154661061e-06,0.0,-2.5549335018627096e-06,0.0,-2.554933501862709e-06,0.0,-2.578138696423352e-06,0.0,-2.1278624496347843e-06,0.0,-1.9754974312271493e-06,0.0,-1.1970286136338378e-06,0.0,-1.1388181546610607e-06,0.0,2.6875228310750503e-05,0.0,-3.459203566552587e-06,0.0,-1.1388181546610607e-06,0.0,-1.1970286136338386e-06,0.0,-1.9754974312271485e-06,0.0,-2.127862449634784e-06,0.0,-2.5781386964233523e-06,0.0,-2.5549335018627087e-06,0.0,-3.4592035665525872e-06,0.0,2.6875228310750503e-05
4247954.617417159,0.0,4.469533924759042e-05,0.0,-2.3098128979201104e-05,0.0,-2.20515465591706e-06,0.0,-1.8505921636405902e-06,0.0,-7.577482433420801e-07,0.0,-6.940824782911912e-07,0.0,-2.659987532562775e-06,0.0,-1.1856442021078268e-06,0.0,-2.3098128979201114e-05,0.0,4.491880267645696e-05,0.0,-2.5890634645515382e-06,0.0,-2.146389720909451e-06,0.0,-8.324080613258153e-07,0.0,-7.577482433420789e-07,0.0,-2.684146880810784e-06,0.0,-1.2462481649974514e-06,0.0,-2.2051546559170606e-06,0.0,-2.589063464551538e-06,0.0,4.535341517033647e-05,0.0,-2.2560081126545366e-05,0.0,-2.146389720909452e-06,0.0,-1.85059216364059e-06,0.0,-2.2153561268465297e-06,0.0,-2.0567261472139785e-06,0.0,-1.8505921636405921e-06,0.0,-2.1463897209094524e-06,0.0,-2.2560081126545363e-05,0.0,4.5353415170336455e-05,0.0,-2.5890634645515382e-06,0.0,-2.20515465591706e-06,0.0,-2.056726147213978e-06,0.0,-2.21535612684653e-06,0.0,-7.577482433420798e-07,0.0,-8.324080613258148e-07,0.0,-2.1463897209094536e-06,0.0,-2.5890634645515382e-06,0.0,4.491880267645695e-05,0.0,-2.3098128979201104e-05,0.0,-1.24624816499745e-06,0.0,-2.684146880810784e-06,0.0,-6.940824782911908e-07,0.0,-7.577482433420811e-07,0.0,-1.8505921636405887e-06,0.0,-2.2051546559170585e-06,0.0,-2.3098128979201107e-05,0.0,4.469533924759042e-05,0.0,-1.1856442021078283e-06,0.0,-2.659987532562775e-06,0.0,-2.659987532562774e-06,0.0,-2.6841468808107842e-06,0.0,-2.215356126846531e-06,0.0,-2.0567261472139777e-06,0.0,-1.246248164997452e-06,0.0,-1.1856442021078264e-06,0.0,2.7980286840833752e-05,0.0,-3.6014394710931356e-06,0.0,-1.185644202107828e-06,0.0,-1.2462481649974508e-06,0.0,-2.056726147213978e-06,0.0,-2.21535612684653e-06,0.0,-2.684146880810784e-06,0.0,-2.6599875325627747e-06,0.0,-3.6014394710931356e-06,0.0,2.798028684083376e-05
4422622.472555178,0.0,4.65331270170345e-05,0.0,-2.4047880332465662e-05,0.0,-2.2958264423851667e-06,0.0,-1.926685011392071e-06,0.0,-7.889054171632158e-07,0.0,-7.226218363330426e-07,0.0,-2.7693611862034308e-06,0.0,-1.2343956480130844e-06,0.0,-2.4047880332465662e-05,0.0,4.676577883921905e-05,0.0,-2.6955208547306226e-06,0.0,-2.234645204455437e-06,0.0,-8.666351055779453e-07,0.0,-7.889054171632155e-07,0.0,-2.7945139211328123e-06,0.0,-1.2974915311712063e-06,0.0,-2.2958264423851667e-06,0.0,-2.6955208547306234e-06,0.0,4.7218261776396344e-05,0.0,-2.3487708970297916e-05,0.0,-2.2346452044554363e-06,0.0,-1.926685011392071e-06,0.0,-2.30644737849423e-06,0.0,-2.1412948342868573e-06,0.0,-1.9266850113920717e-06,0.0,-2.234645204455436e-06,0.0,-2.3487708970297922e-05,0.0,4.721826177639633e-05,0.0,-2.6955208547306226e-06,0.0,-2.295826442385165e-06,0.0,-2.1412948342868573e-06,0.0,-2.3064473784942295e-06,0.0,-7.889054171632156e-07,0.0,-8.666351055779449e-07,0.0,-2.234645204455438e-06,0.0,-2.6955208547306234e-06,0.0,4.6765778839219047e-05,0.0,-2.4047880332465662e-05,0.0,-1.2974915311712056e-06,0.0,-2.7945139211328136e-06,0.0,-7.226218363330426e-07,0.0,-7.889054171632161e-07,0.0,-1.9266850113920726e-06,0.0,-2.295826442385166e-06,0.0,-2.4047880332465662e-05,0.0,4.6533127017034494e-05,0.0,-1.2343956480130848e-06,0.0,-2.769361186203432e-06,0.0,-2.7693611862034325e-06,0.0,-2.7945139211328115e-06,0.0,-2.3064473784942304e-06,0.0,-2.141294834286858e-06,0.0,-1.2974915311712052e-06,0.0,-1.2343956480130853e-06,0.0,2.9130783286487057e-05,0.0,-3.7495238468644854e-06,0.0,-1.234395648013085e-06,0.0,-1.2974915311712054e-06,0.0,-2.141294834286859e-06,0.0,-2.30644737849423e-06,0.0,-2.794513921132812e-06,0.0,-2.7693611862034325e-06,0.0,-3.749523846864484e-06,0.0,2.9130783286487064e-05
4604472.339359101,0.0,4.8446481141771454e-05,0.0,-2.5036683664089173e-05,0.0,-2.390226481127668e-06,0.0,-2.0059066530467634e-06,0.0,-8.213437150107687e-07,0.0,-7.523346787703591e-07,0.0,-2.883232077505643e-06,0.0,-1.2851516611178685e-06,0.0,-2.5036683664089176e-05,0.0,4.868869916661933e-05,0.0,-2.806355571336392e-06,0.0,-2.3265295864722163e-06,0.0,-9.022695011192632e-07,0.0,-8.213437150107681e-07,0.0,-2.9094190452968702e-06,0.0,-1.3508419275902748e-06,0.0,-2.3902264811276684e-06,0.0,-2.806355571336393e-06,0.0,4.9159787345905224e-05,0.0,-2.4453479115564298e-05,0.0,-2.3265295864722133e-06,0.0,-2.005906653046765e-06,0.0,-2.4012841300307244e-06,0.0,-2.2293408257363653e-06,0.0,-2.005906653046765e-06,0.0,-2.3265295864722137e-06,0.0,-2.4453479115564305e-05,0.0,4.9159787345905204e-05,0.0,-2.8063555713363917e-06,0.0,-2.3902264811276676e-06,0.0,-2.229340825736365e-06,0.0,-2.401284130030725e-06,0.0,-8.213437150107674e-07,0.0,-9.022695011192637e-07,0.0,-2.326529586472215e-06,0.0,-2.806355571336392e-06,0.0,4.8688699166619334e-05,0.0,-2.5036683664089173e-05,0.0,-1.350841927590275e-06,0.0,-2.9094190452968702e-06,0.0,-7.523346787703604e-07,0.0,-8.213437150107685e-07,0.0,-2.005906653046766e-06,0.0,-2.3902264811276663e-06,0.0,-2.5036683664089166e-05,0.0,4.8446481141771434e-05,0.0,-1.2851516611178683e-06,0.0,-2.883232077505644e-06,0.0,-2.8832320775056448e-06,0.0,-2.9094190452968706e-06,0.0,-2.4012841300307253e-06,0.0,-2.2293408257363653e-06,0.0,-1.3508419275902733e-06,0.0,-1.285151661117869e-06,0.0,3.032858596881301e-05,0.0,-3.903697171936136e-06,0.0,-1.2851516611178685e-06,0.0,-1.3508419275902742e-06,0.0,-2.229340825736367e-06,0.0,-2.4012841300307253e-06,0.0,-2.909419045296871e-06,0.0,-2.8832320775056427e-06,0.0,-3.903697171936135e-06,0.0,3.0328585968813014e-05
4793799.528557558,0.0,5.04385087673309e-05,0.0,-2.6066144717520703e-05,0.0,-2.4885080708228305e-06,0.0,-2.0883857386891154e-06,0.0,-8.551158142803348e-07,0.0,-7.832692570608072e-07,0.0,-3.0017851243715845e-06,0.0,-1.3379946654320274e-06,0.0,-2.6066144717520686e-05,0.0,5.0690686338992805e-05,0.0,-2.921747601747961e-06,0.0,-2.4221920803976624e-06,0.0,-9.393691155715419e-07,0.0,-8.551158142803361e-07,0.0,-3.0290488507227818e-06,0.0,-1.4063859913510493e-06,0.0,-2.4885080708228313e-06,0.0,-2.9217476017479615e-06,0.0,5.1181144772734616e-05,0.0,-2.5458959901603146e-05,0.0,-2.4221920803976624e-06,0.0,-2.0883857386891154e-06,0.0,-2.5000203893235454e-06,0.0,-2.321007101738099e-06,0.0,-2.0883857386891146e-06,0.0,-2.4221920803976633e-06,0.0,-2.5458959901603152e-05,0.0,5.1181144772734616e-05,0.0,-2.9217476017479586e-06,0.0,-2.48850807082283e-06,0.0,-2.3210071017380974e-06,0.0,-2.500020389323544e-06,0.0,-8.551158142803351e-07,0.0,-9.393691155715423e-07,0.0,-2.4221920803976624e-06,0.0,-2.9217476017479603e-06,0.0,5.069068633899279e-05,0.0,-2.6066144717520696e-05,0.0,-1.4063859913510506e-06,0.0,-3.029048850722782e-06,0.0,-7.832692570608088e-07,0.0,-8.551158142803345e-07,0.0,-2.0883857386891163e-06,0.0,-2.488508070822829e-06,0.0,-2.6066144717520696e-05,0.0,5.043850876733089e-05,0.0,-1.3379946654320266e-06,0.0,-3.0017851243715836e-06,0.0,-3.001785124371584e-06,0.0,-3.029048850722781e-06,0.0,-2.500020389323545e-06,0.0,-2.321007101738098e-06,0.0,-1.4063859913510502e-06,0.0,-1.3379946654320262e-06,0.0,3.157564003074237e-05,0.0,-4.0642098123807316e-06,0.0,-1.3379946654320266e-06,0.0,-1.4063859913510516e-06,0.0,-2.321007101738098e-06,0.0,-2.500020389323545e-06,0.0,-3.029048850722781e-06,0.0,-3.0017851243715858e-06,0.0,-4.0642098123807316e-06,0.0,3.157564003074237e-05
4990911.4934975,0.0,5.251244479918672e-05,0.0,-2.7137935261341237e-05,0.0,-2.5908308135004733e-06,0.0,-2.1742562082515815e-06,0.0,-8.902765583623324e-07,0.0,-8.154758066706905e-07,0.0,-3.125212848177633e-06,0.0,-1.393010474084715e-06,0.0,-2.7137935261341244e-05,0.0,5.2774991435380414e-05,0.0,-3.041884334084865e-06,0.0,-2.5217880350438514e-06,0.0,-9.779941959636537e-07,0.0,-8.902765583623299e-07,0.0,-3.153597607363153e-06,0.0,-1.4642139219033794e-06,0.0,-2.590830813500469e-06,0.0,-3.041884334084866e-06,0.0,5.328561659178565e-05,0.0,-2.6505784154815548e-05,0.0,-2.521788035043853e-06,0.0,-2.1742562082515794e-06,0.0,-2.6028164967522923e-06,0.0,-2.4164425215418993e-06,0.0,-2.174256208251581e-06,0.0,-2.5217880350438514e-06,0.0,-2.650578415481556e-05,0.0,5.3285616591785634e-05,0.0,-3.0418843340848653e-06,0.0,-2.5908308135004733e-06,0.0,-2.4164425215419014e-06,0.0,-2.602816496752292e-06,0.0,-8.902765583623327e-07,0.0,-9.779941959636544e-07,0.0,-2.5217880350438526e-06,0.0,-3.041884334084866e-06,0.0,5.2774991435380435e-05,0.0,-2.7137935261341244e-05,0.0,-1.4642139219033809e-06,0.0,-3.1535976073631515e-06,0.0,-8.154758066706891e-07,0.0,-8.902765583623314e-07,0.0,-2.1742562082515832e-06,0.0,-2.5908308135004712e-06,0.0,-2.7137935261341244e-05,0.0,5.251244479918673e-05,0.0,-1.3930104740847134e-06,0.0,-3.1252128481776336e-06,0.0,-3.125212848177636e-06,0.0,-3.1535976073631506e-06,0.0,-2.602816496752293e-06,0.0,-2.4164425215418993e-06,0.0,-1.46421392190338e-06,0.0,-1.3930104740847147e-06,0.0,3.287397059580226e-05,0.0,-4.231322428850034e-06,0.0,-1.3930104740847138e-06,0.0,-1.4642139219033783e-06,0.0,-2.4164425215418997e-06,0.0,-2.602816496752292e-06,0.0,-3.153597607363154e-06,0.0,-3.1252128481776353e-06,0.0,-4.231322428850034e-06,0.0,3.287397059580225e-05
5196128.329425692,0.0,5.467165715600435e-05,0.0,-2.825379580409229e-05,0.0,-2.697360873723848e-06,0.0,-2.2636575090231832e-06,0.0,-9.26883045703611e-07,0.0,-8.490066286536041e-07,0.0,-3.2537156864148465e-06,0.0,-1.4502884286785681e-06,0.0,-2.8253795804092283e-05,0.0,5.4944999213041214e-05,0.0,-3.166960861511517e-06,0.0,-2.625479186872035e-06,0.0,-1.0182074665682884e-06,0.0,-9.26883045703611e-07,0.0,-3.283267573183415e-06,0.0,-1.5244196275277948e-06,0.0,-2.6973608737238477e-06,0.0,-3.166960861511516e-06,0.0,5.547662030958267e-05,0.0,-2.7595651840334255e-05,0.0,-2.625479186872035e-06,0.0,-2.263657509023182e-06,0.0,-2.7098393855895564e-06,0.0,-2.5158020652082743e-06,0.0,-2.2636575090231824e-06,0.0,-2.6254791868720354e-06,0.0,-2.759565184033426e-05,0.0,5.547662030958266e-05,0.0,-3.1669608615115174e-06,0.0,-2.6973608737238494e-06,0.0,-2.515802065208272e-06,0.0,-2.7098393855895564e-06,0.0,-9.2688304570361e-07,0.0,-1.018207466568289e-06,0.0,-2.6254791868720367e-06,0.0,-3.166960861511518e-06,0.0,5.4944999213041214e-05,0.0,-2.8253795804092287e-05,0.0,-1.5244196275277948e-06,0.0,-3.2832675731834156e-06,0.0,-8.490066286536038e-07,0.0,-9.268830457036108e-07,0.0,-2.263657509023183e-06,0.0,-2.6973608737238465e-06,0.0,-2.8253795804092297e-05,0.0,5.467165715600436e-05,0.0,-1.4502884286785694e-06,0.0,-3.253715686414846e-06,0.0,-3.253715686414845e-06,0.0,-3.2832675731834156e-06,0.0,-2.7098393855895564e-06,0.0,-2.5158020652082726e-06,0.0,-1.5244196275277948e-06,0.0,-1.4502884286785687e-06,0.0,3.422568605676694e-05,0.0,-4.405306399868538e-06,0.0,-1.4502884286785685e-06,0.0,-1.5244196275277948e-06,0.0,-2.5158020652082743e-06,0.0,-2.7098393855895556e-06,0.0,-3.2832675731834156e-06,0.0,-3.253715686414846e-06,0.0,-4.405306399868539e-06,0.0,3.422568605676694e-05
5409783.2932997,0.0,5.691965223889125e-05,0.0,-2.9415538420732832e-05,0.0,-2.808271248428607e-06,0.0,-2.3567348221015755e-06,0.0,-9.649947225311024e-07,0.0,-8.839161745835093e-07,0.0,-3.3875023181845985e-06,0.0,-1.5099215443738602e-06,0.0,-2.9415538420732816e-05,0.0,5.7204233604047405e-05,0.0,-3.297180299054053e-06,0.0,-2.733433922640677e-06,0.0,-1.0600742307615296e-06,0.0,-9.649947225311028e-07,0.0,-3.4182693226137917e-06,0.0,-1.5871008778356098e-06,0.0,-2.808271248428603e-06,0.0,-3.2971802990540544e-06,0.0,5.7757713954051196e-05,0.0,-2.873033282264131e-05,0.0,-2.7334339226406745e-06,0.0,-2.3567348221015784e-06,0.0,-2.8212628530881882e-06,0.0,-2.619247085284528e-06,0.0,-2.3567348221015844e-06,0.0,-2.7334339226406775e-06,0.0,-2.8730332822641315e-05,0.0,5.775771395405118e-05,0.0,-3.297180299054055e-06,0.0,-2.8082712484286065e-06,0.0,-2.6192470852845275e-06,0.0,-2.821262853088193e-06,0.0,-9.649947225311004e-07,0.0,-1.0600742307615317e-06,0.0,-2.7334339226406788e-06,0.0,-3.2971802990540485e-06,0.0,5.7204233604047344e-05,0.0,-2.941553842073281e-05,0.0,-1.5871008778356144e-06,0.0,-3.4182693226137925e-06,0.0,-8.839161745835103e-07,0.0,-9.649947225311032e-07,0.0,-2.3567348221015767e-06,0.0,-2.80827124842861e-06,0.0,-2.9415538420732795e-05,0.0,5.691965223889127e-05,0.0,-1.5099215443738585e-06,0.0,-3.387502318184599e-06,0.0,-3.387502318184599e-06,0.0,-3.418269322613795e-06,0.0,-2.821262853088192e-06,0.0,-2.6192470852845254e-06,0.0,-1.587100877835612e-06,0.0,-1.5099215443738568e-06,0.0,3.563298149953173e-05,0.0,-4.586444262532122e-06,0.0,-1.5099215443738564e-06,0.0,-1.5871008778356146e-06,0.0,-2.619247085284525e-06,0.0,-2.821262853088192e-06,0.0,-3.418269322613795e-06,0.0,-3.3875023181845993e-06,0.0,-4.586444262532119e-06,0.0,3.563298149953171e-05
5632223.34497255,0.0,5.926008062553317e-05,0.0,-3.062504969531502e-05,0.0,-2.9237420478570345e-06,0.0,-2.4536392981564285e-06,0.0,-1.0046734793880905e-06,0.0,-9.202611349800489e-07,0.0,-3.526790003078029e-06,0.0,-1.5720066609382209e-06,0.0,-3.0625049695315035e-05,0.0,5.9556363437889284e-05,0.0,-3.4327541134441166e-06,0.0,-2.8458275528531074e-06,0.0,-1.1036624770707148e-06,0.0,-1.004673479388089e-06,0.0,-3.5588220885065907e-06,0.0,-1.6523594625395606e-06,0.0,-2.9237420478570337e-06,0.0,-3.4327541134441158e-06,0.0,6.01326018524921e-05,0.0,-2.9911669739697117e-05,0.0,-2.8458275528531108e-06,0.0,-2.4536392981564255e-06,0.0,-2.9372678427152057e-06,0.0,-2.7269455688293763e-06,0.0,-2.453639298156426e-06,0.0,-2.845827552853106e-06,0.0,-2.9911669739697114e-05,0.0,6.0132601852492065e-05,0.0,-3.4327541134441145e-06,0.0,-2.9237420478570354e-06,0.0,-2.726945568829377e-06,0.0,-2.9372678427152057e-06,0.0,-1.004673479388092e-06,0.0,-1.1036624770707144e-06,0.0,-2.8458275528531108e-06,0.0,-3.4327541134441174e-06,0.0,5.95563634378893e-05,0.0,-3.062504969531502e-05,0.0,-1.652359462539558e-06,0.0,-3.5588220885065903e-06,0.0,-9.202611349800478e-07,0.0,-1.004673479388089e-06,0.0,-2.4536392981564272e-06,0.0,-2.9237420478570354e-06,0.0,-3.062504969531505e-05,0.0,5.926008062553313e-05,0.0,-1.5720066609382221e-06,0.0,-3.526790003078031e-06,0.0,-3.5267900030780326e-06,0.0,-3.558822088506588e-06,0.0,-2.9372678427152086e-06,0.0,-2.7269455688293776e-06,0.0,-1.6523594625395572e-06,0.0,-1.5720066609382236e-06,0.0,3.709814226776996e-05,0.0,-4.775030171327371e-06,0.0,-1.5720066609382253e-06,0.0,-1.6523594625395572e-06,0.0,-2.7269455688293793e-06,0.0,-2.9372678427152057e-06,0.0,-3.558822088506589e-06,0.0,-3.52679000307803e-06,0.0,-4.775030171327369e-06,0.0,3.7098142267769976e-05
5863809.710629815,0.0,6.169674299846158e-05,0.0,-3.188429378465711e-05,0.0,-3.043960788043698e-06,0.0,-2.5545283028868793e-06,0.0,-1.0459837516398856e-06,0.0,-9.58100531369733e-07,0.0,-3.6718049339895104e-06,0.0,-1.6366446000072874e-06,0.0,-3.188429378465711e-05,0.0,6.200520839938316e-05,0.0,-3.573902466525172e-06,0.0,-2.962842596448785e-06,0.0,-1.1490429895827484e-06,0.0,-1.045983751639885e-06,0.0,-3.705154118154126e-06,0.0,-1.720301356752701e-06,0.0,-3.0439607880436998e-06,0.0,-3.573902466525173e-06,0.0,6.260514064713423e-05,0.0,-3.114158099524774e-05,0.0,-2.9628425964487858e-06,0.0,-2.554528302886875e-06,0.0,-3.0580427379905446e-06,0.0,-2.839072410211493e-06,0.0,-2.5545283028868776e-06,0.0,-2.9628425964487875e-06,0.0,-3.114158099524775e-05,0.0,6.260514064713423e-05,0.0,-3.5739024665251728e-06,0.0,-3.0439607880437014e-06,0.0,-2.839072410211494e-06,0.0,-3.0580427379905433e-06,0.0,-1.0459837516398852e-06,0.0,-1.1490429895827497e-06,0.0,-2.9628425964487875e-06,0.0,-3.5739024665251706e-06,0.0,6.200520839938315e-05,0.0,-3.188429378465711e-05,0.0,-1.7203013567527022e-06,0.0,-3.7051541181541214e-06,0.0,-9.581005313697336e-07,0.0,-1.0459837516398856e-06,0.0,-2.5545283028868776e-06,0.0,-3.0439607880436972e-06,0.0,-3.1884293784657105e-05,0.0,6.169674299846158e-05,0.0,-1.6366446000072884e-06,0.0,-3.671804933989511e-06,0.0,-3.671804933989512e-06,0.0,-3.705154118154122e-06,0.0,-3.0580427379905433e-06,0.0,-2.839072410211491e-06,0.0,-1.7203013567527026e-06,0.0,-1.6366446000072884e-06,0.0,3.862354767416209e-05,0.0,-4.971370375816702e-06,0.0,-1.6366446000072878e-06,0.0,-1.7203013567527024e-06,0.0,-2.8390724102114916e-06,0.0,-3.0580427379905425e-06,0.0,-3.705154118154123e-06,0.0,-3.6718049339895095e-06,0.0,-4.971370375816702e-06,0.0,3.862354767416209e-05
6104918.469394275,0.0,6.423359631708182e-05,0.0,-3.319531560798881e-05,0.0,-3.169122695327706e-06,0.0,-2.659565672571846e-06,0.0,-1.0889926241120792e-06,0.0,-9.974958121325713e-07,0.0,-3.8227826044371995e-06,0.0,-1.7039403288115436e-06,0.0,-3.319531560798881e-05,0.0,6.455474523155656e-05,0.0,-3.7208545727790706e-06,0.0,-3.0846690772005815e-06,0.0,-1.1962894628922552e-06,0.0,-1.0889926241120796e-06,0.0,-3.857503043945443e-06,0.0,-1.7910368930842374e-06,0.0,-3.1691226953277057e-06,0.0,-3.7208545727790723e-06,0.0,6.517934555803739e-05,0.0,-3.242206387417129e-05,0.0,-3.084669077200582e-06,0.0,-2.659565672571849e-06,0.0,-3.1837836684080102e-06,0.0,-2.9558096951250215e-06,0.0,-2.6595656725718488e-06,0.0,-3.08466907720058e-06,0.0,-3.242206387417129e-05,0.0,6.51793455580374e-05,0.0,-3.7208545727790706e-06,0.0,-3.1691226953277045e-06,0.0,-2.9558096951250215e-06,0.0,-3.183783668408012e-06,0.0,-1.0889926241120788e-06,0.0,-1.1962894628922567e-06,0.0,-3.084669077200583e-06,0.0,-3.720854572779071e-06,0.0,6.455474523155655e-05,0.0,-3.3195315607988816e-05,0.0,-1.7910368930842353e-06,0.0,-3.857503043945443e-06,0.0,-9.974958121325723e-07,0.0,-1.0889926241120781e-06,0.0,-2.659565672571846e-06,0.0,-3.1691226953277057e-06,0.0,-3.31953156079888e-05,0.0,6.423359631708183e-05,0.0,-1.7039403288115453e-06,0.0,-3.822782604437199e-06,0.0,-3.822782604437199e-06,0.0,-3.857503043945442e-06,0.0,-3.1837836684080102e-06,0.0,-2.9558096951250228e-06,0.0,-1.7910368930842366e-06,0.0,-1.7039403288115447e-06,0.0,4.021167486422347e-05,0.0,-5.175783717965014e-06,0.0,-1.7039403288115447e-06,0.0,-1.7910368930842363e-06,0.0,-2.9558096951250215e-06,0.0,-3.1837836684080102e-06,0.0,-3.8575030439454404e-06,0.0,-3.8227826044371995e-06,0.0,-5.175783717965015e-06,0.0,4.021167486422348e-05
6355941.16405054,0.0,6.687476024348174e-05,0.0,-3.4560244167748806e-05,0.0,-3.299431023385757e-06,0.0,-2.768921980127995e-06,0.0,-1.1337699400313418e-06,0.0,-1.0385109522896688e-06,0.0,-3.979968190987078e-06,0.0,-1.7740031306353658e-06,0.0,-3.4560244167748806e-05,0.0,6.720911419358495e-05,0.0,-3.8738490715533945e-06,0.0,-3.211504832299303e-06,0.0,-1.2454786217761266e-06,0.0,-1.1337699400313422e-06,0.0,-4.016116269263748e-06,0.0,-1.8646809408114455e-06,0.0,-3.299431023385755e-06,0.0,-3.873849071553397e-06,0.0,6.785939690351159e-05,0.0,-3.375519778592024e-05,0.0,-3.211504832299304e-06,0.0,-2.7689219801279964e-06,0.0,-3.314694827935042e-06,0.0,-3.077346996283281e-06,0.0,-2.768921980127997e-06,0.0,-3.2115048322993027e-06,0.0,-3.375519778592025e-05,0.0,6.785939690351159e-05,0.0,-3.8738490715533945e-06,0.0,-3.299431023385757e-06,0.0,-3.0773469962832834e-06,0.0,-3.3146948279350416e-06,0.0,-1.1337699400313405e-06,0.0,-1.245478621776126e-06,0.0,-3.2115048322993027e-06,0.0,-3.873849071553398e-06,0.0,6.720911419358497e-05,0.0,-3.4560244167748806e-05,0.0,-1.8646809408114447e-06,0.0,-4.01611626926375e-06,0.0,-1.038510952289671e-06,0.0,-1.1337699400313418e-06,0.0,-2.768921980127992e-06,0.0,-3.299431023385755e-06,0.0,-3.4560244167748806e-05,0.0,6.687476024348173e-05,0.0,-1.7740031306353658e-06,0.0,-3.979968190987078e-06,0.0,-3.979968190987077e-06,0.0,-4.01611626926375e-06,0.0,-3.3146948279350394e-06,0.0,-3.0773469962832812e-06,0.0,-1.8646809408114449e-06,0.0,-1.7740031306353664e-06,0.0,4.1865102839005344e-05,0.0,-5.388602149915426e-06,0.0,-1.7740031306353664e-06,0.0,-1.864680940811446e-06,0.0,-3.0773469962832834e-06,0.0,-3.3146948279350403e-06,0.0,-4.01611626926375e-06,0.0,-3.979968190987077e-06,0.0,-5.388602149915426e-06,0.0,4.186510283900534e-05
6617285.436881583,0.0,6.962452383245823e-05,0.0,-3.5981296006927194e-05,0.0,-3.4350973833011184e-06,0.0,-2.8827748121075286e-06,0.0,-1.1803884144456567e-06,0.0,-1.0812125573939352e-06,0.0,-4.143616951401553e-06,0.0,-1.8469467822849715e-06,0.0,-3.598129600692719e-05,0.0,6.99726257842661e-05,0.0,-4.033134414594103e-06,0.0,-3.3435558336266577e-06,0.0,-1.2966903457888863e-06,0.0,-1.1803884144456559e-06,0.0,-4.1812513702511805e-06,0.0,-1.94135309241892e-06,0.0,-3.4350973833011184e-06,0.0,-4.033134414594104e-06,0.0,7.06496468886451e-05,0.0,-3.5143147641328815e-05,0.0,-3.343555833626661e-06,0.0,-2.8827748121075277e-06,0.0,-3.4509888066086024e-06,0.0,-3.203881681270819e-06,0.0,-2.8827748121075286e-06,0.0,-3.3435558336266577e-06,0.0,-3.514314764132882e-05,0.0,7.064964688864508e-05,0.0,-4.033134414594101e-06,0.0,-3.4350973833011167e-06,0.0,-3.203881681270816e-06,0.0,-3.4509888066086016e-06,0.0,-1.1803884144456567e-06,0.0,-1.296690345788888e-06,0.0,-3.3435558336266598e-06,0.0,-4.0331344145941005e-06,0.0,6.99726257842661e-05,0.0,-3.598129600692719e-05,0.0,-1.9413530924189203e-06,0.0,-4.1812513702511805e-06,0.0,-1.0812125573939339e-06,0.0,-1.180388414445656e-06,0.0,-2.8827748121075294e-06,0.0,-3.4350973833011163e-06,0.0,-3.598129600692718e-05,0.0,6.962452383245824e-05,0.0,-1.8469467822849719e-06,0.0,-4.143616951401552e-06,0.0,-4.143616951401551e-06,0.0,-4.181251370251182e-06,0.0,-3.4509888066086003e-06,0.0,-3.2038816812708183e-06,0.0,-1.9413530924189203e-06,0.0,-1.8469467822849712e-06,0.0,4.358651664320174e-05,0.0,-5.610171273055007e-06,0.0,-1.8469467822849712e-06,0.0,-1.94135309241892e-06,0.0,-3.2038816812708175e-06,0.0,-3.4509888066086016e-06,0.0,-4.18125137025118e-06,0.0,-4.143616951401551e-06,0.0,-5.6101712730550076e-06,0.0,4.358651664320173e-05
6889375.691649636,0.0,7.248735249662501e-05,0.0,-3.746077880856726e-05,0.0,-3.5763420872043444e-06,0.0,-3.0013090570856186e-06,0.0,-1.2289237523081772e-06,0.0,-1.1256699716925632e-06,0.0,-4.313994639159173e-06,0.0,-1.9228897388535467e-06,0.0,-3.7460778808567255e-05,0.0,7.28497677419512e-05,0.0,-4.198969269512777e-06,0.0,-3.481036522238363e-06,0.0,-1.3500077989811775e-06,0.0,-1.2289237523081751e-06,0.0,-4.353176514093404e-06,0.0,-2.0211778578079033e-06,0.0,-3.5763420872043436e-06,0.0,-4.198969269512776e-06,0.0,7.355462667296334e-05,0.0,-3.658816736826789e-05,0.0,-3.481036522238363e-06,0.0,-3.0013090570856186e-06,0.0,-3.592886935765673e-06,0.0,-3.3356192330537587e-06,0.0,-3.00130905708562e-06,0.0,-3.481036522238365e-06,0.0,-3.6588167368267895e-05,0.0,7.355462667296334e-05,0.0,-4.198969269512776e-06,0.0,-3.5763420872043427e-06,0.0,-3.3356192330537566e-06,0.0,-3.5928869357656717e-06,0.0,-1.2289237523081768e-06,0.0,-1.3500077989811775e-06,0.0,-3.481036522238365e-06,0.0,-4.198969269512777e-06,0.0,7.284976774195118e-05,0.0,-3.7460778808567255e-05,0.0,-2.0211778578079037e-06,0.0,-4.353176514093404e-06,0.0,-1.1256699716925637e-06,0.0,-1.2289237523081779e-06,0.0,-3.0013090570856173e-06,0.0,-3.5763420872043457e-06,0.0,-3.7460778808567255e-05,0.0,7.2487352496625e-05,0.0,-1.922889738853545e-06,0.0,-4.313994639159173e-06,0.0,-4.313994639159174e-06,0.0,-4.353176514093404e-06,0.0,-3.592886935765672e-06,0.0,-3.3356192330537587e-06,0.0,-2.021177857807904e-06,0.0,-1.9228897388535455e-06,0.0,4.537871172546336e-05,0.0,-5.84085089924585e-06,0.0,-1.9228897388535463e-06,0.0,-2.0211778578079037e-06,0.0,-3.335619233053757e-06,0.0,-3.592886935765672e-06,0.0,-4.353176514093403e-06,0.0,-4.313994639159174e-06,0.0,-5.840850899245849e-06,0.0,4.537871172546338e-05
7172653.782796504,0.0,7.546789525791217e-05,0.0,-3.900109514327203e-05,0.0,-3.723394506043893e-06,0.0,-3.1247172059057653e-06,0.0,-1.27945477141646e-06,0.0,-1.171955390736979e-06,0.0,-4.491377935018627e-06,0.0,-2.001955326083541e-06,0.0,-3.900109514327203e-05,0.0,7.584521233230001e-05,0.0,-4.371622939843698e-06,0.0,-3.624170156600537e-06,0.0,-1.4055175649520353e-06,0.0,-1.279454771416462e-06,0.0,-4.532170894503289e-06,0.0,-2.1042848664911595e-06,0.0,-3.723394506043892e-06,0.0,-4.371622939843697e-06,0.0,7.65790537286968e-05,0.0,-3.8092603571857066e-05,0.0,-3.6241701566005355e-06,0.0,-3.124717205905768e-06,0.0,-3.740619647468972e-06,0.0,-3.4727735836689443e-06,0.0,-3.124717205905763e-06,0.0,-3.6241701566005363e-06,0.0,-3.809260357185708e-05,0.0,7.657905372869672e-05,0.0,-4.371622939843697e-06,0.0,-3.723394506043889e-06,0.0,-3.472773583668943e-06,0.0,-3.740619647468974e-06,0.0,-1.2794547714164627e-06,0.0,-1.4055175649520355e-06,0.0,-3.6241701566005384e-06,0.0,-4.3716229398436974e-06,0.0,7.58452123323e-05,0.0,-3.9001095143272026e-05,0.0,-2.1042848664911587e-06,0.0,-4.53217089450329e-06,0.0,-1.1719553907369791e-06,0.0,-1.2794547714164615e-06,0.0,-3.1247172059057696e-06,0.0,-3.723394506043886e-06,0.0,-3.900109514327201e-05,0.0,7.546789525791217e-05,0.0,-2.0019553260835416e-06,0.0,-4.491377935018629e-06,0.0,-4.491377935018629e-06,0.0,-4.532170894503289e-06,0.0,-3.740619647468977e-06,0.0,-3.4727735836689417e-06,0.0,-2.10428486649116e-06,0.0,-2.001955326083541e-06,0.0,4.7244598477999455e-05,0.0,-6.08101563513292e-06,0.0,-2.001955326083538e-06,0.0,-2.1042848664911612e-06,0.0,-3.472773583668944e-06,0.0,-3.7406196474689742e-06,0.0,-4.532170894503286e-06,0.0,-4.49137793501863e-06,0.0,-6.081015635132918e-06,0.0,4.7244598477999475e-05
7467579.732982482,0.0,7.85709922972339e-05,0.0,-4.060474637080118e-05,0.0,-3.876493442067552e-06,0.0,-3.2531996642707034e-06,0.0,-1.3320635304067609e-06,0.0,-1.2201439786230546e-06,0.0,-4.676054896327814e-06,0.0,-2.084271940638562e-06,0.0,-4.060474637080118e-05,0.0,7.896382393569456e-05,0.0,-4.55137580237285e-06,0.0,-3.77318917514493e-06,0.0,-1.4633097874542238e-06,0.0,-1.3320635304067592e-06,0.0,-4.718525185110842e-06,0.0,-2.1908090781017083e-06,0.0,-3.876493442067554e-06,0.0,-4.551375802372848e-06,0.0,7.97278395016068e-05,0.0,-3.96588993451779e-05,0.0,-3.773189175144931e-06,0.0,-3.2531996642707004e-06,0.0,-3.8944268487115826e-06,0.0,-3.615567461633728e-06,0.0,-3.253199664270701e-06,0.0,-3.773189175144932e-06,0.0,-3.96588993451779e-05,0.0,7.972783950160683e-05,0.0,-4.551375802372848e-06,0.0,-3.876493442067553e-06,0.0,-3.615567461633732e-06,0.0,-3.894426848711579e-06,0.0,-1.332063530406759e-06,0.0,-1.4633097874542238e-06,0.0,-3.773189175144933e-06,0.0,-4.5513758023728455e-06,0.0,7.896382393569458e-05,0.0,-4.060474637080119e-05,0.0,-2.190809078101708e-06,0.0,-4.718525185110842e-06,0.0,-1.2201439786230559e-06,0.0,-1.3320635304067613e-06,0.0,-3.2531996642706983e-06,0.0,-3.876493442067557e-06,0.0,-4.060474637080121e-05,0.0,7.85709922972339e-05,0.0,-2.0842719406385586e-06,0.0,-4.676054896327815e-06,0.0,-4.676054896327817e-06,0.0,-4.71852518511084e-06,0.0,-3.894426848711578e-06,0.0,-3.6155674616337337e-06,0.0,-2.1908090781017074e-06,0.0,-2.0842719406385595e-06,0.0,4.918720696283929e-05,0.0,-6.331055490477524e-06,0.0,-2.084271940638562e-06,0.0,-2.1908090781017057e-06,0.0,-3.615567461633732e-06,0.0,-3.8944268487115826e-06,0.0,-4.718525185110844e-06,0.0,-4.676054896327817e-06,0.0,-6.331055490477523e-06,0.0,4.91872069628393e-05
7774632.480129124,0.0,8.180168281458413e-05,0.0,-4.227433670209418e-05,0.0,-4.035887516619659e-06,0.0,-3.3869650781863935e-06,0.0,-1.3868354620111477e-06,0.0,-1.270313990052049e-06,0.0,-4.868325424807666e-06,0.0,-2.169973258610044e-06,0.0,-4.227433670209418e-05,0.0,8.221066694663286e-05,0.0,-4.7385197624490765e-06,0.0,-3.928335573731758e-06,0.0,-1.5234783167810563e-06,0.0,-1.3868354620111483e-06,0.0,-4.91254201149567e-06,0.0,-2.2808910015572815e-06,0.0,-4.035887516619651e-06,0.0,-4.738519762449079e-06,0.0,8.30060973868102e-05,0.0,-4.128959823667609e-05,0.0,-3.92833557373176e-06,0.0,-3.386965078186394e-06,0.0,-4.054558311008126e-06,0.0,-3.764232753640635e-06,0.0,-3.386965078186397e-06,0.0,-3.928335573731759e-06,0.0,-4.12895982366761e-05,0.0,8.300609738681019e-05,0.0,-4.738519762449078e-06,0.0,-4.035887516619654e-06,0.0,-3.764232753640631e-06,0.0,-4.054558311008125e-06,0.0,-1.3868354620111485e-06,0.0,-1.523478316781056e-06,0.0,-3.92833557373176e-06,0.0,-4.738519762449081e-06,0.0,8.22106669466328e-05,0.0,-4.2274336702094186e-05,0.0,-2.2808910015572815e-06,0.0,-4.912542011495667e-06,0.0,-1.2703139900520473e-06,0.0,-1.3868354620111477e-06,0.0,-3.3869650781863944e-06,0.0,-4.035887516619655e-06,0.0,-4.227433670209416e-05,0.0,8.180168281458409e-05,0.0,-2.1699732586100443e-06,0.0,-4.868325424807667e-06,0.0,-4.868325424807664e-06,0.0,-4.912542011495666e-06,0.0,-4.054558311008131e-06,0.0,-3.7642327536406305e-06,0.0,-2.2808910015572794e-06,0.0,-2.169973258610046e-06,0.0,5.120969183242878e-05,0.0,-6.5913765115043125e-06,0.0,-2.169973258610043e-06,0.0,-2.2808910015572836e-06,0.0,-3.7642327536406318e-06,0.0,-4.054558311008127e-06,0.0,-4.912542011495662e-06,0.0,-4.8683254248076675e-06,0.0,-6.591376511504312e-06,0.0,5.120969183242879e-05
8094310.655178982,0.0,8.516521321232447e-05,0.0,-4.4012577428316165e-05,0.0,-4.2018355738837174e-06,0.0,-3.526230672787756e-06,0.0,-1.4438595117939878e-06,0.0,-1.3225468974104421e-06,0.0,-5.068501753570349e-06,0.0,-2.25919845259734e-06,0.0,-4.401257742831618e-05,0.0,8.559101399793099e-05,0.0,-4.933358728016779e-06,0.0,-4.0898612986330525e-06,0.0,-1.586120862172281e-06,0.0,-1.4438595117939859e-06,0.0,-5.1145364426285185e-06,0.0,-2.3746769232364227e-06,0.0,-4.2018355738837174e-06,0.0,-4.93335872801678e-06,0.0,8.641915103255446e-05,0.0,-4.2987348380696186e-05,0.0,-4.089861298633055e-06,0.0,-3.5262306727877547e-06,0.0,-4.2212740760052644e-06,0.0,-3.919010881124123e-06,0.0,-3.5262306727877534e-06,0.0,-4.089861298633053e-06,0.0,-4.298734838069619e-05,0.0,8.641915103255444e-05,0.0,-4.933358728016778e-06,0.0,-4.201835573883713e-06,0.0,-3.9190108811241234e-06,0.0,-4.221274076005265e-06,0.0,-1.4438595117939867e-06,0.0,-1.5861208621722808e-06,0.0,-4.08986129863306e-06,0.0,-4.933358728016777e-06,0.0,8.559101399793104e-05,0.0,-4.401257742831617e-05,0.0,-2.37467692323642e-06,0.0,-5.114536442628522e-06,0.0,-1.3225468974104417e-06,0.0,-1.4438595117939886e-06,0.0,-3.526230672787751e-06,0.0,-4.2018355738837174e-06,0.0,-4.401257742831619e-05,0.0,8.516521321232448e-05,0.0,-2.2591984525973393e-06,0.0,-5.068501753570347e-06,0.0,-5.068501753570348e-06,0.0,-5.11453644262852e-06,0.0,-4.221274076005264e-06,0.0,-3.919010881124126e-06,0.0,-2.3746769232364206e-06,0.0,-2.2591984525973384e-06,0.0,5.331533745255263e-05,0.0,-6.862401440290296e-06,0.0,-2.2591984525973406e-06,0.0,-2.37467692323642e-06,0.0,-3.919010881124126e-06,0.0,-4.221274076005264e-06,0.0,-5.114536442628524e-06,0.0,-5.0685017535703485e-06,0.0,-6.862401440290295e-06,0.0,5.3315337452552637e-05
8427133.391835373,0.0,8.866704561495346e-05,0.0,-4.5822291323794226e-05,0.0,-4.374607101226241e-06,0.0,-3.6712226050961643e-06,0.0,-1.5032282825929141e-06,0.0,-1.3769275230750773e-06,0.0,-5.276908954162736e-06,0.0,-2.35209241771372e-06,0.0,-4.582229132379425e-05,0.0,8.911035452308865e-05,0.0,-5.136209103139915e-06,0.0,-4.258028655674777e-06,0.0,-1.6513391504867046e-06,0.0,-1.5032282825929133e-06,0.0,-5.324836502520011e-06,0.0,-2.4723191445367152e-06,0.0,-4.374607101226243e-06,0.0,-5.136209103139915e-06,0.0,8.997254298542867e-05,0.0,-4.475490679785564e-05,0.0,-4.258028655674776e-06,0.0,-3.6712226050961614e-06,0.0,-4.39484487777006e-06,0.0,-4.080153192311227e-06,0.0,-3.67122260509616e-06,0.0,-4.258028655674779e-06,0.0,-4.475490679785565e-05,0.0,8.997254298542867e-05,0.0,-5.136209103139914e-06,0.0,-4.374607101226239e-06,0.0,-4.0801531923112236e-06,0.0,-4.394844877770061e-06,0.0,-1.5032282825929167e-06,0.0,-1.651339150486706e-06,0.0,-4.25802865567478e-06,0.0,-5.136209103139912e-06,0.0,8.911035452308865e-05,0.0,-4.582229132379423e-05,0.0,-2.4723191445367157e-06,0.0,-5.324836502520009e-06,0.0,-1.3769275230750752e-06,0.0,-1.503228282592914e-06,0.0,-3.67122260509616e-06,0.0,-4.374607101226244e-06,0.0,-4.5822291323794226e-05,0.0,8.866704561495345e-05,0.0,-2.352092417713719e-06,0.0,-5.276908954162738e-06,0.0,-5.27690895416274e-06,0.0,-5.32483650252001e-06,0.0,-4.394844877770061e-06,0.0,-4.080153192311225e-06,0.0,-2.4723191445367144e-06,0.0,-2.352092417713719e-06,0.0,5.550756323590135e-05,0.0,-7.144570401266713e-06,0.0,-2.3520924177137182e-06,0.0,-2.4723191445367157e-06,0.0,-4.080153192311225e-06,0.0,-4.39484487777006e-06,0.0,-5.324836502520009e-06,0.0,-5.2769089541627365e-06,0.0,-7.144570401266711e-06,0.0,5.550756323590135e-05
8773641.169597114,0.0,9.231286673919283e-05,0.0,-4.770641722999409e-05,0.0,-4.554482666824297e-06,0.0,-3.822176331281751e-06,0.0,-1.5650381848990207e-06,0.0,-1.433544177158419e-06,0.0,-5.493885464458571e-06,0.0,-2.4488060068853156e-06,0.0,-4.7706417229994105e-05,0.0,9.277440367072313e-05,0.0,-5.3474003018188055e-06,0.0,-4.433110736202082e-06,0.0,-1.7192390913990535e-06,0.0,-1.5650381848990186e-06,0.0,-5.543783702907328e-06,0.0,-2.5739762292010237e-06,0.0,-4.554482666824297e-06,0.0,-5.347400301818806e-06,0.0,9.36720436910492e-05,0.0,-4.659514387224245e-05,0.0,-4.433110736202084e-06,0.0,-3.82217633128175e-06,0.0,-4.575552582442098e-06,0.0,-4.247921370392396e-06,0.0,-3.822176331281749e-06,0.0,-4.433110736202084e-06,0.0,-4.659514387224247e-05,0.0,9.367204369104917e-05,0.0,-5.347400301818805e-06,0.0,-4.554482666824293e-06,0.0,-4.247921370392398e-06,0.0,-4.575552582442101e-06,0.0,-1.5650381848990205e-06,0.0,-1.719239091399055e-06,0.0,-4.4331107362020825e-06,0.0,-5.347400301818805e-06,0.0,9.277440367072311e-05,0.0,-4.77064172299941e-05,0.0,-2.573976229201025e-06,0.0,-5.543783702907327e-06,0.0,-1.4335441771584208e-06,0.0,-1.565038184899019e-06,0.0,-3.822176331281754e-06,0.0,-4.554482666824295e-06,0.0,-4.77064172299941e-05,0.0,9.231286673919282e-05,0.0,-2.4488060068853156e-06,0.0,-5.4938854644585724e-06,0.0,-5.493885464458576e-06,0.0,-5.543783702907325e-06,0.0,-4.5755525824420995e-06,0.0,-4.247921370392397e-06,0.0,-2.5739762292010224e-06,0.0,-2.448806006885317e-06,0.0,5.7789929194944544e-05,0.0,-7.438341615948536e-06,0.0,-2.4488060068853164e-06,0.0,-2.573976229201025e-06,0.0,-4.247921370392398e-06,0.0,-4.5755525824420995e-06,0.0,-5.543783702907326e-06,0.0,-5.493885464458573e-06,0.0,-7.438341615948533e-06,0.0,5.7789929194944565e-05
9134396.691457167,0.0,9.610859712879394e-05,0.0,-4.966801482798093e-05,0.0,-4.74175437528741e-06,0.0,-3.9793369890267675e-06,0.0,-1.6293895934203334e-06,0.0,-1.49248880091763e-06,0.0,-5.719783638256476e-06,0.0,-2.5494962758251075e-06,0.0,-4.966801482798093e-05,0.0,9.658911158554703e-05,0.0,-5.56727528293407e-06,0.0,-4.615391860559425e-06,0.0,-1.789930949389452e-06,0.0,-1.6293895934203344e-06,0.0,-5.771733597843986e-06,0.0,-2.6798132608132274e-06,0.0,-4.74175437528741e-06,0.0,-5.567275282934067e-06,0.0,9.752366086483593e-05,0.0,-4.8511048012706316e-05,0.0,-4.615391860559423e-06,0.0,-3.9793369890267734e-06,0.0,-4.763690645963201e-06,0.0,-4.422587858475679e-06,0.0,-3.979336989026771e-06,0.0,-4.615391860559425e-06,0.0,-4.851104801270633e-05,0.0,9.752366086483587e-05,0.0,-5.567275282934066e-06,0.0,-4.741754375287407e-06,0.0,-4.422587858475674e-06,0.0,-4.763690645963201e-06,0.0,-1.629389593420334e-06,0.0,-1.7899309493894538e-06,0.0,-4.615391860559423e-06,0.0,-5.567275282934068e-06,0.0,9.658911158554706e-05,0.0,-4.966801482798094e-05,0.0,-2.6798132608132287e-06,0.0,-5.771733597843982e-06,0.0,-1.49248880091763e-06,0.0,-1.6293895934203334e-06,0.0,-3.979336989026769e-06,0.0,-4.741754375287408e-06,0.0,-4.966801482798094e-05,0.0,9.610859712879393e-05,0.0,-2.549496275825106e-06,0.0,-5.71978363825648e-06,0.0,-5.719783638256482e-06,0.0,-5.7717335978439836e-06,0.0,-4.763690645963203e-06,0.0,-4.422587858475674e-06,0.0,-2.679813260813228e-06,0.0,-2.5494962758251067e-06,0.0,6.016614172312744e-05,0.0,-7.74419214705227e-06,0.0,-2.549496275825106e-06,0.0,-2.6798132608132283e-06,0.0,-4.422587858475677e-06,0.0,-4.7636906459632015e-06,0.0,-5.771733597843982e-06,0.0,-5.71978363825648e-06,0.0,-7.744192147052271e-06,0.0,6.016614172312745e-05
9509985.797690779,0.0,0.00010006040076906385,0.0,-5.1710269607115466e-05,0.0,-4.936726342013918e-06,0.0,-4.142959795611113e-06,0.0,-1.6963870100829415e-06,0.0,-1.5538571160603923e-06,0.0,-5.954970317476529e-06,0.0,-2.654326738079784e-06,0.0,-5.171026960711547e-05,0.0,0.00010056067307096433,0.0,-5.796191107186509e-06,0.0,-4.805168039805786e-06,0.0,-1.863529522804794e-06,0.0,-1.696387010082939e-06,0.0,-6.009056361093373e-06,0.0,-2.7900021108818013e-06,0.0,-4.936726342013911e-06,0.0,-5.796191107186509e-06,0.0,0.00010153364924809825,0.0,-5.0505730505813756e-05,0.0,-4.805168039805791e-06,0.0,-4.142959795611109e-06,0.0,-4.959564590628213e-06,0.0,-4.604436302014151e-06,0.0,-4.142959795611113e-06,0.0,-4.8051680398057926e-06,0.0,-5.050573050581376e-05,0.0,0.00010153364924809825,0.0,-5.79619110718651e-06,0.0,-4.9367263420139165e-06,0.0,-4.6044363020141515e-06,0.0,-4.959564590628215e-06,0.0,-1.6963870100829386e-06,0.0,-1.8635295228047965e-06,0.0,-4.805168039805795e-06,0.0,-5.796191107186507e-06,0.0,0.00010056067307096425,0.0,-5.1710269607115446e-05,0.0,-2.790002110881797e-06,0.0,-6.0090563610933746e-06,0.0,-1.5538571160603908e-06,0.0,-1.6963870100829375e-06,0.0,-4.142959795611109e-06,0.0,-4.936726342013918e-06,0.0,-5.171026960711543e-05,0.0,0.00010006040076906386,0.0,-2.6543267380797862e-06,0.0,-5.954970317476525e-06,0.0,-5.954970317476527e-06,0.0,-6.009056361093375e-06,0.0,-4.959564590628213e-06,0.0,-4.6044363020141515e-06,0.0,-2.790002110881799e-06,0.0,-2.6543267380797866e-06,0.0,6.264005961378008e-05,0.0,-8.062618673210584e-06,0.0,-2.6543267380797866e-06,0.0,-2.790002110881799e-06,0.0,-4.6044363020141515e-06,0.0,-4.95956459062821e-06,0.0,-6.0090563610933746e-06,0.0,-5.954970317476527e-06,0.0,-8.062618673210584e-06,0.0,6.26400596137801e-05
9901018.417216657,0.0,0.0001041746950967207,0.0,-5.3836498038052725e-05,0.0,-5.139715187051821e-06,0.0,-4.313310462366216e-06,0.0,-1.7661392337343657e-06,0.0,-1.6177487801898534e-06,0.0,-6.199827427884317e-06,0.0,-2.7634676305636564e-06,0.0,-5.383649803805273e-05,0.0,0.00010469553764897165,0.0,-6.034519516937246e-06,0.0,-5.002747456414754e-06,0.0,-1.9401543302827517e-06,0.0,-1.7661392337343645e-06,0.0,-6.256137387263526e-06,0.0,-2.904721717946383e-06,0.0,-5.139715187051815e-06,0.0,-6.034519516937249e-06,0.0,0.000105708520765272,0.0,-5.258243056834717e-05,0.0,-5.0027474564147545e-06,0.0,-4.313310462366214e-06,0.0,-5.1634925012305645e-06,0.0,-4.793762009425182e-06,0.0,-4.313310462366216e-06,0.0,-5.0027474564147545e-06,0.0,-5.258243056834718e-05,0.0,0.00010570852076527193,0.0,-6.034519516937246e-06,0.0,-5.139715187051821e-06,0.0,-4.793762009425181e-06,0.0,-5.1634925012305645e-06,0.0,-1.7661392337343643e-06,0.0,-1.940154330282753e-06,0.0,-5.0027474564147545e-06,0.0,-6.034519516937242e-06,0.0,0.00010469553764897166,0.0,-5.3836498038052725e-05,0.0,-2.9047217179463804e-06,0.0,-6.256137387263526e-06,0.0,-1.6177487801898539e-06,0.0,-1.7661392337343655e-06,0.0,-4.3133104623662154e-06,0.0,-5.139715187051821e-06,0.0,-5.3836498038052725e-05,0.0,0.00010417469509672067,0.0,-2.763467630563657e-06,0.0,-6.199827427884318e-06,0.0,-6.199827427884317e-06,0.0,-6.256137387263526e-06,0.0,-5.163492501230566e-06,0.0,-4.793762009425181e-06,0.0,-2.9047217179463812e-06,0.0,-2.763467630563658e-06,0.0,6.521570032651189e-05,0.0,-8.394138295541603e-06,0.0,-2.7634676305636585e-06,0.0,-2.9047217179463804e-06,0.0,-4.793762009425181e-06,0.0,-5.163492501230562e-06,0.0,-6.256137387263526e-06,0.0,-6.1998274278843185e-06,0.0,-8.394138295541602e-06,0.0,6.52157003265119e-05
10308129.558076436,0.0,0.00010845816142133619,0.0,-5.605015295844507e-05,0.0,-5.351050549266332e-06,0.0,-4.490665626170661e-06,0.0,-1.8387595368248583e-06,0.0,-1.6842675486412259e-06,0.0,-6.4547525993101895e-06,0.0,-2.877096190010789e-06,0.0,-5.605015295844507e-05,0.0,0.00010900042003370546,0.0,-6.282647539889812e-06,0.0,-5.208450964740003e-06,0.0,-2.019929804841205e-06,0.0,-1.838759536824856e-06,0.0,-6.513377917659425e-06,0.0,-3.024158378160749e-06,0.0,-5.351050549266331e-06,0.0,-6.282647539889813e-06,0.0,0.00011005505509880244,0.0,-5.474452060755324e-05,0.0,-5.208450964740003e-06,0.0,-4.490665626170663e-06,0.0,-5.375805541608469e-06,0.0,-4.9908724316494e-06,0.0,-4.490665626170663e-06,0.0,-5.208450964740005e-06,0.0,-5.4744520607553245e-05,0.0,0.0001100550550988024,0.0,-6.2826475398898085e-06,0.0,-5.351050549266327e-06,0.0,-4.9908724316493985e-06,0.0,-5.37580554160847e-06,0.0,-1.8387595368248553e-06,0.0,-2.019929804841204e-06,0.0,-5.208450964740008e-06,0.0,-6.282647539889812e-06,0.0,0.00010900042003370544,0.0,-5.605015295844507e-05,0.0,-3.0241583781607497e-06,0.0,-6.513377917659424e-06,0.0,-1.6842675486412286e-06,0.0,-1.8387595368248604e-06,0.0,-4.490665626170665e-06,0.0,-5.351050549266327e-06,0.0,-5.6050152958445084e-05,0.0,0.00010845816142133617,0.0,-2.87709619001079e-06,0.0,-6.4547525993101954e-06,0.0,-6.454752599310199e-06,0.0,-6.513377917659424e-06,0.0,-5.3758055416084694e-06,0.0,-4.990872431649401e-06,0.0,-3.024158378160751e-06,0.0,-2.8770961900107894e-06,0.0,6.789724651126884e-05,0.0,-8.739289377382878e-06,0.0,-2.877096190010789e-06,0.0,-3.02415837816075e-06,0.0,-4.990872431649402e-06,0.0,-5.37580554160847e-06,0.0,-6.513377917659424e-06,0.0,-6.454752599310193e-06,0.0,-8.739289377382876e-06,0.0,6.789724651126885e-05
10731980.338640748,0.0,0.00011291775577528821,0.0,-5.835482918009505e-05,0.0,-5.571075621648991e-06,0.0,-4.675313298687986e-06,0.0,-1.9143658493534625e-06,0.0,-1.7535214429727522e-06,0.0,-6.720159811370664e-06,0.0,-2.9953969407943497e-06,0.0,-5.835482918009505e-05,0.0,0.00011348231103564054,0.0,-6.540978117594505e-06,0.0,-5.422612612059068e-06,0.0,-2.102985495948258e-06,0.0,-1.914365849353462e-06,0.0,-6.781195691869224e-06,0.0,-3.14850604782399e-06,0.0,-5.571075621648984e-06,0.0,-6.540978117594509e-06,0.0,0.00011458031069884753,0.0,-5.699551169768274e-05,0.0,-5.4226126120590695e-06,0.0,-4.67531329868798e-06,0.0,-5.59684849243047e-06,0.0,-5.196087661428319e-06,0.0,-4.675313298687983e-06,0.0,-5.422612612059068e-06,0.0,-5.699551169768274e-05,0.0,0.00011458031069884751,0.0,-6.540978117594511e-06,0.0,-5.571075621648991e-06,0.0,-5.1960876614283184e-06,0.0,-5.59684849243047e-06,0.0,-1.9143658493534655e-06,0.0,-2.102985495948258e-06,0.0,-5.42261261205907e-06,0.0,-6.54097811759451e-06,0.0,0.00011348231103564052,0.0,-5.8354829180095046e-05,0.0,-3.148506047823988e-06,0.0,-6.781195691869225e-06,0.0,-1.7535214429727507e-06,0.0,-1.9143658493534613e-06,0.0,-4.675313298687978e-06,0.0,-5.571075621648991e-06,0.0,-5.835482918009503e-05,0.0,0.00011291775577528822,0.0,-2.995396940794352e-06,0.0,-6.7201598113706596e-06,0.0,-6.7201598113706596e-06,0.0,-6.781195691869228e-06,0.0,-5.596848492430473e-06,0.0,-5.1960876614283184e-06,0.0,-3.1485060478239873e-06,0.0,-2.9953969407943526e-06,0.0,7.06890528006476e-05,0.0,-9.09863241855361e-06,0.0,-2.995396940794352e-06,0.0,-3.1485060478239877e-06,0.0,-5.196087661428317e-06,0.0,-5.59684849243047e-06,0.0,-6.7811956918692245e-06,0.0,-6.720159811370661e-06,0.0,-9.09863241855361e-06,0.0,7.06890528006476e-05
11173259.061216539,0.0,0.00011756072020984244,0.0,-6.075426932666379e-05,0.0,-5.800147708637717e-06,0.0,-4.867553334076261e-06,0.0,-1.993080950377625e-06,0.0,-1.8256229263847388e-06,0.0,-6.996480065740639e-06,0.0,-3.118561994580557e-06,0.0,-6.075426932666378e-05,0.0,0.00011814848891414927,0.0,-6.80993075979567e-06,0.0,-5.645580181041391e-06,0.0,-2.189456279900979e-06,0.0,-1.993080950377625e-06,0.0,-7.06002562614243e-06,0.0,-3.2779666583511474e-06,0.0,-5.800147708637715e-06,0.0,-6.80993075979567e-06,0.0,0.0001192916362456784,0.0,-5.933905928171533e-05,0.0,-5.645580181041388e-06,0.0,-4.867553334076262e-06,0.0,-5.826980311093749e-06,0.0,-5.40974095311123e-06,0.0,-4.867553334076261e-06,0.0,-5.645580181041392e-06,0.0,-5.933905928171535e-05,0.0,0.00011929163624567834,0.0,-6.809930759795665e-06,0.0,-5.800147708637715e-06,0.0,-5.409740953111233e-06,0.0,-5.826980311093753e-06,0.0,-1.993080950377625e-06,0.0,-2.1894562799009803e-06,0.0,-5.6455801810413934e-06,0.0,-6.809930759795671e-06,0.0,0.00011814848891414927,0.0,-6.075426932666378e-05,0.0,-3.277966658351148e-06,0.0,-7.060025626142429e-06,0.0,-1.8256229263847392e-06,0.0,-1.993080950377624e-06,0.0,-4.867553334076264e-06,0.0,-5.800147708637709e-06,0.0,-6.075426932666378e-05,0.0,0.00011756072020984243,0.0,-3.118561994580556e-06,0.0,-6.9964800657406395e-06,0.0,-6.996480065740641e-06,0.0,-7.060025626142429e-06,0.0,-5.8269803110937485e-06,0.0,-5.409740953111233e-06,0.0,-3.2779666583511504e-06,0.0,-3.1185619945805548e-06,0.0,7.359565288149654e-05,0.0,-9.472750965564902e-06,0.0,-3.118561994580555e-06,0.0,-3.277966658351149e-06,0.0,-5.409740953111233e-06,0.0,-5.826980311093752e-06,0.0,-7.06002562614243e-06,0.0,-6.996480065740639e-06,0.0,-9.472750965564902e-06,0.0,7.359565288149654e-05
11632682.329799091,0.0,0.00012239459455570806,0.0,-6.325236991141485e-05,0.0,-6.038638806352747e-06,0.0,-5.067697915929151e-06,0.0,-2.0750326673972822e-06,0.0,-1.9006890863514618e-06,0.0,-7.284162086068309e-06,0.0,-3.2467913623037737e-06,0.0,-6.325236991141486e-05,0.0,0.00012300653119685616,0.0,-7.089942225684438e-06,0.0,-5.877715754521641e-06,0.0,-2.279482578854542e-06,0.0,-2.0750326673972797e-06,0.0,-7.350320519661688e-06,0.0,-3.4127504441949505e-06,0.0,-6.038638806352751e-06,0.0,-7.089942225684438e-06,0.0,0.00012419668258339242,0.0,-6.177896910752862e-05,0.0,-5.877715754521641e-06,0.0,-5.067697915929153e-06,0.0,-6.066574714644383e-06,0.0,-5.632179263835648e-06,0.0,-5.067697915929153e-06,0.0,-5.877715754521643e-06,0.0,-6.177896910752865e-05,0.0,0.00012419668258339242,0.0,-7.089942225684433e-06,0.0,-6.0386388063527465e-06,0.0,-5.632179263835642e-06,0.0,-6.066574714644381e-06,0.0,-2.07503266739728e-06,0.0,-2.2794825788545424e-06,0.0,-5.8777157545216485e-06,0.0,-7.089942225684432e-06,0.0,0.00012300653119685616,0.0,-6.325236991141489e-05,0.0,-3.412750444194949e-06,0.0,-7.350320519661688e-06,0.0,-1.900689086351461e-06,0.0,-2.075032667397281e-06,0.0,-5.067697915929155e-06,0.0,-6.038638806352744e-06,0.0,-6.325236991141488e-05,0.0,0.00012239459455570803,0.0,-3.246791362303774e-06,0.0,-7.284162086068309e-06,0.0,-7.284162086068311e-06,0.0,-7.350320519661687e-06,0.0,-6.066574714644383e-06,0.0,-5.632179263835645e-06,0.0,-3.41275044419495e-06,0.0,-3.246791362303775e-06,0.0,7.662176685728783e-05,0.0,-9.862252559256093e-06,0.0,-3.2467913623037737e-06,0.0,-3.4127504441949484e-06,0.0,-5.632179263835647e-06,0.0,-6.066574714644384e-06,0.0,-7.350320519661688e-06,0.0,-7.284162086068311e-06,0.0,-9.862252559256091e-06,0.0,7.662176685728785e-05
12110996.213783888,0.0,0.00012742722866716463,0.0,-6.58531876648637e-05,0.0,-6.286936206690832e-06,0.0,-5.276072064238903e-06,0.0,-2.1603540839372658e-06,0.0,-1.978841824762568e-06,0.0,-7.583673046669113e-06,0.0,-3.3802932789695093e-06,0.0,-6.58531876648637e-05,0.0,0.00012806432698498214,0.0,-7.381467233163387e-06,0.0,-6.11939630349546e-06,0.0,-2.373210588857411e-06,0.0,-2.1603540839372653e-06,0.0,-7.652551789855175e-06,0.0,-3.5530762842509545e-06,0.0,-6.286936206690832e-06,0.0,-7.381467233163385e-06,0.0,0.0001293034151443181,0.0,-6.431920340815092e-05,0.0,-6.119396303495463e-06,0.0,-5.2760720642389e-06,0.0,-6.316020786666158e-06,0.0,-5.863763816959984e-06,0.0,-5.2760720642389e-06,0.0,-6.119396303495462e-06,0.0,-6.431920340815096e-05,0.0,0.00012930341514431803,0.0,-7.381467233163384e-06,0.0,-6.286936206690827e-06,0.0,-5.863763816959982e-06,0.0,-6.316020786666157e-06,0.0,-2.1603540839372636e-06,0.0,-2.373210588857413e-06,0.0,-6.1193963034954635e-06,0.0,-7.381467233163384e-06,0.0,0.00012806432698498214,0.0,-6.58531876648637e-05,0.0,-3.553076284250956e-06,0.0,-7.652551789855175e-06,0.0,-1.9788418247625695e-06,0.0,-2.1603540839372658e-06,0.0,-5.276072064238901e-06,0.0,-6.286936206690831e-06,0.0,-6.585318766486372e-05,0.0,0.0001274272286671646,0.0,-3.3802932789695106e-06,0.0,-7.583673046669115e-06,0.0,-7.583673046669118e-06,0.0,-7.652551789855173e-06,0.0,-6.316020786666161e-06,0.0,-5.8637638169599786e-06,0.0,-3.5530762842509567e-06,0.0,-3.38029327896951e-06,0.0,7.977230891321622e-05,0.0,-1.0267769721396137e-05,0.0,-3.3802932789695076e-06,0.0,-3.5530762842509584e-06,0.0,-5.863763816959979e-06,0.0,-6.316020786666157e-06,0.0,-7.652551789855173e-06,0.0,-7.583673046669116e-06,0.0,-1.0267769721396135e-05,0.0,7.977230891321621e-05
12608977.459528109,0.0,0.00013266679516964498,0.0,-6.856094612260754e-05,0.0,-6.545443126258614e-06,0.0,-5.49301416320477e-06,0.0,-2.249183755665118e-06,0.0,-2.0602080558827213e-06,0.0,-7.895499331182278e-06,0.0,-3.5192845418126257e-06,0.0,-6.856094612260758e-05,0.0,0.00013333008976466106,0.0,-7.684979197274757e-06,0.0,-6.371014299292447e-06,0.0,-2.470792517262897e-06,0.0,-2.2491837556651187e-06,0.0,-7.967210237943615e-06,0.0,-3.6991720573007232e-06,0.0,-6.545443126258608e-06,0.0,-7.684979197274755e-06,0.0,0.0001346201268842875,0.0,-6.696388733613475e-05,0.0,-6.371014299292452e-06,0.0,-5.4930141632047655e-06,0.0,-6.575723609123544e-06,0.0,-6.104870688663575e-06,0.0,-5.493014163204773e-06,0.0,-6.371014299292445e-06,0.0,-6.696388733613479e-05,0.0,0.00013462012688428743,0.0,-7.684979197274752e-06,0.0,-6.545443126258617e-06,0.0,-6.104870688663584e-06,0.0,-6.575723609123554e-06,0.0,-2.249183755665124e-06,0.0,-2.4707925172628974e-06,0.0,-6.3710142992924525e-06,0.0,-7.684979197274752e-06,0.0,0.00013333008976466104,0.0,-6.856094612260753e-05,0.0,-3.699172057300724e-06,0.0,-7.96721023794362e-06,0.0,-2.0602080558827166e-06,0.0,-2.2491837556651204e-06,0.0,-5.493014163204771e-06,0.0,-6.545443126258613e-06,0.0,-6.856094612260753e-05,0.0,0.00013266679516964495,0.0,-3.519284541812626e-06,0.0,-7.895499331182272e-06,0.0,-7.895499331182276e-06,0.0,-7.967210237943618e-06,0.0,-6.575723609123549e-06,0.0,-6.104870688663583e-06,0.0,-3.699172057300722e-06,0.0,-3.5192845418126282e-06,0.0,8.305239529647211e-05,0.0,-1.0689960981852166e-05,0.0,-3.5192845418126308e-06,0.0,-3.699172057300719e-06,0.0,-6.104870688663585e-06,0.0,-6.5757236091235465e-06,0.0,-7.967210237943615e-06,0.0,-7.895499331182267e-06,0.0,-1.0689960981852168e-05,0.0,8.305239529647211e-05
13127434.751729246,0.0,0.00013812180273147399,0.0,-7.13800424840349e-05,0.0,-6.814579361166563e-06,0.0,-5.7188765107439526e-06,0.0,-2.3416659353952215e-06,0.0,-2.1449199124509796e-06,0.0,-8.22014732242183e-06,0.0,-3.663990862360033e-06,0.0,-7.138004248403491e-05,0.0,0.000138812370745034,0.0,-8.000970998991413e-06,0.0,-6.632978350920594e-06,0.0,-2.5723868299026594e-06,0.0,-2.3416659353952207e-06,0.0,-8.294806845965158e-06,0.0,-3.851275012070063e-06,0.0,-6.814579361166564e-06,0.0,-8.00097099899142e-06,0.0,0.00014015545174978316,0.0,-6.971731566249912e-05,0.0,-6.632978350920592e-06,0.0,-5.718876510743949e-06,0.0,-6.846104920184821e-06,0.0,-6.355891418666625e-06,0.0,-5.7188765107439526e-06,0.0,-6.632978350920591e-06,0.0,-6.97173156624991e-05,0.0,0.0001401554517497832,0.0,-8.000970998991417e-06,0.0,-6.814579361166561e-06,0.0,-6.355891418666626e-06,0.0,-6.84610492018482e-06,0.0,-2.3416659353952215e-06,0.0,-2.572386829902657e-06,0.0,-6.632978350920592e-06,0.0,-8.000970998991422e-06,0.0,0.00013881237074503394,0.0,-7.138004248403487e-05,0.0,-3.85127501207006e-06,0.0,-8.294806845965152e-06,0.0,-2.1449199124509775e-06,0.0,-2.341665935395224e-06,0.0,-5.718876510743946e-06,0.0,-6.814579361166563e-06,0.0,-7.138004248403487e-05,0.0,0.0001381218027314739,0.0,-3.6639908623600365e-06,0.0,-8.220147322421834e-06,0.0,-8.220147322421832e-06,0.0,-8.294806845965156e-06,0.0,-6.846104920184826e-06,0.0,-6.355891418666624e-06,0.0,-3.851275012070063e-06,0.0,-3.6639908623600344e-06,0.0,8.646735262464858e-05,0.0,-1.1129511947993265e-05,0.0,-3.663990862360037e-06,0.0,-3.851275012070062e-06,0.0,-6.355891418666622e-06,0.0,-6.846104920184824e-06,0.0,-8.294806845965158e-06,0.0,-8.22014732242183e-06,0.0,-1.1129511947993265e-05,0.0,8.646735262464858e-05
13667210.026669214,0.0,0.00014380110988131633,0.0,-7.431505475305196e-05,0.0,-7.094781968746798e-06,0.0,-5.954025890597311e-06,0.0,-2.4379508073447112e-06,0.0,-2.233114960254579e-06,0.0,-8.558144224704872e-06,0.0,-3.8146472329694848e-06,0.0,-7.431505475305197e-05,0.0,0.0001445200727447792,0.0,-8.329955785619164e-06,0.0,-6.905713868617026e-06,0.0,-2.678158508423455e-06,0.0,-2.437950807344712e-06,0.0,-8.635873606572361e-06,0.0,-4.009632152503439e-06,0.0,-7.0947819687467985e-06,0.0,-8.329955785619166e-06,0.0,0.00014591837869882854,0.0,-7.258395975112008e-05,0.0,-6.905713868617022e-06,0.0,-5.954025890597305e-06,0.0,-7.127603799093653e-06,0.0,-6.6172336460616126e-06,0.0,-5.954025890597309e-06,0.0,-6.905713868617025e-06,0.0,-7.258395975112007e-05,0.0,0.0001459183786988285,0.0,-8.329955785619162e-06,0.0,-7.094781968746796e-06,0.0,-6.617233646061615e-06,0.0,-7.127603799093656e-06,0.0,-2.4379508073447112e-06,0.0,-2.6781585084234566e-06,0.0,-6.905713868617029e-06,0.0,-8.32995578561916e-06,0.0,0.00014452007274477917,0.0,-7.431505475305196e-05,0.0,-4.009632152503435e-06,0.0,-8.635873606572358e-06,0.0,-2.2331149602545816e-06,0.0,-2.4379508073447112e-06,0.0,-5.954025890597308e-06,0.0,-7.094781968746802e-06,0.0,-7.431505475305197e-05,0.0,0.00014380110988131633,0.0,-3.814647232969485e-06,0.0,-8.558144224704877e-06,0.0,-8.558144224704873e-06,0.0,-8.635873606572363e-06,0.0,-7.127603799093652e-06,0.0,-6.617233646061615e-06,0.0,-4.009632152503437e-06,0.0,-3.814647232969487e-06,0.0,9.002272653577409e-05,0.0,-1.1587136418066092e-05,0.0,-3.8146472329694873e-06,0.0,-4.009632152503438e-06,0.0,-6.617233646061615e-06,0.0,-7.127603799093655e-06,0.0,-8.635873606572363e-06,0.0,-8.558144224704875e-06,0.0,-1.158713641806609e-05,0.0,9.002272653577412e-05
14229179.83945658,0.0,0.0001497139393937719,0.0,-7.737074917242231e-05,0.0,-7.386505977301852e-06,0.0,-6.198844167959037e-06,0.0,-2.538194731021518e-06,0.0,-2.3249364215256134e-06,0.0,-8.910038919992349e-06,0.0,-3.9714983084397975e-06,0.0,-7.73707491724223e-05,0.0,0.00015046246464963184,0.0,-8.672467804109914e-06,0.0,-7.1896637546828055e-06,0.0,-2.788279318205175e-06,0.0,-2.5381947310215224e-06,0.0,-8.990964386948963e-06,0.0,-4.1745006388800744e-06,0.0,-7.386505977301852e-06,0.0,-8.67246780410991e-06,0.0,0.00015191826629839015,0.0,-7.556847481989475e-05,0.0,-7.189663754682806e-06,0.0,-6.198844167959031e-06,0.0,-7.420677379201313e-06,0.0,-6.889321771289154e-06,0.0,-6.198844167959032e-06,0.0,-7.18966375468281e-06,0.0,-7.556847481989474e-05,0.0,0.0001519182662983901,0.0,-8.672467804109909e-06,0.0,-7.386505977301858e-06,0.0,-6.889321771289157e-06,0.0,-7.420677379201315e-06,0.0,-2.53819473102152e-06,0.0,-2.7882793182051728e-06,0.0,-7.189663754682808e-06,0.0,-8.672467804109912e-06,0.0,0.00015046246464963186,0.0,-7.73707491724223e-05,0.0,-4.174500638880074e-06,0.0,-8.990964386948959e-06,0.0,-2.3249364215256134e-06,0.0,-2.5381947310215195e-06,0.0,-6.198844167959037e-06,0.0,-7.386505977301854e-06,0.0,-7.737074917242233e-05,0.0,0.0001497139393937719,0.0,-3.971498308439801e-06,0.0,-8.910038919992352e-06,0.0,-8.910038919992352e-06,0.0,-8.990964386948959e-06,0.0,-7.420677379201311e-06,0.0,-6.88932177128916e-06,0.0,-4.174500638880077e-06,0.0,-3.971498308439798e-06,0.0,9.372429069401851e-05,0.0,-1.2063577540350447e-05,0.0,-3.971498308439799e-06,0.0,-4.174500638880075e-06,0.0,-6.88932177128916e-06,0.0,-7.420677379201309e-06,0.0,-8.990964386948963e-06,0.0,-8.910038919992352e-06,0.0,-1.2063577540350448e-05,0.0,9.372429069401851e-05
14814256.787487207,0.0,0.0001558698932664791,0.0,-8.055208796379236e-05,0.0,-7.690225125036994e-06,0.0,-6.453728909597484e-06,0.0,-2.642560495140654e-06,0.0,-2.420533407523328e-06,0.0,-9.276402859232736e-06,0.0,-4.134798803312134e-06,0.0,-8.055208796379235e-05,0.0,0.0001566491964643683,0.0,-9.029063268639247e-06,0.0,-7.485289122723478e-06,0.0,-2.902928087295064e-06,0.0,-2.642560495140654e-06,0.0,-9.360655828249141e-06,0.0,-4.346148205423247e-06,0.0,-7.69022512503699e-06,0.0,-9.02906326863925e-06,0.0,0.00015816485792199847,0.0,-7.867570750047078e-05,0.0,-7.4852891227234825e-06,0.0,-6.453728909597485e-06,0.0,-7.725801590317389e-06,0.0,-7.172597645332841e-06,0.0,-6.453728909597485e-06,0.0,-7.485289122723478e-06,0.0,-7.86757075004708e-05,0.0,0.00015816485792199842,0.0,-9.029063268639244e-06,0.0,-7.690225125036989e-06,0.0,-7.172597645332843e-06,0.0,-7.72580159031739e-06,0.0,-2.6425604951406514e-06,0.0,-2.9029280872950645e-06,0.0,-7.485289122723478e-06,0.0,-9.029063268639247e-06,0.0,0.0001566491964643683,0.0,-8.055208796379235e-05,0.0,-4.346148205423245e-06,0.0,-9.360655828249136e-06,0.0,-2.420533407523331e-06,0.0,-2.6425604951406556e-06,0.0,-6.453728909597488e-06,0.0,-7.690225125036989e-06,0.0,-8.055208796379236e-05,0.0,0.00015586989326647914,0.0,-4.134798803312136e-06,0.0,-9.27640285923274e-06,0.0,-9.276402859232733e-06,0.0,-9.360655828249133e-06,0.0,-7.725801590317394e-06,0.0,-7.172597645332843e-06,0.0,-4.3461482054232455e-06,0.0,-4.134798803312137e-06,0.0,9.757805616569631e-05,0.0,-1.2559609019977073e-05,0.0,-4.134798803312135e-06,0.0,-4.346148205423247e-06,0.0,-7.172597645332843e-06,0.0,-7.725801590317387e-06,0.0,-9.36065582824914e-06,0.0,-9.276402859232741e-06,0.0,-1.2559609019977076e-05,0.0,9.75780561656963e-05
15423390.992434891,0.0,0.00016227896831304866,0.0,-8.386423738597227e-05,0.0,-8.00643262937597e-06,0.0,-6.719094029474173e-06,0.0,-2.7512175819810324e-06,0.0,-2.5200611606797655e-06,0.0,-9.657830990356122e-06,0.0,-4.304813905507581e-06,0.0,-8.386423738597228e-05,0.0,0.00016309031498369983,0.0,-9.400321263857095e-06,0.0,-7.793070046463431e-06,0.0,-3.0222909968112786e-06,0.0,-2.7512175819810295e-06,0.0,-9.74554828202013e-06,0.0,-4.524853595080821e-06,0.0,-8.00643262937597e-06,0.0,-9.400321263857098e-06,0.0,0.0001646682975722654,0.0,-8.191070370881754e-05,0.0,-7.793070046463428e-06,0.0,-6.719094029474173e-06,0.0,-8.043471931584626e-06,0.0,-7.467521287252549e-06,0.0,-6.719094029474172e-06,0.0,-7.793070046463433e-06,0.0,-8.191070370881754e-05,0.0,0.0001646682975722654,0.0,-9.400321263857095e-06,0.0,-8.00643262937596e-06,0.0,-7.467521287252545e-06,0.0,-8.043471931584624e-06,0.0,-2.7512175819810316e-06,0.0,-3.0222909968112778e-06,0.0,-7.793070046463428e-06,0.0,-9.400321263857093e-06,0.0,0.00016309031498369978,0.0,-8.386423738597228e-05,0.0,-4.524853595080821e-06,0.0,-9.745548282020128e-06,0.0,-2.5200611606797642e-06,0.0,-2.7512175819810324e-06,0.0,-6.719094029474172e-06,0.0,-8.006432629375974e-06,0.0,-8.386423738597228e-05,0.0,0.0001622789683130487,0.0,-4.304813905507583e-06,0.0,-9.657830990356117e-06,0.0,-9.657830990356122e-06,0.0,-9.74554828202013e-06,0.0,-8.043471931584629e-06,0.0,-7.46752128725255e-06,0.0,-4.5248535950808205e-06,0.0,-4.304813905507583e-06,0.0,0.00010159028118079366,0.0,-1.3076036375367558e-05,0.0,-4.304813905507581e-06,0.0,-4.5248535950808205e-06,0.0,-7.467521287252549e-06,0.0,-8.043471931584626e-06,0.0,-9.745548282020124e-06,0.0,-9.657830990356124e-06,0.0,-1.3076036375367558e-05,0.0,0.00010159028118079365
16057571.643178672,0.0,0.00016895157239714908,0.0,-8.731257612455797e-05,0.0,-8.335641987909667e-06,0.0,-6.995370460909428e-06,0.0,-2.8643424426121527e-06,0.0,-2.623681306701992e-06,0.0,-1.0054942724425607e-05,0.0,-4.481819706972688e-06,0.0,-8.731257612455797e-05,0.0,0.00016979628010752393,0.0,-9.78684468527834e-06,0.0,-8.11350633935014e-06,0.0,-3.146561883287212e-06,0.0,-2.8643424426121514e-06,0.0,-1.0146266785128681e-05,0.0,-4.710907012183209e-06,0.0,-8.33564198790967e-06,0.0,-9.78684468527834e-06,0.0,0.00017143914635399385,0.0,-8.527871683942014e-05,0.0,-8.113506339350138e-06,0.0,-6.995370460909423e-06,0.0,-8.374204276132832e-06,0.0,-7.774571631221376e-06,0.0,-6.995370460909425e-06,0.0,-8.113506339350138e-06,0.0,-8.527871683942013e-05,0.0,0.00017143914635399385,0.0,-9.786844685278338e-06,0.0,-8.335641987909669e-06,0.0,-7.774571631221377e-06,0.0,-8.374204276132839e-06,0.0,-2.8643424426121484e-06,0.0,-3.1465618832872136e-06,0.0,-8.113506339350143e-06,0.0,-9.786844685278334e-06,0.0,0.00016979628010752387,0.0,-8.731257612455797e-05,0.0,-4.710907012183208e-06,0.0,-1.014626678512868e-05,0.0,-2.6236813067019927e-06,0.0,-2.864342442612152e-06,0.0,-6.995370460909429e-06,0.0,-8.335641987909672e-06,0.0,-8.731257612455795e-05,0.0,0.00016895157239714905,0.0,-4.481819706972689e-06,0.0,-1.0054942724425607e-05,0.0,-1.0054942724425607e-05,0.0,-1.0146266785128678e-05,0.0,-8.374204276132837e-06,0.0,-7.774571631221377e-06,0.0,-4.710907012183208e-06,0.0,-4.4818197069726896e-06,0.0,0.00010576748129587084,0.0,-1.3613698246336621e-05,0.0,-4.481819706972685e-06,0.0,-4.710907012183209e-06,0.0,-7.774571631221379e-06,0.0,-8.374204276132837e-06,0.0,-1.0146266785128681e-05,0.0,-1.0054942724425605e-05,0.0,-1.3613698246336621e-05,0.0,0.00010576748129587084
16717828.602172432,0.0,0.0001758985413341081,0.0,-9.090270402651885e-05,0.0,-8.678387812278195e-06,0.0,-7.283006856386255e-06,0.0,-2.9821187834375885e-06,0.0,-2.731562117040316e-06,0.0,-1.0468382941515087e-05,0.0,-4.666103652032412e-06,0.0,-9.090270402651885e-05,0.0,0.00017677798182702838,0.0,-1.0189261218340556e-05,0.0,-8.44711836621421e-06,0.0,-3.2759425534477246e-06,0.0,-2.982118783437585e-06,0.0,-1.056346207477475e-05,0.0,-4.904610593713723e-06,0.0,-8.678387812278194e-06,0.0,-1.0189261218340554e-05,0.0,0.00017848839962463143,0.0,-8.878521629640404e-05,0.0,-8.447118366214212e-06,0.0,-7.2830068563862545e-06,0.0,-8.718535708818717e-06,0.0,-8.094247304279322e-06,0.0,-7.2830068563862545e-06,0.0,-8.447118366214214e-06,0.0,-8.878521629640402e-05,0.0,0.0001784883996246314,0.0,-1.0189261218340553e-05,0.0,-8.67838781227819e-06,0.0,-8.094247304279332e-06,0.0,-8.718535708818728e-06,0.0,-2.9821187834375877e-06,0.0,-3.275942553447727e-06,0.0,-8.447118366214214e-06,0.0,-1.0189261218340551e-05,0.0,0.00017677798182702832,0.0,-9.090270402651885e-05,0.0,-4.904610593713718e-06,0.0,-1.0563462074774748e-05,0.0,-2.7315621170403157e-06,0.0,-2.982118783437586e-06,0.0,-7.283006856386258e-06,0.0,-8.678387812278195e-06,0.0,-9.090270402651885e-05,0.0,0.00017589854133410806,0.0,-4.666103652032411e-06,0.0,-1.046838294151509e-05,0.0,-1.046838294151509e-05,0.0,-1.056346207477475e-05,0.0,-8.718535708818728e-06,0.0,-8.094247304279327e-06,0.0,-4.904610593713718e-06,0.0,-4.66610365203241e-06,0.0,0.00011011643997484437,0.0,-1.4173467755981207e-05,0.0,-4.66610365203241e-06,0.0,-4.90461059371372e-06,0.0,-8.094247304279325e-06,0.0,-8.718535708818723e-06,0.0,-1.0563462074774751e-05,0.0,-1.0468382941515092e-05,0.0,-1.4173467755981207e-05,0.0,0.00011011643997484437
17405234.0778651,0.0,0.00018313115648747237,0.0,-9.464045119393385e-05,0.0,-9.035226696340532e-06,0.0,-7.58247031612866e-06,0.0,-3.1047378645205566e-06,0.0,-2.8438787821486186e-06,0.0,-1.0898823037946635e-05,0.0,-4.857965004178336e-06,0.0,-9.464045119393385e-05,0.0,0.00018404675790922883,0.0,-1.0608224357718599e-05,0.0,-8.794447888303298e-06,0.0,-3.4106431119282653e-06,0.0,-3.104737864520553e-06,0.0,-1.0997811645240402e-05,0.0,-5.106278899956611e-06,0.0,-9.035226696340528e-06,0.0,-1.0608224357718602e-05,0.0,0.00018582750484991465,0.0,-9.243589637544101e-05,0.0,-8.794447888303295e-06,0.0,-7.582470316128662e-06,0.0,-9.077025398411857e-06,0.0,-8.427067436066606e-06,0.0,-7.582470316128663e-06,0.0,-8.794447888303298e-06,0.0,-9.243589637544103e-05,0.0,0.0001858275048499146,0.0,-1.0608224357718597e-05,0.0,-9.035226696340526e-06,0.0,-8.427067436066607e-06,0.0,-9.077025398411857e-06,0.0,-3.104737864520557e-06,0.0,-3.410643111928268e-06,0.0,-8.794447888303301e-06,0.0,-1.0608224357718599e-05,0.0,0.0001840467579092288,0.0,-9.464045119393385e-05,0.0,-5.106278899956609e-06,0.0,-1.0997811645240404e-05,0.0,-2.8438787821486173e-06,0.0,-3.104737864520556e-06,0.0,-7.582470316128667e-06,0.0,-9.035226696340525e-06,0.0,-9.464045119393382e-05,0.0,0.0001831311564874724,0.0,-4.857965004178335e-06,0.0,-1.0898823037946633e-05,0.0,-1.089882303794664e-05,0.0,-1.0997811645240405e-05,0.0,-9.077025398411857e-06,0.0,-8.427067436066607e-06,0.0,-5.106278899956607e-06,0.0,-4.8579650041783364e-06,0.0,0.000114644219604829,0.0,-1.475625392856757e-05,0.0,-4.857965004178338e-06,0.0,-5.106278899956609e-06,0.0,-8.427067436066613e-06,0.0,-9.077025398411857e-06,0.0,-1.0997811645240402e-05,0.0,-1.0898823037946638e-05,0.0,-1.4756253928567572e-05,0.0,0.00011464421960482901
18120904.36588817,0.0,0.0001906611630891108,0.0,-9.853188745164739e-05,0.0,-9.40673812004192e-06,0.0,-7.894247146638015e-06,0.0,-3.2323988101761713e-06,0.0,-2.960813695980735e-06,0.0,-1.1346962016588657e-05,0.0,-5.057715332050558e-06,0.0,-9.85318874516474e-05,0.0,0.0001916144123086672,0.0,-1.10444144685518e-05,0.0,-9.156058943062401e-06,0.0,-3.550882302469332e-06,0.0,-3.2323988101761688e-06,0.0,-1.1450020848090612e-05,0.0,-5.316239425319811e-06,0.0,-9.406738120041928e-06,0.0,-1.1044414468551806e-05,0.0,0.00019346838019371,0.0,-9.623668551086624e-05,0.0,-9.156058943062404e-06,0.0,-7.894247146638019e-06,0.0,-9.450255505643538e-06,0.0,-8.773572501851932e-06,0.0,-7.894247146638019e-06,0.0,-9.1560589430624e-06,0.0,-9.623668551086624e-05,0.0,0.00019346838019371,0.0,-1.1044414468551798e-05,0.0,-9.406738120041916e-06,0.0,-8.773572501851938e-06,0.0,-9.450255505643542e-06,0.0,-3.2323988101761713e-06,0.0,-3.5508823024693347e-06,0.0,-9.156058943062404e-06,0.0,-1.10444144685518e-05,0.0,0.0001916144123086672,0.0,-9.85318874516474e-05,0.0,-5.316239425319816e-06,0.0,-1.1450020848090614e-05,0.0,-2.9608136959807328e-06,0.0,-3.2323988101761688e-06,0.0,-7.894247146638017e-06,0.0,-9.406738120041922e-06,0.0,-9.85318874516474e-05,0.0,0.0001906611630891108,0.0,-5.057715332050558e-06,0.0,-1.1346962016588655e-05,0.0,-1.1346962016588664e-05,0.0,-1.1450020848090612e-05,0.0,-9.450255505643547e-06,0.0,-8.773572501851932e-06,0.0,-5.31623942531981e-06,0.0,-5.0577153320505586e-06,0.0,0.00011935817296493411,0.0,-1.5363003165719736e-05,0.0,-5.0577153320505586e-06,0.0,-5.316239425319811e-06,0.0,-8.773572501851934e-06,0.0,-9.450255505643538e-06,0.0,-1.145002084809061e-05,0.0,-1.1346962016588657e-05,0.0,-1.5363003165719736e-05,0.0,0.00011935817296493413
18866001.661837,0.0,0.00019850078931259995,0.0,-0.00010258333220421499,0.0,-9.793525390446382e-06,0.0,-8.218843650418719e-06,0.0,-3.365308932334546e-06,0.0,-3.0825567521847287e-06,0.0,-1.1813527621984684e-05,0.0,-5.265679015402024e-06,0.0,-0.00010258333220421499,0.0,0.00019949323433615787,0.0,-1.149853989130648e-05,0.0,-9.532538760088876e-06,0.0,-3.6968878631400788e-06,0.0,-3.3653089323345467e-06,0.0,-1.1920824037611887e-05,0.0,-5.534833130161551e-06,0.0,-9.793525390446382e-06,0.0,-1.1498539891306484e-05,0.0,0.00020142343387222816,0.0,-0.0001001937559030155,0.0,-9.532538760088877e-06,0.0,-8.218843650418722e-06,0.0,-9.838832128592646e-06,0.0,-9.134325200224252e-06,0.0,-8.218843650418719e-06,0.0,-9.532538760088877e-06,0.0,-0.00010019375590301551,0.0,0.00020142343387222807,0.0,-1.149853989130648e-05,0.0,-9.793525390446371e-06,0.0,-9.13432520022425e-06,0.0,-9.838832128592651e-06,0.0,-3.3653089323345446e-06,0.0,-3.696887863140082e-06,0.0,-9.532538760088886e-06,0.0,-1.149853989130648e-05,0.0,0.00019949323433615787,0.0,-0.00010258333220421499,0.0,-5.534833130161549e-06,0.0,-1.192082403761188e-05,0.0,-3.0825567521847283e-06,0.0,-3.365308932334546e-06,0.0,-8.218843650418722e-06,0.0,-9.793525390446375e-06,0.0,-0.00010258333220421499,0.0,0.00019850078931259995,0.0,-5.265679015402029e-06,0.0,-1.181352762198469e-05,0.0,-1.18135276219847e-05,0.0,-1.1920824037611881e-05,0.0,-9.838832128592648e-06,0.0,-9.13432520022425e-06,0.0,-5.5348331301615525e-06,0.0,-5.265679015402026e-06,0.0,0.00012426595516663142,0.0,-1.5994700783305506e-05,0.0,-5.2656790154020264e-06,0.0,-5.534833130161554e-06,0.0,-9.134325200224255e-06,0.0,-9.838832128592646e-06,0.0,-1.1920824037611881e-05,0.0,-1.1813527621984696e-05,0.0,-1.5994700783305503e-05,0.0,0.00012426595516663145
19641735.94859051,0.0,0.0002066627661308732,0.0,-0.00010680136469814866,0.0,-1.0196216621462657e-05,0.0,-8.556786948176036e-06,0.0,-3.503684067200066e-06,0.0,-3.209305652476107e-06,0.0,-1.2299277522156747e-05,0.0,-5.482193771867286e-06,0.0,-0.00010680136469814866,0.0,0.00020769601861572007,0.0,-1.1971338092068484e-05,0.0,-9.924498714749868e-06,0.0,-3.848896896168085e-06,0.0,-3.5036840672000623e-06,0.0,-1.2410985763349296e-05,0.0,-5.762414994484757e-06,0.0,-1.0196216621462659e-05,0.0,-1.1971338092068482e-05,0.0,0.000209705584304049,0.0,-0.00010431353354142227,0.0,-9.924498714749863e-06,0.0,-8.556786948176033e-06,0.0,-1.0243386286944086e-05,0.0,-9.50991136687365e-06,0.0,-8.556786948176033e-06,0.0,-9.924498714749861e-06,0.0,-0.00010431353354142227,0.0,0.00020970558430404894,0.0,-1.1971338092068477e-05,0.0,-1.0196216621462654e-05,0.0,-9.509911366873651e-06,0.0,-1.0243386286944089e-05,0.0,-3.5036840672000598e-06,0.0,-3.8488968961680914e-06,0.0,-9.92449871474987e-06,0.0,-1.197133809206848e-05,0.0,0.00020769601861572002,0.0,-0.00010680136469814863,0.0,-5.762414994484758e-06,0.0,-1.2410985763349295e-05,0.0,-3.2093056524761114e-06,0.0,-3.5036840672000628e-06,0.0,-8.556786948176038e-06,0.0,-1.0196216621462652e-05,0.0,-0.00010680136469814866,0.0,0.00020666276613087313,0.0,-5.482193771867283e-06,0.0,-1.2299277522156752e-05,0.0,-1.2299277522156752e-05,0.0,-1.2410985763349295e-05,0.0,-1.0243386286944087e-05,0.0,-9.509911366873651e-06,0.0,-5.7624149944847545e-06,0.0,-5.482193771867286e-06,0.0,0.00012937553608509002,0.0,-1.6652372611516568e-05,0.0,-5.482193771867288e-06,0.0,-5.762414994484759e-06,0.0,-9.509911366873651e-06,0.0,-1.0243386286944087e-05,0.0,-1.2410985763349293e-05,0.0,-1.2299277522156747e-05,0.0,-1.6652372611516565e-05,0.0,0.00012937553608509004
20449366.96123387,0.0,0.00021516034799037948,0.0,-0.00011119283470612663,0.0,-1.0615465753854843e-05,0.0,-8.908625834821122e-06,0.0,-3.647748925753377e-06,0.0,-3.3412662276908097e-06,0.0,-1.2805000539002118e-05,0.0,-5.7076112053909244e-06,0.0,-0.00011119283470612666,0.0,0.00021623608586210027,0.0,-1.246357686013353e-05,0.0,-1.0332575321010644e-05,0.0,-4.007156252975864e-06,0.0,-3.6477489257533767e-06,0.0,-1.2921302011678426e-05,0.0,-5.999354594398333e-06,0.0,-1.0615465753854835e-05,0.0,-1.2463576860133526e-05,0.0,0.00021832828108867813,0.0,-0.00010860270864014926,0.0,-1.0332575321010642e-05,0.0,-8.908625834821124e-06,0.0,-1.0664574946718092e-05,0.0,-9.90094092594518e-06,0.0,-8.908625834821124e-06,0.0,-1.0332575321010638e-05,0.0,-0.0001086027086401493,0.0,0.00021832828108867805,0.0,-1.2463576860133535e-05,0.0,-1.0615465753854838e-05,0.0,-9.90094092594518e-06,0.0,-1.0664574946718093e-05,0.0,-3.6477489257533746e-06,0.0,-4.007156252975867e-06,0.0,-1.033257532101064e-05,0.0,-1.2463576860133533e-05,0.0,0.00021623608586210027,0.0,-0.00011119283470612665,0.0,-5.9993545943983265e-06,0.0,-1.2921302011678426e-05,0.0,-3.3412662276908156e-06,0.0,-3.6477489257533724e-06,0.0,-8.90862583482113e-06,0.0,-1.0615465753854838e-05,0.0,-0.00011119283470612665,0.0,0.00021516034799037945,0.0,-5.707611205390926e-06,0.0,-1.280500053900211e-05,0.0,-1.280500053900211e-05,0.0,-1.292130201167842e-05,0.0,-1.066457494671809e-05,0.0,-9.900940925945179e-06,0.0,-5.9993545943983265e-06,0.0,-5.7076112053909244e-06,0.0,0.000134695213301664,0.0,-1.7337086660740853e-05,0.0,-5.707611205390928e-06,0.0,-5.999354594398324e-06,0.0,-9.90094092594518e-06,0.0,-1.0664574946718095e-05,0.0,-1.2921302011678421e-05,0.0,-1.2805000539002113e-05,0.0,-1.733708666074086e-05,0.0,0.000134695213301664
21290206.232775044,0.0,0.00022400733433532312,0.0,-0.00011576487365051743,0.0,-1.1051953617193718e-05,0.0,-9.274931670673367e-06,0.0,-3.7977374586654263e-06,0.0,-3.4786527720392236e-06,0.0,-1.3331517929281718e-05,0.0,-5.942297377206369e-06,0.0,-0.0001157648736505174,0.0,0.000225127304512628,0.0,-1.297605555484027e-05,0.0,-1.0757431265086214e-05,0.0,-4.17192293504926e-06,0.0,-3.7977374586654306e-06,0.0,-1.345260149842829e-05,0.0,-6.246036702281374e-06,0.0,-1.1051953617193703e-05,0.0,-1.2976055554840272e-05,0.0,0.0002273055268477011,0.0,-0.00011306824650220112,0.0,-1.0757431265086216e-05,0.0,-9.274931670673362e-06,0.0,-1.1103082087134414e-05,0.0,-1.0308048880510503e-05,0.0,-9.27493167067337e-06,0.0,-1.0757431265086226e-05,0.0,-0.00011306824650220115,0.0,0.00022730552684770104,0.0,-1.2976055554840267e-05,0.0,-1.1051953617193718e-05,0.0,-1.0308048880510518e-05,0.0,-1.110308208713443e-05,0.0,-3.797737458665428e-06,0.0,-4.17192293504926e-06,0.0,-1.075743126508622e-05,0.0,-1.2976055554840267e-05,0.0,0.0002251273045126278,0.0,-0.00011576487365051737,0.0,-6.246036702281372e-06,0.0,-1.3452601498428283e-05,0.0,-3.4786527720392287e-06,0.0,-3.7977374586654314e-06,0.0,-9.274931670673366e-06,0.0,-1.1051953617193713e-05,0.0,-0.00011576487365051738,0.0,0.00022400733433532304,0.0,-5.942297377206368e-06,0.0,-1.3331517929281718e-05,0.0,-1.3331517929281721e-05,0.0,-1.3452601498428294e-05,0.0,-1.1103082087134416e-05,0.0,-1.0308048880510517e-05,0.0,-6.246036702281374e-06,0.0,-5.942297377206368e-06,0.0,0.00014023362557855047,0.0,-1.8049954855932356e-05,0.0,-5.942297377206366e-06,0.0,-6.246036702281373e-06,0.0,-1.0308048880510518e-05,0.0,-1.1103082087134416e-05,0.0,-1.3452601498428286e-05,0.0,-1.3331517929281714e-05,0.0,-1.8049954855932362e-05,0.0,0.00014023362557855047
22165619.223977376,0.0,0.00023321809201694028,0.0,-0.0001205249061842817,0.0,-1.1506389035473635e-05,0.0,-9.656299309307225e-06,0.0,-3.953893236216014e-06,0.0,-3.6216883911041638e-06,0.0,-1.3879684718280409e-05,0.0,-6.186633400292226e-06,0.0,-0.00012052490618428165,0.0,0.00023438411324853053,0.0,-1.3509606403670624e-05,0.0,-1.1199756481594703e-05,0.0,-4.343464511288899e-06,0.0,-3.9538932362160256e-06,0.0,-1.4005747014654557e-05,0.0,-6.502861911625107e-06,0.0,-1.1506389035473635e-05,0.0,-1.3509606403670619e-05,0.0,0.00023665189996400468,0.0,-0.00011771739883066086,0.0,-1.1199756481594708e-05,0.0,-9.656299309307227e-06,0.0,-1.1559619811343989e-05,0.0,-1.0731896343765976e-05,0.0,-9.656299309307235e-06,0.0,-1.1199756481594721e-05,0.0,-0.0001177173988306609,0.0,0.00023665189996400465,0.0,-1.3509606403670617e-05,0.0,-1.1506389035473635e-05,0.0,-1.0731896343765984e-05,0.0,-1.1559619811343996e-05,0.0,-3.9538932362160205e-06,0.0,-4.343464511288893e-06,0.0,-1.1199756481594714e-05,0.0,-1.3509606403670625e-05,0.0,0.00023438411324853026,0.0,-0.00012052490618428162,0.0,-6.502861911625105e-06,0.0,-1.400574701465455e-05,0.0,-3.6216883911041625e-06,0.0,-3.953893236216025e-06,0.0,-9.656299309307227e-06,0.0,-1.1506389035473639e-05,0.0,-0.00012052490618428161,0.0,0.0002332180920169402,0.0,-6.186633400292227e-06,0.0,-1.3879684718280402e-05,0.0,-1.3879684718280409e-05,0.0,-1.4005747014654567e-05,0.0,-1.1559619811343975e-05,0.0,-1.0731896343765988e-05,0.0,-6.5028619116251015e-06,0.0,-6.186633400292222e-06,0.0,0.00014599976688750037,0.0,-1.8792134842295e-05,0.0,-6.186633400292226e-06,0.0,-6.502861911625107e-06,0.0,-1.0731896343765984e-05,0.0,-1.1559619811343975e-05,0.0,-1.4005747014654562e-05,0.0,-1.3879684718280397e-05,0.0,-1.8792134842295006e-05,0.0,0.00014599976688750034
23077027.54076684,0.0,0.00024280757862420256,0.0,-0.00012548066224805975,0.0,-1.1979509978190254e-05,0.0,-1.00533480635505e-05,0.0,-4.11646984383394e-06,0.0,-3.770605364147792e-06,0.0,-1.4450391088304674e-05,0.0,-6.4410160582715844e-06,0.0,-0.00012548066224805977,0.0,0.00024402154444228428,0.0,-1.4065095853725693e-05,0.0,-1.1660269273960106e-05,0.0,-4.522059552522231e-06,0.0,-4.116469843833941e-06,0.0,-1.458163682774839e-05,0.0,-6.770247287567018e-06,0.0,-1.1979509978190252e-05,0.0,-1.4065095853725705e-05,0.0,0.0002463825782559923,0.0,-0.00012255771550491953,0.0,-1.166026927396012e-05,0.0,-1.0053348063550496e-05,0.0,-1.2034929502831704e-05,0.0,-1.117317161263149e-05,0.0,-1.0053348063550499e-05,0.0,-1.1660269273960112e-05,0.0,-0.00012255771550491955,0.0,0.00024638257825599226,0.0,-1.4065095853725698e-05,0.0,-1.1979509978190254e-05,0.0,-1.1173171612631491e-05,0.0,-1.2034929502831697e-05,0.0,-4.116469843833937e-06,0.0,-4.522059552522234e-06,0.0,-1.1660269273960121e-05,0.0,-1.4065095853725703e-05,0.0,0.0002440215444422844,0.0,-0.0001254806622480598,0.0,-6.770247287567021e-06,0.0,-1.458163682774839e-05,0.0,-3.7706053641477907e-06,0.0,-4.116469843833937e-06,0.0,-1.005334806355049e-05,0.0,-1.1979509978190247e-05,0.0,-0.0001254806622480598,0.0,0.0002428075786242026,0.0,-6.4410160582715844e-06,0.0,-1.4450391088304672e-05,0.0,-1.4450391088304667e-05,0.0,-1.4581636827748383e-05,0.0,-1.2034929502831709e-05,0.0,-1.1173171612631484e-05,0.0,-6.770247287567018e-06,0.0,-6.441016058271588e-06,0.0,0.00015200300101536303,0.0,-1.9564831865212796e-05,0.0,-6.441016058271588e-06,0.0,-6.770247287567021e-06,0.0,-1.1173171612631488e-05,0.0,-1.2034929502831704e-05,0.0,-1.4581636827748394e-05,0.0,-1.4450391088304677e-05,0.0,-1.9564831865212793e-05,0.0,0.00015200300101536306
24025911.242814854,0.0,0.0002527913667738349,0.0,-0.0001306401896230234,0.0,-1.2472084758748357e-05,0.0,-1.0466722711202459e-05,0.0,-4.285731293900933e-06,0.0,-3.9256455213159564e-06,0.0,-1.5044563824272923e-05,0.0,-6.705858449759254e-06,0.0,-0.00013064018962302337,0.0,0.0002540552485690757,0.0,-1.4643425978771781e-05,0.0,-1.2139717480883925e-05,0.0,-4.707998083881988e-06,0.0,-4.285731293900935e-06,0.0,-1.518120614015619e-05,0.0,-7.048627044173821e-06,0.0,-1.2472084758748357e-05,0.0,-1.4643425978771785e-05,0.0,0.0002565133636252381,0.0,-0.00012759705684112145,0.0,-1.2139717480883923e-05,0.0,-1.0466722711202455e-05,0.0,-1.252978302936844e-05,0.0,-1.1632591285493703e-05,0.0,-1.0466722711202457e-05,0.0,-1.2139717480883918e-05,0.0,-0.00012759705684112143,0.0,0.0002565133636252381,0.0,-1.4643425978771778e-05,0.0,-1.247208475874835e-05,0.0,-1.1632591285493703e-05,0.0,-1.2529783029368443e-05,0.0,-4.28573129390093e-06,0.0,-4.7079980838819896e-06,0.0,-1.213971748088393e-05,0.0,-1.464342597877178e-05,0.0,0.0002540552485690757,0.0,-0.00013064018962302337,0.0,-7.048627044173821e-06,0.0,-1.518120614015619e-05,0.0,-3.925645521315961e-06,0.0,-4.285731293900935e-06,0.0,-1.0466722711202459e-05,0.0,-1.2472084758748351e-05,0.0,-0.0001306401896230234,0.0,0.000252791366773835,0.0,-6.705858449759254e-06,0.0,-1.5044563824272928e-05,0.0,-1.5044563824272923e-05,0.0,-1.5181206140156195e-05,0.0,-1.2529783029368443e-05,0.0,-1.1632591285493705e-05,0.0,-7.048627044173821e-06,0.0,-6.705858449759253e-06,0.0,0.0001582530767701833,0.0,-2.036930072747915e-05,0.0,-6.705858449759256e-06,0.0,-7.048627044173821e-06,0.0,-1.1632591285493712e-05,0.0,-1.252978302936844e-05,0.0,-1.51812061401562e-05,0.0,-1.5044563824272928e-05,0.0,-2.0369300727479144e-05,0.0,0.0001582530767701833
25013811.247045714,0.0,0.00026318566939909256,0.0,-0.00013601186699987633,0.0,-1.2984913282145982e-05,0.0,-1.0897094542105335e-05,0.0,-4.461952454488263e-06,0.0,-4.08706063635251e-06,0.0,-1.566316781874558e-05,0.0,-6.981590659203335e-06,0.0,-0.0001360118669998763,0.0,0.00026450151962201316,0.0,-1.5245535944141318e-05,0.0,-1.2638879690779822e-05,0.0,-4.901582055785526e-06,0.0,-4.4619524544882665e-06,0.0,-1.580542860807924e-05,0.0,-7.338453249572941e-06,0.0,-1.2984913282145982e-05,0.0,-1.5245535944141323e-05,0.0,0.00026706070771760545,0.0,-0.00013284360635673596,0.0,-1.2638879690779839e-05,0.0,-1.0897094542105324e-05,0.0,-1.3044983996467106e-05,0.0,-1.211090142590896e-05,0.0,-1.089709454210533e-05,0.0,-1.2638879690779839e-05,0.0,-0.00013284360635673604,0.0,0.0002670607077176053,0.0,-1.5245535944141328e-05,0.0,-1.2984913282145974e-05,0.0,-1.211090142590895e-05,0.0,-1.3044983996467106e-05,0.0,-4.461952454488267e-06,0.0,-4.9015820557855185e-06,0.0,-1.2638879690779847e-05,0.0,-1.5245535944141318e-05,0.0,0.00026450151962201316,0.0,-0.0001360118669998763,0.0,-7.338453249572941e-06,0.0,-1.580542860807924e-05,0.0,-4.087060636352508e-06,0.0,-4.461952454488272e-06,0.0,-1.0897094542105333e-05,0.0,-1.2984913282145974e-05,0.0,-0.0001360118669998763,0.0,0.0002631856693990925,0.0,-6.981590659203339e-06,0.0,-1.566316781874558e-05,0.0,-1.566316781874558e-05,0.0,-1.580542860807924e-05,0.0,-1.3044983996467106e-05,0.0,-1.2110901425908954e-05,0.0,-7.338453249572941e-06,0.0,-6.981590659203335e-06,0.0,0.00016476014381254427,0.0,-2.1206847827003806e-05,0.0,-6.981590659203331e-06,0.0,-7.338453249572941e-06,0.0,-1.2110901425908958e-05,0.0,-1.3044983996467101e-05,0.0,-1.580542860807924e-05,0.0,-1.566316781874558e-05,0.0,-2.1206847827003803e-05,0.0,0.00016476014381254433
26042331.829971634,0.0,0.00027400736607836504,0.0,-0.0001416044175852285,0.0,-1.3518828343960983e-05,0.0,-1.1345162448269308e-05,0.0,-4.645419495722133e-06,0.0,-4.255112835461167e-06,0.0,-1.630720763883919e-05,0.0,-7.268660455310557e-06,0.0,-0.00014160441758522853,0.0,0.00027537732157236774,0.0,-1.5872403531868012e-05,0.0,-1.3158566506143767e-05,0.0,-5.103125834279944e-06,0.0,-4.6454194957221326e-06,0.0,-1.645531792261924e-05,0.0,-7.640196560077723e-06,0.0,-1.3518828343960978e-05,0.0,-1.5872403531868002e-05,0.0,0.00027804173863950316,0.0,-0.0001383058840599848,0.0,-1.3158566506143758e-05,0.0,-1.134516244826931e-05,0.0,-1.358136905237857e-05,0.0,-1.2608878774155146e-05,0.0,-1.1345162448269313e-05,0.0,-1.3158566506143758e-05,0.0,-0.0001383058840599848,0.0,0.000278041738639503,0.0,-1.5872403531868012e-05,0.0,-1.3518828343960988e-05,0.0,-1.2608878774155129e-05,0.0,-1.3581369052378565e-05,0.0,-4.645419495722134e-06,0.0,-5.103125834279941e-06,0.0,-1.3158566506143762e-05,0.0,-1.5872403531868002e-05,0.0,0.0002753773215723679,0.0,-0.00014160441758522853,0.0,-7.640196560077723e-06,0.0,-1.6455317922619248e-05,0.0,-4.255112835461167e-06,0.0,-4.645419495722134e-06,0.0,-1.1345162448269321e-05,0.0,-1.3518828343960974e-05,0.0,-0.00014160441758522853,0.0,0.0002740073660783651,0.0,-7.268660455310563e-06,0.0,-1.630720763883919e-05,0.0,-1.630720763883918e-05,0.0,-1.6455317922619238e-05,0.0,-1.3581369052378581e-05,0.0,-1.2608878774155124e-05,0.0,-7.640196560077727e-06,0.0,-7.268660455310558e-06,0.0,0.00017153476913786536,0.0,-2.207883327830632e-05,0.0,-7.268660455310562e-06,0.0,-7.640196560077723e-06,0.0,-1.2608878774155127e-05,0.0,-1.358136905237857e-05,0.0,-1.6455317922619248e-05,0.0,-1.6307207638839185e-05,0.0,-2.2078833278306325e-05,0.0,0.00017153476913786536
27113143.232919123,0.0,0.00028527403044636295,0.0,-0.00014742692326743826,0.0,-1.4074696982749414e-05,0.0,-1.1811654058821524e-05,0.0,-4.8364303545027985e-06,0.0,-4.430075022979109e-06,0.0,-1.6977729157569112e-05,0.0,-7.567534018189522e-06,0.0,-0.00014742692326743826,0.0,0.0002867003159178074,0.0,-1.652504672853243e-05,0.0,-1.3699621859912252e-05,0.0,-5.312956711549305e-06,0.0,-4.836430354502795e-06,0.0,-1.713192945593777e-05,0.0,-7.954346984498473e-06,0.0,-1.4074696982749413e-05,0.0,-1.6525046728532426e-05,0.0,0.0002894742887726624,0.0,-0.00014399276028570436,0.0,-1.3699621859912247e-05,0.0,-1.1811654058821525e-05,0.0,-1.4139809246746568e-05,0.0,-1.3127332008600484e-05,0.0,-1.1811654058821524e-05,0.0,-1.3699621859912254e-05,0.0,-0.00014399276028570433,0.0,0.0002894742887726625,0.0,-1.6525046728532432e-05,0.0,-1.4074696982749423e-05,0.0,-1.3127332008600483e-05,0.0,-1.4139809246746563e-05,0.0,-4.836430354502798e-06,0.0,-5.312956711549306e-06,0.0,-1.3699621859912247e-05,0.0,-1.652504672853243e-05,0.0,0.0002867003159178074,0.0,-0.00014742692326743829,0.0,-7.95434698449847e-06,0.0,-1.713192945593776e-05,0.0,-4.430075022979106e-06,0.0,-4.836430354502798e-06,0.0,-1.1811654058821524e-05,0.0,-1.4074696982749421e-05,0.0,-0.00014742692326743823,0.0,0.000285274030446363,0.0,-7.567534018189528e-06,0.0,-1.6977729157569115e-05,0.0,-1.697772915756911e-05,0.0,-1.7131929455937765e-05,0.0,-1.4139809246746565e-05,0.0,-1.3127332008600483e-05,0.0,-7.954346984498468e-06,0.0,-7.567534018189529e-06,0.0,0.00017858795423642072,0.0,-2.298667312124149e-05,0.0,-7.5675340181895265e-06,0.0,-7.954346984498465e-06,0.0,-1.3127332008600483e-05,0.0,-1.413980924674657e-05,0.0,-1.713192945593776e-05,0.0,-1.697772915756912e-05,0.0,-2.2986673121241485e-05,0.0,0.0001785879542364208
28227984.374377307,0.0,0.0002970039587324004,0.0,-0.00015348883936492657,0.0,-1.4653421888052007e-05,0.0,-1.2297326921621799e-05,0.0,-5.035295218332029e-06,0.0,-4.612231324553434e-06,0.0,-1.767582125226994e-05,0.0,-7.878696696392724e-06,0.0,-0.0001534888393649266,0.0,0.0002984888903633612,0.0,-1.720452537839694e-05,0.0,-1.4262924385947179e-05,0.0,-5.531415437412935e-06,0.0,-5.0352952183320235e-06,0.0,-1.7836361975102483e-05,0.0,-8.281414679880465e-06,0.0,-1.4653421888051992e-05,0.0,-1.7204525378396935e-05,0.0,0.0003013769237326064,0.0,-0.00014991347010011365,0.0,-1.4262924385947179e-05,0.0,-1.2297326921621796e-05,0.0,-1.4721211445127771e-05,0.0,-1.3667103058937433e-05,0.0,-1.22973269216218e-05,0.0,-1.4262924385947174e-05,0.0,-0.00014991347010011362,0.0,0.0003013769237326064,0.0,-1.7204525378396932e-05,0.0,-1.4653421888052007e-05,0.0,-1.366710305893743e-05,0.0,-1.472121144512778e-05,0.0,-5.0352952183320345e-06,0.0,-5.531415437412935e-06,0.0,-1.4262924385947184e-05,0.0,-1.720452537839694e-05,0.0,0.00029848889036336113,0.0,-0.00015348883936492654,0.0,-8.281414679880462e-06,0.0,-1.7836361975102466e-05,0.0,-4.612231324553427e-06,0.0,-5.035295218332026e-06,0.0,-1.2297326921621787e-05,0.0,-1.4653421888051998e-05,0.0,-0.00015348883936492654,0.0,0.00029700395873240033,0.0,-7.878696696392727e-06,0.0,-1.767582125226996e-05,0.0,-1.767582125226995e-05,0.0,-1.7836361975102476e-05,0.0,-1.4721211445127783e-05,0.0,-1.3667103058937426e-05,0.0,-8.281414679880462e-06,0.0,-7.878696696392729e-06,0.0,0.0001859311529589459,0.0,-2.3931841620543217e-05,0.0,-7.878696696392727e-06,0.0,-8.281414679880462e-06,0.0,-1.3667103058937426e-05,0.0,-1.4721211445127785e-05,0.0,-1.7836361975102476e-05,0.0,-1.767582125226995e-05,0.0,-2.3931841620543214e-05,0.0,0.00018593115295894593
29388665.67387289,0.0,0.000309216199472117,0.0,-0.00015980000998091506,0.0,-1.5255942866295117e-05,0.0,-1.2802969733464433e-05,0.0,-5.242337029034695e-06,0.0,-4.801877548540147e-06,0.0,-1.8402617572851698e-05,0.0,-8.202653795086654e-06,0.0,-0.00015980000998091508,0.0,0.000310762188681693,0.0,-1.7911942904514333e-05,0.0,-1.4849388845872093e-05,0.0,-5.758856772677881e-06,0.0,-5.2423370290346955e-06,0.0,-1.856975942640357e-05,0.0,-8.621930779961285e-06,0.0,-1.5255942866295117e-05,0.0,-1.7911942904514333e-05,0.0,0.0003137689725178346,0.0,-0.00015607762829787837,0.0,-1.48493888458721e-05,0.0,-1.2802969733464445e-05,0.0,-1.5326519801674477e-05,0.0,-1.4229068473414092e-05,0.0,-1.2802969733464431e-05,0.0,-1.48493888458721e-05,0.0,-0.00015607762829787834,0.0,0.0003137689725178347,0.0,-1.7911942904514333e-05,0.0,-1.5255942866295112e-05,0.0,-1.4229068473414082e-05,0.0,-1.5326519801674467e-05,0.0,-5.242337029034695e-06,0.0,-5.758856772677879e-06,0.0,-1.4849388845872088e-05,0.0,-1.791194290451434e-05,0.0,0.00031076218868169306,0.0,-0.00015980000998091508,0.0,-8.621930779961285e-06,0.0,-1.8569759426403573e-05,0.0,-4.80187754854015e-06,0.0,-5.242337029034695e-06,0.0,-1.2802969733464445e-05,0.0,-1.5255942866295109e-05,0.0,-0.00015980000998091503,0.0,0.000309216199472117,0.0,-8.202653795086648e-06,0.0,-1.8402617572851698e-05,0.0,-1.8402617572851688e-05,0.0,-1.8569759426403576e-05,0.0,-1.532651980167448e-05,0.0,-1.4229068473414085e-05,0.0,-8.621930779961287e-06,0.0,-8.202653795086651e-06,0.0,0.00019357629011684338,0.0,-2.491587365992143e-05,0.0,-8.20265379508665e-06,0.0,-8.621930779961285e-06,0.0,-1.4229068473414088e-05,0.0,-1.532651980167448e-05,0.0,-1.8569759426403576e-05,0.0,-1.8402617572851698e-05,0.0,-2.491587365992142e-05,0.0,0.00019357629011684338
30597071.991957538,0.0,0.00032193058444089146,0.0,-0.00016637068398952108,0.0,-1.5883238366966956e-05,0.0,-1.332940362086337e-05,0.0,-5.457892007192361e-06,0.0,-4.999321666375132e-06,0.0,-1.9159298382763356e-05,0.0,-8.539931396630016e-06,0.0,-0.00016637068398952102,0.0,0.0003235401418011715,0.0,-1.8648448100605268e-05,0.0,-1.5459967614577488e-05,0.0,-5.995650065244244e-06,0.0,-5.457892007192351e-06,0.0,-1.9333312793037954e-05,0.0,-8.976448257692719e-06,0.0,-1.588323836696694e-05,0.0,-1.864844810060527e-05,0.0,0.0003266705588986876,0.0,-0.00016249524501582612,0.0,-1.5459967614577478e-05,0.0,-1.332940362086338e-05,0.0,-1.5956717292370978e-05,0.0,-1.4814140842283781e-05,0.0,-1.3329403620863392e-05,0.0,-1.545996761457748e-05,0.0,-0.0001624952450158261,0.0,0.00032667055889868757,0.0,-1.8648448100605268e-05,0.0,-1.5883238366966956e-05,0.0,-1.4814140842283788e-05,0.0,-1.5956717292370978e-05,0.0,-5.457892007192352e-06,0.0,-5.995650065244248e-06,0.0,-1.5459967614577495e-05,0.0,-1.8648448100605268e-05,0.0,0.00032354014180117143,0.0,-0.00016637068398952105,0.0,-8.976448257692719e-06,0.0,-1.9333312793037954e-05,0.0,-4.9993216663751324e-06,0.0,-5.457892007192357e-06,0.0,-1.3329403620863378e-05,0.0,-1.5883238366966946e-05,0.0,-0.00016637068398952105,0.0,0.0003219305844408914,0.0,-8.539931396630016e-06,0.0,-1.9159298382763363e-05,0.0,-1.915929838276336e-05,0.0,-1.9333312793037957e-05,0.0,-1.5956717292370985e-05,0.0,-1.4814140842283792e-05,0.0,-8.976448257692719e-06,0.0,-8.539931396630017e-06,0.0,0.00020153578084719455,0.0,-2.59403672345996e-05,0.0,-8.539931396630017e-06,0.0,-8.976448257692722e-06,0.0,-1.4814140842283792e-05,0.0,-1.5956717292370975e-05,0.0,-1.9333312793037957e-05,0.0,-1.915929838276336e-05,0.0,-2.5940367234599605e-05,0.0,0.00020153578084719452
31855165.691081908,0.0,0.0003351677608591766,0.0,-0.0001732115316791707,0.0,-1.6536327071547064e-05,0.0,-1.387748347350097e-05,0.0,-5.682310198140655e-06,0.0,-5.2048843126968334e-06,0.0,-1.9947092475653495e-05,0.0,-8.89107721489258e-06,0.0,-0.00017321153167917073,0.0,0.0003368435001722224,0.0,-1.9415236996614217e-05,0.0,-1.6095652226807015e-05,0.0,-6.242179849898842e-06,0.0,-5.682310198140657e-06,0.0,-2.0128262029177776e-05,0.0,-9.345542823227866e-06,0.0,-1.6536327071547047e-05,0.0,-1.94152369966142e-05,0.0,0.0003401026340968603,0.0,-0.00016917674198866769,0.0,-1.6095652226807015e-05,0.0,-1.3877483473500968e-05,0.0,-1.6612827311313877e-05,0.0,-1.542327027978412e-05,0.0,-1.3877483473500973e-05,0.0,-1.609565222680703e-05,0.0,-0.00016917674198866774,0.0,0.00034010263409686004,0.0,-1.941523699661422e-05,0.0,-1.6536327071547047e-05,0.0,-1.542327027978412e-05,0.0,-1.6612827311313883e-05,0.0,-5.68231019814065e-06,0.0,-6.242179849898841e-06,0.0,-1.609565222680703e-05,0.0,-1.941523699661421e-05,0.0,0.00033684350017222246,0.0,-0.00017321153167917073,0.0,-9.345542823227868e-06,0.0,-2.0128262029177772e-05,0.0,-5.204884312696834e-06,0.0,-5.682310198140651e-06,0.0,-1.3877483473500964e-05,0.0,-1.653632707154705e-05,0.0,-0.0001732115316791707,0.0,0.00033516776085917654,0.0,-8.89107721489258e-06,0.0,-1.9947092475653502e-05,0.0,-1.994709247565351e-05,0.0,-2.0128262029177776e-05,0.0,-1.6612827311313894e-05,0.0,-1.5423270279784117e-05,0.0,-9.345542823227864e-06,0.0,-8.891077214892585e-06,0.0,0.00020982255077402323,0.0,-2.700698604634081e-05,0.0,-8.891077214892583e-06,0.0,-9.345542823227864e-06,0.0,-1.5423270279784127e-05,0.0,-1.6612827311313873e-05,0.0,-2.012826202917779e-05,0.0,-1.99470924756535e-05,0.0,-2.7006986046340806e-05,0.0,0.0002098225507740232
33164989.822327122,0.0,0.00034894922492205796,0.0,-0.0001803336620803583,0.0,-1.7216269547769663e-05,0.0,-1.4448099332505488e-05,0.0,-5.915956040417e-06,0.0,-5.418899306033335e-06,0.0,-2.0767279170840124e-05,0.0,-9.256661484701957e-06,0.0,-0.00018033366208035836,0.0,0.0003506938674645262,0.0,-2.0213554800973643e-05,0.0,-1.6757474987336713e-05,0.0,-6.49884647277122e-06,0.0,-5.915956040416997e-06,0.0,-2.0955898073564285e-05,0.0,-9.729813858831867e-06,0.0,-1.7216269547769683e-05,0.0,-2.0213554800973643e-05,0.0,0.0003540870108086362,0.0,-0.0001761329694731237,0.0,-1.675747498733671e-05,0.0,-1.4448099332505491e-05,0.0,-1.7295915332628435e-05,0.0,-1.6057445967052145e-05,0.0,-1.444809933250549e-05,0.0,-1.6757474987336724e-05,0.0,-0.00017613296947312373,0.0,0.0003540870108086361,0.0,-2.0213554800973633e-05,0.0,-1.7216269547769673e-05,0.0,-1.605744596705213e-05,0.0,-1.7295915332628428e-05,0.0,-5.915956040417e-06,0.0,-6.498846472771224e-06,0.0,-1.6757474987336717e-05,0.0,-2.0213554800973623e-05,0.0,0.0003506938674645261,0.0,-0.00018033366208035833,0.0,-9.729813858831877e-06,0.0,-2.0955898073564274e-05,0.0,-5.418899306033335e-06,0.0,-5.915956040417005e-06,0.0,-1.4448099332505494e-05,0.0,-1.7216269547769673e-05,0.0,-0.00018033366208035828,0.0,0.00034894922492205774,0.0,-9.256661484701955e-06,0.0,-2.0767279170840124e-05,0.0,-2.0767279170840135e-05,0.0,-2.0955898073564278e-05,0.0,-1.729591533262844e-05,0.0,-1.605744596705214e-05,0.0,-9.72981385883187e-06,0.0,-9.256661484701953e-06,0.0,0.00021845005699855306,0.0,-2.811746220517628e-05,0.0,-9.256661484701959e-06,0.0,-9.729813858831877e-06,0.0,-1.6057445967052145e-05,0.0,-1.7295915332628438e-05,0.0,-2.0955898073564278e-05,0.0,-2.0767279170840118e-05,0.0,-2.811746220517628e-05,0.0,0.00021845005699855312
34528671.44316852,0.0,0.00036329735670748386,0.0,-0.00018774864100588938,0.0,-1.792416997190729e-05,0.0,-1.504217783581216e-05,0.0,-6.159208957581814e-06,0.0,-5.641714190898848e-06,0.0,-2.162119039083065e-05,0.0,-9.637277887862755e-06,0.0,-0.0001877486410058894,0.0,0.0003651137356497778,0.0,-2.104469792273033e-05,0.0,-1.7446510647361434e-05,0.0,-6.766066741466185e-06,0.0,-6.159208957581813e-06,0.0,-2.181756494589683e-05,0.0,-1.0129885392234383e-05,0.0,-1.7924169971907293e-05,0.0,-2.1044697922730337e-05,0.0,0.00036864639862709214,0.0,-0.00018337522386793794,0.0,-1.744651064736144e-05,0.0,-1.5042177835812156e-05,0.0,-1.8007090640719616e-05,0.0,-1.6717697758481337e-05,0.0,-1.5042177835812151e-05,0.0,-1.7446510647361448e-05,0.0,-0.00018337522386793788,0.0,0.00036864639862709204,0.0,-2.1044697922730334e-05,0.0,-1.792416997190728e-05,0.0,-1.6717697758481337e-05,0.0,-1.8007090640719626e-05,0.0,-6.159208957581812e-06,0.0,-6.766066741466181e-06,0.0,-1.7446510647361448e-05,0.0,-2.104469792273033e-05,0.0,0.0003651137356497776,0.0,-0.00018774864100588938,0.0,-1.0129885392234385e-05,0.0,-2.1817564945896828e-05,0.0,-5.641714190898851e-06,0.0,-6.159208957581819e-06,0.0,-1.5042177835812156e-05,0.0,-1.7924169971907286e-05,0.0,-0.0001877486410058894,0.0,0.00036329735670748386,0.0,-9.63727788786275e-06,0.0,-2.162119039083066e-05,0.0,-2.162119039083067e-05,0.0,-2.1817564945896824e-05,0.0,-1.800709064071962e-05,0.0,-1.671769775848134e-05,0.0,-1.012988539223438e-05,0.0,-9.637277887862753e-06,0.0,0.00022743230995254422,0.0,-2.927359904222389e-05,0.0,-9.637277887862751e-06,0.0,-1.0129885392234383e-05,0.0,-1.6717697758481344e-05,0.0,-1.8007090640719623e-05,0.0,-2.181756494589683e-05,0.0,-2.1621190390830656e-05,0.0,-2.927359904222389e-05,0.0,0.00022743230995254422
35948425.07165965,0.0,0.00037823545651985695,0.0,-0.00019546850983290527,0.0,-1.8661177921871192e-05,0.0,-1.5660683722954476e-05,0.0,-6.412463974374301e-06,0.0,-5.873690802180347e-06,0.0,-2.251021282426554e-05,0.0,-1.0033544517251923e-05,0.0,-0.00019546850983290524,0.0,0.00038012652152698474,0.0,-2.1910016076817834e-05,0.0,-1.81638781498114e-05,0.0,-7.044274601928487e-06,0.0,-6.412463974374295e-06,0.0,-2.2714661929421407e-05,0.0,-1.0546407110004369e-05,0.0,-1.8661177921871192e-05,0.0,-2.1910016076817824e-05,0.0,0.00038380444092079745,0.0,-0.00019091526605839377,0.0,-1.8163878149811384e-05,0.0,-1.5660683722954487e-05,0.0,-1.8747508131667943e-05,0.0,-1.740509785412904e-05,0.0,-1.5660683722954487e-05,0.0,-1.8163878149811384e-05,0.0,-0.00019091526605839374,0.0,0.0003838044409207974,0.0,-2.1910016076817827e-05,0.0,-1.8661177921871185e-05,0.0,-1.7405097854129046e-05,0.0,-1.8747508131667943e-05,0.0,-6.412463974374298e-06,0.0,-7.044274601928483e-06,0.0,-1.8163878149811398e-05,0.0,-2.191001607681783e-05,0.0,0.00038012652152698463,0.0,-0.00019546850983290524,0.0,-1.0546407110004369e-05,0.0,-2.2714661929421407e-05,0.0,-5.873690802180347e-06,0.0,-6.412463974374304e-06,0.0,-1.566068372295449e-05,0.0,-1.8661177921871182e-05,0.0,-0.00019546850983290527,0.0,0.00037823545651985684,0.0,-1.0033544517251923e-05,0.0,-2.251021282426554e-05,0.0,-2.251021282426556e-05,0.0,-2.2714661929421404e-05,0.0,-1.8747508131667956e-05,0.0,-1.7405097854129036e-05,0.0,-1.0546407110004369e-05,0.0,-1.003354451725192e-05,0.0,0.00023678389615019757,0.0,-3.047727403816454e-05,0.0,-1.0033544517251915e-05,0.0,-1.0546407110004372e-05,0.0,-1.7405097854129046e-05,0.0,-1.8747508131667963e-05,0.0,-2.2714661929421414e-05,0.0,-2.2510212824265548e-05,0.0,-3.047727403816454e-05,0.0,0.0002367838961501976
37426556.282645695,0.0,0.0003937877827280033,0.0,-0.00020350580505718843,0.0,-1.9428490244040975e-05,0.0,-1.6304621401730004e-05,0.0,-6.676132358203407e-06,0.0,-6.11520585273061e-06,0.0,-2.3435790177797978e-05,0.0,-1.0446104880555852e-05,0.0,-0.00020350580505718846,0.0,0.0003957566047496169,0.0,-2.2810914475893515e-05,0.0,-1.891074244643256e-05,0.0,-7.333921843138936e-06,0.0,-6.6761323582034135e-06,0.0,-2.3648645843263118e-05,0.0,-1.0980055412593076e-05,0.0,-1.942849024404096e-05,0.0,-2.2810914475893512e-05,0.0,0.00039958575322889423,0.0,-0.0001987653405151212,0.0,-1.891074244643254e-05,0.0,-1.6304621401730018e-05,0.0,-1.951837018869531e-05,0.0,-1.8120762540889874e-05,0.0,-1.630462140173001e-05,0.0,-1.891074244643255e-05,0.0,-0.00019876534051512123,0.0,0.00039958575322889423,0.0,-2.2810914475893515e-05,0.0,-1.942849024404096e-05,0.0,-1.8120762540889853e-05,0.0,-1.95183701886953e-05,0.0,-6.676132358203413e-06,0.0,-7.333921843138942e-06,0.0,-1.8910742446432537e-05,0.0,-2.2810914475893515e-05,0.0,0.00039575660474961674,0.0,-0.00020350580505718838,0.0,-1.0980055412593074e-05,0.0,-2.3648645843263124e-05,0.0,-6.115205852730609e-06,0.0,-6.676132358203413e-06,0.0,-1.630462140173001e-05,0.0,-1.9428490244040975e-05,0.0,-0.00020350580505718838,0.0,0.00039378778272800317,0.0,-1.0446104880555852e-05,0.0,-2.343579017779796e-05,0.0,-2.343579017779796e-05,0.0,-2.364864584326312e-05,0.0,-1.9518370188695302e-05,0.0,-1.8120762540889863e-05,0.0,-1.0980055412593073e-05,0.0,-1.0446104880555852e-05,0.0,0.000246520001875575,0.0,-3.173044187213179e-05,0.0,-1.0446104880555854e-05,0.0,-1.098005541259308e-05,0.0,-1.8120762540889857e-05,0.0,-1.9518370188695306e-05,0.0,-2.3648645843263118e-05,0.0,-2.343579017779797e-05,0.0,-3.173044187213179e-05,0.0,0.00024652000187557496
38965465.45184663,0.0,0.00040997959115897094,0.0,-0.000211873578651505,0.0,-2.022735299685452e-05,0.0,-1.6975036579284194e-05,0.0,-6.950642287015695e-06,0.0,-6.36665154512209e-06,0.0,-2.4399425520566758e-05,0.0,-1.0875628945279279e-05,0.0,-0.000211873578651505,0.0,0.0004120293674163605,0.0,-2.3748856112300172e-05,0.0,-1.9688316389582297e-05,0.0,-7.63547883078632e-06,0.0,-6.950642287015695e-06,0.0,-2.4621033408192747e-05,0.0,-1.1431534512758352e-05,0.0,-2.0227352996854513e-05,0.0,-2.3748856112300176e-05,0.0,0.00041601596323491446,0.0,-0.00020693819517821245,0.0,-1.968831638958229e-05,0.0,-1.6975036579284204e-05,0.0,-2.032092863474632e-05,0.0,-1.8865854005263225e-05,0.0,-1.697503657928421e-05,0.0,-1.968831638958229e-05,0.0,-0.00020693819517821242,0.0,0.00041601596323491457,0.0,-2.374885611230019e-05,0.0,-2.0227352996854513e-05,0.0,-1.886585400526323e-05,0.0,-2.032092863474633e-05,0.0,-6.9506422870157e-06,0.0,-7.635478830786316e-06,0.0,-1.9688316389582273e-05,0.0,-2.3748856112300186e-05,0.0,0.00041202936741636053,0.0,-0.000211873578651505,0.0,-1.1431534512758349e-05,0.0,-2.4621033408192744e-05,0.0,-6.3666515451220865e-06,0.0,-6.950642287015697e-06,0.0,-1.6975036579284214e-05,0.0,-2.0227352996854523e-05,0.0,-0.00021187357865150495,0.0,0.00040997959115897094,0.0,-1.087562894527928e-05,0.0,-2.439942552056675e-05,0.0,-2.439942552056675e-05,0.0,-2.4621033408192744e-05,0.0,-2.0320928634746335e-05,0.0,-1.886585400526322e-05,0.0,-1.1431534512758352e-05,0.0,-1.0875628945279279e-05,0.0,0.00025665643784400163,0.0,-3.3035137595966343e-05,0.0,-1.0875628945279277e-05,0.0,-1.1431534512758357e-05,0.0,-1.8865854005263208e-05,0.0,-2.0320928634746332e-05,0.0,-2.4621033408192737e-05,0.0,-2.439942552056675e-05,0.0,-3.303513759596634e-05,0.0,0.00025665643784400163
40567651.65388917,0.0,0.00042683717611161846,0.0,-0.00022058541926103984,0.0,-2.105906347431445e-05,0.0,-1.7673017960261345e-05,0.0,-7.236439544624532e-06,0.0,-6.628436208554719e-06,0.0,-2.540268372506905e-05,0.0,-1.1322814226722762e-05,0.0,-0.00022058541926103976,0.0,0.00042897123528976326,0.0,-2.4725364133856922e-05,0.0,-2.049786270181149e-05,0.0,-7.949435271106313e-06,0.0,-7.2364395446245345e-06,0.0,-2.5633403709668648e-05,0.0,-1.1901577579153872e-05,0.0,-2.105906347431445e-05,0.0,-2.4725364133856986e-05,0.0,0.00043312175238423474,0.0,-0.00021544710215892974,0.0,-2.049786270181148e-05,0.0,-1.767301796026132e-05,0.0,-2.1156486765356035e-05,0.0,-1.9641582220657805e-05,0.0,-1.7673017960261386e-05,0.0,-2.0497862701811512e-05,0.0,-0.00021544710215892963,0.0,0.00043312175238423495,0.0,-2.472536413385695e-05,0.0,-2.1059063474314424e-05,0.0,-1.964158222065784e-05,0.0,-2.115648676535606e-05,0.0,-7.236439544624525e-06,0.0,-7.94943527110631e-06,0.0,-2.0497862701811495e-05,0.0,-2.4725364133856963e-05,0.0,0.0004289712352897626,0.0,-0.0002205854192610395,0.0,-1.1901577579153858e-05,0.0,-2.5633403709668644e-05,0.0,-6.628436208554741e-06,0.0,-7.236439544624556e-06,0.0,-1.7673017960261325e-05,0.0,-2.105906347431445e-05,0.0,-0.0002205854192610395,0.0,0.000426837176111618,0.0,-1.1322814226722788e-05,0.0,-2.5402683725069083e-05,0.0,-2.54026837250691e-05,0.0,-2.5633403709668665e-05,0.0,-2.115648676535602e-05,0.0,-1.964158222065784e-05,0.0,-1.1901577579153853e-05,0.0,-1.132281422672278e-05,0.0,0.0002672096648774941,0.0,-3.43934799389891e-05,0.0,-1.1322814226722783e-05,0.0,-1.1901577579153897e-05,0.0,-1.9641582220657808e-05,0.0,-2.1156486765356005e-05,0.0,-2.5633403709668648e-05,0.0,-2.5402683725069056e-05,0.0,-3.439347993898912e-05,0.0,0.00026720966487749434
42235716.720619924,0.0,0.0004443879130566179,0.0,-0.0002296554742703545,0.0,-2.1924972312698063e-05,0.0,-1.8399699014780566e-05,0.0,-7.533988244630211e-06,0.0,-6.900984961952506e-06,0.0,-2.6447194008398108e-05,0.0,-1.1788386920696244e-05,0.0,-0.00022965547427035454,0.0,0.0004466097207097241,0.0,-2.574202431733913e-05,0.0,-2.1340696026433008e-05,0.0,-8.276301006128431e-06,0.0,-7.533988244630214e-06,0.0,-2.6687400762155314e-05,0.0,-1.2390947926941033e-05,0.0,-2.1924972312698053e-05,0.0,-2.5742024317339133e-05,0.0,0.00045093089921277926,0.0,-0.00022430587929263718,0.0,-2.1340696026433008e-05,0.0,-1.8399699014780562e-05,0.0,-2.2026401465105675e-05,0.0,-2.0449206912299506e-05,0.0,-1.8399699014780562e-05,0.0,-2.134069602643299e-05,0.0,-0.00022430587929263724,0.0,0.0004509308992127792,0.0,-2.5742024317339136e-05,0.0,-2.1924972312698084e-05,0.0,-2.0449206912299533e-05,0.0,-2.2026401465105706e-05,0.0,-7.533988244630213e-06,0.0,-8.276301006128438e-06,0.0,-2.134069602643299e-05,0.0,-2.5742024317339116e-05,0.0,0.00044660972070972415,0.0,-0.0002296554742703545,0.0,-1.2390947926941036e-05,0.0,-2.66874007621553e-05,0.0,-6.90098496195251e-06,0.0,-7.5339882446302056e-06,0.0,-1.8399699014780583e-05,0.0,-2.1924972312698063e-05,0.0,-0.00022965547427035454,0.0,0.000444387913056618,0.0,-1.1788386920696244e-05,0.0,-2.6447194008398115e-05,0.0,-2.6447194008398115e-05,0.0,-2.6687400762155307e-05,0.0,-2.2026401465105692e-05,0.0,-2.044920691229951e-05,0.0,-1.2390947926941043e-05,0.0,-1.1788386920696244e-05,0.0,0.0002781968206359234,0.0,-3.580767474866161e-05,0.0,-1.1788386920696239e-05,0.0,-1.2390947926941028e-05,0.0,-2.0449206912299516e-05,0.0,-2.202640146510568e-05,0.0,-2.66874007621553e-05,0.0,-2.6447194008398115e-05,0.0,-3.580767474866161e-05,0.0,0.0002781968206359234
43972369.46628725,0.0,0.00046266030309219104,0.0,-0.00023909847277769198,0.0,-2.28264856838903e-05,0.0,-1.9156259819107378e-05,0.0,-7.843771584105877e-06,0.0,-7.184740404325126e-06,0.0,-2.753465257797074e-05,0.0,-1.2273103082806992e-05,0.0,-0.00023909847277769184,0.0,0.00046497346727149605,0.0,-2.680048764366209e-05,0.0,-2.2218185062404847e-05,0.0,-8.616606841621579e-06,0.0,-7.843771584105879e-06,0.0,-2.7784736178880802e-05,0.0,-1.2900440257356203e-05,0.0,-2.2826485683890327e-05,0.0,-2.680048764366207e-05,0.0,0.0004694723244572995,0.0,-0.00023352891257793958,0.0,-2.2218185062404853e-05,0.0,-1.9156259819107358e-05,0.0,-2.2932085411102805e-05,0.0,-2.129003960293136e-05,0.0,-1.9156259819107358e-05,0.0,-2.2218185062404874e-05,0.0,-0.00023352891257793953,0.0,0.00046947232445729954,0.0,-2.680048764366209e-05,0.0,-2.2826485683890297e-05,0.0,-2.1290039602931358e-05,0.0,-2.2932085411102802e-05,0.0,-7.843771584105892e-06,0.0,-8.616606841621565e-06,0.0,-2.2218185062404867e-05,0.0,-2.6800487643662085e-05,0.0,0.000464973467271496,0.0,-0.00023909847277769195,0.0,-1.2900440257356193e-05,0.0,-2.7784736178880802e-05,0.0,-7.184740404325109e-06,0.0,-7.843771584105889e-06,0.0,-1.9156259819107355e-05,0.0,-2.2826485683890317e-05,0.0,-0.00023909847277769195,0.0,0.0004626603030921908,0.0,-1.2273103082806989e-05,0.0,-2.753465257797075e-05,0.0,-2.7534652577970768e-05,0.0,-2.7784736178880792e-05,0.0,-2.293208541110279e-05,0.0,-2.1290039602931385e-05,0.0,-1.2900440257356194e-05,0.0,-1.2273103082806985e-05,0.0,0.0002896357474473021,0.0,-3.728001857271864e-05,0.0,-1.2273103082806989e-05,0.0,-1.2900440257356198e-05,0.0,-2.1290039602931385e-05,0.0,-2.2932085411102802e-05,0.0,-2.7784736178880792e-05,0.0,-2.7534652577970754e-05,0.0,-3.728001857271861e-05,0.0,0.0002896357474473022
45780430.086455286,0.0,0.00048168401922778285,0.0,-0.0002489297495139412,0.0,-2.3765067578903123e-05,0.0,-1.9943928972010088e-05,0.0,-8.166292628274029e-06,0.0,-7.480163333515927e-06,0.0,-2.8666825386043034e-05,0.0,-1.27777498562382e-05,0.0,-0.0002489297495139413,0.0,0.0004840922963407627,0.0,-2.7902472978952165e-05,0.0,-2.313175478699608e-05,0.0,-8.970905409083377e-06,0.0,-8.166292628274025e-06,0.0,-2.8927191951370088e-05,0.0,-1.343088194824662e-05,0.0,-2.3765067578903143e-05,0.0,-2.7902472978952172e-05,0.0,0.000488776138020514,0.0,-0.00024313117953848074,0.0,-2.313175478699608e-05,0.0,-1.9943928972010084e-05,0.0,-2.3875009367064115e-05,0.0,-2.2165445742629868e-05,0.0,-1.994392897201007e-05,0.0,-2.3131754786996074e-05,0.0,-0.0002431311795384808,0.0,0.0004887761380205141,0.0,-2.7902472978952162e-05,0.0,-2.376506757890313e-05,0.0,-2.216544574262987e-05,0.0,-2.3875009367064122e-05,0.0,-8.166292628274042e-06,0.0,-8.970905409083377e-06,0.0,-2.3131754786996067e-05,0.0,-2.7902472978952172e-05,0.0,0.0004840922963407627,0.0,-0.00024892974951394115,0.0,-1.3430881948246622e-05,0.0,-2.8927191951370112e-05,0.0,-7.4801633335159174e-06,0.0,-8.166292628274034e-06,0.0,-1.9943928972010088e-05,0.0,-2.3765067578903123e-05,0.0,-0.0002489297495139412,0.0,0.0004816840192277825,0.0,-1.2777749856238193e-05,0.0,-2.8666825386043018e-05,0.0,-2.8666825386043034e-05,0.0,-2.8927191951370105e-05,0.0,-2.3875009367064125e-05,0.0,-2.2165445742629868e-05,0.0,-1.3430881948246629e-05,0.0,-1.2777749856238193e-05,0.0,0.0003015450212824067,0.0,-3.881290238859175e-05,0.0,-1.27777498562382e-05,0.0,-1.3430881948246629e-05,0.0,-2.216544574262988e-05,0.0,-2.3875009367064122e-05,0.0,-2.892719195137009e-05,0.0,-2.866682538604301e-05,0.0,-3.881290238859175e-05,0.0,0.0003015450212824066
47662834.73779292,0.0,0.0005014899545708331,0.0,-0.00025916526974510603,0.0,-2.47422421852884e-05,0.0,-2.0763985589913442e-05,0.0,-8.502075127447097e-06,0.0,-7.787733494503571e-06,0.0,-2.984555099748578e-05,0.0,-1.3303146750011099e-05,0.0,-0.0002591652697451062,0.0,0.0005039972554813315,0.0,-2.904976986585802e-05,0.0,-2.408288876984447e-05,0.0,-9.339772063172857e-06,0.0,-8.502075127447108e-06,0.0,-3.0116623343267568e-05,0.0,-1.3983134397670974e-05,0.0,-2.4742242185288362e-05,0.0,-2.904976986585804e-05,0.0,0.0005088736878673618,0.0,-0.00025312827354533345,0.0,-2.408288876984449e-05,0.0,-2.0763985589913405e-05,0.0,-2.4856704571727293e-05,0.0,-2.307684692619461e-05,0.0,-2.076398558991344e-05,0.0,-2.408288876984447e-05,0.0,-0.00025312827354533334,0.0,0.0005088736878673617,0.0,-2.9049769865858013e-05,0.0,-2.4742242185288396e-05,0.0,-2.3076846926194622e-05,0.0,-2.4856704571727324e-05,0.0,-8.50207512744709e-06,0.0,-9.339772063172854e-06,0.0,-2.408288876984447e-05,0.0,-2.9049769865858044e-05,0.0,0.0005039972554813316,0.0,-0.0002591652697451062,0.0,-1.3983134397671e-05,0.0,-3.0116623343267547e-05,0.0,-7.787733494503586e-06,0.0,-8.502075127447094e-06,0.0,-2.076398558991342e-05,0.0,-2.4742242185288423e-05,0.0,-0.0002591652697451061,0.0,0.0005014899545708332,0.0,-1.3303146750011099e-05,0.0,-2.9845550997485776e-05,0.0,-2.9845550997485776e-05,0.0,-3.0116623343267524e-05,0.0,-2.4856704571727303e-05,0.0,-2.3076846926194615e-05,0.0,-1.3983134397670996e-05,0.0,-1.3303146750011089e-05,0.0,0.00031394398192077875,0.0,-4.040881548618003e-05,0.0,-1.3303146750011092e-05,0.0,-1.398313439767098e-05,0.0,-2.307684692619459e-05,0.0,-2.4856704571727307e-05,0.0,-3.0116623343267534e-05,0.0,-2.9845550997485807e-05,0.0,-4.0408815486180025e-05,0.0,0.00031394398192077886
49622640.30617492,0.0,0.0005221102724949003,0.0,-0.0002698216551987174,0.0,-2.5759596362305792e-05,0.0,-2.1617761384088938e-05,0.0,-8.851664367559168e-06,0.0,-8.107950358472491e-06,0.0,-3.107274357547829e-05,0.0,-1.3850146969807131e-05,0.0,-0.0002698216551987174,0.0,0.0005247206688740806,0.0,-3.024424142963562e-05,0.0,-2.507313158216385e-05,0.0,-9.723805816043863e-06,0.0,-8.851664367559146e-06,0.0,-3.135496190314758e-05,0.0,-1.4558094422746069e-05,0.0,-2.5759596362305836e-05,0.0,-3.024424142963562e-05,0.0,0.0005297976109317771,0.0,-0.00026353642913948044,0.0,-2.507313158216385e-05,0.0,-2.161776138408898e-05,0.0,-2.587876522546914e-05,0.0,-2.4025723201713197e-05,0.0,-2.1617761384088928e-05,0.0,-2.507313158216384e-05,0.0,-0.00026353642913948044,0.0,0.0005297976109317772,0.0,-3.0244241429635643e-05,0.0,-2.5759596362305792e-05,0.0,-2.4025723201713187e-05,0.0,-2.5878765225469116e-05,0.0,-8.85166436755918e-06,0.0,-9.723805816043871e-06,0.0,-2.5073131582163848e-05,0.0,-3.0244241429635602e-05,0.0,0.0005247206688740807,0.0,-0.00026982165519871733,0.0,-1.4558094422746045e-05,0.0,-3.135496190314758e-05,0.0,-8.107950358472462e-06,0.0,-8.85166436755917e-06,0.0,-2.1617761384088925e-05,0.0,-2.57595963623058e-05,0.0,-0.00026982165519871744,0.0,0.0005221102724949001,0.0,-1.3850146969807131e-05,0.0,-3.10727435754783e-05,0.0,-3.1072743575478314e-05,0.0,-3.13549619031476e-05,0.0,-2.587876522546912e-05,0.0,-2.4025723201713204e-05,0.0,-1.4558094422746049e-05,0.0,-1.3850146969807136e-05,0.0,0.0003268527643570971,0.0,-4.207034951027243e-05,0.0,-1.3850146969807141e-05,0.0,-1.4558094422746059e-05,0.0,-2.4025723201713228e-05,0.0,-2.587876522546912e-05,0.0,-3.135496190314758e-05,0.0,-3.107274357547828e-05,0.0,-4.207034951027243e-05,0.0,0.00032685276435709696
51663029.37083848,0.0,0.0005435784588705965,0.0,-0.0002809162110562855,0.0,-2.6818782217864906e-05,0.0,-2.2506642823255605e-05,0.0,-9.215628055670163e-06,0.0,-8.441333933916793e-06,0.0,-3.235039598996722e-05,0.0,-1.4419638803510733e-05,0.0,-0.00028091621105628576,0.0,0.0005462961898090353,0.0,-3.1487827403725645e-05,0.0,-2.6104091305013408e-05,0.0,-1.01236303100964e-05,0.0,-9.215628055670202e-06,0.0,-3.264421860120695e-05,0.0,-1.5156695716011212e-05,0.0,-2.681878221786482e-05,0.0,-3.148782740372564e-05,0.0,0.0005515818861166586,0.0,-0.00027437254839550825,0.0,-2.6104091305013446e-05,0.0,-2.250664282325554e-05,0.0,-2.6942851079169102e-05,0.0,-2.5013615474049814e-05,0.0,-2.250664282325563e-05,0.0,-2.6104091305013446e-05,0.0,-0.0002743725483955081,0.0,0.0005515818861166587,0.0,-3.148782740372562e-05,0.0,-2.68187822178649e-05,0.0,-2.501361547404984e-05,0.0,-2.694285107916914e-05,0.0,-9.215628055670145e-06,0.0,-1.0123630310096393e-05,0.0,-2.6104091305013425e-05,0.0,-3.1487827403725665e-05,0.0,0.0005462961898090356,0.0,-0.00028091621105628565,0.0,-1.5156695716011265e-05,0.0,-3.2644218601206914e-05,0.0,-8.441333933916835e-06,0.0,-9.215628055670158e-06,0.0,-2.2506642823255598e-05,0.0,-2.681878221786491e-05,0.0,-0.0002809162110562855,0.0,0.0005435784588705965,0.0,-1.4419638803510726e-05,0.0,-3.2350395989967196e-05,0.0,-3.2350395989967196e-05,0.0,-3.264421860120689e-05,0.0,-2.694285107916913e-05,0.0,-2.501361547404984e-05,0.0,-1.5156695716011258e-05,0.0,-1.4419638803510716e-05,0.0,0.0003402923314989182,0.0,-4.3800202669187335e-05,0.0,-1.4419638803510721e-05,0.0,-1.5156695716011231e-05,0.0,-2.5013615474049776e-05,0.0,-2.694285107916913e-05,0.0,-3.264421860120692e-05,0.0,-3.235039598996723e-05,0.0,-4.3800202669187335e-05,0.0,0.0003402923314989183
53787315.37265635,0.0,0.0005659293764441667,0.0,-0.0002924669540556387,0.0,-2.7921519791425955e-05,0.0,-2.3432073385102247e-05,0.0,-9.594557241879864e-06,0.0,-8.78842561109618e-06,0.0,-3.368058305394036e-05,0.0,-1.5012547063723157e-05,0.0,-0.00029246695405563876,0.0,0.0005687588553358239,0.0,-3.278254727973716e-05,0.0,-2.7177442140702425e-05,0.0,-1.0539894830725846e-05,0.0,-9.594557241879854e-06,0.0,-3.3986487094931145e-05,0.0,-1.5779910361676413e-05,0.0,-2.7921519791425934e-05,0.0,-3.278254727973716e-05,0.0,0.0005742618894730876,0.0,-0.0002856542283693246,0.0,-2.7177442140702415e-05,0.0,-2.343207338510225e-05,0.0,-2.8050690129521964e-05,0.0,-2.6042128007160623e-05,0.0,-2.3432073385102274e-05,0.0,-2.7177442140702442e-05,0.0,-0.00028565422836932463,0.0,0.0005742618894730874,0.0,-3.278254727973716e-05,0.0,-2.792151979142595e-05,0.0,-2.604212800716062e-05,0.0,-2.805069012952198e-05,0.0,-9.594557241879859e-06,0.0,-1.053989483072586e-05,0.0,-2.7177442140702452e-05,0.0,-3.278254727973716e-05,0.0,0.0005687588553358237,0.0,-0.00029246695405563876,0.0,-1.5779910361676416e-05,0.0,-3.3986487094931145e-05,0.0,-8.78842561109617e-06,0.0,-9.594557241879862e-06,0.0,-2.3432073385102264e-05,0.0,-2.792151979142594e-05,0.0,-0.0002924669540556387,0.0,0.0005659293764441667,0.0,-1.5012547063723157e-05,0.0,-3.368058305394035e-05,0.0,-3.368058305394035e-05,0.0,-3.398648709493116e-05,0.0,-2.8050690129521975e-05,0.0,-2.604212800716062e-05,0.0,-1.577991036167641e-05,0.0,-1.5012547063723159e-05,0.0,0.0003542845082088877,0.0,-4.5601184116463035e-05,0.0,-1.5012547063723167e-05,0.0,-1.5779910361676416e-05,0.0,-2.6042128007160636e-05,0.0,-2.8050690129521975e-05,0.0,-3.398648709493115e-05,0.0,-3.368058305394034e-05,0.0,-4.560118411646303e-05,0.0,0.00035428450820888774
55998947.99491973,0.0,0.0005891993214520073,0.0,-0.0003044926417487688,0.0,-2.9069599847217015e-05,0.0,-2.4395555900388912e-05,0.0,-9.98906727914977e-06,0.0,-9.149789041212928e-06,0.0,-3.506546489276909e-05,0.0,-1.562983458958978e-05,0.0,-0.0003044926417487688,0.0,0.0005921451431612491,0.0,-3.4130503586952636e-05,0.0,-2.8294927131570905e-05,0.0,-1.0973275360714314e-05,0.0,-9.989067279149778e-06,0.0,-3.5383947129039785e-05,0.0,-1.6428750414214474e-05,0.0,-2.9069599847217032e-05,0.0,-3.4130503586952615e-05,0.0,0.0005978744516484244,0.0,-0.0002973997896744765,0.0,-2.8294927131570935e-05,0.0,-2.4395555900388868e-05,0.0,-2.9204081425176613e-05,0.0,-2.7112931029299856e-05,0.0,-2.439555590038888e-05,0.0,-2.82949271315709e-05,0.0,-0.0002973997896744765,0.0,0.0005978744516484243,0.0,-3.413050358695261e-05,0.0,-2.906959984721702e-05,0.0,-2.7112931029299846e-05,0.0,-2.9204081425176602e-05,0.0,-9.98906727914977e-06,0.0,-1.0973275360714294e-05,0.0,-2.829492713157094e-05,0.0,-3.413050358695261e-05,0.0,0.0005921451431612495,0.0,-0.0003044926417487687,0.0,-1.642875041421446e-05,0.0,-3.5383947129039764e-05,0.0,-9.149789041212939e-06,0.0,-9.989067279149771e-06,0.0,-2.4395555900388895e-05,0.0,-2.9069599847217032e-05,0.0,-0.0003044926417487688,0.0,0.0005891993214520073,0.0,-1.5629834589589785e-05,0.0,-3.506546489276909e-05,0.0,-3.506546489276911e-05,0.0,-3.538394712903974e-05,0.0,-2.9204081425176613e-05,0.0,-2.711293102929983e-05,0.0,-1.6428750414214474e-05,0.0,-1.5629834589589775e-05,0.0,0.00036885201674670263,0.0,-4.747621851271549e-05,0.0,-1.562983458958977e-05,0.0,-1.6428750414214474e-05,0.0,-2.711293102929982e-05,0.0,-2.920408142517661e-05,0.0,-3.538394712903976e-05,0.0,-3.50654648927691e-05,0.0,-4.74762185127155e-05,0.0,0.0003688520167467026
58301518.76536862,0.0,0.0006134260825630693,0.0,-0.0003170128029627096,0.0,-3.026488678230227e-05,0.0,-2.5398654993432233e-05,0.0,-1.0399798822590634e-05,0.0,-9.52601105174038e-06,0.0,-3.6507290452092385e-05,0.0,-1.6272503810379526e-05,0.0,-0.00031701280296270943,0.0,0.0006164930308863914,0.0,-3.55338853066797e-05,0.0,-2.9458360990561392e-05,0.0,-1.1424475677976696e-05,0.0,-1.039979882259062e-05,0.0,-3.683886807523015e-05,0.0,-1.7104269541863117e-05,0.0,-3.0264886782302283e-05,0.0,-3.5533885306679704e-05,0.0,0.0006224579176965492,0.0,-0.0003096283062334699,0.0,-2.9458360990561372e-05,0.0,-2.5398654993432257e-05,0.0,-3.0404897988257777e-05,0.0,-2.822776344534676e-05,0.0,-2.5398654993432257e-05,0.0,-2.9458360990561396e-05,0.0,-0.00030962830623347,0.0,0.0006224579176965488,0.0,-3.553388530667969e-05,0.0,-3.0264886782302283e-05,0.0,-2.8227763445346752e-05,0.0,-3.040489798825778e-05,0.0,-1.039979882259063e-05,0.0,-1.142447567797669e-05,0.0,-2.945836099056141e-05,0.0,-3.553388530667969e-05,0.0,0.0006164930308863914,0.0,-0.00031701280296270943,0.0,-1.710426954186312e-05,0.0,-3.6838868075230156e-05,0.0,-9.52601105174037e-06,0.0,-1.0399798822590635e-05,0.0,-2.5398654993432267e-05,0.0,-3.026488678230226e-05,0.0,-0.0003170128029627096,0.0,0.0006134260825630694,0.0,-1.6272503810379516e-05,0.0,-3.650729045209238e-05,0.0,-3.650729045209241e-05,0.0,-3.683886807523017e-05,0.0,-3.04048979882578e-05,0.0,-2.8227763445346752e-05,0.0,-1.7104269541863117e-05,0.0,-1.6272503810379523e-05,0.0,0.0003840185136683792,0.0,-4.942835077507047e-05,0.0,-1.6272503810379516e-05,0.0,-1.7104269541863134e-05,0.0,-2.8227763445346766e-05,0.0,-3.0404897988257777e-05,0.0,-3.683886807523017e-05,0.0,-3.650729045209239e-05,0.0,-4.9428350775070484e-05,0.0,0.0003840185136683793
60698766.88856719,0.0,0.0006386490022448611,0.0,-0.00033004776951290645,0.0,-3.150932165422518e-05,0.0,-2.644299962294031e-05,0.0,-1.082741886983898e-05,0.0,-9.917702599386962e-06,0.0,-3.800840114993802e-05,0.0,-1.6941598373355913e-05,0.0,-0.0003300477695129066,0.0,0.0006418420576794167,0.0,-3.699497142699517e-05,0.0,-3.066963304817848e-05,0.0,-1.1894228498443972e-05,0.0,-1.0827418869838984e-05,0.0,-3.8353612617469506e-05,0.0,-1.7807564737704047e-05,0.0,-3.150932165422517e-05,0.0,-3.6994971426995165e-05,0.0,0.0006480522093473954,0.0,-0.00032235963625241006,0.0,-3.066963304817847e-05,0.0,-2.6442999622940313e-05,0.0,-3.165508985601562e-05,0.0,-2.9388435660658723e-05,0.0,-2.644299962294028e-05,0.0,-3.066963304817845e-05,0.0,-0.0003223596362524101,0.0,0.0006480522093473954,0.0,-3.6994971426995185e-05,0.0,-3.150932165422513e-05,0.0,-2.9388435660658706e-05,0.0,-3.16550898560156e-05,0.0,-1.0827418869838982e-05,0.0,-1.1894228498443973e-05,0.0,-3.066963304817849e-05,0.0,-3.699497142699516e-05,0.0,0.0006418420576794167,0.0,-0.00033004776951290693,0.0,-1.780756473770406e-05,0.0,-3.835361261746952e-05,0.0,-9.917702599386955e-06,0.0,-1.0827418869838979e-05,0.0,-2.6442999622940286e-05,0.0,-3.150932165422518e-05,0.0,-0.00033004776951290666,0.0,0.0006386490022448611,0.0,-1.6941598373355916e-05,0.0,-3.800840114993802e-05,0.0,-3.8008401149938014e-05,0.0,-3.835361261746948e-05,0.0,-3.165508985601562e-05,0.0,-2.9388435660658686e-05,0.0,-1.780756473770405e-05,0.0,-1.6941598373355906e-05,0.0,0.00039980862824275055,0.0,-5.146075102188404e-05,0.0,-1.6941598373355923e-05,0.0,-1.7807564737704043e-05,0.0,-2.9388435660658713e-05,0.0,-3.165508985601563e-05,0.0,-3.835361261746948e-05,0.0,-3.800840114993804e-05,0.0,-5.146075102188401e-05,0.0,0.0003998086282427505
63194585.318095274,0.0,0.0006649090406527035,0.0,-0.0003436187092205814,0.0,-3.280492533314202e-05,0.0,-2.7530285727320224e-05,0.0,-1.1272621844211992e-05,0.0,-1.0325499762244838e-05,0.0,-3.957123467901224e-05,0.0,-1.763820483858295e-05,0.0,-0.0003436187092205815,0.0,0.0006682333884842645,0.0,-3.85161346436527e-05,0.0,-3.1930710320621835e-05,0.0,-1.2383296665939585e-05,0.0,-1.1272621844211999e-05,0.0,-3.993064058881848e-05,0.0,-1.853977810109855e-05,0.0,-3.280492533314202e-05,0.0,-3.8516134643652695e-05,0.0,0.0006746988898368846,0.0,-0.0003356144544692571,0.0,-3.193071032062179e-05,0.0,-2.7530285727320255e-05,0.0,-3.2956687247541754e-05,0.0,-3.0596832521035254e-05,0.0,-2.7530285727320255e-05,0.0,-3.19307103206218e-05,0.0,-0.00033561445446925723,0.0,0.0006746988898368842,0.0,-3.8516134643652695e-05,0.0,-3.280492533314199e-05,0.0,-3.0596832521035234e-05,0.0,-3.295668724754175e-05,0.0,-1.1272621844211996e-05,0.0,-1.2383296665939573e-05,0.0,-3.1930710320621815e-05,0.0,-3.8516134643652674e-05,0.0,0.0006682333884842644,0.0,-0.0003436187092205815,0.0,-1.8539778101098547e-05,0.0,-3.993064058881849e-05,0.0,-1.0325499762244828e-05,0.0,-1.1272621844212003e-05,0.0,-2.753028572732027e-05,0.0,-3.280492533314204e-05,0.0,-0.0003436187092205815,0.0,0.0006649090406527036,0.0,-1.7638204838582947e-05,0.0,-3.957123467901223e-05,0.0,-3.957123467901226e-05,0.0,-3.993064058881846e-05,0.0,-3.295668724754175e-05,0.0,-3.0596832521035234e-05,0.0,-1.8539778101098547e-05,0.0,-1.7638204838582937e-05,0.0,0.0004162480024475756,0.0,-5.357671972077971e-05,0.0,-1.763820483858294e-05,0.0,-1.8539778101098554e-05,0.0,-3.0596832521035254e-05,0.0,-3.295668724754174e-05,0.0,-3.9930640588818466e-05,0.0,-3.9571234679012244e-05,0.0,-5.357671972077966e-05,0.0,0.00041624800244757565
65793027.07841702,0.0,0.0006922488421459928,0.0,-0.0003577476602877063,0.0,-3.415380178356578e-05,0.0,-2.86622789787575e-05,0.0,-1.1736130722399513e-05,0.0,-1.0750064772733586e-05,0.0,-4.119832896533227e-05,0.0,-1.836345444341831e-05,0.0,-0.0003577476602877063,0.0,0.0006957098808694692,0.0,-4.009984521316542e-05,0.0,-3.324364070407479e-05,0.0,-1.289247439098141e-05,0.0,-1.1736130722399504e-05,0.0,-4.157251296601839e-05,0.0,-1.930209869237234e-05,0.0,-3.415380178356577e-05,0.0,-4.009984521316544e-05,0.0,0.0007024412314025451,0.0,-0.0003494142857280724,0.0,-3.324364070407481e-05,0.0,-2.866227897875747e-05,0.0,-3.4311803860694905e-05,0.0,-3.1854916373568434e-05,0.0,-2.86622789787575e-05,0.0,-3.3243640704074796e-05,0.0,-0.0003494142857280724,0.0,0.000702441231402545,0.0,-4.009984521316543e-05,0.0,-3.415380178356576e-05,0.0,-3.185491637356844e-05,0.0,-3.431180386069491e-05,0.0,-1.173613072239952e-05,0.0,-1.2892474390981409e-05,0.0,-3.32436407040748e-05,0.0,-4.009984521316543e-05,0.0,0.000695709880869469,0.0,-0.0003577476602877062,0.0,-1.9302098692372355e-05,0.0,-4.157251296601838e-05,0.0,-1.0750064772733574e-05,0.0,-1.1736130722399525e-05,0.0,-2.866227897875752e-05,0.0,-3.4153801783565745e-05,0.0,-0.0003577476602877062,0.0,0.0006922488421459928,0.0,-1.8363454443418298e-05,0.0,-4.11983289653323e-05,0.0,-4.119832896533231e-05,0.0,-4.157251296601838e-05,0.0,-3.43118038606949e-05,0.0,-3.1854916373568455e-05,0.0,-1.9302098692372348e-05,0.0,-1.8363454443418304e-05,0.0,0.00043336333261021496,0.0,-5.5779693048364224e-05,0.0,-1.8363454443418304e-05,0.0,-1.930209869237235e-05,0.0,-3.185491637356846e-05,0.0,-3.431180386069491e-05,0.0,-4.157251296601837e-05,0.0,-4.1198328965332284e-05,0.0,-5.577969304836421e-05,0.0,0.00043336333261021506
68498311.84669265,0.0,0.0007207128045394838,0.0,-0.000372457567085414,0.0,-3.5558141481048605e-05,0.0,-2.9840817650536235e-05,0.0,-1.2218698208524716e-05,0.0,-1.1192087093016708e-05,0.0,-4.2892326289630564e-05,0.0,-1.9118524939559075e-05,0.0,-0.0003724575670854141,0.0,0.0007243161546256804,0.0,-4.174867496431962e-05,0.0,-3.461055630033655e-05,0.0,-1.3422588540520936e-05,0.0,-1.2218698208524707e-05,0.0,-4.328189602832778e-05,0.0,-2.0095764463761638e-05,0.0,-3.555814148104862e-05,0.0,-4.174867496431962e-05,0.0,0.0007313242855544262,0.0,-0.00036378153993377155,0.0,-3.461055630033656e-05,0.0,-2.9840817650536235e-05,0.0,-3.572264030458988e-05,0.0,-3.31647302533493e-05,0.0,-2.984081765053622e-05,0.0,-3.461055630033656e-05,0.0,-0.0003637815399337716,0.0,0.0007313242855544257,0.0,-4.1748674964319625e-05,0.0,-3.5558141481048605e-05,0.0,-3.316473025334931e-05,0.0,-3.572264030458988e-05,0.0,-1.221869820852471e-05,0.0,-1.342258854052095e-05,0.0,-3.46105563003366e-05,0.0,-4.174867496431961e-05,0.0,0.0007243161546256806,0.0,-0.00037245756708541403,0.0,-2.0095764463761638e-05,0.0,-4.32818960283278e-05,0.0,-1.1192087093016708e-05,0.0,-1.2218698208524714e-05,0.0,-2.9840817650536225e-05,0.0,-3.555814148104862e-05,0.0,-0.00037245756708541403,0.0,0.0007207128045394838,0.0,-1.9118524939559054e-05,0.0,-4.2892326289630564e-05,0.0,-4.2892326289630584e-05,0.0,-4.328189602832781e-05,0.0,-3.572264030458987e-05,0.0,-3.3164730253349316e-05,0.0,-2.0095764463761638e-05,0.0,-1.9118524939559075e-05,0.0,0.0004511824127604909,0.0,-5.8073248470323693e-05,0.0,-1.9118524939559058e-05,0.0,-2.0095764463761638e-05,0.0,-3.3164730253349337e-05,0.0,-3.5722640304589855e-05,0.0,-4.3281896028327796e-05,0.0,-4.289232628963056e-05,0.0,-5.807324847032368e-05,0.0,0.00045118241276049083
71314832.80522202,0.0,0.000750347151202057,0.0,-0.0003877723174139592,0.0,-3.7020224969352305e-05,0.0,-3.106781560225943e-05,0.0,-1.2721107956479938e-05,0.0,-1.1652284534637164e-05,0.0,-4.4655977578222973e-05,0.0,-1.9904642505623342e-05,0.0,-0.00038777231741395925,0.0,0.0007540986642249026,0.0,-4.3465301474634324e-05,0.0,-3.603367687919746e-05,0.0,-1.3974499980713883e-05,0.0,-1.2721107956479924e-05,0.0,-4.5061565687362764e-05,0.0,-2.092206426975587e-05,0.0,-3.702022496935226e-05,0.0,-4.346530147463434e-05,0.0,0.0007613949562354146,0.0,-0.0003787395484441526,0.0,-3.603367687919746e-05,0.0,-3.106781560225941e-05,0.0,-3.7191487673223835e-05,0.0,-3.452840120120557e-05,0.0,-3.106781560225944e-05,0.0,-3.603367687919746e-05,0.0,-0.00037873954844415257,0.0,0.0007613949562354145,0.0,-4.3465301474634324e-05,0.0,-3.7020224969352305e-05,0.0,-3.4528401201205564e-05,0.0,-3.719148767322382e-05,0.0,-1.2721107956479941e-05,0.0,-1.3974499980713886e-05,0.0,-3.603367687919748e-05,0.0,-4.3465301474634344e-05,0.0,0.0007540986642249028,0.0,-0.00038777231741395925,0.0,-2.0922064269755862e-05,0.0,-4.506156568736276e-05,0.0,-1.165228453463714e-05,0.0,-1.2721107956479938e-05,0.0,-3.1067815602259415e-05,0.0,-3.702022496935229e-05,0.0,-0.00038777231741395914,0.0,0.0007503471512020569,0.0,-1.9904642505623352e-05,0.0,-4.4655977578222973e-05,0.0,-4.465597757822296e-05,0.0,-4.506156568736276e-05,0.0,-3.7191487673223835e-05,0.0,-3.452840120120555e-05,0.0,-2.0922064269755866e-05,0.0,-1.9904642505623356e-05,0.0,0.0004697341797661346,0.0,-6.0461110550963365e-05,0.0,-1.990464250562336e-05,0.0,-2.0922064269755862e-05,0.0,-3.452840120120555e-05,0.0,-3.719148767322384e-05,0.0,-4.506156568736275e-05,0.0,-4.465597757822298e-05,0.0,-6.046111055096338e-05,0.0,0.0004697341797661347
74247163.77564758,0.0,0.0007812000061200493,0.0,-0.00040371678129473803,0.0,-3.854242656388236e-05,0.0,-3.234526538781518e-05,0.0,-1.3244175842522591e-05,0.0,-1.2131404424190142e-05,0.0,-4.649214687030977e-05,0.0,-2.0723083738373665e-05,0.0,-0.0004037167812947381,0.0,0.0007851057742591187,0.0,-4.525251241854924e-05,0.0,-3.751531348318093e-05,0.0,-1.454910497490324e-05,0.0,-1.3244175842522596e-05,0.0,-4.691441199497193e-05,0.0,-2.1782339960102094e-05,0.0,-3.8542426563882366e-05,0.0,-4.525251241854924e-05,0.0,0.0007927020759897703,0.0,-0.00039431260195829415,0.0,-3.751531348318093e-05,0.0,-3.234526538781515e-05,0.0,-3.872073126604354e-05,0.0,-3.59481437178586e-05,0.0,-3.234526538781515e-05,0.0,-3.7515313483180924e-05,0.0,-0.00039431260195829415,0.0,0.00079270207598977,0.0,-4.5252512418549215e-05,0.0,-3.8542426563882345e-05,0.0,-3.594814371785856e-05,0.0,-3.87207312660435e-05,0.0,-1.32441758425226e-05,0.0,-1.4549104974903237e-05,0.0,-3.751531348318093e-05,0.0,-4.525251241854924e-05,0.0,0.0007851057742591187,0.0,-0.0004037167812947381,0.0,-2.1782339960102108e-05,0.0,-4.69144119949719e-05,0.0,-1.2131404424190129e-05,0.0,-1.3244175842522596e-05,0.0,-3.234526538781519e-05,0.0,-3.854242656388235e-05,0.0,-0.0004037167812947381,0.0,0.0007812000061200493,0.0,-2.0723083738373665e-05,0.0,-4.649214687030976e-05,0.0,-4.649214687030978e-05,0.0,-4.691441199497189e-05,0.0,-3.872073126604354e-05,0.0,-3.594814371785856e-05,0.0,-2.17823399601021e-05,0.0,-2.072308373837367e-05,0.0,0.0004890487603241195,0.0,-6.294715700162449e-05,0.0,-2.0723083738373665e-05,0.0,-2.178233996010211e-05,0.0,-3.594814371785857e-05,0.0,-3.872073126604354e-05,0.0,-4.691441199497191e-05,0.0,-4.649214687030977e-05,0.0,-6.294715700162453e-05,0.0,0.0004890487603241195
77300066.64650236,0.0,0.0008133214720470466,0.0,-0.00042031685135736336,0.0,-4.01272182074007e-05,0.0,-3.3675241491136806e-05,0.0,-1.3788751290197872e-05,0.0,-1.2630224816926239e-05,0.0,-4.8403815968963265e-05,0.0,-2.1575177725815594e-05,0.0,-0.0004203168513573633,0.0,0.0008173878379808103,0.0,-4.711321009440165e-05,0.0,-3.905787218050568e-05,0.0,-1.514733663908456e-05,0.0,-1.3788751290197869e-05,0.0,-4.8843443836466874e-05,0.0,-2.2677988558869736e-05,0.0,-4.0127218207400707e-05,0.0,-4.7113210094401634e-05,0.0,0.0008252964852635621,0.0,-0.00041052598996285417,0.0,-3.905787218050566e-05,0.0,-3.3675241491136806e-05,0.0,-4.031285446149512e-05,0.0,-3.7426263360108736e-05,0.0,-3.367524149113681e-05,0.0,-3.905787218050567e-05,0.0,-0.0004105259899628543,0.0,0.0008252964852635617,0.0,-4.711321009440162e-05,0.0,-4.0127218207400707e-05,0.0,-3.742626336010875e-05,0.0,-4.0312854461495126e-05,0.0,-1.3788751290197877e-05,0.0,-1.5147336639084561e-05,0.0,-3.9057872180505656e-05,0.0,-4.71132100944016e-05,0.0,0.0008173878379808101,0.0,-0.00042031685135736325,0.0,-2.2677988558869753e-05,0.0,-4.884344383646684e-05,0.0,-1.2630224816926239e-05,0.0,-1.378875129019787e-05,0.0,-3.367524149113684e-05,0.0,-4.012721820740076e-05,0.0,-0.0004203168513573632,0.0,0.0008133214720470467,0.0,-2.1575177725815594e-05,0.0,-4.840381596896329e-05,0.0,-4.840381596896328e-05,0.0,-4.884344383646684e-05,0.0,-4.031285446149516e-05,0.0,-3.742626336010873e-05,0.0,-2.267798855886975e-05,0.0,-2.1575177725815587e-05,0.0,0.0005091575198841874,0.0,-6.553542497780054e-05,0.0,-2.1575177725815577e-05,0.0,-2.2677988558869753e-05,0.0,-3.742626336010875e-05,0.0,-4.0312854461495126e-05,0.0,-4.8843443836466826e-05,0.0,-4.8403815968963265e-05,0.0,-6.553542497780057e-05,0.0,0.0005091575198841873
80478499.10616454,0.0,0.0008467637118670497,0.0,-0.0004375994848873783,0.0,-4.177717348427784e-05,0.0,-3.5059903695011324e-05,0.0,-1.4355718649739688e-05,0.0,-1.314955576025558e-05,0.0,-5.0394089283355414e-05,0.0,-2.2462308205538344e-05,0.0,-0.0004375994848873784,0.0,0.0008509972790729138,0.0,-4.905041613754424e-05,0.0,-4.066385797236236e-05,0.0,-1.5770166457217377e-05,0.0,-1.4355718649739676e-05,0.0,-5.0851793816829224e-05,0.0,-2.361046453311424e-05,0.0,-4.1777173484277884e-05,0.0,-4.905041613754422e-05,0.0,0.0008592311149657929,0.0,-0.0004274060418003247,0.0,-4.0663857972362345e-05,0.0,-3.505990369501134e-05,0.0,-4.197044274984689e-05,0.0,-3.8965160484889094e-05,0.0,-3.505990369501134e-05,0.0,-4.066385797236235e-05,0.0,-0.0004274060418003247,0.0,0.0008592311149657925,0.0,-4.905041613754421e-05,0.0,-4.1777173484277836e-05,0.0,-3.896516048488912e-05,0.0,-4.197044274984694e-05,0.0,-1.4355718649739685e-05,0.0,-1.577016645721739e-05,0.0,-4.066385797236235e-05,0.0,-4.905041613754422e-05,0.0,0.0008509972790729136,0.0,-0.0004375994848873785,0.0,-2.361046453311422e-05,0.0,-5.08517938168292e-05,0.0,-1.3149555760255586e-05,0.0,-1.4355718649739695e-05,0.0,-3.5059903695011344e-05,0.0,-4.1777173484277836e-05,0.0,-0.0004375994848873784,0.0,0.0008467637118670498,0.0,-2.2462308205538344e-05,0.0,-5.039408928335542e-05,0.0,-5.039408928335543e-05,0.0,-5.0851793816829224e-05,0.0,-4.19704427498469e-05,0.0,-3.8965160484889115e-05,0.0,-2.361046453311421e-05,0.0,-2.2462308205538354e-05,0.0,0.0005300931135840179,0.0,-6.823011763517904e-05,0.0,-2.246230820553835e-05,0.0,-2.3610464533114224e-05,0.0,-3.896516048488913e-05,0.0,-4.197044274984688e-05,0.0,-5.085179381682921e-05,0.0,-5.0394089283355414e-05,0.0,-6.823011763517901e-05,0.0,0.0005300931135840179
83787622.69377664,0.0,0.0008815810333031375,0.0,-0.0004555927476028955,0.0,-4.3494971799803315e-05,0.0,-3.650150058840674e-05,0.0,-1.4945998634190063e-05,0.0,-1.3690240609204884e-05,0.0,-5.2466198870088585e-05,0.0,-2.33859158118023e-05,0.0,-0.00045559274760289555,0.0,0.0008859886767810028,0.0,-5.106727642725738e-05,0.0,-4.2335878860850096e-05,0.0,-1.641860585884323e-05,0.0,-1.4945998634190058e-05,0.0,-5.2942723347829486e-05,0.0,-2.458128215482385e-05,0.0,-4.3494971799803356e-05,0.0,-5.106727642725734e-05,0.0,0.0008945610724242782,0.0,-0.0004449801694259359,0.0,-4.23358788608501e-05,0.0,-3.650150058840676e-05,0.0,-4.3696187931834296e-05,0.0,-4.056733414726749e-05,0.0,-3.650150058840671e-05,0.0,-4.233587886085013e-05,0.0,-0.0004449801694259361,0.0,0.0008945610724242777,0.0,-5.106727642725732e-05,0.0,-4.349497179980328e-05,0.0,-4.05673341472675e-05,0.0,-4.3696187931834336e-05,0.0,-1.4945998634190061e-05,0.0,-1.6418605858843222e-05,0.0,-4.233587886085015e-05,0.0,-5.1067276427257356e-05,0.0,0.0008859886767810025,0.0,-0.0004555927476028955,0.0,-2.4581282154823842e-05,0.0,-5.294272334782943e-05,0.0,-1.369024060920487e-05,0.0,-1.4945998634190066e-05,0.0,-3.650150058840675e-05,0.0,-4.349497179980328e-05,0.0,-0.0004555927476028955,0.0,0.0008815810333031376,0.0,-2.3385915811802286e-05,0.0,-5.24661988700886e-05,0.0,-5.2466198870088585e-05,0.0,-5.2942723347829465e-05,0.0,-4.369618793183431e-05,0.0,-4.056733414726747e-05,0.0,-2.458128215482384e-05,0.0,-2.3385915811802306e-05,0.0,0.0005518895392787566,0.0,-7.103561095525541e-05,0.0,-2.3385915811802303e-05,0.0,-2.4581282154823835e-05,0.0,-4.05673341472675e-05,0.0,-4.369618793183429e-05,0.0,-5.294272334782946e-05,0.0,-5.246619887008859e-05,0.0,-7.103561095525541e-05,0.0,0.0005518895392787567
87232811.1812031,0.0,0.0009178299771091906,0.0,-0.0004743258592312442,0.0,-4.528340273134175e-05,0.0,-3.8002373218014205e-05,0.0,-1.556054981456897e-05,0.0,-1.425315739596357e-05,0.0,-5.4623509681816414e-05,0.0,-2.4347500415022322e-05,0.0,-0.0004743258592312442,0.0,0.000922418854545944,0.0,-5.3167066195424163e-05,0.0,-4.4076650084179206e-05,0.0,-1.7093707861572337e-05,0.0,-1.5560549814568965e-05,0.0,-5.511962794431822e-05,0.0,-2.5592017959985578e-05,0.0,-4.528340273134173e-05,0.0,-5.316706619542417e-05,0.0,0.0009313437308758693,0.0,-0.000463276911922643,0.0,-4.407665008417922e-05,0.0,-3.800237321801423e-05,0.0,-4.549289248994514e-05,0.0,-4.2235386158726785e-05,0.0,-3.8002373218014205e-05,0.0,-4.407665008417919e-05,0.0,-0.00046327691192264345,0.0,0.0009313437308758691,0.0,-5.316706619542415e-05,0.0,-4.5283402731341724e-05,0.0,-4.2235386158726785e-05,0.0,-4.549289248994514e-05,0.0,-1.5560549814568978e-05,0.0,-1.7093707861572327e-05,0.0,-4.407665008417924e-05,0.0,-5.316706619542415e-05,0.0,0.0009224188545459438,0.0,-0.0004743258592312442,0.0,-2.5592017959985565e-05,0.0,-5.511962794431821e-05,0.0,-1.4253157395963554e-05,0.0,-1.556054981456898e-05,0.0,-3.8002373218014226e-05,0.0,-4.528340273134168e-05,0.0,-0.00047432585923124415,0.0,0.0009178299771091906,0.0,-2.4347500415022326e-05,0.0,-5.4623509681816414e-05,0.0,-5.462350968181644e-05,0.0,-5.51196279443182e-05,0.0,-4.549289248994513e-05,0.0,-4.2235386158726785e-05,0.0,-2.559201795998556e-05,0.0,-2.4347500415022333e-05,0.0,0.0005745821927510157,0.0,-7.395646085160328e-05,0.0,-2.4347500415022326e-05,0.0,-2.559201795998556e-05,0.0,-4.223538615872682e-05,0.0,-4.549289248994513e-05,0.0,-5.51196279443182e-05,0.0,-5.462350968181642e-05,0.0,-7.395646085160327e-05,0.0,0.0005745821927510157
90819659.29963824,0.0,0.0009555694088878934,0.0,-0.0004938292409596475,0.0,-4.7145370558400076e-05,0.0,-3.956495888993484e-05,0.0,-1.6200370176522753e-05,0.0,-1.48392202557432e-05,0.0,-5.6869525031677836e-05,0.0,-2.5348623557446534e-05,0.0,-0.0004938292409596474,0.0,0.0009603469722809616,0.0,-5.53531953452648e-05,0.0,-4.588899852601675e-05,0.0,-1.7796568781106392e-05,0.0,-1.6200370176522733e-05,0.0,-5.7386042738291106e-05,0.0,-2.6644313308762666e-05,0.0,-4.7145370558400056e-05,0.0,-5.535319534526482e-05,0.0,0.0009696388226363462,0.0,-0.00048232598184648685,0.0,-4.5888998526016746e-05,0.0,-3.956495888993482e-05,0.0,-4.73634741394437e-05,0.0,-4.3972025312314594e-05,0.0,-3.956495888993482e-05,0.0,-4.5888998526016746e-05,0.0,-0.00048232598184648706,0.0,0.0009696388226363454,0.0,-5.535319534526481e-05,0.0,-4.714537055840005e-05,0.0,-4.397202531231463e-05,0.0,-4.7363474139443724e-05,0.0,-1.620037017652275e-05,0.0,-1.7796568781106375e-05,0.0,-4.588899852601681e-05,0.0,-5.53531953452648e-05,0.0,0.0009603469722809615,0.0,-0.0004938292409596473,0.0,-2.6644313308762683e-05,0.0,-5.7386042738291085e-05,0.0,-1.483922025574319e-05,0.0,-1.6200370176522767e-05,0.0,-3.956495888993484e-05,0.0,-4.7145370558400035e-05,0.0,-0.0004938292409596474,0.0,0.0009555694088878932,0.0,-2.5348623557446507e-05,0.0,-5.6869525031677856e-05,0.0,-5.6869525031677884e-05,0.0,-5.73860427382911e-05,0.0,-4.7363474139443724e-05,0.0,-4.397202531231461e-05,0.0,-2.664431330876267e-05,0.0,-2.534862355744652e-05,0.0,0.0005982079251910063,0.0,-7.69974105683408e-05,0.0,-2.5348623557446514e-05,0.0,-2.664431330876268e-05,0.0,-4.3972025312314634e-05,0.0,-4.73634741394437e-05,0.0,-5.738604273829111e-05,0.0,-5.6869525031677856e-05,0.0,-7.699741056834077e-05,0.0,0.0005982079251910063
94553991.82503611,0.0,0.0009948606146841202,0.0,-0.00051413456483698,0.0,-4.908389897896273e-05,0.0,-4.119179512768431e-05,0.0,-1.6866498740979015e-05,0.0,-1.5449380911265323e-05,0.0,-5.920789228241875e-05,0.0,-2.639091098898522e-05,0.0,-0.00051413456483698,0.0,0.0009998346224429615,0.0,-5.7629213988767325e-05,0.0,-4.777586730613698e-05,0.0,-1.852833001157416e-05,0.0,-1.6866498740979018e-05,0.0,-5.974564821968195e-05,0.0,-2.7739877050942454e-05,0.0,-4.9083898978962734e-05,0.0,-5.7629213988767346e-05,0.0,0.0010095085361012785,0.0,-0.0005021583134775855,0.0,-4.777586730613694e-05,0.0,-4.11917951276843e-05,0.0,-4.9310970566524774e-05,0.0,-4.5780071781522734e-05,0.0,-4.11917951276843e-05,0.0,-4.777586730613694e-05,0.0,-0.0005021583134775854,0.0,0.0010095085361012787,0.0,-5.7629213988767325e-05,0.0,-4.9083898978962754e-05,0.0,-4.578007178152271e-05,0.0,-4.931097056652473e-05,0.0,-1.686649874097899e-05,0.0,-1.852833001157413e-05,0.0,-4.777586730613691e-05,0.0,-5.762921398876734e-05,0.0,0.0009998346224429615,0.0,-0.0005141345648369801,0.0,-2.7739877050942468e-05,0.0,-5.974564821968192e-05,0.0,-1.5449380911265343e-05,0.0,-1.6866498740979035e-05,0.0,-4.119179512768434e-05,0.0,-4.908389897896275e-05,0.0,-0.00051413456483698,0.0,0.0009948606146841202,0.0,-2.6390910988985206e-05,0.0,-5.920789228241877e-05,0.0,-5.9207892282418793e-05,0.0,-5.974564821968193e-05,0.0,-4.9310970566524774e-05,0.0,-4.5780071781522734e-05,0.0,-2.7739877050942448e-05,0.0,-2.639091098898521e-05,0.0,0.0006228051030401467,0.0,-8.016339838280854e-05,0.0,-2.6390910988985206e-05,0.0,-2.7739877050942444e-05,0.0,-4.578007178152272e-05,0.0,-4.9310970566524774e-05,0.0,-5.974564821968193e-05,0.0,-5.9207892282418793e-05,0.0,-8.016339838280854e-05,0.0,0.0006228051030401467
98441873.03711429,0.0,0.0010357674005089233,0.0,-0.0005352748052068254,0.0,-5.110213601975284e-05,0.0,-4.288552379294301e-05,0.0,-1.756001725143952e-05,0.0,-1.6084630218288706e-05,0.0,-6.164240876943843e-05,0.0,-2.7476055307308252e-05,0.0,-0.0005352748052068254,0.0,0.001040945930054112,0.0,-5.9998818211805936e-05,0.0,-4.974032055982903e-05,0.0,-1.929017987907077e-05,0.0,-1.7560017251439522e-05,0.0,-6.220227621320499e-05,0.0,-2.8880488300981312e-05,0.0,-5.110213601975284e-05,0.0,-5.999881821180592e-05,0.0,0.001051017616735371,0.0,-0.0005228061130551112,0.0,-4.974032055982903e-05,0.0,-4.2885523792942925e-05,0.0,-5.133854436129045e-05,0.0,-4.766246170003957e-05,0.0,-4.288552379294302e-05,0.0,-4.974032055982905e-05,0.0,-0.0005228061130551113,0.0,0.0010510176167353707,0.0,-5.9998818211805936e-05,0.0,-5.1102136019752813e-05,0.0,-4.7662461700039574e-05,0.0,-5.133854436129044e-05,0.0,-1.756001725143947e-05,0.0,-1.9290179879070847e-05,0.0,-4.9740320559829096e-05,0.0,-5.999881821180596e-05,0.0,0.0010409459300541118,0.0,-0.0005352748052068254,0.0,-2.8880488300981272e-05,0.0,-6.220227621320488e-05,0.0,-1.6084630218288726e-05,0.0,-1.7560017251439448e-05,0.0,-4.2885523792943e-05,0.0,-5.1102136019752854e-05,0.0,-0.0005352748052068254,0.0,0.0010357674005089233,0.0,-2.7476055307308327e-05,0.0,-6.164240876943841e-05,0.0,-6.164240876943836e-05,0.0,-6.220227621320491e-05,0.0,-5.133854436129051e-05,0.0,-4.766246170003963e-05,0.0,-2.8880488300981302e-05,0.0,-2.7476055307308262e-05,0.0,0.0006484136702953165,0.0,-8.345956562496553e-05,0.0,-2.7476055307308293e-05,0.0,-2.8880488300981312e-05,0.0,-4.7662461700039554e-05,0.0,-5.133854436129044e-05,0.0,-6.2202276213205e-05,0.0,-6.16424087694384e-05,0.0,-8.345956562496553e-05,0.0,0.0006484136702953167
102489616.56729746,0.0,0.0010783561959557954,0.0,-0.0005572842922553819,0.0,-5.320335914839554e-05,0.0,-4.464889537574451e-05,0.0,-1.8282051930651872e-05,0.0,-1.6745999774685897e-05,0.0,-6.417702796738204e-05,0.0,-2.8605818706499003e-05,0.0,-0.0005572842922553819,0.0,0.0010837476568361542,0.0,-6.246585607631213e-05,0.0,-5.1785548413827506e-05,0.0,-2.0083355571412013e-05,0.0,-1.8282051930651886e-05,0.0,-6.475991610095616e-05,0.0,-3.0067999327155632e-05,0.0,-5.320335914839556e-05,0.0,-6.246585607631215e-05,0.0,0.001094233472214321,0.0,-0.000544302911077851,0.0,-5.178554841382753e-05,0.0,-4.464889537574447e-05,0.0,-5.344948815356357e-05,0.0,-4.962225192981511e-05,0.0,-4.464889537574445e-05,0.0,-5.1785548413827486e-05,0.0,-0.000544302911077851,0.0,0.001094233472214321,0.0,-6.246585607631211e-05,0.0,-5.320335914839556e-05,0.0,-4.962225192981512e-05,0.0,-5.3449488153563574e-05,0.0,-1.8282051930651875e-05,0.0,-2.008335557141201e-05,0.0,-5.178554841382751e-05,0.0,-6.24658560763121e-05,0.0,0.0010837476568361542,0.0,-0.0005572842922553819,0.0,-3.0067999327155673e-05,0.0,-6.47599161009562e-05,0.0,-1.674599977468592e-05,0.0,-1.8282051930651882e-05,0.0,-4.464889537574447e-05,0.0,-5.3203359148395586e-05,0.0,-0.0005572842922553819,0.0,0.0010783561959557954,0.0,-2.8605818706498986e-05,0.0,-6.417702796738201e-05,0.0,-6.417702796738204e-05,0.0,-6.47599161009562e-05,0.0,-5.344948815356357e-05,0.0,-4.962225192981511e-05,0.0,-3.0067999327155642e-05,0.0,-2.8605818706498986e-05,0.0,0.0006750752133749637,0.0,-8.689126502652994e-05,0.0,-2.8605818706498986e-05,0.0,-3.0067999327155656e-05,0.0,-4.9622251929815144e-05,0.0,-5.3449488153563554e-05,0.0,-6.47599161009562e-05,0.0,-6.4177027967382e-05,0.0,-8.689126502652997e-05,0.0,0.0006750752133749636
106703795.65158638,0.0,0.0011226961620774008,0.0,-0.0005801987677611349,0.0,-5.539098059578245e-05,0.0,-4.648477346106758e-05,0.0,-1.9033775309511923e-05,0.0,-1.7434563595681866e-05,0.0,-6.681586591029086e-05,0.0,-2.978203583872656e-05,0.0,-0.0005801987677611349,0.0,0.0011283093096264847,0.0,-6.503433386924197e-05,0.0,-5.391487216684094e-05,0.0,-2.0909145147235098e-05,0.0,-1.903377530951194e-05,0.0,-6.74227213008738e-05,0.0,-3.1304338559508117e-05,0.0,-5.539098059578241e-05,0.0,-6.503433386924195e-05,0.0,0.00113922628188989,0.0,-0.000566683616755247,0.0,-5.391487216684087e-05,0.0,-4.6484773461067543e-05,0.0,-5.56472299598742e-05,0.0,-5.16626250251777e-05,0.0,-4.648477346106761e-05,0.0,-5.391487216684092e-05,0.0,-0.000566683616755247,0.0,0.0011392262818898905,0.0,-6.503433386924195e-05,0.0,-5.539098059578245e-05,0.0,-5.166262502517768e-05,0.0,-5.5647229959874186e-05,0.0,-1.9033775309511906e-05,0.0,-2.090914514723515e-05,0.0,-5.391487216684095e-05,0.0,-6.503433386924197e-05,0.0,0.0011283093096264847,0.0,-0.0005801987677611351,0.0,-3.130433855950809e-05,0.0,-6.742272130087368e-05,0.0,-1.7434563595681862e-05,0.0,-1.9033775309511886e-05,0.0,-4.648477346106758e-05,0.0,-5.539098059578248e-05,0.0,-0.0005801987677611347,0.0,0.0011226961620774008,0.0,-2.9782035838726596e-05,0.0,-6.681586591029096e-05,0.0,-6.681586591029089e-05,0.0,-6.742272130087369e-05,0.0,-5.5647229959874254e-05,0.0,-5.166262502517772e-05,0.0,-3.130433855950812e-05,0.0,-2.9782035838726562e-05,0.0,0.0007028330286523643,0.0,-9.046406941341898e-05,0.0,-2.978203583872657e-05,0.0,-3.130433855950812e-05,0.0,-5.1662625025177665e-05,0.0,-5.56472299598742e-05,0.0,-6.742272130087377e-05,0.0,-6.68158659102909e-05,0.0,-9.046406941341896e-05,0.0,0.0007028330286523643
111091253.80500712,0.0,0.001168859303698009,0.0,-0.0006040554431368663,0.0,-5.7668552897282114e-05,0.0,-4.8396139379086264e-05,0.0,-1.9816408131166898e-05,0.0,-1.815143985797508e-05,0.0,-6.956320787573687e-05,0.0,-3.100661679358547e-05,0.0,-0.0006040554431368664,0.0,0.0011747032532521224,0.0,-6.770842260848957e-05,0.0,-5.6131749683095626e-05,0.0,-2.1768889627711147e-05,0.0,-1.9816408131166874e-05,0.0,-7.019501601158144e-05,0.0,-3.25915137214754e-05,0.0,-5.766855289728211e-05,0.0,-6.770842260848962e-05,0.0,0.0011860691107559742,0.0,-0.000589984574697372,0.0,-5.613174968309565e-05,0.0,-4.8396139379086264e-05,0.0,-5.793533875030503e-05,0.0,-5.378689440106723e-05,0.0,-4.839613937908628e-05,0.0,-5.6131749683095626e-05,0.0,-0.0005899845746973723,0.0,0.0011860691107559742,0.0,-6.770842260848962e-05,0.0,-5.766855289728216e-05,0.0,-5.3786894401067175e-05,0.0,-5.7935338750304995e-05,0.0,-1.9816408131166854e-05,0.0,-2.1768889627711137e-05,0.0,-5.6131749683095606e-05,0.0,-6.770842260848954e-05,0.0,0.0011747032532521226,0.0,-0.0006040554431368663,0.0,-3.259151372147547e-05,0.0,-7.019501601158155e-05,0.0,-1.8151439857975092e-05,0.0,-1.9816408131166898e-05,0.0,-4.839613937908626e-05,0.0,-5.766855289728213e-05,0.0,-0.0006040554431368665,0.0,0.001168859303698009,0.0,-3.1006616793585445e-05,0.0,-6.956320787573678e-05,0.0,-6.956320787573682e-05,0.0,-7.019501601158151e-05,0.0,-5.793533875030496e-05,0.0,-5.3786894401067175e-05,0.0,-3.259151372147545e-05,0.0,-3.1006616793585445e-05,0.0,0.0007317321927657297,0.0,-9.418378075560511e-05,0.0,-3.100661679358546e-05,0.0,-3.259151372147542e-05,0.0,-5.378689440106721e-05,0.0,-5.7935338750304995e-05,0.0,-7.019501601158144e-05,0.0,-6.956320787573682e-05,0.0,-9.41837807556051e-05,0.0,0.0007317321927657296
115659115.9349731,0.0,0.0012169205863440064,0.0,-0.000628893059858232,0.0,-6.003977466179479e-05,0.0,-5.0386097046629666e-05,0.0,-2.063122133341221e-05,0.0,-1.8897792715573832e-05,0.0,-7.242351534379605e-05,0.0,-3.2281550199939745e-05,0.0,-0.0006288930598582325,0.0,0.00122300482804483,0.0,-7.049246481631207e-05,0.0,-5.843978100765165e-05,0.0,-2.2663985174263992e-05,0.0,-2.0631221333412233e-05,0.0,-7.308130223456775e-05,0.0,-3.393161509028264e-05,0.0,-6.0039774661794834e-05,0.0,-7.049246481631204e-05,0.0,0.0012348380281007579,0.0,-0.0006142436239358895,0.0,-5.843978100765153e-05,0.0,-5.0386097046629706e-05,0.0,-6.03175302442347e-05,0.0,-5.599850971377545e-05,0.0,-5.038609704662971e-05,0.0,-5.843978100765153e-05,0.0,-0.000614243623935889,0.0,0.0012348380281007587,0.0,-7.049246481631204e-05,0.0,-6.0039774661794814e-05,0.0,-5.599850971377545e-05,0.0,-6.03175302442347e-05,0.0,-2.063122133341226e-05,0.0,-2.2663985174263985e-05,0.0,-5.843978100765159e-05,0.0,-7.04924648163121e-05,0.0,0.0012230048280448302,0.0,-0.000628893059858232,0.0,-3.3931615090282606e-05,0.0,-7.308130223456775e-05,0.0,-1.8897792715573836e-05,0.0,-2.0631221333412206e-05,0.0,-5.038609704662968e-05,0.0,-6.0039774661794814e-05,0.0,-0.0006288930598582319,0.0,0.0012169205863440055,0.0,-3.2281550199939745e-05,0.0,-7.242351534379613e-05,0.0,-7.242351534379614e-05,0.0,-7.308130223456771e-05,0.0,-6.03175302442347e-05,0.0,-5.599850971377548e-05,0.0,-3.3931615090282606e-05,0.0,-3.2281550199939785e-05,0.0,0.0007618196358193329,0.0,-9.805643958908708e-05,0.0,-3.2281550199939745e-05,0.0,-3.39316150902826e-05,0.0,-5.599850971377542e-05,0.0,-6.031753024423473e-05,0.0,-7.308130223456772e-05,0.0,-7.24235153437961e-05,0.0,-9.805643958908711e-05,0.0,0.0007618196358193332
120414799.91160761,0.0,0.0012669580579823556,0.0,-0.0006547519523770541,0.0,-6.250849657801955e-05,0.0,-5.245787800771309e-05,0.0,-2.1479538112600424e-05,0.0,-1.9674834190296366e-05,0.0,-7.540143324216288e-05,0.0,-3.360890645530914e-05,0.0,-0.0006547519523770538,0.0,0.0012732924721882417,0.0,-7.339098157126367e-05,0.0,-6.0842714212608506e-05,0.0,-2.3595885355833118e-05,0.0,-2.147953811260039e-05,0.0,-7.608626708510244e-05,0.0,-3.5326818891398545e-05,0.0,-6.250849657801951e-05,0.0,-7.339098157126364e-05,0.0,0.0012856122310375975,0.0,-0.0006395001593718349,0.0,-6.084271421260853e-05,0.0,-5.245787800771306e-05,0.0,-6.279767294439116e-05,0.0,-5.830106246293304e-05,0.0,-5.245787800771311e-05,0.0,-6.084271421260857e-05,0.0,-0.0006395001593718353,0.0,0.0012856122310375964,0.0,-7.339098157126359e-05,0.0,-6.250849657801955e-05,0.0,-5.8301062462933077e-05,0.0,-6.279767294439119e-05,0.0,-2.147953811260041e-05,0.0,-2.3595885355833118e-05,0.0,-6.084271421260859e-05,0.0,-7.339098157126366e-05,0.0,0.0012732924721882409,0.0,-0.0006547519523770541,0.0,-3.532681889139856e-05,0.0,-7.60862670851025e-05,0.0,-1.9674834190296373e-05,0.0,-2.1479538112600417e-05,0.0,-5.2457878007713066e-05,0.0,-6.250849657801949e-05,0.0,-0.000654751952377054,0.0,0.0012669580579823556,0.0,-3.3608906455309116e-05,0.0,-7.540143324216291e-05,0.0,-7.54014332421629e-05,0.0,-7.608626708510248e-05,0.0,-6.279767294439116e-05,0.0,-5.8301062462933077e-05,0.0,-3.532681889139855e-05,0.0,-3.3608906455309116e-05,0.0,0.0007931442175945255,0.0,-0.00010208833482527267,0.0,-3.360890645530909e-05,0.0,-3.5326818891398566e-05,0.0,-5.83010624629331e-05,0.0,-6.27976729443911e-05,0.0,-7.608626708510244e-05,0.0,-7.540143324216291e-05,0.0,-0.00010208833482527267,0.0,0.0007931442175945256
125366028.61381596,0.0,0.0013190529757647312,0.0,-0.0006816741136214853,0.0,-6.507872766768769e-05,0.0,-5.461484668132619e-05,0.0,-2.2362736072413928e-05,0.0,-2.0483826140004365e-05,0.0,-7.850179748916817e-05,0.0,-3.499084108804122e-05,0.0,-0.0006816741136214853,0.0,0.0013256478490956648,0.0,-7.64086798500934e-05,0.0,-6.334445148369865e-05,0.0,-2.456610350936224e-05,0.0,-2.236273607241389e-05,0.0,-7.921479040376588e-05,0.0,-3.6779390832565335e-05,0.0,-6.507872766768762e-05,0.0,-7.640867985009335e-05,0.0,0.0013384741731152824,0.0,-0.0006657951957500287,0.0,-6.334445148369869e-05,0.0,-5.4614846681326194e-05,0.0,-6.537979441901386e-05,0.0,-6.069829182383897e-05,0.0,-5.4614846681326215e-05,0.0,-6.334445148369865e-05,0.0,-0.0006657951957500288,0.0,0.0013384741731152817,0.0,-7.640867985009334e-05,0.0,-6.507872766768769e-05,0.0,-6.069829182383904e-05,0.0,-6.537979441901391e-05,0.0,-2.2362736072413928e-05,0.0,-2.456610350936225e-05,0.0,-6.334445148369866e-05,0.0,-7.640867985009333e-05,0.0,0.001325647849095665,0.0,-0.0006816741136214855,0.0,-3.677939083256531e-05,0.0,-7.921479040376585e-05,0.0,-2.0483826140004354e-05,0.0,-2.2362736072413935e-05,0.0,-5.4614846681326235e-05,0.0,-6.507872766768769e-05,0.0,-0.0006816741136214851,0.0,0.001319052975764731,0.0,-3.4990841088041244e-05,0.0,-7.850179748916817e-05,0.0,-7.850179748916815e-05,0.0,-7.921479040376587e-05,0.0,-6.537979441901389e-05,0.0,-6.069829182383897e-05,0.0,-3.6779390832565314e-05,0.0,-3.4990841088041265e-05,0.0,0.0008257568068944065,0.0,-0.00010628601396370571,0.0,-3.499084108804125e-05,0.0,-3.67793908325653e-05,0.0,-6.0698291823839e-05,0.0,-6.537979441901387e-05,0.0,-7.921479040376585e-05,0.0,-7.850179748916817e-05,0.0,-0.00010628601396370571,0.0,0.0008257568068944065
130520842.47066948,0.0,0.0013732899379831124,0.0,-0.0007097032631894176,0.0,-6.775464179591766e-05,0.0,-5.686050582500113e-05,0.0,-2.3282249460991772e-05,0.0,-2.1326082307766748e-05,0.0,-8.17296428469533e-05,0.0,-3.642959825773047e-05,0.0,-0.000709703263189418,0.0,0.0013801559800254287,0.0,-7.95504601715268e-05,0.0,-6.594905545714692e-05,0.0,-2.557621519734632e-05,0.0,-2.3282249460991796e-05,0.0,-8.247195268094823e-05,0.0,-3.8291689783139634e-05,0.0,-6.775464179591764e-05,0.0,-7.95504601715268e-05,0.0,0.0013935096982164966,0.0,-0.0006931714342639816,0.0,-6.594905545714672e-05,0.0,-5.6860505825001237e-05,0.0,-6.806808784232674e-05,0.0,-6.319409071960448e-05,0.0,-5.6860505825001155e-05,0.0,-6.594905545714674e-05,0.0,-0.0006931714342639807,0.0,0.001393509698216498,0.0,-7.955046017152677e-05,0.0,-6.775464179591755e-05,0.0,-6.319409071960441e-05,0.0,-6.806808784232673e-05,0.0,-2.3282249460991833e-05,0.0,-2.5576215197346285e-05,0.0,-6.59490554571468e-05,0.0,-7.95504601715269e-05,0.0,0.0013801559800254283,0.0,-0.0007097032631894177,0.0,-3.829168978313957e-05,0.0,-8.247195268094823e-05,0.0,-2.1326082307766775e-05,0.0,-2.328224946099178e-05,0.0,-5.6860505825001155e-05,0.0,-6.775464179591768e-05,0.0,-0.000709703263189418,0.0,0.001373289937983111,0.0,-3.6429598257730485e-05,0.0,-8.172964284695339e-05,0.0,-8.172964284695345e-05,0.0,-8.247195268094819e-05,0.0,-6.806808784232674e-05,0.0,-6.31940907196045e-05,0.0,-3.8291689783139566e-05,0.0,-3.642959825773051e-05,0.0,0.0008597103641509956,0.0,-0.00011065629372472108,0.0,-3.642959825773049e-05,0.0,-3.829168978313958e-05,0.0,-6.319409071960439e-05,0.0,-6.806808784232681e-05,0.0,-8.247195268094813e-05,0.0,-8.172964284695335e-05,0.0,-0.0001106562937247211,0.0,0.0008597103641509958
135887612.5184674,0.0,0.00142975702145115,0.0,-0.0007388849183458757,0.0,-7.054058444926305e-05,0.0,-5.91985022230311e-05,0.0,-2.4239571500042266e-05,0.0,-2.220297045528176e-05,0.0,-8.509021109755144e-05,0.0,-3.792751439956685e-05,0.0,-0.0007388849183458756,0.0,0.0014369053821491101,0.0,-8.282142455434579e-05,0.0,-6.866075581709126e-05,0.0,-2.6627860766428472e-05,0.0,-2.423957150004225e-05,0.0,-8.586304330719035e-05,0.0,-3.986617160472226e-05,0.0,-7.054058444926302e-05,0.0,-8.28214245543458e-05,0.0,0.0014508081799619295,0.0,-0.0007216733318994717,0.0,-6.86607558170913e-05,0.0,-5.9198502223031084e-05,0.0,-7.086691880394238e-05,0.0,-6.57925121429722e-05,0.0,-5.919850222303107e-05,0.0,-6.866075581709131e-05,0.0,-0.0007216733318994715,0.0,0.0014508081799619295,0.0,-8.282142455434577e-05,0.0,-7.054058444926292e-05,0.0,-6.579251214297225e-05,0.0,-7.086691880394238e-05,0.0,-2.423957150004225e-05,0.0,-2.662786076642849e-05,0.0,-6.866075581709132e-05,0.0,-8.28214245543458e-05,0.0,0.0014369053821491101,0.0,-0.0007388849183458757,0.0,-3.986617160472225e-05,0.0,-8.58630433071903e-05,0.0,-2.2202970455281797e-05,0.0,-2.423957150004226e-05,0.0,-5.919850222303103e-05,0.0,-7.0540584449263e-05,0.0,-0.0007388849183458757,0.0,0.0014297570214511497,0.0,-3.792751439956686e-05,0.0,-8.509021109755152e-05,0.0,-8.509021109755147e-05,0.0,-8.586304330719033e-05,0.0,-7.08669188039424e-05,0.0,-6.57925121429722e-05,0.0,-3.986617160472224e-05,0.0,-3.792751439956688e-05,0.0,0.0008950600274290566,0.0,-0.00011520627111929403,0.0,-3.792751439956689e-05,0.0,-3.986617160472226e-05,0.0,-6.57925121429722e-05,0.0,-7.086691880394239e-05,0.0,-8.586304330719033e-05,0.0,-8.509021109755148e-05,0.0,-0.00011520627111929402,0.0,0.0008950600274290567
141475053.99468037,0.0,0.0014885459245344034,0.0,-0.0007692664679396836,0.0,-7.344107979246104e-05,0.0,-6.163263260857815e-05,0.0,-2.5236256809724646e-05,0.0,-2.3115914584019834e-05,0.0,-8.858895955515322e-05,0.0,-3.9487022018534026e-05,0.0,-0.000769266467939684,0.0,0.0014959882122968728,0.0,-8.622688480268966e-05,0.0,-7.148395616427828e-05,0.0,-2.7722748011201773e-05,0.0,-2.5236256809724657e-05,0.0,-8.939356916276288e-05,0.0,-4.150539313929574e-05,0.0,-7.344107979246108e-05,0.0,-8.622688480268966e-05,0.0,0.001510462666846425,0.0,-0.0007513471736294081,0.0,-7.148395616427828e-05,0.0,-6.163263260857816e-05,0.0,-7.37808323982574e-05,0.0,-6.849777573807682e-05,0.0,-6.16326326085782e-05,0.0,-7.148395616427831e-05,0.0,-0.0007513471736294077,0.0,0.0015104626668464253,0.0,-8.622688480268962e-05,0.0,-7.3441079792461e-05,0.0,-6.849777573807682e-05,0.0,-7.378083239825735e-05,0.0,-2.523625680972463e-05,0.0,-2.7722748011201776e-05,0.0,-7.148395616427827e-05,0.0,-8.622688480268968e-05,0.0,0.0014959882122968725,0.0,-0.0007692664679396834,0.0,-4.15053931392957e-05,0.0,-8.939356916276281e-05,0.0,-2.3115914584019888e-05,0.0,-2.5236256809724653e-05,0.0,-6.163263260857808e-05,0.0,-7.344107979246107e-05,0.0,-0.0007692664679396834,0.0,0.0014885459245344028,0.0,-3.948702201853403e-05,0.0,-8.858895955515332e-05,0.0,-8.858895955515335e-05,0.0,-8.939356916276282e-05,0.0,-7.378083239825739e-05,0.0,-6.849777573807685e-05,0.0,-4.150539313929572e-05,0.0,-3.948702201853402e-05,0.0,0.0009318632019662338,0.0,-0.00011994333497406078,0.0,-3.948702201853402e-05,0.0,-4.1505393139295745e-05,0.0,-6.849777573807671e-05,0.0,-7.378083239825738e-05,0.0,-8.939356916276283e-05,0.0,-8.858895955515327e-05,0.0,-0.0001199433349740608,0.0,0.0009318632019662339
147292240.49085137,0.0,0.0015497521160616919,0.0,-0.0008008972493594537,0.0,-7.646083801534171e-05,0.0,-6.41668498292873e-05,0.0,-2.6273923933237115e-05,0.0,-2.40663972476975e-05,0.0,-9.223156992838172e-05,0.0,-4.1110653639617215e-05,0.0,-0.0008008972493594536,0.0,0.0015575004166133424,0.0,-8.977237113203195e-05,0.0,-7.442324116718318e-05,0.0,-2.8862654947541082e-05,0.0,-2.6273923933237115e-05,0.0,-9.30692635604317e-05,0.0,-4.321201636134632e-05,0.0,-7.646083801534171e-05,0.0,-8.977237113203192e-05,0.0,0.001572570033342852,0.0,-0.0007822411475771932,0.0,-7.442324116718316e-05,0.0,-6.416684982928735e-05,0.0,-7.681456060534848e-05,0.0,-7.131427465283441e-05,0.0,-6.416684982928738e-05,0.0,-7.442324116718318e-05,0.0,-0.0007822411475771938,0.0,0.001572570033342852,0.0,-8.977237113203192e-05,0.0,-7.646083801534173e-05,0.0,-7.131427465283441e-05,0.0,-7.681456060534845e-05,0.0,-2.6273923933237115e-05,0.0,-2.8862654947541106e-05,0.0,-7.442324116718319e-05,0.0,-8.977237113203192e-05,0.0,0.0015575004166133424,0.0,-0.0008008972493594534,0.0,-4.321201636134627e-05,0.0,-9.306926356043171e-05,0.0,-2.4066397247697515e-05,0.0,-2.6273923933237122e-05,0.0,-6.416684982928727e-05,0.0,-7.646083801534165e-05,0.0,-0.0008008972493594535,0.0,0.0015497521160616917,0.0,-4.111065363961729e-05,0.0,-9.223156992838174e-05,0.0,-9.223156992838177e-05,0.0,-9.306926356043178e-05,0.0,-7.681456060534843e-05,0.0,-7.131427465283441e-05,0.0,-4.321201636134631e-05,0.0,-4.1110653639617256e-05,0.0,0.0009701796533949106,0.0,-0.00012487517793022645,0.0,-4.111065363961727e-05,0.0,-4.321201636134632e-05,0.0,-7.131427465283441e-05,0.0,-7.681456060534845e-05,0.0,-9.306926356043171e-05,0.0,-9.223156992838169e-05,0.0,-0.00012487517793022645,0.0,0.0009701796533949108
153348618.68743697,0.0,0.0016134749903594149,0.0,-0.000833828628653852,0.0,-7.960476298182723e-05,0.0,-6.68052692664186e-05,0.0,-2.7354257965211376e-05,0.0,-2.5055961959834397e-05,0.0,-9.602395754696647e-05,0.0,-4.280104592043683e-05,0.0,-0.000833828628653852,0.0,0.001621541886367045,0.0,-9.346364114984122e-05,0.0,-7.748338400717312e-05,0.0,-3.00494326999694e-05,0.0,-2.735425796521135e-05,0.0,-9.689609555593444e-05,0.0,-4.498881270071365e-05,0.0,-7.960476298182734e-05,0.0,-9.346364114984117e-05,0.0,0.001637231137219082,0.0,-0.0008144054232706766,0.0,-7.748338400717312e-05,0.0,-6.680526926641866e-05,0.0,-7.997302997535869e-05,0.0,-7.424658267308997e-05,0.0,-6.680526926641859e-05,0.0,-7.748338400717308e-05,0.0,-0.0008144054232706772,0.0,0.001637231137219082,0.0,-9.346364114984124e-05,0.0,-7.960476298182726e-05,0.0,-7.424658267309008e-05,0.0,-7.997302997535873e-05,0.0,-2.7354257965211386e-05,0.0,-3.004943269996938e-05,0.0,-7.748338400717314e-05,0.0,-9.34636411498412e-05,0.0,0.0016215418863670457,0.0,-0.0008338286286538518,0.0,-4.498881270071362e-05,0.0,-9.689609555593449e-05,0.0,-2.505596195983438e-05,0.0,-2.7354257965211396e-05,0.0,-6.680526926641867e-05,0.0,-7.960476298182715e-05,0.0,-0.0008338286286538518,0.0,0.0016134749903594149,0.0,-4.280104592043687e-05,0.0,-9.602395754696645e-05,0.0,-9.602395754696655e-05,0.0,-9.68960955559345e-05,0.0,-7.997302997535868e-05,0.0,-7.424658267309001e-05,0.0,-4.498881270071367e-05,0.0,-4.280104592043688e-05,0.0,0.0010100716047971765,0.0,-0.00013000980893584514,0.0,-4.280104592043686e-05,0.0,-4.4988812700713635e-05,0.0,-7.424658267309012e-05,0.0,-7.997302997535872e-05,0.0,-9.689609555593449e-05,0.0,-9.602395754696644e-05,0.0,-0.00013000980893584517,0.0,0.0010100716047971767
159654023.69451743,0.0,0.0016798180286605794,0.0,-0.0008681140839462623,0.0,-8.287796019344443e-05,0.0,-6.955217551792146e-05,0.0,-2.8479013288181546e-05,0.0,-2.608621570030511e-05,0.0,-9.997228096780157e-05,0.0,-4.456094393298492e-05,0.0,-0.0008681140839462624,0.0,0.0016882166201664381,0.0,-9.730668920550951e-05,0.0,-8.066935412980053e-05,0.0,-3.1285008507747014e-05,0.0,-2.8479013288181546e-05,0.0,-0.00010088027964128479,0.0,-4.6838667543187856e-05,0.0,-8.287796019344448e-05,0.0,-9.730668920550952e-05,0.0,0.001704550983323539,0.0,-0.000847892233113752,0.0,-8.066935412980055e-05,0.0,-6.955217551792143e-05,0.0,-8.326136962885004e-05,0.0,-7.729946165010732e-05,0.0,-6.95521755179214e-05,0.0,-8.066935412980055e-05,0.0,-0.0008478922331137523,0.0,0.0017045509833235387,0.0,-9.730668920550951e-05,0.0,-8.287796019344446e-05,0.0,-7.729946165010732e-05,0.0,-8.326136962885003e-05,0.0,-2.8479013288181522e-05,0.0,-3.1285008507747034e-05,0.0,-8.066935412980061e-05,0.0,-9.730668920550948e-05,0.0,0.0016882166201664381,0.0,-0.0008681140839462626,0.0,-4.6838667543187835e-05,0.0,-0.00010088027964128477,0.0,-2.608621570030517e-05,0.0,-2.847901328818153e-05,0.0,-6.955217551792149e-05,0.0,-8.287796019344446e-05,0.0,-0.0008681140839462624,0.0,0.0016798180286605794,0.0,-4.4560943932984884e-05,0.0,-9.997228096780161e-05,0.0,-9.997228096780163e-05,0.0,-0.00010088027964128477,0.0,-8.326136962885004e-05,0.0,-7.72994616501073e-05,0.0,-4.6838667543187835e-05,0.0,-4.456094393298488e-05,0.0,0.001051603837750506,0.0,-0.000135355566251759,0.0,-4.456094393298488e-05,0.0,-4.683866754318782e-05,0.0,-7.729946165010735e-05,0.0,-8.326136962885003e-05,0.0,-0.00010088027964128479,0.0,-9.99722809678016e-05,0.0,-0.000135355566251759,0.0,0.0010516038377505062
166218695.02328777,0.0,0.0017488889671506706,0.0,-0.0009038092922793016,0.0,-8.628574508028139e-05,0.0,-7.24120293563047e-05,0.0,-2.96500164215715e-05,0.0,-2.7158831524955916e-05,0.0,-0.0001040829519759863,0.0,-4.639320562141897e-05,0.0,-0.0009038092922793016,0.0,0.0017576328928459524,0.0,-0.00010130775612473246,0.0,-8.3986325314815e-05,0.0,-3.257138885456565e-05,0.0,-2.9650016421571492e-05,0.0,-0.00010502828583664771,0.0,-4.876458491616243e-05,0.0,-8.628574508028136e-05,0.0,-0.0001013077561247325,0.0,0.001774638894105305,0.0,-0.0008827559572079169,0.0,-8.398632531481501e-05,0.0,-7.241202935630471e-05,0.0,-8.668491958611575e-05,0.0,-8.047786923346259e-05,0.0,-7.241202935630471e-05,0.0,-8.398632531481501e-05,0.0,-0.0008827559572079169,0.0,0.0017746388941053046,0.0,-0.00010130775612473247,0.0,-8.62857450802813e-05,0.0,-8.047786923346264e-05,0.0,-8.668491958611579e-05,0.0,-2.9650016421571482e-05,0.0,-3.2571388854565644e-05,0.0,-8.398632531481504e-05,0.0,-0.0001013077561247325,0.0,0.0017576328928459518,0.0,-0.0009038092922793017,0.0,-4.8764584916162444e-05,0.0,-0.00010502828583664775,0.0,-2.7158831524955933e-05,0.0,-2.9650016421571526e-05,0.0,-7.241202935630476e-05,0.0,-8.628574508028125e-05,0.0,-0.0009038092922793016,0.0,0.0017488889671506706,0.0,-4.639320562141895e-05,0.0,-0.00010408295197598639,0.0,-0.00010408295197598639,0.0,-0.00010502828583664771,0.0,-8.668491958611572e-05,0.0,-8.04778692334626e-05,0.0,-4.876458491616242e-05,0.0,-4.639320562141896e-05,0.0,0.0010948437975282482,0.0,-0.00014092113099231692,0.0,-4.6393205621418934e-05,0.0,-4.876458491616244e-05,0.0,-8.047786923346267e-05,0.0,-8.668491958611575e-05,0.0,-0.00010502828583664775,0.0,-0.00010408295197598637,0.0,-0.00014092113099231686,0.0,0.0010948437975282484
173053293.21426633,0.0,0.0018207999719232427,0.0,-0.000940972220030216,0.0,-8.983365163285234e-05,0.0,-7.53894749726017e-05,0.0,-3.086916898782745e-05,0.0,-2.8275551282523215e-05,0.0,-0.00010836264599708984,0.0,-4.8300806443152134e-05,0.0,-0.0009409722200302159,0.0,0.0018299034312963135,0.0,-0.00010547333934414828,0.0,-8.743968407799839e-05,0.0,-3.3910662726929316e-05,0.0,-3.0869168987827426e-05,0.0,-0.00010934685019717385,0.0,-5.0769692366952726e-05,0.0,-8.983365163285235e-05,0.0,-0.00010547333934414827,0.0,0.0018476086871456905,0.0,-0.0009190532116615359,0.0,-8.743968407799838e-05,0.0,-7.53894749726017e-05,0.0,-9.024923943897818e-05,0.0,-8.378696692190115e-05,0.0,-7.538947497260165e-05,0.0,-8.743968407799838e-05,0.0,-0.0009190532116615359,0.0,0.0018476086871456905,0.0,-0.00010547333934414821,0.0,-8.983365163285228e-05,0.0,-8.378696692190116e-05,0.0,-9.024923943897815e-05,0.0,-3.0869168987827446e-05,0.0,-3.39106627269293e-05,0.0,-8.743968407799838e-05,0.0,-0.00010547333934414827,0.0,0.0018299034312963135,0.0,-0.0009409722200302159,0.0,-5.0769692366952705e-05,0.0,-0.00010934685019717378,0.0,-2.8275551282523195e-05,0.0,-3.0869168987827474e-05,0.0,-7.538947497260167e-05,0.0,-8.983365163285234e-05,0.0,-0.000940972220030216,0.0,0.0018207999719232425,0.0,-4.8300806443152154e-05,0.0,-0.00010836264599708985,0.0,-0.00010836264599708985,0.0,-0.00010934685019717382,0.0,-9.024923943897818e-05,0.0,-8.378696692190114e-05,0.0,-5.076969236695267e-05,0.0,-4.830080644315216e-05,0.0,0.0011398617026257601,0.0,-0.00014671554122286165,0.0,-4.830080644315218e-05,0.0,-5.076969236695272e-05,0.0,-8.378696692190122e-05,0.0,-9.024923943897819e-05,0.0,-0.00010934685019717385,0.0,-0.00010836264599708984,0.0,-0.00014671554122286165,0.0,0.0011398617026257601
180168917.14922383,0.0,0.001895667821129356,0.0,-0.0009796632170439908,0.0,-9.352744138888956e-05,0.0,-7.84893475181922e-05,0.0,-3.2138450800511974e-05,0.0,-2.943818844326722e-05,0.0,-0.00011281831293754795,0.0,-5.028684420077575e-05,0.0,-0.0009796632170439908,0.0,0.0019051455975246726,0.0,-0.00010981020346269393,0.0,-9.103503841846825e-05,0.0,-3.5305005006513984e-05,0.0,-3.213845080051199e-05,0.0,-0.0001138429857518544,0.0,-5.285724604170088e-05,0.0,-9.352744138888958e-05,0.0,-0.00010981020346269393,0.0,0.0019235788599895642,0.0,-0.0009568429405302102,0.0,-9.103503841846832e-05,0.0,-7.848934751819215e-05,0.0,-9.396011737915456e-05,0.0,-8.723212844522903e-05,0.0,-7.848934751819213e-05,0.0,-9.103503841846829e-05,0.0,-0.0009568429405302106,0.0,0.0019235788599895635,0.0,-0.0001098102034626939,0.0,-9.352744138888956e-05,0.0,-8.723212844522906e-05,0.0,-9.396011737915462e-05,0.0,-3.213845080051198e-05,0.0,-3.5305005006513984e-05,0.0,-9.103503841846836e-05,0.0,-0.00010981020346269391,0.0,0.0019051455975246728,0.0,-0.0009796632170439908,0.0,-5.2857246041700854e-05,0.0,-0.00011384298575185438,0.0,-2.943818844326725e-05,0.0,-3.213845080051197e-05,0.0,-7.848934751819215e-05,0.0,-9.352744138888951e-05,0.0,-0.0009796632170439913,0.0,0.0018956678211293557,0.0,-5.028684420077578e-05,0.0,-0.000112818312937548,0.0,-0.00011281831293754798,0.0,-0.00011384298575185438,0.0,-9.396011737915462e-05,0.0,-8.723212844522907e-05,0.0,-5.285724604170086e-05,0.0,-5.0286844200775765e-05,0.0,0.0011867306587900488,0.0,-0.00015274820663687972,0.0,-5.028684420077579e-05,0.0,-5.285724604170086e-05,0.0,-8.723212844522908e-05,0.0,-9.396011737915452e-05,0.0,-0.00011384298575185441,0.0,-0.00011281831293754802,0.0,-0.00015274820663687972,0.0,0.0011867306587900488
187577122.07494614,0.0,0.0019736140946166538,0.0,-0.0010199451146370327,0.0,-9.737311278965349e-05,0.0,-8.171668095673086e-05,0.0,-3.345992307937485e-05,0.0,-3.0648631043913625e-05,0.0,-0.00011745718847079763,0.0,-5.235454407266137e-05,0.0,-0.0010199451146370327,0.0,0.0019834815792418234,0.0,-0.00011432539122681375,0.0,-9.477822692565376e-05,0.0,-3.675668000201433e-05,0.0,-3.3459923079374865e-05,0.0,-0.00011852399389216147,0.0,-5.503063597311687e-05,0.0,-9.737311278965354e-05,0.0,-0.00011432539122681378,0.0,0.0020026727825765947,0.0,-0.0009961865115375643,0.0,-9.477822692565369e-05,0.0,-8.171668095673084e-05,0.0,-9.782357959785226e-05,0.0,-9.081894849085294e-05,0.0,-8.171668095673084e-05,0.0,-9.477822692565369e-05,0.0,-0.0009961865115375645,0.0,0.0020026727825765947,0.0,-0.00011432539122681374,0.0,-9.737311278965345e-05,0.0,-9.081894849085298e-05,0.0,-9.782357959785226e-05,0.0,-3.345992307937482e-05,0.0,-3.6756680002014304e-05,0.0,-9.477822692565376e-05,0.0,-0.0001143253912268137,0.0,0.0019834815792418234,0.0,-0.0010199451146370327,0.0,-5.5030635973116855e-05,0.0,-0.00011852399389216149,0.0,-3.0648631043913686e-05,0.0,-3.3459923079374865e-05,0.0,-8.171668095673085e-05,0.0,-9.737311278965349e-05,0.0,-0.0010199451146370327,0.0,0.0019736140946166538,0.0,-5.235454407266135e-05,0.0,-0.00011745718847079765,0.0,-0.00011745718847079765,0.0,-0.00011852399389216139,0.0,-9.782357959785231e-05,0.0,-9.081894849085294e-05,0.0,-5.503063597311685e-05,0.0,-5.2354544072661395e-05,0.0,0.0012355267777380947,0.0,-0.00015902892383664704,0.0,-5.2354544072661395e-05,0.0,-5.5030635973116855e-05,0.0,-9.081894849085298e-05,0.0,-9.782357959785224e-05,0.0,-0.00011852399389216143,0.0,-0.0001174571884707977,0.0,-0.00015902892383664704,0.0,0.0012355267777380944
195289938.36810002,0.0,0.0020547653713660404,0.0,-0.001061883327630577,0.0,-0.00010137691092095803,0.0,-8.507671623893178e-05,0.0,-3.483573179762122e-05,0.0,-3.19088447536853e-05,0.0,-0.00012228680578747466,0.0,-5.4507263850411936e-05,0.0,-0.0010618833276305774,0.0,0.0020650385882859993,0.0,-0.00011902623496735823,0.0,-9.867532826073207e-05,0.0,-3.82680451262138e-05,0.0,-3.483573179762128e-05,0.0,-0.00012339747622896736,0.0,-5.7293391585640245e-05,0.0,-0.00010137691092095808,0.0,-0.00011902623496735824,0.0,0.0020850188975849115,0.0,-0.0010371478157318848,0.0,-9.867532826073199e-05,0.0,-8.507671623893174e-05,0.0,-0.00010184590007185706,0.0,-9.455325178913834e-05,0.0,-8.507671623893175e-05,0.0,-9.867532826073198e-05,0.0,-0.0010371478157318848,0.0,0.002085018897584912,0.0,-0.00011902623496735827,0.0,-0.00010137691092095803,0.0,-9.455325178913834e-05,0.0,-0.00010184590007185712,0.0,-3.483573179762123e-05,0.0,-3.8268045126213774e-05,0.0,-9.867532826073188e-05,0.0,-0.00011902623496735823,0.0,0.0020650385882859993,0.0,-0.0010618833276305776,0.0,-5.7293391585640265e-05,0.0,-0.0001233974762289673,0.0,-3.190884475368536e-05,0.0,-3.483573179762124e-05,0.0,-8.507671623893183e-05,0.0,-0.00010137691092095803,0.0,-0.0010618833276305774,0.0,0.0020547653713660404,0.0,-5.4507263850411915e-05,0.0,-0.00012228680578747482,0.0,-0.0001222868057874748,0.0,-0.00012339747622896728,0.0,-0.00010184590007185706,0.0,-9.455325178913842e-05,0.0,-5.7293391585640265e-05,0.0,-5.4507263850411956e-05,0.0,0.0012863293007566471,0.0,-0.00016556789224218612,0.0,-5.450726385041192e-05,0.0,-5.729339158564027e-05,0.0,-9.455325178913835e-05,0.0,-0.0001018459000718571,0.0,-0.00012339747622896726,0.0,-0.0001222868057874748,0.0,-0.00016556789224218612,0.0,0.001286329300756647
203319891.07167485,0.0,0.0021392534350465806,0.0,-0.0011055459605795212,0.0,-0.00010554533765472764,0.0,-8.85749098134845e-05,0.0,-3.626811116681355e-05,0.0,-3.322087606640382e-05,0.0,-0.00012731500782875853,0.0,-5.674849939166692e-05,0.0,-0.0011055459605795212,0.0,0.0021499490672054924,0.0,-0.00012392036850674687,0.0,-0.00010273267102792511,0.0,-3.984155472424829e-05,0.0,-3.626811116681357e-05,0.0,-0.00012847134693699854,0.0,-5.96491874269648e-05,0.0,-0.00010554533765472771,0.0,-0.00012392036850674692,0.0,0.002170750929012504,0.0,-0.0010797933712404597,0.0,-0.00010273267102792513,0.0,-8.857490981348449e-05,0.0,-0.00010603361075200761,0.0,-9.844110257234085e-05,0.0,-8.857490981348442e-05,0.0,-0.00010273267102792515,0.0,-0.0010797933712404597,0.0,0.002170750929012504,0.0,-0.000123920368506747,0.0,-0.00010554533765472759,0.0,-9.844110257234079e-05,0.0,-0.0001060336107520075,0.0,-3.626811116681353e-05,0.0,-3.984155472424829e-05,0.0,-0.00010273267102792504,0.0,-0.00012392036850674695,0.0,0.0021499490672054924,0.0,-0.0011055459605795212,0.0,-5.964918742696474e-05,0.0,-0.00012847134693699854,0.0,-3.322087606640385e-05,0.0,-3.6268111166813546e-05,0.0,-8.857490981348452e-05,0.0,-0.00010554533765472759,0.0,-0.0011055459605795212,0.0,0.00213925343504658,0.0,-5.674849939166694e-05,0.0,-0.00012731500782875858,0.0,-0.00012731500782875858,0.0,-0.00012847134693699845,0.0,-0.00010603361075200753,0.0,-9.844110257234085e-05,0.0,-5.96491874269648e-05,0.0,-5.6748499391666914e-05,0.0,0.001339220727384214,0.0,-0.00017237573065436983,0.0,-5.674849939166692e-05,0.0,-5.964918742696474e-05,0.0,-9.844110257234094e-05,0.0,-0.00010603361075200753,0.0,-0.00012847134693699845,0.0,-0.0001273150078287586,0.0,-0.0001723757306543698,0.0,0.0013392207273842137
211680020.23472562,0.0,0.0022272154880224244,0.0,-0.0011510039183691778,0.0,-0.00010988516220755637,0.0,-9.221694248792288e-05,0.0,-3.7759387265065883e-05,0.0,-3.458685562384381e-05,0.0,-0.00013254996002272772,0.0,-5.9081890297116505e-05,0.0,-0.0011510039183691783,0.0,0.0022383509043355453,0.0,-0.00012901573955573125,0.0,-0.0001069568440516845,0.0,-4.147976405928107e-05,0.0,-3.7759387265065836e-05,0.0,-0.00013375384560686938,0.0,-6.210184913523148e-05,0.0,-0.00010988516220755633,0.0,-0.0001290157395557313,0.0,0.002260008099335104,0.0,-0.0011241924312900935,0.0,-0.00010695684405168439,0.0,-9.221694248792295e-05,0.0,-0.00011039351217059982,0.0,-0.00010248881442247056,0.0,-9.221694248792302e-05,0.0,-0.00010695684405168443,0.0,-0.001124192431290093,0.0,0.0022600080993351044,0.0,-0.0001290157395557313,0.0,-0.00010988516220755636,0.0,-0.00010248881442247053,0.0,-0.00011039351217059989,0.0,-3.775938726506588e-05,0.0,-4.14797640592811e-05,0.0,-0.00010695684405168446,0.0,-0.0001290157395557312,0.0,0.002238350904335546,0.0,-0.0011510039183691783,0.0,-6.210184913523142e-05,0.0,-0.00013375384560686932,0.0,-3.458685562384377e-05,0.0,-3.7759387265065836e-05,0.0,-9.221694248792279e-05,0.0,-0.00010988516220755646,0.0,-0.0011510039183691776,0.0,0.0022272154880224244,0.0,-5.9081890297116485e-05,0.0,-0.00013254996002272774,0.0,-0.0001325499600227277,0.0,-0.00013375384560686935,0.0,-0.00011039351217059981,0.0,-0.00010248881442247056,0.0,-6.210184913523144e-05,0.0,-5.9081890297116464e-05,0.0,0.001394286949384205,0.0,-0.0001794634944990679,0.0,-5.908189029711652e-05,0.0,-6.210184913523144e-05,0.0,-0.00010248881442247053,0.0,-0.0001103935121705999,0.0,-0.00013375384560686938,0.0,-0.00013254996002272774,0.0,-0.00017946349449906793,0.0,0.0013942869493842047
220383902.0884485,0.0,0.0023187943741593067,0.0,-0.0011983310213595714,0.0,-0.00011440343213341527,0.0,-9.600872865383697e-05,0.0,-3.931198181442235e-05,0.0,-3.600900167573802e-05,0.0,-0.00013800016354441208,0.0,-6.15112258209439e-05,0.0,-0.0011983310213595714,0.0,0.0023303876577188223,0.0,-0.000134320622619889,0.0,-0.00011135470707645478,0.0,-4.318533346206148e-05,0.0,-3.9311981814422315e-05,0.0,-0.0001392535506255686,0.0,-6.465535965158249e-05,0.0,-0.00011440343213341524,0.0,-0.00013432062261988908,0.0,0.0023529353555931925,0.0,-0.001170417096669227,0.0,-0.00011135470707645478,0.0,-9.600872865383705e-05,0.0,-0.00011493268448494937,0.0,-0.00010670296052408248,0.0,-9.60087286538369e-05,0.0,-0.00011135470707645468,0.0,-0.001170417096669227,0.0,0.002352935355593192,0.0,-0.00013432062261988902,0.0,-0.00011440343213341517,0.0,-0.00010670296052408252,0.0,-0.00011493268448494944,0.0,-3.931198181442233e-05,0.0,-4.318533346206149e-05,0.0,-0.00011135470707645471,0.0,-0.000134320622619889,0.0,0.002330387657718822,0.0,-0.0011983310213595712,0.0,-6.465535965158244e-05,0.0,-0.00013925355062556862,0.0,-3.600900167573804e-05,0.0,-3.9311981814422335e-05,0.0,-9.6008728653837e-05,0.0,-0.00011440343213341524,0.0,-0.0011983310213595712,0.0,0.0023187943741593063,0.0,-6.151122582094387e-05,0.0,-0.0001380001635444121,0.0,-0.00013800016354441214,0.0,-0.00013925355062556862,0.0,-0.00011493268448494941,0.0,-0.00010670296052408251,0.0,-6.46553596515825e-05,0.0,-6.151122582094391e-05,0.0,0.001451617390226807,0.0,-0.00018684269378034174,0.0,-6.151122582094385e-05,0.0,-6.465535965158249e-05,0.0,-0.00010670296052408255,0.0,-0.0001149326844849494,0.0,-0.0001392535506255686,0.0,-0.00013800016354441208,0.0,-0.00018684269378034182,0.0,0.0014516173902268071
229445671.0929728,0.0,0.0024141388107923835,0.0,-0.0012476041252642203,0.0,-0.00011910748476835638,0.0,-9.995642589140538e-05,0.0,-4.0928416113554534e-05,0.0,-3.748962368205002e-05,0.0,-0.00014367446912106965,0.0,-6.404045102429296e-05,0.0,-0.0012476041252642205,0.0,0.002426208788233006,0.0,-0.00013984363243680755,0.0,-0.00011593340190638983,0.0,-4.496103265110429e-05,0.0,-4.092841611355452e-05,0.0,-0.00014497939310712286,0.0,-6.73138656881619e-05,0.0,-0.00011910748476835641,0.0,-0.0001398436324368076,0.0,0.0024496836047752336,0.0,-0.0012185424328142688,0.0,-0.00011593340190638979,0.0,-9.995642589140545e-05,0.0,-0.00011965849897504081,0.0,-0.0001110903843386407,0.0,-9.99564258914054e-05,0.0,-0.00011593340190638982,0.0,-0.0012185424328142688,0.0,0.0024496836047752336,0.0,-0.00013984363243680755,0.0,-0.00011910748476835638,0.0,-0.0001110903843386407,0.0,-0.00011965849897504084,0.0,-4.0928416113554575e-05,0.0,-4.4961032651104306e-05,0.0,-0.00011593340190638979,0.0,-0.00013984363243680758,0.0,0.0024262087882330062,0.0,-0.0012476041252642205,0.0,-6.731386568816198e-05,0.0,-0.00014497939310712294,0.0,-3.748962368204995e-05,0.0,-4.0928416113554534e-05,0.0,-9.995642589140548e-05,0.0,-0.00011910748476835638,0.0,-0.0012476041252642205,0.0,0.0024141388107923826,0.0,-6.404045102429295e-05,0.0,-0.00014367446912106962,0.0,-0.00014367446912106965,0.0,-0.00014497939310712289,0.0,-0.00011965849897504084,0.0,-0.0001110903843386407,0.0,-6.7313865688162e-05,0.0,-6.404045102429296e-05,0.0,0.0015113051503060637,0.0,-0.0001945253117718366,0.0,-6.404045102429298e-05,0.0,-6.731386568816201e-05,0.0,-0.00011109038433864077,0.0,-0.00011965849897504084,0.0,-0.0001449793931071228,0.0,-0.00014367446912106968,0.0,-0.0001945253117718365,0.0,0.001511305150306064
238880042.89068297,0.0,0.002513403630232225,0.0,-0.001298903245958157,0.0,-0.00012400495914580693,0.0,-0.00010406644496885258,0.0,-4.261131513216449e-05,0.0,-3.903112606336701e-05,0.0,-0.00014958209140511594,0.0,-6.667367318175703e-05,0.0,-0.0012989032459581567,0.0,0.002525969902304263,0.0,-0.000145593737965783,0.0,-0.00012070036400311653,0.0,-4.680974523050886e-05,0.0,-4.261131513216452e-05,0.0,-0.00015094067139606802,0.0,-7.008168446207084e-05,0.0,-0.0001240049591458068,0.0,-0.0001455937379657829,0.0,0.002550409958879512,0.0,-0.0012686465917103318,0.0,-0.00012070036400311674,0.0,-0.00010406644496885258,0.0,-0.00012457863001394382,0.0,-0.00011565821071779502,0.0,-0.00010406644496885269,0.0,-0.00012070036400311661,0.0,-0.001268646591710332,0.0,0.0025504099588795114,0.0,-0.00014559373796578276,0.0,-0.0001240049591458069,0.0,-0.00011565821071779506,0.0,-0.00012457863001394387,0.0,-4.261131513216452e-05,0.0,-4.680974523050884e-05,0.0,-0.0001207003640031167,0.0,-0.00014559373796578295,0.0,0.0025259699023042624,0.0,-0.0012989032459581565,0.0,-7.008168446207082e-05,0.0,-0.00015094067139606796,0.0,-3.903112606336695e-05,0.0,-4.261131513216454e-05,0.0,-0.00010406644496885257,0.0,-0.00012400495914580693,0.0,-0.0012989032459581565,0.0,0.002513403630232224,0.0,-6.667367318175706e-05,0.0,-0.00014958209140511594,0.0,-0.0001495820914051159,0.0,-0.0001509406713960679,0.0,-0.00012457863001394385,0.0,-0.00011565821071779508,0.0,-7.008168446207082e-05,0.0,-6.667367318175706e-05,0.0,0.0015734471581280557,0.0,-0.00020252382447673455,0.0,-6.667367318175706e-05,0.0,-7.008168446207082e-05,0.0,-0.00011565821071779503,0.0,-0.00012457863001394385,0.0,-0.00015094067139606793,0.0,-0.00014958209140511594,0.0,-0.00020252382447673455,0.0,0.0015734471581280557
248702338.20332998,0.0,0.0026167500312010046,0.0,-0.0013523116894177687,0.0,-0.00012910380840179203,0.0,-0.00010834546025306017,0.0,-4.436341177374082e-05,0.0,-4.063601210550064e-05,0.0,-0.00015573262393803563,0.0,-6.941516845128788e-05,0.0,-0.0013523116894177687,0.0,0.0026298330046005246,0.0,-0.00015158027695274433,0.0,-0.00012566333456037293,0.0,-4.873447337271809e-05,0.0,-4.4363411773740846e-05,0.0,-0.0001571470661672706,0.0,-7.296331070620714e-05,0.0,-0.00012910380840179197,0.0,-0.0001515802769527442,0.0,0.0026552779900523554,0.0,-0.0013208109388042595,0.0,-0.0001256633345603731,0.0,-0.00010834546025306014,0.0,-0.0001297010675304253,0.0,-0.00012041385747361224,0.0,-0.0001083454602530601,0.0,-0.00012566333456037298,0.0,-0.00132081093880426,0.0,0.0026552779900523554,0.0,-0.00015158027695274422,0.0,-0.00012910380840179197,0.0,-0.00012041385747361222,0.0,-0.0001297010675304252,0.0,-4.436341177374087e-05,0.0,-4.873447337271809e-05,0.0,-0.00012566333456037298,0.0,-0.00015158027695274422,0.0,0.002629833004600525,0.0,-0.0013523116894177689,0.0,-7.296331070620717e-05,0.0,-0.0001571470661672706,0.0,-4.063601210550064e-05,0.0,-4.436341177374081e-05,0.0,-0.00010834546025306021,0.0,-0.00012910380840179195,0.0,-0.0013523116894177689,0.0,0.002616750031201005,0.0,-6.941516845128786e-05,0.0,-0.00015573262393803563,0.0,-0.00015573262393803566,0.0,-0.00015714706616727053,0.0,-0.0001297010675304253,0.0,-0.00012041385747361219,0.0,-7.296331070620717e-05,0.0,-6.941516845128784e-05,0.0,0.0016381443277156023,0.0,-0.0002108512208878592,0.0,-6.941516845128788e-05,0.0,-7.296331070620717e-05,0.0,-0.00012041385747361227,0.0,-0.00012970106753042526,0.0,-0.00015714706616727056,0.0,-0.00015573262393803568,0.0,-0.00021085122088785918,0.0,0.0016381443277156023
258928507.71175063,0.0,0.002724345840607304,0.0,-0.0014079161870035487,0.0,-0.00013441231269023984,0.0,-0.00011280042054824573,0.0,-4.618755131359204e-05,0.0,-4.230688802463801e-05,0.0,-0.00016213605472958486,0.0,-7.226938881836015e-05,0.0,-0.0014079161870035484,0.0,0.002737966761115099,0.0,-0.00015781297109406273,0.0,-0.00013083037307513407,0.0,-5.0738342693824186e-05,0.0,-4.618755131359202e-05,0.0,-0.00016360865614662841,0.0,-7.596342396838016e-05,0.0,-0.00013441231269023982,0.0,-0.0001578129710940628,0.0,0.0027644579962172113,0.0,-0.0013751201851360964,0.0,-0.0001308303730751341,0.0,-0.00011280042054824574,0.0,-0.00013503412998400337,0.0,-0.0001253650474245535,0.0,-0.00011280042054824573,0.0,-0.00013083037307513415,0.0,-0.001375120185136097,0.0,0.0027644579962172104,0.0,-0.00015781297109406273,0.0,-0.0001344123126902398,0.0,-0.0001253650474245537,0.0,-0.00013503412998400354,0.0,-4.6187551313592065e-05,0.0,-5.0738342693824186e-05,0.0,-0.00013083037307513423,0.0,-0.00015781297109406257,0.0,0.002737966761115099,0.0,-0.0014079161870035478,0.0,-7.596342396838013e-05,0.0,-0.0001636086561466285,0.0,-4.230688802463799e-05,0.0,-4.618755131359209e-05,0.0,-0.00011280042054824565,0.0,-0.00013441231269023993,0.0,-0.0014079161870035482,0.0,0.0027243458406073034,0.0,-7.226938881836014e-05,0.0,-0.00016213605472958478,0.0,-0.0001621360547295848,0.0,-0.0001636086561466284,0.0,-0.0001350341299840033,0.0,-0.00012536504742455357,0.0,-7.596342396838012e-05,0.0,-7.226938881836014e-05,0.0,0.0017055017224851755,0.0,-0.0002195210240808387,0.0,-7.226938881836018e-05,0.0,-7.596342396838017e-05,0.0,-0.00012536504742455365,0.0,-0.0001350341299840033,0.0,-0.0001636086561466284,0.0,-0.00016213605472958483,0.0,-0.00021952102408083872,0.0,0.0017055017224851755
269575157.9585931,0.0,0.0028363657860845885,0.0,-0.0014658070363053996,0.0,-0.00013993909262933885,0.0,-0.0001174385603803054,0.0,-4.8086696019362784e-05,0.0,-4.4046467199643974e-05,0.0,-0.000168802782477579,0.0,-7.52409693256663e-05,0.0,-0.0014658070363053985,0.0,0.0028505467730677494,0.0,-0.0001643019418238669,0.0,-0.00013620987043563954,0.0,-5.282460732933865e-05,0.0,-4.8086696019362506e-05,0.0,-0.0001703359344781753,0.0,-7.908689621054938e-05,0.0,-0.00013993909262933975,0.0,-0.00016430194182386678,0.0,0.002878127277625863,0.0,-0.0014316625249035427,0.0,-0.00013620987043563894,0.0,-0.00011743856038030616,0.0,-0.0001405864778735098,0.0,-0.0001305198209367611,0.0,-0.00011743856038030546,0.0,-0.00013620987043563935,0.0,-0.001431662524903539,0.0,0.002878127277625865,0.0,-0.0001643019418238671,0.0,-0.00013993909262933918,0.0,-0.0001305198209367612,0.0,-0.00014058647787350989,0.0,-4.8086696019362445e-05,0.0,-5.2824607329338826e-05,0.0,-0.00013620987043563962,0.0,-0.00016430194182386689,0.0,0.002850546773067753,0.0,-0.001465807036305402,0.0,-7.90868962105495e-05,0.0,-0.0001703359344781755,0.0,-4.404646719964416e-05,0.0,-4.808669601936274e-05,0.0,-0.00011743856038030577,0.0,-0.0001399390926293381,0.0,-0.0014658070363053977,0.0,0.0028363657860845876,0.0,-7.524096932566607e-05,0.0,-0.00016880278247757957,0.0,-0.00016880278247757973,0.0,-0.00017033593447817526,0.0,-0.0001405864778735095,0.0,-0.00013051982093676095,0.0,-7.908689621054937e-05,0.0,-7.524096932566633e-05,0.0,0.001775628725862111,0.0,-0.00022854731317458038,0.0,-7.524096932566625e-05,0.0,-7.908689621054938e-05,0.0,-0.00013051982093676098,0.0,-0.00014058647787350948,0.0,-0.00017033593447817534,0.0,-0.0001688027824775797,0.0,-0.00022854731317458065,0.0,0.0017756287258621094
280659578.3161132,0.0,0.002952991779735978,0.0,-0.001526078247779256,0.0,-0.00014569312330078472,0.0,-0.00012226741174515415,0.0,-5.00639299615377e-05,0.0,-4.585757457838645e-05,0.0,-0.0001757436334546119,0.0,-7.83347356000837e-05,0.0,-0.001526078247779257,0.0,0.0029677558620681203,0.0,-0.00017105772675050495,0.0,-0.0001418105625475726,0.0,-5.4996655218667266e-05,0.0,-5.0063929961537754e-05,0.0,-0.00017733982576417114,0.0,-8.23387997205304e-05,0.0,-0.00014569312330078447,0.0,-0.00017105772675050498,0.0,0.002996470424780964,0.0,-0.0014905297786828367,0.0,-0.0001418105625475729,0.0,-0.000122267411745154,0.0,-0.00014636712780109867,0.0,-0.00013588654898101824,0.0,-0.00012226741174515426,0.0,-0.0001418105625475728,0.0,-0.0014905297786828376,0.0,0.002996470424780963,0.0,-0.00017105772675050476,0.0,-0.00014569312330078464,0.0,-0.0001358865489810182,0.0,-0.0001463671278010987,0.0,-5.006392996153778e-05,0.0,-5.4996655218667286e-05,0.0,-0.00014181056254757254,0.0,-0.00017105772675050492,0.0,0.002967755862068119,0.0,-0.001526078247779256,0.0,-8.233879972053054e-05,0.0,-0.0001773398257641711,0.0,-4.585757457838637e-05,0.0,-5.006392996153767e-05,0.0,-0.00012226741174515415,0.0,-0.00014569312330078483,0.0,-0.0015260782477792563,0.0,0.002952991779735977,0.0,-7.833473560008369e-05,0.0,-0.00017574363345461186,0.0,-0.00017574363345461178,0.0,-0.0001773398257641712,0.0,-0.0001463671278010988,0.0,-0.00013588654898101824,0.0,-8.233879972053056e-05,0.0,-7.833473560008358e-05,0.0,0.0018486392189112025,0.0,-0.0002379447461947177,0.0,-7.833473560008357e-05,0.0,-8.233879972053057e-05,0.0,-0.0001358865489810184,0.0,-0.0001463671278010988,0.0,-0.0001773398257641711,0.0,-0.00017574363345461178,0.0,-0.0002379447461947176,0.0,0.0018486392189112028
292199769.06283617,0.0,0.0030744132135459967,0.0,-0.0015888276974130799,0.0,-0.0001516837488246468,0.0,-0.0001272948163401181,0.0,-5.2122464021743616e-05,0.0,-4.7743151265245894e-05,0.0,-0.00018296987908911512,0.0,-8.15557116891335e-05,0.0,-0.0015888276974130794,0.0,0.0030897843670044303,0.0,-0.00017809129676883578,0.0,-0.00014764154452053031,0.0,-5.725801360687196e-05,0.0,-5.212246402174359e-05,0.0,-0.00018463170380584657,0.0,-8.572441534901605e-05,0.0,-0.00015168374882464704,0.0,-0.00017809129676883573,0.0,0.003119679618197257,0.0,-0.0015518175425385068,0.0,-0.00014764154452053012,0.0,-0.00012729481634011835,0.0,-0.00015238546711454352,0.0,-0.00014147394672658372,0.0,-0.00012729481634011822,0.0,-0.00014764154452053015,0.0,-0.0015518175425385057,0.0,0.0031196796181972566,0.0,-0.00017809129676883586,0.0,-0.00015168374882464685,0.0,-0.00014147394672658385,0.0,-0.00015238546711454355,0.0,-5.21224640217436e-05,0.0,-5.7258013606872e-05,0.0,-0.00014764154452053048,0.0,-0.00017809129676883573,0.0,0.0030897843670044316,0.0,-0.00158882769741308,0.0,-8.572441534901599e-05,0.0,-0.00018463170380584665,0.0,-4.774315126524592e-05,0.0,-5.212246402174363e-05,0.0,-0.00012729481634011816,0.0,-0.00015168374882464653,0.0,-0.0015888276974130794,0.0,0.0030744132135459945,0.0,-8.15557116891335e-05,0.0,-0.00018296987908911517,0.0,-0.00018296987908911525,0.0,-0.0001846317038058465,0.0,-0.00015238546711454344,0.0,-0.00014147394672658374,0.0,-8.572441534901593e-05,0.0,-8.155571168913361e-05,0.0,0.0019246517652711196,0.0,-0.0002477285838771604,0.0,-8.155571168913367e-05,0.0,-8.572441534901594e-05,0.0,-0.00014147394672658374,0.0,-0.00015238546711454336,0.0,-0.00018463170380584665,0.0,-0.0001829698790891153,0.0,-0.00024772858387716044,0.0,0.0019246517652711187
304214470.6146767,0.0,0.003200827266939197,0.0,-0.001654157285670253,0.0,-0.00015792069753353026,0.0,-0.00013252893829828434,0.0,-5.426564110698333e-05,0.0,-4.9706259297247554e-05,0.0,-0.00019049325426933087,0.0,-8.49091282196654e-05,0.0,-0.0016541572856702544,0.0,0.0032168304531398294,0.0,-0.00018541407387615678,0.0,-0.00015371228543780145,0.0,-5.961235477265793e-05,0.0,-5.426564110698334e-05,0.0,-0.00019222341007361593,0.0,-8.924924108528466e-05,0.0,-0.00015792069753353018,0.0,-0.00018541407387615672,0.0,0.003247954940488632,0.0,-0.001615625343264392,0.0,-0.0001537122854378014,0.0,-0.00013252893829828445,0.0,-0.00015865126915159207,0.0,-0.0001472910876939862,0.0,-0.00013252893829828442,0.0,-0.00015371228543780135,0.0,-0.0016156253432643925,0.0,0.003247954940488631,0.0,-0.00018541407387615683,0.0,-0.00015792069753353018,0.0,-0.00014729108769398597,0.0,-0.00015865126915159196,0.0,-5.426564110698338e-05,0.0,-5.961235477265791e-05,0.0,-0.00015371228543780137,0.0,-0.0001854140738761569,0.0,0.0032168304531398307,0.0,-0.0016541572856702538,0.0,-8.92492410852846e-05,0.0,-0.00019222341007361576,0.0,-4.970625929724754e-05,0.0,-5.426564110698335e-05,0.0,-0.00013252893829828448,0.0,-0.00015792069753353013,0.0,-0.0016541572856702531,0.0,0.0032008272669391963,0.0,-8.490912821966546e-05,0.0,-0.00019049325426933082,0.0,-0.00019049325426933084,0.0,-0.00019222341007361576,0.0,-0.000158651269151592,0.0,-0.0001472910876939861,0.0,-8.924924108528457e-05,0.0,-8.49091282196655e-05,0.0,0.002003789803692987,0.0,-0.00025791471445039884,0.0,-8.490912821966546e-05,0.0,-8.924924108528455e-05,0.0,-0.00014729108769398608,0.0,-0.00015865126915159204,0.0,-0.00019222341007361582,0.0,-0.00019049325426933082,0.0,-0.0002579147144503988,0.0,0.002003789803692987
316723193.9579882,0.0,0.0033324392269849226,0.0,-0.0017221731029683736,0.0,-0.00016441409777066674,0.0,-0.00013797827744644025,0.0,-5.649694157826984e-05,0.0,-5.1750086616585416e-05,0.0,-0.00019832597639989733,0.0,-8.840043089200545e-05,0.0,-0.0017221731029683739,0.0,0.0033491004339180693,0.0,-0.00019303794972067844,0.0,-0.00016003264373346237,0.0,-6.206350199188075e-05,0.0,-5.64969415782698e-05,0.0,-0.0002001272729367479,0.0,-9.291900098553073e-05,0.0,-0.00016441409777066696,0.0,-0.00019303794972067842,0.0,0.0033815047012874,0.0,-0.001682056800007732,0.0,-0.00016003264373346237,0.0,-0.00013797827744644022,0.0,-0.00016517470911114657,0.0,-0.0001533474184897462,0.0,-0.00013797827744643985,0.0,-0.00016003264373346234,0.0,-0.0016820568000077325,0.0,0.0033815047012873993,0.0,-0.00019303794972067834,0.0,-0.00016441409777066652,0.0,-0.00015334741848974624,0.0,-0.0001651747091111465,0.0,-5.649694157826992e-05,0.0,-6.206350199188085e-05,0.0,-0.00016003264373346248,0.0,-0.00019303794972067844,0.0,0.0033491004339180693,0.0,-0.0017221731029683736,0.0,-9.291900098553068e-05,0.0,-0.00020012727293674827,0.0,-5.1750086616585334e-05,0.0,-5.649694157826977e-05,0.0,-0.00013797827744644003,0.0,-0.00016441409777066658,0.0,-0.001722173102968374,0.0,0.0033324392269849217,0.0,-8.840043089200561e-05,0.0,-0.00019832597639989717,0.0,-0.0001983259763998975,0.0,-0.0002001272729367481,0.0,-0.0001651747091111466,0.0,-0.00015334741848974613,0.0,-9.29190009855307e-05,0.0,-8.84004308920056e-05,0.0,0.0020861818484957857,0.0,-0.0002685196794368131,0.0,-8.840043089200564e-05,0.0,-9.291900098553069e-05,0.0,-0.0001533474184897463,0.0,-0.00016517470911114654,0.0,-0.0002001272729367481,0.0,-0.0001983259763998972,0.0,-0.0002685196794368132,0.0,0.0020861818484957852
329746252.33396053,0.0,0.0034694628217683265,0.0,-0.0017929856019622483,0.0,-0.00017117449433759528,0.0,-0.000143651683108166,0.0,-5.881998890247454e-05,0.0,-5.38779522476033e-05,0.0,-0.0002064807652420121,0.0,-9.203528932337266e-05,0.0,-0.0017929856019622483,0.0,0.003486809106001286,0.0,-0.00020097530491268212,0.0,-0.00016661288320174244,0.0,-6.461543574626435e-05,0.0,-5.881998890247459e-05,0.0,-0.00020835612768372675,0.0,-9.673965446830698e-05,0.0,-0.0001711744943375951,0.0,-0.0002009753049126821,0.0,0.0035205457755237636,0.0,-0.0017512197925390197,0.0,-0.00016661288320174246,0.0,-0.00014365168310816613,0.0,-0.00017196638057703247,0.0,-0.0001596527741469687,0.0,-0.00014365168310816605,0.0,-0.0001666128832017424,0.0,-0.0017512197925390203,0.0,0.003520545775523763,0.0,-0.00020097530491268193,0.0,-0.0001711744943375951,0.0,-0.00015965277414696884,0.0,-0.00017196638057703252,0.0,-5.8819988902474537e-05,0.0,-6.461543574626435e-05,0.0,-0.0001666128832017425,0.0,-0.0002009753049126821,0.0,0.003486809106001286,0.0,-0.0017929856019622483,0.0,-9.673965446830688e-05,0.0,-0.0002083561276837267,0.0,-5.387795224760335e-05,0.0,-5.881998890247455e-05,0.0,-0.00014365168310816588,0.0,-0.00017117449433759518,0.0,-0.0017929856019622474,0.0,0.0034694628217683252,0.0,-9.203528932337268e-05,0.0,-0.0002064807652420122,0.0,-0.0002064807652420122,0.0,-0.00020835612768372664,0.0,-0.0001719663805770325,0.0,-0.00015965277414696873,0.0,-9.67396544683069e-05,0.0,-9.203528932337263e-05,0.0,0.0021719616982640924,0.0,-0.0002795607005148805,0.0,-9.203528932337263e-05,0.0,-9.673965446830691e-05,0.0,-0.00015965277414696881,0.0,-0.00017196638057703247,0.0,-0.00020835612768372664,0.0,-0.00020648076524201224,0.0,-0.00027956070051488057,0.0,0.0021719616982640924
343304794.22582114,0.0,0.00361212056746897,0.0,-0.0018667097769108293,0.0,-0.00017821286561813925,0.0,-0.0001495583684744813,0.0,-6.123855553657014e-05,0.0,-5.6093311686645406e-05,0.0,-0.00021497086356938265,0.0,-9.581960625491614e-05,0.0,-0.0018667097769108287,0.0,0.0036301800980838867,0.0,-0.0002092390291297153,0.0,-0.00017346368966466671,0.0,-6.727230018740822e-05,0.0,-6.123855553657014e-05,0.0,-0.00021692333736580844,0.0,-0.00010071740599217948,0.0,-0.00017821286561813923,0.0,-0.00020923902912971533,0.0,0.003665303955614643,0.0,-0.0018232266364407615,0.0,-0.0001734636896646666,0.0,-0.00014955836847448142,0.0,-0.00017903731272119502,0.0,-0.00016621739409670853,0.0,-0.00014955836847448128,0.0,-0.0001734636896646665,0.0,-0.0018232266364407617,0.0,0.003665303955614641,0.0,-0.00020923902912971509,0.0,-0.000178212865618139,0.0,-0.00016621739409670858,0.0,-0.000179037312721195,0.0,-6.123855553657011e-05,0.0,-6.727230018740823e-05,0.0,-0.00017346368966466671,0.0,-0.00020923902912971506,0.0,0.0036301800980838854,0.0,-0.0018667097769108287,0.0,-0.00010071740599217943,0.0,-0.00021692333736580852,0.0,-5.609331168664541e-05,0.0,-6.123855553657006e-05,0.0,-0.00014955836847448136,0.0,-0.00017821286561813936,0.0,-0.0018667097769108293,0.0,0.0036121205674689697,0.0,-9.581960625491621e-05,0.0,-0.00021497086356938263,0.0,-0.00021497086356938265,0.0,-0.0002169233373658084,0.0,-0.00017903731272119513,0.0,-0.00016621739409670855,0.0,-0.00010071740599217943,0.0,-9.581960625491625e-05,0.0,0.002261268653127086,0.0,-0.00029105570748590767,0.0,-9.58196062549163e-05,0.0,-0.00010071740599217947,0.0,-0.00016621739409670853,0.0,-0.00017903731272119505,0.0,-0.00021692333736580838,0.0,-0.00021497086356938273,0.0,-0.0002910557074859075,0.0,0.0022612686531270866
357420837.7024068,0.0,0.003760644129710637,0.0,-0.0019434653504193883,0.0,-0.00018554064140648957,0.0,-0.00015570792556538615,0.0,-6.375656905382071e-05,0.0,-5.839976251352645e-05,0.0,-0.00022381005867351094,0.0,-9.975952713733193e-05,0.0,-0.001943465350419389,0.0,0.003779446234049004,0.0,-0.00021784254204847386,0.0,-0.0001805961883250399,0.0,-7.003840986658362e-05,0.0,-6.375656905382067e-05,0.0,-0.00022584281449762958,0.0,-0.0001048587151313094,0.0,-0.00018554064140648965,0.0,-0.00021784254204847397,0.0,0.003816014318133857,0.0,-0.001898194265499672,0.0,-0.00018059618832503985,0.0,-0.00015570792556538613,0.0,-0.00018639898821425866,0.0,-0.00017305193879604808,0.0,-0.00015570792556538602,0.0,-0.0001805961883250397,0.0,-0.0018981942654996717,0.0,0.003816014318133857,0.0,-0.00021784254204847386,0.0,-0.00018554064140648946,0.0,-0.00017305193879604803,0.0,-0.00018639898821425855,0.0,-6.375656905382071e-05,0.0,-7.003840986658357e-05,0.0,-0.00018059618832503985,0.0,-0.00021784254204847392,0.0,0.003779446234049003,0.0,-0.0019434653504193885,0.0,-0.00010485871513130943,0.0,-0.0002258428144976297,0.0,-5.839976251352636e-05,0.0,-6.375656905382071e-05,0.0,-0.0001557079255653861,0.0,-0.00018554064140648951,0.0,-0.0019434653504193883,0.0,0.0037606441297106364,0.0,-9.97595271373319e-05,0.0,-0.00022381005867351073,0.0,-0.0002238100586735108,0.0,-0.00022584281449762969,0.0,-0.00018639898821425855,0.0,-0.00017305193879604792,0.0,-0.00010485871513130945,0.0,-9.975952713733195e-05,0.0,0.0023542477409716493,0.0,-0.00030302336739070036,0.0,-9.975952713733189e-05,0.0,-0.00010485871513130937,0.0,-0.00017305193879604816,0.0,-0.00018639898821425855,0.0,-0.00022584281449762952,0.0,-0.0002238100586735108,0.0,-0.00030302336739070036,0.0,0.0023542477409716493
372117306.1738785,0.0,0.003915274699769157,0.0,-0.0020233769678601634,0.0,-0.00019316972146834506,0.0,-0.00016211034080659055,0.0,-6.637811852187055e-05,0.0,-6.080105023373503e-05,0.0,-0.00023301270475323407,0.0,-0.00010386145011061808,0.0,-0.002023376967860163,0.0,0.0039348499110572555,0.0,-0.00022679981513736486,0.0,-0.0001880219618329538,0.0,-7.291825674124538e-05,0.0,-6.637811852187053e-05,0.0,-0.000235129043650101,0.0,-0.00010917030706532381,0.0,-0.00019316972146834484,0.0,-0.00022679981513736486,0.0,0.003972921605559089,0.0,-0.001976244421598493,0.0,-0.0001880219618329537,0.0,-0.00016211034080659047,0.0,-0.000194063361872534,0.0,-0.00018016750703989148,0.0,-0.0001621103408065906,0.0,-0.00018802196183295358,0.0,-0.001976244421598493,0.0,0.003972921605559088,0.0,-0.00022679981513736477,0.0,-0.00019316972146834495,0.0,-0.00018016750703989142,0.0,-0.00019406336187253402,0.0,-6.637811852187057e-05,0.0,-7.29182567412453e-05,0.0,-0.0001880219618329537,0.0,-0.0002267998151373648,0.0,0.003934849911057255,0.0,-0.002023376967860164,0.0,-0.00010917030706532372,0.0,-0.00023512904365010086,0.0,-6.080105023373497e-05,0.0,-6.637811852187057e-05,0.0,-0.0001621103408065906,0.0,-0.00019316972146834495,0.0,-0.0020233769678601634,0.0,0.003915274699769157,0.0,-0.00010386145011061814,0.0,-0.00023301270475323407,0.0,-0.000233012704753234,0.0,-0.00023512904365010089,0.0,-0.00019406336187253407,0.0,-0.00018016750703989137,0.0,-0.00010917030706532368,0.0,-0.00010386145011061814,0.0,0.002451049952956925,0.0,-0.00031548311482345785,0.0,-0.0001038614501106181,0.0,-0.00010917030706532373,0.0,-0.00018016750703989142,0.0,-0.000194063361872534,0.0,-0.00023512904365010086,0.0,-0.00023301270475323404,0.0,-0.00031548311482345785,0.0,0.002451049952956925
387418065.6176431,0.0,0.004076263386249203,0.0,-0.0021065743997872245,0.0,-0.00020111249486525084,0.0,-0.00016877601124673218,0.0,-6.910746114308754e-05,0.0,-6.330107436085773e-05,0.0,-0.0002425937462248831,0.0,-0.00010813203639418259,0.0,-0.002106574399787224,0.0,0.004096643493181795,0.0,-0.0002361253943451364,0.0,-0.00019575306909515246,0.0,-7.591651746963813e-05,0.0,-6.910746114308764e-05,0.0,-0.00024479710497227853,0.0,-0.00011365918350050871,0.0,-0.00020111249486525065,0.0,-0.00023612539434513663,0.0,0.004136280623715557,0.0,-0.002057503852415804,0.0,-0.00019575306909515246,0.0,-0.00016877601124673218,0.0,-0.0002020428800717559,0.0,-0.00018757565398458653,0.0,-0.0001687760112467322,0.0,-0.00019575306909515243,0.0,-0.0020575038524158033,0.0,0.0041362806237155575,0.0,-0.00023612539434513655,0.0,-0.00020111249486525078,0.0,-0.00018757565398458642,0.0,-0.00020204288007175588,0.0,-6.910746114308753e-05,0.0,-7.591651746963822e-05,0.0,-0.00019575306909515246,0.0,-0.00023612539434513647,0.0,0.0040966434931817945,0.0,-0.0021065743997872237,0.0,-0.00011365918350050863,0.0,-0.00024479710497227875,0.0,-6.330107436085791e-05,0.0,-6.910746114308756e-05,0.0,-0.00016877601124673215,0.0,-0.00020111249486525092,0.0,-0.002106574399787224,0.0,0.004076263386249203,0.0,-0.00010813203639418256,0.0,-0.00024259374622488298,0.0,-0.00024259374622488306,0.0,-0.0002447971049722788,0.0,-0.000202042880071756,0.0,-0.00018757565398458648,0.0,-0.00011365918350050859,0.0,-0.00010813203639418255,0.0,0.002551832488712788,0.0,-0.00032845518349211496,0.0,-0.00010813203639418256,0.0,-0.00011365918350050867,0.0,-0.00018757565398458648,0.0,-0.00020204288007175588,0.0,-0.00024479710497227864,0.0,-0.00024259374622488287,0.0,-0.000328455183492115,0.0,0.0025518324887127885
403347963.3349353,0.0,0.004243871622866075,0.0,-0.0021931927526742463,0.0,-0.0002093818600735186,0.0,-0.00017571576144141305,0.0,-7.194902916794478e-05,0.0,-6.590389474910067e-05,0.0,-0.0002525687419909067,0.0,-0.00011257822110416958,0.0,-0.0021931927526742463,0.0,0.004265089721228897,0.0,-0.00024583442372242326,0.0,-0.00020380206485780605,0.0,-7.903806100534383e-05,0.0,-7.194902916794478e-05,0.0,-0.0002548626986804108,0.0,-0.0001183326340400634,0.0,-0.0002093818600735186,0.0,-0.0002458344237224231,0.0,0.004306356655561826,0.0,-0.00214210451725487,0.0,-0.00020380206485780584,0.0,-0.00017571576144141313,0.0,-0.0002103505009590758,0.0,-0.0001952884099126429,0.0,-0.0001757157614414132,0.0,-0.0002038020648578059,0.0,-0.002142104517254872,0.0,0.004306356655561822,0.0,-0.00024583442372242326,0.0,-0.00020938186007351845,0.0,-0.0001952884099126429,0.0,-0.00021035050095907594,0.0,-7.19490291679448e-05,0.0,-7.903806100534381e-05,0.0,-0.000203802064857806,0.0,-0.0002458344237224232,0.0,0.004265089721228896,0.0,-0.002193192752674246,0.0,-0.00011833263404006344,0.0,-0.0002548626986804108,0.0,-6.590389474910052e-05,0.0,-7.19490291679449e-05,0.0,-0.00017571576144141313,0.0,-0.00020938186007351826,0.0,-0.002193192752674246,0.0,0.004243871622866075,0.0,-0.00011257822110416942,0.0,-0.0002525687419909067,0.0,-0.00025256874199090676,0.0,-0.00025486269868041085,0.0,-0.0002103505009590758,0.0,-0.0001952884099126429,0.0,-0.0001183326340400634,0.0,-0.00011257822110416939,0.0,0.002656759011620414,0.0,-0.00034196063907638755,0.0,-0.00011257822110416947,0.0,-0.00011833263404006349,0.0,-0.00019528840991264295,0.0,-0.0002103505009590758,0.0,-0.0002548626986804108,0.0,-0.0002525687419909068,0.0,-0.00034196063907638734,0.0,0.002656759011620415
419932868.3009959,0.0,0.004418371592994719,0.0,-0.002283372688317434,0.0,-0.0002179912459303966,0.0,-0.0001829408610314782,0.0,-7.490743709266708e-05,0.0,-6.861373818619128e-05,0.0,-0.00026295389070638025,0.0,-0.00011720722451557467,0.0,-0.0022833726883174344,0.0,0.004440462139409585,0.0,-0.00025594267001456336,0.0,-0.000212182020094488,0.0,-8.228795650410179e-05,0.0,-7.490743709266717e-05,0.0,-0.0002653421705539266,0.0,-0.00012319824802187618,0.0,-0.0002179912459303963,0.0,-0.0002559426700145634,0.0,0.0044834258919897,0.0,-0.0022301838013357982,0.0,-0.00021218202009448792,0.0,-0.00018294086103147808,0.0,-0.00021899971549613448,0.0,-0.00020331829976902156,0.0,-0.00018294086103147838,0.0,-0.000212182020094488,0.0,-0.0022301838013357987,0.0,0.0044834258919897,0.0,-0.0002559426700145634,0.0,-0.00021799124593039658,0.0,-0.00020331829976902175,0.0,-0.0002189997154961347,0.0,-7.490743709266715e-05,0.0,-8.228795650410167e-05,0.0,-0.00021218202009448797,0.0,-0.00025594267001456336,0.0,0.004440462139409585,0.0,-0.002283372688317434,0.0,-0.00012319824802187608,0.0,-0.0002653421705539266,0.0,-6.861373818619131e-05,0.0,-7.490743709266716e-05,0.0,-0.00018294086103147838,0.0,-0.00021799124593039652,0.0,-0.002283372688317434,0.0,0.004418371592994718,0.0,-0.00011720722451557476,0.0,-0.00026295389070638025,0.0,-0.0002629538907063803,0.0,-0.0002653421705539266,0.0,-0.0002189997154961345,0.0,-0.0002033182997690218,0.0,-0.000123198248021876,0.0,-0.00011720722451557476,0.0,0.0027659999145894995,0.0,-0.00035602141343687635,0.0,-0.00011720722451557482,0.0,-0.00012319824802187602,0.0,-0.00020331829976902194,0.0,-0.0002189997154961344,0.0,-0.0002653421705539266,0.0,-0.0002629538907063803,0.0,-0.0003560214134368763,0.0,0.0027659999145894995
437199713.1743738,0.0,0.00460004667167538,0.0,-0.0023772606522598637,0.0,-0.00022695463344150825,0.0,-0.00019046304304407688,0.0,-7.798748915283186e-05,0.0,-7.143500525737082e-05,0.0,-0.00027376605708442095,0.0,-0.00012202656378743925,0.0,-0.0023772606522598633,0.0,0.0046230455395551906,0.0,-0.000266466548265627,0.0,-0.0002209065432324704,0.0,-8.567148155574202e-05,0.0,-7.798748915283187e-05,0.0,-0.0002762525384797733,0.0,-0.0001282639268430462,0.0,-0.00022695463344150836,0.0,-0.00026646654826562716,0.0,0.004667775880337798,0.0,-0.0023218847388989513,0.0,-0.00022090654323247063,0.0,-0.00019046304304407688,0.0,-0.00022800456936738518,0.0,-0.0002116783635007188,0.0,-0.0001904630430440768,0.0,-0.00022090654323247058,0.0,-0.0023218847388989518,0.0,0.004667775880337797,0.0,-0.00026646654826562694,0.0,-0.00022695463344150817,0.0,-0.0002116783635007188,0.0,-0.00022800456936738513,0.0,-7.798748915283192e-05,0.0,-8.567148155574211e-05,0.0,-0.00022090654323247077,0.0,-0.0002664665482656269,0.0,0.00462304553955519,0.0,-0.0023772606522598633,0.0,-0.0001282639268430464,0.0,-0.00027625253847977335,0.0,-7.143500525737084e-05,0.0,-7.798748915283171e-05,0.0,-0.00019046304304407675,0.0,-0.0002269546334415083,0.0,-0.0023772606522598633,0.0,0.004600046671675379,0.0,-0.00012202656378743906,0.0,-0.00027376605708442095,0.0,-0.000273766057084421,0.0,-0.00027625253847977346,0.0,-0.00022800456936738513,0.0,-0.0002116783635007188,0.0,-0.0001282639268430463,0.0,-0.00012202656378743907,0.0,0.0028797325967637372,0.0,-0.0003706603402307872,0.0,-0.00012202656378743907,0.0,-0.00012826392684304636,0.0,-0.00021167836350071876,0.0,-0.000228004569367385,0.0,-0.0002762525384797734,0.0,-0.000273766057084421,0.0,-0.00037066034023078704,0.0,0.002879732596763738
455176538.0335708,0.0,0.004789191885793714,0.0,-0.002475009111608215,0.0,-0.00023628657848497183,0.0,-0.00019829452294623212,0.0,-8.119418712509207e-05,0.0,-7.437227749161721e-05,0.0,-0.00028502279928323553,0.0,-0.00012704406517015731,0.0,-0.0024750091116082147,0.0,0.004813136423598222,0.0,-0.00027742314847523287,0.0,-0.00022998980225180313,0.0,-8.919413075460193e-05,0.0,-8.119418712509201e-05,0.0,-0.00028761152008820553,0.0,-0.00013353789679117082,0.0,-0.0002362865784849715,0.0,-0.0002774231484752329,0.0,0.004859705991347157,0.0,-0.0024173562454819883,0.0,-0.00022998980225180323,0.0,-0.00019829452294623193,0.0,-0.00023737968578924648,0.0,-0.0002203821772326736,0.0,-0.00019829452294623223,0.0,-0.00022998980225180332,0.0,-0.0024173562454819887,0.0,0.004859705991347156,0.0,-0.0002774231484752327,0.0,-0.00023628657848497178,0.0,-0.00022038217723267372,0.0,-0.0002373796857892465,0.0,-8.119418712509211e-05,0.0,-8.919413075460188e-05,0.0,-0.00022998980225180337,0.0,-0.0002774231484752328,0.0,0.00481313642359822,0.0,-0.0024750091116082142,0.0,-0.00013353789679117084,0.0,-0.00028761152008820553,0.0,-7.437227749161715e-05,0.0,-8.119418712509216e-05,0.0,-0.00019829452294623206,0.0,-0.00023628657848497178,0.0,-0.0024750091116082147,0.0,0.004789191885793713,0.0,-0.00012704406517015737,0.0,-0.0002850227992832354,0.0,-0.00028502279928323553,0.0,-0.00028761152008820553,0.0,-0.00023737968578924662,0.0,-0.00022038217723267372,0.0,-0.00013353789679117087,0.0,-0.00012704406517015731,0.0,0.002998141751603908,0.0,-0.00038590119199210024,0.0,-0.00012704406517015734,0.0,-0.00013353789679117087,0.0,-0.00022038217723267372,0.0,-0.00023737968578924648,0.0,-0.0002876115200882055,0.0,-0.00028502279928323553,0.0,-0.00038590119199210024,0.0,0.0029981417516039078
473892535.9120542,0.0,0.004986114393182602,0.0,-0.0025767768026280654,0.0,-0.00024600223544906735,0.0,-0.0002064480184818538,0.0,-8.453273844969101e-05,0.0,-7.743032480171062e-05,0.0,-0.0002967423974192691,0.0,-0.00013226787671473037,0.0,-0.0025767768026280662,0.0,0.005011043485069546,0.0,-0.00028883026335144315,0.0,-0.0002394465476930635,0.0,-9.286162462233986e-05,0.0,-8.453273844969085e-05,0.0,-0.0002994375615249044,0.0,-0.00013902872240322459,0.0,-0.0002460022354490673,0.0,-0.0002888302633514432,0.0,0.005059527905317157,0.0,-0.0025167533597476683,0.0,-0.00023944654769306344,0.0,-0.00020644801848185393,0.0,-0.00024714028925712305,0.0,-0.0002294438753143927,0.0,-0.00020644801848185393,0.0,-0.0002394465476930632,0.0,-0.0025167533597476675,0.0,0.005059527905317157,0.0,-0.0002888302633514429,0.0,-0.00024600223544906735,0.0,-0.0002294438753143925,0.0,-0.00024714028925712305,0.0,-8.453273844969111e-05,0.0,-9.286162462233982e-05,0.0,-0.00023944654769306344,0.0,-0.0002888302633514432,0.0,0.005011043485069544,0.0,-0.0025767768026280662,0.0,-0.00013902872240322459,0.0,-0.00029943756152490464,0.0,-7.743032480171044e-05,0.0,-8.453273844969108e-05,0.0,-0.000206448018481854,0.0,-0.0002460022354490673,0.0,-0.002576776802628066,0.0,0.0049861143931826,0.0,-0.0001322678767147304,0.0,-0.0002967423974192689,0.0,-0.00029674239741926906,0.0,-0.0002994375615249044,0.0,-0.0002471402892571233,0.0,-0.00022944387531439263,0.0,-0.00013902872240322459,0.0,-0.00013226787671473037,0.0,0.003121419666816384,0.0,-0.0004017687187364064,0.0,-0.00013226787671473034,0.0,-0.00013902872240322453,0.0,-0.00022944387531439263,0.0,-0.0002471402892571232,0.0,-0.0002994375615249044,0.0,-0.000296742397419269,0.0,-0.0004017687187364064,0.0,0.0031214196668163845
493378100.2055832,0.0,0.005191133981423767,0.0,-0.0026827289885198516,0.0,-0.0002561173818418442,0.0,-0.000214936770324416,0.0,-8.800856468696116e-05,0.0,-8.061411323021711e-05,0.0,-0.0003089438832527624,0.0,-0.00013770648150459718,0.0,-0.002682728988519852,0.0,0.005217088110393869,0.0,-0.0003007064172048052,0.0,-0.00024929213661114375,0.0,-9.667991889763934e-05,0.0,-8.800856468696112e-05,0.0,-0.00031174986740615575,0.0,-0.0001447453203737358,0.0,-0.0002561173818418441,0.0,-0.00030070641720480513,0.0,0.005267566118251273,0.0,-0.0026202374952551733,0.0,-0.00024929213661114375,0.0,-0.0002149367703244158,0.0,-0.00025730223026886094,0.0,-0.00023887817327308572,0.0,-0.00021493677032441587,0.0,-0.00024929213661114375,0.0,-0.0026202374952551733,0.0,0.005267566118251275,0.0,-0.0003007064172048053,0.0,-0.00025611738184184437,0.0,-0.0002388781732730858,0.0,-0.0002573022302688609,0.0,-8.800856468696119e-05,0.0,-9.667991889763936e-05,0.0,-0.000249292136611144,0.0,-0.00030070641720480535,0.0,0.005217088110393869,0.0,-0.0026827289885198516,0.0,-0.00014474532037373576,0.0,-0.00031174986740615575,0.0,-8.061411323021717e-05,0.0,-8.800856468696112e-05,0.0,-0.00021493677032441582,0.0,-0.0002561173818418441,0.0,-0.002682728988519851,0.0,0.005191133981423767,0.0,-0.0001377064815045972,0.0,-0.0003089438832527623,0.0,-0.00030894388325276227,0.0,-0.0003117498674061558,0.0,-0.00025730223026886094,0.0,-0.0002388781732730858,0.0,-0.00014474532037373576,0.0,-0.0001377064815045972,0.0,0.003249766536614148,0.0,-0.00041828868815310097,0.0,-0.00013770648150459723,0.0,-0.00014474532037373578,0.0,-0.00023887817327308586,0.0,-0.00025730223026886083,0.0,-0.0003117498674061557,0.0,-0.00030894388325276227,0.0,-0.0004182886881531011,0.0,0.0032497665366141484
513664874.0288369,0.0,0.00540458358715914,0.0,-0.002793037727794073,0.0,-0.00026664844391262603,0.0,-0.0002237745635788287,0.0,-9.162731032153568e-05,0.0,-8.392881301397754e-05,0.0,-0.00032164707109392355,0.0,-0.0001433687114315349,0.0,-0.002793037727794073,0.0,0.0054316049007975065,0.0,-0.00031307089603046275,0.0,-0.0002595425575139743,0.0,-0.00010065521420788834,0.0,-9.162731032153566e-05,0.0,-0.0003245684320057244,0.0,-0.0001506969740348384,0.0,-0.00026664844391262663,0.0,-0.00031307089603046183,0.0,0.00548415846881461,0.0,-0.0027279767025837945,0.0,-0.00025954255751397366,0.0,-0.00022377456357882894,0.0,-0.0002678820110647822,0.0,-0.0002487003917105964,0.0,-0.0002237745635788287,0.0,-0.0002595425575139739,0.0,-0.0027279767025837963,0.0,0.005484158468814605,0.0,-0.0003130708960304622,0.0,-0.00026664844391262625,0.0,-0.00024870039171059606,0.0,-0.0002678820110647819,0.0,-9.162731032153572e-05,0.0,-0.00010065521420788846,0.0,-0.00025954255751397414,0.0,-0.0003130708960304621,0.0,0.005431604900797506,0.0,-0.0027930377277940732,0.0,-0.00015069697403483824,0.0,-0.0003245684320057249,0.0,-8.392881301397752e-05,0.0,-9.16273103215356e-05,0.0,-0.00022377456357882902,0.0,-0.000266648443912626,0.0,-0.0027930377277940724,0.0,0.005404583587159142,0.0,-0.0001433687114315352,0.0,-0.0003216470710939233,0.0,-0.00032164707109392295,0.0,-0.0003245684320057247,0.0,-0.0002678820110647824,0.0,-0.0002487003917105962,0.0,-0.00015069697403483835,0.0,-0.0001433687114315351,0.0,0.003383390786817388,0.0,-0.00043548792745020726,0.0,-0.00014336871143153518,0.0,-0.00015069697403483835,0.0,-0.00024870039171059644,0.0,-0.0002678820110647819,0.0,-0.0003245684320057249,0.0,-0.00032164707109392284,0.0,-0.0004354879274502073,0.0,0.0033833907868173873
534785801.6014837,0.0,0.005626809836755282,0.0,-0.002907882153681557,0.0,-0.0002776125233270213,0.0,-0.0002329757501674289,0.0,-9.539485192857364e-05,0.0,-8.73798069801856e-05,0.0,-0.0003348725899798948,0.0,-0.0001492637615379966,0.0,-0.0029078821536815554,0.0,0.0056549422156759585,0.0,-0.0003259437788271786,0.0,-0.00027021445632667036,0.0,-0.00010479396613853862,0.0,-9.539485192857346e-05,0.0,-0.00033791407172407517,0.0,-0.0001568933484317141,0.0,-0.00027761252332702174,0.0,-0.0003259437788271784,0.0,0.005709656686958776,0.0,-0.002840145942234596,0.0,-0.00027021445632667026,0.0,-0.0002329757501674295,0.0,-0.0002788968124261003,0.0,-0.00025892648118291923,0.0,-0.00023297575016742838,0.0,-0.00027021445632666993,0.0,-0.0028401459422345995,0.0,0.0057096566869587724,0.0,-0.00032594377882717786,0.0,-0.0002776125233270209,0.0,-0.000258926481182919,0.0,-0.00027889681242610035,0.0,-9.539485192857382e-05,0.0,-0.00010479396613853865,0.0,-0.00027021445632667036,0.0,-0.00032594377882717775,0.0,0.005654942215675958,0.0,-0.002907882153681557,0.0,-0.00015689334843171427,0.0,-0.0003379140717240752,0.0,-8.737980698018524e-05,0.0,-9.539485192857376e-05,0.0,-0.0002329757501674294,0.0,-0.0002776125233270215,0.0,-0.0029078821536815567,0.0,0.005626809836755285,0.0,-0.00014926376153799665,0.0,-0.00033487258997989475,0.0,-0.0003348725899798947,0.0,-0.00033791407172407484,0.0,-0.00027889681242610067,0.0,-0.00025892648118291923,0.0,-0.0001568933484317142,0.0,-0.00014926376153799652,0.0,0.0035225094133215615,0.0,-0.00045339436691977026,0.0,-0.00014926376153799655,0.0,-0.00015689334843171451,0.0,-0.0002589264811829192,0.0,-0.0002788968124261001,0.0,-0.000337914071724075,0.0,-0.0003348725899798947,0.0,-0.00045339436691977015,0.0,0.0035225094133215606
556775181.7471672,0.0,0.005858173609199053,0.0,-0.0030274487650326226,0.0,-0.0002890274249387687,0.0,-0.00024255527213644162,0.0,-9.931730771688515e-05,0.0,-9.097269928770326e-05,0.0,-0.00034864191717479424,0.0,-0.0001554012049491805,0.0,-0.003027448765032623,0.0,0.005887462738303886,0.0,-0.00033934597020415195,0.0,-0.0002813251634232925,0.0,-0.0001091028957164998,0.0,-9.931730771688523e-05,0.0,-0.0003518084588926664,0.0,-0.0001633445060179154,0.0,-0.0002890274249387688,0.0,-0.0003393459702041519,0.0,0.0059444269651054635,0.0,-0.0029569273687533896,0.0,-0.00028132516342329206,0.0,-0.0002425552721364419,0.0,-0.00029036452157524305,0.0,-0.0002695730481027309,0.0,-0.00024255527213644143,0.0,-0.0002813251634232922,0.0,-0.00295692736875339,0.0,0.005944426965105462,0.0,-0.00033934597020415184,0.0,-0.0002890274249387684,0.0,-0.00026957304810273095,0.0,-0.000290364521575243,0.0,-9.931730771688523e-05,0.0,-0.00010910289571649976,0.0,-0.0002813251634232925,0.0,-0.00033934597020415195,0.0,0.0058874627383038855,0.0,-0.0030274487650326226,0.0,-0.00016334450601791553,0.0,-0.0003518084588926664,0.0,-9.097269928770341e-05,0.0,-9.931730771688517e-05,0.0,-0.0002425552721364418,0.0,-0.00028902742493876844,0.0,-0.003027448765032622,0.0,0.005858173609199052,0.0,-0.00015540120494918035,0.0,-0.0003486419171747942,0.0,-0.0003486419171747944,0.0,-0.00035180845889266633,0.0,-0.00029036452157524305,0.0,-0.0002695730481027309,0.0,-0.00016334450601791564,0.0,-0.0001554012049491803,0.0,0.003667348334482741,0.0,-0.0004720370852945928,0.0,-0.00015540120494918027,0.0,-0.00016334450601791564,0.0,-0.000269573048102731,0.0,-0.00029036452157524283,0.0,-0.00035180845889266606,0.0,-0.0003486419171747943,0.0,-0.0004720370852945928,0.0,0.003667348334482741
579668723.5922517,0.0,0.006099050622138306,0.0,-0.00315193172917738,0.0,-0.0003009116857034976,0.0,-0.00025252868592075625,0.0,-0.00010340104746444842,0.0,-9.471332452780076e-05,0.0,-0.0003629774130471948,0.0,-0.00016179100841907725,0.0,-0.0031519317291773805,0.0,0.006129544064805865,0.0,-0.00035329923432855277,0.0,-0.00029289272177008494,0.0,-0.00011358900032458877,0.0,-0.00010340104746444849,0.0,-0.00036627415696821613,0.0,-0.00017006092299604145,0.0,-0.00030091168570349757,0.0,-0.0003532992343285528,0.0,0.006188850552815751,0.0,-0.0030785106265361893,0.0,-0.0002928927217700849,0.0,-0.00025252868592075636,0.0,-0.00030230376122337337,0.0,-0.0002806573817069706,0.0,-0.0002525286859207563,0.0,-0.00029289272177008483,0.0,-0.0030785106265361906,0.0,0.006188850552815749,0.0,-0.00035329923432855277,0.0,-0.0003009116857034975,0.0,-0.0002806573817069706,0.0,-0.00030230376122337337,0.0,-0.00010340104746444837,0.0,-0.00011358900032458887,0.0,-0.00029289272177008516,0.0,-0.00035329923432855266,0.0,0.0061295440648058645,0.0,-0.0031519317291773805,0.0,-0.00017006092299604148,0.0,-0.0003662741569682161,0.0,-9.471332452780086e-05,0.0,-0.00010340104746444837,0.0,-0.0002525286859207563,0.0,-0.0003009116857034976,0.0,-0.0031519317291773797,0.0,0.006099050622138305,0.0,-0.00016179100841907733,0.0,-0.00036297741304719503,0.0,-0.0003629774130471951,0.0,-0.0003662741569682161,0.0,-0.0003023037612233734,0.0,-0.00028065738170697063,0.0,-0.00017006092299604153,0.0,-0.0001617910084190773,0.0,0.0038181427579922766,0.0,-0.0004914463569699434,0.0,-0.00016179100841907728,0.0,-0.00017006092299604158,0.0,-0.00028065738170697074,0.0,-0.0003023037612233732,0.0,-0.000366274156968216,0.0,-0.000362977413047195,0.0,-0.0004914463569699432,0.0,0.0038181427579922784
603503604.5548016,0.0,0.006349832042019584,0.0,-0.003281533197239114,0.0,-0.00031328460478137455,0.0,-0.0002629121876064265,0.0,-0.00010765270286245768,0.0,-9.860775719909925e-05,0.0,-0.0003779023573817107,0.0,-0.00016844354851574153,0.0,-0.0032815331972391136,0.0,0.006381579317344555,0.0,-0.00036782623026891773,0.0,-0.00030493591622592016,0.0,-0.0001182595650647627,0.0,-0.0001076527028624575,0.0,-0.0003813346571740831,0.0,-0.00017705350633031718,0.0,-0.00031328460478137466,0.0,-0.0003678262302689176,0.0,0.006443324375911193,0.0,-0.0032050931577976972,0.0,-0.0003049359162259201,0.0,-0.00026291218760642624,0.0,-0.0003147339198122961,0.0,-0.0002921974821332825,0.0,-0.0002629121876064263,0.0,-0.00030493591622592,0.0,-0.0032050931577977,0.0,0.0064433243759111905,0.0,-0.00036782623026891757,0.0,-0.0003132846047813746,0.0,-0.0002921974821332827,0.0,-0.00031473391981229614,0.0,-0.00010765270286245765,0.0,-0.00011825956506476278,0.0,-0.00030493591622592005,0.0,-0.0003678262302689176,0.0,0.006381579317344553,0.0,-0.0032815331972391136,0.0,-0.00017705350633031718,0.0,-0.0003813346571740831,0.0,-9.860775719909913e-05,0.0,-0.00010765270286245763,0.0,-0.0002629121876064264,0.0,-0.00031328460478137417,0.0,-0.0032815331972391145,0.0,0.006349832042019583,0.0,-0.00016844354851574156,0.0,-0.00037790235738171076,0.0,-0.0003779023573817108,0.0,-0.00038133465717408305,0.0,-0.0003147339198122963,0.0,-0.0002921974821332824,0.0,-0.00017705350633031718,0.0,-0.00016844354851574153,0.0,0.003975137562836678,0.0,-0.0005116537011669315,0.0,-0.00016844354851574148,0.0,-0.0001770535063303172,0.0,-0.0002921974821332825,0.0,-0.00031473391981229614,0.0,-0.000381334657174083,0.0,-0.00037790235738171076,0.0,-0.0005116537011669313,0.0,0.003975137562836678
628318530.717959,0.0,0.006610925119313475,0.0,-0.003416463632412751,0.0,-0.0003261662748775102,0.0,-0.000273722639231915,0.0,-0.00011207917828469949,0.0,-0.0001026623215721079,0.0,-0.0003934409871836456,0.0,-0.00017536962847206867,0.0,-0.0034164636324127535,0.0,0.006643977782522002,0.0,-0.0003829505487918027,0.0,-0.0003174743040475191,0.0,-0.00012312217458858494,0.0,-0.00011207917828469946,0.0,-0.0003970144166482761,0.0,-0.00018433361145869706,0.0,-0.00032616627487751026,0.0,-0.00038295054879180194,0.0,0.006708261681051995,0.0,-0.003336880523202851,0.0,-0.0003174743040475189,0.0,-0.0002737226392319146,0.0,-0.0003276751829998537,0.0,-0.0003042120896509078,0.0,-0.00027372263923191486,0.0,-0.0003174743040475189,0.0,-0.0033368805232028543,0.0,0.00670826168105199,0.0,-0.0003829505487918022,0.0,-0.0003261662748775105,0.0,-0.0003042120896509078,0.0,-0.0003276751829998534,0.0,-0.00011207917828469958,0.0,-0.00012312217458858502,0.0,-0.0003174743040475191,0.0,-0.0003829505487918019,0.0,0.006643977782522,0.0,-0.0034164636324127517,0.0,-0.00018433361145869687,0.0,-0.0003970144166482759,0.0,-0.0001026623215721078,0.0,-0.00011207917828469938,0.0,-0.00027372263923191486,0.0,-0.00032616627487751037,0.0,-0.0034164636324127526,0.0,0.006610925119313471,0.0,-0.00017536962847206902,0.0,-0.0003934409871836456,0.0,-0.0003934409871836458,0.0,-0.00039701441664827605,0.0,-0.00032767518299985364,0.0,-0.00030421208965090746,0.0,-0.00018433361145869676,0.0,-0.00017536962847206894,0.0,0.004138587696962976,0.0,-0.0005326919331173932,0.0,-0.00017536962847206888,0.0,-0.0001843336114586967,0.0,-0.00030421208965090746,0.0,-0.0003276751829998535,0.0,-0.00039701441664827594,0.0,-0.0003934409871836455,0.0,-0.0005326919331173931,0.0,0.004138587696962975
