omega,Overhead_Tv_real_0_0,Overhead_Tv_imag_0_0,Overhead_Tv_real_0_1,Overhead_Tv_imag_0_1,Overhead_Tv_real_0_2,Overhead_Tv_imag_0_2,Overhead_Tv_real_1_0,Overhead_Tv_imag_1_0,Overhead_Tv_real_1_1,Overhead_Tv_imag_1_1,Overhead_Tv_real_1_2,Overhead_Tv_imag_1_2,Overhead_Tv_real_2_0,Overhead_Tv_imag_2_0,Overhead_Tv_real_2_1,Overhead_Tv_imag_2_1,Overhead_Tv_real_2_2,Overhead_Tv_imag_2_2,Overhead_Ti_real_0_0,Overhead_Ti_imag_0_0,Overhead_Ti_real_0_1,Overhead_Ti_imag_0_1,Overhead_Ti_real_0_2,Overhead_Ti_imag_0_2,Overhead_Ti_real_1_0,Overhead_Ti_imag_1_0,Overhead_Ti_real_1_1,Overhead_Ti_imag_1_1,Overhead_Ti_real_1_2,Overhead_Ti_imag_1_2,Overhead_Ti_real_2_0,Overhead_Ti_imag_2_0,Overhead_Ti_real_2_1,Overhead_Ti_imag_2_1,Overhead_Ti_real_2_2,Overhead_Ti_imag_2_2,Overhead_Tau_0,Overhead_Tau_1,Overhead_Tau_2,Overhead_H_real_0,Overhead_H_imag_0,Overhead_H_real_1,Overhead_H_imag_1,Overhead_H_real_2,Overhead_H_imag_2
6.2831853071795869e+01,7.2782696712835604e-01,-3.4694469519536142e-18,-3.2760919472365735e-01,-4.8274940382654792e-03,5.7562961055597639e-01,-9.3457733595768526e-03,-7.0668919010269990e-02,-3.4485070672645624e-03,8.3854089039634006e-01,0.0000000000000000e+00,5.8165159646700959e-01,3.4694469519536142e-18,-6.8205896502778762e-01,7.5819411029508458e-03,-4.3500227252881613e-01,-1.6465383746088996e-02,5.7461775162172402e-01,-7.6855591898089340e-03,7.3600571678703564e-01,-7.3214525382146152e-03,-3.5668356116352296e-01,-3.8303195324905274e-03,6.0359368634107891e-01,2.6881985690231582e-04,-6.2336121021845887e-02,5.5191142569998271e-03,8.1214122781146858e-01,1.1742164362764082e-02,5.4087391839188559e-01,-1.5888013758989961e-02,-6.7433777332509692e-01,-1.2036462379900526e-03,-4.6478013595711137e-01,3.9688569586359013e-03,5.8811542657250337e-01,-1.8699349508042437e-03,3.4644068206014317e-04,3.4660271175169621e-04,5.5318416466804132e-04,9.9607182233551672e-01,-2.1685428523826131e-02,9.9535159087565939e-01,-2.1679886508907561e-02,9.9537767244318043e-01,-3.4610864007634821e-02
6.5415379968575820e+01,7.2779706332510363e-01,1.8954959836506996e-05,-3.2769476205408354e-01,-4.2868785455751450e-03,5.7563111520784094e-01,-9.1885339944226679e-03,-7.0594795601874066e-02,-3.7520761880859852e-03,8.3854629833147365e-01,2.5057164295372476e-04,5.8165247231336203e-01,-2.3036478255187773e-04,-6.8209636179462441e-01,7.6344116217175505e-03,-4.3493590727811010e-01,-1.6387950550804664e-02,5.7461885402134882e-01,-7.6099300011913049e-03,7.3597132105167751e-01,-7.3940826350297421e-03,-3.5674426001767107e-01,-4.1933887650466599e-03,6.0358315273887220e-01,7.7573953767250126e-06,-6.2247776572155099e-02,5.8309498884588223e-03,8.1214167808989879e-01,1.1587256858161057e-02,5.4087734741081905e-01,-1.5460017925510511e-02,-6.7439132083199949e-01,-1.3076658416346209e-03,-4.6471935208178033e-01,4.0051559312624845e-03,5.8810684544450698e-01,-2.0156023051521627e-03,3.4606385179626744e-04,3.4606868997229956e-04,5.5217805693839124e-04,9.9604787248635940e-01,-2.2552283118883930e-02,9.9532514792550719e-01,-2.2536234531369315e-02,9.9519946418770555e-01,-3.5963179563913761e-02
6.8105136602345354e+01,7.2776495566144572e-01,4.2336614514420709e-05,-3.2778970842543698e-01,-3.7474400797141609e-03,5.7563126034544809e-01,-9.0354111532144378e-03,-7.0514064030926027e-02,-4.0603177096266031e-03,8.3854916486662678e-01,4.9327196096964065e-04,5.8165563805016418e-01,-4.5470053628526852e-04,-6.8213655439202481e-01,7.6921567079880054e-03,-4.3486598008925276e-01,-1.6324763045286059e-02,5.7461876967848480e-01,-7.5362433259113619e-03,7.3593428508706404e-01,-7.4714871106726921e-03,-3.5681263749400277e-01,-4.5580261627592277e-03,6.0357096748985628e-01,-2.4635299959654185e-04,-6.2151953476591769e-02,6.1491721963703528e-03,8.1214193596237128e-01,1.1437164322318441e-02,5.4088525274792210e-01,-1.5043263037952994e-02,-6.7444914377286180e-01,-1.4170692651601883e-03,-4.6465569348303198e-01,4.0508198403157924e-03,5.8809669906656548e-01,-2.1574047112791947e-03,3.4571430837135786e-04,3.4557236981171786e-04,5.5116756328751155e-04,9.9602253818609465e-01,-2.3455605644941074e-02,9.9529752236877789e-01,-2.3428905429462653e-02,9.9501052173786075e-01,-3.7367603050513620e-02
7.0905490938862883e+01,7.2773042550210487e-01,7.0092458637624954e-05,-3.2789424073740714e-01,-3.2086758492738850e-03,5.7563017114088222e-01,-8.8862027117426884e-03,-7.0426305412893977e-02,-4.3734394051609124e-03,8.3854978513423473e-01,7.2843102040723653e-04,5.8166089226549444e-01,-6.7330104875862329e-04,-6.8217980699734238e-01,7.7551495343634981e-03,-4.3479179577733085e-01,-1.6275529325809019e-02,5.7461759209975993e-01,-7.4644087351240229e-03,7.3589436839716260e-01,-7.5536873197424859e-03,-3.5688893234789870e-01,-4.9245150867545818e-03,6.0355730082993919e-01,-4.9386401541900819e-04,-6.2048147088136628e-02,6.4739692525229214e-03,8.1214216643455928e-01,1.1291629960454607e-02,5.4089724160212815e-01,-1.4637204556970200e-02,-6.7451157938468809e-01,-1.5318426442444564e-03,-4.6458864822050538e-01,4.1057752611774407e-03,5.8808512212979969e-01,-2.2955343754352052e-03,3.4539005971259950e-04,3.4511118174392600e-04,5.5015184906750979e-04,9.9599566156111352e-01,-2.4396862931029724e-02,9.9526854923802355e-01,-2.4359360133323245e-02,9.9481015370469006e-01,-3.8826033008706941e-02
7.3820990546372755e+01,7.2769324694804860e-01,1.0216228610010133e-04,-3.2800860036792578e-01,-2.6701050060360457e-03,5.7562796689243878e-01,-8.7407070263616667e-03,-7.0331076283282265e-02,-4.6916256665241072e-03,8.3854844348818713e-01,9.5638197301203126e-04,5.8166804271848749e-01,-8.8646060739381097e-04,-6.8222639307600419e-01,7.8233533104049742e-03,-4.3471264807265902e-01,-1.6239934933615103e-02,5.7461541039028285e-01,-7.3943344256869326e-03,7.3585132053226965e-01,-7.6406966539470916e-03,-3.5697341168484154e-01,-5.2931197357673375e-03,6.0354231555690618e-01,-7.3512628813973842e-04,-6.1935825551399627e-02,6.8055027558945489e-03,8.1214253222909427e-01,1.1150393681538032e-02,5.4091293971516430e-01,-1.4241295981572347e-02,-6.7457897845616965e-01,-1.6519559778101170e-03,-4.6451769384683700e-01,4.1699315066923382e-03,5.8807224355546395e-01,-2.4301843831853799e-03,3.4508928073482219e-04,3.4468274583946405e-04,5.4913017666689931e-04,9.9596707042084409e-01,-2.5377584301700545e-02,9.9523804896778256e-01,-2.5329121316262557e-02,9.9459761600852914e-01,-4.0340434574358486e-02
7.6856369980520014e+01,7.2765318477266017e-01,1.3848334365418324e-04,-3.2813308422113630e-01,-2.1312654002166379e-03,5.7562475626490561e-01,-8.5987256745037495e-03,-7.0227899308565600e-02,-5.0150466643625793e-03,8.3854540262558674e-01,1.1774534042666013e-03,5.8167691506610075e-01,-1.0944693790242190e-03,-6.8227659835801524e-01,7.8967278821427088e-03,-4.3462782421980689e-01,-1.6217660134822807e-02,5.7461230518595086e-01,-7.3259290600589770e-03,7.3580487767144831e-01,-7.7325267708863461e-03,-3.5706638422791165e-01,-5.6640910132045065e-03,6.0352615816553179e-01,-9.7048265844526483e-04,-6.1814419722614991e-02,7.1439192566147671e-03,8.1214318798184781e-01,1.1013196163283634e-02,5.4093200906065908e-01,-1.3854999088227059e-02,-6.7465171014003222e-01,-1.7773702414741156e-03,-4.6444229685235144e-01,4.2431920998230645e-03,5.8805817850946340e-01,-2.5615443761939473e-03,3.4481047994861831e-04,3.4428502836088770e-04,5.4810204898753459e-04,9.9593658404152918e-01,-2.6399378069053438e-02,9.9520583448019739e-01,-2.6339789137981719e-02,9.9437212283738041e-01,-4.1912853547369434e-02
8.0016558472918234e+01,7.2760998582023551e-01,1.7898786595990299e-04,-3.2826805547048898e-01,-1.5916789852329430e-03,5.7562064093180820e-01,-8.4600510006785888e-03,-7.0116245961193244e-02,-5.3438738627366710e-03,8.3854091355497751e-01,1.3919906233742368e-03,5.8168734706022818e-01,-1.2976315488542577e-03,-6.8233073159903268e-01,7.9752290248113200e-03,-4.3453657834120257e-01,-1.6208363755799590e-02,5.7460835115593101e-01,-7.2590959891288762e-03,7.3575475250435773e-01,-7.8291892186318421e-03,-3.5716821215331829e-01,-6.0376868421795678e-03,6.0350896499507456e-01,-1.2002901328864066e-03,-6.1683302149642447e-02,7.4893646574886296e-03,8.1214428547595086e-01,1.0879764826554741e-02,5.4095413534604120e-01,-1.3477748791168375e-02,-6.7473017505343369e-01,-1.9080390397518590e-03,-4.6436189355430646e-01,4.3254512901362112e-03,5.8804303302257610e-01,-2.6898127756031977e-03,3.4455261678986818e-04,3.4391644177076910e-04,5.4706739232037685e-04,9.9590401795728889e-01,-2.7463947536436085e-02,9.9517171664869764e-01,-2.7393055726773433e-02,9.9413283160596011e-01,-4.3545435427595786e-02
8.3306687935856900e+01,7.2756340024421950e-01,2.2358867835525070e-04,-3.2841389249738312e-01,-1.0509842642278597e-03,5.7561571340898976e-01,-8.3244964013875038e-03,-6.9995578882762283e-02,-5.6781924792795851e-03,8.3853521404236009e-01,1.6003114021629627e-03,5.8169918725788972e-01,-1.4962213153884713e-03,-6.8238909846795792e-01,8.0587835493662434e-03,-4.3443817308078214e-01,-1.6211669604806460e-02,5.7460361998400855e-01,-7.1937474853013168e-03,7.3570065781708538e-01,-7.9306666176398831e-03,-3.5727927035005574e-01,-6.4140773721717498e-03,6.0349086143242570e-01,-1.4248701040992958e-03,-6.1541838391060227e-02,7.8418909207026762e-03,8.1214597050336212e-01,1.0749841670842024e-02,5.4097902444287982e-01,-1.3109034266691104e-02,-6.7481477114903465e-01,-2.0438706205142100e-03,-4.6427592481302316e-01,4.4165632198574735e-03,5.8802691055954293e-01,-2.8151698049342340e-03,3.4431362025961142e-04,3.4357442061001462e-04,5.4602483294347698e-04,9.9586916334624942e-01,-2.8572976509144230e-02,9.9513548028603926e-01,-2.8490594990074124e-02,9.9387885725963443e-01,-4.5240291510995262e-02
8.6732101296147491e+01,7.2751317584271125e-01,2.7219490030050419e-04,-3.2857095124753394e-01,-5.0885719560862103e-04,5.7561007536313558e-01,-8.1918833535327938e-03,-6.9865376869808343e-02,-6.0180613438997636e-03,8.3852854854725245e-01,1.8027212733880277e-03,5.8171227382963320e-01,-1.6905022242341694e-03,-6.8245200435148512e-01,8.1473120923457321e-03,-4.3433186923748957e-01,-1.6227196078264214e-02,5.7459818381191519e-01,-7.1297984406325371e-03,7.3564230700231659e-01,-8.0369360687896230e-03,-3.5739991922612596e-01,-6.7934056942261312e-03,6.0347198794946066e-01,-1.6445289191683807e-03,-6.1389409871574208e-02,8.2015225921395034e-03,8.1214839738520272e-01,1.0623172863996751e-02,5.4100636782442901e-01,-1.2748366555051209e-02,-6.7490589309492610e-01,-2.1847598301795268e-03,-4.6418383396408508e-01,4.5163729141076527e-03,5.8800991701582528e-01,-2.9377887470928275e-03,3.4409213339692870e-04,3.4325716752840702e-04,5.4497338760178089e-04,9.9583177858436722e-01,-2.9728264456033635e-02,9.9509687714702266e-01,-2.9634198331979549e-02,9.9360924193256539e-01,-4.6999623551542302e-02
9.0298361171640849e+01,7.2745903022464298e-01,3.2470113054482858e-04,-3.2873974834411734e-01,3.5065894740865522e-05,5.7560380085995178e-01,-8.0620091026854315e-03,-6.9725001052611119e-02,-6.3635438304611124e-03,8.3852112325781769e-01,1.9995683288516475e-03,5.8172648619369705e-01,-1.8807726331132243e-03,-6.8251979747485847e-01,8.2407224687673364e-03,-4.3421687578107482e-01,-1.6254506848813459e-02,5.7459210032903218e-01,-7.0671521360329594e-03,7.3557936700838666e-01,-8.1479696501713817e-03,-3.5753064154236258e-01,-7.1758321097677991e-03,6.0345244150353816e-01,-1.8596122828257687e-03,-6.1225267732536739e-02,8.5682827350183500e-03,8.1215169863317638e-01,1.0499473528942085e-02,5.4103593134267602e-01,-1.2395189267052990e-02,-6.7500399676169331e-01,-2.3305846259928657e-03,-4.6408500672646069e-01,4.6247004384221621e-03,5.8799213295437647e-01,-3.0578643717230681e-03,3.4388708356346569e-04,3.4296311154955670e-04,5.4391279853014611e-04,9.9579164274758536e-01,-3.0931702958110218e-02,9.9505568365972163e-01,-3.0825741756336501e-02,9.9332298075226821e-01,-4.8825762237251713e-02
9.4011258904507542e+01,7.2740068600225027e-01,3.8098860199452939e-04,-3.2892075650921027e-01,5.8104311366262429e-04,5.7559697330983361e-01,-7.9346928981162135e-03,-6.9573843295528751e-02,-6.7146301277909663e-03,8.3851315402229709e-01,2.1911683753027544e-03,5.8174169066421488e-01,-2.0672996493607751e-03,-6.8259281687546602e-01,8.3389011562663706e-03,-4.3409241065797727e-01,-1.6293147276856046e-02,5.7458543006919449e-01,-7.0057214240187016e-03,7.3551151272780591e-01,-8.2637174009661928e-03,-3.5767188963507551e-01,-7.5614396710498768e-03,6.0343233608818181e-01,-2.0704283775969971e-03,-6.1048696639605521e-02,8.9421163142218655e-03,8.1215601502043233e-01,1.0378474805023279e-02,5.4106746000493089e-01,-1.2049005482531593e-02,-6.7510952209324870e-01,-2.4811870415426336e-03,-4.6397884107523424e-01,4.7413377211467560e-03,5.8797364644888428e-01,-3.1755717955412829e-03,3.4369724517159436e-04,3.4269060326685009e-04,5.4284215551196776e-04,9.9574849268994980e-01,-3.2185240037476935e-02,9.9501163238977341e-01,-3.2067161067501418e-02,9.9301899816980754e-01,-5.0721051243473807e-02
9.7876823965948702e+01,7.2733785155976738e-01,4.4091609812326599e-04,-3.2911450951765997e-01,1.1293006180049664e-03,5.7558966784980536e-01,-7.8097456951549994e-03,-6.9411245028726684e-02,-7.0712654449279783e-03,8.3850484678517145e-01,2.3778572170772005e-03,5.8175776484967234e-01,-2.2503632362962725e-03,-6.8267142105227829e-01,8.4417076737332772e-03,-4.3395766098365934e-01,-1.6342597452280228e-02,5.7457822988789586e-01,-6.9454141732780070e-03,7.3543839621794371e-01,-8.3841073181767558e-03,-3.5782416461480665e-01,-7.9502767056216592e-03,6.0341177356725517e-01,-2.2772989350845355e-03,-6.0858925175152817e-02,9.3229144263755944e-03,8.1216148165847191e-01,1.0259890230017683e-02,5.4110072025797318e-01,-1.1709292960248890e-02,-6.7522293437784586e-01,-2.6363712647657321e-03,-4.6386470439271371e-01,4.8660322587676065e-03,5.8795453990484980e-01,-3.2910951497892803e-03,3.4352149952961456e-04,3.4243810003961323e-04,5.4176080677680516e-04,9.9570205338476514e-01,-3.3490905721329199e-02,9.9496444472622980e-01,-3.3360471188617659e-02,9.9269614925177696e-01,-5.2687925201635906e-02
1.0190133374761122e+02,7.2727023788537848e-01,5.0433549834703190e-04,-3.2932152353021116e-01,1.6799901336833345e-03,5.7558196178488663e-01,-7.6869960054171509e-03,-6.9236567489961681e-02,-7.4333481121297233e-03,8.3849640324257668e-01,2.5599420897148839e-03,5.8177458645622215e-01,-2.4302172684897462e-03,-6.8275596266813188e-01,8.5489900581862815e-03,-4.3381182972801413e-01,-1.6402335403349719e-02,5.7457055349061192e-01,-6.8861469259430194e-03,7.3535967344632658e-01,-8.5090560480557704e-03,-3.5798795434482822e-01,-8.3423385666066118e-03,6.0339086115389595e-01,-2.4805152148668630e-03,-6.0655203155452649e-02,9.7105189402957558e-03,8.1216823223802914e-01,1.0143447162098683e-02,5.4113548031148340e-01,-1.1375579173343791e-02,-6.7534468811315818e-01,-2.7959190740304688e-03,-4.6374197733012151e-01,4.9985191659715550e-03,5.8793489270670951e-01,-3.4046006840083502e-03,3.4335880584069066e-04,3.4220419261645000e-04,5.4066768019592247e-04,9.9565201690126803e-01,-3.4850812643051544e-02,9.9491381035127102e-01,-3.4707772053020489e-02,9.9235321980030589e-01,-5.4728846669631528e-02
1.0609132375560732e+02,7.2719752940104798e-01,5.7105816006151888e-04,-3.2954244258017745e-01,2.2332202206115093e-03,5.7557391427276683e-01,-7.5662521877656666e-03,-6.9049067338122924e-02,-7.8007047400702606e-03,8.3848800461759565e-01,2.7377727858264311e-03,5.8179205686708246e-01,-2.6071458846640035e-03,-6.8284683299446702e-01,8.6605484993735188e-03,-4.3365406077476770e-01,-1.6471719760452017e-02,5.7456244847138538e-01,-6.8278254099537021e-03,7.3527495529710629e-01,-8.6384399685203346e-03,-3.5816384485394182e-01,-8.7375693423287354e-03,6.0336967601813707e-01,-2.6804009194178026e-03,-6.0436665238240483e-02,1.0104683676909218e-02,8.1217638651040891e-01,1.0028838117247982e-02,5.4117155460183586e-01,-1.1047334875518183e-02,-6.7547528880263707e-01,-2.9595480776677440e-03,-4.6360997759163025e-01,5.1384532273713573e-03,5.8791477190897168e-01,-3.5162743709522314e-03,3.4320821392221887e-04,3.4198752231122089e-04,5.3956236437551440e-04,9.9559807473691053e-01,-3.6267162393371674e-02,9.9485941802716327e-01,-3.6111245550242567e-02,9.9198892509135994e-01,-5.6846412464534660e-02
1.1045359822369301e+02,7.2711944126758177e-01,6.4091614226416405e-04,-3.2977772809290345e-01,2.7890339907477718e-03,5.7556561309210219e-01,-7.4473617526119168e-03,-6.8848146097803528e-02,-8.1731509873288321e-03,8.3847986296414379e-01,2.9116315521107439e-03,5.8181004151756399e-01,-2.7813755135583547e-03,-6.8294437401612473e-01,8.7762029816729897e-03,-4.3348356866328552e-01,-1.6550191768068004e-02,5.7455396908757561e-01,-6.7703747410324498e-03,7.3518390392644661e-01,-8.7721505451388033e-03,-3.5835228783277706e-01,-9.1358783559921195e-03,6.0334834834880313e-01,-2.8772165335628212e-03,-6.0202603237389421e-02,1.0505160667538200e-02,8.1218608268889603e-01,9.9157991208120317e-03,5.4120868643380171e-01,-1.0724136064830929e-02,-6.7561516879527650e-01,-3.1269931484488121e-03,-4.6346810250307646e-01,5.2855318495993349e-03,5.8789426428567071e-01,-3.6262660138518480e-03,3.4306883904121392e-04,3.4178692712563317e-04,5.3844323908710926e-04,9.9553985063982120e-01,-3.7742244779950841e-02,9.9480089302039887e-01,-3.7573172586005670e-02,9.9160188821146211e-01,-5.9043161385379066e-02
1.1499524116283990e+02,7.2703562901985108e-01,7.1363781269999371e-04,-3.3002817434492920e-01,3.3473811855371377e-03,5.7555709508859942e-01,-7.3301136423438440e-03,-6.8632941315661028e-02,-8.5503301345497794e-03,8.3847212913428626e-01,3.0819183870704203e-03,5.8182847170961349e-01,-2.9532197951186827e-03,-6.8304901981397681e-01,8.8956511228031332e-03,-4.3329943882692135e-01,-1.6636884747421712e-02,5.7454515409880069e-01,-6.7136897192293307e-03,7.3508607373648882e-01,-8.9099722730387795e-03,-3.5855398096330793e-01,-9.5370593409135739e-03,6.0332691716035813e-01,-3.0713156005652935e-03,-5.9952021705708687e-02,1.0911487229564223e-02,8.1219741674632984e-01,9.8039757325655702e-03,5.4124675357150998e-01,-1.0405399760267216e-02,-6.7576488464826501e-01,-3.2978319771803342e-03,-4.6331559693269131e-01,5.4392435983048517e-03,5.8787341888069788e-01,-3.7347802535543317e-03,3.4293984573941367e-04,3.4160114864443500e-04,5.3731050529901795e-04,9.9547700443472331e-01,-3.9278443872368542e-02,9.9473789000291002e-01,-3.9095909501183405e-02,9.9119066164342806e-01,-6.1321896022219428e-02
1.1972362786514542e+02,7.2694578590280845e-01,7.8899942270077572e-04,-3.3029433555426563e-01,3.9081597291041187e-03,5.7554843492321561e-01,-7.2143552680484137e-03,-6.8402779515675388e-02,-8.9319153418744822e-03,8.3846499815293907e-01,3.2489271707892287e-03,5.8184723188343213e-01,-3.1229053648768740e-03,-6.8316114245637860e-01,9.0186428363767113e-03,-4.3310084254619513e-01,-1.6731100343514216e-02,5.7453605060557067e-01,-6.6576949258504870e-03,7.3498108527800243e-01,-9.0517337637121432e-03,-3.5876944825330009e-01,-9.9408939013653063e-03,6.0330549441383419e-01,-3.2629574627474336e-03,-5.9684128623657892e-02,1.1323250831184403e-02,8.1221050973806974e-01,9.6930836145248198e-03,5.4128553474799834e-01,-1.0090701314713860e-02,-6.7592490042268405e-01,-3.4716985089313060e-03,-4.6315180922071247e-01,5.5991772920946509e-03,5.8785231217511336e-01,-3.8419666393759563e-03,3.4282039894552503e-04,3.4142907980531901e-04,5.3616267917048696e-04,9.9540911566341761e-01,-4.0878231849934776e-02,9.9466999249758281e-01,-4.0681914225238473e-02,9.9075370873609481e-01,-6.3685305645647672e-02
1.2464643688076109e+02,7.2684961238382462e-01,8.6672635852987068e-04,-3.3057677325704288e-01,4.4711720679313643e-03,5.7553970161920120e-01,-7.0999207212935605e-03,-6.8156987980735190e-02,-9.3174671932844625e-03,8.3845865117919560e-01,3.4129854717789843e-03,5.8186621316521947e-01,-3.2906792851375623e-03,-6.8328110688286070e-01,9.1448638225033740e-03,-4.3288697272629029e-01,-1.6832000478318565e-02,5.7452670427857799e-01,-6.6023074176665211e-03,7.3486855740885226e-01,-9.1972032396791213e-03,-3.5899921091698256e-01,-1.0347073852920436e-02,6.0328417875550278e-01,-3.4524218028046806e-03,-5.9398136254351627e-02,1.1739906028094434e-02,8.1222546952162211e-01,9.5828117416230391e-03,5.4132483020374900e-01,-9.7795801452070265e-03,-6.7609566634581386e-01,-3.6481435732003222e-03,-4.6297609116299132e-01,5.7648152534813639e-03,5.8783101464128484e-01,-3.9479874800917979e-03,3.4270981258433030e-04,3.4126977634087115e-04,5.3499863833185825e-04,9.9533573012035770e-01,-4.2544192024327958e-02,9.9459674643464080e-01,-4.2333754905541560e-02,9.9028939165740870e-01,-6.6136180022037500e-02
1.2977166248729000e+02,7.2674677439290047e-01,9.4648466155951294e-04,-3.3087620111775629e-01,5.0361326265268153e-03,5.7553094531664395e-01,-6.9866227844687656e-03,-6.7894766939790366e-02,-9.7064304731155886e-03,8.3845325041038699e-01,3.5744674411943844e-03,5.8188533152602440e-01,-3.4568199977902808e-03,-6.8340932840206270e-01,9.2739289949741732e-03,-4.3265694423582257e-01,-1.6938582152577181e-02,5.7451715426917727e-01,-6.5474335273968069e-03,7.3474804798148330e-01,-9.3460858314892512e-03,-3.5924390635762060e-01,-1.0755200481659601e-02,6.0326303742881926e-01,-3.6400225668771127e-03,-5.9093115853291772e-02,1.2160767527322681e-02,8.1224238502058677e-01,9.4728086512283101e-03,5.4136448855094166e-01,-9.4715175628163738e-03,-6.7627769332870313e-01,-3.8266230336728756e-03,-4.6278771099461458e-01,5.9355234029449568e-03,5.8780958354539936e-01,-4.0530248125560334e-03,3.4260754638254319e-04,3.4112238367788234e-04,5.3381799409106491e-04,9.9525639380546638e-01,-4.4279026739399270e-02,9.9451769829265724e-01,-4.4054108954692736e-02,9.8979598306301542e-01,-6.8677465966623039e-02
1.3510762767190218e+02,7.2663698457946313e-01,1.0279233953287975e-03,-3.3119318432625527e-01,5.6026153413133856e-03,5.7552222134146847e-01,-6.8743052835991986e-03,-6.7615452630572420e-02,-1.0098153058307351e-02,8.3844895519195872e-01,3.7337035058999657e-03,5.8190449708086811e-01,-3.6215608189041001e-03,-6.8354615928603579e-01,9.4054245221328464e-03,-4.3240998821782900e-01,-1.7049822353105870e-02,5.7450743970007168e-01,-6.4929941179341696e-03,7.3461917123267761e-01,-9.4980527553801489e-03,-3.5950405113582112e-01,-1.1164772105217175e-02,6.0324215155478278e-01,-3.8260232528272769e-03,-5.8768293084546189e-02,1.2585046766489714e-02,8.1226133305533277e-01,9.3627527656813224e-03,5.4140434260594406e-01,-9.1660765920478695e-03,-6.7647140123277583e-01,-4.0065513578977120e-03,-4.6258603466351372e-01,6.1106287622581107e-03,5.8778808114036718e-01,-4.1572332429681011e-03,3.4251253466657447e-04,3.4098559984952306e-04,5.3261930308129272e-04,9.9517057929145414e-01,-4.6085471097193464e-02,9.9443232157334038e-01,-4.5845693114106634e-02,9.8927166228887808e-01,-7.1312045359778253e-02
1.4066299764724951e+02,7.2651990161312141e-01,1.1107012622497969e-03,-3.3152835664009633e-01,6.1702885759568338e-03,5.7551360624755576e-01,-6.7627921417358558e-03,-6.7318289644427223e-02,-1.0492047482901284e-02,8.3844596700643370e-01,3.8910499146567190e-03,5.8192359245236813e-01,-3.7851629055746534e-03,-6.8369201546887592e-01,9.5389572720919191e-03,-4.3214519449894007e-01,-1.7164710748732964e-02,5.7449760599901456e-01,-6.4389018388730773e-03,7.3448147684371512e-01,-9.6528023978428596e-03,-3.5978023310202262e-01,-1.1575350739358805e-02,6.0322163970343379e-01,-4.0107216548313238e-03,-5.8422779455030313e-02,1.3012023691706915e-02,8.1228241596626516e-01,9.2522978360885088e-03,5.4144417130078115e-01,-8.8627666665599715e-03,-6.7667728290615747e-01,-4.1873658814991161e-03,-4.6237032537226974e-01,6.2894887921726749e-03,5.8776658510204050e-01,-4.2607843384220865e-03,3.4242479509507677e-04,3.4085919259182963e-04,5.3140177756834264e-04,9.9507774527762005e-01,-4.7966510398346568e-02,9.9434008631905835e-01,-4.7711470058129382e-02,9.8871448449877841e-01,-7.4042943507927284e-02
1.4644679392313063e+02,7.2639528573203804e-01,1.1943673883258038e-03,-3.3188219640674343e-01,6.7384573234292866e-03,5.7550514723724966e-01,-6.6519268275353760e-03,-6.7002711509874233e-02,-1.0887200237830756e-02,8.3844441558552751e-01,4.0468582986251111e-03,5.8194253813225683e-01,-3.9478602519757017e-03,-6.8384719194630095e-01,9.6739826998913370e-03,-4.3186192136669210e-01,-1.7281975753922874e-02,5.7448768905608971e-01,-6.3850769395876750e-03,7.3433461406086242e-01,-9.8098735941973495e-03,-3.6007287767182888e-01,-1.1986207418448023e-02,6.0320156440126127e-01,-4.1943777510455521e-03,-5.8055917902969927e-02,1.3440608182938301e-02,8.1230567249634855e-01,9.1411036061804455e-03,5.4148384106414327e-01,-8.5611549768187679e-03,-6.7689566600460416e-01,-4.3683119796728547e-03,-4.6214002442680052e-01,6.4712192669371966e-03,5.8774514778974085e-01,-4.3638305875006219e-03,3.4234337866846523e-04,3.4074201617653223e-04,5.3016426049255782e-04,9.9497727054067031e-01,-4.9925111619682973e-02,9.9424036730277543e-01,-4.9654387937881177e-02,9.8812241777799081e-01,-7.6873199169453857e-02
1.5246840895675493e+02,7.2626282265371178e-01,1.2784806756848122e-03,-3.3225530487192367e-01,7.3065224360188419e-03,5.7549690814729237e-01,-6.5415357531288625e-03,-6.6668004605463016e-02,-1.1282761868267058e-02,8.3844448056217635e-01,4.2015053312758344e-03,5.8196123295188185e-01,-4.1099113081122084e-03,-6.8401207495342808e-01,9.8099787299071872e-03,-4.3155932969821581e-01,-1.7400357253725490e-02,5.7447772973548017e-01,-6.3314319889842992e-03,7.3417813932654485e-01,-9.9688346061194422e-03,-3.6038253302236595e-01,-1.2396674064627348e-02,6.0318202631565776e-01,-4.3772851177754177e-03,-5.7666872127656657e-02,1.3869777861974136e-02,8.1233116542813544e-01,9.0288057838512157e-03,5.4152316112236065e-01,-8.2607544012232165e-03,-6.7712698425898221e-01,-4.5486583123778178e-03,-4.6189442960938126e-01,6.6549698979913169e-03,5.8772384038690229e-01,-4.4665432224473131e-03,3.4226792248612459e-04,3.4063346991194352e-04,5.2890579435775512e-04,9.9486852231250633e-01,-5.1964438969120820e-02,9.9413254251776806e-01,-5.1677584064278907e-02,9.8749330488892828e-01,-7.9805935999874580e-02
1.5873762140539807e+02,7.2612228165326176e-01,1.3625241268886423e-03,-3.3264810139747542e-01,7.8736327914459558e-03,5.7548894549674290e-01,-6.4314590186526667e-03,-6.6313645347117200e-02,-1.1677658440085508e-02,8.3844630607854698e-01,4.3553627303317688e-03,5.8197958528050353e-01,-4.2715545005434334e-03,-6.8418694747902176e-01,9.9463183207094269e-03,-4.3123679600431331e-01,-1.7518417564996447e-02,5.7446776605185212e-01,-6.2778859670431300e-03,7.3401169616052719e-01,-1.0129139684643429e-02,-3.6070957621854183e-01,-1.2805882051336754e-02,6.0316310829405528e-01,-4.5597109505837287e-03,-5.7255030511638896e-02,1.4298255233670417e-02,8.1235891806660809e-01,8.9150490158863283e-03,5.4156197163978936e-01,-7.9611203519919897e-03,-6.7737152446484505e-01,-4.7275441158024251e-03,-4.6163299083423470e-01,6.8397219142621417e-03,5.8770272421179104e-01,-4.5690783060941048e-03,3.4219779569732495e-04,3.4053273459973580e-04,5.2762523885412104e-04,9.9475078919306326e-01,-5.4087736797725577e-02,9.9401590197251077e-01,-5.3784279514885770e-02,9.8682487897477511e-01,-8.2844307400825906e-02
1.6526461200621813e+02,7.2597341974489549e-01,1.4460160407023803e-03,-3.3306096690788461e-01,8.4390778842853564e-03,5.7548133442612870e-01,-6.3215228897227256e-03,-6.5939120598419734e-02,-1.2070930245889405e-02,8.3845006842764680e-01,4.5088156112453315e-03,5.8199747811633751e-01,-4.4330484021726738e-03,-6.8437210096496737e-01,1.0082425304188236e-02,-4.3089365462890633e-01,-1.7634795798392000e-02,5.7445784273046885e-01,-6.2243512931268487e-03,7.3383491775435072e-01,-1.0290293671988153e-02,-3.6105436610544317e-01,-1.3213070924227749e-02,6.0314492916449802e-01,-4.7419467089977766e-03,-5.6819785704691886e-02,1.4724890996735098e-02,8.1238897073531668e-01,8.7994708304611601e-03,5.4160005841314518e-01,-7.6617687437572825e-03,-6.7762957742302965e-01,-4.9041759294163462e-03,-4.6135514080748963e-01,7.0245296233741785e-03,5.8768187850732656e-01,-4.6716053002745341e-03,3.4213301538008598e-04,3.4043966810740810e-04,5.2632168283202774e-04,9.9462331606481180e-01,-5.6298478176887934e-02,9.9388970443914271e-01,-5.5977926567805460e-02,9.8611473754809642e-01,-8.5991554093558437e-02
1.7205998010901936e+02,7.2581606014482225e-01,1.5283392938650886e-03,-3.3349419841923089e-01,9.0017131718838628e-03,5.7547412557494959e-01,-6.2115784525185562e-03,-6.5544030691066610e-02,-1.2461228784609443e-02,8.3845589440167401e-01,4.6622416927124544e-03,5.8201482777148461e-01,-4.5946154632770346e-03,-6.8456775462968922e-01,1.0217541488183934e-02,-4.3052941889434454e-01,-1.7747813743426155e-02,5.7444799474892927e-01,-6.1707518734002206e-03,7.3364748665425550e-01,-1.0451608291377935e-02,-3.6141716359250575e-01,-1.3617128256739256e-02,6.0312756522359723e-01,-4.9242416699732854e-03,-5.6360671173296864e-02,1.5148092031393669e-02,8.1242130165786930e-01,8.6817176381881640e-03,5.4163727623642000e-01,-7.3622826019081209e-03,-6.7790131847715751e-01,-5.0775292744114553e-03,-4.6106041822892957e-01,7.2081609619570721e-03,5.8766136155649340e-01,-4.7742708761515703e-03,3.4207260412220762e-04,3.4035310516660069e-04,5.2499369434935413e-04,9.9448526636464463e-01,-5.8600106848918664e-02,9.9375311481447559e-01,-5.8261940289407663e-02,9.8536038014170402e-01,-8.9250883942530113e-02
1.7913476088881166e+02,7.2565000120327694e-01,1.6089319932708346e-03,-3.3394806039707270e-01,9.5606341311807175e-03,5.7546739667944768e-01,-6.1014482600432983e-03,-6.5127967955944083e-02,-1.2847395193386400e-02,8.3846395966732357e-01,4.8160512291531843e-03,5.8203151240859397e-01,-4.7565197746318628e-03,-6.8477414988486129e-01,1.0350988728883348e-02,-4.3014351998490064e-01,-1.7855907610463267e-02,5.7443826831633960e-01,-6.1169980246104649e-03,7.3344906377085684e-01,-1.0612475463075595e-02,-3.6179822227403835e-01,-1.4017125288063028e-02,6.0311114290339385e-01,-5.1068943062932953e-03,-5.5877200952829838e-02,1.5566476541184550e-02,8.1245591981210996e-01,8.5614187011262017e-03,5.4167340128993002e-01,-7.0621648174813180e-03,-6.7818694580678496e-01,-5.2466883182882510e-03,-4.6074832047568326e-01,7.3894975473744132e-03,5.8764125828492253e-01,-4.8772489710187496e-03,3.4201664222661211e-04,3.4027297288836213e-04,5.2364043562561785e-04,9.9433576471068530e-01,-6.0996377194840162e-02,9.9360527501604634e-01,-6.0640049837815166e-02,9.8455915118614368e-01,-9.2625644557013637e-02
1.8650044326611896e+02,7.2547514285400938e-01,1.6871309395212752e-03,-3.3442261092955239e-01,1.0114594030594809e-02,5.7546121098806147e-01,-5.9909771488731445e-03,-6.4690747084960837e-02,-1.3227969034094659e-02,8.3847439472469931e-01,4.9706428392479185e-03,5.8204742997760384e-01,-4.9189928893366638e-03,-6.8499140688552473e-01,1.0481949244306121e-02,-4.2973565185757467e-01,-1.7957280139733522e-02,5.7442870359146514e-01,-6.0630105232863593e-03,7.3323941216834898e-01,-1.0772130100473563e-02,-3.6219759825254932e-01,-1.4411862864165167e-02,6.0309576126369813e-01,-5.2901634670236113e-03,-5.5369153231631905e-02,1.5978319828279672e-02,8.1249277787142882e-01,8.4382248004241742e-03,5.4170825576203874e-01,-6.7609819888961083e-03,-6.7848648052980587e-01,-5.4105694231469798e-03,-4.6041852828284646e-01,7.5671962250225102e-03,5.8762163912069743e-01,-4.9806913904076027e-03,3.4196452378869541e-04,3.4019851850248514e-04,5.2226063203277126e-04,9.9417383657182612e-01,-6.3491068275317725e-02,9.9344521672696962e-01,-6.3116006845102393e-02,9.8370828598354809e-01,-9.6119153480284186e-02
1.9416898856413573e+02,7.2529162545370551e-01,1.7621931958513304e-03,-3.3491733811591873e-01,1.0661965750690117e-02,5.7545562310452447e-01,-5.8800557768385157e-03,-6.4232772164957402e-02,-1.3601197520602664e-02,8.3848724498364957e-01,5.1263563785030053e-03,5.8206249574366786e-01,-5.0821956579088744e-03,-6.8521934449615995e-01,1.0609479540732020e-02,-4.2930613508785581e-01,-1.8049985086313725e-02,5.7441933133581513e-01,-6.0087357328496571e-03,7.3301858062278324e-01,-1.0929645629310069e-02,-3.6261483079278950e-01,-1.4799871049390617e-02,6.0308149139144418e-01,-5.4742228670391687e-03,-5.4836994957678242e-02,1.6381572346369021e-02,8.1253174773553416e-01,8.3118638234237260e-03,5.4174171986668718e-01,-6.4584461807136988e-03,-6.7879953478664157e-01,-5.5679595993209947e-03,-4.6007119676373276e-01,7.7397136946563312e-03,5.8760254791383382e-01,-5.0846948514231263e-03,3.4191499019684761e-04,3.4012840355358517e-04,5.2085193610984417e-04,9.9399835320013741e-01,-6.6087966370814225e-02,9.9327179530914023e-01,-6.5693578817033249e-02,9.8280491731651720e-01,-9.9734556814382314e-02
2.0215284993303081e+02,7.2509879169914304e-01,1.8336696838707756e-03,-3.3543343325465541e-01,1.1202658658800435e-02,5.7545076807543272e-01,-5.7683678418650741e-03,-6.3752590980512391e-02,-1.3966469830140583e-02,8.3850293362834627e-01,5.2838102329837433e-03,5.8207649205646672e-01,-5.2466039596199190e-03,-6.8545876981804310e-01,1.0733111162364001e-02,-4.2885316000614215e-01,-1.8132597519235683e-02,5.7441023648752154e-01,-5.9540082561297201e-03,7.3278565932384987e-01,-1.1084660579198520e-02,-3.6305104470841809e-01,-1.5180774130776422e-02,6.0306860039955645e-01,-5.6596271597054897e-03,-5.4279003938779116e-02,1.6775442427938946e-02,8.1257299029419972e-01,8.1817896206609723e-03,5.4177332031593450e-01,-6.1536228038968103e-03,-6.7912701744660942e-01,-5.7181835467904583e-03,-4.5970490154768362e-01,7.9062149767020751e-03,5.8758417617427527e-01,-5.1895952476517671e-03,3.4187064808373482e-04,3.4006496304333491e-04,5.1941661838669209e-04,9.9380842133323821e-01,-6.8791781246381398e-02,9.9308421495528254e-01,-6.8377423753218647e-02,9.8184588669312534e-01,-1.0347590466506312e-01
2.1046499257294212e+02,7.2489741555112752e-01,1.9005830357577413e-03,-3.3596893130607486e-01,1.1733965281880365e-02,5.7544666143480083e-01,-5.6559304387487908e-03,-6.3252124163405393e-02,-1.4321189586216622e-02,8.3852126912658687e-01,5.4431923293761231e-03,5.8208939924681291e-01,-5.4121862489223318e-03,-6.8570871455233451e-01,1.0851535193619033e-02,-4.2837869378835441e-01,-1.8202715281092741e-02,5.7440142189673304e-01,-5.8988424217636098e-03,7.3254144681091116e-01,-1.1235789189381333e-02,-3.6350445599146008e-01,-1.5552323586756499e-02,6.0305706276258730e-01,-5.8463187509271864e-03,-5.3697425239007932e-02,1.7156941866130392e-02,8.1261615584901747e-01,8.0479329747816936e-03,5.4180311870990938e-01,-5.8466144794999449e-03,-6.7946747770643834e-01,-5.8596443120175323e-03,-4.5932104026934101e-01,8.0645771562702830e-03,5.8756649285905549e-01,-5.2953445223408446e-03,3.4182792944003942e-04,3.4000468891595193e-04,5.1794956387285929e-04,9.9360253605092597e-01,-7.1606142663074371e-02,9.9288088921631312e-01,-7.1171170902485162e-02,9.8082815628139064e-01,-1.0734586623108240e-01
2.1911891478850168e+02,7.2468715839001197e-01,1.9623229378208373e-03,-3.3652429516734428e-01,1.2255169596765203e-02,5.7544342069580812e-01,-5.5424815107866492e-03,-6.2730676315229883e-02,-1.4664225728508435e-02,8.3854256080740797e-01,5.6050675213911161e-03,5.8210102698409794e-01,-5.5793363540429658e-03,-6.8596959417494308e-01,1.0964048229492790e-02,-4.2788174908555654e-01,-1.8258568191318214e-02,5.7439296133760886e-01,-5.8431012595144584e-03,7.3228539639843593e-01,-1.1382375655047195e-02,-3.6397551883424761e-01,-1.5913680264882817e-02,6.0304709862973505e-01,-6.0347501020423695e-03,-5.3091426286156269e-02,1.7524692460606412e-02,8.1266128467857446e-01,7.9098425989571237e-03,5.4183072963446932e-01,-5.5366569795890861e-03,-6.7982128063790259e-01,-5.9914157940780645e-03,-4.5891879841636518e-01,8.2135774083832280e-03,5.8754965540063553e-01,-5.4022153239963655e-03,3.4178830444994810e-04,3.3994883213048048e-04,5.1645188869780471e-04,9.9337953199681805e-01,-7.4535866130775119e-02,9.9266072302050445e-01,-7.4079586623697583e-02,9.7974833395759042e-01,-1.1134833196389683e-01
2.2812866990908461e+02,7.2446835668857845e-01,2.0181481538554258e-03,-3.3709839950645171e-01,1.2764693843056812e-02,5.7544112917346579e-01,-5.4279004500019240e-03,-6.2189198279158878e-02,-1.4993842995281373e-02,8.3856687522802698e-01,5.7698041190739624e-03,5.8211124754399812e-01,-5.7482310924722498e-03,-6.8624097599265088e-01,1.1069706105502813e-02,-4.2736309213486912e-01,-1.8298203543925973e-02,5.7438489872117504e-01,-5.7867257939888828e-03,7.3201779446766613e-01,-1.1523431685485773e-02,-3.6446326412970137e-01,-1.6263425012229830e-02,6.0303884285319487e-01,-6.2251187368518694e-03,-5.2462097974258645e-02,1.7876659556375223e-02,8.1270821501652835e-01,7.7673107061023827e-03,5.4185593512676278e-01,-5.2234204749510276e-03,-6.8018767411936221e-01,-6.1123542031084072e-03,-4.5849871865040714e-01,8.3516241203293907e-03,5.8753374652859602e-01,-5.5103180272617234e-03,3.4175102252523211e-04,3.3989660511624732e-04,5.1492153995934416e-04,9.9313790121343726e-01,-7.7585473654121204e-02,9.9242220731098207e-01,-7.7107174172706738e-02,9.7860299871594680e-01,-1.1548657725414216e-01
2.3750888911037561e+02,7.2424111226518306e-01,2.0672730947020046e-03,-3.3769069579940114e-01,1.3261081258681584e-02,5.7543988275427105e-01,-5.3119996149394912e-03,-6.1628044668184341e-02,-1.5308313544012698e-02,8.3859436703391976e-01,5.9378843292355876e-03,5.8211990492847565e-01,-5.9191514689824701e-03,-6.8652273333509117e-01,1.1167539915856478e-02,-4.2682287076741254e-01,-1.8319492157372608e-02,5.7437729359699208e-01,-5.7296184852233516e-03,7.3173861287391939e-01,-1.1657956054806016e-02,-3.6496722072125320e-01,-1.6600185783732964e-02,6.0303245289452079e-01,-6.4177369697129751e-03,-5.1809841859282169e-02,1.8210796310872038e-02,8.1275683981952462e-01,7.6200264807116279e-03,5.4187846628232461e-01,-4.9063754802360924e-03,-6.8056628598647484e-01,-6.2212659645934035e-03,-4.5806083971133388e-01,8.4770562364238355e-03,5.8751887717947027e-01,-5.6198378572201637e-03,3.4171606186682605e-04,3.3984783406539097e-04,5.1335809807497403e-04,9.9287614169372518e-01,-8.0759826358377543e-02,9.9216387092135505e-01,-8.0258750391009562e-02,9.7738854126711194e-01,-1.1976423125049346e-01
2.4727480517431579e+02,7.2400587580255815e-01,2.1090435813611863e-03,-3.3829969016635653e-01,1.3743000082668599e-02,5.7543978209107216e-01,-5.1946545698730463e-03,-6.1048493563339148e-02,-1.5606127598872626e-02,8.3862511899335768e-01,6.1096727257771155e-03,5.8212684642765689e-01,-6.0922789933776506e-03,-6.8681428374258757e-01,1.1256713584071737e-02,-4.2626210655896479e-01,-1.8320692851237746e-02,5.7437019696158553e-01,-5.6717191438173976e-03,7.3144830077141010e-01,-1.1785030930767149e-02,-3.6548612669450453e-01,-1.6922762547209012e-02,6.0302810678689633e-01,-6.6128134354583746e-03,-5.1136120568713403e-02,1.8525327382981852e-02,8.1280700238202985e-01,7.4678456683946485e-03,5.4189803836802986e-01,-4.5851726107185558e-03,-6.8095616960418770e-01,-6.3171947270106495e-03,-4.5760595151952688e-01,8.5884277381098242e-03,5.8750515577555285e-01,-5.7308909974574827e-03,3.4168295649688663e-04,3.3980204596948912e-04,5.1175965034959100e-04,9.9259249913859515e-01,-8.4063854741633068e-02,9.9188396876868312e-01,-8.3539230800927927e-02,9.7610126497438876e-01,-1.2418458989724124e-01
2.5744227722601380e+02,7.2376285874015378e-01,2.1426398795883483e-03,-3.3892453734998540e-01,1.4208921888137493e-02,5.7544093559691523e-01,-5.0756701440709956e-03,-6.0451176623578483e-02,-1.5885475530267121e-02,8.3865928364007902e-01,6.2856709774972708e-03,5.8213189421565192e-01,-6.2679064541188486e-03,-6.8711536920080296e-01,1.1336212889382941e-02,-4.2568120222443939e-01,-1.8299587380692817e-02,5.7436367691991919e-01,-5.6129254890661222e-03,7.3114696215679775e-01,-1.1903566354601290e-02,-3.6601924965380761e-01,-1.7229739801721294e-02,6.0302597637581123e-01,-6.8106687721179839e-03,-5.0441660679386748e-02,1.8818109140933955e-02,8.1285858210899564e-01,7.3104940152098922e-03,5.4191435961737167e-01,-4.2592649647143297e-03,-6.8135676640307075e-01,-6.3989328405540053e-03,-4.5713429611246653e-01,8.6839718986533414e-03,5.8749270436508627e-01,-5.8436680004587760e-03,3.4165173555241346e-04,3.3975910686483282e-04,5.1012610341309229e-04,9.9228522190160018e-01,-8.7502805380506504e-02,9.9158078495382029e-01,-8.6953809348961811e-02,9.7473727350452299e-01,-1.2875136799261105e-01
2.6802781648779057e+02,7.2351262796875393e-01,2.1674610002049566e-03,-3.3956339059843432e-01,1.4657671976566949e-02,5.7544346310235339e-01,-4.9549150537168450e-03,-5.9837688547304542e-02,-1.6144987596984631e-02,8.3869695675367950e-01,6.4662489235224885e-03,5.8213486540761605e-01,-6.4462253426721640e-03,-6.8742526110546587e-01,1.1405265514284169e-02,-4.2508143900462048e-01,-1.8254560752302668e-02,5.7435779485183336e-01,-5.5531737059219656e-03,7.3083521028506226e-01,-1.2012666818144523e-02,-3.6656503892941278e-01,-1.7520068192654014e-02,6.0302627460632818e-01,-7.0115226392900819e-03,-4.9728289840038895e-02,1.9087526760651688e-02,8.1291143405186794e-01,7.1478851929027082e-03,5.4192708986263249e-01,-3.9282819935172924e-03,-6.8176694165685903e-01,-6.4656571725362991e-03,-4.5664690209749098e-01,8.7623141648004027e-03,5.8748165375183081e-01,-5.9582912091282955e-03,3.4162209821667365e-04,3.3971871164521674e-04,5.0845581642787940e-04,9.9195227640491435e-01,-9.1082027991079992e-02,9.9125230156787514e-01,-9.0507818059206505e-02,9.7329260195871492e-01,-1.3346790442100628e-01
2.7904861309218421e+02,7.2325563441527496e-01,2.1828104013831839e-03,-3.4021473981658090e-01,1.5087942921607367e-02,5.7544748243845267e-01,-4.8322246033374741e-03,-5.9209297041511171e-02,-1.6383110609819757e-02,8.3873826268633445e-01,6.6518444910431129e-03,5.8213557216118106e-01,-6.6274801808563514e-03,-6.8774339341928958e-01,1.1462995421209154e-02,-4.2446379874630891e-01,-1.8183729390856496e-02,5.7435261857059872e-01,-5.4923795164549157e-03,7.3051348896508828e-01,-1.2111327044030786e-02,-3.6712221532561889e-01,-1.7792564986039528e-02,6.0302920251739967e-01,-7.2156480065174618e-03,-4.8997466166188747e-02,1.9331743263420523e-02,8.1296542734188093e-01,6.9798765665327256e-03,5.4193589971407508e-01,-3.5917570468638358e-03,-6.8218575475790311e-01,-6.5164066475946912e-03,-4.5614452980927189e-01,8.8218904916668988e-03,5.8747213804966925e-01,-6.0749194575417283e-03,3.4159385664339490e-04,3.3968057602395263e-04,5.0674817048674355e-04,9.9159154806307959e-01,-9.4807105340282555e-02,9.9089643693663942e-01,-9.4206798126657845e-02,9.7176311335302679e-01,-1.3833777114836890e-01
2.9052256399745221e+02,7.2299247345297679e-01,2.1880883300822163e-03,-3.4087665220458085e-01,1.5498632651827327e-02,5.7545312786274649e-01,-4.7074448207878265e-03,-5.8567663600400770e-02,-1.6598510622949793e-02,8.3878331922573168e-01,6.8428632767579822e-03,5.8213380406364612e-01,-6.8118978948337955e-03,-6.8806901186737579e-01,1.1508637328106364e-02,-4.2382960617135063e-01,-1.8085461321158486e-02,5.7434822177345213e-01,-5.4304654839990481e-03,7.3018245588415120e-01,-1.2198625072556358e-02,-3.6768915496360616e-01,-1.8046249104607479e-02,6.0303498971117597e-01,-7.4232983195721544e-03,-4.8251100205710384e-02,1.9549180135146824e-02,8.1302044453232103e-01,6.8063982476107808e-03,5.4194041807236149e-01,-3.2492566925262307e-03,-6.8261203891390432e-01,-6.5504034627935116e-03,-4.5562825157848219e-01,8.8613030283723609e-03,5.8746430473664368e-01,-6.1936971880511395e-03,3.4156685295576907e-04,3.3964448932569189e-04,5.0500231068000966e-04,9.9120071370636664e-01,-9.8683830863890737e-02,9.9051089609027698e-01,-9.8056509945074255e-02,9.7014455394948307e-01,-1.4336446432783881e-01
3.0246830205090794e+02,7.2272378297770978e-01,2.1827386395737169e-03,-3.4154706860752715e-01,1.5888739900728394e-02,5.7546054004916658e-01,-4.5804257882891674e-03,-5.7914563883594714e-02,-1.6789956847099920e-02,8.3883225027889541e-01,7.0396969503956353e-03,5.8212934012114648e-01,-6.9996993031673973e-03,-6.8840131033249508e-01,1.1541479201946370e-02,-4.2318027855027024e-01,-1.7958236967456132e-02,5.7434468188942467e-01,-5.3673560566548746e-03,7.2984283930200211e-01,-1.2273674562784314e-02,-3.6826413539049652e-01,-1.8280238506139045e-02,6.0304387884874455e-01,-7.6347198259056363e-03,-4.7491234677205112e-02,1.9738380488525508e-02,8.1307638513920033e-01,6.6274168561942992e-03,5.4194025320459083e-01,-2.9003571265976717e-03,-6.8304457037475363e-01,-6.5669593956096933e-03,-4.5509923383059447e-01,8.8792292290983017e-03,5.8745831027061379e-01,-6.3147646466116761e-03,3.4154092254641967e-04,3.3961022961457449e-04,5.0321758775611865e-04,9.9077726623219231e-01,-1.0271820826722523e-01,9.9009320464016692e-01,-1.0206292123572390e-01,9.6843255627014979e-01,-1.4855151589888010e-01
3.1490522624728618e+02,7.2245025874364421e-01,2.1662732596375023e-03,-3.4222375907432812e-01,1.6257435352384247e-02,5.7546986764053965e-01,-4.4510183331349321e-03,-5.7251930102679399e-02,-1.6956387161411342e-02,8.3888518304041537e-01,7.2427253317866591e-03,5.8212194708771703e-01,-7.1911034589914003e-03,-6.8873940944155276e-01,1.1560891724164163e-02,-4.2251736292997705e-01,-1.7800706404930339e-02,5.7434208017879651e-01,-5.3029764584084649e-03,7.2949546511912011e-01,-1.2335656220121304e-02,-3.6884530108112190e-01,-1.8493809722984852e-02,6.0305612797062724e-01,-7.8501574257526067e-03,-4.6720092552535251e-02,1.9898084503773679e-02,8.1313317149257514e-01,6.4429381540064157e-03,5.4193499001294798e-01,-2.5446351941765966e-03,-6.8348204822347669e-01,-6.5655170169274923e-03,-4.5455877393396726e-01,8.8744697948815090e-03,5.8745432042507340e-01,-6.4382603562206540e-03,3.4151588425433542e-04,3.3957756639737608e-04,5.0139341059778888e-04,9.9031849191496657e-01,-1.0691645287997889e-01,9.8964068393582483e-01,-1.0623221174816969e-01,9.6662262205600524e-01,-1.5390244862634514e-01
3.2785353323127407e+02,7.2217264487208688e-01,2.1382696865851480e-03,-3.4290435183032320e-01,1.6604043102140198e-02,5.7548126738640359e-01,-4.3190772438137653e-03,-5.6581824577129042e-02,-1.7096896510538601e-02,8.3894224834224307e-01,7.4523097198234134e-03,5.8211137890039688e-01,-7.3863230944624277e-03,-6.8908236966560188e-01,1.1566325020181456e-02,-4.2184251416543361e-01,-1.7611686954294742e-02,5.7434050215426391e-01,-5.2372540621530737e-03,7.2914124511393197e-01,-1.2383816564263374e-02,-3.6943068660383882e-01,-1.8686384936657231e-02,6.0307200815741036e-01,-8.0698476647101027e-03,-4.5940047354064283e-02,2.0027217233570486e-02,8.1319075231400539e-01,6.2530064952299007e-03,5.4192419352459420e-01,-2.1816794603201936e-03,-6.8392311251818061e-01,-6.5456411329460869e-03,-4.5400827935691773e-01,8.8459458751730963e-03,5.8745250895804468e-01,-6.5643171549723553e-03,3.4149153689651875e-04,3.3954625090942939e-04,4.9952934336357658e-04,9.8982145475135053e-01,-1.1128499487477170e-01,9.8915043575006800e-01,-1.1057077481909516e-01,9.6471013408428086e-01,-1.5942080449121523e-01
3.4133425009536967e+02,7.2189172087260522e-01,2.0983951719964200e-03,-3.4358633590014048e-01,1.6928099844855271e-02,5.7549491139237940e-01,-4.1844634553998344e-03,-5.5906422061634986e-02,-1.7210796798220549e-02,8.3900359932339130e-01,7.6687861076068509e-03,5.8209736603414197e-01,-7.5855612120874823e-03,-6.8942920479997549e-01,1.1557339140170653e-02,-4.2115745197563309e-01,-1.7390224431590079e-02,5.7434004109741332e-01,-5.1701195828933715e-03,7.2878116859014996e-01,-1.2417503569662314e-02,-3.7001823100161507e-01,-1.8857580738223849e-02,6.0309182030891861e-01,-8.2940166976065016e-03,-4.5153598861223443e-02,2.0124958547751096e-02,8.1324911899572072e-01,6.0577074302181318e-03,5.4190738082379175e-01,-1.8110931617406614e-03,-6.8436636606959833e-01,-6.5070547166886077e-03,-4.5344924707060907e-01,8.7927525160909382e-03,5.8745306797616414e-01,-6.6930610143700869e-03,3.4146774537358743e-04,3.3951610720367302e-04,4.9762514749650754e-04,9.8928297549812394e-01,-1.1583051208064961e-01,9.8861932196823066e-01,-1.1508525192806973e-01,9.6269037751424347e-01,-1.6511016424025338e-01
3.5536926852632291e+02,7.2160828397016941e-01,2.0463816743921392e-03,-3.4426710327800691e-01,1.7229349840698197e-02,5.7551099375865378e-01,-4.0470239514342763e-03,-5.5227964372528547e-02,-1.7297583782790692e-02,8.3906941933582013e-01,7.8925025495823475e-03,5.8207960485633659e-01,-7.7890409013575933e-03,-6.8977890588102175e-01,1.1533576019390507e-02,-4.2046391431250330e-01,-1.7135512965745614e-02,5.7434080199962301e-01,-5.1014969000557379e-03,7.2841627696529443e-01,-1.2436144065097292e-02,-3.7060580995766518e-01,-1.9007190881468818e-02,6.0311589818863098e-01,-8.5229125752497997e-03,-4.4363321988956539e-02,2.0190699902310039e-02,8.1330831493122391e-01,5.8571373656344031e-03,5.4188401615415038e-01,-1.4324400373658163e-03,-6.8481040338847987e-01,-6.4496013840068525e-03,-4.5288321806341308e-01,8.7141089123660836e-03,5.8745620947317267e-01,-6.8246296487130143e-03,3.4144452688269746e-04,3.3948711127068740e-04,4.9568073710604913e-04,9.8869960731505491e-01,-1.2055996943642483e-01,9.8804393965637749e-01,-1.1978256988406355e-01,9.6055847331623545e-01,-1.7097412596058503e-01
3.6998138035561561e+02,7.2132316897580728e-01,1.9820708212521243e-03,-3.4494397587536013e-01,1.7507711628355904e-02,5.7552969691573908e-01,-3.9066396465320778e-03,-5.4548778742570400e-02,-1.7356976628693770e-02,8.3913986924105710e-01,8.1237286174715151e-03,5.8205780934947515e-01,-7.9969341167368986e-03,-6.9013041722366752e-01,1.1494808247660165e-02,-4.1976373747318063e-01,-1.6847050983350736e-02,5.7434288321377081e-01,-5.0313275052298765e-03,7.2804768953503540e-01,-1.2439290789771313e-02,-3.7119124994233332e-01,-1.9135188175343210e-02,6.0314456275486461e-01,-8.7567244671213542e-03,-4.3571890649922868e-02,2.0224102703956526e-02,8.1336840067216043e-01,5.6514589035524029e-03,5.4185358679875550e-01,-1.0453796267146029e-03,-6.8525379095829086e-01,-6.3732971156195773e-03,-4.5231183750595105e-01,8.6094549721346739e-03,5.8746213787272417e-01,-6.9591250651348220e-03,3.4142156910746044e-04,3.3945891723282165e-04,4.9369621406820236e-04,9.8806763463802283e-01,-1.2548045838864583e-01,9.8742062075251713e-01,-1.2466978328647524e-01,9.5830949715534108e-01,-1.7701634200097544e-01
3.8519431457170947e+02,7.2103719701062341e-01,1.9053828236481329e-03,-3.4561423185967444e-01,1.7763349031089878e-02,5.7555123255281415e-01,-3.7631781903955117e-03,-5.3871193550491921e-02,-1.7388915662269501e-02,8.3921516081558289e-01,8.3627429878267434e-03,5.8203164862791412e-01,-8.2094315894382201e-03,-6.9048269765686576e-01,1.1440908940818645e-02,-4.1905868896792958e-01,-1.6524519803059662e-02,5.7434639837224877e-01,-4.9595465639698461e-03,7.2767654252693681e-01,-1.2426604513126735e-02,-3.7177236960847582e-01,-1.9241749465739848e-02,6.0317818280462898e-01,-8.9956637055406043e-03,-4.2781973799726508e-02,2.0225082958714394e-02,8.1342950604379471e-01,5.4408377933961305e-03,5.4181550209667639e-01,-6.4953078159201393e-04,-6.8569513781429692e-01,-6.2782924851482874e-03,-4.5173673342263310e-01,8.4783921322441058e-03,5.8747108656369262e-01,-7.0966609982471666e-03,3.4139880249990249e-04,3.3943142304756162e-04,4.9167189806913680e-04,9.8738302919516396e-01,-1.3059939555278480e-01,9.8674538837099124e-01,-1.2975427102284146e-01,9.5593836968049395e-01,-1.8324051926235510e-01
4.0103277585416777e+02,7.2075119879854044e-01,1.8163357500885768e-03,-3.4627510100144154e-01,1.7996624296590200e-02,5.7557582194040446e-01,-3.6165228979795740e-03,-5.3197572135756113e-02,-1.7393562532772675e-02,8.3929551941739555e-01,8.6097788734246228e-03,5.8200077632358393e-01,-8.4267004468249473e-03,-6.9083469313001344e-01,1.1371869861610734e-02,-4.1835054569296937e-01,-1.6167858621315978e-02,5.7435146652042524e-01,-4.8860970025624579e-03,7.2730401623534457e-01,-1.2397870321259323e-02,-3.7234696507933362e-01,-1.9327237378476952e-02,6.0321714290924633e-01,-9.2399119949261917e-03,-4.1996278411561096e-02,2.0193819600579727e-02,8.1349180627967055e-01,5.2254750917800873e-03,5.4176914559582812e-01,-2.4455722640339631e-04,-6.8613306561958087e-01,-6.1648891760070516e-03,-4.5115956944050511e-01,8.3207221294116143e-03,5.8748329904252472e-01,-7.2373330671278669e-03,3.4137608676091655e-04,3.3940445928861589e-04,4.8960841225408546e-04,9.8664143160199969e-01,-1.3592441924630369e-01,9.8601393717293995e-01,-1.3504363367911043e-01,9.5343990617742425e-01,-1.8965047328707701e-01
4.1752248469222599e+02,7.2046594414224940e-01,1.7150228827129688e-03,-3.4692389974424770e-01,1.8208121006933919e-02,5.7560370326674271e-01,-3.4665529563191770e-03,-5.2530158966634877e-02,-1.7371287165747467e-02,8.3938122389089798e-01,8.8650646314801240e-03,5.8196482168258945e-01,-8.6489113104425488e-03,-6.9118542287570905e-01,1.1287781580160111e-02,-4.1764090311564128e-01,-1.5777191413232000e-02,5.7435821356099082e-01,-4.8109217761518096e-03,7.2693124415189969e-01,-1.2352991146802767e-02,-3.7291294340724085e-01,-1.9392192062905659e-02,6.0326187082705507e-01,-9.4896626567408781e-03,-4.1217362653387470e-02,2.0130732201063619e-02,8.1355553762752919e-01,5.0055703085168483e-03,5.4171383256910777e-01,1.6989858977929824e-04,-6.8656631322642414e-01,-6.0335065395313373e-03,-4.5058190813072796e-01,8.1364185496771314e-03,5.8749904435998379e-01,-7.3812404797146810e-03,3.4135341100940850e-04,3.3937798715129552e-04,4.8750646648771913e-04,9.8583813495700578e-01,-1.4146347263183071e-01,9.8522162194632701e-01,-1.4054577660736642e-01,9.5080878870301211e-01,-1.9625005388964878e-01
4.3469021915296497e+02,7.2018225827644244e-01,1.6016457391746508e-03,-3.4755792667314189e-01,1.8398509401023749e-02,5.7563510336239376e-01,-3.3131891693791247e-03,-5.1871278115350028e-02,-1.7322636706931155e-02,8.3947246618483840e-01,9.1287122471906124e-03,5.8192342507009576e-01,-8.8761766754806917e-03,-6.9153384286627839e-01,1.1188857384340556e-02,-4.1693154631400270e-01,-1.5352956619332989e-02,5.7436676507556716e-01,-4.7339807178473315e-03,7.2655944679502005e-01,-1.2291989673624940e-02,-3.7346814793968530e-01,-1.9437293118405509e-02,6.0331271879070703e-01,-9.7450067517140908e-03,-4.0447901108286215e-02,2.0036463027538639e-02,8.1362094879186542e-01,4.7813825490109554e-03,5.4164899867426353e-01,5.9403271805095071e-04,-6.8699357566165187e-01,-5.8847037880037263e-03,-4.5000541140131139e-01,7.9256570463691854e-03,5.8751854574274165e-01,-7.5284238032691519e-03,3.4133018101804196e-04,3.3935138793813810e-04,4.8536737032651815e-04,9.8496806723739094e-01,-1.4722450747079233e-01,9.8436343127500803e-01,-1.4626861379433506e-01,9.4803959427924001e-01,-2.0304337718121054e-01
4.5256385836690953e+02,7.1990054029228479e-01,1.4763811063515098e-03,-3.4817483371035607e-01,1.8569012421457809e-02,5.7567036625753509e-01,-3.1562490658557756e-03,-5.1222525757486877e-02,-1.7248409326970998e-02,8.3956997810520406e-01,9.4011397671757424e-03,5.8187606746880549e-01,-9.1087459465595370e-03,-6.9187940761088718e-01,1.1075330262614230e-02,-4.1622286685268794e-01,-1.4895384952808302e-02,5.7437728846436431e-01,-4.6551966009651469e-03,7.2618937038375941e-01,-1.2215006375146366e-02,-3.7401105293855369e-01,-1.9463436546947720e-02,6.0337049180135471e-01,-1.0006351906380107e-02,-3.9689592865179958e-02,1.9911892759200404e-02,8.1368851071722526e-01,4.5530064985645075e-03,5.4157334399156210e-01,1.0285654712327875e-03,-6.8741415988105226e-01,-5.7190644024089406e-03,-4.4943099762691019e-01,7.6887056347487749e-03,5.8754231022331682e-01,-7.6791056535599018e-03,3.4130810448588329e-04,3.3932634292159795e-04,4.8319187501857507e-04,9.8402568629734144e-01,-1.5321673816176470e-01,9.8343391632484611e-01,-1.5222132376673117e-01,9.4512669211082723e-01,-2.1003433611056579e-01
4.7117242780167385e+02,7.1962232176760810e-01,1.3398980828517315e-03,-3.4877110749887741e-01,1.8720312520765128e-02,5.7570960516274128e-01,-2.9958695369674201e-03,-5.0587548238396882e-02,-1.7149750837571753e-02,8.3967317771467420e-01,9.6817863246122515e-03,5.8182253746911028e-01,-9.3464274162227533e-03,-6.9222023106339992e-01,1.0947894907017586e-02,-4.1551887815110189e-01,-1.4406387933374273e-02,5.7438987396696894e-01,-4.5746213883081531e-03,7.2582315140026543e-01,-1.2122454493012831e-02,-3.7453836395268431e-01,-1.9471778387261534e-02,6.0343492454225189e-01,-1.0273171222807801e-02,-3.8946835632977531e-02,1.9758462321508928e-02,8.1375831831381817e-01,4.3210702417212322e-03,5.4148731450271215e-01,1.4726761729466726e-03,-6.8782583118426077e-01,-5.5377371297453343e-03,-4.4886162284695963e-01,7.4264902406023427e-03,5.8757015784566591e-01,-7.8329515269565386e-03,3.4128310302146024e-04,3.3929877903732058e-04,4.8098271591373023e-04,9.8300503447148391e-01,-1.5944702781730974e-01,9.8242711827816409e-01,-1.5841073500237740e-01,9.4206436810015381e-01,-2.1722776637922930e-01
4.9054614639717357e+02,7.1934723504668963e-01,1.1922273164460817e-03,-3.4934553642769572e-01,1.8854008234302527e-02,5.7575328618557886e-01,-2.8317491045397785e-03,-4.9966388260880172e-02,-1.7027469791948493e-02,8.3978346994165676e-01,9.9714462638777479e-03,5.8176214359884737e-01,-9.5896327652264038e-03,-6.9255669435463274e-01,1.0806685242927272e-02,-4.1481767711414258e-01,-1.3885646449869449e-02,5.7440473764656486e-01,-4.4921299401622919e-03,7.2546060397021306e-01,-1.2014516426744734e-02,-3.7504990256691578e-01,-1.9463204549357429e-02,6.0350733285797553e-01,-1.0546246038366876e-02,-3.8219376263542493e-02,1.9576998059312269e-02,8.1383111769142391e-01,4.0853983759784451e-03,5.4138877006108022e-01,1.9277206650576478e-03,-6.8822903674914260e-01,-5.3411074311039090e-03,-4.4829677063385237e-01,7.1391940441704882e-03,5.8760292910855105e-01,-7.9904087489597944e-03,3.4125928774199804e-04,3.3927275618146635e-04,4.7874082706815665e-04,9.8189971355782835e-01,-1.6592624931810404e-01,9.8133680525627964e-01,-1.6484768158016327e-01,9.3884662589346524e-01,-2.2462775083546763e-01
5.1071647563894692e+02,7.1907646946782666e-01,1.0341420644514598e-03,-3.4989498211004361e-01,1.8971305076115295e-02,5.7580161401396257e-01,-2.6639983264865009e-03,-4.9362060357784961e-02,-1.6883111399675601e-02,8.3990064819419230e-01,1.0269655245238513e-02,5.8169454390481723e-01,-9.8381996225152292e-03,-6.9288731570874473e-01,1.0652552957254757e-02,-4.1412220024313146e-01,-1.3335279818161308e-02,5.7442200811536037e-01,-4.4077686081784428e-03,7.2510349326502843e-01,-1.1891859658284296e-02,-3.7554291759707287e-01,-1.9439179938314465e-02,6.0358775560655153e-01,-1.0825171227080646e-02,-3.7510795127471692e-02,1.9369382171164864e-02,8.1390720364465030e-01,3.8465407113331958e-03,5.4127765466753264e-01,2.3930915077447958e-03,-6.8862206760030165e-01,-5.1304806761008244e-03,-4.4773877785171995e-01,6.8280679944518639e-03,5.8764063652465781e-01,-8.1512119689924230e-03,3.4123386793821124e-04,3.3924549051403597e-04,4.7646920741940618e-04,9.8070274086953058e-01,-1.7266229733689950e-01,9.8015601803530461e-01,-1.7154002615462108e-01,9.3546728268111989e-01,-2.3223943292215815e-01
5.3171617064928171e+02,7.1881000290020325e-01,8.6592263110801815e-04,-3.5041799758617037e-01,1.9073648125321210e-02,5.7585498068799701e-01,-2.4924667668173523e-03,-4.8775186933597954e-02,-1.6717734965614826e-02,8.4002562739554665e-01,1.0576757968275563e-02,5.8161914555579364e-01,-1.0092321932076546e-02,-6.9321207045076760e-01,1.0485884186800576e-02,-4.1343172330695743e-01,-1.2755806047792508e-02,5.7444187537862612e-01,-4.3214810768452804e-03,7.2475206308384410e-01,-1.1754877367675796e-02,-3.7601673158821047e-01,-1.9400755690249242e-02,6.0367710425825338e-01,-1.1110309843415420e-02,-3.6821631517708106e-02,1.9136795104447407e-02,8.1398722134727020e-01,3.6045376399251785e-03,5.4115249331183735e-01,2.8694579746173631e-03,-6.8900493457505441e-01,-4.9065096818946483e-03,-4.4718773237984155e-01,6.4937033580986583e-03,5.8768385176827986e-01,-8.3155486769212941e-03,3.4120862894299476e-04,3.3921873477921985e-04,4.7416977290889274e-04,9.7940663263934591e-01,-1.7966556700967964e-01,9.7887741096486947e-01,-1.7849812910829924e-01,9.3191990095981314e-01,-2.4006755639240901e-01
5.5357933337910868e+02,7.1854868317338139e-01,6.8842449460959632e-04,-3.5091188851883998e-01,1.9162619414799426e-02,5.7591367241786784e-01,-2.3172581739524115e-03,-4.8208115429325897e-02,-1.6533184375039017e-02,8.4015853279885833e-01,1.0892344469833823e-02,5.8153548757204421e-01,-1.0351840340981423e-02,-6.9352988373300550e-01,1.0307655988272546e-02,-4.1274813903078217e-01,-1.2149520037891791e-02,5.7446450488935907e-01,-4.2333148764532071e-03,7.2440768538323341e-01,-1.1604454758466840e-02,-3.7646915612231224e-01,-1.9349608283571518e-02,6.0377567653689856e-01,-1.1401328881201290e-02,-3.6154621775091690e-02,1.8881449186360082e-02,8.1407163633450952e-01,3.3598714390107847e-03,5.4101279622716425e-01,3.3563489931261311e-03,-6.8937644768997286e-01,-4.6705997777169994e-03,-4.4664532658086292e-01,6.1376227604794291e-03,5.8773275324425034e-01,-8.4831958086767772e-03,3.4118182258223364e-04,3.3919074650799302e-04,4.7184604565092574e-04,9.7800322857134925e-01,-1.8694487352471068e-01,9.7749287105544558e-01,-1.8573077632106319e-01,9.2819766277492632e-01,-2.4811781161781901e-01
5.7634146798704728e+02,7.1829252447591552e-01,5.0207093127213609e-04,-3.5137534135974091e-01,1.9239588177092599e-02,5.7597806637198878e-01,-2.1383201544405064e-03,-4.7661456809694677e-02,-1.6330674584647119e-02,8.4030011888463274e-01,1.1216493771427249e-02,5.8144299179870451e-01,-1.0616805600093194e-02,-6.9384069469452581e-01,1.0118408718860161e-02,-4.1207093686367957e-01,-1.1517429979772328e-02,5.7449008588161454e-01,-4.1432591107429936e-03,7.2407064535228560e-01,-1.1441149548709013e-02,-3.7689951191934901e-01,-1.9286864980814902e-02,6.0388423569836069e-01,-1.1698346464797643e-02,-3.5510340594365246e-02,1.8604740296465548e-02,8.1416108605773851e-01,3.1126823577597757e-03,5.4085732332807390e-01,3.8540410850397954e-03,-6.8973660479347776e-01,-4.4235326725706164e-03,-4.4611167118140493e-01,5.7606946185417736e-03,5.8778781381988776e-01,-8.6541899168265744e-03,3.4115421610723224e-04,3.3916226616875474e-04,4.6950081400111047e-04,9.7648382183539495e-01,-1.9451061369639094e-01,9.7599382726049189e-01,-1.9324833265241748e-01,9.2429345612270775e-01,-2.5639570841553766e-01
6.0003953849553216e+02,7.1804188143559000e-01,3.0762825278640715e-04,-3.5180638178436680e-01,1.9306269299381184e-02,5.7604853529075306e-01,-1.9557160763716318e-03,-4.7136566720898540e-02,-1.6112016808071596e-02,8.4045094120730945e-01,1.1548976351625696e-02,5.8134107626387188e-01,-1.0887104292734645e-02,-6.9414402054516822e-01,9.9190525166683585e-03,-4.1140053652814929e-01,-1.0861529121643392e-02,5.7451881667890936e-01,-4.0513521636910037e-03,7.2374169681093459e-01,-1.1265877986353166e-02,-3.7730645426837478e-01,-1.9214127476690185e-02,6.0400341013998216e-01,-1.2001204443856587e-02,-3.4890274602110340e-02,1.8308801379724897e-02,8.1425619701762353e-01,2.8633133500192069e-03,5.4068503816169844e-01,4.3623676284486393e-03,-6.9008493075371069e-01,-4.1665613949493901e-03,-4.4558751993325718e-01,5.3644064548875638e-03,5.8784942126619477e-01,-8.8284068466990481e-03,3.4112552513285019e-04,3.3913300869100590e-04,4.6713775975492852e-04,9.7483888026257948e-01,-2.0237283485707483e-01,9.7437083681038816e-01,-2.0106082030818268e-01,9.2019961133297512e-01,-2.6490741295521736e-01
6.2471202881765078e+02,7.1779684072745642e-01,1.0570403043153043e-04,-3.5220370065301282e-01,1.9364000389652709e-02,5.7612545038053786e-01,-1.7695109267893312e-03,-4.6634150035476496e-02,-1.5878656032042318e-02,8.4061160729581164e-01,1.1889568818025685e-02,5.8122916474620212e-01,-1.1162615020268225e-02,-6.9443971529427739e-01,9.7103256087678891e-03,-4.1073671631222475e-01,-1.0183439554358669e-02,5.7455089020066130e-01,-3.9576380419283057e-03,7.2342121517614089e-01,-1.1079404549478087e-02,-3.7768920036851622e-01,-1.9132651731025657e-02,6.0413383322096437e-01,-1.2309742365345605e-02,-3.4295153156555735e-02,1.7995334674793036e-02,8.1435759642516514e-01,2.6120393927070006e-03,5.4049489924493144e-01,4.8811584518589114e-03,-6.9042134383285780e-01,-3.9006584489405648e-03,-4.4507307755604186e-01,4.9499829204717304e-03,5.8791796007514896e-01,-9.0057125627311160e-03,3.4109560703879209e-04,3.3910281502014960e-04,4.6476055355354593e-04,9.7305823808016323e-01,-2.1054190279963048e-01,9.7261385968631808e-01,-2.0917857840398357e-01,9.1590803534719001e-01,-2.7365934804894126e-01
6.5039900525216967e+02,7.1755743697920393e-01,-1.0305771722457502e-04,-3.5256604232740096e-01,1.9414137000637932e-02,5.7620920228179939e-01,-1.5797988202093096e-03,-4.6154810662757617e-02,-1.5632094331665278e-02,8.4078278391338979e-01,1.2238001718364883e-02,5.8110664990354510e-01,-1.1443172004656723e-02,-6.9472769333625028e-01,9.4930082759338563e-03,-4.1007908429500339e-01,-9.4848982428259801e-03,5.7458651071672795e-01,-3.8621750589302329e-03,7.2310951015877367e-01,-1.0882554049372032e-02,-3.7804703905014059e-01,-1.9043714634432007e-02,6.0427618345315859e-01,-1.2623754194725372e-02,-3.3725577181375553e-02,1.7666111658589057e-02,8.1446593897126907e-01,2.3591571903685245e-03,5.4028577958615132e-01,5.4101792608269306e-03,-6.9074583682093138e-01,-3.6268268809973260e-03,-4.4456843752132691e-01,4.5187403535347226e-03,5.8799384530299736e-01,-9.1859463912870275e-03,3.4106435827909994e-04,3.3907156955339818e-04,4.6237321732813268e-04,9.7113089408696052e-01,-2.1902840945908839e-01,9.7071202326381822e-01,-2.1761217619500267e-01,9.1140997005737767e-01,-2.8265838400723592e-01
6.7714218154824118e+02,7.1732373756802026e-01,-3.1785024355612812e-04,-3.5289201849303664e-01,1.9458284520260390e-02,5.7630020417653105e-01,-1.3867227507955091e-03,-4.5699256064692079e-02,-1.5374167803677867e-02,8.4096515333834831e-01,1.2593898959362004e-02,5.8097289225997917e-01,-1.1728533077485621e-02,-6.9500782039991060e-01,9.2680653381699285e-03,-4.0942731166721735e-01,-8.7680948902221275e-03,5.7462589225403604e-01,-3.7650482438865013e-03,7.2280695098755299e-01,-1.0676357810255275e-02,-3.7837915428838387e-01,-1.8948842222213137e-02,6.0443116372923278e-01,-1.2942945863818693e-02,-3.3182262689074531e-02,1.7323298448719597e-02,8.1458190880573600e-01,2.1050369048155803e-03,5.4005650520923398e-01,5.9490564147678185e-03,-6.9105835792549142e-01,-3.3462904546181305e-03,-4.4407375716505587e-01,4.0723321620364291e-03,5.8807750011438820e-01,-9.3688910128794933e-03,3.4103168156275295e-04,3.3903917554550328e-04,4.5997993165863680e-04,9.6904486712904703e-01,-2.2784311729116002e-01,9.6865345868501951e-01,-2.2637235951758219e-01,9.0669589472407874e-01,-2.9191174843237100e-01
7.0498498664544456e+02,7.1709556689263176e-01,-5.3808858918119595e-04,-3.5318084610970663e-01,1.9497466618658584e-02,5.7639886113468364e-01,-1.1904429801693596e-03,-4.5267594703837018e-02,-1.5106159740422507e-02,8.4115945069430742e-01,1.2956879501260080e-02,5.8082726341274871e-01,-1.2018428825752516e-02,-6.9528027018762606e-01,9.0362104365493967e-03,-4.0878047910874038e-01,-8.0347008379661796e-03,5.7466924490262239e-01,-3.6663518950247912e-03,7.2251354716573979e-01,-1.0461596212167731e-02,-3.7868523969649959e-01,-1.8849052982007199e-02,6.0459947851310114e-01,-1.3266994524176953e-02,-3.2665229991389523e-02,1.6968419938397889e-02,8.1470616681264929e-01,1.8499982686356071e-03,5.3980588948590402e-01,6.4973761027594286e-03,-6.9135919830130221e-01,-3.0598977102891476e-03,-4.4358868423986680e-01,3.6120091298489547e-03,5.8816935091648259e-01,-9.5543103746405234e-03,3.4099754660753278e-04,3.3900558618934497e-04,4.5758517143645953e-04,9.6678738427224087e-01,-2.3699703974469372e-01,9.6642554878159714e-01,-2.3547012506632348e-01,9.0175553848104373e-01,-3.0142717580224027e-01
7.3397263519917044e+02,7.1687278167998325e-01,-7.6306215304333680e-04,-3.5343165235101054e-01,1.9532844774267324e-02,5.7650558944106289e-01,-9.9117205011706871e-04,-4.4860018243813471e-02,-1.4829586734180125e-02,8.4136640175622635e-01,1.3326449171369062e-02,5.8066911908777852e-01,-1.2312508730919469e-02,-6.9554517086606160e-01,8.7982968757120972e-03,-4.0813774882407550e-01,-7.2867567914709046e-03,5.7471678359468581e-01,-3.5662083973678621e-03,7.2222935652217002e-01,-1.0239201737472760e-02,-3.7896490266525251e-01,-1.8745527882732819e-02,6.0478182989686813e-01,-1.3595478271611641e-02,-3.2174597458447383e-02,1.6603281026572554e-02,8.1483938073635021e-01,1.5944362089275275e-03,5.3953273890041553e-01,7.0545656979163485e-03,-6.9164860235079295e-01,-2.7686611321027978e-03,-4.4311292326271734e-01,3.1392804975347364e-03,5.8826981634466025e-01,-9.7419051574156069e-03,3.4096182931462812e-04,3.3897067074208732e-04,4.5519347259543631e-04,9.6434458907284015e-01,-2.4650125565749170e-01,9.6401458060303358e-01,-2.4491654096499760e-01,8.9657762648113670e-01,-3.1121272743697120e-01
7.6415220100587658e+02,7.1665514803209096e-01,-9.9209679447270771e-04,-3.5364377089584453e-01,1.9565386225724894e-02,5.7662080799307314e-01,-7.8915981828077582e-04,-4.4476502522044180e-02,-1.4545832550867180e-02,8.4158676027317847e-01,1.3702055051879228e-02,5.8049781159206104e-01,-1.2610364079713637e-02,-6.9580276206069025e-01,8.5551347491327756e-03,-4.0749805590621402e-01,-6.5262563015087011e-03,5.7476872384288002e-01,-3.4647601401495021e-03,7.2195430253660209e-01,-1.0010068116616597e-02,-3.7921792543628924e-01,-1.8639298078325921e-02,6.0497892761804384e-01,-1.3927911523106854e-02,-3.1710230389934882e-02,1.6229536893084213e-02,8.1498220874745109e-01,1.3387678143374580e-03,5.3923583433322830e-01,7.6199535619094448e-03,-6.9192693810723105e-01,-2.4735096500936036e-03,-4.4264598531752630e-01,2.6556049642837516e-03,5.8837931761235873e-01,-9.9313358530563368e-03,3.4092445277038042e-04,3.3893434362091204e-04,4.5280949596288944e-04,9.6170155572572225e-01,-2.5636699521764100e-01,9.6140578576223479e-01,-2.5472283101979926e-01,8.9114980782476683e-01,-3.2127685418919943e-01
7.9557269344744782e+02,7.1644236797450844e-01,-1.2245416094133765e-03,-3.5381670247848329e-01,1.9595867239736199e-02,5.7674493304480334e-01,-5.8470058865223856e-04,-4.4116862259219111e-02,-1.4256167289067740e-02,8.4182128469044293e-01,1.4083067872689897e-02,5.8031269809288410e-01,-1.2911517121992844e-02,-6.9605336246628013e-01,8.3075042544926703e-03,-4.0686018813161923e-01,-5.7551880337933375e-03,5.7482527891570445e-01,-3.3621733470330147e-03,7.2168820868886174e-01,-9.7750594054899810e-03,-3.7944421955648550e-01,-1.8531258816194066e-02,6.0519147096178882e-01,-1.4263729613237368e-02,-3.1271808769489609e-02,1.5848717568723480e-02,8.1513528933176560e-01,1.0834469666883379e-03,5.3891395952441601e-01,8.1927414562023258e-03,-6.9219465937508662e-01,-2.1753091043937764e-03,-4.4218724066183451e-01,2.1624131833345543e-03,5.8849826580880016e-01,-1.0122213028839873e-02,3.4088533852618693e-04,3.3889651640566523e-04,4.5043796545694105e-04,9.5884220575588430e-01,-2.6660557150104319e-01,9.5858325486988827e-01,-2.6490030672859627e-01,8.8545851177066115e-01,-3.3162834675062619e-01
8.2828513707880984e+02,7.1623409461422471e-01,-1.4597408203757545e-03,-3.5395007653792360e-01,1.9624928098165871e-02,5.7687837788070817e-01,-3.7813802464652276e-04,-4.3780788272922644e-02,-1.3961808853030479e-02,8.4207073491419027e-01,1.4468771654049029e-02,5.8011314160999672e-01,-1.3215413740073486e-02,-6.9629734968819501e-01,8.0561875491946267e-03,-4.0622282172561908e-01,-4.9756078135398882e-03,5.7488665941985406e-01,-3.2586404367871066e-03,7.2143082163755456e-01,-9.5350422199336760e-03,-3.7964379422283273e-01,-1.8422220279606369e-02,6.0542014814024603e-01,-1.4602281576694805e-02,-3.0858869844491148e-02,1.5462300179992179e-02,8.1529924096039808e-01,8.2897658200863783e-04,5.3856590006566341e-01,8.7719918744351855e-03,-6.9245228463265540e-01,-1.8749061322416623e-03,-4.4173595164260121e-01,1.6611621168534235e-03,5.8862706084837568e-01,-1.0314093526449237e-02,3.4084443991202958e-04,3.3885713380748958e-04,4.4808365826063936e-04,9.5574919893793231e-01,-2.7722836053960476e-01,9.5552982537849629e-01,-2.7546034922999962e-01,8.7948878735879388e-01,-3.4227630865832548e-01
8.6234265448802876e+02,7.1602993872316678e-01,-1.6970630280851440e-03,-3.5404365970627610e-01,1.9653006871286106e-02,5.7702154437706210e-01,-1.6986311676028126e-04,-4.3467852634902326e-02,-1.3663854453195970e-02,8.4233585786917842e-01,1.4858371080699082e-02,5.7989852368296213e-01,-1.3521426344936735e-02,-6.9653515454874337e-01,7.8019341017072086e-03,-4.0558454758122398e-01,-4.1895659276012104e-03,5.7495306906103150e-01,-3.1543792499144890e-03,7.2118181468078613e-01,-9.2908457445800563e-03,-3.7981675599001663e-01,-1.8312850111857498e-02,6.0566562150904901e-01,-1.4942834297621435e-02,-3.0470816508631225e-02,1.5071629257240060e-02,8.1547464743495668e-01,5.7590440113878920e-04,5.3819046633126411e-01,9.3566325493761732e-03,-6.9270038680583956e-01,-1.5730865830384743e-03,-4.4129128521839739e-01,1.1532758531855279e-03,5.8876608262586883e-01,-1.0506482907250673e-02,3.4080169050697561e-04,3.3881611812577135e-04,4.4575127403845939e-04,9.5240386355243734e-01,-2.8824671768634474e-01,9.5222701504771756e-01,-2.8641432387149524e-01,8.7322415240548101e-01,-3.5323002074360355e-01
8.9780055256346361e+02,7.1582946375061385e-01,-1.9358847252917699e-03,-3.5409737403179314e-01,1.9680363394843400e-02,5.7717482121080099e-01,3.9681244521964920e-05,-4.3177494392208152e-02,-1.3363312149778251e-02,8.4261738282225440e-01,1.5250979889263078e-02,5.7966824763449243e-01,-1.3828847418480918e-02,-6.9676726586064497e-01,7.5454799926182314e-03,-4.0494386345296124e-01,-3.3991514260014316e-03,5.7502470344847989e-01,-3.0496349125107396e-03,7.2094078284508756e-01,-9.0432809402586339e-03,-3.7996332209065575e-01,-1.8203698400907208e-02,6.0592852243005080e-01,-1.5284563771950921e-02,-3.0106901726901013e-02,1.4677955005975008e-02,8.1566205658543267e-01,3.2482982036268621e-04,5.3778650013527396e-01,9.9454406608574068e-03,-6.9293960225043527e-01,-1.2705993532770314e-03,-4.4085230480212245e-01,6.4017749479297528e-04,5.8891568692211826e-01,-1.0698830947901215e-02,3.4075706386740411e-04,3.3877343260785834e-04,4.4344548484318930e-04,9.4878608754179017e-01,-2.9967196965724563e-01,9.4865491390156576e-01,-2.9777357615202865e-01,8.6664643110561235e-01,-3.6449893172640563e-01
9.3471641230806244e+02,7.1563221127891530e-01,-2.1755786910009345e-03,-3.5411125330504928e-01,1.9707106778237587e-02,5.7733857651577380e-01,2.4999862737448177e-04,-4.2909072870759464e-02,-1.3061129415688414e-02,8.4291600707089342e-01,1.5645620115304626e-02,5.7942175023300724e-01,-1.4136886634239650e-02,-6.9699420002365620e-01,7.2875602605484424e-03,-4.0429924050141458e-01,-2.6065206706916838e-03,5.7510174596609542e-01,-2.9446812025027518e-03,7.2070727616506702e-01,-8.7931523436006499e-03,-3.8008378016848138e-01,-1.8095220575275406e-02,6.0620944038722413e-01,-1.5626556154202387e-02,-2.9766290380609087e-02,1.4282465920338909e-02,8.1586196975428560e-01,7.6410218216230522e-05,5.3735289138455600e-01,1.0537041249414533e-02,-6.9317059585946539e-01,-9.6817723438199794e-04,-4.4041802436199029e-01,1.2331248416523784e-04,5.8907619843462133e-01,-1.0890532378821371e-02,3.4071052559382973e-04,3.3872903181787718e-04,4.4117079650356667e-04,9.4487420902462727e-01,-3.1151530748903422e-01,9.4479207197289272e-01,-3.0954932326565776e-01,8.5973558537487826e-01,-3.7609246926929019e-01
9.7315018234664706e+02,7.1543767316980877e-01,-2.4155858013586995e-03,-3.5408555569780370e-01,1.9733035720947895e-02,5.7751314035656498e-01,4.6054348510129323e-04,-4.2661783726081932e-02,-1.2758025890341361e-02,8.4323237452435384e-01,1.6041238623959952e-02,5.7915852875296148e-01,-1.4444676887013010e-02,-6.9721653833939634e-01,7.0288267389105874e-03,-4.0364907803117994e-01,-1.8137170179421125e-03,5.7518435820465230e-01,-2.8398194016568887e-03,7.2048075331604566e-01,-8.5411670833432617e-03,-3.8017857286149775e-01,-1.7987633825549174e-02,6.0650889675953845e-01,-1.5967819059964188e-02,-2.9447965044189544e-02,1.3886093419524456e-02,8.1607481695180573e-01,-1.6865629841679962e-04,5.3688862177137586e-01,1.1129919967706554e-02,-6.9339410129050139e-01,-6.6643003401481177e-04,-4.3998735685069118e-01,-3.9599050957041509e-04,5.8924789483364304e-01,-1.1080932924602946e-02,3.4066197329870657e-04,3.3868279850839789e-04,4.3893140428929084e-04,9.4064498500613303e-01,-3.2378767374003253e-01,9.4061548123049810e-01,-3.2175254319801871e-01,8.5246960609628830e-01,-3.8801982761920567e-01
1.0131642762780488e+03,7.1524538653457070e-01,-2.6552799340205935e-03,-3.5402043996932803e-01,1.9757936580993077e-02,5.7769884848135644e-01,6.7071964300227313e-04,-4.2434917589190171e-02,-1.2454800125887816e-02,8.4356711498132564e-01,1.6436681798645270e-02,5.7887807118487922e-01,-1.4751277960058647e-02,-6.9743480652542078e-01,6.7699999524538645e-03,-4.0299189012132769e-01,-1.0230034005040967e-03,5.7527270649829587e-01,-2.7353713495413597e-03,7.2026072692260068e-01,-8.2880962753603127e-03,-3.8024803617345387e-01,-1.7881195301744160e-02,6.0682739411934794e-01,-1.6307260114219103e-02,-2.9151027264784923e-02,1.3489875379922481e-02,8.1630101039697267e-01,-4.0960223458753366e-04,5.3639267461187845e-01,1.1722402008392693e-02,-6.9361078145646371e-01,-3.6604966780756990e-04,-4.3955928059895877e-01,-9.1627740233198376e-04,5.8943103801667296e-01,-1.1269325245023783e-02,3.4061168172896153e-04,3.3863499265078349e-04,4.3673186788358872e-04,9.3607322114426517e-01,-3.3650004934183897e-01,9.3610018482635715e-01,-3.3439425924683980e-01,8.4482408708423540e-01,-4.0029041587055852e-01
1.0548236740301722e+03,7.1505479789787474e-01,-2.8940983002588294e-03,-3.5391655457000709e-01,1.9781250725787097e-02,5.7789593844812182e-01,8.7986358960371290e-04,-4.2227441592458420e-02,-1.2152021743883525e-02,8.4392070659542184e-01,1.6830681395331476e-02,5.7858002302034828e-01,-1.5055640309118122e-02,-6.9764964643738758e-01,6.5117254347596409e-03,-4.0232609622175169e-01,-2.3656550312672886e-04,5.7536689943156216e-01,-2.6317029457489840e-03,7.2004655307674370e-01,-8.0346222407920026e-03,-3.8029284895685417e-01,-1.7775896354240921e-02,6.0716526971262808e-01,-1.6643688345438393e-02,-2.8874218024092187e-02,1.3094591475863017e-02,8.1654082255855676e-01,-6.4560841508359487e-04,5.3586429091005527e-01,1.2312613053879675e-02,-6.9382144553885328e-01,-6.7607208493520535e-05,-4.3913262061039632e-01,-1.4361787337203455e-03,5.8962577739267930e-01,-1.1454933113192277e-02,3.4055930705717969e-04,3.3858525617906589e-04,4.3457558025519625e-04,9.3113211427110687e-01,-3.4966248914820292e-01,9.3121964542297564e-01,-3.4748458638470336e-01,8.3677256803680178e-01,-4.1291241366285802e-01
1.0981960273825910e+03,7.1486542952194487e-01,-3.1313756058265474e-03,-3.5377435428154863e-01,1.9802494214922861e-02,5.7810467667402954e-01,1.0872770464603367e-03,-4.2038491036880433e-02,-1.1850418222700330e-02,8.4429362014839893e-01,1.7221869117877653e-02,5.7826398126970968e-01,-1.5356671326106224e-02,-6.9786160736557645e-01,6.2547570411874975e-03,-4.0165029902698879e-01,5.4310944521092364e-04,5.7546706636529943e-01,-2.5291850550420367e-03,7.1983768676746729e-01,-7.7815314869248784e-03,-3.8031349216798405e-01,-1.7671860951907415e-02,6.0752284898126219e-01,-1.6975810777125469e-02,-2.8616493540764534e-02,1.2701228404513638e-02,8.1679453388671297e-01,-8.7579935288047313e-04,5.3530269568960553e-01,1.2898522027718904e-02,-6.9402678731499146e-01,2.2819046619532201e-04,-4.3870630129088944e-01,-1.9541573981912783e-03,5.8983225188249488e-01,-1.1636933399473812e-02,3.4050520283304903e-04,3.3853392925985891e-04,4.3246674153694345e-04,9.2579250808246993e-01,-3.6328517743252192e-01,9.2594497236993989e-01,-3.6103377797536573e-01,8.2828564062136045e-01,-4.2589430657779215e-01
1.1433517698280332e+03,7.1467675167085942e-01,-3.3666520329342364e-03,-3.5359466424693942e-01,1.9820805663239321e-02,5.7832514544827140e-01,1.2922088266043661e-03,-4.1866992405858124e-02,-1.1550299811289581e-02,8.4468622123918791e-01,1.7608979421870535e-02,5.7792984430880612e-01,-1.5653174326970581e-02,-6.9807131184796023e-01,5.9996142628488958e-03,-4.0096300794999917e-01,1.3140879062090161e-03,5.7557322136588718e-01,-2.4282454094634951e-03,7.1963346777727988e-01,-7.5293686071519752e-03,-3.8031080769428699e-01,-1.7568740597173158e-02,6.0790034370949386e-01,-1.7302440005460273e-02,-2.8376508011693929e-02,1.2310231108965749e-02,8.1706219065758012e-01,-1.0992748627739104e-03,5.3470730107653119e-01,1.3478204384417330e-02,-6.9422759016760871e-01,5.2091956357895640e-04,-4.3827928744312106e-01,-2.4689474020829988e-03,5.9005053023962406e-01,-1.1814552997734930e-02,3.4044904516522572e-04,3.3848066524374789e-04,4.3040744060198740e-04,9.2002347107657900e-01,-3.7737705521023024e-01,9.2024554145231663e-01,-3.7505085847675074e-01,8.1933183286594768e-01,-4.3924197965511447e-01
1.1903642309511577e+03,7.1448830248560535e-01,-3.5992497688469016e-03,-3.5337830460427050e-01,1.9835294489312788e-02,5.7855752435548069e-01,1.4938639330153713e-03,-4.1711937630518649e-02,-1.1252221323945825e-02,8.4509872156556276e-01,1.7990386712846584e-02,5.7757734180783360e-01,-1.5943919326511957e-02,-6.9827930242625780e-01,5.7470505325081245e-03,-4.0026307787514559e-01,2.0736951614970939e-03,5.7568545181929454e-01,-2.3292944271228536e-03,7.1943332329798870e-01,-7.2788868178594660e-03,-3.8028540707987352e-01,-1.7466455229172569e-02,6.0829780538174594e-01,-1.7622043670105614e-02,-2.8153121340269198e-02,1.1922436982174982e-02,8.1734391055289057e-01,-1.3150693004811784e-03,5.3407773174916628e-01,1.4049195937005822e-02,-6.9442454323984770e-01,8.0990597181835201e-04,-4.3785048342401461e-01,-2.9790122398725815e-03,5.9028056600145695e-01,-1.1986835192889286e-02,3.4039120309307740e-04,3.3842581661535043e-04,4.2840163297297847e-04,9.1379139958676314e-01,-3.9194695664542373e-01,9.1408805887723044e-01,-3.8954476393549564e-01,8.0987605956093411e-01,-4.5296230239262403e-01
1.2393097555103809e+03,7.1429961665685493e-01,-3.8285931636952708e-03,-3.5312631444834791e-01,1.9844972903846625e-02,5.7880182717022810e-01,1.6914085817378681e-03,-4.1572232248064132e-02,-1.0956579826216320e-02,8.4553124232331012e-01,1.8364577218835332e-02,5.7720647542275050e-01,-1.6227597804484430e-02,-6.9848613274122306e-01,5.4977041473996957e-03,-3.9954936321949441e-01,2.8195751882692244e-03,5.7580374127151435e-01,-2.2327872006994206e-03,7.1923664104178520e-01,-7.0307302685770328e-03,-3.8023814208720852e-01,-1.7364691402636238e-02,6.0871519259906515e-01,-1.7933211449479194e-02,-2.7945034052706520e-02,1.1538443570788407e-02,8.1763960581546813e-01,-1.5221958254826966e-03,5.3341376449618461e-01,1.4609168440133494e-02,-6.9461835979672926e-01,1.0945985907730373e-03,-4.3741892062652576e-01,-3.4828967204184238e-03,5.9052225655892410e-01,-1.2152890017599120e-02,3.4033167365328911e-04,3.3836936038114424e-04,4.2645153385117795e-04,9.0706043287991234e-01,-4.0700242288862831e-01,9.0743700109963743e-01,-4.0452315655892163e-01,7.9988067076844294e-01,-4.6705933784446446e-01
1.2902678274161112e+03,7.1411026950923373e-01,-4.0541009784569315e-03,-3.5283986391000899e-01,1.9848710354798946e-02,5.7905801229603382e-01,1.8839782554227746e-03,-4.1446775262406713e-02,-1.0663711714747878e-02,8.4598375812854809e-01,1.8729947568158767e-02,5.7681733159726711e-01,-1.6502860837897225e-02,-6.9869231538491094e-01,5.2522130183861870e-03,-3.9882092674089742e-01,3.5493060648274510e-03,5.7592804624192051e-01,-2.1391883593886579e-03,7.1904283718384288e-01,-6.7855287266752017e-03,-3.8016988621324294e-01,-1.7263065364882715e-02,6.0915231466475550e-01,-1.8234453498283110e-02,-2.7750973452482942e-02,1.1158798679680677e-02,8.1794909547760464e-01,-1.7196460887966471e-03,5.3271540136236328e-01,1.5155634757455176e-02,-6.9480970774724637e-01,1.3744540929105163e-03,-4.3698369201153786e-01,-3.9791489533223343e-03,5.9077540119707750e-01,-1.2311789170156302e-02,3.4027053031720453e-04,3.3831134785445980e-04,4.2455925192456104e-04,8.9979208778561970e-01,-4.2254995116637500e-01,9.0025424833817536e-01,-4.1999267681868774e-01,7.8930479751459781e-01,-4.8153563442752761e-01
1.3433211988067389e+03,7.1391988012753438e-01,-4.2751607901816424e-03,-3.5252026263924119e-01,1.9845366414290730e-02,5.7932595695578104e-01,2.0706803692247342e-03,-4.1334461345617107e-02,-1.0373992514381213e-02,8.4645609540233646e-01,1.9084843849147604e-02,5.7641012517305368e-01,-1.6768318963386646e-02,-6.9889831717396478e-01,5.0112468393140319e-03,-3.9807703078034307e-01,4.2603658567461344e-03,5.7605827886956706e-01,-2.0489760945620831e-03,7.1885136061640575e-01,-6.5439413077807533e-03,-3.8008156650047975e-01,-1.7161194892065950e-02,6.0960883334532945e-01,-1.8524247134057557e-02,-2.7569679322601671e-02,1.0784100269554488e-02,8.1827208297307541e-01,-1.9063930885066804e-03,5.3198287452568949e-01,1.5686013628737693e-02,-6.9499921205470738e-01,1.6488884157033201e-03,-4.3654398981264336e-01,-4.4662435859024897e-03,5.9103970339070899e-01,-1.2462592496106963e-02,3.4020791342344764e-04,3.3825189802769135e-04,4.2272656954608348e-04,8.9194506565415932e-01,-4.3859476701954991e-01,8.9249888512911923e-01,-4.3595871940396930e-01,7.7810423794897077e-01,-4.9639164042010170e-01
1.3985560244319877e+03,7.1372811401240122e-01,-4.4911774285404382e-03,-3.5216896981613621e-01,1.9833718644413453e-02,5.7960545144254838e-01,2.2506100001761960e-03,-4.1234181506993421e-02,-1.0087739003022395e-02,8.4694792291713250e-01,1.9427594515974922e-02,5.7598520735366676e-01,-1.7022566835960432e-02,-6.9910455831037577e-01,4.7754518650644506e-03,-3.9731715239804299e-01,4.9502678073011230e-03,5.7619430456250931e-01,-1.9626335626921031e-03,7.1866169279421455e-01,-6.3065965389869881e-03,-3.7997416846829596e-01,-1.7058625915459341e-02,6.1008425447010040e-01,-1.8801064816273080e-02,-2.7399906761819189e-02,1.0414880656731813e-02,8.1860814926022385e-01,-2.0814169663716572e-03,5.3121666521573663e-01,1.6197672870872044e-02,-6.9518744979249669e-01,1.9173440082447058e-03,-4.3609911200018914e-01,-4.9426814227426508e-03,5.9131476758705548e-01,-1.2604366135111499e-02,3.4014392807271238e-04,3.3819109292948881e-04,4.2095480937084305e-04,8.8347517738377934e-01,-4.5514048053743367e-01,8.8412713580300761e-01,-4.5242509381691953e-01,7.6623145669897974e-01,-5.1162519318423982e-01
1.4560620015618531e+03,7.1353469243760936e-01,-4.7015530705957764e-03,-3.5178758848211777e-01,1.9812536458294214e-02,5.7989619296547057e-01,2.4228570181496351e-03,-4.1144838118733734e-02,-9.8052701639119565e-03,8.4745874153734679e-01,1.9756521973870789e-02,5.7554307565139962e-01,-1.7264194428026923e-02,-6.9931140110751266e-01,4.5454747754914981e-03,-3.9654100911761869e-01,5.6165210262392462e-03,5.7633593847852305e-01,-1.8806452568610708e-03,7.1847336061922518e-01,-6.0741211974858853e-03,-3.7984873084309140e-01,-1.6954887652957301e-02,6.1057792116021814e-01,-1.9063390027146368e-02,-2.7240443359989108e-02,1.0051674678702160e-02,8.1895674965472920e-01,-2.2437135217729005e-03,5.3041752085262883e-01,1.6687951415000381e-02,-6.9537494030343627e-01,2.1792569783955196e-03,-4.3564848559739455e-01,-5.4069487395887877e-03,5.9160009564030824e-01,-1.2736192925563923e-02,3.4007870610901534e-04,3.3812904119818484e-04,4.1924491117059789e-04,8.7433512800025937e-01,-4.7218887253580122e-01,8.7509214591211348e-01,-4.6939381506458533e-01,7.5363542412288465e-01,-5.2723113785688003e-01
1.5159325156483283e+03,7.1333940408146268e-01,-4.9056975464827901e-03,-3.5137785395779042e-01,1.9780568952921102e-02,5.8019778115847909e-01,2.5865110916129114e-03,-4.1065367922590384e-02,-9.5268887007319662e-03,8.4798787284235644e-01,2.0069949947429611e-02,5.7508438104388282e-01,-1.7491795645245296e-02,-6.9951913726918025e-01,4.3219508944998264e-03,-3.9574859656777983e-01,6.2566585293464261e-03,5.7648294326353522e-01,-1.8034937874624891e-03,7.1828595078223767e-01,-5.8471278341600090e-03,-3.7970633115698788e-01,-1.6849479696869576e-02,6.1108900536921307e-01,-1.9309725229214855e-02,-2.7090137709771922e-02,9.6949984347901360e-03,8.1931720893966342e-01,-2.3923035941448220e-03,5.2958647492912703e-01,1.7154169273746935e-02,-6.9556212905539239e-01,2.4340705095413379e-03,-4.3519169203238289e-01,-5.8575386930620294e-03,5.9189508213252640e-01,-1.2857178485517852e-02,3.4001243089248033e-04,3.3806590218460499e-04,4.1759750756014470e-04,8.6447433721371425e-01,-4.8973962278315997e-01,8.6534380671794420e-01,-4.8686483717419526e-01,7.4026151004807206e-01,-5.4320094013661635e-01
1.5782647919764756e+03,7.1314211273384154e-01,-5.1029431692948268e-03,-3.5094158061346536e-01,1.9736799113524883e-02,5.8050973125681049e-01,2.7406748649970222e-03,-4.0994767580049857e-02,-9.2531113664625839e-03,8.4853448404630727e-01,2.0366221427912889e-02,5.7460990729323325e-01,-1.7703988687526116e-02,-6.9972797570913781e-01,4.1056044151486226e-03,-3.9494017533731102e-01,6.8680470896387014e-03,5.7663503641620784e-01,-1.7316523100481783e-03,7.1809912626137951e-01,-5.6263321914631764e-03,-3.7954805563145771e-01,-1.6742077695695544e-02,6.1161653532147020e-01,-1.9538617298540450e-02,-2.6947924081903711e-02,9.3456105642519254e-03,8.1968874702286398e-01,-2.5262386666160576e-03,5.2872480671333344e-01,1.7593672329364610e-02,-6.9574938052131885e-01,2.6811034048961563e-03,-4.3472847841626316e-01,-6.2927823108667657e-03,5.9219903313633349e-01,-1.2966467925226084e-02,3.3994527360296778e-04,3.3800182612831429e-04,4.1601281996275790e-04,8.5383872742225186e-01,-5.0778982945603335e-01,8.5482852384017338e-01,-5.0483557378949095e-01,7.2605147783054524e-01,-5.5952200812542952e-01
1.6431600535510916e+03,7.1294271502031759e-01,-5.2928648397891354e-03,-3.5048085577090637e-01,1.9679769596512547e-02,5.8083143688817784e-01,2.8845055923227836e-03,-4.0931975685887120e-02,-8.9839274051703184e-03,8.4909752526079074e-01,2.0643796945135962e-02,5.7412062556878118e-01,-1.7899480439196536e-02,-6.9993810256312350e-01,3.8968803431936871e-03,-3.9411625107077930e-01,7.4487107827272969e-03,5.7679187177198499e-01,-1.6655642259441848e-03,7.1791255277530452e-01,-5.4121395754468402e-03,-3.7937513534510636e-01,-1.6631930458550669e-02,6.1215933392103272e-01,-1.9748724586050131e-02,-2.6812699143225295e-02,9.0036524452649664e-03,8.2007042798038576e-01,-2.6446903891942375e-03,5.2783415979901849e-01,1.8003935771153067e-02,-6.9593702703562077e-01,2.9200172319493994e-03,-4.3425869281791940e-01,-6.7115009115679049e-03,5.9251113242482123e-01,-1.3063284523197513e-02,3.3987736310027900e-04,3.3793691519559108e-04,4.1449065016173142e-04,8.4237088849474961e-01,-5.2633373849720577e-01,8.4348944800466918e-01,-5.2330065525531333e-01,7.1094362139468681e-01,-5.7617717529845136e-01
1.7107236854753774e+03,7.1274126063977739e-01,-5.4746729570221420e-03,-3.4999758993145108e-01,1.9608939895325098e-02,5.8116223540305167e-01,3.0171597883708514e-03,-4.0876191393831522e-02,-8.7202463577872903e-03,8.4967583634659960e-01,2.0901108673249180e-02,5.7361759934641232e-01,-1.8076981677418332e-02,-7.0014952148866738e-01,3.6966440752406182e-03,-3.9327771443943854e-01,7.9957881778190965e-03,5.7695307189430300e-01,-1.6056691314485245e-03,7.1772609178788982e-01,-5.2054374575834358e-03,-3.7918861992973374e-01,-1.6519052439181076e-02,6.1271613523647284e-01,-1.9938732728325078e-02,-2.6683664690525979e-02,8.6703213513240722e-03,8.2046125744230658e-01,-2.7468103012508495e-03,5.2691633997595066e-01,1.8382436448189109e-02,-6.9612521916980175e-01,3.1499198729844618e-03,-4.3378249568290111e-01,-7.1117680756343253e-03,5.9283050842708218e-01,-1.3146883407804828e-02,3.3980892590229134e-04,3.3787137797210821e-04,4.1303058965768698e-04,8.3000923226772716e-01,-5.4536213974620673e-01,8.3126550207514893e-01,-5.4225128468310568e-01,6.9487238281752972e-01,-5.9314411352354501e-01
1.7810654060885513e+03,7.1253777091722359e-01,-5.6481557361758306e-03,-3.4949419114750496e-01,1.9522631576623775e-02,5.8150130597859240e-01,3.1378911803652629e-03,-4.0826404983185162e-02,-8.4616724753748662e-03,8.5026798594107800e-01,2.1136816021731619e-02,5.7310213455232006e-01,-1.8235358214078852e-02,-7.0036229367322345e-01,3.5050975655540606e-03,-3.9242563510927647e-01,8.5079499129963321e-03,5.7711817685506106e-01,-1.5523562739549607e-03,7.1753951372292957e-01,-5.0063702775179630e-03,-3.7898987555207236e-01,-1.6402398763557334e-02,6.1328541672686543e-01,-2.0107516152502995e-02,-2.6559819913416893e-02,8.3452931187904342e-03,8.2086004237197130e-01,-2.8319647286805215e-03,5.2597362761324884e-01,1.8726902758265745e-02,-6.9631415105230010e-01,3.3707514607724319e-03,-4.3330005774455493e-01,-7.4928302058777227e-03,5.9315614080229706e-01,-1.3216643686942647e-02,3.3974012047926442e-04,3.3780534711609953e-04,4.1163187670389625e-04,8.1668891196195348e-01,-5.6486222057569435e-01,8.1809250015929735e-01,-5.6167518916928816e-01,6.7776897702900996e-01,-6.1039481399721807e-01
1.8542994451403069e+03,7.1233243780733935e-01,-5.8126755767165528e-03,-3.4897280050018503e-01,1.9420248393063444e-02,5.8184779167600387e-01,3.2459609043270672e-03,-4.0781927906967053e-02,-8.2088928503639344e-03,8.5087246281667206e-01,2.1349547343300357e-02,5.7257559821215842e-01,-1.8373492819660091e-02,-7.0057627521204802e-01,3.3229346168839879e-03,-3.9156148452841666e-01,8.9828250478157790e-03,5.7728670701820683e-01,-1.5060057220231474e-03,7.1735281490827185e-01,-4.8156488067574305e-03,-3.7878002260800364e-01,-1.6281837143314187e-02,6.1386560123969147e-01,-2.0253979116173222e-02,-2.6440536093509472e-02,8.0294887055755906e-03,8.2126556191833855e-01,-2.8994996948239447e-03,5.2500841922374564e-01,1.9035075214959001e-02,-6.9650380853871163e-01,3.5818046952440291e-03,-4.3281189082833649e-01,-7.8530668589096887e-03,5.9348697697813757e-01,-1.3271977209390795e-02,3.3967115611152859e-04,3.3773901094823634e-04,4.1029357965218297e-04,8.0234059987445872e-01,-5.8481654048284248e-01,8.0390170875059519e-01,-5.8155549703137599e-01,6.5956092038347824e-01,-6.2789470762335509e-01
1.9305447292914844e+03,7.1212552350078395e-01,-5.9673444138313991e-03,-3.4843534152770117e-01,1.9302314322324904e-02,5.8220085303384395e-01,3.3407805626445401e-03,-4.0742217699096930e-02,-7.9634421628265971e-03,8.5148780719924999e-01,2.1538212284560820e-02,5.7203932267235691e-01,-1.8490502658106908e-02,-7.0079123504592711e-01,3.1511502763084120e-03,-3.9068678152717717e-01,9.4176312738635803e-03,5.7745819649953534e-01,-1.4669135635243091e-03,7.1716608784896474e-01,-4.6343600158909679e-03,-3.7856005093812867e-01,-1.6158055936036392e-02,6.1445518494752371e-01,-2.0377321377968702e-02,-2.6325336886479363e-02,7.7247588755372226e-03,8.2167666312426813e-01,-2.9489139301731859e-03,5.2402303128399130e-01,1.9305185973402826e-02,-6.9669409461548415e-01,3.7819461009542120e-03,-4.3231863312762453e-01,-8.1903726866778045e-03,5.9382202876359580e-01,-1.3312490096739221e-02,3.3960227648517448e-04,3.3767260453180863e-04,4.0901419841814029e-04,7.8689045528562729e-01,-6.0520235838880287e-01,7.8861981610854093e-01,-6.0187008211559112e-01,6.4017258166101521e-01,-6.4560120428352286e-01
2.0099250752421622e+03,7.1191725749269541e-01,-6.1124563648147778e-03,-3.4788476778893918e-01,1.9166437182430135e-02,5.8255933406469163e-01,3.4218110533899004e-03,-4.0706383186020045e-02,-7.7239166082439543e-03,8.5211191362543670e-01,2.1701805642920291e-02,5.7149513372501304e-01,-1.8585595876989023e-02,-7.0100702671806547e-01,2.9893700518704991e-03,-3.8980362990734818e-01,9.8124628231957556e-03,5.7763201177302737e-01,-1.4353511033290585e-03,7.1697929060776522e-01,-4.4620171238679458e-03,-3.7833151935161602e-01,-1.6029271737465649e-02,6.1505205361917259e-01,-2.0476768283653541e-02,-2.6213459102043365e-02,7.4296071123732457e-03,8.2209176524290795e-01,-2.9799619625564926e-03,5.2302088544656378e-01,1.9535398178534065e-02,-6.9688495922826943e-01,3.9718027766452524e-03,-4.3182099196908180e-01,-8.5050582910364478e-03,5.9415992808228457e-01,-1.3337805639648656e-02,3.3953347107484454e-04,3.3760608908753201e-04,4.0779237445255618e-04,7.7026210820881025e-01,-6.2599178988551429e-01,7.7217129176252441e-01,-6.2259193509865451e-01,6.1952562972861902e-01,-6.6346462741962187e-01
2.0925693908008179e+03,7.1170804345821048e-01,-6.2472960570363889e-03,-3.4732306041093020e-01,1.9013183658985966e-02,5.8292224069965703e-01,3.4886000087441110e-03,-4.0674083848942139e-02,-7.4916464758769917e-03,8.5274307607939859e-01,2.1839521150938179e-02,5.7094460845788852e-01,-1.8658107525976568e-02,-7.0122326672892443e-01,2.8383979649686530e-03,-3.8891405500197512e-01,1.0165131105823011e-02,5.7780760432376999e-01,-1.4115416086876668e-03,7.1679267057916674e-01,-4.2995185909753880e-03,-3.7809541160162263e-01,-1.5896065491329853e-02,6.1565451070495125e-01,-2.0551813790740697e-02,-2.6104671606629867e-02,7.1456101856373711e-03,8.2250956101285311e-01,-2.9923622260873452e-03,5.2200473085130317e-01,1.9724363237302301e-02,-6.9707612662863416e-01,4.1504404358481510e-03,-4.3131998383309317e-01,-8.7953605158897288e-03,5.9449958664201630e-01,-1.3347727533015830e-02,3.3946507484224292e-04,3.3753978891452603e-04,4.0662642058426489e-04,7.5237343290983238e-01,-6.4715007739601371e-01,7.5447460259806964e-01,-6.4368713701846048e-01,5.9753869859682962e-01,-6.8142551553843556e-01
2.1786118842210713e+03,7.1149830270831915e-01,-6.3716334649478457e-03,-3.4675260215585568e-01,1.8842182515246025e-02,5.8328844713525041e-01,3.5408147542150426e-03,-4.0644885644150135e-02,-7.2668659936164139e-03,8.5337928480559555e-01,2.1950735211725858e-02,5.7038952273686572e-01,-1.8707568953701140e-02,-7.0143957092135278e-01,2.6984820627109496e-03,-3.8802042047000657e-01,1.0474723998248614e-02,5.7798436092293737e-01,-1.3956409930869062e-03,7.1660646024854857e-01,-4.1471375804618066e-03,-3.7785290887534650e-01,-1.5758179322322981e-02,6.1626059096205110e-01,-2.0602106861572812e-02,-2.5998698377115131e-02,6.8730884175084075e-03,8.2292859022812181e-01,-2.9860573468468779e-03,5.2097784310061468e-01,1.9870952463545220e-02,-6.9726730102449597e-01,4.3176216942048479e-03,-4.3081670811699618e-01,-9.0605483893836016e-03,5.9483975938157829e-01,-1.3342159022157012e-02,3.3939721596608986e-04,3.3747381854001075e-04,4.0551449485435080e-04,7.3313891306359746e-01,-6.6863516744564699e-01,7.3544493618001439e-01,-6.6511466419834642e-01,5.7412840425912393e-01,-6.9941454205787768e-01
2.2681922821459616e+03,7.1128850533395838e-01,-6.4852606873385121e-03,-3.4617570320073260e-01,1.8653353559009517e-02,5.8365680663305330e-01,3.5782323951288348e-03,-4.0618460610709742e-02,-7.0499109765817906e-03,8.5401850206473173e-01,2.2035025548979181e-02,5.6983168373302839e-01,-1.8733684130961978e-02,-7.0165549869121324e-01,2.5698526852837578e-03,-3.8712521507919406e-01,1.0740509510103635e-02,5.7816165886181703e-01,-1.3877459595168350e-03,7.1642095694994334e-01,-4.0051479804838483e-03,-3.7760514370185172e-01,-1.5615518693110488e-02,6.1686832986630202e-01,-2.0627495446529996e-02,-2.5895382663148232e-02,6.6124547087231342e-03,8.2334740024389197e-01,-2.9611256510366571e-03,5.1994356157930999e-01,1.9974365839874976e-02,-6.9745812046568323e-01,4.4731035429967691e-03,-4.3031239107143326e-01,-9.2999556952804412e-03,5.9517921527913664e-01,-1.3321129198237318e-02,3.3933005779066743e-04,3.3740833033249457e-04,4.0445463162488163e-04,7.1246893841081038e-01,-6.9039675007241297e-01,7.1499337448414590e-01,-6.8682537385030884e-01,5.4920969573908440e-01,-7.1735129456296287e-01
2.3614560565136667e+03,7.1107916475483801e-01,-6.5880364088428678e-03,-3.4559460913846440e-01,1.8446801332597074e-02,5.8402615513937850e-01,3.6007427961324209e-03,-4.0594580297154091e-02,-6.8411064011938572e-03,8.5465866139844604e-01,2.2092177819545533e-02,5.6927292282219810e-01,-1.8736335024204229e-02,-7.0187055996533265e-01,2.4526710936649265e-03,-3.8623104914104983e-01,1.0962048633243821e-02,5.7833886918615329e-01,-1.3878920147209380e-03,7.1623651611729033e-01,-3.8737646127310101e-03,-3.7735320248838683e-01,-1.5468063531139956e-02,6.1747576314000141e-01,-2.0628025572166076e-02,-2.5794682650375805e-02,6.3640861103366761e-03,8.2376455035829443e-01,-2.9177869556096560e-03,5.1890529116748252e-01,2.0034139261734810e-02,-6.9764816135212204e-01,4.6167043195007740e-03,-4.2980837326318672e-01,-9.5130767204490794e-03,5.9551673844543918e-01,-1.3284791773881862e-02,3.3926372421226402e-04,3.3734343957499211e-04,4.0344473108387923e-04,6.9027014245729024e-01,-7.1237515542841690e-01,6.9302722861075827e-01,-7.0876092180718986e-01,5.2269662291802443e-01,-7.3514314668814840e-01
2.4585546607931824e+03,7.1087082788419287e-01,-6.6799166176430003e-03,-3.4501149127198427e-01,1.8222736751812851e-02,5.8439532150290785e-01,3.6083478066878671e-03,-4.0573110734303232e-02,-6.6406860110575991e-03,8.5529768524099326e-01,2.2122188303785484e-02,5.6871507969385227e-01,-1.8715579934170279e-02,-7.0208422598099840e-01,2.3469939348733093e-03,-3.8534062564762434e-01,1.1139272287899266e-02,5.7851536216464416e-01,-1.3960543230506686e-03,7.1605354164448320e-01,-3.7531012979229840e-03,-3.7709812350822142e-01,-1.5315803019946748e-02,6.1808094353041010e-01,-2.0603937333873126e-02,-2.5696663858587057e-02,6.1282315020260514e-03,8.2417862380984896e-01,-2.8564004331242156e-03,5.1786647369593175e-01,2.0050146910923640e-02,-6.9783694780615113e-01,4.7483504033793908e-03,-4.2930609020629695e-01,-9.6996315306047826e-03,5.9585113845050808e-01,-1.3233420823411255e-02,3.3919833001564635e-04,3.3727925375284530e-04,4.0248263619612471e-04,6.6644568714909080e-01,-7.3450032225235584e-01,6.6945031740419636e-01,-7.3085275227764790e-01,4.9450313476943702e-01,-7.5268420421435678e-01
2.5596457759335390e+03,7.1066407035002899e-01,-6.7609396446842718e-03,-3.4442841760403764e-01,1.7981492851190217e-02,5.8476314472212798e-01,3.6011584652251676e-03,-4.0554017163366159e-02,-6.4488177636929968e-03,8.5593350848714345e-01,2.2125249647290846e-02,5.6815997479412050e-01,-1.8671649222886243e-02,-7.0229593348312414e-01,2.2527900659283229e-03,-3.8445671490918609e-01,1.1272435397578884e-02,5.7869051713830211e-01,-1.4121486615789550e-03,7.1587248387887792e-01,-3.6431882523047551e-03,-3.7684087676974426e-01,-1.5158761102829771e-02,6.1868196221197946e-01,-2.0555648245800029e-02,-2.5601504408535536e-02,5.9050449268467390e-03,8.2458824783320295e-01,-2.7774540703972180e-03,5.1683054816049057e-01,2.0022584092776168e-02,-6.9802395543954820e-01,4.8680566186370261e-03,-4.2880705365479699e-01,-9.8595427213635130e-03,5.9618126312695408e-01,-1.3167398856535872e-02,3.3913396919409508e-04,3.3721586105003019e-04,4.0156615574961189e-04,6.4089567999879915e-01,-7.5669056287318892e-01,6.4416336406624464e-01,-7.5302087898949321e-01,4.6454410512816807e-01,-7.6985410691942180e-01
2.6648935664259998e+03,7.1045943712126280e-01,-6.8311528834899549e-03,-3.4384740040777118e-01,1.7723756084058101e-02,5.8512850466019073e-01,3.5794143074197472e-03,-4.0537252277576707e-02,-6.2658089548265541e-03,8.5656414523126267e-01,2.2101772009028353e-02,5.6760936272092755e-01,-1.8604971599074968e-02,-7.0250514969814004e-01,2.1700274516348594e-03,-3.8358195541876716e-01,1.1361952231158295e-02,5.7886373616401210e-01,-1.4360239991732110e-03,7.1569376988898359e-01,-3.5440760103582821e-03,-3.7658243661419244e-01,-1.4997188750346476e-02,6.1927701121048240e-01,-2.0483777221788180e-02,-2.5509356165462186e-02,5.6948178747060641e-03,8.2499214002208276e-01,-2.6815688933366291e-03,5.1580084754748146e-01,1.9952019118352163e-02,-6.9820869350593262e-01,4.9758130949838150e-03,-4.2831272473045962e-01,-9.9927944084783303e-03,5.9650603350671016e-01,-1.3087223387619123e-02,3.3907082774390024e-04,3.3715344689292829e-04,4.0069307891077037e-04,6.1351740772754459e-01,-7.7885133305792886e-01,6.1706418236095761e-01,-7.7517265794612489e-01,4.3273652841683996e-01,-7.8651668013029674e-01
2.7744689468950514e+03,7.1025752125789987e-01,-6.8907663173763956e-03,-3.4327026274298522e-01,1.7450088622555121e-02,5.8549029905758121e-01,3.5434434441776481e-03,-4.0522940061668865e-02,-6.0916744718724856e-03,8.5718763785892327e-01,2.2052345200785750e-02,5.6706496570099130e-01,-1.8516116003902253e-02,-7.0271128495229274e-01,2.0984917745903164e-03,-3.8271909959281586e-01,1.1408746788165808e-02,5.7903443623000761e-01,-1.4674809992354203e-03,7.1551790194459930e-01,-3.4556176818961002e-03,-3.7632364151443198e-01,-1.4831168634215061e-02,6.1986433382851991e-01,-2.0389089396210407e-02,-2.5420563811208059e-02,5.4974882321477403e-03,8.2538906275405899e-01,-2.5694723039130056e-03,5.1478066765418273e-01,1.9839303675783869e-02,-6.9839058650634878e-01,5.0718225263276153e-03,-4.2782468201336021e-01,-1.0099733511583511e-02,5.9682441887564519e-01,-1.2993480841610873e-02,3.3900892327818808e-04,3.3709202539001408e-04,3.9986112212276736e-04,5.8420674506109727e-01,-8.0087361690384729e-01,5.8804911059435849e-01,-7.9720121615639516e-01,3.9900128780350785e-01,-8.0251878221426787e-01
2.8885498596510947e+03,7.1005884733996094e-01,-6.9400819131258396e-03,-3.4269882634021331e-01,1.7161151646894190e-02,5.8584747819352878e-01,3.4936880439326856e-03,-4.0511120111964595e-02,-5.9263259958962956e-03,8.5780212858356608e-01,2.1977763979965814e-02,5.6652842081894972e-01,-1.8405828099059378e-02,-7.0291382364274479e-01,2.0378706253788015e-03,-3.8187067647944817e-01,1.1414106722194589e-02,5.7920206449349076e-01,-1.5062605973898031e-03,7.1534531144871527e-01,-3.3775679738433048e-03,-3.7606538328796313e-01,-1.4660803501259100e-02,6.2044228625582465e-01,-2.0272522977008722e-02,-2.5335363875258341e-02,5.3128562341966173e-03,8.2577787882019305e-01,-2.4420118249152863e-03,5.1377316503769133e-01,1.9685630371202217e-02,-6.9856914072774046e-01,5.1563947990327244e-03,-4.2734437341891718e-01,-1.0180946040940164e-02,5.9713546933708461e-01,-1.2886854986897572e-02,3.3894833417466688e-04,3.3703167984594230e-04,3.9906805602890231e-04,5.5285856560879898e-01,-8.2263274496837768e-01,5.5701335485643488e-01,-8.1898429613115575e-01,3.6326465085937559e-01,-8.1768909857354533e-01
3.0073215636556101e+03,7.0986399182165949e-01,-6.9791677011771247e-03,-3.4213451226238151e-01,1.6858372177322917e-02,5.8619908595351133e-01,3.4306432695021972e-03,-4.0502059331995417e-02,-5.7703534787132155e-03,8.5840593552192090e-01,2.1878902950033474e-02,5.6600121719003016e-01,-1.8274933166824540e-02,-7.0311218016688881e-01,1.9881259468688128e-03,-3.8103918093933231e-01,1.1378790007507328e-02,5.7936612114656283e-01,-1.5520756309394326e-03,7.1517652542022558e-01,-3.3100116801667865e-03,-3.7580829546854616e-01,-1.4486821511699707e-02,6.2100940975495089e-01,-2.0135095836924848e-02,-2.5254226119865508e-02,5.1414855171240913e-03,8.2615758691912611e-01,-2.3000383035448983e-03,5.1278120829290874e-01,1.9492382903974682e-02,-6.9874377478048444e-01,5.2294683155149945e-03,-4.2687332465584621e-01,-1.0236555049734178e-02,5.9743835938524970e-01,-1.2768070969055084e-02,3.3888906535700105e-04,3.3697241571314365e-04,3.9831159363875609e-04,5.1936783405995912e-01,-8.4398606017982170e-01,5.2385199766499579e-01,-8.4038181141973389e-01,3.2546050416147509e-01,-8.3183643023994724e-01
3.1309769353679908e+03,7.0967341774467074e-01,-7.0088199871413681e-03,-3.4157896538508975e-01,1.6541750410628622e-02,5.8654418171116929e-01,3.3549660350248884e-03,-4.0495849521670818e-02,-5.6226406884735142e-03,8.5899734939464967e-01,2.1756938274185345e-02,5.6548481535406181e-01,-1.8124508283906320e-02,-7.0330590247751668e-01,1.9483871479208381e-03,-3.8022697860901916e-01,1.1305529954858812e-02,5.7952611529059650e-01,-1.6045570473938089e-03,7.1501193694200049e-01,-3.2520774603543600e-03,-3.7555318373593638e-01,-1.4308671499956760e-02,6.2156424233278229e-01,-1.9978031852762691e-02,-2.5177444372773881e-02,4.9819762988156397e-03,8.2652721999903678e-01,-2.1446447348114385e-03,5.1180773390833623e-01,1.9261340228773620e-02,-6.9891402724927287e-01,5.2920344305758529e-03,-4.2641287868710831e-01,-1.0268272001451329e-02,5.9773226548688008e-01,-1.2637962284421012e-02,3.3883130248560443e-04,3.3691441855616093e-04,3.9758970916779876e-04,4.8363139881593614e-01,-8.6477322019823244e-01,4.8846195395886877e-01,-8.6123647432958494e-01,2.8553250563082017e-01,-8.4474995320613810e-01
3.2597167819626447e+03,7.0948760454050874e-01,-7.0291665841138440e-03,-3.4103338349218099e-01,1.6212998581775453e-02,5.8688194948676720e-01,3.2672919480135811e-03,-4.0492720169355255e-02,-5.4837875740574721e-03,8.5957497188507959e-01,2.1613017984979499e-02,5.6498047951714347e-01,-1.7955594510970944e-02,-7.0349450363628796e-01,1.9185570529824947e-03,-3.7943613123001707e-01,1.1195423190101944e-02,5.7968162800361411e-01,-1.6633446287082354e-03,7.1485199015120693e-01,-3.2037991954014921e-03,-3.7530063150436693e-01,-1.4127239524922338e-02,6.2210561368337525e-01,-1.9802561918719742e-02,-2.5105406563405364e-02,4.8348729749658160e-03,8.2688599660915141e-01,-1.9767929432819610e-03,5.1085517103736466e-01,1.8994364608952784e-02,-6.9907941798434137e-01,5.3440812383555719e-03,-4.2596435453322878e-01,-1.0276416029329483e-02,5.9801656088888910e-01,-1.2497367534588777e-02,3.3877493079950401e-04,3.3685758533046100e-04,3.9690012640498218e-04,4.4554952717662444e-01,-8.8481151260948709e-01,4.5074312533364180e-01,-8.8136871391927141e-01,2.4343751379744824e-01,-8.5619594454228509e-01
3.3937501674249902e+03,7.0930696783216662e-01,-7.0407831498457418e-03,-3.4049894563734107e-01,1.5872987011792558e-02,5.8721163618447669e-01,3.1683737286710544e-03,-4.0492870235764769e-02,-5.3533602747882388e-03,8.6013746469000829e-01,2.1448493004768421e-02,5.6448937276943889e-01,-1.7769411783351098e-02,-7.0367756767086598e-01,1.8980274040613643e-03,-3.7866858920987290e-01,1.1050784291462168e-02,5.7983227378004343e-01,-1.7280207664995464e-03,7.1469706889914686e-01,-3.1646238848283964e-03,-3.7505121878441305e-01,-1.3942661936626258e-02,6.2263242804690244e-01,-1.9610050591595200e-02,-2.5038475994107433e-02,4.6995314570709990e-03,8.2723321633868463e-01,-1.7975934435366728e-03,5.0992585678509961e-01,1.8693599564583829e-02,-6.9923951766022618e-01,5.3862390224421151e-03,-4.2552895177654387e-01,-1.0262297857744719e-02,5.9829066414372833e-01,-1.2347186791422186e-02,3.3871999217094552e-04,3.3680196185371291e-04,3.9624077368123650e-04,4.0502796854083900e-01,-9.0389661002040467e-01,4.1060068947197481e-01,-9.0057775353894454e-01,1.9914830945711506e-01,-8.6591871497131168e-01
3.5332947520558969e+03,7.0913188090975388e-01,-7.0441770033496942e-03,-3.3997665360827789e-01,1.5522811201389985e-02,5.8753258556417387e-01,3.0589857205492507e-03,-4.0496505211667547e-02,-5.2311091053403331e-03,8.6068366630056281e-01,2.1264746521039823e-02,5.6401250525364999e-01,-1.7567211556306538e-02,-7.0385471909841690e-01,1.8862698105506781e-03,-3.7792607111711007e-01,1.0873786025345999e-02,5.7997772124170410e-01,-1.7981561545180515e-03,7.1454752587450066e-01,-3.1340905348640662e-03,-3.7480544280551287e-01,-1.3755271212994587e-02,6.2314375613904460e-01,-1.9401873809607853e-02,-2.4977003777991474e-02,4.5755169075308985e-03,8.2756830420269645e-01,-1.6081403993326304e-03,5.0902184229429204e-01,1.8361269975206984e-02,-6.9939393803676264e-01,5.4190324010947874e-03,-4.2510775141196860e-01,-1.0227117838562207e-02,5.9855410032383538e-01,-1.2188318297584587e-02,3.3866649725565831e-04,3.3674756626631041e-04,3.9560966964516842e-04,3.6198042896078536e-01,-9.2179973641716006e-01,3.6794737878580586e-01,-9.1863865050279681e-01,1.5265736209989145e-01,-8.7363926153584470e-01
3.6785771459359112e+03,7.0896265619741694e-01,-7.0399285185132054e-03,-3.3946738320505931e-01,1.5163560351913144e-02,5.8784422393803781e-01,2.9399584620244772e-03,-4.0503800319557873e-02,-5.1166615495139775e-03,8.6121257808256613e-01,2.1063278323170898e-02,5.6355075617163841e-01,-1.7350328080022764e-02,-7.0402564512290811e-01,1.8826756203552120e-03,-3.7721003948572446e-01,1.0666862106639946e-02,5.8011768385697371e-01,-1.8732958223879742e-03,7.1440365879561452e-01,-3.1116501233119853e-03,-3.7456376978297107e-01,-1.3565359933849929e-02,6.2363882645370472e-01,-1.9179489766555795e-02,-2.4921285055615836e-02,4.4622401388282468e-03,8.2789079684320244e-01,-1.4095655576069448e-03,5.0814491304199327e-01,1.7999799065037653e-02,-6.9954235268023035e-01,5.4430784581200459e-03,-4.2470169994744539e-01,-1.0172257956486446e-02,5.9880649539208730e-01,-1.2021696123714147e-02,3.3861443421952898e-04,3.3669439532508827e-04,3.9500483696264628e-04,3.1633163312473972e-01,-9.3826618571866083e-01,3.2270649530978385e-01,-9.3530084850295769e-01,1.0398135031555741e-01,-8.7905486869475724e-01
3.8298332769232675e+03,7.0879954966816028e-01,-7.0285480505087317e-03,-3.3897185015113462e-01,1.4796458748711508e-02,5.8814609065755252e-01,2.8121215855746694e-03,-4.0514908129560601e-02,-5.0097946172802509e-03,8.6172338609791843e-01,2.0845564036106379e-02,5.6310482703145126e-01,-1.7120090994446710e-02,-7.0419008966582830e-01,1.8867156897499071e-03,-3.7652169382659428e-01,1.0432257834298714e-02,5.8025193676895970e-01,-1.9529850276204675e-03,7.1426571529534499e-01,-3.0968394748813995e-03,-3.7432658468647784e-01,-1.3373372038243143e-02,6.2411703399909069e-01,-1.8944313667588104e-02,-2.4871575256820971e-02,4.3592915386438504e-03,8.2820036281636089e-01,-1.2029566513900823e-03,5.0729655166012400e-01,1.7611595133207106e-02,-6.9968449398109056e-01,5.4588959211905900e-03,-4.2431157809974723e-01,-1.0098985856294613e-02,5.9904757532173158e-01,-1.1848217747491861e-02,3.3856381321226375e-04,3.3664246892357007e-04,3.9442445373752297e-04,2.6802057494205600e-01,-9.5301353718405868e-01,2.7481505771006570e-01,-9.5028634071444473e-01,5.3165489894881617e-02,-8.8183932320216596e-01
3.9873087737832443e+03,7.0864279194635249e-01,-7.0107572291875364e-03,-3.3849067808318911e-01,1.4422533072971699e-02,5.8843772589350707e-01,2.6763797235274927e-03,-4.0529995772781512e-02,-4.9098759161915039e-03,8.6221536428208623e-01,2.0613300658015532e-02,5.6267541693670353e-01,-1.6877942171197338e-02,-7.0434782195050838e-01,1.8976249031297798e-03,-3.7586210352646043e-01,1.0172902982813481e-02,5.8038025610505239e-01,-2.0367384367080393e-03,7.1413392674717946e-01,-3.0889358833244953e-03,-3.7409428830774849e-01,-1.3179466996862597e-02,6.2457786635119261e-01,-1.8697940981174745e-02,-2.4828113444698076e-02,4.2657527954081467e-03,8.2849669257044323e-01,-9.8948738381340884e-04,5.0647809050448722e-01,1.7199416090361935e-02,-6.9982011062556970e-01,5.4672840486770400e-03,-4.2393816818723767e-01,-1.0009008054190813e-02,5.9927713489217760e-01,-1.1668877152076793e-02,3.3851444966168684e-04,3.3659161757647565e-04,3.9386646604102065e-04,2.1700553542744860e-01,-9.6573048191767186e-01,2.2422873952440325e-01,-9.6328857216250041e-01,2.9015850304286935e-04,-8.8164311740743984e-01
4.1512593650711487e+03,7.0849249342464327e-01,-6.9869869496974046e-03,-3.3802429714214344e-01,1.4042811330864088e-02,5.8871896476710006e-01,2.5335071424238513e-03,-4.0549116854392858e-02,-4.8166868486442613e-03,8.6268807608196552e-01,2.0367736188221575e-02,5.6226276278464815e-01,-1.6625119482177028e-02,-7.0449873695518306e-01,1.9149550854835606e-03,-3.7523191127403605e-01,9.8906754917718331e-03,5.8050257617687728e-01,-2.1241245491109475e-03,7.1400839896157053e-01,-3.0875347005137662e-03,-3.7386706075255910e-01,-1.2984123567146353e-02,6.2502104302258354e-01,-1.8441516954380954e-02,-2.4791048411271069e-02,4.1812837732384195e-03,8.2877976372122109e-01,-7.7009731240664306e-04,5.0569038961073942e-01,1.6765322036733855e-02,-6.9994908887986440e-01,5.4686899934396922e-03,-4.2358178020037973e-01,-9.9035222507481389e-03,5.9949507587164885e-01,-1.1484385892773874e-02,3.3846663854321353e-04,3.3654213424901013e-04,3.9332972446641426e-04,1.6326602397660891e-01,-9.7607553256289892e-01,1.7092374338020266e-01,-9.7397095793659061e-01,-5.4527148460664546e-02,-8.7809623527107183e-01
4.3219512944165399e+03,7.0834877911150629e-01,-6.9579461268112208e-03,-3.3757309835310828e-01,1.3658479103575635e-02,5.8898948445466737e-01,2.3844299769065717e-03,-4.0572367507769699e-02,-4.7296644877655274e-03,8.6314110467379124e-01,2.0110653719513094e-02,5.6186734939432070e-01,-1.6363088332091817e-02,-7.0464271208971641e-01,1.9379588313481189e-03,-3.7463169114484701e-01,9.5885471419364376e-03,5.8061874584077477e-01,-2.2146554208086911e-03,7.1388926338626335e-01,-3.0919351359646090e-03,-3.7364525507951019e-01,-1.2787598183297763e-02,6.2544633104398983e-01,-1.8176685503319249e-02,-2.4760488615998156e-02,4.1050235852725710e-03,8.2904943454748681e-01,-5.4592861916598345e-04,5.0493426407947162e-01,1.6312239712891259e-02,-7.0007129122323863e-01,5.4638819115050688e-03,-4.2324295337221896e-01,-9.7842215536415641e-03,5.9970136567716148e-01,-1.1295744717444716e-02,3.3842010566744818e-04,3.3649376749602728e-04,3.9281216517702964e-04,1.0681233026657472e-01,-9.8367588632327796e-01,1.1490611214947889e-01,-9.8196585550555460e-01,-1.1111907092376065e-01,-8.7080756410937199e-01
4.4996617528831903e+03,7.0821170875916029e-01,-6.9241810925156355e-03,-3.3713730533428637e-01,1.3270482476406095e-02,5.8924917902606588e-01,2.2299512347680548e-03,-4.0599806405489582e-02,-4.6483662468479320e-03,8.6357422074382073e-01,1.9843446734179704e-02,5.6148931979054995e-01,-1.6093124136444557e-02,-7.0477969204130186e-01,1.9660594772096252e-03,-3.7406179151050151e-01,9.2688007392684457e-03,5.8072873277838144e-01,-2.3078944706743446e-03,7.1377658664232480e-01,-3.1015894838665285e-03,-3.7342901227912140e-01,-1.2590212521501285e-02,6.2585363699901420e-01,-1.7904694870878212e-02,-2.4736540874441670e-02,4.0363402108284504e-03,8.2930575991428201e-01,-3.1792619543741241e-04,5.0421021716469083e-01,1.5842472409128658e-02,-7.0018664740627656e-01,5.4534571041289677e-03,-4.2292191200731699e-01,-9.6525365708251681e-03,5.9989603055114549e-01,-1.1103710211733715e-02,3.3837477446558418e-04,3.3644644675865216e-04,3.9231233430836985e-04,4.7688723985114846e-02,-9.8812744174483913e-01,5.6214939356375865e-02,-9.8687438981278364e-01,-1.6926672771434437e-01,-8.5937064041869471e-01
4.6846793291068643e+03,7.0808125583992232e-01,-6.8862764994734316e-03,-3.3671704864903257e-01,1.2879939366386650e-02,5.8949798873058179e-01,2.0709181620565172e-03,-4.0631402088597730e-02,-4.5723700439589468e-03,8.6398738782194540e-01,1.9567674567089466e-02,5.6112875016290387e-01,-1.5816558884095624e-02,-7.0490971219367693e-01,1.9986434536660713e-03,-3.7352218261234260e-01,8.9339355361115758e-03,5.8083252188140877e-01,-2.4033957499586377e-03,7.1367034653191741e-01,-3.1159227769451143e-03,-3.7321853803186539e-01,-1.2392327230774706e-02,6.2624305167024941e-01,-1.7626941742084692e-02,-2.4719153901191383e-02,3.9745796641160189e-03,8.2954886552278206e-01,-8.7064707104289596e-05,5.0351842746286890e-01,1.5358603619027869e-02,-7.0029518644885558e-01,5.4380401959836398e-03,-4.2261874304933417e-01,-9.5099477734111783e-03,6.0007920849918617e-01,-1.0909110073608778e-02,3.3833078062999323e-04,3.3640032112403247e-04,3.9182883074171342e-04,-1.4019831510914007e-02,-9.8899496641886830e-01,-5.0711405814550942e-03,-9.8826656772114252e-01,-2.2869032657098567e-01,-8.4336646706799645e-01
4.8773044779419133e+03,7.0795738329635183e-01,-6.8447727926155277e-03,-3.3631246289255989e-01,1.2487681959440264e-02,5.8973591678775361e-01,1.9080918409723445e-03,-4.0667090335479467e-02,-4.5011745270289449e-03,8.6438058401232398e-01,1.9284667125471167e-02,5.6078561204444510e-01,-1.5534597805393693e-02,-7.0503282046164784e-01,2.0351375916114467e-03,-3.7301282824805415e-01,8.5861901436059263e-03,5.8093013994015907e-01,-2.5007479088022880e-03,7.1357050429227253e-01,-3.1343778512789222e-03,-3.7301396858426272e-01,-1.2194203820504693e-02,6.2661464953599832e-01,-1.7344587579195853e-02,-2.4708274532360235e-02,3.9190493174812383e-03,8.2977891685913485e-01,1.4579450766733990e-04,5.0285904728999542e-01,1.4862841725547242e-02,-7.0039695229321719e-01,5.4182351498825478e-03,-4.2233341900359667e-01,-9.3578837717535560e-03,6.0025102217369430e-01,-1.0712635391575097e-02,3.3828794089103885e-04,3.3635522226625817e-04,3.9136027528747662e-04,-7.8177535458918895e-02,-9.8581327133973240e-01,-6.8823932456870227e-02,-9.8568231327499189e-01,-2.8904137265957430e-01,-8.2237035195092600e-01
5.0778500083777244e+03,7.0784003420140018e-01,-6.8002552112280124e-03,-3.3592342783761353e-01,1.2094560962586196e-02,5.8996303199384459e-01,1.7422485764700558e-03,-4.0706891182266121e-02,-4.4342319064014975e-03,8.6475396235243607e-01,1.8995832758955666e-02,5.6045978068754321e-01,-1.5248456988193331e-02,-7.0514907914035785e-01,2.0749207222299781e-03,-3.7253350973872762e-01,8.2279572343762347e-03,5.8102164039885074e-01,-2.5995441728476516e-03,7.1347702173780947e-01,-3.1563500856066837e-03,-3.7281533267131961e-01,-1.1996065661589117e-02,6.2696867414884361e-01,-1.7058860171226202e-02,-2.4703903983810182e-02,3.8689782092871635e-03,8.2999615105249913e-01,3.7979371353451946e-04,5.0223192056187449e-01,1.4357524500451160e-02,-7.0049198731257767e-01,5.3946937196249134e-03,-4.2206588961701791e-01,-9.1978372723403746e-03,6.0041168933018918e-01,-1.0514998075864382e-02,3.3824627797501220e-04,3.3631117747696953e-04,3.9090537257861465e-04,-1.4459148081092010e-01,-9.7808948139670582e-01,-1.3485950119389753e-01,-9.7863357866106782e-01,-3.4989482213142736e-01,-7.9595892368700261e-01
5.2866415915173739e+03,7.0772904052710706e-01,-6.7531496973073368e-03,-3.3554989565677179e-01,1.1701588783819161e-02,5.9017947985880148e-01,1.5740905815624460e-03,-4.0750599610881517e-02,-4.3712899645291844e-03,8.6510782497321892e-01,1.8702439583592911e-02,5.6015101007708579e-01,-1.4959236545665971e-02,-7.0525867353923921e-01,2.1175497204998228e-03,-3.7208360954753933e-01,7.8611560515477186e-03,5.8110711930821501e-01,-2.6994135168931909e-03,7.1338972123430733e-01,-3.1814272274826444e-03,-3.7262276227680358e-01,-1.1798337781377077e-02,6.2730547941019121e-01,-1.6770852221745881e-02,-2.4705772943841030e-02,3.8239476673493028e-03,8.3020088754106858e-01,6.1418711391171901e-04,5.0163665132951762e-01,1.3844778736752633e-02,-7.0058048878744028e-01,5.3678586927026258e-03,-4.2181582094612735e-01,-9.0309662571212285e-03,6.0056149148630622e-01,-1.0316830136171041e-02,3.3820585763410702e-04,3.3626827088531269e-04,3.9046304028074420e-04,-2.1300148008123587e-01,-9.6530607179127559e-01,-2.0292825002794751e-01,-9.6660707405485180e-01,-4.1074165321835471e-01,-7.6371963800023934e-01
5.5040182894434074e+03,7.0762427718905652e-01,-6.7039758184539999e-03,-3.3519172717029949e-01,1.1309445635862628e-02,5.9038541549105383e-01,1.4042987987566858e-03,-4.0798118949545131e-02,-4.3118113731919778e-03,8.6544244847093332e-01,1.8405702887068998e-02,5.5985903876246157e-01,-1.4668003312126745e-02,-7.0536174019678244e-01,2.1624708827435724e-03,-3.7166265939182919e-01,7.4878952759216411e-03,5.8118667872791840e-01,-2.7999972068982054e-03,7.1330848301360283e-01,-3.2090596501037501e-03,-3.7243627698485487e-01,-1.1601196344797166e-02,6.2762538903312348e-01,-1.6481595476602218e-02,-2.4713752659318192e-02,3.7832274842375408e-03,8.3039343173265967e-01,8.4824957249349589e-04,5.0107287049269067e-01,1.3326630742813655e-02,-7.0066258580760454e-01,5.3383206474177788e-03,-4.2158294707163013e-01,-8.8586294277582540e-03,6.0070068505209895e-01,-1.0118721718672972e-02,3.3816641989941232e-04,3.3622625437085035e-04,3.9003194258696670e-04,-2.8306802235223910e-01,-9.4692720508079620e-01,-2.7270292107301519e-01,-9.4907045893673225e-01,-4.7097946300837035e-01,-7.2526388197603953e-01
5.7303331058295689e+03,7.0752557232522195e-01,-6.6532092094727657e-03,-3.3484868770825149e-01,1.0918815151056888e-02,5.9058105582412501e-01,1.2335123430040340e-03,-4.0849312993413663e-02,-4.2553276448670761e-03,8.6575824318264383e-01,1.8106775993348756e-02,5.5958351053735045e-01,-1.4375753647874908e-02,-7.0545846416128599e-01,2.2091787801487572e-03,-3.7126997031389508e-01,7.1101324395017595e-03,5.8126045092756817e-01,-2.9009615977976678e-03,7.1323313904889263e-01,-3.2387479387376620e-03,-3.7225587301000229e-01,-1.1404841740367778e-02,6.2792883934136445e-01,-1.6192059648142076e-02,-2.4727647815611115e-02,3.7461678900148564e-03,8.3057415033290505e-01,1.0813202606782535e-03,5.0053997958173346e-01,1.2805008032650157e-02,-7.0073845963328185e-01,5.3066146313065672e-03,-4.2136688546420653e-01,-8.6820769160812564e-03,6.0082958895990457e-01,-9.9212197959048978e-03,3.3812795187488823e-04,3.3618512538042785e-04,3.8961105333922295e-04,-3.5436426389044151e-01,-9.2240509318209685e-01,-3.4377072347221044e-01,-9.2547831593619767e-01,-5.2990776492918623e-01,-6.8024028375440504e-01
5.9659535591926642e+03,7.0743270426585048e-01,-6.6011923463204503e-03,-3.3452053777811175e-01,1.0530509313486841e-02,5.9076666875630035e-01,1.0623031980436046e-03,-4.0903961849839451e-02,-4.2016296378248243e-03,8.6605570544530508e-01,1.7806680544171616e-02,5.5932399333059979e-01,-1.4083375598323945e-02,-7.0554908399634131e-01,2.2573169936653814e-03,-3.7090466495801383e-01,6.7294044505019635e-03,5.8132859172352802e-01,-3.0020092782968681e-03,7.1316346222388671e-01,-3.2701562237102484e-03,-3.7208156134128229e-01,-1.1209638119452709e-02,6.2821633166839630e-01,-1.5903097662024721e-02,-2.4747159356864865e-02,3.7124272536690484e-03,8.3074345381076053e-01,1.3128352859629825e-03,5.0003723502789643e-01,1.2281636538532056e-02,-7.0080835756243687e-01,5.2730972884150436e-03,-4.2116711905431248e-01,-8.5022613623400994e-03,6.0094854996681024e-01,-9.7247978919038584e-03,3.3809057735512788e-04,3.3614502163082375e-04,3.8919955805093783e-04,-4.2636411664120333e-01,-8.9118908966253296e-01,-4.1562151243068962e-01,-8.9528078823928148e-01,-5.8672184947319028e-01,-6.2835197746558913e-01
6.2112622797153927e+03,7.0734545632523727e-01,-6.5483444786137435e-03,-3.3420698686141681e-01,1.0145074959413164e-02,5.9094253368166727e-01,8.9121993929311936e-04,-4.0961870880034307e-02,-4.1502750094845435e-03,8.6633535122748939e-01,1.7506405512323853e-02,5.5908003505317794e-01,-1.3791720578005096e-02,-7.0563383230443888e-01,2.3064386693287253e-03,-3.7056586816632803e-01,6.3474181205568081e-03,5.8139126476720515e-01,-3.1028557388994155e-03,7.1309923387390606e-01,-3.3028368991598611e-03,-3.7191331363274266e-01,-1.1015737611802363e-02,6.2848837603279883e-01,-1.5615522287618460e-02,-2.4772018319722720e-02,3.6814031664348318e-03,8.3090175274336942e-01,1.5422503784690480e-03,4.9956385040957080e-01,1.1758173075337316e-02,-7.0087251373057846e-01,5.2382470995994352e-03,-4.2098312951632549e-01,-8.3202917503602085e-03,6.0105791958034482e-01,-9.5299044276133168e-03,3.3805418086012778e-04,3.3610583954948615e-04,3.8879646769164020e-04,-4.9842896388585189e-01,-8.5273950060634895e-01,-4.8763453871078344e-01,-8.5793703245220232e-01,-6.4050758696601617e-01,-5.6937846465048370e-01
6.4666576306095176e+03,7.0726361156353512e-01,-6.4950789547210952e-03,-3.3390769129912229e-01,9.7629477447254837e-03,5.9110894844021444e-01,7.2076872126402951e-04,-4.1022866183167528e-02,-4.1007853681537601e-03,8.6659772629784881e-01,1.7206865414535144e-02,5.5885115741176250e-01,-1.3501571517235205e-02,-7.0571294058266598e-01,2.3561008309458953e-03,-3.7025268693770197e-01,5.9658122700129573e-03,5.8144864110537842e-01,-3.2032404158350448e-03,7.1304023870316791e-01,-3.3363398960884129e-03,-3.7175106242707784e-01,-1.0823226062942155e-02,6.2874550251929517e-01,-1.5330076459892527e-02,-2.4801976633821894e-02,3.6524597971024507e-03,8.3104946288365855e-01,1.7690717129427835e-03,4.9911898111116176e-01,1.1236147561980325e-02,-7.0093115686619900e-01,5.2025450598638945e-03,-4.2081438769254986e-01,-8.1372494562673009e-03,6.0115805385663867e-01,-9.3369433033241682e-03,3.3801872359113280e-04,3.3606754961370438e-04,3.8840093353951447e-04,-5.6979803362910897e-01,-8.0654248407912854e-01,-5.5906879073796933e-01,-8.1292954795773043e-01,-6.9024150568529896e-01,-5.0319843043569501e-01
6.7325543550282082e+03,7.0718689647433741e-01,-6.4414918709094771e-03,-3.3362227986540116e-01,9.3850775119718038e-03,5.9126627794563702e-01,5.5135901510830303e-04,-4.1086673584918083e-02,-4.0533953127152821e-03,8.6684349963156637e-01,1.6908778076093312e-02,5.5863677832681924e-01,-1.3213556363369485e-02,-7.0578670005987443e-01,2.4062203203839005e-03,-3.6996397054091196e-01,5.5852994173470893e-03,5.8150092596584690e-01,-3.3029528116935523e-03,7.1298619318491163e-01,-3.3706249343034584e-03,-3.7159474888567651e-01,-1.0632702766684793e-02,6.2898833698128387e-01,-1.5047343273843772e-02,-2.4836655565203598e-02,3.6257894182970258e-03,8.3118706908778450e-01,1.9929528741476389e-03,4.9870157662966941e-01,1.0716806872435774e-02,-7.0098459707450178e-01,5.1660253060605331e-03,-4.2066020038254281e-01,-7.9535156112922716e-03,6.0124935915390909e-01,-9.1462228860419471e-03,3.3798418648284690e-04,3.3603014908504001e-04,3.8801218459211712e-04,-6.3957685431714573e-01,-7.5212853862414830e-01,-6.2905124656929123e-01,-7.5978180688987651e-01,-7.3479245057976861e-01,-4.2981656100359539e-01
7.0093842495782401e+03,7.0711509044881338e-01,-6.3882080613860692e-03,-3.3335041816457794e-01,9.0112598542475830e-03,5.9141481447597632e-01,3.8346235456611366e-04,-4.1153116247283440e-02,-4.0070249971360505e-03,8.6707320434767166e-01,1.6613019336551182e-02,5.5843642990916065e-01,-1.2928403657369253e-02,-7.0585534776390269e-01,2.4561075385199638e-03,-3.6969884811652065e-01,5.2080224118909724e-03,5.8154828551122495e-01,-3.4017529462537621e-03,7.1293687696470009e-01,-3.4049434493006146e-03,-3.7144430653255550e-01,-1.0443722099017075e-02,6.2921738571320851e-01,-1.4768012420329562e-02,-2.4875810213917268e-02,3.6000775793682761e-03,8.3131495609829165e-01,2.2134110828196905e-03,4.9831080033816816e-01,1.0201575194706209e-02,-7.0103305973109709e-01,5.1294962902996549e-03,-4.2052003196422860e-01,-7.7706056358447665e-03,6.0133216917801258e-01,-8.9581132070080342e-03,3.3795052215096217e-04,3.3599359579204437e-04,3.8762948208060629e-04,-7.0672988684728577e-01,-6.8909882734084826e-01,-6.9656950339138524e-01,-6.9808447740069157e-01,-7.7292987280394287e-01,-3.4939482047656117e-01
7.2975968655257384e+03,7.0704790634023129e-01,-6.3351243220150233e-03,-3.3309167582740790e-01,8.6425937694431659e-03,5.9155496090439885e-01,2.1736846353446852e-04,-4.1221908452637950e-02,-3.9622878233702575e-03,8.6728757406085477e-01,1.6320080435495710e-02,5.5824947354549848e-01,-1.2646551053615228e-02,-7.0591918753996430e-01,2.5059013076970116e-03,-3.6945607587693008e-01,4.8340375734783891e-03,5.8159094263932332e-01,-3.4994932307031937e-03,7.1289199184761798e-01,-3.4394990342373911e-03,-3.7129963545889672e-01,-1.0257094643547095e-02,6.2943331553509729e-01,-1.4492473530536454e-02,-2.4919040961264065e-02,3.5759690870129910e-03,8.3143362910237761e-01,2.4302534290903954e-03,4.9794548264742478e-01,9.6913424444179837e-03,-7.0107687327619073e-01,5.0927268157546770e-03,-4.2039312902323589e-01,-7.5884370149279868e-03,6.0140690360308946e-01,-8.7728078865986440e-03,3.3791769903743685e-04,3.3595787584170662e-04,3.8725216643946349e-04,-7.7007100991176747e-01,-6.1714944369243196e-01,-7.6046143299270907e-01,-6.2751804286155666e-01,-8.0333502969801407e-01,-2.6228396105550988e-01
7.5976602388341689e+03,7.0698512108664791e-01,-6.2827465296568796e-03,-3.3284561428222026e-01,8.2789065540764817e-03,5.9168704844513387e-01,5.3456527365427706e-05,-4.1292903890279065e-02,-3.9183092876746671e-03,8.6748720963157855e-01,1.6030667681299460e-02,5.5807538359236375e-01,-1.2368578802393998e-02,-7.0597845601201148e-01,2.5550431840789811e-03,-3.6923472038262140e-01,4.4650691637749679e-03,5.8162908045560735e-01,-3.5959838286163878e-03,7.1285132033160803e-01,-3.4736845276016628e-03,-3.7116059843647903e-01,-1.0072462693574480e-02,6.2963668292448871e-01,-1.4221270615506727e-02,-2.4966128071744895e-02,3.5523986857834908e-03,8.3154349561707797e-01,2.6431119106079381e-03,4.9760465955383021e-01,9.1872589982110349e-03,-7.0111626028575136e-01,5.0563714873871068e-03,-4.2027892765201014e-01,-7.4082367937662831e-03,6.0147391511871628e-01,-8.5905886543823466e-03,3.3788573683782568e-04,3.3592301147462622e-04,3.8687964786209347e-04,-8.2826406446833656e-01,-5.3610807881553857e-01,-8.1941563389252348e-01,-5.4788960219370986e-01,-8.2462367458435826e-01,-1.6905983074747277e-01
7.9100616502201183e+03,7.0692645376138852e-01,-6.2311060215026470e-03,-3.3261196151952377e-01,7.9208325471989000e-03,5.9181142278881249e-01,-1.0802348419716896e-04,-4.1365761007658854e-02,-3.8752941057986594e-03,8.6767273752626328e-01,1.5745213411053005e-02,5.5791361135306250e-01,-1.2094865790330330e-02,-7.0603345523929517e-01,2.6035139349848690e-03,-3.6903364367222602e-01,4.1014768334284440e-03,5.8166289246860992e-01,-3.6910975544905897e-03,7.1281455787763359e-01,-3.5075093159678654e-03,-3.7102718122510320e-01,-9.8902595671748490e-03,6.2982804238169443e-01,-1.3954734009219379e-02,-2.5016627501512796e-02,3.5295541614503126e-03,8.3164497864036568e-01,2.8518072033283434e-03,4.9728733704349393e-01,8.6900876614101827e-03,-7.0115155108025373e-01,5.0204140979360438e-03,-4.2017669693273013e-01,-7.2301931212250667e-03,6.0153355228349226e-01,-8.4116179818246647e-03,3.3785441280313462e-04,3.3588879996862856e-04,3.8651121365553464e-04,-8.7982032694583956e-01,-4.4597103645619629e-01,-8.7196762732980537e-01,-4.5916821286213760e-01,-8.3537307439252051e-01,-7.0559901851835333e-02
8.2353084164611191e+03,7.0687166501663090e-01,-6.1804253017297972e-03,-3.3239006217881778e-01,7.5685625821762109e-03,5.9192850339032776e-01,-2.6681534243841974e-04,-4.1440389497455696e-02,-3.8329776506978008e-03,8.6784491504900996e-01,1.5464187771565108e-02,5.5776349819441806e-01,-1.1825792291890852e-02,-7.0608443244799157e-01,2.6510742976485480e-03,-3.6885174183387909e-01,3.7441008876941823e-03,5.8169260126176014e-01,-3.7847112943162984e-03,7.1278148296775035e-01,-3.5407268300284957e-03,-3.7089911572180412e-01,-9.7105230671490350e-03,6.3000808714750367e-01,-1.3693213883782628e-02,-2.5070356930277662e-02,3.5070837888591866e-03,8.3173856794456413e-01,3.0561429159091432e-03,4.9699227235633070e-01,8.2006172321745317e-03,-7.0118297713184363e-01,4.9851153956576586e-03,-4.2008580567255105e-01,-7.0548809566566579e-03,6.0158623440728842e-01,-8.2360593318302096e-03,3.3782407921093926e-04,3.3585559234757353e-04,3.8614664155996051e-04,-9.2311201591122105e-01,-3.4694269988089677e-01,-9.1651250371360071e-01,-3.6152419304026873e-01,-8.3416421323725609e-01,3.2084444964879201e-02
8.5739287142405592e+03,7.0682050101184934e-01,-6.1308418936208975e-03,-3.3217966768028506e-01,7.2223439714897142e-03,5.9203860021584342e-01,-4.2271043782101184e-04,-4.1516482567772753e-02,-3.7912366360325876e-03,8.6800430675163431e-01,1.5187964887751648e-02,5.5762455220625862e-01,-1.1561674024007184e-02,-7.0613166151312845e-01,2.6975796024612808e-03,-3.6868799719611600e-01,3.3935282631688268e-03,5.8171838090753647e-01,-3.8767196438517903e-03,7.1275182025129202e-01,-3.5731921566465748e-03,-3.7077638520813250e-01,-9.5333727130339635e-03,6.3017730840908848e-01,-1.3436983571995884e-02,-2.5126920408949736e-02,3.4848088753198711e-03,8.3182463043045141e-01,3.2559614560171771e-03,4.9671856516843049e-01,7.7194873723774029e-03,-7.0121083260970229e-01,4.9506294228914673e-03,-4.2000559162589451e-01,-6.8826940843333441e-03,6.0163226856261864e-01,-8.0640447167612764e-03,3.3779438446416454e-04,3.3582305394013064e-04,3.8578518749770842e-04,-9.5638377901877958e-01,-2.3949128688129959e-01,-9.5131485220404088e-01,-2.5538367387742855e-01,-8.1963166086762440e-01,1.3740851911979940e-01
8.9264724378675564e+03,7.0677272777321254e-01,-6.0824879657108422e-03,-3.3198030247059629e-01,6.8823651618292042e-03,5.9214207714935818e-01,-5.7552777302660556e-04,-4.1593870540279271e-02,-3.7499437202901040e-03,8.6815156588590636e-01,1.4916871913603191e-02,5.5749620152198798e-01,-1.1302777551048091e-02,-7.0617538829098947e-01,2.7428896810955672e-03,-3.6854138596233738e-01,3.0502846477309525e-03,5.8174042697128703e-01,-3.9670357292946844e-03,7.1272533720532960e-01,-3.6047635278485726e-03,-3.7065881931195510e-01,-9.3588939516036900e-03,6.3033628761145966e-01,-1.3186275500148370e-02,-2.5186062106894298e-02,3.4625493802064966e-03,8.3190358230137984e-01,3.4511419740543212e-03,4.9646514904513295e-01,7.2472545397590281e-03,-7.0123536309986334e-01,4.9171054213979024e-03,-4.1993543189340327e-01,-6.7139935331351781e-03,6.0167200516334696e-01,-7.8956758428190364e-03,3.3776540319552635e-04,3.3579126565545217e-04,3.8542649541938701e-04,-9.7778476383907997e-01,-1.2439263635024644e-01,-9.7453902140591697e-01,-1.4147209711108494e-01,-7.9053013492576141e-01,2.4359264139088524e-01
9.2935120922645674e+03,7.0672811348935816e-01,-6.0354545836001916e-03,-3.3179157547345572e-01,6.5488147394246882e-03,5.9223927143064825e-01,-7.2512051911386745e-04,-4.1672347195566721e-02,-3.7090350847360180e-03,8.6828729667174176e-01,1.4651171689869180e-02,5.5737791608774956e-01,-1.1049317665387271e-02,-7.0621585833587852e-01,2.7869095092828422e-03,-3.6841092165517197e-01,2.7147526830388208e-03,5.8175892172686428e-01,-4.0555891719038506e-03,7.1270179599391559e-01,-3.6353470976428458e-03,-3.7054629479332374e-01,-9.1871943186306627e-03,6.3048555473293499e-01,-1.2941269554016123e-02,-2.5247491834602939e-02,3.4402042529199242e-03,8.3197580558814810e-01,3.6415976421616293e-03,4.9623104086112080e-01,6.7843703548927823e-03,-7.0125682106575993e-01,4.8846416693533526e-03,-4.1987470900856605e-01,-6.5490422471965659e-03,6.0170576282474475e-01,-7.7310270377896192e-03,3.3773713381607845e-04,3.3576023535364916e-04,3.8507019907325300e-04,-9.8540773588200703e-01,-2.7872494371360911e-03,-9.8428597018555819e-01,-2.0870822570146202e-02,-7.4581325884645311e-01,3.4844111184371324e-01
9.6756437226731068e+03,7.0668641513645236e-01,-5.9898503896534949e-03,-3.3161288584555304e-01,6.2218024853359921e-03,5.9233058279270101e-01,-8.7136069726065531e-04,-4.1751782349885441e-02,-3.6683930911352771e-03,8.6841223507505128e-01,1.4391109873916008e-02,5.5726906945454324e-01,-1.0801475199777501e-02,-7.0625332403955854e-01,2.8295228768081548e-03,-3.6829549230578551e-01,2.3873396926233359e-03,5.8177407552101945e-01,-4.1423222271854774e-03,7.1268096323799979e-01,-3.6648232306954209e-03,-3.7043858121181317e-01,-9.0183143962053475e-03,6.3062576735575537e-01,-1.2702128218430614e-02,-2.5310980302324666e-02,3.4176095006872576e-03,8.3204175108176603e-01,3.8272641764411121e-03,4.9601502265457592e-01,6.3312488752528704e-03,-7.0127545208161346e-01,4.8533641669022869e-03,-4.1982278296404979e-01,-6.3881223900238513e-03,6.0173393241577844e-01,-7.5701593823928959e-03,3.3770964624221344e-04,3.3573003474112020e-04,3.8471594826995501e-04,-9.7734653041261044e-01,1.2376732028593435e-01,-9.7864809285823029e-01,1.0493026265468840e-01,-6.8472827057619357e-01,4.4937785209337144e-01
1.0073487882587067e+04,7.0664744939713742e-01,-5.9457405335445468e-03,-3.3144404951424977e-01,5.9014183708149121e-03,5.9241625148289845e-01,-1.0141521952202037e-03,-4.1831953193729100e-02,-3.6279505632740815e-03,8.6852679372509556e-01,1.4136849046345767e-02,5.5716928376916963e-01,-1.0559390791680730e-02,-7.0628798333454179e-01,2.8706608929073285e-03,-3.6819437191662108e-01,2.0683018103631878e-03,5.8178602238835153e-01,-4.2271879632170602e-03,7.1266263950799558e-01,-3.6931204722797694e-03,-3.7033563885813536e-01,-8.8523126589248029e-03,6.3075726941037591e-01,-1.2468950217201673e-02,-2.5376248654317830e-02,3.3946735113683062e-03,8.3210167941863900e-01,4.0080941661032946e-03,4.9581643446811541e-01,5.8881723387061071e-03,-7.0129146796343000e-01,4.8233489077733546e-03,-4.1977914965583157e-01,-6.2314281807834531e-03,6.0175672019688131e-01,-7.4131071861630194e-03,3.3768272376937951e-04,3.3570046160912639e-04,3.8436330463175334e-04,-9.5177171125281756e-01,2.5324291074889799e-01,-9.5578170547413965e-01,2.3397869380067751e-01,-6.0692336347069720e-01,5.4345951247802193e-01
1.0487690641485688e+04,7.0661099160896912e-01,-5.9031593479274280e-03,-3.3128458919002068e-01,5.5877852824715579e-03,5.9249662893203614e-01,-1.1534236164311307e-03,-4.1912703513599867e-02,-3.5877129665710088e-03,8.6863161012532042e-01,1.3888523794955643e-02,5.5707800959753973e-01,-1.0323158975987616e-02,-7.0632007125894525e-01,2.9102892830817628e-03,-3.6810656419436955e-01,1.7577871723505611e-03,5.8179494710868496e-01,-4.3101564399295493e-03,7.1264660200767005e-01,-3.7202072559036747e-03,-3.7023729206421663e-01,-8.6892797720927797e-03,6.3088062158187608e-01,-1.2241809214600732e-02,-2.5443052398366382e-02,3.3713845155077418e-03,8.3215597888033233e-01,4.1840801274730961e-03,4.9563422336419816e-01,5.4553745262143306e-03,-7.0130510481561870e-01,4.7946274956861840e-03,-4.1974321256375591e-01,-6.0790647802546529e-03,6.0177445511237870e-01,-7.2598843370519370e-03,3.3765642855590526e-04,3.3567158357547359e-04,3.8401200927396721e-04,-9.0702666534923493e-01,3.8310363776261869e-01,-9.1399973704012161e-01,3.6382062247244484e-01,-5.1256720483026874e-01,6.2741739098342708e-01
1.0918924634002584e+04,7.0657684918166697e-01,-5.8621590979438809e-03,-3.3113410922017433e-01,5.2809328773358033e-03,5.9257201678607885e-01,-1.2891177740918412e-03,-4.1993892567985219e-02,-3.5476167876107769e-03,8.6872722450045536e-01,1.3646241802429571e-02,5.5699477567444877e-01,-1.0092854739041698e-02,-7.0634979005785037e-01,2.9483518388836449e-03,-3.6803122570795122e-01,1.4559736313506377e-03,5.8180100943644131e-01,-4.3912037949578190e-03,7.1263265845026369e-01,-3.7460236325892681e-03,-3.7014339081788006e-01,-8.5292354451082450e-03,6.3099629300078020e-01,-1.2020756912589373e-02,-2.5511179359110604e-02,3.3476568327085619e-03,8.3220497625010259e-01,4.3552191621282228e-03,4.9546749925676076e-01,5.0330389697664929e-03,-7.0131656533805997e-01,4.7672632594341529e-03,-4.1971445233658683e-01,-5.9311720559733182e-03,6.0178741135864955e-01,-7.1104954734760471e-03,3.3763079145076615e-04,3.3564343748130959e-04,3.8366183770720692e-04,-8.4174662696914582e-01,5.1027446637654872e-01,-8.5188710656739652e-01,4.9146699734591764e-01,-4.0247555310455840e-01,6.9772750429272390e-01
1.1367890152234633e+04,7.0654483783025857e-01,-5.8227768997913265e-03,-3.3099223623390334e-01,4.9808889124123845e-03,5.9264270233251359e-01,-1.4211914729061826e-03,-4.2075376050682713e-02,-3.5076205470674950e-03,8.6881415507379089e-01,1.3410086195853765e-02,5.5691913014778760e-01,-9.8685326498018384e-03,-7.0637733375919853e-01,2.9848088927894589e-03,-3.6796754108402890e-01,1.1629869863557935e-03,5.8180436439855676e-01,-4.4703123354417080e-03,7.1262062286861294e-01,-3.7705271688138328e-03,-3.7005379558397300e-01,-8.3722044256056526e-03,6.3110472891026814e-01,-1.1805825901997665e-02,-2.5580416671547927e-02,3.3234324402511848e-03,8.3224898339532061e-01,4.5215197664969040e-03,4.9531540756831416e-01,4.6213083410619367e-03,-7.0132604597808768e-01,4.7413009846516575e-03,-4.1969236510940161e-01,-5.7878527832542458e-03,6.0179585311779749e-01,-6.9649371162708133e-03,3.3760550482610311e-04,3.3561572378172644e-04,3.8331224713051898e-04,-7.5500310665150183e-01,6.3113085070255959e-01,-7.6844128996234251e-01,6.1337941208367930e-01,-2.7824220415303774e-01,7.5071958858046861e-01
1.1835316282964517e+04,7.0651478376527987e-01,-5.7850257076940970e-03,-3.3085858104197424e-01,4.6876440906703370e-03,5.9270896816134688e-01,-1.5496348256067941e-03,-4.2157054586256820e-02,-3.4677121110024064e-03,8.6889289892993360e-01,1.3180077770025944e-02,5.5685063935766288e-01,-9.6501921175793266e-03,-7.0640288310203481e-01,3.0196465224073543e-03,-3.6791475740781671e-01,8.7884266532303745e-04,5.8180515408632916e-01,-4.5474839920516749e-03,7.1261032702219329e-01,-3.7937017257310009e-03,-3.6996834500655956e-01,-8.2182019617603047e-03,6.3120636528977703e-01,-1.1596997865709582e-02,-2.5650599762925490e-02,3.2986923417264802e-03,8.3228829543171789e-01,4.6830282609977118e-03,4.9517712503943079e-01,4.2202198453408640e-03,-7.0133372375293057e-01,4.7167567942914806e-03,-4.1967649164341780e-01,-5.6491408541698143e-03,6.0180002179465431e-01,-6.8231729689201383e-03,3.3758109935039422e-04,3.3558897532565065e-04,3.8296355850037789e-04,-6.4646079996027594e-01,7.4153144105246127e-01,-6.6322605578884086e-01,7.2549762660840900e-01,-1.4234866818912970e-01,7.8273692867084321e-01
1.2321962091643712e+04,7.0648656453350722e-01,-5.7489011715859406e-03,-3.3073268475736345e-01,4.4010862763053937e-03,5.9277107746848179e-01,-1.6744861855422762e-03,-4.2238943043687950e-02,-3.4278595684190255e-03,8.6896391062295719e-01,1.2956155051817742e-02,5.5678890233787681e-01,-9.4377588994327150e-03,-7.0642656075773813e-01,3.0528665688414336e-03,-3.6787228434966501e-01,6.0345775721658279e-04,5.8180350892798560e-01,-4.6227429402230825e-03,7.1260166789219570e-01,-3.8155419546791079e-03,-3.6988679982301531e-01,-8.0671866014811969e-03,6.3130160267453450e-01,-1.1394178135499981e-02,-2.5721697526684156e-02,3.2734063732228307e-03,8.3232317614941864e-01,4.8398409025490413e-03,4.9505189130318250e-01,3.8296672877290742e-03,-7.0133970399461498e-01,4.6936349276765123e-03,-4.1966648996299266e-01,-5.5150228266905568e-03,6.0180013475471339e-01,-6.6851273072447114e-03,3.3755811368703473e-04,3.3556372633343419e-04,3.8261617586460235e-04,-5.1656314649384627e-01,8.3687113683955205e-01,-5.3655413080055669e-01,8.2328564306839402e-01,1.7332362894853853e-03,7.9033580809627901e-01
1.2828617855058625e+04,7.0645989210007587e-01,-5.7144521690035144e-03,-3.3061453685795261e-01,4.1215094289582532e-03,5.9282928298342097e-01,-1.7956077402254021e-03,-4.2320509353079058e-02,-3.3881084441546166e-03,8.6902770132067575e-01,1.2738568840382769e-02,5.5673348619943630e-01,-9.2314442390218944e-03,-7.0644868704346475e-01,3.0844244501709583e-03,-3.6783897390736509e-01,3.3712639508595710e-04,5.8179959626126121e-01,-4.6960197959010491e-03,7.1259429712992628e-01,-3.8360142942541146e-03,-3.6980933523843146e-01,-7.9193328751468242e-03,6.3139084190823702e-01,-1.1197566464183323e-02,-2.5793070428855668e-02,3.2475923381697865e-03,8.3235394708507338e-01,4.9918402476307397e-03,4.9493888407734415e-01,3.4500877312422578e-03,-7.0134436523222055e-01,4.6719741567106555e-03,-4.1966158532281489e-01,-5.3856510838063178e-03,6.0179648018359422e-01,-6.5509039085740904e-03,3.3753387542896716e-04,3.3553734701456098e-04,3.8226711225645673e-04,-3.6676603566314797e-01,9.1217789444995190e-01,-3.8971834148318646e-01,9.0181900442539142e-01,1.4944589813029896e-01,7.7054577858026607e-01
1.3356106344681619e+04,7.0643473537006674e-01,-5.6816193931030212e-03,-3.3050350222005409e-01,3.8485772167147353e-03,5.9288382781251336e-01,-1.9131581600262057e-03,-4.2402050555690671e-02,-3.3484305347241273e-03,8.6908464547764719e-01,1.2527040914917575e-02,5.5668405308332281e-01,-9.0309790459810399e-03,-7.0646927650578351e-01,3.1143761361807354e-03,-3.6781458562786989e-01,7.9460633939723579e-05,5.8179350706461042e-01,-4.7674041042429297e-03,7.1258824368349127e-01,-3.8551603065681596e-03,-3.6973552771614665e-01,-7.7744913488023495e-03,6.3147444332121228e-01,-1.1006876150985783e-02,-2.5865002795115631e-02,3.2212491901933583e-03,8.3238080854302265e-01,5.1392602966430050e-03,4.9483745813411806e-01,3.0810012314252035e-03,-7.0134766693643880e-01,4.6517263295606480e-03,-4.1966169469016956e-01,-5.2608498326536047e-03,6.0178920383854018e-01,-6.4203104073618008e-03,3.3751099233946056e-04,3.3551241554689713e-04,3.8191895536472740e-04,-1.9964598962260202e-01,9.6234436146018976e-01,-2.2510308094796430e-01,9.5600709051246890e-01,2.9523290207391717e-01,7.2118136523843646e-01
1.3905284162791027e+04,7.0641094738556487e-01,-5.6504526100862040e-03,-3.3039932558285695e-01,3.5822465403620163e-03,5.9293492586162166e-01,-2.0271099402491919e-03,-4.2483411933351145e-02,-3.3087322833525324e-03,8.6913514251165891e-01,1.2321631355484086e-02,5.5664025616241164e-01,-8.8363991618908289e-03,-7.0648848642265660e-01,3.1426664684389150e-03,-3.6779845829485247e-01,-1.6938720451739608e-04,5.8178536621701371e-01,-4.8368836863500950e-03,7.1258335169890219e-01,-3.8729177720522156e-03,-3.6966529808815390e-01,-7.6326223130899129e-03,6.3155273617776853e-01,-1.0822130720034654e-02,-2.5937286093079878e-02,3.1942618878489908e-03,8.3240399713943591e-01,5.2821016804599306e-03,4.9474695344588526e-01,2.7225054111065499e-03,-7.0134977415787891e-01,4.6329596990785857e-03,-4.1966640073675970e-01,-5.1407382786501738e-03,6.0177851477069666e-01,-6.2933482360792064e-03,3.3748853568667101e-04,3.3548801659052371e-04,3.8157061817158545e-04,-1.9172483943808227e-02,9.8232435960308340e-01,-4.6457543824939142e-02,9.8077585399203482e-01,4.3252992024098480e-01,6.4118704262953219e-01
1.4477043133529785e+04,7.0638835601595829e-01,-5.6208798444409014e-03,-3.3030175948954976e-01,3.3225585072817893e-03,5.9298281008917542e-01,-2.1375098644838258e-03,-4.2564430059440356e-02,-3.2691559967661515e-03,8.6917960761884916e-01,1.2122256916362373e-02,5.5660173643572763e-01,-8.6476188010774415e-03,-7.0650649902353002e-01,3.1693761444170354e-03,-3.6778988707406890e-01,-4.0967781797297820e-04,5.8177529139813711e-01,-4.9044872047268968e-03,7.1257944184300059e-01,-3.8893740570246967e-03,-3.6959857619390307e-01,-7.4938140477288796e-03,6.3162607762915335e-01,-1.0643233832796178e-02,-2.6009690392758116e-02,3.1667966225279363e-03,8.3242375791200840e-01,5.4204620880734270e-03,4.9466668368137384e-01,2.3744684465697961e-03,-7.0135087946539221e-01,4.6155796135242842e-03,-4.1967525981185222e-01,-5.0251472285011587e-03,6.0176461034169371e-01,-6.1699445203044394e-03,3.3746661010676461e-04,3.3546426400762305e-04,3.8122206919263824e-04,1.6919607417812663e-01,9.6749551201490602e-01,1.4099957831938578e-01,9.7141753330255531e-01,5.5399815648047279e-01,5.3101288806750246e-01
1.5072311751161988e+04,7.0636684425179619e-01,-5.5928793530586607e-03,-3.3021049408675879e-01,3.0694226705421795e-03,5.9302768681859752e-01,-2.2444063067759562e-03,-4.2645057797769059e-02,-3.2297077350167940e-03,8.6921840224471525e-01,1.1928837571052953e-02,5.5656817729199781e-01,-8.4645512610947993e-03,-7.0652343490669800e-01,3.1945270875572418e-03,-3.6778834768769664e-01,-6.4154341244385127e-04,5.8176338608235978e-01,-4.9702433252887691e-03,7.1257640426704039e-01,-3.9045470508531537e-03,-3.6953521962720787e-01,-7.3580394388226573e-03,6.3169478093417675e-01,-1.0470088982261219e-02,-2.6082124360787527e-02,3.1388664764125428e-03,8.3244029961521648e-01,5.5544315888146310e-03,4.9459604456065726e-01,2.0367534928038139e-03,-7.0135109802111850e-01,4.5995665808366854e-03,-4.1968795582088242e-01,-4.9140148297577291e-03,6.0174766168047056e-01,-6.0500286462328353e-03,3.3744551765453606e-04,3.3544146223585914e-04,3.8087351079285094e-04,3.5842721356848117e-01,9.1407480526439200e-01,3.3048231856479016e-01,9.2399269293450936e-01,6.5183360333887197e-01,3.9298327107616904e-01
1.5692056687878789e+04,7.0634636676009943e-01,-5.5665374457142258e-03,-3.3012519018271930e-01,2.8225599032370291e-03,5.9306970936663372e-01,-2.3478189094495059e-03,-4.2725349765233872e-02,-3.1901356632312011e-03,8.6925180583423389e-01,1.1741356228721467e-02,5.5653933335819639e-01,-8.2871600409154689e-03,-7.0653933769580302e-01,3.2180173923591904e-03,-3.6779353270627640e-01,-8.6479459244978574e-04,5.8174973844866473e-01,-5.0341629618220500e-03,7.1257421025814849e-01,-3.9183125597502654e-03,-3.6947503445207019e-01,-7.2250838517515436e-03,6.3175907764156969e-01,-1.0302648397281788e-02,-2.6154628054077717e-02,3.1101884667109397e-03,8.3245377473845561e-01,5.6840495934407818e-03,4.9453456337037027e-01,1.7093123737247484e-03,-7.0135045448596711e-01,4.5850560186670112e-03,-4.1970431927606766e-01,-4.8075243579964091e-03,6.0172781204313464e-01,-5.9335647199423702e-03,3.3742427746015811e-04,3.3541863215586192e-04,3.8052388595210981e-04,5.3992164998626779e-01,8.1963303725313852e-01,5.1362578730027486e-01,8.3583197787401220e-01,7.1822787980101288e-01,2.3163946714063571e-01
1.6337284363602530e+04,7.0632669785068103e-01,-5.5416796563024229e-03,-3.3004575751629139e-01,2.5821870723737317e-03,5.9310910475116640e-01,-2.4478235556648752e-03,-4.2804998771043747e-02,-3.1508210820281445e-03,8.6928022288902529e-01,1.1559668323436745e-02,5.5651485813522539e-01,-8.1153136395542558e-03,-7.0655445098275882e-01,3.2400452330455520e-03,-3.6780461123123748e-01,-1.0799882951560702e-03,5.8173445850337313e-01,-5.0962898425113336e-03,7.1257260683079271e-01,-3.9308923551378489e-03,-3.6941807893756695e-01,-7.0952046982485969e-03,6.3181931537616876e-01,-1.0140774866079869e-02,-2.6226805474343813e-02,3.0812034762714531e-03,8.3246442892682837e-01,5.8094492492460174e-03,4.9448157978438406e-01,1.3919253252056649e-03,-7.0134922550303147e-01,4.5718079190951826e-03,-4.1972380295686867e-01,-4.7052736579468882e-03,6.0170524625975041e-01,-5.8204578048078656e-03,3.3740357788235352e-04,3.3539647797115090e-04,3.8017377884446872e-04,7.0372573728416699e-01,6.8364758236819423e-01,6.8067332607755393e-01,7.0608082301388564e-01,7.4601326467831131e-01,5.3939577702579421e-02
1.7009042580338239e+04,7.0630779867246141e-01,-5.5183390939816390e-03,-3.2997177357181667e-01,2.3480107318583077e-03,5.9314604684200589e-01,-2.5444900677048417e-03,-4.2884130048653123e-02,-3.1115898125559666e-03,8.6930395261344662e-01,1.1383668283060200e-02,5.5649448497602871e-01,-7.9488962286430979e-03,-7.0656880738863004e-01,3.2605662580897088e-03,-3.6782130016338871e-01,-1.2871303925709732e-03,5.8171763320797321e-01,-5.1566598609227611e-03,7.1257158423554845e-01,-3.9422223782033380e-03,-3.6936409741219522e-01,-6.9682078622244244e-03,6.3187575887255432e-01,-9.9843430068003985e-03,-2.6298767880570794e-02,3.0517266891149763e-03,8.3247242832462709e-01,5.9307287021840901e-03,4.9443657985898731e-01,1.0843964314671073e-03,-7.0134741493055486e-01,4.5598918051888045e-03,-4.1974627078578519e-01,-4.6073174285887726e-03,6.0168010837319996e-01,-5.7106286290549849e-03,3.3738372851633051e-04,3.3537530309811383e-04,3.7982346256846367e-04,8.3886526979500520e-01,5.0811326520007527e-01,8.2077730388738324e-01,5.3630857418134514e-01,7.2942881850060082e-01,-1.3066109869155343e-01
1.7708422223726546e+04,7.0628964313482756e-01,-5.4965259405672651e-03,-3.2990295931991592e-01,2.1198785153455357e-03,5.9318065377827389e-01,-2.6378612732397425e-03,-4.2962817180918156e-02,-3.0723726053865363e-03,8.6932320209685932e-01,1.1213285706181686e-02,5.5647803060664336e-01,-7.7878320519423963e-03,-7.0658242938708371e-01,3.2795656667159723e-03,-3.6784340021406914e-01,-1.4862656992959966e-03,5.8169932564126114e-01,-5.2152990007706870e-03,7.1257113410693762e-01,-3.9522793605134840e-03,-3.6931291785696996e-01,-6.8440023786338657e-03,6.3192858182305267e-01,-9.8332722057133289e-03,-2.6370580050876242e-02,3.0216859843592882e-03,8.3247788238552223e-01,6.0479571660034597e-03,4.9439921119053054e-01,7.8659927686633088e-04,-7.0134502793689790e-01,4.5493325254118387e-03,-4.1977161881539105e-01,-4.5136594781361294e-03,6.0165249700345269e-01,-5.6040188809761337e-03,3.3736402816521885e-04,3.3535440704375190e-04,3.7947216470098278e-04,9.3393689743384389e-01,2.9813691012845284e-01,9.2255154839359332e-01,3.3111044611427037e-01,6.6502477394121884e-01,-3.1037797573058690e-01
1.8436559034561269e+04,7.0627202628036478e-01,-5.4761601450002140e-03,-3.2983936851893303e-01,1.8978843866576667e-03,5.9321308967055075e-01,-2.7279723355379303e-03,-4.3040716396297564e-02,-3.0333502038507390e-03,8.6933826575138218e-01,1.1048449144140549e-02,5.5646524263023878e-01,-7.6320556801374850e-03,-7.0659554271207115e-01,3.2971354176200840e-03,-3.6787020256786701e-01,-1.6776604100435799e-03,5.8167961754185260e-01,-5.2722307788061300e-03,7.1257101315711857e-01,-3.9611655657933453e-03,-3.6926467818065284e-01,-6.7227104730322555e-03,6.3197802723513241e-01,-9.6874925243628368e-03,-2.6441820832018060e-02,2.9912875256892821e-03,8.3248097141621025e-01,6.1612038078721343e-03,4.9436900265101807e-01,4.9842492851255322e-04,-7.0134233006388957e-01,4.5400211774639628e-03,-4.1979935238025023e-01,-4.4241092122881739e-03,6.0162254408606108e-01,-5.5005743791528040e-03,3.3734459380592674e-04,3.3533392770909335e-04,3.7911991355617551e-04,9.7798653006233893e-01,6.2393716492148782e-02,9.7490777605951884e-01,9.8586724824548014e-02,5.5261684093128660e-01,-4.7161919044750183e-01
1.9194635453148407e+04,7.0625490541212144e-01,-5.4571955826532292e-03,-3.2978051035132810e-01,1.6817491444508781e-03,5.9324354247090949e-01,-2.8149588481791808e-03,-4.3117974495092297e-02,-2.9944658916416823e-03,8.6934948503846532e-01,1.0888949757536959e-02,5.5645582989405096e-01,-7.4813541078772887e-03,-7.0660818207486076e-01,3.3133173728346066e-03,-3.6790137929136124e-01,-1.8615757517501802e-03,5.8165860399319413e-01,-5.3275173930716728e-03,7.1257121523628353e-01,-3.9689081427102015e-03,-3.6921909601044456e-01,-6.6041848325304655e-03,6.3202440262548210e-01,-9.5467835138963505e-03,-2.6512617627068694e-02,2.9604917706111200e-03,8.3248188333010031e-01,6.2706385932639460e-03,4.9434536382759198e-01,2.1950671126406106e-04,-7.0133932248531528e-01,4.5319286530097740e-03,-4.1982933359782926e-01,-4.3385424016120673e-03,6.0159041964412396e-01,-5.4001727535874754e-03,3.3732583539675131e-04,3.3531426627132023e-04,3.7876714660045428e-04,9.6163175969928705e-01,-1.8659787498386685e-01,9.6813627396003077e-01,-1.4934095047652099e-01,3.9618039299822128e-01,-5.9986702008129400e-01
1.9983882539501730e+04,7.0623824664735479e-01,-5.4396769347422325e-03,-3.2972625311037623e-01,1.4713303812302903e-03,5.9327209591217489e-01,-2.8988283331638923e-03,-4.3194587086245351e-02,-2.9556006580829554e-03,8.6935699712264358e-01,1.0734773035708911e-02,5.5644966128977069e-01,-7.3357082290059841e-03,-7.0662038250970838e-01,3.3280595469594165e-03,-3.6793675577018436e-01,-2.0379283071541160e-03,5.8163633129134595e-01,-5.3811674841197183e-03,7.1257170818174409e-01,-3.9754445226828222e-03,-3.6917609026010001e-01,-6.4883210098076859e-03,6.3206781494826625e-01,-9.4111198185310267e-03,-2.6582956940481208e-02,2.9291645677214776e-03,8.3248069445449147e-01,6.3762819097872596e-03,4.9432806580983962e-01,-5.0189236182545706e-05,-7.0133603706925207e-01,4.5251232909579546e-03,-4.1986144323491831e-01,-4.2570461912287191e-03,6.0155618634701258e-01,-5.3027887211620234e-03,3.3730722532352667e-04,3.3529490143402506e-04,3.7841329332575423e-04,8.7844417122538587e-01,-4.3251700744451910e-01,8.9525333502741899e-01,-3.9690904305658126e-01,2.0455738430678985e-01,-6.8097200466939400e-01
2.0805581972493168e+04,7.0622192959700303e-01,-5.4234788824214786e-03,-3.2967646759724617e-01,1.2666715266619888e-03,5.9329889731463081e-01,-2.9796730969565621e-03,-4.3270429290911294e-02,-2.9169790967930008e-03,8.6936106235578126e-01,1.0585753362411965e-02,5.5644651352874763e-01,-7.1949656243033037e-03,-7.0663227182550559e-01,3.3415011225368385e-03,-3.6797586304924917e-01,-2.2071598002152831e-03,5.8161286957404168e-01,-5.4332302264314021e-03,7.1257236382116962e-01,-3.9809241025878135e-03,-3.6913563784833453e-01,-6.3752299611681985e-03,6.3210848909439343e-01,-9.2803456166239643e-03,-2.6652665130554549e-02,2.8975748465230704e-03,8.3247755736479667e-01,6.4782657970029189e-03,4.9431667750803776e-01,-3.1093170127060189e-04,-7.0133261347582676e-01,4.5194431871221135e-03,-4.1989538520204694e-01,-4.1793213625878432e-03,6.0151996180262002e-01,-5.2083251180973867e-03,3.3728900691795308e-04,3.3527608547931310e-04,3.7805855853985431e-04,7.2649686339698727e-01,-6.5581394153928629e-01,7.5353241297442342e-01,-6.2500051907031440e-01,-8.2569862592065651e-03,-7.0288755112681034e-01
2.1661068131204353e+04,7.0620590325515575e-01,-5.4086027455453045e-03,-3.2963091009721762e-01,1.0675647571993796e-03,5.9332406810960392e-01,-3.0575626508143102e-03,-4.3345530666139095e-02,-2.8785140797015080e-03,8.6936189565191369e-01,1.0441781801323435e-02,5.5644620055645100e-01,-7.0590128980369850e-03,-7.0664390005354194e-01,3.3536351909881634e-03,-3.6801844133759970e-01,-2.3693523878299816e-03,5.8158827904213761e-01,-5.4837411049741634e-03,7.1257314511432213e-01,-3.9853279164714598e-03,-3.6909760930435476e-01,-6.2647849314484850e-03,6.3214661385518700e-01,-9.1543449769225186e-03,-2.6721753119172444e-02,2.8656349252681205e-03,8.3247259054376299e-01,6.5766797798410071e-03,4.9431083300080197e-01,-5.6291657813022436e-04,-7.0132908833843854e-01,4.5149098008235022e-03,-4.1993101748517825e-01,-4.1053501038609466e-03,6.0148184682720940e-01,-5.1167110187992073e-03,3.3727119494369025e-04,3.3525783398175203e-04,3.7770293947547246e-04,5.0993495163547675e-01,-8.3485568682517752e-01,5.4608703838948502e-01,-8.1218554383354591e-01,-2.2341473931305514e-01,-6.5768701152481412e-01
2.2551730261859699e+04,7.0619010426677176e-01,-5.3950067446041361e-03,-3.2958941489700033e-01,8.7391447033188796e-04,5.9334771943643916e-01,-3.1325643746596280e-03,-4.3419861741855012e-02,-2.8402330908379632e-03,8.6935969303291383e-01,1.0302745568969818e-02,5.5644855008450145e-01,-6.9277407793860964e-03,-7.0665533276504700e-01,3.3645051553247152e-03,-3.6806420273322887e-01,-2.5246962516674298e-03,5.8156261679251520e-01,-5.5327340445006602e-03,7.1257399136153288e-01,-3.9886958992318032e-03,-3.6906192811318478e-01,-6.1569564228738131e-03,6.3218235556405500e-01,-9.0330035670568073e-03,-2.6790167118372489e-02,2.8333874533476786e-03,8.3246590589120928e-01,6.6716138670496498e-03,4.9431020288628297e-01,-8.0633708137608021e-04,-7.0132552596991538e-01,4.5114803577948059e-03,-4.1996816588115504e-01,-4.0350244836358179e-03,6.0144193384906186e-01,-5.0278781481324832e-03,3.3725372109185943e-04,3.3524008389744519e-04,3.7734636845904732e-04,2.4032909076771225e-01,-9.4781841401221512e-01,2.8327912388768650e-01,-9.3649743030925914e-01,-4.1834557259289634e-01,-5.4369593525670057e-01
2.3479014733859363e+04,7.0617447972465941e-01,-5.3826666526654021e-03,-3.2955180701629483e-01,6.8558510603411449e-04,5.9336995480285615e-01,-3.2047443756955656e-03,-4.3493418231095031e-02,-2.8021205717978052e-03,8.6935463566915294e-01,1.0168535386623712e-02,5.5645340370661955e-01,-6.8010413459827475e-03,-7.0666662365988930e-01,3.3741341588559848e-03,-3.6811290124676210e-01,-2.6733368090126886e-03,5.8153593403754755e-01,-5.5802431621402547e-03,7.1257485618993854e-01,-3.9910447106020338e-03,-3.6902850687140965e-01,-6.0516787029191435e-03,6.3221587080909758e-01,-8.9162103798716332e-03,-2.6857882825178422e-02,2.8008257909063750e-03,8.3245760491095988e-01,6.7631543160839337e-03,4.9431448094671238e-01,-1.0413839658687902e-03,-7.0132197459905465e-01,4.5091374129522903e-03,-4.2000668655432333e-01,-3.9682724706883877e-03,6.0140030655142174e-01,-4.9417589811470205e-03,3.3723654686677797e-04,3.3522280050466612e-04,3.7698879944929000e-04,-6.2507134985714960e-02,-9.7533679220708158e-01,-1.6352624802242994e-02,-9.7796952520844393e-01,-5.6886178813878663e-01,-3.6739946392979095e-01
2.4444427388576161e+04,7.0615896446213888e-01,-5.3715315458923441e-03,-3.2951793814025021e-01,5.0248894055732185e-04,5.9339087962251591e-01,-3.2741755036254346e-03,-4.3566164432449997e-02,-2.7642215677150077e-03,8.6934690931084080e-01,1.0039028804138428e-02,5.5646059946280180e-01,-6.6787970232776257e-03,-7.0667784041598891e-01,3.3825758490725888e-03,-3.6816425426965810e-01,-2.8154926901046429e-03,5.8150828314245384e-01,-5.6263050153444001e-03,7.1257567645237563e-01,-3.9924255888311262e-03,-3.6899728227929657e-01,-5.9489313518552517e-03,6.3224731953893942e-01,-8.8038443415766957e-03,-2.6924839188388554e-02,2.7680132873320329e-03,8.3244779421009119e-01,6.8513960997937141e-03,4.9432335511829995e-01,-1.2682659831918250e-03,-7.0131850158380227e-01,4.5078259228694718e-03,-4.2004640869404714e-01,-3.9049644012536210e-03,6.0135705120717042e-01,-4.8582820339678314e-03,3.3721969948981420e-04,3.3520601644926117e-04,3.7663026385483488e-04,-3.7062746256744644e-01,-9.0380566653889538e-01,-3.2602869577761429e-01,-9.2185334557967780e-01,-6.5226656498676860e-01,-1.4467290659966242e-01
2.5449535984730541e+04,7.0614350052459629e-01,-5.3615626015559581e-03,-3.2948766373513122e-01,3.2452224188360412e-04,5.9341059140033248e-01,-3.3409257182874979e-03,-4.3638075358775535e-02,-2.7265557699846701e-03,8.6933668522352114e-01,9.9141123184541824e-03,5.5646998795633928e-01,-6.5608979068894815e-03,-7.0668904290783141e-01,3.3898701991903202e-03,-3.6821800850578507e-01,-2.9513463420344221e-03,5.8147971214205973e-01,-5.6709539733055892e-03,7.1257639745876744e-01,-3.9928745677699773e-03,-3.6896818982090462e-01,-5.8486762605104731e-03,6.3227684990544630e-01,-8.6957928688780519e-03,-2.6990988957864746e-02,2.7349836366537890e-03,8.3243657150513062e-01,6.9364266921834415e-03,4.9433653702452596e-01,-1.4871785185908140e-03,-7.0131516491526480e-01,4.5075073541300838e-03,-4.2008718051014954e-01,-3.8449971203971707e-03,6.0131224690065532e-01,-4.7773804595355350e-03,3.3720317548477700e-04,3.3518973334486168e-04,3.7627076120705778e-04,-6.4940299483804864e-01,-7.2904945203012805e-01,-6.1194237452781552e-01,-7.6226690083961579e-01,-6.5129109632828996e-01,9.9191462510228853e-02
2.6495972744314739e+04,7.0612808412443417e-01,-5.3527604505680393e-03,-3.2946076934847901e-01,1.5148734306696943e-04,5.9342916442842064e-01,-3.4050604730362054e-03,-4.3709237441024118e-02,-2.6890351372626416e-03,8.6932409142696920e-01,9.7936833114857236e-03,5.5648145451063413e-01,-6.4472405887943543e-03,-7.0670023031645379e-01,3.3960107981407250e-03,-3.6827407452401723e-01,-3.0809701784993426e-03,5.8145025919834326e-01,-5.7142210020127496e-03,7.1257703240317360e-01,-3.9923731203688065e-03,-3.6894109072671732e-01,-5.7507903259279378e-03,6.3230457326378720e-01,-8.5919477843844887e-03,-2.7056417641288882e-02,2.7016498742536005e-03,8.3242400432152019e-01,7.0183240012799148e-03,4.9435380342774837e-01,-1.6983068204890284e-03,-7.0131194725088131e-01,4.5082023040734628e-03,-4.2012896910318126e-01,-3.7883580576785771e-03,6.0126595480135647e-01,-4.6989937236281507e-03,3.3718687542335355e-04,3.3517385117044784e-04,3.7591022513715314e-04,-8.6067835146911564e-01,-4.5983176672719051e-01,-8.3613567641268527e-01,-5.0578541625651463e-01,-5.5841164121928977e-01,3.3119288427837212e-01
2.7585437003200535e+04,7.0611261414287030e-01,-5.3450467174799565e-03,-3.2943719857189158e-01,-1.6622947704519886e-05,5.9344670376191921e-01,-3.4666492864399373e-03,-4.3779523398081076e-02,-2.6517853611951678e-03,8.6930931465149097e-01,9.6776198228456511e-03,5.5649483887658380e-01,-6.3377118601046977e-03,-7.0671151159226664e-01,3.4010839917343050e-03,-3.6833208014586100e-01,-3.2046514513168478e-03,5.8141997443875026e-01,-5.7561421615604834e-03,7.1257746982462467e-01,-3.9910116556025228e-03,-3.6891600106703387e-01,-5.6553202970757478e-03,6.3233065094170726e-01,-8.4921951121484564e-03,-2.7120958463142303e-02,2.6681648441574226e-03,8.3241020501538265e-01,7.0971806058116055e-03,4.9437484681916621e-01,-1.9018524842045904e-03,-7.0130897012490567e-01,4.5098132777488123e-03,-4.2017153236612903e-01,-3.7348557816414326e-03,6.0121825934373418e-01,-4.6230530945132325e-03,3.3717090875386402e-04,3.3515848996994673e-04,3.7554875753736879e-04,-9.6780933057218899e-01,-1.2040227794828218e-01,-9.6125478142166010e-01,-1.7420866938265128e-01,-3.7976025770886640e-01,5.1445007667768350e-01
2.8719697970734982e+04,7.0609704901073989e-01,-5.3383843993791702e-03,-3.2941680907793092e-01,-1.7991973215308876e-04,5.9346329186562163e-01,-3.5257609294530694e-03,-4.3848931643287452e-02,-2.6148160847601423e-03,8.6929249954200172e-01,9.5658088540567787e-03,5.5651001398559963e-01,-6.2322026818648346e-03,-7.0672292878413046e-01,3.4051272656902831e-03,-3.6839182895451333e-01,-3.3225632182275755e-03,5.8138889900375901e-01,-5.7967505177697757e-03,7.1257767351853618e-01,-3.9888227516145401e-03,-3.6889284969231723e-01,-5.5622201593381604e-03,6.3235520855841765e-01,-8.3964225445022616e-03,-2.7184593752864212e-02,2.6345518673663191e-03,8.3239525612431875e-01,7.1730811189524698e-03,4.9439942176292073e-01,-2.0980109599804467e-03,-7.0130627150088976e-01,4.5123053756632395e-03,-4.2021475745123699e-01,-3.6843940945833105e-03,6.0116922851892618e-01,-4.5494952853000099e-03,3.3715523890716679e-04,3.3514361740087119e-04,3.7518634844972053e-04,-9.4239150239564318e-01,2.4889978144096281e-01,-9.5706159915895894e-01,1.9444992974920788e-01,-1.3755723815239146e-01,6.1417182841117302e-01
2.9900597602805465e+04,7.0608144962356312e-01,-5.3328132527340755e-03,-3.2939931884338575e-01,-3.3868651865384680e-04,5.9347896972766490e-01,-3.5824559614725951e-03,-4.3917678950179902e-02,-2.5779370984844036e-03,8.6927371060680603e-01,9.4581612033808882e-03,5.5652691706530166e-01,-6.1306191359577471e-03,-7.0673440856486713e-01,3.4080884248624821e-03,-3.6845343847461154e-01,-3.4346685018078194e-03,5.8135705451880415e-01,-5.8360733626595706e-03,7.1257773744019037e-01,-3.9857348108867140e-03,-3.6887141889366176e-01,-5.4712867867547262e-03,6.3237830546925433e-01,-8.3045307997889565e-03,-2.7247564644886046e-02,2.6006092432008664e-03,8.3237918301349578e-01,7.2460909619350613e-03,4.9442740286351256e-01,-2.2869527265363771e-03,-7.0130374480983182e-01,4.5157565494213878e-03,-4.2025875958963227e-01,-3.6370491833807245e-03,6.0111889465883772e-01,-4.4782674310749563e-03,3.3713971494253733e-04,3.3512907549194888e-04,3.7482290335135007e-04,-7.7199189270990376e-01,5.9409230868214735e-01,-8.0810985481700859e-01,5.4786769433214400e-01,1.3018070653475999e-01,6.0526086723110339e-01
3.1130053593039782e+04,7.0606563374295472e-01,-5.3281987409770637e-03,-3.2938482046565071e-01,-4.9278923380567663e-04,5.9349386203507848e-01,-3.6368046911935126e-03,-4.3985446809910428e-02,-2.5414234451156970e-03,8.6925317669920632e-01,9.3545473383042643e-03,5.5654535603277056e-01,-6.0328471872055575e-03,-7.0674615235206506e-01,3.4101197476269496e-03,-3.6851629944891418e-01,-3.5413964045801494e-03,5.8132450078255005e-01,-5.8741468671452829e-03,7.1257744354625652e-01,-3.9819150899849422e-03,-3.6885186711971235e-01,-5.3826897981362068e-03,6.3240013634420544e-01,-8.2164062921790421e-03,-2.7309481296550989e-02,2.5666572222419102e-03,8.3236213276947413e-01,7.3163072467025830e-03,4.9445842472329610e-01,-2.4688804307112433e-03,-7.0130163026537273e-01,4.5199861973657567e-03,-4.2030311918677332e-01,-3.5925073897851312e-03,6.0106736168524921e-01,-4.4093018869479136e-03,3.3712450232685433e-04,3.3511505053362625e-04,3.7445857726846083e-04,-4.6747321441477152e-01,8.5393642319542051e-01,-5.2127982654093896e-01,8.2516133182846985e-01,3.7377554140939362e-01,4.8027303368054119e-01
3.2410062486998770e+04,7.0604965845296142e-01,-5.3245707761467309e-03,-3.2937305324674782e-01,-6.4248339774160279e-04,5.9350800577506768e-01,-3.6888667729661996e-03,-4.4052439308948421e-02,-2.5051130104218333e-03,8.6923095451470389e-01,9.2548778259511355e-03,5.5656527519280496e-01,-5.9387941469795187e-03,-7.0675809128075995e-01,3.4111806489697805e-03,-3.6858052640291272e-01,-3.6427347465865512e-03,5.8129125627071576e-01,-5.9109981969556642e-03,7.1257688010825404e-01,-3.9773058838266278e-03,-3.6883399233518754e-01,-5.2962492682467723e-03,6.3242075497401806e-01,-8.1319519012025745e-03,-2.7370570431832841e-02,2.5325256291471613e-03,8.3234412758842391e-01,7.3837947464065520e-03,4.9449237593459916e-01,-2.6439627753091261e-03,-7.0129982794585988e-01,4.5250570297609288e-03,-4.2034794738011211e-01,-3.5508231140951290e-03,6.0101465731520698e-01,-4.3425467704984655e-03,3.3710952288797780e-04,3.3510145807152665e-04,3.7409334688439012e-04,-6.7885286138971518e-02,9.7052008335985540e-01,-1.3124186538682420e-01,9.6686444623073287e-01,5.4037937220240018e-01,2.5570963010757308e-01
3.3742702924418336e+04,7.0603343037888511e-01,-5.3218510603492974e-03,-3.2936398108535037e-01,-7.8777717801863101e-04,5.9352149206232929e-01,-3.7387118439815266e-03,-4.4118528989817794e-02,-2.4691241392334282e-03,8.6920720834975107e-01,9.1590337052241400e-03,5.5658653337429087e-01,-5.8483502147695775e-03,-7.0677032659699557e-01,3.4113569809751942e-03,-3.6864577659325987e-01,-3.7389604301020507e-03,5.8125736587945565e-01,-5.9466604818075603e-03,7.1257594216024422e-01,-3.9719961019818607e-03,-3.6881782171915473e-01,-5.2120082664640546e-03,6.3244030294526654e-01,-8.0510556811605096e-03,-2.7430668056833019e-02,2.4983599530846571e-03,8.3232526910872451e-01,7.4486408889592581e-03,4.9452898641492643e-01,-2.8123967774850850e-03,-7.0129845260666923e-01,4.5308731293586361e-03,-4.2039302063684869e-01,-3.5118106934659385e-03,6.0096085855091108e-01,-4.2779400939291466e-03,3.3709479017847129e-04,3.3508832271214204e-04,3.7372725362628964e-04,3.5964385658425752e-01,9.0327540769775083e-01,2.9869121879526628e-01,9.2858210255027140e-01,5.8627331228273150e-01,-2.5928453120510696e-02
3.5130139014766937e+04,7.0601700051231675e-01,-5.3200712037993481e-03,-3.2935737776082519e-01,-9.2891055157315328e-04,5.9353435153722578e-01,-3.7863926719175281e-03,-4.4183895204201629e-02,-2.4332983323711102e-03,8.6918198494101095e-01,9.0669367005088430e-03,5.5660908449834934e-01,-5.7614338444929962e-03,-7.0678279694355239e-01,3.4106067549823094e-03,-3.6871215505317240e-01,-3.8300481222878768e-03,5.8122284492817444e-01,-5.9811573615530626e-03,7.1257470807612844e-01,-3.9659273669068289e-03,-3.6880317940514784e-01,-5.1297955375475199e-03,6.3245882479122484e-01,-7.9736317371904859e-03,-2.7489973944327464e-02,2.4639927583414928e-03,8.3230557479312983e-01,7.5109015690821759e-03,4.9456816338042819e-01,-2.9743316590101110e-03,-7.0129741551482838e-01,4.5374981565189090e-03,-4.2043843898891725e-01,-3.4755302258159008e-03,6.0090598821737484e-01,-4.2154367237099543e-03,3.3708024551494254e-04,3.3507558095867922e-04,3.7336029581035537e-04,7.2741173039003215e-01,6.4405649039621171e-01,6.8279990959978520e-01,6.9620524298382980e-01,4.9080268136377719e-01,-3.0079786835321343e-01
3.6574623851598997e+04,7.0600022781478722e-01,-5.3191110089771398e-03,-3.2935327901518868e-01,-1.0658034006768569e-03,5.9354669204735921e-01,-3.8319854477753164e-03,-4.4248306108498600e-02,-2.3978585124906984e-03,8.6915548144501675e-01,8.9784524544841426e-03,5.5663276099628423e-01,-5.6779247705591113e-03,-7.0679565741735029e-01,3.4090644759449396e-03,-3.6877917515800185e-01,-3.9163886990293273e-03,5.8118774616122104e-01,-6.0145253477749726e-03,7.1257301171793430e-01,-3.9592445423006165e-03,-3.6879016575715518e-01,-5.0497348874333457e-03,6.3247648985523364e-01,-7.8995588738530638e-03,-2.7548200765198989e-02,2.4296879912283037e-03,8.3228517189540785e-01,7.5706752153896651e-03,4.9460958838334240e-01,-3.1299824719041064e-03,-7.0129689950001561e-01,4.5447753537577176e-03,-4.2048387433014373e-01,-3.4417028705936489e-03,6.0085013868531190e-01,-4.1549694065217482e-03,3.3706591484407848e-04,3.3506327529672061e-04,3.7299252255421902e-04,9.4342222746058768e-01,2.2918357284246352e-01,9.2792966811022859e-01,2.9883558975196650e-01,2.6807832160641454e-01,-4.9647403246627952e-01
3.8078503171412194e+04,7.0598317776436459e-01,-5.3190127409832033e-03,-3.2935145524642023e-01,-1.1987093499020440e-03,5.9355853284650273e-01,-3.8755381824865688e-03,-4.4311965045956941e-02,-2.3626222914217860e-03,8.6912772379221581e-01,8.8935117823398802e-03,5.5665753447216182e-01,-5.5977495371315657e-03,-7.0680883069312095e-01,3.4066759587806639e-03,-3.6884699242404556e-01,-3.9979227900754921e-03,5.8115207922865231e-01,-6.0467853121066164e-03,7.1257094858660097e-01,-3.9518755877870080e-03,-3.6877859502200699e-01,-4.9716395179332708e-03,6.3249332516227774e-01,-7.8287589239705822e-03,-2.7605577984681922e-02,2.3952508020344114e-03,8.3226406478086279e-01,7.6280103114489805e-03,4.9465320212824071e-01,-3.2794847269269792e-03,-7.0129679701461600e-01,4.5527832190000147e-03,-4.2052946102864974e-01,-3.4104140979319656e-03,6.0079332314504796e-01,-4.0964982296924825e-03,3.3705175533058345e-04,3.3505135691513823e-04,3.7262395529157895e-04,9.3548475094609396e-01,-2.5694590759230235e-01,9.5669118014360444e-01,-1.8585998948695265e-01,-2.8609546861209933e-02,-5.5186156554890109e-01
3.9644219162949994e+04,7.0596581271388492e-01,-5.3197335839387516e-03,-3.2935181464499691e-01,-1.3277081000254154e-03,5.9356993560022986e-01,-3.9171138808041716e-03,-4.4374855755677331e-02,-2.3276163913003422e-03,8.6909882022050788e-01,8.8120123763819613e-03,5.5668330969692281e-01,-5.5208111080654858e-03,-7.0682235560150308e-01,3.4034856192400043e-03,-3.6891544332799542e-01,-4.0748232547207497e-03,5.8111587438146928e-01,-6.0779652708541276e-03,7.1256848305806864e-01,-3.9438614784186431e-03,-3.6876842801455578e-01,-4.8954837339461581e-03,6.3250942639599805e-01,-7.7611312776243472e-03,-2.7662074631788949e-02,2.3607235551360321e-03,8.3224231808817251e-01,7.6829803082853459e-03,4.9469882134144710e-01,-3.4230140617006878e-03,-7.0129714614483363e-01,4.5614776852144637e-03,-4.2057510335587711e-01,-3.3815609974449075e-03,6.0073559315351377e-01,-4.0399710073052318e-03,3.3703782637180388e-04,3.3503989043126358e-04,3.7225470679211309e-04,6.7867608075304020e-01,-6.9215545909109721e-01,7.3503059243290603e-01,-6.3951938158907817e-01,-3.1446676801981688e-01,-4.3994574532083441e-01
4.1274314433135420e+04,7.0594802712043814e-01,-5.3211781458700480e-03,-3.2935435085712605e-01,-1.4527810939232721e-03,5.9358099135665465e-01,-3.9567878462540380e-03,-4.4436819779932767e-02,-2.2929957088817197e-03,8.6906893585679323e-01,8.7338247164692739e-03,5.5670994502854843e-01,-5.4469916923259318e-03,-7.0683634740632806e-01,3.3995987567273234e-03,-3.6898415276475688e-01,-4.1474138462619659e-03,5.8107917621087213e-01,-6.1081005148114756e-03,7.1256549362672295e-01,-3.9353126865703724e-03,-3.6875971898956417e-01,-4.8213363684366066e-03,6.3252493710157076e-01,-7.6965565222659087e-03,-2.7717490763303741e-02,2.3262941176064515e-03,8.3222003789798593e-01,7.7356785189509744e-03,4.9474617644636282e-01,-3.5607825813706940e-03,-7.0129808018586237e-01,4.5707391796006667e-03,-4.2062055397510323e-01,-3.3549207365704834e-03,6.0067702720441751e-01,-3.9853230415869741e-03,3.3702408563873146e-04,3.3502884631919286e-04,3.7188477296517852e-04,2.1772835610523567e-01,-9.4379102040154916e-01,2.9628021313514752e-01,-9.2786332886633971e-01,-4.9511523086556780e-01,-1.8561374170607967e-01
4.2971436136076627e+04,7.0592986626360654e-01,-5.3233691775745051e-03,-3.2935888143925063e-01,-1.5741321161184818e-03,5.9359172089659229e-01,-3.9946079910767457e-03,-4.4498008151660176e-02,-2.2586287518927411e-03,8.6903810159719008e-01,8.6588779822410200e-03,5.5673740909849001e-01,-5.3762186437521075e-03,-7.0685075200359537e-01,3.3949839901374901e-03,-3.6905321994129880e-01,-4.2156826928283764e-03,5.8104199522112243e-01,-6.1372113270171790e-03,7.1256204834304970e-01,-3.9261837339628278e-03,-3.6875232445469591e-01,-4.7490533442924154e-03,6.3253988786603677e-01,-7.6349572252608858e-03,-2.7771995455876330e-02,2.2918250103466900e-03,8.3219723470165352e-01,7.7861541196403324e-03,4.9479520339813160e-01,-3.6929244752675430e-03,-7.0129952236306559e-01,4.5806174119859509e-03,-4.2066590403559101e-01,-3.3305377157039386e-03,6.0061764108329396e-01,-3.9325158840101395e-03,3.3701051288379164e-04,3.3501820112092679e-04,3.7151420250310449e-04,-3.2698126675238531e-01,-9.1084351832640031e-01,-2.4943311898844614e-01,-9.4125491549175533e-01,-4.9966470488986398e-01,1.3106971267036163e-01
4.4738340271849280e+04,7.0591129247999418e-01,-5.3262715252498927e-03,-3.2936534710771703e-01,-1.6918301137913705e-03,5.9360217520623793e-01,-4.0306272681647623e-03,-4.4558388591009239e-02,-2.2245348065879668e-03,8.6900640866544188e-01,8.5870870962700407e-03,5.5676562228576165e-01,-5.3084109973204670e-03,-7.0686560923364028e-01,3.3896776668476403e-03,-3.6912249055192914e-01,-4.2797707663606299e-03,5.8100435718476851e-01,-6.1653207535351398e-03,7.1255810848728118e-01,-3.9165076467840062e-03,-3.6874622682466651e-01,-4.6786108613751272e-03,6.3255435799557802e-01,-7.5762494471881114e-03,-2.7825541919314252e-02,2.2573480841285914e-03,8.3217396363579399e-01,7.8344677159282033e-03,4.9484574926636549e-01,-3.8195861979732760e-03,-7.0130151443326316e-01,4.5910769282756139e-03,-4.2071105907070477e-01,-3.3083278718246730e-03,6.0055747880378874e-01,-3.8815070541962067e-03,3.3699707940187604e-04,3.3500793234901306e-04,3.7114302571298328e-04,-7.8055492304335439e-01,-5.7063769341629733e-01,-7.3169344874305975e-01,-6.4208718992333258e-01,-3.1485485401828994e-01,3.9381419216861607e-01
4.6577896162036755e+04,7.0589231915170081e-01,-5.3298357081083825e-03,-3.2937353913045198e-01,-1.8060346040326136e-03,5.9361241015415744e-01,-4.0649402813348525e-03,-4.4618075101946771e-02,-2.1907086804570704e-03,8.6897394999213984e-01,8.5183001802411895e-03,5.5679449789350288e-01,-5.2434246790977936e-03,-7.0688089885415717e-01,3.3837285310005794e-03,-3.6919193931919719e-01,-4.3398961413241843e-03,5.8096628964387564e-01,-6.1924697872877419e-03,7.1255370719270250e-01,-3.9063249461565525e-03,-3.6874128473660550e-01,-4.6099337036262832e-03,6.3256843596958146e-01,-7.5202824529947013e-03,-2.7878248542340008e-02,2.2228781347031785e-03,8.3215027882620307e-01,7.8807259478064582e-03,4.9489764583698448e-01,-3.9410313123323503e-03,-7.0130401820920507e-01,4.6020739461157638e-03,-4.2075603576296877e-01,-3.2881735006914086e-03,6.0049658856947841e-01,-3.8322204316510577e-03,3.3698371183649855e-04,3.3499796509144395e-04,3.7077125279533143e-04,-9.6593614922874849e-01,-1.1563706144024338e-02,-9.6790299065433028e-01,-1.0147929001819962e-01,-4.4323220657726961e-03,4.9166481033815018e-01
4.8493091109296103e+04,7.0587285608691364e-01,-5.3340281918221877e-03,-3.2938353808994292e-01,-1.9167345712608197e-03,5.9362247547354507e-01,-4.0975719687530989e-03,-4.4676894518884597e-02,-2.1572075527091245e-03,8.6894081986020522e-01,8.4524749802049604e-03,5.5682395895185777e-01,-5.1812209431007410e-03,-7.0689672189805353e-01,3.3771740348287338e-03,-3.6926127864796610e-01,-4.3961690807566012e-03,5.8092781681578010e-01,-6.2186697123853317e-03,7.1254873362124527e-01,-3.8956744605180421e-03,-3.6873759944139078e-01,-4.5430501107042200e-03,6.3258219926631842e-01,-7.4670169354229899e-03,-2.7929907923220750e-02,2.1884824694082400e-03,8.3212624068509544e-01,7.9249590451829777e-03,4.9495074661291727e-01,-4.0573292678772249e-03,-7.0130715555119616e-01,4.6135668503340613e-03,-4.2080062886009573e-01,-3.2699954981771744e-03,6.0043501216843931e-01,-3.7846355420875391e-03,3.3697054683855677e-04,3.3498844937803900e-04,3.7039905872086805e-04,-7.7822200825342136e-01,5.7073362913795245e-01,-8.3616982644055771e-01,4.9743863753924966e-01,3.0233320595846019e-01,3.7155611582387144e-01
5.0487035248516630e+04,7.0585293271557104e-01,-5.3388192997558537e-03,-3.2939514834894290e-01,-2.0240998569192314e-03,5.9363240927976935e-01,-4.1286034635079063e-03,-4.4734978497135078e-02,-2.1239902658852054e-03,8.6890708033106245e-01,8.3894838511034964e-03,5.5685394593377446e-01,-5.1216772930886886e-03,-7.0691304102705199e-01,3.3700408616414157e-03,-3.6933054338717541e-01,-4.4487410063645816e-03,5.8088895809382091e-01,-6.2439547166118796e-03,7.1254323814658571e-01,-3.8845729619955390e-03,-3.6873502917429901e-01,-4.4778662775944150e-03,6.3259570808393972e-01,-7.4163237109890045e-03,-2.7980662611773406e-02,2.1541328698707770e-03,8.3210188314625366e-01,7.9672560317409560e-03,4.9500493492269815e-01,-4.1687046938232771e-03,-7.0131086941066334e-01,4.6255376947040450e-03,-4.2084489230676042e-01,-3.2537226573229787e-03,6.0037278305710695e-01,-3.7386888424187459e-03,3.3695749530288077e-04,3.3497929363028025e-04,3.7002644408320605e-04,-2.5415782401499626e-01,9.2999712690486702e-01,-3.4869814975915520e-01,9.0803947519690587e-01,4.5965761884435197e-01,7.7965701326509207e-02
5.2562966597448467e+04,7.0583249671256376e-01,-5.3441691243673317e-03,-3.2940835636870930e-01,-2.1281811746515222e-03,5.9364225965665440e-01,-4.1580853179662858e-03,-4.4792251831282222e-02,-2.0910900991262214e-03,8.6887281976617381e-01,8.3292452296671038e-03,5.5688438331956502e-01,-5.0647172925085797e-03,-7.0692991337167621e-01,3.3623710791221006e-03,-3.6939954317957158e-01,-4.4977598378849182e-03,5.8084973785559735e-01,-6.2683461015232093e-03,7.1253716115436505e-01,-3.8730601416345099e-03,-3.6873359475816581e-01,-4.4143726581606880e-03,6.3260903833789384e-01,-7.3681228332208946e-03,-2.8030417325893720e-02,2.1198764465292525e-03,8.3207726173236096e-01,8.0076741325194375e-03,4.9506006611678416e-01,-4.2752966711032160e-03,-7.0131522478863839e-01,4.6379438559456324e-03,-4.2088870148136998e-01,-3.2392625617593410e-03,6.0030994384584346e-01,-3.6943411523520735e-03,3.3694456378179359e-04,3.3497051253387160e-04,3.6965348103777467e-04,4.0327295835001625e-01,8.7458892521566201e-01,3.1353297468310326e-01,9.2050711783555828e-01,3.7904599100010195e-01,-2.4862492976805775e-01
5.4724256315004342e+04,7.0581157194951971e-01,-5.3500476109900608e-03,-3.2942299921843626e-01,-2.2291313574959726e-03,5.9365205871399462e-01,-4.1860932364053667e-03,-4.4848823960010373e-02,-2.0584737534247340e-03,8.6883809038578907e-01,8.2716401222436287e-03,5.5691522127421744e-01,-5.0102271366529441e-03,-7.0694730847631360e-01,3.3541923043313160e-03,-3.6946830581406298e-01,-4.5433712890958766e-03,5.8081017213017716e-01,-6.2918753400464343e-03,7.1253054395735105e-01,-3.8611546578205644e-03,-3.6873317842934272e-01,-4.3524864626357422e-03,6.3262224094910424e-01,-7.3222938758541441e-03,-2.8079290308318745e-02,2.0856926850634080e-03,8.3205240494336763e-01,8.0462959974114383e-03,4.9511604216881427e-01,-4.3773141467351138e-03,-7.0132017483583864e-01,4.6507654015846599e-03,-4.2093210073009762e-01,-3.2265446205603926e-03,6.0024652232422782e-01,-3.6515340076769655e-03,3.3693174657045460e-04,3.3496209882957967e-04,3.6928025358889277e-04,8.8182749306093378e-01,3.8454597935620766e-01,8.4416760880067776e-01,4.8222255175700857e-01,9.2544230903925523e-02,-4.3046166244996675e-01
5.6974414175771897e+04,7.0579015322196326e-01,-5.3564272174382033e-03,-3.2943900194179099e-01,-2.3270534078348726e-03,5.9366183450209453e-01,-4.2126839443376828e-03,-4.4904718817736500e-02,-2.0261293950455412e-03,8.6880294232610633e-01,8.2165783428179151e-03,5.5694641542571055e-01,-4.9581216790131654e-03,-7.0696523022771884e-01,3.3455312022571682e-03,-3.6953678497487785e-01,-4.5856971445372152e-03,5.8077027573860884e-01,-6.3145658568783429e-03,7.1252338652557889e-01,-3.8488771015751373e-03,-3.6873373552076644e-01,-4.2921568946391493e-03,6.3263536047884739e-01,-7.2787460195205189e-03,-2.8127303380917644e-02,2.0515806060687133e-03,8.3202734145411750e-01,8.0831837401744468e-03,4.9517277577386704e-01,-4.4749146082347464e-03,-7.0132571878611472e-01,4.6639803898772484e-03,-4.2097507105812382e-01,-3.2155050849168414e-03,6.0018254408456717e-01,-3.6102235656248855e-03,3.3691899709430872e-04,3.3495400893255006e-04,3.6890679512953086e-04,9.0390599459196808e-01,-3.2607100058266048e-01,9.4540621372904121e-01,-2.2560560267053242e-01,-2.4047301107951372e-01,-3.5309006020062006e-01
5.9317094269627996e+04,7.0576806174748352e-01,-5.3632247852571369e-03,-3.2945654884133518e-01,-2.4218556065694341e-03,5.9367167779435515e-01,-4.2378989915401819e-03,-4.4959577339213401e-02,-1.9942210683598204e-03,8.6876754996263417e-01,8.1639913984623003e-03,5.5697782192957568e-01,-4.9083390711384175e-03,-7.0698387974111832e-01,3.3364818460713264e-03,-3.6960441012205952e-01,-4.6249795319225906e-03,5.8073009469509185e-01,-6.3364342142290956e-03,7.1251546562178880e-01,-3.8363288468488475e-03,-3.6873548554616364e-01,-4.2334901965178379e-03,6.3264854121831093e-01,-7.2374175371044680e-03,-2.8174029121311010e-02,2.0177294547084942e-03,8.3200219086324489e-01,8.1183876345940417e-03,4.9522999810216289e-01,-4.5682038817828827e-03,-7.0133210248410327e-01,4.6774794270112918e-03,-4.2101720509614532e-01,-3.2059573743571045e-03,6.0011809158898111e-01,-3.5703817150500262e-03,3.3690641552116803e-04,3.3494636481859913e-04,3.6853326147587659e-04,4.0536108507384871e-01,-8.6995749970181457e-01,5.0981280315483612e-01,-8.2723663721038621e-01,-4.1049608589647391e-01,-5.4012211328743093e-02
6.1756100935710325e+04,7.0574562693850507e-01,-5.3704860736456528e-03,-3.2947500803849483e-01,-2.5140482814994258e-03,5.9368151410898673e-01,-4.2618643918190631e-03,-4.5014189559396435e-02,-1.9624259421601436e-03,8.6873175246268775e-01,8.1136856317337025e-03,5.5700956016238101e-01,-4.8606906384583894e-03,-7.0700287890967650e-01,3.3269765059323886e-03,-3.6967212769820845e-01,-4.6612241877333482e-03,5.8068959149698851e-01,-6.3575324187781015e-03,7.1250721638860448e-01,-3.8234091357747285e-03,-3.6873783831246837e-01,-4.1761281236301160e-03,6.3266166593068507e-01,-7.1981004096099317e-03,-2.8220382677864246e-02,1.9838119895809756e-03,8.3197682708080722e-01,8.1520365497489474e-03,4.9528792003851974e-01,-4.6575427281443406e-03,-7.0133884378933542e-01,4.6913720726333898e-03,-4.2105923181241084e-01,-3.1980008733730548e-03,6.0005309625687153e-01,-3.5319069749446840e-03,3.3689388854430476e-04,3.3493901693153492e-04,3.6815969710779907e-04,-3.5990596386625295e-01,-8.8842315207343658e-01,-2.5366846197563120e-01,-9.3778480830034250e-01,-2.9464966901606460e-01,2.7173304184748226e-01
6.4295394940382670e+04,7.0572254698452608e-01,-5.3781125392715068e-03,-3.2949482365477223e-01,-2.6033568606702862e-03,5.9369145441570581e-01,-4.2845755950991953e-03,-4.5067884127964197e-02,-1.9310197736823222e-03,8.6869577607540416e-01,8.0656652134036277e-03,5.5704145045719655e-01,-4.8151849784942328e-03,-7.0702257120921086e-01,3.3171323107231143e-03,-3.6973901271754855e-01,-4.6946635487046806e-03,5.8064882569110343e-01,-6.3778566495340640e-03,7.1249824967134567e-01,-3.8102536859039924e-03,-3.6874125015641374e-01,-4.1203043255197335e-03,6.3267491035604639e-01,-7.1608091501915092e-03,-2.8265577771279943e-02,1.9501300205301420e-03,8.3195141062131350e-01,8.1841320626558963e-03,4.9534620987264288e-01,-4.7429027142518853e-03,-7.0134637264819899e-01,4.7055116211245510e-03,-4.2110046659406469e-01,-3.1914179590422885e-03,5.9998766427047556e-01,-3.4948108519323052e-03,3.3688128449968561e-04,3.3493187183824966e-04,3.6778599531230786e-04,-9.0525468317062197e-01,-3.1132024519722173e-01,-8.7177693360884145e-01,-4.2820464409764752e-01,3.2904581527056442e-02,3.8617577700128275e-01
6.6939099909226425e+04,7.0569892144072999e-01,-5.3860851481895566e-03,-3.2951573779587495e-01,-2.6900337750538073e-03,5.9370149698571839e-01,-4.3061300204999048e-03,-4.5120931879035896e-02,-1.8999008127615069e-03,8.6865960707865231e-01,8.0197772667660594e-03,5.5707349748215174e-01,-4.7716768727854358e-03,-7.0704284046640076e-01,3.3069612395704162e-03,-3.6980533086577283e-01,-4.7254342592672471e-03,5.8060779524814643e-01,-6.3974464495340985e-03,7.1248870287427879e-01,-3.7968588103835265e-03,-3.6874550019178831e-01,-4.0658650986888298e-03,6.3268827321095389e-01,-7.1253859552003604e-03,-2.8309922781612807e-02,1.9165933670463862e-03,8.3192592396498166e-01,8.2147777518043006e-03,4.9540486909882420e-01,-4.8245562679043452e-03,-7.0135453605005793e-01,4.7199026767746630e-03,-4.2114112804272563e-01,-3.1861656032649913e-03,5.9992179209132823e-01,-3.4590178370343290e-03,3.3686881600920128e-04,3.3492513108773130e-04,3.6741249172004642e-04,-8.1068694136625541e-01,5.0662008693437266e-01,-8.8327990103475651e-01,4.0342230267912715e-01,3.2134742923576093e-01,1.9196170263286699e-01
6.9691509023503459e+04,7.0567472870837089e-01,-5.3943685768382821e-03,-3.2953773666741065e-01,-2.7741496792527409e-03,5.9371166397626296e-01,-4.3265805372594652e-03,-4.5173301303581645e-02,-1.8690809522556237e-03,8.6862328925556143e-01,7.9759390795548502e-03,5.5710566437461317e-01,-4.7300885807992432e-03,-7.0706371037401317e-01,3.2964993383680641e-03,-3.6987099453807931e-01,-4.7536684505999072e-03,5.8056651346130383e-01,-6.4163221954779744e-03,7.1247855099573598e-01,-3.7832563587187141e-03,-3.6875059299137536e-01,-4.0127837801215418e-03,6.3270179017985217e-01,-7.0917473155875169e-03,-2.8353377840718143e-02,1.8832266665034705e-03,8.3190039394884563e-01,8.2440308028402208e-03,4.9546382582829740e-01,-4.9026458096168499e-03,-7.0136336113755826e-01,4.7345111696954732e-03,-4.2118116060285621e-01,-3.1821661521621155e-03,5.9985550288797307e-01,-3.4244902470187940e-03,3.3685636876286667e-04,3.3491868558072931e-04,3.6703915770330641e-04,-8.1913587182996642e-02,9.5106510815699419e-01,-2.1277121637432406e-01,9.4723379041325384e-01,3.2562686343722264e-01,-1.5600114150401337e-01
7.2557091991964800e+04,7.0564998486164776e-01,-5.4029269798431812e-03,-3.2956073307048206e-01,-2.8558286872698846e-03,5.9372196942425748e-01,-4.3459976272966442e-03,-4.5225051818814518e-02,-1.8385426213777967e-03,8.6858684828740185e-01,7.9340418828340309e-03,5.5713792728596001e-01,-4.6903174034095083e-03,-7.0708516130391874e-01,3.2857811298321882e-03,-3.6993602377391865e-01,-4.7795121568682541e-03,5.8052498939150543e-01,-6.4345102188841747e-03,7.1246781881981269e-01,-3.7694731000904981e-03,-3.6875646510520138e-01,-3.9609982029375750e-03,6.3271548452720339e-01,-7.0597811007689828e-03,-2.8396008220452792e-02,1.8500266623254107e-03,8.3187483395751605e-01,8.2719659365301772e-03,4.9552303148918581e-01,-4.9773608788213804e-03,-7.0137281986464362e-01,4.7493087138074210e-03,-4.2122059236447079e-01,-3.1793435580736301e-03,5.9978881245545468e-01,-3.3911785186716884e-03,3.3684404812168404e-04,3.3491264022496059e-04,3.6666621212764377e-04,7.3369703042673462e-01,6.0840965257074431e-01,6.5329636808472880e-01,7.1786516136161149e-01,3.4485308102917597e-02,-3.4612967310843684e-01
7.5540502309326941e+04,7.0562467637092763e-01,-5.4117259924860717e-03,-3.2958471388854838e-01,-2.9351523318731088e-03,5.9373242835900530e-01,-4.3644365425144546e-03,-4.5276162549061666e-02,-1.8082894658056538e-03,8.6855031615610812e-01,7.8939996066572093e-03,5.5717025983142865e-01,-4.6522827093790700e-03,-7.0710720822774265e-01,3.2748411583732318e-03,-3.7000035756736216e-01,-4.8030955800362762e-03,5.8048323345818487e-01,-6.4520312681971906e-03,7.1245649028543145e-01,-3.7555385071499727e-03,-3.6876311754052271e-01,-3.9104740306476525e-03,6.3272938100191267e-01,-7.0293995006994363e-03,-2.8437787778602935e-02,1.8170096555541753e-03,8.3184926300600559e-01,8.2986422272692748e-03,4.9558243350218056e-01,-5.0488502130569563e-03,-7.0138292958636173e-01,4.7642639377572975e-03,-4.2125938556574233e-01,-3.1776238952692330e-03,5.9972173891247105e-01,-3.3590438055745271e-03,3.3683174678250644e-04,3.3490689192925278e-04,3.6629364024719322e-04,9.0576905452760970e-01,-2.9183959202587223e-01,9.5704665108466613e-01,-1.6063418652244421e-01,-2.7539221455143881e-01,-1.9016103918333382e-01
7.8646584813203095e+04,7.0559884373284787e-01,-5.4207293028356029e-03,-3.2960956533825309e-01,-3.0122616575010419e-03,5.9374304296798652e-01,-4.3819735190031989e-03,-4.5326737470821818e-02,-1.7782945883762381e-03,8.6851369870161854e-01,7.8556948022481254e-03,5.5720265447571127e-01,-4.6158737413565954e-03,-7.0712980429890859e-01,3.2637137571537855e-03,-3.7006408562249843e-01,-4.8245700768879685e-03,5.8044125107317002e-01,-6.4689135589192232e-03,7.1244461963195804e-01,-3.7414781767275722e-03,-3.6877045717986179e-01,-3.8611378329778765e-03,6.3274348439667039e-01,-7.0004808433012508e-03,-2.8478835510322383e-02,1.7841639060587344e-03,8.3182368082980984e-01,8.3241401511046486e-03,4.9564201344458342e-01,-5.1173188592823935e-03,-7.0139362992056065e-01,4.7793498187964018e-03,-4.2129761914462127e-01,-3.1769314909060866e-03,5.9965429124176550e-01,-3.3280327152745391e-03,3.3681934046717087e-04,3.3490131382037206e-04,3.6592143816610410e-04,2.0161767025666330e-01,-9.2839814249246211e-01,3.4604902436663737e-01,-9.0643268027354273e-01,-2.8155426776533010e-01,1.5532984755267432e-01
8.1880383551760475e+04,7.0557249052023663e-01,-5.4299038282069056e-03,-3.2963526302062263e-01,-3.0872484995188854e-03,5.9375381751003520e-01,-4.3986658878428491e-03,-4.5376788358340865e-02,-1.7485522346296582e-03,8.6847700719733545e-01,7.8190392078283932e-03,5.5723510241800378e-01,-4.5810078184365544e-03,-7.0715294533638562e-01,3.2524315407385651e-03,-3.7012720506653940e-01,-4.8440618374478717e-03,5.8039904669235920e-01,-6.4851777024248656e-03,7.1243221172267268e-01,-3.7273188312117009e-03,-3.6877846777822143e-01,-3.8129472279367052e-03,6.3275780237849466e-01,-6.9729337186956895e-03,-2.8519164376454229e-02,1.7514963255392255e-03,8.3179809236799473e-01,8.3485200841083868e-03,4.9570175145713125e-01,-5.1829199197644801e-03,-7.0140491519726555e-01,4.7945380525835799e-03,-4.2133529588521795e-01,-3.1771976781426146e-03,5.9958647694667577e-01,-3.2981061813785431e-03,3.3680692764728000e-04,3.3489600591058756e-04,3.6554980595421060e-04,-7.2752222604248673e-01,-6.0838594072702612e-01,-6.3809057581186457e-01,-7.3065193860213296e-01,2.6571798548767445e-02,3.0739291002404179e-01
8.5247149974882064e+04,7.0554558080468444e-01,-5.4392214291470453e-03,-3.2966186924205559e-01,-3.1601608047439889e-03,5.9376476144835977e-01,-4.4145524834313431e-03,-4.5426228528860295e-02,-1.7190718343195171e-03,8.6844026574449074e-01,7.7839741713708333e-03,5.5726758699158607e-01,-4.5476301935114616e-03,-7.0717667283274366e-01,3.2410233119100074e-03,-3.7018960565278214e-01,-4.8616661647593873e-03,5.8035662696525758e-01,-6.5008364269918554e-03,7.1241921861372426e-01,-3.7130856386864077e-03,-3.6878721059889136e-01,-3.7658861836717640e-03,6.3277235054165348e-01,-6.9466966156783039e-03,-2.8558674180285501e-02,1.7190257598394961e-03,8.3177251280920717e-01,8.3718221245559984e-03,4.9576161409136826e-01,-5.2457543885459316e-03,-7.0141683821870626e-01,4.8098019945726246e-03,-4.2137233286129605e-01,-3.1783651690441101e-03,5.9951830745584322e-01,-3.2692400693640879e-03,3.3679472615544346e-04,3.3489119215974100e-04,3.6517904970635826e-04,-8.5789776532955042e-01,4.0017416711044823e-01,-9.3364990547481563e-01,2.6260752357136963e-01,2.8366512468651811e-01,8.3246607493958985e-02
8.8752351462132210e+04,7.0551814793684020e-01,-5.4486512464591574e-03,-3.2968931793878409e-01,-3.2311144805260705e-03,5.9377586772457069e-01,-4.4296965803239559e-03,-4.5475125233564291e-02,-1.6898305176782612e-03,8.6840346817069380e-01,7.7504031896620806e-03,5.5730011296655257e-01,-4.5156500362851836e-03,-7.0720094937771993e-01,3.2295182969406810e-03,-3.7025136215600968e-01,-4.8775072938259945e-03,5.8031399481460355e-01,-6.5159121136833019e-03,7.1240568132282089e-01,-3.6988003806807781e-03,-3.6879662797533014e-01,-3.7198946689054367e-03,6.3278711893148842e-01,-6.9216683949906849e-03,-2.8597444609177267e-02,1.6867419815694603e-03,8.3174693481685424e-01,8.3941122030401043e-03,4.9582160655845170e-01,-5.3059907976101611e-03,-7.0142935359497649e-01,4.8251188100500077e-03,-4.2140879124570907e-01,-3.1803717944841291e-03,5.9944978687664840e-01,-3.2413917445863437e-03,3.3678244034399948e-04,3.3488657596080331e-04,3.6480898517849715e-04,4.2600055762312801e-02,9.4385914548586580e-01,-1.1912645428453146e-01,9.6236100736271879e-01,1.6181701571979074e-01,-2.3198511487948126e-01
9.2401680201376599e+04,7.0549022284120644e-01,-5.4581631392375263e-03,-3.2971755837429212e-01,-3.3002154564223118e-03,5.9378712640538467e-01,-4.4441574714195430e-03,-4.5523535193577901e-02,-1.6608072495153739e-03,8.6836660375470220e-01,7.7182371012701756e-03,5.5733268963039684e-01,-4.4849835499392718e-03,-7.0722574063902577e-01,3.2179451441600726e-03,-3.7031254615295789e-01,-4.8917010255074000e-03,5.8027115172800536e-01,-6.5304244704211742e-03,7.1239163674647843e-01,-3.6844846050360048e-03,-3.6880667332794653e-01,-3.6749183391248611e-03,6.3280209294517809e-01,-6.8977542501947710e-03,-2.8635543925341893e-02,1.6546361914471822e-03,8.3172134830354083e-01,8.4154511572743680e-03,4.9588174272122837e-01,-5.3637848249571346e-03,-7.0144242057898354e-01,4.8404659700405960e-03,-4.2144472756787776e-01,-3.1831592742956492e-03,5.9938091667566473e-01,-3.2145232620197266e-03,3.3676994102517938e-04,3.3488202692344925e-04,3.6443959957337964e-04,9.0140595937697210e-01,2.7668405570429616e-01,8.6341422154172132e-01,4.4104760330539677e-01,-1.7160649434492417e-01,-2.0872612863310094e-01
9.6201062432474180e+04,7.0546181526281426e-01,-5.4677322220414437e-03,-3.2974659130810746e-01,-3.3675441794522309e-03,5.9379852867051885e-01,-4.4579816655165600e-03,-4.5571463013125015e-02,-1.6319865442914402e-03,8.6832966418435387e-01,7.6874072232471224e-03,5.5736532609433864e-01,-4.4555661617696595e-03,-7.0725103672739520e-01,3.2063276860858081e-03,-3.7037317762970950e-01,-4.9043375726275373e-03,5.8022809819422938e-01,-6.5443878273342094e-03,7.1237709364075230e-01,-3.6701563031440025e-03,-3.6881734410606537e-01,-3.6309168779742841e-03,6.3281725938626621e-01,-6.8748798919149720e-03,-2.8672980432052447e-02,1.6227024469101594e-03,8.3169574569363802e-01,8.4358857472647507e-03,4.9594203678161231e-01,-5.4192565057631856e-03,-7.0145602957072195e-01,4.8558247754781096e-03,-4.2148015544927042e-01,-3.1866812051553608e-03,5.9931169666376471e-01,-3.1886067587966254e-03,3.3675733521515080e-04,3.3487765284986182e-04,3.6407110488938921e-04,5.2373204911792237e-01,-7.8168508484273391e-01,6.7560983007517128e-01,-6.9516010269802775e-01,-2.3020854684596703e-01,1.1592853430607405e-01
1.0015666807105225e+05,7.0543292996210882e-01,-5.4773378106459658e-03,-3.2977643604337276e-01,-3.4331725004232982e-03,5.9381006387068003e-01,-4.4712092966898223e-03,-4.5618899959993006e-02,-1.6033506764923690e-03,8.6829263715846094e-01,7.6578556064724745e-03,5.5739803557538592e-01,-4.4273432020454353e-03,-7.0727683357622306e-01,3.1946854341354802e-03,-3.7043326932564236e-01,-4.9154895733296566e-03,5.8018483260419662e-01,-6.5578135256290733e-03,7.1236205396311503e-01,-3.6558294175994392e-03,-3.6882865174583918e-01,-3.5878531821192093e-03,6.3283260189480728e-01,-6.8529812256155655e-03,-2.8709747310184039e-02,1.5909308111481813e-03,8.3167011703690286e-01,8.4554553382763589e-03,4.9600251093627529e-01,-5.4725075970433502e-03,-7.0147017851062432e-01,4.8711809117257211e-03,-4.2151508047896735e-01,-3.1909012621419005e-03,5.9924212296414814e-01,-3.1636198504935917e-03,3.3674495351291092e-04,3.3487378521278023e-04,3.6370393161763541e-04,-6.3340741985025673e-01,-6.9295947114154621e-01,-5.0917661516611690e-01,-8.2470328834178930e-01,7.2322400930265540e-02,2.3458077668197430e-01
1.0427492072799284e+05,7.0540362553515989e-01,-5.4869523585664992e-03,-3.2980701530064455e-01,-3.4972072912559105e-03,5.9382170777025634e-01,-4.4838977036883729e-03,-4.5665947677569124e-02,-1.5748730991571452e-03,8.6825549003720148e-01,7.6294965479081767e-03,5.5743084532133780e-01,-4.4002342886960621e-03,-7.0730306634681095e-01,3.1830440613999089e-03,-3.7049296724399422e-01,-4.9252639592015368e-03,5.8014135372620690e-01,-6.5707200112868659e-03,7.1234658695105402e-01,-3.6415225937232159e-03,-3.6884051900939768e-01,-3.5456702968785329e-03,6.3284808330689091e-01,-6.8319661359763934e-03,-2.8745968106313351e-02,1.5593066730507795e-03,8.3164443723073422e-01,8.4742183065122136e-03,4.9606321255855140e-01,-5.5236880408461569e-03,-7.0148479133669317e-01,4.8865150458920256e-03,-4.2154961297787480e-01,-3.1957684209106578e-03,5.9917219132928679e-01,-3.1395266492645966e-03,3.3673225181509879e-04,3.3486987636559946e-04,3.6333765231252304e-04,-7.9594702693206021e-01,4.9372293894419078e-01,-9.0660973656322297e-01,3.4229694112363712e-01,2.2930227762990088e-01,-4.3598580938910031e-02
1.0856250814090163e+05,7.0537386381058720e-01,-5.4965692403128874e-03,-3.2983843779489941e-01,-3.5596758911371484e-03,5.9383345708745705e-01,-4.4960607604320685e-03,-4.5712488908981538e-02,-1.5465374553097801e-03,8.6821822910936464e-01,7.6023158678250602e-03,5.5746375557254157e-01,-4.3742249900952015e-03,-7.0732978074048447e-01,3.1714092724710596e-03,-3.7055216096715804e-01,-4.9336699103819937e-03,5.8009766484954017e-01,-6.5831068654697610e-03,7.1233063696672316e-01,-3.6272377031346687e-03,-3.6885303939539521e-01,-3.5043524680781870e-03,6.3286369851512203e-01,-6.8118130759166765e-03,-2.8781511719690827e-02,1.5278146630859830e-03,8.3161871066095350e-01,8.4921840838596517e-03,4.9612414117468162e-01,-5.5728244127912392e-03,-7.0149992977890363e-01,4.9018259573870709e-03,-4.2158366141839443e-01,-3.2012789875140069e-03,5.9910190629636773e-01,-3.1163269668220265e-03,3.3671964791986568e-04,3.3486634969718328e-04,3.6297277073956753e-04,3.8679474377124606e-01,8.5052730718766123e-01,2.1675610331300965e-01,9.4437642752829176e-01,-2.9892804811438040e-02,-2.1954434776861878e-01
1.1302639303449888e+05,7.0534369978914413e-01,-5.5061700240650602e-03,-3.2987065880423727e-01,-3.6206657062333447e-03,5.9384527990936420e-01,-4.5077415963510510e-03,-4.5758615290362875e-02,-1.5183148433914502e-03,8.6818080367908568e-01,7.5762500900613539e-03,5.5749681044229116e-01,-4.3492559131521735e-03,-7.0735691612216989e-01,3.1597975103246356e-03,-3.7061100967787891e-01,-4.9407796101116896e-03,5.8005375635594458e-01,-6.5949868917227596e-03,7.1231426839104062e-01,-3.6129851575735627e-03,-3.6886615585275767e-01,-3.4638508482087390e-03,6.3287939740862664e-01,-6.7924521693638849e-03,-2.8816490435794696e-02,1.4964343356217125e-03,8.3159290035243072e-01,8.5093955848183703e-03,4.9618537606630425e-01,-5.6200286089844939e-03,-7.0151552322226951e-01,4.9171031062617779e-03,-4.2161733918934219e-01,-3.2074020728526044e-03,5.9903124895775606e-01,-3.0939951635547036e-03,3.3670722762455397e-04,3.3486328663399336e-04,3.6260947020358550e-04,8.7296422540306540e-01,-3.2628756561520789e-01,9.5801975218429924e-01,-1.4408272433731362e-01,-2.0780821729675777e-01,3.0076938122150960e-02
1.1767382442756946e+05,7.0531322037939836e-01,-5.5157255909169534e-03,-3.2990354620387119e-01,-3.6802930543220758e-03,5.9385714647877941e-01,-4.5190019790525508e-03,-4.5804482265678764e-02,-1.4901694626063729e-03,8.6814317602452973e-01,7.5512099800703059e-03,5.5753003910689425e-01,-4.3252430605863444e-03,-7.0738437595310466e-01,3.1482353835420862e-03,-3.7066971950210986e-01,-4.9466998343452584e-03,5.8000963072987821e-01,-6.6063775033591591e-03,7.1229758501024965e-01,-3.5987835647038747e-03,-3.6887974337847734e-01,-3.4241010238627778e-03,6.3289513457955393e-01,-6.7737843940517970e-03,-2.8851092210126768e-02,1.4651431481536559e-03,8.3156697748620401e-01,8.5259136507604694e-03,4.9624696824964021e-01,-5.6654570876384100e-03,-7.0153145765886049e-01,4.9323274995541674e-03,-4.2165080557531626e-01,-3.2140892517553000e-03,5.9896022072808675e-01,-3.0724966826765638e-03,3.3669415122329453e-04,3.3485984003942942e-04,3.6224705380192787e-04,-3.1886037976930726e-01,-8.7303326558368377e-01,-1.2972920674520283e-01,-9.5993527789340583e-01,4.2475044648377536e-02,1.9404364979233116e-01
1.2251234940483219e+05,7.0528235487821211e-01,-5.5252500397612869e-03,-3.2993729554015172e-01,-3.7385368529155305e-03,5.9386905270938362e-01,-4.5298226177142896e-03,-4.5849893325398329e-02,-1.4620833912772739e-03,8.6810534939942929e-01,7.5272335873811103e-03,5.5756344750236730e-01,-4.3022203369623667e-03,-7.0741224343891052e-01,3.1367078882730826e-03,-3.7072810991753863e-01,-4.9513603621002544e-03,5.7996528658564461e-01,-6.6172657638682410e-03,7.1228048832007496e-01,-3.5846165244934969e-03,-3.6889396681503017e-01,-3.3851085743858800e-03,6.3291090246070092e-01,-6.7558411971937286e-03,-2.8885094809066179e-02,1.4339153198714041e-03,8.3154094576241189e-01,8.5417119083029281e-03,4.9630892937405185e-01,-5.7090470442416963e-03,-7.0154784234422440e-01,4.9475173979460860e-03,-4.2168390735982775e-01,-3.2213803310331113e-03,5.9888881796087923e-01,-3.0518550657343724e-03,3.3668138236894756e-04,3.3485698204781028e-04,3.6188652908549635e-04,-8.5113293212197649e-01,3.6681907109003126e-01,-9.5228855455063521e-01,1.7664549982728073e-01,1.7599478421627651e-01,-6.4896428276276924e-02
1.2754982537284824e+05,7.0525116612118877e-01,-5.5347290669690574e-03,-3.2997183844975908e-01,-3.7954758070826988e-03,5.9388096838518434e-01,-4.5402405760598214e-03,-4.5894945408389530e-02,-1.4340231073403757e-03,8.6806728418248225e-01,7.5042693159899643e-03,5.5759706876055715e-01,-4.2801388792593877e-03,-7.0744044977532572e-01,3.1252270688825745e-03,-3.7078633482729412e-01,-4.9548131053047673e-03,5.7992072306580944e-01,-6.6276605996846748e-03,7.1226305042831517e-01,-3.5704902488846993e-03,-3.6890875365976544e-01,-3.3468268156394429e-03,6.3292665408079740e-01,-6.7385628337024465e-03,-2.8918618845874638e-02,1.4027242717616565e-03,8.3151477602409507e-01,8.5568252904555629e-03,4.9637131882684898e-01,-5.7508902215984209e-03,-7.0156459841464835e-01,4.9626669637008666e-03,-4.2171675809911718e-01,-3.2292562802271967e-03,5.9881703625011828e-01,-3.0320519907203582e-03,3.3666836953792840e-04,3.3485415608857071e-04,3.6152745166261518e-04,4.6753750364828056e-01,7.9706122010788716e-01,2.8534111263552814e-01,9.2541781944959645e-01,-9.3869727170282677e-02,-1.4983442782175685e-01
1.3279443281986716e+05,7.0521967728472190e-01,-5.5441601608851032e-03,-3.3000718362537740e-01,-3.8511547208661401e-03,5.9389287152098602e-01,-4.5502719807025867e-03,-4.5939649868281210e-02,-1.4059551485572433e-03,8.6802895349569065e-01,7.4823002588770282e-03,5.5763092766603350e-01,-4.2589816453489672e-03,-7.0746897119945751e-01,3.1137932854440331e-03,-3.7084444988281312e-01,-4.9570586125491645e-03,5.7987593892202982e-01,-6.6375617825400407e-03,7.1224529313238660e-01,-3.5564005016239623e-03,-3.6892410079973431e-01,-3.3092249486876644e-03,6.3294235477036065e-01,-6.7219234840496279e-03,-2.8951684745718350e-02,1.3715378462754726e-03,8.3148844900278884e-01,8.5712650043669632e-03,4.9643418159302988e-01,-5.7910189756260836e-03,-7.0158170246196150e-01,4.9777815903236126e-03,-4.2174939286218410e-01,-3.2377248549713116e-03,5.9874487099137774e-01,-3.0130863554637790e-03,3.3665529042657411e-04,3.3485153782254089e-04,3.6117008892036490e-04,6.9033523914585682e-01,-6.0994470416910529e-01,8.5701798951059804e-01,-4.5067361491852043e-01,-1.1134129359687418e-01,1.2358972890131523e-01
1.3825468860033475e+05,7.0518791120874513e-01,-5.5535442705199611e-03,-3.3004333983369621e-01,-3.9056116849886524e-03,5.9390474055278886e-01,-4.5599278971602455e-03,-4.5984012573878026e-02,-1.3778453389398058e-03,8.6799033388837832e-01,7.4613172694599772e-03,5.5766504595055633e-01,-4.2387387961053706e-03,-7.0749778462832291e-01,3.1024034110694876e-03,-3.7090250260803537e-01,-4.9580851976910034e-03,5.7983093540267483e-01,-6.6469673489970632e-03,7.1222723692947532e-01,-3.5423399760800851e-03,-3.6894000651661174e-01,-3.2722748210673941e-03,6.3295797060529035e-01,-6.7059053559811151e-03,-2.8984307364549787e-02,1.3403218262171258e-03,8.3146194789037253e-01,8.5850369049562548e-03,4.9649755715792881e-01,-5.8294524135450122e-03,-7.0159913264986984e-01,4.9928699608754665e-03,-4.2178184119100792e-01,-3.2468007787079868e-03,5.9867232168926410e-01,-2.9949604374229920e-03,3.3664208661674796e-04,3.3484906705680127e-04,3.6081446871584754e-04,-7.6725250859188465e-01,-5.0437333528627393e-01,-6.5380055051713759e-01,-7.1407837468703017e-01,1.4498928604021019e-01,5.8110797242410195e-02
1.4393945976563459e+05,7.0515589090917663e-01,-5.5628836778669477e-03,-3.3008031030049101e-01,-3.9588803067397427e-03,5.9391655556314638e-01,-4.5692170244900753e-03,-4.6028045433568775e-02,-1.3496606964292501e-03,8.6795140253753822e-01,7.4413147686430703e-03,5.5769944433055252e-01,-4.2194035869916255e-03,-7.0752686640287132e-01,3.0910530527868407e-03,-3.7096054391777034e-01,-4.9578768152121755e-03,5.7978571303670901e-01,-6.6558747786629813e-03,7.1220890367483147e-01,-3.5283004986325756e-03,-3.6895646461002440e-01,-3.2359503777921027e-03,6.3297347006186588e-01,-6.6904947256350858e-03,-2.9016507646464126e-02,1.3090426970129971e-03,8.3143525637380034e-01,8.5981445831278813e-03,4.9656148338972034e-01,-5.8662034156666543e-03,-7.0161686556476421e-01,5.0079416199838890e-03,-4.2181413570980025e-01,-3.2565007864583497e-03,5.9859938677179880e-01,-2.9776778110295896e-03,3.3662882218534390e-04,3.3484680553002986e-04,3.6046073082652836e-04,-2.1796719861547653e-01,8.8870819298507997e-01,-4.6157872143333678e-01,8.5093579939021735e-01,-7.0594156454915659e-03,-1.4621355051351506e-01
1.4985797796352327e+05,7.0512364547032602e-01,-5.5721818466787365e-03,-3.3011808351701999e-01,-4.0109957099893068e-03,5.9392829643609635e-01,-4.5781474888356884e-03,-4.6071770038898056e-02,-1.3213662654771412e-03,8.6791213903427455e-01,7.4222876469757781e-03,5.5773414085427486e-01,-4.2009698696469583e-03,-7.0755618618439653e-01,3.0797365102604446e-03,-3.7101863209578478e-01,-4.9564149617613296e-03,5.7974027511196580e-01,-6.6642815732470256e-03,7.1219032232041524e-01,-3.5142725744854116e-03,-3.6897345758194794e-01,-3.2002240653764957e-03,6.3298882160597447e-01,-6.6756785023217536e-03,-2.9048318494390529e-02,1.2776647368105049e-03,8.3140835966801729e-01,8.6105911410635696e-03,4.9662599305353466e-01,-5.9012841893188606e-03,-7.0163487007533509e-01,5.0230075689914411e-03,-4.2184631638811299e-01,-3.2668438493333499e-03,5.9852606925332674e-01,-2.9612419868423204e-03,3.3661530923711840e-04,3.3484456207519465e-04,3.6010876958783133e-04,8.9719746657379007e-01,-1.6234247487868730e-01,9.6434830341375943e-01,8.3482416099797577e-02,-1.1613213382951154e-01,7.2501478392320226e-02
1.5601985442964343e+05,7.0509118017187100e-01,-5.5814511287711199e-03,-3.3015669094406430e-01,-4.0619728477229444e-03,5.9393994918379023e-01,-4.5867135147046123e-03,-4.6115153935828754e-02,-1.2929249917856510e-03,8.6787253487703009e-01,7.4042538349674558e-03,5.5776914469154693e-01,-4.1834523696954104e-03,-7.0758574084766390e-01,3.0684391208146145e-03,-3.7107675949040808e-01,-4.9536450027828360e-03,5.7969462719696874e-01,-6.6721794032493864e-03,7.1217149111760703e-01,-3.5002384658966595e-03,-3.6899100846177668e-01,-3.1650767717058136e-03,6.3300400303895155e-01,-6.6614662632436573e-03,-2.9079710048465691e-02,1.2461459987205960e-03,8.3138125184931344e-01,8.6223640102278537e-03,4.9669110319433246e-01,-5.9346677628180061e-03,-7.0165314897559250e-01,5.0380876401363503e-03,-4.2187837189616129e-01,-3.2778684022887541e-03,5.9845237623557601e-01,-2.9456676510723066e-03,3.3660153168047971e-04,3.3484231982805354e-04,3.5975863673269175e-04,-5.7132955480053971e-01,-7.0616142303293561e-01,-3.8203680968289133e-01,-8.8925849598135365e-01,1.1671249347541840e-01,5.2005515849033269e-02
1.6243509559545922e+05,7.0505849335786008e-01,-5.5907090606613363e-03,-3.3019617066311857e-01,-4.1118203173999002e-03,5.9395150351153836e-01,-4.5949029674297558e-03,-4.6158152503825364e-02,-1.2642940495718007e-03,8.6783258751921455e-01,7.3872429281673924e-03,5.5780445987838645e-01,-4.1668761780433196e-03,-7.0761553496586205e-01,3.0571406755397490e-03,-3.7113489870558414e-01,-4.9494906315009635e-03,5.7964877602819753e-01,-6.6795564833073981e-03,7.1215240012682290e-01,-3.4861748014167072e-03,-3.6900914812419655e-01,-3.1304902009943107e-03,6.3301899783981042e-01,-6.6478780426756411e-03,-2.9110637804636619e-02,1.2144366375633486e-03,8.3135393127705659e-01,8.6334426650794358e-03,4.9675682169697916e-01,-5.9663077044252904e-03,-7.0167171406023732e-01,5.0532077469370076e-03,-4.2191027641857293e-01,-3.2896258557698066e-03,5.9837831695529442e-01,-2.9309759113269086e-03,3.3658784159577550e-04,3.3484043031924946e-04,3.5941074712062969e-04,-2.7099750682736840e-01,8.6322340481397031e-01,-5.3683438471906597e-01,8.0519657564946723e-01,-3.0759475955341658e-02,-1.1495427929738379e-01
1.6911411933796073e+05,7.0502561791270102e-01,-5.5999632579367131e-03,-3.3023648005582973e-01,-4.1605706890313621e-03,5.9396294625674473e-01,-4.6027199324091732e-03,-4.6200806505995284e-02,-1.2354347353010602e-03,8.6779228749497972e-01,7.3712562082715594e-03,5.5784009325576989e-01,-4.1512406707132458e-03,-7.0764553315249556e-01,3.0458310614969730e-03,-3.7119310996725075e-01,-4.9439205960774002e-03,5.7960272854190165e-01,-6.6864091485292773e-03,7.1213308540536413e-01,-3.4720678869428656e-03,-3.6902783731767158e-01,-3.0964358990065808e-03,6.3303378559738677e-01,-6.6349075172516874e-03,-2.9141155274135928e-02,1.1824958599653912e-03,8.3132639058538271e-01,8.6438258805264928e-03,4.9682316076301336e-01,-5.9962055606015922e-03,-7.0169052624712813e-01,5.0683833644157104e-03,-4.2194207620074275e-01,-3.3021432334637032e-03,5.9830390109228271e-01,-2.9171728192039022e-03,3.3657421785123387e-04,3.3483886696734466e-04,3.5906515434017036e-04,8.3979733826591574e-01,-3.2648478743148179e-01,9.6475450078920111e-01,-7.4736394694222177e-02,-5.6671339121227730e-02,9.4957351770423110e-02
1.7606777189752526e+05,7.0499271798089924e-01,-5.6091752756320945e-03,-3.3027734061617420e-01,-4.2083140335458791e-03,5.9397423051330533e-01,-4.6102258711913820e-03,-4.6243462391424586e-02,-1.2063437936489195e-03,8.6775155417430383e-01,7.3561978862606847e-03,5.5787610436803636e-01,-4.1364582904621534e-03,-7.0767554937582955e-01,3.0345482289393932e-03,-3.7125182852994137e-01,-4.9370803534961871e-03,5.7955647539718835e-01,-6.6927585259555031e-03,7.1211375388069909e-01,-3.4579519650408484e-03,-3.6904681132378192e-01,-3.0628714367268448e-03,6.3304829337591462e-01,-6.6224551211618099e-03,-2.9171669493110047e-02,1.1503398031247809e-03,8.3129857046350208e-01,8.6535789030864150e-03,4.9689022776696834e-01,-6.0245252903690762e-03,-7.0170935771366005e-01,5.0835782601367134e-03,-4.2197410749171860e-01,-3.3153457252587623e-03,5.9822910929475503e-01,-2.9042172432400459e-03,3.3656033089575894e-04,3.3483727979131191e-04,3.5872162866013431e-04,-8.1440303129059821e-01,-3.7629832767046473e-01,-7.1697362770734074e-01,-6.4969100221376641e-01,9.7084083396013293e-02,-3.2978948683564165e-02
1.8330734549140959e+05,7.0495957191845027e-01,-5.6184387690573767e-03,-3.3031917934092137e-01,-4.2549422541052762e-03,5.9398540487499907e-01,-4.6173071765548464e-03,-4.6285560696636148e-02,-1.1769400241978395e-03,8.6771051098941165e-01,7.3422630969104952e-03,5.5791240260208164e-01,-4.1227031877720775e-03,-7.0770584079012311e-01,3.0231938535235647e-03,-3.7131038812764616e-01,-4.9286088870021116e-03,5.7951005426334090e-01,-6.6985534870427780e-03,7.1209410879350199e-01,-3.4437284599934852e-03,-3.6906647596098052e-01,-3.0298177120664095e-03,6.3306259651530938e-01,-6.6107055864269388e-03,-2.9201540717926962e-02,1.1178445303599818e-03,8.3127056119020659e-01,8.6625680854433458e-03,4.9695785959574013e-01,-6.0509417396455703e-03,-7.0172853732210438e-01,5.0988991147075165e-03,-4.2200585290896553e-01,-3.3294442185148316e-03,5.9815400580780120e-01,-2.8922064990421076e-03,3.3654620116037049e-04,3.3483571323771581e-04,3.5838018478488926e-04,3.7256860706209322e-01,8.1165145527378568e-01,1.1273101098772192e-01,9.6086089260512531e-01,-9.1163249700130913e-02,-2.6187283166085300e-02
1.9084459665147401e+05,7.0492627961560406e-01,-5.6277399679367512e-03,-3.3036180965293138e-01,-4.3005187909815334e-03,5.9399644657784834e-01,-4.6239961644446463e-03,-4.6327308888792183e-02,-1.1471988403174149e-03,8.6766912439504074e-01,7.3294057884293884e-03,5.5794900978516082e-01,-4.1099319698043955e-03,-7.0773629440458952e-01,3.0117799654507116e-03,-3.7136903266964161e-01,-4.9185584591034948e-03,5.7946346742686816e-01,-6.7038025742095593e-03,7.1207427559722036e-01,-3.4294055712538927e-03,-3.6908666201524648e-01,-2.9972365324066100e-03,6.3307666004563778e-01,-6.5996070852323684e-03,-2.9231013612797518e-02,1.0849936472150286e-03,8.3124233723152119e-01,8.6708246254992814e-03,4.9702609504826023e-01,-6.0755358825960934e-03,-7.0174792710735090e-01,5.1143377919170563e-03,-4.2203750540137536e-01,-3.3444182502734110e-03,5.9807859227034321e-01,-2.8811236582776925e-03,3.3653195130931772e-04,3.3483427536362876e-04,3.5804102890046245e-04,1.5680737459930466e-01,-8.7490533026050810e-01,4.6490965762268399e-01,-8.4831335770974736e-01,6.1932140323458354e-02,6.1863368245849502e-02
1.9869176531592209e+05,7.0489294120031420e-01,-5.6370640232004110e-03,-3.3040507473874625e-01,-4.3450841374331750e-03,5.9400732313275240e-01,-4.6303183337124514e-03,-4.6368901188282595e-02,-1.1171114832755000e-03,8.6762734508591643e-01,7.3175881631569739e-03,5.5798596282928137e-01,-4.0981101749324031e-03,-7.0776679781909269e-01,3.0003207497333317e-03,-3.7142801633127187e-01,-4.9069825328457994e-03,5.7941671261073546e-01,-6.7085126990150366e-03,7.1205437734500698e-01,-3.4149955915616448e-03,-3.6910721881454572e-01,-2.9651063402782339e-03,6.3309043322449965e-01,-6.5891179692398379e-03,-2.9260319535054789e-02,1.0517868706525144e-03,8.3121386253227858e-01,8.6783739091283573e-03,4.9709500105096011e-01,-6.0983731865750764e-03,-7.0176739209613537e-01,5.1298815727421135e-03,-4.2206925994697531e-01,-3.3602431101785084e-03,5.9800286181575013e-01,-2.8709547325583384e-03,3.3651750508662388e-04,3.3483287636287194e-04,3.5770415408329292e-04,-5.5680805651210874e-01,6.8716993504643209e-01,-8.2203052474096039e-01,5.0976572055597413e-01,-3.0419357570796828e-02,-7.4631644444973305e-02
2.0686159470605347e+05,7.0485938608505838e-01,-5.6464900319002642e-03,-3.3044923465075027e-01,-4.3885933674656097e-03,5.9401809413342088e-01,-4.6361934920709459e-03,-4.6409928875255455e-02,-1.0865855892490534e-03,8.6758530929289446e-01,7.3069516924398337e-03,5.5802315292110227e-01,-4.0873611872546305e-03,-7.0779754754862290e-01,2.9887314734816095e-03,-3.7148679102153637e-01,-4.8935896463579431e-03,5.7936983369859762e-01,-6.7126473599168450e-03,7.1203419011773406e-01,-3.4004106739421707e-03,-3.6912841785929790e-01,-2.9334133158095527e-03,6.3310401021517770e-01,-6.5793701675508250e-03,-2.9288988301058083e-02,1.0180965322474501e-03,8.3118523440347358e-01,8.6851192839920190e-03,4.9716437937858987e-01,-6.1192212810772945e-03,-7.0178718011833119e-01,5.1456256694560115e-03,-4.2210070593348631e-01,-3.3770956891119282e-03,5.9792689066328875e-01,-2.8617702671114259e-03,3.3650298468554878e-04,3.3483165286817446e-04,3.5736970178000554e-04,7.7445274583175494e-01,-4.1757691059400437e-01,9.5648375452195511e-01,-1.4335651891868062e-01,7.2891144526088299e-03,7.3657023883965264e-02
2.1536735202031257e+05,7.0482577514303713e-01,-5.6559817044248284e-03,-3.3049402956611706e-01,-4.4311050942588137e-03,5.9402870948357889e-01,-4.6416709448726624e-03,-4.6450725530403927e-02,-1.0556341557396952e-03,8.6754293114964287e-01,7.2974170473498745e-03,5.5806064478239070e-01,-4.0776140077018108e-03,-7.0782836159478180e-01,2.9770490844678865e-03,-3.7154578740942268e-01,-4.8785145105187111e-03,5.7932281962792231e-01,-6.7162242021861947e-03,7.1201391565969729e-01,-3.3856865042044097e-03,-3.6915000783690982e-01,-2.9021353630552826e-03,6.3311731274012439e-01,-6.5702829992767848e-03,-2.9317412707583972e-02,9.8395410762909313e-04,8.3115639036708266e-01,8.6911143555066950e-03,4.9723434737954131e-01,-6.1382144368475663e-03,-7.0180706937563231e-01,5.1615321068460753e-03,-4.2213217355755062e-01,-3.3949032279088315e-03,5.9785065627194511e-01,-2.8535357640378030e-03,3.3648827558677987e-04,3.3483046970538298e-04,3.5703763191103315e-04,-8.5550338424562444e-01,1.8409587012381243e-01,-9.5691386298767234e-01,-1.3981077871412603e-01,5.0651611380797355e-03,-6.7616343904855103e-02
2.2422284997923739e+05,7.0479203138824720e-01,-5.6655821791753436e-03,-3.3053954572840299e-01,-4.4726175566182913e-03,5.9403920641054397e-01,-4.6467147304217792e-03,-4.6491104978013238e-02,-1.0241947665362433e-03,8.6750029785025862e-01,7.2890500465398467e-03,5.5809836550922975e-01,-4.0689243751930587e-03,-7.0785932874038027e-01,2.9652265378988241e-03,-3.7160472572493108e-01,-4.8616046614305408e-03,5.7927570254201932e-01,-6.7192264547706586e-03,7.1199345277727877e-01,-3.3707729944596346e-03,-3.6917209552844144e-01,-2.8712493250657258e-03,6.3313040036077251e-01,-6.5619165181448353e-03,-2.9345379139317194e-02,9.4927842781715975e-04,8.3112739183411177e-01,8.6963141792701874e-03,4.9730477139183854e-01,-6.1552466703453752e-03,-7.0182717207013690e-01,5.1776553499914045e-03,-4.2216346077188061e-01,-3.4137617814359181e-03,5.9777421425630362e-01,-2.8462843927836300e-03,3.3647340421992560e-04,3.3482935654794896e-04,3.5670800332339360e-04,8.6917543037777767e-01,-4.0708832776416640e-02,9.1733264548691540e-01,3.0585965183246783e-01,-7.9410796714312771e-03,6.1444447289777181e-02
2.3344246925629553e+05,7.0475819324891342e-01,-5.6753006346882406e-03,-3.3058571948518556e-01,-4.5131463764186974e-03,5.9404957400180769e-01,-4.6513221994442019e-03,-4.6531122634144592e-02,-9.9224141362806717e-04,8.6745740464272514e-01,7.2818583964546213e-03,5.5813631677579523e-01,-4.0612985570204129e-03,-7.0789040704853434e-01,2.9532529991569967e-03,-3.7166367358075181e-01,-4.8428288746274473e-03,5.7922849204062610e-01,-6.7216507191282977e-03,7.1197284530482974e-01,-3.3556577231780055e-03,-3.6919462592155333e-01,-2.8407383389217793e-03,6.3314325646071168e-01,-6.5542746948478517e-03,-2.9372957664301095e-02,9.1404106836902733e-04,8.3109823482351874e-01,8.7007128363875107e-03,4.9737565413189921e-01,-6.1703075340146536e-03,-7.0184744081591555e-01,5.1940092245078102e-03,-4.2219462245540934e-01,-3.4336959555602625e-03,5.9769757907429133e-01,-2.8400223481126153e-03,3.3645836688377671e-04,3.3482830131698873e-04,3.5638086486330391e-04,-8.6496963657131110e-01,3.3350172820031097e-03,-8.9910091470552833e-01,-3.5564623966882974e-01,3.2602455840209932e-03,-5.6366036118209548e-02
2.4304118183103399e+05,7.0472426312104530e-01,-5.6851494048512641e-03,-3.3063250791477938e-01,-4.5527113640860539e-03,5.9405982468881835e-01,-4.6554902859041918e-03,-4.6570777162216692e-02,-9.5974276471159567e-04,8.6741428497000372e-01,7.2758522073251286e-03,5.5817446730871301e-01,-4.0547429603139638e-03,-7.0792159417615064e-01,2.9411141044051736e-03,-3.7172259097359250e-01,-4.8221461749315964e-03,5.7918120552583130e-01,-6.7234939349660565e-03,7.1195209533991444e-01,-3.3403241009574828e-03,-3.6921757634640351e-01,-2.8105806496452751e-03,6.3315590143324929e-01,-6.5473641721703803e-03,-2.9400148337376263e-02,8.7820599433336289e-04,8.3106894220677807e-01,8.7043035642141615e-03,4.9744693789578298e-01,-6.1833831733851784e-03,-7.0186787374567816e-01,5.2106120344496236e-03,-4.2222563838435684e-01,-3.4547349295428985e-03,5.9762078021412068e-01,-2.8347565017643656e-03,3.3644358908669546e-04,3.3482772356130809e-04,3.5605668041281371e-04,8.5628180211380733e-01,-7.5753746273219597e-02,9.2231938189360629e-01,2.8984390241691216e-01,7.2944468709774113e-03,5.0792126931691800e-02
2.5303457530246602e+05,7.0469017098274023e-01,-5.6951769563092225e-03,-3.3067999865413233e-01,-4.5913156985686876e-03,5.9406998932837241e-01,-4.6591798562988446e-03,-4.6609885781417559e-02,-9.2663482449656387e-04,8.6737101885515566e-01,7.2710972620166348e-03,5.5821275096584044e-01,-4.0493140716916535e-03,-7.0795297171160043e-01,2.9287573835590219e-03,-3.7178121370499240e-01,-4.7994000747607624e-03,5.7913387518278103e-01,-6.7247418483334341e-03,7.1193110847911056e-01,-3.3247171270941933e-03,-3.6924105223960185e-01,-2.7807496158124452e-03,6.3316838509094175e-01,-6.5412487711987632e-03,-2.9426743560738388e-02,8.4168871203902328e-04,8.3103957044887833e-01,8.7070409426952648e-03,4.9751850112480533e-01,-6.1943680609644128e-03,-7.0188857604275345e-01,5.2275232960963692e-03,-4.2225631680999409e-01,-3.4769791558654840e-03,5.9754387301883394e-01,-2.8305156870232547e-03,3.3642826573583801e-04,3.3482682125492548e-04,3.5573466289829856e-04,-8.1466074163353042e-01,2.5645773137452105e-01,-9.6183993230922282e-01,-9.6738220824036755e-02,-2.1384023283306804e-02,-4.1298579182895388e-02
2.6343887820217875e+05,7.0465601408545697e-01,-5.7053586206440854e-03,-3.3072799784201823e-01,-4.6290020345855776e-03,5.9408004982832052e-01,-4.6624258190109784e-03,-4.6648653839010214e-02,-8.9292271236179888e-04,8.6732758145096689e-01,7.2675397007495035e-03,5.5825118156286158e-01,-4.0449626416010761e-03,-7.0798442935750117e-01,2.9162077391250985e-03,-3.7183977133243551e-01,-4.7746790604972777e-03,5.7908650619426882e-01,-6.7254060155681021e-03,7.1191000745328703e-01,-3.3088602810733892e-03,-3.6926488160795812e-01,-2.7512272289424997e-03,6.3318068029599905e-01,-6.5358726305065826e-03,-2.9452984509200138e-02,8.0450650247424903e-04,8.3101010035042089e-01,8.7089614155792597e-03,4.9759036774439985e-01,-6.2033538379534323e-03,-7.0190941285539099e-01,5.2447182806868494e-03,-4.2228684311959164e-01,-3.5003803181854099e-03,5.9746686466204635e-01,-2.8272779295537686e-03,3.3641276264162923e-04,3.3482594272525514e-04,3.5541525533386276e-04,6.7036859855004682e-01,-5.1985381363433103e-01,9.3852622187260881e-01,-2.3124178673252446e-01,3.4266808587105263e-02,2.4338586553121794e-02
2.7427098634826823e+05,7.0462189308612355e-01,-5.7156663628664117e-03,-3.3077631725048451e-01,-4.6658052509048198e-03,5.9408998356304477e-01,-4.6652633081743621e-03,-4.6687284125233847e-02,-8.5862608038352051e-04,8.6728394312731694e-01,7.2651210657455612e-03,5.5828977751210607e-01,-4.0416362317487750e-03,-7.0801585358250674e-01,2.9034944212641411e-03,-3.7189849941349717e-01,-4.7480891934849889e-03,5.7903910393757618e-01,-6.7255008400511594e-03,7.1188891732591220e-01,-3.2927828732285708e-03,-3.6928889525600372e-01,-2.7220040211386890e-03,6.3319275291978228e-01,-6.5311788800004348e-03,-2.9479110900212123e-02,7.6669246724965316e-04,8.3098050945122826e-01,8.7101044077822817e-03,4.9766256999726982e-01,-6.2104387052015018e-03,-7.0193024697159723e-01,5.2621658851951837e-03,-4.2231740606257723e-01,-3.5248774156195276e-03,5.9738976234990959e-01,-2.8250163628622555e-03,3.3639670520234453e-04,3.3482469682900103e-04,3.5509814642075950e-04,-3.3818389425557049e-01,7.7148555783805961e-01,-7.2245118663841468e-01,6.4201144782991493e-01,-3.7875744548192682e-02,1.4190623075211191e-04
2.8554849028289574e+05,7.0458746190006016e-01,-5.7262610462180952e-03,-3.3082544987745288e-01,-4.7016994761801267e-03,5.9409992055972793e-01,-4.6675505778423247e-03,-4.6725011961484160e-02,-8.2354451446399815e-04,8.6724036836913365e-01,7.2640844624988765e-03,5.5832832732621174e-01,-4.0395438423695383e-03,-7.0804763881651922e-01,2.8904438492248774e-03,-3.7195634491140211e-01,-4.7190850233845838e-03,5.7899173925420866e-01,-6.7249705259796316e-03,7.1186739683783562e-01,-3.2763029488111195e-03,-3.6931361147172942e-01,-2.6930145949392269e-03,6.3320480829796721e-01,-6.5274006129664311e-03,-2.9504233310503725e-02,7.2797520889510223e-04,8.3095098688562985e-01,8.7103044873323380e-03,4.9773472207325070e-01,-6.2152283544890203e-03,-7.0195156594300712e-01,5.2800620281844828e-03,-4.2234721846237133e-01,-3.5508112197053920e-03,5.9731269292652023e-01,-2.8238411840580319e-03,3.3638097105238688e-04,3.3482399065374110e-04,3.5478415690018059e-04,-1.9429266543007734e-01,-8.1328794076450139e-01,2.0154001139677921e-01,-9.4514352016198666e-01,2.4261981250934737e-02,-2.3863364376873770e-02
2.9728970383802993e+05,7.0455319722792065e-01,-5.7369633108283469e-03,-3.3087469370975320e-01,-4.7367529517153839e-03,5.9410969004542091e-01,-4.6694585988669409e-03,-4.6762839012543710e-02,-7.8788288598641981e-04,8.6719654160125170e-01,7.2641363593904940e-03,5.5836707909166083e-01,-4.0384318428025538e-03,-7.0807924492766305e-01,2.8772484426003442e-03,-3.7201466462811661e-01,-4.6882932248543951e-03,5.7894434775147274e-01,-6.7238837026741254e-03,7.1184604493327974e-01,-3.2596210671220040e-03,-3.6933831737551437e-01,-2.6643055650058399e-03,6.3321657860096325e-01,-6.5242560149215345e-03,-2.9529526470553475e-02,6.8864130854538589e-04,8.3092130626163430e-01,8.7097598675933280e-03,4.9780727531695290e-01,-6.2182034252943391e-03,-7.0197271026556696e-01,5.2981915247419372e-03,-4.2237730487032288e-01,-3.5777992047140222e-03,5.9723553673923102e-01,-2.8236182735326752e-03,3.3636496300716557e-04,3.3482317330216839e-04,3.5447282082262394e-04,7.1462780897078015e-01,4.2171766694171520e-01,5.2899504567455480e-01,8.0862893573036054e-01,4.1863869394508360e-03,3.0195167487919290e-02
3.0951369387575274e+05,7.0451846227865733e-01,-5.7480375148414864e-03,-3.3092483428865754e-01,-4.7709706935289697e-03,5.9411957024278983e-01,-4.6707718121431589e-03,-4.6799424754113791e-02,-7.5129167114606696e-04,8.6715300659260364e-01,7.2656517924481467e-03,5.5840558852928812e-01,-4.0386159591204590e-03,-7.0811139339063045e-01,2.8636213319394588e-03,-3.7207149567668285e-01,-4.6548314707453853e-03,5.7889707290710668e-01,-6.7221577770806302e-03,7.1182406208152771e-01,-3.2424330629831407e-03,-3.6936388722673136e-01,-2.6357376974172342e-03,6.3322850503907258e-01,-6.5221047796408388e-03,-2.9553419793793678e-02,6.4822264127928038e-04,8.3089185376617736e-01,8.7082176633430375e-03,4.9787941679362879e-01,-6.2187599605527935e-03,-7.0199456159769102e-01,5.3168815090472565e-03,-4.2240622149689711e-01,-3.6063949190694722e-03,5.9715855351353753e-01,-2.8245145762250145e-03,3.3634915375574349e-04,3.3482277043529637e-04,3.5416453226550572e-04,-7.4750640867231888e-01,3.4473429793283211e-01,-9.6539462527883013e-01,-3.8950747285406373e-02,-2.5691337855147798e-02,-9.0004890402226711e-03
3.2224031125143322e+05,7.0448378887942875e-01,-5.7592939287716138e-03,-3.3097517533444831e-01,-4.8043870707964176e-03,5.9412934258703942e-01,-4.6716576405382891e-03,-4.6835850640964655e-02,-7.1400656039172922e-04,8.6710936370807601e-01,7.2683385387775634e-03,5.5844417774545541e-01,-4.0398481262258965e-03,-7.0814348394518800e-01,2.8497675110181198e-03,-3.7212838560428385e-01,-4.6193537877102786e-03,5.7884982797686679e-01,-6.7198595560215083e-03,7.1180210958101020e-01,-3.2249553645536094e-03,-3.6938957964511548e-01,-2.6073861530149386e-03,6.3324024310432359e-01,-6.5206676474842988e-03,-2.9577187853190044e-02,6.0704202316858068e-04,8.3086234488864641e-01,8.7058739300098949e-03,4.9795173461194009e-01,-6.2173729924907811e-03,-7.0201639261017745e-01,5.3358997884516857e-03,-4.2243511911383763e-01,-3.6361958642791383e-03,5.9708158213925566e-01,-2.8263973957493834e-03,3.3633305130614474e-04,3.3482223358591680e-04,3.5385892024374533e-04,3.9832290576676931e-03,-8.1632737708712266e-01,4.5612735801918419e-01,-8.5160833753361398e-01,1.4482018627374030e-02,-1.9429628545716116e-02
3.3549022305004799e+05,7.0444896149966740e-01,-5.7708227155170433e-03,-3.3102592787466234e-01,-4.8370438197233023e-03,5.9413911900998473e-01,-4.6720561213879188e-03,-4.6871668911704724e-02,-6.7589375500459736e-04,8.6706583692395889e-01,7.2723011518797676e-03,5.5848265947613573e-01,-4.0422129074827546e-03,-7.0817576032258578e-01,2.8355880902066199e-03,-3.7218462528355106e-01,-4.5815782934176541e-03,5.7880267886123682e-01,-6.7169692546072413e-03,7.1177991825193465e-01,-3.2070812262810929e-03,-3.6941566095385003e-01,-2.5791781946676870e-03,6.3325197193229166e-01,-6.5200462730322520e-03,-2.9600305219060003e-02,5.6492533020128014e-04,8.3083293765732447e-01,8.7026583643744753e-03,4.9802388453497259e-01,-6.2138784249828058e-03,-7.0203850040335758e-01,5.3553612676607602e-03,-4.2246348878477530e-01,-3.6673841779335890e-03,5.9700474127088587e-01,-2.8293095055000649e-03,3.3631663727300246e-04,3.3482155612583246e-04,3.5355596255654806e-04,7.8073629294618896e-01,2.1304537141060020e-01,6.9482719415689376e-01,6.7102994253483983e-01,1.5497375048272500e-02,1.4906073061724675e-02
3.4928494614799798e+05,7.0441410560958895e-01,-5.7825843404548660e-03,-3.3107688933313861e-01,-4.8689685020554263e-03,5.9414886073013573e-01,-4.6720095701008870e-03,-4.6907129084399840e-02,-6.3699440504367058e-04,8.6702236572398395e-01,7.2774667471567356e-03,5.5852107862283873e-01,-4.0456461655557670e-03,-7.0820808119358480e-01,2.8211252854995483e-03,-3.7224053475225782e-01,-4.5416510986460157e-03,5.7875562195900099e-01,-6.7135051644027239e-03,7.1175764329236979e-01,-3.1888544997833099e-03,-3.6944193779282275e-01,-2.5511156833868147e-03,6.3326363168842248e-01,-6.5201716302800018e-03,-2.9623067221917074e-02,5.2193212719656265e-04,8.3080358833963119e-01,8.6986200367097904e-03,4.9809594761650444e-01,-6.2083968944578651e-03,-7.0206071483161148e-01,5.3752192072205867e-03,-4.2249157843068907e-01,-3.6998722364556982e-03,5.9692802206494289e-01,-2.8332165234975157e-03,3.3629994000611708e-04,3.3482074618828065e-04,3.5325574724577369e-04,-2.7139951219072539e-01,7.5468666317821631e-01,-7.3313334519588158e-01,6.2877126251404825e-01,-1.2338085046205743e-02,1.4471317112685801e-02
3.6364688215492363e+05,7.0437903661328527e-01,-5.7946774344907470e-03,-3.3112829934725196e-01,-4.9001875422825247e-03,5.9415864433367682e-01,-4.6714449284702081e-03,-4.6941823569774416e-02,-5.9716913002039879e-04,8.6697910913588339e-01,7.2839601094514261e-03,5.5855930598382120e-01,-4.0502527491864410e-03,-7.0824065678471348e-01,2.8062714234592390e-03,-3.7229553107680008e-01,-4.4992578015284890e-03,5.7870870350771286e-01,-6.7094412441804085e-03,7.1173504998357395e-01,-3.1701603973290403e-03,-3.6946867501040287e-01,-2.5231319885423973e-03,6.3327534422500331e-01,-6.5211640776364488e-03,-2.9645000220944073e-02,4.7788041835401796e-04,8.3077441053659407e-01,8.6936741868252048e-03,4.9816768744783491e-01,-6.2007303191799548e-03,-7.0208329590240870e-01,5.3955969672030927e-03,-4.2251895792101063e-01,-3.7338639884940670e-03,5.9685150715709212e-01,-2.8381712907412054e-03,3.3628347862266309e-04,3.3482033401189035e-04,3.5295876718018532e-04,-7.7290521080448349e-01,-1.8396934077214747e-01,-6.9615013441468554e-01,-6.6930829345957499e-01,-1.5072051986437001e-02,-7.3354273901877860e-03
3.7859935379226162e+05,7.0434383879475804e-01,-5.8070747007026857e-03,-3.3117999808225429e-01,-4.9307432614958402e-03,5.9416845140405883e-01,-4.6703993341919194e-03,-4.6975918039553637e-02,-5.5644361995845631e-04,8.6693604652625922e-01,7.2917138482338495e-03,5.5859735365266894e-01,-4.0559721538766620e-03,-7.0827339222895380e-01,2.7910554659116849e-03,-3.7234980334491830e-01,-4.4545182347114076e-03,5.7866193066124583e-01,-6.7047976616321329e-03,7.1171224235735830e-01,-3.1510285404941596e-03,-3.6949573121165918e-01,-2.4952152883576809e-03,6.3328708262793132e-01,-6.5229632874300959e-03,-2.9666300680273355e-02,4.3280853204604158e-04,8.3074538863065639e-01,8.6878662693609041e-03,4.9823912428181127e-01,-6.1909917246291421e-03,-7.0210612988512733e-01,5.4164629225075221e-03,-4.2254578107057889e-01,-3.7692897509480237e-03,5.9677520761943470e-01,-2.8441373512883695e-03,3.3626689162807671e-04,3.3481994128875222e-04,3.5266470859252231e-04,-5.9678121336152724e-02,-7.8449900895670777e-01,4.3892464748857529e-01,-8.6005530515277984e-01,-1.3885008548793767e-05,-1.4724274863400808e-02
3.9416664276761853e+05,7.0430855061473796e-01,-5.8197697819167282e-03,-3.3123188539302817e-01,-4.9606658266863057e-03,5.9417828254390259e-01,-4.6688886801520609e-03,-4.7009487714720015e-02,-5.1481588989885779e-04,8.6689319020390410e-01,7.3007002521117692e-03,5.5863520687633539e-01,-4.0627780864037136e-03,-7.0830624417029786e-01,2.7754836368254487e-03,-3.7240341117134457e-01,-4.4074704093432227e-03,5.7861531701647417e-01,-6.6995834236569657e-03,7.1168926811941824e-01,-3.1314645632675975e-03,-3.6952302786887342e-01,-2.4673492059688468e-03,6.3329884949127058e-01,-6.5255443445281381e-03,-2.9687058121324012e-02,3.8671790548441067e-04,8.3071653071306151e-01,8.6812150645428111e-03,4.9831023003434677e-01,-6.1792291237451414e-03,-7.0212916504897904e-01,5.4378112422690675e-03,-4.2257210473541396e-01,-3.8061298449071830e-03,5.9669914642767108e-01,-2.8510993452531101e-03,3.3624994199122818e-04,3.3481931848193980e-04,3.5237336934600903e-04,6.4643925482207421e-01,-4.3434476843256081e-01,9.6507879414378250e-01,-2.6754249724297789e-02,1.0152342288108450e-02,-7.9404844269712737e-03
4.1037402920646779e+05,7.0427305964002074e-01,-5.8328294459822905e-03,-3.3128411822463016e-01,-4.9900192284370593e-03,5.9418818073163271e-01,-4.6668772833928507e-03,-4.7042258235771170e-02,-4.7217571142808487e-04,8.6685064352490038e-01,7.3109763938222772e-03,5.5867278244805263e-01,-4.0707175620663082e-03,-7.0833934227557194e-01,2.7594819667198234e-03,-3.7245597411775200e-01,-4.3579248342545396e-03,5.7856889885558793e-01,-6.6937898508738075e-03,7.1166597964836964e-01,-3.1113873839671573e-03,-3.6955073916720044e-01,-2.4394622719848399e-03,6.3331071448595055e-01,-6.5289638789872905e-03,-2.9706958437747916e-02,3.3947004995892022e-04,8.3068791103212181e-01,8.6736805384686894e-03,4.9838085168868645e-01,-6.1653570750252081e-03,-7.0215256593918840e-01,5.4597291721055390e-03,-4.2259764851651205e-01,-3.8445164668350369e-03,5.9662338732736120e-01,-2.8590757112595551e-03,3.3623276596668776e-04,3.3481860409051748e-04,3.5208490234013969e-04,7.4687480471605394e-01,1.8981912338173340e-01,6.5202206430442555e-01,7.1182262778189698e-01,1.1237787059074918e-02,3.0081825276001074e-04
4.2724783270520350e+05,7.0423740337368346e-01,-5.8462423166320554e-03,-3.3133656770674952e-01,-5.0188052615325884e-03,5.9419815715120872e-01,-4.6643774059483556e-03,-4.7074330373610120e-02,-4.2853359443299072e-04,8.6680842691069937e-01,7.3225266931792876e-03,5.5871005572806487e-01,-4.0797736507457898e-03,-7.0837264241880216e-01,2.7430624683880689e-03,-3.7250755860466955e-01,-4.3059163801102140e-03,5.7852268849372557e-01,-6.6874206399345996e-03,7.1164242868244598e-01,-3.0908096462036686e-03,-3.6957876450315719e-01,-2.4115550610872409e-03,6.3332269538679875e-01,-6.5332059256038178e-03,-2.9726116381206112e-02,2.9108056779869704e-04,8.3065954377411089e-01,8.6652748442925375e-03,4.9845094526038702e-01,-6.1494016608851657e-03,-7.0217627584082087e-01,5.4822030311407199e-03,-4.2262247773106976e-01,-3.8844257325883411e-03,5.9654795142795503e-01,-2.8680616229221768e-03,3.3621579768718026e-04,3.3481822021272931e-04,3.5179974796875586e-04,4.9393641602806743e-01,5.8050018653755564e-01,1.0393278219455797e-01,9.5955240160042998e-01,8.6164838456623000e-03,4.6044285128740781e-03
4.4481545507221454e+05,7.0420160027994627e-01,-5.8600245714249266e-03,-3.3138920445067965e-01,-5.0470811779508296e-03,5.9420820713148392e-01,-4.6613935092042705e-03,-4.7105700132391917e-02,-3.8386648892870315e-04,8.6676655468964681e-01,7.3353279118693049e-03,5.5874701197484045e-01,-4.0899260551160678e-03,-7.0840612626453558e-01,2.7262075519627338e-03,-3.7255815648673579e-01,-4.2514487176399107e-03,5.7847670492876202e-01,-6.6804907719044456e-03,7.1161863096211708e-01,-3.0697129808123442e-03,-3.6960708525020336e-01,-2.3835899882164065e-03,6.3333478512012664e-01,-6.5382596639467685e-03,-2.9744536010800404e-02,2.4152125145205223e-04,8.3063144053356297e-01,8.6560118592760287e-03,4.9852048590732922e-01,-6.1314055897293057e-03,-7.0220027934259188e-01,5.5052525255288344e-03,-4.2264659063545229e-01,-3.9258667866546139e-03,5.9647286902617369e-01,-2.8780311440864412e-03,3.3619837448227235e-04,3.3481749318738319e-04,3.5151727231216032e-04,2.3746134251099013e-01,7.1516890836048275e-01,-2.7932603846772608e-01,9.2370296844796884e-01,6.3629848590399723e-03,5.5730879495338439e-03
4.6310542482639855e+05,7.0416585722001457e-01,-5.8740774422517128e-03,-3.3144171662084260e-01,-5.0748301327866729e-03,5.9421825052803057e-01,-4.6580083855228688e-03,-4.7136857695434041e-02,-3.3833449984458502e-04,8.6672486464910259e-01,7.3492352001535144e-03,5.5878379385351551e-01,-4.1010419909455371e-03,-7.0843955570782502e-01,2.7090265171711425e-03,-3.7260842093380414e-01,-4.1948745794417042e-03,5.7843089247966561e-01,-6.6730430633352451e-03,7.1159485721428251e-01,-3.0482172722538204e-03,-3.6963538388925637e-01,-2.3556256976796771e-03,6.3334687047225668e-01,-6.5439990122720757e-03,-2.9762776729773760e-02,1.9099269765949283e-04,8.3060347725571693e-01,8.6459952536939010e-03,4.9858970880455333e-01,-6.1116008614303975e-03,-7.0222427760373340e-01,5.5287488649648575e-03,-4.2267048983130773e-01,-3.9686035418117129e-03,5.9639805258533374e-01,-2.8889105246349038e-03,3.3618198255964813e-04,3.3481788668261123e-04,3.5123890767951627e-04,1.3248944859512019e-01,7.3281330252387544e-01,-4.2215936660767323e-01,8.6759949220057575e-01,5.5698402609414641e-03,4.7121532902503075e-03
4.8214744352536264e+05,7.0412976251451953e-01,-5.8886166864037248e-03,-3.3149462758864678e-01,-5.1021837822452787e-03,5.9422847313671368e-01,-4.6540772720524469e-03,-4.7166828330832834e-02,-2.9156315919019390e-04,8.6668375659865127e-01,7.3645040494094149e-03,5.5882005522504519e-01,-4.1133451748931633e-03,-7.0847340391092972e-01,2.6912788338798177e-03,-3.7265695688398964e-01,-4.1354823947035435e-03,5.7838539502681252e-01,-6.6650107114121088e-03,7.1157057082973774e-01,-3.0260560415980449e-03,-3.6966424907628548e-01,-2.3274716991728830e-03,6.3335923080381595e-01,-6.5506494887806891e-03,-2.9779724067295569e-02,1.3903082407877557e-04,8.3057595062270306e-01,8.6350442985214746e-03,4.9865801409286509e-01,-6.0895897888180789e-03,-7.0224886595512837e-01,5.5529782613132714e-03,-4.2269313716062135e-01,-4.0131222361492356e-03,5.9632374107643593e-01,-2.9008203312744906e-03,3.3616432022625465e-04,3.3481711988219342e-04,3.5096248078979634e-04,2.0946287307799741e-01,7.0514926990790849e-01,-3.4056083595072384e-01,9.0257781292858552e-01,5.6968372711569439e-03,2.6150368421502166e-03
5.0197243399855646e+05,7.0409342989885548e-01,-5.9036112707833710e-03,-3.3154777054093504e-01,-5.1291423996376040e-03,5.9423882757720803e-01,-4.6496311432266367e-03,-4.7195890553662523e-02,-2.4362255568747410e-04,8.6664313189034625e-01,7.3810715626803081e-03,5.5885588487735016e-01,-4.1267747213737339e-03,-7.0850753911290065e-01,2.6730002446539447e-03,-3.7270414102169547e-01,-4.0734190477209331e-03,5.7834017538601756e-01,-6.6564204134865737e-03,7.1154592329200328e-01,-3.0032718390118991e-03,-3.6969350839920612e-01,-2.2991442961595690e-03,6.3337180025027628e-01,-6.5581667604839040e-03,-2.9795694196144279e-02,8.5718772720496593e-05,8.3054878536406274e-01,8.6232059042768983e-03,4.9872554664613350e-01,-6.0654736655600117e-03,-7.0227387793163465e-01,5.5778945385215259e-03,-4.2271482166090485e-01,-4.0593241992673574e-03,5.9624987708299015e-01,-2.9137178639621979e-03,3.3614769533186752e-04,3.3481748589729603e-04,3.5069021979724027e-04,4.4625621774107943e-01,5.7301664524725338e-01,-5.8436107993699773e-03,9.6449910998885857e-01,5.3333444164284094e-03,-5.7627960735425756e-04
5.2261259056365868e+05,7.0405698807965611e-01,-5.9189960431949573e-03,-3.3160092015511472e-01,-5.1557348261344893e-03,5.9424928058136961e-01,-4.6447339006604697e-03,-4.7224300756178596e-02,-1.9459886238856403e-04,8.6660294226196988e-01,7.3988210888691897e-03,5.5889131512761403e-01,-4.1412294883374509e-03,-7.0854181631486890e-01,2.6542616003383812e-03,-3.7275028442397218e-01,-4.0089302717495334e-03,5.7829523637729907e-01,-6.6473041220963917e-03,7.1152107349078542e-01,-2.9799394330854855e-03,-3.6972295348427514e-01,-2.2706614042709060e-03,6.3338452766035336e-01,-6.5664458598938651e-03,-2.9810990337804412e-02,3.1171079404807440e-05,8.3052194699501858e-01,8.6105583364688796e-03,4.9879236582683634e-01,-6.0394431583190352e-03,-7.0229913929069743e-01,5.6034175618709780e-03,-4.2273578938916823e-01,-4.1070565753594818e-03,5.9617646268038160e-01,-2.9275434682213162e-03,3.3613054468923298e-04,3.3481739968717111e-04,3.5042061306207164e-04,6.9208221360249111e-01,1.8643310827360590e-01,5.6140826949538702e-01,7.8406882223104390e-01,2.7632582650578426e-03,-3.6428528191362994e-03
5.4410143130776740e+05,7.0402035382678074e-01,-5.9348323758544042e-03,-3.3165416962153371e-01,-5.1820056686482652e-03,5.9425987118723334e-01,-4.6393492942530690e-03,-4.7251870350893621e-02,-1.4439472133872047e-04,8.6656327336824512e-01,7.4178136753706991e-03,5.5892627483222479e-01,-4.1567588654596857e-03,-7.0857633030018752e-01,2.6349950875088624e-03,-3.7279510433434193e-01,-3.9418350850717598e-03,5.7825060672406081e-01,-6.6376513784107746e-03,7.1149591558684178e-01,-2.9559853955851462e-03,-3.6975269786606629e-01,-2.2419639574486378e-03,6.3339747580432448e-01,-6.5755464084141530e-03,-2.9825394742261195e-02,-2.4735209320367354e-05,8.3049549755679519e-01,8.5970606085750256e-03,4.9885834154429093e-01,-6.0114048375592578e-03,-7.0232476856816750e-01,5.6296257873454051e-03,-4.2275583567276598e-01,-4.1564428447901343e-03,5.9610354886552785e-01,-2.9423194981214470e-03,3.3611325447480074e-04,3.3481724577532658e-04,3.5015404702569013e-04,5.5533501764542981e-01,-4.3755720058394848e-01,9.6345602442216771e-01,3.6466149349085764e-02,-1.6985222946598150e-03,-3.4897731625490288e-03
5.6647385251829308e+05,7.0398373783940493e-01,-5.9510059125157388e-03,-3.3170717712570780e-01,-5.2079887616368614e-03,5.9427053497082549e-01,-4.6335844360994999e-03,-4.7279026185920357e-02,-9.3183879444586754e-05,8.6652402107256243e-01,7.4378446795568820e-03,5.5896084217175601e-01,-4.1731862354272451e-03,-7.0861084344831204e-01,2.6153266405124498e-03,-3.7283914494156412e-01,-3.8725787734853745e-03,5.7820627680761993e-01,-6.6275226380541983e-03,7.1147071056362687e-01,-2.9315454419455238e-03,-3.6978241388489080e-01,-2.2130975302804860e-03,6.3341054631657179e-01,-6.5852920257179846e-03,-2.9839409774705498e-02,-8.1777193461042121e-05,8.3046936122238102e-01,8.5828502896766034e-03,4.9892361364725368e-01,-5.9816905303973862e-03,-7.0235047861602284e-01,5.6563737856214040e-03,-4.2277538396865627e-01,-4.2072016715781167e-03,5.9603111614406956e-01,-2.9579345613544540e-03,3.3609456327167865e-04,3.3481573262534323e-04,3.4988931886501033e-04,-2.2087121904845325e-01,-6.6112365448857469e-01,3.7715286145257121e-01,-8.8710563251044694e-01,-3.1503744533525235e-03,9.1550718200131623e-04
5.8976618535194790e+05,7.0394677212249146e-01,-5.9677495858886931e-03,-3.3176046262703063e-01,-5.2337470413601483e-03,5.9428140874727176e-01,-4.6272658134222707e-03,-4.7304993214019542e-02,-4.0605522801211158e-05,8.6648544451306830e-01,7.4592276787424083e-03,5.5899481095791703e-01,-4.1907749728098236e-03,-7.0864577182828337e-01,2.5949992899142460e-03,-3.7288134147773688e-01,-3.8003784806455165e-03,5.7816230572404170e-01,-6.6168418115934158e-03,7.1144499934597816e-01,-2.9063420416103420e-03,-3.6981264348010451e-01,-2.1838970052059691e-03,6.3342395430151632e-01,-6.5959683491773847e-03,-2.9852129672492438e-02,-1.4041419507333981e-04,8.3044372652693832e-01,8.5677173323802022e-03,4.9898780753299737e-01,-5.9498034905228880e-03,-7.0237677874186089e-01,5.6839580997746792e-03,-4.2279363353695726e-01,-4.2598469464453443e-03,5.9595927291280870e-01,-2.9745353556526544e-03,3.3607690965610585e-04,3.3481532672529929e-04,3.4962877175412349e-04,-6.5888231284567400e-01,1.9408129769835170e-01,-8.6459819798034765e-01,-4.2576037025921543e-01,1.1383042544836168e-03,2.5157421285700579e-03
6.1401625483385567e+05,7.0390957202366633e-01,-5.9850096909550565e-03,-3.3181382668590886e-01,-5.2593203928472387e-03,5.9429246106755740e-01,-4.6204519087613347e-03,-4.7329999736459287e-02,1.3259255431170847e-05,8.6644749924627562e-01,7.4818471020901556e-03,5.5902821255470436e-01,-4.2094241056568390e-03,-7.0868098547512104e-01,2.5740721840244452e-03,-3.7292197290569223e-01,-3.7254673534265204e-03,5.7811869533533722e-01,-6.6056462804959942e-03,7.1141892436382070e-01,-2.8804389291688451e-03,-3.6984320266587045e-01,-2.1543707500079902e-03,6.3343765269243590e-01,-6.6074789707221528e-03,-2.9863824376208624e-02,-2.0054159853392131e-04,8.3041856140036552e-01,8.5517396054377564e-03,4.9905097857508512e-01,-5.9159331120966670e-03,-7.0240351318788752e-01,5.7123101323228037e-03,-4.2281080594925596e-01,-4.3142350899267141e-03,5.9588802098898908e-01,-2.9920541954678724e-03,3.3605925806080931e-04,3.3481497175131224e-04,3.4937140330584663e-04,3.6592985758956381e-01,5.6898559515535563e-01,-1.8432017257941855e-01,9.4573248150026690e-01,1.4538896987373034e-03,-1.8001925236812756e-03
6.3926344128259388e+05,7.0387222978927033e-01,-6.0027406537718209e-03,-3.3186710247785300e-01,-5.2847346581940680e-03,5.9430366902148135e-01,-4.6131898020209646e-03,-4.7354235485325122e-02,6.8347390836089039e-05,8.6641015122712173e-01,7.5056149432835007e-03,5.5906107035189834e-01,-4.2290564675455701e-03,-7.0871637994649472e-01,2.5525951293883797e-03,-3.7296126523702333e-01,-3.6480269001625543e-03,5.7807544648520859e-01,-6.5939621448116818e-03,7.1139260097763490e-01,-2.8538890460259006e-03,-3.6987393882186981e-01,-2.1245284063638884e-03,6.3345160745963347e-01,-6.6197471152496870e-03,-2.9874716845695103e-02,-2.6207658022567423e-04,8.3039384132314176e-01,8.5349765746868325e-03,4.9911316786318932e-01,-5.8802233969038522e-03,-7.0243055580396063e-01,5.7413730879382566e-03,-4.2282708174525696e-01,-4.3702532595230525e-03,5.9581736101166649e-01,-3.0104433871747235e-03,3.3604163798985135e-04,3.3481467837542214e-04,3.4911727556524605e-04,2.4698241954468500e-01,-6.1843061566846536e-01,8.8480817337950146e-01,-3.8087120612775321e-01,-1.9154892813990983e-03,2.4036532754312902e-04
6.6554874426091893e+05,7.0383469603476700e-01,-6.0209872013829990e-03,-3.3192035037101753e-01,-5.3100333398137800e-03,5.9431505363136250e-01,-4.6054567714899994e-03,-4.7377585729641444e-02,1.2472701654107909e-04,8.6637344830989549e-01,7.5305650207108110e-03,5.5909334497456586e-01,-4.2496983276808283e-03,-7.0875201139653576e-01,2.5305188666295830e-03,-3.7299905228881769e-01,-3.5679407569014499e-03,5.7803257567379895e-01,-6.5817873154075347e-03,7.1136596649887562e-01,-2.8266393978692776e-03,-3.6990492329398506e-01,-2.0943218748675713e-03,6.3346585276378498e-01,-6.6328097373032947e-03,-2.9884675262935700e-02,-3.2510563460782632e-04,8.3036960206556354e-01,8.5174059971162650e-03,4.9917430337754731e-01,-5.8426244971572479e-03,-7.0245797779956509e-01,5.7712031075964048e-03,-4.2284234019659755e-01,-4.4279836883023031e-03,5.9574732258791840e-01,-3.0297095696746774e-03,3.3602412502732934e-04,3.3481451974510618e-04,3.4886643172450969e-04,-5.4536143393156822e-01,3.6306518855973119e-01,-9.4033391130178179e-01,-2.0800246341751694e-01,1.5362449451678190e-03,4.5883806161529505e-04
6.9291484915601776e+05,7.0379680932054078e-01,-6.0398621277583664e-03,-3.3197373099070104e-01,-5.3353065239424569e-03,5.9432669663500337e-01,-4.5971888557539368e-03,-4.7399709873229987e-02,1.8257449142270593e-04,8.6633755760221343e-01,7.5568017831663115e-03,5.5912489685866429e-01,-4.2714330174451502e-03,-7.0878806195708588e-01,2.5077187463785622e-03,-3.7303480136614531e-01,-3.4848874833086074e-03,5.7799013393563381e-01,-6.5691070460221473e-03,7.1133882042902996e-01,-2.7985549728307959e-03,-3.6993635978370865e-01,-2.0636390791996858e-03,6.3348051985914933e-01,-6.6467719526479407e-03,-2.9893302153735261e-02,-3.8985221990442425e-04,8.3034596393200755e-01,8.4989589628307379e-03,4.9923412918990129e-01,-5.8029776294612687e-03,-7.0248600302397557e-01,5.8019435104177649e-03,-4.2285619849998551e-01,-4.4876474993346821e-03,5.9567799780623376e-01,-3.0498859265777859e-03,3.3600629440458629e-04,3.3481407350336335e-04,3.4861844645689839e-04,6.0605414714649475e-01,-2.1841150209376547e-01,8.5391801826724301e-01,4.4479032750537045e-01,-1.2496408611912591e-03,-4.4167302732556402e-04
7.2140619649742485e+05,7.0375877034780177e-01,-6.0592550227667186e-03,-3.3202698603907549e-01,-5.3605532048351390e-03,5.9433851436914797e-01,-4.5884776564194523e-03,-4.7421008390087269e-02,2.4172415297855215e-04,8.6630232967690912e-01,7.5841560498078886e-03,5.5915584686986231e-01,-4.2941171981281667e-03,-7.0882430565822729e-01,2.4843163953887082e-03,-3.7306908772077185e-01,-3.3992604650250891e-03,5.7794809022493532e-01,-6.5559655548524630e-03,7.1131141022699851e-01,-2.7697665343985899e-03,-3.6996797281346899e-01,-2.0325420829367907e-03,6.3349547812136986e-01,-6.6614821609179012e-03,-2.9901069809468373e-02,-4.5610337220609474e-04,8.3032282093916043e-01,8.4797483914537935e-03,4.9929286485022129e-01,-5.7615541881116186e-03,-7.0251435952407637e-01,5.8334545609370356e-03,-4.2286908669208717e-01,-4.5489923014721632e-03,5.9560932949746570e-01,-3.0708883386835095e-03,3.3598857329157915e-04,3.3481374276951272e-04,3.4837375400999547e-04,-5.6106767250248668e-01,2.9324302801609653e-01,-8.9882877085844815e-01,-3.4441609418984442e-01,1.0904656038411497e-03,9.1900589783291362e-06
7.5106905412514985e+05,7.0372048792443587e-01,-6.0792522127319226e-03,-3.3208022608572652e-01,-5.3858346923975897e-03,5.9435054582795410e-01,-4.5792731667385301e-03,-4.7441278301475209e-02,3.0228935753209493e-04,8.6626784878962915e-01,7.6127001036359609e-03,5.5918612630879627e-01,-4.3178073894350093e-03,-7.0886084574457620e-01,2.4602179737339691e-03,-3.7310161554956045e-01,-3.3108386169058701e-03,5.7790647093245928e-01,-6.5423595727552670e-03,7.1128362152379909e-01,-2.7401758120620596e-03,-3.6999989137809663e-01,-2.0009528643429126e-03,6.3351079079112249e-01,-6.6770229992077984e-03,-2.9907743261958171e-02,-5.2400809420781881e-04,8.3030023498975769e-01,8.4597277410052817e-03,4.9935038376889307e-01,-5.7182438895225672e-03,-7.0254317637029340e-01,5.8658401739677081e-03,-4.2288078933116591e-01,-4.6121696635623138e-03,5.9554136578698535e-01,-3.0927298333448066e-03,3.3597081841241802e-04,3.3481338457011842e-04,3.4813216933564600e-04,3.3076542824793781e-01,-5.2649766596597458e-01,9.5279549318750101e-01,-1.3481372778791156e-01,-6.7183179638783677e-04,5.8818371787347111e-04
7.8195159232522745e+05,7.0368198185867958e-01,-6.0998041478168563e-03,-3.3213327778328627e-01,-5.4111687979810363e-03,5.9436283139118051e-01,-4.5696210572632361e-03,-4.7460626137778357e-02,3.6425271340039325e-04,8.6623417732542785e-01,7.6423791472950975e-03,5.5921567100399816e-01,-4.3424551923311539e-03,-7.0889765520161430e-01,2.4354738806527942e-03,-3.7313239263704256e-01,-3.2197329756702697e-03,5.7786529663435593e-01,-6.5282889175410563e-03,7.1125549188407899e-01,-2.7098284281760173e-03,-3.7003199385089786e-01,-1.9688766346298197e-03,6.3352652232327022e-01,-6.6933219208501248e-03,-2.9913436540534098e-02,-5.9352861070959711e-04,8.3027824992453070e-01,8.4389337799043295e-03,4.9940656994035099e-01,-5.6731379033266730e-03,-7.0257241163974160e-01,5.8990515454090744e-03,-4.2289134053395805e-01,-4.6771110768907553e-03,5.9547414382437691e-01,-3.1154053828202346e-03,3.3595325176913148e-04,3.3481320426462734e-04,3.4789397739197123e-04,2.2421746379594046e-01,5.6763087859510730e-01,-4.7404469259035931e-01,8.3709706123453342e-01,-2.0699797184555444e-04,-6.9751789881298220e-04
8.1410396205469768e+05,7.0364318181683805e-01,-6.1210252445652591e-03,-3.3218635226568438e-01,-5.4366579309111374e-03,5.9437535900387195e-01,-4.5594611342074255e-03,-4.7478812796983891e-02,4.2773530109454366e-04,8.6620132848950626e-01,7.6732536330216816e-03,5.5924448117608394e-01,-4.3681076449653723e-03,-7.0893481872034148e-01,2.4099619270129269e-03,-3.7316119805118253e-01,-3.1257142647847236e-03,5.7782457946550903e-01,-6.5137699058518978e-03,7.1122691848038311e-01,-2.6786005617601199e-03,-3.7006446805518001e-01,-1.9362078878041962e-03,6.3354265652584163e-01,-6.7104732214895782e-03,-2.9917886238018672e-02,-6.6483230701378719e-04,8.3025687908744839e-01,8.4173271817314810e-03,4.9946142071342958e-01,-5.6261476226616234e-03,-7.0260218425100440e-01,5.9332193709109738e-03,-4.2290055961319067e-01,-4.7439820575901192e-03,5.9540768498010244e-01,-3.1388957059001396e-03,3.3593555372441131e-04,3.3481288592153858e-04,3.4765877635520098e-04,-5.9026902307659246e-01,1.0005075644586371e-01,-7.0624521060951373e-01,-6.5276205697471734e-01,5.6575674961396112e-04,-1.6701208309375350e-04
8.4757837638304965e+05,7.0360412166672137e-01,-6.1428816142837794e-03,-3.3223931256440425e-01,-5.4623186691583614e-03,5.9438814480411384e-01,-4.5488269532791593e-03,-4.7495949532547245e-02,4.9271401783403113e-04,8.6616932451202711e-01,7.7052752098711874e-03,5.5927253034395641e-01,-4.3947214636693363e-03,-7.0897229486151403e-01,2.3837174268513950e-03,-3.7318810023436794e-01,-3.0288798706902265e-03,5.7778432843621663e-01,-6.4988098224064168e-03,7.1119795221416304e-01,-2.6465260272222030e-03,-3.7009720808238694e-01,-1.9029497134022111e-03,6.3355921976057372e-01,-6.7284236903780281e-03,-2.9921216041877675e-02,-7.3788182251788065e-04,8.3023613862157164e-01,8.3949411031158175e-03,4.9951488803853378e-01,-5.5773530047843320e-03,-7.0263243860942515e-01,5.9683071165842014e-03,-4.2290851590068795e-01,-4.8127224500712842e-03,5.9534200591436592e-01,-3.1631853593496618e-03,3.3591791565864139e-04,3.3481260667820120e-04,3.4742677852807801e-04,-2.2997649835003928e-01,-5.3998713652765973e-01,4.8950635131663989e-01,-8.2744782163784591e-01,3.1820576921474312e-04,3.5377774026432423e-04
8.8242919528238312e+05,7.0356478348539198e-01,-6.1654069916803889e-03,-3.3229217934528232e-01,-5.4882086515685435e-03,5.9440119616839238e-01,-4.5377095982007832e-03,-4.7511981190727352e-02,5.5923781624024615e-04,8.6613819066983555e-01,7.7384475433727173e-03,5.5929979745151259e-01,-4.4222967016654194e-03,-7.0901010432938927e-01,2.3567034191536718e-03,-3.7321301981829369e-01,-2.9291709870775673e-03,5.7774455630715593e-01,-6.4834177108630472e-03,7.1116856904547499e-01,-2.6135653134212859e-03,-3.7013024376109244e-01,-1.8690534886019498e-03,6.3357622521744072e-01,-6.7471868314386797e-03,-2.9923365098676467e-02,-8.1273947072173930e-04,8.3021604876543276e-01,8.3717739859127567e-03,4.9956693281001330e-01,-5.5267535996396475e-03,-7.0266320413568217e-01,6.0043559936553935e-03,-4.2291515405274238e-01,-4.8833803260471091e-03,5.9527712937010169e-01,-3.1882607783788831e-03,3.3590030553131236e-04,3.3481232820877069e-04,3.4719793481355777e-04,2.6157925590811937e-01,-5.1207290824210860e-01,9.5187721523007418e-01,-1.3264946058925028e-01,2.7586405636346666e-05,3.8083416607015186e-04
9.1871301390398084e+05,7.0352516385158925e-01,-6.1886166739885673e-03,-3.3234492579877167e-01,-5.5143735859440601e-03,5.9441452374371462e-01,-4.5261118994407096e-03,-4.7526905008571312e-02,6.2733237497608618e-04,8.6610795050616451e-01,7.7727584464191146e-03,5.5932626068680347e-01,-4.4508196861332977e-03,-7.0904824999215788e-01,2.3289028990038374e-03,-3.7323592370595793e-01,-2.8265758912678629e-03,5.7770527320152654e-01,-6.4676038063299097e-03,7.1113876714952517e-01,-2.5796996706349707e-03,-3.7016356396788563e-01,-1.8344855110302434e-03,6.3359369120431253e-01,-6.7667581365379540e-03,-2.9924329904216757e-02,-8.8943681239011792e-04,8.3019662792346482e-01,8.3478352755345705e-03,4.9961751440141772e-01,-5.4743733907514072e-03,-7.0269448509542420e-01,6.0413850563370780e-03,-4.2292045773942177e-01,-4.9559708245905717e-03,5.9521307408643154e-01,-3.2141054101557215e-03,3.3588273461039077e-04,3.3481205377794285e-04,3.4697223997423235e-04,4.2922665866877202e-01,-3.6429981548728430e-01,9.2335271775452921e-01,2.6540313881864841e-01,-3.1562331076336140e-05,3.0314643409513632e-04
9.5648875448464719e+05,7.0348525259125405e-01,-6.2125246628718656e-03,-3.3239752489832547e-01,-5.5408720809648759e-03,5.9442814379916498e-01,-4.5140412721075144e-03,-4.7540705952525637e-02,6.9702849539951539e-04,8.6607863891395354e-01,7.8081878803906712e-03,5.5935188845645012e-01,-4.4802701381743311e-03,-7.0908674220701651e-01,2.3002997598338681e-03,-3.7325675247508178e-01,-2.7210896316406941e-03,5.7766649292325134e-01,-6.4513800319391367e-03,7.1110853664307172e-01,-2.5449100798002411e-03,-3.7019716209369552e-01,-1.7992052017444602e-03,6.3361164534470926e-01,-6.7871247469857825e-03,-2.9924092265678919e-02,-9.6801000012484853e-04,8.3017790238501876e-01,8.3231393170771027e-03,4.9966657385527574e-01,-5.4202502065234387e-03,-7.0272629466737702e-01,6.0794135690390022e-03,-4.2292439328218134e-01,-5.0305072791744492e-03,5.9514986548305304e-01,-3.2406988713633163e-03,3.3586518737047685e-04,3.3481176002693420e-04,3.4674966700913508e-04,3.8026836548553222e-01,-3.9851542490385689e-01,9.4147840957965245e-01,1.8963920417745500e-01,5.3781627615147609e-05,2.3592339106055628e-04
9.9581776203206077e+05,7.0344511250375197e-01,-6.2371167086519019e-03,-3.3244991817595787e-01,-5.5677121115284695e-03,5.9444202270220559e-01,-4.5015132117333951e-03,-4.7553489829822548e-02,7.6829260587491302e-04,8.6605020186338599e-01,7.8446991531109789e-03,5.5937672524520488e-01,-4.5106158797853747e-03,-7.0912551101032872e-01,2.2709107343369950e-03,-3.7327568144818019e-01,-2.6127903904509253e-03,5.7762820695297823e-01,-6.4347614670738334e-03,7.1107795243753891e-01,-2.5092164616405421e-03,-3.7023096900566160e-01,-1.7632183334154430e-03,6.3363003483418556e-01,-6.8082609930260060e-03,-2.9922781001929542e-02,-1.0484187604256066e-03,8.3015983639383595e-01,8.2977115205773964e-03,4.9971419319603133e-01,-5.3644433776106467e-03,-7.0275855286617472e-01,6.1184196850692409e-03,-4.2292708873607660e-01,-5.1069411046172214e-03,5.9508748715109072e-01,-3.2680148794093753e-03,3.3584767802909826e-04,3.3481144957956646e-04,3.4653021805870700e-04,7.3306532533043547e-02,-5.3356809300122743e-01,8.8335165568784957e-01,-3.7594236120756419e-01,1.6819185359146240e-04,9.0630875731325948e-05
1.0367639039445297e+06,7.0340442103080270e-01,-6.2626161919374645e-03,-3.3250243675624858e-01,-5.5951097666799843e-03,5.9445631818656142e-01,-4.4884101207178645e-03,-4.7564626610940533e-02,8.4151425990773229e-04,8.6602293287461063e-01,7.8824944179785583e-03,5.5940052706486254e-01,-4.5420181825712889e-03,-7.0916491628239497e-01,2.2404856727111788e-03,-3.7329172935544996e-01,-2.5010217274635815e-03,5.7759048926816081e-01,-6.4177129895591246e-03,7.1104662484890047e-01,-2.4723415627938249e-03,-3.7026538603120585e-01,-1.7262768506874436e-03,6.3364911166282289e-01,-6.8303571914489934e-03,-2.9919652843831298e-02,-1.1311448973624931e-03,8.3014264358539425e-01,8.2714194453483349e-03,4.9975992515127188e-01,-5.3066505937125205e-03,-7.0279169490953597e-01,6.1586960137285686e-03,-4.2292783316752125e-01,-5.1857343547685054e-03,5.9502607639774963e-01,-3.2961245739444108e-03,3.3583032408008093e-04,3.3481125534208593e-04,3.4631396167216367e-04,-4.5134532688009893e-01,-2.7056613571968380e-01,2.4721449748254336e-02,-9.5932048297925632e-01,9.2745825582643082e-05,-1.1790060262580145e-04
1.0793936737269145e+06,7.0336346123853433e-01,-6.2888365034064475e-03,-3.3255463884966335e-01,-5.6229688187214993e-03,5.9447093833244158e-01,-4.4748607555577264e-03,-4.7574727056661562e-02,9.1636653184921923e-04,8.6599665759754985e-01,7.9213350359945700e-03,5.5942342939422185e-01,-4.5742739492152205e-03,-7.0920463678296009e-01,2.2092336670889168e-03,-3.7330569361561561e-01,-2.3864191830774983e-03,5.7755330311582942e-01,-6.4002985871974777e-03,7.1101491038127373e-01,-2.4345167674147622e-03,-3.7029997136947279e-01,-1.6885410237512698e-03,6.3366873309770744e-01,-6.8532074887351037e-03,-2.9915418046631170e-02,-1.2157840838893244e-03,8.3012619659343678e-01,8.2444248911004141e-03,4.9980401382341588e-01,-5.2472440085212279e-03,-7.0282532646844453e-01,6.1999958996284670e-03,-4.2292723733965221e-01,-5.2664560813549498e-03,5.9496556672653267e-01,-3.3249107349385544e-03,3.3581296627824172e-04,3.3481098864051153e-04,3.4610073499100887e-04,-1.9036850327889535e-01,4.7723033407064874e-01,-9.5347389008745809e-01,1.0502528307617294e-01,-1.1284742145688366e-04,-3.1302155759095860e-05
1.1237762989711692e+06,7.0332276091349932e-01,-6.3154747364416730e-03,-3.3260621230905629e-01,-5.6510839320723927e-03,5.9448554962343747e-01,-4.4610462871291752e-03,-4.7584668902358213e-02,9.9235132767653764e-04,8.6597079870252014e-01,7.9608932828348911e-03,5.5944592404036986e-01,-4.6071263136707634e-03,-7.0924409184050607e-01,2.1774924792610784e-03,-3.7331919347778619e-01,-2.2699201680834169e-03,5.7751651533561987e-01,-6.3825803005318135e-03,7.1098342164462436e-01,-2.3961117776281409e-03,-3.7033422909512370e-01,-1.6503031234641309e-03,6.3368836626631120e-01,-6.8765040330530519e-03,-2.9911143387532375e-02,-1.3017099527433162e-03,8.3011009043040307e-01,8.2169370340753490e-03,4.9984736646540429e-01,-5.1867272840819432e-03,-7.0285877347722436e-01,6.2419291618332085e-03,-4.2292643597892610e-01,-5.3484748136208207e-03,5.9490570627646178e-01,-3.3542431441176872e-03,3.3579552871317720e-04,3.3481053234776022e-04,3.4589054411859362e-04,4.6774618558489583e-01,-1.8031283091180578e-01,7.0872726979276013e-01,6.4580387553462659e-01,5.9721660292097040e-05,6.8519336674690174e-05
1.1699838537768237e+06,7.0328042249874123e-01,-6.3437923693360210e-03,-3.3265877309818381e-01,-5.6804533075618252e-03,5.9450118935969676e-01,-4.4462433451741374e-03,-4.7590992499224591e-02,1.0715991667850713e-03,8.6594720687150895e-01,8.0024490469819964e-03,5.5946645287218133e-01,-4.6415924901205829e-03,-7.0928538447576073e-01,2.1438529808628926e-03,-3.7332647408843317e-01,-2.1476956052457752e-03,5.7748056760311972e-01,-6.3643177619748005e-03,7.1094990818701398e-01,-2.3555764560540065e-03,-3.7037028027321295e-01,-1.6102776428904560e-03,6.3370966452632771e-01,-6.9014446915029960e-03,-2.9902698469975290e-02,-1.3915781778986315e-03,8.3009565251347350e-01,8.1881290527103575e-03,4.9988712330819668e-01,-5.1231524526088000e-03,-7.0289453497015952e-01,6.2861307060628827e-03,-4.2292131020897233e-01,-5.4344257890790925e-03,5.9484732205481672e-01,-3.3846127049330776e-03,3.3577857702595388e-04,3.3481057373896113e-04,3.4568366403542913e-04,-4.8276544771429930e-01,7.6142003851687484e-02,-5.3693339418743258e-01,-7.9386323411582482e-01,-4.7784509869489811e-05,-5.1329207938443871e-05
1.2180913757939884e+06,7.0323827117051185e-01,-6.3725749894621986e-03,-3.3271059726755975e-01,-5.7102416996668293e-03,5.9451691112122285e-01,-4.4311902245867561e-03,-4.7597098857653161e-02,1.1520750091094968e-03,8.6592418998856990e-01,8.0446773812392625e-03,5.5948643184681668e-01,-4.6766061450217037e-03,-7.0932648508407814e-01,2.1096708011278942e-03,-3.7333301122775209e-01,-2.0235344536491950e-03,5.7744506224453762e-01,-6.3457834628738727e-03,7.1091655280669874e-01,-2.3143983524665504e-03,-3.7040598307818984e-01,-1.5696318360056308e-03,6.3373112504076534e-01,-6.9268074504746186e-03,-2.9894129450705038e-02,-1.4828473019780578e-03,8.3008166946800321e-01,8.1588619606637550e-03,4.9992587676393813e-01,-5.0585545580353304e-03,-7.0293019137963597e-01,6.3310287312295238e-03,-4.2291581601321254e-01,-5.5217259226083386e-03,5.9478967230476087e-01,-3.4154751328115606e-03,3.3576155020337040e-04,3.3481041908660591e-04,3.4547975720959715e-04,3.9794647826721163e-01,-2.6140711469634476e-01,8.0266530340625808e-01,5.2285866802542069e-01,5.3198210391552468e-05,7.9042937630267665e-06
1.2681769880789472e+06,7.0319729500275574e-01,-6.4012168152395299e-03,-3.3276096310496756e-01,-5.7398764702137617e-03,5.9453213694925844e-01,-4.4162128005124299e-03,-4.7604709824107493e-02,1.2326718039273737e-03,8.6590073600541506e-01,8.0869857437242398e-03,5.5950671827585896e-01,-4.7116936253009632e-03,-7.0936630354843699e-01,2.0756292791953013e-03,-3.7334180577396592e-01,-1.8993050983984322e-03,5.7740976363730945e-01,-6.3271006563334169e-03,7.1088451327685165e-01,-2.2733431884952764e-03,-3.7044031476350259e-01,-1.5290427701977209e-03,6.3375182502451621e-01,-6.9520617692068439e-03,-2.9887507790576560e-02,-1.5741596990900531e-03,8.3006742116533683e-01,8.1295221401684863e-03,4.9996520423072816e-01,-4.9938230971409009e-03,-7.0296446138148050e-01,6.3758168647233375e-03,-4.2291208096086264e-01,-5.6090669124015486e-03,5.9473231325619780e-01,-3.4465909826255458e-03,3.3574410021364426e-04,3.3480965344600584e-04,3.4527857051321617e-04,4.4951228226528771e-02,4.6130372435748745e-01,-8.4800509714640560e-01,4.4459994724504986e-01,-1.5122306998673728e-05,3.8100332356567653e-05
1.3203220259602196e+06,7.0315270133582164e-01,-6.4329456422730913e-03,-3.3281389738507083e-01,-5.7720959714177983e-03,5.9454950299866915e-01,-4.3994962306996782e-03,-4.7605146238534790e-02,1.3190462399614508e-03,8.6588151732548191e-01,8.1326282621482227e-03,5.5952336610715470e-01,-4.7494551679298971e-03,-7.0941014378489387e-01,2.0381065284380551e-03,-3.7333836572338730e-01,-1.7651079620466109e-03,5.7737578085798669e-01,-6.3076185132461340e-03,7.1084812302602041e-01,-2.2283947304875891e-03,-3.7047859081202272e-01,-1.4851003770130133e-03,6.3377595956901256e-01,-6.9801833963583949e-03,-2.9872467247730048e-02,-1.6725064278432667e-03,8.3005627135281723e-01,8.0980009169363491e-03,4.9999787620013075e-01,-4.9240317247297985e-03,-7.0300364316710195e-01,6.4247248143012867e-03,-4.2289973367544076e-01,-5.7033232850055111e-03,5.9467731991947126e-01,-3.4792500947432260e-03,3.3572783510337216e-04,3.3481018698961520e-04,3.4508112959268506e-04,-4.3011090051312006e-01,1.3507392526855089e-01,-5.8938344520192631e-01,-7.5395446177952208e-01,-3.0930030794994949e-05,2.7064917959444339e-06
1.3746111691211173e+06,7.0311181442791426e-01,-6.4627853852341488e-03,-3.3286315944798189e-01,-5.8028718470506113e-03,5.9456500312993188e-01,-4.3839013732885155e-03,-4.7611691288969304e-02,1.4024848662041248e-03,8.6585945054401914e-01,8.1764361397594909e-03,5.5954236112751965e-01,-4.7857448344747157e-03,-7.0944989812726023e-01,2.0026864395914501e-03,-3.7334477874326721e-01,-1.6363805903986811e-03,5.7734143894797485e-01,-6.2884088253352417e-03,7.1081604807492271e-01,-2.1857410958177614e-03,-3.7051264570805764e-01,-1.4429609397231982e-03,6.3379716576437573e-01,-7.0064779450357906e-03,-2.9864866562116905e-02,-1.7671179940815776e-03,8.3004311635622552e-01,8.0676498040497899e-03,5.0003484129996567e-01,-4.8570334255028441e-03,-7.0303810847015114e-01,6.4712343713016571e-03,-4.2289461014783875e-01,-5.7938110454582034e-03,5.9462156403455291e-01,-3.5113439745324861e-03,3.3571018679584260e-04,3.3480897776195297e-04,3.4488565747575707e-04,-4.1261628864121336e-01,-1.4742055090416598e-01,1.0677569904053731e-02,-9.5644059435574103e-01,-2.2343888389376843e-05,-6.8338481601290903e-06
1.4311325791132837e+06,7.0306659696183260e-01,-6.4963105192336057e-03,-3.3291551168080630e-01,-5.8368040314205477e-03,5.9458305582757931e-01,-4.3662523705096752e-03,-4.7609819961779973e-02,1.4927731590577212e-03,8.6584233434485680e-01,8.2241422020007948e-03,5.5955710215772714e-01,-4.8251504495283818e-03,-7.0949445455918381e-01,1.9631116663469395e-03,-3.7333680725281337e-01,-1.4958918986416186e-03,5.7730858419809816e-01,-6.2682949953606791e-03,7.1077879977153879e-01,-2.1384445139809843e-03,-3.7055138955203920e-01,-1.3967956014073867e-03,6.3382246172261270e-01,-7.0361554193528845e-03,-2.9847359105283248e-02,-1.8700787888161446e-03,8.3003359075118610e-01,8.0347614521401531e-03,5.0006402947099104e-01,-4.7841336408975801e-03,-7.0307841361253554e-01,6.5226468564205109e-03,-4.2287935000414373e-01,-5.8924819203912734e-03,5.9456849583130711e-01,-3.5451906284788715e-03,3.3569407499521559e-04,3.3480944765771790e-04,3.4469416813036574e-04,-4.1320308939538780e-01,-1.0153325745045962e-01,-6.0976278779230932e-02,-9.5401412625494764e-01,-1.7423811429046078e-05,1.2743290621325429e-06
1.4899780425245308e+06,7.0302403243698630e-01,-6.5286253259760896e-03,-3.3296504991138520e-01,-5.8699210795373075e-03,5.9459983260560378e-01,-4.3493590949052812e-03,-4.7612151960843417e-02,1.5813349445865654e-03,8.6582341638646898e-01,8.2706666356022196e-03,5.5957330209229839e-01,-4.8636046654957615e-03,-7.0953609075278345e-01,1.9248771651106944e-03,-3.7333548036622438e-01,-1.3588134586556139e-03,5.7727562350552331e-01,-6.2483263631384813e-03,7.1074462202354394e-01,-2.0925934937021150e-03,-3.7058706494727917e-01,-1.3516859887497618e-03,6.3384576651754987e-01,-7.0646034708482779e-03,-2.9835015832751350e-02,-1.9707943608623839e-03,8.3002281642874676e-01,8.0026182014301100e-03,5.0009588763594004e-01,-4.7130444085070160e-03,-7.0311538814032437e-01,6.5725557205602728e-03,-4.2286902304898893e-01,-5.9888241338075833e-03,5.9451513666955436e-01,-3.5787242618983278e-03,3.3567704115114553e-04,3.3480869259840324e-04,3.4450495867267979e-04,-3.3159771850277070e-01,2.4595675155047031e-01,-7.5733356828107534e-01,-5.8248698887876393e-01,-4.3953487130402206e-06,1.2208561937293229e-05
1.5512431200334697e+06,7.0297953727107654e-01,-6.5630464195114979e-03,-3.3301566967193735e-01,-5.9049698796953820e-03,5.9461783481962815e-01,-4.3313382303260123e-03,-4.7610389405292233e-02,1.6739676003748906e-03,8.6580711237670849e-01,8.3193953345450100e-03,5.5958722351182744e-01,-4.9038109222980094e-03,-7.0957987204521422e-01,1.8842614694677406e-03,-3.7332700250820333e-01,-1.2149490049112727e-03,5.7724360212072268e-01,-6.2278210481244000e-03,7.1070810982327270e-01,-2.0440666253443650e-03,-3.7062478444534164e-01,-1.3041614188802014e-03,6.3387105491893603e-01,-7.0949120438930846e-03,-2.9817933202796017e-02,-2.0764264866119640e-03,8.3001399618842331e-01,7.9690388673821846e-03,5.0012358190524142e-01,-4.6386355241193975e-03,-7.0315505674290391e-01,6.6252936398550535e-03,-4.2285374300980039e-01,-6.0899205170768531e-03,5.9446344228435166e-01,-3.6132941719036055e-03,3.3566061242142487e-04,3.3480852301243270e-04,3.4431900681239233e-04,2.7505338141222113e-01,2.9076839412710098e-01,-5.1057679221106789e-01,8.0689321973959560e-01,9.5594703857229106e-06,-4.9504216058114419e-07
1.6150273015929707e+06,7.0293503723836803e-01,-6.5981823904027181e-03,-3.3306569463828534e-01,-5.9408633384022969e-03,5.9463602265249926e-01,-4.3130011240417477e-03,-4.7608035840680546e-02,1.7682502564959658e-03,8.6579158544966694e-01,8.3688610744818148e-03,5.5960041815257922e-01,-4.9445923040300887e-03,-7.0962366760183204e-01,1.8428254353007878e-03,-3.7331715734330001e-01,-1.0686252368056898e-03,5.7721208727464679e-01,-6.2070846435331806e-03,7.1067154047228409e-01,-1.9945899739341479e-03,-3.7066237764517490e-01,-1.2556415833172572e-03,6.3389667622142620e-01,-7.1257488407063686e-03,-2.9800289904589737e-02,-2.1839814216421359e-03,8.3000580135906155e-01,7.9349707020963181e-03,5.0014994852579320e-01,-4.5631392716123731e-03,-7.0319488567004074e-01,6.6790445976385440e-03,-4.2283766468932177e-01,-6.1927793194602211e-03,5.9441260393000295e-01,-3.6482992336307166e-03,3.3564416527690963e-04,3.3480818880800517e-04,3.4413588345931734e-04,-5.7843094362025810e-02,-3.8335247778550491e-01,8.8955411680868124e-01,-3.4546468550552339e-01,-6.7531280315196991e-06,-1.8911943756759268e-06
1.6814341679945018e+06,7.0288990771731652e-01,-6.6345271007305362e-03,-3.3311564896969742e-01,-5.9780502214872577e-03,5.9465473677712322e-01,-4.2940804284899211e-03,-4.7603964851680114e-02,1.8650527613025721e-03,8.6577743541599961e-01,8.4195387096567265e-03,5.5961237623270077e-01,-4.9863243786807555e-03,-7.0966816522583431e-01,1.8000146909610826e-03,-3.7330406860792936e-01,-9.1835735114755013e-04,5.7718122188334042e-01,-6.1860280825757836e-03,7.1063418273680090e-01,-1.9435485189180353e-03,-3.7070053995282870e-01,-1.2055872590627837e-03,6.3392317244717156e-01,-7.1575512090053580e-03,-2.9780742337689271e-02,-2.2945306851379936e-03,8.2999867346306344e-01,7.9001104038867644e-03,5.0017405589544484e-01,-4.4858422967803159e-03,-7.0323569620130044e-01,6.7344532801933577e-03,-4.2281944627921020e-01,-6.2984431256009081e-03,5.9436288987181884e-01,-3.6839176788364242e-03,3.3562791518565763e-04,3.3480793931030988e-04,3.4395570619339045e-04,1.5311344963974324e-01,3.4252953838150552e-01,-7.8035147659352311e-01,5.4822259100355719e-01,4.8948515361173512e-06,-1.4384761473361828e-06
1.7505715590756596e+06,7.0284447174594078e-01,-6.6718585796772256e-03,-3.3316525398908670e-01,-6.0163889181576863e-03,5.9467380080751253e-01,-4.2747161006310456e-03,-4.7598762123188573e-02,1.9639914080980467e-03,8.6576435108833683e-01,8.4711693006004063e-03,5.5962336002345237e-01,-5.0287968784719023e-03,-7.0971300651051794e-01,1.7560783447085337e-03,-3.7328870764667132e-01,-7.6486438170392246e-04,5.7715093337089363e-01,-6.1647110661074865e-03,7.1059642056513361e-01,-1.8912170191075831e-03,-3.7073891084860955e-01,-1.1542078497128140e-03,6.3395026411433697e-01,-7.1900885331301449e-03,-2.9759990045950858e-02,-2.4075987573815723e-03,8.2999239106386158e-01,7.8646262972152416e-03,5.0019638340257722e-01,-4.4071428978933076e-03,-7.0327706486548813e-01,6.7912297837377511e-03,-4.2279978666544488e-01,-6.4064220318738770e-03,5.9431416494938083e-01,-3.7200340586701530e-03,3.3561175861133920e-04,3.3480764654434086e-04,3.4377837942456017e-04,-3.6255344472312645e-01,1.2539663899882116e-02,-1.8720567019913265e-01,-9.3448130684543940e-01,7.0918429942885101e-07,3.6161027845163571e-06
1.8225517488440895e+06,7.0279843418706922e-01,-6.7104276500530857e-03,-3.3321472454193235e-01,-6.0561375168180637e-03,5.9469338477528444e-01,-4.2547821032416083e-03,-4.7591913949850420e-02,2.0655167201786319e-03,8.6575262798029362e-01,8.5239743454110506e-03,5.5963311539338922e-01,-5.0721820605025142e-03,-7.0975851373564935e-01,1.7107343417649412e-03,-3.7327018445729704e-01,-6.0741140176125141e-04,5.7712129264835121e-01,-6.1430961168055702e-03,7.1055791495278819e-01,-1.8372809360094656e-03,-3.7077779933623689e-01,-1.1012117131797721e-03,6.3397822242652924e-01,-7.2235663550028395e-03,-2.9737417546745283e-02,-2.5237377839177648e-03,8.2998717500465280e-01,7.8283789758750253e-03,5.0021646642663531e-01,-4.3267130729149608e-03,-7.0331937631625285e-01,6.8497023639502649e-03,-4.2277805651751627e-01,-6.5172398227958507e-03,5.9426656306952064e-01,-3.7567245973180014e-03,3.3559578385549023e-04,3.3480741166870440e-04,3.4360393145466725e-04,-1.9813392490967055e-01,-2.8904575833570956e-01,7.0660833281893731e-01,-6.3856621534373115e-01,-1.2939916443712480e-06,2.3036699784861700e-06
1.8974916278021662e+06,7.0275182548629367e-01,-6.7502388155594728e-03,-3.3326401169174047e-01,-6.0973465683346884e-03,5.9471347727369162e-01,-4.2342912377046791e-03,-4.7583489725946393e-02,2.1696456230248656e-03,8.6574224219542140e-01,8.5779248146654608e-03,5.5964165957383982e-01,-5.1164527239822661e-03,-7.0980465014980409e-01,1.6639773737759378e-03,-3.7324859172661717e-01,-4.4602059190410048e-04,5.7709229458010336e-01,-6.1211962867688229e-03,7.1051870894250990e-01,-1.7817325599381747e-03,-3.7081715906289359e-01,-1.0465675626599750e-03,6.3400703009273929e-01,-7.2579625458616941e-03,-2.9713106160746634e-02,-2.6429653913888347e-03,8.2998301394883767e-01,7.7913895563310300e-03,5.0023433652656857e-01,-4.2446034772473419e-03,-7.0336258879110725e-01,6.9098772723017211e-03,-4.2275432842968547e-01,-6.6308927757423195e-03,5.9422007574778712e-01,-3.7939657310593175e-03,3.3557996669362258e-04,3.3480720396678162e-04,3.4343231211760337e-04,-1.8750485072532974e-01,-2.8146316933673837e-01,7.3270896073626224e-01,-6.0738480624824731e-01,-4.1135953376327446e-07,1.8349103483174924e-06
1.9755128927685209e+06,7.0270509921029112e-01,-6.7909513469576743e-03,-3.3331273984173054e-01,-6.1397651595540975e-03,5.9473382726074786e-01,-4.2134475909438585e-03,-4.7574300863369043e-02,2.2757804360663374e-03,8.6573275411667394e-01,8.6326458032940645e-03,5.5964936526619491e-01,-5.1613070343880241e-03,-7.0985091475119910e-01,1.6161903701453761e-03,-3.7322529017133776e-01,-2.8177206904050900e-04,5.7706383657964244e-01,-6.0990941956226615e-03,7.1047933660194651e-01,-1.7249957274986570e-03,-3.7085649255944197e-01,-9.9061622340767142e-04,6.3403628890361285e-01,-7.2929418584229775e-03,-2.9688026003047603e-02,-2.7645442013561369e-03,8.2997959095836404e-01,7.7538995870483039e-03,5.0025067442156812e-01,-4.1613859814229196e-03,-7.0340610964908190e-01,6.9713091556029248e-03,-4.2272957797209620e-01,-6.7466358975729092e-03,5.9417451110152664e-01,-3.8315969984742113e-03,3.3556412453409484e-04,3.3480681022798805e-04,3.4326336021275146e-04,-3.2587952485279226e-01,1.1477154586564410e-02,-1.0432356433870739e-01,-9.4529016310613401e-01,1.1884482263801814e-06,5.9299435694471198e-07
2.0567422445046713e+06,7.0265813979669267e-01,-6.8326700178535371e-03,-3.3336096978377905e-01,-6.1835207404659781e-03,5.9475450770187843e-01,-4.1922051063478204e-03,-4.7564164694370262e-02,2.3841103042215178e-03,8.6572428494133702e-01,8.6882141708172211e-03,5.5965612619367655e-01,-5.2068022784532274e-03,-7.0989743143844852e-01,1.5672555491074158e-03,-3.7319993597417406e-01,-1.1437777653774961e-04,5.7703594631083743e-01,-6.0767815264128524e-03,7.1043967098743832e-01,-1.6669386106454972e-03,-3.7089590562690805e-01,-9.3322529097534255e-04,6.3406611552857295e-01,-7.3285790523715750e-03,-2.9661954936023506e-02,-2.8887054506092002e-03,8.2997699919996659e-01,7.7158624003404608e-03,5.0026528557402683e-01,-4.0769502727106884e-03,-7.0345008614686200e-01,7.0341346795216586e-03,-4.2270356719023794e-01,-6.8646796283472547e-03,5.9412992255761032e-01,-3.8696371781424413e-03,3.3554843109829467e-04,3.3480640754512551e-04,3.4309719968837098e-04,1.6605370749864545e-01,2.6660655140889600e-01,-7.8341831310960441e-01,5.3791235573501484e-01,-3.4090958966888598e-07,-8.6619092494326539e-07
2.1413115934676831e+06,7.0260967292831211e-01,-6.8765170170204670e-03,-3.3340979653807140e-01,-6.2296722381287167e-03,5.9477620039969148e-01,-4.1699662283495916e-03,-4.7550781001444220e-02,2.4966634646655453e-03,8.6571802795847763e-01,8.7457073986908218e-03,5.5966092409418011e-01,-5.2537901930352583e-03,-7.0994559857624195e-01,1.5159093652490907e-03,-3.7316873378991527e-01,5.9562235091570326e-05,5.7700890726963783e-01,-6.0540467387634345e-03,7.1039822923191986e-01,-1.6061523213064324e-03,-3.7093683719517395e-01,-8.7313881588413703e-04,6.3409759401932375e-01,-7.3658478984229021e-03,-2.9632154371974292e-02,-3.0179316710056796e-03,8.2997613253824465e-01,7.6765934765827869e-03,5.0027631322074984e-01,-3.9896840750419400e-03,-7.0349619571124766e-01,7.0998261863975450e-03,-4.2267357676130701e-01,-6.9874276697384826e-03,5.9408684287804314e-01,-3.9085021461058448e-03,3.3553305758579849e-04,3.3480623735817526e-04,3.4293385249333283e-04,-1.7730505950369416e-01,-2.4476638680299731e-01,7.6087303664085737e-01,-5.6810460008269792e-01,4.4888252390838712e-07,4.6631795737023917e-07
2.2293582740229913e+06,7.0256075795015360e-01,-6.9216410717101717e-03,-3.3345828050742810e-01,-6.2774731429355440e-03,5.9479834232927242e-01,-4.1472039259477667e-03,-4.7536097100533990e-02,2.6119141460664470e-03,8.6571298174602718e-01,8.8042657474317887e-03,5.5966460632835091e-01,-5.3015858653654548e-03,-7.0999424572120917e-01,1.4631107591737691e-03,-3.7313486873106322e-01,2.3742382559922837e-04,5.7698247850108819e-01,-6.0310675118264625e-03,7.1035626233801852e-01,-1.5437034687049715e-03,-3.7097807479475714e-01,-8.1127553131376965e-04,6.3412982960054354e-01,-7.4039765243854071e-03,-2.9600939588011788e-02,-3.1503497977953547e-03,8.2997625821451282e-01,7.6366428820240561e-03,5.0028530475225541e-01,-3.9008814581463175e-03,-7.0354303963333953e-01,7.1672657491997013e-03,-4.2264189713435124e-01,-7.1130413832811885e-03,5.9404482248428037e-01,-3.9478450118960104e-03,3.3551803313989592e-04,3.3480626331682119e-04,3.4277341489234508e-04,2.7833493053578146e-01,-8.3316938849119962e-02,2.5751121280541495e-01,9.1317516947989130e-01,-3.2430624410096575e-07,3.0684147786843707e-07
2.3210252674652506e+06,7.0251314850474378e-01,-6.9665050131231809e-03,-3.3350497293635184e-01,-6.3256365136206555e-03,5.9481997400852704e-01,-4.1247878371911927e-03,-4.7523219574040931e-02,2.7271193988529924e-03,8.6570748835943334e-01,8.8623018493440564e-03,5.5966859095721255e-01,-5.3489241554264544e-03,-7.1004144994899732e-01,1.4105889838718078e-03,-3.7310354031188109e-01,4.1443997658474618e-04,5.7695627543794137e-01,-6.0081765053658902e-03,7.1031580523529103e-01,-1.4815138281225066e-03,-3.7101768808049956e-01,-7.4926567955392554e-04,6.3416129981839897e-01,-7.4415411033761023e-03,-2.9572021772675913e-02,-3.2825940683195295e-03,8.2997614314978796e-01,7.5970209795019426e-03,5.0029484296757720e-01,-3.8129420171431451e-03,-7.0358832686188599e-01,7.2344445390709750e-03,-4.2261225042225631e-01,-7.2381863449533087e-03,5.9400313727374654e-01,-3.9870170518535517e-03,3.3550249609730310e-04,3.3480552204912054e-04,3.4261517634832873e-04,2.5641117967419480e-01,1.0998629459653113e-01,-4.1414529379086490e-01,8.5275722874393001e-01,-2.8185262422957964e-07,1.1768637730215590e-07
2.4164614342093812e+06,7.0246367872356497e-01,-7.0139498894690178e-03,-3.3355253278176722e-01,-6.3767356663672892e-03,5.9484280749064877e-01,-4.1011720992744872e-03,-4.7506499956631178e-02,2.8473922155372137e-03,8.6570451817670080e-01,8.9226178556562064e-03,5.5967033644422359e-01,-5.3980241890971030e-03,-7.1009067940740889e-01,1.3551454794384354e-03,-3.7306535629822929e-01,5.9928810535886390e-04,5.7693099469808340e-01,-5.9848107738177878e-03,7.1027318927178007e-01,-1.4160211067739278e-03,-3.7105920434958206e-01,-6.8398761140213166e-04,6.3419472463029714e-01,-7.4810658432084443e-03,-2.9538664604397809e-02,-3.4209266102777688e-03,8.2997801568801732e-01,7.5559512712632202e-03,5.0030029694233902e-01,-3.7216587599243987e-03,-7.0363620852314568e-01,7.3050825094112997e-03,-4.2257791406777401e-01,-7.3689775975176574e-03,5.9396309929148949e-01,-4.0271217400615284e-03,3.3548748194592472e-04,3.3480522689840439e-04,3.4245982007122353e-04,2.6415586399613528e-01,-4.3078599366177729e-02,7.9290807802370064e-02,9.4385662343523868e-01,-5.5013321812749630e-08,1.9977489680588482e-07
2.5158217555288514e+06,7.0241166794598486e-01,-7.0646182202049879e-03,-3.3360123672468234e-01,-6.4314351607474562e-03,5.9486730105065444e-01,-4.0760320918344006e-03,-4.7484901327292342e-02,2.9739427342986707e-03,8.6570482684787164e-01,8.9858101552763858e-03,5.5966917316428355e-01,-5.4493513067545313e-03,-7.1014266169410545e-01,1.2960537428048369e-03,-3.7301826923188869e-01,7.9391745895115995e-04,5.7690681182026493e-01,-5.9608521552219186e-03,7.1022767120889629e-01,-1.3464056420168591e-03,-3.7110319078183851e-01,-6.1468029922897389e-04,6.3423083325044471e-01,-7.5230787343394103e-03,-2.9499600071303398e-02,-3.5668138446860627e-03,8.2998245029684703e-01,7.5130631692353327e-03,5.0030044675303320e-01,-3.6261477937319189e-03,-7.0368753906257120e-01,7.3800285351175911e-03,-4.2253747801437397e-01,-7.5068114141290127e-03,5.9392504312520378e-01,-4.0683881152543616e-03,3.3547327173045349e-04,3.3480568586625434e-04,3.4230754350693453e-04,-1.1691226873245350e-01,-2.2827310249332536e-01,8.8411294011708064e-01,-3.3743101412590154e-01,1.2900285100855439e-07,-5.2782814078932681e-08
2.6192675852338253e+06,7.0236217661785705e-01,-7.1139887300398774e-03,-3.3364717953347411e-01,-6.4856410222848410e-03,5.9489060644081371e-01,-4.0518332933845887e-03,-4.7467264340533666e-02,3.0985724595759094e-03,8.6570350633961501e-01,9.0473774783685901e-03,5.5966932316118612e-01,-5.4993416037039597e-03,-7.1019186705044546e-01,1.2384107218787466e-03,-3.7297735991811937e-01,9.8443408000616073e-04,5.7688257414191291e-01,-5.9372233467708136e-03,7.1018507909448880e-01,-1.2783548699161532e-03,-3.7114423714388844e-01,-5.4632223407001567e-04,6.3426510071432418e-01,-7.5635545865004030e-03,-2.9465407198550859e-02,-3.7102306853518409e-03,8.2998577598326218e-01,7.4712023241696648e-03,5.0030298466085388e-01,-3.5331642592172064e-03,-7.0373572955018637e-01,7.4533514932888234e-03,-4.2250167820564827e-01,-7.6418926211025296e-03,5.9388679716052306e-01,-4.1090178646675333e-03,3.3545829822405945e-04,3.3480505581417748e-04,3.4215722413130780e-04,1.3451824898863513e-01,2.0536334109693485e-01,-8.5552605183841368e-01,4.0243031350350755e-01,-6.1523164622348816e-08,6.9670477849479256e-08
2.7269669116977938e+06,7.0231433476385308e-01,-7.1628708298302479e-03,-3.3369135175097220e-01,-6.5400742955123506e-03,5.9491311040159001e-01,-4.0281330659250525e-03,-4.7451898283200053e-02,3.2227171265162245e-03,8.6570124948505145e-01,9.1081167985297695e-03,5.5967020865005668e-01,-5.5486267831477958e-03,-7.1023925857803771e-01,1.1813064143155749e-03,-3.7294010433453406e-01,1.1732954316441419e-03,5.7685844265912334e-01,-5.9137669571323014e-03,7.1014437769111471e-01,-1.2108604114100491e-03,-3.7118348262558942e-01,-4.7803462647137912e-04,6.3429813991915718e-01,-7.6032172137922406e-03,-2.9434096806326270e-02,-3.8529418803227434e-03,8.2998852170037507e-01,7.4298612500841316e-03,5.0030686080804099e-01,-3.4415106657324163e-03,-7.0378195383680975e-01,7.5261076735275937e-03,-4.2246866150597545e-01,-7.7759489474909004e-03,5.9384866302816663e-01,-4.1493218935600628e-03,3.3544290559233417e-04,3.3480373527705316e-04,3.4200908476546884e-04,-2.0154656865026704e-01,1.2033189159858830e-01,-3.3808296479715144e-01,-8.8199348271744660e-01,-5.6447560167973061e-08,-2.4236502115279676e-08
2.8390946306582689e+06,7.0225938022284051e-01,-7.2193632987120893e-03,-3.3373983902511029e-01,-6.6023936965489832e-03,5.9493993928303146e-01,-4.0006139696960657e-03,-4.7423905155142318e-02,3.3612232029343082e-03,8.6570679634480574e-01,9.1759164746759991e-03,5.5966424955007388e-01,-5.6034252756431129e-03,-7.1029435765430526e-01,1.1156009443518133e-03,-3.7288034891236621e-01,1.3852650375467956e-03,5.7683647089199741e-01,-5.8888864284585641e-03,7.1009560454132004e-01,-1.1336928095388998e-03,-3.7122987359107806e-01,-4.0069669388829998e-04,6.3433810117901457e-01,-7.6491019976431141e-03,-2.9387775348131116e-02,-4.0130519748900091e-03,8.2999727769982312e-01,7.3840828008586400e-03,5.0029826608351202e-01,-3.3393992751045523e-03,-7.0383754014138311e-01,7.6089398304321799e-03,-4.2241994521708726e-01,-7.9265340303066659e-03,5.9381452189054551e-01,-4.1924072979752586e-03,3.3542961282223983e-04,3.3480469414688994e-04,3.4186480523713103e-04,-2.0525755232180845e-01,9.0149668877953837e-02,-1.9710350467569629e-01,-9.2279573657005154e-01,-3.9687453326334013e-08,-6.6328639262318578e-09
2.9558328292345204e+06,7.0220868750408660e-01,-7.2729912600772439e-03,-3.3378453238880906e-01,-6.6628249551428792e-03,5.9496449954761099e-01,-3.9749028125168557e-03,-4.7402750796202632e-02,3.4949347847669267e-03,8.6570887836308519e-01,9.2404867892454390e-03,5.5966120164893796e-01,-5.6556181834165210e-03,-7.1034478838542625e-01,1.0531160366348824e-03,-3.7283202855426489e-01,1.5882420911502229e-03,5.7681401104996244e-01,-5.8646768006314909e-03,7.1005173170727498e-01,-1.0600734201702425e-03,-3.7127166562122510e-01,-3.2602503260303417e-04,6.3437450328348377e-01,-7.6920358590473730e-03,-2.9349800576787939e-02,-4.1671872447975253e-03,8.3000356180986501e-01,7.3403347405339662e-03,5.0029497199339823e-01,-3.2422206861688323e-03,-7.0388775986363050e-01,7.6880898241520551e-03,-4.2237955480313055e-01,-8.0709241182051195e-03,5.9377937307143203e-01,-4.2341985709662654e-03,3.3541505589951851e-04,3.3480397545008887e-04,3.4172204041603307e-04,5.4638734577867665e-02,2.0676355261115159e-01,-9.4241274259337626e-01,2.1581359818752439e-02,1.3360834498345834e-09,2.6078999650991934e-08
3.0773710816235850e+06,7.0215269885438891e-01,-7.3328392889894789e-03,-3.3383210432492710e-01,-6.7300383222982027e-03,5.9499235745033863e-01,-3.9461828161665817e-03,-4.7372188687821129e-02,3.6405463600158415e-03,8.6571697066625031e-01,9.3106347843351367e-03,5.5965283659350762e-01,-5.7121380453879298e-03,-7.1040092318297199e-01,9.8359614019266628e-04,-3.7276667702171745e-01,1.8099692599156669e-03,5.7679328884417957e-01,-5.8393606649692759e-03,7.1000191934569201e-01,-9.7851872301239740e-04,-3.7131865375243978e-01,-2.4373672673650999e-04,6.3441619921951864e-01,-7.7398659462362867e-03,-2.9300667738989084e-02,-4.3356916356926062e-03,8.3001456004505481e-01,7.2930957442076342e-03,5.0028199149727037e-01,-3.1368299131212798e-03,-7.0394497540359213e-01,7.7754961025396484e-03,-4.2232737475847038e-01,-8.2288142371795513e-03,5.9374742804828995e-01,-4.2781542022411537e-03,3.3540193328085823e-04,3.3480476769277850e-04,3.4158257344018612e-04,-2.9044692060354992e-02,-2.0168978609506116e-01,9.3443150693921995e-01,1.1635345525293807e-01,-5.1788440545801507e-09,-1.5969723453890302e-08
3.2039067569547356e+06,7.0210506490707147e-01,-7.3857078927282438e-03,-3.3387313305743732e-01,-6.7913735081936086e-03,5.9501554054106620e-01,-3.9214331561866307e-03,-4.7355361723929262e-02,3.7737444262638149e-03,8.6571751493601623e-01,9.3735834997767664e-03,5.5965094338207932e-01,-5.7629343817480394e-03,-7.1044796272106647e-01,9.2194644519350000e-04,-3.7272494938677442e-01,2.0101338986558137e-03,5.7677111471126541e-01,-5.8155197712016406e-03,7.0996161802797075e-01,-9.0572746853974265e-04,-3.7135690402004368e-01,-1.6881899837570919e-04,6.3445050396624858e-01,-7.7812240140472414e-03,-2.9268165162483619e-02,-4.4889550004811396e-03,8.3001996476517625e-01,7.2503643875103567e-03,5.0028079698395445e-01,-3.0422857001989757e-03,-7.0399154298139521e-01,7.8538087783409927e-03,-4.2229210987106436e-01,-8.3715609549568411e-03,5.9371264781340605e-01,-4.3192541217230577e-03,3.3538666250897109e-04,3.3480279380458666e-04,3.4144404593312026e-04,1.9246716729826513e-01,-2.3775337913768659e-02,-1.6559023470006401e-01,9.2597276139572227e-01,8.3078977846476150e-09,-6.7271081875580606e-09
3.3356453398023443e+06,7.0204648590530150e-01,-7.4505815563302158e-03,-3.3392076383301605e-01,-6.8652708108277241e-03,5.9504535399346603e-01,-3.8906887216428212e-03,-4.7319692979168222e-02,3.9296105923734767e-03,8.6572968432202690e-01,9.4475829500293429e-03,5.5963881679793503e-01,-5.8223431334382776e-03,-7.1050679682839502e-01,8.4672315017209066e-04,-3.7264943456350208e-01,2.2466235681286723e-03,5.7675199714007119e-01,-5.7894801532873295e-03,7.0990906004506893e-01,-8.1765663665859969e-04,-3.7140602246197107e-01,-7.9570275102960972e-05,6.3449540841776797e-01,-7.8323336553326323e-03,-2.9213163105193955e-02,-4.6696673731973547e-03,8.3003442245190051e-01,7.2007357358440946e-03,5.0026096825515676e-01,-2.9314017608860592e-03,-7.0405239135461040e-01,7.9479935258768789e-03,-4.2223327162684227e-01,-8.5403642820263640e-03,5.9368357739919864e-01,-4.3646393571701528e-03,3.3537424941037976e-04,3.3480403187118783e-04,3.4130966653296005e-04,1.7702064672353729e-01,-5.1395491219184734e-02,-4.5720345169718353e-02,9.3846575334651861e-01,2.2437712796657710e-09,-6.3564261307849246e-09
3.4728007638776274e+06,7.0199683436514726e-01,-7.5077752012275845e-03,-3.3396159333863834e-01,-6.9325780115611774e-03,5.9507012222224775e-01,-3.8642764933613984e-03,-4.7298647366739277e-02,4.0717118624518482e-03,8.6573369654967580e-01,9.5136974228828414e-03,5.5963370893694042e-01,-5.8754946289941183e-03,-7.1055592905158993e-01,7.8016809592129643e-04,-3.7259925017753126e-01,2.4593746670128827e-03,5.7673128182467259e-01,-5.7650632954616967e-03,7.0986663039325570e-01,-7.3925368576468000e-04,-3.7144589993695071e-01,1.4809327834081239e-06,6.3453233080612292e-01,-7.8763851162533677e-03,-2.9175867865355549e-02,-4.8335103917245869e-03,8.3004280337651215e-01,7.1560291753276564e-03,5.0025391740818270e-01,-2.8323757515081468e-03,-7.0410186894406945e-01,8.0321578479244354e-03,-4.2219252685414149e-01,-8.6924574731721826e-03,5.9365139328899008e-01,-4.4068895033193660e-03,3.3535958208444924e-04,3.3480237649977286e-04,3.4117608897250666e-04,-1.0961813487871849e-01,-1.3640813912827676e-01,8.9302268831683496e-01,-2.8868808540742230e-01,-3.7778971459073753e-09,1.8536830176821824e-09
3.6155957594411690e+06,7.0193726413194490e-01,-7.5763669855329341e-03,-3.3400799748211907e-01,-7.0121185512781528e-03,5.9510099580958908e-01,-3.8322696592678713e-03,-4.7260730132789849e-02,4.2355079865406681e-03,8.6574836801553035e-01,9.5901446468351498e-03,5.5961915877630375e-01,-5.9366745677911260e-03,-7.1061569694145343e-01,7.0071826344370036e-04,-3.7251839546950904e-01,2.7065203358942469e-03,5.7671339500151975e-01,-5.7386014928042951e-03,7.0981321142562459e-01,-6.4630609467764531e-04,-3.7149541472588710e-01,9.6339273889740722e-05,6.3457902145538425e-01,-7.9295263078784338e-03,-2.9118411039730802e-02,-5.0235728937674546e-03,8.3005958707291105e-01,7.1048961429185610e-03,5.0022968156644132e-01,-2.7181173575524091e-03,-7.0416426771477980e-01,8.1314117069490374e-03,-4.2213048547556437e-01,-8.8693136741075616e-03,5.9362449779543214e-01,-4.4531194510279608e-03,3.3534745232433614e-04,3.3480354761734378e-04,3.4104638968395347e-04,1.6341107227360011e-01,2.8713504755974138e-02,-5.0558795645953736e-01,7.8934167729905413e-01,-2.7991801901762523e-11,-2.6004545600820076e-09
3.7642622150003603e+06,7.0188610404035190e-01,-7.6376404234348994e-03,-3.3404813010473489e-01,-7.0853835745541063e-03,5.9512707879958027e-01,-3.8043973456915823e-03,-4.7236459172705796e-02,4.3861493671422669e-03,8.6575533755606182e-01,9.6590477484941040e-03,5.5961125051516536e-01,-5.9918701315683142e-03,-7.1066633922605171e-01,6.2953428493239816e-04,-3.7246134251412899e-01,2.9309956475727442e-03,5.7669401422141020e-01,-5.7137020127087292e-03,7.0976930145113459e-01,-5.6258599671834501e-04,-3.7153632103819595e-01,1.8338402880224442e-04,6.3461813329540084e-01,-7.9759343629876855e-03,-2.9077502122243373e-02,-5.1975256513034961e-03,8.3007062187548020e-01,7.0584575106346394e-03,5.0021753364365751e-01,-2.6151993316155448e-03,-7.0421598602804825e-01,8.2211161203657578e-03,-4.2208542512811931e-01,-9.0301999618594125e-03,5.9359468263322401e-01,-4.4963388269333325e-03,3.3533325659623454e-04,3.3480204866123025e-04,3.4091755115832925e-04,1.2620821060893883e-01,9.3563952382941254e-02,-8.1982038953092917e-01,4.5218769566294209e-01,5.9695915111301997e-11,-1.5893318672824770e-09
3.9190415538792149e+06,7.0182551772401447e-01,-7.7102365688578312e-03,-3.3409321992669322e-01,-7.1710722148481537e-03,5.9515903936391923e-01,-3.7710533754368829e-03,-4.7196361582296363e-02,4.5584956276396374e-03,8.6577250660987881e-01,9.7380735020515530e-03,5.5959425089943515e-01,-6.0549096516391929e-03,-7.1072703683364225e-01,5.4553473581009371e-04,-3.7237515973443164e-01,3.1895545106522677e-03,5.7667735316694790e-01,-5.6868087386898547e-03,7.0971506540930684e-01,-4.6438421826415683e-04,-3.7158620765808409e-01,2.8432236527178292e-04,6.3466665448941539e-01,-8.0312221881257227e-03,-2.9017663552770405e-02,-5.3976648236142019e-03,8.3008980202868898e-01,7.0057435118822606e-03,5.0018884943515396e-01,-2.4973986749780466e-03,-7.0427996318050190e-01,8.3258273099326378e-03,-4.2202022646759380e-01,-9.2157075507138982e-03,5.9356996054798683e-01,-4.5434323420736940e-03,3.3532141602555442e-04,3.3480315877209383e-04,3.4079240528545019e-04,8.6075234576461976e-02,-1.2108995792426284e-01,4.4216584995064062e-01,8.2389207442088541e-01,-8.8547269650128510e-10,3.7721391405374384e-10
4.0801851262719594e+06,7.0177509799936888e-01,-7.7734186037042297e-03,-3.3413105809961358e-01,-7.2482669851372424e-03,5.9518513425683162e-01,-3.7428907748284523e-03,-4.7172726516516453e-02,4.7136620072850584e-03,8.6578019949087548e-01,9.8076003328864819e-03,5.5958547855171026e-01,-6.1104448459526435e-03,-7.1077674279693592e-01,4.7217967515600368e-04,-3.7231796347481055e-01,3.4190434576002356e-03,5.7665877649621544e-01,-5.6618791978127938e-03,7.0967224443068322e-01,-3.7810352557014575e-04,-3.7162581920253157e-01,3.7492495130371636e-04,6.3470588261294614e-01,-8.0780803784800213e-03,-2.8977768584472766e-02,-5.5768397282762242e-03,8.3010180952953772e-01,6.9589194585098976e-03,5.0017512937432096e-01,-2.3938194045795766e-03,-7.0433101407405985e-01,8.4182168042283376e-03,-4.2197561494175395e-01,-9.3806281468396882e-03,5.9354151290767387e-01,-4.5867467126408500e-03,3.3530713496223672e-04,3.3480115060519836e-04,3.4066780798331302e-04,-6.7903769238334940e-03,1.4014156064338298e-01,-7.9996557618115127e-01,-4.8184149818300026e-01,9.5785407733618657e-11,-5.6813292452761916e-10
4.2479546174171586e+06,7.0171488663705806e-01,-7.8487180997798278e-03,-3.3417387660067999e-01,-7.3389541046169175e-03,5.9521736109403778e-01,-3.7089328073265249e-03,-4.7132836074891604e-02,4.8921733230419887e-03,8.6579845008875900e-01,9.8878640911476828e-03,5.5956725314201672e-01,-6.1742841783950274e-03,-7.1083685160190269e-01,3.8510328531882188e-04,-3.7223064759944802e-01,3.6849566669257122e-03,5.7664300296873372e-01,-5.6348400921576612e-03,7.0961879367592151e-01,-2.7629718188281924e-04,-3.7167466478335570e-01,4.8052420802158734e-04,6.3475492825848434e-01,-8.1343350759240929e-03,-2.8918412486559859e-02,-5.7841467096357872e-03,8.3012234103579396e-01,6.9054578346843679e-03,5.0014422552664839e-01,-2.2744853268019801e-03,-7.0439477854002730e-01,8.5266793339895466e-03,-4.2191023128890182e-01,-9.5719233335538993e-03,5.9351832713497110e-01,-4.6341529217405024e-03,3.3529528836052691e-04,3.3480184095554649e-04,3.4054690423956777e-04,-5.0684872805086212e-02,1.2222547977655916e-01,-5.6613802926680301e-01,-7.4109610335046472e-01,2.5772150683659399e-11,-3.4014938436511883e-10
4.4226224725551782e+06,7.0165814211239130e-01,-7.9218340336359994e-03,-3.3421354880555010e-01,-7.4285539619419055e-03,5.9524774833907423e-01,-3.6764809034175072e-03,-4.7098435585200785e-02,5.0671060413740657e-03,8.6581394114507892e-01,9.9653926320321246e-03,5.5955132574141175e-01,-6.2359047630930831e-03,-7.1089314784871105e-01,3.0049371660412216e-04,-3.7215249216432073e-01,3.9437577556587812e-03,5.7662689382935728e-01,-5.6084089500077492e-03,7.0956936642282087e-01,-1.7720185107071595e-04,-3.7171978463892374e-01,5.8430900866971716e-04,6.3480109354938075e-01,-8.1881288585419678e-03,-2.8865783249651469e-02,-5.9869682512213463e-03,8.3014097093643002e-01,6.8536898000505558e-03,5.0011750402538746e-01,-2.1593504562445074e-03,-7.0445422608034813e-01,8.6323557132599038e-03,-4.2185156543875996e-01,-9.7583778101077781e-03,5.9349442605789127e-01,-4.6804025730253513e-03,3.3528263498992534e-04,3.3480136679485775e-04,3.4042754042704011e-04,1.2461187393049740e-01,4.0079434328908954e-04,-4.9540132162230482e-01,7.8862125261243543e-01,-1.4480805643178880e-10,1.3752543839317425e-10
4.6044723393591009e+06,7.0159803265709031e-01,-8.0004053453209267e-03,-3.3425391795321924e-01,-7.5249661216499723e-03,5.9528049295334162e-01,-3.6416714842889600e-03,-4.7058550004458910e-02,5.2529078269706979e-03,8.6583362351981386e-01,1.0047317265905915e-02,5.5953152069213796e-01,-6.3008697177093101e-03,-7.1095291682425099e-01,2.0970441078471680e-04,-3.7206327945195694e-01,4.2186608720396410e-03,5.7661208804041375e-01,-5.5811518923428128e-03,7.0951650691458346e-01,-7.1064433460214387e-05,-3.7176765179576399e-01,6.9533582927230842e-04,6.3485106684584491e-01,-8.2457301435156435e-03,-2.8806629699704503e-02,-6.2027844202489713e-03,8.3016320314804004e-01,6.7992131814296553e-03,5.0008374080418516e-01,-2.0378644803042464e-03,-7.0451809776878893e-01,8.7453247671919112e-03,-4.2178554712060967e-01,-9.9566751927018665e-03,5.9347293857802763e-01,-4.7282609577227463e-03,3.3527081522000856e-04,3.3480168315140217e-04,3.4031075132847337e-04,-3.9918523825816773e-02,1.1017942430653896e-01,-5.5081519995582684e-01,-7.4931285683308435e-01,-8.8157888390094478e-11,-7.4751986302306425e-11
4.7937995285575576e+06,7.0154326045403415e-01,-8.0746171562957048e-03,-3.3429042454679375e-01,-7.6181160623858858e-03,5.9531014521408199e-01,-3.6094961861967171e-03,-4.7026983608816061e-02,5.4310202656638780e-03,8.6584849288142662e-01,1.0124418068227559e-02,5.5951585931349312e-01,-6.3619827119932746e-03,-7.1100689572112774e-01,1.2384602576642756e-04,-3.7198883241345382e-01,4.4797831869311296e-03,5.7659645648947422e-01,-5.5549310443858508e-03,7.0946967140874773e-01,2.9579157948131770e-05,-3.7181023458575740e-01,8.0201134182918739e-04,6.3489616074750632e-01,-8.2990423023963592e-03,-2.8757652590171112e-02,-6.4091444779652137e-03,8.3018191259227470e-01,6.7477083809175959e-03,5.0005751405198418e-01,-1.9236769504613390e-03,-7.0457530236824950e-01,8.8526455295859143e-03,-4.2173008826759228e-01,-1.0145343537931645e-02,5.9344979842726397e-01,-4.7741420670908774e-03,3.3525782015825071e-04,3.3480039201529604e-04,3.4019521978060100e-04,2.5531302455960313e-02,1.0704392888526769e-01,-8.5965016599118149e-01,-3.5123948067359240e-01,-6.2303286337465447e-11,2.2115898002495017e-11
4.9909114934975002e+06,7.0148126186878790e-01,-8.1589913576999851e-03,-3.3432933585407837e-01,-7.7230948376811655e-03,5.9534464628709616e-01,-3.5726300231220536e-03,-4.6984037593509262e-02,5.6290014768222985e-03,8.6587159929675850e-01,1.0210230790088905e-02,5.5949266705944845e-01,-6.4297965932137756e-03,-7.1106841018263678e-01,2.6478687787101496e-05,-3.7189193147587568e-01,4.7712697605930485e-03,5.7658308484114862e-01,-5.5270199520402446e-03,7.0941532058429491e-01,1.4329322153475353e-04,-3.7185894954278631e-01,9.2161251999711398e-04,6.3494903718858020e-01,-8.3599390180021087e-03,-2.8694988950081265e-02,-6.6393553784886063e-03,8.3020751695722528e-01,6.6908437237590424e-03,5.0001761342229856e-01,-1.7967717332669688e-03,-7.0464182711009404e-01,8.9734781308967830e-03,-4.2165945348278333e-01,-1.0356158619505059e-02,5.9343090814511912e-01,-4.8232917970301506e-03,3.3524653093824723e-04,3.3480093414269040e-04,3.4008275327638920e-04,-2.9276602095236966e-02,-9.8946217462799524e-02,8.6599507753033689e-01,3.3137387955597114e-01,2.4298963885233358e-11,-2.8390080971324976e-11
5.1961283294256916e+06,7.0142092021103908e-01,-8.2434016796976706e-03,-3.3436621205224609e-01,-7.8295123579963481e-03,5.9537837139877248e-01,-3.5362270394227796e-03,-4.6943675039130502e-02,5.8276965241195952e-03,8.6589367455241917e-01,1.0295233097616176e-02,5.5947021955105292e-01,-6.4968819902618911e-03,-7.1112802174765477e-01,-7.0932058177652912e-05,-3.7179895212694097e-01,5.0622837684436333e-03,5.7656977996624958e-01,-5.4993416372300288e-03,7.0936306567813046e-01,2.5713927787003057e-04,-3.7190573080703632e-01,1.0421806356994113e-03,6.3500072832899190e-01,-8.4200636698115207e-03,-2.8635554037159904e-02,-6.8702495342057154e-03,8.3023266608627577e-01,6.6344746611948354e-03,4.9997907755722998e-01,-1.6712417079734337e-03,-7.0470637460594332e-01,9.0944740820041968e-03,-4.2159189502088101e-01,-1.0566952533771597e-02,5.9341207632083071e-01,-4.8720100964726749e-03,3.3523492301748857e-04,3.3480089235061696e-04,3.3997203420340776e-04,8.6296453537840715e-03,-9.6221491760519404e-02,6.6209334950312959e-01,6.4707711497155640e-01,1.1910955914977893e-11,-1.7131224329186165e-11
5.4097832932997001e+06,7.0136259431321235e-01,-8.3273571557935799e-03,-3.3440073907399448e-01,-7.9367470104768113e-03,5.9541114217972146e-01,-3.5005004037472337e-03,-4.6906530064330966e-02,6.0261005725807532e-03,8.6591442209396152e-01,1.0379013087481421e-02,5.5944878242220408e-01,-6.5629256835642632e-03,-7.1118534982451953e-01,-1.6782499477036028e-04,-3.7171091807486056e-01,5.3513395157539414e-03,5.7655647038222801e-01,-5.4719812074951737e-03,7.0931330007818250e-01,3.7047106014397632e-04,-3.7195015789239994e-01,1.1630588368666552e-03,6.3505094907807758e-01,-8.4790717483021628e-03,-2.8580096770628088e-02,-7.1006284955451764e-03,8.3025710120547858e-01,6.5788481761503243e-03,4.9994238522922646e-01,-1.5476792981823587e-03,-7.0476847038646318e-01,9.2149737719458280e-03,-4.2152814208677253e-01,-1.0776631631429584e-02,5.9339316572933287e-01,-4.9201355426450044e-03,3.3522292170228783e-04,3.3480017885023698e-04,3.3986297101167153e-04,-6.3922488568380398e-02,6.3795035561395846e-02,-6.3034991687223679e-02,-9.2216403156959736e-01,-8.3924334790326876e-12,7.8705710572266403e-12
5.6322233449725499e+06,7.0130356045750042e-01,-8.4141978605866141e-03,-3.3443419636880173e-01,-8.0483915128425690e-03,5.9544469078468976e-01,-3.4638047830992079e-03,-4.6868403840248624e-02,6.2306223359956427e-03,8.6593665814216902e-01,1.0464621070335375e-02,5.5942581402845382e-01,-6.6302976687539917e-03,-7.1124326191225717e-01,-2.6798354812784808e-04,-3.7161980743623552e-01,5.6485578417471028e-03,5.7654382256425474e-01,-5.4443261449330684e-03,7.0926313793904916e-01,4.8757085001445866e-04,-3.7199466922364477e-01,1.2883025113075157e-03,6.3510246264759274e-01,-8.5396266418207231e-03,-2.8523525307374387e-02,-7.3382185914594904e-03,8.3028312290961215e-01,6.5220905916290100e-03,4.9990292370642003e-01,-1.4215900387096955e-03,-7.0483157844173927e-01,9.3393955988299096e-03,-4.2146267570141921e-01,-1.0992513588887054e-02,5.9337545546953541e-01,-4.9688436882182208e-03,3.3521114949260105e-04,3.3479953744613511e-04,3.3975593475555444e-04,-8.3752144005139167e-02,-9.5149272082406203e-03,6.9971999915614336e-01,-6.0164664920117839e-01,-5.8816659051097454e-12,2.1561870962706500e-12
5.8638097106298152e+06,7.0124148079351845e-01,-8.5070021407043228e-03,-3.3446757728796439e-01,-8.1679160391297419e-03,5.9548051938209534e-01,-3.4246748757596011e-03,-4.6825779362807587e-02,6.4472689664238879e-03,8.6596279081873373e-01,1.0554790720265370e-02,5.5939911389296237e-01,-6.7011116068426604e-03,-7.1130419307817894e-01,-3.7489789664535422e-04,-3.7151878282133804e-01,5.9632383760900767e-03,5.7653240839190734e-01,-5.4158278455905401e-03,7.0921016064767084e-01,6.1240630156738870e-04,-3.7204130847854333e-01,1.4217567589477945e-03,6.3515766787241534e-01,-8.6040965031464970e-03,-2.8461567561373500e-02,-7.5902361778188310e-03,8.3031276053731429e-01,6.4625294385802830e-03,4.9985670472215760e-01,-1.2889657174218307e-03,-7.0489866860575312e-01,9.4718268214916204e-03,-4.2139082754548063e-01,-1.1221363062841412e-02,5.9336004811295884e-01,-5.0191832537417776e-03,3.3520012250501743e-04,3.3479958482611298e-04,3.3965123329554651e-04,3.6516389727294922e-02,6.9541251911466151e-02,-8.8162415965441410e-01,-2.6727176100161237e-01,3.3428200215662433e-12,4.0152302400148129e-13
6.1049184693942750e+06,7.0117978495700595e-01,-8.6016470899564212e-03,-3.3449915656677154e-01,-8.2908922825808348e-03,5.9551647629798432e-01,-3.3851487327348764e-03,-4.6784031256326651e-02,6.6681146245173364e-03,8.6598929737845209e-01,1.0645729325534013e-02,5.5937184716836008e-01,-6.7724248417683052e-03,-7.1136451791735000e-01,-4.8389044683222471e-04,-3.7141796727783355e-01,6.2828510710784061e-03,5.7652139214082276e-01,-5.3872522603388802e-03,7.0915804299969543e-01,7.3967679637107313e-04,-3.7208693694614847e-01,1.5584237070665656e-03,6.3521313192795981e-01,-8.6691815228979313e-03,-2.8400726815566633e-02,-7.8471258334711670e-03,8.3034316370363448e-01,6.4024789362114023e-03,4.9980947326408370e-01,-1.1553875040391801e-03,-7.0496537205039123e-01,9.6068146990530880e-03,-4.2131959272107022e-01,-1.1454120647409548e-02,5.9334534230037017e-01,-5.0696859171691921e-03,3.3518908286946195e-04,3.3479941764298789e-04,3.3954834297776236e-04,-3.1493828823672000e-02,6.5937868078628184e-02,-2.8677976249960396e-01,-8.7378486162722169e-01,1.5350848405699758e-12,9.1226620941261838e-13
6.3559411640505400e+06,7.0111782489580776e-01,-8.6990554039671486e-03,-3.3452912419527997e-01,-8.4183758050781418e-03,5.9555299934737749e-01,-3.3447935769591198e-03,-4.6742244950563359e-02,6.8949656187940848e-03,8.6601686418728729e-01,1.0738242034703036e-02,5.5934337569576176e-01,-6.8448600108149031e-03,-7.1142490033184891e-01,-5.9600534095383129e-04,-3.7131547606092385e-01,6.6101704073972438e-03,5.7651093694222089e-01,-5.3584388561630728e-03,7.0910614319463572e-01,8.7056850969431166e-04,-3.7213207149599098e-01,1.6994683734524348e-03,6.3526955433009069e-01,-8.7355801482003875e-03,-2.8339882774488200e-02,-8.1110543687174068e-03,8.3037493070032797e-01,6.3414424563955924e-03,4.9976007366061420e-01,-1.0196746767129079e-03,-7.0503250627441605e-01,9.7455866274068527e-03,-4.2124770664914651e-01,-1.1692809278581236e-02,5.9333165424973189e-01,-5.1206581447687761e-03,3.3517817957682265e-04,3.3479921478255843e-04,3.3944733010736640e-04,6.3202600143192400e-02,-2.4730140992434750e-02,-4.1157909362217987e-01,8.2056301272409871e-01,-6.7280847918654038e-13,-6.4835932339205882e-13
6.6172854368815832e+06,7.0105690589856717e-01,-8.7975886304082485e-03,-3.3455687666621853e-01,-8.5485813720362486e-03,5.9558925695735632e-01,-3.3044123750977424e-03,-4.6702435085832196e-02,7.1246482410007132e-03,8.6604413744285413e-01,1.0830828908965438e-02,5.5931492391017634e-01,-6.9172554163055618e-03,-7.1148396738649211e-01,-7.0938190735392315e-04,-3.7121516217348582e-01,6.9402125609161758e-03,5.7650071960888649e-01,-5.3296918424143285e-03,7.0905584583252024e-01,1.0029671527017751e-03,-3.7217554695238841e-01,1.8428873461801068e-03,6.3532560733601295e-01,-8.8019937429703234e-03,-2.8281476556352835e-02,-8.3782022707075358e-03,8.3040695461011671e-01,6.2803292450588858e-03,4.9971072647104120e-01,-8.8403044816298768e-04,-7.0509841423324437e-01,9.8859749210815882e-03,-4.2117782019172156e-01,-1.1933815646649483e-02,5.9331836358720258e-01,-5.1715186700648629e-03,3.3516714016358960e-04,3.3479865219670851e-04,3.3934798740526480e-04,6.2783827718799437e-02,4.2618846834845334e-03,-7.3747298640694026e-01,5.4385410064757556e-01,-3.7607714967140505e-13,-3.0179495724029479e-13
6.8893756916496363e+06,7.0099349930213095e-01,-8.9021188850113009e-03,-3.3458363174609418e-01,-8.6870345267231752e-03,5.9562758977288688e-01,-3.2616957486968695e-03,-4.6659467453202097e-02,7.3667092346348523e-03,8.6607483248428674e-01,1.0927806457578126e-02,5.5928306380869164e-01,-6.9929462015314234e-03,-7.1154536310968974e-01,-8.2954484293806807e-04,-3.7110670403488411e-01,7.2877021365724513e-03,5.7649162819486688e-01,-5.3001418472682325e-03,7.0900357604573394e-01,1.1431589212866793e-03,-3.7222028422113451e-01,1.9947945774243243e-03,6.3538503140882086e-01,-8.8721505986945320e-03,-2.8219245088675217e-02,-8.6600244896810150e-03,8.3044241410729425e-01,6.2165036464082992e-03,4.9965522274886759e-01,-7.4212970450495200e-04,-7.0516755462591385e-01,1.0034452421988440e-02,-4.2110295170875056e-01,-1.2187868788528268e-02,5.9330718633042356e-01,-5.2239245028276836e-03,3.3515671966807597e-04,3.3479863317034214e-04,3.3925077506820073e-04,-5.8173019818399861e-02,-2.9135858318838723e-03,7.4192681191417631e-01,-5.3478930475551445e-01,2.4363388036864265e-13,2.9103165237702984e-14
7.1726537827965040e+06,7.0093104372180570e-01,-9.0081566822768910e-03,-3.3460795072189109e-01,-8.8287373489886155e-03,5.9566577480274174e-01,-3.2188076397668582e-03,-4.6618531847196380e-02,7.6123993011639503e-03,8.6610536801037341e-01,1.1025128333898911e-02,5.5925106094476984e-01,-7.0688053185401136e-03,-7.1160549728776967e-01,-9.5139653423775838e-04,-3.7100021030955266e-01,7.6390254367583350e-03,5.7648280767574234e-01,-5.2706056424866535e-03,7.0895291581710607e-01,1.2853460511696490e-03,-3.7226329601708641e-01,2.1496276152157263e-03,6.3544427580635088e-01,-8.9425541198115896e-03,-2.8159492072379968e-02,-8.9460065128233700e-03,8.3047832393640020e-01,6.1524204256089487e-03,4.9959948170637991e-01,-5.9990358732956925e-04,-7.0523556902243456e-01,1.0185067757288143e-02,-4.2103001066585405e-01,-1.2445071485059765e-02,5.9329647651821160e-01,-5.2763168878075355e-03,3.3514619963476763e-04,3.3479830011022831e-04,3.3915519764918706e-04,-4.5329724611528024e-02,2.9008686007967958e-02,3.1752930921619699e-01,-8.5579360438531171e-01,6.1225418329119951e-14,-1.0675932361261636e-13
7.4675797329824818e+06,7.0086688627288507e-01,-9.1195428875564533e-03,-3.3463056642049005e-01,-8.9781203765882389e-03,5.9570561467375016e-01,-3.1739522260037919e-03,-4.6575892154897713e-02,7.8692944414130439e-03,8.6613857368623337e-01,1.1126158502493870e-02,5.5921627781319394e-01,-7.1474275229400398e-03,-7.1166708316952976e-01,-1.0792921829605451e-03,-3.7088794090625427e-01,8.0057748955984602e-03,5.7647493764402058e-01,-5.2404055492014786e-03,7.0890124098463081e-01,1.4344908729132348e-03,-3.7230667671402140e-01,2.3122601580465975e-03,6.3550622337366902e-01,-9.0161005616840786e-03,-2.8097642178028553e-02,-9.2452244621873732e-03,8.3051715492343192e-01,6.0860260578374211e-03,4.9953872934827531e-01,-4.5243047153234375e-04,-7.0530579819627570e-01,1.0342932472332034e-02,-4.2095381083790157e-01,-1.2713891964176251e-02,5.9328755116061538e-01,-5.3299843907319167e-03,3.3513613782953184e-04,3.3479832133998931e-04,3.3906158753602183e-04,-1.8285295315155249e-02,-4.6144155639255974e-02,7.6467283558750998e-01,4.9510117691794497e-01,6.0106162835944345e-14,9.3449658941871680e-15
7.7746324801291237e+06,7.0080376558394608e-01,-9.2325925394254882e-03,-3.3465045660893250e-01,-9.1310335352429352e-03,5.9574530875059961e-01,-3.1288917928444853e-03,-4.6535601414150862e-02,8.1301754749567474e-03,8.6617156875960255e-01,1.1227594302338322e-02,5.5918135821820114e-01,-7.2262648097742126e-03,-7.1172727756848553e-01,-1.2090455261226096e-03,-3.7077793934996395e-01,8.3767779078167647e-03,5.7646732828743397e-01,-5.2102085463273193e-03,7.0885136763559220e-01,1.5858236623287141e-03,-3.7234811751972602e-01,2.4780942037614414e-03,6.3556799623198157e-01,-9.0899448900436039e-03,-2.8038630018081396e-02,-9.5490129693653683e-03,8.3055647825391876e-01,6.0193155489483762e-03,4.9947775560403535e-01,-3.0454409562618613e-04,-7.0537478166973411e-01,1.0503159142069731e-02,-4.2087981980998412e-01,-1.2986190407658620e-02,5.9327907957012804e-01,-5.3836569535868004e-03,3.3512597340441954e-04,3.3479802883546014e-04,3.3896955193348026e-04,-2.0687305895357253e-02,4.0743092004133605e-02,-1.1073808000970375e-01,-9.0231656307263197e-01,-2.6889120119597763e-14,-1.2414941202755615e-14
8.0943106551789818e+06,7.0074087904817906e-01,-9.3485604819331103e-03,-3.3466772576410497e-01,-9.2889461419014899e-03,5.9578543116917859e-01,-3.0830488154239208e-03,-4.6496611988417133e-02,8.3975290151723850e-03,8.6620523426744900e-01,1.1330516649728298e-02,5.5914546567265788e-01,-7.3061512296209961e-03,-7.1178688542143798e-01,-1.3420766699419051e-03,-3.7066787848809507e-01,8.7558088554855334e-03,5.7646019194012466e-01,-5.1797969872575868e-03,7.0880254291321210e-01,1.7409609352756867e-03,-3.7238818482854380e-01,2.6487411664740438e-03,6.3563051322478104e-01,-9.1650174348855088e-03,-2.7981159245996590e-02,-9.8603464644632446e-03,8.3059709251397540e-01,5.9516215759003064e-03,4.9941504768976580e-01,-1.5466232998977234e-04,-7.0544352349175410e-01,1.0667423212337140e-02,-4.2080651044088285e-01,-1.3264729193926322e-02,5.9327147543016545e-01,-5.4377474903920826e-03,3.3511588381024345e-04,3.3479763599793017e-04,3.3887917696135106e-04,-9.7025034275246679e-03,4.0851277902105937e-02,-2.9602778249990097e-01,-8.5750881972920256e-01,-1.3172226702429735e-14,5.3062088622213693e-15
8.4271333918353729e+06,7.0067612042376282e-01,-9.4708058811512896e-03,-3.3468265544328368e-01,-9.4558505657094706e-03,5.9582748198180913e-01,-3.0348922162863378e-03,-4.6456164188145764e-02,8.6780633082794018e-03,8.6624187136886066e-01,1.1437806013130353e-02,5.5910640939802203e-01,-7.3893031148139351e-03,-7.1184801554288168e-01,-1.4821935329100144e-03,-3.7055165196007844e-01,9.1529856412371144e-03,5.7645408693863631e-01,-5.1485887119114672e-03,7.0875279252980150e-01,1.9042522849411153e-03,-3.7242837619629682e-01,2.8285503664100611e-03,6.3569617683996094e-01,-9.2437827143558981e-03,-2.7921820461300137e-02,-1.0187238225770825e-02,8.3064109548007237e-01,5.8811833894238160e-03,4.9934664635460507e-01,1.4189516309628253e-06,-7.0551465894546317e-01,1.0840210442439564e-02,-4.2072987451623012e-01,-1.3556932492636901e-02,5.9326582718505416e-01,-5.4933575584299550e-03,3.3510630981217738e-04,3.3479767017584560e-04,3.3879072201191282e-04,-3.6715862139881261e-02,-1.1608352786235423e-02,8.8041374402848227e-01,-2.1025480361952067e-01,-5.2412626843891848e-15,-4.1790591072092466e-15
8.7736411695971135e+06,7.0061136843350313e-01,-9.5968667569811261e-03,-3.3469453413276934e-01,-9.6289713400269927e-03,5.9587022618455321e-01,-2.9856030956925978e-03,-4.6417049879660298e-02,8.9669457549949108e-03,8.6627949911893609e-01,1.1547242584452014e-02,5.5906600287292840e-01,-7.4740130806407708e-03,-7.1190871333891836e-01,-1.6265935584791058e-03,-3.7043478898815063e-01,9.5608281454511584e-03,5.7644854000443846e-01,-5.1170311541983400e-03,7.0870406144831710e-01,2.0724973720438727e-03,-3.7246710524146115e-01,3.0144537737941028e-03,6.3576301279417358e-01,-9.3243346617557510e-03,-2.7864013198781960e-02,-1.0523887544981892e-02,8.3068683111866959e-01,5.8093242224916799e-03,4.9927583864794539e-01,1.6045836380764247e-04,-7.0558581715960322e-01,1.1018259902722026e-02,-4.2065367639285611e-01,-1.3857344935642408e-02,5.9326122183204788e-01,-5.5496362864517037e-03,3.3509688295247855e-04,3.3479769368925378e-04,3.3870392142595706e-04,3.0746204488873888e-02,1.7235139058815713e-02,-9.0313808474886170e-01,5.1458942205522438e-03,2.9928699543711142e-15,8.6055103572443105e-16
9.1343966914571673e+06,7.0054806645999412e-01,-9.7245316305122897e-03,-3.3470288028465389e-01,-9.8056901757256100e-03,5.9591271326338513e-01,-2.9361973663450721e-03,-4.6381354386111767e-02,9.2597647666670252e-03,8.6631662311931557e-01,1.1656908775487224e-02,5.5902564274623956e-01,-7.5588084442185077e-03,-7.1196750213827942e-01,-1.7727618243089660e-03,-3.7032148391470365e-01,9.9726578950623673e-03,5.7644318856903032e-01,-5.0855123166647764e-03,7.0865778595612861e-01,2.2428179556748490e-03,-3.7250317196371896e-01,3.2036059614393066e-03,6.3582950009249406e-01,-9.4050366430188971e-03,-2.7810275104813289e-02,-1.0865020600320735e-02,8.3073297914472533e-01,5.7371982560597053e-03,4.9920514741815891e-01,3.1966561372886743e-04,-7.0565517235261133e-01,1.1198628081805747e-02,-4.2058074411898461e-01,-1.4161066859744232e-02,5.9325695653776656e-01,-5.6058480379570143e-03,3.3508730862616377e-04,3.3479735700808451e-04,3.3861855052940868e-04,1.9783484446934653e-02,-2.5404729512463569e-02,-1.5118419887901374e-01,8.8830830259667126e-01,-2.5228407251907129e-16,-1.4007167345833698e-15
9.5099857976907790e+06,7.0048446407827114e-01,-9.8567100341331315e-03,-3.3470776083561049e-01,-9.9894852085238642e-03,5.9595623151400634e-01,-2.8853562402958634e-03,-4.6346894397396698e-02,9.5623490174488596e-03,8.6635519699329788e-01,1.1769287998290551e-02,5.5898344909785358e-01,-7.6455994849351852e-03,-7.1202611325469634e-01,-1.9239949781258425e-03,-3.7020667068287394e-01,1.0397235512384764e-02,5.7643850940546959e-01,-5.0535291207587912e-03,7.0861237846248970e-01,2.4189794215598547e-03,-3.7253772524963613e-01,3.3997931147871454e-03,6.3589770359449438e-01,-9.4880095489027275e-03,-2.7757889672615613e-02,-1.1217594070133787e-02,8.3078135586026025e-01,5.6632831850786025e-03,4.9913117688568126e-01,4.8266523099483628e-04,-7.0572490433496959e-01,1.1385206523809100e-02,-4.2050779679120504e-01,-1.4474533508887701e-02,5.9325396322861768e-01,-5.6629424688589107e-03,3.3507795169921729e-04,3.3479709731387003e-04,3.3853481875538324e-04,1.5572054653303229e-02,-2.4882833588728587e-02,-7.9462756998438661e-02,8.9539801925124685e-01,-5.0095832768870999e-16,-3.9782614380709978e-16
9.9010184172166567e+06,7.0041991889096245e-01,-9.9949941072639548e-03,-3.3470894218891284e-01,-1.0182421734123343e-02,5.9600129919292366e-01,-2.8324198446836053e-03,-4.6313066426893174e-02,9.8779732646191061e-03,8.6639594297452216e-01,1.1885630012719695e-02,5.5893866848207685e-01,-7.7353467741377094e-03,-7.1208512675110880e-01,-2.0820892757107412e-03,-3.7008857573249349e-01,1.0839290345387179e-02,5.7643468784113294e-01,-5.0208263695546438e-03,7.0856739297746463e-01,2.6030339760005528e-03,-3.7257106262781381e-01,3.6052092877701361e-03,6.3596845666984780e-01,-9.5743112910248434e-03,-2.7706083774272298e-02,-1.1585490089961292e-02,8.3083276814667861e-01,5.5867813767503539e-03,4.9905257765991362e-01,6.5127340872807651e-04,-7.0579581131805524e-01,1.1580151152292266e-02,-4.2043377377679303e-01,-1.4801250977293155e-02,5.9325261081475833e-01,-5.7213987452642487e-03,3.3506898053277016e-04,3.3479711697617697e-04,3.3845281812880070e-04,2.6705236449331250e-02,-6.1558406860591383e-05,-8.0660927275618388e-01,3.9179940440879363e-01,-1.4021678724870350e-16,-2.4545089094719521e-16
1.0308129558076436e+07,7.0035630907991731e-01,-1.0136402586454873e-02,-3.3470589012501956e-01,-1.0380905085680688e-02,5.9604665942764379e-01,-2.7787371190011578e-03,-4.6282517763785481e-02,1.0200650910791521e-02,8.6643690397117223e-01,1.2003381106343844e-02,5.5889314543716873e-01,-7.8260948255075360e-03,-7.1214263667354816e-01,-2.2436525240104865e-03,-3.6997263935203833e-01,1.1289833257093783e-02,5.7643124766571174e-01,-4.9879196916911926e-03,7.0852466135496728e-01,2.7910928934862982e-03,-3.7260167193788091e-01,3.8159750719604147e-03,6.3603974691033416e-01,-9.6617705436486383e-03,-2.7658087664750235e-02,-1.1961561681403792e-02,8.3088545501414912e-01,5.5092250783092180e-03,4.9897268001089751e-01,8.2178437620598205e-04,-7.0586552172944705e-01,1.1779487737148875e-02,-4.2036231635388682e-01,-1.5134606513163229e-02,5.9325197379745453e-01,-5.7802410555034961e-03,3.3506001331892944e-04,3.3479696277103070e-04,3.3837226589371365e-04,-8.0645066676801429e-03,2.2863787149627262e-02,-8.1230736598303988e-02,-8.9079109894220765e-01,8.3987977233452607e-17,-8.9527077769750241e-17
1.0731980338640748e+07,7.0029523779218417e-01,-1.0278198176123077e-02,-3.3469841765147701e-01,-1.0581580373354715e-02,5.9609117268532996e-01,-2.7255286965353967e-03,-4.6257334010679732e-02,1.0524838392052416e-02,8.6647634290043041e-01,1.2120224438308708e-02,5.5884855048501492e-01,-7.9160717916247833e-03,-7.1219705041433445e-01,-2.4055718672792992e-03,-3.6986349470585811e-01,1.1740613946067027e-02,5.7642776128928797e-01,-4.9552783130866898e-03,7.0848566464119489e-01,2.9795785848254703e-03,-3.7262841554553428e-01,4.0284859836740867e-03,6.3610974656269703e-01,-9.7484260489419990e-03,-2.7616473926913819e-02,-1.2339204380141904e-02,8.3093779695559244e-01,5.4320026027186285e-03,4.9889449727336893e-01,9.9083832771121230e-04,-7.0593202932136212e-01,1.1979561201878462e-02,-4.2029645577061903e-01,-1.5468511783653965e-02,5.9325121663152125e-01,-5.8385854865494946e-03,3.3505073819875759e-04,3.3479626491623153e-04,3.3829292918994213e-04,-4.4738927011964144e-03,-2.1501888542907962e-02,5.1528594656279048e-01,7.2833272802324522e-01,2.2435791715899233e-17,4.7318046966768767e-17
1.1173259061216539e+07,7.0023034541760332e-01,-1.0432274753842230e-02,-3.3468595059974321e-01,-1.0799151593276747e-02,5.9613968032833864e-01,-2.6675643032751436e-03,-4.6230148898788785e-02,1.0874683920176587e-02,8.6652144256426267e-01,1.2246066249510024e-02,5.5879781234411474e-01,-8.0128733321074702e-03,-7.1225450670783785e-01,-2.5813284585828322e-03,-3.6974289436795432e-01,1.2227358593803500e-02,5.7642601370753432e-01,-4.9208881668981914e-03,7.0844499191168564e-01,3.1839339852590964e-03,-3.7265505782274316e-01,4.2585621213811539e-03,6.3618622851863038e-01,-9.8426736077679832e-03,-2.7572005275431515e-02,-1.2747154257610279e-02,8.3099680920842622e-01,5.3490408914238464e-03,4.9880528597227236e-01,1.1728394044965302e-03,-7.0600322728658726e-01,1.2196333438981088e-02,-4.2022462463143540e-01,-1.5829338808599602e-02,5.9325384684368454e-01,-5.9002175416933735e-03,3.3504247606987598e-04,3.3479660044894225e-04,3.3821565572627308e-04,6.0319103971528910e-03,1.8912773728122164e-02,-5.7532688955193367e-01,-6.7877659153319181e-01,-2.0494922628855522e-17,-7.8273880933696462e-18
1.1632682329799091e+07,7.0017101226600797e-01,-1.0581626973928004e-02,-3.3466874476041425e-01,-1.1012627849476375e-02,5.9618518313781077e-01,-2.6123527741144393e-03,-4.6212240498189935e-02,1.1215663953463208e-02,8.6656173171071871e-01,1.2366664654099080e-02,5.5875116528402757e-01,-8.1055970749648806e-03,-7.1230586762381609e-01,-2.7516198650355816e-03,-3.6963782475655921e-01,1.2698919537915368e-02,5.7642341085981719e-01,-4.8876397629450258e-03,7.0841084249746233e-01,3.3820159888157762e-03,-3.7267571272979444e-01,4.4836446576397813e-03,6.3625795794988371e-01,-9.9324582103234027e-03,-2.7538750135450422e-02,-1.3144317021492427e-02,8.3105241438640476e-01,5.2689863355904337e-03,4.9872349661381182e-01,1.3471098051592353e-03,-7.0606744616529915e-01,1.2407020263837529e-02,-4.2016410141441085e-01,-1.6179321326433297e-02,5.9325477530875659e-01,-5.9597030199931150e-03,3.3503333517116842e-04,3.3479571561944991e-04,3.3813917105840203e-04,-3.3929486966071021e-03,-1.7578595703947125e-02,4.7744872020054135e-01,7.4799256842323125e-01,8.8565779470876088e-18,-1.7176078317747675e-18
1.2110996213783888e+07,7.0010731562906070e-01,-1.0745405478729320e-02,-3.3464517816450512e-01,-1.1245843763188240e-02,5.9623540865597857e-01,-2.5515234641158048e-03,-4.6192592637943578e-02,1.1586788519970324e-02,8.6660858045202549e-01,1.2497896814557208e-02,5.5869732408202932e-01,-8.2064061948066910e-03,-7.1236061151592311e-01,-2.9381527541864627e-03,-3.6951986180417784e-01,1.3212809075287352e-02,5.7642279389841955e-01,-4.8523013237349050e-03,7.0837501680803960e-01,3.5987062018037709e-03,-3.7269584858163896e-01,4.7293283681496337e-03,6.3633734989779811e-01,-1.0031206968117460e-02,-2.7502806353779292e-02,-1.3577080154450470e-02,8.3111588570845374e-01,5.1821077654596462e-03,4.9862880027006451e-01,1.5367199375804740e-03,-7.0613696101910195e-01,1.2637347793545698e-02,-4.2009706702229038e-01,-1.6560964748450563e-02,5.9325959609343826e-01,-6.0231049952176909e-03,3.3502535814200165e-04,3.3479604818671194e-04,3.3806479803608823e-04,1.9912530831897508e-03,1.5984976544100252e-02,-4.1515161432621012e-01,-7.8142683715154282e-01,-2.5198271590563855e-18,2.6272269561935880e-18
1.2608977459528109e+07,7.0004691037655609e-01,-1.0909333470189020e-02,-3.3461590154082060e-01,-1.1481026617169675e-02,5.9628454263313313e-01,-2.4913340269954194e-03,-4.6180113350889042e-02,1.1958964119901785e-02,8.6665335536801169e-01,1.2627872221322861e-02,5.5864478824404062e-01,-8.3062107977285686e-03,-7.1241134617678403e-01,-3.1247179288478866e-03,-3.6941098667534394e-01,1.3726101410000649e-02,5.7642201436724527e-01,-4.8172870293492695e-03,7.0834404938850926e-01,3.8153920383736783e-03,-3.7271090405253615e-01,4.9765678183915085e-03,6.3641506613565280e-01,-1.0128880417662758e-02,-2.7475337108615935e-02,-1.4010839991301767e-02,8.3117879604101008e-01,5.0956123816996626e-03,4.9853651375736746e-01,1.7244266092860984e-03,-7.0620227089299215e-01,1.2868170553839566e-02,-4.2003747082549986e-01,-1.6942527167553349e-02,5.9326408641018935e-01,-6.0858924450316269e-03,3.3501701445810676e-04,3.3479577532177313e-04,3.3799150197798468e-04,-4.9673548698176782e-03,-1.3580249679676651e-02,5.7018855116510236e-01,6.7331617560657653e-01,-2.2497074185053013e-19,-1.4230274226448995e-18
1.3127434751729246e+07,6.9998859977675054e-01,-1.1075854893004999e-02,-3.3458050261858391e-01,-1.1721206998470297e-02,5.9633357177090984e-01,-2.4307191926588659e-03,-4.6173622099108920e-02,1.2337157791782717e-02,8.6669748190205098e-01,1.2758604314029448e-02,5.5859212081462084e-01,-8.4065592583941404e-03,-7.1245918737765912e-01,-3.3140763431925846e-03,-3.6930778700897959e-01,1.4246119090031387e-02,5.7642143073891794e-01,-4.7821849936835401e-03,7.0831702411502273e-01,4.0352204246847569e-03,-3.7272141193242753e-01,5.2286376250160306e-03,6.3649269261155395e-01,-1.0227186826669744e-02,-2.7454823046864630e-02,-1.4451502593009419e-02,8.3124260007302364e-01,5.0082332835457502e-03,4.9844404928414432e-01,1.9131671697077378e-03,-7.0626484436856451e-01,1.3102788382007992e-02,-4.1998323484952388e-01,-1.7329410101611119e-02,5.9326895433066229e-01,-6.1488372918016426e-03,3.3500856991598894e-04,3.3479521606379835e-04,3.3791943387637369e-04,1.1789127365626763e-02,5.3579075022629902e-03,-8.7646887350916658e-01,-7.5358122233365896e-02,5.5690321580675102e-19,-4.8288529538303610e-20
1.3667210026669214e+07,6.9992799804221850e-01,-1.1254785653539823e-02,-3.3453673527453914e-01,-1.1978834137312308e-02,5.9638627480944817e-01,-2.3654821847358034e-03,-4.6169273382844850e-02,1.2741534511119836e-02,8.6674631642105782e-01,1.2898063703868590e-02,5.5853381105668320e-01,-8.5135628710031434e-03,-7.1250811031073513e-01,-3.5173273280426076e-03,-3.6919782788339178e-01,1.4802266514549245e-02,5.7642241317374154e-01,-4.7453616977634720e-03,7.0829085116954149e-01,4.2709059458714803e-03,-3.7272893684484376e-01,5.4988701288457998e-03,6.3657631454183761e-01,-1.0332843623531474e-02,-2.7436218717353848e-02,-1.4922990778883025e-02,8.3131297932807469e-01,4.9150062316758959e-03,4.9834149974105241e-01,2.1145351229912342e-03,-7.0633002890358532e-01,1.3354455165386418e-02,-4.1992699450252402e-01,-1.7743400984383848e-02,5.9327691978739638e-01,-6.2149880955901515e-03,3.3500095586932235e-04,3.3479548302173197e-04,3.3784918440339613e-04,-3.8890775120228862e-03,1.0894725254156894e-02,8.3465667613560300e-03,-8.7694260821823355e-01,1.6454405048590914e-19,1.3454749655822313e-19
1.4229179839456581e+07,6.9987069581152794e-01,-1.1434744388370721e-02,-3.3448606864724789e-01,-1.2239496937176672e-02,5.9643817434734758e-01,-2.3005282403802327e-03,-4.6172908065113247e-02,1.3148724802916869e-02,8.6679335262504964e-01,1.3036904722592502e-02,5.5847640070386073e-01,-8.6200869513986360e-03,-7.1255286076930990e-01,-3.7215549707890205e-03,-3.6909706939654474e-01,1.5360368445960226e-02,5.7642331985186679e-01,-4.7087195480105346e-03,7.0826994771946483e-01,4.5075972379834362e-03,-3.7273069179100349e-01,5.7718951665741060e-03,6.3665872986449168e-01,-1.0437993403747950e-02,-2.7426961160776166e-02,-1.5397558626722860e-02,8.3138331843459601e-01,4.8216084681436903e-03,4.9824063837568777e-01,2.3149943143641952e-03,-7.0639093314936063e-01,1.3607871772283108e-02,-4.1987859772498520e-01,-1.8159157080400321e-02,5.9328473949874727e-01,-6.2807875766651552e-03,3.3499305654118857e-04,3.3479524802869885e-04,3.3777999360239352e-04,-6.5648137583277652e-03,7.9475454969183349e-03,3.1079715033006178e-01,-8.1710323185567846e-01,7.5522925636109655e-20,2.3733616624579135e-20
1.4814256787487207e+07,6.9981464427716300e-01,-1.1620629851954278e-02,-3.3442704909108989e-01,-1.2509395709837029e-02,5.9649113507229368e-01,-2.2337670733714177e-03,-4.6183000224161053e-02,1.3568784998841538e-02,8.6684118974877411e-01,1.3179088519309545e-02,5.5841717322292361e-01,-8.7291774202818799e-03,-7.1259524297185739e-01,-3.9322862181918050e-03,-3.6899972955855231e-01,1.5935081475973126e-02,5.7642482232996206e-01,-4.6714428162246933e-03,7.0825300562339311e-01,4.7516042199358373e-03,-3.7272717575005454e-01,6.0543798455819971e-03,6.3674294382872210e-01,-1.0545979931563655e-02,-2.7424982851905626e-02,-1.5887133020385531e-02,8.3145645146054392e-01,4.7255307608553045e-03,4.9813658496220947e-01,2.5203230503600890e-03,-7.0645003182525723e-01,1.3869673947518448e-02,-4.1983473347577649e-01,-1.8587528261179730e-02,5.9329375087719693e-01,-6.3477558114404392e-03,3.3498532907277748e-04,3.3479505827789231e-04,3.3771213987166329e-04,3.6780850155627054e-03,8.3915500525375362e-03,-5.8495331621551616e-01,-6.4585061418657497e-01,9.2190524682678699e-22,-2.8853362309309649e-20
1.5423390992434891e+07,6.9976018829383635e-01,-1.1812256075263372e-02,-3.3435910197953145e-01,-1.2788278920132137e-02,5.9654504412550691e-01,-2.1652908454723868e-03,-4.6200356038386362e-02,1.4001322292549148e-02,8.6688958504744484e-01,1.3324420966395772e-02,5.5835629890485239e-01,-8.8407045035290375e-03,-7.1263484548662770e-01,-4.1492842303078592e-03,-3.6890683869302338e-01,1.6525808706403161e-02,5.7642687077473398e-01,-4.6335635159655483e-03,7.0824052097897272e-01,5.0026174555601799e-03,-3.7271783537887215e-01,6.3461036970608488e-03,6.3682877912527980e-01,-1.0656652581344839e-02,-2.7431219849318553e-02,-1.6391240019189891e-02,8.3153226670923175e-01,4.6268088699782583e-03,4.9802965206592592e-01,2.7302747146944022e-03,-7.0650686169636956e-01,1.4139650464902408e-02,-4.1979622369238873e-01,-1.9028052324525441e-02,5.9330386310938732e-01,-6.4158293710697128e-03,3.3497774072362423e-04,3.3479487693642307e-04,3.3764557871905046e-04,-1.1619687178361451e-03,-8.0388393526387037e-03,3.8925243535729959e-01,7.7633870387790882e-01,4.4805966399077184e-21,9.2766266329011273e-21
1.6057571643178672e+07,6.9970757964043950e-01,-1.2009658786986732e-02,-3.3428157440735262e-01,-1.3076157649018497e-02,5.9659987717458451e-01,-2.0950922001678196e-03,-4.6225719404451387e-02,1.4446388221637279e-02,8.6693841959502427e-01,1.3472893652732049e-02,5.5829381881911910e-01,-8.9546834804253503e-03,-7.1267133837178220e-01,-4.3725605543513124e-03,-3.6881916202624510e-01,1.7132618067367156e-02,5.7642944749862635e-01,-4.5950748092116172e-03,7.0823293158202061e-01,5.2606065950318859e-03,-3.7270213110629724e-01,6.6471383838211020e-03,6.3691620116345438e-01,-1.0770020012386134e-02,-2.7446521690556398e-02,-1.6909934546916833e-02,8.3161078472310979e-01,4.5253552234290522e-03,4.9791992010571601e-01,2.9448778076698687e-03,-7.0656106955941855e-01,1.4417891586220012e-02,-4.1976374075291140e-01,-1.9480753591897083e-02,5.9331504932927592e-01,-6.4850173118779653e-03,3.3497027904387516e-04,3.3479469171808284e-04,3.3758027867818928e-04,6.6071156159135773e-03,-2.8139582731869757e-03,-6.4796190656068942e-01,5.7373752830062197e-01,-3.5405085403945138e-22,3.5786397104823209e-21
1.6717828602172432e+07,6.9965696611779893e-01,-1.2213177231608363e-02,-3.3419367018447987e-01,-1.3373423635644144e-02,5.9665572128813993e-01,-2.0230347290144338e-03,-4.6259802871032304e-02,1.4904655772320696e-02,8.6698772279260394e-01,1.3624740970377636e-02,5.5822961160385620e-01,-9.0713183093032966e-03,-7.1270447398617764e-01,-4.6024666728012864e-03,-3.6873717553088570e-01,1.7756483063343056e-02,5.7643257463491115e-01,-4.5559189108135677e-03,7.0823063161479405e-01,5.5259249021406154e-03,-3.7267950850545428e-01,6.9579706707078980e-03,6.3700535550900428e-01,-1.0886296902483080e-02,-2.7471682733564640e-02,-1.7444007981341870e-02,8.3169220041595215e-01,4.4209195767035267e-03,4.9780717844406019e-01,3.1645187699195897e-03,-7.0661242294375892e-01,1.4704903192367114e-02,-4.1973781106737451e-01,-1.9946323992123937e-02,5.9332736271658038e-01,-6.5554231332597412e-03,3.3496296285589642e-04,3.3479452664405223e-04,3.3751623116788307e-04,2.2476855313196222e-04,-6.3281486472194243e-03,2.4676882334384947e-01,8.2633161480324302e-01,1.1926356689387450e-21,-2.8945382178980390e-22
1.7405234077865101e+07,6.9960865204828127e-01,-1.2422787745203945e-02,-3.3409466105016011e-01,-1.3679976296500085e-02,5.9671253333547469e-01,-1.9491286551477100e-03,-4.6303463130325004e-02,1.5376032225555166e-02,8.6703734086329909e-01,1.3779913240083430e-02,5.5816374583903128e-01,-9.1905993248679735e-03,-7.1273386331471145e-01,-4.8389403228598638e-03,-3.6866179474379390e-01,1.8397291713341382e-02,5.7643622722389232e-01,-4.5160952959375136e-03,7.0823412438260791e-01,5.7984437702260361e-03,-3.7264934654072018e-01,7.2785771329188891e-03,6.3709617794082041e-01,-1.1005463591067730e-02,-2.7507684380573810e-02,-1.7993346861108379e-02,8.3177650743673648e-01,4.3134179542659527e-03,4.9769155764796269e-01,3.3891786782085029e-03,-7.0666049475758064e-01,1.5000702973847944e-02,-4.1971922285498192e-01,-2.0424640657232276e-02,5.9334076277242376e-01,-6.6270438321556916e-03,3.3495577625720100e-04,3.3479436515906165e-04,3.3745340336689396e-04,3.8298155347626837e-03,4.0414088611752169e-03,-7.6210693695891363e-01,-3.9683753306617775e-01,1.0046588513608182e-22,3.9674812342509367e-22
1.8120904365888171e+07,6.9956308736159989e-01,-1.2638043868726301e-02,-3.3398398897307724e-01,-1.3995147861223994e-02,5.9677012294289922e-01,-1.8735555706156405e-03,-4.6357620354496080e-02,1.5859533969261277e-02,8.6708692413572475e-01,1.3938031170493970e-02,5.5809650466596539e-01,-9.3122665439687377e-03,-7.1275899982542312e-01,-5.0814400997954423e-03,-3.6859433792033414e-01,1.9053668386500439e-02,5.7644032795510769e-01,-4.4756709770480251e-03,7.0824397903374869e-01,6.0774796365480367e-03,-3.7261102253103884e-01,7.6083394404916748e-03,6.3718836612913332e-01,-1.1127227288150146e-02,-2.7555606776716920e-02,-1.8556786067709125e-02,8.3186346367147934e-01,4.2029668480200282e-03,4.9757357261071461e-01,3.6183635164164681e-03,-7.0670468240221285e-01,1.5304736819536540e-02,-4.1970897454708339e-01,-2.0914633752193736e-02,5.9335510361607957e-01,-6.6997515782361858e-03,3.3494867066283674e-04,3.3479415215663459e-04,3.3739174069408640e-04,4.8812308130024903e-03,-7.7236435214622062e-05,-8.0190980989428329e-01,2.9946255779295122e-01,1.2718096345052252e-22,-3.9922561005045281e-23
1.8866001661837000e+07,6.9952001413175413e-01,-1.2860671399469892e-02,-3.3386004599191049e-01,-1.4321072785252936e-02,5.9682907331886803e-01,-1.7955918994241489e-03,-4.6423031934929658e-02,1.6358681296442600e-02,8.6713714033365785e-01,1.4100432903147497e-02,5.5802704381538770e-01,-9.4373834559979275e-03,-7.1277992381842248e-01,-5.3318677664828118e-03,-3.6853416774611775e-01,1.9730722595611080e-02,5.7644507435577319e-01,-4.4343552184117271e-03,7.0826050232672411e-01,6.3651342846024108e-03,-3.7256378035594145e-01,7.9496485478574002e-03,6.3728286980753235e-01,-1.1252738219087214e-02,-2.7616207661344674e-02,-1.9138487232325661e-02,8.3195405671870271e-01,4.0885707520767998e-03,4.9745171973573454e-01,3.8540906849931951e-03,-7.0674520905555049e-01,1.5619412644456827e-02,-4.1970710169596320e-01,-2.1420047709542464e-02,5.9337079370086732e-01,-6.7740798661000915e-03,3.3494177303901171e-04,3.3479404038735787e-04,3.3733130735479853e-04,-1.2676910860116670e-03,4.0753408964234123e-03,-4.5078732381729755e-02,-8.5147942755090555e-01,3.0315462192812174e-23,2.9615014682347242e-23
1.9641735948590510e+07,6.9948055508050166e-01,-1.3088162907453349e-02,-3.3372318590068817e-01,-1.4654326150818991e-02,5.9688848453326826e-01,-1.7162517982824456e-03,-4.6500826572223986e-02,1.6868158334468253e-02,8.6718670740657788e-01,1.4265142489224392e-02,5.5795668075903138e-01,-9.5644728040950363e-03,-7.1279560387552188e-01,-5.5873530597767007e-03,-3.6848445237304656e-01,2.0420932490866614e-02,5.7645013689194946e-01,-4.3925442445396611e-03,7.0828452330086411e-01,6.6580446154688210e-03,-3.7250706234128911e-01,8.2989788863209318e-03,6.3737823840374330e-01,-1.1380376794550414e-02,-2.7690930373028139e-02,-1.9732170690294253e-02,8.3204689921572461e-01,3.9713474526200344e-03,4.9732836567379030e-01,4.0935561112048404e-03,-7.0678066983542853e-01,1.5941372273222856e-02,-4.1971552985305177e-01,-2.1935218595444315e-02,5.9338717860819945e-01,-6.8492927341425903e-03,3.3493489203052155e-04,3.3479380245393718e-04,3.3727195795710176e-04,3.6402669707892043e-03,-7.6711862152489059e-04,-7.1128790595921909e-01,4.6402447691664095e-01,-6.9673169804513329e-24,-1.1146922220375660e-23
2.0449366961233869e+07,6.9944449215469162e-01,-1.3322321510756463e-02,-3.3357167653871245e-01,-1.4997163940346711e-02,5.9694893688906414e-01,-1.6347931354804661e-03,-4.6591894994491734e-02,1.7391648594915939e-02,8.6723627017675431e-01,1.4433530430691066e-02,5.5788457416721782e-01,-9.6946267986178728e-03,-7.1280602056867859e-01,-5.8498773531864279e-03,-3.6844468514962442e-01,2.1129613321375876e-02,5.7645571239188087e-01,-4.3499386992381216e-03,7.0831643229235208e-01,6.9583864832625684e-03,-3.7244001698690687e-01,8.6588555945364496e-03,6.3747541849183131e-01,-1.1511322636869093e-02,-2.7780688587159146e-02,-2.0342187979356639e-02,8.3214299355422239e-01,3.8502464884779164e-03,4.9720201420793092e-01,4.3388308211313141e-03,-7.0681122947613650e-01,1.6273148743514959e-02,-4.1973441714580939e-01,-2.2464036497558879e-02,5.9340466685676374e-01,-6.9259393619713009e-03,3.3492808470987379e-04,3.3479352287663148e-04,3.3721368606966077e-04,2.9835924569225213e-03,-1.2450334669408072e-03,-5.9815663472924774e-01,5.9793561234061121e-01,-3.9753204626726411e-24,4.1886159270240172e-26
2.1290206232775044e+07,6.9941090398267369e-01,-1.3568006372114194e-02,-3.3340140222590103e-01,-1.5355627643399317e-02,5.9701211455639902e-01,-1.5491626562657186e-03,-4.6697853192921496e-02,1.7939115919069153e-02,8.6728782394402593e-01,1.4609423113909503e-02,5.5780827994512472e-01,-9.8308605485819857e-03,-7.1281153307632361e-01,-6.1248292891608602e-03,-3.6841247862484083e-01,2.1871224970192366e-02,5.7646237777720311e-01,-4.3057149174609306e-03,7.0835677603795888e-01,7.2721791225415153e-03,-3.7236088117347799e-01,9.0359825937833226e-03,6.3757715118979108e-01,-1.1648837370391969e-02,-2.7887016727670424e-02,-2.0980316884712299e-02,8.3224514492358725e-01,3.7225513084963515e-03,4.9706830914329292e-01,4.5956374459463021e-03,-7.0683778348035520e-01,1.6621467947485244e-02,-4.1976336398966196e-01,-2.3017144815326591e-02,5.9342444665922101e-01,-7.0055292067984377e-03,3.3492182443762420e-04,3.3479373921119053e-04,3.3715683455055873e-04,1.8260187460362586e-03,2.1236392610454813e-03,-7.5976789155727376e-01,-3.6324795007032357e-01,-1.0789097498159400e-24,-4.5701197424878021e-25
2.2165619223977376e+07,6.9938455916857167e-01,-1.3807899689703473e-02,-3.3322239971748013e-01,-1.5706916685094705e-02,5.9707211566003904e-01,-1.4664241159336074e-03,-4.6817812454903858e-02,1.8474316201845583e-02,8.6733389923548698e-01,1.4779367116226072e-02,5.5773639858509072e-01,-9.9628284728266077e-03,-7.1280888415157972e-01,-6.3927345583302819e-03,-3.6840074327913869e-01,2.2594136202992859e-02,5.7646805598865503e-01,-4.2626832361824865e-03,7.0840623402383707e-01,7.5771704460273256e-03,-3.7227216604330443e-01,9.4060184545345475e-03,6.3767386085368849e-01,-1.1781683379323175e-02,-2.8009958390605726e-02,-2.1603774379860771e-02,8.3234365283589662e-01,3.5969856344960222e-03,4.9694261826541880e-01,4.8443395323606083e-03,-7.0685486955637267e-01,1.6962651887397637e-02,-4.1980783101807834e-01,-2.3556069358982863e-02,5.9344229621384526e-01,-7.0828916581594436e-03,3.3491482198699617e-04,3.3479293485598330e-04,3.3710049920008693e-04,-2.4185712957183565e-03,2.6547781725242632e-05,7.5470041355283968e-01,-3.6536744842633528e-01,7.8902708850938780e-26,-3.2692232376231498e-25
2.3077027540766839e+07,6.9935846458625583e-01,-1.4072947553527393e-02,-3.3301294529614983e-01,-1.6091224774035587e-02,5.9713929662802367e-01,-1.3739125943724520e-03,-4.6957743626616137e-02,1.9061657573836384e-02,8.6738710631399196e-01,1.4967293959681105e-02,5.5765385246470245e-01,-1.0109109223465865e-02,-7.1280192331066017e-01,-6.6881841607923653e-03,-3.6839099953564036e-01,2.3390385275816467e-02,5.7647635401001185e-01,-4.2157794154556727e-03,7.0846612589776325e-01,7.9125016644443092e-03,-3.7216615706023315e-01,9.8124191289642414e-03,6.3778238566054479e-01,-1.1929991979234316e-02,-2.8154467263639057e-02,-2.2288587440439055e-02,8.3245583426326186e-01,3.4573211696171720e-03,4.9679804524804905e-01,5.1201961072088308e-03,-7.0687004260676278e-01,1.7339315187544658e-02,-4.1986204549884504e-01,-2.4149103155133748e-02,5.9346559943372823e-01,-7.1673244669609500e-03,3.3490913125250825e-04,3.3479356757278549e-04,3.3704600724931516e-04,1.9261372350160507e-03,-7.9021243336663478e-04,-5.4197980885537222e-01,6.3471329458239434e-01,7.9435907853148909e-26,5.0181407703296282e-26
2.4025911242814854e+07,6.9934039301184070e-01,-1.4330772724871654e-02,-3.3279409765156892e-01,-1.6465709875701409e-02,5.9720293040559458e-01,-1.2846966656858867e-03,-4.7113048616302368e-02,1.9633277332126095e-02,8.6743425147047715e-01,1.5148346002496815e-02,5.5757627076639193e-01,-1.0250539187828211e-02,-7.1278600581239182e-01,-6.9748580234299529e-03,-3.6840389980158306e-01,2.4163662114716877e-02,5.7648351877645332e-01,-4.1702245944596865e-03,7.0853588667352041e-01,8.2368254129707146e-03,-3.7204957342288725e-01,1.0209363654616214e-02,6.3788529401147798e-01,-1.2072988801019287e-02,-2.8317216732535639e-02,-2.2954705583154291e-02,8.3256370726866336e-01,3.3200298044617164e-03,4.9666248188541862e-01,5.3868350086338536e-03,-7.0687462979863147e-01,1.7706979548106135e-02,-4.1993330668958972e-01,-2.4724508373205219e-02,5.9348669026610312e-01,-7.2492397175973706e-03,3.3490263486794406e-04,3.3479310512657791e-04,3.3699195033497404e-04,-1.3402790827288550e-03,1.1807295405573250e-03,2.7592052638568998e-01,-7.8360092721097796e-01,-2.0257859161201906e-26,1.5541876311803938e-26
2.5013811247045714e+07,6.9932680226682375e-01,-1.4599563467638077e-02,-3.3255196189952019e-01,-1.6854182908959861e-02,5.9726894263021724e-01,-1.1914359673966674e-03,-4.7288702006064352e-02,2.0227109388799739e-02,8.6748234114122502e-01,1.5336382416094529e-02,5.5749503132494993e-01,-1.0397902080757663e-02,-7.1276266880310502e-01,-7.2730356003507524e-03,-3.6843034049799339e-01,2.4967910171074137e-02,5.7649159979697950e-01,-4.1230684628163344e-03,7.0861720390381477e-01,8.5729853919411410e-03,-3.7191687140693502e-01,1.0622617288137029e-02,6.3799223359326040e-01,-1.2222333154068593e-02,-2.8502827365549543e-02,-2.3646869924709907e-02,8.3267735177658764e-01,3.1754797908958069e-03,4.9652056586953330e-01,5.6647210434424729e-03,-7.0687229013067443e-01,1.8090836021996154e-02,-4.2001968614167695e-01,-2.5322287637422908e-02,5.9350978445699643e-01,-7.3340434298250516e-03,3.3489655852451863e-04,3.3479300718319572e-04,3.3693914255997638e-04,2.6738032099246205e-05,-1.5269827908485608e-03,4.2070238797326948e-01,7.1169433372054103e-01,-4.8842250338811221e-27,-4.6512991132201067e-27
2.6042331829971634e+07,6.9932038808226005e-01,-1.4866188559948201e-02,-3.3229600873442733e-01,-1.7239044853195162e-02,5.9733310676977525e-01,-1.0993492789312456e-03,-4.7481653020895492e-02,2.0815472710949540e-02,8.6752634370320403e-01,1.5521458825679513e-02,5.5741629173556206e-01,-1.0543534291751229e-02,-7.1273061206078547e-01,-7.5679986692746004e-03,-3.6847729271452812e-01,2.5764121610565960e-02,5.7649912878204712e-01,-4.0764069823282338e-03,7.0870908296638013e-01,8.9042243337222847e-03,-3.7177156768677361e-01,1.1033405148796135e-02,6.3809632383927528e-01,-1.2369741277902673e-02,-2.8708582595010679e-02,-2.4332466089697094e-02,8.3278949512631661e-01,3.0303159742746050e-03,4.9638326957686296e-01,5.9393069712767449e-03,-7.0686008888636709e-01,1.8472786874724992e-02,-4.2012295944510919e-01,-2.5913328490193736e-02,5.9353186538406111e-01,-7.4178996374157577e-03,3.3489004720721179e-04,3.3479226345828361e-04,3.3688697947450205e-04,1.2586987248927022e-03,-3.3016790304004273e-04,-5.4194784101355242e-01,6.1891803136011658e-01,-7.1360857051362965e-28,-1.5766470389784021e-27
2.7113143232919123e+07,6.9931761396474590e-01,-1.5156122349618439e-02,-3.3200225463579947e-01,-1.7652168730238921e-02,5.9740383721677748e-01,-9.9776909758476917e-04,-4.7703557379120451e-02,2.1450781322524572e-02,8.6757577177193412e-01,1.5723444803873110e-02,5.5732781438720602e-01,-1.0703124439534639e-02,-7.1269010209437655e-01,-7.8879480675137503e-03,-3.6853616748359047e-01,2.6628004623028834e-02,5.7650897825130010e-01,-4.0259370030035629e-03,7.0881639948289499e-01,9.2619715311694668e-03,-3.7160226261576551e-01,1.1477122314543821e-02,6.3821130952506400e-01,-1.2532124228774758e-02,-2.8946230862406153e-02,-2.5073379442239741e-02,8.3291460580624543e-01,2.8702350376509449e-03,4.9622884018388203e-01,6.2403717754070161e-03,-7.0684098966211661e-01,1.8888225767432269e-02,-4.2024426106224272e-01,-2.6553406463797877e-02,5.9355890474902695e-01,-7.5086618431734371e-03,3.3488463618583895e-04,3.3479270756619340e-04,3.3683644228950566e-04,9.2876634174942794e-04,-5.9837890319077987e-04,-2.8011654852990336e-01,7.6896036955101832e-01,-4.2958620342858453e-28,3.6543256137342675e-29
2.8227984374377307e+07,6.9932246570154522e-01,-1.5448100273897480e-02,-3.3168790340134957e-01,-1.8066232933516307e-02,5.9747405312746171e-01,-8.9549986837754447e-04,-4.7947826443416074e-02,2.2088804419079060e-02,8.6762227297918215e-01,1.5925740866139071e-02,5.5723991088160674e-01,-1.0863749067291307e-02,-7.1263956237699566e-01,-8.2091386180707659e-03,-3.6861723815481556e-01,2.7496179884245131e-02,5.7651870087782886e-01,-3.9751898610130426e-03,7.0893679124170750e-01,9.6193687228519325e-03,-3.7141606520475506e-01,1.1924032684079397e-02,6.3832565056253165e-01,-1.2695515794802353e-02,-2.9209569459242281e-02,-2.5817409343036859e-02,8.3304059814364806e-01,2.7065025167749847e-03,4.9607564044617819e-01,6.5433798886730520e-03,-7.0681090975474592e-01,1.9307869522746234e-02,-4.2038538016954413e-01,-2.7195476256682401e-02,5.9358585595238877e-01,-7.5998739145487536e-03,3.3487905778538249e-04,3.3479282674109918e-04,3.3678670215447378e-04,-9.3072669331398900e-04,-8.5385107187596076e-05,6.6440711252927764e-01,-4.7030545041904842e-01,9.7855917355910935e-29,-3.5764135760175611e-29
2.9388665673872892e+07,6.9933616916860430e-01,-1.5729626059981072e-02,-3.3136520264654662e-01,-1.8464707850847611e-02,5.9753993425022878e-01,-7.9749183866972828e-04,-4.8207770090131059e-02,2.2703304894127224e-02,8.6766175824439773e-01,1.6119023061517024e-02,5.5715814346223136e-01,-1.1018112160464664e-02,-7.1257948395772952e-01,-8.5177020934114611e-03,-3.6872309897659233e-01,2.8331673015846964e-02,5.7652699892425530e-01,-3.9261778526064953e-03,7.0906705987500218e-01,9.9608543512430727e-03,-3.7121904981944054e-01,1.2356177220363527e-02,6.3843309110161672e-01,-1.2852081834676834e-02,-2.9491670233131925e-02,-2.6533670315352687e-02,8.3316053190854877e-01,2.5458176869319841e-03,4.9593353799540757e-01,6.8344803300995870e-03,-7.0676892214897535e-01,1.9714271986204554e-02,-4.2054450197649967e-01,-2.7812074587588647e-02,5.9361000215542081e-01,-7.6878779572409611e-03,3.3487262088620232e-04,3.3479180007317869e-04,3.3673727591077376e-04,-3.2157372654866234e-04,-7.1910537569965958e-04,7.5068138751066749e-01,3.0323899848035268e-01,2.3690419924035373e-29,-5.8568054089938254e-30
3.0597071991957538e+07,6.9935568737890796e-01,-1.6037108718281123e-02,-3.3099488620180639e-01,-1.8892613836003797e-02,5.9761322853526511e-01,-6.8847295863518759e-04,-4.8505848232511195e-02,2.3368899098788254e-02,8.6770679035007670e-01,1.6331545121283375e-02,5.5706543293289601e-01,-1.1188718346274149e-02,-7.1250762991781724e-01,-8.8537125423773788e-03,-3.6884758294519127e-01,2.9242462627260740e-02,5.7653783336401754e-01,-3.8726990096771344e-03,7.0921753600113835e-01,1.0330652821878429e-02,-3.7099068765748094e-01,1.2824172749933095e-02,6.3855288311145419e-01,-1.3025994334457849e-02,-2.9815982718953069e-02,-2.7310231018383837e-02,8.3329507173150630e-01,2.3670306317154135e-03,4.9577224803094866e-01,7.1563924375107717e-03,-7.0671635275712774e-01,2.0158392848494862e-02,-4.2072855261953451e-01,-2.8482463812825393e-02,5.9363966431172854e-01,-7.7839514469331223e-03,3.3486740336336222e-04,3.3479210729858797e-04,3.3668950853593048e-04,-2.2205600125978884e-04,6.2300103334130951e-04,-3.8265426999182772e-01,-7.0823094480543092e-01,-5.0317230459082441e-30,2.3126526884002468e-30
3.1855165691081908e+07,6.9938380443443127e-01,-1.6350151364436794e-02,-3.3059581827256018e-01,-1.9323669074541416e-02,5.9768734780786192e-01,-5.7680905332482824e-04,-4.8832888716272047e-02,2.4043101038284422e-02,8.6774996898171031e-01,1.6547575637805789e-02,5.5697137020171217e-01,-1.1363266366560638e-02,-7.1242382509148094e-01,-9.1944743890677860e-03,-3.6899738213351446e-01,3.0167893621513842e-02,5.7654895056662692e-01,-3.8181298237259208e-03,7.0938420094346555e-01,1.0703238949751592e-02,-3.7073979935440293e-01,1.3299276952089462e-02,6.3867426175225694e-01,-1.3204003097551311e-02,-3.0173275876945297e-02,-2.8096988052331254e-02,8.3343263079777641e-01,2.1811403146422491e-03,4.9560881553750402e-01,7.4857597425528628e-03,-7.0665068621768634e-01,2.0611951896007719e-02,-4.2093652876525267e-01,-2.9161657232486642e-02,5.9367015616069374e-01,-7.8819431968227861e-03,3.3486224824145740e-04,3.3479237074677994e-04,3.3664263202310693e-04,-1.0199684248682350e-04,5.4366531333980119e-04,-5.3376225113901077e-01,-5.9622179819704424e-01,-2.3960967973939274e-32,1.2160582141123989e-30
3.3164989822327122e+07,6.9942111038037580e-01,-1.6663505777608834e-02,-3.3017282019704974e-01,-1.9750617783021035e-02,5.9776071987281465e-01,-4.6451544363333014e-04,-4.9186390560898949e-02,2.4714671716644307e-02,8.6778959403337763e-01,1.6763251091126807e-02,5.5687824855753354e-01,-1.1538790173786319e-02,-7.1232817068751930e-01,-9.5341050961020857e-03,-3.6917380524983467e-01,3.1092399680861665e-02,5.7655981153668001e-01,-3.7632868803601609e-03,7.0956579359221161e-01,1.1071895424477608e-02,-3.7046863117552720e-01,1.3773792639315942e-02,6.3879465519713330e-01,-1.3382921483689025e-02,-3.0560997820330327e-02,-2.8880726795334998e-02,8.3357024841180238e-01,1.9907504047473644e-03,4.9544731264566261e-01,7.8169484673769468e-03,-7.0657131906274551e-01,2.1067662677023348e-02,-4.2116786369960874e-01,-2.9837955669157441e-02,5.9370035444721458e-01,-7.9803708472383390e-03,3.3485689255162605e-04,3.3479227888651326e-04,3.3659645702991780e-04,-4.6077376184160791e-04,-2.1182053378173454e-06,4.3369386845579971e-01,-6.6672946734342542e-01,-1.0803363538975701e-31,2.3468005796279432e-31
3.4528671443168521e+07,6.9946757285280814e-01,-1.6962657876171572e-02,-3.2974407747142254e-01,-2.0155017438848538e-02,5.9782899849684812e-01,-3.5746379073078177e-04,-4.9554175505477693e-02,2.5353568563483697e-02,8.6782150902641353e-01,1.6967712565394866e-02,5.5679239025945748e-01,-1.1706608351795829e-02,-7.1222314515261220e-01,-9.8566995068093410e-03,-3.6937550077436931e-01,3.1973164899032486e-02,5.7656897404149898e-01,-3.7105819872821494e-03,7.0975610288595858e-01,1.1419177039751593e-02,-3.7018753608249100e-01,1.4227032268733973e-02,6.3890690411191509e-01,-1.3553481388482225e-02,-3.0966067961875305e-02,-2.9626063995853807e-02,8.3369973960684640e-01,1.8043507026704740e-03,4.9529890658127801e-01,8.1334757060152665e-03,-7.0647931184274193e-01,2.1504966973317878e-02,-4.2141656479512479e-01,-3.0479871385365218e-02,5.9372718053257323e-01,-8.0748759752792311e-03,3.3485060338949167e-04,3.3479096045829413e-04,3.3655047564444518e-04,2.4194241140350497e-04,-2.9596996758299966e-04,3.0557850422735289e-01,7.2903984658584753e-01,-5.2700850718102069e-32,-5.8434242771296382e-33
3.5948425071659647e+07,6.9952390725057700e-01,-1.7297300586980979e-02,-3.2924295709803941e-01,-2.0595607704968155e-02,5.9790784817833720e-01,-2.3437532944704798e-04,-4.9981543895533012e-02,2.6060049257754216e-02,8.6786076736932183e-01,1.7199633587819951e-02,5.5669104210767084e-01,-1.1898181424840436e-02,-7.1209932890210315e-01,-1.0216234970224392e-02,-3.6960869496970489e-01,3.2957090480955659e-02,5.7658159459804015e-01,-3.6512794461156517e-03,7.0997737409647987e-01,1.1803246912050506e-02,-3.6985749196048323e-01,1.4727361369732784e-02,6.3903683618574703e-01,-1.3749276118612147e-02,-3.1437247011307554e-02,-3.0451371849932785e-02,8.3384944463647448e-01,1.5906322131665263e-03,4.9512343453867380e-01,8.4950646373937212e-03,-7.0636915223975161e-01,2.1994368428138594e-02,-4.2170499788643862e-01,-3.1194092092848867e-02,5.9376168806857155e-01,-8.1812515353336460e-03,3.3484600140779123e-04,3.3479154187176943e-04,3.3650639926380218e-04,5.4718691106462498e-05,3.1103987553507954e-04,-7.6758651650895970e-01,-1.6585212971372559e-01,-1.8047016611666980e-33,-1.0353933560143232e-32
3.7426556282645695e+07,6.9959063490286511e-01,-1.7627016955215014e-02,-3.2871992985999826e-01,-2.1022622215209397e-02,5.9798467754233142e-01,-1.1212322768105326e-04,-5.0435482380819158e-02,2.6751322932816929e-02,8.6789495361758773e-01,1.7427959556027939e-02,5.5659251075907457e-01,-1.2088590491418992e-02,-7.1196289816594582e-01,-1.0568457927812080e-02,-3.6987159282925919e-01,3.3924586907138149e-02,5.7659348875954775e-01,-3.5922861675171773e-03,7.1021325270434954e-01,1.2175739611821111e-02,-3.6950704098787318e-01,1.5218233991157732e-02,6.3916372965094204e-01,-1.3943661313570003e-02,-3.1939239025649144e-02,-3.1258994902112487e-02,8.3399628598275899e-01,1.3737759997173192e-03,4.9495325646345306e-01,8.8544016948703189e-03,-7.0624325703573976e-01,2.2478772038766557e-02,-4.2201793511029578e-01,-3.1893014050876300e-02,5.9379496772465667e-01,-8.2870024176078562e-03,3.3484098926263881e-04,3.3479152451474454e-04,3.3646283402041034e-04,-2.5753501437462045e-04,3.4202674970096236e-05,1.1537919942168984e-01,-7.7143631613203301e-01,8.3583299327354751e-34,-1.8275175191970778e-33
3.8965465451846629e+07,6.9966815184608555e-01,-1.7958670870264482e-02,-3.2816445603132727e-01,-2.1443101548724919e-02,5.9806178903764950e-01,1.2497535442777125e-05,-5.0923501590735921e-02,2.7440584210535558e-02,8.6792622531770669e-01,1.7658342594026932e-02,5.5649346000806033e-01,-1.2282581088821774e-02,-7.1181213354844775e-01,-1.0920681754643891e-02,-3.7016591563498213e-01,3.4895965932161405e-02,5.7660539929406596e-01,-3.5322813991255746e-03,7.1046725019155821e-01,1.2544245728301274e-02,-3.6912965039981638e-01,1.5708510509640620e-02,6.3929139445735961e-01,-1.4141695622182000e-02,-3.2480189533113053e-02,-3.2064569720341114e-02,8.3414417463033308e-01,1.1488742446305604e-03,4.9478249917474071e-01,9.2204925664207318e-03,-7.0610016013574295e-01,2.2967966366753512e-02,-4.2235928584063342e-01,-3.2591033229067076e-02,5.9382863360719862e-01,-8.3945146380973897e-03,3.3483595465954316e-04,3.3479137259160771e-04,3.3642001879583455e-04,-2.1277439887829643e-04,9.6450531803482286e-07,1.2480816913340272e-01,-7.6447740940624864e-01,-1.6682681591398360e-34,-3.3065165831633984e-34
4.0567651653889172e+07,6.9975716680780997e-01,-1.8295266193561199e-02,-3.2756999425572064e-01,-2.1858992060074550e-02,5.9814029481019038e-01,1.4115771593806517e-04,-5.1450833215474771e-02,2.8132924541656605e-02,8.6795547963491804e-01,1.7893544536635386e-02,5.5639228543854946e-01,-1.2482639009893591e-02,-7.1164555387502881e-01,-1.1275934732150439e-02,-3.7049400429104190e-01,3.5880113565166127e-02,5.7661766482431220e-01,-3.4705675690150685e-03,7.1074175295577091e-01,1.2911570088427140e-02,-3.6872082466888995e-01,1.6201489579328376e-02,6.3942169322678222e-01,-1.4346009808705720e-02,-3.3065863858024298e-02,-3.2874187657504335e-02,8.3429483433787499e-01,9.1312071161176172e-04,4.9460836348106058e-01,9.5980521976460256e-03,-7.0593818511552708e-01,2.3466322633756725e-02,-4.2273221896253294e-01,-3.3294063898626117e-02,5.9386345543959596e-01,-8.5050416534064015e-03,3.3483107390941370e-04,3.3479129840704693e-04,3.3637805256034851e-04,1.0284173398160790e-04,1.3971577117964212e-04,-6.3827174942055132e-01,4.2895867285048500e-01,3.4912174469863566e-35,5.5689565532760419e-35
4.2235716720619924e+07,6.9985814290791493e-01,-1.8635172665361299e-02,-3.2693678570164009e-01,-2.2266899649109134e-02,5.9821983432133363e-01,2.7350528808718286e-04,-5.2017890673681011e-02,2.8824143592686258e-02,8.6798225236919446e-01,1.8132672087945834e-02,5.5628952221755568e-01,-1.2688258894166034e-02,-7.1146279537930801e-01,-1.1632228173784454e-02,-3.7085708887392049e-01,3.6872194701545541e-02,5.7663014231799570e-01,-3.4072785240074829e-03,7.1103672641836702e-01,1.3275161227563377e-02,-3.6828015068562514e-01,1.6694138296128588e-02,6.3955405560903578e-01,-1.4556045893608123e-02,-3.3696810755406571e-02,-3.3682956953240216e-02,8.3444726929169399e-01,6.6673045148015842e-04,4.9443182177071004e-01,9.9861155810991795e-03,-7.0575641307282100e-01,2.3971598254645510e-02,-4.2313731343623939e-01,-3.3998088628140875e-02,5.9389916391207354e-01,-8.6183380791221946e-03,3.3482629589087412e-04,3.3479124282969350e-04,3.3633688872166631e-04,-3.4935579997859782e-05,1.3639411585536639e-04,-7.5348507943162757e-01,-1.2193806471053020e-01,7.3862826691447686e-36,8.4492793089430842e-36
4.3972369466287248e+07,6.9997129100190159e-01,-1.8976199211793054e-02,-3.2626637796108199e-01,-2.2662727090576484e-02,5.9829991733265087e-01,4.0898030245829428e-04,-5.2623910677115832e-02,2.9508898071950094e-02,8.6800604753278110e-01,1.8374469457164477e-02,5.5618589366458349e-01,-1.2898622695742174e-02,-7.1126391492250352e-01,-1.1986989836696049e-02,-3.7125559224524651e-01,3.7865775553828168e-02,5.7664264986645064e-01,-3.3426383194496111e-03,7.1135146939700100e-01,1.3631904118742398e-02,-3.6780813110377791e-01,1.7182564942393088e-02,6.3968769228688671e-01,-1.4770920521738937e-02,-3.4372255133653232e-02,-3.4484642577600699e-02,8.3460016533903070e-01,4.1034957272158669e-04,4.9425417240512037e-01,1.0383124046106019e-02,-7.0555431777903310e-01,2.4480674528680822e-02,-4.2357425614929956e-01,-3.4697955845843585e-02,5.9393539916711124e-01,-8.7339988552871655e-03,3.3482154349716699e-04,3.3479111631199413e-04,3.3629646015449641e-04,2.0064930743422654e-05,-1.1194550626824430e-04,7.5623462260821406e-01,-4.2003381610547286e-02,-1.7722148122952465e-36,5.0112956399138493e-37
4.5780430086455286e+07,7.0009550780962893e-01,-1.9310566055008693e-02,-3.2557148946859488e-01,-2.3036953740378396e-02,5.9837828131017168e-01,5.4438702068965172e-04,-5.3259071189578809e-02,3.0171270432965892e-02,8.6802507294167697e-01,1.8613135902595279e-02,5.5608469244265246e-01,-1.3108990585437064e-02,-7.1105166772376804e-01,-1.2331811997647546e-02,-3.7168553702235047e-01,3.8837990324415150e-02,5.7665445474510213e-01,-3.2779747523784923e-03,7.1168069253023980e-01,1.3972888013168002e-02,-3.6731273986319474e-01,1.7655642940063197e-02,6.3981884851598081e-01,-1.4985609922146443e-02,-3.5081418154007213e-02,-3.5260474135727478e-02,8.3474892750947327e-01,1.4903342723960016e-04,4.9408120111050441e-01,1.0780073057088743e-02,-7.0533396806397419e-01,2.4982232832588203e-02,-4.2403688285944824e-01,-3.5377030805075677e-02,5.9397055971673018e-01,-8.8496452153474445e-03,3.3481648405638584e-04,3.3479052344508552e-04,3.3625653383819408e-04,-8.9372702178223292e-05,1.9243849007529755e-05,-4.2078829825436814e-01,-6.2252785765266350e-01,2.8624929749032647e-37,-4.7586786158683067e-38
4.7662834737792917e+07,7.0023533653375769e-01,-1.9658907622252531e-02,-3.2481102869965994e-01,-2.3408208561970456e-02,5.9846168896833229e-01,6.8983875927636565e-04,-5.3956374215484985e-02,3.0849440652351838e-02,8.6804446914756150e-01,1.8865970896518258e-02,5.5597612690085696e-01,-1.3334411923747099e-02,-7.1081645604278987e-01,-1.2688117759510564e-02,-3.7216224113618229e-01,3.9849622381428557e-02,5.7666764492907197e-01,-3.2090538457075941e-03,7.1204057111416075e-01,1.4319251076478962e-02,-3.6676642099735407e-01,1.8139078948122257e-02,6.3995884848485973e-01,-1.5216010294514469e-02,-3.5860674399162185e-02,-3.6055768299298865e-02,8.3490544071754536e-01,-1.3390405492095451e-04,4.9389581729546977e-01,1.1205527665499728e-02,-7.0508574025686854e-01,2.5506295786813724e-02,-4.2454595231936942e-01,-3.6077432962432189e-02,5.9400936989958353e-01,-8.9728574278449685e-03,3.3481214046135016e-04,3.3479068631020535e-04,3.3621776933069782e-04,2.6840085784700046e-05,6.8019947371905155e-05,-4.4901228421403244e-01,5.9467235567847498e-01,-4.3211073945898751e-38,-7.5131721387487092e-39
4.9622640306174919e+07,7.0038778693240089e-01,-2.0003265094819589e-02,-3.2401625794926286e-01,-2.3756078178992945e-02,5.9854473589303092e-01,8.3758072247595156e-04,-5.4691334305554916e-02,3.1507640170509818e-02,8.6806001704064850e-01,1.9119151987550875e-02,5.5586804810523982e-01,-1.3563373313365441e-02,-7.1056525945911120e-01,-1.3036714081775758e-02,-3.7267523131198244e-01,4.0847890316844687e-02,5.7668049351773087e-01,-3.1391064739549855e-03,7.1241830741384093e-01,1.4651093896802199e-02,-3.6618925848052208e-01,1.8608049624256884e-02,6.4009870382433298e-01,-1.5449929375392172e-02,-3.6683091894278451e-02,-3.6828276023361167e-02,8.3505919970404707e-01,-4.2593908835846959e-04,4.9371179299589596e-01,1.1637621372269197e-02,-7.0481550907643276e-01,2.6026668471811093e-02,-4.2508605320126081e-01,-3.6761303361063070e-02,5.9404802205177110e-01,-9.0978471664601261e-03,3.3480769030031762e-04,3.3479062615653272e-04,3.3617960690299545e-04,1.5586636801657547e-05,-5.6065332597083771e-05,6.6428646763651200e-01,-3.2323949837989269e-01,6.1337959870150046e-39,-1.6496064002938597e-39
5.1663029370838478e+07,7.0055503877333836e-01,-2.0350327383522659e-02,-3.2317121384921899e-01,-2.4084602911883024e-02,5.9862977495321057e-01,9.9135806774489077e-04,-5.5477311398562518e-02,3.2157002332261847e-02,8.6807332956939565e-01,1.9378795790275072e-02,5.5575706356596344e-01,-1.3801470965241626e-02,-7.1029399463756970e-01,-1.3384249230503242e-02,-3.7323159869854561e-01,4.1852466340105393e-02,5.7669368969257029e-01,-3.0665474320163734e-03,7.1282010867811962e-01,1.4974462629149700e-02,-3.6556999621745168e-01,1.9069750070122973e-02,6.4024239678970030e-01,-1.5693248614199858e-02,-3.7563460779908915e-02,-3.7591291689723055e-02,8.3521388832266985e-01,-7.3348445631939889e-04,4.9352325411786307e-01,1.2086969584980074e-02,-7.0451857496981851e-01,2.6553086275905712e-02,-4.2566579533217586e-01,-3.7441622917256903e-02,5.9408814227770723e-01,-9.2274456907890292e-03,3.3480350041829529e-04,3.3479078206889658e-04,3.3614228019530326e-04,3.6782129076270689e-05,2.7734815629721009e-05,1.9363234170017074e-01,7.0608756863547206e-01,7.2879280439400924e-40,4.9400106805243238e-40
5.3787315372656353e+07,7.0073344715985786e-01,-2.0686551582737578e-02,-3.2230365277341555e-01,-2.4379712584864183e-02,5.9871270783533659e-01,1.1450634452687819e-03,-5.6291353862850904e-02,3.2771364984737546e-02,8.6808165162837680e-01,1.9634293298634697e-02,5.5564912337338268e-01,-1.4039611226270603e-02,-7.1000977501846507e-01,-1.3716526915754312e-02,-3.7381928423509125e-01,4.2823689588474906e-02,5.7670595593905849e-01,-2.9939441558449499e-03,7.1323398063547294e-01,1.5275279171363832e-02,-3.6492730822699632e-01,1.9505926852771204e-02,6.4038306616183338e-01,-1.5936386236397513e-02,-3.8476336415984691e-02,-3.8313854530028051e-02,8.3536149776484103e-01,-1.0460103427738553e-03,4.9334058937229613e-01,1.2536300097258838e-02,-7.0420163260418522e-01,2.7065417120470073e-02,-4.2626979393372960e-01,-3.8090501672681860e-02,5.9412684967562113e-01,-9.3570745948157071e-03,3.3479897157205830e-04,3.3479044144626622e-04,3.3610537569049034e-04,3.4330057366681716e-05,-1.1712121800135447e-05,7.1931733957001387e-01,9.4065437892688814e-02,1.0379383012915449e-41,-1.1620344983598305e-40
5.5998947994919732e+07,7.0093043311699499e-01,-2.1033473435825178e-02,-3.2136162562876286e-01,-2.4655857701376627e-02,5.9880091033539484e-01,1.3104023588667232e-03,-5.7177319461088193e-02,3.3387546798702636e-02,8.6808980567104244e-01,1.9904917897359375e-02,5.5553357256698521e-01,-1.4295277630623222e-02,-7.0969895029834196e-01,-1.4055131770525420e-02,-3.7446235581606307e-01,4.3824900050585341e-02,5.7671946591045520e-01,-2.9163428373908916e-03,7.1368100820954061e-01,1.5573362204206024e-02,-3.6422470814625157e-01,1.9940799275825816e-02,6.4053319859437075e-01,-1.6197700126927818e-02,-3.9470326972783895e-02,-3.9039889975164603e-02,8.3551435292977883e-01,-1.3837227937060848e-03,4.9314534724010756e-01,1.3018793650863232e-02,-7.0384959369863931e-01,2.7595290789442391e-02,-4.2692699167733750e-01,-3.8750190855473737e-02,5.9416926557241245e-01,-9.4955596407932386e-03,3.3479517745735397e-04,3.3479088644466237e-04,3.3606959220006192e-04,1.8805576401744033e-05,2.1287582564339198e-05,3.3384858456911681e-01,6.3616189567492720e-01,2.4567674723306069e-42,-1.4558619625965237e-41
5.8301518765368618e+07,7.0113454568404299e-01,-2.1357869644223482e-02,-3.2042322096521830e-01,-2.4885829867858811e-02,5.9888359296163640e-01,1.4705960954361288e-03,-5.8069051246162823e-02,3.3945753841574264e-02,8.6809100288266072e-01,2.0162559524551149e-02,5.5542603694338055e-01,-1.4543431596373217e-02,-7.0938245886796603e-01,-1.4366223812377676e-02,-3.7512371200186367e-01,4.4758658822631053e-02,5.7673097294750075e-01,-2.8408368989512635e-03,7.1412800526517750e-01,1.5837021457216369e-02,-3.6351654704371766e-01,2.0333672294291751e-02,6.4067459030263929e-01,-1.6450893864033644e-02,-4.0471948900935674e-02,-3.9698292537273479e-02,8.3565291880575310e-01,-1.7170644489216376e-03,4.9296465874978823e-01,1.3486906673334497e-02,-7.0348433077104255e-01,2.8093188794368833e-02,-4.2759272331146730e-01,-3.9354443190792211e-02,5.9420785292247291e-01,-9.6302796229734734e-03,3.3479058596410586e-04,3.3479029160102724e-04,3.3603390224660258e-04,-2.2038278454828783e-05,1.8660868937113952e-06,-7.0978108096546988e-01,4.7848706825012612e-02,1.6940417284727141e-42,-5.5213344017008657e-43
6.0698766888567187e+07,7.0135432916844409e-01,-2.1683251322499264e-02,-3.1942973047332296e-01,-2.5083716237960685e-02,5.9896899161145689e-01,1.6388777786075573e-03,-5.9016359040105035e-02,3.4485221524421350e-02,8.6809055763778775e-01,2.0428853948567194e-02,5.5531462458362346e-01,-1.4803843499307197e-02,-7.0904476429409957e-01,-1.4673195219616519e-02,-3.7583099266232500e-01,4.5694256645100739e-02,5.7674287810905978e-01,-2.7618217278548921e-03,7.1459871675654030e-01,1.6087416079604351e-02,-3.6276136032459222e-01,2.0709974020217403e-02,6.4082122020700139e-01,-1.6716709080498715e-02,-4.1536391545581093e-02,-4.0335981004898762e-02,8.3579074125551722e-01,-2.0688080461657632e-03,4.9277796725396505e-01,1.3978161322163229e-02,-7.0308840386736771e-01,2.8593573351206190e-02,-4.2829989677311231e-01,-3.9949070321218957e-02,5.9424832428388963e-01,-9.7712090134175027e-03,3.3478636182451474e-04,3.3479004806598388e-04,3.3599905739703175e-04,4.6122843999182165e-06,-1.6489133591447913e-05,3.4484891741707081e-02,-7.0327355158790961e-01,1.8063850706899206e-43,9.6593599708549010e-44
6.3194585318095274e+07,7.0159189572508707e-01,-2.2011633219036653e-02,-3.1837081280485202e-01,-2.5246156804116959e-02,5.9905816011986490e-01,1.8174594321252249e-03,-6.0028853879030557e-02,3.5006475526181885e-02,8.6808883085521749e-01,2.0706858891555269e-02,5.5519784625281832e-01,-1.5079869026792959e-02,-7.0868262344575772e-01,-1.4977398143616483e-02,-3.7659075882524790e-01,4.6637594570165308e-02,5.7675540160407879e-01,-2.6783244575270190e-03,7.1509697072288525e-01,1.6324755857282516e-02,-3.6195093180024368e-01,2.1069139573775961e-02,6.4097497957460292e-01,-1.6998605860752490e-02,-4.2674345518862268e-02,-4.0953795115196985e-02,8.3592858446101337e-01,-2.4429301617521896e-03,4.9258281048796260e-01,1.4498909897411079e-02,-7.0265710585311258e-01,2.9099177183783805e-02,-4.2905500551015496e-01,-4.0536606243321227e-02,5.9429137272284549e-01,-9.9200689645617818e-03,3.3478267575135791e-04,3.3479036077260440e-04,3.3596516862713637e-04,7.4763092781706143e-06,-1.0849688627827760e-05,8.1801913101107418e-02,-6.9174324981295165e-01,2.1430309058147221e-44,-6.5437908039235319e-45
6.5793027078417018e+07,7.0184005452171927e-01,-2.2326769037773586e-02,-3.1728928445755666e-01,-2.5360836743730381e-02,5.9914583331501459e-01,1.9979944787044748e-03,-6.1069195870783508e-02,3.5480933975797782e-02,8.6808300857151632e-01,2.0982833453492500e-02,5.5508332924622905e-01,-1.5359027290909044e-02,-7.0830838202770596e-01,-1.5262563430772591e-02,-3.7738014668647540e-01,4.7541284634011194e-02,5.7676697894049389e-01,-2.5938999162093621e-03,7.1560390086982595e-01,1.6534627958499963e-02,-3.6111581505090629e-01,2.1391419793776411e-02,6.4112695238026296e-01,-1.7283524323046948e-02,-4.3844109474474931e-02,-4.1517722412325139e-02,8.3605688876643813e-01,-2.8237911085282749e-03,4.9239239717086258e-01,1.5025447450284158e-02,-7.0220373726987506e-01,2.9585195560360118e-02,-4.2983197119369221e-01,-4.1085444201301821e-02,5.9433331983210813e-01,-1.0070557654197659e-02,3.3477878726734402e-04,3.3479034853422347e-04,3.3593172544596012e-04,-9.2675136472889863e-06,3.9589618470294301e-06,-2.7232638487266825e-01,6.3274889008088098e-01,-1.5179044826325628e-45,1.7659531952512702e-45
6.8498311846692652e+07,7.0209725983141225e-01,-2.2626731461372007e-02,-3.1619213215208752e-01,-2.5425878547568476e-02,5.9923142489660597e-01,2.1796333372079563e-03,-6.2130893184920905e-02,3.5904937084061853e-02,8.6807298564749247e-01,2.1255396856751652e-02,5.5497193965747882e-01,-1.5640051762936411e-02,-7.0792441368609260e-01,-1.5526779216340769e-02,-3.7819441843717766e-01,4.8399812207040899e-02,5.7677741716581454e-01,-2.5089113374398286e-03,7.1611590472902475e-01,1.6715689840585482e-02,-3.6026119660448347e-01,2.1673881957733312e-02,6.4127615662385107e-01,-1.7570151696859031e-02,-4.5038300627737178e-02,-4.2023424685974239e-02,8.3617429196536330e-01,-3.2091568645946107e-03,4.9220824222544934e-01,1.5555356106714472e-02,-7.0173076006900803e-01,3.0048171207942842e-02,-4.3062577392920631e-01,-4.1591995597947268e-02,5.9437373701267471e-01,-1.0222046569199197e-02,3.3477464781452466e-04,3.3478995484958427e-04,3.3589868778224625e-04,-4.0513835982630256e-06,6.5002612148663254e-06,3.2120123385535382e-01,6.0051827807657931e-01,1.9791883527231348e-46,1.1637122694303249e-46
7.1314832805222020e+07,7.0236895229126850e-01,-2.2921963226058995e-02,-3.1504638629675885e-01,-2.5441109162738978e-02,5.9931914448336865e-01,2.3698581414655848e-03,-6.3242895268502880e-02,3.6292038286354189e-02,8.6806113387540995e-01,2.1536094737126810e-02,5.5485763812323430e-01,-1.5934174463272333e-02,-7.0752149490200633e-01,-1.5779634528027331e-02,-3.7905092472781932e-01,4.9244140639466638e-02,5.7678782337107704e-01,-2.4201527736081446e-03,7.1664582650563902e-01,1.6875386189960036e-02,-3.5936277730789279e-01,2.1923886347321116e-02,6.4142988864264472e-01,-1.7870194937051977e-02,-4.6288968556503989e-02,-4.2487477321050626e-02,8.3628660638324082e-01,-3.6117967037096422e-03,4.9202006566325784e-01,1.6109938202181640e-02,-7.0122657363497221e-01,3.0503002097821280e-02,-4.3145563125098590e-01,-4.2075019246206921e-02,5.9441550104310847e-01,-1.0380219766449487e-02,3.3477082944245680e-04,3.3478986391017836e-04,3.3586641831016676e-04,-2.2930275323794244e-06,5.3100275602414027e-06,5.4730027987395080e-01,3.9154748181474403e-01,1.5620573864602066e-47,-1.4700871355356994e-47
7.4247163775647581e+07,7.0265179301596870e-01,-2.3206351798946534e-02,-3.1386994684255037e-01,-2.5401344722399091e-02,5.9940702542131075e-01,2.5657012342600594e-03,-6.4389272092277253e-02,3.6631140554203516e-02,8.6804655376624040e-01,2.1820043094998243e-02,5.5474329259618071e-01,-1.6236966508812848e-02,-7.0710510084207878e-01,-1.6015010205005009e-02,-3.7993925283087360e-01,5.0056553292768646e-02,5.7679758284272153e-01,-2.3288876501213890e-03,7.1718536269353950e-01,1.7008674496041033e-02,-3.5843355957360612e-01,2.2133327941204761e-02,6.4158484619559852e-01,-1.8179025433683452e-02,-4.7578176310745866e-02,-4.2896722902323457e-02,8.3639008254496205e-01,-4.0254543730213338e-03,4.9183286627419204e-01,1.6680767772233020e-02,-7.0069705434347651e-01,3.0939803132213898e-02,-4.3231001905337607e-01,-4.2522799853516612e-02,5.9445721729888590e-01,-1.0542851557251071e-02,3.3476708118482007e-04,3.3478977791854799e-04,3.3583474021124226e-04,3.1004153104370057e-06,3.0352132994881576e-06,4.0771982119665018e-01,-5.2490749597591313e-01,-1.8942483775494409e-48,-8.3274594909005428e-50
7.7300066646502361e+07,7.0294486123054700e-01,-2.3478822012210465e-02,-3.1266616034567263e-01,-2.5303285947609541e-02,5.9949492673647731e-01,2.7672985190231106e-03,-6.5566840023384421e-02,3.6918870804450547e-02,8.6802934272036825e-01,2.2107294851983206e-02,5.5462914078363512e-01,-1.6548649105433695e-02,-7.0667657904254633e-01,-1.6231638459568098e-02,-3.8085670597615756e-01,5.0834172548701317e-02,5.7680658614156355e-01,-2.2350539678903242e-03,7.1773226897575237e-01,1.7114578573902375e-02,-3.5747600926953793e-01,2.2298951954352986e-02,6.4174086327215762e-01,-1.8496869367903474e-02,-4.8902149343579053e-02,-4.3247318959242255e-02,8.3648391644216924e-01,-4.4493574423504169e-03,4.9164713483014533e-01,1.7268243942422039e-02,-7.0014328866437836e-01,3.1356130030795758e-02,-4.3318610496208393e-01,-4.2933096104861443e-02,5.9449875116431883e-01,-1.0710065163347557e-02,3.3476339820699035e-04,3.3478969266755184e-04,3.3580363842300437e-04,-3.2255618244720706e-06,-2.1220998313780192e-07,2.5314573012621555e-01,6.0536485264076600e-01,-3.6764335601047661e-50,-1.5400909224169968e-49
8.0478499106164545e+07,7.0324704241152480e-01,-2.3738294321472342e-02,-3.1143911320727385e-01,-2.5143947819231682e-02,5.9958265757205986e-01,2.9747139547137771e-03,-6.6771698446413882e-02,3.7152044760868613e-02,8.6800958840948983e-01,2.2397835256804444e-02,5.5451549461996164e-01,-1.6869334729711843e-02,-7.0623754314951648e-01,-1.6428305601991489e-02,-3.8180002834801047e-01,5.1574125403990784e-02,5.7681470671476154e-01,-2.1386223213992958e-03,7.1828402592822682e-01,1.7192326929954087e-02,-3.5649324383505127e-01,2.2417644008251789e-02,6.4189769118037887e-01,-1.8823843262554360e-02,-5.0256292170459668e-02,-4.3535650714796863e-02,8.3656734189306192e-01,-4.8824900304146220e-03,4.9146349264118278e-01,1.7872557648227809e-02,-6.9956678868560307e-01,3.1749469085799668e-02,-4.3408055457730665e-01,-4.3303819206128066e-02,5.9453993128352989e-01,-1.0881929007061933e-02,3.3475977122355427e-04,3.3478959849457898e-04,3.3577309533138958e-04,5.5950977399488888e-07,2.3251078718871847e-06,3.1324442592890345e-01,-5.6665064352034089e-01,1.3138953922096979e-51,1.2402693866149238e-50
8.3787622693776637e+07,7.0355770877015722e-01,-2.3984566331312185e-02,-3.1019011910125882e-01,-2.4920272574083843e-02,5.9967035352489684e-01,3.1886538445868792e-03,-6.8002436652966528e-02,3.7328579298815348e-02,8.6798751925606821e-01,2.2692639307216267e-02,5.5440220130604756e-01,-1.7200103517046653e-02,-7.0578879561617691e-01,-1.6604600791447044e-02,-3.8276753501877564e-01,5.2276138910594780e-02,5.7682189324540389e-01,-2.0392863418362203e-03,7.1883927561446925e-01,1.7241787094736630e-02,-3.5548635534030404e-01,2.2486871506020207e-02,6.4205566088027377e-01,-1.9161069027079376e-02,-5.1638764157503771e-02,-4.3759473945990487e-02,8.3664011645594860e-01,-5.3249070750355336e-03,4.9128178439904613e-01,1.8495733143603279e-02,-6.9896810333357784e-01,3.2118541534977604e-02,-4.3499175707461119e-01,-4.3634468577673918e-02,5.9458080597967589e-01,-1.1059002821926480e-02,3.3475623177730706e-04,3.3478953513112989e-04,3.3574311929535750e-04,1.6833647909797152e-06,-5.0166172214482628e-07,-6.3735138935363167e-01,-3.9280198227171395e-02,2.5001227155063397e-52,-8.9082038908273894e-52
8.7232811181203097e+07,7.0387516738603262e-01,-2.4216265995611663e-02,-3.0892584128775757e-01,-2.4630055978846363e-02,5.9975758880506846e-01,3.4087992327325595e-03,-6.9252747721064420e-02,3.7445389015230958e-02,8.6796312549128207e-01,2.2991201272156869e-02,5.5428991628405555e-01,-1.7540490846773359e-02,-7.0533279443571439e-01,-1.6759178577762712e-02,-3.8375425551775250e-01,5.2936506785149842e-02,5.7682794831491635e-01,-1.9371855860513612e-03,7.1939455717681688e-01,1.7262438761683534e-02,-3.5446060030190368e-01,2.2503700013401889e-02,6.4221412448637905e-01,-1.9508071664942093e-02,-5.3042256448447185e-02,-4.3915286120163800e-02,8.3670141446938151e-01,-5.7747070123530201e-03,4.9110322516716098e-01,1.9136861914271303e-02,-6.9835003057627476e-01,3.2460310071218287e-02,-4.3591474917545198e-01,-4.3922791574641372e-02,5.9462103676481526e-01,-1.1241063294507411e-02,3.3475274685508619e-04,3.3478946375033560e-04,3.3571367879274615e-04,-1.2158209847894669e-06,4.0215966809579049e-07,5.8436340107316387e-01,-2.3392341366684274e-01,5.0232064589684387e-53,4.0518119678999687e-53
9.0819659299638242e+07,7.0419756420380697e-01,-2.4432200476245169e-02,-3.0765355284232365e-01,-2.4272001214024314e-02,5.9984389084530054e-01,3.6347369711412295e-03,-7.0515718584333198e-02,3.7500172320482424e-02,8.6793637470583851e-01,2.3292955158895845e-02,5.5417936288118341e-01,-1.7889887019024001e-02,-7.0487220355884539e-01,-1.6890983034764440e-02,-3.8475476344966858e-01,5.3552040911659285e-02,5.7683266458297988e-01,-1.8325042629145638e-03,7.1994631106889018e-01,1.7254222690795927e-02,-3.5342183815655476e-01,2.2465869903514183e-02,6.4237234824663181e-01,-1.9864234470649653e-02,-5.4458787802238062e-02,-4.4000501191506045e-02,8.3675057771826922e-01,-6.2297887182875093e-03,4.9092914181382519e-01,1.9794757596780913e-02,-6.9771583423986372e-01,3.2772023986663956e-02,-4.3684422054095018e-01,-4.4167131751199018e-02,5.9466025246865561e-01,-1.1427813766786039e-02,3.3474926954919553e-04,3.3478933120598321e-04,3.3568472908920355e-04,-7.5273619081159923e-07,5.4023400195724667e-07,2.7057277410060510e-01,-5.5798897654846646e-01,3.0696561307429407e-54,-2.9036706706913328e-54
9.4553991825036108e+07,7.0452443463011061e-01,-2.4633001037933311e-02,-3.0637318183090684e-01,-2.3843571523361085e-02,5.9992959540171709e-01,3.8676553271764919e-03,-7.1791145271998008e-02,3.7492258989794802e-02,8.6790755661110608e-01,2.3599699683787057e-02,5.5407011388659311e-01,-1.8250097402417231e-02,-7.0440746870335458e-01,-1.7000478825529741e-02,-3.8576802924447889e-01,5.4124971287030955e-02,5.7683601651080363e-01,-1.7247323995589342e-03,7.2049394020667334e-01,1.7217948108675090e-02,-3.5237035439016112e-01,2.2371725555188057e-02,6.4253104069223899e-01,-2.0231440714554114e-02,-5.5887830304520054e-02,-4.4014641031246686e-02,8.3678799725477848e-01,-6.6908617297131712e-03,4.9075894408044651e-01,2.0472813057899129e-02,-6.9706590103148069e-01,3.3053541556833030e-02,-4.3777948818141627e-01,-4.4368780856009468e-02,5.9469862531942408e-01,-1.1620182415213043e-02,3.3474587218051120e-04,3.3478922348390846e-04,3.3565631011176167e-04,-6.6505846430871957e-07,8.2981678425071836e-09,3.4520932110388131e-01,-5.0364648440538751e-01,7.5563463439836334e-56,-2.4797747878228662e-55
9.8441873037114292e+07,7.0485686444245288e-01,-2.4820768673577243e-02,-3.0507688527346838e-01,-2.3339120349926482e-02,6.0001584318459422e-01,4.1105593912562285e-03,-7.3086083319595097e-02,3.7421004897372045e-02,8.6787720959295633e-01,2.3915783325535761e-02,5.5396060905276667e-01,-1.8625681323847638e-02,-7.0393663453170796e-01,-1.7089103910133630e-02,-3.8679792563926579e-01,5.4661948660482268e-02,5.7683812155594405e-01,-1.6125637635430665e-03,7.2103980120781985e-01,1.7154556610658289e-02,-3.5130035713267133e-01,2.2218761582095473e-02,6.4269239653780219e-01,-2.0614408895594405e-02,-5.7336891183377675e-02,-4.3957520102934321e-02,8.3681482950018038e-01,-7.1616888447614060e-03,4.9059020574490542e-01,2.1179637305265273e-02,-6.9639722939882176e-01,3.3306622201757202e-02,-4.3872482587217981e-01,-4.4530917874768462e-02,5.9473685668279552e-01,-1.1820500867670716e-02,3.3474272229051723e-04,3.3478934189828133e-04,3.3562852292383231e-04,-4.0737145087257469e-07,2.4155352687996746e-07,-2.4067344054931075e-01,-5.5049084550040295e-01,-1.4487535212522012e-56,-3.3844667602036823e-57
1.0248961656729746e+08,7.0519405829486392e-01,-2.4995249412745890e-02,-3.0376739174411305e-01,-2.2754783111834237e-02,6.0010250053800041e-01,4.3643336205500399e-03,-7.4398143803428948e-02,3.7283727777532069e-02,8.6784515774019300e-01,2.4242434170172134e-02,5.5385112183231344e-01,-1.9018011973648746e-02,-7.0346078530656808e-01,-1.7156369951025263e-02,-3.8784244999817119e-01,5.5162597023096283e-02,5.7683875966106313e-01,-1.4956130622725827e-03,7.2158230787471567e-01,1.7064070371856969e-02,-3.5021414171235288e-01,2.2003768006214643e-02,6.4285640112321518e-01,-2.1014571551770597e-02,-5.8803004390065680e-02,-4.3826372602462624e-02,8.3683084357276560e-01,-7.6421987230823399e-03,4.9042363189921717e-01,2.1917773263646953e-02,-6.9571097148707128e-01,3.3529561931522164e-02,-4.3967828088477356e-01,-4.4653028615555077e-02,5.9477477432004699e-01,-1.2029500234792111e-02,3.3473976991545465e-04,3.3478964385289965e-04,3.3560129329575415e-04,1.3390936103036658e-07,-3.0650026521897391e-07,5.9070808727953428e-01,7.5220828026353092e-03,6.3181529860182953e-59,-7.9508534142932364e-58
1.0670379565158638e+08,7.0551177460632197e-01,-2.5136766813939670e-02,-3.0256163361853644e-01,-2.2137133673249244e-02,6.0017796038276905e-01,4.6036323262361803e-03,-7.5617791951042457e-02,3.7083191901429238e-02,8.6780775091207485e-01,2.4544686710137903e-02,5.5375813079959524e-01,-1.9388675767489479e-02,-7.0301675654176343e-01,-1.7190267197740139e-02,-3.8882624565721385e-01,5.5568171412767688e-02,5.7683560567173364e-01,-1.3850252091264573e-03,7.2207765139391134e-01,1.6947959545065415e-02,-3.4920462811235181e-01,2.1740617502044673e-02,6.4300189657924745e-01,-2.1392441593481134e-02,-6.0164602316134616e-02,-4.3621278734483994e-02,8.3682717418425911e-01,-8.0880743238024161e-03,4.9028621263062250e-01,2.2614410568813428e-02,-6.9506036242838221e-01,3.3696280015307140e-02,-4.4056531650892594e-01,-4.4712546686482460e-02,5.9480459254337481e-01,-1.2227603742565343e-02,3.3473574359173404e-04,3.3478856715515051e-04,3.3557385577440661e-04,-1.6187897333169426e-07,1.6919852382606642e-07,-5.7329081003611704e-01,9.2983434442502844e-02,2.5691765620033050e-59,3.0387246379822548e-59
1.1109125380500712e+08,7.0584755797830734e-01,-2.5279812406192204e-02,-3.0127104492901180e-01,-2.1405982138607046e-02,6.0026193412748252e-01,4.8729455685840098e-03,-7.6920886459283841e-02,3.6815640280358247e-02,8.6777155984764243e-01,2.4884721215694600e-02,5.5365383552658964e-01,-1.9805092788567222e-02,-7.0254655453110448e-01,-1.7212802046927378e-02,-3.8986760075052446e-01,5.5982728324905043e-02,5.7683226563657719e-01,-1.2612953361124113e-03,7.2259551877441164e-01,1.6807653119154966e-02,-3.4812352855809053e-01,2.1404343435972376e-02,6.4316517005814910e-01,-2.1817435876705635e-02,-6.1616067852227438e-02,-4.3344005529418514e-02,8.3682045693110541e-01,-8.5731730112765872e-03,4.9013280488626593e-01,2.3397254144892254e-02,-6.9436173226534526e-01,3.3850145854972119e-02,-4.4150459078445464e-01,-4.4752123153619434e-02,5.9483933550683132e-01,-1.2449179012088061e-02,3.3473297659194774e-04,3.3478894914117763e-04,3.3554765032300167e-04,-6.9901610695013153e-08,-1.4671927088984951e-07,-2.1125688204395598e-01,-5.2970189496244202e-01,-2.9168555272290892e-61,1.8254895598980132e-60
1.1565911593497311e+08,7.0617725966581735e-01,-2.5404402752554567e-02,-3.0001431390187877e-01,-2.0608267566236071e-02,6.0034228597987793e-01,5.1465367720945066e-03,-7.8196819461576639e-02,3.6483534673325525e-02,8.6773228033380156e-01,2.5226880429393445e-02,5.5355549053752917e-01,-2.0228289612857518e-02,-7.0208707658063196e-01,-1.7211631937688265e-02,-3.9089140265209782e-01,5.6346395315768114e-02,5.7682622869990952e-01,-1.1357388087077924e-03,7.2309200174868915e-01,1.6644368567943737e-02,-3.4706494596589105e-01,2.1008913631487523e-02,6.4332420782047017e-01,-2.2249509264075304e-02,-6.3034774730576518e-02,-4.2994267750743984e-02,8.3680136314095166e-01,-9.0527688482006652e-03,4.8999180239929047e-01,2.4192380793721921e-02,-6.9366860604121217e-01,3.3964693936079822e-02,-4.4242144527386912e-01,-4.4748480000181279e-02,5.9487084400214041e-01,-1.2674399843304868e-02,3.3473002350061876e-04,3.3478905115212040e-04,3.3552173522048652e-04,-8.3125204528431202e-08,7.4738945550970796e-08,-1.6247041733267323e-01,5.3550345521234999e-01,2.9275390864749190e-62,-7.4159992639263073e-62
1.2041479991160761e+08,7.0649475174779985e-01,-2.5507993453888989e-02,-2.9881980096691024e-01,-1.9761957278225641e-02,6.0041630507672072e-01,5.4181868643718642e-03,-7.9418677834307450e-02,3.6094497170631269e-02,8.6768905381630246e-01,2.5563118082273600e-02,5.5346695257744061e-01,-2.0648800183589895e-02,-7.0164733667563839e-01,-1.7186734529985204e-02,-3.9187886944980260e-01,5.6651356159014114e-02,5.7681699083219518e-01,-1.0111340324261003e-03,7.2355757895210604e-01,1.6461955615853976e-02,-3.4605224777856519e-01,2.0563567375668276e-02,6.4347398260453748e-01,-2.2679021191262336e-02,-6.4390996925065030e-02,-4.2580185051332223e-02,8.3676936984349970e-01,-9.5163360780613354e-03,4.8986945013874161e-01,2.4981827270658327e-02,-6.9299533966837001e-01,3.4037445461314736e-02,-4.4329813943693774e-01,-4.4701784880709111e-02,5.9489728035693457e-01,-1.2898435411849552e-02,3.3472662308703843e-04,3.3478855001354608e-04,3.3549595325030703e-04,6.3107270444580658e-08,4.2657306440253078e-08,4.5930372106914774e-01,-3.0048279687904766e-01,-1.8825935324974954e-63,2.5677210223807207e-63
1.2536602861381596e+08,7.0682014663633674e-01,-2.5607340861925676e-02,-2.9758439624146255e-01,-1.8803656990206294e-02,6.0049504355936989e-01,5.7159232751176625e-03,-8.0683493284173818e-02,3.5631930653058336e-02,8.6764515093329087e-01,2.5932094903917464e-02,5.5337286665939656e-01,-2.1109189188333544e-02,-7.0119617980136906e-01,-1.7146465068142713e-02,-3.9289453026351345e-01,5.6949593521407271e-02,5.7680597910519260e-01,-8.7517267805999055e-04,7.2402814075938648e-01,1.6256864302068044e-02,-3.4500389882694188e-01,2.0039676267982282e-02,6.4363559213035682e-01,-2.3149754780370149e-02,-6.5791202365513168e-02,-4.2086961561285552e-02,8.3673233641066791e-01,-1.0006816086434778e-02,4.8974159433626657e-01,2.5846133887997055e-02,-6.9229476109140287e-01,3.4085606846140745e-02,-4.4419906987242858e-01,-4.4628926913234494e-02,5.9492572936831090e-01,-1.3143024728181973e-02,3.3472416083330512e-04,3.3478911650798360e-04,3.3547117929396628e-04,-3.6345873980000493e-08,3.6364240657317755e-08,4.7287110044147412e-01,2.5581412833411082e-01,-1.1556491290882086e-64,2.2058757878476469e-65
1.3052084247066948e+08,7.0712659438744740e-01,-2.5684397777568480e-02,-2.9644190790366720e-01,-1.7816815863522524e-02,6.0056449522517352e-01,6.0059287593968932e-03,-8.1865350286945568e-02,3.5122910080718092e-02,8.6759596806024997e-01,2.6288012532292633e-02,5.5329288273476163e-01,-2.1558074223396263e-02,-7.0077448117648100e-01,-1.7084008970545350e-02,-3.9385377665438237e-01,5.7185098834388659e-02,5.7679103624380634e-01,-7.4280165681794852e-04,7.2445820672770744e-01,1.6038596318858806e-02,-3.4402723103598243e-01,1.9477157713464539e-02,6.4378265245419564e-01,-2.3609058633262653e-02,-6.7097036370537433e-02,-4.1541106472185521e-02,8.3668281220325136e-01,-1.0471034888017886e-02,4.8963957348270354e-01,2.6687943561464676e-02,-6.9163022562223608e-01,3.4091130341058845e-02,-4.4504139144143262e-01,-4.4516357612471455e-02,5.9494700589387262e-01,-1.3381948580888633e-02,3.3472094944476342e-04,3.3478872126017022e-04,3.3544632251973524e-04,1.6410905826911339e-08,-3.0188820448458439e-08,-4.6354827308633806e-01,2.4947640820613834e-01,2.7786832360395091e-67,-3.9975639353942094e-66
1.3588761251846740e+08,7.0742843996898330e-01,-2.5751202731584988e-02,-2.9531889805460837e-01,-1.6753349898026432e-02,6.0063247526924812e-01,6.3090440230895092e-03,-8.3033737088133344e-02,3.4553943516072619e-02,8.6754348101211010e-01,2.6659644266112524e-02,5.5321622478846311e-01,-2.2027112600323577e-02,-7.0035999579320207e-01,-1.7005224671852170e-02,-3.9480300169928939e-01,5.7395430909019912e-02,5.7677298365300667e-01,-6.0488408209443539e-04,7.2487336315758311e-01,1.5804419430526656e-02,-3.4306419737512100e-01,1.8853650130296003e-02,6.4393030559841857e-01,-2.4089537187519869e-02,-6.8384675959671293e-02,-4.0930431385391673e-02,8.3662641743723609e-01,-1.0940409182081029e-02,4.8954668607641394e-01,2.7567117102368869e-02,-6.9096796401069405e-01,3.4065849413212689e-02,-4.4587141548060782e-01,-4.4375992477244768e-02,5.9496603928287706e-01,-1.3631392495007746e-02,3.3471798846895095e-04,3.3478857172332995e-04,3.3542200711508428e-04,2.2705786046953689e-08,-1.1335357026642231e-09,-5.0289868839781371e-01,1.1060766564289970e-01,1.2707431738765654e-68,-1.2503705441616544e-67
1.4147505399468037e+08,7.0772047917897440e-01,-2.5805819278104658e-02,-2.9424070037754896e-01,-1.5630879022171178e-02,6.0069632955025742e-01,6.6195212501018591e-03,-8.4164966649748527e-02,3.3933157585059479e-02,8.6748648828331998e-01,2.7039540561117383e-02,5.5314669733866262e-01,-2.2507548391123039e-02,-6.9996043876073255e-01,-1.6910541597054407e-02,-3.9572632888883824e-01,5.7574424691905240e-02,5.7675127029107953e-01,-4.6401470389972888e-04,7.2526576595780778e-01,1.5558037564395961e-02,-3.4213562784180857e-01,1.8178870041274636e-02,6.4407368860601588e-01,-2.4582330254576144e-02,-6.9628163625315695e-02,-4.0263679748258049e-02,8.3656276787472350e-01,-1.1405827593560951e-02,4.8946916987419209e-01,2.8467002616054747e-02,-6.9032069515098249e-01,3.4008517693391374e-02,-4.4667414821959966e-01,-4.4208610583460629e-02,5.9498099818517580e-01,-1.3886895144053136e-02,3.3471500100106758e-04,3.3478833399085530e-04,3.3539805057077862e-04,-1.2312935834310719e-08,8.3655100595764970e-09,1.2083061756398360e-02,-5.0307693011207455e-01,3.5752423482354325e-69,5.7009682369257766e-70
1.4729224049085137e+08,7.0800592989197875e-01,-2.5852007368524388e-02,-2.9318968699929482e-01,-1.4433213534504072e-02,6.0075799057753831e-01,6.9442987569374726e-03,-8.5276229221367614e-02,3.3255583104920577e-02,8.6742493923878039e-01,2.7437455874231964e-02,5.5308180305866139e-01,-2.3009924627053757e-02,-6.9957058416805462e-01,-1.6801953508913336e-02,-3.9663512286527403e-01,5.7734131116002570e-02,5.7672573668112304e-01,-3.1719972591894019e-04,7.2564164542925313e-01,1.5299343605351789e-02,-3.4122795156141711e-01,1.7444694853807171e-02,6.4421696314415455e-01,-2.5098398736104456e-02,-7.0846167889663109e-02,-3.9536542048993477e-02,8.3649382773326342e-01,-1.1876718784301313e-02,4.8940362474590171e-01,2.9407451309118940e-02,-6.8968052091382481e-01,3.3922090916277403e-02,-4.4746135949223631e-01,-4.4018422135050389e-02,5.9499293185129021e-01,-1.4153867495359846e-02,3.3471229143769887e-04,3.3478837391017445e-04,3.3537464274334541e-04,-8.5079535166813635e-09,-4.5400864734109731e-09,1.3547180816051466e-01,-4.7217746146838091e-01,9.0734700741974863e-71,3.0103924381453220e-71
1.5334861868743697e+08,7.0828097543372204e-01,-2.5888897610956640e-02,-2.9218514638199961e-01,-1.3175432548109326e-02,6.0081528732860268e-01,7.2790054956660272e-03,-8.6349739892493033e-02,3.2529142562909487e-02,8.6735756896182981e-01,2.7847811032372730e-02,5.5302468739262556e-01,-2.3527563290282577e-02,-6.9919608228818675e-01,-1.6680546652214190e-02,-3.9751790039199553e-01,5.7871530687973682e-02,5.7669587113576692e-01,-1.6645153116872508e-04,7.2599560764746363e-01,1.5031855796965490e-02,-3.4035711257301293e-01,1.6660131635578213e-02,6.4435620987333275e-01,-2.5631065305977238e-02,-7.2019347110873599e-02,-3.8757696010436521e-02,8.3641956395160411e-01,-1.2346526205978432e-02,4.8935528514120025e-01,3.0375723321975166e-02,-6.8905720759336275e-01,3.3806821461258955e-02,-4.4822231109465066e-01,-4.3807312442493293e-02,5.9500030416738658e-01,-1.4428909943740869e-02,3.3470963708826575e-04,3.3478842631128335e-04,3.3535162782064167e-04,6.1593003253108844e-09,4.9544369655731796e-10,4.0471113966157612e-01,2.5623098288745760e-01,-1.2881179378390443e-72,1.9153679539380388e-72
1.5965402369451743e+08,7.0854764032443096e-01,-2.5919378627423550e-02,-2.9121617897151475e-01,-1.1844930935220235e-02,6.0086931084757378e-01,7.6290565202636051e-03,-8.7396678783595153e-02,3.1749838707950638e-02,8.6728375920707357e-01,2.8278259815404744e-02,5.5297408141855253e-01,-2.4068688044184633e-02,-6.9883357159504067e-01,-1.6547951341012779e-02,-3.9838238879927057e-01,5.7995931309160635e-02,5.7666128032284047e-01,-9.4728255492920743e-06,7.2633178464167159e-01,1.4755761724300927e-02,-3.3951484812100186e-01,1.5818727202476492e-02,6.4449412403075845e-01,-2.6188968355238831e-02,-7.3159823624009426e-02,-3.7923759303499630e-02,8.3634143148674367e-01,-1.2822370248427598e-02,4.8932284552811750e-01,3.1387242578275423e-02,-6.8844577386659467e-01,3.3664788993629013e-02,-4.4896510873246648e-01,-4.3578641693002816e-02,5.9500356274765065e-01,-1.4716260208180697e-02,3.3470726040684312e-04,3.3478875826972883e-04,3.3532914476923917e-04,1.6698317918629256e-09,3.5410378206112639e-09,3.6123161633838941e-01,2.9515125507037099e-01,-3.6621781707953126e-74,3.5285339238250921e-74
1.6621869502328777e+08,7.0879988468083699e-01,-2.5941281449608555e-02,-2.9031536556875082e-01,-1.0475768086687647e-02,6.0091620999628903e-01,7.9842009215428250e-03,-8.8386436184458184e-02,3.0935366083434848e-02,8.6720187571410001e-01,2.8715249874569707e-02,5.5293534496120678e-01,-2.4617623121943592e-02,-6.9849227698659822e-01,-1.6405895499974787e-02,-3.9920928032264635e-01,5.8099384545267682e-02,5.7662155335488652e-01,1.4909860996255297e-04,7.2664141724159093e-01,1.4476871735489123e-02,-3.3872764782435322e-01,1.4941403293006528e-02,6.4462315783095614e-01,-2.6756246900514750e-02,-7.4234696240508491e-02,-3.7053461722757294e-02,8.3625873790414873e-01,-1.3290758632485557e-02,4.8931459867310750e-01,3.2412263540971584e-02,-6.8786254281769144e-01,3.3497456226219552e-02,-4.4967119030522090e-01,-4.3334867511817657e-02,5.9500019468070064e-01,-1.5007887679383752e-02,3.3470470065549354e-04,3.3478882015770800e-04,3.3530687898781114e-04,-2.3525283191911550e-09,-6.9112744696496575e-10,-1.9357303132693543e-01,4.1045618698320163e-01,-7.6421222684216717e-76,-6.7488998328930198e-76
1.7305329321426633e+08,7.0903444518904413e-01,-2.5953833911759316e-02,-2.8950257862462708e-01,-9.0969495276899889e-03,6.0095334195597949e-01,8.3363694274451311e-03,-8.9300260619158398e-02,3.0102167843769557e-02,8.6711080108125604e-01,2.9148067210714307e-02,5.5291208357681221e-01,-2.5161995631613088e-02,-6.9817734084602212e-01,-1.6256620632170427e-02,-3.9998758475064639e-01,5.8178031510433367e-02,5.7657661603346122e-01,3.0559891068583644e-04,7.2692024909729669e-01,1.4199956648474912e-02,-3.3801159677453213e-01,1.4047158622112414e-02,6.4473783766260517e-01,-2.7320407046905713e-02,-7.5224240158181535e-02,-3.6164217472282711e-02,8.3617115600832614e-01,-1.3742362263199769e-02,4.8933583775465633e-01,3.3427323066845128e-02,-6.8731764274501927e-01,3.3308228457496605e-02,-4.5032984819552524e-01,-4.3079294066589363e-02,5.9498852477524533e-01,-1.5297440530716747e-02,3.3470161621544783e-04,3.3478820996061788e-04,3.3528458772462324e-04,-1.4372312138040347e-09,-4.8719279351296479e-10,2.1970452298284085e-01,3.8253063911381102e-01,-1.8542352317407475e-77,5.0727065472793520e-79
1.8016891714922383e+08,7.0926259385027901e-01,-2.5965789856029764e-02,-2.8871697898712700e-01,-7.6346976263273608e-03,6.0098738048970612e-01,8.7110797793494288e-03,-9.0198249320422377e-02,2.9216668143346166e-02,8.6701025306931534e-01,2.9611585383667871e-02,5.5289575380390621e-01,-2.5740656918588560e-02,-6.9787088003923425e-01,-1.6101168818559997e-02,-4.0075700309594409e-01,5.8261625363582037e-02,5.7652560014252341e-01,4.7113534424227110e-04,7.2718691797901136e-01,1.3917845217985513e-02,-3.3731846306966540e-01,1.3092855806546996e-02,6.4485302189869365e-01,-2.7921666709423896e-02,-7.6193094507743392e-02,-3.5222450004712705e-02,8.3608238040704330e-01,-1.4210040863825386e-02,4.8937540287028769e-01,3.4505636470327596e-02,-6.8678095961015406e-01,3.3098565753748442e-02,-4.5098069408028041e-01,-4.2815376368974686e-02,5.9497213454220765e-01,-1.5604886198395918e-02,3.3469909758982656e-04,3.3478822279887135e-04,3.3526300176749309e-04,-8.1561075076734885e-10,-4.4240048218374866e-10,4.2343052170290102e-01,6.2857926294429184e-02,-2.5750162278606109e-79,1.6506427554532867e-79
1.8757712207494614e+08,7.0947837496214894e-01,-2.5974675320505125e-02,-2.8799303846400898e-01,-6.1306496894175944e-03,6.0101397326101291e-01,9.0957973627915356e-03,-9.1047992006615466e-02,2.8300659082687432e-02,8.6689844326001053e-01,3.0088970184576319e-02,5.5289233516094460e-01,-2.6334411982346678e-02,-6.9758222076661103e-01,-1.5941543853551454e-02,-4.0149787119740088e-01,5.8340614508339092e-02,5.7646823438449457e-01,6.4002092999598803e-04,7.2743269401949906e-01,1.3636765192415599e-02,-3.3667594773563614e-01,1.2104584297283078e-02,6.4495992056204232e-01,-2.8540625952452166e-02,-7.7106741400855008e-02,-3.4250977511598314e-02,8.3599119590265825e-01,-1.4678361476321330e-02,4.8944229062349465e-01,3.5610791429877262e-02,-6.8626945699259345e-01,3.2871075343620236e-02,-4.5160440193599366e-01,-4.2545587632859011e-02,5.9494824255262968e-01,-1.5920373285032246e-02,3.3469657681218650e-04,3.3478818806373460e-04,3.3524172314970712e-04,5.5248792368882555e-10,9.3100262336514059e-11,-1.0725397115173907e-01,4.0071343173295404e-01,5.3425507749579241e-83,-4.5572269964277446e-81
1.9528993836810002e+08,7.0968215873069540e-01,-2.5981956436722964e-02,-2.8733108772688382e-01,-4.5860533455376329e-03,6.0103260807469872e-01,9.4912895446053469e-03,-9.1850323146795726e-02,2.7356516886747187e-02,8.6677399604121896e-01,3.0581392287795411e-02,5.5290275833181046e-01,-2.6944337913834653e-02,-6.9731077852129186e-01,-1.5779378908703290e-02,-4.0221218019398547e-01,5.8419127659318879e-02,5.7640402663018830e-01,8.1241717861656182e-04,7.2765878899169367e-01,1.3358060683337617e-02,-3.3608443254291226e-01,1.1084290666256959e-02,6.4505797974818258e-01,-2.9178752656788570e-02,-7.7966374158678492e-02,-3.3252786663966763e-02,8.3589793123000966e-01,-1.5148992520943948e-02,4.8953850747916483e-01,3.6744647092981926e-02,-6.8578303637894444e-01,3.2628082414755705e-02,-4.5220296464433107e-01,-4.2272551351532656e-02,5.9491626462206848e-01,-1.6244462572530250e-02,3.3469408664108630e-04,3.3478814436271745e-04,3.3522076899149744e-04,-6.1461447666276828e-12,3.3395637935144956e-10,-1.9223190548068261e-01,3.5235433371075520e-01,4.5392763196702118e-83,-4.1082917774822915e-83
2.0331989107167485e+08,7.0987401938500494e-01,-2.5988781199457855e-02,-2.8673361004249232e-01,-3.0054769762956624e-03,6.0104245930915634e-01,9.8972152120846840e-03,-9.2604032807147241e-02,2.6388176118393523e-02,8.6663544899211553e-01,3.1088455308936364e-02,5.5292836499755493e-01,-2.7569803799324007e-02,-6.9705648855489755e-01,-1.5616301945622635e-02,-4.0290079363469555e-01,5.8500093721427712e-02,5.7633250840297878e-01,9.8797579665593771e-04,7.2786586394225339e-01,1.3083319164085179e-02,-3.3554593079921252e-01,1.0035970103027397e-02,6.4514595469516256e-01,-2.9835797622047047e-02,-7.8771041525198260e-02,-3.2232407675265286e-02,8.3580264921185210e-01,-1.5622347725242743e-02,4.8966662252619431e-01,3.7905825065870896e-02,-6.8532253916900288e-01,3.2372019722594320e-02,-4.5277713218047422e-01,-4.1998712212966235e-02,5.9487543001368848e-01,-1.6576830885777365e-02,3.3469160726462289e-04,3.3478806934060903e-04,3.3520011798973351e-04,-1.6467790953772731e-10,-1.0726626182522780e-10,-3.8110481576909949e-01,7.1621732348857062e-02,4.8285956279346028e-85,5.6035827147979963e-85
2.1168002023472562e+08,7.1005490369311453e-01,-2.5996900414308688e-02,-2.8619842466102052e-01,-1.3854011017506024e-03,6.0104318400202783e-01,1.0315789040177423e-02,-9.3312779194446263e-02,2.5395371339801950e-02,8.6648109205662960e-01,3.1613204943333695e-02,5.5296993834785757e-01,-2.8214058186837761e-02,-6.9681789348654999e-01,-1.5453756200342339e-02,-4.0356788525530241e-01,5.8588623106044402e-02,5.7625300585786776e-01,1.1674352880485378e-03,7.2805586224203367e-01,1.2813228969950623e-02,-3.3505872237324597e-01,8.9585601652379734e-03,6.4522384480774564e-01,-3.0515581410496491e-02,-7.9524950408062747e-02,-3.1190089609993813e-02,8.3570555441380401e-01,-1.6101881378944791e-02,4.8982868293642107e-01,3.9100230722821400e-02,-6.8488625747526033e-01,3.2104838812788875e-02,-4.5333089149135852e-01,-4.1726289742907235e-02,5.9482516591422996e-01,-1.6919151599646867e-02,3.3468921268915355e-04,3.3478805254279843e-04,3.3517981134223700e-04,-6.5120845313572390e-11,9.3688926897782612e-11,3.7191498176377968e-01,3.9324237894709846e-02,3.3435756283880898e-87,-7.2897706788114224e-87
2.2038390208844849e+08,7.1022431193508773e-01,-2.6006674638001326e-02,-2.8573245789868107e-01,2.6096377903229995e-04,6.0103331122521342e-01,1.0743792808550909e-02,-9.3970936506353825e-02,2.4386179406456078e-02,8.6630946781332230e-01,3.2151164548323008e-02,5.5302961498380676e-01,-2.8872046538674090e-02,-6.9659598805353706e-01,-1.5293344447693091e-02,-4.0421184711867975e-01,5.8684628695891333e-02,5.7616521883922445e-01,1.3491453673899756e-03,7.2822834667799929e-01,1.2549938734469340e-02,-3.3462814206336045e-01,7.8614602291707629e-03,6.4528883061808162e-01,-3.1213363550905811e-02,-8.0222561190989236e-02,-3.0134445962168743e-02,8.3560609271270025e-01,-1.6584843176091921e-02,4.9002817696169398e-01,4.0318121918975589e-02,-6.8447703717721009e-01,3.1829368010604694e-02,-4.5386221742987909e-01,-4.1457291739345419e-02,5.9476436086976225e-01,-1.7268809566117059e-02,3.3468678155513268e-04,3.3478795039781559e-04,3.3515976072682677e-04,1.9572105881466295e-11,-6.2338105384488696e-11,2.2144425710142105e-04,3.6008277385994980e-01,2.0027712050660553e-89,7.5220308537140356e-89
2.2944567109297279e+08,7.1038391957114000e-01,-2.6020346132271110e-02,-2.8533006623619372e-01,1.9447701884176827e-03,6.0101276701213269e-01,1.1185803081406903e-02,-9.4586101178615031e-02,2.3356176848938065e-02,8.6611836266348008e-01,3.2708503841483771e-02,5.5310794781481709e-01,-2.9550571321329065e-02,-6.9638816756556343e-01,-1.5136279047621715e-02,-4.0483979375760915e-01,5.8794967424467159e-02,5.7606817121193599e-01,1.5348006528062286e-03,7.2838622974370559e-01,1.2293287068037125e-02,-3.3424965203275042e-01,6.7387541118102655e-03,6.4534181299668480e-01,-3.1936789836346520e-02,-8.0872231956018434e-02,-2.9061481025121551e-02,8.3550442350550913e-01,-1.7077433607589995e-02,4.9026724070194544e-01,4.1572035209581720e-02,-6.8409101686390050e-01,3.1546918948476561e-02,-4.5437787464810658e-01,-4.1193520986890969e-02,5.9469245922208125e-01,-1.7629303974086814e-02,3.3468446869360321e-04,3.3478794890663064e-04,3.3514006125741412e-04,1.3770671445022844e-11,3.4229044863068566e-11,-2.9249033982456224e-01,1.8486232819828941e-01,-6.3918654987248177e-91,-2.1688003212891283e-91
2.3888004289068297e+08,7.1053300564515864e-01,-2.6037548880979644e-02,-2.8500059183148890e-01,3.6452675806314394e-03,6.0097971032739472e-01,1.1636031347632289e-02,-9.5149953391565817e-02,2.2317014864573128e-02,8.6590660796602215e-01,3.3277038333775766e-02,5.5320744385548248e-01,-3.0240622382992854e-02,-6.9619595671287071e-01,-1.4984025190029560e-02,-4.0544861338615146e-01,5.8916734326707715e-02,5.7596185245056930e-01,1.7215957013687055e-03,7.2852849946950504e-01,1.2045690759789684e-02,-3.3393025861659809e-01,5.6046025244789952e-03,6.4537881900260530e-01,-3.2677075248528996e-02,-8.1465695102022118e-02,-2.7983252919633397e-02,8.3539942047125804e-01,-1.7574209412227045e-02,4.9054950393775743e-01,4.2844766847923474e-02,-6.8373214173956820e-01,3.1260701489909545e-02,-4.5487398381781874e-01,-4.0936390666253888e-02,5.9460822159717586e-01,-1.7995955583950354e-02,3.3468207229538934e-04,3.3478780868128341e-04,3.3512057122608976e-04,-9.6781112404311797e-13,-2.0515454889750386e-11,-5.7035804277061716e-02,-3.2694836975090374e-01,4.7022642085970131e-93,2.2573805161061836e-93
2.4870233820332998e+08,7.1067267137507051e-01,-2.6059512576841748e-02,-2.8474276052727632e-01,5.3630901510977186e-03,6.0093348278973524e-01,1.2095498407036318e-02,-9.5665405400047171e-02,2.1269284504815179e-02,8.6567233896154394e-01,3.3857882850712673e-02,5.5332928499130751e-01,-3.0943539965857261e-02,-6.9601784988575988e-01,-1.4837666648776615e-02,-4.0604259883932603e-01,5.9052949501788521e-02,5.7584564004689576e-01,1.9096399805165615e-03,7.2865693238021711e-01,1.1807556663705237e-02,-3.3366864247272693e-01,4.4596581996817868e-03,6.4539906987545537e-01,-3.3436260596936017e-02,-8.2006458870113694e-02,-2.6900663316503162e-02,8.3529055868796209e-01,-1.8077458453525874e-02,4.9087753004130924e-01,4.4138555921311891e-02,-6.8339866071086530e-01,3.0972470583200594e-02,-4.5535413424472465e-01,-4.0687064246847926e-02,5.9451086022168464e-01,-1.8369419964189702e-02,3.3467963555597693e-04,3.3478758163654363e-04,3.3510131366553070e-04,-7.0967829681787125e-12,-8.7517499021010397e-12,-2.1575941498672183e-01,2.3321451703788187e-01,3.4138552781684512e-95,-1.0947910138010312e-95
2.5892850771175063e+08,7.1080772634270084e-01,-2.6093398060681894e-02,-2.8453327203234263e-01,7.1690204971737032e-03,6.0087543512035047e-01,1.2588310866383942e-02,-9.6162431189062939e-02,2.0177789994294912e-02,8.6540847231036921e-01,3.4484048615985641e-02,5.5347343279541961e-01,-3.1695688044793391e-02,-6.9584561043897930e-01,-1.4698326460057753e-02,-4.0664535802322710e-01,5.9228384194778605e-02,5.7571550425372775e-01,2.1086984987236518e-03,7.2877942438642707e-01,1.1574922757851745e-02,-3.3344692976693130e-01,3.2601375735726093e-03,6.4541007546609419e-01,-3.4253561621801487e-02,-8.2525924391856756e-02,-2.5779326187148142e-02,8.3517948901369465e-01,-1.8614674495354248e-02,4.9125683040635232e-01,4.5521155900981866e-02,-6.8307565037567064e-01,3.0679220178569791e-02,-4.5584206027089669e-01,-4.0448041159893047e-02,5.9439936772366886e-01,-1.8768503059902162e-02,3.3467791244187289e-04,3.3478816944429636e-04,3.3508278048220908e-04,6.0851442484420191e-12,2.3941540720814927e-13,-2.9483411842130081e-01,7.0597526739818908e-02,-9.5436827733965510e-98,1.9716619181655013e-97
2.6957515795859307e+08,7.1093056146694122e-01,-2.6127126161909014e-02,-2.8442426373445817e-01,8.9072538845005600e-03,6.0079955762106318e-01,1.3063943042118886e-02,-9.6580648338065012e-02,1.9122303968097588e-02,8.6512345562331716e-01,3.5085104540998557e-02,5.5364517686878223e-01,-3.2420057833981497e-02,-6.9569348803192554e-01,-1.4566970115424877e-02,-4.0721733449441855e-01,5.9396830591600697e-02,5.7557788917929120e-01,2.2970464547185931e-03,7.2888314134694254e-01,1.1358157735136241e-02,-3.3330402081167287e-01,2.1056449312812295e-03,6.4539131906155067e-01,-3.5048386059468833e-02,-8.2962196798501101e-02,-2.4698274642873452e-02,8.3506015477685869e-01,-1.9131708108484836e-02,4.9168615995951753e-01,4.6847991959237549e-02,-6.8279197594370955e-01,3.0392805201043902e-02,-4.5629532105625947e-01,-4.0216950415785352e-02,5.9427263805805730e-01,-1.9153231239733195e-02,3.3467531089628993e-04,3.3478767339131419e-04,3.3506390817068874e-04,3.2235231022937292e-12,3.4958547851349978e-13,9.5560726244536556e-02,2.7276272822391923e-01,-6.6386949902246752e-100,9.8042328461938247e-100
2.8065957831611317e+08,7.1104891908982493e-01,-2.6172241839253235e-02,-2.8437584483520206e-01,1.0701562417066240e-02,6.0070860402437953e-01,1.3563887597842619e-02,-9.6970602277819937e-02,1.8040339781211692e-02,8.6480606815948446e-01,3.5718016417007614e-02,5.5384372808558180e-01,-3.3179305981990204e-02,-6.9554802039252439e-01,-1.4444659248128627e-02,-4.0779712768270054e-01,5.9599042505775246e-02,5.7542614136162351e-01,2.4916574414482057e-03,7.2898067722171112e-01,1.1149888450794142e-02,-3.3320947773737797e-01,9.1876006012257816e-04,6.4535635766941957e-01,-3.5887986831813157e-02,-8.3367910363301073e-02,-2.3596167206336765e-02,8.3493561228555890e-01,-1.9674985750983608e-02,4.9217357937395267e-01,4.8235976790702052e-02,-6.8252256499505271e-01,3.0106460218546689e-02,-4.5675307159120476e-01,-3.9996986942436030e-02,5.9412938061370901e-01,-1.9556012026026026e-02,3.3467313796294186e-04,3.3478765365851264e-04,3.3504555939548508e-04,-5.2478207523537044e-13,-1.6169737544782242e-12,-2.3659053914286252e-01,-1.3956955868684209e-01,5.2069499404519649e-102,2.2377087939544409e-102
2.9219976906283617e+08,7.1116191978417143e-01,-2.6226776192168871e-02,-2.8440037791619549e-01,1.2516562084906036e-02,6.0060028324974235e-01,1.4077168933600670e-02,-9.7319885203931200e-02,1.6950153849965000e-02,8.6445621299243558e-01,3.6366931431468297e-02,5.5407182039531810e-01,-3.3956404348616007e-02,-6.9541138781724465e-01,-1.4332270647311185e-02,-4.0837915084669851e-01,5.9825847135375448e-02,5.7526106390120468e-01,2.6873559366340366e-03,7.2907020995097860e-01,1.0952687656477347e-02,-3.3317213839898852e-01,-2.7715825910174310e-04,6.4529920031163235e-01,-3.6755399613286631e-02,-8.3730725042098941e-02,-2.2491275495746414e-02,8.3480350769241707e-01,-2.0233665751886967e-02,4.9272195908283306e-01,4.9652763209242480e-02,-6.8227282720682780e-01,2.9823891547665422e-02,-4.5720816511217610e-01,-3.9787781761709717e-02,5.9396835337822229e-01,-1.9967924198340870e-02,3.3467104595479160e-04,3.3478769694655675e-04,3.3502749579289741e-04,6.7468237858884119e-13,5.6114174399462753e-13,-1.0256819656178356e-01,-2.3932759610378965e-01,-2.3435168037132345e-104,-5.0386093458859854e-105
3.0421447061467671e+08,7.1126906156644165e-01,-2.6287573839959749e-02,-2.8450668839198578e-01,1.4310433081003604e-02,6.0047318284861406e-01,1.4590125111005811e-02,-9.7617282187782067e-02,1.5872810756856946e-02,8.6407617965365247e-01,3.7012200493559300e-02,5.5433049675413326e-01,-3.4730339929736710e-02,-6.9528535058332719e-01,-1.4229788514580760e-02,-4.0895708244110351e-01,6.0064242743027768e-02,5.7508460745457246e-01,2.8780296039585679e-03,7.2915025679801093e-01,1.0768407850574126e-02,-3.3319776438833809e-01,-1.4549042442634323e-03,6.4521431937031004e-01,-3.7628996370349568e-02,-8.4039680781449869e-02,-2.1404187883391806e-02,8.3466136013291081e-01,-2.0794056561100206e-02,4.9333013910248924e-01,5.1058736074734754e-02,-6.8204737470439514e-01,2.9548733112188724e-02,-4.5765256819332290e-01,-3.9587560668298806e-02,5.9378934132441374e-01,-2.0377929864364548e-02,3.3466864991108441e-04,3.3478734462780006e-04,3.3500945694539292e-04,-5.2390574934400847e-14,4.4284507691672527e-13,-2.4398730381599065e-01,-3.3741965807881642e-02,9.9817980631955100e-108,-8.8843639238682445e-107
3.1672319395798820e+08,7.1137766024259941e-01,-2.6372580287260750e-02,-2.8466776573069985e-01,1.6252251018485570e-02,6.0032565235459112e-01,1.5161445964286535e-02,-9.7913507877235753e-02,1.4723400011963896e-02,8.6364134307043972e-01,3.7734178482913050e-02,5.5462764993180502e-01,-3.5589019200231317e-02,-6.9515644684946343e-01,-1.4141866483886739e-02,-4.0957873312535920e-01,6.0375087377627840e-02,5.7488373341631238e-01,3.0864831308806129e-03,7.2923328922518993e-01,1.0591491541183228e-02,-3.3326709792089876e-01,-2.7197179985743430e-03,6.4511348571642291e-01,-3.8605742019422851e-02,-8.4346986652740083e-02,-2.0253332313752447e-02,8.3451190945096587e-01,-2.1420965117033355e-02,4.9402763443241632e-01,5.2616821790028266e-02,-6.8182135664669496e-01,2.9272599969805399e-02,-4.5813452585520242e-01,-3.9404350149789172e-02,5.9358547897601843e-01,-2.0831588028794194e-02,3.3466760741842792e-04,3.3478857675002803e-04,3.3499253506320229e-04,2.1001820836643772e-13,7.4905245084237708e-14,2.2320147871843077e-01,-6.2274124928513072e-02,-1.3299117518187006e-109,-2.6326750726590653e-109
3.2974625233396053e+08,7.1147661165789744e-01,-2.6446991717255147e-02,-2.8493689687866208e-01,1.7994438719863615e-02,6.0015825754034491e-01,1.5671613066275042e-02,-9.8111992160405156e-02,1.3675738475953651e-02,8.6319613496249548e-01,3.8366658099641460e-02,5.5495156025629344e-01,-3.6352228495881996e-02,-6.9504741389138447e-01,-1.4060274081876517e-02,-4.1015968689248983e-01,6.0635207203776881e-02,5.7468346996664388e-01,3.2645136887920617e-03,7.2929843140042983e-01,1.0432913097807153e-02,-3.3341603484380428e-01,-3.8528074528009874e-03,6.4496790460417741e-01,-3.9490046006034049e-02,-8.4554752181425497e-02,-1.9205853925252214e-02,8.3434527586238838e-01,-2.1985805382010191e-02,4.9476288821514697e-01,5.3991550759591389e-02,-6.8163972401324102e-01,2.9015509956439672e-02,-4.5856486014265518e-01,-3.9220054924264135e-02,5.9336778440902382e-01,-2.1235006119274986e-02,3.3466459757276702e-04,3.3478742859748321e-04,3.3497452598237260e-04,-1.0390052887983140e-13,-3.5391759929006721e-14,1.7162617863628504e-01,1.3484063677794092e-01,-1.9644972285808359e-112,8.3028025862227486e-112
3.4330479422582114e+08,7.1157771583661789e-01,-2.6542716925051307e-02,-2.8527112058132642e-01,1.9839095164123827e-02,5.9996759032807989e-01,1.6225594130455503e-02,-9.8298614837616427e-02,1.2578012460342937e-02,8.6269607059885867e-01,3.9053819669830292e-02,5.5531707860381796e-01,-3.7177150673302142e-02,-6.9493596497056753e-01,-1.3993534827122123e-02,-4.1078191401571928e-01,6.0953311029104673e-02,5.7446018071477778e-01,3.4529846381717716e-03,7.2936621879072983e-01,1.0283543359205633e-02,-3.3361477916249133e-01,-5.0427557555138593e-03,6.4479815851834199e-01,-4.0455245394184811e-02,-8.4750951502783861e-02,-1.8116148711017049e-02,8.3416677102369918e-01,-2.2603426492263060e-02,4.9559019178400221e-01,5.5474367660083901e-02,-6.8146084398427054e-01,2.8761853144344804e-02,-4.5902689052363976e-01,-3.9049696575710044e-02,5.9312365067407946e-01,-2.1669698389346220e-02,3.3466254557916610e-04,3.3478739440806802e-04,3.3495736156388705e-04,-5.3023367500682466e-14,3.7928859207620719e-15,-1.0183672345945263e-01,-1.7740398808500724e-01,-1.5912500352912455e-114,1.4889157992721957e-114
3.5742083770240682e+08,7.1167943486717666e-01,-2.6652744151384494e-02,-2.8568486144734001e-01,2.1708230881088336e-02,5.9975219364453303e-01,1.6797039706971065e-02,-9.8451983156300202e-02,1.1468658321626555e-02,8.6214807053243425e-01,3.9757937623813300e-02,5.5572406449450329e-01,-3.8023509060130148e-02,-6.9482613305686591e-01,-1.3940406252067439e-02,-4.1143037036717722e-01,6.1302315327047968e-02,5.7421850347887571e-01,3.6404448350096791e-03,7.2943293523968966e-01,1.0146053810552239e-02,-3.3387272156467929e-01,-6.2396697247461760e-03,6.4459532729151803e-01,-4.1459121787341055e-02,-8.4914300124182759e-02,-1.7021363720253483e-02,8.3397243758816775e-01,-2.3246465486160120e-02,4.9650302504439048e-01,5.6989599987584433e-02,-6.8129384604035104e-01,2.8516852513279005e-02,-4.5950310963194840e-01,-3.8888596578544349e-02,5.9285393773446227e-01,-2.2114464671065769e-02,3.3466072352687760e-04,3.3478760564271634e-04,3.3494055571804470e-04,-3.7018184519920601e-15,-2.5059594943773017e-14,-1.9070605427210754e-01,-1.0713937337339047e-02,1.7581355215624488e-117,-4.5810632338722723e-117
3.7211730617387849e+08,7.1178160967863668e-01,-2.6772317904127929e-02,-2.8618205835982313e-01,2.3554366539116550e-02,5.9951196123594230e-01,1.7369444967208353e-02,-9.8562416949605769e-02,1.0370442007156071e-02,8.6155779305428382e-01,4.0455106698511656e-02,5.5617102158924669e-01,-3.8866036142494897e-02,-6.9471929159121038e-01,-1.3899385093035399e-02,-4.1209723469798132e-01,6.1663960411222268e-02,5.7396197293798712e-01,3.8197272994786452e-03,7.2949724200170263e-01,1.0021066085680923e-02,-3.3419145602069578e-01,-7.4132954580111970e-03,6.4435470034596876e-01,-4.2475014619314327e-02,-8.5035466992812225e-02,-1.5943101623847943e-02,8.3375963415978549e-01,-2.3897862284358223e-02,4.9749442660384835e-01,5.8489818442038398e-02,-6.8114233699735105e-01,2.8283263792538753e-02,-4.5998391410319567e-01,-3.8732544248099049e-02,5.9255991586699663e-01,-2.2555846796083880e-02,3.3465871198252968e-04,3.3478756216459365e-04,3.3492382654437016e-04,1.0775177659920932e-14,4.9991926663606322e-15,-1.6456209138583977e-01,6.7470048830339288e-02,-6.5693419013869262e-120,7.1823641814197047e-120
3.8741806561764312e+08,7.1188592011759144e-01,-2.6903130083440446e-02,-2.8676210095325516e-01,2.5388042954679363e-02,5.9924539155983614e-01,1.7946769194035941e-02,-9.8634239765694173e-02,9.2770321405631455e-03,8.6092108797633871e-01,4.1149510515018140e-02,5.5666051079393775e-01,-3.9709984898411835e-02,-6.9461318386169513e-01,-1.3871069031246491e-02,-4.1278975471710994e-01,6.2041608573655371e-02,5.7368905795089442e-01,3.9914632918157944e-03,7.2956113980135207e-01,9.9080843392946594e-03,-3.3456987251550141e-01,-8.5695251092934559e-03,6.4407458699165010e-01,-4.3510280954027980e-02,-8.5119353082121180e-02,-1.4875316209353256e-02,8.3352656813320136e-01,-2.4562796629738849e-02,4.9857035542641842e-01,5.9984043175340958e-02,-6.8100320895815358e-01,2.8060987604596081e-02,-4.6047500223341148e-01,-3.8580755773065058e-02,5.9223975328706191e-01,-2.2996207922308949e-02,3.3465664038283537e-04,3.3478741918036980e-04,3.3490725627631431e-04,3.8472200382455939e-16,5.4677786207659099e-15,7.4887324613866116e-02,1.4712253809071252e-01,3.8168700237450106e-123,-1.6600154526585608e-122
4.0334796333493531e+08,7.1199433010176905e-01,-2.7048364965560068e-02,-2.8742681673514348e-01,2.7228998822911757e-02,5.9894981200927766e-01,1.8536575299615901e-02,-9.8672422379566888e-02,8.1773854207233838e-03,8.6023052649030796e-01,4.1849955123236249e-02,5.5719724773506041e-01,-4.0565742115907036e-02,-6.9450509689738349e-01,-1.3856899675198903e-02,-4.1351823236934432e-01,6.2442779351403216e-02,5.7339679328872717e-01,4.1573067576027023e-03,7.2962705075689083e-01,9.8069397550767205e-03,-3.3500882800765819e-01,-9.7196825035137501e-03,6.4375245297683381e-01,-4.4578678029032495e-02,-8.5171548161558183e-02,-1.3807719422041223e-02,8.3327098950789291e-01,-2.5250561644523425e-02,4.9974193078056794e-01,6.1490493008821631e-02,-6.8087287010589770e-01,2.7849815633857789e-02,-4.6098476655360038e-01,-3.8433214699074882e-02,5.9189021937837716e-01,-2.3440504131595541e-02,3.3465472099149387e-04,3.3478743083355581e-04,3.3489098222655586e-04,2.0111198159712742e-15,-1.4668860547408897e-15,-1.1154468717975863e-01,1.0419576291062788e-01,-2.8169426607127430e-126,-2.6203749155020804e-125
4.1993286830099589e+08,7.1210927746921326e-01,-2.7213192351803889e-02,-2.8818237589394330e-01,2.9107541439545775e-02,5.9862061485597606e-01,1.9150760231114866e-02,-9.8682151571431717e-02,7.0549305355880627e-03,8.5947380892837044e-01,4.2570569957604831e-02,5.5778936799215495e-01,-4.1449720409961699e-02,-6.9439167110876898e-01,-1.3859549611764721e-02,-4.1429733278063363e-01,6.2880105327230984e-02,5.7308017564171942e-01,4.3199272364420477e-03,7.2969799761911047e-01,9.7180383689524780e-03,-3.3551253318858837e-01,-1.0881111662816949e-02,6.4338394888916051e-01,-4.5701926066741831e-02,-8.5197972512063694e-02,-1.2725147744231530e-02,8.3298965342420173e-01,-2.5975617636792285e-02,5.0102813981859440e-01,6.3037989450879461e-02,-6.8074723816017191e-01,2.7649637321497136e-02,-4.6152519636571399e-01,-3.8290772245298851e-02,5.9150589318702118e-01,-2.3896704070380751e-02,3.3465326367189538e-04,3.3478796795272635e-04,3.3487520692765496e-04,-6.3878958453532252e-16,-9.1100948842895893e-16,-8.2691787707207184e-02,-1.1350678432076784e-01,1.5244700472274266e-128,-3.2807414381538949e-128
4.3719971317437381e+08,7.1222827003682543e-01,-2.7381160122118137e-02,-2.8901887207399279e-01,3.0900906958071586e-02,5.9826541785520293e-01,1.9743610593980707e-02,-9.8644227466918283e-02,5.9692791694783490e-03,8.5868083134810180e-01,4.3248488868630308e-02,5.5842007745300015e-01,-4.2294223833783923e-02,-6.9427836167228296e-01,-1.3870978264725747e-02,-4.1509409589722474e-01,6.3300198826102910e-02,5.7275385626646469e-01,4.4626784367387956e-03,7.2976862959844935e-01,9.6398615811344179e-03,-3.3607093252581877e-01,-1.1978785798056951e-02,6.4296790311010155e-01,-4.6802266477092985e-02,-8.5179337000482372e-02,-1.1682534567944190e-02,8.3268192765696070e-01,-2.6687241836411815e-02,5.0238437675693470e-01,6.4502027093393713e-02,-6.8063526627403126e-01,2.7463754516527047e-02,-4.6206356323565689e-01,-3.8141594982362546e-02,5.9109806872987625e-01,-2.4329156538752103e-02,3.3465117345140075e-04,3.3478772258464074e-04,3.3485920439320902e-04,3.2103080327513982e-16,3.6990484483968766e-16,-8.5410154683920200e-02,-9.6645754390888058e-02,-2.3357544339513110e-131,-3.7283946889479150e-131
4.5517653803357083e+08,7.1235482290063545e-01,-2.7561808560004841e-02,-2.8994180202811404e-01,3.2675912115090605e-02,5.9787813090124908e-01,2.0340197817914518e-02,-9.8571311062778361e-02,4.8854708931074346e-03,8.5783210971065971e-01,4.3915812404839660e-02,5.5910094701331092e-01,-4.3135091598318506e-02,-6.9415970414280570e-01,-1.3895573143856157e-02,-4.1593271556607048e-01,6.3729783430928000e-02,5.7240930805236478e-01,4.5930294353231926e-03,7.2984390561433621e-01,9.5725292747332914e-03,-3.3668823230256156e-01,-1.3052703023977933e-02,6.4250100260305354e-01,-4.7923440839206771e-02,-8.5129151195685662e-02,-1.0647429629438309e-02,8.3234480804119815e-01,-2.7414048381622591e-02,5.0383955590239649e-01,6.5947226737695458e-02,-6.8052920610114731e-01,2.7290462146993412e-02,-4.6262135146674832e-01,-3.7989008676510803e-02,5.9065888652874921e-01,-2.4755771331445423e-02,3.3464910172198767e-04,3.3478747329440933e-04,3.3484340382271440e-04,8.5161435310296367e-17,-1.9454345444385328e-16,3.0451948056475112e-02,-1.1402175748212615e-01,-3.0751545392833240e-135,-4.7579007407197662e-134
4.7389253591205418e+08,7.1249031137654051e-01,-2.7755276931466594e-02,-2.9095215074941899e-01,3.4429499581511966e-02,5.9745729315501117e-01,2.0939617499723229e-02,-9.8463648737376522e-02,3.8031857196657842e-03,8.5692570611104701e-01,4.4569520510722771e-02,5.5983365283843267e-01,-4.3970023453323515e-02,-6.9403422810705895e-01,-1.3933293528852267e-02,-4.1681657631099123e-01,6.4166107040752943e-02,5.7204637506056344e-01,4.7093780919565675e-03,7.2992499216787887e-01,9.5156941225173798e-03,-3.3736421357654961e-01,-1.4100339511997625e-02,6.4198002367729701e-01,-4.9064760812496423e-02,-8.5048189669663696e-02,-9.6194579765175817e-03,8.3197582092601363e-01,-2.8155561376263301e-02,5.0539660806844300e-01,6.7368343856421944e-02,-6.8042763037702547e-01,2.7129977881615752e-02,-4.6320010199103084e-01,-3.7830633764483333e-02,5.9018722950130287e-01,-2.5174596384650118e-02,3.3464705864671659e-04,3.3478723243452900e-04,3.3482781119488107e-04,5.9619249685176664e-17,6.8402127608640530e-17,-9.9087118229060564e-02,-4.1896814388011829e-02,-4.6223879964927631e-137,-9.0674383443118488e-139
4.9337810020558321e+08,7.1263839648907390e-01,-2.7970224439215208e-02,-2.9206381870898457e-01,3.6209468312839735e-02,5.9699452425932631e-01,2.1561091509515629e-02,-9.8326595203109199e-02,2.6959905524824058e-03,8.5594050475999228e-01,4.5232194686446181e-02,5.6063254932756523e-01,-4.4825194342555774e-02,-6.9389704129307894e-01,-1.3988952416735312e-02,-4.1776847731590100e-01,6.4629717946446688e-02,5.7165663940593003e-01,4.8156564500229648e-03,7.3001626639734207e-01,9.4706801900894082e-03,-3.3810878388527382e-01,-1.5148873936104893e-02,6.4139643428737159e-01,-5.0261531712915600e-02,-8.4942886413739621e-02,-8.5747323213587971e-03,8.3156931566309911e-01,-2.8934808049361660e-02,5.0708858413041757e-01,6.8811034337511179e-02,-6.8032528605396103e-01,2.6982361134651908e-02,-4.6381813798312771e-01,-3.7668152431593771e-02,5.8967373949870061e-01,-2.5598088699153011e-02,3.3464553030172181e-04,3.3478758125252107e-04,3.3481274772692094e-04,-3.5574088125993368e-17,1.3964839479991800e-17,-2.1939769436542512e-02,9.5014015475179806e-02,-1.4861853589246077e-140,3.7566883008616104e-140
5.1366487402883691e+08,7.1279723627790903e-01,-2.8193520130031180e-02,-2.9325976211974558e-01,3.7930215829427100e-02,5.9649825140542145e-01,2.2171388743474796e-02,-9.8150584503825425e-02,1.6050974301276208e-03,8.5490367112037147e-01,4.5858727861838644e-02,5.6148041103455504e-01,-4.5652044817932183e-02,-6.9375180529812663e-01,-1.4055050574071651e-02,-4.1876162635742820e-01,6.5079959456738598e-02,5.7125291108678111e-01,4.9006116707598357e-03,7.3011399131774335e-01,9.4347010901159219e-03,-3.3890721843772226e-01,-1.6147134280755898e-02,6.4075329691294602e-01,-5.1455726091943516e-02,-8.4803490071890947e-02,-7.5504113236655960e-03,8.3112671345938482e-01,-2.9713657133196507e-02,5.0887282807616718e-01,7.0186683737736469e-02,-6.8022702127071777e-01,2.6848337105811339e-02,-4.6445024894104447e-01,-3.7491965066255434e-02,5.8912974610098501e-01,-2.6000385674054580e-02,3.3464376955865733e-04,3.3478762658766383e-04,3.3479772013936222e-04,1.2795761479648267e-17,9.4062081174609381e-18,-4.7333675897572397e-02,7.4333167778358480e-02,-3.1747289075977299e-143,-3.0157965942626045e-144
5.3478580160148370e+08,7.1296820758466228e-01,-2.8425413284088000e-02,-2.9453859631287710e-01,3.9592890618663945e-02,5.9596761478145011e-01,2.2770834159716202e-02,-9.7937090269010707e-02,5.2800889166147898e-04,8.5381420367939209e-01,4.6448002622712425e-02,5.6237776695443265e-01,-4.6450233315931982e-02,-6.9359691739864526e-01,-1.4131333429287324e-02,-4.1979888106211805e-01,6.5514932657967942e-02,5.7083542265975618e-01,4.9633195019889442e-03,7.3021941322365569e-01,9.4070518466827686e-03,-3.3975761896095746e-01,-1.7095597144582857e-02,6.4004844799125693e-01,-5.2648129011708795e-02,-8.4631944940082277e-02,-6.5439161866763657e-03,8.3064621483435697e-01,-3.0492292610414889e-02,5.1075014464526114e-01,7.1493879286479392e-02,-6.8013093181610196e-01,2.6727539575765374e-02,-4.6509795463030362e-01,-3.7299883819695179e-02,5.8855494449090096e-01,-2.6380332761416037e-02,3.3464182913948065e-04,3.3478743118857374e-04,3.3478276433075732e-04,-4.1849670688322952e-18,4.9942349071888835e-18,7.7819674853926699e-02,-1.5728346728233793e-02,-1.5188584399504692e-146,1.7124904338390511e-146
5.5677518174716723e+08,7.1315447772649276e-01,-2.8671769173051226e-02,-2.9591059228085503e-01,4.1227526176529923e-02,5.9539608769426478e-01,2.3371751623661868e-02,-9.7688857974631310e-02,-5.5316058041606896e-04,8.5265711712669423e-01,4.7013376417883834e-02,5.6333496678502082e-01,-4.7235851756566735e-02,-6.9342841298400826e-01,-1.4221028746359200e-02,-4.2089646562752275e-01,6.5946650670085427e-02,5.7039871587614044e-01,5.0054387826487245e-03,7.3033595998265222e-01,9.3885135126538510e-03,-3.4066684448154799e-01,-1.8011023138596236e-02,6.3927408501855632e-01,-5.3861679334683901e-02,-8.4431986171049189e-02,-5.5390799113519337e-03,8.3012276065778845e-01,-3.1285324171192071e-02,5.1274377907931401e-01,7.2759973143466647e-02,-6.8003308330533674e-01,2.6620075103131829e-02,-4.6577357719304402e-01,-3.7091822458982709e-02,5.8794277146018836e-01,-2.6744846946329084e-02,3.3464004192807845e-04,3.3478739286231719e-04,3.3476810259581931e-04,-1.7735071215792345e-18,1.9574416040754475e-18,-2.6164370676519163e-02,6.6235893226951115e-02,1.4963575322212816e-149,1.8190488208088169e-150
5.7966872359225166e+08,7.1335749225765432e-01,-2.8931801616716688e-02,-2.9737521995617039e-01,4.2825173796168924e-02,5.9478267213015357e-01,2.3970905121571878e-02,-9.7404741520391760e-02,-1.6363832217120159e-03,8.5143281127106218e-01,4.7548342094007878e-02,5.6435202934970008e-01,-4.8003028213370172e-02,-6.9324491763272411e-01,-1.4323472022404977e-02,-4.2205505983779007e-01,6.6368912646161793e-02,5.6994405054804631e-01,5.0243544336172896e-03,7.3046459341566683e-01,9.3784311053553490e-03,-3.4163329877307758e-01,-1.8887506040220919e-02,6.3842666190676056e-01,-5.5091294774969109e-02,-8.4203035185661398e-02,-4.5375978840805778e-03,8.2955391622859753e-01,-3.2088967477815679e-02,5.1485255477328540e-01,7.3973041977457271e-02,-6.7993241212240763e-01,2.6526026465545888e-02,-4.6647608041320376e-01,-3.6864434940184723e-02,5.8729348158427919e-01,-2.7089562545240288e-02,3.3463837897282898e-04,3.3478747673986706e-04,3.3475371822146806e-04,2.0291193648718220e-19,1.0393089593683755e-18,-6.1989349091881918e-02,1.4274382692919738e-02,-8.0884934538057362e-153,-4.3442237155482888e-153
6.0350360455480158e+08,7.1357915242537162e-01,-2.9205887531412726e-02,-2.9893408247771525e-01,4.4383211462436921e-02,5.9412518879328113e-01,2.4567631343257845e-02,-9.7083862282471817e-02,-2.7230823651555039e-03,8.5013890958304217e-01,4.8049470376152176e-02,5.6543086025219347e-01,-4.8749410656363332e-02,-6.9304447374518618e-01,-1.4438672909922208e-02,-4.2327801772806839e-01,6.6778345226666383e-02,5.6947163970954617e-01,5.0180009139783599e-03,7.3060678751448671e-01,9.3763830518258477e-03,-3.4265695683848585e-01,-1.9722786245027817e-02,6.3750141012419659e-01,-5.6336511778797886e-02,-8.3944912965311355e-02,-3.5380786363605060e-03,8.2893659748776993e-01,-3.2902356466398344e-02,5.1707960852976542e-01,7.5127329112565699e-02,-6.7982733912369464e-01,2.6445500502782847e-02,-4.6720658430647949e-01,-3.6614767413273283e-02,5.8660622052466826e-01,-2.7411734924620606e-02,3.3463687830739272e-04,3.3478772768910306e-04,3.3473964041925709e-04,3.8371654327080311e-19,-1.7141808047307912e-19,-5.3101280823371774e-02,1.9509392425868806e-02,4.8200530091465596e-156,2.0062339657384286e-156
6.2831853071795905e+08,7.1381716892216585e-01,-2.9483313048551736e-02,-3.0056163059185531e-01,4.5847912890325249e-02,5.9343431092028653e-01,2.5139216181674862e-02,-9.6724631411488321e-02,-3.7860957429825606e-03,8.4880312904209576e-01,4.8488264722805235e-02,5.6655143505371475e-01,-4.9443481864344080e-02,-6.9283029350554648e-01,-1.4559504180448882e-02,-4.2453992214970626e-01,6.7146600161187883e-02,5.6899362287307842e-01,4.9808735992246111e-03,7.3075929541883256e-01,9.3787420153057487e-03,-3.4371801876089020e-01,-2.0486894568120011e-02,6.3650801947207780e-01,-5.7554689764544323e-02,-8.3655403398487205e-02,-2.5641122020496451e-03,8.2827650034947664e-01,-3.3697037673091922e-02,5.1937906056426442e-01,7.6167217937091428e-02,-6.7972024300584077e-01,2.6377033504555236e-02,-4.6794418473888016e-01,-3.6337341045154591e-02,5.8589434416929620e-01,-2.7694598182189393e-02,3.3463505389756681e-04,3.3478756363721960e-04,3.3472554875113027e-04,-1.6525614453829769e-19,5.5985132548525094e-21,2.0070396665629112e-03,5.0168759151951181e-02,-2.6275702363125631e-159,9.4365508366252824e-160
